timestamps,acc_x,acc_y,acc_z,aAcc,aStages,aJerk,aVelocity,avStages,aHeight
0.047,0.1796211,-0.36375480000000004,9.839037600000001,0.007217232523750283,0,0.0,0.0,0,0.0
0.063,0.1796211,-0.36375480000000004,9.839037600000001,0.007217232523750283,0,0.0,0.0,0,0.0
0.078,0.173637,-0.36375480000000004,9.848062800000001,0.0074345571084695194,0,0.014488305647949081,0.0,0,0.0
0.094,0.17069399999999998,-0.39220380000000005,9.848062800000001,0.007671935438837707,0,0.014836145648011723,0.0,0,0.0
0.11,0.17069399999999998,-0.42065280000000005,9.7701714,0.006034372686720246,0,-0.1023476720073413,0.0,0,0.0
0.125,0.1571562,-0.42065280000000005,9.843550200000001,0.0062190699340174405,0,0.012313149819812946,4.776736766010721e-05,0,3.582552574508041e-07
0.141,0.1317483,-0.3907323,9.843550200000001,0.006360129121503633,0,0.008816199217887018,0.0,0,7.403941987316614e-07
0.157,0.1317483,-0.42957990000000007,9.8405091,0.006463094073556164,0,0.006435309503283187,0.0,0,7.403941987316614e-07
0.172,0.1437165,-0.41466870000000006,9.8240283,0.006150473198985651,0,-0.020841391638034206,0.0,0,7.403941987316614e-07
0.188,0.1930608,-0.41466870000000006,9.8240283,0.005866084698165963,0,-0.01777428130123047,0.0,0,7.403941987316614e-07
0.203,0.1571562,-0.39818790000000004,9.8240283,0.005556426046066321,0,-0.020643910139976147,2.7389793967773097e-05,0,9.458176534899598e-07
0.219,0.1571562,-0.33226469999999997,9.836094600000001,0.00548868776071032,0,-0.004233642834750032,0.0,0,1.1649360052321443e-06
0.235,0.17667810000000003,-0.33226469999999997,9.771642900000002,0.0038598400740212924,0,-0.10180298041806432,0.0,0,1.1649360052321443e-06
0.25,0.11978010000000001,-0.3202965,9.771642900000002,0.0022399429540129745,0,-0.10799314133388777,0.0,0,1.1649360052321443e-06
0.266,0.11978010000000001,-0.35178660000000006,9.7627158,0.00046837405180788494,0,-0.110723056387818,0.0,0,1.1649360052321443e-06
0.282,0.1406754,-0.35178660000000006,9.842078700000002,0.0006810436240023421,0,0.013291848262153606,0.0,0,1.1649360052321443e-06
0.297,0.1272357,-0.36375480000000004,9.842078700000002,0.0008946711781430139,0,0.014241836942711441,0.0,0,1.1649360052321443e-06
0.313,0.17069399999999998,-0.3367773,9.8105886,0.00032823509134338735,0,-0.035402255424976624,0.0,0,1.1649360052321443e-06
0.328,0.17069399999999998,-0.3338343,9.8240283,0.00010072176618791673,0,-0.015167555010364694,0.0,0,1.1649360052321443e-06
0.344,0.16912439999999998,-0.3338343,9.7941078,-0.0008511418550263272,0,-0.0594914763258904,0.0,0,1.1649360052321443e-06
0.36,0.1661814,-0.3307932,9.7941078,-0.0017835320007844047,0,-0.05827438410987979,0.0,0,1.1649360052321443e-06
0.375,0.1661814,-0.3307932,9.7941078,-0.002693180923476035,0,-0.06064326151277531,0.0,0,1.1649360052321443e-06
0.391,0.1661814,-0.3936753,9.8076456,-0.0031940894967430467,0,-0.031306785829188194,0.0,0,1.1649360052321443e-06
0.422,0.1526436,-0.36669779999999996,9.831582000000001,-0.003130289222577076,0,0.002058073360192597,0.0,0,1.1649360052321443e-06
0.438,0.1526436,-0.43556400000000006,9.783611100000002,-0.004168308558414324,0,-0.06487620848982795,0.0,0,1.1649360052321443e-06
0.453,0.13469129999999999,-0.43556400000000006,9.848062800000001,-0.0036171332937673384,0,0.03674501764313236,0.0,0,1.1649360052321443e-06
0.469,0.15421320000000002,-0.4520448,9.848062800000001,-0.0030543304975179097,0,0.03517517476558938,0.0,0,1.1649360052321443e-06
0.485,0.1392039,-0.3907323,9.8105886,-0.0034878165866114585,0,-0.027092880568346776,0.0,0,1.1649360052321443e-06
0.5,0.1392039,-0.35178660000000006,9.788123700000002,-0.004494163573259158,0,-0.06708979910984655,0.0,0,1.1649360052321443e-06
0.516,0.145188,-0.35178660000000006,9.8240283,-0.004598783582549615,0,-0.006538750580653557,0.0,0,1.1649360052321443e-06
0.532,0.16912439999999998,-0.3817071,9.8285409,-0.0045543350990477904,0,0.0027780302188640223,0.0,0,1.1649360052321443e-06
0.547,0.16912439999999998,-0.3817071,9.8285409,-0.004510970724899366,0,0.0028909582765616402,0.0,0,1.1649360052321443e-06
0.563,0.1721655,-0.3817071,9.8196138,-0.00468491400245874,0,-0.010871454847460948,0.0,0,1.1649360052321443e-06
0.578,0.1362609,-0.38023560000000006,9.8196138,-0.004869746791397844,0,-0.012322185929273614,-5.535335562703255e-05,0,7.497858380293998e-07
0.594,0.1362609,-0.37572300000000003,9.8495343,-0.004325138096062275,0,0.03403804345847303,0.0,0,3.0695899301313895e-07
0.61,0.15568469999999998,-0.37572300000000003,9.7986204,-0.005027536973955193,0,-0.04389992986830733,0.0,0,3.0695899301313895e-07
0.625,0.16912439999999998,-0.38621970000000005,9.7986204,-0.005697430942163351,0,-0.04465959788054378,0.0,0,3.0695899301313895e-07
0.641,0.145188,-0.32333760000000006,9.7986204,-0.006415829430059361,0,-0.044899905493500605,0.0,0,3.0695899301313895e-07
0.657,0.145188,-0.37425150000000007,9.7986204,-0.007072535411337455,0,-0.04104412382988084,0.0,0,3.0695899301313895e-07
0.672,0.16166880000000003,-0.37425150000000007,9.8524773,-0.006394481732018065,0,0.04520357862129265,-8.998672494186545e-05,0,-3.6794144405085257e-07
0.688,0.1796211,-0.33981839999999996,9.8524773,-0.005755797636835425,0,0.039917755948915244,0.0,0,-1.0878352435857718e-06
0.703,0.1796211,-0.36669779999999996,9.843550200000001,-0.005326751244652428,0,0.02860309281219976,0.0,0,-1.0878352435857718e-06
0.719,0.173637,-0.36669779999999996,9.8615025,-0.004473295921190612,0,0.05334095771636344,0.0,0,-1.0878352435857718e-06
0.735,0.17069399999999998,-0.347274,9.8615025,-0.0036590446666320275,0,0.05089070340991148,0.0,0,-1.0878352435857718e-06
0.75,0.17069399999999998,-0.3503151,9.8151012,-0.003992884047367085,0,-0.02225595871567045,0.0,0,-1.0878352435857718e-06
0.766,0.2006145,-0.3503151,9.827069400000001,-0.004013127553086804,0,-0.0012652191074824504,-3.52047366918018e-05,0,-1.3694731371201864e-06
0.782,0.1870767,-0.36375480000000004,9.827069400000001,-0.004027485679209519,0,-0.0008973828826697165,0.0,0,-1.651111030654601e-06
0.797,0.1482291,-0.3652263,9.833053500000002,-0.003910478268576156,0,0.00780049404222419,0.0,0,-1.651111030654601e-06
0.813,0.1482291,-0.4056435,9.830012400000001,-0.003831819817587956,0,0.004916153186762558,0.0,0,-1.651111030654601e-06
0.828,0.1466595,-0.4056435,9.8615025,-0.0029883383200726144,0,0.05623209983435605,0.0,0,-1.651111030654601e-06
0.844,0.19011780000000003,-0.3592422,9.8615025,-0.0021911975381296855,0,0.04982129887143301,0.0,0,-1.651111030654601e-06
0.86,0.19011780000000003,-0.3652263,9.831582000000001,-0.0021372737172811185,0,0.0033702388030354383,0.0,0,-1.651111030654601e-06
0.875,0.18266220000000002,-0.3652263,9.7895952,-0.003111291871780608,0,-0.06493454363329926,0.0,0,-1.651111030654601e-06
0.891,0.1497006,-0.37425150000000007,9.845021700000002,-0.0027161543819804734,0,0.0246960931125084,0.0,0,-1.651111030654601e-06
0.907,0.18109260000000002,-0.37425150000000007,9.8225568,-0.002865237755367289,0,-0.009317710836675977,0.0,0,-1.651111030654601e-06
0.922,0.1631403,-0.37572300000000003,9.866015100000002,-0.0019579395367017582,0,0.060486547911035346,-1.5026778526588697e-05,0,-1.7638118696040164e-06
0.938,0.1631403,-0.37572300000000003,9.866015100000002,-0.0010727705428799084,0,0.05532306211386595,0.0,0,-1.8840260978167253e-06
0.953,0.145188,-0.3936753,9.866015100000002,-0.0001989687480197233,0,0.05825345299067895,0.0,0,-1.8840260978167253e-06
0.969,0.145188,-0.39220380000000005,9.834525,-0.00011526723064569921,0,0.0052313448358765014,0.0,0,-1.8840260978167253e-06
0.985,0.17069399999999998,-0.39220380000000005,9.803133,-0.0007885587044373921,0,-0.04208071711198077,0.0,0,-1.8840260978167253e-06
1.0,0.1482291,-0.4235958000000001,9.803133,-0.0014225057108916417,0,-0.0422631337636166,0.0,0,-1.8840260978167253e-06
1.016,0.1482291,-0.3562992,9.8584614,-0.0007577871011505977,0,0.04154491310881522,0.0,0,-1.8840260978167253e-06
1.032,0.13469129999999999,-0.3562992,9.8794548,0.00039763768490175266,0,0.07221404912827183,0.0,0,-1.8840260978167253e-06
1.047,0.1915893,-0.318825,9.8794548,0.0015165737446700689,0,0.07459573731788824,0.0,0,-1.8840260978167253e-06
1.063,0.1915893,-0.37268190000000007,9.8136297,0.0010501151940243147,0,-0.02915365941535961,0.0,0,-1.8840260978167253e-06
1.078,0.1915893,-0.37268190000000007,9.8136297,0.0005950336812006185,0,-0.030338767521579497,0.0,0,-1.8840260978167253e-06
1.094,0.1721655,-0.37268190000000007,9.886910400000001,0.0019280633379192835,0,0.0833143535449165,0.0,0,-1.8840260978167253e-06
1.11,0.19610190000000002,-0.347274,9.8734707,0.0028893688030446896,0,0.06008159157033782,0.0,0,-1.8840260978167253e-06
1.125,0.16166880000000003,-0.318825,9.8734707,0.0037886345629303264,0,0.05995105065904285,0.0,0,-1.8840260978167253e-06
1.141,0.16166880000000003,-0.37866600000000006,9.8165727,0.0033309366713627497,0,-0.028606118222973518,0.0,0,-1.8840260978167253e-06
1.157,0.1332198,-0.37866600000000006,9.8240283,0.0030556812416673296,0,-0.017203464355963746,0.0,0,-1.8840260978167253e-06
1.172,0.16019730000000001,-0.37572300000000003,9.8240283,0.002794203497797909,0,-0.01743184959129481,0.0,0,-1.8840260978167253e-06
1.188,0.16019730000000001,-0.36375480000000004,9.776155500000002,0.0013614560959887,0,-0.08954671261307548,0.0,0,-1.8840260978167253e-06
1.203,0.15421320000000002,-0.36375480000000004,9.8644455,0.0021129825803338775,0,0.05010176562301141,0.0,0,-1.8840260978167253e-06
1.219,0.173637,-0.37572300000000003,9.8644455,0.0028649772964399745,0,0.046999669756631016,0.0,0,-1.8840260978167253e-06
1.235,0.173637,-0.38621970000000005,9.842078700000002,0.0030634807144629406,0,0.012406463626435372,0.0,0,-1.8840260978167253e-06
1.25,0.1646118,-0.38621970000000005,9.834525,0.0030692943721088994,0,0.0003875771763972605,0.0,0,-1.8840260978167253e-06
1.266,0.1646118,-0.42957990000000007,9.833053500000002,0.0030829352121859444,0,0.0008525525048153063,0.0,0,-1.8840260978167253e-06
1.282,0.1377324,-0.40868460000000006,9.833053500000002,0.003064473578293203,0,-0.0011538521182963269,3.4479310209222045e-06,0,-1.8564426496493477e-06
1.297,0.1377324,-0.40113090000000007,9.8464932,0.003366376348202138,0,0.02012685132726246,0.0,0,-1.8305831669924313e-06
1.313,0.1631403,-0.40113090000000007,9.848062800000001,0.0037086205968659414,0,0.02139026554148769,0.0,0,-1.8305831669924313e-06
1.328,0.1661814,-0.37572300000000003,9.848062800000001,0.004019336512300242,0,0.020714394362286555,0.0,0,-1.8305831669924313e-06
1.344,0.1661814,-0.37572300000000003,9.8120601,0.0034451252584037917,0,-0.035888203368528125,0.0,0,-1.8305831669924313e-06
1.36,0.15421320000000002,-0.37572300000000003,9.7851807,0.0022251247441609223,0,-0.07625003214017927,0.0,0,-1.8305831669924313e-06
1.375,0.1571562,-0.37572300000000003,9.7851807,0.0010360214005729063,0,-0.07927355623920158,0.0,0,-1.8305831669924313e-06
1.391,0.1571562,-0.3876912,9.851005800000001,0.00149133222538822,0,0.028456926550957082,0.0,0,-1.8305831669924313e-06
1.407,0.1377324,-0.3876912,9.854046900000002,0.002002561931297109,0,0.031951856619305524,0.0,0,-1.8305831669924313e-06
1.422,0.1781496,-0.3622833,9.8046045,0.00128865082319507,0,-0.04759407387346957,0.0,0,-1.8305831669924313e-06
1.438,0.17069399999999998,-0.3503151,9.8046045,0.0005783206297778065,0,-0.044395637088578924,0.0,0,-1.8305831669924313e-06
1.453,0.17069399999999998,-0.36375480000000004,9.8689581,0.0014655347399568086,0,0.05914760734526631,0.0,0,-1.8305831669924313e-06
1.469,0.1497006,-0.36375480000000004,9.8151012,0.0010102696030536151,0,-0.028454071056449568,0.0,0,-1.8305831669924313e-06
1.485,0.1526436,-0.35178660000000006,9.8151012,0.0005565811877801252,0,-0.028355525954593095,0.0,0,-1.8305831669924313e-06
1.5,0.1526436,-0.344331,9.8495343,0.000946730886374425,0,0.026009979906286822,0.0,0,-1.8305831669924313e-06
1.516,0.16166880000000003,-0.344331,9.9093753,0.002789330296247172,0,0.1151624631170466,0.0,0,-1.8305831669924313e-06
1.532,0.1511721,-0.36071369999999997,9.9093753,0.004597154142384596,0,0.11298899038358891,3.14904610341771e-05,0,-1.5786594787190143e-06
1.547,0.1511721,-0.36071369999999997,9.842078700000002,0.004720789920856561,0,0.008242385231464346,0.0,0,-1.3424810209626875e-06
1.563,0.1437165,-0.36071369999999997,9.845021700000002,0.004910412827721089,0,0.01185143167903301,0.0,0,-1.3424810209626875e-06
1.578,0.1586277,-0.347274,9.8285409,0.004687545208824417,0,-0.014857841259777984,0.0,0,-1.3424810209626875e-06
1.594,0.1586277,-0.37572300000000003,9.8285409,0.004495613968352075,0,-0.011995702529521413,0.0,0,-1.3424810209626875e-06
1.61,0.1586277,-0.33981839999999996,9.8076456,0.0037672418520813267,0,-0.045523257266921704,0.0,0,-1.3424810209626875e-06
1.625,0.1781496,-0.33981839999999996,9.8091171,0.003100666587696921,0,-0.044438350958960676,0.0,0,-1.3424810209626875e-06
1.641,0.18109260000000002,-0.3652263,9.8091171,0.002473915592899445,0,-0.03917193717484221,0.0,0,-1.3424810209626875e-06
1.657,0.18109260000000002,-0.4281084,9.8794548,0.003638055156166331,0,0.07275872270418031,3.497920548771157e-05,0,-1.0626473770609946e-06
1.672,0.1332198,-0.4281084,9.8375661,0.003734626320410328,0,0.00643807761626651,0.0,0,-8.003033359031596e-07
1.688,0.1437165,-0.3951468000000001,9.8375661,0.0037988360583085523,0,0.004013108618639013,0.0,0,-8.003033359031596e-07
1.703,0.1437165,-0.36826739999999997,9.7851807,0.002559407016271109,0,-0.08262860280249552,0.0,0,-8.003033359031596e-07
1.719,0.1646118,-0.36826739999999997,9.8375661,0.0026348447720945245,0,0.004714859738963457,0.0,0,-8.003033359031596e-07
1.735,0.18266220000000002,-0.3248091,9.856989900000002,0.003152310489843657,0,0.03234160735932076,0.0,0,-8.003033359031596e-07
1.75,0.18266220000000002,-0.3248091,9.856989900000002,0.0036571550925259544,0,0.033656306845486705,0.0,0,-8.003033359031596e-07
1.766,0.1466595,-0.3907323,9.856989900000002,0.004193342318115967,0,0.03351170159937575,0.0,0,-8.003033359031596e-07
1.797,0.1497006,-0.44753220000000005,9.8105886,0.0036459749961395005,0,-0.01765701038633767,2.146448457743212e-05,1,-4.6760382495296266e-07
1.813,0.1646118,-0.4176117,9.8105886,0.0030856358100237458,0,-0.03502119913223464,0.0,1,-2.9588794833350557e-07
1.828,0.1646118,-0.3307932,9.8734707,0.003990896220512852,0,0.06035069403260657,0.0,1,-2.9588794833350557e-07
1.844,0.1257642,-0.3278502,9.957248100000001,0.006899831957216662,0,0.181808483543988,0.0,1,-2.9588794833350557e-07
1.86,0.1257642,-0.37425150000000007,10.002177900000001,0.010872682555934432,0,0.2483031624198604,0.0,1,-2.9588794833350557e-07
1.875,0.1257642,-0.37425150000000007,10.002177900000001,0.014748634359561308,0,0.2583967869084601,4.985717964902476e-05,1,7.804089903417773e-08
1.891,0.1212516,-0.3503151,9.848062800000001,0.01475127658283526,0,0.00016513895462200154,0.0,1,4.768983362263763e-07
1.907,0.16019730000000001,-0.3503151,9.728282700000001,0.011848211879652126,0,-0.18144154394894568,0.0,1,4.768983362263763e-07
1.922,0.1631403,-0.2963601,9.728282700000001,0.008973437118880767,0,-0.19165165071809187,0.0001548147423770926,1,1.6380089040545633e-06
1.938,0.1631403,-0.3202965,9.686394000000002,0.005166294442963348,0,-0.23794641724483845,0.0,1,2.8765268430713053e-06
1.953,0.17667810000000003,-0.3202965,9.7417224,0.002806314137973942,0,-0.15733202033262578,0.0,1,2.8765268430713053e-06
1.969,0.1930608,-0.36973890000000004,9.7417224,0.0005541456137923007,0,-0.14076053276135245,0.0,1,2.8765268430713053e-06
1.985,0.1930608,-0.3278502,9.8794548,0.001677161737125843,0,0.07018850770834634,0.0,1,2.8765268430713053e-06
2.0,0.1571562,-0.3278502,9.9648018,0.004837514533599929,0,0.2106901864316071,0.0,1,2.8765268430713053e-06
2.016,0.1362609,-0.3996594,9.9648018,0.007977172859666481,0,0.19622864537915935,2.3838867226924805e-05,1,3.067237780886704e-06
2.032,0.1362609,-0.41908320000000004,9.9363528,0.01036649985699789,0,0.14933293733321293,0.0,1,3.2579487187021027e-06
2.047,0.1362609,-0.38023560000000006,9.7627158,0.008427982660791145,0,-0.12923447974711533,0.0,1,3.2579487187021027e-06
2.063,0.145188,-0.38023560000000006,9.752219100000001,0.006284087559219387,0,-0.13399344384823475,0.0,1,3.2579487187021027e-06
2.078,0.2080701,-0.39818790000000004,9.752219100000001,0.004237692048265629,0,-0.1364263673969201,8.156776659879253e-06,1,3.319124543651196e-06
2.11,0.1990449,-0.3951468000000001,9.9064323,0.005991097500908538,0,0.05479392039509085,0.0,1,3.449632970209264e-06
2.125,0.18413369999999998,-0.45351630000000004,9.9064323,0.007755623942625078,0,0.11763509611443507,0.0,1,3.449632970209264e-06
2.141,0.18413369999999998,-0.45351630000000004,9.8689581,0.008564226135641562,0,0.050537637063530164,0.0,1,3.449632970209264e-06
2.157,0.1721655,-0.45351630000000004,9.8196138,0.008145782409357594,0,-0.026152732892747974,3.915668925929573e-05,1,3.7628864842836304e-06
2.172,0.17667810000000003,-0.4116276,9.8196138,0.007694541540150368,0,-0.030082724613814792,0.0,1,4.056561653728351e-06
2.188,0.17667810000000003,-0.37572300000000003,9.714843,0.004666152468034923,0,-0.18927431700721514,0.0,1,4.056561653728351e-06
2.203,0.1437165,-0.34128990000000003,9.681881400000002,0.0008640575029215114,0,-0.25347299767423287,0.0,1,4.056561653728351e-06
2.219,0.16765290000000002,-0.34128990000000003,9.7866522,-0.00028248481084425237,0,-0.07165889461036017,0.0,1,4.056561653728351e-06
2.235,0.1870767,-0.3173535,9.9168309,0.0017607585148535776,0,0.12770270785611426,0.0,1,4.056561653728351e-06
2.25,0.1870767,-0.3173535,9.9168309,0.0037541666374867333,0,0.13289387484220927,0.0,1,4.056561653728351e-06
2.266,0.1661814,-0.3173535,9.990209700000001,0.007478452707694316,0,0.23276787938797375,0.0,1,4.056561653728351e-06
2.282,0.1406754,-0.3307932,9.990209700000001,0.011112981195395832,0,0.22715803048134456,9.475438152567461e-05,1,4.814596705933749e-06
2.297,0.1406754,-0.3622833,9.8734707,0.011840370723904314,0,0.04849263523389839,0.0,1,5.525254567376314e-06
2.313,0.20208600000000002,-0.3622833,9.7941078,0.01064203578135725,0,-0.0748959339091914,0.0,1,5.525254567376314e-06
2.328,0.16912439999999998,-0.3367773,9.7941078,0.009435522573822297,0,-0.0804342138356653,9.734546062636559e-05,1,6.255345522074041e-06
2.344,0.1661814,-0.3503151,9.7507476,0.007212047524747689,0,-0.1389671905671629,0.0,1,7.034109207084966e-06
2.36,0.1661814,-0.3847482,9.7672284,0.0054760325351725925,0,-0.10850093684844343,0.0,1,7.034109207084966e-06
2.375,0.1661814,-0.3847482,9.7672284,0.003782359374611133,0,-0.11291154403742971,0.0,1,7.034109207084966e-06
2.391,0.1511721,-0.3847482,9.8464932,0.004055625943420793,0,0.017079160550603753,0.0,1,7.034109207084966e-06
2.407,0.1317483,-0.42065280000000005,9.8464932,0.004351209175911919,0,0.018473952030695334,3.142716471658119e-05,1,7.2855265248176155e-06
2.422,0.145188,-0.42065280000000005,9.8375661,0.0044266761961555545,0,0.005031134682909014,0.0,1,7.521230260191977e-06
2.438,0.1586277,-0.4176117,9.8375661,0.004502202160489688,0,0.0047203727708833255,0.0,1,7.521230260191977e-06
2.453,0.1586277,-0.4176117,9.8375661,0.004575886028131748,0,0.004912257842804129,0.0,1,7.521230260191977e-06
2.469,0.1586277,-0.3562992,9.6967926,0.0011582385021959851,0,-0.213602970370985,0.0,1,7.521230260191977e-06
2.485,0.15568469999999998,-0.3562992,9.6967926,-0.0021772141784666132,0,-0.2084657925414122,0.0,1,7.521230260191977e-06
2.5,0.1002582,-0.40868460000000006,9.6967926,-0.005398784867885809,0,-0.21477137929461124,0.0,1,7.521230260191977e-06
2.516,0.1646118,-0.4400766,9.8255979,-0.005348933297728564,0,0.003115723134827772,0.0,1,7.521230260191977e-06
2.532,0.1646118,-0.42957990000000007,9.922913099999999,-0.0029406453192208915,0,0.1505179986567294,0.0,1,7.521230260191977e-06
2.547,0.16019730000000001,-0.42957990000000007,9.9258561,-0.0005211523793313688,0,0.16129952932596683,0.0,1,7.521230260191977e-06
2.563,0.1631403,-0.40113090000000007,9.9258561,0.001811489870826577,0,0.14579014063487147,0.0,1,7.521230260191977e-06
2.578,0.1631403,-0.34580249999999996,9.907903800000001,0.0035989706690156,0,0.11916538654593739,0.0,1,7.521230260191977e-06
2.594,0.11821050000000001,-0.34580249999999996,9.7926363,0.0025178367537339597,0,-0.06757086970510245,0.0,1,7.521230260191977e-06
2.61,0.1631403,-0.3622833,9.7926363,0.0014933241660948227,0,-0.064032036727446,0.0,1,7.521230260191977e-06
2.625,0.1631403,-0.3202965,9.735738300000001,-0.0009286808330575269,0,-0.16146699994348862,0.0,1,7.521230260191977e-06
2.641,0.1392039,-0.3202965,9.8165727,-0.0013303578627219537,0,-0.02510481435402665,0.0,1,7.521230260191977e-06
2.657,0.1406754,-0.36826739999999997,9.8165727,-0.0016807216970491368,0,-0.021897739645448923,0.0,1,7.521230260191977e-06
2.672,0.1526436,-0.33530580000000004,9.821085300000002,-0.0019369845522803075,0,-0.017084190348744577,0.0,1,7.521230260191977e-06
2.688,0.1526436,-0.3532581,9.922913099999999,0.0003100609884771899,0,0.14044034629734348,0.0,1,7.521230260191977e-06
2.703,0.18864630000000002,-0.3532581,9.843550200000001,0.0005832964067895574,0,0.018215694554158224,0.0,1,7.521230260191977e-06
2.719,0.1631403,-0.35777070000000005,9.843550200000001,0.0008427322546040728,0,0.016214740488407195,0.0,1,7.521230260191977e-06
2.735,0.1631403,-0.3652263,9.759674700000001,-0.0009415293340016007,0,-0.11151634928785449,0.0,1,7.521230260191977e-06
2.75,0.17510850000000003,-0.3652263,9.7701714,-0.0024214210902577804,0,-0.09865945041707783,0.0,1,7.521230260191977e-06
2.766,0.1526436,-0.3831786,9.7701714,-0.0038576446465956593,0,-0.08976397227111735,0.0,1,7.521230260191977e-06
2.782,0.1526436,-0.40868460000000006,9.7866522,-0.0048320806413642,0,-0.06090224967303376,0.0,1,7.521230260191977e-06
2.797,0.145188,-0.40868460000000006,9.886910400000001,-0.003342565614453008,0,0.09930100179407866,0.0,1,7.521230260191977e-06
2.813,0.1362609,-0.40417200000000003,9.886910400000001,-0.0018969965729862537,0,0.09034806509167206,0.0,1,7.521230260191977e-06
2.828,0.1317483,-0.4340925,9.845021700000002,-0.0014778667152768321,0,0.027941990513962033,0.0,1,7.521230260191977e-06
2.844,0.1317483,-0.36973890000000004,9.8524773,-0.000951278237863562,0,0.03291177983832935,0.0,1,7.521230260191977e-06
2.86,0.17510850000000003,-0.36973890000000004,9.856989900000002,-0.000311109284284683,0,0.040010559598679905,0.0,1,7.521230260191977e-06
2.875,0.17069399999999998,-0.3831786,9.856989900000002,0.0003240670276536406,0,0.042345087462554554,0.0,1,7.521230260191977e-06
2.891,0.17069399999999998,-0.3562992,9.783611100000002,-0.0008690995951941005,0,-0.07457291392798375,0.0,1,7.521230260191977e-06
2.907,0.1631403,-0.3562992,9.836094600000001,-0.0007572400619011432,0,0.006991220830809824,0.0,1,7.521230260191977e-06
2.922,0.1332198,-0.36973890000000004,9.836094600000001,-0.0006470056257317225,0,0.007348962411294655,0.0,1,7.521230260191977e-06
2.938,0.1332198,-0.37572300000000003,9.833053500000002,-0.0006080458202202266,0,0.0024349878444684925,0.0,1,7.521230260191977e-06
2.953,0.142245,-0.37572300000000003,9.8120601,-0.001078561872581929,0,-0.031367736824114166,0.0,1,7.521230260191977e-06
2.969,0.1721655,-0.4176117,9.8151012,-0.001410562557996542,0,-0.02075004283841329,0.0,1,7.521230260191977e-06
2.985,0.1362609,-0.3996594,9.8151012,-0.0017664227878064764,0,-0.022241264363120884,0.0,1,7.521230260191977e-06
3.0,0.1362609,-0.33824879999999996,9.8764137,-0.0006754596159748161,0,0.07273087812211008,0.0,1,7.521230260191977e-06
3.016,0.1646118,-0.33824879999999996,9.860031000000001,1.3187491276767105e-07,0,0.04222446818047395,0.0,1,7.521230260191977e-06
3.032,0.1796211,-0.3936753,9.860031000000001,0.0007157635182668542,0,0.04472697770963037,0.0,1,7.521230260191977e-06
3.047,0.1796211,-0.36826739999999997,9.874942200000001,0.001753393110368151,0,0.06917530614008588,0.0,1,7.521230260191977e-06
3.063,0.1796211,-0.36826739999999997,9.874942200000001,0.0027657146636386187,0,0.06327009707940418,0.0,1,7.521230260191977e-06
3.078,0.1856052,-0.36973890000000004,9.8944641,0.004233109546143865,0,0.09782632550035184,0.0,1,7.521230260191977e-06
3.094,0.1856052,-0.3592422,9.854046900000002,0.0046703314027922715,0,0.027326366040525383,0.0,1,7.521230260191977e-06
3.11,0.18266220000000002,-0.3592422,9.818044200000001,0.00421817067056196,0,-0.028260045764394424,0.0,1,7.521230260191977e-06
3.125,0.18266220000000002,-0.3592422,9.818044200000001,0.0037770382488737653,0,-0.029408828112546095,0.0,1,7.521230260191977e-06
3.141,0.16019730000000001,-0.37572300000000003,9.831582000000001,0.0036820441084550737,0,-0.005937133776168219,0.0,1,7.521230260191977e-06
3.157,0.1272357,-0.39220380000000005,9.8105886,0.0030817266968785617,0,-0.037519838223531964,0.0,1,7.521230260191977e-06
3.172,0.1915893,-0.39220380000000005,9.8016615,0.0023040130331715147,0,-0.051847577580469366,0.0,1,7.521230260191977e-06
3.188,0.1915893,-0.39220380000000005,9.8016615,0.001545267995407329,0,-0.04742156486026157,0.0,1,7.521230260191977e-06
3.203,0.1631403,-0.3891627,9.8016615,0.0007895313443579965,0,-0.0503824434032899,0.0,1,7.521230260191977e-06
3.219,0.1631403,-0.40711500000000006,9.842078700000002,0.001054799892731495,0,0.01657928427334364,0.0,1,7.521230260191977e-06
3.235,0.18413369999999998,-0.40711500000000006,9.7971489,0.0002279067617187991,0,-0.051680820688293445,0.0,1,7.521230260191977e-06
3.25,0.17667810000000003,-0.39220380000000005,9.7971489,-0.0005969846237157128,0,-0.054992759028967005,0.0,1,7.521230260191977e-06
3.266,0.17667810000000003,-0.3996594,9.8644455,0.00024534636583339875,0,0.052645686846819424,0.0,1,7.521230260191977e-06
3.282,0.1631403,-0.37572300000000003,9.8464932,0.0006010434244583251,0,0.02223106616405788,0.0,1,7.521230260191977e-06
3.297,0.1586277,-0.3996594,9.8464932,0.0009692341959315343,0,0.02454605143154707,0.0,1,7.521230260191977e-06
3.313,0.1586277,-0.3996594,9.8464932,0.0013284447046864045,0,0.02245065679717937,0.0,1,7.521230260191977e-06
3.328,0.1586277,-0.39818790000000004,9.839037600000001,0.0014957695645954061,0,0.011154990660600344,0.0,1,7.521230260191977e-06
3.344,0.16019730000000001,-0.39818790000000004,9.833053500000002,0.0015138181014417995,0,0.0011280335528995866,0.0,1,7.521230260191977e-06
3.36,0.1526436,-0.3622833,9.833053500000002,0.0014946644474420623,0,-0.0011971033749835758,0.0,1,7.521230260191977e-06
3.375,0.1526436,-0.344331,9.8136297,0.0009868540414537108,0,-0.033854027065889816,0.0,1,7.521230260191977e-06
3.391,0.20355750000000003,-0.344331,9.731225700000001,-0.0014942239045812045,0,-0.15506737162718207,0.0,1,7.521230260191977e-06
3.407,0.1631403,-0.37268190000000007,9.731225700000001,-0.003907892254760625,0,-0.15085427188621367,0.0,1,7.521230260191977e-06
3.422,0.1631403,-0.3562992,9.7327953,-0.0062393926285224666,0,-0.15543335825078813,0.0,1,7.521230260191977e-06
3.438,0.1497006,-0.347274,9.601047000000001,-0.011738158453505676,0,-0.3436728640614503,0.0,1,7.521230260191977e-06
3.453,0.16912439999999998,-0.347274,9.6519609,-0.015854144304093154,0,-0.2743990567058377,0.0,1,7.521230260191977e-06
3.469,0.1661814,-0.3712104,9.6519609,-0.01984927499006872,0,-0.24969566787347275,0.0,1,7.521230260191977e-06
3.485,0.1661814,-0.3367773,9.6639291,-0.023486052823400883,0,-0.22729861458325987,-0.0002564780679587624,1,5.469405716521876e-06
3.5,0.1781496,-0.3367773,9.653432400000002,-0.027284750458706597,0,-0.2532465090203789,-0.00013725909257457152,1,2.516377012521847e-06
3.516,0.142245,-0.33824879999999996,9.653432400000002,-0.031004064623617822,0,-0.23245713530695136,-0.00010356961323316734,1,5.897473660599345e-07
3.532,0.142245,-0.35178660000000006,9.5022603,-0.038305105441269305,0,-0.4563150511032173,-0.00015804297375226475,1,-1.5031533298235243e-06
3.547,0.1257642,-0.35178660000000006,9.455859,-0.04656459745746311,0,-0.5506328010795823,-0.0002945657454927631,1,-4.897718724161262e-06
3.563,0.1915893,-0.3592422,9.455859,-0.05458888902718151,0,-0.5015182231073996,-0.0006037936373699208,1,-1.208459378706274e-05
3.578,0.1915893,-0.37866600000000006,9.3451041,-0.06509758941410126,0,-0.7005800257946654,-0.0010014422256795228,2,-2.4123862759933312e-05
3.594,0.16765290000000002,-0.37572300000000003,9.3451041,-0.07536408462654975,0,-0.6416559507780301,-0.001625135618004731,3,-4.513648550940736e-05
3.61,0.1466595,-0.37572300000000003,9.252301500000002,-0.08765013194468096,1,-0.7678779573832,-0.002929249350574579,3,-8.157156525804188e-05
3.625,0.1497006,-0.347274,9.252301500000002,-0.09966241918871965,1,-0.8008191496025726,-0.004334093484075095,3,-0.0001360466365179149
3.641,0.1497006,-0.37866600000000006,9.2447478,-0.11153577218731314,1,-0.7420845624120924,-0.006023679015083359,3,-0.00021890881651118259
3.657,0.1856052,-0.37866600000000006,9.2657412,-0.12259216253276506,1,-0.6910243965907441,-0.007896702492843986,3,-0.00033027186857460144
3.672,0.1526436,-0.4056435,9.2657412,-0.13336572482138997,1,-0.7182374859083218,-0.009816386648000166,3,-0.00046312003713093366
3.688,0.1526436,-0.4101561,9.285165000000001,-0.14339845262286133,1,-0.627045487591959,-0.012030500067554177,3,-0.0006378951308553685
3.703,0.1571562,-0.4101561,9.273196800000001,-0.15347622649144732,1,-0.6718515912390806,-0.014257060160911442,3,-0.0008350518325688565
3.719,0.18266220000000002,-0.38621970000000005,9.273196800000001,-0.1633218564476504,1,-0.6153518722626922,-0.01679144482442423,3,-0.001083439872451542
3.735,0.1571562,-0.38023560000000006,9.195403500000001,-0.17484027850725248,1,-0.7199013787251289,-0.019496741904063454,3,-0.0013737453662794438
3.75,0.1571562,-0.40113090000000007,9.066598200000001,-0.18919423463229457,1,-0.9569304083361313,-0.02222700075261008,3,-0.001686673436204498
3.766,0.16019730000000001,-0.40113090000000007,9.006757200000001,-0.2046546697539462,1,-0.9662771951032258,-0.02537779198770001,3,-0.002067511778126979
3.782,0.16019730000000001,-0.40113090000000007,9.006757200000001,-0.2197380210921427,1,-0.94270945863728,-0.028772933514468718,3,-0.002500717582144329
3.797,0.1856052,-0.40113090000000007,9.006757200000001,-0.23444160341627907,1,-0.9802388216090837,-0.03217928069828191,3,-0.002957859188739962
3.813,0.1856052,-0.3532581,8.9229798,-0.2508767375052976,1,-1.0271958805636574,-0.03606182742565453,3,-0.003503788053731454
3.828,0.13469129999999999,-0.3532581,8.915426100000001,-0.26711735252249014,1,-1.082707667812859,-0.03994678310086285,3,-0.004073852632680322
3.844,0.19610190000000002,-0.3817071,8.915426100000001,-0.28290552497574595,1,-0.9867607783284873,-0.04434696612084874,3,-0.004748202626454015
3.86,0.19610190000000002,-0.3712104,8.9139546,-0.2983552687906279,1,-0.9656089884301213,-0.04899705247097974,3,-0.005494954775188644
3.875,0.1317483,-0.3712104,8.8900182,-0.3140402679794896,1,-1.04566661259077,-0.05359001899675566,3,-0.006264357811196666
3.891,0.1332198,-0.36375480000000004,8.8900182,-0.32934968142257937,1,-0.9568383401931104,-0.058737138591972216,3,-0.00716297507190649
3.907,0.1586277,-0.3652263,8.880993,-0.34449396847503877,1,-0.9465179407787119,-0.06412788779115317,3,-0.008145895282971494
3.922,0.1586277,-0.4161402,8.8555851,-0.35983324125231775,1,-1.0226181851519234,-0.06941034186410838,3,-0.009147432005385963
3.938,0.1646118,-0.4161402,8.789760000000001,-0.3763991539088245,1,-1.0353695410316712,-0.07530020102539753,3,-0.010305116348502012
3.953,0.16166880000000003,-0.40868460000000006,8.789760000000001,-0.3925708716971581,1,-1.0781145192222625,-0.08106747621744227,3,-0.011477873927823285
3.969,0.16166880000000003,-0.4027005000000001,8.8391043,-0.4071528218705751,1,-0.9113718858385625,-0.08746526576598414,3,-0.012826135863690698
3.985,0.15568469999999998,-0.4027005000000001,8.7747507,-0.42294944895045994,1,-0.9872891924928009,-0.09410608393255243,3,-0.014278706661278992
4.0,0.1930608,-0.3876912,8.7747507,-0.4383591662408115,1,-1.0273144860234291,-0.10056589854648702,3,-0.0157387465298718
4.016,0.1930608,-0.4056435,8.813696400000001,-0.4524246098721978,1,-0.8790902269616422,-0.1076921687553911,3,-0.017404811068286827
4.032,0.16019730000000001,-0.4056435,8.801728200000001,-0.4664545870530308,1,-0.8768735738020609,-0.11504320233079293,3,-0.0191866940369763
4.047,0.16765290000000002,-0.3817071,8.801728200000001,-0.4801650686273202,1,-0.9140321049526492,-0.1221428497483954,3,-0.020965589427570177
4.063,0.1526436,-0.40113090000000007,8.789760000000001,-0.4938183180696516,1,-0.85332809014571,-0.1299347168419712,3,-0.022982209960293112
4.078,0.1526436,-0.37572300000000003,8.7433587,-0.5082964458377166,1,-0.965208517870964,-0.13745057757127674,3,-0.02498759966839255
4.094,0.1497006,-0.37572300000000003,8.7582699,-0.5220593883056655,1,-0.8601839042468021,-0.1456934242444238,3,-0.027252751682918155
4.11,0.15421320000000002,-0.3817071,8.7582699,-0.5354784373867929,1,-0.8386905675704651,-0.15415372684996348,3,-0.029651528891673256
4.125,0.15421320000000002,-0.4056435,8.7298209,-0.5492370063231178,1,-0.9172379290883447,-0.16228909267778763,3,-0.03202485003813134
4.141,0.1257642,-0.4056435,8.7373746,-0.562487094641476,1,-0.8281305198973846,-0.1711828854855044,3,-0.03469262586343768
4.157,0.1497006,-0.3503151,8.7373746,-0.5754631330090518,1,-0.8110023979734919,-0.18028648730670863,3,-0.037504380845775384
4.172,0.1497006,-0.3712104,8.7508143,-0.5877742060733464,1,-0.8207382042863225,-0.18901076734982641,3,-0.04027411025569934
4.188,0.1631403,-0.3712104,8.8001586,-0.598576919075466,1,-0.6751695626324711,-0.19850157635101692,3,-0.043374209005306086
4.203,0.1661814,-0.3712104,8.789760000000001,-0.6093681185249871,1,-0.7194132966347138,-0.20756116413302067,3,-0.046419679558936486
4.219,0.1287072,-0.3831786,8.789760000000001,-0.6198989204285752,1,-0.6581751189742574,-0.21739530044464916,3,-0.04981933127555785
4.235,0.1287072,-0.32333760000000006,8.7238368,-0.6318380926087066,1,-0.7461982612582123,-0.22740919654894742,3,-0.05337776725150663
4.25,0.15568469999999998,-0.32333760000000006,8.732862,-0.6432554082460218,1,-0.7611543758210285,-0.23697239780535767,3,-0.05686062920916384
4.266,0.17510850000000003,-0.36973890000000004,8.732862,-0.6543404225888381,1,-0.6928133964260168,-0.24735316445203653,3,-0.060735233707223
4.282,0.17510850000000003,-0.41309910000000005,8.7283494,-0.6652176447012117,1,-0.6798263820233513,-0.25790962899035696,3,-0.06477733605476216
4.297,0.17069399999999998,-0.41309910000000005,8.8226235,-0.6735353074417976,1,-0.5545108493724034,-0.2679502761314293,3,-0.06872128534317547
4.313,0.18266220000000002,-0.3817071,8.8226235,-0.6816787080090911,1,-0.5089625354558476,-0.2787919882550364,3,-0.0730952234582672
4.328,0.18266220000000002,-0.3831786,8.7417891,-0.6915912067042349,1,-0.6608332463428928,-0.28909151261538674,3,-0.07735434971479555
4.344,0.17069399999999998,-0.3831786,8.752285800000001,-0.7010121067611852,1,-0.5888062535593924,-0.3002323391231101,3,-0.08206894052870352
4.36,0.1317483,-0.344331,8.7867189,-0.7094198730037551,1,-0.5254853901606178,-0.3115157949612296,3,-0.08696292560137824
4.375,0.1317483,-0.344331,8.7867189,-0.7176225717769942,1,-0.5468465848826178,-0.322218613297085,3,-0.0917159336633155
4.391,0.16166880000000003,-0.42065280000000005,8.7448302,-0.7265524176499589,1,-0.5581153670602963,-0.33377201321250066,3,-0.09696385867539219
4.407,0.17667810000000003,-0.42065280000000005,8.7657255,-0.734748439004342,1,-0.5122513346489384,-0.3454624200657351,3,-0.10239773414161808
4.422,0.18413369999999998,-0.39818790000000004,8.7657255,-0.7427663783562632,1,-0.534529290128098,-0.3565437811959394,3,-0.10766278065108052
4.438,0.18413369999999998,-0.3831786,8.7493428,-0.7510041625038131,1,-0.514861509221864,-0.36849394552282,3,-0.1134630824648306
4.453,0.18413369999999998,-0.3831786,8.7493428,-0.7590410250867894,1,-0.5357908388650672,-0.37981928442974994,3,-0.11907543168947508
4.469,0.16166880000000003,-0.3831786,8.7238368,-0.7675140759278829,1,-0.5295656775683439,-0.39203172523786733,3,-0.12525023976681604
4.485,0.173637,-0.3847482,8.7238368,-0.7757731806258583,1,-0.5161940436234631,-0.40437802329029726,3,-0.13162151775504136
4.5,0.173637,-0.36375480000000004,8.735805,-0.7835611887441125,1,-0.5192005412169576,-0.4160730310605718,3,-0.13777490066267276
4.516,0.145188,-0.36375480000000004,8.8241931,-0.789018228818172,1,-0.3410650046287153,-0.4286536664010701,3,-0.14453271424236588
4.532,0.11673900000000001,-0.37268190000000007,8.7388461,-0.796422960222964,1,-0.46279571279950155,-0.4413371959133992,3,-0.15149264114088165
4.547,0.17667810000000003,-0.3891627,8.7388461,-0.8036050697802555,1,-0.4788073038194424,-0.4533374061384231,3,-0.15820270065627018
4.563,0.17667810000000003,-0.3712104,8.7298209,-0.8108509167308142,1,-0.45286543440992105,-0.46625305403051165,3,-0.16555942433762166
4.578,0.1497006,-0.3712104,8.801728200000001,-0.816180311371351,1,-0.3552929760357754,-0.4784557882412783,3,-0.17264474065466034
4.594,0.16912439999999998,-0.38023560000000006,8.801728200000001,-0.821361763096423,1,-0.32384073281699316,-0.49155612483702055,3,-0.18040483595928675
4.61,0.17667810000000003,-0.42506730000000004,8.713340100000002,-0.8285160984339495,1,-0.447145958595407,-0.5047551477292634,3,-0.18837532613981703
4.625,0.17667810000000003,-0.42506730000000004,8.713340100000002,-0.8354959377876341,1,-0.4653226235789849,-0.5172352380009251,3,-0.19604025403279327
4.641,0.1497006,-0.37572300000000003,8.713340100000002,-0.842373081035463,1,-0.42982145298930924,-0.5306581901515098,3,-0.20442340145801274
4.657,0.1497006,-0.3503151,8.7343335,-0.8485967346724426,1,-0.3889783523112197,-0.5441859486771731,3,-0.2130221545686422
4.672,0.1526436,-0.37425150000000007,8.7343335,-0.8546431597099708,1,-0.40309500250189395,-0.556960247885041,3,-0.22128075104285863
4.688,0.15568469999999998,-0.37425150000000007,8.7417891,-0.8603591546192764,1,-0.3572496818315948,-0.570680266399675,3,-0.23030187515713638
4.703,0.1406754,-0.3817071,8.7268779,-0.8662973735232704,1,-0.3958812602662544,-0.5836301903607446,3,-0.23895920358283984
4.719,0.1870767,-0.3817071,8.797215600000001,-0.8703559915044359,1,-0.2536636238228416,-0.5975234172809663,3,-0.24840843244397354
4.735,0.18864630000000002,-0.3771945,8.797215600000001,-0.8743195441120033,1,-0.24772203797296366,-0.6114808215658978,3,-0.25808046635474846
4.75,0.18864630000000002,-0.3771945,8.797215600000001,-0.8781864247047508,1,-0.2577920395165078,-0.6246246163320232,3,-0.26735125713898267
4.766,0.18864630000000002,-0.3652263,8.7283494,-0.8836491130625195,1,-0.3414180223605398,-0.6387193006341614,3,-0.27745800847471214
4.782,0.145188,-0.3652263,8.7477732,-0.8885255410973016,1,-0.30477675217388506,-0.65289669786744,3,-0.28779093646272497
4.797,0.1586277,-0.33824879999999996,8.7477732,-0.8933037765426661,1,-0.3185490296909726,-0.6662604177497394,3,-0.2976846148298536
4.813,0.1272357,-0.36071369999999997,8.761311000000001,-0.8976262230599605,1,-0.27015290733090036,-0.6805878577465605,3,-0.308459401033824
4.828,0.1272357,-0.4116276,8.752285800000001,-0.9020084293126498,1,-0.29214708351260615,-0.6940851176393555,3,-0.3187694483492188
4.844,0.1332198,-0.4116276,8.792703,-0.9052969947781566,1,-0.2055353415941761,-0.708543561032082,3,-0.3299904777785903
4.86,0.1482291,-0.37268190000000007,8.792703,-0.9085418166527521,1,-0.20280136716221958,-0.7230542715235293,3,-0.3414432604390352
4.875,0.1482291,-0.3771945,8.773279200000001,-0.9121760558057623,1,-0.24228261020068512,-0.7367096555669679,3,-0.3523914898922137
4.907,0.11673900000000001,-0.4027005000000001,8.7762222,-0.9156339217470411,1,-0.10805831066496009,-0.7659546152078127,3,-0.3764341182246102
4.922,0.11673900000000001,-0.39220380000000005,8.764254,-0.9193106210296875,1,-0.2451132855097697,-0.7797166992786378,3,-0.38802665308325834
4.938,0.16019730000000001,-0.39220380000000005,8.735805,-0.9235739832505256,1,-0.2664601388023822,-0.7944597761128795,3,-0.4006200648863905
4.953,0.18413369999999998,-0.36973890000000004,8.735805,-0.9277457361703672,1,-0.27811686132275676,-0.8083446740085367,3,-0.4126410982623016
4.969,0.13469129999999999,-0.4161402,8.7193242,-0.9321883397778006,1,-0.2776627254645889,-0.8232241466161221,3,-0.4256936488272989
4.985,0.13469129999999999,-0.3907323,8.7029415,-0.9369503554562169,1,-0.29762597990101697,-0.8381772561779942,3,-0.4389848600496518
5.0,0.1870767,-0.3907323,8.7477732,-0.9404805218141021,1,-0.23534442385902357,-0.8522579877575213,3,-0.4516631243791679
5.016,0.18266220000000002,-0.36973890000000004,8.7477732,-0.9439490897345966,1,-0.21678549503090208,-0.8673334246499108,3,-0.46541985567842736
5.032,0.18266220000000002,-0.3771945,8.7448302,-0.9473970019948137,1,-0.21549451626357,-0.8824641933837462,3,-0.4794182366226966
5.047,0.18266220000000002,-0.3771945,8.7448302,-0.9507608188340502,1,-0.2242544559491033,-0.8967003770399623,3,-0.49276197090087415
5.063,0.1661814,-0.36826739999999997,8.7238368,-0.954571357516695,1,-0.23815866766530003,-0.9119430344507683,3,-0.5072311181928
5.078,0.1661814,-0.36826739999999997,8.7238368,-0.9582889562314705,1,-0.2478399143183576,-0.9262894868038801,3,-0.5210178621022103
5.094,0.1661814,-0.37572300000000003,8.8196805,-0.9595730447863176,1,-0.08025553467794204,-0.9416323828120224,3,-0.5359612370591376
5.11,0.1272357,-0.37572300000000003,8.8091838,-0.961097356547393,1,-0.09526948506721747,-0.9569977460226922,3,-0.5511502780898153
5.125,0.17069399999999998,-0.4027005000000001,8.8091838,-0.9625375470402737,1,-0.09601269952538129,-0.9714250077995994,3,-0.5656134487434822
5.141,0.1661814,-0.4101561,8.761311000000001,-0.9651024841896056,1,-0.16030857183324518,-0.9868461280494385,3,-0.5812796178302745
5.157,0.1661814,-0.3532581,8.7657255,-0.9675576902383458,1,-0.15345037804626024,-1.002307409444862,3,-0.5971928461302289
5.188,0.1437165,-0.3547296,8.725308300000002,-0.9709460840068349,1,-0.10930302478997189,-1.0323542179456622,3,-0.6287301013547818
5.203,0.16912439999999998,-0.41309910000000005,8.773279200000001,-0.9730096652969689,1,-0.137572086008925,-1.0469338860654414,3,-0.6443247621348657
5.219,0.1646118,-0.4116276,8.773279200000001,-0.9750266908161862,1,-0.12606409495108373,-1.0625181769143466,3,-0.661200378638704
5.235,0.1646118,-0.4116276,8.773279200000001,-0.9769945205910329,1,-0.12298936092791635,-1.0781343466056044,3,-0.6783255988268636
5.25,0.1646118,-0.42065280000000005,8.8166394,-0.9778477531524263,1,-0.0568821707595658,-1.09279566365868,3,-0.6946075739038454
5.266,0.1586277,-0.39220380000000005,8.7477732,-0.980392512151175,1,-0.1590474374217886,-1.1084615857811089,3,-0.7122176318993637
5.282,0.1511721,-0.3907323,8.7477732,-0.9828800243612523,1,-0.15546951312983545,-1.1241677660732083,3,-0.7300786667141983
5.297,0.1511721,-0.41466870000000006,8.6879322,-0.9867376919416255,1,-0.25717783869155236,-1.1389398989454795,3,-0.7470519742018381
5.313,0.1511721,-0.41466870000000006,8.6879322,-0.9905012700688189,1,-0.23522363294958804,-1.154757810641563,3,-0.7654015558785344
5.328,0.16166880000000003,-0.41466870000000006,8.7448302,-0.992782499684882,1,-0.1520819744041962,-1.1696324389147164,3,-0.7828344827502072
5.344,0.1646118,-0.3771945,8.7448302,-0.9950480849817858,1,-0.14159908105648697,-1.1855350835920497,3,-0.8016758229302613
5.36,0.1646118,-0.39220380000000005,8.7508143,-0.997096544611555,1,-0.12802872686057387,-1.2014722406287965,3,-0.8207718815240281
5.375,0.19011780000000003,-0.39220380000000005,8.768766600000001,-0.9986451281657232,1,-0.10323890361121578,-1.2164403031746258,3,-0.8389062256025535
5.391,0.2215098,-0.3487455,8.768766600000001,-1.0001827216059933,1,-0.09609959001688476,-1.2324309259727995,3,-0.8584971954357329
5.407,0.2215098,-0.3218661,8.7208938,-1.0028743210334312,1,-0.16822496421486907,-1.2484553823139148,3,-0.8783442859020266
5.422,0.1646118,-0.3218661,8.7163812,-1.0056409338082233,1,-0.1844408516528083,-1.263519246725227,3,-0.8971840956198198
5.438,0.16166880000000003,-0.3652263,8.6924448,-1.0088829684133866,1,-0.20262716282271037,-1.279635437943,3,-0.9175293330971657
5.453,0.1332198,-0.35178660000000006,8.6924448,-1.012071193159775,1,-0.21254831642588243,-1.2947925941547993,3,-0.9368375433378999
5.469,0.1332198,-0.3771945,8.7343335,-1.0141350962122662,1,-0.12899394078069715,-1.3110022444697758,3,-0.9576839020468966
5.485,0.1392039,-0.3771945,8.7597414,-1.0155273351663787,1,-0.08701493463203472,-1.327239543920805,3,-0.9787898363540213
5.5,0.1497006,-0.3847482,8.7597414,-1.016873395783545,1,-0.08973737447775157,-1.342482549402929,3,-0.9988127520539488
5.516,0.1497006,-0.4027005000000001,8.7822063,-1.0176196995758282,1,-0.04664398701770263,-1.3587584941658042,3,-1.0204226804024987
5.532,0.11978010000000001,-0.4027005000000001,8.7149097,-1.0199984751718336,1,-0.14867347475033807,-1.3750594395637854,3,-1.0422932238723355
5.547,0.1212516,-0.42065280000000005,8.7149097,-1.0222980773920707,1,-0.1533068146824741,-1.3903766637080144,3,-1.0630339946468734
5.563,0.1212516,-0.3771945,8.7149097,-1.0245900556089342,1,-0.14324863855397205,-1.4067517687720223,3,-1.0854110221067137
5.578,0.22455090000000003,-0.3771945,8.7283494,-1.0264488201637274,1,-0.12391763698620654,-1.422134560340318,3,-1.106627669575057
5.594,0.19757340000000004,-0.4056435,8.7193242,-1.0284668960235965,1,-0.12612974124182041,-1.4385738860698165,3,-1.1295133371463382
5.61,0.1511721,-0.40417200000000003,8.7193242,-1.03046001910268,1,-0.12457019244271883,-1.4550453013908267,3,-1.1526622906460233
5.625,0.1511721,-0.3831786,8.7463017,-1.0317703636009856,1,-0.08735629988704069,-1.4705120292611038,3,-1.1746039706259124
5.641,0.1721655,-0.3831786,8.773279200000001,-1.0323820620895994,1,-0.03823115553835962,-1.4870252486666284,3,-1.1982642688493343
5.657,0.1781496,-0.39818790000000004,8.773279200000001,-1.0329596480589363,1,-0.03609912308355497,-1.5035479823478168,3,-1.22218885469745
5.672,0.1781496,-0.3771945,8.8241931,-1.0323053374607767,1,0.043620706543972175,-1.5190374697392144,3,-1.2448582455881023
5.688,0.1392039,-0.3771945,8.87805,-1.0303718185356558,1,0.12084493282005215,-1.5355388869871858,3,-1.2692948564419135
5.703,0.19011780000000003,-0.3622833,8.87805,-1.0284775814547729,1,0.12628247205886106,-1.5509802574871145,3,-1.2924437500254717
5.719,0.19011780000000003,-0.3817071,8.9618274,-1.0245686966507694,1,0.24430530025021358,-1.5674046277119589,3,-1.3173908291070644
5.735,0.1482291,-0.3817071,8.9469162,-1.021137723972501,1,0.21443579239177593,-1.583770279076945,3,-1.3426002283613756
5.75,0.1661814,-0.39671639999999997,8.9828208,-1.016892124788244,1,0.2830399456171348,-1.5990555029426503,3,-1.3664714217265221
5.766,0.1661814,-0.39671639999999997,8.9828208,-1.0127500768036022,1,0.2588779990401189,-1.6152926405553851,3,-1.3921862068745063
5.782,0.1631403,-0.3876912,9.000773100000002,-1.0082826301152004,1,0.2792154180251136,-1.6314609022107356,3,-1.4181602352166354
5.797,0.1870767,-0.3876912,8.9708526,-1.0046417325542993,1,0.24272650406007346,-1.6465578349307566,3,-1.442745375745196
5.813,0.1870767,-0.3876912,8.9708526,-1.0010896373729317,1,0.22200594883547956,-1.6626036858901745,3,-1.4692186679117636
5.828,0.16765290000000002,-0.3712104,8.9708526,-0.9976505192148437,1,0.22927454387252133,-1.6775942370645833,3,-1.4942701523339252
5.844,0.16765290000000002,-0.36973890000000004,9.032263200000001,-0.9928004641463399,1,0.30312844178148585,-1.6935178449314727,3,-1.5212390489898937
5.875,0.17510850000000003,-0.4027005000000001,9.1639134,-0.9848236708748708,1,0.25731591198287873,-1.7241710190243011,3,-1.5742132263812076
5.891,0.1511721,-0.3936753,9.183435300000001,-0.9765857281640837,1,0.5148714194241895,-1.7398622942166129,3,-1.601925492887135
5.907,0.1257642,-0.32932170000000005,9.334607400000001,-0.9649353224637007,1,0.7281503562739371,-1.7553944626216351,3,-1.629887546941841
5.922,0.1257642,-0.32932170000000005,9.334607400000001,-0.9535690729999118,1,0.7577499642526125,-1.769783245587612,3,-1.6563263797534098
5.938,0.11821050000000001,-0.36826739999999997,9.334607400000001,-0.9424469892183414,1,0.6951302363481509,-1.784951374085358,3,-1.6847642567107937
5.953,0.1497006,-0.4311495000000001,9.398961,-0.9299518189475293,1,0.8330113513874378,-1.7989943651466025,3,-1.7116438497550344
5.969,0.1571562,-0.3817071,9.398961,-0.9178105337468061,1,0.7588303250452004,-1.8137764639681573,3,-1.7405460163879525
5.985,0.1571562,-0.35777070000000005,9.433394100000001,-0.9051492132848225,1,0.7913325288739774,-1.8283601419444104,3,-1.769683109235253
6.0,0.1571562,-0.35777070000000005,9.433394100000001,-0.8927967055170338,1,0.8235005178525924,-1.841844736335424,3,-1.7972096458223512
6.016,0.1796211,-0.35777070000000005,9.455859,-0.8801882735795399,1,0.788026996093371,-1.8560286161681967,3,-1.8267926326423802
6.032,0.20208600000000002,-0.40711500000000006,9.455859,-0.867827690018574,1,0.7725364725603694,-1.8700127438769816,3,-1.8566009635227416
6.047,0.20208600000000002,-0.3951468000000001,9.5591583,-0.8532641989425525,1,0.9708994050681211,-1.8829209330441898,3,-1.8847479660996498
6.063,0.1781496,-0.3951468000000001,9.5336523,-0.8396889712886892,1,0.8484517283664498,-1.8964645584060398,3,-1.9149830500312517
6.078,0.1317483,-0.3487455,9.605559600000001,-0.8247548310249169,1,0.9956093509181208,-1.9089478869233922,3,-1.9435236433712235
6.094,0.1302768,-0.34580249999999996,9.605559600000001,-0.8101880204114558,1,0.910425663341318,-1.9220274297348832,3,-1.9741714459044897
6.11,0.1302768,-0.30685680000000004,9.634008600000001,-0.7953152852328849,1,0.9295459486606809,-1.934871456180038,3,-2.005026636991809
6.125,0.16765290000000002,-0.30685680000000004,9.6773688,-0.7797343397734942,1,1.0387296972927358,-1.9466843283675856,3,-2.0341383053759157
6.141,0.1526436,-0.36071369999999997,9.6773688,-0.7644941971844119,1,0.9525089118176391,-1.9590381566632489,3,-2.0653840852561625
6.172,0.16019730000000001,-0.3562992,9.717786,-0.7486417889345187,1,0.5113680080610761,-1.9824917644480922,3,-2.126477799033388
6.188,0.18266220000000002,-0.3622833,9.717786,-0.7331609753061663,1,0.9675508517720246,-1.9943461865620176,3,-2.1582925026414688
6.203,0.18266220000000002,-0.39818790000000004,9.7956774,-0.7161256316865359,1,1.1356895746419862,-2.0052158361144636,3,-2.1882892178115436
6.219,0.1990449,-0.39818790000000004,9.7821396,-0.6998278563324174,1,1.0186109596324036,-2.016543464018615,3,-2.2204632922126084
6.235,0.2140542,-0.36826739999999997,9.774684,-0.6841300984696161,1,0.9811098664250775,-2.0276151276570316,3,-2.252816560946014
6.25,0.1721655,-0.3712104,9.774684,-0.6688326659913599,1,1.0198288318837692,-2.0377623483904888,3,-2.2833068920163697
6.266,0.1721655,-0.3278502,9.7895952,-0.6535827012372408,1,0.9531227971324432,-2.0483416713283176,3,-2.3159957241741203
6.282,0.16019730000000001,-0.3278502,9.843550200000001,-0.6373945711762712,1,1.0117581288106017,-2.0586694895076256,3,-2.348851813460808
6.297,0.16019730000000001,-0.34128990000000003,9.843550200000001,-0.6215901400287827,1,1.0536287431659244,-2.068111874841663,3,-2.379802673693427
6.313,0.16019730000000001,-0.36973890000000004,9.827069400000001,-0.6065477758390667,1,0.9401477618572454,-2.077936978168606,3,-2.4129710645175093
6.328,0.11821050000000001,-0.36973890000000004,9.843550200000001,-0.5914851351033672,1,1.0041760490465965,-2.0869222250006745,3,-2.44420750854128
6.344,0.0928026,-0.41466870000000006,9.843550200000001,-0.5767528869494374,1,0.9207655096206128,-2.096268129177097,3,-2.4776730313747026
6.36,0.0928026,-0.41466870000000006,9.8240283,-0.5628556619221108,1,0.8685765642079116,-2.1053849975680694,3,-2.511286256388664
6.375,0.15421320000000002,-0.3532581,9.7986204,-0.5499562973093095,1,0.8599576408534368,-2.113731087262305,3,-2.5429296270248916
6.391,0.2065986,-0.3532581,9.7507476,-0.5385146538950263,1,0.7151027133927006,-2.1224388548719397,3,-2.5768189865619657
6.407,0.1721655,-0.36669779999999996,9.7507476,-0.5273562811356687,1,0.6973982974598496,-2.1309658223521852,3,-2.6108462239797587
6.422,0.1721655,-0.36669779999999996,9.7507476,-0.5164700638094661,1,0.7257478217468515,-2.1387945199392737,3,-2.642869426546944
6.438,0.1721655,-0.3532581,9.818044200000001,-0.5042213972909941,1,0.7655416574044998,-2.1469600516280773,3,-2.677155463119483
6.453,0.1392039,-0.35178660000000006,9.7956774,-0.49283063088910417,1,0.7593844267926354,-2.1544379418394284,3,-2.7094159480704905
6.469,0.1392039,-0.32932170000000005,9.788123700000002,-0.48192083752559967,1,0.681862085219031,-2.162235953586746,3,-2.7439493392339
6.485,0.1990449,-0.32932170000000005,9.7627158,-0.4718711614787541,1,0.6281047529278488,-2.169866289578781,3,-2.778606157179224
6.5,0.1990449,-0.32932170000000005,9.7627158,-0.46206659948183315,1,0.6536374664614089,-2.176870822785985,3,-2.811206685521959
6.516,0.10928340000000002,-0.36669779999999996,9.7627158,-0.4525032470294512,1,0.5977095282738704,-2.1841873815580755,3,-2.8460951511567116
6.532,0.10928340000000002,-0.40868460000000006,9.821085300000002,-0.44171019500154074,1,0.6745657517444043,-2.1913410890943235,3,-2.881099378921931
6.547,0.1870767,-0.4056435,9.8016615,-0.4316281213790578,1,0.6721382414988759,-2.197891126467178,3,-2.9140186205386414
6.563,0.1870767,-0.4056435,9.8016615,-0.42179195199126873,1,0.6147605867368172,-2.2047184870541403,3,-2.949239497446812
6.578,0.21709530000000002,-0.41309910000000005,9.8016615,-0.4121730236257459,1,0.6412618910348293,-2.2109732243712683,3,-2.982357185282504
6.594,0.21709530000000002,-0.3771945,9.862974000000001,-0.40133000597669266,1,0.6776886030658286,-2.2174812486080877,3,-3.0177848210663387
6.61,0.1990449,-0.3771945,9.8464932,-0.39116232577046617,1,0.6354800128891552,-2.223821187262065,3,-3.0533152405533
6.625,0.1946304,-0.347274,9.8464932,-0.38127161157627754,1,0.6593809462792563,-2.2296144417921653,3,-3.086716007771206
6.641,0.1946304,-0.3503151,9.8495343,-0.37154539718723356,1,0.6078883993152479,-2.2356369778622733,3,-3.1224380191284413
6.657,0.1392039,-0.3503151,9.839037600000001,-0.3623351289424548,1,0.5756417652986728,-2.241508022071311,3,-3.15825517912791
6.672,0.2080701,-0.34580249999999996,9.839037600000001,-0.35332377286565375,1,0.6007570717867485,-2.2468754638348716,3,-3.1919180552722057
6.688,0.2080701,-0.3218661,9.8495343,-0.3442961754482141,1,0.5642248385899767,-2.2524564234213824,3,-3.227912710370256
6.703,0.1661814,-0.3891627,9.7806681,-0.3371270666588533,1,0.4779405859573708,-2.257567097737186,3,-3.2617378867789464
6.719,0.10928340000000002,-0.3891627,9.7956774,-0.3297865705113061,1,0.4587810092216978,-2.262902406834547,3,-3.2979016428155203
6.735,0.16912439999999998,-0.38023560000000006,9.7956774,-0.32261293135342406,1,0.44835244736762775,-2.268121602849465,3,-3.3341498348929925
6.75,0.16912439999999998,-0.3907323,9.842078700000002,-0.31447351685021907,1,0.5426276335470108,-2.272899751210992,3,-3.3682074950484453
6.766,0.19757340000000004,-0.3907323,9.8689581,-0.30586476165938414,1,0.5380471994271825,-2.2778624574390687,3,-3.404613592717646
6.782,0.1870767,-0.37572300000000003,9.8689581,-0.29748516272718284,1,0.5237249332625811,-2.282689256834161,3,-3.4410980064318317
6.797,0.1870767,-0.3202965,9.8495343,-0.2898309931415799,1,0.5102779723735404,-2.2870941280031767,3,-3.475371381818111
6.813,0.1287072,-0.3202965,9.8495343,-0.2823863171515999,1,0.4652922493737495,-2.291671866485522,3,-3.5120015097740205
6.828,0.1631403,-0.3951468000000001,9.8495343,-0.2750445335423546,1,0.4894522406163356,-2.2958525978657267,3,-3.546407943256656
6.844,0.1631403,-0.4161402,9.719257500000001,-0.271034923382798,1,0.25060063497228646,-2.300221233521128,3,-3.5831765339077513
6.86,0.1002582,-0.3891627,9.856989900000002,-0.2638146053603041,1,0.4512698764058683,-2.3045000297510727,3,-3.620014304013929
6.875,0.1002582,-0.3891627,9.856989900000002,-0.2567703926554312,1,0.46961418032486846,-2.308404417236191,3,-3.654611087366333
6.891,0.1032993,-0.3891627,9.856989900000002,-0.249897224775383,1,0.429572992503013,-2.312457758175637,3,-3.6915779847696277
6.907,0.1032993,-0.3891627,9.7851807,-0.24494166896815273,1,0.3097222379518924,-2.3164164693255853,3,-3.7286089785896377
6.922,0.1571562,-0.3891627,9.818044200000001,-0.23928869877825676,1,0.3768646793264058,-2.3200481970836835,3,-3.7633824635877065
6.938,0.19757340000000004,-0.42663690000000004,9.818044200000001,-0.23371788170293684,1,0.34817606720749483,-2.323832249727533,3,-3.8005335071621964
6.953,0.19757340000000004,-0.3592422,9.8464932,-0.22765538371234229,1,0.40416653270628805,-2.3272925492181478,3,-3.83541694315429
6.969,0.2080701,-0.3592422,9.8644455,-0.22129800959331547,1,0.3973358824391756,-2.330884176364593,3,-3.872682356958952
6.985,0.2529999,-0.3487455,9.8644455,-0.2150792855402166,1,0.3886702533186789,-2.334375194725661,3,-3.910004431927674
7.0,0.2529999,-0.3487455,9.8644455,-0.2090122376835346,1,0.4044698571121416,-2.337555881149839,3,-3.9450439149967393
7.016,0.1571562,-0.38023560000000006,9.842078700000002,-0.2036584243727102,1,0.33461333192652515,-2.340857246446289,3,-3.9824712200175085
7.032,0.16765290000000002,-0.38023560000000006,9.8375661,-0.19854093644366522,1,0.3198429955653112,-2.34407484133282,3,-4.019950676719741
7.047,0.1482291,-0.3338343,9.8375661,-0.1935969070907717,1,0.3296019568595743,-2.347015875159328,3,-4.055133857093431
7.063,0.1482291,-0.38621970000000005,9.7507476,-0.19084237861223663,1,0.17215802990844226,-2.350091389444952,3,-4.0927107152102655
7.078,0.1482291,-0.38621970000000005,9.7507476,-0.18815503375513032,1,0.1791563238070806,-2.3529338700377074,3,-4.127983404656387
7.094,0.09427410000000001,-0.38621970000000005,9.8151012,-0.18398127851781076,1,0.2608597023324719,-2.355910960535891,3,-4.165654163300976
7.11,0.0898596,-0.4116276,9.8151012,-0.17988516597831783,1,0.25600703371830824,-2.35882189209186,3,-4.203372026121999
7.125,0.0898596,-0.39220380000000005,9.7821396,-0.17671160556609777,1,0.21157069414800822,-2.361496367878443,3,-4.238774413071775
7.141,0.10477080000000001,-0.39220380000000005,9.8016615,-0.17313609886137726,1,0.2234691690450317,-2.364295149513863,3,-4.2765807452109135
7.172,0.21258269999999999,-0.3891627,9.8405091,-0.1686616859296013,1,0.1443359010250328,-2.369593015178123,3,-4.349956011763639
7.188,0.21258269999999999,-0.4340925,9.848062800000001,-0.16406660168996723,1,0.2871927649771286,-2.372254841479079,3,-4.387890794616896
7.203,0.15421320000000002,-0.4340925,9.839037600000001,-0.159829960625812,1,0.28244273761033745,-2.3746840656964476,3,-4.4234928364207144
7.219,0.1362609,-0.46999710000000006,9.839037600000001,-0.15566292081946465,1,0.26043998789670986,-2.37720800874801,3,-4.46150797301627
7.235,0.1362609,-0.46999710000000006,9.7895952,-0.15280193208892534,1,0.17881179565870636,-2.3796757275712768,3,-4.499563042906825
7.25,0.1392039,-0.46999710000000006,9.831582000000001,-0.14898692251361645,1,0.2543339716872649,-2.3819391439807958,3,-4.535275154443465
7.266,0.145188,-0.3951468000000001,9.831582000000001,-0.14534309055341765,1,0.22773949751242453,-2.384293784085332,3,-4.5734050178679935
7.282,0.145188,-0.37268190000000007,9.848062800000001,-0.14140787078770956,1,0.2459512353567559,-2.386587791776061,3,-4.611572070474884
7.297,0.11821050000000001,-0.37268190000000007,9.834525,-0.13790735422226597,1,0.23336777102957765,-2.388682655963636,3,-4.647386598832932
7.313,0.113796,-0.39671639999999997,9.834525,-0.13447057342110114,1,0.21479880007280164,-2.390861679384783,3,-4.685622953515719
7.328,0.2230794,-0.35178660000000006,9.7956774,-0.132060321074432,1,0.16068348977793653,-2.3928606610934993,3,-4.721500871069308
7.344,0.2230794,-0.29783160000000003,9.8255979,-0.12902321168874664,1,0.1898193366053345,-2.3949493293556046,3,-4.759803350992901
7.36,0.23053500000000002,-0.29783160000000003,9.854046900000002,-0.12536261330892273,1,0.22878739873899415,-2.3969844159555858,3,-4.798138820955391
7.375,0.21709530000000002,-0.3652263,9.854046900000002,-0.12174347975589228,1,0.24127557020203524,-2.398837711653572,3,-4.834107486912458
7.391,0.21709530000000002,-0.40417200000000003,9.7971489,-0.11956181713117608,1,0.13635391404476216,-2.4007681540286687,3,-4.872504333837917
7.407,0.16019730000000001,-0.40417200000000003,9.8196138,-0.1169126726711216,1,0.16557152875340528,-2.402659949947087,3,-4.910931758669722
7.422,0.1586277,-0.37425150000000007,9.8196138,-0.11435766108963641,1,0.1703341054323496,-2.4043944774502926,3,-4.946984666875202
7.438,0.1586277,-0.36826739999999997,9.871999200000001,-0.11059384600671862,1,0.2352384426823615,-2.4061940895070633,3,-4.985469375410861
7.453,0.11978010000000001,-0.36826739999999997,9.8105886,-0.10843184247783988,1,0.14413356859191068,-2.4078367821706976,3,-5.0215746069484455
7.469,0.11821050000000001,-0.36826739999999997,9.8105886,-0.10632303472550397,1,0.13180048452099402,-2.4095548211883244,3,-5.060113739775318
7.485,0.11821050000000001,-0.43262100000000003,9.8105886,-0.10420165236613066,1,0.132586397460832,-2.4112390186850576,3,-5.098680090494305
7.5,0.11821050000000001,-0.39818790000000004,9.8375661,-0.10151013663986674,1,0.17943438175093152,-2.4127818571026025,3,-5.134860247062712
7.516,0.1796211,-0.39818790000000004,9.821085300000002,-0.0992631900706975,1,0.14043416057307734,-2.4143880437162872,3,-5.173477606269263
7.532,0.18109260000000002,-0.3562992,9.821085300000002,-0.09710959715713052,1,0.13459955709793625,-2.41595902601411,3,-5.2121203828271065
7.547,0.18109260000000002,-0.37572300000000003,9.7911648,-0.09571999952124699,1,0.09263984239223749,-2.4174052479891976,3,-5.2483706148821305
7.563,0.23053500000000002,-0.37572300000000003,9.8405091,-0.09313666236819707,1,0.16145857206562017,-2.4189161012843132,3,-5.287061185676318
7.578,0.12272310000000002,-0.37866600000000006,9.8405091,-0.09066074002621427,1,0.16506148946551338,-2.4202945818022714,3,-5.323355265799469
7.594,0.12272310000000002,-0.4056435,9.854046900000002,-0.08788912249996272,2,0.17322609539072148,-2.421722980702481,3,-5.362091406299507
7.61,0.173637,-0.4056435,9.889951500000002,-0.08429160128259205,2,0.22484507608566665,-2.4231004264927414,3,-5.4008499935570695
7.625,0.1362609,-0.3307932,9.871999200000001,-0.08130158407300492,2,0.19933448063914672,-2.4243423753829085,3,-5.437205814571136
7.641,0.1870767,-0.37572300000000003,9.871999200000001,-0.07832502961174193,2,0.18603465382893686,-2.4256193882923864,3,-5.476005508680538
7.657,0.1870767,-0.3503151,9.8524773,-0.0759196010292662,2,0.15033928640473246,-2.4268533453375145,3,-5.514825290549577
7.672,0.17069399999999998,-0.3503151,9.883967400000001,-0.07281263748303246,2,0.20713090308225396,-2.4279688371263566,3,-5.551236456918056
7.688,0.24701580000000004,-0.3262806,9.883967400000001,-0.06976219843465614,2,0.19065244052351976,-2.429109435813698,3,-5.590093083101576
7.703,0.24701580000000004,-0.3262806,9.883967400000001,-0.0667861603386779,2,0.1984025397318751,-2.430133548504498,3,-5.626537405483964
7.719,0.24701580000000004,-0.3532581,9.842078700000002,-0.06488081137324642,2,0.11908431033946776,-2.431186884278193,3,-5.665427968946225
7.735,0.2200383,-0.3532581,9.783611100000002,-0.06446229040961171,2,0.02615756022716906,-2.432221629092456,3,-5.70433523705319
7.75,0.1946304,-0.36973890000000004,9.783611100000002,-0.06405225904935641,2,0.02733542401702078,-2.4331854882133985,3,-5.740825790432983
7.766,0.1946304,-0.38023560000000006,9.818044200000001,-0.06280338973973443,2,0.07805433185137371,-2.4342003334037114,3,-5.7797648770059205
7.782,0.142245,-0.38023560000000006,9.806076000000001,-0.06189853873415174,2,0.05655318784891778,-2.4351979488315028,3,-5.818720063263802
7.797,0.1437165,-0.3532581,9.8255979,-0.06056403834082147,2,0.08896669288868679,-2.436116418159565,3,-5.855254921016234
7.813,0.1466595,-0.36669779999999996,9.8255979,-0.05924902682616029,2,0.08218821966632366,-2.437074922680901,3,-5.8942404517429585
7.828,0.1466595,-0.37268190000000007,9.845021700000002,-0.057487242798888616,2,0.11745226848477378,-2.437950444703089,3,-5.93080314199834
7.844,0.10182780000000001,-0.37268190000000007,9.8240283,-0.0562938569649738,2,0.07458661461967601,-2.4388606935011996,3,-5.969817631103974
7.86,0.0868185,-0.40113090000000007,9.8240283,-0.05510578504121355,2,0.07425449523501541,-2.439751890637249,3,-6.008846531777082
7.875,0.0868185,-0.36669779999999996,9.9243846,-0.05153354996740234,2,0.2381490049207527,-2.4405516856498135,3,-6.045448808599234
7.891,0.1377324,-0.36669779999999996,9.967744800000002,-0.04697765785162211,2,0.28474325723626376,-2.4413397753123656,3,-6.084503940286932
7.907,0.1721655,-0.3532581,9.967744800000002,-0.042531668957131785,2,0.2778743059056452,-2.4420558499268354,3,-6.123571105288845
7.922,0.1721655,-0.35178660000000006,9.8689581,-0.04060294247298124,2,0.12858176561003906,-2.442679359512561,3,-6.16020661935964
7.938,0.2230794,-0.35178660000000006,9.7791966,-0.040883751706124016,2,-0.017550577071423476,-2.443331253065994,3,-6.199294704260268
7.953,0.1646118,-0.32932170000000005,9.821085300000002,-0.040184066726521195,2,0.046645665306853,-2.443939261704239,3,-6.235949233121046
7.969,0.1437165,-0.36669779999999996,9.821085300000002,-0.03947716255862055,2,0.044181510493790335,-2.4445765515385203,3,-6.275057359626988
7.985,0.1437165,-0.3712104,9.8120601,-0.03900331457619899,2,0.029615498901347487,-2.445204395355599,3,-6.314175607202141
8.0,0.16912439999999998,-0.3712104,9.7806681,-0.039296148674008435,2,-0.01952227318729687,-2.4457916413299756,3,-6.350858077477282
8.016,0.1332198,-0.3307932,9.7806681,-0.039630715517791515,2,-0.020910427736442454,-2.44642305624351,3,-6.38999579505787
8.032,0.1332198,-0.36071369999999997,9.8165727,-0.03905629448621717,2,0.03590131447339658,-2.4470525523235422,3,-6.429143599926406
8.047,0.1287072,-0.36071369999999997,9.8076456,-0.038714919441032336,2,0.02275833634565467,-2.4476358364279966,3,-6.465853762842044
8.063,0.1511721,-0.36973890000000004,9.8076456,-0.03836586804128039,2,0.02181571248449641,-2.448252482727855,3,-6.505020869395291
8.078,0.1511721,-0.3143124,9.7895952,-0.03851241481964607,2,-0.009769785224379112,-2.448829069849312,3,-6.541748981039617
8.094,0.20208600000000002,-0.3143124,9.8794548,-0.03644288011702379,2,0.12934591891389224,-2.4494287122088054,3,-6.580935043296082
8.11,0.1915893,-0.344331,9.895935600000001,-0.03400287954270631,2,0.15250003589484237,-2.4499922782860835,3,-6.620130411220041
8.125,0.1870767,-0.3427614,9.895935600000001,-0.03162582328526575,2,0.15847041716269783,-2.450484493557293,3,-6.656883987008867
8.141,0.1870767,-0.34128990000000003,9.831582000000001,-0.030876363053202738,2,0.0468412645039384,-2.450984511048001,3,-6.69609573904571
8.157,0.1631403,-0.34128990000000003,9.839037600000001,-0.029973863086668828,2,0.056406247908369296,-2.45147131285712,3,-6.735315385636951
8.172,0.145188,-0.3996594,9.839037600000001,-0.029046669710725226,2,0.06181289172957115,-2.4519139668531005,3,-6.772090775234779
8.188,0.145188,-0.34580249999999996,9.8120601,-0.02884932082402969,2,0.012334305418471015,-2.4523771347773784,3,-6.811325104047823
8.203,0.1272357,-0.34580249999999996,9.7656588,-0.029793797489308105,2,-0.0629651110185661,-2.4528169581647283,3,-6.848114059744885
8.219,0.1272357,-0.38621970000000005,9.7656588,-0.030678320617480992,2,-0.0552826955108054,-2.4533007351095826,3,-6.88736300129108
8.235,0.1272357,-0.3817071,9.7926363,-0.03088816216959067,2,-0.013115097006854969,-2.453793266971879,3,-6.926619753307731
8.25,0.1392039,-0.3817071,9.871999200000001,-0.029154887962009823,2,0.11555161383871884,-2.454243589847866,3,-6.963430029733881
8.266,0.17667810000000003,-0.3996594,9.8240283,-0.028600838377627724,2,0.03462809902388117,-2.4547056356585832,3,-7.0027016235379325
8.282,0.1466595,-0.3547296,9.8240283,-0.028114378833670628,2,0.030403721497318487,-2.4551593573962736,3,-7.041980543482372
8.297,0.1466595,-0.37866600000000006,9.898878600000002,-0.025793938699873564,2,0.15469600891979837,-2.455563669777775,3,-7.078810966186179
8.313,0.16765290000000002,-0.37866600000000006,9.8809263,-0.02395945011536149,2,0.11465553653200446,-2.455961696888297,3,-7.118103169119507
8.328,0.17069399999999998,-0.37572300000000003,9.8809263,-0.022171174083570833,2,0.11921840211938685,-2.456307676569789,3,-7.15494518942044
8.344,0.17069399999999998,-0.3712104,9.889951500000002,-0.020210731936028736,2,0.12252763422138091,-2.4566467318179455,3,-7.194248824687542
8.36,0.1646118,-0.3712104,9.877983300000002,-0.018592279339760154,2,0.10115328726678632,-2.456957155908152,3,-7.233557655789351
8.375,0.1466595,-0.33981839999999996,9.877983300000002,-0.017047729932352595,2,0.10296996049383332,-2.4572244559776926,3,-7.270414017878497
8.391,0.1466595,-0.3547296,9.848062800000001,-0.0162572920779418,2,0.049402365900674775,-2.457490896153775,3,-7.309731740695549
8.407,0.1466595,-0.3547296,9.848062800000001,-0.015486133195588891,2,0.048197430147056644,-2.4577448435559632,3,-7.349053626613227
8.422,0.16765290000000002,-0.38621970000000005,9.8016615,-0.01582745084124859,2,-0.022754509710645805,-2.4579796954362396,3,-7.385921560655669
8.438,0.23053500000000002,-0.3338343,9.8016615,-0.016176207742134352,2,-0.02179730630536001,-2.4582357247049065,3,-7.425251284016799
8.453,0.23053500000000002,-0.36826739999999997,9.8375661,-0.015611541031379517,2,0.03764444738365872,-2.4584741328207076,3,-7.462126607948238
8.469,0.23053500000000002,-0.36826739999999997,9.8375661,-0.01506064667942475,2,0.034430896997172916,-2.458719510322394,3,-7.501464157093383
8.485,0.17510850000000003,-0.36826739999999997,9.821085300000002,-0.014952660018748176,2,0.006749166292285829,-2.4589596167759793,3,-7.54080559011017
8.5,0.16912439999999998,-0.38023560000000006,9.821085300000002,-0.014838748878103658,2,0.007594076042967588,-2.4591830523427056,3,-7.577691660128562
8.516,0.0868185,-0.39818790000000004,9.866015100000002,-0.013641502799471183,2,0.07482787991452959,-2.459410894356126,3,-7.617040411702153
8.532,0.10928340000000002,-0.4056435,9.866015100000002,-0.01246061588214431,2,0.07380543233292951,-2.459619711305579,3,-7.656392656547446
8.547,0.10928340000000002,-0.3891627,9.8255979,-0.012309664000079934,2,0.010063458804291369,-2.4598054884046956,3,-7.693288345545274
8.563,0.10928340000000002,-0.3891627,9.8255979,-0.012162393871236077,2,0.009204383052741063,-2.460001264867666,3,-7.732646799571453
8.578,0.1107549,-0.41309910000000005,9.8225568,-0.012068604229256152,2,0.006252642798662134,-2.46018299735342,3,-7.7695481815381084
8.594,0.113796,-0.45950040000000003,9.8225568,-0.011926038388851978,2,0.008910365025260871,-2.4603749544943647,3,-7.8089126451528905
8.61,0.113796,-0.43262100000000003,9.836094600000001,-0.011486840067444604,2,0.027449895087960894,-2.460562257522015,3,-7.848280142849021
8.625,0.113796,-0.43262100000000003,9.836094600000001,-0.01105835390021781,2,0.02856574448178516,-2.4607313464767726,3,-7.885189844879013
8.641,0.1332198,-0.43262100000000003,9.836094600000001,-0.010634376126819944,2,0.026498610837366574,-2.460904888316989,3,-7.924562934757364
8.657,0.173637,-0.37268190000000007,9.836094600000001,-0.010265165283533051,2,0.02307567770543082,-2.461072084648272,3,-7.963938750541086
8.672,0.173637,-0.344331,9.821085300000002,-0.010295941235634487,2,-0.0020517301400956645,-2.461226292947166,3,-8.000855988373052
8.688,0.16019730000000001,-0.344331,9.8165727,-0.01044151468984289,2,-0.009098340888025183,-2.4613921925945697,3,-8.040236936257386
8.703,0.1482291,-0.31136939999999996,9.8165727,-0.010614951578350684,2,-0.011562459233853874,-2.461550116091581,3,-8.077159003572529
8.719,0.1526436,-0.36826739999999997,9.843550200000001,-0.010077056970430931,2,0.03361841299498455,-2.4617156521599712,3,-8.116545129718542
8.735,0.1526436,-0.3487455,9.883967400000001,-0.00858455754017129,2,0.09328121439122752,-2.461864945076056,3,-8.15593377449643
8.75,0.1661814,-0.3487455,9.8240283,-0.008583946197838088,2,4.075615554673426e-05,-2.461993708854091,3,-8.192862714400908
8.766,0.1317483,-0.3503151,9.8240283,-0.008594713813856458,2,-0.0006729760011481283,-2.462131138134185,3,-8.232255713176814
8.782,0.1317483,-0.3712104,9.848062800000001,-0.00800077996986559,2,0.03712086524942922,-2.462263902084455,3,-8.271650873498563
8.797,0.1915893,-0.3712104,9.8091171,-0.008346430772588675,2,-0.023043386848204818,-2.462386506165023,3,-8.308585751560436
8.813,0.2230794,-0.344331,9.8091171,-0.008691321720794676,2,-0.021555684262874998,-2.4625228081849704,3,-8.347985026075236
8.828,0.2230794,-0.32932170000000005,9.845021700000002,-0.0081653550864349,2,0.03506444229065454,-2.4626492332610246,3,-8.384923816386078
8.844,0.2200383,-0.32932170000000005,9.788123700000002,-0.009040512717099602,2,-0.05469735191654385,-2.4627868802034527,3,-8.424327305293794
8.86,0.16019730000000001,-0.33824879999999996,9.788123700000002,-0.00991523292091756,2,-0.05467001273862233,-2.462938526168557,3,-8.46373310854477
8.875,0.1631403,-0.35178660000000006,9.7956774,-0.010571711574430154,2,-0.04376524356750456,-2.463092178252272,3,-8.500678338827926
8.891,0.1631403,-0.4116276,9.839037600000001,-0.010098864346469227,2,0.02955295174755787,-2.4632575428596395,3,-8.540089136596821
8.907,0.1332198,-0.4116276,9.834525,-0.009758486845335312,2,0.021273593820869668,-2.463416401669174,3,-8.579502528153052
8.922,0.1062423,-0.33226469999999997,9.834525,-0.009507565488519276,2,0.01672809045440178,-2.463560897061678,3,-8.616454857893535
8.938,0.1062423,-0.3547296,9.8615025,-0.008586116079722927,2,0.05759058804977175,-2.463705646514224,3,-8.655872990242143
8.953,0.0868185,-0.3547296,9.8255979,-0.008566895073879977,2,0.0012814003895301662,-2.463834294097876,3,-8.692829539796731
8.969,0.1002582,-0.39818790000000004,9.8255979,-0.008504445105373293,2,0.003903123031667729,-2.46397086481931,3,-8.73225198106807
8.985,0.1002582,-0.40417200000000003,9.8136297,-0.008729209471091792,2,-0.014047772857406203,-2.464108734055922,3,-8.771676617859072
9.0,0.1526436,-0.40417200000000003,9.8689581,-0.007583869119148545,2,0.07635602346288024,-2.4642310821453486,3,-8.808639166480583
9.016,0.16912439999999998,-0.36669779999999996,9.8689581,-0.0064955815485561175,2,0.06801797316202668,-2.4643437177506904,3,-8.848067764879751
9.032,0.1930608,-0.33981839999999996,9.845021700000002,-0.006029937616816028,2,0.029102745733755573,-2.4644439219040133,3,-8.887498065996988
9.047,0.1930608,-0.3652263,9.7536906,-0.007779090393466248,2,-0.11661018511001026,-2.46454748961409,3,-8.924465501583375
9.063,0.19757340000000004,-0.3652263,9.806076000000001,-0.008206836325213018,2,-0.026734120734173115,-2.46467537702784,3,-8.963899284516511
9.078,0.1437165,-0.37572300000000003,9.806076000000001,-0.008637324550070602,2,-0.028699214990507888,-2.4648017082344045,3,-9.000870362655975
9.094,0.1437165,-0.3503151,9.818044200000001,-0.008788546030968902,2,-0.009451342556143763,-2.464941115199053,3,-9.040308305243443
9.11,0.18109260000000002,-0.3503151,9.8225568,-0.008811036705518305,2,-0.0014056671593376522,-2.465081911860945,3,-9.079748489459922
9.125,0.21258269999999999,-0.35178660000000006,9.8225568,-0.008816318890064068,2,-0.00035214563638418016,-2.465214117027912,3,-9.11672570967659
9.141,0.21258269999999999,-0.35178660000000006,9.8225568,-0.008821472240839512,2,-0.00032208442346526284,-2.465355219356959,3,-9.156170264367669
9.157,0.21258269999999999,-0.36071369999999997,9.845021700000002,-0.008271181607339528,2,0.03439316459374894,-2.4654919605877446,3,-9.195617041807226
9.172,0.145188,-0.3831786,9.8615025,-0.007341847926626954,2,0.061955578714169256,-2.465609058309249,3,-9.232600299448956
9.188,0.145188,-0.3831786,9.8615025,-0.006435180921052108,2,0.05666668784842783,-2.4657192745400307,3,-9.272050926111751
9.203,0.17510850000000003,-0.4281084,9.8615025,-0.005493755600905814,2,0.062761688009758,-2.4658087415639454,3,-9.309037386232529
9.235,0.1661814,-0.3847482,9.888480000000001,-0.003965202340253882,2,0.04776728939537285,-2.465960084891004,3,-9.387945687455808
9.235,0.18413369999999998,-0.37572300000000003,9.888480000000001,-0.002474638672705254,2,0.0,-2.465960084891004,3,-9.387945687455808
9.25,0.18413369999999998,-0.37572300000000003,9.888480000000001,-0.0010204302165615076,2,0.09694723040957941,-2.4659862979076737,3,-9.4249352853268
9.266,0.18413369999999998,-0.4101561,9.8689581,-4.400147383165631e-05,2,0.06102679642061565,-2.465994813361197,3,-9.464391134216951
9.282,0.1482291,-0.4101561,9.836094600000001,9.311598805794574e-05,2,0.008569841368100121,-2.465994420445083,3,-9.503847048087401
9.297,0.173637,-0.4101561,9.836094600000001,0.0002370182441815416,2,0.009593483741572694,-2.465991944438341,3,-9.540836945824028
9.313,0.173637,-0.3817071,9.8240283,5.547445936926465e-05,2,-0.0113464865507673,-2.4659896044967127,3,-9.580292798215508
9.328,0.17510850000000003,-0.3817071,9.8136297,-0.000374397698891471,2,-0.028658143884051353,-2.465991996421009,3,-9.617282660222388
9.344,0.13469129999999999,-0.3817071,9.833053500000002,-0.00033598169684800894,2,0.0024010001277163773,-2.465997679456175,3,-9.656738577629406
9.36,0.08083440000000001,-0.4505733,9.833053500000002,-0.00024186892476585342,2,0.0058820482551347145,-2.466002302261148,3,-9.696194577483144
9.375,0.08083440000000001,-0.46107000000000004,9.8136297,-0.0006114110306061349,2,-0.024636140389351163,-2.4660087018608134,3,-9.73318466001406
9.391,0.1212516,-0.46107000000000004,9.8105886,-0.0010358875949592061,2,-0.026529785272066928,-2.466021880249818,3,-9.772640904670945
9.407,0.1721655,-0.3712104,9.8105886,-0.001524331104267418,2,-0.03052771933176321,-2.4660423619994116,3,-9.81209741860894
9.422,0.1721655,-0.3503151,9.8120601,-0.0019837248750711467,2,-0.03062625138691409,-2.4660686724192566,3,-9.84908825136708
9.438,0.17510850000000003,-0.3503151,9.8674866,-0.0010798483735534603,2,0.05649228134485535,-2.4660931810052458,3,-9.888545546194477
9.453,0.1930608,-0.34128990000000003,9.7866522,-0.002167566776927643,2,-0.07251456022495135,-2.4661175366188743,3,-9.925537126576655
9.469,0.16912439999999998,-0.34128990000000003,9.827069400000001,-0.0022545073147437478,2,-0.0054337836135065435,-2.466152913211608,3,-9.964995290175299
9.485,0.2394621,-0.3008727,9.8076456,-0.002809262555661718,2,-0.034672202557373105,-2.466193423370571,3,-10.004454060867957
9.5,0.2394621,-0.3008727,9.8076456,-0.0033504871809473258,2,-0.03608164168570582,-2.4662396214935955,3,-10.04144730870444
9.516,0.1781496,-0.34580249999999996,9.8076456,-0.0038742244922485014,2,-0.03273358195632345,-2.466297419186981,3,-10.080907605029884
9.532,0.1781496,-0.3831786,9.7791966,-0.005044570681981497,2,-0.07314663685831217,-2.466368769548375,3,-10.120368934539767
9.547,0.1406754,-0.3831786,9.800091900000002,-0.005692058752529761,2,-0.043165871369882584,-2.466449294269134,3,-10.1573650700184
9.563,0.1437165,-0.4176117,9.800091900000002,-0.006288399086464835,2,-0.03727127087094214,-2.466545137931846,3,-10.196829025476008
9.578,0.21552570000000001,-0.3562992,9.836094600000001,-0.006019788220877231,2,0.017907391039175047,-2.466637449336651,3,-10.23382789488052
9.594,0.15421320000000002,-0.36826739999999997,9.836094600000001,-0.005775068951340501,2,0.01529495434604565,-2.466731808194029,3,-10.273294848940765
9.61,0.15421320000000002,-0.36826739999999997,9.836094600000001,-0.005536318444475441,2,0.014921906679066219,-2.466822299293195,3,-10.312763281800663
9.625,0.15421320000000002,-0.37866600000000006,9.871999200000001,-0.00441880026539998,2,0.07450121193836122,-2.4668969626835193,3,-10.34976617626549
9.641,0.18864630000000002,-0.3847482,9.8809263,-0.003090707590555297,2,0.08300579217779262,-2.466957038746367,3,-10.389237008276929
9.672,0.1302768,-0.3847482,9.8076456,-0.0036037766661660697,2,-0.016550615342282672,-2.467060803252346,3,-10.46571428482791
9.672,0.19610190000000002,-0.34580249999999996,9.8076456,-0.00411298869082799,2,0.0,-2.467060803252346,3,-10.46571428482791
9.688,0.19610190000000002,-0.3817071,9.7552602,-0.005853795004087559,2,-0.10880039457872294,-2.4671405375219053,3,-10.505187895554105
9.703,0.1377324,-0.3817071,9.783611100000002,-0.0068855899938196075,2,-0.06878633264880879,-2.46723608290939,3,-10.542195720207337
9.719,0.1377324,-0.3817071,9.783611100000002,-0.0078922192520956,2,-0.0629143286422495,-2.467354305383357,3,-10.581672443313678
9.735,0.1002582,-0.3876912,9.783611100000002,-0.008879669790472278,2,-0.06171565864854228,-2.467488480495698,3,-10.621151185600711
9.75,0.1526436,-0.4101561,9.8255979,-0.008781166862474876,2,0.006566861866493181,-2.467620936770595,3,-10.658164506230209
9.766,0.1526436,-0.4101561,9.8255979,-0.008685066444916956,2,0.006006276097370028,-2.467760666637054,3,-10.69764755905747
9.782,0.2006145,-0.3562992,9.8255979,-0.008621482777122935,2,0.003973979237126276,-2.4678991190308306,3,-10.737132837342813
9.797,0.2006145,-0.347274,9.860031000000001,-0.007728189048824774,2,0.05955291521987516,-2.468021741569525,3,-10.774152243797317
9.813,0.1990449,-0.3592422,9.883967400000001,-0.006263698721244992,2,0.09153064547373627,-2.4681336766716857,3,-10.813641487143247
9.828,0.1586277,-0.36826739999999997,9.8375661,-0.0059754591117453515,2,0.019215973966644272,-2.468225470355433,3,-10.850664180745948
9.844,0.1586277,-0.3367773,9.9093753,-0.0039715507417597,2,0.12524427312410313,-2.4683050464342613,3,-10.890156424880265
9.86,0.1586277,-0.3367773,9.9093753,-0.0020165181856750536,2,0.12218953475529026,-2.4683529509856807,3,-10.929649688859625
9.875,0.1511721,-0.3367773,9.8405091,-0.0017905008872745043,2,0.015067819893369382,-2.468381503628728,3,-10.966675197269234
9.891,0.1212516,-0.3622833,9.8405091,-0.0015580097379430669,2,0.014530696833214828,-2.4684082917137298,3,-11.006169515631974
9.907,0.1212516,-0.3817071,9.803133,-0.0022241495481392093,2,-0.04163373813725887,-2.4684385489880185,3,-11.045664290357589
9.922,0.145188,-0.3817071,9.8136297,-0.0026103195880313734,2,-0.0257446693261433,-2.46847480750654,3,-11.0826911405313
9.938,0.10477080000000001,-0.38023560000000006,9.8136297,-0.0030010067332533197,2,-0.02441794657637162,-2.46851969811711,3,-11.122187096576289
9.953,0.10477080000000001,-0.4176117,9.783611100000002,-0.004076595865285526,2,-0.0717059421354862,-2.468572780136599,3,-11.15921529016319
9.969,0.1796211,-0.33226469999999997,9.827069400000001,-0.0041199735138199856,2,-0.002711103033403714,-2.468638352691632,3,-11.198712979225816
9.985,0.1856052,-0.33226469999999997,9.831582000000001,-0.004049601977195394,2,0.0043982210390369715,-2.4687037092955597,3,-11.238211715721713
10.0,0.15568469999999998,-0.34580249999999996,9.831582000000001,-0.003982225993173216,2,0.00449173226814501,-2.4687639480053374,3,-11.275242723151472
10.016,0.15568469999999998,-0.35777070000000005,9.8165727,-0.00427184859996288,2,-0.01810141292435395,-2.4688299806020826,3,-11.31474347458033
10.032,0.173637,-0.35777070000000005,9.8734707,-0.0031604432872036625,2,0.06946283204745102,-2.46888943893718,3,-11.354245229936645
10.047,0.10928340000000002,-0.32932170000000005,9.8734707,-0.0021227436821007473,2,0.06917997367352506,-2.46892906283945,3,-11.39127886869997
10.063,0.10928340000000002,-0.3278502,9.8944641,-0.0005998260513848663,2,0.09518235191974247,-2.4689508433973177,3,-11.430781907949864
10.078,0.16166880000000003,-0.3278502,9.8689581,0.0002817579079241739,2,0.058772263953940744,-2.4689532289083935,3,-11.467816188492154
10.094,0.08534699999999999,-0.3532581,9.7926363,-0.0007203073335713128,2,-0.06262907759346786,-2.468956737303799,3,-11.507319468221851
10.11,0.08534699999999999,-0.37866600000000006,9.818044200000001,-0.00105557006400403,2,-0.020953920652044804,-2.4689709443229795,3,-11.546822889674866
10.125,0.08534699999999999,-0.37866600000000006,9.818044200000001,-0.0013826556546696622,2,-0.021805706044374658,-2.4689892310158696,3,-11.58385759098991
10.141,0.17667810000000003,-0.37866600000000006,9.843550200000001,-0.0010505271684806416,2,0.02075803038681377,-2.469008696478455,3,-11.623361574409865
10.157,0.19011780000000003,-0.3831786,9.843550200000001,-0.0007161424433128616,2,0.020899045322986236,-2.469022829835349,3,-11.662865826620376
10.172,0.19011780000000003,-0.36973890000000004,9.8285409,-0.0007681922085804871,2,-0.003469984351174902,-2.469033962345238,3,-11.699901252561732
10.188,0.17667810000000003,-0.36973890000000004,9.8016615,-0.001480108183594453,2,-0.044494748438372825,-2.4690519487483757,3,-11.739405939850482
10.203,0.1796211,-0.37268190000000007,9.821085300000002,-0.0016973101570147975,2,-0.014480131561357468,-2.46907577938593,3,-11.776441897811486
10.219,0.13469129999999999,-0.37268190000000007,9.843550200000001,-0.0013792553864089285,2,0.019878423162866792,-2.4691003919102776,3,-11.815947307181855
10.235,0.1466595,-0.37425150000000007,9.843550200000001,-0.0010633385194314116,2,0.019744804186094794,-2.4691199326615245,3,-11.855453069778429
10.25,0.1466595,-0.37425150000000007,9.843550200000001,-0.0007551269418915041,2,0.02054743850265972,-2.4691335711524847,3,-11.892489971057035
10.266,0.1392039,-0.4101561,9.8495343,-0.0002763974854200768,2,0.029920591029464177,-2.469141823347903,3,-11.931996174213038
10.282,0.1392039,-0.4400766,9.874942200000001,0.0008411480402479299,2,0.06984659535425036,-2.4691373053434647,3,-11.97150240724257
10.297,0.11526750000000001,-0.4400766,9.854046900000002,0.001414821790184817,2,0.03824491666245769,-2.4691203855697363,3,-12.00853933992442
10.313,0.09878670000000002,-0.43713360000000007,9.854046900000002,0.0019669505652224473,2,0.03450804843985186,-2.469093331390893,3,-12.048045049660105
10.328,0.09878670000000002,-0.3996594,9.842078700000002,0.0021751890864667445,2,0.013882568082954265,-2.4690622653435055,3,-12.08508121663561
10.344,0.18266220000000002,-0.3996594,9.842078700000002,0.0024075718329754636,2,0.014523921656794935,-2.4690256032561497,3,-12.124585919584407
10.36,0.1870767,-0.344331,9.842078700000002,0.0025853476781652063,2,0.011110990324358905,-2.468985659900061,3,-12.164090009689657
10.375,0.1870767,-0.35178660000000006,9.8240283,0.00232532046173084,2,-0.017335147762290438,-2.4689488298890114,3,-12.201124518363077
10.391,0.1870767,-0.35178660000000006,9.8240283,0.00207163537252697,2,-0.01585531807524186,-2.4689136542423373,3,-12.240627418236128
10.407,0.17069399999999998,-0.35178660000000006,9.836094600000001,0.002110935141734771,2,0.002456235575487573,-2.468880193678223,3,-12.280129769019492
10.422,0.1856052,-0.3427614,9.836094600000001,0.0021480925443544407,2,0.0024771601746445535,-2.4688482509705776,3,-12.31716273235436
10.438,0.1721655,-0.30685680000000004,9.8809263,0.0032422490621470956,2,0.06838478236204087,-2.4688051282377255,3,-12.356663959388026
10.453,0.1721655,-0.30685680000000004,9.8809263,0.004309718835603604,2,0.07116465156377297,-2.4687484884784925,3,-12.393695611513396
10.469,0.142245,-0.30685680000000004,9.7791966,0.0028598044661904964,2,-0.09061964808831915,-2.468691132292078,3,-12.43319512847956
10.485,0.0973152,-0.3712104,9.7851807,0.0016320611104010396,2,-0.07673395973684098,-2.468655197367465,3,-12.472693899116837
10.5,0.0973152,-0.3712104,9.7851807,0.0004342627145099698,2,-0.07985322639273497,-2.468639699938778,3,-12.509723610846637
10.516,0.15421320000000002,-0.3712104,9.7851807,-0.0007164992932064962,2,-0.07192262548227905,-2.468641957831408,3,-12.549221864108798
10.532,0.23053500000000002,-0.3891627,9.7851807,-0.0017856360234596025,2,-0.06682104564081909,-2.468661974913941,3,-12.588720295570761
10.547,0.2499588,-0.38023560000000006,9.830012400000001,-0.0017333469614442265,2,0.0034859374676915996,-2.468688367286328,3,-12.625750423137264
10.563,0.2499588,-0.38023560000000006,9.830012400000001,-0.0016823332424049653,2,0.003188357439953823,-2.4687156927279585,3,-12.665249655617378
10.578,0.16166880000000003,-0.38023560000000006,9.830012400000001,-0.0016776064204453434,2,0.00031512146397482066,-2.46874089227543,3,-12.702280580004901
10.594,0.1212516,-0.3996594,9.8794548,-0.0004635611321450739,2,0.07587783051876677,-2.4687580216158507,3,-12.741780571316031
10.61,0.1212516,-0.37425150000000007,9.830012400000001,-0.0005083311243510025,2,-0.002798124512870534,-2.4687657967539027,3,-12.78128076186299
10.625,0.11526750000000001,-0.37425150000000007,9.860031000000001,0.00017781880296041663,2,0.04574332848742621,-2.468768275596313,3,-12.818312267405618
10.641,0.1377324,-0.3562992,9.860031000000001,0.0008380490391193263,2,0.04126438975993182,-2.4687601486535766,3,-12.857812494799617
10.657,0.1377324,-0.39220380000000005,9.8285409,0.0007480207624013246,2,-0.005626767294875096,-2.4687474600951647,3,-12.897312555669608
10.672,0.0658251,-0.39220380000000005,9.848062800000001,0.0011177974765370635,2,0.024651780942381657,-2.4687334664583727,3,-12.93434366261876
10.688,0.1511721,-0.4176117,9.848062800000001,0.0015269243022864032,2,0.025570426609333705,-2.4687123086841423,3,-12.9738432288199
10.703,0.1511721,-0.3771945,9.8091171,0.0009372454231346694,2,-0.03931192527678542,-2.468693827411202,3,-13.010873774840613
10.719,0.20208600000000002,-0.3771945,9.8076456,0.00034843328007738705,2,-0.03680075894108011,-2.468683541981576,3,-13.050372793795756
10.735,0.21552570000000001,-0.3083283,9.8076456,-0.00027769668889554566,2,-0.03913312306080826,-2.4686829760888465,3,-13.08987172594032
10.75,0.1482291,-0.3039138,9.831582000000001,-0.00033886310069064507,2,-0.004077760786339806,-2.4686876002872684,3,-13.126902005263142
10.766,0.1482291,-0.35178660000000006,9.771642900000002,-0.001820449059971807,2,-0.09259912245507254,-2.468704874784554,3,-13.166401145063716
10.782,0.1406754,-0.35178660000000006,9.848062800000001,-0.0014061088317109949,2,0.025896264266300737,-2.4687306872476875,3,-13.205900629559974
10.797,0.1721655,-0.3622833,9.848062800000001,-0.0009804103281112475,2,0.028379900239982082,-2.4687485861413863,3,-13.242931724110393
10.813,0.1721655,-0.3592422,9.8225568,-0.0011893975507106802,2,-0.013061701412464531,-2.468765944604417,3,-13.28243184035636
10.828,0.16912439999999998,-0.3592422,9.7926363,-0.0021237460258340946,2,-0.06228989834156597,-2.468790793181241,3,-13.31946351588975
10.844,0.12272310000000002,-0.3503151,9.7926363,-0.0030600392567503576,2,-0.05851832693226639,-2.4688322634635016,3,-13.358964500342907
10.86,0.12272310000000002,-0.39671639999999997,9.901919700000002,-0.0012672817569274741,2,0.11204734373893012,-2.468866882031611,3,-13.398466093506867
10.875,0.09427410000000001,-0.39671639999999997,9.8854389,7.252369409371795e-05,2,0.08932036340140942,-2.4688758427170825,3,-13.435499163942485
10.891,0.1646118,-0.3891627,9.8854389,0.0013947783269721015,2,0.0826409145548989,-2.468864104300914,3,-13.47500108351863
10.907,0.2006145,-0.34128990000000003,9.889951500000002,0.0027678634702805738,2,0.08581782145677945,-2.468830803166536,3,-13.51450264277837
10.922,0.2006145,-0.3562992,9.9124164,0.00466781657116222,2,0.12666354005877162,-2.468775035566225,3,-13.551534686568866
10.938,0.2080701,-0.3562992,9.8255979,0.004409498660590927,2,-0.016144869410705795,-2.468702417044371,3,-13.59103450618975
10.953,0.09878670000000002,-0.3622833,9.8255979,0.0041212260224092745,2,-0.01921817587877838,-2.4686384366092486,3,-13.628064562592149
10.969,0.09878670000000002,-0.39671639999999997,9.7971489,0.0031791194491912478,2,-0.058881660826126614,-2.468580033845476,3,-13.667562310355788
10.985,0.1466595,-0.39671639999999997,9.8615025,0.00384275299165715,2,0.04147709640411886,-2.4685238588659493,3,-13.70705914149748
11.0,0.1586277,-0.3592422,9.8615025,0.004459712117121484,2,0.04113060836428735,-2.4684615903776335,3,-13.744086532366808
11.016,0.1586277,-0.3847482,9.8165727,0.003990200658062548,2,-0.029344466191183444,-2.468393991075432,3,-13.783581377018432
11.032,0.1332198,-0.3847482,9.8285409,0.003814593708929337,2,-0.010975434320825695,-2.4683315527204956,3,-13.8230751813688
11.047,0.1332198,-0.4161402,9.8285409,0.0036744363211926867,2,-0.00934382584910966,-2.4682753849952697,3,-13.86009973340167
11.063,0.1332198,-0.4161402,9.8285409,0.003537697406327922,2,-0.008546182179047783,-2.4682176879254496,3,-13.899591677985036
11.078,0.17510850000000003,-0.4460607,9.854046900000002,0.004073637281210907,2,0.035729324992201855,-2.468160602915293,3,-13.936614515166339
11.094,0.17510850000000003,-0.39671639999999997,9.8405091,0.004215224061239198,2,0.008849173751768183,-2.468094292024553,3,-13.976104554325858
11.11,0.2006145,-0.39671639999999997,9.8136297,0.003710296609558128,2,-0.031557965730066834,-2.468030887859187,3,-14.015593555764928
11.125,0.2365191,-0.36973890000000004,9.8136297,0.0032114998062340305,2,-0.03325312022160524,-2.4679789743860683,3,-14.05261362973177
11.141,0.1915893,-0.4027005000000001,9.9064323,0.00499376427217868,2,0.1113915291215405,-2.467913332273441,3,-14.092100768185047
11.157,0.1915893,-0.35777070000000005,9.9064323,0.006690536143615589,2,0.10604824196480668,-2.4678198578701145,3,-14.131586633706195
11.172,0.1915893,-0.3847482,9.8016615,0.005817602620338036,2,-0.0581955682185013,-2.4677260468293847,3,-14.168603227991444
11.188,0.1915893,-0.3847482,9.8016615,0.004965960158603622,2,-0.05322765385840084,-2.467639778327153,3,-14.208086154592696
11.203,0.16912439999999998,-0.3847482,9.8105886,0.004342551217972002,2,-0.041560596042111354,-2.4675699644918287,3,-14.245100227663835
11.219,0.1482291,-0.33981839999999996,9.7732125,0.0027747173555585647,2,-0.09798961640083972,-2.4675130263432403,3,-14.284580891590515
11.235,0.1332198,-0.36973890000000004,9.7732125,0.0012663273709314637,2,-0.09427437403919373,-2.4674806979854282,3,-14.324060841385144
11.25,0.1332198,-0.37866600000000006,9.7866522,0.00013057903091251433,2,-0.07571655600126043,-2.467470221187414,3,-14.361072973278942
11.266,0.10928340000000002,-0.37866600000000006,9.8165727,-0.0002555162738371308,2,-0.0241309565468528,-2.4674712206853577,3,-14.400552504813923
11.282,0.16166880000000003,-0.3951468000000001,9.8165727,-0.0005987476692812521,2,-0.021451962215257563,-2.467478054796903,3,-14.440032099017781
11.297,0.16166880000000003,-0.37268190000000007,9.842078700000002,-0.0003334500103662208,2,0.01768651059433475,-2.4674850462795,3,-14.477044322275855
11.313,0.1377324,-0.37268190000000007,9.8809263,0.000863238734600813,2,0.07479304656043954,-2.4674808079697064,3,-14.516524049109849
11.328,0.1571562,-0.3876912,9.8809263,0.002051876920665663,2,0.07924254573766304,-2.467458944602292,3,-14.553536097254137
11.344,0.1571562,-0.3592422,9.8704296,0.0029295041524672882,2,0.05485170198760154,-2.467419093553707,3,-14.593015121559384
11.36,0.1437165,-0.3592422,9.8584614,0.003489050704796881,2,0.034971659520599524,-2.467367745114849,3,-14.632493416268733
11.375,0.12272310000000002,-0.39220380000000005,9.7582032,0.0016154723814345573,2,-0.12490522155748351,-2.467329461191702,3,-14.669503645316034
11.391,0.16765290000000002,-0.3367773,9.7582032,-0.0002465716196340395,2,-0.1163777500667872,-2.4673185099856076,3,-14.708980829085453
11.407,0.16765290000000002,-0.40417200000000003,9.8225568,-0.00043281310147946783,2,-0.01164009261533926,-2.4673239450633764,3,-14.748457968725845
11.422,0.1526436,-0.40417200000000003,9.834525,-0.0003288491859709808,2,0.00693092770056554,-2.467329657530532,3,-14.7854678707453
11.438,0.1661814,-0.3876912,9.834525,-0.00023824165354113802,2,0.0056629707768651675,-2.467334194257248,3,-14.824945181559603
11.453,0.1661814,-0.41908320000000004,9.7791966,-0.0014665190770113412,2,-0.08188516156468681,-2.4673469799627274,3,-14.86195529036625
11.469,0.1856052,-0.41908320000000004,9.851005800000001,-0.0009067892800178612,2,0.034983112312092474,-2.4673659664295835,3,-14.901432993937389
11.485,0.2829204,-0.37268190000000007,9.851005800000001,-0.00034976050947044257,2,0.034814298159213636,-2.4673760188278995,3,-14.940910929819449
11.5,0.2829204,-0.36973890000000004,9.866015100000002,0.0005566533151526443,2,0.0604275883082035,-2.4673744671318567,3,-14.977921558464148
11.516,0.20208600000000002,-0.36973890000000004,9.842078700000002,0.0008092663385159682,2,0.01578831396020773,-2.4673635397746274,3,-15.0173994625194
11.532,0.1856052,-0.36071369999999997,9.8076456,0.0002005298549807577,2,-0.03804603022095062,-2.4673554614050794,3,-15.056877214528837
11.547,0.1946304,-0.318825,9.8076456,-0.00042446197246803763,2,-0.04166612182991811,-2.4673571408959605,3,-15.093887559046097
11.563,0.1946304,-0.3367773,9.8644455,0.00036469490832047313,2,0.04932230504928188,-2.4673576190324735,3,-15.133365277125524
11.578,0.145188,-0.3367773,9.8285409,0.00023873301712384887,2,-0.00839745941310896,-2.4673530933230325,3,-15.170375607468188
11.594,0.10182780000000001,-0.3338343,9.8285409,0.00010011533117548765,2,-0.008663605371772569,-2.467350382536246,3,-15.209853235275062
11.61,0.10182780000000001,-0.3771945,9.7791966,-0.0011994596608158048,2,-0.08122343699945571,-2.467359177290883,3,-15.24933091175368
11.625,0.1107549,-0.3771945,9.7911648,-0.0021733009902416,2,-0.06492275529505055,-2.4673844729957657,3,-15.28634148913083
11.641,0.145188,-0.3592422,9.7911648,-0.0031288757832896863,2,-0.059723424565505334,-2.467426890409954,3,-15.325819980038077
11.657,0.145188,-0.3771945,9.8091171,-0.003607201511863778,2,-0.029895358035880698,-2.4674807790283153,3,-15.365299241393583
11.672,0.1646118,-0.3771945,9.8524773,-0.003009745657072571,2,0.039830390319412275,-2.467530406132082,3,-15.402311825282288
11.688,0.1212516,-0.3831786,9.842078700000002,-0.0026899773006032746,2,0.01998552227933102,-2.4675760039157435,3,-15.44179267656267
11.703,0.1497006,-0.344331,9.842078700000002,-0.0024034559679133594,2,0.019101422179329218,-2.4676142046652574,3,-15.478806603127024
11.719,0.1497006,-0.36375480000000004,9.9033912,-0.0006126527076002475,2,0.1119252037695694,-2.4676383335346617,3,-15.518288623432623
11.735,0.1497006,-0.36375480000000004,9.9033912,0.0011344724244111148,2,0.10919532075071005,-2.467634158976927,3,-15.557770803372716
11.75,0.113796,-0.36826739999999997,9.895935600000001,0.00264970208343307,2,0.10101531060145984,-2.467605777668118,3,-15.594785102897555
11.766,0.113796,-0.3831786,9.8974071,0.004177633353286581,2,0.09549570436584434,-2.4675511589846244,3,-15.634266358390777
11.782,0.1631403,-0.3831786,9.8854389,0.005393472431114432,2,0.07598994236424066,-2.467474590138349,3,-15.67374656438376
11.797,0.11978010000000001,-0.4027005000000001,9.8854389,0.006583446185018715,2,0.07933158359361588,-2.4673847632487282,3,-15.710758009534166
11.813,0.11978010000000001,-0.4027005000000001,9.8854389,0.007744396188828162,2,0.07255937523809035,-2.4672701405097373,3,-15.750235248764234
11.828,0.11978010000000001,-0.37866600000000006,9.7806681,0.006300579108978965,2,-0.0962544719899542,-2.4671648031950038,3,-15.787243510842016
11.844,0.1482291,-0.3547296,9.7552602,0.004260379876505738,2,-0.12751245202957662,-2.46708031552312,3,-15.826717471791762
11.86,0.22455090000000003,-0.3547296,9.8165727,0.003799530992775857,2,-0.028803055233117523,-2.4670158362361656,3,-15.866190241005835
11.875,0.1870767,-0.30685680000000004,9.8165727,0.003291459549055631,2,-0.03387142958134712,-2.466962653807102,3,-15.903195079681161
11.891,0.1870767,-0.32932170000000005,9.8091171,0.0026318134983362995,2,-0.041227878169958175,-2.466915267622723,3,-15.9426661030526
11.907,0.18109260000000002,-0.32932170000000005,9.7971489,0.001693826298286183,2,-0.05862420000313223,-2.46688066250435,3,-15.982136470493616
11.922,0.17069399999999998,-0.3817071,9.7971489,0.0008204933254774005,2,-0.058222198187249954,-2.4668618051071713,3,-16.019139539000705
11.938,0.17069399999999998,-0.3427614,9.7941078,-0.00014074692606058647,2,-0.06007751572112413,-2.4668563671359762,3,-16.05860928437865
11.953,0.18109260000000002,-0.3427614,9.856989900000002,0.00045852647162547555,2,0.03995155984574068,-2.4668539837893846,3,-16.09561211201059
11.969,0.21101310000000004,-0.34580249999999996,9.856989900000002,0.001060275215399642,2,0.03760929648588537,-2.4668418333758884,3,-16.13508167854791
11.985,0.21101310000000004,-0.36071369999999997,9.8809263,0.002243661698509314,2,0.07396165519435442,-2.4668154018805772,3,-16.17455093642996
12.0,0.1317483,-0.38621970000000005,9.845021700000002,0.0025132016213653685,2,0.017969328190402964,-2.466779725405678,3,-16.21155289988461
12.016,0.1631403,-0.38621970000000005,9.827069400000001,0.002350160456634498,2,-0.010190072795679397,-2.466740818509054,3,-16.25102106423593
12.032,0.1946304,-0.3562992,9.827069400000001,0.0021775188499439935,2,-0.010790100418156524,-2.4667045970746013,3,-16.2904886275606
12.047,0.1946304,-0.3562992,9.821085300000002,0.0018632588306264353,2,-0.020950667954503087,-2.466674291241997,3,-16.327488969222976
12.063,0.21258269999999999,-0.3562992,9.8255979,0.0016756986948358588,2,-0.011722508486911021,-2.466645979581793,3,-16.366955531389568
12.078,0.1332198,-0.39818790000000004,9.8255979,0.0014978724996357329,2,-0.011855079680009347,-2.4666221777978348,3,-16.403955042569912
12.094,0.1332198,-0.40113090000000007,9.8136297,0.0010356632706383095,2,-0.028888076812338934,-2.4666019095116725,3,-16.443420835268387
12.11,0.13469129999999999,-0.40113090000000007,9.836094600000001,0.0011326338115420498,2,0.00606065880648376,-2.466584563135015,3,-16.48288632704956
12.125,0.17510850000000003,-0.4027005000000001,9.836094600000001,0.001244311366805917,2,0.0074451703509241934,-2.4665667360461776,3,-16.51988496179342
12.141,0.17510850000000003,-0.3547296,9.827069400000001,0.0010883079720329647,2,-0.009750212173309505,-2.466548075091467,3,-16.55934988028252
12.157,0.16019730000000001,-0.3592422,9.843550200000001,0.0013355545903657173,2,0.015452913645797026,-2.4665286841909677,3,-16.59881449435678
12.172,0.1571562,-0.3592422,9.877983300000002,0.0024147445890498886,2,0.07194599991227536,-2.466500556947122,3,-16.635812213665318
12.188,0.1287072,-0.4400766,9.877983300000002,0.0035372767121231163,2,0.07015825769207668,-2.466452940776713,3,-16.67527584164711
12.203,0.1287072,-0.3996594,9.8824959,0.00470053436513318,2,0.07755051020067714,-2.4663911571936334,3,-16.712272172381883
12.219,0.1062423,-0.3996594,9.845021700000002,0.004915709750891395,2,0.013448461609888428,-2.466314227240705,3,-16.751733815457357
12.235,0.18266220000000002,-0.35178660000000006,9.845021700000002,0.005108438682688288,2,0.012045558237305787,-2.4662340340532363,3,-16.791194201547707
12.25,0.18266220000000002,-0.3831786,9.9124164,0.006967279312215524,2,0.1239227086351444,-2.4661434661682744,3,-16.82818703279937
12.266,0.1406754,-0.3831786,9.8704296,0.007740897369467703,2,0.04835112857826114,-2.466025800754821,3,-16.867644386934757
12.282,0.1482291,-0.347274,9.8704296,0.008465962987196818,2,0.045316601108069635,-2.4658961458719677,3,-16.90709976250777
12.297,0.1482291,-0.32333760000000006,9.7582032,0.006418091863258368,2,-0.13652474159589145,-2.465784515460589,3,-16.944087367467766
12.313,0.1287072,-0.35178660000000006,9.7507476,0.004255693414449979,2,-0.1351499030505242,-2.4656991251783675,3,-16.98353923659288
12.328,0.16019730000000001,-0.35178660000000006,9.830012400000001,0.004089188710446834,2,-0.011100313600210581,-2.465636538562431,3,-17.02052425407093
12.344,0.1781496,-0.37425150000000007,9.830012400000001,0.00395449225022837,2,-0.008418528763654003,-2.4655721891147455,3,-17.05997392389235
12.36,0.1781496,-0.3831786,9.7911648,0.0028848372587386706,2,-0.06685343696810614,-2.465517474478674,3,-17.099422641201098
12.375,0.1482291,-0.3831786,9.783611100000002,0.0016450448906031312,2,-0.08265282454236617,-2.465483500362554,3,-17.13640514851241
12.391,0.1781496,-0.41309910000000005,9.783611100000002,0.0004773208001829232,2,-0.07298275565126293,-2.4654665214370275,3,-17.175852748686808
12.407,0.1781496,-0.3652263,9.800091900000002,-0.0003066974513075138,2,-0.04900114071815227,-2.4654651564502363,3,-17.215300202109905
12.422,0.261927,-0.3652263,9.8225568,-0.0004784079699966526,2,-0.011447367912608818,-2.4654710447408963,3,-17.25228222361884
12.438,0.261927,-0.3652263,9.8225568,-0.0006459304272539157,2,-0.010470153578578936,-2.4654800394480745,3,-17.29172983229235
12.453,0.261927,-0.3532581,9.8240283,-0.0007841776979482518,2,-0.00921648471295648,-2.4654907652590135,3,-17.32871211332765
12.469,0.18266220000000002,-0.34580249999999996,9.7986204,-0.0015884368432139695,2,-0.05026619657910732,-2.465509746175343,3,-17.368160117419126
12.485,0.18266220000000002,-0.34580249999999996,9.7986204,-0.002373079911766496,2,-0.04904019178453285,-2.4655414383093825,3,-17.407608526895004
12.5,0.18266220000000002,-0.34580249999999996,9.886910400000001,-0.0009868685361080765,2,0.09241409171055778,-2.4655666379227417,3,-17.444591837466746
12.516,0.18266220000000002,-0.36375480000000004,9.886910400000001,0.0003812320775651301,2,0.08550628835457534,-2.46557148301441,3,-17.484040942434245
12.532,0.18266220000000002,-0.3652263,9.8076456,-0.00021434120927388278,2,-0.03722333042743827,-2.4655701478874636,3,-17.523490075481458
12.547,0.12272310000000002,-0.3652263,9.874942200000001,0.0008219938943998528,2,0.06908900691157975,-2.465565590492325,3,-17.56047359351931
12.563,0.0777933,-0.39818790000000004,9.874942200000001,0.0018529862606069258,2,0.06443702288794201,-2.465544190651085,3,-17.599922471768455
12.578,0.0777933,-0.40711500000000006,9.8764137,0.00290356162528127,2,0.07003835764496193,-2.465508516541941,3,-17.636905367072398
12.594,0.09133110000000001,-0.40711500000000006,9.8689581,0.0037496560676988366,2,0.05288090265109786,-2.465455290800397,3,-17.676353077531136
12.61,0.1661814,-0.3831786,9.8689581,0.004575556176087403,2,0.05161875677428535,-2.4653886891024466,3,-17.715799829370358
12.625,0.1317483,-0.36375480000000004,9.806076000000001,0.0038182080914470617,2,-0.05048987230935417,-2.46532573587044,3,-17.752780187557654
12.641,0.1317483,-0.35777070000000005,9.776155500000002,0.0023447507703142634,2,-0.09209108257079981,-2.465276432199546,3,-17.792225004902214
12.657,0.145188,-0.35777070000000005,9.7627158,0.0005843288895590604,2,-0.11002636754720009,-2.465252999562267,3,-17.83166924035631
12.672,0.15421320000000002,-0.36669779999999996,9.7627158,-0.0011217109165730932,2,-0.1137359870754726,-2.4652570299274696,3,-17.86864806557748
12.688,0.15421320000000002,-0.3562992,9.8240283,-0.0013012706120392181,2,-0.011222480966632798,-2.4652764137796987,3,-17.90809233312714
12.703,0.17667810000000003,-0.3562992,9.818044200000001,-0.001613064765173533,2,-0.020786276875622667,-2.465298271295028,3,-17.945071643265198
12.719,0.16765290000000002,-0.35178660000000006,9.818044200000001,-0.0019250768901919457,2,-0.019500757813650776,-2.465326576428271,3,-17.984516642046984
12.735,0.16765290000000002,-0.4281084,9.818044200000001,-0.0021556142269290035,2,-0.0144085835460661,-2.465359221957208,3,-18.023962128434068
12.75,0.0898596,-0.4281084,9.889951500000002,-0.0006532746680747437,2,0.1001559705902802,-2.4653802886239204,3,-18.060942674763428
12.766,0.20355750000000003,-0.39220380000000005,9.889951500000002,0.0008172365021881234,2,0.0919069481414291,-2.4653789769292476,3,-18.100388748887852
12.782,0.2200383,-0.36071369999999997,9.843550200000001,0.0011005712012490676,2,0.017708418691308996,-2.46536363446762,3,-18.139834689779025
12.797,0.2200383,-0.33824879999999996,9.8120601,0.0005901545067601432,2,-0.034027779632593666,-2.46535095402481,3,-18.17681504919272
12.813,0.2215098,-0.33824879999999996,9.800091900000002,-0.00019866564214154891,2,-0.04930125930635572,-2.4653478221138934,3,-18.216260639401828
12.828,0.1796211,-0.3173535,9.800091900000002,-0.0010061731820840691,2,-0.05383383599617235,-2.465356858405075,3,-18.253240924505718
12.844,0.1796211,-0.3083283,9.7971489,-0.0018727405397491736,2,-0.05416045985406898,-2.46537988971485,3,-18.292686818490676
12.86,0.15568469999999998,-0.3083283,9.7895952,-0.0029122782811032977,2,-0.0649711088346327,-2.4654181698654165,3,-18.332133202967317
12.875,0.2065986,-0.33824879999999996,9.7895952,-0.0038794180332644146,2,-0.06447598347740535,-2.4654691075877744,3,-18.369114857548215
12.891,0.2065986,-0.34580249999999996,9.7941078,-0.004706567169380449,2,-0.0516968210072521,-2.4655377954693956,3,-18.408562912772673
12.907,0.1571562,-0.34580249999999996,9.818044200000001,-0.004952540810156947,2,-0.015373352548531102,-2.465615068333232,3,-18.448012135683094
12.922,0.1377324,-0.3562992,9.818044200000001,-0.005190477209227495,2,-0.015862426604702634,-2.4656911409683775,3,-18.48499693225286
12.938,0.08377740000000002,-0.37572300000000003,9.7701714,-0.006586524859114817,2,-0.08725297811795754,-2.465785356984924,3,-18.524448744236484
12.953,0.08377740000000002,-0.37572300000000003,9.8076456,-0.007035223610131425,2,-0.029913250067776235,-2.4658875200984434,3,-18.561436290814605
12.969,0.1571562,-0.37572300000000003,9.8076456,-0.007451013289076158,2,-0.02598685493404582,-2.466003409993637,3,-18.60089141825534
12.985,0.17667810000000003,-0.40417200000000003,9.8076456,-0.007821003337808108,2,-0.02312437804574683,-2.466125586126652,3,-18.6403484502243
13.0,0.17667810000000003,-0.3817071,9.9168309,-0.005543263081730032,2,0.15184935040519928,-2.4662258181247987,3,-18.67734108575619
13.016,0.1437165,-0.3817071,9.8928945,-0.003917373371464805,2,0.10161810689157659,-2.466301503216424,3,-18.71680130432692
13.032,0.1377324,-0.43262100000000003,9.8928945,-0.002282153118970953,2,0.10220126578086565,-2.4663510994283477,3,-18.75626252514808
13.047,0.1377324,-0.4235958000000001,9.8854389,-0.0008779920244013084,2,0.09361073963797277,-2.466374800516923,3,-18.793257969397672
13.063,0.18266220000000002,-0.4235958000000001,9.842078700000002,-0.0005467499655384955,2,0.020702628678925788,-2.4663861984528426,3,-18.83272005738943
13.078,0.1856052,-0.4116276,9.842078700000002,-0.00023461818848247162,2,0.020808785137069935,-2.4663920587139976,3,-18.86971589431818
13.094,0.1856052,-0.4116276,9.842078700000002,6.990061840284056e-05,2,0.019032425430331994,-2.4663933764545583,3,-18.90917817779953
13.11,0.16166880000000003,-0.3831786,9.8091171,-0.0004745101392540363,2,-0.034025672353554776,-2.466396613330725,3,-18.94864049771781
13.125,0.16166880000000003,-0.3831786,9.8091171,-0.0010056425857474238,2,-0.035408829766224496,-2.4664077144761625,3,-18.985636530176365
13.141,0.1571562,-0.3831786,9.7895952,-0.002001326902176359,2,-0.0622302697768084,-2.4664317702320657,3,-19.02509924605403
13.157,0.1377324,-0.3622833,9.845021700000002,-0.0016484299485437504,2,0.022056059602038026,-2.4664609682868717,3,-19.06456238796218
13.172,0.24103170000000002,-0.3622833,9.871999200000001,-0.0005983690056368118,2,0.07000406286045992,-2.466477819279028,3,-19.101559428868924
13.188,0.24103170000000002,-0.3622833,9.871999200000001,0.0004260806947602447,2,0.06402810627481598,-2.466479197585515,3,-19.14102308500384
13.203,0.21856680000000003,-0.3248091,9.871999200000001,0.0013810209827163078,2,0.06366268586374267,-2.466465644322934,3,-19.178020171318153
13.219,0.21856680000000003,-0.347274,9.7821396,0.00014151652890248556,2,-0.07746902836336382,-2.466453464022841,3,-19.217483524184917
13.235,0.1571562,-0.347274,9.7851807,-0.0010223805620181992,2,-0.07274356818254273,-2.466460510935106,3,-19.256946835984582
13.25,0.1781496,-0.33981839999999996,9.7851807,-0.002155503208056686,2,-0.07554150973589627,-2.4664843450633813,3,-19.293943922404573
13.266,0.16765290000000002,-0.318825,9.8046045,-0.0028092981566558706,2,-0.040862184287449,-2.466524063474299,3,-19.333407989672875
13.282,0.16765290000000002,-0.3592422,9.842078700000002,-0.0024998233213846532,2,0.019342177204451066,-2.4665665364461233,3,-19.372872714472237
13.297,0.1302768,-0.3592422,9.8255979,-0.002613351161359745,2,-0.007568522665005822,-2.466604885254744,3,-19.409871500134994
13.313,0.15568469999999998,-0.40711500000000006,9.8255979,-0.0026696043757556964,2,-0.0035158258997469685,-2.4666471488990407,3,-19.449337516408225
13.328,0.15568469999999998,-0.39220380000000005,9.842078700000002,-0.0023376634342398006,2,0.022129396101061502,-2.4666847034076156,3,-19.486337505300522
13.344,0.1392039,-0.39220380000000005,9.8136297,-0.0027130918336268905,2,-0.0234642749616931,-2.4667251094497584,3,-19.52580478380338
13.36,0.18864630000000002,-0.36669779999999996,9.8136297,-0.003083270457011622,2,-0.0231361639615457,-2.4667714803480836,3,-19.565272756521765
13.375,0.18864630000000002,-0.34580249999999996,9.803133,-0.0037187163779623944,2,-0.04236306139671655,-2.466822495249346,3,-19.602274711338747
13.391,0.1511721,-0.34580249999999996,9.8120601,-0.0041369199019634095,2,-0.02613772025006342,-2.4668853403395854,3,-19.64174437402346
13.407,0.1362609,-0.3503151,9.8120601,-0.004546344970666638,2,-0.025589066793951763,-2.4669548064585665,3,-19.681215095197846
13.422,0.173637,-0.3652263,9.8689581,-0.003531563407015881,2,0.06765210424338126,-2.467015390771399,3,-19.71821987167707
13.438,0.173637,-0.37572300000000003,9.843550200000001,-0.0031510893095560988,2,0.023779631091236354,-2.467068851993132,3,-19.757692545619186
13.453,0.16019730000000001,-0.37572300000000003,9.818044200000001,-0.0034070100024052863,2,-0.017061379523280542,-2.4671180377379716,3,-19.794698947292165
13.469,0.13469129999999999,-0.3503151,9.818044200000001,-0.003688918873047342,2,-0.017619304415128472,-2.467174805168975,3,-19.83417329003542
13.485,0.13469129999999999,-0.3876912,9.8644455,-0.002798961057601801,2,0.055622363465346276,-2.46722670820842,3,-19.873648502142437
13.5,0.1392039,-0.3876912,9.803133,-0.0034232994044511855,2,-0.04162255645662406,-2.4672733751618856,3,-19.910657252767717
13.516,0.142245,-0.37268190000000007,9.803133,-0.004045531395943769,2,-0.038889499468286425,-2.4673331258082887,3,-19.95013410477548
13.532,0.142245,-0.3278502,9.8225568,-0.004218189729902733,2,-0.010791145872435227,-2.4673992355772953,3,-19.989611963666565
13.547,0.1482291,-0.3278502,9.776155500000002,-0.005515457163681958,2,-0.08648449558527843,-2.4674722379289973,3,-20.026623499717864
13.563,0.1781496,-0.3562992,9.827069400000001,-0.00550387223871418,2,0.0007240578104861222,-2.4675603925642164,3,-20.06610376076181
13.578,0.19011780000000003,-0.3622833,9.827069400000001,-0.005481773132144596,2,0.0014732737713057278,-2.467642784904498,3,-20.103117784592822
13.594,0.19011780000000003,-0.40113090000000007,9.8495343,-0.00487607691536418,2,0.037856013548775956,-2.467725647704878,3,-20.142600732053697
13.61,0.1915893,-0.40113090000000007,9.8794548,-0.0035554306259406587,2,0.08254039308897003,-2.4677930997652084,3,-20.182084882033458
13.625,0.18109260000000002,-0.40417200000000003,9.8794548,-0.002268799224369289,2,0.0857754267714214,-2.4678367814890856,3,-20.219102106142866
13.641,0.18109260000000002,-0.38023560000000006,9.8120601,-0.0026789751214977287,2,-0.025635993570527458,-2.4678763636838523,3,-20.25858781130425
13.657,0.17510850000000003,-0.38023560000000006,9.907903800000001,-0.0007462463855993917,2,0.12079554599364595,-2.467903765455909,3,-20.298074052337366
13.672,0.1302768,-0.39671639999999997,9.907903800000001,0.001138252877005641,2,0.1256332841736641,-2.4679008254072237,3,-20.33509258676884
13.688,0.1302768,-0.38621970000000005,9.783611100000002,-6.225263013881488e-05,2,-0.07503159419652843,-2.467892217405249,3,-20.37457893111134
13.703,0.11673900000000001,-0.3817071,9.855518400000001,0.0005104312432653302,2,0.03817892489361274,-2.4678888560656502,3,-20.41159728916237
13.719,0.1377324,-0.3817071,9.834525,0.0005641523850439256,2,0.003357571361162212,-2.467880259396624,3,-20.451083442086066
13.735,0.16166880000000003,-0.3622833,9.834525,0.0006075377130851933,2,0.0027115830025792294,-2.467870885875839,3,-20.490569451248245
13.75,0.16166880000000003,-0.38023560000000006,9.821085300000002,0.00033887213429473206,2,-0.017911038586030072,-2.4678637878019836,3,-20.52758746130083
13.766,0.0823059,-0.38023560000000006,9.842078700000002,0.0005643701378836852,2,0.014093625224309557,-2.467856561863806,3,-20.567073224098156
13.782,0.0823059,-0.38023560000000006,9.842078700000002,0.0007843681901640309,2,0.013749878267521597,-2.467845771957182,3,-20.606558842768724
13.797,0.11821050000000001,-0.3562992,9.842078700000002,0.0009860859137020839,2,0.013447848235869687,-2.467832493551403,3,-20.64357642976004
13.813,0.11821050000000001,-0.37572300000000003,9.7686999,-0.0005877963015219478,2,-0.0983676384515019,-2.4678293072345054,3,-20.683061724166325
13.828,0.1392039,-0.37572300000000003,9.8734707,0.00043671083176199943,2,0.06830047555226865,-2.4678304403755287,3,-20.720079172273397
13.844,0.18266220000000002,-0.38023560000000006,9.8734707,0.0014577016765056072,2,0.06381192779647543,-2.4678152850754627,3,-20.759564338077006
13.86,0.18266220000000002,-0.3547296,9.836094600000001,0.0015197904001187368,2,0.003880545225820594,-2.4677914651388497,3,-20.79904919207872
13.875,0.15421320000000002,-0.37268190000000007,9.883967400000001,0.0027513231552784845,2,0.0821021836773134,-2.4677594317871843,3,-20.836065823805665
13.891,0.1586277,-0.37268190000000007,9.8196138,0.0023862459295163063,2,-0.022817326610136114,-2.467718331234506,3,-20.87554964590984
13.907,0.21552570000000001,-0.3817071,9.8196138,0.002064935034107762,2,-0.020081930963033994,-2.467682721786797,3,-20.915032854334008
13.922,0.21552570000000001,-0.3562992,9.8495343,0.002457310646292399,2,0.026158374145641455,-2.467648804944194,3,-20.95204784078449
13.938,0.20355750000000003,-0.3562992,9.8824959,0.0036371584664802725,2,0.07374048876174204,-2.467600049191292,3,-20.991529831617576
13.953,0.1796211,-0.34580249999999996,9.8824959,0.004767833601153626,2,0.07537834231156297,-2.467537011750785,3,-21.028543359574638
13.969,0.1796211,-0.3652263,9.788123700000002,0.003588167660177888,2,-0.07372912131098357,-2.4674701637406944,3,-21.06802341697857
13.985,0.16912439999999998,-0.3652263,9.848062800000001,0.0038934194842461523,2,0.01907823900426651,-2.467410311043539,3,-21.107502460776843
14.0,0.1661814,-0.3876912,9.848062800000001,0.004210932226175856,2,0.02116751612864614,-2.4673495284057108,3,-21.144513159572714
14.016,0.1661814,-0.3487455,9.8464932,0.004446960658677668,2,0.014751777031363197,-2.467280265262632,3,-21.18399019792206
14.032,0.16166880000000003,-0.2948886,9.7851807,0.0031379478984181475,2,-0.08181329751621995,-2.467219585994175,3,-21.223466196732115
14.047,0.173637,-0.2948886,9.7895952,0.001973465601734503,2,-0.07763215311224002,-2.467181250392924,3,-21.26047420300502
14.063,0.1317483,-0.347274,9.7895952,0.0008633385688820994,2,-0.06938293955327518,-2.467158555959559,3,-21.29994892145584
14.078,0.1317483,-0.35777070000000005,9.776155500000002,-0.0005380487638948495,2,-0.09342582218513744,-2.4671561162860214,3,-21.336956281497677
14.094,0.1272357,-0.35777070000000005,9.8689581,0.000355075891517842,2,0.05582029096329317,-2.467157580069,3,-21.37643079106852
14.11,0.18413369999999998,-0.3532581,9.8689581,0.0012443303457132515,2,0.055578403387213045,-2.4671447848191024,3,-21.415905209987624
14.125,0.18413369999999998,-0.34128990000000003,9.862974000000001,0.0019557909794301054,2,0.047430708914455125,-2.467120783909164,3,-21.452912201753087
14.141,0.1586277,-0.34128990000000003,9.821085300000002,0.0016181678934827914,2,-0.021101442871707104,-2.4670921922381805,3,-21.492385905562266
14.157,0.15421320000000002,-0.3817071,9.821085300000002,0.0013233219894477344,2,-0.01842786900219105,-2.467068660319117,3,-21.531859192382726
14.172,0.15421320000000002,-0.3771945,9.8091171,0.0007397626374192612,2,-0.03890395680189674,-2.4670531871844155,3,-21.568865106239002
14.188,0.1526436,-0.3817071,9.8764137,0.0018140428016604204,2,0.0671425102650724,-2.467032756740903,3,-21.608337793790405
14.203,0.16019730000000001,-0.3817071,9.8689581,0.002683352105286474,2,0.0579539535750749,-2.466999026279101,3,-21.64534303216305
14.219,0.1586277,-0.3907323,9.8689581,0.0035394478236199234,2,0.05350598239584054,-2.46694924387967,3,-21.68481461832432
14.235,0.1287072,-0.40417200000000003,9.7656588,0.0018600919056677157,2,-0.10495974487201289,-2.4669060475618356,3,-21.724285460655853
14.25,0.1287072,-0.40417200000000003,9.7656588,0.00022169588815401653,2,-0.1092264011675758,-2.466890434153382,3,-21.76128893426872
14.266,0.09133110000000001,-0.44154810000000005,9.7656588,-0.0013475652324324017,2,-0.09807882003665105,-2.466899441108136,3,-21.80075925327081
14.282,0.09133110000000001,-0.4161402,9.877983300000002,-0.00016868961490423828,2,0.07367972609551014,-2.4669115711469147,3,-21.84022974136885
14.297,0.17667810000000003,-0.4161402,9.8644455,0.0006797999909835539,2,0.05656597372585067,-2.4669077378190942,3,-21.8772333861861
14.313,0.21552570000000001,-0.36973890000000004,9.8644455,0.0014813752515561163,2,0.050098453785785105,-2.466890448417154,3,-21.916703771675987
14.328,0.15568469999999998,-0.3622833,9.855518400000001,0.002011660214096267,2,0.03535233083601289,-2.4668642506511613,3,-21.953706931918997
14.344,0.15568469999999998,-0.3547296,9.8016615,0.0012097510570665548,2,-0.050119322314356965,-2.466838479360992,3,-21.993176553759096
14.36,0.16166880000000003,-0.3547296,9.833053500000002,0.0011948172281339708,2,-0.0009333643082864987,-2.46681924281471,3,-22.0326458155365
14.375,0.16166880000000003,-0.3547296,9.833053500000002,0.00118024763893132,2,-0.0009713059468433596,-2.466801429828207,3,-22.069647970581325
14.391,0.1526436,-0.2948886,9.8105886,0.0005667267915825391,2,-0.03834505295929876,-2.466787454032763,3,-22.109116681652214
14.407,0.1212516,-0.2948886,9.788123700000002,-0.000590146790749202,2,-0.07230459889573375,-2.4667876413927563,3,-22.148585282415617
14.422,0.1332198,-0.34128990000000003,9.788123700000002,-0.0016782557409769083,2,-0.07254059668184434,-2.466804654411744,3,-22.18558722463415
14.438,0.1332198,-0.34128990000000003,9.788123700000002,-0.0027398254485166973,2,-0.06634810672123675,-2.46683999906126,3,-22.225056381861936
14.453,0.1332198,-0.38023560000000006,9.7851807,-0.003812239543837137,2,-0.0714942730213684,-2.466889139548703,3,-22.262059350401508
14.469,0.15421320000000002,-0.41908320000000004,9.7895952,-0.0047047624676537225,2,-0.055782682738536545,-2.466957275564795,3,-22.301530121722415
14.485,0.1946304,-0.4101561,9.871999200000001,-0.0035594693826475066,2,0.07158081781288843,-2.467023389419597,3,-22.34100196704229
14.5,0.1946304,-0.4101561,9.871999200000001,-0.002442110275325149,2,0.07449060715482102,-2.467068401267032,3,-22.37800765547244
14.516,0.1946304,-0.41309910000000005,9.871999200000001,-0.0013490140140586249,2,0.0683185163291577,-2.467098730261347,3,-22.417480992524666
14.532,0.1990449,-0.4101561,9.8240283,-0.0014521940906320197,2,-0.006448754785837168,-2.4671211399261845,3,-22.456954751486165
14.547,0.1990449,-0.34580249999999996,9.8584614,-0.0007740482596343412,2,0.04520972206651018,-2.4671378367438117,3,-22.49396169381119
14.563,0.1990449,-0.34580249999999996,9.8584614,-0.00011244257085607501,2,0.0413503555486416,-2.4671449286704554,3,-22.533435955934504
14.578,0.2065986,-0.34580249999999996,9.839037600000001,6.345817092245909e-05,2,0.011726716118569885,-2.467145296053455,3,-22.570443132619932
14.594,0.1781496,-0.3173535,9.839037600000001,0.00019814608851298487,2,0.008417994849407855,-2.4671432032193796,3,-22.609917440614115
14.61,0.1781496,-0.3817071,9.8016615,-0.0005255105501351665,2,-0.045228539915509416,-2.467145822135073,3,-22.64939175281695
14.625,0.08829,-0.3817071,9.7612443,-0.0022462755398642287,2,-0.11471766598193313,-2.467166610530748,3,-22.686399096061944
14.641,0.09427410000000001,-0.37572300000000003,9.7612443,-0.003929365035146404,2,-0.10519309345513585,-2.467216015655348,3,-22.725874157071434
14.657,0.1631403,-0.3547296,9.821085300000002,-0.004110039451552083,2,-0.011292151025354958,-2.4672803308912417,3,-22.765350127843806
14.672,0.1511721,-0.3547296,9.831582000000001,-0.004035154427715071,2,0.004992334922467308,-2.467341419845336,3,-22.802359790974332
14.688,0.1511721,-0.3547296,9.831582000000001,-0.003962095867874993,2,0.004566159990004866,-2.467405397847701,3,-22.841837765515876
14.703,0.16166880000000003,-0.2994012,9.831582000000001,-0.003931610772671235,2,0.0020323396802507175,-2.4674646006475047,3,-22.878849290504586
14.719,0.16166880000000003,-0.34580249999999996,9.777627,-0.005179738110582477,2,-0.07800795861945257,-2.467537491438571,3,-22.918329307241276
14.735,0.17510850000000003,-0.34580249999999996,9.8734707,-0.0040559480932813585,2,0.07023687608131984,-2.4676113769282018,3,-22.95781049818821
14.75,0.19011780000000003,-0.31136939999999996,9.8734707,-0.002980730766227069,2,0.07168115513694993,-2.467664152019648,3,-22.99482506465532
14.766,0.19011780000000003,-0.33824879999999996,9.8689581,-0.002020165191703782,2,0.06003534840770536,-2.4677041591873117,3,-23.034308011144976
14.782,0.19757340000000004,-0.33824879999999996,9.8076456,-0.002573701913792803,2,-0.034596045130563774,-2.4677409101241556,3,-23.073791571699466
14.797,0.19610190000000002,-0.34128990000000003,9.831582000000001,-0.0025285437635886865,2,0.0030105433469409864,-2.467779176966736,3,-23.11080797235265
14.813,0.1571562,-0.3547296,9.831582000000001,-0.0024899449476407653,2,0.002412425996745069,-2.4678193248764257,3,-23.150292760367396
14.828,0.1571562,-0.36375480000000004,9.7956774,-0.0033192595569282446,2,-0.055287640619169735,-2.46786289391021,3,-23.18731037700829
14.844,0.16019730000000001,-0.36375480000000004,9.806076000000001,-0.0038737303751918972,2,-0.03465442614147826,-2.467920437829667,3,-23.22679664366221
14.86,0.2065986,-0.3503151,9.806076000000001,-0.004405453905109269,2,-0.033232720619835704,-2.4679866713039096,3,-23.26628390053528
14.875,0.2065986,-0.3487455,9.8076456,-0.004887321699722946,2,-0.032124519640910607,-2.468056367120946,3,-23.30330422332347
14.891,0.17069399999999998,-0.3487455,9.856989900000002,-0.004171684837990242,2,0.044727303858294,-2.4681288391732474,3,-23.342793704973822
14.907,0.1781496,-0.39671639999999997,9.856989900000002,-0.003426083154288051,2,0.04660010523138687,-2.4681896213171854,3,-23.382284252657744
14.922,0.1781496,-0.37268190000000007,9.7971489,-0.004179773133589748,2,-0.05024599862011124,-2.4682466652393447,3,-23.419307524806918
14.938,0.15568469999999998,-0.3622833,9.8196138,-0.0043864306917384965,2,-0.012916097384296764,-2.4683151948699473,3,-23.458800019687793
14.953,0.1721655,-0.3622833,9.8225568,-0.004509622268713542,2,-0.008212771798337048,-2.468381915267151,3,-23.49582524801382
14.969,0.142245,-0.38621970000000005,9.8225568,-0.004619253733952888,2,-0.006851966577459117,-2.4684549462751724,3,-23.535319942906156
14.985,0.142245,-0.4176117,9.8464932,-0.004111683751462536,2,0.031723123905646994,-2.468524793775056,3,-23.574815780826558
15.0,0.1392039,-0.4176117,9.9048627,-0.0021953184005241155,2,0.12775769006255652,-2.468572096291196,3,-23.611844007502057
15.016,0.0748503,-0.47156670000000006,9.9048627,-0.0002836303610411761,2,0.1194805024676836,-2.4685919278812882,3,-23.651341319695437
15.032,0.0748503,-0.40113090000000007,9.851005800000001,0.00019336115947332644,2,0.029811970032156382,-2.4685926500349007,3,-23.690838796318765
15.047,0.1377324,-0.40113090000000007,9.8120601,-0.00027375993834155565,2,-0.03114140652099096,-2.4685932530257424,3,-23.727867690591722
15.063,0.1586277,-0.3547296,9.8120601,-0.0007653516126051585,2,-0.03072447964147515,-2.46860156591815,3,-23.767365249143275
15.078,0.1586277,-0.3712104,9.7567317,-0.0025784216428270668,2,-0.12087133534813695,-2.468626644217566,3,-23.80439446071929
15.094,0.1332198,-0.36826739999999997,9.833053500000002,-0.0024992279359050684,2,0.004949606682624892,-2.468667265414196,3,-23.843892811996344
15.11,0.1272357,-0.36826739999999997,9.8495343,-0.0020222411860242318,2,0.029811671867552264,-2.4687034371671714,3,-23.883391777616996
15.125,0.1272357,-0.36826739999999997,9.8495343,-0.0015568882593104405,2,0.031023528447584908,-2.4687302806380114,3,-23.920422530500538
15.141,0.19011780000000003,-0.36826739999999997,9.8495343,-0.0010781977996199288,2,0.029918153730656954,-2.4687513613264827,3,-23.959922383636254
15.157,0.19011780000000003,-0.35178660000000006,9.8824959,0.0001774186647178766,2,0.07847602902111277,-2.468758567559562,3,-23.999422463067344
15.172,0.1915893,-0.35178660000000006,9.854046900000002,0.0007097957999011584,2,0.03549180901221744,-2.468751913451077,3,-24.036453791674926
15.188,0.1392039,-0.42065280000000005,9.854046900000002,0.0012735345614949267,2,0.03523367259961049,-2.468736046808186,3,-24.075953695357
15.203,0.1392039,-0.3876912,9.831582000000001,0.0012431351043762362,2,-0.0020266304745795312,-2.468717171785692,3,-24.112984594496453
15.219,0.16765290000000002,-0.3876912,9.8464932,0.001587648925813312,2,0.021532113839817214,-2.4686945255134507,3,-24.152483888074848
15.235,0.1856052,-0.39220380000000005,9.8464932,0.0019359617138157148,2,0.021769549250150157,-2.4686663366283335,3,-24.191982774971983
15.25,0.1856052,-0.3039138,9.842078700000002,0.0020921204981263486,2,0.010410585620708524,-2.4686361260117438,3,-24.229012543441783
15.266,0.2080701,-0.32932170000000005,9.8120601,0.0015437559835103087,2,-0.03427278216350246,-2.468607038999891,3,-24.268510488761876
15.282,0.1526436,-0.34580249999999996,9.8120601,0.0009977547076243098,2,-0.0341250797428749,-2.468586706914362,3,-24.30800803872919
15.297,0.1526436,-0.34580249999999996,9.8120601,0.00046507053602873327,2,-0.03551227810637043,-2.4685757357250346,3,-24.345036757048987
15.313,0.1526436,-0.3487455,9.855518400000001,0.0010070824373755727,2,0.033875743834177435,-2.4685639585012473,3,-24.3845338746028
15.328,0.1930608,-0.3487455,9.806076000000001,0.0003482282743227927,2,-0.04392361087018887,-2.4685537936709094,3,-24.421562257744085
15.344,0.1856052,-0.33981839999999996,9.806076000000001,-0.0003057027585171568,2,-0.04087068955249681,-2.468553453466783,3,-24.461059115721188
15.36,0.1856052,-0.33530580000000004,9.8524773,0.00018340960007812157,2,0.03056952241220487,-2.4685544318120503,3,-24.50055597880342
15.375,0.1646118,-0.33530580000000004,9.848062800000001,0.0005439052901223818,2,0.024033046002949768,-2.4685489769503737,3,-24.53758425436914
15.391,0.173637,-0.41309910000000005,9.848062800000001,0.0009714187404057384,2,0.026719590642709765,-2.4685368543581294,3,-24.57708094101961
15.407,0.173637,-0.3592422,9.8405091,0.0011529579929536737,2,0.011346203284245949,-2.4685198593442625,3,-24.61657739472923
15.422,0.13469129999999999,-0.3202965,9.8375661,0.0012106891720531365,2,0.0038487452732973737,-2.468502131990525,3,-24.653605059664244
15.438,0.1721655,-0.3202965,9.7791966,-0.00014141100713693788,2,-0.08450626119937958,-2.468493577765206,3,-24.69310102534229
15.453,0.11821050000000001,-0.3771945,9.7791966,-0.0014306033551427788,2,-0.08594615653372965,-2.468505367872923,3,-24.730128517434572
15.469,0.11821050000000001,-0.3876912,9.7851807,-0.0025325195657082133,2,-0.0688697631603396,-2.46853707285629,3,-24.769624856960405
15.485,0.1212516,-0.37866600000000006,9.8151012,-0.0028860972514515026,2,-0.02209860535895556,-2.468580421790827,3,-24.809121796917584
15.5,0.1212516,-0.37866600000000006,9.8151012,-0.0032310510912001433,2,-0.02299692264990851,-2.468626300403397,3,-24.84615084733404
15.516,0.1212516,-0.3532581,9.877983300000002,-0.002058072054193616,2,0.07331118981290789,-2.46866861338856,3,-24.885649206644377
15.532,0.1466595,-0.3532581,9.856989900000002,-0.0014169544749442764,2,0.04006984870308369,-2.468696413600793,3,-24.925148126860293
15.547,0.11978010000000001,-0.37425150000000007,9.856989900000002,-0.0007814464896611639,2,0.04236719901887256,-2.468712901608028,3,-24.96217869672436
15.563,0.11978010000000001,-0.43262100000000003,9.830012400000001,-0.0007605283092040338,2,0.0013073862785706314,-2.4687252374064186,3,-25.001678201836476
15.578,0.15568469999999998,-0.3876912,9.833053500000002,-0.0006994355904996752,2,0.004072847913624235,-2.4687361871356663,3,-25.03870916252054
15.594,0.1257642,-0.3876912,9.8120601,-0.0011618616449027286,2,-0.028901628400190813,-2.4687510775135495,3,-25.078209060637732
15.61,0.1856052,-0.40113090000000007,9.8120601,-0.0015767087555431658,2,-0.025927944415027302,-2.468772986076753,3,-25.117709253146455
15.625,0.1856052,-0.3936753,9.8046045,-0.002170460382281192,2,-0.03958344178253357,-2.468801089845287,3,-25.15474105871587
15.641,0.1571562,-0.3936753,9.8225568,-0.002324394268136132,2,-0.009620867865933738,-2.46883704868249,3,-25.194242163824093
15.657,0.1781496,-0.3876912,9.8225568,-0.0024716421121357968,2,-0.00920299024997905,-2.4688754169735323,3,-25.233743863549343
15.672,0.1781496,-0.36826739999999997,9.851005800000001,-0.001940233596982921,2,0.03542723434352371,-2.4689085060413505,3,-25.270777242971956
15.688,0.18864630000000002,-0.36826739999999997,9.8016615,-0.0026194780220052394,2,-0.042452776563894866,-2.4689449837343025,3,-25.310280070890162
15.703,0.2499588,-0.3248091,9.8016615,-0.0032861681519786856,2,-0.04444600866489999,-2.4689892760806074,3,-25.34731457783877
15.719,0.2499588,-0.3936753,9.8375661,-0.003000361457939249,2,0.01786291837746477,-2.469039568317487,3,-25.386818808593954
15.735,0.21709530000000002,-0.3891627,9.818044200000001,-0.0032205623552883367,2,-0.013762556084317966,-2.469089335707993,3,-25.426323839826157
15.75,0.21709530000000002,-0.3891627,9.818044200000001,-0.003435392499044454,2,-0.014322009583740612,-2.4691392553694005,3,-25.46336055425924
15.766,0.1122264,-0.3891627,9.8136297,-0.0037954189167432872,2,-0.022501651106177058,-2.469197101860727,3,-25.50286724511708
15.782,0.1631403,-0.3891627,9.8136297,-0.004129257402626152,2,-0.020864905367679026,-2.469260499271282,3,-25.54237490592614
15.813,0.2006145,-0.35777070000000005,9.8105886,-0.004541249438092976,2,-0.013290065660219874,-2.4693948921273132,3,-25.618924064492816
15.813,0.2006145,-0.35777070000000005,9.8105886,-0.004943192887330028,2,0.0,-2.4693948921273132,3,-25.618924064492816
15.828,0.173637,-0.3262806,9.8105886,-0.005374628597424547,2,-0.028762380672970232,-2.469472275788449,3,-25.65596556825218
15.844,0.173637,-0.3622833,9.8196138,-0.00554480706328242,2,-0.01063615411611706,-2.469559631273735,3,-25.69547782350868
15.86,0.12272310000000002,-0.3622833,9.776155500000002,-0.006788710684499932,2,-0.07774397632609446,-2.469658299415717,3,-25.734991566954193
15.875,0.1526436,-0.34580249999999996,9.776155500000002,-0.00800655154963792,2,-0.08118939100919605,-2.469769263882473,3,-25.77203727367893
15.891,0.1631403,-0.32932170000000005,9.7866522,-0.008948590187525696,2,-0.05887741486798598,-2.4699049050163704,3,-25.81155466703012
15.907,0.1915893,-0.347274,9.8136297,-0.009182512878584959,2,-0.014620168191203918,-2.470049953840899,3,-25.851074305900976
15.922,0.1362609,-0.3831786,9.8136297,-0.009400688832858606,2,-0.014545063618242596,-2.470189327853735,3,-25.888126100513688
15.938,0.1362609,-0.3831786,9.8136297,-0.009613543422393178,2,-0.013303411845910761,-2.470341441711777,3,-25.927650346670212
15.953,0.1362609,-0.37572300000000003,9.7582032,-0.01117897142626667,2,-0.1043618669249079,-2.470497385573142,3,-25.964706637874848
15.969,0.1122264,-0.37572300000000003,9.8225568,-0.011145333304430238,2,0.002102382614777019,-2.4706759800109874,3,-26.00423602479952
15.985,0.16912439999999998,-0.37268190000000007,9.8225568,-0.011095480535297852,2,0.003115798070774109,-2.4708539065217052,3,-26.04376826389178
16.0,0.16912439999999998,-0.3487455,9.8240283,-0.011032403141015834,2,0.0042051596188010685,-2.4710198656492777,3,-26.080832317183066
16.016,0.19610190000000002,-0.3487455,9.895935600000001,-0.009206248656720817,2,0.11413465526845115,-2.4711817748636595,3,-26.120369930307167
16.032,0.19011780000000003,-0.3143124,9.895935600000001,-0.0074555950094303824,2,0.10941585295563991,-2.471315069612989,3,-26.159909905062985
16.047,0.1631403,-0.3338343,9.855518400000001,-0.006728882662445201,2,0.048447489799010236,-2.471421453195528,3,-26.19698042898405
16.063,0.1631403,-0.32333760000000006,9.8120601,-0.007087665220090855,2,-0.022423909852855833,-2.471531985578588,3,-26.23652405649424
16.078,0.17667810000000003,-0.32333760000000006,9.7956774,-0.007831279396098623,2,-0.04957427840051595,-2.4716438776632095,3,-26.273597875468553
16.094,0.1586277,-0.33824879999999996,9.7956774,-0.008552013494584898,2,-0.04504588115538717,-2.471774944006335,3,-26.313145226041915
16.11,0.1586277,-0.3652263,9.827069400000001,-0.008466531633089858,2,0.005342616343440609,-2.4719110923673564,3,-26.3526947143329
16.125,0.16912439999999998,-0.3652263,9.8151012,-0.008670531394066927,2,-0.013599984065137445,-2.47203962034006,3,-26.389774344678205
16.141,0.12272310000000002,-0.4221243,9.8151012,-0.00883075546412293,2,-0.0100140043785013,-2.4721796306349253,3,-26.429328098686
16.157,0.12272310000000002,-0.4670541,9.806076000000001,-0.0091573490546768,2,-0.020412099409614574,-2.4723235354710758,3,-26.468884124014853
16.172,0.11821050000000001,-0.4670541,9.7447635,-0.010970941345663121,2,-0.12090615273241682,-2.4724744976490785,3,-26.505970109263256
16.188,0.1406754,-0.42663690000000004,9.834525,-0.0105911778850718,2,0.02373521628696013,-2.472646994602924,3,-26.54553108120127
16.203,0.15421320000000002,-0.41466870000000006,9.834525,-0.010228204604549873,2,0.024198218701460928,-2.4728031399715964,3,-26.582621957210577
16.219,0.15421320000000002,-0.40417200000000003,9.8196138,-0.010248067962779217,2,-0.0012414598893338567,-2.472966950152135,3,-26.62218811793157
16.235,0.19011780000000003,-0.40417200000000003,9.8405091,-0.009742992163097597,2,0.03156723748010474,-2.4731268786331424,3,-26.66175686856185
16.25,0.1406754,-0.3847482,9.8405091,-0.009289457228851106,2,0.030235662283098264,-2.473269622003582,3,-26.698854842316624
16.266,0.1406754,-0.35777070000000005,9.8120601,-0.009565135892579235,2,-0.017229916483009988,-2.4734204587485538,3,-26.738428362962637
16.282,0.1466595,-0.35777070000000005,9.871999200000001,-0.008371152950148897,2,0.07462393390188779,-2.4735639490592956,3,-26.778004238225105
16.297,0.1721655,-0.3831786,9.871999200000001,-0.007173017582310592,2,0.07987569118921727,-2.473680530338289,3,-26.815108571820588
16.313,0.1721655,-0.3996594,9.843550200000001,-0.006681385005473217,2,0.030727036052339337,-2.4737913655589914,3,-26.85468834698776
16.328,0.19610190000000002,-0.3996594,9.7627158,-0.008160374435668416,2,-0.09859929534634286,-2.4739026787547997,3,-26.891796052320114
16.344,0.2006145,-0.37866600000000006,9.800091900000002,-0.008710708687546642,2,-0.034395890742385284,-2.4740376474197854,3,-26.931379574929515
16.36,0.2260224,-0.36669779999999996,9.800091900000002,-0.009245234108881561,2,-0.033407838833436135,-2.4741812949621567,3,-26.970965326468566
16.375,0.2260224,-0.31284090000000003,9.7582032,-0.010833105519401087,2,-0.10585809403463103,-2.474331882509369,3,-27.008079175299603
16.391,0.19610190000000002,-0.31284090000000003,9.7567317,-0.012433885432397318,2,-0.10004874456227544,-2.4745180184369833,3,-27.04766997450717
16.407,0.19610190000000002,-0.31284090000000003,9.7567317,-0.013995621932881619,2,-0.09760853128025788,-2.4747294544959053,3,-27.087263954290638
16.422,0.16765290000000002,-0.33530580000000004,9.7567317,-0.015514006352155718,2,-0.10122562795160278,-2.474950776708043,3,-27.124386556024668
16.438,0.16765290000000002,-0.3098979,9.8151012,-0.01559310857888363,2,-0.004943889170495031,-2.4751996336274913,3,-27.163987759307346
16.453,0.21552570000000001,-0.3098979,9.8464932,-0.014882410555557612,2,0.0473798682217327,-2.4754282000209997,3,-27.20111746805971
16.469,0.2200383,-0.3173535,9.8464932,-0.014180826453911166,2,0.04384900635289799,-2.4756607059170754,3,-27.24072617930722
16.485,0.2200383,-0.3338343,9.8405091,-0.01362890618081991,2,0.03449501706820726,-2.475883183778153,3,-27.28033853042478
16.5,0.16912439999999998,-0.3338343,9.843550200000001,-0.013040863564716787,2,0.0392028410735401,-2.4760832070512446,3,-27.317478278356
16.516,0.0748503,-0.3891627,9.843550200000001,-0.012446116174132271,2,0.03717171191153633,-2.4762871028891555,3,-27.357097240835518
16.532,0.113796,-0.3996594,9.843550200000001,-0.011846531070595745,2,0.0374740689710287,-2.4764814440671135,3,-27.396719389211174
16.547,0.113796,-0.37268190000000007,9.834525,-0.0115073162133843,2,0.02261432381409548,-2.4766565979217434,3,-27.43386792452609
16.563,0.142245,-0.37268190000000007,9.860031000000001,-0.01054576185561551,2,0.060097147360556005,-2.4768330225462956,3,-27.473495841489832
16.578,0.1287072,-0.4101561,9.860031000000001,-0.009575941124438714,2,0.06465471541178394,-2.476983935318646,3,-27.510649468673822
16.594,0.1287072,-0.39220380000000005,9.8196138,-0.009632492877297949,2,-0.003534484553701804,-2.4771376027906595,3,-27.5502824409787
16.61,0.16912439999999998,-0.39220380000000005,9.8944641,-0.007848823806863692,2,0.11147931690215336,-2.477277453324133,3,-27.589917761427614
16.625,0.1287072,-0.38621970000000005,9.8944641,-0.006129218348334575,2,0.11464036390193676,-2.477382288640297,3,-27.627077709492347
16.641,0.1287072,-0.40868460000000006,9.8405091,-0.00574430113833202,2,0.02405732562516237,-2.4774772767961903,3,-27.666716586015834
16.657,0.1497006,-0.40868460000000006,9.8405091,-0.005361535880284762,2,0.023922828627950907,-2.4775661234923394,3,-27.706356933218146
16.672,0.18413369999999998,-0.39220380000000005,9.8165727,-0.0055734646242822095,2,-0.014128582933162605,-2.4776481359961235,3,-27.74352104016431
16.688,0.13469129999999999,-0.43262100000000003,9.8165727,-0.005758414884692087,2,-0.01155939127561861,-2.4777387910321953,3,-27.78316413558053
16.703,0.13469129999999999,-0.40417200000000003,9.845021700000002,-0.005275171196613471,2,0.032216245871906524,-2.477821542927805,3,-27.820330838085233
16.719,0.1212516,-0.40417200000000003,9.818044200000001,-0.005465353497125847,2,-0.011886393782022166,-2.477907467125355,3,-27.859976670165665
16.735,0.1377324,-0.3532581,9.818044200000001,-0.005693460533173322,2,-0.014256689752968803,-2.4779967376375973,3,-27.899623903803764
16.75,0.1377324,-0.36375480000000004,9.8615025,-0.0048475312669591375,2,0.05639528441427685,-2.4780757950760983,3,-27.93679444779912
16.766,0.1990449,-0.36375480000000004,9.9064323,-0.002901834953755511,2,0.12160601957524005,-2.478137790005864,3,-27.976444156479772
16.782,0.1631403,-0.36669779999999996,9.9064323,-0.0010169454172164194,2,0.11780559603368004,-2.478169140248832,3,-28.016094611921815
16.797,0.1631403,-0.34128990000000003,9.8046045,-0.0016819334558260124,2,-0.04433253590730452,-2.4781893818403797,3,-28.053267300837486
16.813,0.1571562,-0.34128990000000003,9.7926363,-0.0026247774621683817,2,-0.05892775039640457,-2.4782238355277237,3,-28.092918606576426
16.828,0.19610190000000002,-0.31284090000000003,9.851005800000001,-0.002128021159098381,2,0.03311708687133212,-2.4782594815173833,3,-28.130092231454267
16.844,0.1571562,-0.3307932,9.851005800000001,-0.001646106396833602,2,0.030119672641545317,-2.4782896745378307,3,-28.169744624702712
16.86,0.1571562,-0.3891627,9.8644455,-0.0007964630706052134,2,0.05310270788928014,-2.4783092150935704,3,-28.20939741581976
16.875,0.1721655,-0.3891627,9.855518400000001,-0.00017896925109717188,2,0.041166254633867874,-2.478316530835983,3,-28.246572108914233
16.891,0.1466595,-0.4056435,9.855518400000001,0.00042960417423110187,2,0.0380358390830213,-2.478314525756598,3,-28.286225157366967
16.907,0.1466595,-0.4460607,9.8076456,-0.00010041472100397186,2,-0.0331261809521884,-2.478311892240972,3,-28.325878168710954
16.922,0.1377324,-0.4460607,9.818044200000001,-0.00036732169059305875,2,-0.017793797972605118,-2.478315400264059,3,-28.363052873404744
16.938,0.17069399999999998,-0.4101561,9.818044200000001,-0.000653248839309839,2,-0.017870446794800734,-2.4783235648282984,3,-28.40270598512548
16.953,0.17069399999999998,-0.3532581,9.776155500000002,-0.002006963776512549,2,-0.09024766248017727,-2.478343516422917,3,-28.439880988234865
16.969,0.1272357,-0.3367773,9.8105886,-0.002518711418055375,2,-0.031984227596423026,-2.4783797218244734,3,-28.47953477414085
16.985,0.1078119,-0.3367773,9.7806681,-0.0037529421178543743,2,-0.07713941873744595,-2.4784298950527606,3,-28.51918925107586
17.0,0.17667810000000003,-0.3218661,9.7806681,-0.004944895348899081,2,-0.07946354873631077,-2.478495128833761,3,-28.55636618875501
17.016,0.17667810000000003,-0.3622833,9.8615025,-0.004103413515943899,2,0.052592614559704674,-2.47856751530468,3,-28.596022689908114
17.032,0.1721655,-0.3622833,9.889951500000002,-0.0025910942938018877,2,0.09451995138386513,-2.478621071367158,3,-28.635680198601495
17.047,0.15421320000000002,-0.3876912,9.889951500000002,-0.0010994030334998683,2,0.09944608402013086,-2.4786487500971126,3,-28.67285972226248
17.063,0.15421320000000002,-0.42065280000000005,9.842078700000002,-0.0007776984739393811,2,0.020106534972532668,-2.4786637669091722,3,-28.712518222398526
17.078,0.1332198,-0.42065280000000005,9.8120601,-0.0012027336364557328,2,-0.028335677501089042,-2.47867862015,3,-28.74969829030147
17.094,0.1466595,-0.39671639999999997,9.8120601,-0.0016370246219477025,2,-0.027143186593245064,-2.478701338216067,3,-28.789357329968404
17.11,0.1466595,-0.39671639999999997,9.8120601,-0.002060723144378329,2,-0.026481157651917085,-2.4787309201981977,3,-28.829016788035712
17.125,0.1466595,-0.40417200000000003,9.830012400000001,-0.0020292312776142296,2,0.002099457784273223,-2.478761594856363,3,-28.866197981898623
17.141,0.1631403,-0.35777070000000005,9.8689581,-0.0010868629303004695,2,0.05889802170711649,-2.478786523610026,3,-28.90585836684635
17.157,0.15568469999999998,-0.3503151,9.8165727,-0.001453657416023546,2,-0.022924655357689717,-2.4788068477727965,3,-28.945519113817415
17.172,0.15568469999999998,-0.3503151,9.8165727,-0.0018115056947767272,2,-0.023856551916877838,-2.4788313364961274,3,-28.982701400199435
17.188,0.15568469999999998,-0.3547296,9.7612443,-0.0035051800626266783,2,-0.1058546479906336,-2.478873869982187,3,-29.022363041851257
17.203,0.142245,-0.3547296,9.783611100000002,-0.004617428893025632,2,-0.07414992202659414,-2.478934789549354,3,-29.059546606797745
17.219,0.2290635,-0.3427614,9.783611100000002,-0.00567279730637793,2,-0.06596052583451123,-2.4790171113589494,3,-29.099210222005016
17.235,0.2290635,-0.36071369999999997,9.8524773,-0.005008622764307802,2,0.0415109088793876,-2.4791025627195147,3,-29.13887517939764
17.25,0.1856052,-0.36071369999999997,9.856989900000002,-0.004272963044645195,2,0.0490439813108386,-2.479172174613082,3,-29.176062239927635
17.266,0.1571562,-0.3817071,9.871999200000001,-0.0031822733312178997,2,0.06816810708921346,-2.4792318165040887,3,-29.21572947185657
17.282,0.1571562,-0.3817071,9.871999200000001,-0.002118185805922934,2,0.06650547033092791,-2.479274220177186,3,-29.255397520150023
17.297,0.145188,-0.3652263,9.8674866,-0.0012096884686769727,2,0.060566489149728474,-2.4792991792342454,3,-29.29258682064561
17.313,0.1287072,-0.3652263,9.836094600000001,-0.0010939918094194923,2,0.007231041203593322,-2.47931760867647,3,-29.332255754948893
17.344,0.15568469999999998,-0.36375480000000004,9.7895952,-0.0021061520928178368,2,-0.03265033172252476,-2.479367210906955,3,-29.40911536965244
17.344,0.113796,-0.36375480000000004,9.749178,-0.004092712449208946,2,0.0,-2.479367210906955,3,-29.40911536965244
17.36,0.1466595,-0.36826739999999997,9.749178,-0.006015992874726095,2,-0.12020502659483503,-2.4794480805495462,3,-29.448785891984087
17.375,0.1466595,-0.36826739999999997,9.749178,-0.007892364021572007,2,-0.12509140978972275,-2.4795523932262684,3,-29.48597839553741
17.391,0.1466595,-0.3592422,9.771642900000002,-0.009183684689638483,2,-0.08070754175416361,-2.479689001615958,3,-29.525652326696143
17.407,0.18864630000000002,-0.3592422,9.7821396,-0.010170157315389616,2,-0.06165453910943895,-2.4798438323519982,3,-29.56532858936789
17.422,0.2006145,-0.3173535,9.7821396,-0.011162070981281857,2,-0.0661275777261469,-2.4800038240642235,3,-29.602527446791015
17.438,0.2006145,-0.4101561,9.855518400000001,-0.010257904663101058,2,0.056510394886306166,-2.4801751838693784,3,-29.64220887885448
17.453,0.16765290000000002,-0.3847482,9.8375661,-0.009853227083974403,2,0.02697850527510934,-2.4803260173574815,3,-29.67941263786368
17.469,0.1511721,-0.3847482,9.831582000000001,-0.009610752471868267,2,0.015154663256631808,-2.480481729193928,3,-29.719099099836097
17.485,0.1631403,-0.4520448,9.831582000000001,-0.009299751905746945,2,0.01943753538258478,-2.480633013228949,3,-29.758788017775476
17.5,0.1631403,-0.40417200000000003,9.8809263,-0.007844780463960532,2,0.09699809611909048,-2.480761597221722,3,-29.79599847735386
17.516,0.18109260000000002,-0.40417200000000003,9.851005800000001,-0.007146710636638076,2,0.04362936420765831,-2.480881529150527,3,-29.83569162236483
17.532,0.1078119,-0.40868460000000006,9.851005800000001,-0.006487314007264544,2,0.04121228933584114,-2.480990601347678,3,-29.87538659940882
17.547,0.1078119,-0.38621970000000005,9.8854389,-0.005026948435871148,2,0.09735770475955605,-2.4810769583160015,3,-29.9126021061063
17.563,0.1497006,-0.38621970000000005,9.851005800000001,-0.00442799851330733,2,0.03743437016024277,-2.4811525978915947,3,-29.952299942555953
17.578,0.13469129999999999,-0.3338343,9.851005800000001,-0.003895597223529279,2,0.035493419318535356,-2.481215024859621,3,-29.989517699726587
17.594,0.13469129999999999,-0.38621970000000005,9.862974000000001,-0.0030378645614845823,2,0.05360829137778755,-2.4812704925539015,3,-30.0292175838659
17.61,0.173637,-0.39818790000000004,9.854046900000002,-0.002392144259951934,2,0.04035751884579498,-2.481313932624473,3,-30.068918259267324
17.625,0.09584369999999999,-0.39818790000000004,9.806076000000001,-0.0029571014719227406,2,-0.0376638141313857,-2.481354051967462,3,-30.106138269151764
17.641,0.11673900000000001,-0.41309910000000005,9.806076000000001,-0.003487729354826996,2,-0.033164242681519615,-2.481405610614076,3,-30.145840346452413
17.657,0.11673900000000001,-0.40711500000000006,9.788123700000002,-0.0044489657824691164,2,-0.0600772767276258,-2.4814691041751744,3,-30.185543344170732
17.688,0.1332198,-0.40711500000000006,9.8091171,-0.0048700841469973,2,-0.01358446337187741,-2.481613549449081,3,-30.262471125301904
17.688,0.142245,-0.36071369999999997,9.8091171,-0.005322099373010758,2,0.0,-2.481613549449081,3,-30.262471125301904
17.703,0.142245,-0.36375480000000004,9.8240283,-0.005396952622451323,2,-0.004990216629370821,-2.481693942339047,3,-30.299695931490316
17.719,0.142245,-0.36375480000000004,9.8240283,-0.005469980182880363,2,-0.004564222526814476,-2.48178087780149,3,-30.339403730051444
17.735,0.16765290000000002,-0.36375480000000004,9.856989900000002,-0.004728183883136339,2,0.04636226873400662,-2.481862463114018,3,-30.379112876778763
17.75,0.1661814,-0.34128990000000003,9.856989900000002,-0.004024667924554137,2,0.046901063905478324,-2.4819281095025754,3,-30.416341306073388
17.766,0.17667810000000003,-0.3652263,9.843550200000001,-0.003640475372842289,2,0.024012034481993162,-2.4819894306489547,3,-30.456052646394596
17.782,0.17667810000000003,-0.30685680000000004,9.856989900000002,-0.002986631859545952,2,0.0408652195810165,-2.4820424475068137,3,-30.495764901419847
17.797,0.2080701,-0.30685680000000004,9.843550200000001,-0.002661368477831161,2,0.02168422544765191,-2.4820848075093442,3,-30.532995855832468
17.813,0.12272310000000002,-0.35178660000000006,9.843550200000001,-0.0023423540221418904,2,0.0199384034805816,-2.482124837289344,3,-30.572709532990853
17.828,0.12272310000000002,-0.37866600000000006,9.9168309,-0.00022092909094517665,2,0.14142832874644223,-2.482144061912692,3,-30.60994154973487
17.844,0.16019730000000001,-0.37866600000000006,9.8464932,0.00014771034949312423,2,0.023039965027391227,-2.482144647662624,3,-30.649655859411478
17.86,0.1466595,-0.36973890000000004,9.8464932,0.00049395017128262,2,0.021639988861845868,-2.4821395143784577,3,-30.689370132707804
17.875,0.1466595,-0.36669779999999996,9.834525,0.0005373010840177272,2,0.002890060849007042,-2.482131779994043,3,-30.7266021674156
17.891,0.1990449,-0.36669779999999996,9.7851807,-0.0006004000691959277,2,-0.07110632207586126,-2.4821322847859246,3,-30.766316279933836
17.907,0.1406754,-0.3248091,9.7851807,-0.0017711181851964852,2,-0.07316988225002666,-2.4821512569319597,3,-30.806030548267582
17.922,0.1362609,-0.347274,9.8016615,-0.0024943215796771057,2,-0.048213559632039535,-2.4821832477301964,3,-30.84326305705255
17.938,0.1362609,-0.34580249999999996,9.818044200000001,-0.002801862301398117,2,-0.019221295107565324,-2.482225617201245,3,-30.882978327971998
17.953,0.15568469999999998,-0.34580249999999996,9.783611100000002,-0.00393406723772749,2,-0.075480329088622,-2.4822761366727883,3,-30.920212091126054
17.969,0.1377324,-0.33981839999999996,9.783611100000002,-0.005050328920706448,2,-0.06976635518617709,-2.482348011842056,3,-30.959929084314176
17.985,0.1377324,-0.3487455,9.854046900000002,-0.004415013161507275,2,0.039707234949952694,-2.4824237345787137,3,-30.99964725828554
18.0,0.1497006,-0.3487455,9.806076000000001,-0.0049600896195389765,2,-0.03633843053544538,-2.4824940478495714,3,-31.03688414165375
18.016,0.1631403,-0.3817071,9.806076000000001,-0.005456728879915218,2,-0.03103995377351851,-2.482577382397567,3,-31.076604713095723
18.032,0.1631403,-0.40417200000000003,9.830012400000001,-0.005336079542692218,2,0.0075405835764366545,-2.4826637248649477,3,-31.116326641953826
18.047,0.15421320000000002,-0.40417200000000003,9.8689581,-0.004272903859499522,2,0.0708783788795104,-2.4827357922404643,3,-31.153567138332118
18.063,0.1497006,-0.39671639999999997,9.883967400000001,-0.0028789804040219025,2,0.08712021596736079,-2.4827930073145725,3,-31.193291368728556
18.078,0.1646118,-0.37572300000000003,9.883967400000001,-0.0015332676754624686,2,0.08971418190395886,-2.4828260991751687,3,-31.23053351202723
18.094,0.1646118,-0.3652263,9.8046045,-0.0021640449381088445,2,-0.03942357891539408,-2.4828556776760773,3,-31.270258966242043
18.11,0.1107549,-0.3652263,9.8046045,-0.0027978690024550446,2,-0.03961400402164187,-2.4828953729876018,3,-31.30998497464735
18.125,0.1466595,-0.37572300000000003,9.8046045,-0.0033950812979650635,2,-0.03981415303399976,-2.482941820114855,3,-31.34722875359562
18.141,0.1466595,-0.3936753,9.8285409,-0.003377281657654052,2,0.0011124775194383378,-2.4829959990184998,3,-31.386956256148682
18.157,0.20208600000000002,-0.3936753,9.834525,-0.0031901491043111463,2,0.011695784583930302,-2.4830485384645953,3,-31.42668461244855
18.172,0.1631403,-0.33530580000000004,9.834525,-0.0030779217745458,2,0.007481821984356146,-2.483095548996187,3,-31.46393069310451
18.188,0.1631403,-0.4176117,9.821085300000002,-0.0032191119343920604,2,-0.008824384990392259,-2.483145925265858,3,-31.5036606248986
18.203,0.17510850000000003,-0.44154810000000005,9.8495343,-0.0026332587500323967,2,0.039056878957309436,-2.4831898180459913,3,-31.54090814297344
18.219,0.1332198,-0.44154810000000005,9.7851807,-0.003645538608470389,2,-0.06326749115236743,-2.483240048424859,3,-31.58063958190521
18.235,0.17510850000000003,-0.39220380000000005,9.7851807,-0.00466826921695862,2,-0.0639206630305215,-2.4833065588874628,3,-31.620371954763705
18.25,0.17510850000000003,-0.3592422,9.8151012,-0.004967734279167857,2,-0.01996433748061501,-2.4833788289136836,3,-31.657622095172215
18.266,0.19011780000000003,-0.3592422,9.8764137,-0.003758935786784434,2,0.07554990577397225,-2.4834486422742112,3,-31.697356714941712
18.282,0.1586277,-0.41466870000000006,9.8285409,-0.0037066968323138383,2,0.003264934654411878,-2.483508367335164,3,-31.73709237101859
18.297,0.1586277,-0.41466870000000006,9.8285409,-0.0036557319986840753,2,0.003397655575317405,-2.4835635855513964,3,-31.77434541066524
18.313,0.17667810000000003,-0.41466870000000006,9.886910400000001,-0.0021763478010328186,2,0.09246151235321373,-2.483610242189794,3,-31.814082801287167
18.328,0.19011780000000003,-0.3562992,9.886910400000001,-0.0007824264152613836,2,0.09292809238475881,-2.483632432996416,3,-31.851337121351065
18.344,0.19011780000000003,-0.3262806,9.8285409,-0.0008703599910173665,2,-0.005495848484748318,-2.4836456552876665,3,-31.89107534605734
18.36,0.1631403,-0.3771945,9.827069400000001,-0.0009594179012957227,2,-0.005566119392397875,-2.483660293510805,3,-31.930813793647726
18.375,0.1631403,-0.3771945,9.827069400000001,-0.0010463036674224213,2,-0.005792384408446356,-2.4836753364225705,3,-31.96806881087223
18.391,0.1466595,-0.3771945,9.8375661,-0.000881600434064822,2,0.01029395208485109,-2.4836907596553823,3,-32.007807739640846
18.407,0.1781496,-0.34580249999999996,9.8091171,-0.0014296924434287206,2,-0.03425575058523983,-2.483709249998402,3,-32.04754693971808
18.422,0.1856052,-0.34580249999999996,9.7941078,-0.0023268347146192525,2,-0.0598094847460332,-2.4837374239520873,3,-32.08480278977271
18.438,0.1856052,-0.34580249999999996,9.7941078,-0.0032020954670013424,2,-0.05470379702388664,-2.4837816553935403,3,-32.12454294240747
18.453,0.16765290000000002,-0.3427614,9.7941078,-0.004066504014023309,2,-0.057627236468128916,-2.483836169889648,3,-32.1618000760971
18.469,0.16765290000000002,-0.3503151,9.821085300000002,-0.00424584320411725,2,-0.011208699380870069,-2.483902668667393,3,-32.20154198680556
18.485,0.1586277,-0.3503151,9.827069400000001,-0.004278620050595094,2,-0.0020485529048655006,-2.483970864373431,3,-32.24128497506988
18.5,0.10928340000000002,-0.32333760000000006,9.827069400000001,-0.004349529109029859,2,-0.004727270562317482,-2.484035575492128,3,-32.27854502336888
18.516,0.10928340000000002,-0.3547296,9.783611100000002,-0.005451510736381948,2,-0.06887385170951314,-2.4841139838108917,3,-32.3182902198433
18.532,0.11821050000000001,-0.347274,9.827069400000001,-0.005471386910244291,2,-0.0012422608663963106,-2.484201366992065,3,-32.35803674264972
18.547,0.16019730000000001,-0.347274,9.8584614,-0.004711201325035219,2,0.05067903901393623,-2.4842777364038295,3,-32.39530033592519
18.563,0.1392039,-0.3876912,9.8584614,-0.003940609604454082,2,0.04816198253632639,-2.4843469508912652,3,-32.43504933342355
18.578,0.1392039,-0.42957990000000007,9.8225568,-0.004021306101082089,2,-0.005379766441866976,-2.4844066652590566,3,-32.47231498554468
18.594,0.1078119,-0.42957990000000007,9.8809263,-0.0026874419091900137,2,0.0833665119932454,-2.484460335243139,3,-32.5120659215487
18.61,0.1571562,-0.42506730000000004,9.8809263,-0.0013747457563795251,2,0.08204350955066457,-2.4844928327444635,3,-32.55181754689259
18.625,0.1571562,-0.3951468000000001,9.8689581,-0.0004159626710436015,2,0.06391887235572581,-2.484506263057669,3,-32.58908504011111
18.641,0.21258269999999999,-0.3951468000000001,9.8704296,0.0005805875838404972,2,0.062284390930263035,-2.4845049460583666,3,-32.62883712978403
18.657,0.1571562,-0.36973890000000004,9.8704296,0.0015035463622528056,2,0.05768492365076282,-2.484488272986798,3,-32.668589075536396
18.672,0.16912439999999998,-0.37572300000000003,9.7941078,0.0005544465130107312,2,-0.06327332328280257,-2.4844728380402334,3,-32.7058562838691
18.688,0.16912439999999998,-0.36973890000000004,9.839037600000001,0.0007178558213549735,2,0.010213081771516266,-2.4844626596215584,3,-32.745607767850395
18.703,0.16765290000000002,-0.36973890000000004,9.842078700000002,0.0009507759523117443,2,0.015528008730450796,-2.484450144883256,3,-32.78287461388418
18.719,0.1571562,-0.2889045,9.842078700000002,0.0011078700487949789,2,0.009818381030201063,-2.484433675715247,3,-32.82262568444897
18.735,0.1571562,-0.3307932,9.831582000000001,0.0010374371080867917,2,-0.004402058794262183,-2.484416513257992,3,-32.86237648596075
18.75,0.15421320000000002,-0.3307932,9.764187300000001,-0.0006750477343437922,2,-0.1141656561620346,-2.484413795337689,3,-32.89964271327522
18.766,0.17069399999999998,-0.3622833,9.764187300000001,-0.002311844182489864,2,-0.10229977800914075,-2.484437690473024,3,-32.939393525161705
18.782,0.17069399999999998,-0.33824879999999996,9.839037600000001,-0.002105476087384872,2,0.012898005944060542,-2.484473029035183,3,-32.979144810917774
18.797,0.21709530000000002,-0.33824879999999996,9.8240283,-0.002247631068549083,2,-0.009476998744280367,-2.4845056773388525,3,-33.01641215121558
18.813,0.1466595,-0.3338343,9.8240283,-0.0024217800516357357,2,-0.010884311442916994,-2.484543032627814,3,-33.05616454089531
18.828,0.20355750000000003,-0.33981839999999996,9.866015100000002,-0.0015387232118442284,2,0.058870455986098254,-2.4845727364022903,3,-33.093432909163035
18.844,0.20355750000000003,-0.33226469999999997,9.8285409,-0.001596764699195674,2,-0.0036275929594649474,-2.4845978203055785,3,-33.1331862736167
18.86,0.10928340000000002,-0.33226469999999997,9.8704296,-0.0006689268704835882,2,0.05798986429451175,-2.484615945838136,3,-33.17293998374585
18.875,0.15421320000000002,-0.37572300000000003,9.8704296,0.00028888358329304253,2,0.06385403025177297,-2.48461879616279,3,-33.21020924431086
18.891,0.15421320000000002,-0.37268190000000007,9.7971489,-0.0005653095477651249,2,-0.05338707069114134,-2.4846210075705057,3,-33.24996316274072
18.907,0.19610190000000002,-0.37268190000000007,9.8375661,-0.00039553925852864324,2,0.010610643077278914,-2.484628694360956,3,-33.289717160356176
18.922,0.2080701,-0.37268190000000007,9.8375661,-0.00022391882882288883,2,0.011441361980383194,-2.4846333402966114,3,-33.32698662561611
18.938,0.2080701,-0.37425150000000007,9.883967400000001,0.0010756411678816136,2,0.08122249979404035,-2.484626526517899,3,-33.36674070455062
18.953,0.1466595,-0.37425150000000007,9.8794548,0.0022066778860256875,2,0.07540244787626874,-2.484601909124995,3,-33.404009917817945
18.969,0.16019730000000001,-0.4400766,9.8824959,0.003455444161238219,2,0.0780478922007745,-2.4845566121486167,3,-33.44376318598814
18.985,0.1482291,-0.40868460000000006,9.8824959,0.004636357258750223,2,0.07380706859450839,-2.484491877737257,3,-33.48351557390722
19.0,0.1482291,-0.38621970000000005,9.8928945,0.0060198542759710705,2,0.09223313448138631,-2.4844119561507463,3,-33.52078235266138
19.016,0.16765290000000002,-0.38621970000000005,9.831582000000001,0.005883098332477132,2,-0.00854724646837207,-2.4843167325298787,3,-33.56053218217082
19.032,0.16765290000000002,-0.38621970000000005,9.831582000000001,0.005749677899800076,2,-0.00833877704231507,-2.4842236703200204,3,-33.60028050539362
19.047,0.1526436,-0.3891627,9.831582000000001,0.00561638186489688,2,-0.008886402326879424,-2.484138424871785,3,-33.63754322110756
19.063,0.1272357,-0.37866600000000006,9.8120601,0.004991784711316782,2,-0.0390373220987604,-2.4840535595391753,3,-33.67728875698285
19.078,0.1946304,-0.38023560000000006,9.8120601,0.004410837318028271,2,-0.03872982621923261,-2.483983039873955,3,-33.71454903147845
19.094,0.1946304,-0.38023560000000006,9.8120601,0.003844059373356856,2,-0.03542362154195947,-2.483917000700424,3,-33.75429223180305
19.11,0.1946304,-0.3652263,9.845021700000002,0.004080441446484784,2,0.014773879570497101,-2.4838536046938655,3,-33.7940343966462
19.125,0.18413369999999998,-0.3652263,9.843550200000001,0.004270278265009253,2,0.012655787901630801,-2.483790974296029,3,-33.831291730988625
19.141,0.18864630000000002,-0.37866600000000006,9.7851807,0.003047616635779349,2,-0.07641635182687742,-2.483732431136823,3,-33.871031918232084
19.157,0.18864630000000002,-0.3712104,9.8016615,0.0022494226104292636,2,-0.04988712658437474,-2.483690054822853,3,-33.91077129811977
19.172,0.15421320000000002,-0.3712104,9.8240283,0.0020010955520657348,2,-0.016555137224234632,-2.4836581759366343,3,-33.94802640985046
19.188,0.15421320000000002,-0.3712104,9.8240283,0.0017588252512226177,2,-0.015141893802696484,-2.4836280965702078,3,-33.98776470003051
19.203,0.1721655,-0.3547296,9.8240283,0.0015148919355159052,2,-0.01626222104711355,-2.483603543691307,3,-34.025018937332476
19.219,0.1721655,-0.3367773,9.818044200000001,0.0011156642041765252,2,-0.024951733208708454,-2.4835824992421895,3,-34.064756425675945
19.235,0.173637,-0.3367773,9.8151012,0.0006550782358303309,2,-0.02878662302164032,-2.4835683333026695,3,-34.1044936323363
19.25,0.1406754,-0.3817071,9.8151012,0.0002329409302372909,2,-0.02814248703953493,-2.483561673158924,3,-34.14174710738477
19.266,0.1406754,-0.34580249999999996,9.8196138,-0.00010134566787733945,2,-0.020892912382166697,-2.4835606203968252,3,-34.18148408573321
19.282,0.16166880000000003,-0.37268190000000007,9.831582000000001,-0.00010397879994528125,2,-0.00016457075424634418,-2.4835622629925678,3,-34.22122106880033
19.297,0.1930608,-0.37268190000000007,9.848062800000001,0.0003088583802828282,2,0.02752247868187292,-2.4835607263957153,3,-34.258474491220746
19.313,0.1856052,-0.3562992,9.848062800000001,0.0006933572867975357,2,0.024031181657171868,-2.483552708670379,3,-34.29821139870127
19.328,0.1856052,-0.36071369999999997,9.8464932,0.0010341440170993366,2,0.02271911535345253,-2.4835397524105995,3,-34.335464592159376
19.344,0.16166880000000003,-0.36071369999999997,9.871999200000001,0.0019779303297937645,2,0.058986644543395146,-2.4835156558158245,3,-34.37520103542519
19.36,0.1661814,-0.37866600000000006,9.871999200000001,0.0029169069538106385,2,0.058686039001061084,-2.4834764971175556,3,-34.414936972648654
19.375,0.1661814,-0.37268190000000007,9.8375661,0.002988319640913062,2,0.0047608458068280485,-2.4834322079180953,3,-34.45218878793642
19.391,0.142245,-0.37268190000000007,9.834525,0.0029747341466439536,2,-0.0008490933918193603,-2.4833845034877946,3,-34.49192332162767
19.407,0.1511721,-0.3562992,9.834525,0.0029499280215574686,2,-0.0015503828179051424,-2.483337106190449,3,-34.5316570945051
19.422,0.1511721,-0.3951468000000001,9.8495343,0.003327637767487346,2,0.02518064972865753,-2.4832900244470313,3,-34.56890679798488
19.438,0.1287072,-0.3936753,9.7627158,0.0015712833685075367,2,-0.10977214993625016,-2.4832508330779435,3,-34.60863912484508
19.453,0.1032993,-0.3936753,9.8016615,0.0007994838868636833,2,-0.051453298776254944,-2.483233052323528,3,-34.64588775398559
19.469,0.1721655,-0.34580249999999996,9.8016615,2.6082663053372812e-05,2,-0.048337576488138995,-2.4832264477911288,3,-34.68561942998651
19.485,0.1721655,-0.3592422,9.8151012,-0.0003891475927897403,2,-0.02595189099019743,-2.4832293523105666,3,-34.72535107638732
19.5,0.1571562,-0.3592422,9.818044200000001,-0.0007286634827909921,2,-0.022634392666749263,-2.4832377358936335,3,-34.762599579548855
19.516,0.1631403,-0.37268190000000007,9.818044200000001,-0.0010453113605386477,2,-0.019790492359230652,-2.4832519276923803,3,-34.80233149685754
19.532,0.1631403,-0.37572300000000003,9.8974071,0.0005826000004187648,2,0.1017444600598269,-2.4832556293832613,3,-34.84206355731415
19.547,0.19610190000000002,-0.37572300000000003,9.827069400000001,0.00047141174431075683,2,-0.0074125504072002505,-2.483247724295176,3,-34.87931233246674
19.563,0.21856680000000003,-0.3712104,9.827069400000001,0.0003703058632353873,2,-0.006319117567211293,-2.4832409905543154,3,-34.91904424218553
19.578,0.21856680000000003,-0.3562992,9.8495343,0.000805646924284531,2,0.02902273740327515,-2.483232170908409,3,-34.9562927908965
19.594,0.1721655,-0.3592422,9.806076000000001,0.00015145732838561798,2,-0.04088684974367749,-2.4832245140743874,3,-34.99602444437637
19.61,0.1122264,-0.3592422,9.7222986,-0.0025497939682619375,2,-0.1688282060404908,-2.4832437007675066,3,-35.0357561900951
19.625,0.1317483,-0.37572300000000003,9.7222986,-0.00516400995837607,2,-0.17428106600760224,-2.4833015542969563,3,-35.07300527950809
19.641,0.1317483,-0.33981839999999996,9.8091171,-0.005630614245585974,2,-0.02916276795062222,-2.483387911290588,3,-35.11273879523279
19.657,0.1482291,-0.33981839999999996,9.8151012,-0.0059342557399642,2,-0.018977593398637013,-2.4834804302504723,3,-35.15247374196512
19.672,0.18266220000000002,-0.3173535,9.8151012,-0.006234675185771366,2,-0.020027963053810254,-2.4835716972324153,3,-35.18972663292124
19.688,0.18266220000000002,-0.3173535,9.8151012,-0.0065277673280217385,2,-0.018318258890650325,-2.4836737967725258,3,-35.22946459687328
19.703,0.18266220000000002,-0.37866600000000006,9.842078700000002,-0.006103344243561182,2,0.028294872297369378,-2.4837685301093124,3,-35.266720414324894
19.719,0.17667810000000003,-0.37866600000000006,9.8375661,-0.005801899265204469,2,0.018840311147292454,-2.4838637720573824,3,-35.306461472742235
19.735,0.1586277,-0.37572300000000003,9.8375661,-0.005518052661539485,2,0.017740412729063414,-2.4839543316727966,3,-35.34620401757207
19.75,0.18864630000000002,-0.3712104,9.776155500000002,-0.006728863424996234,2,-0.0807207175637802,-2.4840461835434455,3,-35.3834640214362
19.766,0.18864630000000002,-0.37572300000000003,9.8225568,-0.006775242571757545,2,-0.002898696672582232,-2.4841542163914196,3,-35.423209624635675
19.782,0.1062423,-0.39220380000000005,9.871999200000001,-0.005630047362616963,2,0.07157470057127834,-2.484253458710895,3,-35.462956886036494
19.797,0.1062423,-0.37572300000000003,9.877983300000002,-0.004382565648191061,2,0.08316544762839032,-2.484328553308476,3,-35.50022125112664
19.813,0.1062423,-0.37572300000000003,9.877983300000002,-0.00316551031704293,2,0.07606595819676659,-2.484388937916198,3,-35.539970991056435
19.828,0.1392039,-0.37572300000000003,9.883967400000001,-0.0018223253666764805,2,0.0895456633577599,-2.484426346683826,3,-35.577237105690934
19.844,0.19610190000000002,-0.3652263,9.883967400000001,-0.0004979697341340739,2,0.08277222703389116,-2.4844449090446328,3,-35.616988075736764
19.86,0.19610190000000002,-0.36375480000000004,9.836094600000001,-0.0003738429258639542,2,0.0077579255168833345,-2.484451883545913,3,-35.656739250077486
19.875,0.17667810000000003,-0.36375480000000004,9.889951500000002,0.0010507669506267803,2,0.09497399176604536,-2.4844468066157273,3,-35.6940059902537
19.891,0.1377324,-0.3771945,9.889951500000002,0.0024378127696635943,2,0.08669036368981042,-2.484418897977965,3,-35.733756915890446
19.907,0.17069399999999998,-0.40868460000000006,9.9033912,0.004161510113105393,2,0.10773108396510038,-2.484366103394903,3,-35.77350719590143
19.922,0.17069399999999998,-0.39818790000000004,9.834525,0.004154699521734528,2,-0.00045403942472431127,-2.4843037318226417,3,-35.810772219665566
19.938,0.17667810000000003,-0.39818790000000004,9.8240283,0.0038948641855327537,2,-0.016239708512612708,-2.4842393353129837,3,-35.85052056420265
19.953,0.1392039,-0.36071369999999997,9.8240283,0.003591412486352752,2,-0.020230113278666022,-2.4841831882379446,3,-35.88778373312928
19.969,0.1392039,-0.35178660000000006,9.855518400000001,0.0040549564399707805,2,0.028971497101123542,-2.484122017286534,3,-35.92753017477348
19.985,0.1631403,-0.35178660000000006,9.743193900000001,0.001778663298571459,2,-0.14226832133747327,-2.4840753483286258,3,-35.967275753698395
20.0,0.113796,-0.38023560000000006,9.743193900000001,-0.0004331558130044044,2,-0.14745460743838532,-2.484065257022484,3,-36.00453680823853
20.016,0.113796,-0.3562992,9.831582000000001,-0.00045884272086382794,2,-0.0016054317412141463,-2.484072393010755,3,-36.04428190943879
20.032,0.1362609,-0.3562992,9.800091900000002,-0.0012444121791705953,2,-0.049098091144167466,-2.484086019049955,3,-36.084027176735276
20.047,0.173637,-0.3202965,9.800091900000002,-0.0020267088300069958,2,-0.052153110055758053,-2.484110552457524,3,-36.12128865102159
20.063,0.21856680000000003,-0.37268190000000007,9.783611100000002,-0.003124458915065631,2,-0.06860938031617225,-2.4841517617994846,3,-36.16103474953564
20.078,0.21856680000000003,-0.3936753,9.877983300000002,-0.0018760507061017506,2,0.08322721393092221,-2.4841892656216435,3,-36.1982973072413
20.094,0.1781496,-0.3936753,9.834525,-0.0017368085110298637,2,0.008702637191991961,-2.4842181684953806,3,-36.23804456671424
20.11,0.1856052,-0.39220380000000005,9.834525,-0.0015990353543013924,2,0.008610822295530401,-2.484244855246303,3,-36.277792270904165
20.125,0.1856052,-0.3817071,9.8196138,-0.0018380354055995696,2,-0.015933336753211205,-2.4842706332770024,3,-36.31505613706809
20.141,0.18413369999999998,-0.3817071,9.845021700000002,-0.0014527512252104913,2,0.024080261274320044,-2.484296959570049,3,-36.35480467781086
20.157,0.1392039,-0.3532581,9.845021700000002,-0.001120723160386916,2,0.020751754051471127,-2.4843175473651335,3,-36.39455359386635
20.172,0.1392039,-0.3817071,9.7941078,-0.0020116545770232364,2,-0.059395427775752435,-2.484341040198164,3,-36.43181853327307
20.188,0.1212516,-0.3817071,9.7851807,-0.0031042252271511472,2,-0.06828566563300195,-2.4843819672365974,3,-36.47156831733255
20.203,0.11821050000000001,-0.3847482,9.8120601,-0.0035131094277893737,2,-0.02725894670921407,-2.4844315972465094,3,-36.50883441906617
20.219,0.15421320000000002,-0.36071369999999997,9.8120601,-0.003922090794986843,2,-0.025561335449838987,-2.4844910788482917,3,-36.54858580047493
20.235,0.15421320000000002,-0.33226469999999997,9.834525,-0.003798037490007289,2,0.007753331561223008,-2.4845528398745715,3,-36.58833815182471
20.25,0.15421320000000002,-0.33226469999999997,9.860031000000001,-0.0030553422854300294,2,0.04951301363848209,-2.4846042402228874,3,-36.62560682992544
20.266,0.11821050000000001,-0.37572300000000003,9.860031000000001,-0.002304857092635615,2,0.04690532454965607,-2.484647121817912,3,-36.66536084082176
20.282,0.11821050000000001,-0.3831786,9.833053500000002,-0.0022231269059673764,2,0.005108136666764335,-2.4846833456899007,3,-36.70511548456183
20.297,0.19011780000000003,-0.3831786,9.8764137,-0.0010593466196766599,2,0.07758535241937815,-2.484707964241343,3,-36.742385919386315
20.313,0.17510850000000003,-0.34580249999999996,9.8764137,3.567129904880062e-05,2,0.06843861992034882,-2.484716153643908,3,-36.782141312329394
20.328,0.17510850000000003,-0.3847482,9.8240283,-0.00013743434716495528,2,-0.011540376414249957,-2.484716916866769,3,-36.819412060358225
20.344,0.142245,-0.3847482,9.8285409,-0.00020928518458873668,2,-0.004490677338985835,-2.484719690623023,3,-36.85916755321815
20.36,0.1317483,-0.344331,9.856989900000002,0.0003739085862068947,2,0.03644961067473098,-2.48471837363581,3,-36.89892305773222
20.375,0.1317483,-0.344331,9.856989900000002,0.0009428781186890944,2,0.03793130216547855,-2.484708497735523,3,-36.9361937592675
20.391,0.16166880000000003,-0.35178660000000006,9.845021700000002,0.0012235582325779149,2,0.01754250711805321,-2.484691166244713,3,-36.97594895657934
20.407,0.20355750000000003,-0.35178660000000006,9.8704296,0.002135506767441342,2,0.056996783428957816,-2.4846642937247125,3,-37.0157038002591
20.422,0.2290635,-0.344331,9.8704296,0.00303242738165288,2,0.05979470761410028,-2.484625534218594,3,-37.05297347396867
20.438,0.2290635,-0.344331,9.8704296,0.00390747188332341,2,0.054690281354414144,-2.4845700150244743,3,-37.09272703836261
20.453,0.2290635,-0.3771945,9.8944641,0.0053760665882105485,2,0.09790631365913885,-2.484500388485938,3,-37.12999506638894
20.469,0.16912439999999998,-0.3771945,9.8016615,0.004517966158024578,2,-0.05363127688661717,-2.4844212362239677,3,-37.16974643938663
20.485,0.2006145,-0.37268190000000007,9.8016615,0.003691061695997533,2,-0.051681528876696,-2.4843555640011354,3,-37.20949665378843
20.5,0.2006145,-0.3338343,9.774684,0.0021927388745819343,2,-0.09988818809436946,-2.4843114354968563,3,-37.24676165628466
20.516,0.2006145,-0.3338343,9.8225568,0.0018976684939175925,2,-0.01844189879152339,-2.4842787122379084,3,-37.286510377466534
20.532,0.1796211,-0.39220380000000005,9.855518400000001,0.0024556316559429803,2,0.034872697626582835,-2.4842438858367095,3,-37.32625855825113
20.547,0.1646118,-0.39220380000000005,9.7895952,0.0013872212697183528,2,-0.07122735908163913,-2.484215064439767,3,-37.36352200037821
20.563,0.1646118,-0.39220380000000005,9.7895952,0.0003448696734018597,2,-0.065146974769788,-2.484201207712222,3,-37.403269330555425
20.578,0.0928026,-0.39220380000000005,9.836094600000001,0.00043811136360005776,2,0.0062161126798796346,-2.484195335354445,3,-37.44053230462843
20.594,0.1212516,-0.36375480000000004,9.836094600000001,0.0005099800639438712,2,0.004491793771487836,-2.4841877506230245,3,-37.48027936931625
20.61,0.1212516,-0.3503151,9.833053500000002,0.0004940855303878777,2,-0.0009934083472497009,-2.48417971809827,3,-37.52002630906602
20.625,0.1661814,-0.3503151,9.874942200000001,0.0015154689299681223,2,0.06809222663868039,-2.484164646439817,3,-37.557288891800056
20.641,0.1631403,-0.36826739999999997,9.874942200000001,0.002526623162859565,2,0.06319713955572212,-2.4841323097030745,3,-37.59703526744919
20.657,0.1631403,-0.42957990000000007,9.843550200000001,0.0028086406745462256,2,0.017626094480414325,-2.4840896275923754,3,-37.63678104294756
20.672,0.19011780000000003,-0.4235958000000001,9.886910400000001,0.004145651705176334,2,0.08913406870867054,-2.4840374703995276,3,-37.6740419961825
20.688,0.19011780000000003,-0.4235958000000001,9.886910400000001,0.00545005271066934,2,0.08152506284332182,-2.483960704764201,3,-37.71378598158381
20.703,0.16765290000000002,-0.37268190000000007,9.886910400000001,0.0066627774209244706,2,0.08084831401700567,-2.483869858538214,3,-37.75104471080858
20.719,0.16765290000000002,-0.3876912,9.8854389,0.007824130614542568,2,0.07258457460112298,-2.4837539632739305,3,-37.79078570138308
20.735,0.1032993,-0.3876912,9.8240283,0.007439086336074041,2,-0.024065267404285592,-2.4836318575383256,3,-37.83052478794957
20.75,0.1646118,-0.4281084,9.8240283,0.007124695799554104,2,-0.02095936910132836,-2.4835226291723083,3,-37.8677784465999
20.766,0.1646118,-0.344331,9.886910400000001,0.008270276471916915,2,0.0715987920226836,-2.4833994693941364,3,-37.90751382338843
20.782,0.1631403,-0.344331,9.8464932,0.008402270567717807,2,0.008249630987554789,-2.4832660890178193,3,-37.94724714785573
20.797,0.2065986,-0.31136939999999996,9.8464932,0.008524183074248626,2,0.008127500435387632,-2.4831391406155046,3,-37.984495187077975
20.813,0.2065986,-0.3712104,9.8464932,0.008693669485451139,2,0.010592900700158227,-2.483001397795027,3,-38.024224311385254
20.828,0.1781496,-0.3712104,9.860031000000001,0.00917538011121799,2,0.03211404171778887,-2.482867379923052,3,-38.061468327218144
20.844,0.16912439999999998,-0.41908320000000004,9.8674866,0.009869870837032835,2,0.04340567036342294,-2.482715017915466,3,-38.101192986400854
20.86,0.19610190000000002,-0.37268190000000007,9.8674866,0.010514227103760376,2,0.04027226667047578,-2.4825519451319393,3,-38.14091512210523
20.875,0.19610190000000002,-0.344331,9.818044200000001,0.009912829668698109,2,-0.04009316233748298,-2.4823987422061458,3,-38.17815225226026
20.891,0.1915893,-0.344331,9.8674866,0.010528876137684051,2,0.03850290431162564,-2.4822352085596946,3,-38.21786932386638
20.907,0.18864630000000002,-0.3248091,9.8674866,0.011112383121089309,2,0.036469186462824515,-2.482062078485624,3,-38.25758370216275
20.922,0.18864630000000002,-0.37425150000000007,9.788123700000002,0.00979041712916029,2,-0.08813106612859796,-2.481905307483747,3,-38.29481345755752
20.938,0.11673900000000001,-0.37425150000000007,9.7956774,0.008657447316636535,2,-0.07081061328274244,-2.481757724568181,3,-38.33452276181393
20.969,0.1287072,-0.38621970000000005,9.7911648,0.007457117982315964,2,-0.038720301107112255,-2.481507948806047,3,-38.41145337975124
20.985,0.1571562,-0.38621970000000005,9.8405091,0.007498620369783993,2,0.0025938992167520796,-2.4813883028992305,3,-38.451156549764875
21.0,0.1796211,-0.3891627,9.8495343,0.007771221696508235,2,0.01817342178161546,-2.4812737790837334,3,-38.48837651537975
21.016,0.12272310000000002,-0.37572300000000003,9.8495343,0.008003176600603013,2,0.014497181505925202,-2.4811475838973567,3,-38.528075886283595
21.032,0.12272310000000002,-0.4281084,9.8794548,0.00901058915675712,2,0.0629632847596247,-2.481011473771298,3,-38.56777315874495
21.047,0.16765290000000002,-0.4281084,9.7926363,0.007894303503094946,2,-0.07441904357747549,-2.480884687076349,3,-38.60498737995131
21.063,0.16765290000000002,-0.4281084,9.7926363,0.006805244328791815,2,-0.06806619839395317,-2.4807670906936936,3,-38.644680594173465
21.078,0.16912439999999998,-0.34580249999999996,9.8405091,0.0068308462481070364,2,0.0017067946210146865,-2.480664820014367,3,-38.68189133350378
21.094,0.1392039,-0.34580249999999996,9.8584614,0.0072819471667600055,2,0.028193807415807414,-2.4805519176670483,3,-38.72158106740523
21.11,0.1317483,-0.36826739999999997,9.8584614,0.007739377374436529,2,0.02858938797978587,-2.480431747070719,3,-38.76126893672313
21.125,0.1317483,-0.36826739999999997,9.8584614,0.008185650747780215,2,0.029751558222911294,-2.4803123093598023,3,-38.79847451714636
21.141,0.1317483,-0.33530580000000004,9.7986204,0.007133815543916455,2,-0.06573970024149225,-2.480189753629469,3,-38.83815853365027
21.157,0.11673900000000001,-0.3427614,9.7986204,0.006109283767360196,2,-0.06403323603475902,-2.4800838088349786,3,-38.87784072214999
21.172,0.11821050000000001,-0.3427614,9.862974000000001,0.006678704127510926,2,0.03796135734338054,-2.479987898925767,3,-38.915041259958194
21.188,0.1856052,-0.3307932,9.862974000000001,0.00724957509702584,2,0.035679435594686046,-2.479876472691971,3,-38.95472017493113
21.203,0.18864630000000002,-0.37572300000000003,9.8165727,0.006716438357484478,2,-0.035542449302756136,-2.479771727591062,3,-38.991917536433256
21.219,0.1781496,-0.40417200000000003,9.8165727,0.006219063159734972,2,-0.031085949859340618,-2.4796682435789243,3,-39.03159305620262
21.235,0.1781496,-0.36669779999999996,9.891423,0.007522022081321467,2,0.08143493259916487,-2.479558314896996,3,-39.07126686867042
21.25,0.1781496,-0.36669779999999996,9.891423,0.008793201517015348,2,0.08474529571292219,-2.4794359507200086,3,-39.10845932566255
21.266,0.16019730000000001,-0.36669779999999996,9.8495343,0.009005057033137476,2,0.013240969757634462,-2.4792935646516074,3,-39.14812916178552
21.282,0.1482291,-0.3652263,9.839037600000001,0.00895003415823048,2,-0.003438929681686857,-2.4791499239220767,3,-39.18779670969411
21.297,0.15421320000000002,-0.37572300000000003,9.8225568,0.008506598537971755,2,-0.0295623746839139,-2.479018999176855,3,-39.224982976617355
21.313,0.15421320000000002,-0.37572300000000003,9.8225568,0.008073978420647165,2,-0.0270387573327898,-2.478886354561186,3,-39.26464621944726
21.328,0.142245,-0.37572300000000003,9.8495343,0.008304948291804948,2,0.015397991410518239,-2.4787635126108425,3,-39.30182859345105
21.344,0.145188,-0.39818790000000004,9.8495343,0.008552838429801923,2,0.01549313362480924,-2.4786286503170696,3,-39.34148773075448
21.36,0.145188,-0.38023560000000006,9.8375661,0.008485737331756837,2,-0.004193818627818331,-2.478492341710977,3,-39.3811446986907
21.375,0.173637,-0.38023560000000006,9.8405091,0.008503222691047085,2,0.0011656906193498206,-2.478364924510806,3,-39.418321128187365
21.391,0.17069399999999998,-0.3996594,9.8405091,0.0085377825423123,2,0.0021599907040761473,-2.4782285964689392,3,-39.4579738763552
21.407,0.17069399999999998,-0.4116276,9.8405091,0.008583520397603905,2,0.002858615955725021,-2.47809162604542,3,-39.49762443813532
21.422,0.1661814,-0.4116276,9.900448200000001,0.010086713738981956,2,0.10021288942519958,-2.4779515992893955,3,-39.53479476232533
21.438,0.1586277,-0.4027005000000001,9.900448200000001,0.011541278885065509,2,0.09091032163023206,-2.477778575348403,3,-39.57444060372243
21.453,0.1586277,-0.3143124,9.8674866,0.012078932593484026,2,0.03584358056123313,-2.4776014237623136,3,-39.61160595371576
21.469,0.16166880000000003,-0.35178660000000006,9.9138879,0.013766376769474675,2,0.10546526099940376,-2.47739466128741,3,-39.651245922396164
21.485,0.1511721,-0.33981839999999996,9.830012400000001,0.013354159322130243,2,-0.025763590459029824,-2.477177696998677,3,-39.69088250126245
21.5,0.1511721,-0.33981839999999996,9.830012400000001,0.012951995958866647,2,-0.02681089088423877,-2.4769804008340697,3,-39.7280386869962
21.516,0.1511721,-0.3831786,9.866015100000002,0.013475849943219487,2,0.03274087402205611,-2.476768978066853,3,-39.767668682027406
21.532,0.1062423,-0.3831786,9.8255979,0.012987660700282788,2,-0.030511827683540244,-2.476557269981705,3,-39.8072952920118
21.547,0.173637,-0.3487455,9.8255979,0.012503515833151013,2,-0.03227632447545044,-2.476366086157704,3,-39.844442217182845
21.563,0.173637,-0.38621970000000005,9.8165727,0.011845411879381373,2,-0.04113149711060702,-2.476171294736004,3,-39.88406251622999
21.578,0.1721655,-0.38621970000000005,9.8464932,0.011931821924124009,2,0.005760669649508799,-2.4759929654824777,3,-39.921203748181625
21.61,0.20208600000000002,-0.36071369999999997,9.7895952,0.01061987928615693,2,-0.04099820743647117,-2.475632138263113,3,-40.00042974984156
21.61,0.1930608,-0.3652263,9.8255979,0.01021691048214457,2,0.0,-2.475632138263113,3,-40.00042974984156
21.625,0.1930608,-0.3652263,9.8255979,0.009823770185546365,2,-0.02620935310654597,-2.4754818331581054,3,-40.03756310462722
21.641,0.1915893,-0.3652263,9.842078700000002,0.009841134461463952,2,0.0010852672448492613,-2.4753245139209294,3,-40.07716955540385
21.657,0.15421320000000002,-0.36071369999999997,9.842078700000002,0.009838018113130786,2,-0.0001947717708228107,-2.4751670807003325,3,-40.116773488160824
21.672,0.15421320000000002,-0.3847482,9.862974000000001,0.010366350528046908,2,0.03522216099440678,-2.4750155479355236,3,-40.153899857875594
21.688,0.15421320000000002,-0.3847482,9.862974000000001,0.010881796786501141,2,0.03221539115339311,-2.4748455627570074,3,-40.19349874676113
21.719,0.1466595,-0.3891627,9.8016615,0.009891993198127835,2,-0.03192914801203969,-2.474523569012246,3,-40.27021396830356
21.735,0.13469129999999999,-0.3936753,9.8944641,0.011187997222801727,2,0.08100025154212713,-2.474354929088878,3,-40.309804996288364
21.75,0.1571562,-0.36375480000000004,9.8944641,0.012432556698682262,2,0.0829706317253659,-2.474177774934467,3,-40.34691899156854
21.766,0.1571562,-0.42663690000000004,9.8405091,0.012393381443327911,2,-0.0024484534596472185,-2.4739791674293308,3,-40.386504247107446
21.782,0.1571562,-0.42663690000000004,9.8405091,0.0123551616820059,2,-0.0023887350826254476,-2.473781179084328,3,-40.42608632987956
21.797,0.1661814,-0.39220380000000005,9.842078700000002,0.012324827307036657,2,-0.002022291664616128,-2.47359607916691,3,-40.46319165931644
21.813,0.16019730000000001,-0.39220380000000005,9.8405091,0.01225456751778431,2,-0.004391236828272178,-2.4733994440083116,3,-40.50276762350184
21.828,0.15421320000000002,-0.3907323,9.8405091,0.012182265416033289,2,-0.004820140116734523,-2.473216167761308,3,-40.53986724059011
21.844,0.17069399999999998,-0.33981839999999996,9.8285409,0.011780610955561599,2,-0.025103403779477805,-2.473024464750335,3,-40.57943716565021
21.86,0.1482291,-0.2889045,9.8285409,0.011340176169680305,2,-0.02752717411758391,-2.4728394984533333,3,-40.61900407735584
21.875,0.1482291,-0.2889045,9.8285409,0.01091048369564973,2,-0.02864616493537052,-2.4726726185043435,3,-40.65609541823302
21.891,0.1482291,-0.287433,9.830012400000001,0.010526090643558916,2,-0.024024565755678556,-2.4725011259096297,3,-40.69565680818833
21.907,0.18109260000000002,-0.287433,9.7612443,0.008488229070152897,2,-0.12736634833786192,-2.4723490113519198,3,-40.73521560928643
21.922,0.1392039,-0.3173535,9.7612443,0.006505913133478813,2,-0.13215439577826726,-2.4722365552853924,3,-40.77230000103621
21.938,0.1392039,-0.40711500000000006,9.883967400000001,0.007643504075421248,2,0.07109943387140999,-2.4721233599477213,3,-40.81185488035807
21.953,0.1466595,-0.40711500000000006,9.9168309,0.009556760274243459,2,0.12755041325480923,-2.471994357965099,3,-40.848935763242416
21.969,0.1856052,-0.40711500000000006,9.8794548,0.01052856696377269,2,0.06073791809557014,-2.471833675347195,3,-40.88848638750892
21.985,0.1781496,-0.4281084,9.8794548,0.011494947993284654,2,0.06039881434450444,-2.4716574872275383,3,-40.928034316809516
22.0,0.1781496,-0.33226469999999997,9.856989900000002,0.01180035721319328,2,0.020360614660574268,-2.4714827724384896,3,-40.96510786875701
22.016,0.1586277,-0.33226469999999997,9.842078700000002,0.011726755216365348,2,-0.004600124801746271,-2.4712945555390533,3,-41.004650087380824
22.032,0.1856052,-0.3307932,9.842078700000002,0.011665238782956777,2,-0.0038447770880352256,-2.471107419587059,3,-41.04418930318184
22.047,0.1856052,-0.3547296,9.8809263,0.01257226138812051,2,0.06046817367757984,-2.4709256383357756,3,-41.08125455111626
22.063,0.113796,-0.3547296,9.8405091,0.01244556399829655,2,-0.007918586863998362,-2.470725495732684,3,-41.120787760188804
22.078,0.1362609,-0.347274,9.8405091,0.01232243189080684,2,-0.008208807165980329,-2.470539735763516,3,-41.157847249425025
22.094,0.11526750000000001,-0.3936753,9.7911648,0.011035868137831528,2,-0.08041023456094798,-2.470352869363287,3,-41.19737439026604
22.11,0.11526750000000001,-0.3532581,9.8495343,0.011165741214018254,2,0.008117067261671279,-2.470175256488472,3,-41.23689861527285
22.125,0.16019730000000001,-0.3532581,9.8136297,0.010432718035644939,2,-0.04886821189155251,-2.4700132680440996,3,-41.273950029206844
22.141,0.16765290000000002,-0.36669779999999996,9.8136297,0.009732622817894665,2,-0.04375595110939694,-2.4698519453172714,3,-41.31346895091373
22.157,0.16765290000000002,-0.3592422,9.8255979,0.009334552650818395,2,-0.02487938544226408,-2.4696994079135215,3,-41.352985361739584
22.172,0.1466595,-0.3592422,9.821085300000002,0.008828030615180893,2,-0.033768135709165537,-2.4695631885390266,3,-41.39002983121298
22.188,0.17510850000000003,-0.37572300000000003,9.821085300000002,0.008360248319524644,2,-0.029236393478518807,-2.469425682307549,3,-41.429541742179744
22.203,0.17510850000000003,-0.3262806,9.833053500000002,0.008152511279773123,2,-0.01384913598343421,-2.4693018366105544,3,-41.46658219857163
22.219,0.19011780000000003,-0.3262806,9.8584614,0.008575884262238986,2,0.026460811404113528,-2.4691680094462183,3,-41.50608995734009
22.235,0.1332198,-0.3503151,9.8584614,0.008986291185312467,2,0.025650432692095375,-2.4690275120426377,3,-41.54559552151199
22.25,0.1287072,-0.344331,9.8225568,0.008504977074945685,2,-0.03208760735778423,-2.4688963275306857,3,-41.58262995030879
22.266,0.1287072,-0.3547296,9.7926363,0.007315192220943345,2,-0.07436155337515446,-2.4687697661763184,3,-41.62213127905844
22.282,0.1856052,-0.3547296,9.856989900000002,0.007744978680774395,2,0.0268616537394376,-2.468649284809105,3,-41.66163063146633
22.297,0.1796211,-0.34580249999999996,9.856989900000002,0.008153849807278846,2,0.027258075100295695,-2.4685300435954445,3,-41.69865947642936
22.313,0.1796211,-0.37425150000000007,9.818044200000001,0.007629020761775962,2,-0.032801815343933845,-2.4684037806308923,3,-41.73815494702317
22.328,0.142245,-0.37425150000000007,9.8704296,0.008378699818331725,2,0.04997860377038232,-2.4682837227265413,3,-41.775180103298354
22.344,0.142245,-0.4161402,9.8704296,0.00915096316245112,2,0.04826645900745678,-2.468143485422695,3,-41.81467152096355
22.36,0.142245,-0.3951468000000001,9.842078700000002,0.009192509268094895,2,0.0025966316027362184,-2.4679967376432503,3,-41.85416064274807
22.375,0.1586277,-0.3951468000000001,9.8151012,0.008581772774775231,2,-0.04071576622130936,-2.467863430527929,3,-41.89117959400936
22.391,0.142245,-0.33226469999999997,9.8151012,0.007923026114088572,2,-0.041171666292920774,-2.467731392136818,3,-41.930664352590675
22.407,0.142245,-0.33226469999999997,9.8151012,0.00728034644512654,2,-0.04016747931012249,-2.467609765156344,3,-41.97014708184903
22.422,0.1362609,-0.3307932,9.803133,0.006358347713943502,2,-0.06146658207886687,-2.467507474950151,3,-42.00716046114983
22.438,0.1362609,-0.3547296,9.833053500000002,0.006208457386248867,2,-0.009368145480915724,-2.4674069405093495,3,-42.046639776473505
22.453,0.113796,-0.3547296,9.764187300000001,0.004376810318291291,2,-0.12210980453050042,-2.4673275510015653,3,-42.08365028515984
22.469,0.1212516,-0.34128990000000003,9.764187300000001,0.0025803498153909032,2,-0.11227878143126167,-2.467271893720496,3,-42.12312708071762
22.485,0.1212516,-0.318825,9.827069400000001,0.0023419767476688946,2,-0.01489831673262718,-2.4672325151079915,3,-42.16260311598825
22.5,0.1661814,-0.318825,9.827069400000001,0.0021254337755802766,2,-0.014436198139240656,-2.4671990095290672,3,-42.19961135242303
22.516,0.1796211,-0.3547296,9.827069400000001,0.001949924464557995,2,-0.010969331938893809,-2.467166406663146,3,-42.23908627575256
22.532,0.1796211,-0.3771945,9.7895952,0.000885906261961722,2,-0.06650113766225962,-2.467143720017334,3,-42.27856075676601
22.547,0.1856052,-0.3771945,9.848062800000001,0.0012752936156843475,2,0.02595915691484072,-2.4671275110182513,3,-42.31556779099878
22.563,0.20208600000000002,-0.43713360000000007,9.848062800000001,0.0017234669246892764,2,0.02801083181281114,-2.4671035209339283,3,-42.35504163925439
22.578,0.21552570000000001,-0.3503151,9.821085300000002,0.0014256681226747503,2,-0.01985325346763432,-2.467079902421073,3,-42.39204801492955
22.594,0.21552570000000001,-0.34580249999999996,9.8375661,0.0015328612378535666,2,0.006699569698675273,-2.4670562341861886,3,-42.431521104022416
22.61,0.1721655,-0.34580249999999996,9.7911648,0.00048575449316601294,2,-0.06544417154297931,-2.4670400852603405,3,-42.470993874577985
22.625,0.17667810000000003,-0.3831786,9.7911648,-0.0004999468581559086,2,-0.06571342342145894,-2.4670401917030778,3,-42.507999476655215
22.641,0.17667810000000003,-0.34128990000000003,9.827069400000001,-0.0006243219770230013,2,-0.007773444929194152,-2.4670491858537593,3,-42.547472191675666
22.657,0.10928340000000002,-0.34128990000000003,9.836094600000001,-0.0005495821133720824,2,0.004671241478181908,-2.4670585770864824,3,-42.586945053779196
22.672,0.12272310000000002,-0.3487455,9.836094600000001,-0.00046642777773264754,2,0.005543622375962114,-2.4670661971606656,3,-42.62395098958605
22.688,0.12272310000000002,-0.36826739999999997,9.8225568,-0.0006978930151841922,2,-0.014466577340723135,-2.4670755117270087,3,-42.663424123257144
22.703,0.1466595,-0.36826739999999997,9.8165727,-0.0010615484910978523,2,-0.024243698394243087,-2.4670887075383057,3,-42.700430354901634
22.719,0.1317483,-0.39220380000000005,9.8165727,-0.0013988929408199624,2,-0.02108402810762952,-2.467108391069761,3,-42.739903931690506
22.735,0.1392039,-0.40417200000000003,9.8136297,-0.0017853849741342742,2,-0.02415575208214715,-2.4671338652930808,3,-42.7793778697414
22.75,0.1392039,-0.33530580000000004,9.8375661,-0.001642265359871331,2,0.009541307617529183,-2.4671595726705857,3,-42.81638507052613
22.766,0.1107549,-0.33530580000000004,9.843550200000001,-0.0013655860913512896,2,0.017292454282504494,-2.4671836354821957,3,-42.85585981619135
22.782,0.15421320000000002,-0.33824879999999996,9.843550200000001,-0.001078944652537217,2,0.01791508992587753,-2.4672031917281467,3,-42.895334910809034
22.797,0.1212516,-0.33530580000000004,9.848062800000001,-0.0007029984742636941,2,0.025063078551567246,-2.4672165563015978,3,-42.93234305891926
22.813,0.1212516,-0.33530580000000004,9.848062800000001,-0.00033622171497249553,2,0.022923547455702437,-2.4672248700631116,3,-42.97181859033017
22.828,0.1646118,-0.35178660000000006,9.848062800000001,5.096003250137926e-05,2,0.02581211649825734,-2.4672270095257303,3,-43.00882697942709
22.844,0.1646118,-0.36669779999999996,9.830012400000001,2.067684512496726e-06,2,-0.003055771749304816,-2.4672265853039943,3,-43.048302608185736
22.86,0.18864630000000002,-0.36669779999999996,9.8615025,0.0007322704099976818,2,0.04563767034282909,-2.4672207105992383,3,-43.08777818655296
22.875,0.1930608,-0.3338343,9.8615025,0.0014182988705560007,2,0.045735230703886194,-2.467204581329634,3,-43.124786376242426
22.891,0.20208600000000002,-0.37572300000000003,9.8928945,0.002893671430454603,2,0.0922107849936728,-2.467170085567226,3,-43.164261373577595
22.907,0.20208600000000002,-0.34128990000000003,9.871999200000001,0.003793419674250842,2,0.05623426523725864,-2.4671165888383886,3,-43.20373566697285
22.922,0.20954160000000002,-0.34128990000000003,9.8764137,0.004782593160291171,2,0.06594489906935276,-2.4670522687421297,3,-43.2407419334047
22.938,0.1631403,-0.36973890000000004,9.8764137,0.005751261682384268,2,0.06054178263082522,-2.4669679979033883,3,-43.28021409553786
22.953,0.1631403,-0.38621970000000005,9.856989900000002,0.006238350484359501,2,0.03247258679834763,-2.466878075812138,3,-43.317217941090725
22.969,0.18864630000000002,-0.38621970000000005,9.8136297,0.005668092464031105,2,-0.03564112627052075,-2.4667828242685506,3,-43.35668722829138
22.985,0.1526436,-0.37572300000000003,9.8136297,0.005086558096321525,2,-0.03634589798185273,-2.466696787064068,3,-43.396155065182036
23.0,0.1526436,-0.3367773,9.818044200000001,0.0045923461610719585,2,-0.03294746234996986,-2.4666241952821375,3,-43.43315497254964
23.016,0.1631403,-0.3367773,9.8375661,0.0045901015533047484,2,-0.00014028798545064216,-2.4665507357004226,3,-43.47262037199749
23.032,0.18266220000000002,-0.3278502,9.8151012,0.004041399214775865,2,-0.03429389615805139,-2.466481683694278,3,-43.51208463135266
23.047,0.18266220000000002,-0.3278502,9.8151012,0.003506079860112976,2,-0.03568795697752456,-2.466425077601216,3,-43.54908143206237
23.063,0.17510850000000003,-0.37425150000000007,9.839037600000001,0.0036042067786627996,2,0.006132932409364643,-2.466368195308106,3,-43.58854377824564
23.078,0.09427410000000001,-0.37425150000000007,9.842078700000002,0.003747089026148842,2,0.009525483165735807,-2.46631306058957,3,-43.62553888766488
23.094,0.1497006,-0.3996594,9.842078700000002,0.003927571496241455,2,0.011280154380787069,-2.466251663305391,3,-43.664999405456044
23.11,0.1497006,-0.39818790000000004,9.839037600000001,0.0040280946343997925,2,0.006282696134896763,-2.4661880179763456,3,-43.70445892290629
23.125,0.1497006,-0.39818790000000004,9.839037600000001,0.0041261659887013025,2,0.0065380902867670804,-2.4661268610216722,3,-43.74145128449878
23.141,0.1586277,-0.39818790000000004,9.8120601,0.003567891117029376,2,-0.034892179479499255,-2.4660653085648265,3,-43.78090882185547
23.157,0.145188,-0.39220380000000005,9.8120601,0.003012289503308452,2,-0.03472510085755387,-2.466012667119864,3,-43.820365445660954
23.172,0.145188,-0.35178660000000006,9.7851807,0.0017777958017255457,2,-0.08229958010552395,-2.465976741480076,3,-43.857355366225455
23.188,0.1392039,-0.35178660000000006,9.7552602,-0.00015792945596437846,2,-0.12098282860563359,-2.4659637825493097,3,-43.89681089041768
23.203,0.145188,-0.38621970000000005,9.877983300000002,0.0009780309559239697,2,0.07573069412588701,-2.46595763178806,3,-43.933800301025215
23.219,0.1497006,-0.3876912,9.877983300000002,0.0020893311562986128,2,0.06945626252340742,-2.4659330928911625,3,-43.973255426822654
23.235,0.1497006,-0.30685680000000004,9.8105886,0.0014614791107856462,2,-0.039240752844564734,-2.4659046864090257,3,-44.01271012905705
23.25,0.1946304,-0.30685680000000004,9.8809263,0.002582545559695504,2,0.07473776326065434,-2.4658743562239973,3,-44.049698471876795
23.266,0.18864630000000002,-0.3817071,9.8809263,0.003736999610651992,2,0.07215337818478847,-2.4658237998626347,3,-44.08915205712548
23.282,0.18864630000000002,-0.38023560000000006,9.818044200000001,0.0033296261744748534,2,-0.025460839761068315,-2.4657672668563535,3,-44.128604785659235
23.297,0.2080701,-0.38023560000000006,9.895935600000001,0.004839707079973721,2,0.10067206036658734,-2.4657059968569452,3,-44.16559083513709
23.313,0.18413369999999998,-0.38621970000000005,9.895935600000001,0.00630704539661231,2,0.09170864478992191,-2.4656168228371325,3,-44.20504141769464
23.328,0.18413369999999998,-0.3712104,9.8464932,0.006519746723384401,2,0.014180088451472209,-2.4655206218962324,3,-44.24202494853014
23.344,0.1721655,-0.3712104,9.8225568,0.006138673497018132,2,-0.023817076647889124,-2.465419354534469,3,-44.28147246834159
23.375,0.11673900000000001,-0.3278502,9.834525,0.006001148511831644,2,-0.004436289844725588,-2.465231187293332,3,-44.35789755173992
23.375,0.11673900000000001,-0.3278502,9.834525,0.005866977794577011,2,0.0,-2.465231187293332,3,-44.35789755173992
23.391,0.11673900000000001,-0.34128990000000003,9.860031000000001,0.006368904590043911,2,0.03137042471668473,-2.465133300234255,3,-44.397340467640134
23.407,0.1332198,-0.34128990000000003,9.8165727,0.005804456581644857,2,-0.03527800052493695,-2.4650359133448814,3,-44.436781821348774
23.422,0.1392039,-0.3338343,9.8165727,0.005249550652514756,2,-0.03699372860867197,-2.464953008290625,3,-44.47375673826104
23.438,0.1392039,-0.3712104,9.8734707,0.006127523679388958,2,0.05487331417964363,-2.4648619916959698,3,-44.51319525826093
23.453,0.142245,-0.3712104,9.856989900000002,0.0065834942783933315,2,0.030398039933623774,-2.4647666590612864,3,-44.55016747314161
23.469,0.19610190000000002,-0.4221243,9.856989900000002,0.007100791492808511,2,0.03233107590094513,-2.464657184775117,3,-44.58960286389231
23.485,0.19610190000000002,-0.4850064,9.848062800000001,0.0074585280054595415,2,0.022358532040691846,-2.4645407102191306,3,-44.62903644705226
23.5,0.18864630000000002,-0.4850064,9.843550200000001,0.0076940820408921695,2,0.015703602362174603,-2.464427065643783,3,-44.66600370537123
23.516,0.1482291,-0.4565574,9.8165727,0.007216696793507893,2,-0.02983657796152057,-2.4643077794131076,3,-44.70543358413168
23.532,0.1466595,-0.44154810000000005,9.8165727,0.006733654013853396,2,-0.030190173728402665,-2.4641961766066487,3,-44.74486161577985
23.547,0.17667810000000003,-0.39671639999999997,9.8375661,0.006739335289008608,2,0.0003787516770140891,-2.464095129186877,3,-44.7818238005733
23.563,0.17667810000000003,-0.39671639999999997,9.8375661,0.006744877996478493,2,0.0003464192168678819,-2.463987255480593,3,-44.82124845965063
23.578,0.1332198,-0.3652263,9.8375661,0.006703887396774633,2,-0.00273270664692394,-2.4638863897401437,3,-44.85820751198979
23.594,0.1332198,-0.3876912,9.818044200000001,0.006209116765278466,2,-0.03092316446850694,-2.4637830857068472,3,-44.89762886779337
23.61,0.1721655,-0.3876912,9.919872000000002,0.008222487087541808,2,0.1258356451414727,-2.4636676328760245,3,-44.93704847354203
23.625,0.1721655,-0.38023560000000006,9.919872000000002,0.010179718602440602,2,0.130482100993248,-2.4635296163333495,3,-44.9740024529111
23.641,0.1721655,-0.40417200000000003,9.845021700000002,0.01028845777285703,2,0.006796198151027471,-2.463365870922347,3,-45.01341761680914
23.657,0.15421320000000002,-0.40417200000000003,9.8151012,0.009658231297230202,2,-0.039389154726672294,-2.4632062974097866,3,-45.0528301941558
23.672,0.1796211,-0.38621970000000005,9.7507476,0.007468177360088646,2,-0.14600359580943154,-2.463077849344857,3,-45.08977732525646
23.688,0.15568469999999998,-0.3427614,9.7507476,0.005281921416914415,2,-0.1366409964484045,-2.462975848554641,3,-45.129185754839654
23.703,0.15568469999999998,-0.3202965,9.7821396,0.003895522312248545,2,-0.09242660697772115,-2.462907017726672,3,-45.16612987633677
23.719,0.1272357,-0.3202965,9.8375661,0.0038839423614689395,2,-0.0007237469237252626,-2.4628447820092823,3,-45.20553589073466
23.735,0.1302768,-0.2963601,9.8375661,0.003855327765304395,2,-0.0017884122602842304,-2.462782867848268,3,-45.24494091193351
23.75,0.1302768,-0.3338343,9.8405091,0.003928401962532746,2,0.004871613148556553,-2.4627244898753093,3,-45.28188221711644
23.766,0.1302768,-0.3338343,9.8405091,0.003999693862267506,2,0.004455743733422992,-2.462661065108711,3,-45.32128530155631
23.782,0.15568469999999998,-0.3338343,9.8375661,0.004006514760417801,2,0.00042630613439338053,-2.4625970154397296,3,-45.3606873662007
23.797,0.1272357,-0.31284090000000003,9.8375661,0.003986379533637674,2,-0.00134234845200841,-2.4625370687325243,3,-45.39762587183199
23.813,0.1272357,-0.3592422,9.842078700000002,0.004115349582649586,2,0.008060628063245368,-2.462472254899594,3,-45.437025946421045
23.828,0.1781496,-0.3712104,9.866015100000002,0.004854553190853039,2,0.049280240546895046,-2.4624049806287927,3,-45.47396252568751
23.844,0.1646118,-0.37425150000000007,9.866015100000002,0.00557279651234488,2,0.044890207593235004,-2.462321561831167,3,-45.5133603380272
23.86,0.1646118,-0.3338343,9.855518400000001,0.0059823395655254075,2,0.025596440823785805,-2.462229120742544,3,-45.552756743487784
23.875,0.1646118,-0.3338343,9.855518400000001,0.006381893763750313,2,0.026636946548325997,-2.4621363889925747,3,-45.5896894848108
23.907,0.18413369999999998,-0.3487455,9.774684,0.004822724335108219,2,-0.04872404464506537,-2.461957115102993,3,-45.668474980876326
23.907,0.18413369999999998,-0.37572300000000003,9.7926363,0.0037634074425714203,2,0.0,-2.461957115102993,3,-45.668474980876326
23.922,0.13469129999999999,-0.37572300000000003,9.7986204,0.0028561464665859404,2,-0.06048406506569637,-2.461907468448674,3,-45.70540396525296
23.938,0.13469129999999999,-0.37572300000000003,9.7986204,0.0019710138070880845,2,-0.05532079121862209,-2.461868851166485,3,-45.74479417580988
23.953,0.1497006,-0.34128990000000003,9.7986204,0.0010820746652377977,2,-0.05926260945668354,-2.461845953002942,3,-45.78172203684115
23.969,0.1497006,-0.3503151,9.8046045,0.00036842324988484165,2,-0.044603213459554765,-2.4618343490196213,3,-45.82111147925734
23.985,0.15568469999999998,-0.34128990000000003,9.8091171,-0.0002233256942023587,2,-0.036984309005454095,-2.4618331882391757,3,-45.860500819555405
24.0,0.1571562,-0.34128990000000003,9.8375661,-0.00010669880314750912,2,0.007775126070323011,-2.4618356634229057,3,-45.89742833594287
24.016,0.21258269999999999,-0.37572300000000003,9.8375661,6.304637276244307e-05,2,0.010609073494373181,-2.461836012642349,3,-45.93681770935139
24.032,0.21258269999999999,-0.42065280000000005,9.8674866,0.0010018952723278574,2,0.05867805622283183,-2.461827493109188,3,-45.97620701739741
24.047,0.1497006,-0.42065280000000005,9.856989900000002,0.0016339657768220661,2,0.04213803363294565,-2.4618077241513197,3,-46.01313428152686
24.063,0.17510850000000003,-0.42506730000000004,9.856989900000002,0.002265433609819567,2,0.039466739562348155,-2.4617765289562263,3,-46.052522955551716
24.078,0.17510850000000003,-0.40417200000000003,9.8076456,0.0016577711660623606,2,-0.040510829583812226,-2.4617471049204074,3,-46.08944938280579
24.094,0.1661814,-0.40417200000000003,9.8405091,0.0018619020804795383,2,0.012758182151072177,-2.461718947534435,3,-46.12883711122543
24.11,0.09427410000000001,-0.36669779999999996,9.8405091,0.00200209514741978,2,0.008762066683766077,-2.461688035556612,3,-46.168224367090154
24.125,0.09427410000000001,-0.3248091,9.806076000000001,0.0012636610421079553,2,-0.04922894035411979,-2.4616635423851907,3,-46.205149503924716
24.141,0.09427410000000001,-0.37866600000000006,9.7911648,0.00022692251094724725,2,-0.06479615819755138,-2.4616516177167664,3,-46.24453602520553
24.157,0.1526436,-0.37866600000000006,9.8285409,0.00014423013086251046,2,-0.00516827375529547,-2.461648648495632,3,-46.28392242733523
24.172,0.1466595,-0.37572300000000003,9.8285409,5.858179895490423e-05,2,-0.005709888793840199,-2.4616471274061587,3,-46.32084714565449
24.188,0.1466595,-0.35777070000000005,9.830012400000001,-5.440411054991046e-06,2,-0.004001388125618895,-2.4616467022750554,3,-46.36023349629193
24.203,0.16019730000000001,-0.35777070000000005,9.8615025,0.0007046917219479809,2,0.047342142200196335,-2.4616414578902237,3,-46.39715815749317
24.219,0.20954160000000002,-0.3891627,9.8615025,0.0014490156268482934,2,0.04652024405626433,-2.4616242282314333,3,-46.43654428298215
24.235,0.20954160000000002,-0.37572300000000003,9.8644455,0.002234197559467077,2,0.049073870788679384,-2.4615947625259427,3,-46.4759300349082
24.25,0.1856052,-0.37572300000000003,9.7971489,0.001348655216370176,2,-0.05903615620645784,-2.461567891130124,3,-46.51285375481062
24.266,0.2065986,-0.32333760000000006,9.7971489,0.0004494062257140996,2,-0.05620306191601096,-2.4615535066385874,3,-46.552238725992765
24.282,0.1915893,-0.290376,9.830012400000001,0.0003405388951165378,2,-0.006804208162346852,-2.461547187077621,3,-46.5916235315425
24.297,0.1915893,-0.37268190000000007,9.803133,-0.0003530196218992643,2,-0.04623723446771839,-2.461547280683072,3,-46.62854674005071
24.313,0.15421320000000002,-0.37268190000000007,9.827069400000001,-0.0004624040256828721,2,-0.006836525236476241,-2.4615538040722527,3,-46.667931548728745
24.328,0.17667810000000003,-0.3098979,9.827069400000001,-0.000613044852872946,2,-0.01004272181267121,-2.461561869938842,3,-46.70485491628383
24.344,0.17667810000000003,-0.3307932,9.8225568,-0.0008533929096898873,2,-0.015021753551057155,-2.4615736014409424,3,-46.74424000005487
24.36,0.17667810000000003,-0.3307932,9.8225568,-0.0010878788187795863,2,-0.014655369318107795,-2.46158913161477,3,-46.783625301919315
24.375,0.1946304,-0.344331,9.8076456,-0.0016604302592977405,2,-0.03817009603454217,-2.461609743932856,3,-46.820549293485925
24.391,0.1946304,-0.344331,9.8076456,-0.0022190170305353973,2,-0.0349116732023574,-2.4616407795111748,3,-46.85993529767347
24.407,0.1946304,-0.3817071,9.834525,-0.0020752950968230266,2,0.008982620857022167,-2.4616751340081935,3,-46.899321824981634
24.422,0.2080701,-0.3817071,9.9124164,-3.0422421502862562e-05,2,0.1363248450213391,-2.461690926889581,3,-46.93624707043837
24.438,0.2200383,-0.3951468000000001,9.8734707,0.0010348008269644993,2,0.06657645302921744,-2.4616828918623375,3,-46.975634060988384
24.453,0.1377324,-0.45351630000000004,9.8734707,0.0020988289839607432,2,0.07093521046641357,-2.4616593896387555,3,-47.012559128099646
24.469,0.1377324,-0.3831786,9.776155500000002,0.0006927828012663895,2,-0.08787788641838727,-2.4616370567444736,3,-47.051945499670715
24.485,0.11673900000000001,-0.3562992,9.843550200000001,0.0009321704741314107,2,0.014961729554065478,-2.4616240571182706,3,-47.09133158858161
24.5,0.11673900000000001,-0.3562992,9.843550200000001,0.0011657194232679302,2,0.015569929942434042,-2.46160832294404,3,-47.12825583143208
24.516,0.11673900000000001,-0.3817071,9.851005800000001,0.0015984795452297362,2,0.027047507622615857,-2.461586209352292,3,-47.167641387690445
24.532,0.1212516,-0.3817071,9.803133,0.0008553521915395379,2,-0.0464454596056322,-2.461566578698398,3,-47.207026609994855
24.547,0.1122264,-0.37572300000000003,9.803133,0.00012209680540031798,2,-0.04888369240927948,-2.461559247830921,3,-47.24395005369383
24.563,0.1122264,-0.3771945,9.7701714,-0.0013951894320651803,2,-0.09483038984160409,-2.461569432571934,3,-47.28333508313705
24.578,0.145188,-0.3771945,9.8615025,-0.0006391849848093045,2,0.05040029648372314,-2.461584690380061,3,-47.32025873905919
24.594,0.17069399999999998,-0.3907323,9.8615025,0.00012117972220515583,2,0.04752279418839846,-2.461588834422162,3,-47.35964412725762
24.61,0.2006145,-0.3831786,9.866015100000002,0.0009794600170369705,2,0.05364251842699432,-2.461580029304248,3,-47.39902947816742
24.625,0.2006145,-0.37425150000000007,9.866015100000002,0.001808456618181964,2,0.0552664400763308,-2.461559119929484,3,-47.43595302178667
24.641,0.21709530000000002,-0.37425150000000007,9.8285409,0.0017126112126941706,2,-0.005990337842987741,-2.461530951386837,3,-47.4753377423572
24.657,0.18266220000000002,-0.33530580000000004,9.8285409,0.0015677802660345463,2,-0.009051934166225503,-2.4615047082550072,3,-47.514722027634335
24.672,0.18266220000000002,-0.32932170000000005,9.8151012,0.001093993719377906,2,-0.03158576977710816,-2.4614847449501167,3,-47.551644448533374
24.688,0.17069399999999998,-0.32932170000000005,9.8615025,0.0017574477275754674,2,0.04146587551235216,-2.461461933418541,3,-47.59102802196032
24.703,0.1721655,-0.3278502,9.8615025,0.0024041483752714754,2,0.043113376513065564,-2.4614307214477695,3,-47.62794971687182
24.719,0.1721655,-0.3278502,9.827069400000001,0.0021958376781903155,2,-0.013019418567571037,-2.461393921559342,3,-47.66733231401588
24.735,0.1466595,-0.3278502,9.831582000000001,0.0020925131622906434,2,-0.006457782243730215,-2.461359614752618,3,-47.70671434230637
24.75,0.205029,-0.2948886,9.8405091,0.0022092996463243253,2,0.007785765602245163,-2.4613273511565534,3,-47.74363449455069
24.766,0.17069399999999998,-0.36826739999999997,9.8405091,0.0023675220885426285,2,0.009888902638645038,-2.4612907365826744,3,-47.7830154392526
24.782,0.17069399999999998,-0.40113090000000007,9.7701714,0.0008393314270112029,2,-0.09551191634570341,-2.46126508175455,3,-47.8223958857993
24.797,0.16019730000000001,-0.40113090000000007,9.848062800000001,0.0012420336819598532,2,0.026846816996575668,-2.4612494715162327,3,-47.85931474494883
24.813,0.17069399999999998,-0.36826739999999997,9.848062800000001,0.0016079281507579424,2,0.022868404299883092,-2.461226671821571,3,-47.89869455409553
24.828,0.17069399999999998,-0.3771945,9.842078700000002,0.0018273072965122594,2,0.014625276383620583,-2.4612009075557166,3,-47.935612760940856
24.844,0.1466595,-0.3771945,9.8375661,0.0019219224575781624,2,0.005913447566618273,-2.461170913717684,3,-47.97499173551105
24.875,0.1317483,-0.3891627,9.836094600000001,0.001984589293634542,2,0.0020215108405284583,-2.46111036278554,3,-48.05128709529684
24.875,0.1317483,-0.3891627,9.836094600000001,0.0020457276702749994,2,0.0,-2.46111036278554,3,-48.05128709529684
24.891,0.1078119,-0.3891627,9.8016615,0.0012591491423048495,2,-0.049161157998139776,-2.461083923771039,3,-48.09066464958929
24.907,0.10477080000000001,-0.39220380000000005,9.788123700000002,0.00016399871563166357,2,-0.06844690166706646,-2.4610725385881755,3,-48.13004190128817
24.922,0.09878670000000002,-0.36669779999999996,9.788123700000002,-0.0009300542463250849,2,-0.07293686413044714,-2.461078284004656,3,-48.16695803245762
24.938,0.09878670000000002,-0.3562992,9.855518400000001,-0.0003641734042574285,2,0.03536755262923242,-2.4610886378258607,3,-48.20633536783226
24.953,0.1646118,-0.3562992,9.827069400000001,-0.00048398329423982034,2,-0.00798732599882582,-2.4610949990010993,3,-48.243251745108466
24.969,0.18413369999999998,-0.38023560000000006,9.827069400000001,-0.0005705699747977633,2,-0.005411667534870828,-2.4611034354272516,3,-48.282629332583895
24.985,0.18413369999999998,-0.36826739999999997,9.833053500000002,-0.0005203259063879528,2,0.003140254275613498,-2.461112162594301,3,-48.32200705736806
25.0,0.21101310000000004,-0.36826739999999997,9.874942200000001,0.0005625827221091839,2,0.07219390856647305,-2.4611118456681833,3,-48.35892373743003
25.016,0.1930608,-0.3831786,9.874942200000001,0.0016239535909505776,2,0.0663356793025944,-2.461094353377679,3,-48.39830138702239
25.032,0.1930608,-0.3532581,9.8689581,0.002486417318712242,2,0.053903982985097985,-2.4610614704104017,3,-48.4376786336127
25.047,0.142245,-0.3307932,9.827069400000001,0.00226683771847469,2,-0.01463864001583622,-2.4610258209976226,3,-48.47459428829826
25.063,0.142245,-0.3307932,9.827069400000001,0.0020526137182415027,2,-0.01338900001457569,-2.460991265386129,3,-48.51397042498933
25.078,0.1511721,-0.3307932,9.7956774,0.0010817300271313002,2,-0.06472557940734439,-2.4609677578080387,3,-48.55088511766329
25.094,0.1586277,-0.35777070000000005,9.8196138,0.0007438588557064918,2,-0.02111694821404816,-2.460953153096976,3,-48.590260484950534
25.11,0.20355750000000003,-0.35777070000000005,9.8120601,0.0002503463197403022,2,-0.030844533497890247,-2.460945199455572,3,-48.62963567177095
25.125,0.1781496,-0.3562992,9.8120601,-0.00024447773498081915,2,-0.03298827031474017,-2.4609451554411863,3,-48.66654984943268
25.141,0.1781496,-0.3562992,9.8120601,-0.0007272329103180653,2,-0.030172198458581205,-2.4609529291263486,3,-48.705925034109214
25.157,0.1781496,-0.40711500000000006,9.8375661,-0.0005285806160664208,2,0.012415768390726388,-2.4609629756345597,3,-48.745300361347304
25.172,0.1646118,-0.40711500000000006,9.834525,-0.0004146193275680332,2,0.007597419233225552,-2.460970049634137,3,-48.78221485903682
25.188,0.1946304,-0.42506730000000004,9.834525,-0.000271573453488827,2,0.008940367129951374,-2.4609755391763852,3,-48.8215904237473
25.203,0.1946304,-0.36669779999999996,9.8285409,-0.00033509037359813476,2,-0.004234461340620357,-2.4609800891550884,3,-48.85850509095979
25.219,0.16019730000000001,-0.39818790000000004,9.827069400000001,-0.00041820144954840544,2,-0.005194442246891336,-2.4609861154896735,3,-48.89788082059695
25.235,0.1392039,-0.39818790000000004,9.8136297,-0.0008345737765047545,2,-0.026023270434774683,-2.460996137691482,3,-48.9372566786224
25.25,0.1287072,-0.37866600000000006,9.8136297,-0.00126311167664106,2,-0.02856919334241928,-2.4610118703323804,3,-48.97417173868258
25.266,0.1287072,-0.3771945,9.7971489,-0.002084217547260181,2,-0.05131911691370072,-2.4610386489661717,3,-49.01354814283696
25.282,0.11978010000000001,-0.3771945,9.788123700000002,-0.0031080026862042587,2,-0.0639865711839977,-2.4610801867280396,3,-49.05292509352252
25.297,0.1302768,-0.3592422,9.788123700000002,-0.004120008656180119,2,-0.06746706466505477,-2.4611343968131076,3,-49.08984170289908
25.313,0.1302768,-0.39220380000000005,9.821085300000002,-0.0042732690338631585,2,-0.009578773605191049,-2.461201543034628,3,-49.129220390417856
25.328,0.11526750000000001,-0.39220380000000005,9.843550200000001,-0.003879912242112482,2,0.026223786116710765,-2.4612626918941976,3,-49.16613887217982
25.344,0.17069399999999998,-0.3936753,9.843550200000001,-0.003475099612593624,2,0.0253007893449258,-2.4613215319890354,3,-49.205519545970894
25.36,0.17069399999999998,-0.3712104,9.856989900000002,-0.002773913292806185,2,0.04382414498671977,-2.4613715240922787,3,-49.24490109041954
25.375,0.17069399999999998,-0.32333760000000006,9.836094600000001,-0.002640224796699897,2,0.00891256640708552,-2.46141213012795,3,-49.28182196782619
25.391,0.20208600000000002,-0.32333760000000006,9.8824959,-0.0013644049047485396,2,0.07973874324696863,-2.4614441671655616,3,-49.321204818204535
25.407,0.1586277,-0.3248091,9.8824959,-0.0001378571930867878,2,0.07665923197885091,-2.461456185262344,3,-49.360588021023965
25.438,0.15421320000000002,-0.3831786,9.8615025,0.0005964414093515558,2,0.023687051691560383,-2.461449077206992,3,-49.43689305259224
25.453,0.1571562,-0.3503151,9.8016615,-0.00017424734697790711,2,-0.051379250421962244,-2.4614459107515243,3,-49.47381476500193
25.469,0.1571562,-0.3503151,9.8016615,-0.0009261388165668905,2,-0.0469932168493062,-2.4614547138408325,3,-49.51319796999868
25.485,0.1392039,-0.3503151,9.8405091,-0.0007195007424787292,2,0.012914879630511501,-2.461467878957305,3,-49.55258135074106
25.5,0.16166880000000003,-0.36071369999999997,9.8375661,-0.0005720995229552273,2,0.00982674796823309,-2.461477565959296,3,-49.58950344157793
25.516,0.1930608,-0.3262806,9.8375661,-0.0004438014319543271,2,0.008018630687557144,-2.461485693166935,3,-49.628887147650936
25.532,0.1930608,-0.36375480000000004,9.827069400000001,-0.0005423958113812688,2,-0.006162148714183168,-2.4614935827448816,3,-49.668270981858235
25.547,0.1856052,-0.36375480000000004,9.818044200000001,-0.000862022729130274,2,-0.021308461183266205,-2.4615041158839355,3,-49.705193464597954
25.563,0.1406754,-0.40868460000000006,9.818044200000001,-0.001148977486030489,2,-0.017934672306265418,-2.461520203885657,3,-49.74457765915611
25.578,0.1406754,-0.32333760000000006,9.8375661,-0.0010306352136080221,2,0.007889484828164166,-2.461536550980904,3,-49.78150058481761
25.594,0.1406754,-0.32333760000000006,9.8524773,-0.0005517245824009365,2,0.029931914450439506,-2.4615492098592724,3,-49.820885270904334
25.61,0.1377324,-0.3532581,9.8524773,-6.046789567903943e-05,2,0.030703542920121948,-2.461554107399097,3,-49.860270097442395
25.625,0.1377324,-0.3592422,9.888480000000001,0.0013015287223172578,2,0.09079977453308304,-2.4615447994428976,3,-49.897193339243714
25.641,0.11821050000000001,-0.3592422,9.9168309,0.0033151301242586584,2,0.1258500876213514,-2.461507866172125,3,-49.93657776056863
25.657,0.16166880000000003,-0.344331,9.967744800000002,0.006522568388826144,2,0.20046489153544544,-2.46142916458402,3,-49.975961256814685
25.672,0.1437165,-0.3532581,9.967744800000002,0.009652687360423684,2,0.20867459810649475,-2.4613078501659005,3,-50.01288178442531
25.688,0.1437165,-0.35777070000000005,10.0396521,0.014462920044925553,2,0.3006395427813999,-2.4611149253066578,3,-50.05226116662909
25.703,0.1437165,-0.35777070000000005,10.0396521,0.019155829981023942,2,0.31286066240654736,-2.460862784681463,3,-50.089175999454
25.719,0.1406754,-0.35777070000000005,10.112932800000001,0.025519263650235047,2,0.39771460432564953,-2.460505383932413,3,-50.12854694480291
25.735,0.1571562,-0.40711500000000006,10.1833686,0.03349524212664967,2,0.49849865477596894,-2.460033267886198,3,-50.167911254017454
25.75,0.18413369999999998,-0.40711500000000006,10.1563911,0.04063034658188691,2,0.4756736303491313,-2.4594773259708838,3,-50.204807583471386
25.766,0.1721655,-0.37425150000000007,10.1563911,0.04755550303073619,2,0.4328222780531276,-2.458771839173983,3,-50.24415357679254
25.782,0.1721655,-0.37425150000000007,10.1563911,0.05431175322473614,2,0.4222656371249494,-2.457956901123939,3,-50.28348740671493
25.797,0.16912439999999998,-0.3427614,10.3225725,0.06492526500784734,2,0.7075674522073869,-2.4570626234871944,3,-50.32035005314952
25.813,0.16912439999999998,-0.3427614,10.3225725,0.0752799106499058,2,0.6471653526287249,-2.4559409820819327,3,-50.359654081994066
25.828,0.17667810000000003,-0.3202965,10.3150188,0.08518338084687116,3,0.6602313464643322,-2.454737507395707,3,-50.39648417066515
25.844,0.16765290000000002,-0.3008727,10.4347989,0.09774723212802883,3,0.7852407050722663,-2.4532740624919076,3,-50.435748263224255
25.86,0.1631403,-0.3008727,10.449808200000001,0.11036878841062148,3,0.7888472676621275,-2.4516091343275987,3,-50.474987328798804
25.875,0.1631403,-0.3008727,10.449808200000001,0.12268250185705298,3,0.8209142297620693,-2.449861249650591,3,-50.511748356678645
25.891,0.21552570000000001,-0.3262806,10.449808200000001,0.13473760072564644,3,0.7534436792871743,-2.4478018888299298,3,-50.55092966178648
25.907,0.21552570000000001,-0.34580249999999996,10.5021936,0.14779070059612032,3,0.8158187419045257,-2.4455416624193553,3,-50.59007641019648
25.922,0.21552570000000001,-0.34580249999999996,10.5530094,0.16176391461378437,3,0.931547601177568,-2.443220002805281,3,-50.62674212268567
25.938,0.15421320000000002,-0.3248091,10.5530094,0.17535388040587385,3,0.8493728620056865,-2.4405230604451242,3,-50.665812067191666
25.953,0.16765290000000002,-0.36071369999999997,10.630900800000001,0.19054425637287764,3,1.0126917311335475,-2.4377788244192833,3,-50.70239933132815
25.985,0.1631403,-0.3143124,10.6249167,0.20518064308818218,3,0.45738708485326646,-2.4314472260279065,3,-50.780306948135305
26.0,0.1482291,-0.3592422,10.6249167,0.21948943278263044,3,0.9539193129631816,-2.4282622004588754,3,-50.81675476883396
26.016,0.1482291,-0.3847482,10.6368849,0.23376268077671547,3,0.8920779996304123,-2.424636183550401,3,-50.85557795590603
26.032,0.13469129999999999,-0.3847482,10.689270300000002,0.2489601728542823,3,0.9498432548478201,-2.4207744007213527,3,-50.894341240580204
26.047,0.1482291,-0.37572300000000003,10.689270300000002,0.26378353628505735,3,0.9882242287183,-2.4169288229028076,3,-50.930624014757385
26.063,0.1482291,-0.41466870000000006,10.7206623,0.2790454572122574,3,0.9538700579501065,-2.4125861909548294,3,-50.96926013486824
26.078,0.16019730000000001,-0.41466870000000006,10.8374994,0.29678659659710327,3,1.182742625656348,-2.408267450551259,3,-51.00541653717954
26.094,0.18864630000000002,-0.4176117,10.8374994,0.314108936911385,3,1.0826462696424852,-2.4033802862831903,3,-51.04390971907422
26.11,0.18864630000000002,-0.4654845,10.816506,0.33054482256505935,3,1.0272428533547617,-2.3982230562073794,3,-51.082322545814144
26.125,0.1571562,-0.42957990000000007,10.8119934,0.3464214054465611,3,1.0584388587667422,-2.393145809497292,3,-51.11825781230693
26.141,0.13469129999999999,-0.42957990000000007,10.8509391,0.3628524417315244,3,1.0269397678103218,-2.387471618719868,3,-51.15650275173266
26.157,0.1497006,-0.3831786,10.8509391,0.3788451631421612,3,0.9995450881646875,-2.381538037880878,3,-51.19465482898547
26.172,0.1497006,-0.35777070000000005,10.759608,0.3922005201492347,3,0.8903571338048639,-2.3757551952561924,3,-51.230334528234
26.188,0.1661814,-0.35777070000000005,10.7476398,0.4049443222943214,3,0.7964876340680094,-2.3693780365166446,3,-51.26829559408818
26.203,0.1362609,-0.3652263,10.732728600000002,0.4170097026481763,3,0.8043586902569594,-2.3632133813295755,3,-51.30379002972203
26.219,0.15421320000000002,-0.3652263,10.707222600000001,0.42816505408983296,3,0.6972094651034652,-2.3564519832756705,3,-51.34154735263888
26.235,0.15421320000000002,-0.3652263,10.707222600000001,0.4390483237890095,3,0.6802043561986076,-2.3495142762526404,3,-51.3791950827151
26.25,0.1392039,-0.34580249999999996,10.707222600000001,0.4496454152249907,3,0.7064727623987198,-2.342849073210035,3,-51.41438780783607
26.266,0.1392039,-0.37572300000000003,10.753623900000001,0.4611395641871834,3,0.7183843101371227,-2.3355627933747387,3,-51.45181510276875
26.297,0.16765290000000002,-0.3712104,10.774617300000001,0.47287110926582976,3,0.37843693802082207,-2.321085627936216,3,-51.523993153299074
26.313,0.2006145,-0.3622833,10.774617300000001,0.48432284228568,3,0.7157333137407196,-2.3134280763238046,3,-51.56106926293315
26.328,0.2006145,-0.37572300000000003,10.8284742,0.49681904532550547,3,0.833080202654999,-2.3060695121667205,3,-51.595715494846836
26.344,0.2140542,-0.37572300000000003,10.9078371,0.5109508845152053,3,0.8832399493561416,-2.298007352727994,3,-51.632548109766
26.36,0.2140542,-0.37572300000000003,10.9078371,0.5247380447002783,3,0.861697511567156,-2.2897218412942713,3,-51.66924994331817
26.375,0.1781496,-0.38621970000000005,10.9078371,0.5381821358953935,3,0.8962727463409826,-2.2817499399398034,3,-51.703535981677426
26.391,0.1781496,-0.3278502,10.798553700000001,0.5485878800625823,3,0.650359010449369,-2.2730557798121405,3,-51.739974427435435
26.407,0.1511721,-0.3278502,10.822490100000001,0.559313287462663,3,0.6703379625049659,-2.2641925704719377,3,-51.77627241423771
26.422,0.1392039,-0.3367773,10.822490100000001,0.5697798676654049,3,0.6977720135161027,-2.2557243718084767,3,-51.81017179130481
26.438,0.1392039,-0.3307932,10.7925696,0.5792573002040378,3,0.5923395336646196,-2.2465320744655224,3,-51.846189842875
26.453,0.1078119,-0.3652263,10.7506809,0.587500845941964,3,0.5495697158617248,-2.237781388369427,3,-51.87982219384626
26.469,0.10182780000000001,-0.36826739999999997,10.7506809,0.5955444361651594,3,0.5027243889496594,-2.2283170261125687,3,-51.91555098116212
26.485,0.10182780000000001,-0.2963601,10.734200099999999,0.602935857304681,3,0.4619638212201525,-2.218729183764811,3,-51.95112735084113
26.5,0.10182780000000001,-0.2963601,10.734200099999999,0.6101469998798237,3,0.4807428383428257,-2.209631062335927,3,-51.98434005268689
26.516,0.1511721,-0.2963601,10.7132067,0.6166846497770422,3,0.4086031185762013,-2.199816409138673,3,-52.01961563245868
26.532,0.16019730000000001,-0.3367773,10.758136499999999,0.624190343644651,3,0.46910586672549737,-2.189889409191298,3,-52.054733279005326
26.547,0.1646118,-0.3367773,10.7955126,0.6324256574423437,3,0.54902091984616,-2.1804647891831452,3,-52.087510935493135
26.563,0.1646118,-0.3367773,10.7955126,0.640460109927897,3,0.5021532803471394,-2.1702817030441843,3,-52.12231690743095
26.578,0.17667810000000003,-0.39220380000000005,10.7955126,0.6483488603328613,3,0.5259166936642656,-2.160615635767228,3,-52.154798637472034
26.594,0.11673900000000001,-0.3996594,10.8643788,0.6577104377446101,3,0.5850985882342352,-2.150167161382607,3,-52.189284899849234
26.61,0.11673900000000001,-0.3712104,10.8509391,0.6664914970075486,3,0.5488162039337157,-2.139573545904591,3,-52.22360282550753
26.625,0.1332198,-0.3712104,10.8389709,0.6747712964311638,3,0.5519866282409944,-2.1295140749538,3,-52.25562098266396
26.641,0.113796,-0.37572300000000003,10.8389709,0.6828475446204916,3,0.5047655118330386,-2.118653124225388,3,-52.28960632025739
26.657,0.1466595,-0.3996594,10.788057,0.6895164606609185,3,0.41680725252663864,-2.1076742121831353,3,-52.32341693894866
26.672,0.1466595,-0.3996594,10.788057,0.6960227202125555,3,0.43375063677578174,-2.0972826683265837,3,-52.35495411555249
26.688,0.1317483,-0.4101561,10.788057,0.7023752028644932,3,0.3970301657461477,-2.0860954849419686,3,-52.38842114077863
26.703,0.1317483,-0.3907323,10.855451700000001,0.7101977562423265,3,0.5215035585222022,-2.075501187748667,3,-52.419633115823814
26.735,0.142245,-0.39671639999999997,10.8779166,0.7183855467842548,3,0.2558684544352594,-2.0526438549002415,3,-52.48568343650619
26.75,0.17510850000000003,-0.3083283,10.753623900000001,0.7232855996071272,3,0.32667018819148264,-2.041831321302306,3,-52.51639200032771
26.766,0.17510850000000003,-0.2934171,10.7506809,0.7279842244863524,3,0.29366405495160247,-2.030221162709559,3,-52.548968420199806
26.782,0.1870767,-0.2934171,10.7237034,0.731915520818962,3,0.24570602078807816,-2.0185419647471154,3,-52.581358525219464
26.797,0.1796211,-0.318825,10.7237034,0.735765504939307,3,0.25666560802298927,-2.007534357053928,3,-52.611554097632975
26.813,0.1796211,-0.3622833,10.785114,0.7410519883538136,3,0.3304052134066957,-1.9957198171075838,3,-52.64358013102626
26.828,0.1661814,-0.3622833,10.8299457,0.7472969949459216,3,0.416333772807186,-1.9845571997328355,3,-52.673432208652564
26.844,0.19757340000000004,-0.39220380000000005,10.8404424,0.753683741398179,3,0.39917165326603915,-1.9725493538420813,3,-52.70508906108117
26.86,0.1721655,-0.39220380000000005,10.868891399999999,0.7605974922030576,3,0.4321094253049638,-1.9604351039732728,3,-52.736552936743685
26.875,0.1721655,-0.39220380000000005,10.868891399999999,0.7673426149395262,3,0.44967484909788596,-1.948975553169703,3,-52.76587351667226
26.891,0.1482291,-0.40417200000000003,10.868891399999999,0.7739253101639871,3,0.41141845152885637,-1.9366454097688763,3,-52.796958484375764
26.907,0.1317483,-0.31136939999999996,10.8509391,0.7798301693211389,3,0.3690536973219447,-1.924215365932994,3,-52.827845370581386
26.922,0.1317483,-0.287433,10.7521524,0.7831665060724475,3,0.22242245008723302,-1.9124928908675416,3,-52.85662068250739
26.938,0.17667810000000003,-0.287433,10.8719325,0.7893572231959762,3,0.38691982022058635,-1.8999127010333956,3,-52.887119927242594
26.953,0.16166880000000003,-0.33226469999999997,10.8719325,0.7954224006985608,3,0.4043451668389592,-1.8880268538541862,3,-52.91552947390425
26.969,0.16166880000000003,-0.3847482,10.8958689,0.8019652165938176,3,0.40892599345350034,-1.8752477529158458,3,-52.94563567075841
26.985,0.145188,-0.3847482,10.810521900000001,0.8062626539595179,3,0.2685898353562995,-1.8623819299514206,3,-52.97553670822135
27.0,0.1721655,-0.42506730000000004,10.810521900000001,0.8105017289710315,3,0.28260500076755923,-1.8502561970794411,3,-53.00338149417408
27.016,0.1721655,-0.36669779999999996,10.8000252,0.8143294821897911,3,0.23923457617250202,-1.837257547390156,3,-53.032881604129834
27.032,0.13469129999999999,-0.36669779999999996,10.758136499999999,0.8170298944490852,3,0.1687757662058675,-1.8242066723770436,3,-53.062173317887975
27.047,0.1062423,-0.33824879999999996,10.7401842,0.8191963346385585,3,0.14442934596487497,-1.8119349756588858,3,-53.089444380248246
27.063,0.145188,-0.3039138,10.7401842,0.8212960251556218,3,0.13123065731647568,-1.798811036780534,3,-53.118330348347754
27.078,0.145188,-0.3039138,10.7401842,0.8233445037088547,3,0.13656523688218608,-1.7864762328140498,3,-53.14522000286971
27.094,0.145188,-0.315882,10.761079500000001,0.8258608130065692,3,0.15726933110713953,-1.7732825902803249,3,-53.173698073454474
27.11,0.1332198,-0.3622833,10.734200099999999,0.8276924427689227,3,0.11447686014710728,-1.7600541642341223,3,-53.20196476749059
27.125,0.1332198,-0.3622833,10.734200099999999,0.8294793986346338,3,0.11913039104740168,-1.747625375423595,3,-53.22827236403802
27.141,0.1332198,-0.3831786,10.8179775,0.8332823596073808,3,0.23768506079671467,-1.7343232813576603,3,-53.256127953292264
27.157,0.17667810000000003,-0.3831786,10.835929799999999,0.8374452652574078,3,0.26018160312665656,-1.7209574603587405,3,-53.283770199226
27.172,0.17510850000000003,-0.36973890000000004,10.835929799999999,0.841494635773163,3,0.26995803438366694,-1.7083654111010107,3,-53.30949012076195
27.188,0.17510850000000003,-0.40711500000000006,10.8643788,0.8461711936724949,3,0.2922848687082802,-1.694864084465447,3,-53.33671595672648
27.203,0.1661814,-0.40711500000000006,10.810521900000001,0.849417769115183,3,0.21643836284586024,-1.682147167244539,3,-53.3620435411143
27.219,0.173637,-0.43556400000000006,10.756665000000002,0.8513026924387024,3,0.11780770771995033,-1.6685414035521062,3,-53.38884904968068
27.235,0.1332198,-0.3951468000000001,10.756665000000002,0.8530895606076427,3,0.11167926055878472,-1.654906265527737,3,-53.415436631033316
27.25,0.1332198,-0.38023560000000006,10.8329868,0.856679960211844,3,0.2393599736134087,-1.6420829941215902,3,-53.44016405048069
27.266,0.142245,-0.38023560000000006,10.7820729,0.8589446586281344,3,0.14154365101816563,-1.628357997170872,3,-53.466327578411025
27.282,0.173637,-0.36071369999999997,10.7820729,0.8611489794052396,3,0.1377700485690593,-1.6145972480666033,3,-53.49227122037293
27.297,0.173637,-0.36826739999999997,10.774617300000001,0.8631240457589779,3,0.1316710902492178,-1.6016652003778713,3,-53.51639318873626
27.313,0.17510850000000003,-0.36826739999999997,10.7955126,0.8655607977530835,3,0.1522969996316127,-1.5878357216297763,3,-53.541909196112314
27.328,0.1392039,-0.36375480000000004,10.7955126,0.8679216480459662,3,0.15739001952550657,-1.574834603286283,3,-53.56562922354919
27.344,0.1392039,-0.3338343,10.777560300000001,0.8697637376414971,3,0.11513059972066797,-1.5609331202007817,3,-53.59071536533709
27.36,0.1526436,-0.3338343,10.8119934,0.8724046804925969,3,0.16505892819375798,-1.5469957728557104,3,-53.615578796481536
27.375,0.1257642,-0.3532581,10.774617300000001,0.8740767561465752,3,0.11147171026521652,-1.533897162080916,3,-53.63868549349356
27.391,0.18864630000000002,-0.35178660000000006,10.774617300000001,0.875729238868848,3,0.10328017014206187,-1.5198987141207942,3,-53.663115860503176
27.407,0.18864630000000002,-0.347274,10.8000252,0.8779571384955904,3,0.13924372667138527,-1.505869223101877,3,-53.68732200400096
27.422,0.1646118,-0.347274,10.7701047,0.8793918128009199,3,0.09564495368863028,-1.4926891059671528,3,-53.70981119146898
27.438,0.16912439999999998,-0.318825,10.7701047,0.8807717550058385,3,0.08624638780741883,-1.4786077974247003,3,-53.73358156669611
27.453,0.16019730000000001,-0.33226469999999997,10.7940411,0.8827080889660213,3,0.12908893067884702,-1.4653816985949109,3,-53.75566148791626
27.469,0.1586277,-0.3098979,10.7940411,0.8845804116721325,3,0.1170201691319408,-1.4512433905898041,3,-53.778994488629735
27.485,0.1586277,-0.3218661,10.786585500000001,0.8862338624731478,3,0.10334067506346828,-1.4370768763966435,3,-53.80210105076562
27.5,0.1586277,-0.3218661,10.786585500000001,0.8878469852058455,3,0.1075415155131724,-1.4237712700390506,3,-53.82355741186389
27.516,0.16765290000000002,-0.37866600000000006,10.7715762,0.8891032370436687,3,0.07851573986395775,-1.409555668261056,3,-53.84622402737028
27.532,0.18413369999999998,-0.37866600000000006,10.785114,0.8906653461807288,3,0.09763182106624653,-1.3953175195952592,3,-53.868663012873135
27.547,0.1526436,-0.37572300000000003,10.785114,0.8921748636807827,3,0.10063450000358971,-1.3819462180212974,3,-53.88949249090526
27.563,0.1526436,-0.347274,10.7506809,0.8927850104342934,3,0.03813417209442147,-1.3676665390283784,3,-53.911489392961656
27.578,0.17069399999999998,-0.40113090000000007,10.759608,0.8936501361431546,3,0.057675047257412085,-1.3542682754290472,3,-53.93190390407009
27.61,0.17069399999999998,-0.39671639999999997,10.743127200000002,0.894088525651604,3,0.01369967213904476,-1.325664456840331,3,-53.9747828277864
27.61,0.1721655,-0.39671639999999997,10.731159000000002,0.8942251241472299,3,0.0,-1.325664456840331,3,-53.9747828277864
27.625,0.1721655,-0.39671639999999997,10.731159000000002,0.894358390972231,3,0.008884455000075913,-1.3122500804769346,3,-53.994567186816276
27.641,0.1511721,-0.3622833,10.731159000000002,0.894451021029047,3,0.005789378551002782,-1.297939605180926,3,-54.015448704301534
27.657,0.1511721,-0.3951468000000001,10.7416557,0.8948254774994808,3,0.023403529402108037,-1.2836253931926962,3,-54.03610122428852
27.672,0.16019730000000001,-0.40113090000000007,10.761079500000001,0.8956727636204214,3,0.056485741396033726,-1.2701966563842964,3,-54.055254889660354
27.688,0.16019730000000001,-0.40113090000000007,10.761079500000001,0.8964993842262174,3,0.051663787862260696,-1.2558592792015248,3,-54.07546333714504
27.703,0.17510850000000003,-0.40113090000000007,10.761079500000001,0.8973115048304638,3,0.05414137361642478,-1.2424056975335993,3,-54.09420032447055
27.719,0.1482291,-0.41908320000000004,10.761079500000001,0.8981106495368945,3,0.04994654415190754,-1.2280423202986588,3,-54.11396390861321
27.735,0.1482291,-0.37268190000000007,10.734200099999999,0.8981935611597383,3,0.005181976427737782,-1.2136718866130873,3,-54.1334976222685
27.75,0.16019730000000001,-0.37268190000000007,10.8060093,0.9000288441627315,3,0.12235220019954825,-1.2001852185731683,3,-54.151601550557395
27.766,0.1646118,-0.36375480000000004,10.8060093,0.9018135670157204,3,0.11154517831181272,-1.1857704792837422,3,-54.170689196140245
27.782,0.1646118,-0.29783160000000003,10.731159000000002,0.9016808623514958,3,-0.008294041514033306,-1.1713425238488029,3,-54.18954610016531
27.797,0.1392039,-0.29783160000000003,10.707222600000001,0.900959085999963,3,-0.04811842343551886,-1.1578227242361665,3,-54.20701483952595
27.813,0.1511721,-0.34128990000000003,10.707222600000001,0.9002904878004028,3,-0.04178738747251847,-1.143412727645765,3,-54.225424723141
27.828,0.1511721,-0.36071369999999997,10.7296875,0.9002012773706003,3,-0.0059473619868316155,-1.129909039406982,3,-54.2424746363939
27.844,0.1946304,-0.40711500000000006,10.70271,0.8995143677962947,3,-0.04293184839409622,-1.1155113142456452,3,-54.26043799922312
27.86,0.1497006,-0.40711500000000006,10.7206623,0.8992641015797584,3,-0.015641638533516248,-1.1011210864906384,3,-54.27817105842901
27.875,0.1062423,-0.33981839999999996,10.7206623,0.8989501551938321,3,-0.02092975906175256,-1.087634479564836,3,-54.294586725174426
27.891,0.1062423,-0.36826739999999997,10.7356716,0.8990326143533149,3,0.005153697467675257,-1.0732506174084604,3,-54.31187380595021
27.907,0.142245,-0.36826739999999997,10.731159000000002,0.8990132290029305,3,-0.0012115843990299945,-1.0588662506616089,3,-54.328930740894776
27.922,0.16166880000000003,-0.3592422,10.731159000000002,0.898993563800591,3,-0.0013110134892949528,-1.045381199715582,3,-54.3447125967726
27.938,0.16166880000000003,-0.35777070000000005,10.695254400000001,0.8980980455147147,3,-0.05596989286727533,-1.0310044668410612,3,-54.36132368210505
27.953,0.1646118,-0.35777070000000005,10.7042796,0.8974454411780304,3,-0.043506955778954894,-1.017537890690865,3,-54.37668774978654
27.969,0.19610190000000002,-0.3262806,10.7042796,0.8967971615802472,3,-0.040517474861441104,-1.003183949868797,3,-54.39285352451102
27.985,0.18266220000000002,-0.37572300000000003,10.753623900000001,0.8974010216880206,3,0.037741256735838995,-0.9888303644026526,3,-54.40878963902519
28.0,0.18266220000000002,-0.36669779999999996,10.7296875,0.8973991699394368,3,-0.00012344990558687627,-0.9753693629654462,3,-54.42352113698045
28.016,0.16765290000000002,-0.36669779999999996,10.675830600000001,0.8960787397767547,3,-0.08252688516764216,-0.9610215396877182,3,-54.43901226420167
28.032,0.17667810000000003,-0.37866600000000006,10.675830600000001,0.8948042451618559,3,-0.07965591343116693,-0.9466944758082078,3,-54.45427399232564
28.047,0.1497006,-0.3487455,10.6398279,0.892648381966973,3,-0.14372421299218202,-0.933288581104741,3,-54.46837386525249
28.063,0.1497006,-0.3487455,10.6398279,0.8905451008012335,3,-0.1314550728587361,-0.9190230332425969,3,-54.483192358167265
28.078,0.1526436,-0.38621970000000005,10.6398279,0.8885256845528104,3,-0.1346277498948653,-0.9056800023524411,3,-54.49687763093423
28.094,0.1526436,-0.37425150000000007,10.6218756,0.8861075533415761,3,-0.15113320070213018,-0.8914829364492843,3,-54.51125493444464
28.11,0.17510850000000003,-0.37425150000000007,10.630900800000001,0.8839768087668833,3,-0.13317153591831188,-0.8773222615524182,3,-54.52540537602866
28.125,0.1526436,-0.37425150000000007,10.630900800000001,0.8818895935159734,3,-0.1391476833939904,-0.8640782635352963,3,-54.538465879966814
28.141,0.1526436,-0.4027005000000001,10.472175,0.8760104819524859,3,-0.3674444727180109,-0.8500150629315502,3,-54.552178626578545
28.157,0.1526436,-0.35777070000000005,10.542610800000002,0.8719517749416372,3,-0.25366918817801226,-0.8360313648763956,3,-54.565666998001014
28.172,0.16765290000000002,-0.35777070000000005,10.5350571,0.8678135106670606,3,-0.27588428497176565,-0.8229831252343299,3,-54.57810960667685
28.188,0.1317483,-0.36071369999999997,10.5350571,0.8637661903924503,3,-0.2529575171631716,-0.8091304876258554,3,-54.59116651557973
28.203,0.1317483,-0.3771945,10.466190899999999,0.8581532043044149,3,-0.3741990725356791,-0.7962160921656284,3,-54.60320661492817
28.219,0.142245,-0.3771945,10.4962095,0.8534120890086214,3,-0.2963197059870583,-0.7825235698191225,3,-54.61583653222405
28.235,0.1586277,-0.37572300000000003,10.4962095,0.8487910470473228,3,-0.28881512258119707,-0.7689059447306764,3,-54.628247968340446
28.25,0.1586277,-0.3592422,10.418318099999999,0.8423701982174343,3,-0.42805658865921514,-0.7562222353911903,3,-54.63968642969136
28.266,0.1272357,-0.3592422,10.367404200000001,0.8348544900744503,3,-0.4697317589365497,-0.7428044378848566,3,-54.65167864307757
28.282,0.145188,-0.3831786,10.3644612,0.8274770046366626,3,-0.46109283986168037,-0.7295057859271662,3,-54.66345712486807
28.297,0.16765290000000002,-0.34580249999999996,10.3644612,0.8202556856189016,3,-0.4814212678507163,-0.717147790750249,3,-54.67430702669315
28.313,0.16765290000000002,-0.33981839999999996,10.3030506,0.8117088585607224,3,-0.53417669113626,-0.7040920743968135,3,-54.685676945614325
28.328,0.17069399999999998,-0.33981839999999996,10.268617500000001,0.8025324494560717,3,-0.6117606069766884,-0.6919852645866871,3,-54.696147525656706
28.344,0.1392039,-0.3547296,10.268617500000001,0.7935805647076375,3,-0.5594927967770764,-0.679216360473376,3,-54.70711713865719
28.36,0.1392039,-0.37572300000000003,10.2401685,0.784171868109313,3,-0.5880435373953422,-0.6665943410108418,3,-54.717883624269064
28.375,0.1406754,-0.37572300000000003,10.238697000000002,0.7749572792810433,3,-0.614305921884627,-0.6549008724054137,3,-54.72779483836968
28.391,0.2065986,-0.3891627,10.238697000000002,0.7660069151446773,3,-0.5593977585229343,-0.6425731588500093,3,-54.738174630619724
28.407,0.2065986,-0.36071369999999997,10.249193700000001,0.7575052717065578,3,-0.531352714882412,-0.6303850613551981,3,-54.74835829638137
28.422,0.19757340000000004,-0.36071369999999997,10.2761712,0.7498641087265732,3,-0.5094108653322892,-0.6190797910019492,3,-54.75772928277405
28.438,0.19757340000000004,-0.36071369999999997,10.2761712,0.7424093155753688,3,-0.46592457195032266,-0.607141603607535,3,-54.767539053930925
28.453,0.1571562,-0.3503151,10.2177036,0.7336855380968217,3,-0.5815851652364535,-0.5960708922049931,3,-54.77656314764952
28.469,0.16019730000000001,-0.33226469999999997,10.2177036,0.7251609914751,3,-0.5327841638575429,-0.5844001199684165,3,-54.78600691574691
28.485,0.16019730000000001,-0.37268190000000007,10.2177036,0.7168783421512366,3,-0.5176655827415237,-0.5728638052994071,3,-54.79526502714905
28.5,0.17510850000000003,-0.37268190000000007,10.2252573,0.7089877585861224,3,-0.5260389043409257,-0.5621698095438764,3,-54.80377777926037
28.516,0.20954160000000002,-0.37268190000000007,10.2252573,0.7013054112326724,3,-0.480146709590676,-0.5508874641853273,3,-54.812682237450204
28.532,0.20954160000000002,-0.37572300000000003,10.2162321,0.6935932181625422,3,-0.48201206688308784,-0.5397282751501643,3,-54.82140716336489
28.547,0.1721655,-0.37572300000000003,10.1563911,0.6845937749368485,3,-0.5999628817128894,-0.5293918727019185,3,-54.82942556447378
28.563,0.1497006,-0.36071369999999997,10.1563911,0.6757918931867248,3,-0.5501176093827882,-0.5185087873569311,3,-54.83780876975425
28.578,0.1497006,-0.37572300000000003,10.1234295,0.6664146508050255,3,-0.6251494921132661,-0.5084422382769925,3,-54.8455109024465
28.594,0.18109260000000002,-0.37572300000000003,10.0725156,0.6560378761851382,3,-0.6485484137428827,-0.4978626180610701,3,-54.8535613412972
28.61,0.10477080000000001,-0.3847482,10.0141461,0.6444735773788199,3,-0.722768675394971,-0.4874585264325596,3,-54.86144391045315
28.625,0.15421320000000002,-0.37866600000000006,10.0141461,0.6332012656220645,3,-0.7514874504503363,-0.4778759651100526,3,-54.86868391913972
28.641,0.15421320000000002,-0.3562992,10.0425951,0.6228772437649823,3,-0.6452513660677051,-0.4678273370349573,3,-54.87624954555688
28.657,0.16765290000000002,-0.3562992,10.047107700000002,0.6129202552548687,3,-0.6223117818820315,-0.4579409570427974,3,-54.8836556919095
28.672,0.20355750000000003,-0.38023560000000006,10.047107700000002,0.6032436652508579,3,-0.6451060002673606,-0.44881972763900413,3,-54.890456397044616
28.688,0.20355750000000003,-0.36375480000000004,10.024642799999999,0.5932407674931497,3,-0.6251811098568338,-0.43924785217705314,3,-54.897560937683146
28.703,0.19757340000000004,-0.37268190000000007,10.060547399999999,0.5843618664383268,3,-0.5919267369881721,-0.43041583242256676,3,-54.90408341531764
28.719,0.19757340000000004,-0.3712104,9.997665300000001,0.5741658348875553,3,-0.6372519719231426,-0.4211476108119587,3,-54.91089592286352
28.735,0.1272357,-0.3712104,9.967744800000002,0.5634614370603792,3,-0.6690248641985823,-0.4120465926363762,3,-54.9175614764911
28.75,0.1272357,-0.3712104,9.967744800000002,0.5530181221070372,3,-0.6962209968894438,-0.4036729959426203,3,-54.92367937340544
28.766,0.1482291,-0.3652263,9.9842256,0.5432328616996269,3,-0.611578775463207,-0.39490298807216795,3,-54.93006798127756
28.782,0.1526436,-0.3771945,9.9842256,0.5336987314926205,3,-0.5958831379378359,-0.386287535326629,3,-54.93631750546475
28.797,0.1526436,-0.32333760000000006,9.955776600000002,0.523657659624547,3,-0.669404791204872,-0.37835736239324996,3,-54.94205234219765
28.813,0.1497006,-0.32333760000000006,9.967744800000002,0.514152123478981,3,-0.5940960090979429,-0.37005488412842263,3,-54.948039640169824
28.828,0.18413369999999998,-0.4027005000000001,10.0380825,0.5066767961182901,3,-0.4983551573793743,-0.3623986672314428,3,-54.953533041805024
28.844,0.16765290000000002,-0.4027005000000001,9.946849499999999,0.4971536790721842,3,-0.5951948153815501,-0.35436802342991813,3,-54.95926717533032
28.86,0.16765290000000002,-0.4027005000000001,9.946849499999999,0.48786283317354595,3,-0.5806778686649556,-0.3464878913319532,3,-54.96487402264841
28.875,0.1526436,-0.34580249999999996,9.946849499999999,0.4787405335818864,3,-0.6081533061106139,-0.33923836608128716,3,-54.97001696957901
28.891,0.1526436,-0.3562992,9.8854389,0.46835308147393917,3,-0.6492157567467731,-0.33166161716084136,3,-54.97538416944494
28.907,0.145188,-0.3562992,9.8644455,0.4577045986698671,3,-0.6655301752544284,-0.3242531557196901,3,-54.98063148762799
28.922,0.11978010000000001,-0.36669779999999996,9.854046900000002,0.44706337529971485,3,-0.7094148913434581,-0.31746739591491796,3,-54.98544439176525
28.938,0.11978010000000001,-0.36669779999999996,9.854046900000002,0.4366816939629796,3,-0.6488550835460232,-0.3103974353608172,3,-54.990467310415454
28.953,0.11978010000000001,-0.37572300000000003,9.9064323,0.4278381864001375,3,-0.58956717085612,-0.3039135362580936,3,-54.9950746427026
28.969,0.1526436,-0.37572300000000003,9.9633303,0.4206079876532396,3,-0.45188742168106805,-0.29712596686566584,3,-54.99988295872759
28.985,0.16019730000000001,-0.318825,9.9633303,0.4135086905079941,3,-0.44370607157789177,-0.2904530334403767,3,-55.004583590730036
29.0,0.16019730000000001,-0.3338343,9.862974000000001,0.4041485204024742,3,-0.6240113403679715,-0.28432060435854795,3,-55.00889439301353
29.016,0.17667810000000003,-0.3338343,9.8255979,0.39411256502250147,3,-0.6272472112483631,-0.2779345156751488,3,-55.0133924339738
29.032,0.2080701,-0.34580249999999996,9.8255979,0.38434645556363733,3,-0.6103818411789402,-0.27170684351045904,3,-55.017789564847284
29.047,0.2080701,-0.34580249999999996,9.943808400000002,0.37769932668791917,3,-0.443141925047861,-0.26599150014357215,3,-55.02182230242469
29.063,0.1781496,-0.42065280000000005,9.8240283,0.3683521057048669,3,-0.5842013114408329,-0.2600230886844305,3,-55.02603041913531
29.078,0.1781496,-0.42065280000000005,9.8240283,0.35923286572140256,3,-0.6079493322309311,-0.2545662013987333,3,-55.02988983881093
29.094,0.15421320000000002,-0.42065280000000005,9.855518400000001,0.351093437272441,3,-0.5087142780600392,-0.2488835909747819,3,-55.03391743714992
29.11,0.10477080000000001,-0.347274,9.877983300000002,0.34361458815627266,3,-0.4674280697605741,-0.24332592677135284,3,-55.03785511329188
29.125,0.1526436,-0.347274,9.831582000000001,0.3352024516381604,3,-0.5608091012074611,-0.2382347989728944,3,-55.04146681873497
29.141,0.1526436,-0.347274,9.831582000000001,0.32699548918146526,3,-0.5129351535435044,-0.23293721544633797,3,-55.04523619485032
29.157,0.17510850000000003,-0.40417200000000003,9.831582000000001,0.3190508096464022,3,-0.49654247094138565,-0.22776884505571446,3,-55.048921843334334
29.172,0.17510850000000003,-0.4101561,9.8674866,0.3121807668077956,3,-0.4580028559070889,-0.2230346082323078,3,-55.052302869234
29.188,0.2140542,-0.4101561,9.860031000000001,0.3053153533621398,3,-0.42908834035353677,-0.21809463927094888,3,-55.05583190321402
29.203,0.16166880000000003,-0.40417200000000003,9.860031000000001,0.298587049760636,3,-0.4485535734335685,-0.2135653712475279,3,-55.05906935329291
29.219,0.16166880000000003,-0.3936753,9.8764137,0.29241170985981313,3,-0.38595874380138573,-0.20883738117056377,3,-55.06244857531226
29.235,0.1406754,-0.37268190000000007,9.839037600000001,0.2854484403541413,3,-0.4352043441045374,-0.20421449996885266,3,-55.065752990361375
29.25,0.16912439999999998,-0.37268190000000007,9.8464932,0.2788476084112723,3,-0.44005546285791525,-0.1999822796031119,3,-55.068784466208164
29.266,0.1212516,-0.37866600000000006,9.8464932,0.2723961338501457,3,-0.40321716007045705,-0.19557232966502106,3,-55.07194890308231
29.282,0.1212516,-0.3503151,9.8734707,0.2667339581439858,3,-0.35388598163495416,-0.19125928892906752,3,-55.07504355603106
29.297,0.15568469999999998,-0.3503151,9.833053500000002,0.2602366135984351,3,-0.43315630303669905,-0.18730700964099922,3,-55.077882803270334
29.313,0.11821050000000001,-0.34580249999999996,9.833053500000002,0.2538811274281656,3,-0.39721788564188665,-0.18319406771278687,3,-55.08084681188917
29.328,0.11821050000000001,-0.2858634,9.839037600000001,0.2477796059904076,3,-0.4067680958505176,-0.17943161221214743,3,-55.0835665044886
29.344,0.1317483,-0.2858634,9.8854389,0.24296225730062737,3,-0.3010842931112308,-0.1755056773058187,3,-55.08640600280474
29.36,0.21258269999999999,-0.2948886,9.8854389,0.23830318385027915,3,-0.29119209064679563,-0.17165555377661187,3,-55.0891832926534
29.375,0.21258269999999999,-0.2858634,9.866015100000002,0.2332778412992571,3,-0.3350228367347906,-0.1681186960879902,3,-55.091731599527385
29.391,0.1631403,-0.2889045,9.855518400000001,0.22809840691376593,3,-0.3237146490932342,-0.16442768610228642,3,-55.09439197058491
29.407,0.17069399999999998,-0.2889045,9.8120601,0.22198907675687884,3,-0.38183313480539993,-0.16082698623292085,3,-55.09699400796359
29.422,0.18266220000000002,-0.2963601,9.8120601,0.21603942758676808,3,-0.396643278007369,-0.15754177245034337,3,-55.09938177365371
29.438,0.18266220000000002,-0.36375480000000004,9.836094600000001,0.2108758485966291,3,-0.32272368688372133,-0.15412645024087657,3,-55.10187511943524
29.453,0.1362609,-0.36375480000000004,9.8495343,0.2061474205335685,3,-0.31522853753736263,-0.15099877572239997,3,-55.10416355862996
29.469,0.11673900000000001,-0.4281084,9.8495343,0.20159124853854316,3,-0.28476074968905174,-0.14773686636982272,3,-55.1065534437667
29.485,0.11673900000000001,-0.4460607,9.9124164,0.1986976554365114,3,-0.18084956887700393,-0.14453455513802263,3,-55.10889161513876
29.5,0.18864630000000002,-0.4460607,9.7911648,0.19294783457044673,3,-0.3833213910709642,-0.14159721396297034,3,-55.11103760340702
29.516,0.145188,-0.45950040000000003,9.7911648,0.18733534548727526,3,-0.3507805676982554,-0.1385549485225089,3,-55.1132788207069
29.532,0.1392039,-0.4654845,9.833053500000002,0.18288494054424476,3,-0.2781503089393755,-0.13559318623425642,3,-55.11547200578496
29.563,0.1796211,-0.47156670000000006,9.862974000000001,0.17929491487638494,3,-0.11580727960838574,-0.12997939847523687,3,-55.11958838084796
29.578,0.1631403,-0.35777070000000005,9.8854389,0.17621639565530955,3,-0.20523461473835103,-0.12731306364624906,3,-55.12151807431387
29.61,0.16019730000000001,-0.35777070000000005,9.774684,0.17051259562433785,3,-0.17824375096786566,-0.12176539978577469,3,-55.12550332972878
29.61,0.1511721,-0.3307932,9.774684,0.16492125105927613,3,0.0,-0.12176539978577469,3,-55.12550332972878
29.625,0.1511721,-0.3307932,9.774684,0.15946628075190006,3,-0.36366468715839106,-0.11933249329719078,3,-55.1273115639269
29.641,0.1511721,-0.3427614,9.777627,0.15422613656414086,3,-0.32750901173498603,-0.11682295395866274,3,-55.12920080750495
29.657,0.12272310000000002,-0.3427614,9.776155500000002,0.1490682237037877,3,-0.3223695537720367,-0.11439659907651904,3,-55.131050563929236
29.672,0.142245,-0.2918475,9.776155500000002,0.14400228207978572,3,-0.33772944160011914,-0.11219857028314216,3,-55.13275002769943
29.688,0.142245,-0.2918475,9.776155500000002,0.13905990000758806,3,-0.30889887951238776,-0.10993407282644342,3,-55.13452708884431
29.719,0.1466595,-0.258984,9.8464932,0.1359318488898129,3,-0.10090487476693244,-0.10567170071853338,3,-55.137868978334254
29.735,0.1482291,-0.318825,9.8615025,0.13328931296056368,3,-0.16515849557809534,-0.1035179314237306,3,-55.13954249539139
29.75,0.1482291,-0.3427614,9.842078700000002,0.130257388081505,3,-0.2021283252705709,-0.10154133116591502,3,-55.14108043986081
29.766,0.13469129999999999,-0.3427614,9.866015100000002,0.12787807747092828,3,-0.1487069131610616,-0.09947624744149577,3,-55.14268858048967
29.782,0.13469129999999999,-0.3427614,9.866015100000002,0.1255567988264623,3,-0.14507991527910644,-0.09744876843111643,3,-55.14426398061665
29.797,0.16765290000000002,-0.33530580000000004,9.866015100000002,0.12329820198931607,3,-0.15057312247641047,-0.09558235592499802,3,-55.14571171404932
29.813,0.16765290000000002,-0.36071369999999997,9.889951500000002,0.12169987720705144,3,-0.09989529889155015,-0.0936223712914273,3,-55.14722535186705
29.828,0.21258269999999999,-0.36071369999999997,9.862974000000001,0.11950418654755346,3,-0.14637937729986006,-0.0918133408132677,3,-55.14861611970783
29.844,0.1586277,-0.45508590000000004,9.7941078,0.11575475658412948,3,-0.2343393727139724,-0.08993126926821403,3,-55.150070076588484
29.86,0.1586277,-0.45802890000000007,9.830012400000001,0.11297477349313922,3,-0.17374894318691017,-0.08810143302759608,3,-55.15149433820685
29.875,0.1586277,-0.45802890000000007,9.830012400000001,0.11026259486778223,3,-0.18081190835712635,-0.08642715276488912,3,-55.1528033026003
29.891,0.20355750000000003,-0.45802890000000007,9.8105886,0.10716359442907297,3,-0.19368752741934972,-0.08468774325051447,3,-55.15417222176842
29.907,0.1646118,-0.49844610000000006,9.8105886,0.10417036852902051,3,-0.18707661875325815,-0.08299707154684953,3,-55.1555137002868
29.922,0.1646118,-0.4056435,9.8151012,0.10125593370990238,3,-0.19429565460786782,-0.08145637428005754,3,-55.1567471011305
29.938,0.1796211,-0.4056435,9.851005800000001,0.09929382778963536,3,-0.12263162001670232,-0.07985197618806142,3,-55.158037567934244
29.953,0.1437165,-0.3951468000000001,9.851005800000001,0.09735482426100539,3,-0.12926690190865964,-0.07837711129768156,3,-55.159224286090385
29.969,0.1437165,-0.40113090000000007,9.717786,0.09222282040327379,3,-0.32075024110818934,-0.07686049014036715,3,-55.16046618690189
29.985,0.15568469999999998,-0.40113090000000007,9.8405091,0.09021083274251218,3,-0.12574922879761416,-0.07540102091520103,3,-55.161684278990336
30.0,0.19610190000000002,-0.36973890000000004,9.855518400000001,0.08860131066057875,0,-0.10730147212889156,-0.0735599298396778,3,-55.162801486121
30.016,0.1526436,-0.3278502,9.855518400000001,0.08697617675501945,0,-0.10157086909746713,-0.07165530994035317,3,-55.163963208039235
30.032,0.1526436,-0.3173535,9.830012400000001,0.08476060573743993,0,-0.13847318859870456,-0.06978141568041334,3,-55.165094701844204
30.047,0.1586277,-0.29783160000000003,9.7552602,0.0807643496294812,0,-0.2664170738639052,-0.06803997851516139,3,-55.16612836230067
30.063,0.1586277,-0.29783160000000003,9.7552602,0.07686556318269133,0,-0.24367415292439373,-0.06627893921266415,3,-55.16720291364249
30.078,0.1586277,-0.3248091,9.8016615,0.07421382056966586,0,-0.17678284086835838,-0.06464584383452142,3,-55.16818484951534
30.094,0.16912439999999998,-0.3248091,9.7986204,0.07155691062213876,0,-0.166056871720425,-0.06297967798498685,3,-55.169205853689895
30.11,0.1482291,-0.33981839999999996,9.7986204,0.0689689627704766,0,-0.1617467407289031,-0.06135547099784605,3,-55.17020053488176
30.125,0.1482291,-0.3008727,9.8136297,0.06677896747965484,0,-0.14599968605477817,-0.05983736152097002,3,-55.17110948112565
30.141,0.16166880000000003,-0.3008727,9.8285409,0.06501102734265451,0,-0.11049625856253238,-0.058283041562391655,3,-55.172054444350316
30.157,0.17667810000000003,-0.3592422,9.843550200000001,0.06370605597505552,0,-0.08156071047492805,-0.05675330489584986,3,-55.17297473512198
30.172,0.17667810000000003,-0.3592422,9.843550200000001,0.062432913177397964,0,-0.08487618651050052,-0.05530726262720642,3,-55.17381518937841
30.188,0.17667810000000003,-0.37268190000000007,9.821085300000002,0.06065555611229101,0,-0.11108481656919691,-0.05382255487288902,3,-55.17468822791841
30.203,0.1856052,-0.37268190000000007,9.803133,0.05848809423512691,0,-0.14449745847760123,-0.05242897749528336,3,-55.175485114411174
30.219,0.1661814,-0.3427614,9.803133,0.05633839639621385,0,-0.13435611493205096,-0.05101036557023253,3,-55.176312629155696
30.235,0.1661814,-0.4505733,9.839037600000001,0.05522210388898863,0,-0.06976828170158425,-0.04961788156795101,3,-55.177117655132804
30.25,0.145188,-0.4505733,9.8375661,0.05408909675704088,0,-0.07553380879651378,-0.04829804756310575,3,-55.177852024601286
30.266,0.13469129999999999,-0.47450970000000003,9.8375661,0.05300750312809299,0,-0.06759960180925029,-0.04694127476402478,3,-55.178613939179904
30.282,0.13469129999999999,-0.4625415,9.845021700000002,0.05212003086015571,0,-0.05546701674607402,-0.04560025449211869,3,-55.179354271413956
30.297,0.17667810000000003,-0.4625415,9.8524773,0.05145199304417858,0,-0.04453585439847361,-0.04432346431283615,3,-55.18002869930499
30.313,0.1272357,-0.46999710000000006,9.8105886,0.04976984303688958,0,-0.10513437545557383,-0.043013689624187695,3,-55.18072739653649
30.328,0.16912439999999998,-0.4730382,9.8105886,0.048147693377375234,0,-0.10814331063428585,-0.04177930810108068,3,-55.18136334401943
30.344,0.16912439999999998,-0.3771945,9.856989900000002,0.0475946639103384,0,-0.034564341689798404,-0.04051336924277889,3,-55.18202168543818
30.36,0.1781496,-0.3771945,9.901919700000002,0.04815387041193375,0,0.034950406349713546,-0.039247380968200796,3,-55.182659771439866
30.375,0.1526436,-0.34580249999999996,9.901919700000002,0.04866112487431451,0,0.03381696415871587,-0.038021268503553904,3,-55.1832392863109
30.391,0.1526436,-0.34580249999999996,9.901919700000002,0.04915600727663616,0,0.03093015014510655,-0.03673873144634639,3,-55.1838373663105
30.407,0.1526436,-0.3427614,9.848062800000001,0.04832360657762358,0,-0.05202504368828049,-0.03545889453551222,3,-55.18441494731835
30.422,0.16912439999999998,-0.3427614,9.854046900000002,0.04766391424811722,0,-0.043979488633755406,-0.03423898812931914,3,-55.184937681438335
30.438,0.1990449,-0.3083283,9.854046900000002,0.04700620981718018,0,-0.04110652693356984,-0.03298162713679684,3,-55.18547544636046
30.453,0.1990449,-0.32333760000000006,9.7672284,0.044260331551328136,0,-0.18305855105679586,-0.031797128076532996,3,-55.18596128702456
30.469,0.17667810000000003,-0.3143124,9.843550200000001,0.04342401049816225,0,-0.052270065822862234,-0.030595653340136995,3,-55.1864604292759
30.485,0.1646118,-0.3143124,9.7806681,0.041070280971158724,0,-0.1471080954377364,-0.029419699008382504,3,-55.18694055209468
30.5,0.1392039,-0.32333760000000006,9.7806681,0.038771511747318854,0,-0.1532512815893188,-0.0283208855629939,3,-55.18737360647897
30.516,0.1392039,-0.3173535,9.851005800000001,0.0382385182154934,0,-0.033312095739094556,-0.02720480532329147,3,-55.18781781200606
30.532,0.18864630000000002,-0.3173535,9.8076456,0.036681757540558024,0,-0.09729754218345009,-0.026105443117242992,3,-55.188244293993584
30.547,0.19610190000000002,-0.2889045,9.8076456,0.03514509946150568,0,-0.10244387193681907,-0.025066741689727494,3,-55.188628085379634
30.563,0.19610190000000002,-0.2934171,9.7851807,0.03310161703588044,0,-0.12771765160159174,-0.024020767957748462,3,-55.18902078545681
30.578,0.1586277,-0.2934171,9.8076456,0.03163902577784938,0,-0.09750608386873325,-0.02303521313664547,3,-55.18937370531502
30.594,0.16912439999999998,-0.36973890000000004,9.8076456,0.030279271061335322,0,-0.08498466978211931,-0.02203986676193194,3,-55.18973430595421
30.61,0.16912439999999998,-0.43262100000000003,9.877983300000002,0.03072900163033232,0,0.02810816056231545,-0.02105180058039865,3,-55.19007903929295
30.625,0.1946304,-0.43713360000000007,9.8764137,0.031145806380134644,0,0.02778698332015389,-0.020087739520320128,3,-55.1903875858437
30.641,0.2006145,-0.43713360000000007,9.8524773,0.030972240279375285,0,-0.010847881297461144,-0.0190907951470441,3,-55.19070101412104
30.657,0.1497006,-0.3951468000000001,9.8524773,0.03073764587440664,0,-0.01466215031053877,-0.018097116057813792,3,-55.19099851741068
30.672,0.1497006,-0.40417200000000003,9.8196138,0.029716913862497307,0,-0.06804880079395283,-0.017143706859786993,3,-55.191262823582555
30.688,0.1661814,-0.40417200000000003,9.8524773,0.02952829569575499,0,-0.011788635421396042,-0.016169745183321024,3,-55.1915293311989
30.703,0.11821050000000001,-0.4445892,9.8524773,0.029369826362854567,0,-0.01056462219336119,-0.015228009267881433,3,-55.191764814357285
30.719,0.11821050000000001,-0.46107000000000004,9.851005800000001,0.029197827865733217,0,-0.010749906070083212,-0.014259468034052675,3,-55.1920007141757
30.735,0.1631403,-0.46107000000000004,9.8674866,0.02944713182877834,0,0.01558149769032185,-0.013290308356496632,3,-55.192221112386825
30.75,0.145188,-0.41908320000000004,9.8674866,0.029637900920437943,0,0.01271793944397311,-0.012347170610877492,3,-55.19241339347908
30.766,0.145188,-0.38023560000000006,9.8136297,0.028473215617074388,0,-0.07279283146023022,-0.011382281678577445,3,-55.192603229097394
30.782,0.1287072,-0.36826739999999997,9.7686999,0.026225229493899604,0,-0.14049913269840825,-0.010444694117689605,3,-55.192777844903766
30.797,0.1362609,-0.36826739999999997,9.8091171,0.0250195621388265,0,-0.08037782367153719,-0.009560358180444144,3,-55.192927882796
30.813,0.1571562,-0.32333760000000006,9.8091171,0.02381231434353559,0,-0.07545298720569026,-0.008669703168585292,3,-55.193073723286794
30.828,0.1571562,-0.3712104,9.803133,0.02252998761867353,0,-0.08548844832413406,-0.00782213590386871,3,-55.19319741207984
30.844,0.1511721,-0.3712104,9.8151012,0.021568307746507642,0,-0.060104992010361284,-0.006969349540947217,3,-55.193315743963396
30.86,0.1287072,-0.34580249999999996,9.8151012,0.020599659481128185,0,-0.06054051658622273,-0.006132005803126166,3,-55.193420554806146
30.875,0.1287072,-0.3503151,9.839037600000001,0.020241931082967568,0,-0.023848559877373575,-0.005325693873895435,3,-55.19350648755373
30.891,0.1586277,-0.3503151,9.8285409,0.01964775424845655,0,-0.03713605215694269,-0.004506576391244077,3,-55.19358514571585
