timestamps,acc_x,acc_y,acc_z,aAcc,aStages,aJerk,aVelocity,avStages,aHeight
0.063,0.1332198,-0.20208600000000002,9.8644455,-0.026992982128122733,0,0.0,0.0,0,0.0
0.078,0.145188,-0.2140542,9.8644455,-0.026982708955056722,0,0.000684878204400737,0.0,0,0.0
0.094,0.145188,-0.19757340000000004,9.830012400000001,-0.027820641913601563,0,-0.05237080990905252,-0.00034324449007311223,0,-2.7459559205848977e-06
0.11,0.1915893,-0.19757340000000004,9.833053500000002,-0.028544613415295572,0,-0.0452482188558756,-0.0002941665327042893,0,-7.84524410280411e-06
0.125,0.17667810000000003,-0.21258269999999999,9.833053500000002,-0.029250102844873282,0,-0.047032628638514026,-0.00022762690465555563,0,-1.1758694883002947e-05
0.141,0.17667810000000003,-0.21258269999999999,9.833053500000002,-0.02993838521519443,0,-0.04301764814507173,-0.00020113480913609705,0,-1.5188788593336164e-05
0.156,0.1870767,-0.1930608,9.845021700000002,-0.030323209845535715,0,-0.025654975356085644,-0.00015309677209157354,0,-1.7845525452543695e-05
0.172,0.1497006,-0.24544620000000003,9.845021700000002,-0.030685790957800663,0,-0.022661319516559274,-0.0001411687785182643,0,-2.0199649857422395e-05
0.203,0.1497006,-0.18109260000000002,9.9333117,-0.02892071117517858,0,0.056938057503938044,-0.0005650695615794436,0,-3.114634412893688e-05
0.219,0.1497006,-0.23200650000000003,9.9033912,-0.02790235482058634,0,0.06364727216201521,-0.0005196540895455628,0,-3.982413333793692e-05
0.235,0.16912439999999998,-0.23200650000000003,9.9363528,-0.02609760869451172,0,0.11279663287966378,-0.0004516537976663455,0,-4.7594596435632185e-05
0.25,0.16019730000000001,-0.21101310000000004,9.9363528,-0.02435189786802816,0,0.11638072176557054,-0.00033002509688539496,0,-5.3457188144770244e-05
0.266,0.1571562,-0.21552570000000001,9.8644455,-0.024400788303307053,0,-0.0030556522049307562,-0.00022004658625607645,0,-5.785776160990202e-05
0.281,0.1257642,-0.18109260000000002,9.8644455,-0.02447634107222285,0,-0.005036851261053239,-8.662505657255036e-05,0,-6.0157798931116725e-05
0.313,0.1257642,-0.2484873,9.8464932,-0.024951957173040995,0,-0.014863003150567001,-0.0003774778284967705,0,-6.758344509222586e-05
0.328,0.2080701,-0.2484873,9.8794548,-0.02457845076386711,0,0.02490042727825897,-0.0002489558880235821,0,-7.22816979661285e-05
0.344,0.22455090000000003,-0.24544620000000003,9.957248100000001,-0.022310779950078796,0,0.14172942586176998,-0.00012406973373514825,0,-7.526590294019834e-05
0.36,0.1317483,-0.2514303,9.957248100000001,-0.020135255708273903,0,0.13597026511280574,0.0,0,-7.625846081007952e-05
0.375,0.1317483,-0.22455090000000003,9.9363528,-0.018537923693912717,0,0.1064888009574123,-0.00025368686451836785,0,-7.816111229396728e-05
0.391,0.1122264,-0.22455090000000003,9.8524773,-0.019030480406220462,0,-0.030784794519234077,-5.423409731943399e-05,0,-8.062447998866969e-05
0.406,0.1946304,-0.205029,9.9138879,-0.017992905735455977,0,0.06917164471763228,0.0,0,-8.103123571856545e-05
0.438,0.0777933,-0.205029,9.8136297,-0.019464496113991814,0,-0.04598719932924493,-0.0004312279229731707,0,-8.793088248613618e-05
0.453,0.17510850000000003,-0.21856680000000003,9.8136297,-0.020862496619105997,0,-0.09320003367427879,-0.00023368036847140443,0,-9.291769467197049e-05
0.469,0.17510850000000003,-0.2290635,9.9693144,-0.018424987581227015,0,0.15234431486743677,-4.798024207406694e-05,0,-9.517097955633425e-05
0.485,0.2274939,-0.2290635,10.008162,-0.015074134909566439,0,0.2094282919787858,0.0,0,-9.555482149292678e-05
0.516,0.16166880000000003,-0.1946304,9.951264,-0.013241291525950771,0,0.05912398011663439,-0.0002548623317509321,0,-9.950518763506623e-05
0.531,0.17667810000000003,-0.19011780000000003,9.7297542,-0.01684985697096053,0,-0.24057102966731708,0.0,0,-0.00010141665512319822
0.547,0.16912439999999998,-0.19011780000000003,9.9363528,-0.01533637771116858,0,0.09459245373699679,-0.0002380358229348012,0,-0.00010332094170667663
0.563,0.18864630000000002,-0.2365191,9.9363528,-0.01382695677945378,0,0.09433880823217557,0.0,0,-0.00010522522829015503
0.578,0.18864630000000002,-0.19011780000000003,9.895935600000001,-0.013364063670845638,0,0.03085954057387612,-0.0001752751522370241,0,-0.00010653979193193271
0.594,0.1392039,-0.19011780000000003,9.948321,-0.011655097416783278,0,0.10681039087889745,0.0,0,-0.00010794199314982891
0.625,0.23200650000000003,-0.2274939,9.948321,-0.009926474777108396,0,0.05576202063467355,-0.0002099428099433774,0,-0.00011119610670395127
0.641,0.24544620000000003,-0.24103170000000002,9.883967400000001,-0.009793037485858136,0,0.008339830703141253,0.0,0,-0.00011287564918349829
0.656,0.08377740000000002,-0.2260224,9.9243846,-0.008751647783373784,0,0.06942598016562342,-6.784047566347692e-06,0,-0.0001129265295402459
0.672,0.1646118,-0.2290635,9.9243846,-0.0077092940180545355,0,0.06514711033245296,0.0,0,-0.00011298080192077668
0.688,0.1646118,-0.15421320000000002,9.883967400000001,-0.007713134046170467,0,-0.00024000175724570174,0.0,0,-0.00011298080192077668
0.703,0.1466595,-0.15421320000000002,9.8375661,-0.008855248937415183,0,-0.0761409927496477,0.0,0,-0.00011298080192077668
0.735,0.2200383,-0.20954160000000002,9.8375661,-0.009911222694707789,0,-0.03299917991539389,-0.00018637742498243438,0,-0.00011596284072049563
0.75,0.1497006,-0.23200650000000003,10.047107700000002,-0.005852574015404954,0,0.2705765786201887,0.0,0,-0.00011736067140786389
0.766,0.0763218,-0.23053500000000002,10.047107700000002,-0.0019138669824592114,0,0.24616918955910871,0.0,0,-0.00011736067140786389
0.797,0.0763218,-0.2230794,9.943808400000002,-0.0005941242958744652,0,0.04257234472854016,0.0,0,-0.00011736067140786389
0.797,0.0763218,-0.2230794,9.943808400000002,0.0006934295446967553,0,0.0,0.0,0,-0.00011736067140786389
0.813,0.1437165,-0.2230794,9.830012400000001,-0.00080675228694993,0,-0.0937613644779184,0.0,0,-0.00011736067140786389
0.828,0.1646118,-0.16912439999999998,9.8105886,-0.0027622129146038787,0,-0.13036404184359646,0.0,0,-0.00011736067140786389
0.844,0.1107549,-0.2529999,9.866015100000002,-0.0032930781292019873,0,-0.033179075912381756,0.0,0,-0.00011736067140786389
0.86,0.2604555,-0.2529999,9.9602892,-0.0014445156435360929,0,0.1155351553541183,-1.962819258739465e-05,0,-0.00011751769694856305
0.875,0.1332198,-0.18864630000000002,9.9602892,0.0002628778352296024,0,0.11382623191771292,0.0,0,-0.00011766490839296852
0.906,0.1332198,-0.17667810000000003,9.9887382,0.0026169830200633015,0,0.07593887693011926,0.0,0,-0.00011766490839296852
0.922,0.1661814,-0.17667810000000003,9.9392958,0.0037201613158028835,0,0.06894864348372381,0.0,0,-0.00011766490839296852
0.938,0.19011780000000003,-0.2604555,9.9392958,0.0048518078092616435,0,0.07072790584117293,0.0,0,-0.00011766490839296852
0.953,0.19011780000000003,-0.18864630000000002,9.9048627,0.005076775811856393,0,0.014997866839649973,0.0,0,-0.00011766490839296852
0.969,0.031392,-0.18864630000000002,9.9184005,0.0055831084715176615,0,0.03164579122882924,0.0,0,-0.00011766490839296852
1.0,0.04188870000000001,-0.20355750000000003,9.7821396,0.0027625292300825777,0,-0.09098642714306714,0.0,0,-0.00011766490839296852
1.016,0.04188870000000001,-0.21258269999999999,9.9363528,0.003775815244427605,0,0.06333037589656415,0.0,0,-0.00011766490839296852
1.031,0.2664396,-0.21258269999999999,10.080069300000002,0.008352575384694916,0,0.30511734268448937,6.779079610947508e-05,0,-0.00011715647742214746
1.047,0.205029,-0.21709530000000002,10.080069300000002,0.012785041263233765,0,0.27702911740867786,0.0,0,-0.00011661415105327166
1.078,0.1781496,-0.23200650000000003,9.9288972,0.013419491841224485,0,0.020466147677119892,0.00014306199241200966,0,-0.0001143966901708855
1.094,0.0239364,-0.16765290000000002,9.9288972,0.013968620922216957,0,0.034320567562029475,0.0,0,-0.00011325219423158942
1.11,0.0239364,-0.2559429,9.895935600000001,0.013746609797351539,0,-0.013875695304088597,8.38887402760894e-05,0,-0.00011258108430938071
1.125,0.2529999,-0.2559429,9.943808400000002,0.014775010690204482,0,0.06856005952352999,0.0,0,-0.00011195191875731004
1.156,0.4730382,-0.2230794,9.6804099,0.009539522568076109,0,-0.16888671361704474,0.0001746761594361066,0,-0.0001092444382860504
1.188,0.20954160000000002,-0.31284090000000003,10.060547399999999,0.013530839687662777,0,0.12472865998708327,4.380195552792891e-05,0,-0.00010574878844662582
1.203,-0.08377740000000002,-0.2499588,10.060547399999999,0.01733723858728986,0,0.25375992664180347,0.0,0,-0.00010542027378016635
1.219,-0.08377740000000002,-0.09584369999999999,9.7701714,0.013904453628525104,0,-0.21454905992279708,2.524608031659499e-05,0,-0.00010521830513763359
1.235,0.21856680000000003,-0.09584369999999999,9.746235,0.010022612892564453,0,-0.24261504599754047,0.0,0,-0.00010501633649510084
1.25,0.2694807,-0.2484873,9.746235,0.0063322607873050885,0,-0.24602347368395924,0.0,0,-0.00010501633649510084
1.266,0.2694807,-0.30685680000000004,10.0725156,0.010723757093822783,0,0.2744685191573557,0.0,0,-0.00010501633649510084
1.297,0.0329616,-0.30685680000000004,9.888480000000001,0.010435063322466576,0,-0.009312702301813176,0.0003037340245858381,0,-0.00010030845911402036
1.313,0.1362609,-0.1631403,9.851005800000001,0.009177895642153544,0,-0.0785729800195644,0.0,0,-9.787858691733366e-05
1.328,0.21552570000000001,-0.17667810000000003,9.851005800000001,0.007991592515326218,0,-0.07908687512182108,8.940885748389901e-05,0,-9.720802048620442e-05
1.344,0.16765290000000002,-0.2664396,10.036610999999999,0.011385431420890768,0,0.2121149315977842,0.0,0,-9.649274962633323e-05
1.375,0.1002582,-0.1661814,9.934881299999999,0.012141134551699295,0,0.02437752034866223,0.00010908682154877995,0,-9.480190389232715e-05
1.391,0.1287072,-0.1661814,9.8584614,0.011022920271635428,0,-0.06988839250399165,0.0,0,-9.39292093199369e-05
1.406,0.19011780000000003,-0.2290635,9.8584614,0.009986925369904753,0,-0.06906632678204543,0.0,0,-9.39292093199369e-05
1.422,0.19011780000000003,-0.20954160000000002,9.7986204,0.007506679158401752,0,-0.15501538821893743,9.192193867345842e-05,0,-9.319383381054924e-05
1.438,0.1466595,-0.20954160000000002,9.7342668,0.003499656301988452,0,-0.25043892852583105,0.0,0,-9.245845830116158e-05
1.469,0.2140542,-0.18266220000000002,9.987266700000001,0.005775825488125719,0,0.07342481245604053,0.0,0,-9.245845830116158e-05
1.485,0.19610190000000002,-0.2798793,9.987266700000001,0.008042372451203761,0,0.1416591851923775,0.0,0,-9.245845830116158e-05
1.5,0.19610190000000002,-0.1946304,9.8928945,0.007903395465746144,0,-0.009265132363841211,5.388143299510893e-05,0,-9.205434755369826e-05
1.516,0.21101310000000004,-0.2065986,9.8105886,0.005774645665885814,0,-0.1330468624912705,0.0,0,-9.162329608973739e-05
1.547,0.21101310000000004,-0.23200650000000003,9.9168309,0.006301629392201136,0,0.01699947504242979,0.0,0,-9.162329608973739e-05
1.563,0.15421320000000002,-0.23200650000000003,10.0007064,0.008835204465336588,0,0.15834844207096563,0.0,0,-9.162329608973739e-05
1.578,0.2365191,-0.23799060000000002,10.0007064,0.01134961063448614,0,0.1676270779433021,0.00012296880955748463,0,-9.070103001805625e-05
1.594,0.2365191,-0.21101310000000004,9.886910400000001,0.011013823606861095,0,-0.020986689226565308,0.0,0,-8.971727954159637e-05
1.61,0.058369500000000005,-0.20355750000000003,9.9258561,0.0115673186782832,0,0.03459344196388156,0.0,0,-8.971727954159637e-05
1.625,0.1990449,-0.145188,9.9258561,0.012126789401561311,0,0.037298048218540936,0.0001602312323682499,0,-8.85155452988345e-05
1.656,0.1990449,-0.205029,9.8615025,0.011129408117446005,0,-0.03217358981017126,2.0702293912861977e-05,0,-8.571107564147727e-05
1.672,0.1586277,-0.205029,9.8689581,0.01032026418511478,0,-0.05057149577070148,0.0,0,-8.554545729017438e-05
1.688,0.1571562,-0.2290635,9.8689581,0.009543169059799794,0,-0.048568445332186586,0.0,0,-8.554545729017438e-05
1.703,0.1571562,-0.24701580000000004,9.948321,0.010730420360491877,0,0.07915008671280485,3.259058944852719e-06,0,-8.552101434808798e-05
1.719,0.205029,-0.24701580000000004,9.891423,0.010522928932713782,0,-0.012968214236130914,0.0,0,-8.549494187652915e-05
1.735,0.1526436,-0.1915893,9.891423,0.010267447575497357,0,-0.015967584826026546,0.0,0,-8.549494187652915e-05
1.766,0.19757340000000004,-0.18864630000000002,9.9138879,0.010583927533994952,0,0.010209030919277294,0.0001628051795533169,0,-8.297146159345275e-05
1.781,0.1212516,-0.23200650000000003,9.9213435,0.011066975884812535,0,0.03220322338783908,0.0,0,-8.175042274680289e-05
1.797,0.145188,-0.1631403,9.9213435,0.011512640574629529,0,0.027854043113562075,5.82388686990766e-06,0,-8.170383165184362e-05
1.813,0.145188,-0.20208600000000002,9.934881299999999,0.012295000967394998,0,0.048897524547841756,0.0,0,-8.165724055688436e-05
1.828,0.1796211,-0.20208600000000002,9.888480000000001,0.011940685167564524,0,-0.023621053322031377,0.0,0,-8.165724055688436e-05
1.844,0.2006145,-0.2544714,9.888480000000001,0.011634333722025048,0,-0.019146965346217275,6.665281633501906e-05,0,-8.11240180262042e-05
1.875,0.2006145,-0.21101310000000004,9.8255979,0.009777477316465166,0,-0.059898593727738265,0.0,0,-8.009089937301141e-05
1.891,0.17667810000000003,-0.20355750000000003,9.8495343,0.008534466648750794,0,-0.07768816673214822,4.5031439153343095e-05,0,-7.973064785978467e-05
1.906,0.17667810000000003,-0.2140542,9.9528336,0.009845704445501369,0,0.08741585311670558,0.0,0,-7.93929120661346e-05
1.922,0.1646118,-0.2140542,9.862974000000001,0.008929032838679518,0,-0.05729197542636561,0.0,0,-7.93929120661346e-05
1.938,0.1870767,-0.18864630000000002,9.901919700000002,0.008981389846324461,0,0.0032723129778089413,0.0,0,-7.93929120661346e-05
1.953,0.1870767,-0.2649681,9.901919700000002,0.009075089281248339,0,0.006246628994925104,0.00011178759557050992,0,-7.855450509935577e-05
1.985,0.1870767,-0.2544714,9.922913099999999,0.009671566164550782,0,0.018639902603201346,0.0,0,-7.67659035702276e-05
2.0,0.20954160000000002,-0.20355750000000003,9.9048627,0.009795730759535104,0,0.008277639665621504,5.773880963393964e-05,0,-7.633286249797307e-05
2.016,0.20954160000000002,-0.19757340000000004,9.9333117,0.010607498530665893,0,0.05073548569567428,0.0,0,-7.587095202090156e-05
2.031,0.1362609,-0.19757340000000004,9.843550200000001,0.009179707161608874,0,-0.09518609127046712,0.0,0,-7.587095202090156e-05
2.063,0.1362609,-0.24701580000000004,9.843550200000001,0.007813963172324634,0,-0.04267949966513248,0.00014126741199054632,0,-7.36106734290528e-05
2.078,0.1362609,-0.2080701,9.898878600000002,0.007808625314606132,0,-0.0003558571812334397,0.0,0,-7.255116783912373e-05
2.094,0.1661814,-0.2350476,9.866015100000002,0.0070280747475290894,0,-0.04878441044231514,0.0,0,-7.255116783912373e-05
2.11,0.1661814,-0.2514303,9.866015100000002,0.006276408894146712,0,-0.046979115836398536,0.0,0,-7.255116783912373e-05
2.125,0.1661814,-0.21709530000000002,9.851005800000001,0.005157260504647709,0,-0.07460989263326624,6.93188157639725e-05,0,-7.203127672089394e-05
2.141,0.1661814,-0.21709530000000002,9.851005800000001,0.0040654084173326055,0,-0.06824075545719394,0.0,0,-7.147672619478216e-05
2.156,0.1437165,-0.21709530000000002,9.8944641,0.004051161751013055,0,-0.0009497777546367006,0.0,0,-7.147672619478216e-05
2.172,0.1631403,-0.1990449,9.8944641,0.0040353513683228925,0,-0.0009881489181351446,0.0,0,-7.147672619478216e-05
2.188,0.1631403,-0.17667810000000003,9.874942200000001,0.0035335690751310267,0,-0.03136139332449159,0.0,0,-7.147672619478216e-05
2.203,0.1930608,-0.24103170000000002,9.9124164,0.004003925955826659,0,0.03135712537970951,0.0,0,-7.147672619478216e-05
2.219,0.1930608,-0.2080701,9.891423,0.0039327828710753465,0,-0.0044464427969570465,0.0,0,-7.147672619478216e-05
2.25,0.1661814,-0.15568469999999998,9.9093753,0.004265733595321564,0,0.01074034594342631,7.631980048127679e-05,0,-7.029376928732236e-05
2.266,0.1466595,-0.15568469999999998,9.8689581,0.00359749457852665,0,-0.04176493854968207,0.0,0,-6.968321088347215e-05
2.281,0.1302768,-0.21258269999999999,9.8689581,0.002965834675288548,0,-0.04211066021587312,0.0,0,-6.968321088347215e-05
2.297,0.1302768,-0.22455090000000003,9.9124164,0.003415637407876204,0,0.028112670786728498,0.0,0,-6.968321088347215e-05
2.313,0.17510850000000003,-0.18109260000000002,9.9243846,0.004141439745151132,0,0.04536264607968295,0.0,0,-6.968321088347215e-05
2.328,0.17510850000000003,-0.19011780000000003,9.886910400000001,0.003939961144984849,0,-0.013431906677752467,0.0,0,-6.968321088347215e-05
2.36,0.1586277,-0.19011780000000003,9.8255979,0.0022416593709913,0,-0.05307193043729836,0.0,0,-6.968321088347215e-05
2.375,0.16166880000000003,-0.21552570000000001,9.8255979,0.000598775753228864,0,-0.10952557451749484,0.0,0,-6.968321088347215e-05
2.391,0.16166880000000003,-0.2499588,9.910846800000002,0.0010941435946492106,0,0.030960490088771636,0.0,0,-6.968321088347215e-05
2.406,0.1870767,-0.20208600000000002,9.839037600000001,-0.00018905264351509743,0,-0.08554641587761982,1.1102244450323512e-06,0,-6.96748842001344e-05
2.422,0.1287072,-0.20208600000000002,9.898878600000002,-4.682864988225788e-06,0,0.011523111157929467,0.0,0,-6.966600240457415e-05
2.438,0.1915893,-0.2065986,9.898878600000002,0.00020226568400261158,0,0.012934284311927323,0.0,0,-6.966600240457415e-05
2.469,0.18266220000000002,-0.24544620000000003,9.8689581,-0.00030774146688195003,0,-0.016451843576921504,0.0,0,-6.966600240457415e-05
2.469,0.18266220000000002,-0.24544620000000003,9.8689581,-0.0008053094189630627,0,0.0,0.0,0,-6.966600240457415e-05
2.485,0.1661814,-0.2006145,9.8689581,-0.0013225439414963347,0,-0.03232715765832947,0.0,0,-6.966600240457415e-05
2.5,0.1661814,-0.1946304,9.8974071,-0.0011364391329173884,0,0.012406987238596316,0.0,0,-6.966600240457415e-05
2.516,0.15421320000000002,-0.1946304,9.9048627,-0.0007778099432034224,0,0.02241432435712285,0.0,0,-6.966600240457415e-05
2.531,0.18266220000000002,-0.19011780000000003,9.9048627,-0.00041826892502250246,0,0.023969401212061134,0.0,0,-6.966600240457415e-05
2.563,0.173637,-0.21101310000000004,9.8928945,-0.0003529350758473271,0,0.0020416827867242287,0.0,0,-6.966600240457415e-05
2.578,0.21552570000000001,-0.21101310000000004,9.9153594,0.0002785623716032859,0,0.04209982983004176,0.0,0,-6.966600240457415e-05
2.594,0.1796211,-0.2365191,9.9153594,0.0008912486277328213,0,0.03829289100809593,0.0,0,-6.966600240457415e-05
2.61,0.1796211,-0.2365191,9.8824959,0.0006878030526138446,0,-0.012715348444936036,0.0,0,-6.966600240457415e-05
2.641,0.1646118,-0.2365191,9.922913099999999,0.00146831484939014,0,0.025177799896009413,0.0,0,-6.966600240457415e-05
2.656,0.18413369999999998,-0.2260224,9.922913099999999,0.0022321889784642224,0,0.05092494193827174,0.0,0,-6.966600240457415e-05
2.672,0.1062423,-0.20954160000000002,9.877983300000002,0.0018452855296597903,0,-0.024181465550276983,0.0,0,-6.966600240457415e-05
2.688,0.1930608,-0.1946304,9.877983300000002,0.0014924506352222977,0,-0.022052180902343267,0.0,0,-6.966600240457415e-05
2.703,0.1796211,-0.23053500000000002,9.888480000000001,0.001416784107394875,0,-0.005044435188494952,0.0,0,-6.966600240457415e-05
2.719,0.1796211,-0.21101310000000004,9.891423,0.0014040892638629288,0,-0.0007934277207466416,0.0,0,-6.966600240457415e-05
2.75,0.19610190000000002,-0.21101310000000004,9.9153594,0.001982903119454704,0,0.018671414696508803,0.0,0,-6.966600240457415e-05
2.766,0.21709530000000002,-0.22455090000000003,9.9153594,0.0025655125313459592,0,0.036413088243203405,0.0,0,-6.966600240457415e-05
2.781,0.21709530000000002,-0.2200383,9.862974000000001,0.00185437665591337,0,-0.04740905836217222,0.0,0,-6.966600240457415e-05
2.797,0.1646118,-0.2200383,9.922913099999999,0.0025971917372888953,0,0.046425942585970284,0.0,0,-6.966600240457415e-05
2.813,0.1930608,-0.20954160000000002,9.954305100000001,0.0040941944560177745,0,0.09356266992055487,0.0,0,-6.966600240457415e-05
2.844,0.18413369999999998,-0.20954160000000002,9.862974000000001,0.0033238557311783268,0,-0.024849636285143722,0.0,0,-6.966600240457415e-05
2.86,0.142245,-0.20208600000000002,9.862974000000001,0.0025516142548998033,0,-0.048265092267407675,0.0,0,-6.966600240457415e-05
2.875,0.18413369999999998,-0.1915893,9.843550200000001,0.001336419813215528,0,-0.08101296277895101,1.6054031532850704e-05,0,-6.954559716807776e-05
2.891,0.17510850000000003,-0.2215098,9.9243846,0.0021329226836144244,0,0.04978142939993098,0.0,0,-6.941716491581496e-05
2.906,0.1362609,-0.21258269999999999,9.9243846,0.002890380398993031,0,0.05049718102524002,0.0,0,-6.941716491581496e-05
2.938,0.1362609,-0.2200383,9.831582000000001,0.0013706241608666403,0,-0.04749238244144967,0.0,0,-6.941716491581496e-05
2.953,0.15421320000000002,-0.2200383,9.946849499999999,0.00270476633814809,0,0.08894281181876522,0.0,0,-6.941716491581496e-05
2.969,0.1661814,-0.2140542,9.946849499999999,0.004007884371670656,0,0.08144487709516028,0.0,0,-6.941716491581496e-05
2.985,0.1661814,-0.2425032,9.8674866,0.0033603081659823175,0,-0.04047351285552111,0.0,0,-6.941716491581496e-05
3.0,0.1392039,-0.2425032,9.871999200000001,0.002828368159574879,0,-0.03546266709382895,0.0,0,-6.941716491581496e-05
3.016,0.16019730000000001,-0.20208600000000002,9.8524773,0.0018189934058359114,0,-0.06308592210868541,0.0,0,-6.941716491581496e-05
3.047,0.16019730000000001,-0.2215098,9.888480000000001,0.0017221960902684685,0,-0.003122494050562659,0.0,0,-6.941716491581496e-05
3.063,0.1781496,-0.2215098,9.7956774,-0.0006272868543337751,0,-0.1468426840376401,0.0,0,-6.941716491581496e-05
3.078,0.16166880000000003,-0.2365191,9.7956774,-0.002917879677676538,0,-0.15270618822285412,0.0,0,-6.941716491581496e-05
3.094,0.16166880000000003,-0.18413369999999998,9.8944641,-0.0027713422610577965,0,0.009158588538671344,0.0,0,-6.941716491581496e-05
3.125,0.1586277,-0.23200650000000003,9.900448200000001,-0.0024591388989545493,0,0.010071076196878897,0.0,0,-6.941716491581496e-05
3.141,0.1586277,-0.20355750000000003,9.8794548,-0.0026816678691652385,0,-0.013908060638168062,0.0,0,-6.941716491581496e-05
3.156,0.11978010000000001,-0.20355750000000003,9.9423369,-0.0013788412217472512,0,0.0868551098278651,0.0,0,-6.941716491581496e-05
3.172,0.15421320000000002,-0.19011780000000003,9.9423369,-0.00010270989093008609,0,0.07975820817607275,0.0,0,-6.941716491581496e-05
3.188,0.16765290000000002,-0.20355750000000003,9.948321,0.0012999904543828933,0,0.08766877158206113,0.0,0,-6.941716491581496e-05
3.203,0.16765290000000002,-0.2290635,9.8689581,0.0007471133428360588,0,-0.03685847410312309,0.0,0,-6.941716491581496e-05
3.219,0.1332198,-0.2290635,9.931840200000002,0.0017280848009235683,0,0.06131071613046929,0.0,0,-6.941716491581496e-05
3.235,0.17667810000000003,-0.2290635,9.931840200000002,0.0027016603392109317,0,0.06084847114296016,0.0,0,-6.941716491581496e-05
3.266,0.17667810000000003,-0.2215098,9.8824959,0.0024442851676376165,0,-0.008302424889461745,0.0,0,-6.941716491581496e-05
3.281,0.17667810000000003,-0.24397470000000002,9.8734707,0.001986061390509164,0,-0.03054825180856325,0.0,0,-6.941716491581496e-05
3.297,0.17667810000000003,-0.21552570000000001,9.9288972,0.0028742052765302617,0,0.05550899287631856,0.0,0,-6.941716491581496e-05
3.313,0.1466595,-0.21552570000000001,9.8584614,0.0020114197234821773,0,-0.053924097065505223,0.0,0,-6.941716491581496e-05
3.328,0.1646118,-0.2274939,9.8584614,0.0011831440190057663,0,-0.055218380298428585,0.0,0,-6.941716491581496e-05
3.36,0.18266220000000002,-0.21101310000000004,9.907903800000001,0.0015793165968176481,0,0.012380393056621298,4.2792359699301424e-05,0,-6.873248716062613e-05
3.375,0.1990449,-0.21101310000000004,9.8928945,0.0016075967753845788,0,0.0018853452377953616,0.0,0,-6.841154446288138e-05
3.391,0.18266220000000002,-0.21856680000000003,9.8928945,0.0016314801649901511,0,0.0014927118503482704,0.0,0,-6.841154446288138e-05
3.406,0.18266220000000002,-0.20208600000000002,9.8644455,0.0009526239910826462,0,-0.045257078260499954,0.0,0,-6.841154446288138e-05
3.438,0.1287072,-0.20208600000000002,9.888480000000001,0.0008555979437403494,0,-0.0030320639794467726,0.0,0,-6.841154446288138e-05
3.453,0.16912439999999998,-0.19757340000000004,9.888480000000001,0.0007735556123300569,0,-0.005469488760686283,0.0,0,-6.841154446288138e-05
3.485,0.1511721,-0.2080701,9.8615025,3.390998020691427e-05,0,-0.023113926003848186,0.0,0,-6.841154446288138e-05
3.516,0.1721655,-0.2425032,9.9048627,0.0003969611453236155,0,0.01171132790699031,0.0,0,-6.841154446288138e-05
3.531,0.1721655,-0.2350476,9.862974000000001,-0.0002744563608203521,0,-0.04476116707626413,0.0,0,-6.841154446288138e-05
3.547,0.16765290000000002,-0.2350476,9.9064323,0.0001281136236794822,0,0.02516062403123962,0.0,0,-6.841154446288138e-05
3.563,0.1377324,-0.1990449,9.9064323,0.0004903884078988341,0,0.022642174013709472,0.0,0,-6.841154446288138e-05
3.578,0.1946304,-0.20208600000000002,9.889951500000002,0.0004667906728705873,0,-0.001573182335216487,0.0,0,-6.841154446288138e-05
3.61,0.16019730000000001,-0.2200383,9.889951500000002,0.00043804957526560884,0,-0.0008981593001555758,0.0,0,-6.841154446288138e-05
3.625,0.16019730000000001,-0.2290635,9.886910400000001,0.00034086195244142914,0,-0.006479174854945259,0.0,0,-6.841154446288138e-05
3.641,0.1497006,-0.2290635,9.8854389,0.00020615749248698023,0,-0.00841902874715305,0.0,0,-6.841154446288138e-05
3.656,0.17667810000000003,-0.2080701,9.8644455,-0.0004375589238030386,0,-0.042914427752667565,0.0,0,-6.841154446288138e-05
3.672,0.16912439999999998,-0.2604555,9.9033912,-8.904658450425984e-05,0,0.021782021206173653,0.0,0,-6.841154446288138e-05
3.703,0.16912439999999998,-0.2604555,9.836094600000001,-0.0013896031235915984,0,-0.04195343674475327,0.0,0,-6.841154446288138e-05
3.719,0.22455090000000003,-0.1990449,9.836094600000001,-0.002666367595512753,0,-0.0797977794950721,0.0,0,-6.841154446288138e-05
3.735,0.22455090000000003,-0.2274939,9.8974071,-0.002402311371881183,0,0.016503513976973125,0.0,0,-6.841154446288138e-05
3.75,0.1661814,-0.2274939,9.9124164,-0.0018068515689808606,0,0.039697320193354486,0.0,0,-6.841154446288138e-05
3.766,0.1571562,-0.1946304,9.9124164,-0.0012465650685644647,0,0.03501790627602472,0.0,0,-6.841154446288138e-05
3.781,0.1571562,-0.16019730000000001,9.8644455,-0.0018846919644861515,0,-0.04254179306144543,0.0,0,-6.841154446288138e-05
3.813,0.1526436,-0.17667810000000003,9.922913099999999,-0.0010764786550634398,0,0.02525666591945972,0.0,0,-6.841154446288138e-05
3.828,0.1482291,-0.24701580000000004,9.922913099999999,-0.00025299660019051373,0,0.05489880365819624,0.0,0,-6.841154446288138e-05
3.844,0.1482291,-0.20954160000000002,9.9184005,0.0004193549992024259,0,0.04202197496205869,0.0,0,-6.841154446288138e-05
3.86,0.1497006,-0.20954160000000002,9.951264,0.0018771262668160205,0,0.09111070422584958,0.0,0,-6.841154446288138e-05
3.875,0.1631403,-0.1930608,9.951264,0.0032963643039316537,0,0.09461586914104143,0.0,0,-6.841154446288138e-05
3.906,0.1631403,-0.21101310000000004,9.889951500000002,0.0031949868488627686,0,-0.0032702404860930523,0.0,0,-6.841154446288138e-05
3.922,0.1526436,-0.2065986,9.8809263,0.0028696711640439077,0,-0.020332230301178793,0.0,0,-6.841154446288138e-05
3.938,0.1526436,-0.1990449,9.827069400000001,0.0012353519587300354,0,-0.10214495033211692,0.0,0,-6.841154446288138e-05
3.953,0.1511721,-0.1990449,9.8734707,0.0007717144424965738,0,-0.0309091677488981,0.0,0,-6.841154446288138e-05
3.969,0.20208600000000002,-0.2260224,9.958817699999999,0.0024364111422094936,0,0.10404354373205739,0.0,0,-6.841154446288138e-05
4.0,0.1586277,-0.1990449,9.958817699999999,0.004027280188442006,0,0.05131835633008082,0.0,0,-6.841154446288138e-05
4.016,0.1586277,-0.1856052,9.9064323,0.004295712254473116,0,0.01677700412694437,0.0,0,-6.841154446288138e-05
4.031,0.18413369999999998,-0.1946304,9.886910400000001,0.004096609457253209,0,-0.0132735198146608,0.0,0,-6.841154446288138e-05
4.047,0.18413369999999998,-0.2065986,9.877983300000002,0.003690634825497696,0,-0.025373414484719505,4.381801407995177e-05,0,-6.806100035024177e-05
4.063,0.1571562,-0.2065986,9.919872000000002,0.004304523795992665,0,0.03836806065593553,0.0,0,-6.771045623760216e-05
4.078,0.1631403,-0.173637,9.919872000000002,0.004890392464126592,0,0.03905791120892695,0.0,0,-6.771045623760216e-05
4.11,0.1631403,-0.20208600000000002,9.9168309,0.005400960343571626,0,0.015955246232657302,0.0,0,-6.771045623760216e-05
4.125,0.12272310000000002,-0.20355750000000003,9.886910400000001,0.005156047333125358,0,-0.016327534029751564,0.0,0,-6.771045623760216e-05
4.141,0.145188,-0.21101310000000004,9.8764137,0.004672409369538499,0,-0.03022737272417861,0.0,0,-6.771045623760216e-05
4.156,0.145188,-0.20355750000000003,9.951264,0.0060217889181828355,0,0.089958636576291,7.941449828038731e-05,0,-6.711484750049926e-05
4.188,0.1915893,-0.20355750000000003,9.9064323,0.006264377523674369,0,0.007580893921610425,0.0,0,-6.584421552801305e-05
4.203,0.2006145,-0.1856052,9.9064323,0.006496808055771908,0,0.015495368806501972,0.0,0,-6.584421552801305e-05
4.219,0.2006145,-0.21101310000000004,9.851005800000001,0.005384690834466355,0,-0.06950732633159701,0.0,0,-6.584421552801305e-05
4.235,0.1257642,-0.16765290000000002,9.8285409,0.003701346251386184,0,-0.10520903644251058,3.944234100468e-05,0,-6.552867679997561e-05
4.25,0.1257642,-0.18266220000000002,9.883967400000001,0.003417105093815209,0,-0.018949410504732048,0.0,0,-6.523285924244052e-05
4.281,0.1781496,-0.1930608,9.8255979,0.0017411123651633886,0,-0.0540642815694141,0.0,0,-6.523285924244052e-05
4.297,0.173637,-0.1930608,9.8944641,0.0017831091858955261,0,0.002624801295758592,0.0,0,-6.523285924244052e-05
4.313,0.1511721,-0.2080701,9.8944641,0.0018225093994814756,0,0.00246251334912184,0.0,0,-6.523285924244052e-05
4.328,0.1511721,-0.24103170000000002,9.8824959,0.001587400348693535,0,-0.015673936719195442,0.0,0,-6.523285924244052e-05
4.344,0.1915893,-0.2200383,9.874942200000001,0.001179017993642617,0,-0.025523897190682352,0.0,0,-6.523285924244052e-05
4.375,0.1915893,-0.20355750000000003,9.855518400000001,0.0002984171739921493,0,-0.028406478053241174,0.0,0,-6.523285924244052e-05
4.391,0.1915893,-0.20355750000000003,9.9633303,0.0020678072891211485,0,0.11058688219556236,0.0,0,-6.523285924244052e-05
4.406,0.1856052,-0.19757340000000004,9.9633303,0.003788342846558379,0,0.11470237049581782,0.0,0,-6.523285924244052e-05
4.422,0.1856052,-0.23347800000000002,9.9258561,0.004572255845213036,0,0.048994562415916,0.0,0,-6.523285924244052e-05
4.453,0.1586277,-0.1856052,9.951264,0.005920521464188866,0,0.04349243932180016,9.280149230009305e-05,0,-6.379443611178905e-05
4.469,0.173637,-0.21101310000000004,9.951264,0.007254357368239539,0,0.083364744003167,0.0,0,-6.30520241733883e-05
4.485,0.173637,-0.16912439999999998,9.9722574,0.009048035934378973,0,0.11210491038371452,0.0,0,-6.30520241733883e-05
4.5,0.1482291,-0.16912439999999998,10.1518785,0.015167876688410686,0,0.40798938360212295,1.0239014051387219e-05,0,-6.297523156800289e-05
4.531,0.1930608,-0.2260224,10.1518785,0.02118382603956981,0,0.19406288229545746,7.369040633507795e-05,0,-6.16743255520127e-05
4.547,0.1317483,-0.18864630000000002,10.214760600000002,0.02854383671424543,0,0.46000066716722593,0.0,0,-6.108480230133207e-05
4.563,0.16019730000000001,-0.205029,10.214760600000002,0.035741945462122615,0,0.4498817967423237,0.0004857979657765447,0,-5.719841857511971e-05
4.578,0.16019730000000001,-0.1915893,10.003649400000002,0.03761064572162809,0,0.12458001730036018,0.0005359423996546954,0,-4.953536583438512e-05
4.594,0.1287072,-0.2200383,9.854046900000002,0.0357893126613682,0,-0.11383331626624295,0.000623142066718665,0,-4.026269010339823e-05
4.61,0.1930608,-0.2200383,9.877983300000002,0.03462157663098253,0,-0.07298350189910423,0.000686429181057473,0,-2.9786120121189114e-05
4.641,0.1631403,-0.2274939,9.877983300000002,0.03347328731651089,0,-0.03704159078940811,0.001241899572243607,0,1.0297555497732922e-07
4.656,0.1362609,-0.2065986,10.0141461,0.03565189507330757,0,0.14524051711978175,0.0012603384401672349,0,1.8869760648058244e-05
4.672,0.13469129999999999,-0.2080701,10.0141461,0.03777759115406454,0,0.13285600504731032,0.001347774329986214,0,3.973466280928585e-05
4.688,0.13469129999999999,-0.2200383,10.0545633,0.040843138277185886,1,0.1915966951950841,0.001976740165436216,0,6.633077877266532e-05
4.719,0.19610190000000002,-0.2200383,10.104005700000002,0.045063942527709955,1,0.13615497582335448,0.0033082999179121263,0,0.00014824890006456617
4.735,0.1631403,-0.205029,10.104005700000002,0.049159816508122844,1,0.2559921237758054,0.004062089990198789,0,0.00020721201932945353
4.75,0.1631403,-0.2230794,10.210248,0.055755431521758325,1,0.4397076675757081,0.004848954350422881,0,0.00027404485188411466
4.766,0.1482291,-0.21709530000000002,10.15335,0.060794195518251826,1,0.3149227497808435,0.005781351366742963,0,0.0003590872976214415
4.781,0.1437165,-0.2394621,10.15335,0.06572074190159505,1,0.3284364255562218,0.006730213397391795,0,0.0004529240333524502
4.797,0.1437165,-0.20954160000000002,10.232712900000001,0.07244607754799937,1,0.4203334779002695,0.007835547952988551,0,0.0005694501241554931
4.828,0.1257642,-0.20954160000000002,10.3869261,0.08276185798097835,1,0.33276711074125126,0.01024127095368775,0,0.0008496408172089811
4.844,0.18109260000000002,-0.23053500000000002,10.3869261,0.09285680411481856,1,0.6309341333650126,0.011646220250454128,0,0.0010247407468421163
4.86,0.18109260000000002,-0.2260224,10.5216174,0.10598700774837866,1,0.8206377270975055,0.013236970745359705,0,0.001223806274808627
4.875,0.1796211,-0.2080701,10.404878400000001,0.11594100767418603,1,0.6635999950538386,0.014901430861028908,0,0.0014348442868565372
4.891,0.17510850000000003,-0.2006145,10.503665100000001,0.12805543197549696,1,0.7571515188319327,0.01685340237822637,0,0.0016888829527705797
4.922,0.17510850000000003,-0.19610190000000002,10.5560505,0.1411495992850753,1,0.4223924938573704,0.021026080362765202,0,0.0022760149352559433
4.938,0.1721655,-0.19610190000000002,10.572531300000001,0.15432506445642424,1,0.8234665732093075,0.0233898776726972,0,0.002631342599539643
4.953,0.1526436,-0.18864630000000002,10.572531300000001,0.16716855702421007,1,0.8562328378523563,0.025801079833802046,0,0.003000274780838401
4.969,0.15421320000000002,-0.20355750000000003,10.675830600000001,0.18222486052822084,1,0.9410189690006723,0.028596227174221493,0,0.0034354532369025898
5.0,0.1511721,-0.1915893,10.675830600000001,0.1969074757989695,1,0.47363275066931615,0.03447277838729289,0,0.004413022823106053
5.016,0.1511721,-0.2200383,10.653365700000002,0.21069759878441907,1,0.8618826865905974,0.03773361898396,0,0.004990674002076077
5.031,0.1272357,-0.2200383,10.7356716,0.22615064531168905,1,1.0302031018180204,0.04100998081468074,0,0.00558125100056587
5.047,0.1466595,-0.2274939,10.7356716,0.24123661885986714,1,0.9428733467611297,0.04474907892805319,0,0.006267323478507742
5.063,0.1032993,-0.21552570000000001,10.7206623,0.2555703227369204,1,0.8958564923158266,0.0487235344608275,0,0.007015104385618788
5.094,0.1631403,-0.17069399999999998,10.654837200000001,0.26794776645909124,1,0.3992723781345366,0.05683806484336583,0,0.008651309174833815
5.11,0.113796,-0.23200650000000003,10.654837200000001,0.28003593709927443,1,0.7555106650114489,0.06122193447183276,0,0.009595789169355405
5.125,0.113796,-0.2006145,10.7387127,0.2938590028177739,1,0.9215377145666497,0.06552614652121053,0,0.01054639977680321
5.141,0.0868185,-0.2006145,10.7237034,0.30697277129938705,1,0.819610530100822,0.07033280071414783,0,0.011633271354686078
5.156,0.142245,-0.2006145,10.7237034,0.3197811266270634,1,0.8538903551784398,0.0750334549485961,0,0.012723518272156634
5.188,0.142245,-0.19757340000000004,10.653365700000002,0.33056059749774214,1,0.3368584647087111,0.085438922534593,0,0.015291076311887662
5.203,0.1721655,-0.1930608,10.731159000000002,0.3429827454056493,1,0.8281431938604479,0.09049049760636863,0,0.016610546962944926
5.219,0.18413369999999998,-0.1946304,10.7641206,0.35591114173232086,1,0.8080247704169701,0.0960816487034724,0,0.018103124133423656
5.235,0.18413369999999998,-0.20954160000000002,10.7476398,0.36812920138866545,1,0.7636287285215364,0.10187397144844029,0,0.01968676909463896
5.25,0.1406754,-0.20954160000000002,10.8150345,0.38167657072183303,1,0.9031579555445246,0.10749751473926891,1,0.021257055241046745
5.266,0.12272310000000002,-0.18413369999999998,10.8150345,0.39487690953370524,1,0.8250211757420126,0.11370994258131323,1,0.023026714899611403
5.281,0.12272310000000002,-0.23053500000000002,10.8030663,0.4074851577805134,1,0.8405498831205628,0.11972765808616975,1,0.024777496904617488
5.313,0.142245,-0.24544620000000003,10.749111300000001,0.41848421475893893,1,0.34372053057579705,0.132943168046801,1,0.028820230122745025
5.328,0.142245,-0.2215098,10.575474300000002,0.4249685668358705,1,0.4322901384620865,0.13926906390876231,1,0.030861821862411827
5.344,0.2274939,-0.2215098,10.527601500000001,0.4301639963610313,1,0.3247143453225518,0.14611012441433754,1,0.033144855368996626
5.375,0.17667810000000003,-0.2006145,10.527601500000001,0.4351987122840999,1,0.16241019106673027,0.15952324639833695,1,0.03788217261659303
5.391,0.15421320000000002,-0.1856052,10.4962095,0.43932985191937846,1,0.25819622720490965,0.16651947491196478,1,0.040490514387075446
5.406,0.15421320000000002,-0.20954160000000002,10.4572638,0.44242161587635387,1,0.20611759713169858,0.17313261092043264,1,0.04303790503081837
5.422,0.1497006,-0.21101310000000004,10.4273433,0.44470754915386834,1,0.14287082984465446,0.18022964424067442,1,0.04586480307210723
5.438,0.1497006,-0.21101310000000004,10.385356500000002,0.445913976018268,1,0.07540167902497778,0.1873546164420515,1,0.04880547715756904
5.469,0.173637,-0.21101310000000004,10.2581208,0.44399784041716117,1,-0.06181082584215421,0.20114824959680092,1,0.054827271581171365
5.485,0.2140542,-0.19610190000000002,10.2581208,0.4421398468513136,1,-0.11612459786547448,0.20823735109494873,1,0.05810235638670536
5.5,0.2140542,-0.1646118,10.349451900000002,0.44254049470185386,1,0.026709856702685972,0.21487245365659735,1,0.06127567992234189
5.516,0.15568469999999998,-0.24103170000000002,10.1308851,0.437613658194703,1,-0.3079272816969289,0.2219136868797698,1,0.06476996904663283
5.531,0.1377324,-0.1990449,10.1308851,0.4327784151288725,1,-0.32234953772204,0.22844162742969648,1,0.06814763390395376
5.547,0.1377324,-0.2260224,10.112932800000001,0.4276371929314866,1,-0.3213263873366176,0.23532495229417932,1,0.07185776654174476
5.578,0.1661814,-0.2260224,10.1683593,0.4239831376431944,1,-0.11787275123523046,0.24852506741808716,1,0.07935744184728503
5.594,0.1437165,-0.15568469999999998,10.1683593,0.4203776684703957,1,-0.22534182329991806,0.25527995386699587,1,0.08338788201756571
5.61,0.1437165,-0.2575125,10.1848401,0.41731238491538214,1,-0.19158022218834764,0.2619814742940821,1,0.08752597344285434
5.625,0.20355750000000003,-0.2575125,10.0380825,0.4107691667943687,1,-0.4362145414009052,0.2681920859319051,1,0.09150227514454916
5.641,-0.3562992,-0.6271533,10.0904679,0.4061603514682499,1,-0.2880509578824239,0.27472752207800605,1,0.09584563200862845
5.656,-0.23799060000000002,-0.6271533,10.1997513,0.40423881455535415,1,-0.1281024608597201,0.28080551582318297,1,0.10001212979288727
5.688,0.8876088000000001,-0.2664396,9.9528336,0.3968544131486542,1,-0.23076254395937282,0.2936230074664471,1,0.10920298616552136
5.703,-0.1406754,-0.1332198,9.9528336,0.38864605106010863,1,-0.5472241392363516,0.29951426094801303,1,0.11365151567862998
5.719,-0.1406754,-0.1392039,9.922913099999999,0.37991026639388714,1,-0.5459865416388427,0.305662711487645,1,0.11849293145811525
5.735,0.029920500000000003,-0.1392039,9.966273300000001,0.37242178975137286,1,-0.46802979015714247,0.3116813679368071,1,0.12343168409351087
5.75,0.2664396,-0.1870767,9.966273300000001,0.36522080953845304,1,-0.480065347527998,0.3172136874314807,1,0.12814839700877292
5.781,0.0868185,-0.3039138,9.843550200000001,0.35519629545980536,1,-0.32337142189186396,0.3283801525589536,1,0.13815510152862456
5.797,0.20208600000000002,-0.20355750000000003,9.843550200000001,0.3453944544279448,1,-0.6126150644912837,0.3339848785580556,1,0.14345402177756064
5.813,0.20208600000000002,-0.21856680000000003,9.8928945,0.3370425009334834,1,-0.521997093403836,0.33944437420094703,1,0.14884145579963268
5.828,0.17667810000000003,-0.347274,9.8091171,0.3269303638397627,1,-0.6741424729146891,0.3444241706867466,1,0.15397046988629057
5.844,0.11821050000000001,-0.347274,9.8091171,0.31704344487271996,1,-0.6179324354401711,0.34957596115644646,1,0.1595224709410361
5.875,0.0718092,-0.2080701,9.8091171,0.3072906490004179,1,-0.3146063184613594,0.35925313961148,1,0.17050932200293886
5.891,0.47755080000000005,-0.31136939999999996,9.740250900000001,0.2964424056879089,1,-0.6780152070318118,0.3640830040489866,1,0.1762960111522226
5.906,-0.04041720000000001,-0.0134397,9.740250900000001,0.28545445493669597,1,-0.7325300500808789,0.368447230503671,1,0.1817899879113674
5.922,-0.04041720000000001,-0.1930608,9.678840300000001,0.2732834277022782,1,-0.7606892021511096,0.3729171335647828,1,0.18772090282391504
5.938,0.11978010000000001,-0.1930608,9.895935600000001,0.2667188509910474,1,-0.4102860444519237,0.3772371517943294,1,0.19372213710678796
5.953,0.2843919,-0.24701580000000004,9.895935600000001,0.26042558116472136,1,-0.41955132175505433,0.3811907350354978,1,0.19941034625801188
5.985,0.0973152,-0.1302768,9.8076456,0.2519904682049159,1,-0.263597279993921,0.389389391825412,1,0.21173962828778645
6.0,0.20208600000000002,-0.1302768,9.8704296,0.24533094575006764,1,-0.443968163656559,0.3931193024300743,1,0.21760844349470246
6.016,0.15568469999999998,-0.2664396,9.8704296,0.23888006200146528,1,-0.4031802342876475,0.3969929904920866,1,0.22392934183807975
6.031,0.15568469999999998,-0.2575125,9.9064323,0.2334584489668714,1,-0.3614408689729327,0.40053552932434905,1,0.2299108057367029
6.063,0.1362609,-0.2575125,9.8809263,0.2275402647036877,1,-0.18494325822449015,0.407911508743078,1,0.24284595834578174
6.078,0.1287072,-0.18109260000000002,9.8809263,0.22172260281297795,1,-0.3878441260473025,0.41128098024945314,1,0.24898990201322596
6.094,0.2065986,-0.2679111,9.9273276,0.217258226799931,1,-0.2790235008154338,0.41479282688635644,1,0.25559849247031247
6.11,0.15421320000000002,-0.2230794,9.9273276,0.21285250255423982,1,-0.2753577653556991,0.4182337127211898,1,0.26226270478717284
6.125,0.15421320000000002,-0.1856052,9.9288972,0.20857369919735014,1,-0.2852535571259849,0.4213944092343267,1,0.26855991570183907
6.156,0.11673900000000001,-0.2274939,9.9842256,0.20575706505139557,1,-0.09085916599853529,0.42781653608018216,1,0.28172268535421385
6.172,0.1526436,-0.2274939,9.889951500000002,0.20072244405719708,1,-0.3146638121374054,0.4310683721530509,1,0.28859376462007974
6.188,0.18413369999999998,-0.23053500000000002,9.889951500000002,0.19582540716683994,1,-0.30606480564732114,0.4342407549628432,1,0.2955162376370069
6.203,0.11978010000000001,-0.20355750000000003,9.9363528,0.1921406853687735,1,-0.24564811987108723,0.4371505006568604,1,0.30205167205415495
6.219,0.13469129999999999,-0.22455090000000003,9.9363528,0.18856151745708338,1,-0.22369799448063146,0.44019611827946725,1,0.30907044500564557
6.25,0.13469129999999999,-0.1915893,9.901919700000002,0.18421321909783295,1,-0.14026768900807995,0.4459741266960684,1,0.3228060838027662
6.266,0.17069399999999998,-0.1915893,9.8105886,0.1777576803351586,1,-0.4034711726671466,0.4488698938915323,1,0.329964835967467
6.281,0.1362609,-0.21101310000000004,9.8105886,0.17145617729445028,1,-0.4201002027138964,0.45148899782375435,1,0.3367175276553315
6.297,0.1362609,-0.2274939,9.8794548,0.16699640427008156,1,-0.27873581402304537,0.45419661847627063,1,0.34396301258573175
6.313,0.1586277,-0.2544714,9.6594165,0.15730532664062657,1,-0.6056923518409357,0.4567910323235563,1,0.35125091379213036
6.344,0.1661814,-0.17510850000000003,9.6594165,0.1478106877690859,1,-0.3062786732754998,0.4615203305469069,1,0.3654847399166228
6.36,0.1661814,-0.2006145,9.901919700000002,0.14447233528892056,1,-0.2086470300103336,0.4638585947313709,1,0.372887771318849
6.375,0.1856052,-0.2006145,9.9633303,0.1427210713008762,1,-0.11675093253629391,0.46601254528079433,1,0.37986180486894006
6.391,0.1586277,-0.23347800000000002,9.9633303,0.1410186133125535,1,-0.10640362427016815,0.46828246275770175,1,0.387336164933248
6.406,0.1586277,-0.258984,9.9273276,0.13849534089777116,1,-0.16821816098549294,0.4703788174142791,1,0.39437612453453774
6.422,0.145188,-0.258984,9.9064323,0.13551918484689374,1,-0.18600975317983864,0.47257093362023644,1,0.4019197225428139
6.453,0.24701580000000004,-0.19757340000000004,9.954305100000001,0.1337972973278312,1,-0.05554475867943599,0.47674533909394473,1,0.416634124769884
6.469,0.24701580000000004,-0.2484873,9.8464932,0.12951730120322225,1,-0.2674997577880587,0.47885185588219314,1,0.4242789023296931
6.485,0.16019730000000001,-0.2484873,9.8225568,0.12471438160434545,1,-0.3001824749297996,0.48088570934465363,1,0.4319568028515079
6.5,0.1781496,-0.1990449,9.8225568,0.12000868414620669,1,-0.31371316387592385,0.48272113233778274,1,0.43918385416412603
6.531,0.1781496,-0.1990449,9.883967400000001,0.11691502917848062,1,-0.09979532153955153,0.48639344989431543,1,0.4542051301887234
6.547,0.23200650000000003,-0.2798793,9.8615025,0.11342425770016185,1,-0.21817321739492337,0.48823616418934457,1,0.4620021671013927
6.563,0.23200650000000003,-0.2425032,9.9392958,0.11189080556507314,1,-0.09584075844304421,0.4900386846954664,1,0.4698283658924712
6.578,0.1526436,-0.2425032,9.9258561,0.11002965655327124,1,-0.12407660078678857,0.49170308816135405,1,0.4771914291888976
6.594,0.145188,-0.2575125,9.9258561,0.10822039112358972,1,-0.11307908935509471,0.4934490885427689,1,0.48507264660253063
6.61,0.16019730000000001,-0.1990449,9.9333117,0.10660988330275245,1,-0.10065673880232931,0.4951677307381799,1,0.4929815811567782
6.641,0.1646118,-0.16912439999999998,9.8974071,0.10415142203681782,1,-0.07930520212692435,0.4984345309709435,1,0.5083824162132695
6.672,0.1930608,-0.1122264,9.8974071,0.10174573818677146,1,-0.07760270484020587,0.5016259369544093,1,0.5238833534661124
6.688,0.1930608,-0.2934171,9.803133,0.09719134347639447,1,-0.284649669398562,0.5032174336077146,1,0.5319221004306094
6.703,0.18266220000000002,-0.3338343,9.8854389,0.09478065306924677,1,-0.1607126938098404,0.504657223581807,1,0.5394811603595311
6.719,0.18266220000000002,-0.2200383,9.803133,0.09034443579916918,1,-0.27726357937984925,0.5061382242927543,1,0.5475675239425276
6.735,0.1392039,-0.2200383,9.8584614,0.08734802501610517,1,-0.1872756739415003,0.5075597639792765,1,0.5556771078487038
6.766,0.1661814,-0.2200383,9.8584614,0.08443488489001183,1,-0.09397226213204411,0.5102223990828213,1,0.5714527313761661
6.781,0.11978010000000001,-0.20954160000000002,9.845021700000002,0.08124311337427237,1,-0.2127847677159686,0.5114649840698035,1,0.5791153867498107
6.797,0.09878670000000002,-0.23347800000000002,10.003649400000002,0.08200434595209316,1,0.047577036113799445,0.5127709637444143,1,0.5873092743323244
6.813,0.2215098,-0.23053500000000002,10.003649400000002,0.08279324673893385,1,0.04930629917754277,0.5140893444859426,1,0.5955241567981673
6.828,0.2215098,-0.2754648,9.9258561,0.08169440028496489,1,-0.07325643026459457,0.5153230018386219,1,0.6032447493956018
6.86,0.19011780000000003,-0.2754648,9.856989900000002,0.07892778584848514,1,-0.08645670113999185,0.5178929568167571,1,0.6197762047340879
6.891,0.1107549,-0.17667810000000003,9.895935600000001,0.07709356439249149,1,-0.05916843406431208,0.5203112877454922,1,0.6358683705248026
6.906,0.17069399999999998,-0.17667810000000003,9.9093753,0.07565256053584513,1,-0.09606692377642613,0.5214568836824547,1,0.6436816318105121
6.922,0.1781496,-0.19610190000000002,9.9093753,0.07425881085685582,1,-0.08710935493683172,0.5226561746535963,1,0.6520345362772005
6.938,0.1631403,-0.2484873,9.871999200000001,0.07201020334451513,1,-0.1405379695212926,0.5238263267672072,1,0.660406396288567
6.953,0.1631403,-0.2679111,9.891423,0.07030233752995763,1,-0.11385772097049619,0.5248936708237658,1,0.6682717962704996
6.969,0.12272310000000002,-0.2514303,9.9064323,0.06897727527854691,1,-0.08281639071316953,0.5260079077262338,1,0.6766790088988996
6.985,0.12272310000000002,-0.2065986,9.8689581,0.06674552704901515,1,-0.1394842643457349,0.5270936901448543,1,0.6851038216818683
7.016,0.17069399999999998,-0.2065986,9.9033912,0.06542512237776066,1,-0.042593699072726025,0.5291423352109693,1,0.7014754800748835
7.047,0.17667810000000003,-0.2394621,9.907903800000001,0.0642675391619818,1,-0.03734139405738285,0.5311525714648353,1,0.7179100511283583
7.063,0.1796211,-0.2394621,9.8615025,0.06200825932248577,1,-0.1412049899685018,0.532162777852711,1,0.7264165739228986
7.078,0.1466595,-0.20355750000000003,9.8615025,0.05977112653701866,1,-0.14914218569780174,0.5330761232466573,1,0.7344058656811442
7.094,0.16765290000000002,-0.2230794,9.9093753,0.05877417522776618,1,-0.062309456828279985,0.5340244856607756,1,0.7429426705524037
7.11,0.16765290000000002,-0.2274939,9.9392958,0.058533459294718426,1,-0.015044745815484525,0.5349629467369555,1,0.7514945700115856
7.125,0.16166880000000003,-0.2274939,9.9184005,0.05778675723631821,1,-0.0497801372266822,0.5358353483609383,1,0.7595255572248196
7.141,0.1482291,-0.2065986,9.9184005,0.05704199975809132,1,-0.046547342389180416,0.5367539784168935,1,0.7681062718390423
7.172,0.2934171,0.17667810000000003,9.8944641,0.05579665151477187,1,-0.04017252397804734,0.5385029775116229,1,0.7847727546559342
7.203,-0.17667810000000003,-0.34580249999999996,9.851005800000001,0.05356378170214171,1,-0.07202805847193916,0.5401980642264851,1,0.8014926208028752
7.219,0.2604555,-0.34580249999999996,9.966273300000001,0.05423939190145788,1,0.042225637457260455,0.5410604896153138,1,0.8101426892336095
7.235,0.5134554,-0.43262100000000003,9.966273300000001,0.05522029064177936,1,0.06130617127009236,0.5419361670756597,1,0.8188066624871373
7.25,0.10928340000000002,-0.47156670000000006,9.8615025,0.053360483349809584,1,-0.1239871527979875,0.5427505228805967,1,0.826941812661809
7.266,0.10928340000000002,-0.2889045,9.967744800000002,0.053964420821493775,1,0.037746091980261874,0.5436091221139671,1,0.8356326898217655
7.281,0.031392,-0.2889045,9.9363528,0.05377489592795648,1,-0.012634992902486682,0.5444171669895879,1,0.8437928869900421
7.313,0.052385400000000006,-0.142245,9.895935600000001,0.05252889613948142,1,-0.03893749338984561,0.5461180276626669,1,0.8612414501044782
7.344,0.0359046,-0.142245,9.8734707,0.050763629580924174,1,-0.05694408253410356,0.5477190618113332,1,0.8781959249913255
7.375,0.2006145,-0.2065986,9.851005800000001,0.04856955253939965,1,-0.07077667875885627,0.5492587261341982,1,0.8951990807044811
7.391,0.2634966,-0.2065986,9.907903800000001,0.047852060064348834,1,-0.0448432796906761,0.5500300990350282,1,0.9039933913058349
7.406,0.0658251,-0.3876912,9.9363528,0.047897706159917064,1,0.0030430730378820845,0.5507482222817102,1,0.9122492287157102
7.422,0.0658251,-0.21552570000000001,9.9333117,0.047740689657542745,1,-0.009813531398394906,0.5515133294482498,1,0.9210673211295499
7.438,0.3547296,-0.21552570000000001,9.7582032,0.043469435747008234,2,-0.26695336940840675,0.5522430104514863,1,0.9298973718487478
7.453,0.18109260000000002,-0.0898596,9.7582032,0.039138217105064044,2,-0.28874790946293505,0.5528625678478768,1,0.9381856636859933
7.469,0.18109260000000002,-0.10477080000000001,9.740250900000001,0.034478503881736344,2,-0.29123207645798094,0.5534515016157712,1,0.9470361762417026
7.5,0.0014715,-0.10477080000000001,9.851005800000001,0.03259257546773142,2,-0.0608364004517723,0.554491103345688,1,0.964209286618605
7.516,0.0614106,-0.2575125,9.851005800000001,0.030825799314923685,2,-0.11042350955048343,0.5549984503439492,1,0.9730852030481222
7.531,0.0614106,-0.2843919,9.967744800000002,0.031966206415750875,2,0.07602714005514762,0.5554693903869293,1,0.9814137118536036
7.547,0.17069399999999998,-0.2798793,9.922913099999999,0.032013840600267685,2,0.0029771365323005812,0.5559812307630575,1,0.9903053168228035
7.578,0.21856680000000003,-0.2350476,9.922913099999999,0.032054846853943886,2,0.0013227823766516285,0.5569742954185978,1,1.0075561274786196
7.594,0.21856680000000003,-0.20355750000000003,9.8854389,0.031164297269645758,2,-0.05565934901863296,0.5574800485715865,1,1.016471762230541
7.61,0.16912439999999998,-0.20355750000000003,9.8764137,0.03005178313939716,2,-0.06953213314053736,0.5579697772148589,1,1.0253953608368327
7.625,0.1781496,-0.1107549,9.8764137,0.028934265854070773,2,-0.07450115235509398,0.5584121725823099,1,1.0337682254603113
7.641,0.1781496,-0.11526750000000001,9.886910400000001,0.028101222275486393,2,-0.052065223661523725,0.5588684564873464,1,1.0427064704928686
7.656,0.24397470000000002,-0.23200650000000003,9.9378243,0.0286138279369208,2,0.0341737107622945,0.5592938193639394,1,1.051092687561753
7.688,0.24397470000000002,-0.2679111,9.9064323,0.028370795314669905,2,-0.0075947694453404255,0.5602055733359649,1,1.0690046778449516
7.703,0.20954160000000002,-0.2679111,9.895935600000001,0.02785861250992916,2,-0.03414552031604845,0.5606272938946494,1,1.0774109243491814
7.719,0.1796211,-0.33530580000000004,9.9033912,0.02757635772646516,2,-0.017640923966499838,0.5610707736565406,1,1.086384508889591
7.735,0.1287072,-0.2260224,9.9033912,0.02720616826291611,2,-0.023136841471815807,0.5615090338644556,1,1.095365147349759
7.75,0.1287072,-0.1362609,9.895935600000001,0.02662316268787457,2,-0.03886703833610348,0.5619127538465866,1,1.1037908107575916
7.766,0.10928340000000002,-0.1362609,9.8255979,0.024333396447287825,2,-0.14311039003667134,0.5623204063196678,1,1.1127846760389215
7.797,0.1796211,-0.1332198,9.845021700000002,0.022597306194683142,2,-0.05600291137434516,0.5630478322106184,1,1.1302278837361408
7.813,0.205029,-0.1332198,9.9124164,0.02255893217235716,2,-0.002398376395373878,0.5634090821175547,1,1.1392395390507661
7.828,0.1466595,-0.261927,9.9124164,0.02255879493622004,2,-9.149075808067772e-06,0.563747465070869,1,1.1476932131546795
7.844,0.1466595,-0.30685680000000004,9.9184005,0.022735952891865807,2,0.011072372227860495,0.5641098230534938,1,1.1567160714596745
7.875,0.10928340000000002,-0.30685680000000004,9.9363528,0.023334659994866058,2,0.019313132354847,0.5648239175532381,1,1.1742145444390786
7.891,0.15421320000000002,-0.2350476,9.9378243,0.023921426308726623,2,0.03667289461628528,0.5652019662436669,1,1.1832547515094538
7.906,0.15421320000000002,-0.1437165,9.866015100000002,0.02270039690899317,2,-0.08140195998223194,0.5655516299177998,1,1.1917354034806646
7.922,0.19011780000000003,-0.1437165,9.8196138,0.020393018992841405,2,-0.14421111975948517,0.5658963772450145,1,1.200786987537967
7.938,0.2140542,-0.1377324,9.8196138,0.01815183861166858,2,-0.14007377382330144,0.5662047361058506,1,1.209843796444774
7.969,0.2140542,-0.173637,9.752219100000001,0.014336078649373363,2,-0.1230890310417789,0.5667082988233968,1,1.2274039484861776
7.985,0.1032993,-0.19610190000000002,9.851005800000001,0.012988646697047912,2,-0.0842144970203406,0.5669268966261681,1,1.2364730300497742
8.0,0.1032993,-0.30685680000000004,9.895935600000001,0.012838272211441293,2,-0.010024965707108157,0.5671205985179818,1,1.244978386263355
8.016,0.17667810000000003,-0.30685680000000004,9.9273276,0.013482038578798594,2,0.0402353979598313,0.5673311610043037,1,1.2540540003395333
8.031,0.18109260000000002,-0.3248091,9.833053500000002,0.011828221992789878,2,-0.11025443906724357,0.5675209879585906,1,1.2625653914567554
8.047,0.18109260000000002,-0.30685680000000004,9.833053500000002,0.010200688148303882,2,-0.10172086528037462,0.5676972192397194,1,1.2716471371143419
8.078,0.18109260000000002,-0.2260224,9.8255979,0.008377692014835958,2,-0.058806326886064346,0.5679851841322481,1,1.2892502143666067
8.094,0.17069399999999998,-0.11978010000000001,9.919872000000002,0.008847892288370574,2,0.029387517095913446,0.5681229888066738,1,1.298339079750118
8.11,0.17069399999999998,-0.1466595,9.900448200000001,0.008841797415671593,2,-0.0003809295436862922,0.5682645063243061,1,1.3074301797111658
8.125,0.1362609,-0.1466595,9.843550200000001,0.007435364232756925,2,-0.09376221219430765,0.5683865850366694,1,1.3159550628963734
8.156,0.17667810000000003,-0.20208600000000002,9.843550200000001,0.006102840043105573,2,-0.04298465127907505,0.5685964272029452,1,1.3335782995860879
8.172,0.17667810000000003,-0.2694807,9.9258561,0.006848567146581885,2,0.046607943967269486,0.5687000384604627,1,1.3426766713113951
8.188,0.18864630000000002,-0.2694807,9.946849499999999,0.008093228555503984,2,0.0777913380576311,0.5688195728260794,1,1.3517768282016875
8.203,0.11526750000000001,-0.29783160000000003,9.979713000000002,0.010101051502408254,2,0.1338548631269621,0.5689560299265137,1,1.3603101452223314
8.219,0.1257642,-0.23053500000000002,9.9288972,0.010780582790983928,2,0.04247070553597961,0.5691230830008609,1,1.3694147781257504
8.25,0.1362609,-0.23053500000000002,9.8689581,0.009985522507987454,2,-0.02564710590311157,0.569444957632995,1,1.3870625827555756
8.266,0.173637,-0.20355750000000003,9.8689581,0.009209695882049118,2,-0.04848916412114597,0.5695985193801153,1,1.3961749305716804
8.281,0.173637,-0.13469129999999999,9.8734707,0.008534052457813246,2,-0.04504289494905644,0.5697315974926642,1,1.4047199064482265
8.297,0.1362609,-0.13469129999999999,9.806076000000001,0.006217123260991997,2,-0.14480807480132793,0.5698496068984147,1,1.4138365560833552
8.313,0.1406754,-0.16912439999999998,9.806076000000001,0.0039712316971058925,2,-0.1403682227428814,0.5699311137380795,1,1.4229548018484472
8.328,0.173637,-0.18864630000000002,9.8854389,0.003736706322126082,2,-0.015635024998655288,0.5699889232732237,1,1.4315042021260314
8.36,0.11673900000000001,-0.2604555,9.866015100000002,0.0030537428455126303,2,-0.02134260864417035,0.570097570459906,1,1.4497455860257615
8.375,0.1721655,-0.2274939,9.866015100000002,0.0023873497501529783,2,-0.04442620635730845,0.5701383786543734,1,1.458297355644119
8.391,0.1721655,-0.2994012,9.8809263,0.002147483404318251,2,-0.014991646614670437,0.5701746573196093,1,1.4674198599319108
8.406,0.1796211,-0.2994012,9.8809263,0.0019167025170947483,2,-0.015385392481566276,0.5702051387140199,1,1.4759727084021634
8.438,0.145188,-0.21258269999999999,9.8704296,0.0013669895833370305,2,-0.017178529179928667,0.5702576777876268,1,1.4942201134661899
8.453,0.12272310000000002,-0.21258269999999999,9.8928945,0.0013710060163081295,2,0.00026776219807328775,0.5702782127546242,1,1.5027741326452562
8.485,0.1586277,-0.17510850000000003,9.8809263,0.001077645332525634,2,-0.009167521368202971,0.5703173911762055,1,1.5210236623081494
8.5,0.1511721,-0.17510850000000003,9.8644455,0.00038672945478523957,2,-0.04606105851602456,0.5703283739871103,1,1.5295785055468747
8.516,0.1332198,-0.19011780000000003,9.888480000000001,0.00029917571430715384,2,-0.005472108779880353,0.5703338612284631,1,1.5387038034285994
8.531,0.1631403,-0.2544714,9.888480000000001,0.0002599607965336759,2,-0.0026143278515650984,0.5703380547522944,1,1.5472588427984553
8.547,0.1631403,-0.2575125,9.891423,0.0002953680372463907,2,0.002212952544544675,0.5703424973829646,1,1.5563842872155373
8.563,0.16166880000000003,-0.2575125,9.8734707,-0.00010833118492925564,2,-0.025231201385977876,0.5703439936777831,1,1.5655097791440233
8.578,0.1511721,-0.2694807,9.8734707,-0.0004984516054218346,2,-0.026008028032840694,0.5703394428068554,1,1.5740649049176574
8.61,0.1511721,-0.19757340000000004,9.855518400000001,-0.0013582436590233726,2,-0.026868501675048038,0.5703097356826243,1,1.592315291773489
8.625,0.1946304,-0.21552570000000001,9.8689581,-0.0018416480059375573,2,-0.03222695646094442,0.5702857364951371,1,1.6008697578148225
8.641,0.1946304,-0.173637,9.855518400000001,-0.0026610809831115745,2,-0.051214561073376026,0.5702497146632247,1,1.6099940414240894
8.656,0.1317483,-0.173637,9.821085300000002,-0.004325541348453754,2,-0.11096402435614111,0.570197314995738,1,1.618547394146532
8.688,0.11821050000000001,-0.21856680000000003,9.886910400000001,-0.004326750679483737,2,-3.779159468697554e-05,0.570058878323291,1,1.6367914932396366
8.703,0.1302768,-0.18266220000000002,9.886910400000001,-0.0043419973715383975,2,-0.001016446136977423,0.5699938627129084,1,1.6453418887974074
8.719,0.13469129999999999,-0.205029,9.9333117,-0.0032133445460296173,2,0.0705408015942987,0.5699334199775679,1,1.6544613070589311
8.735,0.18266220000000002,-0.2365191,9.9333117,-0.002076472787512884,2,0.07105448490729575,0.5698911014388995,1,1.663579903230263
8.766,0.18266220000000002,-0.2200383,9.8944641,-0.0019236718258106578,2,0.004929063280716886,0.569829099197393,1,1.6812455663401258
8.781,0.12272310000000002,-0.2200383,9.855518400000001,-0.0027467361383415323,2,-0.05487095416872289,0.5697940711376619,1,1.689792740117639
8.797,0.145188,-0.2963601,9.855518400000001,-0.003493534699135381,2,-0.046674910049615506,0.569744148970962,1,1.6989090458785079
8.813,0.145188,-0.21709530000000002,9.851005800000001,-0.004382480959602475,2,-0.05555914127919332,0.5696811408456921,1,1.708024448197041
8.828,0.10477080000000001,-0.23347800000000002,9.9722574,-0.0022967421204818095,2,0.1390492559413889,0.5696310466725915,1,1.7165692896034275
8.844,0.1332198,-0.1946304,9.9722574,-0.000273929608429313,2,0.12642578200328092,0.5696104812987601,1,1.7256832218271982
8.86,0.1332198,-0.2394621,9.9258561,0.0005920272812325322,2,0.05412230560386528,0.5696130260801425,1,1.7347970098862295
8.891,0.1511721,-0.2394621,9.999234900000001,0.003232137729666462,2,0.08516485317528646,0.5696723006378115,1,1.7524559324503581
8.906,0.18109260000000002,-0.16019730000000001,9.999234900000001,0.005781353378077725,2,0.16994770989407773,0.5697399018211196,1,1.7610015239688004
8.922,0.18109260000000002,-0.1781496,9.9288972,0.0065608023853478414,2,0.048715562954382244,0.569838639067227,1,1.770118152295907
8.938,0.1392039,-0.2649681,9.9288972,0.007352000893126487,2,0.0494499067361653,0.5699499414934548,1,1.7792364609403926
8.969,0.1392039,-0.2394621,9.8734707,0.006756768753303888,2,-0.019201036768471676,0.5701686274229745,1,1.7969082987585965
8.985,0.1317483,-0.2394621,9.883967400000001,0.006429479463053056,2,-0.020455580640676967,0.5702741174087054,1,1.80603184071725
9.0,0.1287072,-0.2484873,9.843550200000001,0.005129238523926105,2,-0.08668272927512678,0.5703608077936078,1,1.8145866026562676
9.016,0.1571562,-0.2006145,9.843550200000001,0.0038441563025113368,2,-0.08031763883842295,0.5704325949522192,1,1.8237129498782343
9.031,0.1571562,-0.2484873,9.843550200000001,0.0026170430911722775,2,-0.08180754742260085,0.5704810539476718,1,1.8322698022449837
9.047,0.1571562,-0.2080701,9.9093753,0.003001938527743775,2,0.024055964785718566,0.5705260058006231,1,1.84139785872297
9.078,0.1571562,-0.18266220000000002,9.907903800000001,0.0033293528960527397,2,0.010561753816418624,0.5706241408176919,1,1.8590856859955531
9.094,0.11673900000000001,-0.18266220000000002,9.9243846,0.004037034323541633,2,0.04423008921805578,0.5706830719154486,1,1.8682161436974183
9.11,0.1377324,-0.21552570000000001,9.9243846,0.004750093250635246,2,0.044566182943350754,0.5707533689360421,1,1.8773476352242302
9.125,0.1377324,-0.2544714,9.9707859,0.006599505001888772,2,0.12329411675023046,0.570838490922936,1,1.8859095741731728
9.156,0.1796211,-0.2738952,9.9392958,0.007664970989019082,2,0.034369870552589984,0.5710595903007951,1,1.903608994432141
9.172,0.18413369999999998,-0.2200383,9.9033912,0.007798483465624173,2,0.008344529787818182,0.5711832979364323,1,1.9127469375380388
9.188,0.18413369999999998,-0.1721655,9.9213435,0.008343346784679184,2,0.03405395744093817,0.5713124325784348,1,1.9218869033821577
9.203,0.18413369999999998,-0.1721655,9.8120601,0.006210341507935979,2,-0.14220035178289178,0.5714215852406294,1,1.9304574085158
9.219,0.145188,-0.16019730000000001,9.8120601,0.004108482214752129,2,-0.1313662058239905,0.5715041358304108,1,1.9396008142843684
9.25,0.145188,-0.1631403,9.854046900000002,0.0030828859974274536,2,-0.03308374894595666,0.5716156020376996,1,1.9573191702213244
9.266,0.145188,-0.15421320000000002,9.8196138,0.001239161956331003,2,-0.11523275256852807,0.5716501784213296,1,1.9664652964649967
9.281,0.145188,-0.2006145,9.8928945,0.0012476188843315583,2,0.0005637952000369992,0.5716688292776345,1,1.9750401890227391
9.297,0.173637,-0.2006145,9.943808400000002,0.0025084051830610576,2,0.07879914367059364,0.5716988774701737,1,1.9841871306767216
9.313,0.1392039,-0.2769363,9.9378243,0.0036240330576298163,2,0.06972674216054736,0.5717479369760992,1,1.9933347051922918
9.344,0.1287072,-0.2843919,9.9378243,0.0047141343609844455,2,0.03516455817273133,0.5718771785710877,1,2.0110608944832724
9.36,0.1287072,-0.2858634,9.931840200000002,0.005632796005793139,2,0.05741635280054331,0.5719599540140219,1,2.020211591543953
9.375,0.145188,-0.24544620000000003,9.839037600000001,0.004245699039904238,2,-0.09247313105925656,0.5720340427268646,1,2.02879154651951
9.391,0.145188,-0.21101310000000004,9.8196138,0.0023993696214201776,2,-0.11539558865525369,0.5720872032761553,1,2.037944516487534
9.422,0.1721655,-0.21101310000000004,9.8824959,0.002141825309575296,2,-0.008307881027254093,0.5721575917975856,1,2.0556803108111774
9.438,0.1497006,-0.1406754,9.8809263,0.0018128511797268487,2,-0.020560883115527933,0.5721892292095,1,2.0648350853792343
9.453,0.1302768,-0.1406754,9.9363528,0.0028368030985426174,2,0.06826346125439008,0.572224101616587,1,2.0734181853604294
9.485,0.1437165,-0.19610190000000002,9.9378243,0.0038990826130671508,2,0.03319623482889164,0.5723318757879727,1,2.0917310809989025
9.5,0.1317483,-0.23200650000000003,9.9168309,0.004438415474330881,2,0.035955524084247334,0.5723944070236282,1,2.10031652811999
9.516,0.13469129999999999,-0.23200650000000003,9.883967400000001,0.004164303126238167,2,-0.017132021755794632,0.5724632287724327,1,2.1094753892063585
9.547,0.15421320000000002,-0.21552570000000001,9.883967400000001,0.0038947356381999754,2,-0.00869572542058666,0.5725881438732815,1,2.127223685482367
9.563,0.15421320000000002,-0.2709522,9.949792500000001,0.0052696948358512685,2,0.08593494985320575,0.5726614593170739,1,2.13638568230789
9.578,0.142245,-0.23799060000000002,9.886910400000001,0.005053108542441009,2,-0.014439086227351773,0.572738880342411,1,2.1449761848553353
9.61,0.142245,-0.23200650000000003,9.889951500000002,0.004912482154754372,2,-0.004394574615207421,0.5728983297935661,1,2.1633063802175108
9.625,0.13469129999999999,-0.23200650000000003,9.8928945,0.004844461266952038,2,-0.004534725853488736,0.5729715068692289,1,2.171900403992482
9.641,0.15568469999999998,-0.23053500000000002,9.9333117,0.005770169920452872,2,0.05785679084380208,0.5730564239187281,1,2.1810686274387856
9.656,0.13469129999999999,-0.18413369999999998,9.9333117,0.006642204107803806,2,0.05813561249006007,0.5731495167239401,1,2.1896651719936058
9.672,0.13469129999999999,-0.1631403,9.8824959,0.006244893554056219,2,-0.02483190960922419,0.5732526135052349,1,2.198836389035439
9.688,0.16019730000000001,-0.20355750000000003,9.833053500000002,0.004679340245054675,2,-0.09784708181259641,0.5733400073756278,1,2.2080091300024858
9.719,0.16019730000000001,-0.2215098,9.9258561,0.005424043728229577,2,0.024022693005642932,0.5734966098272137,1,2.2257850975691293
9.735,0.1646118,-0.2215098,9.8674866,0.004729251592294759,2,-0.04342450849592612,0.573577836189778,1,2.234961693137265
9.766,0.1272357,-0.2664396,9.8524773,0.003699097190070333,2,-0.03323078716852924,0.5737084755959047,1,2.2527446309699437
9.781,0.19610190000000002,-0.2664396,9.9153594,0.004254467416995311,2,0.03702468179499715,0.5737681273304577,1,2.2613507054918918
9.797,0.1466595,-0.2544714,9.886910400000001,0.0040742220353280345,2,-0.011265336354204781,0.5738347568460762,1,2.270531528565304
9.828,0.16912439999999998,-0.1870767,9.862974000000001,0.0032868041473026466,2,-0.025400577033078006,0.573948852751907,1,2.288322174514072
9.844,0.1781496,-0.1870767,9.8615025,0.002486587656710171,2,-0.050013530662029695,0.573995039886339,1,2.297505725655178
9.86,0.1362609,-0.173637,9.8615025,0.0016836133219921834,2,-0.05018589591987417,0.5740284014941687,1,2.3066899131862217
9.875,0.1362609,-0.18413369999999998,9.9392958,0.002801756496287666,2,0.07454287828636269,0.5740620417678057,1,2.315300591510687
9.891,0.1362609,-0.18413369999999998,9.9184005,0.0033831220018836206,2,0.03633534409974711,0.5741115207957911,1,2.3244859800111954
9.906,0.16912439999999998,-0.2499588,9.9184005,0.00399776355352266,2,0.04097610344260105,0.5741668774374566,1,2.333098067997945
9.938,0.2065986,-0.261927,9.9273276,0.004839856806583498,2,0.02631541415815117,0.5743082793632184,1,2.351473670506756
9.953,0.1526436,-0.261927,9.8974071,0.004908185500879014,2,0.004555246286368124,0.5743813896805243,1,2.360088843024583
9.985,0.11526750000000001,-0.2754648,9.8974071,0.004971475109199375,2,0.0019778002600112626,0.5745394642502856,1,2.378471576687476
10.0,0.11526750000000001,-0.21552570000000001,9.830012400000001,0.003353704395111734,2,-0.10785138093917196,0.5746019030965679,1,2.387090136942578
10.016,0.2065986,-0.2215098,9.898878600000002,0.0034939617272691237,2,0.008766083259836847,0.574656684425547,1,2.396284205642755
10.031,0.2065986,-0.1497006,9.907903800000001,0.003818025309065831,2,0.021604238786446347,0.5747115243283195,1,2.4049044672084094
10.047,0.18864630000000002,-0.1497006,9.948321,0.005110949560362954,2,0.08080776570607011,0.5747829561272749,1,2.414100423052054
10.063,0.1406754,-0.1511721,9.948321,0.006353520820461256,2,0.0776607037561438,0.5748746718903215,1,2.423297684076195
10.078,0.1406754,-0.173637,9.8524773,0.005237672215102407,2,-0.07438990702392925,0.5749616058380882,1,2.4319214561591576
10.11,0.145188,-0.2529999,9.8584614,0.004338420691375688,2,-0.028101610116459928,0.5751148233245919,1,2.4503226790257604
10.125,0.1946304,-0.2529999,9.833053500000002,0.0028624964138757036,2,-0.0983949518333286,0.5751688302028812,1,2.4589498064272166
10.156,0.1362609,-0.3098979,9.821085300000002,0.0011465950790281454,2,-0.05535165596282342,0.5752309711210213,1,2.4767810033477375
10.172,0.16166880000000003,-0.3098979,9.9408654,0.002401578448063546,2,0.07843646056471247,0.575259356509238,1,2.4859849259687796
10.188,0.1631403,-0.173637,9.862974000000001,0.0016465067194406657,2,-0.04719198303892998,0.575291741190578,1,2.495189334750378
10.203,0.1287072,-0.173637,9.8464932,0.0004955551909855416,2,-0.07673010189701446,0.5753078066549062,1,2.5038188313592182
10.219,0.1287072,-0.173637,9.8464932,-0.0006273243489705038,2,-0.07017997124725278,0.5753067525016423,1,2.5130237478324706
10.235,0.17069399999999998,-0.15568469999999998,9.8464932,-0.0017145716042836767,2,-0.06795295345707325,0.5752880173340162,1,2.522228505991156
10.25,0.17069399999999998,-0.1721655,9.871999200000001,-0.0021467009696447548,2,-0.02880862435740411,0.5752590577897118,1,2.5308576090545842
10.281,0.21258269999999999,-0.2230794,9.7926363,-0.00445834665738154,2,-0.07456921573344329,0.5751566795514929,1,2.5486890529833732
10.313,0.1437165,-0.2738952,9.8824959,-0.004522103043068881,2,-0.0019923870527294146,0.5750129923562857,1,2.567091767733898
10.328,0.1631403,-0.2738952,9.8974071,-0.004213453990168148,2,0.020576603526717224,0.5749474756785364,1,2.5757164712441583
10.344,0.1497006,-0.2858634,9.8974071,-0.003909260581547613,2,0.019012088038783386,0.5748824939619627,1,2.5849151110012825
10.36,0.1497006,-0.2559429,9.9648018,-0.0019894103064892477,2,0.11999064219114774,0.5748353045948583,1,2.594112853389737
10.375,0.21552570000000001,-0.2559429,9.9184005,-0.001218077082908664,2,0.05142221490537029,0.5748112484394379,1,2.602735202537495
10.391,0.16912439999999998,-0.1466595,9.9423369,4.2098302445836566e-05,2,0.07876096158465622,0.5748018406091941,1,2.611932107249884
10.422,0.16912439999999998,-0.16019730000000001,9.895935600000001,0.000145204747703076,2,0.003326014363136694,0.5748047438064715,1,2.629751009308327
10.438,0.11526750000000001,-0.16019730000000001,9.843550200000001,-0.0010505114648182712,2,-0.07473226328258413,0.5747975013527346,1,2.6389478272696008
10.453,0.1721655,-0.20208600000000002,9.843550200000001,-0.002178012617296332,2,-0.07516674349854345,0.5747732874221186,1,2.6475696081854116
10.469,0.1721655,-0.24397470000000002,9.9064323,-0.0017218655989061915,2,0.028509188649383763,0.5747420883963891,1,2.65676573119196
10.5,0.17510850000000003,-0.23200650000000003,9.8734707,-0.0020861906246967266,2,-0.011752420186791233,0.5746830635249233,1,2.6745818210467407
10.516,0.17510850000000003,-0.20208600000000002,9.9333117,-0.000998660745972657,2,0.06797061742025429,0.5746583847139579,1,2.6837765526326516
10.531,0.15568469999999998,-0.20208600000000002,9.910846800000002,-0.0004932849312755394,2,0.03369172097980657,0.5746471951213785,1,2.6923963444814167
10.547,0.18864630000000002,-0.19757340000000004,9.910846800000002,1.1506897367397073e-05,2,0.0315494892901835,0.5746433408971072,1,2.7015906687695646
10.563,0.18864630000000002,-0.20954160000000002,9.886910400000001,-7.359813703011753e-05,2,-0.005319064649844658,0.5746428441671899,1,2.710784958250079
10.594,0.1406754,-0.21709530000000002,9.851005800000001,-0.0010475538774414872,2,-0.031417927110045395,0.5746254663109656,1,2.72859861706249
10.61,0.1586277,-0.21709530000000002,9.895935600000001,-0.0008956625441243204,2,0.009493208332322913,0.574609920579593,1,2.737792500157614
10.625,0.15421320000000002,-0.20208600000000002,9.7911648,-0.0033114615285327886,2,-0.1610532656272251,0.5745783671490481,1,2.746411412315579
10.641,0.142245,-0.20208600000000002,9.839037600000001,-0.004505497010729442,2,-0.07462721763729079,0.574515831480734,1,2.7556041659046175
10.656,0.1661814,-0.23200650000000003,9.839037600000001,-0.005645170011174372,2,-0.07597820002965909,0.5744397014780698,1,2.764221332401809
10.672,0.1661814,-0.24544620000000003,9.8644455,-0.0061296715969145765,2,-0.030281349108762762,0.574345502745205,1,2.773411614035595
10.703,0.2709522,-0.24544620000000003,9.907903800000001,-0.00548653401469501,2,0.020746373619986803,0.5741654515582251,1,2.7912135338272974
10.719,0.050913900000000005,-0.205029,9.9048627,-0.0050427714632181875,2,0.027735159467301405,0.5740812171144017,1,2.8003995071766785
10.735,0.050913900000000005,-0.145188,9.830012400000001,-0.0064610262974902355,2,-0.08864092714200292,0.573989186732316,1,2.8095840704074524
10.75,0.1497006,-0.145188,9.8944641,-0.006248466186121959,2,0.014170674091217878,0.5738938655386889,1,2.8181931932994853
10.781,0.23347800000000002,-0.173637,9.8944641,-0.005990361814665945,2,0.008325947466322871,0.5737041637046767,1,2.8359809627527577
10.797,0.23347800000000002,-0.2290635,9.8584614,-0.00658868943261659,2,-0.03739547612191526,0.5736035312946984,1,2.8451594243127527
10.813,0.16019730000000001,-0.2290635,9.8674866,-0.006988054801054133,2,-0.024960335527346424,0.573494917340829,1,2.854336211901837
10.828,0.1781496,-0.2709522,9.7971489,-0.00905892402686348,2,-0.13805794838730087,0.5733745649996197,1,2.8629377330193897
10.844,0.1497006,-0.2709522,9.821085300000002,-0.010507363948825343,2,-0.0905274951226164,0.5732180346958142,1,2.8721104738169534
10.86,0.142245,-0.2230794,9.821085300000002,-0.011952532795422854,2,-0.09032305291234435,0.5730383555218602,1,2.8812805249386946
10.891,0.1870767,-0.1856052,9.8974071,-0.011502294966662774,2,0.014523800927744262,0.5726748056915479,1,2.899039078937503
10.906,0.1870767,-0.1915893,9.9707859,-0.009271181392401573,2,0.1487409049507411,0.572519004618855,1,2.907628032514831
10.922,0.18864630000000002,-0.1915893,9.931840200000002,-0.008043312771743416,2,0.07674178879113473,0.5723804886655418,1,2.9167872284611063
10.938,0.1272357,-0.24701580000000004,9.931840200000002,-0.006839363290104927,2,0.07524684260240548,0.572261427257047,1,2.925944363788487
10.953,0.1272357,-0.24103170000000002,9.8689581,-0.007201492013470201,2,-0.02414191489102019,0.5721561208422702,1,2.9345274953992315
10.985,0.22455090000000003,-0.23200650000000003,9.848062800000001,-0.008027145834335059,2,-0.025801681902026783,0.5719124626367053,1,2.9528325927348953
11.0,0.22455090000000003,-0.2140542,9.8734707,-0.008223174515203269,2,-0.013068578724546831,0.5717905852340837,1,2.9614103655939266
11.016,0.1406754,-0.2140542,9.895935600000001,-0.00790450251128938,2,0.01991700024461805,0.5716615638178717,1,2.9705579827863424
11.031,0.13469129999999999,-0.2215098,9.895935600000001,-0.007591632456039221,2,0.020858003683343104,0.5715453428056168,1,2.979132034586019
11.047,0.15421320000000002,-0.22455090000000003,9.889951500000002,-0.007423672830833894,2,0.010497476575332945,0.5714252203633218,1,2.98827579909137
11.078,0.1362609,-0.22455090000000003,9.9333117,-0.006209042850652935,2,0.03918161226390341,0.5712139132702587,1,3.00598670566269
11.11,0.1377324,-0.2006145,9.999234900000001,-0.003428629478548828,2,0.08688791787825326,0.5710597105129915,1,3.024263083643222
11.125,0.1317483,-0.2006145,10.012674599999999,-0.00039029392566369836,2,0.20255570352566762,0.5710310685874599,1,3.0328287644864758
11.141,0.1796211,-0.21709530000000002,10.012674599999999,0.0026004667385723934,2,0.18692254151475557,0.5710487499699631,1,3.041965403034935
11.172,0.145188,-0.24103170000000002,9.895935600000001,0.002671860507149404,2,0.0023030247928067476,0.5711304710422718,1,3.059669180960625
11.188,0.1406754,-0.21856680000000003,9.895935600000001,0.0027272049553488387,2,0.003459028012464668,0.5711736635659718,1,3.068807614037491
11.203,0.1646118,-0.2425032,9.874942200000001,0.002291987224571912,2,-0.029014515385130783,0.5712113075073212,1,3.07737550132054
11.219,0.1646118,-0.21552570000000001,9.845021700000002,0.0011226386824336743,2,-0.07308428388363979,0.5712386245145772,1,3.0865151007767153
11.25,0.11821050000000001,-0.21552570000000001,9.8674866,0.000513314530667941,2,-0.019655617798894253,0.5712639817893803,1,3.104223891174427
11.266,0.11821050000000001,-0.205029,9.8674866,-8.660218133726971e-05,2,-0.03749479450032563,0.571267395488175,1,3.1133641421926472
11.281,0.1272357,-0.23200650000000003,9.888480000000001,-0.00014273280615739736,2,-0.003742041654675035,0.5712656754757688,1,3.1219331402248773
11.297,0.1571562,-0.2484873,9.888480000000001,-0.0001772423177541782,2,-0.0021568444747988007,0.5712631156747775,1,3.131073370554082
11.313,0.1571562,-0.16912439999999998,9.856989900000002,-0.0010196108095197332,2,-0.052648030735347136,0.5712535408497593,1,3.140213503806278
11.328,0.17069399999999998,-0.16912439999999998,9.8375661,-0.002309554356573429,2,-0.08599623647025331,0.5712285721110136,1,3.1487821196534833
11.344,0.1661814,-0.21709530000000002,9.8375661,-0.0035469602271689382,2,-0.07733786691221926,0.5711817199943436,1,3.1579214019903263
11.36,0.17667810000000003,-0.23200650000000003,9.834525,-0.004815568475832421,2,-0.07928801554146762,0.5711148197647197,1,3.167059774308399
11.391,0.17667810000000003,-0.21856680000000003,9.8016615,-0.006861961560735708,2,-0.06601268015816929,0.5709338180491529,1,3.1847615281945143
11.406,0.1466595,-0.21856680000000003,9.931840200000002,-0.005696553208819566,2,0.07769389012773985,0.5708396291883813,1,3.1933248290487963
11.422,0.17069399999999998,-0.21258269999999999,9.854046900000002,-0.006450051576326388,2,-0.047093647969176325,0.5707424563501001,1,3.2024574857331043
11.438,0.1317483,-0.21258269999999999,9.871999200000001,-0.006762023707828746,2,-0.019498258218897373,0.5706367597478269,1,3.2115885194618876
11.453,0.1946304,-0.2230794,9.871999200000001,-0.007035396513630943,2,-0.018224853720147913,0.5705332790961659,1,3.220147294753217
11.469,0.1946304,-0.24103170000000002,9.860031000000001,-0.007583577492756177,2,-0.03426131119532713,0.5704163273041148,1,3.229274891604419
11.5,0.173637,-0.24103170000000002,9.9093753,-0.006924969404670023,2,0.021245422196327163,0.5701914448272047,1,3.2469543120724547
11.516,0.113796,-0.2230794,9.8928945,-0.006715676589227115,2,0.013080800965181704,0.5700823196592536,1,3.256076502188346
11.531,0.113796,-0.18413369999999998,9.990209700000001,-0.004158053850050081,2,0.17050818261179584,0.570000766680959,1,3.264627125335898
11.563,0.1377324,-0.18413369999999998,9.874942200000001,-0.004466113815830397,2,-0.009626873930634874,0.5698627799983049,1,3.2828649420827665
11.578,0.15568469999999998,-0.23200650000000003,9.874942200000001,-0.004735562866528653,2,-0.017963270046551853,0.5697937674231872,1,3.291412366188427
11.594,0.15568469999999998,-0.24397470000000002,9.9602892,-0.0029106594580241563,2,0.11405646303153096,0.5697325976445908,1,3.300528577108969
11.61,0.20208600000000002,-0.2080701,9.9378243,-0.0016775040857375245,2,0.07707221076791441,0.5696958923362407,1,3.3096440050288156
11.625,0.20208600000000002,-0.24701580000000004,9.987266700000001,0.0007526074125436821,2,0.16200743321874098,0.5696889556111918,1,3.3181893913884215
11.656,0.12272310000000002,-0.24701580000000004,9.833053500000002,-0.0006678559898105618,2,-0.045821400075942494,0.5696902692582442,1,3.335849769373898
11.672,0.1571562,-0.23799060000000002,9.833053500000002,-0.002047153262552115,2,-0.08620607954634699,0.5696685491842253,1,3.3449646399214377
11.688,0.17069399999999998,-0.22455090000000003,9.8285409,-0.003505031527458513,2,-0.0911173915566498,0.5696241317059052,1,3.3540789813685588
11.703,0.17069399999999998,-0.1946304,9.862974000000001,-0.00410336641950515,2,-0.03988899280311234,0.569567068721303,1,3.362622915371762
11.719,0.113796,-0.1946304,9.949792500000001,-0.0025901399058803065,2,0.09457665710155264,0.5695135206706999,1,3.371735560086898
11.735,0.13469129999999999,-0.23200650000000003,9.955776600000002,-0.0009420202978365211,2,0.10300747550273649,0.5694852633890702,1,3.380847550359376
11.766,0.1870767,-0.23200650000000003,9.856989900000002,-0.001721801771275011,2,-0.025154241078660496,0.569443974146999,1,3.3985009535411854
11.781,0.142245,-0.21101310000000004,9.856989900000002,-0.0025123252056786782,2,-0.05270156229357581,0.5694122181946718,1,3.407042374983748
11.813,0.15421320000000002,-0.2350476,9.8928945,-0.00239055321825532,2,0.0038053746069799353,0.5693337721398889,1,3.425262310829101
11.828,0.1915893,-0.24544620000000003,9.8928945,-0.0022496694524516414,2,0.009392251053579341,0.5692989704698586,1,3.4338020563986738
11.844,0.17069399999999998,-0.19757340000000004,9.919872000000002,-0.0014899233662042377,2,0.04748413039046269,0.5692690537273093,1,3.442910600592251
11.86,0.17069399999999998,-0.24397470000000002,9.860031000000001,-0.0021824055536434628,2,-0.043280136714951525,0.5692396750959505,1,3.452018670422837
11.875,0.1721655,-0.24397470000000002,9.8704296,-0.0026038659292417776,2,-0.028097358373219923,0.5692037780598289,1,3.4605569963215057
11.891,0.1437165,-0.2274939,9.8704296,-0.003035741466325348,2,-0.02699222106772312,0.5691586612006644,1,3.46966389583559
11.906,0.1437165,-0.18413369999999998,9.9288972,-0.0020534859246090775,2,0.06548370278108222,0.5691204919952324,1,3.4782009894845594
11.938,0.0928026,-0.18413369999999998,9.9138879,-0.0014759763118874503,2,0.018047175397550835,0.5690640205994485,1,3.496411941686074
11.953,0.1302768,-0.20355750000000003,9.9633303,0.0003125450600265367,2,0.11923475812760874,0.5690552948650596,1,3.5049478365520574
11.969,0.18864630000000002,-0.20355750000000003,9.9048627,0.0006547385853927778,2,0.021387095335390054,0.5690630331342229,1,3.5140527831760515
11.985,0.113796,-0.1631403,9.9048627,0.0009424793899501793,2,0.017983800284837575,0.5690758108780256,1,3.5231578939281496
12.0,0.1946304,-0.2350476,9.8644455,0.00030381341098717485,2,-0.04257773193086535,0.5690851580740326,1,3.5316941011952903
12.031,0.1946304,-0.24544620000000003,9.8375661,-0.0009683653211229881,2,-0.0410380236164561,0.5690748575194254,1,3.5493355814369894
12.047,0.13469129999999999,-0.18864630000000002,9.7222986,-0.0050751418277457105,2,-0.25667353166391993,0.5690265094622345,1,3.5584403923728427
12.063,0.13469129999999999,-0.23053500000000002,9.8165727,-0.006761225306679108,2,-0.10538021743333727,0.5689318185251592,1,3.567544058996742
12.094,0.2140542,-0.23053500000000002,9.919872000000002,-0.005853600465080433,2,0.029278220696732592,0.5687362887256969,1,3.5851779146591296
12.125,0.12272310000000002,-0.23347800000000002,9.9168309,-0.005078378541366391,2,0.025007158829484767,0.568566843051097,1,3.6028061132016704
12.141,0.1032993,-0.23347800000000002,9.866015100000002,-0.0055664585442087855,2,-0.03050500017764965,0.5684816843544124,1,3.6119025014209147
12.156,0.1915893,-0.20355750000000003,9.866015100000002,-0.006026621284069833,2,-0.030677515990735336,0.5683947362557003,1,3.620429074575491
12.172,0.1631403,-0.21101310000000004,9.9528336,-0.00436745302545738,2,0.10369801616327824,0.568311583661224,1,3.629522725134826
12.188,0.1526436,-0.21101310000000004,9.9138879,-0.003702381132999477,2,0.04156699327861887,0.5682470249879564,1,3.6386151940040197
12.203,0.1437165,-0.2365191,9.9138879,-0.0030427475292462702,2,0.04397557358355067,0.5681964365229896,1,3.647138519965351
12.235,0.1437165,-0.21101310000000004,9.9168309,-0.0023414821316141143,2,0.02191454367600485,0.5681102888484159,1,3.6653194275712937
12.25,0.1870767,-0.21101310000000004,9.907903800000001,-0.0018573348621622188,2,0.03227648463012515,0.5680787977209625,1,3.6738408457205645
12.266,0.1317483,-0.19011780000000003,9.907903800000001,-0.0014170141278135873,2,0.027520045896789445,0.5680526029290427,1,3.6829298969257644
12.281,0.1317483,-0.2260224,9.854046900000002,-0.0022821708445892597,2,-0.05767711445170931,0.5680248590417497,1,3.691450477890546
12.297,0.1631403,-0.21258269999999999,9.8794548,-0.0025025899696551335,2,-0.0137761953166171,0.5679865809552358,1,3.7005385694105217
12.313,0.18266220000000002,-0.21101310000000004,9.9258561,-0.0015788337624726978,2,0.05773476294890218,0.5679539295653788,1,3.7096260934946867
12.344,0.18266220000000002,-0.1990449,9.967744800000002,0.000337663445899139,2,0.061822490592642276,0.5679346914254719,1,3.7272323671200445
12.36,0.19011780000000003,-0.1990449,9.8944641,0.00042416787367116626,2,0.005406526735751699,0.5679407860760285,1,3.7363193709400564
12.375,0.1796211,-0.18266220000000002,9.8944641,0.0004960760587486845,2,0.004793879005167704,0.5679476879055216,1,3.744838534494918
12.391,0.1796211,-0.23200650000000003,9.9153594,0.0011008578685540726,2,0.03779886311283672,0.5679604633769401,1,3.753925799705178
12.406,0.1437165,-0.23200650000000003,9.886910400000001,0.0009830015759870747,2,-0.007857086171132897,0.5679760923227741,1,3.762445323872926
12.438,0.1586277,-0.2709522,9.877983300000002,0.0006801043088930925,2,-0.009465539596686936,0.5680027020169323,1,3.7806209845823613
12.453,0.1497006,-0.2709522,9.8854389,0.0005629530717339293,2,-0.007810082477278176,0.568012024947287,1,3.789141095034592
12.469,0.2080701,-0.2649681,9.8854389,0.00047045329427142235,2,-0.005781236091406678,0.568020292198215,1,3.798229353571756
12.485,0.17069399999999998,-0.2350476,9.8704296,-2.1615102378191864e-05,2,-0.03075427479060086,0.5680238829037502,1,3.807317706972572
12.516,0.18864630000000002,-0.1856052,9.8464932,-0.0011030053442588894,2,-0.034883556189699266,0.5680064512868273,1,3.824926177152526
12.531,0.21101310000000004,-0.23347800000000002,9.8464932,-0.002122116442052402,2,-0.06794073985289825,0.5679822628734299,1,3.833446092508728
12.547,0.21101310000000004,-0.2140542,9.842078700000002,-0.003234752710865152,2,-0.06953976680079682,0.5679394079202066,1,3.842533465875077
12.563,0.0688662,-0.2140542,9.800091900000002,-0.005393329101412547,2,-0.1349110244092121,0.5678703832657084,1,3.8516199442045647
12.594,0.10928340000000002,-0.1946304,9.800091900000002,-0.00750017528166147,2,-0.06796278000803237,0.5676705339477708,1,3.8692208284213727
12.61,0.10928340000000002,-0.24397470000000002,9.8824959,-0.007519599069757632,2,-0.0012139867560101425,0.5675503757529594,1,3.8783025956989787
12.625,0.2065986,-0.24701580000000004,9.8689581,-0.00782880552003995,2,-0.020613763352153737,0.567435262718536,1,3.886814987987515
12.641,0.290376,-0.2394621,9.910846800000002,-0.007062655287935371,2,0.04788438950653613,0.5673161310320721,1,3.89589299913752
12.672,0.290376,-0.2230794,9.9648018,-0.005009426119279681,2,0.06623319898889199,0.5671290137702603,1,3.9134768988819566
12.688,0.09133110000000001,-0.1302768,9.975298500000001,-0.0028833517810848974,2,0.13287964613717385,0.5670658715470573,1,3.922550457964495
12.703,0.09133110000000001,-0.1781496,9.9528336,-0.001338898736060301,2,0.10296353633498138,0.5670342046681788,1,3.9310562085361087
12.719,0.0673947,-0.1781496,9.9033912,-0.0010424599874525597,2,0.018527421787983816,0.5670151537983906,1,3.940128603403841
12.735,0.15421320000000002,-0.2350476,9.9033912,-0.0007006244923886129,2,0.02136471844149666,0.5670012091225519,1,3.9492007343072086
12.766,0.15421320000000002,-0.3083283,9.8405091,-0.001850893152727906,2,-0.037105440656105534,0.5669616605990526,1,3.966777158787894
12.781,0.21709530000000002,-0.3083283,9.845021700000002,-0.0028342077629659457,2,-0.06555430734920016,0.5669265223421849,1,3.9752813201599535
12.797,0.1511721,-0.173637,9.946849499999999,-0.0014210358097876963,2,0.0883232470736405,0.5668924803936028,1,3.98435187218184
12.828,0.1511721,-0.1482291,10.0396521,0.002210614844669223,2,0.11715002111151804,0.5669047188686435,1,4.001925728770404
12.844,0.0344331,-0.1482291,9.943808400000002,0.0033899936942027864,2,0.07371117809584764,0.5669495237369544,1,4.010996562711249
12.86,0.0793629,-0.18266220000000002,9.891423,0.0032834124137810505,2,-0.006661330026358486,0.5670029109858182,1,4.020068182189031
12.875,0.1870767,-0.18266220000000002,9.845021700000002,0.0020834621613676774,2,-0.07999668349422184,0.5670431625451319,1,4.028573527740513
12.906,0.23200650000000003,-0.2575125,9.845021700000002,0.0009768839110879668,2,-0.035696072589667414,0.567090597909255,1,4.046152601027557
12.922,0.23200650000000003,-0.2575125,9.934881299999999,0.0020876481344203057,2,0.06942276395827113,0.567115114165619,1,4.055226246724156
12.938,0.2544714,-0.2575125,9.8824959,0.0019078863311712269,2,-0.011235112703067419,0.5671470784413437,1,4.064300344265011
12.953,0.050913900000000005,-0.19757340000000004,9.839037600000001,0.0005624548172207255,2,-0.08969543426337398,0.5671656059999567,1,4.072807689398321
12.985,0.050913900000000005,-0.18109260000000002,9.910846800000002,0.0009932313013418792,2,0.01346176512878604,0.5671904969778537,1,4.0909573870459655
13.0,0.0777933,-0.18109260000000002,9.874942200000001,0.000542208974016134,2,-0.030068155155048543,0.5672020127799189,1,4.099465330869149
13.016,0.11673900000000001,-0.23053500000000002,9.874942200000001,0.00013666778057164208,2,-0.025346324590280724,0.5672074437939556,1,4.10854060652174
13.031,0.11673900000000001,-0.258984,9.9124164,0.0006718380770092125,2,0.035678019762503344,0.5672135075878875,1,4.117048763657104
13.047,0.24701580000000004,-0.258984,9.8944641,0.0008146510211179958,2,0.008925809006798948,0.5672253995006725,1,4.1261242749138125
13.063,0.24544620000000003,-0.2140542,9.948321,0.002239724667976617,2,0.08906710292866374,0.5672498345061853,1,4.135200076785868
13.094,0.16019730000000001,-0.2140542,9.8120601,0.00026544843288078823,2,-0.06368633016438402,0.5672886646892485,1,4.1527854235233965
13.11,0.1257642,-0.16166880000000003,9.8120601,-0.0016973645726210407,2,-0.1226758128438642,0.5672772093601306,1,4.161861950515791
13.125,0.031392,-0.16765290000000002,9.8615025,-0.0024225541113302995,2,-0.04834596924728209,0.5672463099700009,1,4.170370876910768
13.141,0.031392,-0.18413369999999998,9.8794548,-0.002685104992579568,2,-0.016409430078079254,0.5672054486971696,1,4.179446490980106
13.172,0.21552570000000001,-0.20355750000000003,9.9184005,-0.0019263851073940685,2,0.024474835005983388,0.56713397060062,1,4.1970287519792215
13.188,0.21552570000000001,-0.2709522,9.8615025,-0.0025337776938503254,2,-0.03796203665351602,0.56709828929821,1,4.206102610058412
13.203,0.2350476,-0.2709522,9.871999200000001,-0.002859637169128959,2,-0.02172396501857733,0.5670578386867378,1,4.214608781018299
13.219,0.1796211,-0.2559429,9.871999200000001,-0.003215688300334918,2,-0.02225319570037241,0.567009236082982,1,4.223681317616457
13.235,0.1796211,-0.23799060000000002,9.8704296,-0.0036122694116578202,2,-0.024786319457681373,0.5669546124212861,1,4.232753028404491
13.25,0.0748503,-0.23799060000000002,9.8689581,-0.004067984262748681,2,-0.030380990072722876,0.566897010518728,1,4.241256915576542
13.281,0.058369500000000005,-0.2006145,9.8689581,-0.004535548295995895,2,-0.015082710749909852,0.5667636557640674,1,4.258828655903925
13.297,0.1212516,-0.1511721,9.961760700000001,-0.0027361965101935226,2,0.11245948661264817,0.5667054818056179,1,4.267896409004483
13.313,0.20355750000000003,-0.1511721,9.9528336,-0.0011656761103466806,2,0.09815752499042754,0.5666742668246535,1,4.276963446993525
13.328,0.24397470000000002,-0.2274939,9.9528336,0.0004240879905275108,2,0.1059842733916213,0.5666687049137549,1,4.285463519281563
13.36,0.1946304,-0.24103170000000002,9.9213435,0.0011886621412156018,2,0.023892942209002822,0.5666945089158628,1,4.303597330702837
13.375,0.1661814,-0.1870767,9.9213435,0.0018935951032172937,2,0.04699553080011102,0.566717625845196,1,4.312097921713545
13.406,0.1661814,-0.1915893,9.8944641,0.0019280538452868257,2,0.0011115723248235896,0.5667768614038978,1,4.329667086265906
13.422,0.1526436,-0.1915893,9.8809263,0.001626265070902022,2,-0.018861798399050205,0.5668052959552273,1,4.338735743524779
13.438,0.1122264,-0.24103170000000002,9.9423369,0.002842300410751619,2,0.07600220874059975,0.5668410444790806,1,4.347804914248254
13.453,0.1122264,-0.2769363,9.900448200000001,0.003030265915729302,2,0.012531033665179872,0.5668850887265292,1,4.356307860247296
13.469,0.16019730000000001,-0.2769363,9.877983300000002,0.002682098493401952,2,-0.02176046389545936,0.5669307876418023,1,4.365378387258242
13.5,0.1526436,-0.2664396,9.877983300000002,0.002332468944246102,2,-0.0112783725534143,0.5670085134370858,1,4.382954446424965
13.516,0.1526436,-0.2215098,9.901919700000002,0.0025479110871078348,2,0.013465133928858274,0.5670475564773366,1,4.392026894984281
13.531,0.1406754,-0.2215098,9.883967400000001,0.002316069567074308,2,-0.015456101335567858,0.567084036332243,1,4.400532881930353
13.547,0.1482291,-0.1586277,9.954305100000001,0.0037782328762006046,2,0.09138520682039344,0.5671327907517892,1,4.409606616547025
13.563,0.20208600000000002,-0.1586277,9.891423,0.003694645112712891,2,-0.005224235217982094,0.5671925737757005,1,4.418681219463245
13.578,0.1930608,-0.19011780000000003,9.889951500000002,0.003586358906268572,2,-0.007219080429621853,0.5672471813058428,1,4.427189517626356
13.61,0.1631403,-0.24701580000000004,9.889951500000002,0.003498234030503866,2,-0.0027539023676470516,0.5673605347928312,1,4.445343241083935
13.625,0.1631403,-0.2200383,9.803133,0.001280022733702424,2,-0.14788075312009055,0.5673963717185627,1,4.453853917882771
13.641,0.1392039,-0.2200383,9.8974071,0.0014054800050988803,2,0.007841079462278515,0.5674178557404731,1,4.462932431702444
13.656,0.12272310000000002,-0.1856052,9.8764137,0.0009934504645912057,2,-0.027468636033843932,0.5674358477189958,1,4.47144383447839
13.672,0.12272310000000002,-0.1856052,9.8764137,0.0005914704250713498,2,-0.02512375246999097,0.5674485270861132,1,4.480522909476831
13.688,0.11978010000000001,-0.1856052,9.843550200000001,-0.0006029339399074019,2,-0.07465027281117191,0.5674484353779945,1,4.489602085176545
13.703,0.1466595,-0.20954160000000002,9.843550200000001,-0.0017476219673984161,2,-0.07631253516607377,0.5674308062086897,1,4.498113679488444
13.719,0.1466595,-0.2006145,9.948321,-0.00031434550498765645,2,0.0895797789006724,0.5674143104689106,1,4.507192440421865
13.735,0.21101310000000004,-0.2006145,9.8974071,-0.00012908969061697917,2,0.01157848839816732,0.5674107629873457,1,4.5162710410095155
13.766,0.1272357,-0.2394621,9.9033912,0.00018370074689855187,2,0.010090014113404037,0.567411609458718,1,4.53386078778243
13.781,0.1272357,-0.1796211,9.910846800000002,0.0006397890745404311,2,0.030405888509457465,0.5674177856323789,1,4.542372008245613
13.797,0.1437165,-0.1796211,9.848062800000001,-0.00044065550789795793,2,-0.06752778640239926,0.567419378700912,1,4.5514507055602795
13.813,0.1915893,-0.205029,9.848062800000001,-0.0014627786156378164,2,-0.0638826942337411,0.5674041512279236,1,4.560529293799711
13.828,0.1915893,-0.1990449,9.900448200000001,-0.001185772119654871,2,0.01846709973219785,0.567384287097409,1,4.56904020708715
13.86,0.18109260000000002,-0.1721655,9.8809263,-0.0014086170151568211,2,-0.006963902984435937,0.567342776871252,1,4.587195840110649
13.875,0.18109260000000002,-0.18864630000000002,9.9273276,-0.00048734519904236606,2,0.06141812107429468,0.5673285571546455,1,4.5957058751158435
13.891,0.15568469999999998,-0.18864630000000002,9.991681200000002,0.0019700753486997513,2,0.1535887842338822,0.5673404189958428,1,4.604783226925047
13.906,0.10477080000000001,-0.2080701,9.9602892,0.0035953307780101085,2,0.1083503619540197,0.567382159541793,1,4.613293646264079
13.938,0.1437165,-0.2065986,9.9602892,0.0051920443440529596,2,0.049897298938839055,0.567522757543746,1,4.631452124937448
13.953,0.1437165,-0.23200650000000003,9.8854389,0.004938526439119073,2,-0.01690119366226046,0.5675987368246198,1,4.63996553614521
13.969,0.0777933,-0.2260224,9.827069400000001,0.0032465754938755254,2,-0.10574693407772164,0.5676642176400838,1,4.649047639780928
13.985,0.0777933,-0.2200383,9.8076456,0.0011189627010139702,2,-0.13297579955384708,0.5676991419456429,1,4.658130546657614
14.0,0.17667810000000003,-0.2200383,9.9138879,0.0016647360214196993,2,0.03638488802704723,0.5677200196860611,1,4.666646190369852
14.031,0.21101310000000004,-0.2080701,9.9138879,0.0022072652282574268,2,0.017500942156055396,0.5677800357054311,1,4.684246441228421
14.047,0.21101310000000004,-0.1796211,9.8854389,0.002029393975913507,2,-0.011116953271494968,0.5678139289790645,1,4.693331192945897
14.063,0.1796211,-0.1796211,9.8375661,0.0006734965033494689,2,-0.08474359203525232,0.5678355521028986,1,4.7024163887945525
14.078,0.17667810000000003,-0.145188,9.836094600000001,-0.0007003706103034801,2,-0.09159114091020397,0.5678353505470964,1,4.710933920564427
14.094,0.1466595,-0.2575125,9.818044200000001,-0.002436750759938988,2,-0.10852375935221915,0.5678102535761345,1,4.720019085397413
14.11,0.11673900000000001,-0.2575125,9.851005800000001,-0.00333695560449776,2,-0.05626280278492319,0.5677640639252189,1,4.729103679937424
14.125,0.15421320000000002,-0.23200650000000003,9.851005800000001,-0.004218089922042978,2,-0.05874228783634564,0.5677074010837699,1,4.737619715924992
14.141,0.15421320000000002,-0.2080701,9.901919700000002,-0.0038493930501566354,2,0.02304355449289639,0.5676428612199923,1,4.7467025180234215
14.156,0.10477080000000001,-0.2080701,9.874942200000001,-0.004163259464862179,2,-0.020924427647035452,0.5675827663261297,1,4.755216710230018
14.172,0.13469129999999999,-0.1511721,9.874942200000001,-0.004485861059379204,2,-0.020162599657314022,0.5675135733619358,1,4.764297480947523
14.188,0.13469129999999999,-0.2260224,9.854046900000002,-0.005275197772949269,2,-0.04933354459812907,0.5674354848912772,1,4.773377073413548
14.203,0.1107549,-0.24701580000000004,9.888480000000001,-0.00520074904891743,2,0.004963248268789681,0.5673569152901131,1,4.781888016414908
14.219,0.18413369999999998,-0.24701580000000004,9.8644455,-0.005687363812103996,2,-0.030413422699160336,0.5672698103872249,1,4.790965030220327
14.25,0.1946304,-0.2200383,9.958817699999999,-0.003872016134446099,2,0.05855960250509235,0.5671216399980534,1,4.808548097701299
14.266,0.1586277,-0.2200383,9.9423369,-0.002518334608081929,2,0.08460509539776055,0.5670705171921132,1,4.81762163495882
14.281,0.1078119,-0.1915893,9.9423369,-0.001228631107716538,2,0.08598023335768949,0.5670424149492447,1,4.8261274819498805
14.313,0.1078119,-0.1781496,9.8165727,-0.003043215855894843,2,-0.056705773380571985,0.5669740653978269,1,4.844271745635433
14.328,0.1466595,-0.1781496,9.862974000000001,-0.0036698366838763263,2,-0.041774721865435585,0.5669237175037787,1,4.852775979007195
14.344,0.16912439999999998,-0.2215098,9.862974000000001,-0.004250985843802013,2,-0.03632182249535539,0.5668603509235572,1,4.8618462515546135
14.36,0.16912439999999998,-0.2514303,10.0007064,-0.0014427073344265295,2,0.17551740683596756,0.5668148013781314,1,4.870915652773027
14.375,0.1631403,-0.2724237,9.9528336,0.00014101899649432426,2,0.10558175539471959,0.566805038715597,1,4.87941780157373
14.406,0.1586277,-0.2200383,9.9153594,0.0007390792297261584,2,0.019292265588123317,0.5668186802381033,1,4.896988969217513
14.422,0.1586277,-0.2260224,9.891423,0.000742246548631087,2,0.00019795743155803775,0.5668305308443302,1,4.906058162906172
14.438,0.15568469999999998,-0.2260224,9.8689581,0.00019648348137835114,2,-0.03411019170329596,0.5668380406845703,1,4.915127511478403
14.453,0.17069399999999998,-0.11673900000000001,9.8689581,-0.00037618993776966647,2,-0.038178227943204246,0.5668366928861474,1,4.923630071980183
14.469,0.17069399999999998,-0.1078119,9.8584614,-0.0011933357237907671,2,-0.05107161162631874,0.5668241366808549,1,4.932699358616719
14.5,0.2260224,-0.21258269999999999,9.8165727,-0.0029430665750016516,2,-0.056442930684221015,0.5667600224452236,1,4.950269913083173
14.516,0.1796211,-0.20355750000000003,9.8120601,-0.004788178836717449,2,-0.11531951635723726,0.5666981724819299,1,4.95933757864259
14.531,0.1796211,-0.2499588,9.8225568,-0.0063062538068621166,2,-0.10120499800964064,0.566614964237103,1,4.967837427167983
14.563,0.16166880000000003,-0.2934171,9.9124164,-0.0055751675269544165,2,0.022846446247115605,0.566424861495762,1,4.985966064379709
14.594,0.16166880000000003,-0.2724237,9.9213435,-0.00465889606836889,2,0.029557143825340717,0.5662662335100345,1,5.003522776352298
14.61,0.16166880000000003,-0.2425032,9.9138879,-0.003965667044056431,2,0.043326814019528606,0.566197237005135,1,5.01258248411642
14.625,0.16166880000000003,-0.2080701,9.9033912,-0.0035643497824882076,2,0.02675448410454723,0.5661407618789359,1,5.021075019108051
14.641,0.1781496,-0.2080701,9.951264,-0.0019987417624385273,2,0.09785050125310493,0.5660962571465765,1,5.030132915260255
14.656,0.19757340000000004,-0.1511721,9.951264,-0.00048741929798978845,2,0.10075483096324545,0.5660776109386233,1,5.038624219270894
14.672,0.1856052,-0.16019730000000001,9.839037600000001,-0.001751523279732936,2,-0.07900649885894666,0.5660596993980015,1,5.047681317753588
14.703,0.1856052,-0.23799060000000002,9.898878600000002,-0.0014875618528513712,2,0.008514884738115324,0.5660094935784464,1,5.065228390244722
14.719,0.1915893,-0.20355750000000003,9.9033912,-0.0011359619995321424,2,0.02197499083245178,0.5659885053876273,1,5.074284374236451
14.735,0.1915893,-0.20355750000000003,9.877983300000002,-0.0014123952714051313,2,-0.017277079492061795,0.5659681185294598,1,5.083340027227788
14.75,0.145188,-0.20355750000000003,9.951264,8.539414653085942e-05,2,0.0998526278623956,0.5659581660210232,1,5.091829474361917
14.766,0.11821050000000001,-0.1990449,9.951264,0.0015357207886506075,2,0.09064541513248417,0.5659711349405047,1,5.100884908769609
14.797,0.11821050000000001,-0.19011780000000003,9.9048627,0.0018149658725636897,2,0.009007905932679902,0.5660230705837535,1,5.118430818955235
14.813,0.24701580000000004,-0.23799060000000002,9.9633303,0.003595708585818258,2,0.11129641957841042,0.5660663559794205,1,5.127487534367741
14.844,0.1332198,-0.2140542,9.9633303,0.005266843024781309,2,0.05390756254719727,0.5662037255293847,1,5.145037720631127
14.86,0.1332198,-0.2290635,9.900448200000001,0.0053721918705171845,2,0.006584302858492202,0.5662888378085471,1,5.15409766113783
14.875,0.11978010000000001,-0.2290635,9.9093753,0.005688444400902881,2,0.02108350202571231,0.5663717925805828,1,5.162592615865749
14.891,0.1212516,-0.21258269999999999,9.9093753,0.005988465072029214,2,0.018751291945395803,0.5664652078563662,1,5.1716553118692445
14.906,0.1212516,-0.21709530000000002,9.8824959,0.005628165393597229,2,-0.024019978562131464,0.5665523325848584,1,5.180152943422554
14.922,0.2230794,-0.21709530000000002,9.845021700000002,0.0044063533741312,2,-0.07636325121662672,0.5666326087350002,1,5.189218422953113
14.938,0.23347800000000002,-0.2080701,9.8405091,0.003105460847891095,2,-0.08130578289000649,0.5666927032487764,1,5.198285025448983
14.953,0.13469129999999999,-0.2080701,9.945279900000001,0.004345826799218244,2,0.0826910634218166,0.5667485879061297,1,5.206785835132644
14.985,0.1302768,-0.173637,9.874942200000001,0.0038232515100187214,2,-0.016330477787485073,0.5668792931590775,1,5.224923881229687
15.0,0.1302768,-0.24544620000000003,9.8464932,0.0026569722303442234,2,-0.07775195197829693,0.5669278948371302,1,5.233427435139659
15.016,0.2544714,-0.24544620000000003,9.888480000000001,0.0026017007428098538,2,-0.0034544679708980977,0.5669699642209155,1,5.242498618012124
15.047,0.19757340000000004,-0.2140542,9.888480000000001,0.0024982943352878095,2,-0.0033356905652271703,0.567049014144626,1,5.26007591217679
15.063,0.19757340000000004,-0.21101310000000004,9.860031000000001,0.001702235613196379,2,-0.04975367013071437,0.5670826183842139,1,5.2691489652370205
15.078,0.052385400000000006,-0.21101310000000004,9.8615025,0.0009166039751775656,2,-0.052375442534591775,0.5671022596811267,1,5.27765535182251
15.094,0.08083440000000001,-0.23799060000000002,9.8615025,0.00016979473829081826,2,-0.04667557730542167,0.5671109508708344,1,5.286729057506926
15.11,0.08083440000000001,-0.2559429,9.9333117,0.0012029623556859548,2,0.06457297608719598,0.5671219329275862,1,5.295802920577313
15.125,0.19011780000000003,-0.2559429,9.843550200000001,5.9099908158444237e-05,2,-0.07625749650183114,0.5671313983945651,1,5.30430982056223
15.141,0.24397470000000002,-0.20208600000000002,9.9423369,0.0013497375018225455,2,0.08066484960400626,0.5671426690938449,1,5.313384013102137
15.172,0.23200650000000003,-0.2006145,9.9243846,0.002163533269889939,2,0.026251476389270265,0.5671971247908064,1,5.33096627990735
15.188,0.1122264,-0.2006145,9.946849499999999,0.0034546106971973245,2,0.08069233920671152,0.5672420699425431,1,5.3400417934652165
15.203,0.10477080000000001,-0.19610190000000002,9.946849499999999,0.004710021123234043,2,0.08369402840245463,0.5673033046811964,1,5.348550883774894
15.219,0.10477080000000001,-0.2260224,9.9048627,0.004926546477593163,2,0.013532834647445023,0.567380397222003,1,5.357628353390119
15.235,0.19610190000000002,-0.2260224,9.8854389,0.004698075811974789,2,-0.014279416601148386,0.5674573942003195,1,5.3667070557214975
15.25,0.21856680000000003,-0.2065986,9.8854389,0.00447630259610321,2,-0.01478488105810471,0.5675262020383801,1,5.375219432693288
15.281,0.21856680000000003,-0.20208600000000002,9.9363528,0.005498907094262151,2,0.03298724187609425,0.5676808177885808,1,5.3928151415006065
15.297,0.2230794,-0.20208600000000002,9.8076456,0.0033612732026142567,2,-0.13360211822799328,0.5677516992309558,1,5.401898601636763
15.313,0.1362609,-0.2260224,9.889951500000002,0.003256478280080799,2,-0.006549682658341099,0.5678046412428174,1,5.410983052360553
15.328,0.1362609,-0.1946304,9.9064323,0.003539816547929675,2,0.018889217856593258,0.5678556134540275,1,5.419500504270779
15.344,0.0898596,-0.1946304,9.946849499999999,0.004788886742185028,2,0.07806688714095948,0.5679222430803483,1,5.428586727123054
15.36,0.18413369999999998,-0.21258269999999999,9.946849499999999,0.006048110648091409,2,0.07870149411914877,0.5680089390594706,1,5.437674176580173
15.391,0.18413369999999998,-0.21101310000000004,9.966273300000001,0.007749370863280092,2,0.054879361780279044,0.5682228000228968,1,5.45528576853595
15.406,0.1915893,-0.21101310000000004,9.845021700000002,0.006456430612216124,2,-0.08619601673759457,0.568329343533963,1,5.463809909612627
15.422,0.2140542,-0.2065986,9.845021700000002,0.005204025969121062,2,-0.0782752901934413,0.5684226271866137,1,5.472903925378392
15.438,0.1497006,-0.2274939,9.8615025,0.004366231357312955,2,-0.05236216323800664,0.5684991892452252,1,5.481999299909847
15.453,0.12272310000000002,-0.2080701,9.900448200000001,0.004478938000504584,2,0.007513776212775875,0.5685655280154088,1,5.490527285289302
15.469,0.1586277,-0.16765290000000002,9.900448200000001,0.004582635283778558,2,0.00648108020462334,0.5686380206016831,1,5.499624913678239
15.485,0.1586277,-0.1796211,9.966273300000001,0.006293944725737077,2,0.10695684012240737,0.5687250332417593,1,5.508723818108987
15.516,0.2230794,-0.2350476,9.900448200000001,0.006417081773937738,2,0.003972162845182541,0.5689220541525042,1,5.526357347963598
15.547,0.2230794,-0.1856052,9.889951500000002,0.00625570223244587,2,-0.005205791661027915,0.5691184823046032,1,5.543996976278684
15.563,0.13469129999999999,-0.1856052,9.9363528,0.007190715364403744,2,0.05843832074736705,0.5692260536453779,1,5.553103732566283
15.578,0.1466595,-0.2544714,9.9363528,0.008144237265060639,2,0.0635681267104648,0.5693410657900989,1,5.561642985962049
15.594,0.1466595,-0.19610190000000002,9.9243846,0.008750417580499104,2,0.03788626971490402,0.5694762230288634,1,5.5707535242726
15.61,0.21258269999999999,-0.2065986,9.800091900000002,0.00634593465190747,2,-0.15028018303697696,0.5695969938467226,1,5.579866110007605
15.641,0.205029,-0.19757340000000004,9.800091900000002,0.00399163673078462,2,-0.07594509422976792,0.5697572262031543,1,5.597526100418378
15.656,0.205029,-0.21552570000000001,9.8165727,0.0021057711152412395,2,-0.12572437436955394,0.5698029567619994,1,5.606072801790617
15.672,0.08829,-0.21552570000000001,9.803133,-0.0001043257704012035,2,-0.13813105535265258,0.5698189683247582,1,5.615189777191311
15.688,0.173637,-0.19610190000000002,9.803133,-0.00224266054066824,2,-0.13364592314168966,0.5698001924342696,1,5.624306730477383
15.703,0.173637,-0.2350476,9.8091171,-0.004162071707591863,2,-0.1279607444615852,0.5697521569424077,1,5.632853373097707
15.719,0.1870767,-0.2140542,9.848062800000001,-0.005090861899615717,2,-0.05804938700149082,0.56967813347355,1,5.641968815421035
15.735,0.1870767,-0.2065986,9.888480000000001,-0.005015488324485062,2,0.004710848445665934,0.5695972826717572,1,5.651083018750198
15.766,0.1571562,-0.2065986,9.8734707,-0.005320604817638852,2,-0.009842467521089807,0.5694370732280544,1,5.668738051266645
15.797,0.1571562,-0.21709530000000002,9.9124164,-0.004663241515562078,2,0.021205267808927807,0.5692823236098897,1,5.686388201917634
15.813,0.1571562,-0.17069399999999998,9.9048627,-0.004228228190166661,2,0.027188332837213534,0.5692111918522439,1,5.695496150041331
15.828,0.205029,-0.17069399999999998,9.8928945,-0.004074285103405018,2,0.010262872450777036,0.5691489230025422,1,5.704033850902741
15.844,0.1362609,-0.19757340000000004,9.8928945,-0.003940820467599693,2,0.008341539737832797,0.5690848021579741,1,5.713139720704025
15.875,0.1586277,-0.21258269999999999,9.851005800000001,-0.0048162038053263245,2,-0.028238172184729526,0.5689490682817437,1,5.7307792456958415
15.891,0.10477080000000001,-0.2065986,9.851005800000001,-0.00569089649404475,2,-0.05466829304490157,0.5688650114793488,1,5.73988175833393
15.906,0.10477080000000001,-0.2365191,9.856989900000002,-0.006381943709287796,2,-0.04606981434953464,0.5687744651778237,1,5.748414054408859
15.922,0.1302768,-0.2006145,9.8734707,-0.006666280535206681,2,-0.017771051619930294,0.5686700793838677,1,5.757513610765352
15.938,0.1631403,-0.2006145,9.9033912,-0.006202257082147611,2,0.02900146581619187,0.5685671310829289,1,5.7666115084490865
15.969,0.17667810000000003,-0.18413369999999998,9.9033912,-0.005751693899947341,2,0.014534296200009263,0.5683818448427064,1,5.784234217575933
15.985,0.1661814,-0.2200383,9.9168309,-0.004971016106127379,2,0.04879236211374756,0.5682960631626578,1,5.793327640839975
16.0,0.16019730000000001,-0.2080701,9.9168309,-0.004218078613901,2,0.05019583281509009,0.5682271449522576,1,5.801851564900837
16.031,0.16019730000000001,-0.2604555,9.866015100000002,-0.004692153255614784,2,-0.015292730377864596,0.5680890363582801,1,5.81946446571115
16.047,0.11526750000000001,-0.24544620000000003,9.954305100000001,-0.003026729730780886,2,0.10408897030210697,0.568027285294389,1,5.828553396284372
16.063,0.11526750000000001,-0.205029,9.954305100000001,-0.001424224561805687,2,0.10015657306096097,0.5679916776600482,1,5.837641547988007
16.078,0.19757340000000004,-0.16912439999999998,9.9303687,-0.0004293375437107727,2,0.06632580120632511,0.5679777759442568,1,5.846161318890039
16.094,0.20954160000000002,-0.16912439999999998,9.9258561,0.00043724251674071013,2,0.05416125377821161,0.567977839184041,1,5.855248963811067
16.125,0.1078119,-0.17069399999999998,9.9258561,0.0012436878447719124,2,0.026014365420362364,0.5680038936046444,1,5.872856680669291
16.141,0.1078119,-0.23200650000000003,9.874942200000001,0.0008194029336490161,2,-0.026517806945183943,0.5680203983308718,1,5.881944875004774
16.156,0.16912439999999998,-0.23200650000000003,9.8854389,0.0006823366730817071,2,-0.009137750704486918,0.5680316613779223,1,5.89046526545259
16.172,0.1631403,-0.2425032,9.888480000000001,0.0006264443497450145,2,-0.0034932702085428958,0.5680421316261048,1,5.899553855796624
16.188,0.1062423,-0.2425032,9.895935600000001,0.0007347989043555714,2,0.006772159663160551,0.5680530215721377,1,5.908642617022209
16.219,0.16166880000000003,-0.2140542,9.895935600000001,0.0008428029323361841,2,0.003484000902600145,0.5680774744006064,1,5.926252639709788
16.235,0.16166880000000003,-0.1930608,9.949792500000001,0.002250804070378365,2,0.08800007112764599,0.5681022232566281,1,5.935342077291045
16.25,0.21552570000000001,-0.20355750000000003,9.871999200000001,0.0017579044821562917,2,-0.032859972548136974,0.568132288570772,1,5.943863836129751
16.266,0.1661814,-0.2365191,9.848062800000001,0.0006881170109203083,2,-0.06686171695225633,0.5681518567427166,1,5.952954109292258
16.281,0.1661814,-0.2514303,9.9363528,0.0018058436953989343,2,0.07451511229857224,0.568170561448014,1,5.9614765274286885
16.313,0.1466595,-0.2514303,9.957248100000001,0.0033982398993970264,2,0.04976238137494034,0.5682538267855307,1,5.979659317640425
16.328,0.1721655,-0.19757340000000004,9.957248100000001,0.004932147565433809,2,0.10226051106911495,0.568316304691517,1,5.988183593626503
16.344,0.1721655,-0.19757340000000004,9.8764137,0.004457760171902692,2,-0.029649212095691505,0.5683914239534157,1,5.997277255455663
16.375,0.1796211,-0.1856052,9.845021700000002,0.003227123957488587,2,-0.03969794240045652,0.5685105396574213,1,6.0148992358916304
16.391,0.1796211,-0.2006145,9.8136297,0.0012683099581529689,2,-0.12242587495848961,0.5685465031287464,1,6.023995692233918
16.406,0.18266220000000002,-0.21709530000000002,9.900448200000001,0.001483839621052141,2,0.014368644193277593,0.5685671442505905,1,6.032524044589263
16.422,0.1796211,-0.21709530000000002,9.9303687,0.0024222297305822593,2,0.058649381845625834,0.5685983928054036,1,6.041621368885712
16.438,0.1631403,-0.1856052,9.9303687,0.003315229811434506,2,0.05581250505327155,0.5686442924817398,1,6.050719310368009
16.453,0.1631403,-0.2080701,9.883967400000001,0.0030659704369426777,2,-0.01661729163278791,0.5686921514836026,1,6.059249333697749
16.485,0.1781496,-0.21709530000000002,9.8405091,0.0017743120638691323,2,-0.04036432415854826,0.5687695960036157,1,6.077448721657545
16.5,0.1781496,-0.2425032,9.8944641,0.0018439869552864252,2,0.004644992761152683,0.5687967332462593,1,6.085980469126919
16.516,0.173637,-0.2425032,9.975298500000001,0.0038806896171710292,2,0.12729391636780177,0.568842530658839,1,6.095081583238159
16.531,0.1482291,-0.23200650000000003,9.975298500000001,0.005851636293108697,2,0.13139644506250622,0.5689155231031662,1,6.103614768641374
16.547,0.1482291,-0.2215098,9.9528336,0.007220965002860069,2,0.08558304435945116,0.569020103913534,1,6.112718253657508
16.563,0.18413369999999998,-0.24397470000000002,9.9288972,0.008000780007355601,2,0.04873843778097613,0.5691418778736157,1,6.121823549511805
16.594,0.1661814,-0.20355750000000003,9.8704296,0.007306109673738348,2,-0.02240872043926453,0.5693791346636726,1,6.139470625206134
16.61,0.1661814,-0.21552570000000001,9.854046900000002,0.0062351512177425406,2,-0.06693490349974533,0.5694874647508045,1,6.148581558001449
16.625,0.16166880000000003,-0.21552570000000001,9.898878600000002,0.00628153292450051,2,0.00309211378386453,0.5695813398818713,1,6.157124574036194
16.641,0.19011780000000003,-0.2140542,9.898878600000002,0.0063383295847572185,2,0.0035497912660446573,0.5696822987819453,1,6.166238683145504
16.656,0.19011780000000003,-0.21856680000000003,9.934881299999999,0.0072738852813980515,2,0.06237037977605316,0.5697843903934415,1,6.17478468331432
16.688,0.16019730000000001,-0.21856680000000003,9.9423369,0.008355537789883627,2,0.033801640890174206,0.570034461162582,1,6.193021784939216
16.703,0.2080701,-0.21552570000000001,9.9423369,0.009430805725367364,2,0.07168452903224641,0.5701678587389465,1,6.201573302338478
16.719,0.19011780000000003,-0.1946304,9.9213435,0.009948733117596475,2,0.03237046201431586,0.5703228950496902,1,6.210697228368788
16.735,0.1781496,-0.1946304,9.862974000000001,0.009025472314981187,2,-0.05770380016346191,0.5704746886931509,1,6.2198236090387296
16.75,0.16166880000000003,-0.24397470000000002,9.862974000000001,0.008144557592064672,2,-0.058727648194432096,0.5706034639174538,1,6.22838169518331
16.766,0.16166880000000003,-0.2260224,9.907903800000001,0.008370116382554471,2,0.01409742440561401,0.5707355813092507,1,6.237512407545123
16.781,0.17667810000000003,-0.2260224,9.9243846,0.008998224491678641,2,0.04187387394160976,0.5708658438658075,1,6.246074418233936
16.797,0.19011780000000003,-0.2290635,9.9243846,0.009618767689246965,2,0.038783949848015906,0.571014779803255,1,6.255209463223289
16.828,0.19011780000000003,-0.23200650000000003,9.910846800000002,0.009895803000869563,2,0.00893662295556801,0.5713172556489517,1,6.272915609772797
16.844,0.16765290000000002,-0.23200650000000003,9.9124164,0.010194462915571023,2,0.01866624466883917,0.5714779777762833,1,6.282057971640199
16.86,0.1631403,-0.24701580000000004,9.9124164,0.010492844431958304,2,0.018648844774207085,0.5716434762350635,1,6.291202943272289
16.875,0.1631403,-0.19610190000000002,9.8495343,0.009223003882068426,2,-0.08465603665932199,0.5717913450974187,1,6.299778704432283
16.891,0.1661814,-0.2215098,9.839037600000001,0.007742591434855228,2,-0.09252577795083503,0.5719270698599541,1,6.308928451751941
16.906,0.1571562,-0.18413369999999998,9.889951500000002,0.00751731416287349,2,-0.015018484798782006,0.5720415191519371,1,6.31750821616953
16.922,0.1571562,-0.21856680000000003,9.842078700000002,0.006147429077557831,2,-0.08561781783221908,0.5721508370978606,1,6.32666175501953
16.953,0.16019730000000001,-0.21856680000000003,9.9033912,0.00630701502847586,2,0.005147933900581767,0.5723438809815041,1,6.344401423149759
16.969,0.16019730000000001,-0.21856680000000003,9.9033912,0.006462708639126902,2,0.009730850665689038,0.572446038770845,1,6.353559742507779
16.985,0.16019730000000001,-0.2274939,9.8704296,0.005815883165192659,2,-0.040426592120894625,0.5725442675052795,1,6.362719664957988
17.0,0.142245,-0.2274939,9.855518400000001,0.004814574876192523,2,-0.06675388593333985,0.5726239959405899,1,6.371308426933832
17.016,0.1661814,-0.1930608,9.855518400000001,0.003828908362038419,2,-0.06160415713463831,0.5726931438064957,1,6.380470964051808
17.031,0.16765290000000002,-0.23200650000000003,9.961760700000001,0.005478561824714845,2,0.10997689751175756,0.5727629498328963,1,6.389061884754104
17.063,0.18413369999999998,-0.23200650000000003,9.9258561,0.006219740632403159,2,0.023161837740259796,0.5729501226722102,1,6.407393293914185
17.078,0.18864630000000002,-0.2365191,9.9258561,0.0069475042201947446,2,0.048517572519437197,0.5730488770086047,1,6.415988286411792
17.094,0.18864630000000002,-0.2274939,9.8809263,0.0065570134168755345,2,-0.024405675207447897,0.5731569131497013,1,6.425157932733059
17.11,0.16166880000000003,-0.2274939,9.831582000000001,0.004961350354623306,2,-0.09972894139077525,0.5732490600598733,1,6.434329180518735
17.125,0.142245,-0.22455090000000003,9.831582000000001,0.0033956368595333686,2,-0.10438089967265855,0.5733117374639795,1,6.4429283865001645
17.156,0.1631403,-0.19757340000000004,9.931840200000002,0.004306403646776147,2,0.029379573782026238,0.5734311190918272,1,6.460702900776779
17.172,0.142245,-0.2575125,9.931840200000002,0.005220604923621863,2,0.05713757980285088,0.5735073351603904,1,6.469878408410798
17.188,0.1781496,-0.21552570000000001,9.883967400000001,0.004935086059727922,2,-0.017844928993373275,0.5735885806882572,1,6.479055175737586
17.203,0.1781496,-0.1990449,9.8974071,0.004975782291070985,2,0.0027130820895374004,0.5736629122008883,1,6.4876595619342545
17.219,0.1302768,-0.1990449,9.9333117,0.005872768858072419,2,0.05606166043758337,0.5737497006100815,1,6.496838862836744
17.235,0.2065986,-0.20355750000000003,9.9333117,0.006781661430899533,2,0.056805785801700856,0.5738509360523932,1,6.506019667930042
17.266,0.2065986,-0.21856680000000003,9.931840200000002,0.007640287098663379,2,0.02769760218593158,0.5740744762546014,1,6.5238125118207995
17.281,0.17510850000000003,-0.23053500000000002,9.9363528,0.008579831647907099,2,0.06263630328291232,0.5741961271452006,1,6.532424541346298
17.297,0.17510850000000003,-0.21709530000000002,9.8824959,0.008176016986576329,2,-0.025238416333170317,0.5743301739342765,1,6.541612751754935
17.313,0.19011780000000003,-0.21709530000000002,9.7986204,0.005743948444756342,2,-0.15200428386376594,0.5744415336577272,1,6.55080292541567
17.344,0.173637,-0.21258269999999999,9.7986204,0.0033613283431002117,2,-0.07685871295664351,0.574582665447939,1,6.56861280050181
17.36,0.18413369999999998,-0.21258269999999999,9.830012400000001,0.0018068372994353155,2,-0.09715569022906671,0.5746240107730793,1,6.577806453911577
17.375,0.17069399999999998,-0.2080701,10.0066905,0.00458962913211991,2,0.18551945551229929,0.574671984271316,1,6.58642617387441
17.406,0.1856052,-0.2080701,10.0066905,0.0073110203188360146,2,0.08778681247471642,0.5748564443378058,1,6.604243864517851
17.422,0.17069399999999998,-0.19757340000000004,9.8464932,0.006048476252228596,2,-0.07890900416295482,0.5749633203103743,1,6.613442422635038
17.438,0.1482291,-0.2200383,9.8464932,0.004819470807955639,2,-0.07681284026706828,0.5750502638868558,1,6.622642531308615
17.453,0.1482291,-0.2065986,9.8120601,0.0027737911991749797,2,-0.13637864058537214,0.5751072133519093,1,6.6312687123879055
17.469,0.1646118,-0.2065986,9.7806681,1.8993598978056525e-05,2,-0.17217485001228844,0.5751295556302946,1,6.640470606539764
17.5,0.1466595,-0.2274939,9.7806681,-0.002664273302150022,2,-0.08655699681058651,0.5750885537948954,1,6.658298987235853
17.516,0.18864630000000002,-0.22455090000000003,9.8240283,-0.004209113416635546,2,-0.09655250715535588,0.5750335667011451,1,6.667499964199821
17.531,0.18864630000000002,-0.21709530000000002,9.9528336,-0.002580095524217896,2,0.10860119282783923,0.5749826476340887,1,6.676125085807335
17.547,0.17667810000000003,-0.23347800000000002,9.945279900000001,-0.0011712808895882887,2,0.08805091466434059,0.5749526366227782,1,6.685324568081391
17.563,0.17667810000000003,-0.2350476,9.9363528,-1.3565174125318435e-05,2,0.0723572322164436,0.5749431578542684,1,6.694523734437206
17.594,0.1586277,-0.2350476,9.871999200000001,-0.0004604686092513077,2,-0.014416239842772752,0.5749358103306261,1,6.712346858444073
17.61,0.1796211,-0.19610190000000002,9.871999200000001,-0.0009084381434103506,2,-0.02799809588494326,0.5749248590766048,1,6.7215457437993305
17.625,0.1796211,-0.24397470000000002,9.862974000000001,-0.0015394901367464797,2,-0.042070132889073686,0.5749064996145037,1,6.730169478989514
17.641,0.1721655,-0.21552570000000001,9.910846800000002,-0.0010073734698039516,2,0.03325729168391167,0.5748861247056513,1,6.739367819984074
17.672,0.15421320000000002,-0.2230794,9.8644455,-0.0016226806419918915,2,-0.019848618457673974,0.5748453588669185,1,6.757188657979451
17.688,0.15421320000000002,-0.2499588,9.862974000000001,-0.00224314195908093,2,-0.03877883231806916,0.5748144322861098,1,6.766385936308674
17.703,0.1571562,-0.2499588,9.7821396,-0.004818018147384251,2,-0.17165841255354825,0.5747614735853114,1,6.77500775560271
17.735,0.1721655,-0.2499588,9.8615025,-0.00538917628610136,2,-0.01784869183490965,0.5745981584743756,1,6.793397509715665
17.75,0.17510850000000003,-0.2499588,9.895935600000001,-0.005105709250129209,2,0.01889780239814271,0.5745194468328538,1,6.802015891755469
17.766,0.15421320000000002,-0.205029,9.895935600000001,-0.004862814486017442,2,0.015180922756987132,0.5744396986429646,1,6.811207564919275
17.781,0.15421320000000002,-0.16019730000000001,9.891423,-0.0047560516031524,2,0.007117525524335818,0.5743675571472958,1,6.819823619337702
17.797,0.1796211,-0.16019730000000001,9.891423,-0.0046414380795152255,2,0.007163345227322624,0.5742923772298345,1,6.829012898812721
17.813,0.18266220000000002,-0.2365191,9.8584614,-0.005294519958388477,2,-0.04081761742958273,0.5742128895655313,1,6.8382009409470825
17.828,0.16019730000000001,-0.21101310000000004,9.8584614,-0.0059553115166934845,2,-0.04405277055366548,0.5741285158294682,1,6.846813501487546
17.86,0.1796211,-0.1571562,9.9184005,-0.005154840405818817,2,0.025014722214833342,0.573950753398708,1,6.865182769795196
17.875,0.17667810000000003,-0.20355750000000003,9.9184005,-0.0043546090012132055,2,0.05334876030703874,0.5738794325281553,1,6.873791496189648
17.906,0.17510850000000003,-0.24544620000000003,9.856989900000002,-0.005048581788807738,2,-0.022386218954663195,0.57373368307091,1,6.891579499481433
17.922,0.11673900000000001,-0.2484873,9.856989900000002,-0.005744837572462913,2,-0.04351598647844358,0.5736473357160198,1,6.90075854763173
17.938,0.11673900000000001,-0.2290635,9.9064323,-0.0052300792078643354,2,0.032172397787414646,0.5735595363817771,1,6.909936202608511
17.953,0.1946304,-0.2290635,9.9213435,-0.004334510876923048,2,0.05970455539608358,0.5734878019561412,1,6.918539057646046
17.969,0.142245,-0.18266220000000002,9.9648018,-0.0024462726363090326,2,0.11801489003836274,0.5734335556880353,1,6.9277144285072
18.0,0.1497006,-0.2200383,9.9648018,-0.0005830116162339749,2,0.06010519419597192,0.573386601782121,1,6.945490140947987
18.016,0.1497006,-0.1856052,9.934881299999999,0.0004881569111319095,2,0.06694803296037515,0.5733858429444801,1,6.954664320505799
18.031,0.1571562,-0.21258269999999999,9.8928945,0.0005254841548723022,2,0.002488482916026082,0.5733934452524752,1,6.963265165167276
18.047,0.1571562,-0.2200383,9.862974000000001,-0.00016361943983689287,2,-0.043068974669319866,0.5733963401701955,1,6.972439483450659
18.063,0.16912439999999998,-0.2200383,9.8644455,-0.0007952130996393691,2,-0.03947460373765912,0.5733886695098797,1,6.981613763528098
18.078,0.1332198,-0.21856680000000003,9.8644455,-0.0014256151222031832,2,-0.04202680150425268,0.5733720132982159,1,6.990214468649159
18.11,0.1332198,-0.2544714,9.888480000000001,-0.0014336927773950237,2,-0.0002524267247450138,0.5733262643718223,1,7.00856164109188
18.125,0.1915893,-0.2544714,9.957248100000001,0.0002582042184418043,2,0.11279313305578426,0.5733174482076302,1,7.0171614689362265
18.141,0.1586277,-0.2514303,9.948321,0.0016751836046893231,2,0.08856121164047968,0.5733329153102152,1,7.026334671844368
18.156,0.20208600000000002,-0.19011780000000003,9.9184005,0.0023141543113744945,2,0.04259804711234314,0.5733628353445858,1,7.034934889974279
18.172,0.1990449,-0.19011780000000003,9.889951500000002,0.0022424308131423487,2,-0.004482718639508608,0.5733992880255819,1,7.044108986961241
18.188,0.13469129999999999,-0.2230794,9.889951500000002,0.00216277130040865,2,-0.0049787195458567066,0.5734345296424903,1,7.053283657502584
18.219,0.13469129999999999,-0.19610190000000002,9.874942200000001,0.0017051404162042871,2,-0.014762286587236394,0.5734944822740978,1,7.0710610571872925
18.235,0.1257642,-0.19610190000000002,9.8764137,0.0012916809266947382,2,-0.025841218094349652,0.573518456844841,1,7.080237160700243
18.25,0.16765290000000002,-0.22455090000000003,9.8764137,0.0009182487466024014,2,-0.02489547867282151,0.5735350313173908,1,7.08884006186146
18.266,0.16765290000000002,-0.2575125,9.9138879,0.0014871004911825025,2,0.035553234036260234,0.5735542741112931,1,7.098016776304888
18.281,0.20208600000000002,-0.2544714,9.9243846,0.0023116961305973405,2,0.054973042627653776,0.5735827650859565,1,7.106620304098868
18.297,0.1362609,-0.2544714,9.874942200000001,0.0018834253381232458,2,-0.026766924529627926,0.5736163260577063,1,7.115797896828019
18.313,0.17510850000000003,-0.23200650000000003,9.9648018,0.00365779833685842,2,0.1108983124209606,0.5736606558471061,1,7.124976112683256
18.328,0.1257642,-0.23200650000000003,9.9093753,0.00401934235305923,2,0.02410293441338641,0.5737182344022805,1,7.133581454360127
18.36,0.1571562,-0.24397470000000002,9.9093753,0.004390001926752873,2,0.01158311167792635,0.5738527839107576,1,7.151942590653135
18.375,0.1571562,-0.2140542,9.8734707,0.003859355533816,2,-0.035376426195790206,0.5739146540917118,1,7.160550846438154
18.391,0.1317483,-0.2140542,9.9168309,0.004389813180361912,2,0.033153602909123156,0.5739806474414253,1,7.169734008850418
18.406,0.173637,-0.2365191,9.9168309,0.004935500748677768,2,0.03637917122105567,0.5740505872958931,1,7.178344243110948
18.422,0.173637,-0.16765290000000002,9.910846800000002,0.005287752676011337,2,0.022015745458345594,0.5741323733232906,1,7.187529706795903
18.453,0.19011780000000003,-0.173637,9.9064323,0.005533665295084589,2,0.007932665131395528,0.5743001053018426,1,7.205330410214592
18.469,0.173637,-0.2274939,9.9064323,0.005792787579675718,2,0.01619514278694375,0.5743907169248407,1,7.214519936792406
18.485,0.173637,-0.2274939,9.9363528,0.006775054683394899,2,0.06139169398245557,0.5744912596629452,1,7.223710992605108
18.5,0.1571562,-0.2274939,9.862974000000001,0.005937646535617347,2,-0.055827209851834675,0.5745866049220878,1,7.232329076589496
18.516,0.1526436,-0.2664396,9.862974000000001,0.005142709907547172,2,-0.04968353925439143,0.5746752477736331,1,7.24152317141106
18.547,0.1646118,-0.2425032,9.839037600000001,0.0037732423529117654,2,-0.04417637273017103,0.5748134450336703,1,7.259340246149575
18.563,0.15421320000000002,-0.2559429,9.839037600000001,0.002441368436583602,2,-0.08324211977051939,0.5748631619199862,1,7.2685376590052035
18.578,0.15421320000000002,-0.1990449,9.8854389,0.002241275153769706,2,-0.013339552187592542,0.5748982817469138,1,7.277160869832706
18.594,0.1586277,-0.2140542,9.948321,0.003588568251810642,2,0.08420581862754907,0.5749449204941585,1,7.286359615450635
18.625,0.16019730000000001,-0.2140542,9.898878600000002,0.0036981390087493793,2,0.0035345405464110133,0.5750578644566972,1,7.304184658617373
18.641,0.1796211,-0.2575125,9.842078700000002,0.002453738813825268,2,-0.07777501218276552,0.5751070794792777,1,7.31338597816886
18.656,0.19610190000000002,-0.2575125,9.855518400000001,0.0015749791463726126,2,-0.058583977830174806,0.5751372948639792,1,7.322012810976434
18.672,0.22455090000000003,-0.2575125,9.855518400000001,0.0007324522425360414,2,-0.05265793148977981,0.5751557543150905,1,7.331215155369868
18.688,0.22455090000000003,-0.2394621,9.833053500000002,-0.0006482389308128944,2,-0.08629319833431799,0.5751564280215843,1,7.3404176528285605
18.719,0.1406754,-0.2394621,9.886910400000001,-0.0007201666522664851,2,-0.0023202490791479112,0.5751352177350465,1,7.35824717333779
18.735,0.1362609,-0.22455090000000003,9.855518400000001,-0.0015657661746999452,2,-0.052849970152097074,0.5751169302724307,1,7.367449190521849
18.75,0.1287072,-0.2215098,9.888480000000001,-0.0015912241501734314,2,-0.0016971983648990205,0.5750932528449941,1,7.376075766895229
18.766,0.1437165,-0.2215098,9.8240283,-0.0031824491321490456,2,-0.09945156137348683,0.5750550634587356,1,7.385276953425658
18.781,0.15568469999999998,-0.2425032,9.8240283,-0.004718329829865198,2,-0.10239204651440625,0.5749958076165205,1,7.393902334958723
18.813,0.15568469999999998,-0.205029,9.910846800000002,-0.004120756582173257,2,0.01867416399037312,0.5748543822339278,1,7.41229993799633
18.828,0.15421320000000002,-0.205029,9.8734707,-0.004449624987916678,2,-0.021924560382893903,0.5747901043721522,1,7.4209222716458765
18.844,0.17069399999999998,-0.2065986,9.8734707,-0.004763062971402832,2,-0.019589873967882393,0.5747164028684776,1,7.430118323703803
18.86,0.142245,-0.1990449,9.9288972,-0.0037321785910116034,2,0.06443027377445885,0.5746484409359782,1,7.439313242454237
18.875,0.1317483,-0.2290635,9.9288972,-0.0027141897792333225,2,0.06786592078521615,0.5746000931732014,1,7.447932606460056
18.891,0.1646118,-0.21101310000000004,9.901919700000002,-0.00237657324322349,2,0.021101033500616866,0.5745593670690218,1,7.457125882141993
18.922,0.1646118,-0.24103170000000002,9.900448200000001,-0.0020663602008461623,2,0.010006872334751738,0.5744905016006386,1,7.4749361551063735
18.938,0.16912439999999998,-0.24103170000000002,9.9243846,-0.00117830183781642,2,0.055503647689365006,0.5744645443043294,1,7.484127795473612
18.953,0.11978010000000001,-0.2365191,9.9243846,-0.0003320610412149705,2,0.05641605310676117,0.5744532165827366,1,7.492744678680266
18.969,0.1257642,-0.2394621,9.9184005,0.000351165883273552,2,0.042701682780527876,0.5744533694214731,1,7.5019359313683
19.0,0.18413369999999998,-0.2230794,9.9184005,0.0010306472241108366,2,0.021918752930235832,0.5744747875246375,1,7.519744317800964
19.016,0.18413369999999998,-0.2784078,9.9033912,0.0013617814614264034,2,0.020695889832225204,0.5744939269541218,1,7.528936067516794
19.031,0.205029,-0.2784078,9.907903800000001,0.001804843202068085,2,0.02953744937611098,0.574517676639098,1,7.537553654543744
19.047,0.1646118,-0.2230794,9.907903800000001,0.0021845844415882,2,0.023733827470004527,0.5745495920602472,1,7.546746192693339
19.063,0.15568469999999998,-0.2260224,9.9064323,0.0025172953856067437,2,0.02079443400116128,0.5745872070988648,1,7.555939287086611
19.078,0.1661814,-0.24701580000000004,9.877983300000002,0.0021647046171224815,2,-0.023506051232283255,0.5746223220988853,1,7.564558358555594
19.11,0.08083440000000001,-0.2080701,9.877983300000002,0.0017728220252735127,2,-0.012246330995280264,0.5746853225251637,1,7.582947280869579
19.125,0.08083440000000001,-0.2514303,9.831582000000001,0.0002837549218277502,2,-0.09927114022971374,0.5747007468522669,1,7.59156767638991
19.141,0.15568469999999998,-0.2514303,9.8255979,-0.0012929305280682257,2,-0.09854284061850935,0.574692673447417,1,7.600762823752306
19.156,0.17069399999999998,-0.22455090000000003,9.8255979,-0.0028409554075743415,2,-0.10320165863373715,0.5746616693028997,1,7.609382981322933
19.172,0.17069399999999998,-0.21709530000000002,9.9363528,-0.0016550242129493853,2,0.07412069966405146,0.5746257014659355,1,7.6185772802890845
19.188,0.1406754,-0.21709530000000002,9.9243846,-0.0008012939731685265,2,0.053358139986309554,0.5746060509204466,1,7.627771134308174
19.203,0.1392039,-0.21709530000000002,9.9243846,3.1107675631858456e-05,2,0.055493443253356894,0.574600274523215,1,7.636390181749002
19.235,0.1646118,-0.24397470000000002,9.874942200000001,-0.00033746792945699156,2,-0.011517987659026552,0.5745953727591538,1,7.65477731210552
19.25,0.1646118,-0.2604555,9.8405091,-0.0015262137319744795,2,-0.07924972016782952,0.5745813951466932,1,7.663396137864814
19.266,0.1796211,-0.2604555,9.8584614,-0.002241930737278963,2,-0.044732312831535156,0.5745512499909391,1,7.672589199025914
19.281,0.1571562,-0.23200650000000003,9.891423,-0.0021632506253421724,2,0.005245340795785855,0.5745182111307194,1,7.681207219984327
19.297,0.1870767,-0.23200650000000003,9.8824959,-0.002291431867890381,2,-0.008011327659262149,0.5744825736707736,1,7.69039922626274
19.313,0.145188,-0.2529999,9.8824959,-0.0024210952081169523,2,-0.008103958764161595,0.5744448734541655,1,7.699590645839739
19.328,0.145188,-0.2260224,9.851005800000001,-0.0033313032433266443,2,-0.060680535680643834,0.5744017304657797,1,7.708206995369139
19.344,0.1571562,-0.2260224,9.9064323,-0.002863491972068033,2,0.029238204453659936,0.5743521721040565,1,7.7173970265896985
19.36,0.1930608,-0.18109260000000002,9.9064323,-0.002414126159719032,2,0.02808536327181564,0.5743099511590023,1,7.726586323575802
19.375,0.1646118,-0.1930608,9.8794548,-0.0026405033983962767,2,-0.015091815911815725,0.5742720414373165,1,7.735200688520274
19.391,0.1646118,-0.17510850000000003,9.839037600000001,-0.00385500800092764,2,-0.07590653765821856,0.5742200773461219,1,7.744388625470541
19.406,0.1870767,-0.17510850000000003,9.889951500000002,-0.0037887174182440475,2,0.0044193721789059955,0.5741627494054781,1,7.753001496671178
19.438,0.1661814,-0.23200650000000003,9.889951500000002,-0.0037045897567189456,2,0.0026289894226594313,0.5740428564906787,1,7.771372786365517
19.453,0.1661814,-0.205029,9.9303687,-0.002651610588012332,2,0.07019861124710491,0.5739951849880932,1,7.779983071676608
19.469,0.1870767,-0.23053500000000002,9.8764137,-0.0029169995396713944,2,-0.016586809478689544,0.5739506361070718,1,7.789166638245371
19.485,0.1870767,-0.2575125,9.8165727,-0.004618440706549265,2,-0.10634007292987863,0.573890352585102,1,7.798349366154907
19.516,0.1721655,-0.2575125,9.9213435,-0.003730907077480694,2,0.028630117066729195,0.5737609376944496,1,7.816137961154239
19.531,0.15568469999999998,-0.2604555,9.9213435,-0.002869786146227682,2,0.05740806208353197,0.5737114324952718,1,7.824744003930663
19.547,0.1107549,-0.2634966,9.931840200000002,-0.0017865075818086495,2,0.06770491027618195,0.5736741821454475,1,7.83392308884779
19.563,0.1302768,-0.2754648,9.967744800000002,0.00015935304966063768,2,0.12161628946684384,0.5736611649091904,1,7.843101771624226
19.578,0.1526436,-0.2215098,9.967744800000002,0.0020327000141833196,2,0.12488979763484073,0.5736776053071693,1,7.851706812400849
19.61,0.1526436,-0.2290635,9.955776600000002,0.0035727221327253034,2,0.04812569120443695,0.5737672920615198,1,7.870065930758748
19.625,0.15421320000000002,-0.2290635,9.854046900000002,0.0025955239912942574,2,-0.06514654276206726,0.5738135539074499,1,7.878672787103516
19.641,0.11673900000000001,-0.21856680000000003,9.854046900000002,0.0016237855549317004,2,-0.0607336522726665,0.5738473083838197,1,7.887854074001845
19.656,0.11673900000000001,-0.22455090000000003,9.883967400000001,0.0014085570782338408,2,-0.014348565113190097,0.5738700509535685,1,7.896461954196876
19.688,0.17667810000000003,-0.2140542,9.9258561,0.0022358661340824426,2,0.025853407995268782,0.5739283617249655,1,7.914826728799732
19.703,0.16019730000000001,-0.19011780000000003,9.9064323,0.0025506936291872506,2,0.02098849967365307,0.5739642609231901,1,7.923435923469594
19.719,0.16019730000000001,-0.1437165,9.9693144,0.004372128800156361,2,0.11383969818555664,0.5740196435026248,1,7.932619794705001
19.735,0.2290635,-0.1437165,9.8824959,0.004065181859941092,2,-0.019184183763456434,0.5740871419879056,1,7.941804648988924
19.766,0.1661814,-0.2006145,9.8974071,0.004122792001089337,2,0.001858391649943474,0.5742140555827515,1,7.959603317551268
19.781,0.1930608,-0.2006145,9.862974000000001,0.0033513920916110607,2,-0.05142666063188314,0.5742701119634468,1,7.968216948807865
19.797,0.1721655,-0.2365191,9.862974000000001,0.0026087729073296373,2,-0.046413699017583764,0.5743177932834383,1,7.977405652049841
19.813,0.1721655,-0.24544620000000003,9.9288972,0.003496729427705958,2,0.055497282523526155,0.5743666373021187,1,7.986595127494525
19.828,0.15568469999999998,-0.24544620000000003,9.9273276,0.004318128376649355,2,0.05475992992955773,0.5744252487356514,1,7.995211066639809
19.844,0.0928026,-0.2200383,9.9273276,0.005085781706172909,2,0.04797833309521678,0.5745004800163139,1,8.004402472469826
19.875,0.1870767,-0.2724237,9.851005800000001,0.00403831989983594,2,-0.0337890905270003,0.574641903591207,1,8.02221417941574
19.891,0.1377324,-0.2634966,9.955776600000002,0.005544889546891696,2,0.09416060294099508,0.5747185692667809,1,8.031409063198604
19.906,0.1511721,-0.2738952,9.955776600000002,0.007026309343427073,2,0.09876131976902139,0.5748128532584583,1,8.040030548867543
19.922,0.1511721,-0.31136939999999996,9.9423369,0.00817084838779003,2,0.07153369027267685,0.5749344305203081,1,8.049228527137775
19.938,0.16765290000000002,-0.31136939999999996,9.945279900000001,0.00936564807672724,2,0.0746749805585838,0.5750747224920243,1,8.058428600361871
19.953,0.18109260000000002,-0.2544714,9.945279900000001,0.0104975941410963,2,0.0754630709579345,0.5752236968086579,1,8.067055838506628
19.969,0.18109260000000002,-0.2544714,9.945279900000001,0.011601931764870343,2,0.06902110148586997,0.5754004930159057,1,8.076260832025225
19.985,0.15568469999999998,-0.2649681,9.833053500000002,0.009939621035643498,2,-0.10389442057668931,0.5755728254383098,1,8.085468618572857
20.0,0.21101310000000004,-0.23347800000000002,9.833053500000002,0.008323547550050492,2,-0.10773823237286298,0.5757097992027025,1,8.094103238257665
20.031,0.2065986,-0.1946304,9.831582000000001,0.0066881133944765025,2,-0.052755940502388785,0.5759424799473426,1,8.11195384858449
20.047,0.2065986,-0.2065986,9.883967400000001,0.006375653563866379,2,-0.019528739413130526,0.5760469900830093,1,8.121169764344733
20.063,0.1212516,-0.1078119,9.9184005,0.006837708492913208,2,0.028878433065429993,0.5761526969794635,1,8.130387361841231
20.078,0.1212516,-0.20355750000000003,9.8704296,0.006155454984165587,2,-0.045483567249839686,0.5762501457055416,1,8.13903038316137
20.094,0.0823059,-0.20355750000000003,9.8225568,0.004312710526743757,2,-0.11517152858885148,0.5763338910296288,1,8.148251055455251
20.125,0.1362609,-0.18413369999999998,9.8225568,0.002520201546676759,2,-0.0578228703247441,0.5764398011667669,1,8.166119047684294
20.141,0.1362609,-0.23200650000000003,9.7821396,-0.00018927615730213176,2,-0.16934235649869933,0.5764584485698818,1,8.175342233682185
20.156,0.1482291,-0.23200650000000003,9.907903800000001,0.00023779477207952482,2,0.02847139529210936,0.5764588124594926,1,8.183989113139907
20.172,0.1272357,-0.2858634,9.8944641,0.00035401480258556717,2,0.007263751906626834,0.5764635469360899,1,8.193212492015073
20.188,0.1272357,-0.34128990000000003,9.889951500000002,0.00040022962251384797,2,0.0028884262455178685,0.5764695808914907,1,8.202435957037693
20.219,0.09427410000000001,-0.34128990000000003,9.9124164,0.0009838944390843096,2,0.018827897308723137,0.5764910348144455,1,8.220306846581137
20.219,0.09427410000000001,-0.34128990000000003,9.9124164,0.001553323528421302,2,0.0,0.5764910348144455,1,8.220306846581137
20.235,0.1107549,-0.23200650000000003,9.9124164,0.0020359770922944165,2,0.030165847742072975,0.5765197492194113,1,8.229530932853406
20.266,0.10182780000000001,-0.2814489,9.901919700000002,0.002279844736426284,2,0.007866698197802486,0.5765866444577564,1,8.2474040819554
20.281,0.142245,-0.1946304,9.901919700000002,0.002479023554833759,2,0.013278587893831162,0.5766223359699408,1,8.256053149308608
20.297,0.142245,-0.18864630000000002,9.8764137,0.002048600344458862,2,-0.02690145064842807,0.5766585569611352,1,8.265279396452057
20.313,0.2709522,-0.19011780000000003,9.9528336,0.003557864491003926,2,0.0943290091590769,0.576703408679819,1,8.274506292177183
20.344,0.1796211,-0.1930608,9.8046045,0.0013672423406472234,2,-0.07066523065666244,0.5767797478357095,1,8.292385281103174
20.36,0.1796211,-0.20954160000000002,9.871999200000001,0.0008814266059449238,2,-0.030363483418897066,0.5767977371872822,1,8.301613900983357
20.375,0.1437165,-0.20954160000000002,9.9064323,0.0012326785780683025,2,0.023416798141557692,0.5768135929761623,1,8.310265985959584
20.391,0.17069399999999998,-0.205029,9.9064323,0.0015834992282819371,2,0.02192629063835458,0.5768361223986131,1,8.31949518368258
20.422,0.09584369999999999,-0.23200650000000003,9.8615025,0.0008202255961382576,2,-0.024621730069149077,0.5768733801333916,1,8.337377680971828
20.438,0.16019730000000001,-0.2215098,9.8615025,9.005264225514509e-05,2,-0.04563580961769956,0.5768806623592988,1,8.34660771331177
20.453,0.16019730000000001,-0.21101310000000004,9.7911648,-0.0023428539951524385,2,-0.1621937758271661,0.576863766349152,1,8.355260796527084
20.469,0.1257642,-0.21101310000000004,9.9273276,-0.001408667860609114,2,0.05838663340895124,0.5768337541743059,1,8.364490376691272
20.5,0.11673900000000001,-0.2230794,9.883967400000001,-0.001550746502053002,2,-0.004583181982061078,0.5767878832516846,1,8.382371512071375
20.516,0.11673900000000001,-0.2065986,9.860031000000001,-0.002281740456339776,2,-0.045687122142928395,0.5767572233560175,1,8.391599872924235
20.531,0.173637,-0.2065986,9.9033912,-0.0019173058292203393,2,0.024295641807961513,0.5767257305088759,1,8.400250995078222
20.547,0.2215098,-0.205029,9.9033912,-0.00153927055715819,2,0.023627204503881692,0.5766980778977848,1,8.409478385545476
20.578,0.2215098,-0.23200650000000003,9.8944641,-0.0013735642889081134,2,0.005345363491938157,0.5766529289576708,1,8.427355326151735
20.594,0.2080701,-0.23053500000000002,9.8704296,-0.0018057684388423922,2,-0.027012759370889403,0.5766274942958488,1,8.436581569537765
20.61,0.2080701,-0.2559429,9.9288972,-0.0007869194444811711,2,0.06367806214758333,0.5766067527927822,1,8.445807443514473
20.625,0.1062423,-0.2559429,9.9064323,-0.00037992345929538374,2,0.027133065679051466,0.5765980014710038,1,8.454456479171451
20.641,0.1646118,-0.2350476,9.9064323,2.3975523031793955e-05,2,0.025243686395451385,0.5765951538875137,1,8.463682024414318
20.656,0.1406754,-0.23347800000000002,9.901919700000002,0.00029810448051570404,2,0.01827526383225998,0.5765975694875403,1,8.472330969839632
20.688,0.1406754,-0.2634966,9.7956774,-0.0020061714743242476,2,-0.07200862358874842,0.5765702404156393,1,8.490781654798083
20.703,0.16765290000000002,-0.2634966,9.851005800000001,-0.002895103540357269,2,-0.05926213773553251,0.5765334808530292,1,8.499429932707598
20.719,0.12272310000000002,-0.20355750000000003,9.9258561,-0.0019880517151076305,2,0.05669073907809606,0.5764944156109855,1,8.508654155879311
20.735,0.17510850000000003,-0.20355750000000003,9.979713000000002,0.00022914477499114128,2,0.1385747806311885,0.5764803443554646,1,8.517877953959042
20.75,0.1946304,-0.2006145,9.979713000000002,0.002399627333529608,2,0.1446988372358923,0.5765000601462785,1,8.526525306992806
20.766,0.1946304,-0.2274939,9.889951500000002,0.002342915757315822,2,-0.0035444735133620137,0.5765380004910052,1,8.535749611477902
20.797,0.19757340000000004,-0.2274939,9.874942200000001,0.0019230995771302162,2,-0.013542457425341096,0.5766041237286892,1,8.553623314403309
20.813,0.1646118,-0.19757340000000004,9.874942200000001,0.0014830854454235265,2,-0.027500883231671134,0.5766313732088696,1,8.562849198378808
20.828,0.1497006,-0.2514303,9.8944641,0.0015538050906460654,2,0.00471464301483575,0.5766541498878901,1,8.571498839802034
20.844,0.1257642,-0.2514303,9.9213435,0.002270007866762569,2,0.04476267350727646,0.5766847403915494,1,8.58072555092427
20.86,0.18864630000000002,-0.2394621,9.9213435,0.0029858151436972236,2,0.04473795480842084,0.5767267869756331,1,8.589952843143207
20.891,0.18864630000000002,-0.24544620000000003,9.9602892,0.004637163630739849,2,0.053269306033635125,0.5768449431466368,1,8.607833204960102
20.906,0.1392039,-0.24544620000000003,9.851005800000001,0.0035640293956440416,2,-0.07154228233971778,0.5769064520943347,1,8.616486340424409
20.922,0.142245,-0.205029,9.851005800000001,0.0024955971815661115,2,-0.06677701337986316,0.5769549291069523,1,8.62571723147402
20.938,0.142245,-0.19610190000000002,9.8285409,0.0009010342268851446,2,-0.09966018466757141,0.57698210215822,1,8.63494872772414
20.953,0.19610190000000002,-0.2230794,9.821085300000002,-0.0007997703383058052,2,-0.11338697101272568,0.5769828616373843,1,8.643603464952607
20.985,0.18109260000000002,-0.1856052,9.8644455,-0.0014279295437198414,2,-0.019629975169188612,0.5769472184392719,1,8.662066346233834
21.0,0.18109260000000002,-0.21709530000000002,9.9423369,-0.00012607985701329483,2,0.08678997911376649,0.5769355633687664,1,8.670720467097395
21.016,0.1796211,-0.21709530000000002,9.9812826,0.0020928819723629033,2,0.13868511433602765,0.5769512977856892,1,8.679951561986629
21.031,0.18109260000000002,-0.24397470000000002,9.836094600000001,0.00073399962655607,2,-0.09059215638711879,0.5769724993976811,1,8.688605990465504
21.063,0.13469129999999999,-0.24397470000000002,9.821085300000002,-0.0009758317040624576,2,-0.05343222908182894,0.576968630084441,1,8.707069048537218
21.078,0.1272357,-0.23200650000000003,9.821085300000002,-0.0026534547519929674,2,-0.11184153652869643,0.5769414104360205,1,8.715723373841122
21.094,0.1272357,-0.2290635,9.8928945,-0.0025410191101702395,2,0.007027227613919708,0.5768998546451233,1,8.724954103961773
21.11,0.1571562,-0.2290635,9.9408654,-0.0012512771729653593,2,0.08060887107531389,0.5768695162748582,1,8.734184258929131
21.125,0.18109260000000002,-0.2365191,9.9408654,2.119250618903834e-05,2,0.0848313119436233,0.5768602906398573,1,8.742837232480992
21.156,0.13469129999999999,-0.23799060000000002,9.975298500000001,0.0020850296673895485,2,0.06657539229679321,0.5768929370835478,1,8.760720407510705
21.172,0.16166880000000003,-0.23799060000000002,9.9303687,0.003012908476119236,2,0.057992425545598976,0.5769337205886959,1,8.769951020772083
21.188,0.1511721,-0.21856680000000003,9.9303687,0.003903238620116767,2,0.055645633999851805,0.5769890497654657,1,8.779182402934916
21.203,0.1511721,-0.2260224,9.818044200000001,0.002037338828403179,2,-0.1243933194475678,0.5770336040963296,1,8.78783757283888
21.219,0.19757340000000004,-0.2260224,9.833053500000002,0.000602950158908655,2,-0.08964929184339772,0.5770547264082282,1,8.797070279482918
21.235,0.16912439999999998,-0.20355750000000003,9.833053500000002,-0.0008213499674507574,2,-0.08901875789747307,0.5770529792097598,1,8.806303141127861
21.266,0.16912439999999998,-0.2230794,9.9378243,0.0003537757623774951,2,0.037907281607364444,0.5770457318095812,1,8.824191671148661
21.281,0.1377324,-0.21552570000000001,9.9213435,0.0010825217224272876,2,0.04858306400331766,0.5770565040407172,1,8.832847437917538
21.297,0.1257642,-0.2394621,9.9213435,0.0018030004482234574,2,0.045029920362255574,0.5770795882180824,1,8.842080526655609
21.313,0.1257642,-0.2290635,9.8584614,0.0009667454454920232,2,-0.052265937670720394,0.5771017461852321,1,8.851313977330834
21.344,0.13469129999999999,-0.2290635,9.871999200000001,0.00048383261686879564,2,-0.015577833181393254,0.5771242301451988,1,8.869204479963956
21.36,0.1362609,-0.2350476,9.871999200000001,1.665290271191111e-05,2,-0.0291987321348085,0.5771282340293554,1,8.878438499677351
21.375,0.23200650000000003,-0.21552570000000001,9.910846800000002,0.0005405620266323297,2,0.03492727492802658,0.5771324131413255,1,8.887095454531131
21.391,0.23200650000000003,-0.21258269999999999,9.910846800000002,0.0010501433520051506,2,0.03184883283580482,0.5771451387843546,1,8.896329674946536
21.406,0.23200650000000003,-0.2080701,9.8405091,-0.00016973882244641914,2,-0.08132547829676824,0.5771517418183263,1,8.904986901551057
21.422,0.142245,-0.2080701,9.8196138,-0.0019109560551378024,2,-0.10882607704319927,0.5771350962593056,1,8.91422119625568
21.453,0.1032993,-0.1586277,9.9138879,-0.001345143224463996,2,0.01825202679592994,0.5770846267204718,1,8.932111601961866
21.469,0.1377324,-0.23200650000000003,9.9138879,-0.0007476739910927677,2,0.037341827085697596,0.5770678841827473,1,8.941344822049093
21.485,0.1377324,-0.24397470000000002,9.957248100000001,0.0008993732286040057,2,0.10294045123105967,0.5770690977766474,1,8.950577917904766
21.5,0.1122264,-0.24397470000000002,9.9842256,0.00315619248280008,2,0.15045461694639925,0.5770995145194829,1,8.959234182496989
21.531,0.15421320000000002,-0.24397470000000002,9.862974000000001,0.002415520227936341,2,-0.02389265338270218,0.5771858760664993,1,8.97712560605107
21.547,0.1571562,-0.24397470000000002,9.8495343,0.0013663901413316637,2,-0.06557063041278498,0.5772161313494535,1,8.986360822110399
21.563,0.1631403,-0.23200650000000003,9.8495343,0.0003381704609211056,2,-0.06426373002566696,0.5772297678342715,1,8.995596389303868
21.578,0.173637,-0.2215098,9.8794548,6.298417530814504e-05,2,-0.018345752374196674,0.5772327764940433,1,9.00425485838633
21.594,0.1796211,-0.1870767,9.874942200000001,-0.0003302673284224511,2,-0.024578218983159508,0.5772306382288184,1,9.013490565704114
21.625,0.19610190000000002,-0.21258269999999999,9.874942200000001,-0.0006936992513981721,2,-0.011723610418572098,0.5772147667468311,1,9.031384469481235
21.641,0.19610190000000002,-0.17069399999999998,9.9064323,-0.0003003004602017967,2,0.024587424449776175,0.5772068147491384,1,9.040619842133202
21.656,0.2065986,-0.17069399999999998,9.9138879,0.00027048244047911396,2,0.03805219337872594,0.5772065911139904,1,9.049277942677175
21.672,0.1287072,-0.2274939,9.9138879,0.0008230394753887538,2,0.03453481468184862,0.5772153392893173,1,9.058513318120403
21.703,0.1302768,-0.2829204,9.854046900000002,-6.140743751181788e-05,2,-0.028530545577438893,0.5772271445859044,1,9.076407176620467
21.719,0.0973152,-0.2260224,9.854046900000002,-0.0009693856991415117,2,-0.05674864135184952,0.5772188982408112,1,9.085642744963081
21.735,0.0973152,-0.2290635,9.7806681,-0.003642657934317839,2,-0.16707951469853885,0.5771820018917435,1,9.094877952164142
21.75,0.1272357,-0.2290635,9.8136297,-0.0054386999387752155,2,-0.11973613363048724,0.5771138917076953,1,9.103535171366138
21.766,0.21709530000000002,-0.24103170000000002,9.860031000000001,-0.006014390801002634,2,-0.0359806788892176,0.5770222669817772,1,9.112768260635653
21.781,0.19757340000000004,-0.21552570000000001,9.860031000000001,-0.006600443453171678,2,-0.039070176811268155,0.5769276557248708,1,9.121422885055953
21.797,0.19757340000000004,-0.2200383,9.9153594,-0.00582090218985698,2,0.048721328957163176,0.5768282849597266,1,9.13065293258143
21.828,0.1406754,-0.2200383,9.967744800000002,-0.003806783421127946,2,0.06497157318481005,0.5766790558327564,1,9.148532296363713
21.844,0.1406754,-0.18266220000000002,9.955776600000002,-0.0021520277810580524,2,0.10342222750435678,0.5766313853431388,1,9.157758779893122
21.86,0.17667810000000003,-0.18266220000000002,9.931840200000002,-0.001107264733317237,2,0.06529769048380815,0.5766053110030238,1,9.16698467346389
21.875,0.1437165,-0.18109260000000002,9.931840200000002,-0.00010164799266654256,2,0.06704111604337709,0.5765962441575789,1,9.175633685127595
21.906,0.1437165,-0.23799060000000002,9.8285409,-0.0016097875792517868,2,-0.04864966408339685,0.5765697169062142,1,9.193507757524083
21.922,0.1930608,-0.2499588,9.895935600000001,-0.001410359653544191,2,0.012464245356723351,0.5765455557283518,1,9.20273267970516
21.938,0.142245,-0.21552570000000001,9.895935600000001,-0.001256528074605967,2,0.00961447368364005,0.5765242206265265,1,9.211957237915998
21.953,0.142245,-0.24103170000000002,9.889951500000002,-0.0012379985821731054,2,0.0012352994955240608,0.5765055116766007,1,9.220604960908272
21.969,0.16166880000000003,-0.24103170000000002,9.9093753,-0.0007390972115217664,2,0.031181335665705197,0.5764896949102511,1,9.229828922560968
21.985,0.205029,-0.23053500000000002,9.9093753,-0.00023889429504109216,2,0.031262682280045584,0.5764818709781987,1,9.239052695088073
22.0,0.205029,-0.20355750000000003,9.9168309,0.0004164698346382778,2,0.043690941978623006,0.5764832027947456,1,9.247699933141371
22.031,0.2140542,-0.20355750000000003,9.856989900000002,-0.00039838689384907866,2,-0.026285700918947996,0.5764834830803278,1,9.265570916772434
22.047,0.1930608,-0.23200650000000003,9.856989900000002,-0.0011886146493385041,2,-0.04938923471808356,0.5764707870679823,1,9.274794550933622
22.063,0.1437165,-0.2006145,9.9303687,-0.00020774584326943568,2,0.06130430037932353,0.5764596161840414,1,9.284017994159637
22.078,0.1406754,-0.2484873,9.8151012,-0.002035696103311224,2,-0.12186335066944795,0.576442790369442,1,9.292664762208789
22.11,0.1646118,-0.23799060000000002,9.8151012,-0.0038163285925634227,2,-0.055644765289131155,0.576349157974308,1,9.311109433382288
22.125,0.16019730000000001,-0.2575125,9.842078700000002,-0.004885623697695962,2,-0.07128634034216659,0.576283893332131,1,9.319754181267086
22.141,0.1511721,-0.2425032,9.842078700000002,-0.005941613890138697,2,-0.06599938702767821,0.5761972754314284,1,9.328974030617195
22.156,0.1511721,-0.22455090000000003,9.900448200000001,-0.00555912203120279,2,0.025499457262392847,0.5761110199120183,1,9.337616342832272
22.188,0.1511721,-0.22455090000000003,9.9093753,-0.004968306362730601,2,0.018462989639755883,0.5759425810577153,1,9.356049200447787
22.203,0.1796211,-0.2006145,9.9093753,-0.00439284341009305,2,0.038364196842501946,0.5758723724344191,1,9.364687812598978
22.235,0.142245,-0.1870767,9.9093753,-0.003852673378496263,2,0.016880313487399587,0.5757404441658017,1,9.383113617664582
22.25,0.16912439999999998,-0.20954160000000002,9.833053500000002,-0.005165235039886085,2,-0.08750411075931813,0.5756728098526639,1,9.391749217069721
22.266,0.1571562,-0.2649681,9.833053500000002,-0.006418019832249655,2,-0.07829904952273177,0.5755801438136868,1,9.40095924069905
22.281,0.1571562,-0.24701580000000004,9.8255979,-0.007833406064627013,2,-0.09435908215848696,0.5754732581194603,1,9.40959214121355
22.297,0.17069399999999998,-0.23799060000000002,9.8974071,-0.007463522895305275,2,0.023117698082606074,0.5753508826877808,1,9.418798734340008
22.328,0.17069399999999998,-0.2140542,9.8944641,-0.007187741132549164,2,0.008896185895358762,0.575123788095349,1,9.436631091737146
22.344,0.11821050000000001,-0.2140542,9.951264,-0.005552424713522797,2,0.1022072761891365,0.5750218667685805,1,9.44583225697606
22.36,0.18266220000000002,-0.2200383,9.951264,-0.003930056001264504,2,0.10139804451615449,0.5749460069228621,1,9.45503199996559
22.375,0.18266220000000002,-0.21552570000000001,9.9243846,-0.0030049953580295607,2,0.061670709548993854,0.5748939940376674,1,9.463655799972793
22.391,0.18864630000000002,-0.1915893,9.821085300000002,-0.004630299060496057,2,-0.1015814814041672,0.5748329116823192,1,9.472853615218552
22.422,0.21258269999999999,-0.2006145,9.821085300000002,-0.006199646975602491,2,-0.05062412629375208,0.5746650475187597,1,9.49067083358617
22.438,0.21258269999999999,-0.20355750000000003,9.8809263,-0.006270356190837489,2,-0.0044193259521879006,0.5745652874934282,1,9.499864676266267
22.453,0.17667810000000003,-0.20355750000000003,9.910846800000002,-0.005627085624986705,2,0.042884704390050654,0.5744760566798095,1,9.508482486347566
22.469,0.1661814,-0.20954160000000002,9.910846800000002,-0.005000890666529756,2,0.03913718490355495,0.5743910328694773,1,9.517673423063961
22.485,0.1661814,-0.24701580000000004,9.931840200000002,-0.003857121084452686,2,0.07148559887982474,0.5743201687754695,1,9.52686311267712
22.5,0.113796,-0.24701580000000004,9.898878600000002,-0.003562889119709922,2,0.01961546431618351,0.5742645186989384,1,9.535477497833178
22.531,0.16019730000000001,-0.23799060000000002,9.866015100000002,-0.004066778734760135,2,-0.016254503711297805,0.5741462588471941,1,9.553277864885143
22.547,0.2200383,-0.23799060000000002,9.9033912,-0.0036191441605772923,2,0.027977160886424525,0.5740847714640314,1,9.562463713127633
22.563,0.17069399999999998,-0.2484873,9.907903800000001,-0.003089860299215985,2,0.03308024133508534,0.5740310994283531,1,9.571648640094772
22.578,0.0928026,-0.19011780000000003,9.907903800000001,-0.002630239399993073,2,0.030641393281526322,0.573988198680609,1,9.580258784830589
22.594,0.0928026,-0.16166880000000003,9.97677,-0.0005147763101902569,2,0.1322164431126612,0.5739630385549276,1,9.589442394728474
22.625,0.1990449,-0.2140542,9.8644455,-0.0011274023915053277,2,-0.019762131655325626,0.5739375847850513,1,9.607234854390242
22.641,0.1990449,-0.23347800000000002,9.8854389,-0.0012025575149312573,2,-0.004697195214121114,0.5739189451057998,1,9.616417706629369
22.656,0.20954160000000002,-0.23347800000000002,9.854046900000002,-0.002035863360539736,2,-0.05555372304056313,0.5738946569492337,1,9.625026308644781
22.672,0.18109260000000002,-0.2649681,9.854046900000002,-0.0028431758492573067,2,-0.05045703054484253,0.5738556246355553,1,9.63420831089746
22.688,0.18109260000000002,-0.205029,9.888480000000001,-0.00282613640087348,2,0.001064965523989276,0.5738102701375543,1,9.643389638055643
22.719,0.11978010000000001,-0.1870767,9.946849499999999,-0.001417644776564586,2,0.045435213687380224,0.573744491529304,1,9.661176736861481
22.735,0.18109260000000002,-0.1870767,9.8854389,-0.0015181998809623565,2,-0.006284694024861341,0.5737210047720438,1,9.670356460831892
22.75,0.1511721,-0.18109260000000002,9.843550200000001,-0.0026526635274404242,2,-0.07563090976520165,0.5736897232964808,1,9.678962041292406
22.766,0.17510850000000003,-0.18109260000000002,9.856989900000002,-0.003422094133140874,2,-0.048089412856283396,0.5736411252351962,1,9.688140688080658
22.781,0.19610190000000002,-0.1930608,9.856989900000002,-0.004157581934316923,2,-0.04903252007840141,0.5735842776646902,1,9.696744878602408
22.813,0.19610190000000002,-0.20954160000000002,9.975298500000001,-0.0019825574183993666,2,0.06796951612242358,0.5734860354350467,1,9.715098003612002
22.828,0.16765290000000002,-0.20954160000000002,9.9243846,-0.001114579720686848,2,0.05786517984749905,0.5734628069065035,1,9.723700119929564
22.844,0.1257642,-0.23053500000000002,9.9243846,-0.0002715213713635478,2,0.05269114683270036,0.5734517180977671,1,9.7328754361296
22.86,0.1257642,-0.2140542,9.842078700000002,-0.0014648540131751986,2,-0.07458329011323639,0.5734378270946907,1,9.742050552491138
22.891,0.16765290000000002,-0.2140542,9.8928945,-0.0013749174414101617,2,0.0029011797343561404,0.5733938106371447,1,9.759826442875982
22.906,0.1437165,-0.23053500000000002,9.8928945,-0.0012873295563196052,2,0.005839192339370211,0.5733738437846617,1,9.768427200284146
22.922,0.1437165,-0.1781496,9.895935600000001,-0.0011541074583636401,2,0.008326381122246885,0.5733543122885443,1,9.777601025532732
22.938,0.173637,-0.1781496,9.9168309,-0.0005029557517275407,2,0.0406969816647607,0.5733410557828635,1,9.786774588477302
22.953,0.19011780000000003,-0.1212516,9.9168309,0.0001187413254815084,2,0.041446471813935036,0.5733381741746667,1,9.795374682701985
22.969,0.1930608,-0.2260224,9.8495343,-0.0008692500045679452,2,-0.06174945812808394,0.573332170105234,1,9.804548045456224
23.0,0.1362609,-0.2604555,9.8495343,-0.0018355628413520009,2,-0.03117138183174493,0.5732902455061222,1,9.822320692898199
23.016,0.16765290000000002,-0.2559429,9.8689581,-0.002295860747947742,2,-0.028768619162237,0.5732571941174078,1,9.831493072415187
23.031,0.16765290000000002,-0.2604555,9.8375661,-0.0035073342039737554,2,-0.08076489706839782,0.5732136701552685,1,9.840091603897232
23.047,0.1631403,-0.2604555,9.8524773,-0.004327598357535933,2,-0.051266509597630384,0.5731509906947764,1,9.849262521184034
23.063,0.1511721,-0.1781496,9.8524773,-0.005177176645936754,2,-0.053098643025057145,0.5730749524947486,1,9.858432328729549
23.078,0.1511721,-0.17510850000000003,9.871999200000001,-0.005531349907274219,2,-0.023611550755830095,0.5729946385455995,1,9.867027850662351
23.11,0.20208600000000002,-0.2230794,9.836094600000001,-0.006706400705740023,2,-0.03672033745205635,0.5727988345357913,1,9.885360546231654
23.125,0.20208600000000002,-0.2425032,9.889951500000002,-0.006528674281382152,2,0.011848428290524307,0.5726995714733879,1,9.893951784276723
23.141,0.1362609,-0.2425032,9.845021700000002,-0.007478146706212385,2,-0.05934202655189612,0.5725875169054871,1,9.903114080983753
23.156,0.1377324,-0.2559429,9.845021700000002,-0.008395667440176169,2,-0.06116804893091659,0.5724684632993893,1,9.911702000835291
23.172,0.17510850000000003,-0.21101310000000004,9.901919700000002,-0.007915088136787318,2,0.0300362064617998,0.5723379772547735,1,9.920860452359726
23.203,0.16765290000000002,-0.22455090000000003,9.8495343,-0.008719295631662405,2,-0.02594217725403605,0.5720801443063626,1,9.938598933243922
23.219,0.17667810000000003,-0.2140542,9.8495343,-0.009505740137326413,2,-0.04915278160399499,0.5719343440202106,1,9.947751049150536
23.235,0.17667810000000003,-0.24701580000000004,9.9408654,-0.008027655105021125,2,0.09238031451909064,0.5717940768582719,1,9.956900876517564
23.266,0.18109260000000002,-0.24701580000000004,9.943808400000002,-0.006511937858045158,2,0.04889410474116212,0.5715687131673444,1,9.97462299976296
23.281,0.1466595,-0.20355750000000003,9.943808400000002,-0.005071029324648535,2,0.09606056889310458,0.5714818409134742,1,9.983195878918567
23.297,0.1946304,-0.1930608,9.978241500000001,-0.0028107833796635617,2,0.141265371561545,0.5714187864118397,1,9.99233908393717
23.313,0.173637,-0.23200650000000003,9.978241500000001,-0.0005948860335500683,2,0.1384935841321086,0.571391541056534,1,10.001481566556915
23.328,0.17069399999999998,-0.2274939,9.922913099999999,0.0002142715912807347,2,0.05394384165538482,0.5713886864482169,1,10.010052418263202
23.344,0.17069399999999998,-0.24701580000000004,9.855518400000001,-0.0006279428056448211,2,-0.052638399807841345,0.571385377078502,1,10.019194610771416
23.375,0.0823059,-0.24701580000000004,9.8405091,-0.0018432274994513165,2,-0.039202732058275555,0.571347073938773,1,10.036906963762183
23.391,0.1272357,-0.1781496,9.8405091,-0.003053481830916027,2,-0.07564089571655275,0.5713079002641301,1,10.046048203555806
23.406,0.19011780000000003,-0.21258269999999999,9.8824959,-0.0031691870276411294,2,-0.007713679781673185,0.5712612302476909,1,10.054617472034645
23.422,0.1377324,-0.2365191,9.8824959,-0.003289995116144695,2,-0.007550505531472006,0.5712095567905406,1,10.063757238330952
23.438,0.1377324,-0.2499588,9.8854389,-0.0033280411924625497,2,-0.0023778797698661824,0.5711566125000718,1,10.072896167685276
23.453,0.11978010000000001,-0.2499588,9.888480000000001,-0.003296716036285119,2,0.002088343745161975,0.5711069268208562,1,10.081463144230183
23.485,0.1586277,-0.18413369999999998,9.8764137,-0.0035822595469863217,2,-0.008923234709412578,0.5709968632115239,1,10.099736804870702
23.5,0.1781496,-0.20355750000000003,9.8764137,-0.003843428056731213,2,-0.01741123398299209,0.570941170554496,1,10.108301340123948
23.516,0.1946304,-0.20355750000000003,9.9184005,-0.0030669895289090476,2,0.04852740798889067,0.5708858872138108,1,10.117435956586093
23.531,0.1646118,-0.2499588,9.9184005,-0.002296879051488787,2,0.05134069849468209,0.5708456581994579,1,10.125998943176693
23.547,0.1646118,-0.18109260000000002,9.8734707,-0.002677550626790648,2,-0.02379197345636364,0.5708058627620316,1,10.135132155344387
23.578,0.15568469999999998,-0.18109260000000002,9.777627,-0.005389429151239966,2,-0.08747995240159429,0.5706808245754721,1,10.152825198998118
23.594,0.18413369999999998,-0.19757340000000004,9.777627,-0.008015329557498063,2,-0.1641187753911127,0.5705735865058021,1,10.161955234286769
23.61,0.18413369999999998,-0.258984,9.900448200000001,-0.007548152019348109,2,0.029198596134375362,0.5704490786531874,1,10.17108341560804
23.625,0.1870767,-0.258984,9.862974000000001,-0.008004551623820078,2,-0.030426640298130095,0.5703324333758636,1,10.179639276948258
23.641,0.18266220000000002,-0.1990449,9.97677,-0.005711283492514596,2,0.14332925820660838,0.5702227066949329,1,10.188763718068824
23.656,0.16765290000000002,-0.1856052,9.8809263,-0.005823600405225449,2,-0.007487794180723218,0.5701361950656999,1,10.197316409832029
23.688,0.16912439999999998,-0.1856052,9.891423,-0.005676631912336916,2,0.004592765402766648,0.5699521913486189,1,10.215557824014658
23.703,0.1646118,-0.1990449,9.891423,-0.005528732710747164,2,0.009859946772649746,0.5698681511139457,1,10.224106476583128
23.719,0.1646118,-0.318825,9.9947223,-0.002790145470223493,2,0.1711617025327103,0.569801600088498,1,10.233223834592748
23.735,0.21552570000000001,-0.318825,9.9184005,-0.0019548724840294796,2,0.05220456163713159,0.569763639944864,1,10.242340356513013
23.75,0.1571562,-0.18413369999999998,9.9184005,-0.001249955375573819,2,0.04699447389704225,0.569739603735917,1,10.25088663084062
23.781,0.18413369999999998,-0.2649681,9.9048627,-0.0008363132783912874,2,0.013343293457501534,0.5697072665717806,1,10.268548057330388
23.813,0.1586277,-0.1466595,9.898878600000002,-0.0006493753116671996,2,0.005841811460127739,0.5696834955543397,1,10.286778309524406
23.828,0.1586277,-0.20208600000000002,9.8794548,-0.0009167814212034386,2,-0.017827073969081925,0.5696717493788432,1,10.295323473861405
23.844,0.2215098,-0.20208600000000002,9.922913099999999,-8.869765714791811e-05,2,0.05175523525346424,0.5696637055462165,1,10.304438157500806
23.86,0.1482291,-0.2425032,9.922913099999999,0.0007079784719561388,2,0.04979225806900904,0.569668659792735,1,10.313552816423517
23.875,0.1482291,-0.18413369999999998,9.9273276,0.001562269369847158,2,0.05695272652606578,0.5696856866515485,1,10.32209797402185
23.891,0.1856052,-0.18413369999999998,9.895935600000001,0.0016456545308347614,2,0.005211572561725794,0.569711350042754,1,10.331213150315403
23.922,0.1526436,-0.16912439999999998,9.8689581,0.0010489254660228653,2,-0.019249324671350022,0.5697531160327053,1,10.348874849539573
23.938,0.2006145,-0.205029,9.8016615,-0.001136404342327424,2,-0.13658311302190812,0.5697524162016948,1,10.357990893797448
23.953,0.1586277,-0.205029,9.8255979,-0.0027035817116729532,2,-0.104478491289698,0.5697236163062898,1,10.366536964041257
23.969,0.1377324,-0.23799060000000002,9.8255979,-0.004222100833683129,2,-0.09490744512562536,0.5696682108459269,1,10.375652098658476
23.985,0.1377324,-0.23799060000000002,9.8944641,-0.004024572267303128,2,0.012345535398751412,0.569602237461119,1,10.38476626224493
24.016,0.18109260000000002,-0.23799060000000002,9.907903800000001,-0.0034871817644734904,2,0.017335177510634143,0.5694858052736265,1,10.402422126907318
24.031,0.2006145,-0.24103170000000002,9.907903800000001,-0.0029519386988230423,2,0.035682871043361854,0.5694375118701518,1,10.410964051785896
24.047,0.1511721,-0.17667810000000003,9.9064323,-0.0025201044958826913,2,0.026989637683768917,0.5693937355245942,1,10.420074701765055
24.063,0.1796211,-0.2274939,9.9064323,-0.00206194758612277,2,0.02863480685999824,0.5693570791079381,1,10.429184708282113
24.078,0.1796211,-0.20355750000000003,9.946849499999999,-0.0006422447631440065,2,0.0946468548652473,0.5693367976653186,1,10.437724912357913
24.11,0.1392039,-0.2365191,9.866015100000002,-0.001225998469761791,2,-0.018242303331805747,0.5693069057735921,1,10.455943211612935
24.125,0.1631403,-0.2365191,9.888480000000001,-0.0012388796933908708,2,-0.0008587482419386235,0.5692884191873685,1,10.464482676550142
24.141,0.16166880000000003,-0.2215098,9.888480000000001,-0.0012605108554275546,2,-0.0013519476272928867,0.569268424062978,1,10.473591131296144
24.156,0.19757340000000004,-0.2006145,9.874942200000001,-0.0016066433982047101,2,-0.023075502851809496,0.5692469204060757,1,10.482129996379662
24.188,0.17069399999999998,-0.22455090000000003,9.874942200000001,-0.0019439903547073811,2,-0.01054209239070846,0.5691901102660292,1,10.500344988870415
24.203,0.17069399999999998,-0.17510850000000003,9.8794548,-0.00218747380897355,2,-0.01623223028441065,0.5691591242848015,1,10.508882608129547
24.219,0.16019730000000001,-0.17510850000000003,9.9288972,-0.001223738624641868,2,0.0602334490207234,0.5691318345853326,1,10.517988935800508
24.235,0.17510850000000003,-0.2065986,9.9288972,-0.00026261154880202753,2,0.06007044223999664,0.569119943783945,1,10.527094950027461
24.25,0.17510850000000003,-0.24103170000000002,9.8704296,-0.0007313967539346322,2,-0.03125234700883913,0.5691124887216745,1,10.535631693271254
24.266,0.18266220000000002,-0.2274939,9.843550200000001,-0.0018485519884112733,2,-0.06982220215479776,0.5690918491317357,1,10.544737327974081
24.297,0.17667810000000003,-0.1930608,9.843550200000001,-0.002959055839770741,2,-0.03582270488256075,0.5690173312103989,1,10.562378020269385
24.313,0.17667810000000003,-0.24701580000000004,9.843550200000001,-0.0040130696942970445,2,-0.06587586590790122,0.5689615542061264,1,10.571481851352717
24.328,0.1586277,-0.24701580000000004,9.8464932,-0.00497712213791246,2,-0.06427016290769191,0.5688941277673848,1,10.580015768967518
24.344,0.1796211,-0.21101310000000004,9.8464932,-0.005929285081712976,2,-0.05951018398752561,0.5688068765096278,1,10.589117377001736
24.375,0.1497006,-0.20355750000000003,9.889951500000002,-0.005814639374168706,2,0.0036982486304604563,0.5686248456805616,1,10.606747568695683
24.391,0.16019730000000001,-0.23200650000000003,9.889951500000002,-0.005683506303364894,2,0.0081958169252392,0.5685328605151413,1,10.615844830345248
24.406,0.16019730000000001,-0.2260224,9.9303687,-0.004573549586201153,2,0.07399711447757988,0.5684559325959695,1,10.624372246293582
24.422,0.18266220000000002,-0.2290635,9.856989900000002,-0.005268453695776998,2,-0.04343150684848543,0.5683771965697136,1,10.63346691132691
24.453,0.1631403,-0.20954160000000002,9.889951500000002,-0.005161695962909718,2,0.0034437978344285113,0.568215529250004,1,10.651084098577114
24.469,0.1631403,-0.17069399999999998,9.874942200000001,-0.005441726396540503,2,-0.017501902101922078,0.5681307018711284,1,10.660174868426084
24.485,0.1392039,-0.17069399999999998,9.9827541,-0.0030949501219907916,2,0.1466735171593731,0.5680624084589802,1,10.669264413308724
24.5,0.15568469999999998,-0.18413369999999998,9.9827541,-0.0007936527413026084,2,0.1534198253792064,0.5680332439375054,1,10.677785130701698
24.531,0.15568469999999998,-0.1856052,9.945279900000001,0.0005384450323742129,2,0.042970895925060405,0.568029288218017,1,10.695394099950109
24.547,0.1646118,-0.2290635,9.9363528,0.0016460007908261076,2,0.06922223490323567,0.5680467637846026,1,10.70448270836613
24.563,0.1646118,-0.1990449,9.9064323,0.0019812551226703334,2,0.02095339574026642,0.5680757818319105,1,10.713571688731061
24.578,0.19757340000000004,-0.1796211,9.855518400000001,0.0010726231796223118,2,-0.060575462869865815,0.5680986859191778,1,10.722092997239194
24.594,0.18266220000000002,-0.1796211,9.9842256,0.0033172934001406418,2,0.14029188878237991,0.5681338052518159,1,10.731182857168564
24.61,0.1511721,-0.21856680000000003,9.9842256,0.005513314852334972,2,0.13725134076216075,0.5682044501178357,1,10.74027356321152
24.641,0.1511721,-0.21709530000000002,9.9033912,0.005684118660038706,2,0.005509800248507773,0.5683780103372775,1,10.757890591348573
24.656,0.1661814,-0.2230794,9.9138879,0.0061157784488532485,2,0.028777319254301735,0.5684665095655942,1,10.766416925247846
24.672,0.1661814,-0.1990449,9.8764137,0.005610743225885173,2,-0.031564701435501184,0.5685603217389921,1,10.775513139898283
24.688,0.2080701,-0.1990449,9.9048627,0.0058309600872643585,2,0.01376355383620061,0.5686518553654972,1,10.784610837315117
24.719,0.2365191,-0.21552570000000001,9.9048627,0.006069779471285841,2,0.0077038510974665915,0.5688363168286548,1,10.802241903984129
24.735,0.1631403,-0.2394621,9.907903800000001,0.006354227647555888,2,0.017778011016879883,0.5689357088856055,1,10.811344080189842
24.75,0.16019730000000001,-0.2394621,9.8944641,0.006302908432516574,2,-0.0034212810026207907,0.5690306374062061,1,10.819878827787031
24.766,0.1930608,-0.21856680000000003,9.8944641,0.006255352499795919,2,-0.0029722457950412894,0.5691311034936646,1,10.828984121714228
24.797,0.1930608,-0.2350476,9.836094600000001,0.004795196391532031,2,-0.04710180994399281,0.5693023870014802,1,10.846629840816904
24.813,0.2140542,-0.2350476,9.866015100000002,0.0041106336485441375,2,-0.04278517143674803,0.5693736336418008,1,10.855739248982049
24.828,0.1646118,-0.1856052,9.8764137,0.0036474823472723017,2,-0.030876753418121215,0.5694318195117695,1,10.864280289880702
24.844,0.1946304,-0.1856052,9.8824959,0.0033572299778175108,2,-0.018140773090922404,0.5694878572103702,1,10.87339164729448
24.86,0.173637,-0.2215098,9.8824959,0.0030825511925591798,2,-0.01716742407864758,0.5695393754597332,1,10.882503865155838
24.891,0.173637,-0.1586277,9.891423,0.003002756974099796,2,-0.00257400704707699,0.5696336977363164,1,10.900161047790377
24.906,0.145188,-0.258984,9.877983300000002,0.002637732369050738,2,-0.024334973669936276,0.5696760014063901,1,10.908705870533947
24.922,0.1272357,-0.258984,9.891423,0.0026032335790997507,2,-0.0021561743719364732,0.5697179291339752,1,10.91782102197827
24.938,0.18864630000000002,-0.2484873,9.891423,0.002586917238547315,2,-0.00101977128452735,0.5697594503405164,1,10.926936841014065
24.953,0.21856680000000003,-0.24103170000000002,9.8928945,0.002617386246567932,2,0.002031267201374399,0.5697984826166548,1,10.935483525511245
24.985,0.20355750000000003,-0.19610190000000002,9.8928945,0.0026151061377071017,2,-7.125340190095024e-05,0.5698822024948031,1,10.953718416473029
25.0,0.20355750000000003,-0.16765290000000002,9.9243846,0.0033679091553171503,2,0.05018686784066801,0.5699270751095008,1,10.962266986055061
25.016,0.19011780000000003,-0.16765290000000002,9.898878600000002,0.003473957654481552,2,0.006628031197775839,0.5699818100439792,1,10.971386257136288
25.031,0.1257642,-0.20355750000000003,9.898878600000002,0.0035687985076702233,2,0.0063227235459111806,0.5700346307151953,1,10.979936380441982
25.047,0.1646118,-0.2634966,9.891423,0.0035279387488103,2,-0.0025537349287449358,0.5700914046132471,1,10.98905738872461
25.078,0.19757340000000004,-0.2634966,9.946849499999999,0.004853907766477761,2,0.042773194118306844,0.5702213232342341,1,11.006732236006245
25.094,0.19011780000000003,-0.23200650000000003,9.946849499999999,0.006124873370980666,2,0.07943535028142266,0.5703091534833338,1,11.015856479819988
25.11,0.19011780000000003,-0.2365191,9.961760700000001,0.0077309497052571174,2,0.10037977089228929,0.5704200000679437,1,11.024982313048397
25.125,0.2006145,-0.2365191,9.9124164,0.00809993820597299,2,0.024599233381057215,0.5705387317272779,1,11.033539503536861
25.141,0.19610190000000002,-0.2080701,9.9124164,0.008442171713927138,2,0.021389594247136625,0.5706710686066371,1,11.042669181939532
25.156,0.19610190000000002,-0.21101310000000004,9.8120601,0.006330903700433765,2,-0.14075120089955284,0.5707818666722448,1,11.051230078954124
25.188,0.1631403,-0.21101310000000004,9.866015100000002,0.0055719111678715905,2,-0.023718516642567945,0.5709723117101377,1,11.069498145808241
25.203,0.11978010000000001,-0.24701580000000004,9.9258561,0.006295623660605543,2,0.04824749951559499,0.5710613182213513,1,11.078063398032727
25.219,0.1511721,-0.2230794,9.958817699999999,0.0078019576240606625,2,0.09414587271593446,0.5711740988716286,1,11.087201281369472
25.235,0.1915893,-0.2230794,9.9273276,0.008520793702233576,2,0.044927254885812014,0.571304680882239,1,11.096341111607503
25.266,0.21709530000000002,-0.23799060000000002,9.9273276,0.009243337741224877,2,0.023307872225526764,0.5715800249196126,1,11.11405582454743
25.281,0.18413369999999998,-0.2215098,9.8046045,0.006930750297648558,2,-0.15417249623841545,0.5717013305799041,1,11.122630434713676
25.297,0.1870767,-0.21552570000000001,9.8046045,0.004672674162598867,2,-0.14112975844058992,0.5717941579755861,1,11.13177839862212
25.313,0.1870767,-0.18864630000000002,9.888480000000001,0.004501165323359757,2,-0.010719302452445527,0.5718675486914737,1,11.140927692275456
25.328,0.18109260000000002,-0.18864630000000002,9.898878600000002,0.004584659353833231,2,0.005566268698231414,0.5719356923765526,1,11.149506216583466
25.344,0.1661814,-0.1661814,9.898878600000002,0.004649922333912926,2,0.0040789362549804465,0.5720095690300546,1,11.158657778674721
25.375,0.1661814,-0.1856052,9.901919700000002,0.004796158805742579,2,0.004717305542892205,0.5721559832877193,1,11.176392344735646
25.391,0.16912439999999998,-0.2230794,9.931840200000002,0.005688376376300042,2,0.055763598159847584,0.5722398595691757,1,11.1855475114785
25.406,0.2006145,-0.23200650000000003,9.900448200000001,0.00581281633042785,2,0.008295996941853586,0.5723261185144761,1,11.194131756314128
25.422,0.2006145,-0.19610190000000002,9.830012400000001,0.004198043690607278,2,-0.10092328998877445,0.5724062053946444,1,11.203289614905403
25.438,0.1511721,-0.19610190000000002,9.9168309,0.00471794439991946,2,0.032493794332014964,0.5724775332993686,1,11.212448684814953
25.453,0.11526750000000001,-0.2080701,9.9168309,0.005219350665617739,2,0.03342708437988398,0.5725520630123601,1,11.221036406787292
25.485,0.11526750000000001,-0.2140542,9.934881299999999,0.006151754620809413,2,0.02913762359973979,0.5727340006969429,1,11.239360983806641
25.5,0.1646118,-0.2140542,9.919872000000002,0.006712418615039795,2,0.03737759961535735,0.5728304819962118,1,11.24795271742684
25.516,0.21709530000000002,-0.20355750000000003,9.856989900000002,0.005745623611984385,2,-0.06042468769096975,0.572930146334028,1,11.25711880245348
25.531,0.21101310000000004,-0.2290635,9.874942200000001,0.00525047734493711,2,-0.03300975113648375,0.5730126170912049,1,11.26571337317917
25.563,0.15568469999999998,-0.2290635,9.891423,0.005144176169373793,2,-0.0033219117363536524,0.5731789315474338,1,11.284052437957387
25.578,0.1317483,-0.21552570000000001,9.891423,0.005024570411830354,2,-0.007973717169562331,0.5732551971467928,1,11.292650693922594
25.594,0.1317483,-0.23200650000000003,9.9153594,0.005500575091479831,2,0.029750292478089024,0.5733393983108194,1,11.301823450686257
25.61,0.1392039,-0.23200650000000003,9.9243846,0.006187498565427774,2,0.042932717121751125,0.5734329029000746,1,11.310997629095944
25.625,0.173637,-0.2664396,9.874942200000001,0.005686688999446687,2,-0.03338730439873782,0.5735219593068112,1,11.319599790562496
25.656,0.21101310000000004,-0.2664396,9.8495343,0.004596501864384095,2,-0.03516732693750434,0.5736813487652005,1,11.33738144183761
25.672,0.18109260000000002,-0.23053500000000002,9.8495343,0.0034963047729466012,2,-0.06876231821483567,0.5737460912182991,1,11.34656086135748
25.688,0.16166880000000003,-0.1796211,9.9633303,0.005163542235223417,2,0.10420234139231248,0.5738153699943644,1,11.355741353047181
25.703,0.16166880000000003,-0.2006145,9.9392958,0.006213871872796872,2,0.07002197583822768,0.5739007006001746,1,11.36434922357664
25.719,0.1482291,-0.2006145,9.860031000000001,0.005300800759643565,2,-0.05706694457207534,0.5739928179812341,1,11.373532371725293
25.735,0.2140542,-0.23200650000000003,9.860031000000001,0.004456272476272005,2,-0.05278301771072828,0.5740708745671215,1,11.38271688126568
25.766,0.205029,-0.2006145,9.7971489,0.0020778203529641104,2,-0.07672426204219311,0.5741721530059746,1,11.400514648193061
25.781,0.18266220000000002,-0.19757340000000004,9.7971489,-0.0002549169555017272,2,-0.1555158205643833,0.5741858247814555,1,11.409127333026467
25.797,0.18266220000000002,-0.1287072,9.900448200000001,-3.9871879167208135e-05,2,0.013440317270905939,0.5741834664707782,1,11.418314287356486
25.813,0.18266220000000002,-0.1287072,9.945279900000001,0.001263107149293674,2,0.0814361892788141,0.5741932523529393,1,11.427501301107075
25.828,0.1661814,-0.1946304,9.945279900000001,0.0025533882872839087,2,0.08601874253267905,0.5742218760687136,1,11.436114414570238
25.86,0.1721655,-0.2425032,9.871999200000001,0.0020538022608906914,2,-0.015612063324788025,0.5742955911174843,1,11.454490694045218
25.875,0.1392039,-0.2425032,9.898878600000002,0.0022090612660008446,2,0.01035060034067649,0.574327562593936,1,11.463105367698054
25.891,0.19011780000000003,-0.24397470000000002,9.898878600000002,0.002382062333397883,2,0.010812566712316087,0.5743642915827312,1,11.472294902531466
25.906,0.19011780000000003,-0.23053500000000002,9.8944641,0.0024353692782490555,2,0.0035537963234113647,0.5744004223198185,1,11.480910637885735
25.922,0.11978010000000001,-0.23053500000000002,9.888480000000001,0.0023146176053572276,2,-0.007546979555738397,0.5744384222148873,1,11.490101348642014
25.953,0.1362609,-0.2260224,9.888480000000001,0.002199473398359686,2,-0.003714329257985359,0.5745083906254449,1,11.507910024241038
25.969,0.1362609,-0.20954160000000002,9.883967400000001,0.00196825939425338,2,-0.014450875256642508,0.5745417324877858,1,11.517102425225945
25.985,0.2215098,-0.22455090000000003,9.883967400000001,0.0017883359849690805,2,-0.01124521308026995,0.5745717852508196,1,11.526295333367852
26.0,0.19610190000000002,-0.2260224,9.8495343,0.000761087482253231,2,-0.06848323351438737,0.5745909059268238,1,11.534914053551685
26.031,0.19610190000000002,-0.21856680000000003,9.9048627,0.0011036688315133603,2,0.011051011266456209,0.5746198096496872,1,11.55272681964312
26.047,0.16019730000000001,-0.21856680000000003,9.948321,0.002481713931759444,2,0.08612781876537058,0.5746484927117934,1,11.561920966062011
26.063,0.1466595,-0.17510850000000003,9.9258561,0.0032523120108685077,2,0.04816237994432179,0.5746943649193345,1,11.57111570892306
26.078,0.15421320000000002,-0.17510850000000003,9.8764137,0.0028013290845976258,2,-0.03006552841805766,0.5747397672275505,1,11.579736464914161
26.094,0.16765290000000002,-0.2754648,9.8764137,0.002422496046833089,2,-0.023677064860280886,0.574781557828602,1,11.588932635514611
26.11,0.16765290000000002,-0.2664396,9.8091171,0.0004063253151063151,2,-0.12601067073293726,0.5748041883994974,1,11.598129321484436
26.141,0.15568469999999998,-0.2664396,9.9093753,0.0008786458461695901,2,0.015236146163332038,0.5748241054524972,1,11.615948560039142
26.156,0.1781496,-0.19757340000000004,9.9093753,0.001309362844185813,2,0.02871446653441377,0.5748405155176749,1,11.624571044696419
26.172,0.1870767,-0.2274939,9.9184005,0.001969260765656955,2,0.04124362009194176,0.5748667445065536,1,11.633768702776614
26.188,0.16912439999999998,-0.2006145,9.931840200000002,0.002918744155804731,2,0.05934271188424255,0.5749058485459253,1,11.642966883521032
26.203,0.1646118,-0.20954160000000002,9.931840200000002,0.0038477151587255065,2,0.06193140019471601,0.5749565969907843,1,11.651590851862558
26.219,0.1646118,-0.1930608,9.9168309,0.004379922954811377,2,0.0332629872553632,0.5750224180956925,1,11.660790683983251
26.25,0.2065986,-0.1930608,9.851005800000001,0.0033134760556183807,2,-0.03440151287719476,0.5751416657803542,1,11.678618227283328
26.266,0.16166880000000003,-0.1856052,9.851005800000001,0.002249070294306321,2,-0.06652536008201104,0.5751861661511536,1,11.68782084993878
26.281,0.16166880000000003,-0.2140542,9.951264,0.00366912129264918,2,0.094670066556187,0.5752305525880558,1,11.696448975329323
26.297,0.1930608,-0.2080701,9.9258561,0.004445631518249726,2,0.04853188910002871,0.575295470610543,1,11.705653183514913
26.313,0.1796211,-0.24397470000000002,9.895935600000001,0.0044875561716093415,2,0.0026202908349762352,0.5753669361120618,1,11.714858482768694
26.344,0.1796211,-0.2290635,9.845021700000002,0.003278507042979939,2,-0.039001584794493886,0.5754873100918879,1,11.732696723584857
26.36,0.17510850000000003,-0.2290635,9.8794548,0.002936437934272007,2,-0.021379319294248102,0.575537029651706,1,11.741904918302804
26.375,0.1287072,-0.2365191,9.8794548,0.002589600245592294,2,-0.023122512578646663,0.5755784749380549,1,11.750538284587227
26.391,0.1287072,-0.1781496,9.871999200000001,0.002039555129947246,2,-0.034377819727819295,0.5756155081810592,1,11.75974783645218
26.406,0.16019730000000001,-0.1781496,9.871999200000001,0.001514161229403399,2,-0.03502626003625513,0.5756421610537543,1,11.768382268971441
26.422,0.2006145,-0.2514303,9.883967400000001,0.0013502136749394822,2,-0.010246722153993656,0.5756650760529891,1,11.777592726868296
26.438,0.2006145,-0.2514303,9.883967400000001,0.0011902648413162353,2,-0.00999680210145403,0.5756853998811191,1,11.786803530675767
26.453,0.2080701,-0.2514303,9.9363528,0.002314975053176127,2,0.0749806807906566,0.5757116891803278,1,11.79543900884373
26.469,0.17510850000000003,-0.2200383,9.9363528,0.0033786029867979295,2,0.06647674585135521,0.5757572378046476,1,11.80465076025961
26.485,0.18109260000000002,-0.20355750000000003,9.8704296,0.0028030641903669107,2,-0.03597117477694264,0.575806691142065,1,11.813863271691183
26.5,0.18109260000000002,-0.2604555,9.889951500000002,0.002750066465146972,2,-0.003533181681329115,0.5758483396219813,1,11.822500684421913
26.516,0.1392039,-0.2604555,9.8674866,0.0021341455687675648,2,-0.03849505602371719,0.5758874133182527,1,11.831714570445433
26.547,0.2499588,-0.2544714,9.9288972,0.003079528458824754,2,0.03049622225990701,0.5759682252656804,1,11.849568332843486
26.563,0.2499588,-0.2544714,9.900448200000001,0.0033084238051941384,2,0.014305959148088097,0.5760193288837925,1,11.85878423327668
26.578,0.2140542,-0.2529999,9.900448200000001,0.003510307855478345,2,0.013458936685613274,0.5760704693712475,1,11.867424906763594
26.594,0.2140542,-0.18413369999999998,9.8644455,0.002792448365308786,2,-0.04486621813559241,0.5761208914210139,1,11.876642437649933
26.625,0.13469129999999999,-0.18413369999999998,9.851005800000001,0.0017301825920945646,2,-0.03426663784562137,0.5761909922008536,1,11.894503271846071
26.641,0.1661814,-0.1511721,9.848062800000001,0.0006201113018260429,2,-0.06937945564179025,0.5762097945520049,1,11.903722478140093
26.656,0.1661814,-0.20355750000000003,9.889951500000002,0.0005814328653137579,2,-0.002578562434152234,0.5762188061332585,1,11.912365692645233
26.672,0.1511721,-0.20355750000000003,9.949792500000001,0.001996886369404649,2,0.0884658440056708,0.5762394326871363,1,11.921585358555797
26.688,0.173637,-0.1990449,9.949792500000001,0.0033845310190301348,2,0.0867277906016024,0.5762824840262437,1,11.930805533889503
26.719,0.173637,-0.2140542,9.8584614,0.002519201724833664,2,-0.027913848199884028,0.5763739918837736,1,11.94867170926611
26.735,0.1781496,-0.2140542,9.7926363,7.209524411067036e-05,2,-0.15294415504520395,0.5763947222595251,1,11.957893858979256
26.75,0.145188,-0.24103170000000002,9.8674866,-0.0004884403014138172,2,-0.037369036368297755,0.5763915996715954,1,11.96653975639374
26.766,0.1646118,-0.24103170000000002,9.9363528,0.0006510637226391225,2,0.07121900150331657,0.5763929006589652,1,11.975762032396384
26.781,0.1631403,-0.23200650000000003,9.9363528,0.0017569457177639691,2,0.07372546634165365,0.5764109607297683,1,11.984408061356799
26.813,0.15421320000000002,-0.2230794,9.9932508,0.004214637538542121,2,0.07680286939931717,0.5765065060618692,1,12.002854740825466
26.828,0.2274939,-0.23347800000000002,9.8584614,0.003366521518630705,2,-0.05654106799409224,0.576563364754798,1,12.01150276485659
26.844,0.2006145,-0.2215098,9.8584614,0.0025181309770623272,2,-0.053024408848017686,0.5766104419747635,1,12.020728155310428
26.875,0.2006145,-0.23347800000000002,9.9153594,0.0030842497021996707,2,0.018261894359269844,0.5766972788752921,1,12.038604424983603
26.891,0.18413369999999998,-0.23347800000000002,9.9303687,0.003994681631009911,2,0.05690199555064628,0.5767539103259578,1,12.047832034497212
26.906,0.1302768,-0.1915893,9.9303687,0.0048402619486438425,2,0.056372021175593305,0.5768201724028053,1,12.056483840117679
26.922,0.2006145,-0.21856680000000003,9.851005800000001,0.0037725635726442164,2,-0.06673114849996917,0.5768890750069756,1,12.065713514096958
26.938,0.20208600000000002,-0.24701580000000004,9.8674866,0.003149789309118134,2,-0.03892339147038444,0.5769444538300297,1,12.074944182327652
26.969,0.1631403,-0.2080701,9.8674866,0.0025027383228994893,2,-0.02087261245866437,0.577032068008326,1,12.092830818416148
26.985,0.1631403,-0.2365191,9.9168309,0.003090106777639434,2,0.0367105284212506,0.5770768107691303,1,12.102063689446368
27.0,0.1646118,-0.2365191,9.957248100000001,0.004649113143427641,2,0.10393375771920986,0.5771348549185383,1,12.110720276939025
27.016,0.2065986,-0.23200650000000003,9.957248100000001,0.006186586900689406,2,0.09609210982887088,0.5772215405188913,1,12.119955128102523
27.031,0.2065986,-0.21709530000000002,9.978241500000001,0.008190166317172398,2,0.1335719610988611,0.5773293661680252,1,12.128614259902676
27.047,0.1930608,-0.21709530000000002,9.8644455,0.007363945294699192,2,-0.051638813904569585,0.5774537990609202,1,12.137852525224508
27.078,0.205029,-0.1856052,9.8734707,0.006768133360662176,2,-0.019219739807646418,0.5776728462800783,1,12.155756988227292
27.094,0.1377324,-0.1856052,9.877983300000002,0.006268405613393924,2,-0.031232984204262296,0.5777771385918707,1,12.165000588106269
27.11,0.1856052,-0.2559429,9.958817699999999,0.007808866546639592,2,0.0962788083278649,0.577889756769151,1,12.174245923269156
27.125,0.1856052,-0.20954160000000002,9.958817699999999,0.009285317869409226,2,0.09843008818463854,0.5780179631522714,1,12.182915231168566
27.141,0.1856052,-0.21101310000000004,9.934881299999999,0.010142933928605657,2,0.053601003699782844,0.5781733891666555,1,12.192164761987117
27.172,0.23799060000000002,-0.21101310000000004,9.827069400000001,0.008378661534218068,2,-0.05691201272217597,0.5784604738963293,1,12.210092586864594
27.188,0.23799060000000002,-0.1990449,9.774684,0.0053742800436769045,2,-0.1877738431588434,0.5785704974289524,1,12.219348834635195
27.203,0.18109260000000002,-0.1990449,9.7327953,0.0013921527029303604,2,-0.2654751560497595,0.578621245674552,1,12.228027772708472
27.219,0.1482291,-0.1856052,9.7327953,-0.002512880938798645,2,-0.24406460260803553,0.578612279848665,1,12.23728564091266
27.235,0.1482291,-0.19757340000000004,9.834525,-0.003836503613598552,2,-0.0827264171750033,0.5785614847722459,1,12.246543031029626
27.266,0.1856052,-0.19757340000000004,9.9363528,-0.0026297042101859347,2,0.03892901301331173,0.5784612585509772,1,12.264476883551135
27.281,0.1870767,-0.23200650000000003,9.9184005,-0.0018711831062709905,2,0.050568073594327696,0.5784275018961038,1,12.273153549254488
27.297,0.1870767,-0.24701580000000004,9.895935600000001,-0.0016699830857724862,2,0.01257500128115511,0.5783991725665675,1,12.28240816265019
27.313,0.15421320000000002,-0.24701580000000004,9.860031000000001,-0.002362847537442647,2,-0.04330402822938983,0.5783669099215818,1,12.291662291310095
27.328,0.17510850000000003,-0.23200650000000003,9.860031000000001,-0.003039194267248746,2,-0.045089781987071545,0.5783263946080466,1,12.300337491094067
27.36,0.17510850000000003,-0.205029,9.898878600000002,-0.0027664713912152195,2,0.008522589876047697,0.5782335039575112,1,12.318842449471116
27.375,0.16019730000000001,-0.205029,9.9392958,-0.0015211113213364769,2,0.08302400465857969,0.578201347087167,1,12.327515710853952
27.391,0.17510850000000003,-0.20355750000000003,9.945279900000001,-0.00015483045648956306,2,0.08539255405294152,0.5781879395529443,1,12.336766825147071
27.406,0.1796211,-0.20355750000000003,9.888480000000001,-0.0002047559658286957,2,-0.0033283672892753836,0.578185242654777,1,12.345439624013629
27.422,0.19757340000000004,-0.23200650000000003,9.848062800000001,-0.0012151566179365858,2,-0.06315004075673607,0.5781738833541069,1,12.354690497021702
27.453,0.2200383,-0.2664396,9.848062800000001,-0.0021680603671399012,2,-0.030738830619462972,0.5781214434908383,1,12.372613074587798
27.469,0.2200383,-0.24103170000000002,9.8105886,-0.004027181460786622,2,-0.11619506835290704,0.5780718815562148,1,12.381862621188176
27.485,0.17667810000000003,-0.24103170000000002,9.9333117,-0.0028704542937880717,2,0.07229544793741735,0.5780167004701782,1,12.391111329844387
27.5,0.1721655,-0.21552570000000001,9.898878600000002,-0.0025976692660698575,2,0.018185668514546924,0.5779756895434792,1,12.39978127276949
27.516,0.2140542,-0.21552570000000001,9.874942200000001,-0.0028951542663691043,2,-0.018592812518704975,0.5779317469552198,1,12.409028532261479
27.531,0.142245,-0.173637,9.874942200000001,-0.0032370933400436286,2,-0.02279593824496742,0.5778857550981716,1,12.41769716352688
27.547,0.142245,-0.23200650000000003,9.7672284,-0.006167619230733834,2,-0.18315786816811735,0.5778105173976054,1,12.426942733706847
27.578,0.2080701,-0.23200650000000003,9.8495343,-0.006991441788981589,2,-0.026574921233799585,0.5776065519517998,1,12.444851698281761
27.594,0.1661814,-0.2080701,9.975298500000001,-0.004761296493191125,2,0.13938408098688843,0.5775125300455424,1,12.45409265093774
27.61,0.1511721,-0.21101310000000004,9.975298500000001,-0.0025898588926303034,2,0.1357148500350663,0.5774537208024558,1,12.463332380944523
27.625,0.1870767,-0.23200650000000003,9.9303687,-0.0015405338457163964,2,0.06995500312759115,0.5774227428569182,1,12.471993954421968
27.641,0.16912439999999998,-0.1781496,9.9303687,-0.0005517694770045267,2,0.06179777304449866,0.5774060044303364,1,12.481232584400265
27.672,0.16912439999999998,-0.19757340000000004,9.8944641,-0.00045358253847460617,2,0.0031673205977391316,0.5773904214740965,1,12.499131929001786
27.688,0.1915893,-0.19757340000000004,9.9303687,0.0005275781537825708,2,0.06132254326608031,0.5773910134390189,1,12.50837018048109
27.703,0.1302768,-0.21101310000000004,9.9303687,0.0014673227074979422,2,0.06264963691435572,0.5774059751954785,1,12.51703115789585
27.719,0.1302768,-0.24701580000000004,9.9064323,0.0018208072550418564,2,0.02209278422149216,0.5774322802351789,1,12.526269863939296
27.735,0.19011780000000003,-0.21552570000000001,9.8615025,0.0010759537625659732,2,-0.046553343279747826,0.5774554543233198,1,12.535508965815763
27.766,0.19757340000000004,-0.24544620000000003,9.8689581,0.0005516398427101166,2,-0.016913352253415382,0.5774806820242016,1,12.55341047592915
27.781,0.19757340000000004,-0.18864630000000002,9.8854389,0.0004114766922835855,2,-0.00934421002843505,0.577487905398214,1,12.562072740334818
27.797,0.17069399999999998,-0.18864630000000002,9.833053500000002,-0.0010147426226758682,2,-0.08913870718495588,0.5774830792707709,1,12.571312508212172
27.813,0.1526436,-0.18266220000000002,9.833053500000002,-0.0024161670325870688,2,-0.08758902561945968,0.5774556319935288,1,12.580552017902285
27.828,0.1526436,-0.2575125,9.871999200000001,-0.0027931071376645633,2,-0.025129340338498684,0.5774165624372519,1,12.589213559360516
27.86,0.17510850000000003,-0.2290635,9.9124164,-0.002183487651821636,2,0.019050608932591456,0.5773369369206202,1,12.607689615350242
27.875,0.17510850000000003,-0.18864630000000002,9.9184005,-0.0014635950625070393,2,0.04799283928763797,0.5773095838002626,1,12.616349464255649
27.891,0.17069399999999998,-0.2425032,9.862974000000001,-0.0020858563314245515,2,-0.038891329307348795,0.5772811881891112,1,12.625586190431562
27.906,0.13469129999999999,-0.2425032,9.8734707,-0.00245061320052109,2,-0.024317124606434985,0.5772471646676216,1,12.634245153077988
27.922,0.16019730000000001,-0.2559429,9.8734707,-0.0027889169452191,2,-0.02114398404362324,0.5772052484264557,1,12.643480772382741
27.938,0.16019730000000001,-0.1990449,9.886910400000001,-0.0028232437335358185,2,-0.002145424269795152,0.5771603511410257,1,12.65271569717928
27.969,0.18109260000000002,-0.1990449,9.891423,-0.0027379174398411976,2,0.002752461086923044,0.5770741531428384,1,12.670606331995682
27.985,0.1661814,-0.23347800000000002,9.886910400000001,-0.0027527168271213043,2,-0.000924961705006768,0.5770302280687027,1,12.679839167045373
28.0,0.18864630000000002,-0.23347800000000002,9.955776600000002,-0.0010784322491463882,2,0.11161897186499017,0.5770014944506308,1,12.688494404964267
28.016,0.16912439999999998,-0.2290635,9.955776600000002,0.0005439643684290729,2,0.1013997885984775,0.576997218707585,1,12.697726394669532
28.031,0.16912439999999998,-0.2350476,9.919872000000002,0.0012548404731376195,2,0.04739174031390131,0.5770107097438968,1,12.706381454132918
28.063,0.16765290000000002,-0.2290635,9.8734707,0.000813082515659147,2,-0.013804936171202252,0.5770437965117176,1,12.724846326233008
28.078,0.1661814,-0.2290635,9.8794548,0.0005273864252046678,2,-0.01904640603029789,0.5770538500287741,1,12.733502058582062
28.094,0.1870767,-0.21101310000000004,9.8794548,0.0002479649332549627,2,-0.017463843246854616,0.5770600528396418,1,12.74273496980501
28.11,0.15421320000000002,-0.20355750000000003,9.946849499999999,0.0016009328653030508,2,0.08456049575301482,0.5770748440220302,1,12.751968048979903
28.141,0.15421320000000002,-0.18413369999999998,9.946849499999999,0.0029116719150508175,2,0.04228190483057475,0.5771447893961257,1,12.769858453297884
28.156,0.15421320000000002,-0.20208600000000002,9.891423,0.0028475176751765474,2,-0.004276949324951174,0.5771879833180524,1,12.77851594909324
28.172,0.1915893,-0.20208600000000002,9.8824959,0.002583209457728941,2,-0.016519263590473548,0.5772314291351157,1,12.787751304392867
28.188,0.1661814,-0.24701580000000004,9.8615025,0.0018272230452165417,2,-0.047249150782030166,0.5772667125951393,1,12.796987289526708
28.203,0.1796211,-0.20954160000000002,9.901919700000002,0.00205967239777749,2,0.015496623504062635,0.5772958643109617,1,12.805646508853505
28.235,0.1781496,-0.20954160000000002,9.874942200000001,0.0016280706843740944,2,-0.0134875535438561,0.5773548682002762,1,12.824120920573684
28.25,0.16019730000000001,-0.1870767,9.874942200000001,0.0011884976021612204,2,-0.029304872147523826,0.5773759924624252,1,12.832781402028655
28.266,0.16019730000000001,-0.2260224,9.836094600000001,-0.0001676209883445523,2,-0.08475741190662013,0.5773841594753357,1,12.842019483244156
28.281,0.1856052,-0.2260224,9.851005800000001,-0.0011162473720887078,2,-0.06324175891627463,0.5773745304626324,1,12.850680173418692
28.297,0.23347800000000002,-0.2080701,9.842078700000002,-0.0022441787077198683,2,-0.07049570847693964,0.577347647053994,1,12.859917950838826
28.313,0.2065986,-0.2080701,9.886910400000001,-0.002266276289294211,2,-0.0013810988483965857,0.5773115634140179,1,12.869155224522569
28.344,0.18266220000000002,-0.1990449,9.886910400000001,-0.00230385327361482,2,-0.00121216078453567,0.5772407264057928,1,12.887050785014777
28.36,0.18266220000000002,-0.21856680000000003,9.967744800000002,-0.0003597021926911026,2,0.1215094425577457,0.5772194179620623,1,12.89628646616972
28.375,0.2006145,-0.24544620000000003,9.967744800000002,0.001560697457016147,2,0.12802664331381178,0.5772284254265447,1,12.904944824995134
28.391,0.15421320000000002,-0.24544620000000003,9.874942200000001,0.0011516112874954132,2,-0.025567885595048676,0.5772501238965009,1,12.914180653389717
28.406,0.18864630000000002,-0.19011780000000003,9.830012400000001,-0.0003581169602586698,2,-0.10064854985026839,0.5772560751039552,1,12.922839449882222
28.438,0.15568469999999998,-0.19011780000000003,9.9602892,0.0013314053717472518,2,0.052797572875185,0.577271647718539,1,12.941311893447383
28.453,0.1870767,-0.2559429,9.9602892,0.0030288242290303913,2,0.11316125715220501,0.5773043494405449,1,12.949971213426076
28.469,0.1870767,-0.2080701,9.951264,0.004437617165899965,2,0.08804955855433852,0.5773640809717043,1,12.959208560869376
28.485,0.1631403,-0.2080701,9.907903800000001,0.004744588854636689,2,0.019185730546047334,0.5774375386198686,1,12.968446973826108
28.5,0.1721655,-0.23799060000000002,9.907903800000001,0.005064217549399785,2,0.0213085796508723,0.5775111046678989,1,12.977109088650767
28.516,0.2065986,-0.23799060000000002,9.8615025,0.004260931348937902,2,-0.05020538752887325,0.5775857058590856,1,12.986349863134983
28.547,0.2065986,-0.2260224,9.856989900000002,0.0033603629814820124,2,-0.029050592498574872,0.5777038359212071,1,13.00425685103258
28.563,0.17667810000000003,-0.2140542,9.842078700000002,0.002097520962641042,2,-0.07892762617756935,0.5777474989927601,1,13.01350046171189
28.578,0.17667810000000003,-0.2290635,9.8794548,0.0017849376886722723,2,-0.02083888493125051,0.577776617432645,1,13.022166892585082
28.594,0.15568469999999998,-0.2290635,9.910846800000002,0.002236727849725284,2,0.028236885065810072,0.5778087907569521,1,13.0314115758506
28.61,0.19610190000000002,-0.2350476,9.910846800000002,0.0026984023570992832,2,0.028854656710878127,0.5778482717986068,1,13.040656832351043
28.641,0.19610190000000002,-0.19011780000000003,9.8704296,0.002139911464334787,2,-0.018015835250468307,0.577923265662839,1,13.058571291181694
28.656,0.19011780000000003,-0.2290635,9.862974000000001,0.0014305886092422782,2,-0.04728819033949881,0.5779500444133908,1,13.067240341007267
28.672,0.1406754,-0.23053500000000002,9.8495343,0.0003915135137138037,2,-0.06494219347052238,0.5779646212303745,1,13.076487658332418
28.688,0.1406754,-0.21101310000000004,9.9093753,0.000826168814395345,2,0.027165956292599318,0.5779743626889994,1,13.085735170203773
28.703,0.1870767,-0.21101310000000004,9.891423,0.0008312485622674615,2,0.0003386498581410881,0.5779867933193243,1,13.094404878873835
28.735,0.1856052,-0.23200650000000003,9.891423,0.0008469902255328066,2,0.0004919269770420338,0.5780136451399291,1,13.112900885889182
28.75,0.1856052,-0.21856680000000003,9.9378243,0.001986151301263561,2,0.07594407171538077,0.5780348937013802,1,13.121571249930492
28.766,0.1631403,-0.20355750000000003,9.851005800000001,0.0009633567638385188,2,-0.06392465858907219,0.578058489765901,1,13.130819996998229
28.781,0.1631403,-0.22455090000000003,9.854046900000002,5.077411221066086e-05,2,-0.06083884344185489,0.5780660957474714,1,13.13949093138958
28.797,0.18266220000000002,-0.22455090000000003,9.8764137,-0.0002859023338164235,2,-0.021042277876690416,0.5780642147216986,1,13.148739973873333
28.813,0.20355750000000003,-0.2559429,9.8764137,-0.0005857914072091575,2,-0.018743067087047937,0.5780572411717704,1,13.15798894552048
28.844,0.1930608,-0.23347800000000002,9.9153594,5.237704928440223e-05,2,0.020586079241726167,0.5780489732492226,1,13.175908591844006
28.86,0.1930608,-0.24397470000000002,9.945279900000001,0.0014105518297036213,2,0.08488592377621054,0.5780606766802544,1,13.18515746904344
28.875,0.2230794,-0.24397470000000002,9.888480000000001,0.0013663160361492288,2,-0.0029490529036260513,0.5780815031892483,1,13.193828535392463
28.891,0.17510850000000003,-0.258984,9.9423369,0.002621850043494689,2,0.0784708754590999,0.5781134085178855,1,13.203078094686118
28.922,0.173637,-0.258984,9.8615025,0.0018755381665656046,2,-0.024074576675129924,0.5781831180351414,1,13.221000690847692
28.938,0.18864630000000002,-0.23053500000000002,9.8615025,0.0011369365635651718,2,-0.046162600187532134,0.5782072178329825,1,13.230251813534636
28.953,0.18864630000000002,-0.2544714,9.943808400000002,0.0024371338590274405,2,0.0866798196974813,0.5782340233611519,1,13.238925122843593
28.969,0.173637,-0.2544714,9.9273276,0.0032971759573676707,2,0.05375263114625837,0.5782798978396831,1,13.2481772342132
28.985,0.1287072,-0.205029,9.877983300000002,0.0028885025932936514,2,-0.025542085254629015,0.5783293832680885,1,13.257430108462062
29.016,0.1287072,-0.2514303,9.8091171,0.0008369639796175221,2,-0.06617866495729705,0.5783871279999686,1,13.275359214386716
29.031,0.1511721,-0.2514303,9.856989900000002,1.0386285742569612e-05,2,-0.05510517959166141,0.5783934831269588,1,13.28403506897017
29.047,0.145188,-0.17069399999999998,9.856989900000002,-0.0008403744454437145,2,-0.053172545699136806,0.5783868432216812,1,13.29328931158096
29.063,0.145188,-0.2260224,9.891423,-0.0008037161198561904,2,0.0022911453492205107,0.5783736904971588,1,13.302543395850709
29.078,0.1497006,-0.2260224,9.8495343,-0.0017876023348097902,2,-0.0655924143302375,0.5783542556087489,1,13.311218855446503
29.094,0.16765290000000002,-0.2260224,9.7656588,-0.004785342388055724,2,-0.18735875332784993,0.5783016720509659,1,13.320472102867782
29.11,0.16765290000000002,-0.2260224,9.7656588,-0.0077099668302480495,2,-0.18278902763704044,0.5782017095772195,1,13.329724129920807
29.125,0.1856052,-0.2260224,9.740250900000001,-0.01117476933862882,2,-0.23098683389204264,0.5780600740559529,1,13.338396093298057
29.141,0.21101310000000004,-0.1526436,9.833053500000002,-0.012314550547472436,2,-0.0712363255527338,0.5778721594968641,1,13.347643551166477
29.156,0.1990449,-0.2604555,9.833053500000002,-0.01337740548225419,2,-0.07085699565211424,0.5776794698266411,1,13.356310188386404
29.188,0.145188,-0.24103170000000002,9.7507476,-0.01645602630856402,2,-0.09620690082218211,0.577202134917988,1,13.374788294062318
29.203,0.1781496,-0.2829204,9.7507476,-0.019418800173838235,2,-0.1975182576849402,0.57693307371937,1,13.383444308127098
29.219,0.1781496,-0.2350476,9.6623595,-0.024495120621651267,2,-0.31727002798827897,0.5765817623530061,1,13.392672426815677
29.235,0.1571562,-0.2350476,9.6354801,-0.030111822606446736,2,-0.35104387404975546,0.5761449068071813,1,13.401894240168957
29.25,0.1661814,-0.2394621,9.6354801,-0.03558519009847316,2,-0.36489116613508127,0.5756521792118944,1,13.4105327183141
29.266,0.1661814,-0.20954160000000002,9.5860377,-0.04214750246259413,3,-0.4101445227576058,0.5750303176714059,1,13.419738178289165
29.297,0.15568469999999998,-0.20954160000000002,9.5501331,-0.04942945108381025,3,-0.23490156842630847,0.5736108748914365,1,13.43754211677389
29.313,0.1437165,-0.2065986,9.5501331,-0.056539928598546396,3,-0.4444048446710581,0.5727631198539778,1,13.446713108731853
29.328,0.1437165,-0.2798793,9.4992192,-0.06467260272656716,3,-0.542178275201364,0.5718540258690393,1,13.455297737324775
29.344,0.1646118,-0.2798793,9.4707702,-0.07329212441666044,3,-0.5387201056307697,0.5707503080518934,1,13.464438571996144
29.375,0.1437165,-0.315882,9.4707702,-0.08168210289440836,3,-0.27064446702413675,0.568348207528572,1,13.48209459898764
29.391,0.1437165,-0.2709522,9.401904,-0.09158015520752194,3,-0.618628269569667,0.5669621094637567,1,13.491177081523578
29.406,0.1856052,-0.2709522,9.3525597,-0.10242169066241402,3,-0.7227690303261114,0.5655070956197321,1,13.499670600561704
29.422,0.18266220000000002,-0.23799060000000002,9.318126600000001,-0.11386147108253297,3,-0.7149862762573543,0.5637768303257723,1,13.508704871969268
29.438,0.1781496,-0.23799060000000002,9.2672127,-0.12626552975832261,3,-0.775253667236938,0.5618558143190456,1,13.517709933126426
29.469,0.20355750000000003,-0.21709530000000002,9.2342511,-0.13917032731319345,3,-0.41628379209257604,0.5577415585344369,1,13.535063692405656
29.485,0.15421320000000002,-0.2215098,9.2342511,-0.15178112134606003,3,-0.788174627054248,0.5554139469451631,1,13.543968936449492
29.5,0.15421320000000002,-0.2529999,9.2387637,-0.1639546040189508,3,-0.8115655115260196,0.5530459290049254,1,13.552282385519117
29.516,0.1661814,-0.2784078,9.1878498,-0.17704933548803936,3,-0.8184207168181259,0.5503178974888698,1,13.561109296131066
29.531,0.1661814,-0.24701580000000004,9.174410100000001,-0.19017418884587123,3,-0.8749902238554247,0.5475637210563654,1,13.569343408270155
29.563,0.17667810000000003,-0.24701580000000004,9.1698975,-0.20308414568500055,3,-0.403436151222791,0.5412715877038715,1,13.58676477321032
29.578,0.142245,-0.287433,9.1698975,-0.2156651108676666,3,-0.8387310121777047,0.5381309682797264,1,13.594860292380197
29.594,0.142245,-0.2694807,9.1594989,-0.22820599609081427,3,-0.7838053264466416,0.5345799994240582,1,13.60344198012183
29.61,0.1915893,-0.2694807,9.0786645,-0.2423893630401377,3,-0.8864604343328119,0.530815236551011,1,13.611965142009629
29.641,0.1317483,-0.261927,9.0621837,-0.2566599193301098,3,-0.4603405254829884,0.5230799726742725,1,13.62830051775262
29.656,0.1377324,-0.2080701,9.0816075,-0.2701407202195245,3,-0.8987200592942809,0.5191289678776502,1,13.636117084806761
29.688,0.1796211,-0.2425032,9.0816075,-0.2832540543794888,3,-0.40979169249888386,0.5102746514840659,1,13.65258754271655
29.703,0.1796211,-0.205029,9.1100565,-0.29537649376264774,3,-0.8081626255438983,0.5059349223729998,1,13.660209114520478
29.719,0.17510850000000003,-0.205029,9.1534167,-0.3061483006337067,3,-0.6732379294411085,0.5011227240178284,1,13.668265575691606
29.735,0.1796211,-0.24103170000000002,9.1534167,-0.3166338632915515,3,-0.6553476661153745,0.4961404667064264,1,13.6762436812174
29.75,0.1796211,-0.23200650000000003,9.2088432,-0.32551818945081656,3,-0.5922884106176471,0.4913243263108582,1,13.68364966716503
29.766,0.16912439999999998,-0.23200650000000003,9.1849068,-0.3347742004591723,3,-0.5785006880222958,0.4860419871915789,1,13.69146859767305
29.797,0.173637,-0.2559429,9.2911491,-0.341197078542681,3,-0.20718961559703974,0.4755644323670494,1,13.706373497176209
29.813,0.173637,-0.2200383,9.3076299,-0.3470839329070312,3,-0.3679283977719289,0.47005818427545226,1,13.713938478109348
29.828,0.24103170000000002,-0.2200383,9.377967600000002,-0.35107610083595553,3,-0.2661445285949444,0.4648219840223797,1,13.720950079371582
29.844,0.142245,-0.2858634,9.377967600000002,-0.35497682722772517,3,-0.24379539948557508,0.4591735605978696,1,13.728342043728544
29.86,0.142245,-0.24701580000000004,9.3929769,-0.3584434078831418,3,-0.2166612909635618,0.4534661987169833,1,13.735643161803061
29.875,0.18266220000000002,-0.24701580000000004,9.3750246,-0.3622460234086624,3,-0.25350770170136616,0.4480610279822946,1,13.742404616003306
29.906,0.19757340000000004,-0.2080701,9.3750246,-0.3659715641282517,3,-0.12017873288998218,0.43677365537547286,1,13.75611955359535
29.922,0.19757340000000004,-0.1930608,9.3764961,-0.3695781915696408,3,-0.22541421508679135,0.4308892573298891,1,13.763060856896995
29.938,0.21709530000000002,-0.205029,9.506772900000001,-0.3699042402706585,3,-0.020378043813609217,0.42497339787516736,1,13.769907758138634
29.953,0.17667810000000003,-0.2544714,9.506772900000001,-0.3702136135114884,3,-0.020624882721993434,0.419422513971801,1,13.776240727477488
29.985,0.17667810000000003,-0.2290635,9.4573305,-0.3717365443653833,3,-0.04759158918421487,0.40755131144577106,1,13.789472308684168
30.0,0.1362609,-0.2484873,9.4348656,-0.37377435504135015,3,-0.13585404506445264,0.40195997970022035,1,13.795543643367763
30.016,0.1362609,-0.2290635,9.4902921,-0.37442311759661884,3,-0.04054765970429755,0.39597439991911726,1,13.801927118404716
30.031,0.15421320000000002,-0.2290635,9.6189993,-0.37191146875870196,3,0.167443255861119,0.39037689052145214,1,13.80782475308302
30.047,0.1586277,-0.23347800000000002,9.6189993,-0.3694567418356005,3,0.15342043269382324,0.38444594483669703,1,13.814023335765887
30.063,0.1586277,-0.22455090000000003,9.6025185,-0.3674688744237482,3,0.12424171324078284,0.3785505399066229,1,13.820127307643833
30.094,0.1915893,-0.22455090000000003,9.641464200000001,-0.3645653891608269,3,0.09366081493293736,0.36720400882106113,1,13.831686503149113
30.11,0.1870767,-0.22455090000000003,9.6563754,-0.361371359887686,3,0.19962682957133082,0.3613965148286737,1,13.837515307338311
30.125,0.19610190000000002,-0.23053500000000002,9.6563754,-0.3582474307446972,3,0.20826194286590927,0.3559993738989306,1,13.842895776503768
30.141,0.1661814,-0.24701580000000004,9.5920218,-0.35677229266740973,3,0.0921961298304787,0.3502792161116344,1,13.848546005223852
30.156,0.1586277,-0.2604555,9.5920218,-0.35532758449715196,3,0.09631387801718096,0.34493846703289993,1,13.853760137847436
30.188,0.1586277,-0.2425032,9.689337,-0.3515571172838037,3,0.11782710041713373,0.3336283118044046,1,13.864617206308832
30.203,0.1586277,-0.2425032,9.7732125,-0.3458337752001821,3,0.3815561389080905,0.32839788011077453,1,13.869582402748197
30.219,0.173637,-0.21709530000000002,9.704346300000001,-0.3419373511410946,3,0.24352650369294288,0.3228957111000437,1,13.874792751477884
30.235,0.1317483,-0.2200383,9.660888,-0.33921000207262253,3,0.17045931677952197,0.3174465322743346,1,13.879915489424878
30.266,0.173637,-0.2200383,9.7911648,-0.3333568679699148,3,0.1888107775067077,0.3070217457886757,1,13.889594747734854
30.281,0.18864630000000002,-0.23200650000000003,9.7911648,-0.32763298798812635,3,0.3815919987858836,0.3020643218689902,1,13.894162893242287
30.297,0.18864630000000002,-0.23347800000000002,9.946849499999999,-0.31825242952057486,3,0.5862849042219019,0.29689723852891997,1,13.898954585725471
30.328,0.1511721,-0.24103170000000002,9.831582000000001,-0.3119221182025189,3,0.20420359090503845,0.2871295330392124,1,13.908007000684778
30.344,0.1511721,-0.2140542,9.6594165,-0.30995906848086285,3,0.1226906076034902,0.2821544835457448,1,13.912561272817458
30.36,0.1661814,-0.2140542,9.7387794,-0.30610296125180625,3,0.24100670181606432,0.277225987307884,1,13.917036316584285
30.375,0.22455090000000003,-0.2365191,9.7387794,-0.3022996905850377,3,0.2535513777845607,0.2726629674191075,1,13.921160483744737
30.391,0.22455090000000003,-0.2230794,9.946849499999999,-0.2935246550360109,3,0.5484397218142361,0.2678963726541396,1,13.925484958465322
30.422,0.16912439999999998,-0.21552570000000001,9.9064323,-0.285979855204781,3,0.24338063971707533,0.2589140527454067,1,13.933650520059016
30.438,0.1646118,-0.21856680000000003,9.9064323,-0.2786193036419853,3,0.4600344726747814,0.25439725947463304,1,13.937757010556776
30.469,0.1571562,-0.23347800000000002,9.6489198,-0.2777111271651549,3,0.029296015381623297,0.2457741377971217,1,13.94550966721449
30.485,0.1856052,-0.21258269999999999,9.6489198,-0.27682455727806854,3,0.05541061794290313,0.2413378523215764,1,13.949406563135438
30.516,0.1856052,-0.2065986,9.8824959,-0.27026810474548135,3,0.2114984687931432,0.23285791606021167,1,13.956756597545356
30.531,0.1497006,-0.2350476,10.0904679,-0.25880040380967273,3,0.7645133957205459,0.22888990224604788,1,13.960219706182652
30.547,0.15421320000000002,-0.2065986,10.0740852,-0.24802537315380668,3,0.6734394159915525,0.22483529603033958,1,13.963849507768863
30.563,0.15421320000000002,-0.24544620000000003,9.9333117,-0.24092395720781745,3,0.44383849662437586,0.22092370138744702,1,13.967415579748206
30.578,0.17069399999999998,-0.24544620000000003,9.8136297,-0.2369069112686475,3,0.2678030626113206,0.21733996987387338,1,13.970702557282666
30.594,0.1796211,-0.2499588,9.8136297,-0.2329811809640443,3,0.24535814403767206,0.21358086513601143,1,13.974149923962745
30.625,0.1796211,-0.2230794,9.7567317,-0.23055415551949032,3,0.07829114337271192,0.20639606742051692,1,13.980659566417371
30.641,0.1482291,-0.2575125,9.997665300000001,-0.22230473754186164,3,0.5155886236018493,0.2027731962760265,1,13.983932920526943
30.656,0.1482291,-0.2544714,10.0965501,-0.2118476343082918,3,0.6971402155712971,0.1995170534871502,1,13.986950097400166
30.672,0.21552570000000001,-0.2544714,9.9693144,-0.2047176260550554,3,0.445625515827225,0.19618453140424305,1,13.990115710079298
30.688,0.20208600000000002,-0.2559429,9.9693144,-0.19776746409905144,3,0.4343851222502949,0.19296465068301055,1,13.993228903535995
30.703,0.1332198,-0.2544714,9.833053500000002,-0.1943380088573523,3,0.22863034944660007,0.1900238596358374,1,13.996101317363387
30.735,0.1332198,-0.2274939,9.7327953,-0.19345275262704575,3,0.027664257197079743,0.18381920745208702,1,14.002082806436793
30.75,0.1631403,-0.2575125,9.888480000000001,-0.1887643914727608,3,0.31255741028565137,0.18095257887133837,1,14.004818594834218
30.766,0.1631403,-0.21709530000000002,10.1234295,-0.17848566138341404,3,0.6424206305842436,0.17801457844848928,1,14.007690332092777
30.781,0.1856052,-0.21709530000000002,10.069572599999999,-0.1697612554077068,3,0.5816270650471265,0.17540272657255576,1,14.010340961880434
30.813,0.18109260000000002,-0.21552570000000001,10.069572599999999,-0.161252465137812,3,0.2658996959342128,0.17010650704382746,1,14.015869109618297
30.828,0.18109260000000002,-0.2499588,9.9184005,-0.15661717030141808,3,0.30901965575958235,0.16772248477803314,1,14.018402827056962
30.844,0.17069399999999998,-0.2499588,9.641464200000001,-0.15885073773402958,3,-0.13959796453820275,0.16519874151374928,1,14.021066196867297
30.86,0.17667810000000003,-0.2484873,9.641464200000001,-0.16102812720569126,3,-0.13608684197887022,0.1626397105942318,1,14.02368890448416
30.875,0.1721655,-0.2006145,9.9333117,-0.15606594626277293,3,0.33081206286120995,0.16026150504321823,1,14.026110663601441
30.891,0.1930608,-0.2006145,10.093509,-0.1473096867879633,3,0.5472662171756618,0.1578344999788126,1,14.028655431641617
30.922,0.18864630000000002,-0.2499588,10.093509,-0.13874217870477068,3,0.2763712284900635,0.1534006960636749,1,14.033479577180277
30.938,0.18864630000000002,-0.205029,10.002177900000001,-0.1326350544455881,3,0.3816952661989535,0.15122967819847227,1,14.035916620174374
30.953,0.15568469999999998,-0.205029,9.6399927,-0.1355214685413415,3,-0.1924276063835533,0.14921850427607022,1,14.038169981542934
30.969,0.1661814,-0.23200650000000003,9.699833700000001,-0.13685939934947733,3,-0.0836206755084796,0.14703945733294344,1,14.040540045235806
31.0,0.1377324,-0.23200650000000003,9.9124164,-0.13299258131479164,3,0.12473606563502715,0.14285675163264744,1,14.045033436474773
31.016,0.16912439999999998,-0.23347800000000002,9.9124164,-0.12920738707621915,3,0.2365746399108065,0.14075915188551957,1,14.047302363702919
31.031,0.1721655,-0.258984,10.0276839,-0.12268775636525575,3,0.43464204739754336,0.13886993830970845,1,14.049399581879383
31.047,0.1721655,-0.24103170000000002,9.9213435,-0.11893057806896401,3,0.23482364351820753,0.13693699163423448,1,14.051606037318935
31.063,0.18864630000000002,-0.2724237,9.678840300000001,-0.12114926367705614,3,-0.1386678505057734,0.13501635290026653,1,14.053781664075212
31.094,0.18864630000000002,-0.24397470000000002,9.6684417,-0.12358583084218999,3,-0.07859894081076342,0.13122295893521793,1,14.057908373408662
31.11,0.18413369999999998,-0.24397470000000002,9.910846800000002,-0.12005565099209115,3,0.2206362406312022,0.12927382708054388,1,14.059992347696788
31.125,0.1646118,-0.2290635,9.910846800000002,-0.11662862221308679,3,0.22846858526694866,0.127498695031505,1,14.061918141612628
31.141,0.1646118,-0.17667810000000003,10.062117,-0.10962288530129527,3,0.437858556987018,0.12568868297139013,1,14.063943640636651
31.156,0.1870767,-0.17667810000000003,9.999234900000001,-0.10431165285350019,3,0.3540821631863251,0.12408417393522911,1,14.06581693706345
31.172,0.1646118,-0.2499588,9.999234900000001,-0.09910147937376657,3,0.32563584248331523,0.12245686887741078,1,14.067789265405953
31.203,0.16019730000000001,-0.2529999,9.678840300000001,-0.10182915136149084,3,-0.08798941895885108,0.11934244410101441,1,14.071537154757118
31.219,0.21258269999999999,-0.2529999,9.774684,-0.10212939940542043,3,-0.018765502745596973,0.11771077569487892,1,14.073433580515486
31.235,0.18109260000000002,-0.21709530000000002,9.774684,-0.1024588309998542,3,-0.020589474652112964,0.1160740698516369,1,14.075303859279858
31.25,0.18109260000000002,-0.21552570000000001,9.957248100000001,-0.09833010322216218,3,0.2752485185127909,0.11456815284497174,1,14.077033675950082
31.281,0.1497006,-0.21552570000000001,10.0904679,-0.09106663896981537,3,0.23430529846280926,0.1116325033409962,1,14.080539786120964
31.297,0.1946304,-0.24397470000000002,9.9124164,-0.08828645643446009,3,0.17376140845968555,0.11019767857776183,2,14.082314427576314
31.313,0.17667810000000003,-0.24397470000000002,9.7013052,-0.09072890628652708,3,-0.15265311575420343,0.10876555567599408,2,14.084066133450344
31.328,0.1646118,-0.24397470000000002,9.752219100000001,-0.09187572410512601,3,-0.07645452123992598,0.10739602094805664,2,14.085687345275025
31.36,0.17510850000000003,-0.2274939,9.752219100000001,-0.09299982580997757,3,-0.03512817827661105,0.10443801214941498,2,14.089076689804584
31.375,0.17510850000000003,-0.20954160000000002,9.9138879,-0.09016469581502484,3,0.18900866633017438,0.10306427823722741,2,14.090632956982484
31.391,0.18109260000000002,-0.19610190000000002,10.080069300000002,-0.08335103727912063,3,0.42585365849406004,0.1016761523724744,2,14.09227088042736
31.406,0.18109260000000002,-0.24103170000000002,9.985697100000001,-0.07898053610682965,3,0.291366744819388,0.10045866557207973,2,14.093786891561944
31.438,0.1362609,-0.24103170000000002,9.699833700000001,-0.08170352113269708,3,-0.08509328205835713,0.0978877206562473,2,14.096960433741597
31.453,0.16019730000000001,-0.2200383,9.699833700000001,-0.08436333842604427,3,-0.17732115288980585,0.09664221920955669,2,14.09841940829059
31.469,0.16019730000000001,-0.24103170000000002,9.6219423,-0.08884505610265414,3,-0.28010735478808585,0.09525655205332695,2,14.099954598460693
31.485,0.1586277,-0.24103170000000002,9.5876073,-0.09405515893837268,3,-0.32563142723244487,0.09379335033299889,2,14.101466997679783
31.5,0.1646118,-0.2738952,9.4468338,-0.10254577929728903,3,-0.5660413572610682,0.09231884329623137,2,14.102862839132001
31.516,0.16166880000000003,-0.21101310000000004,9.541206,-0.10856903492637926,3,-0.3764534768181808,0.09062992478244221,2,14.10432642927663
31.547,0.19757340000000004,-0.21101310000000004,9.641464200000001,-0.1119846905867643,3,-0.11018244065757361,0.08721134203698823,2,14.107082968912332
31.563,0.1856052,-0.2274939,9.641464200000001,-0.11531369861111251,3,-0.2080630015217862,0.08539295492340541,2,14.108463803288014
31.578,0.1856052,-0.20355750000000003,9.7895952,-0.11496305653402672,3,0.023376138472385403,0.0836658792598168,2,14.109731744544389
31.594,0.1661814,-0.20355750000000003,9.8794548,-0.11243855997065744,3,0.15778103521056253,0.08184666632777912,2,14.11105584490909
31.61,0.1526436,-0.19610190000000002,9.7821396,-0.1123574229275004,3,0.0050710651973157085,0.08004829846459406,2,14.11235100462743
31.625,0.1526436,-0.19610190000000002,9.7821396,-0.11227826483661651,3,0.0052772060589251065,0.07836353080636312,2,14.113539093346962
31.641,0.1406754,-0.2948886,9.746235,-0.11302020289412873,3,-0.04637112859451853,0.07656114306451735,2,14.114778490737928
31.672,0.15421320000000002,-0.2575125,9.746235,-0.11376487325014395,3,-0.02402162438758592,0.07304597438428086,2,14.117097401058384
31.688,0.15421320000000002,-0.2858634,9.783611100000002,-0.11356100654231405,3,0.012741669239370328,0.07122736734594139,2,14.118251587792226
31.703,0.17069399999999998,-0.2858634,9.919872000000002,-0.11003390119932455,3,0.23514035619929113,0.06955040553787903,2,14.119307421088855
31.719,0.21258269999999999,-0.2080701,9.919872000000002,-0.10662030944388157,3,0.21334948471516235,0.06781717185273319,2,14.12040636170798
31.735,0.21258269999999999,-0.23053500000000002,9.874942200000001,-0.10437316773349714,3,0.14044635689904209,0.06612922403531434,2,14.121477932875084
31.75,0.2006145,-0.23053500000000002,9.848062800000001,-0.10284221904665358,3,0.1020632457895667,0.06457510863446314,2,14.122458215370107
31.766,0.15568469999999998,-0.21258269999999999,9.848062800000001,-0.10137827269149469,3,0.09149664719744108,0.06294134470055814,2,14.123478346996787
31.797,0.17667810000000003,-0.21258269999999999,9.874942200000001,-0.0992860575274559,3,0.06749081174318167,0.05983104758216416,2,14.125381319077169
31.813,0.16765290000000002,-0.2514303,9.9303687,-0.09587521987519487,3,0.2131773532663374,0.058269757362943125,2,14.12632612551673
31.828,0.1511721,-0.2484873,9.9303687,-0.09255582934922657,3,0.22129270173121177,0.05685652449375991,2,14.127189572630655
31.844,0.1511721,-0.2738952,9.9288972,-0.08933697990115697,3,0.2011780905043278,0.05540138201975668,2,14.128087635882764
31.875,0.15421320000000002,-0.2738952,9.8524773,-0.08805845832805126,3,0.041242631390508246,0.05265175272720406,2,14.129762459471342
31.891,0.17510850000000003,-0.2575125,9.8524773,-0.08681337753043117,3,0.07781754985126424,0.051252778040336344,2,14.130593695717483
31.906,0.18266220000000002,-0.2365191,9.889951500000002,-0.08469456605896042,3,0.14125409809804462,0.04996646846341586,2,14.131352840066262
31.922,0.2215098,-0.2394621,9.889951500000002,-0.08260635538014327,3,0.13051316742605718,0.04862806109190289,2,14.132141596302704
31.938,0.2215098,-0.24544620000000003,9.5531742,-0.08877483346911497,3,-0.3855298805607735,0.04725701158110897,2,14.132908676884089
31.953,0.19011780000000003,-0.24544620000000003,9.4034736,-0.09845862383016346,3,-0.6455860240698752,0.04585276065136433,2,14.133607000175832
31.969,0.21101310000000004,-0.1946304,9.6369516,-0.1022323488446002,3,-0.23585781340226955,0.04424723286996604,2,14.134327800124003
31.985,0.1377324,-0.1646118,9.6369516,-0.10596000283129925,3,-0.23297837416871647,0.04258169405655904,2,14.135022431539415
32.016,0.1377324,-0.19757340000000004,10.0440666,-0.0996549751696918,3,0.20338798908411926,0.0393946618975438,2,14.136293065056703
32.031,0.1257642,-0.2140542,10.247722200000002,-0.08853359892635204,3,0.7414250828892888,0.03798324759182342,2,14.136873399377874
32.047,0.1257642,-0.2889045,10.0440666,-0.08260350809477934,3,0.37063067697333446,0.03661415073565452,2,14.137470178564493
32.063,0.24103170000000002,-0.2889045,9.877983300000002,-0.08081467529911635,3,0.11180204972890004,0.03530680526850292,2,14.138045546212528
32.094,0.173637,-0.29783160000000003,9.877983300000002,-0.07909748940463501,3,0.05539309337036769,0.03282816671559487,2,14.139101638278282
32.11,0.173637,-0.2634966,9.7582032,-0.08036592498778816,3,-0.07927722394708055,0.031552459400455625,2,14.13961668328721
32.125,0.11978010000000001,-0.15421320000000002,9.973728900000001,-0.07642449790879624,3,0.26276180526611814,0.0303765312287312,2,14.140081150716929
32.141,0.1915893,-0.23200650000000003,9.973728900000001,-0.07251514765316891,3,0.2443343909767351,0.029185014064235612,2,14.140557643079273
32.156,0.1915893,-0.24397470000000002,10.0965501,-0.06569997653318715,3,0.45434474133209984,0.028148400632837904,2,14.1409876436895
32.188,0.2006145,-0.24397470000000002,9.9138879,-0.0634997126439849,3,0.06875824653756255,0.026081205606002918,2,14.141855317389322
32.203,0.1856052,-0.2575125,9.9138879,-0.06135189390600004,3,0.14318791586565213,0.025144818556877994,2,14.142239512570542
32.219,0.1856052,-0.23799060000000002,9.855518400000001,-0.06069133738620991,3,0.04128478248688793,0.02416847270654042,2,14.14263401890065
32.235,0.1377324,-0.22455090000000003,9.806076000000001,-0.06127920619974603,3,-0.03674180084601147,0.02319270835785288,2,14.143012908349164
32.25,0.1377324,-0.2709522,9.8105886,-0.061714144656878744,3,-0.028995897142179993,0.022270258226428162,2,14.143353880598546
32.281,0.16019730000000001,-0.2709522,9.978241500000001,-0.058043131883959376,3,0.11841976686837129,0.02041402044004524,2,14.144015486917876
32.297,0.173637,-0.2664396,9.955776600000002,-0.055006783327048225,3,0.1897717848069678,0.01950962111835728,2,14.144334876050344
32.313,0.21552570000000001,-0.2080701,9.955776600000002,-0.052058443863730375,3,0.18427121645730413,0.018653099300830762,2,14.144640177813697
32.328,0.21552570000000001,-0.23347800000000002,9.9048627,-0.050409446687780246,3,0.10993314506333775,0.017884590121694403,2,14.144914210484366
32.36,0.19011780000000003,-0.23053500000000002,9.821085300000002,-0.05085744708927287,3,-0.014000012546645945,0.01626431982126173,2,14.145460593043452
32.375,0.19011780000000003,-0.22455090000000003,9.8240283,-0.05122615237796424,3,-0.024580352579423956,0.015498692825257426,2,14.145698815638301
32.406,0.1212516,-0.2394621,9.9048627,-0.049633045439751555,3,0.05139054639395956,0.013935375259082887,2,14.146155043693609
32.422,0.1212516,-0.24103170000000002,9.9528336,-0.046908276356777634,3,0.17029806768588884,0.013163044684710738,2,14.146371831053159
32.438,0.17069399999999998,-0.24544620000000003,9.9273276,-0.04485147189887151,3,0.12855027861908988,0.012428966698665299,2,14.146576567144226
32.469,0.18413369999999998,-0.2575125,9.874942200000001,-0.04410856652102524,0,0.023964689607945122,0.010550086103156955,2,14.146932742462655
32.485,0.18413369999999998,-0.22455090000000003,9.834525,-0.04438875209711135,0,-0.017511598505383905,0.009342107554211939,2,14.147091880011914
32.5,0.145188,-0.22455090000000003,9.9138879,-0.04274303061515994,0,0.10971476546342332,0.008188619183869879,2,14.14722336046245
32.516,0.173637,-0.2006145,9.9138879,-0.04113880951882365,0,0.10026381852102911,0.0070175644627980815,2,14.147345009931623
32.531,0.173637,-0.23200650000000003,9.9064323,-0.03973878267477993,0,0.09333512293624463,0.005910982521346031,2,14.147441974034004
32.547,0.13469129999999999,-0.23200650000000003,9.8584614,-0.03955727033564216,0,0.011344521196111762,0.004776614097262724,2,14.147527474806953
32.578,0.20355750000000003,-0.2290635,9.8584614,-0.03935306019636897,0,0.0065874238475208905,0.003053503974016319,2,14.147648841637057
32.594,0.16019730000000001,-0.258984,9.9363528,-0.037256385616101895,0,0.13104216126670676,0.0019406284075166192,2,14.14768879469611
32.625,0.20355750000000003,-0.258984,9.9184005,-0.035629121484358706,0,0.052492391346556505,0.00031090304745952715,2,14.147723693433662
32.641,0.1796211,-0.31284090000000003,9.9184005,-0.03401497416217758,0,0.10088420763633145,0.0,2,14.147726180658042
32.656,0.18413369999999998,-0.2260224,9.8734707,-0.033591043435020396,0,0.02826204847714457,-0.0002532948496917066,2,14.147724280946669
32.672,0.1406754,-0.2649681,9.8734707,-0.03317127175014001,0,0.02623573030502713,-0.00028739337117292913,2,14.147719955440902
32.703,0.1406754,-0.2200383,9.9333117,-0.03132961338824458,0,0.05940833425467984,-0.0007871570908180815,2,14.147703299908741
32.719,0.173637,-0.2200383,9.8764137,-0.03090735973602321,0,0.02639085326383863,-0.0007850528758121663,2,14.147690722229008
32.75,0.1571562,-0.142245,9.8405091,-0.03141244291093237,0,-0.016293005642231594,-0.0012510098168399424,2,14.147659163257272
32.766,0.1437165,-0.1856052,9.834525,-0.032038516417026486,0,-0.03912959413088655,-0.0012586174914635566,2,14.147639086238804
32.781,0.10928340000000002,-0.2604555,9.834525,-0.03261873122437464,0,-0.03868098715654227,-0.001243546848774083,2,14.147620320006252
32.813,0.10928340000000002,-0.2889045,9.9528336,-0.03028125278847682,0,0.07304620112179876,-0.001749946592979819,2,14.147572424111184
32.844,0.1870767,-0.2634966,9.889951500000002,-0.029522636943944747,0,0.02447147885587428,-0.002176906883832314,2,14.147511557882293
32.86,0.1870767,-0.2499588,9.957248100000001,-0.02715052199753032,0,0.14825718415091804,-0.002130292155364066,2,14.14747710028998
32.875,0.0973152,-0.15421320000000002,9.9184005,-0.02586224018704364,0,0.08588545403244208,-0.002027887871748386,2,14.147445913939777
32.891,0.0973152,-0.1721655,9.8255979,-0.02686120098350031,0,-0.06243504977854885,-0.0019496754011126913,2,14.147414093433595
32.922,0.2529999,-0.2080701,9.874942200000001,-0.02654833866377615,0,0.01009233289432816,-0.002277523265645445,2,14.147348571854259
32.938,0.15421320000000002,-0.2080701,10.011203100000001,-0.022970454108268257,0,0.22361778471916863,-0.002173673607821931,2,14.14731296227927
32.953,0.142245,-0.29783160000000003,10.011203100000001,-0.019428862796376123,0,0.23610608745946665,-0.001991668484606775,2,14.147281722213577
32.969,0.142245,-0.30685680000000004,9.8764137,-0.019252653702489297,0,0.011013068367927805,-0.0018011206165976655,2,14.147251379900768
32.985,0.16019730000000001,-0.2889045,9.845021700000002,-0.019852469906316728,0,-0.037488512739218514,-0.0016139616054680777,2,14.14722405924299
33.016,0.16019730000000001,-0.35178660000000006,9.9048627,-0.018929364894921363,0,0.029777581012754833,-0.0017150800448872462,2,14.14717245909741
33.047,0.1078119,-0.2738952,9.910846800000002,-0.017960129095460076,0,0.031265670950365324,-0.0017868672017381363,2,14.147118178915088
33.063,0.21856680000000003,-0.142245,9.7866522,-0.02006553178852144,0,-0.13158766831629135,-0.001591072488810089,2,14.147091155397563
33.078,0.21856680000000003,-0.0928026,9.888480000000001,-0.019651178103732292,0,0.02762357898594217,-0.0013889478130020031,2,14.147068805245299
33.094,0.2065986,-0.0928026,9.9138879,-0.018633661494291687,0,0.06359478809004483,-0.0011952265297861626,2,14.147048131850557
33.11,0.09878670000000002,-0.13469129999999999,9.9138879,-0.01766973455877796,0,0.0602454334696145,-0.0009856536982106876,2,14.147030684808733
33.141,0.2080701,-0.2604555,9.966273300000001,-0.015349998243385343,0,0.07483020372234539,-0.0009974595566441978,2,14.146999946553283
33.156,0.1392039,-0.2709522,9.966273300000001,-0.013109267731259422,0,0.14938203414172244,-0.000710904051454042,2,14.146987133826222
33.172,0.1392039,-0.290376,9.8464932,-0.013829777818330058,0,-0.04503188044191971,-0.00042641641585073426,2,14.146978035262483
33.203,0.2529999,-0.31284090000000003,9.8854389,-0.01351159719106576,0,0.01026389120207215,-0.0003502077284964506,2,14.146965997588246
33.235,0.0478728,-0.21552570000000001,9.9138879,-0.012646965097927065,0,0.027019752910587204,-0.0002687447251202898,2,14.146956094348988
33.25,0.2065986,-0.16765290000000002,9.8764137,-0.01268998393837073,0,-0.002867922696244217,0.0,2,14.14695407876355
33.266,0.1332198,-0.1317483,9.8764137,-0.012776004862088186,0,-0.005376307732341583,-0.00016249975329617888,2,14.146952778765524
33.281,0.1332198,-0.16912439999999998,9.931840200000002,-0.011494498474123205,0,0.08543375919766218,0.0,2,14.146951560017374
33.297,0.24103170000000002,-0.16912439999999998,9.8240283,-0.01282311256656321,0,-0.08303838077750951,-3.906941664324169e-05,2,14.146951247462042
33.313,0.1796211,-0.290376,9.8240283,-0.014082245971275498,0,-0.07869583779449166,0.0,2,14.146950934906709
33.344,0.1796211,-0.2604555,9.9093753,-0.013250551576401648,0,0.026828851447544575,-0.00017797064693500161,2,14.146948176361681
33.36,0.18413369999999998,-0.2559429,10.003649400000002,-0.01014177348288925,0,0.19429863084454632,0.0,2,14.146946752596506
33.375,0.17510850000000003,-0.2260224,9.839037600000001,-0.01114359740987858,0,-0.06678826179928624,-2.474952910506978e-05,2,14.146946566975037
33.406,0.17510850000000003,-0.2274939,9.788123700000002,-0.013361431228053888,0,-0.07154302639275462,0.0,2,14.146946183357336
33.422,0.1946304,-0.2274939,9.891423,-0.012997852929121478,0,0.02272364368327812,-0.0001154517462503904,2,14.146945259743367
33.438,0.18266220000000002,-0.23200650000000003,9.898878600000002,-0.012464388747481792,0,0.03334151135246929,0.0,2,14.146944336129398
33.453,0.1466595,-0.23200650000000003,10.0097316,-0.009255832203042047,0,0.2139037696293082,0.0,2,14.146944336129398
33.485,0.15421320000000002,-0.2634966,10.0097316,-0.006103763307164556,0,0.09850215299618245,-0.00022780486495549424,2,14.146940691251558
33.516,0.1796211,-0.34580249999999996,9.874942200000001,-0.006242210284318261,0,-0.004466031521087449,0.0,2,14.146937160276151
33.531,0.142245,-0.3278502,9.874942200000001,-0.006407050909954748,0,-0.010989375042432017,-1.4036914580520948e-05,2,14.146937054999292
33.547,0.2889045,-0.33226469999999997,9.866015100000002,-0.006703768409906274,0,-0.01854484374697245,0.0,2,14.146936942703976
33.563,0.2889045,-0.23347800000000002,9.97677,-0.004362823921907122,0,0.14630903049989818,0.0,2,14.146936942703976
33.578,0.19011780000000003,-0.0194238,9.836094600000001,-0.0056334049223192295,0,-0.08470540002747064,0.0,2,14.146936942703976
33.594,0.19011780000000003,0.0134397,9.842078700000002,-0.006727313637224341,0,-0.06836929468157703,0.0,2,14.146936942703976
33.625,0.2514303,0.0134397,9.8644455,-0.007215651715160476,0,-0.015752841223746882,-9.742963556392745e-05,2,14.146935432544625
33.641,0.16166880000000003,-0.1526436,9.8644455,-0.007709333618441505,0,-0.030855118955067717,0.0,2,14.146934653107541
33.656,0.16166880000000003,-0.3143124,9.8674866,-0.008023561869912044,0,-0.02094855009803511,0.0,2,14.146934653107541
33.672,0.08377740000000002,-0.45950040000000003,9.9333117,-0.006611298660885723,0,0.08826645056415477,0.0,2,14.146934653107541
33.703,0.2140542,-0.4850064,9.9378243,-0.005046459881151932,0,0.05047867031398361,-0.0001326003760433736,2,14.146932597801712
33.719,0.2140542,-0.2514303,9.9602892,-0.003183042562735494,0,0.11646358240104021,0.0,2,14.146931536998704
33.735,0.028449,-0.2514303,9.8091171,-0.00510607618574177,0,-0.1201896014379055,0.0,2,14.146931536998704
33.75,0.4176117,-0.0329616,9.8091171,-0.006843721441804007,0,-0.1158430170708114,0.0,2,14.146931536998704
33.766,0.4176117,-0.10477080000000001,9.9243846,-0.005717970908863279,0,0.07035940830880325,0.0,2,14.146931536998704
33.781,0.09584369999999999,-0.10477080000000001,9.860031000000001,-0.006392025214218222,0,-0.04493695369032783,-4.569133751731319e-05,2,14.146931194313673
33.797,0.0329616,-0.0868185,9.860031000000001,-0.007063909845470562,0,-0.04199278945327586,0.0,2,14.146930828782972
33.828,0.2724237,-0.2948886,9.934881299999999,-0.005706694776964838,0,0.043781131242111776,0.0,2,14.146930828782972
33.844,0.1212516,-0.3771945,9.943808400000002,-0.004170168008981179,0,0.09603292299898927,0.0,2,14.146930828782972
33.86,0.18266220000000002,-0.35777070000000005,9.943808400000002,-0.0026657407242556275,0,0.09402670529535731,0.0,2,14.146930828782972
33.875,0.18266220000000002,-0.3876912,10.0665315,0.0018198278168490845,0,0.2990379027403028,0.0,2,14.146930828782972
33.891,0.08829,-0.3876912,9.800091900000002,-0.0003282847948273826,0,-0.13425703822979398,0.0,2,14.146930828782972
33.922,0.2514303,-0.2365191,9.777627,-0.0030200113757921088,0,-0.0868298897085429,-3.1295955070023695e-05,2,14.146930343695669
33.938,0.1856052,-0.2365191,9.830012400000001,-0.0044048548415798194,0,-0.08655271661170301,0.0,2,14.146930093328027
33.953,0.1272357,-0.0329616,9.830012400000001,-0.005846603144480156,0,-0.09611655352668545,0.0,2,14.146930093328027
33.969,0.1272357,0.0344331,10.0425951,-0.0020685761472805098,0,0.2361266873250039,0.0,2,14.146930093328027
33.985,0.1107549,0.0344331,9.8644455,-0.002732275968133635,0,-0.041481238803324896,0.0,2,14.146930093328027
34.0,0.2274939,-0.0643536,9.7686999,-0.005661908388564285,0,-0.1953088280287026,0.0,2,14.146930093328027
34.016,0.2709522,-0.1915893,9.7686999,-0.008452419860478955,0,-0.17440696699468605,0.0,2,14.146930093328027
34.031,0.2709522,-0.35777070000000005,9.8854389,-0.008216665457252859,0,0.015716960215072476,-7.019821951242261e-05,2,14.146929566841381
34.063,0.0329616,-0.35777070000000005,9.9378243,-0.00679895959274468,0,0.04430330826587562,0.0,2,14.14692844366987
34.078,0.1511721,-0.5268951000000001,9.9378243,-0.005205746345730233,0,0.10621421646762576,0.0,2,14.14692844366987
34.094,0.1511721,-0.45351630000000004,9.990209700000001,-0.002463331621314069,0,0.17140092027602916,0.0,2,14.14692844366987
34.11,0.0478728,-0.32932170000000005,10.0276839,0.0009820355032275074,0,0.21533544528387222,0.0,2,14.14692844366987
34.125,0.0478728,-0.2140542,9.806076000000001,-0.0011365211430156563,0,-0.1412371097495389,0.0,2,14.14692844366987
34.141,0.23799060000000002,-0.2140542,9.774684,-0.0039010933532956926,0,-0.1727857631425213,-1.5146065800913933e-05,2,14.146928322501344
34.156,0.287433,-0.08534699999999999,9.8196138,-0.005518559421428648,0,-0.10783107120885962,0.0,2,14.14692820890585
34.172,0.32932170000000005,0.0434583,9.8196138,-0.007071204070161485,0,-0.09704029054581301,0.0,2,14.14692820890585
34.203,0.32932170000000005,0.028449,9.831582000000001,-0.008295576672541216,0,-0.03949589039933862,0.0,2,14.14692820890585
34.219,0.19011780000000003,0.028449,9.9273276,-0.007244927111775823,0,0.0656655975478443,-4.902070133051828e-05,2,14.14692781674024
34.235,-0.0119682,-0.1721655,9.9273276,-0.006228709480371464,0,0.06351360196277944,0.0,2,14.14692742457463
34.25,0.2365191,-0.3532581,9.891423,-0.005926862785635478,0,0.02012311298239827,0.0,2,14.14692742457463
34.281,0.21258269999999999,-0.5163984,9.891423,-0.005470916053001318,0,0.014707959117231547,0.0,2,14.14692742457463
34.297,0.21258269999999999,-0.3996594,10.0097316,-0.002275167856780058,0,0.19973426226385074,0.0,2,14.14692742457463
34.328,0.1631403,-0.33981839999999996,9.9243846,-0.0013139902639718315,0,0.031005728800259463,-4.2242780211507874e-05,2,14.146926769811536
34.344,0.1571562,-0.17667810000000003,9.922913099999999,-0.0005179788640496952,0,0.049750712495139,0.0,2,14.146926431869295
34.36,0.1571562,-0.1631403,9.886910400000001,-0.0006249197415471031,0,-0.006683804843588729,0.0,2,14.146926431869295
34.375,0.20355750000000003,-0.1631403,9.7926363,-0.0030071740888306664,0,-0.15881695648556488,0.0,2,14.146926431869295
34.391,0.142245,-0.145188,9.7926363,-0.005364612000867908,0,-0.14733986950234382,0.0,2,14.146926431869295
34.406,0.18413369999999998,-0.19757340000000004,9.943808400000002,-0.003939432346035332,0,0.09501197698883478,0.0,2,14.146926431869295
34.422,0.18413369999999998,-0.19757340000000004,9.943808400000002,-0.00254901317058831,0,0.08690119846544844,0.0,2,14.146926431869295
34.438,0.19011780000000003,-0.2918475,9.943808400000002,-0.0011332032648851964,0,0.08848811910641506,0.0,2,14.146926431869295
34.453,0.19011780000000003,-0.29783160000000003,9.891423,-0.001024482943213556,0,0.0072480214447757495,0.0,2,14.146926431869295
34.469,0.1078119,-0.29783160000000003,9.8255979,-0.002553291545144276,0,-0.09555053762068053,0.0,2,14.146926431869295
34.5,0.24544620000000003,-0.2006145,9.883967400000001,-0.002621699636176089,0,-0.0022067126139295365,0.0,2,14.146926431869295
34.516,0.24544620000000003,-0.16166880000000003,10.0396521,0.0010896966949367481,0,0.23196227069457787,0.0,2,14.146926431869295
34.531,0.0673947,-0.16166880000000003,9.9288972,0.0019420066433895045,0,0.0568206632301816,0.0,2,14.146926431869295
34.547,0.1392039,-0.1406754,9.9288972,0.002783952594358041,0,0.05262162193553934,0.0,2,14.146926431869295
34.563,0.1392039,-0.21552570000000001,9.8928945,0.002760281211168447,0,-0.0014794614493491341,0.0,2,14.146926431869295
34.578,0.2365191,-0.21552570000000001,9.7701714,-0.00020942185908090494,0,-0.19798020468328265,0.0,2,14.146926431869295
34.594,0.2080701,-0.318825,9.7701714,-0.0030536167141246295,0,-0.17776217844025236,0.0,2,14.146926431869295
34.61,0.2080701,-0.290376,9.8824959,-0.0031122449640257344,0,-0.003664265618819455,0.0,2,14.146926431869295
34.641,0.1392039,-0.290376,9.9392958,-0.0018143050165129182,0,0.041869030564931166,0.0,2,14.146926431869295
34.656,0.18413369999999998,-0.2365191,9.8674866,-0.0023156487532975945,0,-0.03342291578564382,-7.412187510859314e-06,2,14.146926376277888
34.672,0.18413369999999998,-0.2350476,9.8704296,-0.0027338741387907817,0,-0.02613908659332708,0.0,2,14.146926316980387
34.688,0.1990449,-0.2350476,9.8120601,-0.004557792503696589,0,-0.11399489780657492,0.0,2,14.146926316980387
34.719,0.205029,-0.1586277,9.8120601,-0.0063715966100605925,0,-0.05850980988271203,0.0,2,14.146926316980387
34.735,0.205029,-0.1946304,9.845021700000002,-0.007321751376425212,0,-0.05938467289779525,0.0,2,14.146926316980387
34.75,0.1406754,-0.1946304,9.886910400000001,-0.007254906750889134,0,0.0044563083690716794,0.0,2,14.146926316980387
34.766,0.17667810000000003,-0.2200383,9.886910400000001,-0.007162613397044382,0,0.0057683346152976565,-0.0001097591160808993,2,14.14692543890746
34.781,0.16019730000000001,-0.2664396,9.9033912,-0.006649813048333897,0,0.03418668991403103,0.0,2,14.146924615714088
34.797,0.18864630000000002,-0.2290635,9.949792500000001,-0.005028866218976802,0,0.1013091768348296,0.0,2,14.146924615714088
34.828,0.19610190000000002,-0.2425032,9.949792500000001,-0.003436176175689809,0,0.05137709817053836,0.0,2,14.146924615714088
34.844,0.19610190000000002,-0.2559429,9.9213435,-0.0025676386613699975,0,0.0542835946449942,0.0,2,14.146924615714088
34.86,0.1332198,-0.2559429,9.973728900000001,-0.00046857177860815113,0,0.13119168017262986,-1.0310107893370807e-05,2,14.146924533233225
34.875,0.142245,-0.2738952,9.883967400000001,-0.0005942859987886351,0,-0.008380948012031946,0.0,2,14.146924455907415
34.891,0.18413369999999998,-0.2738952,9.9213435,0.00021103188536564232,0,0.05033236775964788,0.0,2,14.146924455907415
34.922,0.1990449,-0.2425032,9.9213435,0.0009838117971838756,0,0.02492838425220203,0.0,2,14.146924455907415
34.938,0.1990449,-0.2724237,9.9363528,0.0021225403542732835,0,0.07117053481806422,0.0,2,14.146924455907415
34.953,0.1915893,-0.2724237,9.8524773,0.0011853366631573437,0,-0.06248024607439362,0.0,2,14.146924455907415
34.969,0.18109260000000002,-0.2274939,9.948321,0.0025750077420614303,0,0.08685444243151498,0.0,2,14.146924455907415
35.0,0.18109260000000002,-0.2529999,9.9124164,0.00307050843082024,0,0.015983893185768674,0.0,2,14.146924455907415
35.016,0.16765290000000002,-0.2529999,9.8734707,0.0025987116957324474,0,-0.029487295942990294,0.0,2,14.146924455907415
35.031,0.173637,-0.17069399999999998,9.8734707,0.0020978880350526197,0,-0.033388244045320585,0.0,2,14.146924455907415
35.063,0.1631403,-0.1272357,9.8405091,0.000785162193819744,0,-0.04102268253852277,0.0,2,14.146924455907415
35.078,0.1571562,-0.20208600000000002,9.8405091,-0.0004673811484838808,0,-0.08350288948690515,0.0,2,14.146924455907415
35.094,0.1571562,-0.2814489,9.9093753,3.6930692447256774e-05,0,0.03151949005819957,0.0,2,14.146924455907415
35.11,0.1646118,-0.2814489,9.9064323,0.00046015134696908433,0,0.026451290907617137,0.0,2,14.146924455907415
35.125,0.17667810000000003,-0.2754648,9.9258561,0.0013475094068500226,0,0.059157203992060314,0.0,2,14.146924455907415
35.141,0.1526436,-0.261927,9.9258561,0.002194571013552249,0,0.05294135041889497,0.0,2,14.146924455907415
35.172,0.1362609,-0.2484873,9.9138879,0.002714947304681914,0,0.016786331971925323,0.0,2,14.146924455907415
35.188,0.1856052,-0.2694807,9.9138879,0.0032555287067488337,0,0.0337863376291712,0.0,2,14.146924455907415
35.203,0.1856052,-0.2140542,9.9258561,0.004041761622573858,0,0.05241552772166633,1.4529245385284245e-05,2,14.146924564876755
35.219,0.16019730000000001,-0.2140542,9.9184005,0.00461624954736628,0,0.03590549529953031,0.0,2,14.146924681110718
35.235,0.1302768,-0.23053500000000002,9.9184005,0.005175049143117505,0,0.0349249747344554,0.0,2,14.146924681110718
35.266,0.1302768,-0.21258269999999999,9.9258561,0.005892228275600431,0,0.023134810725256562,0.0,2,14.146924681110718
35.281,0.16912439999999998,-0.18109260000000002,9.922913099999999,0.006519216455648902,0,0.04179921200322982,0.0,2,14.146924681110718
35.297,0.12272310000000002,-0.18864630000000002,9.922913099999999,0.007117705372426286,0,0.037405557298590644,3.584773436774574e-05,2,14.146924967892593
35.313,0.12272310000000002,-0.2529999,9.8285409,0.0054356866810163496,0,-0.10512616821308593,0.0,2,14.146925254674468
35.328,0.1990449,-0.2529999,9.9033912,0.005649795602877816,0,0.014273928124097238,0.0,2,14.146925254674468
35.344,0.16765290000000002,-0.24397470000000002,9.9033912,0.005838993510826285,0,0.011824869246780582,0.0,2,14.146925254674468
35.375,0.17510850000000003,-0.21709530000000002,9.8824959,0.005502028560156802,0,-0.010869837118370829,0.0,2,14.146925254674468
35.406,0.1930608,-0.2200383,9.8824959,0.005183021916142394,0,-0.010290536903690974,0.00015273042531701057,2,14.14692762199606
35.422,0.1930608,-0.2230794,9.9303687,0.006040569930551243,0,0.05359675090055895,0.0,2,14.146928843839463
35.438,0.17069399999999998,-0.23200650000000003,9.9303687,0.006872201859838611,0,0.05197699558044318,0.0,2,14.146928843839463
35.453,0.145188,-0.2738952,9.9303687,0.007699672983251915,0,0.05516474156088482,0.0,2,14.146928843839463
35.469,0.145188,-0.2425032,9.9378243,0.00866883324199641,0,0.06057251617153759,8.605844553885925e-05,2,14.146929532307027
35.5,0.1915893,-0.2425032,9.8854389,0.008356451355455263,0,-0.010076835049714792,0.0,2,14.146930866212934
35.516,0.1362609,-0.2230794,9.8854389,0.008018168649455149,0,-0.021142669125009502,0.0,2,14.146930866212934
35.531,0.1362609,-0.2215098,9.874942200000001,0.0074313477394643,0,-0.03912139399938841,9.681868975551814e-05,2,14.146931592353107
35.547,0.19757340000000004,-0.2215098,9.860031000000001,0.006520583423117898,0,-0.05692276977165638,0.0,2,14.146932366902625
35.563,0.16912439999999998,-0.1990449,9.860031000000001,0.00560745480701641,0,-0.057070538506323966,0.0,2,14.146932366902625
35.578,0.1856052,-0.24103170000000002,9.9124164,0.006023757442580546,0,0.02775350903760804,0.0,2,14.146932366902625
35.594,0.1781496,-0.21258269999999999,9.8928945,0.005934744126763647,0,-0.005563332238556819,0.0,2,14.146932366902625
35.61,0.16166880000000003,-0.23200650000000003,9.8928945,0.005851641823140241,0,-0.005193893976463432,8.265163692321512e-05,2,14.14693302811572
35.641,0.16166880000000003,-0.2664396,9.854046900000002,0.004844683206460587,0,-0.03248253602192557,0.0,2,14.146934309216093
35.656,0.1946304,-0.2664396,9.866015100000002,0.004168555181047751,0,-0.0450752016941874,0.0,2,14.146934309216093
35.672,0.1362609,-0.2484873,9.866015100000002,0.0034736353280244714,0,-0.04343249081395973,0.0,2,14.146934309216093
35.688,0.1362609,-0.2889045,9.8764137,0.0030759912439659587,0,-0.024852755253648745,0.0,2,14.146934309216093
35.703,0.1482291,-0.23799060000000002,9.931840200000002,0.00401046349486478,0,0.06229815005991905,0.0,2,14.146934309216093
35.735,0.1482291,-0.21856680000000003,9.9213435,0.0046553323628995,0,0.02015215212608723,0.00012137964370229374,2,14.146936251290391
35.75,0.1856052,-0.21856680000000003,9.830012400000001,0.0030731544057012172,0,-0.10547853047988154,0.0,2,14.14693716163772
35.766,0.1781496,-0.2274939,9.931840200000002,0.004013684666661632,0,0.05878314131003241,0.0,2,14.14693716163772
