timestamps,acc_x,acc_y,acc_z,aAcc,aStages,aJerk,aVelocity,avStages,aHeight
0.046,0.13469129999999999,-0.18864630000000002,9.7911648,0.040856715685789524,0,0.0,0.0,0,0.0
0.062,0.1526436,-0.18864630000000002,9.806076000000001,0.041226714935433506,0,0.02312495310274887,0.0001566674449697842,0,1.2533395597582736e-06
0.078,0.17510850000000003,-0.1781496,9.806076000000001,0.04159205702142543,0,0.022833880374495408,0.00031921762062465573,0,5.060420084513793e-06
0.093,0.17510850000000003,-0.2604555,9.7926363,0.0416657347335363,0,0.004911847474057633,0.0004436510587868688,0,1.0781935180100226e-05
0.109,0.19011780000000003,-0.2604555,9.717786,0.0399198180112581,0,-0.10911979514238723,0.0005963354807452239,0,1.9101827496356968e-05
0.125,0.1646118,-0.2290635,9.717786,0.03818586079222186,0,-0.10837232618976511,0.0007211809111730637,0,2.964195863170327e-05
0.14,0.15421320000000002,-0.1870767,9.759674700000001,0.03748947681886605,0,-0.04642559822372046,0.0007887459432562235,0,4.0966410039922935e-05
0.156,0.1332198,-0.20954160000000002,9.759674700000001,0.036813670110714014,0,-0.04223791925950241,0.0008831711186928636,1,5.434174653551562e-05
0.187,0.1332198,-0.205029,9.728282700000001,0.03538659201335115,0,-0.046034777334286,0.001502275181615873,1,9.131616419030104e-05
0.203,0.1511721,-0.1930608,9.719257500000001,0.03377469124717791,0,-0.10074379788582713,0.001555565447700105,1,0.00011577888922482888
0.218,0.1392039,-0.1930608,9.7627158,0.033257388180881975,0,-0.03448687108639588,0.001558306043410554,1,0.0001391329254081588
0.234,0.1332198,-0.23347800000000002,9.7627158,0.03277219406244569,0,-0.030324632402267654,0.0015865427013571757,1,0.00016429171536630065
0.25,0.1332198,-0.19610190000000002,9.7686999,0.032424694951071587,0,-0.02171869446088161,0.001608117813465312,1,0.00018984899948488052
0.265,0.1332198,-0.19610190000000002,9.7013052,0.030442385465672572,0,-0.13215396569326748,0.0015796209165908925,1,0.00021375703996030207
0.281,0.1287072,-0.2260224,9.7013052,0.028522811331118447,0,-0.1199733834096327,0.001551342490965221,1,0.000238804747220751
0.296,0.1287072,-0.23200650000000003,9.806076000000001,0.02920794074286448,0,0.04567529411640231,0.0014843231315200913,1,0.00026157223938939075
0.312,0.1946304,-0.23200650000000003,9.749178,0.028515766075734916,0,-0.04326091669559769,0.001446112786068887,1,0.0002850157267301026
0.343,0.16765290000000002,-0.2484873,9.7252416,0.027254616766896334,0,-0.040682235768986504,0.001810553720129671,1,0.0003354940575761803
0.359,0.1511721,-0.1856052,9.7582032,0.02678712390296134,0,-0.029218303995937132,0.0017428876454885314,1,0.00036392158850112583
0.375,0.1466595,-0.1856052,9.776155500000002,0.026767086784182936,0,-0.001252319923650268,0.0016713213309856854,1,0.0003912352603129196
0.39,0.1661814,-0.20355750000000003,9.776155500000002,0.02676386647452844,0,-0.00021468731029964733,0.00157280348042602,1,0.0004155661963985074
0.406,0.1661814,-0.1946304,9.7252416,0.025514917133648396,0,-0.07805933380500278,0.0014910337492914341,1,0.0004400768942362471
0.421,0.15568469999999998,-0.1946304,9.7536906,0.024985845797564465,0,-0.03527142240559547,0.0013697894712755296,1,0.00046153306839049924
0.437,0.1212516,-0.21856680000000003,9.7536906,0.024470121952377966,0,-0.03223274032415621,0.001265437213275068,1,0.000482614881866904
0.453,0.1212516,-0.18413369999999998,9.7342668,0.023476014738145423,0,-0.06213170088953385,0.0011490063067992546,1,0.0005019304300274986
0.468,0.1287072,-0.18413369999999998,9.7372098,0.022580249531239716,0,-0.05971768046038045,0.000994428288819643,1,0.0005180061894946404
0.484,0.13469129999999999,-0.21258269999999999,9.7372098,0.021722436596521177,0,-0.05361330841990877,0.0008488497778417286,1,0.0005327524140279312
0.5,0.13469129999999999,-0.23200650000000003,9.7447635,0.021080524281515522,0,-0.0401195196878534,0.0006912734648660229,1,0.0005450733999695932
0.515,0.18864630000000002,-0.1661814,9.704346300000001,0.019457847069542566,0,-0.10817848079819697,0.0004953112499989586,1,0.0005539727853310806
0.531,0.18413369999999998,-0.1661814,9.728282700000001,0.018456258579112372,0,-0.06259928065188708,0.0002986240951881984,1,0.0005603242680925778
0.562,0.19011780000000003,-0.1946304,9.728282700000001,0.01749476852320697,0,-0.0310158082550129,0.0003558650152741486,1,0.0005704688493047442
0.578,0.19011780000000003,-0.2260224,9.719257500000001,0.016353250650086082,0,-0.07134486707005604,0.00012664916866049133,1,0.0005743289627762213
0.593,0.1466595,-0.2260224,9.714843,0.01511358901870885,0,-0.08264410875848201,0.0,1,0.000575278831541175
0.609,0.1526436,-0.20208600000000002,9.714843,0.013893551599132081,0,-0.07625233872354802,9.470759111918081e-05,1,0.0005760364922701285
0.625,0.1302768,-0.2065986,9.771642900000002,0.014082572822422534,0,0.01181382645565331,0.0,1,0.0005767941529990819
0.64,0.1272357,-0.205029,9.771642900000002,0.014265200649395737,0,0.012175188464880183,3.112488753025458e-05,1,0.0005770275896555588
0.671,0.1272357,-0.2274939,9.833053500000002,0.015952786776626482,0,0.054438262168733646,0.0,1,0.0005775100254122777
0.687,0.1317483,-0.2065986,9.743193900000001,0.015398404435309487,0,-0.034648896332312135,0.00025031322232908423,1,0.0005795125311909104
0.703,0.1332198,-0.2065986,9.699833700000001,0.01380080358293334,0,-0.09985005327350976,0.0,1,0.0005815150369695431
0.718,0.1466595,-0.2394621,9.699833700000001,0.012265319361727478,0,-0.10236561474705742,0.0001794028085599815,1,0.000582860558033743
0.734,0.1466595,-0.1796211,9.771642900000002,0.012486714595929982,0,0.013837202137656478,0.0,1,0.0005842957805022228
0.75,0.1511721,-0.1796211,9.7686999,0.012632627015705111,0,0.009119526235945577,7.837381311431857e-05,1,0.0005849227710071373
0.765,0.1497006,-0.1946304,9.7686999,0.012781438447962756,0,0.00992076215050966,0.0,1,0.0005855105746054947
0.781,0.1497006,-0.16912439999999998,9.743193900000001,0.012293110344904434,0,-0.030520506441145095,0.0,1,0.0005855105746054947
0.796,0.1377324,-0.16912439999999998,9.771642900000002,0.01250609279077075,0,0.01419882972442109,0.00015556971795233077,1,0.0005866773474901372
0.812,0.15421320000000002,-0.2350476,9.7821396,0.013009036050178224,0,0.03143395371296706,0.0,1,0.0005879219052337558
0.828,0.13469129999999999,-0.2080701,9.743193900000001,0.012528197153198306,0,-0.03005243106124507,6.398861430693265e-05,1,0.0005884338141482113
0.859,0.1392039,-0.2080701,9.7536906,0.012316565246308642,0,-0.006826835706118199,0.0,1,0.0005894256376699688
0.875,0.1032993,-0.2065986,9.7536906,0.012098449312675896,0,-0.013632245852046575,0.00014440254797116678,1,0.0005905808580537381
0.89,0.1032993,-0.1721655,9.747706500000001,0.011723428014718706,0,-0.025001419863812636,0.0,1,0.0005916638771635219
0.906,0.1466595,-0.1721655,9.7222986,0.010751572097557727,0,-0.06074099482256118,2.866628824840095e-06,1,0.0005916868101941207
0.921,0.1392039,-0.1930608,9.7222986,0.009810317205959151,0,-0.06275032610657162,0.0,1,0.000591708309910307
0.937,0.1392039,-0.17667810000000003,9.7342668,0.009176253254345568,0,-0.03962899697584895,0.0,1,0.000591708309910307
0.953,0.16019730000000001,-0.17667810000000003,9.747706500000001,0.0088932258357044,0,-0.01768921366507314,0.0,1,0.000591708309910307
0.968,0.1437165,-0.1930608,9.747706500000001,0.008618412980707646,0,-0.018320856999783534,8.486648612714143e-05,1,0.0005923448085562605
0.984,0.1661814,-0.17667810000000003,9.7507476,0.008425584359832428,0,-0.012051788804701136,0.0,1,0.0005930237404452777
1.0,0.1661814,-0.2230794,9.7672284,0.008662457408439295,0,0.014804565537929179,0.0,1,0.0005930237404452777
1.015,0.173637,-0.2230794,9.7627158,0.008786697768002227,0,0.008282690637528898,0.0,1,0.0005930237404452777
1.046,0.1571562,-0.20954160000000002,9.6967926,0.007286486743730336,0,-0.04839390400877047,0.00023792582275280333,1,0.0005967115906979462
1.062,0.1287072,-0.20954160000000002,9.7911648,0.008113670188389932,0,0.051698965291224704,0.0,1,0.0005986149972799686
1.078,0.1661814,-0.2080701,9.7911648,0.008933672502500656,0,0.05125014463192019,0.0,1,0.0005986149972799686
1.093,0.1661814,-0.173637,9.747706500000001,0.008657671982348347,0,-0.018400034676820692,0.00012944090337325617,1,0.000599585804055268
1.109,0.1392039,-0.173637,9.7268112,0.007868590654604546,0,-0.04931758298398754,0.0,1,0.0006006213312822541
1.125,0.10928340000000002,-0.19757340000000004,9.7268112,0.007100573409951849,0,-0.0480010777907935,0.0,1,0.0006006213312822541
1.14,0.10928340000000002,-0.21552570000000001,9.7552602,0.007054248256800122,0,-0.0030883435434485036,0.0,1,0.0006006213312822541
1.156,0.1002582,-0.1930608,9.7507476,0.006885182081511232,0,-0.010566635955555617,9.90809221924592e-05,1,0.0006014139786597938
1.171,0.13469129999999999,-0.1930608,9.7507476,0.00673035483723794,0,-0.010321816284886069,0.0,1,0.0006021570855762373
1.187,0.145188,-0.2290635,9.7507476,0.006601977897178202,0,-0.00802355875373361,0.0,1,0.0006021570855762373
1.203,0.145188,-0.23200650000000003,9.687865500000001,0.004945326503218439,0,-0.10354071212248507,0.0,1,0.0006021570855762373
1.218,0.10182780000000001,-0.23200650000000003,9.7701714,0.005322384182452566,0,0.025137178615608654,0.0,1,0.0006021570855762373
1.234,0.1511721,-0.2200383,9.7701714,0.005699071890010288,0,0.02354298172235756,6.541402488381351e-05,1,0.0006026803977753078
1.25,0.1511721,-0.19757340000000004,9.8120601,0.007076212046346342,0,0.0860712597710033,0.0,1,0.0006032037099743783
1.265,0.16765290000000002,-0.19757340000000004,9.7686999,0.00736909624347426,0,0.01952561314186135,0.0,1,0.0006032037099743783
1.296,0.1062423,-0.17510850000000003,9.7686999,0.007623396120274961,0,0.00820322183228064,8.339740186432548e-06,1,0.000603332975947268
1.312,0.1497006,-0.1721655,9.8016615,0.008687823221915636,0,0.06652669385254212,0.0,1,0.0006033996938687594
1.328,0.1497006,-0.1781496,9.711801900000001,0.007537821706286252,0,-0.07187509472683644,0.0,1,0.0006033996938687594
1.343,0.1332198,-0.18109260000000002,9.7387794,0.007069154895281926,0,-0.031244454066955252,0.0,1,0.0006033996938687594
1.359,0.1332198,-0.21101310000000004,9.717786,0.006114739925283885,0,-0.0596509356248775,0.0,1,0.0006033996938687594
1.375,0.16765290000000002,-0.21101310000000004,9.7701714,0.00647380399275832,0,0.022441504217152165,8.436648877019337e-05,1,0.000604074625778921
1.406,0.1646118,-0.2200383,9.7447635,0.006208244398470342,0,-0.008566438525418683,0.0,1,0.000605382306354859
1.437,0.1586277,-0.2200383,9.7806681,0.006822126250884963,0,0.01980264040047158,0.0,1,0.000605382306354859
1.453,0.1212516,-0.1915893,9.7806681,0.007393400034438002,0,0.035704611472064905,9.663319418183255e-05,1,0.0006061553719083136
1.468,0.145188,-0.20355750000000003,9.740250900000001,0.00697912273258261,0,-0.027618486790359678,0.0,1,0.0006068801208646774
1.484,0.145188,-0.24103170000000002,9.7536906,0.006923462686899029,0,-0.003478752855223807,0.0,1,0.0006068801208646774
1.5,0.11673900000000001,-0.24103170000000002,9.771642900000002,0.0072975434600977,0,0.023380048324916892,0.0,1,0.0006068801208646774
1.515,0.1497006,-0.21856680000000003,9.771642900000002,0.007660575895833688,0,0.024202162382399372,4.160174263579536e-05,1,0.0006071921339344459
1.531,0.1497006,-0.21709530000000002,9.746235,0.007394475351702567,0,-0.01663128400819501,0.0,1,0.0006075249478755322
1.546,0.1466595,-0.21709530000000002,9.749178,0.007205492334028563,0,-0.01259886784493355,0.0,1,0.0006075249478755322
1.562,0.11526750000000001,-0.18109260000000002,9.749178,0.0069929093405338705,0,-0.013286437093418245,0.0,1,0.0006075249478755322
1.578,0.11526750000000001,-0.17069399999999998,9.7342668,0.006417329963735341,0,-0.03597371104990806,0.0,1,0.0006075249478755322
1.593,0.1362609,-0.17069399999999998,9.740250900000001,0.006008319839947873,0,-0.02726734158583136,8.560341161734791e-05,1,0.0006081669734626623
1.609,0.1796211,-0.2274939,9.740250900000001,0.005654735824210277,0,-0.022099000983599716,0.0,1,0.0006088518007556011
1.64,0.22455090000000003,-0.1796211,9.7582032,0.005745781515031467,0,0.002936957768425487,0.0,1,0.0006088518007556011
1.656,0.1796211,-0.1796211,9.759674700000001,0.005847799126080133,0,0.0063761006905416135,0.0,1,0.0006088518007556011
1.671,0.1406754,-0.19757340000000004,9.759674700000001,0.005940205093049045,0,0.006160397797927379,3.677455246121897e-05,1,0.0006091276098990603
1.687,0.1406754,-0.23799060000000002,9.7058178,0.0047392934154100175,0,-0.07505697985243913,0.0,1,0.00060942180631875
1.703,0.1661814,-0.23799060000000002,9.740250900000001,0.0044169598281094125,0,-0.020145849206287796,0.0,1,0.00060942180631875
1.718,0.1377324,-0.1990449,9.740250900000001,0.004070364556248762,0,-0.02310635145737683,0.0,1,0.00060942180631875
1.734,0.1377324,-0.18864630000000002,9.7536906,0.0040548803054250016,0,-0.0009677656764850431,0.0,1,0.00060942180631875
1.75,0.1302768,-0.18864630000000002,9.740250900000001,0.003709569170521121,0,-0.02158194593149252,0.0,1,0.00060942180631875
1.765,0.1571562,-0.17069399999999998,9.740250900000001,0.003374276206180582,0,-0.022352864289369407,0.0,1,0.00060942180631875
1.781,0.12272310000000002,-0.2484873,9.7536906,0.0034035785563357734,0,0.0018313968846994638,0.0,1,0.00060942180631875
1.796,0.12272310000000002,-0.19757340000000004,9.7387794,0.0030401963208497307,0,-0.024225482365735983,4.191304406497842e-05,1,0.0006097361541492374
1.812,0.1661814,-0.19757340000000004,9.7103304,0.002007760444278972,0,-0.06452724228567236,0.0,1,0.0006100714585017572
1.828,0.15421320000000002,-0.23053500000000002,9.7103304,0.001013407304231606,0,-0.06214707125296032,0.0,1,0.0006100714585017572
1.843,0.15421320000000002,-0.2065986,9.740250900000001,0.0007596827850395727,0,-0.016914967946135673,0.0,1,0.0006100714585017572
1.859,0.1661814,-0.2065986,9.717786,-3.077511098403818e-05,0,-0.049403618501475635,0.0,1,0.0006100714585017572
1.89,0.1392039,-0.21709530000000002,9.717786,-0.0008067094370414196,0,-0.025030139550238178,0.0,1,0.0006100714585017572
1.906,0.1392039,-0.1946304,9.7252416,-0.001393533195066965,0,-0.03667648487659655,0.0,1,0.0006100714585017572
1.921,0.1406754,-0.1946304,9.752219100000001,-0.0013077400527414795,0,0.00571954282169898,0.0,1,0.0006100714585017572
1.937,0.1482291,-0.20208600000000002,9.752219100000001,-0.0012176138346209342,0,0.005632888632534078,0.0,1,0.0006100714585017572
1.953,0.1631403,-0.1915893,9.7536906,-0.001093169221014989,0,0.007777788350371566,0.0,1,0.0006100714585017572
1.968,0.1631403,-0.2350476,9.7208271,-0.0017497897956477715,0,-0.043774704975519114,0.0,1,0.0006100714585017572
1.984,0.1781496,-0.2140542,9.6713847,-0.0036012096451827347,0,-0.1157137405959351,0.0,1,0.0006100714585017572
2.0,0.1781496,-0.19757340000000004,9.735738300000001,-0.003847013291800039,0,-0.015362727913581495,0.0,1,0.0006100714585017572
2.015,0.1497006,-0.19757340000000004,9.7821396,-0.002967126691203248,0,0.05865910670645224,0.0,1,0.0006100714585017572
2.031,0.1571562,-0.19011780000000003,9.7821396,-0.0021094518301296716,0,0.05360467881709847,0.0,1,0.0006100714585017572
2.062,0.1571562,-0.20355750000000003,9.7297542,-0.0025433510801047277,0,-0.013996749999195493,0.0,1,0.0006100714585017572
2.078,0.1661814,-0.20355750000000003,9.806076000000001,-0.0011021770521928431,0,0.0900733767444927,0.0,1,0.0006100714585017572
2.093,0.1511721,-0.20355750000000003,9.806076000000001,0.000297924720781495,0,0.09334011819828844,0.0,1,0.0006100714585017572
2.125,0.1257642,-0.21709530000000002,9.7552602,0.00042320752146451923,0,0.003915087521344503,0.0,1,0.0006100714585017572
2.14,0.1406754,-0.21709530000000002,9.6773688,-0.0013487177161977115,0,-0.11812834917748107,0.0,1,0.0006100714585017572
2.156,0.16765290000000002,-0.19757340000000004,9.6773688,-0.0030771445925381613,0,-0.10802667977127801,0.0,1,0.0006100714585017572
2.171,0.1796211,-0.2215098,9.719257500000001,-0.0037243088588603257,0,-0.043144284421478545,0.0,1,0.0006100714585017572
2.187,0.1497006,-0.2006145,9.719257500000001,-0.004379110539469266,0,-0.04092510503805876,0.0,1,0.0006100714585017572
2.203,0.1497006,-0.19610190000000002,9.800091900000002,-0.0030492458747684026,0,0.08311654154380392,0.0,1,0.0006100714585017572
2.218,0.1362609,-0.19610190000000002,9.743193900000001,-0.0031439398467938418,0,-0.006312931468362559,-3.9209440913203636e-05,1,0.0006097773876949081
2.234,0.15568469999999998,-0.23200650000000003,9.743193900000001,-0.0032099965480121284,0,-0.004128543826142913,0.0,1,0.0006094637121676025
2.25,0.1631403,-0.1930608,9.749178,-0.0031462762399545596,0,0.003982519253598046,0.0,1,0.0006094637121676025
2.281,0.1631403,-0.2604555,9.728282700000001,-0.0035552810206791463,0,-0.013193702604018866,0.0,1,0.0006094637121676025
2.296,0.16019730000000001,-0.2604555,9.7297542,-0.003919629831747429,0,-0.024289920737886012,0.0,1,0.0006094637121676025
2.312,0.1257642,-0.2065986,9.7297542,-0.0043189437271156095,0,-0.024957118460511275,0.0,1,0.0006094637121676025
2.328,0.1257642,-0.22455090000000003,9.7417224,-0.004407014729862269,0,-0.005504437671666191,0.0,1,0.0006094637121676025
2.343,0.11978010000000001,-0.22455090000000003,9.8016615,-0.0030333427520155,0,0.09157813185645049,0.0,1,0.0006094637121676025
2.359,0.1406754,-0.21709530000000002,9.8016615,-0.0016905014273032037,0,0.08392758279451844,-3.013677398376602e-05,1,0.0006092226179757324
2.39,0.1497006,-0.2290635,9.8405091,0.0005766231476265204,0,0.07313305080418432,0.0,1,0.000608755497978984
2.406,0.1796211,-0.23053500000000002,9.7342668,0.00021137476899824037,0,-0.022828023664267484,0.0,1,0.000608755497978984
2.421,0.1392039,-0.2006145,9.7342668,-0.0001772578237062561,0,-0.02590883951363365,0.0,1,0.000608755497978984
2.437,0.1392039,-0.2230794,9.6654006,-0.002223537711874002,0,-0.127892493010484,0.0,1,0.000608755497978984
2.453,0.1631403,-0.2230794,9.690808500000001,-0.003591328346669087,0,-0.08548691467469276,0.0,1,0.000608755497978984
2.468,0.1631403,-0.19610190000000002,9.690808500000001,-0.004939983692532124,0,-0.08991035639086838,0.0,1,0.000608755497978984
2.484,0.1631403,-0.23200650000000003,9.7732125,-0.004227408548354461,0,0.04453594651110389,0.0,1,0.000608755497978984
2.5,0.173637,-0.23200650000000003,9.783611100000002,-0.0032742910186875918,0,0.05956984560417927,0.0,1,0.000608755497978984
2.515,0.1511721,-0.1870767,9.783611100000002,-0.002376974021855105,0,0.05982113312216529,0.0,1,0.000608755497978984
2.531,0.1511721,-0.2200383,9.6474483,-0.00480461244456265,0,-0.15172740141922145,0.0,1,0.000608755497978984
2.546,0.1511721,-0.2200383,9.6280245,-0.007646609747162358,0,-0.18946648683998457,0.0,1,0.000608755497978984
2.562,0.1392039,-0.24544620000000003,9.7956774,-0.006321345690706082,0,0.08282900352851723,-0.000108869883882787,1,0.0006078845389079217
2.578,0.173637,-0.19757340000000004,9.7956774,-0.0050413930353983005,0,0.07999704095673625,0.0,1,0.0006070135798368594
2.593,0.173637,-0.1661814,9.803133,-0.003625080869760211,0,0.09442081104253852,0.0,1,0.0006070135798368594
2.625,0.15421320000000002,-0.1661814,9.708858900000001,-0.004549980270066811,0,-0.028903106259581233,0.0,1,0.0006070135798368594
2.64,0.1002582,-0.2215098,9.708858900000001,-0.005442626623514357,0,-0.05950975689650257,0.0,1,0.0006070135798368594
2.656,0.1002582,-0.18109260000000002,9.7103304,-0.0062980525408082855,0,-0.05346411983087047,-6.444131123398145e-05,1,0.0006064980493469876
2.671,0.12272310000000002,-0.18109260000000002,9.699833700000001,-0.0073822769048170755,0,-0.07228162426725421,0.0,1,0.0006060147395127327
2.687,0.15568469999999998,-0.20355750000000003,9.7956774,-0.006080818199997395,0,0.08134116905122994,0.0,1,0.0006060147395127327
2.703,0.1317483,-0.20355750000000003,9.7732125,-0.005367421225061619,0,0.04458731093348596,0.0,1,0.0006060147395127327
2.718,0.1406754,-0.19757340000000004,9.657945000000002,-0.007481911617754022,0,-0.14096602617949236,0.0,1,0.0006060147395127327
2.734,0.1571562,-0.205029,9.657945000000002,-0.00953484426442941,0,-0.1283082904172116,-9.883850169374554e-05,1,0.0006052240314991827
2.75,0.1571562,-0.2140542,9.699833700000001,-0.010511639905651293,0,-0.061049727576367674,0.0,1,0.0006044333234856327
2.765,0.1661814,-0.2140542,9.686394000000002,-0.011788613307940565,0,-0.08513156015261743,0.0,1,0.0006044333234856327
2.781,0.1497006,-0.21552570000000001,9.686394000000002,-0.013040197304000856,0,-0.07822399975376808,-0.00012509275905186286,1,0.0006034325814132178
2.796,0.1497006,-0.20355750000000003,9.774684,-0.012114878382986305,0,0.06168792806763803,0.0,1,0.0006024943857203288
2.828,0.1332198,-0.20355750000000003,9.7297542,-0.012313451675829867,0,-0.00620541540136132,-0.00020460910764532074,1,0.0005992206399980036
2.843,0.1272357,-0.2230794,9.7297542,-0.01249869889363886,0,-0.012349814520599401,0.0,1,0.0005976860716906637
2.859,0.1272357,-0.2006145,9.669913200000002,-0.014150453096020144,0,-0.10323463764883013,-0.00010389345283360815,1,0.0005968549240679948
2.875,0.145188,-0.24544620000000003,9.695321100000001,-0.015111108245163152,0,-0.06004094682143796,0.0,1,0.000596023776445326
2.89,0.1406754,-0.24544620000000003,9.7701714,-0.014225108350320426,0,0.05906665965618125,-5.8007568029202344e-05,1,0.000595588719685107
2.906,0.1437165,-0.21258269999999999,9.7701714,-0.013378420361430443,0,0.05291799930562386,0.0,1,0.0005951246591408733
2.921,0.1437165,-0.2260224,9.776155500000002,-0.012399129284958121,0,0.06528607176482285,0.0,1,0.0005951246591408733
2.937,0.1317483,-0.2260224,9.7686999,-0.01162961319152167,0,0.04809475583977814,-0.00016439735988295692,1,0.0005938094802618096
2.953,0.1721655,-0.23200650000000003,9.7686999,-0.010860117176784811,0,0.04809350092105365,0.0,1,0.000592494301382746
2.968,0.1721655,-0.21709530000000002,9.7926363,-0.009534165349830204,0,0.08839678846363978,0.0,1,0.000592494301382746
2.984,0.16765290000000002,-0.21709530000000002,9.735738300000001,-0.009629671570499099,0,-0.005969138791805934,-0.00015058301714165542,1,0.0005912896372456127
3.0,0.1511721,-0.16912439999999998,9.735738300000001,-0.009752627834037852,0,-0.007684766471172104,0.0,1,0.0005900849731084794
3.031,0.17510850000000003,-0.1870767,9.7567317,-0.009342940494960317,0,0.01321572061540432,-0.00010162272147742207,1,0.0005885098209255793
3.046,0.1212516,-0.1870767,9.7387794,-0.009400935995900639,0,-0.003866366729354891,0.0,1,0.0005877476505144987
3.062,0.18864630000000002,-0.24103170000000002,9.7387794,-0.009402459926482365,0,-9.524566135787885e-05,0.0,1,0.0005877476505144987
3.078,0.18864630000000002,-0.2065986,9.7268112,-0.009715025625030904,0,-0.019535356159283684,-4.556884695004759e-05,1,0.0005873830997388984
3.093,0.1392039,-0.2065986,9.7656588,-0.009093090304949314,0,0.04146235467210567,0.0,1,0.000587041333386773
3.109,0.1257642,-0.1946304,9.7656588,-0.008496764587169636,0,0.03727035736122982,0.0,1,0.000587041333386773
3.125,0.1257642,-0.2215098,9.731225700000001,-0.00874056458523853,0,-0.01523749987930588,0.0,1,0.000587041333386773
3.14,0.1526436,-0.2215098,9.740250900000001,-0.008749000590881906,0,-0.0005624003762250094,-9.641892776202088e-05,1,0.0005863181914285579
3.156,0.1586277,-0.20355750000000003,9.740250900000001,-0.00876445024914041,0,-0.0009656036411564975,0.0,1,0.0005855468400064617
3.171,0.1586277,-0.2350476,9.7327953,-0.008944003875761553,0,-0.01197024177474311,0.0,1,0.0005855468400064617
3.203,0.1406754,-0.20208600000000002,9.7612443,-0.008450298628668307,0,0.015428288971663914,-0.00014764878048983965,1,0.0005831844595186243
3.218,0.1317483,-0.20208600000000002,9.7851807,-0.007388035505233148,0,0.07081754156234332,0.0,1,0.0005820770936649504
3.234,0.1437165,-0.23347800000000002,9.7507476,-0.007170040184636406,0,0.013624707537296376,0.0,1,0.0005820770936649504
3.25,0.1437165,-0.23347800000000002,9.776155500000002,-0.006337901128327772,0,0.05200869101928957,0.0,1,0.0005820770936649504
3.265,0.13469129999999999,-0.1930608,9.776155500000002,-0.005550689314821611,0,0.05248078756707698,-8.012885084039342e-05,1,0.0005814761272836475
3.281,0.13469129999999999,-0.2080701,9.7103304,-0.006380140647070931,0,-0.051840708265582465,0.0,1,0.0005808350964769244
3.296,0.15568469999999998,-0.2080701,9.7372098,-0.006526347059647719,0,-0.009747094171786083,0.0,1,0.0005808350964769244
3.312,0.1497006,-0.1915893,9.7372098,-0.006679522050076159,0,-0.009573436901777468,0.0,1,0.0005808350964769244
3.328,0.1497006,-0.17510850000000003,9.690808500000001,-0.007967948709268313,0,-0.08052666619950959,0.0,1,0.0005808350964769244
3.343,0.18109260000000002,-0.21856680000000003,9.7387794,-0.008020842332156164,0,-0.003526241525856685,-0.00011511680009915204,1,0.0005799717204761808
3.359,0.1482291,-0.21856680000000003,9.7507476,-0.007794192706057856,0,0.014165601631144208,0.0,1,0.0005790507860753875
3.375,0.18413369999999998,-0.2274939,9.7507476,-0.007553174105549232,0,0.015063662531789021,0.0,1,0.0005790507860753875
3.39,0.18413369999999998,-0.18109260000000002,9.7732125,-0.00679400345866199,0,0.050611376459149024,0.0,1,0.0005790507860753875
3.406,0.1287072,-0.18109260000000002,9.803133,-0.005345398859892825,0,0.09053778742307275,-6.913506517773962e-05,1,0.0005784977055539656
3.437,0.1362609,-0.19757340000000004,9.803133,-0.003921875604904201,0,0.04592010499963347,0.0,1,0.0005774261120437106
3.453,0.1362609,-0.2200383,9.783611100000002,-0.0029973831890455216,0,0.05778077599116744,0.0,1,0.0005774261120437106
3.468,0.1272357,-0.23053500000000002,9.7208271,-0.0036232685801032005,0,-0.04172569273717825,0.0,1,0.0005774261120437106
3.484,0.1272357,-0.16765290000000002,9.728282700000001,-0.004083489882518165,0,-0.028763831400935278,0.0,1,0.0005774261120437106
3.5,0.1586277,-0.20208600000000002,9.7417224,-0.004177601800176234,0,-0.005881994853629275,0.0,1,0.0005774261120437106
3.515,0.1781496,-0.20208600000000002,9.704346300000001,-0.005172453489590723,0,-0.06632344596096537,-1.565499383807817e-05,1,0.0005773086995899251
3.531,0.1466595,-0.2274939,9.704346300000001,-0.006142178196419934,0,-0.06060779417682566,0.0,1,0.0005771834596392204
3.562,0.1466595,-0.205029,9.7701714,-0.005495504652950345,0,0.020860436886115986,0.0,1,0.0005771834596392204
3.578,0.13469129999999999,-0.205029,9.7342668,-0.0057442503118991795,0,-0.015546603684302149,0.0,1,0.0005771834596392204
3.593,0.17667810000000003,-0.19757340000000004,9.7342668,-0.0059743154059717085,0,-0.015337672938168477,0.0,1,0.0005771834596392204
3.609,0.17667810000000003,-0.2080701,9.7536906,-0.00571987141819541,0,0.01590274923601863,-5.79169086875643e-05,1,0.0005767201243697199
3.625,0.1646118,-0.2080701,9.728282700000001,-0.006096255471685907,0,-0.023524003343156054,0.0,1,0.0005762567891002193
3.64,0.16765290000000002,-0.18413369999999998,9.728282700000001,-0.006473957567150634,0,-0.02518013969764826,0.0,1,0.0005762567891002193
3.656,0.16765290000000002,-0.18413369999999998,9.7252416,-0.006916596290400534,0,-0.0276649202031187,0.0,1,0.0005762567891002193
3.671,0.1796211,-0.2080701,9.743193900000001,-0.006893774658029983,0,0.0015214421580367669,0.0,1,0.0005762567891002193
3.687,0.1377324,-0.2080701,9.7791966,-0.0060103146667440654,0,0.0552162494553698,-6.0657449169720934e-05,1,0.0005757715295068615
3.703,0.1212516,-0.142245,9.7791966,-0.005182472874389887,0,0.05174011202213608,0.0,1,0.0005752862699135037
3.718,0.1212516,-0.1930608,9.735738300000001,-0.005413248275258908,0,-0.015385026724601274,0.0,1,0.0005752862699135037
3.75,0.1511721,-0.2215098,9.7268112,-0.005831071078743477,0,-0.013056962608892763,0.0,1,0.0005752862699135037
3.765,0.1511721,-0.2080701,9.7895952,-0.0047151534717677634,0,0.07439450713171364,0.0,1,0.0005752862699135037
3.781,0.1870767,-0.2080701,9.743193900000001,-0.00474260498616097,0,-0.0017157196495753964,-6.433551957746135e-05,1,0.000574771585756884
3.812,0.1796211,-0.1990449,9.759674700000001,-0.004375585812862681,0,0.011839328170912652,0.0,1,0.0005737743852034334
3.828,0.15568469999999998,-0.1856052,9.7582032,-0.0040698803189389565,0,0.019106593370232777,0.0,1,0.0005737743852034334
3.843,0.1212516,-0.1856052,9.747706500000001,-0.004039495784263991,0,0.002025635644997675,0.0,1,0.0005737743852034334
3.859,0.1661814,-0.21856680000000003,9.747706500000001,-0.003977039275930849,0,0.0039035317708213634,0.0,1,0.0005737743852034334
3.875,0.1661814,-0.1990449,9.7806681,-0.003122643626527477,0,0.053399728087710714,0.0,1,0.0005737743852034334
3.89,0.1377324,-0.1990449,9.749178,-0.0030676791237596035,0,0.0036643001845248742,-1.4086911191424356e-06,1,0.0005737638200200399
3.906,0.1870767,-0.1870767,9.749178,-0.0029997920507423004,0,0.004242942063581442,0.0,1,0.0005737525504910867
3.937,0.1870767,-0.19610190000000002,9.752219100000001,-0.002855091958675615,0,0.004667744905376988,0.0,1,0.0005737525504910867
3.953,0.142245,-0.19610190000000002,9.7552602,-0.0026582268291992506,0,0.012304070592272776,0.0,1,0.0005737525504910867
3.968,0.1526436,-0.2080701,9.7552602,-0.002456286140535724,0,0.013462712577568332,0.0,1,0.0005737525504910867
3.984,0.1526436,-0.2080701,9.716314500000001,-0.0032088324482213437,0,-0.047034144230351196,0.0,1,0.0005737525504910867
4.0,0.16166880000000003,-0.21856680000000003,9.7851807,-0.002254835235453001,0,0.059624825798021364,0.0,1,0.0005737525504910867
4.015,0.145188,-0.258984,9.7851807,-0.0013063616477673179,0,0.06323157251238022,0.0,1,0.0005737525504910867
4.031,0.145188,-0.20208600000000002,9.8091171,0.0001699226731677328,0,0.09226777005844058,0.0,1,0.0005737525504910867
4.046,0.1257642,-0.20208600000000002,9.6923781,-0.0012427857152115251,0,-0.09418055922528029,0.0,1,0.0005737525504910867
4.062,0.1571562,-0.21856680000000003,9.6923781,-0.002601147014223315,0,-0.0848975811882368,0.0,1,0.0005737525504910867
4.093,0.1571562,-0.1930608,9.7956774,-0.0014209095468444843,0,0.03807217636705943,0.0,1,0.0005737525504910867
4.109,0.1631403,-0.1930608,9.731225700000001,-0.0018385391275135277,0,-0.026101848791815183,0.0,1,0.0005737525504910867
4.125,0.18413369999999998,-0.16019730000000001,9.731225700000001,-0.002251393200214835,0,-0.025803379543831693,-7.930198201597238e-06,1,0.0005736891089054739
4.14,0.1212516,-0.21552570000000001,9.7387794,-0.002468014954194686,0,-0.014441450265323704,0.0,1,0.0005736296324189619
4.171,0.1497006,-0.21552570000000001,9.759674700000001,-0.0021602470772652538,0,0.009927996029981501,0.0,1,0.0005736296324189619
4.187,0.1571562,-0.2274939,9.759674700000001,-0.0018505053904149804,0,0.019358855428142068,0.0,1,0.0005736296324189619
4.203,0.1571562,-0.23200650000000003,9.7327953,-0.0022010527625955234,0,-0.021909210761283916,0.0,1,0.0005736296324189619
4.218,0.145188,-0.23200650000000003,9.749178,-0.0021481619157786014,0,0.003526056454461543,0.0,1,0.0005736296324189619
4.234,0.17069399999999998,-0.1856052,9.749178,-0.002110717027084874,0,0.0023403055433579545,0.0,1,0.0005736296324189619
4.25,0.17069399999999998,-0.2140542,9.7013052,-0.003227134995736236,0,-0.06977612304071007,0.0,1,0.0005736296324189619
4.265,0.16912439999999998,-0.18864630000000002,9.6923781,-0.004547510565378943,0,-0.08802503797618232,0.0,1,0.0005736296324189619
4.281,0.16912439999999998,-0.1915893,9.723770100000001,-0.005068880963200684,0,-0.032585649863858784,0.0,1,0.0005736296324189619
4.312,0.16019730000000001,-0.19610190000000002,9.759674700000001,-0.004703601173574157,0,0.011783219020210326,-7.566971068311522e-05,1,0.0005724567519033736
4.328,0.1631403,-0.19610190000000002,9.714843,-0.005439123078605945,0,-0.04597011906448674,0.0,1,0.0005718513942179087
4.343,0.1586277,-0.2274939,9.714843,-0.006141841249990065,0,-0.046847878092275676,0.0,1,0.0005718513942179087
4.359,0.1586277,-0.2065986,9.728282700000001,-0.006511121889241522,0,-0.023080039953216037,0.0,1,0.0005718513942179087
4.375,0.1362609,-0.2065986,9.6773688,-0.008121059760192395,0,-0.10062111693442946,0.0,1,0.0005718513942179087
4.39,0.145188,-0.24103170000000002,9.6773688,-0.00966914974932287,0,-0.10320599927536717,-9.537646679570917e-05,1,0.000571136070716941
4.406,0.145188,-0.20355750000000003,9.681881400000002,-0.0110904420002651,0,-0.08883076568388928,0.0,1,0.0005703730589825753
4.421,0.18266220000000002,-0.20355750000000003,9.7103304,-0.011767996947860127,0,-0.04517032983966676,0.0,1,0.0005703730589825753
4.437,0.145188,-0.21552570000000001,9.7103304,-0.012438153369895844,0,-0.04188477637723228,-0.00012654069544540576,1,0.000569360733419012
4.453,0.145188,-0.2230794,9.7132734,-0.01301605161015118,0,-0.03611864001595851,0.0,1,0.0005683484078554487
4.468,0.1661814,-0.2065986,9.632439,-0.015551368904317187,0,-0.169021152944404,-4.4429989144291124e-05,1,0.0005680151829368666
4.484,0.1062423,-0.2065986,9.657945000000002,-0.017423598156346642,0,-0.1170143282518409,0.0,1,0.0005676597430237122
4.5,0.16912439999999998,-0.20355750000000003,9.657945000000002,-0.019229880506806296,0,-0.11289264690372826,-0.00010145755493482476,1,0.0005668480825842336
4.515,0.16912439999999998,-0.21258269999999999,9.698362200000002,-0.020001969347912762,0,-0.051472589407098854,0.0,1,0.0005660871509222225
4.546,0.18266220000000002,-0.21101310000000004,9.687865500000001,-0.02100598742986648,0,-0.03238768006302252,-0.0005313197589008017,1,0.0005578516946592599
4.562,0.18266220000000002,-0.1437165,9.6519609,-0.022891026101877543,0,-0.11781491700069135,-0.0003824958671547543,1,0.0005505411696508154
4.578,0.1721655,-0.1437165,9.6503913,-0.024773065379871895,0,-0.11762745487464688,-0.00026380859900874964,1,0.0005453707339215073
4.593,0.1302768,-0.1781496,9.6503913,-0.026611205028704177,0,-0.12254264325548808,-0.00014919062707306058,1,0.0005422732397258938
4.609,0.1302768,-0.20208600000000002,9.6099741,-0.029378492092044795,0,-0.17295544145878844,-9.710820403905154e-05,1,0.0005403028490769969
4.625,0.1466595,-0.23053500000000002,9.5785821,-0.03282226433881341,0,-0.21523576542303838,-9.471425548591983e-05,1,0.000538768269400797
4.656,0.1482291,-0.21709530000000002,9.5307093,-0.037356297067264066,0,-0.14625912027260318,-0.0006824819572801076,1,0.0005267217281029237
4.671,0.1482291,-0.20355750000000003,9.5022603,-0.04248066297594555,0,-0.34162439391208593,-0.000781259157604203,1,0.000515743669741291
4.687,0.1661814,-0.20355750000000003,9.512757,-0.04721688369808419,0,-0.2960137951336647,-0.0009988395309964418,1,0.0005015028802324859
4.703,0.1586277,-0.24701580000000004,9.512757,-0.051815639037213757,0,-0.2874222086955977,-0.001291099712878825,2,0.00048318336628148375
4.734,0.1497006,-0.2006145,9.4513464,-0.05782967114154047,0,-0.19400103562344437,-0.002490602020649499,2,0.0004245669894117953
4.75,0.1646118,-0.2350476,9.4513464,-0.06367162634528434,0,-0.3651222002339912,-0.002962612400544095,2,0.0003809412740422465
4.765,0.1646118,-0.2290635,9.4259385,-0.06999410508662507,1,-0.4214985827560577,-0.003965105386283394,2,0.00032898339064104146
4.781,0.1526436,-0.21856680000000003,9.394448400000002,-0.07694110704662904,1,-0.43418762250024795,-0.00514058708334943,2,0.0002561378508839788
4.812,0.1466595,-0.21856680000000003,9.3614868,-0.08452461901454811,1,-0.24462941831996526,-0.007643305837297727,2,5.798751061394415e-05
4.828,0.1466595,-0.24103170000000002,9.3614868,-0.0919097229189596,1,-0.461568994025718,-0.009054780572765792,2,-7.559718066656412e-05
4.843,0.1466595,-0.2080701,9.3166551,-0.10022702838661246,1,-0.554487031176869,-0.010495806207557551,3,-0.00022222658151898605
4.859,0.1257642,-0.2080701,9.3630564,-0.10721756539586913,1,-0.4369085630785415,-0.012155362957817405,3,-0.0004034359348419859
4.875,0.1511721,-0.18864630000000002,9.3630564,-0.11403847304651471,1,-0.42630672816534837,-0.013925411265356472,3,-0.0006120821286273771
4.89,0.1511721,-0.2006145,9.304686900000002,-0.1221100823681347,1,-0.5381072881080107,-0.015696525430966307,3,-0.0008342466538497932
4.906,0.1511721,-0.2006145,9.225324,-0.13191979260013653,1,-0.613106889500114,-0.01772876443071248,3,-0.0011016489727432236
4.921,0.16912439999999998,-0.2260224,9.225324,-0.14146832017127942,1,-0.6365685047428348,-0.019779175276498175,3,-0.0013829585205473141
4.937,0.16912439999999998,-0.2230794,9.195403500000001,-0.1515151346449759,1,-0.6279259046060298,-0.022123042915028222,3,-0.0017181762660795257
4.953,0.1990449,-0.1796211,9.2148273,-0.16085195100653493,1,-0.5835510225974389,-0.02462197960024031,3,-0.002092136446201674
4.968,0.1571562,-0.1796211,9.247788900000002,-0.16917710628978533,1,-0.5550103522167049,-0.02709719752996266,3,-0.0024800302746781884
4.984,0.1302768,-0.2394621,9.247788900000002,-0.17727633514445884,1,-0.5062018034170941,-0.029868825061436614,3,-0.002935758455409383
5.0,0.1302768,-0.21552570000000001,9.211884300000001,-0.18606777393203267,1,-0.5494649242233636,-0.032775577934048554,3,-0.003436913679373265
5.015,0.1122264,-0.21552570000000001,9.1175121,-0.19695153245317698,1,-0.7255839014096365,-0.035648222731937566,3,-0.00395009218436815
5.031,0.1122264,-0.21709530000000002,9.1175121,-0.20756892552160977,1,-0.6635870667770488,-0.03888438639573586,3,-0.004546353057389538
5.046,0.1122264,-0.21552570000000001,9.1639134,-0.21679692637390602,1,-0.6152000568197266,-0.04206713028495235,3,-0.005153489432494722
5.062,0.145188,-0.21552570000000001,9.1534167,-0.2260444810044735,1,-0.5779721644104668,-0.04560986154397938,3,-0.005854905367126176
5.093,0.19011780000000003,-0.2065986,9.030693600000001,-0.2380432613844654,1,-0.38705743161264616,-0.05280322155100786,3,-0.007380308155098464
5.109,0.1497006,-0.21258269999999999,9.0411903,-0.24950863042841043,1,-0.7165855652465629,-0.05670363668551087,3,-0.008256363020990615
5.125,0.13469129999999999,-0.21258269999999999,9.002244600000001,-0.2616496373415078,1,-0.7588129320685859,-0.06079290282767022,3,-0.009196335337096065
5.14,0.13469129999999999,-0.205029,9.002244600000001,-0.2734987938502407,1,-0.7899437672488743,-0.06480651606160825,3,-0.010138330978765634
5.156,0.13469129999999999,-0.2006145,8.9873334,-0.2854249281343364,1,-0.7453833927559821,-0.06927790583748487,3,-0.011211006353958379
5.171,0.15421320000000002,-0.2006145,9.026181000000001,-0.29610540225782245,1,-0.7120316082323763,-0.07363938331542623,3,-0.012282886022605253
5.187,0.16019730000000001,-0.1946304,9.026181000000001,-0.3065260303042763,1,-0.6512892529033637,-0.07846043477592303,3,-0.013499684567336048
5.203,0.16019730000000001,-0.1796211,8.9828208,-0.3177572715144237,1,-0.701952575634212,-0.08345470119047263,3,-0.014795005655067214
5.218,0.15421320000000002,-0.1796211,8.9828208,-0.3287171333953154,1,-0.7306574587261294,-0.08830325922729557,3,-0.01608319035820045
5.234,0.1466595,-0.19757340000000004,8.9828208,-0.3394035761745613,1,-0.6679026737028687,-0.09364822490385459,3,-0.01753880223124965
5.25,0.1466595,-0.2200383,8.9828208,-0.3498166426398317,1,-0.6508166540793997,-0.09916198665436973,3,-0.019081283923715445
5.265,0.1856052,-0.21258269999999999,8.9618274,-0.3604743301351334,1,-0.7105124996867962,-0.10448916895018186,3,-0.02060866759074955
5.281,0.1796211,-0.21258269999999999,9.095047200000002,-0.3676273259754588,1,-0.4470622400203346,-0.1103139821990666,3,-0.02232709279994354
5.296,0.15421320000000002,-0.21856680000000003,9.095047200000002,-0.37461376863825535,1,-0.46576284418642083,-0.11588079040866966,3,-0.024023553594501628
5.312,0.15421320000000002,-0.18413369999999998,8.948387700000001,-0.38502418950225525,1,-0.6506513039999934,-0.12195789407379376,3,-0.025926263070361336
5.328,0.17069399999999998,-0.18413369999999998,8.936419500000001,-0.39546519515186773,1,-0.6525628531007793,-0.12820180915102675,3,-0.0279275406961599
5.359,0.1332198,-0.2215098,8.936419500000001,-0.40564639613518594,1,-0.3284258381715583,-0.14061903881597596,3,-0.032094263839648404
5.375,0.1332198,-0.1915893,8.936419500000001,-0.41559613604854384,1,-0.6218587445848683,-0.1471889790734458,3,-0.03439672798276378
5.39,0.16166880000000003,-0.1915893,8.9783082,-0.4242704793758332,1,-0.5782895551526347,-0.1534879786891285,3,-0.03665180516598304
5.406,0.1466595,-0.2290635,8.9783082,-0.43271813410445326,1,-0.5279784205387545,-0.1603438875969708,3,-0.03916246009627184
5.421,0.1466595,-0.20355750000000003,8.9828208,-0.440864709551418,1,-0.5431050297976282,-0.16689575892439007,3,-0.04161675744518214
5.437,0.1646118,-0.17510850000000003,8.9978301,-0.44845367433611827,1,-0.4743102990437671,-0.17401030599549036,3,-0.04434400596454118
5.453,0.1212516,-0.22455090000000003,8.9978301,-0.45584756408805127,1,-0.4621181094958123,-0.1812447159028837,3,-0.047186046139728176
5.468,0.1212516,-0.2200383,8.882562600000002,-0.4658741261066428,1,-0.6684374679061165,-0.18815762857934376,3,-0.049956563723344824
5.484,0.1511721,-0.2200383,8.9543718,-0.473894292043898,1,-0.5012603710784487,-0.1956757759245481,3,-0.05302723095937596
5.515,0.1856052,-0.20954160000000002,8.9543718,-0.4817091966065554,1,-0.25209369556959704,-0.21048762999863,3,-0.05932276375118516
5.531,0.1856052,-0.2425032,8.9783082,-0.48872973552552956,1,-0.43878368243588334,-0.2182511414556867,3,-0.0627526739228197
5.546,0.1497006,-0.2425032,8.9019864,-0.49745594761819767,1,-0.5817474728445183,-0.22564753407926494,3,-0.06608191398933197
5.562,0.18266220000000002,-0.1930608,8.9019864,-0.5059838123826967,1,-0.5329915477811915,-0.2336750521592721,3,-0.06975649467924026
5.578,0.18266220000000002,-0.20954160000000002,8.9333784,-0.5135293080761993,1,-0.47159348084391217,-0.24183115712294323,3,-0.07356054435349799
5.593,0.1571562,-0.20954160000000002,8.955843300000002,-0.5203549043105866,1,-0.4550397489591615,-0.24958528871584396,3,-0.07724616769728881
5.609,0.1571562,-0.20954160000000002,8.8990434,-0.5283987901153218,1,-0.5027428627959458,-0.25797531827125125,3,-0.08130665255318557
5.625,0.1511721,-0.2006145,8.8990434,-0.536254026575314,1,-0.49095227874951197,-0.26649254080477636,3,-0.0855023954257938
5.64,0.10928340000000002,-0.22455090000000003,8.9050275,-0.5437727800289309,1,-0.5012502302411418,-0.27459274185430804,3,-0.08956053504573684
5.671,0.1646118,-0.2215098,8.9050275,-0.551089262077717,1,-0.23601554996083748,-0.2915631035069614,3,-0.09833595064883668
5.687,0.1646118,-0.21258269999999999,8.9498592,-0.5571396372546609,1,-0.37814844855899,-0.30042893470162046,3,-0.10307188695450534
5.703,0.1571562,-0.21258269999999999,8.9019864,-0.5642128271797464,1,-0.4420743703178461,-0.3093997544170957,3,-0.10795051646745507
5.718,0.17667810000000003,-0.23200650000000003,8.9019864,-0.5710927522488642,1,-0.4586616712745319,-0.3179145462628101,3,-0.11265537372255427
5.734,0.1796211,-0.2858634,8.9304354,-0.5770718728728674,1,-0.37369503900019885,-0.327099863263784,3,-0.11781548899876702
5.75,0.1796211,-0.2215098,8.931906900000001,-0.5829138496308683,1,-0.3651235473750566,-0.3363797490438139,3,-0.12312332589722781
5.765,0.1586277,-0.2215098,8.9184672,-0.588950674662895,1,-0.40245500213511703,-0.34516873297601697,3,-0.12823493951237644
5.781,0.1482291,-0.21709530000000002,8.9184672,-0.5948472677105023,1,-0.36853706547546017,-0.3546391165150042,3,-0.13383340230830462
5.796,0.1482291,-0.2274939,8.960355900000001,-0.5995725179624216,1,-0.3150166834612732,-0.36359726490755145,3,-0.139220175168974
5.812,0.18266220000000002,-0.2274939,8.9574129,-0.6042387615218274,1,-0.2916402224628631,-0.37322775514342543,3,-0.14511477532938183
5.828,0.16166880000000003,-0.1990449,8.9574129,-0.6088175441298862,1,-0.28617391300367306,-0.38293220558863916,3,-0.15116405501523836
5.843,0.16166880000000003,-0.24103170000000002,8.9797797,-0.6127142583986878,1,-0.25978095125344286,-0.39209369410760325,3,-0.15697674926296004
5.859,0.18413369999999998,-0.24103170000000002,8.9304354,-0.6177082163396648,1,-0.31212237131106296,-0.4019370739055101,3,-0.16332899540706494
5.89,0.1377324,-0.1915893,8.9304354,-0.6226299515226117,1,-0.15876565106280538,-0.4211623155073752,3,-0.17608703594296454
5.906,0.1466595,-0.2290635,8.8974738,-0.6282102287959095,1,-0.3487673295811119,-0.43116903694992337,3,-0.18290568676262295
5.921,0.1466595,-0.20355750000000003,8.9214102,-0.6330859360076087,1,-0.3250471474465987,-0.4406287581859501,3,-0.18944417022614224
5.937,0.11821050000000001,-0.20355750000000003,8.9259228,-0.6377429949219771,1,-0.2910661821480251,-0.4507953896333868,3,-0.19657556340869695
5.953,0.145188,-0.21101310000000004,8.9259228,-0.6422725409803522,1,-0.28309662864844903,-0.46103551392060543,3,-0.2038702106371289
5.968,0.1661814,-0.2260224,8.888546700000001,-0.6475848858457667,1,-0.3541563243609696,-0.47070944462180114,3,-0.2108582978261968
5.984,0.16765290000000002,-0.23053500000000002,8.888546700000001,-0.6527641624290528,1,-0.32370478645538076,-0.48111223700799965,3,-0.21847287127923523
6.015,0.16765290000000002,-0.20355750000000003,8.9693811,-0.6558624632987051,1,-0.09994518934362513,-0.5013959497067796,3,-0.23370174817331416
6.031,0.1466595,-0.20355750000000003,8.948387700000001,-0.6594059972073651,1,-0.2214708692912513,-0.5119180973908277,3,-0.24180826055009502
6.046,0.1856052,-0.2559429,8.948387700000001,-0.6628126888943182,1,-0.22711277913019587,-0.5218347375365907,3,-0.24956140681205097
6.062,0.1781496,-0.2575125,8.955843300000002,-0.6659571538479341,1,-0.19652905960099148,-0.5324648962785288,3,-0.25799580388257193
6.078,0.1781496,-0.23799060000000002,8.940932100000001,-0.6694015760486156,1,-0.2152763875425954,-0.5431477661177012,3,-0.2666007051817418
6.093,0.1272357,-0.2140542,8.9543718,-0.6724702663258242,1,-0.20457935181390932,-0.5532118049355093,3,-0.27482340196464067
6.109,0.1272357,-0.18413369999999998,8.9737956,-0.6750067270806941,1,-0.15852879717936905,-0.5639916208827614,3,-0.28376102937118686
6.125,0.173637,-0.18413369999999998,8.9454447,-0.6781535668769898,1,-0.1966774872684816,-0.5748169032344229,3,-0.29287149756412434
6.156,0.1362609,-0.2290635,8.9454447,-0.681214139969283,1,-0.09872816426752483,-0.5958871026905399,3,-0.3110174096559611
6.171,0.1362609,-0.19011780000000003,8.9933175,-0.6830550796921404,1,-0.12272931485715341,-0.606119121838001,3,-0.3200324563399255
6.187,0.173637,-0.19011780000000003,8.8929612,-0.6872821186252445,1,-0.2641899333190032,-0.6170818194245401,3,-0.3298180638700258
6.203,0.1497006,-0.1930608,8.8929612,-0.6914151224120229,1,-0.25831273667364907,-0.6281113973528383,3,-0.33977960960424486
6.218,0.1287072,-0.20355750000000003,8.9933175,-0.6930027987605119,1,-0.10584508989926877,-0.6384945317616321,3,-0.3492791540726032
6.234,0.1287072,-0.24701580000000004,8.9693811,-0.695108744060958,1,-0.13162158127788526,-0.6495994241042038,3,-0.35958390571952986
6.25,0.15421320000000002,-0.24701580000000004,8.928963900000001,-0.6981387822968426,1,-0.189377389742784,-0.6607454043150662,3,-0.370066664346884
6.265,0.18864630000000002,-0.2006145,8.928963900000001,-0.7011071552185619,1,-0.1978915281146285,-0.6712397488464316,3,-0.38005655299559504
6.281,0.18864630000000002,-0.2230794,8.9229798,-0.7041360109562333,1,-0.18930348360446364,-0.6824816941758299,3,-0.3908863245397731
6.296,0.17069399999999998,-0.2230794,8.934948,-0.7068080412611657,1,-0.17813535366214986,-0.6930637745674608,3,-0.4012029155553482
6.312,0.1406754,-0.2290635,8.934948,-0.709423960248257,1,-0.1634949366932091,-0.7043936305795362,3,-0.4123825747965242
6.328,0.1406754,-0.21101310000000004,8.9229798,-0.7122787033406546,1,-0.17842144327484527,-0.7157672518882475,3,-0.42374386185626645
6.343,0.1856052,-0.21101310000000004,8.937891,-0.7146802841128057,1,-0.16010538481007908,-0.7264694442941483,3,-0.4345606370776342
6.359,0.15421320000000002,-0.2274939,8.937891,-0.717027981977008,1,-0.14673111651264378,-0.7379231104228668,3,-0.44627577751537034
6.375,0.1586277,-0.2260224,8.955843300000002,-0.7188797930241684,1,-0.11573819044752288,-0.7494103726228762,3,-0.4581744453797363
6.39,0.1586277,-0.2230794,8.9618274,-0.7205423512823934,1,-0.11083721721500457,-0.7602060387051752,3,-0.46949656846469645
6.421,0.17667810000000003,-0.2215098,9.0038142,-0.7211335171954083,1,-0.019069868161770302,-0.7825520146665815,3,-0.4934093182919591
6.437,0.17667810000000003,-0.24701580000000004,8.927394300000001,-0.7235569187515392,1,-0.15146259725817832,-0.7941095381541571,3,-0.506022610714525
6.453,0.1511721,-0.24701580000000004,8.960355900000001,-0.7251291092825394,1,-0.09826190818751349,-0.8056990263784297,3,-0.5188210792307857
6.468,0.145188,-0.1915893,8.960355900000001,-0.7266984383243145,1,-0.10462193611834167,-0.8165877329854809,3,-0.5309882299260148
6.484,0.145188,-0.19757340000000004,8.906499,-0.7295394111762015,1,-0.1775608032429375,-0.828237635781485,3,-0.5441468328761505
6.5,0.1392039,-0.19757340000000004,8.9902764,-0.7302708150401198,1,-0.04571274149489653,-0.8399161175912156,3,-0.5574920629031321
6.515,0.1571562,-0.1586277,8.9902764,-0.7309959767226868,1,-0.04834411217113284,-0.8508756185294365,3,-0.5701730009240368
6.531,0.1497006,-0.1796211,9.0217665,-0.7309291321688711,1,0.004177784613479393,-0.862571019400569,3,-0.5838805740274768
6.546,0.1497006,-0.2260224,8.960355900000001,-0.732335624010263,1,-0.09376612275945344,-0.873545505071913,3,-0.596901447961021
6.562,0.1796211,-0.2260224,8.963397,-0.733620272346716,1,-0.0802905210283144,-0.8852731522427688,3,-0.6109719972195384
6.578,0.1257642,-0.2394621,8.963397,-0.734887446564354,1,-0.07919838860237498,-0.8970212139940574,3,-0.625230352149433
6.593,0.1257642,-0.2230794,8.964868500000001,-0.736098143825668,1,-0.08071315075426527,-0.9080536059219824,3,-0.6387684132988031
6.609,0.1362609,-0.2230794,8.9393625,-0.7378974045257092,1,-0.11245379375257593,-0.9198455703087934,3,-0.6533916067086493
6.625,0.1586277,-0.18413369999999998,8.9393625,-0.7396654130760183,1,-0.11050053439431985,-0.9316660728496072,3,-0.6682036998539165
6.656,0.1586277,-0.1781496,8.9469162,-0.7412090848232697,1,-0.04979586281456345,-0.954619627567046,3,-0.6974411282103743
6.671,0.1392039,-0.2200383,8.9393625,-0.7428844205179601,1,-0.11168904631268649,-0.9657503288571057,3,-0.7118439028835559
6.687,0.1437165,-0.17510850000000003,8.9842923,-0.7434458653713882,1,-0.03509030333925797,-0.9776409711442204,3,-0.7273910332835666
6.703,0.1437165,-0.1870767,8.907970500000001,-0.7458485949748912,1,-0.150170600218935,-0.9895553268269908,3,-0.7431286036673362
6.718,0.1362609,-0.1870767,8.9214102,-0.747867890963013,1,-0.13461973254145507,-1.0007582004715248,3,-0.7580559551220748
6.734,0.16912439999999998,-0.20208600000000002,8.9214102,-0.7498162410219944,1,-0.12177187868633854,-1.0127396735274048,3,-0.7741639381140663
6.75,0.16912439999999998,-0.23347800000000002,8.960355900000001,-0.7507489869930488,1,-0.05829662319090096,-1.024744195351525,3,-0.7904638090650977
6.765,0.19757340000000004,-0.23347800000000002,8.928963900000001,-0.752410003879687,1,-0.11073445910921718,-1.0360178877830704,3,-0.8059195246886068
6.781,0.1661814,-0.17510850000000003,8.928963900000001,-0.7540786540262143,1,-0.10429063415795516,-1.0480697970463175,3,-0.8225922261672419
6.796,0.1661814,-0.205029,8.9229798,-0.7558369671122822,1,-0.11722087240452132,-1.0593941642048568,3,-0.8383982058766263
6.812,0.1437165,-0.205029,8.9469162,-0.7569783198149622,1,-0.07133454391750053,-1.0714966865002746,3,-0.8554453326822673
6.828,0.20208600000000002,-0.258984,8.9469162,-0.7580302300085329,1,-0.06574438709816549,-1.0836167548988627,3,-0.8726862402134604
6.843,0.17667810000000003,-0.2274939,8.955843300000002,-0.7588728405129626,1,-0.05617403362864694,-1.0949935279277736,3,-0.8890258173346598
6.859,0.17667810000000003,-0.20355750000000003,8.9498592,-0.7598548300056613,1,-0.06137434329367414,-1.1071433492919227,3,-0.9066429123524173
6.89,0.1631403,-0.20355750000000003,8.9902764,-0.7598337655363405,1,0.0006794990103490233,-1.1306985225228234,3,-0.9413294613655455
6.906,0.10928340000000002,-0.19757340000000004,8.9902764,-0.7598363645357722,1,-0.0001624374644793035,-1.1428558835634004,3,-0.9595178966142354
6.921,0.10928340000000002,-0.2065986,8.9543718,-0.7607093786729315,1,-0.058200942477287444,-1.1542599766374662,3,-0.9767462655657425
6.937,0.1302768,-0.2065986,8.9304354,-0.7621378498784317,1,-0.08927945034375986,-1.166442754465877,3,-0.9953118874145692
6.953,0.1661814,-0.21552570000000001,8.9304354,-0.7635118072300546,1,-0.08587233447643332,-1.178647951722745,3,-1.0140726130640783
6.968,0.1661814,-0.21101310000000004,8.976836700000002,-0.7637236505292329,1,-0.014122886611882107,-1.1901022176559395,3,-1.031838239334418
6.984,0.1212516,-0.21101310000000004,8.96634,-0.7642037869169442,1,-0.030008524231961403,-1.2023256371555089,3,-1.0509776621729097
7.0,0.1870767,-0.2140542,8.96634,-0.7646428630316642,1,-0.02744225716999613,-1.2145564103550979,3,-1.0703127185529946
7.031,0.1212516,-0.22455090000000003,9.0052857,-0.7641430504826854,1,0.016122985450929037,-1.2382525920145702,3,-1.108331258089724
7.046,0.17510850000000003,-0.22455090000000003,8.976836700000002,-0.7643273538043793,1,-0.01228688811292927,-1.2497161200467235,3,-1.1269910234301843
7.062,0.1571562,-0.2425032,8.976836700000002,-0.7645038763055378,1,-0.011032656322407231,-1.2619467698876028,3,-1.1470843265496589
7.078,0.1571562,-0.2575125,8.9259228,-0.7659070012297526,1,-0.08769530776342452,-1.2741900569078852,3,-1.1673734211640228
7.093,0.18413369999999998,-0.2575125,8.896002300000001,-0.7679926399916024,1,-0.13904258412331968,-1.2856943042170452,3,-1.1865725538724594
7.109,0.18266220000000002,-0.2350476,8.896002300000001,-0.7700433088701537,1,-0.12816680490945742,-1.2979985918079393,3,-1.2072420970406592
7.125,0.18266220000000002,-0.17667810000000003,8.960355900000001,-0.7705079256208354,1,-0.029038546917603523,-1.3103230016838672,3,-1.2281086697885937
7.14,0.15568469999999998,-0.17667810000000003,8.988804900000002,-0.770279989258162,1,0.015195757511558688,-1.3218789110454594,3,-1.2478501841340632
7.171,0.15421320000000002,-0.18864630000000002,8.9993016,-0.7697963778336057,1,0.01560036853407485,-1.3457500947353822,3,-1.289198433723667
7.187,0.15421320000000002,-0.1796211,8.964868500000001,-0.7701686043463649,1,-0.023264157047453417,-1.358069814592822,3,-1.3108289929982928
7.218,0.18109260000000002,-0.1796211,8.9574129,-0.7707012667148927,1,-0.017182657049283425,-1.3819532975942712,3,-1.3532993512371922
7.234,0.17069399999999998,-0.19011780000000003,8.9574129,-0.7712206339047203,1,-0.0324604493642244,-1.394288672799228,3,-1.3755092870003403
7.25,0.17069399999999998,-0.19757340000000004,8.9393625,-0.7721634663597463,1,-0.05892702843912628,-1.4066357456013439,3,-1.3979166823475448
7.265,0.205029,-0.19757340000000004,8.924451300000001,-0.7734292154105642,1,-0.08438327005452767,-1.418227690714621,3,-1.419103158119914
7.281,0.1078119,-0.2274939,8.9678115,-0.7736311145032246,1,-0.012618693291277506,-1.4306041733539312,3,-1.4418938130324626
7.296,0.1317483,-0.2274939,8.9828208,-0.7734543710636057,1,0.011782895974594991,-1.4422073144956828,3,-1.4634398991913355
7.312,0.1930608,-0.23799060000000002,8.9828208,-0.773248285595848,1,0.012880341734855515,-1.4545809357489585,3,-1.4866142051932927
7.328,0.1032993,-0.2738952,9.0127413,-0.7723290011377255,1,0.05745527863265649,-1.4669455540428271,3,-1.509986417111627
7.343,0.1032993,-0.1915893,8.96634,-0.7726153645054996,1,-0.01909089118494045,-1.478532636785151,3,-1.5320775035428364
7.359,0.1392039,-0.1915893,8.927394300000001,-0.7738324673673826,1,-0.07606892886768961,-1.490904219440134,3,-1.5558329983926387
7.375,0.1212516,-0.2649681,8.927394300000001,-0.7749805251011779,1,-0.07175360836220161,-1.5032947233798826,3,-1.5797865899351988
7.39,0.1212516,-0.24544620000000003,8.963397,-0.7752364824121578,1,-0.017063820731996186,-1.5149213509362323,3,-1.6024232104925693
7.406,0.1586277,-0.24544620000000003,8.907970500000001,-0.7768231149780007,1,-0.09916453536518147,-1.5273378277153535,3,-1.626761283921782
7.437,0.15421320000000002,-0.1856052,8.9469162,-0.777458687776555,1,-0.020502348340461128,-1.5514291956580497,3,-1.6744821727840706
7.453,0.15568469999999998,-0.1856052,8.9259228,-0.7785899835625791,1,-0.07070598662650689,-1.5638775850287627,3,-1.699404627029565
7.484,0.1856052,-0.1721655,8.9259228,-0.7796863073946145,1,-0.03536528490436794,-1.588030867538599,3,-1.7482592080443586
7.5,0.1781496,-0.21709530000000002,8.976836700000002,-0.7794945191732694,1,0.011986763834070924,-1.6005043141511421,3,-1.7737674894978765
7.515,0.1781496,-0.24103170000000002,8.9873334,-0.7790366445483183,1,0.030524974996737994,-1.6121932978790539,3,-1.7978627215881025
7.531,0.16166880000000003,-0.24103170000000002,8.8945308,-0.7808598193712868,1,-0.11394842643552829,-1.6246724695904107,3,-1.823757647727858
7.546,0.1526436,-0.19610190000000002,8.8945308,-0.7826693301741372,1,-0.1206340535233562,-1.6363989382120019,3,-1.8482156832863772
7.562,0.1526436,-0.2260224,9.000773100000002,-0.7818273244303562,1,0.05262535898631344,-1.648914911448838,3,-1.874498194083664
7.578,0.16166880000000003,-0.2260224,8.9184672,-0.7830085098088926,1,-0.0738240861585248,-1.661433598122752,3,-1.9009809821602368
7.593,0.1466595,-0.2215098,8.9184672,-0.7841699711289891,1,-0.077430754673104,-1.6731874367297859,3,-1.9259906399216302
7.609,0.1466595,-0.23200650000000003,9.002244600000001,-0.7832542044862567,1,0.05723541517077541,-1.685726830134708,3,-1.9528619540565462
7.625,0.11673900000000001,-0.23200650000000003,8.9469162,-0.7837203535615895,1,-0.029134317208301373,-1.6982626265990908,3,-1.9799338697104165
7.64,0.1571562,-0.2200383,8.9469162,-0.7841674217679326,1,-0.029804547089540914,-1.710021784914062,3,-2.0054960027967645
7.656,0.18109260000000002,-0.16912439999999998,8.8929612,-0.7859350186664518,1,-0.11047480615744555,-1.722582604437537,3,-2.0329568379115774
7.671,0.18109260000000002,-0.20208600000000002,8.9678115,-0.7858179566589225,1,0.007804133835283444,-1.7343707517524778,3,-2.0588839880830037
7.687,0.1586277,-0.20208600000000002,8.9214102,-0.7868453960993822,1,-0.06421496502873042,-1.7469520585745442,3,-2.08673457056562
7.703,0.1781496,-0.1870767,8.9214102,-0.7878467738380337,1,-0.06258610866571862,-1.7595495959340435,3,-2.114786583801689
7.734,0.1212516,-0.19757340000000004,8.9902764,-0.7871623872976627,1,0.02207698517325672,-1.7839622379316464,3,-2.1697110172266063
7.75,0.18864630000000002,-0.205029,8.9902764,-0.7864623038926677,1,0.04375521281219093,-1.796551235461169,3,-2.198355125013749
7.765,0.18864630000000002,-0.2499588,8.9184672,-0.7875019547071673,1,-0.0693100542999773,-1.8083559674006675,3,-2.225391929035212
7.781,0.205029,-0.2499588,8.9574129,-0.7875581604384756,1,-0.0035128582067667194,-1.8209564483218326,3,-2.254426428360992
7.796,0.10928340000000002,-0.2215098,8.9574129,-0.7876721974131424,1,-0.007602464977788464,-1.83277067600572,3,-2.28182938179345
7.812,0.1392039,-0.2200383,8.972324100000002,-0.787410684545069,1,0.016344554254588126,-1.8453713390613857,3,-2.3112545179139867
7.828,0.1392039,-0.2365191,8.9574129,-0.7875088449326135,1,-0.006135024221531888,-1.8579706952972073,3,-2.3408812541888553
7.843,0.1482291,-0.2365191,8.9454447,-0.7878928465432367,1,-0.0256001073748759,-1.8697862079832759,3,-2.368839430963458
7.859,0.145188,-0.23200650000000003,8.9454447,-0.7882715791068868,1,-0.023670785228135906,-1.8823955233884768,3,-2.3988568848144323
7.875,0.145188,-0.2365191,8.943875100000001,-0.7886764578366563,1,-0.02530492061059151,-1.8950111076840253,3,-2.4290761378630124
7.89,0.1526436,-0.2365191,8.9708526,-0.7884107721238482,1,0.017712380853870398,-1.9068392619087289,3,-2.4575900156349575
7.906,0.1497006,-0.2425032,8.9708526,-0.7881488807059736,1,0.016368213617168323,-1.9194517391313675,3,-2.4882003436432782
7.921,0.1497006,-0.21552570000000001,8.912483100000001,-0.7893332003067108,1,-0.07895464004914918,-1.931282854738963,3,-2.517080853097307
7.937,0.16019730000000001,-0.21552570000000001,9.014212800000001,-0.7880040856819779,1,0.08306966404580944,-1.9439015530268726,3,-2.548082328359434
7.953,0.1437165,-0.2140542,8.9978301,-0.7871144310472573,1,0.05560341467003566,-1.9565025011607065,3,-2.5792855607929344
7.968,0.11978010000000001,-0.1915893,8.9978301,-0.7862673669387679,1,0.05647094056596441,-1.9683028646456013,3,-2.608721601036481
7.984,0.11978010000000001,-0.19610190000000002,8.9678115,-0.7861705140629702,1,0.006053304737352322,-1.9808823676936151,3,-2.640315082895195
8.015,0.10928340000000002,-0.19610190000000002,8.972324100000002,-0.785969263146562,1,0.006491965045426111,-2.0052505342403655,3,-2.7021001428751728
8.031,0.1078119,-0.21258269999999999,8.972324100000002,-0.7857642031165,1,0.012816251878877681,-2.0178244019704703,3,-2.7342847423648595
8.046,0.1078119,-0.21101310000000004,8.9588844,-0.7858927310599313,1,-0.008568529562088853,-2.0296118289767926,3,-2.7646405140969614
8.062,0.145188,-0.21101310000000004,8.924451300000001,-0.786844744393477,1,-0.059500833346604,-2.0421937287804197,3,-2.797214958559019
8.078,0.15421320000000002,-0.21258269999999999,8.924451300000001,-0.7877689388363027,1,-0.057762152676610286,-2.054790638246258,3,-2.8299908334952324
8.093,0.15421320000000002,-0.2484873,8.9618274,-0.7877368562444556,1,0.002138839456478,-2.0666069317093645,3,-2.8609013152699005
8.109,0.17069399999999998,-0.2484873,8.972324100000002,-0.7874424010019414,1,0.01840345265713415,-2.0792083657673355,3,-2.894067837649714
8.125,0.173637,-0.2215098,8.943875100000001,-0.7878645113671894,1,-0.026381897827998355,-2.0918108210662885,3,-2.927435991144383
8.14,0.18109260000000002,-0.21101310000000004,8.943875100000001,-0.7882789094233207,1,-0.02762653707541924,-2.103631896722218,3,-2.958901811527798
8.156,0.18109260000000002,-0.2365191,8.943875100000001,-0.7886676440714986,1,-0.02429591551111885,-2.1162474691501765,3,-2.9926608464547773
8.171,0.1497006,-0.21856680000000003,8.952900300000001,-0.788852153226502,1,-0.012300610333564582,-2.1280788676299105,3,-3.0244932939806253
8.187,0.1497006,-0.2499588,8.9393625,-0.7893421527861673,1,-0.030624972479076334,-2.140704422078012,3,-3.0586435602982887
8.203,0.16019730000000001,-0.2499588,8.9454447,-0.7896675012558703,1,-0.020334279356437595,-2.1533364993103485,3,-3.0929958876693955
8.234,0.1930608,-0.23799060000000002,8.96634,-0.7894677101787249,1,0.006444873456303295,-2.1778130950875854,3,-3.1601287063825647
8.265,0.1497006,-0.2484873,8.9588844,-0.7894678022896553,1,-2.9713203367287714e-06,-2.2022865955308455,3,-3.228020251587152
8.281,0.1526436,-0.2484873,8.952900300000001,-0.7896125579101536,1,-0.00904722628114473,-2.214919238412444,3,-3.263357898258698
8.296,0.20208600000000002,-0.2425032,8.952900300000001,-0.7897339063340425,1,-0.008089894925926622,-2.2267643368942744,3,-3.296670525073496
8.328,0.12272310000000002,-0.258984,8.9259228,-0.7905337864882149,1,-0.024996254817888343,-2.2520486199794307,3,-3.3683315323834755
8.343,0.15568469999999998,-0.2200383,8.9259228,-0.7913271019792791,1,-0.05288769940427839,-2.2639125766429373,3,-3.4022012413581444
8.359,0.15568469999999998,-0.22455090000000003,8.964868500000001,-0.7911488762254741,1,0.01113910961281216,-2.2765723844685755,3,-3.4385251210470367
8.375,0.13469129999999999,-0.22455090000000003,8.9514288,-0.7913109438680888,1,-0.0101292276634135,-2.289232063029324,3,-3.4750515566270197
8.39,0.1078119,-0.2006145,8.9514288,-0.7914917951667206,1,-0.012056753242124801,-2.3011030835720856,3,-3.5094790702265315
8.406,0.1078119,-0.1856052,9.014212800000001,-0.7901452504458799,1,0.08415904505254528,-2.3137561799369863,3,-3.546397944334604
8.421,0.1406754,-0.2006145,8.988804900000002,-0.7894321395781319,1,0.047540724516540955,-2.3256030103621654,3,-3.581193138261845
8.437,0.1272357,-0.2006145,8.9858619,-0.7888130603224663,1,0.03869245347909441,-2.33822897196137,3,-3.6185037941204334
8.453,0.1511721,-0.2350476,8.9858619,-0.788179689867512,1,0.03958565343464834,-2.3508449139628897,3,-3.6560163852078276
8.468,0.1511721,-0.2499588,8.8855056,-0.7899983652179969,1,-0.12124502336565982,-2.3626812493760316,3,-3.6913678314328706
8.484,0.1212516,-0.2499588,8.9873334,-0.7893014584341387,1,0.043556673991140785,-2.3753156479652486,3,-3.729271806611601
8.5,0.142245,-0.1915893,8.9873334,-0.7886490038087182,1,0.04077841408878232,-2.3879392516631914,3,-3.7673778458086282
8.531,0.1482291,-0.19011780000000003,8.96634,-0.7885227164061064,1,0.0040737871810250835,-2.4123854133265215,3,-3.84178287811597
8.546,0.1332198,-0.21101310000000004,8.96634,-0.7883938568192939,1,0.008590639120835637,-2.424212287625711,3,-3.878057360873109
8.562,0.1332198,-0.2559429,8.896002300000001,-0.7899542768771415,1,-0.09752625361547632,-2.4368390726952827,3,-3.916945771755677
8.578,0.1107549,-0.18266220000000002,8.948387700000001,-0.7902508647809103,1,-0.018536743985553255,-2.4494807138285473,3,-3.9560363300478674
8.593,0.1302768,-0.18266220000000002,8.976836700000002,-0.7898401473607226,1,0.02738116134584715,-2.46133139641961,3,-3.99286742087473
8.609,0.19610190000000002,-0.19757340000000004,8.976836700000002,-0.7894025735148169,1,0.02734836536910643,-2.4739653381866145,3,-4.03234979475158
8.625,0.19610190000000002,-0.21258269999999999,8.882562600000002,-0.7912654763604241,1,-0.11643142785044959,-2.4866106825856162,3,-4.072034402917758
8.64,0.16912439999999998,-0.21258269999999999,8.9902764,-0.7904705102928862,1,0.05299773783585984,-2.4984737024855166,3,-4.109422535805793
8.656,0.19011780000000003,-0.2215098,8.9902764,-0.7896794544634087,1,0.04944098934234194,-2.511114902203567,3,-4.149499244643306
8.671,0.19011780000000003,-0.23200650000000003,8.931906900000001,-0.7903240882132714,1,-0.042975583324181964,-2.522964928773641,3,-4.187254843375632
8.687,0.16765290000000002,-0.23200650000000003,8.9050275,-0.7916192246470946,1,-0.08094602711394831,-2.535620475276524,3,-4.227723526608033
8.703,0.1946304,-0.23799060000000002,8.9050275,-0.7928655458733029,1,-0.07789507663802368,-2.5482963534406875,3,-4.268394861237771
8.718,0.19011780000000003,-0.2065986,8.9229798,-0.7936653040203367,1,-0.0533172098022522,-2.5601953348148903,3,-4.306708548899689
8.734,0.19011780000000003,-0.2738952,8.9214102,-0.7944396450634752,1,-0.04839631519615302,-2.5729001744075606,3,-4.347773312973469
8.765,0.1437165,-0.2738952,9.032263200000001,-0.7925141324556968,1,0.06211330992833436,-2.597497957959108,3,-4.427914484025154
8.781,0.16166880000000003,-0.20208600000000002,9.032263200000001,-0.7906743108219345,1,0.11498885211014266,-2.6101634655053294,3,-4.469575775412869
8.796,0.16166880000000003,-0.1930608,8.960355900000001,-0.7906373259950215,1,0.002465655127537246,-2.6220233027814555,3,-4.508817176175016
8.812,0.1377324,-0.1930608,9.014212800000001,-0.7892978675677327,1,0.0837161517055484,-2.6346627843299575,3,-4.5508706648719075
8.828,0.11821050000000001,-0.20355750000000003,9.014212800000001,-0.7879922058349376,1,0.08160385829969467,-2.647281104917179,3,-4.593126215985885
8.843,0.0777933,-0.2140542,8.9678115,-0.787854551023031,1,0.009176987460434924,-2.6590999555936143,3,-4.6329240739397175
8.859,0.13469129999999999,-0.1915893,8.9678115,-0.7877162063507459,1,0.00864654201782055,-2.6717045216526047,3,-4.675570509757687
8.875,0.1437165,-0.21101310000000004,8.903457900000001,-0.7891361496235749,1,-0.08874645455181343,-2.6843193405003993,3,-4.718418700654912
8.906,0.1437165,-0.23200650000000003,8.934948,-0.7897410348815441,1,-0.019512427676425474,-2.708791936860229,3,-4.802011925454003
8.937,0.09878670000000002,-0.21258269999999999,8.909442,-0.790979696769119,1,-0.039956835083060284,-2.7332931082008134,3,-4.886364243652445
8.953,0.09878670000000002,-0.2394621,8.928963900000001,-0.7916955788592865,1,-0.04474263063547475,-2.7459545104058405,3,-4.930198224601298
8.968,0.17069399999999998,-0.2394621,8.9933175,-0.7907987917964476,1,0.05978580418925845,-2.757823218185759,3,-4.971476557565737
8.984,0.1946304,-0.2499588,8.9933175,-0.7899050643717178,1,0.05585796404561356,-2.770468849035104,3,-5.015702894103503
9.0,0.1946304,-0.2499588,8.884034100000001,-0.7916969114669552,1,-0.11199044345233657,-2.7831216648418136,3,-5.060131618214519
9.015,0.1661814,-0.2499588,8.960355900000001,-0.7915986821064482,1,0.006548624033797275,-2.7949963817936143,3,-5.101967503564286
9.031,0.1646118,-0.2575125,8.960355900000001,-0.7914983406770943,1,0.006271339334618093,-2.8076611579758826,3,-5.1467887638824426
9.046,0.18413369999999998,-0.24103170000000002,8.9019864,-0.7928251881396324,1,-0.08845649750254601,-2.819543584442007,3,-5.188992799450573
9.062,0.18413369999999998,-0.2365191,8.988804900000002,-0.792006287390647,1,0.051181296811586514,-2.8322222362462495,3,-5.234206926016079
9.078,0.1377324,-0.2365191,8.9618274,-0.7918852939253487,1,0.00756209158114806,-2.8448933688967775,3,-5.279623850857224
9.109,0.1781496,-0.205029,8.9618274,-0.7917687984632771,1,0.0037579181313417824,-2.8694400073288016,3,-5.368196018188722
9.14,0.18109260000000002,-0.21856680000000003,8.888546700000001,-0.7934323375769132,1,-0.05366255205277795,-2.894010624937425,3,-5.45752950298885
9.156,0.1466595,-0.21101310000000004,8.888546700000001,-0.7950752291445173,1,-0.10268072297525678,-2.9067186854711964,3,-5.503935337472119
9.171,0.1332198,-0.21709530000000002,8.9169957,-0.795986043598349,1,-0.060720963588783324,-2.9186516450167668,3,-5.547625614950775
9.187,0.18109260000000002,-0.2649681,8.9169957,-0.7968225301513332,1,-0.05228040956151143,-2.931394113606764,3,-5.594425981019763
9.203,0.1511721,-0.2274939,9.0247095,-0.7950514793709971,1,0.11069067377100773,-2.9441291056829426,3,-5.641430166774081
9.218,0.1511721,-0.1915893,8.936419500000001,-0.7954965695864349,1,-0.02967268102918658,-2.9560582160501236,3,-5.685681571687081
9.234,0.1990449,-0.1915893,8.9618274,-0.7952885242686065,1,0.013002832364272786,-2.968784496800964,3,-5.73308031338989
9.265,0.1721655,-0.1946304,8.909442,-0.7963746801515565,1,-0.03503728654677431,-2.9934552764694766,3,-5.825495029875584
9.281,0.18266220000000002,-0.1946304,8.884034100000001,-0.7980486747428817,1,-0.1046246619578194,-3.0062106633086323,3,-5.8734923573938085
9.296,0.1406754,-0.21101310000000004,8.884034100000001,-0.7996913494482509,1,-0.10951164702462705,-3.018193713490065,3,-5.9186753902197955
9.328,0.1721655,-0.2529999,8.964868500000001,-0.7992832998840065,1,0.012751548882639062,-3.043777307879381,3,-6.015666926561707
9.343,0.1257642,-0.2215098,9.0741519,-0.7962599290207883,1,0.2015580575478679,-3.0557438820961673,3,-6.061413335486526
9.359,0.1392039,-0.20954160000000002,9.0741519,-0.793312445447258,1,0.1842177233456475,-3.0684604610919117,3,-6.11040697023203
9.375,0.1392039,-0.1930608,9.0337347,-0.7914312107139878,1,0.1175771708293859,-3.0811384103412016,3,-6.159603761203495
9.39,0.1362609,-0.1930608,9.0337347,-0.7895969537755043,1,0.1222837958988948,-3.092996121574873,3,-6.205909770192867
9.406,0.10928340000000002,-0.20208600000000002,9.0337347,-0.7878115614508943,1,0.11158702028812852,-3.1056153896966845,3,-6.255498662283039
9.421,0.10928340000000002,-0.21709530000000002,9.042661800000001,-0.785843569335638,1,0.13119947435042542,-3.1174178031775823,3,-6.302171411229592
9.437,0.113796,-0.21709530000000002,9.0770949,-0.7830826953935439,1,0.17255462138088246,-3.129969213295416,3,-6.352150507361376
9.468,0.10928340000000002,-0.1990449,9.0770949,-0.7804006001626789,1,0.08651920099564497,-3.154203204376538,3,-6.4495551798352935
9.484,0.10928340000000002,-0.2350476,9.023238,-0.7790759769423481,1,0.08278895127067358,-3.166679016993378,3,-6.500122237606253
9.5,0.09584369999999999,-0.2350476,9.1010313,-0.7758907324115896,1,0.1990777831724076,-3.1791187506682097,3,-6.550888619747546
9.515,0.1287072,-0.21709530000000002,9.0502155,-0.7740230953879141,1,0.12450913491169048,-3.1907431043767063,3,-6.598662583660385
9.546,0.1287072,-0.1946304,9.0980883,-0.771046226069311,1,0.09602804253559055,-3.2146916788592925,3,-6.697946822800539
9.562,0.1332198,-0.1946304,9.0486459,-0.7693458845000638,1,0.10627134807794637,-3.2270148157438476,3,-6.749480474757364
9.578,0.1392039,-0.145188,9.0486459,-0.767707455381542,1,0.10240181990761589,-3.2393112424629007,3,-6.801211083223018
9.593,0.1392039,-0.20208600000000002,9.1280088,-0.7641473908183691,1,0.23733763754484538,-3.2508001538094007,3,-6.849886918695062
9.609,0.1107549,-0.20208600000000002,9.1894194,-0.759186308749209,1,0.3100676293225077,-3.2629868234059414,3,-6.901997214512785
9.625,0.1497006,-0.1915893,9.1894194,-0.7543382537968419,1,0.30300343452294126,-3.27509501990631,3,-6.954301869259283
9.64,0.1497006,-0.23200650000000003,9.171467100000001,-0.7500233958603122,1,0.28765719576863896,-3.286377732278739,3,-7.003512914900673
9.656,0.16765290000000002,-0.23200650000000003,9.1983465,-0.7451509294404506,1,0.3045291512413503,-3.298339126881145,3,-7.056190649773952
9.671,0.18109260000000002,-0.16912439999999998,9.207371700000001,-0.7402044728027342,1,0.3297637758477881,-3.309479292397968,3,-7.105749287918541
9.687,0.1482291,-0.21552570000000001,9.207371700000001,-0.7353693596326778,1,0.3021945731285222,-3.3212838830574514,3,-7.158795393322184
9.703,0.1482291,-0.23053500000000002,9.1938339,-0.7309733560663929,1,0.2747502228928054,-3.333014624783044,3,-7.212029781384908
9.718,0.15568469999999998,-0.23053500000000002,9.2702538,-0.7248185135053156,1,0.4103228374051408,-3.343933063804832,3,-7.262106889049319
9.734,0.1406754,-0.2290635,9.2702538,-0.7188205274026931,1,0.37487413141390447,-3.355482176132096,3,-7.315702210968814
9.75,0.1406754,-0.2529999,9.2088432,-0.7144507459434415,1,0.27311134120322467,-3.366948346318865,3,-7.369481655148421
9.765,0.18413369999999998,-0.2529999,9.273196800000001,-0.7086001604736101,1,0.39003903132207957,-3.3776212281169933,3,-7.420065926956692
9.781,0.1646118,-0.2843919,9.273196800000001,-0.7028790481399483,1,0.35756952085386173,-3.388913061785902,3,-7.474198201275915
9.796,0.1646118,-0.2604555,9.2702538,-0.6973863569457794,1,0.3661794129446189,-3.399415052324044,3,-7.525110662131736
9.812,0.15421320000000002,-0.2604555,9.4004325,-0.6888585703207077,1,0.5329866640669807,-3.410505011742176,3,-7.579590022644266
9.828,0.11526750000000001,-0.24544620000000003,9.3630564,-0.6814734650782288,1,0.46156907765493266,-3.4214676680253673,3,-7.634245804082406
9.843,0.10928340000000002,-0.23799060000000002,9.3630564,-0.6742749264372616,1,0.47990257606446185,-3.431635780961734,3,-7.685644079949811
9.875,0.10928340000000002,-0.1721655,9.349518600000001,-0.6676172276004166,1,0.20805308865140518,-3.453106055426337,3,-7.795799949332021
9.89,0.10182780000000001,-0.1721655,9.3555027,-0.6609780439024657,1,0.44261224653004405,-3.463070519962609,3,-7.84767127364744
9.906,0.11526750000000001,-0.20355750000000003,9.3555027,-0.654481618745681,1,0.40602657229904493,-3.473594197263794,3,-7.903164591385251
9.921,0.11526750000000001,-0.2080701,9.4288815,-0.6463520693092288,1,0.541969962430188,-3.483350449924205,3,-7.955341676239157
9.937,0.1062423,-0.18266220000000002,9.4034736,-0.6390557720194572,1,0.45601858061072825,-3.4936337126548347,3,-8.011157549539789
9.953,0.1062423,-0.18864630000000002,9.5276682,-0.6289062078805596,1,0.6343477586810969,-3.503777408494035,3,-8.06713683850898
9.968,0.16166880000000003,-0.18864630000000002,9.4393782,-0.6211378690765397,1,0.5178892536013102,-3.5131527390712134,3,-8.119763814615721
9.984,0.145188,-0.2290635,9.4797954,-0.6125583495157532,1,0.5362199725491563,-3.523022308819952,3,-8.17605321499885
10.0,0.18109260000000002,-0.1870767,9.4797954,-0.6041954901555471,1,0.52267871001288,-3.5327563395373223,3,-8.23249944418571
10.015,0.18109260000000002,-0.2200383,9.5052033,-0.5953999214681645,1,0.5863712458254863,-3.5417533051245003,3,-8.285558266520676
10.031,0.1497006,-0.2200383,9.5007888,-0.5869398247256203,1,0.5287560464090064,-3.5512120230940507,3,-8.342301989146424
10.046,0.1781496,-0.205029,9.5007888,-0.5786822905177775,1,0.5505022805228983,-3.5599541889583755,3,-8.395635735736812
10.062,0.1781496,-0.20355750000000003,9.5261967,-0.57000747648976,1,0.5421758767510938,-3.569143707094436,3,-8.452668518905234
10.093,0.1721655,-0.20355750000000003,9.556117200000001,-0.5608174422990722,1,0.2964527158286353,-3.586671493335663,3,-8.563583654511904
10.109,0.1856052,-0.19610190000000002,9.556117200000001,-0.5518492225806906,1,0.560513732398848,-3.595572826654701,3,-8.621041609071826
10.125,0.1856052,-0.20208600000000002,9.5501331,-0.5432425938279337,1,0.5379142970473034,-3.6043335611859697,3,-8.678640860174552
10.14,0.1332198,-0.20208600000000002,9.6773688,-0.5317648758878661,1,0.7651811960044762,-3.6123961172088386,3,-8.732766332762514
10.156,0.16019730000000001,-0.21856680000000003,9.581623200000001,-0.5228827318071421,1,0.5551340050452542,-3.6208332980703988,3,-8.790632168084748
10.171,0.1078119,-0.18864630000000002,9.6369516,-0.5129014627377746,1,0.665417937957885,-3.628601679529485,3,-8.845002930416744
10.203,0.1437165,-0.18864630000000002,9.6070311,-0.5038817608196346,1,0.281865684941873,-3.6448702111064035,3,-8.961378480666918
10.218,0.1302768,-0.23200650000000003,9.7507476,-0.49155962252791063,1,0.8214758861149033,-3.6523360214815104,3,-9.016107527411329
10.234,0.1212516,-0.23200650000000003,9.695321100000001,-0.48089223847016704,1,0.6667115036089738,-3.660115636369495,3,-9.074607140674138
10.25,0.1437165,-0.261927,9.695321100000001,-0.4704589689780114,1,0.6520793432597255,-3.6677264460290804,3,-9.133229877333326
10.265,0.1437165,-0.2065986,9.708858900000001,-0.4599826836259471,1,0.6984190234709303,-3.6747047584236103,3,-9.188298111366723
10.296,0.18266220000000002,-0.2065986,9.7013052,-0.44993011946532313,1,0.32427626324594616,-3.6888084068715243,3,-9.302432565428793
10.312,0.1317483,-0.2215098,9.749178,-0.4389676140194716,1,0.6851565903657203,-3.6959195887394025,3,-9.36151038939368
10.343,0.1466595,-0.1661814,9.740250900000001,-0.42851179705145626,1,0.33728441832306916,-3.7093655196110022,3,-9.476292308573115
10.375,0.17510850000000003,-0.1870767,9.6804099,-0.41974933203683307,1,0.2738270317069744,-3.722937697676415,3,-9.595209160049713
10.39,0.17510850000000003,-0.1661814,9.6938496,-0.41088218572177837,1,0.5911430876702908,-3.7291674340596046,3,-9.651099948537736
10.406,0.0928026,-0.1661814,9.7058178,-0.4019671934879998,1,0.5571870146111597,-3.735670229093283,3,-9.71081864984296
10.421,0.1526436,-0.173637,9.7058178,-0.39324800710097385,1,0.5812790924684439,-3.7416343430976995,3,-9.766898434134388
10.437,0.1526436,-0.1870767,9.6639291,-0.3857567526087866,1,0.468203405761702,-3.7478663811753776,3,-9.826814439928572
10.453,0.1078119,-0.1870767,9.7447635,-0.3764918596480964,1,0.5790558100431381,-3.7539643700734326,3,-9.886829085938563
10.468,0.1631403,-0.24397470000000002,9.7103304,-0.36824295257880557,1,0.5499271379527007,-3.7595498811651344,3,-9.943180442822856
10.484,0.1526436,-0.24701580000000004,9.7103304,-0.3601975249854341,1,0.5028392245857156,-3.7653774049856485,3,-10.003379861112062
10.5,0.1526436,-0.2274939,9.848062800000001,-0.3490019468378769,1,0.6997236342223261,-3.771051000760235,3,-10.06367128835803
10.515,0.1257642,-0.2274939,9.7791966,-0.3397677695895549,1,0.6156118165547756,-3.7762167736334407,3,-10.120275796665984
10.531,0.1392039,-0.2709522,9.7791966,-0.330727375436199,1,0.5650246345847426,-3.7815807347936468,3,-10.180738176733401
10.546,0.1392039,-0.20954160000000002,9.731225700000001,-0.3231138939424163,1,0.5075654329188884,-3.786484544313986,3,-10.237498666326704
10.562,0.1482291,-0.20954160000000002,9.827069400000001,-0.31334601083787206,1,0.6104926940340144,-3.7915762235522283,3,-10.298123152469634
10.578,0.142245,-0.173637,9.827069400000001,-0.30383559323244214,1,0.5944011003393695,-3.796513676384791,3,-10.35882787166913
10.593,0.142245,-0.1497006,9.845021700000002,-0.29412897476453104,1,0.6471078978607154,-3.8009984106447683,3,-10.415809212321854
10.625,0.11526750000000001,-0.1497006,9.719257500000001,-0.2877345542232863,1,0.19982564191389757,-3.8103082271085733,3,-10.537590118525907
10.64,0.1482291,-0.17069399999999998,9.7447635,-0.2808548324967095,1,0.4586481151051029,-3.8145726475089736,3,-10.594776725085541
10.656,0.1272357,-0.17069399999999998,9.7447635,-0.27415014411042193,1,0.41904302414297284,-3.819012687321831,3,-10.655845407764188
10.671,0.1437165,-0.2230794,9.7956774,-0.26633624628378527,1,0.5209265217758194,-3.823066335249787,3,-10.71316100043347
10.687,0.1526436,-0.2200383,9.7956774,-0.2587113158964556,1,0.4765581492081057,-3.827266715747229,3,-10.774363664841445
10.703,0.1526436,-0.2843919,9.7417224,-0.2525472223713585,1,0.3852558453185658,-3.8313567840533715,3,-10.83563265283985
10.718,0.1721655,-0.2843919,9.711801900000001,-0.24725488168789944,1,0.35282271223059153,-3.835105299833816,3,-10.893131118469006
10.734,0.21258269999999999,-0.258984,9.711801900000001,-0.2420894333260133,1,0.32284052261788404,-3.8390200543539272,3,-10.954524121302507
10.75,0.21258269999999999,-0.2350476,9.7971489,-0.23498427591424864,1,0.4440723382352903,-3.8428366440278494,3,-11.015978974889562
10.765,0.19011780000000003,-0.2350476,9.774684,-0.22861133342454742,1,0.4248628326467317,-3.8463136110978904,3,-11.073647601803007
10.781,0.16019730000000001,-0.261927,9.7252416,-0.22359555587479818,1,0.31348609685932755,-3.8499312662122853,3,-11.135217560821488
10.796,0.1437165,-0.20954160000000002,9.7252416,-0.21873935006686018,1,0.3237470538625592,-3.8532487780068476,3,-11.192991411153127
10.812,0.1437165,-0.1946304,9.788123700000002,-0.2124759046900575,1,0.3914653360501671,-3.856698500044903,3,-11.25467098937754
10.843,0.1930608,-0.1946304,9.6923781,-0.20867886303213723,1,0.12248521477161947,-3.863226398944597,3,-11.37432982531188
10.859,0.205029,-0.15421320000000002,9.6923781,-0.20498617303289457,1,0.23079312495266605,-3.8665357192331173,3,-11.436167922257303
10.875,0.205029,-0.173637,9.7986204,-0.19878524775569772,1,0.38755782982480247,-3.869765890599426,3,-11.498058335135964
10.89,0.1631403,-0.173637,9.7732125,-0.19337427341803526,1,0.3607316225108174,-3.872707087008229,3,-11.556126882468023
10.906,0.16765290000000002,-0.17069399999999998,9.7732125,-0.1880946760779043,1,0.329974833758184,-3.8757588386041966,3,-11.618114609872922
10.921,0.16765290000000002,-0.20355750000000003,9.8016615,-0.18223488108109187,1,0.39065299978752743,-3.8785363102828887,3,-11.676271823489571
10.937,0.1721655,-0.205029,9.7208271,-0.1784861824776396,1,0.2342936627157675,-3.8814220787913585,3,-11.738351490602165
10.953,0.19011780000000003,-0.205029,9.7327953,-0.17452897272685775,1,0.24732560942386494,-3.8842462000329943,3,-11.80047683683276
10.968,0.17069399999999998,-0.1781496,9.7327953,-0.17068995906493,1,0.2559342441285061,-3.8868353420214325,3,-11.85875994839817
10.984,0.17069399999999998,-0.2065986,9.6804099,-0.16820807578407404,1,0.15511770505349784,-3.8895465263002245,3,-11.920971003344743
11.0,0.1257642,-0.2065986,9.7656588,-0.1637249019155398,1,0.2801983667833905,-3.8922019901218214,3,-11.983224991476119
11.015,0.1122264,-0.18413369999999998,9.7656588,-0.1593660544816995,1,0.2905898289226754,-3.8946251722948007,3,-12.041626195194246
11.031,0.1122264,-0.2484873,9.743193900000001,-0.1556264750477645,1,0.2337237146209368,-3.8971451125310366,3,-12.103960357472852
11.062,0.1721655,-0.2290635,9.7732125,-0.15123653757521183,1,0.14161088621138204,-3.9019014892266926,3,-12.224845579800093
11.078,0.1721655,-0.20954160000000002,9.7552602,-0.14740204384390765,1,0.23965585820651092,-3.9042905978780453,3,-12.28729511649693
11.093,0.1661814,-0.1946304,9.752219100000001,-0.143745283429487,1,0.2437840276280338,-3.906474202832596,3,-12.345875852502262
11.109,0.0777933,-0.1946304,9.7567317,-0.14009463282131662,1,0.22816566301064858,-3.9087449221626023,3,-12.408397605502223
11.125,0.12272310000000002,-0.2215098,9.7567317,-0.1365077878220795,1,0.22417781245231952,-3.9109577415277497,3,-12.470955226811746
11.14,0.12272310000000002,-0.2290635,9.7582032,-0.1329682967022432,1,0.23596607465574526,-3.912978812161682,3,-12.52963475096442
11.171,0.113796,-0.19011780000000003,9.7342668,-0.13012183235562347,1,0.09182143053612372,-3.917056709162079,3,-12.651000301544933
11.187,0.113796,-0.2350476,9.7268112,-0.12750264802461153,1,0.1636990206882459,-3.919117705005121,3,-12.713689696858271
11.218,0.0718092,-0.2350476,9.716314500000001,-0.12521304875752648,1,0.07385804087370997,-3.923034798305244,3,-12.835243060659584
11.234,0.11673900000000001,-0.21552570000000001,9.7672284,-0.12173829112267676,1,0.21717235217810751,-3.925010409024286,3,-12.89802742231822
11.25,0.13469129999999999,-0.20355750000000003,9.7806681,-0.11802121476875449,1,0.23231727212014144,-3.9269284850714175,3,-12.960842933470985
11.265,0.16166880000000003,-0.20355750000000003,9.7536906,-0.11504258830651715,1,0.19857509748248206,-3.928676463594482,3,-13.019759970585982
11.281,0.17510850000000003,-0.1856052,9.7536906,-0.11213968618168657,1,0.1814313828019108,-3.930493921790388,3,-13.082633333669062
11.296,0.17510850000000003,-0.16166880000000003,9.783611100000002,-0.10858842519279399,1,0.2367507325928577,-3.9321493826256964,3,-13.141603158452178
11.312,0.1631403,-0.16166880000000003,9.7941078,-0.10487287830712688,1,0.23222168035419413,-3.9338570730536957,3,-13.204531210097613
11.328,0.17069399999999998,-0.21101310000000004,9.7941078,-0.10122192527056484,1,0.22818456478512752,-3.9355058314823173,3,-13.267486113333902
11.343,0.17069399999999998,-0.1497006,9.6713847,-0.10067998115329857,1,0.036129607817749876,-3.9370200957804964,3,-13.326530057788375
11.359,0.1571562,-0.1497006,9.7372098,-0.09855176143565991,1,0.13301373235241598,-3.938613949721208,3,-13.389535130152389
11.375,0.18864630000000002,-0.19757340000000004,9.7372098,-0.09644100094004848,1,0.13192253097571427,-3.940173891820214,3,-13.45256543288472
11.39,0.18864630000000002,-0.19757340000000004,9.740250900000001,-0.09430757839965054,1,0.14222816935985758,-3.9416045061652616,3,-13.511678770869613
11.421,0.16765290000000002,-0.258984,9.686394000000002,-0.09351338418445287,1,0.025619168232183673,-3.944515731085315,3,-13.633913634546992
11.437,0.1930608,-0.2394621,9.686394000000002,-0.0927392723345637,1,0.04838199061807376,-3.946005752337467,3,-13.697037806414375
11.468,0.1930608,-0.24397470000000002,9.716314500000001,-0.0912519027846983,1,0.0479796628988827,-3.9488576155518156,3,-13.819408188616661
11.484,0.2080701,-0.24397470000000002,9.771642900000002,-0.0884445147701296,1,0.17546175091054367,-3.9502951868922542,3,-13.882601411036214
11.5,0.1781496,-0.2559429,9.771642900000002,-0.0857125508778438,1,0.17074774326786266,-3.951688443417438,3,-13.945817280078693
11.515,0.1781496,-0.2484873,9.806076000000001,-0.08221248912988344,1,0.23333744986401508,-3.9529478812174963,3,-14.005102052513458
11.531,0.17069399999999998,-0.2484873,9.764187300000001,-0.07982221874866191,1,0.14939189882634527,-3.954244158880525,3,-14.068359588834241
11.546,0.18109260000000002,-0.2290635,9.764187300000001,-0.07749726079233277,1,0.15499719708862203,-3.9554240549770823,3,-14.127682100438168
11.562,0.205029,-0.2215098,9.728282700000001,-0.07609702226469572,2,0.08751490797731512,-3.9566528092415383,3,-14.190978715351918
11.578,0.1721655,-0.2215098,9.7536906,-0.07412702012918082,2,0.12312513346968135,-3.9578546015806895,3,-14.254294774638495
11.593,0.1526436,-0.22455090000000003,9.7536906,-0.07221129633839496,2,0.12771491938571927,-3.958952138954196,3,-14.31367082519251
11.609,0.1526436,-0.22455090000000003,9.7536906,-0.07034229751811694,2,0.11681242626737633,-3.9600925677050482,3,-14.377023182845784
11.64,0.1002582,-0.20954160000000002,9.8046045,-0.06730213433088572,2,0.09806978023326317,-3.9622260563987077,3,-14.499819121519394
11.656,0.1287072,-0.173637,9.8046045,-0.06434512935568648,2,0.18481281094995233,-3.9632792345082004,3,-14.563223163846649
11.687,0.0703377,-0.1332198,9.7268112,-0.0633872899055401,2,0.03089804677891669,-3.9652590870067494,3,-14.686115507830126
11.703,0.1302768,-0.18413369999999998,9.7268112,-0.06241748524663748,2,0.06061279118141355,-3.966265525207967,3,-14.749567704727843
11.718,0.0763218,-0.17510850000000003,9.719257500000001,-0.06167357196872203,2,0.04959421852769501,-3.967196208137082,3,-14.809068667727933
11.734,0.0763218,-0.19610190000000002,9.8105886,-0.058710956129864655,2,0.18516348992858572,-3.968159284361871,3,-14.872551511667925
11.75,0.09584369999999999,-0.19610190000000002,9.7911648,-0.05629005607770665,2,0.1513062532598751,-3.9690792924595315,3,-14.936049420282497
11.765,0.11673900000000001,-0.15421320000000002,9.7911648,-0.05394094406478267,2,0.15660746752825952,-3.9699060249606,3,-14.99559181016315
11.781,0.11673900000000001,-0.2200383,9.7851807,-0.051764358204792416,2,0.13603661624939078,-3.9707516673787566,3,-15.059117071701865
11.796,0.1482291,-0.2200383,9.7222986,-0.051163607242846965,2,0.040050064129699955,-3.971523627119614,3,-15.118684136410598
11.812,0.10928340000000002,-0.22455090000000003,9.7222986,-0.05058756851427759,2,0.03600242053558574,-3.972337636525671,3,-15.182235026519761
11.828,0.10928340000000002,-0.2290635,9.7656588,-0.04896580545479701,2,0.1013601912175365,-3.9731340635174233,3,-15.245798800120106
11.843,0.1406754,-0.2290635,9.7806681,-0.04700786022943326,2,0.13052968169091134,-3.973853866010055,3,-15.305401209591563
11.859,0.18266220000000002,-0.23200650000000003,9.7806681,-0.045079058361373825,2,0.12055011675371474,-3.9745905613587813,3,-15.368988765010513
11.89,0.18266220000000002,-0.24397470000000002,9.704346300000001,-0.04505079796991929,2,0.0009116255307915191,-3.975987574131916,3,-15.492222726110622
11.906,0.2006145,-0.2649681,9.7732125,-0.04332247905503728,2,0.10801993218012552,-3.9766945603481156,3,-15.555844183186462
11.921,0.173637,-0.2649681,9.6594165,-0.044422943759069966,2,-0.07336431360218515,-3.9773526510192214,3,-15.615499537271711
11.937,0.1392039,-0.19757340000000004,9.6594165,-0.045549501290000904,2,-0.07040984568318358,-3.978072430579614,3,-15.679142937924501
11.953,0.1392039,-0.16166880000000003,9.800091900000002,-0.04323457894265026,2,0.1446826467094152,-3.978782703221475,3,-15.74279777899491
11.968,0.18864630000000002,-0.16166880000000003,9.735738300000001,-0.04252504511496191,2,0.04730225517922132,-3.9794259004019072,3,-15.802484343522089
11.984,0.16019730000000001,-0.21552570000000001,9.735738300000001,-0.04181980657870987,2,0.04407740851575244,-3.9801006592154566,3,-15.866160555999027
12.0,0.1377324,-0.1526436,9.7208271,-0.04153274760839132,2,0.017941185644909634,-3.980767479648953,3,-15.929847501109942
12.015,0.1631403,-0.2080701,9.7208271,-0.04121802796181129,2,0.020981309772001244,-3.98138811046573,3,-15.989563668035805
12.031,0.1631403,-0.1915893,9.690808500000001,-0.0416511597772633,2,-0.027070738465750897,-3.982051063967643,3,-16.05327118143127
12.046,0.1212516,-0.23200650000000003,9.6923781,-0.04202890718861596,2,-0.025183160756845895,-3.9826786644698866,3,-16.113006654394546
12.062,0.17069399999999998,-0.23200650000000003,9.681881400000002,-0.0426351908103797,2,-0.03789272636023352,-3.983355977253879,3,-16.176734931528337
12.093,0.1646118,-0.1915893,9.681881400000002,-0.043250811114749155,2,-0.019858719495788577,-3.984687210283718,3,-16.30023960093517
12.109,0.1646118,-0.2709522,9.731225700000001,-0.04260232095316674,2,0.040530635098900945,-3.9853740353402616,3,-16.364000090900163
12.125,0.205029,-0.2709522,9.764187300000001,-0.04114748226251308,2,0.09092741816585362,-3.986044033765987,3,-16.427771435453014
12.14,0.0898596,-0.1466595,9.764187300000001,-0.03983533303858877,2,0.0874766149282839,-3.9866514048807455,3,-16.487566651242865
12.156,0.0898596,-0.18413369999999998,9.777627,-0.0382119824178595,2,0.10145941379557924,-3.9872757834043977,3,-16.551358068749146
12.171,0.17510850000000003,-0.18413369999999998,9.6623595,-0.03941050264889334,2,-0.07990134873559573,-3.9878579520423982,3,-16.61117157176499
12.187,0.08534699999999999,-0.19610190000000002,9.7895952,-0.03750098744965058,2,0.1193446999526725,-3.9884732439631865,3,-16.674982221333035
12.218,0.08534699999999999,-0.2140542,9.714843,-0.037451591180989396,2,0.0015934280213284779,-3.989635008931961,3,-16.79864289925291
12.234,0.11978010000000001,-0.21258269999999999,9.7536906,-0.0364481188388055,2,0.06271702138649354,-3.9902262066121192,3,-16.862481788977263
12.265,0.11978010000000001,-0.21552570000000001,9.747706500000001,-0.035613453651491156,2,0.026924683461752492,-3.9913431609857195,3,-16.986196114175034
12.281,0.1466595,-0.21552570000000001,9.7956774,-0.033620583508248814,2,0.12455438395264629,-3.991897033282997,3,-17.050062035729184
12.296,0.0823059,-0.21258269999999999,9.7956774,-0.03169622628963609,2,0.1282904812408588,-3.9923869093564814,3,-17.109944165298973
12.328,0.0973152,-0.173637,9.7926363,-0.029908328462756373,2,0.05587180708999102,-3.99337258223252,3,-17.2377163171644
12.343,0.09878670000000002,-0.09133110000000001,9.7926363,-0.02819083334076211,2,0.11449967479961308,-3.993808325946046,3,-17.29762017397574
12.359,0.1302768,-0.2140542,9.803133,-0.026203651303413622,2,0.12419887733428048,-3.994243481823199,3,-17.361524588437895
12.375,0.1302768,-0.18864630000000002,9.764187300000001,-0.025227296091829388,2,0.0610222007240146,-3.9946549294023614,3,-17.4254357757277
12.406,0.11526750000000001,-0.21709530000000002,9.7821396,-0.023827221038454027,2,0.045163711399204325,-3.995415274417881,3,-17.549281863886915
12.421,0.11526750000000001,-0.2350476,9.764187300000001,-0.022888882292084745,2,0.06255591642462388,-3.995765645192859,3,-17.60921572078399
12.437,0.17510850000000003,-0.2350476,9.7851807,-0.02143993204910366,2,0.09055939018631767,-3.9961202757075887,3,-17.673150808151192
12.468,0.15568469999999998,-0.23347800000000002,9.7851807,-0.020035242441830192,2,0.04531256797656264,-3.9967631409121984,3,-17.7970405011088
12.484,0.1377324,-0.2394621,9.764187300000001,-0.0191796797959789,2,0.05347266536570578,-3.9970768602901003,3,-17.860991221118418
12.5,0.16019730000000001,-0.24397470000000002,9.764187300000001,-0.018333905266160855,2,0.05286090811362771,-3.997376968970598,3,-17.924946851752505
12.515,0.205029,-0.290376,9.7342668,-0.01818665386415219,2,0.009816760133910528,-3.997650873164075,3,-17.984909560568518
12.531,0.205029,-0.2230794,9.735738300000001,-0.018050385311095596,2,0.00851678456603721,-3.9979407694774776,3,-18.048874293709652
12.546,0.17667810000000003,-0.2230794,9.800091900000002,-0.016362055340790604,2,0.11255533135367515,-3.998198862782367,3,-18.108845340951596
12.562,0.18413369999999998,-0.2529999,9.800091900000002,-0.014693840735530372,2,0.1042634128287644,-3.9984473099509774,3,-18.172818510333464
12.578,0.18413369999999998,-0.2215098,9.7866522,-0.013412555505363244,2,0.08008032688544546,-3.9986721611209046,3,-18.236795466102038
12.609,0.18266220000000002,-0.2215098,9.7926363,-0.012017302483426917,2,0.04500816199794518,-3.999066323919731,3,-18.36076041262017
12.625,0.1915893,-0.1392039,9.7926363,-0.010688880149086089,2,0.08302639589630172,-3.9992479733807906,3,-18.424746926998573
12.64,0.1915893,-0.2080701,9.6967926,-0.011699753289601489,2,-0.06739154270102414,-3.9994158881315807,3,-18.484736905959917
12.656,0.18864630000000002,-0.2080701,9.8016615,-0.010130660421719284,2,0.09806830424263771,-3.9995905314412714,3,-18.5487289573165
12.671,0.1796211,-0.21101310000000004,9.8016615,-0.00860243781871084,2,0.10188150686723783,-3.9997310296780753,3,-18.60872386902489
12.687,0.1856052,-0.2544714,9.7268112,-0.00890828154252965,2,-0.01911523273867564,-3.9998711154329647,3,-18.672720686185777
12.703,0.1856052,-0.2215098,9.707289300000001,-0.009702260064049284,2,-0.04962365759497707,-4.000019999765818,3,-18.736719815107367
12.718,0.11526750000000001,-0.2215098,9.747706500000001,-0.009517988617316675,2,0.0122847631155068,-4.000164151630928,3,-18.796721196242846
12.734,0.1257642,-0.1990449,9.747706500000001,-0.009346863461139776,2,0.010695322261056175,-4.000315070447556,3,-18.860725030019474
12.75,0.1257642,-0.18109260000000002,9.7297542,-0.0096261963312827,2,-0.017458304383932685,-4.000466854925895,3,-18.92473128542246
12.765,0.0973152,-0.18109260000000002,9.7447635,-0.009540669834986915,2,0.005701766419718763,-4.000610606422142,3,-18.984739366382573
12.781,0.142245,-0.1990449,9.7567317,-0.009143409547284875,2,0.024828767981377432,-4.0007600790571995,3,-19.048750331866408
12.812,0.142245,-0.1990449,9.7732125,-0.008353993899016032,2,0.025465020911899144,-4.0010312888106165,3,-19.172778098068356
12.828,0.11821050000000001,-0.20355750000000003,9.7732125,-0.007589374810699212,2,0.04778869301980122,-4.001158835760294,3,-19.236795619064925
12.859,0.1317483,-0.18413369999999998,9.707289300000001,-0.008456026328595101,2,-0.027956500577286214,-4.001407539477953,3,-19.360835397881118
12.875,0.1377324,-0.18413369999999998,9.678840300000001,-0.009993197563076706,2,-0.0960732021551002,-4.001555133269086,3,-19.424859099263095
12.89,0.19011780000000003,-0.2843919,9.678840300000001,-0.011412088271102405,2,-0.0945927138683764,-4.001715672912843,3,-19.48488363030946
12.906,0.19011780000000003,-0.24397470000000002,9.702776700000001,-0.012239746081913694,2,-0.05172861317570549,-4.001904887587667,3,-19.548912594793464
12.921,0.17069399999999998,-0.24397470000000002,9.7986204,-0.010719459365608586,2,0.10135244775368203,-4.0020770816285225,3,-19.60894245956258
12.937,0.15421320000000002,-0.2365191,9.7986204,-0.009247370834664537,2,0.09200553318400298,-4.002236816270125,3,-19.67297697074577
12.953,0.15421320000000002,-0.18864630000000002,9.7821396,-0.008238355945673348,2,0.06306343056194924,-4.0023767020843675,3,-19.737013878892604
12.968,0.145188,-0.18864630000000002,9.698362200000002,-0.009300060096137486,2,-0.0707802766976065,-4.002508240204681,3,-19.797050515959775
12.984,0.1870767,-0.2274939,9.731225700000001,-0.00949687369401886,2,-0.012300849867585829,-4.002658615675002,3,-19.86109185080681
13.0,0.16019730000000001,-0.18266220000000002,9.731225700000001,-0.009723615306674205,2,-0.01417135079095909,-4.002812379587008,3,-19.92513561876891
13.015,0.16019730000000001,-0.16019730000000001,9.7791966,-0.00878476975951692,2,0.06258970314381665,-4.002951192475004,3,-19.985178845559375
13.031,0.1497006,-0.16019730000000001,9.7297542,-0.009078486028981203,2,-0.01835726684151771,-4.003094098521312,3,-20.049227207887345
13.046,0.1661814,-0.18413369999999998,9.7297542,-0.00934818780913993,2,-0.01798011867724988,-4.003232298575098,3,-20.109274655865562
13.078,0.1661814,-0.1466595,9.7612443,-0.008858991515360515,2,0.015287384180606697,-4.003523613444289,3,-20.237382750457872
13.093,0.1915893,-0.1466595,9.695321100000001,-0.009977761895784809,2,-0.07458469202828347,-4.003664889094872,3,-20.297436664226918
13.109,0.19610190000000002,-0.1661814,9.695321100000001,-0.011059365964895207,2,-0.06760025431939981,-4.003833186117758,3,-20.36149664882862
13.125,0.1646118,-0.23053500000000002,9.7327953,-0.011183154811025275,2,-0.007736802883129272,-4.004011126283965,3,-20.425559403327835
13.14,0.18109260000000002,-0.23200650000000003,9.7132734,-0.011771862116793486,2,-0.039247153717879193,-4.004183288910923,3,-20.4856208614418
13.156,0.18413369999999998,-0.19610190000000002,9.7132734,-0.012364107223520548,2,-0.037015319170441395,-4.004376376665646,3,-20.549689338766413
13.171,0.18413369999999998,-0.261927,9.7567317,-0.011844685720042492,2,0.03462810023187325,-4.004557942612722,3,-20.609756346160996
13.187,0.19011780000000003,-0.261927,9.8285409,-0.009584647201759111,2,0.14125240739271114,-4.004729377276097,3,-20.673830644720105
13.203,0.1392039,-0.173637,9.8285409,-0.007448224189412045,2,0.13352643827169153,-4.004865640247226,3,-20.73790740486029
13.234,0.1466595,-0.18413369999999998,9.723770100000001,-0.007911251754798343,2,-0.014936373076977077,-4.0051037121243604,3,-20.86206192982205
13.25,0.0763218,-0.2065986,9.723770100000001,-0.008371645073516731,2,-0.02877458241989925,-4.005233975298987,3,-20.92614463132144
13.265,0.0763218,-0.19011780000000003,9.7627158,-0.007879322039578085,2,0.032821535595908516,-4.005355857552336,3,-20.986224055067826
13.281,0.0898596,-0.173637,9.7686999,-0.007257759858781299,2,0.038847636299799114,-4.005476954207523,3,-21.050310717561906
13.296,0.11978010000000001,-0.173637,9.7806681,-0.006351689519759063,2,0.06040468926815391,-4.005579025077862,3,-21.110393637406542
13.328,0.1362609,-0.23200650000000003,9.6639291,-0.008279148385673452,2,-0.06023308955982459,-4.005813118484348,3,-21.23857591170354
13.343,0.11821050000000001,-0.23200650000000003,9.731225700000001,-0.008524601163934165,2,-0.01636351855071358,-4.005939146605971,3,-21.298664053691716
13.375,0.10477080000000001,-0.3023442,9.774684,-0.007661352484962691,2,0.026976521217858516,-4.006198121864353,3,-21.42685824998724
13.39,0.1362609,-0.3023442,9.717786,-0.008196647720465577,2,-0.03568634903352439,-4.0063170568658935,3,-21.48695211382772
13.421,0.15568469999999998,-0.24701580000000004,9.717786,-0.008749898439747383,2,-0.017846797396187976,-4.006579728331377,3,-21.61115201399827
13.437,0.15568469999999998,-0.2274939,9.7013052,-0.009703083917392163,2,-0.0595740923527987,-4.006727352190234,3,-21.675258470642444
13.453,0.1497006,-0.2065986,9.7387794,-0.009733025033758835,2,-0.0018713197729169889,-4.006882841061843,3,-21.73936735218846
13.468,0.17667810000000003,-0.1526436,9.7387794,-0.009775477757415274,2,-0.0028301815770958067,-4.007029154832777,3,-21.79947169215767
13.5,0.17667810000000003,-0.1915893,9.7701714,-0.009034727271139076,2,0.023148452696131173,-4.0073301181132335,3,-21.927701440524807
13.515,0.15568469999999998,-0.1915893,9.7552602,-0.0086843217345276,2,0.02336036910743082,-4.007463010980776,3,-21.987812388993014
13.531,0.1482291,-0.1796211,9.7552602,-0.008350846582860783,2,0.02084219697917609,-4.007599292327315,3,-22.05193288741948
13.546,0.1526436,-0.1915893,9.7208271,-0.008857858979617106,2,-0.03380082645042428,-4.007728357619034,3,-22.112047844794073
13.562,0.1526436,-0.1915893,9.7208271,-0.009352505220356022,2,-0.03091539004618224,-4.007874040532634,3,-22.176172663979287
13.593,0.16912439999999998,-0.2649681,9.7851807,-0.008217640199084997,2,0.036608549073258195,-4.008146377786636,3,-22.300420980463237
13.609,0.16912439999999998,-0.20954160000000002,9.7552602,-0.00787270924214134,2,0.02155818480897851,-4.008275100582166,3,-22.364552352290186
13.625,0.1332198,-0.20954160000000002,9.708858900000001,-0.00868112789272324,2,-0.05052616566136865,-4.008407531279245,3,-22.428685813345076
13.64,0.11821050000000001,-0.2529999,9.708858900000001,-0.009449327961107201,2,-0.05121333789226218,-4.008543509698148,3,-22.488812946152407
13.656,0.11821050000000001,-0.2290635,9.7552602,-0.00908193739249441,2,0.022961910538299414,-4.008691759820977,3,-22.55295082830856
13.671,0.11673900000000001,-0.2290635,9.764187300000001,-0.008506280976563474,2,0.038377094395398846,-4.008823671458744,3,-22.613082194043155
13.687,0.10477080000000001,-0.20954160000000002,9.764187300000001,-0.007958665755085192,2,0.03422595134239256,-4.008955391032598,3,-22.677224426543088
13.703,0.10477080000000001,-0.21101310000000004,9.719257500000001,-0.008519162771925437,2,-0.03503106355251526,-4.0090872136608136,3,-22.741368767380635
13.718,0.1437165,-0.21101310000000004,9.7986204,-0.007118831845819074,2,0.09335539507375402,-4.009204498620447,3,-22.801505955222748
13.734,0.142245,-0.23347800000000002,9.7986204,-0.005740755731967084,2,0.08612975711574924,-4.009307375321069,3,-22.865654050214278
13.75,0.142245,-0.19610190000000002,9.717786,-0.006387230642209474,2,-0.040404681890149306,-4.0094043992120625,3,-22.929803744410542
13.765,0.142245,-0.1915893,9.752219100000001,-0.006180553165322067,2,0.013778498459159938,-4.009498657590619,3,-22.989945517336565
13.781,0.15568469999999998,-0.1915893,9.759674700000001,-0.0057921253438806275,2,0.02427673884008994,-4.009594439018692,3,-23.05409826210944
13.796,0.1990449,-0.2365191,9.759674700000001,-0.00536993502340799,2,0.02814602136484476,-4.009678154471447,3,-23.11424280656061
13.812,0.1990449,-0.17667810000000003,9.695321100000001,-0.006557937717984075,2,-0.07425016841100522,-4.0097735774533785,3,-23.17839842041601
13.828,0.18109260000000002,-0.17667810000000003,9.749178,-0.006412407187568192,2,0.00909565815099266,-4.009877340212623,3,-23.242555627757337
13.859,0.2290635,-0.2065986,9.747706500000001,-0.006267357905370474,2,0.0046790091031521,-4.010073876571563,3,-23.366864871617494
13.875,0.1856052,-0.2065986,9.731225700000001,-0.0065501889863845975,2,-0.017676942563382685,-4.010176416946697,3,-23.43102687396564
13.89,0.1946304,-0.2260224,9.731225700000001,-0.006811296879444484,2,-0.01740719287065844,-4.010276628090691,3,-23.491180271803422
13.906,0.1946304,-0.16912439999999998,9.708858900000001,-0.00763954025553204,2,-0.05176521100547222,-4.010392234787771,3,-23.55534562270645
13.921,0.17510850000000003,-0.20355750000000003,9.749178,-0.007457514417158251,2,0.012135055891586937,-4.010505462697816,3,-23.615502355437588
13.937,0.1930608,-0.20355750000000003,9.7058178,-0.008328790075561088,2,-0.05445472865017726,-4.010631753133758,3,-23.67967145316424
13.953,0.1856052,-0.1631403,9.7058178,-0.009200976243729286,2,-0.054511635510512364,-4.0107719912643125,3,-23.743842683119425
13.968,0.1856052,-0.145188,9.7701714,-0.008489701632683477,2,0.04741830740305214,-4.010904671348386,3,-23.804005258089024
13.984,0.1377324,-0.145188,9.728282700000001,-0.008836551748773402,2,-0.0216781322556203,-4.0110432813754375,3,-23.868180841710814
14.0,0.17510850000000003,-0.2290635,9.728282700000001,-0.009120951562326951,2,-0.01777498834709677,-4.0111869414019266,3,-23.93235868349303
14.015,0.17510850000000003,-0.1511721,9.7252416,-0.009509680806701226,2,-0.025915282958284026,-4.011326671144694,3,-23.992527535587133
14.031,0.08534699999999999,-0.1511721,9.7327953,-0.009734031422558687,2,-0.014021913491091264,-4.011480620842528,3,-24.05670999392303
14.046,0.145188,-0.21552570000000001,9.7327953,-0.009906068023633807,2,-0.0114691067383423,-4.011627921588374,3,-24.116883307991255
14.078,0.145188,-0.2200383,9.774684,-0.00905014406473903,2,0.026747623715461775,-4.011931220981788,3,-24.245260254272377
14.093,0.142245,-0.24397470000000002,9.7732125,-0.00823817484944911,2,0.05413128101932598,-4.012060883373644,3,-24.305440195055045
14.109,0.1122264,-0.24397470000000002,9.7507476,-0.00800325502505217,2,0.014682489024808718,-4.012190814812641,3,-24.369634208640534
14.125,0.1362609,-0.24397470000000002,9.7507476,-0.007766598469865826,2,0.01479103469914643,-4.0123169736406,3,-24.43383027094816
14.14,0.1362609,-0.2604555,9.764187300000001,-0.00719767213255551,2,0.03792842248735296,-4.012429205670118,3,-24.494015867292994
14.156,0.08829,-0.2634966,9.7507476,-0.006981745473316536,2,0.013495416202435872,-4.012542641010965,3,-24.558215642066443
14.187,0.08829,-0.1870767,9.7222986,-0.007507857800320039,2,-0.016971365387210422,-4.012767229861707,3,-24.682607945064966
14.203,0.11978010000000001,-0.1870767,9.7387794,-0.007611055435930325,2,-0.006449852225642865,-4.012888181167597,3,-24.7468131883532
14.234,0.1586277,-0.1497006,9.8076456,-0.006034709087270329,2,0.050849882214837626,-4.0130996905177065,3,-24.871216000364324
14.265,0.15568469999999998,-0.1586277,9.723770100000001,-0.006539752727181991,2,-0.016291730319730725,-4.0132945946758305,3,-24.995625111784825
14.281,0.1212516,-0.18109260000000002,9.7911648,-0.005391502216584243,2,0.07176565691235919,-4.013390044715381,3,-25.059838588899954
14.312,0.1781496,-0.18109260000000002,9.7732125,-0.004687759524328428,2,0.022701377169543308,-4.0135462732723655,3,-25.18425610182876
14.328,0.173637,-0.20355750000000003,9.7732125,-0.003992382795308558,2,0.04346104556374182,-4.013615714410922,3,-25.248473397730226
14.343,0.1781496,-0.21552570000000001,9.6938496,-0.0052406124540418375,2,-0.0832153105822155,-4.013684961875292,3,-25.308678152802376
14.375,0.1721655,-0.24701580000000004,9.6938496,-0.00644271799509788,2,-0.03756579815800128,-4.013871895162478,3,-25.43711906251498
14.39,0.1721655,-0.19610190000000002,9.731225700000001,-0.006732590725070153,2,-0.019324848664817512,-4.01397070997788,3,-25.497327882053536
14.421,0.2260224,-0.23200650000000003,9.7342668,-0.006895144411359411,2,-0.005243667299653665,-4.014181939872494,3,-25.621764248126212
14.453,0.18109260000000002,-0.2394621,9.731225700000001,-0.007146373827060515,2,-0.007850919240659497,-4.014406604164309,3,-25.7502216648308
14.468,0.24544620000000003,-0.2394621,9.6938496,-0.008268139778413897,2,-0.07478439675688928,-4.01452221301635,3,-25.810438630959656
14.484,0.1915893,-0.17667810000000003,9.6938496,-0.009424993819731498,2,-0.07230337758234999,-4.014663758085135,3,-25.87467211872847
14.5,0.1915893,-0.2260224,9.690808500000001,-0.010602782577123548,2,-0.07361179733700311,-4.01482398029631,3,-25.93890802063552
14.515,0.19610190000000002,-0.2260224,9.6804099,-0.012003147650791135,2,-0.09335767157783556,-4.014993524773019,3,-25.99913165192354
14.531,0.1497006,-0.16912439999999998,9.6804099,-0.013417876777324977,2,-0.08842057040836507,-4.0151968929684445,3,-26.063373175265472
14.546,0.1377324,-0.23347800000000002,9.6623595,-0.015209884871381973,2,-0.11946720627047602,-4.015411601180809,3,-26.123602738971588
14.562,0.1377324,-0.2215098,9.771642900000002,-0.014300566673254522,2,0.05683238738296565,-4.015647684793167,3,-26.18785121325938
14.578,0.145188,-0.2215098,9.827069400000001,-0.01205942307346497,2,0.1400714749868469,-4.015858564711141,3,-26.252103263255414
14.593,0.10477080000000001,-0.1571562,9.827069400000001,-0.009915707551170883,2,0.14291436815293374,-4.016023378190825,3,-26.312342377827182
14.609,0.10477080000000001,-0.18109260000000002,9.752219100000001,-0.009639432662575942,2,0.017267180537183777,-4.016179819312535,3,-26.37660000340721
14.625,0.1482291,-0.18109260000000002,9.7911648,-0.008406527768300975,2,0.07705655589218534,-4.016324186995982,3,-26.44086003545768
14.656,0.0733788,-0.1870767,9.7911648,-0.007221605204364323,2,0.03822330851408484,-4.016566423057059,3,-26.565369839913505
14.671,0.0733788,-0.18413369999999998,9.735738300000001,-0.007418530948816837,2,-0.013128382963501996,-4.016676224078208,3,-26.625619159767012
14.687,0.10477080000000001,-0.18413369999999998,9.7567317,-0.007091736750535205,2,0.020424637392602012,-4.016792306219803,3,-26.689886908009395
14.703,0.1377324,-0.205029,9.7567317,-0.006752763848947296,2,0.021185806349244257,-4.016903062224599,3,-26.75415647095695
14.718,0.1661814,-0.21856680000000003,9.7656588,-0.006186442373726564,2,0.03775476501471406,-4.017000106271269,3,-26.81441074472067
14.734,0.1661814,-0.2080701,9.740250900000001,-0.0062589978630018805,2,-0.004534718079707285,-4.017099669793162,3,-26.87868354292919
14.75,0.16765290000000002,-0.21856680000000003,9.735738300000001,-0.0064335835156317245,2,-0.010911603289365236,-4.017201210444191,3,-26.94295794997109
14.765,0.16765290000000002,-0.23799060000000002,9.707289300000001,-0.00728637455438097,2,-0.05685273591661421,-4.017304110129716,3,-27.003216739875395
14.781,0.18109260000000002,-0.23799060000000002,9.7732125,-0.0065053546822753106,2,0.04881374200660367,-4.0174144439636095,3,-27.067494488308142
14.812,0.1511721,-0.2350476,9.7732125,-0.005757520165209584,2,0.024123694098895327,-4.017604518523745,3,-27.192037282226693
14.828,0.1511721,-0.2604555,9.7821396,-0.004794591945394444,2,0.0601830137384462,-4.01768893542063,3,-27.256319629858247
14.843,0.18266220000000002,-0.2604555,9.731225700000001,-0.005083193594296986,2,-0.019240109926835423,-4.017763018812178,3,-27.316585519514994
14.859,0.0688662,-0.20355750000000003,9.731225700000001,-0.005433685581529346,2,-0.021905749202022463,-4.017847153845585,3,-27.380870400896256
14.875,0.0688662,-0.1466595,9.7447635,-0.005470451631591544,2,-0.002297878128887374,-4.01793438694329,3,-27.44515665322257
14.89,0.0688662,-0.19011780000000003,9.7387794,-0.005633930423261546,2,-0.010898586111333054,-4.018017669808701,3,-27.50542629364821
14.906,0.1392039,-0.19011780000000003,9.7372098,-0.005813371810241108,2,-0.011215086686222609,-4.018109248226569,3,-27.569715308992492
14.921,0.1511721,-0.1332198,9.7372098,-0.0060071205052008025,2,-0.012916579663980673,-4.018197901918935,3,-27.629987612618578
14.937,0.1511721,-0.21709530000000002,9.683352900000001,-0.0074724502477696575,2,-0.09158310891055335,-4.018305738484958,3,-27.694279641741808
14.953,0.1661814,-0.21709530000000002,9.759674700000001,-0.0070352721523399,2,0.027323630964359833,-4.018421800264159,3,-27.7585734620518
14.968,0.1482291,-0.2140542,9.759674700000001,-0.006617444951368512,2,0.027855146731424807,-4.018524195642437,3,-27.8188505570211
14.984,0.1482291,-0.19011780000000003,9.7686999,-0.00600183349303407,2,0.03847571614590258,-4.018625149869992,3,-27.8831477517852
15.0,0.1302768,-0.19011780000000003,9.8046045,-0.004531997621736394,2,0.09186474195610464,-4.018709420518911,3,-27.94744642834831
15.015,0.173637,-0.2365191,9.8046045,-0.003057012328056885,2,0.09833235291196356,-4.018766338093534,3,-28.007727496537907
15.046,0.1915893,-0.2080701,9.834525,-0.0008961099284494622,2,0.06970652901959697,-4.0188276114885095,3,-28.132310202756425
15.062,0.1497006,-0.2080701,9.8151012,0.000720776413054125,2,0.10105539634397412,-4.0188290141566325,3,-28.196611455761587
15.078,0.1511721,-0.2649681,9.8151012,0.0023322040071676042,2,0.10071422463209237,-4.0188045903132705,3,-28.260912524597348
15.093,0.1511721,-0.24103170000000002,9.827069400000001,0.0041810714278405214,2,0.12325782804485648,-4.018755740747508,3,-28.321194227080305
15.109,0.1511721,-0.24103170000000002,9.851005800000001,0.006568415216385404,2,0.149208986784055,-4.018669744854354,3,-28.38549363096512
15.125,0.1661814,-0.2425032,9.851005800000001,0.008904305724003692,2,0.14599315672614285,-4.018545963086831,3,-28.449791356628648
15.14,0.1661814,-0.19011780000000003,9.8225568,0.010461528743443083,2,0.10381486796262214,-4.0184007193283255,3,-28.510068456746765
15.156,0.16166880000000003,-0.19011780000000003,9.8764137,0.013292095973573836,2,0.17691045188317195,-4.018210690330589,3,-28.574361348024038
15.171,0.1781496,-0.23200650000000003,9.8764137,0.016082362945299522,2,0.1860177981150607,-4.017990381888698,3,-28.63463285606568
15.203,0.1781496,-0.20355750000000003,9.8644455,0.01849748257994932,2,0.07547248858280613,-4.017437104360294,3,-28.763199695845664
15.218,0.145188,-0.21101310000000004,9.8644455,0.020844345516055185,2,0.15645752907371838,-4.017142040649574,3,-28.82345903943324
15.234,0.1661814,-0.24701580000000004,9.862974000000001,0.02312655028452859,2,0.14263779802958773,-4.01679027348317,3,-28.8877304979463
15.25,0.1661814,-0.19011780000000003,9.9124164,0.02652786957137465,2,0.2125824554278786,-4.016393038124322,3,-28.95199596443916
15.265,0.16166880000000003,-0.19011780000000003,9.886910400000001,0.029222510295593196,2,0.17964271494789616,-4.01597491027532,3,-29.01223872405216
15.281,0.1646118,-0.23053500000000002,9.886910400000001,0.03187357525452761,2,0.16569155993340065,-4.015486141590919,3,-29.07649041246709
15.296,0.1646118,-0.2065986,9.889951500000002,0.03452122555480308,2,0.17651002001837904,-4.014988180584849,3,-29.136718969883404
15.328,0.1437165,-0.2065986,9.991681200000002,0.03957677485467315,2,0.15798591562093942,-4.0138026125782975,3,-29.265179622574014
15.343,0.1511721,-0.173637,9.991681200000002,0.04449640808065247,2,0.32797554839860926,-4.013172063706283,3,-29.32538193264615
15.359,0.1511721,-0.16765290000000002,10.0141461,0.0498413431140996,2,0.3340584395904453,-4.012417361696725,3,-29.389586648049374
15.375,0.1272357,-0.21552570000000001,9.97677,0.05415880678059537,2,0.26984147915598533,-4.011585360497568,3,-29.453778669826928
15.39,0.16166880000000003,-0.21552570000000001,10.0097316,0.05918677157700536,2,0.3351976530939866,-4.010735268659886,3,-29.51394607454561
15.421,0.113796,-0.17667810000000003,10.0396521,0.06478709211588018,2,0.1806555012540336,-4.0088136737726465,3,-29.638249083153312
15.437,0.15421320000000002,-0.2649681,10.068101100000002,0.07100487677732303,3,0.3886115413401777,-4.007727338021501,3,-29.702381411247664
15.453,0.15421320000000002,-0.1781496,10.0665315,0.07698615459390012,3,0.37382986353606784,-4.006543409770531,3,-29.76649557723
15.468,0.1466595,-0.1781496,10.0994931,0.08362252607489573,3,0.44242476539969033,-4.005338844665515,3,-29.826584694138273
15.484,0.145188,-0.24397470000000002,10.0994931,0.09013005744364122,3,0.4067207105465927,-4.003948823997368,3,-29.890658995487577
15.515,0.13469129999999999,-0.1721655,10.181799000000002,0.09844624502568955,3,0.26826411554994106,-4.001025891309096,3,-30.01473610357483
15.531,0.1497006,-0.1721655,10.2192732,0.10747848645277003,3,0.5645150891925294,-3.999378493457269,3,-30.078739338652962
15.562,0.1466595,-0.20954160000000002,10.2192732,0.11630637443699676,3,0.28477058013635725,-3.995909828113478,3,-30.202666307637305
15.578,0.1466595,-0.24544620000000003,10.1413818,0.12303939451280854,3,0.42081375473823585,-3.9939950619618796,3,-30.26658554675791
15.593,0.1586277,-0.24544620000000003,10.202792400000002,0.1311097881918819,3,0.5380262452715371,-3.992088943091594,3,-30.326481176795813
15.609,0.1571562,-0.24544620000000003,10.202792400000002,0.13898278781314843,3,0.49206247632915767,-3.989928202483554,3,-30.390337313960416
15.625,0.1571562,-0.145188,10.1953368,0.14643516183240912,3,0.4657733762037926,-3.9876448588863895,3,-30.454157898451374
15.64,0.18413369999999998,-0.145188,10.2222162,0.1543722033147894,3,0.529136098825332,-3.985388803647786,3,-30.513955650920384
15.656,0.21709530000000002,-0.21552570000000001,10.2222162,0.16216168825743438,3,0.4868428089153105,-3.9828565325152083,3,-30.577701613609687
15.671,0.21709530000000002,-0.1586277,10.2222162,0.16973579852177956,3,0.5049406842897193,-3.980367301364364,3,-30.63742579236378
15.687,0.17069399999999998,-0.24544620000000003,10.2910824,0.17882450183710752,3,0.568043957207997,-3.977578818961493,3,-30.701089361326385
15.703,0.16166880000000003,-0.24544620000000003,10.324044,0.18849159115534597,3,0.6041930823899028,-3.9746402902175535,3,-30.76470711419982
15.734,0.1392039,-0.1646118,10.324044,0.19787577428244774,3,0.3027155847452125,-3.9686515960532676,3,-30.88782813843702
15.75,0.1392039,-0.21709530000000002,10.316588399999999,0.20687294553554914,3,0.562323203318837,-3.9654136062947236,3,-30.951300660055804
15.765,0.15421320000000002,-0.1915893,10.289610900000001,0.21498575920659313,3,0.5408542447362458,-3.9622496660091575,3,-31.010758134598085
15.781,0.15421320000000002,-0.23799060000000002,10.337483700000002,0.2240915040635354,3,0.5691090535588911,-3.9587370479029964,3,-31.074126028309383
15.796,0.1631403,-0.23799060000000002,10.295595000000002,0.23195722220028614,3,0.5243812091167585,-3.955316682456018,3,-31.13348143128707
15.812,0.1257642,-0.23200650000000003,10.295595000000002,0.23961497758246075,3,0.4786097113859129,-3.9515441048577564,3,-31.19673631758558
15.828,0.1257642,-0.21856680000000003,10.3314996,0.24795424819161127,3,0.5212044130719069,-3.9476435510515637,3,-31.259929818832852
15.843,0.1257642,-0.2230794,10.359948600000001,0.25678613928761784,3,0.5887927397337491,-3.9438579981454693,3,-31.31911608045183
15.859,0.1497006,-0.2230794,10.395853200000001,0.2662858062256497,3,0.5937291836269892,-3.939673422581363,3,-31.382184331817644
15.89,0.10182780000000001,-0.2274939,10.395853200000001,0.2755419855084451,3,0.2985864284772663,-3.9312750918094848,3,-31.504184033790704
15.906,0.10182780000000001,-0.19610190000000002,10.430286299999999,0.2853964520176291,3,0.6159041568239981,-3.926787584309276,3,-31.567048535199653
15.921,0.0733788,-0.16765290000000002,10.3779009,0.2937151467245016,3,0.5545796471248794,-3.9224442473187104,3,-31.62591777393686
15.937,0.0733788,-0.21552570000000001,10.52613,0.30546698453467336,3,0.7344898631357337,-3.917650790268637,3,-31.68863853423756
15.968,0.11526750000000001,-0.21552570000000001,10.4438241,0.31493442917203573,3,0.30540143991490964,-3.908034568356183,3,-31.809936657296245
15.984,0.1466595,-0.21709530000000002,10.5021936,0.32560455267797295,3,0.6668827191210752,-3.9029102565013827,3,-31.872424215895105
16.0,0.1466595,-0.2215098,10.418318099999999,0.33397159245372166,3,0.5229399859842938,-3.8976336473403292,3,-31.934828567125837
16.015,0.15568469999999998,-0.2215098,10.4572638,0.3430873268374839,3,0.6077156255841257,-3.892555705445645,3,-31.993254987271733
16.031,0.1915893,-0.22455090000000003,10.4572638,0.3519968431478766,3,0.5568447693996061,-3.886995032085763,3,-32.05549139317198
16.046,0.1915893,-0.19011780000000003,10.5111207,0.3619855569063066,3,0.6659142505619763,-3.8816401640853564,3,-32.113756157143264
16.078,0.20208600000000002,-0.19011780000000003,10.4482386,0.3702022637184186,3,0.25677208787849826,-3.8699251589553607,3,-32.237781202311915
16.093,0.173637,-0.173637,10.4482386,0.37819909580179356,3,0.5331221388916453,-3.864312148758959,3,-32.295787982119776
16.109,0.173637,-0.173637,10.503665100000001,0.387352377813432,3,0.5720801257273392,-3.8581877369700366,3,-32.35756798120561
16.125,0.16912439999999998,-0.173637,10.6039233,0.39872529095732645,3,0.7108070714934805,-3.8518991156198714,3,-32.41924867602633
16.14,0.1302768,-0.1482291,10.6039233,0.40979803947904614,3,0.7381832347812846,-3.845835190641598,3,-32.47698168332329
16.156,0.1377324,-0.1781496,10.5350571,0.41893496472818725,3,0.5710578280713825,-3.839205326607941,3,-32.53846200746128
16.171,0.1377324,-0.21709530000000002,10.5710598,0.42874470626771455,3,0.6539827693017949,-3.832847729075471,3,-32.596002405378904
16.187,0.1272357,-0.21709530000000002,10.5216174,0.4371064090752004,3,0.5226064254678057,-3.8259209201527273,3,-32.657272554572735
16.203,0.11978010000000001,-0.2215098,10.5216174,0.44526427749355335,3,0.5098667761471172,-3.818861954660178,3,-32.71843081757123
16.218,0.11978010000000001,-0.17510850000000003,10.5410412,0.4536755030793067,3,0.5607483723835359,-3.8121199063058815,3,-32.77566318152848
16.234,0.11821050000000001,-0.205029,10.5410412,0.46189430043915536,3,0.5136748349904832,-3.8047953478777328,3,-32.83659850356195
16.25,0.11821050000000001,-0.2365191,10.5560505,0.4702946865496891,3,0.525024131908416,-3.7973378359818226,3,-32.89741556903282
16.281,0.145188,-0.2365191,10.548594900000001,0.4783166106223522,3,0.25877174427946514,-3.7826343608756567,3,-33.01490513808411
16.296,0.16166880000000003,-0.19011780000000003,10.587442500000002,0.4870730817873792,3,0.5837647443351098,-3.7753939381825834,3,-33.07159035032705
16.312,0.1990449,-0.1915893,10.560563100000001,0.49497678028321346,3,0.49398115598958703,-3.767537539286018,3,-33.131933802146804
16.343,0.173637,-0.1915893,10.473744600000002,0.5005598897490806,3,0.18010030535056026,-3.752106720900518,3,-33.24848828817969
16.359,0.18109260000000002,-0.173637,10.473744600000002,0.5060022722977955,3,0.3401489092946416,-3.744054223604142,3,-33.30845757573574
16.375,0.18109260000000002,-0.1511721,10.557522,0.5133462573155967,3,0.4589990636126257,-3.735899435367236,3,-33.3682972050075
16.39,0.1796211,-0.1511721,10.5141618,0.5194532043836837,3,0.40712980453911857,-3.728153439404491,3,-33.42427760156829
16.406,0.20208600000000002,-0.17667810000000003,10.5141618,0.5254308408770552,3,0.3736022808357576,-3.719794367042406,3,-33.48386118401986
16.421,0.20208600000000002,-0.205029,10.5710598,0.5326624678352925,3,0.4821084638824693,-3.7118586672270633,3,-33.53959858177688
16.437,0.1571562,-0.205029,10.5410412,0.538967157628484,3,0.3940431120744273,-3.703285630223352,3,-33.59891973615649
16.468,0.19011780000000003,-0.1856052,10.5230889,0.5446848160798439,3,0.18444059520516365,-3.6864890246308732,3,-33.713461243306725
16.484,0.16019730000000001,-0.21709530000000002,10.5740028,0.5515069640221224,3,0.4263842463923606,-3.6777194903900567,3,-33.7723749114269
16.5,0.15568469999999998,-0.21709530000000002,10.494639900000001,0.5562260163114452,3,0.2949407680827068,-3.668857626547389,3,-33.83114752836239
16.515,0.142245,-0.23053500000000002,10.494639900000001,0.5608323069278391,3,0.30708604109291826,-3.660479689123094,3,-33.88611755822993
16.531,0.142245,-0.15421320000000002,10.4871843,0.5651103277973455,3,0.26737630434417625,-3.651472148045294,3,-33.94461317292727
16.546,0.1302768,-0.15421320000000002,10.485712800000002,0.5692443310526158,3,0.2756002170180134,-3.6429644881039187,3,-33.99932144769839
16.562,0.1526436,-0.24397470000000002,10.485712800000002,0.5733264195446601,3,0.25513053075273884,-3.6338239220991393,3,-34.05753575498002
16.578,0.1526436,-0.2065986,10.508177700000001,0.5778371258475783,3,0.2819191439324164,-3.6246146137360022,3,-34.1156032632667
16.593,0.15421320000000002,-0.2065986,10.5350571,0.5828937721268037,3,0.33710975194834847,-3.6159091320011942,3,-34.169907191359734
16.609,0.11673900000000001,-0.1511721,10.5350571,0.5877923852309515,3,0.30616331900919963,-3.606543642742331,3,-34.22768681355769
16.625,0.10928340000000002,-0.1781496,10.497681000000002,0.5916684197902029,3,0.24225215995324237,-3.597107956302163,3,-34.28531602635004
16.64,0.10928340000000002,-0.1796211,10.506608100000001,0.5956682189108502,3,0.26665327470980965,-3.588202931511905,3,-34.33920585800865
16.656,0.0733788,-0.1796211,10.4962095,0.5993092698432267,3,0.22756568327355906,-3.578643111601873,3,-34.39654062635355
16.671,0.1571562,-0.1990449,10.4962095,0.6028924928385653,3,0.23888153302255968,-3.569626598381759,3,-34.45015264917843
16.687,0.1571562,-0.1915893,10.463247899999999,0.6055812204921409,3,0.16804547834845868,-3.5599588086751126,3,-34.50718933243489
16.703,0.11978010000000001,-0.1915893,10.5051366,0.6092137468816468,3,0.2270328993441401,-3.5502404489361234,3,-34.56407092649577
16.734,0.1362609,-0.21101310000000004,10.5051366,0.6127716481576186,3,0.11477100890231018,-3.5312996753130133,3,-34.673834798421645
16.75,0.1362609,-0.24701580000000004,10.572531300000001,0.6179050928423528,3,0.3208402927959229,-3.5214542613850144,3,-34.73025682991522
16.765,0.11821050000000001,-0.24701580000000004,10.575474300000002,0.6229797915617947,3,0.3383132479627794,-3.5121476247519827,3,-34.78300884406125
16.781,0.09427410000000001,-0.19757340000000004,10.4916969,0.6258566025045287,3,0.1798006839208919,-3.502156933599453,3,-34.83912328052806
16.796,0.09427410000000001,-0.2200383,10.5141618,0.6292219316459224,3,0.2243552760929087,-3.4927438445933245,3,-34.8915850363645
16.812,0.09427410000000001,-0.2200383,10.5141618,0.6325051795887457,3,0.20520299642643383,-3.4826500277034462,3,-34.94738818734288
16.828,0.10477080000000001,-0.21258269999999999,10.4902254,0.6351233648397567,3,0.16363657818820457,-3.4725089993480194,3,-35.003029459559286
16.843,0.10477080000000001,-0.18109260000000002,10.506608100000001,0.6380627822687597,3,0.19596116193352217,-3.462960103244705,3,-35.055045477828735
16.875,0.11526750000000001,-0.18109260000000002,10.472175,0.6400935310128393,3,0.06346089825248752,-3.4425096022321995,3,-35.165532993116365
16.89,0.0868185,-0.1482291,10.472175,0.642055454319717,3,0.1307948871251765,-3.432893484842205,3,-35.217098516269424
16.906,0.0868185,-0.1915893,10.4902254,0.6444268468046435,3,0.14821203030792007,-3.4226016264332113,3,-35.27194247715962
16.921,0.1511721,-0.1915893,10.4766876,0.6464281001127965,3,0.13341688721019757,-3.41292021433133,3,-35.323208890965354
16.937,0.16019730000000001,-0.145188,10.4766876,0.6483656269827307,3,0.12109542937087413,-3.4025618645145648,3,-35.37773274759613
16.953,0.11526750000000001,-0.17069399999999998,10.4931684,0.6506527630873755,3,0.14294600654031672,-3.392169717394005,3,-35.43209060025139
16.968,0.11526750000000001,-0.18864630000000002,10.5650757,0.6546450612585719,3,0.26615321141308296,-3.38237998371141,3,-35.48289972300969
16.984,0.16166880000000003,-0.18864630000000002,10.494639900000001,0.6568373470884179,3,0.1370178643653588,-3.371888124444633,3,-35.53693386787494
17.0,0.1631403,-0.2065986,10.494639900000001,0.6589849605893185,3,0.13422584380630523,-3.3613615459832125,3,-35.59079986523836
17.015,0.1631403,-0.21258269999999999,10.5500664,0.6624345349060299,3,0.22997162111408026,-3.351450899766997,3,-35.64114595858149
17.031,0.1870767,-0.21258269999999999,10.5500664,0.6658096600295043,3,0.21094532021717174,-3.340824946207514,3,-35.69468416534928
17.046,0.205029,-0.2080701,10.5500664,0.6691084054034455,3,0.21991635826274225,-3.3308130607167667,3,-35.744721450401215
17.062,0.205029,-0.18864630000000002,10.524658500000001,0.6716983011713165,3,0.16186848549191576,-3.3200866070641673,3,-35.79792864774347
17.078,0.15421320000000002,-0.18864630000000002,10.506608100000001,0.6737637471419724,3,0.12909037316601069,-3.309322910677662,3,-35.850963923885395
17.093,0.18109260000000002,-0.19757340000000004,10.506608100000001,0.6757932752725591,3,0.13530187537243857,-3.2992012330095526,3,-35.90052785496305
17.125,0.16019730000000001,-0.1946304,10.5125922,0.6779096001677214,3,0.06613515297382294,-3.277541987002508,3,-36.005755746483246
17.14,0.11978010000000001,-0.2006145,10.475216099999999,0.6790525405747818,3,0.07619602713735858,-3.267364770946939,3,-36.054842547167866
17.171,0.1257642,-0.1856052,10.475216099999999,0.6801625675357936,3,0.035807321322963055,-3.246296936771226,3,-36.155804303637495
17.187,0.1257642,-0.2230794,10.554579000000002,0.6831984523102683,3,0.18974279840464722,-3.2353900486124565,3,-36.20765779952057
17.203,0.11978010000000001,-0.2230794,10.4572638,0.683785741452617,3,0.03670557139679303,-3.2244541750623545,3,-36.259336553309964
17.218,0.113796,-0.21856680000000003,10.518674400000002,0.6858521596558536,3,0.137761213549102,-3.2141818908040407,3,-36.307626323803966
17.234,0.1107549,-0.21856680000000003,10.539569700000001,0.6883768894326927,3,0.15779561105242934,-3.2031880584113313,3,-36.358965283397694
17.25,0.1437165,-0.2274939,10.5171048,0.6903066035120524,3,0.1206071299599953,-3.1921585904677747,3,-36.41012805658872
17.265,0.1526436,-0.2394621,10.5171048,0.6921987961384879,3,0.12614617509569348,-3.1817897999703955,3,-36.45793266951701
17.296,0.10182780000000001,-0.23200650000000003,10.5201459,0.6940999253584064,3,0.06132674902963055,-3.1603021697871942,3,-36.556235095048244
17.312,0.1257642,-0.21856680000000003,10.5201459,0.6959539811620505,3,0.11587848772774781,-3.149181738535029,3,-36.60671096631483
17.328,0.1257642,-0.2290635,10.5710598,0.6990096825675813,3,0.19098133784569588,-3.1380220292251932,3,-36.657008596456905
17.359,0.1002582,-0.2290635,10.5125922,0.7005585679606288,3,0.049964044937009996,-3.1163287213420046,3,-36.7539510330907
17.375,0.1497006,-0.21101310000000004,10.5125922,0.7020747957832221,3,0.09476423891209218,-3.105107654432055,3,-36.80372252409689
17.39,0.1497006,-0.1466595,10.5216174,0.703747430822526,3,0.11150900262025756,-3.0945639877325117,3,-36.850220061413125
17.406,0.0868185,-0.1466595,10.5230889,0.7053979198643603,3,0.10315556511465455,-3.0832908249270177,3,-36.8996428999144
17.421,0.12272310000000002,-0.1466595,10.530642600000002,0.7072010769088859,3,0.12021046963503579,-3.0726963324512178,3,-36.945812803594734
17.437,0.12272310000000002,-0.20355750000000003,10.4962095,0.7081437087810833,3,0.05891449201233419,-3.061373574165697,3,-36.994885362847675
17.453,0.1497006,-0.20355750000000003,10.515633300000001,0.7095455004264828,3,0.08761197783747475,-3.0500320604920375,3,-37.04377660792493
17.484,0.1437165,-0.1870767,10.515633300000001,0.7109036021358168,3,0.04380973255915913,-3.02801509940232,3,-37.1379863389033
17.5,0.1437165,-0.2200383,10.485712800000002,0.7115145975798995,3,0.03818721525517409,-3.0166357538045956,3,-37.18634354572895
17.515,0.1466595,-0.2200383,10.527601500000001,0.7131330364486743,3,0.10789592458498086,-3.005950896549381,3,-37.23151294560661
17.531,0.18864630000000002,-0.20355750000000003,10.527601500000001,0.7147202198596201,3,0.09919896318412151,-2.994528070498916,3,-37.27951677734299
17.546,0.18864630000000002,-0.1990449,10.524658500000001,0.7161948315098421,3,0.09830744334812974,-2.9837962076136444,3,-37.32435420942884
17.562,0.1287072,-0.1990449,10.4916969,0.7168077055260298,3,0.03830462601172717,-2.972332187317356,3,-37.37200323658829
17.578,0.1796211,-0.20208600000000002,10.4991525,0.7176070740999432,3,0.04996053586959199,-2.9608568690803496,3,-37.41946874903947
17.593,0.1796211,-0.21709530000000002,10.5096492,0.7186501762984321,3,0.0695401465659247,-2.950084939702361,3,-37.46380081260534
17.609,0.1571562,-0.21709530000000002,10.515633300000001,0.7198049672307256,3,0.07217443326833797,-2.9385772985541267,3,-37.5109101105114
17.625,0.1287072,-0.1721655,10.515633300000001,0.7209018863494983,3,0.06855744492329707,-2.9270516437254863,3,-37.557835142049626
17.656,0.1287072,-0.23200650000000003,10.536626700000001,0.7225119644209919,3,0.051938002306247275,-2.9046787290385447,3,-37.648226962827465
17.671,0.1257642,-0.23200650000000003,10.485712800000002,0.7228404945403337,3,0.021902007956123386,-2.8938385855963342,3,-37.69171584268723
17.687,0.15568469999999998,-0.19757340000000004,10.485712800000002,0.7231536047275586,3,0.019569386701554534,-2.88227063280219,3,-37.73792471643442
17.703,0.15568469999999998,-0.17510850000000003,10.4602068,0.7228274016392859,3,-0.020387693017045485,-2.8707027847512565,3,-37.783948503774845
17.718,0.1646118,-0.17510850000000003,10.5216174,0.7240099140568095,3,0.07883416116823302,-2.8598515048835353,3,-37.826927660947106
17.734,0.08377740000000002,-0.173637,10.5350571,0.7254674656984346,3,0.09109697760155779,-2.848255685845492,3,-37.87259251847294
17.75,0.1661814,-0.1870767,10.5350571,0.7269189157515363,3,0.09071562831887037,-2.8366365947938936,3,-37.918071656718055
17.765,0.1661814,-0.1946304,10.5141618,0.7278288104056045,3,0.06065964360454508,-2.8257259868477145,3,-37.96053937608037
17.781,0.1466595,-0.1946304,10.5096492,0.7285993970078781,3,0.04816166264210417,-2.814074561188408,3,-38.00565778046465
17.796,0.13469129999999999,-0.173637,10.5096492,0.7293383136045648,3,0.04926110644577669,-2.8031400283588144,3,-38.04778688988626
17.812,0.13469129999999999,-0.20355750000000003,10.452751200000002,0.7286849205113626,3,-0.04083706832513454,-2.7914758424858857,3,-38.09254381685302
17.843,0.1287072,-0.20355750000000003,10.548594900000001,0.7303826620120226,3,0.05476585486000352,-2.768860294956774,3,-38.17872902698338
17.859,0.145188,-0.2200383,10.539569700000001,0.731832222810171,3,0.09059754988426467,-2.7571625758781955,3,-38.22293720995007
17.875,0.0718092,-0.23347800000000002,10.494639900000001,0.7321395068215146,3,0.019205250708977835,-2.7454508020411432,3,-38.26695811697342
17.89,0.1526436,-0.23347800000000002,10.508177700000001,0.7327904467021398,3,0.043395992041674714,-2.7344638273897153,3,-38.30805747669415
17.906,0.09878670000000002,-0.1377324,10.508177700000001,0.7333685611085805,3,0.03613215040254978,-2.722734555327231,3,-38.35171506375588
17.937,0.09878670000000002,-0.1870767,10.5620346,0.7352644906914652,3,0.06115901880272592,-2.6999707430243283,3,-38.435766995880336
17.953,0.08829,-0.1870767,10.5321141,0.7363822832564537,3,0.06986203531179283,-2.6881975688327464,3,-38.47887234237519
17.968,0.1377324,-0.2065986,10.5321141,0.7374946458597815,3,0.07415750688851785,-2.677143491864374,3,-38.51911240033042
17.984,0.1377324,-0.20355750000000003,10.5350571,0.7386501947448867,3,0.07222180531906455,-2.6653343331395356,3,-38.561852222930455
18.0,0.1586277,-0.20355750000000003,10.557522,0.7403324862062206,3,0.10514321633338145,-2.653502471691928,3,-38.6044029173691
18.015,0.1571562,-0.19011780000000003,10.557522,0.7419670997577583,3,0.10897423676917663,-2.6423852247971977,3,-38.64412207509277
18.031,0.1571562,-0.1781496,10.5111207,0.7424253035135688,3,0.02863773473816038,-2.6305100855710286,3,-38.68630523757571
18.046,0.1332198,-0.18413369999999998,10.5904836,0.7448020156336934,3,0.158447474674966,-2.6193558806774235,3,-38.72567923232258
18.062,0.18109260000000002,-0.18413369999999998,10.585971,0.7470280508013101,3,0.13912719797602555,-2.6074212401459422,3,-38.76749344928917
18.078,0.13469129999999999,-0.1856052,10.5321141,0.7478702701756834,3,0.052638710898339734,-2.5954620535781276,3,-38.809116515638955
18.093,0.1661814,-0.1856052,10.5171048,0.7483369373362763,3,0.031111144039522056,-2.5842404995217874,3,-38.8479642847872
18.109,0.1646118,-0.1796211,10.5171048,0.7487890869192793,3,0.028259348937683837,-2.5722634913277416,3,-38.889216316714005
18.125,0.1646118,-0.17667810000000003,10.5096492,0.749047196940495,3,0.016131876325988337,-2.5602808010568645,3,-38.93027667105308
18.14,0.1930608,-0.17667810000000003,10.4647194,0.7482153077747267,3,-0.05545927771788947,-2.5490513322715,3,-38.968596662053045
18.171,0.19757340000000004,-0.22455090000000003,10.4647194,0.7474281381462475,3,-0.025392568660618207,-2.525868858859726,3,-39.04725792501558
18.187,0.19757340000000004,-0.24103170000000002,10.5665472,0.7491516207271438,3,0.10771766130600506,-2.5138962207887374,3,-39.087576045652774
18.203,0.16912439999999998,-0.1482291,10.518674400000002,0.7496119890432382,3,0.028773019755904242,-2.501906111910576,3,-39.12770246431437
18.218,0.1915893,-0.2394621,10.5171048,0.750073248115239,3,0.030750604800051224,-2.4906584726318868,3,-39.165146698698436
18.234,0.1915893,-0.1796211,10.542610800000002,0.7511160922005686,3,0.06517775533309392,-2.478648957909359,3,-39.20490115814277
18.25,0.1586277,-0.1796211,10.466190899999999,0.750256736556679,3,-0.05370972774310681,-2.4666379752793026,3,-39.244463453608276
18.265,0.1466595,-0.2350476,10.466190899999999,0.7494408569530755,3,-0.05439197357356593,-2.455390243327979,3,-39.28137866524783
18.296,0.1466595,-0.1990449,10.530642600000002,0.750198229308749,3,0.02443136631205012,-2.4321458374909217,3,-39.35713547450052
18.312,0.1586277,-0.1990449,10.4886558,0.7499175911072093,3,-0.017539887596227634,-2.4201449109275925,3,-39.39595380048787
18.328,0.13469129999999999,-0.1631403,10.508177700000001,0.7500965676604672,3,0.011186034578615344,-2.4081447976574526,3,-39.434580118156546
18.359,0.1586277,-0.1721655,10.5141618,0.7504287539216907,3,0.01071568584592031,-2.3848866551729273,3,-39.50887210567542
18.375,0.1212516,-0.1721655,10.548594900000001,0.7515803714440672,3,0.07197609514853724,-2.3728705821700027,3,-39.546934163574164
18.39,0.1406754,-0.23200650000000003,10.548594900000001,0.752737734762114,3,0.07715755453645264,-2.361588196373456,3,-39.58244260441324
18.406,0.1406754,-0.23053500000000002,10.5455538,0.753791934229838,3,0.06588746673275751,-2.3495359590215217,3,-39.620131597656396
18.421,0.1497006,-0.23053500000000002,10.469232,0.7529625804764137,3,-0.05529025022828458,-2.3382353001612244,3,-39.65528988210027
18.437,0.11526750000000001,-0.18109260000000002,10.469232,0.7521191297103957,3,-0.052715672876118766,-2.3261946464797285,3,-39.692605321673405
18.453,0.11526750000000001,-0.2425032,10.518674400000002,0.7525320620507063,3,0.025808271269414717,-2.314157436945641,3,-39.7297281383408
18.468,0.12272310000000002,-0.2425032,10.500624,0.7524968728344348,3,-0.0023459477514363946,-2.302869719934002,3,-39.7643558420174
18.5,0.08829,-0.19011780000000003,10.500624,0.7524277926579455,3,-0.00215875551529132,-2.278790925286124,3,-39.837662412340926
18.515,0.11821050000000001,-0.173637,10.506608100000001,0.7525065350627109,3,0.005249493651030728,-2.267503917828219,3,-39.87175962366428
18.531,0.1586277,-0.173637,10.4871843,0.7521227088540012,3,-0.023989138044358406,-2.2554668838768865,3,-39.90794339007792
18.546,0.16019730000000001,-0.2065986,10.4871843,0.7517633962490233,3,-0.023954173665192535,-2.2441877380886135,3,-39.94169079974266
18.562,0.16019730000000001,-0.1990449,10.494639900000001,0.7515910753150212,3,-0.010770058375130136,-2.2321609023161,3,-39.9775015888659
18.578,0.1332198,-0.1990449,10.469232,0.7507942184699239,3,-0.0498035528185891,-2.220141819965822,3,-40.01312001064415
18.593,0.1332198,-0.2230794,10.469232,0.7500286118685793,3,-0.051040440089639066,-2.2088856487382826,3,-40.04633771665943
18.625,0.1332198,-0.21709530000000002,10.5410412,0.7510295405417526,3,0.03127902103666755,-2.1848687182997173,3,-40.11663778653204
18.64,0.16166880000000003,-0.21709530000000002,10.508177700000001,0.7512144752033745,3,0.012328977441455424,-2.1736018881816284,3,-40.149326316080646
18.656,0.13469129999999999,-0.19757340000000004,10.508177700000001,0.75137623154267,3,0.010109771205969457,-2.1615811625276615,3,-40.18400778048632
18.671,0.1526436,-0.18266220000000002,10.5201459,0.7518252817372577,3,0.02993667963918161,-2.150307151178062,3,-40.21634694283911
18.687,0.1526436,-0.1856052,10.5051366,0.7518986506560381,3,0.004585557423774686,-2.138277359718914,3,-40.25065561892629
18.703,0.1586277,-0.1856052,10.4916969,0.751644682896,3,-0.01587298500238707,-2.1262490130504994,3,-40.284771829908436
18.718,0.1002582,-0.17510850000000003,10.4916969,0.7513749489704065,3,-0.01798226170623165,-2.114976365811501,3,-40.316581020249906
18.734,0.1002582,-0.1511721,10.5321141,0.7520883560564613,3,0.044587942878421834,-2.1029486593712847,3,-40.35032442045137
18.75,0.1377324,-0.1511721,10.530642600000002,0.7527588044807221,3,0.04190302651630357,-2.0909098820869887,3,-40.38387528878303
18.765,0.1406754,-0.20355750000000003,10.530642600000002,0.7534353639847371,3,0.04510396693433279,-2.0796134258234975,3,-40.41515421359236
18.781,0.1466595,-0.18864630000000002,10.5530094,0.7546360335446032,3,0.07504184749163861,-2.067548854643264,3,-40.44833151183609
18.796,0.1466595,-0.18413369999999998,10.5530094,0.7558054750031697,3,0.07796276390443484,-2.056220543329155,3,-40.47925978232088
18.812,0.1796211,-0.2215098,10.4393115,0.7542042366675208,3,-0.10007739597804867,-2.044140465635788,3,-40.5120626703926
18.843,0.1796211,-0.20355750000000003,10.52613,0.7547499563383013,3,0.017603860347760108,-2.020751675644199,3,-40.57506849858244
18.859,0.1107549,-0.20355750000000003,10.469232,0.7538717865746509,3,-0.054885610228144165,-2.008682701700894,3,-40.607303973601205
18.875,0.142245,-0.1870767,10.469232,0.7530168162370519,3,-0.053435646099947776,-1.9966275928783996,3,-40.639346455957835
18.89,0.142245,-0.1990449,10.508177700000001,0.7531377172518763,3,0.008060067654961431,-1.9853314338772323,3,-40.669211148658505
18.906,0.11526750000000001,-0.1946304,10.5470253,0.7541928766202464,3,0.06594746052313753,-1.9732727891262565,3,-40.70087998244253
18.937,0.11526750000000001,-0.21101310000000004,10.5814584,0.7560695967565838,3,0.060539359236687,-1.9498637207889138,3,-40.76168859834622
18.953,0.1392039,-0.21101310000000004,10.5455538,0.7570320900423209,3,0.06015583035857249,-1.9377589072945238,3,-40.79278957937088
18.968,0.09427410000000001,-0.173637,10.5455538,0.7579423579458684,3,0.06068452690316668,-1.926396598934612,3,-40.8217707456676
18.984,0.12272310000000002,-0.1870767,10.6009803,0.7601947301412437,3,0.14077326221094233,-1.9142515022299136,3,-40.85249593047692
19.0,0.12272310000000002,-0.1870767,10.52613,0.7605669587092514,3,0.023264285500481995,-1.902085408719111,3,-40.88302662576451
19.015,0.16166880000000003,-0.1870767,10.5321141,0.7610888507402116,3,0.03479280206401219,-1.8906729901482395,3,-40.911472313756015
19.031,0.145188,-0.2140542,10.5321141,0.7616046862055104,3,0.0322397165811763,-1.878491441852675,3,-40.94162562921202
19.046,0.145188,-0.23347800000000002,10.5410412,0.7623356624998987,3,0.04873175295922091,-1.867061889237384,3,-40.969717279195194
19.062,0.1497006,-0.23347800000000002,10.5216174,0.7625767620869421,3,0.01506872419021308,-1.8548625898406879,3,-40.999492675027824
19.078,0.1392039,-0.19011780000000003,10.5216174,0.7627871851559771,3,0.01315144181468642,-1.8426596782627458,3,-41.02907285317265
19.093,0.1392039,-0.2065986,10.529073,0.7631818450634249,3,0.026310660496519204,-1.8312149105360997,3,-41.05662691258864
19.109,0.15421320000000002,-0.2065986,10.4228307,0.7609814872088947,3,-0.13752236590812278,-1.81902160387792,3,-41.08582880470396
19.14,0.13469129999999999,-0.21101310000000004,10.4228307,0.7588303559802352,3,-0.06939132995676102,-1.7954645203084894,3,-41.141853339628845
19.156,0.1302768,-0.20355750000000003,10.5111207,0.7588795485514233,3,0.0030745356992548712,-1.7833228410722375,3,-41.17048363851989
19.171,0.142245,-0.20355750000000003,10.4962095,0.7585677382137561,3,-0.02078735584447521,-1.7719419864214982,3,-41.19714812472609
19.187,0.17510850000000003,-0.1856052,10.4962095,0.7582675321167489,3,-0.01876288106294822,-1.759807304258853,3,-41.22540211905154
19.203,0.17510850000000003,-0.18109260000000002,10.518674400000002,0.7585204930754319,3,0.015810059917688656,-1.7476730000573168,3,-41.25346196148606
19.218,0.1437165,-0.18109260000000002,10.563506100000001,0.7598488768196532,3,0.0885589162814156,-1.7362852297831033,3,-41.279591648209866
19.234,0.13469129999999999,-0.205029,10.563506100000001,0.7611526281090679,3,0.08148445558841176,-1.724117217743672,3,-41.307274867790085
19.25,0.13469129999999999,-0.19610190000000002,10.5470253,0.7620185789578784,3,0.05412192805066037,-1.711931848087138,3,-41.33476326031673
19.281,0.1482291,-0.19610190000000002,10.508177700000001,0.7619205922696715,3,-0.0031608609099010973,-1.6883107909331119,3,-41.38746702122154
19.296,0.1437165,-0.20208600000000002,10.508177700000001,0.7618262315514244,3,-0.0062907145498056595,-1.6768826897544533,3,-41.4127059723267
19.312,0.1392039,-0.2006145,10.5171048,0.7619496789765368,3,0.007715464069523417,-1.6646924824702283,3,-41.4394385737045
19.328,0.1392039,-0.173637,10.506608100000001,0.7618024514009001,3,-0.009201723477293325,-1.65250246542721,3,-41.465976133287676
19.343,0.11673900000000001,-0.173637,10.572531300000001,0.7632597085649611,3,0.09715047760406142,-1.6410644992274657,3,-41.49067788552259
19.359,0.10928340000000002,-0.17667810000000003,10.515633300000001,0.7632932212827015,3,0.0020945448587770133,-1.628852075788683,3,-41.51683721812272
19.375,0.13469129999999999,-0.17667810000000003,10.4797287,0.7624575781367273,3,-0.05222769662339164,-1.6166460693933289,3,-41.54280120328417
19.39,0.1317483,-0.1571562,10.4797287,0.7616338219748062,3,-0.05491707746140435,-1.6052153838924919,3,-41.56696516418381
19.406,0.1317483,-0.205029,10.5979392,0.7637327420264146,3,0.13118250322553873,-1.5930124513804835,3,-41.592550986865994
19.421,0.11978010000000001,-0.205029,10.4902254,0.7631505058756005,3,-0.03881574338760501,-1.581560827021218,3,-41.61636028645401
19.437,0.15421320000000002,-0.1990449,10.5335856,0.7636478877215218,3,0.031086365370077546,-1.5693464398724397,3,-41.641567544589165
19.453,0.18413369999999998,-0.16166880000000003,10.5335856,0.7641292510513438,3,0.03008520811387581,-1.5571242227622581,3,-41.66657930989024
19.468,0.18413369999999998,-0.2065986,10.5321141,0.7645821461816293,3,0.030193008685703446,-1.5456588872830104,3,-41.689850183215576
19.5,0.17667810000000003,-0.2065986,10.4452956,0.7629040677761108,3,-0.0524399501724559,-1.5212191078596866,3,-41.73892023113786
19.515,0.1466595,-0.15421320000000002,10.4452956,0.7612335274204902,3,-0.11136935704136453,-1.5097880758957116,3,-41.761652785016025
19.531,0.1466595,-0.1526436,10.4931684,0.7607705604018591,3,-0.028935438664449,-1.4976120431931341,3,-41.78571198596873
19.546,0.10928340000000002,-0.1526436,10.5111207,0.7607455605771314,3,-0.0016666549818466416,-1.4862006722857912,3,-41.808090581334824
19.562,0.10477080000000001,-0.21552570000000001,10.5111207,0.7607469047668349,3,8.401185647154589e-05,-1.4740287325630381,3,-41.831772416573614
19.578,0.10477080000000001,-0.16765290000000002,10.5785154,0.7623704224450893,3,0.10146985489091216,-1.4618437939453441,3,-41.85525939678568
19.593,0.145188,-0.16765290000000002,10.5335856,0.7628703793555882,3,0.033330460699923174,-1.4504044879318385,3,-41.877101258899756
19.609,0.11978010000000001,-0.2274939,10.4991525,0.7625381378829719,3,-0.02076509203851929,-1.4382012197939287,3,-41.900210104561566
19.625,0.113796,-0.20355750000000003,10.4991525,0.7622003955555829,3,-0.021108895461810044,-1.4260033115264217,3,-41.92312374081212
19.64,0.113796,-0.19610190000000002,10.5201459,0.7623793456882613,3,0.011930008845221137,-1.4145689634670924,3,-41.944428032874576
19.656,0.1362609,-0.19610190000000002,10.4782572,0.7615390300312477,3,-0.0525197285633552,-1.4023776164613377,3,-41.966963605514
19.671,0.16166880000000003,-0.17510850000000003,10.4782572,0.7607189501735441,3,-0.05467199051357152,-1.3909606816098015,3,-41.98791364274954
19.687,0.16166880000000003,-0.1586277,10.5021936,0.7604961509868673,3,-0.013924949167297248,-1.3787909608005169,3,-42.01007165588882
19.718,0.1646118,-0.1930608,10.4842413,0.7598562257222756,3,-0.020642750470699748,-1.355225498961526,3,-42.052448911015134
19.734,0.1646118,-0.1990449,10.5141618,0.7599641844321443,3,0.006747419366791929,-1.3430669356802893,3,-42.07403525049227
19.75,0.1646118,-0.1990449,10.5814584,0.7617103985719194,3,0.10913838373595255,-1.3308935390162582,3,-42.09542693428984
19.765,0.11673900000000001,-0.21709530000000002,10.466190899999999,0.7605965264409331,3,-0.07425814206574637,-1.3194762370786612,3,-42.115304707610555
19.781,0.1002582,-0.21709530000000002,10.466190899999999,0.7595056559825437,3,-0.06817940364934523,-1.3073154196192747,3,-42.13631904086414
19.796,0.1002582,-0.16912439999999998,10.563506100000001,0.7607929356151644,3,0.08581864217470692,-1.2959131801822914,3,-42.15584325536265
19.812,0.09584369999999999,-0.16912439999999998,10.503665100000001,0.7605885308446219,3,-0.012775298158905449,-1.2837421284506116,3,-42.17648049783171
19.828,0.0898596,-0.23347800000000002,10.503665100000001,0.760417895943748,3,-0.01066468130461857,-1.271574077036306,3,-42.196923027475606
19.843,0.0898596,-0.2140542,10.5230889,0.7607149686794052,3,0.019804849043817026,-1.2601655805516319,3,-42.21591107490752
19.859,0.1437165,-0.2140542,10.557522,0.7618589508423597,3,0.07149888518464297,-1.2479849891954564,3,-42.2359762794655
19.875,0.1571562,-0.21552570000000001,10.557522,0.7629804303686427,3,0.07009247039269856,-1.2357862741457697,3,-42.255846449572225
19.89,0.1571562,-0.18413369999999998,10.500624,0.7626726793458332,3,-0.020516734853969543,-1.2243438758229106,3,-42.27429742569699
19.921,0.09878670000000002,-0.18413369999999998,10.536626700000001,0.7632330298557424,3,0.018075822900297897,-1.2006923373302871,3,-42.311885487000865
19.937,0.1466595,-0.1946304,10.5440823,0.7639797056584055,3,0.04666723766643709,-1.1884746354461726,3,-42.33099882278308
19.953,0.16765290000000002,-0.2006145,10.5051366,0.7637689319518977,3,-0.013173356656738584,-1.1762526463452916,3,-42.34991664103741
19.968,0.1646118,-0.2006145,10.530642600000002,0.7641840347214668,3,0.02767351797127436,-1.1647929990952408,3,-42.36747448337822
19.984,0.1377324,-0.21258269999999999,10.530642600000002,0.7645853296349845,3,0.025080932094853594,-1.152562844180388,3,-42.38601333012443
20.0,0.1377324,-0.1631403,10.3898691,0.761522544342359,3,-0.19142408078911433,-1.1403539811885706,3,-42.40435666472738
20.015,0.142245,-0.1631403,10.475216099999999,0.7606171300328644,3,-0.060360953966307404,-1.128937933630756,3,-42.42137635408853
20.031,0.142245,-0.19757340000000004,10.475216099999999,0.7597482552922905,3,-0.05430467128587123,-1.116775010548156,3,-42.43934205764196
20.062,0.142245,-0.2006145,10.452751200000002,0.7583542088544863,3,-0.04496923992916316,-1.093244422353879,3,-42.47359735885194
20.078,0.1631403,-0.2350476,10.4153751,0.7561078323098513,3,-0.14039853403970284,-1.0811287260245657,3,-42.490992344038965
20.093,0.16912439999999998,-0.2350476,10.4318559,0.754320388322812,3,-0.11916293246928474,-1.0698005143698202,3,-42.507124313341926
20.109,0.1511721,-0.17069399999999998,10.4318559,0.7525393057867351,3,-0.11131765850479344,-1.0577456368169424,3,-42.52414468255142
20.125,0.1511721,-0.23200650000000003,10.4213592,0.7505745928780616,3,-0.12279455679210757,-1.0457207256276253,3,-42.54097241345098
20.14,0.0973152,-0.23200650000000003,10.437840000000001,0.7490439981074317,3,-0.1020396513753221,-1.0344735861952337,3,-42.556573870789656
20.156,0.11821050000000001,-0.19757340000000004,10.437840000000001,0.7475387177250639,3,-0.09408002389800145,-1.022500924468575,3,-42.573029666874966
20.171,0.1646118,-0.21101310000000004,10.3749579,0.744558690963764,3,-0.19866845075331416,-1.0113101939034084,3,-42.588283250262755
20.187,0.1302768,-0.1915893,10.3749579,0.741630260598626,3,-0.18302689782110532,-0.999420682290908,3,-42.60436909727231
20.203,0.1302768,-0.18266220000000002,10.289610900000001,0.7366881856500136,3,-0.30887968428831086,-0.9875941347209203,3,-42.6202652158084
20.218,0.18266220000000002,-0.173637,10.2881394,0.7318463835608373,3,-0.32278680594507336,-0.9765801254518384,3,-42.6349965227597
20.234,0.1362609,-0.173637,10.316588399999999,0.7277988562669151,3,-0.25297045587011013,-0.964902963533215,3,-42.65052838747158
20.265,0.1661814,-0.18413369999999998,10.316588399999999,0.7238651814484367,3,-0.12689273607995308,-0.942402170948628,3,-42.68009161705605
20.281,0.1661814,-0.20954160000000002,10.3001076,0.7196374345037473,3,-0.2642341840431175,-0.9308541500210118,3,-42.695077667623806
20.296,0.15568469999999998,-0.20954160000000002,10.232712900000001,0.7138655625045587,3,-0.3847914666125591,-0.9201028775434491,3,-42.70895984533054
20.328,0.10928340000000002,-0.1631403,10.2761712,0.7092589790324979,3,-0.14395573350189914,-0.8973328848788562,3,-42.738038817529294
20.328,0.12272310000000002,-0.1631403,10.2626334,0.7044383258957811,3,0.0,-0.8973328848788562,3,-42.738038817529294
20.359,0.1272357,-0.19610190000000002,10.2626334,0.6997506574412728,3,-0.15121511143574004,-0.8755679556371302,3,-42.765518780557294
20.375,0.1272357,-0.20954160000000002,10.268617500000001,0.6953297109655132,3,-0.2763091547350076,-0.8644073126898771,3,-42.77943858270391
20.39,0.11978010000000001,-0.1870767,10.244681100000001,0.6904201492390474,3,-0.3273041150977102,-0.8540141887383426,3,-42.79232674396462
20.406,0.1482291,-0.1870767,10.270187100000001,0.6862613360393333,3,-0.259925824982161,-0.8430007368561168,3,-42.805902863369376
20.421,0.1511721,-0.1946304,10.270187100000001,0.6822084260664596,3,-0.27019399819156736,-0.8327372136403229,3,-42.8184708979981
20.437,0.1511721,-0.20355750000000003,10.1893527,0.6762876218153107,3,-0.37005026569676713,-0.8218692452572676,3,-42.83170774966928
20.453,0.11821050000000001,-0.20355750000000003,10.249193700000001,0.6719597528641721,3,-0.2704918094461904,-0.8110832662598328,3,-42.84477136976141
20.468,0.1078119,-0.2274939,10.249193700000001,0.6677469192382723,3,-0.28085557505997255,-0.8010354662190642,3,-42.856862260255
20.484,0.1078119,-0.2215098,10.237225500000001,0.6633418186458435,3,-0.27531878702677065,-0.7903867563159901,3,-42.86959363803528
20.5,0.1317483,-0.2215098,10.1758149,0.6575536461459226,3,-0.36176078124509725,-0.7798195925976571,3,-42.88215528882659
20.515,0.1317483,-0.21552570000000001,10.1758149,0.6519035153281916,3,-0.37667538784872073,-0.7699986638866009,3,-42.89377892575022
20.546,0.1317483,-0.18266220000000002,10.1609037,0.6460119156567714,3,-0.19005160230388365,-0.7498809747063347,3,-42.917337060148405
20.562,0.1317483,-0.21258269999999999,10.181799000000002,0.6407876905985379,3,-0.32651406613955725,-0.7395865778562911,3,-42.92925280056891
20.578,0.1392039,-0.21258269999999999,10.112932800000001,0.6340141674650575,3,-0.4233451958425749,-0.7293881629917834,3,-42.941004598495695
20.593,0.1362609,-0.205029,10.112932800000001,0.6274010720578787,3,-0.4408730271452369,-0.719927548695361,3,-42.95187446633335
20.609,0.1362609,-0.2274939,10.092037500000002,0.6204515190996567,3,-0.4343470598888246,-0.7099447279660996,3,-42.96331344454664
20.625,0.1392039,-0.2140542,10.150407,0.6150884717221885,3,-0.335190461091798,-0.700060408039526,3,-42.974593485634685
20.64,0.1392039,-0.2230794,10.1114613,0.6089113934566264,3,-0.4118052177041264,-0.6908804090506845,3,-42.98502554176286
20.656,0.17667810000000003,-0.2230794,10.081540799999999,0.60216976854832,3,-0.42135155676919145,-0.681191759754646,3,-42.9960021191133
20.671,0.16166880000000003,-0.2006145,10.081540799999999,0.5955749231659198,3,-0.4396563588266696,-0.6722086745667888,3,-43.00615262237071
20.687,0.16166880000000003,-0.16912439999999998,10.0875249,0.5892727621809826,3,-0.3938850615585302,-0.6627298930840125,3,-43.01683213091192
20.718,0.1946304,-0.173637,10.0965501,0.5833604287699199,3,-0.19072043261493238,-0.6445540786242743,3,-43.0370950324734
20.734,0.145188,-0.173637,10.0380825,0.5761463321718914,3,-0.45088103737673196,-0.6352780245367388,3,-43.04733368929869
20.75,0.1482291,-0.2290635,10.0380825,0.569136381002151,3,-0.43812194810881994,-0.6261157628313474,3,-43.05742483959763
20.765,0.1482291,-0.18413369999999998,10.0784997,0.5632603705960726,3,-0.3917340270718809,-0.6176227871943604,3,-43.06675287872282
20.781,0.1497006,-0.18413369999999998,10.0306269,0.5563609036619379,3,-0.43121668338346497,-0.6086658170002973,3,-43.07656318755638
20.796,0.11978010000000001,-0.1990449,10.0306269,0.5496268608851533,3,-0.4489361851189548,-0.6003709087661938,3,-43.08563096299963
20.812,0.18413369999999998,-0.21101310000000004,10.0097316,0.5425773557518934,3,-0.44059407082869884,-0.5916332750330965,3,-43.09516699647003
20.828,0.11821050000000001,-0.18864630000000002,10.0097316,0.5356646271780274,3,-0.43204553586666844,-0.5830073391696581,3,-43.104564121383646
20.843,0.11821050000000001,-0.23799060000000002,9.967744800000002,0.5279224362810258,3,-0.5161460598000922,-0.5750304361937149,3,-43.11324940469887
20.875,0.1212516,-0.1796211,10.0380825,0.5220553072277507,3,-0.18334778291484427,-0.5582307922975744,3,-43.13138158435473
20.89,0.173637,-0.1796211,9.945279900000001,0.5140872703416193,3,-0.5312024590754104,-0.5504597229658039,3,-43.139696763219206
20.906,0.1466595,-0.22455090000000003,9.945279900000001,0.5063252437359171,3,-0.4851266628564367,-0.5422964228531846,3,-43.148438812385756
20.921,0.1466595,-0.17510850000000003,9.9378243,0.498546516227492,3,-0.5185818338949884,-0.5347598846534587,3,-43.156516734692055
20.937,0.16912439999999998,-0.17510850000000003,9.9408654,0.49104036766900805,3,-0.4691342849051957,-0.5268431895822858,3,-43.16500955928594
20.953,0.1631403,-0.2290635,9.9408654,0.48374160043590564,3,-0.45617295206895087,-0.5190449338374473,3,-43.1733766642733
20.968,0.1392039,-0.2140542,9.8854389,0.47525240326626417,3,-0.5659464779760767,-0.5118524788096808,3,-43.181108394868154
21.0,0.1392039,-0.20954160000000002,9.8854389,0.466967902325786,3,-0.2588906543899425,-0.49677695392020854,3,-43.197246465791835
21.015,0.11978010000000001,-0.2215098,9.955776600000002,0.4606006220296308,3,-0.42448535307699636,-0.4898201899875427,3,-43.204645944371144
21.031,0.11978010000000001,-0.18413369999999998,9.9378243,0.45393232063123534,3,-0.41676883739976284,-0.48250392644625656,3,-43.21242453730262
21.046,0.16019730000000001,-0.18413369999999998,9.8674866,0.445725510331318,3,-0.5471206866611341,-0.47575649271403714,3,-43.21961149044632
21.062,0.145188,-0.1631403,9.8674866,0.43770419512483727,3,-0.5013322004049908,-0.4686890550703871,3,-43.2271670548286
21.078,0.145188,-0.1930608,9.874942200000001,0.4300734794031982,3,-0.47691973260249576,-0.4617468336741636,3,-43.23461054193855
21.093,0.1466595,-0.1930608,9.895935600000001,0.4231412891131221,3,-0.4621460193383878,-0.45534772291029096,3,-43.24148875111293
21.125,0.1482291,-0.2499588,9.895935600000001,0.4164097988872939,3,-0.21035906955713093,-0.4419149055022843,3,-43.25584495316753
21.14,0.1482291,-0.18413369999999998,9.888480000000001,0.4096254989450685,3,-0.4522866628150097,-0.43571964076854136,3,-43.26242721226456
21.156,0.1661814,-0.21709530000000002,9.839037600000001,0.40182448388757486,3,-0.4875634410934064,-0.4292280409058809,3,-43.26934679371796
21.171,0.10477080000000001,-0.20208600000000002,9.895935600000001,0.3955727116899297,3,-0.41678481317632865,-0.4232475619390494,3,-43.27574036073929
21.187,0.10477080000000001,-0.2006145,9.8151012,0.38750164061767656,3,-0.5044419420157644,-0.41698296712058786,3,-43.28246220497177
21.203,0.11821050000000001,-0.2006145,9.8405091,0.38025067841257254,3,-0.45318513781905095,-0.4108409485683465,3,-43.28908479629728
21.218,0.1511721,-0.20208600000000002,9.8405091,0.3731883036301138,3,-0.47082498549723195,-0.4051901562030262,3,-43.295205029583066
21.25,0.1511721,-0.1586277,9.788123700000002,0.3650013862354271,3,-0.2558411685839588,-0.39337912116517754,3,-43.307982138020954
21.265,0.16765290000000002,-0.1586277,9.8196138,0.3577885331156523,3,-0.48085687465163646,-0.38795819677004423,3,-43.31384216790547
21.281,0.19757340000000004,-0.2274939,9.8196138,0.35079818059940493,3,-0.43689703226550786,-0.3822895030603244,3,-43.320004149504115
21.296,0.1571562,-0.205029,9.8405091,0.34445792953076193,3,-0.4226834045761839,-0.37707508223434794,3,-43.32569938389383
21.312,0.1317483,-0.24701580000000004,9.8405091,0.3382867378501775,3,-0.38569948003648447,-0.3716131248952998,3,-43.33168888955087
21.343,0.1631403,-0.16912439999999998,9.8225568,0.331799639516106,3,-0.20926123658295842,-0.3612267860461228,3,-43.34304790817046
21.359,0.1631403,-0.2679111,9.7372098,0.32344377898914445,3,-0.5222412829350402,-0.35598483869808023,3,-43.348785601168416
21.375,0.10477080000000001,-0.2679111,9.752219100000001,0.3156380651530597,3,-0.48785711475535054,-0.3508721839449432,3,-43.35444045734956
21.39,0.0777933,-0.2274939,9.752219100000001,0.3079915486918665,3,-0.5097677640795265,-0.34619496184110604,3,-43.359668460942956
21.406,0.0777933,-0.17069399999999998,9.7821396,0.30123289074770376,3,-0.42241612151021835,-0.34132116632559,3,-43.36516858996829
21.421,0.15421320000000002,-0.18109260000000002,9.836094600000001,0.295981324440481,3,-0.3501044204815059,-0.33684205971167847,3,-43.37025481416357
21.437,0.15421320000000002,-0.2140542,9.759674700000001,0.28901076360603284,3,-0.4356600521529598,-0.33216212300730585,3,-43.37560684762533
21.453,0.142245,-0.2140542,9.7911648,0.28297357047240723,3,-0.377324570851642,-0.32758624833467886,3,-43.38088483459606
21.468,0.1646118,-0.20355750000000003,9.7911648,0.2770867135911672,3,-0.39245712541598654,-0.3233857962042019,3,-43.385767124930105
21.484,0.1781496,-0.2080701,9.723770100000001,0.2697084028059624,3,-0.4611444240752477,-0.31901143527302434,3,-43.39090630278192
21.515,0.1781496,-0.19757340000000004,9.774684,0.2637460531549358,3,-0.19233385971054287,-0.31074289120563076,3,-43.40066749484234
21.531,0.1856052,-0.19757340000000004,9.774684,0.257932508956479,3,-0.36334651240359067,-0.3065694627087399,3,-43.40560599367365
21.546,0.1661814,-0.21856680000000003,9.774684,0.2522631320274087,3,-0.3779584619380073,-0.3027429954013606,3,-43.41017583710948
21.562,0.1661814,-0.20355750000000003,9.7417224,0.2459204807651858,3,-0.3964157038888861,-0.29875752649901943,3,-43.414987841284685
21.578,0.1482291,-0.20355750000000003,9.7447635,0.23979961328945443,3,-0.38255421723325295,-0.29487176574658275,3,-43.41973687562265
21.593,0.1437165,-0.19610190000000002,9.7447635,0.23382265933269863,3,-0.39846359711703777,-0.2913195987019165,3,-43.424133310856014
21.609,0.1437165,-0.1856052,9.7507476,0.22813238344732234,3,-0.3556422428359786,-0.2876239583596759,3,-43.42876485931251
21.625,0.1302768,-0.1856052,9.8076456,0.22396367370709847,3,-0.2605443587640209,-0.28400718990244095,3,-43.43333790849861
21.64,0.10182780000000001,-0.1930608,9.8076456,0.21989194090582664,3,-0.27144885341811115,-0.2806782727928439,3,-43.437573049468824
21.656,0.10928340000000002,-0.2215098,9.7732125,0.21509657168120633,3,-0.2997105765388028,-0.27719836469214804,3,-43.442036062568704
21.671,0.10928340000000002,-0.1946304,9.7582032,0.21003822431645958,3,-0.3372231576497706,-0.2740098537221654,3,-43.44617012420681
21.703,0.1362609,-0.2006145,9.747706500000001,0.20485854438403805,3,-0.1618649978881724,-0.26737150542295746,3,-43.45483222595313
21.718,0.1362609,-0.20355750000000003,9.708858900000001,0.19885948355515204,3,-0.3999373885923859,-0.2643436202134134,3,-43.45882008939541
21.734,0.1392039,-0.20355750000000003,9.7507476,0.19402910686862107,3,-0.3018985429081517,-0.2612005114900229,3,-43.46302444244904
21.75,0.1586277,-0.2274939,9.7507476,0.18933667655216269,3,-0.29327689477868135,-0.25813358522265695,3,-43.46717911522274
21.765,0.1586277,-0.1946304,9.7806681,0.18547087922536853,3,-0.257719821786267,-0.25532252855432536,3,-43.471030036076066
21.796,0.1392039,-0.20355750000000003,9.746235,0.18085702564821204,3,-0.1488339863598925,-0.24964444602878505,3,-43.478857024182105
21.812,0.1631403,-0.21552570000000001,9.7536906,0.17655280512220983,3,-0.26901378287510813,-0.24678516738262135,3,-43.4828284610894
21.828,0.1631403,-0.205029,9.7627158,0.1725680957524407,3,-0.24904433561059836,-0.24399220017562445,3,-43.48675468002986
21.843,0.1586277,-0.205029,9.7732125,0.16893468824371638,3,-0.24222716724827867,-0.24143092929565318,3,-43.490395353500894
21.859,0.173637,-0.1781496,9.7732125,0.16538327361029914,3,-0.22196341458855254,-0.2387563856008208,3,-43.494236852020066
21.89,0.173637,-0.23200650000000003,9.7627158,0.16169012766200375,3,-0.11913374026759799,-0.23368674788110028,3,-43.501559720589036
21.906,0.15568469999999998,-0.2140542,9.7627158,0.15806967738892475,3,-0.2262781420674625,-0.23112866944069316,3,-43.50527824392761
21.921,0.15568469999999998,-0.2200383,9.728282700000001,0.15370126377223414,3,-0.29122757444602915,-0.22879038738198437,3,-43.508727636853784
21.937,0.1302768,-0.2200383,9.7103304,0.14899258257002934,3,-0.29429257513776713,-0.226368836611246,3,-43.51236891064573
21.953,0.1212516,-0.1946304,9.7103304,0.14438266938825706,3,-0.28811957386079956,-0.22402183459557995,3,-43.515972036015384
21.968,0.1362609,-0.2215098,9.7268112,0.1403059160033937,3,-0.2717835589908798,-0.2218866702051425,3,-43.51931634980139
22.0,0.1287072,-0.2274939,9.7387794,0.13662125675037906,3,-0.11514560165670752,-0.21745583544108213,3,-43.52634582989173
22.015,0.0973152,-0.19757340000000004,9.7387794,0.13300166392808777,3,-0.24130618815274388,-0.21543366353599355,3,-43.52959250113406
22.046,0.0973152,-0.2230794,9.7672284,0.13017744745587123,3,-0.0911037571682788,-0.21135438730954234,3,-43.53620771592217
22.062,0.1631403,-0.1990449,9.749178,0.12699074954848832,3,-0.1991686192114094,-0.20929704173350724,3,-43.53957292735451
22.078,0.1631403,-0.2065986,9.759674700000001,0.12414153136406547,3,-0.1780761365264479,-0.20728798348620703,3,-43.54290560755627
22.093,0.18266220000000002,-0.2065986,9.7387794,0.12086080069877703,3,-0.21871537768588803,-0.20545046599573563,3,-43.546001145927384
22.109,0.1122264,-0.2559429,9.6938496,0.11656726194619438,3,-0.2683461720363855,-0.20355104149457565,3,-43.54927315798731
22.14,0.16166880000000003,-0.21552570000000001,9.6938496,0.11237151041947158,3,-0.13534682344267623,-0.20000249052290797,3,-43.555528237733576
22.156,0.16166880000000003,-0.2140542,9.7582032,0.10984630272925777,3,-0.15782548063838014,-0.19822474801771833,3,-43.5587140556419
22.171,0.1002582,-0.2140542,9.716314500000001,0.10634121546279474,3,-0.23367248443086022,-0.19660334163127788,3,-43.56167526631427
22.187,0.1437165,-0.20355750000000003,9.716314500000001,0.1029294214989207,3,-0.21323712274210316,-0.19492917653558398,3,-43.5648075264596
22.203,0.1437165,-0.2230794,9.7612443,0.10070673412300302,3,-0.13891796099487072,-0.19330008729060877,3,-43.56791336057021
22.218,0.1107549,-0.2230794,9.771642900000002,0.09878132503189363,3,-0.12836060607395425,-0.191803926846947,3,-43.570801640676244
22.234,0.11673900000000001,-0.2290635,9.771642900000002,0.09690795111689354,3,-0.11708586968749235,-0.19023841263775654,3,-43.57385797939212
22.25,0.11673900000000001,-0.2290635,9.788123700000002,0.09548210115737099,3,-0.08911562247016928,-0.18869929221956258,3,-43.57688948103098
22.265,0.142245,-0.2290635,9.855518400000001,0.09574240918204957,3,0.017353868311904636,-0.18726510839201688,3,-43.57970921403557
22.281,0.1497006,-0.2230794,9.7552602,0.09355130923143129,3,-0.1369437469136576,-0.1857507586447092,3,-43.58269334097186
22.296,0.18109260000000002,-0.1946304,9.7552602,0.0914117773276164,3,-0.1426354602543202,-0.1843635354955163,3,-43.58546919817791
22.312,0.18109260000000002,-0.205029,9.7507476,0.0892196023158025,3,-0.13701093823835353,-0.18291848445836878,3,-43.58840745433754
22.328,0.1377324,-0.205029,9.7447635,0.08691770445745206,3,-0.14386861614691857,-0.1815093860041829,3,-43.591322877301245
22.343,0.17510850000000003,-0.2230794,9.7447635,0.08469624501519846,3,-0.14809729615023465,-0.18022228138313798,3,-43.59403586480665
22.375,0.1915893,-0.1796211,9.740250900000001,0.08240461153375911,3,-0.07161354629497955,-0.17754866767835464,3,-43.599760199991636
22.39,0.17069399999999998,-0.2274939,9.740250900000001,0.08018378954846739,3,-0.14805479901944246,-0.1763292546702379,3,-43.60241428440925
22.406,0.17069399999999998,-0.2215098,9.707289300000001,0.07721016209302611,3,-0.1858517159651001,-0.1750701030571061,3,-43.60522547927107
22.421,0.1377324,-0.2215098,9.771642900000002,0.07586533280421826,0,-0.0896552859205205,-0.17342203684537671,3,-43.60783917032034
22.437,0.1212516,-0.19011780000000003,9.7821396,0.07478780649930528,0,-0.06734539405705366,-0.17171681173094838,3,-43.61060028110895
22.453,0.0823059,-0.19757340000000004,9.7821396,0.07373028314806973,0,-0.06609520945222887,-0.1700286670137695,3,-43.61333424493891
22.468,0.0823059,-0.1930608,9.7656588,0.07229447786826704,0,-0.09572035198684259,-0.16843348130614694,3,-43.61587271105131
22.484,0.142245,-0.1930608,9.717786,0.06974321984858811,0,-0.15945362622991502,-0.16679717972441196,3,-43.618554556339554
22.5,0.15421320000000002,-0.2215098,9.717786,0.06727343433777122,0,-0.1543615944260727,-0.1652010464909212,3,-43.62121054214928
22.515,0.15421320000000002,-0.2200383,9.7387794,0.06537491138390195,0,-0.12656819692461355,-0.16370618389800862,3,-43.62367734637719
22.531,0.1511721,-0.2200383,9.806076000000001,0.06516229971869159,0,-0.013288229075648993,-0.16216188620918798,3,-43.62628429093805
22.546,0.1377324,-0.24103170000000002,9.806076000000001,0.06496207979223456,0,-0.013347995097134406,-0.160685953362856,3,-43.62870564973484
22.578,0.1377324,-0.20954160000000002,9.764187300000001,0.06372776403272162,0,-0.03857236748477929,-0.1581269158616567,3,-43.63380665564243
22.593,0.1482291,-0.20954160000000002,9.7567317,0.06234552016708683,0,-0.09214959104231593,-0.1566813662301581,3,-43.63616771775812
22.609,0.1646118,-0.16912439999999998,9.7971489,0.06196976843117952,0,-0.023484483494204546,-0.15518684392137186,3,-43.638662663439334
22.625,0.1362609,-0.2215098,9.7971489,0.06161803099480245,0,-0.021983589773568936,-0.15369814152596412,3,-43.64113374332291
22.64,0.1362609,-0.20355750000000003,9.818044200000001,0.06177485955547013,0,0.010455237377844716,-0.15227269484683703,3,-43.643428524595706
22.656,0.11821050000000001,-0.20355750000000003,9.7252416,0.05965933774649379,0,-0.1322201130610358,-0.15080122126842144,3,-43.64585311592463
22.671,0.19757340000000004,-0.2274939,9.7252416,0.05763976139056659,0,-0.13463842372847487,-0.14942147802489344,3,-43.64810478616933
22.687,0.19757340000000004,-0.1990449,9.698362200000002,0.05499891148985725,0,-0.16505311879431536,-0.14802036864184995,3,-43.65048432094266
22.703,0.17069399999999998,-0.1990449,9.7252416,0.053065386566219175,0,-0.12084530772739298,-0.14665585425740144,3,-43.652841730725854
22.718,0.19757340000000004,-0.2514303,9.7252416,0.05122100607469271,0,-0.12295869943509301,-0.14537370631259455,3,-43.65503195243013
22.734,0.19757340000000004,-0.21856680000000003,9.6938496,0.04863694542280683,0,-0.1615037907428493,-0.14407484270061446,3,-43.65734754082224
22.75,0.173637,-0.2484873,9.7372098,0.04717936118698596,0,-0.0910990147388147,-0.1428083122477362,3,-43.65964260606182
22.765,0.1511721,-0.17510850000000003,9.7567317,0.04618528830366486,0,-0.06627152555473718,-0.1416080773765563,3,-43.661775728984004
22.781,0.1511721,-0.19757340000000004,9.7926363,0.046101361043666245,0,-0.005245453749914164,-0.14036978418177776,3,-43.66403155187647
22.812,0.12272310000000002,-0.19757340000000004,9.7686999,0.04542613037830279,0,-0.021781634366561494,-0.13845110806473712,3,-43.66835327570629
22.828,0.1362609,-0.24397470000000002,9.7686999,0.044797312791747146,0,-0.0393010991597319,-0.1372293205193768,3,-43.67055871913496
22.859,0.11821050000000001,-0.2290635,9.740250900000001,0.04347566200135411,0,-0.04263389646428825,-0.13536108941008362,3,-43.67478387048887
22.875,0.1302768,-0.23200650000000003,9.740250900000001,0.04219169754633967,0,-0.08024777843841142,-0.13417575053370215,3,-43.676940165208414
22.89,0.1302768,-0.18413369999999998,9.707289300000001,0.04011038927741062,0,-0.13875388459526472,-0.133058484882524,3,-43.67894442197404
22.906,0.173637,-0.23347800000000002,9.728282700000001,0.03863407713672018,0,-0.09226950879316259,-0.13192852915121103,3,-43.68106431808631
22.921,0.16765290000000002,-0.1721655,9.7612443,0.03796374456693563,0,-0.04468883798563488,-0.1308540454884336,3,-43.6830351873961
22.953,0.16765290000000002,-0.19610190000000002,9.783611100000002,0.03786611260609618,0,-0.0030509987762328246,-0.1291407677736651,3,-43.687195104408296
22.968,0.1466595,-0.19610190000000002,9.806076000000001,0.03831039295226368,0,0.029618689744499056,-0.12806944398197737,3,-43.689124180996465
22.984,0.1406754,-0.1946304,9.806076000000001,0.038740984677804846,0,0.026911982846319668,-0.12695303296093674,3,-43.69116436081201
23.0,0.1406754,-0.21101310000000004,9.7971489,0.038951674827529814,0,0.013168134357811952,-0.12583149168489413,3,-43.69318663700918
23.015,0.1781496,-0.21101310000000004,9.7342668,0.03763899592618358,0,-0.08751192675641212,-0.12475706165424125,3,-43.69506605115922
23.031,0.1482291,-0.21856680000000003,9.7342668,0.03635016782898859,0,-0.08055175607469599,-0.12366514834419992,3,-43.69705342883921
23.046,0.1482291,-0.258984,9.7552602,0.03562873937735134,0,-0.04809523010914828,-0.12262530654015236,3,-43.69890060725084
23.078,0.1122264,-0.2365191,9.7821396,0.035554639310648284,0,-0.0023156270844704153,-0.12098637248114436,3,-43.702798394115185
23.093,0.10182780000000001,-0.21258269999999999,9.7821396,0.03546617530439633,0,-0.005897600416796691,-0.11995371637153149,3,-43.70460544478158
23.125,0.16019730000000001,-0.2559429,9.7791966,0.03535249918870598,0,-0.003552378615323534,-0.11832061757964185,3,-43.708417834124795
23.14,0.1511721,-0.19011780000000003,9.7791966,0.03520149119059823,0,-0.010067199873849212,-0.11729146265179705,3,-43.71018492472653
23.156,0.1511721,-0.2065986,9.717786,0.03356501379470345,0,-0.10227983724343542,-0.11624133061191469,3,-43.71205318707264
23.171,0.12272310000000002,-0.2065986,9.803133,0.03403967876666769,0,0.03164433146428179,-0.11523429541770439,3,-43.713789254267866
23.187,0.16019730000000001,-0.19610190000000002,9.803133,0.03451069478264834,0,0.029438500998787455,-0.1141858924293098,3,-43.71562461577064
23.203,0.16019730000000001,-0.1990449,9.7268112,0.03311079836946007,0,-0.08749352582427669,-0.113144920484093,3,-43.71744326227395
23.218,0.17667810000000003,-0.1990449,9.723770100000001,0.03167785872319229,0,-0.09552930975118194,-0.11215900555589808,3,-43.71913304171925
23.234,0.11978010000000001,-0.20355750000000003,9.723770100000001,0.030260998723624866,0,-0.08855374997295393,-0.1111634946963235,3,-43.72091962172127
23.25,0.15568469999999998,-0.2394621,9.723770100000001,0.028911037864505218,0,-0.08437255369498728,-0.1101901184036185,3,-43.72269045062607
23.265,0.15568469999999998,-0.20355750000000003,9.788123700000002,0.029143120248242838,0,0.015472158915840719,-0.10925471221777289,3,-43.72433628685573
23.281,0.142245,-0.20355750000000003,9.735738300000001,0.028087275553902558,0,-0.06599029339627477,-0.10829686905135577,3,-43.72607669950588
23.296,0.13469129999999999,-0.205029,9.735738300000001,0.027055316549052577,0,-0.0687972669899961,-0.1073832996105836,3,-43.72769430077085
23.312,0.13469129999999999,-0.205029,9.7821396,0.0271799089040492,0,0.007787022187288012,-0.10644941780695874,3,-43.72940496251019
23.328,0.11673900000000001,-0.205029,9.683352900000001,0.02488711289075418,0,-0.1432997508309544,-0.10553288163260036,3,-43.7311008209057
23.359,0.11821050000000001,-0.23799060000000002,9.683352900000001,0.02266905822170706,0,-0.07155015061441779,-0.10429576098035714,3,-43.73435316486621
23.375,0.11821050000000001,-0.1870767,9.7806681,0.02285078367334492,0,0.011357840727367481,-0.10343160224519676,3,-43.73601498377201
23.39,0.17069399999999998,-0.1870767,9.7866522,0.023192881783668184,0,0.0228065406882167,-0.10258627475426915,3,-43.737560117849505
23.406,0.15568469999999998,-0.21258269999999999,9.7806681,0.023387331065809036,0,0.012153080133804568,-0.10171363305147338,3,-43.73919451711195
23.421,0.1212516,-0.19610190000000002,9.7806681,0.023556756243154453,0,0.011295011823027369,-0.10086155239665615,3,-43.74071383100281
23.437,0.1212516,-0.20208600000000002,9.7327953,0.022557730478943938,0,-0.062439110263150195,-0.09999263650287932,3,-43.742320664514004
23.453,0.15421320000000002,-0.20208600000000002,9.8016615,0.02327353928253295,0,0.044738050224318246,-0.09912598634478753,3,-43.74391361349679
23.468,0.11978010000000001,-0.20355750000000003,9.8016615,0.023960897213024523,0,0.045823862032769745,-0.09827172807107085,3,-43.74539409635491
23.484,0.142245,-0.23799060000000002,9.7552602,0.023526437149394397,0,-0.02715375397687987,-0.09739182939617144,3,-43.746959404814646
23.5,0.15568469999999998,-0.20954160000000002,9.7552602,0.02309166719321709,0,-0.02717312226108459,-0.0965188845614306,3,-43.74851069052631
23.515,0.15568469999999998,-0.1646118,9.764187300000001,0.02286416837255345,0,-0.015166588044242145,-0.09567421579468732,3,-43.74995213877898
23.546,0.1257642,-0.1646118,9.728282700000001,0.021756179055415714,0,-0.035741590875412226,-0.09448260040955381,3,-43.75289956943015
23.562,0.16912439999999998,-0.21709530000000002,9.7387794,0.02097225777635714,0,-0.04899507994115544,-0.09364077291489958,3,-43.754404556416745
23.578,0.18864630000000002,-0.2140542,9.7387794,0.020214557692183277,0,-0.047356255260871616,-0.0928112783911513,3,-43.75589617282719
23.593,0.18864630000000002,-0.2200383,9.7686999,0.02020803583447517,0,-0.00043479051387387114,-0.09200810893970135,3,-43.75728231823217
23.609,0.16912439999999998,-0.2200383,9.7222986,0.019061677122461873,0,-0.07164741950082296,-0.09119395123604582,3,-43.758747934713575
23.625,0.0928026,-0.23347800000000002,9.7222986,0.017925854930608054,0,-0.07098888699087151,-0.09039805097962131,3,-43.7602006707313
23.64,0.0928026,-0.1856052,9.8091171,0.01890962372647742,0,0.06558458639128861,-0.08962178488969316,3,-43.76155081950032
23.671,0.1721655,-0.23200650000000003,9.764187300000001,0.018824245015034435,0,-0.002754151982031878,-0.08853690992419974,3,-43.76431227926994
23.687,0.1721655,-0.1930608,9.771642900000002,0.01890206099621672,0,0.004863498823892153,-0.08773509947610972,3,-43.76572245534514
23.703,0.1526436,-0.1930608,9.7701714,0.018934189298811077,0,0.0020080189121476346,-0.08693240947374953,3,-43.76711979541674
23.718,0.1078119,-0.19610190000000002,9.723770100000001,0.017820999344626998,0,-0.07421266361226915,-0.08615674555892372,3,-43.76841796407948
23.734,0.1586277,-0.1856052,9.723770100000001,0.01674691235983161,0,-0.06713043654970412,-0.08538020226528803,3,-43.769790259662074
23.75,0.1586277,-0.21101310000000004,9.7701714,0.016842980885483527,0,0.0060042828532453855,-0.08461148311932554,3,-43.771150193145154
23.765,0.1661814,-0.21101310000000004,9.7103304,0.015480785642537853,0,-0.09081301619637483,-0.08386905487036536,3,-43.77241379718008
23.781,0.1257642,-0.205029,9.7103304,0.014133875093442327,0,-0.08418190931847963,-0.08313213758447754,3,-43.773749806719714
23.796,0.1257642,-0.205029,9.743193900000001,0.013621119841563,0,-0.034183683458620474,-0.08242397512246499,3,-43.77499147756502
23.812,0.1646118,-0.205029,9.746235,0.013209131468761015,0,-0.025749273300121226,-0.08170933311198236,3,-43.77630454403089
23.828,0.17069399999999998,-0.2200383,9.746235,0.01281772237735801,0,-0.02446306821269054,-0.08100111828121345,3,-43.77760622764204
