timestamps,acc_x,acc_y,acc_z,aAcc,aStages,aJerk,aVelocity,avStages,aHeight
0.046,0.19011780000000003,-0.34580249999999996,9.854046900000002,0.018325205877532724,0,0.0,0.0,0,0.0
0.062,0.17667810000000003,-0.33981839999999996,9.854046900000002,0.018314036235574704,0,-0.0006981026223762399,0.0,0,0.0
0.078,0.17667810000000003,-0.36669779999999996,9.854046900000002,0.018326622599408537,0,0.0007866477396145655,8.623920758472534e-05,0,6.899136606778027e-07
0.093,0.20208600000000002,-0.36669779999999996,9.8285409,0.017729266156829127,0,-0.039823762838627395,0.0,0,1.3367077175632428e-06
0.109,0.20208600000000002,-0.36669779999999996,9.8285409,0.01714647938358027,0,-0.03642417332805348,0.0001356643375797831,0,2.422022418201508e-06
0.125,0.1915893,-0.3367773,9.7806681,0.015379970834972667,0,-0.11040678428797523,0.0,0,3.5073371188397726e-06
0.14,0.1661814,-0.38621970000000005,9.7806681,0.013689756426051858,0,-0.11268096059472052,0.00011389889378589065,0,4.361578822233953e-06
0.156,0.1661814,-0.3771945,9.827069400000001,0.013162923836073759,0,-0.032927036873631216,0.0,0,5.272769972521078e-06
0.171,0.2215098,-0.3771945,9.7986204,0.01198234556730604,0,-0.07870521791784779,1.730985640824431e-05,0,5.4025938955829104e-06
0.187,0.2350476,-0.4027005000000001,9.7986204,0.010862976955094084,0,-0.06996053826324738,0.0,0,5.5410727468488645e-06
0.203,0.16166880000000003,-0.3712104,9.855518400000001,0.011090994439491908,0,0.014251092774864015,0.0,0,5.5410727468488645e-06
0.218,0.16166880000000003,-0.3712104,9.855518400000001,0.011313450521832635,0,0.014830405489381837,4.373754495406654e-05,0,5.869104334004363e-06
0.234,0.2080701,-0.39671639999999997,9.855518400000001,0.011575903799359466,0,0.016403329845426903,0.0,0,6.219004693636896e-06
0.25,0.2080701,-0.3936753,9.8255979,0.011099962227119065,0,-0.029746348265025115,0.0,0,6.219004693636896e-06
0.265,0.2394621,-0.3936753,9.8704296,0.011745308542392863,0,0.04302308768491984,7.959883850677113e-05,0,6.81599598243768e-06
0.281,0.21856680000000003,-0.3771945,9.888480000000001,0.012787247265181989,0,0.06512117017432034,0.0,0,7.45278669049185e-06
0.296,0.205029,-0.3712104,9.888480000000001,0.01379118929664891,0,0.06692946876446153,0.0,0,7.45278669049185e-06
0.312,0.205029,-0.37572300000000003,9.842078700000002,0.013644122630489974,0,-0.009191666634933418,0.0001946800545982127,0,9.010227127277554e-06
0.328,0.2394621,-0.37572300000000003,9.8240283,0.01307978625925621,0,-0.03527102320211025,0.0,0,1.0567667564063257e-05
0.343,0.2365191,-0.3652263,9.8240283,0.012517832032534315,0,-0.037463615114792945,0.00010045346290461169,0,1.1321068535847845e-05
0.359,0.2365191,-0.3427614,9.8225568,0.011914000878746833,0,-0.037739447111717714,0.0,1,1.2124696239084736e-05
0.375,0.21709530000000002,-0.3427614,9.8046045,0.010876480519026899,0,-0.06484502248249585,0.0,1,1.2124696239084736e-05
0.39,0.2215098,-0.36973890000000004,9.8046045,0.00989055786667059,0,-0.06572817682375381,0.00013398476526978176,1,1.31295819786081e-05
0.406,0.2215098,-0.39220380000000005,9.8196138,0.00931564634073112,0,-0.035931970371216836,0.0,1,1.4201460100766355e-05
0.421,0.2065986,-0.39220380000000005,9.8255979,0.008892642599555245,0,-0.028200249411725133,0.0,1,1.4201460100766355e-05
0.437,0.21101310000000004,-0.3847482,9.7956774,0.0077460201129238015,0,-0.07166390541446514,5.7305867680974495e-05,1,1.4659907042214151e-05
0.453,0.1781496,-0.39671639999999997,9.7956774,0.006623089978551988,0,-0.07018313339823828,0.0,1,1.5118353983661947e-05
0.468,0.1781496,-0.37425150000000007,9.8136297,0.005943476697666483,0,-0.04530755205903362,0.0,1,1.5118353983661947e-05
0.484,0.23200650000000003,-0.37425150000000007,9.856989900000002,0.006364371176367456,0,0.026305904918810866,0.0,1,1.5118353983661947e-05
0.5,0.20954160000000002,-0.36669779999999996,9.856989900000002,0.006755821517163696,0,0.024465646299764977,0.0,1,1.5118353983661947e-05
0.515,0.20954160000000002,-0.3936753,9.8076456,0.0059607950279900734,0,-0.05300176594490812,6.530694711359523e-05,1,1.5608156087013913e-05
0.531,0.20208600000000002,-0.3936753,9.8196138,0.005472958341787404,0,-0.030489792887666817,0.0,1,1.6130611663922674e-05
0.546,0.22455090000000003,-0.33981839999999996,9.8196138,0.0049598976415961005,0,-0.0342040466794202,0.0,1,1.6130611663922674e-05
0.562,0.22455090000000003,-0.34580249999999996,9.818044200000001,0.004426192323943923,0,-0.03335658235326108,0.0,1,1.6130611663922674e-05
0.578,0.18266220000000002,-0.34580249999999996,9.895935600000001,0.005782631135268446,0,0.0847774257077832,0.0,1,1.6130611663922674e-05
0.593,0.1915893,-0.36973890000000004,9.7686999,0.0040306590778591556,0,-0.11679813716061924,0.0,1,1.6130611663922674e-05
0.609,0.21856680000000003,-0.3891627,9.7686999,0.0023536022026018344,0,-0.10481605470358248,1.6456468187354967e-05,1,1.6262263409421514e-05
0.625,0.21856680000000003,-0.37268190000000007,9.845021700000002,0.0025614938958415934,0,0.012993230827484924,0.0,1,1.6393915154920354e-05
0.64,0.2080701,-0.37268190000000007,9.800091900000002,0.001663957432183949,0,-0.059835764243842904,0.0,1,1.6393915154920354e-05
0.656,0.2484873,-0.38023560000000006,9.800091900000002,0.0008183214130923488,0,-0.05285225119322496,0.0,1,1.6393915154920354e-05
0.671,0.2484873,-0.3278502,9.8225568,0.0004946405612145099,0,-0.021578723458522575,0.0,1,1.6393915154920354e-05
0.687,0.23053500000000002,-0.3278502,9.8704296,0.0013348499692611426,0,0.052513088002914494,0.0,1,1.6393915154920354e-05
0.703,0.2215098,-0.38621970000000005,9.8704296,0.0022009794636801416,0,0.054133093401187764,0.0,1,1.6393915154920354e-05
0.718,0.2215098,-0.38621970000000005,9.8704296,0.003045983848480205,0,0.0563336256533375,0.0,1,1.6393915154920354e-05
0.734,0.2215098,-0.3907323,9.8285409,0.002854090792469677,0,-0.011993316000657995,0.0,1,1.6393915154920354e-05
0.75,0.23053500000000002,-0.4221243,9.895935600000001,0.004345382338433623,0,0.09320572162274657,0.0,1,1.6393915154920354e-05
0.765,0.1915893,-0.3503151,9.895935600000001,0.005711774113228429,0,0.09109278498632034,0.0,1,1.6393915154920354e-05
0.781,0.1915893,-0.3503151,9.895935600000001,0.00704483925937005,0,0.08331657163385124,0.0,1,1.6393915154920354e-05
0.796,0.1915893,-0.3652263,9.8405091,0.007007841350304744,0,-0.0024665272710204036,8.712141916878378e-05,1,1.7047325798686235e-05
0.812,0.21856680000000003,-0.3652263,9.877983300000002,0.00789860034235268,0,0.05567243700299591,0.0,1,1.7744297152036506e-05
0.828,0.17667810000000003,-0.37425150000000007,9.877983300000002,0.008755443982227717,0,0.05355272749219019,0.0,1,1.7744297152036506e-05
0.843,0.17667810000000003,-0.3367773,9.843550200000001,0.008719312232543075,0,-0.002408783312309498,0.0,1,1.7744297152036506e-05
0.859,0.16765290000000002,-0.3367773,9.831582000000001,0.008388520415731904,0,-0.020674488550698183,0.00010752864010366708,1,1.8604526272865842e-05
0.875,0.20208600000000002,-0.37425150000000007,9.831582000000001,0.008114598723253152,0,-0.017120105779921943,0.0,1,1.946475539369518e-05
0.89,0.20208600000000002,-0.36669779999999996,9.8046045,0.00718303171061585,0,-0.06210446750915342,0.0,1,1.946475539369518e-05
0.906,0.24544620000000003,-0.347274,9.8046045,0.006281066532709545,0,-0.05637282361914404,0.0,1,1.946475539369518e-05
0.921,0.18864630000000002,-0.347274,9.855518400000001,0.006611259380161272,0,0.02201285649678177,5.8691051762699634e-05,1,1.9904938281915425e-05
0.937,0.1856052,-0.3817071,9.855518400000001,0.006963024619146552,0,0.021985327436579973,0.0,1,2.0374466696017022e-05
0.953,0.1856052,-0.3622833,9.888480000000001,0.008091603327256891,0,0.07053616925689664,0.0,1,2.0374466696017022e-05
0.968,0.2274939,-0.3622833,9.8225568,0.007607607019837204,0,-0.032266420494645794,0.0,1,2.0374466696017022e-05
0.984,0.24701580000000004,-0.4027005000000001,9.8225568,0.0071852505332294925,0,-0.026397280412981925,2.3809285356128987e-05,1,2.0564940978866053e-05
1.0,0.24701580000000004,-0.37572300000000003,9.800091900000002,0.0061998019434970075,0,-0.061590536858280254,0.0,1,2.0755415261715084e-05
1.015,0.2200383,-0.37572300000000003,9.8674866,0.006864889643622973,0,0.04433918000839801,0.0,1,2.0755415261715084e-05
1.031,0.1781496,-0.39818790000000004,9.8674866,0.007514627698549603,0,0.040608628432914316,0.0,1,2.0755415261715084e-05
1.046,0.1781496,-0.3622833,9.8689581,0.00815066406292786,0,0.0424024242918834,0.0,1,2.0755415261715084e-05
1.062,0.2140542,-0.3891627,9.827069400000001,0.007792870488049886,0,-0.022362098429873335,8.89489954296243e-05,1,2.146700722515208e-05
1.078,0.24397470000000002,-0.3891627,9.830012400000001,0.007532494722706673,0,-0.016273485333950774,0.0,1,2.2178599188589076e-05
1.093,0.258984,-0.3278502,9.830012400000001,0.007233340830961055,0,-0.019943592783041347,0.0,1,2.2178599188589076e-05
1.109,0.258984,-0.3367773,9.836094600000001,0.007097045425826565,0,-0.008518462820905619,0.0,1,2.2178599188589076e-05
1.125,0.23799060000000002,-0.3367773,9.803133,0.00614791711659457,0,-0.05932051932699961,4.289847416185516e-05,1,2.2521786981883916e-05
1.14,0.16765290000000002,-0.39220380000000005,9.803133,0.005236694615325277,0,-0.06074816675128661,0.0,1,2.2843525538097826e-05
1.156,0.16765290000000002,-0.3592422,9.8196138,0.00471855466772908,0,-0.03238374672476227,0.0,1,2.2843525538097826e-05
1.171,0.19610190000000002,-0.3592422,9.862974000000001,0.005282545844801589,0,0.037599411804833636,0.0,1,2.2843525538097826e-05
1.187,0.2484873,-0.3503151,9.862974000000001,0.005853727151148291,0,0.03569883164666884,0.0,1,2.2843525538097826e-05
1.203,0.2484873,-0.3831786,9.8615025,0.006404900276223202,0,0.034448320317181896,0.0,1,2.2843525538097826e-05
1.218,0.1796211,-0.37866600000000006,9.800091900000002,0.005405499809555181,0,-0.06662669777786852,5.867051428957645e-05,1,2.3283554395269645e-05
1.234,0.20208600000000002,-0.37866600000000006,9.8674866,0.006083345263625972,0,0.04236534087942442,0.0,1,2.3752918509586256e-05
1.25,0.173637,-0.36071369999999997,9.8674866,0.006715069050338585,0,0.03948273666953824,0.0,1,2.3752918509586256e-05
1.265,0.173637,-0.36826739999999997,9.776155500000002,0.005112508394576665,0,-0.10683737705079535,0.0,1,2.3752918509586256e-05
1.281,0.2365191,-0.36826739999999997,9.860031000000001,0.0056248919278658605,0,0.032023970830574705,0.0,1,2.3752918509586256e-05
1.296,0.2575125,-0.37268190000000007,9.860031000000001,0.006141634264723805,0,0.03444948912386271,1.58235692475691e-05,1,2.3871595278943027e-05
1.312,0.2575125,-0.37572300000000003,9.7866522,0.004860779272970461,0,-0.08005343698458393,0.0,1,2.399818383292358e-05
1.328,0.1870767,-0.37572300000000003,9.7851807,0.0035363248505220213,0,-0.08277840140302743,0.0,1,2.399818383292358e-05
1.343,0.18413369999999998,-0.36669779999999996,9.7851807,0.002234470661583998,0,-0.08679027926253544,0.0,1,2.399818383292358e-05
1.359,0.18413369999999998,-0.3338343,9.830012400000001,0.002028331468261868,0,-0.012883699582633122,0.0,1,2.399818383292358e-05
1.375,0.2274939,-0.36669779999999996,9.8405091,0.0021336512133576235,0,0.006582484068484711,0.0,1,2.399818383292358e-05
1.39,0.23200650000000003,-0.36669779999999996,9.9124164,0.003991115654056188,0,0.12383096271323842,0.0,1,2.399818383292358e-05
1.406,0.23200650000000003,-0.36669779999999996,9.9124164,0.005803276084007436,0,0.11326002687195293,0.0,1,2.399818383292358e-05
1.421,0.22455090000000003,-0.3936753,9.9124164,0.007592265483202354,0,0.11926595994632687,6.45640253376864e-06,1,2.4046606851926847e-05
1.437,0.22455090000000003,-0.3278502,9.862974000000001,0.008074303564194807,0,0.03012738006202828,0.0,1,2.4098258072196997e-05
1.453,0.21856680000000003,-0.3278502,9.843550200000001,0.0080679357246769,0,-0.0003979899698691721,0.0,1,2.4098258072196997e-05
1.468,0.19757340000000004,-0.344331,9.843550200000001,0.008064622209584371,0,-0.00022090100616859967,0.0,1,2.4098258072196997e-05
1.484,0.19757340000000004,-0.3771945,9.830012400000001,0.007760859020676136,0,-0.01898519930676466,8.524903572962317e-06,1,2.4166457300780694e-05
1.5,0.20208600000000002,-0.3771945,9.8136297,0.007067540659861038,0,-0.043332397550943605,0.0,1,2.423465652936439e-05
1.515,0.13469129999999999,-0.3622833,9.877983300000002,0.007917653327000451,0,0.05667417780929459,0.0,1,2.423465652936439e-05
1.531,0.13469129999999999,-0.3622833,9.877983300000002,0.008747031538844041,0,0.05183613824022432,0.0,1,2.423465652936439e-05
1.546,0.2230794,-0.3996594,9.8615025,0.009228773093783005,0,0.03211610366259731,7.677069590178442e-06,1,2.429223455129073e-05
1.562,0.2274939,-0.3996594,9.8165727,0.00860656819010508,0,-0.0388878064798703,0.0,1,2.4353651108012157e-05
1.578,0.23053500000000002,-0.3712104,9.8165727,0.007974051809160443,0,-0.03953227380903975,0.0,1,2.4353651108012157e-05
1.593,0.23053500000000002,-0.3503151,9.8794548,0.008870571975164054,0,0.05976801106690782,0.0,1,2.4353651108012157e-05
1.609,0.2200383,-0.3503151,9.8704296,0.009519458957104376,0,0.04055543637127009,5.645968569598786e-05,1,2.480532859358006e-05
1.625,0.1990449,-0.3503151,9.8704296,0.010141658627549788,0,0.038887479402838175,0.0,1,2.5257006079147963e-05
1.64,0.1990449,-0.3831786,9.855518400000001,0.010415098737402317,0,0.01822934065683543,0.0,1,2.5257006079147963e-05
1.656,0.2365191,-0.3831786,9.7971489,0.009279892700787329,0,-0.07095037728843671,2.5484238115878674e-05,1,2.5460879984074992e-05
1.671,0.2215098,-0.40417200000000003,9.7971489,0.008184379165847133,0,-0.07303423566267911,0.0,1,2.5652011769944083e-05
1.687,0.1930608,-0.36826739999999997,9.855518400000001,0.008488804964530416,0,0.019026612417705185,0.0,1,2.5652011769944083e-05
1.703,0.1930608,-0.4161402,9.821085300000002,0.007993305969277387,0,-0.030968687203314332,0.0,1,2.5652011769944083e-05
1.718,0.1287072,-0.4161402,9.830012400000001,0.007701727057515484,0,-0.01943859411746031,3.9421385330067754e-05,1,2.594767215991959e-05
1.734,0.2080701,-0.3503151,9.830012400000001,0.007387854400398908,0,-0.019617041069785995,0.0,1,2.6263043242560133e-05
1.75,0.2080701,-0.36375480000000004,9.821085300000002,0.006875996184261268,0,-0.03199113850860244,0.0,1,2.6263043242560133e-05
1.765,0.2394621,-0.36375480000000004,9.8495343,0.007087249602575341,0,0.014083561220938252,0.0,1,2.6263043242560133e-05
1.781,0.2065986,-0.3876912,9.8495343,0.007297466725827206,0,0.013138570203241594,0.0,1,2.6263043242560133e-05
1.796,0.2065986,-0.39220380000000005,9.9528336,0.010023883390630317,0,0.18176111098687253,0.00012396104157258968,1,2.7192751054354563e-05
1.812,0.2394621,-0.39220380000000005,9.951264,0.012663503144388244,0,0.1649762346098703,0.0,1,2.818443938693528e-05
1.828,0.2200383,-0.3652263,9.951264,0.015202798790845407,0,0.15870597790357252,2.8390549334606982e-05,1,2.8411563781612137e-05
1.843,0.21258269999999999,-0.37572300000000003,9.9408654,0.017432347884799526,0,0.14863660626360894,0.0,1,2.8624492901621688e-05
1.859,0.21258269999999999,-0.3891627,9.856989900000002,0.017576422187833174,0,0.009004643939602977,5.322430998300383e-05,1,2.905028738148572e-05
1.875,0.2065986,-0.3891627,9.708858900000001,0.014104589869337048,0,-0.2169895199060077,0.0,1,2.947608186134975e-05
1.89,0.2274939,-0.3652263,9.708858900000001,0.010706159488638178,0,-0.2265620253799261,0.0,1,2.947608186134975e-05
1.906,0.2274939,-0.3652263,9.728282700000001,0.007863905226745516,0,-0.17764089136829125,0.00014131354434824932,1,3.060659021613575e-05
1.921,0.2350476,-0.3652263,9.800091900000002,0.006845063533278406,0,-0.06792277956447342,0.0,1,3.166644179874763e-05
1.937,0.1796211,-0.318825,9.891423,0.008009080945514668,0,0.07275108826476633,0.0,1,3.166644179874763e-05
1.953,0.1796211,-0.318825,9.891423,0.009144707689161535,0,0.07097667147792912,7.69427495618362e-06,1,3.1727995998397096e-05
1.968,0.1721655,-0.318825,9.9093753,0.010686972809073936,0,0.10281767466082736,0.0,1,3.178570306056847e-05
1.984,0.2140542,-0.3367773,9.9093753,0.012225990688103039,0,0.09618861743931886,0.0,1,3.178570306056847e-05
2.0,0.1332198,-0.3831786,9.8225568,0.01161829547231008,0,-0.03798095098705986,3.0489875953668838e-05,1,3.2029622068197824e-05
2.015,0.1332198,-0.37572300000000003,9.8016615,0.010509181864636119,0,-0.07394090717826349,0.0,1,3.225829613785034e-05
2.031,0.1466595,-0.37572300000000003,9.7806681,0.008920195645055529,0,-0.09931163872378682,0.0,1,3.225829613785034e-05
2.046,0.1661814,-0.40113090000000007,9.7806681,0.007402161334333357,0,-0.10120228738148027,0.0,1,3.225829613785034e-05
2.062,0.1661814,-0.3562992,9.8136297,0.006682145634169245,0,-0.045000981260256936,8.69731091517334e-05,1,3.295408101106421e-05
2.078,0.20208600000000002,-0.3562992,9.907903800000001,0.008293495702632825,0,0.10070937927897364,0.0,1,3.364986588427807e-05
2.093,0.20954160000000002,-0.34580249999999996,9.907903800000001,0.009860255355079062,0,0.10445064349641492,0.0,1,3.364986588427807e-05
2.109,0.20954160000000002,-0.38621970000000005,9.8615025,0.010294562059264933,0,0.027144169011616957,4.169912093746064e-06,1,3.368322518102804e-05
2.125,0.2559429,-0.38621970000000005,9.8120601,0.009540381525658503,0,-0.047136283350401834,0.0,1,3.371658447777801e-05
2.14,0.2274939,-0.35777070000000005,9.8120601,0.008761240124297132,0,-0.05194276009075769,0.0,1,3.371658447777801e-05
2.156,0.2274939,-0.35777070000000005,9.8120601,0.008001102171748542,0,-0.04750862203428681,0.0,1,3.371658447777801e-05
2.171,0.2215098,-0.37268190000000007,9.7851807,0.0066147378987349015,0,-0.092424284867578,4.382916204479295e-05,1,3.404530319311395e-05
2.187,0.2215098,-0.37268190000000007,9.7851807,0.005262187388478168,0,-0.08453440689104579,0.0,1,3.439593648947229e-05
2.203,0.2365191,-0.37268190000000007,9.891423,0.006539856664366184,0,0.07985432974300093,0.0,1,3.439593648947229e-05
2.218,0.2575125,-0.37572300000000003,9.891423,0.007801940204405611,0,0.08413890266929444,0.0,1,3.439593648947229e-05
2.234,0.2575125,-0.36669779999999996,9.931840200000002,0.010009768339124037,0,0.1379892584199015,0.0,1,3.439593648947229e-05
2.25,0.23053500000000002,-0.36669779999999996,9.9064323,0.011528481362359955,0,0.0949195639522448,0.0001556240592411537,1,3.564092896340152e-05
2.265,0.21258269999999999,-0.4027005000000001,9.9064323,0.013034435419264412,0,0.10039693712696297,0.0,1,3.6808109407710184e-05
2.281,0.21258269999999999,-0.3547296,9.8824959,0.013875667569655192,0,0.05257700939942373,5.512675901469394e-05,1,3.724912347982774e-05
2.296,0.24103170000000002,-0.3547296,9.747706500000001,0.011427879873048497,0,-0.16318584644044987,0.0,1,3.7662574172437934e-05
2.312,0.18864630000000002,-0.3547296,9.747706500000001,0.009011659580647091,0,-0.1510137682750877,0.0,1,3.7662574172437934e-05
2.328,0.2080701,-0.3503151,9.7986204,0.007900837789003745,0,-0.06942636197770907,4.3719659421740525e-05,1,3.801233144781186e-05
2.343,0.2080701,-0.3951468000000001,9.8704296,0.008608304713275672,0,0.047164461618128053,0.0,1,3.8340228893474916e-05
2.359,0.173637,-0.3951468000000001,9.8196138,0.00804407312495492,0,-0.03526447427004694,0.0,1,3.8340228893474916e-05
2.375,0.1302768,-0.32932170000000005,9.8196138,0.007418073954839954,0,-0.03912494813218533,0.0,1,3.8340228893474916e-05
2.39,0.1302768,-0.3248091,9.8615025,0.007824709632016535,0,0.027109045145105183,3.877530443446506e-05,1,3.86310436767334e-05
2.406,0.1212516,-0.3248091,9.8151012,0.007087584887496945,0,-0.04607029653247437,0.0,1,3.894124611220912e-05
2.421,0.19011780000000003,-0.38621970000000005,9.8151012,0.006449269908427979,0,-0.042554331937931955,0.0,1,3.894124611220912e-05
2.437,0.19011780000000003,-0.3652263,9.7686999,0.0046762011094863,0,-0.11081679993385486,0.0,1,3.894124611220912e-05
2.453,0.15568469999999998,-0.3652263,9.8809263,0.005666522990329881,0,0.061895117552723755,0.0,1,3.894124611220912e-05
2.468,0.19757340000000004,-0.36375480000000004,9.8809263,0.006649615723645752,0,0.06553951555439087,2.3716672856666232e-05,1,3.911912115863412e-05
2.484,0.1796211,-0.41466870000000006,9.8196138,0.0061553934569111846,0,-0.03088889167091044,0.0,1,3.930885454148745e-05
2.5,0.1796211,-0.3876912,9.8734707,0.006958718144288056,0,0.050207792961054445,0.0,1,3.930885454148745e-05
2.515,0.24397470000000002,-0.3876912,9.8240283,0.006571475566079954,0,-0.025816171880539945,0.0,1,3.930885454148745e-05
2.531,0.258984,-0.39671639999999997,9.8240283,0.00621181671127502,0,-0.022478678425308353,0.0,1,3.930885454148745e-05
2.546,0.2724237,-0.40868460000000006,9.831582000000001,0.006065743278989899,0,-0.009738228819008269,2.689413008429703e-05,1,3.951056051711967e-05
2.562,0.2994012,-0.344331,9.831582000000001,0.00588230610933671,0,-0.011464823103324296,0.0,1,3.9725713557794046e-05
2.578,0.2994012,-0.4161402,9.851005800000001,0.006244107334634208,0,0.022612576581093592,0.0,1,3.9725713557794046e-05
2.593,0.2994012,-0.4161402,9.851005800000001,0.006597084139803755,0,0.023531787011302936,0.0,1,3.9725713557794046e-05
2.609,0.2769363,-0.4161402,9.871999200000001,0.0074368222170342335,0,0.05248362982690486,0.0,1,3.9725713557794046e-05
2.625,0.2260224,-0.37572300000000003,9.8809263,0.008402509242667833,0,0.060355439102099895,5.478467133328627e-05,1,4.0163990928460335e-05
2.64,0.19610190000000002,-0.347274,9.8809263,0.009303705607454305,0,0.060079757652430954,0.0,1,4.0574875963459986e-05
2.656,0.19610190000000002,-0.38023560000000006,9.7701714,0.007513710037464705,0,-0.11187472312434989,0.0,1,4.0574875963459986e-05
2.671,0.2006145,-0.38023560000000006,9.7971489,0.006426958770266111,0,-0.07245008447990778,0.0,1,4.0574875963459986e-05
2.687,0.16019730000000001,-0.3532581,9.7971489,0.00532396743063579,0,-0.06893695872689504,2.068303353375267e-05,1,4.074034023173001e-05
2.703,0.16019730000000001,-0.3652263,9.8165727,0.004731933327752458,0,-0.03700213143020822,0.0,1,4.0905804500000033e-05
2.718,0.1437165,-0.3652263,9.8120601,0.004038146262946185,0,-0.04625247098708447,0.0,1,4.0905804500000033e-05
2.734,0.1406754,-0.36375480000000004,9.8120601,0.00335887460959583,0,-0.04245447833439716,0.0,1,4.0905804500000033e-05
2.75,0.1406754,-0.41908320000000004,9.834525,0.003297325136912832,0,-0.003846842042687367,0.0,1,4.0905804500000033e-05
2.765,0.1302768,-0.41908320000000004,9.8405091,0.0033795951897488408,0,0.005484670189067204,0.0,1,4.0905804500000033e-05
2.781,0.1302768,-0.41908320000000004,9.8405091,0.003459858655929793,0,0.005016466636309498,0.0,1,4.0905804500000033e-05
2.796,0.1526436,-0.4027005000000001,9.830012400000001,0.0032735588436771934,0,-0.012419987483506891,0.0,1,4.0905804500000033e-05
2.812,0.1796211,-0.3891627,9.830012400000001,0.0030896259979869,0,-0.011495802855643323,0.0,1,4.0905804500000033e-05
2.828,0.1796211,-0.3847482,9.842078700000002,0.003199971039920868,0,0.006896565120872993,3.584702098252332e-05,1,4.119258066786022e-05
2.843,0.2200383,-0.3847482,9.8136297,0.0026344468239809515,0,-0.03770161439599412,0.0,1,4.146143332522915e-05
2.859,0.2634966,-0.36973890000000004,9.8136297,0.002094743916176256,0,-0.033731431737793444,0.0,1,4.146143332522915e-05
2.875,0.2634966,-0.3278502,9.839037600000001,0.0021510662355233023,0,0.0035201449591903936,0.0,1,4.146143332522915e-05
2.89,0.2365191,-0.3278502,9.806076000000001,0.0013860487381034403,0,-0.051001166494657045,0.0,1,4.146143332522915e-05
2.906,0.2724237,-0.33981839999999996,9.806076000000001,0.000672323157511201,0,-0.04460784878701492,0.0,1,4.146143332522915e-05
2.921,0.2724237,-0.3098979,9.7926363,-0.00037565520032423194,0,-0.06986522385569702,0.0,1,4.146143332522915e-05
2.937,0.3083283,-0.3098979,9.8105886,-0.0009347040732095024,0,-0.03494055455532938,0.0,1,4.146143332522915e-05
2.953,0.24103170000000002,-0.3367773,9.714843,-0.003837603606664075,0,-0.18143122084091062,0.0,1,4.146143332522915e-05
2.968,0.2200383,-0.3771945,9.714843,-0.006645650337333109,0,-0.18720311537793402,0.0,1,4.146143332522915e-05
2.984,0.2200383,-0.36375480000000004,9.6594165,-0.01074826226320269,0,-0.2564132453668486,0.0,1,4.146143332522915e-05
3.0,0.18266220000000002,-0.36375480000000004,9.6848244,-0.014150638563254603,0,-0.21264851875324434,0.0,1,4.146143332522915e-05
3.015,0.2260224,-0.3951468000000001,9.6848244,-0.01741776971957698,0,-0.2178087437548234,-5.7658005017599545e-06,1,4.141818982146595e-05
3.031,0.2260224,-0.40417200000000003,9.687865500000001,-0.02052205251202821,0,-0.19401767452820168,0.0,1,4.137206341745187e-05
3.046,0.1497006,-0.40417200000000003,9.629496000000001,-0.025008910960981012,0,-0.29912389659685984,-0.0001507666044021634,1,4.0241313884435665e-05
3.062,0.16019730000000001,-0.43262100000000003,9.629496000000001,-0.029352102380526546,0,-0.2714494637215956,-8.56547111342254e-05,1,3.834994336014455e-05
3.078,0.16019730000000001,-0.3652263,9.624983400000001,-0.033767360248326383,0,-0.27595361673748964,-9.061041216505e-05,1,3.693982237375035e-05
3.093,0.1856052,-0.3652263,9.4992192,-0.041128414375972255,0,-0.49073694184305405,-0.0001523287218472935,1,3.511777886865776e-05
3.109,0.2274939,-0.36071369999999997,9.4707702,-0.04898511620341672,0,-0.4910438642152788,-0.00037323696648240657,1,3.091325336202015e-05
3.125,0.1946304,-0.36071369999999997,9.4707702,-0.056668036788922294,0,-0.4801825365940977,-0.000718462190421119,1,2.217966010679194e-05
3.14,0.1946304,-0.33981839999999996,9.3315663,-0.06757467584316679,0,-0.7271092702829602,-0.001150282535161795,1,8.164074664919968e-06
3.156,0.2006145,-0.33981839999999996,9.3480471,-0.077810598645355,0,-0.6397451751367628,-0.0018133647310699685,1,-1.5545103464934158e-05
3.171,0.22455090000000003,-0.3547296,9.3480471,-0.08777010297704457,1,-0.6639669554459856,-0.003055219993237937,1,-5.2059488897242674e-05
3.187,0.22455090000000003,-0.3817071,9.304686900000002,-0.09851717765255152,1,-0.6716921672191839,-0.004545518238274706,1,-0.00011286539474934386
3.203,0.2394621,-0.3817071,9.2717253,-0.10979606773351058,1,-0.7049306300599405,-0.006212024201363204,1,-0.0001989257342664472
3.218,0.2274939,-0.37866600000000006,9.2717253,-0.12081024311644128,1,-0.7342783588620407,-0.007941571532737857,1,-0.00030507770227220605
3.234,0.2274939,-0.38023560000000006,9.2447478,-0.13221145063002915,1,-0.7125754695992408,-0.009965745082709622,1,-0.000448336235195786
3.25,0.23799060000000002,-0.36973890000000004,9.2043306,-0.14432318196915261,1,-0.756983208695216,-0.012178022143503078,1,-0.0006254863730054878
3.265,0.2274939,-0.36973890000000004,9.2178684,-0.15581614749977213,1,-0.7661977020412946,-0.014429067114520033,2,-0.0008250395424406628
3.281,0.21856680000000003,-0.40113090000000007,9.2178684,-0.16700208101028835,1,-0.6991208444072632,-0.01701161294260052,2,-0.0010765649828976273
3.296,0.21856680000000003,-0.40113090000000007,9.0935757,-0.18094294969354507,1,-0.929391245550468,-0.019621200672879216,3,-0.0013513110850137196
3.312,0.1990449,-0.40113090000000007,9.026181000000001,-0.19619648580688853,1,-0.9533460070839652,-0.02263831615688269,3,-0.001689387219651815
3.328,0.2006145,-0.37425150000000007,9.026181000000001,-0.21110526407704455,1,-0.9317986418847505,-0.02589673015595416,3,-0.0020776675901545104
3.343,0.2006145,-0.40417200000000003,8.991846,-0.22645537338333988,1,-1.0233406204196798,-0.02917843493690707,3,-0.002490731328350973
3.359,0.17069399999999998,-0.40417200000000003,8.9214102,-0.2431620277518558,1,-1.0441658980322446,-0.032935374145988634,3,-0.002987641801014139
3.375,0.24103170000000002,-0.40417200000000003,8.9214102,-0.2594216674636254,1,-1.0162274819855979,-0.03695604370771249,3,-0.0035467731438437486
3.39,0.24103170000000002,-0.39671639999999997,8.955843300000002,-0.27445418010304756,1,-1.0021675092948037,-0.04096011256446257,3,-0.004131144315885066
3.406,0.16019730000000001,-0.3562992,8.9259228,-0.2899346275834116,1,-0.9675279675227513,-0.04547522302595425,3,-0.004822627000608402
3.421,0.2200383,-0.3562992,8.8510725,-0.3068300419708123,1,-1.126360959160072,-0.049950958047610836,3,-0.0055383233586601245
3.437,0.2140542,-0.3487455,8.8510725,-0.32332427805008024,1,-1.0308897549542442,-0.05499219260777798,3,-0.006377868563903236
3.453,0.2140542,-0.3487455,8.8510725,-0.33941621568838976,1,-1.005746102394344,-0.06029411655768574,3,-0.007300159037226946
3.468,0.2140542,-0.34580249999999996,8.879521500000001,-0.354425331310841,1,-1.0006077081634064,-0.06549792816018002,3,-0.008243599372610946
3.484,0.23053500000000002,-0.3712104,8.789760000000001,-0.37121995883642356,1,-1.0496642203489106,-0.07130309048135813,3,-0.009338007521743252
3.5,0.23053500000000002,-0.3427614,8.825664600000001,-0.38675834900158,1,-0.9711493853222777,-0.07736691694406217,3,-0.010527367581146614
3.515,0.2260224,-0.3427614,8.8391043,-0.4015931538025992,1,-0.9889869867346034,-0.08327955321509357,3,-0.011732216107340293
3.531,0.2260224,-0.3427614,8.8391043,-0.41606613409627613,1,-0.904561268354808,-0.08982082751828459,3,-0.013117019153207319
3.546,0.20208600000000002,-0.3891627,8.8391043,-0.4301534337086892,1,-0.9391533074942242,-0.0961674742768217,3,-0.014511931416670586
3.562,0.20208600000000002,-0.3547296,8.801728200000001,-0.44484307720050076,1,-0.9181027182382221,-0.10316744636409522,3,-0.016106610781797922
3.578,0.19011780000000003,-0.3831786,8.8151679,-0.4588244678447051,1,-0.8738369152627704,-0.11039678672445688,3,-0.01781512464650634
3.593,0.18266220000000002,-0.3831786,8.7867189,-0.4731617617770407,1,-0.9558195954890338,-0.11738668344662004,3,-0.01952350067278943
3.609,0.173637,-0.3876912,8.7867189,-0.4871490010819066,1,-0.8742024565541177,-0.12506916954949163,3,-0.021463147496758327
3.625,0.173637,-0.3847482,8.7867189,-0.5007982396580104,1,-0.8530774110064857,-0.13297274747541096,3,-0.02352748283295755
3.64,0.1915893,-0.3891627,8.7747507,-0.5143922964762453,1,-0.9062704545489851,-0.14058667649641793,3,-0.025579178512746284
3.656,0.1915893,-0.3891627,8.7747507,-0.5276547909330596,1,-0.8289059035508909,-0.14892305319569238,3,-0.027895256350283167
3.671,0.1915893,-0.3831786,8.756798400000001,-0.5410375644825045,1,-0.8921849032963489,-0.15693824586130894,3,-0.030189216093210628
3.687,0.17069399999999998,-0.3831786,8.8061427,-0.5529023102159716,1,-0.7415466083416915,-0.16568976485889675,3,-0.032770240178972274
3.703,0.21709530000000002,-0.3951468000000001,8.8061427,-0.564439899277744,1,-0.7210993163607731,-0.1746285025348465,3,-0.03549278631812222
3.718,0.21709530000000002,-0.40113090000000007,8.764254,-0.5767097951043478,1,-0.817993055106918,-0.18318712524271225,3,-0.038176403526453934
3.734,0.2006145,-0.33530580000000004,8.8241931,-0.5872968781415828,1,-0.6616926898271863,-0.1924991786286797,3,-0.041181893957425074
3.75,0.1990449,-0.33530580000000004,8.8331202,-0.5974090836488131,1,-0.6320128442018896,-0.2019768263230029,3,-0.044337701997038535
3.765,0.19011780000000003,-0.38023560000000006,8.8331202,-0.6072351030075076,1,-0.6550679572462971,-0.21101165772292538,3,-0.04743511562738302
3.781,0.19011780000000003,-0.33824879999999996,8.7313905,-0.6193418619239761,1,-0.756672432279281,-0.22082427344237726,3,-0.050889803076705445
3.796,0.21552570000000001,-0.33824879999999996,8.7867189,-0.6297908929365548,1,-0.6966020675052587,-0.23019276910383105,3,-0.054272430895801936
3.812,0.2290635,-0.3876912,8.7867189,-0.6399269694965675,1,-0.633504785000793,-0.24035051200329605,3,-0.058036777144658956
3.828,0.2290635,-0.36071369999999997,8.773279200000001,-0.6501712217397912,1,-0.6402657652014859,-0.2506712975331869,3,-0.06196495162095082
3.843,0.21856680000000003,-0.36071369999999997,8.792703,-0.6596989318608539,1,-0.635180674737507,-0.26049532368519185,3,-0.06579870128008869
3.859,0.20954160000000002,-0.3487455,8.792703,-0.6690113752968863,1,-0.5820277147520198,-0.2711250061424538,3,-0.07005166391870986
3.875,0.20954160000000002,-0.3592422,8.713340100000002,-0.6800198891865161,1,-0.688032118101866,-0.281917256258321,3,-0.07447600201791606
3.89,0.23053500000000002,-0.37866600000000006,8.732862,-0.6902514218694495,1,-0.6821021788622224,-0.2921942910912408,3,-0.07878183862303781
3.906,0.2829204,-0.37866600000000006,8.773279200000001,-0.6992115440149327,1,-0.5600076340926958,-0.30330999481831583,3,-0.08354587291031426
3.921,0.1721655,-0.3817071,8.773279200000001,-0.7080198875946806,1,-0.58722290531654,-0.3138642305553877,3,-0.08817467960061694
3.937,0.1721655,-0.37268190000000007,8.7597414,-0.7169526758002771,1,-0.5582992628497814,-0.3252640110625474,3,-0.09328770553356042
3.953,0.1721655,-0.37268190000000007,8.7537573,-0.7258133846529464,1,-0.553794303291832,-0.33680613954617317,3,-0.09858426673843018
3.968,0.1796211,-0.40417200000000003,8.7537573,-0.7344202891042997,1,-0.5737936300902124,-0.3477578920993526,3,-0.10371849697577167
3.984,0.1796211,-0.39671639999999997,8.801728200000001,-0.741656992495443,1,-0.45229396194645904,-0.35956651035215054,3,-0.10937709219538369
4.0,0.16912439999999998,-0.39671639999999997,8.735805,-0.7503281986146266,1,-0.5419503824489742,-0.3715023918810311,3,-0.11522564341324915
4.015,0.1646118,-0.37572300000000003,8.735805,-0.7588126232328936,1,-0.5656283078844739,-0.3828209480448873,3,-0.12088306846269341
4.031,0.2200383,-0.36973890000000004,8.7238368,-0.7673581563930405,1,-0.5340958225091836,-0.3950303142818948,3,-0.12710587856130767
4.046,0.2200383,-0.3202965,8.7208938,-0.7758146111379602,1,-0.5637636496612946,-0.4066041100383777,3,-0.13311813674370995
4.062,0.23799060000000002,-0.3202965,8.773279200000001,-0.7827769589490892,1,-0.4351467381955572,-0.4190728425990741,3,-0.13972355236480957
4.078,0.23799060000000002,-0.3202965,8.773279200000001,-0.7895694933989716,1,-0.4245334031176547,-0.43165161421785864,3,-0.14652934801934503
4.093,0.21552570000000001,-0.34128990000000003,8.773279200000001,-0.7961912174979311,1,-0.44144827326397257,-0.44354481954958513,3,-0.15309332127260072
4.109,0.21552570000000001,-0.35777070000000005,8.8031997,-0.8019064935085183,1,-0.357204750661699,-0.4563296012376367,3,-0.1602923166388985
4.125,0.2274939,-0.35777070000000005,8.7508143,-0.8087512404343151,1,-0.42779668286230216,-0.46921486310917937,3,-0.16769667235367305
4.14,0.205029,-0.34580249999999996,8.752285800000001,-0.8154184375742428,1,-0.44447980932852243,-0.4813961356942433,3,-0.17482625484469858
4.156,0.205029,-0.34580249999999996,8.752285800000001,-0.8219230201497822,1,-0.406536410971214,-0.4944948673560355,3,-0.1826333828691008
4.171,0.24544620000000003,-0.34580249999999996,8.821152,-0.8265659029596861,1,-0.309525520660247,-0.5068585342793562,3,-0.19014353338136653
4.187,0.20954160000000002,-0.4056435,8.821152,-0.8310560118720236,1,-0.28063180702109203,-0.5201195095980087,3,-0.19835935773238544
4.203,0.23053500000000002,-0.3891627,8.756798400000001,-0.8370094611998447,1,-0.37209058298881514,-0.5334640333825836,3,-0.2067880260762302
4.218,0.23053500000000002,-0.3532581,8.777791800000001,-0.8423433385481562,1,-0.35559182322078015,-0.5460591793806934,3,-0.21488445017195462
4.234,0.18109260000000002,-0.3532581,8.7223653,-0.8489258425046913,1,-0.4114064972834393,-0.5595893328291162,3,-0.2237296382696331
4.25,0.16019730000000001,-0.3907323,8.7223653,-0.8553188193398729,1,-0.39956105219884874,-0.5732232901238726,3,-0.232792139253257
4.265,0.16019730000000001,-0.40868460000000006,8.752285800000001,-0.8608069799931606,1,-0.36587737688585587,-0.5860942336188701,3,-0.24148702068132738
4.281,0.1781496,-0.40868460000000006,8.7702381,-0.8657155352419874,1,-0.30678470305167654,-0.5999064137407514,3,-0.25097502586020437
4.296,0.20208600000000002,-0.4281084,8.7702381,-0.8704691613182032,1,-0.3169084050810391,-0.6129277989649533,3,-0.2600712824554975
4.312,0.20208600000000002,-0.34128990000000003,8.7702381,-0.8751996137923879,1,-0.2956532796365427,-0.626893149165838,3,-0.2699898500405438
4.328,0.19757340000000004,-0.34128990000000003,8.732862,-0.8807278827144653,1,-0.3455168076298417,-0.6409405691378929,3,-0.2801325197869737
4.343,0.20208600000000002,-0.4161402,8.735805,-0.885968045127111,1,-0.3493441608430533,-0.6541907885967044,3,-0.289846004969983
4.359,0.2006145,-0.3847482,8.735805,-0.8911162760191083,1,-0.3217644307498266,-0.6684074631658742,3,-0.3004267909840836
4.375,0.2006145,-0.3202965,8.8061427,-0.8944883441700568,1,-0.21075425943428686,-0.6826923001273875,3,-0.3112355890904297
4.39,0.2514303,-0.3202965,8.7463017,-0.8992043552274271,1,-0.31440073715802636,-0.6961449953728683,3,-0.3215768688066814
4.406,0.18266220000000002,-0.36669779999999996,8.7463017,-0.9038025202135138,1,-0.28738531163041675,-0.7105690503763958,3,-0.3328305811726755
4.421,0.18266220000000002,-0.3367773,8.7553269,-0.9080979365971356,1,-0.28636109224143863,-0.7241583038024763,3,-0.34359103632901744
4.437,0.21101310000000004,-0.3367773,8.7238368,-0.9130403144762163,1,-0.30889861744254316,-0.7387274098110631,3,-0.35529412203792576
4.453,0.2215098,-0.33226469999999997,8.7238368,-0.9178600226265967,1,-0.3012317593987787,-0.7533746125078856,3,-0.36723093821647734
4.468,0.2215098,-0.344331,8.7463017,-0.9220034531336605,1,-0.2762287004709248,-0.7671735885760873,3,-0.3786350497246069
4.484,0.2889045,-0.344331,8.761311000000001,-0.9256323199029097,1,-0.22680417307807657,-0.7819546747603798,3,-0.3910280758312986
4.5,0.2394621,-0.3622833,8.792703,-0.9284266361703732,1,-0.1746447667164695,-0.7967871464089661,3,-0.4036580104006534
4.515,0.2634966,-0.38621970000000005,8.792703,-0.9311112375918622,1,-0.17897342809926806,-0.8107336804621825,3,-0.4157144166021868
4.531,0.2634966,-0.38621970000000005,8.8465599,-0.9324186198728377,1,-0.08171139256096797,-0.8256419193219001,3,-0.42880542140045946
4.546,0.2200383,-0.38621970000000005,8.7672951,-0.935653873938648,1,-0.21568360438734296,-0.8396524630254868,3,-0.44129512926806536
4.562,0.1571562,-0.39220380000000005,8.7672951,-0.9388366999126347,1,-0.1989266233741736,-0.854648387616297,3,-0.4548495360731996
4.578,0.1571562,-0.39671639999999997,8.7792633,-0.9416453871258526,1,-0.17554295082611288,-0.869692244312605,3,-0.46864426112863083
4.593,0.1482291,-0.39671639999999997,8.764254,-0.944755006830615,1,-0.20730798031749928,-0.8838402472672782,3,-0.4817957548154797
4.609,0.16019730000000001,-0.37268190000000007,8.764254,-0.9478093538745522,1,-0.1908966902460783,-0.8989807621529196,3,-0.4960583228908413
4.625,0.16019730000000001,-0.40868460000000006,8.7268779,-0.9516605725124183,1,-0.24070116486662996,-0.9141765215640153,3,-0.5105635811605768
4.64,0.16765290000000002,-0.40868460000000006,8.8121268,-0.9533378390258402,1,-0.11181776756146417,-0.928464009650552,3,-0.5243833851446857
4.656,0.17510850000000003,-0.40868460000000006,8.6834196,-0.958105817328363,1,-0.29799864390767067,-0.9437555589013856,3,-0.5393611416931012
4.671,0.1946304,-0.3083283,8.6834196,-0.9628483240317873,1,-0.3161671135616116,-0.9581627149615873,3,-0.553625528747074
4.687,0.1946304,-0.32932170000000005,8.7597414,-0.9655966578073087,1,-0.1717708609700884,-0.9735902748163001,3,-0.5690795526652972
4.703,0.1526436,-0.32932170000000005,8.777791800000001,-0.9678583629754325,1,-0.1413565730077336,-0.989057914982562,3,-0.5847807381836881
4.718,0.1526436,-0.32932170000000005,8.777791800000001,-0.9700649046028698,1,-0.14710277516248815,-1.003592339489399,3,-0.5997256150922275
4.734,0.2065986,-0.35178660000000006,8.777791800000001,-0.9721694877577569,1,-0.13153644718044688,-1.019130214628284,3,-0.615907395525169
4.75,0.2065986,-0.3262806,8.7881904,-0.9739933633887343,1,-0.11399222693608814,-1.0346995174374558,3,-0.632338033381695
4.765,0.1781496,-0.3262806,8.7238368,-0.9773561164407027,1,-0.22418353679789982,-1.0493346385361764,3,-0.647968289551497
4.781,0.19757340000000004,-0.34580249999999996,8.7238368,-0.9806083359972053,1,-0.20326372228141024,-1.0649983541556796,3,-0.6648829534930318
4.796,0.24103170000000002,-0.37268190000000007,8.7837759,-0.9822675993110437,1,-0.11061755425588689,-1.079719923670492,3,-0.6809683405767287
4.812,0.2724237,-0.3367773,8.7822063,-0.9839376005229337,1,-0.10437507574312378,-1.0954495652691638,3,-0.698369696488246
4.828,0.2679111,-0.40417200000000003,8.7822063,-0.9855010040190049,1,-0.0977127185044501,-1.1112050741054993,3,-0.7160229336032433
4.843,0.2679111,-0.40417200000000003,8.7822063,-0.9870262757224886,1,-0.10168478023224953,-1.1259990287035602,3,-0.7328019643743109
4.859,0.2679111,-0.3936753,8.7747507,-0.9887075345958269,1,-0.10507867958364771,-1.1418048991861067,3,-0.7509443957974282
4.875,0.2529999,-0.3936753,8.7702381,-0.9904684738344134,1,-0.11005870241165273,-1.1576383072535488,3,-0.7693399414489455
4.89,0.19610190000000002,-0.36973890000000004,8.7702381,-0.9922473265275631,1,-0.11859017954331598,-1.1725086757562633,3,-0.7868160438215187
4.906,0.19610190000000002,-0.38023560000000006,8.7149097,-0.9953197190650922,1,-0.1920245335955693,-1.1884092121210046,3,-0.8057033869245369
4.921,0.21101310000000004,-0.38023560000000006,8.7822063,-0.9966693343152624,1,-0.08997435001134249,-1.203349130021358,3,-0.8236415744906053
4.937,0.2215098,-0.38621970000000005,8.764254,-0.9984106728521009,1,-0.10883365855240958,-1.2193097700786968,3,-0.8430228456914057
4.953,0.20355750000000003,-0.3996594,8.7268779,-1.001015882306124,1,-0.1628255908764363,-1.2353051825199626,3,-0.862659765312195
4.968,0.20355750000000003,-0.3996594,8.7268779,-1.0035575500661462,1,-0.1694445173348231,-1.2503394832627543,3,-0.881302100305565
4.984,0.2215098,-0.3996594,8.7103971,-1.0064279964284566,1,-0.17940289764439826,-1.266419367634711,3,-0.9014361711127448
5.0,0.1856052,-0.43556400000000006,8.7103971,-1.0092069420560499,1,-0.17368410172458032,-1.282544447142587,3,-0.9218278816309632
5.015,0.1856052,-0.37268190000000007,8.7373746,-1.011331932928199,1,-0.14166605814327055,-1.2976984887049687,3,-0.9411797036498194
5.031,0.1586277,-0.37268190000000007,8.752285800000001,-1.0130547437530915,1,-0.10767567655578504,-1.313893582118419,3,-0.9620724402164065
5.046,0.17069399999999998,-0.3487455,8.752285800000001,-1.0147540401307218,1,-0.11328642517535122,-1.3291021479975482,3,-0.981894908192277
5.062,0.17069399999999998,-0.3936753,8.7433587,-1.016582935456201,1,-0.11430595784245313,-1.3453528438022435,3,-1.0032905481266754
5.078,0.2274939,-0.3936753,8.752285800000001,-1.0181182772502595,1,-0.09595886212865326,-1.3616304535038952,3,-1.0249464145051246
5.093,0.2529999,-0.35777070000000005,8.752285800000001,-1.0196366621752517,1,-0.10122566166615103,-1.3769136155495862,3,-1.0454854950230252
5.109,0.2529999,-0.3547296,8.785247400000001,-1.0203180778451433,1,-0.04258847936822182,-1.3932332534697494,3,-1.0676466699751799
5.125,0.18864630000000002,-0.3532581,8.732862,-1.0223000857280908,1,-0.12387549268422215,-1.4095741987783352,3,-1.0900691295931646
5.14,0.13469129999999999,-0.3532581,8.7149097,-1.0246955404074427,1,-0.15969697862346152,-1.4249266659743514,3,-1.1113278860788094
5.156,0.16765290000000002,-0.34128990000000003,8.7149097,-1.0270302580775255,1,-0.14591985438017194,-1.4413404723622312,3,-1.1342580231855022
5.171,0.16765290000000002,-0.4161402,8.7792633,-1.0276612481265985,1,-0.04206600327153687,-1.4567506586587626,3,-1.1559937066681605
5.187,0.16765290000000002,-0.4161402,8.761311000000001,-1.0287141373704127,1,-0.06580557773838697,-1.4732016617427388,3,-1.1794333252313725
5.218,0.2006145,-0.4221243,8.8106553,-1.0285156802048636,1,0.006401844049971521,-1.5050887239151554,3,-1.2255968262090693
5.234,0.18109260000000002,-0.4221243,8.8241931,-1.028002620166495,1,0.03206625239804414,-1.5215408703181263,3,-1.2498098629629355
5.25,0.21101310000000004,-0.39220380000000005,8.8241931,-1.0275195099639323,1,0.030194387660165106,-1.5379850473591699,3,-1.274286070304354
5.265,0.21101310000000004,-0.3503151,8.8900182,-1.0254873358859449,1,0.13547827186582903,-1.5533825987030436,3,-1.29747132764982
5.281,0.2260224,-0.40113090000000007,8.964868500000001,-1.0216202265885048,1,0.24169433109000305,-1.5697594592028392,3,-1.3224564641130672
5.296,0.2350476,-0.40113090000000007,8.924451300000001,-1.0188262403204895,1,0.18626575120101313,-1.5850628077046574,3,-1.3461176311148744
5.312,0.2604555,-0.36669779999999996,8.924451300000001,-1.0161192997306578,1,0.16918378686447952,-1.6013423720250666,3,-1.3716088725527122
5.328,0.2604555,-0.3218661,9.002244600000001,-1.0116251389542246,1,0.2808850485270795,-1.6175643275345457,3,-1.3973601261491893
5.343,0.2754648,-0.3218661,8.9978301,-1.0073372585502103,1,0.2858586936009586,-1.6327065455158287,3,-1.4217371576970665
5.359,0.2604555,-0.36669779999999996,8.9978301,-1.0031230604082975,1,0.26338738386955085,-1.6487902280674969,3,-1.4479891318857332
5.375,0.2604555,-0.33530580000000004,9.072680400000001,-0.9972178756816064,1,0.36907404541819366,-1.6647929555562162,3,-1.4744977973547229
5.39,0.21258269999999999,-0.33530580000000004,9.026181000000001,-0.9926201698429367,1,0.3065137225779863,-1.6797167408976499,3,-1.4995816200781262
5.406,0.1781496,-0.3427614,9.026181000000001,-0.9881459398805994,1,0.27963937264607863,-1.6955628697754381,3,-1.526583856963511
5.421,0.1781496,-0.3771945,9.157929300000001,-0.9805373806657247,1,0.5072372809916267,-1.7103279946795362,3,-1.5521280384469243
5.437,0.1946304,-0.3831786,9.252301500000002,-0.9708009145592893,1,0.6085291316522129,-1.7259387010413363,3,-1.5796181720126912
5.453,0.1870767,-0.3831786,9.2791809,-0.9606508175446677,1,0.6343810634138464,-1.741390314898168,3,-1.6073568041402073
5.468,0.1870767,-0.3831786,9.2791809,-0.9507482838718655,1,0.660168911520164,-1.7557258081587916,3,-1.633585175063134
5.484,0.20208600000000002,-0.39671639999999997,9.2956617,-0.9406642370328822,1,0.6302529274364582,-1.7708571083260296,3,-1.6617978383950127
5.5,0.1990449,-0.39671639999999997,9.3795372,-0.9287843044655517,1,0.742495785458152,-1.785812696658017,3,-1.6902511968348852
5.515,0.1990449,-0.39671639999999997,9.3795372,-0.9171941263510828,1,0.7726785409646125,-1.7996575348891415,3,-1.7171422235714884
5.531,0.1990449,-0.39671639999999997,9.3795372,-0.9058866355076987,1,0.7067181777115066,-1.8142421809840117,3,-1.7460534212984737
5.546,0.1990449,-0.3831786,9.4228974,-0.8938121974759685,1,0.8049625354486455,-1.8277399222313897,3,-1.7733682870725902
5.562,0.1856052,-0.3831786,9.478323900000001,-0.8806884454660686,1,0.8202345006187431,-1.841935927374926,3,-1.8027256938694407
5.578,0.17069399999999998,-0.34580249999999996,9.478323900000001,-0.8679266384391884,1,0.797612939180014,-1.855924848046168,3,-1.8323085800728094
5.593,0.17069399999999998,-0.33226469999999997,9.4797954,-0.8554520338218126,1,0.8316403078250723,-1.8688501880881254,3,-1.860244392843816
5.609,0.1721655,-0.33226469999999997,9.5876073,-0.8406535042624466,1,0.9249080974603744,-1.8824190323927994,3,-1.8902545466076635
5.625,0.21101310000000004,-0.33226469999999997,9.6204708,-0.8253961191972721,1,0.9535865665734047,-1.8957474293804772,3,-1.9204798783018497
5.64,0.21552570000000001,-0.34128990000000003,9.6204708,-0.8105007284262911,1,0.9930260513987551,-1.9080166557376537,3,-1.9490081089402351
5.656,0.21552570000000001,-0.3173535,9.6563754,-0.7951135787713461,1,0.9616968534340566,-1.9208615701952347,3,-1.9796391347476983
5.671,0.2230794,-0.3173535,9.6804099,-0.7795118085959007,1,1.0401180116963202,-1.9326712606004894,3,-2.008540630978667
5.687,0.2140542,-0.290376,9.6804099,-0.7643161743313662,1,0.9497271415334065,-1.9450218844639076,3,-2.0395621761391824
5.703,0.2140542,-0.3532581,9.708858900000001,-0.7487469701533147,1,0.9730752611282192,-1.957126389619785,3,-2.070779362331852
5.718,0.2499588,-0.3532581,9.7956774,-0.7314211532613637,1,1.155054459463425,-1.9682276505453948,3,-2.1002195176330902
5.734,0.24397470000000002,-0.37268190000000007,9.7956774,-0.7145040565215304,1,1.057318546239582,-1.979795052223658,3,-2.1318036992552427
5.75,0.21258269999999999,-0.4340925,9.842078700000002,-0.696825413439008,1,1.1049151926576508,-1.9910856879833423,3,-2.163570745176899
5.765,0.21856680000000003,-0.3951468000000001,9.8120601,-0.6803461240599002,1,1.0986192919405366,-2.0014144745145845,3,-2.1935144963956326
5.781,0.21856680000000003,-0.3951468000000001,9.8120601,-0.6642687685680873,1,1.0048347182383113,-2.0121713936556134,3,-2.225623183340994
5.796,0.1930608,-0.4281084,9.8120601,-0.6485628890162314,1,1.0470586367903518,-2.022017631087498,3,-2.2558796010265687
5.812,0.1930608,-0.44154810000000005,9.764187300000001,-0.6343917868304398,1,0.8856938866119705,-2.0322812684942715,3,-2.2883139922232227
5.828,0.1497006,-0.44154810000000005,9.8196138,-0.6192345257817387,1,0.9473288155438233,-2.042310278995169,3,-2.3209107246031384
5.843,0.1796211,-0.4176117,9.8196138,-0.6044602424706564,1,0.9849522207388353,-2.0514879897570615,3,-2.3516142116187795
5.859,0.1796211,-0.36973890000000004,9.7911648,-0.5907863422220725,1,0.854618765536496,-2.0610499624346033,3,-2.384514515236313
5.875,0.1856052,-0.36973890000000004,9.764187300000001,-0.578100631594932,1,0.792856914196282,-2.0704010582251393,3,-2.417566123401591
5.89,0.23053500000000002,-0.3562992,9.764187300000001,-0.565713173869236,1,0.8258305150464135,-2.0789796617661205,3,-2.448686478801525
5.906,0.1915893,-0.3487455,9.839037600000001,-0.5518308950906672,1,0.8676424236605521,-2.0879200143178,3,-2.4820216762101963
5.921,0.21856680000000003,-0.37268190000000007,9.854046900000002,-0.537886392980063,1,0.9296334740402422,-2.0960928939783305,3,-2.5134017730224185
5.937,0.1721655,-0.36826739999999997,9.854046900000002,-0.5243084625580554,1,0.8486206513754749,-2.1045904528226353,3,-2.547007239796826
5.953,0.1721655,-0.36826739999999997,9.854046900000002,-0.5110617011707319,1,0.8279225867077181,-2.1128734141324657,3,-2.580746950732467
5.968,0.1721655,-0.39671639999999997,9.8165727,-0.4990242451279947,1,0.8024970695158308,-2.120449058729706,3,-2.6124968692789325
5.984,0.21258269999999999,-0.39671639999999997,9.8255979,-0.4870411907287089,1,0.7489408999553631,-2.1283375822165596,3,-2.6464871624065025
6.0,0.1721655,-0.3951468000000001,9.8255979,-0.4753712282284628,1,0.7293726562653806,-2.136036881568217,3,-2.680602158116781
6.015,0.1721655,-0.3891627,9.8105886,-0.46435745577908705,1,0.7342514966250647,-2.1430848466982733,3,-2.712695571078779
6.031,0.1856052,-0.3891627,9.8464932,-0.45273146004000786,1,0.7266247336924485,-2.150421558024826,3,-2.7470436223165637
6.046,0.2215098,-0.3562992,9.8464932,-0.44140125185757384,1,0.7553472121622394,-2.157127553364058,3,-2.7793502406519814
6.062,0.2394621,-0.3503151,9.895935600000001,-0.42913758291902404,1,0.7664793086593618,-2.164091864042271,3,-2.813919995991232
6.078,0.2394621,-0.3907323,9.7806681,-0.41994451205737526,1,0.574566928853048,-2.1708845208020824,3,-2.848599807069987
6.093,0.2394621,-0.3907323,9.7806681,-0.41097566243625394,1,0.5979233080747676,-2.1771164221107844,3,-2.8812098141418327
6.109,0.21101310000000004,-0.3907323,9.827069400000001,-0.4011109476625325,1,0.616544673357588,-2.1836131149915747,3,-2.9160956504386517
6.125,0.1856052,-0.33530580000000004,9.827069400000001,-0.39154922461808717,1,0.5976076902778343,-2.18995439636982,3,-2.951084190529543
6.14,0.1856052,-0.3936753,9.8375661,-0.3819121899274922,1,0.642468979373011,-2.1957553569789114,3,-2.9839770136796577
6.156,0.21101310000000004,-0.3936753,9.834525,-0.37257182197616245,1,0.583772996958109,-2.2017912290741406,3,-3.0191573863680823
6.171,0.1646118,-0.4176117,9.834525,-0.3634568030079439,1,0.607667931214546,-2.2073114437615216,3,-3.052225656414351
6.187,0.1646118,-0.38023560000000006,9.834525,-0.35460104422253025,1,0.5534849240883539,-2.2130559065393656,3,-3.087588595216758
6.203,0.17667810000000003,-0.38023560000000006,9.8495343,-0.3455904287995164,1,0.5631634639383648,-2.218657438323542,3,-3.1230423019756612
6.218,0.1930608,-0.3547296,9.8495343,-0.3368152811952516,1,0.5850098402843317,-2.2237754811485027,3,-3.156360548871701
6.234,0.18109260000000002,-0.35178660000000006,9.7941078,-0.3296130439467788,1,0.4501398280295495,-2.229106907749639,3,-3.191983607982886
6.25,0.18109260000000002,-0.3098979,9.752219100000001,-0.323641944580352,1,0.3731937104016755,-2.234332947657856,3,-3.2276911268261457
6.265,0.2784078,-0.37572300000000003,9.836094600000001,-0.3156608142843549,1,0.5320753530664859,-2.239127718349341,3,-3.261242081821199
6.281,0.2784078,-0.37572300000000003,9.836094600000001,-0.30787434570289385,1,0.48665428634131436,-2.2441159996292392,3,-3.2971080315650276
6.296,0.2784078,-0.38621970000000005,9.803133,-0.3010708845008523,1,0.45356408013608684,-2.2486830888557674,3,-3.3308040247286663
6.312,0.23799060000000002,-0.38621970000000005,9.874942200000001,-0.29270971115216504,1,0.5225733342929524,-2.2534333336209915,3,-3.3668209561084805
6.328,0.2274939,-0.3262806,9.874942200000001,-0.28461118896354876,1,0.5061576367885174,-2.258051900821917,3,-3.4029128379840237
6.343,0.2274939,-0.3891627,9.830012400000001,-0.27774938777966796,1,0.45745341225872976,-2.262269605147491,3,-3.4368152492787933
6.359,0.17510850000000003,-0.3891627,9.777627,-0.27235757039147046,1,0.33698858676234317,-2.2666704608128603,3,-3.473046769806476
6.375,0.16166880000000003,-0.38621970000000005,9.8240283,-0.2659750365318594,1,0.3989083662256917,-2.270977121668247,3,-3.5093479504663248
6.39,0.173637,-0.39220380000000005,9.8240283,-0.2597374202185172,1,0.4158410875561547,-2.2749199650938747,3,-3.54344217861704
6.406,0.173637,-0.3907323,9.7971489,-0.25430834304450656,1,0.33931732337566495,-2.279032331199979,3,-3.579873796987391
6.421,0.1930608,-0.3907323,9.7806681,-0.2494043978780489,1,0.3269296777638307,-2.2828101767568985,3,-3.6140876157970685
6.437,0.19757340000000004,-0.33530580000000004,9.7806681,-0.24466799626747004,1,0.2960251006611789,-2.2867627559100625,3,-3.650644199258404
6.453,0.19757340000000004,-0.4221243,9.8105886,-0.23923625969266737,1,0.3394835359251666,-2.2906339899577435,3,-3.687263373225347
6.468,0.2080701,-0.4221243,9.806076000000001,-0.2340416546207944,1,0.34630700479153875,-2.2941835743150945,3,-3.7216495049573926
6.484,0.2604555,-0.3503151,9.806076000000001,-0.2290121645299621,1,0.3143431306770192,-2.2978880048683004,3,-3.7583860775908597
6.5,0.2604555,-0.3592422,9.8405091,-0.22325849912593299,1,0.35960408775181885,-2.3015061701775474,3,-3.7951812309912265
6.515,0.20954160000000002,-0.3592422,9.848062800000001,-0.21749072150410953,1,0.3845185081215719,-2.304811789332273,3,-3.8297286156875496
6.531,0.21552570000000001,-0.40417200000000003,9.891423,-0.2107616130084704,1,0.4205692809774449,-2.3082378080083736,3,-3.866633012466275
6.546,0.17510850000000003,-0.3771945,9.891423,-0.20424203880428315,1,0.4346382802791336,-2.3113503353969693,3,-3.901279923541816
6.562,0.17510850000000003,-0.41908320000000004,9.8495343,-0.19886099067055873,1,0.33631550835777596,-2.314575159632768,3,-3.938287327502054
6.578,0.1586277,-0.41908320000000004,9.830012400000001,-0.19409364149862185,1,0.29795932324605506,-2.3177187966901216,3,-3.975345679152637
6.593,0.16765290000000002,-0.38023560000000006,9.830012400000001,-0.189477404897886,1,0.30774910671572964,-2.3205955795380953,3,-4.010133036974348
6.609,0.16765290000000002,-0.3218661,9.834525,-0.1849145723925325,1,0.28517703158459334,-2.323590715356419,3,-4.047286527333504
6.625,0.2200383,-0.3218661,9.7866522,-0.1816045709572407,1,0.2068750897057379,-2.326522868503217,3,-4.084487436004381
6.64,0.2200383,-0.3562992,9.7866522,-0.1783462280610948,1,0.21722285974306496,-2.3292224994958546,3,-4.119405526264374
6.656,0.2200383,-0.3487455,9.860031000000001,-0.1733858352645985,1,0.31002454978101807,-2.33203635600246,3,-4.15669559710836
6.671,0.2575125,-0.37268190000000007,9.8225568,-0.16941601576086818,1,0.26465463358201136,-2.334607369885151,3,-4.191695425052519
6.687,0.19757340000000004,-0.37268190000000007,9.821085300000002,-0.16561271084484908,1,0.2377065572511936,-2.337287599697997,3,-4.229070584809184
6.703,0.2664396,-0.3532581,9.821085300000002,-0.16188002071439023,1,0.23329313315367786,-2.339907541550471,3,-4.266488145939172
6.718,0.2664396,-0.3532581,9.821085300000002,-0.15823837180662537,1,0.24277659385099587,-2.3423084294943783,3,-4.301604765722007
6.734,0.2664396,-0.35777070000000005,9.889951500000002,-0.15300361798415096,1,0.3271721139046499,-2.3447983654127045,3,-4.339101620081264
6.75,0.19610190000000002,-0.35777070000000005,9.856989900000002,-0.14873987686339518,1,0.26648382004723614,-2.347212313371485,3,-4.376637705511538
6.765,0.1796211,-0.3891627,9.8734707,-0.14415720813900457,1,0.3055112482927142,-2.349409041509003,3,-4.411862365673141
6.781,0.1796211,-0.3891627,9.8734707,-0.13968631182252622,1,0.2794310197798964,-2.351679789668695,3,-4.4494710763225624
6.796,0.1781496,-0.3891627,9.7806681,-0.13758644566694755,1,0.1399910770385725,-2.3537593353498663,3,-4.484761869760203
6.812,0.19757340000000004,-0.3532581,9.7806681,-0.13556191105234916,1,0.12653341341239954,-2.355944522203621,3,-4.5224395006206315
6.828,0.19757340000000004,-0.35777070000000005,9.7327953,-0.13474936432318785,1,0.05078417057258195,-2.358107012406625,3,-4.560151912897513
6.843,0.19757340000000004,-0.36826739999999997,9.830012400000001,-0.1315781079216567,1,0.2114170934354147,-2.360104468448461,3,-4.595538499003926
6.859,0.2080701,-0.36826739999999997,9.776155500000002,-0.12979128353332747,1,0.1116765242705763,-2.362195423580101,3,-4.633316898140154
6.875,0.2080701,-0.39220380000000005,9.7941078,-0.1275879445752306,1,0.1377086848810548,-2.3642544574049693,3,-4.671128497188034
6.89,0.19610190000000002,-0.39220380000000005,9.831582000000001,-0.12453126885917065,1,0.20377838107066717,-2.366145351505727,3,-4.706606495754864
6.906,0.19610190000000002,-0.39220380000000005,9.831582000000001,-0.12154914620935564,1,0.18638266561343803,-2.3681139948262753,3,-4.7444805705255195
6.921,0.1466595,-0.3771945,9.831582000000001,-0.11867507112560993,1,0.19160500558303997,-2.3699156764562876,3,-4.78001579306014
6.937,0.1466595,-0.4221243,9.900448200000001,-0.11414864732535435,1,0.2829014875159738,-2.3717782662038953,3,-4.817949344601422
6.953,0.1631403,-0.4221243,9.848062800000001,-0.11100269431948817,1,0.1966220628666358,-2.373579476937054,3,-4.85591220654655
6.968,0.1646118,-0.3876912,9.848062800000001,-0.10796737134044143,1,0.20235486526978694,-2.3752217524295034,3,-4.891528215766798
6.984,0.21258269999999999,-0.3592422,9.888480000000001,-0.10402507958377605,1,0.24639323479158626,-2.3769176920368973,3,-4.9295453313225295
7.0,0.21258269999999999,-0.3278502,9.8644455,-0.10079126872289912,1,0.2021131788048079,-2.3785562228233506,3,-4.967589122641411
7.015,0.2724237,-0.3278502,9.8196138,-0.09869291345521347,1,0.13989035117904616,-2.3800523541896865,3,-5.003278686969008
7.031,0.290376,-0.3427614,9.8196138,-0.09662079594746942,1,0.12950734423400323,-2.381614863864908,3,-5.041372024713445
7.046,0.290376,-0.3547296,9.862974000000001,-0.09353244146332074,1,0.2058902989432376,-2.383041013145489,3,-5.077106943791024
7.062,0.24397470000000002,-0.3547296,9.843550200000001,-0.09102333857307165,1,0.15681893064056748,-2.3845174593857803,3,-5.115247411571274
7.078,0.2274939,-0.33981839999999996,9.843550200000001,-0.08859787001441077,2,0.15159178491630496,-2.3859544290544803,3,-5.153411186678796
7.093,0.2274939,-0.3202965,9.8405091,-0.08632162540446409,2,0.15174964066311572,-2.387266325270122,3,-5.18921034233623
7.109,0.258984,-0.3202965,9.8016615,-0.08502860023182457,2,0.08081407328996974,-2.3886371270752123,3,-5.2274175699549925
7.125,0.23053500000000002,-0.347274,9.8016615,-0.08376203669627458,2,0.0791602209718744,-2.389987452170637,3,-5.265646566588959
7.14,0.16912439999999998,-0.4161402,9.803133,-0.08245567160004619,2,0.08709100641522786,-2.3912340849828593,3,-5.3015057281176095
7.156,0.16912439999999998,-0.4281084,9.848062800000001,-0.08007396477091255,2,0.148856676820852,-2.392534322073827,3,-5.339775875374063
7.171,0.16019730000000001,-0.4281084,9.7986204,-0.07895859371937597,2,0.07435807010243614,-2.3937270662625045,3,-5.375672835786587
7.187,0.19757340000000004,-0.3951468000000001,9.7986204,-0.07788753884952904,2,0.06694092936543322,-2.3949818353230556,3,-5.413982506999272
7.203,0.19757340000000004,-0.39220380000000005,9.855518400000001,-0.07545911581699016,2,0.15177643953367945,-2.396208608560388,3,-5.452312030550339
7.218,0.23053500000000002,-0.39220380000000005,9.874942200000001,-0.07259923129944212,2,0.19065896783654002,-2.3973190461637612,3,-5.4882634879607695
7.234,0.18864630000000002,-0.3831786,9.874942200000001,-0.06983939658243621,2,0.17248966981286956,-2.3984585551868163,3,-5.526629708771575
7.25,0.18864630000000002,-0.3503151,9.8120601,-0.06870907614386823,2,0.07064502741049854,-2.399566942968627,3,-5.565013912756818
7.265,0.173637,-0.3503151,9.8255979,-0.06728314852569284,2,0.0950618412116949,-2.4005868846536487,3,-5.601015066463985
7.281,0.17667810000000003,-0.4101561,9.8255979,-0.06583424820228068,2,0.09055627021325999,-2.4016518238274727,3,-5.639432976131834
7.296,0.1511721,-0.35178660000000006,9.8240283,-0.06452446039928716,2,0.0873191868662308,-2.4026295141419847,3,-5.675465086166606
7.312,0.1511721,-0.3503151,9.8136297,-0.06350133329541308,2,0.06394544399213048,-2.4036537204915422,3,-5.713915352043674
7.328,0.1497006,-0.3503151,9.7732125,-0.06348875064152537,2,0.0007864158679815596,-2.404669641163038,3,-5.752381938936911
7.343,0.1482291,-0.3907323,9.7732125,-0.06343967944704154,2,0.003271412965588708,-2.405621604388702,3,-5.788459123278549
7.359,0.1482291,-0.33226469999999997,9.8255979,-0.062167697157734736,2,0.07949889308167528,-2.4066264634015404,3,-5.826957107820871
7.375,0.2230794,-0.33226469999999997,9.8046045,-0.061403879005281325,2,0.04773863452833811,-2.4076150360108444,3,-5.865471039816169
7.39,0.2230794,-0.33226469999999997,9.8046045,-0.06065869056386397,2,0.04967922942782472,-2.408530505282613,3,-5.901592131375869
7.406,0.2350476,-0.4056435,9.8076456,-0.059783493628140505,2,0.05469980848271656,-2.409494042756149,3,-5.94013632776018
7.421,0.24701580000000004,-0.36669779999999996,9.877983300000002,-0.05724601264942564,2,0.16916539858098478,-2.4103717640532305,3,-5.976285321311251
7.437,0.1990449,-0.36669779999999996,9.8674866,-0.05505260259997691,2,0.1370881280905455,-2.411270152975226,3,-6.014858456647479
7.453,0.21101310000000004,-0.40113090000000007,9.8674866,-0.05287398739572957,2,0.1361634502654584,-2.4121335656951914,3,-6.053445686396842
7.468,0.21101310000000004,-0.3907323,9.8524773,-0.05112438506366068,2,0.11664015547126176,-2.412913553488637,3,-6.089633539790721
7.484,0.21101310000000004,-0.3907323,9.8524773,-0.04941745595920288,2,0.10668306902861237,-2.4137178882168198,3,-6.1282465913243644
7.5,0.2230794,-0.3907323,9.886910400000001,-0.046906722213035934,2,0.15692085913543416,-2.4144884816421976,3,-6.166872242283237
7.515,0.2260224,-0.43556400000000006,9.886910400000001,-0.04440995648185542,2,0.16645104874537134,-2.415173356732409,3,-6.203094706071045
7.531,0.2260224,-0.3831786,9.8105886,-0.04388654267459913,2,0.032713362953518094,-2.415879728725661,3,-6.24174313075471
7.546,0.2709522,-0.3891627,9.818044200000001,-0.04316079846675791,2,0.04838294718941262,-2.416532583784221,3,-6.2779862230985355
7.562,0.2709522,-0.3547296,9.8240283,-0.042338733389833294,2,0.05137906730778847,-2.417216580039074,3,-6.316656216409122
7.578,0.2664396,-0.3817071,9.8285409,-0.041405149878375624,2,0.0583489694661043,-2.4178865311052196,3,-6.355337041298276
7.593,0.2664396,-0.3817071,9.8285409,-0.04049433669646518,2,0.06072087879403073,-2.418500777254531,3,-6.391609946110973
7.609,0.2679111,-0.3817071,9.8405091,-0.03931318425498809,2,0.07382202759231841,-2.4191392374221423,3,-6.430311066228387
7.625,0.2604555,-0.3503151,9.8405091,-0.03819416534963871,2,0.06993868158433608,-2.419759296218979,3,-6.469022254497516
7.64,0.2604555,-0.3367773,9.7926363,-0.038280488645003885,2,-0.005754886357678524,-2.420332856123939,3,-6.505322945640088
7.656,0.1990449,-0.3367773,9.803133,-0.038144003791728665,2,0.008530303329701276,-2.4209442520634328,3,-6.544053162505587
7.671,0.19011780000000003,-0.3202965,9.803133,-0.0380286275590862,2,0.0076917488428304565,-2.421515546798564,3,-6.580371610997053
7.687,0.19610190000000002,-0.35178660000000006,9.8375661,-0.03704775878104627,2,0.06130429862749581,-2.422116157889285,3,-6.619120664634556
7.703,0.17510850000000003,-0.39671639999999997,9.8375661,-0.03605881362848784,2,0.06180907203490177,-2.4227010104685616,3,-6.657879201981419
7.718,0.17510850000000003,-0.39671639999999997,9.8375661,-0.03509398908940753,2,0.06432163593868878,-2.4232346564889458,3,-6.694223719483599
7.734,0.17510850000000003,-0.347274,9.834525,-0.03427237224880386,2,0.051351052537729154,-2.4237895873796513,3,-6.732999913434548
7.75,0.15568469999999998,-0.3652263,9.8240283,-0.03371871587788711,2,0.034603523182297174,-2.424333516084665,3,-6.771784898262262
7.765,0.1946304,-0.3652263,9.8495343,-0.032540093845865314,2,0.07857480213478782,-2.424830457157593,3,-6.808153628061579
7.781,0.17510850000000003,-0.3891627,9.8495343,-0.03137681024195693,2,0.07270522524427385,-2.4253417923902956,3,-6.846955006057962
7.796,0.17510850000000003,-0.42065280000000005,9.855518400000001,-0.030064559169995064,2,0.0874834047974545,-2.425802602660885,3,-6.8833385890208465
7.812,0.1646118,-0.42065280000000005,9.8136297,-0.029809321618555984,2,0.015952346964942507,-2.4262815937071935,3,-6.922155262591791
7.828,0.16166880000000003,-0.40113090000000007,9.8136297,-0.02958141713439666,2,0.014244030259957784,-2.426756719617217,3,-6.960979569098386
7.843,0.16166880000000003,-0.3891627,9.8689581,-0.028022576190100068,2,0.10392272961977496,-2.4271887495671507,3,-6.997384160117268
7.859,0.19011780000000003,-0.3891627,9.8764137,-0.026307731259587186,2,0.10717780815705504,-2.427623392026748,3,-7.036222657250019
7.875,0.19011780000000003,-0.4027005000000001,9.866015100000002,-0.024874854717371164,2,0.08955478388850127,-2.428032852714564,3,-7.075067907207949
7.89,0.24544620000000003,-0.38621970000000005,9.851005800000001,-0.02382891072493898,2,0.06972959949548052,-2.4283981309553813,3,-7.111491139585473
7.906,0.24544620000000003,-0.38621970000000005,9.851005800000001,-0.02280847756158977,2,0.06377707270932559,-2.4287712300616735,3,-7.15034849447361
7.921,0.24397470000000002,-0.38621970000000005,9.8120601,-0.022762694960279717,2,0.0030521734206699854,-2.4291130138555874,3,-7.186782626302991
7.937,0.22455090000000003,-0.3262806,9.8120601,-0.02278235759050773,2,-0.001228914389250767,-2.4294773742759936,3,-7.225651349408044
7.953,0.22455090000000003,-0.344331,9.7567317,-0.024134792362929147,2,-0.08452717327633856,-2.429852711475621,3,-7.264525990094056
7.968,0.2274939,-0.344331,9.8091171,-0.024176022247806017,2,-0.002748658991791389,-2.4302150425852016,3,-7.300976498249512
7.984,0.2484873,-0.37268190000000007,9.8091171,-0.024178587131784113,2,-0.00016030524863097626,-2.430601879460238,3,-7.339863033625876
8.0,0.2484873,-0.36669779999999996,9.842078700000002,-0.023383458816185865,2,0.04969551972489046,-2.430982375827822,3,-7.37875570766818
8.015,0.2575125,-0.36669779999999996,9.8120601,-0.023333472141546352,2,0.003332444975967393,-2.431332752810005,3,-7.415223071132965
8.031,0.2514303,-0.36669779999999996,9.8120601,-0.023288547975676366,2,0.002807760366874132,-2.4317057289709427,3,-7.454127378987213
8.046,0.24701580000000004,-0.3936753,9.8944641,-0.0212143621692924,2,0.1382790537589422,-2.43203950079703,3,-7.49060546821047
8.062,0.24701580000000004,-0.3936753,9.8944641,-0.01919076626062477,2,0.12647474429172678,-2.4323627418244693,3,-7.529520686151442
8.078,0.17510850000000003,-0.4281084,9.843550200000001,-0.01845950000297414,2,0.04570414110316441,-2.4326639439545783,3,-7.568440899637674
8.093,0.1571562,-0.39671639999999997,9.843550200000001,-0.017785497719918553,2,0.044933485537037354,-2.4329357814375,3,-7.6049328975781165
8.109,0.1571562,-0.3039138,9.774684,-0.018887068303655496,2,-0.06884816148355893,-2.4332291619656887,3,-7.643862217125342
8.125,0.1571562,-0.3039138,9.774684,-0.01996177131217891,2,-0.06716893803271334,-2.4335399526826156,3,-7.682796370042529
8.14,0.1930608,-0.3039138,9.7895952,-0.02063114235280672,2,-0.044624736041852214,-2.433844399535103,3,-7.719301752684163
8.156,0.1781496,-0.36826739999999997,9.7895952,-0.02123723236967834,2,-0.03788062605447614,-2.4341793465328827,3,-7.758245942652707
8.171,0.1781496,-0.3592422,9.8165727,-0.021179273994885506,2,0.003863891652855811,-2.434497470330617,3,-7.79476101877918
8.187,0.17667810000000003,-0.3592422,9.836094600000001,-0.020647628110900484,2,0.033227867749063805,-2.4348320855474634,3,-7.833715655226205
8.203,0.1466595,-0.32932170000000005,9.836094600000001,-0.020166498325467686,2,0.030070611589549906,-2.4351585985589543,3,-7.872675580699056
8.218,0.1646118,-0.3262806,9.922913099999999,-0.017576573027177744,2,0.1726616865526562,-2.435441671594099,3,-7.909205082725205
8.234,0.1646118,-0.3503151,9.843550200000001,-0.016964043382090566,2,0.03828310281794863,-2.4357179965253732,3,-7.948174360070161
8.25,0.173637,-0.3503151,9.8644455,-0.015853433621311197,2,0.06941311004871048,-2.4359805363414004,3,-7.987147948333095
8.265,0.1437165,-0.37572300000000003,9.8644455,-0.0147588540837571,2,0.07297196917027035,-2.4362101284991886,3,-8.0236893783194
8.281,0.1437165,-0.44311770000000006,9.839037600000001,-0.014241826925795564,2,0.03231419737259597,-2.436442133947265,3,-8.062670596418972
8.296,0.1721655,-0.44311770000000006,9.818044200000001,-0.01423772068835838,2,0.0002737491624790051,-2.436655730554371,3,-8.099218830402732
8.312,0.19610190000000002,-0.37268190000000007,9.818044200000001,-0.014294075954063956,2,-0.0035222041065985335,-2.43688398492751,3,-8.138207148126588
8.328,0.19610190000000002,-0.37572300000000003,9.7791966,-0.015292849667529751,2,-0.06242335709161212,-2.437120680332483,3,-8.177199185448668
8.343,0.2679111,-0.37572300000000003,9.877983300000002,-0.013818973110057087,2,0.09825843716484056,-2.437339019003315,3,-8.213757633193687
8.359,0.261927,-0.3876912,9.877983300000002,-0.012373687306020287,2,0.09033036275229991,-2.437548560286644,3,-8.252756733828006
8.375,0.21101310000000004,-0.35777070000000005,9.830012400000001,-0.012189843282222057,2,0.011490251487389348,-2.4377450685313495,3,-8.29175908285855
8.39,0.21101310000000004,-0.3592422,9.848062800000001,-0.011569316006234232,2,0.041368485065853465,-2.437923262226013,3,-8.328326595339231
8.406,0.23200650000000003,-0.3592422,9.9168309,-0.009276714567548083,2,0.14328758991788412,-2.4380900304706032,3,-8.367334701680804
8.421,0.2394621,-0.3817071,9.9168309,-0.007015262436190994,2,0.15076347542381807,-2.4382122202981313,3,-8.403906968561566
8.437,0.2394621,-0.39671639999999997,9.834525,-0.006799869833926664,2,0.01346203764152064,-2.4383227413562922,3,-8.442919248254801
8.453,0.24103170000000002,-0.39671639999999997,9.8495343,-0.00622312254976265,2,0.036046705260250854,-2.438426925295362,3,-8.481933245588015
8.468,0.21552570000000001,-0.3817071,9.8495343,-0.005689296029835589,2,0.03558843466180271,-2.438516268434709,3,-8.518510319540992
8.484,0.21552570000000001,-0.32932170000000005,9.8165727,-0.0060178644495909595,2,-0.02053552623471065,-2.4386099257185445,3,-8.557527329094217
8.5,0.23053500000000002,-0.318825,9.803133,-0.006666087730771153,2,-0.04051395507376206,-2.4387113973359873,3,-8.596545899678654
8.515,0.23053500000000002,-0.318825,9.803133,-0.007298500688021292,2,-0.042160863816674346,-2.438816131749128,3,-8.633127356146794
8.531,0.2230794,-0.3547296,9.803133,-0.007889633733983104,2,-0.036945815372613176,-2.4389376368245044,3,-8.672149386295382
8.546,0.2230794,-0.3652263,9.8495343,-0.007326289366414329,2,0.03755629117125465,-2.4390517562477574,3,-8.708734306743422
8.562,0.19610190000000002,-0.37268190000000007,9.8674866,-0.006346406192749399,2,0.0612426983540581,-2.439161137812231,3,-8.747760009895902
8.578,0.19610190000000002,-0.3547296,9.860031000000001,-0.005588238157573144,2,0.04738550219851585,-2.4392566149670336,3,-8.786787351918136
8.593,0.19610190000000002,-0.3547296,9.860031000000001,-0.004848562025694392,2,0.049311742125248303,-2.439334890968408,3,-8.823376788212654
8.609,0.18413369999999998,-0.3547296,9.8809263,-0.0036233263728036036,2,0.07657722830567419,-2.439402666075596,3,-8.862406688669006
8.625,0.1287072,-0.3996594,9.8809263,-0.0024075599144044446,2,0.07598540364994737,-2.4394509131658935,3,-8.901437517302938
8.64,0.1287072,-0.44910180000000005,9.842078700000002,-0.0021161462214589477,2,0.019427579529699056,-2.4394848409619123,3,-8.938029535458897
8.656,0.1302768,-0.44910180000000005,9.848062800000001,-0.0016855477587149892,2,0.026912403921497383,-2.4395152545137537,3,-8.977061536222703
8.671,0.16912439999999998,-0.4176117,9.8285409,-0.0017604705524885134,2,-0.004994852918235347,-2.4395410996510876,3,-9.013654458878936
8.687,0.1990449,-0.3503151,9.8285409,-0.0018839724963353177,2,-0.007718871490425265,-2.4395702551954783,3,-9.052687349717708
8.703,0.1990449,-0.33824879999999996,9.8165727,-0.002306437327652233,2,-0.026404051957307193,-2.43960377847407,3,-9.091720741987064
8.718,0.2065986,-0.33824879999999996,9.800091900000002,-0.0031164376004220173,2,-0.05400001818465023,-2.4396444500360306,3,-9.128315103700892
8.734,0.2065986,-0.33824879999999996,9.800091900000002,-0.003906681768977904,2,-0.049390260534742894,-2.4397006349909858,3,-9.167349864381109
8.75,0.2394621,-0.347274,9.800091900000002,-0.004651733640070432,2,-0.04656574194328296,-2.439769102314258,3,-9.206385622279551
8.765,0.2394621,-0.3622833,9.8136297,-0.005035506475039142,2,-0.02558485566457968,-2.439841756615121,3,-9.242982703721523
8.781,0.23799060000000002,-0.3622833,9.830012400000001,-0.005011601719260739,2,0.0014940472361502075,-2.4399221334806755,3,-9.282020814842289
8.796,0.2200383,-0.3562992,9.830012400000001,-0.005003801150474274,2,0.0005200379190976835,-2.4399972490021984,3,-9.318620210210907
8.812,0.2200383,-0.3562992,9.860031000000001,-0.004264691319491476,2,0.04619436443642484,-2.440071396941958,3,-9.357660759378462
8.828,0.1990449,-0.3562992,9.886910400000001,-0.0028994448077597212,2,0.0853279069832346,-2.440128710030976,3,-9.396702360234245
8.843,0.19011780000000003,-0.37572300000000003,9.888480000000001,-0.0015160073757360948,2,0.09222916213490494,-2.440161825922352,3,-9.433304539253896
8.859,0.2200383,-0.3562992,9.871999200000001,-0.0005703209660250508,2,0.059105400606940195,-2.440178516549086,3,-9.472347261993669
8.875,0.21552570000000001,-0.3562992,9.833053500000002,-0.0005991738251172052,2,-0.0018033036932596487,-2.440187872507415,3,-9.51139019310612
8.89,0.2514303,-0.36826739999999997,9.833053500000002,-0.0005958050946652804,2,0.00022458203012830894,-2.4401968348493135,3,-9.547993078411297
8.906,0.2514303,-0.36826739999999997,9.833053500000002,-0.0005925185283679468,2,0.00020541039358334937,-2.440206341438298,3,-9.587036303821598
8.921,0.2514303,-0.3951468000000001,9.854046900000002,-5.243465570714534e-05,2,0.036005591510723,-2.4402111785871785,3,-9.623639435221786
8.937,0.23799060000000002,-0.3951468000000001,9.839037600000001,0.00010066568226463346,2,0.009568771123236166,-2.440210792738966,3,-9.662682810992395
8.953,0.2260224,-0.4235958000000001,9.839037600000001,0.0002719935799841977,2,0.010707993607472757,-2.440207811464868,3,-9.701726159826025
8.968,0.2260224,-0.36973890000000004,9.7941078,-0.000708540661969792,2,-0.06536894946359684,-2.440211085567983,3,-9.738329301553772
8.984,0.19610190000000002,-0.3562992,9.8016615,-0.0015089320120313943,2,-0.0500244593788501,-2.440228825349375,3,-9.777372820841112
9.0,0.1870767,-0.3562992,9.8928945,-7.076142776440975e-05,2,0.08988566151668645,-2.440241462896893,3,-9.816416583147083
9.015,0.1990449,-0.4101561,9.8928945,0.001388860190830954,2,0.09730810790635389,-2.4402315771561702,3,-9.853020130947483
9.031,0.1990449,-0.41466870000000006,9.9243846,0.003584689690804055,2,0.1372393437483187,-2.440191788757117,3,-9.892063517874789
9.046,0.18864630000000002,-0.41466870000000006,9.874942200000001,0.004517376422478847,2,0.062179115444991155,-2.440131023261267,3,-9.928665938964924
9.062,0.2080701,-0.36826739999999997,9.874942200000001,0.005392000880053871,2,0.05466402859843895,-2.4400517482428468,3,-9.967707401136957
9.078,0.2080701,-0.33824879999999996,9.851005800000001,0.00563578190625158,2,0.015236314137356807,-2.439963525980556,3,-10.006747523330745
9.093,0.2230794,-0.33824879999999996,9.8151012,0.0050066421396035565,2,-0.041942651109866655,-2.4398837078002122,3,-10.043346377584102
9.109,0.1930608,-0.34580249999999996,9.8151012,0.004383753824605208,2,-0.03893051968739677,-2.4398085846324986,3,-10.082383915923565
9.125,0.1930608,-0.33530580000000004,9.843550200000001,0.004460523054376608,2,0.004798076860712537,-2.439737830417467,3,-10.121420287243964
9.14,0.23200650000000003,-0.34580249999999996,9.8285409,0.004199009234509887,2,-0.017434254657780743,-2.4396728839253004,3,-10.158015867601536
9.156,0.21856680000000003,-0.34580249999999996,9.830012400000001,0.003972225948343677,2,-0.014173955385388114,-2.4396075140438374,3,-10.19705011078529
9.171,0.2065986,-0.3202965,9.830012400000001,0.0037236061203795856,2,-0.016574655197607445,-2.439549795303322,3,-10.23364379060539
9.187,0.2065986,-0.3907323,9.848062800000001,0.003982937251253205,2,0.016208195679601176,-2.439488142956349,3,-10.272676094111468
9.203,0.1870767,-0.3907323,9.821085300000002,0.003569085348811285,2,-0.02586574390261995,-2.4394277267755484,3,-10.311707421069324
9.218,0.1466595,-0.3817071,9.821085300000002,0.003139944838050468,2,-0.028609367384053386,-2.439377409049147,3,-10.34829845958801
9.234,0.1466595,-0.39818790000000004,9.877983300000002,0.004123687121142083,2,0.061483892693225906,-2.4393192999934734,3,-10.387328033260351
9.25,0.1497006,-0.39818790000000004,9.788123700000002,0.002894897944470287,2,-0.0767993235419872,-2.4392631513129484,3,-10.426356692870803
9.265,0.205029,-0.38023560000000006,9.788123700000002,0.0017031145352284227,2,-0.07945222728278795,-2.4392286662193507,3,-10.462945381502296
9.281,0.205029,-0.36071369999999997,9.8120601,0.0011056862017433389,2,-0.037339270842817705,-2.4392061958134548,3,-10.501972860398558
9.296,0.21258269999999999,-0.3622833,9.834525,0.0010755797018600077,2,-0.0020070999922222376,-2.4391898363191777,3,-10.53856083063955
9.312,0.19610190000000002,-0.3622833,9.843550200000001,0.0012577969377414178,2,0.011388577242588117,-2.439171169306061,3,-10.577587718684553
9.328,0.18413369999999998,-0.4027005000000001,9.843550200000001,0.0014682059521291535,2,0.013150563399233471,-2.4391493612829422,3,-10.616614282929264
9.343,0.18413369999999998,-0.33226469999999997,9.7956774,0.0004426478282688606,2,-0.0683705415906836,-2.4391350298795893,3,-10.653201415862984
9.359,0.2065986,-0.33226469999999997,9.8196138,3.637335607642456e-05,2,-0.02539215451202723,-2.4391311977101147,3,-10.692227545683702
9.375,0.1915893,-0.40711500000000006,9.8196138,-0.00029873972419380834,2,-0.02094456751688954,-2.4391332966410597,3,-10.731253661638512
9.39,0.1915893,-0.41309910000000005,9.8375661,-0.0001821983724408227,2,0.007769423450198748,-2.4391369036767845,3,-10.767840688140897
9.406,0.1631403,-0.41309910000000005,9.842078700000002,2.895486528942115e-05,2,0.013197077358140229,-2.4391381296248418,3,-10.80686688840731
9.421,0.173637,-0.37572300000000003,9.842078700000002,0.0002028368660305091,2,0.01159213338274013,-2.439136391186857,3,-10.843453947313394
9.437,0.173637,-0.37572300000000003,9.842078700000002,0.00037247784236349446,2,0.010602561020811576,-2.43913178866919,3,-10.882480092752242
9.453,0.18266220000000002,-0.34580249999999996,9.803133,-0.0004339081521003152,2,-0.05039912465398806,-2.439132280111668,3,-10.921506205302489
9.468,0.18266220000000002,-0.34580249999999996,9.803133,-0.0012206261954794684,2,-0.05244786955860822,-2.4391446891192747,3,-10.958093282571722
9.484,0.2230794,-0.34580249999999996,9.8464932,-0.0009111333663920362,2,0.01934330181796449,-2.4391617431957697,3,-10.997119734030242
9.5,0.2394621,-0.37425150000000007,9.860031000000001,-0.0002446108130271796,2,0.04165765958530351,-2.439170989149205,3,-11.036146395889002
9.515,0.2394621,-0.37425150000000007,9.860031000000001,0.00040565509269541167,2,0.04335106038150444,-2.4391697813171076,3,-11.072733951667502
9.531,0.1870767,-0.37425150000000007,9.821085300000002,6.341352385597077e-05,2,-0.02139009805246504,-2.439166028768175,3,-11.111760638148183
9.546,0.21552570000000001,-0.3338343,9.821085300000002,-0.000291776849859815,2,-0.02367935824772096,-2.43916774149312,3,-11.14834814142514
9.562,0.21552570000000001,-0.3143124,9.7971489,-0.0012373778665217827,2,-0.05910006354137293,-2.4391799747308514,3,-11.187374923154932
9.578,0.24701580000000004,-0.3143124,9.8824959,-6.188094944015177e-05,2,0.07346855731760187,-2.439190368801379,3,-11.22640188590319
9.593,0.1856052,-0.40113090000000007,9.8824959,0.0011287699345672308,2,0.07937672560048917,-2.439182367133991,3,-11.262989681422706
9.609,0.18266220000000002,-0.4176117,9.8824959,0.0023056785254027545,2,0.07355678692722016,-2.4391548915463113,3,-11.302016379492148
9.625,0.18266220000000002,-0.3712104,9.843550200000001,0.0024596974487050005,2,0.009626182706390365,-2.4391167685385184,3,-11.341042552772826
9.64,0.2140542,-0.3712104,9.7986204,0.0015305673652576957,2,-0.06194200556315131,-2.4390868415524136,3,-11.37762907984851
9.656,0.24103170000000002,-0.34580249999999996,9.7986204,0.0006167122725742047,2,-0.05711594329271814,-2.439069663315311,3,-11.416654331887452
9.671,0.24103170000000002,-0.3996594,9.8091171,3.0789960854704645e-05,2,-0.03906148744796981,-2.4390648070485605,3,-11.453240340415178
9.687,0.23053500000000002,-0.3996594,9.8165727,-0.00036534537938770484,2,-0.024758458765150572,-2.439067483491909,3,-11.492265398739502
9.703,0.2200383,-0.38023560000000006,9.8165727,-0.0007764874188040949,2,-0.025696377463524354,-2.4390766181542944,3,-11.53129055155267
9.718,0.2200383,-0.37268190000000007,9.860031000000001,-0.00012572556678058788,2,0.04338412346823216,-2.439083384751686,3,-11.567876751574467
9.734,0.2215098,-0.3532581,9.8240283,-0.00038478442066214313,2,-0.01619117836759719,-2.439087468831586,3,-11.606902118403132
9.75,0.1497006,-0.3891627,9.843550200000001,-0.0001618083044192531,2,0.013936007265180616,-2.4390918415733864,3,-11.645927552886372
9.765,0.1497006,-0.4116276,9.877983300000002,0.0009170001016887142,2,0.07192056040719509,-2.439086177634907,3,-11.682513888030435
9.781,0.1497006,-0.4116276,9.877983300000002,0.001969496107648183,2,0.06578100037246676,-2.4390630856652322,3,-11.721539082136836
9.796,0.16765290000000002,-0.4116276,9.7911648,0.000887982959017819,2,-0.07210087657536342,-2.4390416545722324,3,-11.758124867688615
9.812,0.21709530000000002,-0.32932170000000005,9.7911648,-0.0002193679305690921,2,-0.06920943059918189,-2.439036305652005,3,-11.797149491370408
9.828,0.21709530000000002,-0.32333760000000006,9.788123700000002,-0.0013786854019226524,2,-0.07245734195959745,-2.4390490900786648,3,-11.836174174536254
9.843,0.21258269999999999,-0.32333760000000006,9.836094600000001,-0.0013430275666390656,2,0.002377189018905696,-2.439069502925929,3,-11.87276006398379
9.859,0.20954160000000002,-0.3652263,9.836094600000001,-0.0012740992928090833,2,0.004308017114373893,-2.4390904399408044,3,-11.911785343526724
9.875,0.20954160000000002,-0.3562992,9.839037600000001,-0.0011431137433710603,2,0.00818659683987643,-2.439109777645094,3,-11.950810945267412
9.89,0.21101310000000004,-0.3562992,9.818044200000001,-0.0015261368961496657,2,-0.02553487685190606,-2.4391297970248904,3,-11.987397742077437
9.906,0.2006145,-0.3367773,9.8375661,-0.0014461564838210705,2,0.004998775770537196,-2.4391535753719302,3,-12.026424009056612
9.921,0.1990449,-0.3562992,9.8375661,-0.0013521450144047265,2,0.0062674312944234435,-2.439174562633167,3,-12.063011470091647
9.937,0.1990449,-0.40417200000000003,9.862974000000001,-0.0005962813269277945,2,0.04724148046730821,-2.4391901500438977,3,-12.102038387793064
9.953,0.2006145,-0.40417200000000003,9.8944641,0.0009091727586234555,2,0.09409088034695304,-2.439187646912444,3,-12.141065410168714
9.968,0.1796211,-0.4460607,9.8944641,0.0024119285495931564,2,0.10018371939797627,-2.4391627386526324,3,-12.177653038060454
9.984,0.1796211,-0.42663690000000004,9.806076000000001,0.001703732229607624,2,-0.04426226999909573,-2.439129813366399,3,-12.216679378476606
10.0,0.1526436,-0.42663690000000004,9.8615025,0.0023521066428529025,2,0.04052340082782987,-2.439097366655419,3,-12.25570519591678
10.015,0.1946304,-0.347274,9.8615025,0.002926798327251845,2,0.038312778959928045,-2.4390577748681435,3,-12.292291359478208
10.031,0.1946304,-0.3712104,9.834525,0.0028513298679371246,2,-0.0047167787071700175,-2.439011549842582,3,-12.331315914075894
10.046,0.2649681,-0.3712104,9.843550200000001,0.003037639753573629,2,0.012420659042434614,-2.4389673825704206,3,-12.36790075606899
10.062,0.2575125,-0.37425150000000007,9.8584614,0.003580691953702697,2,0.03394076250806674,-2.4389144359167623,3,-12.406923810616886
10.078,0.23347800000000002,-0.38621970000000005,9.8584614,0.004107163478833442,2,0.032904470320671536,-2.438852933073302,3,-12.445945949568808
10.093,0.23347800000000002,-0.34580249999999996,9.821085300000002,0.0036734371701925284,2,-0.02891508724272649,-2.438794578568434,3,-12.482528305906122
10.109,0.23347800000000002,-0.34580249999999996,9.821085300000002,0.0032502895520050146,2,-0.026446726136719587,-2.438739188754657,3,-12.521548576044706
10.125,0.21709530000000002,-0.34580249999999996,9.854046900000002,0.0036315546589946734,2,0.02382906918685366,-2.438684134000969,3,-12.56056796262675
10.14,0.1856052,-0.35178660000000006,9.854046900000002,0.00399300181254425,2,0.024096476903304197,-2.4386269498274324,3,-12.597147795755465
10.156,0.1856052,-0.4101561,9.848062800000001,0.004254820806552928,2,0.016363687125542356,-2.4385609672464796,3,-12.636165299092056
10.171,0.1661814,-0.4101561,9.8375661,0.004246042425453567,2,-0.0005852254066241374,-2.4384972107722396,3,-12.672743235427193
10.187,0.2140542,-0.32333760000000006,9.7582032,0.0022469856532101318,2,-0.12494104826521457,-2.4384452665476104,3,-12.711758775245752
10.203,0.2006145,-0.32333760000000006,9.7895952,0.0010548059185300218,2,-0.0745112334175068,-2.4384188522150363,3,-12.750773688195853
10.218,0.2006145,-0.32333760000000006,9.7895952,-0.00010829626164543527,2,-0.07754014534502754,-2.4384117533926095,3,-12.787349917737911
10.234,0.2350476,-0.36071369999999997,9.7656588,-0.0017757861041332035,2,-0.10421811515548542,-2.438426826051536,3,-12.826364626373465
10.25,0.1661814,-0.40868460000000006,9.7656588,-0.003391031325238103,2,-0.10095282631905614,-2.4384681605909706,3,-12.865379786266605
10.265,0.1661814,-0.40417200000000003,9.8196138,-0.0036567891240082417,2,-0.01771718658467524,-2.43852101924434,3,-12.901957205115371
10.281,0.1796211,-0.40417200000000003,9.8854389,-0.002306424040391164,2,0.08439781772606729,-2.438568724949655,3,-12.940973923068924
10.296,0.1856052,-0.3891627,9.8854389,-0.0010009763105056635,2,0.08702984865904037,-2.4385935304522866,3,-12.977552639984436
10.312,0.1856052,-0.3951468000000001,9.8734707,-1.3207095619804932e-05,2,0.061735575930366104,-2.4386016439195357,3,-13.01657020137941
10.328,0.1482291,-0.3951468000000001,9.831582000000001,-8.566621517935857e-05,2,-0.004528694972472098,-2.4386024349060222,3,-13.055587834010016
10.343,0.2065986,-0.43713360000000007,9.831582000000001,-8.739572139937479e-05,2,-0.00011530041466774358,-2.4386037328705465,3,-13.09216688026834
10.359,0.2065986,-0.3891627,9.839037600000001,4.34656813403933e-05,2,0.008178837671235499,-2.438604084310867,3,-13.131184542805793
10.375,0.1870767,-0.3891627,9.800091900000002,-0.0007873590294735777,2,-0.05192654442587314,-2.438610035457652,3,-13.170202255763941
10.39,0.20208600000000002,-0.32333760000000006,9.7851807,-0.0020123818508359648,2,-0.08166818809082271,-2.4386310335142545,3,-13.206781563781233
10.406,0.23799060000000002,-0.3248091,9.7851807,-0.003186661906525501,2,-0.07339250348059594,-2.438672625864313,3,-13.245799993056261
10.421,0.23799060000000002,-0.3562992,9.8076456,-0.003758193500988938,2,-0.03810210629756553,-2.4387247122798694,3,-13.28238047309234
10.437,0.2274939,-0.3562992,9.8196138,-0.004030218181341638,2,-0.017001542522043764,-2.438787019573328,3,-13.321400566947165
10.453,0.2425032,-0.34580249999999996,9.8196138,-0.004295999480207868,2,-0.016611331179139363,-2.4388536293146204,3,-13.360421692138269
10.468,0.2425032,-0.3427614,9.8794548,-0.0030996842404551472,2,0.07975434931684505,-2.4389090969425253,3,-13.3970049125852
10.484,0.21856680000000003,-0.3427614,9.8689581,-0.002201959091816974,2,0.05610782178988578,-2.4389515100891836,3,-13.436027797441453
10.5,0.1870767,-0.3427614,9.8689581,-0.0013419014141273777,2,0.05375360485559972,-2.438979860973231,3,-13.475051248409953
10.515,0.1870767,-0.36669779999999996,9.8240283,-0.0015767457650319727,2,-0.01565629006030574,-2.439001750827075,3,-13.511636110498456
10.531,0.1497006,-0.40417200000000003,9.833053500000002,-0.001565730826975198,2,0.0006884336285484232,-2.439026890639811,3,-13.550660339630191
10.546,0.1406754,-0.40417200000000003,9.8016615,-0.002323163797534278,2,-0.050495531370609394,-2.439056057349495,3,-13.587245961740107
10.562,0.17069399999999998,-0.3248091,9.8016615,-0.003122425061535594,2,-0.04995382900008223,-2.4390996220603673,3,-13.626271207175387
10.578,0.17069399999999998,-0.3547296,9.8076456,-0.003731078006360633,2,-0.03804080905156489,-2.4391544500849105,3,-13.66529723975255
10.593,0.18413369999999998,-0.3547296,9.783611100000002,-0.004904680945013951,2,-0.0782401959102182,-2.439219218277046,3,-13.701885042265266
10.609,0.1661814,-0.40417200000000003,9.783611100000002,-0.006010763631895344,2,-0.06913016793008703,-2.4393065418336612,3,-13.740913248346152
10.625,0.1661814,-0.39220380000000005,9.7791966,-0.007209306412908845,2,-0.07490892381334373,-2.4394123023940195,3,-13.779942999099973
10.64,0.21552570000000001,-0.39220380000000005,9.7806681,-0.008319298893560756,2,-0.07399949871012461,-2.439528766933818,3,-13.816535057119934
10.656,0.2425032,-0.3936753,9.7806681,-0.009385387902787201,2,-0.06663056307665277,-2.4396704044281887,3,-13.855568650490829
10.671,0.2425032,-0.39220380000000005,9.7866522,-0.010281123213893295,2,-0.059715687407077736,-2.439817903261564,3,-13.8921648127985
10.687,0.2006145,-0.4176117,9.860031000000001,-0.009364764744258736,2,0.05727240435215992,-2.439975070365229,3,-13.931203156587515
10.703,0.2215098,-0.4176117,9.8809263,-0.007950801466375168,2,0.08837270486772289,-2.4401135948949144,3,-13.970243865909596
10.718,0.2215098,-0.4176117,9.8809263,-0.00657132509770797,2,0.09196509124447641,-2.440222510844145,3,-14.006846386702641
10.734,0.173637,-0.3503151,9.8464932,-0.0061517130839785494,2,0.026225750858088735,-2.4403242951495985,3,-14.045890761150591
10.75,0.24701580000000004,-0.3503151,9.834525,-0.0059957698943993165,2,0.009746449348702049,-2.4404214750134257,3,-14.084936727311895
10.765,0.2394621,-0.344331,9.834525,-0.005853332538974243,2,0.009495823695004542,-2.440510343281676,3,-14.121543715949109
10.781,0.2394621,-0.3562992,9.851005800000001,-0.005302391968530884,2,0.03443378565270991,-2.440599589077736,3,-14.160592595407984
10.796,0.2394621,-0.3562992,9.851005800000001,-0.004764888972976777,2,0.03583353303694333,-2.4406750936847974,3,-14.1972021555287
10.812,0.23200650000000003,-0.3562992,9.7851807,-0.005848830137109573,2,-0.06774632275829967,-2.440760003437678,3,-14.23625363630568
10.828,0.21709530000000002,-0.35178660000000006,9.7851807,-0.006918650600816534,2,-0.066863778981685,-2.4408621432835815,3,-14.275306613479449
10.843,0.21856680000000003,-0.35777070000000005,9.7895952,-0.007848720536774323,2,-0.06200466239718359,-2.4409728985671135,3,-14.311920376293331
10.859,0.21856680000000003,-0.34128990000000003,9.8854389,-0.006434775242219359,2,0.08837158090968514,-2.4410871665333453,3,-14.350976856814135
10.875,0.1571562,-0.34128990000000003,9.860031000000001,-0.00570301512989424,2,0.04573500702031992,-2.4411842688563223,3,-14.390035028297254
10.89,0.1646118,-0.3592422,9.860031000000001,-0.004970595364179431,2,0.04882798438098542,-2.4412643209350278,3,-14.42665339272069
10.906,0.1646118,-0.4505733,9.9048627,-0.0030724829068020654,2,0.11863202858608524,-2.4413286655611954,3,-14.46571413661266
10.921,0.1482291,-0.4505733,9.8495343,-0.002574888606414305,2,0.03317295335918669,-2.4413710208475448,3,-14.502334384260722
10.937,0.18266220000000002,-0.3831786,9.8495343,-0.0021448377863499957,2,0.026878176254019313,-2.441408778658687,3,-14.541396622656771
10.953,0.18266220000000002,-0.38023560000000006,9.7971489,-0.0030045714692761294,2,-0.05373335518288331,-2.4414499739327318,3,-14.580459492677502
10.968,0.173637,-0.38023560000000006,9.7851807,-0.004138976775088565,2,-0.07562702038749286,-2.4415035505445646,3,-14.617081644111083
10.984,0.20208600000000002,-0.3532581,9.7851807,-0.005257043394051308,2,-0.06987916368517139,-2.4415787187059177,3,-14.656146302265087
11.0,0.21101310000000004,-0.3891627,9.806076000000001,-0.005800936539886337,2,-0.03399332161468924,-2.4416671825453893,3,-14.695212269475098
11.015,0.21101310000000004,-0.37268190000000007,9.848062800000001,-0.005324066227085922,2,0.03179135418669311,-2.4417506200661414,3,-14.731837902994686
11.031,0.21258269999999999,-0.37268190000000007,9.874942200000001,-0.0042030288306662555,2,0.07006483727622909,-2.4418268368266034,3,-14.770906522649828
11.046,0.23200650000000003,-0.3951468000000001,9.874942200000001,-0.00307739944998886,2,0.0750419587118324,-2.441881440038708,3,-14.807534334726315
11.062,0.23200650000000003,-0.3712104,9.7971489,-0.0038973762596690165,2,-0.05124855060500972,-2.4419372382443854,3,-14.84660488415258
11.078,0.17510850000000003,-0.3712104,9.8091171,-0.004434508537134008,2,-0.03357076734156192,-2.44200389332276,3,-14.885676413205116
11.093,0.21552570000000001,-0.4400766,9.8091171,-0.004869545364551087,2,-0.029002455161137506,-2.4420736737270223,3,-14.92230699495799
11.109,0.21552570000000001,-0.36071369999999997,9.830012400000001,-0.004863722555477068,2,0.0003639255671261662,-2.4421515398703826,3,-14.96138079666677
11.125,0.1721655,-0.36071369999999997,9.854046900000002,-0.004293154087584128,2,0.035660529243308724,-2.442224794883527,3,-15.000455807344801
11.14,0.18864630000000002,-0.33226469999999997,9.854046900000002,-0.0037535275527602607,2,0.03597510232158978,-2.4422851449958296,3,-15.037089631893897
11.156,0.2274939,-0.3083283,9.8105886,-0.004285187631126064,2,-0.03322875489786267,-2.442349454717301,3,-15.076166708691602
11.171,0.21101310000000004,-0.42506730000000004,9.834525,-0.0041233980486836685,2,0.010785972162827227,-2.4424125191098995,3,-15.112802423495303
11.187,0.21101310000000004,-0.36375480000000004,9.834525,-0.004025466025352031,2,0.00612075145822732,-2.4424777100224917,3,-15.151881545328362
11.203,0.21101310000000004,-0.37572300000000003,9.8584614,-0.00333570196051447,2,0.043110254052347544,-2.442536599366379,3,-15.190961659803472
11.218,0.21101310000000004,-0.37572300000000003,9.8584614,-0.002662761409453651,2,0.04486270340405289,-2.4425815878416537,3,-15.227600046207534
11.234,0.17667810000000003,-0.37572300000000003,9.848062800000001,-0.0022760848749285856,2,0.024167283407816577,-2.4426210986119288,3,-15.266681667699164
11.25,0.19757340000000004,-0.4221243,9.848062800000001,-0.0018433670290818327,2,0.02704486536542203,-2.4426540542271606,3,-15.305763868921876
11.265,0.19757340000000004,-0.37268190000000007,9.851005800000001,-0.0013981017232769233,2,0.02968435372032617,-2.4426783652428035,3,-15.342403862067902
11.281,0.1661814,-0.37268190000000007,9.9184005,0.0006645540836576203,2,0.12891598793340886,-2.4426842336239205,3,-15.381486762858836
11.296,0.1466595,-0.3622833,9.9184005,0.0026600088403956335,2,0.13303031711587826,-2.4426592994019902,3,-15.418126839356528
11.312,0.20208600000000002,-0.35178660000000006,9.851005800000001,0.0029789427394355528,2,0.01993336868999494,-2.4426141877893515,3,-15.45720902725406
11.328,0.20208600000000002,-0.34580249999999996,9.8165727,0.0024457983173977738,2,-0.03332152637736116,-2.4425707898608966,3,-15.496290507075262
11.343,0.18413369999999998,-0.34580249999999996,9.764187300000001,0.0006403799670930965,2,-0.12036122335364059,-2.442547643523763,3,-15.532928895325648
11.359,0.2140542,-0.3532581,9.764187300000001,-0.0010996323086960302,2,-0.10875076723682033,-2.4425513175424958,3,-15.572009687014178
11.375,0.2140542,-0.3592422,9.830012400000001,-0.0011878552214508176,2,-0.005513932047174203,-2.442569617442737,3,-15.61109065449406
11.39,0.2140542,-0.3592422,9.830012400000001,-0.0012739263558465552,2,-0.005738075626382293,-2.442588080804567,3,-15.647729337230915
11.406,0.19757340000000004,-0.3547296,9.7971489,-0.002171164094633582,2,-0.05607735867418912,-2.4426156415281706,3,-15.686810967009578
11.421,0.19757340000000004,-0.36071369999999997,9.854046900000002,-0.0016546514797788348,2,0.03443417432365259,-2.4426443351449785,3,-15.723450416834623
11.437,0.1571562,-0.36071369999999997,9.8091171,-0.002263437547536995,2,-0.03804912923488498,-2.442675679857197,3,-15.76253297695464
11.453,0.1781496,-0.4101561,9.8091171,-0.002801290842997517,2,-0.033615830966282595,-2.4427161976843212,3,-15.801616111974973
11.468,0.1781496,-0.4101561,9.8091171,-0.0033260257653981995,2,-0.03498232816004418,-2.4427621525588843,3,-15.838257199601799
11.484,0.19011780000000003,-0.43262100000000003,9.845021700000002,-0.0029342651142645337,2,0.02448504069585409,-2.442812234885922,3,-15.877341794701357
11.5,0.19011780000000003,-0.36669779999999996,9.8046045,-0.003602180836242752,2,-0.04174473262363861,-2.442864526453526,3,-15.916427208792072
11.515,0.2080701,-0.36669779999999996,9.8046045,-0.004244922696635456,2,-0.04284945735951196,-2.4429233797300225,3,-15.95307061808845
11.531,0.1721655,-0.32932170000000005,9.8046045,-0.004921285518999952,2,-0.04227267639778095,-2.4429967093957474,3,-15.992157978801457
11.546,0.1721655,-0.39818790000000004,9.8165727,-0.005227265955701554,2,-0.020398695780108497,-2.4430728235318075,3,-16.02880350029841
11.562,0.2575125,-0.3951468000000001,9.862974000000001,-0.004352827516695967,2,0.05465240243784914,-2.443149464279587,3,-16.0678932786009
11.578,0.2575125,-0.3951468000000001,9.862974000000001,-0.003499716844496348,2,0.053319417012476174,-2.4432122846344764,3,-16.10698417259221
11.593,0.2575125,-0.3487455,9.7941078,-0.004388080102948777,2,-0.059224217230159706,-2.4432714431115823,3,-16.143632800550307
11.609,0.2575125,-0.3487455,9.830012400000001,-0.004379907491518509,2,0.0005107882143917659,-2.443341587012338,3,-16.1827257047913
11.625,0.21856680000000003,-0.3503151,9.830012400000001,-0.004393555208332955,2,-0.0008529823009029151,-2.443411774713937,3,-16.22181973168511
11.64,0.2006145,-0.3503151,9.8091171,-0.004925409197898745,2,-0.03545693263771794,-2.4434816669469837,3,-16.25847143249757
11.656,0.2006145,-0.3907323,9.8944641,-0.0033275206625411613,2,0.09986803345984888,-2.4435476903858673,3,-16.29756766735623
11.671,0.205029,-0.3907323,9.8794548,-0.002132116550486174,2,0.0796936074703389,-2.443588637664965,3,-16.334221189816606
11.687,0.23200650000000003,-0.3771945,9.8794548,-0.0009641495077037376,2,0.0729979401739022,-2.4436134077934306,3,-16.373318806180272
11.703,0.23200650000000003,-0.3951468000000001,9.8196138,-0.0012655316952709939,2,-0.018836386722953496,-2.443631245243054,3,-16.412416763404565
11.718,0.24544620000000003,-0.3951468000000001,9.836094600000001,-0.001150081532733438,2,0.007696677502503435,-2.4436493623422644,3,-16.449071367961455
11.734,0.2499588,-0.36669779999999996,9.836094600000001,-0.0010615216060436694,2,0.005534995418110528,-2.4436670551673747,3,-16.488169899301532
11.75,0.2499588,-0.3907323,9.8644455,-0.0002618551965767324,2,0.04997915059168352,-2.443677642181796,3,-16.527268656880324
11.765,0.24397470000000002,-0.3907323,9.8674866,0.0005887495102800955,2,0.05670698045711971,-2.443675190474443,3,-16.563923803125245
11.781,0.2140542,-0.3338343,9.8674866,0.0013507836221648972,2,0.04762713199280007,-2.4436596742093837,3,-16.603022482042714
11.796,0.21258269999999999,-0.39671639999999997,9.821085300000002,0.0010196209576776027,2,-0.02207751096582141,-2.443641896175035,3,-16.639677243820593
11.812,0.21258269999999999,-0.3503151,9.821085300000002,0.0006535343785696313,2,-0.022880411194248197,-2.4436285109323452,3,-16.678775407077453
11.828,0.1796211,-0.3503151,9.8151012,0.000134501040779611,2,-0.03243958361187624,-2.4436222066489903,3,-16.717873412818104
11.843,0.19757340000000004,-0.36669779999999996,9.8151012,-0.0003488840431771223,2,-0.032225672263781,-2.443623814521508,3,-16.754527757976884
11.859,0.19757340000000004,-0.3622833,9.821085300000002,-0.0006786491980239617,2,-0.020610322177927447,-2.443632034787438,3,-16.793625804771356
11.875,0.2274939,-0.3622833,9.7851807,-0.0018594824907580687,2,-0.07380208079588162,-2.443652339840948,3,-16.832724079768383
11.89,0.1946304,-0.4116276,9.7851807,-0.002981241633081666,2,-0.07478394282157032,-2.4436886452718767,3,-16.86937913715673
11.906,0.1946304,-0.37572300000000003,9.8196138,-0.0032717868425304886,2,-0.018159075590551393,-2.4437386694996817,3,-16.908478555674904
11.921,0.23053500000000002,-0.37572300000000003,9.7971489,-0.004083677468992519,2,-0.05412604176413974,-2.443793835482018,3,-16.945135049462262
11.937,0.21101310000000004,-0.3951468000000001,9.834525,-0.003957201207541061,2,0.007904766340716123,-2.44385816251143,3,-16.98423626544621
11.953,0.20208600000000002,-0.39220380000000005,9.834525,-0.0038412484630736543,2,0.007247046529212924,-2.4439205501087953,3,-17.023338495147172
11.968,0.20208600000000002,-0.36669779999999996,9.854046900000002,-0.003276389816715408,2,0.03765724309054831,-2.4439739323958936,3,-17.05999770376596
11.984,0.15421320000000002,-0.36669779999999996,9.8136297,-0.003731379243689048,2,-0.028436839185852467,-2.444029994548377,3,-17.099101735181513
12.0,0.142245,-0.36071369999999997,9.8136297,-0.004185081830483384,2,-0.02835641167464595,-2.4440933262369704,3,-17.138206721747796
12.015,0.142245,-0.39671639999999997,9.821085300000002,-0.0044121836606692,2,-0.01514012201238718,-2.444157805728154,3,-17.174868605237535
12.031,0.15568469999999998,-0.39671639999999997,9.8225568,-0.004592922551195144,2,-0.011296180657871514,-2.444229846577849,3,-17.213975706455983
12.046,0.2215098,-0.3907323,9.8225568,-0.004744302217618568,2,-0.010091977761562378,-2.4442998757636154,3,-17.250639679373542
12.062,0.2215098,-0.3907323,9.8225568,-0.004891989697055621,2,-0.009230467464815808,-2.444376966098933,3,-17.28974909410844
12.078,0.2215098,-0.3202965,9.8734707,-0.003857364327286561,2,0.06466408561056619,-2.4444469609311277,3,-17.32885968552468
12.093,0.2529999,-0.3338343,9.851005800000001,-0.003366035520953048,2,0.032755253755566295,-2.4445011364299893,3,-17.36552679625489
12.109,0.2529999,-0.3338343,9.851005800000001,-0.00288669034404343,2,0.029959073556851096,-2.4445511582369095,3,-17.404639214612224
12.125,0.2290635,-0.34580249999999996,9.834525,-0.002824862057568822,2,0.0038642679046629845,-2.444596850656122,3,-17.44375239868337
12.14,0.2080701,-0.34580249999999996,9.855518400000001,-0.0022643071364694123,2,0.037370328073292575,-2.4446350194250774,3,-17.48042163770898
12.156,0.2080701,-0.34580249999999996,9.855518400000001,-0.0017174242866158096,2,0.03418017811585014,-2.444666873276462,3,-17.51953605285059
12.171,0.2006145,-0.3487455,9.855518400000001,-0.0011851200277508411,2,0.03548695059100076,-2.4446886423588197,3,-17.556206219217852
12.187,0.18413369999999998,-0.37572300000000003,9.842078700000002,-0.0009769773434573636,2,0.01300891776834233,-2.444705939137789,3,-17.595321375869826
12.203,0.1437165,-0.44753220000000005,9.842078700000002,-0.0007171370353837858,2,0.0162400192545986,-2.44471949205282,3,-17.63443677931935
12.218,0.1437165,-0.44753220000000005,9.842078700000002,-0.0004636342957997641,2,0.016900182638934138,-2.444728347837804,3,-17.67110763811853
12.234,0.1437165,-0.4027005000000001,9.877983300000002,0.0006114038262055033,2,0.06718988262532916,-2.444727165681561,3,-17.710223282226686
12.25,0.145188,-0.4027005000000001,9.8120601,5.438074689045891e-05,2,-0.034813942457190244,-2.444721839404976,3,-17.749338874267377
12.265,0.1661814,-0.34128990000000003,9.8120601,-0.0005376762095234966,2,-0.03947046376092887,-2.4447254641209457,3,-17.786009729043823
12.281,0.1915893,-0.3218661,9.776155500000002,-0.0019950829726376185,2,-0.09108792269463253,-2.444745726194403,3,-17.825125498566344
12.296,0.1915893,-0.3547296,9.803133,-0.0027317975335243716,2,-0.04911430405912083,-2.444781177798199,3,-17.861796950346285
12.312,0.1946304,-0.3547296,9.839037600000001,-0.0025741038658519955,2,0.0098558542295235,-2.444823625009394,3,-17.900913788768747
12.328,0.21258269999999999,-0.31136939999999996,9.839037600000001,-0.002446972704746031,2,0.007945697569122771,-2.4448637936219586,3,-17.940031288117797
12.343,0.21258269999999999,-0.36071369999999997,9.7791966,-0.0037400798554738657,2,-0.08620714338185238,-2.4449101965161604,3,-17.976704593043834
12.359,0.205029,-0.36071369999999997,9.836094600000001,-0.0036190621503315867,2,0.007563606571392427,-2.4449690696522066,3,-18.01582362717318
12.375,0.23200650000000003,-0.3996594,9.836094600000001,-0.003449713865020243,2,0.010584267831958974,-2.4450256198603295,3,-18.05494358468928
12.39,0.23200650000000003,-0.43262100000000003,9.871999200000001,-0.00237588589719806,2,0.07158853118814282,-2.4450693118585463,3,-18.091619296677173
12.406,0.24103170000000002,-0.43262100000000003,9.8615025,-0.0015786766888741255,2,0.04982557552024587,-2.4451009483592347,3,-18.130740658758917
12.421,0.21856680000000003,-0.42957990000000007,9.851005800000001,-0.0010726141074304252,2,0.03373750542958274,-2.445120833040207,3,-18.16741732211941
12.437,0.1856052,-0.36973890000000004,9.851005800000001,-0.0006545222119012095,2,0.026130743470575955,-2.445134650130762,3,-18.206539365984778
12.453,0.1856052,-0.3173535,9.7941078,-0.0016779361572840656,2,-0.06396337158642845,-2.4451533097977154,3,-18.245661669664205
12.468,0.16912439999999998,-0.3173535,9.8046045,-0.0024278183350201488,2,-0.04999214518240365,-2.4451841029564076,3,-18.282339200259862
12.484,0.1930608,-0.3173535,9.8046045,-0.0031486350428213683,2,-0.04505104423757618,-2.4452287145834304,3,-18.32146250280018
12.5,0.1930608,-0.3487455,9.818044200000001,-0.0034983551464300433,2,-0.021857506475542167,-2.4452818905049445,3,-18.36058658764089
12.515,0.19610190000000002,-0.3487455,9.8165727,-0.003873937162026664,2,-0.025038801039773753,-2.445337182697258,3,-18.397266230689905
12.531,0.16765290000000002,-0.37866600000000006,9.8165727,-0.004226188666109465,2,-0.02201571900517505,-2.445401983703883,3,-18.436392144021113
12.546,0.16765290000000002,-0.35178660000000006,9.842078700000002,-0.0039726104717399124,2,0.01690521295797153,-2.445463474697417,3,-18.47307363495912
12.562,0.19011780000000003,-0.35178660000000006,9.830012400000001,-0.004009323379660756,2,-0.0022945567450527427,-2.445527330168228,3,-18.512201561398047
12.578,0.2200383,-0.34128990000000003,9.836094600000001,-0.003890726690967128,2,0.007412293043351774,-2.445590530568793,3,-18.551330504283943
12.593,0.1990449,-0.40417200000000003,9.836094600000001,-0.0037278567453871148,2,0.010857996372000462,-2.4456476699445657,3,-18.588014790787796
12.609,0.1990449,-0.4027005000000001,9.888480000000001,-0.0022940603970429407,2,0.08961227177151079,-2.4456958452817052,3,-18.627145538909605
12.625,0.19011780000000003,-0.4027005000000001,9.839037600000001,-0.00210419986227528,2,0.011866283422978786,-2.44573103136378,3,-18.666276953922768
12.64,0.2274939,-0.3592422,9.839037600000001,-0.001940644467174124,2,0.010903693006743313,-2.445761367696251,3,-18.70296314691572
12.656,0.2274939,-0.4056435,9.803133,-0.0026118743192817817,2,-0.04195186575672857,-2.4457977878465424,3,-18.742095620160065
12.671,0.21258269999999999,-0.4056435,9.8120601,-0.003057389759632656,2,-0.029701029356727346,-2.4458403073271344,3,-18.778782905873864
12.687,0.21709530000000002,-0.36973890000000004,9.8120601,-0.0035241975033653006,2,-0.02917548398329026,-2.4458929600252386,3,-18.817916772012683
12.703,0.21709530000000002,-0.36973890000000004,9.8120601,-0.003979619692371372,2,-0.028463886812879455,-2.4459529905628044,3,-18.857051539617387
12.718,0.20355750000000003,-0.36071369999999997,9.8165727,-0.0043292258110323445,2,-0.023307074577397266,-2.44601530690408,3,-18.89374130184839
12.734,0.20208600000000002,-0.39220380000000005,9.8076456,-0.0048591338561987385,2,-0.0331192528228996,-2.446088813781418,3,-18.932878134813873
12.75,0.20208600000000002,-0.39220380000000005,9.8076456,-0.0053761173148973995,2,-0.032311466168666286,-2.4461706957907867,3,-18.97201621089045
12.765,0.173637,-0.3487455,9.8076456,-0.005933773365979889,2,-0.03717707007216453,-2.4462555199708933,3,-19.008709407508665
12.781,0.1781496,-0.3891627,9.8674866,-0.004980646614948014,2,0.05957042193949208,-2.4463428353307406,3,-19.047850194351078
12.796,0.1870767,-0.40417200000000003,9.8674866,-0.0040320394592168185,2,0.06324047704875149,-2.446410430476297,3,-19.084545843844626
12.812,0.1870767,-0.40417200000000003,9.8674866,-0.0031065690633820253,2,0.057841899739674525,-2.4464675393444777,3,-19.123688867603192
12.828,0.1870767,-0.3262806,9.8689581,-0.002238062773072258,2,0.05428164314436041,-2.446510296399169,3,-19.162832690289143
12.843,0.19757340000000004,-0.3262806,9.827069400000001,-0.0024066641139199874,2,-0.011240089389848199,-2.446545131850822,3,-19.19953060600102
12.859,0.2215098,-0.3532581,9.827069400000001,-0.0025359838473768548,2,-0.008082483341054207,-2.446584673034512,3,-19.238675644440104
12.875,0.2215098,-0.3652263,9.8046045,-0.0031988945220930987,2,-0.04143191716976521,-2.446630552061468,3,-19.27782136624087
12.89,0.24103170000000002,-0.3652263,9.7866522,-0.004271841010716315,2,-0.07152976590821172,-2.4466865825779642,3,-19.31452124475067
12.906,0.24544620000000003,-0.3218661,9.8809263,-0.0030556115694579944,2,0.07601434007864498,-2.446745202198606,3,-19.35366869902888
12.921,0.21709530000000002,-0.33981839999999996,9.8809263,-0.0018705688770612738,2,0.07900284615978773,-2.4467821485519545,3,-19.390370154159505
12.937,0.21709530000000002,-0.3817071,9.8584614,-0.0012245440136346986,2,0.04037655396416092,-2.44680690945508,3,-19.42951886662356
12.953,0.16912439999999998,-0.3817071,9.907903800000001,0.0005876647572211624,2,0.11326304817849121,-2.4468120044891313,3,-19.468667817935113
12.968,0.15421320000000002,-0.3622833,9.907903800000001,0.0023319717037573184,2,0.11628712976907266,-2.446790107215674,3,-19.5053698337729
12.984,0.15421320000000002,-0.4116276,9.842078700000002,0.0024767946655419593,2,0.009051435111540043,-2.4467516370847195,3,-19.544518167727304
13.0,0.16019730000000001,-0.4116276,9.854046900000002,0.0029120284597947688,2,0.02720211214080057,-2.446708526499717,3,-19.58366584903598
13.015,0.19757340000000004,-0.33530580000000004,9.854046900000002,0.0032826930483658145,2,0.024710972571402114,-2.4466620660884058,3,-19.620366128480395
13.031,0.19757340000000004,-0.32932170000000005,9.8016615,0.0023626804685488167,2,-0.057500786238562314,-2.4466169031002702,3,-19.659512360233904
13.046,0.1631403,-0.32932170000000005,9.830012400000001,0.0021406663287280026,2,-0.014800942654722139,-2.4465831279992907,3,-19.69621136046715
13.062,0.2200383,-0.3532581,9.8405091,0.002227134904169148,2,0.005404285965071582,-2.4465481855894273,3,-19.73535641097586
13.078,0.2200383,-0.40417200000000003,9.771642900000002,0.0006814213393049329,2,-0.09660709780401336,-2.4465249171394796,3,-19.77450099579769
13.093,0.2200383,-0.40417200000000003,9.771642900000002,-0.0008265918947092388,2,-0.10053421560094096,-2.446526005918645,3,-19.811198877720628
13.109,0.20355750000000003,-0.40417200000000003,9.8495343,-0.0004087551504614595,2,0.02611479651548618,-2.4465358886950064,3,-19.850343372877536
13.125,0.1661814,-0.38023560000000006,9.8495343,-4.142799665984853e-05,2,0.022957947112600664,-2.446539490160183,3,-19.889487975908377
13.14,0.1661814,-0.3592422,9.8734707,0.0008810800512222272,2,0.061500536525469385,-2.446533192769774,3,-19.926186021030354
13.156,0.2215098,-0.3592422,9.860031000000001,0.0014800612633010246,2,0.0374363257549248,-2.446514303639258,3,-19.965330401001626
13.171,0.1721655,-0.4116276,9.860031000000001,0.002090327808760506,2,0.0406844363639687,-2.4464875257212175,3,-20.002027914721825
13.187,0.1721655,-0.3622833,9.7941078,0.0010319763227570888,2,-0.06614696787521351,-2.4464625472881654,3,-20.0411715153059
13.203,0.2140542,-0.3622833,9.803133,0.00023948901539050382,2,-0.04953045671041152,-2.4464523755654604,3,-20.080314834688732
13.218,0.1796211,-0.3712104,9.8165727,-0.0002148704998123918,2,-0.03029063434685856,-2.4464521909265935,3,-20.117011618937422
13.234,0.23799060000000002,-0.38621970000000005,9.8165727,-0.000613786213838452,2,-0.02493223212662874,-2.4464588201803026,3,-20.156154907026277
13.25,0.23799060000000002,-0.3771945,9.8405091,-0.00042830822713035843,2,0.011592374169255838,-2.4464671569358303,3,-20.195298314843207
13.265,0.2365191,-0.3771945,9.8105886,-0.0009772387918367542,2,-0.036595370980425,-2.4464776985384726,3,-20.231995401259265
13.281,0.16765290000000002,-0.34580249999999996,9.8105886,-0.0015755362626226344,2,-0.037393591924117474,-2.4464981207389083,3,-20.271139207813484
13.296,0.16765290000000002,-0.37268190000000007,9.8495343,-0.0011861788963596354,2,0.025957157750868688,-2.4465188336026005,3,-20.30783683497104
13.312,0.18864630000000002,-0.37268190000000007,9.8375661,-0.0010887098260994321,2,0.006091816891262697,-2.44653703271238,3,-20.346981281901563
13.328,0.21856680000000003,-0.33530580000000004,9.8375661,-0.0010113022175133324,2,0.0048379755366312295,-2.446553832808729,3,-20.38612600882573
13.343,0.21856680000000003,-0.3951468000000001,9.806076000000001,-0.0016488879674749768,2,-0.04250571666410802,-2.4465737842351163,3,-20.42282446595356
13.359,0.21856680000000003,-0.3951468000000001,9.806076000000001,-0.002270922845486467,2,-0.038877179875718114,-2.4466051427216198,3,-20.461969897369215
13.375,0.2365191,-0.38621970000000005,10.0291554,0.002558993935311449,2,0.30186979879986947,-2.4466028381529012,3,-20.50111556121621
13.39,0.18266220000000002,-0.3831786,10.0291554,0.007240840265099635,2,0.3121230886525339,-2.446529339396398,3,-20.53781405254783
13.406,0.18266220000000002,-0.34580249999999996,9.9184005,0.009076127114330035,2,0.11470542807689989,-2.4463988036573627,3,-20.57695747769226
13.421,0.18266220000000002,-0.34580249999999996,9.9184005,0.01086665086967642,2,0.11936825035643527,-2.4462492328224825,3,-20.613652337965856
13.437,0.205029,-0.34580249999999996,9.7971489,0.009669256865391773,2,-0.07483712526779034,-2.446084945560602,3,-20.65279101139292
13.453,0.21709530000000002,-0.37268190000000007,9.7971489,0.008531419677952456,2,-0.07111482421495723,-2.4459393401482554,3,-20.691927205678592
13.468,0.21709530000000002,-0.37572300000000003,9.6773688,0.004505595818862673,2,-0.26838825727264204,-2.445841562532029,3,-20.728615562448695
13.484,0.205029,-0.37572300000000003,9.6938496,0.0009731292957351201,2,-0.22077915769547188,-2.4457977327311125,3,-20.7677486768108
13.5,0.17510850000000003,-0.3592422,9.6938496,-0.0025026995079961978,2,-0.21723930023320717,-2.4458099692928106,3,-20.806881538426993
13.515,0.17510850000000003,-0.36826739999999997,9.743193900000001,-0.004683037580775817,2,-0.1453558715186358,-2.4458638623209765,3,-20.8435690921641
13.531,0.18109260000000002,-0.3652263,9.7582032,-0.006444559619595225,2,-0.11009512742621287,-2.4459528830985793,3,-20.882703626127455
13.546,0.21709530000000002,-0.39818790000000004,9.8091171,-0.006873332113915609,2,-0.028584832954694574,-2.4460527672865804,3,-20.91939366850534
13.562,0.21709530000000002,-0.39818790000000004,9.8091171,-0.007291646742521252,2,-0.026144664287852646,-2.4461660871174318,3,-20.95853141934057
13.578,0.21709530000000002,-0.33824879999999996,9.851005800000001,-0.006733762067110405,2,0.0348677922131779,-2.446278290387909,3,-20.997670974360613
13.593,0.23053500000000002,-0.33824879999999996,9.9378243,-0.00406632850425126,2,0.17782890419060293,-2.446359291067194,3,-21.03436575622153
13.609,0.21258269999999999,-0.39220380000000005,9.975298500000001,-0.000512299568857344,2,0.22212680846211955,-2.446395920091779,3,-21.0735077979108
13.625,0.2230794,-0.39220380000000005,9.889951500000002,0.0008811411443634398,2,0.0870900445762989,-2.446392969359175,3,-21.112650109026408
13.64,0.2080701,-0.36826739999999997,9.889951500000002,0.002210199892893172,2,0.08860391656864545,-2.4463697843013956,3,-21.149345829678865
13.656,0.2080701,-0.36826739999999997,9.889951500000002,0.0035068425743851606,2,0.08104016759324921,-2.4463240479616575,3,-21.18848738033697
13.671,0.2080701,-0.3592422,9.9363528,0.00589451865971391,2,0.1591784056885961,-2.4462535377524017,3,-21.225181712229823
13.687,0.23200650000000003,-0.38621970000000005,9.8615025,0.006437804817194248,2,0.033955384842521114,-2.4461548791645864,3,-21.26432097956516
13.703,0.2065986,-0.38621970000000005,9.7701714,0.004728699575801798,2,-0.10681907758702804,-2.4460655471294426,3,-21.30345874297551
13.718,0.1990449,-0.3547296,9.7701714,0.003028362301007448,2,-0.11335581831961905,-2.4460073691653665,3,-21.340149289847723
13.734,0.1990449,-0.37572300000000003,9.752219100000001,0.0009511739111545126,2,-0.12982427436580835,-2.445975532875669,3,-21.37928515306405
13.75,0.1856052,-0.37572300000000003,9.7656588,-0.0007543140983070629,2,-0.10659300059134837,-2.4459739579971664,3,-21.418420748991032
13.765,0.21856680000000003,-0.37572300000000003,9.7656588,-0.002401584324511319,2,-0.10981801508027957,-2.4459976272353376,3,-21.455110535880277
13.781,0.21856680000000003,-0.3891627,9.788123700000002,-0.003448498756601026,2,-0.06543215200560665,-2.4460444278999867,3,-21.49424687232136
13.796,0.24103170000000002,-0.3891627,9.8046045,-0.004055495968859901,2,-0.040466480817261605,-2.4461007078604275,3,-21.53093796083956
13.812,0.21709530000000002,-0.4056435,9.8046045,-0.004645038050842487,2,-0.03684638012391158,-2.446170312132585,3,-21.570076128999503
13.828,0.21709530000000002,-0.3907323,9.891423,-0.0031196090048872804,2,0.09533931537220033,-2.4462324293090307,3,-21.609215350931034
13.843,0.2260224,-0.3907323,9.9378243,-0.0004959456286339758,2,0.17491089175021368,-2.446259545968782,3,-21.645909040745618
13.859,0.2006145,-0.37268190000000007,9.8824959,0.0006852989911809715,2,0.07382778873843414,-2.446258031141882,3,-21.685049181362505
13.875,0.2290635,-0.315882,9.8824959,0.0018045826628139139,2,0.06995522947705884,-2.4462381120886496,3,-21.724189150508348
13.89,0.2290635,-0.36375480000000004,9.9258561,0.003993253237144501,2,0.14591137162203358,-2.4461946283194,3,-21.760882396061408
13.906,0.20208600000000002,-0.36375480000000004,9.8809263,0.005019381365368503,2,0.06413300801400007,-2.4461225272425797,3,-21.800020933305905
13.921,0.18266220000000002,-0.33981839999999996,9.8809263,0.005990497800498318,2,0.06474109567532622,-2.4460399531488357,3,-21.836712151908838
13.953,0.2215098,-0.37572300000000003,9.851005800000001,0.006259914732332561,2,0.008419279119820093,-2.4458439465483104,3,-21.914982294303993
13.953,0.2604555,-0.3547296,9.851005800000001,0.006527009682431029,2,0.0,-2.4458439465483104,3,-21.914982294303993
13.968,0.2604555,-0.3547296,9.851005800000001,0.006787590121550835,2,0.017372029274653096,-2.4457440870497806,3,-21.95166920455598
13.984,0.2604555,-0.43262100000000003,9.7536906,0.004747250441976547,2,-0.12752122997339288,-2.4456518083252723,3,-21.99080037171898
14.0,0.1870767,-0.40417200000000003,9.747706500000001,0.0025401336228778604,2,-0.1379448011936678,-2.4455935092527534,3,-22.029930334259603
14.015,0.1990449,-0.40417200000000003,9.774684,0.0010499123506644281,2,-0.09934808481422505,-2.4455665839079517,3,-22.06661403495831
14.031,0.19757340000000004,-0.42957990000000007,9.774684,-0.0003782893361119477,2,-0.0892626054235234,-2.4455612109238354,3,-22.105743057316964
14.046,0.19757340000000004,-0.3996594,9.8120601,-0.0008919087285512717,2,-0.034241292829291024,-2.4455707374093203,3,-22.14242654692946
14.062,0.1990449,-0.3996594,9.848062800000001,-0.0005150659371846444,2,0.02355267446041418,-2.445581993206646,3,-22.181555768774388
14.078,0.1915893,-0.4235958000000001,9.848062800000001,-0.0001266410073430535,2,0.024276558115099413,-2.4455871268622023,3,-22.220685121734938
14.093,0.1915893,-0.43713360000000007,9.877983300000002,0.0009956384831060205,2,0.0748186326966021,-2.445580609381134,3,-22.257368879756765
14.109,0.16912439999999998,-0.43713360000000007,9.8615025,0.0016790342702819316,2,0.04271223669849441,-2.445559211999107,3,-22.29649799832781
14.125,0.1915893,-0.37572300000000003,9.8615025,0.0022941050375600014,2,0.038441922954879325,-2.4455274268846443,3,-22.33562669143888
14.14,0.1915893,-0.37572300000000003,9.8615025,0.0028941740788077652,2,0.040004602749849405,-2.4454885147912715,3,-22.372309311001448
14.156,0.1915893,-0.3262806,9.851005800000001,0.003180891839944522,2,0.01791986007104727,-2.4454399142639214,3,-22.41143673843389
14.171,0.1930608,-0.3503151,9.830012400000001,0.0029698204701773534,2,-0.014071424651145697,-2.4453937839215953,3,-22.448117991170278
14.187,0.21101310000000004,-0.3503151,9.8524773,0.0033203408663950995,2,0.02190752476360911,-2.4453434626309027,3,-22.487243889142697
14.203,0.2140542,-0.33226469999999997,9.856989900000002,0.00375864798315817,2,0.02739419479769187,-2.4452868307201063,3,-22.526368931489504
14.218,0.2140542,-0.33226469999999997,9.856989900000002,0.004186264682438434,2,0.028507779952016542,-2.4452272438751144,3,-22.56304778704897
14.234,0.23053500000000002,-0.33226469999999997,9.7956774,0.00311834753085094,2,-0.06674482197421833,-2.4451688069774082,3,-22.60217095545579
14.25,0.1796211,-0.40417200000000003,9.7956774,0.002116368499963883,2,-0.062623689430441,-2.4451269292491618,3,-22.641293321345604
14.265,0.1796211,-0.347274,9.7986204,0.0011573708689756046,2,-0.06393317539921615,-2.4451023762038946,3,-22.677970041136504
14.281,0.1870767,-0.347274,9.8136297,0.0005909479727019828,2,-0.035401431017101324,-2.445088389653161,3,-22.71709156726336
14.296,0.2065986,-0.43262100000000003,9.827069400000001,0.0004579203778511953,2,-0.008868506323386548,-2.4450805231405317,3,-22.75376783410931
14.312,0.2065986,-0.43262100000000003,9.827069400000001,0.00032813735848336023,2,-0.008111438710489687,-2.445074234678641,3,-22.792889072171864
14.328,0.1870767,-0.37268190000000007,9.856989900000002,0.0008612684914606206,2,0.03332069581107874,-2.4450647194318416,3,-22.832010183804748
14.343,0.1915893,-0.37268190000000007,9.831582000000001,0.0007643644302426367,2,-0.006460270747865348,-2.4450525271849286,3,-22.868686063154374
14.359,0.1990449,-0.36826739999999997,9.831582000000001,0.0006693795909260558,2,-0.0059365524572862986,-2.445041057232759,3,-22.907806811829715
14.39,0.205029,-0.40868460000000006,9.8794548,0.0017849952598414376,2,0.035987602223076155,-2.4450030144225723,3,-22.983602494940374
14.39,0.2365191,-0.35178660000000006,9.8794548,0.002837189031071219,2,0.0,-2.4450030144225723,3,-22.983602494940374
14.406,0.2365191,-0.35178660000000006,9.8794548,0.003863719539587862,2,0.06415815678229014,-2.444949407154007,3,-23.022722114312987
14.421,0.2365191,-0.4116276,9.9138879,0.005760412722308317,2,0.12644621218137383,-2.444877226162043,3,-23.059395814062857
14.437,0.1721655,-0.4116276,9.871999200000001,0.006557889718278531,2,0.04984231224813836,-2.444778679742518,3,-23.098513061310094
14.453,0.15421320000000002,-0.39220380000000005,9.871999200000001,0.007309415888233417,2,0.046970385622180325,-2.4446677412976663,3,-23.137628632678414
14.468,0.15421320000000002,-0.3847482,9.845021700000002,0.007378055784801774,2,0.00457599310455693,-2.4445575852601187,3,-23.174297822627597
14.484,0.1362609,-0.4311495000000001,9.803133,0.006464823690789601,2,-0.05707700587576076,-2.444446842224314,3,-23.213409858047473
14.5,0.1526436,-0.4311495000000001,9.728282700000001,0.003756129027109978,2,-0.16929341647997628,-2.4443650746025707,3,-23.25252035338209
14.515,0.17510850000000003,-0.3427614,9.728282700000001,0.001037052059162491,2,-0.18127179786315892,-2.4443291257444235,3,-23.289185559884693
14.531,0.17510850000000003,-0.3262806,9.747706500000001,-0.0011561088278675413,2,-0.1370725554393769,-2.4443300781985733,3,-23.32829483351624
14.546,0.17069399999999998,-0.3262806,9.7926363,-0.0022026151622984713,2,-0.06976708896206762,-2.4443552686284997,3,-23.364959973617438
14.562,0.19011780000000003,-0.34128990000000003,9.776155500000002,-0.003604057855355336,2,-0.08759016831605396,-2.444401722012641,3,-23.404070029542567
14.578,0.17510850000000003,-0.34128990000000003,9.8405091,-0.003409750822388702,2,0.01214418956041462,-2.4444578324820627,3,-23.443180905978526
14.593,0.17510850000000003,-0.34128990000000003,9.8405091,-0.00322018298534843,2,0.012637855802684323,-2.444507556985621,3,-23.479848146399537
14.609,0.19011780000000003,-0.37572300000000003,9.8405091,-0.0029978800788139637,2,0.013893931658404123,-2.4445573014901343,3,-23.518960665267343
14.625,0.1870767,-0.36375480000000004,9.9033912,-0.0012609827516083527,2,0.10855608295035059,-2.4445913723927775,3,-23.558073854658407
14.64,0.1870767,-0.35777070000000005,9.8974071,0.0002824064137278981,2,0.10289261102241282,-2.4445987117153116,3,-23.59474278028922
14.656,0.16765290000000002,-0.35777070000000005,9.8974071,0.0017796690682860827,2,0.09357891590988646,-2.4445822151114553,3,-23.633856227703834
14.671,0.23799060000000002,-0.3876912,9.8974071,0.0033029936744064514,2,0.10155497374136609,-2.444544095140885,3,-23.670524675030723
14.687,0.23799060000000002,-0.3876912,9.8974071,0.004789164021842041,2,0.09288564671472424,-2.444479357879315,3,-23.709636862654886
14.703,0.23799060000000002,-0.4101561,9.889951500000002,0.00607951119648753,2,0.08064669841534304,-2.4443924084775683,3,-23.748747836785743
14.718,0.24544620000000003,-0.4101561,9.848062800000001,0.00632234636028528,2,0.016189010919849384,-2.4442993945458924,3,-23.78541302530842
14.734,0.2544714,-0.3367773,9.848062800000001,0.006497039495135581,2,0.01091832092814381,-2.444196839459049,3,-23.824520995180457
14.75,0.2858634,-0.40113090000000007,9.8076456,0.005762645074167239,2,-0.045899651310521386,-2.4440987619824948,3,-23.863627359991987
14.765,0.287433,-0.37572300000000003,9.8076456,0.005022766846410676,2,-0.049325215183769,-2.4440178713930902,3,-23.900288234742305
14.781,0.287433,-0.37572300000000003,9.8076456,0.004300934429087633,2,-0.045114526082690135,-2.4439432817828863,3,-23.93939192396771
14.796,0.2559429,-0.4056435,9.803133,0.003494560245115963,2,-0.05375827893144899,-2.44388481557283,3,-23.976050634697877
14.812,0.2559429,-0.43262100000000003,9.7582032,0.0016415462672156877,2,-0.1158133736187671,-2.4438437267207314,3,-24.015152463036227
14.828,0.2499588,-0.43262100000000003,9.8375661,0.0017631178558268346,2,0.0075982242881966686,-2.443816489407747,3,-24.054253744765255
14.843,0.2365191,-0.3712104,9.8375661,0.0018125048417498846,2,0.00329246572820321,-2.443789672237515,3,-24.090910790977595
14.859,0.2365191,-0.42065280000000005,9.866015100000002,0.0026022151640550106,2,0.04935689514407034,-2.443754354477469,3,-24.130011143191314
14.875,0.1856052,-0.42065280000000005,9.8165727,0.0021415305743222035,2,-0.02879278685830042,-2.443716404511562,3,-24.169110909263228
14.89,0.1631403,-0.3876912,9.8165727,0.0016492922331483584,2,-0.03281588941158843,-2.4436879733405057,3,-24.20576644209712
14.906,0.1631403,-0.36669779999999996,9.877983300000002,0.002645979383393282,2,0.06229294689030768,-2.4436536111675733,3,-24.24486517477318
14.921,0.17069399999999998,-0.36669779999999996,9.8464932,0.002854061638803529,2,0.01387215036068424,-2.4436123608599067,3,-24.281519669563384
14.937,0.1571562,-0.3503151,9.8464932,0.0030370392846439387,2,0.0114361028650256,-2.443565232052519,3,-24.320617090306683
14.953,0.16912439999999998,-0.33824879999999996,9.830012400000001,0.0028084302976978393,2,-0.014288061684131203,-2.4435184682958604,3,-24.35971375990947
14.968,0.16912439999999998,-0.33824879999999996,9.830012400000001,0.0025853971397022946,2,-0.014868877199702415,-2.44347801459008,3,-24.39636623353112
14.984,0.1362609,-0.33824879999999996,9.788123700000002,0.0013343916620645047,2,-0.0781878423523618,-2.443446656279666,3,-24.435461630898075
15.0,0.16765290000000002,-0.33981839999999996,9.788123700000002,0.0001271015611301607,2,-0.07545563130839643,-2.44343496433388,3,-24.474556683862982
15.015,0.16765290000000002,-0.3307932,9.7732125,-0.001421704316223682,2,-0.10325372515691893,-2.4434446738545432,3,-24.511208281149397
15.031,0.205029,-0.3307932,9.821085300000002,-0.001748657215566496,2,-0.020434556208925852,-2.4434700367467976,3,-24.55030359883421
15.046,0.1990449,-0.3547296,9.8704296,-0.00084778321411072,2,0.06005826676372323,-2.44348951005002,3,-24.58695579543518
15.078,0.19011780000000003,-0.3547296,9.8240283,-0.0011039654213096384,2,-0.008005693974966192,-2.443520738028187,3,-24.665147959404432
15.093,0.19610190000000002,-0.3427614,9.8240283,-0.0013613866101760408,2,-0.017161412591092846,-2.443539228168423,3,-24.701800909150908
15.109,0.20355750000000003,-0.37572300000000003,9.8196138,-0.0016870300240565683,2,-0.020352713367532953,-2.443563615501497,3,-24.74089773190027
15.125,0.20355750000000003,-0.3592422,9.8255979,-0.0018739353685166549,2,-0.0116815840287554,-2.4435921032246375,3,-24.779994977650077
15.14,0.21709530000000002,-0.3592422,9.886910400000001,-0.0005551477510135072,2,0.08791917450020652,-2.443610321348034,3,-24.816648995834374
15.156,0.2140542,-0.38621970000000005,9.886910400000001,0.000754640827345554,2,0.08186178614744126,-2.4436087254034233,3,-24.855746748208386
15.171,0.2140542,-0.44311770000000006,9.8824959,0.0019830849619779656,2,0.08189627564216737,-2.4435881924600036,3,-24.892400725092358
15.187,0.1870767,-0.44311770000000006,9.8405091,0.002145376973240687,2,0.010143250703920073,-2.443555164764522,3,-24.931497871950153
15.203,0.1781496,-0.3891627,9.8405091,0.0022440832547587775,2,0.006169142594880656,-2.443520049082698,3,-24.97059447366093
15.218,0.1781496,-0.4281084,9.845021700000002,0.002489728265491209,2,0.016376334048828146,-2.443484545496296,3,-25.007247008120274
15.234,0.2215098,-0.4281084,9.8165727,0.0020577777197718916,2,-0.02699690910745731,-2.4434481654484137,3,-25.046342469807833
15.25,0.24103170000000002,-0.42663690000000004,9.8165727,0.0016460058058527238,2,-0.025735744619947962,-2.443418535180209,3,-25.08543740341286
15.265,0.2918475,-0.315882,9.7926363,0.0005925748467170422,2,-0.07022873060904278,-2.4434017458253146,3,-25.122088555520403
15.281,0.2918475,-0.33530580000000004,9.7132734,-0.0023530996435319196,2,-0.18410465564055994,-2.4434158300236892,3,-25.161183096127196
15.296,0.2634966,-0.33530580000000004,9.774684,-0.0037502888946416846,2,-0.09314595007399183,-2.4434616054377254,3,-25.197834676893155
15.312,0.2499588,-0.37866600000000006,9.774684,-0.00508347913106455,2,-0.08332438977642902,-2.443532275581931,3,-25.236930627941312
15.328,0.2499588,-0.3039138,9.877983300000002,-0.003930274380628873,2,0.07207529690222973,-2.4436043856100245,3,-25.276027721230847
15.343,0.2394621,-0.3039138,9.8764137,-0.002849787613019572,2,0.07203245117395067,-2.443655236074977,3,-25.312682168393486
15.359,0.1796211,-0.3427614,9.8764137,-0.0017956006063588603,2,0.06588668791629443,-2.443692399180732,3,-25.351780949475533
15.375,0.1796211,-0.33824879999999996,9.883967400000001,-0.0005868188809685648,2,0.0755488578368934,-2.4437114585366304,3,-25.390880180337273
15.39,0.1392039,-0.33824879999999996,9.8255979,-0.0008460740935110067,2,-0.01728368083616214,-2.443722205233939,3,-25.427535932815555
15.406,0.1406754,-0.3262806,9.8584614,-0.00030733281133343837,2,0.03367133013609799,-2.4437314324891775,3,-25.46663556191734
15.421,0.142245,-0.36375480000000004,9.8584614,0.00025078198996375534,2,0.03720765341981591,-2.443731856620338,3,-25.503291536585657
15.437,0.142245,-0.36375480000000004,9.8584614,0.0007952842351315326,2,0.03403139032298605,-2.443723488090537,3,-25.542391179343344
15.453,0.142245,-0.37572300000000003,9.7911648,-0.0003025649139711817,2,-0.06861557181891959,-2.4437195463359678,3,-25.581490723618757
15.468,0.173637,-0.37572300000000003,9.8016615,-0.0011055082730972998,2,-0.05352955727507251,-2.4437301068848707,3,-25.618146596017915
15.484,0.2140542,-0.41309910000000005,9.848062800000001,-0.0007022738637587622,2,0.02520215058365858,-2.4437445691419657,3,-25.65724639342613
15.5,0.20208600000000002,-0.41309910000000005,9.851005800000001,-0.00024333269758791687,2,0.02868382288567781,-2.4437521339944563,3,-25.696346367051223
15.515,0.1930608,-0.40113090000000007,9.851005800000001,0.00018795351807376903,2,0.02875241437744464,-2.4437525493383028,3,-25.73300265217622
15.531,0.1930608,-0.40113090000000007,9.851005800000001,0.00060872055774297,2,0.026297939979325034,-2.443746175945696,3,-25.772102641978492
15.562,0.2394621,-0.4101561,9.860031000000001,0.0012729693888804405,2,0.02142738164959665,-2.4437170097515235,3,-25.847858321356796
15.562,0.23200650000000003,-0.39818790000000004,9.8809263,0.002413809159092395,2,0.0,-2.4437170097515235,3,-25.847858321356796
15.578,0.24397470000000002,-0.4281084,9.8809263,0.003564324302857358,2,0.07190719648531012,-2.443669184683828,3,-25.886957410912277
15.593,0.24397470000000002,-0.4281084,9.8809263,0.0046867781016537435,2,0.07483025325308953,-2.443607301415794,3,-25.923611984558026
15.609,0.24397470000000002,-0.40711500000000006,9.874942200000001,0.005614454569489169,2,0.05797977923971404,-2.443524891554425,3,-25.96270904210179
15.625,0.24103170000000002,-0.40711500000000006,9.886910400000001,0.00680931733247192,2,0.07467892268642189,-2.443425501379209,3,-26.001804645245258
15.64,0.2394621,-0.3278502,9.886910400000001,0.007902321492192499,2,0.07286694398136914,-2.443315164088024,3,-26.038455200236264
15.656,0.2394621,-0.33226469999999997,9.860031000000001,0.008317226551522339,2,0.025931566208114962,-2.4431854077036745,3,-26.077547204810596
15.671,0.2365191,-0.33226469999999997,9.8240283,0.007842919267407211,2,-0.03162048560767771,-2.4430642066100328,3,-26.114194076917947
15.687,0.2425032,-0.3278502,9.8240283,0.007380121465672573,2,-0.028924862608414845,-2.442942422284168,3,-26.1532821299491
15.703,0.2425032,-0.34580249999999996,9.8285409,0.007053572402085706,2,-0.02040931647417919,-2.442826952733226,3,-26.19236828494924
15.718,0.2559429,-0.3427614,9.774684,0.005428362724133606,2,-0.1083473118634692,-2.4427333382197793,3,-26.229009987131388
15.734,0.22455090000000003,-0.3427614,9.7627158,0.0035323399923825605,2,-0.11850142073444025,-2.4426616525980474,3,-26.26809314705793
15.75,0.2006145,-0.3817071,9.7627158,0.0017050730525927094,2,-0.1142041837368656,-2.4426197532936875,3,-26.307175398305063
15.765,0.2006145,-0.37866600000000006,9.7926363,0.0006485563211455769,2,-0.07043444876313949,-2.4426021010733843,3,-26.343814562212817
15.781,0.17510850000000003,-0.37866600000000006,9.8255979,0.00040910042972974736,2,-0.014965993213489334,-2.442593639819377,3,-26.382896128139958
15.796,0.1511721,-0.4101561,9.8255979,0.00019660202266891247,2,-0.014166560470723467,-2.442589097050984,3,-26.41953499866648
15.812,0.1511721,-0.39220380000000005,9.7866522,-0.0009775980825814656,2,-0.07338750657814856,-2.4425953450194635,3,-26.458616474203044
15.828,0.1287072,-0.39220380000000005,9.8120601,-0.0015118310503581256,2,-0.03338956048604122,-2.442615260452527,3,-26.49769815904682
15.843,0.18266220000000002,-0.3771945,9.8120601,-0.0020265124870046947,2,-0.03431209577643664,-2.442641798029057,3,-26.534337586985433
15.859,0.18266220000000002,-0.3532581,9.877983300000002,-0.0009437800805169871,2,0.06767077540548166,-2.4426655603695973,3,-26.57342004585262
15.875,0.18864630000000002,-0.37572300000000003,9.833053500000002,-0.0009593673214691734,2,-0.0009742025595116379,-2.4426807855488133,3,-26.61250281661997
15.89,0.2006145,-0.37572300000000003,9.8225568,-0.0012245788429066096,2,-0.01768076809582841,-2.442697165145046,3,-26.649143151250176
15.906,0.20954160000000002,-0.36826739999999997,9.8225568,-0.001485660396722821,2,-0.016317597113513202,-2.442718847058963,3,-26.688226479347808
15.921,0.20954160000000002,-0.3547296,9.848062800000001,-0.0011309626100999282,2,0.023646519108194763,-2.442738471731514,3,-26.724867409238733
15.937,0.17069399999999998,-0.3547296,9.8524773,-0.0006956074730162243,2,0.027209696067731468,-2.442753084292179,3,-26.763951341686923
15.953,0.16765290000000002,-0.35777070000000005,9.8524773,-0.0002694634968261056,2,0.026633998511882393,-2.442760804859938,3,-26.803035452800138
15.968,0.16765290000000002,-0.3622833,9.8076456,-0.000942250202205841,2,-0.04485244702531399,-2.442769892712681,3,-26.839676933031935
15.984,0.19011780000000003,-0.3622833,9.8674866,-0.00013036620526385434,2,0.050742749808874124,-2.4427784736439406,3,-26.878761319962788
16.0,0.21258269999999999,-0.35777070000000005,9.8674866,0.0006688743204943393,2,0.04995253285988706,-2.442774165579019,3,-26.917845741076572
16.015,0.21258269999999999,-0.3562992,9.8375661,0.0007182016163067573,2,0.0032884863874944096,-2.442763762509493,3,-26.954487275537236
16.031,0.21258269999999999,-0.3562992,9.8375661,0.0007663258073424828,2,0.003007761939733176,-2.442751886290104,3,-26.993571400727628
16.046,0.2260224,-0.37268190000000007,9.827069400000001,0.0005796017941737119,2,-0.012448267544584252,-2.4427417918330927,3,-27.030212603313554
16.062,0.2649681,-0.34580249999999996,9.827069400000001,0.00039719590057529786,2,-0.011400368349899605,-2.442733977451535,3,-27.069296409467835
16.078,0.2649681,-0.39818790000000004,9.818044200000001,4.768623020190432e-05,2,-0.0218443543983395,-2.4427304183944885,3,-27.1083801246346
16.093,0.2649681,-0.39818790000000004,9.818044200000001,-0.00029329881406425784,2,-0.02273233628440995,-2.4427322604888673,3,-27.145021094726225
16.109,0.2499588,-0.39818790000000004,9.848062800000001,9.576965670632376e-05,2,0.02431677942315863,-2.442733840722126,3,-27.184104823535918
16.125,0.205029,-0.4400766,9.848062800000001,0.0004934951662782794,2,0.024857844348249964,-2.4427291266035422,3,-27.22318852727452
16.14,0.205029,-0.40868460000000006,9.854046900000002,0.0009943601444266648,2,0.03339099854322443,-2.442717967688712,3,-27.259829380481712
16.156,0.2200383,-0.40868460000000006,9.8105886,0.00043211653302854813,2,-0.03514022571238616,-2.4427065558752923,3,-27.29891277667022
16.171,0.17069399999999998,-0.4505733,9.855518400000001,0.0009988725719942693,2,0.03778373593104664,-2.4426958234570044,3,-27.335553294515215
16.187,0.19011780000000003,-0.3712104,9.821085300000002,0.0006407728814465941,2,-0.022381230659227196,-2.4426827062933767,3,-27.374636322753222
16.203,0.19011780000000003,-0.3712104,9.821085300000002,0.0002914073296924613,2,-0.0218353469846357,-2.4426752488516876,3,-27.413719186394378
16.218,0.16019730000000001,-0.3712104,9.8046045,-0.000464071031972324,2,-0.05036522411098378,-2.442676543829455,3,-27.45035932483949
16.234,0.20355750000000003,-0.3427614,9.8046045,-0.001206764421040063,2,-0.04641833681672849,-2.442689910513079,3,-27.489442256474234
16.25,0.20355750000000003,-0.3487455,9.839037600000001,-0.001087077849550866,2,0.007480410718075639,-2.4427082612512434,3,-27.528525441848345
16.265,0.173637,-0.3487455,9.8794548,7.291782093687971e-07,2,0.07252046851734624,-2.4427164088662785,3,-27.565166126874228
16.281,0.2140542,-0.33981839999999996,9.8794548,0.001073749429739479,2,0.06706376572063927,-2.4427078130374147,3,-27.604249520649454
16.296,0.2140542,-0.34128990000000003,9.839037600000001,0.0011368711694235145,2,0.004208115978935545,-2.442691233382921,3,-27.640890013497607
16.312,0.258984,-0.34128990000000003,9.8809263,0.0022454852958588845,2,0.06928838290220286,-2.4426641745311986,3,-27.679972856760923
16.328,0.17667810000000003,-0.3338343,9.8809263,0.003276634120744859,2,0.0644468015553805,-2.4426199975758656,3,-27.719055130137775
16.343,0.17667810000000003,-0.33824879999999996,9.834525,0.003155400108409978,2,-0.008082267488991757,-2.442571757319147,3,-27.75569406829949
16.359,0.18413369999999998,-0.40868460000000006,9.9093753,0.004929374538628295,2,0.1108734018886324,-2.4425070791219707,3,-27.794774698991024
16.375,0.2200383,-0.40868460000000006,9.8734707,0.005803161972801618,2,0.054611714635838714,-2.4424212188298795,3,-27.833854125374636
16.39,0.18266220000000002,-0.3996594,9.8734707,0.006628064906307074,2,0.05499352890036164,-2.442327984628286,3,-27.870489744400572
16.406,0.18266220000000002,-0.37268190000000007,9.8405091,0.006603907405111187,2,-0.0015098438247431176,-2.442222128849795,3,-27.909566145308393
16.421,0.20355750000000003,-0.37268190000000007,9.8464932,0.006736149241273637,2,0.008816122410829666,-2.442122078424947,3,-27.946198726862956
16.437,0.23053500000000002,-0.3831786,9.8464932,0.006889472371112149,2,0.009582695614905917,-2.4420130734520478,3,-27.985271808077975
16.453,0.23053500000000002,-0.3907323,9.7926363,0.005734105400927447,2,-0.07221043563655179,-2.4419120848298714,3,-28.024343209344227
16.468,0.1870767,-0.3907323,9.7552602,0.003673621965473828,2,-0.13736556236356942,-2.4418415268746236,3,-28.060971361432014
16.484,0.16912439999999998,-0.3592422,9.7552602,0.001625910740933989,2,-0.1279819515337256,-2.4417991306129725,3,-28.10004048669192
16.5,0.16912439999999998,-0.3876912,9.8046045,0.0008570798941800462,2,-0.04805192792212672,-2.4417792666878917,3,-28.139109113870322
16.515,0.21552570000000001,-0.3503151,9.8255979,0.0006064879130196488,2,-0.016706132077359194,-2.4417682899293376,3,-28.175735720544953
16.531,0.21552570000000001,-0.3503151,9.8255979,0.0003620079314003988,2,-0.015279998851204808,-2.4417605419625823,3,-28.214803951200086
16.546,0.20208600000000002,-0.3847482,9.8255979,0.00014791649127587903,2,-0.014272762674967443,-2.441756717529412,3,-28.251430330646276
16.562,0.20208600000000002,-0.36973890000000004,9.830012400000001,3.257674049450543e-05,2,-0.007208734423835043,-2.441755273583558,3,-28.290498426575184
16.578,0.2006145,-0.36973890000000004,9.862974000000001,0.0007225244936481801,2,0.04312173457210941,-2.441749232773685,3,-28.329566462626037
16.593,0.2484873,-0.33226469999999997,9.862974000000001,0.0013897056151925824,2,0.044478741436291803,-2.4417333910478685,3,-28.3661925823047
16.609,0.2484873,-0.3248091,9.855518400000001,0.0018528743925934066,2,0.02894804858754827,-2.4417074504078062,3,-28.405260109036348
16.625,0.21709530000000002,-0.3248091,9.830012400000001,0.0016650679887675324,2,-0.01173790023911843,-2.4416793068687555,3,-28.444327203094556
16.64,0.24701580000000004,-0.31136939999999996,9.830012400000001,0.0014884572429263443,2,-0.011774049722745426,-2.4416556554295177,3,-28.480952215311795
16.656,0.24701580000000004,-0.3218661,9.851005800000001,0.0018359928183411256,2,0.021720973463426226,-2.4416290598290273,3,-28.52001849303386
16.671,0.2260224,-0.3771945,9.834525,0.0018090367843335287,2,-0.001797068933839728,-2.4416017221070074,3,-28.55664272389838
16.687,0.20355750000000003,-0.3771945,9.803133,0.0010058528923941878,2,-0.05019899324620318,-2.4415792029895935,3,-28.595708171299158
16.703,0.18109260000000002,-0.36669779999999996,9.803133,0.00020181424016207927,2,-0.05025241576451232,-2.441569541652533,3,-28.63477336125629
16.718,0.18109260000000002,-0.35178660000000006,9.862974000000001,0.0008624263675134358,2,0.04404080849008877,-2.441561559847975,3,-28.671396844517545
16.734,0.15421320000000002,-0.35178660000000006,9.8196138,0.00043902949785490364,2,-0.0264623043536553,-2.4415511482010523,3,-28.71046174618194
16.75,0.11526750000000001,-0.43262100000000003,9.8196138,9.161236583032917e-05,2,-0.021713570751538295,-2.441546903066143,3,-28.749526530592075
16.765,0.11526750000000001,-0.43262100000000003,9.8196138,-0.00024733117760789014,2,-0.022596236229213765,-2.4415480709572313,3,-28.78614974289725
16.781,0.19011780000000003,-0.4027005000000001,9.7956774,-0.0011638703688454655,2,-0.057283699452354765,-2.441559360569603,3,-28.82521460234946
16.796,0.19011780000000003,-0.4027005000000001,9.7956774,-0.0020580549456621355,2,-0.05961230512110908,-2.4415835250094617,3,-28.861838173991305
16.812,0.1586277,-0.3847482,9.7956774,-0.0029616712353188746,2,-0.05647601810353987,-2.4416236828189097,3,-28.900903831653938
16.828,0.18413369999999998,-0.3652263,9.8091171,-0.0035230723036665523,2,-0.035087566771733726,-2.4416755607672216,3,-28.93997022560262
16.843,0.18413369999999998,-0.3652263,9.8091171,-0.004070780663029794,2,-0.036513890624214715,-2.441732514664472,3,-28.97659578616836
16.859,0.2350476,-0.3652263,9.821085300000002,-0.004286999347405285,2,-0.013513667773466673,-2.4417993769045556,3,-29.015664041300916
16.875,0.2200383,-0.36071369999999997,9.8375661,-0.004108882027352934,2,0.011132332503273173,-2.4418665439555536,3,-29.054733368667794
16.89,0.18864630000000002,-0.36071369999999997,9.8136297,-0.004534313144160862,2,-0.028362074453860815,-2.4419313679193397,3,-29.091361853006855
16.906,0.18864630000000002,-0.36071369999999997,9.8136297,-0.004949367892265855,2,-0.025940921756564896,-2.442007237367631,3,-29.130433361849146
16.921,0.20208600000000002,-0.3876912,9.8136297,-0.005322713263433698,2,-0.02488969141118863,-2.442084277976299,3,-29.167064048214225
16.937,0.20208600000000002,-0.39818790000000004,9.842078700000002,-0.004983549117405062,2,0.02119775912678741,-2.4421667280753456,3,-29.206138056262642
16.953,0.23347800000000002,-0.39818790000000004,9.843550200000001,-0.0045998822123500815,2,0.0239791815659389,-2.4422433955259835,3,-29.24521333725145
16.968,0.21552570000000001,-0.36375480000000004,9.843550200000001,-0.004268020142678353,2,0.022124137978114425,-2.442309904793646,3,-29.281847487003848
16.984,0.21856680000000003,-0.34128990000000003,9.8196138,-0.004545542676728687,2,-0.017345158378143936,-2.4423804132962013,3,-29.32092500954857
17.0,0.21856680000000003,-0.3562992,9.827069400000001,-0.004621625031546728,2,-0.004755147176128096,-2.4424537506378674,3,-29.36000368286004
17.015,0.24103170000000002,-0.3562992,9.7986204,-0.005376263090926869,2,-0.0503092039586742,-2.442528734798786,3,-29.396641051500815
17.031,0.2484873,-0.36826739999999997,9.7986204,-0.00609717565956025,2,-0.04505703553959125,-2.44262052230879,3,-29.43572224555767
17.046,0.2484873,-0.39671639999999997,9.7895952,-0.006993324426973757,2,-0.05974325116089821,-2.4427187010594387,3,-29.472362289732935
17.062,0.2679111,-0.39671639999999997,9.8225568,-0.007052150153183945,2,-0.0036766078881363177,-2.44283106485608,3,-29.511446687860264
17.078,0.2274939,-0.4235958000000001,9.8225568,-0.007107027970612023,2,-0.003429863589255278,-2.4429443382810705,3,-29.550532891085357
17.093,0.2274939,-0.3652263,9.8225568,-0.0072176702678259375,2,-0.0073761531475940055,-2.4430517735178587,3,-29.587177861923852
17.109,0.1796211,-0.3652263,9.8854389,-0.005817386176454775,2,0.08751775571068784,-2.443156053969413,3,-29.626267524543753
17.125,0.173637,-0.3876912,9.839037600000001,-0.00556370381881699,2,0.015855147352363343,-2.443247102689375,3,-29.66535874979702
17.14,0.173637,-0.35178660000000006,9.8375661,-0.005384950752514328,2,0.01191687108684365,-2.4433292175986603,3,-29.70200807219918
17.156,0.173637,-0.35178660000000006,9.8375661,-0.005210557517097314,2,0.010899577213564583,-2.443413981664817,3,-29.741102017793285
17.171,0.17069399999999998,-0.35178660000000006,9.8076456,-0.005770863771680013,2,-0.03735375030551183,-2.443496342324483,3,-29.777753845223206
17.187,0.2080701,-0.33530580000000004,9.8076456,-0.006313984338234491,2,-0.03394503540965108,-2.4435930211093626,3,-29.816850560130682
17.203,0.2080701,-0.3143124,9.830012400000001,-0.006315672316009824,2,-0.00010549861095833275,-2.4436940583625963,3,-29.855948856766453
17.218,0.23347800000000002,-0.3143124,9.8165727,-0.006630949168464184,2,-0.02101845683028989,-2.4437911580237297,3,-29.892604995889354
17.234,0.16019730000000001,-0.3218661,9.8165727,-0.006968383446123383,2,-0.021089642353697563,-2.4438999526846463,3,-29.931706524775024
17.25,0.16019730000000001,-0.3248091,9.851005800000001,-0.006455962184938713,2,0.03202632882404541,-2.444007347449695,3,-29.970809783176094
17.265,0.1946304,-0.3248091,9.845021700000002,-0.006086770444124312,2,0.02461278272095912,-2.4441014179444127,3,-30.00747059891655
17.281,0.1122264,-0.36669779999999996,9.843550200000001,-0.005757891262508252,2,0.02055494885100599,-2.4441961752380656,3,-30.046576979662007
17.296,0.1406754,-0.4101561,9.843550200000001,-0.005386337716815959,2,0.024770236379485302,-2.4442797569554107,3,-30.08324054915346
17.312,0.1406754,-0.40113090000000007,9.862974000000001,-0.004559598089885597,2,0.05167122668314183,-2.4443593244418644,3,-30.12234966180464
17.328,0.1631403,-0.40113090000000007,9.8165727,-0.0048752364260842285,2,-0.01972739601241664,-2.4444348031179923,3,-30.161460014825117
17.343,0.18413369999999998,-0.4027005000000001,9.8165727,-0.005172562485808996,2,-0.019821737314983736,-2.4445101616098315,3,-30.198127102060578
17.359,0.18413369999999998,-0.40417200000000003,9.848062800000001,-0.004693894368799079,2,0.029916757313116476,-2.4445890932646686,3,-30.237239896099577
17.375,0.18413369999999998,-0.40417200000000003,9.848062800000001,-0.004226901083910661,2,0.029187080305529297,-2.4446604596282904,3,-30.276353892522717
17.39,0.16166880000000003,-0.40417200000000003,9.8240283,-0.004366542225930914,2,-0.009309409468016486,-2.444724910453114,3,-30.31302428279833
17.406,0.2200383,-0.36973890000000004,9.8240283,-0.004508194600406412,2,-0.008853273404719617,-2.4447959083477246,3,-30.352140449348735
17.421,0.2200383,-0.3503151,9.8016615,-0.005208785452255782,2,-0.046706056789956214,-2.4448687856981195,3,-30.38881293455408
17.437,0.2230794,-0.3503151,9.848062800000001,-0.004759884369921252,2,0.028056317645904962,-2.444948535056697,3,-30.427931473120122
17.453,0.2290635,-0.4116276,9.855518400000001,-0.004079156895810954,2,0.04254546713189835,-2.445019247386823,3,-30.467051215379666
17.468,0.24701580000000004,-0.3712104,9.855518400000001,-0.003443577186470037,2,0.042371980622726166,-2.44507566789244,3,-30.503726927244262
17.484,0.24701580000000004,-0.35777070000000005,9.764187300000001,-0.00506101371963652,2,-0.10108978332289388,-2.445143704619689,3,-30.542848682224363
17.5,0.2604555,-0.35777070000000005,9.830012400000001,-0.005026636034518361,2,0.0021486053198851588,-2.445224405817722,3,-30.58197162710786
17.515,0.2843919,-0.36375480000000004,9.830012400000001,-0.004971583539374436,2,0.0036701663429282434,-2.4452993924645265,3,-30.618650555594975
17.531,0.2843919,-0.3173535,9.8644455,-0.0041179957066965756,2,0.05334923954237213,-2.445372109098495,3,-30.657775927607474
17.546,0.2544714,-0.3173535,9.883967400000001,-0.002829401421809763,2,0.08590628565911758,-2.445424214576959,3,-30.694456900035043
17.562,0.23799060000000002,-0.347274,9.883967400000001,-0.00155772704475865,2,0.07947964856568566,-2.4454593116046914,3,-30.7335839682445
17.578,0.23799060000000002,-0.37572300000000003,9.836094600000001,-0.0014581586054056572,2,0.006223027459562732,-2.4454834386898927,3,-30.77271151024685
17.593,0.21856680000000003,-0.37572300000000003,9.788123700000002,-0.002540878217290654,2,-0.07218130745899706,-2.445513431466063,3,-30.80939398677302
17.609,0.23347800000000002,-0.3427614,9.834525,-0.0024875489239573056,2,0.0033330808333339058,-2.4455536588831928,3,-30.84852252349582
17.625,0.21552570000000001,-0.4056435,9.834525,-0.0023872061461158722,2,0.006271423615090279,-2.445592656923753,3,-30.88765169402227
17.64,0.21552570000000001,-0.35777070000000005,9.854046900000002,-0.0018588689074032771,2,0.035222482580838335,-2.4456245024866545,3,-30.92433582271785
17.656,0.16765290000000002,-0.35777070000000005,9.851005800000001,-0.0014402141166254268,2,0.026165924423618533,-2.445650895150847,3,-30.963466025898946
17.671,0.1631403,-0.40417200000000003,9.851005800000001,-0.0009898875532545759,2,0.03002177089138892,-2.445669120913371,3,-31.00015092601943
17.687,0.1631403,-0.37425150000000007,9.8225568,-0.0012726323390808147,2,-0.01767154911413795,-2.4456872210725096,3,-31.03928177675532
17.703,0.1466595,-0.37425150000000007,9.856989900000002,-0.0007156826960184048,2,0.03480935269140445,-2.4457031275927905,3,-31.078412899544638
17.718,0.16166880000000003,-0.3562992,9.856989900000002,-0.0001828092004458881,2,0.0355248997048331,-2.445709866282014,3,-31.1150984969987
17.734,0.16166880000000003,-0.3487455,9.855518400000001,0.00029462051453776894,2,0.029839357186475228,-2.4457089717915013,3,-31.154229847703295
17.75,0.20954160000000002,-0.35178660000000006,9.8584614,0.0008567299053456878,2,0.0351318369254988,-2.445699760988142,3,-31.193361117565527
17.765,0.1930608,-0.35178660000000006,9.821085300000002,0.00048607327824079505,2,-0.024710441806991914,-2.445689689964265,3,-31.23004653844767
17.781,0.18864630000000002,-0.3547296,9.821085300000002,0.0001249461761752002,2,-0.02257044387910216,-2.4456848018086297,3,-31.26917753438185
17.796,0.18864630000000002,-0.34580249999999996,9.8764137,0.0011132630778831754,2,0.06588779344719585,-2.445675515239224,3,-31.30586273675971
17.812,0.21258269999999999,-0.34580249999999996,9.7895952,-2.639866595188778e-05,2,-0.07122885898968348,-2.445666820323929,3,-31.34499347544422
17.828,0.21856680000000003,-0.3427614,9.7895952,-0.0011376588188607428,2,-0.06945375955681109,-2.4456761327838072,3,-31.384124219069076
17.843,0.21856680000000003,-0.37572300000000003,9.8225568,-0.0013891877793579255,2,-0.01676859736647821,-2.445695084133294,3,-31.420809503195954
17.859,0.2080701,-0.37572300000000003,9.907903800000001,0.0004395277043443002,2,0.11429471773137631,-2.445702681413894,3,-31.459940685320337
17.875,0.22455090000000003,-0.37572300000000003,9.907903800000001,0.002232407850314644,2,0.11205500912315881,-2.445681305929457,3,-31.49907175721908
17.89,0.22455090000000003,-0.3712104,9.839037600000001,0.0022993702774947167,2,0.004464161812004687,-2.4456473175934983,3,-31.535756721895506
17.906,0.2140542,-0.3847482,9.8285409,0.002115910058119397,2,-0.011466263710958755,-2.4456119953508133,3,-31.574886796399056
17.921,0.20954160000000002,-0.3847482,9.818044200000001,0.0016787922211491946,2,-0.02914118913134571,-2.4455835350837187,3,-31.611570762877317
17.937,0.2290635,-0.38023560000000006,9.818044200000001,0.0012586770200755382,2,-0.026257200067100587,-2.445560035329789,3,-31.65069991144063
17.953,0.2290635,-0.3712104,9.7986204,0.00036710960094232803,2,-0.05572296369583177,-2.445547029036821,3,-31.689828767955557
17.968,0.23799060000000002,-0.3712104,9.7866522,-0.0007891401136248533,2,-0.07708331430447583,-2.445550194265666,3,-31.726511997130327
17.984,0.2140542,-0.3876912,9.7866522,-0.001915088613538174,2,-0.07037178124457467,-2.4455718280954835,3,-31.76564097330922
18.0,0.2140542,-0.3427614,9.843550200000001,-0.0016678510717706985,2,0.015452346360468919,-2.445600491612966,3,-31.804770351866885
18.015,0.2290635,-0.3427614,9.8285409,-0.0017841704082979248,2,-0.007754622435148131,-2.4456263817740664,3,-31.84145455341729
18.031,0.2290635,-0.3427614,9.8285409,-0.0018976526878358158,2,-0.007092642471118964,-2.4456558363588354,3,-31.880584811162347
18.046,0.2200383,-0.36071369999999997,9.8285409,-0.001997735999292871,2,-0.00667222076380344,-2.4456850517739888,3,-31.917269867823343
18.062,0.2200383,-0.36826739999999997,9.848062800000001,-0.0016128603755891646,2,0.024054726481478966,-2.445713936544988,3,-31.9564010597299
18.078,0.2140542,-0.36071369999999997,9.8584614,-0.000994003357718043,2,0.038678563616949366,-2.4457347914548544,3,-31.995532649553894
18.093,0.18109260000000002,-0.36071369999999997,9.8076456,-0.0016447051181955885,2,-0.04338011736516806,-2.4457545817684236,3,-32.03221881985307
18.109,0.2290635,-0.287433,9.8076456,-0.0023141029195379303,2,-0.04183736258389168,-2.4457862522327254,3,-32.07135114652508
18.125,0.2290635,-0.3307932,9.834525,-0.002278822127690816,2,0.0022050494904448867,-2.4458229956331032,3,-32.110484020508004
18.14,0.2290635,-0.35777070000000005,9.8674866,-0.0014181927487619816,2,0.057375291928586786,-2.4458507232446767,3,-32.14717157339959
18.156,0.2290635,-0.35777070000000005,9.8674866,-0.0005785543302962992,2,0.05247740115411093,-2.4458666972213092,3,-32.18630531276331
18.171,0.2290635,-0.36375480000000004,9.827069400000001,-0.0007389111462039466,2,-0.010690454393842754,-2.445876578212383,3,-32.22299338732906
18.187,0.2260224,-0.36375480000000004,9.836094600000001,-0.000677154353409648,2,0.003859799549643229,-2.44588790673638,3,-32.26212750320865
18.203,0.18109260000000002,-0.39220380000000005,9.836094600000001,-0.0006129219720723,2,0.004014523833584692,-2.445898227346984,3,-32.301261792281316
18.218,0.18109260000000002,-0.4221243,9.8464932,-0.00026672995614873685,2,0.02307946772823667,-2.445904824736446,3,-32.337950315171945
18.234,0.17510850000000003,-0.3771945,9.8854389,0.0009729979498178665,2,0.07748299412290403,-2.4458991745924967,3,-32.37708474716658
18.25,0.17667810000000003,-0.40417200000000003,9.827069400000001,0.0007869263220143807,2,-0.011629476737719139,-2.445885095198322,3,-32.4162190213249
18.265,0.17667810000000003,-0.40417200000000003,9.827069400000001,0.0006053930265963459,2,-0.0121022196945352,-2.445874652803208,3,-32.45290721943491
18.281,0.17667810000000003,-0.31284090000000003,9.821085300000002,0.0002012334313210573,2,-0.025259974704708317,-2.4458681997915446,3,-32.49204116225567
18.296,0.2230794,-0.318825,9.7821396,-0.001114509380537143,2,-0.08771618745721003,-2.4458750493611636,3,-32.528729236624315
18.312,0.2230794,-0.35777070000000005,9.7627158,-0.0028386496045396115,2,-0.10775876400014221,-2.4459066746330445,3,-32.56786349041627
18.328,0.2274939,-0.35777070000000005,9.8584614,-0.002185174465214601,2,0.04084219620781765,-2.4459468652256025,3,-32.60699831873514
18.343,0.2274939,-0.35777070000000005,9.8584614,-0.0015476377439220812,2,0.04250244808616638,-2.445974861317171,3,-32.64368773168421
18.359,0.22455090000000003,-0.3427614,9.8584614,-0.0009402899565387202,2,0.03795923671145582,-2.4459947647387748,3,-32.68282348869266
18.375,0.19757340000000004,-0.31136939999999996,9.777627,-0.0023573947854433897,2,-0.0885690518065516,-2.4460211462167107,3,-32.7219596159803
18.39,0.19757340000000004,-0.3487455,9.8285409,-0.0024684214606374155,2,-0.007401778346268111,-2.4460573398385566,3,-32.75865020462572
18.406,0.21856680000000003,-0.3487455,9.8615025,-0.0017626698015291709,2,0.04410947869427015,-2.446091188568654,3,-32.79778739285297
18.421,0.16166880000000003,-0.40417200000000003,9.8615025,-0.0010493018322659253,2,0.0475578646175479,-2.4461122783559075,3,-32.834478918854906
18.437,0.16166880000000003,-0.4101561,9.848062800000001,-0.0006747828834470226,2,0.0234074343011788,-2.446126071033633,3,-32.873616825650025
18.453,0.18864630000000002,-0.4101561,9.843550200000001,-0.00040765546487264714,2,0.016695463660900307,-2.44613473054042,3,-32.91275491206261
18.468,0.2350476,-0.37268190000000007,9.843550200000001,-0.000159018951210399,2,0.01657576757748258,-2.4461389805985405,3,-32.949446964896154
18.484,0.2350476,-0.34580249999999996,9.8255979,-0.000377815841906326,2,-0.013674805668493908,-2.4461432752768855,3,-32.988585222943165
18.5,0.24103170000000002,-0.34580249999999996,9.8105886,-0.000953487075580739,2,-0.03597945210465477,-2.446153925700225,3,-33.02772360055098
18.515,0.24103170000000002,-0.3622833,9.8105886,-0.0015006251035476481,2,-0.036475868531125895,-2.4461723315415687,3,-33.06441604748029
18.531,0.21258269999999999,-0.37572300000000003,9.871999200000001,-0.0005417462816890151,2,0.059929926366171164,-2.4461886705126505,3,-33.103554935496724
18.546,0.19610190000000002,-0.36826739999999997,9.827069400000001,-0.000716280341524822,2,-0.011635603989053354,-2.4461981057123245,3,-33.140247836318416
18.562,0.20208600000000002,-0.37425150000000007,9.827069400000001,-0.0008780942406971803,2,-0.010113368698271265,-2.4462108607089825,3,-33.17938710804979
18.578,0.20208600000000002,-0.37425150000000007,9.827069400000001,-0.0010359614594026567,2,-0.00986670116909336,-2.4462261731545833,3,-33.218526604320694
18.593,0.20208600000000002,-0.3487455,9.874942200000001,-4.6189317497891125e-05,2,0.06598480946031521,-2.4462342892854103,3,-33.255220057788996
18.609,0.2529999,-0.3487455,9.830012400000001,-0.00014677174273280968,2,-0.0062864015771817066,-2.4462358329738922,3,-33.29435981876708
18.625,0.2260224,-0.3712104,9.830012400000001,-0.00024087175452613963,2,-0.005881250737083769,-2.44623893412187,3,-33.333499616903836
18.64,0.2260224,-0.3652263,9.848062800000001,0.0001016961913720138,2,0.02283786305987603,-2.446239977938594,3,-33.37019320874429
18.656,0.21709530000000002,-0.3652263,9.7911648,-0.0009554439675305559,2,-0.06607125993141788,-2.446246807920803,3,-33.40933310303116
18.671,0.2006145,-0.315882,9.7911648,-0.0020371930854796716,2,-0.07211660786327165,-2.4462692526987007,3,-33.44602697348581
18.687,0.2425032,-0.35777070000000005,9.834525,-0.0019778005370785223,2,0.003712034275071414,-2.446301372647681,3,-33.48516753848858
18.703,0.2425032,-0.32333760000000006,9.8046045,-0.002678063265827646,2,-0.04376642054682505,-2.4463386195581043,3,-33.52430865842622
18.718,0.2290635,-0.32333760000000006,9.8165727,-0.003077453305341038,2,-0.026626002634225127,-2.446381785932388,3,-33.5610040614674
18.734,0.19757340000000004,-0.31136939999999996,9.8165727,-0.0034932092573125573,2,-0.025984746998217047,-2.4464343512328894,3,-33.60014659056473
18.75,0.19757340000000004,-0.36973890000000004,9.7986204,-0.0042869374462721765,2,-0.049608011809981666,-2.4464965924065183,3,-33.639290038113835
18.765,0.19757340000000004,-0.36973890000000004,9.7986204,-0.005061306411111133,2,-0.05162459765592846,-2.446566704235449,3,-33.67598801283865
18.781,0.1631403,-0.37572300000000003,9.9048627,-0.003237647096964835,2,0.11397870713415616,-2.4466330958635134,3,-33.71513361123944
18.796,0.1631403,-0.40417200000000003,9.871999200000001,-0.0022319459394655183,2,0.06704674383328525,-2.4466741178112867,3,-33.751833415342
18.812,0.2006145,-0.40417200000000003,9.8464932,-0.0018553988984120195,2,0.02353419006584104,-2.4467068165699897,3,-33.79098046281705
18.828,0.18413369999999998,-0.3817071,9.821085300000002,-0.0021368560049985774,2,-0.017591069161661803,-2.4467387546092167,3,-33.830128027386486
18.843,0.18413369999999998,-0.3817071,9.821085300000002,-0.002411448304107111,2,-0.01830615327390155,-2.446772866891535,3,-33.86682936454774
18.859,0.19757340000000004,-0.3771945,9.821085300000002,-0.0026772275525654976,2,-0.016611203028647298,-2.4468135762983887,3,-33.90597805609326
18.875,0.2260224,-0.36375480000000004,9.830012400000001,-0.00271640059633782,2,-0.0024483152357704296,-2.44685672532358,3,-33.94512741850623
18.89,0.2394621,-0.3202965,9.830012400000001,-0.0027837114229338766,2,-0.0044873884397369284,-2.4468979761637244,3,-33.981830578767386
18.906,0.2394621,-0.3202965,9.830012400000001,-0.0028493805220524138,2,-0.004104318694909023,-2.4469430408992845,3,-34.020981306903884
18.921,0.2394621,-0.33981839999999996,9.7941078,-0.003772411468128567,2,-0.06153539640507455,-2.446992704339211,3,-34.05768582499317
18.937,0.22455090000000003,-0.33981839999999996,9.8764137,-0.002675795321408714,2,0.06853850916998315,-2.447044289993527,3,-34.09683812094784
18.953,0.2215098,-0.37425150000000007,9.8764137,-0.0015772668262847844,2,0.06865803094525315,-2.4470783144907085,3,-34.13599110178371
18.968,0.2215098,-0.34580249999999996,9.8375661,-0.001477483821433978,2,0.0066522003233868395,-2.447101225120566,3,-34.172697448330794
18.984,0.2529999,-0.34580249999999996,9.883967400000001,-0.0002309559973916464,2,0.07790798900263701,-2.447114892639117,3,-34.21185117727288
19.0,0.2230794,-0.36375480000000004,9.860031000000001,0.0004000418606935341,2,0.039437366130328125,-2.4471135399522104,3,-34.2510050047336
19.015,0.17069399999999998,-0.4505733,9.860031000000001,0.0010775123877468928,2,0.045164701803555536,-2.447102458295347,3,-34.28771162472046
19.031,0.17069399999999998,-0.39220380000000005,9.839037600000001,0.001166129655921111,2,0.005538579260889242,-2.447084509158998,3,-34.32686512046009
19.046,0.21856680000000003,-0.39220380000000005,9.833053500000002,0.001129858187265853,2,-0.0024180979103504336,-2.447067289250174,3,-34.36357125894816
19.062,0.15568469999999998,-0.37572300000000003,9.833053500000002,0.001049630745869834,2,-0.005014215087250634,-2.447049853338709,3,-34.402724196088876
19.078,0.15568469999999998,-0.3338343,9.7866522,-0.0001964155576441584,2,-0.0778778939696331,-2.447043027617203,3,-34.44187693913652
19.093,0.2200383,-0.3338343,9.8105886,-0.0007986349434805362,2,-0.040147959055757,-2.4470504904959616,3,-34.47858264052237
19.109,0.16765290000000002,-0.36826739999999997,9.7821396,-0.0020746511093570064,2,-0.07975101036727046,-2.4470734767843845,3,-34.51773563226062
19.125,0.16765290000000002,-0.36826739999999997,9.7821396,-0.0033195449297256374,2,-0.077805863773048,-2.447116630352697,3,-34.55688915311771
19.14,0.17510850000000003,-0.36826739999999997,9.771642900000002,-0.004786687048639493,2,-0.09780947459425333,-2.4471774270925346,3,-34.59359635854855
19.156,0.17667810000000003,-0.3592422,9.830012400000001,-0.004803083904240779,2,-0.0010248034750804955,-2.4472541452601577,3,-34.63275181112737
19.171,0.2080701,-0.36071369999999997,9.830012400000001,-0.004802796580717583,2,1.9154901546395074e-05,-2.4473261893637948,3,-34.66946116363705
19.187,0.2080701,-0.36973890000000004,9.830012400000001,-0.004794345095463726,2,0.0005282178283660363,-2.4474029664972043,3,-34.70861899688394
19.203,0.19610190000000002,-0.36973890000000004,9.8794548,-0.0035872691501079856,2,0.07544224658474206,-2.4474700194111687,3,-34.747777980771204
19.218,0.2230794,-0.37572300000000003,9.8794548,-0.002390186706636044,2,0.07980549623145976,-2.4475148503300943,3,-34.78449036729427
19.234,0.2230794,-0.36375480000000004,9.8076456,-0.002983016189347154,2,-0.03705184266944024,-2.4475578359532624,3,-34.82365094878454
19.25,0.2006145,-0.36375480000000004,9.7956774,-0.0038648563005665437,2,-0.055115006951217925,-2.4476126189331815,3,-34.86281231242363
19.265,0.2140542,-0.36375480000000004,9.7956774,-0.00471825631601952,2,-0.056893334363529606,-2.447676992277806,3,-34.89952698450771
19.281,0.2140542,-0.3202965,9.7941078,-0.005626073089924688,2,-0.056738548369079246,-2.4477597469130536,3,-34.93869047842123
19.296,0.258984,-0.3876912,9.7567317,-0.007336531241861621,2,-0.1140305434624579,-2.447856966445542,3,-34.97540760377142
19.312,0.258984,-0.3876912,9.7851807,-0.008312181446711975,2,-0.06097813780314027,-2.4479821561470505,3,-35.01457431675217
19.328,0.21709530000000002,-0.3712104,9.7851807,-0.00930443439562012,2,-0.06201580930676592,-2.448123089073789,3,-35.05374315871393
19.343,0.21709530000000002,-0.38621970000000005,9.871999200000001,-0.008142955561140752,2,0.0774319222986216,-2.4482539444984646,3,-35.09046598646572
19.359,0.16166880000000003,-0.38621970000000005,9.8464932,-0.00765725202229639,2,0.03035647117776923,-2.4483803461591322,3,-35.129639060790986
19.375,0.16765290000000002,-0.4445892,9.8464932,-0.00712095781816835,2,0.033518387758006224,-2.448498571837856,3,-35.16881409213496
19.39,0.16765290000000002,-0.3951468000000001,9.883967400000001,-0.005735970515864608,2,0.09233248682024596,-2.4485949988003615,3,-35.205542293914746
19.406,0.20355750000000003,-0.3951468000000001,9.7627158,-0.007322667847828868,2,-0.09916858324777715,-2.448699467907271,3,-35.2447206496484
19.421,0.2425032,-0.34128990000000003,9.7627158,-0.008898481729172403,2,-0.1050542587562317,-2.4488211265290984,3,-35.28145205410667
19.437,0.2425032,-0.34128990000000003,9.7627158,-0.010435861125605683,2,-0.09608621227706927,-2.4489758012719367,3,-35.320634429529086
19.453,0.23053500000000002,-0.37572300000000003,9.851005800000001,-0.009760755678616562,2,0.04219409043682475,-2.4491373742063707,3,-35.35981933493291
19.468,0.23053500000000002,-0.37572300000000003,9.851005800000001,-0.0091021162181395,2,0.04390929736513579,-2.4492788457455963,3,-35.39655745658255
19.484,0.21101310000000004,-0.3712104,9.8704296,-0.008001062763426603,2,0.06881584091954836,-2.449415671177449,3,-35.43574701271794
19.5,0.21101310000000004,-0.344331,9.8524773,-0.007388100688073607,2,0.03831012970956649,-2.449538784485061,3,-35.474938648363235
19.515,0.21856680000000003,-0.344331,9.8225568,-0.007515217794713536,2,-0.008474473775994949,-2.4496505593736817,3,-35.511682568442176
19.531,0.21856680000000003,-0.344331,9.8225568,-0.007639234484118518,2,-0.007751043087812236,-2.4497717949919124,3,-35.550877947277094
19.546,0.1930608,-0.3367773,9.8225568,-0.007779632960099647,2,-0.009359898398741608,-2.449887436497744,3,-35.58762539151327
19.562,0.1930608,-0.4161402,9.839037600000001,-0.0074409558299475265,2,0.021167320634505177,-2.4500092012080645,3,-35.62682456461492
19.578,0.1930608,-0.4161402,9.818044200000001,-0.0076220164355937925,2,-0.011316287852892872,-2.450129704986189,3,-35.66602567586447
19.593,0.1796211,-0.35178660000000006,9.818044200000001,-0.007866201989440214,2,-0.01627903692309412,-2.450245866624377,3,-35.70277849265155
19.609,0.1796211,-0.3831786,9.8196138,-0.008037551184175484,2,-0.010709324670953225,-2.450373096649766,3,-35.74198344435774
19.625,0.19011780000000003,-0.39671639999999997,9.8016615,-0.008624227729507439,2,-0.03666728408325119,-2.4505063908810754,3,-35.78119048025798
19.64,0.1526436,-0.39671639999999997,9.8136297,-0.008920927258655453,2,-0.019779968609866888,-2.4506379795434867,3,-35.81794906303617
19.656,0.1721655,-0.43262100000000003,9.8136297,-0.00916555373031791,2,-0.01528915447890524,-2.4507826713913987,3,-35.85716042824364
19.671,0.1721655,-0.37268190000000007,9.759674700000001,-0.010778955813007585,2,-0.10756013884597422,-2.4509322552129738,3,-35.89392329019317
19.703,0.18109260000000002,-0.39818790000000004,9.8016615,-0.01130147913016799,2,-0.016328853661262674,-2.4512855421720645,3,-35.97235877495133
19.718,0.18109260000000002,-0.3831786,9.834525,-0.011025032443338745,2,0.018429779121949028,-2.451452991008866,3,-36.00912931395019
19.734,0.1497006,-0.3831786,9.839037600000001,-0.010658226282846073,2,0.022925385030789436,-2.4516264570786754,3,-36.04835394953489
19.75,0.20954160000000002,-0.37268190000000007,9.839037600000001,-0.010283570581043122,2,0.02341598136268699,-2.4517939914535867,3,-36.087581313123145
19.781,0.2544714,-0.3218661,9.860031000000001,-0.009424351449768054,2,0.02771674617016457,-2.452099464245064,3,-36.163591661686475
19.796,0.24701580000000004,-0.3367773,9.843550200000001,-0.008980182800765846,2,0.029611243266812737,-2.452237498251943,3,-36.2003741889052
19.812,0.24701580000000004,-0.33981839999999996,9.8016615,-0.009565043126233519,2,-0.03655377034172548,-2.452385860059359,3,-36.23961117577169
19.828,0.2694807,-0.33981839999999996,9.855518400000001,-0.00880890994764627,2,0.04725832366170822,-2.4525328516839497,3,-36.278850525465636
19.843,0.2694807,-0.33981839999999996,9.855518400000001,-0.008071219041706712,2,0.049179393729302044,-2.45265945265137,3,-36.31563946774815
19.859,0.287433,-0.32932170000000005,9.855518400000001,-0.007347844037507656,2,0.04521093776243595,-2.4527828051560037,3,-36.35488300581061
19.875,0.287433,-0.34580249999999996,9.843550200000001,-0.006919961903413707,2,0.02674263338087474,-2.452896947603531,3,-36.394128443832685
19.89,0.23799060000000002,-0.34580249999999996,9.8854389,-0.00551391703398707,2,0.09373632462843891,-2.452990201695562,3,-36.43092259745243
19.906,0.21552570000000001,-0.3831786,9.8854389,-0.004121141954287921,2,0.0870484424812064,-2.453067282167468,3,-36.47017105732333
19.921,0.1272357,-0.3996594,9.830012400000001,-0.00413437747886114,2,-0.0008823683048812017,-2.4531291985632167,3,-36.50696753092881
19.937,0.1272357,-0.4340925,9.8240283,-0.004257508479071248,2,-0.007695687513130905,-2.45319633365088,3,-36.54621813518653
19.968,0.1661814,-0.40417200000000003,9.8046045,-0.004867850645970506,2,-0.019688456996751022,-2.453337776717318,3,-36.622269413897236
19.984,0.1661814,-0.3562992,9.774684,-0.0062377285177728226,2,-0.0856173669876352,-2.4534266213506277,3,-36.661523529081784
20.0,0.16912439999999998,-0.3562992,9.8136297,-0.0066238386888120004,2,-0.024131885689951275,-2.4535295138882804,3,-36.70077917816369
20.015,0.16912439999999998,-0.3562992,9.8136297,-0.00700053153860658,2,-0.025112856652971038,-2.4536316966649863,3,-36.737582887242844
20.031,0.16912439999999998,-0.37268190000000007,9.821085300000002,-0.0071715222569075365,2,-0.010686919893810942,-2.4537450730953503,3,-36.77684190140092
20.046,0.18864630000000002,-0.37268190000000007,9.836094600000001,-0.00696392713197902,2,0.013839674995233931,-2.453851088965767,3,-36.81364887261638
20.062,0.19011780000000003,-0.3831786,9.7821396,-0.00806560324450345,2,-0.06885475703276918,-2.4539713252087787,3,-36.852911451929785
20.078,0.1317483,-0.35178660000000006,9.7821396,-0.009192549771281477,2,-0.07043415792363449,-2.454109390432905,3,-36.89217609765491
20.093,0.1317483,-0.37572300000000003,9.830012400000001,-0.009103649281051673,2,0.005926699348653379,-2.4542466119257975,3,-36.9289887676726
20.109,0.113796,-0.37572300000000003,9.836094600000001,-0.008874153097071513,2,0.014343511498758404,-2.4543904343448224,3,-36.96825786404277
20.125,0.1781496,-0.3907323,9.836094600000001,-0.008612730509291566,2,0.016338911736248487,-2.4545303294136733,3,-37.007529230152834
20.14,0.1781496,-0.4027005000000001,9.860031000000001,-0.00776269027593024,2,0.05666934889075296,-2.4546531450695626,3,-37.04434810621146
20.156,0.1781496,-0.4027005000000001,9.860031000000001,-0.006933382731189042,2,0.05183172154633058,-2.4547707136536197,3,-37.08362349708124
20.171,0.2230794,-0.4027005000000001,9.854046900000002,-0.006247823774327088,2,0.045703930457461836,-2.4548695727024112,3,-37.12044579922891
20.187,0.20954160000000002,-0.34128990000000003,9.854046900000002,-0.005642716293600358,2,0.03781921754541638,-2.454964697022955,3,-37.15972447338672
20.203,0.20954160000000002,-0.3876912,9.8524773,-0.005048788586998754,2,0.03712048166260438,-2.4550502290619995,3,-37.19900459279539
20.218,0.2006145,-0.3876912,9.8764137,-0.003890630697984676,2,0.07721052593426891,-2.455117274706637,3,-37.23583084907366
20.234,0.2394621,-0.4101561,9.8674866,-0.002935008121564664,2,0.059726411026244076,-2.4551718798171933,3,-37.27511316230985
20.25,0.2994012,-0.38023560000000006,9.8674866,-0.001992015486116827,2,0.05893703971549629,-2.4552112960060546,3,-37.31439622771643
20.265,0.2994012,-0.3592422,9.8809263,-0.0007637559874158484,2,0.08188396658006214,-2.455231964292106,3,-37.35122455216867
20.281,0.2559429,-0.3592422,9.8764137,0.00029483680316388927,2,0.06616204941124089,-2.45523571564558,3,-37.390508293608164
20.296,0.2200383,-0.37572300000000003,9.8764137,0.0013214707137940707,2,0.06844226070867616,-2.455223593339203,3,-37.42733673842555
20.312,0.20208600000000002,-0.33226469999999997,9.8704296,0.0021299168729864704,2,0.050527884949519326,-2.4551959822385085,3,-37.46662009503018
20.328,0.20208600000000002,-0.33226469999999997,9.8704296,0.0029186448331746107,2,0.049295497511764194,-2.4551555937448595,3,-37.505902907638045
20.343,0.2230794,-0.3592422,9.8704296,0.003722183349484709,2,0.05356923442067119,-2.4551057875334896,3,-37.542729867997636
20.359,0.2230794,-0.32333760000000006,9.830012400000001,0.003490866974390272,2,-0.014457273443400689,-2.4550480831308987,3,-37.58201109896296
20.375,0.17510850000000003,-0.3427614,9.8091171,0.0027483018952576543,2,-0.04641031744579372,-2.4549981697799415,3,-37.62129146898624
20.39,0.18109260000000002,-0.3427614,9.818044200000001,0.002244060599050357,2,-0.033616086413818545,-2.454960727061234,3,-37.65811616071255
20.406,0.2499588,-0.33530580000000004,9.818044200000001,0.0017826846963675536,2,-0.028835993917678392,-2.4549285130988707,3,-37.69739527463383
20.421,0.2499588,-0.3622833,9.8225568,0.0014658681675197016,2,-0.02112110192318933,-2.4549041489523917,3,-37.734219019599216
20.437,0.16912439999999998,-0.3622833,9.8165727,0.0009689256089089326,2,-0.031058909913169584,-2.4548846706021803,3,-37.77349733015566
20.453,0.13469129999999999,-0.3951468000000001,9.8165727,0.0005020150663561651,2,-0.029181908909551184,-2.454872903076778,3,-37.81277539074508
20.468,0.13469129999999999,-0.40711500000000006,9.856989900000002,0.001043259631146043,2,0.03608297098599049,-2.454861313516547,3,-37.84959839736953
20.484,0.1062423,-0.4101561,9.831582000000001,0.0009467712037896092,2,-0.006030526709776432,-2.4548453932698675,3,-37.88887605102383
20.5,0.1062423,-0.37866600000000006,9.8240283,0.0006377617953905457,2,-0.0193130880249436,-2.454832717005874,3,-37.92815347590603
20.515,0.1362609,-0.36826739999999997,9.833053500000002,0.0005556359419323087,2,-0.005475056897215591,-2.454823766522844,3,-37.9649758995325
20.531,0.1362609,-0.36826739999999997,9.833053500000002,0.0004755131580704841,2,-0.005007673991364588,-2.454815517330044,3,-38.004253013803314
20.546,0.16019730000000001,-0.36826739999999997,9.7895952,-0.0006529335072595899,2,-0.07522977768866874,-2.454816847982663,3,-38.04107525654316
20.562,0.16166880000000003,-0.3771945,9.7895952,-0.0017449846518040601,2,-0.06825319653402176,-2.4548360313279356,3,-38.08035247957765
20.578,0.16166880000000003,-0.36826739999999997,9.851005800000001,-0.0013221184055272062,2,0.026429140392306285,-2.454860568152394,3,-38.11963005237349
20.593,0.1781496,-0.36826739999999997,9.8046045,-0.0020333984742304523,2,-0.047418671246881275,-2.4548857345289923,3,-38.156453149643596
20.609,0.21856680000000003,-0.347274,9.8046045,-0.0027260719592749894,2,-0.043292092815278724,-2.45492381029246,3,-38.19573162600217
20.625,0.21856680000000003,-0.3083283,9.839037600000001,-0.002594372872541939,2,0.008231192920816552,-2.4549663738511147,3,-38.235010747475314
20.64,0.21709530000000002,-0.3083283,9.8854389,-0.0013357673239156043,2,0.0839070365750858,-2.454995849902588,3,-38.27183546415347
20.656,0.21258269999999999,-0.34580249999999996,9.8854389,-8.003293559077918e-05,2,0.07848339927031021,-2.4550071763046644,3,-38.31111548836312
20.671,0.21258269999999999,-0.38023560000000006,9.889951500000002,0.00128584340634319,2,0.09105842279559449,-2.454998132726134,3,-38.34794052818086
20.687,0.19610190000000002,-0.39220380000000005,9.8704296,0.002145821137624182,2,0.05374860820505598,-2.454970679409782,3,-38.38722027867795
20.703,0.2200383,-0.39220380000000005,9.8794548,0.0032170171770715683,2,0.06694975246546901,-2.4549277767032645,3,-38.42649946632685
20.718,0.2200383,-0.39220380000000005,9.8794548,0.004262086483850069,2,0.0696712871185641,-2.4548716834258077,3,-38.46332296227782
20.734,0.2274939,-0.3907323,9.8794548,0.005284360058441351,2,0.06389209841194794,-2.4547953118534696,3,-38.50260029824006
20.75,0.23200650000000003,-0.3817071,9.856989900000002,0.005728296549346368,2,0.027746030681566617,-2.454707210600607,3,-38.54187631841969
20.765,0.24701580000000004,-0.36375480000000004,9.856989900000002,0.00615375108260352,2,0.028363635550475753,-2.4546180952433674,3,-38.57869625821352
20.781,0.24701580000000004,-0.36375480000000004,9.856989900000002,0.006568828676025262,2,0.02594234958886174,-2.454516314605298,3,-38.617969333492304
20.796,0.2514303,-0.3771945,9.855518400000001,0.006952957263758108,2,0.025608572515522093,-2.45441490121075,3,-38.65478631761093
20.812,0.2559429,-0.37572300000000003,9.855518400000001,0.007329177480203342,2,0.02351376352782445,-2.454300644132798,3,-38.69405604197368
20.828,0.2559429,-0.3996594,9.8120601,0.006660435604816328,2,-0.041796367211692935,-2.454188727228118,3,-38.73332395694457
20.843,0.2559429,-0.3996594,9.8120601,0.006008004506877995,2,-0.04349540652922055,-2.4540937139272803,3,-38.770136075253234
20.859,0.2200383,-0.42506730000000004,9.839037600000001,0.006033492443382471,2,0.0015929960315295582,-2.453997381951678,3,-38.80940080402027
20.875,0.205029,-0.3712104,9.8809263,0.007018092930353603,2,0.061537530435702543,-2.453892969268688,3,-38.84866392683003
20.89,0.205029,-0.3712104,9.8809263,0.007978678771300096,2,0.0640390560630971,-2.453780493480926,3,-38.88547147780065
20.906,0.205029,-0.4116276,9.973728900000001,0.011215900513727561,2,0.20232635890173886,-2.453626936846646,3,-38.924730737243266
20.921,0.2006145,-0.4116276,10.0306269,0.015758282447347227,2,0.3028254622412996,-2.453424630474438,3,-38.96153362399818
20.937,0.23799060000000002,-0.34580249999999996,10.0306269,0.020149227698315286,2,0.274434078185473,-2.453137370393273,3,-39.000786120005124
20.953,0.23799060000000002,-0.34580249999999996,9.9528336,0.022537351529358318,2,0.14925773944020593,-2.4527958777594514,3,-39.040033585990344
20.968,0.19757340000000004,-0.34580249999999996,9.687865500000001,0.01838834868447492,2,-0.2766001896588827,-2.452488935007848,3,-39.0768232220861
20.984,0.2006145,-0.3023442,9.687865500000001,0.014306634387496686,2,-0.2551071435611111,-2.452227375143272,3,-39.11606095256731
21.0,0.2006145,-0.32932170000000005,9.632439,0.008995119017384923,2,-0.3319697106320218,-2.452040961116033,3,-39.15529509925738
21.015,0.2215098,-0.344331,9.551604600000001,0.00186732341790119,2,-0.4751863732988975,-2.4519594927977684,3,-39.19207510266173
21.031,0.23799060000000002,-0.344331,9.716314500000001,-0.0010634357701402308,2,-0.18317244925260898,-2.451953061696586,3,-39.23130640309768
21.046,0.13469129999999999,-0.3936753,9.716314500000001,-0.003925322991968017,2,-0.1907924814551785,-2.451990477387302,3,-39.268085979640816
21.062,0.13469129999999999,-0.40711500000000006,9.776155500000002,-0.0052457868792963325,2,-0.0825289929580105,-2.452063846266272,3,-39.307318414230046
21.078,0.1332198,-0.40711500000000006,9.886910400000001,-0.0038357570560378917,2,0.08812686395366225,-2.4521364986177545,3,-39.346552016989115
21.093,0.1646118,-0.40711500000000006,9.886910400000001,-0.0024485970040757365,2,0.09247733679747351,-2.4521836312732055,3,-39.3833344179633
21.109,0.1646118,-0.3936753,9.855518400000001,-0.0018734765790302532,2,0.035945026565338684,-2.45221820786187,3,-39.422569632676385
21.125,0.19610190000000002,-0.3936753,9.934881299999999,0.0006354296243173962,2,0.15680663770924536,-2.452228112237508,3,-39.461805203237176
21.14,0.1646118,-0.36375480000000004,9.934881299999999,0.0030414185667861915,2,0.16039926283124695,-2.4522005358760746,3,-39.49858841809803
21.156,0.1646118,-0.38621970000000005,9.999234900000001,0.006977597796845814,2,0.24601120187875347,-2.4521203837451657,3,-39.537822985454994
21.171,0.205029,-0.3218661,9.9184005,0.008810323820389598,2,0.12218173490291435,-2.4520019743330366,3,-39.574603903140584
21.187,0.2080701,-0.3218661,9.898878600000002,0.010124104593355554,2,0.08211129831036304,-2.4518504989057264,3,-39.6138347229265
21.203,0.1870767,-0.3652263,9.898878600000002,0.011432304302195107,2,0.08176248180248104,-2.451678047634562,3,-39.653062951298814
21.218,0.1870767,-0.3592422,9.8225568,0.010843321363735114,2,-0.03926552923066465,-2.4515109804420674,3,-39.68983686900939
21.234,0.1466595,-0.3592422,9.7956774,0.009596887943375876,2,-0.0779020887724437,-2.4513474587676103,3,-39.72905973652307
21.25,0.1930608,-0.318825,9.7956774,0.008366372415297363,2,-0.07690722050491552,-2.4512037526847408,3,-39.768280146214686
21.265,0.1930608,-0.32333760000000006,9.771642900000002,0.006583700934715608,2,-0.11884476537211246,-2.4510916271346157,3,-39.80504736156333
21.281,0.2006145,-0.32333760000000006,9.699833700000001,0.0030981100242204462,2,-0.2178494319059716,-2.451014172646944,3,-39.84426420796158
21.296,0.19757340000000004,-0.37425150000000007,9.699833700000001,-0.0002593722397854492,2,-0.2238321509337179,-2.4509928821135607,3,-39.88102926087228
21.312,0.21856680000000003,-0.36375480000000004,9.728282700000001,-0.0028405048743369576,2,-0.16132078965945124,-2.4510176811304736,3,-39.92024534537824
21.328,0.21856680000000003,-0.3592422,9.7327953,-0.005252808325860059,2,-0.15076896572021042,-2.451082427636075,3,-39.95946214624837
21.343,0.23347800000000002,-0.3592422,9.827069400000001,-0.005300672367736681,2,-0.0031909361251080026,-2.451161578741277,3,-39.9962289762962
21.359,0.2215098,-0.347274,9.827069400000001,-0.005364604137358953,2,-0.0039957356013915445,-2.451246900953318,3,-40.03544824413376
21.375,0.2215098,-0.347274,9.827069400000001,-0.005426976595526156,2,-0.0038982786354506546,-2.451333233599181,3,-40.07466888521018
21.39,0.2215098,-0.36669779999999996,9.8240283,-0.005544736392954164,2,-0.007850653161866873,-2.4514155214465947,3,-40.111439500873026
21.406,0.1915893,-0.38023560000000006,9.9124164,-0.003508608850825823,2,0.12725797138303532,-2.4514879482085448,3,-40.15066272863026
21.421,0.1915893,-0.37572300000000003,9.967744800000002,-0.0001780759501546214,2,0.22203552671140503,-2.4515155983445522,3,-40.18743525522941
21.437,0.1856052,-0.37572300000000003,9.900448200000001,0.0014285433815288684,2,0.10041370823020687,-2.451505594605101,3,-40.22665942477301
21.453,0.1796211,-0.37425150000000007,9.900448200000001,0.002991928989226622,2,0.09771160048112036,-2.451470230826135,3,-40.265883231376456
21.468,0.1796211,-0.37425150000000007,9.900448200000001,0.004517183240638545,2,0.10168361676079099,-2.451413912484411,3,-40.302654862451284
21.484,0.173637,-0.3831786,9.883967400000001,0.005609348287755722,2,0.06826031544481595,-2.451332900232184,3,-40.34187683695302
21.5,0.173637,-0.37268190000000007,9.7851807,0.004257765719952289,2,-0.08447391048772387,-2.4512539633201227,3,-40.381097531861435
21.515,0.20208600000000002,-0.37268190000000007,9.871999200000001,0.0050680151591588896,2,0.054016629280437996,-2.4511840199635295,3,-40.41786581673606
21.531,0.1571562,-0.4101561,9.871999200000001,0.0058747876389002585,2,0.05042327998384111,-2.451096477541145,3,-40.45708406071609
21.546,0.1571562,-0.3876912,9.707289300000001,0.002626110696864359,2,-0.2165784628023851,-2.4510327208036267,3,-40.49385002970368
21.562,0.2365191,-0.3876912,9.7297542,4.3207645793685856e-05,2,-0.161431440691899,-2.4510113662568855,3,-40.533066382400165
21.578,0.20954160000000002,-0.37866600000000006,9.7297542,-0.0025004249202869033,2,-0.15897703538005434,-2.4510310239950814,3,-40.57228272152218
21.593,0.20954160000000002,-0.41309910000000005,9.777627,-0.003781568150577286,2,-0.08540954868602225,-2.451078138943113,3,-40.60904854024422
21.609,0.2484873,-0.41309910000000005,9.8136297,-0.004132188038735052,2,-0.021913743009857923,-2.4511414489926273,3,-40.64826629694771
21.625,0.2425032,-0.3876912,9.8136297,-0.004503158155916509,2,-0.02318563232384363,-2.4512105317621846,3,-40.687485112793745
21.64,0.21101310000000004,-0.3936753,9.783611100000002,-0.00560840553647779,2,-0.07368315870408258,-2.451286368489878,3,-40.72425383954564
21.656,0.21101310000000004,-0.40417200000000003,9.831582000000001,-0.005507508062340349,2,0.006306092133590708,-2.4513752957986683,3,-40.763475132859945
21.671,0.23347800000000002,-0.40417200000000003,9.900448200000001,-0.0037189123492940013,2,0.11923971420308535,-2.4514444939517555,3,-40.80024628128307
21.687,0.2006145,-0.40113090000000007,9.900448200000001,-0.0019945078285381612,2,0.10777528254722794,-2.4514902013131783,3,-40.8394697588452
21.703,0.2006145,-0.3532581,9.8764137,-0.0009423188902868418,2,0.06576180864071471,-2.451513695926929,3,-40.878693790023114
21.718,0.2709522,-0.3532581,9.8584614,-0.0003122910958968106,2,0.04200185295933382,-2.4515231055018254,3,-40.91546656603383
21.734,0.2350476,-0.3652263,9.8584614,0.0002905451782417856,2,0.03767726713365804,-2.451523279469167,3,-40.954690937113604
21.75,0.2350476,-0.32932170000000005,9.8165727,-0.00017295472451372973,2,-0.0289687439222229,-2.451522338745537,3,-40.993915302059314
21.765,0.2200383,-0.32932170000000005,9.8165727,-0.0006336282549348482,2,-0.03071156869474007,-2.451528388117883,3,-41.030688182510794
21.781,0.18413369999999998,-0.39220380000000005,9.8165727,-0.001044763453672104,2,-0.025695949921081318,-2.451541815251552,3,-41.069912744137746
21.796,0.1856052,-0.3532581,9.788123700000002,-0.0021745341412593433,2,-0.07531804583914643,-2.4515659599835136,3,-41.10668605245201
21.812,0.1856052,-0.35178660000000006,9.7821396,-0.003423874205390476,2,-0.07808375400818704,-2.4516107472502866,3,-41.14591146610989
21.828,0.1661814,-0.35178660000000006,9.803133,-0.004139623727043684,2,-0.04473434510333045,-2.451671255233746,3,-41.18513772212975
21.843,0.1856052,-0.37268190000000007,9.803133,-0.004810606998834288,2,-0.0447322181193719,-2.45173838196419,3,-41.221913294408736
21.859,0.1856052,-0.3592422,9.856989900000002,-0.004164978175749567,2,0.040351801442790526,-2.4518101866455866,3,-41.26114168295762
21.875,0.18413369999999998,-0.3592422,9.839037600000001,-0.0039732625313479986,2,0.011982227775099373,-2.4518752925712435,3,-41.30037116679135
21.89,0.2230794,-0.36826739999999997,9.839037600000001,-0.003758452746170704,2,0.014320652345152427,-2.4519332804358247,3,-41.33714973108891
21.906,0.2230794,-0.3817071,9.860031000000001,-0.003024882316339017,2,0.04584815186448549,-2.4519875471163246,3,-41.37638109770932
21.921,0.205029,-0.35777070000000005,9.895935600000001,-0.0014656643315813511,2,0.10394786565050712,-2.452021226216184,3,-41.413161163509315
21.953,0.1571562,-0.3487455,9.806076000000001,-0.0021637247301793394,2,-0.021814387456187113,-2.452079296441172,3,-41.491626771871836
21.968,0.1571562,-0.3143124,9.854046900000002,-0.0017038578028163442,2,0.03065779515753185,-2.4521083033101694,3,-41.528408178869974
21.984,0.145188,-0.3143124,9.8405091,-0.0015896688675596238,2,0.0071368084535442305,-2.4521346515235325,3,-41.567642122508644
22.0,0.173637,-0.35178660000000006,9.8405091,-0.0014361199857031437,2,0.009596805116031061,-2.4521588578343585,3,-41.6068764705835
22.015,0.173637,-0.3592422,9.8240283,-0.0016813920621672196,2,-0.016351471764271108,-2.4521822391747174,3,-41.64365902881107
22.031,0.2065986,-0.3592422,9.874942200000001,-0.0006644323487510206,2,0.06355998208851943,-2.452201005770005,3,-41.682894094770624
22.046,0.258984,-0.3831786,9.874942200000001,0.0003797385822181809,2,0.06961139539794413,-2.452203140973254,3,-41.7196771258712
22.062,0.258984,-0.4101561,9.8016615,-0.00036032326549140237,2,-0.04625386548184378,-2.45220298565072,3,-41.7589123748842
22.078,0.2065986,-0.4101561,9.7536906,-0.0022813785655309005,2,-0.12006595625248186,-2.452224119265368,3,-41.79814779172352
22.093,0.2065986,-0.4101561,9.7536906,-0.004155578858252795,2,-0.12494668618145492,-2.4522723964460464,3,-41.83493151559136
22.109,0.22455090000000003,-0.40113090000000007,9.788123700000002,-0.00514464103708967,2,-0.061816386177297754,-2.4523467982052094,3,-41.87416846914857
22.125,0.20954160000000002,-0.41309910000000005,9.836094600000001,-0.004936840220516103,2,0.012987551035849353,-2.45242745005527,3,-41.91340666313465
22.14,0.1946304,-0.41309910000000005,9.8151012,-0.005253053696112175,2,-0.02108089837307068,-2.452503874259645,3,-41.950193648067014
22.156,0.1946304,-0.41309910000000005,9.8151012,-0.005561554647913525,2,-0.019281309487586454,-2.452590391126397,3,-41.9894344021901
22.171,0.1915893,-0.4520448,9.8151012,-0.005822173727638713,2,-0.0173746053150119,-2.4526757690892134,3,-42.02622389839172
22.187,0.1915893,-0.4670541,9.9124164,-0.003688879213608942,2,0.13333090712684575,-2.452751857512743,3,-42.06546731940454
22.203,0.19757340000000004,-0.4670541,9.866015100000002,-0.002735008801858285,2,0.05961690073442262,-2.452803248616867,3,-42.10471176025357
22.218,0.2260224,-0.40113090000000007,9.866015100000002,-0.0018601854403215157,2,0.05832155743578243,-2.4528377125736833,3,-42.141504067462506
22.234,0.2260224,-0.36669779999999996,9.8375661,-0.0017325618518775343,2,0.007976474277747942,-2.452866454552021,3,-42.18074970079952
22.25,0.24701580000000004,-0.36669779999999996,9.848062800000001,-0.001339993411948015,2,0.024535527495597658,-2.4528910349941317,3,-42.21999576071588
22.265,0.1915893,-0.32333760000000006,9.8644455,-0.0006248087233426958,2,0.04767897924035281,-2.4529057710101463,3,-42.256789236760916
22.281,0.21856680000000003,-0.3891627,9.8644455,0.00014453073012887785,2,0.048083715841978646,-2.452909613234092,3,-42.296035759834865
22.296,0.21856680000000003,-0.315882,9.931840200000002,0.0024738260288437175,2,0.15528635324765008,-2.4528899755583997,3,-42.33282925675081
22.312,0.18109260000000002,-0.315882,9.723770100000001,-0.00034346831544773693,2,-0.1760808965181962,-2.4528729326966925,3,-42.37207536001686
22.328,0.1497006,-0.29783160000000003,9.723770100000001,-0.0031189475725437177,2,-0.1734674535685179,-2.4529006320237965,3,-42.411321548534616
22.343,0.1497006,-0.3262806,9.803133,-0.0038701049596703285,2,-0.05007715914177216,-2.452953049917788,3,-42.44811545114918
22.359,0.1856052,-0.3262806,9.845021700000002,-0.0035670447642708325,2,0.01894126221246638,-2.4530125471155797,3,-42.48736317592545
22.375,0.16912439999999998,-0.3817071,9.845021700000002,-0.00323004310331676,2,0.021062603809631864,-2.4530669238185205,3,-42.52661181169292
22.39,0.16912439999999998,-0.3622833,9.8151012,-0.003648311749413935,2,-0.027884576406477287,-2.453118511479916,3,-42.563408202457666
22.406,0.1796211,-0.3622833,9.7895952,-0.004673403107060992,2,-0.06406820985294809,-2.453185085198768,3,-42.602658631231094
22.421,0.1915893,-0.3547296,9.8689581,-0.0037406494996510276,2,0.06218357382732858,-2.4532481905933183,3,-42.639456880799536
22.437,0.20954160000000002,-0.3173535,9.8689581,-0.0028527706772347727,2,0.055492426401009716,-2.4533009379547335,3,-42.67870927382793
22.453,0.20954160000000002,-0.36375480000000004,9.7806681,-0.00409897753328714,2,-0.07788792850328155,-2.4533565519404177,3,-42.717962533747084
22.468,0.2260224,-0.36375480000000004,9.8375661,-0.003919411622540281,2,0.011971060716456844,-2.4534166898590866,3,-42.75476333306058
22.484,0.2215098,-0.37268190000000007,9.8375661,-0.0037385845381425753,2,0.011301692774855333,-2.453477953828372,3,-42.794018490210085
22.5,0.2215098,-0.36071369999999997,9.831582000000001,-0.00371885713515141,2,0.0012329626869479718,-2.4535376133617586,3,-42.8332746147476
22.515,0.2769363,-0.36071369999999997,9.830012400000001,-0.003703618319379487,2,0.0010159210514614938,-2.4535932819276676,3,-42.87007809646227
22.531,0.2215098,-0.36071369999999997,9.830012400000001,-0.00372299123843689,2,-0.0012108074410878357,-2.45365269480413,3,-42.909336064276125
22.546,0.2215098,-0.3622833,9.803133,-0.004395467715331947,2,-0.044831765126335396,-2.4537135832462833,3,-42.94614131136151
22.562,0.21101310000000004,-0.3712104,9.8165727,-0.004721559358515037,2,-0.02038072769894089,-2.453786519462874,3,-42.985401312183185
22.578,0.17667810000000003,-0.41466870000000006,9.8165727,-0.005013831904827626,2,-0.0182670341445388,-2.453864402592981,3,-43.02466251955963
22.593,0.17667810000000003,-0.41466870000000006,9.8165727,-0.005298975852449317,2,-0.019009596508112014,-2.4539417486511605,3,-43.06147106569396
22.609,0.17667810000000003,-0.4221243,9.8764137,-0.004111459966829045,2,0.07421974285125867,-2.4540170321377146,3,-43.10073473594027
22.625,0.2140542,-0.4221243,9.8240283,-0.004211115507645857,2,-0.006228471301051439,-2.45408361274151,3,-43.1399995410993
22.64,0.16912439999999998,-0.4311495000000001,9.8240283,-0.004320138751788605,2,-0.007268216276182887,-2.454147597148456,3,-43.17681127517348
22.656,0.16912439999999998,-0.4101561,9.860031000000001,-0.0035711804186142615,2,0.04680989582340161,-2.454210727701819,3,-43.21607814177228
22.671,0.18413369999999998,-0.4101561,9.7911648,-0.004511846017486221,2,-0.0627110399247949,-2.4542713504000897,3,-43.25289175735804
22.687,0.2425032,-0.33824879999999996,9.7911648,-0.005465545404714334,2,-0.05960621170175039,-2.4543511695314675,3,-43.2921607375175
22.703,0.2425032,-0.33824879999999996,9.7911648,-0.006395983831277263,2,-0.0581524016601895,-2.4544460617653554,3,-43.33143111536787
22.718,0.2140542,-0.33226469999999997,9.7866522,-0.007434859440634156,2,-0.06925837395712357,-2.4545497930898947,3,-43.368248584279286
22.734,0.2140542,-0.33226469999999997,9.7866522,-0.008448396620494236,2,-0.06334607374124791,-2.4546768591383836,3,-43.40752239749712
22.75,0.2006145,-0.33226469999999997,9.907903800000001,-0.006489090871333758,2,0.12245660932254337,-2.454796359038318,3,-43.44679818324253
22.765,0.20355750000000003,-0.32333760000000006,9.907903800000001,-0.004583308363312,2,0.12705216720144574,-2.454879402032578,3,-43.48362075145056
22.781,0.20355750000000003,-0.3891627,9.8689581,-0.003615290467413601,2,0.06050111849365658,-2.4549449908232237,3,-43.5228993465934
22.796,0.18109260000000002,-0.3891627,9.855518400000001,-0.003009037861755104,2,0.04041684037723161,-2.4549946732856927,3,-43.55972389407422
22.812,0.18266220000000002,-0.35777070000000005,9.855518400000001,-0.002445854266213132,2,0.03519897472136929,-2.455038312422716,3,-43.59900415795989
22.828,0.18266220000000002,-0.3712104,9.8689581,-0.0015567846356656645,2,0.05556685190922285,-2.4550703335339312,3,-43.63828502712754
22.843,0.18266220000000002,-0.3712104,9.843550200000001,-0.0013085592938022472,2,0.01654835612422719,-2.4550918236134023,3,-43.67511124330614
22.859,0.1870767,-0.37866600000000006,9.843550200000001,-0.001057447763130881,2,0.015694470666958636,-2.455110751669858,3,-43.71439286390841
22.875,0.20208600000000002,-0.36826739999999997,9.7821396,-0.002311293804618586,2,-0.0783653775929902,-2.4551377016024,3,-43.75367485153458
22.89,0.20208600000000002,-0.37572300000000003,9.845021700000002,-0.0019953870065521073,2,0.021060453204431114,-2.4551700017084834,3,-43.79050215930942
22.906,0.18413369999999998,-0.37572300000000003,9.834525,-0.0019515519049644325,2,0.002739693849229976,-2.4552015772197757,3,-43.82978513194084
22.921,0.18864630000000002,-0.36973890000000004,9.834525,-0.0019122285526673721,2,0.002621556819803928,-2.455230555573208,3,-43.86661337293679
22.937,0.18864630000000002,-0.3771945,9.821085300000002,-0.002194461171393769,2,-0.017639538670397827,-2.4552634090910006,3,-43.905897324654106
22.953,0.15421320000000002,-0.3771945,9.818044200000001,-0.0025585658953897195,2,-0.02275654524974941,-2.4553014333075347,3,-43.94518184339329
22.968,0.1796211,-0.41309910000000005,9.818044200000001,-0.0028680529443168012,2,-0.02063246992847134,-2.4553421329488323,3,-43.98201167014022
22.984,0.1796211,-0.37572300000000003,9.8091171,-0.003424115534562233,2,-0.0347539118903356,-2.455392470296663,3,-44.02129754696619
23.0,0.2350476,-0.37572300000000003,9.842078700000002,-0.003134943886305308,2,0.01807322801605981,-2.45544494277203,3,-44.060584246270736
23.015,0.2544714,-0.32932170000000005,9.842078700000002,-0.002881552733857262,2,0.016892743496535752,-2.4554900664966812,3,-44.097416258840255
23.031,0.2649681,-0.37425150000000007,9.8046045,-0.0035014729001989764,2,-0.038745010396361405,-2.4555411307017536,3,-44.136704508417836
23.046,0.2649681,-0.3876912,9.8225568,-0.0036561897348423855,2,-0.010314455642893551,-2.4555948131715164,3,-44.173538027996884
23.062,0.2634966,-0.3876912,9.8285409,-0.003662309515386042,2,-0.00038248628397847975,-2.4556533611655182,3,-44.21282801339159
23.078,0.2350476,-0.3547296,9.8285409,-0.003716192297499532,2,-0.003367673882093507,-2.455712389180021,3,-44.25211893939434
23.093,0.2350476,-0.30685680000000004,9.7791966,-0.00501061066467301,2,-0.08629455781156191,-2.4557778402022374,3,-44.288955116114714
23.109,0.2006145,-0.30685680000000004,9.7701714,-0.0065121233521665545,2,-0.09384454296833604,-2.455870022074372,3,-44.328248299012934
23.125,0.1946304,-0.3202965,9.7701714,-0.007969450680890944,2,-0.09108295804528437,-2.4559858746666365,3,-44.367543146186854
23.14,0.1946304,-0.37425150000000007,9.8165727,-0.008213806353149167,2,-0.01629037815054758,-2.456107249094392,3,-44.40438384461506
23.156,0.1646118,-0.37425150000000007,9.8524773,-0.007590620887905075,2,0.03894909157776001,-2.4562336845123203,3,-44.44368257208391
23.171,0.18266220000000002,-0.3817071,9.8375661,-0.0073312653743276,2,0.01729036757183101,-2.456345598659287,3,-44.480526916707696
23.187,0.1721655,-0.3098979,9.8375661,-0.007144366060037655,2,0.011681207143120289,-2.4564614037107617,3,-44.51982937272666
23.203,0.1721655,-0.37572300000000003,9.836094600000001,-0.006941980027475481,2,0.01264912703513727,-2.456574094479462,3,-44.55913365671218
23.218,0.1571562,-0.37572300000000003,9.856989900000002,-0.006241447190637572,2,0.046702189122525446,-2.4566729701835976,3,-44.59598300969715
23.234,0.1437165,-0.39818790000000004,9.8674866,-0.005285726581002237,2,0.05973253810220178,-2.4567651875737706,3,-44.635290514959216
23.265,0.1302768,-0.39818790000000004,9.8196138,-0.005524436234237484,2,-0.007700311394685693,-2.456932745097407,3,-44.71145283291562
23.281,0.1497006,-0.3847482,9.8196138,-0.005763632188623191,2,-0.014949747149108331,-2.45702304964479,3,-44.75076447927355
23.296,0.1497006,-0.37425150000000007,9.851005800000001,-0.005241863551004755,2,0.03478457584122775,-2.457105590862837,3,-44.787620444077355
23.312,0.11978010000000001,-0.4161402,9.854046900000002,-0.004627742031196647,2,0.038382594988002484,-2.4571845477074947,3,-44.826934765185925
23.328,0.1915893,-0.4161402,9.8464932,-0.004184993830694594,2,0.02767176253138131,-2.45725504959439,3,-44.866250281964334
23.343,0.18109260000000002,-0.36973890000000004,9.8464932,-0.0038030043355039567,2,0.025465966346041553,-2.4573149595806365,3,-44.90310955703315
23.359,0.18109260000000002,-0.36973890000000004,9.8196138,-0.0040853528842443865,2,-0.01764678429627489,-2.4573780664383946,3,-44.94242710124131
23.375,0.2230794,-0.36973890000000004,9.842078700000002,-0.0037923625927547278,2,0.018311893218105686,-2.4574410881622106,3,-44.98174565447811
23.39,0.2738952,-0.3307932,9.842078700000002,-0.003509029540165187,2,0.01888887017263532,-2.4574958486032075,3,-45.01860768150385
23.406,0.2738952,-0.3592422,9.800091900000002,-0.004231293911393763,2,-0.04514152320179096,-2.45755777119082,3,-45.0579281104622
23.421,0.2784078,-0.3592422,9.774684,-0.0055518817672499665,2,-0.08803919039041022,-2.45763114500841,3,-45.094792027333696
23.437,0.2784078,-0.3592422,9.774684,-0.006840260163206935,2,-0.08052364974730152,-2.4577302821438534,3,-45.13411491875092
23.453,0.2843919,-0.37866600000000006,9.774684,-0.00807515558292593,2,-0.07718096373244572,-2.4578496054698222,3,-45.17343955785182
23.468,0.2843919,-0.34580249999999996,9.845021700000002,-0.0075958331351841935,2,0.03195482984944791,-2.457967137885208,3,-45.21030818342699
23.484,0.2634966,-0.37572300000000003,9.7851807,-0.00857359797846513,2,-0.06111030270505173,-2.4580964933341174,3,-45.24963669247675
23.5,0.2200383,-0.37572300000000003,9.8405091,-0.008205529852142845,2,0.023004257895145354,-2.458230726356762,3,-45.28896731023427
23.515,0.2200383,-0.4027005000000001,9.871999200000001,-0.007053221003564758,2,0.07682058990520292,-2.45834516698818,3,-45.32584162943436
23.531,0.2200383,-0.4027005000000001,9.871999200000001,-0.005929017248854862,2,0.07026273466937624,-2.4584490248941995,3,-45.36517598296941
23.546,0.21101310000000004,-0.3503151,9.8524773,-0.005361452030221869,2,0.03783768124219808,-2.4585337034137926,3,-45.402053353431725
23.562,0.21101310000000004,-0.37572300000000003,9.8464932,-0.004930731453123727,2,0.0269200360686309,-2.4586160408816595,3,-45.44139055138609
23.578,0.1781496,-0.37572300000000003,9.842078700000002,-0.00463391623362952,2,0.018550951218389945,-2.4586925580631536,3,-45.48072902017765
23.593,0.1781496,-0.37572300000000003,9.842078700000002,-0.004344340409732084,2,0.019305054926495042,-2.458759894987979,3,-45.517609913575534
23.609,0.21552570000000001,-0.3771945,9.842078700000002,-0.0040422410032654454,2,0.018881212904162777,-2.458826987639283,3,-45.556950608636555
23.625,0.21552570000000001,-0.3262806,9.8120601,-0.004523432513373393,2,-0.03007446938175005,-2.458895513027416,3,-45.596292388641885
23.64,0.21101310000000004,-0.3876912,9.7895952,-0.0054882022514402,2,-0.06431798253778465,-2.4589706002881524,3,-45.633176384491755
23.656,0.142245,-0.3876912,9.843550200000001,-0.005144861725399963,2,0.021458782877517155,-2.4590556647999673,3,-45.67252059461246
23.671,0.113796,-0.3847482,9.843550200000001,-0.004821725855077119,2,0.021542391354855434,-2.459130414206821,3,-45.70940699020501
23.687,0.113796,-0.3652263,9.8824959,-0.003575414101176122,2,0.0778944846188036,-2.459197591326471,3,-45.74875361424928
23.703,0.1631403,-0.3652263,9.8794548,-0.0024167628099220906,2,0.07241570570338494,-2.45924552874176,3,-45.78810115920982
23.718,0.1466595,-0.41466870000000006,9.8794548,-0.0012451131229394008,2,0.07810997913217636,-2.459272992811256,3,-45.82499004812147
23.734,0.1466595,-0.3427614,9.8240283,-0.0015201128339707992,2,-0.01718748193946048,-2.4592951146189117,3,-45.864338592980914
23.75,0.17069399999999998,-0.3427614,9.8225568,-0.0018148068771282055,2,-0.018418377697339925,-2.4593217939766006,3,-45.90368752824968
23.765,0.21709530000000002,-0.3427614,9.8225568,-0.0020799910290829615,2,-0.01767894346364973,-2.4593510049608973,3,-45.94057757424171
23.781,0.21709530000000002,-0.40417200000000003,9.8524773,-0.0015528374757440844,2,0.03294709708368345,-2.459380067588936,3,-45.9799274228221
23.796,0.2484873,-0.37572300000000003,9.7941078,-0.002470055224096157,2,-0.061147849890135865,-2.459410239284185,3,-46.01681835012365
23.812,0.21258269999999999,-0.37572300000000003,9.776155500000002,-0.0038229292703313433,2,-0.08455462788968968,-2.4594605831601406,3,-46.05616931670321
23.828,0.19757340000000004,-0.39818790000000004,9.776155500000002,-0.005128812142798367,2,-0.08161767952919796,-2.4595321970914457,3,-46.09552125894522
23.843,0.19757340000000004,-0.34580249999999996,9.8016615,-0.005829833493299574,2,-0.046734756700078726,-2.4596143869337164,3,-46.13241485832541
23.859,0.2230794,-0.34580249999999996,9.848062800000001,-0.005369671431596501,2,0.02876012885643886,-2.4597039829731155,3,-46.17176940528467
23.875,0.18266220000000002,-0.3503151,9.848062800000001,-0.004937136372435091,2,0.02703344119759108,-2.4597864374355476,3,-46.21112532864794
23.89,0.18266220000000002,-0.40711500000000006,9.8375661,-0.004717678810676418,2,0.014630504117244352,-2.459858848549421,3,-46.248022668292826
23.906,0.1646118,-0.40711500000000006,9.8076456,-0.005240376767066124,2,-0.03266862227436023,-2.459938512994043,3,-46.28738104718517
23.921,0.17667810000000003,-0.41908320000000004,9.8076456,-0.005732928310608898,2,-0.032836769569517026,-2.4600208127821257,3,-46.324280742128494
23.937,0.21258269999999999,-0.3592422,9.843550200000001,-0.005379028799055163,2,0.022118719472105943,-2.460109708439003,3,-46.36364178629827
23.953,0.21258269999999999,-0.3622833,9.7866522,-0.006417532004240556,2,-0.06490645032409419,-2.4602040809254295,3,-46.403004296613176
23.968,0.1930608,-0.3622833,9.856989900000002,-0.005726507613436738,2,0.046068292720252806,-2.4602951612225623,3,-46.43990804092929
23.984,0.19610190000000002,-0.37572300000000003,9.856989900000002,-0.0050386142269989165,2,0.042993336652359014,-2.460381282197286,3,-46.479273452476654
24.0,0.19610190000000002,-0.3592422,9.8524773,-0.004492440016246491,2,0.03413588817203038,-2.4604575306312317,3,-46.51864016297928
24.015,0.21709530000000002,-0.3592422,9.888480000000001,-0.003071537953230674,2,0.09472680420105084,-2.460514260466003,3,-46.555547451412515
24.031,0.1930608,-0.3503151,9.888480000000001,-0.0017052441616716152,2,0.0853933619724506,-2.460552474722922,3,-46.59491598529402
24.046,0.1930608,-0.35178660000000006,9.7971489,-0.002596740342635684,2,-0.05943307873093566,-2.4605847396067047,3,-46.631824514401494
24.062,0.1661814,-0.35178660000000006,9.866015100000002,-0.0018001528782711773,2,0.04978671652277609,-2.460619914752472,3,-46.67119415163637
24.078,0.1721655,-0.4056435,9.866015100000002,-0.0009701156517660792,2,0.051877326656574345,-2.460642076900712,3,-46.71056424756959
24.093,0.1721655,-0.4056435,9.866015100000002,-0.0001603232356650608,2,0.05398616107339918,-2.460650555192368,3,-46.74747394231029
24.109,0.1781496,-0.36669779999999996,9.8584614,0.0004110816278757312,2,0.035712803971295504,-2.46064854912523,3,-46.786844335144835
24.125,0.1781496,-0.40417200000000003,9.8285409,0.0002752166228319197,2,-0.008491562815239153,-2.4606430587392243,3,-46.826214668007744
24.14,0.2065986,-0.40417200000000003,9.919872000000002,0.002381470398175267,2,0.14041691835621783,-2.4606231335865667,3,-46.86312416445019
24.156,0.2200383,-0.41908320000000004,9.919872000000002,0.004458468304695984,2,0.1298123691575591,-2.4605684140769437,3,-46.90249369683149
24.171,0.2200383,-0.37866600000000006,9.856989900000002,0.004913003742490929,2,0.030302362519661858,-2.4604981280365896,3,-46.939401695897345
24.187,0.2529999,-0.37866600000000006,9.8240283,0.004572641868405114,2,-0.021272617130361056,-2.4604222428717026,3,-46.978769058864614
24.203,0.2230794,-0.3951468000000001,9.8240283,0.004238732028056802,2,-0.0208693650217718,-2.460351751880531,3,-47.01813525082263
24.218,0.2230794,-0.3831786,9.7971489,0.003246488336902331,2,-0.06614957941029555,-2.4602956127277937,3,-47.05504010605719
24.234,0.173637,-0.3831786,9.764187300000001,0.0014508550662561959,2,-0.1122270794153709,-2.4602580339805686,3,-47.094404535230865
24.25,0.2006145,-0.32932170000000005,9.8854389,0.0026188120237424783,2,0.07299730984290069,-2.4602254766438487,3,-47.133768403315855
24.265,0.1856052,-0.3547296,9.8854389,0.003772560771400535,2,0.07691658317720086,-2.460177541347885,3,-47.17067142595079
24.281,0.1856052,-0.3936753,9.8196138,0.0033301684012716493,2,-0.0276495231330584,-2.460120719514504,3,-47.210033812037686
24.296,0.1526436,-0.3936753,9.8615025,0.003905469317077248,2,0.03835339438703847,-2.460066452231616,3,-47.246935215825786
24.312,0.18109260000000002,-0.3248091,9.759674700000001,0.0019355094416599883,2,-0.12312249221356496,-2.4600197244015463,3,-47.28629590523886
24.328,0.23053500000000002,-0.3248091,9.833053500000002,0.0018272573963038496,2,-0.00676575283475941,-2.4599896222668427,3,-47.3256559800122
24.343,0.23053500000000002,-0.3248091,9.833053500000002,0.0017216456447357587,2,-0.007040783437872466,-2.4599630054940347,3,-47.36255562472041
24.359,0.1721655,-0.3771945,9.833053500000002,0.0016350525712383046,2,-0.005412067093590272,-2.4599361519083067,3,-47.40191481797963
24.375,0.1721655,-0.3427614,9.843550200000001,0.0017756742008980808,2,0.00878885185373698,-2.4599088660941297,3,-47.44127357812364
24.39,0.2290635,-0.3427614,9.8076456,0.001066173665400072,2,-0.04730003569986546,-2.4598875522351324,3,-47.47817205126111
24.406,0.21101310000000004,-0.36826739999999997,9.747706500000001,-0.001073914348271643,2,-0.13375550085449692,-2.4598876141605954,3,-47.51753025259227
24.421,0.205029,-0.3427614,9.747706500000001,-0.003187585679425453,2,-0.14091142207691534,-2.459919575410803,3,-47.55442880651406
24.437,0.205029,-0.3891627,9.900448200000001,-0.0014855757063312325,2,0.10637562331837688,-2.459956960701889,3,-47.593787818802966
24.453,0.18109260000000002,-0.3891627,9.8854389,-0.00020218812418804077,2,0.08021172388395832,-2.4599704628125334,3,-47.63314723819108
24.468,0.1661814,-0.40417200000000003,9.8854389,0.0010581907177584782,2,0.08402525612976475,-2.459964042793082,3,-47.670046746983125
24.484,0.1661814,-0.40711500000000006,9.8196138,0.0006868775751591727,2,-0.023207071412453994,-2.4599500822467384,3,-47.70940605998345
24.5,0.16765290000000002,-0.40711500000000006,9.8255979,0.0004710375713603554,2,-0.013490000237427566,-2.459940818925566,3,-47.748765187192824
24.515,0.2425032,-0.3652263,9.8255979,0.000258413529451218,2,-0.01417493612727529,-2.45993534804231,3,-47.78566425844508
24.531,0.2425032,-0.3771945,9.7986204,-0.0005953092835362384,2,-0.0533576758117219,-2.4599380432083424,3,-47.82502324557508
24.546,0.24544620000000003,-0.3771945,9.886910400000001,0.0007247431357431111,2,0.08800349461861996,-2.459937072454451,3,-47.86192230894255
24.562,0.21552570000000001,-0.36071369999999997,9.7791966,-0.0006441531974274994,2,-0.08555602082315358,-2.4599364277349443,3,-47.90128129694407
24.578,0.2274939,-0.3847482,9.7791966,-0.0019507351270959816,2,-0.08166137060428913,-2.4599571868415406,3,-47.94064044586068
24.593,0.2274939,-0.33530580000000004,9.7851807,-0.003123974796928053,2,-0.07821597798880178,-2.459995247165971,3,-47.977540089115735
24.609,0.17667810000000003,-0.36669779999999996,9.8196138,-0.003427623743245789,2,-0.018978059144856382,-2.4600476599542924,3,-48.0169004323727
24.625,0.17667810000000003,-0.36071369999999997,9.800091900000002,-0.004205013263259616,2,-0.04858684500086954,-2.4601087210503443,3,-48.056261683420736
24.64,0.17667810000000003,-0.36071369999999997,9.800091900000002,-0.004963442063273149,2,-0.05056192000090029,-2.4601774844652935,3,-48.0931638299621
24.656,0.20954160000000002,-0.36071369999999997,9.831582000000001,-0.004920233374452465,2,0.002700543051293045,-2.4602565538687955,3,-48.13252730226877
24.671,0.2230794,-0.36669779999999996,9.831582000000001,-0.004865426208276347,2,0.0036538110784077597,-2.460329946315666,3,-48.16943170102015
24.687,0.2230794,-0.36826739999999997,9.821085300000002,-0.0050662978929469915,2,-0.012554480291913899,-2.460409400108476,3,-48.208797615791546
24.703,0.2230794,-0.36826739999999997,9.860031000000001,-0.0043132830925785015,2,0.04706342502303581,-2.46048443675636,3,-48.24816476648646
24.718,0.2230794,-0.36826739999999997,9.860031000000001,-0.003578634506853362,2,0.04897657238167411,-2.4605436261383558,3,-48.28507247695817
24.734,0.23200650000000003,-0.3831786,9.8091171,-0.0040835559249376985,2,-0.031557588630267495,-2.46060492366181,3,-48.324441665356574
24.75,0.2065986,-0.36826739999999997,9.842078700000002,-0.0038007200256302553,2,0.017677243706717142,-2.4606679978694146,3,-48.36381184872882
24.765,0.1915893,-0.36826739999999997,9.8225568,-0.004007901351215537,2,-0.013812088372351589,-2.4607265625297408,3,-48.400722307931815
24.781,0.1870767,-0.36973890000000004,9.8225568,-0.004210802008033809,2,-0.012681291051143415,-2.460792312156615,3,-48.4400944589293
24.796,0.1870767,-0.36973890000000004,9.8225568,-0.004408753868343496,2,-0.013196790687311924,-2.460856958825688,3,-48.47700682846167
24.812,0.1870767,-0.37572300000000003,9.862974000000001,-0.0036114538873679436,2,0.04983124881096643,-2.4609211204877335,3,-48.51638105309618
24.828,0.15421320000000002,-0.37572300000000003,9.843550200000001,-0.0033208054413744748,2,0.018165527874593804,-2.4609765785623634,3,-48.55575623468858
24.843,0.19757340000000004,-0.40417200000000003,9.843550200000001,-0.002990904710960862,2,0.02199338202757334,-2.461023916388506,3,-48.59267123840071
24.859,0.19757340000000004,-0.37572300000000003,9.860031000000001,-0.002294912801485083,2,0.04349949434223134,-2.4610662029286057,3,-48.632047959355255
24.875,0.145188,-0.347274,9.843550200000001,-0.0020651822755990423,2,0.014358157867879112,-2.4611010836892224,3,-48.67142529764819
24.89,0.1661814,-0.347274,9.8644455,-0.0013237097488243421,2,0.04943150178497814,-2.4611265003794056,3,-48.70834200452871
24.906,0.21856680000000003,-0.40417200000000003,9.8644455,-0.0005226186594811111,2,0.050068193083957456,-2.4611412710066722,3,-48.74772014669979
24.921,0.21856680000000003,-0.347274,9.8854389,0.0007177200576897746,2,0.08268924781138925,-2.4611398077461857,3,-48.78463725479044
24.937,0.205029,-0.347274,9.8120601,0.00013250991182545135,2,-0.03657563411651611,-2.4611330059064294,3,-48.824015437299664
24.953,0.2394621,-0.318825,9.851005800000001,0.0005061619961352903,2,0.023353255269367507,-2.4611278965311656,3,-48.86339352451916
24.968,0.2394621,-0.318825,9.851005800000001,0.0008707006149748509,2,0.024302574589303114,-2.461117570061582,3,-48.90031036551861
24.984,0.2274939,-0.318825,9.8944641,0.0022785605515309726,2,0.08799124603474776,-2.46109237597225,3,-48.93968804508688
25.0,0.2140542,-0.347274,9.8944641,0.003668111309838906,2,0.08684692239425541,-2.461044802597359,3,-48.97906514251544
25.015,0.18266220000000002,-0.3532581,9.827069400000001,0.0033711584007924955,2,-0.019796860603093297,-2.460992008074529,3,-49.015980418595475
25.031,0.18266220000000002,-0.3996594,9.834525,0.0033064264386339914,2,-0.0040457476349069505,-2.460938587395814,3,-49.05535586335923
25.046,0.205029,-0.3996594,9.8824959,0.004422824534568548,2,0.07442653972896761,-2.460880618013515,3,-49.092269507399806
25.062,0.2140542,-0.39671639999999997,9.8824959,0.005513766791443331,2,0.0681838910546663,-2.4608011252829067,3,-49.13164296134618
25.078,0.2140542,-0.3847482,9.7895952,0.004302966973996902,2,-0.07567498859041012,-2.4607225914127833,3,-49.17101515107974
25.093,0.2200383,-0.3847482,9.842078700000002,0.004403713899716166,2,0.00671646171461734,-2.4606572913062306,3,-49.20792550020014
25.109,0.20954160000000002,-0.40868460000000006,9.842078700000002,0.004519930034415864,2,0.007263508418730322,-2.4605859021547576,3,-49.24729544574783
25.125,0.20954160000000002,-0.37572300000000003,9.8225568,0.00412561871683792,2,-0.024644457348624242,-2.4605167377647477,3,-49.286664266867184
25.14,0.1946304,-0.37572300000000003,9.8136297,0.0035159171943135448,2,-0.04064676816829014,-2.460459426245414,3,-49.32357158809726
25.156,0.20208600000000002,-0.35777070000000005,9.8136297,0.002908410028735986,2,-0.03796919784860161,-2.4604080316276296,3,-49.36293852776024
25.171,0.1721655,-0.34580249999999996,9.836094600000001,0.0028388624762296644,2,-0.0046365035004212645,-2.4603649270838424,3,-49.39984432495058
25.187,0.1721655,-0.37572300000000003,9.9168309,0.004765211311950068,2,0.12039680223251177,-2.460304094493537,3,-49.4392096771232
25.203,0.17667810000000003,-0.37572300000000003,10.0097316,0.008910416028264478,2,0.25907529476967917,-2.460194689474815,3,-49.47857366739495
25.218,0.1721655,-0.3951468000000001,10.0097316,0.012970828014662317,2,0.2706941324265123,-2.460030580144493,3,-49.515475356917094
25.234,0.1721655,-0.3622833,10.059075900000002,0.0181044645267896,2,0.3208522820079192,-2.459781977804161,3,-49.554833857380686
25.25,0.18109260000000002,-0.3622833,10.124901000000001,0.02472090939192384,2,0.4135278040709356,-2.4594393748128116,3,-49.59418762820162
25.265,0.2274939,-0.34128990000000003,10.124901000000001,0.031181018446876152,2,0.4306739369968045,-2.459020110354021,3,-49.63107607434037
25.281,0.2274939,-0.3891627,10.124901000000001,0.03752564458983265,2,0.39653913393482493,-2.458470457049727,3,-49.6704159988796
25.296,0.23200650000000003,-0.3891627,10.2162321,0.04594339953645843,2,0.5611836631083639,-2.4578444392187797,3,-49.707288360601616
25.312,0.23053500000000002,-0.36375480000000004,10.2162321,0.05413221746616159,2,0.5118011206063904,-2.4570438342827585,3,-49.746607466789634
25.328,0.2274939,-0.36826739999999997,10.2013209,0.06176022524510216,2,0.4767504861838382,-2.4561166947410684,3,-49.78591275102182
25.343,0.2274939,-0.37268190000000007,10.265674500000001,0.07077426396219444,2,0.6009359144727957,-2.4551226860720137,3,-49.82274704637792
25.359,0.1915893,-0.37268190000000007,10.298538,0.08035147240663676,2,0.598575527777578,-2.453913680181063,3,-49.86201933730795
25.375,0.1721655,-0.37425150000000007,10.298538,0.08968811768161444,3,0.5835403296861695,-2.4525533634603573,3,-49.90127107365708
25.39,0.1721655,-0.37425150000000007,10.298538,0.09879703990110578,3,0.6072614812993992,-2.451139724778487,3,-49.93804877181887
25.406,0.1721655,-0.43262100000000003,10.416846600000001,0.11062217689955212,3,0.7390710624029776,-2.449464371044082,3,-49.97725360458545
25.421,0.2350476,-0.3847482,10.4572638,0.12312794615574241,3,0.8337179504126545,-2.4477112451211673,3,-50.01398242170669
25.437,0.2350476,-0.3712104,10.4273433,0.13458764950809154,3,0.7162314595217409,-2.4456495203558566,3,-50.05312930783052
25.453,0.21709530000000002,-0.3712104,10.4812002,0.14707083603668814,3,0.7801991580373728,-2.4433962524714987,3,-50.09224167401313
25.468,0.205029,-0.3547296,10.4886558,0.1594114288793449,3,0.8227061895104196,-2.4410976354846285,3,-50.1288753781728
25.484,0.1990449,-0.37572300000000003,10.4886558,0.17146603792707715,3,0.7534130654831818,-2.438450615750177,3,-50.16791176418268
25.5,0.1990449,-0.36973890000000004,10.5530094,0.1847898009247917,3,0.8327351873572504,-2.4356005690393623,3,-50.206904173660995
25.515,0.1990449,-0.36973890000000004,10.5530094,0.19778859409329286,3,0.8665862112333782,-2.4327312310767266,3,-50.24341666216187
25.531,0.2080701,-0.36973890000000004,10.605492900000002,0.21175364339974045,3,0.8728155816530709,-2.4294548931767825,3,-50.282314151155894
25.546,0.1870767,-0.315882,10.605492900000002,0.22532611916057022,3,0.9048317173886165,-2.42617679495758,3,-50.3187313888169
25.562,0.1870767,-0.3771945,10.707222600000001,0.24109566640112234,3,0.9855967025343978,-2.4224454206730863,3,-50.35752036654195
25.578,0.20355750000000003,-0.3771945,10.7251749,0.25692542852991984,3,0.9893601330499525,-2.4184612519136386,3,-50.39624761992264
25.593,0.1990449,-0.35777070000000005,10.7251749,0.2723508146710216,3,1.0283590760734131,-2.414491680089631,3,-50.43249476691267
25.609,0.1990449,-0.37268190000000007,10.749111300000001,0.2879957104665234,3,0.977805987218751,-2.4100089078885305,3,-50.471090771616495
25.625,0.20355750000000003,-0.37268190000000007,10.767063600000002,0.30369860328410425,3,0.9814308010989119,-2.405275353378526,3,-50.50961304570663
25.64,0.18266220000000002,-0.37268190000000007,10.774617300000001,0.3191934650738393,3,1.032990785982296,-2.400603662865841,3,-50.545657138328465
25.656,0.2200383,-0.3622833,10.774617300000001,0.3343187825797642,3,0.9453323441204129,-2.395375564884613,3,-50.584024972150466
25.671,0.2200383,-0.39671639999999997,10.7686332,0.3489589212512474,3,0.9760092447655078,-2.39025098210588,3,-50.619917171252894
25.687,0.1571562,-0.39671639999999997,10.734200099999999,0.36237597402954336,3,0.8385657986434042,-2.3845603029436333,3,-50.658115661533294
25.703,0.17069399999999998,-0.3652263,10.734200099999999,0.3754435814608321,3,0.8167254644556377,-2.378657746499711,3,-50.69622140592884
25.718,0.17069399999999998,-0.34580249999999996,10.7701047,0.3890519460469779,3,0.9072243057430178,-2.3729240300434022,3,-50.73185826925291
25.734,0.19011780000000003,-0.34580249999999996,10.7641206,0.4021904739942972,3,0.8211579967073637,-2.3665940906830714,3,-50.76977441421872
25.75,0.1392039,-0.37268190000000007,10.7641206,0.41501143185321077,3,0.8013098661821866,-2.360056475436292,3,-50.807587618747675
25.765,0.1392039,-0.3427614,10.7371431,0.42683784806151337,3,0.7884277472201437,-2.3537426058369313,3,-50.84294111185723
25.781,0.1781496,-0.3532581,10.707222600000001,0.43766886470178257,3,0.6769385400168995,-2.3468265521348255,3,-50.880545665121
25.796,0.18266220000000002,-0.3532581,10.8134649,0.45082707098930186,3,0.8772137525012529,-2.340162832617142,3,-50.91569808550664
25.812,0.2290635,-0.37425150000000007,10.8134649,0.4637030863674205,3,0.8047509611323266,-2.3328465913582876,3,-50.95308216089845
25.828,0.2290635,-0.3218661,10.7955126,0.47578638885074653,3,0.7552064052079587,-2.3253306755565433,3,-50.99034757903376
25.843,0.24544620000000003,-0.3218661,10.819547100000001,0.48816954882107666,3,0.8255439980219772,-2.3181010060240044,3,-51.02517331664561
25.859,0.20208600000000002,-0.33530580000000004,10.819547100000001,0.5002387714535956,3,0.7543264145323514,-2.310193739461806,3,-51.0621996746095
25.875,0.20208600000000002,-0.3218661,10.8119934,0.511819551073744,3,0.7237987262593524,-2.3020972728815883,3,-51.099098002708246
25.89,0.2260224,-0.3218661,10.8000252,0.5228377093755086,3,0.7345438867842761,-2.2943373434282184,3,-51.13357126233057
25.906,0.2559429,-0.3307932,10.8000252,0.5336099783843817,3,0.673266813054648,-2.2858857619261403,3,-51.1702130471734
25.921,0.20954160000000002,-0.33530580000000004,10.8255312,0.5447202110290803,3,0.74068217631321,-2.277798285505539,3,-51.204440677529135
25.937,0.21709530000000002,-0.33530580000000004,10.7701047,0.5542121485864318,3,0.5932460973343991,-2.269006826628614,3,-51.24081511842621
25.953,0.21709530000000002,-0.33530580000000004,10.7701047,0.5634725754716516,3,0.5787766803263066,-2.26006534883615,3,-51.27704769582993
25.968,0.21101310000000004,-0.347274,10.7701047,0.5725134356641366,3,0.6027240128323076,-2.2515454537526316,3,-51.31088477684935
25.984,0.21101310000000004,-0.36973890000000004,10.7970822,0.582009487991586,3,0.5935032704655232,-2.2423092703633847,3,-51.34683561464228
26.0,0.23347800000000002,-0.36973890000000004,10.831515300000001,0.5921243446424587,3,0.6321785406796095,-2.2329161997023133,3,-51.3826374184028
26.015,0.16912439999999998,-0.3712104,10.831515300000001,0.6019645756585579,3,0.6560154010732558,-2.223960532800055,3,-51.41606399389657
26.031,0.16912439999999998,-0.3817071,10.7806014,0.6103328160296542,3,0.5230150231935758,-2.2142621536665503,3,-51.4515697753883
26.046,0.16912439999999998,-0.3817071,10.7806014,0.6184969529770665,3,0.5442757964941367,-2.2050459303989998,3,-51.4847145860188
26.062,0.205029,-0.34580249999999996,10.8179775,0.6273586044070836,3,0.5538532143760035,-2.1950790859399256,3,-51.51991558614951
26.078,0.205029,-0.3547296,10.810521900000001,0.6358294493371854,3,0.5294278081314246,-2.1849735815099725,3,-51.5549560074891
26.093,0.1362609,-0.36973890000000004,10.8000252,0.6438236417175283,3,0.5329461586895013,-2.175376183327062,3,-51.58765863072538
26.109,0.1362609,-0.36973890000000004,10.8000252,0.6516228537959101,3,0.48745075489881146,-2.165012611362953,3,-51.622381741082904
26.125,0.1721655,-0.37268190000000007,10.8060093,0.6593926507869003,3,0.4856123119369428,-2.1545244873262916,3,-51.656938037872415
26.14,0.1721655,-0.3831786,10.8119934,0.6671277314488915,3,0.5156720441327227,-2.1445755844595227,3,-51.68918128841081
26.156,0.1721655,-0.3831786,10.8119934,0.674674151606931,3,0.4716512598775222,-2.1338411693950774,3,-51.72340862244164
26.171,0.1930608,-0.3831786,10.8779166,0.6836517398749642,3,0.5985058845355231,-2.1236537252089627,3,-51.75533983415117
26.187,0.2230794,-0.4027005000000001,10.8779166,0.6924415406894386,3,0.5493625509045914,-2.1126449789644464,3,-51.789230223784564
26.203,0.2230794,-0.37425150000000007,10.876347,0.7009539448555007,3,0.5320252603789353,-2.101497815080088,3,-51.82294336613692
26.218,0.2230794,-0.37425150000000007,10.822490100000001,0.7079462044037772,3,0.4661506365517514,-2.090931063960643,3,-51.854386582729724
26.234,0.1646118,-0.39671639999999997,10.831515300000001,0.7149818537580241,3,0.4397280846403847,-2.079547639495347,3,-51.88775041235738
26.25,0.1646118,-0.3562992,10.7940411,0.7208982569726956,3,0.3697752009170071,-2.068060598609503,3,-51.92093127826221
26.265,0.1631403,-0.3562992,10.823961599999999,0.7273991023114217,3,0.4333896892483889,-2.0571983684148716,3,-51.95187072051489
26.281,0.1631403,-0.3562992,10.823961599999999,0.7337413904467649,3,0.3963930084589943,-2.0455092444728074,3,-51.984692381417986
26.296,0.20954160000000002,-0.37572300000000003,10.823961599999999,0.7399644664087379,3,0.41487173079818584,-2.0344564505463905,3,-52.01529212413063
26.312,0.20954160000000002,-0.4176117,10.8509391,0.7467305464910439,3,0.42288000514407437,-2.022562890443191,3,-52.04774827885855
26.328,0.22455090000000003,-0.4176117,10.7715762,0.7514050943632924,3,0.292159242015565,-2.0105778053163545,3,-52.08001340442462
26.343,0.23053500000000002,-0.36071369999999997,10.7715762,0.7559186155949771,3,0.3009014154456347,-1.9992728774916624,3,-52.11008728454568
26.359,0.23053500000000002,-0.38621970000000005,10.7760888,0.7604535697245236,3,0.2834346330966258,-1.987141900009105,3,-52.14197860276569
26.375,0.2006145,-0.38621970000000005,10.7521524,0.7642799905358135,3,0.2391513007056464,-1.9749440315270237,3,-52.17367529021798
26.39,0.20355750000000003,-0.37425150000000007,10.7521524,0.7680041173940353,3,0.24827512388144163,-1.9634519007175495,3,-52.20321325970981
26.406,0.22455090000000003,-0.3951468000000001,10.8374994,0.7737456075783395,3,0.3588431365190554,-1.9511179029177719,3,-52.23452981813889
26.421,0.22455090000000003,-0.3712104,10.8659484,0.7800197611462973,3,0.4182769045305039,-1.9394646626523366,3,-52.26370918738066
26.437,0.2604555,-0.3712104,10.8868437,0.7866696135019087,3,0.4156157722256616,-1.9269311476551496,3,-52.29464035386312
26.453,0.2544714,-0.40113090000000007,10.8868437,0.7931796881311044,3,0.4068796643247778,-1.9142923532420868,3,-52.325370141870295
26.468,0.2544714,-0.36669779999999996,10.8779166,0.7992838398446711,3,0.40694344757109846,-1.902348876782268,3,-52.35399495109548
26.484,0.2365191,-0.36669779999999996,10.823961599999999,0.8039143233661044,3,0.28940522008954567,-1.8895232914765805,3,-52.38432992844155
26.5,0.2290635,-0.3951468000000001,10.823961599999999,0.8084523592078039,3,0.28362724010625245,-1.8766243580159907,3,-52.41445910963749
26.515,0.2290635,-0.34128990000000003,10.831515300000001,0.8130191646536087,3,0.3044536963869744,-1.8644633215870297,3,-52.442517267234514
26.531,0.16166880000000003,-0.34128990000000003,10.743127200000002,0.8152904683588638,3,0.14195648157845805,-1.8514368445229312,3,-52.47224446856339
26.546,0.142245,-0.4027005000000001,10.789528500000001,0.8186823552760654,3,0.2261257944800983,-1.839182048345669,3,-52.499924110259904
26.562,0.142245,-0.4027005000000001,10.789528500000001,0.8219915132440683,3,0.20682237300015854,-1.8260566573975063,3,-52.529246019905855
26.578,0.142245,-0.36669779999999996,10.734200099999999,0.8238401008244587,3,0.11553672377441367,-1.8128900044849596,3,-52.55835759320091
26.593,0.1646118,-0.36669779999999996,10.7476398,0.8259789613423294,3,0.14259070119137532,-1.8005163615187083,3,-52.58545814094594
26.609,0.1870767,-0.33981839999999996,10.7476398,0.8280530793332961,3,0.12963237443540324,-1.7872841051933017,3,-52.614160544679635
26.625,0.1870767,-0.3427614,10.7296875,0.8296413151912283,3,0.0992647411207746,-1.774022550037107,3,-52.64265099792147
26.64,0.21258269999999999,-0.3427614,10.756665000000002,0.8318599161952474,3,0.14790673360126436,-1.761561290801708,3,-52.66916787672776
26.656,0.18413369999999998,-0.36669779999999996,10.756665000000002,0.8340308577510935,3,0.13568384724040145,-1.7482341646101387,3,-52.69724624037105
26.671,0.18413369999999998,-0.3503151,10.731159000000002,0.8355138654722083,3,0.0988671814076469,-1.7357125791859636,3,-52.72337584094952
26.687,0.205029,-0.3503151,10.8074808,0.8388301233285009,3,0.2072661160182666,-1.7223178272755564,3,-52.751040084201215
26.703,0.20208600000000002,-0.3307932,10.7925696,0.8416856983643495,3,0.17847343974055374,-1.7088737007020152,3,-52.778489616425034
26.718,0.2215098,-0.36071369999999997,10.7925696,0.8445042782793468,3,0.18790532766648244,-1.696227275877187,3,-52.80402787374938
26.734,0.2215098,-0.36071369999999997,10.7925696,0.8472541123427586,3,0.17186462896321716,-1.6826932087522086,3,-52.83105923762641
26.75,0.2215098,-0.3487455,10.8329868,0.850912356644205,3,0.22864026884042174,-1.6691078770003145,3,-52.85787364631243
26.765,0.2365191,-0.3487455,10.746168299999999,0.8523731975467008,3,0.09738939349972128,-1.6563332353438822,3,-52.88281445465501
26.781,0.2889045,-0.3307932,10.746168299999999,0.8538157858656703,3,0.09016176993560271,-1.6426837234765848,3,-52.909206590325574
26.796,0.2889045,-0.3367773,10.8000252,0.8565401888770587,3,0.1816268674258886,-1.6298560536660138,3,-52.933750638654146
26.812,0.2544714,-0.3367773,10.823961599999999,0.8597604032197168,3,0.20126339641610672,-1.6161256489292382,3,-52.95971849227491
26.828,0.2544714,-0.36826739999999997,10.823961599999999,0.8629270699966813,3,0.1979166735603051,-1.6023441491435084,3,-52.98546625065949
26.843,0.2544714,-0.33981839999999996,10.7715762,0.8647171169611578,3,0.11933646429842802,-1.5893868177413242,3,-53.00940423291113
26.859,0.2230794,-0.33981839999999996,10.761079500000001,0.8661907095923542,3,0.09209953944976447,-1.5755395551288944,3,-53.0347236438941
26.875,0.19011780000000003,-0.39671639999999997,10.7791299,0.8681002803845921,3,0.11934817451487927,-1.5616652272090803,3,-53.0598212821528
26.89,0.2274939,-0.36071369999999997,10.7791299,0.8699500942744098,3,0.12332092598784553,-1.5486298493991373,3,-53.083148495227356
26.906,0.2274939,-0.3652263,10.8150345,0.872633521419024,3,0.1677141965384006,-1.5346891804735914,3,-53.10781504746633
26.921,0.18266220000000002,-0.3652263,10.8119934,0.8751566599056293,3,0.16820923244035013,-1.521580754113656,3,-53.13073707197574
26.937,0.2140542,-0.40711500000000006,10.8119934,0.8776687555219649,3,0.15700597602095653,-1.5075581507902336,3,-53.15497018321497
26.953,0.2140542,-0.40711500000000006,10.786585500000001,0.8795004369574801,3,0.11448008971971664,-1.4935007972503995,3,-53.178978654799295
26.968,0.1482291,-0.40711500000000006,10.8299457,0.8823172221418396,3,0.18778567895729026,-1.480287164807154,3,-53.20128206451473
26.984,0.1796211,-0.3503151,10.8299457,0.8850284762477134,3,0.16945338161709392,-1.4661483992200361,3,-53.224853549026946
27.0,0.1796211,-0.34580249999999996,10.8030663,0.8870148971305234,3,0.12415130517563745,-1.4519720522330117,3,-53.24819851263857
27.015,0.142245,-0.4056435,10.8134649,0.8892434473632562,3,0.1485700155155163,-1.4386501146493078,3,-53.26987817889019
27.031,0.1392039,-0.4056435,10.7701047,0.8903599464421248,3,0.0697811924292934,-1.4244132874988664,3,-53.29278268610737
27.046,0.1781496,-0.37572300000000003,10.7701047,0.8914367461069563,3,0.07178664432209997,-1.411049812304748,3,-53.3140486593559
27.062,0.1781496,-0.44910180000000005,10.767063600000002,0.8924816566074956,3,0.06530690628369464,-1.3967784650830306,3,-53.336511285575
27.078,0.2080701,-0.44910180000000005,10.7820729,0.8938798514027813,3,0.08738717470536525,-1.3824875730189499,3,-53.35874541387982
27.093,0.17667810000000003,-0.4445892,10.7820729,0.8952257401223616,3,0.08972591463868337,-1.3690692810825107,3,-53.37938209028558
27.109,0.17667810000000003,-0.3771945,10.7132067,0.8947978107481145,3,-0.026745585890438964,-1.3547490926755452,3,-53.40117263727565
27.125,0.1586277,-0.3771945,10.731159000000002,0.8948109766445498,3,0.0008228685272061238,-1.3404322223764056,3,-53.422734087796066
27.14,0.1990449,-0.37572300000000003,10.731159000000002,0.8948389791590223,3,0.0018668342981697354,-1.3270098477078782,3,-53.4427399033217
27.156,0.1990449,-0.38023560000000006,10.8074808,0.8967302031601196,3,0.11820150006859512,-1.3126772942493266,3,-53.46385740045736
27.171,0.17667810000000003,-0.32932170000000005,10.8000252,0.898343351791576,3,0.10754324209708528,-1.2992142425871884,3,-53.48344658698363
27.187,0.23799060000000002,-0.32932170000000005,10.8255312,0.9005675039831402,3,0.1390095119727497,-1.2848229557409891,3,-53.50411888457026
27.203,0.258984,-0.36071369999999997,10.8255312,0.9027735358954967,3,0.13787699452229427,-1.2703962274219616,3,-53.52456063803556
27.218,0.258984,-0.3592422,10.786585500000001,0.903975471300777,3,0.08012902701868711,-1.256845609867989,3,-53.54351495181523
27.234,0.2694807,-0.3592422,10.810521900000001,0.9057376677812883,3,0.1101372800319399,-1.2423679047553309,3,-53.563508659932225
27.25,0.2694807,-0.3592422,10.810521900000001,0.9074568838598367,3,0.10745100490928768,-1.2278623483422035,3,-53.583270501957
27.265,0.2694807,-0.37572300000000003,10.758136499999999,0.9078712999660894,3,0.027627740416845743,-1.2142473869635086,3,-53.6015863249718
27.281,0.2544714,-0.37572300000000003,10.767063600000002,0.9084842427138291,3,0.03830892173373601,-1.1997165426220708,3,-53.620898036408484
27.296,0.2350476,-0.37866600000000006,10.6923114,0.9072523345003152,3,-0.08212721423425906,-1.1860985182929642,3,-53.638791649365345
27.312,0.2350476,-0.37866600000000006,10.6923114,0.9060504728285945,3,-0.0751163544825322,-1.1715920958343313,3,-53.657653174278366
27.328,0.23200650000000003,-0.3367773,10.6847577,0.9046580504479778,3,-0.08702639878855738,-1.1571064276481204,3,-53.67628276246622
27.343,0.21709530000000002,-0.3367773,10.743127200000002,0.9047146035893352,3,0.0037702094238292235,-1.1435361327428402,3,-53.693537581669155
27.359,0.21709530000000002,-0.3367773,10.743127200000002,0.9047697773857823,3,0.0034483622779464844,-1.1290602576950377,3,-53.71171835279266
27.375,0.1497006,-0.37572300000000003,10.671318000000001,0.9030768454208697,3,-0.10580824780704934,-1.1145974847125861,3,-53.729667614731916
27.39,0.15421320000000002,-0.37572300000000003,10.7132067,0.9024477099830808,3,-0.041942362519263386,-1.101056050547056,3,-53.74628501624636
27.406,0.1526436,-0.37425150000000007,10.7132067,0.9018321160927005,3,-0.0384746181487692,-1.0866218119384512,3,-53.763786439146244
27.421,0.1526436,-0.3712104,10.7117352,0.9011930928179162,3,-0.04260155165229027,-1.0730991228716211,3,-53.77998434615732
27.437,0.1272357,-0.3712104,10.8090504,0.9029335298098609,3,0.10877731199653189,-1.0586661098905974,3,-53.79703846801942
27.453,0.1272357,-0.3712104,10.8090504,0.9046315171190749,3,0.10612420682588666,-1.0442055895151674,3,-53.81386144161467
27.468,0.11673900000000001,-0.37572300000000003,10.707222600000001,0.9038070573826396,3,-0.054963982429017996,-1.030642300206404,3,-53.82942280078758
27.484,0.11673900000000001,-0.3831786,10.7970822,0.9051993245024175,3,0.08701669498610978,-1.016170249151322,3,-53.845797301182444
27.5,0.11673900000000001,-0.3831786,10.7970822,0.9065576338875676,3,0.08489433657189285,-1.0016761934842038,3,-53.86194007272353
27.515,0.16765290000000002,-0.3831786,10.743127200000002,0.9065841719697847,3,0.0017692054811390575,-0.988077629940273,3,-53.87686322639921
27.531,0.1332198,-0.34580249999999996,10.743127200000002,0.9065674024507757,3,-0.0010480949380610215,-0.9735724173449102,3,-53.89255642677749
27.546,0.1332198,-0.36669779999999996,10.767063600000002,0.9071513623346803,3,0.03893065892697075,-0.9599695266090188,3,-53.90705799135714
27.562,0.23347800000000002,-0.36669779999999996,10.677302100000002,0.9055751816221065,3,-0.09851129453585247,-0.9454677142573629,3,-53.922301489284074
27.578,0.20208600000000002,-0.36669779999999996,10.677302100000002,0.9040218398750035,3,-0.09708385919394671,-0.9309909380853876,3,-53.93731315850282
27.593,0.20208600000000002,-0.3652263,10.642869000000001,0.9016659666943472,3,-0.15705821204374948,-0.917448279536117,3,-53.95117645263498
27.609,0.2529999,-0.3652263,10.6398279,0.899319973031087,3,-0.14662460395374358,-0.9030403920183119,3,-53.965740362007416
27.625,0.2365191,-0.3547296,10.6398279,0.897013304892635,3,-0.14416675865326833,-0.8886697257949236,3,-53.98007404294992
27.64,0.2394621,-0.3532581,10.5814584,0.8933408119197406,3,-0.2448328648596176,-0.8752420699188304,3,-53.993303381417775
27.656,0.2394621,-0.36071369999999997,10.551537900000001,0.8890348653056392,3,-0.2691216633813628,-0.8609830645010289,3,-54.00719318249313
27.671,0.2694807,-0.36071369999999997,10.5680187,0.8852531896703795,3,-0.25211170901730867,-0.8476759040887083,3,-54.02000812475756
27.687,0.2499588,-0.3831786,10.5680187,0.8815713257682116,3,-0.23011649388546473,-0.833541307965198,3,-54.03345786245399
27.703,0.2499588,-0.40868460000000006,10.61442,0.87913313054616,3,-0.15238720137824027,-0.8194556723146845,3,-54.04668183829623
27.718,0.2425032,-0.40868460000000006,10.5710598,0.8756936861789839,3,-0.22929629114506708,-0.8062944711892455,3,-54.05887496437251
27.734,0.2350476,-0.3936753,10.5710598,0.8723201477674447,3,-0.21084615072117646,-0.7923103605176725,3,-54.07166380302616
27.75,0.2350476,-0.42957990000000007,10.5350571,0.8681857855167152,3,-0.25839764067062193,-0.7783863130514007,3,-54.08422937641471
27.765,0.1946304,-0.42957990000000007,10.485712800000002,0.8629298696405971,3,-0.3503943917411912,-0.7654029456377204,3,-54.09580779585488
27.781,0.21552570000000001,-0.39671639999999997,10.4677605,0.8573430984063748,3,-0.3491732021389356,-0.7516407618933462,3,-54.10794414551513
27.796,0.15568469999999998,-0.39671639999999997,10.4677605,0.8518667333846714,3,-0.3650910014468758,-0.7388216881549128,3,-54.11912261389049
27.812,0.15568469999999998,-0.33824879999999996,10.4213592,0.8453428915708265,3,-0.4077401133652613,-0.7252440111552673,3,-54.13083513948497
27.828,0.1511721,-0.33824879999999996,10.379372400000001,0.8379531293363858,3,-0.46186013965259876,-0.711777642988011,3,-54.14233131271812
27.843,0.1781496,-0.37572300000000003,10.379372400000001,0.8307854496606861,3,-0.4778453117132916,-0.6992621036455325,3,-54.152914110817875
27.859,0.1781496,-0.36973890000000004,10.3180599,0.8222931021081674,3,-0.5307717220323599,-0.6860374752313803,3,-54.16399650744889
27.875,0.2080701,-0.36973890000000004,10.307563200000002,0.8137657312575861,3,-0.5329606781613904,-0.6729490045644557,3,-54.174868399287256
27.89,0.1497006,-0.34580249999999996,10.307563200000002,0.8054014081128997,3,-0.557621542979071,-0.6608052510191766,3,-54.184871556204136
27.906,0.1497006,-0.3307932,10.283626800000002,0.7966456337750643,3,-0.5472358961147775,-0.6479888746840743,3,-54.19534190920976
27.921,0.2230794,-0.3307932,10.2461526,0.7872225160619024,3,-0.6282078475440991,-0.6361098635602966,3,-54.204972649746594
27.937,0.21552570000000001,-0.36375480000000004,10.2626334,0.778454146016685,3,-0.5480231278260304,-0.6235844502636665,3,-54.21505020425719
27.953,0.21101310000000004,-0.33824879999999996,10.2626334,0.7698760933438926,3,-0.5361282920495793,-0.6111978083487832,3,-54.22492846232609
27.968,0.21101310000000004,-0.34580249999999996,10.244681100000001,0.761075877216344,3,-0.5866810751698888,-0.599715668569581,3,-54.234010313402976
27.984,0.2080701,-0.34580249999999996,10.2162321,0.751795494692411,3,-0.5800239077457431,-0.5876126975943097,3,-54.24350894033229
28.0,0.21709530000000002,-0.3771945,10.2162321,0.742773109352612,3,-0.5638990837375023,-0.5756561487619508,3,-54.25281509110314
28.015,0.21709530000000002,-0.41309910000000005,10.2341844,0.7344420263351434,3,-0.5554055344978819,-0.5645770352442923,3,-54.26136683998318
28.031,0.19610190000000002,-0.41309910000000005,10.2042639,0.7255747757177122,3,-0.5542031635895117,-0.5528969008278707,3,-54.27030663147176
28.046,0.2230794,-0.40113090000000007,10.2042639,0.7169256662796712,3,-0.5766072958693769,-0.5420781475128899,3,-54.278518944334316
28.062,0.2230794,-0.3891627,10.1204865,0.7064348546379797,3,-0.6556757276056467,-0.5306912633455474,3,-54.28710109962118
28.078,0.2230794,-0.3891627,10.1204865,0.6961999164509631,3,-0.6396836366886077,-0.5194701851768371,3,-54.29550239120936
28.093,0.23347800000000002,-0.40417200000000003,10.109989800000001,0.6859789145843944,3,-0.6814001244378883,-0.5091038439440724,3,-54.30321669642777
28.109,0.23347800000000002,-0.40417200000000003,10.109989800000001,0.6760072054462789,3,-0.6232318211321499,-0.49820795498382675,3,-54.311275190819195
28.125,0.2350476,-0.37572300000000003,10.1174454,0.6664345283057465,3,-0.598292321283344,-0.4874684211138118,3,-54.319160601827974
28.14,0.2350476,-0.37572300000000003,10.1174454,0.657095331095471,3,-0.6226131473516717,-0.4775419471683023,3,-54.32639817959009
28.156,0.23200650000000003,-0.37572300000000003,10.1114613,0.6478363940218532,3,-0.5786835671011763,-0.4671024933673648,3,-54.333955335114375
28.171,0.21258269999999999,-0.4027005000000001,10.1114613,0.6388181822435417,3,-0.6012141185540788,-0.457452584045374,3,-54.34088949819497
28.187,0.21258269999999999,-0.3622833,10.1204865,0.6302026092466146,3,-0.5384733123078808,-0.4473004177134516,3,-54.34812752220904
28.203,0.21856680000000003,-0.3622833,10.056132900000001,0.6202320570765387,3,-0.6231595106298136,-0.4372969403828675,3,-54.35520430107381
28.218,0.23053500000000002,-0.36375480000000004,10.056132900000001,0.610512495902471,3,-0.6479707449378216,-0.4280663562355246,3,-54.36169452579845
28.234,0.23053500000000002,-0.3503151,10.0261143,0.6002868461320823,3,-0.6391031106492258,-0.41837996149924706,3,-54.36846609634033
28.25,0.1856052,-0.3817071,10.0306269,0.5904257718280803,3,-0.6163171440001903,-0.4088542605555668,3,-54.37508397011676
28.265,0.21552570000000001,-0.3817071,10.0396521,0.5810397071106905,3,-0.625737647825962,-0.4000682694635257,3,-54.381150889091906
28.281,0.19610190000000002,-0.3427614,10.0396521,0.5718386242259399,3,-0.5750676802969779,-0.39084524281283367,3,-54.38747819719011
28.296,0.19610190000000002,-0.37425150000000007,9.9932508,0.5617586281683113,3,-0.6719997371752111,-0.38234326341987646,3,-54.39327711098686
28.312,0.173637,-0.37425150000000007,9.978241500000001,0.5515485897844776,3,-0.6381273989895361,-0.37343680567625315,3,-54.39932335153963
28.328,0.18109260000000002,-0.3367773,9.978241500000001,0.5415582672623191,3,-0.6243951576349737,-0.36469195081987976,3,-54.4052283815916
28.343,0.18109260000000002,-0.3622833,10.0320984,0.5331458937248037,3,-0.5608249025010087,-0.35663166961247605,3,-54.41063830874484
28.359,0.1661814,-0.3622833,9.9707859,0.5234381695968882,3,-0.6067327579946533,-0.34817899710590156,3,-54.41627679407859
28.375,0.16912439999999998,-0.37425150000000007,9.9707859,0.5139791978049608,3,-0.5911857369955238,-0.3398796581666877,3,-54.421781263320774
28.39,0.16912439999999998,-0.39818790000000004,9.934881299999999,0.5038986307235511,3,-0.6720378054272876,-0.33224557445272357,3,-54.42682220256542
28.406,0.21258269999999999,-0.3847482,9.9138879,0.49355983727932085,3,-0.6461745902644634,-0.3242659067087015,3,-54.43207429441471
28.421,0.1571562,-0.3847482,9.919872000000002,0.4835938496652865,3,-0.6643991742689304,-0.31693725405661666,3,-54.43688331812045
28.437,0.2290635,-0.36826739999999997,9.919872000000002,0.4738898027551368,3,-0.6065029318842884,-0.3092773848372524,3,-54.4418930352316
28.453,0.2290635,-0.33824879999999996,9.8824959,0.4634855530367261,3,-0.6502656074007401,-0.30177838199091833,3,-54.44678148136622
28.468,0.2350476,-0.33824879999999996,9.8495343,0.45253524801966094,3,-0.730020334470984,-0.29490822598299515,3,-54.451256630926025
28.484,0.23347800000000002,-0.36826739999999997,9.8495343,0.4418773489076706,3,-0.6661186944993213,-0.2877529252075757,3,-54.45591792013555
28.5,0.23347800000000002,-0.3847482,9.8584614,0.4317122561577271,3,-0.6353182968715376,-0.2807642083670533,3,-54.460466057204144
28.515,0.2230794,-0.3847482,9.788123700000002,0.4200754276098433,3,-0.7757885698588931,-0.27437580073879625,3,-54.464629607272435
28.531,0.2649681,-0.3876912,9.788123700000002,0.40875069659995766,3,-0.7077956881179295,-0.26774519174511857,3,-54.468966575212306
28.546,0.24397470000000002,-0.3876912,9.851005800000001,0.39922092531689835,3,-0.6353180855372638,-0.2616854045807419,3,-54.47293730468475
28.562,0.24397470000000002,-0.3487455,9.831582000000001,0.38941480849435806,3,-0.6128823014086995,-0.2553763187102511,3,-54.477073798471075
28.578,0.2215098,-0.3487455,9.9033912,0.3815848167809257,3,-0.48937448208957574,-0.24920832170804957,3,-54.48111047559442
28.593,0.19610190000000002,-0.37425150000000007,9.9033912,0.3739554339879163,3,-0.5086255195339406,-0.24354176982728304,3,-54.48480610128094
28.609,0.18864630000000002,-0.3652263,10.0171872,0.36927354482370767,3,-0.29261807276300733,-0.23759593799678938,3,-54.488655202943534
28.625,0.18864630000000002,-0.3652263,10.0171872,0.3647058480781382,3,-0.285481046598122,-0.23172410285357525,3,-54.49240976327034
28.64,0.1930608,-0.37425150000000007,10.0171872,0.3602597261901952,3,-0.2964081258628569,-0.22628686104656254,3,-54.49584484549959
28.656,0.1930608,-0.37268190000000007,9.9033912,0.35314756913921386,3,-0.4445098156863826,-0.2205796026839279,3,-54.49941977720943
28.671,0.18413369999999998,-0.37268190000000007,9.747706500000001,0.34241094264960203,3,-0.7157750993074277,-0.2153629138455116,3,-54.5026893460834
28.687,0.18413369999999998,-0.37268190000000007,9.747706500000001,0.3319361850987601,3,-0.6546723469275473,-0.20996813682352408,3,-54.506091994488756
28.718,0.1856052,-0.3338343,9.6444072,0.31916573828953076,3,-0.4119498970719301,-0.19987605701100597,3,-54.51244457949319
28.718,0.1856052,-0.3278502,9.660888,0.30710342777148725,3,0.0,-0.19987605701100597,3,-54.51244457949319
28.734,0.1466595,-0.3278502,9.7552602,0.2976191843801921,3,-0.5927652119558815,-0.195038276113792,3,-54.51560389415819
28.75,0.1466595,-0.3278502,9.7552602,0.2883662639984408,3,-0.5783075238595197,-0.19035039252676345,3,-54.51868700350732
28.765,0.17667810000000003,-0.3652263,9.8076456,0.2806601024249584,3,-0.5137441048988046,-0.1860826947785878,3,-54.52151025166211
28.781,0.16765290000000002,-0.3652263,9.901919700000002,0.27543549392252764,3,-0.3265380314019599,-0.1816339300078084,3,-54.524451984660395
28.796,0.16765290000000002,-0.3652263,9.901919700000002,0.2703383148957652,3,-0.33981193511748264,-0.17754062644167104,3,-54.52714579383377
28.812,0.1646118,-0.37268190000000007,9.901919700000002,0.26537098389500713,3,-0.3104581875473452,-0.1732549520513444,3,-54.52995215846171
28.828,0.1646118,-0.37572300000000003,9.877983300000002,0.25994429488248905,3,-0.3391680632824175,-0.1690524298211249,3,-54.53269061751669
28.843,0.205029,-0.37572300000000003,9.901919700000002,0.25525166057300375,3,-0.3128422872990081,-0.16518846015520855,3,-54.535197424191516
28.859,0.2230794,-0.4116276,9.949792500000001,0.2518841014937081,3,-0.21047244245595428,-0.1611313740586744,3,-54.537807982865225
28.875,0.2230794,-0.4221243,9.888480000000001,0.24711569502531283,3,-0.29802540427473717,-0.15713937568652267,3,-54.54035414886319
28.89,0.2499588,-0.4221243,9.9333117,0.2435713723306634,3,-0.23628817964328688,-0.1534592226813527,3,-54.542683638350944
28.906,0.2499588,-0.4221243,9.9333117,0.24011349653100567,3,-0.21611723747863182,-0.14958974373045977,3,-54.54510803008224
28.921,0.2664396,-0.3367773,9.9333117,0.23667096389835862,3,-0.22950217550979424,-0.1460138602772394,3,-54.547325057112296
28.937,0.2664396,-0.37268190000000007,9.8151012,0.23046355268881058,3,-0.3879632005967092,-0.14227678414454162,3,-54.54963138226767
28.953,0.2738952,-0.37268190000000007,9.8016615,0.22408510789678182,3,-0.39865279950184135,-0.13864039485985727,3,-54.55187871969971
28.968,0.24701580000000004,-0.3712104,9.8016615,0.21784347227458767,3,-0.41610904147959443,-0.1353259305085719,3,-54.55393346713997
28.984,0.24701580000000004,-0.3338343,9.777627,0.21113563606789043,3,-0.41923976291853043,-0.1318940976418317,3,-54.55607122736517
29.0,0.23053500000000002,-0.3338343,9.7701714,0.2043999104507126,3,-0.420982851073661,-0.12856981326968323,3,-54.558154938652464
29.015,0.18864630000000002,-0.2948886,9.8151012,0.19887117893165218,3,-0.36858210127068036,-0.12554528009931537,3,-54.560060801852735
29.031,0.18864630000000002,-0.2948886,9.8151012,0.19347729452281293,3,-0.3371177755524906,-0.12240649231167999,3,-54.56204441603202
29.046,0.18864630000000002,-0.34580249999999996,9.8944641,0.1901896050368812,3,-0.21917929906210648,-0.11952899056498217,3,-54.5638589321536
29.062,0.1511721,-0.34580249999999996,9.901919700000002,0.18714813145311027,3,-0.19009209898566232,-0.1165102886730619,3,-54.5657472463875
29.078,0.1212516,-0.33981839999999996,9.901919700000002,0.18416575885773412,3,-0.1863982872110298,-0.11353977755057547,3,-54.56758764691729
29.093,0.1212516,-0.3876912,9.910846800000002,0.18151653991623995,3,-0.1766145960996046,-0.11079716030977056,3,-54.56927017395124
29.109,0.16765290000000002,-0.3876912,9.954305100000001,0.1800074183604199,3,-0.09432009723874311,-0.10790496864355696,3,-54.57101979098287
29.125,0.1646118,-0.40113090000000007,9.954305100000001,0.17854684393368103,3,-0.09128590167118872,-0.10503653454520447,3,-54.572723323008375
29.14,0.1646118,-0.3891627,9.895935600000001,0.1756879584911335,3,-0.1905923628364949,-0.10237977352701826,3,-54.574278945318916
29.156,0.1317483,-0.3891627,9.851005800000001,0.17179190911275732,3,-0.24350308614853783,-0.09959993458618743,3,-54.57589478298382
29.171,0.1287072,-0.4311495000000001,9.851005800000001,0.16803250306133144,3,-0.2506270700950495,-0.09705125149488167,3,-54.577369666879434
29.187,0.20208600000000002,-0.39671639999999997,9.851005800000001,0.16435955523958512,3,-0.22955923885911927,-0.09439211502847404,3,-54.57890121381162
29.203,0.2425032,-0.4161402,9.7895952,0.15932191474576562,3,-0.31485253086375314,-0.09180266326859152,3,-54.580390772037994
29.218,0.2425032,-0.4161402,9.7895952,0.1544071435322838,3,-0.3276514142321094,-0.08944969533150605,3,-54.581750164727495
29.234,0.2649681,-0.37268190000000007,9.7895952,0.14958377467200812,3,-0.30146055376719616,-0.08701776798587145,3,-54.583161904434036
29.25,0.2649681,-0.3083283,9.8464932,0.146210075732359,3,-0.21085618372809303,-0.08465141718263677,3,-54.584535257915384
29.265,0.3202965,-0.3083283,9.788123700000002,0.14153654148932837,3,-0.31156894953536357,-0.08249331755347404,3,-54.5857888434259
29.281,0.2934171,-0.3771945,9.788123700000002,0.1370152191752556,3,-0.28258264462957877,-0.08026490346815761,3,-54.587090909194075
29.296,0.2934171,-0.3338343,9.8584614,0.13427960416331075,3,-0.18237433412965032,-0.07823019229311828,3,-54.58827962241229
29.312,0.2544714,-0.3338343,9.843550200000001,0.13122098330287635,3,-0.19116380377712874,-0.07610618759338855,3,-54.58951431345138
29.328,0.18413369999999998,-0.344331,9.8674866,0.1287909433917669,3,-0.15187749444435802,-0.07402609217983164,3,-54.59071537168957
29.343,0.23799060000000002,-0.33981839999999996,9.8674866,0.12644443407135242,3,-0.15643395469429203,-0.07211182684885817,3,-54.591811406082286
29.359,0.23799060000000002,-0.347274,9.8495343,0.1237240198147056,3,-0.17002589104040716,-0.07011047921776947,3,-54.592949184530816
29.375,0.1856052,-0.347274,9.8674866,0.12148001809000064,3,-0.14025010779407535,-0.06814884691453205,3,-54.59405525913987
29.39,0.17667810000000003,-0.3262806,9.8674866,0.11926929147242049,3,-0.14738177450533774,-0.06634322709281382,3,-54.595063949694925
29.406,0.17667810000000003,-0.3262806,9.8674866,0.1171124850162446,3,-0.13480040351100772,-0.0644521728809047,3,-54.596110312894716
29.421,0.17667810000000003,-0.36375480000000004,9.8689581,0.11507607733119407,3,-0.13576051233669714,-0.06271075866329885,3,-54.5970640348813
29.437,0.1526436,-0.36375480000000004,9.874942200000001,0.11322540268894166,3,-0.11566716514076296,-0.060884346823137564,3,-54.59805279572519
29.453,0.1062423,-0.37268190000000007,9.874942200000001,0.11141315552765008,3,-0.11326544758073624,-0.05908723835740502,3,-54.599012568406636
29.468,0.1062423,-0.37572300000000003,9.8105886,0.10807955162446525,3,-0.2222402602123131,-0.0574410430537641,3,-54.59988653051722
29.484,0.1002582,-0.37572300000000003,9.7536906,0.10343905942410814,3,-0.29003076252228727,-0.055748894165375325,3,-54.600792050014974
29.5,0.1332198,-0.3907323,9.8105886,0.10032225730147815,3,-0.19480013266439591,-0.054118803631570817,3,-54.60167099159735
29.515,0.16019730000000001,-0.3876912,9.8091171,0.0972525080438249,3,-0.20464995051020843,-0.05263699289148099,3,-54.602471660071274
29.531,0.16019730000000001,-0.3876912,9.8091171,0.0942576307192855,3,-0.18717983278373326,-0.05110491178137627,3,-54.60330159530866
29.546,0.18864630000000002,-0.3876912,9.855518400000001,0.09247877835595375,3,-0.11859015755544558,-0.049704388713311926,3,-54.60405766506237
29.562,0.18413369999999998,-0.31284090000000003,9.855518400000001,0.09067640317045722,0,-0.11264844909352051,-0.04773914726110047,3,-54.604837213350166
29.578,0.18413369999999998,-0.34128990000000003,9.764187300000001,0.08671514942470537,0,-0.2475783591095177,-0.045820014840339325,3,-54.605585686646975
29.593,0.205029,-0.34128990000000003,9.8076456,0.0839197419354587,0,-0.18636049928310433,-0.04404025315513805,3,-54.606259638656944
29.609,0.22455090000000003,-0.3622833,9.8734707,0.08282526965417425,0,-0.06840451758027066,-0.04220629306242083,3,-54.606949611026685
29.625,0.22455090000000003,-0.3622833,9.8734707,0.08175749181877556,0,-0.06673611471242527,-0.04038963097063738,3,-54.60761037841895
29.64,0.2529999,-0.3876912,9.889951500000002,0.08115756317370248,0,-0.03999524300487034,-0.03866776805819375,3,-54.60820330891166
29.656,0.2604555,-0.3876912,9.8644455,0.07995557888891192,0,-0.07512401779941885,-0.03687886292169298,3,-54.608807681959505
29.671,0.18109260000000002,-0.3562992,9.8644455,0.07871078570709678,0,-0.08298621212100621,-0.03518886518722286,3,-54.60934818992032
29.687,0.18109260000000002,-0.37425150000000007,9.7806681,0.0754710300609478,0,-0.2024847278842885,-0.03345541066107837,3,-54.609897344127106
29.703,0.1272357,-0.37425150000000007,9.827069400000001,0.07342042598666687,0,-0.128162754642572,-0.031764279012697585,3,-54.610419101644496
29.718,0.173637,-0.37572300000000003,9.827069400000001,0.07143851540691593,0,-0.13212737198339133,-0.03017783695224567,3,-54.61088366751423
29.734,0.173637,-0.3876912,9.833053500000002,0.06966208974999333,0,-0.11102660355764994,-0.028549032110990274,3,-54.61135348246673
29.75,0.19610190000000002,-0.3876912,9.7971489,0.06706441788904094,0,-0.16235449130954216,-0.026955220049878117,3,-54.61179751648402
29.781,0.19011780000000003,-0.3876912,9.8151012,0.06496466691636371,0,-0.06773390234442932,-0.024408769235394423,3,-54.61259365831794
29.796,0.1497006,-0.36669779999999996,9.8120601,0.0628053068323382,0,-0.1439573389350284,-0.022950494432279124,3,-54.61294885279545
29.828,0.20355750000000003,-0.3173535,9.9033912,0.06290628274049226,0,0.0031554971298142194,-0.02043910899911383,3,-54.61364308645035
29.843,0.20355750000000003,-0.3367773,9.922913099999999,0.06349619909813597,0,0.03932775717624625,-0.018991090385324087,3,-54.61393881294573
29.859,0.2065986,-0.3367773,9.9363528,0.06440079736938031,0,0.05653739195276486,-0.017467914413583842,3,-54.61423048498413
29.875,0.1946304,-0.37268190000000007,9.9363528,0.06530868074901974,0,0.05674271122747058,-0.015930238588636753,3,-54.614497670208145
29.89,0.1946304,-0.3562992,9.9378243,0.06621563608698011,0,0.06046368919735564,-0.014443806212366718,3,-54.614725475544155
29.906,0.2260224,-0.3562992,9.987266700000001,0.06832149317075853,0,0.13161606773616558,-0.012867509178304926,3,-54.61494396606728
29.921,0.21552570000000001,-0.3562992,9.987266700000001,0.07037033346614407,0,0.13658935302569786,-0.011327320478528118,3,-54.615125427289705
29.937,0.205029,-0.32932170000000005,9.8644455,0.06934789544817299,0,-0.06390237612318557,-0.009709574647213455,0,-54.61529372245071
29.953,0.205029,-0.344331,9.821085300000002,0.06730619460320142,0,-0.12760630281073732,-0.008116341926802578,0,-54.6154363297833
29.968,0.2006145,-0.344331,9.7926363,0.06461876373227327,0,-0.1791620580618701,-0.006626904739286479,0,-54.615546904133296
29.984,0.2575125,-0.34580249999999996,9.7926363,0.062030575928613274,0,-0.16176173772873137,-0.005113710021999271,0,-54.61564082905139
30.0,0.2575125,-0.3831786,9.777627,0.05917373670760462,0,-0.17855245131306063,-0.0036440755209096354,0,-54.61571089133573
30.015,0.18413369999999998,-0.3831786,9.752219100000001,0.055727079497843945,0,-0.22977714731736948,-0.002282319399368739,0,-54.615755339297635
30.031,0.22455090000000003,-0.40113090000000007,9.752219100000001,0.05240271049521894,0,-0.20777306266408568,-0.0009172810794243298,0,-54.615780936101466
30.046,0.22455090000000003,-0.40113090000000007,9.752219100000001,0.0491594236633901,0,-0.21621912212191446,0.0,0,-54.61578781570956
30.062,0.18864630000000002,-0.42663690000000004,9.711801900000001,0.04501842752114449,0,-0.2588122588903218,9.785773624162606e-05,0,-54.61578703284767
30.078,0.20208600000000002,-0.44311770000000006,9.711801900000001,0.041002995324479485,0,-0.25096451229159034,0.0002860291190065439,0,-54.615783961752825
30.093,0.20208600000000002,-0.44311770000000006,9.711801900000001,0.03708550049846515,0,-0.261166321734279,0.0003716928376786481,0,-54.61577902883815
30.109,0.19011780000000003,-0.38023560000000006,9.743193900000001,0.033957654013493155,0,-0.19549040531072792,0.00044003807377437877,0,-54.61577253499085
30.125,0.19011780000000003,-0.38023560000000006,9.7956774,0.032184971590428546,0,-0.11079265144155025,0.00046917907860569456,0,-54.615765261253635
30.14,0.1870767,-0.38023560000000006,9.8734707,0.03234973714266687,0,0.010984370149221037,0.00045318939410392755,0,-54.61575834349009
30.156,0.1646118,-0.3487455,9.8734707,0.032472404165512,0,0.007666688927821808,0.00047176652456930096,0,-54.61575094384274
30.171,0.17510850000000003,-0.3936753,9.9168309,0.03369420975505655,0,0.08145370596963322,0.00046801612897358303,0,-54.61574389547284
30.187,0.17510850000000003,-0.3936753,9.9168309,0.034886215208270954,0,0.07450034082589206,0.0005166595286802632,0,-54.61573601806758
30.203,0.21552570000000001,-0.347274,9.9168309,0.0360263036828119,0,0.07125552965881694,0.0005839596798088635,0,-54.615727213113914
30.218,0.21552570000000001,-0.318825,9.9693144,0.03839442802464177,0,0.1578749561219853,0.0006421151676147866,0,-54.61571801755256
30.234,0.2350476,-0.318825,9.978241500000001,0.040933107535536806,0,0.15866746943092203,0.0007767354520962859,0,-54.6157066667476
30.25,0.20954160000000002,-0.3592422,9.9168309,0.04193297487805303,0,0.06249170890727096,0.0009396641114049311,0,-54.61569293555109
30.265,0.18266220000000002,-0.41309910000000005,9.9168309,0.042946606646829366,0,0.06757545125175311,0.0010762609728415728,0,-54.61567781611296
30.281,0.18266220000000002,-0.37268190000000007,9.8375661,0.04196491434441185,0,-0.06135576890110138,0.001255553140771428,0,-54.61565916160005
30.296,0.18413369999999998,-0.37268190000000007,9.8105886,0.040350434689752745,0,-0.1076319769772697,0.0013729182585276853,0,-54.615639448064556
30.312,0.19610190000000002,-0.347274,9.8105886,0.03875826541099592,0,-0.09951057992229059,0.001505787859333745,0,-54.61561641841561
30.328,0.18413369999999998,-0.347274,9.800091900000002,0.036943465695427946,0,-0.11342498222301073,0.0016114017081850685,0,-54.61559148089907
30.343,0.18413369999999998,-0.347274,9.800091900000002,0.03517292938755645,0,-0.11803575385809521,0.0016522746713074723,0,-54.61556700332623
30.359,0.2215098,-0.32333760000000006,9.800091900000002,0.033444469458459025,0,-0.10802874556857701,0.0017012138620756579,0,-54.61554017541796
30.375,0.2215098,-0.33981839999999996,9.7821396,0.03133427049750104,0,-0.13188743505988873,0.0017194437817232813,0,-54.615512810156815
30.39,0.1915893,-0.33981839999999996,9.743193900000001,0.028311005838810743,0,-0.20155097724601198,0.0016667833542456365,0,-54.615487413453295
30.406,0.20208600000000002,-0.37425150000000007,9.7956774,0.026676269237007944,0,-0.10217103761268624,0.0016066815548521373,0,-54.61546122573402
30.421,0.173637,-0.3248091,9.7956774,0.025025113997418913,0,-0.11007701597259786,0.0014944419291103525,0,-54.61543796730789
