timestamps,acc_x,acc_y,acc_z,aAcc,aStages,aJerk,aVelocity,avStages,aHeight
0.063,0.1930608,-0.2889045,9.7552602,-0.04956497781697067,0,0.0,0.0,1,0.0
0.079,0.12272310000000002,-0.2529999,9.7552602,-0.04961704043512505,0,-0.003253913634648775,-0.0002934561460167657,1,-2.347649168134126e-06
0.094,0.12272310000000002,-0.2514303,9.8105886,-0.0483199009676607,0,0.08647596449762318,-0.0005279832065376588,1,-8.50844431229231e-06
0.11,0.11978010000000001,-0.2514303,9.777627,-0.047858902469338105,0,0.028812406145162228,-0.0007974136340336492,1,-1.9111619036862773e-05
0.125,0.17510850000000003,-0.2274939,9.777627,-0.04740309873001358,0,0.030386915954968195,-0.0010118786430287868,1,-3.268131111483104e-05
0.157,0.17510850000000003,-0.2559429,9.7821396,-0.046831258274457,0,0.017870014236143206,-0.002019628355100316,1,-8.118542308489668e-05
0.172,0.21709530000000002,-0.2559429,9.8285409,-0.04512177024339259,0,0.11396586873762744,-0.0022092760689841878,1,-0.00011290220626553044
0.188,0.1856052,-0.2514303,9.8584614,-0.042743141546013774,0,0.1486642935861758,-0.0024121953632994376,1,-0.00014987397772379948
0.204,0.1497006,-0.2694807,9.8584614,-0.040425787810377756,0,0.14483460847725127,-0.0025775467981505695,1,-0.00018979191501539952
0.219,0.1497006,-0.2709522,9.8584614,-0.038163971643053074,0,0.15078774448831198,-0.002666969994051301,1,-0.00022912579095691357
0.235,0.16912439999999998,-0.2514303,9.7821396,-0.03782289548583506,0,0.021317259826125774,-0.0027748649310824053,1,-0.0002726604703579832
0.25,0.16912439999999998,-0.2829204,9.8285409,-0.036338071677370465,0,0.09898825389763971,-0.002831072184806446,1,-0.0003147049987271496
0.266,0.1586277,-0.2829204,9.803133,-0.035513096242423714,0,0.05156096468417188,-0.0029058815281648004,1,-0.00036060062843091964
0.282,0.1990449,-0.21101310000000004,9.803133,-0.034734429572294445,0,0.048666666883079426,-0.0029678617346825436,1,-0.0004075905745336983
0.297,0.1990449,-0.2829204,9.7866522,-0.03433231469761289,0,0.02680765831210387,-0.002985862316706848,1,-0.00045224350491911874
0.313,0.20954160000000002,-0.2829204,9.7791966,-0.034116392883483115,0,0.0134951133831107,-0.0030334519773556152,1,-0.0005003980192716185
0.344,0.18266220000000002,-0.2529999,9.7986204,-0.033465350641145974,0,0.02100136265603682,-0.0035809690019873637,1,-0.0006029215444514345
0.36,0.1466595,-0.2798793,9.7986204,-0.03282711868234678,0,0.0398894974249497,-0.003611308756575305,1,-0.0006604597665199359
0.375,0.1466595,-0.24397470000000002,9.803133,-0.03211783425031456,0,0.04728562880214796,-0.003598395903570265,1,-0.0007145325514710277
0.391,0.18109260000000002,-0.24397470000000002,9.7986204,-0.0315218271123765,0,0.037250446121128676,-0.003607513194471793,1,-0.0007721798242553643
0.407,0.20355750000000003,-0.2918475,9.7986204,-0.03089770152118021,0,0.0390078494497682,-0.0036068694235402454,1,-0.0008298948851994605
0.438,0.1631403,-0.29783160000000003,9.776155500000002,-0.03085043853794467,0,0.001524612362436802,-0.004063965594456681,1,-0.0009487928279784129
0.454,0.18266220000000002,-0.2889045,9.776155500000002,-0.030802442247871653,0,0.0029997681295634822,-0.004057188640743212,1,-0.001013762061860012
0.469,0.18266220000000002,-0.2230794,9.8255979,-0.029592244214468266,0,0.08067986889355935,-0.004010148789210759,1,-0.0010742670925846666
0.485,0.16019730000000001,-0.2604555,9.8046045,-0.028910483697254463,0,0.042610032325862655,-0.00397817061250454,1,-0.001138173647798389
0.5,0.1856052,-0.2604555,9.8046045,-0.028234428736411132,0,0.045070330722888685,-0.003906757455757033,1,-0.001197310608310351
0.516,0.1482291,-0.2575125,9.8046045,-0.02759226996106534,0,0.040134923459111925,-0.0038533710453368436,1,-0.001259391636319102
0.532,0.1482291,-0.2649681,9.777627,-0.027618602387203595,0,-0.0016457766336408482,-0.003795058024122996,1,-0.0013205790688747808
0.547,0.1796211,-0.2649681,9.842078700000002,-0.026060306182694504,0,0.1038864136339393,-0.0036976498383972313,1,-0.0013767743778436824
0.563,0.1586277,-0.2709522,9.842078700000002,-0.024544839667896667,0,0.09471665717486534,-0.0036024910052019567,1,-0.0014351755045924756
0.579,0.1586277,-0.2350476,9.764187300000001,-0.024987832548731603,0,-0.02768705505218347,-0.0034987523829349836,1,-0.0014919854516975712
0.594,0.2080701,-0.2350476,9.821085300000002,-0.024010343470514783,0,0.06516593854778793,-0.0033662387030793323,1,-0.0015434728848426787
0.61,0.1781496,-0.2918475,9.821085300000002,-0.023033895650703684,0,0.06102798873819365,-0.0032425926160490797,1,-0.001596343535395706
0.625,0.1781496,-0.2798793,9.7701714,-0.023330846022650675,0,-0.019796691463132732,-0.003090328178599237,1,-0.0016438404413555683
0.641,0.1362609,-0.2544714,9.851005800000001,-0.021683204500348552,0,0.10297759514388262,-0.002950440582783231,1,-0.0016921665914466282
0.657,0.16912439999999998,-0.2544714,9.7656588,-0.022143955654646774,0,-0.02879694714363887,-0.0028010578640231937,1,-0.0017381785790210795
0.672,0.21258269999999999,-0.2694807,9.7656588,-0.02256295017124721,0,-0.027932967773362308,-0.002636359657717397,1,-0.001778959210434134
0.688,0.21258269999999999,-0.22455090000000003,9.8091171,-0.021939998637787284,0,0.038934470841245586,-0.002492383248189669,1,-0.0018199891536813903
0.719,0.1586277,-0.22455090000000003,9.806076000000001,-0.021431274519947863,0,0.01641045541417485,-0.0026646379821345634,1,-0.001899922982751416
0.735,0.16166880000000003,-0.2575125,9.806076000000001,-0.02091399535582994,0,0.032329947757370164,-0.0025034001411407872,1,-0.0019412672877376187
0.75,0.16166880000000003,-0.21709530000000002,9.7926363,-0.020760850756255778,0,0.010209639971610793,-0.002315961486981431,1,-0.0019774124999485353
0.766,0.1631403,-0.21709530000000002,9.831582000000001,-0.019661314865835777,0,0.06872099315124996,-0.002139338811958163,1,-0.002013054902340052
0.782,0.1287072,-0.261927,9.831582000000001,-0.018574429692503003,0,0.06793032333329835,-0.001945224768424873,1,-0.0020457314109831163
0.797,0.1287072,-0.23200650000000003,9.8165727,-0.017898325187791997,0,0.04507363364740036,-0.001718770430027087,1,-0.0020732113749715063
0.813,0.20208600000000002,-0.2798793,9.8928945,-0.01531777695555725,0,0.16128426451467268,-0.0014844992471738775,1,-0.002098837532389114
0.829,0.1946304,-0.2769363,9.8928945,-0.012805831679070678,0,0.15699657978041057,-0.001209488116250902,1,-0.0021203894312965123
0.844,0.1946304,-0.24544620000000003,9.8255979,-0.01201597301284707,0,0.052657244414907184,-0.000895651651440284,1,-0.002136177979554196
0.86,0.1586277,-0.24544620000000003,9.8255979,-0.011261157050597603,0,0.04717599764059162,-0.0005818686919478416,1,-0.002147998142301301
0.891,0.09584369999999999,-0.23053500000000002,9.8255979,-0.010553378996666751,0,0.02283155012680166,-0.00041999400068043783,1,-0.002163527014037039
0.907,0.23053500000000002,-0.2709522,9.8136297,-0.010074900269062326,0,0.02990492047527657,-8.50202348062698e-05,1,-0.0021675671279209325
0.938,0.1661814,-0.2215098,9.8136297,-0.009670041853489408,0,0.013059948889448982,0.0,1,-0.0021688849415604297
0.954,0.11526750000000001,-0.29783160000000003,9.8674866,-0.007930732081344871,0,0.10870686075903348,-3.1873029184493334e-05,1,-0.0021691399257939056
0.969,0.1526436,-0.29783160000000003,9.7447635,-0.009212980332252485,0,-0.08548321672717418,0.0,1,-0.002169378973512789
0.985,0.1466595,-0.2215098,9.7447635,-0.010515774726810534,0,-0.08142464965987799,0.0,1,-0.002169378973512789
1.0,0.1466595,-0.2694807,9.851005800000001,-0.009167324505302332,0,0.08989668143388004,0.0,1,-0.002169378973512789
1.016,0.1466595,-0.2694807,9.7986204,-0.00912883347237603,0,0.0024056895578938842,-0.00011227342082125238,1,-0.0021702771608793593
1.047,0.1796211,-0.2604555,9.7986204,-0.009083852458575237,0,0.0014510004451868857,0.0,1,-0.0021720173989020885
1.063,0.1796211,-0.3202965,9.8285409,-0.008267484627200616,0,0.05102298946091372,-3.338074943720279e-05,1,-0.0021722844448975862
1.079,0.17510850000000003,-0.3202965,9.806076000000001,-0.008020559028548035,0,0.015432849915786293,0.0,1,-0.002172551490893084
1.094,0.21709530000000002,-0.2858634,9.806076000000001,-0.0077851299431586085,0,0.015695272359295,0.0,1,-0.002172551490893084
1.11,0.1796211,-0.2514303,9.7941078,-0.007888677742471373,0,-0.00647173745704776,0.0,1,-0.002172551490893084
1.125,0.1796211,-0.2754648,9.7971489,-0.00789980879729768,0,-0.0007420703217538527,-2.6031876504302442e-05,1,-0.002172746729966866
1.141,0.1482291,-0.2754648,9.860031000000001,-0.006390538883659147,0,0.09432936960240826,0.0,1,-0.0021729549849789005
1.157,0.145188,-0.2724237,9.860031000000001,-0.004921243267906661,0,0.0918309759845303,0.0,1,-0.0021729549849789005
1.172,0.145188,-0.2529999,9.800091900000002,-0.004961686991256542,0,-0.002696248223325425,0.0,1,-0.0021729549849789005
1.188,0.205029,-0.2529999,9.7851807,-0.005338565059963329,0,-0.023554879294174193,0.0,1,-0.0021729549849789005
1.219,0.1362609,-0.2994012,9.783611100000002,-0.005741818990834702,0,-0.013008191318431306,-5.9118861305332976e-05,1,-0.002173871327329133
1.235,0.1257642,-0.2994012,9.831582000000001,-0.004969282786904117,0,0.04828351274566152,0.0,1,-0.0021743442782195758
1.25,0.145188,-0.2738952,9.831582000000001,-0.00422719252719439,0,0.049472683980648774,0.0,1,-0.0021743442782195758
1.266,0.19757340000000004,-0.2843919,9.860031000000001,-0.0027802279698416754,0,0.09043528483454458,0.0,1,-0.0021743442782195758
1.282,0.19757340000000004,-0.2559429,9.788123700000002,-0.0031404441734714794,0,-0.02251351272686273,0.0,1,-0.0021743442782195758
1.297,0.2350476,-0.2559429,9.8136297,-0.0028499807221802342,0,0.019364230086083137,0.0,1,-0.0021743442782195758
1.313,0.1946304,-0.2544714,9.8136297,-0.002589102755001349,0,0.016304872948680313,0.0,1,-0.0021743442782195758
1.329,0.1946304,-0.2769363,9.7851807,-0.00301322545270466,0,-0.0265076686064569,0.0,1,-0.0021743442782195758
1.344,0.12272310000000002,-0.2769363,9.803133,-0.003017776931926619,0,-0.0003034319481306107,0.0,1,-0.0021743442782195758
1.36,0.18266220000000002,-0.2499588,9.803133,-0.0030171316525056113,0,4.032996381297945e-05,-4.397724826245633e-05,1,-0.0021746960962056756
1.375,0.18266220000000002,-0.2769363,9.7911648,-0.0032905690397821985,0,-0.018229159151772596,0.0,1,-0.002175025925567644
1.391,0.17069399999999998,-0.2769363,9.783611100000002,-0.0037467365227712435,0,-0.028510467686815286,0.0,1,-0.002175025925567644
1.407,0.20954160000000002,-0.20355750000000003,9.783611100000002,-0.004217301734545487,0,-0.02941032573589017,0.0,1,-0.002175025925567644
1.438,0.16166880000000003,-0.2738952,9.854046900000002,-0.0029396440881139796,0,0.04121476278811324,0.0,1,-0.002175025925567644
1.454,0.16166880000000003,-0.24544620000000003,9.8091171,-0.00280678430500636,0,0.00830373644422621,0.0,1,-0.002175025925567644
1.469,0.1272357,-0.24544620000000003,9.8120601,-0.00261777540744923,0,0.012600593170475245,0.0,1,-0.002175025925567644
1.485,0.145188,-0.2709522,9.8120601,-0.0024109378467986886,0,0.012927347540658817,0.0,1,-0.002175025925567644
1.5,0.145188,-0.258984,9.8809263,-0.0005381237985080389,0,0.12485426988604413,0.0,1,-0.002175025925567644
1.516,0.1870767,-0.258984,9.7941078,-0.0008102271971655028,0,-0.01700646241609148,0.0,1,-0.002175025925567644
1.532,0.2350476,-0.23347800000000002,9.7941078,-0.0010661253254902192,0,-0.01599363302029476,0.0,1,-0.002175025925567644
1.563,0.10182780000000001,-0.2664396,9.862974000000001,0.0003278293793211873,0,0.044966280800368075,-8.472922939220529e-06,1,-0.002175157255873202
1.579,0.1930608,-0.2425032,9.862974000000001,0.0017059791331686114,0,0.08613435961546392,0.0,1,-0.0021752250392567157
1.594,0.19757340000000004,-0.23347800000000002,9.8196138,0.0019903295260039755,0,0.018956692855690783,0.0,1,-0.0021752250392567157
1.61,0.19757340000000004,-0.21856680000000003,9.7941078,0.001637560292589768,0,-0.022048077088387942,0.0,1,-0.0021752250392567157
1.625,0.16019730000000001,-0.21856680000000003,9.7971489,0.0013508967185913434,0,-0.019110904933228437,0.0,1,-0.0021752250392567157
1.641,0.1332198,-0.3008727,9.7971489,0.0011145685594922128,0,-0.01477050994369565,0.0,1,-0.0021752250392567157
1.657,0.1332198,-0.3008727,9.8794548,0.002890343624342151,0,0.11098594155312104,0.0,1,-0.0021752250392567157
1.672,0.1392039,-0.3008727,9.806076000000001,0.002836105765885222,0,-0.0036158572304619695,0.0,1,-0.0021752250392567157
1.688,0.17069399999999998,-0.24397470000000002,9.806076000000001,0.0027567872241753832,0,-0.0049574088568649045,0.0,1,-0.0021752250392567157
1.704,0.17069399999999998,-0.2934171,9.7372098,0.0010337781109175381,0,-0.10768806957861522,0.0,1,-0.0021752250392567157
1.719,0.18864630000000002,-0.2934171,9.8016615,0.0009318594851688289,0,-0.006794575049913893,0.0,1,-0.0021752250392567157
1.735,0.16019730000000001,-0.24397470000000002,9.8016615,0.0007870454204734756,0,-0.009050879043459572,0.0,1,-0.0021752250392567157
1.75,0.13469129999999999,-0.2544714,9.851005800000001,0.0018459194268647394,0,0.07059160042608471,0.0,1,-0.0021752250392567157
1.766,0.16019730000000001,-0.23200650000000003,9.771642900000002,0.0009398692164150901,0,-0.05662813815310303,0.0,1,-0.0021752250392567157
1.797,0.142245,-0.2664396,9.771642900000002,7.055480470086195e-05,0,-0.028042400377878404,0.0,1,-0.0021752250392567157
1.813,0.142245,-0.2784078,9.8225568,0.0004717478681879328,0,0.025074566467941907,0.0,1,-0.0021752250392567157
1.829,0.1930608,-0.2784078,9.833053500000002,0.0011401636122592151,0,0.04177598400445511,0.0,1,-0.0021752250392567157
1.844,0.2006145,-0.2798793,9.833053500000002,0.0017969805985593723,0,0.04378779908667678,0.0,1,-0.0021752250392567157
1.86,0.2006145,-0.2948886,9.776155500000002,0.0010616312321563015,0,-0.045959335400191884,0.0,1,-0.0021752250392567157
1.875,0.1511721,-0.2948886,9.7956774,0.0007984049364413437,0,-0.017548419714330635,0.0,1,-0.0021752250392567157
1.891,0.12272310000000002,-0.24397470000000002,9.7956774,0.000497763176431576,0,-0.018790110000610465,0.0,1,-0.0021752250392567157
1.907,0.1497006,-0.24103170000000002,9.7701714,-0.00041001239859639327,0,-0.05673597343924803,0.0,1,-0.0021752250392567157
1.922,0.1497006,-0.3053853,9.7791966,-0.0010317843772735813,0,-0.04145146524514614,0.0,1,-0.0021752250392567157
1.938,0.18413369999999998,-0.3053853,9.7911648,-0.0013323518607695206,0,-0.01878546771849619,0.0,1,-0.0021752250392567157
1.954,0.2140542,-0.24544620000000003,9.7911648,-0.0016518559397855626,0,-0.019969004938502604,0.0,1,-0.0021752250392567157
1.969,0.2140542,-0.2544714,9.803133,-0.0016662114654533156,0,-0.0009570350445168587,0.0,1,-0.0021752250392567157
1.985,0.142245,-0.2544714,9.8105886,-0.001530265569416045,0,0.008496618502329405,0.0,1,-0.0021752250392567157
2.0,0.142245,-0.2604555,9.8105886,-0.001393806823630328,0,0.009097249719047854,0.0,1,-0.0021752250392567157
2.016,0.142245,-0.24544620000000003,9.7986204,-0.001561896234917981,0,-0.010505588205478303,0.0,1,-0.0021752250392567157
2.032,0.1930608,-0.24544620000000003,9.783611100000002,-0.0020705840523280727,0,-0.031792988588130705,0.0,1,-0.0021752250392567157
2.063,0.18413369999999998,-0.2604555,9.836094600000001,-0.0012821907589266601,0,0.0254320417226261,0.0,1,-0.0021752250392567157
2.079,0.18413369999999998,-0.2724237,9.7911648,-0.0016003578497798543,0,-0.019885443178324618,0.0,1,-0.0021752250392567157
2.094,0.16166880000000003,-0.2724237,9.818044200000001,-0.0012651820591678131,0,0.02234505270746989,0.0,1,-0.0021752250392567157
2.11,0.15421320000000002,-0.261927,9.818044200000001,-0.0009480685469167582,0,0.019819594515690913,0.0,1,-0.0021752250392567157
2.125,0.15421320000000002,-0.2634966,9.800091900000002,-0.0010753146643747158,0,-0.0084830744971971,0.0,1,-0.0021752250392567157
2.157,0.17667810000000003,-0.2634966,9.8091171,-0.0009702001083535805,0,0.0032848298756604746,0.0,1,-0.0021752250392567157
2.172,0.20355750000000003,-0.2738952,9.8091171,-0.0008480064246221275,0,0.0081462455820968,0.0,1,-0.0021752250392567157
2.188,0.20355750000000003,-0.21258269999999999,9.7701714,-0.0017153220757322174,0,-0.05420722819438057,0.0,1,-0.0021752250392567157
2.204,0.1511721,-0.21258269999999999,9.7986204,-0.0018910375627996245,0,-0.010982217941712936,0.0,1,-0.0021752250392567157
2.219,0.1272357,-0.21856680000000003,9.8405091,-0.00104621152915918,0,0.05632173557603083,0.0,1,-0.0021752250392567157
2.235,0.1406754,-0.2499588,9.8405091,-0.0001993101319666124,0,0.05293133732453543,0.0,1,-0.0021752250392567157
2.25,0.1406754,-0.2425032,9.803133,-0.00028885416179846857,0,-0.005969601988790362,0.0,1,-0.0021752250392567157
2.266,0.17510850000000003,-0.2394621,9.8076456,-0.00025450296319817767,0,0.0021469499125181795,0.0,1,-0.0021752250392567157
2.282,0.17510850000000003,-0.2604555,9.854046900000002,0.0009232165760142408,0,0.07360747120077608,0.0,1,-0.0021752250392567157
2.297,0.1257642,-0.2604555,9.8046045,0.0008484559171986206,0,-0.004984043921041306,0.0,1,-0.0021752250392567157
2.313,0.145188,-0.2649681,9.8046045,0.0007850095970542981,0,-0.003965395009020153,0.0,1,-0.0021752250392567157
2.344,0.145188,-0.2889045,9.7956774,0.0005219767750048732,0,-0.008484929743529919,0.0,1,-0.0021752250392567157
2.36,0.21101310000000004,-0.2889045,9.764187300000001,-0.0004730058286117611,0,-0.062186412726039586,0.0,1,-0.0021752250392567157
2.375,0.1511721,-0.23200650000000003,9.7851807,-0.0009959446530825034,0,-0.034862588298049196,0.0,1,-0.0021752250392567157
2.391,0.17069399999999998,-0.2664396,9.7851807,-0.0014769213578222917,0,-0.030061044046236746,0.0,1,-0.0021752250392567157
2.407,0.17069399999999998,-0.2694807,9.8225568,-0.0010330067925501396,0,0.027744660329509483,0.0,1,-0.0021752250392567157
2.422,0.1571562,-0.2694807,9.776155500000002,-0.0017365929795047919,0,-0.04690574579697643,0.0,1,-0.0021752250392567157
2.438,0.17510850000000003,-0.2274939,9.776155500000002,-0.002441598399441247,0,-0.04406283874602841,0.0,1,-0.0021752250392567157
2.454,0.17510850000000003,-0.2769363,9.8405091,-0.0015295877236471966,0,0.05700066723712811,0.0,1,-0.0021752250392567157
2.485,0.15568469999999998,-0.24397470000000002,9.7956774,-0.0017620292759019662,0,-0.007498114588863609,0.0,1,-0.0021752250392567157
2.5,0.15568469999999998,-0.2544714,9.830012400000001,-0.001145238519288938,0,0.04111938377420154,0.0,1,-0.0021752250392567157
2.516,0.173637,-0.2544714,9.860031000000001,0.00019564239001645944,0,0.08380505683158727,0.0,1,-0.0021752250392567157
2.532,0.1631403,-0.2634966,9.740250900000001,-0.0014147783023119587,0,-0.10065129327052605,0.0,1,-0.0021752250392567157
2.547,0.1511721,-0.30685680000000004,9.740250900000001,-0.002959681420231064,0,-0.10299354119460616,0.0,1,-0.0021752250392567157
2.563,0.1511721,-0.261927,9.788123700000002,-0.0033318129445962796,0,-0.02325822027282596,0.0,1,-0.0021752250392567157
2.594,0.17069399999999998,-0.2499588,9.7926363,-0.0035846616160224443,0,-0.00815640875568281,0.0,1,-0.0021752250392567157
2.61,0.17069399999999998,-0.2634966,9.7327953,-0.005281473597261055,0,-0.10605074882741307,0.0,1,-0.0021752250392567157
2.625,0.2006145,-0.2634966,9.7821396,-0.0057201602470016155,0,-0.029245776649370465,-3.2194883171264566e-05,1,-0.0021754665008805003
2.641,0.16912439999999998,-0.2215098,9.7821396,-0.006188029921998961,0,-0.029241854687334066,0.0,1,-0.0021757240599458703
2.657,0.16912439999999998,-0.2499588,9.8165727,-0.005788340433682038,0,0.024980593019807686,0.0,1,-0.0021757240599458703
2.672,0.16019730000000001,-0.2499588,9.833053500000002,-0.005000262663674704,0,0.052538518000488484,0.0,1,-0.0021757240599458703
2.704,0.17069399999999998,-0.24544620000000003,9.8076456,-0.004849289891970088,0,0.004717899115769249,0.0,1,-0.0021757240599458703
2.719,0.20954160000000002,-0.20355750000000003,9.8076456,-0.00470701675884122,0,0.009484875541924693,-3.3451031370292095e-05,1,-0.0021759749426811473
2.735,0.20954160000000002,-0.2694807,9.8136297,-0.004383593280595122,0,0.020213967390381154,0.0,1,-0.0021762425509321095
2.75,0.21258269999999999,-0.2694807,9.827069400000001,-0.003738866380247785,0,0.04298179335648875,0.0,1,-0.0021762425509321095
2.766,0.1497006,-0.2664396,9.827069400000001,-0.003140141256729123,0,0.037420320219916335,0.0,1,-0.0021762425509321095
2.782,0.1497006,-0.2963601,9.806076000000001,-0.003046874669147215,0,0.005829161723869264,0.0,1,-0.0021762425509321095
2.797,0.142245,-0.2798793,9.746235,-0.004429177065627954,0,-0.09215349309871518,0.0,1,-0.0021762425509321095
2.813,0.142245,-0.23347800000000002,9.749178,-0.005735804600538685,0,-0.08166422093192065,0.0,1,-0.0021762425509321095
2.829,0.1571562,-0.23347800000000002,9.8704296,-0.004048841249023383,0,0.10543520946970632,0.0,1,-0.0021762425509321095
2.844,0.1526436,-0.23799060000000002,9.7252416,-0.005941819503185286,0,-0.1261985502774629,-6.22199114231406e-05,1,-0.002176709200267783
2.86,0.1946304,-0.2260224,9.7252416,-0.007777312399378289,0,-0.11471830601206258,0.0,1,-0.0021772069595591683
2.875,0.1946304,-0.2649681,9.7806681,-0.008192972948171118,0,-0.02771070325285503,0.0,1,-0.0021772069595591683
2.891,0.16765290000000002,-0.2649681,9.821085300000002,-0.007625393778679879,0,0.03547369809320241,0.0,1,-0.0021772069595591683
2.907,0.1661814,-0.2350476,9.821085300000002,-0.007090836135592582,0,0.033409852692956016,-3.602687987926123e-05,1,-0.0021774951745982024
2.922,0.1661814,-0.2499588,9.834525,-0.0062326955097908865,0,0.05720937505344589,0.0,1,-0.0021777653761972967
2.954,0.1482291,-0.2499588,9.783611100000002,-0.0066437390345832625,0,-0.01284511014976174,0.0,1,-0.0021777653761972967
2.969,0.16019730000000001,-0.2679111,9.783611100000002,-0.007028575119502278,0,-0.0256557389946016,0.0,1,-0.0021777653761972967
2.985,0.16019730000000001,-0.2814489,9.8644455,-0.0054242592315514315,0,0.10026974299692784,-4.414135089369359e-05,1,-0.0021781185070044464
3.0,0.1796211,-0.2814489,9.7686999,-0.006184826385421616,0,-0.05070447692467852,0.0,1,-0.002178449567136149
3.016,0.2365191,-0.2738952,9.806076000000001,-0.005991546976087392,0,0.012079963083388979,0.0,1,-0.002178449567136149
3.032,0.15568469999999998,-0.24544620000000003,9.806076000000001,-0.0058607511221193676,0,0.008174740873001511,0.0,1,-0.002178449567136149
3.047,0.15568469999999998,-0.23200650000000003,9.7866522,-0.006214680839280007,0,-0.023595314477375756,0.0,1,-0.002178449567136149
3.063,0.19011780000000003,-0.23200650000000003,9.777627,-0.006765170697217826,0,-0.034405616121113675,-1.784341670119441e-05,1,-0.0021785923144697584
3.079,0.1796211,-0.2559429,9.777627,-0.007292511818084435,0,-0.032958820054163035,0.0,1,-0.0021787350618033678
3.094,0.1796211,-0.23200650000000003,9.8016615,-0.007235607306103731,0,0.003793634132047037,0.0,1,-0.0021787350618033678
3.11,0.1332198,-0.23200650000000003,9.800091900000002,-0.0072364129062059135,0,-5.035000638642368e-05,0.0,1,-0.0021787350618033678
3.125,0.1856052,-0.24701580000000004,9.800091900000002,-0.007207481387279557,0,0.0019287679284237273,0.0,1,-0.0021787350618033678
3.141,0.1856052,-0.2559429,9.7941078,-0.007319548817584121,0,-0.007004214394035196,-7.958738079355196e-05,1,-0.0021793717608497164
3.157,0.17069399999999998,-0.2559429,9.8225568,-0.006741957843592772,0,0.03609943587445926,0.0,1,-0.002180008459896065
3.172,0.18109260000000002,-0.261927,9.7971489,-0.00678944816451299,0,-0.0031660213946811877,0.0,1,-0.002180008459896065
3.188,0.1631403,-0.2514303,9.7971489,-0.006850172839280688,0,-0.0037952921729811316,0.0,1,-0.002180008459896065
3.204,0.1631403,-0.2694807,9.7536906,-0.007957126713435514,0,-0.06918461713467655,-2.1140343595838634e-05,1,-0.002180177582644832
3.235,0.1856052,-0.2529999,9.7821396,-0.008344531595398053,0,-0.012496931676211047,0.0,1,-0.0021805052579705673
3.25,0.1856052,-0.2738952,9.806076000000001,-0.00812528782850741,0,0.01461625112604269,0.0,1,-0.0021805052579705673
3.266,0.1796211,-0.2738952,9.7732125,-0.008715208474114888,0,-0.036870040350467335,-3.206366348302778e-05,1,-0.0021807617672784316
3.297,0.1497006,-0.23799060000000002,9.7732125,-0.009325952497528434,0,-0.019701420110114276,0.0,1,-0.0021812587540624186
3.313,0.15421320000000002,-0.2664396,9.8046045,-0.009136911004114623,0,0.01181509333836316,0.0,1,-0.0021812587540624186
3.329,0.173637,-0.2664396,9.7851807,-0.009418065274299892,0,-0.01757214188657928,-0.0001078443767839575,1,-0.00218212150907669
3.344,0.1781496,-0.2260224,9.7851807,-0.009715178695898885,0,-0.01980756143993332,0.0,1,-0.0021829303419025697
3.36,0.1781496,-0.2664396,9.830012400000001,-0.008887378815620295,0,0.05173749251741184,0.0,1,-0.0021829303419025697
3.391,0.15568469999999998,-0.23347800000000002,9.788123700000002,-0.009130759666225785,0,-0.00785099518082223,-0.00017944531312121328,1,-0.0021857117442559484
3.407,0.15568469999999998,-0.2274939,9.7821396,-0.009517535631799134,0,-0.024173497848334315,0.0,1,-0.0021871473067609183
3.422,0.18864630000000002,-0.2274939,9.7252416,-0.011267854210418093,0,-0.11668790524126296,0.0,1,-0.0021871473067609183
3.438,0.173637,-0.2274939,9.7252416,-0.01298229763252401,0,-0.10715271388161964,-0.00017852331406558244,1,-0.002188575493273443
3.454,0.173637,-0.24103170000000002,9.783611100000002,-0.013223988661707153,0,-0.0151056893239465,0.0,1,-0.0021900036797859674
3.485,0.16166880000000003,-0.2709522,9.818044200000001,-0.012606302331956698,0,0.019925365475821338,-0.0002885431148212207,1,-0.002194476098065696
3.5,0.16912439999999998,-0.2829204,9.7656588,-0.013269359831950212,0,-0.04420383333290053,0.0,1,-0.002196640171426855
3.516,0.16912439999999998,-0.2529999,9.806076000000001,-0.012950949735966333,0,0.0199006309989924,-0.0001923730575938594,1,-0.002198179155887606
3.532,0.1646118,-0.2529999,9.8016615,-0.012749797512443095,0,0.012572013970202345,0.0,1,-0.002199718140348357
3.547,0.18266220000000002,-0.2634966,9.8016615,-0.012539014271862214,0,0.014052216038725265,-8.764512396343058e-05,1,-0.002200375478778083
3.563,0.18266220000000002,-0.2484873,9.7986204,-0.012417064634085762,0,0.007621852361028296,0.0,1,-0.0022010766397697903
3.579,0.17667810000000003,-0.2484873,9.8136297,-0.011934860648876722,0,0.030137749075564962,0.0,1,-0.0022010766397697903
3.61,0.17667810000000003,-0.2559429,9.8136297,-0.011459746558408312,0,0.015326260982852061,-0.0003447255691876351,1,-0.0022064198860921986
3.625,0.17667810000000003,-0.2784078,9.8076456,-0.01112718265519419,0,0.02217092688094132,-1.41275382896551e-05,1,-0.002209111284398278
3.641,0.1646118,-0.261927,9.8285409,-0.010309526318238227,0,0.05110352105974764,0.0,1,-0.0022092243047045954
3.657,0.205029,-0.261927,9.827069400000001,-0.009529155253700239,0,0.04877319153362421,0.0,1,-0.0022092243047045954
3.672,0.1796211,-0.2290635,9.827069400000001,-0.008799953507823588,0,0.048613449725109656,0.0,1,-0.0022092243047045954
3.688,0.1796211,-0.2604555,9.803133,-0.008652987845479743,0,0.009185353896490325,-0.00012142250919048095,1,-0.002210195684778119
3.704,0.1870767,-0.2604555,9.8151012,-0.008214456009735471,0,0.027408239734016935,0.0,1,-0.0022111670648516427
3.719,0.15568469999999998,-0.2575125,9.8151012,-0.007801875541089132,0,0.027505364576423233,0.0,1,-0.0022111670648516427
3.735,0.12272310000000002,-0.2814489,9.866015100000002,-0.006153534773005731,0,0.10302129800521244,0.0,1,-0.0022111670648516427
3.75,0.1497006,-0.2769363,9.866015100000002,-0.004539430731934857,0,0.10760693607139071,-6.832507046319533e-05,1,-0.0022116795028801167
3.782,0.1497006,-0.2499588,9.803133,-0.00451529385035343,0,0.0007542775494195901,0.0,1,-0.0022127727040075276
3.797,0.18266220000000002,-0.24544620000000003,9.836094600000001,-0.003677351933781381,0,0.05586279443813615,0.0,1,-0.0022127727040075276
3.813,0.1870767,-0.24544620000000003,9.774684,-0.004354903128236387,0,-0.04234694965343785,0.0,1,-0.0022127727040075276
3.829,0.1631403,-0.23799060000000002,9.774684,-0.0050308772687230885,0,-0.042248383780418806,0.0,1,-0.0022127727040075276
3.844,0.1631403,-0.2260224,9.800091900000002,-0.005077836171027528,0,-0.0031305934869626816,0.0,1,-0.0022127727040075276
3.86,0.1661814,-0.2260224,9.777627,-0.005670103497914525,0,-0.037016707930437286,-7.578865898229606e-05,1,-0.002213379013279386
3.875,0.1631403,-0.290376,9.777627,-0.006207745666364062,0,-0.03584281122996883,0.0,1,-0.002213947428221753
3.891,0.1631403,-0.2798793,9.836094600000001,-0.005314474578058892,0,0.05582944301907306,0.0,1,-0.002213947428221753
3.907,0.1332198,-0.2798793,9.7941078,-0.005477536789319615,0,-0.010191388203795162,0.0,1,-0.002213947428221753
3.922,0.173637,-0.2709522,9.7941078,-0.00562730682380419,0,-0.009984668965638276,0.0,1,-0.002213947428221753
3.938,0.1631403,-0.2738952,9.774684,-0.006249327678554906,0,-0.03887630342191969,-2.1685783726094893e-05,1,-0.002214120914491562
3.954,0.1631403,-0.21552570000000001,9.848062800000001,-0.005102754195990045,0,0.07166084266030374,0.0,1,-0.0022142944007613706
3.969,0.1781496,-0.21552570000000001,9.740250900000001,-0.00660629252031697,0,-0.10023588828846382,0.0,1,-0.0022142944007613706
3.985,0.17069399999999998,-0.2274939,9.740250900000001,-0.008069778465486621,0,-0.09146787157310313,0.0,1,-0.0022142944007613706
4.0,0.17069399999999998,-0.23053500000000002,9.7536906,-0.009168170708864665,0,-0.07322614955853562,0.0,1,-0.0022142944007613706
4.016,0.15568469999999998,-0.23053500000000002,9.7447635,-0.01046354079996803,0,-0.08096063069396024,-0.00010406716785947914,1,-0.0022151269381042466
4.032,0.21709530000000002,-0.2814489,9.7447635,-0.011666078477714947,0,-0.07515860485918228,0.0,1,-0.0022159594754471226
4.047,0.21709530000000002,-0.2604555,9.871999200000001,-0.009752056932962105,0,0.12760143631685886,0.0,1,-0.0022159594754471226
4.079,0.1511721,-0.2814489,9.7582032,-0.010674689844064389,0,-0.028832278471946336,-0.00026856808609344515,1,-0.002220256564824618
4.094,0.16765290000000002,-0.2664396,9.8046045,-0.01044737455025846,0,0.015154352920394742,0.0,1,-0.002222270825470319
4.11,0.16765290000000002,-0.2649681,9.8046045,-0.010226575655149617,0,0.01379993094430264,-9.237517069413462e-05,1,-0.002223009826835872
4.125,0.173637,-0.2649681,9.7791966,-0.010628003962187549,0,-0.026761887135862708,0.0,1,-0.002223702640616078
4.141,0.21101310000000004,-0.23200650000000003,9.7791966,-0.011022139566202682,0,-0.024633475250945815,0.0,1,-0.002223702640616078
4.157,0.21101310000000004,-0.23799060000000002,9.776155500000002,-0.011477290558913111,0,-0.028446937044401797,-0.0001019811070522049,1,-0.002224518489472496
4.188,0.16912439999999998,-0.2575125,9.7806681,-0.01181912433435528,0,-0.011026895982005545,0.0,1,-0.002226099196631805
4.204,0.16912439999999998,-0.21552570000000001,9.7986204,-0.011739684417896967,0,0.004964994778644534,-0.00015154600791588216,1,-0.0022273115646951323
4.219,0.17667810000000003,-0.21552570000000001,9.8105886,-0.011367142943283781,0,0.0248360983075448,0.0,1,-0.0022284481597545014
4.235,0.19011780000000003,-0.2484873,9.8105886,-0.010978559419495326,0,0.024286470236778414,-3.612832026978624e-06,1,-0.002228477062410717
4.266,0.18109260000000002,-0.2948886,9.7926363,-0.011009880143506123,0,-0.0010103459358321747,0.0,1,-0.0022285330613071356
4.282,0.18109260000000002,-0.2529999,9.8105886,-0.01063136116123431,0,0.02365743639198834,-1.7563575691419836e-05,1,-0.002228673569912667
4.297,0.13469129999999999,-0.2529999,9.8615025,-0.00903900458540896,0,0.10615710505502551,0.0,1,-0.0022288052967303525
4.313,0.1272357,-0.23347800000000002,9.836094600000001,-0.008119118836988903,0,0.057492859276253534,0.0,1,-0.0022288052967303525
4.344,0.1915893,-0.23347800000000002,9.7552602,-0.009166875890636916,0,-0.033798614633806234,-7.028922444862404e-05,1,-0.0022298947797093063
4.36,0.1930608,-0.2350476,9.7552602,-0.010187451776266343,0,-0.06378599285183911,0.0,1,-0.002230457093504895
4.375,0.1930608,-0.2604555,9.8120601,-0.009782801859783419,0,0.026976661098862192,0.0,1,-0.002230457093504895
4.391,0.18266220000000002,-0.2604555,9.7971489,-0.009756371258413665,0,0.0016519125856095925,-3.1214132999789895e-05,1,-0.0022307068065688935
4.407,0.18413369999999998,-0.24701580000000004,9.7971489,-0.009738399072473314,0,0.0011232616212719637,0.0,1,-0.002230956519632892
4.422,0.1661814,-0.23347800000000002,9.788123700000002,-0.009956815750470582,0,-0.014561111866484877,0.0,1,-0.002230956519632892
4.438,0.1661814,-0.24701580000000004,9.830012400000001,-0.009140599005768024,0,0.051013546543909834,0.0,1,-0.002230956519632892
4.454,0.1856052,-0.24701580000000004,9.827069400000001,-0.008407562000360969,0,0.045814812837940935,-0.0001280510129179034,1,-0.0022319809277362352
4.469,0.1646118,-0.2544714,9.827069400000001,-0.007696885850521085,0,0.0473784099893238,0.0,1,-0.0022329413103331195
4.485,0.1646118,-0.2694807,9.848062800000001,-0.00648201834586537,0,0.07592921904098208,0.0,1,-0.0022329413103331195
4.5,0.1466595,-0.2694807,9.8046045,-0.0063631403751927,0,0.007925198044844874,0.0,1,-0.0022329413103331195
4.532,0.18266220000000002,-0.23200650000000003,9.8076456,-0.006181645791889068,0,0.005671705728238491,-0.0001593208744518522,1,-0.002235490444324349
4.547,0.17069399999999998,-0.23200650000000003,9.8120601,-0.005902209744808928,0,0.01862906980534302,0.0,1,-0.002236685350882738
4.579,0.1107549,-0.287433,9.743193900000001,-0.00729361038347065,0,-0.04348126995817876,0.0,1,-0.002236685350882738
4.594,0.1107549,-0.24397470000000002,9.7536906,-0.00842404714108902,0,-0.07536245050788844,-7.896534446375988e-05,1,-0.0022372775909662163
4.61,0.2290635,-0.24397470000000002,9.8120601,-0.008053855741172455,0,0.02313696249478523,0.0,1,-0.002237909313721926
4.625,0.1392039,-0.2754648,9.8120601,-0.007713481854366933,0,0.022691592453702007,0.0,1,-0.002237909313721926
4.641,0.1392039,-0.2694807,9.7926363,-0.007858985397547258,0,-0.009093971448770324,0.0,1,-0.002237909313721926
4.657,0.1586277,-0.2694807,9.8136297,-0.00748196549155189,0,0.023563744124710496,-7.635094461650241e-05,1,-0.0022385201212788584
4.672,0.1377324,-0.2484873,9.8136297,-0.007135339361804327,0,0.023108408649837996,0.0,1,-0.002239092753363482
4.704,0.1377324,-0.258984,9.8165727,-0.006718802505274013,0,0.013016776766572301,0.0,1,-0.002239092753363482
4.719,0.18266220000000002,-0.2754648,9.7956774,-0.006792966307827442,0,-0.004944253503561718,-8.985266988188051e-06,1,-0.0022391601428658936
4.735,0.1631403,-0.2499588,9.830012400000001,-0.006053344849421549,0,0.046226341150368236,0.0,1,-0.002239232025001799
4.75,0.1631403,-0.261927,9.843550200000001,-0.0049941383042853005,0,0.07061376967575142,0.0,1,-0.002239232025001799
4.766,0.1915893,-0.261927,9.7866522,-0.005335268155787887,0,-0.021320615718911622,0.0,1,-0.002239232025001799
4.782,0.1661814,-0.2843919,9.7866522,-0.005664113903080192,0,-0.020552859205769086,0.0,1,-0.002239232025001799
4.797,0.1661814,-0.3008727,9.843550200000001,-0.004586020789101752,0,0.07187287426523087,0.0,1,-0.002239232025001799
4.829,0.1631403,-0.3008727,9.7342668,-0.0061992836541087115,0,-0.05041446453146743,-0.00011468306933324138,1,-0.002241066954111131
4.844,0.18413369999999998,-0.2365191,9.8464932,-0.005071425035843902,0,0.07519057455098448,0.0,1,-0.0022419270771311304
4.86,0.18266220000000002,-0.2365191,9.7732125,-0.005758248703923385,0,-0.042926479254967696,0.0,1,-0.0022419270771311304
4.875,0.16019730000000001,-0.24103170000000002,9.7732125,-0.006435239434516404,0,-0.04513271537286889,0.0,1,-0.0022419270771311304
4.907,0.20355750000000003,-0.2230794,9.7851807,-0.006794669730616931,0,-0.011232196753141455,-8.898048210645784e-05,1,-0.0022433507648448336
4.938,0.15568469999999998,-0.2230794,9.803133,-0.006729065535468592,0,0.0021162643596238538,0.0,1,-0.0022447299623174835
4.954,0.145188,-0.2649681,9.8225568,-0.006170040657941911,0,0.034939054845417566,0.0,1,-0.0022447299623174835
4.969,0.16019730000000001,-0.2649681,9.776155500000002,-0.006750137026987346,0,-0.03867309126969422,0.0,1,-0.0022447299623174835
4.985,0.16912439999999998,-0.24103170000000002,9.776155500000002,-0.007327520628530593,0,-0.03608647509645287,-0.00011131382215917932,1,-0.002245620472894757
5.0,0.16912439999999998,-0.2724237,9.7926363,-0.007468969962445726,0,-0.009429955594342433,0.0,1,-0.0022464553265609507
5.016,0.16912439999999998,-0.2724237,9.806076000000001,-0.007279347099419908,0,0.011851428939113607,0.0,1,-0.0022464553265609507
5.047,0.15421320000000002,-0.2604555,9.7926363,-0.007435910796431244,0,-0.005050441839075404,-6.836053547211798e-05,1,-0.0022475149148607687
5.063,0.16019730000000001,-0.2724237,9.7926363,-0.00757837568247588,0,-0.008904055377789702,0.0,1,-0.0022480617991445457
5.079,0.16019730000000001,-0.2499588,9.8120601,-0.007258438935636491,0,0.01999604667746178,0.0,1,-0.0022480617991445457
5.094,0.1796211,-0.2499588,9.8584614,-0.005806920573654395,0,0.09676789079880273,0.0,1,-0.0022480617991445457
5.11,0.1571562,-0.2575125,9.8584614,-0.004395419928769684,0,0.08821879030529436,0.0,1,-0.0022480617991445457
5.125,0.1571562,-0.23347800000000002,9.7941078,-0.004601894041380561,0,-0.013764940840725434,-5.425811936347544e-05,1,-0.0022484687350397717
5.141,0.17510850000000003,-0.23347800000000002,9.746235,-0.005963016851962877,0,-0.08507017566139467,0.0,1,-0.0022489027999946795
5.172,0.1781496,-0.2798793,9.851005800000001,-0.004705885796070675,0,0.040552614706200474,0.0,1,-0.0022489027999946795
5.188,0.15568469999999998,-0.2798793,9.7821396,-0.005167465724710496,0,-0.028848745539988816,0.0,1,-0.0022489027999946795
5.204,0.18109260000000002,-0.2814489,9.831582000000001,-0.004400817691905701,0,0.047915502050299666,0.0,1,-0.0022489027999946795
5.219,0.16912439999999998,-0.31284090000000003,9.831582000000001,-0.003634937668353544,0,0.05105866823680852,-1.994664225586293e-05,1,-0.0022490523998115984
5.25,0.16912439999999998,-0.2754648,9.716314500000001,-0.005724862245800821,0,-0.06741692185313865,0.0,1,-0.0022493615727665643
5.266,0.16166880000000003,-0.2679111,9.716314500000001,-0.0077720557164653314,0,-0.12794959191653177,0.0,1,-0.0022493615727665643
5.282,0.16166880000000003,-0.2604555,9.8405091,-0.006746610316836765,0,0.06409033747678533,0.0,1,-0.0022493615727665643
5.313,0.18864630000000002,-0.2604555,9.8165727,-0.006317972152066531,0,0.013827037573233497,-9.16492411577978e-05,1,-0.00225078213600451
5.329,0.17667810000000003,-0.2529999,9.8165727,-0.005909970674297327,0,0.025500092360575242,0.0,1,-0.0022515153299337725
5.344,0.17667810000000003,-0.2709522,9.7956774,-0.006009605680551644,0,-0.0066423337502875615,0.0,1,-0.0022515153299337725
5.36,0.1466595,-0.2709522,9.827069400000001,-0.00535360663197082,0,0.04099994053630148,0.0,1,-0.0022515153299337725
5.375,0.10928340000000002,-0.2784078,9.7986204,-0.005413948833323801,0,-0.004022813423532143,0.0,1,-0.0022515153299337725
5.391,0.10928340000000002,-0.2529999,9.7552602,-0.006546762187241484,0,-0.07080083461985513,-4.621765908448608e-05,1,-0.002251885071206448
5.407,0.1930608,-0.2529999,9.7447635,-0.00787617674779817,0,-0.08308841003479277,0.0,1,-0.002252254812479124
5.422,0.1796211,-0.2514303,9.7447635,-0.009180421846972209,0,-0.08694967327827116,0.0,1,-0.002252254812479124
5.438,0.1796211,-0.2290635,9.8165727,-0.008715630503459693,0,0.029049458969532236,0.0,1,-0.002252254812479124
5.454,0.18109260000000002,-0.2290635,9.777627,-0.009210989916009993,0,-0.030959963284393738,-7.610704218479272e-05,1,-0.0022528636688166023
5.485,0.1990449,-0.24103170000000002,9.777627,-0.009678745915719489,0,-0.01508890321643507,0.0,1,-0.0022540433279704666
5.5,0.1990449,-0.2604555,9.7058178,-0.011873403728349885,0,-0.14631052084202953,-3.0539069907121325e-05,1,-0.00225427237099477
5.516,0.17510850000000003,-0.2604555,9.746235,-0.013040507479381347,0,-0.0729439844394663,0.0,1,-0.002254516683554027
5.532,0.1571562,-0.23799060000000002,9.6684417,-0.016097189108398524,0,-0.1910426018135734,0.0,1,-0.002254516683554027
5.547,0.16019730000000001,-0.2664396,9.6684417,-0.019060008600089162,0,-0.19752129944604674,-0.00022663091508486402,1,-0.0022562164154171635
5.563,0.16019730000000001,-0.2769363,9.6848244,-0.021544013988673782,0,-0.15525033678653863,-5.14630957949673e-05,1,-0.0022584411675042023
5.594,0.1437165,-0.24544620000000003,9.7268112,-0.02297081250981492,0,-0.04602575874648743,-0.00024144290652155717,1,-0.0022629812105401086
5.61,0.1437165,-0.2634966,9.6744258,-0.02562837995857592,0,-0.16609796554756237,-0.00013023644626868405,1,-0.0022659546453624307
5.625,0.1406754,-0.2634966,9.6848244,-0.0279687146530172,0,-0.15602231296275543,-3.221465585562591e-05,1,-0.002267173028628363
5.641,0.1482291,-0.2679111,9.6848244,-0.03024626889034643,0,-0.14234713983307654,0.0,1,-0.002267430745875208
5.657,0.16912439999999998,-0.2484873,9.6204708,-0.03404139075979451,0,-0.23719511684050487,-0.0005122358014036615,1,-0.0022715286322864373
5.688,0.18266220000000002,-0.2575125,9.5920218,-0.03842563248679731,0,-0.14142715248396276,-0.00113547466172582,1,-0.002297068144464944
5.704,0.1856052,-0.2604555,9.5920218,-0.042699627300704535,0,-0.2671246758692012,-0.0012844767400258346,1,-0.002316427755678957
5.719,0.1856052,-0.2754648,9.5471901,-0.04795195551937681,0,-0.3501552145781384,-0.001464363611176469,1,-0.002337044058312975
5.735,0.1661814,-0.2754648,9.589078800000001,-0.05206380265497046,0,-0.25699044597460285,-0.0017644896765712467,1,-0.002362874884614957
5.75,0.20208600000000002,-0.2738952,9.589078800000001,-0.056059650823080176,0,-0.2663898778739868,-0.002075415577656609,1,-0.002391674174021665
5.766,0.20208600000000002,-0.2514303,9.617527800000001,-0.059279552058121965,1,-0.20124382719011163,-0.0029981292007062255,1,-0.002432262532248568
5.782,0.173637,-0.2514303,9.487251,-0.06561032404281164,1,-0.3956732490431044,-0.003997248209513693,1,-0.002488225551530327
5.797,0.113796,-0.2889045,9.487251,-0.07178277061988325,1,-0.4114964384714495,-0.005027696419483883,1,-0.0025559126362478075
5.813,0.113796,-0.2575125,9.6099741,-0.07483476189787908,1,-0.19074945487473888,-0.006200636679625983,1,-0.0026457393010406866
5.829,0.1946304,-0.2889045,9.5366934,-0.07954508976936836,1,-0.29439549196807996,-0.007435675492963964,1,-0.002754829798421406
5.86,0.1781496,-0.2694807,9.5171715,-0.08463811421672851,1,-0.16429111120516304,-0.009980515154748515,1,-0.0030247807534609546
5.875,0.1781496,-0.2829204,9.4857795,-0.09036259607935371,1,-0.3816321241750213,-0.011293020481969104,1,-0.0031843322707363333
5.891,0.16912439999999998,-0.2829204,9.4962762,-0.09569562056604042,1,-0.3333140304179191,-0.012781486215132254,1,-0.0033769283243131444
5.907,0.17069399999999998,-0.2484873,9.4962762,-0.1009213720286315,1,-0.32660946641194205,-0.014354422155889626,1,-0.00359401559128132
5.938,0.17069399999999998,-0.2604555,9.478323900000001,-0.10644947327332233,1,-0.17832584660293177,-0.01756867025806988,1,-0.004088823523697687
5.954,0.1721655,-0.2604555,9.4183848,-0.11330322575412843,1,-0.42835953005038135,-0.019326691850289485,1,-0.004383986420564562
5.969,0.1721655,-0.2963601,9.4603716,-0.11894054893506123,1,-0.3758215453955055,-0.021068520160458473,1,-0.004686950510645183
5.985,0.15568469999999998,-0.2514303,9.3929769,-0.1261220111978858,1,-0.44884139142653506,-0.023029020641522055,1,-0.005039730837061027
6.0,0.18109260000000002,-0.2514303,9.3959199,-0.13304547064115546,1,-0.4615639628846541,-0.024972776755314827,1,-0.0053997443175372965
6.016,0.17667810000000003,-0.258984,9.3959199,-0.13979711260675032,1,-0.42197762284967816,-0.02715551742129807,1,-0.0058167706709502
6.032,0.17667810000000003,-0.2394621,9.4438908,-0.14522726468675984,1,-0.33938450500059475,-0.029435712439646156,1,-0.0062695005098377535
6.047,0.16166880000000003,-0.2394621,9.3435345,-0.1529780862915171,1,-0.5167214403171619,-0.03167225257198318,1,-0.006727810247424964
6.063,0.2080701,-0.2290635,9.3435345,-0.16052383822764682,1,-0.471609496008107,-0.03418026796813649,1,-0.007254630411745922
6.079,0.2080701,-0.2634966,9.346575600000001,-0.16778929872260484,1,-0.4540912809348759,-0.0368067730637385,1,-0.007822526740000921
6.094,0.1721655,-0.2634966,9.4154418,-0.17321663631073747,1,-0.36182250587549497,-0.03936431757648867,1,-0.008393809919802648
6.11,0.18864630000000002,-0.2350476,9.4154418,-0.178522262380163,1,-0.33160162933909526,-0.042178228766015874,1,-0.009046150290542685
6.125,0.18864630000000002,-0.2604555,9.3795372,-0.18455739498111612,1,-0.40234217339688316,-0.044901326196225416,1,-0.00969924695275948
6.141,0.1317483,-0.2350476,9.280652400000001,-0.19289619941134362,1,-0.5211752768892182,-0.0479209549513651,1,-0.010441825201940206
6.157,0.1870767,-0.2350476,9.3510882,-0.1992913957906719,1,-0.39969977370801735,-0.05105845571298123,1,-0.011233660487254977
6.172,0.1511721,-0.2798793,9.3510882,-0.20551635181846706,1,-0.4149970685196861,-0.054094513820049706,1,-0.012022307758752692
6.188,0.1511721,-0.2634966,9.282222,-0.21327985386377968,1,-0.4852188778320383,-0.057444883465507676,1,-0.012914622937037152
6.219,0.1406754,-0.2634966,9.3360789,-0.21954511761892803,1,-0.20210528242413664,-0.06415367052348978,1,-0.014799400523866647
6.235,0.1990449,-0.2604555,9.3360789,-0.22563376308318972,1,-0.3805403415163552,-0.06771510156910672,1,-0.01585435070060742
6.25,0.1990449,-0.2544714,9.33912,-0.2315037987430415,1,-0.3913357106567937,-0.07114363328280338,1,-0.016895791211996723
6.266,0.18109260000000002,-0.2544714,9.223852500000001,-0.2400493808836437,1,-0.5340988837876366,-0.07491605871981685,1,-0.018064268748017684
6.282,0.16019730000000001,-0.2604555,9.2342511,-0.24813840048652658,1,-0.5055637251801799,-0.07882156097077822,1,-0.019294169705542444
6.313,0.2065986,-0.261927,9.2717253,-0.25509323739691325,1,-0.22434957775441108,-0.08662165135797145,1,-0.02185853949663804
6.329,0.16166880000000003,-0.261927,9.2432763,-0.2625936891661276,1,-0.4687782355758947,-0.09076314677047578,1,-0.02327761788166562
6.344,0.173637,-0.2544714,9.2432763,-0.2699109882223407,1,-0.4878199370808578,-0.09475693185088946,1,-0.02466901847132591
6.36,0.173637,-0.2514303,9.196875,-0.2781829633028341,1,-0.5169984425308356,-0.09914168346309085,1,-0.026220207393837753
6.375,0.1466595,-0.2514303,9.1564578,-0.2872499244584059,1,-0.6044640770381341,-0.10338243012130005,1,-0.027739138245720652
6.391,0.21258269999999999,-0.258984,9.1564578,-0.29605908509496714,1,-0.5505725397850765,-0.10804890219772703,1,-0.02943058890427287
6.407,0.21258269999999999,-0.2514303,9.199916100000001,-0.30359924263655635,1,-0.47125984634932516,-0.11284616881957923,1,-0.031197749472411322
6.422,0.1870767,-0.2679111,9.2492604,-0.3097548940971748,1,-0.41037676404124024,-0.1174463248450821,1,-0.03292494317489625
6.454,0.1870767,-0.2425032,9.162441900000001,-0.31789385011874316,1,-0.2543423756740102,-0.1274887047525368,1,-0.03684390364845815
6.469,0.1437165,-0.2814489,9.2298366,-0.32418342719567583,1,-0.41930513846216233,-0.1323042843323951,1,-0.03879235106659522
6.485,0.1511721,-0.2814489,9.1863783,-0.3313760179002596,1,-0.4495369190364858,-0.1375487598931626,1,-0.04095117542039968
6.5,0.16765290000000002,-0.3083283,9.1863783,-0.3383651777661889,1,-0.46594399106196294,-0.14257181886066084,1,-0.04305207976105331
6.516,0.16765290000000002,-0.2738952,9.1938339,-0.3450287333572639,1,-0.41647222444218773,-0.14803897014964845,1,-0.04537696607313579
6.532,0.18864630000000002,-0.2738952,9.1564578,-0.35243086165634985,1,-0.46263301869287027,-0.15361864690975738,1,-0.04779022700961104
6.563,0.1661814,-0.2604555,9.2103147,-0.3583597789389845,1,-0.19125539621402354,-0.16463590183898497,1,-0.05272317251521649
6.579,0.17667810000000003,-0.2604555,9.2043306,-0.36428519448336516,1,-0.37033847152378974,-0.17041706162636377,1,-0.055403596222939284
6.594,0.17510850000000003,-0.2604555,9.2043306,-0.3700668188519547,1,-0.38544162457262093,-0.1759247017263789,1,-0.058001159448084955
6.61,0.17510850000000003,-0.2544714,9.211884300000001,-0.3755273752659658,1,-0.341284775875694,-0.18188945527932227,1,-0.06086367270413057
6.625,0.1646118,-0.261927,9.1983465,-0.38118437539564276,1,-0.377133341978472,-0.1875647934092842,1,-0.06363457956929505
6.657,0.1571562,-0.261927,9.195403500000001,-0.3867783196144057,1,-0.1748107568363409,-0.19985219652944497,1,-0.06983325140831473
6.672,0.18109260000000002,-0.2814489,9.190890900000001,-0.392321025909391,1,-0.3695137529990294,-0.20569544162087333,1,-0.07287485869444205
6.688,0.19757340000000004,-0.2814489,9.162441900000001,-0.3984136606486324,1,-0.38078967120258567,-0.21202131911333755,1,-0.07621659278031574
6.704,0.1796211,-0.2514303,9.162441900000001,-0.40438797898919887,1,-0.3733948962854058,-0.21844373223044022,1,-0.07966031319106597
6.719,0.1796211,-0.24701580000000004,9.1758816,-0.4098918934372229,1,-0.3669276298682531,-0.22455083127363862,1,-0.08298277241734668
6.735,0.1511721,-0.24701580000000004,9.1774512,-0.4152358028713312,1,-0.333994339631771,-0.23115185284410705,1,-0.08662839389028865
6.75,0.1856052,-0.2664396,9.1774512,-0.42042072724278157,1,-0.34566162476336404,-0.23741927681996278,1,-0.0901426773627691
6.766,0.1856052,-0.2649681,9.202859100000001,-0.4248609072045806,1,-0.2775112476124384,-0.2441815298955417,1,-0.09399548381649314
6.782,0.18413369999999998,-0.2709522,9.240333300000001,-0.42827583486197796,1,-0.21343297858733548,-0.25100662383207417,1,-0.09795698904631407
6.797,0.1646118,-0.2709522,9.2162988,-0.4322023130554786,1,-0.26176521290005034,-0.25746020994145496,1,-0.10177049029961546
6.829,0.16166880000000003,-0.24701580000000004,9.2162988,-0.43605068991103124,1,-0.12026177673601912,-0.27135225798891915,1,-0.11023148978650145
6.844,0.16166880000000003,-0.2889045,9.2208114,-0.43966552379180257,1,-0.24098892538474612,-0.27792012959169066,1,-0.11435103269335618
6.86,0.142245,-0.2889045,9.2013876,-0.4436734553816226,1,-0.25049572436375267,-0.2849868414250781,1,-0.11885428846149033
6.875,0.1392039,-0.2738952,9.2013876,-0.44759595532170415,1,-0.2614999960054413,-0.2916713620053529,1,-0.12317922498721848
6.891,0.1930608,-0.2889045,9.2088432,-0.4512061796847693,1,-0.22563902269157035,-0.2988617790854047,1,-0.12790349011594454
6.922,0.1796211,-0.2649681,9.2088432,-0.4547525238558645,1,-0.11439819906758913,-0.31290413899028435,1,-0.13738586184611762
6.938,0.1796211,-0.2738952,9.183435300000001,-0.45882531749275124,1,-0.25454960230542034,-0.32021276172107327,1,-0.1424507970518085
6.954,0.17510850000000003,-0.2738952,9.2597571,-0.4609405474032773,1,-0.13220186940787737,-0.32757088864024153,1,-0.14763306625469902
6.969,0.145188,-0.2365191,9.178922700000001,-0.46501259052889665,1,-0.27146954170794796,-0.3345155371747331,1,-0.15259871444831152
6.985,0.17667810000000003,-0.23799060000000002,9.178922700000001,-0.468970928724584,1,-0.24739613723045983,-0.34198740532876093,1,-0.15801073798833948
7.0,0.17667810000000003,-0.2215098,9.2162988,-0.47193159853453537,1,-0.19737798733009454,-0.34904417428320417,1,-0.1631934748354291
7.016,0.1377324,-0.2215098,9.235820700000001,-0.47436029874658736,1,-0.15179376325324942,-0.3566145094614532,1,-0.16883874430538637
7.032,0.1631403,-0.23053500000000002,9.235820700000001,-0.47671428807028526,1,-0.14712433273111877,-0.3642231061559882,1,-0.1746054452303259
7.047,0.1631403,-0.2140542,9.2267955,-0.47924056697364925,1,-0.16841859355760277,-0.37139276756881756,1,-0.18012256428326182
7.063,0.16166880000000003,-0.2140542,9.1894194,-0.4826170863911834,1,-0.2110324635958836,-0.3790876287957362,1,-0.18612640745417824
7.079,0.1781496,-0.2425032,9.1894194,-0.48588659428378733,1,-0.20434424328774606,-0.38683565824113597,1,-0.19225379375047322
7.094,0.1781496,-0.20355750000000003,9.2043306,-0.48873587060251467,1,-0.18995175458181507,-0.3941453267277835,1,-0.19811115113774033
7.11,0.1631403,-0.20355750000000003,9.2148273,-0.49126652211944766,1,-0.15816571980831182,-0.40198534586955925,1,-0.2044801965185191
7.125,0.1586277,-0.2754648,9.2447478,-0.4929624722936037,1,-0.11306334494373738,-0.409367063327657,1,-0.2105653395874981
7.157,0.1586277,-0.287433,9.2043306,-0.49559333801103556,1,-0.08221455366974599,-0.42518395629253125,1,-0.2239181559014211
7.172,0.1946304,-0.287433,9.2791809,-0.49631886618872834,1,-0.04836854517951971,-0.4326232978240293,1,-0.23035171030729518
7.188,0.15421320000000002,-0.2394621,9.2791809,-0.49707841659420815,1,-0.04747190034248834,-0.4405704760862928,1,-0.23733726049857776
7.204,0.15421320000000002,-0.21258269999999999,9.211884300000001,-0.4994761220893711,1,-0.1498565934476835,-0.4485429123957619,1,-0.2444501676064342
7.219,0.1631403,-0.21258269999999999,9.2208114,-0.5015939558260154,1,-0.1411889157762823,-0.4560509379801284,1,-0.25123462148425363
7.235,0.16912439999999998,-0.2754648,9.2208114,-0.503616939010449,1,-0.12643644902710072,-0.464092625138821,1,-0.25859576998920525
7.25,0.16912439999999998,-0.2514303,9.1758816,-0.506702574636174,1,-0.20570904171500087,-0.4716700214911714,1,-0.26561398983893003
7.266,0.22455090000000003,-0.2544714,9.2133558,-0.5087685425721276,1,-0.12912299599709953,-0.4797937904288387,1,-0.2732257003342901
7.282,0.19757340000000004,-0.2544714,9.2059002,-0.5109809174480429,1,-0.13827342974470624,-0.487951786109001,1,-0.2809676649465928
7.297,0.17667810000000003,-0.2829204,9.2059002,-0.5131294451034876,1,-0.14323517702965036,-0.4956326138281382,1,-0.2883445479461212
7.329,0.17667810000000003,-0.2575125,9.2298366,-0.5146602684883295,1,-0.04783823077630918,-0.5120772492456078,1,-0.30446790575530114
7.344,0.173637,-0.2575125,9.252301500000002,-0.5156075463331042,1,-0.0631518563183159,-0.5198042578567689,1,-0.31220701705856924
7.36,0.1796211,-0.2889045,9.1923624,-0.5179672760066296,1,-0.14748310459533606,-0.5280728564354867,1,-0.3205900339729073
7.375,0.18266220000000002,-0.2889045,9.235820700000001,-0.5192087606975875,1,-0.0827656460638592,-0.5358516767107682,1,-0.32856946797150405
7.391,0.1930608,-0.2694807,9.235820700000001,-0.5204291215153827,1,-0.0762725511121997,-0.5441687797684719,1,-0.33720963162333795
7.407,0.1930608,-0.2769363,9.1849068,-0.5228553108845144,1,-0.15163683557073412,-0.5525150552276711,1,-0.3459831023033071
7.422,0.08829,-0.2604555,9.2987028,-0.5224989096231827,1,0.023760084088783186,-0.5603552118814786,1,-0.35432962930662554
7.438,0.20208600000000002,-0.2604555,9.1863783,-0.5248457687791444,1,-0.14667869724760405,-0.5687339693086972,1,-0.3633623427561469
7.454,0.10182780000000001,-0.2754648,9.1863783,-0.5271651413884264,1,-0.14496078808012833,-0.5771500565900378,1,-0.3725294149633368
7.469,0.10182780000000001,-0.287433,9.2133558,-0.5287613786752221,1,-0.10641581911970921,-0.5850695054905155,1,-0.38124606167894126
7.5,0.18864630000000002,-0.287433,9.223852500000001,-0.5300294847524576,1,-0.040906647652758046,-0.6014807638736444,1,-0.39963759085408557
7.516,0.1870767,-0.23053500000000002,9.223852500000001,-0.531306381956437,1,-0.07980607524871168,-0.6099714508073155,1,-0.40932920857153327
7.532,0.1870767,-0.24397470000000002,9.190890900000001,-0.5333472019337222,1,-0.1275512485803264,-0.6184886794784368,1,-0.4191568896138193
7.547,0.1571562,-0.24397470000000002,9.145961100000001,-0.536447205063892,1,-0.20666687534465653,-0.6265121375309187,1,-0.42849439574138926
7.563,0.1990449,-0.2769363,9.2372922,-0.5372027784103572,1,-0.04722333415407838,-0.6351013373987128,1,-0.4385873035408263
7.579,0.23053500000000002,-0.2604555,9.1594989,-0.5398298033753051,1,-0.16418906030923872,-0.6437175980529981,1,-0.44881785502444
7.594,0.04041720000000001,-0.2604555,9.2387637,-0.5405288060603777,1,-0.04660017900483916,-0.651820287623766,1,-0.4585343891670161
7.625,0.2274939,-0.2918475,9.2387637,-0.5411217696931043,1,-0.019127859120214728,-0.6685858715479448,1,-0.47900068463417744
7.641,0.2274939,-0.2499588,9.211884300000001,-0.5423853623949757,1,-0.07897454386696083,-0.6772539286046495,1,-0.48976740303539823
7.657,0.16166880000000003,-0.2499588,9.2327796,-0.5431426518922589,1,-0.04733059358019705,-0.6859381527189474,1,-0.500672939685987
7.672,0.1661814,-0.2814489,9.2327796,-0.5438574273295309,1,-0.047651695818137864,-0.6940906533131107,1,-0.5110231557312273
7.688,0.1661814,-0.2484873,9.1803942,-0.5458548476579868,1,-0.12483877052849024,-0.7028083515130109,1,-0.5221983477698362
7.704,0.21101310000000004,-0.2484873,9.178922700000001,-0.5478169676815519,1,-0.12263250147281901,-0.7115577260357272,1,-0.5335132763902262
7.719,0.1332198,-0.2604555,9.178922700000001,-0.5497587014196554,1,-0.12944891587356705,-0.7197895435539866,1,-0.5442483809121494
7.75,0.23053500000000002,-0.23200650000000003,9.1894194,-0.55136881993913,1,-0.05193930707982529,-0.7368570201350476,1,-0.5668264026493293
7.766,0.18864630000000002,-0.23200650000000003,9.2298366,-0.5519776897695969,1,-0.03805436440418305,-0.7456837922127174,1,-0.5786867291481114
7.782,0.20954160000000002,-0.2604555,9.2298366,-0.5525422221152247,1,-0.03528327160173813,-0.7545199515077959,1,-0.5906883590978755
7.797,0.20954160000000002,-0.2350476,9.207371700000001,-0.5536572145179051,1,-0.07433282684535591,-0.7628164472825443,1,-0.6020683820888029
7.813,0.1437165,-0.2350476,9.211884300000001,-0.5546657807199082,1,-0.06303538762519872,-0.7716830312444468,1,-0.6143443779170188
7.829,0.16019730000000001,-0.2604555,9.211884300000001,-0.5556264617348621,1,-0.060042563434614615,-0.780565369184085,1,-0.626762365120447
7.844,0.16019730000000001,-0.2544714,9.2298366,-0.5561301602239155,1,-0.033579899270225776,-0.7889035438487761,1,-0.638533381968194
7.86,0.1406754,-0.2544714,9.168426,-0.5581264018840066,1,-0.12476510375569727,-0.7978175963456395,1,-0.6512271510897493
7.875,0.1721655,-0.2889045,9.168426,-0.5600359867549844,1,-0.12730565806519,-0.8062038142604318,1,-0.6632573116692946
7.907,0.19011780000000003,-0.2425032,9.166954500000001,-0.5619589987252649,1,-0.060094124071263744,-0.8241557340281157,1,-0.6893430644419114
7.922,0.16912439999999998,-0.2425032,9.1175121,-0.5650504176302285,1,-0.2060945936642418,-0.8326083046507817,1,-0.7017687947320028
7.938,0.18266220000000002,-0.2664396,9.1175121,-0.5680437847952664,1,-0.18708544781487185,-0.8416730582701857,1,-0.7151630456353706
7.954,0.18266220000000002,-0.2798793,9.2552445,-0.5675972228997921,1,0.027910118467144838,-0.8507581863317462,1,-0.728702495592186
7.969,0.16912439999999998,-0.2798793,9.1564578,-0.5695757369079448,1,-0.13190093387684454,-0.8592869835303045,1,-0.7415278343661519
7.985,0.20208600000000002,-0.2754648,9.1564578,-0.571492972075486,1,-0.11982719797132269,-0.868415533202172,1,-0.7553494545000117
8.0,0.20208600000000002,-0.3083283,9.1609704,-0.5732279378915877,1,-0.11566438774011337,-0.8770009400269249,1,-0.7684400780492296
8.032,0.11821050000000001,-0.3083283,9.1878498,-0.5743011533615778,1,-0.033537983437192914,-0.8953614054869755,1,-0.7967978755774521
8.047,0.142245,-0.2215098,9.137034,-0.5766398105790262,1,-0.1559104811632217,-0.9039934627165304,1,-0.8102930370889789
8.079,0.142245,-0.2604555,9.2133558,-0.5770358520387848,1,-0.012376295617455558,-0.9224522733184154,1,-0.839516168865538
8.094,0.1362609,-0.2604555,9.2059002,-0.5776061901480656,1,-0.03802254061872004,-0.9311120886348161,1,-0.8534179015801862
8.11,0.261927,-0.21101310000000004,9.196875,-0.578347211287813,1,-0.04631382123421175,-0.9403597158463032,1,-0.8683896760160351
8.125,0.1482291,-0.21101310000000004,9.235820700000001,-0.5781824392912878,1,0.010984799768346496,-0.9490336882256467,1,-0.8825601265465752
8.141,0.2200383,-0.2694807,9.235820700000001,-0.5779497124389241,1,0.014545428272727522,-0.9582827454394884,1,-0.8978186580158963
8.157,0.2200383,-0.261927,9.1803942,-0.579078892345068,1,-0.0705737441339948,-0.9675389742777605,1,-0.9132252317736343
8.188,0.1915893,-0.261927,9.2432763,-0.5786633180394833,1,0.013405622760796468,-0.9854839785387213,1,-0.9434970875422903
8.204,0.173637,-0.2724237,9.2432763,-0.5782591293183525,1,0.025261795070674588,-0.9947393581175841,1,-0.9593388742355408
8.219,0.18109260000000002,-0.23200650000000003,9.195403500000001,-0.5790552296784952,1,-0.05307335734284826,-1.0034192158100597,1,-0.9743250635399969
8.235,0.18109260000000002,-0.2738952,9.301645800000001,-0.5772141804289248,1,0.11506557809815011,-1.012669371090919,1,-0.9904537722352048
8.25,0.19011780000000003,-0.2544714,9.1609704,-0.5788561700382466,1,-0.10946597395478422,-1.021339898719423,1,-1.005708841758783
8.266,0.19011780000000003,-0.2604555,9.2672127,-0.5778643215211972,1,0.061990532315592206,-1.0305936626518986,1,-1.0221243102497535
8.282,0.17510850000000003,-0.2604555,9.207371700000001,-0.5783625687853746,1,-0.03114045401109153,-1.039843477774351,1,-1.0386878073731636
8.297,0.16019730000000001,-0.2769363,9.207371700000001,-0.5788435583400151,1,-0.032065970309364616,-1.0485225237277918,1,-1.0543505523844303
8.313,0.16019730000000001,-0.2394621,9.2702538,-0.5778054690191201,1,0.06488058255593726,-1.0577757159466648,1,-1.071200938301826
8.329,0.18266220000000002,-0.2394621,9.225324,-0.577877839688183,1,-0.004523166816428055,-1.0670211824163232,1,-1.0881993134887298
8.344,0.1946304,-0.2604555,9.225324,-0.5779286140298208,1,-0.00338495610918726,-1.0756897308192075,1,-1.104269645337995
8.36,0.16019730000000001,-0.3248091,9.2043306,-0.5784561748784309,1,-0.03297255303813526,-1.0849408091304735,1,-1.1215546896575925
8.391,0.16019730000000001,-0.2350476,9.268684200000001,-0.5774685531678134,1,0.03185876485862854,-1.1028576424151906,1,-1.155465565656551
8.407,0.1930608,-0.2350476,9.199916100000001,-0.5781661142939605,1,-0.04359757038419061,-1.1121027197548847,1,-1.1731852485539116
8.422,0.1781496,-0.2514303,9.199916100000001,-0.5788434362514572,1,-0.045154797166445056,-1.1207802913839757,1,-1.1899318711374536
8.438,0.1781496,-0.2679111,9.253773,-0.5781801139814355,1,0.041457641876352334,-1.1300364797858389,1,-1.207938405306812
8.454,0.1915893,-0.2679111,9.145961100000001,-0.5801543005990393,1,-0.12338666360023332,-1.1393031551024826,1,-1.2260931223859186
8.469,0.1631403,-0.2769363,9.145961100000001,-0.5820872313749224,1,-0.12886205172554901,-1.1480199665922866,1,-1.243248045798628
8.485,0.1631403,-0.2994012,9.2178684,-0.5822031363546518,1,-0.007244061233091508,-1.1573342895341232,1,-1.2616908798476392
8.5,0.17667810000000003,-0.2994012,9.289677600000001,-0.5805599231134391,1,0.1095475494141791,-1.1660550124801343,1,-1.2791162996127468
8.516,0.1002582,-0.3039138,9.289677600000001,-0.57898098111934,1,0.09868387463118902,-1.1753313397139966,1,-1.2978473904302998
8.532,0.17069399999999998,-0.2604555,9.178922700000001,-0.5801474938243807,1,-0.07290704406504027,-1.1846043675135465,1,-1.3167268760881201
8.547,0.17069399999999998,-0.2544714,9.1474326,-0.5820572687420711,1,-0.12731832784602176,-1.1933209032327952,1,-1.3345613156187184
8.563,0.20355750000000003,-0.2544714,9.235820700000001,-0.5817496228477204,1,0.01922786839692046,-1.2026313583655135,1,-1.3537289337115048
8.594,0.145188,-0.2829204,9.235820700000001,-0.5814561681062305,1,0.009466281983545391,-1.220661048125299,1,-1.391289966012111
8.61,0.1990449,-0.2858634,9.165483,-0.5828575237521196,1,-0.08758472786807295,-1.2299755576601659,1,-1.4108950588583946
8.625,0.15568469999999998,-0.261927,9.165483,-0.5842625875439804,1,-0.09367091945738201,-1.2387289584948868,1,-1.4294103427295581
8.641,0.15568469999999998,-0.2724237,9.1894194,-0.5850424490738675,1,-0.048741345617941925,-1.2480833987878297,1,-1.4493048415878198
8.657,0.1511721,-0.2724237,9.2013876,-0.5855133862593025,1,-0.029433574089687803,-1.2574478454704952,1,-1.4693490915418863
8.672,0.1406754,-0.2514303,9.2013876,-0.5859914629969083,1,-0.031871782507052374,-1.266234131839917,1,-1.488276706371715
8.704,0.19011780000000003,-0.23200650000000003,9.0921042,-0.5891126695498645,1,-0.09753770477988191,-1.2850357979606655,1,-1.5290970252485243
8.719,0.19011780000000003,-0.2260224,9.1729386,-0.5901908829769926,1,-0.07188089514187947,-1.2938805746046163,1,-1.5484388980427624
8.735,0.1946304,-0.2260224,9.2657412,-0.5889781971464583,1,0.0757928644083971,-1.3033139272456038,1,-1.5692164540575642
8.75,0.1032993,-0.24701580000000004,9.1040724,-0.5917592879674736,1,-0.18540605473434613,-1.3121694583839587,1,-1.5888325794497866
8.766,0.1212516,-0.24701580000000004,9.2702538,-0.5904157619210562,1,0.08397037790108801,-1.3216268587830668,1,-1.609902949987123
8.782,0.20954160000000002,-0.2514303,9.2702538,-0.589063711658131,1,0.08450314143282338,-1.3310626945717003,1,-1.631124466413961
8.797,0.20954160000000002,-0.2604555,9.1474326,-0.5907322318107848,1,-0.11123467684358516,-1.3399111641477175,1,-1.6511567703543575
8.813,0.1930608,-0.2604555,9.174410100000001,-0.5917113203761595,1,-0.061193035335915746,-1.349370712565213,1,-1.672671025368061
8.829,0.1362609,-0.3053853,9.285165000000001,-0.5899580372985245,1,0.10958019235218765,-1.3588240674266105,1,-1.6943365836079955
8.844,0.11673900000000001,-0.2948886,9.285165000000001,-0.5882622706506151,1,0.11305110986063445,-1.3676607197362285,1,-1.7147852195117153
8.875,0.11673900000000001,-0.3202965,9.247788900000002,-0.5874983438081873,1,0.024642801368637102,-1.3858850092603403,1,-1.7574651783111628
8.891,0.1930608,-0.3202965,9.2178684,-0.5874510628670446,1,0.002955058821418885,-1.3952846045137421,1,-1.7797145352213555
8.907,0.1526436,-0.2694807,9.2178684,-0.5874630300702748,1,-0.0007479502018847832,-1.4046839172572407,1,-1.8021142833955233
8.922,0.1526436,-0.24103170000000002,9.2043306,-0.5878239418395612,1,-0.02406078461909453,-1.413498569546565,1,-1.8232506520465526
8.938,0.1946304,-0.24103170000000002,9.1564578,-0.5893237072238087,1,-0.09373533651546576,-1.422915750739072,1,-1.8459419666088377
8.954,0.16912439999999998,-0.2006145,9.1923624,-0.5899476419599576,1,-0.03899592100931045,-1.4323499215325421,1,-1.8687840919870107
8.969,0.16166880000000003,-0.2006145,9.2387637,-0.5894283323854168,1,0.0346206383027246,-1.4411952413401317,1,-1.890335680708554
9.0,0.17510850000000003,-0.2754648,9.2088432,-0.5895980153632188,1,-0.005473644445224247,-1.4594701497302358,1,-1.9352959942701455
9.016,0.15568469999999998,-0.24103170000000002,9.2088432,-0.5897956025895326,1,-0.012349201644612496,-1.4689052986738578,1,-1.9587229978573784
9.032,0.15568469999999998,-0.2634966,9.1803942,-0.590666862700779,1,-0.054453756952899064,-1.4783489983961802,1,-1.9823010322339387
9.047,0.1317483,-0.2634966,9.2657412,-0.5894454340962216,1,0.08142857363715142,-1.487199840622158,1,-2.004542648526577
9.063,0.16912439999999998,-0.2664396,9.2657412,-0.5882369521825161,1,0.07553011960659266,-1.496621299712388,1,-2.0284132176492538
9.079,0.16912439999999998,-0.2514303,9.2148273,-0.5883093052681101,1,-0.0045220678496216095,-1.506033669771993,1,-2.0524344574051288
9.11,0.1870767,-0.2484873,9.168426,-0.5895044731591472,1,-0.0385538029366831,-1.5242897833376148,1,-2.099404470928326
9.125,0.1870767,-0.2664396,9.1938339,-0.5900388865687383,1,-0.03562756063940126,-1.5331363585355742,1,-2.1223351669923756
9.157,0.1437165,-0.24103170000000002,9.2088432,-0.5902304638844651,1,-0.005986791116463492,-1.5520206681428255,1,-2.17169767941923
9.172,0.16019730000000001,-0.2843919,9.2088432,-0.5903805852139055,1,-0.010008088629357417,-1.5608752510110635,1,-2.195044398812885
9.188,0.16019730000000001,-0.2499588,9.139977,-0.5922301816589179,1,-0.11559977781327992,-1.570336137146046,1,-2.220094089918142
9.204,0.2709522,-0.2499588,9.2342511,-0.591673475698574,1,0.03479412252149758,-1.579807366404906,1,-2.2452952379465496
9.219,0.113796,-0.258984,9.2342511,-0.5912040884060463,1,0.031292486168512955,-1.5886789481356898,1,-2.269058885305602
9.235,0.113796,-0.2769363,9.199916100000001,-0.5915704475626544,1,-0.022897447288006113,-1.5981411444234395,1,-2.294553446046075
9.25,0.18266220000000002,-0.2769363,9.247788900000002,-0.5907339495632744,1,0.05576653329199887,-1.6070084274018843,1,-2.3185920678347656
9.266,0.173637,-0.2694807,9.247788900000002,-0.589927460742496,1,0.050405551298648946,-1.6164537186843304,1,-2.3443797650034552
9.282,0.173637,-0.2858634,9.211884300000001,-0.5900037997944398,1,-0.004771190746488681,-1.625893168768626,1,-2.370318540103079
9.297,0.1497006,-0.24544620000000003,9.139977,-0.591869905443172,1,-0.12440704324880397,-1.6347572215579085,1,-2.3947734180305287
9.313,0.19757340000000004,-0.24544620000000003,9.1729386,-0.5928648604186826,1,-0.06218468596941301,-1.6442350996848034,1,-2.4210053566004706
9.329,0.13469129999999999,-0.287433,9.1729386,-0.593833581237865,1,-0.060545051198901356,-1.6537286872180559,1,-2.4473890668956932
9.344,0.13469129999999999,-0.24397470000000002,9.1490022,-0.5953929059552188,1,-0.10395498115692574,-1.6626478858720033,1,-2.4722618911938667
9.36,0.18109260000000002,-0.24397470000000002,9.190890900000001,-0.5958735616767097,1,-0.030040982593182414,-1.6721780176130587,1,-2.498940498421747
9.391,0.1511721,-0.3023442,9.190890900000001,-0.5963133912677527,1,-0.014188051323969105,-1.6906569153836983,1,-2.5510644398831976
9.407,0.1511721,-0.2918475,9.1564578,-0.5975900568241315,1,-0.07979159727367062,-1.7002081429684335,1,-2.5781913603500146
9.422,0.20954160000000002,-0.2918475,9.2222829,-0.5972032975629222,1,0.02578395074728137,-1.7091690931263368,1,-2.6037616896207263
9.438,0.1915893,-0.2394621,9.2222829,-0.5968722685632031,1,0.02068931248244697,-1.7187216976553459,1,-2.63118481594698
9.454,0.1915893,-0.2829204,9.2222829,-0.5965193121378789,1,0.022059776582761238,-1.7282688303009546,1,-2.6587607401706306
9.469,0.21258269999999999,-0.261927,9.2222829,-0.5961788670102912,1,0.02269634183918084,-1.7372140666445652,1,-2.6847518618977197
9.485,0.1646118,-0.2514303,9.1923624,-0.5966071394112902,1,-0.0267670250624352,-1.746756354695938,1,-2.712623625268444
9.5,0.1646118,-0.2604555,9.1849068,-0.5972005822661917,1,-0.03956285699343067,-1.7557099126085194,1,-2.7388921222732283
9.516,0.1406754,-0.2604555,9.2372922,-0.5965122146601534,1,0.043022975377393594,-1.7652596149839301,1,-2.767059878493968
9.532,0.1377324,-0.2889045,9.2372922,-0.595821095953367,1,0.04319491917414982,-1.7747982814688383,1,-2.7953803416655902
9.547,0.1377324,-0.258984,9.178922700000001,-0.5965913886488128,1,-0.051352846363052575,-1.783741375103355,1,-2.822069389089883
9.579,0.1870767,-0.258984,9.2178684,-0.5963722887963865,1,0.0068468703883217625,-1.8028287939424783,1,-2.8794545117946164
9.594,0.2080701,-0.21101310000000004,9.2178684,-0.5961773758238582,1,0.012994198168552492,-1.8117729164271295,1,-2.9065640246223863
9.61,0.2080701,-0.2889045,9.2148273,-0.5960098510356886,1,0.010470299260600937,-1.8213104142420058,1,-2.9356286912677394
9.625,0.18266220000000002,-0.21552570000000001,9.276237900000002,-0.5944113781554048,1,0.10656485868558314,-1.8302385734609394,1,-2.9630153086755127
9.641,0.1317483,-0.21552570000000001,9.282222,-0.5927270289738082,1,0.10527182384978397,-1.8397356807179732,1,-2.992375102708944
9.657,0.16019730000000001,-0.2889045,9.282222,-0.5910242491847324,1,0.10642373681724039,-1.8492056909432415,1,-3.0218866336822336
9.688,0.1915893,-0.23799060000000002,9.2702538,-0.5896754734933332,1,0.04350889327094241,-1.8675065366447519,1,-3.0794956732098484
9.704,0.205029,-0.2724237,9.2702538,-0.5883294805840826,1,0.08412455682815782,-1.8769305762773711,1,-3.1094511701132252
9.719,0.205029,-0.2769363,9.2148273,-0.5883639851420206,1,-0.002300303862531143,-1.8857557772703162,1,-3.1376713177648305
9.735,0.18413369999999998,-0.2769363,9.1923624,-0.5889559695474809,1,-0.03699902534126661,-1.8951743369078322,1,-3.1679187586782556
9.75,0.1856052,-0.2889045,9.1923624,-0.5895238158126457,1,-0.03785641767765307,-1.9040129352980335,1,-3.1964126632198004
9.766,0.1856052,-0.3218661,9.202859100000001,-0.5897953156834888,1,-0.01696874192769203,-1.9134474883500026,1,-3.226952346608985
9.782,0.1526436,-0.2634966,9.174410100000001,-0.5908137010546035,1,-0.06364908569467248,-1.9228923604839072,1,-3.257643065399656
9.797,0.1107549,-0.2634966,9.1639134,-0.5920777991586057,1,-0.08427320693347594,-1.9317640467355066,1,-3.2865529884538027
9.813,0.1302768,-0.3083283,9.1639134,-0.5932707114032318,1,-0.07455701528913387,-1.9412468348200014,1,-3.3175370755062468
9.829,0.1302768,-0.2679111,9.2103147,-0.5933343589961222,1,-0.003977974555646743,-1.9507396753831932,1,-3.348672967587872
9.86,0.19757340000000004,-0.2230794,9.1938339,-0.593798146495006,1,-0.014960887060767057,-1.9691402292182967,1,-3.409431106109193
9.875,0.19757340000000004,-0.2394621,9.247788900000002,-0.5929253458428487,1,0.05818671014381273,-1.978040655410827,1,-3.4390349627439125
9.891,0.1571562,-0.2394621,9.2582856,-0.5918368351882446,1,0.06803191591275842,-1.9875187528590714,1,-3.470759438010072
9.922,0.1915893,-0.24544620000000003,9.2582856,-0.5907552440234749,1,0.034890037573215175,-2.005848930086848,1,-3.5326566370957346
9.938,0.1661814,-0.2798793,9.2777094,-0.5892147280498765,1,0.09628224834989921,-2.015288689863435,1,-3.5648257380553368
9.954,0.16019730000000001,-0.2798793,9.2657412,-0.5880060822203674,1,0.07554036434431748,-2.0247064563455965,1,-3.597145699225009
9.969,0.1332198,-0.2529999,9.2657412,-0.5868561698131671,1,0.07666082714669312,-2.033517923235847,1,-3.6275823820718673
9.985,0.1332198,-0.2544714,9.276237900000002,-0.58547742740312,1,0.0861714006279434,-2.0428965920135775,1,-3.6601936981938628
10.0,0.2080701,-0.2544714,9.231308100000001,-0.5851939055961193,1,0.01890145380004947,-2.051676627011072,1,-3.690902997336549
10.032,0.1272357,-0.2709522,9.231308100000001,-0.5849416516013122,1,0.007882937337722044,-2.070398795926231,1,-3.7568562041035456
10.047,0.17069399999999998,-0.2858634,9.183435300000001,-0.5858343602875156,1,-0.05951391241355719,-2.0791796160153977,1,-3.787978042193109
10.063,0.1212516,-0.2694807,9.183435300000001,-0.5867365272145726,1,-0.05638543294106397,-2.0885601831154146,1,-3.8213199605861554
10.079,0.1212516,-0.2694807,9.183435300000001,-0.587616690070238,1,-0.0550101784790868,-2.097955008853693,1,-3.8548120821219083
10.094,0.1317483,-0.287433,9.196875,-0.5881309878899863,1,-0.03428652131655754,-2.106773116438394,1,-3.8863475430615964
10.11,0.1721655,-0.287433,9.1894194,-0.5887981875174351,1,-0.04169997671554789,-2.1161885498416533,1,-3.920131236391837
10.125,0.2365191,-0.1870767,9.1894194,-0.589477390005877,1,-0.045280165896124144,-2.1250256166730783,1,-3.9519403426406985
10.141,0.2365191,-0.2814489,9.2552445,-0.5884771716844917,1,0.06251364508658147,-2.1344492531666015,1,-3.986016141599416
10.157,0.24103170000000002,-0.2814489,9.2267955,-0.5881918325416713,1,0.01783369642627262,-2.1438626052004106,1,-4.020242636466352
10.172,0.18109260000000002,-0.2290635,9.2267955,-0.5879821964195671,1,0.013975741473614715,-2.15268391041762,1,-4.052466735333488
10.188,0.18109260000000002,-0.2934171,9.223852500000001,-0.5878049899641447,1,0.011075403463900447,-2.16209020790869,1,-4.086984928280099
10.204,0.2634966,-0.2934171,9.2507319,-0.5869287087380783,1,0.054767576629144395,-2.171488077498308,1,-4.1216535545633555
10.235,0.173637,-0.287433,9.2507319,-0.5861301214684609,1,0.02576087966508024,-2.1896704893665087,1,-4.189251512349758
10.25,0.15568469999999998,-0.2425032,9.2552445,-0.5852801616136958,1,0.05666399031767141,-2.198456066489625,1,-4.22216246151868
10.266,0.15568469999999998,-0.31284090000000003,9.2178684,-0.58531045445004,1,-0.0018933022715161823,-2.207820791418135,1,-4.257412676381942
10.282,0.1930608,-0.31284090000000003,9.2418048,-0.5847394245580073,1,0.03568936825204535,-2.2171811904501992,1,-4.292812692236889
10.297,0.09878670000000002,-0.2604555,9.2418048,-0.5842582104510718,1,0.032080940462363323,-2.2259486727127675,1,-4.326136166210612
10.313,0.09878670000000002,-0.3008727,9.1938339,-0.5849281436628999,1,-0.041870825739254124,-2.235302163545679,1,-4.36182617290068
10.329,0.09878670000000002,-0.34580249999999996,9.2777094,-0.5834990286543693,1,0.08931968803316251,-2.244649580924217,1,-4.3976657868564395
10.344,0.09878670000000002,-0.2738952,9.1758816,-0.5846456759826086,1,-0.07644315521596118,-2.253410666208994,1,-4.4314012387099355
10.36,0.13469129999999999,-0.2738952,9.276237900000002,-0.5833068446875149,1,0.08367695594335693,-2.262754286374355,1,-4.467530558330602
10.375,0.1781496,-0.2934171,9.276237900000002,-0.58196825423415,1,0.08923936355765859,-2.271493849616268,1,-4.501537419350533
10.391,0.18266220000000002,-0.23200650000000003,9.273196800000001,-0.5807767030923081,1,0.07447194636511771,-2.2807958092748795,1,-4.5379557366216625
10.407,0.18266220000000002,-0.2260224,9.2447478,-0.5803113534330713,1,0.0290843537023022,-2.2900845137270824,1,-4.574522779205679
10.422,0.1915893,-0.2260224,9.231308100000001,-0.5801805778454483,1,0.008718372508198183,-2.2987882032116715,1,-4.60893932458272
10.454,0.1781496,-0.17069399999999998,9.231308100000001,-0.5800885378700364,1,0.002876249231620329,-2.3173525090631193,1,-4.682797575979117
10.469,0.1781496,-0.2679111,9.253773,-0.5793948472678547,1,0.04624604014545159,-2.3260486344516527,1,-4.717623084555474
10.485,0.10928340000000002,-0.2679111,9.3001743,-0.5776129588967862,1,0.11136802319178231,-2.3353046969009696,1,-4.7549139112062955
10.5,0.1062423,-0.2858634,9.3001743,-0.5758623607783271,1,0.11670654123060381,-2.3439557617985334,1,-4.7900083646465434
10.516,0.1062423,-0.3098979,9.3195981,-0.573662236885049,1,0.1375077433298787,-2.3531519585798404,1,-4.82758522640957
10.532,0.21258269999999999,-0.3098979,9.2717253,-0.572638117582553,1,0.06400745640600108,-2.3623223614155813,1,-4.8653090209695335
10.547,0.058369500000000005,-0.3532581,9.2717253,-0.571656101551584,1,0.0654677353979332,-2.3709045680590877,1,-4.9008082229405945
10.563,0.1362609,-0.34580249999999996,9.1983465,-0.5724732415333964,1,-0.051071248863276915,-2.3800576028037677,1,-4.938815920307498
10.579,0.1362609,-0.2559429,9.2222829,-0.5727585678893803,1,-0.017832897248992712,-2.38921945727915,1,-4.976970136788161
10.61,0.23347800000000002,-0.2559429,9.2342511,-0.5726977297789517,1,0.001962519691244033,-2.4069740298930085,1,-5.051311135839327
10.625,0.1257642,-0.2544714,9.304686900000002,-0.5709732980204301,1,0.11496211723477302,-2.4155515626015043,1,-5.087480077783037
10.641,0.2006145,-0.2544714,9.280652400000001,-0.5698447755500204,1,0.07053265440060123,-2.424678107190068,1,-5.12620191514137
10.657,0.1930608,-0.24397470000000002,9.280652400000001,-0.568754554360476,1,0.06813882434653079,-2.433786901829352,1,-5.165069635213525
10.672,0.1930608,-0.22455090000000003,9.301645800000001,-0.5671911017270119,1,0.10423017556426432,-2.442306494250009,1,-5.201640335684122
10.688,0.1990449,-0.22455090000000003,9.4049451,-0.5631445078629547,1,0.25291211650357837,-2.4513491791267286,1,-5.240789581071136
10.704,0.18109260000000002,-0.21258269999999999,9.3929769,-0.5595040152742055,1,0.2275307867968255,-2.4603303673118257,1,-5.280083017442644
10.719,0.1212516,-0.2274939,9.3929769,-0.5559672793943147,1,0.23578239199273796,-2.468696402021839,1,-5.317050718212643
10.735,0.1212516,-0.2724237,9.4573305,-0.550918841250164,1,0.3155273840094172,-2.4775514909869947,1,-5.3566207013567135
10.75,0.11978010000000001,-0.2724237,9.4573305,-0.5459939928704678,1,0.3283232253130676,-2.4857783372428996,1,-5.393845675068439
10.782,0.1571562,-0.3053853,9.4827384,-0.5405320806661802,1,0.17068475638398736,-2.503162754419486,1,-5.473668732535037
10.813,0.1781496,-0.2754648,9.4827384,-0.5352166752403242,1,0.17146469115664054,-2.5198368601360372,1,-5.551525226560649
10.844,0.1781496,-0.3039138,9.430353,-0.531286537170736,1,0.12677864740607572,-2.536367659928408,1,-5.629896396621645
10.86,0.1497006,-0.3039138,9.5171715,-0.5253481377892442,1,0.37114996134324196,-2.544820737328088,1,-5.670545903799697
10.875,0.15568469999999998,-0.2798793,9.5052033,-0.5198619476270192,1,0.3657460108149833,-2.5526598129687104,1,-5.708777007926924
10.891,0.1482291,-0.3023442,9.5052033,-0.5144957013058704,1,0.3353903950717993,-2.5609346741601735,1,-5.749685763823956
10.907,0.1482291,-0.2634966,9.4902921,-0.5096520289787669,1,0.302729520443967,-2.5691278560024506,1,-5.790726264065257
10.922,0.18864630000000002,-0.2634966,9.5216841,-0.5041437943876499,1,0.36721563940778906,-2.576731324677699,1,-5.829320207920359
10.938,0.18109260000000002,-0.31284090000000003,9.5216841,-0.4987370814924521,1,0.3379195559498613,-2.58475437168474,1,-5.870612093491259
10.954,0.18109260000000002,-0.2514303,9.5022603,-0.4939800936499772,1,0.2973117401546818,-2.5926961090858796,1,-5.912031697337424
10.969,0.16912439999999998,-0.2514303,9.5575887,-0.4879957148900047,1,0.3989585839981979,-2.600060927649929,1,-5.95097737511294
10.985,0.2260224,-0.22455090000000003,9.5575887,-0.4821449403595288,1,0.3656734081547427,-2.607822052891925,1,-5.992640438957275
11.0,0.2260224,-0.2604555,9.5950629,-0.4755012486669141,1,0.44291277950762953,-2.615004399309624,1,-6.031811637348788
11.016,0.2080701,-0.2604555,9.5247252,-0.47074400829529495,1,0.2973275232261982,-2.6225743613653214,1,-6.073712267434188
11.032,0.142245,-0.24544620000000003,9.6144867,-0.46395368065982545,1,0.42439547721684306,-2.630051942876962,1,-6.115733277868126
11.063,0.142245,-0.31136939999999996,9.593591400000001,-0.45779175402035754,1,0.19877182707960617,-2.6443389971145055,1,-6.197486337437995
11.094,0.1406754,-0.2948886,9.6474483,-0.4504805497304645,1,0.23584529967397908,-2.6584172178226426,1,-6.279679058769518
11.11,0.09427410000000001,-0.2948886,9.6384231,-0.4435814543953338,1,0.4311934584456663,-2.665569713855649,1,-6.322270954222945
11.125,0.16166880000000003,-0.287433,9.6384231,-0.4368343071303631,1,0.4498098176646977,-2.672172832067092,1,-6.362304023317367
11.157,0.16166880000000003,-0.2544714,9.6728562,-0.42943488981634026,1,0.23123179106321315,-2.6860331392182393,1,-6.448035318857932
11.172,0.20208600000000002,-0.2544714,9.7701714,-0.41982520367990794,1,0.6406457424287968,-2.6924025899194612,1,-6.488373586826467
11.188,0.1377324,-0.2798793,9.8016615,-0.4096925831462137,1,0.6332887833558892,-2.69903873221407,1,-6.531505117403535
11.204,0.21258269999999999,-0.3143124,9.8016615,-0.3997490560668506,1,0.6214704424601919,-2.7055142653277744,1,-6.57474154138387
11.219,0.21258269999999999,-0.2754648,9.716314500000001,-0.3921568527807082,1,0.5061468857428679,-2.7114535596441307,1,-6.615368800071156
11.235,0.20355750000000003,-0.2754648,9.717786,-0.38471866815119427,1,0.4648865393446218,-2.717668563811586,1,-6.658801777058802
11.25,0.1497006,-0.2798793,9.717786,-0.37748268961343356,1,0.48239856918402846,-2.723385073994821,1,-6.699609679342351
11.266,0.1497006,-0.29783160000000003,9.702776700000001,-0.37077605546905623,1,0.4191646340235829,-2.729371143955481,1,-6.743231729085953
11.282,0.173637,-0.29783160000000003,9.681881400000002,-0.36473259548666626,1,0.37771624889937316,-2.7352552131631267,1,-6.786948739942902
11.313,0.1721655,-0.21856680000000003,9.681881400000002,-0.3588887080782097,1,0.18851249704698156,-2.7464713433683823,1,-6.871915501569142
11.344,0.20208600000000002,-0.23799060000000002,9.803133,-0.35020625306266595,1,0.2800791940498097,-2.7574623152660656,1,-6.957226473277973
11.36,0.20954160000000002,-0.258984,9.764187300000001,-0.34266812260713486,1,0.4711331534706926,-2.763005310271424,1,-7.001390214282273
11.375,0.20954160000000002,-0.2843919,9.7612443,-0.335368349934031,1,0.4866515115402408,-2.7680905838154826,1,-7.042873433487926
11.391,0.1511721,-0.2843919,9.7851807,-0.32768941133548957,1,0.4799336624088375,-2.7733950459056387,1,-7.087205318525695
11.407,0.1796211,-0.23200650000000003,9.7851807,-0.32021973874516796,1,0.4668545368951001,-2.778578319106284,1,-7.13162110544579
11.422,0.1796211,-0.2499588,9.7956774,-0.31266558440242065,1,0.5036102895164682,-2.783324959029891,1,-7.173335380031813
11.438,0.1437165,-0.2499588,9.8405091,-0.3042171391467239,1,0.5280278284810476,-2.788260020818284,1,-7.217908059870599
11.454,0.1212516,-0.2290635,9.8405091,-0.29599452695596895,1,0.5139132619221827,-2.7930617141471057,1,-7.262558633750322
11.469,0.1212516,-0.2829204,9.803133,-0.28884947373947867,1,0.47633688109939054,-2.797448044152321,1,-7.304487456937564
11.485,0.2230794,-0.2080701,9.8734707,-0.28016605979857623,1,0.5427133713064021,-2.8020001684206255,1,-7.349283042638148
11.5,0.1586277,-0.2080701,9.8255979,-0.2728920279045113,1,0.48493545960431145,-2.8061481040783987,1,-7.391344154681892
11.532,0.1661814,-0.31284090000000003,9.8255979,-0.2657246639703068,1,0.2239801229438896,-2.814765971148396,1,-7.481278779885521
11.547,0.1661814,-0.2918475,9.764187300000001,-0.2602447997460686,1,0.3653242816158651,-2.8187107421262687,1,-7.523529855235083
11.579,0.1257642,-0.258984,9.7806681,-0.25453412157429156,1,0.178458692868033,-2.8269472048673943,1,-7.6138603823869815
11.594,0.1257642,-0.2709522,9.8240283,-0.24789774859817548,1,0.44242486507444084,-2.8307154438936877,1,-7.656292852252686
11.61,0.2080701,-0.2709522,9.764187300000001,-0.24284779788571598,1,0.3156219195287188,-2.8346414082655587,1,-7.70161570706996
11.625,0.16166880000000003,-0.2499588,9.764187300000001,-0.23795608380775057,1,0.3261142718643479,-2.83824743737826,1,-7.744162373412291
11.641,0.16166880000000003,-0.21856680000000003,9.8151012,-0.23196071783568684,1,0.37471037325398326,-2.8420067717914073,1,-7.789604407085648
11.657,0.21552570000000001,-0.2634966,9.735738300000001,-0.22799396231029334,1,0.2479222203370932,-2.845686409232575,1,-7.83510595253384
11.672,0.1915893,-0.2634966,9.800091900000002,-0.2225674286320114,1,0.3617689118854491,-2.8490656196646427,1,-7.877816592750571
11.688,0.17667810000000003,-0.1990449,9.800091900000002,-0.21731715972818044,1,0.32814180648943453,-2.8525846963715242,1,-7.92342979527886
11.704,0.21709530000000002,-0.23200650000000003,9.839037600000001,-0.21120807951630916,1,0.3818175132419551,-2.85601289828548,1,-7.969098576036116
11.719,0.19610190000000002,-0.24544620000000003,9.839037600000001,-0.2052507980219591,1,0.3971520996233681,-2.8591363398670167,1,-8.011962195322257
11.75,0.19610190000000002,-0.24701580000000004,9.821085300000002,-0.19987549427891516,1,0.1733968949368986,-2.8654157973976804,1,-8.100692753449861
11.766,0.1406754,-0.24701580000000004,9.8255979,-0.19454444590716058,1,0.33319052323466075,-2.868571156919169,1,-8.146564649084397
11.782,0.1392039,-0.2994012,9.8255979,-0.18930842421385208,1,0.32725135583178105,-2.871641979880137,1,-8.192486354178792
11.797,0.1392039,-0.30685680000000004,9.7911648,-0.18503384010660362,1,0.28497227381655305,-2.8744495468625404,1,-8.235582040629364
11.813,0.1497006,-0.2604555,9.7911648,-0.18089250882566432,1,0.2588332050587059,-2.8773769576539987,1,-8.281596652665495
11.844,0.17510850000000003,-0.3053853,9.719257500000001,-0.17856296076262268,1,0.0751467117110236,-2.882948517432617,1,-8.370881697529335
11.86,0.17510850000000003,-0.2604555,9.8136297,-0.17402153814967392,1,0.2838389133092975,-2.8857691934239154,1,-8.417031439216187
11.891,0.18266220000000002,-0.24544620000000003,9.8615025,-0.16842989152283216,1,0.1803756976400531,-2.8910771905838395,1,-8.506572558168308
11.907,0.18266220000000002,-0.2080701,9.800091900000002,-0.16449280504098063,1,0.24606790511572085,-2.89374057215635,1,-8.55285110027023
11.922,0.2230794,-0.2080701,9.821085300000002,-0.16011956062195232,1,0.29154962793520967,-2.896175164898822,1,-8.596275468298145
11.938,0.18864630000000002,-0.23053500000000002,9.821085300000002,-0.15585834712466884,1,0.26632584358021716,-2.898702988160795,1,-8.642634493522623
11.954,0.18864630000000002,-0.2230794,9.707289300000001,-0.1544795338642011,1,0.0861758287792335,-2.901185691208706,1,-8.68903360295758
11.969,0.1721655,-0.21101310000000004,9.8091171,-0.1506657567993237,1,0.25425180432518046,-2.9034742808886826,1,-8.732568552748306
11.985,0.1870767,-0.21101310000000004,9.8016615,-0.14712011036746553,1,0.22160290199113566,-2.905856567826017,1,-8.779043199538023
12.0,0.08534699999999999,-0.2858634,9.8016615,-0.14364915614041074,1,0.23139694847031056,-2.908037337324826,1,-8.822647403826656
12.016,0.08534699999999999,-0.2709522,9.735738300000001,-0.1418803885043296,1,0.11054797725507094,-2.910321573681984,1,-8.86919427511471
12.032,0.0643536,-0.2709522,9.7911648,-0.1388073802758587,1,0.1920630142794309,-2.9125670758322255,1,-8.915777384310823
12.047,0.20355750000000003,-0.31284090000000003,9.7911648,-0.1357324576113026,1,0.20499484430373305,-2.914626124616379,1,-8.959481333314189
12.063,0.20355750000000003,-0.2664396,9.752219100000001,-0.13371532638594275,1,0.12607070158499034,-2.916781706888357,1,-9.006132595966227
12.079,0.1497006,-0.2664396,9.7582032,-0.13162528972525678,1,0.13062729129287287,-2.918904431817247,1,-9.052818085075872
12.094,0.1437165,-0.2604555,9.7582032,-0.12959236135474583,1,0.1355285580340739,-2.9208635642003467,1,-9.096616345046
12.125,0.1856052,-0.2754648,9.8584614,-0.12513781750084974,1,0.1436949630289037,-2.9248118819726083,1,-9.187224314461682
12.141,0.1526436,-0.3202965,9.776155500000002,-0.12277883615696261,1,0.14743633399294506,-2.926795215201871,1,-9.234037171239079
12.157,0.20954160000000002,-0.2649681,9.776155500000002,-0.12049206921013322,1,0.14292293417683663,-2.9287413824448074,1,-9.280881464020252
12.172,0.20954160000000002,-0.3307932,9.747706500000001,-0.11890551226008483,1,0.10577046333655533,-2.930536864305834,1,-9.324826050870884
12.188,0.16912439999999998,-0.3307932,9.759674700000001,-0.11708508861412348,1,0.11377647787258462,-2.9324247891128277,1,-9.371729744098234
12.204,0.11978010000000001,-0.2484873,9.759674700000001,-0.1153864112070373,1,0.10616733794288614,-2.934284561111397,1,-9.418663418900028
12.235,0.11978010000000001,-0.287433,9.7866522,-0.11304544254852544,1,0.07551511801651437,-2.9378252548446078,1,-9.509681121047343
12.25,0.142245,-0.287433,9.800091900000002,-0.110426617580071,1,0.17458833123028988,-2.9395012952955724,1,-9.553761070173396
12.266,0.2604555,-0.2649681,9.800091900000002,-0.10782789907629464,1,0.16241990648602198,-2.941247331428823,1,-9.600807059187192
12.282,0.173637,-0.21709530000000002,9.7866522,-0.10569580243281251,1,0.13325604021763293,-2.942955521040896,1,-9.64788068200695
12.297,0.173637,-0.2260224,9.834525,-0.102443644107586,1,0.21681055501509294,-2.9445165668899493,1,-9.692036722666433
12.313,0.1511721,-0.2260224,9.740250900000001,-0.10157833274347894,1,0.05408196025669105,-2.9461487427047577,1,-9.73916204514319
12.329,0.1870767,-0.2365191,9.740250900000001,-0.10071285139514963,1,0.054092584270581896,-2.9477670721778666,1,-9.786313371662251
12.344,0.1870767,-0.2544714,9.7447635,-0.09974744332885876,1,0.06436053775272936,-2.9492705243882966,1,-9.830541153636494
12.36,0.17069399999999998,-0.2544714,9.8016615,-0.09742583863764942,1,0.1451002932005839,-2.9508479106440286,1,-9.877742101116752
12.375,0.1497006,-0.23799060000000002,9.8016615,-0.0951793168258277,1,0.14976812078810914,-2.9522924493100047,1,-9.922015653816409
12.407,0.1317483,-0.258984,9.8615025,-0.09152199711481934,1,0.11429124096901101,-2.955279670333055,1,-10.016536807730699
12.422,0.11673900000000001,-0.2724237,9.8615025,-0.08794966235773138,1,0.23815565047252152,-2.956625707779099,1,-10.060876098066542
12.438,0.1721655,-0.2889045,9.907903800000001,-0.08330214672558256,1,0.29046972700930124,-2.957995722251766,1,-10.10819306950679
12.454,0.1721655,-0.24701580000000004,9.8704296,-0.07970918363851887,1,0.2245601929414807,-2.959299812894679,1,-10.155531433787962
12.469,0.1511721,-0.24701580000000004,9.8046045,-0.07781703170841503,1,0.12614346200693255,-2.960481259509781,1,-10.199929791830991
12.485,0.1870767,-0.3023442,9.8046045,-0.07591814694003318,1,0.11868029802386537,-2.9617111409389687,1,-10.24730733103458
12.5,0.1870767,-0.2274939,9.704346300000001,-0.07655908497519981,1,-0.04272920234444019,-2.962854720178333,1,-10.291741574992962
12.516,0.21552570000000001,-0.2274939,9.836094600000001,-0.07395828260540682,1,0.16255014811206156,-2.964058859118978,1,-10.339156883627341
12.532,0.17667810000000003,-0.20355750000000003,9.836094600000001,-0.07145258316665881,1,0.1566062149217505,-2.9652221460451544,1,-10.386591131668654
12.547,0.17667810000000003,-0.21258269999999999,9.8151012,-0.06951517528375462,1,0.12916052552694152,-2.9662794042335325,1,-10.431077393295746
12.563,0.20355750000000003,-0.21258269999999999,9.7956774,-0.06808586572978648,1,0.0893318471230086,-2.967380212561641,1,-10.478546670230108
12.579,0.24103170000000002,-0.23053500000000002,9.7956774,-0.06666078798792796,1,0.08906735886615716,-2.9684581857913828,1,-10.526033377416931
12.594,0.1946304,-0.21709530000000002,9.845021700000002,-0.06410011879272837,1,0.1707112796799867,-2.9694388925922377,1,-10.570567605504806
12.61,0.1946304,-0.23347800000000002,9.764187300000001,-0.06356338939540862,1,0.03354558733248411,-2.970460200657743,1,-10.618086798250806
12.625,0.1915893,-0.23347800000000002,9.689337,-0.06486595481156598,1,-0.08683769441048765,-2.971423420739295,1,-10.662650925411285
12.657,0.1497006,-0.2290635,9.689337,-0.0661573045638768,1,-0.04035467975971315,-2.9735197928893022,1,-10.757770016829342
12.672,0.1497006,-0.2769363,9.8704296,-0.06297207795648418,2,0.21234844049283338,-2.974488263258205,1,-10.80238007725045
12.688,0.1511721,-0.2679111,9.8704296,-0.05987006554624763,2,0.19387577563978448,-2.975471000406227,1,-10.849979751359767
12.719,0.15421320000000002,-0.2559429,9.7895952,-0.05882096808407766,2,0.03384185361838736,-2.9773107114274966,1,-10.942247867893187
12.735,0.1930608,-0.23200650000000003,9.7895952,-0.05779520341000399,2,0.06411029212960434,-2.978243640799449,1,-10.989892302711002
12.75,0.16166880000000003,-0.2889045,9.8105886,-0.05625967745335991,2,0.10236839710960141,-2.979099052405924,1,-11.034572372910045
12.766,0.16166880000000003,-0.261927,9.866015100000002,-0.05342886073786346,2,0.17692604471852819,-2.979976560711454,1,-11.082244977814984
12.782,0.15568469999999998,-0.261927,9.891423,-0.05005002429620653,2,0.2111772776035579,-2.9808043917917266,1,-11.129931225435008
12.813,0.17510850000000003,-0.3098979,9.891423,-0.046711880612699375,2,0.1076820543066804,-2.9823042013178145,1,-11.222359408628208
12.829,0.17510850000000003,-0.2634966,9.8196138,-0.0452384810434836,2,0.09208747307598567,-2.9830398042110637,1,-11.27008216067244
12.844,0.173637,-0.2634966,9.7791966,-0.0447869296808765,2,0.030103424173809457,-2.9837149947914963,1,-11.314832821664956
12.86,0.19610190000000002,-0.2274939,9.7791966,-0.04435807184983531,2,0.02680361444007404,-2.984428154803742,1,-11.362577966861718
12.875,0.19610190000000002,-0.2754648,9.7672284,-0.04420133481277766,2,0.010449135803843112,-2.9850923503537117,1,-11.407349370650401
12.891,0.1377324,-0.2754648,9.8196138,-0.04279567536187123,2,0.0878537156816516,-2.985788326435109,1,-11.455116416064712
12.907,0.18864630000000002,-0.2738952,9.8196138,-0.04140474441552833,2,0.0869331841464315,-2.9864619297933284,1,-11.50289441811454
12.922,0.18864630000000002,-0.290376,9.8165727,-0.04011032323232655,2,0.08629474554678188,-2.9870732928006873,1,-11.547695932283997
12.938,0.1631403,-0.258984,9.818044200000001,-0.038844153277368676,2,0.07913562218486707,-2.987704928612765,1,-11.595494158055304
12.954,0.1302768,-0.23053500000000002,9.818044200000001,-0.037638128500697476,2,0.0753765485419499,-2.9883167868669895,1,-11.643302331779143
12.969,0.1302768,-0.23200650000000003,9.678840300000001,-0.03985462684645569,2,-0.14776655638389263,-2.988897982532093,1,-11.688131442549633
13.0,0.21709530000000002,-0.23200650000000003,9.7701714,-0.03975268318972702,2,0.0032885050557633147,-2.990131895837654,1,-11.780806405664366
13.016,0.18413369999999998,-0.1661814,9.7701714,-0.03970242890728848,2,0.0031408926524090193,-2.99076753673443,1,-11.828653601124943
13.032,0.18413369999999998,-0.23053500000000002,9.848062800000001,-0.03772261462221849,2,0.12373839281687438,-2.9913869370826665,1,-11.876510836915479
13.047,0.1437165,-0.23053500000000002,9.749178,-0.038218388468889586,2,-0.03305158977807203,-2.9919564946058497,1,-11.921385912653145
13.063,0.12272310000000002,-0.2575125,9.749178,-0.03869260138048247,2,-0.029638306974555356,-2.9925717825246445,1,-11.969262138870189
13.079,0.1466595,-0.34128990000000003,9.821085300000002,-0.0373318968557701,2,0.08504403279452337,-2.9931799785105344,1,-12.01714815295847
13.094,0.1466595,-0.3218661,9.8464932,-0.0354010596628207,2,0.12872247952997018,-2.993725475684424,1,-12.062049943864928
13.11,0.1497006,-0.3218661,9.7342668,-0.03625163232610973,2,-0.053160791455564245,-2.9942986972203354,1,-12.109954137248165
13.125,0.1302768,-0.290376,9.7342668,-0.03711240729081133,2,-0.05738499764677149,-2.994848927517462,1,-12.1548727444337
13.141,0.1302768,-0.261927,9.8689581,-0.03468817127215296,2,0.1515147511661484,-2.995423332145966,1,-12.202794922511007
13.157,0.16765290000000002,-0.261927,9.7956774,-0.03409575004113563,2,0.03702632693858284,-2.995973603516472,1,-12.250726097996306
13.172,0.2290635,-0.2634966,9.7956774,-0.03348643904473825,2,0.04062073309315733,-2.996480469934616,1,-12.295669503547192
13.204,0.22455090000000003,-0.23200650000000003,9.848062800000001,-0.03163694737520295,2,0.05779661467297798,-2.9975224441173354,1,-12.391573550172023
13.219,0.1721655,-0.23347800000000002,9.7941078,-0.031172841976346177,2,0.030940359923787384,-2.997993517537472,1,-12.43653991988443
13.235,0.18413369999999998,-0.2425032,9.7941078,-0.030709402550389342,2,0.02896496412230218,-2.998488575493686,1,-12.484511776628679
13.25,0.18413369999999998,-0.19757340000000004,9.747706500000001,-0.03141318261492643,2,-0.046918670969137224,-2.998954494882426,1,-12.529492599656502
13.266,0.1437165,-0.19757340000000004,9.7806681,-0.031312679355623985,2,0.006281453706402646,-2.9994563017781903,1,-12.577479886029787
13.297,0.1586277,-0.2604555,9.806076000000001,-0.030553706245580514,2,0.02448300354978891,-3.000415230755009,1,-12.670477894784053
13.313,0.1212516,-0.2604555,9.7536906,-0.031103389828487593,2,-0.03435522393169241,-3.000908487523602,1,-12.718488484530281
13.329,0.0703377,-0.2769363,9.7536906,-0.03164078867726694,2,-0.03358742804870915,-3.001410440951648,1,-12.766507035958083
13.36,0.1631403,-0.2634966,9.8255979,-0.030394120649212653,2,0.04021509767917211,-3.0023719820462085,1,-12.859565663514546
13.375,0.1511721,-0.3023442,9.854046900000002,-0.02846178883607564,2,0.1288221208757959,-3.002813401367348,1,-12.904604553890149
13.391,0.2260224,-0.2559429,9.854046900000002,-0.026573707858995377,2,0.1180050610675164,-3.0032536853409084,1,-12.952653090583816
13.407,0.2260224,-0.2575125,9.752219100000001,-0.02721277007462497,2,-0.03994138847684955,-3.0036839771643775,1,-13.000708591883859
13.422,0.24103170000000002,-0.2575125,9.7552602,-0.0277533600748896,2,-0.03603933335097391,-3.004096223140499,1,-13.045766943386147
13.438,0.2200383,-0.2260224,9.7552602,-0.02831188181402311,2,-0.03490760869584439,-3.00454474507561,1,-13.093836071131875
13.469,0.2200383,-0.21856680000000003,9.743193900000001,-0.02915507384445526,2,-0.027199742917167157,-3.0054354828883167,1,-13.186990764665312
13.485,0.2575125,-0.21856680000000003,9.8405091,-0.027583182593021505,2,0.09824320321460958,-3.0058893889398166,1,-13.235081363639937
13.5,0.18864630000000002,-0.2738952,9.800091900000002,-0.0270391585645946,2,0.03626826856179221,-3.0062990564984986,1,-13.280172776980725
13.516,0.1946304,-0.2738952,9.716314500000001,-0.02854769192120088,2,-0.09428333478789233,-3.006743751302385,1,-13.328277119443133
13.532,0.1721655,-0.287433,9.856989900000002,-0.026591137448487956,2,0.12228465454455761,-3.0071848619373425,1,-13.37638854834905
13.547,0.10477080000000001,-0.2679111,9.856989900000002,-0.02471878976945341,2,0.12482317860229841,-3.007569686391477,1,-13.421499207461517
13.563,0.10477080000000001,-0.2425032,9.8674866,-0.022652222302173897,2,0.1291604667049694,-3.0079486544880503,1,-13.469623354188553
13.579,0.13469129999999999,-0.2425032,9.8046045,-0.022160307507601118,2,0.030744674660798638,-3.0083071547265283,1,-13.517753400662269
13.594,0.17667810000000003,-0.287433,9.8046045,-0.02163453730818965,2,0.03505134662743404,-3.0086356160626466,1,-13.562880471443183
13.61,0.17667810000000003,-0.2350476,9.8225568,-0.020717952178147314,2,0.05728657062764592,-3.0089744359785375,1,-13.611021351859513
13.625,0.1332198,-0.2350476,9.842078700000002,-0.019364472275633204,2,0.09023199350093723,-3.009275054161941,1,-13.656158223035568
13.641,0.1571562,-0.2738952,9.842078700000002,-0.018010908428106376,2,0.08459774047042672,-3.009574057207571,1,-13.704309015926524
13.657,0.1571562,-0.2575125,9.7058178,-0.020022994856525145,2,-0.12575540177617295,-3.0098783284338477,1,-13.752464635011656
13.688,0.173637,-0.2575125,9.8240283,-0.019097433813646703,2,0.029856807834787898,-3.0104846950782354,1,-13.845780261876094
13.704,0.11978010000000001,-0.2679111,9.735738300000001,-0.020359721340994952,2,-0.07889297045926551,-3.0108003523194724,1,-13.893950542255276
13.719,0.11821050000000001,-0.3218661,9.735738300000001,-0.0215518504614316,2,-0.07947527469578286,-3.0111146891079907,1,-13.939114905065978
13.735,0.11821050000000001,-0.2425032,9.699833700000001,-0.023646364360605077,2,-0.13090711869834226,-3.011476274826567,1,-13.987295632777455
13.75,0.1571562,-0.2425032,9.8225568,-0.022684379471742844,2,0.06413232592414643,-3.0118237554053096,1,-14.032470383004195
13.782,0.20954160000000002,-0.2604555,9.771642900000002,-0.022951895791141652,2,-0.008359884981212755,-3.0125539358095157,1,-14.128860426063632
13.797,0.1721655,-0.2604555,9.8255979,-0.021915374524926534,2,0.06910141774767191,-3.012890440336886,1,-14.174051258884731
13.813,0.205029,-0.19757340000000004,9.8255979,-0.020924487159877714,2,0.06193046031555122,-3.0132331592303645,1,-14.22226024768127
13.844,0.20208600000000002,-0.3143124,9.831582000000001,-0.01973928013376458,2,0.038232484713328345,-3.013863447623416,1,-14.3156802450875
13.86,0.19011780000000003,-0.3143124,9.8689581,-0.01767781992222872,2,0.1288412632209911,-3.014162784423864,1,-14.363904454943878
13.875,0.2080701,-0.2140542,9.8689581,-0.01572323250168317,2,0.1303058280363651,-3.0144132923170432,1,-14.409118775519437
13.891,0.2080701,-0.2649681,9.845021700000002,-0.01436967005626677,2,0.08459765283852498,-3.014654035537507,1,-14.457351314142272
13.907,0.09878670000000002,-0.2649681,9.7821396,-0.01462371333588841,2,-0.015877704976352533,-3.014885982604644,1,-14.50558763428741
13.922,0.17667810000000003,-0.2963601,9.7821396,-0.014822868845898896,2,-0.013277034000698478,-3.0151068319710075,1,-14.55081258039673
13.938,0.17667810000000003,-0.2798793,9.806076000000001,-0.01444551778912917,2,0.023584441048107842,-3.0153409790640877,1,-14.599056162885011
13.954,0.1796211,-0.2798793,9.7911648,-0.014439545628881945,2,0.0003732600154515705,-3.015572059571432,1,-14.647303467194096
13.969,0.1212516,-0.2230794,9.7911648,-0.014491148642241214,2,-0.003440200890618231,-3.0157890397784652,1,-14.692538675439216
14.0,0.1212516,-0.21856680000000003,9.8046045,-0.014216283565852805,2,0.008866615367367853,-3.0162340049776906,1,-14.786035032632938
14.016,0.21552570000000001,-0.287433,9.764187300000001,-0.014850452527763736,2,-0.03963556011943311,-3.0164665388664393,1,-14.83429663698369
14.032,0.11821050000000001,-0.2798793,9.800091900000002,-0.01463974301139892,2,0.01316934477280095,-3.0167024604307526,1,-14.882561988978068
14.047,0.11821050000000001,-0.2814489,9.8091171,-0.01421305668567463,2,0.028445755048284945,-3.0169188564284806,1,-14.927814148854514
14.063,0.1497006,-0.2814489,9.7417224,-0.015429193771982597,2,-0.07600856789424786,-3.0171559944321418,1,-14.9760867476614
14.079,0.1631403,-0.2829204,9.7417224,-0.016609369449888334,2,-0.0737609798691085,-3.0174123029379167,1,-15.024363294040361
14.094,0.1631403,-0.2140542,9.8046045,-0.016270455692051655,2,0.022594250522447054,-3.0176589016264814,1,-15.069626328074591
14.11,0.19757340000000004,-0.2140542,9.9408654,-0.012602374804282945,2,0.22925505548554417,-3.0178898842704522,1,-15.117910718361767
14.141,0.173637,-0.2679111,9.9408654,-0.009002826181118806,2,0.11611447171497005,-3.018224764885726,1,-15.21147049542369
14.157,0.173637,-0.2829204,9.7911648,-0.009130103508871557,2,-0.007954832984546904,-3.018369828323246,1,-15.259763252169362
14.172,0.1482291,-0.19610190000000002,9.8974071,-0.006725765503665215,2,0.16028920034708333,-3.01848874734084,1,-15.305039691486845
14.188,0.18413369999999998,-0.19610190000000002,9.7821396,-0.007175723562752978,2,-0.02812237869298515,-3.0185999592533714,1,-15.353336401139599
14.204,0.16166880000000003,-0.18266220000000002,9.7821396,-0.007630732342022384,2,-0.028438048704337835,-3.0187184109006098,1,-15.401634948100831
14.219,0.16166880000000003,-0.2260224,9.7507476,-0.008817908179002742,2,-0.07914505579869695,-3.0188417757045176,1,-15.446916649500366
14.235,0.1302768,-0.2260224,9.888480000000001,-0.00662944449741687,2,0.13677898009911693,-3.018965354525929,1,-15.49521910654221
14.25,0.1392039,-0.29783160000000003,9.716314500000001,-0.00864181961402366,2,-0.13415834110711428,-3.019079889006765,1,-15.540504445868708
14.266,0.16166880000000003,-0.29783160000000003,9.7701714,-0.009283844875238145,2,-0.04012657882590528,-3.0192232943226793,1,-15.588810871335344
14.297,0.145188,-0.2559429,9.7701714,-0.009945459193540174,2,-0.021342397364581163,-3.0195213485357453,1,-15.68241141329965
14.313,0.145188,-0.2769363,9.8225568,-0.009299937458619567,2,0.04034510843253788,-3.0196753117089625,1,-15.730724986581608
14.329,0.1511721,-0.23053500000000002,9.7971489,-0.009316641508720025,2,-0.0010440031312786138,-3.0198242443407013,1,-15.779040983030006
14.344,0.2274939,-0.23053500000000002,9.783611100000002,-0.009626990575403838,2,-0.020689937778922512,-3.0199663215813324,1,-15.824339412274417
14.36,0.2350476,-0.2274939,9.783611100000002,-0.009927152751307844,2,-0.018760135994000376,-3.020122754727946,1,-15.872660124884892
14.375,0.2350476,-0.2514303,9.818044200000001,-0.009366398643246399,2,0.03738360720409494,-3.0202674563634053,1,-15.917963051468078
14.391,0.1930608,-0.2514303,9.690808500000001,-0.011943307891073118,2,-0.16105682798916984,-3.0204379340156797,1,-15.96628869459111
14.422,0.19610190000000002,-0.2994012,9.871999200000001,-0.010006315444808678,2,0.06248362729885175,-3.020778153177386,1,-16.059927543942603
14.438,0.1526436,-0.2994012,9.7821396,-0.01032569463873756,2,-0.019961199620555075,-3.0209408092580543,1,-16.108261295642087
14.454,0.2080701,-0.2529999,9.7821396,-0.010644310078372854,2,-0.019913464977205902,-3.0211085692957913,1,-16.15659769067052
14.469,0.2080701,-0.2694807,9.7895952,-0.0107626917475514,2,-0.007892111278570412,-3.021269121809486,1,-16.201915523353804
14.485,0.12272310000000002,-0.2889045,9.839037600000001,-0.009694536496299477,2,0.06675970320324515,-3.0214327796354365,1,-16.250257138565363
14.5,0.113796,-0.2889045,9.883967400000001,-0.007559743579129474,2,0.14231952781132814,-3.021562186736002,1,-16.295579600813152
14.532,0.15421320000000002,-0.24701580000000004,9.883967400000001,-0.0054913453088278885,2,0.0646374459469245,-3.0217710041582095,1,-16.39227293186746
14.547,0.173637,-0.1856052,9.8165727,-0.0051415351173229595,2,0.02332067943366105,-3.0218507507614056,1,-16.43760009502936
14.563,0.1062423,-0.18413369999999998,9.8165727,-0.004824358640894033,2,0.019823529776807885,-3.0219304779114715,1,-16.485950344858743
14.579,0.1062423,-0.2724237,9.7911648,-0.0050842881636707915,2,-0.016245595173547386,-3.022009747085908,1,-16.534301866658723
14.594,0.1332198,-0.2724237,9.7507476,-0.006315146405128758,2,-0.08205721609720434,-3.022095242845174,1,-16.579632654083202
14.61,0.18109260000000002,-0.205029,9.7507476,-0.007537399530997746,2,-0.0763908203668117,-3.022206063212663,1,-16.627987064531666
14.625,0.18109260000000002,-0.3173535,9.834525,-0.00661456580735198,2,0.06152224824304875,-3.0223122029527003,1,-16.67332095152791
14.641,0.10928340000000002,-0.2634966,9.7701714,-0.007347788500760899,2,-0.04582641833805741,-3.0224239017871652,1,-16.72167884036583
14.657,0.2065986,-0.2634966,9.834525,-0.006456092259638169,2,0.05573101507017059,-3.0225343328332483,1,-16.77003850624279
14.672,0.142245,-0.2724237,9.834525,-0.005608038337332033,2,0.056536928153740236,-3.0226248138127256,1,-16.815377199842636
14.688,0.142245,-0.2829204,9.7297542,-0.007327491235038508,2,-0.10746580610665458,-3.0227282980493047,1,-16.86374002473753
14.704,0.1526436,-0.2829204,9.8151012,-0.006920656172251682,2,0.025427191424176574,-3.022842283228563,1,-16.912104589387756
14.719,0.1526436,-0.2559429,9.8151012,-0.006541797158639895,2,0.025257267574121202,-3.022943251628545,1,-16.95744798089918
14.735,0.1526436,-0.2634966,9.747706500000001,-0.007810282929982648,2,-0.07928036070892201,-3.0230580682692536,1,-17.005815991458363
14.766,0.21709530000000002,-0.2634966,9.839037600000001,-0.006791797509679398,2,0.032854368396878414,-3.023284400516068,1,-17.099534299724535
14.782,0.21552570000000001,-0.2814489,9.839037600000001,-0.005786876199914914,2,0.06280758186028018,-3.0233850299057448,1,-17.14790765516791
14.797,0.21552570000000001,-0.23200650000000003,9.8495343,-0.004582027688250889,2,0.08032323411093197,-3.023462796684906,1,-17.19325901386734
14.813,0.2425032,-0.2425032,9.839037600000001,-0.0036409736342246646,2,0.058815878376638986,-3.0235285806954857,1,-17.241634944886382
14.829,0.2425032,-0.2425032,9.839037600000001,-0.0027228721181007387,2,0.05738134475774532,-3.023579491461504,1,-17.29001180946364
14.844,0.16166880000000003,-0.258984,9.7851807,-0.003170344830612848,2,-0.02983151416747635,-3.0236236905886194,1,-17.33536583332901
14.86,0.10928340000000002,-0.258984,9.777627,-0.0038087458711082434,2,-0.03990006503096218,-3.0236795233142333,1,-17.383744259040235
14.875,0.1272357,-0.2215098,9.777627,-0.004448731884071577,2,-0.04266573419755398,-3.0237414543973973,1,-17.429099916373072
14.907,0.1272357,-0.318825,9.842078700000002,-0.0034365250045436113,2,0.03163146498524891,-3.023867618507615,1,-17.52586166153955
14.922,0.1317483,-0.318825,9.843550200000001,-0.0024116906595708087,2,0.06832228966485092,-3.0239114801250957,1,-17.5712200047793
14.938,0.1631403,-0.2529999,9.843550200000001,-0.001446997175506226,2,0.06029334275403636,-3.0239423496277764,1,-17.61960283541732
14.954,0.1586277,-0.3098979,9.776155500000002,-0.002110712376504509,2,-0.041482200062392637,-3.0239708113041925,1,-17.667986140704777
14.969,0.1586277,-0.2918475,9.854046900000002,-0.0008730773203282638,2,0.08250900374508964,-3.023993189726919,1,-17.713345870712505
14.985,0.1107549,-0.2918475,9.7567317,-0.00205391942416,2,-0.07380263148948345,-3.024016605700875,1,-17.761729949075928
15.0,0.1930608,-0.2709522,9.7567317,-0.0031894131743328558,2,-0.07569958334485417,-3.0240559306953636,1,-17.8070904930989
15.032,0.20355750000000003,-0.2664396,9.7656588,-0.004077434878391628,2,-0.02775067825183661,-3.024172200264207,1,-17.903862143194253
15.047,0.1721655,-0.2604555,9.7656588,-0.004962453572144199,2,-0.059001246250169136,-3.024239999427586,1,-17.949225234691944
15.063,0.1721655,-0.2425032,9.7552602,-0.006090663219342929,2,-0.07051310294992057,-3.024328424361918,1,-17.99761378208226
15.079,0.19757340000000004,-0.2425032,9.783611100000002,-0.006488486235646462,2,-0.02486393851897082,-3.0244290575575583,1,-18.04600384193762
15.094,0.17667810000000003,-0.2634966,9.783611100000002,-0.0068731147143274995,2,-0.02564189857873788,-3.0245292695646833,1,-18.09137102939103
15.125,0.20208600000000002,-0.2738952,9.7686999,-0.007592879110250195,2,-0.023218206320086504,-3.0247534924689643,1,-18.185134912202553
15.141,0.1526436,-0.2738952,9.7342668,-0.009156368948209703,2,-0.0977181148724692,-3.024887486453432,1,-18.233532040033932
15.157,0.23200650000000003,-0.24544620000000003,9.7342668,-0.010662001523055409,2,-0.09410203592785651,-3.025046033417202,1,-18.281931508192898
15.172,0.23200650000000003,-0.2724237,9.831582000000001,-0.00974146454242053,2,0.0613691320423229,-3.025199059412693,1,-18.327308346389124
15.188,0.10928340000000002,-0.2724237,9.7536906,-0.010794241519930026,2,-0.0657985610943434,-3.025363345061192,1,-18.375712845624914
15.204,0.1661814,-0.2798793,9.7536906,-0.011796608454705648,2,-0.06264793342347635,-3.025544071860989,1,-18.42412010496029
15.219,0.1661814,-0.2738952,9.8674866,-0.010004634993396877,2,0.11946489742059437,-3.02570758118685,1,-18.469504492358148
15.235,0.1870767,-0.2738952,9.827069400000001,-0.009232477169238251,2,0.04825986400991407,-3.025861478084151,1,-18.517917044832316
15.25,0.1482291,-0.2649681,9.827069400000001,-0.008501275257096097,2,0.048746794142808435,-3.0259944812273485,1,-18.563305964527153
15.282,0.23053500000000002,-0.2814489,9.7821396,-0.008833169465875201,2,-0.010371694024347003,-3.026271832342916,1,-18.660142225544277
15.297,0.1915893,-0.2709522,9.702776700000001,-0.011119233588500421,2,-0.15240427484167554,-3.0264214753658236,1,-18.705537425352095
15.313,0.1317483,-0.318825,9.702776700000001,-0.013338379001163858,2,-0.1386965882914647,-3.026617136266541,1,-18.753961734245152
15.329,0.1317483,-0.315882,9.7941078,-0.01327952905326768,2,0.0036781217435111167,-3.0268300795309764,1,-18.80238931197153
15.344,0.145188,-0.315882,9.7941078,-0.013217482971631611,2,0.0041364054424049375,-3.0270288071211633,1,-18.84779325362142
15.36,0.0793629,-0.32333760000000006,9.7941078,-0.013169413249000783,2,0.0030043576644267463,-3.0272399022909284,1,-18.896227403296717
15.375,0.0793629,-0.2814489,9.8255979,-0.01238633387642274,2,0.052205291505200944,-3.027431570394369,1,-18.941637439341857
15.407,0.21552570000000001,-0.2814489,9.7806681,-0.012667678178335251,2,-0.008792009434765982,-3.0278324345872454,1,-19.038521663421562
15.422,0.1870767,-0.2499588,9.8255979,-0.011881992646065598,2,0.05237903548464156,-3.0280165571184283,1,-19.08394053085936
15.438,0.1466595,-0.21856680000000003,9.8255979,-0.011150451563590735,2,0.045721317654678864,-3.0282008166721055,1,-19.132390269849683
15.454,0.1466595,-0.18413369999999998,9.8704296,-0.009360813732632423,2,0.11185236443489445,-3.0283649067944753,1,-19.180842795637417
15.469,0.2200383,-0.18864630000000002,9.891423,-0.007067700621199435,2,0.15287420742887814,-3.028488120652129,1,-19.226269193343263
15.485,0.2200383,-0.21709530000000002,9.8165727,-0.006641011867067448,2,0.026668047133249193,-3.0285977903520354,1,-19.274725880631298
15.5,0.1377324,-0.21709530000000002,9.831582000000001,-0.0058953411763909,2,0.049711379378434624,-3.0286918129998615,1,-19.320155552656438
15.532,0.1122264,-0.2798793,9.831582000000001,-0.005137075085396958,2,0.023695815343560668,-3.02886833166005,1,-19.417076514970997
15.547,0.1122264,-0.2499588,9.7895952,-0.005440628116138768,2,-0.020236868716119898,-3.0289476644340616,1,-19.462510134941706
15.563,0.0389457,-0.2798793,9.731225700000001,-0.007153881540219231,2,-0.10707833900502885,-3.0290484205113124,1,-19.51097410362127
15.594,0.1526436,-0.2769363,9.7627158,-0.008032467833409385,2,-0.028341493328715717,-3.0292838089266034,1,-19.604878253177553
15.61,0.2215098,-0.2769363,9.839037600000001,-0.006997167986014574,2,0.0647062404621756,-3.0294040460131586,1,-19.65334775601707
15.625,0.2290635,-0.3039138,9.839037600000001,-0.005963495111698691,2,0.06891152495438958,-3.0295012509863914,1,-19.698789545744567
15.641,0.2290635,-0.2215098,9.856989900000002,-0.0045710327461350175,2,0.08702889784772952,-3.029585527209254,1,-19.747262239970134
15.657,0.23347800000000002,-0.2215098,9.717786,-0.006603390858284541,2,-0.12702238200934513,-3.0296749225980895,1,-19.795736323568594
15.688,0.23053500000000002,-0.2200383,9.717786,-0.008588706979953287,2,-0.06404245553770026,-3.029910400114582,1,-19.889659896070643
15.719,0.2544714,-0.2649681,9.871999200000001,-0.006725057117861866,2,0.06011773748682235,-3.030147763458098,1,-19.983590797606016
15.735,0.1646118,-0.2649681,9.743193900000001,-0.008093359881613083,2,-0.08551892273445098,-3.0302663107940937,1,-20.032074110200035
15.75,0.11526750000000001,-0.2425032,9.743193900000001,-0.009459830500230026,2,-0.09109804124112615,-3.0303979597219577,1,-20.077529092228907
15.766,0.11526750000000001,-0.2559429,9.827069400000001,-0.00873968843258588,2,0.04500887922775916,-3.0305435558734204,1,-20.12601662435367
15.782,0.1078119,-0.2559429,9.714843,-0.010775298163411051,2,-0.12722560817657314,-3.030699675766188,1,-20.174506570206788
15.797,0.09878670000000002,-0.2754648,9.714843,-0.012750581441288489,2,-0.13168555185849085,-3.0308761198632235,1,-20.21996838867401
15.813,0.09878670000000002,-0.24701580000000004,9.848062800000001,-0.01144827609015664,2,0.08139408444574052,-3.031069710723475,1,-20.2684639553187
15.829,0.1586277,-0.24701580000000004,9.8255979,-0.010706347444253694,2,0.046370540368934024,-3.0312469477117503,1,-20.31696248858618
15.86,0.10928340000000002,-0.18266220000000002,9.854046900000002,-0.00933950924396143,2,0.04409155484813925,-3.0315576584904176,1,-20.41093595998231
15.875,0.21552570000000001,-0.2260224,9.759674700000001,-0.010241989522096873,2,-0.06016535187569388,-3.031704519731163,1,-20.456410426318975
15.891,0.1796211,-0.2260224,9.764187300000001,-0.011030162347390515,2,-0.04926080158085262,-3.0318746969461188,1,-20.504919060052394
15.907,0.16765290000000002,-0.24397470000000002,9.764187300000001,-0.011793766669573102,2,-0.04772527013641166,-3.0320572883782546,1,-20.553430515934988
15.922,0.16765290000000002,-0.2994012,9.8046045,-0.011515971459504115,2,0.01851968067126512,-3.0322321114142228,1,-20.598912686433433
15.938,0.1721655,-0.2994012,9.8854389,-0.009272686916403927,2,0.14020528394376164,-3.03239842068123,1,-20.647429730690195
15.954,0.1631403,-0.30685680000000004,9.8854389,-0.007082274923510212,2,0.13690074955585707,-3.0325292603759495,1,-20.695949152138652
15.969,0.1631403,-0.2754648,9.7447635,-0.008397109507537692,2,-0.08765563893517239,-3.032645355759182,1,-20.74143796175966
15.985,0.18864630000000002,-0.2754648,9.900448200000001,-0.005873656288825302,2,0.15771582616952426,-3.032759521885553,1,-20.78996120078082
16.0,0.21856680000000003,-0.2514303,9.900448200000001,-0.003412341183985035,2,0.1640876736560116,-3.032829166866599,1,-20.83545311594646
16.016,0.21856680000000003,-0.261927,9.8764137,-0.0015902832927014998,2,0.11387861820523348,-3.0328691878624126,1,-20.883978702784287
16.032,0.1990449,-0.2843919,9.7926363,-0.0018496606490376877,2,-0.016211084771009927,-3.0328967074139466,1,-20.932504829946502
16.047,0.21709530000000002,-0.2843919,9.8151012,-0.001545803560357939,2,0.020257139245315813,-3.032922173395517,1,-20.977998471552574
16.079,0.20355750000000003,-0.205029,9.728282700000001,-0.003421262753036558,2,-0.05860809977120679,-3.0330016464565315,1,-21.07505325267021
16.094,0.18109260000000002,-0.205029,9.8240283,-0.002927461975348322,2,0.03292005184588114,-3.0330492618919944,1,-21.120548634482823
16.11,0.1511721,-0.18109260000000002,9.8240283,-0.0024695111182690965,2,0.028621928567454758,-3.033092437676743,1,-21.16907776807937
16.125,0.1511721,-0.2514303,9.839037600000001,-0.0016190606663197826,2,0.056696696796618776,-3.0331231019651277,1,-21.214574384626683
16.141,0.18413369999999998,-0.2514303,9.800091900000002,-0.0017250776660873157,2,-0.006626062485471548,-3.033149855071787,1,-21.263104568282973
16.157,0.1526436,-0.2065986,9.800091900000002,-0.001867241912894002,2,-0.008885265425416905,-3.033178593628419,1,-21.31163519587258
16.172,0.1526436,-0.2604555,9.862974000000001,-0.00044166286367364194,2,0.09503860328135375,-3.033195910414243,1,-21.3571330046529
16.188,0.1990449,-0.33530580000000004,9.8225568,3.940082668130174e-05,2,0.03006648064718729,-3.0331991285105393,1,-21.405664164964293
16.204,0.1317483,-0.33530580000000004,9.895935600000001,0.002269646307661688,2,0.13939034256125854,-3.0331806561334647,1,-21.45419520324145
16.219,0.2006145,-0.31284090000000003,9.895935600000001,0.004455751458495527,2,0.1457403433889171,-3.0331302156502185,1,-21.49969253477983
16.25,0.2006145,-0.3427614,9.886910400000001,0.006392742576613486,2,0.06248358445542043,-3.032962063992674,1,-21.59371696511429
16.282,0.1646118,-0.3039138,9.8405091,0.007104272888213359,2,0.022235322237496004,-3.032746111745237,1,-21.690768295926095
16.297,0.1646118,-0.2634966,9.866015100000002,0.008391832645353148,2,0.08583731714264935,-3.0326298909537353,1,-21.736258615946337
16.313,0.18266220000000002,-0.2634966,9.8196138,0.008524593709164918,2,0.008297566488236567,-3.032494559542899,1,-21.784779611550306
16.329,0.2529999,-0.2394621,9.8196138,0.00867714717955792,2,0.009534591899561561,-3.0323569456157893,1,-21.833298423591582
16.344,0.2529999,-0.17667810000000003,9.8196138,0.008793550601216893,2,0.007760228110597883,-3.0322259153824334,1,-21.87878279504907
16.36,0.18266220000000002,-0.1796211,9.8151012,0.00876034995684627,2,-0.0020750402731641924,-3.0320854841779687,1,-21.927297286245548
16.375,0.11673900000000001,-0.2215098,9.7297542,0.006643362870031311,2,-0.14113247245432523,-3.0319699563317672,1,-21.972777702049374
16.391,0.11673900000000001,-0.24544620000000003,9.8255979,0.0069287625262859365,2,0.01783747851591607,-3.0318613793285967,1,-22.02128835273465
16.422,0.2006145,-0.24544620000000003,9.749178,0.005377300579759492,2,-0.05004715956536537,-3.031670635350453,1,-22.115273098962184
16.438,0.1287072,-0.2843919,9.749178,0.0038598713000776996,2,-0.09483932998012247,-3.031596737975414,1,-22.163779237948788
16.454,0.1287072,-0.2664396,9.788123700000002,0.003316548513453199,2,-0.03395767416402748,-3.031539326616906,1,-22.212284326465532
16.469,0.1062423,-0.2664396,9.8405091,0.004057051679433599,2,0.049366877732024764,-3.0314840246154593,1,-22.257757001599778
16.485,0.1646118,-0.2575125,9.8405091,0.00479328348139596,2,0.04601448762265266,-3.0314132219341725,1,-22.30626017957217
16.5,0.16765290000000002,-0.261927,9.8165727,0.004932127771050787,2,0.009256285976988115,-3.031340281349779,1,-22.3517308308468
16.516,0.16765290000000002,-0.3143124,9.8644455,0.006271929533101073,2,0.08373761012815208,-3.031250648891346,1,-22.400231558288723
16.532,0.20208600000000002,-0.3143124,9.9423369,0.009493221025627108,2,0.20133071828285465,-3.031124527686876,1,-22.448730559701353
16.547,0.20954160000000002,-0.261927,9.9423369,0.012602703579588592,2,0.2072988369307578,-3.030958808252337,1,-22.4941961847209
16.563,0.20954160000000002,-0.261927,9.788123700000002,0.011877219974433473,2,-0.04534272532219996,-3.030762968863905,1,-22.542689958937824
16.579,0.1856052,-0.261927,9.848062800000001,0.012618801827626314,2,0.046348865824547364,-3.0305670006894885,1,-22.591180598694258
16.594,0.1856052,-0.2529999,9.848062800000001,0.013336606926754868,2,0.04785367327523515,-3.0303723351238308,1,-22.63663764371286
16.625,0.1856052,-0.2499588,9.7986204,0.012829704457280044,2,-0.01635169256370462,-3.029966757297378,1,-22.730572899645384
16.641,0.2140542,-0.2769363,9.743193900000001,0.0110159894909998,2,-0.11335718539252776,-3.029775991745792,1,-22.779050841637723
16.657,0.1332198,-0.2934171,9.7895952,0.010354278198967393,2,-0.04135695575202084,-3.0296050296042725,1,-22.82752588980853
16.672,0.1332198,-0.2140542,9.833053500000002,0.010718166106933324,2,0.024259193864394537,-3.0294469862719784,1,-22.872968779927604
16.688,0.1482291,-0.2140542,9.752219100000001,0.009107541821249399,2,-0.10066401785525646,-3.029288380608553,1,-22.92143866286264
16.704,0.1078119,-0.23347800000000002,9.752219100000001,0.007534131354697493,2,-0.09833815415948309,-3.0291552472231453,1,-22.969906211885302
16.719,0.1078119,-0.2200383,9.8105886,0.007414677197475683,2,-0.007963610481453696,-3.029043131159004,1,-23.01534269972317
16.75,0.1392039,-0.2200383,9.7627158,0.006140556174139888,2,-0.04110067817212399,-3.028833025041744,1,-23.10923978014428
16.766,0.1781496,-0.2394621,9.7627158,0.0049240883008092595,2,-0.07602924208317267,-3.0287445078859445,1,-23.157700400407695
16.782,0.17069399999999998,-0.2559429,9.831582000000001,0.005423073021740166,2,0.031186545058178146,-3.0286617305953643,1,-23.206159650315552
16.813,0.173637,-0.24103170000000002,9.831582000000001,0.005901956126875163,2,0.01544784210112954,-3.0284861926435607,1,-23.30004544312575
16.829,0.19011780000000003,-0.23200650000000003,9.7866522,0.0052759619542097624,2,-0.03912463579158316,-3.028396769298912,1,-23.348500506821296
16.844,0.20954160000000002,-0.23200650000000003,9.856989900000002,0.006389589799645989,2,0.07424185636241232,-3.028309277660758,1,-23.393925802173495
16.86,0.205029,-0.2918475,9.856989900000002,0.0075125041991288555,2,0.07018214996768686,-3.028198060908768,1,-23.442377860882047
16.891,0.1990449,-0.2649681,9.749178,0.005958477668292161,2,-0.05012988809150819,-3.027989260689823,1,-23.53624876436682
16.907,0.2484873,-0.258984,9.749178,0.004466095780257362,2,-0.09327386800216453,-3.0279058641022343,1,-23.584695925365164
16.922,0.2484873,-0.23053500000000002,9.8196138,0.00470962073193526,2,0.016234996778525926,-3.027837046228393,1,-23.630113997192645
16.938,0.18864630000000002,-0.23053500000000002,9.821085300000002,0.004950610293757762,2,0.015061847613908046,-3.0277597643801877,1,-23.67855877167751
16.954,0.1915893,-0.2529999,9.821085300000002,0.005200592651620539,2,0.015623897366421807,-3.0276785547566245,1,-23.727002278230607
16.985,0.1482291,-0.2604555,9.7956774,0.004811525853776644,2,-0.012550541865932597,-3.027523366919791,1,-23.82085790801659
17.0,0.1482291,-0.3039138,9.8405091,0.005555274738393123,2,0.049583258974430104,-3.0274456159153496,1,-23.866270175387854
17.016,0.1287072,-0.3039138,9.689337,0.002589167291741745,2,-0.18538171541573156,-3.0273804603791086,1,-23.914708783998204
17.032,0.050913900000000005,-0.34128990000000003,9.689337,-0.00029183911556351916,2,-0.18006290045655887,-3.027362081753699,1,-23.96314672433527
17.047,0.050913900000000005,-0.3262806,9.7956774,-0.0005230008496930338,2,-0.015410782275300395,-3.0273681930534386,1,-24.008557201396325
17.063,0.1107549,-0.3262806,9.7926363,-0.0008106147797377616,2,-0.017975870627797468,-3.027378861978474,1,-24.056995177836576
17.079,0.1856052,-0.2963601,9.7926363,-0.0010867919325860953,2,-0.01726107205301892,-3.0273940412321725,1,-24.105433361062268
17.094,0.1856052,-0.2350476,9.8105886,-0.0009591293921289434,2,0.008510836030476468,-3.027409385642108,1,-24.150844386763826
17.11,0.20355750000000003,-0.2350476,9.723770100000001,-0.0029423524797653755,2,-0.12395144297729066,-3.0274405974970833,1,-24.199283186628932
17.125,0.261927,-0.17510850000000003,9.7507476,-0.004216319444527272,2,-0.08493113098412323,-3.0274942875365154,1,-24.244695198266687
17.157,0.261927,-0.2963601,9.788123700000002,-0.0044768989417391936,2,-0.008143109287872534,-3.0276333790306955,1,-24.341577240931763
17.188,0.08377740000000002,-0.31136939999999996,9.788123700000002,-0.004796445773026292,2,-0.010307962299584222,-3.0277771158737745,1,-24.43543610360278
17.204,0.08377740000000002,-0.2694807,9.8704296,-0.0031318644657609696,2,0.10403633170407102,-3.0278405423556847,1,-24.48388104486862
17.219,0.1287072,-0.2694807,9.8704296,-0.0014960924264340036,2,0.10905146928846027,-3.027875252032376,1,-24.52929891332653
17.235,0.16166880000000003,-0.38023560000000006,9.8704296,0.00020044828443488427,2,0.10603379442931717,-3.027885617185512,1,-24.57774500028027
17.25,0.16166880000000003,-0.2290635,9.7567317,-0.0010301083677006773,2,-0.08203711014236766,-3.0278918396361365,1,-24.623163331206435
17.266,0.15568469999999998,-0.2290635,9.9033912,0.0013426177886568524,2,0.14829538477236193,-3.027889339560769,1,-24.671609580640006
17.282,0.1930608,-0.2200383,9.783611100000002,0.0007483530601959387,2,-0.03714154552880295,-3.027872611793978,1,-24.720055676250848
17.297,0.17667810000000003,-0.19757340000000004,9.783611100000002,0.00014934604017824427,2,-0.03993380133451145,-3.0278658790507254,1,-24.765473714932185
17.329,0.17667810000000003,-0.2260224,9.818044200000001,0.0004194363522600497,2,0.008440322252556413,-3.0278567785324464,1,-24.862365277453517
17.344,0.1466595,-0.2260224,9.9408654,0.0036654133710882775,2,0.21639846792187364,-3.027826142159521,1,-24.907782899358708
17.36,0.20954160000000002,-0.17069399999999998,9.9408654,0.006832770821263878,2,0.19795984063599686,-3.0277421566859823,1,-24.956227445749466
17.375,0.20954160000000002,-0.2215098,9.711801900000001,0.004363088632011625,2,-0.16464547928347734,-3.0276581877400828,1,-25.001642948332663
17.391,0.1302768,-0.2649681,9.749178,0.002857563156345222,2,-0.09409534222916054,-3.0276004225257758,1,-25.050085017214784
17.407,0.1302768,-0.23200650000000003,9.7851807,0.00224606441258679,2,-0.038218671484897715,-3.027559593505224,1,-25.098526297343035
17.422,0.1856052,-0.23200650000000003,9.7582032,0.001013568994965297,2,-0.08216636117476309,-3.0275351462546674,1,-25.143939507891236
17.438,0.1302768,-0.24544620000000003,9.7327953,-0.0008221352209574206,2,-0.1147315134951825,-3.0275336147844754,1,-25.192380057979545
17.454,0.20954160000000002,-0.2575125,9.7327953,-0.00257173222062157,2,-0.10934981247899708,-3.027560765724008,1,-25.240820813023618
17.469,0.20954160000000002,-0.23200650000000003,9.8824959,-0.0006449114848514625,2,0.1284547157180023,-3.027584890551799,1,-25.286234405445686
17.5,0.23347800000000002,-0.23200650000000003,9.735738300000001,-0.0023294475202266796,2,-0.05433987210888006,-3.027630993116378,1,-25.38009025164254
17.516,0.19610190000000002,-0.23799060000000002,9.735738300000001,-0.003989477424743981,2,-0.10375186903234278,-3.0276815445159375,1,-25.428532751943592
17.532,0.19610190000000002,-0.23799060000000002,9.740250900000001,-0.0054990105255239285,2,-0.09434581879873614,-3.02775745241954,1,-25.47697626391908
17.547,0.16765290000000002,-0.23799060000000002,9.871999200000001,-0.0037727181801550103,2,0.11508615635792352,-3.0278269903848325,1,-25.522393147240116
17.563,0.1661814,-0.3053853,9.871999200000001,-0.0020439224953534563,2,0.10804973030010902,-3.0278735235102365,1,-25.57083875135127
17.579,0.1661814,-0.3173535,9.7417224,-0.0035234565203676738,2,-0.09247087656337824,-3.0279180625423625,1,-25.619285084039696
17.594,0.1796211,-0.3173535,9.7372098,-0.005071076774232353,2,-0.10317468359097468,-3.027982521542072,1,-25.664704338420332
17.61,0.1781496,-0.29783160000000003,9.891423,-0.002837692131409497,2,0.13958654017644384,-3.0280457916933172,1,-25.71315256492621
17.625,0.1781496,-0.2394621,9.8091171,-0.002703965319566848,2,0.008915120789509618,-3.0280873541241995,1,-25.758573563519846
17.657,0.0898596,-0.2394621,9.8046045,-0.0027129326286861044,2,-0.00028022840997676796,-3.0281740244913715,1,-25.855473745577694
17.672,0.20954160000000002,-0.20355750000000003,9.8046045,-0.0026969060480634965,2,0.0010684387081738172,-3.0282145982814472,1,-25.900896660248492
17.688,0.20954160000000002,-0.16765290000000002,9.831582000000001,-0.0020400992009523833,2,0.0410504279444491,-3.0282524943234392,1,-25.949348396989325
17.704,0.1856052,-0.16765290000000002,9.728282700000001,-0.003929711748240194,2,-0.11810078420547498,-3.0283002528110328,1,-25.997800818966407
17.719,0.145188,-0.2080701,9.8105886,-0.0037641762171798376,2,0.011035702070690035,-3.0283579569707735,1,-26.043225755539773
17.75,0.18266220000000002,-0.2080701,9.8764137,-0.001982556107323674,2,0.05747161644697523,-3.0284470313218033,1,-26.137106232858304
17.766,0.1437165,-0.2694807,9.749178,-0.0033256902923142206,2,-0.0839458865619184,-3.0284894972930005,1,-26.18556172508722
17.782,0.1377324,-0.2858634,9.749178,-0.004626795985325671,2,-0.08131910581320656,-3.028553117183222,1,-26.234018066003035
17.797,0.1377324,-0.3367773,9.788123700000002,-0.004907300333378828,2,-0.018700289870209733,-3.028624622905612,1,-26.279446899053703
17.813,0.1646118,-0.3367773,9.8240283,-0.00429576220513006,2,0.03822113301555218,-3.02869824740592,1,-26.327905482016188
17.829,0.16912439999999998,-0.32333760000000006,9.8240283,-0.0037082766611487017,2,0.03671784649883081,-3.0287622797168505,1,-26.376365166233175
17.844,0.16912439999999998,-0.3008727,9.7672284,-0.0045370202325027975,2,-0.055249571423604295,-3.028824119443553,1,-26.42179706422688
17.86,0.1661814,-0.3008727,9.8120601,-0.004253999128861707,2,0.017688818977570082,-3.028894447598444,1,-26.47025881276321
17.875,0.20355750000000003,-0.2575125,9.8120601,-0.003990789689378715,2,0.017547295965532138,-3.0289562835145807,1,-26.51569269324656
17.891,0.20355750000000003,-0.2664396,9.848062800000001,-0.002850585693462193,2,0.0712627497447905,-3.029011014517643,1,-26.564156431630813
17.907,0.21552570000000001,-0.205029,9.8076456,-0.0027531527698876346,2,0.006089557723409229,-3.02905584442535,1,-26.612620966502362
17.922,0.205029,-0.205029,9.855518400000001,-0.0014964610413521484,2,0.08377944856902923,-3.0290877165289345,1,-26.65805704320952
17.938,0.2140542,-0.23053500000000002,9.855518400000001,-0.00025200203186948045,2,0.07777868809267531,-3.02910170423352,1,-26.706522558575614
17.954,0.2140542,-0.23347800000000002,9.8255979,0.00023440268732599634,2,0.030400294949713896,-3.0291018450282765,1,-26.754988186969715
17.969,0.21856680000000003,-0.23347800000000002,9.851005800000001,0.001330743357829789,2,0.0730893780335834,-3.0290901064329376,1,-26.800424626605675
18.0,0.1511721,-0.2889045,9.8689581,0.0028429587202207784,2,0.048781140722291866,-3.029025414050728,1,-26.894325417173167
18.016,0.09878670000000002,-0.2889045,9.851005800000001,0.003864467311293751,2,0.06384428694206783,-3.0289717546424755,1,-26.94278939452271
18.032,0.1915893,-0.2634966,9.851005800000001,0.004877037722806676,2,0.06328565071955075,-3.0289018226022026,1,-26.991252383140672
18.047,0.1915893,-0.258984,9.774684,0.004001489096987498,2,-0.05836990838794299,-3.028835233651054,1,-27.036685411062575
18.063,0.1796211,-0.2484873,9.8046045,0.003864523600196179,2,-0.008560343549458392,-3.0287723055494764,1,-27.085146271376175
18.079,0.173637,-0.2484873,9.842078700000002,0.0046418406343118335,2,0.048582314632222956,-3.0287042546356004,1,-27.13360608385766
18.094,0.21101310000000004,-0.31136939999999996,9.842078700000002,0.005461597417527386,2,0.054650452214368116,-3.028628478850212,1,-27.179036079358806
18.11,0.21101310000000004,-0.2889045,9.8151012,0.005587110299218878,2,0.007844555105719107,-3.028540089188478,1,-27.22749342790311
18.125,0.1870767,-0.2889045,9.7911648,0.005114274879650438,2,-0.03152236130456149,-3.0284598287996363,1,-27.272920927288023
18.141,0.18266220000000002,-0.2889045,9.7911648,0.004650940319343988,2,-0.028958410019156302,-3.028381707078044,1,-27.32137565957504
18.157,0.18266220000000002,-0.2604555,9.806076000000001,0.0045429479839977915,2,-0.006749520959136523,-3.0283081559716174,1,-27.369829178479442
18.188,0.16912439999999998,-0.2604555,9.7732125,0.003630524181426509,2,-0.029433025889397352,-3.028181467153053,1,-27.46370476763787
18.204,0.17667810000000003,-0.2694807,9.7732125,0.002749577183012164,2,-0.055059187400890386,-3.0281304263421376,1,-27.51215526278584
18.219,0.17667810000000003,-0.24103170000000002,9.8584614,0.003950281631627917,2,0.08004696324104714,-3.0280801774010278,1,-27.557576842313914
18.235,0.173637,-0.2575125,9.851005800000001,0.004948788737406673,2,0.062406694111179155,-3.0280089848380753,1,-27.606025555611822
18.25,0.1392039,-0.2575125,9.7417224,0.003245353338597212,2,-0.11356235992062642,-3.0279475287725055,1,-27.651445229463903
18.266,0.1946304,-0.20208600000000002,9.7417224,0.0015747427271399772,2,-0.10441316321608869,-3.0279089680039797,1,-27.699892081438108
18.282,0.1946304,-0.24103170000000002,9.8974071,0.0037617718193132532,2,0.13668931826081446,-3.0278662758876083,1,-27.748338283389245
18.297,0.18413369999999998,-0.24397470000000002,9.7895952,0.0032640285754883536,2,-0.03318288292165872,-3.0278135823846473,1,-27.793755882326288
18.329,0.18413369999999998,-0.2529999,9.831582000000001,0.0038075578458300896,2,0.016985289698179237,-3.027700437001906,1,-27.890644106636472
18.344,0.2065986,-0.2529999,9.771642900000002,0.00288759434175212,2,-0.06133090027186232,-3.0276502233604994,1,-27.93605923658919
18.36,0.16765290000000002,-0.24103170000000002,9.771642900000002,0.001964512423500153,2,-0.057692619890754276,-3.0276114065063773,1,-27.98450132962812
18.375,0.16765290000000002,-0.2499588,9.723770100000001,-9.766071895889183e-05,2,-0.13747820949726447,-3.0275974051185934,1,-28.02991539571531
18.391,0.1466595,-0.2664396,9.777627,-0.0007941955542936086,2,-0.04353342720842459,-3.0276045399687797,1,-28.078357011276005
18.407,0.1107549,-0.2664396,9.8136297,-0.000607530029794745,2,0.011666595281177665,-3.0276157537734525,1,-28.126798773625946
18.422,0.1856052,-0.3039138,9.8136297,-0.0003713207729401091,2,0.015747283790308462,-3.027623095154473,1,-28.172213064992906
18.438,0.142245,-0.2724237,9.7536906,-0.0016422767280968031,2,-0.07943474719730212,-3.027639203934481,1,-28.22065516338561
18.454,0.11673900000000001,-0.2963601,9.7536906,-0.0028734748651864095,2,-0.07694988356809178,-3.027675329947227,1,-28.26909767965667
18.485,0.11673900000000001,-0.2784078,9.777627,-0.0035040025738730662,2,-0.02033960350602197,-3.0277741808475325,1,-28.362957147073985
18.5,0.1362609,-0.2784078,9.747706500000001,-0.004842395111591458,2,-0.08922616918122271,-3.0278367788301734,1,-28.40837422927157
18.516,0.18109260000000002,-0.22455090000000003,9.747706500000001,-0.006164225556743119,2,-0.08261440282198795,-3.02792483179552,1,-28.45682032215657
18.532,0.18413369999999998,-0.3008727,9.7447635,-0.007474018599317844,2,-0.08186206516091116,-3.0280339377487686,1,-28.50526799231293
18.547,0.18413369999999998,-0.24701580000000004,9.9153594,-0.004629938236305975,2,0.18960535753411745,-3.028124717425036,1,-28.550689182226737
18.563,0.1915893,-0.24701580000000004,9.800091900000002,-0.004661771885754007,2,-0.0019896030905022202,-3.028199051106012,1,-28.59913977237498
18.579,0.1272357,-0.2230794,9.800091900000002,-0.004732346399984877,2,-0.004410907139428883,-3.0282742040522983,1,-28.647591558416252
18.594,0.1272357,-0.1915893,9.7941078,-0.004963357192499629,2,-0.015400719500982882,-3.028346921829242,1,-28.693016216860364
18.61,0.2260224,-0.1915893,9.831582000000001,-0.0042317087916128315,2,0.045728025055429875,-3.028420482357115,1,-28.74147035609385
18.625,0.1781496,-0.2260224,9.831582000000001,-0.0035240665402369586,2,0.047176150091723074,-3.0284786506721035,1,-28.78689709959157
18.641,0.1781496,-0.23347800000000002,9.842078700000002,-0.0025735332277267986,2,0.059408332031891546,-3.028527431470247,1,-28.835353148248704
18.657,0.1332198,-0.23347800000000002,9.8809263,-0.0007163603836719545,2,0.11607330275341476,-3.0285537506191385,1,-28.883809797705425
18.672,0.08534699999999999,-0.315882,9.8809263,0.001138453776531989,2,0.12365427734692488,-3.028550584918692,1,-28.92923808022196
18.704,0.13469129999999999,-0.3427614,9.818044200000001,0.0014506188418152988,2,0.009755158290103419,-3.028509159756798,1,-29.026151036136767
18.719,0.13469129999999999,-0.261927,9.800091900000002,0.0012568273589046441,2,-0.012919432194043151,-3.0284888539102925,1,-29.07157852123927
18.735,0.20355750000000003,-0.3202965,9.806076000000001,0.0012848402230378753,2,0.0017508040083271377,-3.028468520569637,1,-29.120034180235105
18.75,0.20355750000000003,-0.22455090000000003,9.7507476,-0.00010149190284458598,2,-0.09242214172549391,-3.0284596454572354,1,-29.165461141480307
18.766,0.1571562,-0.22455090000000003,9.717786,-0.0022785583001816434,2,-0.13606664983358108,-3.0284786858588597,1,-29.21391664813083
18.782,0.2200383,-0.2709522,9.717786,-0.004343937401861453,2,-0.12908619385497366,-3.028531665824476,1,-29.262372730944303
18.797,0.2200383,-0.2769363,9.8734707,-0.0025601150835701247,2,0.11892148788608405,-3.028583446218117,1,-29.307801094284624
18.813,0.1721655,-0.2769363,9.8136297,-0.002301714115459319,2,0.016150060506927136,-3.028622340851709,1,-29.35625874058118
18.829,0.1915893,-0.33981839999999996,9.8136297,-0.001992679371992878,2,0.019314671466650394,-3.0286566959996084,1,-29.404716972875995
18.844,0.23799060000000002,-0.3367773,9.8375661,-0.0010856861543455665,2,0.06046621450981848,-3.028679783741056,1,-29.450146996474054
18.86,0.23799060000000002,-0.2575125,9.845021700000002,-7.743718285802004e-05,2,0.06301556071797859,-3.0286890887277536,1,-29.4986059474538
18.891,0.1511721,-0.2575125,9.8076456,-4.680002584755982e-05,2,0.0009882953874342385,-3.0286910144044885,1,-29.592495339052345
18.907,0.1511721,-0.2514303,9.8076456,-2.0757392618975246e-05,2,0.001627664576786354,-3.0286915548638365,1,-29.640954399606496
18.922,0.1511721,-0.24701580000000004,9.830012400000001,0.0005472098039440709,2,0.03786447977086831,-3.0286876064707515,1,-29.686384743316506
18.938,0.1511721,-0.24701580000000004,9.7686999,-0.00039345005933988375,2,-0.05879124145525364,-3.0286863763927947,1,-29.73484373517941
18.954,0.17069399999999998,-0.19757340000000004,9.7686999,-0.0013307565322602244,2,-0.05858165455751473,-3.0287001700455276,1,-29.783302827550923
18.969,0.17069399999999998,-0.1586277,9.7821396,-0.0019348101048954902,2,-0.040270238175682864,-3.028724661795306,1,-29.828733513789732
18.985,0.21856680000000003,-0.1586277,9.9243846,0.000967181121000138,2,0.18137445161849675,-3.028732402827177,1,-29.877193170306708
19.0,0.2006145,-0.2544714,9.9243846,0.0038377791739829803,2,0.19137320353218223,-3.0286963656249646,1,-29.9226238860701
19.016,0.1257642,-0.2260224,9.7536906,0.0024297363999306043,2,-0.08800267337828319,-3.028646225500373,1,-29.971082626799095
19.032,0.1646118,-0.2918475,9.842078700000002,0.003267282767213331,2,0.052346647955164555,-3.028600649347036,1,-30.01954060179788
19.047,0.08829,-0.2934171,9.842078700000002,0.004061634920052626,2,0.052956810189284324,-3.0285456824643817,1,-30.064969199286466
19.063,0.08829,-0.2784078,9.7821396,0.0033647008784978283,2,-0.04355837759717964,-3.0284862717779935,1,-30.1134254549204
19.094,0.1870767,-0.2784078,9.8674866,0.004799082442835001,2,0.04627037304313108,-3.028359733136513,1,-30.207306567996582
19.11,0.19011780000000003,-0.290376,9.8674866,0.006208303979754248,2,0.08807634605746266,-3.0282716740451323,1,-30.25575961925403
19.125,0.19011780000000003,-0.2649681,9.827069400000001,0.006580480633514796,2,0.024811776917368897,-3.0281757581605326,1,-30.301182974995573
19.141,0.1317483,-0.2649681,9.7821396,0.0058249271412478265,2,-0.04722209326669079,-3.0280765148983346,1,-30.349632993180037
19.157,0.20208600000000002,-0.2738952,9.7821396,0.005123053434800795,2,-0.043867106652934564,-3.0279889310537262,1,-30.39808151674766
19.172,0.1302768,-0.2649681,9.8405091,0.005825568595195563,2,0.046834344026316074,-3.0279068163885015,1,-30.443500734853476
19.188,0.1302768,-0.2559429,9.8674866,0.007162834073540125,2,0.08357909239654436,-3.0278029091671517,1,-30.491946412657917
19.204,0.1631403,-0.2559429,9.8689581,0.00851526858836138,2,0.08452715717631895,-3.0276774843458565,1,-30.540390255806027
19.235,0.1915893,-0.2065986,9.8689581,0.009818990715821485,2,0.04205555249871469,-3.0273933033266416,1,-30.634243853014947
19.25,0.13469129999999999,-0.16765290000000002,9.740250900000001,0.007911531338416822,2,-0.1271639584936394,-3.027260324411235,1,-30.679653755222983
19.266,0.19011780000000003,-0.2200383,9.740250900000001,0.00609854723641412,2,-0.11331150637518132,-3.0271482437826362,1,-30.72808902376853
19.282,0.19011780000000003,-0.1915893,9.8016615,0.005812374894802019,2,-0.017885771350754306,-3.0270529564055866,1,-30.77652263337004
19.297,0.1915893,-0.1915893,9.827069400000001,0.006153349793672547,2,0.02273165992470097,-3.026963213470423,1,-30.82192775464411
19.313,0.17667810000000003,-0.2575125,9.8405091,0.0068435533361626,2,0.04313772140563308,-3.0268592382453843,1,-30.870358334257833
19.329,0.1870767,-0.287433,9.8405091,0.00754180292032558,2,0.04364059901018136,-3.0267441553953325,1,-30.918787161406964
19.344,0.1870767,-0.3202965,9.8809263,0.009232845383568389,2,0.11273616421618299,-3.0266183455330533,1,-30.964187380163928
19.36,0.142245,-0.3202965,9.8165727,0.009295825951319614,2,0.0039362854844520075,-3.026470116162374,1,-31.012612087857487
19.375,0.1406754,-0.3023442,9.8165727,0.009342841280888692,2,0.00313435530460507,-3.0263303261581327,1,-31.058008091174894
19.391,0.1406754,-0.2948886,9.8076456,0.009165567859101387,2,-0.011079588861707788,-3.026182258885013,1,-31.106428191855233
19.422,0.1332198,-0.2948886,9.743193900000001,0.007418948283421045,2,-0.056342566957426087,-3.0259251988848037,1,-31.20023585745067
19.438,0.19610190000000002,-0.315882,9.743193900000001,0.005756871107928774,2,-0.1038798234682784,-3.025819792329673,1,-31.248649817380382
19.454,0.19610190000000002,-0.2664396,9.7986204,0.0054504106322887935,2,-0.01915377972749662,-3.025730134075751,1,-31.29706221679163
19.469,0.1646118,-0.2664396,9.7387794,0.003678508366075306,2,-0.11812681774756136,-3.0256616671832637,1,-31.342447655301076
19.485,0.2080701,-0.2080701,9.8016615,0.003468443335135518,2,-0.013129064433738184,-3.025604491569654,1,-31.390857784571093
19.5,0.2080701,-0.21101310000000004,9.843550200000001,0.004286246639624736,2,0.054520220299279096,-3.025546331394843,1,-31.43624141574333
19.516,0.1526436,-0.21101310000000004,9.831582000000001,0.00476753904117011,2,0.030080775096589223,-3.0254739011093967,1,-31.484649577603356
19.532,0.19011780000000003,-0.20954160000000002,9.831582000000001,0.005252251801652008,2,0.03029454753011523,-3.0253937427826543,1,-31.5330565187545
19.547,0.19011780000000003,-0.2080701,9.803133,0.005030788093405292,2,-0.014764247216447196,-3.025316619983441,1,-31.578436846475245
19.563,0.1796211,-0.2080701,9.8464932,0.005867052050437138,2,0.05226649731449616,-3.0252294372622903,1,-31.626841214933204
19.579,0.15421320000000002,-0.23053500000000002,9.8464932,0.00668461691198452,2,0.05109780384670565,-3.025129023910591,1,-31.675244082622594
19.61,0.15421320000000002,-0.2754648,9.9288972,0.00951921555718016,2,0.09143866597405645,-3.024877864507319,1,-31.769019189393067
19.625,0.142245,-0.2754648,9.7821396,0.008702638028788456,2,-0.05443850189277822,-3.0247412006054244,1,-31.814391332381415
19.641,0.142245,-0.2575125,9.8375661,0.009245312709246889,2,0.03391716752865577,-3.0245976169995203,1,-31.86278604292225
19.657,0.18413369999999998,-0.3307932,9.800091900000002,0.008931774430935846,2,-0.019596142394437993,-3.024452200302399,1,-31.91117844146067
19.672,0.1317483,-0.3307932,9.7536906,0.007474317010807141,2,-0.09716382800857665,-3.0243291546165856,1,-31.956544301622564
19.704,0.1482291,-0.2829204,9.7536906,0.006021460872849715,2,-0.04540175431116951,-3.024113222170447,1,-32.05331937965116
19.719,0.1482291,-0.31136939999999996,9.7686999,0.004991019135113461,2,-0.068696115849081,-3.0240306285703875,1,-32.09868045853172
19.735,0.1586277,-0.31136939999999996,9.740250900000001,0.003296257845260442,2,-0.10592258061582539,-3.0239643303545445,1,-32.14706441820311
19.75,0.13469129999999999,-0.32333760000000006,9.740250900000001,0.0016435520266409043,2,-0.110180387907965,-3.023927281780505,1,-32.192423605294124
19.766,0.13469129999999999,-0.2215098,9.7956774,0.0013131172240754552,2,-0.020652175160342845,-3.0239036284264995,1,-32.24080625257577
19.782,0.23200650000000003,-0.20208600000000002,9.8136297,0.0014625560496011047,2,0.009339926595352053,-3.02388142304031,1,-32.28918853298751
19.797,0.18413369999999998,-0.20208600000000002,9.7536906,0.0001222458328431486,2,-0.08935401445052703,-3.023869537026192,1,-32.33454666518801
19.829,0.2080701,-0.18109260000000002,9.7372098,-0.0015855042951251619,2,-0.053367191499009654,-3.0238929491615885,1,-32.43131086496701
19.844,0.2080701,-0.18109260000000002,9.934881299999999,0.001567759194788465,2,0.21021756599423383,-3.023893082249841,1,-32.4766692602026
19.86,0.2080701,-0.18109260000000002,9.934881299999999,0.004644113819095352,2,0.19227216401920164,-3.02384338726573,1,-32.52505115195872
19.875,0.1511721,-0.2425032,9.743193900000001,0.002978942110726024,2,-0.1110114472246177,-3.023786214346256,1,-32.570408373970814
19.891,0.1571562,-0.2425032,9.7791966,0.0022344228193720284,2,-0.04653245570962985,-3.0237445074268154,1,-32.61878861974499
19.907,0.11526750000000001,-0.2350476,9.7791966,0.0014893992791567001,2,-0.046563971263452804,-3.0237147168500274,1,-32.66716829353921
19.922,0.11526750000000001,-0.30685680000000004,9.8524773,0.0025973903633111917,2,0.0738660722769633,-3.023684065927709,1,-32.712523784410045
19.938,0.1377324,-0.2499588,9.7208271,0.0004365772280152669,2,-0.13505082095601018,-3.0236597941869783,1,-32.76090253529096
19.954,0.1646118,-0.2499588,9.803133,0.00034517577731563165,2,-0.005712590668726563,-3.0236535401629356,1,-32.80928104196576
19.969,0.1526436,-0.2514303,9.803133,0.0002521997423539091,2,-0.00619840233078127,-3.023649059846538,1,-32.85463581146583
19.985,0.1526436,-0.3218661,9.8076456,0.00032168795870823885,2,0.004343013522146089,-3.0236444687449295,1,-32.90301415969456
20.0,0.20208600000000002,-0.3218661,9.8105886,0.0004830007766258859,2,0.010754187861176063,-3.0236384335794146,1,-32.948368781461994
20.016,0.2140542,-0.2679111,9.8105886,0.0006070369503685669,2,0.0077522608589184125,-3.023629713277599,1,-32.996746926636845
20.032,0.2140542,-0.2963601,9.8255979,0.0011138165491377805,2,0.031673724923072306,-3.0236159464496026,1,-33.04512489191467
20.047,0.19610190000000002,-0.2963601,9.8674866,0.002620113740826824,2,0.10041981277926575,-3.023587941972428,1,-33.09047892107783
20.063,0.2365191,-0.2575125,9.8674866,0.004084692922319277,2,0.09153619884328842,-3.023534303519123,1,-33.13885589904176
20.094,0.2365191,-0.2260224,9.8016615,0.0038901407155709222,2,-0.006275877637043238,-3.0234106935977354,1,-33.232583546497075
20.11,0.21101310000000004,-0.23200650000000003,9.834525,0.004490687691813378,2,0.037534186015157595,-3.0233436469704764,1,-33.280957581221614
20.125,0.1930608,-0.23200650000000003,9.831582000000001,0.004995849627773552,2,0.033677462397343684,-3.0232724979405794,1,-33.32630720230845
20.141,0.15421320000000002,-0.2425032,9.831582000000001,0.0054781394821521445,2,0.030143115898665352,-3.0231887060277,1,-33.37467889194019
20.157,0.15421320000000002,-0.2230794,9.8524773,0.006446901356563117,2,0.060547617150679016,-3.0230933057009906,1,-33.423049148034025
20.172,0.1571562,-0.2230794,9.7895952,0.005860050632552571,2,-0.03912338160070157,-3.023001003561072,1,-33.468394855353495
20.188,0.1856052,-0.2514303,9.7895952,0.005316406117438888,2,-0.03397778219460897,-3.0229115919070724,1,-33.51676215611723
20.204,0.1856052,-0.2664396,9.827069400000001,0.005709203344071767,2,0.024549826664552216,-3.02282338703138,1,-33.565128035948746
20.219,0.1332198,-0.2664396,9.7956774,0.00530639824098067,2,-0.02685367353940547,-3.0227407700194924,1,-33.61046976712663
20.235,0.1406754,-0.2694807,9.7956774,0.0049179867517601394,2,-0.024275718076285823,-3.0226589749395503,1,-33.6588329650863
20.25,0.1406754,-0.2499588,9.7732125,0.0039787409979794575,2,-0.06261638358537643,-3.022592249481427,1,-33.704172349269456
20.266,0.18266220000000002,-0.2829204,9.827069400000001,0.004414049255371921,2,0.027206766087031986,-3.0225251071594004,1,-33.75253328812258
20.297,0.15421320000000002,-0.2604555,9.827069400000001,0.004811712979877925,2,0.01282786208083784,-3.022382107844754,1,-33.84622934995515
20.313,0.15421320000000002,-0.30685680000000004,9.866015100000002,0.006181645157472104,2,0.08562076109964566,-3.022294160979655,1,-33.89458676010574
20.329,0.1392039,-0.30685680000000004,9.7866522,0.005578180525921184,2,-0.03771653947192832,-3.0222000823741877,1,-33.94294271405258
20.36,0.1302768,-0.4027005000000001,9.831582000000001,0.006165947372950953,2,0.01896022087192877,-3.022018048391755,1,-34.03662809507944
20.375,0.11821050000000001,-0.4027005000000001,9.8285409,0.006661557068555979,2,0.033040646373667146,-3.0219218421084437,1,-34.081957644258196
20.407,0.19610190000000002,-0.32932170000000005,9.7686999,0.005650416252793278,2,-0.03159815049258438,-3.021724850535302,1,-34.1786559913405
20.422,0.1946304,-0.205029,9.6354801,0.001332471623609166,2,-0.28786297527892984,-3.021672478876229,1,-34.223981471311085
20.438,0.2215098,-0.205029,9.7686999,0.0003816853227505135,2,-0.05942414380367233,-3.021658765620658,1,-34.27232812126705
20.454,0.1482291,-0.20208600000000002,9.7686999,-0.000581217291260927,2,-0.060181413375708294,-3.021660361876406,1,-34.320674674287034
20.469,0.1482291,-0.1796211,9.7911648,-0.0009835670225708526,2,-0.026823315420660687,-3.02167209775876,1,-34.3659996677343
20.485,0.1915893,-0.1796211,9.7612443,-0.0020872620817673493,2,-0.06898094119978863,-3.0216966643915946,1,-34.4143466178315
20.5,0.19757340000000004,-0.22455090000000003,9.7612443,-0.003138451691489408,2,-0.07007930731480125,-3.021735857244894,1,-34.45967236174377
20.532,0.1257642,-0.2140542,9.8375661,-0.0023378383809973258,2,0.025019165952877544,-3.0218234778860538,1,-34.55636931110587
20.547,0.13469129999999999,-0.22455090000000003,9.8375661,-0.0015481655661258031,2,0.05264485432476618,-3.0218526229156573,1,-34.60169688186188
20.563,0.13469129999999999,-0.2963601,9.821085300000002,-0.0011331538877570324,2,0.025938229898051026,-3.021874073471288,1,-34.65004669543298
20.579,0.12272310000000002,-0.24544620000000003,9.8764137,0.0005826239006871958,2,0.10723611177775226,-3.0218784777111845,1,-34.69839671584244
20.61,0.1930608,-0.2889045,9.783611100000002,5.056006303050253e-05,2,-0.017163349601829476,-3.0218686633597467,1,-34.792074796529036
20.625,0.1930608,-0.2889045,9.8464932,0.001064222931207226,2,0.06757752454511233,-3.02186030248729,1,-34.83740276377289
20.641,0.17667810000000003,-0.2889045,9.8928945,0.003176738139476498,2,0.13203220051684406,-3.021826374798725,1,-34.88575225719118
20.657,0.1526436,-0.2350476,9.8928945,0.0051932082165482285,2,0.12602937981696904,-3.021759415227877,1,-34.934100943511396
20.672,0.1526436,-0.3338343,9.740250900000001,0.0035093201780256322,2,-0.11225920256816883,-3.0216941462649176,1,-34.97942684522259
20.688,0.1646118,-0.3338343,9.7956774,0.003222138542291475,2,-0.017948852233386804,-3.021640294595155,1,-35.02777352074946
20.704,0.17510850000000003,-0.24544620000000003,9.7956774,0.0028826928974208244,2,-0.021215352804413293,-3.0215914559436374,1,-35.07611937475378
20.719,0.17510850000000003,-0.3053853,9.8255979,0.0033219060481002316,2,0.029280876711959374,-3.021544921451546,1,-35.121442897584245
20.735,0.1466595,-0.18266220000000002,9.8196138,0.003518833823246581,2,0.012307985946648193,-3.0214901955325755,1,-35.16978717852011
20.75,0.2065986,-0.18266220000000002,9.774684,0.0026418309123990014,2,-0.05846686072316976,-3.0214439905470583,1,-35.21510918491571
20.766,0.2080701,-0.16166880000000003,9.774684,0.0017779640723318835,2,-0.053991677504200815,-3.0214086321871805,1,-35.26345200589758
20.782,0.2080701,-0.21709530000000002,9.788123700000002,0.001288991037872833,2,-0.030560814653687228,-3.021384096546299,1,-35.31179434772745
20.813,0.142245,-0.21709530000000002,9.845021700000002,0.0021704971925924355,2,0.028435682410310848,-3.0213304744787264,1,-35.405456423578336
20.829,0.17667810000000003,-0.2365191,9.845021700000002,0.003055010498240307,2,0.05528208160298578,-3.0212886704171997,1,-35.45379737673751
20.844,0.17667810000000003,-0.21552570000000001,9.8076456,0.0029949542201688217,2,-0.0040037518714322005,-3.0212432956818116,1,-35.49911636648326
20.86,0.1661814,-0.21552570000000001,9.783611100000002,0.0023459083211374576,2,-0.040565368689464726,-3.0212005687814814,1,-35.547455917398956
20.875,0.16912439999999998,-0.2738952,9.783611100000002,0.0017495144079848757,2,-0.039759594210170626,-3.021169853111013,1,-35.59277369556315
20.891,0.16912439999999998,-0.2274939,9.8405091,0.00252585832727803,2,0.048521494955827485,-3.0211356501291307,1,-35.64111213958907
20.907,0.16912439999999998,-0.2858634,9.834525,0.003174512442203792,2,0.04054088218285558,-3.021090047162975,1,-35.68944994516741
20.922,0.1946304,-0.31284090000000003,9.9288972,0.006139021693520874,2,0.197633950087798,-3.021020195656957,1,-35.73476577198856
20.938,0.1946304,-0.3023442,9.839037600000001,0.0068330512268417465,2,0.043376845832559296,-3.020916419073594,1,-35.7831012649064
20.969,0.1915893,-0.3023442,9.7567317,0.0055025756625877165,2,-0.042918566588836415,-3.020725216856808,1,-35.876746710263326
20.985,0.1497006,-0.2843919,9.7567317,0.004173534766639619,2,-0.08306505599676521,-3.0206478079733743,1,-35.92507769446196
21.0,0.1511721,-0.3307932,9.800091900000002,0.003969954995122649,2,-0.013571984767797533,-3.020586731800161,1,-35.970386953510264
21.032,0.1870767,-0.2754648,9.800091900000002,0.003744729252968426,2,-0.007038304442319448,-3.0204632968521916,1,-36.067043753968704
21.047,0.1990449,-0.2484873,9.7821396,0.003075534900821353,2,-0.0446129568098032,-3.020412144871038,1,-36.11235031978163
21.063,0.1990449,-0.2274939,9.8255979,0.0034696663722666443,2,0.02463321696533343,-3.0203597832608535,1,-36.16067649520668
21.079,0.2140542,-0.2274939,9.7327953,0.0015995524987495457,2,-0.11688211709480557,-3.0203192295098855,1,-36.209001927308854
21.094,0.2006145,-0.1856052,9.7327953,-0.00025360079265546176,2,-0.12354355276032915,-3.0203091348720896,1,-36.25430664004172
21.11,0.2006145,-0.19610190000000002,9.695321100000001,-0.0029701608905359222,2,-0.1697850061175475,-3.0203349249655553,1,-36.302631792520415
21.125,0.1661814,-0.19610190000000002,9.888480000000001,-0.000926773564549066,2,0.13622582173245193,-3.0203641519739683,1,-36.34793703559746
21.141,0.1796211,-0.2274939,9.888480000000001,0.001088897510864939,2,0.1259794422133892,-3.0203628549823978,1,-36.396262851653105
21.157,0.1796211,-0.21258269999999999,9.7672284,9.114546200272855e-05,2,-0.062359503053881174,-3.0203534146386146,1,-36.44458858181008
21.172,0.1392039,-0.21258269999999999,9.8225568,0.0004506649403275276,2,0.02396796522165236,-3.020349351060597,1,-36.489893852552825
21.188,0.1526436,-0.2829204,9.8225568,0.0008495353957318486,2,0.024929403462772805,-3.0203389494579085,1,-36.538219358956965
21.219,0.19757340000000004,-0.2634966,9.735738300000001,-0.0008712919304265654,2,-0.05551055890833171,-3.0203392866841963,1,-36.63184987161718
21.235,0.1526436,-0.2634966,9.833053500000002,-0.00019745477717947324,2,0.042114822077947894,-3.0203478366578573,1,-36.68017536860391
21.25,0.1466595,-0.3173535,9.833053500000002,0.0004965031576862344,2,0.046263862324378756,-3.0203455937950037,1,-36.72548056933231
21.266,0.1466595,-0.34128990000000003,9.877983300000002,0.00228814606146166,2,0.11197768148597644,-3.0203233166012504,1,-36.77380592061548
21.282,0.1377324,-0.34128990000000003,9.830012400000001,0.0028637514632610106,2,0.03597533761245539,-3.020282101421053,1,-36.82213076395966
21.297,0.16166880000000003,-0.32333760000000006,9.830012400000001,0.0034194103051827796,2,0.03704392279478319,-3.0202349777077893,1,-36.867434642053134
21.313,0.16166880000000003,-0.2215098,9.7956774,0.003055611632845512,2,-0.022737417021081736,-3.020183177532285,1,-36.91575798729505
21.344,0.21552570000000001,-0.2215098,9.848062800000001,0.004003026013940314,2,0.03056175422886226,-3.0200737686487598,1,-37.00938196996086
21.36,0.18109260000000002,-0.1781496,9.8091171,0.003939399608968941,2,-0.0039766503107112544,-3.0200102292437765,1,-37.057702641944
21.375,0.18109260000000002,-0.21552570000000001,9.8615025,0.00517278102763008,2,0.08222542791073949,-3.019941887889002,1,-37.103002282822494
21.391,0.1212516,-0.21552570000000001,9.7582032,0.0038350190984299815,2,-0.08361012057501538,-3.0198698254879934,1,-37.1513207765295
21.407,0.19610190000000002,-0.2499588,9.7582032,0.0025795812340909663,2,-0.07846486652117966,-3.0198185086853333,1,-37.199638283202894
21.422,0.19610190000000002,-0.2754648,9.8016615,0.002430828112958139,2,-0.00991687474218812,-3.0197809306152306,1,-37.24493527899765
21.454,0.11673900000000001,-0.2754648,9.7911648,0.0019989310412302785,2,-0.013496783491495622,-3.0197100544687636,1,-37.341567134758996
21.469,0.09427410000000001,-0.19011780000000003,9.7911648,0.00152219100358586,2,-0.03178266917629337,-3.0196836460534273,1,-37.386862587512915
21.485,0.09427410000000001,-0.290376,9.842078700000002,0.0023582606214880286,2,0.0522543511188913,-3.0196526024404267,1,-37.43517727750086
21.516,0.1526436,-0.2814489,9.8165727,0.002563697704772494,2,0.006627002686595914,-3.0195763120863695,1,-37.528785325676026
21.532,0.2215098,-0.2769363,9.8046045,0.0025012696714341587,2,-0.003901752083645523,-3.0195357923473596,1,-37.5770982225115
21.547,0.2215098,-0.2634966,9.740250900000001,0.0008627087406445355,2,-0.10923739538597074,-3.019510562509269,1,-37.62239107017293
21.579,0.16912439999999998,-0.2365191,9.836094600000001,0.0015582459781633418,2,0.021735538672462675,-3.019471827233768,1,-37.71901478840882
21.594,0.1796211,-0.2784078,9.8405091,0.00237569429645923,2,0.05449655455305714,-3.019442322681708,1,-37.764306644533185
21.625,0.142245,-0.315882,9.8405091,0.0031858880703374837,2,0.026135283028331777,-3.019356118155023,1,-37.85790802036615
21.641,0.142245,-0.20954160000000002,9.7986204,0.0028857748586403886,2,-0.018757075731070504,-3.019307544851591,1,-37.9062173296702
21.657,0.1856052,-0.2559429,9.8764137,0.0045339550265133255,2,0.10301126049204702,-3.0192481870125096,1,-37.95452577552512
21.672,0.18109260000000002,-0.2350476,9.7806681,0.0037930364384450854,2,-0.0493945725378808,-3.0191857345765225,1,-37.99981402993704
21.688,0.18109260000000002,-0.23053500000000002,9.8151012,0.003907026624693444,2,0.00712438664052318,-3.019124134072017,1,-38.04812050888623
21.719,0.173637,-0.23053500000000002,9.854046900000002,0.004964438325774978,2,0.03411005487359529,-3.018986626365285,1,-38.14171122567301
21.735,0.18266220000000002,-0.2514303,9.854046900000002,0.006012494904435783,2,0.06550353616630755,-3.0188988108994432,1,-38.190014309171126
21.75,0.16912439999999998,-0.2754648,9.8196138,0.006205383798913999,2,0.012859259631880572,-3.018807176809168,1,-38.235297104078946
21.782,0.1856052,-0.21258269999999999,9.8196138,0.006362729640995823,2,0.004917057565056999,-3.0186060869941294,1,-38.3318957162998
21.797,0.1856052,-0.2575125,9.8091171,0.006286573081233371,2,-0.005077103984163308,-3.0185112172237125,1,-38.37717409608143
21.813,0.16765290000000002,-0.2575125,9.7208271,0.004052044349259987,2,-0.1396580457483519,-3.0184285082842686,1,-38.42546961388549
21.829,0.21101310000000004,-0.24103170000000002,9.8644455,0.005383316342644662,2,0.08320449958653288,-3.018353025398733,1,-38.47376386615496
21.844,0.17069399999999998,-0.24397470000000002,9.8644455,0.006664865075624249,2,0.08543658219863591,-3.018262664038096,1,-38.51903848382574
21.875,0.1377324,-0.30685680000000004,9.8240283,0.006960183422451749,2,0.009526398284758432,-3.018051475786376,1,-38.61260135299302
21.891,0.17510850000000003,-0.3053853,9.8240283,0.0072616872084321216,2,0.018843986623775365,-3.017937700821329,1,-38.660889266405874
21.907,0.17510850000000003,-0.2769363,9.7956774,0.006844184679389187,2,-0.026093908065180492,-3.0178248538462262,1,-38.70917536684322
21.922,0.1631403,-0.2769363,9.9258561,0.009605232865052216,2,0.18406987904419495,-3.0177014832146427,1,-38.75444181437118
21.938,0.2290635,-0.2948886,9.9258561,0.01234329002526735,2,0.17112857251346478,-3.01752589503152,1,-38.80272363339714
21.954,0.2290635,-0.258984,9.777627,0.01137702890701675,2,-0.06039131989065573,-3.017336132480062,1,-38.85100252961724
21.985,0.1661814,-0.23799060000000002,9.830012400000001,0.01166747994747297,2,0.009369388401813871,-3.016978942592817,1,-38.94453441328086
22.016,0.1511721,-0.2814489,9.830012400000001,0.011972932147031656,2,0.009853296759958016,-3.016612516205352,1,-39.03805508089223
22.032,0.1511721,-0.2679111,9.854046900000002,0.012847633668956249,2,0.054668845120280904,-3.016413951678824,1,-39.08631929263531
22.047,0.12272310000000002,-0.2679111,9.7387794,0.010881230948514897,2,-0.13109351469608513,-3.0162359851941933,1,-39.13156416716186
22.063,0.173637,-0.2425032,9.8734707,0.012249078214088271,2,0.0854904540983453,-3.0160509427208924,1,-39.17982246258518
22.079,0.2230794,-0.2425032,9.7612443,0.01087208910438342,2,-0.08606181935654358,-3.0158659733823447,1,-39.22807779791401
22.094,0.1870767,-0.1646118,9.7612443,0.009470644855671395,2,-0.09342961658079812,-3.0157134028776444,1,-39.27331464323596
22.11,0.1870767,-0.2604555,9.8076456,0.009285390018295203,2,-0.011578427336013273,-3.015563354598653,1,-39.32156485729577
22.125,0.1946304,-0.2604555,9.7866522,0.008596484434601592,2,-0.04592703891290565,-3.0154292405402563,1,-39.36679730175931
22.141,0.173637,-0.258984,9.704346300000001,0.005907366499123157,2,-0.16806987096742074,-3.0153132097327866,1,-39.415043241361495
22.172,0.1062423,-0.29783160000000003,9.704346300000001,0.00328731415149619,2,-0.0845178176653796,-3.015170692182702,1,-39.508515741841194
22.188,0.1062423,-0.2724237,9.7895952,0.002791273087302315,2,-0.031002566512120605,-3.015122063484792,1,-39.55675808388653
22.204,0.1272357,-0.2724237,9.8495343,0.0037746781092256043,2,0.0614628138701987,-3.0150695358752198,1,-39.60499961668141
22.219,0.1302768,-0.2994012,9.8495343,0.004754157157650596,2,0.0652986032283303,-3.015005569610718,1,-39.65022517997256
22.235,0.1302768,-0.3023442,9.7941078,0.00436083086867356,2,-0.024582893061067465,-3.0149326497065077,1,-39.69846468572709
22.25,0.1302768,-0.3023442,9.711801900000001,0.0019707796667454147,2,-0.15933674679520363,-3.014885162627492,1,-39.743688319319595
22.266,0.22455090000000003,-0.2814489,9.711801900000001,-0.0003343075949882035,2,-0.14406795385836701,-3.014872070850918,1,-39.791926377187416
22.282,0.22455090000000003,-0.24103170000000002,9.836094600000001,0.00042013540804042293,2,0.04715268768928388,-3.0148713842284134,1,-39.84016432482806
22.297,0.1661814,-0.24103170000000002,9.7851807,-0.00011333502884802726,2,-0.035564695792561996,-3.0148690832255696,1,-39.88538737833397
22.313,0.173637,-0.2365191,9.843550200000001,0.0007896881274511713,2,0.05643894726870613,-3.014863672400781,1,-39.93362524037897
22.329,0.11978010000000001,-0.1990449,9.843550200000001,0.0016309012758526364,2,0.052575821775085685,-3.0148443076855544,1,-39.98186290421967
22.344,0.11978010000000001,-0.2664396,9.8375661,0.002344559277119629,2,0.04757720008446436,-3.014814491731407,1,-40.0270853452153
22.36,0.1526436,-0.2664396,9.8240283,0.0027218748694508577,2,0.0235822245207044,-3.0147739602582346,1,-40.07532205283121
22.375,0.1362609,-0.2738952,9.8240283,0.0030891135126793756,2,0.024482576215233604,-3.0147303778453685,1,-40.12054333536699
22.407,0.18266220000000002,-0.24397470000000002,9.8255979,0.0034847954732928343,2,0.012365061269170575,-3.014625195301593,1,-40.21701302453734
22.422,0.1781496,-0.2559429,9.8255979,0.003876229133160436,2,0.026095577324505785,-3.0145699876170444,1,-40.262231988409226
22.438,0.1781496,-0.2200383,9.830012400000001,0.004344540162149357,2,0.02926943931181081,-3.014504221462682,1,-40.310464582081856
22.454,0.15568469999999998,-0.2200383,9.800091900000002,0.0040626354360746575,2,-0.01761904537966677,-3.014436964057896,1,-40.358696111566026
22.469,0.1915893,-0.24701580000000004,9.8495343,0.005024090020118166,2,0.0640969722695648,-3.014368813616975,1,-40.40391215489859
22.485,0.2006145,-0.2394621,9.8495343,0.0059619274391593535,2,0.058614838690080676,-3.0142809254773004,1,-40.45214135281134
22.5,0.2006145,-0.3143124,9.7582032,0.004702202393316313,2,-0.0839816697228662,-3.014200944503557,1,-40.4973549668362
22.532,0.1586277,-0.3083283,9.8240283,0.005054196113771781,2,0.010999803764233363,-3.0140448421274435,1,-40.5938068994223
22.547,0.1586277,-0.3218661,9.7986204,0.0047888975307515125,2,-0.017686572201350535,-3.0139710189251097,1,-40.639017018380194
22.563,0.145188,-0.3218661,9.7956774,0.004453257240925268,2,-0.020977518114142592,-3.0138970816869364,1,-40.687239963185085
22.579,0.1586277,-0.29783160000000003,9.7956774,0.004112352593494961,2,-0.02130654046439179,-3.013828556808261,1,-40.73546176829305
22.594,0.1586277,-0.290376,9.8016615,0.003920176733467784,2,-0.01281172400181133,-3.013768312838309,1,-40.7806687448154
22.61,0.15568469999999998,-0.290376,9.8674866,0.005336127841424343,2,0.08849694424729468,-3.01369426240171,1,-40.82888844541731
22.625,0.17510850000000003,-0.261927,9.8120601,0.005354898355317772,2,0.0012513675928952257,-3.0136140797052344,1,-40.87409325798312
22.641,0.1526436,-0.1946304,9.8120601,0.005325892702185087,2,-0.0018128533207930396,-3.0135286333767746,1,-40.92231039968777
22.672,0.1631403,-0.17510850000000003,9.806076000000001,0.005146834441953629,2,-0.005776072910691729,-3.0133663061060405,1,-41.01572727124976
22.688,0.1437165,-0.2544714,9.806076000000001,0.005007116734596195,2,-0.00873235670984059,-3.013285074496628,1,-41.063940482294576
22.704,0.1437165,-0.2425032,9.7821396,0.004279840000753765,2,-0.0454547958651468,-3.0132107788427454,1,-41.1121524491213
22.719,0.1317483,-0.2425032,9.836094600000001,0.004881648403710415,2,0.04012056019710845,-3.013142067679712,1,-41.157350095470214
22.735,0.1721655,-0.2514303,9.836094600000001,0.0054894657401174385,2,0.037988583525443174,-3.0130590987665613,1,-41.20555970480178
22.75,0.1721655,-0.3053853,9.898878600000002,0.007650037351934813,2,0.14403810745448617,-3.0129605524933707,1,-41.25075485218623
22.766,0.0898596,-0.3053853,9.7701714,0.006593801662884147,2,-0.06601473056567392,-3.012846601781252,1,-41.29896130942043
22.797,0.18109260000000002,-0.2889045,9.7552602,0.005218480907238643,2,-0.04436518566598062,-3.0126635114014153,1,-41.39235671617477
22.813,0.18109260000000002,-0.33530580000000004,9.746235,0.0036929291267391307,2,-0.09534698628123002,-3.0125922201211437,1,-41.44055876202694
22.829,0.1078119,-0.33530580000000004,9.695321100000001,0.0009371258946266892,2,-0.17223770200700833,-3.0125551796809726,1,-41.48875994122536
22.844,0.16019730000000001,-0.2634966,9.695321100000001,-0.0017878680251417478,2,-0.1816662613178889,-3.0125615602469513,1,-41.53394831677482
22.86,0.16019730000000001,-0.2649681,9.827069400000001,-0.0012336633617753279,2,0.03463779146040506,-3.0125857324980467,1,-41.582149495116774
22.891,0.21552570000000001,-0.2649681,9.848062800000001,-0.00015546673133393085,2,0.03478053646585286,-3.01260726401449,1,-41.67553998656271
22.907,0.19011780000000003,-0.2769363,9.848062800000001,0.0008917036571514103,2,0.0654481492803265,-3.0126013741190834,1,-41.72374165566779
22.922,0.19011780000000003,-0.2080701,9.7821396,0.00026477258293233774,2,-0.041795404947936585,-3.0125927005472826,1,-41.76893061122779
22.938,0.17069399999999998,-0.2140542,9.9064323,0.002677904324704272,2,0.1508207338607625,-3.0125691591320214,1,-41.81713190610522
22.954,0.1856052,-0.2200383,9.7208271,0.000516903746806463,2,-0.13506253611859795,-3.012543600667449,1,-41.86533280818362
22.969,0.1856052,-0.2230794,9.7806681,-0.00013080905604034854,2,-0.043180853523119136,-3.0125407049572686,1,-41.910520940475806
23.0,0.1392039,-0.2230794,9.898878600000002,0.0021006453813079418,2,0.07198240120478633,-3.0125101724942267,1,-42.0039092290763
23.032,0.2006145,-0.2290635,9.8105886,0.002154317306448661,2,0.0016772476606474725,-3.012442093091223,1,-42.10030846532567
23.047,0.1257642,-0.2290635,9.717786,-8.634232484361348e-05,2,-0.14937730875281263,-3.012426583278861,1,-42.145494980398446
23.063,0.17667810000000003,-0.2604555,9.717786,-0.002233760328403278,2,-0.13421362522249383,-3.0124451441000866,1,-42.19369395421747
23.079,0.17667810000000003,-0.2575125,9.8644455,-0.0007554715500432962,2,0.09239304864748853,-3.0124690579551143,1,-42.24189326783392
23.094,0.16912439999999998,-0.258984,9.7417224,-0.002307284496914974,2,-0.10345419645810794,-3.0124920286254664,1,-42.28708047598328
23.11,0.15421320000000002,-0.258984,9.800091900000002,-0.0024043115531213743,2,-0.006064191012900679,-3.0125297213938667,1,-42.33528064998343
23.125,0.16912439999999998,-0.31136939999999996,9.800091900000002,-0.002455816686143919,2,-0.003433675534836181,-3.012566172355661,1,-42.38046886918656
23.141,0.16912439999999998,-0.3008727,9.818044200000001,-0.002076467429036555,2,0.023709328569212876,-3.0126024306285824,1,-42.428670218010424
23.157,0.2394621,-0.3008727,9.7971489,-0.0021799483432669575,2,-0.006467557139399447,-3.0126364819547606,1,-42.4768721293111
23.188,0.173637,-0.2709522,9.7821396,-0.002701897037502121,2,-0.016837054652747863,-3.0127121505581624,1,-42.57026503311504
23.204,0.1526436,-0.2709522,9.8046045,-0.0026720018538082257,2,0.0018684489808682555,-3.012755141749293,1,-42.61846877145351
23.219,0.17069399999999998,-0.2709522,9.8046045,-0.002635580207021704,2,0.002428109785768037,-3.0127949486147494,1,-42.66366039713124
23.235,0.17069399999999998,-0.2784078,9.8136297,-0.002374950293202005,2,0.01628936961373297,-3.012835032858751,1,-42.71186543698302
23.25,0.1990449,-0.2649681,9.7926363,-0.0026284700128975658,2,-0.016901314646370076,-3.012872558511047,1,-42.757058243918294
23.266,0.1272357,-0.2649681,9.874942200000001,-0.0008984047626494629,2,0.10812907814051834,-3.0129007735092515,1,-42.805264430574454
23.282,0.16166880000000003,-0.205029,9.874942200000001,0.0007669676764958666,2,0.10408577744657145,-3.0129018250059407,1,-42.85347085136258
23.297,0.16166880000000003,-0.2798793,9.8151012,0.0009777742062446748,2,0.014053768649920015,-3.01288873944182,1,-42.89866428059594
23.313,0.1392039,-0.2798793,9.7986204,0.0007732787700298616,2,-0.012780964763427235,-3.0128747310180097,1,-42.94687038835961
23.329,0.18864630000000002,-0.20208600000000002,9.7986204,0.0005472935238870491,2,-0.014124077883924198,-3.0128641664396585,1,-42.99507629953928
23.344,0.18864630000000002,-0.21856680000000003,9.7911648,0.00015367983179359612,2,-0.026240912806229203,-3.012858909139491,1,-43.04026922260612
23.36,0.1317483,-0.21856680000000003,9.746235,-0.001348505403836242,2,-0.09388657722687523,-3.012868467744067,1,-43.08847504162118
23.391,0.13469129999999999,-0.205029,9.746235,-0.002820244224581714,2,-0.047475445830500916,-3.0129330833633077,1,-43.18187496566334
23.407,0.13469129999999999,-0.2499588,9.8824959,-0.0009084709175457562,2,0.11948583168973398,-3.012962913084445,1,-43.23008213363493
23.422,0.1377324,-0.2664396,9.708858900000001,-0.0032648714517495847,2,-0.15709336894691595,-3.0129942131522145,1,-43.27527681208171
23.438,0.0823059,-0.3023442,9.708858900000001,-0.0055534714220346615,2,-0.14303749814283306,-3.013064759895205,1,-43.323485283866084
23.454,0.0823059,-0.2724237,9.764187300000001,-0.006458945796596893,2,-0.05659214841013315,-3.013160859232954,1,-43.371695088819116
23.485,0.1078119,-0.2724237,9.830012400000001,-0.005731508849970979,2,0.023465707955675565,-3.013349811279976,1,-43.46510600421206
23.5,0.23799060000000002,-0.31284090000000003,9.830012400000001,-0.004936674043735323,2,0.052988987082375046,-3.0134298226516787,1,-43.51030685146655
23.516,0.23799060000000002,-0.2664396,9.749178,-0.006164806907293041,2,-0.07675830397236584,-3.013518634499287,1,-43.558522439123756
23.532,0.20954160000000002,-0.2664396,9.827069400000001,-0.00548024918079193,2,0.042784857906314686,-3.0136117949479915,1,-43.60673948255934
23.547,0.2484873,-0.21101310000000004,9.827069400000001,-0.004823085590411225,2,0.04381090602537867,-3.0136890699587755,1,-43.651944239046145
23.563,0.1930608,-0.1990449,9.7986204,-0.004911995440641803,2,-0.005556865639411769,-3.0137669506070237,1,-43.700163887210664
23.579,0.1526436,-0.1990449,9.855518400000001,-0.0036288159077582094,2,0.08019872080521563,-3.0138352770978107,1,-43.74838470503231
23.594,0.2394621,-0.2425032,9.855518400000001,-0.002311096306225835,2,0.0878479734354883,-3.0138798264394158,1,-43.79359256830884
23.625,0.2394621,-0.2814489,9.7567317,-0.0034080055080529803,2,-0.03538416780087702,-3.0139684725175373,1,-43.88702421694267
23.641,0.1078119,-0.2814489,9.7686999,-0.004243503068586563,2,-0.05221859753335465,-3.0140296845861503,1,-43.935248202199496
23.657,0.11821050000000001,-0.3338343,9.8225568,-0.0037027498399488934,2,0.03379707678985055,-3.014093254609419,1,-43.983473185713066
23.688,0.1930608,-0.3338343,9.8196138,-0.0032180050647365732,2,0.01563692823265609,-3.014200526310441,1,-44.07691173931732
23.704,0.10928340000000002,-0.3039138,9.8196138,-0.0028002022948463434,2,0.02611267311813644,-3.014248671969318,1,-44.12513933290356
23.719,0.18413369999999998,-0.23200650000000003,9.731225700000001,-0.004567981724521886,2,-0.11785196197836502,-3.014303933349463,1,-44.17035347744345
23.735,0.18413369999999998,-0.20355750000000003,9.7895952,-0.004885082966284315,2,-0.01981882761015404,-3.0143795578669894,1,-44.21858294537318
23.75,0.2858634,-0.20355750000000003,9.764187300000001,-0.00575422557574079,2,-0.057942840630429454,-3.0144593526810546,1,-44.26379923720229
23.766,0.1661814,-0.23347800000000002,9.7956774,-0.005885659486038364,2,-0.00821461939359926,-3.0145524717615486,1,-44.312031331797826
23.797,0.18109260000000002,-0.23347800000000002,9.856989900000002,-0.004512692649070615,2,0.04428925280540787,-3.0147136462196427,1,-44.405484956626545
23.813,0.1631403,-0.2934171,9.856989900000002,-0.0031418016668034454,2,0.08568068639170756,-3.01477488217417,1,-44.45372086485369
23.829,0.1631403,-0.3562992,9.7612443,-0.00408723216494522,2,-0.05908940613385432,-3.014832714444824,1,-44.50195772562665
23.844,0.1317483,-0.3562992,9.7567317,-0.005131139805689244,2,-0.06959384271626563,-3.014901852234604,1,-44.54718073487675
23.86,0.15421320000000002,-0.3008727,9.7567317,-0.006187059207466206,2,-0.06599496261106735,-3.0149923978267092,1,-44.59541988887723
23.875,0.205029,-0.2918475,9.771642900000002,-0.006837658134232427,2,-0.04337326178441313,-3.015090083206772,1,-44.64064550748498
23.891,0.205029,-0.205029,9.776155500000002,-0.007416180830636776,2,-0.036157668525275785,-3.015204113918491,1,-44.68888786106198
23.922,0.1915893,-0.205029,9.774684,-0.008023115220970212,2,-0.019578528720431917,-3.015443423007291,1,-44.78236289788433
23.938,0.1661814,-0.21856680000000003,9.8240283,-0.007416383861997389,2,0.03792070993580561,-3.0155669389999544,1,-44.830610980780385
23.954,0.2080701,-0.21856680000000003,9.8764137,-0.005527905069943273,2,0.11802992450336902,-3.01567049331141,1,-44.87886088023888
23.969,0.1466595,-0.1781496,9.8764137,-0.0037321664926039944,2,0.11971590515594738,-3.015739943848129,1,-44.92409645851758
23.985,0.1466595,-0.261927,9.8674866,-0.0021523525145834554,2,0.09873837362629456,-3.0157870200001864,1,-44.972348674228364
24.016,0.2290635,-0.261927,9.774684,-0.002834885559741096,2,-0.02201719500508603,-3.0158643221903385,1,-45.06583927003231
24.032,0.1287072,-0.261927,9.774684,-0.003545542642401145,2,-0.04441606766624809,-3.015915365615956,1,-45.11409350753477
24.047,0.0793629,-0.2829204,9.9064323,-0.0010254646632148479,2,0.16800519861241345,-3.015949648170748,1,-45.15933249513817
24.063,0.1646118,-0.2829204,9.831582000000001,-0.00036587468751747565,2,0.0412243734810903,-3.015960778885554,1,-45.20758777855462
24.079,0.1257642,-0.3173535,9.831582000000001,0.00028926699024545144,2,0.04094635486017836,-3.0159613917471324,1,-45.255843155919685
24.094,0.1257642,-0.2529999,9.752219100000001,-0.0010519506098631837,2,-0.08941450667390562,-3.0159671118742795,1,-45.30108261969685
24.11,0.1856052,-0.2529999,9.830012400000001,-0.00044074247111147713,2,0.038200508671985864,-3.0159790534189272,1,-45.34933818901919
24.125,0.2215098,-0.2499588,9.830012400000001,0.00017178601588696552,2,0.040835232466561296,-3.0159810705923413,1,-45.39457788994928
24.157,0.2215098,-0.33824879999999996,9.845021700000002,0.0011995286078292366,2,0.032116955998195945,-3.015959129558362,1,-45.491088933151694
24.172,0.1586277,-0.33824879999999996,9.7507476,-0.00012508101001529326,2,-0.08830730785629864,-3.0159510712013784,1,-45.536328259657395
24.188,0.15568469999999998,-0.258984,9.842078700000002,0.0007488185529584968,2,0.05461872268586789,-3.015946081301035,1,-45.58458343687741
24.204,0.15568469999999998,-0.24103170000000002,9.8225568,0.0011143446826142878,2,0.02284538310348438,-3.01593117599515,1,-45.632838454935786
24.219,0.1526436,-0.24103170000000002,9.8105886,0.0011780077801688549,2,0.004244206503637647,-3.0159139833516795,1,-45.67807729363089
24.235,0.18413369999999998,-0.2350476,9.8105886,0.001249755306139022,2,0.004484220373135944,-3.015894561246989,1,-45.72633176198767
24.266,0.18413369999999998,-0.2350476,9.8524773,0.002340957659114906,2,0.03520007590244923,-3.015838905196028,1,-45.819823630717536
24.282,0.1946304,-0.2350476,9.8091171,0.002353407438334898,2,0.0007781112012494002,-3.0158013502752485,1,-45.86807675276131
24.297,0.18266220000000002,-0.2544714,9.8091171,0.002371757756097992,2,0.0012233545175395488,-3.0157659115362905,1,-45.9133135072249
24.313,0.18266220000000002,-0.20954160000000002,9.7986204,0.0021078389308755163,2,-0.01649492657640654,-3.0157300747627946,1,-45.961565475115286
24.329,0.18413369999999998,-0.20954160000000002,9.8375661,0.0028005405868842814,2,0.043293853500542975,-3.0156908077266524,1,-46.009816842175205
24.344,0.2290635,-0.2709522,9.8375661,0.00353590846762053,2,0.04902452538241471,-3.0156432843587435,1,-46.05505184786585
24.36,0.20208600000000002,-0.2694807,9.854046900000002,0.004639681174348098,2,0.0689857941704806,-3.015577879641608,1,-46.10330161717785
24.375,0.20208600000000002,-0.290376,9.8016615,0.004454135659955227,2,-0.012369700959524253,-3.0155096760153506,1,-46.14853477384528
24.391,0.1122264,-0.290376,9.8405091,0.005185021858995498,2,0.04568038744002193,-3.015432562755199,1,-46.196782311755435
24.407,0.11821050000000001,-0.33530580000000004,9.8405091,0.005934607694532801,2,0.046849114721076196,-3.015343605718771,1,-46.24502852110323
24.422,0.11821050000000001,-0.3278502,9.7656588,0.004835323129661617,2,-0.07328563765807612,-3.0152628312375893,1,-46.29025806938041
24.438,0.18266220000000002,-0.3278502,9.6967926,0.002108634081521288,2,-0.17041806550878935,-3.0152072795799,1,-46.33850183026694
24.454,0.17069399999999998,-0.3218661,9.6967926,-0.0005617512482789522,2,-0.16689908311249632,-3.0151949045172337,1,-46.38674504773972
24.469,0.17069399999999998,-0.2784078,9.830012400000001,4.765483255297909e-05,2,0.040627072055460546,-3.015198760240352,1,-46.431973000225405
24.485,0.17510850000000003,-0.2784078,9.731225700000001,-0.0017639803898852335,2,-0.11322720140240077,-3.0152124908448106,1,-46.48021629023408
24.516,0.1212516,-0.2080701,9.8495343,-0.0007095825866230143,2,0.0340128323632987,-3.0152508310709463,1,-46.57368847172377
24.532,0.1212516,-0.2080701,9.889951500000002,0.0013045902439863255,2,0.12588580191306964,-3.0152460710096873,1,-46.62193244694042
24.547,0.18413369999999998,-0.2080701,9.7672284,0.0003012569449651892,2,-0.06688888660140656,-3.01523402715577,1,-46.667161047676665
24.563,0.1287072,-0.21258269999999999,9.7672284,-0.0006968775947733263,2,-0.06238340873366409,-3.0152371921209684,1,-46.71540481743087
24.579,0.1287072,-0.18109260000000002,9.749178,-0.0021262809147550854,2,-0.08933770749884995,-3.0152597773890446,1,-46.76364879318696
24.594,0.12272310000000002,-0.18109260000000002,9.9184005,0.0006036547740961851,2,0.1819957125900778,-3.0152711970850996,1,-46.80887777549552
24.61,0.15568469999999998,-0.2769363,9.9184005,0.003332241286878812,2,0.17053665704893298,-3.015239709916612,1,-46.85712186275153
24.641,0.15568469999999998,-0.2798793,9.845021700000002,0.0042075031464570145,2,0.028234253534781813,-3.0151228438778954,1,-46.95059248233534
24.657,0.18413369999999998,-0.24103170000000002,9.855518400000001,0.005304228017715573,2,0.06854530445365224,-3.0150467500285822,1,-46.99883383908659
24.672,0.24701580000000004,-0.21101310000000004,9.8046045,0.005149826705276084,2,-0.010293420829298903,-3.01496834461816,1,-47.044058952296446
24.704,0.24701580000000004,-0.23347800000000002,9.7507476,0.003698814244449622,2,-0.04534413940082689,-3.0148267663629644,1,-47.14053567407215
24.719,0.205029,-0.23347800000000002,9.8824959,0.005471232219841582,2,0.11816119835945953,-3.0147579910144824,1,-47.18575755975248
24.735,0.1302768,-0.2544714,9.8824959,0.007182139372719831,2,0.10693169705490237,-3.014656764041742,1,-47.23399287779293
24.75,0.1257642,-0.3039138,9.6654006,0.0035919325259001766,2,-0.23934712312130124,-3.014575958502502,1,-47.27921212321201
24.766,0.16019730000000001,-0.4027005000000001,9.6654006,0.00018970975134280366,2,-0.21263892340985924,-3.014545705364284,1,-47.32744509652294
24.782,0.16019730000000001,-0.24103170000000002,9.7567317,-0.0010341474391566408,2,-0.07649107440620671,-3.0145524608657865,1,-47.37567788185279
24.813,0.205029,-0.261927,9.8105886,-0.0008817454001501801,2,0.0049161948066602104,-3.0145821572047957,1,-47.469129468432875
24.829,0.2425032,-0.21552570000000001,9.6938496,-0.003585467051301805,2,-0.16898260319695765,-3.0146178949044073,1,-47.517363068849754
24.844,0.2425032,-0.1796211,9.8584614,-0.0022280730453445585,2,0.09049293373047967,-3.0146614964551324,1,-47.56258266428495
24.86,0.1946304,-0.1796211,9.842078700000002,-0.0013290960732028623,2,0.056186060758862205,-3.0146899538080807,1,-47.61081747588705
24.875,0.20954160000000002,-0.20355750000000003,9.842078700000002,-0.00043322063440420777,2,0.05972502925324137,-3.014703171183388,1,-47.656037924324494
24.891,0.20954160000000002,-0.17667810000000003,9.719257500000001,-0.002566318031339776,2,-0.1333185873084877,-3.0147271674927136,1,-47.7042733670339
24.922,0.145188,-0.17667810000000003,9.7866522,-0.0030327008287081014,2,-0.01504460636671903,-3.0148139522850443,1,-47.79773125439046
24.938,0.18864630000000002,-0.23200650000000003,9.7866522,-0.003441470728178686,2,-0.025548118716914352,-3.014865745657499,1,-47.845968691974
24.954,0.18864630000000002,-0.23799060000000002,9.7567317,-0.00456618374615303,2,-0.07029456362338861,-3.014929806893294,1,-47.894207056394414
24.969,0.18109260000000002,-0.23799060000000002,9.735738300000001,-0.00617874724021128,2,-0.10750423293721259,-3.015010393875692,1,-47.93943160790018
24.985,0.0643536,-0.2634966,9.735738300000001,-0.007771840608192804,2,-0.09956833549885621,-3.015121998578479,1,-47.98767266703981
25.0,0.142245,-0.29783160000000003,9.901919700000002,-0.005230883377837614,2,0.16939714869033956,-3.0152195190083746,1,-48.03290022842171
25.016,0.142245,-0.35777070000000005,9.874942200000001,-0.003361025154362096,2,0.11686613896723273,-3.015288254276632,1,-48.08114429060799
25.047,0.1497006,-0.2798793,9.6758973,-0.00644758127669931,2,-0.09956632652699933,-3.015440287676314,1,-48.17462058300826
25.063,0.1497006,-0.3083283,9.8928945,-0.004148407134289656,2,0.14369838390061923,-3.0155250555836015,1,-48.22286830575434
25.079,0.1646118,-0.3083283,9.7926363,-0.004343318106126759,2,-0.012181935739817597,-3.015592989385525,1,-48.271117250114095
25.094,0.21101310000000004,-0.2784078,9.7926363,-0.004533631906863178,2,-0.012687586715760795,-3.0156595665106223,1,-48.316351644283316
25.11,0.21101310000000004,-0.2274939,9.6744258,-0.007633081307407252,2,-0.19371558753402598,-3.0157569002163362,1,-48.364602976017125
25.125,0.1466595,-0.2274939,9.8794548,-0.005687144195348992,2,0.1297291408038791,-3.015856801907607,1,-48.409840078783056
25.141,0.19757340000000004,-0.20355750000000003,9.8794548,-0.0037797744474623585,2,0.11921060924292773,-3.015932537256749,1,-48.45809439349637
25.157,0.23799060000000002,-0.24103170000000002,9.886910400000001,-0.0016949135216481892,2,0.130303807863371,-3.015976334760502,1,-48.50634966447251
25.172,0.23799060000000002,-0.18109260000000002,9.7911648,-0.0020262758637095146,2,-0.022090822804087525,-3.0160042436808925,1,-48.55158951881082
25.188,0.16765290000000002,-0.18109260000000002,9.8854389,-8.643434557065177e-05,2,0.12124009488369228,-3.0160211453625667,1,-48.59984572192317
25.204,0.17667810000000003,-0.2649681,9.8854389,0.0018560620185805732,2,0.12140602275943797,-3.0160069883411826,1,-48.6481019469928
25.219,0.17667810000000003,-0.2948886,9.774684,0.001072145171832517,2,-0.0522611231165351,-3.0159850267872543,1,-48.69334188710627
25.235,0.1332198,-0.2948886,9.689337,-0.001789928920601369,2,-0.1788796307771376,-3.0159907690572445,1,-48.741597693473025
25.25,0.11821050000000001,-0.2425032,9.689337,-0.004622358907614199,2,-0.18882866580084817,-3.0160388612159563,1,-48.786837915700076
25.266,0.11821050000000001,-0.2724237,9.888480000000001,-0.0025114096943532616,2,0.13193432582882314,-3.016095931364772,1,-48.835094994040716
25.282,0.20208600000000002,-0.2724237,9.8091171,-0.0023533660376653387,2,0.009877728542994074,-3.016134849570628,1,-48.883352840288204
25.313,0.1437165,-0.2604555,9.7941078,-0.0025980946011241457,2,-0.007894469788994078,-3.0162115972105292,1,-48.97685421021331
25.329,0.1437165,-0.2529999,9.866015100000002,-0.0010885498430344143,2,0.09434654738059765,-3.0162410903660826,1,-49.02511383171393
25.36,0.1437165,-0.32333760000000006,9.8046045,-0.00106259309714396,2,0.0008373143835630696,-3.0162744330816555,1,-49.118617822327366
25.375,0.1437165,-0.2499588,9.7672284,-0.0020007824739458613,2,-0.06254595845345771,-3.016297408398439,1,-49.16386211113847
25.391,0.17069399999999998,-0.2499588,9.9213435,0.0008516256482540285,2,0.17827550763751274,-3.0163066016530444,1,-49.21212294321888
25.407,0.18864630000000002,-0.3143124,9.9213435,0.0036869972083248825,2,0.17721072250440853,-3.0162702926701916,1,-49.26038355837347
25.422,0.18864630000000002,-0.2814489,9.8225568,0.004021148911226291,2,0.02227678019342639,-3.016212481574295,1,-49.305627179180306
25.438,0.1631403,-0.2814489,9.8151012,0.004154272805671155,2,0.008320243402804933,-3.01614707820056,1,-49.3538860556585
25.454,0.1317483,-0.2514303,9.8136297,0.00421691267705171,2,0.003914991961284204,-3.016080108716698,1,-49.40214387315384
25.469,0.1631403,-0.2694807,9.8136297,0.004301201933948562,2,0.005619283793123273,-3.0160162228571155,1,-49.44738459564064
25.485,0.1631403,-0.287433,9.719257500000001,0.002095408629505968,2,-0.1378620815276773,-3.015965049972608,1,-49.49564044582328
25.516,0.18109260000000002,-0.287433,9.687865500000001,-0.0008140251753907535,2,-0.09385270338376883,-3.015945188529069,1,-49.58913505452005
25.532,0.1497006,-0.2529999,9.891423,0.0012736057579463278,2,0.13047693333355298,-3.015941511884409,1,-49.637390148123366
25.547,0.11821050000000001,-0.2529999,9.7507476,-0.0001297992416677829,2,-0.09356033330760384,-3.0159329333355367,1,-49.682629206462515
25.563,0.1586277,-0.2260224,9.7507476,-0.0015011424102979731,2,-0.08570894803939633,-3.0159459808687523,1,-49.730884237776145
25.594,0.1586277,-0.1946304,9.7222986,-0.0035491950535782024,2,-0.0660662142993572,-3.0160242610994423,1,-49.82437977652666
25.61,0.16765290000000002,-0.1946304,9.901919700000002,-0.001164101004604845,2,0.14906837806085127,-3.0160619674679077,1,-49.872636466355196
25.625,0.21258269999999999,-0.2798793,9.683352900000001,-0.004093821219029792,2,-0.19531468096165572,-3.016101401884585,1,-49.91787769162534
25.641,0.1511721,-0.2634966,9.683352900000001,-0.006991406041365167,2,-0.1810990513959809,-3.0161900837026683,1,-49.96613602351003
25.657,0.1511721,-0.2963601,9.843550200000001,-0.005890174579171514,2,0.06882696638709558,-3.0162931363476324,1,-50.01439588927044
25.672,0.1257642,-0.31284090000000003,9.8928945,-0.0036092656310877658,2,0.1520605965389108,-3.0163643821492094,1,-50.05964082065917
25.704,0.1257642,-0.315882,9.6773688,-0.006635186665178594,2,-0.0945600323153383,-3.01652829338595,1,-50.15616710346773
25.719,0.20208600000000002,-0.258984,9.833053500000002,-0.005801948814609048,2,0.05554919003796762,-3.016621571902048,1,-50.201415727457395
25.75,0.20208600000000002,-0.2230794,9.856989900000002,-0.004426946916572305,2,0.044354899936670834,-3.0167801197858815,1,-50.29493345367855
25.766,0.205029,-0.2230794,9.735738300000001,-0.006039942591726799,2,-0.10081222969716697,-3.0168638549019478,1,-50.34320260547605
25.782,0.15421320000000002,-0.20355750000000003,9.8225568,-0.005530079837418711,2,0.031866422144251935,-3.016956415081381,1,-50.39147316763592
25.797,0.1511721,-0.23200650000000003,9.8225568,-0.005018426618562444,2,0.03411021459041652,-3.0170355288798008,1,-50.436728107215636
25.813,0.1511721,-0.2529999,9.845021700000002,-0.003958938322373484,2,0.06621801851181727,-3.017107347799328,1,-50.48500125022906
25.844,0.142245,-0.21709530000000002,9.764187300000001,-0.004920314176901641,2,-0.03101212433961561,-3.017244976213067,1,-50.57853371125126
25.86,0.142245,-0.287433,9.7507476,-0.006141559809021757,2,-0.07632785200751566,-3.0173334712049544,1,-50.6268103388306
25.875,0.1796211,-0.287433,9.7387794,-0.007609712598620533,2,-0.09787685263991466,-3.0174366057480118,1,-50.67207111440775
25.891,0.16765290000000002,-0.2724237,9.7387794,-0.00905777483170489,2,-0.0905038895677823,-3.0175699456474545,1,-50.72035116681891
25.907,0.16765290000000002,-0.261927,9.7911648,-0.009200493185785419,2,-0.008919897130032052,-3.0177160117915944,1,-50.768633454478426
25.922,0.1332198,-0.261927,9.8644455,-0.007566092362399246,2,0.1089600548924074,-3.017841761183206,1,-50.81390013777574
25.938,0.2365191,-0.2575125,9.900448200000001,-0.005049630227016877,2,0.1572788834614154,-3.0179426869639214,1,-50.86218641336091
25.954,0.20355750000000003,-0.2754648,9.900448200000001,-0.0026006233431612458,2,0.15306293024095982,-3.018003888992483,1,-50.910473985968565
25.969,0.20355750000000003,-0.2709522,9.8105886,-0.0024047867194099126,2,0.013055774916755048,-3.018041429567952,1,-50.95574432585777
25.985,0.18864630000000002,-0.2709522,9.8809263,-0.0005064021225145154,2,0.1186490373059754,-3.0180647190786876,1,-51.00403317504694
26.0,0.16912439999999998,-0.23347800000000002,9.8809263,0.0013137455701013323,2,0.12134317950771858,-3.018058664002831,1,-51.04930410042005
26.016,0.16912439999999998,-0.34580249999999996,9.886910400000001,0.0033156017080617772,2,0.12511600862254157,-3.0180216292246054,1,-51.09759274276587
26.032,0.145188,-0.34580249999999996,9.723770100000001,0.0012832349280422761,2,-0.1270229237512046,-3.0179848385315164,1,-51.145880794507924
26.047,0.16019730000000001,-0.2499588,9.723770100000001,-0.0007653858003351388,2,-0.13657471522515582,-3.0179809546630585,1,-51.19115053795689
26.063,0.16019730000000001,-0.258984,9.7536906,-0.002028870420646811,2,-0.07896778876948822,-3.018003308712826,1,-51.23943841206389
26.079,0.1002582,-0.24701580000000004,9.8524773,-0.0008800763282810209,2,0.07179963077285385,-3.0180265802868176,1,-51.287726651175895
26.094,0.20954160000000002,-0.24701580000000004,9.7627158,-0.0019055263660376909,2,-0.06836333585044208,-3.018047472307025,1,-51.33299720657035
26.125,0.1257642,-0.1915893,9.7627158,-0.00297139574955807,2,-0.0343828833393684,-3.0181230645998167,1,-51.4265578498924
26.157,0.18864630000000002,-0.1646118,9.7701714,-0.003816794862391504,2,-0.02641872227604478,-3.018231675649608,1,-51.52313952573639
26.172,0.142245,-0.21552570000000001,9.6938496,-0.006497435085412562,2,-0.17870934820139708,-3.0183090323742165,1,-51.56841358104657
26.204,0.1511721,-0.21552570000000001,9.898878600000002,-0.004110497347754816,2,0.0745918043018045,-3.018478759293147,1,-51.66500218571325
26.219,0.17667810000000003,-0.2709522,9.848062800000001,-0.0029770215977862335,2,0.07556504999790262,-3.0185319156852386,1,-51.71027976577559
26.25,0.1721655,-0.2709522,9.774684,-0.0036619094921057638,2,-0.02209315788127602,-3.018634819117132,1,-51.80385585016502
26.266,0.1586277,-0.2709522,9.7911648,-0.003933913105210962,2,-0.017000225819076772,-3.0186955856979103,1,-51.85215449340354
26.282,0.1482291,-0.344331,9.7911648,-0.004147055553691104,2,-0.013321403030007348,-3.0187602334471815,1,-51.90045413995671
26.297,0.1482291,-0.318825,9.8091171,-0.003938472804016158,2,0.013905516644995869,-3.0188208749098644,1,-51.945735998269384
26.313,0.17667810000000003,-0.318825,9.8091171,-0.0037234934342826875,2,0.01343621060834336,-3.018882170639771,1,-51.994037622633776
26.329,0.1317483,-0.3262806,9.8091171,-0.003524998697004733,2,0.012405921079870763,-3.018940158576821,1,-52.042340201267514
26.344,0.1317483,-0.3083283,9.8824959,-0.0015568105785934705,2,0.13121254122741255,-3.0189782721463883,1,-52.08762458949794
26.36,0.145188,-0.3083283,9.839037600000001,-0.0006913628576690201,2,0.05409048255778411,-3.0189962575338782,1,-52.135928385735376
26.375,0.2230794,-0.3039138,9.839037600000001,0.00018515879856018103,2,0.05843477708194453,-3.0190000540643216,1,-52.18121335807236
26.391,0.1437165,-0.20355750000000003,9.7627158,-0.0009197558612221712,2,-0.06905716623640462,-3.019005930840823,1,-52.2295174059516
26.422,0.21856680000000003,-0.20355750000000003,9.7926363,-0.0012344334724687656,2,-0.010150890685373238,-3.0190393207754953,1,-52.32310710735166
26.438,0.2200383,-0.2425032,9.7926363,-0.001519009594478149,2,-0.017786007625588424,-3.019061348320031,1,-52.37141191270442
26.454,0.2200383,-0.1497006,9.7895952,-0.0019160967513833782,2,-0.024817947306574047,-3.019088829170798,1,-52.419717114124346
26.469,0.1392039,-0.1497006,9.8794548,-0.00014843870562053496,2,0.11784386971751842,-3.0191043131867255,1,-52.465003562692026
26.485,0.15421320000000002,-0.2754648,9.8794548,0.001647519780700435,2,0.11224740539507298,-3.0190923205381246,1,-52.51330913576182
26.5,0.15421320000000002,-0.258984,9.874942200000001,0.0032787947986836485,2,0.10875166786554345,-3.0190553731787793,1,-52.5585952434647
26.516,0.08083440000000001,-0.258984,9.716314500000001,0.0009815065751315188,2,-0.14358051397202393,-3.019021290767789,1,-52.606899856776266
26.532,0.1317483,-0.2769363,9.716314500000001,-0.0012341014567986974,2,-0.13847550199562303,-3.0190233115268423,1,-52.65520421359463
26.547,0.1317483,-0.2709522,9.8196138,-0.0008814858473371601,2,0.023507707297434934,-3.0190391784316235,1,-52.70048968226932
26.563,0.1631403,-0.2934171,9.7268112,-0.0027723865328965758,2,-0.1181812928474765,-3.0190684094106652,1,-52.74879454297206
26.579,0.15568469999999998,-0.2934171,9.7342668,-0.0044384081237893724,2,-0.10412634943078813,-3.019126095767919,1,-52.79710009901349
26.594,0.1661814,-0.2649681,9.7342668,-0.006079455215813212,2,-0.10940313946825182,-3.019204979742966,1,-52.84238758207982
26.61,0.1661814,-0.29783160000000003,9.788123700000002,-0.006344536703618786,2,-0.016567592987850203,-3.0193043716783214,1,-52.89069565689119
26.641,0.20954160000000002,-0.344331,9.7567317,-0.007310701900536287,2,-0.03116661925540446,-3.0195160278766857,1,-52.98429737308429
26.657,0.20954160000000002,-0.2649681,9.8016615,-0.007218503449875513,2,0.0057624031662977465,-3.019632261519489,1,-53.032610559399465
26.672,0.205029,-0.2649681,9.8794548,-0.005234581145014516,2,0.1322614869907281,-3.0197256596539503,1,-53.077905743808266
26.688,0.2394621,-0.24701580000000004,9.8794548,-0.003291504670228207,2,0.12144227967415772,-3.0197938683404724,1,-53.12622190003221
26.704,0.2394621,-0.2664396,9.854046900000002,-0.0020028139956682622,2,0.08054316715998752,-3.0198362228897997,1,-53.17453894076206
26.735,0.1796211,-0.258984,9.7895952,-0.002352602078520505,2,-0.011283486543621164,-3.0199037318389497,1,-53.26815491006035
26.75,0.1406754,-0.258984,9.891423,-0.00022689887117977037,2,0.1417135471560436,-3.0199230780960726,1,-53.31345361113487
26.766,0.1721655,-0.2634966,9.891423,0.0018620033987488682,2,0.1305563918705543,-3.019909997259852,1,-53.36177227573771
26.782,0.1721655,-0.2934171,9.7851807,0.0013307617676900918,2,-0.033202601941169814,-3.019884455138521,1,-53.4100906313569
26.797,0.17667810000000003,-0.2604555,9.7806681,0.0006816914555312081,2,-0.04327135414392394,-3.019869361739347,1,-53.455388784983484
26.813,0.17667810000000003,-0.22455090000000003,9.843550200000001,0.0015598095145303859,2,0.05488237868745465,-3.0198514297315864,1,-53.50370655131525
26.829,0.2065986,-0.22455090000000003,9.7627158,0.0004600947439517,2,-0.06873217316116018,-3.0198352704975187,1,-53.55202404491708
26.844,0.1406754,-0.21856680000000003,9.7627158,-0.0006446939719211287,2,-0.07365258105818578,-3.0198366549917286,1,-53.597321584358255
26.86,0.1406754,-0.19011780000000003,9.7941078,-0.0009716207159300438,2,-0.02043292150055945,-3.0198495855092315,1,-53.64563907428226
26.891,0.19011780000000003,-0.23200650000000003,9.836094600000001,-0.00022461763664338719,2,0.024096873525376948,-3.0198681272036962,1,-53.739254698829306
26.907,0.1781496,-0.23200650000000003,9.8105886,-0.00012311817078725085,2,0.006343716616007812,-3.0198709090901557,1,-53.787572611119664
26.922,0.17069399999999998,-0.2769363,9.747706500000001,-0.0015317770114560147,2,-0.09391058937791404,-3.0198833208040226,1,-53.83287076784387
26.954,0.1661814,-0.2769363,9.774684,-0.002250351204908796,2,-0.02245544354539939,-3.0199438348554843,1,-53.92950800233442
26.969,0.17667810000000003,-0.3053853,9.7956774,-0.0024145538293005586,2,-0.010946841626117098,-3.019978821643241,1,-53.974807422258166
26.985,0.08377740000000002,-0.3053853,9.831582000000001,-0.0017295909139427579,2,0.04281018220986726,-3.020011974801187,1,-54.023127348629714
27.016,0.2065986,-0.37572300000000003,9.831582000000001,-0.0009577476588784606,2,0.0248981695182041,-3.020053628549066,1,-54.11674836548164
27.032,0.19610190000000002,-0.258984,9.900448200000001,0.0013769454879337673,2,0.14591832167574792,-3.0200502749664335,1,-54.16506919670977
27.047,0.16019730000000001,-0.23200650000000003,9.774684,0.0005564759916634188,2,-0.05469796641802116,-3.0200357743053368,1,-54.21036984207931
27.079,0.24103170000000002,-0.16912439999999998,9.774684,-0.00023499165709139902,2,-0.024733364023588035,-3.0200306305559836,1,-54.30701090455709
27.094,0.24103170000000002,-0.20355750000000003,9.874942200000001,0.0014529093963240314,2,0.11252673689435776,-3.0200214961729395,1,-54.352311295507555
27.11,0.18413369999999998,-0.20355750000000003,9.714843,-0.0008335454960572974,2,-0.1429034307738488,-3.0200165412617372,1,-54.40063159980703
27.125,0.16166880000000003,-0.17510850000000003,9.714843,-0.0030874998324570413,2,-0.1502636224266439,-3.0200459491017013,1,-54.44593206848476
27.141,0.16166880000000003,-0.2709522,9.8151012,-0.0027887883769377453,2,0.018669465969958058,-3.0200929594073767,1,-54.494253179752825
27.157,0.1856052,-0.2709522,9.7686999,-0.0036181429396506815,2,-0.05183466016955271,-3.0201442148579094,1,-54.54257507714695
27.172,0.11526750000000001,-0.2425032,9.7686999,-0.0044719031052764535,2,-0.05691734437504931,-3.0202048902032463,1,-54.58787769543491
27.188,0.1212516,-0.2889045,9.743193900000001,-0.0058940816949029085,2,-0.08888616185166322,-3.020287818081648,1,-54.63620163710119
27.204,0.1212516,-0.2499588,9.7911648,-0.00613827969946712,2,-0.015262375285261488,-3.0203840769728028,1,-54.684527012261626
27.219,0.1122264,-0.2499588,9.7732125,-0.00681683447749748,2,-0.0452369852020223,-3.02048124032913,1,-54.72983350214139
27.235,0.17510850000000003,-0.2918475,9.7732125,-0.007427999039583355,2,-0.038197785130371406,-3.020595198997267,1,-54.778162113655995
27.25,0.17510850000000003,-0.2843919,9.854046900000002,-0.006059184838987264,2,0.09125428003973596,-3.020696352876356,1,-54.823471800295046
27.266,0.17069399999999998,-0.2843919,9.9408654,-0.0026093081803253426,2,0.21561729116639383,-3.020765700820511,1,-54.87180349672462
27.282,0.1586277,-0.32932170000000005,9.9408654,0.0007853594205489145,2,0.21216672505461734,-3.020780292410589,1,-54.92013586467047
27.297,0.1586277,-0.2694807,9.830012400000001,0.0013509173392698415,2,0.03770386124806037,-3.0207642703348903,1,-54.96544744889106
27.329,0.20208600000000002,-0.2694807,9.7971489,0.0011210411636053408,2,-0.007183630489515641,-3.0207247189988444,1,-55.0621112727204
27.344,0.1257642,-0.24397470000000002,9.7971489,0.0008493468013099914,2,-0.018112957486355937,-3.0207099410891076,1,-55.10742203267106
27.36,0.1781496,-0.2350476,9.8495343,0.0018758846777977567,2,0.0641586172804924,-3.020688139237275,1,-55.155753217313666
27.375,0.1946304,-0.2350476,9.7791966,0.0011702633951795605,2,-0.0470414188412113,-3.0206652931267275,1,-55.201063368056396
27.391,0.09427410000000001,-0.19757340000000004,9.7791966,0.00042549974445016403,2,-0.046547728170592405,-3.0206525270216105,1,-55.24939391061758
27.407,0.09427410000000001,-0.2544714,9.8375661,0.001154067244362622,2,0.045535468744523536,-3.0206398904857,1,-55.29772424995764
27.422,0.1915893,-0.2544714,9.855518400000001,0.002336966857058087,2,0.07885997417969468,-3.020613707729939,1,-55.34303365194426
27.454,0.15568469999999998,-0.24103170000000002,9.855518400000001,0.0034673574667376528,2,0.035324706552486394,-3.0205208385407585,1,-55.43969180468459
27.469,0.15568469999999998,-0.2394621,9.7821396,0.00278027466611519,2,-0.04580552004149578,-3.0204739812997623,1,-55.4849992658334
27.485,0.16019730000000001,-0.2394621,9.7627158,0.0016381808166556766,2,-0.07138086559122744,-3.0204386336559,1,-55.53332656675304
27.5,0.1796211,-0.2754648,9.764187300000001,0.0005911999358847453,2,-0.0697987253847261,-3.020421913300256,1,-55.578633020855214
27.516,0.1796211,-0.2754648,9.8495343,0.0016502199252048655,2,0.0661887493325148,-3.0204039819413673,1,-55.62695962801714
27.532,0.1571562,-0.2754648,9.8016615,0.00150702630653754,2,-0.008949601166706843,-3.0203787239715134,1,-55.67528588966445
27.563,0.16765290000000002,-0.318825,9.7417224,-5.7330589314119607e-05,2,-0.050463125672636125,-3.0203562536878965,1,-55.76891728181817
27.579,0.21552570000000001,-0.318825,9.7956774,-0.00024562999149679854,2,-0.011768712636416117,-3.020358677372543,1,-55.81724300126666
27.594,0.1302768,-0.3307932,9.7956774,-0.00045633845171622056,2,-0.014047230681294268,-3.020363942135867,1,-55.86254842091297
27.625,0.1302768,-0.2679111,9.788123700000002,-0.0008929023935024816,2,-0.014082707799557349,-3.0203848553689676,1,-55.95618002727429
27.641,0.1721655,-0.2679111,9.866015100000002,0.0005957515193504292,2,0.09304086955331717,-3.0203872325759606,1,-56.00450620397785
27.657,0.15568469999999998,-0.22455090000000003,9.866015100000002,0.0020150387595538888,2,0.0887054525127063,-3.0203663462537294,1,-56.05283223260849
27.672,0.1511721,-0.2230794,9.833053500000002,0.002593543643232721,2,0.038566992245254006,-3.0203317818857083,1,-56.09813746856953
27.688,0.21856680000000003,-0.2200383,9.7941078,0.002237737797839756,2,-0.02223786533706274,-3.0202931316341797,1,-56.14646246787769
27.719,0.13469129999999999,-0.21101310000000004,9.7941078,0.0018488899927842084,2,-0.012543477582436069,-3.020229788903425,1,-56.24009057314603
27.735,0.13469129999999999,-0.2230794,9.7672284,0.0008206834600414936,2,-0.06426290829642675,-3.020208432315802,1,-56.28841407891578
27.75,0.2065986,-0.2230794,9.7911648,0.00043171650565199116,2,-0.025931130292632516,-3.020199039316059,1,-56.33371713495302
27.766,0.17510850000000003,-0.23347800000000002,9.7911648,4.3182754646764465e-05,2,-0.024283359437829343,-3.0201952401219767,1,-56.38204028918852
27.782,0.17510850000000003,-0.24701580000000004,9.777627,-0.0006578086370598868,2,-0.0438119619816608,-3.020200157129036,1,-56.43036345236653
27.813,0.19011780000000003,-0.2365191,9.836094600000001,8.416059834281953e-05,2,0.02393449146460435,-3.020209048673636,1,-56.523989795056465
27.829,0.1631403,-0.318825,9.836094600000001,0.0008528623040664485,2,0.04804385660772143,-3.0202015524904167,1,-56.572313079865786
27.844,0.1631403,-0.3098979,9.8854389,0.002798622082405444,2,0.12971731855592813,-3.0201741663575183,1,-56.61761589775715
27.86,0.09878670000000002,-0.3098979,9.7536906,0.0014645304985645424,2,-0.08338072399006555,-3.0201400611368707,1,-56.665938411577095
27.875,0.10477080000000001,-0.2858634,9.7536906,0.0001466063341926116,2,-0.08786161095812539,-3.020127977610625,1,-56.7112404218677
27.891,0.10477080000000001,-0.3338343,9.8794548,0.001963447020278508,2,0.11355254288038104,-3.020111097183789,1,-56.75956233446605
27.907,0.21258269999999999,-0.3338343,9.8076456,0.002028148509223726,2,0.0040438430590756715,-3.020079164419553,1,-56.80788385655888
27.938,0.12272310000000002,-0.32333760000000006,9.8076456,0.002045262480912413,2,0.0005520636028608923,-3.020016026549206,1,-56.90150533201889
27.954,0.205029,-0.2529999,9.783611100000002,0.0014592214643069923,2,-0.0366275635378347,-3.0199879906776443,1,-56.949825364156716
27.969,0.2814489,-0.2649681,9.8151012,0.001708959645178254,2,0.016649212058083486,-3.0199642293193234,1,-56.99512500580669
27.985,0.1497006,-0.2529999,9.8151012,0.0018743749917291552,2,0.010338459159432462,-3.019935562642228,1,-57.04344420414238
28.016,0.2290635,-0.2215098,9.8285409,0.002382155075240533,2,0.01638000269391604,-3.01986958642619,1,-57.13706118395294
28.032,0.1990449,-0.258984,9.8285409,0.0028839429729003996,2,0.031361743603738154,-3.019827457641805,1,-57.18537876030549
28.047,0.1990449,-0.2994012,9.7268112,0.0009219410967258312,2,-0.1308001250782996,-3.019798913511283,1,-57.23067595808914
28.063,0.08829,-0.2994012,9.8689581,0.002433156693980365,2,0.09445097482841877,-3.019772072728957,1,-57.278992525979056
28.079,0.19757340000000004,-0.287433,9.8689581,0.003937421352683046,2,0.09401654116890704,-3.019721108104584,1,-57.32730847142573
28.094,0.19757340000000004,-0.2679111,9.874942200000001,0.005537478628317771,2,0.10667048504231098,-3.0196500463547267,1,-57.37260375508418
28.11,0.16765290000000002,-0.2679111,9.7911648,0.005042725520217672,2,-0.030922069256259586,-3.0195654047215386,1,-57.420917478692786
28.125,0.17069399999999998,-0.2934171,9.8105886,0.005052610193256868,2,0.0006589782026130077,-3.0194896897036876,1,-57.46621039190098
28.141,0.2006145,-0.2499588,9.8105886,0.005046718814950779,2,-0.00036821114413058856,-3.019408895071622,1,-57.51452158057918
28.157,0.2006145,-0.3083283,9.833053500000002,0.005628994049137859,2,0.0363922021366884,-3.019323489368709,1,-57.56283143965471
28.172,0.19610190000000002,-0.3083283,9.7986204,0.005355598333240508,2,-0.01822638105982271,-3.0192411049258414,1,-57.608120674111916
28.188,0.1287072,-0.287433,9.7986204,0.005046159174076692,2,-0.01933994744774061,-3.019157890865783,1,-57.656427866078246
28.204,0.1287072,-0.3083283,9.771642900000002,0.004102147478189266,2,-0.059000730992957495,-3.0190847044125646,1,-57.70473380684048
28.235,0.1437165,-0.3083283,9.7387794,0.0023851985266336584,2,-0.055385450050183034,-3.01898415054949,1,-57.79832387409239
28.25,0.1571562,-0.3039138,9.7387794,0.0007118044501215337,2,-0.11155960510080408,-3.0189609230271643,1,-57.84360846214422
28.266,0.0733788,-0.2260224,9.735738300000001,-0.001070765101157889,2,-0.11141059695497618,-3.0189637947123726,1,-57.89191185988613
28.282,0.20954160000000002,-0.1721655,9.8255979,-0.0005976169587036395,2,0.029571758903387278,-3.0189771417688513,1,-57.94021538737798
28.297,0.21258269999999999,-0.2664396,9.8255979,-8.312091219586648e-05,2,0.03429973643385024,-3.018982247302883,1,-57.98550008279602
28.329,0.21258269999999999,-0.20954160000000002,9.839037600000001,0.000712877396347622,2,0.024874947141983995,-3.0189721711991364,1,-58.082107353492056
28.344,0.1332198,-0.20954160000000002,9.898878600000002,0.0029145334970746006,2,0.14677707338179302,-3.0189449656174356,1,-58.12739173201818
28.36,0.205029,-0.22455090000000003,9.898878600000002,0.0051004263465692645,2,0.13661830309343154,-3.0188808459386864,1,-58.175694338510624
28.375,0.205029,-0.20355750000000003,9.831582000000001,0.005581260396473553,2,0.03205560332695135,-3.0188007332881135,1,-58.220976950354824
28.407,0.145188,-0.22455090000000003,9.8016615,0.005306027553555026,2,-0.008601026341203959,-3.018626536680913,1,-58.317575786674325
28.422,0.145188,-0.2604555,9.7971489,0.004949152437163207,2,-0.023791674426120388,-3.0185496228309825,1,-58.362854607870666
28.438,0.18109260000000002,-0.2604555,9.8076456,0.004871439872326633,2,-0.004857035302286408,-3.0184710580925067,1,-58.41115077331805
28.454,0.1990449,-0.23799060000000002,9.8405091,0.00559133710748938,2,0.04499357719766668,-3.0183873558766683,1,-58.45944564062981
28.469,0.0973152,-0.2230794,9.8405091,0.006247811602657194,2,0.04376496634451925,-3.018298562261342,1,-58.50472078501585
28.485,0.0973152,-0.2709522,9.839037600000001,0.006881698636794553,2,0.03961793963358932,-3.0181935261794264,1,-58.55301272172337
28.516,0.1915893,-0.2484873,9.7222986,0.004673582189967718,2,-0.07122956280086841,-3.0180144193266116,1,-58.64657394487871
28.532,0.1915893,-0.2260224,9.6804099,0.0014847583084129923,2,-0.19930149259714802,-3.0179651526026245,1,-58.69486178145415
28.547,0.1915893,-0.2260224,9.6804099,-0.0016262893809084744,2,-0.2074031792880899,-3.0179662140856682,1,-58.74013126670432
28.563,0.1721655,-0.2679111,9.8151012,-0.0013609006534043289,2,0.016586795469010925,-3.017990111605943,1,-58.78841891730985
28.579,0.1721655,-0.2679111,9.8151012,-0.0011019848216928807,2,0.0161822394819637,-3.018009814689744,1,-58.83670691672022
28.594,0.0973152,-0.21258269999999999,9.7612443,-0.0022206620991749304,2,-0.07457848516546715,-3.0180347345416503,1,-58.881977250839455
28.61,0.1497006,-0.21258269999999999,9.836094600000001,-0.0014709185393027013,2,0.04685897249201948,-3.018064267186758,1,-58.930266042853276
28.625,0.261927,-0.29783160000000003,9.836094600000001,-0.0006283033036940111,2,0.05617434904057722,-3.0180800113505803,1,-58.975537124942306
28.641,0.261927,-0.24544620000000003,9.7656588,-0.0015582943193273024,2,-0.05812443847708711,-3.0180975041315645,1,-59.02382654506616
28.657,0.052385400000000006,-0.24544620000000003,9.830012400000001,-0.0009787222921229244,2,0.036223251700269576,-3.018117800264456,1,-59.07211626750133
28.672,0.12272310000000002,-0.31284090000000003,9.830012400000001,-0.0003513558612784351,2,0.041824428722964366,-3.0181277758506067,1,-59.11738810932219
28.688,0.12272310000000002,-0.261927,9.7956774,-0.000612652580832318,2,-0.016331044972119478,-3.0181354879181437,1,-59.16567821543234
28.719,0.2394621,-0.261927,9.7612443,-0.0016542461992479218,2,-0.03359979414243627,-3.018170624849235,1,-59.259240960180236
28.75,0.16765290000000002,-0.2260224,9.862974000000001,-0.0002486233253726766,2,0.045342673350816105,-3.018200119326867,1,-59.35280470671496
28.766,0.18864630000000002,-0.2754648,9.7956774,-0.00047783175388715904,2,-0.014325526782156728,-3.018205930967501,1,-59.40109595511731
28.782,0.17667810000000003,-0.2544714,9.7956774,-0.0007207328391345413,2,-0.015181317827959695,-3.018215519484245,1,-59.44938732672093
28.797,0.17667810000000003,-0.3278502,9.771642900000002,-0.0014903283051950211,2,-0.05130636440403004,-3.0182321024428274,1,-59.494660683885385
28.813,0.1002582,-0.3278502,9.862974000000001,-4.1316953753423036e-05,2,0.09056320946510986,-3.018244355604899,1,-59.54295249554976
28.829,0.20208600000000002,-0.2918475,9.862974000000001,0.0013828266093938169,2,0.08900897269669253,-3.018233623527654,1,-59.59124431938283
28.844,0.20208600000000002,-0.29783160000000003,9.871999200000001,0.0029965757187859765,2,0.10758327395947323,-3.0182007780101925,1,-59.636517577394365
28.86,0.09878670000000002,-0.29783160000000003,9.7732125,0.0021243905295307286,2,-0.054511574328458996,-3.018159810280206,1,-59.68480846210068
28.891,0.21101310000000004,-0.261927,9.7732125,0.0012917731675816668,2,-0.026858624579003027,-3.018106859742901,1,-59.77837059548604
28.907,0.21101310000000004,-0.23200650000000003,9.788123700000002,0.0008245336622341171,2,-0.029202469084218592,-3.018089929288262,1,-59.826660169798295
28.922,0.24544620000000003,-0.21709530000000002,9.8091171,0.0008916712217974521,2,0.004475837304222164,-3.018077057751632,1,-59.871931422201094
28.938,0.09878670000000002,-0.21709530000000002,9.8240283,0.00125801336720599,2,0.02289638408803615,-3.01805986027492,1,-59.9202205175453
28.954,0.21552570000000001,-0.17510850000000003,9.8240283,0.0016405182291272524,2,0.02390655387007622,-3.018036672022149,1,-59.968509289803684
28.969,0.21552570000000001,-0.2140542,9.7327953,-0.00019162250092819022,2,-0.12214271533702488,-3.0180258053041875,1,-60.013779758383635
28.985,0.17069399999999998,-0.2140542,9.686394000000002,-0.0031320521167952364,2,-0.18377685099171062,-3.0180523947011295,1,-60.06206838398367
29.0,0.1287072,-0.23200650000000003,9.686394000000002,-0.006006506612147078,2,-0.1916302996901155,-3.0181209338915966,1,-60.10733968394812
29.032,0.21258269999999999,-0.3039138,9.8615025,-0.0044584748856983936,2,0.04837599145152134,-3.018288373595562,1,-60.20392223286791
29.047,0.1661814,-0.3039138,9.8615025,-0.002969919773628149,2,0.09923700747134587,-3.018344086555507,1,-60.24919697631905
29.079,0.1362609,-0.2604555,9.856989900000002,-0.0016691845022513974,2,0.040647977230523456,-3.018418312223921,1,-60.34578517469952
29.094,0.2200383,-0.2604555,9.7656588,-0.002589507246847589,2,-0.061354849639743775,-3.0184502524120393,1,-60.39106168893429
29.11,0.1781496,-0.2889045,9.7656588,-0.003488694552267191,2,-0.056199206588731315,-3.018498878026432,1,-60.4393572819778
29.125,0.1781496,-0.2754648,9.7941078,-0.0036819288303835407,2,-0.012882285207756168,-3.018552657701802,1,-60.484635168495764
29.141,0.1661814,-0.2754648,9.845021700000002,-0.0026344420198878282,2,0.06546792565598925,-3.018603188668604,1,-60.53293241526672
29.157,0.1466595,-0.2798793,9.845021700000002,-0.0016170296233788406,2,0.06358827478180461,-3.0186372004417503,1,-60.58123033837961
29.172,0.1466595,-0.2994012,9.7926363,-0.0018873884310153244,2,-0.018023920509098235,-3.0186634835771584,1,-60.62651009350976
29.188,0.1437165,-0.2994012,9.834525,-0.0011311256737354114,2,0.047266422329999766,-3.018687631689996,1,-60.67480890243189
29.204,0.1586277,-0.23799060000000002,9.834525,-0.0004286233347254864,2,0.0439063961881154,-3.018700109682064,1,-60.72310800436287
29.219,0.1586277,-0.2575125,9.788123700000002,-0.0008624672141053225,2,-0.028922925291987974,-3.01870979286118,1,-60.76838857863195
29.235,0.1946304,-0.21856680000000003,9.830012400000001,-0.00027175994743444676,2,0.0369192041669338,-3.0187188666784723,1,-60.81668800790826
29.25,0.1661814,-0.21856680000000003,9.874942200000001,0.0013872341841860703,2,0.11059960877469695,-3.0187105006216965,1,-60.86196872816301
29.266,0.1212516,-0.20954160000000002,9.874942200000001,0.0029850519742353754,2,0.09986361187809258,-3.0186755223324293,1,-60.91026781634664
29.282,0.1212516,-0.24103170000000002,9.874942200000001,0.004561414997162672,2,0.098522688932945,-3.0186151505966583,1,-60.958566141730074
29.297,0.19757340000000004,-0.24103170000000002,9.7627158,0.0033935162191252033,2,-0.07785991853582827,-3.0185554886125363,1,-61.00384492152414
29.313,0.1631403,-0.2140542,9.7627158,0.002223265454500023,2,-0.07314067278908182,-3.0185105543591475,1,-61.05214144986791
29.329,0.1631403,-0.2529999,9.8120601,0.002307220076984251,2,0.005247163905263664,-3.0184743104748955,1,-61.10043732878659
29.344,0.11978010000000001,-0.2529999,9.856989900000002,0.003469291959206089,2,0.07747145881478626,-3.018430986634624,1,-61.14571411851492
29.36,0.21258269999999999,-0.2738952,9.856989900000002,0.004654775894083585,2,0.07409274592985166,-3.018365994091798,1,-61.19400849436072
29.391,0.21258269999999999,-0.32333760000000006,9.8225568,0.005008670174447616,2,0.011415944527872408,-3.018216210677736,1,-61.287575518534645
29.407,0.1482291,-0.2798793,9.8016615,0.004783221611175392,2,-0.0140905352045124,-3.018137875543451,1,-61.33586635122442
29.422,0.142245,-0.2798793,9.8674866,0.006165783012377801,2,0.09217076008015711,-3.0180557580087743,1,-61.38113780347606
29.438,0.1287072,-0.318825,9.8674866,0.007538893717772055,2,0.08581941908715031,-3.017946120594933,1,-61.42942581850488
29.454,0.1497006,-0.35777070000000005,9.842078700000002,0.008299050684732023,2,0.04750981043499271,-3.017819417039713,1,-61.47771194280597
29.469,0.11821050000000001,-0.2829204,9.842078700000002,0.008970836500619583,2,0.04478572105916897,-3.0176898928858225,1,-61.52297826263041
29.485,0.11821050000000001,-0.2889045,9.891423,0.010833392821956167,2,0.1164097700835493,-3.017531459051242,1,-61.5712600334459
29.516,0.1856052,-0.2889045,9.7866522,0.010121920908556348,2,-0.022950706883866023,-3.017206651688419,1,-61.66479847416236
29.532,0.1661814,-0.17667810000000003,9.7866522,0.009354211875011842,2,-0.04798181459652624,-3.0170508426261504,1,-61.71307253411688
29.547,0.16912439999999998,-0.1915893,9.7686999,0.008175585705028965,2,-0.07857507799885549,-3.0169193691443,1,-61.75832731070516
29.563,0.21856680000000003,-0.20208600000000002,9.7612443,0.006873023591362326,2,-0.08141013210417389,-3.016798980269929,1,-61.80659705750047
29.579,0.1062423,-0.20355750000000003,9.7612443,0.005557412660367689,2,-0.08222568318715563,-3.016699536779915,1,-61.85486504563687
29.594,0.1062423,-0.21709530000000002,9.851005800000001,0.006469642525104291,2,0.060815324315771184,-3.016609333866024,1,-61.90011486216672
29.61,0.1362609,-0.21709530000000002,9.821085300000002,0.006639111200421155,2,0.010591792207305162,-3.01650446383622,1,-61.94837977254833
29.641,0.1915893,-0.2814489,9.821085300000002,0.006866779920953192,2,0.007344152275227287,-3.0162951225238386,1,-62.04188816613691
29.657,0.1915893,-0.2634966,9.803133,0.006639135045650946,2,-0.014227804706388809,-3.0161870752041056,1,-62.09014802371873
29.672,0.18413369999999998,-0.2634966,9.7732125,0.005684184573787832,2,-0.06366336479087185,-3.0160946503069597,1,-62.13539013666007
29.688,0.1631403,-0.24103170000000002,9.7732125,0.004729296976648811,2,-0.05968047482119534,-3.016011342454556,1,-62.183646984602156
29.704,0.1631403,-0.261927,9.8255979,0.005087866662174534,2,0.02241060534535515,-3.0159328051454453,1,-62.231902537782965
29.719,0.1631403,-0.2604555,9.774684,0.004195544884220581,2,-0.05948811853026126,-3.0158631795588473,1,-62.27714100766825
29.735,0.1377324,-0.2604555,9.8524773,0.005211997063375051,2,0.06352826119716137,-3.0157879192232664,1,-62.3253942164585
29.75,0.1392039,-0.2694807,9.8524773,0.006210079168385008,2,0.06653880700066124,-3.0157022536515283,1,-62.37063039275506
29.766,0.1392039,-0.3053853,9.7851807,0.0055689299041983276,2,-0.04007182901167192,-3.015608021578948,1,-62.4188808749569
29.797,0.20208600000000002,-0.2724237,9.752219100000001,0.004142969801820939,2,-0.04599871297991225,-3.0154574871335047,1,-62.51236239034195
29.813,0.20208600000000002,-0.258984,9.8764137,0.005770304563300854,2,0.10170842259250588,-3.015378180938584,1,-62.56060907568652
29.829,0.21709530000000002,-0.258984,9.8225568,0.006052902102497981,2,0.017662346199818456,-3.0152835952852572,1,-62.60885436989632
29.844,0.23347800000000002,-0.2274939,9.8225568,0.006318757737910019,2,0.017723709027468518,-3.015190807836454,1,-62.65408292791974
29.86,0.17069399999999998,-0.2350476,9.8091171,0.00622332140681614,2,-0.005964770693368084,-3.015090471203296,1,-62.70232517815205
29.875,0.17069399999999998,-0.16166880000000003,9.8076456,0.006058154444568586,2,-0.011011130816503168,-3.014998360134411,1,-62.747550844387085
29.907,0.13469129999999999,-0.22455090000000003,9.806076000000001,0.005875268529006661,2,-0.005715184861310169,-3.014807425366834,1,-62.844027736955105
29.922,0.13469129999999999,-0.21709530000000002,9.746235,0.0042337112877977034,2,-0.10943714941392635,-3.014731608018208,1,-62.889249279705496
29.938,0.1631403,-0.21709530000000002,9.883967400000001,0.006000831858562705,2,0.11044503567282477,-3.014649731673037,1,-62.93748433042302
29.954,0.1661814,-0.2529999,9.883967400000001,0.00774690355260077,2,0.10912948087736685,-3.0145397497897477,1,-62.985717846274724
29.969,0.1661814,-0.21709530000000002,9.746235,0.006071547434078894,2,-0.11169040790145415,-3.0144361114073477,1,-63.03093516523371
29.985,0.17510850000000003,-0.21709530000000002,9.7686999,0.004988565071625928,2,-0.06768639765331787,-3.0143476305073023,1,-63.07916543516902
30.0,0.1392039,-0.2215098,9.7686999,0.003920330159653318,2,-0.07121566079817129,-3.0142808137930674,1,-63.124380148501274
30.016,0.1377324,-0.3023442,9.845021700000002,0.004790919976159103,2,0.05441186353161753,-3.014211123791981,1,-63.17260808400195
30.032,0.1377324,-0.2858634,9.803133,0.004607131128821607,2,-0.011486802958592215,-3.014135939383141,1,-63.22083486050736
30.047,0.1781496,-0.2858634,9.871999200000001,0.006122378067690448,2,0.10101646259125228,-3.0140554680641674,1,-63.266046296063216
30.063,0.18109260000000002,-0.29783160000000003,9.871999200000001,0.007610597530620211,2,0.09301371643312042,-3.013945604259381,1,-63.3142703046418
30.094,0.18109260000000002,-0.2814489,9.8794548,0.009232542097482366,2,0.05232079247942036,-3.013684535595145,1,-63.407698571809554
30.11,0.145188,-0.2814489,9.7268112,0.007079400688953186,2,-0.13457133803308857,-3.0135540400528535,1,-63.455916480414736
30.125,0.1915893,-0.20954160000000002,9.833053500000002,0.007544298291888296,2,0.030993173529006185,-3.0134443623104974,1,-63.501118968432465
30.141,0.15421320000000002,-0.20954160000000002,9.7851807,0.006814614804358854,2,-0.04560521797059516,-3.0133294910057273,1,-63.54933315925899
30.157,0.2230794,-0.24544620000000003,9.7851807,0.006155445377466151,2,-0.04119808918078932,-3.013225730524273,1,-63.597545601031236
30.172,0.24397470000000002,-0.2350476,9.743193900000001,0.004494833093328765,2,-0.11070748560915487,-3.013145853435742,1,-63.64274338791094
30.188,0.24397470000000002,-0.22455090000000003,9.800091900000002,0.004255646607473906,2,-0.014949155365930314,-3.0130758495981356,1,-63.690953161535205
30.219,0.1915893,-0.2934171,9.8704296,0.005752744495410411,2,0.048293480256012614,-3.012920719536041,1,-63.78435610835679
30.235,0.1915893,-0.2514303,9.759674700000001,0.004485140583915026,2,-0.0792252444684703,-3.0128388164554063,1,-63.832562184644715
30.25,0.23347800000000002,-0.2514303,9.8016615,0.004294128598086644,2,-0.012734132388558323,-3.0127729719365415,1,-63.877754273057654
30.266,0.1302768,-0.2425032,9.8016615,0.0040556088024068515,2,-0.014907487229988668,-3.0127061740373375,1,-63.92595810622544
30.282,0.1302768,-0.2350476,9.8046045,0.003890231953590728,2,-0.010336053051006553,-3.0126426073112897,1,-63.97416089647623
30.297,0.1526436,-0.2350476,9.831582000000001,0.004394476385749968,2,0.033616295477281385,-3.012580471998745,1,-64.01935006957106
30.329,0.0449298,-0.2918475,9.8674866,0.005772471032871707,2,0.04306233272255429,-3.012417800840047,1,-64.11575004193648
30.344,0.2140542,-0.2798793,9.8674866,0.007162507255220163,2,0.09266908148989358,-3.012320788502886,1,-64.16093558135655
30.36,0.2140542,-0.2829204,9.7567317,0.005821179087375228,2,-0.08383301049031767,-3.012216919012145,1,-64.20913188301667
30.375,0.1332198,-0.2829204,9.8076456,0.005718667897211205,2,-0.00683407934426794,-3.0121303701597606,1,-64.25431448768546
30.391,0.18109260000000002,-0.2754648,9.8076456,0.005632183115064748,2,-0.005405298884154126,-3.0120395633516623,1,-64.30250784715355
30.422,0.1646118,-0.2575125,9.833053500000002,0.006148240882977163,2,0.016647024771366942,-3.0118569667796926,1,-64.39587824337059
30.438,0.18864630000000002,-0.2724237,9.833053500000002,0.006672031297146219,2,0.03273690088556963,-3.0117544046022515,1,-64.44406713434164
30.454,0.18864630000000002,-0.2769363,9.7536906,0.005251570700645303,2,-0.08877878728129734,-3.011659015786269,1,-64.49225444170474
30.469,0.1661814,-0.2769363,9.806076000000001,0.00513279126517574,2,-0.007918629031303873,-3.0115811330715254,1,-64.53742874282118
30.485,0.1122264,-0.24544620000000003,9.866015100000002,0.006439167440893456,2,0.08164851098236625,-3.011488557401877,1,-64.58561330034496
30.5,0.19011780000000003,-0.23347800000000002,9.866015100000002,0.007735696090319877,2,0.08643524329509143,-3.0113822459253927,1,-64.63078483136992
30.516,0.19011780000000003,-0.2544714,9.803133,0.007480347490449901,2,-0.015959287491875234,-3.0112605175767464,1,-64.67896597347793
30.532,0.1287072,-0.2544714,9.731225700000001,0.005453792296702176,2,-0.12665969960921866,-3.0111570444584492,1,-64.72714531397422
30.547,0.145188,-0.2290635,9.731225700000001,0.0034669299359286754,2,-0.13245749071822832,-3.0110901390417046,1,-64.77231216785047
30.579,0.145188,-0.2274939,9.8225568,0.0037543695396440313,2,0.008982487616104864,-3.0109745982500953,1,-64.86866520364714
30.594,0.1466595,-0.2274939,9.7507476,0.002284556980102437,2,-0.09798750396943592,-3.0109293063011973,1,-64.91382948293128
30.61,0.145188,-0.2230794,9.842078700000002,0.003074335906749326,2,0.049361182915436,-3.0108864351581026,1,-64.96200400886295
30.641,0.16765290000000002,-0.2350476,9.698362200000002,0.00035659679458710514,2,-0.08766900361813953,-3.010833255701232,1,-65.05534066407127
30.657,0.1990449,-0.2425032,9.698362200000002,-0.0022759132365841594,2,-0.16453187694818563,-3.010848610232768,1,-65.10351411899875
30.672,0.1990449,-0.3143124,9.833053500000002,-0.0015111969524941316,2,0.050981085605999926,-3.010877013559186,1,-65.14867706117718
30.688,0.0703377,-0.3143124,9.9184005,0.0012724223692757164,2,0.17397620761063465,-3.0108789237558518,1,-65.1968511086757
30.704,0.2365191,-0.3307932,9.9184005,0.004063868417583549,2,0.17446537801922005,-3.010836233429557,1,-65.24502482993319
30.719,0.2365191,-0.2829204,9.8165727,0.004269261459809215,2,0.013692869481710519,-3.0107737349554764,1,-65.29018690469607
30.735,0.21709530000000002,-0.2829204,9.845021700000002,0.005152128548150614,2,0.055179193021343526,-3.0106983638354126,1,-65.3383586814864
30.75,0.1781496,-0.3173535,9.845021700000002,0.00601999360206662,2,0.05785767026106487,-3.010614572919286,1,-65.38351852851206
30.766,0.1781496,-0.2798793,9.7986204,0.005707891286721889,2,-0.01950639470904784,-3.010520749840176,1,-65.43168761109412
30.782,0.2290635,-0.2798793,9.7447635,0.00411650446607581,2,-0.09946167629036881,-3.0104421546741533,1,-65.47985531433024
30.797,0.1317483,-0.2484873,9.831582000000001,0.004615919575693184,2,0.033294340641156994,-3.01037666149384,1,-65.5250114554515
30.829,0.1856052,-0.15568469999999998,9.831582000000001,0.005077838119776246,2,0.014434954502595675,-3.0102215613707126,1,-65.62134102701734
30.844,0.1856052,-0.2858634,9.7941078,0.004686302641781381,2,-0.026102365199656634,-3.0101483303150007,1,-65.66649380120498
30.86,0.113796,-0.2858634,9.7612443,0.0034764088839462914,2,-0.07561835986470145,-3.010083028622795,1,-65.71465565207647
30.875,0.1482291,-0.23200650000000003,9.7612443,0.0022724620385776717,2,-0.0802631230245716,-3.010039912090876,1,-65.75980657413183
30.891,0.1661814,-0.2709522,9.7447635,0.0007276316642244041,2,-0.09655189839708986,-3.0100159113412537,1,-65.80796702071927
30.907,0.1392039,-0.2290635,9.7447635,-0.0008160251630133786,2,-0.09647855170235062,-3.010016618489244,1,-65.85612728095792
30.922,0.1392039,-0.23200650000000003,9.833053500000002,-0.0001677418107579598,2,0.043218890150359617,-3.0100239967415474,1,-65.90127758557216
30.954,0.18864630000000002,-0.24544620000000003,9.845021700000002,0.0007845422380974298,2,0.0297588765267309,-3.01001412793471,1,-65.99759819556698
30.969,0.1482291,-0.24544620000000003,9.836094600000001,0.0014791000873710658,2,0.046303856618240644,-3.0099971506172687,1,-66.04274828015612
30.985,0.19757340000000004,-0.2559429,9.836094600000001,0.0021843850690999034,2,0.044080311358057206,-3.009967842736017,1,-66.09090800010294
31.016,0.1437165,-0.2798793,9.8196138,0.002463819210861473,2,0.009014004572954211,-3.0098957955696775,1,-66.18421588649667
31.032,0.1796211,-0.30685680000000004,9.8196138,0.0027704936176267125,2,0.019167150422825317,-3.0098539210670494,1,-66.23237388422977
31.047,0.1915893,-0.2858634,9.851005800000001,0.0038249488265904574,2,0.07029701393091366,-3.0098044552487178,1,-66.27752132205214
31.079,0.1661814,-0.2769363,9.851005800000001,0.004836222647954358,2,0.031602306917621864,-3.009665876505125,1,-66.3738328473602
31.094,0.1661814,-0.2499588,9.7926363,0.004382261352718686,2,-0.03026408634904365,-3.00959673787512,1,-66.41897731696805
31.11,0.1661814,-0.2889045,9.8076456,0.004331362685308093,2,-0.003181166713162393,-3.0095270288828155,1,-66.46713030710211
31.125,0.23053500000000002,-0.2889045,9.8105886,0.004385159547888762,2,0.003586457505377758,-3.0094616549660667,1,-66.51227272223097
31.157,0.10477080000000001,-0.23053500000000002,9.8285409,0.004785298862238108,2,0.01250435357341705,-3.0093149276315048,1,-66.60857314755253
31.172,0.17510850000000003,-0.23053500000000002,9.845021700000002,0.005601892306142275,2,0.05443956292694246,-3.0092370236977417,1,-66.6537122871875
31.188,0.1631403,-0.20208600000000002,9.845021700000002,0.006378316572442699,2,0.04852651664378184,-3.009141182026713,1,-66.70185931283329
31.204,0.1631403,-0.2274939,9.7507476,0.004850888447707646,2,-0.09546425779593012,-3.0090513483865515,1,-66.7500048530766
31.219,0.1302768,-0.2274939,9.834525,0.005391278720795256,2,0.03602601820583929,-3.008974532132788,1,-66.7951400471805
31.235,0.1721655,-0.23799060000000002,9.834525,0.005940248739417342,2,0.034310626163884146,-3.0088838799131064,1,-66.84328291447686
31.25,0.1721655,-0.2889045,9.7866522,0.005342133764752788,2,-0.039874331644302104,-3.008799262044325,1,-66.88841553804154
31.266,0.1661814,-0.2754648,9.746235,0.003761388179134073,2,-0.09879659910118055,-3.008726433868774,1,-66.93655574360884
31.282,0.1646118,-0.2754648,9.8196138,0.00400731277516897,2,0.015370287252179315,-3.0086642842611395,1,-66.98469486935387
31.297,0.1915893,-0.24544620000000003,9.8196138,0.004239757318325488,2,0.015496302877100618,-3.0086024312354382,1,-67.0298243697201
31.313,0.1915893,-0.3008727,9.7806681,0.003554849928669057,2,-0.042806711853531625,-3.0085400743774624,1,-67.077961509765
31.329,0.24397470000000002,-0.3008727,9.776155500000002,0.0028050996892208246,2,-0.046859389965509285,-3.0084891947805192,1,-67.12609774391828
31.344,0.19011780000000003,-0.2575125,9.776155500000002,0.002014309053524954,2,-0.05271937571305604,-3.008453049214949,1,-67.17122481074824
31.36,0.19011780000000003,-0.3023442,9.8405091,0.002842657411918026,2,0.05177177239957269,-3.008414193483225,1,-67.21935974868983
31.375,0.18109260000000002,-0.3023442,9.8524773,0.0039383734765490175,2,0.07304773764206333,-3.008363335751562,1,-67.26448558015909
31.391,0.1930608,-0.2634966,9.8524773,0.004985712145618493,2,0.0654586668168494,-3.0082919430665847,1,-67.31261882238962
31.407,0.1930608,-0.2814489,9.895935600000001,0.007078934089708611,2,0.13082637150561774,-3.008195425896702,1,-67.36075072134133
31.438,0.19011780000000003,-0.24544620000000003,9.843550200000001,0.00781928759164785,2,0.02388237103029896,-3.007964503460641,1,-67.45400120024637
31.454,0.1721655,-0.24544620000000003,9.759674700000001,0.00648874245986697,2,-0.0831590707362957,-3.0078500392202288,1,-67.50212771658782
31.469,0.1317483,-0.22455090000000003,9.759674700000001,0.005163041103784849,2,-0.08838009040547136,-3.0077626508435014,1,-67.5472448117633
31.485,0.1317483,-0.23200650000000003,9.774684,0.004239869685605413,2,-0.0576982136362211,-3.0076874275571863,1,-67.59536841239051
31.5,0.1631403,-0.23200650000000003,9.975298500000001,0.008241778950102585,2,0.266793950966468,-3.0075938151924184,1,-67.64048302171113
31.516,0.145188,-0.21856680000000003,9.975298500000001,0.012131915893323963,2,0.24313355895136293,-3.007430825633671,1,-67.68860321883774
31.532,0.145188,-0.23053500000000002,9.855518400000001,0.01301337650759038,2,0.05509128839164484,-3.0072296632944635,1,-67.73672050274917
31.547,0.2006145,-0.23053500000000002,9.7656588,0.011706409477577395,2,-0.08713113533419566,-3.0070442648995748,1,-67.78182755721062
31.563,0.142245,-0.2769363,9.774684,0.010655746808289734,2,-0.06566641683048603,-3.006865367649288,1,-67.829938834271
31.594,0.1781496,-0.2514303,9.7971489,0.010175902829606898,2,-0.015478838022025815,-3.0065424770799005,1,-67.92314665586431
31.61,0.09133110000000001,-0.2889045,9.7971489,0.009703846631637703,2,-0.029503512373077943,-3.006383439084211,1,-67.97125006319362
31.625,0.09133110000000001,-0.33824879999999996,9.843550200000001,0.010412822889026785,2,0.04726508382593703,-3.0062325640628056,1,-68.01634468321723
31.641,0.1946304,-0.33824879999999996,9.833053500000002,0.010885261679812075,2,0.02952742442408388,-3.0060621793862548,1,-68.06444304116481
31.672,0.1781496,-0.2843919,9.833053500000002,0.011297002885351404,2,0.013281974372235402,-3.0057183542854946,1,-68.15762563943673
31.688,0.1781496,-0.3083283,9.800091900000002,0.010912873386773825,2,-0.024008093661101328,-3.0055406752753178,1,-68.20571571167321
31.704,0.16912439999999998,-0.3083283,9.9033912,0.013052106701671562,2,0.1337020821810936,-3.0053489554346102,1,-68.25380282871889
31.719,0.2365191,-0.2514303,9.9033912,0.015133612239759842,2,0.1387670358725467,-3.0051375625425494,1,-68.29888147760371
31.735,0.2365191,-0.2814489,9.7342668,0.013061937746998709,2,-0.12947965579758508,-3.0049119981426555,1,-68.34696187408919
31.75,0.1646118,-0.21709530000000002,9.7732125,0.011914028807954224,2,-0.0765272626029627,-3.0047246783934933,1,-68.39203414916321
31.766,0.21856680000000003,-0.21709530000000002,9.891423,0.01370167273966949,2,0.11172774573221643,-3.0045197527811123,1,-68.4401081046126
31.782,0.1781496,-0.2604555,9.891423,0.015451473497845924,2,0.10936254738601489,-3.004286527611212,1,-68.48817855485575
31.797,0.1781496,-0.2274939,9.723770100000001,0.013051454511515459,2,-0.1600012657553583,-3.004072755651142,1,-68.53324124948021
31.813,0.18864630000000002,-0.2274939,9.7268112,0.010788938024253625,2,-0.1414072804538802,-3.0038820325108557,1,-68.5813048877855
31.829,0.173637,-0.24701580000000004,9.7268112,0.008586399143796442,2,-0.13765868002855855,-3.0037270298135113,1,-68.6293657602841
31.844,0.173637,-0.2514303,9.862974000000001,0.009759767161940047,2,0.07822453454290408,-3.0035894335662183,1,-68.67442063375945
31.875,0.12272310000000002,-0.2738952,9.7222986,0.0074709566973520936,2,-0.07383259563187232,-3.0033223573463994,1,-68.7675277665186
31.891,0.1257642,-0.3098979,9.7701714,0.006432210581770903,2,-0.06492163222383156,-3.0032111320081665,1,-68.81558003443342
31.907,0.1257642,-0.2634966,9.854046900000002,0.0074304457660776535,2,0.062389699019164926,-3.0031002307573837,1,-68.86363052533555
31.922,0.1930608,-0.2634966,9.7582032,0.006094518553888761,2,-0.08906181414592276,-3.002998793524984,1,-68.90867626801767
31.954,0.11526750000000001,-0.2679111,9.7582032,0.0047641444038415415,2,-0.04157419218897559,-3.0028250549176603,1,-69.00476944959276
31.969,0.11526750000000001,-0.2963601,9.8285409,0.005200920490542771,2,0.029118405780080854,-3.0027503169309524,1,-69.04981126488163
31.985,0.0703377,-0.3996594,9.866015100000002,0.006619082389258679,2,0.08863511866975403,-3.002655756907914,1,-69.09785451347233
32.0,0.0703377,-0.2814489,9.7866522,0.005968359650488253,2,-0.04338151591802677,-3.002561351092616,1,-69.14289364178234
32.016,0.19757340000000004,-0.2814489,9.771642900000002,0.005010108195916629,2,-0.059890715910733076,-3.0024735233498445,1,-69.19093392077787
32.032,0.21101310000000004,-0.19757340000000004,9.771642900000002,0.004031961867330125,2,-0.061134145536663256,-3.0024011867893385,1,-69.23897291845897
32.047,0.2559429,-0.23200650000000003,9.8794548,0.005750227751828874,2,0.1145510589665789,-3.002327820367195,1,-69.28400838601264
32.063,0.2559429,-0.173637,9.843550200000001,0.006522082255067119,2,0.04824090645237421,-3.0022296418871397,1,-69.3320448457107
32.079,0.18109260000000002,-0.173637,9.895935600000001,0.008511880672743999,2,0.1243624011048187,-3.0021093701837174,1,-69.38007955780726
32.094,0.1406754,-0.2649681,9.895935600000001,0.010486473210143288,2,0.13163950249328094,-3.0019668825295955,1,-69.42511012970262
32.11,0.1406754,-0.31284090000000003,9.836094600000001,0.010988319709770877,2,0.0313654062267278,-3.001795084186236,1,-69.47314022543634
32.125,0.1781496,-0.31284090000000003,9.7686999,0.009850064093299693,2,-0.07588370776474275,-3.0016387963077134,1,-69.51816597954004
32.157,0.0793629,-0.23347800000000002,9.7686999,0.008653729231580698,2,-0.03738546442872271,-3.0013427356145153,1,-69.61421368405078
32.172,0.1317483,-0.18109260000000002,9.834525,0.009078342792225413,2,0.028307570709646623,-3.0012097450743367,1,-69.65923282765596
32.204,0.17510850000000003,-0.2784078,9.834525,0.009564519297624585,2,0.015193015793722418,-3.000911459280899,1,-69.75526676692564
32.219,0.1870767,-0.2260224,9.6804099,0.0062542526044087055,2,-0.22068444621438363,-3.0007928184916337,1,-69.80027954900893
32.235,0.1870767,-0.21709530000000002,9.8091171,0.00615758632891783,2,-0.0060416422181803755,-3.0006935237801673,1,-69.8482914397471
32.25,0.2215098,-0.21709530000000002,9.806076000000001,0.006006624629575796,2,-0.010064113289468534,-3.0006022921979785,1,-69.89330115836694
32.266,0.1870767,-0.2889045,9.806076000000001,0.0058870208011860825,2,-0.007475239274357938,-3.0005071430345325,1,-69.9413100338488
32.282,0.1870767,-0.2754648,9.747706500000001,0.004338085528978297,2,-0.09680845451299724,-3.0004253421838913,1,-69.98931749373054
32.297,0.1466595,-0.2754648,9.866015100000002,0.0056941786830790875,2,0.0904062102733826,-3.0003501002023008,1,-70.03432330954844
32.313,0.1317483,-0.3218661,9.866015100000002,0.007046308812617141,2,0.08450813309610014,-3.000248176302335,1,-70.08232809576049
32.329,0.1317483,-0.2814489,9.7895952,0.006472367312033711,2,-0.03587134378646834,-3.000140026893338,1,-70.13033120138604
32.344,0.13469129999999999,-0.2814489,9.708858900000001,0.003945230391405374,2,-0.1684757947085494,-3.000061894910562,1,-70.17533271579957
32.36,0.17510850000000003,-0.2679111,9.708858900000001,0.0014861136398316432,2,-0.15369479697337513,-3.000018444158312,1,-70.22333335851212
32.375,0.22455090000000003,-0.2575125,9.803133,0.0014028819182012597,2,-0.0055487814420253564,-2.999996776691627,1,-70.2683334726685
32.391,0.16019730000000001,-0.2575125,9.7701714,0.00048733980257864573,2,-0.057221382226419676,-2.999981654917861,1,-70.31633330012137
32.422,0.1571562,-0.2080701,9.7701714,-0.0004357970770616504,2,-0.02977860902065586,-2.999980856005615,1,-70.40933271904068
32.438,0.1571562,-0.2499588,9.888480000000001,0.0015717946956730344,2,0.1254744857958759,-2.9999717680246665,1,-70.45733234003293
32.469,0.18864630000000002,-0.2575125,9.788123700000002,0.0011021417967871372,2,-0.015150093512448882,-2.999930322009033,1,-70.55033082242845
32.485,0.18864630000000002,-0.2065986,9.803133,0.0009804484611350972,2,-0.007605833478253337,-2.99991366128697,1,-70.59832957429481
32.5,0.18864630000000002,-0.2065986,9.860031000000001,0.0022489178219569084,2,0.08456462405478421,-2.999889441039847,1,-70.64332809756226
32.516,0.2080701,-0.2484873,9.8120601,0.002350154156561146,2,0.006327270912765556,-2.9998526484640187,1,-70.69132603427829
32.532,0.1930608,-0.2649681,9.8120601,0.002451954060367356,2,0.00636249398788883,-2.9998142315982834,1,-70.73932336931878
32.547,0.1930608,-0.2948886,9.7507476,0.0010776212058019041,2,-0.09162219030436,-2.999787759783787,1,-70.78432038425414
32.563,0.08534699999999999,-0.2948886,9.8196138,0.001378161567217262,2,0.018783772588453596,-2.9997681135216028,1,-70.8323168312406
32.579,0.21856680000000003,-0.37268190000000007,9.8196138,0.00178606573765272,2,0.025494010652218933,-2.9997427997031636,1,-70.8803129185464
32.594,0.21856680000000003,-0.3023442,9.7507476,0.0004466610054443265,2,-0.08929364881388951,-2.9997260542525903,1,-70.92530893495106
32.61,0.17510850000000003,-0.3023442,9.6549039,-0.003217595013429886,2,-0.2290160011796635,-2.999748221724654,1,-70.97330472915887
32.625,0.1646118,-0.2604555,9.6549039,-0.006826740693941957,2,-0.24060971203412898,-2.999823554242459,1,-71.01830151747862
32.641,0.1646118,-0.2575125,9.9363528,-0.003488515121587099,2,0.20863909827220162,-2.9999060762889833,1,-71.06629935452287
32.657,0.1302768,-0.2575125,9.774684,-0.004185582704410606,2,-0.043566723926474,-2.999967469071591,1,-71.11429834288575
32.672,0.18864630000000002,-0.2679111,9.8196138,-0.0037403856257256507,2,0.02967980524566259,-3.000026913834067,1,-71.15929830075754
32.688,0.1257642,-0.145188,9.8196138,-0.0033935290358773074,2,0.021678536865514218,-3.00008398515136,1,-71.20729918794945
32.704,0.1257642,-0.2529999,9.8584614,-0.0020547218178368354,2,0.08367545112753871,-3.0001275711581896,1,-71.25530088039991
32.735,0.113796,-0.2529999,9.764187300000001,-0.003050563359002112,2,-0.03212392068275209,-3.0002067030784305,1,-71.34830606165058
32.75,0.2065986,-0.17510850000000003,9.764187300000001,-0.004026626202010775,2,-0.06507085620057504,-3.000259782000138,1,-71.39330956028867
32.766,0.2065986,-0.1661814,9.800091900000002,-0.004107286006821198,2,-0.005041237800652021,-3.000324853297809,1,-71.44131423737105
32.782,0.18109260000000002,-0.1661814,9.8120601,-0.003906463724048237,2,0.012551392673311451,-3.0003889632956557,1,-71.4893199479038
32.797,0.1377324,-0.24544620000000003,9.8120601,-0.003687177988865642,2,0.014619049012172444,-3.0004459156085024,1,-71.53432620949557
32.813,0.1377324,-0.2200383,9.7956774,-0.003887372554761015,2,-0.012512160368456633,-3.0005065120128513,1,-71.58233382891656
32.829,0.15568469999999998,-0.2200383,9.8240283,-0.0033849044498133196,2,0.031404256559234414,-3.000564690228888,1,-71.6303423985345
32.844,0.11673900000000001,-0.2754648,9.862974000000001,-0.0019243216091666682,2,0.09737218937643974,-3.0006045094243303,1,-71.6753511675319
32.86,0.21856680000000003,-0.2798793,9.862974000000001,-0.00045413970403807014,2,0.0918863690705475,-3.0006235371148358,1,-71.72336099190422
32.875,0.21856680000000003,-0.31136939999999996,9.8016615,-0.0004911197310804027,2,-0.0024653351361554137,-3.000630626560599,1,-71.76837039813178
32.891,0.1990449,-0.31136939999999996,9.8046045,-0.0004656041960320323,2,0.001594720940523329,-3.000638280352016,1,-71.81638054938708
32.907,0.1317483,-0.2604555,9.764187300000001,-0.0014899223506699144,2,-0.06401988466487468,-3.0006539245643897,1,-71.8643908870264
32.922,0.23200650000000003,-0.2604555,9.8105886,-0.0013127118312024066,2,0.011814034631166736,-3.0006749443207537,1,-71.90940085354305
32.938,0.205029,-0.2604555,9.8105886,-0.0011544705123078813,2,0.009890082430904529,-3.000694681779502,1,-71.95741181055186
32.954,0.205029,-0.24103170000000002,9.7417224,-0.002690974686005987,2,-0.09603151085614217,-3.0007254453410885,1,-72.00542317156882
32.985,0.1856052,-0.2738952,9.759674700000001,-0.0037407148797043988,2,-0.03386258689349846,-3.000825136529357,1,-72.09844720558782
33.016,0.17667810000000003,-0.2274939,9.759674700000001,-0.004797946858658975,2,-0.034104257385632795,-3.0009574857863015,1,-72.19147483623371
33.032,0.17667810000000003,-0.2843919,9.8240283,-0.004224334772917615,2,0.03585075535883892,-3.001029664039354,1,-72.2394907334323
33.047,0.15568469999999998,-0.2843919,9.860031000000001,-0.002795731264971124,2,0.09524023386309578,-3.001082314534638,1,-72.28450657327161
33.063,0.1781496,-0.258984,9.860031000000001,-0.0014097676709958762,2,0.08662272462342407,-3.001115958526126,1,-72.33252415945611
33.079,0.1781496,-0.24103170000000002,9.776155500000002,-0.002113496254365188,2,-0.043983036460586836,-3.001144144637529,1,-72.38054224028141
33.094,0.1511721,-0.24103170000000002,9.8524773,-0.0009504127582200539,2,0.07753889974300601,-3.0011671239551236,1,-72.42555957479586
33.11,0.21101310000000004,-0.24397470000000002,9.8524773,0.00021288288256826604,2,0.072705977549278,-3.001173024194129,1,-72.47357829598104
33.125,0.21101310000000004,-0.2529999,9.8644455,0.0016450986558567138,2,0.09548105155255956,-3.001159089332591,1,-72.51859578683249
33.141,0.18109260000000002,-0.2529999,9.702776700000001,-0.0009132628713359736,2,-0.15989759544956056,-3.001153234646315,1,-72.56661428542432
33.172,0.261927,-0.2604555,9.854046900000002,0.00032745262384459295,2,0.04002308048969724,-3.0011623147051507,1,-72.65965017643927
33.188,0.261927,-0.290376,9.806076000000001,0.0003891910286792921,2,0.0038586503021674095,-3.0011565815559305,1,-72.70766872760937
33.204,0.1915893,-0.290376,9.803133,0.0003380456061474746,2,-0.003196588908238948,-3.001150763662852,1,-72.75568718637112
33.219,0.1497006,-0.3202965,9.803133,0.0002930899235202844,2,-0.002997045508479232,-3.0011460301463795,1,-72.80070441232469
33.235,0.1497006,-0.31136939999999996,9.871999200000001,0.0019208488640494181,2,0.10173493378308206,-3.001128318636079,1,-72.84872260711495
33.25,0.1287072,-0.31136939999999996,9.8584614,0.0031716926965152936,2,0.08338958883105521,-3.001090124574375,1,-72.89373924543904
33.266,0.1526436,-0.2963601,9.8584614,0.004389076993517094,2,0.07608651856262089,-3.0010296384168544,1,-72.94175620354297
33.282,0.1526436,-0.2274939,9.8016615,0.0041473380788144,2,-0.015108682168920027,-3.000961347096276,1,-72.98977213142706
33.297,0.15568469999999998,-0.2274939,9.7911648,0.0036567456269818166,2,-0.03270616345550431,-3.0009028164684826,1,-73.03478611265379
33.313,0.1362609,-0.23347800000000002,9.871999200000001,0.005145318899243634,2,0.0930358295163325,-3.0008323999522726,1,-73.08279999438517
33.329,0.18266220000000002,-0.18266220000000002,9.871999200000001,0.0065897464150310725,2,0.09027671973672485,-3.0007385194297584,1,-73.13081256174021
33.344,0.18266220000000002,-0.19757340000000004,9.8255979,0.006874628608631639,2,0.018992146240037037,-3.0006375366170808,1,-73.17582288216057
33.36,0.1915893,-0.19757340000000004,9.8764137,0.008395633906841837,2,0.09506283113814787,-3.000515374516957,1,-73.22383210544965
33.375,0.1646118,-0.205029,9.8764137,0.009871385448070313,2,0.09838343608189468,-3.000378371871795,1,-73.26883880854756
33.391,0.1646118,-0.2499588,9.7941078,0.009329842507654007,2,-0.03384643377602287,-3.0002247620481493,1,-73.31684363361892
33.422,0.1796211,-0.2499588,9.7222986,0.00705736492045439,2,-0.07330572861934531,-2.9999707603330137,1,-73.40984666421582
33.438,0.1302768,-0.2754648,9.860031000000001,0.008195644850689021,2,0.0711424956396407,-2.9998487362548447,1,-73.45784522018855
33.454,0.19757340000000004,-0.3008727,9.7895952,0.007634741110805976,2,-0.03505648374269418,-2.999722093167153,1,-73.50584178682392
33.469,0.17667810000000003,-0.3008727,9.8105886,0.007589492591224101,2,-0.0030165679721249027,-2.9996079114143877,1,-73.55083676185828
33.485,0.16912439999999998,-0.2664396,9.8105886,0.007517834255191147,2,-0.004478646002060099,-2.9994870527996165,1,-73.59882952157199
33.5,0.16912439999999998,-0.3532581,9.752219100000001,0.006092251319008923,2,-0.09503886241214464,-2.99938497715781,1,-73.64382106179667
33.516,0.1990449,-0.3532581,9.8524773,0.007158434959293913,2,0.06663647751781922,-2.9992789716675836,1,-73.69181037338727
33.532,0.1571562,-0.3053853,9.8524773,0.00814115901363266,2,0.0614202533961784,-2.9991565749158,1,-73.73979785775992
33.547,0.1571562,-0.2649681,9.830012400000001,0.008523740462695883,2,0.0255054299375473,-2.9990315881697276,1,-73.78478426898307
33.563,0.17510850000000003,-0.2649681,9.836094600000001,0.00905265601146965,2,0.03305722179834942,-2.9988909769979344,1,-73.83276764950443
33.579,0.1870767,-0.23053500000000002,9.836094600000001,0.009552899514696733,2,0.031265218951696094,-2.998742132553725,1,-73.88074871438084
33.61,0.1870767,-0.2365191,9.8151012,0.009532612405161345,2,-0.0006544228882383633,-2.998446307118967,1,-73.97370513519577
33.625,0.1526436,-0.2215098,9.777627,0.008576093578611221,2,-0.06376792177000581,-2.9983104918240886,1,-74.01868081118785
33.641,0.1930608,-0.2215098,9.8225568,0.008755680839019675,2,0.011224203775529589,-2.9981718376287474,1,-74.06665266982347
33.657,0.0,-0.33981839999999996,9.8225568,0.00896704444162566,2,0.013210225162875523,-2.998030055826502,1,-74.1146222849711
33.672,0.0,-0.2350476,9.8809263,0.010521750135836783,2,0.10364704628073758,-2.997883889867171,1,-74.15959163956381
33.688,0.19011780000000003,-0.2350476,9.771642900000002,0.00941894144061628,2,-0.06892554345125841,-2.9977243643345592,1,-74.20755650559744
33.704,0.2080701,-0.2709522,9.771642900000002,0.008374608111385129,2,-0.06527083307695411,-2.997582015938143,1,-74.25551895663962
33.719,0.2080701,-0.18413369999999998,9.749178,0.00675876004560827,2,-0.10772320438511987,-2.9974685156769656,1,-74.30048183562674
33.735,0.1796211,-0.18413369999999998,9.803133,0.006484051831817439,2,-0.017169263361928814,-2.997362573181946,1,-74.3484404843376
33.75,0.2140542,-0.2425032,9.803133,0.006263864478272652,2,-0.014679156902985267,-2.9972669638096203,1,-74.39340020586503
33.766,0.2140542,-0.18864630000000002,9.8120601,0.006237817380537081,2,-0.0016279436084733606,-2.99716695035475,1,-74.44135567717835
33.782,0.1796211,-0.24701580000000004,9.851005800000001,0.007176593737654002,2,0.05867352231981406,-2.9970596350658045,1,-74.48930948986171
33.797,0.1930608,-0.24701580000000004,9.843550200000001,0.007916918836343712,2,0.04935500657931208,-2.9969464337214995,1,-74.53426453537762
33.829,0.17069399999999998,-0.2994012,9.783611100000002,0.007203527223413886,2,-0.022293487904054558,-2.9967045065845435,1,-74.63016295042253
33.844,0.09878670000000002,-0.2994012,9.7806681,0.0064116520031962665,2,-0.05279168134783929,-2.996602392740344,1,-74.67511275216746
33.86,0.18109260000000002,-0.33530580000000004,9.7806681,0.005696191195896816,2,-0.04471630045622059,-2.996505529994751,1,-74.72305761554934
33.875,0.18109260000000002,-0.3008727,9.8615025,0.006941198153107564,2,0.08300046381404673,-2.9964107495746335,1,-74.76800448764611
33.891,0.1511721,-0.3008727,9.8524773,0.007923553971423303,2,0.061397238644740434,-2.9962918315576372,1,-74.81594610829517
33.907,0.15421320000000002,-0.2365191,9.8524773,0.008840314126452142,2,0.05729750968930878,-2.9961577206128545,1,-74.86388570471253
33.922,0.15421320000000002,-0.2769363,9.9184005,0.011367446104681989,2,0.1684754652153167,-2.996006162411121,1,-74.90882693383521
33.938,0.2065986,-0.21856680000000003,9.843550200000001,0.011995853460989636,2,0.03927545976921486,-2.9958192560145953,1,-74.95676153718264
33.954,0.2080701,-0.21856680000000003,9.7268112,0.009763749795501653,2,-0.13950647909301434,-2.9956451791885432,1,-75.00469325266427
33.969,0.24397470000000002,-0.23053500000000002,9.7268112,0.007613161211116548,2,-0.14337257229233488,-2.995514852355994,1,-75.04962695290085
33.985,0.24397470000000002,-0.2274939,9.764187300000001,0.00642435927435514,2,-0.07430012104759617,-2.99540255219211,1,-75.09755429213723
34.0,0.1317483,-0.2274939,9.711801900000001,0.003934686176501501,2,-0.16597820652356968,-2.995324859351229,1,-75.14248474772381
34.032,0.16019730000000001,-0.2425032,9.707289300000001,0.0014150022574952459,2,-0.07874012246895414,-2.995239264336285,1,-75.2383337737028
34.047,0.16912439999999998,-0.2425032,9.900448200000001,0.0036695173775047607,2,0.15030100800062862,-2.9952011304390225,1,-75.28326207666362
34.063,0.09878670000000002,-0.2724237,9.900448200000001,0.005864812095280669,2,0.13720591986094846,-2.99512485580324,1,-75.33118468455358
34.094,0.09878670000000002,-0.2499588,9.774684,0.004925838293218021,2,-0.030289477485893043,-2.994957600722218,1,-75.42403096262971
34.11,0.13469129999999999,-0.2843919,9.8375661,0.005576086218242793,2,0.040640495314052706,-2.9948735853261264,1,-75.4719496121181
34.125,0.21856680000000003,-0.2843919,9.8375661,0.0062471832612693845,2,0.04473980286843775,-2.99478491080503,1,-75.51687205083908
34.141,0.1930608,-0.2843919,9.8375661,0.006888905338918505,2,0.04010762985307446,-2.9946798220962285,1,-75.56478776870229
34.157,0.1930608,-0.2784078,9.845021700000002,0.0076925394610416475,2,0.05022713263270193,-2.994563170537829,1,-75.61270171264336
34.172,0.1526436,-0.2784078,9.803133,0.007438132182571167,2,-0.016960485231364755,-2.994449690500502,1,-75.65761930910115
34.188,0.18413369999999998,-0.2934171,9.803133,0.007213785984097498,2,-0.014021637404599588,-2.9943324751551685,1,-75.7055295664264
34.204,0.1796211,-0.2559429,9.735738300000001,0.005324343359490058,2,-0.11809016403797802,-2.9942321701204198,1,-75.7534380835886
34.219,0.1930608,-0.2514303,9.735738300000001,0.0034843889802580463,2,-0.12266362528212946,-2.9941661046278716,1,-75.79835107064922
34.235,0.1930608,-0.2230794,9.7552602,0.0021483946068681092,2,-0.08349964833688027,-2.9941210423591746,1,-75.8462573678251
34.25,0.15568469999999998,-0.2575125,9.8464932,0.0030735227199478743,2,0.06167520753864867,-2.9940818779792235,1,-75.89116888972764
34.266,0.1482291,-0.2575125,9.7507476,0.0016390960953582834,2,-0.0896516640368593,-2.994044177028701,1,-75.93907389816769
34.282,0.23347800000000002,-0.21856680000000003,9.7507476,0.00025715490644273586,2,-0.08637132430723123,-2.994029007020687,1,-75.98697848364009
34.297,0.23347800000000002,-0.21856680000000003,9.8016615,0.00015005807949641792,2,-0.007139788463087593,-2.9940259529232924,1,-76.03188889583967
34.329,0.142245,-0.21856680000000003,9.919872000000002,0.0028851187014211632,2,0.08547064443513873,-2.993977390094798,1,-76.12769694932797
34.344,0.16912439999999998,-0.2484873,9.919872000000002,0.0055809282620007394,2,0.17972063737196495,-2.993913894742572,1,-76.17260613396425
34.36,0.16912439999999998,-0.23200650000000003,9.8046045,0.00539104357475928,2,-0.011867792952592522,-2.993826118967878,1,-76.22050805407393
34.375,0.1332198,-0.2709522,9.8046045,0.005216646981255124,2,-0.011626439566943281,-2.993746561288708,1,-76.26541484917585
34.391,0.1332198,-0.2994012,9.8674866,0.006599534943099172,2,0.08643049761526253,-2.9936520318333133,1,-76.31331403792083
34.422,0.17510850000000003,-0.2634966,9.8076456,0.006480900340484652,2,-0.0038269226649846697,-2.9934492850864176,1,-76.40611410833309
34.438,0.1062423,-0.2634966,9.7806681,0.005683367280637341,2,-0.04984581624044027,-2.9933519709454486,1,-76.45400851838136
34.454,0.1915893,-0.2798793,9.7806681,0.00494805784388852,2,-0.04595683979680638,-2.9932669195444523,1,-76.50190146950527
34.469,0.1915893,-0.3008727,9.8854389,0.006799580519833981,2,0.12343484506302603,-2.9931788122567244,1,-76.54679981249379
34.485,0.1990449,-0.3008727,9.719257500000001,0.004559072080658311,2,-0.14003177744849482,-2.9930879430359205,1,-76.59468994653612
34.5,0.1332198,-0.2394621,9.719257500000001,0.0023041697800536554,2,-0.15032682004030465,-2.9930364687219653,1,-76.6395858796243
34.516,0.1332198,-0.24701580000000004,9.900448200000001,0.004526351803946227,2,0.13888637649330102,-2.992981824549293,1,-76.68747402597047
34.532,0.09133110000000001,-0.24701580000000004,9.8375661,0.005149588436431429,2,0.038952289530329434,-2.99290441702737,1,-76.73536111590307
34.547,0.2065986,-0.3039138,9.8375661,0.0058390117306696965,2,0.04596155294921607,-2.992822002526117,1,-76.78025406404973
34.563,0.1796211,-0.21552570000000001,9.759674700000001,0.0045428151377056025,2,-0.08101228706022882,-2.99273894791117,1,-76.82813855165324
34.579,0.1796211,-0.21856680000000003,9.843550200000001,0.00532477423881339,2,0.048872443819242106,-2.9926600071961578,1,-76.87602174329409
34.594,0.16166880000000003,-0.21856680000000003,9.833053500000002,0.005824154163375894,2,0.03329199497083235,-2.9925763902331415,1,-76.92091101627481
34.61,0.20355750000000003,-0.23200650000000003,9.833053500000002,0.006337826637757615,2,0.03210452964886111,-2.9924790943867325,1,-76.96879146015176
34.641,0.142245,-0.2499588,9.8120601,0.00631159859790742,2,-0.0008460658016192496,-2.9922830282955797,1,-77.06155527305333
34.657,0.21709530000000002,-0.2499588,9.8120601,0.006319422740901359,2,0.0004890089371212808,-2.9921819801248692,1,-77.10943099312068
34.672,0.21709530000000002,-0.2529999,9.8016615,0.006075478019532454,2,-0.01626298142459305,-2.992089018369166,1,-77.15431302560938
34.688,0.1781496,-0.2529999,9.821085300000002,0.006291857346321095,2,0.013523707924285514,-2.9919900796862393,1,-77.20218565839384
34.704,0.11821050000000001,-0.2798793,9.821085300000002,0.006498689557984605,2,0.01292701322897081,-2.991887755311005,1,-77.25005668107381
34.719,0.11821050000000001,-0.2724237,9.8689581,0.0078624647774177,2,0.09091834796220284,-2.9917800466534894,1,-77.29493418958855
34.735,0.1631403,-0.2889045,9.7656588,0.006701958215485249,2,-0.07253166012078616,-2.991663531269546,1,-77.34280173821192
34.75,0.16912439999999998,-0.2889045,9.7926363,0.00622984079652511,2,-0.03147449459734137,-2.991566542776956,1,-77.38767596376726
34.766,0.10477080000000001,-0.287433,9.7926363,0.005746244148332025,2,-0.03022479051207116,-2.991470734097397,1,-77.43554026198225
34.782,0.10477080000000001,-0.3202965,9.7941078,0.0053351701295625276,2,-0.025692126173096408,-2.991382082783174,1,-77.48340308451729
34.797,0.19757340000000004,-0.3202965,9.848062800000001,0.006284046415320432,2,0.06325841905052458,-2.9912949386590872,1,-77.52827316217811
34.813,0.1466595,-0.2918475,9.848062800000001,0.0071665385084234146,2,0.05515575581891797,-2.9911873339796973,1,-77.57613302035924
34.844,0.1466595,-0.2829204,9.7297542,0.005137108241848765,2,-0.06546549247015251,-2.990996627455068,1,-77.66885687176148
34.86,0.2649681,-0.2634966,9.9408654,0.008350222597844237,2,0.20081964724973914,-2.9908887288083505,1,-77.71671195461158
34.875,0.2230794,-0.21258269999999999,9.854046900000002,0.009313686713062097,2,0.06423094101452158,-2.990756249488519,1,-77.7615742919488
34.907,0.2230794,-0.258984,9.788123700000002,0.008673806746255508,2,-0.019996248962708112,-2.9904684495931697,1,-77.8572738871341
34.938,0.1721655,-0.2679111,9.740250900000001,0.006863324111858304,2,-0.058402665625705105,-2.990227624064869,1,-77.94997467627581
34.954,0.1721655,-0.2484873,9.7851807,0.006179771331231265,2,-0.04272204878919465,-2.9901232793013244,1,-77.99781748350274
34.969,0.1646118,-0.2484873,9.788123700000002,0.005581468837926096,2,-0.03988683288700979,-2.9900350700000558,1,-78.0426686711225
34.985,0.1287072,-0.2724237,9.788123700000002,0.005000171575604284,2,-0.036331078895117226,-2.9899504168767477,1,-78.09050855501751
35.0,0.1287072,-0.3008727,9.8375661,0.005658604421865832,2,0.043895523084101495,-2.9898704760567667,1,-78.1353572117145
35.016,0.21101310000000004,-0.3008727,9.831582000000001,0.006189766191008417,2,0.03319761057141523,-2.989775689091864,1,-78.18319438103569
35.032,0.1990449,-0.24701580000000004,9.719257500000001,0.003927129586354994,2,-0.1414147877908545,-2.989694753925645,1,-78.23103014457982
35.063,0.1990449,-0.2529999,9.8524773,0.004970938272430558,2,0.03367124793791502,-2.989556833873834,1,-78.32370854419072
35.079,0.1990449,-0.2529999,9.8105886,0.0049681598302555585,2,-0.0001736526359375126,-2.989477321089012,1,-78.37154081743041
35.094,0.1287072,-0.3039138,9.8105886,0.004972035362634131,2,0.0002583688252381361,-2.9894027696250656,1,-78.41638241811077
35.125,0.1377324,-0.2649681,9.831582000000001,0.005463075184151123,2,0.015839994242484223,-2.9892410254115904,1,-78.50905139693384
35.141,0.2544714,-0.2738952,9.831582000000001,0.006004860673032297,2,0.03386159305507714,-2.989149281924733,1,-78.55687851939253
35.157,0.2544714,-0.3053853,9.7417224,0.004366149586502388,2,-0.10241944290813061,-2.989066313842657,1,-78.60470424415865
35.172,0.1571562,-0.3053853,9.7208271,0.0022079732168140964,2,-0.14387842464588066,-2.9890170079216323,1,-78.64953986907189
35.188,0.1511721,-0.2679111,9.7208271,7.318482135865167e-05,2,-0.13342427471592075,-2.988998758657327,1,-78.69736399520454
35.204,0.1781496,-0.2679111,9.8151012,0.0002997262226411834,2,0.014158837580159794,-2.988995775368975,1,-78.74518795147675
35.219,0.1781496,-0.261927,9.800091900000002,0.0001509151844398815,2,-0.009920735880086419,-2.9889923955584217,1,-78.7900228627587
35.25,0.18109260000000002,-0.23347800000000002,9.8255979,0.0006113348258978135,2,0.014852246498643541,-2.9889805806832612,1,-78.88268144389045
35.266,0.18109260000000002,-0.2350476,9.9213435,0.003395641756705814,2,0.1740191831755192,-2.9889485248706005,1,-78.93050487673487
35.282,0.2080701,-0.2350476,9.8285409,0.003862602128627657,2,0.029185023245118395,-2.988890458919518,1,-78.97832758860518
35.297,0.1332198,-0.2425032,9.8285409,0.004290906604945022,2,0.02855363175448991,-2.988829307604016,1,-79.02316048685411
35.313,0.1332198,-0.2889045,9.7208271,0.0021135704957231383,2,-0.13608350682632228,-2.9887780717872108,1,-79.07098134588925
35.329,0.15568469999999998,-0.2889045,9.708858900000001,-0.00029426305055757496,2,-0.15048959664256115,-2.9887635173276497,1,-79.11880167860217
35.344,0.1002582,-0.2499588,9.708858900000001,-0.0026875272959436813,2,-0.15955094969240105,-2.9887858807552483,1,-79.16363329908779
35.375,0.19011780000000003,-0.2858634,9.7552602,-0.003834472331663008,2,-0.03699822695868938,-2.9888869717494764,1,-79.25628722830162
35.391,0.19011780000000003,-0.2260224,9.776155500000002,-0.004482306920882806,2,-0.04048966182624183,-2.988953505983497,1,-79.30410995212347
35.407,0.1392039,-0.2963601,9.8016615,-0.0044676845493292205,2,0.0009138982220991861,-2.9890251059152586,1,-79.35193378101866
35.422,0.1392039,-0.2514303,9.7895952,-0.004778199253539839,2,-0.020700980280707097,-2.98909445004378,1,-79.39676967768835
35.438,0.1287072,-0.2514303,9.8105886,-0.004572820542266598,2,0.012836169454573264,-2.9891692582021467,1,-79.44459578735433
35.454,0.11526750000000001,-0.3143124,9.8105886,-0.004332325110276258,2,0.015030964499397882,-2.989240499367367,1,-79.49242306541488
35.469,0.11526750000000001,-0.2769363,9.8584614,-0.0029580643010422847,2,0.09161738728226143,-2.989295177287952,1,-79.5372620829898
35.5,0.1856052,-0.2769363,9.9048627,-0.00046006139631948884,2,0.08058073886202878,-2.989348158236261,1,-79.62993105469042
35.516,0.11526750000000001,-0.2230794,9.9048627,0.001917828778788433,2,0.1486181359442615,-2.9893364960972013,1,-79.67776053192507
35.532,0.1122264,-0.2948886,9.7956774,0.0016209555890327465,2,-0.018554574359732446,-2.9893081858222588,1,-79.72558968938043
35.547,0.1122264,-0.2544714,9.854046900000002,0.002726769867969381,2,0.07372095192910616,-2.9892755778813314,1,-79.7704290676082
35.563,0.2604555,-0.2544714,9.7656588,0.0017196189811397034,2,-0.06294693042683382,-2.9892400067705385,1,-79.81825719228543
35.579,0.1466595,-0.2529999,9.7103304,-0.0006705846475334454,2,-0.14938772679208825,-2.9892316144958695,1,-79.86608496525555
35.61,0.19011780000000003,-0.2529999,9.735738300000001,-0.002364741852348473,2,-0.05465023241339009,-2.9892786620566176,1,-79.95875187454212
35.625,0.1721655,-0.23200650000000003,9.735738300000001,-0.004038468840676046,2,-0.11158179922183396,-2.9893266861368155,1,-80.00359141465357
35.641,0.1721655,-0.2350476,9.7447635,-0.005449566433785691,2,-0.08819359956936251,-2.989402590419011,1,-80.051421248866
35.657,0.09584369999999999,-0.2350476,9.831582000000001,-0.00473502268236814,2,0.04465898446360187,-2.9894840671319405,1,-80.0992523421264
35.672,0.23053500000000002,-0.2365191,9.7971489,-0.004821898912332756,2,-0.0057917486643075415,-2.989555744043901,1,-80.14409514071022
35.688,0.1002582,-0.3278502,9.834525,-0.003985087766375628,2,0.05230069662230304,-2.9896261999373306,1,-80.19192859626209
35.704,0.1856052,-0.3278502,9.7732125,-0.004632777029307533,2,-0.040480578933248544,-2.989695142855696,1,-80.23976316700443
35.719,0.19757340000000004,-0.2738952,9.7732125,-0.005299436192762741,2,-0.0444439442303455,-2.9897696344548614,1,-80.28460915283426
35.735,0.19757340000000004,-0.2694807,9.8165727,-0.004895875786692372,2,0.025222525379400843,-2.989851196950697,1,-80.3324461194855
35.766,0.1511721,-0.2694807,9.8464932,-0.0037928425633122487,2,0.035581716883231154,-2.989985872085122,1,-80.42513359405555
35.782,0.1586277,-0.23200650000000003,9.8464932,-0.0027371181184498994,2,0.0659827778039041,-2.9900381117705757,1,-80.4729737859264
35.797,0.1586277,-0.23200650000000003,9.830012400000001,-0.0021089498612685276,2,0.041877883812089865,-2.9900744572804236,1,-80.51782463019428
35.813,0.2200383,-0.23200650000000003,9.803133,-0.002122514836974787,2,-0.0008478109816409341,-2.9901083089980096,1,-80.56566609232453
35.829,0.15568469999999998,-0.2889045,9.821085300000002,-0.0016913445594290977,2,0.026948142346608552,-2.990138819873181,1,-80.6135080693555
35.844,0.16765290000000002,-0.2514303,9.821085300000002,-0.001291018226275753,2,0.026688422210221965,-2.9901611875940737,1,-80.65836031941151
35.86,0.16765290000000002,-0.2649681,9.8255979,-0.000781772026650529,2,0.031827887476580004,-2.990177769916097,1,-80.7062030310716
35.875,0.1946304,-0.2649681,9.7387794,-0.002389151929328648,2,-0.10715866017853719,-2.990201551845767,1,-80.75105587598482
35.891,0.1317483,-0.2544714,9.7387794,-0.003989838611788699,2,-0.10004291765376419,-2.990252583770096,1,-80.79889950906974
35.907,0.1317483,-0.2425032,9.8105886,-0.0038081829270453227,2,0.011353480296462245,-2.990314967942407,1,-80.84674404948343
35.922,0.21258269999999999,-0.2425032,9.7926363,-0.00403399922979375,2,-0.015054420183227911,-2.990373784308583,1,-80.89159921512531
35.938,0.1990449,-0.23347800000000002,9.7926363,-0.004266590895438682,2,-0.014536979102803412,-2.990440189029585,1,-80.93944572691203
35.954,0.1990449,-0.23347800000000002,9.8704296,-0.0025970352576720757,2,0.1043472273604244,-2.9904950980388096,1,-80.98729320920857
35.985,0.19610190000000002,-0.2425032,9.833053500000002,-0.001875487373428797,2,0.023275738201396987,-2.9905644221395917,1,-81.07999963177133
36.0,0.2006145,-0.2634966,9.833053500000002,-0.0011561517832259227,2,0.04795570601352313,-2.9905871594332667,1,-81.12485826863313
36.016,0.2006145,-0.290376,9.9064323,0.001352675535649439,2,0.15680170742972738,-2.990585587243247,1,-81.17270765060654
36.032,0.1257642,-0.290376,9.8151012,0.0015438139750756363,2,0.011946152464138642,-2.9905624153271613,1,-81.2205568346271
36.047,0.16166880000000003,-0.30685680000000004,9.8151012,0.0017553284712157335,2,0.014100966409339279,-2.990537671758814,1,-81.26541508528025
36.063,0.16166880000000003,-0.3098979,9.8136297,0.0019281455298845174,2,0.010801066166795383,-2.9905082039668054,1,-81.31326345228608
36.094,0.2425032,-0.3098979,9.7222986,-8.846469311407645e-05,2,-0.0650519426773765,-2.9904796889138354,1,-81.40596876462573
36.11,0.09133110000000001,-0.21709530000000002,9.8046045,-0.0001735906932012199,2,-0.005320375005447051,-2.990481785356926,1,-81.45381645641989
36.125,0.1107549,-0.21709530000000002,9.8809263,0.0016091773425479516,2,0.1188512023832736,-2.990471018457056,1,-81.49867360244849
36.157,0.16912439999999998,-0.2575125,9.695321100000001,-0.0011324317103280634,2,-0.08567528290238491,-2.9904633905269407,1,-81.59436855299222
36.172,0.1332198,-0.2499588,9.695321100000001,-0.003825639790029811,2,-0.17954720531344304,-2.9905005760631935,1,-81.63922578274165
36.188,0.1332198,-0.24701580000000004,9.8375661,-0.0029870401927123424,2,0.052412474832324286,-2.9905550775030556,1,-81.6870742279702
36.204,0.1856052,-0.2694807,9.8734707,-0.0012585833696761028,2,0.10802855143977687,-2.9905890424915547,1,-81.73492338093016
36.219,0.1856052,-0.2559429,9.7866522,-0.001697495034722607,2,-0.029260777669765835,-2.9906112130795877,1,-81.77978238284695
36.25,0.1392039,-0.2559429,9.830012400000001,-0.0010873735287937336,2,0.01968133890093216,-2.990654378542322,1,-81.87249199951708
36.266,0.20355750000000003,-0.2365191,9.830012400000001,-0.00047664219797738383,2,0.038170708176026066,-2.990666890668136,1,-81.92034256967077
36.282,0.20355750000000003,-0.23347800000000002,9.8151012,-0.0002460861719608687,2,0.014409751626033784,-2.9906726724950956,1,-81.96819328617606
36.297,0.1317483,-0.23347800000000002,9.749178,-0.0016583365109053005,2,-0.09415002259629189,-2.990686955665217,1,-82.01305348338727
36.313,0.1856052,-0.24397470000000002,9.788123700000002,-0.0020590772182291772,2,-0.025046294207733927,-2.99071669497505,1,-82.0609047125924
36.329,0.2350476,-0.287433,9.788123700000002,-0.002395391130699309,2,-0.021019619529385563,-2.990752330721841,1,-82.10875646479798
36.344,0.2350476,-0.2798793,9.7956774,-0.002544729212111463,2,-0.0099558720941432,-2.990789381624412,1,-82.15361802764058
36.36,0.1212516,-0.2798793,9.8464932,-0.0015020596751860182,2,0.06516684605784746,-2.9908217559355106,1,-82.20147091674104
36.375,0.1317483,-0.2784078,9.8464932,-0.00048255056963064646,2,0.06796727370368888,-2.9908366405123465,1,-82.24633335471441
36.391,0.1317483,-0.2994012,9.843550200000001,0.00045536726434036723,2,0.05861986462319481,-2.9908368579787887,1,-82.29418674270234
36.407,0.1571562,-0.2994012,9.8091171,0.0005401630196839591,2,0.005299734708975074,-2.9908288937365164,1,-82.34204006871606
36.438,0.1946304,-0.2649681,9.8495343,0.0016003591221007696,2,0.03419987427150349,-2.9907957156433187,1,-82.43475525016146
36.454,0.1856052,-0.24103170000000002,9.7732125,0.0007548485074906353,2,-0.05284441341313922,-2.990776873982282,1,-82.48260783087846
36.469,0.2200383,-0.24103170000000002,9.7941078,0.0004567380542024324,2,-0.01987403021921277,-2.9907677870830693,1,-82.52746941583645
36.485,0.20208600000000002,-0.2200383,9.7941078,0.00014442135058168049,2,-0.019519793976299146,-2.990762977807831,1,-82.57532166195557
36.5,0.20208600000000002,-0.23200650000000003,9.834525,0.0008317566555255951,2,0.045822353662925905,-2.990755656472785,1,-82.62018305171267
36.516,0.1362609,-0.23200650000000003,9.854046900000002,0.001950688124155775,2,0.06993321678939395,-2.9907333969145475,1,-82.66803496413976
36.532,0.1631403,-0.2215098,9.854046900000002,0.00304639531160511,2,0.06848169921559098,-2.9906934202470614,1,-82.71588637867706
36.547,0.1631403,-0.2738952,9.866015100000002,0.004439235671579667,2,0.09285602399830024,-2.9906372780146877,1,-82.76074635891402
36.563,0.10928340000000002,-0.2738952,9.8405091,0.005158158410063507,2,0.044932671155225014,-2.9905604988620347,1,-82.80859594112906
36.579,0.173637,-0.2889045,9.8405091,0.005892561277599739,2,0.045900179221019584,-2.9904720931045334,1,-82.85644420186479
36.594,0.173637,-0.2529999,9.7732125,0.004944374774416005,2,-0.0632124335455799,-2.9903908160841435,1,-82.9013006736837
36.625,0.15568469999999998,-0.2829204,9.8944641,0.006987702493480796,2,0.06591379738918936,-2.990205868886491,1,-82.99399992230074
36.641,0.2350476,-0.2499588,9.698362200000002,0.004217712992687694,2,-0.17312434379958794,-2.990116225562602,1,-83.04184249905633
36.657,0.2350476,-0.261927,9.843550200000001,0.005061858695180277,2,0.05275910640579221,-2.990041988989099,1,-83.08968376477274
36.672,0.20954160000000002,-0.261927,9.848062800000001,0.005981374951163687,2,0.06130108373222503,-2.989959164736751,1,-83.13453377342569
36.688,0.24103170000000002,-0.24701580000000004,9.848062800000001,0.006886631631372708,2,0.05657854251304493,-2.9898562206840906,1,-83.18237229650907
36.704,0.24103170000000002,-0.2350476,9.743193900000001,0.005206400028209046,2,-0.10501447519774045,-2.989759476430814,1,-83.23020922208599
36.719,0.2350476,-0.2350476,9.7956774,0.004842930949388702,2,-0.02423127192135537,-2.989684106448482,1,-83.27505504895758
36.75,0.23200650000000003,-0.2529999,9.7956774,0.004497460980978474,2,-0.011144192529362624,-2.9895393303735616,1,-83.36773301222833
36.766,0.2544714,-0.2604555,9.764187300000001,0.003411257189464223,2,-0.06788773696964816,-2.989476060628198,1,-83.41556513535633
36.782,0.1497006,-0.2604555,9.771642900000002,0.002480447088233362,2,-0.05817563132693523,-2.9894289269939764,1,-83.4633963752573
36.797,0.17069399999999998,-0.2784078,9.771642900000002,0.0015927965262054755,2,-0.059176704135190175,-2.989398377666868,1,-83.50823758004226
36.813,0.17069399999999998,-0.3083283,9.8375661,0.0023555373415575787,2,0.04767130095949053,-2.989366790995926,1,-83.55606770139158
36.829,0.1586277,-0.3083283,9.834525,0.0030206247204453973,2,0.041567961180493246,-2.9893237816994302,1,-83.60389722597314
36.844,0.1317483,-0.2274939,9.834525,0.003606133520904109,2,0.039033920030579296,-2.98927408101262,1,-83.64873670994348
36.86,0.1317483,-0.3098979,9.919872000000002,0.006312673763277488,2,0.1691587651483548,-2.9891947305543467,1,-83.69656446043601
36.875,0.15421320000000002,-0.3098979,9.910846800000002,0.008741100885037767,2,0.16189514145067915,-2.989081827244484,1,-83.7414015346195
36.891,0.1332198,-0.2575125,9.910846800000002,0.01106632103679317,2,0.1453262594847287,-2.9889233678691096,1,-83.7892255761804
36.922,0.1332198,-0.2575125,9.8091171,0.010854688324911876,2,-0.006826861673590369,-2.9885835922240034,1,-83.88187693406184
36.938,0.1437165,-0.2738952,9.8105886,0.010698520617365759,2,-0.009760481721629093,-2.9884111665524653,1,-83.92969289213207
36.954,0.1781496,-0.2738952,9.8105886,0.010559931252798194,2,-0.008661835285473773,-2.988241098937504,1,-83.97750611025599
36.969,0.04041720000000001,-0.2769363,9.8105886,0.010389400724310605,2,-0.011368701899172176,-2.9880839789476754,1,-84.02232854834013
36.985,0.04041720000000001,-0.3278502,9.831582000000001,0.010773031874345307,2,0.023976946877171532,-2.9879146794868863,1,-84.0701365376076
37.0,0.13469129999999999,-0.3278502,9.7372098,0.00886751837694355,2,-0.12703423316011228,-2.9877673753600016,1,-84.11495415301894
37.016,0.1946304,-0.2634966,9.7372098,0.006985555422922118,2,-0.11762268462635246,-2.9876405507696027,1,-84.16275741642798
37.032,0.1946304,-0.3202965,9.774684,0.006104327682557198,2,-0.055076733772813594,-2.9875358317047587,1,-84.21055882748777
37.047,0.19757340000000004,-0.2514303,9.833053500000002,0.006619831068446658,2,0.03436689239262935,-2.987440400514126,1,-84.25537114922942
37.079,0.19757340000000004,-0.2843919,9.843550200000001,0.007400511428885537,2,0.02439626126371224,-2.9872160750341687,1,-84.3509656528382
37.094,0.2350476,-0.2260224,9.7208271,0.0051537512154578025,2,-0.14978401422850993,-2.9871219180643362,1,-84.39577318778643
37.11,0.18266220000000002,-0.2260224,9.856989900000002,0.00625393359286619,2,0.06876139858803179,-2.9870306565858695,1,-84.44356640838363
37.125,0.17069399999999998,-0.2889045,9.856989900000002,0.007362092743246507,2,0.07387727669201832,-2.9869285363883487,1,-84.48837110233094
37.141,0.17069399999999998,-0.2724237,9.8734707,0.008833541884474272,2,0.09196557132674546,-2.9867989713113268,1,-84.53616092239254
37.157,0.1661814,-0.2724237,9.843550200000001,0.009537839083877842,2,0.04401857496272795,-2.98665200026358,1,-84.58394853016513
37.172,0.17667810000000003,-0.20355750000000003,9.843550200000001,0.01018882346691008,2,0.04339895886881423,-2.986504050294449,1,-84.62874720054431
37.188,0.17667810000000003,-0.21856680000000003,9.800091900000002,0.009772251627511608,2,-0.026035739962395797,-2.9863443616936935,1,-84.67652998784023
37.204,0.2065986,-0.21856680000000003,9.7911648,0.009162472631869534,2,-0.038111187227633826,-2.9861928838996183,1,-84.72431028580496
37.219,0.1646118,-0.2394621,9.7911648,0.008560077532271393,2,-0.0401596733065412,-2.9860599647733874,1,-84.76910218217002
37.235,0.1497006,-0.21101310000000004,9.7821396,0.00773053407315949,2,-0.05184646619449967,-2.985929639880544,1,-84.81687809900724
37.266,0.24701580000000004,-0.24103170000000002,9.7956774,0.007316223729825211,2,-0.013364849784977248,-2.9856964151345977,1,-84.90943830285997
37.282,0.24701580000000004,-0.24103170000000002,9.7956774,0.006912018516816332,2,-0.025262825813057728,-2.985582589196625,1,-84.95720853489462
37.297,0.1466595,-0.3083283,9.8464932,0.007753175997757822,2,0.056077165396097216,-2.9854726002377654,1,-85.00199144881537
37.313,0.1586277,-0.3083283,9.871999200000001,0.009200053117535134,2,0.09042981998605182,-2.985336974404843,1,-85.04975792541254
37.329,0.1032993,-0.2604555,9.871999200000001,0.010560127495475413,2,0.08500464862127681,-2.9851788929599388,1,-85.09752205235145
37.344,0.1032993,-0.3173535,9.7851807,0.009811317666068575,2,-0.0499206552937873,-2.9850261071212274,1,-85.14229858985206
37.36,0.1930608,-0.3173535,9.8255979,0.010098981991010447,2,0.01797902030886898,-2.9848668247239707,1,-85.19005773330682
37.375,0.1870767,-0.2529999,9.8255979,0.010331280574485291,2,0.015486572231655657,-2.9847135977547294,1,-85.23482958647541
37.391,0.1287072,-0.1915893,9.8285409,0.010572932483343678,2,0.01510324430365084,-2.9845463640502667,1,-85.28258366616984
37.407,0.1287072,-0.2514303,9.8764137,0.012008723013170908,2,0.08973690811421176,-2.9843657108062946,1,-85.33033496276869
37.422,0.23347800000000002,-0.2514303,9.830012400000001,0.012325272311692004,2,0.02110328656807227,-2.984183205841358,1,-85.37509907964355
37.454,0.15421320000000002,-0.2754648,9.830012400000001,0.012611700045050966,2,0.008950866667466582,-2.98378421428365,1,-85.47058655836555
37.469,0.15421320000000002,-0.24397470000000002,9.7387794,0.010646630995147177,2,-0.13100460332691433,-2.9836097768008485,1,-85.51534201329869
37.485,0.2200383,-0.24397470000000002,9.8076456,0.010439038735535533,2,-0.01297451622572919,-2.983441091443003,1,-85.56307842024464
37.5,0.16019730000000001,-0.2889045,9.8076456,0.010237986657273268,2,-0.013403471884150486,-2.983286013752557,1,-85.6078288735336
37.532,0.12272310000000002,-0.2694807,9.874942200000001,0.011655820608101664,2,0.04430731096339224,-2.982935712836311,1,-85.70328842115902
37.547,0.1571562,-0.20954160000000002,9.874942200000001,0.01301552581862353,2,0.09064701403478767,-2.9827506777381108,1,-85.74803106908833
37.563,0.11978010000000001,-0.2529999,9.7986204,0.01249335029864973,2,-0.03263596999835159,-2.9825466067291724,1,-85.79575344736408
37.579,0.11978010000000001,-0.21552570000000001,9.831582000000001,0.012765754791297823,2,0.017025280790507677,-2.982344533888453,1,-85.84347257648902
37.594,0.2260224,-0.21552570000000001,9.831582000000001,0.013077067597929926,2,0.020754187108806044,-2.9821507127205336,1,-85.8882062908386
37.61,0.1856052,-0.2798793,9.839037600000001,0.013581424143788823,2,0.031522284116184546,-2.9819374447866,1,-85.93591899609865
37.625,0.19011780000000003,-0.2798793,9.7627158,0.01221518051726811,2,-0.09108290843471077,-2.981743970251642,1,-85.98064660671143
37.641,0.1377324,-0.2784078,9.7627158,0.010859792480264474,2,-0.08471175231273653,-2.9815593704676617,1,-86.02835303343718
37.657,0.1377324,-0.2738952,9.731225700000001,0.008766679375119324,2,-0.1308195690715863,-2.9814023586928187,1,-86.07605672727047
37.688,0.1781496,-0.2738952,9.7103304,0.006231255139731218,2,-0.08178787856089105,-2.9811698907078386,1,-86.16847659713619
37.704,0.17069399999999998,-0.258984,9.7103304,0.0037444321221471455,2,-0.15542643859902164,-2.9810900852097437,1,-86.21617467694352
37.719,0.1915893,-0.2604555,9.866015100000002,0.0051238424992039455,2,0.09196069180378319,-2.9810235731500834,1,-86.26089052938123
37.735,0.1915893,-0.2544714,9.774684,0.0042393850295550095,2,-0.055278591853064586,-2.9809486673298533,1,-86.30858630730506
37.766,0.205029,-0.2575125,9.716314500000001,0.0019622529281679846,2,-0.07345587423829396,-2.9808525419415086,1,-86.40099422604877
37.782,0.205029,-0.21258269999999999,9.8136297,0.0020866211985719474,2,0.007773016900248532,-2.9808201509484946,1,-86.44868760759188
37.813,0.1272357,-0.1870767,9.8120601,0.002124911441047317,2,0.0012351691121084579,-2.9807548721925805,1,-86.54109202045058
37.829,0.1272357,-0.2694807,9.7507476,0.0007142770029648915,2,-0.0881646523801613,-2.9807321586850284,1,-86.5887839166976
37.844,0.1870767,-0.2694807,9.8704296,0.0022790025260928104,2,0.10431503487519064,-2.9807097090885604,1,-86.63349473070589
37.86,0.1332198,-0.2365191,9.803133,0.0021229079898450465,2,-0.00975590851548632,-2.980674493804433,1,-86.68118580432903
37.875,0.15421320000000002,-0.2814489,9.803133,0.002007061120368192,2,-0.007723124631790001,-2.9806435190361062,1,-86.72589568942534
37.891,0.15421320000000002,-0.2575125,9.7911648,0.0015862288018482218,2,-0.02630201990750104,-2.9806147727167285,1,-86.77358575575936
37.907,0.1870767,-0.2575125,9.830012400000001,0.0021366276408869567,2,0.03439992743992472,-2.9805849898651866,1,-86.82127535386
37.922,0.1511721,-0.3008727,9.830012400000001,0.0026885641480305367,2,0.03679576714290394,-2.9805488009267695,1,-86.86598385729094
37.938,0.1511721,-0.287433,9.8151012,0.0028537461553348464,2,0.010323875456515913,-2.9805044624443426,1,-86.91367228339793
37.954,0.1661814,-0.287433,9.854046900000002,0.003970168564586984,2,0.06977640057826631,-2.9804498711265834,1,-86.96135991806649
37.969,0.2140542,-0.3248091,9.854046900000002,0.005110174163155179,2,0.07600037323787676,-2.9803817685561254,1,-87.00606615536411
37.985,0.2140542,-0.21856680000000003,9.8495343,0.006040964774147284,2,0.05817441318701296,-2.980292559444627,1,-87.0537515499881
38.0,0.1856052,-0.21856680000000003,9.8255979,0.006351415193412535,2,0.020696694617682636,-2.98019961659487,1,-87.0984552413084
38.016,0.1990449,-0.258984,9.7582032,0.005041791628272563,2,-0.08185147282125729,-2.9801084709402965,1,-87.14613770600867
38.032,0.18109260000000002,-0.2559429,9.7582032,0.0037536301448266585,2,-0.08051009271537789,-2.9800381075661115,1,-87.19381887863672
38.063,0.18109260000000002,-0.290376,9.7956774,0.003433828674216599,2,-0.01031617647129027,-2.9799267019544162,1,-87.2861983331843
38.079,0.1377324,-0.290376,9.839037600000001,0.004161626164535193,2,0.045487343144917106,-2.9798659383157062,1,-87.33387667430645
38.094,0.17667810000000003,-0.24701580000000004,9.839037600000001,0.004857975315569973,2,0.04642327673565029,-2.9797982913046055,1,-87.3785741560286
38.11,0.17667810000000003,-0.2499588,9.8196138,0.0050656306325844724,2,0.012978457313407618,-2.9797189024570203,1,-87.42625029357869
38.125,0.1915893,-0.2499588,9.7686999,0.0040338765871794635,2,-0.06878360302699799,-2.979650656152872,1,-87.47094556526827
38.141,0.1302768,-0.2529999,9.7686999,0.0030045712665476287,2,-0.06433158253949676,-2.9795943485700422,1,-87.51861952530605
38.157,0.1302768,-0.2544714,9.830012400000001,0.0034960936416101873,2,0.030720148441413294,-2.979542343250777,1,-87.5662926188406
38.172,0.19610190000000002,-0.2544714,9.803133,0.003347023564446161,2,-0.009938005144268045,-2.9794910198717317,1,-87.61098536906403
38.188,0.205029,-0.261927,9.877983300000002,0.005035403384129111,2,0.10552373873014916,-2.979423960456143,1,-87.65865668890666
38.204,0.2080701,-0.2514303,9.877983300000002,0.006677504427859304,2,0.10263131523314836,-2.9793302571936473,1,-87.70632672264786
38.219,0.2080701,-0.2394621,9.8375661,0.007287029497385689,2,0.040635004635090746,-2.979225523189208,1,-87.75101589100073
38.235,0.0777933,-0.2754648,9.7971489,0.006873147744437702,2,-0.02586760955925201,-2.9791122417712734,1,-87.79868259312042
38.25,0.0777933,-0.2604555,9.8255979,0.00715296402510468,2,0.018654418711131156,-2.979007045933002,1,-87.8433684877782
38.266,0.1377324,-0.2604555,9.8196138,0.007296094604967607,2,0.008945661241433908,-2.9788914534639614,1,-87.89103167577338
38.297,0.20954160000000002,-0.24544620000000003,9.8196138,0.007457263601009956,2,0.005198999872334039,-2.978662776411769,1,-87.98337376633644
38.313,0.20954160000000002,-0.2798793,9.774684,0.006541801314213558,2,-0.05721639292475576,-2.978550783892447,1,-88.03103147481889
38.329,0.0898596,-0.2559429,9.747706500000001,0.00493025699243077,2,-0.1007215201114353,-2.978459007425994,1,-88.07868755314944
38.344,0.11526750000000001,-0.2559429,9.8151012,0.005007633156354885,2,0.005158410928274098,-2.978384473249878,1,-88.12336387925451
38.36,0.1796211,-0.2604555,9.8151012,0.005109584005362322,2,0.006371928062965528,-2.9783035355125844,1,-88.17101738332461
38.375,0.1796211,-0.2529999,9.8076456,0.005022541249193324,2,-0.005802850411266308,-2.9782275445731754,1,-88.21569136642526
38.391,0.1078119,-0.2529999,9.830012400000001,0.005457285983672122,2,0.02717154590492787,-2.9781437059553126,1,-88.26334233642949
38.407,0.2365191,-0.23053500000000002,9.830012400000001,0.005922912060734475,2,0.029101629816400285,-2.9780526643709573,1,-88.3109919073921
38.422,0.2365191,-0.23053500000000002,9.7866522,0.005320214645584187,2,-0.04017982767668437,-2.97796834092066,1,-88.35566206493178
38.438,0.1392039,-0.2394621,9.834525,0.005859067403122253,2,0.0336782973461179,-2.9778789066642704,1,-88.40330884291248
38.469,0.1392039,-0.22455090000000003,9.752219100000001,0.004369470017891786,2,-0.04805152855582339,-2.9777203643342447,1,-88.49562063161295
38.485,0.19011780000000003,-0.23200650000000003,9.8196138,0.004584418949704627,2,0.013434308238304086,-2.977648733222504,1,-88.5432635843934
38.5,0.1586277,-0.23200650000000003,9.8091171,0.004524580288117974,2,-0.00398924410577672,-2.9775804157282204,1,-88.58792780301053
38.516,0.1870767,-0.2290635,9.8091171,0.0044767367887903475,2,-0.0029902187079769954,-2.977508405191605,1,-88.63556851357788
38.532,0.1870767,-0.2679111,9.886910400000001,0.006350404431016088,2,0.11710422763912166,-2.9774217880618465,1,-88.6832079551239
38.563,0.145188,-0.2858634,9.746235,0.004744191874166859,2,-0.051813308285449125,-2.9772498218191163,1,-88.77550536507708
38.579,0.145188,-0.2559429,9.788123700000002,0.004178093205249311,2,-0.03538116680735061,-2.977178443538481,1,-88.82314079119993
38.61,0.15568469999999998,-0.3173535,9.8151012,0.00433113468891122,2,0.004936822053610149,-2.9770465505061217,1,-88.91543127860763
38.625,0.15568469999999998,-0.31136939999999996,9.803133,0.004184048122167994,2,-0.009805771116214721,-2.9769826866350386,1,-88.9600864978862
38.641,0.1646118,-0.2963601,9.871999200000001,0.005711430492098657,2,0.09546139812067697,-2.9769035228061247,1,-89.00771758756171
38.657,0.19011780000000003,-0.2963601,9.843550200000001,0.0065192938203839645,2,0.05049145801783728,-2.9768056770116247,1,-89.05534726116025
38.672,0.1990449,-0.2858634,9.843550200000001,0.007304187855670108,2,0.05232626901907424,-2.976702000899054,1,-89.09999856874458
38.688,0.1990449,-0.3023442,9.877983300000002,0.008921206739405108,2,0.10106368023340373,-2.9765721977422936,1,-89.14762476233373
38.704,0.205029,-0.3023442,9.860031000000001,0.01006420802962893,2,0.07143758063899673,-2.9764203144241415,1,-89.19524870243106
38.719,0.1406754,-0.1856052,9.860031000000001,0.011081409606909176,2,0.06781343848534721,-2.9762617222918673,1,-89.23989381770643
38.735,0.1406754,-0.20954160000000002,9.855518400000001,0.011975468848653748,2,0.05587870260904187,-2.976077267264223,1,-89.28751252962287
38.75,0.21709530000000002,-0.20954160000000002,9.803133,0.011604448403550904,2,-0.024734696340188607,-2.9759004178848314,1,-89.3321523622615
38.766,0.1511721,-0.2575125,9.803133,0.011240149108290964,2,-0.022768705953748757,-2.9757176611047367,1,-89.3797653068934
38.782,0.1511721,-0.24701580000000004,9.7806681,0.010330465129165134,2,-0.05685524869537066,-2.975545096190837,1,-89.42737540895176
38.797,0.08829,-0.2394621,9.7252416,0.008068217527368304,2,-0.1508165067864496,-2.975407106070913,1,-89.47200755046873
38.829,0.1377324,-0.3023442,9.7732125,0.007087199235368047,2,-0.030656821625004615,-2.9751646194027095,1,-89.56721669807632
38.844,0.1377324,-0.2754648,9.702776700000001,0.004393650872598798,2,-0.17956989085127648,-2.9750785130268995,1,-89.61184352156954
38.875,0.1781496,-0.2754648,9.855518400000001,0.005505149507312623,2,0.035854794668189305,-2.974925081621011,1,-89.70406857728658
38.891,0.2559429,-0.2814489,9.855518400000001,0.006635418425247508,2,0.07064180737093807,-2.9748279570775504,1,-89.75166660159616
38.907,0.2559429,-0.2918475,9.834525,0.007233854285924934,2,0.03740224129234328,-2.974717002895861,1,-89.79926296127594
38.922,0.1526436,-0.2918475,9.886910400000001,0.009042372102294749,2,0.12056785442464973,-2.974594931197949,1,-89.84388280078164
38.938,0.16912439999999998,-0.2290635,9.886910400000001,0.01077299693809941,2,0.10816405223775523,-2.974436408245626,1,-89.89147505149721
38.954,0.16912439999999998,-0.3053853,9.9033912,0.012913419144357619,2,0.13377638789115273,-2.9742469169169663,1,-89.9390645180985
38.969,0.1870767,-0.2679111,9.7895952,0.012209080704199238,2,-0.04695589601055694,-2.974058498168102,1,-89.98367680871165
38.985,0.11821050000000001,-0.2679111,9.8225568,0.012299327599466281,2,0.005640430954190822,-2.973862430901673,1,-90.0312601761442
39.0,0.1526436,-0.2575125,9.8225568,0.012392166850409225,2,0.006189283396196054,-2.973677244693299,1,-90.07586672371116
39.016,0.1526436,-0.2274939,9.830012400000001,0.01264644682408722,2,0.015892498354876466,-2.973476935783903,1,-90.12344395715498
39.032,0.21709530000000002,-0.2274939,9.690808500000001,0.009530619173981236,2,-0.1947392281316455,-2.9732995192559186,1,-90.17101816879529
39.047,0.1915893,-0.23200650000000003,9.690808500000001,0.006480284332280206,2,-0.2033556561133943,-2.9731794374796214,1,-90.2156167609708
39.063,0.1915893,-0.20355750000000003,9.7327953,0.004512405684826248,2,-0.12299241546583128,-2.9730914959594847,1,-90.26318692843833
39.094,0.205029,-0.2664396,9.8704296,0.005991173583597131,2,0.04770219028293354,-2.972928690480824,1,-90.35535024132815
39.11,0.15421320000000002,-0.2484873,9.7222986,0.0037885730419571217,2,-0.13766253385251576,-2.97285045250782,1,-90.40291647447205
39.125,0.15421320000000002,-0.261927,9.7866522,0.0032171335271087287,2,-0.038095967656558094,-2.972797909708552,1,-90.44750883718868
39.141,0.17667810000000003,-0.261927,9.803133,0.0030706514869702772,2,-0.009155127508654224,-2.972747607428439,1,-90.49507320132577
39.157,0.1002582,-0.3098979,9.803133,0.0029355348054949104,2,-0.008444792592211356,-2.9726995579380993,1,-90.5426367786487
39.172,0.1002582,-0.2769363,9.883967400000001,0.004750351768764816,2,0.12098779755132243,-2.9726419137887925,1,-90.58722683968665
39.188,0.11978010000000001,-0.2769363,10.0007064,0.009372184849363308,2,0.28886456753730927,-2.9725289334958473,1,-90.63478820646495
39.204,0.142245,-0.3262806,10.0007064,0.01392474124353349,2,0.28453477463566773,-2.9723425580871043,1,-90.6823471783976
39.219,0.142245,-0.3248091,9.7926363,0.013293466254692632,2,-0.04208499925605557,-2.9721384215308677,1,-90.72693078574474
39.235,0.2260224,-0.3248091,9.783611100000002,0.012496034515733001,2,-0.049839483684982415,-2.9719321055247043,1,-90.77448334996119
39.25,0.11526750000000001,-0.2514303,9.783611100000002,0.011618290452599211,2,-0.058516270875583754,-2.971751248087442,1,-90.81906097511327
39.282,0.18109260000000002,-0.2484873,9.7821396,0.010748554655179987,2,-0.027179243669353755,-2.9713933785657174,1,-90.91415128913971
39.297,0.19011780000000003,-0.2484873,9.717786,0.00833541402911564,2,-0.16087604173761705,-2.971250248800585,1,-90.95872111634496
39.313,0.1661814,-0.261927,9.717786,0.005979037461983694,2,-0.14727353544569743,-2.9711357331886563,1,-91.00626020420088
39.344,0.21101310000000004,-0.2140542,9.8405091,0.006664596211354734,2,0.022114798366808602,-2.9709397568667195,1,-91.09836237429674
39.375,0.17510850000000003,-0.2604555,9.8405091,0.007343534564663301,2,0.021901237203503,-2.9707226308396915,1,-91.19045814130618
39.391,0.17510850000000003,-0.2664396,9.8225568,0.007572187946719211,2,0.01429083637849595,-2.9706033050596004,1,-91.23798874879337
39.407,0.12272310000000002,-0.2664396,9.839037600000001,0.00817769514712019,2,0.03784420002506534,-2.9704773059948497,1,-91.2855173936818
39.422,0.10928340000000002,-0.2694807,9.8405091,0.008802464566850077,2,0.04165129464865756,-2.970349954796995,1,-91.33007359813774
39.438,0.10928340000000002,-0.2738952,9.7791966,0.007920215481657777,2,-0.05514056782450029,-2.970216173356607,1,-91.37759812716298
39.454,0.1571562,-0.2738952,9.8375661,0.008498292358519066,2,0.03612980480383452,-2.9700848252938856,1,-91.42512053515217
39.469,0.21856680000000003,-0.2694807,9.8375661,0.009087884523674816,2,0.03930614434371518,-2.969952928967269,1,-91.46967081830914
39.485,0.21856680000000003,-0.3008727,9.7851807,0.008408501031016868,2,-0.04246146829112642,-2.9698129578828314,1,-91.51718894540393
39.5,0.2290635,-0.3008727,9.7971489,0.008043229272907126,2,-0.024351450540648543,-2.969689569905552,1,-91.56173521436234
39.516,0.09878670000000002,-0.2769363,9.7971489,0.007616527324532996,2,-0.026668871773386112,-2.9695642918527723,1,-91.60924924525641
39.532,0.09878670000000002,-0.2934171,9.8644455,0.008852494925845278,2,0.07724797508202615,-2.969432539674769,1,-91.65676121990862
39.547,0.1946304,-0.2934171,9.7851807,0.008161016508232422,2,-0.046098561174188674,-2.9693049383390138,1,-91.70130175099372
39.563,0.1571562,-0.2694807,9.7851807,0.00745320079588474,2,-0.04423848202171531,-2.969180024600581,1,-91.74880963069725
39.594,0.1406754,-0.2604555,9.818044200000001,0.007551760094719029,2,0.0031793322204610487,-2.9689474477067765,1,-91.84085060651802
39.61,0.1406754,-0.2425032,9.8255979,0.007820866548465588,2,0.016819153359161808,-2.968824466693631,1,-91.88835278183322
39.625,0.2260224,-0.2425032,9.7672284,0.006699402532266419,2,-0.07476426774660848,-2.9687155646755254,1,-91.9328843320685
39.641,0.1915893,-0.2260224,9.7672284,0.005577710387573376,2,-0.07010575904332289,-2.9686173477721667,1,-91.98038299536807
39.657,0.16019730000000001,-0.23347800000000002,9.7956774,0.0051674573336928376,2,-0.025640815867536464,-2.9685313864303966,1,-92.02788018524168
39.672,0.18109260000000002,-0.23053500000000002,9.7956774,0.004774385431955963,2,-0.02620479344912397,-2.9684568226096544,1,-92.07240759680948
39.704,0.18109260000000002,-0.2575125,9.7536906,0.003383746555305933,2,-0.04345746489530857,-2.968326292497858,1,-92.16739612665121
39.719,0.09584369999999999,-0.2575125,9.7806681,0.0026552488984936673,2,-0.04856651045414922,-2.9682810000319546,1,-92.21192068134519
39.735,0.08534699999999999,-0.2230794,9.7911648,0.002177463512280653,2,-0.029861586638316687,-2.9682423383326686,1,-92.25941286805211
39.75,0.21101310000000004,-0.2649681,9.7911648,0.001783148625841946,2,-0.0262876590959128,-2.968212633741633,1,-92.30393628034267
39.766,0.21101310000000004,-0.2858634,9.7956774,0.0015227689336914096,2,-0.016273730759410316,-2.9681861864011565,1,-92.3514274709038
39.782,0.1781496,-0.23347800000000002,9.7507476,0.00012362122209808035,2,-0.08744673197459271,-2.9681730152799104,1,-92.39891834451724
39.813,0.1781496,-0.2858634,9.7866522,-0.00033219091246117216,2,-0.014703617243844051,-2.968176248110111,1,-92.4909317580998
39.829,0.2425032,-0.2858634,9.871999200000001,0.0013369464071590897,2,0.10432108247627786,-2.9681682100661533,1,-92.53842251376521
39.844,0.2080701,-0.30685680000000004,9.871999200000001,0.0029615815589316696,2,0.10830901011816789,-2.9681359711064075,1,-92.582944795124
39.875,0.2080701,-0.2604555,9.7895952,0.002505394381488557,2,-0.014715715401391294,-2.968051232979331,1,-92.67495569678734
39.891,0.13469129999999999,-0.33981839999999996,9.7791966,0.0018348821566984697,2,-0.04190701404938508,-2.9680165107670256,1,-92.7224442387373
39.907,0.1377324,-0.2858634,9.7791966,0.0011396835052437382,2,-0.043449915715925505,-2.96799271424173,1,-92.76993231253736
39.922,0.1377324,-0.2529999,9.7806681,0.00047524231909079617,2,-0.044296079076861124,-2.9679806022980473,1,-92.81445211241142
39.938,0.1661814,-0.2529999,9.818044200000001,0.0007489600979972977,2,0.01710736118165063,-2.9679708086787104,1,-92.86193972369925
39.954,0.21258269999999999,-0.21856680000000003,9.818044200000001,0.0010176625430151631,2,0.01679390281361844,-2.9679566756975824,1,-92.90942714357426
39.969,0.21258269999999999,-0.23200650000000003,9.764187300000001,-2.557582653750501e-05,2,-0.0695492246368419,-2.9679492350472088,1,-92.95394643790485
39.985,0.142245,-0.23200650000000003,9.831582000000001,0.0005686128848605421,2,0.03713679446238203,-2.967944890750742,1,-93.00143359091122
40.0,0.19011780000000003,-0.1915893,9.831582000000001,0.0011468095924787036,2,0.03854644717454264,-2.9679320250821624,1,-93.04595266777997
40.016,0.19011780000000003,-0.19011780000000003,9.830012400000001,0.0016719388736810004,2,0.03282058007514716,-2.9679094750944333,1,-93.09343939978137
40.032,0.22455090000000003,-0.19011780000000003,9.7686999,0.000707213334342427,2,-0.06029534620866748,-2.967890441876769,1,-93.14092579911714
40.047,0.1990449,-0.23799060000000002,9.7971489,0.00047163877902178797,2,-0.01570497035470867,-2.967881600485919,1,-93.18544408943487
40.063,0.173637,-0.2559429,9.7971489,0.0002410611932894824,2,-0.014411099108264287,-2.9678758988861405,1,-93.23293014942986
40.079,0.173637,-0.3262806,9.871999200000001,0.0018913816126104877,2,0.1031450262075742,-2.9678588393436933,1,-93.28041602733569
40.094,0.1362609,-0.3262806,9.8285409,0.002427875139966673,2,0.03576623515707768,-2.967826444918049,1,-93.32493366696765
40.11,0.09878670000000002,-0.3053853,9.8285409,0.002923993483602061,2,0.03100739647721515,-2.9677836299690608,1,-93.37241854756674
40.125,0.09878670000000002,-0.33981839999999996,9.783611100000002,0.0023404250077128097,2,-0.03890456505928194,-2.967744146830376,1,-93.41693500589274
40.157,0.0898596,-0.33981839999999996,9.7656588,0.0013314139699431848,2,-0.031531594930304246,-2.9676853974067336,1,-93.51190187860053
40.172,0.18864630000000002,-0.3173535,9.7656588,0.000362923242482438,2,-0.06456604849738068,-2.9676726898776407,1,-93.55641706425516
40.188,0.18864630000000002,-0.2350476,9.7567317,-0.0008563191125556813,2,-0.076202647189857,-2.967676637044601,1,-93.60389985887055
40.204,0.13469129999999999,-0.2350476,9.771642900000002,-0.001704072225589215,2,-0.05298456956460169,-2.9676971201753064,1,-93.65138284892831
40.219,0.16765290000000002,-0.29783160000000003,9.842078700000002,-0.0007600802118865602,2,0.06293280091350793,-2.9677156013185875,1,-93.69589844433952
40.235,0.1631403,-0.2738952,9.842078700000002,0.00014209166982404042,2,0.05638574260691875,-2.967720545226924,1,-93.74338193351188
40.25,0.1406754,-0.2484873,9.8196138,0.00044967489755265433,2,0.02050554851524015,-2.9677161069776687,1,-93.78789770840342
40.266,0.1870767,-0.23347800000000002,9.8196138,0.0007596549345532111,2,0.01937375231253693,-2.967706432339012,1,-93.83538108871795
40.282,0.1870767,-0.3143124,9.8375661,0.0015545931126990098,2,0.049683636134117894,-2.967687918354634,1,-93.8828642435235
40.297,0.0733788,-0.3143124,9.836094600000001,0.002257584154547132,2,0.046866069456539705,-2.9676593270251295,1,-93.92737934786385
40.329,0.1870767,-0.24103170000000002,9.836094600000001,0.0029296952914190655,2,0.021003473027245572,-2.967576330553994,1,-94.02234311838512
40.344,0.1870767,-0.3008727,9.827069400000001,0.003405612194121943,2,0.03172779351352397,-2.9675288157478525,1,-94.0668564069824
40.36,0.1946304,-0.3008727,9.7701714,0.002486668070520892,2,-0.05743400772507201,-2.9674816775057353,1,-94.11433649092842
40.375,0.11978010000000001,-0.2200383,9.7013052,-0.00017086272490196563,2,-0.17716871969485046,-2.9674643089656434,1,-94.15884858582696
40.391,0.2006145,-0.2080701,9.7013052,-0.0027374701451083894,2,-0.16041296376291916,-2.9674875756286037,1,-94.20632820090371
40.407,0.2006145,-0.1915893,9.774684,-0.0034607526558634305,2,-0.045205156922195046,-2.9675371614110113,1,-94.25380839880002
40.438,0.18266220000000002,-0.24103170000000002,9.827069400000001,-0.002871215355796153,2,0.019017332260231137,-2.967635306915192,1,-94.3458035720591
40.454,0.18266220000000002,-0.2544714,9.657945000000002,-0.006410651646735488,2,-0.2212147681837328,-2.9677095618512124,1,-94.39328633100922
40.469,0.08377740000000002,-0.2544714,9.735738300000001,-0.008000339517993282,2,-0.10597919141718228,-2.9678176442849478,1,-94.43780278505524
40.485,0.16166880000000003,-0.261927,9.735738300000001,-0.009522496843208827,2,-0.09513483282598205,-2.9679578269758373,1,-94.48528898882532
40.5,0.16166880000000003,-0.2230794,9.7956774,-0.009569770825939017,2,-0.00315159884867917,-2.968101018983356,1,-94.52980943017002
40.516,0.11821050000000001,-0.2230794,9.866015100000002,-0.007916040471624086,2,0.10335814714469455,-2.9682409054737366,1,-94.57730016556567
40.532,0.1062423,-0.2918475,9.8764137,-0.006008713108604624,2,0.1192079601887295,-2.9683523035023787,1,-94.62479291123748
40.547,0.1661814,-0.2738952,9.8764137,-0.004140288242675538,2,0.124561657728601,-2.968428421012513,1,-94.66931876667134
40.563,0.1661814,-0.2664396,9.961760700000001,-0.0002418146693479173,2,0.24365459833289493,-2.9684634778358094,1,-94.71681390186214
40.579,0.205029,-0.2664396,9.7672284,-0.0011627183904128202,2,-0.057556482566562775,-2.9684747141002874,1,-94.76430940739762
40.594,0.2230794,-0.258984,9.7672284,-0.002056406611274042,2,-0.0595792147240792,-2.9684988575378,1,-94.8088367091849
40.61,0.2230794,-0.18413369999999998,9.8165727,-0.0017666932003042035,2,0.0181070881856169,-2.9685294423362927,1,-94.8563329355839
40.625,0.2080701,-0.18413369999999998,9.7612443,-0.00284101175105711,2,-0.0716212367168577,-2.9685640001234277,1,-94.90086113640234
40.641,0.1915893,-0.21709530000000002,9.7612443,-0.003880837233671386,2,-0.06498909266339942,-2.9686177749153053,1,-94.94835859060265
40.672,0.1915893,-0.258984,9.783611100000002,-0.004325163052968151,2,-0.014333090945057478,-2.9687449679197484,1,-95.04038771311659
40.688,0.1317483,-0.258984,9.8285409,-0.003687389848696654,2,0.03986082526695524,-2.9688090683429618,1,-95.08788814540671
40.704,0.11526750000000001,-0.2858634,9.7851807,-0.0041091017971126576,2,-0.026356996776003134,-2.968871440276128,1,-95.13538958947565
40.719,0.1631403,-0.2679111,9.764187300000001,-0.005028080210804475,2,-0.06126522757945219,-2.9689399691411875,1,-95.17992317504628
40.735,0.1362609,-0.2679111,9.8225568,-0.004511714566557856,2,0.03227285276541725,-2.9690162874994064,1,-95.2274268250994
40.75,0.1946304,-0.2604555,9.8225568,-0.003988864589988594,2,0.03485666510461613,-2.9690800418430805,1,-95.27196254756947
40.766,0.1946304,-0.2889045,9.777627,-0.004554531850764931,2,-0.03535420379852495,-2.9691483890146064,1,-95.31946837501633
40.782,0.18864630000000002,-0.2889045,9.8240283,-0.003978222871015902,2,0.03601931123431831,-2.9692166510523808,1,-95.36697529533686
40.797,0.16019730000000001,-0.2784078,9.8240283,-0.0034356705682707656,2,0.03617015351634104,-2.9692722552531756,1,-95.41151396213415
40.813,0.16019730000000001,-0.2484873,9.8674866,-0.0018664305580067264,2,0.0980775006414697,-2.9693146720621857,1,-95.4590226575527
40.829,0.1930608,-0.2484873,9.752219100000001,-0.0031310808688331804,2,-0.07904064442666207,-2.9693546521536005,1,-95.50653201214641
40.844,0.1272357,-0.3098979,9.740250900000001,-0.004640114652991301,2,-0.10060225227720421,-2.969412936120014,1,-95.55107276905846
40.86,0.1392039,-0.2679111,9.740250900000001,-0.00613871089537632,2,-0.09366226514907404,-2.969499166724401,1,-95.59858406588121
40.875,0.1392039,-0.2544714,9.845021700000002,-0.005055276963753741,2,0.07222892877483589,-2.9695831216333444,1,-95.6431271830439
40.891,0.2274939,-0.2544714,9.749178,-0.006294418537860835,2,-0.07744634838170193,-2.969673919197357,1,-95.69064123937054
40.907,0.16765290000000002,-0.23347800000000002,9.749178,-0.007545707148345571,2,-0.07820553815530458,-2.969784640202847,1,-95.73815690784573
40.938,0.16765290000000002,-0.20355750000000003,9.764187300000001,-0.008416880143020222,2,-0.028102354666918884,-2.970032060305863,1,-95.83022406670364
40.954,0.17510850000000003,-0.20355750000000003,9.833053500000002,-0.007584581372128696,2,0.05201867318072613,-2.9701600719979844,1,-95.87774560376207
40.969,0.19011780000000003,-0.2215098,9.833053500000002,-0.006756326552780578,2,0.05521698795653908,-2.970267628807421,1,-95.9222988115181
40.985,0.18266220000000002,-0.2080701,9.7252416,-0.008587381075820133,2,-0.11444090768998477,-2.97039037846845,1,-95.96982407557631
41.0,0.19011780000000003,-0.2080701,9.8615025,-0.007048230975129854,2,0.10261000671268135,-2.970507645558832,1,-96.01438081075652
41.016,0.1302768,-0.3262806,9.8615025,-0.005492245835279519,2,0.09724907124065668,-2.9706079693733156,1,-96.06190973567597
41.047,0.1302768,-0.2649681,9.8105886,-0.005260259948856927,2,0.007483415691051647,-2.9707746332129696,1,-96.15400116601606
41.063,0.2394621,-0.2649681,9.8105886,-0.004983777939299827,2,0.01728012559731296,-2.970856585516075,1,-96.2015342157659
41.079,0.1631403,-0.3098979,9.8105886,-0.004720124835317918,2,0.016478318998871127,-2.970934216738272,1,-96.24906854218393
41.094,0.1631403,-0.2709522,9.7612443,-0.005693897437931028,2,-0.0649181735075382,-2.9710123219053215,1,-96.29363314122376
41.11,0.23347800000000002,-0.2709522,9.871999200000001,-0.0039095394580339615,2,0.11152237374357894,-2.9710891494004894,1,-96.3411699529942
41.125,0.1317483,-0.2544714,9.871999200000001,-0.0022252667975077856,2,0.11228484403507415,-2.971135160447406,1,-96.38573663531807
41.141,0.1317483,-0.3083283,9.7222986,-0.0041937467421409025,2,-0.12302999653958335,-2.971186512555723,1,-96.43327520870209
41.157,0.1362609,-0.2365191,9.8105886,-0.0040091767514027765,2,0.011535624421134143,-2.971252135943671,1,-96.48081471789007
41.172,0.1930608,-0.2365191,9.7656588,-0.004901182735952858,2,-0.059467065636669855,-2.9713189636398263,1,-96.52538400113694
41.204,0.056898,-0.23799060000000002,9.777627,-0.005521230207703454,2,-0.01937648349220394,-2.971485722246925,1,-96.62046887611115
41.219,0.17667810000000003,-0.23799060000000002,9.9213435,-0.0025875785534221762,2,0.19557677695207776,-2.971546538312633,1,-96.66504161806535
41.235,0.18864630000000002,-0.2559429,9.9213435,0.0002907865746326621,2,0.17989782050344721,-2.9715649126484633,1,-96.71258650967303
41.25,0.18864630000000002,-0.2065986,9.8151012,0.00048067105226756723,2,0.012658965175659861,-2.9715591267162615,1,-96.75715993996826
41.266,0.1915893,-0.2065986,9.8689581,0.0019803589732916294,2,0.09373049506401421,-2.971539438476057,1,-96.8047047284898
41.282,0.1437165,-0.1930608,9.8689581,0.00341695711704304,2,0.08978738398447307,-2.9714962599473345,1,-96.85224901407717
41.297,0.1437165,-0.2425032,9.7941078,0.0030202511030310575,2,-0.026447067600797843,-2.9714479808856837,1,-96.89682109588342
41.313,0.18864630000000002,-0.2994012,9.7672284,0.002035009860037462,2,-0.06157757768707914,-2.9714075387979793,1,-96.94436394004092
41.329,0.1497006,-0.2994012,9.830012400000001,0.002587780725331612,2,0.03454817908088817,-2.971370556473296,1,-96.99190616480308
41.36,0.1511721,-0.3008727,9.830012400000001,0.0031287134987074694,2,0.017449444302447683,-2.9712819508128234,1,-97.08401727866601
41.375,0.1511721,-0.2948886,9.877983300000002,0.004821393397568485,2,0.11284532659073011,-2.971222325011101,1,-97.12858606073469
41.391,0.11526750000000001,-0.3367773,9.752219100000001,0.0034282275877579593,2,-0.08707286311316746,-2.9711563280432185,1,-97.17612508995911
41.407,0.11526750000000001,-0.2963601,9.7732125,0.002548823556756119,2,-0.05496275193762107,-2.9711085116340623,1,-97.22366320867653
41.422,0.2006145,-0.2963601,9.830012400000001,0.0031089296017476897,2,0.03734040299943663,-2.9710660784853737,1,-97.26822951810243
41.438,0.21856680000000003,-0.2634966,9.830012400000001,0.003641893300381227,2,0.03331023116458496,-2.9710120719021567,1,-97.31576614330555
41.469,0.21856680000000003,-0.2664396,9.8091171,0.003654463648288697,2,0.00040549509378937483,-2.970898978369452,1,-97.40786576458476
41.485,0.19610190000000002,-0.18864630000000002,9.8046045,0.0035011386389118826,2,-0.009582813086051967,-2.9708417335511546,1,-97.45539969028012
41.5,0.2575125,-0.18864630000000002,9.877983300000002,0.005174972108731524,2,0.11158889798797185,-2.970776662720547,1,-97.49996182825215
41.516,0.2365191,-0.2230794,9.7567317,0.0038569405416328806,2,-0.08237697294367427,-2.9707044074193445,1,-97.54749367681326
41.532,0.1332198,-0.2230794,9.759674700000001,0.0025950937342997804,2,-0.07886542545832745,-2.9706527911451373,1,-97.59502453440177
41.547,0.1990449,-0.23799060000000002,9.759674700000001,0.0013999281585146406,2,-0.07967770505233963,-2.9706228284809413,1,-97.63958410154898
41.563,0.1990449,-0.2889045,9.8225568,0.0018001403556464624,2,0.025013262320730506,-2.970597227932828,1,-97.6871138620003
41.579,0.1437165,-0.2889045,9.740250900000001,0.0001606904434190426,2,-0.10246561951422502,-2.9705815412864354,1,-97.73464329215405
41.594,0.17510850000000003,-0.2604555,9.740250900000001,-0.0014458057963508963,2,-0.10709974931799188,-2.9705911796515823,1,-97.77920208756109
41.61,0.17510850000000003,-0.2934171,9.839037600000001,-0.0005823090420751242,2,0.0539685471422417,-2.9706074045702895,1,-97.82673167623486
41.625,0.15568469999999998,-0.3053853,9.839037600000001,0.00026104510637026124,2,0.0562236098963569,-2.970609814049807,1,-97.87129080537451
41.641,0.2140542,-0.3053853,9.7013052,-0.00224632074427511,2,-0.15671036566535296,-2.9706256962549102,1,-97.91882068945695
41.672,0.1466595,-0.24397470000000002,9.7013052,-0.004765456908733867,2,-0.08126245691802755,-2.970734378808532,1,-98.01091177062042
41.688,0.1466595,-0.23799060000000002,9.9184005,-0.001933916325306484,2,0.17697128646415236,-2.9707879737944043,1,-98.05844394944127
41.704,0.23200650000000003,-0.23799060000000002,9.8046045,-0.001905657405151473,2,0.00176618250968838,-2.970818690384248,1,-98.1059768027547
41.719,0.2215098,-0.2350476,9.8046045,-0.0018857361271837902,2,0.0013280851978454647,-2.9708471258357405,1,-98.15053929637635
41.735,0.2215098,-0.23053500000000002,9.7911648,-0.002196535765119023,2,-0.019424977370954197,-2.970879784010879,1,-98.19807311165512
41.75,0.1631403,-0.23053500000000002,9.845021700000002,-0.0012146661375389556,2,0.06545797517200203,-2.9709053680251487,1,-98.24263650029539
41.766,0.23200650000000003,-0.2365191,9.845021700000002,-0.00021959255660775057,2,0.06219209880820716,-2.970916842094702,1,-98.29017107797634
41.782,0.1915893,-0.24103170000000002,9.8240283,0.00022089934617675056,2,0.027530743924034352,-2.9709168316403853,1,-98.33770574736621
41.797,0.1915893,-0.2754648,9.7612443,-0.0008577062327681517,2,-0.0719070385963241,-2.9709216076920346,1,-98.38226953566121
41.813,0.1287072,-0.2754648,9.8105886,-0.000732214686934185,2,0.0078432216146203,-2.970934327059392,1,-98.42980438313924
41.829,0.1646118,-0.2604555,9.8105886,-0.0006066930454089459,2,0.00784510259532831,-2.970945038321251,1,-98.47733941806229
41.844,0.1646118,-0.287433,9.803133,-0.0006476097274799031,2,-0.002727778804730378,-2.9709544455920476,1,-98.52190366419164
41.86,0.1646118,-0.287433,9.7536906,-0.001892749373705982,2,-0.0778212278891385,-2.970974768464857,1,-98.5694390979041
41.875,0.1915893,-0.2514303,9.7536906,-0.0031197549402044444,2,-0.0818003710998944,-2.9710123622472113,1,-98.61400400138443
41.907,0.18266220000000002,-0.23200650000000003,9.8764137,-0.0013408509756978049,2,0.05559074889083861,-2.971083731941866,1,-98.70907753889145
41.922,0.16166880000000003,-0.24397470000000002,9.8764137,0.0003927742039326887,2,0.11557501197536185,-2.971090842517654,1,-98.7536438481999
41.938,0.1631403,-0.2274939,9.827069400000001,0.0008720814764640039,2,0.029956704533197195,-2.9710807236722108,1,-98.80118122072943
41.954,0.1631403,-0.3367773,9.8285409,0.0014520445065535625,2,0.036247689380601404,-2.9710621306643468,1,-98.84871836356412
41.969,0.04188870000000001,-0.3367773,9.8375661,0.0022070322187914826,2,0.050332514149192764,-2.9710346875889067,1,-98.89328408970101
41.985,0.15421320000000002,-0.2604555,9.8375661,0.002914421472215878,2,0.04421182833902958,-2.9709937159593784,1,-98.94082031692939
42.0,0.15421320000000002,-0.2499588,9.759674700000001,0.0016989813688361721,2,-0.08102934022531065,-2.9709591154380703,1,-98.98538496316488
42.016,0.1721655,-0.2499588,9.776155500000002,0.00092228091743074,2,-0.04854377821284485,-2.97093814533978,1,-99.0329201412511
42.032,0.1646118,-0.2529999,9.776155500000002,0.00016325962826435614,2,-0.04743883057290422,-2.9709294610154147,1,-99.08045508210193
42.047,0.1646118,-0.2649681,9.8165727,0.0004157662643393678,2,0.016833775738333473,-2.97092511832122,1,-99.12501899144696
42.063,0.1526436,-0.2649681,9.747706500000001,-0.0010214437707105617,2,-0.08982562719059059,-2.970929963741271,1,-99.17255383210347
42.094,0.19757340000000004,-0.2290635,9.747706500000001,-0.002426104372746707,2,-0.045311632323748366,-2.9709834007374947,1,-99.2646534892529
42.11,0.1272357,-0.2889045,9.743193900000001,-0.0038963202835908817,2,-0.09188849442777104,-2.971033980134745,1,-99.31218962829986
42.125,0.17069399999999998,-0.2889045,9.874942200000001,-0.002102986034930865,2,0.11955561657732992,-2.971078974932134,1,-99.35675547546286
42.141,0.1511721,-0.23200650000000003,9.874942200000001,-0.0003977325203479154,2,0.10657834466144608,-2.9710989806805763,1,-99.40429289910776
42.157,0.1511721,-0.2948886,9.8240283,6.57265951353736e-05,2,0.028966194717708754,-2.971101636727978,1,-99.45183050404702
42.172,0.1571562,-0.2948886,9.8091171,0.00015669361658865455,2,0.0060644680968851665,-2.97109996857639,1,-99.4963970160868
42.188,0.1946304,-0.22455090000000003,9.8091171,0.00021642321419079735,2,0.0037330998501326784,-2.971096983641744,1,-99.54393459170457
42.204,0.1946304,-0.21552570000000001,9.7582032,-0.0009714954465707137,2,-0.07424491629760262,-2.971103024219603,1,-99.59147219176745
42.219,0.17667810000000003,-0.21552570000000001,9.8225568,-0.0005698029721745712,2,0.026779498293075153,-2.9711145839577435,1,-99.63603882382878
42.25,0.2230794,-0.21856680000000003,9.8225568,-0.00015325037838387345,2,0.013437180444861736,-2.971125791284677,1,-99.72814354964504
42.266,0.1915893,-0.2230794,9.818044200000001,0.00012939718651772125,2,0.017665472806351615,-2.971125982110212,1,-99.7756815638322
42.282,0.1915893,-0.2634966,9.8524773,0.0012689375053813734,2,0.0712212699289861,-2.9711147954326766,1,-99.82321949005254
42.297,0.1212516,-0.2634966,9.783611100000002,0.0006745300436037382,2,-0.03962716411850751,-2.9711002194260594,1,-99.86778610266398
42.313,0.1466595,-0.2784078,9.783611100000002,0.00011316849997555778,2,-0.03508509647674956,-2.971093917837711,1,-99.91532365576211
42.329,0.1466595,-0.2994012,9.7866522,-0.00034525935682694353,2,-0.02865174105015949,-2.971095774564566,1,-99.96286117330132
42.344,0.18109260000000002,-0.24701580000000004,9.7941078,-0.0006323452901266791,2,-0.019139062219981642,-2.971103106599418,1,-100.00742766491005
42.36,0.18109260000000002,-0.2679111,9.7582032,-0.0017742820644226498,2,-0.07137104839350603,-2.9711223596182545,1,-100.0549654686398
42.391,0.23799060000000002,-0.2679111,9.7851807,-0.0022010393235962766,2,-0.013766363199149784,-2.971183977099769,1,-100.14707121685892
42.407,0.1406754,-0.2754648,9.7851807,-0.002658174180607986,2,-0.028570928563234992,-2.9712228508078025,1,-100.19461047148218
42.422,0.205029,-0.2709522,9.7686999,-0.003481247727224357,2,-0.05487156977442264,-2.971268896472111,1,-100.23917915958678
42.438,0.205029,-0.24397470000000002,9.919872000000002,-0.0006163845960944769,2,0.17905394569555771,-2.9713016775306977,1,-100.28671972417882
42.454,0.24701580000000004,-0.24397470000000002,9.845021700000002,0.0003774324082517211,2,0.06211356277164422,-2.9713035891482007,1,-100.33426056631225
42.469,0.1870767,-0.2544714,9.845021700000002,0.0013212754450364628,2,0.0629228691189804,-2.971290848839301,1,-100.37883002459716
42.485,0.1870767,-0.21101310000000004,9.818044200000001,0.0015593341417527995,2,0.014878668544772685,-2.9712678039626064,1,-100.42637049381958
42.516,0.16912439999999998,-0.2679111,9.8016615,0.001418109154675662,2,-0.004555644744423969,-2.971221653591512,1,-100.51847908041167
42.532,0.16912439999999998,-0.2679111,9.759674700000001,0.0002567972540816754,2,-0.07258199378713215,-2.971208254340242,1,-100.56601851967511
42.547,0.1272357,-0.2679111,9.7821396,-0.00034402215080220344,2,-0.04005462699225707,-2.9712089085269673,1,-100.61058664839662
42.563,0.1272357,-0.23200650000000003,9.7821396,-0.0009525551395554999,2,-0.03803331179706833,-2.97121928114529,1,-100.65812607391402
42.579,0.21552570000000001,-0.258984,9.831582000000001,-0.00028683041633037476,2,0.0416077952015749,-2.9712291962297375,1,-100.70566566173301
42.594,0.21552570000000001,-0.2529999,9.8464932,0.0007223395090854012,2,0.06727799502771585,-2.971225929911542,1,-100.75023407517907
42.61,0.11821050000000001,-0.2529999,9.7701714,-0.00019406253403708718,2,-0.05727512769516183,-2.9712217036957416,1,-100.79777365624791
42.625,0.17667810000000003,-0.2514303,9.7701714,-0.0010675900987298093,2,-0.0582351709795126,-2.9712311660904875,1,-100.84234205277131
42.641,0.17667810000000003,-0.2963601,9.7926363,-0.0013415246192334251,2,-0.017120907531477877,-2.971250439008231,1,-100.8898819056121
42.657,0.18266220000000002,-0.2963601,9.842078700000002,-0.0004009468939631944,2,0.058786107829395896,-2.9712643787803366,1,-100.9374220241544
42.672,0.15421320000000002,-0.23200650000000003,9.842078700000002,0.0004627109871062629,2,0.05757719207129497,-2.971263915549638,1,-100.98199098636188
42.688,0.15421320000000002,-0.3262806,9.833053500000002,0.0011505054994653818,2,0.042987157022430576,-2.9712510098177454,1,-101.02953110576483
42.704,0.1781496,-0.3262806,9.848062800000001,0.0021972038768094393,2,0.0654186485840108,-2.9712242281427352,1,-101.07707090766851
42.719,0.1586277,-0.29783160000000003,9.848062800000001,0.0031882642095304448,2,0.06607068884806452,-2.9711838371320876,1,-101.12163896815808
42.735,0.1856052,-0.258984,9.8105886,0.003226349362899228,2,0.002380322085549209,-2.971132520223508,1,-101.16917749901693
42.75,0.1856052,-0.2798793,9.707289300000001,0.0007594897065548167,2,-0.1644573104229545,-2.971102626430487,1,-101.21374426261683
42.782,0.17069399999999998,-0.2798793,9.7986204,0.0005724572567800124,2,-0.00584476405546328,-2.971081315279074,1,-101.30881920568417
42.797,0.1661814,-0.2604555,9.7986204,0.0003750402248723361,2,-0.01316113546051125,-2.9710742090479614,1,-101.35338537211663
42.813,0.1661814,-0.23200650000000003,9.7866522,-0.0001267737360421961,2,-0.031363372557147794,-2.971072222916051,1,-101.40092254357236
42.829,0.1781496,-0.23053500000000002,9.855518400000001,0.0010668616749374138,2,0.07460221318623383,-2.97106470221254,1,-101.44845963897339
42.844,0.1781496,-0.2350476,9.7672284,8.154027450579804e-05,2,-0.06568809336210522,-2.971056089197919,1,-101.49302554490897
42.86,0.1870767,-0.2350476,9.800091900000002,-7.45087206226458e-05,2,-0.009753062195528813,-2.971056032945488,1,-101.54056244188611
42.875,0.1212516,-0.21101310000000004,9.800091900000002,-0.00026533331939582183,2,-0.012721639918211253,-2.971058581760788,1,-101.58512830149641
42.891,0.1930608,-0.2365191,9.877983300000002,0.0014896467085190324,2,0.10968625174469046,-2.9710487872536753,1,-101.63266516044852
42.922,0.20954160000000002,-0.2858634,9.7911648,0.0011256642684429607,2,-0.01174136903471244,-2.9710082499335324,1,-101.72476704452492
42.938,0.1287072,-0.2604555,9.7911648,0.000719243404564196,2,-0.025401303992414314,-2.9709934906721482,1,-101.77230305844978
42.954,0.1287072,-0.2889045,9.8225568,0.0011074525132865887,2,0.024263069295152213,-2.9709788771048053,1,-101.81983883739198
42.969,0.17069399999999998,-0.2889045,9.889951500000002,0.003144613153043707,2,0.1358107093171361,-2.970946986612308,1,-101.86440328136986
42.985,0.1107549,-0.2963601,9.889951500000002,0.005116674036553803,2,0.12325380521939458,-2.970880896314791,1,-101.91193790443327
43.016,0.1107549,-0.3098979,9.7387794,0.003365697756217756,2,-0.05648310581729402,-2.970749419552003,1,-102.00403317432921
43.032,0.1870767,-0.3098979,9.747706500000001,0.0019034586370132445,2,-0.09138994495029203,-2.9707072663008574,1,-102.05156482781602
43.047,0.1511721,-0.29783160000000003,9.955776600000002,0.0055244974515140655,2,0.2414025876333789,-2.970651556630193,1,-102.096125018988
43.063,0.15568469999999998,-0.2529999,9.955776600000002,0.009028679535498796,2,0.21901138024897251,-2.970535131214297,1,-102.14365451249077
43.079,0.15568469999999998,-0.2425032,9.7791966,0.008136031850066061,2,-0.05579048033955207,-2.9703978135232125,1,-102.19118197604867
43.094,0.205029,-0.2425032,9.776155500000002,0.007213207718118397,2,-0.06152160879650859,-2.970282694226451,1,-102.23573707985679
43.11,0.21709530000000002,-0.18266220000000002,9.776155500000002,0.006287519656416052,2,-0.057855503856402965,-2.9701746884074547,1,-102.28326073891786
43.125,0.16912439999999998,-0.21101310000000004,9.834525,0.006798329330955255,2,0.03405397830261226,-2.970076544540049,1,-102.32781262316497
43.141,0.16912439999999998,-0.21101310000000004,9.834525,0.007296680232945718,2,0.031146931374407372,-2.969963784463538,1,-102.375332945797
43.172,0.11821050000000001,-0.2200383,9.834525,0.007769564178763844,2,0.015254320832843346,-2.9697302576751565,1,-102.46739820345014
43.188,0.1661814,-0.24103170000000002,9.7791966,0.006910951046011249,2,-0.05366332079701925,-2.969612813553358,1,-102.51491294801998
43.204,0.1212516,-0.2889045,9.7806681,0.006124676329307022,2,-0.04914216979401961,-2.9695085285343557,1,-102.56242591875667
43.219,0.173637,-0.315882,9.7806681,0.005397160070140572,2,-0.04850108394442814,-2.9694221147613598,1,-102.60696789858139
43.235,0.173637,-0.315882,9.7656588,0.004321556363136025,2,-0.06722523168779156,-2.9693443650298934,1,-102.65447803041971
43.25,0.1796211,-0.315882,9.8375661,0.005027457443402383,2,0.04706007201775541,-2.9692742474263443,1,-102.69901767001313
43.266,0.1317483,-0.31284090000000003,9.8375661,0.005695306157429414,2,0.041740544626694014,-2.9691884653175378,1,-102.74652537171508
43.282,0.1317483,-0.2604555,9.7417224,0.00397304271720067,2,-0.10764146501430835,-2.969111118526541,1,-102.79403176838582
43.297,0.18864630000000002,-0.2604555,9.833053500000002,0.00454198148716678,2,0.03792925133107254,-2.969047255845008,1,-102.83856795619361
43.329,0.1661814,-0.2664396,9.833053500000002,0.0050910712363343436,2,0.017159054661484454,-2.968893127001432,1,-102.93357500231917
43.344,0.1377324,-0.23200650000000003,9.7956774,0.0046835059504015675,2,-0.027171019062184044,-2.9688198176725313,1,-102.97810784940422
43.36,0.1571562,-0.287433,9.818044200000001,0.004874062597814088,2,0.011909790463283866,-2.9687433571241457,1,-103.0256083548026
43.375,0.1362609,-0.2889045,9.818044200000001,0.005053413050772448,2,0.011956696863890217,-2.9686689010567813,1,-103.07013894673896
43.391,0.1362609,-0.2829204,9.830012400000001,0.005515899280927883,2,0.028905389384717838,-2.968584346558128,1,-103.11763697271988
43.407,0.1406754,-0.2829204,9.771642900000002,0.004545714163073811,2,-0.060636569865886183,-2.9685038536505757,1,-103.16513367832154
43.422,0.1377324,-0.24397470000000002,9.771642900000002,0.0035725723923931696,2,-0.06487611804537362,-2.9684429665014096,1,-103.20966077947269
43.438,0.1377324,-0.2604555,9.7866522,0.002999450984695784,2,-0.03582008798107464,-2.9683903903143927,1,-103.25715544632723
43.454,0.19011780000000003,-0.2604555,9.7627158,0.0018782014702516392,2,-0.07007809465276676,-2.968351369094753,1,-103.3046493804025
43.469,0.17510850000000003,-0.205029,9.7627158,0.0007452416497102377,2,-0.07553065470275724,-2.9683316932713533,1,-103.34917450337024
43.485,0.17510850000000003,-0.23347800000000002,9.7567317,-0.0004903966138130045,2,-0.07722739147021114,-2.968329654511066,1,-103.39666779415249
43.516,0.18413369999999998,-0.23347800000000002,9.8046045,-0.0005247566420525374,2,-0.0011083880077269097,-2.968345389386532,1,-103.4886862573329
43.532,0.2484873,-0.2529999,9.834525,0.00021742962351289918,2,0.04638664159784489,-2.9683478480026806,1,-103.53617980323202
43.547,0.1990449,-0.2350476,9.834525,0.0009032327175244603,2,0.04572020626743568,-2.9683394430351226,1,-103.5807049579148
43.563,0.13469129999999999,-0.2604555,9.830012400000001,0.001451278853775051,2,0.03425288351565047,-2.968320606942552,1,-103.62819823831464
43.579,0.09133110000000001,-0.29783160000000003,9.830012400000001,0.0019996802745598785,2,0.0342750887990555,-2.9682929992695253,1,-103.67569114716433
43.61,0.09133110000000001,-0.3278502,9.8046045,0.0019386614700103166,2,-0.0019683485338569105,-2.9682319549724845,1,-103.76770728395508
43.625,0.1317483,-0.3278502,9.8091171,0.0020003305119207226,2,0.004111269460693578,-2.96820241253262,1,-103.81223054171137
43.641,0.20954160000000002,-0.3053853,9.8091171,0.0020758073604074667,2,0.004717303030422024,-2.968169803429641,1,-103.85972151943906
43.657,0.20954160000000002,-0.2994012,9.831582000000001,0.002692492446605854,2,0.03854281788740346,-2.968131657031185,1,-103.90721193112275
43.672,0.16912439999999998,-0.2994012,9.7701714,0.0017782664279408777,2,-0.06094840124432945,-2.9680981263396258,1,-103.95173365449803
43.688,0.1990449,-0.2559429,9.7372098,6.647602710607714e-05,2,-0.1069869000521393,-2.968083368399985,1,-103.99922310645596
43.704,0.16912439999999998,-0.2559429,9.7372098,-0.0016173526180960351,2,-0.1052392903251436,-2.968095775412713,1,-104.04671253960646
43.719,0.16912439999999998,-0.2425032,9.7866522,-0.0020631387072853613,2,-0.029719072612620617,-2.9681233790976536,1,-104.09123418326529
43.735,0.2140542,-0.2425032,9.7627158,-0.003060104965184607,2,-0.06231039111870971,-2.9681643650470333,1,-104.13872448521843
43.75,0.1915893,-0.24701580000000004,9.7627158,-0.004041374220701499,2,-0.06541795036779034,-2.9682176261409277,1,-104.18324735015234
43.766,0.1915893,-0.2394621,9.7417224,-0.005515079206276141,2,-0.09210656159842527,-2.9682940777683435,1,-104.2307394437836
43.782,0.145188,-0.2394621,9.8464932,-0.004418052323007515,2,0.06856418020429667,-2.968373542820578,1,-104.27823278474831
43.797,0.19610190000000002,-0.23799060000000002,9.8464932,-0.003327140483664337,2,0.07272745595620912,-2.968431631766628,1,-104.32275882355772
43.829,0.1287072,-0.2724237,9.747706500000001,-0.004676471325685938,2,-0.042166588813170314,-2.968559689555578,1,-104.41775068469889
43.844,0.1511721,-0.2724237,9.833053500000002,-0.0039044485495569603,2,0.05146818507526323,-2.968624046454642,1,-104.46227956271896
43.86,0.1915893,-0.2649681,9.833053500000002,-0.0031390497660943595,2,0.04783742396641782,-2.9686803944411673,1,-104.50977799824612
43.875,0.1915893,-0.23347800000000002,9.7941078,-0.0033612214591443035,2,-0.014811446203329038,-2.9687291464753565,1,-104.554308569803
43.891,0.1721655,-0.23347800000000002,9.8120601,-0.00314909852297518,2,0.013257683510571678,-2.9687812290352134,1,-104.60180865280708
43.907,0.2290635,-0.2544714,9.8120601,-0.0029010655253163264,2,0.015502062353680054,-2.9688296303476,1,-104.64930953968214
43.922,0.2290635,-0.287433,9.8928945,-0.0006666961569905538,2,0.1489579578883792,-2.968856388560217,1,-104.69384218482395
43.954,0.1078119,-0.287433,9.8495343,0.00040579873787827125,2,0.03351546546464703,-2.968860562918923,1,-104.78884565604763
43.969,0.1078119,-0.31136939999999996,9.854046900000002,0.0015798743616528554,2,0.07827170825163599,-2.9688456703706763,1,-104.8333784527973
43.985,0.09584369999999999,-0.3008727,9.7612443,0.00045204434191958853,2,-0.07048937623333694,-2.9688294150210477,1,-104.88087985348044
44.0,0.11673900000000001,-0.3008727,9.8016615,0.0003425181974456848,2,-0.007301742964926639,-2.9688234558020024,1,-104.92541225001162
44.016,0.173637,-0.23200650000000003,9.8016615,0.00021057349710495998,2,-0.00824654377129621,-2.968819031068446,1,-104.97291338990658
44.047,0.17069399999999998,-0.24544620000000003,9.833053500000002,0.0008538706085197134,2,0.02075151972305736,-2.968802532184809,1,-105.064946524137
44.063,0.142245,-0.2394621,9.833053500000002,0.00146684366722738,2,0.03831081616921636,-2.968783966470603,1,-105.11244721612626
44.079,0.142245,-0.24103170000000002,9.8136297,0.0015922420791785186,2,0.00783740074694703,-2.9687594937846318,1,-105.15994756380829
44.094,0.173637,-0.24103170000000002,9.7806681,0.0009233270591657572,2,-0.044594334667515736,-2.968740627016094,1,-105.20447881471429
44.11,0.173637,-0.24103170000000002,9.7806681,0.0002707270396413719,2,-0.04078750122027857,-2.9687310745833035,1,-105.25197858832708
44.125,0.20208600000000002,-0.2529999,9.8136297,0.0004582362706671006,2,0.012500615401714772,-2.968725607358476,1,-105.29650951344165
44.141,0.2484873,-0.24397470000000002,9.8495343,0.0015367402872072944,2,0.06740650103376954,-2.968709647546013,1,-105.34400899548088
44.157,0.1571562,-0.24397470000000002,9.777627,0.0007900228828408018,2,-0.04666983777291093,-2.9686910334406527,1,-105.39150820092877
44.188,0.1392039,-0.2544714,9.777627,6.140800679510505e-05,2,-0.023503705678888962,-2.9686778362618633,1,-105.48353741840917
44.204,0.1392039,-0.2889045,9.806076000000001,6.739518408060974e-05,2,0.00037419858034408405,-2.968676805836336,1,-105.53103625554596
44.219,0.1571562,-0.2889045,9.8464932,0.0010650829209382096,2,0.06651251579050413,-2.9686683122505486,1,-105.57556634393161
44.235,0.1302768,-0.3023442,9.8464932,0.002038709354946988,2,0.060851652125555364,-2.9686434819123417,1,-105.6230648382849
44.25,0.1302768,-0.2829204,9.7612443,0.0008963237509824751,2,-0.07615904026429798,-2.9686214691640473,1,-105.66759432541798
44.266,0.1870767,-0.2829204,9.8225568,0.0012988393645674279,2,0.025157225849062322,-2.968603907859123,1,-105.71509212843416
44.282,0.142245,-0.2843919,9.8225568,0.0016742534438183299,2,0.02346337995318396,-2.9685801231166558,1,-105.76258960068196
44.297,0.142245,-0.2724237,9.7941078,0.0013387038432099985,2,-0.02236997337388791,-2.968557525937003,1,-105.80711813304987
44.313,0.11978010000000001,-0.2365191,9.818044200000001,0.0015648701730679448,2,0.014135395616116929,-2.9685342973448727,1,-105.85461486763614
44.329,0.1990449,-0.2365191,9.8689581,0.003058087481559113,2,0.0933260817807083,-2.9684973136836357,1,-105.90211112052437
44.36,0.1915893,-0.20355750000000003,9.7971489,0.0027426343030185762,2,-0.010175908985178998,-2.968407402495975,1,-105.99413314362515
44.375,0.15421320000000002,-0.20355750000000003,9.8136297,0.0028206273366482293,2,0.005199535575310005,-2.968365678033677,1,-106.03865894172912
44.391,0.21101310000000004,-0.2499588,9.8136297,0.0029486243746816854,2,0.007999814877091886,-2.9683195240199867,1,-106.08615242334555
44.407,0.21101310000000004,-0.23200650000000003,9.746235,0.0014198245153700384,2,-0.09554999120698845,-2.968284576428866,1,-106.13364525614914
44.438,0.17069399999999998,-0.23347800000000002,9.7627158,0.0003117154132770139,2,-0.03574545490621978,-2.968257737559972,1,-106.22566166201598
44.454,0.173637,-0.261927,9.7895952,-9.524786155346021e-05,2,-0.025435204676907432,-2.9682560058195584,1,-106.27315377196301
44.485,0.15421320000000002,-0.23200650000000003,9.7956774,-0.00037032983566120947,2,-0.008873612067992254,-2.9682632222738654,1,-106.36516981999846
44.5,0.16166880000000003,-0.2664396,9.7956774,-0.000614414459949586,2,-0.01627230828589115,-2.9682706078560823,1,-106.40969382372444
44.516,0.16166880000000003,-0.2829204,9.8405091,0.0002515742314397329,2,0.05412429321183839,-2.9682735105779106,1,-106.45718617667191
44.532,0.1377324,-0.2829204,9.759674700000001,-0.0008829906470726456,2,-0.07091030490703147,-2.968278561909236,1,-106.5046785932518
44.547,0.15568469999999998,-0.3338343,9.759674700000001,-0.0019440920860009925,2,-0.07074009592855378,-2.968299765029734,1,-106.54920293070384
44.563,0.15568469999999998,-0.258984,9.833053500000002,-0.0012458494562981315,2,0.04364016435641424,-2.9683252845620722,1,-106.5966959311006
44.579,0.18413369999999998,-0.258984,9.830012400000001,-0.0006267877569001712,2,0.03869135621237678,-2.9683402656597777,1,-106.64418925550237
44.594,0.1646118,-0.261927,9.830012400000001,-2.9366131235164517e-05,2,0.0398281083776656,-2.9683451868139388,1,-106.68871439639592
44.625,0.2230794,-0.2604555,9.8974071,0.0022234173997404127,2,0.07267043648308594,-2.968311179019277,1,-106.78073257006633
44.641,0.13469129999999999,-0.23347800000000002,9.774684,0.0013737763046464124,2,-0.05310256844338087,-2.968282401469642,1,-106.82822531871024
44.657,0.1646118,-0.2484873,9.774684,0.0005650477290490841,2,-0.05054553597483859,-2.968266890877372,1,-106.87571771304901
44.672,0.1646118,-0.2798793,9.8240283,0.0009995867843244355,2,0.028969270351688996,-2.9682551561185218,1,-106.92024162840148
44.688,0.1032993,-0.2798793,9.851005800000001,0.0020608321391328843,2,0.0663278346755059,-2.968230672767134,1,-106.96773351503259
44.704,0.1482291,-0.21552570000000001,9.851005800000001,0.003070726662857126,2,0.06311840773277207,-2.968189620296718,1,-107.0152248773771
44.719,0.1482291,-0.2843919,9.7941078,0.002711573486534391,2,-0.023943545088181434,-2.9681462530455978,1,-107.05974739642716
44.735,0.2080701,-0.2843919,9.8046045,0.0026435643495439365,2,-0.004250571061903876,-2.9681034119429093,1,-107.10723739374706
44.766,0.1272357,-0.2484873,9.8046045,0.00251973379288728,2,-0.0039945340856987555,-2.968023380821702,1,-107.1992473590349
44.782,0.2006145,-0.2484873,9.7612443,0.001371829510416589,2,-0.07174401765442608,-2.967992248315275,1,-107.24673548406798
44.797,0.2006145,-0.2350476,9.836094600000001,0.002068518050345247,2,0.04644590266190879,-2.9679664457085693,1,-107.29125517427316
44.813,0.19610190000000002,-0.2350476,9.862974000000001,0.0034012744301197273,2,0.0832972737358772,-2.9679226873687257,1,-107.3387422873378
44.829,0.1856052,-0.18413369999999998,9.862974000000001,0.004670194931266636,2,0.07930753132169051,-2.9678581156138346,1,-107.38622853376165
44.844,0.24544620000000003,-0.21552570000000001,9.898878600000002,0.0068307951653423515,2,0.14404001560504226,-2.96777185818811,1,-107.43074575856517
44.86,0.18266220000000002,-0.2664396,9.898878600000002,0.00893581703596169,2,0.13156386691372318,-2.9676457252904993,1,-107.47822909923299
44.875,0.18266220000000002,-0.2798793,9.7732125,0.007935278537617663,2,-0.06670256655626601,-2.9675191920736976,1,-107.52274283611322
44.907,0.1466595,-0.2798793,9.8240283,0.00818312280653366,2,0.007745133403625779,-2.967261297652191,1,-107.61769932394883
44.922,0.10477080000000001,-0.3083283,9.8928945,0.01011136448437,2,0.12854944518908445,-2.9671240889975095,1,-107.6622072143487
44.938,0.1302768,-0.34580249999999996,9.8928945,0.012030160458870398,2,0.11992474840623482,-2.9669469567979636,1,-107.70967978271507
44.954,0.1302768,-0.29783160000000003,9.8464932,0.012732993465650821,2,0.0439270629237813,-2.9667488515665674,1,-107.75714934918199
44.985,0.16765290000000002,-0.24701580000000004,9.848062800000001,0.013436460518789772,2,0.022692485585128323,-2.9663432250298087,1,-107.84911227636923
45.0,0.16765290000000002,-0.2575125,9.743193900000001,0.011572804273093595,2,-0.12424374971307375,-2.9661556555438695,1,-107.89360601797353
45.016,0.2200383,-0.2575125,9.747706500000001,0.00989000638344173,2,-0.1051748681032532,-2.9659839530586174,1,-107.94106313484234
45.032,0.18864630000000002,-0.24397470000000002,9.747706500000001,0.008223721699044617,2,-0.10414279277483099,-2.9658390432339576,1,-107.98851771881267
45.047,0.18864630000000002,-0.20355750000000003,9.747706500000001,0.006575458885132335,2,-0.10988418759414799,-2.9657280493795763,1,-108.03300447200728
45.063,0.2290635,-0.20355750000000003,9.7895952,0.0060096828841569305,2,-0.035361000060950956,-2.965627368245422,1,-108.08045531534829
45.079,0.2006145,-0.2260224,9.834525,0.006549831414233154,2,0.03375928312976767,-2.965526892131035,1,-108.12790454943129
45.094,0.15421320000000002,-0.2350476,9.834525,0.00706155592489921,2,0.03411496737773578,-2.9654248067259914,1,-108.17238668717272
45.11,0.15421320000000002,-0.2425032,9.803133,0.006799881755622295,2,-0.01635463557980901,-2.9653139152245473,1,-108.21983259694832
45.125,0.17069399999999998,-0.2425032,9.8120601,0.006768882907042695,2,-0.002066589905306574,-2.9652121494895773,1,-108.26431154243367
45.141,0.1078119,-0.2604555,9.8794548,0.008371200358409325,2,0.10014484071042544,-2.9650910288234535,1,-108.31175396786017
45.172,0.1062423,-0.2604555,9.845021700000002,0.00909453202312882,2,0.023333279507081396,-2.9648203099715396,1,-108.40366759361149
45.188,0.18864630000000002,-0.3173535,9.845021700000002,0.009871006805246552,2,0.04852967388234197,-2.9646685856609123,1,-108.45110350477657
45.204,0.18864630000000002,-0.2738952,9.7372098,0.007968692338469197,2,-0.11889465417359779,-2.9645258680677626,1,-108.49853706040639
45.219,0.1946304,-0.2738952,9.764187300000001,0.006773244095908737,2,-0.07969654950402762,-2.964415303544505,1,-108.54300411919348
45.235,0.18864630000000002,-0.2649681,9.7971489,0.006401582779174575,2,-0.023228832295887684,-2.9643099049295043,1,-108.59043392086127
45.25,0.18413369999999998,-0.23200650000000003,9.7971489,0.006016513200759022,2,-0.025671305227702584,-2.9642167692096546,1,-108.63489787091731
45.266,0.18413369999999998,-0.2604555,9.774684,0.005110632590533015,2,-0.05661753813913164,-2.9641277520433245,1,-108.68232462708733
45.282,0.11821050000000001,-0.2604555,9.7956774,0.004713807106098145,2,-0.024801592777182146,-2.9640491565257516,1,-108.72975004235587
45.297,0.1946304,-0.2694807,9.7956774,0.004362360068343563,2,-0.023429802516971243,-2.9639810852719433,1,-108.77421026916936
45.313,0.1946304,-0.3083283,9.7567317,0.003098176810375719,2,-0.07901145362296384,-2.9639214009769135,1,-108.82163348905937
45.329,0.1631403,-0.3083283,9.8165727,0.003309365150045096,2,0.013199271229337516,-2.96387014064123,1,-108.86905582139231
45.344,0.2140542,-0.2694807,9.8165727,0.003511377464775478,2,0.013467487648691627,-2.9638189850716192,1,-108.91351348983515
45.375,0.2140542,-0.2814489,9.9064323,0.0059069387137036244,2,0.07727616932026576,-2.9636730011708527,1,-109.00538961562191
45.391,0.1796211,-0.2814489,9.774684,0.0050158694128672465,2,-0.055691831302279754,-2.96358561870584,1,-109.05280768458091
45.407,0.1377324,-0.18266220000000002,9.8285409,0.005386004053018922,2,0.023133415009482287,-2.963502403718113,1,-109.1002243887603
45.422,0.1377324,-0.287433,9.919872000000002,0.008034626415710733,2,0.17657482417944734,-2.963401748989597,1,-109.14467616990561
45.438,0.1466595,-0.287433,9.7536906,0.006570742066779545,2,-0.0914927718081687,-2.9632849060417374,1,-109.19208966314588
45.454,0.1377324,-0.22455090000000003,9.7536906,0.005099154516479132,2,-0.09197422189378593,-2.9631915468690715,1,-109.23950147476916
45.469,0.1377324,-0.2889045,9.788123700000002,0.004544135791135773,2,-0.037001248356222545,-2.9631192221917644,1,-109.28394880553711
45.5,0.0898596,-0.2889045,9.764187300000001,0.0034055509584902666,2,-0.03672854298856613,-2.962996002047145,1,-109.3758035915128
45.516,0.1287072,-0.3008727,9.764187300000001,0.002314146985630927,2,-0.06821274830371622,-2.9629502444635922,1,-109.42321116148489
45.532,0.1287072,-0.3039138,9.8151012,0.002492755752019349,2,0.011163047899277587,-2.962911789241691,1,-109.47061805775452
45.547,0.13469129999999999,-0.2724237,9.8240283,0.002864057531754227,2,0.024753451982324284,-2.9628716131420627,1,-109.51506143327241
45.563,0.2230794,-0.2724237,9.8016615,0.002720355352435533,2,-0.008981386207415397,-2.9628269378389893,1,-109.56246702168028
45.579,0.18109260000000002,-0.2425032,9.800091900000002,0.0025016331810689962,2,-0.013670135710410043,-2.9627851619307215,1,-109.60987191847843
45.594,0.16019730000000001,-0.2425032,9.8165727,0.0026811699584481374,2,0.011969118491942293,-2.9627462909071753,1,-109.65431340437472
45.61,0.18266220000000002,-0.2798793,9.8165727,0.0028901345808520773,2,0.01306028890024768,-2.9627017204708608,1,-109.70171698846573
45.625,0.18266220000000002,-0.2290635,9.771642900000002,0.0019665313834327236,2,-0.06157354649462125,-2.962665295476129,1,-109.74615724108534
45.641,0.1781496,-0.2290635,9.8285409,0.002450572100968884,2,0.030252544846013363,-2.9626299586482534,1,-109.79355960311833
45.672,0.1781496,-0.2634966,9.8285409,0.00294384106018164,2,0.015911901910089513,-2.9625463452442555,1,-109.88539983582865
45.688,0.1781496,-0.2544714,9.8105886,0.0029816395961805853,2,0.0023624084999332878,-2.9624989413990046,1,-109.93280019812181
45.704,0.17069399999999998,-0.22455090000000003,9.834525,0.003581050697000876,2,0.0374631938012723,-2.962446439876659,1,-109.98019976117202
45.719,0.2140542,-0.22455090000000003,9.8674866,0.004990062870840362,2,0.09393414492262882,-2.9623821565249,1,-110.02463597564503
45.735,0.24397470000000002,-0.2514303,9.8674866,0.006397439763810908,2,0.08796105581066885,-2.962291056503823,1,-110.07203336134926
45.75,0.24397470000000002,-0.21856680000000003,9.695321100000001,0.0035546066447444957,2,-0.18952220793775365,-2.962216416155759,1,-110.1164671673942
45.766,0.1586277,-0.21856680000000003,9.8689581,0.004971346860839887,2,0.08854626350597171,-2.962148208527714,1,-110.16386208439167
45.782,0.20355750000000003,-0.1870767,9.8689581,0.0063578547034222055,2,0.08665674016140446,-2.9620575749152,1,-110.2112557306592
45.797,0.20355750000000003,-0.315882,9.8240283,0.006695502632405592,2,0.022509861932224925,-2.9619596747351813,1,-110.25568586003158
45.813,0.12272310000000002,-0.315882,9.8225568,0.006956327631959525,2,0.016301562472115335,-2.9618504600930664,1,-110.30307634111021
45.829,0.1392039,-0.2843919,9.8225568,0.007192692092589326,2,0.014772778789364189,-2.96173726793527,1,-110.35046504293443
45.86,0.17510850000000003,-0.3023442,9.7582032,0.005881763164934384,2,-0.04228802992435459,-2.9615346138787784,1,-110.44227575710255
45.875,0.1646118,-0.3023442,9.7612443,0.004672481532070449,2,-0.08061877552425924,-2.961455457043551,1,-110.48669818263447
45.891,0.23347800000000002,-0.2934171,9.7612443,0.0035202818995117013,2,-0.07201247703492968,-2.9613899149360985,1,-110.5340809456103
45.922,0.23347800000000002,-0.2858634,9.8689581,0.005016032125412906,2,0.04825000728713749,-2.961257602068712,1,-110.62588198212387
45.938,0.1526436,-0.23200650000000003,9.8240283,0.005306893839684079,2,0.018178857141942263,-2.9611750186609913,1,-110.67326144308973
45.954,0.1526436,-0.2365191,9.843550200000001,0.006069233804137042,2,0.047646247778315415,-2.9610840096398405,1,-110.72063951531614
45.969,0.16019730000000001,-0.2365191,9.7911648,0.005538754419330161,2,-0.0353652923204574,-2.9609969497281647,1,-110.7650551225114
45.985,0.2215098,-0.1990449,9.7911648,0.005030029196348096,2,-0.03179532643638256,-2.9609123994592395,1,-110.8124303973049
46.0,0.2215098,-0.1915893,9.7252416,0.002922926832269468,2,-0.14047349093856987,-2.960852752289025,1,-110.85684363594301
46.016,0.1870767,-0.2484873,9.8615025,0.00420272892113438,2,0.07998763055406581,-2.9607957470429977,1,-110.90421682393766
46.032,0.1377324,-0.2484873,9.747706500000001,0.002657157496756213,2,-0.09659821402364609,-2.9607408679516545,1,-110.9515891168576
46.047,0.1571562,-0.2889045,9.747706500000001,0.0011836050798841313,2,-0.09823682779146838,-2.9607120622323295,1,-110.99600001383399
46.063,0.1571562,-0.31284090000000003,9.8151012,0.0014067233326695572,2,0.013944890799084458,-2.960691339605029,1,-111.0433712410487
46.079,0.11526750000000001,-0.31284090000000003,9.8151012,0.0016102296758084833,2,0.012719146446184285,-2.9606672039809614,1,-111.09074210939738
46.094,0.1437165,-0.2934171,9.8151012,0.001803298669566189,2,0.012871266250513226,-2.960641602518371,1,-111.13515192544612
46.125,0.1437165,-0.2544714,9.743193900000001,0.00021210592899301162,2,-0.0513287980830077,-2.9606103637470933,1,-111.22693133092324
46.141,0.1661814,-0.2544714,9.7791966,-0.0004538782133565178,2,-0.041624008896850175,-2.960612297925368,1,-111.2743011122166
46.157,0.18864630000000002,-0.2529999,9.7791966,-0.0010946141574645907,2,-0.04004599650675897,-2.960624685864335,1,-111.32167100808692
46.172,0.18864630000000002,-0.24397470000000002,9.7956774,-0.0013235415992109978,2,-0.015261829449759895,-2.96064282203251,1,-111.36608051439615
46.188,0.1631403,-0.258984,9.783611100000002,-0.0018428131531837977,2,-0.032454472123289155,-2.960668152870529,1,-111.41345100219539
46.204,0.1302768,-0.258984,9.8240283,-0.0013760788148147185,2,0.02917089614807066,-2.960693904006273,1,-111.4608218986504
46.219,0.20208600000000002,-0.2604555,9.8240283,-0.0008901675629875427,2,0.03239408345514382,-2.9607109008541066,1,-111.50523243468685
46.235,0.20355750000000003,-0.2709522,9.836094600000001,-0.00011432168874669912,2,0.04849036714005807,-2.9607189367681204,1,-111.55260387338782
46.25,0.1571562,-0.2425032,9.836094600000001,0.0006037585827183278,2,0.04787201809766665,-2.9607152659914155,1,-111.59701462990853
46.266,0.1571562,-0.21709530000000002,9.8105886,0.0006679862737222209,2,0.004014230687743757,-2.960705092032564,1,-111.64438599277271
46.282,0.1482291,-0.21709530000000002,9.759674700000001,-0.0005140947250179551,2,-0.07388006242126913,-2.9607038609001743,1,-111.69175726439617
46.297,0.1661814,-0.23053500000000002,9.759674700000001,-0.0016527800390928604,2,-0.07591235427165748,-2.9607201124609053,1,-111.73616794419638
46.313,0.1661814,-0.2290635,9.8495343,-0.0005737520904478544,2,0.06743924679029036,-2.9607379247179417,1,-111.78353960849383
46.344,0.24397470000000002,-0.2559429,9.8136297,-0.0003405802592979512,2,0.0075216719725778106,-2.9607520968693626,1,-111.87532270382843
46.36,0.1362609,-0.2559429,9.839037600000001,0.00045547167425930013,2,0.04975324584733369,-2.960751177738043,1,-111.92269473002528
46.375,0.1362609,-0.2230794,9.839037600000001,0.0012126033242516598,2,0.05047544333282207,-2.9607386671755545,1,-111.96710590386213
46.391,0.1362609,-0.2634966,9.888480000000001,0.0031810010567170366,2,0.12302485827909959,-2.9607035183405066,1,-112.01447744134626
46.407,0.145188,-0.2634966,9.874942200000001,0.0047744489589938155,2,0.09959049389230964,-2.960639874740381,1,-112.0618481884909
46.422,0.1721655,-0.30685680000000004,9.874942200000001,0.006370123923385762,2,0.10637833095945907,-2.9605562904437632,1,-112.10625715972978
46.438,0.1721655,-0.3098979,9.7701714,0.0053754721775973735,2,-0.06216573411175352,-2.960462325674955,1,-112.15362530865875
46.454,0.1377324,-0.3098979,9.774684,0.0045017666026492265,2,-0.054606598434265206,-2.960383307764713,1,-112.20099207372625
46.469,0.1287072,-0.3083283,9.774684,0.0036451626384668145,2,-0.05710693094549196,-2.960322205795405,1,-112.24539736507796
46.485,0.1287072,-0.29783160000000003,9.7911648,0.003203267574717117,2,-0.027618441484359147,-2.960267418353699,1,-112.29276208207115
46.516,0.1990449,-0.2634966,9.821085300000002,0.0035062108936578795,2,0.009772365127121752,-2.9601634214374393,1,-112.3845287600879
46.532,0.1362609,-0.24544620000000003,9.821085300000002,0.003764235660993265,2,0.016126547958463355,-2.9601052578650022,1,-112.43189090952232
46.547,0.1362609,-0.23347800000000002,9.7986204,0.0034611360638621136,2,-0.020206639808742648,-2.9600510675770657,1,-112.47629208196314
46.563,0.15568469999999998,-0.23347800000000002,9.764187300000001,0.002332997664794334,2,-0.07050864994171267,-2.9600047145072366,1,-112.52365252821983
46.579,0.2006145,-0.22455090000000003,9.764187300000001,0.0012472553603188885,2,-0.06785889402972282,-2.9599760724830357,1,-112.57101237451575
46.594,0.2006145,-0.20208600000000002,9.7536906,-7.987871102166366e-05,2,-0.08847560475603346,-2.959967317158166,1,-112.61541194993805
46.61,0.142245,-0.20208600000000002,9.848062800000001,0.0009013734250196137,2,0.06132825850258659,-2.9599607452004544,1,-112.66277137443691
46.625,0.1511721,-0.205029,9.848062800000001,0.0018634183652235237,2,0.0641363293469249,-2.9599400092620276,1,-112.70717063009539
46.641,0.1511721,-0.2604555,9.834525,0.002503899285128952,2,0.04003005749409368,-2.9599050707208248,1,-112.75452939073524
46.657,0.2080701,-0.20355750000000003,9.8046045,0.0023919220565868926,2,-0.006998576783879489,-2.959865904150091,1,-112.8018875585342
46.672,0.23347800000000002,-0.20355750000000003,9.855518400000001,0.0035378099386544903,2,0.07639252547117029,-2.9598214311601265,1,-112.84628521354904
46.688,0.18266220000000002,-0.2679111,9.855518400000001,0.0046671202706800585,2,0.07058189575157445,-2.959755791718452,1,-112.89364183133208
46.704,0.18266220000000002,-0.24397470000000002,9.7941078,0.0042566334557125884,2,-0.025655425935469704,-2.9596844016886408,1,-112.94099735287932
46.735,0.1661814,-0.24397470000000002,9.8120601,0.004286665827356373,2,0.0009687861820576009,-2.959551980549753,1,-113.03274551680401
46.766,0.1377324,-0.2889045,9.7672284,0.0032420952506466705,2,-0.03369582505515299,-2.9594352847530443,1,-113.1244898194162
46.782,0.1631403,-0.2889045,9.7582032,0.0020125416637508664,2,-0.07684709918099622,-2.959393247657729,1,-113.17184044767548
46.797,0.12272310000000002,-0.2934171,9.7582032,0.0008018282604052018,2,-0.08071422688970792,-2.959372139883298,1,-113.21623118808203
46.813,0.12272310000000002,-0.35178660000000006,9.7701714,-4.0625018636220034e-05,2,-0.05265332994007128,-2.9593660502573638,1,-113.26358109360318
46.829,0.1122264,-0.2694807,9.743193900000001,-0.001587088616071597,2,-0.0966539748397217,-2.9593790719664415,1,-113.31093105458096
46.844,0.19757340000000004,-0.2694807,9.827069400000001,-0.0010182042320732165,2,0.037925625599890586,-2.9593986116628024,1,-113.35532188720818
46.86,0.17069399999999998,-0.2679111,9.827069400000001,-0.00047651864123388066,2,0.03385534942746222,-2.959410569445789,1,-113.40267236065704
46.875,0.17069399999999998,-0.2484873,9.8225568,-7.049782940526939e-05,2,0.027068054121906392,-2.9594146720693186,1,-113.4470635499684
46.891,0.1526436,-0.2484873,9.8120601,6.247303925199787e-05,2,0.00831067929108012,-2.95941473626764,1,-113.4944141852351
46.907,0.19011780000000003,-0.21552570000000001,9.7941078,-0.0002485158013385558,2,-0.019436802536911744,-2.9594162246097366,1,-113.54176483292211
46.922,0.19011780000000003,-0.21552570000000001,9.7941078,-0.0005519195482559525,2,-0.02022691646115901,-2.9594222278748585,1,-113.58615612131575
46.938,0.2350476,-0.21552570000000001,9.8225568,-0.0001306374626235396,2,0.026330130352017013,-2.9594276883309454,1,-113.63350692064542
46.954,0.1272357,-0.2514303,9.8225568,0.00025270523988929483,2,0.02395891890705479,-2.959426711788727,1,-113.68085775584638
46.969,0.17069399999999998,-0.34128990000000003,9.7612443,-0.0007854408846021954,2,-0.06920974163276339,-2.9594307073060624,1,-113.72524918648959
46.985,0.1661814,-0.2365191,9.8105886,-0.0006727562172574864,2,0.007042791709045091,-2.959442372882877,1,-113.7726001711311
47.0,0.20208600000000002,-0.3008727,9.8105886,-0.0005034280227036447,2,0.011288546303589013,-2.959451194264677,1,-113.81699187288471
47.032,0.20208600000000002,-0.29783160000000003,9.855518400000001,0.0007546239021198886,2,0.03931412265073975,-2.9594471751306064,1,-113.91169424679502
47.047,0.1781496,-0.29783160000000003,9.830012400000001,0.001349025575601459,2,0.0396267782321032,-2.9594313977595235,1,-113.9560858360917
47.063,0.18266220000000002,-0.24701580000000004,9.830012400000001,0.0018966192073381904,2,0.03422460198353428,-2.95940543260126,1,-114.0034365307346
47.079,0.18266220000000002,-0.2724237,9.7612443,0.0007708903676277856,2,-0.07035805248190805,-2.9593840925246604,1,-114.05078684693561
47.094,0.1661814,-0.2724237,9.821085300000002,0.0011242015612715761,2,0.023554079576251805,-2.9593698793351937,1,-114.09517750172456
47.11,0.1362609,-0.2948886,9.821085300000002,0.001473481614837624,2,0.021830003347880395,-2.9593490978697847,1,-114.1425272535422
47.125,0.1646118,-0.2798793,9.7507476,9.951236981819989e-05,2,-0.09159794966795813,-2.9593373004148997,1,-114.18691740152933
47.141,0.1646118,-0.2798793,9.874942200000001,0.0017865341574427873,2,0.10543886172654833,-2.9593222120426814,1,-114.23426667762898
47.157,0.1870767,-0.2798793,9.8016615,0.0016558718677561757,2,-0.008166393105414126,-2.95929467279448,1,-114.28161561270767
47.172,0.18413369999999998,-0.2649681,9.8016615,0.001516935501816974,2,-0.009262424395946434,-2.9592708767392084,1,-114.32600485432917
47.188,0.18413369999999998,-0.2724237,9.8615025,0.002845090991943522,2,0.08300971813288152,-2.959235980527258,1,-114.37335290918732
47.204,0.1796211,-0.2724237,9.818044200000001,0.0030794474731870025,2,0.014647280077719153,-2.959188584219537,1,-114.42070030570528
47.219,0.1497006,-0.2215098,9.818044200000001,0.003264632107136123,2,0.01234564226327422,-2.9591410036226846,1,-114.4650877776141
47.235,0.1497006,-0.1990449,9.7806681,0.002522251059936309,2,-0.04639881544999347,-2.9590947085573482,1,-114.51243366331154
47.266,0.173637,-0.1990449,9.855518400000001,0.0036325804144414775,2,0.035817075951781005,-2.9589993086694952,1,-114.60416412057856
47.282,0.1287072,-0.2365191,9.8495343,0.004573316302680652,2,0.058795993014954896,-2.958933661495758,1,-114.65150758433988
47.297,0.1287072,-0.2200383,9.8615025,0.0057736041186498,2,0.08001918773127348,-2.9588560595925983,1,-114.69589100724805
47.313,0.16166880000000003,-0.2200383,9.860031000000001,0.006920572079646803,2,0.07168549756228874,-2.958754506183012,1,-114.74323189177427
47.329,0.18266220000000002,-0.2724237,9.860031000000001,0.008080394055616225,2,0.07248887349809684,-2.9586344984539297,1,-114.79057100381137
47.344,0.18266220000000002,-0.2679111,9.8615025,0.00924478442818888,2,0.07762602483817403,-2.9585045596153012,1,-114.83494954674688
47.375,0.142245,-0.2679111,9.7327953,0.00722684750682312,2,-0.06509473939889797,-2.9582492493203087,1,-114.92665923078538
47.391,0.16912439999999998,-0.2769363,9.7327953,0.005274768135071994,2,-0.12200496073445877,-2.958149236395174,1,-114.9739904186711
47.407,0.16912439999999998,-0.2738952,9.833053500000002,0.0058122018817314824,2,0.0335896091662217,-2.9580605406350395,1,-115.02132009688734
47.422,0.1497006,-0.2738952,9.831582000000001,0.006292978896922818,2,0.03205180101275452,-2.9579697517791996,1,-115.06569032408045
47.438,0.1661814,-0.2769363,9.827069400000001,0.006660556507807058,2,0.022973600680257323,-2.9578661234959616,1,-115.11301701108266
47.454,0.1362609,-0.287433,9.827069400000001,0.007015292573747445,2,0.022171004121276594,-2.957756716703309,1,-115.16034199380425
47.469,0.1362609,-0.2664396,9.7986204,0.0066533984444205885,2,-0.02412627528845617,-2.957654201520673,1,-115.20470757569093
47.485,0.1526436,-0.2664396,9.830012400000001,0.007071502855476197,2,0.026131525690978423,-2.9575444023102735,1,-115.25202916452157
47.5,0.1482291,-0.261927,9.830012400000001,0.007474806056567473,2,0.02688688007275073,-2.957435304993433,1,-115.29639151232635
47.516,0.1930608,-0.2724237,9.860031000000001,0.00862593967334746,2,0.0719458510487571,-2.957306499027594,1,-115.34370944675851
47.532,0.1946304,-0.2649681,9.860031000000001,0.009744796431919056,2,0.06992854741073244,-2.9571595331387517,1,-115.39102517501584
47.547,0.1946304,-0.1870767,9.747706500000001,0.00805425132101334,2,-0.11270300739371018,-2.9570260402806046,1,-115.43538156681649
47.563,0.2006145,-0.1870767,9.7567317,0.006627936694565406,2,-0.08914466415296605,-2.95690858277648,1,-115.48269304380096
47.579,0.3083283,-0.2215098,9.771642900000002,0.0056858796039005455,2,-0.05887856816656028,-2.956810072246092,1,-115.53000279304113
47.594,0.16765290000000002,-0.2065986,9.771642900000002,0.0046753187544883446,2,-0.06737072329414417,-2.9567323632584044,1,-115.57435436130741
47.625,0.16765290000000002,-0.2604555,9.788123700000002,0.004122553892550229,2,-0.01783112457864957,-2.9565959962323753,1,-115.66601095087952
47.641,0.1915893,-0.2604555,9.788123700000002,0.0035939790371184444,2,-0.03303592846449019,-2.956534263968938,1,-115.71331599296113
47.657,0.17510850000000003,-0.1930608,9.788123700000002,0.003032706404077601,2,-0.035079539565056585,-2.956481250485408,1,-115.76062011707675
47.672,0.17510850000000003,-0.29783160000000003,9.7791966,0.002331572178373875,2,-0.046742281713579935,-2.9564410183960397,1,-115.80496703409337
47.688,0.17069399999999998,-0.29783160000000003,9.764187300000001,0.0012797814877334446,2,-0.06573691816500496,-2.956412127566711,1,-115.85226985926109
47.704,0.15421320000000002,-0.24397470000000002,9.764187300000001,0.00021053430321416045,2,-0.06682794903246261,-2.9564002050403833,1,-115.89957235792194
47.719,0.15421320000000002,-0.2709522,9.8689581,0.0017388056093547988,2,0.10188475374270536,-2.956385584991039,1,-115.94391825134717
47.735,0.11673900000000001,-0.2709522,9.7895952,0.0012824518293275133,2,-0.02852211125170848,-2.95636141493153,1,-115.99122022734655
47.75,0.21709530000000002,-0.2769363,9.7387794,-0.0003555833081048121,2,-0.10920234249548422,-2.9563544634176204,1,-116.03556559643417
47.766,0.17510850000000003,-0.3053853,9.7387794,-0.0019535423738545887,2,-0.09987244160937205,-2.956372936423076,1,-116.08286741563289
47.797,0.1332198,-0.23200650000000003,9.800091900000002,-0.0020831788259627615,2,-0.004181821035747669,-2.9564355056016733,1,-116.17451594648428
47.813,0.2006145,-0.2484873,9.800091900000002,-0.0021718192093640454,2,-0.005540023962578393,-2.9564695455859558,1,-116.2218191868938
47.844,0.16765290000000002,-0.21856680000000003,9.7627158,-0.003202028449194927,2,-0.0332325561235781,-2.9565528402246635,1,-116.31347103387385
47.86,0.23347800000000002,-0.18109260000000002,9.7627158,-0.004192841967505245,2,-0.06192584489440172,-2.956611999187997,1,-116.36077635258916
47.875,0.23347800000000002,-0.2140542,9.7956774,-0.004339707428620443,2,-0.009791030741012802,-2.9566759933084676,1,-116.40512601253288
47.891,0.2080701,-0.2484873,9.8046045,-0.00425951762821164,2,0.005011862525550744,-2.956744787108922,1,-116.4524333787762
47.907,0.1437165,-0.2484873,9.746235,-0.005632461303269665,2,-0.085808979691136,-2.956823922940374,1,-116.4997419284566
47.922,0.1631403,-0.2694807,9.746235,-0.0069508645224019006,2,-0.08789354794214572,-2.9569182978840662,1,-116.54409499511279
47.938,0.1631403,-0.290376,9.7986204,-0.00694553064973924,2,0.0003333670414161768,-2.9570294690454433,1,-116.59140657724824
47.954,0.17069399999999998,-0.290376,9.883967400000001,-0.004856774332729685,2,0.13054726981311154,-2.957123887485303,1,-116.63871980410048
47.969,0.1781496,-0.2634966,9.883967400000001,-0.0028341149319466297,2,0.1348439600521986,-2.9571815691547885,1,-116.68307709502528
47.985,0.1781496,-0.3008727,9.9033912,-0.000361321638671086,2,0.1545495808297385,-2.9572071326473535,1,-116.7303922046397
48.0,0.145188,-0.3008727,9.8824959,0.0015286922918953394,2,0.1260009287044236,-2.957198377367454,1,-116.77475024596481
48.016,0.1661814,-0.2604555,9.8824959,0.003352688822442218,2,0.11399978315919247,-2.9571593263185396,1,-116.8220651075943
48.032,0.1661814,-0.2798793,9.834525,0.0039757576203509615,2,0.038941799869300756,-2.957100698746997,1,-116.86937918779482
48.047,0.18413369999999998,-0.2829204,9.7208271,0.00182207655552169,2,-0.14357873765527931,-2.957057214990678,1,-116.91373537214785
48.079,0.1272357,-0.2829204,9.8615025,0.0031280973459324457,2,0.04081314970033155,-2.9569780122082547,1,-117.00835993578305
48.094,0.1856052,-0.2709522,9.8615025,0.004416640411189832,2,0.08590287101715581,-2.9569214266750765,1,-117.05271418157467
48.11,0.1856052,-0.315882,9.8375661,0.005122929820821298,2,0.04414308810197152,-2.9568451101132203,1,-117.10002431386897
48.125,0.1586277,-0.315882,9.747706500000001,0.0036102171874397015,2,-0.10084750889210262,-2.956779611510658,1,-117.14437649928115
48.141,0.1437165,-0.2529999,9.747706500000001,0.0020840334055929333,2,-0.09538648636543352,-2.956734057505914,1,-117.19168460863328
48.157,0.1437165,-0.2575125,9.856989900000002,0.0032621977867623997,2,0.07363527382309976,-2.956691287656375,1,-117.23899201139457
48.172,0.16912439999999998,-0.2575125,9.7536906,0.0019032035787667212,2,-0.09059961386637513,-2.9566525471461333,1,-117.2833420901556
48.188,0.20355750000000003,-0.21552570000000001,9.7536906,0.0005685716624590498,2,-0.08341449476920161,-2.9566327729442037,1,-117.33064837271634
48.204,0.20355750000000003,-0.20355750000000003,9.7567317,-0.0006656356844754185,2,-0.07713795918341276,-2.95663354945638,1,-117.37795450329554
48.219,0.2065986,-0.21856680000000003,9.8375661,0.00011037593250406985,2,0.0517341077986306,-2.9566377139045197,1,-117.42230403777074
48.235,0.1571562,-0.20954160000000002,9.8120601,0.00021851028426134178,2,0.00675839698483024,-2.9566350828147856,1,-117.46961022014449
48.25,0.1571562,-0.23200650000000003,9.743193900000001,-0.0013426430591447769,2,-0.10407688956040397,-2.9566435138105973,1,-117.51395980961918
48.266,0.142245,-0.23200650000000003,9.848062800000001,-0.00031451367363821703,2,0.06425808659416707,-2.9566567710644596,1,-117.56126621189817
48.297,0.1631403,-0.2994012,9.848062800000001,0.0007407652009074894,2,0.034041254017604744,-2.956650164165787,1,-117.65292246939424
48.313,0.1631403,-0.2604555,9.771642900000002,-0.00011966623616466165,2,-0.053776964816991485,-2.956645195374069,1,-117.70022883227058
48.329,0.1377324,-0.2604555,9.855518400000001,0.0010761750327237252,2,0.0747400793055324,-2.9566375433036964,1,-117.74753509418
48.344,0.11978010000000001,-0.2769363,9.855518400000001,0.002248085790251153,2,0.0781273838351589,-2.956612611347524,1,-117.79188447033988
48.36,0.11978010000000001,-0.29783160000000003,9.854046900000002,0.0033703957144251007,2,0.07014437026087945,-2.9565676634954867,1,-117.83918991253861
48.375,0.1257642,-0.2200383,9.8225568,0.0036495169036658837,2,0.01860807928271816,-2.956515014150851,1,-117.88353803262096
48.391,0.1661814,-0.2200383,9.8240283,0.003972350784783529,2,0.020177117569855078,-2.9564540392093437,1,-117.93084178504783
48.407,0.1332198,-0.3053853,9.8240283,0.004330705579997485,2,0.02239717470087468,-2.9563876147584254,1,-117.97814451827956
48.422,0.1332198,-0.2814489,9.8120601,0.004371131823949881,2,0.0026950829301596404,-2.9563223509778958,1,-118.02248984302258
48.438,0.16912439999999998,-0.258984,9.800091900000002,0.004117213288482802,2,-0.01586990846668715,-2.9562544442169965,1,-118.06979045738416
48.469,0.16912439999999998,-0.21258269999999999,9.7986204,0.003806394581596706,2,-0.01002640989955186,-2.9561316282950103,1,-118.1614324415081
48.485,0.1466595,-0.21258269999999999,9.7895952,0.0032742806247156864,2,-0.03325712230506739,-2.9560749828933597,1,-118.2087300943976
48.5,0.18266220000000002,-0.2065986,9.7895952,0.0027667857990643085,2,-0.03383298837675724,-2.9560296748951815,1,-118.253070879331
48.516,0.18266220000000002,-0.2484873,9.777627,0.002003643062218785,2,-0.04769642105285047,-2.9559915114642914,1,-118.30036704882188
48.532,0.17667810000000003,-0.2274939,9.681881400000002,-0.0010902603130542587,2,-0.19336896095458653,-2.955984204402298,1,-118.34766285454882
48.563,0.1631403,-0.2694807,9.862974000000001,0.0003263752254465402,2,0.04569792059679125,-2.955996044621156,1,-118.4392985484087
48.579,0.1631403,-0.24397470000000002,9.7851807,-0.000204277855900159,2,-0.03316581758417235,-2.9559950678421996,1,-118.4865944773084
48.594,0.20355750000000003,-0.24397470000000002,9.728282700000001,-0.0020905469082972417,2,-0.12575127015980075,-2.956012279027931,1,-118.53093453240993
48.61,0.1078119,-0.3562992,9.728282700000001,-0.0038836882565771447,2,-0.11207133426750628,-2.9560600729092497,1,-118.57823111122542
48.641,0.1078119,-0.2634966,9.7806681,-0.0044280077302865095,2,-0.017558692700302768,-2.956188904197046,1,-118.66987097037057
48.657,0.15421320000000002,-0.2634966,9.7986204,-0.004506250119840516,2,-0.004890149347125933,-2.9562603782598473,1,-118.71717056463022
48.672,0.22455090000000003,-0.23200650000000003,9.7806681,-0.005006476671214344,2,-0.033348436758253934,-2.9563317237107802,1,-118.761515005395
48.688,0.22455090000000003,-0.2499588,9.8255979,-0.004388514752703188,2,0.038622619906934365,-2.9564068836421717,1,-118.80881691425384
48.704,0.24701580000000004,-0.2499588,9.7417224,-0.005816910124172736,2,-0.08927471071685661,-2.956488527041187,1,-118.8561200775393
48.719,0.1586277,-0.23053500000000002,9.7417224,-0.007267003727559285,2,-0.09667290689243291,-2.956586656395075,1,-118.90046814141508
48.735,0.1586277,-0.23799060000000002,9.8151012,-0.006888396431596888,2,0.023662955997652387,-2.956699899596348,1,-118.947774433863
48.75,0.1511721,-0.23799060000000002,9.856989900000002,-0.005500635944361676,2,0.09251736581567731,-2.9567928173391675,1,-118.99212562924002
48.766,0.12272310000000002,-0.2934171,9.856989900000002,-0.004119935347159043,2,0.08629378732517408,-2.9568697819094996,1,-119.039434930034
48.797,0.12272310000000002,-0.23799060000000002,9.716314500000001,-0.00623915860932911,2,-0.06836204071516608,-2.957030347865825,1,-119.13110038204552
48.813,0.21258269999999999,-0.23799060000000002,9.788123700000002,-0.006518386603415749,2,-0.01745174963040913,-2.957132408227527,1,-119.17841368409428
48.844,0.15568469999999998,-0.2274939,9.7941078,-0.006677087364868939,2,-0.005119379401716,-2.9573369380740355,1,-119.27008795896195
48.86,0.15568469999999998,-0.2065986,9.7926363,-0.006879085014992015,2,-0.012624853132693629,-2.9574453874530744,1,-119.31740621756616
48.875,0.20954160000000002,-0.2065986,9.818044200000001,-0.006432243982974484,2,0.02978940213450093,-2.957545222420559,1,-119.36176864714021
48.891,0.15421320000000002,-0.23799060000000002,9.777627,-0.006989334028277838,2,-0.03481812783146349,-2.957652595044649,1,-119.40909022967993
48.907,0.18413369999999998,-0.23799060000000002,9.806076000000001,-0.006826664983401898,2,0.010166815304747398,-2.9577631230367425,1,-119.45641355542458
48.922,0.16765290000000002,-0.2634966,9.806076000000001,-0.006659270768574643,2,0.011159614321816542,-2.9578642675548825,1,-119.50078076085401
48.938,0.16765290000000002,-0.261927,9.848062800000001,-0.005473428560559768,2,0.07411513800090497,-2.9579613291495157,1,-119.54810736562766
48.954,0.1721655,-0.261927,9.702776700000001,-0.007856354455636705,2,-0.14893286844232498,-2.9580679674136454,1,-119.59543560000016
48.969,0.1482291,-0.3023442,9.702776700000001,-0.010162145447734972,2,-0.15371939947321195,-2.958203106162921,1,-119.63980763305199
48.985,0.1466595,-0.2694807,9.746235,-0.011376453961061017,2,-0.0758942820828862,-2.958375414958191,1,-119.68714026122095
49.0,0.1466595,-0.2559429,9.7971489,-0.011328804302220163,2,0.00317664392272346,-2.9585457043951657,1,-119.7315171696161
49.016,0.20355750000000003,-0.2559429,9.8584614,-0.009762925792605515,2,0.09786740685092633,-2.9587144382359245,1,-119.77885525075715
49.047,0.1212516,-0.2709522,9.8584614,-0.008258515151361223,2,0.04852937552401127,-2.958993770570556,1,-119.87057972799364
49.063,0.1212516,-0.2814489,9.7656588,-0.00904600292835056,2,-0.04921798606181715,-2.9591322067151937,1,-119.91792473581195
49.079,0.1437165,-0.2814489,9.8255979,-0.008345685065194175,2,0.04376986644727892,-2.959271340219142,1,-119.96527196418742
49.094,0.1406754,-0.21101310000000004,9.8255979,-0.007706554811122146,2,0.042608683604800315,-2.959391732018214,1,-120.00966193722921
49.11,0.1406754,-0.21856680000000003,9.866015100000002,-0.006093544989449029,2,0.10081311385458092,-2.9595021328166187,1,-120.05701308814788
49.125,0.18864630000000002,-0.21856680000000003,9.7701714,-0.006836998210408396,2,-0.049563548063955916,-2.9595991118906175,1,-120.10140634748319
49.141,0.2006145,-0.1721655,9.7701714,-0.007579127093233495,2,-0.04638305517657382,-2.9597144408930465,1,-120.14876085590545
49.157,0.173637,-0.205029,9.7866522,-0.00789846694489249,2,-0.019958740728689396,-2.9598382616453516,1,-120.19611727752576
49.172,0.173637,-0.2724237,9.8928945,-0.0055800597182766865,2,0.1545604817743811,-2.9599393505953255,1,-120.24051560961756
49.188,0.17667810000000003,-0.2724237,9.8928945,-0.0033168864477257642,2,0.1414483294093854,-2.9600105261646537,1,-120.28787520863166
49.204,0.1721655,-0.261927,9.8928945,-0.0011177626519547346,2,0.13744523723570448,-2.960046003357451,1,-120.33523566086784
49.219,0.1721655,-0.2484873,9.888480000000001,0.0009116513977023288,2,0.13529426997713243,-2.9600475491918576,1,-120.37963636251196
49.235,0.1796211,-0.2484873,9.8674866,0.002383012935442963,2,0.09196009610879977,-2.9600211918771926,1,-120.4269969124405
49.25,0.1661814,-0.3143124,9.8674866,0.003858506377472537,2,0.09836622946863453,-2.9599743804823455,1,-120.4713968792332
49.266,0.1661814,-0.315882,9.966273300000001,0.007707106429771571,2,0.2405375032687161,-2.9598818555798876,1,-120.5187557291217
49.282,0.1392039,-0.315882,9.9707859,0.011561760932154996,2,0.24091590639899063,-2.959727704640992,1,-120.56611260560345
49.297,0.1930608,-0.3278502,9.9707859,0.015353688550233002,2,0.2527951745385241,-2.959525838769874,1,-120.61050700717904
49.329,0.18109260000000002,-0.30685680000000004,10.002177900000001,0.01979654255172214,2,0.13883918754652003,-2.958963435072243,1,-120.70520283556053
49.344,0.1646118,-0.2889045,10.0396521,0.025024561405480483,2,0.34853459025054295,-2.958627276792564,1,-120.74958476589951
49.36,0.16019730000000001,-0.2994012,10.0396521,0.03013082373693443,2,0.3191413957159069,-2.9581860337114247,1,-120.79691927238353
49.375,0.16019730000000001,-0.21856680000000003,9.9408654,0.03265316224484849,2,0.16815590052759744,-2.957715153816561,1,-120.84128853128999
49.391,0.1497006,-0.21856680000000003,10.0501488,0.037774504270373654,2,0.32008387659535814,-2.9571517324844394,1,-120.88860746638039
49.407,0.142245,-0.2230794,10.0501488,0.04277071273773991,2,0.3122630292104256,-2.9565073707483744,1,-120.93591673920625
49.422,0.142245,-0.205029,10.1159739,0.04924068753174815,2,0.43133165293386616,-2.9558172852463533,1,-120.98025917412622
49.438,0.1631403,-0.205029,10.003649400000002,0.05282185509305748,2,0.2238229725817583,-2.9550007849053546,1,-121.02754571868745
49.454,0.2260224,-0.21709530000000002,10.003649400000002,0.05635170362664432,3,0.220615533349202,-2.954127396435597,1,-121.07481874413817
49.469,0.18266220000000002,-0.2065986,10.0411236,0.060682104806190296,3,0.2886934119697206,-2.9532496428723505,1,-121.11912407193299
49.5,0.18266220000000002,-0.2559429,10.1264706,0.06701521714047942,3,0.20429394626739902,-2.951270334382177,1,-121.21064413158042
49.516,0.1406754,-0.2559429,10.008162,0.07029315934501312,3,0.2048713877833789,-2.9501718673702935,1,-121.25785566919444
49.532,0.10477080000000001,-0.2080701,10.008162,0.07345335887035631,3,0.197512470333971,-2.9490218952245706,1,-121.3050492192952
49.547,0.10477080000000001,-0.23200650000000003,10.023171300000001,0.07691527452542779,3,0.23079437700475652,-2.947894130474102,1,-121.34927608948794
49.563,0.1466595,-0.23200650000000003,10.171302299999999,0.08391718011025162,3,0.4376190990513433,-2.9466074708370162,1,-121.39643210229845
49.579,0.1661814,-0.2575125,10.171302299999999,0.09077059081633188,3,0.42833816913006306,-2.945209968669604,1,-121.4435666418145
49.594,0.1661814,-0.2889045,10.1833686,0.09777154343819916,3,0.4667301747911346,-2.943795902662695,1,-121.48773418584949
49.61,0.11526750000000001,-0.2889045,10.1653182,0.10414454112244975,3,0.39831235526570585,-2.94218057398621,1,-121.53482199766268
49.625,0.1870767,-0.2559429,10.0545633,0.10766658710899968,3,0.2348030657699862,-2.9405919905244744,1,-121.57894279189651
49.641,0.1870767,-0.2754648,10.249193700000001,0.11585983679352019,3,0.5120781052825882,-2.9388037791332544,1,-121.62597795805377
49.657,0.1571562,-0.2754648,10.1743434,0.12201626487163075,3,0.3847767548819527,-2.9369007703199332,1,-121.67298359444939
49.672,0.19757340000000004,-0.2514303,10.1743434,0.12802454108816974,3,0.4005517477692507,-2.9350254642752347,1,-121.71702304120886
49.704,0.19757340000000004,-0.2994012,10.220744700000001,0.13504896786648146,3,0.21951333682221671,-2.9308162881319597,1,-121.8108765092474
49.719,0.1497006,-0.2994012,10.1638467,0.14049523383792817,3,0.36308439809643334,-2.9287497066191768,1,-121.85482325420803
49.735,0.20954160000000002,-0.23200650000000003,10.1638467,0.1457914948929151,3,0.3310163159367195,-2.92645941278933,1,-121.9016649271633
49.75,0.20954160000000002,-0.21258269999999999,10.166887800000001,0.15102236328005425,3,0.34872455914259703,-2.924233308853033,1,-121.94554512257561
49.766,0.16019730000000001,-0.21258269999999999,10.2341844,0.1577445957032353,3,0.4201395264488613,-2.921763173181167,1,-121.99231309443188
49.782,0.20208600000000002,-0.2529999,10.282155300000001,0.1655128001879138,3,0.485512780292461,-2.919177114014038,1,-122.03904061672944
49.797,0.18864630000000002,-0.21709530000000002,10.282155300000001,0.17306530079133964,3,0.5035000402283694,-2.9166377782566935,1,-122.08280922842147
49.813,0.18864630000000002,-0.2544714,10.3314996,0.1816574409894418,3,0.5370087623812064,-2.9137999963224464,1,-122.12945273061811
49.829,0.1526436,-0.2544714,10.280585700000001,0.1887842313995165,3,0.4454244006297172,-2.910836462943335,1,-122.17604982229223
49.844,0.0733788,-0.31284090000000003,10.280585700000001,0.19575521793495376,3,0.46473243569579986,-2.9079524170733264,1,-122.21969073889235
49.86,0.0733788,-0.2679111,10.2192732,0.20103036329119384,3,0.32969658476504093,-2.904778132423518,1,-122.26619258328833
49.875,0.1437165,-0.2679111,10.367404200000001,0.20980643777729924,3,0.5850716324070045,-2.901696856415504,1,-122.30974114570462
49.907,0.1392039,-0.2544714,10.367404200000001,0.21835870551937653,3,0.26725836693994476,-2.894846214122758,1,-122.40248583483323
49.922,0.1392039,-0.22455090000000003,10.3314996,0.22581009130345286,3,0.49675905227173695,-2.8915149481465865,1,-122.44588354355025
49.938,0.19757340000000004,-0.21856680000000003,10.3195314,0.23280801348048996,3,0.4373701360646725,-2.8878460033083138,1,-122.49211843116191
49.954,0.2065986,-0.2425032,10.3195314,0.23965259990780474,3,0.4277866517072209,-2.884066318401208,1,-122.53829372973559
49.969,0.2065986,-0.19011780000000003,10.3465089,0.24696121951667394,3,0.48724130725792775,-2.880416714755524,1,-122.58152735248426
50.0,0.1332198,-0.2889045,10.3629897,0.2545197353651929,3,0.24382309188771795,-2.8726437599548555,1,-122.67069978984226
50.016,0.1332198,-0.2215098,10.4347989,0.26360433520856574,3,0.5677874902108652,-2.8684987673902658,1,-122.71662893006102
50.032,0.17667810000000003,-0.2215098,10.3434678,0.270256333916409,3,0.41574991924025057,-2.8642278820372664,1,-122.76249074325644
50.047,0.1930608,-0.2544714,10.3434678,0.27677171723552263,3,0.4343588879408909,-2.860125171653627,1,-122.80542339115912
50.063,0.1930608,-0.2215098,10.3943817,0.2843510033132777,3,0.473705379859532,-2.855636189889235,1,-122.85114948205148
50.079,0.1990449,-0.2215098,10.338955200000001,0.2903968721389383,3,0.37786680160382946,-2.851038206885618,1,-122.89680287722568
50.094,0.19011780000000003,-0.2350476,10.3704453,0.2970661961211629,3,0.4446215988149591,-2.846632233873667,1,-122.93953540553137
50.11,0.20355750000000003,-0.2963601,10.3704453,0.30361736736036526,3,0.40944820245019176,-2.8418267653658154,1,-122.98504307752529
50.125,0.20355750000000003,-0.18413369999999998,10.4587353,0.31209803916657464,3,0.5653781204139368,-2.837208899816863,1,-123.02763584501416
50.157,0.17510850000000003,-0.18413369999999998,10.4707035,0.3206511294574508,3,0.26728407158990886,-2.8270849131188798,1,-123.11826454602112
50.172,0.1332198,-0.2784078,10.4707035,0.3290313393480879,3,0.5586806593757886,-2.822212294602838,1,-123.16063427507903
50.188,0.1332198,-0.2425032,10.4228307,0.3360181591423608,3,0.4366762371419071,-2.8168918986149127,1,-123.20574710862479
50.219,0.19610190000000002,-0.2784078,10.4228307,0.3428806613348758,3,0.221371038468236,-2.806368966897516,1,-123.29290765204023
50.235,0.19610190000000002,-0.2843919,10.3824135,0.34859448153927275,3,0.35711376277484713,-2.800837165754523,1,-123.33776530110144
50.266,0.1526436,-0.21552570000000001,10.4512797,0.35578984935067304,3,0.2321086390774376,-2.7899192086257294,1,-123.42442202490433
50.282,0.1362609,-0.24701580000000004,10.4512797,0.36282118949563014,3,0.4394587590598671,-2.7841703203149595,1,-123.46901474113585
50.297,0.1362609,-0.2604555,10.359948600000001,0.3674622892507564,3,0.30940665034174003,-2.7786931942243616,1,-123.5107362174949
50.313,0.1482291,-0.2604555,10.428814800000001,0.3736731635231134,3,0.3881796420221831,-2.7727641106021688,1,-123.55514787593353
50.329,0.16019730000000001,-0.261927,10.428814800000001,0.3797377662266683,3,0.3790376689722237,-2.7667368231641714,1,-123.59946388340366
50.344,0.16019730000000001,-0.2963601,10.3584771,0.3839622672833425,3,0.28163340377826646,-2.761009072912846,1,-123.64092197762423
50.36,0.10182780000000001,-0.2963601,10.3434678,0.3876998216831655,3,0.23359714998896572,-2.754835776201115,1,-123.68504873641714
50.375,0.1571562,-0.2649681,10.392910200000001,0.39254771681657274,3,0.3231930088938025,-2.7489839196623667,1,-123.72632738413613
50.407,0.2814489,-0.20355750000000003,10.3629897,0.39657820266592836,3,0.1259526827923768,-2.736357904950648,1,-123.81409285332992
50.422,0.16912439999999998,-0.20355750000000003,10.4467671,0.4024935428424481,3,0.39435601176796736,-2.730364866859335,1,-123.8550932741185
50.438,0.1990449,-0.21258269999999999,10.4467671,0.408281844019168,3,0.3617688235448737,-2.7238786637644403,1,-123.8987272223635
50.454,0.1990449,-0.20355750000000003,10.4257737,0.41341274075261936,3,0.32068104584074475,-2.7173051070862666,1,-123.94225669253031
50.469,0.21709530000000002,-0.20355750000000003,10.4677605,0.41945092951762497,3,0.4025459176670257,-2.7110586295592394,1,-123.98296942055515
50.485,0.21258269999999999,-0.2575125,10.4677605,0.4253685564403842,3,0.36985168267249147,-2.704300073671576,1,-124.02629229018099
50.5,0.21258269999999999,-0.2274939,10.4138055,0.42980950649200445,3,0.29606333677467295,-2.6978862381995827,1,-124.06680868752002
50.516,0.1362609,-0.2274939,10.4108625,0.4340392169238996,3,0.2643569019934746,-2.690975448412256,1,-124.10991958101292
50.532,0.1511721,-0.2679111,10.4108625,0.4381942278714295,3,0.2596881842206475,-2.683997580853894,1,-124.15291936524704
50.547,0.1511721,-0.2664396,10.352492999999999,0.4408239494739199,3,0.1753147734993547,-2.6774049445238037,1,-124.19312988418737
50.563,0.0868185,-0.2918475,10.407821400000001,0.4447370931703407,3,0.24457148102621942,-2.6703204561826475,1,-124.23591168739304
50.579,0.2365191,-0.2918475,10.4452956,0.4495248920534287,3,0.29923743019303306,-2.663166360300858,1,-124.2785795819249
50.61,0.113796,-0.2934171,10.4452956,0.454146821026864,3,0.14909448301404685,-2.649159448748114,1,-124.36092063196516
50.625,0.145188,-0.2604555,10.4243022,0.4581323769837322,3,0.2657037304578716,-2.6423173547630343,1,-124.4006067079915
50.641,0.258984,-0.2694807,10.4243022,0.4620800944995036,3,0.24673234473573888,-2.634955654991169,1,-124.44282489206952
50.657,0.258984,-0.16912439999999998,10.4108625,0.465552406818615,3,0.21701951994448523,-2.627534594980625,1,-124.48492481406929
50.672,0.1511721,-0.16912439999999998,10.4108625,0.4688882478861629,3,0.2223894045031861,-2.6205262900703388,1,-124.52428527070717
50.688,0.2649681,-0.2559429,10.4108625,0.4722413838340298,3,0.20957099674161145,-2.612997253016575,1,-124.56615345905188
50.704,0.2649681,-0.2514303,10.466190899999999,0.47685870337858915,3,0.2885824715349912,-2.605404452318875,1,-124.60790067269456
50.735,0.1317483,-0.3023442,10.3345407,0.47812532544791253,3,0.04085877642978788,-2.5906021998720647,1,-124.6884387758035
50.75,0.145188,-0.3023442,10.4153751,0.48133598534793265,3,0.21404399333466645,-2.5834062400410955,1,-124.72724383910285
50.766,0.2350476,-0.2649681,10.3314996,0.48243895487592603,3,0.06893559549959387,-2.5756960405193055,1,-124.76851665734733
50.782,0.09133110000000001,-0.2649681,10.340524799999999,0.4836797280633771,3,0.07754832421570122,-2.5679670910557917,1,-124.80966596239993
50.797,0.1631403,-0.2394621,10.340524799999999,0.48489661328763667,3,0.08112568161730067,-2.5607027684956587,1,-124.84813098634658
50.829,0.1631403,-0.2230794,10.5171048,0.49038020265421345,3,0.1713621677055052,-2.5450983394405875,1,-124.92982380407356
50.844,0.205029,-0.2230794,10.3629897,0.49199059908709586,3,0.10735976219215664,-2.5377305584275276,1,-124.96794502080758
50.86,0.1856052,-0.2006145,10.3629897,0.49354159527462294,3,0.09693726172045293,-2.529846300872635,1,-125.00848563568198
50.875,0.2140542,-0.20355750000000003,10.3824135,0.49554309578912203,3,0.13343336763326824,-2.5224281656896563,1,-125.0463776941812
50.891,0.2140542,-0.1990449,10.416846600000001,0.4983331462667646,3,0.1743781548526805,-2.51447715575321,1,-125.08667293675275
50.907,0.18413369999999998,-0.1990449,10.416846600000001,0.5010412040036893,3,0.16925360855781424,-2.5064821609510473,1,-125.12684061128638
50.938,0.052385400000000006,-0.34580249999999996,10.338955200000001,0.5018416036529381,3,0.025819343524147255,-2.4909374774323667,1,-125.20430061568135
50.954,0.1526436,-0.34580249999999996,10.4572638,0.5055303834101075,3,0.23054873482311375,-2.4828785015358634,1,-125.24409114351309
50.969,0.1497006,-0.1796211,10.307563200000002,0.5053760668687843,3,-0.01028776942154232,-2.4752967031587714,1,-125.2812774575483
51.0,0.1721655,-0.1796211,10.4318559,0.508264723599499,3,0.09318247518434876,-2.459585270906514,1,-125.3577681281463
51.016,0.2274939,-0.2394621,10.4318559,0.5111380710371858,3,0.17958421485544143,-2.451430048549421,1,-125.39705625070195
51.032,0.145188,-0.2514303,10.392910200000001,0.5129628331529936,3,0.11404763223800275,-2.4432372413159005,1,-125.43621358902087
51.047,0.145188,-0.2575125,10.4512797,0.5161697936796354,3,0.21379736844278005,-2.4355187466146555,1,-125.47280425893035
51.063,0.1482291,-0.2575125,10.385356500000002,0.5176923470201622,3,0.09515958378289044,-2.427247849489054,1,-125.51170639169919
51.079,0.17667810000000003,-0.2679111,10.385356500000002,0.5191950270691432,3,0.09391750306132408,-2.4189527504963406,1,-125.55047599649907
51.094,0.17667810000000003,-0.2575125,10.3779009,0.5204728819056843,3,0.08519032243606886,-2.411155241179029,1,-125.58670180643664
51.125,0.1796211,-0.2664396,10.4243022,0.522857494343496,3,0.07692298186489778,-2.3949836203471673,1,-125.66119695879028
51.141,0.1796211,-0.2425032,10.338955200000001,0.5230889449518195,3,0.014465663020214941,-2.386616048832806,1,-125.69944975614372
51.157,0.2006145,-0.2425032,10.466190899999999,0.526426052135184,3,0.20856919896030746,-2.3782199288561108,1,-125.73756844396523
51.172,0.2200383,-0.2529999,10.466190899999999,0.5296973396873597,3,0.21808583681170174,-2.3702990034174416,1,-125.77318233595729
51.188,0.20355750000000003,-0.23200650000000003,10.4572638,0.5326512114167556,3,0.1846169830871874,-2.3618002150086057,1,-125.81103912970471
51.204,0.20355750000000003,-0.2724237,10.3764294,0.5335862809436076,3,0.058441845428254036,-2.353270315069724,1,-125.84875969394534
51.219,0.18413369999999998,-0.2724237,10.380942000000001,0.5345997064027781,3,0.06756169727803021,-2.3452589201646257,1,-125.8839986632096
51.235,0.2065986,-0.2649681,10.380942000000001,0.5355940162950485,3,0.06214436826691001,-2.336697370383044,1,-125.92145431353397
51.25,0.2065986,-0.258984,10.4347989,0.5378733112586058,3,0.15195299757047936,-2.328646365426391,1,-125.95644439155254
51.266,0.1511721,-0.258984,10.428814800000001,0.5399279556458652,3,0.12841527420372228,-2.320023955291156,1,-125.99363375411828
51.282,0.1586277,-0.20954160000000002,10.428814800000001,0.5419081081592445,3,0.12375953208622312,-2.311369266780716,1,-126.03068489989485
51.297,0.1586277,-0.23200650000000003,10.4063499,0.5433038345778272,3,0.09304842790550678,-2.303230177210188,1,-126.06529439572478
51.313,0.173637,-0.23200650000000003,10.5021936,0.5470081146136305,3,0.23151750223763295,-2.294507681616653,1,-126.1020762985954
51.329,0.1721655,-0.2230794,10.4871843,0.5502507913743582,3,0.20266729754550028,-2.28572961036875,1,-126.13871819693128
51.344,0.205029,-0.2829204,10.4871843,0.5534639813159075,3,0.21421266276994444,-2.2774517495735727,1,-126.17294205713085
51.36,0.205029,-0.23347800000000002,10.4512797,0.555693788912837,3,0.1393629748081147,-2.2685784874117436,1,-126.20931029902673
51.375,0.10182780000000001,-0.23347800000000002,10.4034069,0.5566649916201527,3,0.06474684715437454,-2.2602357965577458,1,-126.2432764061565
51.391,0.1631403,-0.2274939,10.4034069,0.5576283114269334,3,0.0602074879237979,-2.25132145013337,1,-126.27936886413002
51.407,0.1631403,-0.2649681,10.3869261,0.5581879690586113,3,0.03497860197987753,-2.242394919889487,1,-126.3153185950902
51.422,0.19011780000000003,-0.2649681,10.3914387,0.5588551695125545,3,0.044480030262878,-2.2340170963502026,1,-126.34889168521201
51.438,0.1437165,-0.2065986,10.3914387,0.559455634783669,3,0.037529079444641136,-2.22507060991583,1,-126.38456438686215
51.469,0.1437165,-0.23200650000000003,10.367404200000001,0.5594685239553616,3,0.00041577973202003196,-2.2077272854553756,1,-126.4532727542404
51.485,0.20355750000000003,-0.23200650000000003,10.324044,0.5584484384163719,3,-0.06375534618686265,-2.1987839497564026,1,-126.4885248441221
51.5,0.12272310000000002,-0.3053853,10.355436000000001,0.558233921721019,3,-0.014301113023525078,-2.190408832055372,1,-126.52144378998568
51.516,0.12272310000000002,-0.2215098,10.3659327,0.5582285539220901,3,-0.0003354874330563732,-2.1814771322502278,1,-126.55641887770012
51.532,0.2215098,-0.2215098,10.3629897,0.558191560548309,3,-0.0023120858613226206,-2.1725457713344656,1,-126.5912510609288
51.547,0.11526750000000001,-0.2709522,10.3629897,0.5581420227059954,3,-0.0033025228209025838,-2.164173269460058,1,-126.62377645373476
51.563,0.11526750000000001,-0.2604555,10.379372400000001,0.5584865589196113,3,0.02153351335098366,-2.1552402408070503,1,-126.65833176181691
51.579,0.1466595,-0.2604555,10.4153751,0.5597101008077754,3,0.0764713680102642,-2.146294667529232,1,-126.6927440410836
51.594,0.1990449,-0.2544714,10.4153751,0.5609213888709235,3,0.08075253754320193,-2.1378899313566415,1,-126.72487542557525
51.61,0.1990449,-0.2484873,10.437840000000001,0.5626472800664839,3,0.10786819972253914,-2.1289013820051435,1,-126.75900975608214
51.625,0.1466595,-0.2484873,10.3704453,0.5626667851356295,3,0.001300337943040544,-2.1204615265161273,1,-126.79087997789604
51.657,0.18864630000000002,-0.24701580000000004,10.385356500000002,0.563065030805669,3,0.012445177188737094,-2.1024498174610686,1,-126.85844655939967
51.672,0.1930608,-0.24544620000000003,10.385356500000002,0.5634546337025466,3,0.025973526458499388,-2.094000919977257,1,-126.88991993993045
51.688,0.1930608,-0.2858634,10.4018373,0.564261687116959,3,0.05044083840076133,-2.084979189410698,1,-126.92335178080556
51.704,0.142245,-0.2858634,10.430286299999999,0.5657226424128883,3,0.09130970599558925,-2.0759393147744603,1,-126.95663912883904
51.719,0.1631403,-0.2634966,10.430286299999999,0.5671410621199744,3,0.09456131380573748,-2.0674428369904634,1,-126.98771449497728
51.735,0.1631403,-0.2738952,10.3465089,0.5664890271955194,3,-0.040752182778440775,-2.0583737962759403,1,-127.02072102804341
51.75,0.1646118,-0.2738952,10.4018373,0.5672022971649859,3,0.047551331297766425,-2.0498711113432364,1,-127.05153286485056
51.782,0.1586277,-0.21856680000000003,10.4707035,0.5695430731091236,3,0.07314924825430864,-2.031683185418853,1,-127.11683773359874
51.797,0.20355750000000003,-0.21856680000000003,10.4034069,0.5702049940342082,3,0.044128061672308865,-2.0231350749152774,1,-127.14724887055125
51.813,0.17069399999999998,-0.24397470000000002,10.359948600000001,0.5697906067581826,3,-0.025899204751591808,-2.0140151101089354,1,-127.17954607203146
51.829,0.18109260000000002,-0.2604555,10.359948600000001,0.5694004124266048,3,-0.02438714572361713,-2.0049015819554583,1,-127.21169740556797
51.844,0.18109260000000002,-0.2649681,10.4243022,0.5705913767562265,3,0.07939762197477936,-1.9963516435365887,1,-127.24170680475916
51.86,0.1571562,-0.2649681,10.412334,0.5714520458652785,3,0.053791819315757536,-1.9872152961556218,1,-127.2735753402767
51.875,0.173637,-0.24103170000000002,10.412334,0.5722839259292964,3,0.055458670934525174,-1.9786372763671658,1,-127.30331923457061
51.891,0.173637,-0.290376,10.3988943,0.5727985890939351,3,0.03216644778991994,-1.9694766162469852,1,-127.33490414571152
51.907,0.17667810000000003,-0.290376,10.3479804,0.5720608118556321,3,-0.046111077393945016,-1.9603177410393937,1,-127.3663425005698
51.922,0.21258269999999999,-0.23053500000000002,10.3479804,0.5713207742571793,3,-0.0493358398968487,-1.9517423791435509,1,-127.39568295147117
51.938,0.21258269999999999,-0.2798793,10.383885000000001,0.5715036718365063,3,0.011431098707933086,-1.9425997835748017,1,-127.42683768877293
51.954,0.1631403,-0.2798793,10.428814800000001,0.5727556212824432,3,0.07824684037106318,-1.9334457092298512,1,-127.45784605271537
51.969,0.18266220000000002,-0.2724237,10.469232,0.574965412847412,3,0.14731943766458178,-1.924837801473877,1,-127.48678317904564
51.985,0.19610190000000002,-0.21856680000000003,10.469232,0.5770964452182366,3,0.1331895231765503,-1.9156213066093528,1,-127.51750685191031
52.0,0.19610190000000002,-0.258984,10.4213592,0.5780309095181781,3,0.06229761999610399,-1.9069578514488295,1,-127.54617619559575
52.032,0.19610190000000002,-0.2754648,10.4512797,0.5796822696743913,3,0.05160500488166644,-1.8884344405817504,1,-127.60690247226823
52.047,0.19610190000000002,-0.2230794,10.4034069,0.5800957369299287,3,0.02756448370249027,-1.8797361055322177,1,-127.63516375136409
52.063,0.1856052,-0.2230794,10.313547300000002,0.5783035868142505,3,-0.11200938222984548,-1.8704689109422612,1,-127.66516539149589
52.079,0.1482291,-0.2754648,10.313547300000002,0.5765712680568651,3,-0.10826992233660208,-1.8612299121032934,1,-127.69501898208026
52.094,0.1482291,-0.2604555,10.4318559,0.577756065908229,3,0.0789865234242596,-1.852572457098555,1,-127.72287249984927
52.11,0.1526436,-0.24701580000000004,10.3898691,0.5778818782554342,3,0.007863271700326612,-1.8433273535452466,1,-127.75243969833443
52.125,0.10182780000000001,-0.24701580000000004,10.371916800000001,0.5775517334836486,3,-0.022009651452373304,-1.834661601457203,1,-127.78002461549694
52.141,0.142245,-0.2529999,10.371916800000001,0.5772447524617856,3,-0.019186313866439323,-1.8254232295696406,1,-127.80930529414515
52.157,0.142245,-0.290376,10.407821400000001,0.577844425783427,3,0.037479582602588345,-1.81618251614368,1,-127.83843814011085
52.172,0.1571562,-0.290376,10.3584771,0.5772317899673105,3,-0.040842387741097136,-1.8075194445255491,1,-127.86561590481587
52.188,0.20355750000000003,-0.258984,10.3584771,0.5766334988072277,3,-0.03739319750516307,-1.7982885222153497,1,-127.89446236854981
52.204,0.20355750000000003,-0.2065986,10.383885000000001,0.5766405614574648,3,0.00044141563981808107,-1.7890623297332333,1,-127.9231611753654
52.219,0.1511721,-0.2065986,10.4243022,0.5776111225188085,3,0.06470407075624716,-1.780405442103411,1,-127.94993218365417
52.235,0.1406754,-0.2784078,10.4243022,0.5785951578976114,3,0.06150221117518628,-1.7711557918600807,1,-127.97834467352587
52.25,0.1406754,-0.2948886,10.416846600000001,0.5793844860613167,3,0.05262187758034798,-1.7624709445303883,1,-128.0048468740488
52.266,0.1661814,-0.21258269999999999,10.3779009,0.5791652679913479,3,-0.013701129373046416,-1.7532025464979681,1,-128.03297226197702
52.297,0.1317483,-0.21258269999999999,10.4243022,0.5800707574988895,3,0.029209338952954217,-1.7352343881028702,1,-128.08704303446333
52.313,0.18266220000000002,-0.2709522,10.4243022,0.5810058871044959,3,0.058445600350379066,-1.72594577494604,1,-128.11473247576774
52.329,0.15421320000000002,-0.2738952,10.4108625,0.5815812287051418,3,0.035958850040377986,-1.716645078019564,1,-128.14227320259147
52.36,0.13469129999999999,-0.24701580000000004,10.4108625,0.5821195389944407,3,0.01736484804189902,-1.698607716120221,1,-128.19520962090064
52.375,0.13469129999999999,-0.2724237,10.428814800000001,0.5830978482909366,3,0.06522061976639046,-1.6898685857155804,1,-128.2206231931644
52.391,0.2260224,-0.2724237,10.351021500000002,0.5821945039026701,3,-0.056459024266659164,-1.6805462468980326,1,-128.24758651182532
52.407,0.15421320000000002,-0.2290635,10.351021500000002,0.5812554320700123,3,-0.058691989541121786,-1.671238647410252,1,-128.27440079097977
52.422,0.15421320000000002,-0.22455090000000003,10.392910200000001,0.5813581770369929,3,0.006849664465372717,-1.6625190453419492,1,-128.29940397367542
52.438,0.1796211,-0.24701580000000004,10.428814800000001,0.5823561363203069,3,0.062372455207106145,-1.6532093308350877,1,-128.32592980068486
52.454,0.15421320000000002,-0.24701580000000004,10.4108625,0.5828821504935764,3,0.03287588582934571,-1.6438874245405777,1,-128.35230657472786
52.469,0.1631403,-0.2604555,10.4108625,0.583406638115509,3,0.034965841462170605,-1.6351402586260093,1,-128.37689928235162
52.485,0.1631403,-0.2649681,10.379372400000001,0.583153402161301,3,-0.015827247138002286,-1.6258077783037959,1,-128.40298686664704
52.5,0.1646118,-0.2649681,10.454222699999999,0.5847317081557222,3,0.10522039962807696,-1.617048639976418,1,-128.42730828978415
52.516,0.1511721,-0.261927,10.454222699999999,0.5862647018691369,3,0.09581210708843269,-1.60768066869622,1,-128.45310612425354
52.532,0.1511721,-0.19757340000000004,10.461776400000002,0.5879100073056609,3,0.10283158978275941,-1.5982872710228226,1,-128.47875386777127
52.547,0.1781496,-0.19757340000000004,10.4243022,0.5886118280103751,3,0.046788046980948295,-1.589463357257952,1,-128.5026619974834
52.579,0.16019730000000001,-0.2575125,10.4243022,0.5893213270876689,3,0.022171846165428295,-1.5706164267763811,1,-128.55322327402794
52.594,0.18109260000000002,-0.261927,10.4243022,0.5900245417938432,3,0.04688098041161778,-1.5617713327597695,1,-128.57671618222446
52.61,0.1870767,-0.261927,10.4347989,0.5909690763674948,3,0.059033410853232944,-1.5523233838144799,1,-128.60162893995704
52.625,0.15421320000000002,-0.23053500000000002,10.4347989,0.5918594110181186,3,0.05935564337491203,-1.5434521701590875,1,-128.62484725661184
52.641,0.15421320000000002,-0.258984,10.3314996,0.5902258654431396,3,-0.1020965984361967,-1.5339954879473985,1,-128.6494668378767
52.657,0.1781496,-0.258984,10.485712800000002,0.5924011322945724,3,0.13595417821456288,-1.5245344719654979,1,-128.673935077556
52.672,0.1062423,-0.2260224,10.485712800000002,0.5944809829715503,3,0.13865671179852224,-1.5156328561010015,1,-128.6967363325165
52.688,0.1062423,-0.21258269999999999,10.3764294,0.5938384944905621,3,-0.040155530061745014,-1.5061263002813015,1,-128.72091040576757
52.704,0.1661814,-0.21258269999999999,10.3779009,0.5932667396296356,3,-0.035734678807912194,-1.4966294584083408,1,-128.7449324518371
52.719,0.1317483,-0.2529999,10.3779009,0.5927189840191414,3,-0.03651704069961524,-1.4877345654809746,1,-128.76731518201626
52.735,0.1586277,-0.2649681,10.3570056,0.5916916225383595,3,-0.06421009254887353,-1.4782592806285157,1,-128.79104313278515
52.75,0.1586277,-0.290376,10.3914387,0.5915453299321083,3,-0.009752840416746844,-1.469385003484987,1,-128.813150464916
52.766,0.2559429,-0.290376,10.3644612,0.5907923931175407,3,-0.0470585509104778,-1.4599263017005908,1,-128.83658495535747
52.782,0.1482291,-0.2425032,10.3644612,0.5899766234766108,3,-0.05098560255812352,-1.4504801495678386,1,-128.8598682069676
52.813,0.1482291,-0.31284090000000003,10.4153751,0.5904678039550699,3,0.01584453156319329,-1.432183260942644,1,-128.90454948983052
52.829,0.16019730000000001,-0.2559429,10.3479804,0.589270371737662,3,-0.07483951358800692,-1.422745355537103,1,-128.92738891876235
52.844,0.16019730000000001,-0.2544714,10.351021500000002,0.5881754022995356,3,-0.07299796254175521,-1.4139145122318237,1,-128.94866386777062
52.86,0.18413369999999998,-0.2544714,10.407821400000001,0.5885015750591442,3,0.020385797475543945,-1.4045010964129554,1,-128.97121119263977
52.875,0.1377324,-0.2738952,10.407821400000001,0.5888143203723786,3,0.02084968754895458,-1.3956712271972187,1,-128.99221248506686
52.891,0.16912439999999998,-0.23053500000000002,10.3749579,0.5883038568598487,3,-0.03190396953312376,-1.386254281779362,1,-129.01446788913867
52.907,0.16912439999999998,-0.2575125,10.3479804,0.5871636163670164,3,-0.07126503080202248,-1.376850541993548,1,-129.03657272772884
52.938,0.1721655,-0.2575125,10.383885000000001,0.5869277404451445,3,-0.007608900705543989,-1.358652125962956,1,-129.07897301908218
52.954,0.1796211,-0.2529999,10.383885000000001,0.5866979921193138,3,-0.014359270364418447,-1.3492631201024414,1,-129.10063634105072
52.969,0.1796211,-0.20355750000000003,10.4572638,0.5882364669349318,3,0.10256498770786104,-1.3404511116595343,1,-129.12080919778893
52.985,0.1856052,-0.20355750000000003,10.463247899999999,0.5898858689361113,3,0.10308762507372807,-1.331026132972567,1,-129.142181015746
53.0,0.173637,-0.258984,10.463247899999999,0.591519901158879,3,0.10893548151784259,-1.3221655896968543,1,-129.16207995366602
53.016,0.173637,-0.24701580000000004,10.4362704,0.592449310386371,3,0.05808807671826095,-1.3126938360044933,1,-129.18315882907163
53.032,0.1571562,-0.24701580000000004,10.3764294,0.5918907238487794,3,-0.034911658599482934,-1.3032191157306132,1,-129.20408613268552
53.047,0.1526436,-0.2754648,10.3764294,0.5913615808457973,3,-0.035276200198806944,-1.2943447234454035,1,-129.22356786147935
53.063,0.1406754,-0.2694807,10.4153751,0.5917868782227451,3,0.026581086059231932,-1.284879535772852,1,-129.2442016555531
53.079,0.1406754,-0.2769363,10.4108625,0.5920965559337557,3,0.019354856938160657,-1.275408468299601,1,-129.26468395958568
53.094,0.1930608,-0.2769363,10.4153751,0.5925291554179282,3,0.028839965611499797,-1.266523775464463,1,-129.2837484514139
53.11,0.1571562,-0.2889045,10.4153751,0.5929444133850268,3,0.02595362294366696,-1.2570399869140403,1,-129.30393696151293
53.125,0.1571562,-0.2798793,10.416846600000001,0.5933794086822797,3,0.028999686483524405,-1.248142558248535,1,-129.32272583060166
53.141,0.142245,-0.2798793,10.4138055,0.5937244307070273,3,0.02156387654672869,-1.2386457275334217,1,-129.34262013688792
53.157,0.17667810000000003,-0.2425032,10.4138055,0.5940510374698249,3,0.020412922674852868,-1.229143523788008,1,-129.36236245089847
53.172,0.17667810000000003,-0.2679111,10.3570056,0.59300015588523,3,-0.07005877230632242,-1.2202406398378447,1,-129.38073283212566
53.204,0.17667810000000003,-0.2514303,10.4362704,0.5938972758302778,3,0.028034998282741225,-1.2012502809303944,1,-129.41947668685796
53.219,0.1392039,-0.2529999,10.4362704,0.5947596128388977,3,0.05748913390798568,-1.1923353542653752,1,-129.43742857912193
53.235,0.1392039,-0.2634966,10.3779009,0.5941841869184472,3,-0.035964120028157485,-1.1828238038673176,1,-129.45642985238698
53.25,0.1571562,-0.2634966,10.412334,0.5944685112483263,3,0.01895495532527438,-1.1739089086310663,1,-129.47410534773073
53.266,0.1631403,-0.20208600000000002,10.412334,0.5947146701854891,3,0.015384933572672484,-1.1643954431795969,1,-129.4928117825452
53.282,0.1631403,-0.2649681,10.4572638,0.5960845720284453,3,0.08561886518477611,-1.1548690492418865,1,-129.51136589848457
53.297,0.1287072,-0.2649681,10.380942000000001,0.5955485835155212,3,-0.035732567528274306,-1.1459318005753063,1,-129.5286219048582
53.313,0.17510850000000003,-0.2769363,10.380942000000001,0.5950498371835824,3,-0.03117164574616485,-1.1364070132097104,1,-129.54688061536848
53.329,0.17510850000000003,-0.2814489,10.367404200000001,0.5942361922096175,3,-0.050852810872809066,-1.126892724974566,1,-129.56498701327396
53.344,0.1377324,-0.2814489,10.4063499,0.5943781079255164,3,0.009461047726588486,-1.1179781177235522,1,-129.5818235445942
53.36,0.1482291,-0.2858634,10.412334,0.5946688956514468,3,0.018174232870651123,-1.1084657416949375,1,-129.59963509546952
53.375,0.18413369999999998,-0.2724237,10.412334,0.5949577771276022,3,0.019258765077030403,-1.0995435416490944,1,-129.6161951650946
53.391,0.18413369999999998,-0.23053500000000002,10.3764294,0.5943395788641244,3,-0.03863739146737081,-1.0900291628011616,1,-129.6337117467302
53.407,0.1497006,-0.23053500000000002,10.437840000000001,0.5952202513544425,3,0.05504203064488673,-1.0805126841594141,1,-129.6510760815059
53.422,0.1317483,-0.29783160000000003,10.437840000000001,0.5961150694668849,3,0.05965454082949162,-1.071577669253254,1,-129.66721675915647
53.454,0.1317483,-0.2634966,10.4333274,0.596855535141886,3,0.023139552343784585,-1.0524901395795114,1,-129.7012018440978
53.469,0.1646118,-0.2634966,10.494639900000001,0.5990840880375341,3,0.14857019304319774,-1.0435205924056654,1,-129.7169219245877
53.485,0.2140542,-0.2529999,10.494639900000001,0.6012737345459467,3,0.13685290677580128,-1.0339177298249986,1,-129.73354143116555
53.5,0.2140542,-0.2529999,10.3629897,0.6002006146471057,3,-0.07154132658939445,-1.0249066722060505,1,-129.7489826141808
53.516,0.21101310000000004,-0.2529999,10.4197896,0.6005368156610889,3,0.02101256337394784,-1.0153007727635859,1,-129.76530427374055
53.532,0.16166880000000003,-0.23200650000000003,10.4273433,0.6010155602574283,3,0.02992153727121912,-1.0056883537562389,1,-129.78147218675272
53.547,0.1946304,-0.2290635,10.4273433,0.6014947716481789,3,0.03194742605003732,-0.9966695262669465,1,-129.7964898708529
53.563,0.1946304,-0.2080701,10.392910200000001,0.6011120491265558,3,-0.023920157601434518,-0.9870486717007454,1,-129.81235961643665
53.579,0.1302768,-0.2080701,10.3824135,0.6004581889966971,3,-0.040866258116172345,-0.9774361097957605,1,-129.82807549468862
53.594,0.15568469999999998,-0.2889045,10.371916800000001,0.5996200866200923,3,-0.055873491773655595,-0.9684355227286341,1,-129.84266953193256
53.61,0.1466595,-0.2889045,10.367404200000001,0.5986892092410638,3,-0.05817983618928243,-0.958849048361746,1,-129.85808780850127
53.641,0.1915893,-0.2814489,10.367404200000001,0.5977939042693681,3,-0.028880805538574177,-0.9403035601023351,1,-129.88752467393246
53.657,0.1915893,-0.2709522,10.4362704,0.5985924282706634,3,0.04990775008096299,-0.9307324694420158,1,-129.90249296216882
53.672,0.21258269999999999,-0.2709522,10.3749579,0.5978867773608894,3,-0.04704339398493395,-0.9217588753997789,1,-129.91638664725514
53.688,0.2140542,-0.23347800000000002,10.430286299999999,0.5985257148706324,3,0.03993359435892961,-0.9121875754619235,1,-129.93105821886203
53.704,0.2140542,-0.2350476,10.373388300000002,0.5977628195664888,3,-0.047680956508982776,-0.9026172671864277,1,-129.94557665760323
53.735,0.17510850000000003,-0.2350476,10.380942000000001,0.5971848844497885,3,-0.018643068280657024,-0.884095577774176,1,-129.9732707067001
53.75,0.21552570000000001,-0.2484873,10.380942000000001,0.5966472153077316,3,-0.03584460947045762,-0.8751418370259942,1,-129.9864649873111
53.766,0.21552570000000001,-0.24103170000000002,10.503665100000001,0.5991101870697335,3,0.15393573512513833,-0.8655757778069756,1,-130.00039072822977
53.782,0.1497006,-0.24103170000000002,10.380942000000001,0.598493043596017,3,-0.03857146710728879,-0.8559949519616507,1,-130.0141632940679
53.797,0.08534699999999999,-0.2604555,10.380942000000001,0.5978846281618466,3,-0.04056102894468777,-0.8470221194234664,1,-130.0269359221033
53.813,0.08534699999999999,-0.3023442,10.430286299999999,0.5985217072579037,3,0.03981744350355146,-0.8374508687401052,1,-130.0404117060086
53.829,0.18266220000000002,-0.3023442,10.409391,0.598664377743269,3,0.008916905335333163,-0.8278733800600969,1,-130.053734299999
53.844,0.1721655,-0.2694807,10.4228307,0.5991048460324855,3,0.029364552614432972,-0.8188901108817784,1,-130.06608502618107
53.875,0.16765290000000002,-0.2604555,10.4197896,0.5994530438777357,3,0.011232188556458423,-0.8003124635881708,1,-130.09118266608536
53.891,0.1497006,-0.2604555,10.325515500000002,0.5974876794941579,3,-0.12283527397362291,-0.7907369378011967,1,-130.1039110612965
53.907,0.1332198,-0.1721655,10.325515500000002,0.5955196479826554,3,-0.12300196946891906,-0.7811928791813832,1,-130.11648649983235
53.938,0.1257642,-0.2649681,10.359948600000001,0.5944847291840283,3,-0.033384477375063316,-0.7627478113352961,1,-130.14041758053537
53.954,0.1497006,-0.2394621,10.359948600000001,0.5934676717023688,3,-0.06356609260372437,-0.753244192128206,1,-130.15254551656307
53.969,0.1497006,-0.261927,10.383885000000001,0.5930722419631085,3,-0.026361982617353823,-0.7443451427757146,1,-130.16377743657483
53.985,0.1856052,-0.261927,10.3704453,0.5923729486305831,3,-0.04370583328284143,-0.7348615812509661,1,-130.17561109036706
54.0,0.1946304,-0.2754648,10.3570056,0.5913756714537381,3,-0.06648514512299389,-0.7259834666003334,1,-130.18656742822594
54.016,0.16765290000000002,-0.23347800000000002,10.3570056,0.5903660654910077,3,-0.06310037267066167,-0.7165295327047765,1,-130.19810753222038
54.032,0.16765290000000002,-0.2529999,10.3449393,0.5890980883986785,3,-0.0792485682705822,-0.70709381947366,1,-130.2094965190378
54.047,0.16019730000000001,-0.2529999,10.3449393,0.5878581573155195,3,-0.08266207221059735,-0.6982666476308032,1,-130.2200367225411
54.063,0.1257642,-0.24103170000000002,10.3449393,0.5866298978194262,3,-0.0767662185058048,-0.6888707431897204,1,-130.23113382166767
54.079,0.1257642,-0.2709522,10.2865698,0.5840265977348302,3,-0.16270625528726618,-0.6795054912252874,1,-130.24208083154298
54.094,0.1482291,-0.2709522,10.2850983,0.5814582127807579,3,-0.17122566360481353,-0.6707643551464201,1,-130.25220785539076
54.11,0.1332198,-0.2350476,10.2850983,0.5789259314661432,3,-0.15826758216343573,-0.6614812819924459,1,-130.26286582048786
54.141,0.1332198,-0.2425032,10.373388300000002,0.5786122757151411,3,-0.010117927451683394,-0.6435394397811367,1,-130.28309364167535
54.157,0.1661814,-0.2425032,10.4438241,0.5800351290910584,3,0.08892833599484098,-0.6342702605426881,1,-130.29331611927793
54.172,0.1990449,-0.2365191,10.361420100000002,0.5794249755655159,3,-0.04067690170283183,-0.6255743097577634,1,-130.3027649535552
54.188,0.1646118,-0.2200383,10.355436000000001,0.5786602169759121,3,-0.04779741185022071,-0.6163096282174289,1,-130.312700025059
54.204,0.1377324,-0.2200383,10.4034069,0.5790741998199618,3,0.025873927753109,-0.6070477528830629,1,-130.3224868841078
54.219,0.1466595,-0.2575125,10.4034069,0.5795020308984391,3,0.028522071898487277,-0.5983584311526745,1,-130.33152743048808
54.235,0.1466595,-0.24701580000000004,10.4063499,0.5799849746992205,3,0.030183987548840767,-0.5890825351078942,1,-130.34102695821815
54.25,0.16166880000000003,-0.24701580000000004,10.3584771,0.5792944030055622,3,-0.046038112910549635,-0.580387939775108,1,-130.34979798677978
54.266,0.1661814,-0.2664396,10.3584771,0.5786341520656091,3,-0.04126568374707606,-0.5711245113345397,1,-130.35901008638865
54.282,0.1661814,-0.2664396,10.3314996,0.5773323199259917,3,-0.08136450872609843,-0.5618767795586079,1,-130.3680740967158
54.297,0.1631403,-0.2664396,10.289610900000001,0.5750398512674497,3,-0.15283124390278988,-0.5532339882746568,1,-130.37643742747454
54.329,0.1946304,-0.22455090000000003,10.316588399999999,0.5734499925169185,3,-0.0496830859540942,-0.5348581507741048,1,-130.39384690169933
54.36,0.1317483,-0.2484873,10.270187100000001,0.570756722432856,3,-0.08687968013105188,-0.517122946692384,1,-130.41015260871006
54.375,0.1392039,-0.2484873,10.259690400000002,0.5678756211158902,3,-0.1920734211310487,-0.5085832041157681,1,-130.41784540484113
54.391,0.1646118,-0.24544620000000003,10.259690400000002,0.565072177667794,3,-0.17521521550602756,-0.4995196217254995,1,-130.42591022744787
54.407,0.1646118,-0.2634966,10.2432096,0.5619462394950183,3,-0.19537113579850482,-0.490503474388197,1,-130.4338304122168
54.422,0.142245,-0.2634966,10.211719500000001,0.5581206538237442,3,-0.25503904475159783,-0.48210297268830504,1,-130.44112496056988
54.438,0.19757340000000004,-0.2769363,10.211719500000001,0.5544194871963679,3,-0.23132291421094123,-0.4732026515601402,1,-130.44876740556387
54.454,0.19757340000000004,-0.2425032,10.202792400000002,0.5505696120145807,3,-0.24061719886172991,-0.4643627387664526,1,-130.4562679286865
54.485,0.16019730000000001,-0.2499588,10.157862600000001,0.5457066636103569,3,-0.15686930336206228,-0.4473704564942649,1,-130.47039979321303
54.5,0.17510850000000003,-0.21552570000000001,10.157862600000001,0.5409490889128428,3,-0.31717164650093094,-0.43922053835034025,1,-130.47704922567436
54.516,0.17510850000000003,-0.2649681,10.1324547,0.5357166603218957,3,-0.32702678693422854,-0.43060721235646326,1,-130.48400784768
54.532,0.1781496,-0.2649681,10.0904679,0.52958958616823,3,-0.38294213460414506,-0.4220847623845432,1,-130.49082938347794
54.547,0.1497006,-0.24701580000000004,10.0904679,0.523589582210624,3,-0.40000026384038656,-0.41418591862170145,1,-130.49710141358548
54.563,0.1497006,-0.2425032,10.15335,0.5192663533367003,3,-0.270201804620139,-0.4058430711373201,1,-130.50366164550357
54.579,0.20208600000000002,-0.2425032,10.036610999999999,0.5122247920848864,3,-0.4400975782384227,-0.3975911419739483,1,-130.51008911920846
54.594,0.1511721,-0.24701580000000004,10.036610999999999,0.5053358152048357,3,-0.45926512533669156,-0.3899594374192751,1,-130.5159957485539
54.61,0.1511721,-0.2559429,9.954305100000001,0.4966137415625802,3,-0.5451296026410303,-0.3819438409651366,1,-130.52217097478098
54.641,0.1571562,-0.2559429,10.0171872,0.48963967732033886,3,-0.22496981426585835,-0.36665691297245195,1,-130.533774286467
54.657,0.16019730000000001,-0.24701580000000004,10.024642799999999,0.48301318833357954,3,-0.41415556167250356,-0.3588756900472215,1,-130.53957854729117
54.672,0.17667810000000003,-0.2649681,9.9842256,0.47558096175730924,3,-0.49548177175133423,-0.3516862339215395,1,-130.54490776172094
54.688,0.18266220000000002,-0.2649681,9.987266700000001,0.46840676882448307,3,-0.4483870583014861,-0.34413433207688265,1,-130.55047432624892
54.719,0.1482291,-0.2529999,10.0456362,0.46280912117497763,3,-0.18056927901631123,-0.3297004857818916,1,-130.56091876592572
54.735,0.16019730000000001,-0.2529999,9.9648018,0.4553817924566683,3,-0.4642080448943831,-0.32235495847283924,1,-130.56613520947977
54.75,0.15421320000000002,-0.2664396,9.9648018,0.4481418562504782,3,-0.4826624137459899,-0.31557853110753536,1,-130.57091971065162
54.766,0.15421320000000002,-0.2604555,9.978241500000001,0.4414022936126081,3,-0.42122266486692905,-0.30846217790863145,1,-130.57591203632376
54.782,0.1946304,-0.261927,9.9378243,0.433860016233659,3,-0.47139233618436943,-0.3014600794298621,1,-130.58079141438247
54.797,0.16166880000000003,-0.261927,9.9303687,0.4263055357070904,3,-0.503632035104554,-0.29500883779030623,1,-130.58526493126163
54.813,0.1526436,-0.2918475,9.9303687,0.4189521664740816,3,-0.4595855770628951,-0.2882467761728546,1,-130.58993097617335
54.829,0.1526436,-0.2260224,9.9064323,0.4111527098182499,3,-0.4874660409895352,-0.2816059371625167,1,-130.59448979788004
54.844,0.18266220000000002,-0.2260224,9.945279900000001,0.4045029662394679,3,-0.4433162385854504,-0.2754885195920836,1,-130.5986680063057
54.86,0.205029,-0.2889045,9.945279900000001,0.3980657225982078,3,-0.4023277275787994,-0.2690679700813829,1,-130.60302445822308
54.891,0.205029,-0.2604555,9.8734707,0.39001586714005043,3,-0.2596727567147647,-0.25685270544044037,1,-130.61117622869367
54.907,0.1661814,-0.2604555,9.898878600000002,0.3827639499703306,3,-0.4532448231075403,-0.250670466903558,1,-130.61523641407243
54.922,0.19011780000000003,-0.24701580000000004,9.898878600000002,0.3756910123185495,3,-0.47152917678538714,-0.24498205468639117,1,-130.61895380798435
54.938,0.19011780000000003,-0.2394621,9.898878600000002,0.36878606041129913,3,-0.43155949420300455,-0.23902623810455037,1,-130.62282587432668
54.954,0.16912439999999998,-0.23200650000000003,9.783611100000002,0.3592256996776566,3,-0.5975225458527237,-0.23320214402383938,1,-130.62660370138371
54.969,0.18864630000000002,-0.21258269999999999,9.8734707,0.35208724284343873,3,-0.47589712228117376,-0.22786729695493096,1,-130.63006172219104
54.985,0.18864630000000002,-0.24397470000000002,9.7851807,0.3429882336183301,3,-0.5686880765693529,-0.22230669314323742,1,-130.63366311411184
55.016,0.15568469999999998,-0.24397470000000002,9.7627158,0.33354932875361953,3,-0.3044808020874489,-0.2118203609264726,1,-130.6403920834499
55.032,0.1781496,-0.2544714,9.7627158,0.3243565372697699,3,-0.5745494677406671,-0.20655711399828608,1,-130.64373910324932
55.047,0.1781496,-0.2934171,9.777627,0.3157780630805469,3,-0.5718982792815098,-0.2017561044956585,1,-130.64680145238802
55.063,0.13469129999999999,-0.2934171,9.7612443,0.3069925127798392,3,-0.5490968937940486,-0.19677393988877373,1,-130.6499896927431
55.079,0.1631403,-0.21709530000000002,9.7612443,0.2983831692976864,3,-0.5380839676346099,-0.19193093443215406,1,-130.65309933173768
55.094,0.1631403,-0.2514303,9.8016615,0.29098922202069843,3,-0.49292981846584427,-0.187510641497266,1,-130.65594514355715
55.11,0.16765290000000002,-0.2604555,9.771642900000002,0.2830514219548199,3,-0.4961125041174621,-0.18291831634546238,1,-130.6589085752199
55.125,0.22455090000000003,-0.2604555,9.8464932,0.2771595574688259,3,-0.3927909657329179,-0.17871673399978488,1,-130.6616208380975
55.157,0.2065986,-0.3083283,9.774684,0.269685326962243,3,-0.23356970333074176,-0.16996721584888874,1,-130.66719978129507
55.172,0.0928026,-0.3083283,9.771642900000002,0.2622767812981852,3,-0.4939030442705011,-0.16597750003693537,1,-130.66971936666422
55.188,0.1586277,-0.23200650000000003,9.771642900000002,0.25501813456644307,3,-0.45366542073373267,-0.16183914071001695,1,-130.6723418997902
55.204,0.1586277,-0.2724237,9.774684,0.24803609476712474,3,-0.43637748745744365,-0.15781470687534885,1,-130.6748991305709
55.235,0.19610190000000002,-0.2425032,9.7447635,0.24049231693610906,3,-0.24334767196825693,-0.150242516493949,1,-130.67967401753313
55.25,0.19610190000000002,-0.2484873,9.8105886,0.23474085825260538,3,-0.38343057890023113,-0.14667826768003353,1,-130.68190092341445
55.266,0.13469129999999999,-0.2724237,9.8136297,0.22919406917015017,3,-0.34667431765348855,-0.1429667882606519,1,-130.68421808386196
55.282,0.1796211,-0.2724237,9.8120601,0.22376184580180514,3,-0.3395139605216021,-0.13934314094087666,1,-130.68647656329557
55.313,0.1870767,-0.21709530000000002,9.8120601,0.21843186615986454,3,-0.1719348271593413,-0.13248913840546947,1,-130.69068996362543
55.329,0.1497006,-0.2829204,9.7821396,0.21252775759279352,3,-0.3690067854419794,-0.1290414614154486,1,-130.692782208424
55.344,0.142245,-0.2694807,9.7821396,0.2067556888068438,3,-0.3848045857299663,-0.12589683556745118,1,-130.6946942456514
55.36,0.142245,-0.24397470000000002,9.8225568,0.2020934593707473,3,-0.29138933975606396,-0.12262604238203081,1,-130.696682428675
55.375,0.1571562,-0.24397470000000002,9.856989900000002,0.1983899499477566,3,-0.2469006281993701,-0.11962241681214192,1,-130.69849929211895
55.407,0.1437165,-0.2784078,9.855518400000001,0.19475814091936172,3,-0.11349403213735261,-0.11333204735826871,1,-130.70222656354568
55.438,0.19757340000000004,-0.2260224,9.8644455,0.1914225971972261,3,-0.10759818458499966,-0.10734624591746045,1,-130.70564707709144
55.454,0.1646118,-0.24701580000000004,9.8225568,0.187144716114787,3,-0.2673675676524728,-0.10431770741096469,1,-130.70734038871808
55.469,0.1646118,-0.2544714,9.821085300000002,0.1829399402510603,3,-0.2803183909151024,-0.10154207248822072,1,-130.70888433706733
55.485,0.142245,-0.2544714,9.8136297,0.17864743753490053,3,-0.2682814197600154,-0.09864937346593336,1,-130.71048586863498
55.5,0.1571562,-0.2544714,9.8136297,0.1744651753196358,3,-0.2788174810176389,-0.09600102886952425,1,-130.7119457466525
55.516,0.1571562,-0.2784078,9.7851807,0.1697072530868109,3,-0.29737013955158875,-0.09324764944227298,1,-130.713459736079
55.532,0.1646118,-0.2784078,9.8046045,0.16554185908206343,3,-0.2603371252967455,-0.0905656565449223,1,-130.7149302425269
55.563,0.18864630000000002,-0.23200650000000003,9.8046045,0.1614591716595335,3,-0.1316995942751339,-0.08549714056842658,1,-130.71765921588215
55.579,0.18864630000000002,-0.2889045,9.839037600000001,0.1583522211677959,3,-0.19418440573362092,-0.08293864942580823,1,-130.7190067022021
55.594,0.1646118,-0.2829204,9.866015100000002,0.15596391878114702,3,-0.15922015910991985,-0.08058127837619106,1,-130.72023310166063
55.61,0.18413369999999998,-0.2829204,9.8405091,0.1530205454950817,3,-0.1839608303791021,-0.07810940266198149,1,-130.72150262710892
55.625,0.1856052,-0.2575125,9.8405091,0.15013262825907603,3,-0.1925278157337045,-0.07583575385882521,1,-130.72265721578282
55.641,0.1856052,-0.2425032,9.855518400000001,0.14767175665478405,3,-0.15380447526826574,-0.07345331877951458,1,-130.72385152836392
55.657,0.16019730000000001,-0.23799060000000002,9.827069400000001,0.14456377416100885,3,-0.19424890586097118,-0.07111543453298849,1,-130.72500807839043
55.688,0.16019730000000001,-0.2514303,9.833053500000002,0.14168564179114895,3,-0.09284297967288224,-0.0666785685857292,1,-130.72714388543878
55.704,0.1526436,-0.2514303,9.7208271,0.13613878700103932,3,-0.34667842438189034,-0.06445597315539194,1,-130.72819296177272
55.719,0.1362609,-0.2649681,9.7208271,0.13073005260792314,3,-0.36058229287439814,-0.06245445685832464,1,-130.72914478999783
55.735,0.1362609,-0.2889045,9.8196138,0.12787800745288536,3,-0.17825282218988123,-0.0603855923778384,1,-130.73012751039172
55.75,0.16166880000000003,-0.2365191,9.788123700000002,0.12430303060082792,3,-0.2383317901371531,-0.05849423459243548,1,-130.731019109094
55.766,0.16765290000000002,-0.2365191,9.7821396,0.12067181290871964,3,-0.22695110575679248,-0.05653443584435931,1,-130.7319393384575
55.797,0.205029,-0.24544620000000003,9.788123700000002,0.11729775547491705,3,-0.10884056238073293,-0.05284590753441308,1,-130.73363473377987
55.813,0.19011780000000003,-0.24544620000000003,9.851005800000001,0.11553159863251139,3,-0.11038480265031714,-0.050983272701553034,1,-130.73446536722176
55.829,0.1571562,-0.3008727,9.851005800000001,0.11383182156827942,3,-0.1062360665145096,-0.0491483653399469,1,-130.7352664203261
55.86,0.1437165,-0.24701580000000004,9.843550200000001,0.11195022119791531,3,-0.060696786140780126,-0.045648743677071016,1,-130.73673577551585
55.875,0.142245,-0.2769363,9.843550200000001,0.11013340553753359,3,-0.12112104402544348,-0.04398311647655509,1,-130.737408014467
55.891,0.16912439999999998,-0.2843919,9.788123700000002,0.10702534938383756,3,-0.19425350960602303,-0.042245846437184306,1,-130.73809784617032
55.907,0.16912439999999998,-0.2365191,9.7911648,0.10403618582919627,3,-0.18682272216510146,-0.040557354155480216,1,-130.73876027177505
55.922,0.17667810000000003,-0.2365191,9.8405091,0.10232615620401475,3,-0.11400197501209698,-0.03900963659023107,1,-130.73935702420565
55.938,0.18109260000000002,-0.24397470000000002,9.8405091,0.10066422849535961,3,-0.10387048179091168,-0.03738571351263553,1,-130.73996818700647
55.954,0.18109260000000002,-0.2738952,9.8240283,0.09866028143519046,3,-0.12524669126058588,-0.03579111743319131,1,-130.74055360165403
55.985,0.18109260000000002,-0.2738952,9.8285409,0.0968152131508937,3,-0.05951833175151062,-0.03276124726710712,1,-130.74161616330687
56.016,0.15421320000000002,-0.2889045,9.8091171,0.0945409572125584,3,-0.07336309478501254,-0.029795226626473728,1,-130.74258578865224
56.032,0.1631403,-0.2889045,9.8240283,0.09268917136802735,3,-0.11573661528320342,-0.02829738559782921,1,-130.74305052955003
56.047,0.1287072,-0.258984,9.8240283,0.09084974315334371,3,-0.12262854764557109,-0.02692084373891887,1,-130.74346466627006
56.063,0.113796,-0.3143124,9.839037600000001,0.08945591700465094,3,-0.08711413429326886,-0.025478398457654428,1,-130.74388386020763
56.079,0.113796,-0.2529999,9.777627,0.08655577418553939,3,-0.18125892619449188,-0.024070304928133057,1,-130.74428024983473
56.094,0.19610190000000002,-0.2529999,9.8165727,0.08470755297456023,3,-0.12321474739860612,-0.022785829974432265,1,-130.7446316708465
56.11,0.1631403,-0.2754648,9.7941078,0.08235681589495059,3,-0.14692106747561892,-0.02144931502347633,1,-130.74498555200648
56.125,0.1646118,-0.2754648,9.7986204,0.0801740184752262,3,-0.14551982798161986,-0.02023033376569995,1,-130.7452981493724
56.141,0.1721655,-0.2664396,9.7986204,0.07804154069401115,3,-0.13327986132595585,-0.018964609292346196,1,-130.74561170891684
56.157,0.1721655,-0.2529999,9.7821396,0.07555061593237866,3,-0.15568279760204745,-0.017735872039335215,1,-130.7459053127675
56.172,0.19610190000000002,-0.2529999,9.7926363,0.07338730947612859,3,-0.14422043041666582,-0.016618837598771363,1,-130.74616297308978
56.188,0.11526750000000001,-0.24701580000000004,9.7926363,0.07124171221110132,3,-0.13409982906416004,-0.015461805425273131,1,-130.74641961823397
56.204,0.1646118,-0.2529999,9.8016615,0.06938938487494006,3,-0.11577045851009103,-0.014336756648584928,1,-130.74665800673057
56.235,0.1646118,-0.2843919,9.8165727,0.0679666985302898,3,-0.04589310789194561,-0.012207737355803952,1,-130.74706944638763
56.25,0.1212516,-0.2843919,9.783611100000002,0.06575977984052628,3,-0.14712791265089617,-0.011204788768022791,1,-130.74724504033355
56.266,0.15421320000000002,-0.2889045,9.783611100000002,0.06362122324859776,3,-0.1336597869955472,-0.01016974074330991,1,-130.74741603656963
56.282,0.15421320000000002,-0.2738952,9.854046900000002,0.06324136962373572,3,-0.0237408515538799,-0.009154840000331357,1,-130.7475706332156
56.297,0.1856052,-0.2738952,9.749178,0.0603276535438404,0,-0.19424773865968084,-0.007728072326574506,1,-130.74769725505803
56.313,0.1796211,-0.2769363,9.749178,0.05748436560217307,0,-0.17770549635414862,-0.006285576173406082,1,-130.74780936424602
56.329,0.1796211,-0.24544620000000003,9.839037600000001,0.056880501590910626,0,-0.037741500703906965,-0.004870657235861511,1,-130.7478986141133
56.344,0.15568469999999998,-0.24544620000000003,9.818044200000001,0.05576961217424525,0,-0.07405929444435537,-0.0035257813826228075,1,-130.74796158740293
56.36,0.15568469999999998,-0.24397470000000002,9.818044200000001,0.054684923462868795,0,-0.0677930444610361,-0.002142145097525994,1,-130.74800693081477
56.375,0.1302768,-0.2499588,9.842078700000002,0.05420730588174649,0,-0.03184117207481897,-0.0008254533774413489,1,-130.74802918780333
56.391,0.20954160000000002,-0.2499588,9.7656588,0.05191182762220947,0,-0.14346739122107957,0.0,1,-130.74803579143034
56.422,0.15421320000000002,-0.29783160000000003,9.7656588,0.04967994766984951,0,-0.07199612749548538,0.0010981722076170521,1,-130.74801876976113
56.438,0.15421320000000002,-0.2499588,9.8285409,0.04900279366348492,0,-0.04232212539777266,0.0013876341382839893,1,-130.74799888331037
56.454,0.1511721,-0.2499588,9.8196138,0.04812336583809085,0,-0.05496423908713571,0.001664643414296509,1,-130.74797446508995
56.469,0.2230794,-0.2604555,9.8196138,0.047305441846200225,0,-0.05452826612603949,0.0018803594719287182,1,-130.7479478775683
56.485,0.2230794,-0.2544714,9.7941078,0.04588191520895535,0,-0.08897041482781456,0.002125858328369883,1,-130.7479158278259
56.5,0.1930608,-0.2544714,9.8120601,0.044915191897946016,0,-0.06444822073395302,0.0023068366316716677,1,-130.7478825826137
56.516,0.1631403,-0.3053853,9.8120601,0.043994215665412284,0,-0.05756101453336461,0.002518111892178454,1,-130.74784398302552
56.532,0.15568469999999998,-0.2604555,9.8120601,0.04306116928199266,0,-0.05831539896373282,0.002714554971757614,1,-130.7478021216906
56.547,0.15568469999999998,-0.2679111,9.8046045,0.0419740205388095,0,-0.07247658287887485,0.0028523188954136538,1,-130.7477603701366
56.563,0.1332198,-0.2679111,9.746235,0.03948233894908704,0,-0.1557300993576018,0.003003969771317041,1,-130.74771351982727
56.594,0.17069399999999998,-0.2200383,9.746235,0.03703645829940605,0,-0.0788993757961639,0.0036900111286686387,1,-130.74760976312334
56.61,0.21258269999999999,-0.2499588,9.833053500000002,0.03680423577618619,0,-0.014513907701242878,0.003780736681273309,1,-130.74754999714085
56.625,0.1721655,-0.23200650000000003,9.833053500000002,0.036547675274015035,0,-0.017104033478076337,0.0038308760141498384,1,-130.74749291004562
56.641,0.1721655,-0.258984,9.8734707,0.03729908696907991,0,0.046963230941559804,0.003921650112094534,1,-130.7474308898366
56.657,0.18864630000000002,-0.258984,9.7866522,0.03592311208715593,0,-0.08599843012025823,0.004007427704544354,1,-130.74736745721407
56.672,0.1631403,-0.2754648,9.7866522,0.03458049266343011,0,-0.08950796158171805,0.004036204740173771,1,-130.74730712997072
56.688,0.17510850000000003,-0.2529999,9.7986204,0.033552639336841494,0,-0.06424083291176683,0.0040812697961761235,1,-130.74724219017443
56.704,0.17510850000000003,-0.24397470000000002,9.818044200000001,0.033017805314914384,0,-0.03342712637044811,0.004113833353390113,1,-130.74717662934924
56.719,0.1212516,-0.24397470000000002,9.8046045,0.03214852780506838,0,-0.057951833989731166,0.004102580851790001,1,-130.7471150062427
56.75,0.19610190000000002,-0.2604555,9.8046045,0.03134031943496396,0,-0.026071237745305006,0.004586657984010464,1,-130.74698032304073
56.766,0.2006145,-0.2634966,9.735738300000001,0.028877330404219137,0,-0.15393681442156834,0.0045683991827238785,1,-130.7469070825834
56.782,0.08829,-0.23347800000000002,9.735738300000001,0.026415105431304653,0,-0.1538890608071722,0.004510738669408022,1,-130.7468344494806
56.797,0.08829,-0.2649681,9.7686999,0.024836200609748005,0,-0.10526032143710588,0.004395123464715933,1,-130.7467676555146
56.813,0.13469129999999999,-0.2649681,9.8764137,0.025934680414843925,0,0.06865498781847207,0.004301290512912802,1,-130.74669808420276
56.829,0.15568469999999998,-0.2798793,9.8764137,0.027023918286337434,0,0.06807736696835182,0.004224959302522209,1,-130.74662987420425
56.844,0.20355750000000003,-0.24701580000000004,9.8285409,0.026919430566408664,0,-0.00696584799525105,0.004129534418917821,1,-130.74656721550133
56.86,0.20355750000000003,-0.2215098,9.7791966,0.02559971776669201,0,-0.08248204998230001,0.00404968760558258,1,-130.74650178172513
56.875,0.1631403,-0.2215098,9.845021700000002,0.02589857833554099,0,0.019924037923264568,0.0039359248263493435,1,-130.74644188963188
56.891,0.11821050000000001,-0.2829204,9.845021700000002,0.026212853068281916,0,0.019642170796310088,0.003852816277579878,1,-130.74637957970305
56.922,0.11821050000000001,-0.24397470000000002,9.8091171,0.025618665952551467,0,-0.01916732631388619,0.004156204822402761,1,-130.746255439876
56.938,0.16166880000000003,-0.24397470000000002,9.783611100000002,0.024432266517431245,0,-0.07414996469498913,0.004056612282162753,1,-130.74618973733917
56.954,0.205029,-0.2798793,9.783611100000002,0.023318044454226694,0,-0.0696388789502921,0.003938614769935976,1,-130.74612577552276
56.969,0.205029,-0.2784078,9.8120601,0.022923421569059244,0,-0.0263081923444957,0.003785425765110637,1,-130.74606784521873
56.985,0.16019730000000001,-0.2784078,9.7701714,0.021496958709645853,0,-0.08915392871334676,0.0036407888073402357,1,-130.74600843550215
57.0,0.1631403,-0.24701580000000004,9.860031000000001,0.022276598545342807,0,0.051975989046461675,0.0034690904867526605,1,-130.74595511140745
57.016,0.1946304,-0.2634966,9.860031000000001,0.023061551138345848,0,0.04905953706269547,0.0033317956842221297,1,-130.74590070431807
57.032,0.1856052,-0.2784078,9.783611100000002,0.02197028567233872,0,-0.06820409162545311,0.003192050378707568,1,-130.74584851354956
57.063,0.1646118,-0.258984,9.783611100000002,0.02088347285870462,0,-0.035058477859157736,0.0033562836359388665,1,-130.74574701437234
57.079,0.1646118,-0.2604555,9.7612443,0.0192788592012203,0,-0.10028835359278115,0.0031775822924182276,1,-130.74569474344491
57.11,0.21101310000000004,-0.2394621,9.764187300000001,0.017793783722385825,0,-0.047905660607565535,0.0032522082577340983,1,-130.7455950816914
57.125,0.21101310000000004,-0.2634966,9.8285409,0.017928687908696617,0,0.008993612420719084,0.003020126794967223,1,-130.7455480391785
57.141,0.16912439999999998,-0.2634966,9.7701714,0.01661763475977196,0,-0.08194082180780007,0.002796497376314941,1,-130.74550150618512
57.157,0.20355750000000003,-0.2709522,9.834525,0.0169282008446352,0,0.019410380303954616,0.0025648640611501696,1,-130.74545861529361
57.172,0.1946304,-0.2798793,9.834525,0.017232880885911683,0,0.02031200275176482,0.0023210721741292826,1,-130.74542197077184
57.188,0.1946304,-0.2858634,9.7821396,0.016257426017654453,0,-0.060965929266056554,0.0020889946293578977,1,-130.7453866902374
57.204,0.1661814,-0.2858634,9.6848244,0.012920800580969782,0,-0.20853908979281485,0.001822420442146868,1,-130.74535539891684
57.219,0.1856052,-0.2559429,9.6848244,0.009653753961124778,0,-0.2178031079896587,0.001491729601212586,1,-130.74533054279152
57.235,0.1856052,-0.2350476,9.833053500000002,0.010067121803357892,0,0.025835490139572495,0.001149496607328433,1,-130.74530941298184
57.266,0.1796211,-0.24103170000000002,9.771642900000002,0.008974114103843078,0,-0.035258312887576006,0.0009446357638900364,1,-130.74527695393007
57.282,0.1796211,-0.287433,9.833053500000002,0.009435276646691193,0,0.028822658928010347,0.0005919108898942943,1,-130.74526466155683
57.297,0.1721655,-0.287433,9.8704296,0.010793025866004058,0,0.09051661462085422,0.00024362315873951643,1,-130.74525839505148
57.313,0.1287072,-0.2544714,9.774684,0.009745179367156354,0,-0.06549040617795965,0.0,1,-130.7452564460662
57.329,0.19757340000000004,-0.2604555,9.774684,0.00875475253166691,0,-0.06190167721809708,5.5928255795419796e-05,1,-130.74525599864018
57.344,0.19757340000000004,-0.258984,9.7956774,0.008299280020619193,0,-0.030364834069846615,0.0,1,-130.74525557917826
57.36,0.205029,-0.258984,9.8375661,0.008879749100687562,0,0.03627931750427704,0.0,1,-130.74525557917826
57.375,0.11978010000000001,-0.2784078,9.8375661,0.009424685789298337,0,0.03632911257405032,0.0,1,-130.74525557917826
57.391,0.11978010000000001,-0.24103170000000002,9.827069400000001,0.009676353040681818,0,0.015729203211469266,0.00011135730522273193,1,-130.74525468831982
57.407,0.11978010000000001,-0.24103170000000002,9.806076000000001,0.00941004027558101,0,-0.016644547818802258,0.0,1,-130.74525379746137
57.422,0.1497006,-0.24701580000000004,9.806076000000001,0.009163876840306173,0,-0.016410895684988554,0.0,1,-130.74525379746137
57.454,0.1497006,-0.23347800000000002,9.854046900000002,0.010085187695906939,0,0.028790964237520696,0.00021133786270141966,1,-130.74525041605557
57.469,0.1377324,-0.23347800000000002,9.830012400000001,0.010393786781072833,0,0.02057327234439221,0.0,1,-130.7452488310216
57.485,0.1302768,-0.2843919,9.8644455,0.011564485669591562,0,0.0731686805324286,4.059635088406524e-05,1,-130.7452485062508
57.5,0.16765290000000002,-0.2260224,9.8644455,0.01268357609508719,0,0.07460602836637237,0.0,1,-130.74524820177817
57.516,0.16765290000000002,-0.2679111,9.8225568,0.012779789177296053,0,0.006013317638054568,0.0,1,-130.74524820177817
57.532,0.20954160000000002,-0.2679111,9.803133,0.01241979435962115,0,-0.022499676104683876,0.00012776040459351948,1,-130.74524717969493
57.547,0.1661814,-0.2559429,9.803133,0.012040529178536374,0,-0.025284345405650763,0.0,1,-130.7452462214919
57.563,0.1032993,-0.290376,9.8016615,0.0116369619509058,0,-0.02522295172690249,6.327601653095816e-07,1,-130.74524621642982
57.579,0.15568469999999998,-0.23347800000000002,9.8016615,0.011223042236387926,0,-0.02586998215736998,0.0,1,-130.74524621136774
57.594,0.15568469999999998,-0.290376,9.800091900000002,0.010818023359377094,0,-0.02700125846738778,0.0,1,-130.74524621136774
57.61,0.19610190000000002,-0.2350476,9.8046045,0.010514420074283493,0,-0.018975205318352152,1.9480333101146163e-05,1,-130.7452460555251
57.625,0.18864630000000002,-0.2350476,9.7895952,0.009848748148892028,0,-0.04437812835942928,0.0,1,-130.74524590942258
57.657,0.21856680000000003,-0.2724237,9.7895952,0.009238096504979865,0,-0.01908286387225721,0.0,1,-130.74524590942258
57.672,0.21856680000000003,-0.24397470000000002,9.774684,0.008260564724480446,0,-0.06516878536662545,0.00010883356845784245,1,-130.7452450931708
57.688,0.1002582,-0.24397470000000002,9.845021700000002,0.008974770751832395,0,0.04463787670948191,0.0,1,-130.74524422250227
57.704,0.1721655,-0.2724237,9.845021700000002,0.009714001434803166,0,0.04620191768567825,0.0,1,-130.74524422250227
57.719,0.1721655,-0.3053853,9.8240283,0.009947071037789357,0,0.015537973532412156,4.368447330590705e-05,1,-130.7452438948687
57.735,0.1317483,-0.3053853,9.7791966,0.009066390091488685,0,-0.055042559143798034,0.0,1,-130.74524354539292
57.75,0.2274939,-0.22455090000000003,9.7791966,0.008196668423956055,0,-0.05798144450217315,0.0,1,-130.74524354539292
57.766,0.2274939,-0.2634966,9.843550200000001,0.008940461670391642,0,0.04648707790222929,0.0,1,-130.74524354539292
57.782,0.2080701,-0.2829204,9.827069400000001,0.009267064792542357,0,0.020412695134421927,0.00010802235366417709,1,-130.7452426812141
57.797,0.10477080000000001,-0.2829204,9.8375661,0.009801517286744499,0,0.03563016628014146,0.0,1,-130.74524187104646
57.813,0.1377324,-0.2889045,9.8136297,0.00975357290749379,0,-0.0029965237031682732,0.0,1,-130.74524187104646
57.829,0.1377324,-0.2889045,9.8136297,0.009706797903346498,0,-0.0029234377592061043,6.316040729949582e-05,1,-130.7452413657632
57.86,0.1466595,-0.2365191,9.7821396,0.008862387596421328,0,-0.02723904215887749,0.0,1,-130.74524038677689
57.875,0.1466595,-0.21709530000000002,9.800091900000002,0.008465296836019931,0,-0.026472717360092154,0.0,1,-130.74524038677689
57.891,0.16912439999999998,-0.21709530000000002,9.800091900000002,0.008086715659548105,0,-0.023661323529491737,0.00011335651575372988,1,-130.74523947992475
57.907,0.1661814,-0.2948886,9.800091900000002,0.007765678923112418,0,-0.020064796027232646,0.0,1,-130.7452385730726
57.922,0.1661814,-0.2140542,9.8704296,0.009116205965545632,0,0.09003513616221084,0.0,1,-130.7452385730726
57.938,0.1107549,-0.2934171,9.8091171,0.00896990704804601,0,-0.009143682343723258,1.147871318872215e-05,1,-130.7452384812429
57.954,0.1571562,-0.2934171,9.7971489,0.008550884094251643,0,-0.02618893461215088,0.0,1,-130.74523838941317
57.969,0.1571562,-0.2499588,9.7971489,0.008112702299300167,0,-0.02921211966343059,0.0,1,-130.74523838941317
57.985,0.1571562,-0.21101310000000004,9.8165727,0.008136450715223731,0,0.0014842759952228804,0.0,1,-130.74523838941317
58.016,0.1497006,-0.21101310000000004,9.7686999,0.006989556803686625,0,-0.03699657779152096,0.00014106828093800663,1,-130.7452362028548
58.032,0.1930608,-0.24397470000000002,9.7686999,0.005907895945387764,0,-0.06760380364368625,0.0,1,-130.74523507430857
58.047,0.1930608,-0.2709522,9.777627,0.005087557634720241,0,-0.054689220711166144,0.0,1,-130.74523507430857
58.063,0.1631403,-0.2918475,9.877983300000002,0.006734900750830164,0,0.10295894475683579,0.0,1,-130.74523507430857
58.079,0.1631403,-0.2754648,9.7971489,0.006360069264312429,0,-0.023426967907361013,2.6053231986965936e-05,1,-130.7452348658827
58.094,0.1437165,-0.24701580000000004,9.8734707,0.007829193009612823,0,0.09794158302002252,0.0,1,-130.74523467048346
58.125,0.1990449,-0.24701580000000004,9.7956774,0.007389486072741036,0,-0.014184094737800112,0.0,1,-130.74523467048346
58.141,0.19011780000000003,-0.2499588,9.7956774,0.00695800078116271,0,-0.02696783072364836,0.0,1,-130.74523467048346
58.157,0.19011780000000003,-0.261927,9.8255979,0.007274033980499084,0,0.019752074958525555,9.699839774238508e-05,1,-130.74523389449627
58.172,0.1511721,-0.261927,9.8105886,0.0071999632895227705,0,-0.00493804606508737,0.0,1,-130.74523316700828
58.188,0.173637,-0.2559429,9.8105886,0.00713291479484468,0,-0.0041905309173792425,0.0,1,-130.74523316700828
58.204,0.173637,-0.2080701,9.8255979,0.0074058420838643,0,0.017057955563728123,0.0,1,-130.74523316700828
58.219,0.11673900000000001,-0.2080701,9.7297542,0.00531465773847728,0,-0.13941228969246275,3.193020563975815e-05,1,-130.74523292753173
58.235,0.1466595,-0.2215098,9.855518400000001,0.006357877728003558,0,0.06520124934539957,0.0,1,-130.74523267209008
58.25,0.21709530000000002,-0.2365191,9.8405091,0.007049959554777274,0,0.04613878845157932,0.0,1,-130.74523267209008
58.266,0.1661814,-0.2365191,9.7582032,0.005694401439450658,0,-0.08472238220792283,0.0,1,-130.74523267209008
58.282,0.16765290000000002,-0.30685680000000004,9.7582032,0.004420257964666163,0,-0.0796339671740397,0.0,1,-130.74523267209008
58.297,0.16765290000000002,-0.2754648,9.8225568,0.004723108611145221,0,0.02019004309860311,0.0,1,-130.74523267209008
58.329,0.18266220000000002,-0.2754648,9.8794548,0.006412072673848357,0,0.05278012695946708,0.00015547958205770415,1,-130.74523018441678
58.344,0.11978010000000001,-0.261927,9.8794548,0.008027402200955436,0,0.10768863514046785,0.0,1,-130.74522901831992
58.36,0.11978010000000001,-0.23799060000000002,9.7686999,0.0068882221524351195,0,-0.07119875303252761,0.0,1,-130.74522901831992
58.375,0.17667810000000003,-0.2529999,9.821085300000002,0.007084130429836577,0,0.013060551826763342,0.0,1,-130.74522901831992
58.391,0.17667810000000003,-0.2843919,9.8046045,0.00689445995821103,0,-0.011854404476597998,9.97220059172528e-05,1,-130.74522822054388
58.407,0.15568469999999998,-0.2544714,9.7956774,0.006463064522232997,0,-0.026962214748630003,0.0,1,-130.74522742276784
58.438,0.17510850000000003,-0.2544714,9.803133,0.0062319398349117705,0,-0.007455635074876866,0.0,1,-130.74522742276784
58.454,0.16765290000000002,-0.2604555,9.803133,0.006007106208389956,0,-0.014052101657614939,1.2671376429761183e-06,1,-130.74522741263073
58.469,0.16765290000000002,-0.2738952,9.8091171,0.0059425609842129745,0,-0.004303014945131952,0.0,1,-130.7452274031272
58.485,0.13469129999999999,-0.2738952,9.8016615,0.005685450627170852,0,-0.016069397315134452,0.0,1,-130.7452274031272
58.5,0.1466595,-0.2529999,9.8016615,0.005425107119583217,0,-0.017356233839174996,0.0,1,-130.7452274031272
58.516,0.1466595,-0.2544714,9.855518400000001,0.006485038930710729,0,0.06624573819547683,0.0,1,-130.7452274031272
58.547,0.19610190000000002,-0.2679111,9.788123700000002,0.005905926235074688,0,-0.018681054697937544,5.4584046051232155e-05,1,-130.7452265570745
58.563,0.19610190000000002,-0.2664396,9.821085300000002,0.0061434433467262295,0,0.014844819478216403,0.0,1,-130.74522612040212
58.579,0.12272310000000002,-0.2709522,9.8809263,0.0078080133904911975,0,0.10403562773532196,0.0,1,-130.74522612040212
58.594,0.1466595,-0.2709522,9.830012400000001,0.008198742586040808,0,0.02604861303663972,0.0,1,-130.74522612040212
58.61,0.1302768,-0.3008727,9.830012400000001,0.008595530873659385,0,0.024799267976163785,1.6995514104983095e-05,1,-130.745225984438
58.641,0.1287072,-0.23053500000000002,9.8255979,0.008828155498529,0,0.0075040201570846475,0.0,1,-130.74522572100753
58.657,0.20355750000000003,-0.2679111,9.8255979,0.009109071283976533,0,0.017557236590472747,0.0,1,-130.74522572100753
58.672,0.20355750000000003,-0.2529999,9.8165727,0.009153493731375306,0,0.002961496493251428,6.752970474905792e-05,1,-130.74522521453474
58.688,0.1332198,-0.2529999,9.7552602,0.007672630335594732,0,-0.09255396223625496,0.0,1,-130.7452246742971
58.719,0.19011780000000003,-0.24103170000000002,9.7552602,0.006243485430092122,0,-0.04610144856460212,0.0,1,-130.7452246742971
58.735,0.1796211,-0.2738952,9.8464932,0.007089445590532151,0,0.05287251002750764,2.4501939817980073e-05,1,-130.74522447828159
58.766,0.1526436,-0.2694807,9.7851807,0.006406024323263537,0,-0.022045847331246447,0.0,1,-130.74522409850152
58.782,0.1511721,-0.2634966,9.7851807,0.00573474203511104,0,-0.04195514300953569,0.0,1,-130.74522409850152
58.797,0.20208600000000002,-0.2365191,9.7821396,0.005011298031385891,0,-0.04822960024834143,0.0,1,-130.74522409850152
58.829,0.1856052,-0.2274939,9.7821396,0.004292318912209936,0,-0.02246809747424609,6.02610259450749e-05,1,-130.7452231343251
58.844,0.18864630000000002,-0.261927,9.8105886,0.004306794555244409,0,0.0009650428689648165,0.0,1,-130.7452226823674
58.86,0.1437165,-0.258984,9.8105886,0.004300459107517085,0,-0.0003959654829577711,0.0,1,-130.7452226823674
58.891,0.1437165,-0.258984,9.7941078,0.0038924908266615432,0,-0.013160267124372824,0.0,1,-130.7452226823674
58.907,0.1482291,-0.2215098,9.7656588,0.0027800811727836106,0,-0.06952560336737845,0.0,1,-130.7452226823674
58.922,0.1646118,-0.2215098,9.7686999,0.0017753447735877614,0,-0.06698242661305406,0.0,1,-130.7452226823674
58.938,0.1930608,-0.2200383,9.7686999,0.0008070008522480521,0,-0.06052149508371162,0.0,1,-130.7452226823674
58.954,0.1930608,-0.2514303,9.8151012,0.0010118890508419298,0,0.01280551241211877,0.0,1,-130.7452226823674
58.969,0.16765290000000002,-0.2514303,9.8151012,0.0012003982876294117,0,0.012567282452498316,0.0,1,-130.7452226823674
58.985,0.1586277,-0.3008727,9.8151012,0.0014145634686482111,0,0.01338532381367644,0.0,1,-130.7452226823674
59.0,0.1586277,-0.2544714,9.8615025,0.002722718657429013,0,0.08721034591871682,1.1900750091924789e-05,1,-130.74522259311178
59.016,0.11673900000000001,-0.2559429,9.8524773,0.003765600652879897,0,0.06518012471568742,0.0,1,-130.7452224979058
59.047,0.11673900000000001,-0.2634966,9.860031000000001,0.004972058984824557,0,0.038918010707893747,0.0,1,-130.7452224979058
59.063,0.1466595,-0.2425032,9.7507476,0.0034813658694812233,0,-0.09316831970892722,0.0,1,-130.7452224979058
59.079,0.1646118,-0.2425032,9.843550200000001,0.004296482757604636,0,0.05094480550771891,0.0,1,-130.7452224979058
59.094,0.1781496,-0.23347800000000002,9.843550200000001,0.005092145244031343,0,0.05304416576177846,0.0,1,-130.7452224979058
59.11,0.1781496,-0.2829204,9.856989900000002,0.006227625512295276,0,0.07096751676650363,0.0,1,-130.7452224979058
59.125,0.1856052,-0.2829204,9.8464932,0.007082898300946994,0,0.05701818591011234,8.989302147214759e-05,1,-130.74522182370814
59.141,0.20954160000000002,-0.2499588,9.8464932,0.007907276815100062,0,0.05152365713457242,0.0,1,-130.74522110456397
59.157,0.20954160000000002,-0.2664396,9.8120601,0.007882750413997996,0,-0.0015329000688792417,0.0,1,-130.74522110456397
59.172,0.1406754,-0.2664396,9.845021700000002,0.008632426495447376,0,0.049978405429956754,0.0,1,-130.74522110456397
59.188,0.15568469999999998,-0.23053500000000002,9.845021700000002,0.0093472318333081,0,0.04467533361628036,0.00010383573368421758,1,-130.7452202738781
59.204,0.1437165,-0.1930608,9.834525,0.00976456895301503,0,0.026083569981685914,0.0,1,-130.7452194431922
