timestamps,acc_x,acc_y,acc_z,aAcc,aStages,aJerk,aVelocity,avStages,aHeight
0.046,0.19757340000000004,-0.4311495000000001,9.8120601,-0.008542172483458899,0,0.0,0.0,0,0.0
0.062,0.19757340000000004,-0.3338343,9.8016615,-0.008888033578450916,0,-0.02161631843700107,0.0,0,0.0
0.078,0.1915893,-0.3338343,9.827069400000001,-0.008609125397059714,0,0.017431761336950125,0.0,0,0.0
0.093,0.1511721,-0.40868460000000006,9.827069400000001,-0.008285286391895852,0,0.021589267010924118,0.0,0,0.0
0.109,0.1511721,-0.36669779999999996,9.7732125,-0.009322218915741587,0,-0.06480828274035844,-4.6987051177629804e-05,0,-3.7589640942103845e-07
0.125,0.15421320000000002,-0.36669779999999996,9.842078700000002,-0.008654419075094566,0,0.04173749004043881,0.0,0,-7.517928188420769e-07
0.14,0.13469129999999999,-0.4056435,9.842078700000002,-0.007972651267063924,0,0.045451187202042775,0.0,0,-7.517928188420769e-07
0.156,0.13469129999999999,-0.4056435,9.842078700000002,-0.007307511942155287,0,0.041571207806789835,0.0,0,-7.517928188420769e-07
0.171,0.13469129999999999,-0.3817071,9.8524773,-0.00642851639551445,0,0.0585997031093891,-4.076470087678455e-05,0,-1.0575280754179613e-06
0.187,0.1482291,-0.4056435,9.8136297,-0.006489506630556363,0,-0.0038118896901195884,0.0,0,-1.3836456824322374e-06
0.203,0.1661814,-0.40868460000000006,9.8136297,-0.006538927723267918,0,-0.0030888182944721594,0.0,0,-1.3836456824322374e-06
0.218,0.1661814,-0.40868460000000006,9.8136297,-0.006587143423475439,0,-0.0032143800138347495,0.0,0,-1.3836456824322374e-06
0.234,0.1661814,-0.40711500000000006,9.7971489,-0.007037339883789073,0,-0.028137278769602123,0.0,0,-1.3836456824322374e-06
0.25,0.1661814,-0.40711500000000006,9.827069400000001,-0.006747519364720844,0,0.01811378244176433,-6.605663396271576e-05,0,-1.912098754133963e-06
0.265,0.21101310000000004,-0.40417200000000003,9.827069400000001,-0.006446764117965742,0,0.020050349783673465,0.0,0,-2.407523508854332e-06
0.281,0.21101310000000004,-0.39220380000000005,9.854046900000002,-0.005507844924348859,0,0.05868244960105512,0.0,0,-2.407523508854332e-06
0.296,0.21709530000000002,-0.39220380000000005,9.8046045,-0.005793267089368115,0,-0.019028144334617098,0.0,0,-2.407523508854332e-06
0.312,0.2200383,-0.3427614,9.8046045,-0.006115284383033881,0,-0.020126080854110367,0.0,0,-2.407523508854332e-06
0.328,0.2200383,-0.40417200000000003,9.8464932,-0.005351893304442967,0,0.047711942411932065,-3.241480580329012e-05,0,-2.666841955280653e-06
0.343,0.2065986,-0.3891627,9.8240283,-0.005176323237165548,0,0.011704671151827965,0.0,0,-2.909952998805329e-06
0.359,0.1946304,-0.4221243,9.851005800000001,-0.004320575231165691,0,0.05348425037499119,0.0,0,-2.909952998805329e-06
0.375,0.1946304,-0.39671639999999997,9.8151012,-0.004386266620448609,0,-0.004105711830182376,0.0,0,-2.909952998805329e-06
0.39,0.1571562,-0.39671639999999997,9.7926363,-0.005014125486168197,0,-0.04185725771463918,0.0,0,-2.909952998805329e-06
0.406,0.1571562,-0.39671639999999997,9.7926363,-0.005626670721017746,0,-0.03828407717809675,0.0,0,-2.909952998805329e-06
0.421,0.11673900000000001,-0.4116276,9.7926363,-0.00622305245092214,0,-0.03975878199362637,-1.508586671581432e-06,0,-2.9212673988421896e-06
0.437,0.11673900000000001,-0.4221243,9.827069400000001,-0.005955004228249905,0,0.016753013917014656,0.0,0,-2.933336092214841e-06
0.453,0.18109260000000002,-0.4221243,9.783611100000002,-0.0067285308240983,0,-0.048345412240524646,0.0,0,-2.933336092214841e-06
0.468,0.18413369999999998,-0.3847482,9.783611100000002,-0.007519360532331376,0,-0.0527219805488717,0.0,0,-2.933336092214841e-06
0.484,0.1332198,-0.3876912,9.8016615,-0.00786832422000927,0,-0.021810230479868464,0.0,0,-2.933336092214841e-06
0.5,0.1332198,-0.4221243,9.843550200000001,-0.007153476083132659,0,0.044678008554788165,-5.0536386140826676e-05,0,-3.337627181341455e-06
0.515,0.17510850000000003,-0.4221243,9.831582000000001,-0.006731671892058699,0,0.028120279404930646,0.0,0,-3.7166500773976553e-06
0.531,0.1870767,-0.4027005000000001,9.831582000000001,-0.006334636410521455,0,0.024814717596077764,0.0,0,-3.7166500773976553e-06
0.546,0.1870767,-0.3338343,9.8255979,-0.0061559881859931664,0,0.011909881635219211,0.0,0,-3.7166500773976553e-06
0.562,0.2200383,-0.3338343,9.7926363,-0.006768329567275799,0,-0.03827133633016452,0.0,0,-3.7166500773976553e-06
0.578,0.20208600000000002,-0.36826739999999997,9.7926363,-0.007345084508251887,0,-0.03604718381100568,-6.918700147963593e-05,0,-4.270146089234739e-06
0.593,0.20208600000000002,-0.4101561,9.848062800000001,-0.00651680326001447,0,0.05521874988249441,0.0,0,-4.7890486003320085e-06
0.609,0.2065986,-0.4101561,9.800091900000002,-0.006875188298929302,0,-0.022399064932177006,0.0,0,-4.7890486003320085e-06
0.625,0.1930608,-0.39220380000000005,9.800091900000002,-0.007249463681194612,0,-0.023392211391581853,0.0,0,-4.7890486003320085e-06
0.64,0.1930608,-0.40113090000000007,9.8091171,-0.007385906053940516,0,-0.009096158183060265,-3.0495810676893845e-06,0,-4.811920458339679e-06
0.656,0.2006145,-0.39818790000000004,9.7791966,-0.008247262183990856,0,-0.05383475812814615,0.0,0,-4.8363171068811935e-06
0.671,0.1870767,-0.39818790000000004,9.8285409,-0.007891838485639013,0,0.023694913223456123,0.0,0,-4.8363171068811935e-06
0.687,0.1796211,-0.37866600000000006,9.8285409,-0.007567272071469233,0,0.020285400885611243,0.0,0,-4.8363171068811935e-06
0.703,0.1796211,-0.38023560000000006,9.877983300000002,-0.006044329861339293,0,0.09518388813312187,0.0,0,-4.8363171068811935e-06
0.718,0.205029,-0.38023560000000006,9.854046900000002,-0.005129733899368105,0,0.060973064131412444,-6.55293601180048e-05,0,-5.32778730776623e-06
0.734,0.17069399999999998,-0.37866600000000006,9.854046900000002,-0.004254868490887631,0,0.054679088030029584,0.0,0,-5.852022188710269e-06
0.75,0.17069399999999998,-0.37866600000000006,9.854046900000002,-0.0034013412631015427,0,0.053345451736630474,0.0,0,-5.852022188710269e-06
0.765,0.1466595,-0.34580249999999996,9.855518400000001,-0.0025716406072824327,0,0.05531337705460729,0.0,0,-5.852022188710269e-06
0.781,0.16765290000000002,-0.43262100000000003,9.855518400000001,-0.0016704709622175073,0,0.05632310281655779,0.0,0,-5.852022188710269e-06
0.796,0.16765290000000002,-0.42957990000000007,9.7417224,-0.0035669656136256833,0,-0.12643297676054496,0.0,0,-5.852022188710269e-06
0.812,0.16765290000000002,-0.42957990000000007,9.7417224,-0.005417204297927469,0,-0.11563991776886152,0.0,0,-5.852022188710269e-06
0.828,0.1631403,-0.41908320000000004,9.856989900000002,-0.004426874885458787,0,0.06189558827929302,0.0,0,-5.852022188710269e-06
0.843,0.1631403,-0.41908320000000004,9.856989900000002,-0.003460699848904625,0,0.06441166910361075,-2.965369144190648e-05,0,-6.0744248745245675e-06
0.859,0.1511721,-0.3562992,9.856989900000002,-0.0025829145788343055,0,0.054861579379394905,0.0,0,-6.311654406059819e-06
0.875,0.1946304,-0.37866600000000006,9.8285409,-0.002380870730398499,0,0.012627740527237908,0.0,0,-6.311654406059819e-06
0.89,0.20954160000000002,-0.37268190000000007,9.8285409,-0.0021818574833467608,0,0.013267549803449193,0.0,0,-6.311654406059819e-06
0.906,0.20954160000000002,-0.37268190000000007,9.8285409,-0.0019876982179294345,0,0.012134954088582884,0.0,0,-6.311654406059819e-06
0.921,0.20954160000000002,-0.39220380000000005,9.8076456,-0.0022888848712891985,0,-0.020079110223984252,0.0,0,-6.311654406059819e-06
0.937,0.21101310000000004,-0.39220380000000005,9.749178,-0.004006519015360865,0,-0.10735213400447909,0.0,0,-6.311654406059819e-06
0.953,0.1946304,-0.3817071,9.749178,-0.005700715523371258,0,-0.10588728175065018,0.0,0,-6.311654406059819e-06
0.968,0.1946304,-0.39220380000000005,9.8240283,-0.005519645844010768,0,0.01207131195736602,0.0,0,-6.311654406059819e-06
0.984,0.21856680000000003,-0.40113090000000007,9.7656588,-0.006744045786104991,0,-0.07652499638088887,-2.7647520419466637e-05,1,-6.5328345694155525e-06
1.0,0.1497006,-0.40113090000000007,9.843550200000001,-0.00607223886072461,0,0.04198793283627374,0.0,1,-6.754014732771286e-06
1.015,0.18109260000000002,-0.41309910000000005,9.843550200000001,-0.005391904448908136,0,0.045355627454431925,0.0,1,-6.754014732771286e-06
1.031,0.18109260000000002,-0.3996594,9.8091171,-0.005580678182376175,0,-0.011798358341752458,0.0,1,-6.754014732771286e-06
1.046,0.1392039,-0.3996594,9.7911648,-0.006218965223947492,0,-0.04255246943808745,0.0,1,-6.754014732771286e-06
1.062,0.17667810000000003,-0.42506730000000004,9.7911648,-0.006800882678899001,0,-0.03636984093446923,0.0,1,-6.754014732771286e-06
1.078,0.17667810000000003,-0.4027005000000001,9.8464932,-0.006043521178201061,0,0.04733509379362118,-9.935087309362323e-05,1,-7.5488217175202726e-06
1.093,0.1946304,-0.4027005000000001,9.8165727,-0.0060253987496032835,0,0.00120816190651852,0.0,1,-8.293953265722442e-06
1.109,0.19011780000000003,-0.40417200000000003,9.8165727,-0.0060083995261397405,0,0.001062451466471436,0.0,1,-8.293953265722442e-06
1.125,0.19011780000000003,-0.3771945,9.8225568,-0.0058721572892164176,0,0.008515139807707676,0.0,1,-8.293953265722442e-06
1.14,0.17667810000000003,-0.37866600000000006,9.8809263,-0.004321605640502213,0,0.10337010991428099,0.0,1,-8.293953265722442e-06
1.156,0.18266220000000002,-0.37866600000000006,9.834525,-0.003936931903542273,0,0.0240421085599962,-2.370413560619407e-05,1,-8.483586350571995e-06
1.171,0.1781496,-0.36669779999999996,9.834525,-0.0035747097950018514,0,0.02414814056936127,0.0,1,-8.661367367618451e-06
1.187,0.1781496,-0.43556400000000006,9.856989900000002,-0.0026055811525047545,0,0.0605705401560685,0.0,1,-8.661367367618451e-06
1.203,0.1631403,-0.43556400000000006,9.7806681,-0.0035258425779289837,0,-0.057516339089014275,0.0,1,-8.661367367618451e-06
1.218,0.2006145,-0.36375480000000004,9.7806681,-0.0044781745674633555,0,-0.06348879930229187,0.0,1,-8.661367367618451e-06
1.234,0.2006145,-0.42957990000000007,9.866015100000002,-0.003263019949599766,0,0.07594716361647429,0.0,1,-8.661367367618451e-06
1.25,0.1946304,-0.42957990000000007,9.8046045,-0.0035765239237939284,0,-0.01959399838713514,0.0,1,-8.661367367618451e-06
1.265,0.18266220000000002,-0.39220380000000005,9.8046045,-0.0039261552105074315,0,-0.02330875244756703,0.0,1,-8.661367367618451e-06
1.281,0.18266220000000002,-0.3847482,9.8076456,-0.004200353680340996,0,-0.01713740436459775,0.0,1,-8.661367367618451e-06
1.296,0.18413369999999998,-0.40417200000000003,9.8495343,-0.00342752446181116,0,0.05152194790198862,-3.3702452183084416e-05,1,-8.914135758991586e-06
1.312,0.1721655,-0.40417200000000003,9.8151012,-0.0035178138534561754,0,-0.0056430869778134555,0.0,1,-9.183755376456262e-06
1.328,0.21258269999999999,-0.347274,9.8151012,-0.0036396718665816508,0,-0.007616125820342205,0.0,1,-9.183755376456262e-06
1.343,0.21258269999999999,-0.4027005000000001,9.759674700000001,-0.005057364507599971,0,-0.09451284273455528,0.0,1,-9.183755376456262e-06
1.359,0.2006145,-0.4027005000000001,9.8524773,-0.004185552459572861,0,0.054488253001694305,0.0,1,-9.183755376456262e-06
1.375,0.17510850000000003,-0.38621970000000005,9.8524773,-0.0033629320050323486,0,0.05141377840878198,0.0,1,-9.183755376456262e-06
1.39,0.17510850000000003,-0.3996594,9.845021700000002,-0.0027289802875447577,0,0.04226344783250633,0.0,1,-9.183755376456262e-06
1.406,0.16019730000000001,-0.3996594,9.8151012,-0.002845747371365448,0,-0.007297942738793133,0.0,1,-9.183755376456262e-06
1.421,0.18266220000000002,-0.36973890000000004,9.8151012,-0.002978681932459537,0,-0.008862304072939198,0.0,1,-9.183755376456262e-06
1.437,0.18266220000000002,-0.37866600000000006,9.7895952,-0.0037216066598055875,0,-0.04643279545912811,-3.365672070852928e-05,1,-9.453009142124496e-06
1.453,0.18266220000000002,-0.37866600000000006,9.7895952,-0.0044464112718500814,0,-0.04530028825278083,0.0,1,-9.72226290779273e-06
1.468,0.2394621,-0.3652263,9.8151012,-0.00451465948121843,0,-0.004549880624556627,0.0,1,-9.72226290779273e-06
1.484,0.23347800000000002,-0.40113090000000007,9.8151012,-0.004550603839305722,0,-0.002246522380455749,0.0,1,-9.72226290779273e-06
1.5,0.23347800000000002,-0.3771945,9.842078700000002,-0.003951476046035296,0,0.03744548707940162,0.0,1,-9.72226290779273e-06
1.515,0.1990449,-0.3771945,9.834525,-0.003569460580706618,0,0.025467697688578685,0.0,1,-9.72226290779273e-06
1.531,0.1990449,-0.3771945,9.834525,-0.003196762565751854,0,0.023293625934672747,0.0,1,-9.72226290779273e-06
1.546,0.2260224,-0.3936753,9.834525,-0.0028032109579534392,0,0.026236773853227428,0.0,1,-9.72226290779273e-06
1.562,0.2260224,-0.40868460000000006,9.842078700000002,-0.0022203116304364556,0,0.03643120796981144,-2.4724324638493445e-06,1,-9.742042367503526e-06
1.578,0.173637,-0.37866600000000006,9.839037600000001,-0.001780908044802132,0,0.027462724102145206,0.0,1,-9.76182182721432e-06
1.593,0.173637,-0.37866600000000006,9.839037600000001,-0.0013522216197934256,0,0.02857909500058061,0.0,1,-9.76182182721432e-06
1.609,0.17510850000000003,-0.3936753,9.8405091,-0.000883144679081127,0,0.02931730879451863,0.0,1,-9.76182182721432e-06
1.625,0.17510850000000003,-0.40868460000000006,9.8136297,-0.0010655240725174764,0,-0.011398712089771824,0.0,1,-9.76182182721432e-06
1.64,0.1661814,-0.40868460000000006,9.7627158,-0.002487780380379334,0,-0.09481708719079114,0.0,1,-9.76182182721432e-06
1.656,0.1661814,-0.36973890000000004,9.7627158,-0.00391318152443354,0,-0.08908757150338778,0.0,1,-9.76182182721432e-06
1.671,0.1661814,-0.40868460000000006,9.8225568,-0.003807925159110326,0,0.0070170910215475515,0.0,1,-9.76182182721432e-06
1.687,0.1796211,-0.40868460000000006,9.7956774,-0.004354389100726053,0,-0.0341539963509829,0.0,1,-9.76182182721432e-06
1.703,0.20355750000000003,-0.4027005000000001,9.7956774,-0.004882156453417608,0,-0.032985459543222156,0.0,1,-9.76182182721432e-06
1.718,0.20355750000000003,-0.4311495000000001,9.8674866,-0.0036181636254362104,0,0.0842661885320937,0.0,1,-9.76182182721432e-06
1.734,0.23053500000000002,-0.4311495000000001,9.834525,-0.0031734971679071577,0,0.027791653595565766,0.0,1,-9.76182182721432e-06
1.75,0.23347800000000002,-0.43262100000000003,9.834525,-0.0027364107859462194,0,0.02731789887255862,-3.177455059663603e-05,1,-1.001601823198741e-05
1.765,0.18864630000000002,-0.4340925,9.839037600000001,-0.002221908066598388,0,0.034300181289855645,0.0,1,-1.0254327361462177e-05
1.781,0.18864630000000002,-0.4340925,9.839037600000001,-0.0017199541940637886,0,0.031372117033412444,0.0,1,-1.0254327361462177e-05
1.796,0.24103170000000002,-0.4340925,9.7956774,-0.0022585939085200124,0,-0.03590931429708129,0.0,1,-1.0254327361462177e-05
1.812,0.1990449,-0.39220380000000005,9.7956774,-0.002850114653302427,0,-0.03697004654890087,0.0,1,-1.0254327361462177e-05
1.828,0.1990449,-0.4101561,9.834525,-0.002462812315801699,0,0.02420639609379547,0.0,1,-1.0254327361462177e-05
1.843,0.19011780000000003,-0.4101561,9.7821396,-0.003365597458355296,0,-0.0601856761702402,0.0,1,-1.0254327361462177e-05
1.859,0.17069399999999998,-0.3532581,9.7821396,-0.00430919314256073,0,-0.05897473026283956,0.0,1,-1.0254327361462177e-05
1.875,0.17069399999999998,-0.3831786,9.854046900000002,-0.003450090076515977,0,0.05369394162779701,0.0,1,-1.0254327361462177e-05
1.89,0.15568469999999998,-0.3831786,9.8105886,-0.003677019849520846,0,-0.015128651533658043,0.0,1,-1.0254327361462177e-05
1.906,0.1362609,-0.38023560000000006,9.8105886,-0.0039082480238867845,0,-0.014451760897871134,0.0,1,-1.0254327361462177e-05
1.921,0.1362609,-0.4027005000000001,9.8285409,-0.0036745411857452837,0,0.015580455876099927,-5.190108546370385e-05,1,-1.064358550243996e-05
1.937,0.1856052,-0.42957990000000007,9.833053500000002,-0.0032891802348231636,0,0.024085059432632484,0.0,1,-1.105879418614959e-05
1.953,0.1631403,-0.42957990000000007,9.8120601,-0.0034343988317111496,0,-0.009076162305499116,0.0,1,-1.105879418614959e-05
1.968,0.16019730000000001,-0.38621970000000005,9.8120601,-0.0036211773796797075,0,-0.012451903197903945,0.0,1,-1.105879418614959e-05
1.984,0.1856052,-0.40113090000000007,9.860031000000001,-0.002609070645549494,0,0.0632566708831383,0.0,1,-1.105879418614959e-05
2.0,0.21101310000000004,-0.40113090000000007,9.860031000000001,-0.0016091984981940755,0,0.062492009209713595,0.0,1,-1.105879418614959e-05
2.015,0.21101310000000004,-0.40113090000000007,9.860031000000001,-0.0006337134763843011,0,0.06503233478731775,0.0,1,-1.105879418614959e-05
2.031,0.21101310000000004,-0.3503151,9.9124164,0.0015473967848507186,0,0.13631939132718862,0.0,1,-1.105879418614959e-05
2.046,0.1856052,-0.3503151,9.967744800000002,0.005011322690025466,0,0.2309283936783214,0.0,1,-1.105879418614959e-05
2.062,0.18413369999999998,-0.33530580000000004,9.967744800000002,0.00837751682944976,0,0.2103871337140182,0.0,1,-1.105879418614959e-05
2.078,0.21552570000000001,-0.3562992,9.922913099999999,0.010602196401716668,0,0.13904247326668162,0.0,1,-1.105879418614959e-05
2.093,0.21552570000000001,-0.35178660000000006,9.7627158,0.008864868642422863,0,-0.11582185061958605,0.0,1,-1.105879418614959e-05
2.109,0.1990449,-0.35178660000000006,9.7222986,0.006176449333661793,0,-0.16802620679756672,0.0,1,-1.105879418614959e-05
2.125,0.18266220000000002,-0.39671639999999997,9.7222986,0.0035879089481873905,0,-0.16178377409215003,0.0,1,-1.105879418614959e-05
2.14,0.18266220000000002,-0.4281084,9.7222986,0.0010949473990624625,0,-0.16619743660832714,0.0,1,-1.105879418614959e-05
2.156,0.18266220000000002,-0.4281084,9.7222986,-0.0013372102098401228,0,-0.15200985055641145,0.0,1,-1.105879418614959e-05
2.171,0.2065986,-0.4281084,9.833053500000002,-0.0010002209598471978,0,0.022465949999528813,0.0,1,-1.105879418614959e-05
2.187,0.1856052,-0.40417200000000003,9.9303687,0.0016648093483571103,0,0.16656439426276912,0.0,1,-1.105879418614959e-05
2.203,0.1915893,-0.40417200000000003,9.967744800000002,0.005178300404139691,0,0.21959319098641109,0.0,1,-1.105879418614959e-05
2.218,0.1915893,-0.40417200000000003,9.967744800000002,0.008606096556121656,0,0.22851974346546247,2.42675429973898e-05,1,-1.0876787613669165e-05
2.234,0.20208600000000002,-0.3622833,9.967744800000002,0.01191609548077821,0,0.20687493279103444,0.0,1,-1.0682647269690046e-05
2.25,0.1212516,-0.4116276,9.843550200000001,0.012133795608649578,0,0.013606257991960457,0.0,1,-1.0682647269690046e-05
2.265,0.16019730000000001,-0.39220380000000005,9.7387794,0.009787431257747059,0,-0.15642429006016664,4.525340950598672e-05,1,-1.0343246698395142e-05
2.281,0.16019730000000001,-0.39220380000000005,9.7387794,0.007498295305646607,0,-0.1430709970062781,0.0,1,-9.981219422347249e-06
2.296,0.1721655,-0.3876912,9.7387794,0.0052655654515092465,0,-0.14884865694249388,0.0,1,-9.981219422347249e-06
2.312,0.1721655,-0.3622833,9.845021700000002,0.005652556559063271,0,0.024186944222126507,0.0,1,-9.981219422347249e-06
2.328,0.2065986,-0.3622833,9.9243846,0.007980210073789351,0,0.14547834467037987,0.0,1,-9.981219422347249e-06
2.343,0.145188,-0.39818790000000004,9.9243846,0.01025809066920047,0,0.15185870636074003,0.000112462542411628,1,-9.137750354260032e-06
2.359,0.145188,-0.3891627,9.851005800000001,0.010683539378003815,0,0.026590544300208994,0.0,1,-8.238050014967006e-06
2.375,0.2065986,-0.3891627,9.681881400000002,0.0070045364470434635,0,-0.22993768318502175,0.0,1,-8.238050014967006e-06
2.39,0.17510850000000003,-0.4235958000000001,9.681881400000002,0.003435353881348746,0,-0.23794550437964584,0.0,1,-8.238050014967006e-06
2.406,0.173637,-0.41309910000000005,9.613015200000001,-0.0017363257793423514,0,-0.3232299787931933,1.3391591668633976e-05,1,-8.130917281617933e-06
2.421,0.173637,-0.3712104,9.7327953,-0.003904656481084956,0,-0.14455538011617672,0.0,1,-8.03048034410318e-06
2.437,0.15421320000000002,-0.3712104,9.901919700000002,-0.0019065415688181986,0,0.12488218201667223,0.0,1,-8.03048034410318e-06
2.453,0.1586277,-0.35178660000000006,9.901919700000002,2.7256365672911897e-05,0,0.1208623709056943,0.0,1,-8.03048034410318e-06
2.468,0.1586277,-0.4161402,9.954305100000001,0.0032511076656120963,0,0.21492341999594383,0.0,1,-8.03048034410318e-06
2.484,0.1870767,-0.4161402,9.8824959,0.00465877129811787,0,0.08797897703161076,0.0,1,-8.03048034410318e-06
2.5,0.1631403,-0.4221243,9.8824959,0.006027951536959009,0,0.08557376492757111,0.0,1,-8.03048034410318e-06
2.515,0.1631403,-0.4460607,9.740250900000001,0.003924021175864212,0,-0.1402620240729853,0.0,1,-8.03048034410318e-06
2.531,0.19757340000000004,-0.4460607,9.7327953,0.0017053220377540868,0,-0.1386686961318827,0.0,1,-8.03048034410318e-06
2.546,0.1915893,-0.4221243,9.7327953,-0.00048818461544541947,0,-0.1462337768799702,0.0,1,-8.03048034410318e-06
2.562,0.20954160000000002,-0.3876912,9.7941078,-0.001160173344633364,0,-0.0419992955742465,0.0,1,-8.03048034410318e-06
2.578,0.20954160000000002,-0.3996594,9.8196138,-0.001182610999245881,0,-0.0014023534132823188,0.0,1,-8.03048034410318e-06
2.593,0.205029,-0.3996594,9.854046900000002,-0.00036786482909079155,0,0.05431641134367218,0.0,1,-8.03048034410318e-06
2.609,0.23200650000000003,-0.40711500000000006,9.854046900000002,0.0004490207807776869,0,0.051055350616779856,0.0,1,-8.03048034410318e-06
2.625,0.23200650000000003,-0.3951468000000001,9.7447635,-0.0014284266962825143,0,-0.11734046731626246,0.0,1,-8.03048034410318e-06
2.64,0.19757340000000004,-0.3951468000000001,9.7297542,-0.0036442785511763276,0,-0.14772345699291967,0.0,1,-8.03048034410318e-06
2.656,0.2274939,-0.3996594,9.7297542,-0.0057856708824726155,0,-0.13383702070601788,0.0,1,-8.03048034410318e-06
2.671,0.2274939,-0.38023560000000006,9.714843,-0.008257111328047628,0,-0.16476269637167104,0.0,1,-8.03048034410318e-06
2.687,0.145188,-0.38023560000000006,9.901919700000002,-0.006147818526457627,0,0.13183080009937498,0.0,1,-8.03048034410318e-06
2.703,0.173637,-0.3951468000000001,9.898878600000002,-0.004138687082926751,0,0.12557071522067964,0.0,1,-8.03048034410318e-06
2.718,0.16765290000000002,-0.3622833,9.898878600000002,-0.002211711647454706,0,0.12846502903146859,0.0,1,-8.03048034410318e-06
2.734,0.16765290000000002,-0.41466870000000006,9.910846800000002,9.970955114013691e-06,0,0.13885516266054487,0.0,1,-8.03048034410318e-06
2.75,0.173637,-0.41466870000000006,9.7701714,-0.0012475556596029946,0,-0.07859541341981295,0.0,1,-8.03048034410318e-06
2.765,0.1990449,-0.39671639999999997,9.7701714,-0.0024807665310433435,0,-0.08221405809602259,0.0,1,-8.03048034410318e-06
2.781,0.1990449,-0.39671639999999997,9.7701714,-0.003683899088546383,0,-0.07519578484393989,0.0,1,-8.03048034410318e-06
2.796,0.1990449,-0.42506730000000004,9.7417224,-0.005521714157413982,0,-0.12252100459117586,0.0,1,-8.03048034410318e-06
2.812,0.19610190000000002,-0.40113090000000007,9.7208271,-0.007849993918425113,0,-0.1455174850631956,-8.379506592178822e-05,1,-8.700840871477486e-06
2.828,0.19610190000000002,-0.3202965,9.8255979,-0.007641079587866528,0,0.01305714565991155,0.0,1,-9.371201398851791e-06
2.843,0.19610190000000002,-0.3202965,9.8255979,-0.007437260728783812,0,0.01358792393884763,0.0,1,-9.371201398851791e-06
2.859,0.1915893,-0.3202965,9.9048627,-0.005308677161092845,0,0.13303647298068533,0.0,1,-9.371201398851791e-06
2.875,0.19610190000000002,-0.4101561,9.8285409,-0.005008648259108739,0,0.018751806374006624,-5.31731282762439e-06,1,-9.413739901472786e-06
2.89,0.18413369999999998,-0.39220380000000005,9.8285409,-0.004739432202653049,0,0.017947737097045852,0.0,1,-9.45361974767997e-06
2.906,0.18413369999999998,-0.37572300000000003,9.806076000000001,-0.005039898538251819,0,-0.018779145974923122,0.0,1,-9.45361974767997e-06
2.921,0.2065986,-0.40113090000000007,9.8165727,-0.005041861202526476,0,-0.0001308442849771561,0.0,1,-9.45361974767997e-06
2.937,0.2065986,-0.3652263,9.8196138,-0.005003819653293107,0,0.002377596827085602,0.0,1,-9.45361974767997e-06
2.953,0.1781496,-0.3652263,9.8151012,-0.005090256814595406,0,-0.005402322581393721,0.0,1,-9.45361974767997e-06
2.968,0.1781496,-0.3652263,9.8151012,-0.005174585752452998,0,-0.005621929190506071,0.0,1,-9.45361974767997e-06
2.984,0.173637,-0.347274,9.8151012,-0.005274708329027433,0,-0.00625766103590219,-5.397449076828369e-05,1,-9.885415673826239e-06
3.0,0.173637,-0.41908320000000004,9.7627158,-0.006580399170841744,0,-0.08160567761339436,0.0,1,-1.0317211599972509e-05
3.015,0.1526436,-0.41908320000000004,9.836094600000001,-0.006074915301725881,0,0.03369892460772396,0.0,1,-1.0317211599972509e-05
3.031,0.1646118,-0.40868460000000006,9.7971489,-0.006536658490453817,0,-0.028858949295496015,0.0,1,-1.0317211599972509e-05
3.046,0.1497006,-0.3771945,9.7971489,-0.007023744024570178,0,-0.03247236894109139,0.0,1,-1.0317211599972509e-05
3.062,0.1497006,-0.3907323,9.821085300000002,-0.00690273606650571,0,0.007562997379029206,-5.773765924021665e-05,1,-1.0779112873894242e-05
3.078,0.1497006,-0.3907323,9.7986204,-0.00733210615732105,0,-0.02683563067595871,0.0,1,-1.1241014147815975e-05
3.093,0.16166880000000003,-0.40417200000000003,9.7986204,-0.007733086716353199,0,-0.02673203726880972,0.0,1,-1.1241014147815975e-05
3.109,0.16166880000000003,-0.38023560000000006,9.7806681,-0.008585104903188423,0,-0.053251136677201445,0.0,1,-1.1241014147815975e-05
3.125,0.2080701,-0.38023560000000006,9.8615025,-0.007425317204564408,0,0.07248673116400088,-4.32342534017454e-05,1,-1.158688817502994e-05
3.14,0.17667810000000003,-0.36375480000000004,9.8615025,-0.0063238891299643996,0,0.07342853830666661,0.0,1,-1.1911145075543033e-05
3.156,0.17667810000000003,-0.36669779999999996,9.860031000000001,-0.0052825286764282,0,0.06508502834601243,0.0,1,-1.1911145075543033e-05
3.171,0.2425032,-0.36669779999999996,9.821085300000002,-0.005181420058132602,0,0.0067405745530399975,0.0,1,-1.1911145075543033e-05
3.187,0.142245,-0.347274,9.843550200000001,-0.004600314447385401,0,0.03631910067170004,0.0,1,-1.1911145075543033e-05
3.203,0.1856052,-0.39671639999999997,9.843550200000001,-0.003970252279051678,0,0.03937888552085763,0.0,1,-1.1911145075543033e-05
3.218,0.1856052,-0.40711500000000006,9.7656588,-0.005243027498259778,0,-0.08485168128053928,-3.360226705653377e-05,1,-1.2163162078467038e-05
3.234,0.1586277,-0.40711500000000006,9.827069400000001,-0.005000012410437904,0,0.01518844298886711,0.0,1,-1.2431980214919309e-05
3.25,0.1392039,-0.39818790000000004,9.827069400000001,-0.004779009595507588,0,0.013812675933144712,0.0,1,-1.2431980214919309e-05
3.265,0.1392039,-0.39818790000000004,9.8076456,-0.005036711612676825,0,-0.01718013447794898,0.0,1,-1.2431980214919309e-05
3.281,0.1586277,-0.39818790000000004,9.843550200000001,-0.004406051793043986,0,0.03941623872705243,0.0,1,-1.2431980214919309e-05
3.296,0.17510850000000003,-0.37866600000000006,9.843550200000001,-0.0038027373252802477,0,0.0402209645175834,0.0,1,-1.2431980214919309e-05
3.312,0.17510850000000003,-0.4176117,9.806076000000001,-0.004088790832772915,0,-0.01787834421829169,0.0,1,-1.2431980214919309e-05
3.328,0.21552570000000001,-0.42065280000000005,9.8120601,-0.00419930311504757,0,-0.006907017642165941,-3.39416739152474e-05,1,-1.2703513606241288e-05
3.343,0.2140542,-0.42065280000000005,9.7732125,-0.005254308532512297,0,-0.0703336944976479,0.0,1,-1.2958076160605646e-05
3.359,0.2274939,-0.35178660000000006,9.7732125,-0.006342493143140615,0,-0.0680115381642698,0.0,1,-1.2958076160605646e-05
3.375,0.2274939,-0.3847482,9.830012400000001,-0.005989947628465941,0,0.022034094667167083,0.0,1,-1.2958076160605646e-05
3.39,0.2215098,-0.3847482,9.8464932,-0.0052477686316869665,0,0.04947859978526459,0.0,1,-1.2958076160605646e-05
3.406,0.2350476,-0.3936753,9.8464932,-0.004507446978633922,0,0.04627010331581523,0.0,1,-1.2958076160605646e-05
3.421,0.2350476,-0.36973890000000004,9.839037600000001,-0.003989454573993356,0,0.03453282697603847,-2.2329059328441217e-05,1,-1.3125544105568952e-05
3.437,0.18109260000000002,-0.36973890000000004,9.7672284,-0.005261801001488209,0,-0.07952165171842822,0.0,1,-1.3304176580196483e-05
3.453,0.18109260000000002,-0.36973890000000004,9.7672284,-0.006503114589287762,0,-0.07758209923747199,0.0,1,-1.3304176580196483e-05
3.468,0.1796211,-0.40417200000000003,9.7672284,-0.007681573895792937,0,-0.07856395376701103,0.0,1,-1.3304176580196483e-05
3.484,0.1796211,-0.42506730000000004,9.716314500000001,-0.010050090658079824,0,-0.14803229764293033,0.0,1,-1.3304176580196483e-05
3.5,0.16019730000000001,-0.37572300000000003,9.711801900000001,-0.012528626618463434,0,-0.15490849752397548,-0.00011932664693993685,1,-1.4258789755715978e-05
3.515,0.1571562,-0.37572300000000003,9.7222986,-0.014692128795680048,0,-0.1442334784811064,0.0,1,-1.5153739607765512e-05
3.531,0.1781496,-0.3891627,9.7222986,-0.01678115859016316,0,-0.1305643621551943,-7.526861163275993e-05,1,-1.5755888500827593e-05
3.546,0.1781496,-0.3876912,9.6728562,-0.02002541566846716,0,-0.21628380522027144,0.0,1,-1.6320403088073282e-05
3.562,0.173637,-0.35777070000000005,9.6549039,-0.023658129976196207,0,-0.22704464423306517,-0.00020078628372978934,1,-1.7926693357911597e-05
3.578,0.173637,-0.37425150000000007,9.605559600000001,-0.028389433025818533,0,-0.2957064406013951,-0.00011716678774590684,1,-2.047031792971717e-05
3.593,0.173637,-0.37425150000000007,9.605559600000001,-0.03300533844008413,0,-0.30772702761770393,-7.762757374018062e-05,1,-2.1931275640862837e-05
3.609,0.18413369999999998,-0.37425150000000007,9.5546457,-0.03874452456196309,0,-0.3586991326174346,-0.00015162647775655846,1,-2.3765308052836753e-05
3.625,0.2140542,-0.38621970000000005,9.5546457,-0.044316934412448106,0,-0.3482756156553132,-0.000316118149551849,1,-2.7507265071304017e-05
3.64,0.2140542,-0.39818790000000004,9.478323900000001,-0.05160087297377025,0,-0.48559590408813896,-0.0005355017049484922,1,-3.3894413980056626e-05
3.656,0.21101310000000004,-0.36375480000000004,9.4228974,-0.060093065799051715,0,-0.530762051580091,-0.0009290532151310675,1,-4.5610853340693116e-05
3.671,0.1571562,-0.36375480000000004,9.4259385,-0.06832966219200465,0,-0.5491064261968739,-0.0013922236750639706,1,-6.302043001715553e-05
3.687,0.1631403,-0.39671639999999997,9.4259385,-0.07633048924064134,0,-0.5000516905397929,-0.002049504886525137,1,-9.055425850986842e-05
3.703,0.1631403,-0.3771945,9.406416600000002,-0.0846313926001745,1,-0.5188064599708215,-0.0033371999412516633,1,-0.00013364789713208284
3.718,0.1646118,-0.3771945,9.3899358,-0.09313079610554809,1,-0.5666269003582348,-0.004670416356544593,1,-0.00019370501936555526
3.734,0.17510850000000003,-0.36071369999999997,9.3899358,-0.10143404984255255,1,-0.5189533585627788,-0.006226935124129401,1,-0.0002808838312109473
3.75,0.17510850000000003,-0.4116276,9.301645800000001,-0.11163471911258327,1,-0.6375418293769192,-0.007931485275770488,1,-0.00039415119441014654
3.765,0.2065986,-0.4116276,9.2612286,-0.12255542515410767,1,-0.7280470694349538,-0.009687911357770685,1,-0.0005262966691617064
3.781,0.16765290000000002,-0.40417200000000003,9.2612286,-0.13323694256783192,1,-0.6675948383577651,-0.011734250299546202,1,-0.0006976739624202416
3.796,0.16765290000000002,-0.3622833,9.225324,-0.14457507512368828,1,-0.7558755037237735,-0.01381784043223256,1,-0.0008893146429085783
3.812,0.1631403,-0.3847482,9.2342511,-0.15539896522556162,1,-0.6764931313670836,-0.016217632755026565,1,-0.0011295984284066514
3.828,0.2200383,-0.3847482,9.1250658,-0.16859005380054093,1,-0.8244430359362057,-0.01880954490723539,1,-0.0014098158497047473
3.843,0.1856052,-0.39671639999999997,9.1250658,-0.1814655687949962,1,-0.8583676662970111,-0.02143496207670194,1,-0.0017116496520842798
3.859,0.1856052,-0.37572300000000003,9.1026009,-0.1945960409571228,1,-0.8206545101329114,-0.02444345495471889,1,-0.0020786769883356466
3.875,0.1497006,-0.37572300000000003,9.0127413,-0.20961188619508953,1,-0.9384903273729197,-0.027677118371936593,1,-0.002495641574948891
3.89,0.17510850000000003,-0.3907323,9.0127413,-0.22423478708558697,1,-0.9748600593664885,-0.030930968421541694,1,-0.0029352022258999815
3.906,0.17510850000000003,-0.4161402,8.9842923,-0.2391663314135304,1,-0.9332215204964626,-0.03463817736953464,1,-0.0034597553922285926
3.921,0.1721655,-0.4161402,8.9618274,-0.2542823128704086,1,-1.007732097125235,-0.0383390422016641,1,-0.004007084539012572
3.937,0.2065986,-0.42065280000000005,8.9618274,-0.26900675601992674,1,-0.9202776968448837,-0.042525354752786786,1,-0.00465399971464818
3.953,0.2065986,-0.3951468000000001,8.9543718,-0.28358196357380727,1,-0.9109504721175324,-0.04694606450953666,1,-0.005369771068746768
3.968,0.2140542,-0.41309910000000005,8.9469162,-0.2979592755111735,1,-0.958487462491075,-0.05130762380267405,1,-0.006106673731088354
3.984,0.1990449,-0.41309910000000005,8.8121268,-0.31527753259134883,1,-1.0823910675109563,-0.05621351826749424,1,-0.006966842867649701
4.0,0.1571562,-0.37572300000000003,8.8121268,-0.33223476952880304,1,-1.0598273085908874,-0.06139361668445546,1,-0.0079076999472653
4.015,0.1571562,-0.3876912,8.8646103,-0.3474871309931835,1,-1.0168240976253864,-0.06649153093837025,1,-0.008866838554436473
4.031,0.17510850000000003,-0.3876912,8.8241931,-0.3633439339752904,1,-0.9910501863816803,-0.07217817945811805,1,-0.00997619623760838
4.046,0.1946304,-0.4176117,8.8241931,-0.3787707652259851,1,-1.0284554167129385,-0.07774403970212783,1,-0.011100612881310267
4.062,0.1946304,-0.38621970000000005,8.879521500000001,-0.3925082958090762,1,-0.8585956614431948,-0.08391427219040833,1,-0.012393879376450558
4.078,0.19757340000000004,-0.38621970000000005,8.8615692,-0.4063465195793583,1,-0.8648889856426304,-0.09030511071351581,1,-0.013787634439681952
4.093,0.18109260000000002,-0.42506730000000004,8.8615692,-0.4198124859733543,1,-0.8977310929330857,-0.09650130325516103,1,-0.015188682544446998
4.109,0.205029,-0.3891627,8.7881904,-0.43476499921632694,1,-0.9345320776857894,-0.10333792313667849,1,-0.016787396355581716
4.125,0.205029,-0.3876912,8.7417891,-0.4504847262827685,1,-0.9824829416525951,-0.11041992094067127,1,-0.018497459108200515
4.14,0.18109260000000002,-0.3876912,8.7657255,-0.4652508046195081,1,-0.9844052224493274,-0.1172879374224382,1,-0.0202052680459238
4.156,0.18109260000000002,-0.3876912,8.7657255,-0.4796567347041325,1,-0.9003706302890261,-0.12484719773702735,1,-0.022142349127199527
4.171,0.18109260000000002,-0.3876912,8.7657255,-0.49371130064035107,1,-0.9369710624145355,-0.13214745800211125,1,-0.02406980904524314
4.187,0.18109260000000002,-0.37572300000000003,8.7313905,-0.5082722576958769,1,-0.9100598159703647,-0.14016332646880109,1,-0.026248295321010442
4.203,0.2230794,-0.37572300000000003,8.7702381,-0.5215080725326473,1,-0.8272384272981484,-0.1484015691106293,1,-0.028556814485645888
4.218,0.16912439999999998,-0.41466870000000006,8.7702381,-0.5344077014881226,1,-0.8599752636983684,-0.1563209374157849,1,-0.030842233284593946
4.234,0.17510850000000003,-0.39220380000000005,8.7029415,-0.5486544183615418,1,-0.8904198045887038,-0.1649854343745822,1,-0.033412684258916886
4.25,0.1721655,-0.4027005000000001,8.7029415,-0.562543407215049,1,-0.8680618033441992,-0.17387501697919494,1,-0.0361235678697471
4.265,0.21101310000000004,-0.41309910000000005,8.6685084,-0.5768995749185457,1,-0.9570778468997991,-0.1824208393451967,1,-0.03879578679217999
4.281,0.21101310000000004,-0.41309910000000005,8.6685084,-0.59090559219025,1,-0.875376079481515,-0.19176328068206708,1,-0.0417892597523981
4.296,0.21101310000000004,-0.4027005000000001,8.732862,-0.6030144554016896,1,-0.8072575474292807,-0.20071768103900697,1,-0.04473286696530626
4.312,0.20954160000000002,-0.4027005000000001,8.7058845,-0.6154859413760594,1,-0.7794678733981091,-0.21046568421322898,1,-0.04802233388732415
4.328,0.2080701,-0.36826739999999997,8.7058845,-0.6276912438808466,1,-0.7628314065492019,-0.22041110169528425,1,-0.05146934817459226
4.343,0.2080701,-0.3951468000000001,8.713340100000002,-0.6393885421662269,1,-0.7798198856920328,-0.2299142000906371,1,-0.0548467879379866
4.359,0.16912439999999998,-0.3951468000000001,8.7208938,-0.6506370616537929,1,-0.7030324679728743,-0.24023440492119724,1,-0.05860797677808128
4.375,0.21552570000000001,-0.3891627,8.7208938,-0.6615928545855354,1,-0.684737058233908,-0.2507322442511119,1,-0.06253570997145975
4.39,0.21552570000000001,-0.45508590000000004,8.7238368,-0.6721320594951621,1,-0.7026136606417934,-0.2607351811067169,1,-0.06637171566164339
4.406,0.2080701,-0.45508590000000004,8.735805,-0.6821271892076126,1,-0.6246956070281579,-0.2715692550963391,1,-0.07063015115126785
4.421,0.1721655,-0.3907323,8.735805,-0.691973445127255,1,-0.6564170613094676,-0.281875009853851,1,-0.07478098313839443
4.437,0.21101310000000004,-0.3996594,8.7553269,-0.7010734476379845,1,-0.5687501569205938,-0.2930193849959729,1,-0.07938013829719302
4.453,0.21101310000000004,-0.4281084,8.7553269,-0.7099187438214987,1,-0.552831011469634,-0.3043073225276488,1,-0.084158751957382
4.468,0.142245,-0.4281084,8.735805,-0.7190576023644102,1,-0.6092572361941144,-0.3150246451240429,1,-0.08880374171476958
4.484,0.1646118,-0.37866600000000006,8.735805,-0.7280196088429296,1,-0.5601254049074629,-0.3266012628137016,1,-0.09393674897827155
4.5,0.1646118,-0.4311495000000001,8.7313905,-0.7368112924876176,1,-0.5494802277929973,-0.33831991002434597,1,-0.09925611836097593
4.515,0.1930608,-0.4311495000000001,8.7298209,-0.7454125801083382,1,-0.5734191747147225,-0.3494365890688154,1,-0.10441429210417454
4.531,0.1586277,-0.41908320000000004,8.7298209,-0.7538352850728884,1,-0.5264190602843883,-0.36143057199026524,1,-0.11010122939264719
4.546,0.1586277,-0.3592422,8.6744925,-0.7634656477479425,1,-0.6420241783369101,-0.3728103289864219,1,-0.11560803614997255
4.562,0.2260224,-0.3592422,8.7553269,-0.770855482607276,1,-0.4618646787083454,-0.38508489802926366,1,-0.12167119796609803
4.578,0.1796211,-0.4027005000000001,8.7477732,-0.7782292002956659,1,-0.4608573555243685,-0.3974775754924872,1,-0.12793169775427204
4.593,0.1796211,-0.4027005000000001,8.7477732,-0.7854230712111683,1,-0.479591394366836,-0.4092049675287882,1,-0.13398181682693147
4.609,0.1796211,-0.41466870000000006,8.7283494,-0.7929009810009173,1,-0.46736936185931516,-0.4218315599464849,1,-0.14063010904673368
4.625,0.1631403,-0.41466870000000006,8.704413,-0.8007874382226241,1,-0.49290357635667315,-0.43458106730027324,1,-0.14748141006470775
4.64,0.17510850000000003,-0.4281084,8.704413,-0.8084600314297958,1,-0.5115062138114596,-0.44665042332266613,1,-0.15409064624437965
4.656,0.17510850000000003,-0.37268190000000007,8.6774355,-0.816664844808221,1,-0.5128008361515719,-0.4596514223325703,1,-0.16134106100962156
4.671,0.16166880000000003,-0.37268190000000007,8.648986500000001,-0.8253690111836445,1,-0.5802777583615436,-0.47196667625250976,1,-0.16832819674900992
4.687,0.1930608,-0.36375480000000004,8.648986500000001,-0.8338544563589672,1,-0.5303403234576671,-0.4852404639928508,1,-0.17598585387097282
4.703,0.1930608,-0.38023560000000006,8.7089256,-0.8406555031542258,1,-0.425065424703663,-0.4986365436689579,1,-0.1838568699322673
4.718,0.16019730000000001,-0.38023560000000006,8.7822063,-0.8455215601658157,1,-0.32440380077266895,-0.5112828716438581,1,-0.19143126554711326
4.734,0.1646118,-0.4340925,8.7822063,-0.8502061194190791,1,-0.29278495332896143,-0.5248486930805373,1,-0.19972031806490842
4.75,0.1915893,-0.44311770000000006,8.7417891,-0.8557364114386736,1,-0.34564325122465844,-0.5384962333273993,1,-0.20822707747617192
4.765,0.1915893,-0.3817071,8.761311000000001,-0.860726807327902,1,-0.3326930592818963,-0.5513697074681483,1,-0.21640107203213835
4.781,0.20954160000000002,-0.3817071,8.6639958,-0.8679560573876657,1,-0.45182812873523176,-0.5651991703858729,1,-0.2253336230549705
4.796,0.19610190000000002,-0.3951468000000001,8.6639958,-0.8750019709719421,1,-0.46972757228507683,-0.5782713555985705,1,-0.23390965199985417
4.812,0.19610190000000002,-0.3907323,8.7178527,-0.8805689858479866,1,-0.34793842975278066,-0.5923159232531299,1,-0.2432743502306678
4.828,0.18413369999999998,-0.3907323,8.7313905,-0.8856767915378967,1,-0.3192378556193806,-0.606445889472217,1,-0.25286444473247055
4.843,0.18413369999999998,-0.3907323,8.7313905,-0.8906600166012222,1,-0.3322150042217065,-0.6197684155332601,1,-0.26206105202001145
4.859,0.16912439999999998,-0.3503151,8.7313905,-0.895570883246215,1,-0.3069291653120529,-0.6340582627320396,1,-0.27209166544613383
4.875,0.16912439999999998,-0.38023560000000006,8.6939163,-0.9012444394797825,1,-0.35459726459796637,-0.6484327853138476,1,-0.28235159383050096
4.89,0.19011780000000003,-0.4056435,8.752285800000001,-0.905319303553803,1,-0.27165760493470364,-0.6619820133865992,1,-0.2921797048207541
4.906,0.19011780000000003,-0.4056435,8.752285800000001,-0.909294780699188,1,-0.24846732158656493,-0.6764989260606231,1,-0.3028875523363319
4.921,0.1856052,-0.4400766,8.7388461,-0.9134624447755488,1,-0.2778442717573776,-0.6901696052516841,1,-0.3131375663211746
4.937,0.1856052,-0.40417200000000003,8.7013719,-0.9184835192147673,1,-0.31381715245115654,-0.7048251729636067,1,-0.324297524546897
4.953,0.17069399999999998,-0.40417200000000003,8.7672951,-0.9217837066721977,1,-0.20626171608939517,-0.7195473107707024,1,-0.33569250441677145
4.968,0.1990449,-0.38621970000000005,8.7672951,-0.9250085516153117,1,-0.21498966287427362,-0.7333982527078584,1,-0.34658959614286045
4.984,0.1990449,-0.38023560000000006,8.752285800000001,-0.9285267557588686,1,-0.21988775897230342,-0.7482265351668519,1,-0.35844259444585813
5.0,0.205029,-0.38023560000000006,8.7178527,-0.9327945914990483,1,-0.26673973376123405,-0.7631171059449152,1,-0.37053334357475226
5.015,0.1781496,-0.36826739999999997,8.7178527,-0.9369852415473066,1,-0.2793766698838892,-0.7771404546927626,1,-0.3820852752795346
5.031,0.1781496,-0.3622833,8.725308300000002,-0.9408981400012042,1,-0.24455615336860226,-0.7921635217451507,1,-0.39463970709103796
5.046,0.15568469999999998,-0.3622833,8.7178527,-0.9449077312145917,1,-0.26730608089249047,-0.8063070657792697,1,-0.4066282364974716
5.062,0.13469129999999999,-0.4400766,8.7178527,-0.9487408351721083,1,-0.23956899734478543,-0.8214562543103633,1,-0.41965034305818866
5.078,0.1392039,-0.347274,8.773279200000001,-0.9512301859650005,1,-0.15558442455576568,-0.8366560224794601,1,-0.43291524127250725
5.093,0.1392039,-0.4056435,8.7058845,-0.9552395944158913,1,-0.26729389672606013,-0.8509545458323166,1,-0.4455723205348453
5.109,0.17510850000000003,-0.4056435,8.7867189,-0.9571663639381214,1,-0.12042309513937688,-0.8662537934991487,1,-0.459309987249497
5.125,0.22455090000000003,-0.43262100000000003,8.7867189,-0.9589874097297599,1,-0.1138153619774095,-0.8815830236884917,1,-0.4732926817869981
5.14,0.22455090000000003,-0.3622833,8.7058845,-0.9628107684945029,1,-0.2548905843162011,-0.8959965100251734,1,-0.4866245282898503
5.156,0.2274939,-0.3622833,8.7298209,-0.9659559002609974,1,-0.1965707354059097,-0.9114266433752175,1,-0.5010839135170535
5.171,0.21101310000000004,-0.344331,8.7298209,-0.9690521064511373,1,-0.20641374600931475,-0.925939203425559,1,-0.5148641573680599
5.187,0.17069399999999998,-0.3951468000000001,8.789760000000001,-0.9705816690621205,1,-0.09559766318645294,-0.9414562736296651,1,-0.5298033211845017
5.203,0.2006145,-0.38023560000000006,8.789760000000001,-0.9720745518362364,1,-0.0933051733822409,-0.956997523396852,1,-0.5449909515607139
5.218,0.2006145,-0.38023560000000006,8.789760000000001,-0.973531022835374,1,-0.09709806660917497,-0.9715895652068888,1,-0.5594553547252417
5.234,0.1946304,-0.3951468000000001,8.7493428,-0.9759237702481212,1,-0.14954671329669975,-0.9871852035515567,1,-0.5751255528753092
5.25,0.1946304,-0.40868460000000006,8.740317600000001,-0.9784628423584767,1,-0.1586920068972207,-1.0028202964524096,1,-0.591045596875341
5.265,0.17510850000000003,-0.40868460000000006,8.7792633,-0.9800013698315091,1,-0.10256849820216238,-1.017508778043834,1,-0.6061980649340625
5.281,0.2080701,-0.4101561,8.7792633,-0.9814831795995111,1,-0.09261311050012813,-1.0332006544392822,1,-0.6226037403939274
5.296,0.2080701,-0.42506730000000004,8.672922900000001,-0.9855014341438917,1,-0.26788363629202583,-1.0479530390423584,1,-0.6382123930950403
5.312,0.20954160000000002,-0.42506730000000004,8.7313905,-0.987996890639895,1,-0.15596603100020964,-1.0637410256406288,1,-0.6551059456125042
5.328,0.1482291,-0.41466870000000006,8.7313905,-0.9904742574885965,1,-0.1548354280438423,-1.0795687948256567,1,-0.6722524241762345
5.343,0.1482291,-0.40113090000000007,8.7433587,-0.9926150487465186,1,-0.14271941719480993,-1.0944419646224197,1,-0.6885575048720948
5.359,0.1437165,-0.40113090000000007,8.7822063,-0.9937590766996838,1,-0.0715017470728218,-1.1103329576259893,1,-0.706195704250082
5.375,0.1661814,-0.37268190000000007,8.7822063,-0.994896079975188,1,-0.07106270471901592,-1.1262421988793883,1,-0.7240883055021251
5.39,0.1571562,-0.36375480000000004,8.6894037,-0.9982796720464506,1,-0.22557280475084465,-1.1411910170195503,1,-0.7410940546213668
5.406,0.1571562,-0.4176117,8.6924448,-1.0014476715432288,1,-0.19799996854863428,-1.1571888357682678,1,-0.7594810934436693
5.421,0.1946304,-0.4176117,8.7657255,-1.0027350832323734,1,-0.08582744594296947,-1.1722202064290854,1,-0.7769516612601501
5.437,0.2260224,-0.39671639999999997,8.7657255,-1.0039963886642074,1,-0.07883158948962514,-1.1882740582042581,1,-0.7958356153772169
5.453,0.2260224,-0.39671639999999997,8.7657255,-1.0052269305489236,1,-0.07690886779476706,-1.2043478447579632,1,-0.8149765906009148
5.468,0.19011780000000003,-0.33981839999999996,8.6984289,-1.0081462071768978,1,-0.19461844186495073,-1.2194481432909066,1,-0.8331550605112809
5.484,0.19011780000000003,-0.33981839999999996,8.6984289,-1.010994281935897,1,-0.17800467243744827,-1.235601267203809,1,-0.8527954557952386
5.5,0.11978010000000001,-0.37268190000000007,8.6984289,-1.0137706256692525,1,-0.17352148333471523,-1.2517993864646502,1,-0.8726946610245864
5.515,0.11978010000000001,-0.42506730000000004,8.7193242,-1.0159117437440788,1,-0.14274120498842366,-1.2670220042352498,1,-0.8915858214548352
5.531,0.17069399999999998,-0.42506730000000004,8.7433587,-1.0173945800169726,1,-0.0926772670558628,-1.2832884548253383,1,-0.91198830512732
5.546,0.17510850000000003,-0.40711500000000006,8.7881904,-1.0177678717964955,1,-0.02488611863486199,-1.2985521732139398,1,-0.9313521098376153
5.562,0.24544620000000003,-0.42506730000000004,8.7881904,-1.0180703664261728,1,-0.018905914354827563,-1.3148388791197212,1,-0.9522592382562846
5.578,0.24544620000000003,-0.4027005000000001,8.7089256,-1.0203216216203135,1,-0.1407034496337943,-1.331146015024093,1,-0.9734271174094351
5.593,0.21856680000000003,-0.4027005000000001,8.7537573,-1.0214434548094147,1,-0.07478887927341464,-1.3464592530973156,1,-0.9935091569203452
5.609,0.1781496,-0.40868460000000006,8.7537573,-1.0225534789505737,1,-0.06937650882243845,-1.3628112285673954,1,-1.015183320773663
5.625,0.1392039,-0.36973890000000004,8.7627825,-1.0234759103525413,1,-0.05765196262297318,-1.3791794636818204,1,-1.0371192463116568
5.64,0.1870767,-0.40868460000000006,8.7627825,-1.0243119886263337,1,-0.05573855158616089,-1.3945378729241618,1,-1.057922126336201
5.656,0.1870767,-0.40868460000000006,8.7627825,-1.0251276747471074,1,-0.05098038254836008,-1.4109333902311494,1,-1.0803658964414435
5.671,0.1870767,-0.3891627,8.7388461,-1.0265282202686379,1,-0.09336970143536051,-1.426320809443768,1,-1.1016453029390063
5.687,0.21709530000000002,-0.3891627,8.7448302,-1.0277319318099405,1,-0.07523197133141306,-1.4427548906603966,1,-1.1245979085398397
5.703,0.2080701,-0.37866600000000006,8.7493428,-1.0288129250956217,1,-0.06756208035507688,-1.4592072495156412,1,-1.147813605661248
5.718,0.24701580000000004,-0.3907323,8.7493428,-1.0298299579709358,1,-0.06780219168760626,-1.4746470711386401,1,-1.1698175130661546
5.734,0.24701580000000004,-0.3876912,8.785247400000001,-1.0299509595265093,1,-0.0075625972233428415,-1.4911253184786197,1,-1.1935436921830926
5.75,0.21856680000000003,-0.3876912,8.8046712,-1.029614226050242,1,0.021045842266698127,-1.5076018399632338,1,-1.2175335094506274
5.765,0.2080701,-0.36826739999999997,8.8046712,-1.0293122139848467,1,0.02013413769302536,-1.5230437882634966,1,-1.2402633516623274
5.781,0.2080701,-0.3817071,8.813696400000001,-1.0287837645751186,1,0.03302808810801136,-1.5395085560919763,1,-1.2647637704171713
5.796,0.1781496,-0.3817071,8.8735374,-1.026826291002104,1,0.13049823820096623,-1.554925631508806,1,-1.287972026824178
5.812,0.1631403,-0.4281084,8.8735374,-1.024872013143625,1,0.12214236615493135,-1.5713392179419718,1,-1.3129821456197843
5.828,0.1631403,-0.36669779999999996,8.8450884,-1.0237255689750917,1,0.07165276053333607,-1.5877279985989217,1,-1.3382546833521114
5.843,0.1497006,-0.36669779999999996,8.915426100000001,-1.02089902813416,1,0.18843605606212485,-1.6030626830772408,1,-1.3621856134646821
5.859,0.11821050000000001,-0.3876912,8.988804900000002,-1.0163434191739888,1,0.2847255600106899,-1.619360622655706,1,-1.3879649999105457
5.875,0.1721655,-0.4505733,8.988804900000002,-1.011806266390714,1,0.2835720489546831,-1.6355858201402236,1,-1.414004571452913
5.89,0.1721655,-0.37572300000000003,9.002244600000001,-1.0071361291413812,1,0.31134248328885594,-1.650727888106714,1,-1.4386519242647646
5.906,0.16765290000000002,-0.37572300000000003,9.030693600000001,-1.001888816069826,1,0.3279570669721951,-1.6668000876684037,1,-1.4651921480709655
5.921,0.19011780000000003,-0.315882,9.030693600000001,-0.9968144789994628,1,0.33828913802420046,-1.6817903623814239,1,-1.4903065764463401
5.937,0.19011780000000003,-0.37866600000000006,9.0217665,-0.992022571179886,1,0.2994942387235519,-1.6977010587828587,1,-1.5173425078156544
5.953,0.2514303,-0.37866600000000006,9.1698975,-0.98370253930619,1,0.5200019921060002,-1.7135068596667473,1,-1.5446321711632514
5.968,0.20208600000000002,-0.40711500000000006,9.1698975,-0.9755854665999646,1,0.5411381804150391,-1.7282015197110432,1,-1.5704449840085843
5.984,0.20208600000000002,-0.38621970000000005,9.157929300000001,-0.9679799688186197,1,0.47534361133405545,-1.743750043194392,1,-1.598220596511828
6.0,0.24397470000000002,-0.38621970000000005,9.2447478,-0.9584201994101722,1,0.5974855880279678,-1.7591612445402223,1,-1.6262438868137048
6.015,0.2140542,-0.43262100000000003,9.253773,-0.9488417657239925,1,0.6385622457453284,-1.7734657092787283,1,-1.6527385889673463
6.031,0.1212516,-0.4161402,9.253773,-0.9395563219538481,1,0.5803402356340243,-1.788572893980151,1,-1.6812348977934173
6.046,0.1212516,-0.40113090000000007,9.3555027,-0.9280348014261772,1,0.7681013685113615,-1.8025798274055018,1,-1.7081685432038107
6.062,0.10928340000000002,-0.40113090000000007,9.4049451,-0.9155931571041336,1,0.777602770127727,-1.8173288510737444,1,-1.7371278126316447
6.078,0.1466595,-0.4460607,9.4049451,-0.9033932752291509,1,0.7624926171864159,-1.8318807425324106,1,-1.766321489380494
6.093,0.1466595,-0.40417200000000003,9.4094577,-0.8914271311288839,1,0.7977429400178152,-1.8453418955800955,1,-1.7939006591663371
6.109,0.1377324,-0.40417200000000003,9.4977477,-0.8776049098510548,1,0.8638888298643225,-1.859494151907935,1,-1.8235393475462414
6.125,0.17069399999999998,-0.3487455,9.4977477,-0.8641603085206793,1,0.8402875831484683,-1.873428273654909,1,-1.853402726950744
6.14,0.17069399999999998,-0.3487455,9.4977477,-0.8510436242959223,1,0.8744456149838173,-1.8862923031510332,1,-1.881600631276788
6.156,0.205029,-0.3936753,9.5575887,-0.836729566675416,1,0.8946286012816432,-1.899794488678804,1,-1.9118893256114267
6.171,0.205029,-0.3936753,9.5575887,-0.8227646324115074,1,0.9309956175938678,-1.9122406951719564,1,-1.9404795894903084
6.187,0.20208600000000002,-0.4460607,9.634008600000001,-0.8072242932337392,1,0.9712711986105118,-1.9252806065771184,1,-1.971179759904301
6.203,0.2290635,-0.3712104,9.634008600000001,-0.7921256260455731,1,0.9436666992603806,-1.938075405931353,1,-2.002086608004369
6.218,0.2290635,-0.4027005000000001,9.6967926,-0.7758348424721806,1,1.086052238226192,-1.949835109445236,1,-2.0312459368696927
6.234,0.1586277,-0.4027005000000001,9.6444072,-0.761252116298591,1,0.9114203858493478,-1.9621318051154022,1,-2.062541672186178
6.25,0.17667810000000003,-0.37268190000000007,9.6444072,-0.7470468241714592,1,0.8878307579457393,-1.9741981966391626,1,-2.0940323122002145
6.265,0.17667810000000003,-0.42663690000000004,9.6744258,-0.7324021995361392,1,0.976308309021355,-1.9852940643169688,1,-2.123728504157385
6.281,0.1990449,-0.42663690000000004,9.6967926,-0.7175592914095912,1,0.9276817579092481,-1.9968937562445295,1,-2.155586006721877
6.296,0.1781496,-0.37866600000000006,9.6967926,-0.7031368402791731,1,0.9614967420278347,-2.007548977232194,1,-2.1856193272229536
6.312,0.2140542,-0.3547296,9.7926363,-0.6867349787249957,1,1.0251163471360893,-2.0186679517842276,1,-2.217829062655085
6.328,0.1946304,-0.36375480000000004,9.6773688,-0.6735438525994244,1,0.8244453828482038,-2.029550182434823,1,-2.2502148077288378
6.343,0.1946304,-0.36375480000000004,9.6773688,-0.660674461257404,1,0.8579594228013759,-2.039556819788749,1,-2.2807331102455137
6.359,0.1796211,-0.40113090000000007,9.6773688,-0.6480900379599479,1,0.7865264560910072,-2.050026935782488,1,-2.3134497802900835
6.375,0.1796211,-0.34128990000000003,9.8046045,-0.6327676064110435,1,0.9576519718065271,-2.0602737969374556,1,-2.346332186151843
6.39,0.2365191,-0.34128990000000003,9.806076000000001,-0.6177536086618058,1,1.0009331832825292,-2.0696527060505017,1,-2.377306634924252
6.406,0.16765290000000002,-0.4400766,9.806076000000001,-0.6030444896839562,1,0.9193199361156027,-2.0794190908372676,1,-2.4104992092993545
6.421,0.16765290000000002,-0.37572300000000003,9.7866522,-0.5892326874685168,1,0.9207868143625937,-2.0883611696659115,1,-2.4417575612531293
6.437,0.1571562,-0.37572300000000003,9.8524773,-0.5741578920944743,1,0.9421747108776515,-2.0976682943024154,1,-2.475245796964876
6.453,0.1930608,-0.4101561,9.8524773,-0.5594017628381245,1,0.922258078521864,-2.1067367715418763,1,-2.5088810374916304
6.468,0.1930608,-0.41908320000000004,9.855518400000001,-0.5449222941839871,1,0.9652979102758477,-2.115019201969542,1,-2.540544207292965
6.484,0.1526436,-0.41908320000000004,9.8689581,-0.5304857914635654,1,0.902281420026351,-2.1236224666547225,1,-2.574453340641959
6.5,0.20355750000000003,-0.38023560000000006,9.831582000000001,-0.5173280828303941,1,0.8223567895732079,-2.1320049776490744,1,-2.6084983601963896
6.515,0.16912439999999998,-0.3652263,9.831582000000001,-0.5045210634166715,1,0.8538012942481944,-2.139668846245927,1,-2.6405359138756013
6.531,0.16912439999999998,-0.44311770000000006,9.8165727,-0.49231404342715557,1,0.762938749344743,-2.1476435271006777,1,-2.6748344128623742
6.546,0.15568469999999998,-0.44311770000000006,9.834525,-0.47997281084160726,1,0.822748839036523,-2.1549356785076936,1,-2.7071037569044383
6.562,0.2200383,-0.3847482,9.834525,-0.4679624897806338,1,0.7506450663108393,-2.1625191609126717,1,-2.741643395619801
6.578,0.2200383,-0.3891627,9.855518400000001,-0.45572936419496557,1,0.7645703491042648,-2.1699086957444766,1,-2.7763028184730585
6.593,0.1796211,-0.3891627,9.845021700000002,-0.44407035057393074,1,0.777267574735672,-2.176657193605243,1,-2.8089020626431807
6.609,0.1631403,-0.4235958000000001,9.845021700000002,-0.4326680620907144,1,0.7126430302010205,-2.1836711009065604,1,-2.8437846889992753
6.625,0.1631403,-0.3831786,9.783611100000002,-0.4230807028129746,1,0.5992099548587365,-2.19051709102579,1,-2.878778194534734
6.64,0.2230794,-0.3831786,9.8584614,-0.4118745943173945,1,0.7470738997053575,-2.1967792557542674,1,-2.911682917135584
6.656,0.1990449,-0.40417200000000003,9.8076456,-0.40217202785366624,1,0.6064104039830148,-2.2032916287316358,1,-2.946883484211471
6.671,0.16912439999999998,-0.40417200000000003,9.8076456,-0.3927197927039483,1,0.6301490099811718,-2.209253317385818,1,-2.9799775713073533
6.687,0.16912439999999998,-0.33824879999999996,9.8285409,-0.38304964003669184,1,0.6043845417035282,-2.2154594728477432,1,-3.0153752736292216
6.703,0.17667810000000003,-0.33824879999999996,9.8151012,-0.3739396565463249,1,0.5693739681479343,-2.2215153872204074,1,-3.050871072509767
6.718,0.20954160000000002,-0.45802890000000007,9.8151012,-0.3649177303463915,1,0.6014617466622368,-2.2270568176221026,1,-3.084235364046085
6.734,0.20954160000000002,-0.40417200000000003,9.8644455,-0.3549712442381576,1,0.6216553817646181,-2.232815929418779,1,-3.119914346022412
6.75,0.21101310000000004,-0.40417200000000003,9.8105886,-0.3465787654680028,1,0.5245299231346752,-2.2384283294964282,1,-3.155684300093734
6.765,0.21258269999999999,-0.36375480000000004,9.8105886,-0.3384286984102456,1,0.5433378038504934,-2.243565885475515,1,-3.1892992567060228
6.781,0.21258269999999999,-0.37425150000000007,9.855518400000001,-0.3293729925717077,1,0.5659816149086166,-2.2489082990033706,1,-3.225239050181854
6.796,0.18266220000000002,-0.37425150000000007,9.818044200000001,-0.321465964276884,1,0.5271352196548936,-2.253789591179735,1,-3.2590092843582283
6.812,0.1870767,-0.3278502,9.8255979,-0.3136060969047012,1,0.49124171076142487,-2.258870167669188,1,-3.2951105624290196
6.828,0.1721655,-0.40868460000000006,9.8255979,-0.3058707458755556,1,0.4834594393215981,-2.2638259824114297,1,-3.3312921316296644
6.843,0.1721655,-0.3547296,9.8375661,-0.29808346587673284,1,0.5191519999215299,-2.2683556389995716,1,-3.3652834937902463
6.859,0.1721655,-0.3547296,9.8375661,-0.2904861195364177,1,0.47483414626969767,-2.2730641956828768,1,-3.4016148524677057
6.875,0.18109260000000002,-0.3547296,9.8285409,-0.28329011465776155,1,0.4497503049160075,-2.2776544055564303,1,-3.43802060127762
6.89,0.20954160000000002,-0.3143124,9.8285409,-0.27628936951687066,1,0.46671634272606893,-2.28185125168774,1,-3.4722168937069506
6.906,0.20954160000000002,-0.42957990000000007,9.8584614,-0.26862417353295953,1,0.47907474899444535,-2.2862105600321385,1,-3.5087613882007096
6.921,0.1930608,-0.42957990000000007,9.842078700000002,-0.2615532540516732,1,0.471394632085739,-2.2901868907390233,1,-3.5430843690814946
6.937,0.21856680000000003,-0.38621970000000005,9.842078700000002,-0.2546855839615958,1,0.429229380629836,-2.2943168014431294,1,-3.579760398618952
6.953,0.21856680000000003,-0.3876912,9.800091900000002,-0.24900702677894415,1,0.35490982391572745,-2.2983463423290535,1,-3.6165017037691296
6.968,0.23053500000000002,-0.3876912,9.8105886,-0.2432045428322862,1,0.3868322631105378,-2.3020379291011377,1,-3.651004585804855
6.984,0.17510850000000003,-0.40711500000000006,9.8225568,-0.23726072114498287,1,0.3714888554564585,-2.305881651212956,1,-3.687867942447368
7.0,0.17510850000000003,-0.4056435,9.8105886,-0.23175496616940983,1,0.3441096859733147,-2.309633776711471,1,-3.7247920658707634
7.015,0.19757340000000004,-0.4056435,9.856989900000002,-0.22524255184879394,1,0.4341609547077352,-2.3130612580966075,1,-3.759462278631823
7.031,0.19757340000000004,-0.4056435,9.856989900000002,-0.2188889769018516,1,0.39709843418389534,-2.316614310326613,1,-3.7964996831792086
7.046,0.1571562,-0.40711500000000006,9.856989900000002,-0.21270660910752603,1,0.4121578529550225,-2.3198512772216833,1,-3.831273175085822
7.062,0.1571562,-0.3307932,9.8076456,-0.2079473357083792,1,0.2974545874466769,-2.3232165087802104,1,-3.868417717373837
7.078,0.1990449,-0.3307932,9.848062800000001,-0.20230057715506966,1,0.35292240958184584,-2.3264984920831178,1,-3.9056154373807437
7.093,0.2290635,-0.3996594,9.848062800000001,-0.1967134109603883,1,0.3724777463120985,-2.3294910969939835,1,-3.940535359298821
7.109,0.2290635,-0.40711500000000006,9.803133,-0.192349689248708,1,0.27273260698001933,-2.332603601795656,1,-3.977832116889138
7.125,0.16912439999999998,-0.3503151,9.866015100000002,-0.18664301860586363,1,0.35666691517777205,-2.335635543458493,1,-4.015178030051171
7.14,0.23053500000000002,-0.3503151,9.842078700000002,-0.1816285098179069,1,0.334300585863789,-2.338397579921671,1,-4.050233278476521
7.156,0.1646118,-0.41466870000000006,9.842078700000002,-0.17670761185275197,1,0.3075561228221832,-2.3412642688950362,1,-4.087670573267055
7.171,0.1646118,-0.41908320000000004,9.8734707,-0.17113731883162764,1,0.37135286807494117,-2.3438731058751694,1,-4.122809103577834
7.187,0.1482291,-0.41908320000000004,9.8196138,-0.16702145679570712,1,0.25724137724503193,-2.346578376080188,1,-4.160332715433476
7.203,0.17069399999999998,-0.39671639999999997,9.8196138,-0.16301973116168078,1,0.2501078521266462,-2.349218705583847,1,-4.1978990920867885
7.218,0.17069399999999998,-0.4027005000000001,9.788123700000002,-0.15987696135495,1,0.20951798711539,-2.3516404307777217,1,-4.2331555356095
7.234,0.1466595,-0.4027005000000001,9.7926363,-0.15671038016991012,1,0.19791132406499196,-2.3541731295099204,1,-4.270802044091801
7.25,0.20355750000000003,-0.3532581,9.7926363,-0.15364274369068376,1,0.19172727995164768,-2.356655954500805,1,-4.308488676763887
7.265,0.20355750000000003,-0.37425150000000007,9.7866522,-0.15077674058893642,1,0.19106687344982665,-2.358939100632902,1,-4.343855639677389
7.281,0.19757340000000004,-0.37425150000000007,9.7701714,-0.14838522312867397,1,0.14946984126640292,-2.3613323963426427,1,-4.381617811653193
7.296,0.13469129999999999,-0.4221243,9.833053500000002,-0.1444984034559944,1,0.25912131151196116,-2.3635290235420277,1,-4.417054272302329
7.312,0.23053500000000002,-0.3907323,9.833053500000002,-0.14069462998586602,1,0.2377358418830242,-2.3658105678095627,1,-4.454888989033142
7.328,0.23053500000000002,-0.42506730000000004,9.874942200000001,-0.13592848414501013,1,0.2978841150534925,-2.36802355272261,1,-4.4927596619973995
7.343,0.1781496,-0.42506730000000004,9.8255979,-0.13250719913017228,1,0.2280856676558615,-2.3700368203471736,1,-4.528295114795422
7.359,0.16912439999999998,-0.40711500000000006,9.8255979,-0.1291917689503137,1,0.2072143862411611,-2.3721304120918174,1,-4.566232452654934
7.375,0.16912439999999998,-0.46999710000000006,9.8151012,-0.12614451235514323,1,0.190453537198154,-2.374173102342261,1,-4.604202880770407
7.39,0.21709530000000002,-0.46999710000000006,9.8151012,-0.12314859003396705,1,0.199728154745083,-2.3760428006101795,1,-4.639829500042549
7.406,0.18266220000000002,-0.43556400000000006,9.8151012,-0.12028151291663569,1,0.17919231983321,-2.377990241433784,1,-4.677861764378901
7.421,0.18266220000000002,-0.3532581,9.8689581,-0.1162524409845922,1,0.268604795469556,-2.3797642460880435,1,-4.7135449230353155
7.437,0.18109260000000002,-0.3532581,9.7956774,-0.11410822322181247,1,0.13401361017373314,-2.3816071314016947,1,-4.751635894055234
7.453,0.2290635,-0.3592422,9.8120601,-0.11158732536201121,1,0.15755611623757812,-2.383412695790365,1,-4.78975605267277
7.468,0.2290635,-0.3592422,9.8120601,-0.10912791281586287,1,0.16396083640989303,-2.385068060076699,1,-4.825519658341772
7.484,0.20208600000000002,-0.4400766,9.8120601,-0.1066627082810303,1,0.15407528342703522,-2.3867943850454743,1,-4.8636945579027495
7.5,0.2365191,-0.344331,9.8016615,-0.104585519755096,1,0.12982428287089387,-2.3884843708697634,1,-4.901896787950071
7.515,0.23053500000000002,-0.40417200000000003,9.8016615,-0.10250679613962888,1,0.13858157436447804,-2.3900375632389737,1,-4.937735702455886
7.531,0.23053500000000002,-0.40417200000000003,9.8016615,-0.10047877310014997,1,0.12675143996743177,-2.3916614477928917,1,-4.975989294544141
7.546,0.23053500000000002,-0.3503151,9.8046045,-0.09847900440350088,1,0.13331791310993393,-2.3931536311241692,1,-5.011875407636021
7.562,0.1781496,-0.3503151,9.7851807,-0.09702798701374249,1,0.09068858685989936,-2.394717687055507,1,-5.050178378181458
7.578,0.2290635,-0.3652263,9.7851807,-0.09557325870189715,1,0.09092051949033389,-2.396258497021232,1,-5.0885061876540725
7.593,0.2290635,-0.40868460000000006,9.8524773,-0.09247262454559113,2,0.20670894375373872,-2.397668841145588,1,-5.124460642690323
7.609,0.2080701,-0.40868460000000006,9.8644455,-0.0891673700094806,2,0.2065784085069076,-2.3991219611020287,1,-5.162834969108304
7.625,0.1631403,-0.3876912,9.731225700000001,-0.08923025148641273,2,-0.003930092308257468,-2.400549142073996,1,-5.201232337933712
7.64,0.18413369999999998,-0.43713360000000007,9.8464932,-0.08642331226278444,2,0.18712928157522338,-2.401866543802115,1,-5.237250455577782
7.656,0.18413369999999998,-0.43713360000000007,9.8464932,-0.08368483497143941,2,0.17115483070906365,-2.4032274089799888,1,-5.275691207200039
7.671,0.16019730000000001,-0.43713360000000007,9.7732125,-0.08280867085374233,2,0.05841094117980358,-2.4044761102736776,1,-5.311748983594442
7.687,0.1781496,-0.3936753,9.7732125,-0.0819913106399266,2,0.05108501336348321,-2.405794510125627,1,-5.350231148557636
7.703,0.1781496,-0.40417200000000003,9.854046900000002,-0.07921386955092302,2,0.1735900680627232,-2.4070841515671537,1,-5.388734177851179
7.718,0.1721655,-0.40417200000000003,9.8794548,-0.07588767116792461,2,0.2217465588665656,-2.408247413122545,1,-5.424849164586351
7.734,0.13469129999999999,-0.4565574,9.8794548,-0.0726011802862736,2,0.20540568010318763,-2.4094353239341784,1,-5.463390626482805
7.75,0.13469129999999999,-0.36071369999999997,9.8076456,-0.07124155082597383,2,0.08497684126873566,-2.410586065783076,1,-5.501950797600543
7.765,0.18413369999999998,-0.41908320000000004,9.8136297,-0.06969316158758154,2,0.10322594922615481,-2.411643076126178,1,-5.538117516164862
7.781,0.18266220000000002,-0.41908320000000004,9.783611100000002,-0.06891457333944473,2,0.048661765508550794,-2.412751938005594,1,-5.576712676277916
7.796,0.18413369999999998,-0.37572300000000003,9.783611100000002,-0.06819721746658836,2,0.047823724857089744,-2.4137802764366394,1,-5.612911667886234
7.812,0.18413369999999998,-0.3547296,9.8524773,-0.06583818242812889,2,0.14743968990371656,-2.414852559635797,1,-5.651540730574814
7.828,0.1990449,-0.3547296,9.818044200000001,-0.06436873294198442,2,0.09184059288402927,-2.415894214958758,1,-5.690186704771571
7.843,0.1586277,-0.3831786,9.818044200000001,-0.06292701155508773,2,0.09611475912644793,-2.4168489330424863,1,-5.726432278381579
7.859,0.1586277,-0.39671639999999997,9.839037600000001,-0.06099580080623035,2,0.12070067180358623,-2.417840315541377,1,-5.76510979237025
7.875,0.1930608,-0.39671639999999997,9.845021700000002,-0.05895089057474756,2,0.12780688946767416,-2.418799889072425,1,-5.803802914007161
7.89,0.24397470000000002,-0.4176117,9.845021700000002,-0.056907269709631336,2,0.1362413910077512,-2.4196688252745577,1,-5.8400914293647626
7.906,0.24397470000000002,-0.40417200000000003,9.821085300000002,-0.05551030104033039,2,0.08731054183130907,-2.4205681658405576,1,-5.878813325293684
7.921,0.11821050000000001,-0.37425150000000007,9.8405091,-0.05375942879486573,2,0.11672481636430644,-2.4213876888143218,1,-5.915127994203597
7.937,0.18109260000000002,-0.37425150000000007,9.7821396,-0.053450326027631334,2,0.019318922952149525,-2.4222453668529016,1,-5.953877058648935
7.953,0.18266220000000002,-0.43262100000000003,9.7821396,-0.0530893973422053,2,0.02255804283912697,-2.42309768463986,1,-5.992639803060877
7.968,0.18266220000000002,-0.39671639999999997,9.8495343,-0.0511322057252066,2,0.13047944113324939,-2.423879346662866,1,-6.028992130795647
7.984,0.1915893,-0.39671639999999997,9.8016615,-0.05038507529474501,2,0.04669565190384968,-2.4246914849110253,1,-6.067780697448238
8.0,0.21101310000000004,-0.33981839999999996,9.8016615,-0.04969853957160808,2,0.042908482696057924,-2.425492153829956,1,-6.106582166558166
8.015,0.21101310000000004,-0.4235958000000001,9.843550200000001,-0.04792876167838678,2,0.1179851928814157,-2.426224358589331,1,-6.142970040401312
8.031,0.21856680000000003,-0.4235958000000001,9.8046045,-0.04714691265009385,2,0.04886556426830775,-2.426984963983959,1,-6.181795714981898
8.046,0.18266220000000002,-0.42957990000000007,9.8046045,-0.04639568782417314,2,0.050081655061385066,-2.427686533487516,1,-6.218205751212931
8.062,0.18266220000000002,-0.41309910000000005,9.7971489,-0.045861691875442645,2,0.033374746795655746,-2.4284245925251127,1,-6.257054640221032
8.078,0.18266220000000002,-0.41309910000000005,9.7971489,-0.04534072021814417,2,0.032560728581154635,-2.4291542118218614,1,-6.295915270655808
8.093,0.2514303,-0.4056435,9.8225568,-0.044183955561431176,2,0.07711764378086335,-2.429825646890208,1,-6.3323576195961495
8.109,0.16019730000000001,-0.4056435,9.7821396,-0.04408679026489892,2,0.00607283103326583,-2.430531812856819,1,-6.3712404792741255
8.125,0.18109260000000002,-0.36826739999999997,9.7821396,-0.044019139926197326,2,0.004228146168849808,-2.4312366602983477,1,-6.410134627059367
8.14,0.18109260000000002,-0.3907323,9.7536906,-0.04462510703109679,2,-0.040397806993296,-2.4319014921505273,1,-6.446608163202735
8.156,0.2065986,-0.3907323,9.9124164,-0.04133648748774199,2,0.2055387214596747,-2.432589184906678,1,-6.485524088619193
8.171,0.1362609,-0.3562992,9.8584614,-0.03950433771939643,2,0.12214331788971376,-2.4331954910957316,1,-6.522017473689208
8.187,0.17510850000000003,-0.3562992,9.851005800000001,-0.03788361975936283,2,0.10129487250210004,-2.4338145947555616,1,-6.5609535543760185
8.203,0.1721655,-0.37572300000000003,9.851005800000001,-0.03628610845506053,2,0.09984445651889376,-2.434407952581277,1,-6.5998993347547135
8.218,0.1721655,-0.37572300000000003,9.851005800000001,-0.034727560841107064,2,0.10390317426356038,-2.4349405551009986,1,-6.636419448562332
8.234,0.1721655,-0.3831786,9.831582000000001,-0.03367334860860893,2,0.06588826453113311,-2.4354877623765963,1,-6.675382875102153
8.25,0.2425032,-0.3876912,9.830012400000001,-0.03264263723624694,2,0.06441946077262445,-2.436018290263355,1,-6.714354923523273
8.265,0.1437165,-0.3951468000000001,9.830012400000001,-0.03167711749964752,2,0.06436798243995878,-2.436500688423874,1,-6.750898815863429
8.281,0.1437165,-0.3951468000000001,9.830012400000001,-0.030735147024916643,2,0.05887315467067994,-2.4369999865400707,1,-6.78988682126314
8.296,0.1437165,-0.3592422,9.8405091,-0.029593906860840846,2,0.07608267760505921,-2.4374524544442138,1,-6.826445214570519
8.312,0.1392039,-0.3592422,9.8285409,-0.028773766379886823,2,0.051258780059626426,-2.4379193958301397,1,-6.865448189372714
8.328,0.1721655,-0.4027005000000001,9.8285409,-0.027919856333003423,2,0.05336937793021241,-2.4383729448118427,1,-6.90445852809785
8.343,0.1721655,-0.43713360000000007,9.843550200000001,-0.026685266825554166,2,0.08230596716328072,-2.438782483235532,1,-6.9410371938082065
8.359,0.1870767,-0.43713360000000007,9.831582000000001,-0.025765727416773743,2,0.0574712130487764,-2.4392020911894705,1,-6.980061070403607
8.375,0.21709530000000002,-0.36826739999999997,9.831582000000001,-0.024922308472273613,2,0.05271368403125804,-2.439607595476583,1,-7.019091547896935
8.39,0.21709530000000002,-0.32932170000000005,9.831582000000001,-0.02413313065360967,2,0.052611854577594284,-2.4399755112700268,1,-7.055688421197536
8.406,0.1781496,-0.43262100000000003,9.8091171,-0.023832044458854895,2,0.018817887172173347,-2.4403592326709265,1,-7.094731099149064
8.421,0.205029,-0.43262100000000003,9.848062800000001,-0.0225767415378737,2,0.083686861398753,-2.440707298565902,1,-7.1313390981333376
8.437,0.18413369999999998,-0.3592422,9.848062800000001,-0.02143399683243352,2,0.07142154409001115,-2.4410593844728643,1,-7.1703932315976475
8.453,0.18413369999999998,-0.37572300000000003,9.7941078,-0.021618920288549504,2,-0.011557716007248853,-2.441403807809832,1,-7.209452937135909
8.468,0.20355750000000003,-0.37572300000000003,9.8196138,-0.021168457809386254,2,0.03003083194421549,-2.441724713145567,1,-7.246076401043076
8.484,0.17069399999999998,-0.3891627,9.8196138,-0.020731487759100276,2,0.027310628142873637,-2.4420599127101146,1,-7.285146678049921
8.5,0.17069399999999998,-0.3652263,9.731225700000001,-0.02248155760141124,2,-0.10937936514443515,-2.442405617072999,1,-7.3242224022881866
8.515,0.18864630000000002,-0.3652263,9.7732125,-0.023157705787864913,2,-0.04507654576357652,-2.4427479115484183,1,-7.360861053752848
8.531,0.17510850000000003,-0.4056435,9.7732125,-0.02378466118472211,2,-0.03918471230357486,-2.443123450484199,1,-7.39994802464911
8.546,0.1990449,-0.32932170000000005,9.7701714,-0.024529207227406147,2,-0.049636402845606366,-2.44348580449729,1,-7.4365975940614675
8.562,0.2290635,-0.32932170000000005,9.8495343,-0.02330550164856504,2,0.07648159867756903,-2.443868482168298,1,-7.475696428354793
8.578,0.1856052,-0.4176117,9.8495343,-0.022052359874981775,2,0.07832136084895407,-2.4442313450604862,1,-7.514801226972623
8.593,0.1856052,-0.4176117,9.8495343,-0.020829782534901753,2,0.08150515600533172,-2.4445529611285606,1,-7.551467109269042
8.609,0.1856052,-0.3907323,9.839037600000001,-0.019919669110938898,2,0.05688208899767839,-2.4448789567417273,1,-7.590582564612005
8.625,0.19757340000000004,-0.3907323,9.8405091,-0.01899022023813579,2,0.058090554550194136,-2.44519023585652,1,-7.629703118152791
8.64,0.2230794,-0.41466870000000006,9.8405091,-0.018046292769314576,2,0.06292849792141196,-2.4454680097040757,1,-7.666383054994497
8.656,0.2230794,-0.39220380000000005,9.830012400000001,-0.01740357491003408,2,0.0401698662050309,-2.4457516086455104,1,-7.7055128119412934
8.671,0.21101310000000004,-0.39220380000000005,9.8464932,-0.016381464988389993,2,0.06814066144294466,-2.446004996444749,1,-7.742200986479467
8.687,0.205029,-0.35178660000000006,9.8464932,-0.015424572682043447,2,0.05980576914665908,-2.4462594447461123,1,-7.781339102008994
8.703,0.23200650000000003,-0.3847482,9.8165727,-0.015175398508610272,2,0.015573385839573448,-2.4465042445156375,1,-7.820481211523088
8.718,0.23200650000000003,-0.39671639999999997,9.8016615,-0.015283984594386624,2,-0.007239072385089865,-2.44673268988891,1,-7.857180488531124
8.734,0.2065986,-0.39671639999999997,9.7791966,-0.015951126170939744,2,-0.041696348534570014,-2.4469825707750323,1,-7.896330210616435
8.75,0.23799060000000002,-0.38621970000000005,9.7791966,-0.016594847651475675,2,-0.04023259253349561,-2.4472429385656116,1,-7.93548401469116
8.765,0.23799060000000002,-0.3817071,9.8584614,-0.015295923246162246,2,0.08659496035422529,-2.447482119347344,1,-7.972194452625509
8.781,0.23799060000000002,-0.3817071,9.8584614,-0.01402867992390533,2,0.07920270764105723,-2.4477167161727045,1,-8.01135604330967
8.796,0.1796211,-0.3817071,9.839037600000001,-0.013295786091228834,2,0.048859588845103635,-2.447921649667818,1,-8.048073331053471
8.812,0.2065986,-0.4101561,9.839037600000001,-0.01253997213458291,2,0.04723837229037016,-2.448128335733624,1,-8.087241730936682
8.828,0.2140542,-0.37268190000000007,9.821085300000002,-0.012272476558903733,2,0.01671847347994858,-2.448326835323172,1,-8.126413372305137
8.843,0.2140542,-0.37268190000000007,9.821085300000002,-0.012011505265558498,2,0.017398086223015054,-2.4485089651868557,1,-8.163139640808964
8.859,0.1856052,-0.43262100000000003,9.821085300000002,-0.011711128487824851,2,0.01877354860835288,-2.4486987462568828,1,-8.202317302500514
8.875,0.1272357,-0.3996594,9.848062800000001,-0.010817368494635105,2,0.055859999574359116,-2.4488789742327426,1,-8.241497924264431
8.89,0.1272357,-0.4400766,9.8285409,-0.010379049287395858,2,0.0292212804826153,-2.449037947366108,1,-8.278232301176423
8.906,0.1661814,-0.4400766,9.842078700000002,-0.00960744447844597,2,0.04822530055936798,-2.4491978393162346,1,-8.317418187469881
8.921,0.1661814,-0.42663690000000004,9.842078700000002,-0.008869076534313791,2,0.04922452960881589,-2.4493364132238304,1,-8.354157194363928
8.937,0.1661814,-0.347274,9.8091171,-0.009028076482739067,2,-0.009937496776579726,-2.4494795904479667,1,-8.393347722393303
8.953,0.1497006,-0.347274,9.877983300000002,-0.007511240553425225,2,0.09480224558211506,-2.449611904984256,1,-8.432540454356761
8.968,0.15568469999999998,-0.40417200000000003,9.877983300000002,-0.005976405795307116,2,0.10232231720787004,-2.4497130623318712,1,-8.469285391611633
8.984,0.15568469999999998,-0.37425150000000007,9.7866522,-0.0067334316700407015,2,-0.04731411717084906,-2.4498147410315942,1,-8.50848161403854
9.0,0.1721655,-0.37425150000000007,9.8120601,-0.006846108393252948,2,-0.0070422952007653744,-2.4499233773521008,1,-8.54767951898561
9.015,0.2006145,-0.3532581,9.8120601,-0.006961833192571376,2,-0.007714986621228274,-2.4500269369139946,1,-8.584429146342607
9.031,0.1915893,-0.42957990000000007,9.7941078,-0.007442304081672901,2,-0.0300294305688453,-2.450142170012189,1,-8.623630499198017
9.046,0.1915893,-0.41309910000000005,9.855518400000001,-0.006432116251009035,2,0.06734585537759653,-2.450246228164684,1,-8.66038341218434
9.062,0.1482291,-0.41309910000000005,9.8165727,-0.006413731766690134,2,0.0011490302699312938,-2.4503489949488255,1,-8.699588173969248
9.078,0.2065986,-0.38621970000000005,9.8165727,-0.006396756383541202,2,0.0010609614468082276,-2.4504514788540273,1,-8.738794577759672
9.093,0.2065986,-0.40868460000000006,9.843550200000001,-0.005700758832476893,2,0.04639983673761885,-2.4505422102181473,1,-8.775552030427715
9.109,0.18266220000000002,-0.33824879999999996,9.836094600000001,-0.005280094161982163,2,0.02629154190592062,-2.450630057042103,1,-8.814761408565797
9.125,0.18266220000000002,-0.37425150000000007,9.839037600000001,-0.004766195578813637,2,0.032118661448032854,-2.450710427360029,1,-8.853972132441013
9.14,0.21552570000000001,-0.37425150000000007,9.848062800000001,-0.004028711468192725,2,0.04916560737472559,-2.4507763891628818,1,-8.890733283564936
9.156,0.21552570000000001,-0.37425150000000007,9.848062800000001,-0.0033092147749052003,2,0.04496854333047025,-2.4508350925728264,1,-8.929946175418822
9.171,0.16019730000000001,-0.44154810000000005,9.8405091,-0.0027490959795670733,2,0.03734125302254481,-2.450880529903485,1,-8.966709042587391
9.187,0.23347800000000002,-0.33981839999999996,9.8405091,-0.0022653316717917704,2,0.030235269235956402,-2.450920645324696,1,-9.005923451989217
9.203,0.23347800000000002,-0.4056435,9.8136297,-0.0023874688218477047,2,-0.007633571878495886,-2.450957867728645,1,-9.045138480093643
9.218,0.205029,-0.4056435,9.8165727,-0.0024504087068599745,2,-0.004195992334151159,-2.4509941518101104,1,-9.081903120240185
9.234,0.1406754,-0.41309910000000005,9.8165727,-0.0025318474177975503,2,-0.005089919433598484,-2.4510340098591077,1,-9.121119345533538
9.25,0.1406754,-0.36826739999999997,9.8046045,-0.0029464504892633414,2,-0.02591269196661192,-2.451077836242364,1,-9.16033624030235
9.265,0.17069399999999998,-0.36826739999999997,9.8136297,-0.0031193865626981676,2,-0.01152907156232131,-2.4511233300202537,1,-9.197102749049321
9.281,0.18864630000000002,-0.4281084,9.8136297,-0.0032209344031048914,2,-0.006346740025420234,-2.45117405258798,1,-9.236321128110188
9.296,0.18864630000000002,-0.40417200000000003,9.834525,-0.002835617909443755,2,0.025687766244077828,-2.451219476730324,1,-9.273089079580071
9.312,0.1870767,-0.40417200000000003,9.8405091,-0.0023146256035957435,2,0.03256201911550069,-2.4512606786784286,1,-9.312308920823341
9.328,0.2290635,-0.3592422,9.8405091,-0.0018271741361921556,2,0.030465716712724217,-2.451293813076347,1,-9.351529356757379
9.343,0.21552570000000001,-0.37268190000000007,9.830012400000001,-0.0016026566979832069,2,0.01496782921392935,-2.451319536807603,1,-9.38829895688151
9.359,0.21552570000000001,-0.3951468000000001,9.777627,-0.002638585603079946,2,-0.06474555656854614,-2.4513534667460117,1,-9.427520340909938
9.375,0.1946304,-0.3951468000000001,9.7986204,-0.003148409744818892,2,-0.031864008858684095,-2.451399762708795,1,-9.466742366745576
9.39,0.2274939,-0.3817071,9.7986204,-0.0036415323663430144,2,-0.03287484143494025,-2.4514506872746287,1,-9.503513745120452
9.406,0.2274939,-0.3907323,9.800091900000002,-0.004078108111055911,2,-0.027285984044556042,-2.451512444398448,1,-9.542737450173837
9.421,0.1946304,-0.3907323,9.8674866,-0.0028791246778112622,2,0.07993222888298304,-2.4515646236443644,1,-9.579510528184155
9.437,0.2006145,-0.39671639999999997,9.8674866,-0.0017006466177509338,2,0.07365487875377046,-2.451601261814729,1,-9.618735855267827
9.453,0.2006145,-0.4445892,9.8854389,-6.386325074991817e-05,2,0.10229896043756338,-2.451615377893677,1,-9.657961588385495
9.468,0.2006145,-0.4445892,9.8854389,0.001532998570715094,2,0.1064574547643301,-2.4516043593787775,1,-9.69473573641504
9.484,0.18413369999999998,-0.4445892,9.860031000000001,0.002464129370633117,2,0.058195674994876385,-2.4515723823552467,1,-9.733961150348913
9.5,0.17069399999999998,-0.43262100000000003,9.830012400000001,0.0026223428911169577,2,0.009888345030240045,-2.4515316905771525,1,-9.773185982932372
9.515,0.2080701,-0.3562992,9.830012400000001,0.0027196186202651518,2,0.006485048609879357,-2.4514916258658173,1,-9.809958657805696
9.531,0.2080701,-0.3876912,9.8196138,0.0025900987644078555,2,-0.008094990991081012,-2.45144914812674,1,-9.849182183997637
9.546,0.2290635,-0.3876912,9.8105886,0.0022552276610330324,2,-0.02232474022499,-2.4514128081785493,1,-9.885953648669924
9.562,0.21101310000000004,-0.4116276,9.8105886,0.0019424179981921696,2,-0.019550603927553905,-2.4513792270132755,1,-9.925175984951458
9.578,0.21101310000000004,-0.41309910000000005,9.845021700000002,0.0024776424767267713,2,0.033451529908412575,-2.4513438665294762,1,-9.9643977696998
9.593,0.2274939,-0.41309910000000005,9.834525,0.0027530311648256145,2,0.018359245873255516,-2.4513046364771647,1,-10.001167633472352
9.609,0.17069399999999998,-0.3532581,9.842078700000002,0.0031209626322468154,2,0.022995716713825033,-2.451257644526788,1,-10.040388131720384
9.625,0.1511721,-0.3532581,9.833053500000002,0.0032521814244503844,2,0.008201174512723057,-2.4512066593743342,1,-10.079607846151593
9.64,0.17510850000000003,-0.39818790000000004,9.871999200000001,0.004380684278382674,2,0.07523352359548312,-2.451149412881563,1,-10.116375516693513
9.656,0.17510850000000003,-0.39818790000000004,9.871999200000001,0.005481662672462306,2,0.06881114962997698,-2.4510705141059566,1,-10.155593276109412
9.671,0.1107549,-0.4460607,9.871999200000001,0.006582962132446468,2,0.07341996399895004,-2.4509800294199198,1,-10.192358655185853
9.687,0.1107549,-0.34128990000000003,9.7941078,0.0056570591416580385,2,-0.05786893692427681,-2.450882109249727,1,-10.23157355229521
9.703,0.2006145,-0.34128990000000003,9.8464932,0.006065207668324746,2,0.025509282916669183,-2.450788331115247,1,-10.27078691581813
9.718,0.1781496,-0.37425150000000007,9.8464932,0.006482058157683213,2,0.027790032623896732,-2.450694226621552,1,-10.307548035001158
9.734,0.1781496,-0.40417200000000003,9.842078700000002,0.00680999804191984,2,0.020496242764789212,-2.4505878901719553,1,-10.346758291935506
9.75,0.1511721,-0.40417200000000003,9.8196138,0.006571544576358335,2,-0.014903341597594086,-2.4504808378310092,1,-10.38596684175953
9.765,0.2365191,-0.3487455,9.8196138,0.0063281829168460035,2,-0.016224110634154795,-2.4503840898748104,1,-10.422723328717325
9.781,0.2365191,-0.41466870000000006,9.7686999,0.004912862812233243,2,-0.08845750653829745,-2.4502941615089777,1,-10.461928754728396
9.796,0.16912439999999998,-0.41466870000000006,9.764187300000001,0.0033880243737431925,2,-0.10165589589934489,-2.450231904855083,1,-10.498682700226123
9.812,0.16019730000000001,-0.40417200000000003,9.8524773,0.004037287205365558,2,0.04057892697639783,-2.45017250236245,1,-10.537885935483864
9.828,0.24397470000000002,-0.3831786,9.8524773,0.004692144764714357,2,0.04092859745929985,-2.4501026669066897,1,-10.577088136838016
9.843,0.24397470000000002,-0.4221243,9.855518400000001,0.005443888766720306,2,0.05011626680039474,-2.450026646655204,1,-10.613839106689731
9.859,0.16765290000000002,-0.4221243,9.8584614,0.00621017225526721,2,0.04789271803418145,-2.449933414167028,1,-10.653038787176309
9.875,0.18109260000000002,-0.3652263,9.8584614,0.006908194442699411,2,0.043626386714512536,-2.449828467233444,1,-10.692236882227512
9.89,0.18109260000000002,-0.3202965,9.8105886,0.0063843075766598645,2,-0.0349257910693018,-2.4497287734682986,1,-10.728983561532777
9.906,0.2200383,-0.3202965,9.843550200000001,0.006695917093647807,2,0.019475594811746415,-2.4496241316709364,1,-10.768178384773892
9.921,0.1930608,-0.4221243,9.843550200000001,0.007079703563512396,2,0.02558576465764131,-2.4495208145160077,1,-10.804921971870291
9.937,0.1930608,-0.36071369999999997,9.7821396,0.005898109482126657,2,-0.07384963008660865,-2.4494169920116424,1,-10.844113474322512
9.953,0.24397470000000002,-0.36071369999999997,9.771642900000002,0.004517285368930146,2,-0.08630150707478182,-2.4493336688528338,1,-10.883303479609427
9.968,0.21552570000000001,-0.4116276,9.831582000000001,0.004663155607746106,2,0.009724682587730259,-2.449264815545509,1,-10.920042968242416
9.984,0.1497006,-0.37425150000000007,9.831582000000001,0.004739277710710255,2,0.004757631435259309,-2.449189596078961,1,-10.959230603535412
10.0,0.1497006,-0.4027005000000001,9.771642900000002,0.0033804089460431896,2,-0.08492929779169149,-2.449124638585707,1,-10.998417117412728
10.015,0.21709530000000002,-0.4027005000000001,9.7956774,0.002671069997651543,2,-0.04728926322610799,-2.4490792524936293,1,-11.035153646595825
10.031,0.19610190000000002,-0.41309910000000005,9.7956774,0.0019787941737554604,2,-0.04326723899350511,-2.449042053580258,1,-11.074338617044416
10.046,0.19610190000000002,-0.38023560000000006,9.860031000000001,0.002839093095522216,2,0.057353261451121657,-2.4490059194257383,1,-11.111073976841958
10.062,0.17510850000000003,-0.38023560000000006,9.860031000000001,0.0036687794549639108,2,0.051855397465105875,-2.4489538564453346,1,-11.150257655048927
10.078,0.21709530000000002,-0.3367773,9.860031000000001,0.00446007285253458,2,0.04945583734816679,-2.4488888256268746,1,-11.189440396505505
10.093,0.21709530000000002,-0.3367773,9.860031000000001,0.005232066411139158,2,0.05146623724030324,-2.448816134582397,1,-11.226173183707076
10.109,0.21709530000000002,-0.4116276,9.834525,0.0054330445452208664,2,0.012561133380106771,-2.448730813694746,1,-11.265353559293292
10.125,0.21101310000000004,-0.3907323,9.818044200000001,0.005203566880542354,2,-0.014342354042407012,-2.44864572080334,1,-11.304532571569277
10.14,0.20954160000000002,-0.40113090000000007,9.818044200000001,0.00498913560149461,2,-0.014295418603182411,-2.448569275534725,1,-11.341261684041815
10.156,0.20954160000000002,-0.40113090000000007,9.818044200000001,0.004779934353642545,2,-0.013075077990754013,-2.4484911229750836,1,-11.380438167229894
10.171,0.20954160000000002,-0.44753220000000005,9.8255979,0.004808695822841713,2,0.001917431279944673,-2.44841920824876,1,-11.417164994714069
10.187,0.1721655,-0.3847482,9.8120601,0.004424396816213871,2,-0.02401868791424009,-2.4483453435076474,1,-11.45633911112812
10.203,0.1721655,-0.4445892,9.8524773,0.00509571635573991,2,0.04195747122037737,-2.4482691826022718,1,-11.495512027337
10.218,0.1721655,-0.4445892,9.8524773,0.005750662247960392,2,0.043663059481363814,-2.448187834762744,1,-11.532235454967239
10.234,0.21552570000000001,-0.4445892,9.8794548,0.007067580311881372,2,0.08230737899506117,-2.4480852888222655,1,-11.57140563995592
10.25,0.1631403,-0.35777070000000005,9.8196138,0.006783642698756864,2,-0.0177461008202817,-2.4479744790381806,1,-11.610574118098803
10.265,0.20355750000000003,-0.36375480000000004,9.8255979,0.0066762010796797,2,-0.007162774605144017,-2.447873530209842,1,-11.647292978168165
10.281,0.20355750000000003,-0.36375480000000004,9.8255979,0.006571379987896364,2,-0.006551318236458486,-2.4477675495613016,1,-11.686458106806334
10.296,0.21101310000000004,-0.36375480000000004,9.777627,0.0053040017233794146,2,-0.08449188430113677,-2.447678484198467,1,-11.723173952059529
10.312,0.1990449,-0.40417200000000003,9.777627,0.004100093126840676,2,-0.0752442872836711,-2.447603251439665,1,-11.762336205944635
10.328,0.205029,-0.37572300000000003,9.8151012,0.003814049614653925,2,-0.017877719511671924,-2.447539938297733,1,-11.801497351462535
10.343,0.205029,-0.37572300000000003,9.8151012,0.0035349827734947326,2,-0.018604456077278782,-2.447484820554822,1,-11.83821003715393
10.359,0.1796211,-0.41309910000000005,9.8151012,0.003287187258697699,2,-0.015487219674814576,-2.4474302431945647,1,-11.877369357663925
10.375,0.1796211,-0.3891627,9.8644455,0.004223978996993338,2,0.0585494836434774,-2.447370153864519,1,-11.916527760840397
10.39,0.15421320000000002,-0.3891627,9.8120601,0.003850908047020596,2,-0.024871396664848555,-2.447309592211689,1,-11.953237858935971
10.406,0.17510850000000003,-0.40868460000000006,9.8120601,0.0035148202628949576,2,-0.02100548650785237,-2.44725066638521,1,-11.992394341004745
10.421,0.17510850000000003,-0.38023560000000006,9.842078700000002,0.003890559309690289,2,0.025049269786357447,-2.4471951260384155,1,-12.029102684447919
10.437,0.1272357,-0.3652263,9.830012400000001,0.003931289440208374,2,0.0025456331573803204,-2.447132551248416,1,-12.068257305866213
10.453,0.16019730000000001,-0.3652263,9.888480000000001,0.0054076442933990165,2,0.09227217832441506,-2.447057839778547,1,-12.107410828994428
10.468,0.20208600000000002,-0.38621970000000005,9.888480000000001,0.006886127253897811,2,0.09856553069991592,-2.4469656364919423,1,-12.144116005066458
10.484,0.20208600000000002,-0.3771945,9.7911648,0.0059487604793151405,2,-0.05858542341141688,-2.4468629573900764,1,-12.183266633817514
10.5,0.1856052,-0.3771945,9.818044200000001,0.005681298875403584,2,-0.016716350244472253,-2.4467699169152386,1,-12.222415696811955
10.515,0.22455090000000003,-0.32932170000000005,9.818044200000001,0.005398209404550158,2,-0.01887263139022768,-2.446686820603139,1,-12.259116622343345
10.531,0.22455090000000003,-0.3936753,9.839037600000001,0.005691253039682209,2,0.018315227195753164,-2.446598104903585,1,-12.2982629017474
10.546,0.21856680000000003,-0.3936753,9.8196138,0.0055006111855853135,2,-0.012709456939794072,-2.446514165921896,1,-12.334961243778588
10.562,0.1781496,-0.36826739999999997,9.8196138,0.005270705508712226,2,-0.014369104804567977,-2.4464279953883414,1,-12.37410478106907
10.578,0.1781496,-0.3907323,9.764187300000001,0.003716996013453766,2,-0.09710684345365364,-2.446356093776164,1,-12.413247053782387
10.593,0.18266220000000002,-0.4685256,9.854046900000002,0.004475427010298461,2,0.050562066456311054,-2.4462946506034857,1,-12.449941934365235
10.609,0.1946304,-0.4685256,9.8016615,0.003944947066392146,2,-0.033154996494144634,-2.4462272876108724,1,-12.48908210987095
10.625,0.20355750000000003,-0.3652263,9.8016615,0.003324786654360423,2,-0.03876002575198264,-2.4461691297411066,1,-12.528221281209765
10.64,0.20355750000000003,-0.38023560000000006,9.8076456,0.0028794727661978214,2,-0.029687592544172324,-2.446122597795452,1,-12.56491346916629
10.656,0.1930608,-0.38023560000000006,9.8165727,0.0026573773131097767,2,-0.013880965818002787,-2.4460783029948177,1,-12.604051076372613
10.671,0.1511721,-0.4027005000000001,9.8165727,0.002444632066939789,2,-0.01418301641133364,-2.446040037924467,1,-12.640741963929505
10.687,0.1511721,-0.3712104,9.8375661,0.002718436129155677,2,0.017112753888492968,-2.4459987333788984,1,-12.679878274099933
10.703,0.1571562,-0.3712104,9.8151012,0.002440383450700523,2,-0.017378292403447113,-2.4459574628222596,1,-12.719013923669541
10.718,0.173637,-0.42957990000000007,9.8151012,0.0022338987924541698,2,-0.013765643883089684,-2.445922405705436,1,-12.7557030226835
10.734,0.173637,-0.3996594,9.874942200000001,0.0034597640680971153,2,0.07661657972768403,-2.4458768564025513,1,-12.794837416780364
10.75,0.173637,-0.3996594,9.874942200000001,0.0046557301906755555,2,0.07474788266115244,-2.445811932448481,1,-12.833970927091173
10.765,0.18266220000000002,-0.38621970000000005,9.7851807,0.0036262226912082696,2,-0.06863383329781646,-2.445749817801867,1,-12.870657640218052
10.781,0.1796211,-0.44753220000000005,9.8704296,0.004760836789845513,2,0.07091338116482764,-2.4456827213260186,1,-12.909789100531075
10.796,0.1796211,-0.44753220000000005,9.8704296,0.0058677773738828876,2,0.07379603893583092,-2.4456030067197907,1,-12.946473743491415
10.812,0.1796211,-0.3831786,9.7821396,0.004730318752018903,2,-0.07109116386649898,-2.4455182219507834,1,-12.98560271332078
10.828,0.1781496,-0.3831786,9.806076000000001,0.004203219319846241,2,-0.03294371451079134,-2.4454467536462086,1,-13.024730433125557
10.843,0.1915893,-0.34580249999999996,9.806076000000001,0.003661295370520179,2,-0.03612826328840276,-2.4453877697860307,1,-13.0614116920513
10.859,0.1915893,-0.45351630000000004,9.8704296,0.004807190214810575,2,0.07161842776814968,-2.445320021901348,1,-13.100537354384798
10.875,0.19011780000000003,-0.45351630000000004,9.747706500000001,0.002934951449987011,2,-0.11701492280147265,-2.4452580847680294,1,-13.139661979238154
10.89,0.2080701,-0.3652263,9.747706500000001,0.0010269735448229511,2,-0.1271985270109325,-2.445228370330568,1,-13.176340627651395
10.906,0.21101310000000004,-0.36826739999999997,9.8375661,0.00135950311601718,2,0.020783098199639288,-2.4452092785172814,1,-13.215464128842179
10.921,0.21101310000000004,-0.4101561,9.8524773,0.0020875919450773495,2,0.048539255270681876,-2.4451834253043234,1,-13.252142074120838
10.937,0.1661814,-0.4101561,9.764187300000001,0.0006257873958457338,2,-0.0913627843269759,-2.445161718269596,1,-13.29126483526943
10.953,0.1661814,-0.3907323,9.764187300000001,-0.0008197735085833102,2,-0.09034755652681517,-2.4451632701584978,1,-13.330387435176855
10.968,0.1661814,-0.4281084,9.8495343,-0.00011253580555070641,2,0.0471491802021718,-2.445170262478354,1,-13.367064936671632
10.984,0.1107549,-0.40113090000000007,9.8375661,0.0002391483087436086,2,0.021980257143394667,-2.445169249578328,1,-13.406187652768086
11.0,0.1107549,-0.37572300000000003,9.806076000000001,-0.00020963422425346323,2,-0.028048908312316965,-2.445169013465652,1,-13.445310358872439
11.015,0.1107549,-0.37572300000000003,9.806076000000001,-0.0006474708418107156,2,-0.02918910783714905,-2.4451754417536478,1,-13.481987942286585
11.031,0.16166880000000003,-0.37572300000000003,9.7672284,-0.0020040695334309078,2,-0.08478741822626194,-2.44519665407665,1,-13.521110919053227
11.046,0.1661814,-0.36973890000000004,9.783611100000002,-0.0029320648677284566,2,-0.06186635561984157,-2.4452336750846584,1,-13.557789146521934
11.062,0.19757340000000004,-0.4027005000000001,9.783611100000002,-0.003791499849146618,2,-0.05371468633863503,-2.4452874636023934,1,-13.596913315631431
11.078,0.2290635,-0.3771945,9.7895952,-0.004492207946771742,2,-0.04379425610157024,-2.445353733264761,1,-13.636038445206369
11.093,0.2290635,-0.3771945,9.7895952,-0.005175825602989903,2,-0.045574510414542316,-2.445426243516384,1,-13.672719295032229
11.109,0.18266220000000002,-0.42065280000000005,9.7895952,-0.005823396108016965,2,-0.040473156564191336,-2.445514237290072,1,-13.71184681887868
11.125,0.18266220000000002,-0.3831786,9.834525,-0.0053978341585292355,2,0.026597621842983064,-2.445604007132204,1,-13.750975764834058
11.14,0.18413369999999998,-0.3831786,9.7656588,-0.006660068327860813,2,-0.08414894462210198,-2.445694441400852,1,-13.787660503198056
11.156,0.21709530000000002,-0.44154810000000005,9.7656588,-0.007814971148828675,2,-0.07218142631049133,-2.4458102417166656,1,-13.826792540662996
11.171,0.21709530000000002,-0.40417200000000003,9.833053500000002,-0.007339157736639734,2,0.03172089414593197,-2.4459238976833064,1,-13.863480546708493
11.187,0.1781496,-0.40417200000000003,9.851005800000001,-0.006456599612427283,2,0.05515988276327816,-2.446034263742099,1,-13.902616211999897
11.203,0.1482291,-0.40868460000000006,9.827069400000001,-0.0061863536328630175,2,0.01689037372276657,-2.446135407368061,1,-13.941753569368778
11.218,0.19011780000000003,-0.3771945,9.827069400000001,-0.0059358092170835874,2,0.016702961051961375,-2.4462263235894355,1,-13.97844628235096
11.234,0.19011780000000003,-0.38621970000000005,9.7672284,-0.0071409631148746655,2,-0.07532211861194231,-2.4463309377680913,1,-14.017586740441821
11.25,0.1212516,-0.38621970000000005,9.8524773,-0.006265998135486228,2,0.054685311211777284,-2.446438193458094,1,-14.05672889349163
11.265,0.21101310000000004,-0.37572300000000003,9.8524773,-0.005385381580914839,2,0.05870777030475708,-2.446525578805967,1,-14.093426121783612
11.281,0.21101310000000004,-0.43713360000000007,9.818044200000001,-0.0053033340611605695,2,0.005127969984641818,-2.4466110885311037,1,-14.132571215122308
11.296,0.20208600000000002,-0.43713360000000007,9.8120601,-0.005373641077850877,2,-0.0046871344460208755,-2.4466911658446464,1,-14.169270982030124
11.312,0.1646118,-0.36669779999999996,9.8120601,-0.005529592723808818,2,-0.009746977872371323,-2.4467783917150596,1,-14.208418738490602
11.328,0.1646118,-0.38621970000000005,9.8225568,-0.00540770520281697,2,0.007617970061990491,-2.4468658900984726,1,-14.24756789274511
11.343,0.17069399999999998,-0.38621970000000005,9.749178,-0.007074323850453368,2,-0.11110790984242229,-2.446959505316372,1,-14.284271583210723
11.359,0.1796211,-0.3891627,9.8405091,-0.006468075298943887,2,0.037890534469342506,-2.4470678445095673,1,-14.32342380200933
11.375,0.16765290000000002,-0.3817071,9.8405091,-0.005888875221545575,2,0.03620000483739446,-2.447166700113731,1,-14.362577678366316
11.39,0.16765290000000002,-0.3367773,9.7821396,-0.006786375959924484,2,-0.05983338255859167,-2.447261764497592,1,-14.399285891850901
11.406,0.22455090000000003,-0.3367773,9.800091900000002,-0.007196701065344868,2,-0.025645319088773964,-2.447373629113794,1,-14.438442974999793
11.421,0.1466595,-0.44753220000000005,9.800091900000002,-0.007524975690239799,2,-0.021884974992997155,-2.447484041689461,1,-14.475154407530814
11.437,0.1466595,-0.38023560000000006,9.7851807,-0.008277866854941252,2,-0.04705569779384074,-2.447610464429822,1,-14.514315163579768
11.453,0.1466595,-0.38023560000000006,9.7851807,-0.009012394820503644,2,-0.0459079978476495,-2.447748786523226,1,-14.553478037587393
11.468,0.21258269999999999,-0.38023560000000006,9.8240283,-0.008752951259022979,2,0.01729623743204372,-2.4478820266188226,1,-14.59019526868596
11.484,0.2006145,-0.37425150000000007,9.8240283,-0.008511567770629114,2,0.015086468024616537,-2.44802014277106,1,-14.62936248604108
11.5,0.2006145,-0.43262100000000003,9.7971489,-0.008872491473109534,2,-0.02255773140502624,-2.44815921524501,1,-14.668531920905208
11.515,0.1915893,-0.43262100000000003,9.7821396,-0.009594666764737525,2,-0.04814501944186425,-2.448297718931794,1,-14.705255347911535
11.531,0.1930608,-0.3427614,9.8405091,-0.0089627965403416,2,0.039491889024745284,-2.4484461786382345,1,-14.744429299092095
11.546,0.1930608,-0.4101561,9.8405091,-0.00828351196451571,2,0.04528563838839626,-2.448575525952021,1,-14.781156961876519
11.562,0.1497006,-0.42957990000000007,9.8240283,-0.00802054309162159,2,0.01643555455588251,-2.44870595839247,1,-14.820335213751274
11.578,0.19610190000000002,-0.3487455,9.8240283,-0.007822114967153126,2,0.012401757779278978,-2.4488326996569403,1,-14.85951552301567
11.593,0.19610190000000002,-0.3487455,9.8240283,-0.007628526553038029,2,0.012905894274339368,-2.448948579468342,1,-14.896248882609111
11.609,0.19610190000000002,-0.4176117,9.8225568,-0.007410059761809862,2,0.013654174451760414,-2.4490688881588607,1,-14.935433022350129
11.625,0.1571562,-0.4176117,9.7567317,-0.008817809373237395,2,-0.08798435071422075,-2.449198711111941,1,-14.974619163144295
11.64,0.23053500000000002,-0.43262100000000003,9.7567317,-0.010139774172300164,2,-0.08813098660418127,-2.4493408929885323,1,-15.01135821017505
11.656,0.23053500000000002,-0.37572300000000003,9.834525,-0.009591438869124502,2,0.034270956448478856,-2.449498742692864,1,-15.050548927260502
11.671,0.18266220000000002,-0.37572300000000003,9.7956774,-0.01002762849547878,2,-0.02907930842362084,-2.4496458856980983,1,-15.087292511973432
11.687,0.1856052,-0.37572300000000003,9.8196138,-0.009868548872690397,2,0.009942476424273919,-2.449805055117044,1,-15.126488119499953
11.703,0.1796211,-0.40868460000000006,9.8196138,-0.009683981927711471,2,0.011535434061182837,-2.449961475363447,1,-15.165686251743796
11.718,0.1796211,-0.40417200000000003,9.821085300000002,-0.009472613522353512,2,0.014091227023863399,-2.4501051498293225,1,-15.202436751432744
11.734,0.19011780000000003,-0.40417200000000003,9.843550200000001,-0.008714226267747094,2,0.04739920341290112,-2.4502506445476433,1,-15.24163959778776
11.75,0.1526436,-0.3996594,9.843550200000001,-0.007994723322791941,2,0.044968934059697,-2.4503843161443677,1,-15.280844677473295
11.765,0.1526436,-0.3338343,9.7971489,-0.008483486139610363,2,-0.03258418778789358,-2.450507902715336,1,-15.317601369114744
11.781,0.173637,-0.3338343,9.8120601,-0.008588387491894167,2,-0.0065563345177377325,-2.4506444777043876,1,-15.356810588158101
11.796,0.16166880000000003,-0.41466870000000006,9.8120601,-0.008620580139533374,2,-0.002146176509280605,-2.4507735449616233,1,-15.393571223328093
11.812,0.16166880000000003,-0.42065280000000005,9.7911648,-0.00915488504033668,2,-0.033394056300206615,-2.4509157486830624,1,-15.43278473767725
11.828,0.20208600000000002,-0.34580249999999996,9.862974000000001,-0.007979260115936526,2,0.07347655777500954,-2.4510528218443124,1,-15.47200048624147
11.843,0.20208600000000002,-0.34580249999999996,9.862974000000001,-0.006832308970180279,2,0.07646340971708028,-2.4511639086124584,1,-15.508767111719896
11.859,0.16019730000000001,-0.41309910000000005,9.862974000000001,-0.005668989191525142,2,0.07270748616594595,-2.451263918997752,1,-15.547986534340778
11.875,0.16019730000000001,-0.3817071,9.8824959,-0.004089138293554839,2,0.09874068112314385,-2.451341984017633,1,-15.587207381564902
11.89,0.1930608,-0.3817071,9.7806681,-0.005014764778762171,2,-0.06170843234715309,-2.451410263290675,1,-15.623978023419715
11.906,0.18864630000000002,-0.40113090000000007,9.7806681,-0.005900973355625894,2,-0.05538803605398263,-2.4514975891957502,1,-15.663201286239607
11.921,0.18864630000000002,-0.4235958000000001,9.8734707,-0.004481528499701071,2,0.09462965706166249,-2.4515754579596654,1,-15.69997433409327
11.937,0.2065986,-0.4235958000000001,9.830012400000001,-0.004146697792771548,2,0.020926919183095177,-2.4516444837700053,1,-15.739200093627106
11.953,0.17069399999999998,-0.39818790000000004,9.830012400000001,-0.0038626978225551056,2,0.017749998138527606,-2.451708558934928,1,-15.778426917968746
11.968,0.1721655,-0.39220380000000005,9.7701714,-0.00504900604185643,2,-0.07908721462008528,-2.451775396713911,1,-15.815203047636114
11.984,0.1721655,-0.44311770000000006,9.856989900000002,-0.004038307289283338,2,0.06316867203581816,-2.4518480952205604,1,-15.85443203557159
12.0,0.17667810000000003,-0.44311770000000006,9.7672284,-0.005237036398415995,2,-0.07492056932079098,-2.451922297970062,1,-15.893662198717115
12.015,0.2394621,-0.38023560000000006,9.7672284,-0.006438514744242951,2,-0.08009855638846071,-2.452009864603632,1,-15.93044168993642
12.031,0.2394621,-0.40711500000000006,9.834525,-0.005944816084481275,2,0.03085616623510476,-2.4521089312502617,1,-15.96967464030325
12.046,0.18109260000000002,-0.40711500000000006,9.7866522,-0.0066599923389834,2,-0.047678416966812215,-2.4522034673134376,1,-16.006456983292473
12.062,0.1497006,-0.3532581,9.7866522,-0.007421636776143714,2,-0.047602777322519566,-2.452316120346359,1,-16.04569313999375
12.078,0.1497006,-0.4176117,9.8405091,-0.006790700479829326,2,0.039433518519649234,-2.4524298190444065,1,-16.08493110750888
12.093,0.1497006,-0.4176117,9.8405091,-0.00617515287366821,2,0.04103650707740614,-2.452527062944558,1,-16.121718284123798
12.109,0.18266220000000002,-0.4281084,9.7911648,-0.0067522356074150025,2,-0.03606767085917447,-2.4526304820524065,1,-16.160959544483774
12.125,0.17510850000000003,-0.3562992,9.8046045,-0.007061166147858344,2,-0.019308158777708844,-2.4527409892664487,1,-16.200202516254326
12.14,0.17510850000000003,-0.32932170000000005,9.788123700000002,-0.00778722980204094,2,-0.04840424361217123,-2.452852352236073,1,-16.236994466315597
12.156,0.17510850000000003,-0.32932170000000005,9.788123700000002,-0.00849558458661015,2,-0.044272174035575554,-2.452982614751182,1,-16.276241146051493
12.171,0.18266220000000002,-0.46107000000000004,9.866015100000002,-0.00715631325044086,2,0.0892847557446265,-2.45310000398496,1,-16.31303676569201
12.187,0.18266220000000002,-0.3907323,9.843550200000001,-0.006471083269568467,2,0.04282687380452451,-2.45320902315712,1,-16.35228723790915
12.203,0.18413369999999998,-0.3907323,9.818044200000001,-0.006423396109330071,2,0.002980447514899784,-2.4533121789921513,1,-16.39153940752634
12.218,0.18413369999999998,-0.3907323,9.818044200000001,-0.006376872050561033,2,0.0031016039179357106,-2.4534081810033506,1,-16.42833981022631
12.234,0.21709530000000002,-0.3936753,9.818044200000001,-0.00631220758054063,2,0.004041529376275218,-2.4535096936403993,1,-16.46759515322346
12.25,0.21709530000000002,-0.37425150000000007,9.895935600000001,-0.004369666311742293,2,0.12140882929989594,-2.4535951486315377,1,-16.506851991961636
12.265,0.1482291,-0.37425150000000007,9.8165727,-0.004439548385656522,2,-0.004658804927615102,-2.453661217741768,1,-16.543656414709435
12.281,0.2006145,-0.35777070000000005,9.8165727,-0.00450001794152044,2,-0.0037793472414948646,-2.4537327342723856,1,-16.58291556632555
12.296,0.1856052,-0.4235958000000001,9.7971489,-0.004975599689247545,2,-0.03170544984847623,-2.453803801404616,1,-16.619722090343124
12.312,0.1856052,-0.3907323,9.854046900000002,-0.004086445919492476,2,0.055572110609691756,-2.453876297769486,1,-16.658983531136517
12.328,0.17069399999999998,-0.3907323,9.833053500000002,-0.0037371020867151827,2,0.021833989548580825,-2.453938886153536,1,-16.698246052607903
12.343,0.205029,-0.34128990000000003,9.833053500000002,-0.003425141189646652,2,0.02079739313790125,-2.4539926029781087,1,-16.735055538776393
12.359,0.205029,-0.37572300000000003,9.7956774,-0.004000942900253435,2,-0.035987606912923874,-2.4540520116508278,1,-16.774319895693424
12.375,0.21258269999999999,-0.37572300000000003,9.7895952,-0.004706979639733433,2,-0.04412729621749985,-2.4541216750311476,1,-16.81358528518688
12.39,0.1796211,-0.3996594,9.7895952,-0.005388786727353434,2,-0.045453805841331685,-2.4541973932789007,1,-16.850397678199204
12.406,0.1796211,-0.37268190000000007,9.821085300000002,-0.005312527006598344,2,0.004766232547193101,-2.454283003788772,1,-16.889665521375747
12.421,0.2274939,-0.37268190000000007,9.818044200000001,-0.005288048934742662,2,0.0016318714570456325,-2.454362508108332,1,-16.926480362714972
12.437,0.15421320000000002,-0.4400766,9.818044200000001,-0.005230909653747062,2,0.003571205062224966,-2.45444665977704,1,-16.965750836058056
12.453,0.1646118,-0.4101561,9.8136297,-0.005310176981078385,2,-0.004954207958207664,-2.4545309884701187,1,-17.005022657244034
12.468,0.1646118,-0.41908320000000004,9.9153594,-0.0028996897859894233,2,0.16069914633925803,-2.4545925624708715,1,-17.041841083876093
12.484,0.18109260000000002,-0.41908320000000004,9.8285409,-0.0026562584381117915,2,0.015214459242351971,-2.4546370100566643,1,-17.081114920456315
12.5,0.1796211,-0.42663690000000004,9.8285409,-0.0024115044385393247,2,0.015297124973279161,-2.4546775521596778,1,-17.120389436954046
12.515,0.1796211,-0.3771945,9.8255979,-0.00229369923161471,2,0.007853680461640698,-2.454712841187204,1,-17.15720986490415
12.531,0.22455090000000003,-0.3771945,9.8240283,-0.0021944948486130045,2,0.006200273937606577,-2.454748746739846,1,-17.196485557607566
12.546,0.21101310000000004,-0.3907323,9.8240283,-0.0020921302817704657,2,0.006824304456169803,-2.454780896428324,1,-17.233307029931325
12.562,0.21101310000000004,-0.4386051,9.833053500000002,-0.0017231751200448286,2,0.023059697607852293,-2.4548114188715386,1,-17.272583768453725
12.578,0.1796211,-0.4386051,9.8464932,-0.001050991315489469,2,0.04201148778470994,-2.4548336122030228,1,-17.31186092870232
12.593,0.23053500000000002,-0.3202965,9.8464932,-0.00048045539436536444,2,0.038035728074938865,-2.4548450980533465,1,-17.348683519029244
12.609,0.2365191,-0.3996594,9.783611100000002,-0.0013816737066072449,2,-0.05632614451511748,-2.4548599950861543,1,-17.38796115977436
12.625,0.2365191,-0.39818790000000004,9.866015100000002,-0.00025474859448415543,2,0.07043281950769302,-2.454873086464563,1,-17.427239024426765
12.64,0.18413369999999998,-0.39818790000000004,9.8405091,0.00019599889191646014,2,0.030049832426706564,-2.4548735270873325,1,-17.464062124028406
12.656,0.1856052,-0.3771945,9.8405091,0.0006162724979610346,2,0.026267100377785877,-2.4548670289162136,1,-17.503340048476435
12.671,0.1856052,-0.3771945,9.8285409,0.0007346545359965262,2,0.007892135869033411,-2.454856896963459,1,-17.54016297792053
12.687,0.1631403,-0.3771945,9.8076456,0.00033124132147577257,2,-0.02521332590754708,-2.4548483697965993,1,-17.579440620054612
12.703,0.20954160000000002,-0.3338343,9.8076456,-7.915122259483098e-05,2,-0.025649534004412698,-2.454846353075808,1,-17.618718177837593
12.718,0.20954160000000002,-0.37268190000000007,9.7971489,-0.0007012102849177637,2,-0.04147060415486061,-2.4548522057871143,1,-17.655540917029068
12.734,0.2544714,-0.37268190000000007,9.851005800000001,3.0026797301019315e-05,2,0.0457023176386739,-2.4548575752550152,1,-17.694818595277404
12.75,0.1930608,-0.3771945,9.851005800000001,0.0007136243032856981,2,0.04272484412404239,-2.4548516260462105,1,-17.734096268887814
12.765,0.21258269999999999,-0.36826739999999997,9.8120601,0.0004331042566345644,2,-0.018701336443408205,-2.454843025582011,1,-17.77091897877503
12.781,0.21258269999999999,-0.41466870000000006,9.8105886,0.00016868230668976025,2,-0.016526371871550247,-2.4548382112895046,1,-17.81019642867
12.796,0.17069399999999998,-0.41466870000000006,9.7941078,-0.0005107766911098821,2,-0.045297266519979805,-2.4548407769973877,1,-17.84701902108215
12.812,0.18109260000000002,-0.36826739999999997,9.7941078,-0.0012143048623247665,2,-0.043970510700930235,-2.454854577649815,1,-17.88629658391933
12.828,0.18109260000000002,-0.36826739999999997,9.7941078,-0.001900673809851483,2,-0.04289805922041975,-2.4548794974791925,1,-17.925574456520362
12.843,0.18109260000000002,-0.39220380000000005,9.7851807,-0.0027651800858343734,2,-0.05763375173219051,-2.45491449138341,1,-17.962397911436835
12.859,0.2215098,-0.39220380000000005,9.7686999,-0.003989886622735028,2,-0.07654415855629086,-2.4549685319170784,1,-18.001676975623237
12.875,0.1946304,-0.33226469999999997,9.7895952,-0.004743586746835504,2,-0.047106257756279704,-2.455038399704035,1,-18.040957031076207
12.89,0.1946304,-0.33226469999999997,9.7895952,-0.005478903941080304,2,-0.04902114628298481,-2.455115068384194,1,-18.07778318208687
12.906,0.1392039,-0.33226469999999997,9.877983300000002,-0.00406495763195025,2,0.0883716443206283,-2.4551914192767783,1,-18.117065633988155
12.921,0.17667810000000003,-0.36973890000000004,9.877983300000002,-0.0026384414724809346,2,0.09510107729796202,-2.4552416947700615,1,-18.153893882343503
12.937,0.145188,-0.43262100000000003,9.8016615,-0.003056498751762504,2,-0.026128579955098073,-2.4552872542918553,1,-18.193178113936
12.953,0.145188,-0.3847482,9.8255979,-0.0029296938611231838,2,0.00792530566495752,-2.4553351438327584,1,-18.232463093120998
12.968,0.1915893,-0.3847482,9.8225568,-0.0028607063427106283,2,0.00459916789417019,-2.455378571834287,1,-18.269293445988502
12.984,0.16765290000000002,-0.41908320000000004,9.8225568,-0.00276983512086737,2,0.005679451365203642,-2.4554236161659957,1,-18.308579863492504
13.0,0.16765290000000002,-0.3891627,9.8165727,-0.002856992823756954,2,-0.00544735643059901,-2.455468630789553,1,-18.34786700146815
13.015,0.1122264,-0.3891627,9.788123700000002,-0.003654565523056874,2,-0.05317151328665931,-2.455517467477154,1,-18.38469939720515
13.031,0.1497006,-0.37572300000000003,9.788123700000002,-0.0044332632486323575,2,-0.048668607848467674,-2.4555821701073275,1,-18.423988194305824
13.046,0.1497006,-0.4221243,9.833053500000002,-0.004052178516454674,2,0.025405648811847602,-2.4556458109205654,1,-18.46082240416353
13.062,0.21101310000000004,-0.4221243,9.856989900000002,-0.0030698445072481206,2,0.06139587557540954,-2.455702787104755,1,-18.500113192947733
13.078,0.145188,-0.3592422,9.856989900000002,-0.002201181376735306,2,0.05429144565705086,-2.455744955311827,1,-18.539404774887068
13.093,0.2140542,-0.3562992,9.821085300000002,-0.0022006672729339982,2,3.4273586753858495e-05,-2.4557779691766997,1,-18.57624119682073
13.109,0.2140542,-0.39671639999999997,9.776155500000002,-0.003257101721706235,2,-0.06602715304826473,-2.4558216313286567,1,-18.615533993624776
13.125,0.19757340000000004,-0.39671639999999997,9.7806681,-0.004186272644819411,2,-0.05807318269457346,-2.455881178323589,1,-18.654827616101993
13.14,0.20355750000000003,-0.36973890000000004,9.7806681,-0.005115546996652398,2,-0.061951623455530125,-2.4559509419709,1,-18.691666357004202
13.156,0.20355750000000003,-0.39671639999999997,9.874942200000001,-0.0036993948138590582,2,0.08850951142458366,-2.456021461505384,1,-18.730962136232012
13.171,0.21101310000000004,-0.39671639999999997,9.8674866,-0.0024956255435419905,2,0.08025128468781098,-2.4560679241580643,1,-18.767802806624484
13.187,0.16765290000000002,-0.40417200000000003,9.8674866,-0.00133411596286237,2,0.07259434879247621,-2.4560985620901157,1,-18.80710013851447
13.203,0.16765290000000002,-0.36071369999999997,9.788123700000002,-0.00217607773392281,2,-0.052622610691277445,-2.45612664363969,1,-18.84639794016031
13.218,0.16765290000000002,-0.36071369999999997,9.851005800000001,-0.0014650508942253282,2,0.04740178931316365,-2.456153952104401,1,-18.88324004462839
13.234,0.1856052,-0.41309910000000005,9.851005800000001,-0.0007133871074653797,2,0.04697898667249674,-2.456171379608415,1,-18.922538647282092
13.25,0.18413369999999998,-0.42065280000000005,9.834525,-0.0003744752072183388,2,0.021181993765440037,-2.456180082506932,1,-18.961837458979016
13.265,0.18413369999999998,-0.3262806,9.8405091,1.4688205750346128e-05,2,0.02594422753124468,-2.4561827809094434,1,-18.99868018045464
13.281,0.1362609,-0.3262806,9.7821396,-0.0010473581423919853,2,-0.06637789675889566,-2.4561910422689364,1,-19.037979171040067
13.296,0.17667810000000003,-0.3891627,9.7821396,-0.002011704543393833,2,-0.06428976006679502,-2.4562139852390796,1,-19.074822208746376
13.312,0.17667810000000003,-0.39220380000000005,9.845021700000002,-0.001417332324194831,2,0.03714826369993759,-2.45624141753402,1,-19.114121851968562
13.328,0.17510850000000003,-0.39220380000000005,9.8136297,-0.0016030688790102943,2,-0.011608534675966443,-2.4562655807436458,1,-19.153421907954783
13.343,0.21552570000000001,-0.36973890000000004,9.8136297,-0.0017859247466951444,2,-0.01219039117898955,-2.4562909981958385,1,-19.19026608229683
13.359,0.21552570000000001,-0.42506730000000004,9.7851807,-0.00260279077875758,2,-0.05105412700390217,-2.456326107920042,1,-19.229567019145758
13.375,0.1661814,-0.42506730000000004,9.7612443,-0.004006359555575045,2,-0.0877230485510915,-2.456378981122717,1,-19.2688686598581
13.39,0.1870767,-0.33981839999999996,9.7612443,-0.005447869216972379,2,-0.09610064409315192,-2.456449887838511,1,-19.305714876375312
13.406,0.21552570000000001,-0.4027005000000001,9.833053500000002,-0.005032102179331588,2,0.025985439852549395,-2.4565337276096813,1,-19.345018745298898
13.421,0.21552570000000001,-0.4027005000000001,9.833053500000002,-0.004626475801144281,2,0.02704175854582265,-2.456606166944535,1,-19.38186729450805
13.437,0.21552570000000001,-0.4281084,9.834525,-0.004168744801308577,2,0.02860818748973146,-2.4566765287093544,1,-19.42117355607328
13.453,0.2065986,-0.3712104,9.7851807,-0.004985574906005041,2,-0.05105188154352897,-2.456749763267013,1,-19.460480966409094
13.468,0.2065986,-0.3936753,9.8046045,-0.00528782448364673,2,-0.0201499718427785,-2.456826813762435,1,-19.497332790736817
13.484,0.2065986,-0.3936753,9.8046045,-0.005582702120371152,2,-0.018429852295276366,-2.4569137779752674,1,-19.53664271547072
13.5,0.19757340000000004,-0.3936753,9.8105886,-0.0057291134284369605,2,-0.009150706754112994,-2.457004272499658,1,-19.57595405987452
13.515,0.1781496,-0.4311495000000001,9.8105886,-0.005842634393065538,2,-0.007568064308571533,-2.4570910606083194,1,-19.61280977487283
13.531,0.1781496,-0.3532581,9.7986204,-0.006320931858470047,2,-0.029893591587781793,-2.457188369138332,1,-19.652124010310803
13.546,0.20954160000000002,-0.3532581,9.8136297,-0.006406669567647683,2,-0.005715847278509506,-2.4572838261490277,1,-19.688982551775457
13.562,0.16912439999999998,-0.3622833,9.776155500000002,-0.007414544695105718,2,-0.06299219546612717,-2.4573943958631297,1,-19.728299977551554
13.578,0.16912439999999998,-0.39818790000000004,9.848062800000001,-0.006611673509244298,2,0.05017944911633872,-2.4575066056087644,1,-19.76761918556333
13.593,0.16912439999999998,-0.39818790000000004,9.848062800000001,-0.005828384547427845,2,0.05221926412109488,-2.4575999060441895,1,-19.80448248440073
13.609,0.1870767,-0.39818790000000004,9.8524773,-0.004948725811201982,2,0.054978671014116416,-2.4576861229270586,1,-19.8438047726325
13.625,0.18266220000000002,-0.40711500000000006,9.8524773,-0.004083651050022397,2,0.054067172573724016,-2.4577583819419484,1,-19.88312832867145
13.64,0.18266220000000002,-0.3592422,9.8495343,-0.0033567649137768996,2,0.04845907574969797,-2.457814185061677,1,-19.91999512292398
13.656,0.1362609,-0.3592422,9.7821396,-0.004308431025670245,2,-0.059479131993334045,-2.4578755066291924,1,-19.959320640457506
13.671,0.23200650000000003,-0.37866600000000006,9.7821396,-0.005175115221293325,2,-0.057778946374876634,-2.4579466332260447,1,-19.996189306506416
13.687,0.23200650000000003,-0.39818790000000004,9.833053500000002,-0.004761340589535479,2,0.02586091448486536,-2.4580261248725312,1,-20.035517088571204
13.703,0.2215098,-0.39818790000000004,9.7806681,-0.005639871350870962,2,-0.05490817258346765,-2.4581093345680545,1,-20.07484617224673
13.718,0.2230794,-0.3592422,9.8524773,-0.004783027793493488,2,0.05712290382516274,-2.458187506311637,1,-20.11171839855333
13.734,0.18864630000000002,-0.39818790000000004,9.8524773,-0.003928136333881227,2,0.05343071622576629,-2.458257195624656,1,-20.15104995616882
13.75,0.18864630000000002,-0.39818790000000004,9.7866522,-0.0046979722904616494,2,-0.04811474728627636,-2.458326204493651,1,-20.190382623369764
13.765,0.17510850000000003,-0.39818790000000004,9.842078700000002,-0.004104621982065737,2,0.03955668722639266,-2.458392223950695,1,-20.2272580115831
13.781,0.2080701,-0.37866600000000006,9.842078700000002,-0.0035288822567540734,2,0.03598373283197894,-2.4584532919846054,1,-20.26659277571058
13.796,0.2080701,-0.40868460000000006,9.8240283,-0.0033777046901626306,2,0.01007850443943033,-2.4585050913867073,1,-20.30346996358586
13.812,0.1406754,-0.40868460000000006,9.891423,-0.0016171653606527059,2,0.1100337080943702,-2.4585450503471136,1,-20.34280636471973
13.828,0.16912439999999998,-0.38023560000000006,9.891423,8.3644401779992e-05,2,0.10630061015204352,-2.4585573185147847,1,-20.382143183670628
13.843,0.16912439999999998,-0.3562992,9.8165727,-0.00010290328417994488,2,-0.012436512397328653,-2.458557462956403,1,-20.419021544531663
13.859,0.2080701,-0.3562992,9.8240283,-8.498331480844001e-05,2,0.0011199980857190528,-2.458558966049195,1,-20.458358475963706
13.875,0.1796211,-0.38023560000000006,9.7956774,-0.0007501650056926934,2,-0.0415738556802658,-2.458565647235759,1,-20.497695472869985
13.89,0.19610190000000002,-0.39818790000000004,9.7956774,-0.0013740406423909945,2,-0.0415917091132185,-2.4585815787781193,1,-20.53457407706509
13.906,0.19610190000000002,-0.37572300000000003,9.8764137,-3.6970517188095187e-05,2,0.08356688282518114,-2.458592866867396,1,-20.573911472630254
13.921,0.1870767,-0.37572300000000003,9.8495343,0.0006082195592291839,2,0.043012671761155405,-2.458588582499581,1,-20.610790333500503
13.937,0.1062423,-0.4221243,9.8495343,0.0012541385527953253,2,0.0403699370978838,-2.4585736836346848,1,-20.650127631629577
13.953,0.1062423,-0.36375480000000004,9.783611100000002,0.00022087063893039272,2,-0.06457924461655823,-2.458561883561151,1,-20.689464716167144
13.968,0.1497006,-0.36375480000000004,9.818044200000001,6.581416441875376e-05,2,-0.01033709830077554,-2.4585597334251257,1,-20.72634312829454
13.984,0.2006145,-0.45508590000000004,9.818044200000001,2.946619731147848e-05,2,-0.002271747944204703,-2.458558971182232,1,-20.7656800779314
14.0,0.2006145,-0.39671639999999997,9.831582000000001,0.00026217169342501734,2,0.014544093507096166,-2.458556638079106,1,-20.805017002805492
14.015,0.1796211,-0.3367773,9.800091900000002,-0.00034264833185382315,2,-0.04032133501858784,-2.4585572416538946,1,-20.841895356903493
14.031,0.20208600000000002,-0.3367773,9.827069400000001,-0.0002645928506623818,2,0.00487846757446508,-2.4585620995833546,1,-20.88123231163339
14.046,0.173637,-0.39220380000000005,9.827069400000001,-0.00015159676263998279,2,0.007533072534827208,-2.4585652210054545,1,-20.918110766537804
14.062,0.173637,-0.3876912,9.7926363,-0.0008847653778829567,2,-0.04582303845268583,-2.458573511902579,1,-20.95744787640107
14.078,0.2260224,-0.3876912,9.7941078,-0.0015381523766873073,2,-0.04083668742527188,-2.4585928952446157,1,-20.996785207658245
14.093,0.2260224,-0.3876912,9.7941078,-0.002175603107229307,2,-0.04249671536946503,-2.458620748410745,1,-21.03366430998566
14.109,0.258984,-0.41466870000000006,9.8105886,-0.002349230503787325,2,-0.010851712284876126,-2.4586569470796333,1,-21.073002531549584
14.125,0.16912439999999998,-0.41466870000000006,9.8240283,-0.0022389315105879604,2,0.006893687074960291,-2.4586936523757483,1,-21.112341336345228
14.14,0.1631403,-0.3562992,9.8240283,-0.0021895998001557615,2,0.0032887806954797994,-2.458726866360579,1,-21.149221990235752
14.156,0.1631403,-0.42506730000000004,9.8285409,-0.001964886185167103,2,0.01404460093679115,-2.4587601022484615,1,-21.188561885984623
14.171,0.1631403,-0.42506730000000004,9.8285409,-0.0017456533900563898,2,0.01461551967404872,-2.4587879312952756,1,-21.2254434962362
14.187,0.16765290000000002,-0.4056435,9.8809263,-0.00027349033823753643,2,0.09201019073867825,-2.458804084445102,1,-21.26478423236212
14.203,0.1946304,-0.4056435,9.8285409,-0.00010154649771187962,2,0.01074649003285354,-2.4588070847397896,1,-21.3041251217156
14.218,0.23347800000000002,-0.3592422,9.8285409,4.282482045958602e-05,2,0.009624754544764011,-2.458807525152369,1,-21.341007231289794
14.234,0.23347800000000002,-0.41908320000000004,9.827069400000001,0.00020555614290884705,2,0.010170707653078806,-2.458805538104662,1,-21.38034813579585
14.25,0.20355750000000003,-0.41908320000000004,9.831582000000001,0.0004580497925346094,2,0.015780853101610134,-2.4588002292571787,1,-21.419688981934744
14.265,0.15421320000000002,-0.39220380000000005,9.831582000000001,0.000655487595578208,2,0.013162520202906074,-2.458791877726768,1,-21.456570922737125
14.281,0.15421320000000002,-0.347274,9.7686999,-0.0007256259850798585,2,-0.08631959879112908,-2.4587924388338838,1,-21.49591159726961
14.296,0.2499588,-0.347274,9.8734707,0.0005281780087589283,2,0.08358693292259252,-2.458793919693706,1,-21.532793494958565
14.312,0.21552570000000001,-0.40113090000000007,9.8734707,0.001781359030612606,2,0.07832381386585478,-2.458775443397391,1,-21.572134049863294
14.328,0.21552570000000001,-0.4116276,9.8120601,0.0015183471729880438,2,-0.01643824110153512,-2.458749045747762,1,-21.611474245776456
14.343,0.21101310000000004,-0.3847482,9.7926363,0.0007595064199534818,2,-0.05058938353563555,-2.458731961845815,1,-21.64835535333341
14.359,0.1781496,-0.3847482,9.874942200000001,0.002008860142924007,2,0.07808460768565777,-2.458709814913312,1,-21.687694887547483
14.375,0.19757340000000004,-0.4056435,9.874942200000001,0.003257121521185624,2,0.07801633614135099,-2.4586676870599993,1,-21.72703390756327
14.39,0.19757340000000004,-0.37866600000000006,9.7627158,0.0017141900399586518,2,-0.10286209874846092,-2.4586304022232905,1,-21.763913643232897
14.406,0.19610190000000002,-0.37866600000000006,9.8584614,0.002541223663083514,2,0.05168960144530383,-2.4585963589136663,1,-21.80325145732199
14.421,0.19011780000000003,-0.3562992,9.8584614,0.003324912150338477,2,0.05224589915033509,-2.4585523628950656,1,-21.840130072735555
14.437,0.19011780000000003,-0.4386051,9.860031000000001,0.004208575362543598,2,0.055228950762820035,-2.4584920949949627,1,-21.879466428398676
14.453,0.17069399999999998,-0.4386051,9.8151012,0.003967430950327255,2,-0.015071525763521429,-2.4584266869444598,1,-21.918801778654192
14.468,0.2080701,-0.36826739999999997,9.8151012,0.003679297071107257,2,-0.019208925281332494,-2.458369336484299,1,-21.95567774882991
14.484,0.2080701,-0.40868460000000006,9.8136297,0.0034013171835329814,2,-0.01737374297339221,-2.4583126915702618,1,-21.995011205054347
14.5,0.17069399999999998,-0.3592422,9.8285409,0.0034287949892810587,2,0.0017173628592548325,-2.458258050672879,1,-22.03434377099229
14.515,0.11526750000000001,-0.3592422,9.8405091,0.0037276443582019425,2,0.019923291261391494,-2.458204377377773,1,-22.07121723920267
14.531,0.1646118,-0.36669779999999996,9.8405091,0.004043008392043745,2,0.019710252115112663,-2.458142212155771,1,-22.11054801191894
14.546,0.1646118,-0.45950040000000003,9.803133,0.003535113633850173,2,-0.03385965054624088,-2.4580853762405765,1,-22.14741971883191
14.562,0.18109260000000002,-0.45950040000000003,9.9093753,0.005634713619157239,2,0.1312249990816915,-2.4580120176225524,1,-22.186748497982816
14.578,0.1856052,-0.4176117,9.9093753,0.007639974023787133,2,0.12532877528936825,-2.457905820121409,1,-22.226075840684768
14.593,0.1856052,-0.36669779999999996,9.7806681,0.006410761592940517,2,-0.08194749538977128,-2.4578004396042834,1,-22.262943637632713
14.609,0.1511721,-0.36669779999999996,9.8105886,0.005926254107656348,2,-0.03028171783026054,-2.4577017434786788,1,-22.302267655097378
14.625,0.1287072,-0.39818790000000004,9.8105886,0.005475669805763417,2,-0.028161518868308175,-2.4576105280873715,1,-22.341590153269905
14.64,0.1287072,-0.37572300000000003,9.7791966,0.004249452538157783,2,-0.08174781784037248,-2.457537589669792,1,-22.378453764153086
14.656,0.1930608,-0.3891627,9.830012400000001,0.00432994497268524,2,0.005030777157966067,-2.457468954489705,1,-22.41777381650636
14.671,0.205029,-0.3891627,9.8689581,0.005363328365007192,2,0.06889222615480231,-2.457396254939672,1,-22.454635305577078
14.687,0.1497006,-0.38621970000000005,9.8689581,0.006344460083107961,2,0.06132073238129804,-2.4573025926320873,1,-22.49395289635765
14.703,0.1497006,-0.42065280000000005,9.833053500000002,0.00646113705159479,2,0.007292310530426776,-2.45720014785501,1,-22.533268918281546
14.718,0.205029,-0.42065280000000005,9.8689581,0.007474018766682633,2,0.06752544767252033,-2.4570956341863726,1,-22.57012613664686
14.734,0.2350476,-0.41466870000000006,9.8689581,0.008472331855781334,2,0.062394568068668776,-2.456968063381393,1,-22.609438646227403
14.75,0.2350476,-0.4235958000000001,9.821085300000002,0.008289313771898676,2,-0.011438630242666104,-2.4568339702163713,1,-22.648749062496186
14.765,0.2215098,-0.4235958000000001,9.854046900000002,0.008906087939339002,2,0.041118277829353504,-2.456705004703537,1,-22.685600604808087
14.781,0.2215098,-0.4235958000000001,9.854046900000002,0.009507818834402215,2,0.03760818094145076,-2.456557693449347,1,-22.72490670639331
14.796,0.1526436,-0.38621970000000005,9.752219100000001,0.007544218987677098,2,-0.13090665644835167,-2.4564298031656815,1,-22.76175411261792
14.828,0.1721655,-0.38621970000000005,9.7866522,0.006475479886894675,2,-0.0333980968994507,-2.4562054879836883,1,-22.840356277276307
14.843,0.1915893,-0.43262100000000003,9.8495343,0.0070208306751826655,2,0.03635671921919798,-2.456104265654473,1,-22.877198600428596
14.859,0.2200383,-0.33226469999999997,9.8495343,0.007472417524658326,2,0.028224178092228745,-2.455988319668874,1,-22.916495341111183
14.875,0.12272310000000002,-0.36973890000000004,9.7851807,0.006335903893811334,2,-0.0710321019279369,-2.4558778530975265,1,-22.955790270493313
14.89,0.145188,-0.33530580000000004,9.7851807,0.005204372022742376,2,-0.07543545807126102,-2.4557913010281522,1,-22.992627789149257
14.906,0.145188,-0.33530580000000004,9.7851807,0.0041004384899920865,2,-0.06899584579689305,-2.45571686254405,1,-23.031919854457833
14.921,0.145188,-0.4235958000000001,9.7567317,0.002413712242541166,2,-0.11244841649673708,-2.455668006413556,1,-23.068755240975012
14.937,0.15568469999999998,-0.4235958000000001,9.8120601,0.002120108903199025,2,-0.018350208708883802,-2.45563173584439,1,-23.108045638913076
14.953,0.16765290000000002,-0.35178660000000006,9.8794548,0.0034118202045689827,2,0.08073195633562229,-2.455587480411528,1,-23.14733539264312
14.968,0.16765290000000002,-0.35178660000000006,9.8794548,0.004672026352247727,2,0.08401374317857975,-2.4555268515623516,1,-23.184168750132926
14.984,0.16912439999999998,-0.4161402,9.776155500000002,0.003446186556336883,2,-0.07661498724442765,-2.455461905859083,1,-23.223456660192298
15.0,0.21709530000000002,-0.4161402,9.777627,0.002309180391248944,2,-0.07106288531799614,-2.4554158629235023,1,-23.26274368234256
15.015,0.19011780000000003,-0.39220380000000005,9.777627,0.0011621120559990317,2,-0.07647122234999125,-2.455389828230148,1,-23.299574725026215
15.031,0.19011780000000003,-0.37425150000000007,9.843550200000001,0.001632288816843186,2,0.029386047552759614,-2.455367473023165,1,-23.338860783436242
15.046,0.21101310000000004,-0.37425150000000007,9.8375661,0.0019555575567746786,2,0.02155124932876791,-2.455340564175363,1,-23.37569109371523
15.062,0.2215098,-0.42957990000000007,9.8375661,0.0023316372332740087,2,0.023504979781208114,-2.4553062666170424,1,-23.414976268361567
15.078,0.2215098,-0.36826739999999997,9.883967400000001,0.003768634259179393,2,0.08981231411908644,-2.455257464445103,1,-23.454260778210063
15.093,0.1571562,-0.36826739999999997,9.860031000000001,0.004557207481433068,2,0.05257154815024298,-2.4551950206320483,1,-23.49108917184814
15.109,0.1781496,-0.40417200000000003,9.860031000000001,0.00536951645099748,2,0.050769310597775744,-2.455115606840589,1,-23.530371656867924
15.125,0.1870767,-0.33824879999999996,9.7956774,0.004537174592421422,2,-0.052021366161003564,-2.455036353312242,1,-23.569652872549145
15.14,0.1946304,-0.33824879999999996,9.8689581,0.005514648476323103,2,0.0651649255934429,-2.4549609646392265,1,-23.606477852433784
15.156,0.1946304,-0.33824879999999996,9.8689581,0.006468281533786424,2,0.05960206609145752,-2.454865101199146,1,-23.64575646096049
15.171,0.19757340000000004,-0.3712104,9.8689581,0.007428952836535885,2,0.06404475351663587,-2.4547608719413683,1,-23.68257865575904
15.187,0.19757340000000004,-0.35777070000000005,9.7956774,0.006568305209555092,2,-0.0537904766862995,-2.4546488938769997,1,-23.721853933885587
15.203,0.1482291,-0.35777070000000005,9.8091171,0.006034965513389778,2,-0.033333731010332074,-2.454548067711216,1,-23.761127509578294
15.218,0.1661814,-0.40417200000000003,9.8091171,0.005565561403278352,2,-0.03129360734076059,-2.454461063759341,1,-23.797945078064323
15.234,0.1661814,-0.3847482,9.8375661,0.005781820448140351,2,0.013516190303874952,-2.4543702847045297,1,-23.837215728852033
15.25,0.19011780000000003,-0.3847482,9.7686999,0.004325311245903407,2,-0.09103182513980893,-2.4542894276509775,1,-23.876485006550876
15.265,0.1870767,-0.4235958000000001,9.7686999,0.002942057411596366,2,-0.09221692228713257,-2.4542349223860462,1,-23.913298939176155
15.281,0.1870767,-0.40868460000000006,9.833053500000002,0.0031450175338019193,2,0.012685007637847068,-2.4541862257864833,1,-23.952566308361536
15.296,0.16765290000000002,-0.4340925,9.831582000000001,0.003325169505698611,2,0.012010131459780402,-2.454137699383687,1,-23.98937873780031
15.312,0.1870767,-0.4340925,9.836094600000001,0.0036194009220906764,2,0.018389463524504084,-2.454082142820265,1,-24.02864449653794
15.328,0.1646118,-0.3771945,9.836094600000001,0.003839496924362251,2,0.013756000141973411,-2.454022471637493,1,-24.067909333453603
15.343,0.1646118,-0.36375480000000004,9.8076456,0.0033485833314159663,2,-0.03272757286308442,-2.453968561035575,1,-24.104719266198654
15.359,0.2365191,-0.36375480000000004,9.8151012,0.0030871430220980045,2,-0.0163400193323726,-2.453917075224747,1,-24.143982351288738
15.375,0.21552570000000001,-0.3771945,9.8151012,0.0028326604431097024,2,-0.015905161186768865,-2.4538697167970254,1,-24.183244645624914
15.39,0.21552570000000001,-0.3817071,9.7956774,0.0021153570766685448,2,-0.0478202244294087,-2.453832606665627,1,-24.220052413050887
15.406,0.23347800000000002,-0.3817071,9.7986204,0.0014972795128453953,2,-0.03862984773894681,-2.453803705572911,1,-24.259313503548796
15.421,0.2080701,-0.37572300000000003,9.7986204,0.0008746928779377328,2,-0.04150577566051418,-2.45378591577998,1,-24.29612042570894
15.437,0.2080701,-0.3876912,9.8375661,0.0012275940877533031,2,0.022056325613473128,-2.4537690974842548,1,-24.335380865815054
15.453,0.18413369999999998,-0.3907323,9.8151012,0.0010157975297460098,2,-0.013237284875455823,-2.453751150351315,1,-24.37464102779774
15.468,0.18413369999999998,-0.3907323,9.8151012,0.0008091667414458215,2,-0.0137753858866787,-2.453737463119281,1,-24.41144719239877
15.484,0.16765290000000002,-0.3907323,9.806076000000001,0.00038045860561908285,2,-0.02679425848917114,-2.4537279461165045,1,-24.450706915672658
15.5,0.18109260000000002,-0.38023560000000006,9.8764137,0.0016719602602339734,2,0.08071885341343059,-2.4537115267655776,1,-24.489966431455716
15.515,0.1511721,-0.38023560000000006,9.851005800000001,0.0023005248513197074,2,0.04190430607238068,-2.453681733127241,1,-24.526771880904914
15.531,0.1511721,-0.38023560000000006,9.851005800000001,0.0029137585987211168,2,0.03832710921258805,-2.453640018859641,1,-24.56603045492081
15.546,0.2230794,-0.3338343,9.851005800000001,0.0035043389285576154,2,0.039372021989103084,-2.4535918831281864,1,-24.602834694185717
15.562,0.2230794,-0.3712104,9.806076000000001,0.0030183215538492902,2,-0.030376085919270296,-2.4535397018443272,1,-24.642091746865496
15.578,0.16166880000000003,-0.3712104,9.806076000000001,0.0025148010826274714,2,-0.03147002945136365,-2.4534954368632356,1,-24.681348027975158
15.593,0.2215098,-0.40868460000000006,9.806076000000001,0.0020883599977814526,2,-0.02842940565640017,-2.4534609131551326,1,-24.7181502006003
15.609,0.2215098,-0.3487455,9.7806681,0.000996762068789181,2,-0.06822487056201693,-2.4534362321786,1,-24.757405377762968
15.625,0.21856680000000003,-0.42663690000000004,9.776155500000002,-0.00010452991477016838,2,-0.06883074897245928,-2.453429094321368,1,-24.796660300374967
15.64,0.20208600000000002,-0.42663690000000004,9.8240283,-2.1322069898133122e-05,2,0.005547189658135473,-2.453430038211253,1,-24.833461743868963
15.656,0.20355750000000003,-0.3847482,9.8240283,1.8450425603333542e-05,2,0.0024857809688416644,-2.4534300611844073,1,-24.87271662466413
15.671,0.20355750000000003,-0.4235958000000001,9.7866522,-0.0008143740389261467,2,-0.055521630968636486,-2.453436030611507,1,-24.909518120352594
15.687,0.1856052,-0.44753220000000005,9.8734707,0.0005053283622977744,2,0.082481400076495,-2.45343850297692,1,-24.9487731166213
15.703,0.1856052,-0.32932170000000005,9.800091900000002,-0.00010887988500840606,2,-0.03838801545663625,-2.4534353313891017,1,-24.988028107296227
15.718,0.1856052,-0.32932170000000005,9.800091900000002,-0.0007081074433550327,2,-0.0399485038897736,-2.4534414587940643,1,-25.024829683222602
15.734,0.1990449,-0.32932170000000005,9.8165727,-0.0008846298527611651,2,-0.011032650587883264,-2.453454200692433,1,-25.064084848498496
15.75,0.1946304,-0.4056435,9.8165727,-0.0009893817468746846,2,-0.006546993382094962,-2.45346919278523,1,-25.103340235646318
15.765,0.142245,-0.3847482,9.7911648,-0.0017531415622311641,2,-0.050917321023763375,-2.4534897617100486,1,-25.140142427805035
15.781,0.142245,-0.38621970000000005,9.8016615,-0.00224106989216466,2,-0.030495520620843458,-2.453521715401684,1,-25.17939851962193
15.796,0.1571562,-0.39220380000000005,9.8136297,-0.0024141207447936353,2,-0.011536723508599286,-2.453556629331461,1,-25.216201607207427
15.812,0.1571562,-0.3771945,9.8046045,-0.0028172246067956763,2,-0.025193991375127546,-2.4535984800942736,1,-25.25545884808283
15.828,0.1571562,-0.3771945,9.8046045,-0.0032104966672861224,2,-0.024579503780652857,-2.453646701864466,1,-25.294716809538503
15.843,0.1526436,-0.3771945,9.7447635,-0.0050541876297121036,2,-0.12291273082839409,-2.4537086869966935,1,-25.331521974954963
15.859,0.18864630000000002,-0.3831786,9.7447635,-0.006831858435083049,2,-0.111104425335684,-2.4538037753652118,1,-25.37078207465386
15.875,0.1856052,-0.40417200000000003,9.8165727,-0.006797293598690857,2,0.0021603022745120253,-2.453912808581482,1,-25.410043807325433
15.89,0.1796211,-0.3427614,9.8165727,-0.006823216970149204,2,-0.0017282247638897568,-2.4540149624107483,1,-25.446853265607878
15.906,0.1796211,-0.3427614,9.8165727,-0.006848508064255299,2,-0.0015806933816309141,-2.4541243362110237,1,-25.486118379996853
15.921,0.17667810000000003,-0.33530580000000004,9.855518400000001,-0.00593156878476897,2,0.061129285299093485,-2.454220186787391,1,-25.52293096391934
15.937,0.17667810000000003,-0.43556400000000006,9.8120601,-0.006000200322489491,2,-0.004289471107532524,-2.454315640940249,1,-25.56219925054116
15.953,0.1796211,-0.43556400000000006,9.866015100000002,-0.004751386748377939,2,0.07805084838197189,-2.454401653636816,1,-25.601468988897775
15.968,0.205029,-0.3712104,9.866015100000002,-0.0035850735373159637,2,0.07775421407079543,-2.454464177088959,1,-25.63828548262822
15.984,0.205029,-0.4176117,9.831582000000001,-0.0032409060366287434,2,0.021510468792951244,-2.4545187849255505,1,-25.677557346324335
16.0,0.1721655,-0.3652263,9.8196138,-0.003262973079511511,2,-0.001379190180172961,-2.45457081595848,1,-25.716830063131408
16.015,0.1721655,-0.3652263,9.8196138,-0.0032845019018363786,2,-0.0014352548216577954,-2.45461992202084,1,-25.753648993666253
16.031,0.1721655,-0.3936753,9.8225568,-0.0032070049509353993,2,0.00484355943131174,-2.454671854075662,1,-25.79292332787502
16.046,0.1946304,-0.3936753,9.830012400000001,-0.0029395152436872962,2,0.01783264714987286,-2.4547179529771217,1,-25.829743751427916
16.062,0.2215098,-0.43262100000000003,9.830012400000001,-0.0026248090489353615,2,0.01966913717199372,-2.4547624675714625,1,-25.86901959479231
16.078,0.18266220000000002,-0.37866600000000006,9.854046900000002,-0.0018058103174016793,2,0.05118742072086077,-2.4547979125263932,1,-25.90829607783309
16.093,0.18266220000000002,-0.344331,9.8016615,-0.0023141718528094657,2,-0.03389076902718448,-2.45482881239267,1,-25.945118278269984
16.109,0.21258269999999999,-0.344331,9.8046045,-0.002723713300060382,2,-0.0255963404531794,-2.454869115473893,1,-25.98439586169292
16.125,0.18413369999999998,-0.3996594,9.8046045,-0.00308613817557557,2,-0.022651554719701757,-2.454915594285698,1,-26.023674139370993
16.14,0.18413369999999998,-0.4221243,9.8105886,-0.003270992155922414,2,-0.012323598689789139,-2.4549632727631843,1,-26.06049823087386
16.156,0.18413369999999998,-0.4221243,9.8105886,-0.003451337502601959,2,-0.01127158416747278,-2.4550170514004526,1,-26.099778073467167
16.171,0.22455090000000003,-0.4221243,9.776155500000002,-0.004445607544774077,2,-0.06628466947813871,-2.455076278488308,1,-26.136603773441333
16.187,0.1990449,-0.36973890000000004,9.776155500000002,-0.005480781906101129,2,-0.06469839758293347,-2.455155689603915,1,-26.175885629186077
16.203,0.1990449,-0.40113090000000007,9.8375661,-0.004964290506928037,2,0.03228071244832176,-2.455239250183219,1,-26.215168788704368
16.218,0.17667810000000003,-0.40113090000000007,9.8076456,-0.005199846372459405,2,-0.015703724368757218,-2.455315481209815,1,-26.251997949189818
16.234,0.18864630000000002,-0.3771945,9.8076456,-0.005447368816712483,2,-0.015470152765815693,-2.455400658931328,1,-26.29128367831095
16.25,0.19757340000000004,-0.42506730000000004,9.8136297,-0.005491077523178234,2,-0.0027317941541097025,-2.455488166502047,1,-26.330570788914414
16.265,0.19757340000000004,-0.39818790000000004,9.818044200000001,-0.005453628520902143,2,0.002496600151739301,-2.455570251797378,1,-26.367403727051663
16.281,0.1870767,-0.39818790000000004,9.848062800000001,-0.00469067367677134,2,0.04768467775818045,-2.455651406214959,1,-26.406693500315757
16.296,0.1511721,-0.3083283,9.848062800000001,-0.004039909469460312,2,0.043384280487400194,-2.4557168855885556,1,-26.443528762504286
16.312,0.1511721,-0.4056435,9.8255979,-0.003866440434361351,2,0.010841814693683846,-2.4557801363877862,1,-26.4828207386801
16.328,0.1377324,-0.4056435,9.855518400000001,-0.002972939112337869,2,0.055843832626473786,-2.45583485142416,1,-26.52211365858259
16.343,0.1721655,-0.39818790000000004,9.855518400000001,-0.0020954478950443445,2,0.058499414486232755,-2.4558728643267154,1,-26.558951466450722
16.359,0.1721655,-0.3532581,9.877983300000002,-0.0007336089563203529,2,0.08511493367023995,-2.455895496781526,1,-26.598245613339593
16.375,0.18413369999999998,-0.3532581,9.821085300000002,-0.000786347684545774,2,-0.0032961705140891772,-2.455907656434653,1,-26.63754003856532
16.39,0.173637,-0.4056435,9.821085300000002,-0.0007931388233917147,2,-0.0004527425897293653,-2.4559195025834626,1,-26.674378742257957
16.406,0.1631403,-0.40113090000000007,9.783611100000002,-0.0017217800783697612,2,-0.0580400784361343,-2.4559396219346765,1,-26.7136736152541
16.421,0.1631403,-0.43713360000000007,9.7851807,-0.0025519531825146657,2,-0.0553448736096582,-2.4559716749341334,1,-26.750512949980617
16.437,0.20208600000000002,-0.43713360000000007,9.830012400000001,-0.0022520315544589664,2,0.01874510175347911,-2.456010106812029,1,-26.789808804234593
16.453,0.16912439999999998,-0.43262100000000003,9.830012400000001,-0.001979450690686946,2,0.017036303985753166,-2.4560439586699903,1,-26.829105236758444
16.468,0.16912439999999998,-0.3847482,9.843550200000001,-0.0014321240538617275,2,0.03648844245501317,-2.4560695454805743,1,-26.865946088039575
16.484,0.2080701,-0.3847482,9.8120601,-0.0016472562481890662,2,-0.013445762145457169,-2.4560941805229906,1,-26.905243397847606
16.5,0.21856680000000003,-0.3876912,9.8120601,-0.0018487584609889751,2,-0.012593888299995692,-2.456122148640664,1,-26.94454112848091
16.515,0.21856680000000003,-0.43262100000000003,9.8151012,-0.00192550672071512,2,-0.0051165506484094625,-2.4561504556295266,1,-26.981383173012937
16.531,0.16912439999999998,-0.43262100000000003,9.8464932,-0.001259366428588038,2,0.041633768257947214,-2.456175934614721,1,-27.020681784134887
16.546,0.2365191,-0.3771945,9.8225568,-0.0012144000135148048,2,0.0029977610048820985,-2.456194487863037,1,-27.05752456230347
16.562,0.205029,-0.43713360000000007,9.8225568,-0.0011272417847028038,2,0.005447389300749451,-2.456213220997423,1,-27.096823823974358
16.578,0.205029,-0.3771945,9.7866522,-0.0019776273664291466,2,-0.05314909885790228,-2.456238059950632,1,-27.136123434221936
16.593,0.18864630000000002,-0.3771945,9.8196138,-0.0020121023797585735,2,-0.002298334221961708,-2.456267982923728,1,-27.172967229543495
16.609,0.21552570000000001,-0.4116276,9.8196138,-0.001998560262141069,2,0.0008463823510939268,-2.4563000682248632,1,-27.21226777395269
16.625,0.21552570000000001,-0.42663690000000004,9.803133,-0.0023712354959126714,2,-0.0232922021107277,-2.456335026590928,1,-27.251568854711213
16.64,0.16166880000000003,-0.42663690000000004,9.862974000000001,-0.00130209572751383,2,0.07127598455992006,-2.4563625765751036,1,-27.28841408673496
16.656,0.16912439999999998,-0.3817071,9.862974000000001,-0.0003008485117170778,2,0.06257795098730391,-2.4563754001290175,1,-27.32771599054859
16.671,0.16912439999999998,-0.37572300000000003,9.833053500000002,-5.8751682047386566e-05,2,0.01613978864464547,-2.4563780971304707,1,-27.36456164177804
16.687,0.19610190000000002,-0.37572300000000003,9.842078700000002,0.00040957187975010356,2,0.029270222612339858,-2.456375290568889,1,-27.403863668879637
16.703,0.1511721,-0.4445892,9.848062800000001,0.0010628731200466035,2,0.04083132751853574,-2.4563635110088904,1,-27.443165579292256
16.718,0.1990449,-0.41908320000000004,9.848062800000001,0.0016937302269433019,2,0.0420571404597783,-2.456342836483788,1,-27.48001087689845
16.75,0.1990449,-0.43262100000000003,9.7567317,9.84988226271355e-05,2,-0.04985098138488016,-2.456314160818995,1,-27.558613388855296
16.75,0.18413369999999998,-0.43262100000000003,9.821085300000002,0.00010283483258177739,2,0.0,-2.456314160818995,1,-27.558613388855296
16.765,0.145188,-0.3562992,9.821085300000002,1.6459006571878376e-05,2,-0.005758388400659716,-2.456313266115201,1,-27.595458094557305
16.781,0.145188,-0.3891627,9.8046045,-0.0004390259718825007,2,-0.02846781115340183,-2.4563166466509236,1,-27.63475913385943
16.796,0.23053500000000002,-0.3891627,9.848062800000001,0.0002152819511316295,2,0.04362052820094036,-2.4563183247310794,1,-27.671603896144795
16.812,0.23053500000000002,-0.3891627,9.848062800000001,0.00085363114431658,2,0.03989682457405495,-2.456309773426316,1,-27.71090492093006
16.828,0.1437165,-0.4311495000000001,9.848062800000001,0.0014788234362637098,2,0.03907451824669991,-2.4562911137896712,1,-27.750205728027783
16.843,0.1437165,-0.34580249999999996,9.848062800000001,0.002006726328801278,2,0.03519352616916989,-2.456264972166433,1,-27.787049898672457
16.859,0.16912439999999998,-0.34580249999999996,9.839037600000001,0.0023116305328567677,2,0.019056512753465957,-2.45623042531154,1,-27.826349861852286
16.875,0.17069399999999998,-0.3427614,9.7926363,0.0014762863104351709,2,-0.05220901390135555,-2.4562001219767935,1,-27.865649306230587
16.89,0.1856052,-0.45508590000000004,9.7926363,0.0007794174341757554,2,-0.046457925083959274,-2.456183204198709,1,-27.902492181176903
16.906,0.1856052,-0.3547296,9.7941078,3.430294691497693e-05,2,-0.04656965545380378,-2.4561766944356602,1,-27.941791060365976
16.921,0.2544714,-0.3547296,9.856989900000002,0.0008772615858649857,2,0.05619724259666512,-2.4561698577016644,1,-27.978633659507008
16.937,0.19011780000000003,-0.3592422,9.856989900000002,0.0016682775073082468,2,0.049438495090198285,-2.456149493388919,1,-28.017932214315735
16.953,0.19011780000000003,-0.39220380000000005,9.8375661,0.00199732871902647,2,0.020565700732391213,-2.4561201685391083,1,-28.057230371611155
16.968,0.145188,-0.39220380000000005,9.8240283,0.001969804425653976,2,-0.0018349528914995276,-2.4560904150405234,1,-28.094071950988003
16.984,0.18109260000000002,-0.3547296,9.8240283,0.0019227648715887113,2,-0.002939972129078709,-2.4560592744861456,1,-28.13336914850422
17.0,0.18109260000000002,-0.45351630000000004,9.831582000000001,0.002159895199570272,2,0.014820645498849172,-2.456026613205576,1,-28.17266583560575
17.015,0.16765290000000002,-0.45351630000000004,9.777627,0.0010710568244558516,2,-0.07258922500762527,-2.456002381065396,1,-28.209506053062782
17.031,0.1362609,-0.39818790000000004,9.7851807,0.00012224368261648522,2,-0.05930082136496693,-2.4559928346613393,1,-28.24880201478859
17.046,0.2065986,-0.34580249999999996,9.7851807,-0.0008219289442337185,2,-0.0629448417900112,-2.4559980823008014,1,-28.28564194666581
17.062,0.2065986,-0.4654845,9.8105886,-0.0010033266868774149,2,-0.011337358915229754,-2.4560126843458505,1,-28.324938032798986
17.078,0.1661814,-0.4654845,9.7821396,-0.0018920010222647221,2,-0.05554214596171282,-2.4560358469675236,1,-28.36423442104949
17.093,0.21552570000000001,-0.4340925,9.7821396,-0.002770709992438114,2,-0.05858059801155724,-2.4560708173001338,1,-28.401075221031498
17.109,0.21552570000000001,-0.42506730000000004,9.855518400000001,-0.0018500199118633986,2,0.05754313003591327,-2.4561077831393683,1,-28.44037264983502
17.125,0.2080701,-0.42506730000000004,9.8225568,-0.0017587020922835706,2,0.005707363723739885,-2.4561366529154016,1,-28.479670605323452
17.14,0.1526436,-0.4340925,9.8225568,-0.0016847896602598667,2,0.00492749546824674,-2.4561624791035457,1,-28.516512848813594
17.156,0.1526436,-0.38621970000000005,9.8255979,-0.0015872806905843362,2,0.0060943106047213255,-2.4561886556663524,1,-28.55581165789175
17.171,0.1796211,-0.38621970000000005,9.8495343,-0.000897766673562117,2,0.045967601134812866,-2.4562072935215835,1,-28.592654627510658
17.187,0.1511721,-0.4221243,9.8076456,-0.0012214249998034887,2,-0.02022864539008347,-2.4562242470549704,1,-28.631954079835275
17.203,0.1511721,-0.3487455,9.8151012,-0.0014257537964095235,2,-0.01277054978787858,-2.4562454244853402,1,-28.671253837207594
17.218,0.1511721,-0.3487455,9.8151012,-0.0016250989638297852,2,-0.013289677828016946,-2.456268305881042,1,-28.708097690185344
17.234,0.2290635,-0.3487455,9.8046045,-0.002038599447988787,2,-0.025843780259934716,-2.4562976154683365,1,-28.747398217556142
17.25,0.17667810000000003,-0.3503151,9.8046045,-0.002467065646754918,2,-0.02677913742288613,-2.4563336607890944,1,-28.7866992677662
17.265,0.17667810000000003,-0.42663690000000004,9.8016615,-0.002883096506412386,2,-0.027735390643830148,-2.4563737870052433,1,-28.82354457362466
17.281,0.10928340000000002,-0.42663690000000004,9.8584614,-0.0019289581808799028,2,0.059633645345786766,-2.4564122834427415,1,-28.86284686218824
17.296,0.1946304,-0.32932170000000005,9.8584614,-0.0010569570070444456,2,0.058133411589028273,-2.456434677806651,1,-28.89969321439761
17.312,0.1946304,-0.43262100000000003,9.800091900000002,-0.0015309446008018313,2,-0.029624224609833286,-2.4564553810195138,1,-28.938996334868225
17.328,0.1586277,-0.42065280000000005,9.856989900000002,-0.0006355675748963563,2,0.05596106411909835,-2.4564727131169195,1,-28.97829975962131
17.343,0.1586277,-0.42065280000000005,9.856989900000002,0.00023797098696221042,2,0.05823590412390224,-2.456475695091329,1,-29.015146872682873
17.359,0.1721655,-0.37866600000000006,9.856989900000002,0.0010542572263503303,2,0.05101788996175178,-2.4564653572656225,1,-29.054450401101732
17.375,0.1721655,-0.4311495000000001,9.8615025,0.002013106795487829,2,0.05992809807110027,-2.456440818353448,1,-29.09375365050668
17.39,0.1721655,-0.4311495000000001,9.743193900000001,6.622518429644231e-05,2,-0.12979210741275418,-2.4564252233635995,1,-29.13060014581956
17.406,0.17069399999999998,-0.3936753,9.743193900000001,-0.0018724499059707966,2,-0.12116719314171578,-2.456439673161373,1,-29.169903064991757
17.421,0.17069399999999998,-0.3562992,9.8255979,-0.001790676957645232,2,0.005451529888370773,-2.45646714661285,1,-29.206749866140065
17.437,0.17069399999999998,-0.3562992,9.8255979,-0.0017108984714742093,2,0.00498615538568836,-2.4564951592162827,1,-29.246053564586703
17.453,0.1856052,-0.3562992,9.8285409,-0.0015547565506963679,2,0.009758870048616163,-2.45652128445646,1,-29.28535769613608
17.468,0.1796211,-0.3876912,9.8285409,-0.0013761791214434993,2,0.011905161950190786,-2.456543266474001,1,-29.322205680268063
17.484,0.1796211,-0.37425150000000007,9.8285409,-0.0012146515891995335,2,0.010095470765246731,-2.456563993119686,1,-29.361510538344817
17.5,0.21856680000000003,-0.42506730000000004,9.8285409,-0.000987495816543671,2,0.014197235790992977,-2.456581610298932,1,-29.40081570317216
17.515,0.19610190000000002,-0.42506730000000004,9.836094600000001,-0.0005933974699274813,2,0.026273223107744978,-2.4565934669985805,1,-29.437664516251893
17.531,0.19011780000000003,-0.3847482,9.836094600000001,-0.0002522135004188186,2,0.021323998094293767,-2.4566002318863434,1,-29.476970065842966
17.546,0.19011780000000003,-0.3951468000000001,9.8196138,-0.00031087723861666916,2,-0.003910915879856554,-2.456604455066886,1,-29.513819100995118
17.562,0.21101310000000004,-0.3951468000000001,9.836094600000001,4.3842491459500366e-05,2,0.022169983129758115,-2.456606591344863,1,-29.553124789366418
17.578,0.145188,-0.39671639999999997,9.833053500000002,0.00028830326878903634,2,0.015278798583097681,-2.4566039341787813,1,-29.5924304735706
17.593,0.145188,-0.39671639999999997,9.833053500000002,0.0005268015881352284,2,0.0158998879564122,-2.4565978208923545,1,-29.629279486733637
17.609,0.19610190000000002,-0.39671639999999997,9.7552602,-0.0011144510855789491,2,-0.10257829210712462,-2.456602522088334,1,-29.668585089477485
17.625,0.1856052,-0.3173535,9.7552602,-0.00279146049936152,2,-0.10481308836142222,-2.4566337693810136,1,-29.707890979809235
17.64,0.1856052,-0.4116276,9.8255979,-0.0026279992667390673,2,0.0108974155081631,-2.4566744153292595,1,-29.744740791194562
17.656,0.21856680000000003,-0.3907323,9.8165727,-0.0026926926830697084,2,-0.004043338520665519,-2.456716980864858,1,-29.78404792236411
17.671,0.23053500000000002,-0.3996594,9.9392958,0.0002496044894986227,2,0.19615314483788132,-2.4567353040263096,1,-29.820898814500794
17.687,0.23053500000000002,-0.3996594,9.9392958,0.0031201383163939056,2,0.17940836418093511,-2.4567083460838623,1,-29.86020636370168
17.703,0.23053500000000002,-0.37572300000000003,9.856989900000002,0.003892437176217456,2,0.04826867873897721,-2.4566522454799213,1,-29.899513248434186
17.718,0.16765290000000002,-0.37572300000000003,9.7866522,0.0029008997121415803,2,-0.06610249760505586,-2.456601295453259,1,-29.936362649991185
17.734,0.1856052,-0.4460607,9.839037600000001,0.0032895389583842416,2,0.024289952890163617,-2.4565517719438947,1,-29.975667874530366
17.75,0.1482291,-0.4460607,9.833053500000002,0.0035074647221815525,2,0.01362036023733343,-2.4564973959144503,1,-30.01497226787323
17.765,0.18266220000000002,-0.3712104,9.833053500000002,0.0036584004840474194,2,0.010062384124390745,-2.4564436519254036,1,-30.05181932573203
17.781,0.18266220000000002,-0.3712104,9.833053500000002,0.0038056548858680372,2,0.009203400113789631,-2.4563839394824445,1,-30.09112194646329
17.796,0.18266220000000002,-0.32932170000000005,9.7806681,0.002636202050682712,2,-0.07796352234568538,-2.4563356255554205,1,-30.127967343201075
17.812,0.17510850000000003,-0.41309910000000005,9.7911648,0.0018251370847366388,2,-0.05069156037162391,-2.4562999348423373,1,-30.16726842768426
17.828,0.11526750000000001,-0.41309910000000005,9.8196138,0.0017054484711582774,2,-0.007480538348648416,-2.45627169015789,1,-30.206569000684258
17.843,0.19757340000000004,-0.36826739999999997,9.8196138,0.001577163165974227,2,-0.008552353678936373,-2.4562470705706114,1,-30.243412891389724
17.859,0.19757340000000004,-0.36669779999999996,9.8076456,0.0011589306589154802,2,-0.026139531691168744,-2.4562251818200123,1,-30.282712669408852
17.875,0.22455090000000003,-0.36669779999999996,9.8076456,0.0007650457794898813,2,-0.02461780496410264,-2.456209790008505,1,-30.322012149183475
17.89,0.1406754,-0.4027005000000001,9.8076456,0.00037712418804503045,2,-0.02586143942965574,-2.4562012237337485,1,-30.358855231786542
17.906,0.1406754,-0.37425150000000007,9.7686999,-0.000977899355529388,2,-0.08468897147341048,-2.4562060299350885,1,-30.398154489815887
17.921,0.145188,-0.37425150000000007,9.7895952,-0.0017890518727128324,2,-0.05407683447889424,-2.4562267820693005,1,-30.43499773590592
17.937,0.205029,-0.4056435,9.851005800000001,-0.001027651202848645,2,0.047587541866506385,-2.456249315693905,1,-30.47429754468803
17.953,0.17069399999999998,-0.33226469999999997,9.8120601,-0.0013169592372985761,2,-0.01808175215312268,-2.456268072577426,1,-30.5135976837942
17.968,0.17069399999999998,-0.33226469999999997,9.8120601,-0.0015992109782256847,2,-0.018816782728473192,-2.4562899438540424,1,-30.550441868917435
17.984,0.1946304,-0.33226469999999997,9.7986204,-0.0021912633749412436,2,-0.03700327479471829,-2.456320267648868,1,-30.589742750609464
18.0,0.1796211,-0.3876912,9.7986204,-0.002726238950243598,2,-0.033435973456400835,-2.456359607667469,1,-30.62904418961199
18.015,0.1796211,-0.39671639999999997,9.827069400000001,-0.0025461682203644642,2,0.012004715325275129,-2.4563991507212486,1,-30.665889880299904
18.031,0.2230794,-0.39671639999999997,9.8225568,-0.002458739379564534,2,0.0054643025499962385,-2.456439189982048,1,-30.705192587025525
18.046,0.24544620000000003,-0.42065280000000005,9.8225568,-0.0023361845529734637,2,0.008170321772737712,-2.4564751519115418,1,-30.74203944458973
18.062,0.24544620000000003,-0.4221243,9.8944641,-0.00046339186810584465,2,0.11704954280421309,-2.4564975485229104,1,-30.781343226193208
18.078,0.24544620000000003,-0.4221243,9.8944641,0.001363722946399193,2,0.11419467590657742,-2.456490345874284,1,-30.82064712934838
18.093,0.21856680000000003,-0.3891627,9.7911648,0.0005810876552718724,2,-0.052175686075152716,-2.4564757597947713,1,-30.8574943751409
18.109,0.23347800000000002,-0.3622833,9.834525,0.0008573429461975479,2,0.017265955682852784,-2.4564642523499596,1,-30.896797895238063
18.125,0.23347800000000002,-0.42506730000000004,9.8285409,0.0010423158091388274,2,0.01156080393383124,-2.4564490550799167,1,-30.936101201697497
18.14,0.20954160000000002,-0.42506730000000004,9.8046045,0.0006264996043867654,2,-0.02772108031680308,-2.4564365389643155,1,-30.97294784365283
18.156,0.18413369999999998,-0.347274,9.8046045,0.00013373769433933091,2,-0.03079761937796805,-2.4564304570659257,1,-31.012250779621066
18.171,0.18413369999999998,-0.37572300000000003,9.831582000000001,0.00033594704086148397,2,0.01348062310147636,-2.4564269344304117,1,-31.04909721005729
18.187,0.1781496,-0.37572300000000003,9.8120601,5.4819985120246884e-05,2,-0.01757044098382535,-2.456423808294204,1,-31.088400015999092
18.203,0.1781496,-0.37572300000000003,9.8120601,-0.00021945031316406016,2,-0.017141893642771078,-2.4564251253368283,1,-31.127702807468136
18.218,0.17069399999999998,-0.4520448,9.8120601,-0.0004118224150797545,2,-0.012824806794379135,-2.4564298598822902,1,-31.16454921985728
18.234,0.17069399999999998,-0.3907323,9.8524773,0.0003212037695767833,2,0.045814136541028484,-2.456430584831454,1,-31.203852103414995
18.25,0.21709530000000002,-0.3951468000000001,9.8151012,0.00015223590727941883,2,-0.010560491393586443,-2.4564267973140392,1,-31.243154962472154
18.265,0.15568469999999998,-0.42506730000000004,9.830012400000001,0.00035273757323395216,2,0.013366777730301716,-2.4564230100129354,1,-31.28000133602711
18.281,0.15568469999999998,-0.42506730000000004,9.830012400000001,0.0005483489546538323,2,0.012225711338743853,-2.4564158013207122,1,-31.319304046517775
18.296,0.15568469999999998,-0.3876912,9.7986204,-6.34261375704881e-05,2,-0.04078500614828648,-2.456412164399584,1,-31.35615025626068
18.312,0.1990449,-0.3876912,9.818044200000001,-0.00016787075657198613,2,-0.006527788687592897,-2.456414014774737,1,-31.39545286569408
18.328,0.18413369999999998,-0.49246200000000007,9.818044200000001,-0.0001624539982110207,2,0.00033854739756037765,-2.4564166573727753,1,-31.434755511071256
18.343,0.18413369999999998,-0.35777070000000005,9.7821396,-0.0011742381674118008,2,-0.06745227794671611,-2.4564266825640173,1,-31.471601836120783
18.359,0.1586277,-0.35777070000000005,9.8375661,-0.0008214433832058887,2,0.022049674012867036,-2.4564426480164223,1,-31.51090479076543
18.375,0.21101310000000004,-0.3831786,9.8375661,-0.0004299535717677827,2,0.024468113214884322,-2.456452659192062,1,-31.550207953223094
18.39,0.21101310000000004,-0.42663690000000004,9.851005800000001,0.00032298296979149654,2,0.050195769437283384,-2.4564534614715767,1,-31.58705474912807
18.406,0.18266220000000002,-0.42663690000000004,9.788123700000002,-0.0004882456489117004,2,-0.050701788668955396,-2.4564547835730095,1,-31.626358015088424
18.421,0.2425032,-0.3487455,9.788123700000002,-0.0013231919607257225,2,-0.055663087454266034,-2.4564683693550817,1,-31.663204938735387
18.437,0.20208600000000002,-0.3622833,9.8375661,-0.0009433231037192513,2,0.023741803562901793,-2.4564865014755974,1,-31.702508577702037
18.453,0.20208600000000002,-0.42065280000000005,9.8734707,0.0003586169310896281,2,0.08137125217556393,-2.4564911791249786,1,-31.741812399146838
18.468,0.1856052,-0.42065280000000005,9.8584614,0.0012552355161883355,2,0.05977457233991156,-2.456479075231624,1,-31.778659676054513
18.484,0.205029,-0.3592422,9.8584614,0.0020801747063661225,2,0.05155869938610591,-2.4564523919498433,1,-31.81796312779197
18.5,0.205029,-0.43262100000000003,9.818044200000001,0.001972177549758314,2,-0.006749822287988782,-2.456419973131794,1,-31.85726610671262
18.515,0.1646118,-0.43262100000000003,9.851005800000001,0.0026513312531477595,2,0.04527691355929466,-2.4563852968157724,1,-31.894112146237227
18.531,0.19610190000000002,-0.43262100000000003,9.851005800000001,0.0033279661673386585,2,0.04228968213693584,-2.4563374624364087,1,-31.93341392831124
18.546,0.19610190000000002,-0.2994012,9.842078700000002,0.003649891807963712,2,0.021461709375002767,-2.456285128501594,1,-31.970258597743275
18.562,0.205029,-0.2994012,9.854046900000002,0.004260109051065442,2,0.03813857769385382,-2.456221848494722,1,-32.00955865355925
18.578,0.18413369999999998,-0.41908320000000004,9.8120601,0.003928753048096922,2,-0.02070975018553473,-2.4561563375979287,1,-32.04885767904799
18.593,0.173637,-0.4311495000000001,9.8120601,0.003613553302541206,2,-0.021013316370380303,-2.456099770300299,1,-32.08569959985723
18.609,0.173637,-0.3817071,9.8405091,0.003949388710255519,2,0.020989712982142233,-2.4560392667641966,1,-32.12499671215375
18.625,0.1915893,-0.3817071,9.833053500000002,0.0041034782700482,2,0.009630597487043596,-2.455974843828354,1,-32.16429282503849
18.64,0.18864630000000002,-0.37572300000000003,9.833053500000002,0.0042468068726542185,2,0.009555240173734223,-2.455912216689784,1,-32.201131977992375
18.656,0.18864630000000002,-0.40868460000000006,9.818044200000001,0.004052977526150414,2,-0.012114334156489106,-2.4558458184145935,1,-32.24042604227321
18.671,0.20208600000000002,-0.40868460000000006,9.8016615,0.003471244325686129,2,-0.038782213364284196,-2.4557893867507046,1,-32.277263306311944
18.687,0.2260224,-0.3996594,9.8016615,0.0029073684768103902,2,-0.03524224055472974,-2.4557383578482845,1,-32.316555528268744
18.703,0.2260224,-0.36071369999999997,9.7911648,0.002064662999886835,2,-0.05266909230772801,-2.455698581596471,1,-32.3558470237843
18.718,0.2140542,-0.36071369999999997,9.800091900000002,0.001453492150790936,2,-0.040744723273058385,-2.455672195432841,1,-32.39268230461202
18.734,0.1870767,-0.3083283,9.8196138,0.0012760162484184434,2,-0.011092243898279543,-2.4556503593656474,1,-32.43197288505041
18.75,0.1946304,-0.4520448,9.8196138,0.0012420297337758512,2,-0.0021241571651622443,-2.45563021499779,1,-32.471263129645315
18.765,0.1946304,-0.41908320000000004,9.843550200000001,0.0017564250722852393,2,0.034293022567291234,-2.4556077265867446,1,-32.5080974142072
18.781,0.1946304,-0.41908320000000004,9.843550200000001,0.0022582741830259323,2,0.03136556942129677,-2.455575608992702,1,-32.54738688089183
18.796,0.1497006,-0.41908320000000004,9.834525,0.0025088347815707124,2,0.016704039902984705,-2.4555398556754677,1,-32.58422024687684
18.812,0.19610190000000002,-0.41309910000000005,9.834525,0.0027669916985662013,2,0.016134807312216254,-2.4554976490636267,1,-32.623508546914756
18.828,0.18413369999999998,-0.40868460000000006,9.8196138,0.0026454111930611646,2,-0.007598781594065633,-2.4554543498404935,1,-32.662796162905984
18.843,0.18413369999999998,-0.40868460000000006,9.8196138,0.002526796065739134,2,-0.007907675154801726,-2.4554155582860524,1,-32.69962768721693
18.859,0.16019730000000001,-0.37572300000000003,9.8196138,0.002368768281444389,2,-0.009876736518420475,-2.455376393771275,1,-32.73891402283339
18.875,0.16019730000000001,-0.40868460000000006,9.8524773,0.003047426828919342,2,0.04241615921718923,-2.455333064210392,1,-32.77819969849724
18.89,0.2006145,-0.44154810000000005,9.8120601,0.0027775223005050975,2,-0.017993635227615604,-2.4552893770919213,1,-32.81502936680701
18.906,0.2006145,-0.44154810000000005,9.8120601,0.002514200809368816,2,-0.016457593196019395,-2.4552470433070424,1,-32.8543136581702
18.921,0.205029,-0.344331,9.8120601,0.0021646661552683355,2,-0.023302310273364494,-2.4552119518048077,1,-32.89114210063354
18.937,0.205029,-0.3652263,9.836094600000001,0.0024277432704788993,2,0.016442319700658396,-2.4551752125294017,1,-32.93042519794822
18.953,0.17069399999999998,-0.3652263,9.871999200000001,0.0035434133972902515,2,0.06972938292571719,-2.4551274432760595,1,-32.96970761919466
18.968,0.20355750000000003,-0.4670541,9.871999200000001,0.004751628839121835,2,0.08054769612210254,-2.4550652304592866,1,-33.006534064247674
18.984,0.20355750000000003,-0.3367773,9.843550200000001,0.005107823179233861,2,0.022262146256999134,-2.4549863548431397,1,-33.0458144769301
19.0,0.19757340000000004,-0.3367773,9.7926363,0.004211536751144607,2,-0.05601790175558458,-2.4549117999636967,1,-33.085093662168546
19.015,0.19757340000000004,-0.3831786,9.7926363,0.0033786771235853053,2,-0.05552397517061799,-2.4548548733596363,1,-33.121916912218474
19.031,0.19757340000000004,-0.3532581,9.8091171,0.0029403440911757173,2,-0.027395814525602268,-2.454804321189918,1,-33.16119418577487
19.046,0.17069399999999998,-0.3532581,9.783611100000002,0.0018788063709589409,2,-0.07076918134778241,-2.454768177561452,1,-33.1980159795155
19.062,0.19610190000000002,-0.3592422,9.8734707,0.0030498765708113496,2,0.07319188749076735,-2.4547287480979176,1,-33.237291954920785
19.078,0.17510850000000003,-0.4340925,9.8734707,0.004256039881878948,2,0.0753852069417332,-2.454670300766296,1,-33.276567147311695
19.093,0.17510850000000003,-0.3831786,9.831582000000001,0.004360699151218839,2,0.006977284622659114,-2.4546056752235477,1,-33.31338671713162
19.109,0.1406754,-0.3831786,9.8255979,0.004303502371632462,2,-0.0035747987241481647,-2.454536361611365,1,-33.3526598534263
19.125,0.20208600000000002,-0.3876912,9.8255979,0.00427811536570033,2,-0.0015866878707583936,-2.4544677086694664,1,-33.39193188598855
19.14,0.20208600000000002,-0.4176117,9.843550200000001,0.0047205965016043905,2,0.029498742393602905,-2.4544002183304614,1,-33.42874839544105
19.156,0.18266220000000002,-0.4176117,9.7956774,0.0039766635519242755,2,-0.04649580935501231,-2.454330640250033,1,-33.46801824230969
19.171,0.2140542,-0.3951468000000001,9.7956774,0.003243656307191145,2,-0.04886714964887351,-2.45427648785109,1,-33.50483279577045
19.187,0.2140542,-0.3891627,9.8375661,0.003543321821448231,2,0.01872909464106577,-2.454222192026061,1,-33.544100785209466
19.203,0.20208600000000002,-0.3891627,9.788123700000002,0.0026248006806497415,2,-0.05740757129991191,-2.454172847046044,1,-33.583367945522035
19.218,0.2006145,-0.41309910000000005,9.788123700000002,0.0017518453790916766,2,-0.05819702010386879,-2.4541400222005962,1,-33.62018029204138
19.234,0.18109260000000002,-0.37866600000000006,9.7911648,0.0009310791376826444,2,-0.051297890088058774,-2.454118558804462,1,-33.65944636068943
19.25,0.18109260000000002,-0.4386051,9.8405091,0.0013933973031399205,2,0.02889488534108294,-2.4540999629929354,1,-33.6987121088638
19.265,0.16912439999999998,-0.4386051,9.8165727,0.0012561029723556771,2,-0.009152955385615877,-2.4540800917408694,1,-33.735523459274305
19.281,0.1646118,-0.36071369999999997,9.8165727,0.0010430183325684794,2,-0.013317789986701325,-2.45406169877043,1,-33.77478859359839
19.296,0.1646118,-0.37572300000000003,9.7567317,-0.0006094052654077586,2,-0.1101615731984117,-2.454058446672426,1,-33.81159949468921
19.312,0.2080701,-0.37572300000000003,9.8120601,-0.0008531257844843765,2,-0.01523253244228691,-2.454070146920825,1,-33.85086452343796
19.328,0.16166880000000003,-0.41309910000000005,9.8120601,-0.0010755965161521885,2,-0.013904420729239786,-2.45408557669923,1,-33.89012976922692
19.343,0.16166880000000003,-0.4056435,9.856989900000002,-0.00020545015023465396,2,0.05800975772783344,-2.454095184549228,1,-33.926941124936285
19.359,0.2140542,-0.4056435,9.8196138,-0.00024282394862495948,2,-0.0023358623993938337,-2.4540987707420188,1,-33.96620667657862
19.375,0.2260224,-0.36071369999999997,9.8196138,-0.0003154703508965184,2,-0.004540400141972934,-2.454103237096415,1,-34.00547229264132
19.39,0.1482291,-0.41908320000000004,9.8734707,0.0009462514906477537,2,0.08411478943628162,-2.454098506237867,1,-34.04228380571633
19.406,0.1482291,-0.3547296,9.8615025,0.001824060956083784,2,0.05486309158975793,-2.454076343738293,1,-34.081549204516136
19.421,0.18109260000000002,-0.3547296,9.8674866,0.0028396684758202895,2,0.06770716798243114,-2.4540413657675537,1,-34.11836008733743
19.437,0.19757340000000004,-0.4311495000000001,9.8674866,0.003912360911220603,2,0.06704327721251206,-2.4539873495324573,1,-34.157624317059835
19.453,0.19757340000000004,-0.42065280000000005,9.8734707,0.00509364452310912,2,0.07383022574304046,-2.4539153014889825,1,-34.196887538268
19.468,0.19757340000000004,-0.42065280000000005,9.8734707,0.006246116339585939,2,0.07683145443178502,-2.4538302532825123,1,-34.23369562992879
19.484,0.1631403,-0.42065280000000005,9.7971489,0.0054956028017425496,2,-0.04690709611520657,-2.4537363195293818,1,-34.27295616251129
19.5,0.16765290000000002,-0.33226469999999997,9.7971489,0.004682487004167513,2,-0.05081973734844541,-2.4536548948109345,1,-34.31221529222601
19.515,0.16765290000000002,-0.40417200000000003,9.8136297,0.004356634418540395,2,-0.02172350570847369,-2.4535871014002644,1,-34.34901960719759
19.531,0.15421320000000002,-0.40417200000000003,9.7926363,0.0035218228673183916,2,-0.052175721951380954,-2.4535240737419777,1,-34.38827649659872
19.546,0.1930608,-0.4101561,9.7507476,0.0017096403040053332,2,-0.12081217088753264,-2.4534848377681926,1,-34.42507906343505
19.562,0.1930608,-0.37866600000000006,9.834525,0.0019520508067234488,2,0.01515065641988053,-2.453455544239307,1,-34.46433458649111
19.578,0.1870767,-0.37866600000000006,9.874942200000001,0.0031706119172909553,2,0.07616006941047754,-2.453414562937515,1,-34.503589547348525
19.593,0.1870767,-0.37866600000000006,9.874942200000001,0.004359452025161303,2,0.07925600719135353,-2.4533580874579464,1,-34.540390342226495
19.609,0.1586277,-0.36826739999999997,9.874942200000001,0.005497577201781567,2,0.07113282353875852,-2.4532792312241307,1,-34.57964344077595
19.625,0.1781496,-0.39818790000000004,9.8225568,0.005367909425016748,2,-0.008104236047802088,-2.453192307331116,1,-34.61889521308439
19.64,0.173637,-0.4625415,9.8225568,0.005308128629730291,2,-0.003985386352430321,-2.4531122370457057,1,-34.65569249716722
19.656,0.173637,-0.4625415,9.8225568,0.005249805902622029,2,-0.0036451704442667784,-2.453027773569447,1,-34.69494161725214
19.671,0.173637,-0.36826739999999997,9.7986204,0.004512453987903342,2,-0.049156794314577264,-2.4529545566202677,1,-34.731736484728565
19.687,0.15421320000000002,-0.36826739999999997,9.8196138,0.004296777928463058,2,-0.013479753715016241,-2.4528840827649367,1,-34.77098319384365
19.703,0.21709530000000002,-0.4386051,9.8196138,0.004185739646251463,2,-0.0069398926382254625,-2.452816222624339,1,-34.81022879628676
19.718,0.1631403,-0.4235958000000001,9.831582000000001,0.0043275035439425125,2,0.00945092651273628,-2.452752373300412,1,-34.84702056075619
19.734,0.1631403,-0.3907323,9.8255979,0.004286829160966121,2,-0.002542148936024162,-2.4526834586387727,1,-34.88626404741171
19.75,0.21552570000000001,-0.3907323,9.895935600000001,0.00598554279157959,2,0.10616960191335349,-2.4526012796631522,1,-34.92550632531812
19.765,0.1721655,-0.3951468000000001,9.895935600000001,0.007626399784095739,2,0.1093904661677391,-2.4524991900938344,1,-34.962294578841295
19.781,0.1721655,-0.37866600000000006,9.836094600000001,0.0077532931361918855,2,0.007930834506010051,-2.4523761525504724,1,-35.00153358158244
19.796,0.1646118,-0.37866600000000006,9.855518400000001,0.008347275475683702,2,0.03959882263278626,-2.4522553982858835,1,-35.03831831821372
19.812,0.1586277,-0.37268190000000007,9.855518400000001,0.008918820321971666,2,0.035721552892993724,-2.452117269519502,1,-35.077553299556165
19.828,0.1586277,-0.4730382,9.8794548,0.010164404812279315,2,0.07784903064423668,-2.451964603718428,1,-35.11678595454207
19.843,0.17667810000000003,-0.4730382,9.8584614,0.010875705394141733,2,0.04742003879082603,-2.4518068028918796,1,-35.15356424009165
19.859,0.145188,-0.3532581,9.8136297,0.010342192772380798,2,-0.03334453886005466,-2.4516370597065476,1,-35.19279179099244
19.875,0.1526436,-0.35777070000000005,9.8136297,0.009828434047545187,2,-0.03210992030222924,-2.4514756946919882,1,-35.232016693027624
19.89,0.1526436,-0.4311495000000001,9.7791966,0.008560159212033014,2,-0.08455165570080833,-2.4513377802425413,1,-35.26878779408963
19.906,0.1526436,-0.4311495000000001,9.8375661,0.00874491894435181,2,0.01154748326992599,-2.45119933961729,1,-35.30800809104851
19.921,0.19011780000000003,-0.3891627,9.8375661,0.008898426345020027,2,0.010233826711214145,-2.45106701452762,1,-35.344775088704594
19.937,0.19011780000000003,-0.39818790000000004,9.845021700000002,0.009238651311274992,2,0.021264060390932933,-2.4509219179063697,1,-35.38399100016407
19.953,0.2080701,-0.39818790000000004,9.8105886,0.008740468312153027,2,-0.031136437445126272,-2.4507780849493823,1,-35.423204600186914
19.968,0.1646118,-0.4221243,9.8105886,0.008258706724994624,2,-0.03211743914389228,-2.4506505911366037,1,-35.45996531525756
19.984,0.1646118,-0.3996594,9.788123700000002,0.007218378158603045,2,-0.06502053539946645,-2.450526774457535,1,-35.49917473418232
20.0,0.18109260000000002,-0.3996594,9.866015100000002,0.008108414350889603,2,0.055627262017916033,-2.450404160117459,1,-35.53838218165892
20.015,0.20954160000000002,-0.45950040000000003,9.833053500000002,0.008251053807414976,2,0.009509297101691174,-2.450281464106272,1,-35.5751373238406
20.031,0.1930608,-0.36826739999999997,9.833053500000002,0.00828843682390179,2,0.0023364385304261233,-2.4501491481812216,1,-35.6143407687389
20.046,0.1930608,-0.3202965,9.7895952,0.007224786148835705,2,-0.07091004500440302,-2.450032799008926,1,-35.65109213334283
20.062,0.2140542,-0.3202965,9.8136297,0.006783472090848619,2,-0.02758212862418976,-2.4499207329430086,1,-35.690291761598445
20.078,0.16765290000000002,-0.4221243,9.8136297,0.006424790657233004,2,-0.02241758960097842,-2.449815066841024,1,-35.729489647996715
20.093,0.16765290000000002,-0.40113090000000007,9.855518400000001,0.0070740813077776465,2,0.04328604336964121,-2.4497138253012865,1,-35.766236114687786
20.109,0.2200383,-0.40113090000000007,9.8524773,0.007658547125203086,2,0.03652911358908586,-2.4495959642738225,1,-35.80543059300439
20.125,0.21856680000000003,-0.3532581,9.8524773,0.008183301709458135,2,0.0327971615159442,-2.449469229483145,1,-35.84462311455444
20.14,0.21856680000000003,-0.3876912,9.862974000000001,0.008982563350890871,2,0.05328410942884704,-2.4493404854951923,1,-35.88136418741678
20.156,0.21856680000000003,-0.3876912,9.862974000000001,0.009762330805946462,2,0.048735465940979814,-2.449190526341938,1,-35.920552435511475
20.171,0.18864630000000002,-0.3876912,9.842078700000002,0.009998875211548963,2,0.01576962704016615,-2.4490423172968065,1,-35.95728918183877
20.187,0.24103170000000002,-0.3996594,9.833053500000002,0.01004929588898662,2,0.0031512923398532094,-2.4488819319280024,1,-35.99647257583257
20.203,0.18266220000000002,-0.3831786,9.8764137,0.011108448250096714,2,0.06619702256938816,-2.44871266997489,1,-36.03565333264779
20.218,0.18266220000000002,-0.3831786,9.8764137,0.012141767626790312,2,0.06888795844623724,-2.448538293355813,1,-36.072382714872774
20.234,0.15421320000000002,-0.3831786,9.8524773,0.012554757437351682,2,0.025811863160082767,-2.4483407211553,1,-36.111557746988865
20.25,0.19610190000000002,-0.33981839999999996,9.8524773,0.012937051642653685,2,0.02389338783137781,-2.4481367866826598,1,-36.15072956705156
20.265,0.19610190000000002,-0.40417200000000003,9.806076000000001,0.01223867113780841,2,-0.04655870032301658,-2.4479479687618064,1,-36.1874502027174
20.281,0.1930608,-0.40417200000000003,9.8584614,0.012832222957289474,2,0.03709698871757059,-2.4477474016090457,1,-36.226615765680364
20.296,0.1781496,-0.43556400000000006,9.8584614,0.013437031926477161,2,0.04032059794584426,-2.4475503821974174,1,-36.26333049905892
20.312,0.1781496,-0.3622833,9.8255979,0.013153960929521702,2,-0.017691937309714207,-2.4473376542545693,1,-36.30248960335054
20.328,0.19011780000000003,-0.3622833,9.7926363,0.012080016776426561,2,-0.06712150956845371,-2.447135782432922,1,-36.341645390844036
20.343,0.1796211,-0.4445892,9.8016615,0.011329919524600385,2,-0.050006483455076516,-2.446960207910664,1,-36.37835111077161
20.359,0.16765290000000002,-0.3847482,9.8016615,0.01053126967313922,2,-0.04991561571631716,-2.4467853183970822,1,-36.41750107498208
20.375,0.16765290000000002,-0.41309910000000005,9.855518400000001,0.011092448485658934,2,0.03507367578248597,-2.446612328651812,1,-36.456648256158466
20.39,0.1915893,-0.41309910000000005,9.8196138,0.010775783894825253,2,-0.021110972722244655,-2.4464483169089584,1,-36.49334621100017
20.406,0.1466595,-0.43556400000000006,9.8196138,0.010471640955488581,2,-0.019008933708544045,-2.4462783375101558,1,-36.53248802423552
20.421,0.1466595,-0.37425150000000007,9.7791966,0.009128355251078801,2,-0.08955238029398195,-2.4461313375386067,1,-36.56918109679839
20.437,0.17667810000000003,-0.37425150000000007,9.8225568,0.008886550350297284,2,-0.015112806298843125,-2.4459872182937956,1,-36.60831804524505
20.453,0.1856052,-0.3907323,9.8225568,0.008670293014974462,2,-0.013516083457677897,-2.4458467635468732,1,-36.64745271709977
20.468,0.1856052,-0.40868460000000006,9.788123700000002,0.007638157027377801,2,-0.06880906583977477,-2.445724450171556,1,-36.68413950120266
20.484,0.2065986,-0.40868460000000006,9.8464932,0.008063542578524263,2,0.026586596946650908,-2.4455988365747086,1,-36.72327008749663
20.5,0.2200383,-0.347274,9.830012400000001,0.008026586226517196,2,-0.0023097720004419445,-2.445470115544268,1,-36.76239863911358
20.515,0.19011780000000003,-0.4176117,9.830012400000001,0.00804200068342098,2,0.0010276304602522249,-2.4453496011424436,1,-36.79907978698873
20.531,0.19011780000000003,-0.42506730000000004,9.7986204,0.007300026666557713,2,-0.0463733760539593,-2.4452268649236437,1,-36.83820439871725
20.546,0.2065986,-0.42506730000000004,9.8240283,0.007203264702015488,2,-0.006450797636148064,-2.4451180902383793,1,-36.87488198588097
20.562,0.2274939,-0.36973890000000004,9.8240283,0.007065579554456747,2,-0.008605321722420381,-2.4450039394843275,1,-36.91400296211875
20.578,0.2274939,-0.42065280000000005,9.8375661,0.007310953514313212,2,0.015335872491030769,-2.444888927219777,1,-36.95312210505238
20.593,0.1796211,-0.42065280000000005,9.856989900000002,0.007999450591901436,2,0.045899805172546514,-2.4447740991889804,1,-36.989794577750445
20.609,0.1377324,-0.39220380000000005,9.856989900000002,0.008626142133618231,2,0.03916822135729531,-2.444641094447176,1,-37.028909899299535
20.625,0.1930608,-0.35178660000000006,9.834525,0.008675532005570474,2,0.003086866997015554,-2.4445026810540624,1,-37.06802304950354
20.64,0.1930608,-0.35178660000000006,9.834525,0.008723717246498452,2,0.003212349395198422,-2.4443721866846717,1,-37.10468961101158
20.656,0.19011780000000003,-0.43713360000000007,9.834525,0.008852740370899781,2,0.008063945275083917,-2.4442315750237325,1,-37.14379844110524
20.671,0.1870767,-0.37268190000000007,9.834525,0.008912540447800765,2,0.003986671793398804,-2.4440983354175922,1,-37.18046091543355
20.687,0.1870767,-0.347274,9.7866522,0.007781531325459667,2,-0.0706880701463107,-2.4439647828434063,1,-37.219565420379645
20.703,0.15568469999999998,-0.347274,9.839037600000001,0.00794144316953549,2,0.009994490254739965,-2.4438389990474465,1,-37.258667850634765
20.718,0.16166880000000003,-0.36826739999999997,9.839037600000001,0.008118410745781901,2,0.011797838416427005,-2.443718550143082,1,-37.295324532253694
20.734,0.16166880000000003,-0.40417200000000003,9.8615025,0.008872796456245169,2,0.04714910690394897,-2.4435826204854654,1,-37.334422941618726
20.75,0.21101310000000004,-0.40417200000000003,9.848062800000001,0.009304053487722896,2,0.02695356446736094,-2.4434372056859135,1,-37.373519100228094
20.765,0.1856052,-0.4565574,9.848062800000001,0.009768098582505047,2,0.0309363396521422,-2.443294164545387,1,-37.41016958550483
20.781,0.1856052,-0.36973890000000004,9.8464932,0.010093836119649424,2,0.020358596071525813,-2.4431352690677697,1,-37.449261020973736
20.796,0.19011780000000003,-0.36973890000000004,9.7732125,0.00862799578003326,2,-0.0977226893077406,-2.442994855328522,1,-37.48590699690671
20.812,0.19011780000000003,-0.4116276,9.8704296,0.009607334824742964,2,0.061208690294349645,-2.4428489726836835,1,-37.52499374753081
20.828,0.1856052,-0.40711500000000006,9.8704296,0.010556134837461428,2,0.05930000079491058,-2.442687664926386,1,-37.564078040631685
20.843,0.1856052,-0.40711500000000006,9.8704296,0.011481793386455053,2,0.06171056993290594,-2.4425223804647063,1,-37.60071711597212
20.859,0.2006145,-0.3592422,9.7956774,0.010525114593377793,2,-0.059792424567322006,-2.4423463252008677,1,-37.639796065617446
20.875,0.2274939,-0.36071369999999997,9.7956774,0.009607400054679971,2,-0.05735715866862022,-2.4421852650836833,1,-37.67887231833972
20.89,0.2274939,-0.4101561,9.806076000000001,0.009012803237929745,2,-0.03963978778334688,-2.4420456135589887,1,-37.71550404992954
20.906,0.2274939,-0.4101561,9.806076000000001,0.008432708782564191,2,-0.03625590346035112,-2.441906049462825,1,-37.754575663233716
20.921,0.1437165,-0.4101561,9.7956774,0.0075747529437126815,2,-0.05719705592343181,-2.441785993499878,1,-37.791203353555936
20.937,0.1497006,-0.3847482,9.7956774,0.006714786194661926,2,-0.05374792181566621,-2.4416716771867706,1,-37.830271014921436
20.953,0.1497006,-0.4730382,9.910846800000002,0.008775432114561,2,0.12879036999370627,-2.441547755440297,1,-37.869336770382446
20.968,0.2140542,-0.4730382,9.8674866,0.009758473711517723,2,0.06553610646377912,-2.4414087511466014,1,-37.90595894418185
20.984,0.1332198,-0.39671639999999997,9.855518400000001,0.010309293550589516,2,0.03442623994198316,-2.4412482090085046,1,-37.945020199863094
21.0,0.1721655,-0.38621970000000005,9.855518400000001,0.010851222277423744,2,0.03387054542714303,-2.4410789248818805,1,-37.984078816934215
21.015,0.1721655,-0.40868460000000006,9.8136297,0.01038137006528217,2,-0.03132348080943714,-2.4409196804393103,1,-38.02069380647413
21.031,0.17510850000000003,-0.40868460000000006,9.806076000000001,0.009740198766458263,2,-0.04007320617649854,-2.4407587078886563,1,-38.05974723358075
21.046,0.2274939,-0.42663690000000004,9.806076000000001,0.009159493671695884,2,-0.038713672984157156,-2.44061696019537,1,-38.09635755109138
21.062,0.2274939,-0.39671639999999997,9.8120601,0.008708145647780441,2,-0.028209251494712047,-2.4404740190808143,1,-38.13540627892559
21.078,0.23053500000000002,-0.39671639999999997,9.8105886,0.008233684376643069,2,-0.02965382944608901,-2.440338484440619,1,-38.17445277895376
21.093,0.2006145,-0.4056435,9.8105886,0.00776367102070985,2,-0.03133422372888006,-2.4402185042751388,1,-38.21105695636913
21.109,0.2006145,-0.36973890000000004,9.7732125,0.006359777068601247,2,-0.0877433720067779,-2.440105516690424,1,-38.25009954853686
21.125,0.145188,-0.3847482,9.8240283,0.006218667259453525,2,-0.00881936307173356,-2.4400048891357997,1,-38.289140431783466
21.14,0.2080701,-0.3847482,9.8464932,0.0066559317847723065,2,0.029150968354584313,-2.439908329642968,1,-38.32573978092431
21.156,0.18413369999999998,-0.3951468000000001,9.8464932,0.007080949879794574,2,0.026563630938894616,-2.4397984345896515,1,-38.364777435038164
21.171,0.1990449,-0.35777070000000005,9.7806681,0.005863755404901028,2,-0.08114629832623332,-2.4397013493000164,1,-38.40137368341734
21.187,0.1990449,-0.35777070000000005,9.7806681,0.004676248600127053,2,-0.0742191752983651,-2.439617029267976,1,-38.44040823044589
21.203,0.17667810000000003,-0.3876912,9.7806681,0.003535022020983547,2,-0.07132666119647699,-2.4395513391030073,1,-38.479441577392855
21.218,0.17667810000000003,-0.4235958000000001,9.8225568,0.0034784701386403327,2,-0.0037701254895474764,-2.4394987379118103,1,-38.516034452970466
21.234,0.19011780000000003,-0.4235958000000001,9.839037600000001,0.003830934319926982,2,0.022029011330413104,-2.4394402626761416,1,-38.55506596497517
21.25,0.1990449,-0.40417200000000003,9.839037600000001,0.004159196108538765,2,0.020516361788238718,-2.439376341632714,1,-38.59409649780964
21.265,0.1990449,-0.43262100000000003,9.848062800000001,0.0047287950605010565,2,0.037973263464151315,-2.439309681698946,1,-38.63068664298463
21.281,0.1661814,-0.4027005000000001,9.821085300000002,0.004581394315287923,2,-0.009212546575821838,-2.4392352001839397,1,-38.66971500203969
21.296,0.16019730000000001,-0.4027005000000001,9.8644455,0.00549170801519594,2,0.06068757999386546,-2.439159651916461,1,-38.70630296343044
21.312,0.23200650000000003,-0.4281084,9.8136297,0.0052027725229812916,2,-0.018058468263413487,-2.4390740960721553,1,-38.745328833414355
21.328,0.23200650000000003,-0.4281084,9.8136297,0.00492088423789383,2,-0.017618017817968287,-2.438993106818068,1,-38.784353371037476
21.343,0.1661814,-0.4281084,9.834525,0.005122423271499699,2,0.013435935573724068,-2.438917782011748,1,-38.8209377027037
21.359,0.16912439999999998,-0.3936753,9.834525,0.005285216236639911,2,0.010174560321262155,-2.4388345208956825,1,-38.85995972112696
21.375,0.16912439999999998,-0.33226469999999997,9.8225568,0.0050971060364322085,2,-0.011756887512982723,-2.438751462317498,1,-38.898980408992664
21.39,0.17667810000000003,-0.33226469999999997,9.821085300000002,0.0048809606236588365,2,-0.014409694184890917,-2.4386766268175473,1,-38.93556111966118
21.406,0.1781496,-0.4176117,9.821085300000002,0.004750133532551715,2,-0.008176693194196017,-2.4385995780642977,1,-38.974579329300234
21.421,0.1781496,-0.40113090000000007,9.8255979,0.004715713049145975,2,-0.0022946988937158686,-2.438528584214935,1,-39.01115779051733
21.437,0.17069399999999998,-0.39818790000000004,9.7986204,0.004018643012656753,2,-0.04356687728057152,-2.4384587093664405,1,-39.05017368886599
21.453,0.2290635,-0.39818790000000004,9.839037600000001,0.004352293334701329,2,0.020853145127788318,-2.4383917418756615,1,-39.08918849247592
21.468,0.2290635,-0.39818790000000004,9.839037600000001,0.0046778058440128945,2,0.02170083395410352,-2.4383240161318214,1,-39.125763860660975
21.484,0.15568469999999998,-0.4056435,9.839037600000001,0.004967842633588404,2,0.01812729934846732,-2.4382468509440005,1,-39.16477642759759
21.5,0.15568469999999998,-0.4445892,9.803133,0.004417087757891736,2,-0.03442217973104557,-2.4381717715008686,1,-39.203787776577144
21.515,0.2080701,-0.44154810000000005,9.8136297,0.0041557948834611835,2,-0.017419524962036144,-2.4381074748810585,1,-39.24035987092501
21.531,0.2080701,-0.44154810000000005,9.8136297,0.0039008750059679187,2,-0.015932492343330808,-2.438043021521943,1,-39.27936907489623
21.546,0.2080701,-0.4221243,9.889951500000002,0.00549073767536612,2,0.10599084462654272,-2.437972584426833,1,-39.31593919194085
21.562,0.1586277,-0.4221243,9.821085300000002,0.005341583250041637,2,-0.009322151582779116,-2.4378859258594296,1,-39.354946060023146
21.578,0.205029,-0.4116276,9.821085300000002,0.005206141850829127,2,-0.008465087450782826,-2.4378015440586225,1,-39.39395155978249
21.593,0.205029,-0.4386051,9.8240283,0.005174146206796237,2,-0.0021330429355258832,-2.4377236918981904,1,-39.430517999052164
21.609,0.1437165,-0.38023560000000006,9.803133,0.004547940585823085,2,-0.03913785131081766,-2.4376459152038494,1,-39.46952095590898
21.625,0.16019730000000001,-0.38023560000000006,9.8405091,0.004854042601362352,2,0.019131375971206285,-2.437570699338352,1,-39.508522688825316
21.64,0.16019730000000001,-0.38023560000000006,9.8405091,0.005152678714082981,2,0.01990907418137454,-2.4374956489284862,1,-39.54508568643732
21.656,0.16019730000000001,-0.37572300000000003,9.839037600000001,0.005403947734924586,2,0.01570431380260202,-2.4374111959168943,1,-39.584084941196075
21.671,0.20954160000000002,-0.37572300000000003,9.8794548,0.006656529354099661,2,0.08350544127833516,-2.4373207423387266,1,-39.62064543073299
21.687,0.19757340000000004,-0.3907323,9.8794548,0.007886738214665456,2,0.07688805378535363,-2.4372043961981764,1,-39.65964163184129
21.703,0.19757340000000004,-0.4027005000000001,9.8225568,0.0077123322791532445,2,-0.01090037096951444,-2.437079603634226,1,-39.69863590383994
21.718,0.173637,-0.4027005000000001,9.8495343,0.008188494521359502,2,0.03174414948041595,-2.436960347433222,1,-39.73519120347295
21.734,0.16912439999999998,-0.4235958000000001,9.8495343,0.008672485311414846,2,0.030249424378455625,-2.43682545959456,1,-39.77418148992918
21.75,0.16912439999999998,-0.33824879999999996,9.8255979,0.008480855021490541,2,-0.01197689312027038,-2.4366882328718966,1,-39.81316959946891
21.765,0.22455090000000003,-0.41466870000000006,9.8105886,0.008026642360707825,2,-0.0302808440521799,-2.4365644266415303,1,-39.84971899441526
21.781,0.22455090000000003,-0.41466870000000006,9.8105886,0.007583508057505739,2,-0.02769589395013344,-2.4364395454381844,1,-39.8887030261919
21.796,0.1571562,-0.4281084,9.8105886,0.007133303892251419,2,-0.030013611016953518,-2.436329169348561,1,-39.9252487915528
21.812,0.1571562,-0.3951468000000001,9.856989900000002,0.007791065274027176,2,0.04111008636098019,-2.436209774395231,1,-39.96422910310275
21.828,0.19757340000000004,-0.3951468000000001,9.836094600000001,0.007941375329217237,2,0.009394378449379882,-2.4360839148704048,1,-40.00320745261687
21.843,0.1721655,-0.4027005000000001,9.836094600000001,0.008083848202877775,2,0.0094981915773688,-2.435963725693914,1,-40.0397478099211
21.859,0.1721655,-0.3831786,9.821085300000002,0.007838096281476581,2,-0.015359495087572896,-2.435836350138039,1,-40.078722210527765
21.875,0.1721655,-0.3831786,9.8151012,0.007452518063781,2,-0.024098638605976486,-2.435714025223277,1,-40.11769461353065
21.89,0.1990449,-0.3847482,9.8151012,0.007090226109916387,2,-0.024152796924306618,-2.4356049546419745,1,-40.15422950587964
21.906,0.1990449,-0.4176117,9.855518400000001,0.007754195412497111,2,0.04149808141129987,-2.4354861992697954,1,-40.193198235110934
21.921,0.1482291,-0.3173535,9.843550200000001,0.007997330313076034,2,0.016208993371927584,-2.4353680628268535,1,-40.22972964207666
21.937,0.1946304,-0.3173535,9.842078700000002,0.00821836695306466,2,0.013814789999287544,-2.4352383372487245,1,-40.26869449327727
21.953,0.2394621,-0.3771945,9.842078700000002,0.008509559598051553,2,0.01819954031168281,-2.4351045138363157,1,-40.30765723608595
21.968,0.2394621,-0.3831786,9.7791966,0.007267196487457994,2,-0.08282420737290076,-2.4349861881656745,1,-40.34418291635097
21.984,0.17667810000000003,-0.3831786,9.8091171,0.006751677875390882,2,-0.03221991325419088,-2.4348740371707716,1,-40.383141798153666
22.0,0.205029,-0.3847482,9.8091171,0.006263671194563614,2,-0.030500417551707654,-2.434769914378212,1,-40.42209894976605
22.015,0.205029,-0.43262100000000003,9.8076456,0.005800314453670907,2,-0.030890449392845923,-2.4346794344858504,1,-40.458619819882536
22.031,0.1856052,-0.43262100000000003,9.803133,0.0052288986918718194,2,-0.03571348511244692,-2.434591200780686,1,-40.49757398496467
22.046,0.18266220000000002,-0.37425150000000007,9.803133,0.0046115446681813665,2,-0.0411569349126953,-2.4345173974554855,1,-40.53409229945144
22.062,0.18266220000000002,-0.3996594,9.8120601,0.004251202082654615,2,-0.022521411595419462,-2.434446495481479,1,-40.573044010594934
22.078,0.1526436,-0.3771945,9.8151012,0.003939589124959397,2,-0.019475809855953242,-2.434380969151818,1,-40.611994630312
22.093,0.17069399999999998,-0.3771945,9.842078700000002,0.004300226562012455,2,0.02404249580353625,-2.434319170534166,1,-40.648509881359644
22.109,0.1571562,-0.3712104,9.842078700000002,0.0046410287213660695,2,0.02130013495959854,-2.4342476404918987,1,-40.68745841584786
22.125,0.1571562,-0.3592422,9.821085300000002,0.004451067780147255,2,-0.011872558826177191,-2.4341749037198865,1,-40.72640579620155
22.14,0.1571562,-0.3592422,9.821085300000002,0.004265740032616705,2,-0.012355183168702889,-2.434109527661291,1,-40.76291792943691
22.156,0.20954160000000002,-0.4221243,9.8255979,0.004279651068280543,2,0.0008694397289899916,-2.4340411645324838,1,-40.801863134974454
22.171,0.20954160000000002,-0.4221243,9.8255979,0.0042932228103911285,2,0.0009047828073723127,-2.4339768679783935,1,-40.838373270218284
22.187,0.20954160000000002,-0.3487455,9.8105886,0.0038705605892150885,2,-0.026416388823499545,-2.4339115577111965,1,-40.877316377623806
22.203,0.2140542,-0.3487455,9.833053500000002,0.004008030760401127,2,0.008591885699128334,-2.4338485289803997,1,-40.91625845831734
22.218,0.18413369999999998,-0.3907323,9.833053500000002,0.0041658570275728835,2,0.010521751144783384,-2.43378722482199,1,-40.95276572647086
22.234,0.18413369999999998,-0.4027005000000001,9.7911648,0.003310962444700749,2,-0.05343091142950242,-2.433727410266212,1,-40.99170584355157
22.25,0.1466595,-0.4101561,9.8151012,0.0030522745564205422,2,-0.016167993017514707,-2.433676504370203,1,-41.03064507486866
22.265,0.1946304,-0.4101561,9.830012400000001,0.003183517184345064,2,0.008749508528301107,-2.4336297359321475,1,-41.06714987167093
22.281,0.17069399999999998,-0.4281084,9.830012400000001,0.0033193713444461537,2,0.008490885006319051,-2.4335777128239173,1,-41.106087531260975
22.296,0.17069399999999998,-0.37866600000000006,9.888480000000001,0.00482725022961894,2,0.10052525901151528,-2.4335166131621118,1,-41.14259073870587
22.312,0.1796211,-0.37866600000000006,9.866015100000002,0.005754773141044112,2,0.05797018196406673,-2.4334319569751464,1,-41.18152632726697
22.328,0.20355750000000003,-0.3427614,9.866015100000002,0.006639010978462423,2,0.05526486483865054,-2.4333328067021904,1,-41.22046044537639
22.343,0.20355750000000003,-0.43262100000000003,9.874942200000001,0.00780519972361482,2,0.07774591634349017,-2.433224475121925,1,-41.256959624990074
22.359,0.1870767,-0.43262100000000003,9.839037600000001,0.008060280923745111,2,0.01594257500814144,-2.433097551276746,1,-41.29589020120127
22.375,0.21258269999999999,-0.39671639999999997,9.839037600000001,0.008284894419222866,2,0.014038343467361205,-2.432966789874002,1,-41.33481871593047
22.39,0.21258269999999999,-0.3622833,9.818044200000001,0.007960101020625387,2,-0.02165289323983106,-2.432844952408203,1,-41.371312303997584
22.406,0.2230794,-0.41309910000000005,9.8016615,0.007298673592176286,2,-0.04133921427807341,-2.432722882211301,1,-41.410236846674536
22.421,0.1586277,-0.41309910000000005,9.854046900000002,0.007899201988198712,2,0.04003522640149356,-2.4326088981444483,1,-41.44672683502721
22.437,0.1915893,-0.45351630000000004,9.843550200000001,0.008286954358382559,2,0.024234523136487725,-2.4324794088936756,1,-41.485647541483516
22.453,0.15568469999999998,-0.45351630000000004,9.788123700000002,0.0072995649041889266,2,-0.061711840887108814,-2.432354716739575,1,-41.52456621448858
22.468,0.15568469999999998,-0.45351630000000004,9.788123700000002,0.00633625811961025,2,-0.06422045230524269,-2.4322524480668966,1,-41.56105076822463
22.484,0.1272357,-0.42663690000000004,9.788123700000002,0.0053569868678469135,2,-0.06120445323520166,-2.432158902106997,1,-41.59996605902603
22.5,0.1272357,-0.3338343,9.839037600000001,0.005554726829632983,2,0.012358747611630723,-2.432071608397417,1,-41.63887990311006
22.531,0.2140542,-0.39220380000000005,9.8105886,0.0051436591136528875,2,-0.013260248902584244,-2.431905783415296,1,-41.71427155268315
22.531,0.2140542,-0.39220380000000005,9.8105886,0.004742617439527308,2,0.0,-2.431905783415296,1,-41.71427155268315
22.546,0.2140542,-0.43262100000000003,9.800091900000002,0.004137043269141216,2,-0.040371611359071254,-2.4318391859599813,1,-41.75074963995347
22.562,0.1332198,-0.36669779999999996,9.806076000000001,0.0035916745650759196,2,-0.03408554400407722,-2.4317773562173075,1,-41.78965857229089
22.578,0.173637,-0.36669779999999996,9.854046900000002,0.004244045304247379,2,0.04077317119822071,-2.4317146704583528,1,-41.82856650850429
22.593,0.2065986,-0.4027005000000001,9.854046900000002,0.004930249350277194,2,0.04574693640198591,-2.431645863248444,1,-41.86504171250709
22.609,0.2065986,-0.37268190000000007,9.827069400000001,0.004913567878427116,2,-0.0010425919906297209,-2.4315671127106144,1,-41.90394741631477
22.625,0.18109260000000002,-0.37268190000000007,9.8495343,0.005432472274124578,2,0.03243152473109492,-2.431484344389394,1,-41.942851827971566
22.64,0.1781496,-0.43556400000000006,9.8495343,0.00600027668397729,2,0.037853627323512724,-2.4313985987722084,1,-41.97932345004528
22.656,0.1781496,-0.42065280000000005,9.7851807,0.004970538604554875,2,-0.06435862996390805,-2.4313108322499,1,-42.01822512549345
22.671,0.16912439999999998,-0.42065280000000005,9.848062800000001,0.005494090804543106,2,0.03490347999921407,-2.4312323475293316,1,-42.054694199341796
22.687,0.1302768,-0.318825,9.848062800000001,0.005897314998096093,2,0.025201512097058853,-2.4311412162829105,1,-42.0935931878523
22.703,0.1302768,-0.4161402,9.8046045,0.005320286853834233,2,-0.0360642590163702,-2.431051475468095,1,-42.132490729386305
22.718,0.1946304,-0.4116276,9.8495343,0.005873345656580042,2,0.03687058684971923,-2.430967523224267,1,-42.1689558718765
22.734,0.2215098,-0.4116276,9.856989900000002,0.00660838902539318,2,0.04594021055081595,-2.430867669346811,1,-42.207850553417074
22.75,0.2140542,-0.3847482,9.856989900000002,0.00729503537945142,2,0.042915397128644735,-2.4307564419515724,1,-42.24674354630746
22.765,0.2140542,-0.4311495000000001,9.834525,0.007464451345205347,2,0.011294397716928063,-2.4306457458011375,1,-42.283204062715605
22.781,0.1796211,-0.4311495000000001,9.888480000000001,0.008927447577196546,2,0.09143726449945996,-2.4305146106097584,1,-42.322093345566884
22.796,0.18109260000000002,-0.3936753,9.888480000000001,0.010317334595272953,2,0.09265913453842367,-2.430370274743465,1,-42.35854998220704
22.812,0.18109260000000002,-0.35178660000000006,9.8240283,0.0100641177247347,2,-0.015826054408639052,-2.4302072231249046,1,-42.39743460218999
22.828,0.18109260000000002,-0.35178660000000006,9.8240283,0.00981707687543043,2,-0.015440053081518558,-2.430048173568103,1,-42.436316645363526
22.843,0.2290635,-0.35178660000000006,9.7911648,0.008799649224913608,2,-0.06782851003445224,-2.429908548122351,1,-42.47276632077621
22.859,0.113796,-0.4116276,9.7911648,0.007814705763452778,2,-0.06155896634129498,-2.429775633282444,1,-42.51164379422745
22.875,0.145188,-0.34580249999999996,9.827069400000001,0.0076769385511799015,2,-0.00861045076705575,-2.429651700127927,1,-42.550519212894734
22.89,0.145188,-0.40417200000000003,9.8136297,0.0072693256483304936,2,-0.027174193523292835,-2.4295396031464307,1,-42.586963147669294
22.906,0.17510850000000003,-0.40417200000000003,9.8151012,0.006919406054386457,2,-0.021869974621504716,-2.429426093292809,1,-42.625834873240805
22.921,0.1930608,-0.45508590000000004,9.8151012,0.006640518687550667,2,-0.018592491122385257,-2.4293243938572444,1,-42.662275501894435
22.937,0.173637,-0.36826739999999997,9.7911648,0.005687559943440945,2,-0.05955992150685096,-2.4292257692281964,1,-42.701143903199124
22.953,0.18413369999999998,-0.4460607,9.7911648,0.0048413377748719455,2,-0.0528888855355683,-2.42914153804645,1,-42.740010841657316
22.968,0.18413369999999998,-0.4460607,9.7911648,0.004015755171389301,2,-0.05503884023217419,-2.4290751098493533,1,-42.77644746651654
22.984,0.18413369999999998,-0.4176117,9.8165727,0.003798775053589054,2,-0.013561257362513937,-2.4290125936075535,1,-42.815312168144196
23.0,0.1212516,-0.4176117,9.8495343,0.004366411932203107,2,0.03547730491338221,-2.4289472721116674,1,-42.854175847069946
23.031,0.13469129999999999,-0.45950040000000003,9.848062800000001,0.004934052193014793,2,0.01831097615521638,-2.4288031149177267,1,-42.9294709780689
23.046,0.13469129999999999,-0.33824879999999996,9.8151012,0.004564786996098746,2,-0.02461767979440217,-2.4287318736238084,1,-42.96590249048296
23.062,0.1497006,-0.33824879999999996,9.8091171,0.004063978083006958,2,-0.03130055706823325,-2.4286628435031754,1,-43.00476164821998
23.078,0.18266220000000002,-0.34128990000000003,9.8091171,0.0035915611898840183,2,-0.029526055820187,-2.428601599188992,1,-43.04361976376151
23.093,0.18266220000000002,-0.40711500000000006,9.8091171,0.003191858143104298,2,-0.026646869785313672,-2.428550723543995,1,-43.08004840618201
23.109,0.19757340000000004,-0.40711500000000006,9.862974000000001,0.004121140414191871,2,0.05808014194296678,-2.4284922195555367,1,-43.11890474972681
23.125,0.1946304,-0.3532581,9.862974000000001,0.00497574469217632,2,0.053412767374034,-2.428419444474686,1,-43.15776004303905
23.14,0.1946304,-0.36973890000000004,9.806076000000001,0.004437720029295988,2,-0.03586831085868744,-2.4283488434892746,1,-43.19418580519878
23.156,0.1915893,-0.36973890000000004,9.827069400000001,0.004422932608296293,2,-0.0009242138124810803,-2.4282779582681737,1,-43.23303881961283
23.171,0.20208600000000002,-0.3427614,9.827069400000001,0.0043897966538448685,2,-0.0022090636300948667,-2.4282118627987077,1,-43.26946249327083
23.187,0.18109260000000002,-0.33824879999999996,9.7971489,0.0036144724420719143,2,-0.04845776323580421,-2.4281478286459404,1,-43.30831337080239
23.203,0.18109260000000002,-0.4176117,9.743193900000001,0.0016181099418624,2,-0.12477265626310838,-2.428105967986869,1,-43.34716340117544
23.218,0.1661814,-0.4176117,9.839037600000001,0.0019991567821495693,2,0.025403122685810315,-2.4280788384864387,1,-43.383584787223995
23.234,0.145188,-0.40113090000000007,9.839037600000001,0.0023461076470088216,2,0.021684429053700844,-2.4280440763710054,1,-43.42243377054286
23.25,0.145188,-0.35178660000000006,9.8165727,0.0020910723182030466,2,-0.01593970805036269,-2.4280085789312835,1,-43.46128219178527
23.265,0.22455090000000003,-0.35178660000000006,9.806076000000001,0.0016228949386327685,2,-0.031211825304684027,-2.4279807241768574,1,-43.49770211155859
23.281,0.1990449,-0.4340925,9.806076000000001,0.0012330711250214677,2,-0.024363988350708982,-2.4279578764483483,1,-43.53654962036359
23.296,0.1990449,-0.41466870000000006,9.833053500000002,0.0014895430493222506,2,0.017098128286718212,-2.4279374568420407,1,-43.57296883536327
23.312,0.205029,-0.3907323,9.7926363,0.0007340807478115607,2,-0.04721639384441283,-2.4279196678516635,1,-43.61181569236082
23.328,0.1482291,-0.39220380000000005,9.862974000000001,0.0016875086436236586,2,0.05958924348826268,-2.427900295136532,1,-43.65066225206472
23.343,0.1482291,-0.39220380000000005,9.862974000000001,0.002617682200513727,2,0.06201157045933553,-2.427868006205201,1,-43.687080514324784
23.359,0.1482291,-0.3876912,9.774684,0.0013693277869677445,2,-0.07802215084661517,-2.427836110125301,1,-43.72592614725543
23.375,0.20208600000000002,-0.3876912,9.8255979,0.001415506014808443,2,0.0028861392400439793,-2.4278138314548867,1,-43.764771346788066
23.39,0.17510850000000003,-0.3936753,9.8255979,0.0014537382379788966,2,0.0025488148780301364,-2.4277923121229907,1,-43.8011883928649
23.406,0.17510850000000003,-0.37572300000000003,9.8120601,0.001144013968399804,2,-0.01935776684869541,-2.4277715301053395,1,-43.840032903602726
23.421,0.20355750000000003,-0.37572300000000003,9.7926363,0.0003819189807892087,2,-0.0508063325073711,-2.4277600856082207,1,-43.87644939072058
23.437,0.18266220000000002,-0.34128990000000003,9.7926363,-0.0004023491637425991,2,-0.0490167590332325,-2.427760249049684,1,-43.915293553397845
23.453,0.18266220000000002,-0.4056435,9.821085300000002,-0.000414517186140273,2,-0.0007605013998547022,-2.4277667839804833,1,-43.95413776966208
23.468,0.18266220000000002,-0.4056435,9.821085300000002,-0.00042638842750264416,2,-0.0007914160908247144,-2.4277730907725856,1,-43.99055431872273
23.484,0.19011780000000003,-0.4056435,9.851005800000001,0.00029449000704673267,2,0.04505490215933101,-2.4277741459599493,1,-44.029398696616596
23.5,0.1511721,-0.3996594,9.851005800000001,0.0009753877691274226,2,0.04255611013004781,-2.42776398693774,1,-44.068243001679775
23.515,0.17510850000000003,-0.38621970000000005,9.7926363,0.00021395333641649472,2,-0.05076229551405994,-2.4277550668794485,1,-44.10465939458341
23.531,0.17510850000000003,-0.4116276,9.8615025,0.001174236412493812,2,0.060017692254838946,-2.427743961361457,1,-44.14350338680933
23.546,0.13469129999999999,-0.4116276,9.7627158,-0.0003114588040702415,2,-0.09904634777093316,-2.427737490529394,1,-44.17991949769851
23.562,0.1317483,-0.4027005000000001,9.7627158,-0.0017709682042035269,2,-0.09121933750832012,-2.4277541499454602,1,-44.218763430822314
23.578,0.1317483,-0.42065280000000005,9.848062800000001,-0.0010969002194922695,2,0.04212924904445823,-2.4277770928928497,1,-44.25760768076502
23.593,0.1990449,-0.42065280000000005,9.8091171,-0.0013605674837133819,2,-0.01757781761474016,-2.427795523900624,1,-44.29402447539097
23.609,0.18413369999999998,-0.4101561,9.8091171,-0.001635729829082777,2,-0.017197646585585275,-2.4278194942791265,1,-44.33286939553641
23.625,0.18413369999999998,-0.33981839999999996,9.845021700000002,-0.0010946585965925237,2,0.03381695203064456,-2.427841337386532,1,-44.37171468218973
23.64,0.18266220000000002,-0.33981839999999996,9.830012400000001,-0.0009332515882150005,2,0.010760467225167806,-2.427856546712918,1,-44.40813241632048
23.656,0.21258269999999999,-0.3278502,9.8405091,-0.0005152119030231717,2,0.02612748032449218,-2.427868134420848,1,-44.44697821376954
23.671,0.23200650000000003,-0.4445892,9.8405091,1.495641475734999e-05,2,0.035344554518700104,-2.42787188633701,1,-44.48339626392523
23.687,0.23200650000000003,-0.3562992,9.821085300000002,-2.864718893569318e-05,2,-0.002725225230814893,-2.4278719958632036,1,-44.52224221498283
23.703,0.1362609,-0.3562992,9.8165727,-0.00022491408229718957,2,-0.012266680835094875,-2.4278740243533736,1,-44.56108818314456
23.718,0.20355750000000003,-0.3622833,9.8165727,-0.0003826701568225843,2,-0.010517071635025918,-2.427878581235167,1,-44.597506327686474
23.734,0.20355750000000003,-0.40868460000000006,9.8151012,-0.000528031974019072,2,-0.009085113574779462,-2.4278858668522134,1,-44.63635244327118
23.75,0.1586277,-0.40868460000000006,9.839037600000001,-0.00010681167061754593,2,0.02632626896259828,-2.4278909456013706,1,-44.6751986577708
23.765,0.2140542,-0.37866600000000006,9.839037600000001,0.00030044659812311636,2,0.027150551249376455,-2.427889493339414,1,-44.711617011062856
23.781,0.2140542,-0.46107000000000004,9.8105886,9.048948810885804e-05,2,-0.01312231937589259,-2.4278863658507244,1,-44.75046321793637
23.796,0.18413369999999998,-0.46107000000000004,9.8091171,-0.00016498145915022633,2,-0.017031396483938314,-2.4278869245405073,1,-44.786881517614304
23.812,0.15568469999999998,-0.3996594,9.747706500000001,-0.001988249610043624,2,-0.11395425943082461,-2.4279041503890606,1,-44.825727846213745
23.828,0.2140542,-0.4281084,9.788123700000002,-0.0027260432118847433,2,-0.04611210011507502,-2.427941864731636,1,-44.86457461433471
23.843,0.2140542,-0.4281084,9.788123700000002,-0.0034458418478262587,2,-0.04798657572943254,-2.427988153869584,1,-44.90099408947422
23.859,0.1946304,-0.4281084,9.7941078,-0.004012177517662252,2,-0.035395979364745624,-2.428047818024508,1,-44.93984237724938
23.875,0.1526436,-0.39671639999999997,9.7941078,-0.004615043361539506,2,-0.037679115242332514,-2.4281168357915415,1,-44.9786916944799
23.89,0.1526436,-0.44910180000000005,9.854046900000002,-0.003687864508565397,2,0.061811923531604904,-2.428179107600567,1,-45.01511391405534
23.906,0.18864630000000002,-0.44910180000000005,9.7941078,-0.004228246765917376,2,-0.033773891084502405,-2.428242436490763,1,-45.053965286408065
23.921,0.18109260000000002,-0.4340925,9.7941078,-0.004775408555964589,2,-0.03647745266981279,-2.428309963905677,1,-45.09038942941104
23.937,0.18109260000000002,-0.3592422,9.845021700000002,-0.004142328288788022,2,0.039567516698530994,-2.428381305800435,1,-45.12924295956869
23.953,0.1990449,-0.3592422,9.8495343,-0.0034062750097447747,2,0.04600332994020802,-2.4284416946268235,1,-45.16809754357211
23.968,0.1870767,-0.4176117,9.8584614,-0.002420302203828939,2,0.06573152039438655,-2.4284853939559254,1,-45.20452449673648
23.984,0.18266220000000002,-0.37425150000000007,9.8584614,-0.0015028263852645551,2,0.057342238660267573,-2.4285167789846382,1,-45.24338051412001
24.0,0.18266220000000002,-0.35178660000000006,9.7971489,-0.002122099132455091,2,-0.03870454669941274,-2.42854577838878,1,-45.282237014578996
24.015,0.2215098,-0.35178660000000006,9.8091171,-0.0024150950869206156,2,-0.019533063631034242,-2.4285798073454252,1,-45.318665456472004
24.031,0.16019730000000001,-0.4116276,9.8091171,-0.00267327170744025,2,-0.016136038782478934,-2.42862051427978,1,-45.357523059045
24.046,0.16019730000000001,-0.41466870000000006,9.821085300000002,-0.0026304220519950405,2,0.0028566436963471968,-2.428660291982976,1,-45.39395266509197
24.062,0.1721655,-0.41466870000000006,9.8704296,-0.0013814132317993,2,0.07806305126222504,-2.4286923866652463,1,-45.43281148652116
24.078,0.19011780000000003,-0.3907323,9.8704296,-0.00017863551615171502,2,0.07517360722798234,-2.42870486705523,1,-45.47167066455092
24.093,0.19011780000000003,-0.3907323,9.8704296,0.0009948061576512401,2,0.07822944492019404,-2.428698745775419,1,-45.50810119164715
24.109,0.19011780000000003,-0.4116276,9.8225568,0.0009939272654087006,2,-5.4930765158716604e-05,-2.4286828359080346,1,-45.54696024430062
24.125,0.1990449,-0.3503151,9.8120601,0.0006836317637066713,2,-0.019393468856378965,-2.4286694154358015,1,-45.585819062311366
24.14,0.1870767,-0.38023560000000006,9.7895952,-0.00014510379845411592,2,-0.055249037477383724,-2.428665376476062,1,-45.62224907325071
24.156,0.1870767,-0.38023560000000006,9.7895952,-0.0009536262981235666,2,-0.05053265622934623,-2.4286741663168345,1,-45.661107789593046
24.171,0.1870767,-0.40868460000000006,9.860031000000001,1.6538588081260741e-06,2,0.06368534379544376,-2.4286813061101293,1,-45.69753795563625
24.187,0.1915893,-0.40868460000000006,9.856989900000002,0.0008616501913039087,2,0.0537497707809804,-2.4286743996777282,1,-45.73639680128256
24.203,0.18266220000000002,-0.34128990000000003,9.856989900000002,0.0016340643994556814,2,0.048275888009491105,-2.428654433961002,1,-45.77525543195166
24.218,0.18266220000000002,-0.4340925,9.831582000000001,0.0018575835238330285,2,0.014901274958489242,-2.4286282466015776,1,-45.811685052055886
24.234,0.2230794,-0.4340925,9.776155500000002,0.0007457742896939124,2,-0.06948807713368699,-2.4286074197390692,1,-45.850542937386614
24.25,0.19757340000000004,-0.3503151,9.830012400000001,0.0008783008198047781,2,0.008282908131930024,-2.428594427138193,1,-45.889400552161625
24.265,0.19757340000000004,-0.3503151,9.830012400000001,0.0010075949955226093,2,0.008619611714521754,-2.428580282919578,1,-45.92582936248706
24.281,0.21552570000000001,-0.3996594,9.8016615,0.0004980478360092633,2,-0.03184669746958763,-2.428568237776926,1,-45.96468655065262
24.296,0.2200383,-0.3996594,9.862974000000001,0.0014971910581085268,2,0.06660954813994838,-2.42855327348522,1,-46.00111496198709
24.312,0.205029,-0.3907323,9.862974000000001,0.002455369261625151,2,0.05988613771978231,-2.4285216530026625,1,-46.039971561399
24.328,0.205029,-0.37572300000000003,9.8584614,0.0032660070637060556,2,0.05066486263006212,-2.42847588199206,1,-46.078827541678955
24.343,0.21709530000000002,-0.37572300000000003,9.800091900000002,0.002640906899443962,2,-0.041673344284137985,-2.428431580137336,1,-46.11525434764493
24.359,0.1571562,-0.42663690000000004,9.800091900000002,0.0020539499088982893,2,-0.036684811909100445,-2.4283940212828696,1,-46.15410895245629
24.375,0.1571562,-0.3622833,9.860031000000001,0.0028789420839565594,2,0.051562010941147554,-2.4283545581469266,1,-46.19296294109172
24.39,0.1377324,-0.3622833,9.8105886,0.002471756785018542,2,-0.02714568659586681,-2.428314427905409,1,-46.229387958487116
24.406,0.1586277,-0.3891627,9.8105886,0.0021072804799615596,2,-0.022779769066063892,-2.4282777956072894,1,-46.268240696275214
24.421,0.1511721,-0.42506730000000004,9.8375661,0.00244242506326664,2,0.022342972220337844,-2.4282436728157153,1,-46.30466460728839
24.437,0.15568469999999998,-0.42506730000000004,9.7926363,0.00167642502587384,2,-0.04787500233704464,-2.428210722015002,1,-46.34351624244704
24.453,0.1661814,-0.39220380000000005,9.7926363,0.0008998970140385865,2,-0.04853300073970869,-2.4281901114386826,1,-46.38236744911466
24.468,0.1661814,-0.39220380000000005,9.7926363,0.00014230870981002397,2,-0.05050588694856892,-2.4281822948957537,1,-46.41879024216217
24.484,0.1661814,-0.37572300000000003,9.827069400000001,0.00022654768772056855,2,0.005264936119408447,-2.4281793440445734,1,-46.4576411352737
24.5,0.16166880000000003,-0.37572300000000003,9.833053500000002,0.0004527251575208169,2,0.014136091862517077,-2.4281739098618114,1,-46.49649196130494
24.515,0.18864630000000002,-0.40868460000000006,9.833053500000002,0.0007171313358131925,2,0.017627078552824377,-2.4281651359381113,1,-46.532914504148444
24.531,0.18864630000000002,-0.39818790000000004,9.759674700000001,-0.0008233239480706089,2,-0.0962784552427482,-2.4281659854790094,1,-46.57176515311978
24.546,0.1721655,-0.39818790000000004,9.7732125,-0.0020037650792783523,2,-0.07869607541384657,-2.4281871886467146,1,-46.60818780192572
24.562,0.1870767,-0.3891627,9.7732125,-0.003157595577452099,2,-0.0721144061358511,-2.4282284795319686,1,-46.64703912727116
24.578,0.1990449,-0.36826739999999997,9.7447635,-0.0049904936087568075,2,-0.11455612695655688,-2.4282936642454582,1,-46.685891304421375
24.593,0.1990449,-0.4056435,9.8495343,-0.004189851778113152,2,0.05337612204290836,-2.42836251683586,1,-46.72231622577949
24.609,0.20208600000000002,-0.4056435,9.8405091,-0.0036271229769351265,2,0.03517055007362264,-2.4284250526339,1,-46.76117052633525
24.625,0.1586277,-0.3907323,9.8405091,-0.0031122287789759895,2,0.03218088737244961,-2.4284789674479477,1,-46.8000257584959
24.64,0.1586277,-0.37866600000000006,9.8136297,-0.0032764116418846356,2,-0.010945524193909328,-2.428526882251104,1,-46.836453302368646
24.656,0.21101310000000004,-0.37866600000000006,9.842078700000002,-0.0027193454102096837,2,0.034816639479688334,-2.4285748483075205,1,-46.875310116213114
24.671,0.1466595,-0.40417200000000003,9.842078700000002,-0.002179642284072969,2,0.03598020840911295,-2.4286115907152275,1,-46.911739014505784
24.687,0.1466595,-0.30685680000000004,9.764187300000001,-0.0036374209490261933,2,-0.09111116655956632,-2.4286581272210923,1,-46.95059717224928
24.703,0.19610190000000002,-0.30685680000000004,9.8375661,-0.003249999035203288,2,0.02421386961393424,-2.428713226580966,1,-46.98945614307969
24.718,0.1721655,-0.39671639999999997,9.8375661,-0.0028046355091539965,2,0.029690901736618317,-2.428758636340049,1,-47.025887182051605
24.734,0.1721655,-0.37866600000000006,9.8225568,-0.002753221633652103,2,0.0032133672188679754,-2.428803099197191,1,-47.064747675935905
24.75,0.1946304,-0.3173535,9.831582000000001,-0.002525810332464573,2,0.014213206324222193,-2.42884533145292,1,-47.103608863381105
24.765,0.1946304,-0.3173535,9.831582000000001,-0.002303945648378658,2,0.014790978939060445,-2.4288815546227767,1,-47.14004181502668
24.781,0.2200383,-0.4221243,9.8151012,-0.0023799250901372915,2,-0.004748715109915115,-2.428919025588685,1,-47.17890421966837
24.796,0.2200383,-0.44753220000000005,9.7956774,-0.0028997707073941115,2,-0.03465637448378669,-2.4289586233071665,1,-47.215338302035086
24.812,0.1796211,-0.44753220000000005,9.8165727,-0.002917995471994672,2,-0.0011390477875349138,-2.429005165436602,1,-47.25420201234504
24.828,0.18864630000000002,-0.3817071,9.8165727,-0.0029993890689148373,2,-0.0050870998075108805,-2.429052504512929,1,-47.293066473704634
24.843,0.18864630000000002,-0.3817071,9.8165727,-0.0030787974561530262,2,-0.005293892482545732,-2.429098090911867,1,-47.32950260317032
24.859,0.18864630000000002,-0.3876912,9.818044200000001,-0.0031146990714034928,2,-0.0022438509531539073,-2.429147638884088,1,-47.36836856900869
24.875,0.1781496,-0.3876912,9.830012400000001,-0.002862870392743133,2,0.01573929241627421,-2.429195459439801,1,-47.407235313795276
24.89,0.1946304,-0.36669779999999996,9.830012400000001,-0.002629198602466687,2,0.015578119351762492,-2.429236649957265,1,-47.443673554615756
24.906,0.19610190000000002,-0.4176117,9.7986204,-0.0031158367766987993,2,-0.030414885889510374,-2.429282610240298,1,-47.48254170869733
24.921,0.1526436,-0.3847482,9.8240283,-0.003023080031930192,2,0.006183782984573585,-2.4293286521163626,1,-47.51898129316501
24.937,0.1796211,-0.37572300000000003,9.8240283,-0.0029299807927412047,2,0.0058187024493110565,-2.42937627660296,1,-47.55785093259477
24.953,0.1796211,-0.42506730000000004,9.8120601,-0.003081735202190572,2,-0.009484650590586497,-2.4294243703309197,1,-47.596721337770234
24.968,0.1796211,-0.42506730000000004,9.8120601,-0.003229788284579982,2,-0.009870205492626957,-2.4294717067570706,1,-47.633163058348394
24.984,0.16765290000000002,-0.42506730000000004,9.8255979,-0.0030495570591639876,2,0.011264451588498385,-2.4295219415198206,1,-47.67203500753461
25.0,0.16019730000000001,-0.43713360000000007,9.8255979,-0.0028638538903749122,2,0.011606448049318487,-2.4295692488074168,1,-47.71090773705723
25.015,0.16019730000000001,-0.36826739999999997,9.845021700000002,-0.0022780967346474057,2,0.039050477048498955,-2.4296078134371046,1,-47.74735156502406
25.031,0.1990449,-0.36826739999999997,9.862974000000001,-0.0012518878667009403,2,0.06413805424666115,-2.4296360533139154,1,-47.786225515958066
25.046,0.1946304,-0.4340925,9.862974000000001,-0.0001876184839844086,2,0.07095129218109943,-2.4296468496115455,1,-47.82267013773001
25.062,0.17069399999999998,-0.44154810000000005,9.836094600000001,0.00019311692064682973,2,0.02379596278944973,-2.4296468056240523,1,-47.861544486971894
25.078,0.21552570000000001,-0.44154810000000005,9.803133,-0.00021692904527625956,2,-0.025627872870195904,-2.429646996121049,1,-47.90041883738585
25.093,0.21552570000000001,-0.44154810000000005,9.803133,-0.0006169738900787536,2,-0.02666965632016526,-2.429653250393064,1,-47.936863589234704
25.109,0.173637,-0.4221243,9.803133,-0.0010483617527246025,2,-0.02696174141536254,-2.4296665730782068,1,-47.975738147822476
25.125,0.173637,-0.37268190000000007,9.7971489,-0.0016638911455189032,2,-0.03847058704964803,-2.4296882711013925,1,-48.014612986575905
25.14,0.20208600000000002,-0.37268190000000007,9.8255979,-0.0015578833108786938,2,0.007067188976013689,-2.4297124344098155,1,-48.05105849186724
25.156,0.1856052,-0.40113090000000007,9.8255979,-0.0014350870678629946,2,0.007674765188482049,-2.4297363781728456,1,-48.0899340823679
25.171,0.1856052,-0.39671639999999997,9.8165727,-0.001539561212576146,2,-0.006964942980876497,-2.429758688034949,1,-48.126380295364456
25.187,0.16765290000000002,-0.39671639999999997,9.8464932,-0.0009202888405308585,2,0.03870452325282614,-2.429778366835374,1,-48.16525659180342
25.203,0.19610190000000002,-0.35777070000000005,9.8464932,-0.00033967532128897915,2,0.036288344952621454,-2.4297884465486685,1,-48.20413312631049
25.218,0.21552570000000001,-0.41309910000000005,9.7986204,-0.000876876087344769,2,-0.035813384403717965,-2.4297975706842334,1,-48.24058002143973
25.234,0.21552570000000001,-0.40113090000000007,9.7971489,-0.0014489407810227561,2,-0.035754043354870195,-2.4298161772191804,1,-48.27945693142296
25.25,0.1856052,-0.3831786,9.855518400000001,-0.0006171741632634564,2,0.05198541360996196,-2.429832706138735,1,-48.31833412248982
25.265,0.1856052,-0.4386051,9.856989900000002,0.0002864561583173497,2,0.060242021438718124,-2.4298351865237717,1,-48.354781631684794
25.281,0.1856052,-0.4386051,9.856989900000002,0.0011680467159571606,2,0.05509940985249425,-2.4298235505007777,1,-48.393658901580984
25.296,0.12272310000000002,-0.4386051,9.898878600000002,0.0030247657974662445,2,0.1237812721006009,-2.429792104406927,1,-48.430106018992795
25.312,0.1586277,-0.38621970000000005,9.898878600000002,0.004795451897305014,2,0.11066788123991073,-2.4297295426653687,1,-48.46898219216938
25.328,0.1586277,-0.3503151,9.8165727,0.004484462664876787,2,-0.019436827026766332,-2.4296553033488713,1,-48.507857270937485
25.343,0.15421320000000002,-0.3503151,9.8120601,0.004069364376489304,2,-0.027673219225831165,-2.429591149646061,1,-48.54430161933495
25.359,0.17510850000000003,-0.43713360000000007,9.8120601,0.0037578226719094943,2,-0.019471356536235926,-2.429528532149674,1,-48.583174576789325
25.375,0.173637,-0.3907323,9.7672284,0.002313134146476159,2,-0.0902930328395934,-2.429479964495127,1,-48.62204664476248
25.39,0.173637,-0.4056435,9.8615025,0.0032155418972266148,2,0.06016051671669477,-2.429438499424799,1,-48.65848853324188
25.406,0.173637,-0.4056435,9.8615025,0.004095939702835949,2,0.05502486285058945,-2.4293800075719987,1,-48.69735908129785
25.421,0.1946304,-0.4056435,9.818044200000001,0.0039055631152038472,2,-0.012691772508806301,-2.4293199963008636,1,-48.73379933132689
25.437,0.18266220000000002,-0.36375480000000004,9.7911648,0.003019201526415216,2,-0.05539759929928325,-2.4292645981837304,1,-48.772668008082775
25.453,0.2394621,-0.36375480000000004,9.8405091,0.003386631037788135,2,0.022964344460809947,-2.4292133515232166,1,-48.81153583168042
25.468,0.2394621,-0.36375480000000004,9.8405091,0.003745098853761064,2,0.023897854398194383,-2.42915986354903,1,-48.84797363079347
25.484,0.17667810000000003,-0.40113090000000007,9.8405091,0.004097871029346223,2,0.022048260974069953,-2.429097119789965,1,-48.88683968666019
25.5,0.17667810000000003,-0.39671639999999997,9.8824959,0.005460755157171704,2,0.08518025798910195,-2.429020650780473,1,-48.92570462882475
25.515,0.17069399999999998,-0.32333760000000006,9.8165727,0.005115911520865879,2,-0.022989575753720792,-2.4289413257803876,1,-48.96213934364896
25.531,0.23200650000000003,-0.3847482,9.839037600000001,0.005411450996247069,2,0.01847121721132642,-2.4288571068802507,1,-49.001001731110236
25.546,0.23200650000000003,-0.3847482,9.839037600000001,0.00569978219174061,2,0.01922207969956866,-2.4287737726313408,1,-49.03743396270657
25.562,0.23200650000000003,-0.4101561,9.7866522,0.004729864806751749,2,-0.06061983656179702,-2.428690335455353,1,-49.07629367557127
25.578,0.16912439999999998,-0.4101561,9.7686999,0.0033147958229875485,2,-0.08844181148527228,-2.428625978170315,1,-49.115152206080275
25.593,0.16912439999999998,-0.3876912,9.7686999,0.0019118871635122048,2,-0.09352724396501937,-2.428586778047916,1,-49.15158130175191
25.609,0.16912439999999998,-0.41908320000000004,9.7895952,0.0010838792178056167,2,-0.05175049660665596,-2.4285628119168656,1,-49.190438498471636
25.625,0.17069399999999998,-0.41908320000000004,9.7507476,-0.0006697574812886131,2,-0.10960229369340144,-2.4285594989429735,1,-49.22929547695851
25.64,0.1915893,-0.3936753,9.7507476,-0.0023969650827968536,2,-0.11514717343387834,-2.428582499362204,1,-49.2657240419458
25.656,0.1915893,-0.4056435,9.836094600000001,-0.0019906398836830874,2,0.025395324944613183,-2.4286176002019357,1,-49.30458164274231
25.671,0.1856052,-0.4056435,9.871999200000001,-0.000722194683300259,2,0.08456301335885202,-2.4286379464611882,1,-49.341011059342286
25.687,0.17069399999999998,-0.38023560000000006,9.877983300000002,0.0006299369956757062,2,0.08450822993598837,-2.428638684522689,1,-49.37986927239016
25.703,0.1437165,-0.36973890000000004,9.877983300000002,0.0019289163719982128,2,0.0811862110201656,-2.4286182136957475,1,-49.4187273275759
25.718,0.1437165,-0.39818790000000004,9.948321,0.004937153088196311,2,0.20054911441319895,-2.428566718174796,1,-49.45515621456493
25.734,0.1781496,-0.39818790000000004,10.035139500000001,0.010001100560868892,2,0.3164967170420009,-2.4284472121456036,1,-49.4940123260075
25.75,0.1646118,-0.40417200000000003,10.035139500000001,0.014941732791113438,2,0.30878951439031815,-2.428247669478788,1,-49.53286588506049
25.765,0.1646118,-0.3367773,10.0516203,0.02010291824924515,2,0.3440790305421011,-2.427984834595985,1,-49.56928762884105
25.781,0.1796211,-0.3367773,10.0440666,0.0249603813864816,2,0.3035914460773116,-2.4276243281988994,1,-49.608132502143405
25.796,0.1721655,-0.4235958000000001,10.0440666,0.029776269984783,2,0.3210592398867477,-2.427213803313615,1,-49.64454378812975
25.812,0.1721655,-0.4116276,10.0755567,0.03522987011788281,2,0.3408500083187001,-2.4266937541927933,1,-49.68337504858981
25.828,0.1946304,-0.4116276,10.1279421,0.04183681586157206,2,0.4129341089806237,-2.4260772207049577,1,-49.722197216388984
25.843,0.21552570000000001,-0.42663690000000004,10.1653182,0.04921866133065045,2,0.4921230312718737,-2.425394304626016,1,-49.75858325282897
25.859,0.1571562,-0.3847482,10.1653182,0.05635365512914525,2,0.44593711240587536,-2.4245497260943374,1,-49.79738280507474
25.875,0.1571562,-0.36375480000000004,10.2611619,0.06563168216229442,2,0.5798766895718871,-2.423573843396006,1,-49.83616779363066
25.89,0.173637,-0.36375480000000004,10.2087765,0.07341318717023881,2,0.5187670005296063,-2.422531006876012,1,-49.8725135800077
25.906,0.1661814,-0.36973890000000004,10.2087765,0.08100711446448727,2,0.474620455890581,-2.4212956444629343,1,-49.91126419321841
25.921,0.1661814,-0.40868460000000006,10.338955200000001,0.09162417455044647,3,0.7078040057305862,-2.420000909795322,1,-49.947573917375344
25.937,0.24701580000000004,-0.40868460000000006,10.3584771,0.1024972778393316,3,0.6795689555552448,-2.418447938176204,1,-49.986281508159124
25.953,0.18109260000000002,-0.40868460000000006,10.4438241,0.1151517046042958,3,0.7909016728103496,-2.416706746316655,1,-50.024962745635065
25.968,0.18109260000000002,-0.40868460000000006,10.4438241,0.12749748681401663,3,0.8230521473146903,-2.4148868773810177,1,-50.061199697812796
25.984,0.1946304,-0.40868460000000006,10.4677605,0.1401313545635805,3,0.7896167343476539,-2.4127458466499965,1,-50.09982075960505
26.0,0.18864630000000002,-0.3891627,10.542610800000002,0.15426035202282407,3,0.88306234120282,-2.4103907129973057,1,-50.13840585208223
26.015,0.19757340000000004,-0.3876912,10.542610800000002,0.16804740346465508,3,0.9191367627886993,-2.4079734048311496,1,-50.174543582965946
26.031,0.19757340000000004,-0.44753220000000005,10.585971,0.18261237832028776,3,0.910310928477143,-2.4051681265768705,1,-50.213048715217205
26.046,0.16019730000000001,-0.44753220000000005,10.630900800000001,0.19790147146021653,3,1.0192728759952125,-2.4023142727035167,1,-50.24910483321181
26.062,0.13469129999999999,-0.40113090000000007,10.630900800000001,0.21276390662718647,3,0.9289021979355176,-2.3990289496788173,1,-50.28751557899087
26.078,0.13469129999999999,-0.40113090000000007,10.630900800000001,0.22726384337545014,3,0.9062460467665788,-2.3955087276787967,1,-50.32587188040973
26.093,0.13469129999999999,-0.35777070000000005,10.6488531,0.24180998097757644,3,0.9697425068083838,-2.391990673996149,1,-50.36177812592229
26.109,0.1721655,-0.35777070000000005,10.6578783,0.2562344689964142,3,0.9015305011772602,-2.3880063183963567,1,-50.400018101861434
26.125,0.18413369999999998,-0.41908320000000004,10.6578783,0.2703664725356578,3,0.8832502212028221,-2.3837935108641006,1,-50.43819250049551
26.14,0.18413369999999998,-0.38621970000000005,10.7925696,0.2874060794332003,3,1.135973793169455,-2.379610216724334,1,-50.473918028452424
26.156,0.16912439999999998,-0.38621970000000005,10.755095400000002,0.30311079381362305,3,0.9815446487765305,-2.37488608173836,1,-50.51195399884012
26.171,0.18413369999999998,-0.36669779999999996,10.755095400000002,0.3184218200344091,3,1.0207350813856988,-2.3702245871344996,1,-50.547542328856665
26.187,0.1511721,-0.3936753,10.728216,0.3327150355570474,3,0.8933259701647933,-2.3650154922897673,1,-50.585424249492064
26.203,0.1511721,-0.37866600000000006,10.785114,0.34803322877743526,3,0.9573870762743464,-2.359569506175092,1,-50.62322092947978
26.218,0.18109260000000002,-0.37866600000000006,10.8524106,0.36462918703913694,3,1.106397217446737,-2.3542245380564677,1,-50.658574384811516
26.234,0.1631403,-0.3367773,10.8524106,0.38077977181258227,3,1.0094115483402202,-2.3482612663856535,1,-50.69619427124706
26.25,0.1631403,-0.4176117,10.8569232,0.39671488536457566,3,0.995944596999697,-2.342041309128237,1,-50.733716691851164
26.265,0.16912439999999998,-0.4176117,10.8179775,0.41131449380138996,3,0.9733072291209159,-2.335981088784492,1,-50.76880185983551
26.281,0.17510850000000003,-0.3622833,10.8179775,0.4255117290054393,3,0.8873272002531829,-2.3292864790020382,1,-50.8061240003778
26.296,0.17510850000000003,-0.3847482,10.8614358,0.44044074824268975,3,0.995267949149991,-2.322791835422677,1,-50.841014587735984
26.312,0.1856052,-0.3847482,10.8509391,0.45475407393239387,3,0.894582855606407,-2.3156302768452752,1,-50.87812196463413
26.328,0.1631403,-0.42506730000000004,10.8509391,0.468746161758979,3,0.8745054891616664,-2.308242274959745,1,-50.91511294504857
26.343,0.20208600000000002,-0.3951468000000001,10.8284742,0.4818379281148175,3,0.8727844237225356,-2.3011128942856915,1,-50.949683108817915
26.359,0.20208600000000002,-0.38621970000000005,10.7760888,0.49332588016846834,3,0.7179970033530965,-2.2933115838194245,1,-50.98643850464276
26.39,0.1781496,-0.4340925,10.8494676,0.5063557941149686,3,0.4203198047258296,-2.2778165178680316,1,-51.05729099021892
26.39,0.1781496,-0.40868460000000006,10.810521900000001,0.5180947663209192,3,0.0,-2.2778165178680316,1,-51.05729099021892
26.406,0.1781496,-0.40868460000000006,10.810521900000001,0.5295474221316034,3,0.7157909881678426,-2.2694353803604126,1,-51.09366900540474
26.421,0.17510850000000003,-0.40868460000000006,10.867419900000002,0.5421061240030127,3,0.8372467914272539,-2.2613979787644025,1,-51.127650255598176
26.437,0.18413369999999998,-0.3652263,10.867419900000002,0.5543244388672584,3,0.7636446790152662,-2.2526265342614393,1,-51.16376245170239
26.453,0.18413369999999998,-0.4386051,10.9272609,0.5677690294162474,3,0.8402869093119085,-2.243649786515172,1,-51.1997326622686
26.468,0.23200650000000003,-0.4386051,10.834458300000001,0.5786467862402365,3,0.7251837882659098,-2.235051667897748,1,-51.2333229231767
26.484,0.18266220000000002,-0.4027005000000001,10.8255312,0.5889847010820066,3,0.6461196776105625,-2.2257106159991693,1,-51.26900902144788
26.5,0.10477080000000001,-0.3562992,10.8255312,0.599005622482288,3,0.6263075875176517,-2.216206693410656,1,-51.304544359923156
26.515,0.1511721,-0.37572300000000003,10.8419139,0.6092108074985187,3,0.6803456677486942,-2.2071450701857995,1,-51.33771949815013
26.531,0.1511721,-0.37572300000000003,10.8419139,0.6191670855631344,3,0.6222673790385455,-2.1973180470413074,1,-51.37295520308794
26.546,0.2200383,-0.40417200000000003,10.8419139,0.6289341957230068,3,0.6511406773248031,-2.187957287431661,1,-51.405844768096486
26.562,0.173637,-0.3891627,10.756665000000002,0.6363515469244412,3,0.4635844500895972,-2.17783500149048,1,-51.440771106407865
26.578,0.16765290000000002,-0.40711500000000006,10.756665000000002,0.643601867086927,3,0.4531450101554146,-2.1675953741783904,1,-51.47553454941321
26.593,0.16765290000000002,-0.40711500000000006,10.756665000000002,0.6506753501722784,3,0.47156553902340775,-2.157888295048946,1,-51.50797567693242
26.609,0.16765290000000002,-0.3817071,10.816506,0.6590120524433676,3,0.5210438919430155,-2.1474107958280197,1,-51.54241806965944
26.625,0.1631403,-0.3817071,10.8389709,0.6676912609353298,3,0.5424505307476999,-2.1367971693209915,1,-51.57669173338063
26.64,0.1870767,-0.40113090000000007,10.8134649,0.6755637223162072,3,0.524830758725139,-2.1267227569466045,1,-51.60866813282764
26.656,0.17069399999999998,-0.4027005000000001,10.8134649,0.6832389894824917,3,0.4797041978928358,-2.115852335252216,1,-51.642608733565226
26.671,0.17069399999999998,-0.34580249999999996,10.816506,0.6907531860346641,3,0.5009464368114701,-2.105547393935837,1,-51.67426923153414
26.687,0.15568469999999998,-0.34580249999999996,10.8030663,0.6977509938430639,3,0.4373629880249429,-2.0944393604968137,1,-51.70786912556961
26.703,0.20355750000000003,-0.4235958000000001,10.8030663,0.7046650362259044,3,0.43212764892757477,-2.0832200322562633,1,-51.74129040071163
26.718,0.20355750000000003,-0.42663690000000004,10.761079500000001,0.710390273972175,3,0.3816825164180289,-2.072607117429777,1,-51.772459104334274
26.734,0.1721655,-0.42663690000000004,10.835929799999999,0.7177864802558176,3,0.4622628927276089,-2.061181703395952,1,-51.80552941490088
26.75,0.1302768,-0.3592422,10.835929799999999,0.7249284818538193,3,0.4463750998751562,-2.0496399836990764,1,-51.838415988397635
26.765,0.1302768,-0.3503151,10.756665000000002,0.7299570334565164,3,0.33523677351312775,-2.0387283423342484,1,-51.86907875084289
26.781,0.16765290000000002,-0.3503151,10.8000252,0.7359324340977249,3,0.37346254007557206,-2.0270012265938155,1,-51.90160458739431
26.796,0.2065986,-0.3936753,10.756665000000002,0.7407582715022407,3,0.3217224936343751,-2.0159260463018156,1,-51.93192654194103
26.812,0.2065986,-0.3936753,10.756665000000002,0.7454664055554261,3,0.29425837832405305,-2.004036248885353,1,-51.964086240302535
26.828,0.2290635,-0.40417200000000003,10.756665000000002,0.7500802793018799,3,0.28836710915339636,-1.9920718754064994,1,-51.99605510529687
26.843,0.2200383,-0.3652263,10.8074808,0.7557815272559285,3,0.3800831969365578,-1.9807779118573192,1,-52.02585147870135
26.859,0.2200383,-0.3652263,10.8074808,0.7613437203818307,3,0.3476370703688502,-1.9686409098762159,1,-52.05744682927522
26.875,0.2006145,-0.34580249999999996,10.8074808,0.7667454644691887,3,0.33760900545990846,-1.9564161963974092,1,-52.08884728612541
26.89,0.1915893,-0.4311495000000001,10.7506809,0.7707021928868762,3,0.2637818945124948,-1.9448853389672383,1,-52.11810704764064
26.906,0.1915893,-0.4311495000000001,10.7506809,0.774562415733401,3,0.24126392790782428,-1.9325232220982773,1,-52.14912631612916
26.921,0.18864630000000002,-0.42957990000000007,10.7506809,0.7783256875791924,3,0.25088478971941675,-1.9208765613234324,1,-52.178026814504825
26.937,0.18864630000000002,-0.38621970000000005,10.786585500000001,0.7828321066689483,3,0.28165119310971276,-1.908387298969446,1,-52.20866092538717
26.953,0.1796211,-0.3652263,10.7641206,0.7866595023015321,3,0.2392122270365157,-1.8958313660976835,1,-52.23909467470771
26.968,0.173637,-0.3652263,10.767063600000002,0.7904628834564971,3,0.2535587436643187,-1.884002948204498,1,-52.26744343206497
26.984,0.15421320000000002,-0.40868460000000006,10.8299457,0.7957368130656963,3,0.32962060057491666,-1.871313350632319,1,-52.29748596245567
27.0,0.15421320000000002,-0.40868460000000006,10.8299457,0.8008821102454018,3,0.32158107373162703,-1.8585403992458316,1,-52.32732479245469
27.015,0.17667810000000003,-0.40868460000000006,10.8299457,0.8059102759067152,3,0.33521104408754504,-1.8464894563496903,1,-52.355112516371655
27.031,0.1781496,-0.40113090000000007,10.8299457,0.810809508371058,3,0.3062020290214633,-1.8335556980754695,1,-52.38455287760705
27.046,0.1781496,-0.36669779999999996,10.8374994,0.8157436049095601,3,0.3289397692334592,-1.8213565497258644,1,-52.41196471946556
27.062,0.1870767,-0.36669779999999996,10.8329868,0.8204510397928555,3,0.29421468020592906,-1.8082669925682435,1,-52.44100170780391
27.078,0.1002582,-0.37425150000000007,10.8329868,0.8250218919845036,3,0.28567826197803775,-1.7951032091140262,1,-52.46982866941737
27.093,0.1002582,-0.37866600000000006,10.8119934,0.828973300157184,3,0.263427211512014,-1.7826982451729632,1,-52.49666218032452
27.109,0.1856052,-0.41466870000000006,10.8374994,0.8335095716630878,3,0.2835169691189592,-1.7693983821983994,1,-52.525078953343495
27.125,0.22455090000000003,-0.41466870000000006,10.798553700000001,0.8370041669531876,3,0.2184122056312595,-1.7560342722894706,1,-52.55328241457939
27.14,0.21709530000000002,-0.41466870000000006,10.798553700000001,0.8404098131417719,3,0.22704307923894468,-1.743453667438758,1,-52.57952857412735
27.156,0.21709530000000002,-0.40417200000000003,10.8299457,0.8444876674304709,3,0.25486589304371565,-1.7299744875941816,1,-52.607315999367614
27.171,0.19610190000000002,-0.40417200000000003,10.7925696,0.8475454763433987,3,0.20385392752851492,-1.7172842390158771,1,-52.63317043981719
27.187,0.1646118,-0.39818790000000004,10.7925696,0.8505104592860402,3,0.18531143391507113,-1.70369979153084,1,-52.66053831206157
27.203,0.1646118,-0.44154810000000005,10.789528500000001,0.853370130009008,3,0.17872942018550578,-1.6900687468164812,1,-52.68768846036834
27.218,0.1856052,-0.44154810000000005,10.743127200000002,0.8550377339484747,3,0.1111735959644454,-1.6772556878367997,1,-52.712943393628244
27.234,0.1526436,-0.3907323,10.743127200000002,0.8566040525857019,3,0.0978949148266907,-1.6635625535445246,1,-52.7396699395593
27.25,0.1526436,-0.37572300000000003,10.719190800000002,0.8575357209868795,3,0.05822927507360218,-1.6498494353559454,1,-52.7661772354705
27.265,0.2350476,-0.42065280000000005,10.8030663,0.8605653491865173,3,0.20197521330917986,-1.6369636773296445,1,-52.79082833381565
27.281,0.205029,-0.42065280000000005,10.798553700000001,0.8633962253987661,3,0.1769297632655737,-1.6231719847329638,1,-52.81690941911214
27.296,0.2006145,-0.3771945,10.798553700000001,0.8661169116168619,3,0.18137908120637553,-1.610200636205346,1,-52.84115971376918
27.312,0.2006145,-0.37268190000000007,10.8389709,0.8697524529231107,3,0.2272213316405226,-1.5963136812890246,1,-52.86681182830914
27.328,0.16765290000000002,-0.37268190000000007,10.786585500000001,0.8720088939410484,3,0.14102756362112556,-1.582379590514113,1,-52.89224137448356
27.343,0.2514303,-0.4116276,10.786585500000001,0.874284464736732,3,0.15170471971223656,-1.5692823903240292,1,-52.91587883933985
27.359,0.2514303,-0.41466870000000006,10.789528500000001,0.8765790800134408,3,0.14341345479427842,-1.5552754819660262,1,-52.94087530231817
27.375,0.20355750000000003,-0.41466870000000006,10.789528500000001,0.8787931336394568,3,0.1383783516260159,-1.5412325042568045,1,-52.965647366207946
27.39,0.1571562,-0.4056435,10.789528500000001,0.8809259235038613,3,0.1421859909602994,-1.528034611328229,1,-52.988666869574836
27.406,0.1571562,-0.4056435,10.789528500000001,0.8830066941032815,3,0.1300481624637727,-1.5139231503873734,1,-53.013002531668555
27.421,0.1856052,-0.4221243,10.7806014,0.8848455970644657,3,0.12259353074561365,-1.5006642582036147,1,-53.035611937232986
27.437,0.1646118,-0.4221243,10.7820729,0.8866671978614242,3,0.11385004980989213,-1.486492155844206,1,-53.05950918854537
27.453,0.11821050000000001,-0.34128990000000003,10.7820729,0.8883597896337303,3,0.10578698576914125,-1.4722919399442462,1,-53.08317946131167
27.468,0.11821050000000001,-0.34128990000000003,10.7820729,0.8900110986798815,3,0.11008726974340807,-1.4589541582818937,1,-53.10516380704837
27.484,0.11821050000000001,-0.3951468000000001,10.7476398,0.8908277471233834,3,0.05104052771886509,-1.444707447515466,1,-53.12839309989475
27.515,0.19757340000000004,-0.3771945,10.8255312,0.8935354834949365,3,0.08734633456623182,-1.417049817440883,1,-53.172750337501576
27.531,0.19757340000000004,-0.4056435,10.8179775,0.8960181688500537,3,0.15516783469484197,-1.4027333882221247,1,-53.19530860314688
27.546,0.261927,-0.4056435,10.7760888,0.8974529492629468,3,0.09565202752620523,-1.3892823548362767,1,-53.21624872121981
27.562,0.20208600000000002,-0.4027005000000001,10.7760888,0.8988186513370895,3,0.08535637963390674,-1.374912182031475,1,-53.23836227751476
27.578,0.20208600000000002,-0.36973890000000004,10.8074808,0.9008873291549371,3,0.12929236361548838,-1.3605145341875402,1,-53.260245691244506
27.593,0.19610190000000002,-0.4161402,10.7686332,0.9019973364282023,3,0.07400048488434838,-1.3469928991956661,1,-53.28055199699488
27.609,0.18864630000000002,-0.4161402,10.765592100000001,0.9030029183015262,3,0.06284886708273614,-1.3325528971578267,1,-53.30198836336571
27.625,0.15568469999999998,-0.38023560000000006,10.765592100000001,0.9039387633973845,3,0.05849031849115094,-1.318097363704237,1,-53.323193565452605
27.64,0.15568469999999998,-0.34580249999999996,10.774617300000001,0.9050434731936114,3,0.07364731974845716,-1.304529996929804,1,-53.34286327065736
27.656,0.15568469999999998,-0.34580249999999996,10.774617300000001,0.906121238848467,3,0.06736035342847689,-1.290040679233469,1,-53.36361983606667
27.671,0.19757340000000004,-0.39818790000000004,10.774617300000001,0.9072335337621613,3,0.0741529942462876,-1.276440518438889,1,-53.38286844504921
27.687,0.19757340000000004,-0.3847482,10.756665000000002,0.9078692916634878,3,0.03973486883290355,-1.2619196958354821,1,-53.40317532676341
27.703,0.16019730000000001,-0.40868460000000006,10.743127200000002,0.9081659941242552,3,0.018543903797964934,-1.2473914135491817,1,-53.423249815638485
27.718,0.16019730000000001,-0.40868460000000006,10.743127200000002,0.9084554599396384,3,0.019297721025541847,-1.233766752643702,1,-53.44185850188493
27.734,0.16019730000000001,-0.4340925,10.788057,0.9098569895250819,3,0.08759559909020795,-1.2192202530479825,1,-53.46148239793047
27.75,0.20208600000000002,-0.41908320000000004,10.7506809,0.9103162494665789,3,0.02870374634356448,-1.2046588671360507,1,-53.48087343089194
27.765,0.18864630000000002,-0.3847482,10.7177193,0.9099237738473374,3,-0.026165041282765318,-1.1910070669611958,1,-53.49884092539767
27.781,0.18864630000000002,-0.3847482,10.7177193,0.9095408708041735,3,-0.023931440197746817,-1.1764513498039855,1,-53.51778059273179
27.796,0.18864630000000002,-0.37425150000000007,10.6982955,0.9086848599612818,3,-0.057067389526108736,-1.162814656823244,1,-53.535325087781494
27.812,0.1990449,-0.37425150000000007,10.734200099999999,0.9087293570108343,3,0.002781065597034748,-1.1482753430874655,1,-53.553813807780784
27.828,0.1990449,-0.33226469999999997,10.734200099999999,0.9087390911839286,3,0.000608385818390356,-1.133735595501909,1,-53.572069895289495
27.843,0.1990449,-0.38023560000000006,10.7296875,0.9086774153741093,3,-0.004111720654620243,-1.1201049717027232,1,-53.58897369954353
27.859,0.17510850000000003,-0.38023560000000006,10.675830600000001,0.9072944934459173,3,-0.08643262051199062,-1.1055771964321612,1,-53.606779156888614
27.875,0.1511721,-0.38621970000000005,10.675830600000001,0.9059416219529925,3,-0.0845544683078052,-1.0910713075089715,1,-53.62435234492014
27.89,0.1511721,-0.41309910000000005,10.759608,0.9066879027667358,3,0.049752054249550315,-1.077476586073573,1,-53.64061645412201
27.906,0.2006145,-0.37866600000000006,10.7626491,0.907478918593636,3,0.04943848918126926,-1.0629632515026917,1,-53.65773997282262
27.921,0.18413369999999998,-0.37866600000000006,10.7626491,0.9082434620232966,3,0.05096956197737082,-1.0493453336480643,1,-53.67358228721125
27.937,0.18266220000000002,-0.3951468000000001,10.7626491,0.9090031859750951,3,0.04748274698739864,-1.0348073604640755,1,-53.690255508764146
27.953,0.18266220000000002,-0.40113090000000007,10.8134649,0.9109881514180653,3,0.1240603401856525,-1.0202474297649318,1,-53.706695947085976
27.968,0.20355750000000003,-0.40113090000000007,10.7701047,0.911877148340146,3,0.05926646147204208,-1.0065759400167447,1,-53.72189712235934
27.984,0.18266220000000002,-0.3622833,10.7701047,0.9127017774259922,3,0.051539317865384245,-0.9919793086106139,1,-53.73788556434836
28.0,0.18266220000000002,-0.4445892,10.761079500000001,0.9133615190820326,3,0.04123385350252483,-0.9773708022385513,1,-53.75364036523515
28.015,0.1915893,-0.4445892,10.785114,0.9145945682157208,3,0.08220327557921481,-0.9636611315838176,1,-53.768198104738815
28.031,0.17510850000000003,-0.37866600000000006,10.785114,0.9157294022936942,3,0.07092712987334053,-0.9490185398197439,1,-53.78349954211004
28.046,0.17510850000000003,-0.40868460000000006,10.7791299,0.9167174315838231,3,0.06586861934192935,-0.935275188565662,1,-53.797631745072934
28.062,0.2350476,-0.3771945,10.7387127,0.9166962329491106,3,-0.0013249146695314034,-0.9206078792493969,1,-53.812478809615456
28.078,0.2140542,-0.3771945,10.656308700000002,0.9146566495378732,3,-0.12747396320235432,-0.9059570561895026,1,-53.82709132909896
28.093,0.2140542,-0.3771945,10.656308700000002,0.9126668120634953,3,-0.13265583162518596,-0.8922521302274918,1,-53.84057789799709
28.109,0.18266220000000002,-0.4176117,10.656308700000002,0.9107479981813604,3,-0.11992586763341685,-0.8776648117455313,1,-53.85473723353288
28.125,0.18266220000000002,-0.4056435,10.617461100000002,0.9079180441879906,3,-0.17687212458563367,-0.8631154834065782,1,-53.868663475894095
28.14,0.19011780000000003,-0.4056435,10.6129485,0.9050503373903069,3,-0.19118045317890386,-0.8495182205447405,1,-53.88150822867373
28.156,0.19610190000000002,-0.3338343,10.6129485,0.9021942581213498,3,-0.17850495430984126,-0.8350602637806488,1,-53.894984856548334
28.171,0.19610190000000002,-0.35777070000000005,10.6234452,0.8996826767486876,3,-0.16743875817747125,-0.8215461867691229,1,-53.907409404927456
28.187,0.16019730000000001,-0.35777070000000005,10.5710598,0.895940859026398,3,-0.23386360764307715,-0.8071811984829207,1,-53.92043922400948
28.203,0.1946304,-0.40711500000000006,10.5710598,0.8923478952888253,3,-0.22456023359831687,-0.7928748884484005,1,-53.93323967270493
28.218,0.1946304,-0.36375480000000004,10.5380982,0.8880007087401687,3,-0.2898124365770972,-0.7795222739181825,1,-53.94503265142268
28.234,0.16166880000000003,-0.40868460000000006,10.5560505,0.8842235825671789,3,-0.23607038581183315,-0.7653444795877221,1,-53.95739158545073
28.25,0.19011780000000003,-0.40868460000000006,10.524658500000001,0.8797851736926994,3,-0.27740055465500235,-0.7512324095376447,1,-53.96952420056373
28.265,0.18109260000000002,-0.37572300000000003,10.524658500000001,0.8754212064026081,3,-0.29093115267273917,-0.7380683616869294,1,-53.98069395634792
28.281,0.18109260000000002,-0.40417200000000003,10.4902254,0.8703502779902301,3,-0.3169330257736596,-0.7241021898117882,1,-53.99239132075991
28.296,0.1946304,-0.40417200000000003,10.452751200000002,0.8644957712279293,3,-0.39030045082003956,-0.7110908444426515,1,-54.003155268516814
28.312,0.17069399999999998,-0.3831786,10.452751200000002,0.8587545961327354,3,-0.35882344344957834,-0.6973048415037646,1,-54.01442243400439
28.328,0.17069399999999998,-0.3817071,10.497681000000002,0.8542471143991524,3,-0.28171760834897247,-0.683600827819511,1,-54.02546967935897
28.343,0.1377324,-0.3817071,10.407821400000001,0.8476477224627637,3,-0.43995946242589656,-0.6708366165430462,1,-54.03562796019169
28.359,0.1930608,-0.3817071,10.407821400000001,0.8412307193642601,3,-0.40106269365642827,-0.6573255890084284,1,-54.0462532578361
28.375,0.1930608,-0.37866600000000006,10.395853200000001,0.8346758574206827,3,-0.4096788714736295,-0.6439183363941503,1,-54.05666320923932
28.39,0.1466595,-0.3907323,10.3644612,0.8275082348266007,3,-0.4778415062721146,-0.6314519557022952,1,-54.06622848643004
28.406,0.19757340000000004,-0.3907323,10.3150188,0.8193312041886802,3,-0.511064414870089,-0.6182772401901744,1,-54.07622631999718
28.421,0.1946304,-0.39220380000000005,10.3150188,0.8113536107647388,3,-0.531839561596076,-0.6060471040780233,1,-54.08540875257919
28.437,0.1946304,-0.37572300000000003,10.2611619,0.8022431696728436,3,-0.5694025682433852,-0.5931383298345212,1,-54.09500223605049
28.453,0.17069399999999998,-0.37572300000000003,10.2282003,0.7925412604103634,3,-0.6063693289050767,-0.580380054393857,1,-54.10439038312432
28.468,0.20208600000000002,-0.3712104,10.2282003,0.7830859087231765,3,-0.6303567791457707,-0.5685628506253549,1,-54.113007454911966
28.484,0.20208600000000002,-0.4460607,10.2581208,0.7746629750746372,3,-0.5264333530336472,-0.556100859554971,1,-54.122004764593406
28.5,0.1661814,-0.3771945,10.2162321,0.765341592032291,3,-0.5825864401467016,-0.5437808230181169,1,-54.13080381805399
28.515,0.1661814,-0.3771945,10.2162321,0.7562475597958542,3,-0.6062688157624296,-0.5323689043794054,1,-54.138874941009476
28.531,0.1661814,-0.43262100000000003,10.1399103,0.7455692828827907,3,-0.6673923070665457,-0.5203543696379775,1,-54.14729672720161
28.546,0.20208600000000002,-0.41908320000000004,10.169830800000002,0.7358824884533224,3,-0.6457862952978617,-0.5092434813529563,1,-54.15501871108405
28.562,0.18864630000000002,-0.41908320000000004,10.124901000000001,0.7253309401363754,3,-0.6594717698091096,-0.4975537739242371,1,-54.163073089126264
28.578,0.2140542,-0.3817071,10.124901000000001,0.7150130435332152,3,-0.6448685376975893,-0.48603102205488036,1,-54.1709417674941
28.593,0.2140542,-0.34580249999999996,10.157862600000001,0.7057186642440438,3,-0.619625285944731,-0.4753755342465502,1,-54.17815231666636
28.609,0.13469129999999999,-0.34580249999999996,10.0875249,0.6949033711400965,3,-0.675955818996634,-0.46417055796347584,1,-54.185668685404046
28.625,0.1781496,-0.37268190000000007,10.0875249,0.6843916190271475,3,-0.6569845070593829,-0.4531361980421391,1,-54.19300713945209
28.64,0.1781496,-0.39671639999999997,10.056132900000001,0.6733936412472854,3,-0.7331985186574463,-0.44295280859008046,1,-54.199727807001835
28.656,0.1870767,-0.39671639999999997,10.1204865,0.6642359756125895,3,-0.5723541021685561,-0.4322517716552026,1,-54.206729443643795
28.671,0.1796211,-0.4027005000000001,10.1204865,0.655304135389958,3,-0.595456014842077,-0.4223552208226831,1,-54.21313899608738
28.687,0.1796211,-0.4340925,10.0171872,0.6441050092659459,3,-0.6999453827506767,-0.4119599476654347,1,-54.219813517435284
28.703,0.18266220000000002,-0.4340925,9.9842256,0.6323773208743688,3,-0.7329805244736506,-0.4017480890243133,1,-54.2263231817288
28.718,0.18266220000000002,-0.42957990000000007,9.9887382,0.621040861827904,3,-0.7557639364309615,-0.3923474526540459,1,-54.23227889829139
28.734,0.1646118,-0.4235958000000001,9.9887382,0.6099670302502052,3,-0.6921144736060982,-0.38249938951741996,1,-54.23847767302876
28.75,0.1646118,-0.37425150000000007,9.9602892,0.5984219758316414,3,-0.7215659011603166,-0.37283227746876624,1,-54.24452032636465
28.765,0.18266220000000002,-0.37425150000000007,9.987266700000001,0.58782359141318,3,-0.7065589612307327,-0.36393543571442977,1,-54.25004608421352
28.781,0.2274939,-0.4027005000000001,9.987266700000001,0.5775330990825829,3,-0.6431557706623889,-0.3546125821904647,1,-54.25579446835676
28.796,0.2274939,-0.4027005000000001,9.987266700000001,0.5674935943698056,3,-0.6693003141851253,-0.3460248819895715,1,-54.261049249338114
28.812,0.2274939,-0.37572300000000003,9.8584614,0.5545348200513445,3,-0.8099233949037314,-0.33704865467420125,1,-54.26651383763142
28.828,0.1915893,-0.37572300000000003,9.9243846,0.5434799409864741,3,-0.6909299415544728,-0.32826453658589966,1,-54.2718363431615
28.843,0.1796211,-0.3876912,9.9243846,0.5327004558211854,3,-0.7186323443525531,-0.3201931836098419,1,-54.27669977606297
28.859,0.1796211,-0.43262100000000003,9.889951500000002,0.5213902336230216,3,-0.7068888873851583,-0.3117604580942873,1,-54.281755405196606
28.875,0.2260224,-0.39671639999999997,9.9947223,0.5128950722330714,3,-0.5309475868719468,-0.30348617564743946,1,-54.28667737826654
28.89,0.17510850000000003,-0.39671639999999997,9.910846800000002,0.5025384103184685,3,-0.6904441276401697,-0.29587042452830264,1,-54.291172552767854
28.906,0.2006145,-0.3771945,9.910846800000002,0.49242755787698833,3,-0.631928277592578,-0.2879106967827399,1,-54.295842801738345
28.921,0.2006145,-0.34128990000000003,9.9168309,0.4826774337693358,3,-0.650008273843477,-0.2805974093453922,1,-54.30010661253431
28.937,0.1526436,-0.34128990000000003,9.8644455,0.4718675131264032,3,-0.6756200401832134,-0.2729610497702254,1,-54.30453508020723
28.953,0.15421320000000002,-0.38023560000000006,9.8495343,0.46099318306128545,3,-0.6796456290699331,-0.2654981642007247,1,-54.308842753918995
28.968,0.15421320000000002,-0.38023560000000006,9.8495343,0.4503840805587327,3,-0.7072735001701571,-0.2586628347235743,1,-54.312773961410926
28.984,0.15568469999999998,-0.38023560000000006,9.833053500000002,0.4396326799148529,3,-0.6719625402424126,-0.25154270063978484,1,-54.31685560569383
29.0,0.18266220000000002,-0.40113090000000007,9.833053500000002,0.42917504824246144,3,-0.6536019795245371,-0.24459223881452707,1,-54.320824685209466
29.015,0.18266220000000002,-0.38621970000000005,9.8944641,0.4204543508036718,3,-0.5813798292526227,-0.23822001832168083,1,-54.32444577713799
29.031,0.20355750000000003,-0.4056435,9.860031000000001,0.41113628217550335,3,-0.5823792892605903,-0.23156729325784817,1,-54.32820407563062
29.046,0.22455090000000003,-0.4056435,9.8225568,0.4011435951934068,3,-0.6661791321397443,-0.2254751941775811,1,-54.33163189428639
29.062,0.2065986,-0.3622833,9.8225568,0.3913437336419019,3,-0.6124913469689889,-0.21913529554689792,1,-54.335188778204184
29.078,0.2065986,-0.3891627,9.8704296,0.3829744084537179,3,-0.523082824261558,-0.21294075041013366,1,-54.33864538657184
29.093,0.17069399999999998,-0.3891627,9.8928945,0.3753399106242927,3,-0.5089665219616579,-0.20725339301704837,1,-54.34179684264755
29.109,0.205029,-0.38621970000000005,9.8928945,0.36790469723093366,3,-0.46470083708488946,-0.2013074361542059,1,-54.34506532928092
29.125,0.1796211,-0.3592422,9.845021700000002,0.3594473618728795,3,-0.5285834598784427,-0.19548861968137604,1,-54.34823969772761
29.14,0.1497006,-0.39671639999999997,9.845021700000002,0.3512191686227393,3,-0.548546216675995,-0.1901586207026587,1,-54.351132052030486
29.156,0.1497006,-0.39671639999999997,9.845021700000002,0.3431916630128473,3,-0.5017191006183028,-0.18460333404957463,1,-54.354130147668506
29.171,0.1497006,-0.35178660000000006,9.848062800000001,0.3353924446140457,3,-0.5199478932534203,-0.17951395324237274,1,-54.3568610273232
29.187,0.20355750000000003,-0.4056435,9.8928945,0.3289497604355791,3,-0.40266776115411784,-0.17419921560197515,1,-54.359690732673954
29.203,0.1332198,-0.4056435,9.8644455,0.3219418122086726,3,-0.4379967641817067,-0.16899208302082172,1,-54.36243626306294
29.218,0.1437165,-0.3891627,9.8644455,0.3150922007831074,3,-0.4566407617043275,-0.1642143279233832,1,-54.36493531114502
29.234,0.1437165,-0.35777070000000005,9.7732125,0.3061572076262671,3,-0.5584370723024575,-0.15924433265610766,1,-54.367522980429655
29.25,0.1526436,-0.35777070000000005,9.8225568,0.2986460120103622,3,-0.469449725994105,-0.15440590689901515,1,-54.370032182346094
29.265,0.1930608,-0.37425150000000007,9.8225568,0.2913503144852463,3,-0.4863798350077109,-0.14998093445029792,1,-54.37231508365621
29.281,0.1930608,-0.3876912,9.776155500000002,0.2831146272597138,3,-0.5147304515958363,-0.14538521491633874,1,-54.37467801285114
29.296,0.2260224,-0.3876912,9.764187300000001,0.27480542471244895,3,-0.553946836484303,-0.14120081452654737,1,-54.37682740807196
29.312,0.2559429,-0.3891627,9.764187300000001,0.2667183029636675,3,-0.5054451092987845,-0.13686862470513794,1,-54.379051963585816
29.328,0.2559429,-0.4445892,9.8196138,0.26023608704780266,3,-0.40513849474159724,-0.13265298958504665,1,-54.381208136500135
29.343,0.2215098,-0.41908320000000004,9.866015100000002,0.2549946879223217,3,-0.3494266083653827,-0.12878875877277057,1,-54.383168949612816
29.359,0.2784078,-0.41908320000000004,9.845021700000002,0.2494048757754861,3,-0.3493632591771876,-0.12475356226318765,1,-54.385197288181104
29.375,0.2290635,-0.39220380000000005,9.845021700000002,0.2438934384355047,3,-0.34446483374887443,-0.12080717574950017,1,-54.38716177408521
29.39,0.2290635,-0.3891627,9.862974000000001,0.238950888000252,3,-0.32950336235016836,-0.11718584330123186,1,-54.38894672172809
29.406,0.21101310000000004,-0.3891627,9.848062800000001,0.23375575433578177,3,-0.32469585402942447,-0.113404190162544,1,-54.3907914419958
29.421,0.16166880000000003,-0.37866600000000006,9.848062800000001,0.22865460906377244,3,-0.340076351467276,-0.1099361124370472,1,-54.3924664942653
29.437,0.16166880000000003,-0.40417200000000003,9.886910400000001,0.22464916666109147,3,-0.2503401501675326,-0.10630968223124788,1,-54.394196460622645
29.453,0.16019730000000001,-0.40417200000000003,9.854046900000002,0.21994006198084826,3,-0.29431904251523333,-0.10275296840211276,1,-54.39586896182771
29.468,0.16019730000000001,-0.40417200000000003,9.854046900000002,0.2153458135123163,3,-0.3062832312354523,-0.0994883243359139,1,-54.39738577152325
29.484,0.0868185,-0.39220380000000005,9.854046900000002,0.21082942322160747,3,-0.2822743931692701,-0.09607892244204212,1,-54.39895030949747
29.5,0.0928026,-0.4235958000000001,9.848062800000001,0.20631037068095281,3,-0.28244078379094706,-0.09274180409082201,1,-54.40046087530973
29.515,0.1032993,-0.4235958000000001,9.860031000000001,0.20219570744515103,3,-0.2743108823867753,-0.08967800850487612,1,-54.4018290239042
29.531,0.1032993,-0.4235958000000001,9.860031000000001,0.19818140184924538,3,-0.250894099744131,-0.0864749916305213,1,-54.40323824790528
29.546,0.13469129999999999,-0.40868460000000006,9.860031000000001,0.19425890299009652,3,-0.2614999239432474,-0.08353168934422613,1,-54.40451329801259
29.562,0.13469129999999999,-0.39220380000000005,9.8046045,0.18906509953043127,3,-0.32461271622904164,-0.08046509732406155,1,-54.40582527230593
29.578,0.1272357,-0.39220380000000005,9.845021700000002,0.18498046578556604,3,-0.2552896090541049,-0.07747273280153391,1,-54.407088774946935
29.593,0.18864630000000002,-0.4101561,9.845021700000002,0.181037288675288,3,-0.2628784740185253,-0.0747275996430774,1,-54.40823027744027
29.609,0.18864630000000002,-0.4027005000000001,9.8016615,0.1761263035200873,3,-0.30693657220001064,-0.07187029090551408,1,-54.40940306056466
29.625,0.18266220000000002,-0.4027005000000001,9.8255979,0.17191555966626382,3,-0.26317149086399605,-0.06908595600002358,1,-54.4105307105399
29.64,0.205029,-0.37572300000000003,9.8255979,0.1677922302371222,3,-0.2748886286094309,-0.0665381475757481,1,-54.41154789131672
29.656,0.21258269999999999,-0.41309910000000005,9.8151012,0.16355420540458,3,-0.26487655203391725,-0.06388737609061476,1,-54.412591295506054
29.671,0.21258269999999999,-0.41466870000000006,9.8495343,0.1602600496507467,3,-0.21961038358887797,-0.06145876917769971,1,-54.41353139159557
29.687,0.19610190000000002,-0.41466870000000006,9.860031000000001,0.15729364907875976,3,-0.18540003574916286,-0.05891833958786338,1,-54.41449440846569
29.703,0.21709530000000002,-0.37866600000000006,9.860031000000001,0.1543750273825637,3,-0.18241385601227356,-0.05642499017617307,1,-54.4154171551038
29.718,0.21709530000000002,-0.35777070000000005,9.8689581,0.15172611560121219,3,-0.17659411875676098,-0.05412923160379467,1,-54.41624631176715
29.734,0.18864630000000002,-0.35777070000000005,9.7911648,0.14723176663742343,3,-0.2808968102367656,-0.05173756854588532,1,-54.41709324616835
29.75,0.1392039,-0.34580249999999996,9.7911648,0.14281638262603735,3,-0.2759615007116605,-0.04941718335177789,1,-54.41790248418353
29.765,0.1392039,-0.37866600000000006,9.800091900000002,0.1387558714387307,3,-0.2707007458204337,-0.04730539144629205,1,-54.41862790349452
29.781,0.1302768,-0.37866600000000006,9.8405091,0.13577637281139765,3,-0.18621866420833574,-0.04510913349229126,1,-54.419367219694024
29.796,0.09584369999999999,-0.3891627,9.7911648,0.13166736619631436,3,-0.2739337743388755,-0.04310330544973334,1,-54.42002881298609
29.812,0.09584369999999999,-0.40711500000000006,9.8016615,0.12793215253181955,3,-0.23345085403089935,-0.04102650929990804,1,-54.420701851504084
29.828,0.09584369999999999,-0.40711500000000006,9.8016615,0.12428804163962859,3,-0.22775693076196046,-0.039008747746536676,1,-54.42134213356046
29.843,0.1497006,-0.40711500000000006,9.860031000000001,0.12217151200066212,3,-0.14110197593109258,-0.037160301094234426,1,-54.421913401426764
29.859,0.1511721,-0.37572300000000003,9.860031000000001,0.12007678485083595,3,-0.13092044686412097,-0.03522231471942222,1,-54.422492462353276
29.875,0.1511721,-0.3876912,9.855518400000001,0.11793447381856836,3,-0.13389443951673882,-0.033318224650067195,1,-54.42304078666823
29.89,0.18864630000000002,-0.3876912,9.8285409,0.11520279983476023,3,-0.1821115989205355,-0.03156969509766716,1,-54.42352744606634
29.906,0.1796211,-0.3847482,9.8285409,0.11253081396469256,3,-0.16699911687924793,-0.029747826187271738,1,-54.42401798623662
29.921,0.1796211,-0.34580249999999996,9.8495343,0.11040035921461921,3,-0.14203031667155067,-0.028075842388426836,1,-54.424451663750936
29.937,0.1990449,-0.34580249999999996,9.803133,0.10720015899041968,3,-0.20001251401244852,-0.02633503824278633,1,-54.42488695079599
29.953,0.20954160000000002,-0.3367773,9.803133,0.10407568605836204,3,-0.19527955825362417,-0.02464483148239626,1,-54.425294789753785
29.968,0.2230794,-0.3771945,9.883967400000001,0.10304018408246485,3,-0.06903346505981009,-0.02309146245634,1,-54.42565281195832
29.984,0.2230794,-0.3712104,9.8091171,0.10020056412754208,3,-0.1774762471826531,-0.02146553647065976,1,-54.42600926794974
30.0,0.2274939,-0.3712104,9.848062800000001,0.09838163820381851,3,-0.11368287023273557,-0.019876878852009054,1,-54.426340007272316
30.015,0.19757340000000004,-0.42663690000000004,9.848062800000001,0.09664604693023549,3,-0.11570608490553068,-0.018414171213503597,1,-54.426627190147805
30.031,0.19757340000000004,-0.45508590000000004,9.8255979,0.09443658333450244,3,-0.13809147473333028,-0.016885510171385863,1,-54.426909587598885
30.046,0.19757340000000004,-0.45508590000000004,9.8255979,0.09228100909476211,0,-0.14370494931601668,-0.014985128228166326,1,-54.427148617386884
30.062,0.19011780000000003,-0.4101561,9.788123700000002,0.08921319718044707,0,-0.1917382446446688,-0.01303317457796449,1,-54.42737276380933
30.078,0.19011780000000003,-0.39220380000000005,9.7926363,0.0863122365491602,0,-0.18131003945544896,-0.011128971108127786,1,-54.42756606097482
30.093,0.1946304,-0.39220380000000005,9.8524773,0.08494227980379598,0,-0.09133044969094456,-0.009344562235480566,1,-54.427719612474895
30.109,0.15568469999999998,-0.4101561,9.843550200000001,0.08338915915787659,0,-0.09707004036995116,-0.007497910723787034,1,-54.42785435225857
30.125,0.15568469999999998,-0.4101561,9.843550200000001,0.08187391950332135,0,-0.09470247840971324,-0.005675806094497596,1,-54.427959741993114
30.14,0.1212516,-0.42065280000000005,9.843550200000001,0.08039462818441301,0,-0.09861942126055212,-0.00395879198683954,1,-54.428032001478726
30.156,0.1212516,-0.4056435,9.821085300000002,0.07838864976347004,0,-0.1253736513089492,-0.002188525763256616,1,-54.428081180020726
30.171,0.18266220000000002,-0.4056435,9.860031000000001,0.07740367597781272,0,-0.06566491904381865,-0.0005200833201969529,1,-54.42810149458885
30.187,0.2215098,-0.3951468000000001,9.860031000000001,0.07645173979907405,0,-0.059496011171160657,0.00021076000601827653,1,-54.42810396917537
30.203,0.1586277,-0.4176117,9.830012400000001,0.07478463818732983,0,-0.10419385073402491,0.0009206510299093742,1,-54.42809491788708
30.218,0.1586277,-0.4176117,9.830012400000001,0.07315819759050513,0,-0.10842937312164307,0.0015302222982431766,1,-54.428076536337116
30.234,0.17069399999999998,-0.37866600000000006,9.830012400000001,0.07153791528104314,0,-0.10126764434136269,0.002187791201215693,1,-54.42804679222912
30.25,0.17069399999999998,-0.3891627,9.8285409,0.06993128501141754,0,-0.1004143918516109,0.0028195448035552516,1,-54.42800673354108
30.265,0.20208600000000002,-0.4056435,9.856989900000002,0.06908772704322708,0,-0.056237197879362336,0.0033621873939651244,1,-54.4279603705496
30.281,0.20208600000000002,-0.4056435,9.856989900000002,0.06826474365962731,0,-0.05143646147499081,0.003961007159587837,1,-54.42790178499317
30.296,0.20208600000000002,-0.3712104,9.856989900000002,0.06742877108098533,0,-0.05573150524279694,0.00447870852014247,1,-54.42783848712557
30.312,0.20208600000000002,-0.42957990000000007,9.851005800000001,0.06652517260942226,0,-0.05647490447268567,0.00505034006966585,1,-54.42776225473685
30.328,0.1870767,-0.42957990000000007,9.9124164,0.06713252901904099,0,0.037959775601174875,0.005619601682693438,1,-54.42767689520283
30.343,0.17667810000000003,-0.43262100000000003,9.9124164,0.06772364569536649,0,0.03940777842169839,0.006131022993051533,1,-54.42758876551776
30.359,0.17667810000000003,-0.3831786,9.8225568,0.06606107466216393,0,-0.10391068957514796,0.006701300755911896,1,-54.427486106927766
30.375,0.1466595,-0.3831786,9.839037600000001,0.06482863546800388,0,-0.07702744963501167,0.0072484184369531225,1,-54.42737450917422
30.39,0.113796,-0.37425150000000007,9.830012400000001,0.06338732862118768,0,-0.09608712312107662,0.007710038167622096,1,-54.42726232074968
30.406,0.113796,-0.37425150000000007,9.830012400000001,0.061981175599902016,0,-0.08788456383036349,0.008212986201390701,1,-54.42713493655473
30.421,0.18266220000000002,-0.37425150000000007,9.8255979,0.06052705147959436,0,-0.09694160802050658,0.008631797904486958,1,-54.427008600673936
30.437,0.173637,-0.4116276,9.883967400000001,0.06056301368376893,0,0.0022476377609101632,0.009100518425793971,1,-54.4268667421433
30.453,0.18413369999999998,-0.40417200000000003,9.883967400000001,0.06059523072100781,0,0.0020135648274302027,0.009569784381032082,1,-54.42671737972084
30.468,0.18413369999999998,-0.39220380000000005,9.979713000000002,0.06294795318037494,0,0.15684816395780268,0.009996358260292486,1,-54.42657063365103
30.484,0.1631403,-0.39220380000000005,9.9273276,0.06395786076053156,0,0.06311922375978178,0.010511604771819852,1,-54.42640656994678
30.5,0.2215098,-0.38023560000000006,9.9273276,0.06495934522897961,0,0.06259277927801034,0.01104294241973583,1,-54.426234133569245
30.515,0.2215098,-0.3891627,9.943808400000002,0.06634639545898224,0,0.09247001533350509,0.011527735474895582,1,-54.42606485348504
30.531,0.2080701,-0.3891627,9.898878600000002,0.06659777534928146,0,0.015711243143702935,0.012091288841361573,1,-54.42587590129051
30.546,0.2006145,-0.39220380000000005,9.898878600000002,0.0668421984662757,0,0.016294874466282132,0.01259208864497829,1,-54.42569077595936
30.562,0.2006145,-0.40113090000000007,9.821085300000002,0.06519393863135825,0,-0.10301623968232933,0.01314837774175948,1,-54.425484852228266
30.578,0.20954160000000002,-0.40113090000000007,9.8076456,0.0632629724643472,0,-0.12068538543820392,0.01367603303052501,1,-54.425270256942085
30.593,0.19610190000000002,-0.40417200000000003,9.749178,0.05995083681733071,0,-0.2208090431344243,0.01410013660013763,1,-54.42506193566985
30.609,0.2006145,-0.43262100000000003,9.749178,0.056751466772503534,0,-0.19996062780167617,0.014533755028856406,1,-54.42483286453682
30.625,0.2006145,-0.38023560000000006,9.7417224,0.05339525553286428,0,-0.20976320247747626,0.014914928807299253,1,-54.42459727506613
30.64,0.1212516,-0.3936753,9.7507476,0.05032189446200164,0,-0.20489073805750196,0.015192807432260775,1,-54.42437146704433
30.656,0.1212516,-0.3936753,9.7507476,0.04732349341725772,0,-0.18740006529651532,0.015473970535294763,1,-54.42412613282059
30.671,0.1212516,-0.3771945,9.7387794,0.044090681991759695,0,-0.21552076169986034,0.015659576850862417,1,-54.423892631215196
30.687,0.1466595,-0.3771945,9.746235,0.0411269235947902,0,-0.18523489981057276,0.015841317695554892,1,-54.42364062405883
30.703,0.1257642,-0.39818790000000004,9.746235,0.03824868552787386,0,-0.179889879182291,0.015976322568536136,1,-54.423386082936716
30.718,0.1257642,-0.40417200000000003,9.747706500000001,0.035482507080892844,0,-0.18441189646539408,0.01602930651310191,1,-54.423146040718606
30.734,0.1631403,-0.40417200000000003,9.8196138,0.03454939135366253,0,-0.05831973295188821,0.01608956170057841,1,-54.422889089772895
30.75,0.21101310000000004,-0.4235958000000001,9.891423,0.03543063037139227,0,0.05507743860811483,0.016149401874378792,1,-54.42263117806429
30.765,0.21101310000000004,-0.4235958000000001,9.891423,0.03629037575454319,0,0.05731635887672601,0.01618730942032333,1,-54.42238865272958
30.781,0.2080701,-0.4056435,9.855518400000001,0.03623450924805027,0,-0.0034916566558078027,0.01626750850034401,1,-54.42212901418622
30.796,0.20954160000000002,-0.4056435,9.9243846,0.037858641327593645,0,0.10827547196955405,0.016323207129661357,1,-54.42188458381899
30.812,0.20954160000000002,-0.4056435,9.9243846,0.039443160429588175,0,0.09903244387464706,0.016441621543718886,1,-54.42162246518961
30.828,0.23200650000000003,-0.3712104,9.9243846,0.040968372735605385,0,0.0953257691260861,0.016584913809040362,1,-54.421358252906785
30.843,0.17069399999999998,-0.3771945,9.8495343,0.04060755245329695,0,-0.02405468548722831,0.016696733247957153,1,-54.42110864055386
30.859,0.17069399999999998,-0.3771945,9.8495343,0.04025553266567883,0,-0.022001236726129948,0.016843637928909028,1,-54.42084031758444
30.875,0.21258269999999999,-0.3427614,9.8495343,0.039901292421491874,0,-0.02214001526168707,0.016984892529606326,1,-54.42056968934077
30.89,0.21258269999999999,-0.3771945,9.8764137,0.04024132277969095,0,0.022668690546603986,0.01708596214361522,1,-54.420314157930726
30.906,0.18864630000000002,-0.41908320000000004,9.800091900000002,0.03874287743333227,0,-0.09365283414742774,0.017217835745319335,1,-54.42003972754762
30.921,0.19011780000000003,-0.44154810000000005,9.8689581,0.03898336383148049,0,0.016032426543214115,0.017300782554805452,1,-54.419780837910366
30.937,0.19011780000000003,-0.40417200000000003,9.7851807,0.03713772367953716,0,-0.11535250949644513,0.017409751254893663,1,-54.41950315363989
30.953,0.1392039,-0.40417200000000003,9.774684,0.035060450578423996,0,-0.12982956881958704,0.017487336648957283,1,-54.41922397693666
30.968,0.1392039,-0.40417200000000003,9.774684,0.033033842674898395,0,-0.1351071935683683,0.017498043848357223,1,-54.418961586582924
31.0,0.1437165,-0.3847482,9.7387794,0.030164207732635617,0,-0.08967609194571172,0.018009212654877767,1,-54.418393470478875
31.015,0.21258269999999999,-0.3847482,9.818044200000001,0.029326597717927783,0,-0.05584066764718686,0.017955393695757008,1,-54.418123735931246
31.031,0.1796211,-0.37572300000000003,9.818044200000001,0.0284848578109127,0,-0.05260874418844843,0.01791788533998768,1,-54.417836749698964
31.046,0.1796211,-0.37425150000000007,9.7791966,0.02671562532170313,0,-0.11794883261396695,0.017831888963482312,1,-54.417568626391684
31.062,0.17510850000000003,-0.40113090000000007,9.8524773,0.026799076501985652,0,0.005215698767657122,0.01776000657807187,1,-54.41728389122735
31.078,0.2274939,-0.40113090000000007,9.8136297,0.02596010819786443,0,-0.052435519007582254,0.017682080055670624,1,-54.41700035453428
31.093,0.19610190000000002,-0.3847482,9.8136297,0.025109112548765466,0,-0.056733043273262,0.017565099211270363,1,-54.41673600068978
31.109,0.19610190000000002,-0.4027005000000001,9.8255979,0.024588026430821586,0,-0.03256788237148891,0.0174626763231071,1,-54.416455778485506
31.125,0.1781496,-0.4027005000000001,9.827069400000001,0.024107173558382655,0,-0.030053304527436465,0.017352237923020694,1,-54.41617725917154
31.14,0.173637,-0.3487455,9.827069400000001,0.023585811201725093,0,-0.03475749044383615,0.017209935308721516,1,-54.4159180428723
31.156,0.173637,-0.40113090000000007,9.8734707,0.02425649680234443,0,0.04191785003871313,0.01709267377275403,1,-54.41564362199965
31.171,0.1915893,-0.40113090000000007,9.848062800000001,0.02429983842852046,0,0.0028894417450685567,0.01695684628698553,1,-54.4153882505992
31.187,0.21258269999999999,-0.39671639999999997,9.848062800000001,0.024348262240033947,0,0.00302648821959261,0.016846031092334006,1,-54.41511782758017
