timestamps,aAcc,aJerk,aVelocity,aHeight,jerks_direction,accelerations_direction,velocities_direction,heights_direction,start_jerks,start_accelerations,start_velocities,start_heights,actual_timestamps
0.0,0.0,0.0,0.0,0.0,up,down,down,down,0.0120608580796028,0.0061375155891436,0.0,3.1036906402892465e-05,4.515
0.016000000000000014,0.0,0.0325487441309596,0.0,0.0,up,down,down,down,0.0120608580796028,0.0061375155891436,0.0,3.1036906402892465e-05,4.531
0.0470000000000006,0.0,0.0572892917994426,0.0,0.0,up,down,down,down,0.0120608580796028,0.0061375155891436,0.0,3.1036906402892465e-05,4.562
0.06300000000000061,0.0,0.0,0.0,0.0,up,down,down,down,0.0120608580796028,0.0061375155891436,0.0,3.1036906402892465e-05,4.578
0.07800000000000029,0.0,0.0256350387488173,0.0,0.0,up,down,down,down,0.0120608580796028,0.0061375155891436,0.0,3.1036906402892465e-05,4.593
0.0940000000000003,0.0,0.0128352016853944,0.0,0.0,up,down,down,down,0.0120608580796028,0.0061375155891436,0.0,3.1036906402892465e-05,4.609
0.11000000000000032,0.0,0.010998958606915401,0.0,0.0,up,down,down,down,0.0120608580796028,0.0061375155891436,0.0,3.1036906402892465e-05,4.625
0.125,0.0,0.08987022318341731,0.0,0.0,up,down,down,down,0.0120608580796028,0.0061375155891436,0.0,3.1036906402892465e-05,4.64
0.14100000000000001,0.0,0.018162218719071498,0.0,0.0,up,down,down,down,0.0120608580796028,0.0061375155891436,0.0,3.1036906402892465e-05,4.656
0.15700000000000003,0.0,0.0165200829782402,0.0,0.0,up,down,down,down,0.0120608580796028,0.0061375155891436,0.0,3.1036906402892465e-05,4.672
0.1720000000000006,0.0,0.1022610187115178,0.0,0.0,up,down,down,down,0.0120608580796028,0.0061375155891436,0.0,3.1036906402892465e-05,4.687
0.1880000000000006,0.0,0.022361321509885502,0.0,0.0,up,down,down,down,0.0120608580796028,0.0061375155891436,0.0,3.1036906402892465e-05,4.703
0.2030000000000003,0.0,0.0214944643614013,0.0,0.0,up,down,down,down,0.0120608580796028,0.0061375155891436,0.0,3.1036906402892465e-05,4.718
0.2190000000000003,0.0,0.011667344728698101,0.0,0.0,up,down,down,down,0.0120608580796028,0.0061375155891436,0.0,3.1036906402892465e-05,4.734
0.23500000000000032,0.0,0.054241869222885694,0.0,0.0,up,down,down,down,0.0120608580796028,0.0061375155891436,0.0,3.1036906402892465e-05,4.75
0.266,0.0,0.0,0.0,0.0,up,down,down,down,0.0120608580796028,0.0061375155891436,0.0,3.1036906402892465e-05,4.781
0.28200000000000003,0.0,0.0,0.0,0.0,up,down,down,down,0.0120608580796028,0.0061375155891436,0.0,3.1036906402892465e-05,4.797
0.2970000000000006,0.0,0.0134147715942372,0.0,0.0,up,down,down,down,0.0120608580796028,0.0061375155891436,0.0,3.1036906402892465e-05,4.812
0.3130000000000006,0.0,0.013874209843238101,0.0,0.0,up,down,down,down,0.0120608580796028,0.0061375155891436,0.0,3.1036906402892465e-05,4.828
0.3280000000000003,0.0,0.030929358708913002,0.0,0.0,up,down,down,down,0.0120608580796028,0.0061375155891436,0.0,3.1036906402892465e-05,4.843
0.3440000000000003,0.0,0.04606800971475421,0.0,0.0,up,down,down,down,0.0120608580796028,0.0061375155891436,0.0,3.1036906402892465e-05,4.859
0.375,0.0,0.0279936939567391,0.0,0.0,up,down,down,down,0.0120608580796028,0.0061375155891436,0.0,3.1036906402892465e-05,4.89
0.391,0.0,0.0,0.0,0.0,up,down,down,down,0.0120608580796028,0.0061375155891436,0.0,3.1036906402892465e-05,4.906
0.40700000000000003,0.0,0.014023397904890298,0.0,0.0,up,down,down,down,0.0120608580796028,0.0061375155891436,0.0,3.1036906402892465e-05,4.922
0.4220000000000006,0.0,0.016474990486751502,0.0,0.0,up,down,down,down,0.0120608580796028,0.0061375155891436,0.0,3.1036906402892465e-05,4.937
0.4380000000000006,0.0,0.0165734726226424,0.0,0.0,up,down,down,down,0.0120608580796028,0.0061375155891436,0.0,3.1036906402892465e-05,4.953
0.4530000000000003,0.0,0.0420478305657694,0.0,0.0,up,down,down,down,0.0120608580796028,0.0061375155891436,0.0,3.1036906402892465e-05,4.968
0.4690000000000003,0.0,0.0281313467065541,0.0,0.0,up,down,down,down,0.0120608580796028,0.0061375155891436,0.0,3.1036906402892465e-05,4.984
0.4850000000000003,0.0,0.0300616443203044,0.0,0.0,up,down,down,down,0.0120608580796028,0.0061375155891436,0.0,3.1036906402892465e-05,5.0
0.5,0.0,0.0509516790806695,0.0,0.0,up,down,down,down,0.0120608580796028,0.0061375155891436,0.0,3.1036906402892465e-05,5.015
0.516,0.0,0.046634837465157605,0.0,0.0,up,down,down,down,0.0120608580796028,0.0061375155891436,0.0,3.1036906402892465e-05,5.031
0.532,0.0,0.0,0.0,0.0,up,down,down,down,0.0120608580796028,0.0061375155891436,0.0,3.1036906402892465e-05,5.047
0.5630000000000006,0.0,0.0268083923441217,0.0,0.0,up,down,down,down,0.0120608580796028,0.0061375155891436,0.0,3.1036906402892465e-05,5.078
0.5780000000000003,0.0,0.1025801674456301,0.0,0.0,up,down,down,down,0.0120608580796028,0.0061375155891436,0.0,3.1036906402892465e-05,5.093
0.5940000000000003,0.0,0.0966940276385813,0.0,0.0,up,down,down,down,0.0120608580796028,0.0061375155891436,0.0,3.1036906402892465e-05,5.109
0.6100000000000003,0.0,0.0,0.0,0.0,up,down,down,down,0.0120608580796028,0.0061375155891436,0.0,3.1036906402892465e-05,5.125
0.625,0.0,0.0249560084416349,0.0,0.0,up,down,down,down,0.0120608580796028,0.0061375155891436,0.0,3.1036906402892465e-05,5.14
0.641,0.0,0.0245413613131501,0.0,0.0,up,down,down,down,0.0120608580796028,0.0061375155891436,0.0,3.1036906402892465e-05,5.156
0.657,0.0,0.024082748091861998,0.0,0.0,up,down,down,down,0.0120608580796028,0.0061375155891436,0.0,3.1036906402892465e-05,5.172
0.6720000000000006,0.0,0.0752525617218184,0.0,0.0,up,down,down,down,0.0120608580796028,0.0061375155891436,0.0,3.1036906402892465e-05,5.187
0.6880000000000006,-0.010617316637872999,0.0696268436217878,0.0,0.0,up,down,down,down,0.0120608580796028,0.0061375155891436,0.0,3.1036906402892465e-05,5.203
0.7030000000000003,-0.010830567200389999,0.026277562247401402,0.0,0.0,up,down,down,down,0.0120608580796028,0.0061375155891436,0.0,3.1036906402892465e-05,5.218
0.7190000000000003,0.0,0.046135921462727006,0.0,0.0,up,down,down,down,0.0120608580796028,0.0061375155891436,0.0,3.1036906402892465e-05,5.234
0.7350000000000003,0.0,0.029177804783715896,0.0,0.0,up,down,down,down,0.0120608580796028,0.0061375155891436,0.0,3.1036906402892465e-05,5.25
0.75,0.0,0.0313754903153558,0.0,0.0,up,down,down,down,0.0120608580796028,0.0061375155891436,0.0,3.1036906402892465e-05,5.265
0.782,0.0,0.0314636279428332,0.0,0.0,up,down,down,down,0.0120608580796028,0.0061375155891436,0.0,3.1036906402892465e-05,5.297
0.7970000000000006,0.0,0.0537312915364874,0.0,0.0,up,down,down,down,0.0120608580796028,0.0061375155891436,0.0,3.1036906402892465e-05,5.312
0.8130000000000006,-0.0102250122792887,0.0364991234444039,0.0,0.0,up,down,down,down,0.0120608580796028,0.0061375155891436,0.0,3.1036906402892465e-05,5.328
0.8280000000000003,-0.0107806625848407,0.0491042117830659,0.0,0.0,up,down,down,down,0.0120608580796028,0.0061375155891436,0.0,3.1036906402892465e-05,5.343
0.8440000000000003,-0.0112850536774917,0.043585301370289695,0.0,0.0,up,down,down,down,0.0120608580796028,0.0061375155891436,0.0,3.1036906402892465e-05,5.359
0.8600000000000003,-0.0115037298157289,0.0257281167194295,0.0,0.0,up,down,down,down,0.0120608580796028,0.0061375155891436,0.0,3.1036906402892465e-05,5.375
0.875,-0.0113303631599758,0.0,0.0,0.0,up,down,down,down,0.0120608580796028,0.0061375155891436,0.0,3.1036906402892465e-05,5.39
0.891,-0.0116823570858279,0.0340604784453563,0.0,0.0,up,down,down,down,0.0120608580796028,0.0061375155891436,0.0,3.1036906402892465e-05,5.406
0.907,-0.0120006634327668,0.031955004763288206,0.0,0.0,up,down,down,down,0.0120608580796028,0.0061375155891436,0.0,3.1036906402892465e-05,5.422
0.9220000000000006,-0.012147730543888999,0.021865332154409903,0.0,0.0,up,down,down,down,0.0120608580796028,0.0061375155891436,0.0,3.1036906402892465e-05,5.437
0.9530000000000003,-0.0128488587944878,0.034677898421502,0.0,0.0,up,down,down,down,0.0120608580796028,0.0061375155891436,0.0,3.1036906402892465e-05,5.468
0.9690000000000003,-0.0134774822487208,0.051349823969163905,0.0,0.0,up,down,down,down,0.0120608580796028,0.0061375155891436,0.0,3.1036906402892465e-05,5.484
0.9850000000000003,-0.0128279483731591,0.028535009143000802,0.0,0.0,up,down,down,down,0.0120608580796028,0.0061375155891436,0.0,3.1036906402892465e-05,5.5
1.0,-0.0127325904186842,0.0,0.0,0.0,up,down,down,down,0.0120608580796028,0.0061375155891436,0.0,3.1036906402892465e-05,5.515
1.016,-0.0126244712865285,0.0,0.0,0.0,up,down,down,down,0.0120608580796028,0.0061375155891436,0.0,3.1036906402892465e-05,5.531
1.032,-0.011124987883380899,0.0816568546171252,0.0,0.0,up,down,down,down,0.0120608580796028,0.0061375155891436,0.0,3.1036906402892465e-05,5.547
1.0470000000000006,-0.0114653214077015,0.0347497597009761,0.0,0.0,up,down,down,down,0.0120608580796028,0.0061375155891436,0.0,3.1036906402892465e-05,5.562
1.0630000000000006,-0.010340565585924,0.0582363807814916,0.0,0.0,up,down,down,down,0.0120608580796028,0.0061375155891436,0.0,3.1036906402892465e-05,5.578
1.0780000000000003,-0.0112303075146513,0.07137698666142141,0.0,0.0,up,down,down,down,0.0120608580796028,0.0061375155891436,0.0,3.1036906402892465e-05,5.593
1.0940000000000003,-0.0100378158470383,0.062469871146205,0.0,0.0,up,down,down,down,0.0120608580796028,0.0061375155891436,0.0,3.1036906402892465e-05,5.609
1.1100000000000003,0.0,0.061359875385343196,0.0,0.0,up,down,down,down,0.0120608580796028,0.0061375155891436,0.0,3.1036906402892465e-05,5.625
1.141,0.0,0.0113937486436382,0.0,0.0,up,down,down,down,0.0120608580796028,0.0061375155891436,0.0,3.1036906402892465e-05,5.656
1.157,-0.010428460890242401,0.11118943127698501,0.0,0.0,up,down,down,down,0.0120608580796028,0.0061375155891436,0.0,3.1036906402892465e-05,5.672
1.1720000000000006,-0.0119823615144233,0.1156542330249939,0.0,0.0,up,down,down,down,0.0120608580796028,0.0061375155891436,0.0,3.1036906402892465e-05,5.687
1.1880000000000006,-0.0110431061967445,0.046642599275322105,0.0,0.0,up,down,down,down,0.0120608580796028,0.0061375155891436,0.0,3.1036906402892465e-05,5.703
1.2030000000000003,-0.0100159197970856,0.056418235230994,0.0,0.0,up,down,down,down,0.0120608580796028,0.0061375155891436,0.0,3.1036906402892465e-05,5.718
1.2190000000000003,0.0,0.049752824736611204,0.0,0.0,up,down,down,down,0.0120608580796028,0.0061375155891436,0.0,3.1036906402892465e-05,5.734
1.25,0.0,0.010359837048389301,0.0,0.0,up,down,down,down,0.0120608580796028,0.0061375155891436,0.0,3.1036906402892465e-05,5.765
1.266,0.0,0.0416496386861214,0.0,0.0,up,down,down,down,0.0120608580796028,0.0061375155891436,0.0,3.1036906402892465e-05,5.781
1.282,0.0,0.041582561886007105,0.0,0.0,up,down,down,down,0.0120608580796028,0.0061375155891436,0.0,3.1036906402892465e-05,5.797
1.2970000000000006,0.0,0.0798694645564974,0.0,0.0,up,down,down,down,0.0120608580796028,0.0061375155891436,0.0,3.1036906402892465e-05,5.812
1.3130000000000006,0.0,0.048892864281239706,0.0,0.0,up,down,down,down,0.0120608580796028,0.0061375155891436,0.0,3.1036906402892465e-05,5.828
1.3280000000000003,0.0,0.0524330280999418,0.0,0.0,up,down,down,down,0.0120608580796028,0.0061375155891436,0.0,3.1036906402892465e-05,5.843
1.3440000000000003,0.0,0.0,0.0,0.0,up,down,down,down,0.0120608580796028,0.0061375155891436,0.0,3.1036906402892465e-05,5.859
1.3600000000000003,0.0,0.0439487216075268,0.0,0.0,up,down,down,down,0.0120608580796028,0.0061375155891436,0.0,3.1036906402892465e-05,5.875
1.391,-0.010718562739507099,0.039575781943859606,0.0,0.0,up,down,down,down,0.0120608580796028,0.0061375155891436,0.0,3.1036906402892465e-05,5.906
1.407,0.0,0.033302404527686805,0.0,0.0,up,down,down,down,0.0120608580796028,0.0061375155891436,0.0,3.1036906402892465e-05,5.922
1.4220000000000006,-0.0106265144893881,0.054311788186110696,0.0,0.0,up,down,down,down,0.0120608580796028,0.0061375155891436,0.0,3.1036906402892465e-05,5.937
1.4380000000000006,-0.011234935394419599,0.0500871646440675,0.0,0.0,up,down,down,down,0.0120608580796028,0.0061375155891436,0.0,3.1036906402892465e-05,5.953
1.4530000000000003,-0.0136442031850342,0.1726787107872513,0.0,0.0,up,down,down,down,0.0120608580796028,0.0061375155891436,0.0,3.1036906402892465e-05,5.968
1.4690000000000003,-0.0155101326076873,0.1286814469954194,0.0,0.0,up,down,down,down,0.0120608580796028,0.0061375155891436,0.0,3.1036906402892465e-05,5.984
1.4850000000000003,-0.0173231940866446,0.1253772005144353,0.0,0.0,up,down,down,down,0.0120608580796028,0.0061375155891436,0.0,3.1036906402892465e-05,6.0
1.5,-0.019903588199939502,0.1840871322992674,0.0,0.0,up,down,down,down,0.0120608580796028,0.0061375155891436,0.0,3.1036906402892465e-05,6.015
1.516,-0.0234063142001427,0.2309812330923015,0.0,0.0,up,down,down,down,0.0120608580796028,0.0061375155891436,0.0,3.1036906402892465e-05,6.031
1.532,-0.025606748218747102,0.1495879842423757,0.0,0.0,up,down,down,down,0.0120608580796028,0.0061375155891436,0.0,3.1036906402892465e-05,6.047
1.5470000000000006,-0.027734508060985798,0.1539115142288423,0.0,0.0,up,down,down,down,0.0120608580796028,0.0061375155891436,0.0,3.1036906402892465e-05,6.062
1.5630000000000006,-0.0304592514375591,0.1823573191154375,0.0,0.0,up,down,down,down,0.0120608580796028,0.0061375155891436,0.0,3.1036906402892465e-05,6.078
1.5780000000000003,-0.0336497854115762,0.22476312301407592,0.0,0.0,up,down,down,down,0.0120608580796028,0.0061375155891436,0.0,3.1036906402892465e-05,6.093
1.5940000000000003,-0.0367687265257145,0.20699467771324961,0.0,0.0,up,down,down,down,0.0120608580796028,0.0061375155891436,0.0,3.1036906402892465e-05,6.109
1.6100000000000003,-0.039828168194317,0.203275962367259,0.0,0.0,up,down,down,down,0.0120608580796028,0.0061375155891436,0.0,3.1036906402892465e-05,6.125
1.625,-0.043184008858416195,0.2357835690195555,0.0,0.0,up,down,down,down,0.0120608580796028,0.0061375155891436,0.0,3.1036906402892465e-05,6.14
1.641,-0.046439325305101295,0.2155181359974204,0.0,0.0,up,down,down,down,0.0120608580796028,0.0061375155891436,0.0,3.1036906402892465e-05,6.156
1.657,-0.051736149530638396,0.3431123721756726,0.0,0.0,up,down,down,down,0.0120608580796028,0.0061375155891436,0.0,3.1036906402892465e-05,6.172
1.6880000000000006,-0.056333457176556495,0.16036110472211731,0.0,0.0,up,down,down,down,0.0120608580796028,0.0061375155891436,0.0,3.1036906402892465e-05,6.203
1.7030000000000003,-0.0607550097970239,0.3068310327774354,0.0,0.0,up,down,down,down,0.0120608580796028,0.0061375155891436,0.0,3.1036906402892465e-05,6.218
1.7190000000000003,-0.0650653554887536,0.2814574638127102,0.0,0.0,up,down,down,down,0.0120608580796028,0.0061375155891436,0.0,3.1036906402892465e-05,6.234
1.7350000000000003,-0.07131874206793211,0.4028975192782593,0.0,0.0,up,down,down,down,0.0120608580796028,0.0061375155891436,0.0,3.1036906402892465e-05,6.25
1.75,-0.0786500289643789,0.5008133178427331,0.0,0.0,up,down,down,down,0.0120608580796028,0.0061375155891436,0.0,3.1036906402892465e-05,6.265
1.766,-0.08575486513192121,0.4561131185509972,0.0,0.0,up,down,down,down,0.0120608580796028,0.0061375155891436,0.0,3.1036906402892465e-05,6.281
1.782,-0.09027788192133271,0.29474940741781946,0.0,0.0,up,down,down,down,0.0120608580796028,0.0061375155891436,0.0,3.1036906402892465e-05,6.297
1.7970000000000006,-0.0955123042980438,0.36102234986033105,0.0,0.0,up,down,down,down,0.0120608580796028,0.0061375155891436,0.0,3.1036906402892465e-05,6.312
1.8130000000000006,-0.1021566239331103,0.4273308352712592,0.0,0.0,up,down,down,down,0.0120608580796028,0.0061375155891436,0.0,3.1036906402892465e-05,6.328
1.8280000000000003,-0.1075726415222053,0.37312869735260606,0.011368426982649,0.0,up,down,down,down,0.0120608580796028,0.0061375155891436,0.0,3.1036906402892465e-05,6.343
1.8440000000000003,-0.11304426702009521,0.35403745169772316,0.0130351620015611,0.0,up,down,down,down,0.0120608580796028,0.0061375155891436,0.0,3.1036906402892465e-05,6.359
1.8600000000000003,-0.1183852852481148,0.3458744973308261,0.0147883981702805,0.0,up,down,down,down,0.0120608580796028,0.0061375155891436,0.0,3.1036906402892465e-05,6.375
1.891,-0.1239634250587151,0.1920008519699365,0.0183545401967729,0.0,up,down,down,down,0.0120608580796028,0.0061375155891436,0.0,3.1036906402892465e-05,6.406
1.907,-0.1294191132231236,0.3530413683551373,0.0202834002536013,0.0,up,down,down,down,0.0120608580796028,0.0061375155891436,0.0,3.1036906402892465e-05,6.422
1.9220000000000006,-0.13474344725036672,0.3670164598957948,0.0221725567233154,0.0,up,down,down,down,0.0120608580796028,0.0061375155891436,0.0,3.1036906402892465e-05,6.437
1.9380000000000006,-0.1390517386528191,0.28132907073287555,0.0242647179611146,0.0,up,down,down,down,0.0120608580796028,0.0061375155891436,0.0,3.1036906402892465e-05,6.453
1.9530000000000003,-0.1452677771605106,0.42646342525904357,0.0263050515958774,0.0,up,down,down,down,0.0120608580796028,0.0061375155891436,0.0,3.1036906402892465e-05,6.468
1.9690000000000003,-0.1518810107100527,0.42538795492598547,0.0285840416494156,0.0,up,down,down,down,0.0120608580796028,0.0061375155891436,0.0,3.1036906402892465e-05,6.484
1.9850000000000003,-0.1583210708315049,0.4145646156703688,0.0309674580523217,0.0,up,down,down,down,0.0120608580796028,0.0061375155891436,0.0,3.1036906402892465e-05,6.5
2.0,-0.1659757289632199,0.5223714001939439,0.033307621316945,0.0,up,down,down,down,0.0120608580796028,0.0061375155891436,0.0,3.1036906402892465e-05,6.515
2.032,-0.1717935554838802,0.1938679368502376,0.038515529369246,0.0,up,down,down,down,0.0120608580796028,0.0061375155891436,0.0,3.1036906402892465e-05,6.547
2.0470000000000006,-0.1778448164359786,0.4154782548861477,0.0410457544248079,0.0,up,down,down,down,0.0120608580796028,0.0061375155891436,0.0,3.1036906402892465e-05,6.562
2.0630000000000006,-0.1845066174466615,0.428423421247285,0.0438463656464427,0.0,up,down,down,down,0.0120608580796028,0.0061375155891436,0.0,3.1036906402892465e-05,6.578
2.0780000000000003,-0.19101021852440592,0.4456342632625715,0.0465706791823885,0.0,up,down,down,down,0.0120608580796028,0.0061375155891436,0.0,3.1036906402892465e-05,6.593
2.0940000000000003,-0.1972190455807857,0.400112549103341,0.0495783130458037,0.0,up,down,down,down,0.0120608580796028,0.0061375155891436,0.0,3.1036906402892465e-05,6.609
2.1100000000000003,-0.2051119756856784,0.5053689896353942,0.0526987609665091,0.0,up,down,down,down,0.0120608580796028,0.0061375155891436,0.0,3.1036906402892465e-05,6.625
2.125,-0.2129449929269408,0.5342620074971071,0.0557421254972666,0.010033963619548092,up,down,down,down,0.0120608580796028,0.0061375155891436,0.0,3.1036906402892465e-05,6.64
2.157,-0.2204495285245026,0.2465775955034092,0.0624800373416371,0.011925518224970592,up,down,down,down,0.0120608580796028,0.0061375155891436,0.0,3.1036906402892465e-05,6.672
2.1720000000000006,-0.2301051976526639,0.6557721332903312,0.0657671350541288,0.012887372017938891,up,down,down,down,0.0120608580796028,0.0061375155891436,0.0,3.1036906402892465e-05,6.687
2.1880000000000006,-0.2395147459645911,0.600157627575052,0.0694258943536405,0.013968916253200991,up,down,down,down,0.0120608580796028,0.0061375155891436,0.0,3.1036906402892465e-05,6.703
2.2030000000000003,-0.2480442421017467,0.5806939338899876,0.0729905240303008,0.015037039391080592,up,down,down,down,0.0120608580796028,0.0061375155891436,0.0,3.1036906402892465e-05,6.718
2.2190000000000003,-0.2560874850298091,0.5147635410834995,0.076925377597927,0.016236366604106392,up,down,down,down,0.0120608580796028,0.0061375155891436,0.0,3.1036906402892465e-05,6.734
2.2350000000000003,-0.2639274632311412,0.5020594956628578,0.0809872969345883,0.01749966800036649,up,down,down,down,0.0120608580796028,0.0061375155891436,0.0,3.1036906402892465e-05,6.75
2.266,-0.2725571167915851,0.29043677938425017,0.089112544941677,0.020136215549448593,up,down,down,down,0.0120608580796028,0.0061375155891436,0.0,3.1036906402892465e-05,6.781
2.282,-0.2798284400870869,0.4665185640484605,0.0934334291472801,0.02159658334216019,up,down,down,down,0.0120608580796028,0.0061375155891436,0.0,3.1036906402892465e-05,6.797
2.2970000000000006,-0.2874526385195661,0.5203407535781962,0.097595974502993,0.02302930386953739,up,down,down,down,0.0120608580796028,0.0061375155891436,0.0,3.1036906402892465e-05,6.812
2.3130000000000006,-0.2950362607332816,0.48603724643682467,0.1021576854475895,0.02462733314914199,up,down,down,down,0.0120608580796028,0.0061375155891436,0.0,3.1036906402892465e-05,6.828
2.3280000000000003,-0.3014508834081901,0.4397023697401748,0.1065392762948133,0.02619256036220999,up,down,down,down,0.0120608580796028,0.0061375155891436,0.0,3.1036906402892465e-05,6.843
2.3600000000000003,-0.3077322562771591,0.2083537602348843,0.1160898060309263,0.029754625679421793,up,down,down,down,0.0120608580796028,0.0061375155891436,0.0,3.1036906402892465e-05,6.875
2.375,-0.314193332184601,0.4427992519090745,0.1206621852105523,0.03153026561373289,up,down,down,down,0.0120608580796028,0.0061375155891436,0.0,3.1036906402892465e-05,6.89
2.391,-0.320875590646139,0.429702011925729,0.1256445363437719,0.03350071938616749,up,down,down,down,0.0120608580796028,0.0061375155891436,0.0,3.1036906402892465e-05,6.906
2.407,-0.3284500138364911,0.4854623074766063,0.1307409409302066,0.03555180320435929,up,down,down,down,0.0120608580796028,0.0061375155891436,0.0,3.1036906402892465e-05,6.922
2.4220000000000006,-0.3346081838529037,0.422605525840428,0.1356218146790401,0.037549523871428694,up,down,down,down,0.0120608580796028,0.0061375155891436,0.0,3.1036906402892465e-05,6.937
2.4380000000000006,-0.340120872305098,0.3566038863417478,0.1409214468788779,0.039761869963892096,up,down,down,down,0.0120608580796028,0.0061375155891436,0.0,3.1036906402892465e-05,6.953
2.4530000000000003,-0.3455464111390326,0.37376344700858355,0.1459718887708716,0.0419135699812652,up,down,down,down,0.0120608580796028,0.0061375155891436,0.0,3.1036906402892465e-05,6.968
2.4690000000000003,-0.352437724514365,0.44276794403787306,0.1514575616066725,0.0442930055842855,up,down,down,down,0.0120608580796028,0.0061375155891436,0.0,3.1036906402892465e-05,6.984
2.4850000000000003,-0.3581584300727626,0.36960495547945577,0.1570441305939432,0.0467610191218905,up,down,down,down,0.0120608580796028,0.0061375155891436,0.0,3.1036906402892465e-05,7.0
2.5,-0.3637207062232831,0.3828792681143118,0.1623661613823263,0.049156596311712396,up,down,down,down,0.0120608580796028,0.0061375155891436,0.0,3.1036906402892465e-05,7.015
2.516,-0.36918183320393533,0.3533812943703621,0.1681311814483177,0.051800575054357596,up,down,down,down,0.0120608580796028,0.0061375155891436,0.0,3.1036906402892465e-05,7.031
2.532,-0.3730578499075391,0.2543119020548415,0.1739708986637832,0.05453739169525439,up,down,down,down,0.0120608580796028,0.0061375155891436,0.0,3.1036906402892465e-05,7.047
2.5470000000000006,-0.3768330136126536,0.26373843842055567,0.1795030174063477,0.057188446065780496,up,down,down,down,0.0120608580796028,0.0061375155891436,0.0,3.1036906402892465e-05,7.062
2.5780000000000003,-0.3817503403299564,0.1706843005732439,0.1910707964091946,0.06293234017992129,up,down,down,down,0.0120608580796028,0.0061375155891436,0.0,3.1036906402892465e-05,7.093
2.6100000000000003,-0.3876999512176606,0.1979861983203583,0.2031856005751039,0.0692404425316701,up,down,down,down,0.0120608580796028,0.0061375155891436,0.0,3.1036906402892465e-05,7.125
2.625,-0.3935103313358787,0.39941953262748475,0.2089526149604182,0.0723314791481865,up,down,down,down,0.0120608580796028,0.0061375155891436,0.0,3.1036906402892465e-05,7.14
2.641,-0.4003898366193965,0.4420299382994632,0.2152056160546341,0.0757247449963069,up,down,down,down,0.0120608580796028,0.0061375155891436,0.0,3.1036906402892465e-05,7.156
2.657,-0.4062928355886068,0.3809982936552472,0.2215608771828718,0.07921887694220689,up,down,down,down,0.0120608580796028,0.0061375155891436,0.0,3.1036906402892465e-05,7.172
2.6720000000000006,-0.4120798244378906,0.39786011469851207,0.2276066093992337,0.0825876330915729,up,down,down,down,0.0120608580796028,0.0061375155891436,0.0,3.1036906402892465e-05,7.187
2.6880000000000006,-0.4162470380065883,0.27251170612320547,0.2341350240493632,0.08628156615916159,up,down,down,down,0.0120608580796028,0.0061375155891436,0.0,3.1036906402892465e-05,7.203
2.7030000000000003,-0.4208939315185755,0.32185375887875706,0.2403215185869646,0.08983999022893399,up,down,down,down,0.0120608580796028,0.0061375155891436,0.0,3.1036906402892465e-05,7.218
2.7190000000000003,-0.4253634513573274,0.29140584800159497,0.2469933774005456,0.09373850939683409,up,down,down,down,0.0120608580796028,0.0061375155891436,0.0,3.1036906402892465e-05,7.234
2.7350000000000003,-0.4284623429608309,0.2057415832985724,0.2537257835056645,0.0977442626840838,up,down,down,down,0.0120608580796028,0.0061375155891436,0.0,3.1036906402892465e-05,7.25
2.75,-0.4323560480299643,0.27164119602183806,0.2600898587042582,0.1015978800006581,up,down,down,down,0.0120608580796028,0.0061375155891436,0.0,3.1036906402892465e-05,7.265
2.766,-0.4376148222934012,0.34073424954440906,0.2669514254174189,0.1058142102736316,up,down,down,down,0.0120608580796028,0.0061375155891436,0.0,3.1036906402892465e-05,7.281
2.782,-0.4427263367221918,0.3315305098790114,0.2738959544401173,0.1101409893124919,up,down,down,down,0.0120608580796028,0.0061375155891436,0.0,3.1036906402892465e-05,7.297
2.7970000000000006,-0.4465425959921968,0.26647814274659726,0.2804734087016383,0.1142987595360552,up,down,down,down,0.0120608580796028,0.0061375155891436,0.0,3.1036906402892465e-05,7.312
2.8280000000000003,-0.4511042679790726,0.1592115673336603,0.2941966721099294,0.1232061457886344,up,down,down,down,0.0120608580796028,0.0061375155891436,0.0,3.1036906402892465e-05,7.343
2.8440000000000003,-0.4540786360141879,0.19795886027430912,0.3013399350924492,0.12797043864625338,up,down,down,down,0.0120608580796028,0.0061375155891436,0.0,3.1036906402892465e-05,7.359
2.8600000000000003,-0.456346620841046,0.1538099097582328,0.3085251368978648,0.13284935922217597,up,down,down,down,0.0120608580796028,0.0061375155891436,0.0,3.1036906402892465e-05,7.375
2.875,-0.4586082255768157,0.1628345071309227,0.3152952355121615,0.13752801201525108,up,down,down,down,0.0120608580796028,0.0061375155891436,0.0,3.1036906402892465e-05,7.39
2.907,-0.4616098388432216,0.10586127265478741,0.3298223240440295,0.14784989296815007,up,down,down,down,0.0120608580796028,0.0061375155891436,0.0,3.1036906402892465e-05,7.422
2.9220000000000006,-0.4641677569681998,0.1825887330781421,0.3366735932787782,0.15284861234807137,up,down,down,down,0.0120608580796028,0.0061375155891436,0.0,3.1036906402892465e-05,7.437
2.9380000000000006,-0.4681322797391657,0.259843531264973,0.3440337933230109,0.15829427144088568,up,down,down,down,0.0120608580796028,0.0061375155891436,0.0,3.1036906402892465e-05,7.453
2.9530000000000003,-0.4712063343043517,0.2169978290920036,0.3509867701945,0.16350692566726688,up,down,down,down,0.0120608580796028,0.0061375155891436,0.0,3.1036906402892465e-05,7.468
2.9690000000000003,-0.4734337453843835,0.1512740505815884,0.3584456905825836,0.1691823853534836,up,down,down,down,0.0120608580796028,0.0061375155891436,0.0,3.1036906402892465e-05,7.484
2.9850000000000003,-0.47557213623850453,0.1457102864621678,0.3659395373861404,0.1749774671772334,up,down,down,down,0.0120608580796028,0.0061375155891436,0.0,3.1036906402892465e-05,7.5
3.0,-0.4766418794929396,0.083377075041944,0.3729890797702889,0.1805194318059065,up,down,down,down,0.0120608580796028,0.0061375155891436,0.0,3.1036906402892465e-05,7.515
3.032,-0.4797151748960093,0.1081013394255297,0.3880943921416595,0.19269676735649768,up,down,down,down,0.0120608580796028,0.0061375155891436,0.0,3.1036906402892465e-05,7.547
3.0470000000000006,-0.4827209683271344,0.2124470868212732,0.3952206004819962,0.1985716298011753,up,down,down,down,0.0120608580796028,0.0061375155891436,0.0,3.1036906402892465e-05,7.562
3.0630000000000006,-0.4853095840885508,0.17384934316812362,0.4028666446518953,0.20495632776224648,up,down,down,down,0.0120608580796028,0.0061375155891436,0.0,3.1036906402892465e-05,7.578
3.0780000000000003,-0.4884632405698425,0.2223046234990561,0.410077878102996,0.21105341168290798,up,down,down,down,0.0120608580796028,0.0061375155891436,0.0,3.1036906402892465e-05,7.593
3.0940000000000003,-0.4918547319647838,0.2240290702634355,0.4178222216338467,0.21767661248080278,up,down,down,down,0.0120608580796028,0.0061375155891436,0.0,3.1036906402892465e-05,7.609
3.1100000000000003,-0.4953304236392898,0.2292915877362282,0.425621502629253,0.22442416227490758,up,down,down,down,0.0120608580796028,0.0061375155891436,0.0,3.1036906402892465e-05,7.625
3.125,-0.498960343334847,0.2540555044500845,0.4329866206477217,0.23086372319948467,up,down,down,down,0.0120608580796028,0.0061375155891436,0.0,3.1036906402892465e-05,7.64
3.141,-0.5024943123696594,0.2329339227553776,0.4409000576439315,0.23785481662581798,up,down,down,down,0.0120608580796028,0.0061375155891436,0.0,3.1036906402892465e-05,7.656
3.157,-0.5052253605480369,0.1827513692281994,0.4488636147778468,0.2449729260051922,up,down,down,down,0.0120608580796028,0.0061375155891436,0.0,3.1036906402892465e-05,7.672
3.1720000000000006,-0.5069632360783983,0.1279192267703598,0.4563629665187082,0.25176212536491666,up,down,down,down,0.0120608580796028,0.0061375155891436,0.0,3.1036906402892465e-05,7.687
3.1880000000000006,-0.5086444136042817,0.11713445344731331,0.4643896274667434,0.2591281461168003,up,down,down,down,0.0120608580796028,0.0061375155891436,0.0,3.1036906402892465e-05,7.703
3.2030000000000003,-0.5106256949784668,0.1441462830252771,0.4719420905472767,0.2661506340019053,up,down,down,down,0.0120608580796028,0.0061375155891436,0.0,3.1036906402892465e-05,7.718
3.2350000000000003,-0.5131073584167146,0.089612840524848,0.488125418902747,0.28151171415310566,up,down,down,down,0.0120608580796028,0.0061375155891436,0.0,3.1036906402892465e-05,7.75
3.25,-0.5151044588834298,0.145200889193952,0.4957449447986607,0.2888907418808661,up,down,down,down,0.0120608580796028,0.0061375155891436,0.0,3.1036906402892465e-05,7.765
3.266,-0.5170949372136525,0.1364657537185214,0.5039043397180107,0.2968879361569995,up,down,down,down,0.0120608580796028,0.0061375155891436,0.0,3.1036906402892465e-05,7.781
3.282,-0.5184680848393625,0.0978825846864744,0.5120906436450077,0.30501589602390367,up,down,down,down,0.0120608580796028,0.0061375155891436,0.0,3.1036906402892465e-05,7.797
3.2970000000000006,-0.5208073217779318,0.1680099873175502,0.5197931464608005,0.3127550244496975,up,down,down,down,0.0120608580796028,0.0061375155891436,0.0,3.1036906402892465e-05,7.812
3.3130000000000006,-0.5231205695075952,0.1566388411835688,0.5280463693416585,0.32113774057611716,up,down,down,down,0.0120608580796028,0.0061375155891436,0.0,3.1036906402892465e-05,7.828
3.3280000000000003,-0.5248128682397971,0.1248807735597312,0.5358138073909267,0.32911669190161136,up,down,down,down,0.0120608580796028,0.0061375155891436,0.0,3.1036906402892465e-05,7.843
3.3440000000000003,-0.5257684660486194,0.0717857211309941,0.5441202578158078,0.33775616442326517,up,down,down,down,0.0120608580796028,0.0061375155891436,0.0,3.1036906402892465e-05,7.859
3.3600000000000003,-0.5267263798403777,0.0719304700645001,0.5524420163334934,0.3465286626164596,up,down,down,down,0.0120608580796028,0.0061375155891436,0.0,3.1036906402892465e-05,7.875
3.375,-0.5290364999296456,0.1660688640307992,0.5602681751979313,0.3548739890529451,up,down,down,down,0.0120608580796028,0.0061375155891436,0.0,3.1036906402892465e-05,7.89
3.391,-0.5313968320446526,0.1595816152675382,0.5686534416042993,0.363905361987363,up,down,down,down,0.0120608580796028,0.0061375155891436,0.0,3.1036906402892465e-05,7.906
3.407,-0.5326492715694665,0.09033832838047201,0.5770676101837859,0.37307113040166767,up,down,down,down,0.0120608580796028,0.0061375155891436,0.0,3.1036906402892465e-05,7.922
3.4220000000000006,-0.5338939592058284,0.0950400338370579,0.5849746216807638,0.3817864471406521,up,down,down,down,0.0120608580796028,0.0061375155891436,0.0,3.1036906402892465e-05,7.937
3.4380000000000006,-0.5356237803679721,0.1201746807135844,0.5934325633479278,0.3912137046208817,up,down,down,down,0.0120608580796028,0.0061375155891436,0.0,3.1036906402892465e-05,7.953
3.4690000000000003,-0.5368167194545278,0.050542764097529294,0.609865128111913,0.409864818838509,up,down,down,down,0.0120608580796028,0.0061375155891436,0.0,3.1036906402892465e-05,7.984
3.4850000000000003,-0.5386278251944087,0.1252549668221563,0.6183704842196781,0.41969070373716166,up,down,down,down,0.0120608580796028,0.0061375155891436,0.0,3.1036906402892465e-05,8.0
3.500000000000001,-0.5416843440486988,0.2158287816989381,0.6263807627551645,0.4290263380894734,up,down,down,down,0.0120608580796028,0.0061375155891436,0.0,3.1036906402892465e-05,8.015
3.516000000000001,-0.5446710058264584,0.1987272191895798,0.6349734053047394,0.43911717143395257,up,down,down,down,0.0120608580796028,0.0061375155891436,0.0,3.1036906402892465e-05,8.031
3.532000000000001,-0.5468044238068489,0.1453994818540065,0.6436070084923796,0.4493458147443296,up,down,down,down,0.0120608580796028,0.0061375155891436,0.0,3.1036906402892465e-05,8.047
3.5469999999999997,-0.547134828642381,0.0340878471150812,0.651719490151911,0.45906076348416097,up,down,down,down,0.0120608580796028,0.0061375155891436,0.0,3.1036906402892465e-05,8.062
3.5629999999999997,-0.5467157489493476,0.0141316227349879,0.6603720945232185,0.46955749616156206,up,down,down,down,0.0120608580796028,0.0061375155891436,0.0,3.1036906402892465e-05,8.078
3.5780000000000003,-0.5463061392326799,0.015246456364909598,0.6684776959507469,0.47952386959011717,up,down,down,down,0.0120608580796028,0.0061375155891436,0.0,3.1036906402892465e-05,8.093
3.5940000000000003,-0.5468793796371915,0.047888383361575595,0.6771249798522796,0.4902886909965414,up,down,down,down,0.0120608580796028,0.0061375155891436,0.0,3.1036906402892465e-05,8.109
3.6100000000000003,-0.5483714971681656,0.1053182037654847,0.6857887866172961,0.5011920011282981,up,down,down,down,0.0120608580796028,0.0061375155891436,0.0,3.1036906402892465e-05,8.125
3.625000000000001,-0.549881043300754,0.11269726691883021,0.6939336179369762,0.5115399191624556,up,down,down,down,0.0120608580796028,0.0061375155891436,0.0,3.1036906402892465e-05,8.14
3.641000000000001,-0.5509260587583621,0.07737432418010551,0.7026418745040228,0.5227125231019836,up,down,down,down,0.0120608580796028,0.0061375155891436,0.0,3.1036906402892465e-05,8.156
3.6719999999999997,-0.5524745235914387,0.0620113365659459,0.7195543205471806,0.5447565641252764,up,down,down,down,0.0120608580796028,0.0061375155891436,0.0,3.1036906402892465e-05,8.187
3.6879999999999997,-0.5540225276788319,0.1088111135416774,0.7283080967079165,0.5563394634633172,up,down,down,down,0.0120608580796028,0.0061375155891436,0.0,3.1036906402892465e-05,8.203
3.7030000000000003,-0.5537556146412789,0.0,0.7365243700414805,0.5673257069639381,up,down,down,down,0.0120608580796028,0.0061375155891436,0.0,3.1036906402892465e-05,8.218
3.7190000000000003,-0.5552940899091022,0.10821556231856261,0.7452985674284572,0.5791802904636977,up,down,down,down,0.0120608580796028,0.0061375155891436,0.0,3.1036906402892465e-05,8.234
3.7350000000000003,-0.556836812861416,0.1084810425992104,0.754097414401195,0.591175458318335,up,down,down,down,0.0120608580796028,0.0061375155891436,0.0,3.1036906402892465e-05,8.25
3.750000000000001,-0.5583896500984532,0.115583340548749,0.7623695501395572,0.602548960552391,up,down,down,down,0.0120608580796028,0.0061375155891436,0.0,3.1036906402892465e-05,8.265
3.766000000000001,-0.5597340762766211,0.0960874942150951,0.7712163397011315,0.6148176476711166,up,down,down,down,0.0120608580796028,0.0061375155891436,0.0,3.1036906402892465e-05,8.281
3.7969999999999997,-0.561024892323358,0.053700085393696806,0.788397840731167,0.6389916674678162,up,down,down,down,0.0120608580796028,0.0061375155891436,0.0,3.1036906402892465e-05,8.312
3.8129999999999997,-0.5610811238858345,0.0155753307343892,0.7972764886114143,0.6516770621025568,up,down,down,down,0.0120608580796028,0.0061375155891436,0.0,3.1036906402892465e-05,8.328
3.8280000000000003,-0.5623314253717576,0.09541429047447221,0.8056100199970094,0.6636987109171204,up,down,down,down,0.0120608580796028,0.0061375155891436,0.0,3.1036906402892465e-05,8.343
3.8440000000000003,-0.5637209730877756,0.0989075903307251,0.8145202389352594,0.6766597529885786,up,down,down,down,0.0120608580796028,0.0061375155891436,0.0,3.1036906402892465e-05,8.359
3.875000000000001,-0.5624840546031161,0.0278397381997337,0.831786153881205,0.7021775020772343,up,down,down,down,0.0120608580796028,0.0061375155891436,0.0,3.1036906402892465e-05,8.39
3.891000000000001,-0.5633718713158727,0.0675494026268913,0.8406948010391306,0.715557349716597,up,down,down,down,0.0120608580796028,0.0061375155891436,0.0,3.1036906402892465e-05,8.406
3.9219999999999997,-0.5646849486960831,0.054418192925099806,0.8579894187660518,0.7418869551235763,up,down,down,down,0.0120608580796028,0.0061375155891436,0.0,3.1036906402892465e-05,8.437
3.9379999999999997,-0.5652052297864286,0.044578426226197704,0.8669303399444857,0.7556863131932606,up,down,down,down,0.0120608580796028,0.0061375155891436,0.0,3.1036906402892465e-05,8.453
3.9530000000000003,-0.5657366761018866,0.047490612443467,0.8753203415048112,0.7687531933041308,up,down,down,down,0.0120608580796028,0.0061375155891436,0.0,3.1036906402892465e-05,8.468
3.9690000000000003,-0.5666828356739301,0.0711958313323196,0.8842814973495914,0.782830008014966,up,down,down,down,0.0120608580796028,0.0061375155891436,0.0,3.1036906402892465e-05,8.484
3.9850000000000003,-0.5688517712993483,0.1476193346682402,0.8932675739559514,0.7970504005854104,up,down,down,down,0.0120608580796028,0.0061375155891436,0.0,3.1036906402892465e-05,8.5
4.000000000000001,-0.5702097762163926,0.1025945192158858,0.9017184728284826,0.8105127959362942,up,down,down,down,0.0120608580796028,0.0061375155891436,0.0,3.1036906402892465e-05,8.515
4.032000000000001,-0.5716902310434654,0.0583250714256283,0.9197924724457878,0.8396569710606826,up,down,down,down,0.0120608580796028,0.0061375155891436,0.0,3.1036906402892465e-05,8.547
4.047,-0.573721048405213,0.14744868219612,0.928290994307815,0.8535175970613335,up,down,down,down,0.0120608580796028,0.0061375155891436,0.0,3.1036906402892465e-05,8.562
4.063,-0.5756521183171105,0.132752727573197,0.9373877793921672,0.8684430272509334,up,down,down,down,0.0120608580796028,0.0061375155891436,0.0,3.1036906402892465e-05,8.578
4.078,-0.5764749217511066,0.0669144203460073,0.945936669458842,0.8825679606173165,up,down,down,down,0.0120608580796028,0.0061375155891436,0.0,3.1036906402892465e-05,8.593
4.094,-0.5773876483205916,0.069106268672418,0.9550693697699896,0.8977760089311472,up,down,down,down,0.0120608580796028,0.0061375155891436,0.0,3.1036906402892465e-05,8.609
4.11,-0.578196678285522,0.0626252308877511,0.964215844133412,0.9131302906423745,up,down,down,down,0.0120608580796028,0.0061375155891436,0.0,3.1036906402892465e-05,8.625
4.125000000000001,-0.5789859758122836,0.0646806931970408,0.9728026513053089,0.9276579293581654,up,down,down,down,0.0120608580796028,0.0061375155891436,0.0,3.1036906402892465e-05,8.64
4.141000000000001,-0.578176960184745,0.0385026186415631,0.9819617545438588,0.9432960446049587,up,down,down,down,0.0120608580796028,0.0061375155891436,0.0,3.1036906402892465e-05,8.656
4.157000000000001,-0.5797691920022209,0.11157534667184771,0.9911271235119284,0.9590807556294051,up,down,down,down,0.0120608580796028,0.0061375155891436,0.0,3.1036906402892465e-05,8.672
4.172,-0.5812716476019854,0.11222456473057581,0.999742867075122,0.9740122805588067,up,down,down,down,0.0120608580796028,0.0061375155891436,0.0,3.1036906402892465e-05,8.687
4.203,-0.5817824522650897,0.0285384278571631,1.0175799426397985,1.0052807841093885,up,down,down,down,0.0120608580796028,0.0061375155891436,0.0,3.1036906402892465e-05,8.718
4.219,-0.5811451162336086,0.0277726438879649,1.0267851629383618,1.0216357049540137,up,down,down,down,0.0120608580796028,0.0061375155891436,0.0,3.1036906402892465e-05,8.734
4.235,-0.5813946794692767,0.0276585603088558,1.0359872810545585,1.038137884505957,up,down,down,down,0.0120608580796028,0.0061375155891436,0.0,3.1036906402892465e-05,8.75
4.250000000000001,-0.5820803595559755,0.057772863859519796,1.044621281113411,1.0537424487222173,up,down,down,down,0.0120608580796028,0.0061375155891436,0.0,3.1036906402892465e-05,8.765
4.266000000000001,-0.5827453015776775,0.0536197344359762,1.053841686153054,1.070530152460349,up,down,down,down,0.0120608580796028,0.0061375155891436,0.0,3.1036906402892465e-05,8.781
4.297,-0.5828121392197579,0.0142169110499411,1.07171756350215,1.1034763208300034,up,down,down,down,0.0120608580796028,0.0061375155891436,0.0,3.1036906402892465e-05,8.812
4.313,-0.5837385421185476,0.0699610392539556,1.0809517687034302,1.120697675487648,up,down,down,down,0.0120608580796028,0.0061375155891436,0.0,3.1036906402892465e-05,8.828
4.328,-0.5859070403369343,0.156627405972045,1.0896320478380097,1.1369770541117092,up,down,down,down,0.0120608580796028,0.0061375155891436,0.0,3.1036906402892465e-05,8.843
4.344,-0.585773965617907,0.0,1.098907295636222,1.1544853688595034,up,down,down,down,0.0120608580796028,0.0061375155891436,0.0,3.1036906402892465e-05,8.859
4.36,-0.5854904965859634,0.0,1.1081792110844266,1.1721420609132684,up,down,down,down,0.0120608580796028,0.0061375155891436,0.0,3.1036906402892465e-05,8.875
4.375000000000001,-0.5851549077488282,0.010311731062746198,1.1168669888831009,1.1888299074130257,up,down,down,down,0.0120608580796028,0.0061375155891436,0.0,3.1036906402892465e-05,8.89
4.391000000000001,-0.5844748914609318,0.030440159913920798,1.1261258270273524,1.2067738499403093,up,down,down,down,0.0120608580796028,0.0061375155891436,0.0,3.1036906402892465e-05,8.906
4.407000000000001,-0.5849406512396252,0.0411708442479435,1.1353829511195306,1.2248659201654843,up,down,down,down,0.0120608580796028,0.0061375155891436,0.0,3.1036906402892465e-05,8.922
4.422,-0.5853289290480567,0.0379460453083665,1.1440679102378504,1.2419618016256633,up,down,down,down,0.0120608580796028,0.0061375155891436,0.0,3.1036906402892465e-05,8.937
4.438,-0.5854361666485309,0.0187632081092442,1.1533358307539967,1.2603410315535981,up,down,down,down,0.0120608580796028,0.0061375155891436,0.0,3.1036906402892465e-05,8.953
4.469,-0.5855983184052852,0.0172915599103855,1.1712966022890678,1.2963728342657663,up,down,down,down,0.0120608580796028,0.0061375155891436,0.0,3.1036906402892465e-05,8.984
4.485,-0.5861013245260035,0.043498740624496296,1.180571999183092,1.3151877830775436,up,down,down,down,0.0120608580796028,0.0061375155891436,0.0,3.1036906402892465e-05,9.0
4.500000000000001,-0.5865545706997927,0.0422772696655461,1.1892748556634485,1.3329616344888933,up,down,down,down,0.0120608580796028,0.0061375155891436,0.0,3.1036906402892465e-05,9.015
4.516000000000001,-0.5862735787305943,0.0,1.1985592806094654,1.3520643075790766,up,down,down,down,0.0120608580796028,0.0061375155891436,0.0,3.1036906402892465e-05,9.031
4.532000000000001,-0.5878697219897847,0.1118198117790052,1.207854226765802,1.371315615638079,up,down,down,down,0.0120608580796028,0.0061375155891436,0.0,3.1036906402892465e-05,9.047
4.547,-0.587729088395294,0.0,1.2165791551098524,1.3894988660021448,up,down,down,down,0.0120608580796028,0.0061375155891436,0.0,3.1036906402892465e-05,9.062
4.563,-0.587884247841627,0.0217583234754109,1.2258858615503214,1.4090385861354262,up,down,down,down,0.0120608580796028,0.0061375155891436,0.0,3.1036906402892465e-05,9.078
4.578,-0.5880105511410693,0.0204810780424223,1.2346130098088548,1.4274923276706206,up,down,down,down,0.0120608580796028,0.0061375155891436,0.0,3.1036906402892465e-05,9.093
4.594,-0.5895966718643829,0.1111934032867061,1.243935667343472,1.4473207170878393,up,down,down,down,0.0120608580796028,0.0061375155891436,0.0,3.1036906402892465e-05,9.109
4.625000000000001,-0.5894582672052041,0.0,1.2620207559157874,1.4861630416483584,up,down,down,down,0.0120608580796028,0.0061375155891436,0.0,3.1036906402892465e-05,9.14
4.641000000000001,-0.5875410160396423,0.1077673397680127,1.27133854993232,1.5064299160951433,up,down,down,down,0.0120608580796028,0.0061375155891436,0.0,3.1036906402892465e-05,9.156
4.657000000000001,-0.5856929094423114,0.10344580425357279,1.2806262210867494,1.526845634263296,up,down,down,down,0.0120608580796028,0.0061375155891436,0.0,3.1036906402892465e-05,9.172
4.672,-0.5870453095372773,0.1022208644106663,1.2893296949952584,1.5461203036339095,up,down,down,down,0.0120608580796028,0.0061375155891436,0.0,3.1036906402892465e-05,9.187
4.688,-0.5869038682137474,0.0,1.2986230881678402,1.566823925899214,up,down,down,down,0.0120608580796028,0.0061375155891436,0.0,3.1036906402892465e-05,9.203
4.703,-0.5867598946024016,0.0,1.3073335036551246,1.5863686003378872,up,down,down,down,0.0120608580796028,0.0061375155891436,0.0,3.1036906402892465e-05,9.218
4.719,-0.5866650207750314,0.0,1.3166227027287178,1.6073602499889579,up,down,down,down,0.0120608580796028,0.0061375155891436,0.0,3.1036906402892465e-05,9.234
4.750000000000001,-0.588048666521562,0.056694591838653705,1.334640501898552,1.6484548296606814,up,down,down,down,0.0120608580796028,0.0061375155891436,0.0,3.1036906402892465e-05,9.265
4.766000000000001,-0.5883478401489127,0.030759209789025802,1.3439534737024894,1.6698835814654898,up,down,down,down,0.0120608580796028,0.0061375155891436,0.0,3.1036906402892465e-05,9.281
4.782000000000001,-0.5877328592751015,0.026375446533595703,1.3532639190484552,1.6914613206074973,up,down,down,down,0.0120608580796028,0.0061375155891436,0.0,3.1036906402892465e-05,9.297
4.797,-0.5896441944828704,0.1394832052642045,1.362002184217802,1.7118258163819926,up,down,down,down,0.0120608580796028,0.0061375155891436,0.0,3.1036906402892465e-05,9.312
4.813,-0.5914696822301034,0.1261538422816659,1.3713528949820797,1.7336926570155917,up,down,down,down,0.0120608580796028,0.0061375155891436,0.0,3.1036906402892465e-05,9.328
4.828,-0.5927164599058442,0.0951793697956512,1.380142228314262,1.754328870440315,up,down,down,down,0.0120608580796028,0.0061375155891436,0.0,3.1036906402892465e-05,9.343
4.844,-0.5926149470700287,0.0,1.3895266793206429,1.7764862217013944,up,down,down,down,0.0120608580796028,0.0061375155891436,0.0,3.1036906402892465e-05,9.359
4.86,-0.5925389254334358,0.0,1.3989097100512442,1.7987937128163696,up,down,down,down,0.0120608580796028,0.0061375155891436,0.0,3.1036906402892465e-05,9.375
4.875000000000001,-0.5930082964490014,0.043352259117312,1.4077092514815257,1.819843355027866,up,down,down,down,0.0120608580796028,0.0061375155891436,0.0,3.1036906402892465e-05,9.39
4.891000000000001,-0.5940895304879613,0.079637985514595,1.417107833847595,1.842441891710499,up,down,down,down,0.0120608580796028,0.0061375155891436,0.0,3.1036906402892465e-05,9.406
4.907000000000001,-0.5951003588579019,0.07523763120089,1.4265231527129356,1.8651909396029833,up,down,down,down,0.0120608580796028,0.0061375155891436,0.0,3.1036906402892465e-05,9.422
4.938,-0.5955800100314724,0.027533476581878102,1.4447884354474567,1.9096962692194677,up,down,down,down,0.0120608580796028,0.0061375155891436,0.0,3.1036906402892465e-05,9.453
4.953,-0.5956211768586107,0.014805313222154901,1.4536303816152956,1.9314344103474392,up,down,down,down,0.0120608580796028,0.0061375155891436,0.0,3.1036906402892465e-05,9.468
4.969,-0.5957768121737085,0.0217880652732133,1.4630633652781275,1.954767960322587,up,down,down,down,0.0120608580796028,0.0061375155891436,0.0,3.1036906402892465e-05,9.484
4.985,-0.5956885474371009,0.0,1.472496887905588,1.9782524423480565,up,down,down,down,0.0120608580796028,0.0061375155891436,0.0,3.1036906402892465e-05,9.5
5.000000000000001,-0.5959777502195606,0.0313410435769151,1.4813423224041762,2.0004062364253805,up,down,down,down,0.0120608580796028,0.0061375155891436,0.0,3.1036906402892465e-05,9.515
5.016000000000001,-0.5962535089931665,0.029295781429976,1.4907819722284517,2.0241832307824414,up,down,down,down,0.0120608580796028,0.0061375155891436,0.0,3.1036906402892465e-05,9.531
5.032000000000001,-0.5958620414089068,0.0124058659366337,1.500220696382242,2.0481112521313265,up,down,down,down,0.0120608580796028,0.0061375155891436,0.0,3.1036906402892465e-05,9.547
5.047,-0.5964851841622208,0.053603708300546005,1.5090712378401876,2.070680941637993,up,down,down,down,0.0120608580796028,0.0061375155891436,0.0,3.1036906402892465e-05,9.562
5.063,-0.5970742036805968,0.0488745779781013,1.518521512693504,2.094901683642263,up,down,down,down,0.0120608580796028,0.0061375155891436,0.0,3.1036906402892465e-05,9.578
5.094,-0.5973709386692628,0.021632954488183302,1.5368451494166635,2.1422598669049715,up,down,down,down,0.0120608580796028,0.0061375155891436,0.0,3.1036906402892465e-05,9.609
5.11,-0.5975494927292874,0.0232204868311364,1.5463063126184255,2.1669250786012517,up,down,down,down,0.0120608580796028,0.0061375155891436,0.0,3.1036906402892465e-05,9.625
5.125000000000001,-0.5977293509053502,0.024051403150456202,1.5551788412118486,2.19018621725498,up,down,down,down,0.0120608580796028,0.0061375155891436,0.0,3.1036906402892465e-05,9.64
5.141000000000001,-0.5985985541514632,0.0663860609616689,1.5646512642028767,2.2151448580982978,up,down,down,down,0.0120608580796028,0.0061375155891436,0.0,3.1036906402892465e-05,9.656
5.157000000000001,-0.5983669336013174,0.0,1.5741287878554726,2.2402550985147647,up,down,down,down,0.0120608580796028,0.0061375155891436,0.0,3.1036906402892465e-05,9.672
5.172,-0.598165546056899,0.0,1.5830107187190714,2.2639336448140717,up,down,down,down,0.0120608580796028,0.0061375155891436,0.0,3.1036906402892465e-05,9.687
5.188,-0.5977286973161141,0.015242188219451398,1.5924796724166292,2.289337567943157,up,down,down,down,0.0120608580796028,0.0061375155891436,0.0,3.1036906402892465e-05,9.703
5.203,-0.5979421040854563,0.026287976035750803,1.6013551406933042,2.313291329041483,up,down,down,down,0.0120608580796028,0.0061375155891436,0.0,3.1036906402892465e-05,9.718
5.219,-0.5981903322876504,0.0275751207167313,1.6108259999348629,2.3389887781665077,up,down,down,down,0.0120608580796028,0.0061375155891436,0.0,3.1036906402892465e-05,9.734
5.250000000000001,-0.5973999549144898,0.0134351862158988,1.629167386403233,2.389208675654749,up,down,down,down,0.0120608580796028,0.0061375155891436,0.0,3.1036906402892465e-05,9.765
5.266000000000001,-0.5984784665409338,0.0794678347323535,1.6386362135254502,2.415351104454179,up,down,down,down,0.0120608580796028,0.0061375155891436,0.0,3.1036906402892465e-05,9.781
5.282000000000001,-0.5983711935128112,0.0,1.6481128105564538,2.4416450966468335,up,down,down,down,0.0120608580796028,0.0061375155891436,0.0,3.1036906402892465e-05,9.797
5.297,-0.5982308094564049,0.0,1.656995262844885,2.4664334071973415,up,down,down,down,0.0120608580796028,0.0061375155891436,0.0,3.1036906402892465e-05,9.812
5.328,-0.5990086152313355,0.0371513669483308,1.6753622109442818,2.5180849480410745,up,down,down,down,0.0120608580796028,0.0061375155891436,0.0,3.1036906402892465e-05,9.843
5.344,-0.5997484521602646,0.0583006661376711,1.6848540672339885,2.544966678266501,up,down,down,down,0.0120608580796028,0.0061375155891436,0.0,3.1036906402892465e-05,9.859
5.36,-0.5977117424020139,0.1152335018110699,1.6943355485410605,2.572000195192701,up,down,down,down,0.0120608580796028,0.0061375155891436,0.0,3.1036906402892465e-05,9.875
5.375000000000001,-0.5958750384594323,0.11038607142582639,1.7031953866636844,2.597481677206738,up,down,down,down,0.0120608580796028,0.0061375155891436,0.0,3.1036906402892465e-05,9.89
5.391000000000001,-0.5941292429645787,0.0970513603487503,1.7126172206656505,2.6248081780653725,up,down,down,down,0.0120608580796028,0.0061375155891436,0.0,3.1036906402892465e-05,9.906
5.407000000000001,-0.5930433761536856,0.0558058176012137,1.72201640136917,2.652285247041651,up,down,down,down,0.0120608580796028,0.0061375155891436,0.0,3.1036906402892465e-05,9.922
5.422,-0.5923617783423331,0.0333789960105724,1.7308148772940524,2.6781814816316234,up,down,down,down,0.0120608580796028,0.0061375155891436,0.0,3.1036906402892465e-05,9.937
5.438,-0.5943054361570271,0.1335394714979825,1.740210014760621,2.705949680768061,up,down,down,down,0.0120608580796028,0.0061375155891436,0.0,3.1036906402892465e-05,9.953
5.453,-0.5961140226969749,0.1326332940761151,1.7490460979681892,2.732119101613528,up,down,down,down,0.0120608580796028,0.0061375155891436,0.0,3.1036906402892465e-05,9.968
5.469,-0.5966793250247607,0.047392253566218,1.7584902445005368,2.7601793923532782,up,down,down,down,0.0120608580796028,0.0061375155891436,0.0,3.1036906402892465e-05,9.984
5.485,-0.5966633874766955,0.0110647613255228,1.7679387859511222,2.7883908245968914,up,down,down,down,0.0120608580796028,0.0061375155891436,0.0,3.1036906402892465e-05,10.0
5.500000000000001,-0.5966734673290367,0.012732848235686,1.7767967496283283,2.8149763411137387,up,down,down,down,0.0120608580796028,0.0061375155891436,0.0,3.1036906402892465e-05,10.015
5.516000000000001,-0.5962458856938556,0.0146629941192149,1.7862419042030853,2.8434806503443895,up,down,down,down,0.0120608580796028,0.0061375155891436,0.0,3.1036906402892465e-05,10.031
5.532000000000001,-0.5956420669331023,0.0256778144674801,1.7956788075746746,2.8721360160386116,up,down,down,down,0.0120608580796028,0.0061375155891436,0.0,3.1036906402892465e-05,10.047
5.563,-0.595044746049357,0.0,1.8139441901926383,2.928085172504003,up,down,down,down,0.0120608580796028,0.0061375155891436,0.0,3.1036906402892465e-05,10.078
5.578,-0.5947636720994359,0.0,1.8227756905949175,2.9553605716099107,up,down,down,down,0.0120608580796028,0.0061375155891436,0.0,3.1036906402892465e-05,10.093
5.594,-0.595980211493412,0.0880945702031049,1.8322034414142343,2.9846004046659838,up,down,down,down,0.0120608580796028,0.0061375155891436,0.0,3.1036906402892465e-05,10.109
5.61,-0.5986147108716774,0.1767170692211921,1.8416620005437287,3.0139913282016475,up,down,down,down,0.0120608580796028,0.0061375155891436,0.0,3.1036906402892465e-05,10.125
5.625000000000001,-0.6012272912220896,0.1862328814404115,1.8505687528255952,3.041683058851919,up,down,down,down,0.0120608580796028,0.0061375155891436,0.0,3.1036906402892465e-05,10.14
5.641000000000001,-0.601476645817879,0.0276455203164366,1.8600921840724889,3.071368346347103,up,down,down,down,0.0120608580796028,0.0061375155891436,0.0,3.1036906402892465e-05,10.156
5.672,-0.6009527739244688,0.0,1.878539577095231,3.1293171386452006,up,down,down,down,0.0120608580796028,0.0061375155891436,0.0,3.1036906402892465e-05,10.187
5.688,-0.600791244313095,0.0,1.888055328991705,3.159449897893896,up,down,down,down,0.0120608580796028,0.0061375155891436,0.0,3.1036906402892465e-05,10.203
5.703,-0.6005975448652076,0.0,1.8969736821767056,3.1878376154776604,up,down,down,down,0.0120608580796028,0.0061375155891436,0.0,3.1036906402892465e-05,10.218
5.719,-0.6013768274202106,0.0607660177672924,1.9064912769055624,3.2182653351503188,up,down,down,down,0.0120608580796028,0.0061375155891436,0.0,3.1036906402892465e-05,10.234
5.735,-0.6004302512977108,0.0471001495766359,1.91600753328588,3.24884532563185,up,down,down,down,0.0120608580796028,0.0061375155891436,0.0,3.1036906402892465e-05,10.25
5.750000000000001,-0.6016573560891397,0.09386784417486341,1.9249311276074443,3.277652365588551,up,down,down,down,0.0120608580796028,0.0061375155891436,0.0,3.1036906402892465e-05,10.265
5.782000000000001,-0.6028076293903747,0.048006898743195206,1.944006166876264,3.339555362300291,up,down,down,down,0.0120608580796028,0.0061375155891436,0.0,3.1036906402892465e-05,10.297
5.797,-0.603089469225022,0.030850180389428102,1.9529583323820416,3.3687825960447255,up,down,down,down,0.0120608580796028,0.0061375155891436,0.0,3.1036906402892465e-05,10.312
5.813,-0.6035301204729285,0.0396015610737582,1.962513088850199,3.4001063674145837,up,down,down,down,0.0120608580796028,0.0061375155891436,0.0,3.1036906402892465e-05,10.328
5.828,-0.6044059714014479,0.0704509199808928,1.97148054680542,3.4296113196820017,up,down,down,down,0.0120608580796028,0.0061375155891436,0.0,3.1036906402892465e-05,10.343
5.844,-0.6047416652991976,0.0330417266889576,1.981055527649599,3.4612316082776418,up,down,down,down,0.0120608580796028,0.0061375155891436,0.0,3.1036906402892465e-05,10.359
5.86,-0.6050789780981239,0.0331429080124995,1.9906358925473515,3.493005139639217,up,down,down,down,0.0120608580796028,0.0061375155891436,0.0,3.1036906402892465e-05,10.375
5.875000000000001,-0.6036728622911854,0.0816801957162937,1.9996094686164343,3.5229319798479466,up,down,down,down,0.0120608580796028,0.0061375155891436,0.0,3.1036906402892465e-05,10.39
5.907000000000001,-0.6018457097492983,0.0450376588543704,2.0187013652702346,3.5872249531901335,up,down,down,down,0.0120608580796028,0.0061375155891436,0.0,3.1036906402892465e-05,10.422
5.922,-0.6027003632277682,0.0690377566442682,2.0276433980837245,3.6175725389152857,up,down,down,down,0.0120608580796028,0.0061375155891436,0.0,3.1036906402892465e-05,10.437
5.938,-0.6034730980835067,0.060356786563257506,2.0371945855247886,3.650091242784154,up,down,down,down,0.0120608580796028,0.0061375155891436,0.0,3.1036906402892465e-05,10.453
5.953,-0.6033479897703432,0.0,2.0461536809498555,3.6807163547827146,up,down,down,down,0.0120608580796028,0.0061375155891436,0.0,3.1036906402892465e-05,10.468
5.969,-0.6009801269410743,0.1359305687497051,2.0556901056341204,3.7135311050753868,up,down,down,down,0.0120608580796028,0.0061375155891436,0.0,3.1036906402892465e-05,10.484
5.985,-0.5987531282554314,0.127126559773079,2.065189771426266,3.746498144091869,up,down,down,down,0.0120608580796028,0.0061375155891436,0.0,3.1036906402892465e-05,10.5
6.000000000000001,-0.5991890987915233,0.0411255604857284,2.074082275395281,3.7775426844430324,up,down,down,down,0.0120608580796028,0.0061375155891436,0.0,3.1036906402892465e-05,10.515
6.032000000000001,-0.5996612762427381,0.0268164034300672,2.093067480896977,3.8442170805437086,up,down,down,down,0.0120608580796028,0.0061375155891436,0.0,3.1036906402892465e-05,10.547
6.047,-0.601052251144475,0.1047925181954033,2.1019807696185437,3.8756799424225723,up,down,down,down,0.0120608580796028,0.0061375155891436,0.0,3.1036906402892465e-05,10.562
6.063,-0.6021499398115163,0.0806663997696837,2.111508186896765,3.9093878540746947,up,down,down,down,0.0120608580796028,0.0061375155891436,0.0,3.1036906402892465e-05,10.578
6.078,-0.6027514258615286,0.052159928080422,2.120452884405476,3.941127562109463,up,down,down,down,0.0120608580796028,0.0061375155891436,0.0,3.1036906402892465e-05,10.593
6.094,-0.6033777294106527,0.051204829899857404,2.130003717398227,3.9751312149238927,up,down,down,down,0.0120608580796028,0.0061375155891436,0.0,3.1036906402892465e-05,10.609
6.11,-0.6041883778305549,0.0627263843234898,2.1395660460067303,4.009287773031133,up,down,down,down,0.0120608580796028,0.0061375155891436,0.0,3.1036906402892465e-05,10.625
6.125000000000001,-0.6045706938843977,0.0375485950024523,2.148539676310756,4.0414485659485155,up,down,down,down,0.0120608580796028,0.0061375155891436,0.0,3.1036906402892465e-05,10.64
6.141000000000001,-0.6049333231425481,0.034725186714005804,2.158117508197545,4.075901823424582,up,down,down,down,0.0120608580796028,0.0061375155891436,0.0,3.1036906402892465e-05,10.656
6.172,-0.6064080283848251,0.059631994927249604,2.176703036162955,4.143091541862167,up,down,down,down,0.0120608580796028,0.0061375155891436,0.0,3.1036906402892465e-05,10.687
6.188,-0.6075898998121526,0.0859278222875719,2.1863168193391047,4.177995700706183,up,down,down,down,0.0120608580796028,0.0061375155891436,0.0,3.1036906402892465e-05,10.703
6.203,-0.6087813682928845,0.0914920901283949,2.195347541116056,4.210858183409598,up,down,down,down,0.0120608580796028,0.0061375155891436,0.0,3.1036906402892465e-05,10.718
6.219,-0.6101530339363438,0.097789960795806,2.205000816084464,4.2460609702672025,up,down,down,down,0.0120608580796028,0.0061375155891436,0.0,3.1036906402892465e-05,10.734
6.235,-0.6091622028478109,0.049866084953705106,2.2146571377293105,4.281418233897712,up,down,down,down,0.0120608580796028,0.0061375155891436,0.0,3.1036906402892465e-05,10.75
6.250000000000001,-0.60820741606501,0.05159159410711539,2.22369534713732,4.314705877534213,up,down,down,down,0.0120608580796028,0.0061375155891436,0.0,3.1036906402892465e-05,10.765
6.266000000000001,-0.6074535357555798,0.035056661259787306,2.2333224345024583,4.350362019787331,up,down,down,down,0.0120608580796028,0.0061375155891436,0.0,3.1036906402892465e-05,10.781
6.297,-0.6045461117925813,0.0817270116945452,2.2519181660561904,4.419883249095988,up,down,down,down,0.0120608580796028,0.0061375155891436,0.0,3.1036906402892465e-05,10.812
6.313,-0.6018836605383323,0.1543423453109608,2.261471403985412,4.455990365656321,up,down,down,down,0.0120608580796028,0.0061375155891436,0.0,3.1036906402892465e-05,10.828
6.328,-0.6002162857024266,0.0990974643141085,2.2703950908483805,4.489979364367576,up,down,down,down,0.0120608580796028,0.0061375155891436,0.0,3.1036906402892465e-05,10.843
6.344,-0.5985179517157347,0.0940850160886368,2.2798867644983,4.526381619210349,up,down,down,down,0.0120608580796028,0.0061375155891436,0.0,3.1036906402892465e-05,10.859
6.36,-0.5965632367037869,0.1101088301671397,2.2893492137562297,4.562935507036386,up,down,down,down,0.0120608580796028,0.0061375155891436,0.0,3.1036906402892465e-05,10.875
6.375000000000001,-0.5946119743691564,0.1180232975624255,2.29819096510544,4.5973420583778495,up,down,down,down,0.0120608580796028,0.0061375155891436,0.0,3.1036906402892465e-05,10.89
6.391000000000001,-0.5925804331858106,0.11491046587951009,2.3075903041164536,4.634188308531624,up,down,down,down,0.0120608580796028,0.0061375155891436,0.0,3.1036906402892465e-05,10.906
6.407000000000001,-0.590536410128223,0.11569058301961899,2.3169570386135394,4.671184687273464,up,down,down,down,0.0120608580796028,0.0061375155891436,0.0,3.1036906402892465e-05,10.922
6.438,-0.5898463048783479,0.0102006015937889,2.335062707712877,4.743290993341521,up,down,down,down,0.0120608580796028,0.0061375155891436,0.0,3.1036906402892465e-05,10.953
6.453,-0.5875995309123992,0.1377240729836338,2.3438014887474705,4.778382474814975,up,down,down,down,0.0120608580796028,0.0061375155891436,0.0,3.1036906402892465e-05,10.968
6.469,-0.5877320677751657,0.0203444120025081,2.3531059412875446,4.815957734255255,up,down,down,down,0.0120608580796028,0.0061375155891436,0.0,3.1036906402892465e-05,10.984
6.485,-0.5860009553119311,0.09613367087256279,2.362397605222815,4.853681762627338,up,down,down,down,0.0120608580796028,0.0061375155891436,0.0,3.1036906402892465e-05,11.0
6.500000000000001,-0.584357241401161,0.0975200693050675,2.371083228964326,4.8891828688837435,up,down,down,down,0.0120608580796028,0.0061375155891436,0.0,3.1036906402892465e-05,11.015
6.516000000000001,-0.5814405064968183,0.1702350734418115,2.380311410698084,4.927194026001042,up,down,down,down,0.0120608580796028,0.0061375155891436,0.0,3.1036906402892465e-05,11.031
6.532000000000001,-0.5790447375841054,0.1376746989649583,2.389497092401305,4.965352494025837,up,down,down,down,0.0120608580796028,0.0061375155891436,0.0,3.1036906402892465e-05,11.047
6.547,-0.5771406472876633,0.11487849501654118,2.398076420054005,5.001259295369249,up,down,down,down,0.0120608580796028,0.0061375155891436,0.0,3.1036906402892465e-05,11.062
6.578,-0.5752284404561364,0.049623233259974406,2.4157478779307717,5.075873571988015,up,down,down,down,0.0120608580796028,0.0061375155891436,0.0,3.1036906402892465e-05,11.093
6.594,-0.5706230449418629,0.27577636156249224,2.4248164895645288,5.114598086927979,up,down,down,down,0.0120608580796028,0.0061375155891436,0.0,3.1036906402892465e-05,11.109
6.61,-0.5664593144960327,0.2481722947847834,2.433814948190605,5.153467138430019,up,down,down,down,0.0120608580796028,0.0061375155891436,0.0,3.1036906402892465e-05,11.125
6.625000000000001,-0.5628920526537157,0.2257565980748573,2.442193020710392,5.1900371981967774,up,down,down,down,0.0120608580796028,0.0061375155891436,0.0,3.1036906402892465e-05,11.14
6.657000000000001,-0.5572487797770779,0.1642914193153281,2.459918873530432,5.268470988504631,up,down,down,down,0.0120608580796028,0.0061375155891436,0.0,3.1036906402892465e-05,11.172
6.672,-0.5529247101577716,0.2762104498741747,2.4681531119711053,5.305431528395889,up,down,down,down,0.0120608580796028,0.0061375155891436,0.0,3.1036906402892465e-05,11.187
6.688,-0.5487415698768529,0.2493854094778161,2.476868241961956,5.3449916992273545,up,down,down,down,0.0120608580796028,0.0061375155891436,0.0,3.1036906402892465e-05,11.203
6.703,-0.5440213144999716,0.3026228337124689,2.484971900860945,5.382205500298527,up,down,down,down,0.0120608580796028,0.0061375155891436,0.0,3.1036906402892465e-05,11.218
6.719,-0.5404828171848147,0.2090952241177016,2.493549733664997,5.4220336733747345,up,down,down,down,0.0120608580796028,0.0061375155891436,0.0,3.1036906402892465e-05,11.234
6.735,-0.5369522943431092,0.20859681952699188,2.5020710143077944,5.461998639358517,up,down,down,down,0.0120608580796028,0.0061375155891436,0.0,3.1036906402892465e-05,11.25
6.750000000000001,-0.5313422374063385,0.3619429377050995,2.5099911605620786,5.499589105670042,up,down,down,down,0.0120608580796028,0.0061375155891436,0.0,3.1036906402892465e-05,11.265
6.766000000000001,-0.526772843626249,0.27352625317598883,2.518357880960913,5.539815898002226,up,down,down,down,0.0120608580796028,0.0061375155891436,0.0,3.1036906402892465e-05,11.281
6.782000000000001,-0.5223101144761343,0.2668597138025655,2.526652344376306,5.580175979804924,up,down,down,down,0.0120608580796028,0.0061375155891436,0.0,3.1036906402892465e-05,11.297
6.797,-0.5168681726522201,0.35073526351470774,2.534354118795931,5.618133528278713,up,down,down,down,0.0120608580796028,0.0061375155891436,0.0,3.1036906402892465e-05,11.312
6.813,-0.512125864021085,0.2843334313663417,2.542487870839891,5.6587482641958,up,down,down,down,0.0120608580796028,0.0061375155891436,0.0,3.1036906402892465e-05,11.328
6.828,-0.5071604077966042,0.3189695568857677,2.5500404551446865,5.696942226640686,up,down,down,down,0.0120608580796028,0.0061375155891436,0.0,3.1036906402892465e-05,11.343
6.844,-0.5022954582169844,0.29199849064663463,2.558017901823369,5.73780669349643,up,down,down,down,0.0120608580796028,0.0061375155891436,0.0,3.1036906402892465e-05,11.359
6.86,-0.4962267954041567,0.3672305677221279,2.565907879602912,5.77879809974784,up,down,down,down,0.0120608580796028,0.0061375155891436,0.0,3.1036906402892465e-05,11.375
6.875000000000001,-0.490971232417122,0.33831000772270253,2.5732198020777344,5.817341557360447,up,down,down,down,0.0120608580796028,0.0061375155891436,0.0,3.1036906402892465e-05,11.39
6.907000000000001,-0.4858275006902203,0.1486807583860731,2.5886521813085994,5.899931509094628,up,down,down,down,0.0120608580796028,0.0061375155891436,0.0,3.1036906402892465e-05,11.422
6.922,-0.4816211150490001,0.26836485133510124,2.595815983192806,5.938815020328386,up,down,down,down,0.0120608580796028,0.0061375155891436,0.0,3.1036906402892465e-05,11.437
6.938,-0.4760454429799522,0.3364186462358878,2.603379115407612,5.98040858111719,up,down,down,down,0.0120608580796028,0.0061375155891436,0.0,3.1036906402892465e-05,11.453
6.953,-0.4705876898233593,0.3517893523599111,2.6103868011697995,6.019511825491522,up,down,down,down,0.0120608580796028,0.0061375155891436,0.0,3.1036906402892465e-05,11.468
6.969,-0.4637611595833419,0.4145972819214873,2.6177633917156267,6.061337027034606,up,down,down,down,0.0120608580796028,0.0061375155891436,0.0,3.1036906402892465e-05,11.484
6.985,-0.4567610149700822,0.4254481802491285,2.625029368862628,6.103279369119232,up,down,down,down,0.0120608580796028,0.0061375155891436,0.0,3.1036906402892465e-05,11.5
7.000000000000001,-0.4498791777375572,0.4467282907553799,2.631737107574098,6.1427051176925085,up,down,down,down,0.0120608580796028,0.0061375155891436,0.0,3.1036906402892465e-05,11.515
7.016000000000001,-0.4412301335250851,0.5285044051998989,2.638767781814773,6.184869156807619,up,down,down,down,0.0120608580796028,0.0061375155891436,0.0,3.1036906402892465e-05,11.531
7.032000000000001,-0.4349146533281959,0.3826566542259726,2.6456787398601724,6.22714472898102,up,down,down,down,0.0120608580796028,0.0061375155891436,0.0,3.1036906402892465e-05,11.547
7.047,-0.4287034688790036,0.4020181051999192,2.6520638130428886,6.266877798127789,up,down,down,down,0.0120608580796028,0.0061375155891436,0.0,3.1036906402892465e-05,11.562
7.063,-0.4202514371915366,0.5161911223870842,2.658757252042027,6.3093643666484684,up,down,down,down,0.0120608580796028,0.0061375155891436,0.0,3.1036906402892465e-05,11.578
7.078,-0.413345478511573,0.4483363872512847,2.664917166175963,6.3492919247851045,up,down,down,down,0.0120608580796028,0.0061375155891436,0.0,3.1036906402892465e-05,11.593
7.094,-0.4067063260735359,0.4028861692977183,2.6713793803632178,6.391982297157418,up,down,down,down,0.0120608580796028,0.0061375155891436,0.0,3.1036906402892465e-05,11.609
7.125000000000001,-0.3998142470898588,0.2102642704261043,2.6836901862639877,6.474985875440142,up,down,down,down,0.0120608580796028,0.0061375155891436,0.0,3.1036906402892465e-05,11.64
7.141000000000001,-0.3934964157437103,0.3828036010546778,2.6899384713172294,6.517974904700791,up,down,down,down,0.0120608580796028,0.0061375155891436,0.0,3.1036906402892465e-05,11.656
7.157000000000001,-0.3857621587728896,0.4713302025966937,2.696074339663936,6.561063007188641,up,down,down,down,0.0120608580796028,0.0061375155891436,0.0,3.1036906402892465e-05,11.672
7.172,-0.3782358348393284,0.48969407082451966,2.70171226188219,6.601546406700233,up,down,down,down,0.0120608580796028,0.0061375155891436,0.0,3.1036906402892465e-05,11.687
7.188,-0.3722713808593595,0.3607175156684474,2.707618119358353,6.644821049750158,up,down,down,down,0.0120608580796028,0.0061375155891436,0.0,3.1036906402892465e-05,11.703
7.203,-0.3667030786181175,0.3591592913365199,2.713068365070597,6.685476198383377,up,down,down,down,0.0120608580796028,0.0061375155891436,0.0,3.1036906402892465e-05,11.718
7.219,-0.3611746679392684,0.33346480934846734,2.71879318679363,6.728931090798291,up,down,down,down,0.0120608580796028,0.0061375155891436,0.0,3.1036906402892465e-05,11.734
7.235,-0.3537738482729473,0.4504903710654663,2.7244145746739017,6.772476752890031,up,down,down,down,0.0120608580796028,0.0061375155891436,0.0,3.1036906402892465e-05,11.75
7.250000000000001,-0.3476615472447032,0.39542587713664873,2.729583277406447,6.813381736780635,up,down,down,down,0.0120608580796028,0.0061375155891436,0.0,3.1036906402892465e-05,11.765
7.266000000000001,-0.3416582271956815,0.3631466449842537,2.734999635352544,6.857098400082707,up,down,down,down,0.0120608580796028,0.0061375155891436,0.0,3.1036906402892465e-05,11.781
7.282000000000001,-0.3331274573350028,0.5211122582128148,2.7402997205793627,6.9009007949301635,up,down,down,down,0.0120608580796028,0.0061375155891436,0.0,3.1036906402892465e-05,11.797
7.297,-0.3254646293981923,0.4987943377078051,2.745147098496024,6.942041646073225,up,down,down,down,0.0120608580796028,0.0061375155891436,0.0,3.1036906402892465e-05,11.812
7.313,-0.3199546655873479,0.33231188009817525,2.750212252606482,6.9860045208820445,up,down,down,down,0.0120608580796028,0.0061375155891436,0.0,3.1036906402892465e-05,11.828
7.328,-0.3144992556650336,0.35163313674133695,2.754878594282037,7.02729270223371,up,down,down,down,0.0120608580796028,0.0061375155891436,0.0,3.1036906402892465e-05,11.843
7.344,-0.3058059737266809,0.5312692630674422,2.759742835867745,7.071409673674909,up,down,down,down,0.0120608580796028,0.0061375155891436,0.0,3.1036906402892465e-05,11.859
7.36,-0.2965079931248268,0.5690629295362748,2.7644631473531307,7.115603321540676,up,down,down,down,0.0120608580796028,0.0061375155891436,0.0,3.1036906402892465e-05,11.875
7.375000000000001,-0.2908497045824844,0.3651583780765432,2.7687762673520986,7.157102617150967,up,down,down,down,0.0120608580796028,0.0061375155891436,0.0,3.1036906402892465e-05,11.89
7.407000000000001,-0.283267460598207,0.2248842664290665,2.777765741496137,7.245847289292539,up,down,down,down,0.0120608580796028,0.0061375155891436,0.0,3.1036906402892465e-05,11.922
7.422,-0.2758859106426693,0.4800424722896126,2.781867329046606,7.287544537321606,up,down,down,down,0.0120608580796028,0.0061375155891436,0.0,3.1036906402892465e-05,11.937
7.438,-0.2691452072091528,0.409233106515179,2.7861293777399943,7.3320885109758995,up,down,down,down,0.0120608580796028,0.0061375155891436,0.0,3.1036906402892465e-05,11.953
7.453,-0.26188325438059573,0.47206933049085403,2.7900200284680805,7.373909631522461,up,down,down,down,0.0120608580796028,0.0061375155891436,0.0,3.1036906402892465e-05,11.968
7.469,-0.2562900903825653,0.3375118917972999,2.79406721497676,7.41858232947002,up,down,down,down,0.0120608580796028,0.0061375155891436,0.0,3.1036906402892465e-05,11.984
7.485,-0.25090407269201787,0.32456524757960703,2.79802656803193,7.46331907973409,up,down,down,down,0.0120608580796028,0.0061375155891436,0.0,3.1036906402892465e-05,12.0
7.500000000000001,-0.2463756896455943,0.2898313450152895,2.801664103515625,7.5053167597706985,up,down,down,down,0.0120608580796028,0.0061375155891436,0.0,3.1036906402892465e-05,12.015
7.516000000000001,-0.2396245101987037,0.4098878573510613,2.805453904864953,7.550173703837743,up,down,down,down,0.0120608580796028,0.0061375155891436,0.0,3.1036906402892465e-05,12.031
7.532000000000001,-0.2330317512388155,0.39998657691340933,2.809136954707027,7.595090430714318,up,down,down,down,0.0120608580796028,0.0061375155891436,0.0,3.1036906402892465e-05,12.047
7.547,-0.2282069547083693,0.3095922439501702,2.8125041822677934,7.637252739241626,up,down,down,down,0.0120608580796028,0.0061375155891436,0.0,3.1036906402892465e-05,12.062
7.563,-0.2231543702299436,0.3037256718220041,2.816016872617874,7.6822809076807115,up,down,down,down,0.0120608580796028,0.0061375155891436,0.0,3.1036906402892465e-05,12.078
7.578,-0.2181809685629687,0.31949925305204513,2.819234824924984,7.724545295412285,up,down,down,down,0.0120608580796028,0.0061375155891436,0.0,3.1036906402892465e-05,12.093
7.594,-0.2135984135239041,0.2743488318619327,2.8225908597322524,7.7696799008895425,up,down,down,down,0.0120608580796028,0.0061375155891436,0.0,3.1036906402892465e-05,12.109
7.61,-0.2107964471704945,0.163062039008495,2.8258878183683813,7.814867730314347,up,down,down,down,0.0120608580796028,0.0061375155891436,0.0,3.1036906402892465e-05,12.125
7.641000000000001,-0.2059161511920865,0.14536804444968449,2.832156600659738,7.9025674188092845,up,down,down,down,0.0120608580796028,0.0061375155891436,0.0,3.1036906402892465e-05,12.156
7.657000000000001,-0.1987987329855655,0.4327777798279599,2.8352961194837327,7.947907040570432,up,down,down,down,0.0120608580796028,0.0061375155891436,0.0,3.1036906402892465e-05,12.172
7.672,-0.19436733237150242,0.28336584952462823,2.838152802240073,7.990457907483357,up,down,down,down,0.0120608580796028,0.0061375155891436,0.0,3.1036906402892465e-05,12.187
7.703,-0.1900099640098317,0.1284994116517063,2.8439203873507206,8.078530041922017,up,down,down,down,0.0120608580796028,0.0061375155891436,0.0,3.1036906402892465e-05,12.218
7.719,-0.1840210770974017,0.36224457394727483,2.846814435430152,8.124055920504263,up,down,down,down,0.0120608580796028,0.0061375155891436,0.0,3.1036906402892465e-05,12.234
7.735,-0.18039841326893571,0.2143556311995212,2.8496315911036567,8.169627488716534,up,down,down,down,0.0120608580796028,0.0061375155891436,0.0,3.1036906402892465e-05,12.25
7.750000000000001,-0.1755459899609447,0.3114340291197823,2.8522091113940435,8.212391293985268,up,down,down,down,0.0120608580796028,0.0061375155891436,0.0,3.1036906402892465e-05,12.265
7.766000000000001,-0.1700820627515326,0.3294345925086553,2.854875935566317,8.25804797436095,up,down,down,down,0.0120608580796028,0.0061375155891436,0.0,3.1036906402892465e-05,12.281
7.782000000000001,-0.1675102836375596,0.1486753365437091,2.8574784740880035,8.303746809638184,up,down,down,down,0.0120608580796028,0.0061375155891436,0.0,3.1036906402892465e-05,12.297
7.797,-0.16508540918393771,0.1495974388285395,2.859880879050327,8.346627004786718,up,down,down,down,0.0120608580796028,0.0061375155891436,0.0,3.1036906402892465e-05,12.312
7.813,-0.16155046697795142,0.20887302979453878,2.862395765810196,8.392405217945603,up,down,down,down,0.0120608580796028,0.0061375155891436,0.0,3.1036906402892465e-05,12.328
7.844,-0.15981080648195511,0.044057222436405,2.867186602565561,8.48121374465543,up,down,down,down,0.0120608580796028,0.0061375155891436,0.0,3.1036906402892465e-05,12.359
7.86,-0.1581615181437214,0.0910196630600061,2.86963218091314,8.52710829492326,up,down,down,down,0.0120608580796028,0.0061375155891436,0.0,3.1036906402892465e-05,12.375
7.875000000000001,-0.15654381944673001,0.0957857217198167,2.871900408211232,8.570169789341694,up,down,down,down,0.0120608580796028,0.0061375155891436,0.0,3.1036906402892465e-05,12.39
7.891000000000001,-0.15440654027513281,0.1215190901452238,2.87428981083958,8.6161393110941,up,down,down,down,0.0120608580796028,0.0061375155891436,0.0,3.1036906402892465e-05,12.406
7.907000000000001,-0.1522936024980587,0.1199977529875288,2.876645211732339,8.662146791274676,up,down,down,down,0.0120608580796028,0.0061375155891436,0.0,3.1036906402892465e-05,12.422
7.922,-0.15154453040512542,0.03787728144928709,2.878831934995276,8.70531286987513,up,down,down,down,0.0120608580796028,0.0061375155891436,0.0,3.1036906402892465e-05,12.437
7.938,-0.1489590601172085,0.1495310349152027,2.8811377634700284,8.751392627462852,up,down,down,down,0.0120608580796028,0.0061375155891436,0.0,3.1036906402892465e-05,12.453
7.969,-0.144147466266256,0.14315184678983078,2.885490651645709,8.840775367897148,up,down,down,down,0.0120608580796028,0.0061375155891436,0.0,3.1036906402892465e-05,12.484
7.985,-0.1412162791914894,0.1711383340933085,2.8876753613599444,8.886960696001193,up,down,down,down,0.0120608580796028,0.0061375155891436,0.0,3.1036906402892465e-05,12.5
8.016000000000002,-0.1382839398000914,0.0825307351912996,2.8918173517710506,8.976542833054724,up,down,down,down,0.0120608580796028,0.0061375155891436,0.0,3.1036906402892465e-05,12.531
8.032,-0.1338633975430063,0.2642230329882159,2.893896330220369,9.022828542510656,up,down,down,down,0.0120608580796028,0.0061375155891436,0.0,3.1036906402892465e-05,12.547
8.047,-0.1310129100417185,0.1779716420062659,2.8957908397934173,9.066251196285755,up,down,down,down,0.0120608580796028,0.0061375155891436,0.0,3.1036906402892465e-05,12.562
8.062999999999999,-0.1282560139925176,0.1602451449954482,2.8977667909362648,9.112599657331593,up,down,down,down,0.0120608580796028,0.0061375155891436,0.0,3.1036906402892465e-05,12.578
8.078,-0.12500714321541279,0.2045305270607079,2.899574201881487,9.156079714777727,up,down,down,down,0.0120608580796028,0.0061375155891436,0.0,3.1036906402892465e-05,12.593
8.094000000000001,-0.1215283373564197,0.2053645081074709,2.9014482854766355,9.202487894676594,up,down,down,down,0.0120608580796028,0.0061375155891436,0.0,3.1036906402892465e-05,12.609
8.11,-0.118400435324954,0.1834330188869985,2.90326951540866,9.248925637083675,up,down,down,down,0.0120608580796028,0.0061375155891436,0.0,3.1036906402892465e-05,12.625
8.125,-0.1153285064141246,0.19273440264235028,2.904930419737866,9.292487136597277,up,down,down,down,0.0120608580796028,0.0061375155891436,0.0,3.1036906402892465e-05,12.64
8.141000000000002,-0.11311173263698031,0.1264875029919192,2.9066597414008486,9.338979857886388,up,down,down,down,0.0120608580796028,0.0061375155891436,0.0,3.1036906402892465e-05,12.656
8.172,-0.11071421383110891,0.065278458238831,2.9099387805878405,9.429137134977207,up,down,down,down,0.0120608580796028,0.0061375155891436,0.0,3.1036906402892465e-05,12.687
8.187999999999999,-0.10837126291379551,0.1343735742524847,2.9115932641523736,9.475709391335128,up,down,down,down,0.0120608580796028,0.0061375155891436,0.0,3.1036906402892465e-05,12.703
8.203,-0.1065262739613181,0.11093840541888729,2.9131129329451,9.519394687813358,up,down,down,down,0.0120608580796028,0.0061375155891436,0.0,3.1036906402892465e-05,12.718
8.219000000000001,-0.10474658377810711,0.09916977837108469,2.914704915557589,9.566017230601384,up,down,down,down,0.0120608580796028,0.0061375155891436,0.0,3.1036906402892465e-05,12.734
8.235,-0.1032174810692065,0.08350806122668519,2.916270427826941,9.61266503334846,up,down,down,down,0.0120608580796028,0.0061375155891436,0.0,3.1036906402892465e-05,12.75
8.25,-0.1039429841696701,0.060427731443840796,2.9177320685823958,9.656420052071532,up,down,down,down,0.0120608580796028,0.0061375155891436,0.0,3.1036906402892465e-05,12.765
8.266000000000002,-0.1007657794221916,0.186514438637804,2.919271538441704,9.703116080927723,up,down,down,down,0.0120608580796028,0.0061375155891436,0.0,3.1036906402892465e-05,12.781
8.282,-0.097662378579228,0.1819016946056199,2.920760763456289,9.749836339342908,up,down,down,down,0.0120608580796028,0.0061375155891436,0.0,3.1036906402892465e-05,12.797
8.297,-0.09453420275922031,0.1964841965875929,2.92211017508249,9.793657871381944,up,down,down,down,0.0120608580796028,0.0061375155891436,0.0,3.1036906402892465e-05,12.812
8.328,-0.0932955643869454,0.0278952184453929,2.924831273489992,9.88428546383482,up,down,down,down,0.0120608580796028,0.0061375155891436,0.0,3.1036906402892465e-05,12.843
8.344000000000001,-0.09209336144202131,0.0630768259781549,2.9262161846471977,9.931093843499918,up,down,down,down,0.0120608580796028,0.0061375155891436,0.0,3.1036906402892465e-05,12.859
8.36,-0.08901139136785291,0.1805622715559244,2.9275668224202502,9.97792410755646,up,down,down,down,0.0120608580796028,0.0061375155891436,0.0,3.1036906402892465e-05,12.875
8.375,-0.0868783388449489,0.1301426434473229,2.928793932663009,10.021846813219582,up,down,down,down,0.0120608580796028,0.0061375155891436,0.0,3.1036906402892465e-05,12.89
8.391000000000002,-0.0847636310360577,0.1201083799760986,2.930068868172631,10.068717715626269,up,down,down,down,0.0120608580796028,0.0061375155891436,0.0,3.1036906402892465e-05,12.906
8.407,-0.082802416682865,0.11051503899493649,2.9313111963049563,10.11560875614209,up,down,down,down,0.0120608580796028,0.0061375155891436,0.0,3.1036906402892465e-05,12.922
8.422,-0.07977740085862621,0.18960686353633768,2.9324384822026803,10.159586878730893,up,down,down,down,0.0120608580796028,0.0061375155891436,0.0,3.1036906402892465e-05,12.937
8.437999999999999,-0.0775452603110604,0.1274479261432608,2.9335988632426115,10.206515177494456,up,down,down,down,0.0120608580796028,0.0061375155891436,0.0,3.1036906402892465e-05,12.953
8.453,-0.07625769861516561,0.0737765883133755,2.9346603227007213,10.25052712138903,up,down,down,down,0.0120608580796028,0.0061375155891436,0.0,3.1036906402892465e-05,12.968
8.469000000000001,-0.0753197414314658,0.046561465901636,2.935774741971668,10.29749060190641,up,down,down,down,0.0120608580796028,0.0061375155891436,0.0,3.1036906402892465e-05,12.984
8.485,-0.0744087653437368,0.044875147403463,2.9368743697764432,10.344471794800395,up,down,down,down,0.0120608580796028,0.0061375155891436,0.0,3.1036906402892465e-05,13.0
8.5,-0.0731250864012586,0.07351773808560469,2.9378888109306938,10.3885325186557,up,down,down,down,0.0120608580796028,0.0061375155891436,0.0,3.1036906402892465e-05,13.015
8.516000000000002,-0.0715229644633179,0.08807176304169309,2.938947795088184,10.43554721150385,up,down,down,down,0.0120608580796028,0.0061375155891436,0.0,3.1036906402892465e-05,13.031
8.532,-0.0699648665558871,0.08532026113482069,2.939981497486911,10.482578645844452,up,down,down,down,0.0120608580796028,0.0061375155891436,0.0,3.1036906402892465e-05,13.047
8.547,-0.0678397500317834,0.1296135768606507,2.940922969377481,10.526685429345932,up,down,down,down,0.0120608580796028,0.0061375155891436,0.0,3.1036906402892465e-05,13.062
8.562999999999999,-0.0654870140918503,0.1349851381662174,2.9418913832410443,10.57374794416688,up,down,down,down,0.0120608580796028,0.0061375155891436,0.0,3.1036906402892465e-05,13.078
8.594000000000001,-0.0645231767946547,0.0190306676363845,2.9437162782165216,10.664974862919475,up,down,down,down,0.0120608580796028,0.0061375155891436,0.0,3.1036906402892465e-05,13.109
8.61,-0.062127679372039696,0.1376577308338359,2.944631284816429,10.712081643423739,up,down,down,down,0.0120608580796028,0.0061375155891436,0.0,3.1036906402892465e-05,13.125
8.625,-0.061355933688659395,0.039388854145744,2.945465349180547,10.756257368178717,up,down,down,down,0.0120608580796028,0.0061375155891436,0.0,3.1036906402892465e-05,13.14
8.657,-0.060615568160985095,0.0110755646602194,2.947220492711289,10.850540341648987,up,down,down,down,0.0120608580796028,0.0061375155891436,0.0,3.1036906402892465e-05,13.172
8.672,-0.0613323286511721,0.0598448907587389,2.948043039203543,10.894754818138345,up,down,down,down,0.0120608580796028,0.0061375155891436,0.0,3.1036906402892465e-05,13.187
8.687999999999999,-0.0576134984295179,0.22036603077378458,2.9488964055707623,10.94193033369654,up,down,down,down,0.0120608580796028,0.0061375155891436,0.0,3.1036906402892465e-05,13.203
8.719000000000001,-0.0557012554591622,0.049624399028646,2.9504625212727733,11.033370397062617,up,down,down,down,0.0120608580796028,0.0061375155891436,0.0,3.1036906402892465e-05,13.234
8.735,-0.053777768521337296,0.10815707553444999,2.951240153215191,11.08058401845852,up,down,down,down,0.0120608580796028,0.0061375155891436,0.0,3.1036906402892465e-05,13.25
8.75,-0.0499797222910362,0.24114222394046167,2.9519262716624466,11.124857766645103,up,down,down,down,0.0120608580796028,0.0061375155891436,0.0,3.1036906402892465e-05,13.265
8.766000000000002,-0.0463131647138385,0.2170989904952528,2.952598414509059,11.172093964134476,up,down,down,down,0.0120608580796028,0.0061375155891436,0.0,3.1036906402892465e-05,13.281
8.797,-0.0456666511310287,0.0,2.953833838671391,11.263643664058769,up,down,down,down,0.0120608580796028,0.0061375155891436,0.0,3.1036906402892465e-05,13.312
8.812999999999999,-0.0451294885741066,0.021511801728031802,2.9544620075396058,11.31091003082846,up,down,down,down,0.0120608580796028,0.0061375155891436,0.0,3.1036906402892465e-05,13.328
8.828,-0.0465326541500167,0.1056052298069417,2.9550574108761998,11.355231426466577,up,down,down,down,0.0120608580796028,0.0061375155891436,0.0,3.1036906402892465e-05,13.343
8.844000000000001,-0.0482277951244255,0.1180071689801536,2.9557172942209684,11.402517624107356,up,down,down,down,0.0120608580796028,0.0061375155891436,0.0,3.1036906402892465e-05,13.359
8.86,-0.0473863817732346,0.0405274763698298,2.956384007386724,11.449814434520217,up,down,down,down,0.0120608580796028,0.0061375155891436,0.0,3.1036906402892465e-05,13.375
8.875,-0.0466288571752481,0.0384407817861621,2.956997058945,11.494164792517708,up,down,down,down,0.0120608580796028,0.0061375155891436,0.0,3.1036906402892465e-05,13.39
8.891000000000002,-0.0469986805971326,0.035174821947385096,2.9576478789977525,11.541481952021247,up,down,down,down,0.0120608580796028,0.0061375155891436,0.0,3.1036906402892465e-05,13.406
8.907,-0.046810391136228,0.0,2.958300151322193,11.588809536263808,up,down,down,down,0.0120608580796028,0.0061375155891436,0.0,3.1036906402892465e-05,13.422
8.922,-0.0466258864812249,0.0,2.9589088606704865,11.633188603853752,up,down,down,down,0.0120608580796028,0.0061375155891436,0.0,3.1036906402892465e-05,13.437
8.937999999999999,-0.045875120242055,0.03486203186851709,2.9595506684748463,11.680536280086912,up,down,down,down,0.0120608580796028,0.0061375155891436,0.0,3.1036906402892465e-05,13.453
8.953,-0.0447182650015384,0.0650628246214985,2.960138056130336,11.724933945521453,up,down,down,down,0.0120608580796028,0.0061375155891436,0.0,3.1036906402892465e-05,13.468
8.985,-0.0428818747928083,0.04532633594321479,2.961343257868193,11.81967764654543,up,down,down,down,0.0120608580796028,0.0061375155891436,0.0,3.1036906402892465e-05,13.5
9.0,-0.041589025569139695,0.07412909016496509,2.9618847268870705,11.864101856431095,up,down,down,down,0.0120608580796028,0.0061375155891436,0.0,3.1036906402892465e-05,13.515
9.016000000000002,-0.039984256702759,0.0882371960691923,2.962439112895819,11.911496447149357,up,down,down,down,0.0120608580796028,0.0061375155891436,0.0,3.1036906402892465e-05,13.531
9.032,-0.038404620465698196,0.08666640673669769,2.9629680236637403,11.958899704241833,up,down,down,down,0.0120608580796028,0.0061375155891436,0.0,3.1036906402892465e-05,13.547
9.047,-0.0349751005597642,0.2165738023160147,2.9634263088375943,12.00334766173559,up,down,down,down,0.0120608580796028,0.0061375155891436,0.0,3.1036906402892465e-05,13.562
9.062999999999999,-0.0364967024550394,0.1071609765343078,2.9638998830122865,12.05076627127039,up,down,down,down,0.0120608580796028,0.0061375155891436,0.0,3.1036906402892465e-05,13.578
9.078,-0.0379098085125412,0.1062679285797178,2.964365869110706,12.095228264411315,up,down,down,down,0.0120608580796028,0.0061375155891436,0.0,3.1036906402892465e-05,13.593
9.094000000000001,-0.0371377225732682,0.036194513124961206,2.9648680491099664,12.14266213575708,up,down,down,down,0.0120608580796028,0.0061375155891436,0.0,3.1036906402892465e-05,13.609
9.11,-0.0374487613545184,0.0315007819077378,2.9653665407319623,12.190104012475816,up,down,down,down,0.0120608580796028,0.0061375155891436,0.0,3.1036906402892465e-05,13.625
9.141000000000002,-0.0377398930193528,0.021452202106519,2.9663417018914937,12.28204549023648,up,down,down,down,0.0120608580796028,0.0061375155891436,0.0,3.1036906402892465e-05,13.656
9.157,-0.0371953775549424,0.021971358446045,2.9668429838066617,12.329510967722067,up,down,down,down,0.0120608580796028,0.0061375155891436,0.0,3.1036906402892465e-05,13.672
9.172,-0.035405964969076,0.1072333143115002,2.9672954311417548,12.374017005834174,up,down,down,down,0.0120608580796028,0.0061375155891436,0.0,3.1036906402892465e-05,13.687
9.187999999999999,-0.0364204672075291,0.0754672479829226,2.967771842349741,12.421497544022108,up,down,down,down,0.0120608580796028,0.0061375155891436,0.0,3.1036906402892465e-05,13.703
9.203,-0.0374415318897919,0.0801318368971214,2.968233744609134,12.466017585924304,up,down,down,down,0.0120608580796028,0.0061375155891436,0.0,3.1036906402892465e-05,13.718
9.219000000000001,-0.0379812341639595,0.0457922502150748,2.968738926488138,12.513513367293081,up,down,down,down,0.0120608580796028,0.0061375155891436,0.0,3.1036906402892465e-05,13.734
9.235,-0.0372299601334517,0.0348937688271338,2.969242415793091,12.561017218031331,up,down,down,down,0.0120608580796028,0.0061375155891436,0.0,3.1036906402892465e-05,13.75
9.25,-0.0371419284723088,0.0,2.969708142223797,12.60555934721646,up,down,down,down,0.0120608580796028,0.0061375155891436,0.0,3.1036906402892465e-05,13.765
9.282,-0.0369455591415323,0.0,2.970697141526766,12.70060583175647,up,down,down,down,0.0120608580796028,0.0061375155891436,0.0,3.1036906402892465e-05,13.797
9.297,-0.0368635570808155,0.0,2.971158647164596,12.745169750171652,up,down,down,down,0.0120608580796028,0.0061375155891436,0.0,3.1036906402892465e-05,13.812
9.312999999999999,-0.0390971222721958,0.151658682540871,2.971668132349994,12.792712364407768,up,down,down,down,0.0120608580796028,0.0061375155891436,0.0,3.1036906402892465e-05,13.828
9.328,-0.037468949878315096,0.09648396817910569,2.9721503151572857,12.837291002764074,up,down,down,down,0.0120608580796028,0.0061375155891436,0.0,3.1036906402892465e-05,13.843
9.344000000000001,-0.0349640665365402,0.1444943507813282,2.972631579039178,12.884849257917645,up,down,down,down,0.0120608580796028,0.0061375155891436,0.0,3.1036906402892465e-05,13.859
9.36,-0.0325749139314925,0.1372611797358773,2.973073690633496,12.932414900075027,up,down,down,down,0.0120608580796028,0.0061375155891436,0.0,3.1036906402892465e-05,13.875
9.375,-0.0331719098051709,0.051860582991498,2.973474729077684,12.977014013222863,up,down,down,down,0.0120608580796028,0.0061375155891436,0.0,3.1036906402892465e-05,13.89
9.391000000000002,-0.032129526610312,0.053088091599081,2.973898940319581,13.024593002578044,up,down,down,down,0.0120608580796028,0.0061375155891436,0.0,3.1036906402892465e-05,13.906
9.407,-0.0312404279345219,0.043507809157279795,2.9743076997065137,13.07217865569825,up,down,down,down,0.0120608580796028,0.0061375155891436,0.0,3.1036906402892465e-05,13.922
9.422,-0.028958999521734002,0.14003436943960199,2.9746671326785985,13.116795966941135,up,down,down,down,0.0120608580796028,0.0061375155891436,0.0,3.1036906402892465e-05,13.937
9.437999999999999,-0.0273238350975794,0.0901369184300575,2.975019195106127,13.164393457563413,up,down,down,down,0.0120608580796028,0.0061375155891436,0.0,3.1036906402892465e-05,13.953
9.453,-0.025706530541567497,0.0957594456545227,2.975324860114583,13.209021037977571,up,down,down,down,0.0120608580796028,0.0061375155891436,0.0,3.1036906402892465e-05,13.968
9.469000000000001,-0.023439157563744803,0.1296499530343124,2.9756198253699995,13.256628595461446,up,down,down,down,0.0120608580796028,0.0061375155891436,0.0,3.1036906402892465e-05,13.984
9.5,-0.023413742748514703,0.0112410253302446,2.976155782341576,13.34888111738098,up,down,down,down,0.0120608580796028,0.0061375155891436,0.0,3.1036906402892465e-05,14.015
9.516000000000002,-0.023401992808192697,0.0113264868094749,2.976432107976603,13.396501820503525,up,down,down,down,0.0120608580796028,0.0061375155891436,0.0,3.1036906402892465e-05,14.031
9.532,-0.022491593874903397,0.044839075250975705,2.9767010564206418,13.444126885818703,up,down,down,down,0.0120608580796028,0.0061375155891436,0.0,3.1036906402892465e-05,14.047
9.547,-0.0226075633194823,0.0197921543848649,2.9769472373657626,13.488779248022094,up,down,down,down,0.0120608580796028,0.0061375155891436,0.0,3.1036906402892465e-05,14.062
9.562999999999999,-0.0226673426484484,0.0157970661399814,2.97721123636408,13.536412515811936,up,down,down,down,0.0120608580796028,0.0061375155891436,0.0,3.1036906402892465e-05,14.078
9.578,-0.0237773513071583,0.0860614353269277,2.9774675088349096,13.581072606400932,up,down,down,down,0.0120608580796028,0.0061375155891436,0.0,3.1036906402892465e-05,14.093
9.594000000000001,-0.024197568758227102,0.0383244487714023,2.9777531079460062,13.62871437133518,up,down,down,down,0.0120608580796028,0.0061375155891436,0.0,3.1036906402892465e-05,14.109
9.61,-0.0245034886641323,0.031180852198679502,2.978044516155959,13.676360752327994,up,down,down,down,0.0120608580796028,0.0061375155891436,0.0,3.1036906402892465e-05,14.125
9.625,-0.025354787578757802,0.0688141190546294,2.9783263904939434,13.721033534127871,up,down,down,down,0.0120608580796028,0.0061375155891436,0.0,3.1036906402892465e-05,14.14
9.641000000000002,-0.0262960647767726,0.0708906829555305,2.9786413970633614,13.76868927642833,up,down,down,down,0.0120608580796028,0.0061375155891436,0.0,3.1036906402892465e-05,14.156
9.672,-0.026551250847445397,0.0202926668109825,2.9792702674722733,13.861036907228627,up,down,down,down,0.0120608580796028,0.0061375155891436,0.0,3.1036906402892465e-05,14.187
9.687999999999999,-0.0268838155960082,0.032846154864777904,2.9795995477543946,13.908707865750443,up,down,down,down,0.0120608580796028,0.0061375155891436,0.0,3.1036906402892465e-05,14.203
9.703,-0.0257140550572447,0.0659231778379607,2.9799019690504567,13.953404127126479,up,down,down,down,0.0120608580796028,0.0061375155891436,0.0,3.1036906402892465e-05,14.218
9.735,-0.024615631202513102,0.022264887380758897,2.98051084353176,14.048770732127796,up,down,down,down,0.0120608580796028,0.0061375155891436,0.0,3.1036906402892465e-05,14.25
9.75,-0.0227612901441442,0.111561879144986,2.980774107708023,14.093480369262096,up,down,down,down,0.0120608580796028,0.0061375155891436,0.0,3.1036906402892465e-05,14.265
9.766000000000002,-0.0209497308057215,0.1011616005718156,2.981025595626196,14.141174766888769,up,down,down,down,0.0120608580796028,0.0061375155891436,0.0,3.1036906402892465e-05,14.281
9.782,-0.022224032171566196,0.0917046934448978,2.981272785480588,14.188873153937623,up,down,down,down,0.0120608580796028,0.0061375155891436,0.0,3.1036906402892465e-05,14.297
9.812999999999999,-0.0191195719528386,0.0880830199438709,2.981723348361253,14.281299594012166,up,down,down,down,0.0120608580796028,0.0061375155891436,0.0,3.1036906402892465e-05,14.328
9.828,-0.0190588430919972,0.0,2.981917623740252,14.326026901302932,up,down,down,down,0.0120608580796028,0.0061375155891436,0.0,3.1036906402892465e-05,14.343
9.844000000000001,-0.0190246101482962,0.0,2.982124091116748,14.373739235021787,up,down,down,down,0.0120608580796028,0.0061375155891436,0.0,3.1036906402892465e-05,14.359
9.86,-0.02110261850191,0.1419363801804667,2.9823469086965235,14.421455003020293,up,down,down,down,0.0120608580796028,0.0061375155891436,0.0,3.1036906402892465e-05,14.375
9.875,-0.0195050395757191,0.0944444036664488,2.9825594033982687,14.466191800361008,up,down,down,down,0.0120608580796028,0.0061375155891436,0.0,3.1036906402892465e-05,14.39
9.891000000000002,-0.0179132404059156,0.0874265900331199,2.982760549388696,14.513914359983302,up,down,down,down,0.0120608580796028,0.0061375155891436,0.0,3.1036906402892465e-05,14.406
9.907,-0.0192935500576804,0.0983302113149047,2.982960003462978,14.561640124406114,up,down,down,down,0.0120608580796028,0.0061375155891436,0.0,3.1036906402892465e-05,14.422
9.922,-0.018743717962372702,0.024594614940912,2.9831532202392914,14.60638597358388,up,down,down,down,0.0120608580796028,0.0061375155891436,0.0,3.1036906402892465e-05,14.437
9.937999999999999,-0.0181990418270085,0.021981400380662198,2.98335056206818,14.654118003842338,up,down,down,down,0.0120608580796028,0.0061375155891436,0.0,3.1036906402892465e-05,14.453
9.953,-0.0179769590029933,0.0,2.983529819340568,14.698869606702905,up,down,down,down,0.0120608580796028,0.0061375155891436,0.0,3.1036906402892465e-05,14.468
9.969000000000001,-0.019902366677729898,0.1323988377506395,2.983734653696588,14.746607722487202,up,down,down,down,0.0120608580796028,0.0061375155891436,0.0,3.1036906402892465e-05,14.484
9.985,-0.0191028956271387,0.03790608258234669,2.9839484955456004,14.794349187681139,up,down,down,down,0.0120608580796028,0.0061375155891436,0.0,3.1036906402892465e-05,14.5
10.0,-0.0183660792573671,0.037060233238504006,2.984137450123397,14.839109832273659,up,down,down,down,0.0120608580796028,0.0061375155891436,0.0,3.1036906402892465e-05,14.515
10.016000000000002,-0.0172924091139864,0.0550435258816888,2.984324517780941,14.886857528016893,up,down,down,down,0.0120608580796028,0.0061375155891436,0.0,3.1036906402892465e-05,14.531
10.032,-0.019665138044061198,0.1603564162092767,2.9845219779087797,14.934608299982411,up,down,down,down,0.0120608580796028,0.0061375155891436,0.0,3.1036906402892465e-05,14.547
10.047,-0.0219793877457429,0.16634417152506212,2.9847422491183657,14.97937778168511,up,down,down,down,0.0120608580796028,0.0061375155891436,0.0,3.1036906402892465e-05,14.562
10.078,-0.0187743788078069,0.0913265270151072,2.9851836695166822,15.071911633423955,up,down,down,down,0.0120608580796028,0.0061375155891436,0.0,3.1036906402892465e-05,14.593
10.094000000000001,-0.0156834732901635,0.1811207367731064,2.98536113208404,15.119675991836761,up,down,down,down,0.0120608580796028,0.0061375155891436,0.0,3.1036906402892465e-05,14.609
10.11,-0.0175092061054495,0.126169159034976,2.9855284732697784,15.167443108679592,up,down,down,down,0.0120608580796028,0.0061375155891436,0.0,3.1036906402892465e-05,14.625
10.125,-0.016204073067489798,0.0749480111177038,2.9856892601297385,15.212227241680091,up,down,down,down,0.0120608580796028,0.0061375155891436,0.0,3.1036906402892465e-05,14.64
10.141000000000002,-0.0148790512204541,0.07075300736013189,2.985839724874616,15.259999473560125,up,down,down,down,0.0120608580796028,0.0061375155891436,0.0,3.1036906402892465e-05,14.656
10.157,-0.0136330976290128,0.0658112413854788,2.985969621815985,15.307773948333649,up,down,down,down,0.0120608580796028,0.0061375155891436,0.0,3.1036906402892465e-05,14.672
10.172,-0.015765889006216102,0.1542469498931707,2.986098051481912,15.35256445588338,up,down,down,down,0.0120608580796028,0.0061375155891436,0.0,3.1036906402892465e-05,14.687
10.203,-0.0164559940070158,0.034322309718301997,2.986407227685354,15.445138287710476,up,down,down,down,0.0120608580796028,0.0061375155891436,0.0,3.1036906402892465e-05,14.718
10.219000000000001,-0.0143215577803913,0.1213414060844257,2.986555247850227,15.492921987514759,up,down,down,down,0.0120608580796028,0.0061375155891436,0.0,3.1036906402892465e-05,14.734
10.235,-0.017112683787390198,0.186506233517029,2.986708521533343,15.540708097669826,up,down,down,down,0.0120608580796028,0.0061375155891436,0.0,3.1036906402892465e-05,14.75
10.25,-0.0197885202280118,0.19044995412103852,2.986893217829621,15.585510110715052,up,down,down,down,0.0120608580796028,0.0061375155891436,0.0,3.1036906402892465e-05,14.765
10.266000000000002,-0.0177296949942977,0.1166157190275311,2.9870951633019733,15.633302017764105,up,down,down,down,0.0120608580796028,0.0061375155891436,0.0,3.1036906402892465e-05,14.781
10.282,-0.0181268638355262,0.036883910656386104,2.9872838155231856,15.681097049594706,up,down,down,down,0.0120608580796028,0.0061375155891436,0.0,3.1036906402892465e-05,14.797
10.297,-0.020956191210872797,0.2006826831027233,2.9874848757021963,15.725907814778893,up,down,down,down,0.0120608580796028,0.0061375155891436,0.0,3.1036906402892465e-05,14.812
10.312999999999999,-0.0237187203825949,0.18471893131223702,2.987744074745518,15.773709646382475,up,down,down,down,0.0120608580796028,0.0061375155891436,0.0,3.1036906402892465e-05,14.828
10.328,-0.0210108010228501,0.1684670992367098,2.9879874834222218,15.818527633068735,up,down,down,down,0.0120608580796028,0.0061375155891436,0.0,3.1036906402892465e-05,14.843
