timestamps,aAcc,aJerk,aVelocity,aHeight,jerks_direction,accelerations_direction,velocities_direction,heights_direction,start_jerks,start_accelerations,start_velocities,start_heights,actual_timestamps
0.0,0.0,0.0,0.0,0.0,down,up,up,down,0.0911162609670177,0.0014996243573293,-3.939086051094801,-94.76909374058404,31.922
0.015000000000000568,0.0,0.11151927178966921,0.0,0.05908613927371675,down,up,up,down,0.0911162609670177,0.0014996243573293,-3.939086051094801,-94.76909374058404,31.937
0.030999999999998806,0.0,0.0987099447376976,0.0,0.12211104790459615,down,up,up,down,0.0911162609670177,0.0014996243573293,-3.939086051094801,-94.76909374058404,31.953
0.0470000000000006,0.0,0.0966697574002919,0.0,0.18513567999380598,down,up,up,down,0.0911162609670177,0.0014996243573293,-3.939086051094801,-94.76909374058404,31.969
0.062000000000001165,0.0,0.126432046547079,0.0,0.24422106844407665,down,up,up,down,0.0911162609670177,0.0014996243573293,-3.939086051094801,-94.76909374058404,31.984
0.0779999999999994,0.0,0.12292295612136721,0.0,0.30724537111201755,down,up,up,down,0.0911162609670177,0.0014996243573293,-3.939086051094801,-94.76909374058404,32.0
0.10899999999999821,0.0,0.1417879969337681,0.0,0.42935531219023915,down,up,up,down,0.0911162609670177,0.0014996243573293,-3.939086051094801,-94.76909374058404,32.031
0.13999999999999702,0.0,0.0732878059115227,0.0,0.5514663059160796,down,up,up,down,0.0911162609670177,0.0014996243573293,-3.939086051094801,-94.76909374058404,32.062
0.15600000000000236,0.0,0.05644211715394451,0.0,0.6144917716212035,down,up,up,down,0.0911162609670177,0.0014996243573293,-3.939086051094801,-94.76909374058404,32.078
0.1720000000000006,0.0,0.06846059857178291,0.0,0.6775173824396177,down,up,up,down,0.0911162609670177,0.0014996243573293,-3.939086051094801,-94.76909374058404,32.094
0.18700000000000117,0.0,0.05288334599901311,0.0,0.7366039184084343,down,up,up,down,0.0911162609670177,0.0014996243573293,-3.939086051094801,-94.76909374058404,32.109
0.2029999999999994,0.0,0.055361195338651505,0.0,0.7996294511036837,down,up,up,down,0.0911162609670177,0.0014996243573293,-3.939086051094801,-94.76909374058404,32.125
0.21799999999999997,0.0,0.162225080262196,0.0,0.8587157523184032,down,up,up,down,0.0911162609670177,0.0014996243573293,-3.939086051094801,-94.76909374058404,32.14
0.2339999999999982,0.0,0.1337728337121812,0.0,0.9217411391439612,down,up,up,down,0.0911162609670177,0.0014996243573293,-3.939086051094801,-94.76909374058404,32.156
0.24999999999999645,0.0,0.13194496526136001,0.0,0.9847667186186158,down,up,up,down,0.0911162609670177,0.0014996243573293,-3.939086051094801,-94.76909374058404,32.172
0.264999999999997,0.0,0.06311921152580291,0.0,1.0438534651052862,down,up,up,down,0.0911162609670177,0.0014996243573293,-3.939086051094801,-94.76909374058404,32.187
0.28100000000000236,0.0,0.0927649158692814,0.0,1.1068796012113182,down,up,up,down,0.0911162609670177,0.0014996243573293,-3.939086051094801,-94.76909374058404,32.203
0.2970000000000006,0.0,0.10627752661750671,0.0,1.1699060121537173,down,up,up,down,0.0911162609670177,0.0014996243573293,-3.939086051094801,-94.76909374058404,32.219
0.31200000000000117,0.0,0.1046417666566882,0.0,1.2289935627099595,down,up,up,down,0.0911162609670177,0.0014996243573293,-3.939086051094801,-94.76909374058404,32.234
0.34299999999999997,0.0,0.0821599432208485,0.0,1.3511087881092436,down,up,up,down,0.0911162609670177,0.0014996243573293,-3.939086051094801,-94.76909374058404,32.265
0.3589999999999982,0.0,0.087863966607305,0.0,1.4141364787583939,down,up,up,down,0.0911162609670177,0.0014996243573293,-3.939086051094801,-94.76909374058404,32.281
0.389999999999997,0.0,0.0729049456881701,0.0,1.5362533272832621,down,up,up,down,0.0911162609670177,0.0014996243573293,-3.939086051094801,-94.76909374058404,32.312
0.40600000000000236,0.0,0.06051146363295071,0.0,1.5992816314050344,down,up,up,down,0.0911162609670177,0.0014996243573293,-3.939086051094801,-94.76909374058404,32.328
0.4220000000000006,0.0,0.06008120433230481,0.0,1.662309955843142,down,up,up,down,0.0911162609670177,0.0014996243573293,-3.939086051094801,-94.76909374058404,32.344
0.43700000000000117,0.0,0.1427596651408891,0.0,1.7213989867727548,down,up,up,down,0.0911162609670177,0.0014996243573293,-3.939086051094801,-94.76909374058404,32.359
0.4529999999999994,0.0,0.11905056048710341,0.0,1.784427357631344,down,up,up,down,0.0911162609670177,0.0014996243573293,-3.939086051094801,-94.76909374058404,32.375
0.46799999999999997,0.0,0.1540341970969882,0.0,1.843516669004444,down,up,up,down,0.0911162609670177,0.0014996243573293,-3.939086051094801,-94.76909374058404,32.39
0.4839999999999982,0.0,0.0,0.0,1.9065455544229621,down,up,up,down,0.0911162609670177,0.0014996243573293,-3.939086051094801,-94.76909374058404,32.406
0.49999999999999645,0.0,0.1496972434306093,0.0,1.9695746756223542,down,up,up,down,0.0911162609670177,0.0014996243573293,-3.939086051094801,-94.76909374058404,32.422
0.5310000000000024,0.0,0.1419179738322765,0.0,2.0916947849781167,down,up,up,down,0.0911162609670177,0.0014996243573293,-3.939086051094801,-94.76909374058404,32.453
0.5470000000000006,0.0,0.022039020592039507,0.0,2.154725322333846,down,up,up,down,0.0911162609670177,0.0014996243573293,-3.939086051094801,-94.76909374058404,32.469
0.5620000000000012,0.0,0.020316200624348302,0.0,2.213816862047679,down,up,up,down,0.0911162609670177,0.0014996243573293,-3.939086051094801,-94.76909374058404,32.484
0.5779999999999994,0.0,0.09309488185481711,0.0,2.2768480714364046,down,up,up,down,0.0911162609670177,0.0014996243573293,-3.939086051094801,-94.76909374058404,32.5
0.6089999999999982,0.0,0.09445817393038301,0.0,2.398971577000637,down,up,up,down,0.0911162609670177,0.0014996243573293,-3.939086051094801,-94.76909374058404,32.531
0.6249999999999964,0.0,0.1706153104341619,0.0,2.462003437791438,down,up,up,down,0.0911162609670177,0.0014996243573293,-3.939086051094801,-94.76909374058404,32.547
0.639999999999997,0.0,0.1733249348471795,0.0,2.521096284962127,down,up,up,down,0.0911162609670177,0.0014996243573293,-3.939086051094801,-94.76909374058404,32.562
0.6560000000000024,0.0,0.13146620845780732,0.0,2.584129445368177,down,up,up,down,0.0911162609670177,0.0014996243573293,-3.939086051094801,-94.76909374058404,32.578
0.6720000000000006,0.0,0.1270183744121959,0.0,2.647163615793744,down,up,up,down,0.0911162609670177,0.0014996243573293,-3.939086051094801,-94.76909374058404,32.594
0.6870000000000012,0.0,0.1282595685898718,0.0,2.7062592024365983,down,up,up,down,0.0911162609670177,0.0014996243573293,-3.939086051094801,-94.76909374058404,32.609
0.7029999999999994,0.0,0.0872984127948566,0.0,2.7692957210185654,down,up,up,down,0.0911162609670177,0.0014996243573293,-3.939086051094801,-94.76909374058404,32.625
0.718,0.0,0.0609826374415702,0.0,2.8283936057591603,down,up,up,down,0.0911162609670177,0.0014996243573293,-3.939086051094801,-94.76909374058404,32.64
0.7339999999999982,0.0,0.06194697992843771,0.0,2.8914324829884634,down,up,up,down,0.0911162609670177,0.0014996243573293,-3.939086051094801,-94.76909374058404,32.656
0.7499999999999964,0.0,0.10564840046788611,0.0,2.9544724583990956,down,up,up,down,0.0911162609670177,0.0014996243573293,-3.939086051094801,-94.76909374058404,32.672
0.7810000000000024,0.0,0.0815688468498037,0.0,3.0766154779574606,down,up,up,down,0.0911162609670177,0.0014996243573293,-3.939086051094801,-94.76909374058404,32.703
0.7970000000000006,0.0,0.07485411600126521,0.0,3.139658579854597,down,up,up,down,0.0911162609670177,0.0014996243573293,-3.939086051094801,-94.76909374058404,32.719
0.8120000000000012,0.0,0.05226288908353801,0.0,3.1987623521930857,down,up,up,down,0.0911162609670177,0.0014996243573293,-3.939086051094801,-94.76909374058404,32.734
0.8279999999999994,0.0,0.0553731438443919,0.0,3.261807170099516,down,up,up,down,0.0911162609670177,0.0014996243573293,-3.939086051094801,-94.76909374058404,32.75
0.843,0.0,0.05370647589688501,0.0,3.320912302650953,down,up,up,down,0.0911162609670177,0.0014996243573293,-3.939086051094801,-94.76909374058404,32.765
0.8589999999999982,0.0,0.03576130457959051,0.0,3.383958269076359,down,up,up,down,0.0911162609670177,0.0014996243573293,-3.939086051094801,-94.76909374058404,32.781
0.889999999999997,0.0,0.10221942042793901,0.0,3.5061108883117242,down,up,up,down,0.0911162609670177,0.0014996243573293,-3.939086051094801,-94.76909374058404,32.812
0.9060000000000024,0.0,0.099790684127967,0.0,3.569157740078964,down,up,up,down,0.0911162609670177,0.0014996243573293,-3.939086051094801,-94.76909374058404,32.828
0.9220000000000006,0.0,0.04694203196107961,0.0,3.6322043528487598,down,up,up,down,0.0911162609670177,0.0014996243573293,-3.939086051094801,-94.76909374058404,32.844
0.9370000000000012,0.0,0.08261934338255181,0.0,3.691310069710724,down,up,up,down,0.0911162609670177,0.0014996243573293,-3.939086051094801,-94.76909374058404,32.859
0.9529999999999994,0.0,0.08336348409031531,0.0,3.754355583425678,down,up,up,down,0.0911162609670177,0.0014996243573293,-3.939086051094801,-94.76909374058404,32.875
0.968,0.0,0.1597681518947736,0.0,3.813460241580117,down,up,up,down,0.0911162609670177,0.0014996243573293,-3.939086051094801,-94.76909374058404,32.89
0.9839999999999982,0.0,0.0,0.0,3.876504699096401,down,up,up,down,0.0911162609670177,0.0014996243573293,-3.939086051094801,-94.76909374058404,32.906
0.9999999999999964,0.0,0.0,0.0,3.93954843002858,down,up,up,down,0.0911162609670177,0.0014996243573293,-3.939086051094801,-94.76909374058404,32.922
1.014999999999997,0.0,0.27725905844462073,0.0,3.9986511903407234,down,up,up,down,0.0911162609670177,0.0014996243573293,-3.939086051094801,-94.76909374058404,32.937
1.0310000000000024,0.0,0.16408437217604183,0.0,4.061693694666403,down,up,up,down,0.0911162609670177,0.0014996243573293,-3.939086051094801,-94.76909374058404,32.953
1.0470000000000006,0.0,0.1624496858894073,0.0,4.124736137797399,down,up,up,down,0.0911162609670177,0.0014996243573293,-3.939086051094801,-94.76909374058404,32.969
1.0620000000000012,0.0,0.1941969823430355,0.0,4.183838658030496,down,up,up,down,0.0911162609670177,0.0014996243573293,-3.939086051094801,-94.76909374058404,32.984
1.0779999999999994,0.0,0.1362104832849322,0.0,4.246881908533581,down,up,up,down,0.0911162609670177,0.0014996243573293,-3.939086051094801,-94.76909374058404,33.0
1.093,0.0,0.189414888538831,0.0,4.30598573407724,down,up,up,down,0.0911162609670177,0.0014996243573293,-3.939086051094801,-94.76909374058404,33.015
1.1249999999999964,0.0,0.1364363389167958,0.0,4.432077587136035,down,up,up,down,0.0911162609670177,0.0014996243573293,-3.939086051094801,-94.76909374058404,33.047
1.139999999999997,0.0,0.01115525359319329,0.0,4.491185033635205,down,up,up,down,0.0911162609670177,0.0014996243573293,-3.939086051094801,-94.76909374058404,33.062
1.1560000000000024,0.0,0.0,0.0,4.554234108407201,down,up,up,down,0.0911162609670177,0.0014996243573293,-3.939086051094801,-94.76909374058404,33.078
1.1720000000000006,0.0,0.08076398543143101,0.0,4.617284063170473,down,up,up,down,0.0911162609670177,0.0014996243573293,-3.939086051094801,-94.76909374058404,33.094
1.2029999999999994,0.0,0.0944669821205745,0.0,4.739445545431764,down,up,up,down,0.0911162609670177,0.0014996243573293,-3.939086051094801,-94.76909374058404,33.125
1.218,0.0,0.09639962090761371,0.0,4.7985569862030815,down,up,up,down,0.0911162609670177,0.0014996243573293,-3.939086051094801,-94.76909374058404,33.14
1.2339999999999982,0.0,0.19148834656968,0.0,4.861610064847994,down,up,up,down,0.0911162609670177,0.0014996243573293,-3.939086051094801,-94.76909374058404,33.156
1.2499999999999964,0.0,0.03575871439574531,0.0,4.924664197348079,down,up,up,down,0.0911162609670177,0.0014996243573293,-3.939086051094801,-94.76909374058404,33.172
1.264999999999997,0.0,0.1915615000430848,0.0,4.983778480473873,down,up,up,down,0.0911162609670177,0.0014996243573293,-3.939086051094801,-94.76909374058404,33.187
1.2810000000000024,0.0,0.1817268900443241,0.0,5.046835047596176,down,up,up,down,0.0911162609670177,0.0014996243573293,-3.939086051094801,-94.76909374058404,33.203
1.2970000000000006,0.0,0.0768387434109001,0.0,5.109893250741621,down,up,up,down,0.0911162609670177,0.0014996243573293,-3.939086051094801,-94.76909374058404,33.219
1.3120000000000012,0.0,0.0,0.0,5.1690117771454,down,up,up,down,0.0911162609670177,0.0014996243573293,-3.939086051094801,-94.76909374058404,33.234
1.3279999999999994,0.0,0.0,0.0,5.232072802268803,down,up,up,down,0.0911162609670177,0.0014996243573293,-3.939086051094801,-94.76909374058404,33.25
1.343,0.0,0.1040915688492249,0.0,5.291193289971076,down,up,up,down,0.0911162609670177,0.0014996243573293,-3.939086051094801,-94.76909374058404,33.265
1.3589999999999982,0.0,0.06922905593578789,0.0,5.354255341778966,down,up,up,down,0.0911162609670177,0.0014996243573293,-3.939086051094801,-94.76909374058404,33.281
1.3749999999999964,0.0,0.0832125083524038,0.0,5.4173170857026065,down,up,up,down,0.0911162609670177,0.0014996243573293,-3.939086051094801,-94.76909374058404,33.297
1.389999999999997,0.0,0.020984558986425303,0.0,5.476436968250994,down,up,up,down,0.0911162609670177,0.0014996243573293,-3.939086051094801,-94.76909374058404,33.312
1.4060000000000024,0.0,0.02835764347520721,0.0,5.539497433419484,down,up,up,down,0.0911162609670177,0.0014996243573293,-3.939086051094801,-94.76909374058404,33.328
1.4370000000000012,0.0,0.0608831595044009,0.0,5.66167407366126,down,up,up,down,0.0911162609670177,0.0014996243573293,-3.939086051094801,-94.76909374058404,33.359
1.4529999999999994,0.0,0.0,0.0,5.724731161466778,down,up,up,down,0.0911162609670177,0.0014996243573293,-3.939086051094801,-94.76909374058404,33.375
1.468,0.0,0.12441507284589551,0.0,5.783845833583555,down,up,up,down,0.0911162609670177,0.0014996243573293,-3.939086051094801,-94.76909374058404,33.39
1.4839999999999982,0.0,0.1232211146592265,0.0,5.846900058121562,down,up,up,down,0.0911162609670177,0.0014996243573293,-3.939086051094801,-94.76909374058404,33.406
1.4999999999999964,0.0,0.015232199042447297,0.0,5.909952797673782,down,up,up,down,0.0911162609670177,0.0014996243573293,-3.939086051094801,-94.76909374058404,33.422
1.514999999999997,0.0,0.028940631199882688,0.0,5.9690631262771205,down,up,up,down,0.0911162609670177,0.0014996243573293,-3.939086051094801,-94.76909374058404,33.437
1.5310000000000024,0.010519393774544,0.1132385517445519,0.0,6.032111872409317,down,up,up,down,0.0911162609670177,0.0014996243573293,-3.939086051094801,-94.76909374058404,33.453
1.5470000000000006,0.0136881170109095,0.10692894130584919,0.0,6.0951575481338836,down,up,up,down,0.0911162609670177,0.0014996243573293,-3.939086051094801,-94.76909374058404,33.469
1.5779999999999994,0.0172404300484316,0.023474482178861694,0.0,6.217297020059121,down,up,up,down,0.0911162609670177,0.0014996243573293,-3.939086051094801,-94.76909374058404,33.5
1.593,0.0207054859179578,0.13988746366805138,0.0,6.276390517267302,down,up,up,down,0.0911162609670177,0.0014996243573293,-3.939086051094801,-94.76909374058404,33.515
1.6089999999999982,0.0243849405495506,0.1388496535075579,0.0,6.339418046506935,down,up,up,down,0.0911162609670177,0.0014996243573293,-3.939086051094801,-94.76909374058404,33.531
1.6249999999999964,0.0305603287127667,0.2948454992340283,0.0,6.402438789558204,down,up,up,down,0.0911162609670177,0.0014996243573293,-3.939086051094801,-94.76909374058404,33.547
1.639999999999997,0.0366421711887774,0.3143399041003493,0.0,6.461513310649337,down,up,up,down,0.0911162609670177,0.0014996243573293,-3.939086051094801,-94.76909374058404,33.562
1.6720000000000006,0.040528041466426794,0.030317185209512987,0.0,6.587510008051822,down,up,up,down,0.0911162609670177,0.0014996243573293,-3.939086051094801,-94.76909374058404,33.594
1.6870000000000012,0.046106257233636996,0.2807647901803136,0.0,6.646556297736822,down,up,up,down,0.0911162609670177,0.0014996243573293,-3.939086051094801,-94.76909374058404,33.609
1.7029999999999994,0.0515763872802281,0.250766866944966,0.0,6.70952718508012,down,up,up,down,0.0911162609670177,0.0014996243573293,-3.939086051094801,-94.76909374058404,33.625
1.718,0.056472885557440095,0.2353169575137664,0.0,6.76855010457156,down,up,up,down,0.0911162609670177,0.0014996243573293,-3.939086051094801,-94.76909374058404,33.64
1.7339999999999982,0.062469755162894096,0.2836880893738974,0.0,6.831493418170197,down,up,up,down,0.0911162609670177,0.0014996243573293,-3.939086051094801,-94.76909374058404,33.656
1.7499999999999964,0.0683268047065262,0.274949335510028,0.0,6.894420364556183,down,up,up,down,0.0911162609670177,0.0014996243573293,-3.939086051094801,-94.76909374058404,33.672
1.764999999999997,0.07320909484481321,0.2343697482521036,0.0,6.953398218942439,down,up,up,down,0.0911162609670177,0.0014996243573293,-3.939086051094801,-94.76909374058404,33.687
1.7810000000000024,0.0792537451938084,0.28667438584506,0.0,7.016289308605195,down,up,up,down,0.0911162609670177,0.0014996243573293,-3.939086051094801,-94.76909374058404,33.703
1.7970000000000006,0.0850953500288565,0.27398404122352443,0.010353582279412077,7.079159738400236,down,up,up,down,0.0911162609670177,0.0014996243573293,-3.939086051094801,-94.76909374058404,33.719
1.8120000000000012,0.0901651273002723,0.24686889046069532,0.011690530224740758,7.138080698322895,down,up,up,down,0.0911162609670177,0.0014996243573293,-3.939086051094801,-94.76909374058404,33.734
1.8279999999999994,0.0960545076531787,0.2769700110896675,0.013204281294084907,7.200906916648236,down,up,up,down,0.0911162609670177,0.0014996243573293,-3.939086051094801,-94.76909374058404,33.75
1.843,0.1021140564803069,0.3128536608415153,0.014713039890447366,7.2597838275057995,down,up,up,down,0.0911162609670177,0.0014996243573293,-3.939086051094801,-94.76909374058404,33.765
1.8749999999999964,0.1080206925347742,0.0934661157351052,0.018123183854121816,7.3853092015608865,down,up,up,down,0.0911162609670177,0.0014996243573293,-3.939086051094801,-94.76909374058404,33.797
1.889999999999997,0.1119716786389428,0.17228281264421652,0.019795621003285024,7.444111101290886,down,up,up,down,0.0911162609670177,0.0014996243573293,-3.939086051094801,-94.76909374058404,33.812
1.9060000000000024,0.1196961584874341,0.3916637295635228,0.02167295769001365,7.506804729478887,down,up,up,down,0.0911162609670177,0.0014996243573293,-3.939086051094801,-94.76909374058404,33.828
1.9220000000000006,0.1288119887720835,0.4786231318236364,0.023685016857807106,7.5694672424999965,down,up,up,down,0.0911162609670177,0.0014996243573293,-3.939086051094801,-94.76909374058404,33.844
1.9370000000000012,0.13865437814942538,0.5650430308557461,0.025713508975078625,7.628183044322682,down,up,up,down,0.0911162609670177,0.0014996243573293,-3.939086051094801,-94.76909374058404,33.859
1.9529999999999994,0.14825441596438438,0.5088861024679855,0.02803277331770504,7.690778450881837,down,up,up,down,0.0911162609670177,0.0014996243573293,-3.939086051094801,-94.76909374058404,33.875
1.968,0.1553481859985783,0.381801741312563,0.0303322871977878,7.749427003694393,down,up,up,down,0.0911162609670177,0.0014996243573293,-3.939086051094801,-94.76909374058404,33.89
1.9999999999999964,0.1647314530797139,0.20211083531850121,0.03550154940247463,7.874424415943807,down,up,up,down,0.0911162609670177,0.0014996243573293,-3.939086051094801,-94.76909374058404,33.922
2.014999999999997,0.1744273494068764,0.5552768275104578,0.03806773478648395,7.932958937078794,down,up,up,down,0.0911162609670177,0.0014996243573293,-3.939086051094801,-94.76909374058404,33.937
2.0310000000000024,0.1839063404691696,0.5013206804261106,0.04095839829520953,7.995352104831696,down,up,up,down,0.0911162609670177,0.0014996243573293,-3.939086051094801,-94.76909374058404,33.953
2.0470000000000006,0.19083458166679348,0.3418988138845249,0.04398031966201499,8.057697971905554,down,up,up,down,0.0911162609670177,0.0014996243573293,-3.939086051094801,-94.76909374058404,33.969
2.062000000000001,0.199909672149559,0.5138897712173224,0.04693339593099788,8.116102409805038,down,up,up,down,0.0911162609670177,0.0014996243573293,-3.939086051094801,-94.76909374058404,33.984
2.0779999999999994,0.20878593234534998,0.46365000126998207,0.05022695475667405,8.178350503817043,down,up,up,down,0.0911162609670177,0.0014996243573293,-3.939086051094801,-94.76909374058404,34.0
2.093,0.2173673820033332,0.48098038289851014,0.053445598979648956,8.236659250430435,down,up,up,down,0.0911162609670177,0.0014996243573293,-3.939086051094801,-94.76909374058404,34.015
2.108999999999998,0.225020636497824,0.3872121449387052,0.05700869711737511,8.29880099287918,down,up,up,down,0.0911162609670177,0.0014996243573293,-3.939086051094801,-94.76909374058404,34.031
2.1249999999999964,0.2324679442316597,0.3743404723977665,0.06069259975292818,8.36088475932172,down,up,up,down,0.0911162609670177,0.0014996243573293,-3.939086051094801,-94.76909374058404,34.047
2.139999999999997,0.241276349959957,0.49611078758611543,0.06426817632472481,8.41903384426756,down,up,up,down,0.0911162609670177,0.0014996243573293,-3.939086051094801,-94.76909374058404,34.062
2.1560000000000024,0.2506347133217179,0.493781449142842,0.0682274588206968,8.48099925600394,down,up,up,down,0.0911162609670177,0.0014996243573293,-3.939086051094801,-94.76909374058404,34.078
2.1720000000000006,0.2607302229147912,0.5398530886001305,0.07234237230030605,8.54290007417248,down,up,up,down,0.0911162609670177,0.0014996243573293,-3.939086051094801,-94.76909374058404,34.094
2.2029999999999994,0.2704746460264005,0.2232199684397453,0.08062253612397141,8.662640785675833,down,up,up,down,0.0911162609670177,0.0014996243573293,-3.939086051094801,-94.76909374058404,34.125
2.218,0.2786437014819345,0.45348743606856406,0.08476341809564403,8.720486681785616,down,up,up,down,0.0911162609670177,0.0014996243573293,-3.939086051094801,-94.76909374058404,34.14
2.233999999999998,0.28661918977498146,0.4073517573484716,0.08930951521541619,8.78211947513664,down,up,up,down,0.0911162609670177,0.0014996243573293,-3.939086051094801,-94.76909374058404,34.156
2.2499999999999964,0.2960746336528537,0.49984898140006156,0.09399505979255585,8.843678415354077,down,up,up,down,0.0911162609670177,0.0014996243573293,-3.939086051094801,-94.76909374058404,34.172
2.264999999999997,0.3054864097620395,0.5363354796453494,0.09852926198352785,8.901320773707198,down,up,up,down,0.0911162609670177,0.0014996243573293,-3.939086051094801,-94.76909374058404,34.187
2.2810000000000024,0.3146526397292142,0.48177311198120626,0.10351436836917705,8.962729801481913,down,up,up,down,0.0911162609670177,0.0014996243573293,-3.939086051094801,-94.76909374058404,34.203
2.2970000000000006,0.3238121778829601,0.48135487364216584,0.10864608089979111,9.024057894705265,down,up,up,down,0.0911162609670177,0.0014996243573293,-3.939086051094801,-94.76909374058404,34.219
2.312000000000001,0.3342780948173658,0.6066115346600014,0.11360425231040328,9.08147730797262,down,up,up,down,0.0911162609670177,0.0014996243573293,-3.939086051094801,-94.76909374058404,34.234
2.3279999999999994,0.3453053479066046,0.598087057110483,0.11906491384191176,9.142641331460922,down,up,up,down,0.0911162609670177,0.0014996243573293,-3.939086051094801,-94.76909374058404,34.25
2.343,0.3560225846399554,0.6233661879230077,0.12434736770137089,9.199902030115766,down,up,up,down,0.0911162609670177,0.0014996243573293,-3.939086051094801,-94.76909374058404,34.265
2.358999999999998,0.36464066964593117,0.4475140519065309,0.1301366677253748,9.260891534649843,down,up,up,down,0.0911162609670177,0.0014996243573293,-3.939086051094801,-94.76909374058404,34.281
2.3749999999999964,0.3735594136592883,0.46630523986786415,0.13606626238153297,9.3217872880265,down,up,up,down,0.0911162609670177,0.0014996243573293,-3.939086051094801,-94.76909374058404,34.297
2.389999999999997,0.3823075790184926,0.492094762979914,0.14175775919197697,9.378789898631126,down,up,up,down,0.0911162609670177,0.0014996243573293,-3.939086051094801,-94.76909374058404,34.312
2.4060000000000024,0.3920504857900351,0.5178154122541812,0.14797661770016424,9.439497400433524,down,up,up,down,0.0911162609670177,0.0014996243573293,-3.939086051094801,-94.76909374058404,34.328
2.4220000000000006,0.40205766339030546,0.534332339049949,0.15435347688332346,9.500104136494357,down,up,up,down,0.0911162609670177,0.0014996243573293,-3.939086051094801,-94.76909374058404,34.344
2.437000000000001,0.4118276350452277,0.5602151826944386,0.16048011098695003,9.556829175351766,down,up,up,down,0.0911162609670177,0.0014996243573293,-3.939086051094801,-94.76909374058404,34.359
2.4529999999999994,0.42130861676193376,0.5014450963271777,0.16716919499112404,9.617233357721446,down,up,up,down,0.0911162609670177,0.0014996243573293,-3.939086051094801,-94.76909374058404,34.375
2.468,0.4301635165505502,0.49921039160738806,0.17357773035632773,9.67376404654776,down,up,up,down,0.0911162609670177,0.0014996243573293,-3.939086051094801,-94.76909374058404,34.39
2.483999999999998,0.4404710777218579,0.5531063122397851,0.18056680110022327,9.733956267113598,down,up,up,down,0.0911162609670177,0.0014996243573293,-3.939086051094801,-94.76909374058404,34.406
2.514999999999997,0.45053494816875167,0.23352472119086032,0.19442388285660428,9.8502555790962,down,up,up,down,0.0911162609670177,0.0014996243573293,-3.939086051094801,-94.76909374058404,34.437
2.5310000000000024,0.4575344119410776,0.346350224803202,0.20171243172720255,9.910111865397084,down,up,up,down,0.0911162609670177,0.0014996243573293,-3.939086051094801,-94.76909374058404,34.453
2.5470000000000006,0.46556695172627727,0.4109174756080181,0.2091212366262578,9.969850572867756,down,up,up,down,0.0911162609670177,0.0014996243573293,-3.939086051094801,-94.76909374058404,34.469
2.562000000000001,0.4734237386319915,0.43266953274724446,0.216186161169305,10.025747058150714,down,up,up,down,0.0911162609670177,0.0014996243573293,-3.939086051094801,-94.76909374058404,34.484
2.5779999999999994,0.4802731714679762,0.3369732912820741,0.22383973043982097,10.085252227835355,down,up,up,down,0.0911162609670177,0.0014996243573293,-3.939086051094801,-94.76909374058404,34.5
2.593,0.4884763463364656,0.4557620635989234,0.23112784618871451,10.140926261777082,down,up,up,down,0.0911162609670177,0.0014996243573293,-3.939086051094801,-94.76909374058404,34.515
2.608999999999998,0.4965065347461621,0.4107705146390684,0.23903170322709189,10.200190362199265,down,up,up,down,0.0911162609670177,0.0014996243573293,-3.939086051094801,-94.76909374058404,34.531
2.6249999999999964,0.5031471935921488,0.3239249169071927,0.2470529270435149,10.259327061974616,down,up,up,down,0.0911162609670177,0.0014996243573293,-3.939086051094801,-94.76909374058404,34.547
2.639999999999997,0.5107204548747344,0.41376782453867117,0.25467942877237704,10.31465036007242,down,up,up,down,0.0911162609670177,0.0014996243573293,-3.939086051094801,-94.76909374058404,34.562
2.6560000000000024,0.517189058722689,0.313171479530014,0.26292669887087605,10.3735348878688,down,up,up,down,0.0911162609670177,0.0014996243573293,-3.939086051094801,-94.76909374058404,34.578
2.6720000000000006,0.5237713467932608,0.3202767434437593,0.27127837610471994,10.432286624086515,down,up,up,down,0.0911162609670177,0.0014996243573293,-3.939086051094801,-94.76909374058404,34.594
2.687000000000001,0.5325228717335797,0.49231873505422313,0.27922307710903205,10.487244153953839,down,up,up,down,0.0911162609670177,0.0014996243573293,-3.939086051094801,-94.76909374058404,34.609
2.718,0.5410449587376647,0.18378977142283048,0.29590986683641196,10.60044126090662,down,up,up,down,0.0911162609670177,0.0014996243573293,-3.939086051094801,-94.76909374058404,34.64
2.733999999999998,0.5466252848302044,0.2576541198167568,0.3046352227746718,10.658662277007238,down,up,up,down,0.0911162609670177,0.0014996243573293,-3.939086051094801,-94.76909374058404,34.656
2.7499999999999964,0.5526864445815285,0.2877062234907766,0.31345371059968175,10.716742942357754,down,up,up,down,0.0911162609670177,0.0014996243573293,-3.939086051094801,-94.76909374058404,34.672
2.764999999999997,0.5585999944139193,0.3031203945256864,0.3218108532575079,10.771064748895256,down,up,up,down,0.0911162609670177,0.0014996243573293,-3.939086051094801,-94.76909374058404,34.687
2.7810000000000024,0.5629757601275216,0.18236909613303592,0.3308074532835601,10.828869179260465,down,up,up,down,0.0911162609670177,0.0014996243573293,-3.939086051094801,-94.76909374058404,34.703
2.7970000000000006,0.5674559839711542,0.188897729260048,0.3398749012260658,10.886529097241905,down,up,up,down,0.0911162609670177,0.0014996243573293,-3.939086051094801,-94.76909374058404,34.719
2.812000000000001,0.5727506203665236,0.2618594987242638,0.3484489451239585,10.940452959160723,down,up,up,down,0.0911162609670177,0.0014996243573293,-3.939086051094801,-94.76909374058404,34.734
2.8279999999999994,0.5778976226251427,0.2305713801967103,0.3576781250576082,10.997829319416766,down,up,up,down,0.0911162609670177,0.0014996243573293,-3.939086051094801,-94.76909374058404,34.75
2.858999999999998,0.5822718156339626,0.0499867393175011,0.37570723970570086,11.108573513846864,down,up,up,down,0.0911162609670177,0.0014996243573293,-3.939086051094801,-94.76909374058404,34.781
2.8749999999999964,0.5865573749571631,0.176731196733044,0.3850818672201459,11.165512577808954,down,up,up,down,0.0911162609670177,0.0014996243573293,-3.939086051094801,-94.76909374058404,34.797
2.889999999999997,0.5903653129659467,0.1627462729518827,0.3939312817449294,11.218756269958163,down,up,up,down,0.0911162609670177,0.0014996243573293,-3.939086051094801,-94.76909374058404,34.812
2.9060000000000024,0.596391869424231,0.2855435176756193,0.40344933319377185,11.275402601856158,down,up,up,down,0.0911162609670177,0.0014996243573293,-3.939086051094801,-94.76909374058404,34.828
2.9220000000000006,0.6022884720473911,0.2774214029805331,0.4130627699152605,11.331895881848794,down,up,up,down,0.0911162609670177,0.0014996243573293,-3.939086051094801,-94.76909374058404,34.844
2.937000000000001,0.6085993958801232,0.3296119945484416,0.4221669232900771,11.384717949916194,down,up,up,down,0.0911162609670177,0.0014996243573293,-3.939086051094801,-94.76909374058404,34.859
2.9529999999999994,0.6130180510419336,0.18504968664616223,0.43196385685516914,11.44091028049256,down,up,up,down,0.0911162609670177,0.0014996243573293,-3.939086051094801,-94.76909374058404,34.875
2.983999999999998,0.6155738195779694,0.0,0.4510535192048546,11.549335178747555,down,up,up,down,0.0911162609670177,0.0014996243573293,-3.939086051094801,-94.76909374058404,34.906
2.9999999999999964,0.619628383509033,0.1622939847244868,0.46095913081926687,11.605064454364879,down,up,up,down,0.0911162609670177,0.0014996243573293,-3.939086051094801,-94.76909374058404,34.922
3.014999999999997,0.6226142204016991,0.1079395318773795,0.47029844471395776,11.657166313314804,down,up,up,down,0.0911162609670177,0.0014996243573293,-3.939086051094801,-94.76909374058404,34.937
3.0310000000000024,0.6255143637172171,0.0901426962527981,0.4803074673766292,11.71258684283562,down,up,up,down,0.0911162609670177,0.0014996243573293,-3.939086051094801,-94.76909374058404,34.953
3.0470000000000006,0.6292969920306,0.1452980086194352,0.4903699522123284,11.76784680029644,down,up,up,down,0.0911162609670177,0.0014996243573293,-3.939086051094801,-94.76909374058404,34.969
3.062000000000001,0.6324777823392793,0.1209364262782641,0.49985575738546295,11.819506398240861,down,up,up,down,0.0911162609670177,0.0014996243573293,-3.939086051094801,-94.76909374058404,34.984
3.0779999999999994,0.6355981635800205,0.10390756657932938,0.5100243589425335,11.874452734127743,down,up,up,down,0.0911162609670177,0.0014996243573293,-3.939086051094801,-94.76909374058404,35.0
3.093,0.6376735997957059,0.04724615341200368,0.5195963915332116,11.925816869265603,down,up,up,down,0.0911162609670177,0.0014996243573293,-3.939086051094801,-94.76909374058404,35.015
3.108999999999998,0.6415693103154769,0.1523656465186966,0.5298543288038169,11.980446640320423,down,up,up,down,0.0911162609670177,0.0014996243573293,-3.939086051094801,-94.76909374058404,35.031
3.1249999999999964,0.6441060330022541,0.0674289069565736,0.5401637255400753,12.034911872703177,down,up,up,down,0.0911162609670177,0.0014996243573293,-3.939086051094801,-94.76909374058404,35.047
3.139999999999997,0.6465957376739091,0.074864050476642,0.5498664831855069,12.085822936904165,down,up,up,down,0.0911162609670177,0.0014996243573293,-3.939086051094801,-94.76909374058404,35.062
3.1560000000000024,0.6498258778874959,0.11076750238209028,0.5602618500997187,12.139967287055399,down,up,up,down,0.0911162609670177,0.0014996243573293,-3.939086051094801,-94.76909374058404,35.078
3.1720000000000006,0.6533072650043827,0.12647043383843348,0.5707109092325697,12.19394488179826,down,up,up,down,0.0911162609670177,0.0014996243573293,-3.939086051094801,-94.76909374058404,35.094
3.187000000000001,0.6566925072793897,0.1345665573667682,0.5805584018900585,12.244396652731282,down,up,up,down,0.0911162609670177,0.0014996243573293,-3.939086051094801,-94.76909374058404,35.109
3.2029999999999994,0.6600339000947688,0.11772078999420228,0.5911162071387679,12.298048632676554,down,up,up,down,0.0911162609670177,0.0014996243573293,-3.939086051094801,-94.76909374058404,35.125
3.218,0.6642702653581765,0.1913080899268148,0.6010709827450249,12.348193519518844,down,up,up,down,0.0911162609670177,0.0014996243573293,-3.939086051094801,-94.76909374058404,35.14
3.2499999999999964,0.6683906450808035,0.03764560536509089,0.6224415452914811,12.454668072705275,down,up,up,down,0.0911162609670177,0.0014996243573293,-3.939086051094801,-94.76909374058404,35.172
3.264999999999997,0.6700592967206731,0.0201271816909529,0.6325024142203519,12.504342283775358,down,up,up,down,0.0911162609670177,0.0014996243573293,-3.939086051094801,-94.76909374058404,35.187
3.2810000000000024,0.6735024413858568,0.12408028060689129,0.6432749021149249,12.557161442062224,down,up,up,down,0.0911162609670177,0.0014996243573293,-3.939086051094801,-94.76909374058404,35.203
3.2970000000000006,0.6757315613898047,0.04820373927974299,0.6540927681268469,12.609807877517795,down,up,up,down,0.0911162609670177,0.0014996243573293,-3.939086051094801,-94.76909374058404,35.219
3.312000000000001,0.6778679634437026,0.05131054262616809,0.6642672589284584,12.659006468081301,down,up,up,down,0.0911162609670177,0.0014996243573293,-3.939086051094801,-94.76909374058404,35.234
3.343,0.6816446422179894,0.030712086590624993,0.6853861926712912,12.760198507165441,down,up,up,down,0.0911162609670177,0.0014996243573293,-3.939086051094801,-94.76909374058404,35.265
3.358999999999998,0.6853322220751448,0.1393574801052201,0.6963460015753524,12.812170026428959,down,up,up,down,0.0911162609670177,0.0014996243573293,-3.939086051094801,-94.76909374058404,35.281
3.3749999999999964,0.6876500395962104,0.053747334099600405,0.7073538536584398,12.8639658044046,down,up,up,down,0.0911162609670177,0.0014996243573293,-3.939086051094801,-94.76909374058404,35.297
3.389999999999997,0.6905087970287447,0.09946756786859338,0.7177125392984869,12.912364097223858,down,up,up,down,0.0911162609670177,0.0014996243573293,-3.939086051094801,-94.76909374058404,35.312
3.4060000000000024,0.69314595972752,0.0737064077063861,0.728805771342258,12.963817327556285,down,up,up,down,0.0911162609670177,0.0014996243573293,-3.939086051094801,-94.76909374058404,35.328
3.4220000000000006,0.6957188013848619,0.069686342616865,0.739940683420873,13.015092732735681,down,up,up,down,0.0911162609670177,0.0014996243573293,-3.939086051094801,-94.76909374058404,35.344
3.437000000000001,0.6973283920834668,0.01618978560663749,0.7504110317372459,13.063001385638415,down,up,up,down,0.0911162609670177,0.0014996243573293,-3.939086051094801,-94.76909374058404,35.359
3.4529999999999994,0.7001309955290278,0.084046454380567,0.7616147008278618,13.113930556595406,down,up,up,down,0.0911162609670177,0.0014996243573293,-3.939086051094801,-94.76909374058404,35.375
3.483999999999998,0.7018595435853481,0.03535664624700661,0.7833920425392109,13.212094619657165,down,up,up,down,0.0911162609670177,0.0014996243573293,-3.939086051094801,-94.76909374058404,35.406
3.4999999999999964,0.7045269280264961,0.07559526660475079,0.7946671283018212,13.262495523107916,down,up,up,down,0.0911162609670177,0.0014996243573293,-3.939086051094801,-94.76909374058404,35.422
3.514999999999997,0.7071389209607926,0.0830166013194077,0.8052771165345867,13.309582232038082,down,up,up,down,0.0911162609670177,0.0014996243573293,-3.939086051094801,-94.76909374058404,35.437
3.5310000000000024,0.7089223401146008,0.0203474361459573,0.8166296006129108,13.359632355118435,down,up,up,down,0.0911162609670177,0.0014996243573293,-3.939086051094801,-94.76909374058404,35.453
3.5470000000000006,0.7111299259982342,0.04685785676008848,0.8280140127315292,13.4095005830292,down,up,up,down,0.0911162609670177,0.0014996243573293,-3.939086051094801,-94.76909374058404,35.469
3.562000000000001,0.7132903190432778,0.052909942035880994,0.8387196589347008,13.456086371258124,down,up,up,down,0.0911162609670177,0.0014996243573293,-3.939086051094801,-94.76909374058404,35.484
3.5779999999999994,0.7156757687689623,0.05797434688828319,0.8501753816269151,13.505600587751118,down,up,up,down,0.0911162609670177,0.0014996243573293,-3.939086051094801,-94.76909374058404,35.5
3.593,0.7177181076420833,0.045039663907710206,0.8609483300653582,13.551853450679857,down,up,up,down,0.0911162609670177,0.0014996243573293,-3.939086051094801,-94.76909374058404,35.515
3.608999999999998,0.7195378084137367,0.02261503726133149,0.8724703713835211,13.601011477885777,down,up,up,down,0.0911162609670177,0.0014996243573293,-3.939086051094801,-94.76909374058404,35.531
3.6249999999999964,0.7213274209865119,0.020734524831445292,0.8840212872084385,13.649984921434566,down,up,up,down,0.0911162609670177,0.0014996243573293,-3.939086051094801,-94.76909374058404,35.547
3.639999999999997,0.7228892428792069,0.013005198545974095,0.8948754065527917,13.695729486997763,down,up,up,down,0.0911162609670177,0.0014996243573293,-3.939086051094801,-94.76909374058404,35.562
3.6560000000000024,0.7249134654053897,0.03539764691936749,0.9064818222087898,13.744344005985198,down,up,up,down,0.0911162609670177,0.0014996243573293,-3.939086051094801,-94.76909374058404,35.578
3.6720000000000006,0.7268499894024334,0.029916488848226397,0.9181199238369682,13.792772568834337,down,up,up,down,0.0911162609670177,0.0014996243573293,-3.939086051094801,-94.76909374058404,35.594
3.687000000000001,0.7286642511858918,0.02983452459687419,0.929058775006741,13.838005019359443,down,up,up,down,0.0911162609670177,0.0014996243573293,-3.939086051094801,-94.76909374058404,35.609
3.7029999999999994,0.729610204828651,0.031994158294562605,0.9407489646445728,13.886071934259718,down,up,up,down,0.0911162609670177,0.0014996243573293,-3.939086051094801,-94.76909374058404,35.625
3.733999999999998,0.7305751477726066,0.05998906922651501,0.9634283259649687,13.978668853839224,down,up,up,down,0.0911162609670177,0.0014996243573293,-3.939086051094801,-94.76909374058404,35.656
3.7499999999999964,0.730459959917324,0.0983155019221764,0.9751406008162045,14.026185679242474,down,up,up,down,0.0911162609670177,0.0014996243573293,-3.939086051094801,-94.76909374058404,35.672
3.764999999999997,0.7330917663213974,0.0843374993045319,0.986139733128355,14.070562367504323,down,up,up,down,0.0911162609670177,0.0014996243573293,-3.939086051094801,-94.76909374058404,35.687
3.7810000000000024,0.7356593668900437,0.06935877457332588,0.9979137361837678,14.117715316567356,down,up,up,down,0.0911162609670177,0.0014996243573293,-3.939086051094801,-94.76909374058404,35.703
3.812000000000001,0.7373607432051728,0.03623315402737011,1.0207920362453198,14.208537044678636,down,up,up,down,0.0911162609670177,0.0014996243573293,-3.939086051094801,-94.76909374058404,35.734
3.8279999999999994,0.737963144193678,0.053466199185433605,1.0326186213342265,14.255135136235523,down,up,up,down,0.0911162609670177,0.0014996243573293,-3.939086051094801,-94.76909374058404,35.75
3.843,0.7385620451570016,0.05118953007877921,1.043715054619717,14.298648924432285,down,up,up,down,0.0911162609670177,0.0014996243573293,-3.939086051094801,-94.76909374058404,35.765
3.858999999999998,0.739834733268772,0.011573253981359513,1.055566222836839,14.344880051030117,down,up,up,down,0.0911162609670177,0.0014996243573293,-3.939086051094801,-94.76909374058404,35.781
3.8749999999999964,0.7398671411646554,0.0890907674743098,1.0674278318220227,14.390921475410366,down,up,up,down,0.0911162609670177,0.0014996243573293,-3.939086051094801,-94.76909374058404,35.797
3.889999999999997,0.7412004331397366,0.0,1.0785583329946657,14.433912869940684,down,up,up,down,0.0911162609670177,0.0014996243573293,-3.939086051094801,-94.76909374058404,35.812
3.9060000000000024,0.7424988973818216,0.0,1.0904519216285595,14.479586164721198,down,up,up,down,0.0911162609670177,0.0014996243573293,-3.939086051094801,-94.76909374058404,35.828
3.9220000000000006,0.7434588029428344,0.031122163403712703,1.1023635772208729,14.525069017547935,down,up,up,down,0.0911162609670177,0.0014996243573293,-3.939086051094801,-94.76909374058404,35.844
3.937000000000001,0.7439411874898987,0.05895729116273331,1.1135415715144785,14.567536019698835,down,up,up,down,0.0911162609670177,0.0014996243573293,-3.939086051094801,-94.76909374058404,35.859
3.9529999999999994,0.7444388195840936,0.060014255079829604,1.1254726055607862,14.612649283099756,down,up,up,down,0.0911162609670177,0.0014996243573293,-3.939086051094801,-94.76909374058404,35.875
3.968,0.7472087721446901,0.0935472430727368,1.1366824568641123,14.654769410897998,down,up,up,down,0.0911162609670177,0.0014996243573293,-3.939086051094801,-94.76909374058404,35.89
3.983999999999998,0.7466252380953389,0.12758713905147082,1.1486571229357483,14.699512071077123,down,up,up,down,0.0911162609670177,0.0014996243573293,-3.939086051094801,-94.76909374058404,35.906
3.9999999999999964,0.7460367223375606,0.1278984958281652,1.1606224126089275,14.744063211610282,down,up,up,down,0.0911162609670177,0.0014996243573293,-3.939086051094801,-94.76909374058404,35.922
4.014999999999997,0.748296644813836,0.059545237451335095,1.1718524072279233,14.785655941227915,down,up,up,down,0.0911162609670177,0.0014996243573293,-3.939086051094801,-94.76909374058404,35.937
4.031000000000002,0.7483213785467449,0.0895704026602121,1.183849345404529,14.829835704024404,down,up,up,down,0.0911162609670177,0.0014996243573293,-3.939086051094801,-94.76909374058404,35.953
4.062000000000001,0.7483351106770915,0.0906732890203529,1.2070940093425753,14.914887749609761,down,up,up,down,0.0911162609670177,0.0014996243573293,-3.939086051094801,-94.76909374058404,35.984
4.077999999999999,0.749435877958275,0.022318305893036502,1.219100171241374,14.958503572982593,down,up,up,down,0.0911162609670177,0.0014996243573293,-3.939086051094801,-94.76909374058404,36.0
4.093,0.7503178801025907,0.032316118012642406,1.2303708187921907,14.999218831323759,down,up,up,down,0.0911162609670177,0.0014996243573293,-3.939086051094801,-94.76909374058404,36.015
4.108999999999998,0.7512110812955282,0.03529118640842071,1.242407044473092,15.042461985235164,down,up,up,down,0.0911162609670177,0.0014996243573293,-3.939086051094801,-94.76909374058404,36.031
4.1249999999999964,0.7527581857852681,0.0,1.2544627925994538,15.085512403356077,down,up,up,down,0.0911162609670177,0.0014996243573293,-3.939086051094801,-94.76909374058404,36.047
4.139999999999997,0.7539320925077693,0.01285581280027591,1.265785464052012,15.125696832197619,down,up,up,down,0.0911162609670177,0.0014996243573293,-3.939086051094801,-94.76909374058404,36.062
4.156000000000002,0.7550696192819242,0.020020837582359813,1.277881471736051,15.168372873528838,down,up,up,down,0.0911162609670177,0.0014996243573293,-3.939086051094801,-94.76909374058404,36.078
4.172000000000001,0.7550241782009461,0.09395632852814531,1.2899862161056297,15.21085530884362,down,up,up,down,0.0911162609670177,0.0014996243573293,-3.939086051094801,-94.76909374058404,36.094
4.187000000000001,0.7550722498226161,0.0879114861890195,1.3013344336811667,15.250506694736643,down,up,up,down,0.0911162609670177,0.0014996243573293,-3.939086051094801,-94.76909374058404,36.109
4.202999999999999,0.7560308284012098,0.031205099804903907,1.313447252296673,15.292613818066314,down,up,up,down,0.0911162609670177,0.0014996243573293,-3.939086051094801,-94.76909374058404,36.125
4.218,0.7570195141006106,0.025203881006966605,1.3248176242307967,15.331913122258797,down,up,up,down,0.0911162609670177,0.0014996243573293,-3.939086051094801,-94.76909374058404,36.14
4.233999999999998,0.756502617107861,0.12342232301387081,1.336949795270181,15.373644359720302,down,up,up,down,0.0911162609670177,0.0014996243573293,-3.939086051094801,-94.76909374058404,36.156
4.2499999999999964,0.7569846940137825,0.0609864543469205,1.3490816877488707,15.415181484673681,down,up,up,down,0.0911162609670177,0.0014996243573293,-3.939086051094801,-94.76909374058404,36.172
4.264999999999997,0.7574528304818333,0.059907163096967406,1.3604624635479476,15.45394619430536,down,up,up,down,0.0911162609670177,0.0014996243573293,-3.939086051094801,-94.76909374058404,36.187
4.281000000000002,0.7588357032362758,0.0,1.3726167658074138,15.495106937288043,down,up,up,down,0.0911162609670177,0.0014996243573293,-3.939086051094801,-94.76909374058404,36.203
4.312000000000001,0.7586508835140826,0.0970781874893791,1.3961842962571205,15.574302188409959,down,up,up,down,0.0911162609670177,0.0014996243573293,-3.939086051094801,-94.76909374058404,36.234
4.327999999999999,0.7594411040482374,0.04172747758233831,1.408353026147335,15.614891266648243,down,up,up,down,0.0911162609670177,0.0014996243573293,-3.939086051094801,-94.76909374058404,36.25
4.343,0.760217491362754,0.039357106665915104,1.4197729599782778,15.652766612518718,down,up,up,down,0.0911162609670177,0.0014996243573293,-3.939086051094801,-94.76909374058404,36.265
4.358999999999998,0.7606811987199027,0.06213455114521861,1.431964143488655,15.692978092508497,down,up,up,down,0.0911162609670177,0.0014996243573293,-3.939086051094801,-94.76909374058404,36.281
4.3749999999999964,0.7611545754359259,0.0615302162155638,1.4441628236716175,15.732994453588717,down,up,up,down,0.0911162609670177,0.0014996243573293,-3.939086051094801,-94.76909374058404,36.297
4.389999999999997,0.7625269062854443,0.0,1.455612929149888,15.770332426208995,down,up,up,down,0.0911162609670177,0.0014996243573293,-3.939086051094801,-94.76909374058404,36.312
4.406000000000002,0.7633960564885616,0.036794373272205506,1.4678443068418008,15.809970145138607,down,up,up,down,0.0911162609670177,0.0014996243573293,-3.939086051094801,-94.76909374058404,36.328
4.422000000000001,0.7642166595238837,0.039828571259376805,1.4800892025596166,15.849412053880897,down,up,up,down,0.0911162609670177,0.0014996243573293,-3.939086051094801,-94.76909374058404,36.344
4.437000000000001,0.7645231488572275,0.07068363874410101,1.4915772454878353,15.886210846286957,down,up,up,down,0.0911162609670177,0.0014996243573293,-3.939086051094801,-94.76909374058404,36.359
4.452999999999999,0.7637634514819318,0.1385973469230033,1.5038275322802646,15.92527298488234,down,up,up,down,0.0911162609670177,0.0014996243573293,-3.939086051094801,-94.76909374058404,36.375
4.483999999999998,0.7643414329042386,0.0724716989571201,1.5275596463433265,16.000398151197615,down,up,up,down,0.0911162609670177,0.0014996243573293,-3.939086051094801,-94.76909374058404,36.406
4.4999999999999964,0.7651509845791917,0.04051928128244261,1.5398195796729097,16.038884494206997,down,up,up,down,0.0911162609670177,0.0014996243573293,-3.939086051094801,-94.76909374058404,36.422
4.514999999999997,0.7652591058320724,0.08390817744164321,1.5513201497163545,16.074787237002994,down,up,up,down,0.0911162609670177,0.0014996243573293,-3.939086051094801,-94.76909374058404,36.437
4.531000000000002,0.765359911756347,0.08481589069985501,1.5635890958467833,16.112893339856015,down,up,up,down,0.0911162609670177,0.0014996243573293,-3.939086051094801,-94.76909374058404,36.453
4.547000000000001,0.7642837405442293,0.1583769617243795,1.5758502390549038,16.15080320199432,down,up,up,down,0.0911162609670177,0.0014996243573293,-3.939086051094801,-94.76909374058404,36.469
4.577999999999999,0.7661478000567463,0.03098530895033791,1.599618416289296,16.223695105420404,down,up,up,down,0.0911162609670177,0.0014996243573293,-3.939086051094801,-94.76909374058404,36.5
4.593,0.7679509286858863,0.02909231430897799,1.6111466511202255,16.258700658181255,down,up,up,down,0.0911162609670177,0.0014996243573293,-3.939086051094801,-94.76909374058404,36.515
4.608999999999998,0.7675990328887075,0.1131097482906994,1.623455044802538,16.295849221431382,down,up,up,down,0.0911162609670177,0.0014996243573293,-3.939086051094801,-94.76909374058404,36.531
4.6249999999999964,0.7672919965229568,0.1103060338264379,1.6357581670275478,16.33280089255426,down,up,up,down,0.0911162609670177,0.0014996243573293,-3.939086051094801,-94.76909374058404,36.547
4.639999999999997,0.7670986049890658,0.10400902989308211,1.6472885909042478,16.367264332636196,down,up,up,down,0.0911162609670177,0.0014996243573293,-3.939086051094801,-94.76909374058404,36.562
4.656000000000002,0.7692808145945378,0.04527183937493649,1.6596036202506381,16.403834571764477,down,up,up,down,0.0911162609670177,0.0014996243573293,-3.939086051094801,-94.76909374058404,36.578
4.672000000000001,0.7710485693249076,0.019368409681108797,1.6719502493117098,16.440207517625524,down,up,up,down,0.0911162609670177,0.0014996243573293,-3.939086051094801,-94.76909374058404,36.594
4.687000000000001,0.7727584012094795,0.022872531337768287,1.6835512959560779,16.47412754680242,down,up,up,down,0.0911162609670177,0.0014996243573293,-3.939086051094801,-94.76909374058404,36.609
4.702999999999999,0.7733941171786949,0.051384012891050206,1.6959445100928994,16.51011695717156,down,up,up,down,0.0911162609670177,0.0014996243573293,-3.939086051094801,-94.76909374058404,36.625
4.733999999999998,0.7720463388671757,0.1345929806934458,1.7199453255166866,16.579282332303535,down,up,up,down,0.0911162609670177,0.0014996243573293,-3.939086051094801,-94.76909374058404,36.656
4.7499999999999964,0.770687207190063,0.1760619907865681,1.7323111878748603,16.614689657013926,down,up,up,down,0.0911162609670177,0.0014996243573293,-3.939086051094801,-94.76909374058404,36.672
4.764999999999997,0.7714480115164104,0.04039597254385981,1.7438996963805193,16.647704366148417,down,up,up,down,0.0911162609670177,0.0014996243573293,-3.939086051094801,-94.76909374058404,36.687
4.781000000000002,0.7725917410827794,0.019633163068979803,1.7562760083910343,16.68272833732776,down,up,up,down,0.0911162609670177,0.0014996243573293,-3.939086051094801,-94.76909374058404,36.703
4.797000000000001,0.7737190520510087,0.020659325452680802,1.7686704887258204,16.717554142168353,down,up,up,down,0.0911162609670177,0.0014996243573293,-3.939086051094801,-94.76909374058404,36.719
4.812000000000001,0.7747371538669388,0.023242806571680708,1.7803064046355654,16.750023106234565,down,up,up,down,0.0911162609670177,0.0014996243573293,-3.939086051094801,-94.76909374058404,36.734
4.827999999999999,0.7745008519776704,0.10588512904629271,1.7927243026720383,16.78446423739362,down,up,up,down,0.0911162609670177,0.0014996243573293,-3.939086051094801,-94.76909374058404,36.75
4.843,0.7758754855125432,0.0,1.8043746195685753,16.816572286243243,down,up,up,down,0.0911162609670177,0.0014996243573293,-3.939086051094801,-94.76909374058404,36.765
4.858999999999998,0.7772167393833307,0.0,1.816823351357458,16.850628079293344,down,up,up,down,0.0911162609670177,0.0014996243573293,-3.939086051094801,-94.76909374058404,36.781
4.8749999999999964,0.7778505845610955,0.05150093735671531,1.8292878839387288,16.88448456622848,down,up,up,down,0.0911162609670177,0.0014996243573293,-3.939086051094801,-94.76909374058404,36.797
4.889999999999997,0.7779380435354444,0.08528566267709001,1.8409787930148132,16.916043856917753,down,up,up,down,0.0911162609670177,0.0014996243573293,-3.939086051094801,-94.76909374058404,36.812
4.922000000000001,0.7778550174585579,0.09371082586972,1.8659194699701551,16.982784238345033,down,up,up,down,0.0911162609670177,0.0014996243573293,-3.939086051094801,-94.76909374058404,36.844
4.937000000000001,0.7785426210849913,0.045276019204793704,1.877614946624592,17.013794020987007,down,up,up,down,0.0911162609670177,0.0014996243573293,-3.939086051094801,-94.76909374058404,36.859
4.952999999999999,0.779226582228544,0.048368689494967004,1.890101094240816,17.046677669477603,down,up,up,down,0.0911162609670177,0.0014996243573293,-3.939086051094801,-94.76909374058404,36.875
4.968,0.779947155179535,0.04307806423429111,1.9018173916367371,17.07732457159996,down,up,up,down,0.0911162609670177,0.0014996243573293,-3.939086051094801,-94.76909374058404,36.89
4.983999999999998,0.777782139473743,0.22642974257903092,1.9143032199836791,17.1098209835245,down,up,up,down,0.0911162609670177,0.0014996243573293,-3.939086051094801,-94.76909374058404,36.906
4.9999999999999964,0.7772723915121844,0.12297550856443121,1.9267676502212825,17.14211779338038,down,up,up,down,0.0911162609670177,0.0014996243573293,-3.939086051094801,-94.76909374058404,36.922
5.014999999999997,0.7767552050365367,0.1255953593435291,1.9384453515607585,17.172214986633435,down,up,up,down,0.0911162609670177,0.0014996243573293,-3.939086051094801,-94.76909374058404,36.937
5.047000000000001,0.7768274648339624,0.08885814229746661,1.9633506622581185,17.235837004047355,down,up,up,down,0.0911162609670177,0.0014996243573293,-3.939086051094801,-94.76909374058404,36.969
5.062000000000001,0.7776721660697206,0.03480284524980701,1.9750319038552562,17.265385425567942,down,up,up,down,0.0911162609670177,0.0014996243573293,-3.939086051094801,-94.76909374058404,36.984
5.077999999999999,0.7784636692715665,0.041647310851640106,1.9875049845277024,17.296710507278405,down,up,up,down,0.0911162609670177,0.0014996243573293,-3.939086051094801,-94.76909374058404,37.0
5.093,0.7794576445948582,0.024851239414239806,1.999211888747061,17.32589642149526,down,up,up,down,0.0911162609670177,0.0014996243573293,-3.939086051094801,-94.76909374058404,37.015
5.108999999999998,0.7804199123879254,0.030974523900312106,2.0117149031926393,17.356834383977258,down,up,up,down,0.0911162609670177,0.0014996243573293,-3.939086051094801,-94.76909374058404,37.031
5.1249999999999964,0.7813978316010868,0.029996310144425303,2.0242334391342673,17.38757217405616,down,up,up,down,0.0911162609670177,0.0014996243573293,-3.939086051094801,-94.76909374058404,37.047
5.139999999999997,0.7808869553043145,0.12517468075183422,2.035973069401418,17.416206916008562,down,up,up,down,0.0911162609670177,0.0014996243573293,-3.939086051094801,-94.76909374058404,37.062
5.156000000000002,0.7796517547055277,0.16831629839116619,2.048481373071218,17.446556657286322,down,up,up,down,0.0911162609670177,0.0014996243573293,-3.939086051094801,-94.76909374058404,37.078
5.172000000000001,0.7784288672397324,0.1675467275792356,2.0609700120364964,17.47670642302296,down,up,up,down,0.0911162609670177,0.0014996243573293,-3.939086051094801,-94.76909374058404,37.094
5.187000000000001,0.7786711869555489,0.0749616132459141,2.072670756808321,17.50479040802304,down,up,up,down,0.0911162609670177,0.0014996243573293,-3.939086051094801,-94.76909374058404,37.109
5.202999999999999,0.7786409418041558,0.0930065829290904,2.0851532478281145,17.534553192803457,down,up,up,down,0.0911162609670177,0.0014996243573293,-3.939086051094801,-94.76909374058404,37.125
5.218,0.7786017741134579,0.0937274403468772,2.096855062562857,17.562274421241966,down,up,up,down,0.0911162609670177,0.0014996243573293,-3.939086051094801,-94.76909374058404,37.14
5.2499999999999964,0.778310693335948,0.1002125352642009,2.1218136500214797,17.620826475475624,down,up,up,down,0.0911162609670177,0.0014996243573293,-3.939086051094801,-94.76909374058404,37.172
5.264999999999997,0.7768939205447207,0.1855677803821685,2.133500178990945,17.64799791252446,down,up,up,down,0.0911162609670177,0.0014996243573293,-3.939086051094801,-94.76909374058404,37.187
5.281000000000002,0.7755402366544466,0.1757215041091223,2.1459436462382597,17.67678773874016,down,up,up,down,0.0911162609670177,0.0014996243573293,-3.939086051094801,-94.76909374058404,37.203
5.297000000000001,0.7783934768603693,0.08721125190317079,2.158399109936094,17.70537837350828,down,up,up,down,0.0911162609670177,0.0014996243573293,-3.939086051094801,-94.76909374058404,37.219
5.312000000000001,0.7785134473496456,0.08311822834860101,2.1700984062330297,17.732000932903418,down,up,up,down,0.0911162609670177,0.0014996243573293,-3.939086051094801,-94.76909374058404,37.234
5.327999999999999,0.7773058317997332,0.1665922328365468,2.182568954455941,17.760204970835417,down,up,up,down,0.0911162609670177,0.0014996243573293,-3.939086051094801,-94.76909374058404,37.25
5.343,0.7761409340525329,0.16877611078036803,2.194242299565193,17.786465177196675,down,up,up,down,0.0911162609670177,0.0014996243573293,-3.939086051094801,-94.76909374058404,37.265
5.358999999999998,0.7782996610288908,0.04380417505536478,2.20670181831556,17.81428300107116,down,up,up,down,0.0911162609670177,0.0014996243573293,-3.939086051094801,-94.76909374058404,37.281
5.3749999999999964,0.7794003410988406,0.022323756595148403,2.219187412322298,17.841901264043557,down,up,up,down,0.0911162609670177,0.0014996243573293,-3.939086051094801,-94.76909374058404,37.297
5.389999999999997,0.7798644733338467,0.060174111966613805,2.230904392795903,17.867611866271602,down,up,up,down,0.0911162609670177,0.0014996243573293,-3.939086051094801,-94.76909374058404,37.312
5.406000000000002,0.7795256890448776,0.11229027902757631,2.2434035080846546,17.894842779882083,down,up,up,down,0.0911162609670177,0.0014996243573293,-3.939086051094801,-94.76909374058404,37.328
5.422000000000001,0.7787057310087508,0.1423636382249469,2.2558933534348,17.92187378180742,down,up,up,down,0.0911162609670177,0.0014996243573293,-3.939086051094801,-94.76909374058404,37.344
5.452999999999999,0.7779270799723559,0.116234036334598,2.280067650360083,17.973678053832543,down,up,up,down,0.0911162609670177,0.0014996243573293,-3.939086051094801,-94.76909374058404,37.375
5.468,0.7778344548418641,0.0972912696664705,2.29175835623655,17.998475649549476,down,up,up,down,0.0911162609670177,0.0014996243573293,-3.939086051094801,-94.76909374058404,37.39
5.483999999999998,0.7790472773601973,0.015314853571183604,2.3042374040838824,18.024733060284433,down,up,up,down,0.0911162609670177,0.0014996243573293,-3.939086051094801,-94.76909374058404,37.406
5.4999999999999964,0.7802761728470244,0.014310293040312907,2.316735985675256,18.05079064998388,down,up,up,down,0.0911162609670177,0.0014996243573293,-3.939086051094801,-94.76909374058404,37.422
5.514999999999997,0.7810274648907587,0.04103012471806951,2.32846825732365,18.075037908927797,down,up,up,down,0.0911162609670177,0.0014996243573293,-3.939086051094801,-94.76909374058404,37.437
5.531000000000002,0.7822952574539777,0.011879225765859106,2.3409988330921294,18.100707549022005,down,up,up,down,0.0911162609670177,0.0014996243573293,-3.939086051094801,-94.76909374058404,37.453
5.547000000000001,0.7835509259388136,0.012636980664763112,2.353549596548987,18.126176538402405,down,up,up,down,0.0911162609670177,0.0014996243573293,-3.939086051094801,-94.76909374058404,37.469
5.562000000000001,0.784047390576907,0.058018618427460006,2.365329078288216,18.14987123910754,down,up,up,down,0.0911162609670177,0.0014996243573293,-3.939086051094801,-94.76909374058404,37.484
5.577999999999999,0.7840940707385862,0.088198750862068,2.3778982039684555,18.174950797666995,down,up,up,down,0.0911162609670177,0.0014996243573293,-3.939086051094801,-94.76909374058404,37.5
5.593,0.7854595391377028,0.0,2.389692350407888,18.198280159275598,down,up,up,down,0.0911162609670177,0.0014996243573293,-3.939086051094801,-94.76909374058404,37.515
5.608999999999998,0.7867889288844161,0.0,2.402294332141781,18.22296964263272,down,up,up,down,0.0911162609670177,0.0014996243573293,-3.939086051094801,-94.76909374058404,37.531
5.639999999999997,0.7851027824730377,0.1455080806889046,2.426705142022898,18.270231818367122,down,up,up,down,0.0911162609670177,0.0014996243573293,-3.939086051094801,-94.76909374058404,37.562
5.656000000000002,0.7834888483142937,0.1919871458884841,2.439277869058918,18.29432933109598,down,up,up,down,0.0911162609670177,0.0014996243573293,-3.939086051094801,-94.76909374058404,37.578
5.672000000000001,0.7829142042370343,0.1270315157957328,2.4518330874690446,18.318225820261276,down,up,up,down,0.0911162609670177,0.0014996243573293,-3.939086051094801,-94.76909374058404,37.594
5.687000000000001,0.7820552560824563,0.1483794712722147,2.4635928527868014,18.3404464164758,down,up,up,down,0.0911162609670177,0.0014996243573293,-3.939086051094801,-94.76909374058404,37.609
5.702999999999999,0.7812215166847682,0.1432249733225265,2.476123060958655,18.363954065983336,down,up,up,down,0.0911162609670177,0.0014996243573293,-3.939086051094801,-94.76909374058404,37.625
5.718,0.782125658578499,0.030840134718301306,2.4878706591384896,18.385810403849035,down,up,up,down,0.0911162609670177,0.0014996243573293,-3.939086051094801,-94.76909374058404,37.64
5.733999999999998,0.7838388355001538,0.015957296636415,2.5004223690808347,18.4089294364408,down,up,up,down,0.0911162609670177,0.0014996243573293,-3.939086051094801,-94.76909374058404,37.656
5.7499999999999964,0.7842958759985645,0.0625512298163411,2.5129914407625407,18.43184750277956,down,up,up,down,0.0911162609670177,0.0014996243573293,-3.939086051094801,-94.76909374058404,37.672
5.764999999999997,0.784773074139764,0.05930305155371841,2.5247819522539388,18.453150493098363,down,up,up,down,0.0911162609670177,0.0014996243573293,-3.939086051094801,-94.76909374058404,37.687
5.781000000000002,0.7856384339065485,0.037031275543005907,2.5373692383080306,18.475678660391395,down,up,up,down,0.0911162609670177,0.0014996243573293,-3.939086051094801,-94.76909374058404,37.703
5.797000000000001,0.7850095122183518,0.13042386647931742,2.5499584158667457,18.498005415975527,down,up,up,down,0.0911162609670177,0.0014996243573293,-3.939086051094801,-94.76909374058404,37.719
5.812000000000001,0.78443040424923,0.1297234589084662,2.5617517096056126,18.518753880800887,down,up,up,down,0.0911162609670177,0.0014996243573293,-3.939086051094801,-94.76909374058404,37.734
5.827999999999999,0.7847007429937509,0.07422008943446151,2.5743287527732726,18.540690613919367,down,up,up,down,0.0911162609670177,0.0014996243573293,-3.939086051094801,-94.76909374058404,37.75
5.843,0.7836520507228322,0.16102907902826502,2.586113893091507,18.561073584841793,down,up,up,down,0.0911162609670177,0.0014996243573293,-3.939086051094801,-94.76909374058404,37.765
5.8749999999999964,0.7826406587386128,0.12272226047387741,2.611222564422322,18.603966955156622,down,up,up,down,0.0911162609670177,0.0014996243573293,-3.939086051094801,-94.76909374058404,37.797
5.889999999999997,0.7810367212314979,0.1980454281080036,2.6229726391374584,18.62379678189636,down,up,up,down,0.0911162609670177,0.0014996243573293,-3.939086051094801,-94.76909374058404,37.812
5.906000000000002,0.7816770639522002,0.051094840923141406,2.635498343408649,18.64475439085352,down,up,up,down,0.0911162609670177,0.0014996243573293,-3.939086051094801,-94.76909374058404,37.828
5.922000000000001,0.7827871490590699,0.0217359417876527,2.6480380511024553,18.665511476514936,down,up,up,down,0.0911162609670177,0.0014996243573293,-3.939086051094801,-94.76909374058404,37.844
5.937000000000001,0.7829224453768653,0.0820965064473242,2.6598033674260853,18.684788956642393,down,up,up,down,0.0911162609670177,0.0014996243573293,-3.939086051094801,-94.76909374058404,37.859
5.952999999999999,0.7820988651762111,0.14259002350791122,2.6723475319002254,18.705157126265277,down,up,up,down,0.0911162609670177,0.0014996243573293,-3.939086051094801,-94.76909374058404,37.875
5.968,0.7812989799988639,0.1444419394568285,2.684095510104399,18.724070094216685,down,up,up,down,0.0911162609670177,0.0014996243573293,-3.939086051094801,-94.76909374058404,37.89
5.983999999999998,0.7810701585221338,0.1054176032626499,2.696618457202283,18.744049759295763,down,up,up,down,0.0911162609670177,0.0014996243573293,-3.939086051094801,-94.76909374058404,37.906
5.9999999999999964,0.7816937356305615,0.05214269169027891,2.7091445623452204,18.763829031956874,down,up,up,down,0.0911162609670177,0.0014996243573293,-3.939086051094801,-94.76909374058404,37.922
6.031000000000002,0.7822835603982501,0.0720896555577136,2.7334326987887487,18.801580751993257,down,up,up,down,0.0911162609670177,0.0014996243573293,-3.939086051094801,-94.76909374058404,37.953
6.062000000000001,0.7813119032796383,0.12246003898675441,2.7577149168308326,18.838579631535097,down,up,up,down,0.0911162609670177,0.0014996243573293,-3.939086051094801,-94.76909374058404,37.984
6.077999999999999,0.7814174046125952,0.0845224276572078,2.770240745283686,18.85738136305568,down,up,up,down,0.0911162609670177,0.0014996243573293,-3.939086051094801,-94.76909374058404,38.0
6.093,0.7815349646735026,0.08327892357319461,2.781985382418692,18.87482595786436,down,up,up,down,0.0911162609670177,0.0014996243573293,-3.939086051094801,-94.76909374058404,38.015
6.108999999999998,0.7826397855468041,0.0220649563856634,2.7945227744101704,18.89323926942724,down,up,up,down,0.0911162609670177,0.0014996243573293,-3.939086051094801,-94.76909374058404,38.031
6.139999999999997,0.7821895026199126,0.10564151667319671,2.818824116731831,18.928344060198484,down,up,up,down,0.0911162609670177,0.0014996243573293,-3.939086051094801,-94.76909374058404,38.062
6.156000000000002,0.7825193069591716,0.0705034897633372,2.831365781198185,18.946167917832554,down,up,up,down,0.0911162609670177,0.0014996243573293,-3.939086051094801,-94.76909374058404,38.078
6.172000000000001,0.7825028072414852,0.0921474933224151,2.843909952101506,18.963791088783665,down,up,up,down,0.0911162609670177,0.0014996243573293,-3.939086051094801,-94.76909374058404,38.094
6.187000000000001,0.7824714297466535,0.09320809395579961,2.855669753244278,18.980130531759997,down,up,up,down,0.0911162609670177,0.0014996243573293,-3.939086051094801,-94.76909374058404,38.109
6.202999999999999,0.7819938408239953,0.120965568633162,2.868209469398559,18.997364874796375,down,up,up,down,0.0911162609670177,0.0014996243573293,-3.939086051094801,-94.76909374058404,38.125
6.218,0.7824706307653155,0.059330264879000505,2.8799654473008394,19.013339853687555,down,up,up,down,0.0911162609670177,0.0014996243573293,-3.939086051094801,-94.76909374058404,38.14
6.233999999999998,0.7835134556722618,0.02593970428286721,2.8925173139820557,19.030185368414806,down,up,up,down,0.0911162609670177,0.0014996243573293,-3.939086051094801,-94.76909374058404,38.156
6.2499999999999964,0.7845540370142956,0.026079927089899604,2.9050858479132637,19.046829919937153,down,up,up,down,0.0911162609670177,0.0014996243573293,-3.939086051094801,-94.76909374058404,38.172
6.264999999999997,0.7835953203434833,0.1550307056878329,2.9168694624588074,19.06225154587578,down,up,up,down,0.0911162609670177,0.0014996243573293,-3.939086051094801,-94.76909374058404,38.187
6.297000000000001,0.7831050484611008,0.1064372572914687,2.9419846563391183,19.094560633610058,down,up,up,down,0.0911162609670177,0.0014996243573293,-3.939086051094801,-94.76909374058404,38.219
6.312000000000001,0.7829656301117893,0.10041081758778571,2.9537526807937753,19.109428894348,down,up,up,down,0.0911162609670177,0.0014996243573293,-3.939086051094801,-94.76909374058404,38.234
6.327999999999999,0.7818815945493434,0.1588684836198977,2.9662954525807805,19.125093886098497,down,up,up,down,0.0911162609670177,0.0014996243573293,-3.939086051094801,-94.76909374058404,38.25
6.343,0.7808665491270332,0.15878595578769,2.9780385580237136,19.13959767178538,down,up,up,down,0.0911162609670177,0.0014996243573293,-3.939086051094801,-94.76909374058404,38.265
6.358999999999998,0.778878195144932,0.2153883848483618,2.9905405099676052,19.15487441605896,down,up,up,down,0.0911162609670177,0.0014996243573293,-3.939086051094801,-94.76909374058404,38.281
6.3749999999999964,0.7783144799606809,0.1263484599827105,3.0030220453581657,19.169951292433865,down,up,up,down,0.0911162609670177,0.0014996243573293,-3.939086051094801,-94.76909374058404,38.297
6.389999999999997,0.7760773563189325,0.24025783708357462,3.0147024784956233,19.183904649271383,down,up,up,down,0.0911162609670177,0.0014996243573293,-3.939086051094801,-94.76909374058404,38.312
6.406000000000002,0.7738881843967818,0.2279395061013929,3.0271261968110705,19.198595396686457,down,up,up,down,0.0911162609670177,0.0014996243573293,-3.939086051094801,-94.76909374058404,38.328
6.437000000000001,0.770442006827512,0.20228327933056361,3.0511098031301236,19.2264944062713,down,up,up,down,0.0911162609670177,0.0014996243573293,-3.939086051094801,-94.76909374058404,38.359
6.452999999999999,0.7667790015450215,0.3200540911226939,3.0634315651868196,19.24060345214228,down,up,up,down,0.0911162609670177,0.0014996243573293,-3.939086051094801,-94.76909374058404,38.375
6.468,0.7631950521077968,0.3300462234486574,3.0749288649545763,19.253652039682635,down,up,up,down,0.0911162609670177,0.0014996243573293,-3.939086051094801,-94.76909374058404,38.39
6.483999999999998,0.7597294066450928,0.3077191023860417,3.087136254614315,19.267380895543596,down,up,up,down,0.0911162609670177,0.0014996243573293,-3.939086051094801,-94.76909374058404,38.406
6.4999999999999964,0.7556562167614587,0.3456906286941796,3.0992833335912833,19.280914915655487,down,up,up,down,0.0911162609670177,0.0014996243573293,-3.939086051094801,-94.76909374058404,38.422
6.514999999999997,0.7500551364877754,0.4645216125458851,3.110598663106013,19.293427091446674,down,up,up,down,0.0911162609670177,0.0014996243573293,-3.939086051094801,-94.76909374058404,38.437
6.531000000000002,0.7447481296674674,0.42280418723615987,3.122581083224976,19.306587030293542,down,up,up,down,0.0911162609670177,0.0014996243573293,-3.939086051094801,-94.76909374058404,38.453
6.547000000000001,0.7398202864351813,0.3991064629849342,3.1344816245435134,19.319555905448922,down,up,up,down,0.0911162609670177,0.0014996243573293,-3.939086051094801,-94.76909374058404,38.469
6.562000000000001,0.7349979508656723,0.4126052989342689,3.14556525568863,19.331541844613596,down,up,up,down,0.0911162609670177,0.0014996243573293,-3.939086051094801,-94.76909374058404,38.484
6.577999999999999,0.7283071258548528,0.509292824143284,3.15729569029211,19.344144333863284,down,up,up,down,0.0911162609670177,0.0014996243573293,-3.939086051094801,-94.76909374058404,38.5
6.593,0.722654142178941,0.4679818393611252,3.168200394167724,19.35578940399624,down,up,up,down,0.0911162609670177,0.0014996243573293,-3.939086051094801,-94.76909374058404,38.515
6.608999999999998,0.7171540333588968,0.4348730622198147,3.1797428535617427,19.368031234831918,down,up,up,down,0.0911162609670177,0.0014996243573293,-3.939086051094801,-94.76909374058404,38.531
6.6249999999999964,0.7118577952413307,0.4221311433149339,3.191198942180261,19.3800890772835,down,up,up,down,0.0911162609670177,0.0014996243573293,-3.939086051094801,-94.76909374058404,38.547
6.639999999999997,0.7056036184895724,0.50806137775089,3.2018523971486026,19.391227483004954,down,up,up,down,0.0911162609670177,0.0014996243573293,-3.939086051094801,-94.76909374058404,38.562
6.672000000000001,0.6994924535283857,0.2820901660040803,3.224381922280327,19.414458487529117,down,up,up,down,0.0911162609670177,0.0014996243573293,-3.939086051094801,-94.76909374058404,38.594
6.687000000000001,0.6939259167671423,0.4622187117165645,3.234855054422904,19.425100500970274,down,up,up,down,0.0911162609670177,0.0014996243573293,-3.939086051094801,-94.76909374058404,38.609
6.702999999999999,0.6888758941935205,0.40674267181841867,3.2459414629003054,19.436279505649196,down,up,up,down,0.0911162609670177,0.0014996243573293,-3.939086051094801,-94.76909374058404,38.625
6.718,0.6837356664133001,0.43379811298169707,3.2562585439702167,19.4465992963641,down,up,up,down,0.0911162609670177,0.0014996243573293,-3.939086051094801,-94.76909374058404,38.64
6.733999999999998,0.6786952498969239,0.4061422932405656,3.2671819852904145,19.45743714894752,down,up,up,down,0.0911162609670177,0.0014996243573293,-3.939086051094801,-94.76909374058404,38.656
6.7499999999999964,0.6728931223936438,0.4537492299220588,3.2780186862584553,19.468100920392658,down,up,up,down,0.0911162609670177,0.0014996243573293,-3.939086051094801,-94.76909374058404,38.672
6.764999999999997,0.6670994820137022,0.47735895296311487,3.2880911251568707,19.477941387573466,down,up,up,down,0.0911162609670177,0.0014996243573293,-3.939086051094801,-94.76909374058404,38.687
6.781000000000002,0.6614658437560159,0.4432186520722912,3.2987436417527496,19.48827208625572,down,up,up,down,0.0911162609670177,0.0014996243573293,-3.939086051094801,-94.76909374058404,38.703
6.797000000000001,0.6551650827475051,0.48491382399898897,3.3093006831544938,19.49843310847396,down,up,up,down,0.0911162609670177,0.0014996243573293,-3.939086051094801,-94.76909374058404,38.719
6.812000000000001,0.6492242456366846,0.4871720683550357,3.3191060974827353,19.5078063483856,down,up,up,down,0.0911162609670177,0.0014996243573293,-3.939086051094801,-94.76909374058404,38.734
6.827999999999999,0.6434165413970963,0.4540977759413275,3.329471217768722,19.51764310668112,down,up,up,down,0.0911162609670177,0.0014996243573293,-3.939086051094801,-94.76909374058404,38.75
6.843,0.6375458662819593,0.4824946019761327,3.339100930191675,19.526715106337846,down,up,up,down,0.0911162609670177,0.0014996243573293,-3.939086051094801,-94.76909374058404,38.765
6.858999999999998,0.6320851542767176,0.4324107612946599,3.3492819723458607,19.536233419935044,down,up,up,down,0.0911162609670177,0.0014996243573293,-3.939086051094801,-94.76909374058404,38.781
6.8749999999999964,0.6257622393543514,0.4862984436149519,3.359368745484625,19.545589591009914,down,up,up,down,0.0911162609670177,0.0014996243573293,-3.939086051094801,-94.76909374058404,38.797
6.889999999999997,0.619590918516904,0.5025376501301638,3.36873138853402,19.554215130771198,down,up,up,down,0.0911162609670177,0.0014996243573293,-3.939086051094801,-94.76909374058404,38.812
6.906000000000002,0.6131920529810451,0.49104535695806467,3.3786176462957243,19.563261715310077,down,up,up,down,0.0911162609670177,0.0014996243573293,-3.939086051094801,-94.76909374058404,38.828
6.937000000000001,0.6069474977528664,0.2925535263921442,3.397576297687176,19.580342376762275,down,up,up,down,0.0911162609670177,0.0014996243573293,-3.939086051094801,-94.76909374058404,38.859
6.952999999999999,0.5995929591067739,0.5507749263478482,3.4072526153317697,19.588929122275644,down,up,up,down,0.0911162609670177,0.0014996243573293,-3.939086051094801,-94.76909374058404,38.875
6.968,0.5940097496954806,0.46333022171989097,3.416227130013147,19.59683931495198,down,up,up,down,0.0911162609670177,0.0014996243573293,-3.939086051094801,-94.76909374058404,38.89
6.983999999999998,0.5878052617380813,0.4788967583045136,3.4257056440943314,19.605129229576633,down,up,up,down,0.0911162609670177,0.0014996243573293,-3.939086051094801,-94.76909374058404,38.906
6.9999999999999964,0.5817613439014657,0.4688611257555355,3.4350861709291642,19.613268271873963,down,up,up,down,0.0911162609670177,0.0014996243573293,-3.939086051094801,-94.76909374058404,38.922
7.014999999999997,0.5745392945188375,0.5725862198088841,3.443780920082677,19.6207630594578,down,up,up,down,0.0911162609670177,0.0014996243573293,-3.939086051094801,-94.76909374058404,38.937
7.031000000000002,0.5676723469556624,0.5203004836653166,3.4529426072041947,19.628614648057024,down,up,up,down,0.0911162609670177,0.0014996243573293,-3.939086051094801,-94.76909374058404,38.953
7.047000000000001,0.5610032170925887,0.5079368774091676,3.461996005706297,19.636320515971235,down,up,up,down,0.0911162609670177,0.0014996243573293,-3.939086051094801,-94.76909374058404,38.969
7.062000000000001,0.5545584640939047,0.5207664608792659,3.4703852126805557,19.643413947599754,down,up,up,down,0.0911162609670177,0.0014996243573293,-3.939086051094801,-94.76909374058404,38.984
7.077999999999999,0.5493269326454175,0.41808697649750387,3.4792402898441868,19.650842320397075,down,up,up,down,0.0911162609670177,0.0014996243573293,-3.939086051094801,-94.76909374058404,39.0
7.093,0.5442066250914745,0.4324700978965376,3.4874642858925733,19.657678326845485,down,up,up,down,0.0911162609670177,0.0014996243573293,-3.939086051094801,-94.76909374058404,39.015
7.108999999999998,0.5372263682487013,0.5273823136403945,3.496139743829011,19.664834871425242,down,up,up,down,0.0911162609670177,0.0014996243573293,-3.939086051094801,-94.76909374058404,39.031
7.1249999999999964,0.5299448865204042,0.546208868985638,3.50470110785688,19.671853521429256,down,up,up,down,0.0911162609670177,0.0014996243573293,-3.939086051094801,-94.76909374058404,39.047
7.139999999999997,0.5237438969553931,0.5045155653010706,3.512626268098309,19.678309856875998,down,up,up,down,0.0911162609670177,0.0014996243573293,-3.939086051094801,-94.76909374058404,39.062
7.172000000000001,0.517688020086954,0.2803624131057188,3.5293371667504227,19.691689195553465,down,up,up,down,0.0911162609670177,0.0014996243573293,-3.939086051094801,-94.76909374058404,39.094
7.187000000000001,0.5109007684808002,0.543599701377253,3.5370740770300415,19.697777401991516,down,up,up,down,0.0911162609670177,0.0014996243573293,-3.939086051094801,-94.76909374058404,39.109
7.202999999999999,0.5056290855546024,0.42059644385441897,3.545230309852041,19.704144343714006,down,up,up,down,0.0911162609670177,0.0014996243573293,-3.939086051094801,-94.76909374058404,39.125
7.218,0.4989929213827562,0.5335272057567478,3.5527874692694312,19.709995501137,down,up,up,down,0.0911162609670177,0.0014996243573293,-3.939086051094801,-94.76909374058404,39.14
7.233999999999998,0.4905237946460268,0.6204366820126631,3.560727596987378,19.716112757424483,down,up,up,down,0.0911162609670177,0.0014996243573293,-3.939086051094801,-94.76909374058404,39.156
7.2499999999999964,0.4822740931469553,0.60672260465904,3.5685339740794384,19.722104041673447,down,up,up,down,0.0911162609670177,0.0014996243573293,-3.939086051094801,-94.76909374058404,39.172
7.281000000000002,0.47682562014908036,0.2668734544468224,3.583446507990607,19.733360011785322,down,up,up,down,0.0911162609670177,0.0014996243573293,-3.939086051094801,-94.76909374058404,39.203
7.297000000000001,0.4703220388660494,0.4975900911564979,3.5910476832524445,19.73898943507288,down,up,up,down,0.0911162609670177,0.0014996243573293,-3.939086051094801,-94.76909374058404,39.219
7.312000000000001,0.4625607521935482,0.6085353724670781,3.5980667985507515,19.74415736722578,down,up,up,down,0.0911162609670177,0.0014996243573293,-3.939086051094801,-94.76909374058404,39.234
7.343,0.45582252513865557,0.3084784240280769,3.6123482277044774,19.75450760190276,down,up,up,down,0.0911162609670177,0.0014996243573293,-3.939086051094801,-94.76909374058404,39.265
7.358999999999998,0.4498970224185896,0.4614601809711821,3.619617978074652,19.759677249074045,down,up,up,down,0.0911162609670177,0.0014996243573293,-3.939086051094801,-94.76909374058404,39.281
7.3749999999999964,0.4441687721661349,0.4491319017454767,3.626794498421046,19.7647313260796,down,up,up,down,0.0911162609670177,0.0014996243573293,-3.939086051094801,-94.76909374058404,39.297
7.389999999999997,0.4359258383214506,0.6406451839459523,3.633417702365063,19.76936602534012,down,up,up,down,0.0911162609670177,0.0014996243573293,-3.939086051094801,-94.76909374058404,39.312
7.406000000000002,0.4299984283972176,0.4615793812314576,3.640369090488532,19.774201107814804,down,up,up,down,0.0911162609670177,0.0014996243573293,-3.939086051094801,-94.76909374058404,39.328
7.437000000000001,0.4235325066527924,0.2996943817549345,3.653645308336884,19.783255552216943,down,up,up,down,0.0911162609670177,0.0014996243573293,-3.939086051094801,-94.76909374058404,39.359
7.452999999999999,0.4175391584750159,0.4657005220780917,3.660397875647623,19.78776858356258,down,up,up,down,0.0911162609670177,0.0014996243573293,-3.939086051094801,-94.76909374058404,39.375
7.468,0.41072858052323546,0.5451547910856949,3.66663237805547,19.791902147426242,down,up,up,down,0.0911162609670177,0.0014996243573293,-3.939086051094801,-94.76909374058404,39.39
7.483999999999998,0.4040866230024296,0.5062386060174306,3.6731748936733917,19.79620906606992,down,up,up,down,0.0911162609670177,0.0014996243573293,-3.939086051094801,-94.76909374058404,39.406
7.4999999999999964,0.39639527701765687,0.571825385015366,3.679602742863269,19.800412221795142,down,up,up,down,0.0911162609670177,0.0014996243573293,-3.939086051094801,-94.76909374058404,39.422
7.514999999999997,0.3899402015625348,0.5214546246418033,3.6855227533179806,19.804260071340195,down,up,up,down,0.0911162609670177,0.0014996243573293,-3.939086051094801,-94.76909374058404,39.437
7.531000000000002,0.3836594180299126,0.4836652317557728,3.6917355442644397,19.808267381777085,down,up,up,down,0.0911162609670177,0.0014996243573293,-3.939086051094801,-94.76909374058404,39.453
7.562000000000001,0.3761327994601569,0.3339104083785039,3.7035588119906127,19.81575198683906,down,up,up,down,0.0911162609670177,0.0014996243573293,-3.939086051094801,-94.76909374058404,39.484
7.577999999999999,0.3688085752832268,0.5488802720251941,3.7095423369782763,19.819472554464824,down,up,up,down,0.0911162609670177,0.0014996243573293,-3.939086051094801,-94.76909374058404,39.5
7.593,0.3618742650594786,0.5534036092168829,3.7150449526462066,19.822874440559062,down,up,up,down,0.0911162609670177,0.0014996243573293,-3.939086051094801,-94.76909374058404,39.515
7.608999999999998,0.3543480960976755,0.5615018210797655,3.7207987255251807,19.826413067951194,down,up,up,down,0.0911162609670177,0.0014996243573293,-3.939086051094801,-94.76909374058404,39.531
7.6249999999999964,0.34787237356914247,0.4958489190003755,3.7264404832722318,19.82986053109836,down,up,up,down,0.0911162609670177,0.0014996243573293,-3.939086051094801,-94.76909374058404,39.547
7.639999999999997,0.3416167569370483,0.5081573697732802,3.731634146116388,19.833011262144353,down,up,up,down,0.0911162609670177,0.0014996243573293,-3.939086051094801,-94.76909374058404,39.562
7.656000000000002,0.3353011696389529,0.4858404670978444,3.7370734835187154,19.8362869779248,down,up,up,down,0.0911162609670177,0.0014996243573293,-3.939086051094801,-94.76909374058404,39.578
7.672000000000001,0.329119166665242,0.4774914468239956,3.7424128401988654,19.839476464152554,down,up,up,down,0.0911162609670177,0.0014996243573293,-3.939086051094801,-94.76909374058404,39.594
7.687000000000001,0.32308301212450447,0.4935265636828338,3.7473268509051487,19.842389707235725,down,up,up,down,0.0911162609670177,0.0014996243573293,-3.939086051094801,-94.76909374058404,39.609
7.702999999999999,0.3162663574489244,0.5171571781908224,3.752465639851453,19.845416744127178,down,up,up,down,0.0911162609670177,0.0014996243573293,-3.939086051094801,-94.76909374058404,39.625
7.718,0.30852796512547087,0.6070090825305665,3.757174091636121,19.848180736907437,down,up,up,down,0.0911162609670177,0.0014996243573293,-3.939086051094801,-94.76909374058404,39.64
7.733999999999998,0.3009582139853357,0.564225707225516,3.762073975058724,19.8510521291914,down,up,up,down,0.0911162609670177,0.0014996243573293,-3.939086051094801,-94.76909374058404,39.656
7.7499999999999964,0.29432291210488687,0.5058226284951138,3.7668602180571624,19.853846032464006,down,up,up,down,0.0911162609670177,0.0014996243573293,-3.939086051094801,-94.76909374058404,39.672
7.764999999999997,0.2893470019023958,0.4228436077997456,3.7712602367775774,19.856396419819163,down,up,up,down,0.0911162609670177,0.0014996243573293,-3.939086051094801,-94.76909374058404,39.687
7.781000000000002,0.2852282496620315,0.3485382759896996,3.7758808327798117,19.8590446680802,down,up,up,down,0.0911162609670177,0.0014996243573293,-3.939086051094801,-94.76909374058404,39.703
7.797000000000001,0.2811735268828741,0.3445364346643841,3.7804360409818876,19.86161950990764,down,up,up,down,0.0911162609670177,0.0014996243573293,-3.939086051094801,-94.76909374058404,39.719
7.827999999999999,0.275287397795914,0.2809913928044465,3.7891076736694855,19.866403249914484,down,up,up,down,0.0911162609670177,0.0014996243573293,-3.939086051094801,-94.76909374058404,39.75
7.843,0.2687771640872043,0.5251318415476502,3.7932106522489693,19.8686221532365,down,up,up,down,0.0911162609670177,0.0014996243573293,-3.939086051094801,-94.76909374058404,39.765
7.858999999999998,0.2624039622614962,0.4894413750738183,3.7974840952494757,19.870921972074044,down,up,up,down,0.0911162609670177,0.0014996243573293,-3.939086051094801,-94.76909374058404,39.781
7.8749999999999964,0.2569779062503805,0.43024476166178477,3.8016631441872875,19.873154170976036,down,up,up,down,0.0911162609670177,0.0014996243573293,-3.939086051094801,-94.76909374058404,39.797
7.889999999999997,0.25215419282219637,0.41269715617927927,3.805504129295692,19.87518670719136,down,up,up,down,0.0911162609670177,0.0014996243573293,-3.939086051094801,-94.76909374058404,39.812
7.906000000000002,0.2474658323521286,0.3841387903461586,3.809525083486805,19.877291850306605,down,up,up,down,0.0911162609670177,0.0014996243573293,-3.939086051094801,-94.76909374058404,39.828
7.922000000000001,0.2418299499544396,0.4433589108226173,3.8134634437349746,19.87933331890636,down,up,up,down,0.0911162609670177,0.0014996243573293,-3.939086051094801,-94.76909374058404,39.844
7.937000000000001,0.23576902466527008,0.4951779469116331,3.817067930409982,19.88119062436668,down,up,up,down,0.0911162609670177,0.0014996243573293,-3.939086051094801,-94.76909374058404,39.859
7.952999999999999,0.23055406363001468,0.4170513256705178,3.8208225091060615,19.883112877668083,down,up,up,down,0.0911162609670177,0.0014996243573293,-3.939086051094801,-94.76909374058404,39.875
7.968,0.22546972956074818,0.4300718655847755,3.824265181920352,19.884861010751806,down,up,up,down,0.0911162609670177,0.0014996243573293,-3.939086051094801,-94.76909374058404,39.89
7.983999999999998,0.21925220335820578,0.479711648625957,3.8278469513734206,19.886669490502953,down,up,up,down,0.0911162609670177,0.0014996243573293,-3.939086051094801,-94.76909374058404,39.906
8.014999999999997,0.2131974709041504,0.2864302110978449,3.8345964096795644,19.890013285990577,down,up,up,down,0.0911162609670177,0.0014996243573293,-3.939086051094801,-94.76909374058404,39.937
8.031000000000002,0.20921288064783988,0.3401531519863397,3.8379996864816985,19.8916578940388,down,up,up,down,0.0911162609670177,0.0014996243573293,-3.939086051094801,-94.76909374058404,39.953
8.047,0.20486250331024,0.3630148445670419,3.84133628354308,19.893248583096124,down,up,up,down,0.0911162609670177,0.0014996243573293,-3.939086051094801,-94.76909374058404,39.969
8.062000000000001,0.2006004419248643,0.3752536866587175,3.8443997499977036,19.894691853610993,down,up,up,down,0.0911162609670177,0.0014996243573293,-3.939086051094801,-94.76909374058404,39.984
8.078,0.1962165474658821,0.3651096646534379,3.847598279902546,19.896181246189315,down,up,up,down,0.0911162609670177,0.0014996243573293,-3.939086051094801,-94.76909374058404,40.0
8.093,0.192435550579427,0.3431827200640119,3.850535665003246,19.897531532368944,down,up,up,down,0.0911162609670177,0.0014996243573293,-3.939086051094801,-94.76909374058404,40.015
8.108999999999998,0.1892107633948967,0.2926654600001863,3.853612829504758,19.898923721230403,down,up,up,down,0.0911162609670177,0.0014996243573293,-3.939086051094801,-94.76909374058404,40.031
8.124999999999996,0.1860804776430296,0.2867591204587351,3.856639153422778,19.9002670821845,down,up,up,down,0.0911162609670177,0.0014996243573293,-3.939086051094801,-94.76909374058404,40.047
8.139999999999997,0.1814577845659375,0.3992957994398104,3.8594181847547055,19.901482942914583,down,up,up,down,0.0911162609670177,0.0014996243573293,-3.939086051094801,-94.76909374058404,40.062
8.156000000000002,0.1786491403837491,0.2666565223537342,3.862323034144021,19.90273438998092,down,up,up,down,0.0911162609670177,0.0014996243573293,-3.939086051094801,-94.76909374058404,40.078
8.172,0.17592721693025828,0.2612364768102089,3.8651836389922503,19.903939713413337,down,up,up,down,0.0911162609670177,0.0014996243573293,-3.939086051094801,-94.76909374058404,40.094
8.187000000000001,0.1719193835517654,0.3583051528665392,3.8678149828612254,19.905028514515863,down,up,up,down,0.0911162609670177,0.0014996243573293,-3.939086051094801,-94.76909374058404,40.109
8.203,0.1673244684666741,0.3782984537852521,3.87055292766709,19.906146948049155,down,up,up,down,0.0911162609670177,0.0014996243573293,-3.939086051094801,-94.76909374058404,40.125
8.218,0.16284035348075138,0.3900572600285207,3.8730516581970553,19.907156204421597,down,up,up,down,0.0911162609670177,0.0014996243573293,-3.939086051094801,-94.76909374058404,40.14
8.233999999999998,0.15676859551894928,0.4706011335796938,3.87563252377877,19.90819210778332,down,up,up,down,0.0911162609670177,0.0014996243573293,-3.939086051094801,-94.76909374058404,40.156
8.249999999999996,0.15172447462552258,0.4063738168062181,3.878124462329643,19.90918742871196,down,up,up,down,0.0911162609670177,0.0014996243573293,-3.939086051094801,-94.76909374058404,40.172
8.281000000000002,0.14509747660277478,0.3048903907330349,3.8827716909287595,19.911005205920404,down,up,up,down,0.0911162609670177,0.0014996243573293,-3.939086051094801,-94.76909374058404,40.203
8.297,0.1386464675788978,0.49430432495937227,3.88506563647193,19.9118878841187,down,up,up,down,0.0911162609670177,0.0014996243573293,-3.939086051094801,-94.76909374058404,40.219
8.312000000000001,0.13462020296178068,0.35953390210815367,3.887137630866345,19.912682650380077,down,up,up,down,0.0911162609670177,0.0014996243573293,-3.939086051094801,-94.76909374058404,40.234
8.328,0.1313417578829732,0.2960190783925077,3.88928932054282,19.913496611586325,down,up,up,down,0.0911162609670177,0.0014996243573293,-3.939086051094801,-94.76909374058404,40.25
8.343,0.1278697590368303,0.32258285070986953,3.8912559012850787,19.91422881318904,down,up,up,down,0.0911162609670177,0.0014996243573293,-3.939086051094801,-94.76909374058404,40.265
8.358999999999998,0.12553388937812038,0.23710811463640313,3.8933071244621154,19.91497768580058,down,up,up,down,0.0911162609670177,0.0014996243573293,-3.939086051094801,-94.76909374058404,40.281
8.374999999999996,0.1232458438036587,0.23411910937088382,3.895321356317287,19.91569403477186,down,up,up,down,0.0911162609670177,0.0014996243573293,-3.939086051094801,-94.76909374058404,40.297
8.389999999999997,0.12286348864303061,0.1166066050088915,3.897189670675997,19.91633649283584,down,up,up,down,0.0911162609670177,0.0014996243573293,-3.939086051094801,-94.76909374058404,40.312
8.406000000000002,0.12028523793233241,0.2522569303855995,3.899158854478318,19.916991081452124,down,up,up,down,0.0911162609670177,0.0014996243573293,-3.939086051094801,-94.76909374058404,40.328
8.422,0.1171245595586434,0.2886586593226052,3.9010821268479625,19.917614530419044,down,up,up,down,0.0911162609670177,0.0014996243573293,-3.939086051094801,-94.76909374058404,40.344
8.437000000000001,0.1139984554810453,0.2995231994735469,3.90283804382612,19.918171419905406,down,up,up,down,0.0911162609670177,0.0014996243573293,-3.939086051094801,-94.76909374058404,40.359
8.453,0.1112791703490021,0.261071581719738,3.9046642588224776,19.91873677830172,down,up,up,down,0.0911162609670177,0.0014996243573293,-3.939086051094801,-94.76909374058404,40.375
8.468,0.1101261303231595,0.1679855960231881,3.9063472929428786,19.9192404824299,down,up,up,down,0.0911162609670177,0.0014996243573293,-3.939086051094801,-94.76909374058404,40.39
8.483999999999998,0.1090016315487911,0.1613974343650489,3.9081243090275715,19.919750086431634,down,up,up,down,0.0911162609670177,0.0014996243573293,-3.939086051094801,-94.76909374058404,40.406
8.499999999999996,0.1067189127073931,0.2337861885544133,3.909874067371338,19.92023147623796,down,up,up,down,0.0911162609670177,0.0014996243573293,-3.939086051094801,-94.76909374058404,40.422
8.514999999999997,0.10347704223558371,0.3072409590876328,3.9114730313987702,19.92065766376362,down,up,up,down,0.0911162609670177,0.0014996243573293,-3.939086051094801,-94.76909374058404,40.437
8.547,0.1000315673269867,0.198787351860663,3.914777157131206,19.921488414382154,down,up,up,down,0.0911162609670177,0.0014996243573293,-3.939086051094801,-94.76909374058404,40.469
8.562000000000001,0.09665276143203981,0.3163699872968011,3.916274783962259,19.921841815590383,down,up,up,down,0.0911162609670177,0.0014996243573293,-3.939086051094801,-94.76909374058404,40.484
8.578,0.09368506543379951,0.2765972608570579,3.9178214805669027,19.922194422291682,down,up,up,down,0.0911162609670177,0.0014996243573293,-3.939086051094801,-94.76909374058404,40.5
8.593,0.0912481493320367,0.2535773344178633,3.919230974043007,19.922502819648514,down,up,up,down,0.0911162609670177,0.0014996243573293,-3.939086051094801,-94.76909374058404,40.515
8.608999999999998,0.0888566177343133,0.2405869858247484,3.9206958061692547,19.922808782224337,down,up,up,down,0.0911162609670177,0.0014996243573293,-3.939086051094801,-94.76909374058404,40.531
8.624999999999996,0.0854141956207943,0.3062676430619772,3.9221139666658127,19.92309168085916,down,up,up,down,0.0911162609670177,0.0014996243573293,-3.939086051094801,-94.76909374058404,40.547
8.639999999999997,0.0834302864964033,0.22337686925974248,3.9234027946470516,19.923336595915742,down,up,up,down,0.0911162609670177,0.0014996243573293,-3.939086051094801,-94.76909374058404,40.562
8.656000000000002,0.081503919109565,0.2115142226443761,3.924746262281617,19.92357678027784,down,up,up,down,0.0911162609670177,0.0014996243573293,-3.939086051094801,-94.76909374058404,40.578
8.672,0.0796314859671305,0.2081433323691843,3.926059339511948,19.923795712281006,down,up,up,down,0.0911162609670177,0.0014996243573293,-3.939086051094801,-94.76909374058404,40.594
8.687000000000001,0.07805486212052411,0.19622451740744,3.927264481487965,19.923982074389926,down,up,up,down,0.0911162609670177,0.0014996243573293,-3.939086051094801,-94.76909374058404,40.609
8.703,0.0768115026761329,0.1688262262414791,3.9290274063960555,19.924157116104354,down,up,up,down,0.0911162609670177,0.0014996243573293,-3.939086051094801,-94.76909374058404,40.625
8.718,0.07560557307146,0.1715115679452091,3.9306930288295225,19.9242955036066,down,up,up,down,0.0911162609670177,0.0014996243573293,-3.939086051094801,-94.76909374058404,40.64
8.733999999999998,0.073753400353663,0.2068770558293378,3.9324118946066404,19.924416041036594,down,up,up,down,0.0911162609670177,0.0014996243573293,-3.939086051094801,-94.76909374058404,40.656
8.749999999999996,0.0727387596732285,0.1545313034941842,3.934107825876573,19.92450926009026,down,up,up,down,0.0911162609670177,0.0014996243573293,-3.939086051094801,-94.76909374058404,40.672
8.764999999999997,0.0717438917881114,0.15744078664148492,3.9357139401278927,19.924571887611634,down,up,up,down,0.0911162609670177,0.0014996243573293,-3.939086051094801,-94.76909374058404,40.687
8.781000000000002,0.0697553087867106,0.2154026985545269,3.937369927722209,19.92461259348636,down,up,up,down,0.0911162609670177,0.0014996243573293,-3.939086051094801,-94.76909374058404,40.703
8.812000000000001,0.0691396303171494,0.1109768567593162,3.939086051094801,19.924639193398633,down,up,up,down,0.0911162609670177,0.0014996243573293,-3.939086051094801,-94.76909374058404,40.734
8.828,0.0679370755643393,0.1662759330176546,3.940189895270165,19.924630362645246,down,up,up,down,0.0911162609670177,0.0014996243573293,-3.939086051094801,-94.76909374058404,40.75
8.843,0.0652985911910786,0.2670152191843945,3.9407116571361906,19.924609891768597,down,up,up,down,0.0911162609670177,0.0014996243573293,-3.939086051094801,-94.76909374058404,40.765
8.858999999999998,0.0656943101520539,0.066383825906056,3.9412835943366527,19.924579306574344,down,up,up,down,0.0911162609670177,0.0014996243573293,-3.939086051094801,-94.76909374058404,40.781
8.874999999999996,0.066117571753093,0.0646624109020701,3.941862083381611,19.924539517970118,down,up,up,down,0.0911162609670177,0.0014996243573293,-3.939086051094801,-94.76909374058404,40.797
8.889999999999997,0.06618056871048951,0.08691646380725651,3.9423768138004482,19.924494017007675,down,up,up,down,0.0911162609670177,0.0014996243573293,-3.939086051094801,-94.76909374058404,40.812
8.906000000000002,0.0653986457084201,0.13998644859633652,3.9429534415055167,19.924436751782764,down,up,up,down,0.0911162609670177,0.0014996243573293,-3.939086051094801,-94.76909374058404,40.828
8.922,0.0646202672467044,0.1397649148242536,3.943517586798875,19.924370360373842,down,up,up,down,0.0911162609670177,0.0014996243573293,-3.939086051094801,-94.76909374058404,40.844
8.937000000000001,0.0624170257187106,0.2379990294999309,3.9439928608614756,19.9243003227828,down,up,up,down,0.0911162609670177,0.0014996243573293,-3.939086051094801,-94.76909374058404,40.859
8.953,0.060757467456331996,0.1948386523656931,3.9445022507965932,19.924217738707057,down,up,up,down,0.0911162609670177,0.0014996243573293,-3.939086051094801,-94.76909374058404,40.875
8.968,0.059146444442641,0.1985177952130791,3.9449240245011956,19.924133332408744,down,up,up,down,0.0911162609670177,0.0014996243573293,-3.939086051094801,-94.76909374058404,40.89
8.983999999999998,0.058254602552962,0.14685637907196492,3.9453872268668775,19.924036219215324,down,up,up,down,0.0911162609670177,0.0014996243573293,-3.939086051094801,-94.76909374058404,40.906
8.999999999999996,0.0572745002076669,0.1523726575479687,3.9458354536786797,19.923931814588457,down,up,up,down,0.0911162609670177,0.0014996243573293,-3.939086051094801,-94.76909374058404,40.922
9.031000000000002,0.0557330330903731,0.1408410066861614,3.9471335587998766,19.923702462478957,down,up,up,down,0.0911162609670177,0.0014996243573293,-3.939086051094801,-94.76909374058404,40.953
9.047,0.0542219131281083,0.18556125860857992,3.947537192359342,19.9235704732872,down,up,up,down,0.0911162609670177,0.0014996243573293,-3.939086051094801,-94.76909374058404,40.969
9.062000000000001,0.0522094523322582,0.22528031402368232,3.9478579219656544,19.923441300696197,down,up,up,down,0.0911162609670177,0.0014996243573293,-3.939086051094801,-94.76909374058404,40.984
9.078,0.050241182555788896,0.21413312199636592,3.948201521034476,19.923298201969715,down,up,up,down,0.0911162609670177,0.0014996243573293,-3.939086051094801,-94.76909374058404,41.0
9.093,0.0485711317734285,0.2024529797910386,3.948465107757305,19.923159493020194,down,up,up,down,0.0911162609670177,0.0014996243573293,-3.939086051094801,-94.76909374058404,41.015
9.108999999999998,0.0481284395217507,0.11878452669688391,3.948762698317384,19.92300704738912,down,up,up,down,0.0911162609670177,0.0014996243573293,-3.939086051094801,-94.76909374058404,41.031
9.124999999999996,0.047732303125933094,0.1158747857056199,3.9490535782482823,19.922849893994098,down,up,up,down,0.0911162609670177,0.0014996243573293,-3.939086051094801,-94.76909374058404,41.047
9.139999999999997,0.0468114858903785,0.1525040766706549,3.9492851510312645,19.922698644290918,down,up,up,down,0.0911162609670177,0.0014996243573293,-3.939086051094801,-94.76909374058404,41.062
9.156000000000002,0.0449483567145296,0.2075618344575322,3.9495432237618213,19.922533394110076,down,up,up,down,0.0911162609670177,0.0014996243573293,-3.939086051094801,-94.76909374058404,41.078
9.172,0.0437415339736304,0.16654268227322772,3.949776736877044,19.922364211242495,down,up,up,down,0.0911162609670177,0.0014996243573293,-3.939086051094801,-94.76909374058404,41.094
9.187000000000001,0.042578926645800694,0.1686234161556607,3.9499466346970498,19.922202576722114,down,up,up,down,0.0911162609670177,0.0014996243573293,-3.939086051094801,-94.76909374058404,41.109
9.203,0.0423516190177295,0.10532298772147021,3.9501500730520753,19.922027179877645,down,up,up,down,0.0911162609670177,0.0014996243573293,-3.939086051094801,-94.76909374058404,41.125
9.218,0.041769238415133296,0.1299416344734288,3.9503034738481815,19.921860069042296,down,up,up,down,0.0911162609670177,0.0014996243573293,-3.939086051094801,-94.76909374058404,41.14
9.233999999999998,0.041171896860744094,0.12845010811634522,3.950490996920106,19.92167909009366,down,up,up,down,0.0911162609670177,0.0014996243573293,-3.939086051094801,-94.76909374058404,41.156
9.264999999999997,0.039050619087768995,0.1595445762242818,3.951280934272385,19.921313292744117,down,up,up,down,0.0911162609670177,0.0014996243573293,-3.939086051094801,-94.76909374058404,41.187
9.281000000000002,0.039235287922819495,0.07957445877637061,3.951431215518187,19.921116972363322,down,up,up,down,0.0911162609670177,0.0014996243573293,-3.939086051094801,-94.76909374058404,41.203
9.312000000000001,0.037410810705793496,0.14997036474205042,3.9521657184020076,19.920722887471484,down,up,up,down,0.0911162609670177,0.0014996243573293,-3.939086051094801,-94.76909374058404,41.234
9.328,0.0373224773613678,0.09663709499362491,3.952287578696262,19.920512637912196,down,up,up,down,0.0911162609670177,0.0014996243573293,-3.939086051094801,-94.76909374058404,41.25
9.343,0.036786398807778994,0.1268548312062721,3.952365889632891,19.920314027666166,down,up,up,down,0.0911162609670177,0.0014996243573293,-3.939086051094801,-94.76909374058404,41.265
9.358999999999998,0.036263343181383696,0.12380723761672871,3.9524742815585214,19.920100683114157,down,up,up,down,0.0911162609670177,0.0014996243573293,-3.939086051094801,-94.76909374058404,41.281
