timestamps,aAcc,aJerk,aVelocity,aHeight,jerks_direction,accelerations_direction,velocities_direction,heights_direction,start_jerks,start_accelerations,start_velocities,start_heights,actual_timestamps
0.0,0.0,0.0,0.0,0.0,down,down,down,up,0.0673146407933552,-0.0006751931721176,2.73102757941926,81.31842451983434,37.969
0.015000000000000568,0.0,0.0,0.0,0.04096539430518931,down,down,down,up,0.0673146407933552,-0.0006751931721176,2.73102757941926,81.31842451983434,37.984
0.030999999999998806,0.0,0.017849201992883097,0.0,0.08466188718203682,down,down,down,up,0.0673146407933552,-0.0006751931721176,2.73102757941926,81.31842451983434,38.0
0.045999999999999375,0.0,0.0,0.0,0.12562761203953698,down,down,down,up,0.0673146407933552,-0.0006751931721176,2.73102757941926,81.31842451983434,38.015
0.06199999999999761,0.0,0.0883988563167389,0.0,0.16932480701761676,down,down,down,up,0.0673146407933552,-0.0006751931721176,2.73102757941926,81.31842451983434,38.031
0.07799999999999585,0.0,0.08859173232545889,0.0,0.2130224275286281,down,down,down,up,0.0673146407933552,-0.0006751931721176,2.73102757941926,81.31842451983434,38.047
0.09299999999999642,0.0,0.15671231817469378,0.0,0.25398919925333985,down,down,down,up,0.0673146407933552,-0.0006751931721176,2.73102757941926,81.31842451983434,38.062
0.125,0.0,0.08423590343121219,0.0,0.3413849874009145,down,down,down,up,0.0673146407933552,-0.0006751931721176,2.73102757941926,81.31842451983434,38.094
0.14000000000000057,0.0,0.2244460102444663,0.0,0.38235149813912983,down,down,down,up,0.0673146407933552,-0.0006751931721176,2.73102757941926,81.31842451983434,38.109
0.1559999999999988,0.0,0.0715838254177282,0.0,0.42604852326346077,down,down,down,up,0.0673146407933552,-0.0006751931721176,2.73102757941926,81.31842451983434,38.125
0.17099999999999937,0.0,0.0720608328074558,0.0,0.4670137903646463,down,down,down,up,0.0673146407933552,-0.0006751931721176,2.73102757941926,81.31842451983434,38.14
0.1869999999999976,0.0,0.057334098279022395,0.0,0.5107093317919151,down,down,down,up,0.0673146407933552,-0.0006751931721176,2.73102757941926,81.31842451983434,38.156
0.20299999999999585,0.0,0.0754302637179321,0.0,0.554404113145992,down,down,down,up,0.0673146407933552,-0.0006751931721176,2.73102757941926,81.31842451983434,38.172
0.23400000000000176,0.0,0.106617342568141,0.0,0.6390602705980939,down,down,down,up,0.0673146407933552,-0.0006751931721176,2.73102757941926,81.31842451983434,38.203
0.25,0.0,0.13603782695605188,0.0,0.6827522558488113,down,down,down,up,0.0673146407933552,-0.0006751931721176,2.73102757941926,81.31842451983434,38.219
0.26500000000000057,0.0,0.0336566395533194,0.0,0.7237123438085433,down,down,down,up,0.0673146407933552,-0.0006751931721176,2.73102757941926,81.31842451983434,38.234
0.2809999999999988,0.0,0.0350440517188394,0.0,0.7674019068344933,down,down,down,up,0.0673146407933552,-0.0006751931721176,2.73102757941926,81.31842451983434,38.25
0.2959999999999994,0.0,0.036810680631054596,0.0,0.8083598617721321,down,down,down,up,0.0673146407933552,-0.0006751931721176,2.73102757941926,81.31842451983434,38.265
0.3119999999999976,0.0,0.043899128082119196,0.0,0.8520473848699766,down,down,down,up,0.0673146407933552,-0.0006751931721176,2.73102757941926,81.31842451983434,38.281
0.32799999999999585,0.0,0.0456217658160224,0.0,0.8957340124953248,down,down,down,up,0.0673146407933552,-0.0006751931721176,2.73102757941926,81.31842451983434,38.297
0.3429999999999964,0.0,0.0458823668527336,0.0,0.9366895696075375,down,down,down,up,0.0673146407933552,-0.0006751931721176,2.73102757941926,81.31842451983434,38.312
0.35900000000000176,0.0,0.1189143952238137,0.0,0.980374983868515,down,down,down,up,0.0673146407933552,-0.0006751931721176,2.73102757941926,81.31842451983434,38.328
0.39000000000000057,0.0,0.08788884146779259,0.0,1.0650137682781207,down,down,down,up,0.0673146407933552,-0.0006751931721176,2.73102757941926,81.31842451983434,38.359
0.4059999999999988,0.0,0.055200261367411296,0.0,1.1086972997233602,down,down,down,up,0.0673146407933552,-0.0006751931721176,2.73102757941926,81.31842451983434,38.375
0.4209999999999994,0.0,0.0646606274688675,0.0,1.1496499696918363,down,down,down,up,0.0673146407933552,-0.0006751931721176,2.73102757941926,81.31842451983434,38.39
0.4369999999999976,0.0,0.0665882926408419,0.0,1.1933321524239489,down,down,down,up,0.0673146407933552,-0.0006751931721176,2.73102757941926,81.31842451983434,38.406
0.4679999999999964,0.0,0.0774942718972334,0.0,1.27796436338339,down,down,down,up,0.0673146407933552,-0.0006751931721176,2.73102757941926,81.31842451983434,38.437
0.48400000000000176,0.0,0.1276235557264732,0.0,1.3216443615266655,down,down,down,up,0.0673146407933552,-0.0006751931721176,2.73102757941926,81.31842451983434,38.453
0.5,0.0,0.1252926029319394,0.0,1.3653233522255306,down,down,down,up,0.0673146407933552,-0.0006751931721176,2.73102757941926,81.31842451983434,38.469
0.5150000000000006,0.0,0.1252769028430426,0.0,1.4062712799489674,down,down,down,up,0.0673146407933552,-0.0006751931721176,2.73102757941926,81.31842451983434,38.484
0.5309999999999988,0.0,0.0977427658141013,0.0,1.4499476665780406,down,down,down,up,0.0673146407933552,-0.0006751931721176,2.73102757941926,81.31842451983434,38.5
0.5459999999999994,0.0,0.1353507124549524,0.0,1.4908928027024047,down,down,down,up,0.0673146407933552,-0.0006751931721176,2.73102757941926,81.31842451983434,38.515
0.5619999999999976,0.0,0.1264264874824144,0.0,1.5345658174871062,down,down,down,up,0.0673146407933552,-0.0006751931721176,2.73102757941926,81.31842451983434,38.531
0.5779999999999959,0.0,0.114708253359698,0.0,1.5782367463729372,down,down,down,up,0.0673146407933552,-0.0006751931721176,2.73102757941926,81.31842451983434,38.547
0.5929999999999964,0.0,0.06344108771769219,0.0,1.6191763164043635,down,down,down,up,0.0673146407933552,-0.0006751931721176,2.73102757941926,81.31842451983434,38.562
0.6090000000000018,0.0,0.047587751160270406,0.0,1.6628434570988873,down,down,down,up,0.0673146407933552,-0.0006751931721176,2.73102757941926,81.31842451983434,38.578
0.6400000000000006,0.0,0.03522191927554649,0.0,1.7474447989664128,down,down,down,up,0.0673146407933552,-0.0006751931721176,2.73102757941926,81.31842451983434,38.609
0.6559999999999988,0.0,0.0,0.0,1.7911083823091047,down,down,down,up,0.0673146407933552,-0.0006751931721176,2.73102757941926,81.31842451983434,38.625
0.6709999999999994,0.0,0.036410170727768,0.0,1.8320422169917379,down,down,down,up,0.0673146407933552,-0.0006751931721176,2.73102757941926,81.31842451983434,38.64
0.6869999999999976,0.0,0.0877908651692001,0.0,1.8757042476291872,down,down,down,up,0.0673146407933552,-0.0006751931721176,2.73102757941926,81.31842451983434,38.656
0.7029999999999959,0.0,0.0869815401902769,0.0,1.9193654957918085,down,down,down,up,0.0673146407933552,-0.0006751931721176,2.73102757941926,81.31842451983434,38.672
0.7340000000000018,0.0,0.0840701853685013,0.0,2.003956620048129,down,down,down,up,0.0673146407933552,-0.0006751931721176,2.73102757941926,81.31842451983434,38.703
0.75,0.0,0.0418243007360754,0.0,2.0476151815627475,down,down,down,up,0.0673146407933552,-0.0006751931721176,2.73102757941926,81.31842451983434,38.719
0.7650000000000006,0.0,0.0406744583256449,0.0,2.088544270488498,down,down,down,up,0.0673146407933552,-0.0006751931721176,2.73102757941926,81.31842451983434,38.734
0.7809999999999988,0.0,0.12213092127590039,0.0,2.132201119801522,down,down,down,up,0.0673146407933552,-0.0006751931721176,2.73102757941926,81.31842451983434,38.75
0.7959999999999994,0.0,0.014989310506632096,0.0,2.173128591295537,down,down,down,up,0.0673146407933552,-0.0006751931721176,2.73102757941926,81.31842451983434,38.765
0.8119999999999976,0.0,0.017473197187480596,0.0,2.21678377654014,down,down,down,up,0.0673146407933552,-0.0006751931721176,2.73102757941926,81.31842451983434,38.781
0.8279999999999959,0.0,0.07666887661173799,0.0,2.2604382915962447,down,down,down,up,0.0673146407933552,-0.0006751931721176,2.73102757941926,81.31842451983434,38.797
0.8429999999999964,0.0,0.1229320427485041,0.0,2.3013637731011585,down,down,down,up,0.0673146407933552,-0.0006751931721176,2.73102757941926,81.31842451983434,38.812
0.8590000000000018,0.0,0.1269357609175888,0.0,2.3450167745060497,down,down,down,up,0.0673146407933552,-0.0006751931721176,2.73102757941926,81.31842451983434,38.828
0.875,0.0,0.1251521210414856,0.0,2.3886686720713612,down,down,down,up,0.0673146407933552,-0.0006751931721176,2.73102757941926,81.31842451983434,38.844
0.8900000000000006,0.0,0.17996036893490908,0.0,2.4295910671932432,down,down,down,up,0.0673146407933552,-0.0006751931721176,2.73102757941926,81.31842451983434,38.859
0.9059999999999988,0.0,0.0407016750627643,0.0,2.4732400309675597,down,down,down,up,0.0673146407933552,-0.0006751931721176,2.73102757941926,81.31842451983434,38.875
0.9209999999999994,0.0,0.039570885103032596,0.0,2.5141594191898378,down,down,down,up,0.0673146407933552,-0.0006751931721176,2.73102757941926,81.31842451983434,38.89
0.9529999999999959,0.0,0.08493173911889679,0.0,2.601449338524489,down,down,down,up,0.0673146407933552,-0.0006751931721176,2.73102757941926,81.31842451983434,38.922
0.9679999999999964,0.0,0.0,0.0,2.6423642691875813,down,down,down,up,0.0673146407933552,-0.0006751931721176,2.73102757941926,81.31842451983434,38.937
0.9840000000000018,0.0,0.0,0.0,2.6860054742476223,down,down,down,up,0.0673146407933552,-0.0006751931721176,2.73102757941926,81.31842451983434,38.953
1.0,0.0,0.08914594635868049,0.0,2.729645416163109,down,down,down,up,0.0673146407933552,-0.0006751931721176,2.73102757941926,81.31842451983434,38.969
1.0150000000000006,0.0,0.0946148854095301,0.0,2.7705567097241612,down,down,down,up,0.0673146407933552,-0.0006751931721176,2.73102757941926,81.31842451983434,38.984
1.0309999999999988,0.0,0.0883692463453752,0.0,2.8141940977405966,down,down,down,up,0.0673146407933552,-0.0006751931721176,2.73102757941926,81.31842451983434,39.0
1.0619999999999976,0.0,0.0555112455230829,0.0,2.898737519921937,down,down,down,up,0.0673146407933552,-0.0006751931721176,2.73102757941926,81.31842451983434,39.031
1.0779999999999959,0.0,0.0474746301751869,0.0,2.9423708068460996,down,down,down,up,0.0673146407933552,-0.0006751931721176,2.73102757941926,81.31842451983434,39.047
1.0929999999999964,0.0,0.1209490728174313,0.0,2.983275784473932,down,down,down,up,0.0673146407933552,-0.0006751931721176,2.73102757941926,81.31842451983434,39.062
1.1090000000000018,0.0,0.0,0.0,3.0269064267261,down,down,down,up,0.0673146407933552,-0.0006751931721176,2.73102757941926,81.31842451983434,39.078
1.125,0.0,0.012071635013711994,0.0,3.0705358160158767,down,down,down,up,0.0673146407933552,-0.0006751931721176,2.73102757941926,81.31842451983434,39.094
1.1400000000000006,0.0,0.0792423967955678,0.0,3.111437375658994,down,down,down,up,0.0673146407933552,-0.0006751931721176,2.73102757941926,81.31842451983434,39.109
1.1709999999999994,0.0,0.0794793212281081,0.0,3.1959642170828317,down,down,down,up,0.0673146407933552,-0.0006751931721176,2.73102757941926,81.31842451983434,39.14
1.1869999999999976,0.0,0.0,0.0,3.239589381340309,down,down,down,up,0.0673146407933552,-0.0006751931721176,2.73102757941926,81.31842451983434,39.156
1.2029999999999959,0.0,0.0,0.0,3.2832136681938664,down,down,down,up,0.0673146407933552,-0.0006751931721176,2.73102757941926,81.31842451983434,39.172
1.2179999999999964,0.0,0.090305872036688,0.0,3.3241108105143127,down,down,down,up,0.0673146407933552,-0.0006751931721176,2.73102757941926,81.31842451983434,39.187
1.2340000000000018,0.0,0.0928124324258694,0.0,3.367733759260858,down,down,down,up,0.0673146407933552,-0.0006751931721176,2.73102757941926,81.31842451983434,39.203
1.25,0.0,0.0915137900047258,0.0,3.4113559191578844,down,down,down,up,0.0673146407933552,-0.0006751931721176,2.73102757941926,81.31842451983434,39.219
1.2650000000000006,0.0,0.07437273192430871,0.0,3.4522510291771056,down,down,down,up,0.0673146407933552,-0.0006751931721176,2.73102757941926,81.31842451983434,39.234
1.2809999999999988,0.0,0.015702869544888594,0.0,3.495872070764676,down,down,down,up,0.0673146407933552,-0.0006751931721176,2.73102757941926,81.31842451983434,39.25
1.2959999999999994,0.0,0.011697053198850595,0.0,3.5367666730994216,down,down,down,up,0.0673146407933552,-0.0006751931721176,2.73102757941926,81.31842451983434,39.265
1.3119999999999976,0.0,0.0717325052339646,0.0,3.580387604938281,down,down,down,up,0.0673146407933552,-0.0006751931721176,2.73102757941926,81.31842451983434,39.281
1.3279999999999959,0.0,0.0,0.0,3.6240086675240804,down,down,down,up,0.0673146407933552,-0.0006751931721176,2.73102757941926,81.31842451983434,39.297
1.3429999999999964,0.0,0.028196215996924394,0.0,3.664903676724947,down,down,down,up,0.0673146407933552,-0.0006751931721176,2.73102757941926,81.31842451983434,39.312
1.3590000000000018,0.0,0.031608481136277594,0.0,3.708525476669621,down,down,down,up,0.0673146407933552,-0.0006751931721176,2.73102757941926,81.31842451983434,39.328
1.375,0.0,0.1318197127842125,0.0,3.7521477903825655,down,down,down,up,0.0673146407933552,-0.0006751931721176,2.73102757941926,81.31842451983434,39.344
1.4059999999999988,0.0,0.0958517485606107,0.0,3.8366669408186738,down,down,down,up,0.0673146407933552,-0.0006751931721176,2.73102757941926,81.31842451983434,39.375
1.4209999999999994,0.0,0.2008144679409004,0.0,3.8775634635352247,down,down,down,up,0.0673146407933552,-0.0006751931721176,2.73102757941926,81.31842451983434,39.39
1.4369999999999976,0.0,0.1733743760099683,0.0,3.9211860577980246,down,down,down,up,0.0673146407933552,-0.0006751931721176,2.73102757941926,81.31842451983434,39.406
1.4679999999999964,0.0,0.20032309238455379,0.0,4.005701716648076,down,down,down,up,0.0673146407933552,-0.0006751931721176,2.73102757941926,81.31842451983434,39.437
1.4840000000000018,0.0,0.25926749689458717,0.0,4.049320259868722,down,down,down,up,0.0673146407933552,-0.0006751931721176,2.73102757941926,81.31842451983434,39.453
1.5,-0.0120947183092443,0.2152503563225508,0.0,4.092936185010245,down,down,down,up,0.0673146407933552,-0.0006751931721176,2.73102757941926,81.31842451983434,39.469
1.5150000000000006,-0.0144115003054938,0.2217667738766505,0.0,4.133823157525313,down,down,down,up,0.0673146407933552,-0.0006751931721176,2.73102757941926,81.31842451983434,39.484
1.5309999999999988,-0.0193000906584313,0.372851537851978,0.0,4.177432012845202,down,down,down,up,0.0673146407933552,-0.0006751931721176,2.73102757941926,81.31842451983434,39.5
1.5459999999999994,-0.0220435844707509,0.2502142282813244,0.0,4.218310809447999,down,down,down,up,0.0673146407933552,-0.0006751931721176,2.73102757941926,81.31842451983434,39.515
1.5619999999999976,-0.024756167692965302,0.23685109218177058,0.0,4.261909215905092,down,down,down,up,0.0673146407933552,-0.0006751931721176,2.73102757941926,81.31842451983434,39.531
1.5779999999999959,-0.024674037561284803,0.0621815075633261,0.0,4.305501290795462,down,down,down,up,0.0673146407933552,-0.0006751931721176,2.73102757941926,81.31842451983434,39.547
1.5929999999999964,-0.0280902921730828,0.2950649482465434,0.0,4.346362770216913,down,down,down,up,0.0673146407933552,-0.0006751931721176,2.73102757941926,81.31842451983434,39.562
1.6090000000000018,-0.0313698528103643,0.2722871806233817,0.0,4.389941209509502,down,down,down,up,0.0673146407933552,-0.0006751931721176,2.73102757941926,81.31842451983434,39.578
1.625,-0.032878685705337994,0.1616166967292231,0.0,4.4335115585968765,down,down,down,up,0.0673146407933552,-0.0006751931721176,2.73102757941926,81.31842451983434,39.594
1.6400000000000006,-0.033780946444577895,0.1274653567426819,0.0,4.4743509993672745,down,down,down,up,0.0673146407933552,-0.0006751931721176,2.73102757941926,81.31842451983434,39.609
1.6559999999999988,-0.0370562657942805,0.2720221001497901,0.0,4.517904368914927,down,down,down,up,0.0673146407933552,-0.0006751931721176,2.73102757941926,81.31842451983434,39.625
1.6869999999999976,-0.040243218910903794,0.1701195800392725,0.010449806085914393,4.6022611755197715,down,down,down,up,0.0673146407933552,-0.0006751931721176,2.73102757941926,81.31842451983434,39.656
1.7029999999999959,-0.0424314269958863,0.2040776461047724,0.011122006343922575,4.645785042291038,down,down,down,up,0.0673146407933552,-0.0006751931721176,2.73102757941926,81.31842451983434,39.672
1.7179999999999964,-0.0442409213352572,0.1879475967514134,0.01178217685398808,4.6865786746083415,down,down,down,up,0.0673146407933552,-0.0006751931721176,2.73102757941926,81.31842451983434,39.687
1.7340000000000018,-0.046053105493763596,0.1805761506999654,0.012515332159374282,4.7300807358069505,down,down,down,up,0.0673146407933552,-0.0006751931721176,2.73102757941926,81.31842451983434,39.703
1.75,-0.048549543362289796,0.2233420075762572,0.013282956440976434,4.773570790768858,down,down,down,up,0.0673146407933552,-0.0006751931721176,2.73102757941926,81.31842451983434,39.719
1.7650000000000006,-0.0517740139350966,0.2822793456471361,0.014045511018288437,4.814331240954203,down,down,down,up,0.0673146407933552,-0.0006751931721176,2.73102757941926,81.31842451983434,39.734
1.7809999999999988,-0.054921667238630796,0.2640429722642625,0.014909879558432149,4.857796039100293,down,down,down,up,0.0673146407933552,-0.0006751931721176,2.73102757941926,81.31842451983434,39.75
1.7959999999999994,-0.058328552649305296,0.29444033483831833,0.015769384105174034,4.898531358314102,down,down,down,up,0.0673146407933552,-0.0006751931721176,2.73102757941926,81.31842451983434,39.765
1.8119999999999976,-0.06252888058768839,0.3298351369423277,0.01674704666182336,4.941967668138673,down,down,down,up,0.0673146407933552,-0.0006751931721176,2.73102757941926,81.31842451983434,39.781
1.8429999999999964,-0.0667985491869665,0.20504588593136108,0.01877255281166601,5.026078969308827,down,down,down,up,0.0673146407933552,-0.0006751931721176,2.73102757941926,81.31842451983434,39.812
1.8590000000000018,-0.07186787627527019,0.3841475838122347,0.019892687306118262,5.069466088658601,down,down,down,up,0.0673146407933552,-0.0006751931721176,2.73102757941926,81.31842451983434,39.828
1.875,-0.0768148985827785,0.3765035350126592,0.021092952595736403,5.112834644810093,down,down,down,up,0.0673146407933552,-0.0006751931721176,2.73102757941926,81.31842451983434,39.844
1.8900000000000006,-0.0805023713197528,0.3131461565916278,0.02228296001758734,5.153474739156778,down,down,down,up,0.0673146407933552,-0.0006751931721176,2.73102757941926,81.31842451983434,39.859
1.9059999999999988,-0.0842731334016182,0.3029872709099712,0.023611967146111912,5.196804021010166,down,down,down,up,0.0673146407933552,-0.0006751931721176,2.73102757941926,81.31842451983434,39.875
1.9209999999999994,-0.0862702687356869,0.20045699639792638,0.024901170559723518,5.237405586168663,down,down,down,up,0.0673146407933552,-0.0006751931721176,2.73102757941926,81.31842451983434,39.89
1.9529999999999959,-0.0881891024869876,0.1272781955215103,0.02771412668079387,5.323956623954217,down,down,down,up,0.0673146407933552,-0.0006751931721176,2.73102757941926,81.31842451983434,39.922
1.9679999999999964,-0.09072109579828509,0.23611419487984858,0.029066081065515448,5.364496186087408,down,down,down,up,0.0673146407933552,-0.0006751931721176,2.73102757941926,81.31842451983434,39.937
1.9840000000000018,-0.0955931720921317,0.37181940915866357,0.030567398299393034,5.407715559523211,down,down,down,up,0.0673146407933552,-0.0006751931721176,2.73102757941926,81.31842451983434,39.953
2.0,-0.1003884798829553,0.3670213777198632,0.03214605460594733,5.450910293170665,down,down,down,up,0.0673146407933552,-0.0006751931721176,2.73102757941926,81.31842451983434,39.969
2.0150000000000006,-0.103672025620801,0.28621768998306196,0.03368663629480739,5.491381961680204,down,down,down,up,0.0673146407933552,-0.0006751931721176,2.73102757941926,81.31842451983434,39.984
2.030999999999999,-0.1069544013212464,0.27246312207121703,0.03538245080109803,5.534525850254141,down,down,down,up,0.0673146407933552,-0.0006751931721176,2.73102757941926,81.31842451983434,40.0
2.0459999999999994,-0.1101504568787064,0.2803850112906766,0.037020865135179104,5.574948239075908,down,down,down,up,0.0673146407933552,-0.0006751931721176,2.73102757941926,81.31842451983434,40.015
2.0619999999999976,-0.1129912083010609,0.2448616046905319,0.03881680154737088,5.6180379790131525,down,down,down,up,0.0673146407933552,-0.0006751931721176,2.73102757941926,81.31842451983434,40.031
2.077999999999996,-0.1174037745243712,0.3431000297502806,0.04067076450072804,5.66109851975547,down,down,down,up,0.0673146407933552,-0.0006751931721176,2.73102757941926,81.31842451983434,40.047
2.0929999999999964,-0.1231333857740058,0.4492887241023113,0.0424849211005478,5.701440265804749,down,down,down,up,0.0673146407933552,-0.0006751931721176,2.73102757941926,81.31842451983434,40.062
2.1090000000000018,-0.1287421119696166,0.417860028018914,0.0445107281732513,5.744440741881277,down,down,down,up,0.0673146407933552,-0.0006751931721176,2.73102757941926,81.31842451983434,40.078
2.125,-0.1348962995259555,0.4519513630645786,0.046630638555969384,5.78740805221814,down,down,down,up,0.0673146407933552,-0.0006751931721176,2.73102757941926,81.31842451983434,40.094
2.1400000000000006,-0.1388949383774456,0.33389056422601837,0.0486942007378266,5.827658529614723,down,down,down,up,0.0673146407933552,-0.0006751931721176,2.73102757941926,81.31842451983434,40.109
2.155999999999999,-0.14272745458422342,0.30684690371699563,0.05095798297227372,5.870557753415753,down,down,down,up,0.0673146407933552,-0.0006751931721176,2.73102757941926,81.31842451983434,40.125
2.1709999999999994,-0.1466594277004436,0.3294461818746904,0.053138512486991196,5.910742443391101,down,down,down,up,0.0673146407933552,-0.0006751931721176,2.73102757941926,81.31842451983434,40.14
2.1869999999999976,-0.14958473126070082,0.25014611330945147,0.0555192688494337,5.953569622411109,down,down,down,up,0.0673146407933552,-0.0006751931721176,2.73102757941926,81.31842451983434,40.156
2.2179999999999964,-0.1536431617414315,0.1982317530749968,0.0602402321793023,6.036437205107163,down,down,down,up,0.0673146407933552,-0.0006751931721176,2.73102757941926,81.31842451983434,40.187
2.2340000000000018,-0.15799917795259152,0.339565653990764,0.06274417398760912,6.079149771128556,down,down,down,up,0.0673146407933552,-0.0006751931721176,2.73102757941926,81.31842451983434,40.203
2.25,-0.1634118235639832,0.40560499150537077,0.0653262650904951,6.1218216488866375,down,down,down,up,0.0673146407933552,-0.0006751931721176,2.73102757941926,81.31842451983434,40.219
2.2650000000000006,-0.1687184137711615,0.4210873212718934,0.06782736976809112,6.16178841031649,down,down,down,up,0.0673146407933552,-0.0006751931721176,2.73102757941926,81.31842451983434,40.234
2.280999999999999,-0.1724102926612474,0.29805707142375126,0.07056720251030368,6.204377695008972,down,down,down,up,0.0673146407933552,-0.0006751931721176,2.73102757941926,81.31842451983434,40.25
2.2959999999999994,-0.17586123996582612,0.2973777944319287,0.07318936690258804,6.2442649344296655,down,down,down,up,0.0673146407933552,-0.0006751931721176,2.73102757941926,81.31842451983434,40.265
2.3119999999999976,-0.17920702360490992,0.2764261182361143,0.07604071610190788,6.286767535036333,down,down,down,up,0.0673146407933552,-0.0006751931721176,2.73102757941926,81.31842451983434,40.281
2.327999999999996,-0.1821643704596329,0.2521488192135656,0.07894249034517786,6.32922411065546,down,down,down,up,0.0673146407933552,-0.0006751931721176,2.73102757941926,81.31842451983434,40.297
2.3429999999999964,-0.1852745691710691,0.2746612215557567,0.08170841028998987,6.3689846425919825,down,down,down,up,0.0673146407933552,-0.0006751931721176,2.73102757941926,81.31842451983434,40.312
2.3590000000000018,-0.1883117315183114,0.2571372874959338,0.08470790378625992,6.411349753350095,down,down,down,up,0.0673146407933552,-0.0006751931721176,2.73102757941926,81.31842451983434,40.328
2.375,-0.1924806563691081,0.3278724439681829,0.0877650459801127,6.453666411022667,down,down,down,up,0.0673146407933552,-0.0006751931721176,2.73102757941926,81.31842451983434,40.344
2.3900000000000006,-0.1955291483001709,0.2705474361975284,0.090685247412714,6.4932934475135085,down,down,down,up,0.0673146407933552,-0.0006751931721176,2.73102757941926,81.31842451983434,40.359
2.405999999999999,-0.1988882342620517,0.27725751341093063,0.09385138956396544,6.5355135956884,down,down,down,up,0.0673146407933552,-0.0006751931721176,2.73102757941926,81.31842451983434,40.375
2.4209999999999994,-0.2021828924938766,0.2869585229150104,0.09686955091221616,6.57504860232612,down,down,down,up,0.0673146407933552,-0.0006751931721176,2.73102757941926,81.31842451983434,40.39
2.452999999999996,-0.207563499305845,0.23545860366738589,0.10344709936251917,6.659236418463138,down,down,down,up,0.0673146407933552,-0.0006751931721176,2.73102757941926,81.31842451983434,40.422
2.4679999999999964,-0.2134653622563167,0.4607721708247857,0.10661494372181712,6.6986263668312915,down,down,down,up,0.0673146407933552,-0.0006751931721176,2.73102757941926,81.31842451983434,40.437
2.4840000000000018,-0.2192911964586024,0.43142927843608747,0.11008779928229151,6.740589186157976,down,down,down,up,0.0673146407933552,-0.0006751931721176,2.73102757941926,81.31842451983434,40.453
2.5,-0.22511173194257061,0.4310981085414087,0.11365382580025418,6.782495694428022,down,down,down,up,0.0673146407933552,-0.0006751931721176,2.73102757941926,81.31842451983434,40.469
2.5150000000000006,-0.23016900582361902,0.404466232863234,0.11707855923108257,6.821730615231573,down,down,down,up,0.0673146407933552,-0.0006751931721176,2.73102757941926,81.31842451983434,40.484
2.530999999999999,-0.23509680324169402,0.37530197942307847,0.12081148879435855,6.863523936118071,down,down,down,up,0.0673146407933552,-0.0006751931721176,2.73102757941926,81.31842451983434,40.5
2.5459999999999994,-0.2400268327216235,0.39598327278864187,0.12438504396166516,6.902650375813693,down,down,down,up,0.0673146407933552,-0.0006751931721176,2.73102757941926,81.31842451983434,40.515
2.5619999999999976,-0.2461566893944766,0.4504306828467193,0.1282853152293475,6.944325454210869,down,down,down,up,0.0673146407933552,-0.0006751931721176,2.73102757941926,81.31842451983434,40.531
2.577999999999996,-0.2521990189266194,0.444960236552321,0.1322829639866696,6.985937349247848,down,down,down,up,0.0673146407933552,-0.0006751931721176,2.73102757941926,81.31842451983434,40.547
2.5929999999999964,-0.25604486514527736,0.3237043887038729,0.13610492101479066,7.024889853801625,down,down,down,up,0.0673146407933552,-0.0006751931721176,2.73102757941926,81.31842451983434,40.562
2.625,-0.26132454565877516,0.2323046568401432,0.14440443776916423,7.107794586602509,down,down,down,up,0.0673146407933552,-0.0006751931721176,2.73102757941926,81.31842451983434,40.594
2.6400000000000006,-0.264260079492896,0.2630168964014023,0.1483564503553838,7.1465642936328635,down,down,down,up,0.0673146407933552,-0.0006751931721176,2.73102757941926,81.31842451983434,40.609
2.655999999999999,-0.2689870913817707,0.3627528838480564,0.15263323081313462,7.187852817454214,down,down,down,up,0.0673146407933552,-0.0006751931721176,2.73102757941926,81.31842451983434,40.625
2.6709999999999994,-0.2735784684251925,0.3734064436881322,0.1567126004092687,7.22649813741134,down,down,down,up,0.0673146407933552,-0.0006751931721176,2.73102757941926,81.31842451983434,40.64
2.6869999999999976,-0.2772839511403973,0.2989073104936786,0.16113030285654695,7.267651835455922,down,down,down,up,0.0673146407933552,-0.0006751931721176,2.73102757941926,81.31842451983434,40.656
2.7179999999999964,-0.2834004626600759,0.26462146400880227,0.16984184225878973,7.347183622168629,down,down,down,up,0.0673146407933552,-0.0006751931721176,2.73102757941926,81.31842451983434,40.687
2.7340000000000018,-0.28780925232672416,0.3428639949587794,0.1744223230694395,7.388125950116731,down,down,down,up,0.0673146407933552,-0.0006751931721176,2.73102757941926,81.31842451983434,40.703
2.75,-0.29210891680664547,0.3360436707884698,0.17907247151325922,7.428994433030766,down,down,down,up,0.0673146407933552,-0.0006751931721176,2.73102757941926,81.31842451983434,40.719
2.7650000000000006,-0.2971555794652367,0.40375881803275687,0.1835020831328804,7.467240537562205,down,down,down,up,0.0673146407933552,-0.0006751931721176,2.73102757941926,81.31842451983434,40.734
2.780999999999999,-0.30274095854460187,0.4164008332537176,0.1883120585277127,7.50796246569962,down,down,down,up,0.0673146407933552,-0.0006751931721176,2.73102757941926,81.31842451983434,40.75
2.7959999999999994,-0.30824618391502057,0.4343296654879174,0.19290458999374183,7.546068754526999,down,down,down,up,0.0673146407933552,-0.0006751931721176,2.73102757941926,81.31842451983434,40.765
2.8119999999999976,-0.3139866844462222,0.4260959239934994,0.19789325603138508,7.586638813029495,down,down,down,up,0.0673146407933552,-0.0006751931721176,2.73102757941926,81.31842451983434,40.781
2.827999999999996,-0.31699303114849897,0.2552113096856715,0.20295189684689596,7.627128493077166,down,down,down,up,0.0673146407933552,-0.0006751931721176,2.73102757941926,81.31842451983434,40.797
2.8429999999999964,-0.31989923727473446,0.2610617158757137,0.20773871675765232,7.665013727166425,down,down,down,up,0.0673146407933552,-0.0006751931721176,2.73102757941926,81.31842451983434,40.812
2.8590000000000018,-0.3281034091407253,0.5800753824176135,0.21293354101973172,7.705344790374923,down,down,down,up,0.0673146407933552,-0.0006751931721176,2.73102757941926,81.31842451983434,40.828
2.875,-0.3319123591582205,0.3053740168868282,0.21822447025687675,7.745591967555413,down,down,down,up,0.0673146407933552,-0.0006751931721176,2.73102757941926,81.31842451983434,40.844
2.8900000000000006,-0.3367784042967585,0.39171765002921327,0.2232497788803709,7.783246324378169,down,down,down,up,0.0673146407933552,-0.0006751931721176,2.73102757941926,81.31842451983434,40.859
2.905999999999999,-0.34156416526386657,0.3664247012376401,0.22868732252760937,7.823327268837602,down,down,down,up,0.0673146407933552,-0.0006751931721176,2.73102757941926,81.31842451983434,40.875
2.9369999999999976,-0.3459892798896504,0.2100602738831631,0.23936533191582443,7.900734307655725,down,down,down,up,0.0673146407933552,-0.0006751931721176,2.73102757941926,81.31842451983434,40.906
2.952999999999996,-0.3500003173697603,0.318004483300251,0.2449440517846524,7.940556273856828,down,down,down,up,0.0673146407933552,-0.0006751931721176,2.73102757941926,81.31842451983434,40.922
2.9679999999999964,-0.3553519197238284,0.4240881310645459,0.2502443214604364,7.977807774748783,down,down,down,up,0.0673146407933552,-0.0006751931721176,2.73102757941926,81.31842451983434,40.937
2.9840000000000018,-0.3598893792338025,0.35090586016664077,0.25597705494285306,8.017454445008283,down,down,down,up,0.0673146407933552,-0.0006751931721176,2.73102757941926,81.31842451983434,40.953
3.0,-0.3643253880243868,0.3445651902049086,0.26178157617167175,8.05700881723007,down,down,down,up,0.0673146407933552,-0.0006751931721176,2.73102757941926,81.31842451983434,40.969
3.030999999999999,-0.36799803134815967,0.1857870060763538,0.27315352016028127,8.133379178198922,down,down,down,up,0.0673146407933552,-0.0006751931721176,2.73102757941926,81.31842451983434,41.0
3.0459999999999994,-0.37216476461261827,0.3450968584239179,0.2787148690275685,8.170205578971306,down,down,down,up,0.0673146407933552,-0.0006751931721176,2.73102757941926,81.31842451983434,41.015
3.0619999999999976,-0.3762145997882218,0.3204293392686039,0.28471270703352847,8.209394599633526,down,down,down,up,0.0673146407933552,-0.0006751931721176,2.73102757941926,81.31842451983434,41.031
3.077999999999996,-0.3812597216290481,0.3826347558450326,0.2907833046956201,8.248487072810391,down,down,down,up,0.0673146407933552,-0.0006751931721176,2.73102757941926,81.31842451983434,41.047
3.0929999999999964,-0.3849411164161758,0.3127409599351926,0.29653993887854124,8.285047562174881,down,down,down,up,0.0673146407933552,-0.0006751931721176,2.73102757941926,81.31842451983434,41.062
3.1090000000000018,-0.38858907000884807,0.29531174033530005,0.3027389834606975,8.323949772066882,down,down,down,up,0.0673146407933552,-0.0006751931721176,2.73102757941926,81.31842451983434,41.078
3.125,-0.3936033641000591,0.380708021494078,0.309007326024322,8.362752242861703,down,down,down,up,0.0673146407933552,-0.0006751931721176,2.73102757941926,81.31842451983434,41.094
3.1400000000000006,-0.39710559518032257,0.300796712810912,0.3149477711165072,8.399037993324441,down,down,down,up,0.0673146407933552,-0.0006751931721176,2.73102757941926,81.31842451983434,41.109
3.155999999999999,-0.4005169384040155,0.280523592274182,0.32133955447593454,8.43764413599041,down,down,down,up,0.0673146407933552,-0.0006751931721176,2.73102757941926,81.31842451983434,41.125
3.1869999999999976,-0.4027257365854577,0.1385661950334309,0.3338107469266065,8.51215116128067,down,down,down,up,0.0673146407933552,-0.0006751931721176,2.73102757941926,81.31842451983434,41.156
3.202999999999996,-0.4054674967086029,0.2386746484899489,0.3402870958837121,8.550454819808891,down,down,down,up,0.0673146407933552,-0.0006751931721176,2.73102757941926,81.31842451983434,41.172
3.2179999999999964,-0.40682150403297607,0.1575817957515641,0.3463893912868561,8.586270159846407,down,down,down,up,0.0673146407933552,-0.0006751931721176,2.73102757941926,81.31842451983434,41.187
3.2340000000000018,-0.4081517512705588,0.15045509314224498,0.35291998042004025,8.62437212614347,down,down,down,up,0.0673146407933552,-0.0006751931721176,2.73102757941926,81.31842451983434,41.203
3.25,-0.40977738853598566,0.1689169698825451,0.3594742166292457,8.66236941383778,down,down,down,up,0.0673146407933552,-0.0006751931721176,2.73102757941926,81.31842451983434,41.219
3.2650000000000006,-0.4137324332728536,0.3309842899178731,0.3656606681903942,8.697896315892919,down,down,down,up,0.0673146407933552,-0.0006751931721176,2.73102757941926,81.31842451983434,41.234
3.280999999999999,-0.4149038335526676,0.1405271582817379,0.37230056141575174,8.735689067326774,down,down,down,up,0.0673146407933552,-0.0006751931721176,2.73102757941926,81.31842451983434,41.25
3.2959999999999994,-0.41720813389249756,0.2209346634486813,0.37855152906917233,8.771023090339426,down,down,down,up,0.0673146407933552,-0.0006751931721176,2.73102757941926,81.31842451983434,41.265
3.3119999999999976,-0.4195171969287941,0.2116310805619037,0.3852561348064958,8.808609070299127,down,down,down,up,0.0673146407933552,-0.0006751931721176,2.73102757941926,81.31842451983434,41.281
3.3429999999999964,-0.42309343491492507,0.1826771564750063,0.39833753058840804,8.881125223447498,down,down,down,up,0.0673146407933552,-0.0006751931721176,2.73102757941926,81.31842451983434,41.312
3.3590000000000018,-0.4261628160165642,0.2591509596457363,0.40514238368661637,8.918393825404024,down,down,down,up,0.0673146407933552,-0.0006751931721176,2.73102757941926,81.31842451983434,41.328
3.375,-0.4285781553126249,0.2182733467971616,0.4119911145480031,8.955553198688847,down,down,down,up,0.0673146407933552,-0.0006751931721176,2.73102757941926,81.31842451983434,41.344
3.405999999999999,-0.4312310267925898,0.15289114014706678,0.4253390878589691,9.027236435513544,down,down,down,up,0.0673146407933552,-0.0006751931721176,2.73102757941926,81.31842451983434,41.375
3.4369999999999976,-0.43564986125093336,0.20985768783670158,0.43879667261197897,9.098504186188222,down,down,down,up,0.0673146407933552,-0.0006751931721176,2.73102757941926,81.31842451983434,41.406
3.452999999999996,-0.43652106102391386,0.1217646266046391,0.445784843080931,9.135123975333386,down,down,down,up,0.0673146407933552,-0.0006751931721176,2.73102757941926,81.31842451983434,41.422
3.4679999999999964,-0.4378448588393198,0.1555678284870801,0.45235271537748734,9.16935335733622,down,down,down,up,0.0673146407933552,-0.0006751931721176,2.73102757941926,81.31842451983434,41.437
3.4840000000000018,-0.4391015996610026,0.1458609421485046,0.4593790901362462,9.205755944162846,down,down,down,up,0.0673146407933552,-0.0006751931721176,2.73102757941926,81.31842451983434,41.453
3.5,-0.44213162470094497,0.2566912057897779,0.46643975902189494,9.24204583464028,down,down,down,up,0.0673146407933552,-0.0006751931721176,2.73102757941926,81.31842451983434,41.469
3.5150000000000006,-0.44280149224934107,0.1119724773530896,0.4730868852966039,9.275964798499189,down,down,down,up,0.0673146407933552,-0.0006751931721176,2.73102757941926,81.31842451983434,41.484
3.530999999999999,-0.44223286547560997,0.0317754674351613,0.48017796324915674,9.312035120981506,down,down,down,up,0.0673146407933552,-0.0006751931721176,2.73102757941926,81.31842451983434,41.5
3.5459999999999994,-0.44165539961915457,0.028816917029659293,0.4868172531349493,9.345748070549902,down,down,down,up,0.0673146407933552,-0.0006751931721176,2.73102757941926,81.31842451983434,41.515
3.5619999999999976,-0.4452109226226053,0.2895348285090512,0.4939229868036361,9.381598589901103,down,down,down,up,0.0673146407933552,-0.0006751931721176,2.73102757941926,81.31842451983434,41.531
3.577999999999996,-0.4489111670475694,0.29857991735363576,0.5010867666117509,9.417334953144504,down,down,down,up,0.0673146407933552,-0.0006751931721176,2.73102757941926,81.31842451983434,41.547
3.5929999999999964,-0.4524718960003859,0.3046965709811169,0.5078572674821924,9.450733286580103,down,down,down,up,0.0673146407933552,-0.0006751931721176,2.73102757941926,81.31842451983434,41.562
3.6090000000000018,-0.4522043504815283,0.050593045864757095,0.5151054805448041,9.486246025866578,down,down,down,up,0.0673146407933552,-0.0006751931721176,2.73102757941926,81.31842451983434,41.578
3.625,-0.4550873627889658,0.2475029100082177,0.5223746173417205,9.521642626354222,down,down,down,up,0.0673146407933552,-0.0006751931721176,2.73102757941926,81.31842451983434,41.594
3.6400000000000006,-0.45789607075596267,0.25456183859314463,0.5292321209908901,9.554720989507999,down,down,down,up,0.0673146407933552,-0.0006751931721176,2.73102757941926,81.31842451983434,41.609
3.655999999999999,-0.46005260593168806,0.2020980892762036,0.5365865134951444,9.589890881702829,down,down,down,up,0.0673146407933552,-0.0006751931721176,2.73102757941926,81.31842451983434,41.625
3.6869999999999976,-0.4609943714182556,0.09769417261811589,0.5508836726324038,9.65769694877983,down,down,down,up,0.0673146407933552,-0.0006751931721176,2.73102757941926,81.31842451983434,41.656
3.702999999999996,-0.46139850385403847,0.0925729180297864,0.5582736187253352,9.692520131719661,down,down,down,up,0.0673146407933552,-0.0006751931721176,2.73102757941926,81.31842451983434,41.672
3.7179999999999964,-0.4618640607899245,0.0983517698524215,0.5652082158577469,9.725059431651587,down,down,down,up,0.0673146407933552,-0.0006751931721176,2.73102757941926,81.31842451983434,41.687
3.7340000000000018,-0.4648562339256212,0.2543254617743411,0.5726327813062277,9.759653144944977,down,down,down,up,0.0673146407933552,-0.0006751931721176,2.73102757941926,81.31842451983434,41.703
3.75,-0.46577456546153506,0.1247103617879745,0.5800886307920781,9.794127814918909,down,down,down,up,0.0673146407933552,-0.0006751931721176,2.73102757941926,81.31842451983434,41.719
3.7650000000000006,-0.4674600018274457,0.1796770651873959,0.5870980179443275,9.82633932874468,down,down,down,up,0.0673146407933552,-0.0006751931721176,2.73102757941926,81.31842451983434,41.734
3.780999999999999,-0.4705731436104958,0.2618860022340085,0.5946130861985841,9.860582081182244,down,down,down,up,0.0673146407933552,-0.0006751931721176,2.73102757941926,81.31842451983434,41.75
3.7959999999999994,-0.47357281301267307,0.2672926009384955,0.6017043087708398,9.892575114411258,down,down,down,up,0.0673146407933552,-0.0006751931721176,2.73102757941926,81.31842451983434,41.765
3.827999999999996,-0.47551837011376286,0.1281133002024178,0.616911373882369,9.960470146030218,down,down,down,up,0.0673146407933552,-0.0006751931721176,2.73102757941926,81.31842451983434,41.797
3.8429999999999964,-0.4763711895428955,0.1241692694021945,0.6240606734773761,9.992128269366304,down,down,down,up,0.0673146407933552,-0.0006751931721176,2.73102757941926,81.31842451983434,41.812
3.8590000000000018,-0.4772376289294158,0.1214671024508566,0.631700347115911,10.02577862247226,down,down,down,up,0.0673146407933552,-0.0006751931721176,2.73102757941926,81.31842451983434,41.828
3.875,-0.4804756216624106,0.2696891866055558,0.6393728562113985,10.05930647811634,down,down,down,up,0.0673146407933552,-0.0006751931721176,2.73102757941926,81.31842451983434,41.844
3.8900000000000006,-0.4807787478495822,0.0875230532714572,0.6465923918803207,10.090627152446956,down,down,down,up,0.0673146407933552,-0.0006751931721176,2.73102757941926,81.31842451983434,41.859
3.905999999999999,-0.4810258776715166,0.0827602546642582,0.6542976319752425,10.123916473526819,down,down,down,up,0.0673146407933552,-0.0006751931721176,2.73102757941926,81.31842451983434,41.875
3.9209999999999994,-0.482637696022147,0.1747691975020445,0.6615352366755269,10.155013140703218,down,down,down,up,0.0673146407933552,-0.0006751931721176,2.73102757941926,81.31842451983434,41.89
3.952999999999996,-0.48326111543537387,0.0867964974566965,0.6770112238403532,10.220989279876378,down,down,down,up,0.0673146407933552,-0.0006751931721176,2.73102757941926,81.31842451983434,41.922
3.9679999999999964,-0.48652862111346096,0.2851483526658196,0.6842947747620514,10.251744898578167,down,down,down,up,0.0673146407933552,-0.0006751931721176,2.73102757941926,81.31842451983434,41.937
3.9840000000000018,-0.48973060615433717,0.2674387058480514,0.6921156516709503,10.28443005643743,down,down,down,up,0.0673146407933552,-0.0006751931721176,2.73102757941926,81.31842451983434,41.953
4.0,-0.4902475933857158,0.0996263427545217,0.6999662803580238,10.316989842251886,down,down,down,up,0.0673146407933552,-0.0006751931721176,2.73102757941926,81.31842451983434,41.969
4.015000000000001,-0.48852219579113226,0.047711865512204105,0.7073171816744321,10.347400629977926,down,down,down,up,0.0673146407933552,-0.0006751931721176,2.73102757941926,81.31842451983434,41.984
4.030999999999999,-0.4868676358909933,0.0360953529653414,0.7151311034186421,10.379717484967884,down,down,down,up,0.0673146407933552,-0.0006751931721176,2.73102757941926,81.31842451983434,42.0
4.045999999999999,-0.4884660628861894,0.1738764404730897,0.7224562340570531,10.4099009936281,down,down,down,up,0.0673146407933552,-0.0006751931721176,2.73102757941926,81.31842451983434,42.015
4.077999999999996,-0.4901348360138389,0.1194638010324065,0.7381354546209562,10.47392440915067,down,down,down,up,0.0673146407933552,-0.0006751931721176,2.73102757941926,81.31842451983434,42.047
4.092999999999996,-0.4916197148763501,0.16630656496076818,0.7455087416502117,10.503762491369898,down,down,down,up,0.0673146407933552,-0.0006751931721176,2.73102757941926,81.31842451983434,42.062
4.109000000000002,-0.492896165253029,0.1470927893357594,0.7533956717820003,10.535467697333189,down,down,down,up,0.0673146407933552,-0.0006751931721176,2.73102757941926,81.31842451983434,42.078
4.125,-0.4930380466709234,0.0761822294117559,0.7612939485681451,10.567046621641083,down,down,down,up,0.0673146407933552,-0.0006751931721176,2.73102757941926,81.31842451983434,42.094
4.140000000000001,-0.49313978282123827,0.0740970508143439,0.7687004101869186,10.596537077641699,down,down,down,up,0.0673146407933552,-0.0006751931721176,2.73102757941926,81.31842451983434,42.109
4.170999999999999,-0.49590469495895206,0.1565053549131584,0.7840515305808466,10.657131277521827,down,down,down,up,0.0673146407933552,-0.0006751931721176,2.73102757941926,81.31842451983434,42.14
4.186999999999998,-0.4985404869311516,0.2320516390558447,0.7920178951267203,10.688219163386862,down,down,down,up,0.0673146407933552,-0.0006751931721176,2.73102757941926,81.31842451983434,42.156
4.202999999999996,-0.49860746761571656,0.0715009335786687,0.8000058818538482,10.719179414441726,down,down,down,up,0.0673146407933552,-0.0006751931721176,2.73102757941926,81.31842451983434,42.172
4.234000000000002,-0.4983827137941521,0.0600645175170823,0.8154801606540398,10.778801235744865,down,down,down,up,0.0673146407933552,-0.0006751931721176,2.73102757941926,81.31842451983434,42.203
4.25,-0.49887222584696467,0.09790914409414339,0.8234690032619219,10.80938608370424,down,down,down,up,0.0673146407933552,-0.0006751931721176,2.73102757941926,81.31842451983434,42.219
4.265000000000001,-0.5006198703235825,0.1838242725678703,0.8309753218807829,10.83794316495694,down,down,down,up,0.0673146407933552,-0.0006751931721176,2.73102757941926,81.31842451983434,42.234
4.280999999999999,-0.5004929102713565,0.059379637529228695,0.8389950272162954,10.868279843434863,down,down,down,up,0.0673146407933552,-0.0006751931721176,2.73102757941926,81.31842451983434,42.25
4.295999999999999,-0.5004313780545058,0.0632124930033101,0.8465120872763214,10.896603953767467,down,down,down,up,0.0673146407933552,-0.0006751931721176,2.73102757941926,81.31842451983434,42.265
4.311999999999998,-0.501945636807358,0.1619558128466325,0.8545419064859694,10.92669196308806,down,down,down,up,0.0673146407933552,-0.0006751931721176,2.73102757941926,81.31842451983434,42.281
4.342999999999996,-0.503581080667395,0.1200708943429378,0.8701485015951633,10.984621116724824,down,down,down,up,0.0673146407933552,-0.0006751931721176,2.73102757941926,81.31842451983434,42.312
4.359000000000002,-0.504666566311192,0.1351574935306423,0.8782252858617483,11.014330567695879,down,down,down,up,0.0673146407933552,-0.0006751931721176,2.73102757941926,81.31842451983434,42.328
4.375,-0.5062391351455453,0.16560019294044748,0.8863233345641552,11.043910620003189,down,down,down,up,0.0673146407933552,-0.0006751931721176,2.73102757941926,81.31842451983434,42.344
4.390000000000001,-0.5077777673616453,0.1698901218666816,0.8939385892305411,11.071524069266005,down,down,down,up,0.0673146407933552,-0.0006751931721176,2.73102757941926,81.31842451983434,42.359
4.405999999999999,-0.5072502387063142,0.03434409983516339,0.9020696163698378,11.100852444891899,down,down,down,up,0.0673146407933552,-0.0006751931721176,2.73102757941926,81.31842451983434,42.375
4.436999999999998,-0.508527668984458,0.1085220691205746,0.9178351049273799,11.15730577667378,down,down,down,up,0.0673146407933552,-0.0006751931721176,2.73102757941926,81.31842451983434,42.406
4.452999999999996,-0.5104455078553798,0.1871795702259799,0.9259976934328513,11.186251555557618,down,down,down,up,0.0673146407933552,-0.0006751931721176,2.73102757941926,81.31842451983434,42.422
4.467999999999996,-0.5123203697480871,0.1923054336405076,0.9336785654124595,11.213269397307585,down,down,down,up,0.0673146407933552,-0.0006751931721176,2.73102757941926,81.31842451983434,42.437
4.484000000000002,-0.5135673421363123,0.14525041505739988,0.9418964701982913,11.241961238293399,down,down,down,up,0.0673146407933552,-0.0006751931721176,2.73102757941926,81.31842451983434,42.453
4.5,-0.5140186519936734,0.0955215068784259,0.9501279612420843,11.270521484112578,down,down,down,up,0.0673146407933552,-0.0006751931721176,2.73102757941926,81.31842451983434,42.469
4.515000000000001,-0.5155004717026852,0.166102621394141,0.9578594825673887,11.297176991975306,down,down,down,up,0.0673146407933552,-0.0006751931721176,2.73102757941926,81.31842451983434,42.484
4.530999999999999,-0.5155606653626634,0.0710767445419946,0.9661187747546645,11.325481607187427,down,down,down,up,0.0673146407933552,-0.0006751931721176,2.73102757941926,81.31842451983434,42.5
4.545999999999999,-0.5156349664874309,0.07226804911118649,0.9738628698911223,11.351897158543863,down,down,down,up,0.0673146407933552,-0.0006751931721176,2.73102757941926,81.31842451983434,42.515
4.577999999999996,-0.5177387297498974,0.1330572427454414,0.9904184552124253,11.407861539883626,down,down,down,up,0.0673146407933552,-0.0006751931721176,2.73102757941926,81.31842451983434,42.547
4.592999999999996,-0.5167184167570067,0.0,0.9981870117088094,11.43391241257298,down,down,down,up,0.0673146407933552,-0.0006751931721176,2.73102757941926,81.31842451983434,42.562
4.609000000000002,-0.515792946070901,0.0,1.0064579057021894,11.461571694504428,down,down,down,up,0.0673146407933552,-0.0006751931721176,2.73102757941926,81.31842451983434,42.578
4.625,-0.5159001521836117,0.0740150228377781,1.0147222535789784,11.489098694500882,down,down,down,up,0.0673146407933552,-0.0006751931721176,2.73102757941926,81.31842451983434,42.594
4.655999999999999,-0.5154616011259456,0.0531678324815449,1.0307292917436115,11.542056050510382,down,down,down,up,0.0673146407933552,-0.0006751931721176,2.73102757941926,81.31842451983434,42.625
4.670999999999999,-0.514986483739019,0.035640148331581294,1.0384677802776807,11.567502486161501,down,down,down,up,0.0673146407933552,-0.0006751931721176,2.73102757941926,81.31842451983434,42.64
4.686999999999998,-0.5178071525392145,0.2436064408055928,1.0467409324586596,11.594517257730345,down,down,down,up,0.0673146407933552,-0.0006751931721176,2.73102757941926,81.31842451983434,42.656
4.702999999999996,-0.5176843914102829,0.0596420702351285,1.0550356679010087,11.621399486198158,down,down,down,up,0.0673146407933552,-0.0006751931721176,2.73102757941926,81.31842451983434,42.672
4.717999999999996,-0.5175627384826313,0.0592044456165863,1.0628101492727875,11.64648105626064,down,down,down,up,0.0673146407933552,-0.0006751931721176,2.73102757941926,81.31842451983434,42.687
4.734000000000002,-0.5176845809447226,0.07492979467405489,1.071102930918963,11.673106192889819,down,down,down,up,0.0673146407933552,-0.0006751931721176,2.73102757941926,81.31842451983434,42.703
4.75,-0.5163647213292446,0.015176585174027604,1.0793861284279078,11.699598721685746,down,down,down,up,0.0673146407933552,-0.0006751931721176,2.73102757941926,81.31842451983434,42.719
4.765000000000001,-0.5163566340676056,0.0667754900174197,1.0871416664909663,11.724315176915141,down,down,down,up,0.0673146407933552,-0.0006751931721176,2.73102757941926,81.31842451983434,42.734
4.780999999999999,-0.5163559585117152,0.06727241855020899,1.0954141703223539,11.750551171491338,down,down,down,up,0.0673146407933552,-0.0006751931721176,2.73102757941926,81.31842451983434,42.75
4.795999999999999,-0.5161878546964296,0.056107719774312496,1.103168376818997,11.775027216079067,down,down,down,up,0.0673146407933552,-0.0006751931721176,2.73102757941926,81.31842451983434,42.765
4.811999999999998,-0.5153705527027093,0.016233266185829598,1.1114316471689432,11.801006857157859,down,down,down,up,0.0673146407933552,-0.0006751931721176,2.73102757941926,81.31842451983434,42.781
4.827999999999996,-0.514579658346678,0.017883743541393396,1.1196820519480912,11.826854388835642,down,down,down,up,0.0673146407933552,-0.0006751931721176,2.73102757941926,81.31842451983434,42.797
4.859000000000002,-0.5139286791145032,0.04631531072320699,1.1356448621670783,11.87655867662886,down,down,down,up,0.0673146407933552,-0.0006751931721176,2.73102757941926,81.31842451983434,42.828
4.875,-0.5132781163879852,0.026654470385970193,1.1438733196218511,11.902018972445262,down,down,down,up,0.0673146407933552,-0.0006751931721176,2.73102757941926,81.31842451983434,42.844
4.890000000000001,-0.512971056619266,0.046843989545413196,1.1515803163169873,11.925768483867003,down,down,down,up,0.0673146407933552,-0.0006751931721176,2.73102757941926,81.31842451983434,42.859
4.905999999999999,-0.5146370914069607,0.1714418150242835,1.1598119845919501,11.950973786730444,down,down,down,up,0.0673146407933552,-0.0006751931721176,2.73102757941926,81.31842451983434,42.875
4.920999999999999,-0.5154661686343243,0.1225864559509253,1.1675478869398421,11.974484001385264,down,down,down,up,0.0673146407933552,-0.0006751931721176,2.73102757941926,81.31842451983434,42.89
4.936999999999998,-0.5162479683728343,0.1161771244502357,1.1758124031266521,11.999433560335419,down,down,down,up,0.0673146407933552,-0.0006751931721176,2.73102757941926,81.31842451983434,42.906
4.952999999999996,-0.5169586018176862,0.1117292310966034,1.1840888587789293,12.02425079151088,down,down,down,up,0.0673146407933552,-0.0006751931721176,2.73102757941926,81.31842451983434,42.922
4.967999999999996,-0.5172505107127083,0.08677523379483269,1.19185555502049,12.04739662209866,down,down,down,up,0.0673146407933552,-0.0006751931721176,2.73102757941926,81.31842451983434,42.937
4.984000000000002,-0.5175165330241818,0.08394103526043929,1.2001444944611415,12.071957062973539,down,down,down,up,0.0673146407933552,-0.0006751931721176,2.73102757941926,81.31842451983434,42.953
5.015000000000001,-0.5178119824422822,0.0768452671836925,1.2162130174392065,12.119165376501059,down,down,down,up,0.0673146407933552,-0.0006751931721176,2.73102757941926,81.31842451983434,42.984
5.030999999999999,-0.5181388614558156,0.0877445791391914,1.2245114272811446,12.14333602221403,down,down,down,up,0.0673146407933552,-0.0006751931721176,2.73102757941926,81.31842451983434,43.0
5.045999999999999,-0.5192013375889619,0.13814638300310988,1.2323016066715624,12.165875338150656,down,down,down,up,0.0673146407933552,-0.0006751931721176,2.73102757941926,81.31842451983434,43.015
5.061999999999998,-0.5196092231809839,0.0928074902947319,1.240622894248475,12.189788383413998,down,down,down,up,0.0673146407933552,-0.0006751931721176,2.73102757941926,81.31842451983434,43.031
5.077999999999996,-0.5199433774675732,0.08819928370519109,1.2489501181444163,12.213568240585559,down,down,down,up,0.0673146407933552,-0.0006751931721176,2.73102757941926,81.31842451983434,43.047
5.092999999999996,-0.5202761376340508,0.0894986518918571,1.2567618924052606,12.235740814197726,down,down,down,up,0.0673146407933552,-0.0006751931721176,2.73102757941926,81.31842451983434,43.062
5.109000000000002,-0.5232685155041832,0.2543382576765678,1.2651210527211232,12.259262191907425,down,down,down,up,0.0673146407933552,-0.0006751931721176,2.73102757941926,81.31842451983434,43.078
5.140000000000001,-0.5227441137269366,0.050398454430562595,1.2813551794625406,12.304453665270586,down,down,down,up,0.0673146407933552,-0.0006751931721176,2.73102757941926,81.31842451983434,43.109
5.155999999999999,-0.5226533837993443,0.061644020318836396,1.289729162533504,12.3275814318053,down,down,down,up,0.0673146407933552,-0.0006751931721176,2.73102757941926,81.31842451983434,43.125
5.186999999999998,-0.5226365254758711,0.0667708239071229,1.3059520871156045,12.372010227397737,down,down,down,up,0.0673146407933552,-0.0006751931721176,2.73102757941926,81.31842451983434,43.156
5.202999999999996,-0.5226059902957179,0.0654061920337751,1.3143248303325301,12.394744453328869,down,down,down,up,0.0673146407933552,-0.0006751931721176,2.73102757941926,81.31842451983434,43.172
5.217999999999996,-0.522545234089085,0.0632642270178343,1.3221735924129987,12.415936128849566,down,down,down,up,0.0673146407933552,-0.0006751931721176,2.73102757941926,81.31842451983434,43.187
5.234000000000002,-0.5237873140445313,0.1449446380087186,1.3305550558888242,12.438410740933861,down,down,down,up,0.0673146407933552,-0.0006751931721176,2.73102757941926,81.31842451983434,43.203
5.25,-0.5250366236163089,0.1453964890294639,1.3389564504808638,12.460751090153607,down,down,down,up,0.0673146407933552,-0.0006751931721176,2.73102757941926,81.31842451983434,43.219
5.265000000000001,-0.5250657335963282,0.0692553061279798,1.3468423460575407,12.481573012870868,down,down,down,up,0.0673146407933552,-0.0006751931721176,2.73102757941926,81.31842451983434,43.234
5.280999999999999,-0.5259721851669976,0.1239678639601974,1.3552614524984001,12.503652623753098,down,down,down,up,0.0673146407933552,-0.0006751931721176,2.73102757941926,81.31842451983434,43.25
5.295999999999999,-0.5268671834281573,0.1269811915373319,1.3631678756604457,12.524229817483217,down,down,down,up,0.0673146407933552,-0.0006751931721176,2.73102757941926,81.31842451983434,43.265
5.327999999999996,-0.5270480933309525,0.07296807525570509,1.3800521262700973,12.567731179993743,down,down,down,up,0.0673146407933552,-0.0006751931721176,2.73102757941926,81.31842451983434,43.297
5.342999999999996,-0.5270367129520928,0.0665559488693735,1.3879678902148027,12.58793644356139,down,down,down,up,0.0673146407933552,-0.0006751931721176,2.73102757941926,81.31842451983434,43.312
5.359000000000002,-0.5270538069863537,0.06838301793466589,1.3964114174650668,12.609357850370657,down,down,down,up,0.0673146407933552,-0.0006751931721176,2.73102757941926,81.31842451983434,43.328
5.375,-0.5263295608763645,0.022049258919023797,1.4048492874987215,12.630644206001662,down,down,down,up,0.0673146407933552,-0.0006751931721176,2.73102757941926,81.31842451983434,43.344
5.390000000000001,-0.5277601955709788,0.1626902871009676,1.4127650885696585,12.650477511872438,down,down,down,up,0.0673146407933552,-0.0006751931721176,2.73102757941926,81.31842451983434,43.359
5.420999999999999,-0.5275067020058657,0.059137429015514296,1.4291426564704346,12.6910897967863,down,down,down,up,0.0673146407933552,-0.0006751931721176,2.73102757941926,81.31842451983434,43.39
5.436999999999998,-0.527851526759946,0.088866187923374,1.437596325391314,12.71185232620212,down,down,down,up,0.0673146407933552,-0.0006751931721176,2.73102757941926,81.31842451983434,43.406
5.452999999999996,-0.5280145508925056,0.0775036490783339,1.4460540571032867,12.732479564412856,down,down,down,up,0.0673146407933552,-0.0006751931721176,2.73102757941926,81.31842451983434,43.422
5.467999999999996,-0.5281866776022586,0.0787897547768863,1.4539856942145792,12.751694679969262,down,down,down,up,0.0673146407933552,-0.0006751931721176,2.73102757941926,81.31842451983434,43.437
5.484000000000002,-0.5296673743620097,0.1598581882777714,1.4624593297210502,12.772059561048508,down,down,down,up,0.0673146407933552,-0.0006751931721176,2.73102757941926,81.31842451983434,43.453
5.5,-0.5296821145497113,0.06823590252470109,1.4709449287230971,12.792288768251666,down,down,down,up,0.0673146407933552,-0.0006751931721176,2.73102757941926,81.31842451983434,43.469
5.515000000000001,-0.5296579372321784,0.06570281962449509,1.478900107009043,12.811130344174984,down,down,down,up,0.0673146407933552,-0.0006751931721176,2.73102757941926,81.31842451983434,43.484
5.530999999999999,-0.5282087507762263,0.0232595127036576,1.4873738436038633,12.831096593840769,down,down,down,up,0.0673146407933552,-0.0006751931721176,2.73102757941926,81.31842451983434,43.5
5.545999999999999,-0.5286147570149407,0.0943817233743102,1.4953101478098791,12.849691877596456,down,down,down,up,0.0673146407933552,-0.0006751931721176,2.73102757941926,81.31842451983434,43.515
5.561999999999998,-0.5273933287671717,0.0,1.503769015586889,12.86939568555998,down,down,down,up,0.0673146407933552,-0.0006751931721176,2.73102757941926,81.31842451983434,43.531
5.577999999999996,-0.5262883464332617,0.0,1.5122092720792455,12.888964300529366,down,down,down,up,0.0673146407933552,-0.0006751931721176,2.73102757941926,81.31842451983434,43.547
5.592999999999996,-0.5258545658416462,0.03839593468565809,1.5201104718188894,12.907187316141417,down,down,down,up,0.0673146407933552,-0.0006751931721176,2.73102757941926,81.31842451983434,43.562
5.609000000000002,-0.5284702940501571,0.2307976538252293,1.5285558737887806,12.926494426647267,down,down,down,up,0.0673146407933552,-0.0006751931721176,2.73102757941926,81.31842451983434,43.578
5.625,-0.5310180422549848,0.2265489035951056,1.5370425835699746,12.945666080259102,down,down,down,up,0.0673146407933552,-0.0006751931721176,2.73102757941926,81.31842451983434,43.594
5.640000000000001,-0.5312000988691388,0.0794517484036171,1.545019347525988,12.963516029467186,down,down,down,up,0.0673146407933552,-0.0006751931721176,2.73102757941926,81.31842451983434,43.609
5.655999999999999,-0.530238258941722,0.0,1.5535216574792274,12.982424142697838,down,down,down,up,0.0673146407933552,-0.0006751931721176,2.73102757941926,81.31842451983434,43.625
5.686999999999998,-0.5293371209360611,0.0382456728688077,1.569966006855668,13.018671938862639,down,down,down,up,0.0673146407933552,-0.0006751931721176,2.73102757941926,81.31842451983434,43.656
5.702999999999996,-0.5297748277347392,0.0946713157107363,1.5784497055357873,13.037181054434228,down,down,down,up,0.0673146407933552,-0.0006751931721176,2.73102757941926,81.31842451983434,43.672
5.717999999999996,-0.5286909591022528,0.0,1.586398326834647,13.054410107882745,down,down,down,up,0.0673146407933552,-0.0006751931721176,2.73102757941926,81.31842451983434,43.687
5.734000000000002,-0.5288203681887662,0.0754027087004385,1.5948692205437318,13.07265640877442,down,down,down,up,0.0673146407933552,-0.0006751931721176,2.73102757941926,81.31842451983434,43.703
5.75,-0.5306814214373592,0.1836304688304293,1.6033560379514937,13.090767047977167,down,down,down,up,0.0673146407933552,-0.0006751931721176,2.73102757941926,81.31842451983434,43.719
5.765000000000001,-0.5313962594290125,0.11497050690357219,1.6113317484555736,13.107622303270404,down,down,down,up,0.0673146407933552,-0.0006751931721176,2.73102757941926,81.31842451983434,43.734
5.780999999999999,-0.5321121589507385,0.1120583609012361,1.6198506188933646,13.125469285602321,down,down,down,up,0.0673146407933552,-0.0006751931721176,2.73102757941926,81.31842451983434,43.75
5.795999999999999,-0.5331065979559266,0.13361057447256208,1.6278498874677467,13.142076945495901,down,down,down,up,0.0673146407933552,-0.0006751931721176,2.73102757941926,81.31842451983434,43.765
5.811999999999998,-0.5337064534467828,0.10480560897187,1.6363951949697213,13.159659426107098,down,down,down,up,0.0673146407933552,-0.0006751931721176,2.73102757941926,81.31842451983434,43.781
5.827999999999996,-0.5342002577629401,0.0981774105531904,1.644949251750152,13.177105111804067,down,down,down,up,0.0673146407933552,-0.0006751931721176,2.73102757941926,81.31842451983434,43.797
5.842999999999996,-0.5336214935411938,0.028730359343603497,1.652968042782515,13.193336145786347,down,down,down,up,0.0673146407933552,-0.0006751931721176,2.73102757941926,81.31842451983434,43.812
5.859000000000002,-0.5333211572577969,0.04854362308105689,1.6615143870796638,13.210516727618185,down,down,down,up,0.0673146407933552,-0.0006751931721176,2.73102757941926,81.31842451983434,43.828
5.875,-0.5336735418424521,0.0893386773343039,1.6700611477632188,13.227560564610144,down,down,down,up,0.0673146407933552,-0.0006751931721176,2.73102757941926,81.31842451983434,43.844
5.905999999999999,-0.5341340679260274,0.0821703209086872,1.6866330967029652,13.260193658782896,down,down,down,up,0.0673146407933552,-0.0006751931721176,2.73102757941926,81.31842451983434,43.875
5.920999999999999,-0.5345120313637448,0.0925122033078512,1.6946580703452205,13.275799388721325,down,down,down,up,0.0673146407933552,-0.0006751931721176,2.73102757941926,81.31842451983434,43.89
5.936999999999998,-0.5336159079804315,0.011306929336264593,1.7032138969507271,13.292312854253666,down,down,down,up,0.0673146407933552,-0.0006751931721176,2.73102757941926,81.31842451983434,43.906
5.952999999999996,-0.5327495847790598,0.013169440707618094,1.7117556239835559,13.308689539356905,down,down,down,up,0.0673146407933552,-0.0006751931721176,2.73102757941926,81.31842451983434,43.922
5.967999999999996,-0.5330964343027969,0.0904379423758271,1.7197595970242519,13.32391858889062,down,down,down,up,0.0673146407933552,-0.0006751931721176,2.73102757941926,81.31842451983434,43.937
6.0,-0.535349948880194,0.13773697133700968,1.7368763453366896,13.356005296354283,down,down,down,up,0.0673146407933552,-0.0006751931721176,2.73102757941926,81.31842451983434,43.969
6.015000000000001,-0.5375211594585316,0.2120620126825216,1.7449330065468118,13.370857139906462,down,down,down,up,0.0673146407933552,-0.0006751931721176,2.73102757941926,81.31842451983434,43.984
6.030999999999999,-0.5379846378777255,0.0962820419929783,1.753547856016255,13.386565734276644,down,down,down,up,0.0673146407933552,-0.0006751931721176,2.73102757941926,81.31842451983434,44.0
6.045999999999999,-0.5385082738911784,0.1022237083568768,1.761631680752104,13.401167301442186,down,down,down,up,0.0673146407933552,-0.0006751931721176,2.73102757941926,81.31842451983434,44.015
6.061999999999998,-0.539115631564135,0.1052744953531475,1.7702634750864992,13.416608581466164,down,down,down,up,0.0673146407933552,-0.0006751931721176,2.73102757941926,81.31842451983434,44.031
6.077999999999996,-0.5387082414921558,0.041852761294652,1.7788968691617024,13.43191173998288,down,down,down,up,0.0673146407933552,-0.0006751931721176,2.73102757941926,81.31842451983434,44.047
6.092999999999996,-0.5386429123952716,0.0629593676677441,1.7869871307134402,13.446133023675102,down,down,down,up,0.0673146407933552,-0.0006751931721176,2.73102757941926,81.31842451983434,44.062
6.125,-0.5393301505233481,0.0887908322957425,1.8042563059016479,13.476066011230685,down,down,down,up,0.0673146407933552,-0.0006751931721176,2.73102757941926,81.31842451983434,44.094
6.140000000000001,-0.5362824679379408,0.1358641982337924,1.8123335284376894,13.489907001164426,down,down,down,up,0.0673146407933552,-0.0006751931721176,2.73102757941926,81.31842451983434,44.109
6.155999999999999,-0.5359193139943184,0.04461751931695229,1.8209219457839003,13.50453739864136,down,down,down,up,0.0673146407933552,-0.0006751931721176,2.73102757941926,81.31842451983434,44.125
6.186999999999998,-0.5355129544806729,0.054206269385437794,1.837550076933598,13.53249293725122,down,down,down,up,0.0673146407933552,-0.0006751931721176,2.73102757941926,81.31842451983434,44.156
6.202999999999996,-0.5359431267318513,0.0942004064920058,1.846132528674051,13.54671991767708,down,down,down,up,0.0673146407933552,-0.0006751931721176,2.73102757941926,81.31842451983434,44.172
6.217999999999996,-0.5363709755011836,0.095837892082176,1.8541850123383807,13.559932949810786,down,down,down,up,0.0673146407933552,-0.0006751931721176,2.73102757941926,81.31842451983434,44.187
6.234000000000002,-0.5363017446516007,0.0629877126944267,1.86277719719036,13.573893693405267,down,down,down,up,0.0673146407933552,-0.0006751931721176,2.73102757941926,81.31842451983434,44.203
6.25,-0.535914777275794,0.0431291798054282,1.8713657324565318,13.587716991238779,down,down,down,up,0.0673146407933552,-0.0006751931721176,2.73102757941926,81.31842451983434,44.219
6.265000000000001,-0.5354687456752991,0.0375792007603674,1.8794112367762472,13.600551577660823,down,down,down,up,0.0673146407933552,-0.0006751931721176,2.73102757941926,81.31842451983434,44.234
6.280999999999999,-0.5371856914814277,0.1746237536764031,1.888003275364254,13.6141087028344,down,down,down,up,0.0673146407933552,-0.0006751931721176,2.73102757941926,81.31842451983434,44.25
6.295999999999999,-0.5360522555187099,0.0,1.8960626878643372,13.62669362180148,down,down,down,up,0.0673146407933552,-0.0006751931721176,2.73102757941926,81.31842451983434,44.265
6.311999999999998,-0.5362595291384284,0.0802692420257632,1.9046519852323471,13.639984345687424,down,down,down,up,0.0673146407933552,-0.0006751931721176,2.73102757941926,81.31842451983434,44.281
6.327999999999996,-0.5363640286570206,0.0738458607053652,1.9132437767854635,13.653137620861969,down,down,down,up,0.0673146407933552,-0.0006751931721176,2.73102757941926,81.31842451983434,44.297
6.342999999999996,-0.535610785800257,0.017098450342451,1.9212937157914753,13.665344003358925,down,down,down,up,0.0673146407933552,-0.0006751931721176,2.73102757941926,81.31842451983434,44.312
6.359000000000002,-0.5345448310810301,0.0,1.9298657638172823,13.678231168792763,down,down,down,up,0.0673146407933552,-0.0006751931721176,2.73102757941926,81.31842451983434,44.328
6.390000000000001,-0.533618690341191,0.037439133056608995,1.9464432293876617,13.702810234360086,down,down,down,up,0.0673146407933552,-0.0006751931721176,2.73102757941926,81.31842451983434,44.359
6.405999999999999,-0.5322196019375127,0.020128384436548505,1.9549807388166442,13.71529528388514,down,down,down,up,0.0673146407933552,-0.0006751931721176,2.73102757941926,81.31842451983434,44.375
6.420999999999999,-0.5326366126067903,0.09511535207852559,1.9629772883233088,13.726876012372898,down,down,down,up,0.0673146407933552,-0.0006751931721176,2.73102757941926,81.31842451983434,44.39
6.436999999999998,-0.5329830408735248,0.0889664074642624,1.9715130486419041,13.739096530947904,down,down,down,up,0.0673146407933552,-0.0006751931721176,2.73102757941926,81.31842451983434,44.406
6.452999999999996,-0.5331792291441388,0.07957640770673599,1.9800531498927985,13.7511804426303,down,down,down,up,0.0673146407933552,-0.0006751931721176,2.73102757941926,81.31842451983434,44.422
6.484000000000002,-0.5327829221784466,0.054530545125865394,1.9965964942266372,13.77420422810846,down,down,down,up,0.0673146407933552,-0.0006751931721176,2.73102757941926,81.31842451983434,44.453
6.5,-0.5323349002356359,0.039313269367684395,2.005128239896703,13.785886871506179,down,down,down,up,0.0673146407933552,-0.0006751931721176,2.73102757941926,81.31842451983434,44.469
6.515000000000001,-0.5329274608820285,0.1068186838861917,2.0131278355026674,13.796715364631979,down,down,down,up,0.0673146407933552,-0.0006751931721176,2.73102757941926,81.31842451983434,44.484
6.545999999999999,-0.5341142385658948,0.10559779188581869,2.029687912832445,13.818713575494783,down,down,down,up,0.0673146407933552,-0.0006751931721176,2.73102757941926,81.31842451983434,44.515
6.561999999999998,-0.5349917973041212,0.1221620619325093,2.0382515642101584,13.829866500949137,down,down,down,up,0.0673146407933552,-0.0006751931721176,2.73102757941926,81.31842451983434,44.531
6.577999999999996,-0.5357716944605784,0.11605821307193609,2.0468284752350288,13.840882301904301,down,down,down,up,0.0673146407933552,-0.0006751931721176,2.73102757941926,81.31842451983434,44.547
6.592999999999996,-0.5356166318738271,0.05697713500993949,2.054874015580119,13.851084946914483,down,down,down,up,0.0673146407933552,-0.0006751931721176,2.73102757941926,81.31842451983434,44.562
6.609000000000002,-0.5367820820930636,0.140155279495607,2.063464008382611,13.861834683993507,down,down,down,up,0.0673146407933552,-0.0006751931721176,2.73102757941926,81.31842451983434,44.578
6.625,-0.5382134118072006,0.1567727479269315,2.072074775424566,13.872446814993737,down,down,down,up,0.0673146407933552,-0.0006751931721176,2.73102757941926,81.31842451983434,44.594
6.655999999999999,-0.5395734663394354,0.1111873676396393,2.0888014030241737,13.892615089189789,down,down,down,up,0.0673146407933552,-0.0006751931721176,2.73102757941926,81.31842451983434,44.625
6.670999999999999,-0.5387738445901356,0.014006524173369499,2.0968991357537274,13.90218774884022,down,down,down,up,0.0673146407933552,-0.0006751931721176,2.73102757941926,81.31842451983434,44.64
6.686999999999998,-0.538949604100333,0.0782996101806962,2.105531726434004,13.912264743213441,down,down,down,up,0.0673146407933552,-0.0006751931721176,2.73102757941926,81.31842451983434,44.656
6.702999999999996,-0.5390996477900565,0.0766923714010743,2.11416692353988,13.922203595284358,down,down,down,up,0.0673146407933552,-0.0006751931721176,2.73102757941926,81.31842451983434,44.672
6.717999999999996,-0.5401904857299602,0.1400371701202672,2.1222717274388625,13.931395719093302,down,down,down,up,0.0673146407933552,-0.0006751931721176,2.73102757941926,81.31842451983434,44.687
6.734000000000002,-0.5414382500430417,0.1452999103609222,2.130935560415803,13.941066502061176,down,down,down,up,0.0673146407933552,-0.0006751931721176,2.73102757941926,81.31842451983434,44.703
6.75,-0.5426683283537326,0.144194535211544,2.13961921613373,13.950598505119487,down,down,down,up,0.0673146407933552,-0.0006751931721176,2.73102757941926,81.31842451983434,44.719
6.765000000000001,-0.5431180622925638,0.0972969033820998,2.14777274196116,13.95940847912506,down,down,down,up,0.0673146407933552,-0.0006751931721176,2.73102757941926,81.31842451983434,44.734
6.780999999999999,-0.5428700869541796,0.05181618214434319,2.1564714502458866,13.968670966858099,down,down,down,up,0.0673146407933552,-0.0006751931721176,2.73102757941926,81.31842451983434,44.75
6.795999999999999,-0.5415769198014111,0.018896502724541797,2.1646149306941354,13.97722823269234,down,down,down,up,0.0673146407933552,-0.0006751931721176,2.73102757941926,81.31842451983434,44.765
6.811999999999998,-0.5403515047848995,0.0,2.173281161181579,13.986221505228059,down,down,down,up,0.0673146407933552,-0.0006751931721176,2.73102757941926,81.31842451983434,44.781
6.827999999999996,-0.540511964140963,0.0773433505473293,2.1819388720237387,13.99507618623312,down,down,down,up,0.0673146407933552,-0.0006751931721176,2.73102757941926,81.31842451983434,44.797
6.842999999999996,-0.5408113639275971,0.087274626568959,2.190058924881835,14.003251616447628,down,down,down,up,0.0673146407933552,-0.0006751931721176,2.73102757941926,81.31842451983434,44.812
6.859000000000002,-0.5411718721600725,0.0898464053230572,2.198725593861293,14.011837781568389,down,down,down,up,0.0673146407933552,-0.0006751931721176,2.73102757941926,81.31842451983434,44.828
6.875,-0.5428747124336208,0.1737421578901412,2.2074087696287954,14.020285147931162,down,down,down,up,0.0673146407933552,-0.0006751931721176,2.73102757941926,81.31842451983434,44.844
6.890000000000001,-0.5423869845343177,0.034799447506477794,2.2155583602536373,14.028078308148338,down,down,down,up,0.0673146407933552,-0.0006751931721176,2.73102757941926,81.31842451983434,44.859
6.920999999999999,-0.5418838919882702,0.05108584898537359,2.2323854898280726,14.04379703343406,down,down,down,up,0.0673146407933552,-0.0006751931721176,2.73102757941926,81.31842451983434,44.89
6.936999999999998,-0.5403736051320003,0.0270782877235283,2.2410543528957887,14.051705955962987,down,down,down,up,0.0673146407933552,-0.0006751931721176,2.73102757941926,81.31842451983434,44.906
6.952999999999996,-0.5406325677731942,0.0834998058679795,2.249713205369784,14.059476256767567,down,down,down,up,0.0673146407933552,-0.0006751931721176,2.73102757941926,81.31842451983434,44.922
6.967999999999996,-0.5408582216247169,0.08235823089486269,2.2578345141878504,14.066635062562185,down,down,down,up,0.0673146407933552,-0.0006751931721176,2.73102757941926,81.31842451983434,44.937
6.984000000000002,-0.5400401028002264,0.016182214262718896,2.266492503874007,14.074136887688383,down,down,down,up,0.0673146407933552,-0.0006751931721176,2.73102757941926,81.31842451983434,44.953
7.0,-0.5395108120250338,0.0342339673438146,2.275139714283362,14.081500271213827,down,down,down,up,0.0673146407933552,-0.0006751931721176,2.73102757941926,81.31842451983434,44.969
7.015000000000001,-0.5389904003321337,0.032620527933351996,2.2832386012736228,14.088277847538421,down,down,down,up,0.0673146407933552,-0.0006751931721176,2.73102757941926,81.31842451983434,44.984
7.030999999999999,-0.5352576961125628,0.1659793729298547,2.2918433891359333,14.095373632885867,down,down,down,up,0.0673146407933552,-0.0006751931721176,2.73102757941926,81.31842451983434,45.0
7.045999999999999,-0.5322028731012409,0.1363402266280952,2.299859471302619,14.101901275123865,down,down,down,up,0.0673146407933552,-0.0006751931721176,2.73102757941926,81.31842451983434,45.015
7.061999999999998,-0.5292331560844339,0.11829267275710512,2.3083617626268573,14.108731946523136,down,down,down,up,0.0673146407933552,-0.0006751931721176,2.73102757941926,81.31842451983434,45.031
7.077999999999996,-0.5284009869852984,0.015304072097379093,2.316833638862168,14.115426824581945,down,down,down,up,0.0673146407933552,-0.0006751931721176,2.73102757941926,81.31842451983434,45.047
7.092999999999996,-0.5263215256212916,0.07131611680708741,2.3247541856042995,14.121580329589719,down,down,down,up,0.0673146407933552,-0.0006751931721176,2.73102757941926,81.31842451983434,45.062
7.109000000000002,-0.5218799033245762,0.21028675275126513,2.3331506001266233,14.128013532574585,down,down,down,up,0.0673146407933552,-0.0006751931721176,2.73102757941926,81.31842451983434,45.078
7.140000000000001,-0.5175563299716064,0.07215546736696771,2.3492827927310493,14.14009766994728,down,down,down,up,0.0673146407933552,-0.0006751931721176,2.73102757941926,81.31842451983434,45.109
7.155999999999999,-0.5139877227396266,0.15572331120540842,2.3575459482434917,14.146139481290177,down,down,down,up,0.0673146407933552,-0.0006751931721176,2.73102757941926,81.31842451983434,45.125
7.170999999999999,-0.5099732703171576,0.20031552070456832,2.3652357835889997,14.151684031992744,down,down,down,up,0.0673146407933552,-0.0006751931721176,2.73102757941926,81.31842451983434,45.14
7.186999999999998,-0.5060653693397938,0.1769291702919035,2.373374895797008,14.157471587828368,down,down,down,up,0.0673146407933552,-0.0006751931721176,2.73102757941926,81.31842451983434,45.156
7.202999999999996,-0.5023708021820958,0.1635958065627954,2.3814531882599366,14.163129404426627,down,down,down,up,0.0673146407933552,-0.0006751931721176,2.73102757941926,81.31842451983434,45.172
7.217999999999996,-0.495630204087254,0.3820585655294173,2.388948323704539,14.16831680677818,down,down,down,up,0.0673146407933552,-0.0006751931721176,2.73102757941926,81.31842451983434,45.187
7.234000000000002,-0.4890131448863233,0.3462515592646752,2.396836273587084,14.17372697127054,down,down,down,up,0.0673146407933552,-0.0006751931721176,2.73102757941926,81.31842451983434,45.203
7.25,-0.4847394762416268,0.19978964950020361,2.4046370976468605,14.179011625571377,down,down,down,up,0.0673146407933552,-0.0006751931721176,2.73102757941926,81.31842451983434,45.219
7.265000000000001,-0.4793638407858562,0.291061056258003,2.4118780004221487,14.183853176027156,down,down,down,up,0.0673146407933552,-0.0006751931721176,2.73102757941926,81.31842451983434,45.234
7.280999999999999,-0.472262671515665,0.376508438593645,2.419501815611314,14.188898578769582,down,down,down,up,0.0673146407933552,-0.0006751931721176,2.73102757941926,81.31842451983434,45.25
7.295999999999999,-0.4652835623609359,0.3979593028552339,2.4265435402629705,14.193518652291829,down,down,down,up,0.0673146407933552,-0.0006751931721176,2.73102757941926,81.31842451983434,45.265
7.311999999999998,-0.45784924199648097,0.3973303819851275,2.433939405788583,14.198331229994125,down,down,down,up,0.0673146407933552,-0.0006751931721176,2.73102757941926,81.31842451983434,45.281
7.327999999999996,-0.4505635742411087,0.3880395939174646,2.4412175114092367,14.203026415927269,down,down,down,up,0.0673146407933552,-0.0006751931721176,2.73102757941926,81.31842451983434,45.297
7.342999999999996,-0.4424491848880407,0.4736446494111552,2.4479252350002874,14.207323259020455,down,down,down,up,0.0673146407933552,-0.0006751931721176,2.73102757941926,81.31842451983434,45.312
7.359000000000002,-0.4327581121543016,0.5383774050651393,2.454937696467382,14.211796796839423,down,down,down,up,0.0673146407933552,-0.0006751931721176,2.73102757941926,81.31842451983434,45.328
7.390000000000001,-0.4233377785243917,0.2365670892037502,2.468228113761237,14.220149581742902,down,down,down,up,0.0673146407933552,-0.0006751931721176,2.73102757941926,81.31842451983434,45.359
7.405999999999999,-0.4149366001635304,0.45775900676053355,2.474945111881494,14.224300637208458,down,down,down,up,0.0673146407933552,-0.0006751931721176,2.73102757941926,81.31842451983434,45.375
7.420999999999999,-0.4073888851558109,0.4358663597212555,2.4811226809189706,14.228095542453744,down,down,down,up,0.0673146407933552,-0.0006751931721176,2.73102757941926,81.31842451983434,45.39
7.436999999999998,-0.3998548570981715,0.4035621128091638,2.4875914339477556,14.232042270805522,down,down,down,up,0.0673146407933552,-0.0006751931721176,2.73102757941926,81.31842451983434,45.406
7.452999999999996,-0.39248576515131356,0.393253605885312,2.493940962016505,14.235886452908503,down,down,down,up,0.0673146407933552,-0.0006751931721176,2.73102757941926,81.31842451983434,45.422
7.467999999999996,-0.3870252704268662,0.2967183408364596,2.499797422680923,14.239398828714585,down,down,down,up,0.0673146407933552,-0.0006751931721176,2.73102757941926,81.31842451983434,45.437
7.484000000000002,-0.37929592409844837,0.4157695047325971,2.5059387953278813,14.243049380241203,down,down,down,up,0.0673146407933552,-0.0006751931721176,2.73102757941926,81.31842451983434,45.453
7.5,-0.37166872785666877,0.4093851243179188,2.511957315634276,14.246602652624219,down,down,down,up,0.0673146407933552,-0.0006751931721176,2.73102757941926,81.31842451983434,45.469
7.515000000000001,-0.3649617290673941,0.3798186118249426,2.517492171958788,14.249847195158566,down,down,down,up,0.0673146407933552,-0.0006751931721176,2.73102757941926,81.31842451983434,45.484
7.530999999999999,-0.35659336736730296,0.45570796546239883,2.523275415821019,14.253217495727029,down,down,down,up,0.0673146407933552,-0.0006751931721176,2.73102757941926,81.31842451983434,45.5
7.545999999999999,-0.34845400762173817,0.47530934224427684,2.5285733990310186,14.256294043306923,down,down,down,up,0.0673146407933552,-0.0006751931721176,2.73102757941926,81.31842451983434,45.515
7.561999999999998,-0.3399585898452706,0.46364897023592594,2.534091502901508,14.259489165362169,down,down,down,up,0.0673146407933552,-0.0006751931721176,2.73102757941926,81.31842451983434,45.531
7.577999999999996,-0.33203389590861576,0.4279787302476273,2.5394782458782923,14.262597048642618,down,down,down,up,0.0673146407933552,-0.0006751931721176,2.73102757941926,81.31842451983434,45.547
7.609000000000002,-0.3249923328358495,0.15983255510228742,2.549683083412169,14.268376903000629,down,down,down,up,0.0673146407933552,-0.0006751931721176,2.73102757941926,81.31842451983434,45.578
7.625,-0.31813392847550576,0.3613356317281722,2.5548388965934135,14.271237168431298,down,down,down,up,0.0673146407933552,-0.0006751931721176,2.73102757941926,81.31842451983434,45.594
7.640000000000001,-0.3108505211913002,0.4182458448203346,2.5595664078634965,14.273844542339162,down,down,down,up,0.0673146407933552,-0.0006751931721176,2.73102757941926,81.31842451983434,45.609
7.655999999999999,-0.3047939933294987,0.3112183505692766,2.564502367070416,14.276548433410383,down,down,down,up,0.0673146407933552,-0.0006751931721176,2.73102757941926,81.31842451983434,45.625
7.670999999999999,-0.29883610359363466,0.3298780082642354,2.5690397206949216,14.279012281443443,down,down,down,up,0.0673146407933552,-0.0006751931721176,2.73102757941926,81.31842451983434,45.64
7.686999999999998,-0.2928120757628623,0.3091870986299602,2.573783709220527,14.28156613527483,down,down,down,up,0.0673146407933552,-0.0006751931721176,2.73102757941926,81.31842451983434,45.656
7.702999999999996,-0.2872523144607122,0.280170440591063,2.578435027433069,14.284044826652305,down,down,down,up,0.0673146407933552,-0.0006751931721176,2.73102757941926,81.31842451983434,45.672
7.717999999999996,-0.28135225065999586,0.3260229459210487,2.582709689569056,14.286301654966081,down,down,down,up,0.0673146407933552,-0.0006751931721176,2.73102757941926,81.31842451983434,45.687
7.75,-0.27492612686177326,0.1335017279010787,2.5916317497909134,14.290905074477749,down,down,down,up,0.0673146407933552,-0.0006751931721176,2.73102757941926,81.31842451983434,45.719
7.765000000000001,-0.2686511616029055,0.3510163764644847,2.5957187073519803,14.292965359740464,down,down,down,up,0.0673146407933552,-0.0006751931721176,2.73102757941926,81.31842451983434,45.734
7.780999999999999,-0.2633192729898184,0.2659283975246245,2.5999852739194753,14.295096169160985,down,down,down,up,0.0673146407933552,-0.0006751931721176,2.73102757941926,81.31842451983434,45.75
7.795999999999999,-0.2571692892855228,0.3426842728263317,2.6038990660341224,14.297032450302623,down,down,down,up,0.0673146407933552,-0.0006751931721176,2.73102757941926,81.31842451983434,45.765
7.811999999999998,-0.2511409007566101,0.3094596422637327,2.6079763506452127,14.299033888239904,down,down,down,up,0.0673146407933552,-0.0006751931721176,2.73102757941926,81.31842451983434,45.781
7.827999999999996,-0.246312627618602,0.23445243033218072,2.611966781962968,14.300970784449746,down,down,down,up,0.0673146407933552,-0.0006751931721176,2.73102757941926,81.31842451983434,45.797
7.842999999999996,-0.24010872043632323,0.3462791713585499,2.615625069970962,14.302729259251521,down,down,down,up,0.0673146407933552,-0.0006751931721176,2.73102757941926,81.31842451983434,45.812
7.859000000000002,-0.2340182976813363,0.3133367813932018,2.619428889206658,14.304545268848827,down,down,down,up,0.0673146407933552,-0.0006751931721176,2.73102757941926,81.31842451983434,45.828
7.875,-0.2283327425321335,0.288032556031857,2.6231385006191195,14.306301171000896,down,down,down,up,0.0673146407933552,-0.0006751931721176,2.73102757941926,81.31842451983434,45.844
7.905999999999999,-0.22155258495054223,0.151400119903148,2.6301326541834364,14.309537323063466,down,down,down,up,0.0673146407933552,-0.0006751931721176,2.73102757941926,81.31842451983434,45.875
7.920999999999999,-0.21592045124020132,0.3081609398960226,2.6334238298524486,14.311026063124487,down,down,down,up,0.0673146407933552,-0.0006751931721176,2.73102757941926,81.31842451983434,45.89
7.936999999999998,-0.2104397267481417,0.27523063996040803,2.636845514367109,14.312560349641444,down,down,down,up,0.0673146407933552,-0.0006751931721176,2.73102757941926,81.31842451983434,45.906
7.952999999999996,-0.20680662694247332,0.1597540970609444,2.6401942882873874,14.314040472490902,down,down,down,up,0.0673146407933552,-0.0006751931721176,2.73102757941926,81.31842451983434,45.922
7.967999999999996,-0.20187561278044622,0.2614196366751073,2.6432695329828912,14.315379907522683,down,down,down,up,0.0673146407933552,-0.0006751931721176,2.73102757941926,81.31842451983434,45.937
7.984000000000002,-0.19707010227196872,0.23302976598638442,2.6464719017940657,14.316758417315185,down,down,down,up,0.0673146407933552,-0.0006751931721176,2.73102757941926,81.31842451983434,45.953
8.0,-0.193679904393031,0.1445727266402734,2.649608704938139,14.318086213732016,down,down,down,up,0.0673146407933552,-0.0006751931721176,2.73102757941926,81.31842451983434,45.969
8.015,-0.19037402197995942,0.1530775200780774,2.6524992372835183,14.319285817856638,down,down,down,up,0.0673146407933552,-0.0006751931721176,2.73102757941926,81.31842451983434,45.984
8.046,-0.1858281636996572,0.07932594889381761,2.658351302149888,14.321629489457422,down,down,down,up,0.0673146407933552,-0.0006751931721176,2.73102757941926,81.31842451983434,46.015
8.061999999999998,-0.1799740460472883,0.2985677124797466,2.661288522918617,14.322768812127578,down,down,down,up,0.0673146407933552,-0.0006751931721176,2.73102757941926,81.31842451983434,46.031
8.077999999999996,-0.17690748065037812,0.1243456965135529,2.664154378222952,14.32386171018915,down,down,down,up,0.0673146407933552,-0.0006751931721176,2.73102757941926,81.31842451983434,46.047
8.092999999999996,-0.1739398904704448,0.13052470453552462,2.6667958614039398,14.324844997083218,down,down,down,up,0.0673146407933552,-0.0006751931721176,2.73102757941926,81.31842451983434,46.062
8.125,-0.1709583957163065,0.025857070273453908,2.672335840164436,14.326811772399537,down,down,down,up,0.0673146407933552,-0.0006751931721176,2.73102757941926,81.31842451983434,46.094
8.14,-0.1680337346754648,0.127662761929422,2.6748884090399567,14.327673004221822,down,down,down,up,0.0673146407933552,-0.0006751931721176,2.73102757941926,81.31842451983434,46.109
8.155999999999999,-0.165180406830741,0.1110183495019024,2.6775649252627596,14.328549818818104,down,down,down,up,0.0673146407933552,-0.0006751931721176,2.73102757941926,81.31842451983434,46.125
8.171,-0.161708382939203,0.1641536186425027,2.680026719083616,14.329333295176781,down,down,down,up,0.0673146407933552,-0.0006751931721176,2.73102757941926,81.31842451983434,46.14
8.186999999999998,-0.15832041444522812,0.1444333900800946,2.6825977525534452,14.330128740674382,down,down,down,up,0.0673146407933552,-0.0006751931721176,2.73102757941926,81.31842451983434,46.156
8.202999999999996,-0.1540761104325359,0.1979543599999407,2.6851077278432207,14.330883538101943,down,down,down,up,0.0673146407933552,-0.0006751931721176,2.73102757941926,81.31842451983434,46.172
8.217999999999996,-0.1493195970772341,0.2497862495600865,2.687393323547126,14.33155519390779,down,down,down,up,0.0673146407933552,-0.0006751931721176,2.73102757941926,81.31842451983434,46.187
8.234000000000002,-0.14566851396121552,0.16087805395773,2.689764031526188,14.332234376337908,down,down,down,up,0.0673146407933552,-0.0006751931721176,2.73102757941926,81.31842451983434,46.203
8.25,-0.142110988283969,0.1550307140345712,2.6920770706349035,14.332876088791323,down,down,down,up,0.0673146407933552,-0.0006751931721176,2.73102757941926,81.31842451983434,46.219
8.265,-0.13909206707129051,0.1339467733852071,2.69419622144765,14.33344445279198,down,down,down,up,0.0673146407933552,-0.0006751931721176,2.73102757941926,81.31842451983434,46.234
8.280999999999999,-0.1359233750935598,0.1307286078148373,2.696407148075722,14.334016067106518,down,down,down,up,0.0673146407933552,-0.0006751931721176,2.73102757941926,81.31842451983434,46.25
8.296,-0.1328480242947485,0.1377087457940551,2.6984330614687164,14.334520179226217,down,down,down,up,0.0673146407933552,-0.0006751931721176,2.73102757941926,81.31842451983434,46.265
8.311999999999998,-0.1305519276819087,0.0761913975091483,2.7005510641752832,14.335024747491786,down,down,down,up,0.0673146407933552,-0.0006751931721176,2.73102757941926,81.31842451983434,46.281
8.327999999999996,-0.1278034917134398,0.10446260723596709,2.7026287106212,14.335495750564107,down,down,down,up,0.0673146407933552,-0.0006751931721176,2.73102757941926,81.31842451983434,46.297
8.342999999999996,-0.12513048384353812,0.1108858838667558,2.7045358433354587,14.335907430100718,down,down,down,up,0.0673146407933552,-0.0006751931721176,2.73102757941926,81.31842451983434,46.312
8.359000000000002,-0.1228206941839094,0.07704721293338981,2.7065302558504327,14.336315342577947,down,down,down,up,0.0673146407933552,-0.0006751931721176,2.73102757941926,81.31842451983434,46.328
8.39,-0.1188535820657161,0.06065671785804419,2.7102971381206378,14.337016372933377,down,down,down,up,0.0673146407933552,-0.0006751931721176,2.73102757941926,81.31842451983434,46.359
8.405999999999999,-0.115966007041667,0.1131587982097351,2.7121864979242503,14.337332945115719,down,down,down,up,0.0673146407933552,-0.0006751931721176,2.73102757941926,81.31842451983434,46.375
8.421,-0.1131378001396932,0.12123248600489289,2.7139149043756925,14.337602598289763,down,down,down,up,0.0673146407933552,-0.0006751931721176,2.73102757941926,81.31842451983434,46.39
8.436999999999998,-0.1112454393974822,0.0509579055948451,2.7157207733827433,14.337861954138404,down,down,down,up,0.0673146407933552,-0.0006751931721176,2.73102757941926,81.31842451983434,46.406
8.452999999999996,-0.1070654310589365,0.19393588036578008,2.7174780634371487,14.338092804714549,down,down,down,up,0.0673146407933552,-0.0006751931721176,2.73102757941926,81.31842451983434,46.422
8.467999999999996,-0.1053470025276848,0.0472472612900873,2.71908128458663,14.338284023295657,down,down,down,up,0.0673146407933552,-0.0006751931721176,2.73102757941926,81.31842451983434,46.437
8.484000000000002,-0.1034535004460206,0.051029239310615704,2.720762491701174,14.338461714356058,down,down,down,up,0.0673146407933552,-0.0006751931721176,2.73102757941926,81.31842451983434,46.453
8.5,-0.10158123725232569,0.04970180881259101,2.722413572693515,14.338612747111625,down,down,down,up,0.0673146407933552,-0.0006751931721176,2.73102757941926,81.31842451983434,46.469
8.530999999999999,-0.0975936670330632,0.061316656602212194,2.7255217146982735,14.33883160511904,down,down,down,up,0.0673146407933552,-0.0006751931721176,2.73102757941926,81.31842451983434,46.5
8.546,-0.0950767060836774,0.10048275583235872,2.726976870394231,14.33890327942214,down,down,down,up,0.0673146407933552,-0.0006751931721176,2.73102757941926,81.31842451983434,46.515
8.561999999999998,-0.0925923042126513,0.08796047614579722,2.7284890255673555,14.338955993525161,down,down,down,up,0.0673146407933552,-0.0006751931721176,2.73102757941926,81.31842451983434,46.531
8.577999999999996,-0.09067647659917989,0.05242458504862181,2.7299659789046036,14.338984794760108,down,down,down,up,0.0673146407933552,-0.0006751931721176,2.73102757941926,81.31842451983434,46.547
8.592999999999996,-0.0891316316058237,0.0356750254303852,2.731324667613723,14.338990528602508,down,down,down,up,0.0673146407933552,-0.0006751931721176,2.73102757941926,81.31842451983434,46.562
8.609000000000002,-0.0876222446637555,0.0270220430858725,2.732749501714634,14.338974376518578,down,down,down,up,0.0673146407933552,-0.0006751931721176,2.73102757941926,81.31842451983434,46.578
8.625,-0.0857299164026379,0.0509558755265094,2.7341471220939186,14.338935644798823,down,down,down,up,0.0673146407933552,-0.0006751931721176,2.73102757941926,81.31842451983434,46.594
8.655999999999999,-0.08253233045782869,0.0358332929101724,2.7367761179085917,14.338798189540782,down,down,down,up,0.0673146407933552,-0.0006751931721176,2.73102757941926,81.31842451983434,46.625
8.671,-0.07943554778485759,0.1391375374047095,2.7380010048929937,14.338702774811068,down,down,down,up,0.0673146407933552,-0.0006751931721176,2.73102757941926,81.31842451983434,46.64
8.686999999999998,-0.07805571029161129,0.018925202534549698,2.7392717380483593,14.338581034138215,down,down,down,up,0.0673146407933552,-0.0006751931721176,2.73102757941926,81.31842451983434,46.656
8.702999999999996,-0.07514791410930499,0.11442262060080852,2.74050817013432,14.338439236143458,down,down,down,up,0.0673146407933552,-0.0006751931721176,2.73102757941926,81.31842451983434,46.672
8.717999999999996,-0.07332852336256039,0.053978075656275604,2.741631871312941,14.338288599523906,down,down,down,up,0.0673146407933552,-0.0006751931721176,2.73102757941926,81.31842451983434,46.687
8.734000000000002,-0.0716089513092726,0.04015861253710121,2.7428021742010698,14.338109568430497,down,down,down,up,0.0673146407933552,-0.0006751931721176,2.73102757941926,81.31842451983434,46.703
8.75,-0.0696278915859025,0.05650159191728581,2.743942872034985,14.337912049331322,down,down,down,up,0.0673146407933552,-0.0006751931721176,2.73102757941926,81.31842451983434,46.719
8.765,-0.0681326153031971,0.03237044472033461,2.744986203734235,14.337710494954337,down,down,down,up,0.0673146407933552,-0.0006751931721176,2.73102757941926,81.31842451983434,46.734
8.780999999999999,-0.06664952433550289,0.025378544687540402,2.746075263942098,14.337478444483622,down,down,down,up,0.0673146407933552,-0.0006751931721176,2.73102757941926,81.31842451983434,46.75
8.811999999999998,-0.0654385753003907,0.028251768692959894,2.7481435604747904,14.336979907667185,down,down,down,up,0.0673146407933552,-0.0006751931721176,2.73102757941926,81.31842451983434,46.781
8.827999999999996,-0.0642450631670286,0.0,2.7491918326732834,14.336697665792698,down,down,down,up,0.0673146407933552,-0.0006751931721176,2.73102757941926,81.31842451983434,46.797
8.842999999999996,-0.062437825865421404,0.05316784598044991,2.7501520822386087,14.336418000122137,down,down,down,up,0.0673146407933552,-0.0006751931721176,2.73102757941926,81.31842451983434,46.812
8.859000000000002,-0.0610630386261075,0.0186095616637377,2.751150892245295,14.33610401759698,down,down,down,up,0.0673146407933552,-0.0006751931721176,2.73102757941926,81.31842451983434,46.828
8.875,-0.059619557701592996,0.022902916988812,2.7521271561066705,14.335774234480908,down,down,down,up,0.0673146407933552,-0.0006751931721176,2.73102757941926,81.31842451983434,46.844
8.89,-0.058207210633710794,0.026841830398786598,2.753020984766767,14.335451037115618,down,down,down,up,0.0673146407933552,-0.0006751931721176,2.73102757941926,81.31842451983434,46.859
8.905999999999999,-0.0587991778393721,0.10431259114719349,2.7539678389653055,14.335091567796482,down,down,down,up,0.0673146407933552,-0.0006751931721176,2.73102757941926,81.31842451983434,46.875
8.936999999999998,-0.0578295048029513,0.03603486542494069,2.7557965145345973,14.334352075279227,down,down,down,up,0.0673146407933552,-0.0006751931721176,2.73102757941926,81.31842451983434,46.906
8.952999999999996,-0.0564970276009564,0.01596518433133641,2.756721929884582,14.333948368994584,down,down,down,up,0.0673146407933552,-0.0006751931721176,2.73102757941926,81.31842451983434,46.922
8.967999999999996,-0.0546840498469603,0.053550542806382606,2.7575659158630232,14.333556623842767,down,down,down,up,0.0673146407933552,-0.0006751931721176,2.73102757941926,81.31842451983434,46.937
8.984000000000002,-0.0545769310229413,0.060619714292174595,2.7584508068007367,14.333124931332165,down,down,down,up,0.0673146407933552,-0.0006751931721176,2.73102757941926,81.31842451983434,46.953
9.0,-0.054457188264303,0.059830718378457395,2.7593338828457883,14.332679095085709,down,down,down,up,0.0673146407933552,-0.0006751931721176,2.73102757941926,81.31842451983434,46.969
9.015,-0.054150953626450594,0.046898998269862796,2.7601585718075508,14.332248315367082,down,down,down,up,0.0673146407933552,-0.0006751931721176,2.73102757941926,81.31842451983434,46.984
9.030999999999999,-0.0524330981754826,0.0400513248921585,2.76102204731272,14.331775311684822,down,down,down,up,0.0673146407933552,-0.0006751931721176,2.73102757941926,81.31842451983434,47.0
9.046,-0.050763256562051495,0.044008133435379806,2.7618061478708333,14.33131951391222,down,down,down,up,0.0673146407933552,-0.0006751931721176,2.73102757941926,81.31842451983434,47.015
9.061999999999998,-0.0499572091758295,0.016936679154479696,2.7626227146874904,14.330820524282458,down,down,down,up,0.0673146407933552,-0.0006751931721176,2.73102757941926,81.31842451983434,47.031
9.077999999999996,-0.048479001466453994,0.0250733410426279,2.7629210074633823,14.33031261577598,down,down,down,up,0.0673146407933552,-0.0006751931721176,2.73102757941926,81.31842451983434,47.047
9.092999999999996,-0.0470324362430503,0.0291230407668875,2.7631474711437853,14.329832515877698,down,down,down,up,0.0673146407933552,-0.0006751931721176,2.73102757941926,81.31842451983434,47.062
9.125,-0.047053188617518,0.06796315249547219,2.7641744473230623,14.328788247723665,down,down,down,up,0.0673146407933552,-0.0006751931721176,2.73102757941926,81.31842451983434,47.094
9.14,-0.045658395686567495,0.02567155460334611,2.764379912102925,14.328289503719262,down,down,down,up,0.0673146407933552,-0.0006751931721176,2.73102757941926,81.31842451983434,47.109
9.155999999999999,-0.0447658661496319,0.011531544734878697,2.7646141092883685,14.327753992818842,down,down,down,up,0.0673146407933552,-0.0006751931721176,2.73102757941926,81.31842451983434,47.125
9.171,-0.043870790677557295,0.0,2.764789012112154,14.327248883099628,down,down,down,up,0.0673146407933552,-0.0006751931721176,2.73102757941926,81.31842451983434,47.14
9.186999999999998,-0.042186219644816995,0.0379710487529203,2.7649882712854867,14.326707106103157,down,down,down,up,0.0673146407933552,-0.0006751931721176,2.73102757941926,81.31842451983434,47.156
9.202999999999996,-0.0417521900764423,0.040187792769934595,2.7651705816540106,14.326162276550349,down,down,down,up,0.0673146407933552,-0.0006751931721176,2.73102757941926,81.31842451983434,47.172
9.217999999999996,-0.0413335748650212,0.03940696003194499,2.7653038527886533,14.325649131983297,down,down,down,up,0.0673146407933552,-0.0006751931721176,2.73102757941926,81.31842451983434,47.187
9.234000000000002,-0.0396637149776779,0.03705160216556301,2.765462634198149,14.32509944135812,down,down,down,up,0.0673146407933552,-0.0006751931721176,2.73102757941926,81.31842451983434,47.203
9.25,-0.039235013090428,0.04052077284022909,2.765604627113448,14.324547344538345,down,down,down,up,0.0673146407933552,-0.0006751931721176,2.73102757941926,81.31842451983434,47.219
9.265,-0.0377113039218333,0.0342659704462861,2.7656918523886214,14.324028034633358,down,down,down,up,0.0673146407933552,-0.0006751931721176,2.73102757941926,81.31842451983434,47.234
9.296,-0.037541804478140095,0.0618469168032533,2.766379206557157,14.322942788181706,down,down,down,up,0.0673146407933552,-0.0006751931721176,2.73102757941926,81.31842451983434,47.265
9.311999999999998,-0.037476365700259195,0.0632247171757986,2.766490155009338,14.322376274559858,down,down,down,up,0.0673146407933552,-0.0006751931721176,2.73102757941926,81.31842451983434,47.281
9.327999999999996,-0.036171722463683,0.0142255614926661,2.766590142805403,14.321808073448068,down,down,down,up,0.0673146407933552,-0.0006751931721176,2.73102757941926,81.31842451983434,47.297
9.342999999999996,-0.0355768952075781,0.027659490386361098,2.7666383853355194,14.321274273178304,down,down,down,up,0.0673146407933552,-0.0006751931721176,2.73102757941926,81.31842451983434,47.312
9.359000000000002,-0.035032866269037996,0.033312832134609796,2.7667140665180865,14.320703894834182,down,down,down,up,0.0673146407933552,-0.0006751931721176,2.73102757941926,81.31842451983434,47.328
9.39,-0.0330828763402859,0.0,2.7672907915168663,14.319588674496643,down,down,down,up,0.0673146407933552,-0.0006751931721176,2.73102757941926,81.31842451983434,47.359
9.405999999999999,-0.0310418804422738,0.06024760283241501,2.7673145926618807,14.319008272693921,down,down,down,up,0.0673146407933552,-0.0006751931721176,2.73102757941926,81.31842451983434,47.375
9.421,-0.0290605057251944,0.06477700701193151,2.7672754884557187,14.318464260776821,down,down,down,up,0.0673146407933552,-0.0006751931721176,2.73102757941926,81.31842451983434,47.39
9.436999999999998,-0.027309242423976702,0.0421393155327678,2.7672372495316657,14.317884600143628,down,down,down,up,0.0673146407933552,-0.0006751931721176,2.73102757941926,81.31842451983434,47.406
9.467999999999996,-0.0259288011224701,0.0227842762286243,2.7675833701949712,14.316756735499865,down,down,down,up,0.0673146407933552,-0.0006751931721176,2.73102757941926,81.31842451983434,47.437
9.484000000000002,-0.0252197412414219,0.022998398227858097,2.7675033616246365,14.316172482916016,down,down,down,up,0.0673146407933552,-0.0006751931721176,2.73102757941926,81.31842451983434,47.453
9.5,-0.0242045084110973,0.0,2.7674095587126106,14.315589620824028,down,down,down,up,0.0673146407933552,-0.0006751931721176,2.73102757941926,81.31842451983434,47.469
9.515,-0.0240234645641131,0.05524505099440549,2.7672813964075065,14.315044852351903,down,down,down,up,0.0673146407933552,-0.0006751931721176,2.73102757941926,81.31842451983434,47.484
9.530999999999999,-0.023818336205421103,0.0544941183751096,2.7671749339044163,14.314465642980124,down,down,down,up,0.0673146407933552,-0.0006751931721176,2.73102757941926,81.31842451983434,47.5
9.546,-0.024303569721897803,0.09966354189179849,2.767045976096453,14.313924399846428,down,down,down,up,0.0673146407933552,-0.0006751931721176,2.73102757941926,81.31842451983434,47.515
9.577999999999996,-0.0239384255861825,0.055903886552250495,2.76733945420289,14.312767115503021,down,down,down,up,0.0673146407933552,-0.0006751931721176,2.73102757941926,81.31842451983434,47.547
9.592999999999996,-0.0228488745629054,0.0,2.76720048685159,14.312223479636415,down,down,down,up,0.0673146407933552,-0.0006751931721176,2.73102757941926,81.31842451983434,47.562
9.609000000000002,-0.0232753190841599,0.0939674233717531,2.7670802834915205,14.311645674744383,down,down,down,up,0.0673146407933552,-0.0006751931721176,2.73102757941926,81.31842451983434,47.578
9.625,-0.023307399421023303,0.0693196618473189,2.766963748330316,14.3110697637605,down,down,down,up,0.0673146407933552,-0.0006751931721176,2.73102757941926,81.31842451983434,47.594
9.655999999999999,-0.0233645097854857,0.069156910614724,2.767208093911352,14.309951955167762,down,down,down,up,0.0673146407933552,-0.0006751931721176,2.73102757941926,81.31842451983434,47.625
9.671,-0.022452953682671802,0.0,2.7670618527849453,14.309410344258822,down,down,down,up,0.0673146407933552,-0.0006751931721176,2.73102757941926,81.31842451983434,47.64
9.686999999999998,-0.0228988486683299,0.0951830773969868,2.766935470294507,14.308834806944901,down,down,down,up,0.0673146407933552,-0.0006751931721176,2.73102757941926,81.31842451983434,47.656
9.702999999999996,-0.021589415808469,0.014524912947956797,2.7668021795010755,14.308261347017265,down,down,down,up,0.0673146407933552,-0.0006751931721176,2.73102757941926,81.31842451983434,47.672
9.717999999999996,-0.0213322334119645,0.050169147693054694,2.7666342197678104,14.307725987714022,down,down,down,up,0.0673146407933552,-0.0006751931721176,2.73102757941926,81.31842451983434,47.687
9.734000000000002,-0.021026656299659,0.0482160712742679,2.7664838939762575,14.307157484074779,down,down,down,up,0.0673146407933552,-0.0006751931721176,2.73102757941926,81.31842451983434,47.703
9.75,-0.021866498473503502,0.11980477665864059,2.7663378423051963,14.30659135145524,down,down,down,up,0.0673146407933552,-0.0006751931721176,2.73102757941926,81.31842451983434,47.719
9.765,-0.022300433143579202,0.0962436187983998,2.7661792221899066,14.306062887162824,down,down,down,up,0.0673146407933552,-0.0006751931721176,2.73102757941926,81.31842451983434,47.734
