timestamps,aAcc,aJerk,aVelocity,aHeight,jerks_direction,accelerations_direction,velocities_direction,heights_direction,start_jerks,start_accelerations,start_velocities,start_heights,actual_timestamps
0.0,0.0,0.0,0.0,0.0,up,up,up,up,-0.0225183671988795,0.0057526431824701,0.0,3.362802979775151e-05,3.015
0.016000000000000014,0.0,0.0148065505091979,0.0,0.0,up,up,up,up,-0.0225183671988795,0.0057526431824701,0.0,3.362802979775151e-05,3.031
0.04699999999999971,0.0,0.0467529160018283,0.0,0.0,up,up,up,up,-0.0225183671988795,0.0057526431824701,0.0,3.362802979775151e-05,3.062
0.06299999999999972,0.0,0.0362785487486284,0.0,0.0,up,up,up,up,-0.0225183671988795,0.0057526431824701,0.0,3.362802979775151e-05,3.078
0.07899999999999974,0.0,0.0375682894669639,0.0,0.0,up,up,up,up,-0.0225183671988795,0.0057526431824701,0.0,3.362802979775151e-05,3.094
0.09399999999999986,0.0,0.0767515669467156,0.0,0.0,up,up,up,up,-0.0225183671988795,0.0057526431824701,0.0,3.362802979775151e-05,3.109
0.10999999999999988,0.0,0.0287733295681581,0.0,0.0,up,up,up,up,-0.0225183671988795,0.0057526431824701,0.0,3.362802979775151e-05,3.125
0.125,0.0,0.0285527947424902,0.0,0.0,up,up,up,up,-0.0225183671988795,0.0057526431824701,0.0,3.362802979775151e-05,3.14
0.14100000000000001,0.0,0.0553673966982838,0.0,0.0,up,up,up,up,-0.0225183671988795,0.0057526431824701,0.0,3.362802979775151e-05,3.156
0.15700000000000003,0.0,0.0573928344385889,0.0,0.0,up,up,up,up,-0.0225183671988795,0.0057526431824701,0.0,3.362802979775151e-05,3.172
0.1719999999999997,0.0,0.0540693485386142,0.0,0.0,up,up,up,up,-0.0225183671988795,0.0057526431824701,0.0,3.362802979775151e-05,3.187
0.20399999999999974,0.0,0.0,0.0,0.0,up,up,up,up,-0.0225183671988795,0.0057526431824701,0.0,3.362802979775151e-05,3.219
0.21899999999999986,0.0,0.013695582715555897,0.0,0.0,up,up,up,up,-0.0225183671988795,0.0057526431824701,0.0,3.362802979775151e-05,3.234
0.23499999999999988,0.0,0.04702826287181,0.0,0.0,up,up,up,up,-0.0225183671988795,0.0057526431824701,0.0,3.362802979775151e-05,3.25
0.25,0.0,0.0,0.0,0.0,up,up,up,up,-0.0225183671988795,0.0057526431824701,0.0,3.362802979775151e-05,3.265
0.266,0.0,0.0,0.0,0.0,up,up,up,up,-0.0225183671988795,0.0057526431824701,0.0,3.362802979775151e-05,3.281
0.2969999999999997,0.0,0.0438707928437176,0.0,0.0,up,up,up,up,-0.0225183671988795,0.0057526431824701,0.0,3.362802979775151e-05,3.312
0.3129999999999997,0.0,0.010292402470776,0.0,0.0,up,up,up,up,-0.0225183671988795,0.0057526431824701,0.0,3.362802979775151e-05,3.328
0.32899999999999974,0.0,0.0,0.0,0.0,up,up,up,up,-0.0225183671988795,0.0057526431824701,0.0,3.362802979775151e-05,3.344
0.34399999999999986,0.0,0.0171584478520021,0.0,0.0,up,up,up,up,-0.0225183671988795,0.0057526431824701,0.0,3.362802979775151e-05,3.359
0.375,0.0,0.0457367209874696,0.0,0.0,up,up,up,up,-0.0225183671988795,0.0057526431824701,0.0,3.362802979775151e-05,3.39
0.391,0.0,0.06739987168999159,0.0,0.0,up,up,up,up,-0.0225183671988795,0.0057526431824701,0.0,3.362802979775151e-05,3.406
0.40700000000000003,0.0,0.0176901086409145,0.0,0.0,up,up,up,up,-0.0225183671988795,0.0057526431824701,0.0,3.362802979775151e-05,3.422
0.4219999999999997,0.0,0.0356026955853882,0.0,0.0,up,up,up,up,-0.0225183671988795,0.0057526431824701,0.0,3.362802979775151e-05,3.437
0.4379999999999997,0.0,0.030957624394119802,0.0,0.0,up,up,up,up,-0.0225183671988795,0.0057526431824701,0.0,3.362802979775151e-05,3.453
0.45399999999999974,0.0,0.010830642872690997,0.0,0.0,up,up,up,up,-0.0225183671988795,0.0057526431824701,0.0,3.362802979775151e-05,3.469
0.46899999999999986,0.0,0.0170497735840767,0.0,0.0,up,up,up,up,-0.0225183671988795,0.0057526431824701,0.0,3.362802979775151e-05,3.484
0.5,0.0,0.0,0.0,0.0,up,up,up,up,-0.0225183671988795,0.0057526431824701,0.0,3.362802979775151e-05,3.515
0.516,0.0,0.023016530953075896,0.0,0.0,up,up,up,up,-0.0225183671988795,0.0057526431824701,0.0,3.362802979775151e-05,3.531
0.532,0.0,0.12539639074529899,0.0,0.0,up,up,up,up,-0.0225183671988795,0.0057526431824701,0.0,3.362802979775151e-05,3.547
0.5469999999999997,0.0,0.0,0.0,0.0,up,up,up,up,-0.0225183671988795,0.0057526431824701,0.0,3.362802979775151e-05,3.562
0.5629999999999997,0.0,0.0,0.0,0.0,up,up,up,up,-0.0225183671988795,0.0057526431824701,0.0,3.362802979775151e-05,3.578
0.5789999999999997,0.0,0.0539069682085355,0.0,0.0,up,up,up,up,-0.0225183671988795,0.0057526431824701,0.0,3.362802979775151e-05,3.594
0.5939999999999999,0.0,0.059696589363747894,0.0,0.0,up,up,up,up,-0.0225183671988795,0.0057526431824701,0.0,3.362802979775151e-05,3.609
0.6099999999999999,0.0,0.0,0.0,0.0,up,up,up,up,-0.0225183671988795,0.0057526431824701,0.0,3.362802979775151e-05,3.625
0.625,0.0,0.08535084969452031,0.0,0.0,up,up,up,up,-0.0225183671988795,0.0057526431824701,0.0,3.362802979775151e-05,3.64
0.641,-0.0111133551306607,0.1334341920415113,0.0,0.0,up,up,up,up,-0.0225183671988795,0.0057526431824701,0.0,3.362802979775151e-05,3.656
0.657,-0.0135497041193257,0.1297534445926803,0.0,0.0,up,up,up,up,-0.0225183671988795,0.0057526431824701,0.0,3.362802979775151e-05,3.672
0.6719999999999997,-0.0126384759524604,0.0832669116565664,0.0,0.0,up,up,up,up,-0.0225183671988795,0.0057526431824701,0.0,3.362802979775151e-05,3.687
0.6879999999999997,-0.0124788510698454,0.0324949223623173,0.0,0.0,up,up,up,up,-0.0225183671988795,0.0057526431824701,0.0,3.362802979775151e-05,3.703
0.7189999999999999,-0.012916235901061,0.0,0.0,0.0,up,up,up,up,-0.0225183671988795,0.0057526431824701,0.0,3.362802979775151e-05,3.734
0.7349999999999999,-0.011275747894280999,0.1250488676226269,0.0,0.0,up,up,up,up,-0.0225183671988795,0.0057526431824701,0.0,3.362802979775151e-05,3.75
0.75,0.0,0.1299448655717098,0.0,0.0,up,up,up,up,-0.0225183671988795,0.0057526431824701,0.0,3.362802979775151e-05,3.765
0.782,0.0,0.08636847108964071,0.0,0.0,up,up,up,up,-0.0225183671988795,0.0057526431824701,0.0,3.362802979775151e-05,3.797
0.7969999999999997,0.0,0.1383342327853184,0.0,0.0,up,up,up,up,-0.0225183671988795,0.0057526431824701,0.0,3.362802979775151e-05,3.812
0.8129999999999997,0.0,0.170325428097221,0.0,0.0,up,up,up,up,-0.0225183671988795,0.0057526431824701,0.0,3.362802979775151e-05,3.828
0.8289999999999997,0.0,0.1660210257134731,0.0,0.0,up,up,up,up,-0.0225183671988795,0.0057526431824701,0.0,3.362802979775151e-05,3.844
0.8439999999999999,0.0,0.1835702098517784,0.0,0.0,up,up,up,up,-0.0225183671988795,0.0057526431824701,0.0,3.362802979775151e-05,3.859
0.8599999999999999,0.0,0.0424054892311488,0.0,0.0,up,up,up,up,-0.0225183671988795,0.0057526431824701,0.0,3.362802979775151e-05,3.875
0.875,0.0,0.020513572139317,0.0,0.0,up,up,up,up,-0.0225183671988795,0.0057526431824701,0.0,3.362802979775151e-05,3.89
0.891,0.0,0.036509844559688004,0.0,0.0,up,up,up,up,-0.0225183671988795,0.0057526431824701,0.0,3.362802979775151e-05,3.906
0.9219999999999997,0.0,0.0302219822399536,0.0,0.0,up,up,up,up,-0.0225183671988795,0.0057526431824701,0.0,3.362802979775151e-05,3.937
0.9379999999999997,0.0,0.0292670842717854,0.0,0.0,up,up,up,up,-0.0225183671988795,0.0057526431824701,0.0,3.362802979775151e-05,3.953
0.9539999999999997,0.0,0.024276898785783402,0.0,0.0,up,up,up,up,-0.0225183671988795,0.0057526431824701,0.0,3.362802979775151e-05,3.969
0.9689999999999999,0.0,0.031834337679844,0.0,0.0,up,up,up,up,-0.0225183671988795,0.0057526431824701,0.0,3.362802979775151e-05,3.984
0.9849999999999999,0.0,0.0206778159536882,0.0,0.0,up,up,up,up,-0.0225183671988795,0.0057526431824701,0.0,3.362802979775151e-05,4.0
1.0159999999999996,0.0,0.0,0.0,0.0,up,up,up,up,-0.0225183671988795,0.0057526431824701,0.0,3.362802979775151e-05,4.031
1.0470000000000002,0.0,0.0,0.0,0.0,up,up,up,up,-0.0225183671988795,0.0057526431824701,0.0,3.362802979775151e-05,4.062
1.0630000000000002,0.0,0.0649644408320679,0.0,0.0,up,up,up,up,-0.0225183671988795,0.0057526431824701,0.0,3.362802979775151e-05,4.078
1.0790000000000002,0.0,0.06268479345275721,0.0,0.0,up,up,up,up,-0.0225183671988795,0.0057526431824701,0.0,3.362802979775151e-05,4.094
1.0939999999999999,0.0,0.025077577855371402,0.0,0.0,up,up,up,up,-0.0225183671988795,0.0057526431824701,0.0,3.362802979775151e-05,4.109
1.1099999999999999,0.0,0.050588118695212604,0.0,0.0,up,up,up,up,-0.0225183671988795,0.0057526431824701,0.0,3.362802979775151e-05,4.125
1.1249999999999996,0.0,0.08522669191926119,0.0,0.0,up,up,up,up,-0.0225183671988795,0.0057526431824701,0.0,3.362802979775151e-05,4.14
1.1409999999999996,0.0,0.0783787982588636,0.0,0.0,up,up,up,up,-0.0225183671988795,0.0057526431824701,0.0,3.362802979775151e-05,4.156
1.1720000000000002,0.0,0.013030962114876001,0.0,0.0,up,up,up,up,-0.0225183671988795,0.0057526431824701,0.0,3.362802979775151e-05,4.187
1.1880000000000002,0.0,0.0,0.0,0.0,up,up,up,up,-0.0225183671988795,0.0057526431824701,0.0,3.362802979775151e-05,4.203
1.2040000000000002,0.0,0.0467395959342344,0.0,0.0,up,up,up,up,-0.0225183671988795,0.0057526431824701,0.0,3.362802979775151e-05,4.219
1.2189999999999999,0.0,0.0325447153920554,0.0,0.0,up,up,up,up,-0.0225183671988795,0.0057526431824701,0.0,3.362802979775151e-05,4.234
1.2349999999999999,0.0,0.028862423958083402,0.0,0.0,up,up,up,up,-0.0225183671988795,0.0057526431824701,0.0,3.362802979775151e-05,4.25
1.2499999999999996,0.0,0.0,0.0,0.0,up,up,up,up,-0.0225183671988795,0.0057526431824701,0.0,3.362802979775151e-05,4.265
1.2819999999999996,0.0,0.0546906481825572,0.0,0.0,up,up,up,up,-0.0225183671988795,0.0057526431824701,0.0,3.362802979775151e-05,4.297
1.2970000000000002,0.0,0.0219393197395338,0.0,0.0,up,up,up,up,-0.0225183671988795,0.0057526431824701,0.0,3.362802979775151e-05,4.312
1.3130000000000002,0.0,0.019073513423480702,0.0,0.0,up,up,up,up,-0.0225183671988795,0.0057526431824701,0.0,3.362802979775151e-05,4.328
1.3290000000000002,0.0,0.09796746654108571,0.0,0.0,up,up,up,up,-0.0225183671988795,0.0057526431824701,0.0,3.362802979775151e-05,4.344
1.3439999999999999,0.0,0.0996376198675851,0.0,0.0,up,up,up,up,-0.0225183671988795,0.0057526431824701,0.0,3.362802979775151e-05,4.359
1.3599999999999999,0.0,0.0,0.0,0.0,up,up,up,up,-0.0225183671988795,0.0057526431824701,0.0,3.362802979775151e-05,4.375
1.3909999999999996,0.0,0.0748648203564172,0.0,0.0,up,up,up,up,-0.0225183671988795,0.0057526431824701,0.0,3.362802979775151e-05,4.406
1.4069999999999996,0.0,0.038412566789350996,0.0,0.0,up,up,up,up,-0.0225183671988795,0.0057526431824701,0.0,3.362802979775151e-05,4.422
1.4380000000000002,0.0,0.0355114019749668,0.0,0.0,up,up,up,up,-0.0225183671988795,0.0057526431824701,0.0,3.362802979775151e-05,4.453
1.4540000000000002,0.0,0.0461302196096115,0.0,0.0,up,up,up,up,-0.0225183671988795,0.0057526431824701,0.0,3.362802979775151e-05,4.469
1.4689999999999999,0.0,0.0921513471173098,0.0,0.0,up,up,up,up,-0.0225183671988795,0.0057526431824701,0.0,3.362802979775151e-05,4.484
1.4849999999999999,0.0,0.022365540761152502,0.0,0.0,up,up,up,up,-0.0225183671988795,0.0057526431824701,0.0,3.362802979775151e-05,4.5
1.4999999999999996,0.0,0.0222306053164088,0.0,0.0,up,up,up,up,-0.0225183671988795,0.0057526431824701,0.0,3.362802979775151e-05,4.515
1.5319999999999996,0.0,0.0731439796573786,0.0,0.0,up,up,up,up,-0.0225183671988795,0.0057526431824701,0.0,3.362802979775151e-05,4.547
1.5470000000000002,0.0,0.1275038167501402,0.0,0.0,up,up,up,up,-0.0225183671988795,0.0057526431824701,0.0,3.362802979775151e-05,4.562
1.5630000000000002,0.0,0.1179483663311365,0.0,0.0,up,up,up,up,-0.0225183671988795,0.0057526431824701,0.0,3.362802979775151e-05,4.578
1.5790000000000002,0.0,0.0,0.0,0.0,up,up,up,up,-0.0225183671988795,0.0057526431824701,0.0,3.362802979775151e-05,4.594
1.5939999999999999,0.0,0.1945813085303206,0.0,0.0,up,up,up,up,-0.0225183671988795,0.0057526431824701,0.0,3.362802979775151e-05,4.609
1.6099999999999999,0.0,0.070391929215844,0.0,0.0,up,up,up,up,-0.0225183671988795,0.0057526431824701,0.0,3.362802979775151e-05,4.625
1.6249999999999996,0.0,0.0734439115194153,0.0,0.0,up,up,up,up,-0.0225183671988795,0.0057526431824701,0.0,3.362802979775151e-05,4.64
1.6409999999999996,0.010886502481945101,0.18778330096100082,0.0,0.0,up,up,up,up,-0.0225183671988795,0.0057526431824701,0.0,3.362802979775151e-05,4.656
1.6569999999999996,0.013543629393144099,0.1885887991488177,0.0,0.0,up,up,up,up,-0.0225183671988795,0.0057526431824701,0.0,3.362802979775151e-05,4.672
1.6720000000000002,0.015308742761805102,0.1401925917762697,0.0,0.0,up,up,up,up,-0.0225183671988795,0.0057526431824701,0.0,3.362802979775151e-05,4.687
1.7040000000000002,0.0178267847929181,0.1012071806711623,0.0,0.0,up,up,up,up,-0.0225183671988795,0.0057526431824701,0.0,3.362802979775151e-05,4.719
1.7189999999999999,0.0202891956159128,0.1866790887318629,0.0,0.0,up,up,up,up,-0.0225183671988795,0.0057526431824701,0.0,3.362802979775151e-05,4.734
1.7349999999999999,0.0211660462007757,0.07732152875280851,0.0,0.0,up,up,up,up,-0.0225183671988795,0.0057526431824701,0.0,3.362802979775151e-05,4.75
1.7499999999999996,0.0240047275278972,0.21176378900698392,0.0,0.0,up,up,up,up,-0.0225183671988795,0.0057526431824701,0.0,3.362802979775151e-05,4.765
1.7819999999999996,0.0278999386313199,0.1442437141808395,0.0,0.0,up,up,up,up,-0.0225183671988795,0.0057526431824701,0.0,3.362802979775151e-05,4.797
1.7970000000000002,0.031705469653548604,0.27622043534744933,0.0,0.0,up,up,up,up,-0.0225183671988795,0.0057526431824701,0.0,3.362802979775151e-05,4.812
1.8130000000000002,0.036021000479054904,0.2922390437930221,0.0,0.0,up,up,up,up,-0.0225183671988795,0.0057526431824701,0.0,3.362802979775151e-05,4.828
1.8290000000000002,0.040208589046882195,0.2842426526880858,0.0,0.0,up,up,up,up,-0.0225183671988795,0.0057526431824701,0.0,3.362802979775151e-05,4.844
1.8439999999999999,0.0452402099779992,0.357959762606685,0.0,0.0,up,up,up,up,-0.0225183671988795,0.0057526431824701,0.0,3.362802979775151e-05,4.859
1.8599999999999999,0.050954202564668094,0.3796429038656877,0.0,0.0,up,up,up,up,-0.0225183671988795,0.0057526431824701,0.0,3.362802979775151e-05,4.875
1.8749999999999996,0.056526715537389194,0.3940192320469607,0.0,0.0,up,up,up,up,-0.0225183671988795,0.0057526431824701,0.0,3.362802979775151e-05,4.89
1.8909999999999996,0.0626039939899652,0.4023482704848789,0.0,0.0,up,up,up,up,-0.0225183671988795,0.0057526431824701,0.0,3.362802979775151e-05,4.906
1.9069999999999996,0.0677273223141572,0.342726387460882,0.0,0.0,up,up,up,up,-0.0225183671988795,0.0057526431824701,0.0,3.362802979775151e-05,4.922
1.9380000000000002,0.072843999517616,0.1875724705362558,0.0,0.0,up,up,up,up,-0.0225183671988795,0.0057526431824701,0.0,3.362802979775151e-05,4.953
1.9540000000000002,0.0786540757810741,0.3856481336650095,0.0102001929598537,0.0,up,up,up,up,-0.0225183671988795,0.0057526431824701,0.0,3.362802979775151e-05,4.969
1.9689999999999999,0.08592611089596501,0.5073207081916191,0.0115208340076685,0.0,up,up,up,up,-0.0225183671988795,0.0057526431824701,0.0,3.362802979775151e-05,4.984
1.9849999999999999,0.0930181932928207,0.4657735170023578,0.0130444307320983,0.0,up,up,up,up,-0.0225183671988795,0.0057526431824701,0.0,3.362802979775151e-05,5.0
2.0159999999999996,0.0995135877999331,0.2320472222670251,0.0162070052776926,0.0,up,up,up,up,-0.0225183671988795,0.0057526431824701,0.0,3.362802979775151e-05,5.031
2.0319999999999996,0.1047152984694719,0.3476252840450532,0.0179328786587673,0.0,up,up,up,up,-0.0225183671988795,0.0057526431824701,0.0,3.362802979775151e-05,5.047
2.047,0.1097821421627074,0.3603079467479008,0.0196278991112458,0.0,up,up,up,up,-0.0225183671988795,0.0057526431824701,0.0,3.362802979775151e-05,5.062
2.063,0.1148038385310315,0.3363743902191328,0.0215166292477152,0.0,up,up,up,up,-0.0225183671988795,0.0057526431824701,0.0,3.362802979775151e-05,5.078
2.079,0.1207174887578368,0.3921215063742132,0.0234928421569457,0.0,up,up,up,up,-0.0225183671988795,0.0057526431824701,0.0,3.362802979775151e-05,5.094
2.094,0.1266378230112988,0.4172073174296842,0.0254342966429512,0.0,up,up,up,up,-0.0225183671988795,0.0057526431824701,0.0,3.362802979775151e-05,5.109
2.11,0.1324091636769485,0.3832271588019829,0.0275987148273767,0.0,up,up,up,up,-0.0225183671988795,0.0057526431824701,0.0,3.362802979775151e-05,5.125
2.1249999999999996,0.1366825921345125,0.3074135977031566,0.0297031926436997,0.0,up,up,up,up,-0.0225183671988795,0.0057526431824701,0.0,3.362802979775151e-05,5.14
2.1409999999999996,0.1417365157130597,0.3383885908580773,0.0320225877973998,0.0,up,up,up,up,-0.0225183671988795,0.0057526431824701,0.0,3.362802979775151e-05,5.156
2.1569999999999996,0.1480421790930304,0.4166223284470503,0.034432859646768,0.0,up,up,up,up,-0.0225183671988795,0.0057526431824701,0.0,3.362802979775151e-05,5.172
2.172,0.1534264739474676,0.3814713574946754,0.0367801641923089,0.0,up,up,up,up,-0.0225183671988795,0.0057526431824701,0.0,3.362802979775151e-05,5.187
2.188,0.1586749423036746,0.3505476394618211,0.0393690178132376,0.0,up,up,up,up,-0.0225183671988795,0.0057526431824701,0.0,3.362802979775151e-05,5.203
2.204,0.1648113475931901,0.4060436977935931,0.042048950423332,0.0,up,up,up,up,-0.0225183671988795,0.0057526431824701,0.0,3.362802979775151e-05,5.219
2.219,0.1707273856430955,0.4169209038592533,0.0446517805703412,0.0,up,up,up,up,-0.0225183671988795,0.0057526431824701,0.0,3.362802979775151e-05,5.234
2.235,0.1760252133858309,0.35363260111983863,0.0475178436534921,0.0,up,up,up,up,-0.0225183671988795,0.0057526431824701,0.0,3.362802979775151e-05,5.25
2.2499999999999996,0.1812137856458591,0.3684231845341017,0.0502834257939668,0.0,up,up,up,up,-0.0225183671988795,0.0057526431824701,0.0,3.362802979775151e-05,5.265
2.2819999999999996,0.1868623695415508,0.1990366139392441,0.0563567288588044,0.010745168278029349,up,up,up,up,-0.0225183671988795,0.0057526431824701,0.0,3.362802979775151e-05,5.297
2.297,0.1929244226202638,0.4266552391130637,0.0592914194477551,0.011612529390328549,up,up,up,up,-0.0225183671988795,0.0057526431824701,0.0,3.362802979775151e-05,5.312
2.313,0.1988302342380646,0.3916315933114287,0.0625174989935413,0.012587000737858949,up,up,up,up,-0.0225183671988795,0.0057526431824701,0.0,3.362802979775151e-05,5.328
2.329,0.2052922812392648,0.42639630477389373,0.0658425214082795,0.013613880901073547,up,up,up,up,-0.0225183671988795,0.0057526431824701,0.0,3.362802979775151e-05,5.344
2.344,0.2122097936764025,0.4836858630080676,0.0690600766178839,0.014625650386269748,up,up,up,up,-0.0225183671988795,0.0057526431824701,0.0,3.362802979775151e-05,5.359
2.36,0.2189549226192664,0.4440889261278755,0.0726014366391688,0.015758942492326147,up,up,up,up,-0.0225183671988795,0.0057526431824701,0.0,3.362802979775151e-05,5.375
2.3749999999999996,0.2251092109790509,0.4328042578511874,0.0760182072888932,0.016873589821786546,up,up,up,up,-0.0225183671988795,0.0057526431824701,0.0,3.362802979775151e-05,5.39
2.3909999999999996,0.2313673313618257,0.4136508911223,0.0797620619185397,0.01811983197544605,up,up,up,up,-0.0225183671988795,0.0057526431824701,0.0,3.362802979775151e-05,5.406
2.4069999999999996,0.2386068574086764,0.4749887451270504,0.0836138977196232,0.019426839652551348,up,up,up,up,-0.0225183671988795,0.0057526431824701,0.0,3.362802979775151e-05,5.422
2.422,0.24565592725243418,0.4924563567827116,0.0873321582523188,0.020708935072340947,up,up,up,up,-0.0225183671988795,0.0057526431824701,0.0,3.362802979775151e-05,5.437
2.438,0.2528285833891335,0.4708093757425899,0.0914120766283708,0.022138888951386448,up,up,up,up,-0.0225183671988795,0.0057526431824701,0.0,3.362802979775151e-05,5.453
2.454,0.2598251486035803,0.4598036931018043,0.0956053487752321,0.023635028354615346,up,up,up,up,-0.0225183671988795,0.0057526431824701,0.0,3.362802979775151e-05,5.469
2.485,0.2662887325907928,0.23102107646380002,0.1039384458724013,0.02672795717165355,up,up,up,up,-0.0225183671988795,0.0057526431824701,0.0,3.362802979775151e-05,5.5
2.4999999999999996,0.2725946681880736,0.4429140736842728,0.1080663610259798,0.028317993223391447,up,up,up,up,-0.0225183671988795,0.0057526431824701,0.0,3.362802979775151e-05,5.515
2.5159999999999996,0.2778944169367783,0.3537526639929266,0.1125623159978981,0.030083022639582447,up,up,up,up,-0.0225183671988795,0.0057526431824701,0.0,3.362802979775151e-05,5.531
2.5319999999999996,0.2817222414682608,0.2617574004165323,0.117131291556058,0.03192057150001405,up,up,up,up,-0.0225183671988795,0.0057526431824701,0.0,3.362802979775151e-05,5.547
2.547,0.287051125947091,0.377777332454211,0.1214833814594103,0.03371018154763015,up,up,up,up,-0.0225183671988795,0.0057526431824701,0.0,3.362802979775151e-05,5.562
2.563,0.294072866336375,0.4613771415291321,0.1262244156885976,0.035691843924814254,up,up,up,up,-0.0225183671988795,0.0057526431824701,0.0,3.362802979775151e-05,5.578
2.579,0.3009308145013652,0.451140127510766,0.131076487426219,0.03775025114973275,up,up,up,up,-0.0225183671988795,0.0057526431824701,0.0,3.362802979775151e-05,5.594
2.594,0.3048824206918877,0.285958779900384,0.1357063763379054,0.03975112262796365,up,up,up,up,-0.0225183671988795,0.0057526431824701,0.0,3.362802979775151e-05,5.609
2.61,0.3104251483168241,0.368938843757408,0.1407208791808946,0.04196254067211405,up,up,up,up,-0.0225183671988795,0.0057526431824701,0.0,3.362802979775151e-05,5.625
2.6249999999999996,0.3158303725214111,0.3828666475046872,0.1455040852349183,0.044109227905232654,up,up,up,up,-0.0225183671988795,0.0057526431824701,0.0,3.362802979775151e-05,5.64
2.6409999999999996,0.3217763424813978,0.3941414896980442,0.1506969812458603,0.046478836437078855,up,up,up,up,-0.0225183671988795,0.0057526431824701,0.0,3.362802979775151e-05,5.656
2.6569999999999996,0.3262944992042272,0.3049031623757169,0.1559735902702648,0.04893220100920785,up,up,up,up,-0.0225183671988795,0.0057526431824701,0.0,3.362802979775151e-05,5.672
2.672,0.3306804320198396,0.3149138882396945,0.1609871919021825,0.05130940687550125,up,up,up,up,-0.0225183671988795,0.0057526431824701,0.0,3.362802979775151e-05,5.687
2.688,0.3363675572978302,0.3779636970732945,0.1664156181076434,0.05392862935557995,up,up,up,up,-0.0225183671988795,0.0057526431824701,0.0,3.362802979775151e-05,5.703
2.704,0.3396831710080744,0.2297442240891378,0.1719160662250102,0.05663528283024115,up,up,up,up,-0.0225183671988795,0.0057526431824701,0.0,3.362802979775151e-05,5.719
2.719,0.343171727100982,0.2550887733927283,0.1771237676085651,0.05925308158399295,up,up,up,up,-0.0225183671988795,0.0057526431824701,0.0,3.362802979775151e-05,5.734
2.7499999999999996,0.3465414260518802,0.1312183333568878,0.1879926534210909,0.06491238610995255,up,up,up,up,-0.0225183671988795,0.0057526431824701,0.0,3.362802979775151e-05,5.765
2.7659999999999996,0.34986199671469903,0.2300540336250522,0.1936559230941431,0.06796557472207435,up,up,up,up,-0.0225183671988795,0.0057526431824701,0.0,3.362802979775151e-05,5.781
2.7819999999999996,0.3526626884391053,0.19756159997427522,0.199368162866293,0.07110976740975784,up,up,up,up,-0.0225183671988795,0.0057526431824701,0.0,3.362802979775151e-05,5.797
2.797,0.3553599176927502,0.2023336507751997,0.2047646220600192,0.07414076329670534,up,up,up,up,-0.0225183671988795,0.0057526431824701,0.0,3.362802979775151e-05,5.812
2.813,0.3586191056219566,0.2262176127742743,0.2105684965374564,0.07746342824548515,up,up,up,up,-0.0225183671988795,0.0057526431824701,0.0,3.362802979775151e-05,5.828
2.829,0.3626806930123454,0.2763675790981834,0.2164309372174503,0.08087942371552445,up,up,up,up,-0.0225183671988795,0.0057526431824701,0.0,3.362802979775151e-05,5.844
2.844,0.3666609114509907,0.2878662631085696,0.2219872888986623,0.08416756041139514,up,up,up,up,-0.0225183671988795,0.0057526431824701,0.0,3.362802979775151e-05,5.859
2.86,0.3687326514141898,0.1520021148988227,0.2279624796925033,0.08776715856012454,up,up,up,up,-0.0225183671988795,0.0057526431824701,0.0,3.362802979775151e-05,5.875
2.8749999999999996,0.3720872498861692,0.2461582653308433,0.2336049185999929,0.09122891404731814,up,up,up,up,-0.0225183671988795,0.0057526431824701,0.0,3.362802979775151e-05,5.89
2.8909999999999996,0.3733497229041572,0.1014229308231285,0.2396604566732351,0.09501503704950394,up,up,up,up,-0.0225183671988795,0.0057526431824701,0.0,3.362802979775151e-05,5.906
2.9069999999999996,0.3761643747359234,0.1984341066842676,0.2457486117452753,0.09889830959685204,up,up,up,up,-0.0225183671988795,0.0057526431824701,0.0,3.362802979775151e-05,5.922
2.922,0.3785489955508723,0.1814930881954698,0.2514952516701635,0.10262763857246804,up,up,up,up,-0.0225183671988795,0.0057526431824701,0.0,3.362802979775151e-05,5.937
2.954,0.3806967933480969,0.089637048362149,0.263827268874386,0.11087279890118075,up,up,up,up,-0.0225183671988795,0.0057526431824701,0.0,3.362802979775151e-05,5.969
2.969,0.3825014471054314,0.1428286176878425,0.2696375453255245,0.11487378500768004,up,up,up,up,-0.0225183671988795,0.0057526431824701,0.0,3.362802979775151e-05,5.984
2.985,0.38432609011659663,0.1365585553967075,0.2758642079142202,0.11923779903359795,up,up,up,up,-0.0225183671988795,0.0057526431824701,0.0,3.362802979775151e-05,6.0
3.0159999999999996,0.3883195613706097,0.1513400205541407,0.2880185474509283,0.12797798174175776,up,up,up,up,-0.0225183671988795,0.0057526431824701,0.0,3.362802979775151e-05,6.031
3.0319999999999996,0.3909655698461148,0.18789389691794892,0.2943448707915816,0.13263688908769775,up,up,up,up,-0.0225183671988795,0.0057526431824701,0.0,3.362802979775151e-05,6.047
3.063,0.3949301546538138,0.1504081997052968,0.3067045864599874,0.14195315567509734,up,up,up,up,-0.0225183671988795,0.0057526431824701,0.0,3.362802979775151e-05,6.078
3.079,0.3973598036003665,0.174371426358425,0.3131349484169403,0.14691187195411273,up,up,up,up,-0.0225183671988795,0.0057526431824701,0.0,3.362802979775151e-05,6.094
3.094,0.3985590688114442,0.10246938127072891,0.3191906296077658,0.15165431378929795,up,up,up,up,-0.0225183671988795,0.0057526431824701,0.0,3.362802979775151e-05,6.109
3.11,0.3997269237633994,0.09550930169607619,0.3256689598392841,0.15681319050487436,up,up,up,up,-0.0225183671988795,0.0057526431824701,0.0,3.362802979775151e-05,6.125
3.1249999999999996,0.400706468383568,0.08782134187678631,0.3317584999281233,0.16174389645312975,up,up,up,up,-0.0225183671988795,0.0057526431824701,0.0,3.362802979775151e-05,6.14
3.1409999999999996,0.4045451645852882,0.2624368798063969,0.3382925552827936,0.16710430489481715,up,up,up,up,-0.0225183671988795,0.0057526431824701,0.0,3.362802979775151e-05,6.156
3.1569999999999996,0.4062517809205275,0.129181888151334,0.3448709731377597,0.17256961312218155,up,up,up,up,-0.0225183671988795,0.0057526431824701,0.0,3.362802979775151e-05,6.172
3.172,0.4079506124608426,0.1357738032198769,0.3510637807358572,0.17778912377623385,up,up,up,up,-0.0225183671988795,0.0057526431824701,0.0,3.362802979775151e-05,6.187
3.188,0.4092436069954353,0.10333052561092629,0.357693376782427,0.18345918103638015,up,up,up,up,-0.0225183671988795,0.0057526431824701,0.0,3.362802979775151e-05,6.203
3.204,0.4100722560466359,0.0743089328989178,0.3643399459776831,0.18923544761846103,up,up,up,up,-0.0225183671988795,0.0057526431824701,0.0,3.362802979775151e-05,6.219
3.219,0.4107964639252746,0.07079889244146009,0.3705827510252093,0.19474736784598265,up,up,up,up,-0.0225183671988795,0.0057526431824701,0.0,3.362802979775151e-05,6.234
3.2499999999999996,0.4126114179707337,0.08106527189110779,0.3835239051332539,0.20643602101643865,up,up,up,up,-0.0225183671988795,0.0057526431824701,0.0,3.362802979775151e-05,6.265
3.2659999999999996,0.4147834896564877,0.1582728475585082,0.3902351066851912,0.21262609311098624,up,up,up,up,-0.0225183671988795,0.0057526431824701,0.0,3.362802979775151e-05,6.281
3.2819999999999996,0.4165522183532833,0.133063910748602,0.3969778346401889,0.21892379664158926,up,up,up,up,-0.0225183671988795,0.0057526431824701,0.0,3.362802979775151e-05,6.297
3.297,0.4180869032281312,0.1248306921887335,0.4033239176997867,0.22492605978413935,up,up,up,up,-0.0225183671988795,0.0057526431824701,0.0,3.362802979775151e-05,6.312
3.313,0.4192459826054265,0.09496082827983651,0.4101146230773747,0.23143356811035665,up,up,up,up,-0.0225183671988795,0.0057526431824701,0.0,3.362802979775151e-05,6.328
3.329,0.4203415277883505,0.0909899411316285,0.4169233654514445,0.23804987201858716,up,up,up,up,-0.0225183671988795,0.0057526431824701,0.0,3.362802979775151e-05,6.344
3.344,0.421233807797691,0.0820037011549138,0.4233214701160767,0.24435170828534344,up,up,up,up,-0.0225183671988795,0.0057526431824701,0.0,3.362802979775151e-05,6.359
3.36,0.4227243785272848,0.11567903779849181,0.430165177897596,0.2511796014694529,up,up,up,up,-0.0225183671988795,0.0057526431824701,0.0,3.362802979775151e-05,6.375
3.3749999999999996,0.4242137421185213,0.1218092732813166,0.4366035034501764,0.25768036657956106,up,up,up,up,-0.0225183671988795,0.0057526431824701,0.0,3.362802979775151e-05,6.39
3.3909999999999996,0.426922498929585,0.1918156678903637,0.4435046356694808,0.26472123169251827,up,up,up,up,-0.0225183671988795,0.0057526431824701,0.0,3.362802979775151e-05,6.406
3.4069999999999996,0.4291936553393754,0.1644656428107771,0.450445607194552,0.2718728336354306,up,up,up,up,-0.0225183671988795,0.0057526431824701,0.0,3.362802979775151e-05,6.422
3.422,0.4314090284005801,0.1702099046125187,0.456986416970339,0.2786785738166675,up,up,up,up,-0.0225183671988795,0.0057526431824701,0.0,3.362802979775151e-05,6.437
3.438,0.4323005134506026,0.0782361828252898,0.463988135596068,0.28604637023719875,up,up,up,up,-0.0225183671988795,0.0057526431824701,0.0,3.362802979775151e-05,6.453
3.454,0.4349629158227941,0.18891851546084862,0.4710182853211747,0.2935264216045367,up,up,up,up,-0.0225183671988795,0.0057526431824701,0.0,3.362802979775151e-05,6.469
3.469,0.4349921779473043,0.0244691754995564,0.4776292381721874,0.30064127803073676,up,up,up,up,-0.0225183671988795,0.0057526431824701,0.0,3.362802979775151e-05,6.484
3.4999999999999996,0.4350296611775431,0.023727503658194902,0.4912929086172802,0.3156595713059734,up,up,up,up,-0.0225183671988795,0.0057526431824701,0.0,3.362802979775151e-05,6.515
3.5159999999999996,0.4358787302364675,0.0755851833816579,0.4983522180395127,0.3235767323192277,up,up,up,up,-0.0225183671988795,0.0057526431824701,0.0,3.362802979775151e-05,6.531
3.5319999999999996,0.4357533651688996,0.0146830504758868,0.5054173170936753,0.33160688860029325,up,up,up,up,-0.0225183671988795,0.0057526431824701,0.0,3.362802979775151e-05,6.547
3.547,0.4355965763232472,0.012065777488719901,0.5120387313026037,0.33923780896326555,up,up,up,up,-0.0225183671988795,0.0057526431824701,0.0,3.362802979775151e-05,6.562
3.563,0.4360038948033509,0.0479757722053587,0.519103577362536,0.3474869474325867,up,up,up,up,-0.0225183671988795,0.0057526431824701,0.0,3.362802979775151e-05,6.578
3.579,0.4362954820779202,0.0407425718594568,0.5261740146685057,0.35584916816883505,up,up,up,up,-0.0225183671988795,0.0057526431824701,0.0,3.362802979775151e-05,6.594
3.594,0.4366105598929053,0.0435235548645591,0.5328070996310238,0.3637915265260814,up,up,up,up,-0.0225183671988795,0.0057526431824701,0.0,3.362802979775151e-05,6.609
3.61,0.4375258650366121,0.079724938680551,0.5398922333213795,0.37237312118970056,up,up,up,up,-0.0225183671988795,0.0057526431824701,0.0,3.362802979775151e-05,6.625
3.6249999999999996,0.4384530838043492,0.0843329517146914,0.5465483650854236,0.3805214256777515,up,up,up,up,-0.0225183671988795,0.0057526431824701,0.0,3.362802979775151e-05,6.64
3.6409999999999996,0.4408675869835861,0.1734248159011831,0.5536749727426467,0.389323212380376,up,up,up,up,-0.0225183671988795,0.0057526431824701,0.0,3.362802979775151e-05,6.656
3.6569999999999996,0.443194836976824,0.1679714917762454,0.5608395144252495,0.3982393282777192,up,up,up,up,-0.0225183671988795,0.0057526431824701,0.0,3.362802979775151e-05,6.672
3.672,0.443882983024146,0.0683947703536801,0.567578887722994,0.4067024662938314,up,up,up,up,-0.0225183671988795,0.0057526431824701,0.0,3.362802979775151e-05,6.687
3.704,0.4456857420291094,0.0788545861039858,0.5819960719056851,0.42509566564789025,up,up,up,up,-0.0225183671988795,0.0057526431824701,0.0,3.362802979775151e-05,6.719
3.719,0.4461724724245695,0.0549670602295535,0.5887712981618246,0.4338764209233964,up,up,up,up,-0.0225183671988795,0.0057526431824701,0.0,3.362802979775151e-05,6.734
3.735,0.4471934348143609,0.08632851656084409,0.5960102677106556,0.44335467345037627,up,up,up,up,-0.0225183671988795,0.0057526431824701,0.0,3.362802979775151e-05,6.75
3.7659999999999996,0.448802206650651,0.0744142328856556,0.6100765320920197,0.46204901884731747,up,up,up,up,-0.0225183671988795,0.0057526431824701,0.0,3.362802979775151e-05,6.781
3.7819999999999996,0.4501727119891879,0.10817495085743481,0.617360373732058,0.4718685140939102,up,up,up,up,-0.0225183671988795,0.0057526431824701,0.0,3.362802979775151e-05,6.797
3.797,0.4509884415424903,0.07690033741904051,0.6242053720312829,0.4811802571871356,up,up,up,up,-0.0225183671988795,0.0057526431824701,0.0,3.362802979775151e-05,6.812
3.813,0.4517375771702348,0.0693393439329094,0.6315192224719043,0.49122605394316105,up,up,up,up,-0.0225183671988795,0.0057526431824701,0.0,3.362802979775151e-05,6.828
3.844,0.451821172947442,0.025215005173304602,0.6457027150373847,0.5110229939745549,up,up,up,up,-0.0225183671988795,0.0057526431824701,0.0,3.362802979775151e-05,6.859
3.86,0.4531435876153065,0.10516928394041289,0.6530344754128062,0.5214128914981564,up,up,up,up,-0.0225183671988795,0.0057526431824701,0.0,3.362802979775151e-05,6.875
3.8749999999999996,0.4539943468575452,0.0792356500147908,0.6599242995690895,0.5312600823105204,up,up,up,up,-0.0225183671988795,0.0057526431824701,0.0,3.362802979775151e-05,6.89
3.8909999999999996,0.4543259635982065,0.04324441349021,0.667282904343655,0.5418777399418223,up,up,up,up,-0.0225183671988795,0.0057526431824701,0.0,3.362802979775151e-05,6.906
3.9069999999999996,0.4546459604204607,0.0425181685897703,0.6746467220267238,0.5526131769527853,up,up,up,up,-0.0225183671988795,0.0057526431824701,0.0,3.362802979775151e-05,6.922
3.922,0.4565605389597654,0.1501569364858517,0.6815670604198129,0.5627847803211348,up,up,up,up,-0.0225183671988795,0.0057526431824701,0.0,3.362802979775151e-05,6.937
3.938,0.4558057563749394,0.0246555443527438,0.68895803307341,0.5737489810690806,up,up,up,up,-0.0225183671988795,0.0057526431824701,0.0,3.362802979775151e-05,6.953
3.954,0.4556537219771642,0.013016217337928,0.6963417511911463,0.5848313793431971,up,up,up,up,-0.0225183671988795,0.0057526431824701,0.0,3.362802979775151e-05,6.969
3.985,0.455472292166748,0.0166657926693268,0.7106425363490333,0.6066396358000696,up,up,up,up,-0.0225183671988795,0.0057526431824701,0.0,3.362802979775151e-05,7.0
3.9999999999999996,0.4562932092898766,0.0772461754074536,0.7175670672576949,0.6173512078271198,up,up,up,up,-0.0225183671988795,0.0057526431824701,0.0,3.362802979775151e-05,7.015
4.016,0.4559611231332035,0.0,0.7249571442079991,0.6288914015188454,up,up,up,up,-0.0225183671988795,0.0057526431824701,0.0,3.362802979775151e-05,7.031
4.032,0.4556256068627356,0.0,0.7323418803388861,0.6405497937152205,up,up,up,up,-0.0225183671988795,0.0057526431824701,0.0,3.362802979775151e-05,7.047
4.047000000000001,0.4557527329217006,0.030993437796548,0.7392635075350067,0.6515868341242751,up,up,up,up,-0.0225183671988795,0.0057526431824701,0.0,3.362802979775151e-05,7.062
4.063000000000001,0.4568959577815708,0.0939699209407652,0.7466567393515524,0.6634741960993675,up,up,up,up,-0.0225183671988795,0.0057526431824701,0.0,3.362802979775151e-05,7.078
4.079000000000001,0.4574284677540011,0.0558002404757708,0.7540633770467565,0.675479957030554,up,up,up,up,-0.0225183671988795,0.0057526431824701,0.0,3.362802979775151e-05,7.094
4.093999999999999,0.4589280229485802,0.122488713504156,0.7610223403747628,0.6868430999112152,up,up,up,up,-0.0225183671988795,0.0057526431824701,0.0,3.362802979775151e-05,7.109
4.109999999999999,0.4596228525489146,0.0659452172197795,0.7684627896696623,0.6990789809515706,up,up,up,up,-0.0225183671988795,0.0057526431824701,0.0,3.362802979775151e-05,7.125
4.125,0.4602874244776594,0.06682316244853409,0.7754484063950985,0.7106583149220561,up,up,up,up,-0.0225183671988795,0.0057526431824701,0.0,3.362802979775151e-05,7.14
4.157,0.46197293487292873,0.0751905670510456,0.7903886567265469,0.7357117079320025,up,up,up,up,-0.0225183671988795,0.0057526431824701,0.0,3.362802979775151e-05,7.172
4.172000000000001,0.4635616536854155,0.1284329546979947,0.7974164557884718,0.7476202462758655,up,up,up,up,-0.0225183671988795,0.0057526431824701,0.0,3.362802979775151e-05,7.187
4.188000000000001,0.4649555909316163,0.1096394450864325,0.8049366360363276,0.7604390710104639,up,up,up,up,-0.0225183671988795,0.0057526431824701,0.0,3.362802979775151e-05,7.203
4.204000000000001,0.4658818693092855,0.0804107658031995,0.8124753780091744,0.7733783671228279,up,up,up,up,-0.0225183671988795,0.0057526431824701,0.0,3.362802979775151e-05,7.219
4.218999999999999,0.4668237165605725,0.0853081839513466,0.8195569595509352,0.7856186096545285,up,up,up,up,-0.0225183671988795,0.0057526431824701,0.0,3.362802979775151e-05,7.234
4.25,0.466323711538788,0.0,0.8341990766251317,0.8112518282152572,up,up,up,up,-0.0225183671988795,0.0057526431824701,0.0,3.362802979775151e-05,7.265
4.266,0.4667417737998978,0.048647258518245196,0.8417556427987607,0.8246594659706483,up,up,up,up,-0.0225183671988795,0.0057526431824701,0.0,3.362802979775151e-05,7.281
4.282,0.4672582912692551,0.0548007090337122,0.8493196856102334,0.8381880685979203,up,up,up,up,-0.0225183671988795,0.0057526431824701,0.0,3.362802979775151e-05,7.297
4.297000000000001,0.4677560671751682,0.0557034275930812,0.8564185829463039,0.8509811056120948,up,up,up,up,-0.0225183671988795,0.0057526431824701,0.0,3.362802979775151e-05,7.312
4.313000000000001,0.4687925295330704,0.0872972645677684,0.8640030140108893,0.8647444783877524,up,up,up,up,-0.0225183671988795,0.0057526431824701,0.0,3.362802979775151e-05,7.328
4.329000000000001,0.4690322013320838,0.0374978546372174,0.87159765414873,0.8786292837330293,up,up,up,up,-0.0225183671988795,0.0057526431824701,0.0,3.362802979775151e-05,7.344
4.343999999999999,0.4691916853955114,0.0331506380940519,0.8787206229469239,0.8917566708112464,up,up,up,up,-0.0225183671988795,0.0057526431824701,0.0,3.362802979775151e-05,7.359
4.359999999999999,0.4688793547274149,0.0,0.8863172335588269,0.9058769736632925,up,up,up,up,-0.0225183671988795,0.0057526431824701,0.0,3.362802979775151e-05,7.375
4.375,0.4705405562705796,0.1332651367431976,0.8934491725390488,0.9192252217090262,up,up,up,up,-0.0225183671988795,0.0057526431824701,0.0,3.362802979775151e-05,7.39
4.391,0.4721034595985092,0.12019982519448141,0.901082366956921,0.933581474024994,up,up,up,up,-0.0225183671988795,0.0057526431824701,0.0,3.362802979775151e-05,7.406
4.407,0.4711317469422039,0.0382136738202052,0.9087202909001664,0.9480598952878506,up,up,up,up,-0.0225183671988795,0.0057526431824701,0.0,3.362802979775151e-05,7.422
4.422000000000001,0.4716535655675571,0.0573062755557632,0.9158774703917268,0.9617443784975405,up,up,up,up,-0.0225183671988795,0.0057526431824701,0.0,3.362802979775151e-05,7.437
4.438000000000001,0.4718772729463599,0.036500078374050005,0.9235177593907578,0.9764595403358004,up,up,up,up,-0.0225183671988795,0.0057526431824701,0.0,3.362802979775151e-05,7.453
4.454000000000001,0.4720435711740141,0.0329120064272693,0.9311611684346404,0.9912969717584036,up,up,up,up,-0.0225183671988795,0.0057526431824701,0.0,3.362802979775151e-05,7.469
4.468999999999999,0.4733052046476729,0.10662726544280249,0.9383375739010398,1.0053182123259212,up,up,up,up,-0.0225183671988795,0.0057526431824701,0.0,3.362802979775151e-05,7.484
4.484999999999999,0.4724224341890864,0.0326547864627788,0.9459954373026532,1.0203928764155505,up,up,up,up,-0.0225183671988795,0.0057526431824701,0.0,3.362802979775151e-05,7.5
4.516,0.4716075879456821,0.0,0.9608062345843988,1.0499483023297995,up,up,up,up,-0.0225183671988795,0.0057526431824701,0.0,3.362802979775151e-05,7.531
4.532,0.4711410499762519,0.0,0.9684402659786936,1.0653822743343044,up,up,up,up,-0.0225183671988795,0.0057526431824701,0.0,3.362802979775151e-05,7.547
4.547000000000001,0.4706598829045508,0.0,0.975590062623037,1.0799625017988177,up,up,up,up,-0.0225183671988795,0.0057526431824701,0.0,3.362802979775151e-05,7.562
4.563000000000001,0.4715891911885493,0.0806001349487862,0.9832200975067014,1.0956329830798557,up,up,up,up,-0.0225183671988795,0.0057526431824701,0.0,3.362802979775151e-05,7.578
4.579000000000001,0.472141898219741,0.0570625566483608,0.9908619885128872,1.1114256397680122,up,up,up,up,-0.0225183671988795,0.0057526431824701,0.0,3.362802979775151e-05,7.594
4.593999999999999,0.473044573264767,0.08269670353395131,0.998037176696758,1.1263423835070845,up,up,up,up,-0.0225183671988795,0.0057526431824701,0.0,3.362802979775151e-05,7.609
4.609999999999999,0.4739486818117982,0.07902515138832669,1.00570516502829,1.1423723222408848,up,up,up,up,-0.0225183671988795,0.0057526431824701,0.0,3.362802979775151e-05,7.625
4.625,0.475042821638775,0.09546102233066861,1.0129088909519062,1.157511927660736,up,up,up,up,-0.0225183671988795,0.0057526431824701,0.0,3.362802979775151e-05,7.64
4.641,0.4742725873705549,0.025621274564876298,1.0205954565149002,1.1737799624404703,up,up,up,up,-0.0225183671988795,0.0057526431824701,0.0,3.362802979775151e-05,7.656
4.657,0.4735318866937508,0.023775425101376396,1.0282699345983342,1.1901708855693762,up,up,up,up,-0.0225183671988795,0.0057526431824701,0.0,3.362802979775151e-05,7.672
4.672000000000001,0.474807436713574,0.1075550351870867,1.0354687691716264,1.2056489258476515,up,up,up,up,-0.0225183671988795,0.0057526431824701,0.0,3.362802979775151e-05,7.687
4.688000000000001,0.4767012808100422,0.1408836232281419,1.043172881202735,1.2222780590506463,up,up,up,up,-0.0225183671988795,0.0057526431824701,0.0,3.362802979775151e-05,7.703
4.704000000000001,0.4785565734910016,0.1384741597588424,1.050906986328063,1.2390306979908927,up,up,up,up,-0.0225183671988795,0.0057526431824701,0.0,3.362802979775151e-05,7.719
4.718999999999999,0.4797300453722518,0.1007498259488922,1.0581804256172742,1.2548488535804825,up,up,up,up,-0.0225183671988795,0.0057526431824701,0.0,3.362802979775151e-05,7.734
4.75,0.480760170375282,0.0557482060063067,1.0732463559000174,1.2878859686939998,up,up,up,up,-0.0225183671988795,0.0057526431824701,0.0,3.362802979775151e-05,7.765
4.766,0.4808488861727991,0.0280631045436998,1.0810312706433216,1.3051201897063467,up,up,up,up,-0.0225183671988795,0.0057526431824701,0.0,3.362802979775151e-05,7.781
4.782,0.4809045583305789,0.0259978770601167,1.088817340490268,1.3224789785954154,up,up,up,up,-0.0225183671988795,0.0057526431824701,0.0,3.362802979775151e-05,7.797
4.797000000000001,0.4803214950151347,0.0163525204974004,1.0961128255380983,1.3388659548406288,up,up,up,up,-0.0225183671988795,0.0057526431824701,0.0,3.362802979775151e-05,7.812
4.813000000000001,0.481689707266872,0.1080316329324627,1.1039009574472738,1.3564660651045117,up,up,up,up,-0.0225183671988795,0.0057526431824701,0.0,3.362802979775151e-05,7.828
4.829000000000001,0.4830376593203632,0.10676537054207569,1.1117108186708913,1.3741909593134571,up,up,up,up,-0.0225183671988795,0.0057526431824701,0.0,3.362802979775151e-05,7.844
4.843999999999999,0.4841385077746274,0.095908264149833,1.1190509295718405,1.3909216724252773,up,up,up,up,-0.0225183671988795,0.0057526431824701,0.0,3.362802979775151e-05,7.859
4.859999999999999,0.4840654915412994,0.017954852615879202,1.1268886038572874,1.4088891886927104,up,up,up,up,-0.0225183671988795,0.0057526431824701,0.0,3.362802979775151e-05,7.875
4.891,0.4846386986358003,0.041008918634389796,1.142081850743689,1.4440582307390253,up,up,up,up,-0.0225183671988795,0.0057526431824701,0.0,3.362802979775151e-05,7.906
4.907,0.4847333865678163,0.028436362949883002,1.149928869716237,1.4623943165027047,up,up,up,up,-0.0225183671988795,0.0057526431824701,0.0,3.362802979775151e-05,7.922
4.922000000000001,0.4839074327127335,0.0325452231399699,1.1572799655085788,1.4796983827668915,up,up,up,up,-0.0225183671988795,0.0057526431824701,0.0,3.362802979775151e-05,7.937
4.938000000000001,0.4852702417480544,0.10769393190643081,1.1651254291951847,1.4982776259245216,up,up,up,up,-0.0225183671988795,0.0057526431824701,0.0,3.362802979775151e-05,7.953
4.954000000000001,0.4867166521881483,0.11291901970475249,1.1729933666375938,1.516982576291184,up,up,up,up,-0.0225183671988795,0.0057526431824701,0.0,3.362802979775151e-05,7.969
4.968999999999999,0.4881312011725694,0.1168216328269521,1.180391015185536,1.534632959154857,up,up,up,up,-0.0225183671988795,0.0057526431824701,0.0,3.362802979775151e-05,7.984
5.0,0.4883664596473097,0.0301073502550168,1.195705060866901,1.5714624483336705,up,up,up,up,-0.0225183671988795,0.0057526431824701,0.0,3.362802979775151e-05,8.015
5.016,0.4891434450076471,0.0710799522199691,1.2036171823950603,1.5906570262797664,up,up,up,up,-0.0225183671988795,0.0057526431824701,0.0,3.362802979775151e-05,8.031
5.032,0.4898927737025751,0.0693514106318827,1.2115415144356616,1.6099782958544124,up,up,up,up,-0.0225183671988795,0.0057526431824701,0.0,3.362802979775151e-05,8.047
5.046999999999999,0.4884044292522187,0.0767045961582214,1.218965033105559,1.62820709496097,up,up,up,up,-0.0225183671988795,0.0057526431824701,0.0,3.362802979775151e-05,8.062
5.062999999999999,0.4884543179702643,0.025636412076727302,1.2268719453742585,1.6477737907888088,up,up,up,up,-0.0225183671988795,0.0057526431824701,0.0,3.362802979775151e-05,8.078
5.078999999999999,0.4865971855434097,0.0935524094795323,1.234764399693287,1.667466881549349,up,up,up,up,-0.0225183671988795,0.0057526431824701,0.0,3.362802979775151e-05,8.094
5.093999999999999,0.4847865862882302,0.0981882498130871,1.242136067629762,1.6860436350542722,up,up,up,up,-0.0225183671988795,0.0057526431824701,0.0,3.362802979775151e-05,8.109
5.109999999999999,0.4845892127899934,0.0101825235590804,1.2499831163133073,1.705980588525817,up,up,up,up,-0.0225183671988795,0.0057526431824701,0.0,3.362802979775151e-05,8.125
5.125,0.4834481866561103,0.053550041726658705,1.2573296864568904,1.7247854345465943,up,up,up,up,-0.0225183671988795,0.0057526431824701,0.0,3.362802979775151e-05,8.14
5.141,0.482332472343753,0.047213777323447996,1.2651479740198088,1.7449652558304078,up,up,up,up,-0.0225183671988795,0.0057526431824701,0.0,3.362802979775151e-05,8.156
5.157,0.4834241108875297,0.09074577618492291,1.2729660689765787,1.7652701681743792,up,up,up,up,-0.0225183671988795,0.0057526431824701,0.0,3.362802979775151e-05,8.172
5.171999999999999,0.483183585808547,0.0,1.2803019163495355,1.7844196780643233,up,up,up,up,-0.0225183671988795,0.0057526431824701,0.0,3.362802979775151e-05,8.187
5.187999999999999,0.4829207376468201,0.0,1.288122793228098,1.8049670757409444,up,up,up,up,-0.0225183671988795,0.0057526431824701,0.0,3.362802979775151e-05,8.203
5.218999999999999,0.4825606129912945,0.0109014428270864,1.3032660861016456,1.8451336033705559,up,up,up,up,-0.0225183671988795,0.0057526431824701,0.0,3.362802979775151e-05,8.234
5.234999999999999,0.4813612856723477,0.05243959023529449,1.3110695035818742,1.8660482880880243,up,up,up,up,-0.0225183671988795,0.0057526431824701,0.0,3.362802979775151e-05,8.25
5.25,0.4807022992161159,0.021414063216575997,1.318371270116275,1.8857690938907612,up,up,up,up,-0.0225183671988795,0.0057526431824701,0.0,3.362802979775151e-05,8.265
5.266,0.4800575356726373,0.017779354268528696,1.3261493910863047,1.906925259180382,up,up,up,up,-0.0225183671988795,0.0057526431824701,0.0,3.362802979775151e-05,8.281
5.282,0.4795946426077738,0.0,1.3339186508034675,1.9282058035154999,up,up,up,up,-0.0225183671988795,0.0057526431824701,0.0,3.362802979775151e-05,8.297
5.296999999999999,0.4787439189649003,0.0341965423260196,1.341192479662999,1.948269136993997,up,up,up,up,-0.0225183671988795,0.0057526431824701,0.0,3.362802979775151e-05,8.312
5.312999999999999,0.4797212827381064,0.0836036030242549,1.3489522435675427,1.9697902947798414,up,up,up,up,-0.0225183671988795,0.0057526431824701,0.0,3.362802979775151e-05,8.328
5.328999999999999,0.4791784590278052,0.011408114694940498,1.3567154837925897,1.9914356365987222,up,up,up,up,-0.0225183671988795,0.0057526431824701,0.0,3.362802979775151e-05,8.344
5.343999999999999,0.4786963857857583,0.0,1.3639858347764289,2.011840896487991,up,up,up,up,-0.0225183671988795,0.0057526431824701,0.0,3.362802979775151e-05,8.359
5.359999999999999,0.4778077809727943,0.0330194336113662,1.371729910401417,2.0337266224494135,up,up,up,up,-0.0225183671988795,0.0057526431824701,0.0,3.362802979775151e-05,8.375
5.375,0.4778162745063259,0.0230846027676532,1.3789833804652474,2.0543569721309143,up,up,up,up,-0.0225183671988795,0.0057526431824701,0.0,3.362802979775151e-05,8.39
5.391,0.47880331882903,0.0842086373678808,1.3867283795028498,2.076482666210659,up,up,up,up,-0.0225183671988795,0.0057526431824701,0.0,3.362802979775151e-05,8.406
5.407,0.4797769326561472,0.0833692313937074,1.3944890638056506,2.098732405757127,up,up,up,up,-0.0225183671988795,0.0057526431824701,0.0,3.362802979775151e-05,8.422
5.421999999999999,0.4814749205863134,0.1357175625433005,1.4017847423527054,2.119704459303313,up,up,up,up,-0.0225183671988795,0.0057526431824701,0.0,3.362802979775151e-05,8.437
5.437999999999999,0.4834162960167064,0.1438543315984397,1.4095959143764492,2.1421955045571464,up,up,up,up,-0.0225183671988795,0.0057526431824701,0.0,3.362802979775151e-05,8.453
5.453999999999999,0.4853308690291556,0.1421791804769568,1.4174379339877357,2.16481177534406,up,up,up,up,-0.0225183671988795,0.0057526431824701,0.0,3.362802979775151e-05,8.469
5.468999999999999,0.4855231743493711,0.0353387218799139,1.424805628960812,2.1861286020661748,up,up,up,up,-0.0225183671988795,0.0057526431824701,0.0,3.362802979775151e-05,8.484
5.5,0.4855616947932511,0.023760962162749602,1.4400357763711795,2.2305336438488212,up,up,up,up,-0.0225183671988795,0.0057526431824701,0.0,3.362802979775151e-05,8.515
5.516,0.485602013334475,0.025038276025372102,1.447897128327121,2.2536371070864076,up,up,up,up,-0.0225183671988795,0.0057526431824701,0.0,3.362802979775151e-05,8.531
5.532,0.4863045189602034,0.066424968806903,1.455764422876398,2.2768663994960354,up,up,up,up,-0.0225183671988795,0.0057526431824701,0.0,3.362802979775151e-05,8.547
5.546999999999999,0.4854587233673975,0.0338680056548478,1.4631389368415917,2.298758174693919,up,up,up,up,-0.0225183671988795,0.0057526431824701,0.0,3.362802979775151e-05,8.562
5.562999999999999,0.48612609178299243,0.0642288931735603,1.4710036576537142,2.322231315449882,up,up,up,up,-0.0225183671988795,0.0057526431824701,0.0,3.362802979775151e-05,8.578
5.578999999999999,0.4867607725105323,0.0621859126701242,1.478878794858982,2.3458303750699834,up,up,up,up,-0.0225183671988795,0.0057526431824701,0.0,3.362802979775151e-05,8.594
5.593999999999999,0.4864765982383333,0.0,1.4862643647873357,2.3680689487673314,up,up,up,up,-0.0225183671988795,0.0057526431824701,0.0,3.362802979775151e-05,8.609
5.609999999999999,0.4846701811673207,0.09038269973940721,1.4941255813135004,2.391912068336138,up,up,up,up,-0.0225183671988795,0.0057526431824701,0.0,3.362802979775151e-05,8.625
5.625,0.4855881785331811,0.0837181915895706,1.5014888086589917,2.414379176260933,up,up,up,up,-0.0225183671988795,0.0057526431824701,0.0,3.362802979775151e-05,8.64
5.657,0.4861587466266908,0.0403486201210591,1.5172208440433883,2.4626785307041708,up,up,up,up,-0.0225183671988795,0.0057526431824701,0.0,3.362802979775151e-05,8.672
5.671999999999999,0.4866916435491877,0.058044828698676804,1.524603511617444,2.485492213371625,up,up,up,up,-0.0225183671988795,0.0057526431824701,0.0,3.362802979775151e-05,8.687
5.687999999999999,0.4867037900994333,0.0232775265892305,1.5324827173775526,2.509948903203585,up,up,up,up,-0.0225183671988795,0.0057526431824701,0.0,3.362802979775151e-05,8.703
5.703999999999999,0.4856863034398949,0.04107454902227609,1.540353880416787,2.5345315959859396,up,up,up,up,-0.0225183671988795,0.0057526431824701,0.0,3.362802979775151e-05,8.719
5.734999999999999,0.4846979074155016,0.0,1.555573167623702,2.582518465230568,up,up,up,up,-0.0225183671988795,0.0057526431824701,0.0,3.362802979775151e-05,8.75
5.75,0.4858782701254896,0.10120921453140999,1.562938778602997,2.6059073048272694,up,up,up,up,-0.0225183671988795,0.0057526431824701,0.0,3.362802979775151e-05,8.765
5.766,0.4841247441690602,0.08707700507795871,1.5707908450082728,2.6309771418161594,up,up,up,up,-0.0225183671988795,0.0057526431824701,0.0,3.362802979775151e-05,8.781
5.782,0.4824227673219337,0.08385518574652501,1.5786152673911202,2.6561723907153545,up,up,up,up,-0.0225183671988795,0.0057526431824701,0.0,3.362802979775151e-05,8.797
5.796999999999999,0.4833166932592423,0.0821134296861267,1.5859446029932156,2.679906589743235,up,up,up,up,-0.0225183671988795,0.0057526431824701,0.0,3.362802979775151e-05,8.812
5.812999999999999,0.4829815369606241,0.0,1.593767031125894,2.705344282816188,up,up,up,up,-0.0225183671988795,0.0057526431824701,0.0,3.362802979775151e-05,8.828
5.828999999999999,0.482650306344695,0.0,1.601584128163256,2.730907092090501,up,up,up,up,-0.0225183671988795,0.0057526431824701,0.0,3.362802979775151e-05,8.844
5.843999999999999,0.4816963782274577,0.0410768406169359,1.6089030179452846,2.7549857456863163,up,up,up,up,-0.0225183671988795,0.0057526431824701,0.0,3.362802979775151e-05,8.859
5.859999999999999,0.4823697353932684,0.06460319006204371,1.61670758914517,2.78079063054304,up,up,up,up,-0.0225183671988795,0.0057526431824701,0.0,3.362802979775151e-05,8.875
5.875,0.4826282403875997,0.0397520334876343,1.6240313636112638,2.8050961726887143,up,up,up,up,-0.0225183671988795,0.0057526431824701,0.0,3.362802979775151e-05,8.89
5.891,0.4828553031465291,0.0367097896319647,1.6318472742504564,2.8311432017916074,up,up,up,up,-0.0225183671988795,0.0057526431824701,0.0,3.362802979775151e-05,8.906
5.907,0.4830306655922101,0.0334785200539457,1.639666404291286,2.857315311219942,up,up,up,up,-0.0225183671988795,0.0057526431824701,0.0,3.362802979775151e-05,8.922
5.937999999999999,0.4833090313872983,0.0314979089759192,1.6548230015331242,2.908379897010218,up,up,up,up,-0.0225183671988795,0.0057526431824701,0.0,3.362802979775151e-05,8.953
5.953999999999999,0.4835666696559162,0.038620758987498796,1.6626500494323897,2.9349196814179423,up,up,up,up,-0.0225183671988795,0.0057526431824701,0.0,3.362802979775151e-05,8.969
5.968999999999999,0.4837031886851673,0.0316196358156156,1.669990863017685,2.959914488261319,up,up,up,up,-0.0225183671988795,0.0057526431824701,0.0,3.362802979775151e-05,8.984
5.984999999999999,0.4840162512697042,0.042084778732435296,1.6778246608282434,2.9866970124520864,up,up,up,up,-0.0225183671988795,0.0057526431824701,0.0,3.362802979775151e-05,9.0
6.0,0.4842901966055156,0.040781389586303896,1.6851732488350448,3.011919496774562,up,up,up,up,-0.0225183671988795,0.0057526431824701,0.0,3.362802979775151e-05,9.015
6.016,0.4848635581656158,0.0583534647051443,1.693018521164133,3.0389450309345554,up,up,up,up,-0.0225183671988795,0.0057526431824701,0.0,3.362802979775151e-05,9.031
6.032,0.4856969485097729,0.074605263708697,1.700875047508456,3.0660961794839365,up,up,up,up,-0.0225183671988795,0.0057526431824701,0.0,3.362802979775151e-05,9.047
6.046999999999999,0.4848515544624199,0.0338412359579886,1.708240450928484,3.0916645457222116,up,up,up,up,-0.0225183671988795,0.0057526431824701,0.0,3.362802979775151e-05,9.062
6.062999999999999,0.4866603703667192,0.1355693612175835,1.7161045886180366,3.1190593060385834,up,up,up,up,-0.0225183671988795,0.0057526431824701,0.0,3.362802979775151e-05,9.078
6.078999999999999,0.4872266109724546,0.057908405057342,1.7239877267596695,3.146580044561606,up,up,up,up,-0.0225183671988795,0.0057526431824701,0.0,3.362802979775151e-05,9.094
6.109999999999999,0.4854540505666378,0.0346610007306919,1.7392426089521822,3.20026011476514,up,up,up,up,-0.0225183671988795,0.0057526431824701,0.0,3.362802979775151e-05,9.125
6.125,0.4866043534315967,0.0992052248628015,1.7466193366299063,3.226404079357007,up,up,up,up,-0.0225183671988795,0.0057526431824701,0.0,3.362802979775151e-05,9.14
6.141,0.4859319807414569,0.019504925934862097,1.7544916695942103,3.2544129674067994,up,up,up,up,-0.0225183671988795,0.0057526431824701,0.0,3.362802979775151e-05,9.156
6.157,0.4852626131742408,0.0193171057521222,1.7623532686364554,3.2825477269126453,up,up,up,up,-0.0225183671988795,0.0057526431824701,0.0,3.362802979775151e-05,9.172
6.171999999999999,0.4842867526844934,0.042538998784286,1.7697111785281323,3.3090382102663773,up,up,up,up,-0.0225183671988795,0.0057526431824701,0.0,3.362802979775151e-05,9.187
6.187999999999999,0.4837633189873607,0.010196238871914301,1.7775476213924266,3.3374162806657424,up,up,up,up,-0.0225183671988795,0.0057526431824701,0.0,3.362802979775151e-05,9.203
6.218999999999999,0.483265869758414,0.0,1.792714905756643,3.392755349836554,up,up,up,up,-0.0225183671988795,0.0057526431824701,0.0,3.362802979775151e-05,9.234
6.234999999999999,0.4827596766122309,0.0,1.8005351524185276,3.421501350301955,up,up,up,up,-0.0225183671988795,0.0057526431824701,0.0,3.362802979775151e-05,9.25
6.25,0.4818303388521877,0.0394374834706664,1.807855867182248,3.448564282948962,up,up,up,up,-0.0225183671988795,0.0057526431824701,0.0,3.362802979775151e-05,9.265
6.266,0.4809366742493122,0.0333356704808349,1.81565004557798,3.4775523302510436,up,up,up,up,-0.0225183671988795,0.0057526431824701,0.0,3.362802979775151e-05,9.281
6.282,0.4813363709550256,0.0474994113059658,1.8234402722305336,3.5066650527935117,up,up,up,up,-0.0225183671988795,0.0057526431824701,0.0,3.362802979775151e-05,9.297
6.296999999999999,0.4816557293166977,0.043808924643686,1.830749002630308,3.5340714723549658,up,up,up,up,-0.0225183671988795,0.0057526431824701,0.0,3.362802979775151e-05,9.312
6.312999999999999,0.4830671320883493,0.11073104042710671,1.838558827812468,3.563425934998508,up,up,up,up,-0.0225183671988795,0.0057526431824701,0.0,3.362802979775151e-05,9.328
6.328999999999999,0.4844497637093888,0.10893284351384591,1.8463910052697692,3.592905533663166,up,up,up,up,-0.0225183671988795,0.0057526431824701,0.0,3.362802979775151e-05,9.344
6.343999999999999,0.4844998471428053,0.0258572627599796,1.853744416998898,3.6206565493301825,up,up,up,up,-0.0225183671988795,0.0057526431824701,0.0,3.362802979775151e-05,9.359
6.359999999999999,0.4856613256074045,0.09511077123633199,1.8615977486718196,3.650379286655548,up,up,up,up,-0.0225183671988795,0.0057526431824701,0.0,3.362802979775151e-05,9.375
6.375,0.4867501560331356,0.09510706224761309,1.8689771244318607,3.6783585982038263,up,up,up,up,-0.0225183671988795,0.0057526431824701,0.0,3.362802979775151e-05,9.39
6.391,0.48614544190225223,0.015276265981330799,1.8768523315062635,3.7083252338513315,up,up,up,up,-0.0225183671988795,0.0057526431824701,0.0,3.362802979775151e-05,9.406
6.407,0.488209358254629,0.1515131392224289,1.8847392121984377,3.738417966200969,up,up,up,up,-0.0225183671988795,0.0057526431824701,0.0,3.362802979775151e-05,9.422
6.421999999999999,0.4902357338869923,0.1576100760231102,1.8921638400372365,3.766744739092734,up,up,up,up,-0.0225183671988795,0.0057526431824701,0.0,3.362802979775151e-05,9.437
6.453999999999999,0.4898925797706646,0.0117948010636395,1.908029977637598,3.8275478401755314,up,up,up,up,-0.0225183671988795,0.0057526431824701,0.0,3.362802979775151e-05,9.469
6.468999999999999,0.4884950710227561,0.07064888266168759,1.9154541746662856,3.8562239713178115,up,up,up,up,-0.0225183671988795,0.0057526431824701,0.0,3.362802979775151e-05,9.484
6.484999999999999,0.4871597157179118,0.0609413393538891,1.9233514552511308,3.88693441635715,up,up,up,up,-0.0225183671988795,0.0057526431824701,0.0,3.362802979775151e-05,9.5
6.5,0.4895876493018197,0.18438060612606771,1.930763350136516,3.915840277397559,up,up,up,up,-0.0225183671988795,0.0057526431824701,0.0,3.362802979775151e-05,9.515
6.532,0.4880989189199703,0.0240044572339135,1.946590419809904,3.9778779377167015,up,up,up,up,-0.0225183671988795,0.0057526431824701,0.0,3.362802979775151e-05,9.547
6.546999999999999,0.4881257050447321,0.024304108849667102,1.953998394137376,4.007132353821303,up,up,up,up,-0.0225183671988795,0.0057526431824701,0.0,3.362802979775151e-05,9.562
6.562999999999999,0.4885162259583211,0.0469259242981946,1.96190357187632,4.0384595695494125,up,up,up,up,-0.0225183671988795,0.0057526431824701,0.0,3.362802979775151e-05,9.578
6.578999999999999,0.4888841496853758,0.0455136001397939,1.9698148171723888,4.069913316661802,up,up,up,up,-0.0225183671988795,0.0057526431824701,0.0,3.362802979775151e-05,9.594
6.593999999999999,0.4877858891837548,0.050698999575849994,1.9772261321116449,4.0995161237814335,up,up,up,up,-0.0225183671988795,0.0057526431824701,0.0,3.362802979775151e-05,9.609
6.609999999999999,0.4872799456623405,0.0,1.9851187010813305,4.131214882446978,up,up,up,up,-0.0225183671988795,0.0057526431824701,0.0,3.362802979775151e-05,9.625
6.625,0.4865543126234347,0.0258571687281737,1.992508747666208,4.161047088312586,up,up,up,up,-0.0225183671988795,0.0057526431824701,0.0,3.362802979775151e-05,9.64
6.641,0.4858529039276274,0.0213196762890741,2.0003800476895326,4.192990198675432,up,up,up,up,-0.0225183671988795,0.0057526431824701,0.0,3.362802979775151e-05,9.656
6.657,0.485292121346788,0.012530544103580302,2.0082412501826474,4.225059169058409,up,up,up,up,-0.0225183671988795,0.0057526431824701,0.0,3.362802979775151e-05,9.672
6.671999999999999,0.4857140779954925,0.0506488104458471,2.015610086325451,4.255238054082217,up,up,up,up,-0.0225183671988795,0.0057526431824701,0.0,3.362802979775151e-05,9.687
6.687999999999999,0.4861681363407531,0.0508970137776655,2.023477186331061,4.28755075226347,up,up,up,up,-0.0225183671988795,0.0057526431824701,0.0,3.362802979775151e-05,9.703
6.718999999999999,0.486118733546844,0.0209247286856834,2.038725964752975,4.3505149011052735,up,up,up,up,-0.0225183671988795,0.0057526431824701,0.0,3.362802979775151e-05,9.734
6.734999999999999,0.4860669572286867,0.019282347314046,2.046595492570099,4.383197472763858,up,up,up,up,-0.0225183671988795,0.0057526431824701,0.0,3.362802979775151e-05,9.75
6.75,0.4860285468655015,0.0199576763198668,2.053972498498543,4.413951732696875,up,up,up,up,-0.0225183671988795,0.0057526431824701,0.0,3.362802979775151e-05,9.765
6.766,0.4842453201244279,0.08893330411821801,2.0618267317253816,4.4468781265386665,up,up,up,up,-0.0225183671988795,0.0057526431824701,0.0,3.362802979775151e-05,9.781
6.782,0.4840377706093833,0.0,2.069665038742172,4.479930060702407,up,up,up,up,-0.0225183671988795,0.0057526431824701,0.0,3.362802979775151e-05,9.797
6.796999999999999,0.482998038084773,0.046797134441813694,2.0770040969551142,4.511030079220134,up,up,up,up,-0.0225183671988795,0.0057526431824701,0.0,3.362802979775151e-05,9.812
6.812999999999999,0.4819653233619708,0.042026302976257694,2.084815846137608,4.544324638764876,up,up,up,up,-0.0225183671988795,0.0057526431824701,0.0,3.362802979775151e-05,9.828
6.828999999999999,0.4805694000262122,0.0647268412860299,2.0926081662156326,4.577744030863702,up,up,up,up,-0.0225183671988795,0.0057526431824701,0.0,3.362802979775151e-05,9.844
6.843999999999999,0.48147054388358873,0.0825946243573103,2.099909755442693,4.609187915276141,up,up,up,up,-0.0225183671988795,0.0057526431824701,0.0,3.362802979775151e-05,9.859
6.859999999999999,0.4804394511178902,0.0419249306572742,2.107697077693625,4.6428487699412315,up,up,up,up,-0.0225183671988795,0.0057526431824701,0.0,3.362802979775151e-05,9.875
6.875,0.4801738825788427,0.0,2.114987967344088,4.6745189077790155,up,up,up,up,-0.0225183671988795,0.0057526431824701,0.0,3.362802979775151e-05,9.89
6.891,0.4799248224333894,0.0,2.122760799275105,4.708420897911969,up,up,up,up,-0.0225183671988795,0.0057526431824701,0.0,3.362802979775151e-05,9.906
6.907,0.4789268389594899,0.0398555999198433,2.130523654857168,4.7424471735450275,up,up,up,up,-0.0225183671988795,0.0057526431824701,0.0,3.362802979775151e-05,9.922
6.921999999999999,0.4755197251078478,0.20462255624394218,2.137768293735409,4.774459363159469,up,up,up,up,-0.0225183671988795,0.0057526431824701,0.0,3.362802979775151e-05,9.937
6.937999999999999,0.4737271330178654,0.08951863842501989,2.1454543108913344,4.808725143996483,up,up,up,up,-0.0225183671988795,0.0057526431824701,0.0,3.362802979775151e-05,9.953
6.953999999999999,0.4719712819477558,0.0872223246829748,2.153111940501979,4.84311367400763,up,up,up,up,-0.0225183671988795,0.0057526431824701,0.0,3.362802979775151e-05,9.969
6.984999999999999,0.4687867777370461,0.08020757508207671,2.16787202236575,4.910088925432081,up,up,up,up,-0.0225183671988795,0.0057526431824701,0.0,3.362802979775151e-05,10.0
7.0,0.4658564126072627,0.1728393081200062,2.1749681359410697,4.942660226619384,up,up,up,up,-0.0225183671988795,0.0057526431824701,0.0,3.362802979775151e-05,10.015
7.016,0.4629661158302874,0.1581251813620751,2.182490758459489,4.977519897774588,up,up,up,up,-0.0225183671988795,0.0057526431824701,0.0,3.362802979775151e-05,10.031
7.032,0.4600131065172306,0.1620447148671674,2.1899666345291893,5.012499556918497,up,up,up,up,-0.0225183671988795,0.0057526431824701,0.0,3.362802979775151e-05,10.047
7.046999999999999,0.4573869776473263,0.1525568907947559,2.19693342480816,5.045401307363525,up,up,up,up,-0.0225183671988795,0.0057526431824701,0.0,3.362802979775151e-05,10.062
7.062999999999999,0.4548054388082843,0.1388278102412451,2.204323006430724,5.080611358813436,up,up,up,up,-0.0225183671988795,0.0057526431824701,0.0,3.362802979775151e-05,10.078
7.078999999999999,0.4516907494819229,0.17214971569870688,2.211667018227965,5.115939279010705,up,up,up,up,-0.0225183671988795,0.0057526431824701,0.0,3.362802979775151e-05,10.094
7.093999999999999,0.449306196315245,0.1364518439129785,2.2185107849691814,5.149165612534685,up,up,up,up,-0.0225183671988795,0.0057526431824701,0.0,3.362802979775151e-05,10.109
7.109999999999999,0.4469172234053716,0.12679243966820708,2.225772614617866,5.184719879731382,up,up,up,up,-0.0225183671988795,0.0057526431824701,0.0,3.362802979775151e-05,10.125
7.125,0.4445855901103837,0.1329238524669724,2.232545175366972,5.218157263156269,up,up,up,up,-0.0225183671988795,0.0057526431824701,0.0,3.362802979775151e-05,10.14
7.141,0.4413446583826062,0.18003986578721448,2.239724659645835,5.253935421836371,up,up,up,up,-0.0225183671988795,0.0057526431824701,0.0,3.362802979775151e-05,10.156
7.157,0.4396825536587468,0.08136317804233381,2.2468649196330857,5.289828138470603,up,up,up,up,-0.0225183671988795,0.0057526431824701,0.0,3.362802979775151e-05,10.172
7.171999999999999,0.4380862863798516,0.08389945139414029,2.2535344755811115,5.323581133934707,up,up,up,up,-0.0225183671988795,0.0057526431824701,0.0,3.362802979775151e-05,10.187
7.203999999999999,0.4365691873938485,0.024890976113719196,2.26771304774333,5.395921094307898,up,up,up,up,-0.0225183671988795,0.0057526431824701,0.0,3.362802979775151e-05,10.219
7.218999999999999,0.4330119866419971,0.21462834959120458,2.274321196196336,5.429986351137447,up,up,up,up,-0.0225183671988795,0.0057526431824701,0.0,3.362802979775151e-05,10.234
7.234999999999999,0.4315071656168517,0.07153294687270631,2.2813293917053263,5.46643155584066,up,up,up,up,-0.0225183671988795,0.0057526431824701,0.0,3.362802979775151e-05,10.25
7.25,0.428642618534715,0.168451438276892,2.2878668047342003,5.500700527313957,up,up,up,up,-0.0225183671988795,0.0057526431824701,0.0,3.362802979775151e-05,10.265
7.266,0.4246448375326733,0.2273429454287286,2.294785146673659,5.53736174292522,up,up,up,up,-0.0225183671988795,0.0057526431824701,0.0,3.362802979775151e-05,10.281
7.296999999999999,0.4220159572161127,0.0622842236579176,2.308086720930921,5.608706256873088,up,up,up,up,-0.0225183671988795,0.0057526431824701,0.0,3.362802979775151e-05,10.312
7.312999999999999,0.4189371640674598,0.16990620459192599,2.3149063881921097,5.645690201746073,up,up,up,up,-0.0225183671988795,0.0057526431824701,0.0,3.362802979775151e-05,10.328
7.328999999999999,0.4159388827398303,0.16487421577796219,2.3216774388574875,5.682782872362469,up,up,up,up,-0.0225183671988795,0.0057526431824701,0.0,3.362802979775151e-05,10.344
7.343999999999999,0.412876979396005,0.1816085223894646,2.3279798474712434,5.717655302009936,up,up,up,up,-0.0225183671988795,0.0057526431824701,0.0,3.362802979775151e-05,10.359
7.359999999999999,0.4093556582331086,0.1975642054821443,2.334649750863196,5.754956338796611,up,up,up,up,-0.0225183671988795,0.0057526431824701,0.0,3.362802979775151e-05,10.375
7.375,0.4058798217982638,0.2092040617907675,2.340850306611169,5.790022589227671,up,up,up,up,-0.0225183671988795,0.0057526431824701,0.0,3.362802979775151e-05,10.39
7.391,0.4015107138979488,0.250550876570806,2.3474014731876576,5.827528603466061,up,up,up,up,-0.0225183671988795,0.0057526431824701,0.0,3.362802979775151e-05,10.406
7.407,0.3993385971094394,0.11323893208295599,2.353900309966636,5.865139017731296,up,up,up,up,-0.0225183671988795,0.0057526431824701,0.0,3.362802979775151e-05,10.422
7.421999999999999,0.39581569204037953,0.21234197073846908,2.3599502567829966,5.900492896981915,up,up,up,up,-0.0225183671988795,0.0057526431824701,0.0,3.362802979775151e-05,10.437
7.437999999999999,0.3923514423938279,0.1939972357105931,2.36634763614939,5.938303280125375,up,up,up,up,-0.0225183671988795,0.0057526431824701,0.0,3.362802979775151e-05,10.453
7.468999999999999,0.3879722283002458,0.1187466035618309,2.378620984983805,6.011850293752941,up,up,up,up,-0.0225183671988795,0.0057526431824701,0.0,3.362802979775151e-05,10.484
7.484999999999999,0.3847701414425746,0.1776120614055706,2.384894966232667,6.049958421362673,up,up,up,up,-0.0225183671988795,0.0057526431824701,0.0,3.362802979775151e-05,10.5
7.5,0.3816202219850453,0.18747626330306538,2.390729183606111,6.085775602486465,up,up,up,up,-0.0225183671988795,0.0057526431824701,0.0,3.362802979775151e-05,10.515
7.516,0.3762166988932538,0.315201826038088,2.396883921264057,6.124076507325427,up,up,up,up,-0.0225183671988795,0.0057526431824701,0.0,3.362802979775151e-05,10.531
7.532,0.3745596680735837,0.08104605903050591,2.402982174490711,6.162475436091465,up,up,up,up,-0.0225183671988795,0.0057526431824701,0.0,3.362802979775151e-05,10.547
7.546999999999999,0.3725691566256622,0.11018239599589819,2.408671930323692,6.19856284187757,up,up,up,up,-0.0225183671988795,0.0057526431824701,0.0,3.362802979775151e-05,10.562
7.578999999999999,0.3699021985339055,0.060824073168515895,2.420735556588084,6.275833361668159,up,up,up,up,-0.0225183671988795,0.0057526431824701,0.0,3.362802979775151e-05,10.594
7.593999999999999,0.366824881114912,0.1826361274006814,2.4263472993331874,6.31218648308757,up,up,up,up,-0.0225183671988795,0.0057526431824701,0.0,3.362802979775151e-05,10.609
7.609999999999999,0.3638610923858181,0.1627184283694868,2.432284829412113,6.351055540117532,up,up,up,up,-0.0225183671988795,0.0057526431824701,0.0,3.362802979775151e-05,10.625
7.625,0.3609498656216008,0.1715634170822657,2.437807201244906,6.387581230347461,up,up,up,up,-0.0225183671988795,0.0057526431824701,0.0,3.362802979775151e-05,10.64
7.641,0.3571150019589169,0.2171606117188658,2.4436437624764697,6.426632838057232,up,up,up,up,-0.0225183671988795,0.0057526431824701,0.0,3.362802979775151e-05,10.656
7.657,0.3531922440440703,0.22265400247903538,2.449418262735413,6.465777334258927,up,up,up,up,-0.0225183671988795,0.0057526431824701,0.0,3.362802979775151e-05,10.672
7.671999999999999,0.3498023417226311,0.2034751208970859,2.4547770117764,6.502558798817763,up,up,up,up,-0.0225183671988795,0.0057526431824701,0.0,3.362802979775151e-05,10.687
7.687999999999999,0.3465216264515476,0.18252633724383419,2.4604396458127127,6.541880532078475,up,up,up,up,-0.0225183671988795,0.0057526431824701,0.0,3.362802979775151e-05,10.703
7.718999999999999,0.3422414563883916,0.11555163483841019,2.4712938055353884,6.618322400574373,up,up,up,up,-0.0225183671988795,0.0057526431824701,0.0,3.362802979775151e-05,10.734
7.734999999999999,0.3381143766724488,0.23542411504754068,2.4768286944907945,6.657907380574582,up,up,up,up,-0.0225183671988795,0.0057526431824701,0.0,3.362802979775151e-05,10.75
7.75,0.3325177910988249,0.3505873377093709,2.4819447253968163,6.695098181223741,up,up,up,up,-0.0225183671988795,0.0057526431824701,0.0,3.362802979775151e-05,10.765
7.766,0.3270457946221335,0.3194814125943319,2.4873132763735035,6.734852245237903,up,up,up,up,-0.0225183671988795,0.0057526431824701,0.0,3.362802979775151e-05,10.781
7.782,0.3211009660065045,0.34903342127792947,2.492590492749452,6.7746914753908865,up,up,up,up,-0.0225183671988795,0.0057526431824701,0.0,3.362802979775151e-05,10.797
7.796999999999999,0.3156679377874259,0.3396835140730597,2.497452549175643,6.812116798205322,up,up,up,up,-0.0225183671988795,0.0057526431824701,0.0,3.362802979775151e-05,10.812
7.812999999999999,0.3103709036776224,0.308546264663841,2.5025529021982837,6.852116841816313,up,up,up,up,-0.0225183671988795,0.0057526431824701,0.0,3.362802979775151e-05,10.828
7.828999999999999,0.3048040986950991,0.32540694420882427,2.5075663445081844,6.892197795789965,up,up,up,up,-0.0225183671988795,0.0057526431824701,0.0,3.362802979775151e-05,10.844
7.843999999999999,0.301138590749666,0.22184882916331639,2.5121972043267573,6.929846022406228,up,up,up,up,-0.0225183671988795,0.0057526431824701,0.0,3.362802979775151e-05,10.859
7.859999999999999,0.2975769386237826,0.20008489066883528,2.5170789708526646,6.970080231807664,up,up,up,up,-0.0225183671988795,0.0057526431824701,0.0,3.362802979775151e-05,10.875
7.875,0.2942331651493238,0.2003998644316987,2.5216038362787003,7.007870352861151,up,up,up,up,-0.0225183671988795,0.0057526431824701,0.0,3.362802979775151e-05,10.89
7.891,0.2898687636926312,0.25025672384440717,2.526368694000356,7.0482541331033834,up,up,up,up,-0.0225183671988795,0.0057526431824701,0.0,3.362802979775151e-05,10.906
7.907,0.2867833446553121,0.1703203226335622,2.531073953158059,7.088713674280651,up,up,up,up,-0.0225183671988795,0.0057526431824701,0.0,3.362802979775151e-05,10.922
7.937999999999999,0.2837787109833805,0.0744052996376274,2.540095996959115,7.167316808507464,up,up,up,up,-0.0225183671988795,0.0057526431824701,0.0,3.362802979775151e-05,10.953
7.953999999999999,0.2812430215440341,0.13596222276027378,2.544708213110254,7.207995242188019,up,up,up,up,-0.0225183671988795,0.0057526431824701,0.0,3.362802979775151e-05,10.969
7.968999999999999,0.27627899864894273,0.3084164924738644,2.5489759179094382,7.246197873170669,up,up,up,up,-0.0225183671988795,0.0057526431824701,0.0,3.362802979775151e-05,10.984
7.984999999999999,0.2714561022469724,0.2789126579242647,2.553449841007525,7.287017279242004,up,up,up,up,-0.0225183671988795,0.0057526431824701,0.0,3.362802979775151e-05,11.0
8.0,0.26668911770960163,0.295280601959161,2.5575722198049364,7.325349944698099,up,up,up,up,-0.0225183671988795,0.0057526431824701,0.0,3.362802979775151e-05,11.015
8.016,0.2642321247986264,0.13104368973707228,2.5619116320359216,7.366305815512827,up,up,up,up,-0.0225183671988795,0.0057526431824701,0.0,3.362802979775151e-05,11.031
8.032,0.260695246106236,0.19853655107551949,2.5662030932940803,7.407330733315467,up,up,up,up,-0.0225183671988795,0.0057526431824701,0.0,3.362802979775151e-05,11.047
8.062999999999999,0.2557257197512222,0.1377889345757653,2.574385950203527,7.487009863489677,up,up,up,up,-0.0225183671988795,0.0057526431824701,0.0,3.362802979775151e-05,11.078
8.078999999999999,0.2508826533752888,0.2801732812969544,2.5785308594794585,7.528233197967141,up,up,up,up,-0.0225183671988795,0.0057526431824701,0.0,3.362802979775151e-05,11.094
8.094,0.2438288980706496,0.4477319864437195,2.5823274857630403,7.5669396355564595,up,up,up,up,-0.0225183671988795,0.0057526431824701,0.0,3.362802979775151e-05,11.109
8.11,0.2372745637365661,0.3871275286813375,2.5862683557484174,7.608288402288552,up,up,up,up,-0.0225183671988795,0.0057526431824701,0.0,3.362802979775151e-05,11.125
8.125,0.2308812379103262,0.4037033545504283,2.5898658139085065,7.64710940856098,up,up,up,up,-0.0225183671988795,0.0057526431824701,0.0,3.362802979775151e-05,11.14
8.141,0.2253157485694022,0.32532471660887297,2.593607432091264,7.688577194528978,up,up,up,up,-0.0225183671988795,0.0057526431824701,0.0,3.362802979775151e-05,11.156
8.157,0.2206631482674162,0.26826915167524507,2.5972673055568776,7.730104192430163,up,up,up,up,-0.0225183671988795,0.0057526431824701,0.0,3.362802979775151e-05,11.172
8.171999999999999,0.2160942508018291,0.2820747971736174,2.6006292756976337,7.769088416789569,up,up,up,up,-0.0225183671988795,0.0057526431824701,0.0,3.362802979775151e-05,11.187
8.187999999999999,0.2131937456953974,0.1587632019531012,2.604155621960531,7.810726695970835,up,up,up,up,-0.0225183671988795,0.0057526431824701,0.0,3.362802979775151e-05,11.203
8.219,0.2076302960453269,0.1569477505453266,2.610856726546169,7.8915593873726895,up,up,up,up,-0.0225183671988795,0.0057526431824701,0.0,3.362802979775151e-05,11.234
8.235,0.2035546827636097,0.23220746290844768,2.61423824866756,7.9333601471744,up,up,up,up,-0.0225183671988795,0.0057526431824701,0.0,3.362802979775151e-05,11.25
8.25,0.1996184544520645,0.23989685357078822,2.617348336844415,7.972597046565742,up,up,up,up,-0.0225183671988795,0.0057526431824701,0.0,3.362802979775151e-05,11.265
8.266,0.19401050588033011,0.32797841853452087,2.6205894108179937,8.014500548547042,up,up,up,up,-0.0225183671988795,0.0057526431824701,0.0,3.362802979775151e-05,11.281
8.282,0.188791251153928,0.30368505320124867,2.623743867165188,8.056455214770908,up,up,up,up,-0.0225183671988795,0.0057526431824701,0.0,3.362802979775151e-05,11.297
8.296999999999999,0.1836207985716847,0.322178471617372,2.6266232471858664,8.095832968128539,up,up,up,up,-0.0225183671988795,0.0057526431824701,0.0,3.362802979775151e-05,11.312
8.312999999999999,0.1783793318667026,0.305073301862498,2.629611290520293,8.137882844430187,up,up,up,up,-0.0225183671988795,0.0057526431824701,0.0,3.362802979775151e-05,11.328
8.344,0.1732383213695066,0.14332068109776458,2.6352396960841107,8.219488034722557,up,up,up,up,-0.0225183671988795,0.0057526431824701,0.0,3.362802979775151e-05,11.359
8.36,0.1698602150905533,0.1886132752357013,2.6380765266667106,8.261674564504563,up,up,up,up,-0.0225183671988795,0.0057526431824701,0.0,3.362802979775151e-05,11.375
8.375,0.1657741103259145,0.24988861711036187,2.640680073755071,8.301265239007728,up,up,up,up,-0.0225183671988795,0.0057526431824701,0.0,3.362802979775151e-05,11.39
8.391,0.1600727027591109,0.3338196057263449,2.6433788905506708,8.343537710722174,up,up,up,up,-0.0225183671988795,0.0057526431824701,0.0,3.362802979775151e-05,11.406
8.407,0.1545418254134852,0.3231614669027289,2.6459878490669717,8.385852644639115,up,up,up,up,-0.0225183671988795,0.0057526431824701,0.0,3.362802979775151e-05,11.422
8.421999999999999,0.1488769869542193,0.3551375300855448,2.6483497798074658,8.42556017685567,up,up,up,up,-0.0225183671988795,0.0057526431824701,0.0,3.362802979775151e-05,11.437
8.437999999999999,0.1446261461540459,0.2431591828119546,2.650789847163252,8.467953293871437,up,up,up,up,-0.0225183671988795,0.0057526431824701,0.0,3.362802979775151e-05,11.453
8.453999999999999,0.14042967160626502,0.2397612920374288,2.653162335996253,8.510384911336713,up,up,up,up,-0.0225183671988795,0.0057526431824701,0.0,3.362802979775151e-05,11.469
8.469,0.1353629437360855,0.3152634908130728,2.6553170702590583,8.55019850688363,up,up,up,up,-0.0225183671988795,0.0057526431824701,0.0,3.362802979775151e-05,11.484
8.485,0.1305288053100746,0.2796152844268003,2.657536246542347,8.592701333418042,up,up,up,up,-0.0225183671988795,0.0057526431824701,0.0,3.362802979775151e-05,11.5
8.5,0.1258287255037995,0.29082028655277997,2.659545217671188,8.632579444399644,up,up,up,up,-0.0225183671988795,0.0057526431824701,0.0,3.362802979775151e-05,11.515
8.516,0.1229474871580312,0.15755902941164318,2.6616274696634026,8.67514882589832,up,up,up,up,-0.0225183671988795,0.0057526431824701,0.0,3.362802979775151e-05,11.531
8.532,0.1183570090813415,0.2643865125942242,2.6636499479242373,8.717751045239021,up,up,up,up,-0.0225183671988795,0.0057526431824701,0.0,3.362802979775151e-05,11.547
8.546999999999999,0.1139028759676606,0.2744238403798727,2.6654781867098416,8.757719506248774,up,up,up,up,-0.0225183671988795,0.0057526431824701,0.0,3.362802979775151e-05,11.562
8.562999999999999,0.1095719944393085,0.2481617283231226,2.667358027964017,8.800382195966165,up,up,up,up,-0.0225183671988795,0.0057526431824701,0.0,3.362802979775151e-05,11.578
8.594,0.10662782505202631,0.0724548388424818,2.670887457104789,8.883125000984734,up,up,up,up,-0.0225183671988795,0.0057526431824701,0.0,3.362802979775151e-05,11.609
8.61,0.1037930046366249,0.1546579087637075,2.672662866033218,8.925873403569838,up,up,up,up,-0.0225183671988795,0.0057526431824701,0.0,3.362802979775151e-05,11.625
8.625,0.10312705987362851,0.021877950334213296,2.674301056164782,8.965975632986325,up,up,up,up,-0.0225183671988795,0.0057526431824701,0.0,3.362802979775151e-05,11.64
8.641,0.10112329618795181,0.1027168631559125,2.6760271013041943,9.008778258246076,up,up,up,up,-0.0225183671988795,0.0057526431824701,0.0,3.362802979775151e-05,11.656
8.657,0.09916211055887911,0.1000557346181615,2.6777214268490885,9.051608246471302,up,up,up,up,-0.0225183671988795,0.0057526431824701,0.0,3.362802979775151e-05,11.672
8.687999999999999,0.0962669895532748,0.0708726329819078,2.6809289098394835,9.134667326689971,up,up,up,up,-0.0225183671988795,0.0057526431824701,0.0,3.362802979775151e-05,11.703
8.703999999999999,0.0950475388375764,0.053697302532270404,2.68255146835753,9.177575169715547,up,up,up,up,-0.0225183671988795,0.0057526431824701,0.0,3.362802979775151e-05,11.719
8.719,0.0918126392462195,0.1931416055582404,2.684039209340896,9.217824599798286,up,up,up,up,-0.0225183671988795,0.0057526431824701,0.0,3.362802979775151e-05,11.734
8.735,0.08867778912345871,0.1734097654736718,2.6855751750587724,9.260781514873488,up,up,up,up,-0.0225183671988795,0.0057526431824701,0.0,3.362802979775151e-05,11.75
8.75,0.08617788120035641,0.1441421610079331,2.6869728822339383,9.301075625303183,up,up,up,up,-0.0225183671988795,0.0057526431824701,0.0,3.362802979775151e-05,11.765
8.766,0.08454797321075701,0.0793508821510821,2.6884307313601465,9.344078854211935,up,up,up,up,-0.0225183671988795,0.0057526431824701,0.0,3.362802979775151e-05,11.781
8.782,0.0829872059479318,0.07502958672770041,2.689863055084336,9.387105204503492,up,up,up,up,-0.0225183671988795,0.0057526431824701,0.0,3.362802979775151e-05,11.797
8.796999999999999,0.0812846448142803,0.0909857083778906,2.6911813836127894,9.427463037793714,up,up,up,up,-0.0225183671988795,0.0057526431824701,0.0,3.362802979775151e-05,11.812
8.812999999999999,0.07796341941531891,0.18505822023620788,2.692547410417545,9.470532868145959,up,up,up,up,-0.0225183671988795,0.0057526431824701,0.0,3.362802979775151e-05,11.828
8.844,0.0740972112804066,0.10219802424990329,2.6950826821319858,9.554041134580476,up,up,up,up,-0.0225183671988795,0.0057526431824701,0.0,3.362802979775151e-05,11.859
8.86,0.06996201916363451,0.2359311400993731,2.6963271982664576,9.597172413623662,up,up,up,up,-0.0225183671988795,0.0057526431824701,0.0,3.362802979775151e-05,11.875
8.875,0.06587543429598601,0.2499206239776814,2.6974322688151418,9.63762560962678,up,up,up,up,-0.0225183671988795,0.0057526431824701,0.0,3.362802979775151e-05,11.89
8.891,0.06201400487290701,0.218820971743557,2.6985474266194123,9.680793447190254,up,up,up,up,-0.0225183671988795,0.0057526431824701,0.0,3.362802979775151e-05,11.906
8.907,0.0603626833516913,0.08068922787710289,2.6996184824161285,9.72397877446254,up,up,up,up,-0.0225183671988795,0.0057526431824701,0.0,3.362802979775151e-05,11.922
8.921999999999999,0.0587614032288233,0.0842336409923275,2.70059820271322,9.764480399601007,up,up,up,up,-0.0225183671988795,0.0057526431824701,0.0,3.362802979775151e-05,11.937
8.953999999999999,0.058124806483864006,0.0,2.702652466650461,9.850932410310822,up,up,up,up,-0.0225183671988795,0.0057526431824701,0.0,3.362802979775151e-05,11.969
8.969,0.059362769070221005,0.105049206289343,2.703619913114854,9.891479453159064,up,up,up,up,-0.0225183671988795,0.0057526431824701,0.0,3.362802979775151e-05,11.984
8.985,0.059703223316651205,0.0437967576007704,2.7046644833448688,9.934745728330743,up,up,up,up,-0.0225183671988795,0.0057526431824701,0.0,3.362802979775151e-05,12.0
9.0,0.06007751473317491,0.0474711283004569,2.70564912852798,9.975323080419791,up,up,up,up,-0.0225183671988795,0.0057526431824701,0.0,3.362802979775151e-05,12.015
9.016,0.0591208233409137,0.037274844817444,2.706694757523492,10.018621831508202,up,up,up,up,-0.0225183671988795,0.0057526431824701,0.0,3.362802979775151e-05,12.031
9.032,0.057811031444678904,0.0593436263157962,2.707722254652696,10.061937167605612,up,up,up,up,-0.0225183671988795,0.0057526431824701,0.0,3.362802979775151e-05,12.047
9.046999999999999,0.05652318676207101,0.06333794497498721,2.7086660509369835,10.10256007989753,up,up,up,up,-0.0225183671988795,0.0057526431824701,0.0,3.362802979775151e-05,12.062
9.062999999999999,0.055506177183769295,0.041044731444980005,2.70965432813947,10.145906642930143,up,up,up,up,-0.0225183671988795,0.0057526431824701,0.0,3.362802979775151e-05,12.078
9.078999999999999,0.053823207893708896,0.0826672134298953,2.710621005511009,10.189268845599347,up,up,up,up,-0.0225183671988795,0.0057526431824701,0.0,3.362802979775151e-05,12.094
9.094,0.0522630133890178,0.0814945997805182,2.7115029418183667,10.229934775204319,up,up,up,up,-0.0225183671988795,0.0057526431824701,0.0,3.362802979775151e-05,12.109
9.11,0.0503622199867806,0.0962812204409488,2.7124159859762926,10.273326126626674,up,up,up,up,-0.0225183671988795,0.0057526431824701,0.0,3.362802979775151e-05,12.125
9.125,0.0486493837465361,0.09167071548408559,2.71324486265203,10.314018582991391,up,up,up,up,-0.0225183671988795,0.0057526431824701,0.0,3.362802979775151e-05,12.14
9.141,0.046305216763229906,0.12399206925775749,2.7140965417470277,10.357437314226583,up,up,up,up,-0.0225183671988795,0.0057526431824701,0.0,3.362802979775151e-05,12.156
9.157,0.044043128670400805,0.1188621386029339,2.714911370801416,10.400869377526972,up,up,up,up,-0.0225183671988795,0.0057526431824701,0.0,3.362802979775151e-05,12.172
9.187999999999999,0.041490919956261904,0.05981094616044529,2.7164154804937857,10.485054943722043,up,up,up,up,-0.0225183671988795,0.0057526431824701,0.0,3.362802979775151e-05,12.203
9.203999999999999,0.0376128577929009,0.2198605180111797,2.717140353006698,10.528523390390047,up,up,up,up,-0.0225183671988795,0.0057526431824701,0.0,3.362802979775151e-05,12.219
9.219,0.0338630004033149,0.2274721254401775,2.7177627115909075,10.56928516337453,up,up,up,up,-0.0225183671988795,0.0057526431824701,0.0,3.362802979775151e-05,12.234
9.235,0.030631973253973,0.1794208296349871,2.718370713671085,10.612774230776626,up,up,up,up,-0.0225183671988795,0.0057526431824701,0.0,3.362802979775151e-05,12.25
9.25,0.030794313618279997,0.0333410581526761,2.7189177004703646,10.65355389388269,up,up,up,up,-0.0225183671988795,0.0057526431824701,0.0,3.362802979775151e-05,12.265
9.266,0.0311386630453008,0.044040206387677805,2.719505206574593,10.69706127713905,up,up,up,up,-0.0225183671988795,0.0057526431824701,0.0,3.362802979775151e-05,12.281
9.282,0.030448212367884902,0.0206348001396148,2.720089943868818,10.740578038342594,up,up,up,up,-0.0225183671988795,0.0057526431824701,0.0,3.362802979775151e-05,12.297
9.296999999999999,0.0296144252763515,0.0330674389033494,2.720626703298887,10.78138341319635,up,up,up,up,-0.0225183671988795,0.0057526431824701,0.0,3.362802979775151e-05,12.312
9.312999999999999,0.028797475405985703,0.028540999698985797,2.7211860407952653,10.824917915149102,up,up,up,up,-0.0225183671988795,0.0057526431824701,0.0,3.362802979775151e-05,12.328
9.328999999999999,0.028009147438995203,0.0267521307380245,2.7217325360689446,10.868461263764017,up,up,up,up,-0.0225183671988795,0.0057526431824701,0.0,3.362802979775151e-05,12.344
9.344,0.0275343904712777,0.0,2.722235402251009,10.909291023301419,up,up,up,up,-0.0225183671988795,0.0057526431824701,0.0,3.362802979775151e-05,12.359
9.36,0.0270533362848155,0.0,2.7227641463559773,10.952851019690273,up,up,up,up,-0.0225183671988795,0.0057526431824701,0.0,3.362802979775151e-05,12.375
9.375,0.0278685799404759,0.0768679442428991,2.723262350375404,10.993696218415758,up,up,up,up,-0.0225183671988795,0.0057526431824701,0.0,3.362802979775151e-05,12.39
9.391,0.0291285750531358,0.10126806174012631,2.723810369906272,11.037272800178014,up,up,up,up,-0.0225183671988795,0.0057526431824701,0.0,3.362802979775151e-05,12.406
9.407,0.0302963491355577,0.09550424735024551,2.7243778115907014,11.080858305629992,up,up,up,up,-0.0225183671988795,0.0057526431824701,0.0,3.362802979775151e-05,12.422
9.437999999999999,0.03149588022562,0.0612129184912139,2.7255139230844563,11.165331627517451,up,up,up,up,-0.0225183671988795,0.0057526431824701,0.0,3.362802979775151e-05,12.453
9.453999999999999,0.03133894622977,0.012709992458252101,2.726108643987019,11.208944608054022,up,up,up,up,-0.0225183671988795,0.0057526431824701,0.0,3.362802979775151e-05,12.469
9.469,0.029475814533224603,0.10169041257080869,2.7266510443404783,11.249840305716482,up,up,up,up,-0.0225183671988795,0.0057526431824701,0.0,3.362802979775151e-05,12.484
9.485,0.0276198115933575,0.0934818165428139,2.7271998516404103,11.293471112884331,up,up,up,up,-0.0225183671988795,0.0057526431824701,0.0,3.362802979775151e-05,12.5
9.5,0.0248058366268413,0.16507996390218949,2.727679333649799,11.334382706774006,up,up,up,up,-0.0225183671988795,0.0057526431824701,0.0,3.362802979775151e-05,12.515
9.516,0.0237305825072909,0.044685015273023605,2.728159667293792,11.378029418781557,up,up,up,up,-0.0225183671988795,0.0057526431824701,0.0,3.362802979775151e-05,12.531
9.532,0.0226799949655163,0.0431433541620305,2.728622994204493,11.421683680073542,up,up,up,up,-0.0225183671988795,0.0057526431824701,0.0,3.362802979775151e-05,12.547
9.546999999999999,0.020481521554812,0.12404652684808809,2.729032995226133,11.462616099994271,up,up,up,up,-0.0225183671988795,0.0057526431824701,0.0,3.362802979775151e-05,12.562
9.562999999999999,0.0189598516497256,0.0725860018690202,2.729440568502689,11.5062838885041,up,up,up,up,-0.0225183671988795,0.0057526431824701,0.0,3.362802979775151e-05,12.578
9.578999999999999,0.0174307852660611,0.07304828178014891,2.729823735888935,11.549958002939233,up,up,up,up,-0.0225183671988795,0.0057526431824701,0.0,3.362802979775151e-05,12.594
9.594,0.0170995112742158,0.0,2.730169002760724,11.590907948479106,up,up,up,up,-0.0225183671988795,0.0057526431824701,0.0,3.362802979775151e-05,12.609
9.625,0.014896633618475302,0.0485422023411373,2.730843274945217,11.675553638783551,up,up,up,up,-0.0225183671988795,0.0057526431824701,0.0,3.362802979775151e-05,12.64
9.641,0.014423035037797401,0.0,2.7311698745853867,11.719249743979795,up,up,up,up,-0.0225183671988795,0.0057526431824701,0.0,3.362802979775151e-05,12.656
9.657,0.0146971741842279,0.039652063850784805,2.7314948785500826,11.762951062004879,up,up,up,up,-0.0225183671988795,0.0057526431824701,0.0,3.362802979775151e-05,12.672
9.671999999999999,0.014971067501854,0.040777921707285,2.731803680010465,11.80392580119408,up,up,up,up,-0.0225183671988795,0.0057526431824701,0.0,3.362802979775151e-05,12.687
9.703999999999999,0.015471308702142802,0.0381509047079044,2.732474842611568,11.891354257556031,up,up,up,up,-0.0225183671988795,0.0057526431824701,0.0,3.362802979775151e-05,12.719
9.719,0.0177571577689442,0.174908304985634,2.732810345757838,11.932343896468803,up,up,up,up,-0.0225183671988795,0.0057526431824701,0.0,3.362802979775151e-05,12.734
9.735,0.0200208000638238,0.1639960106288563,2.73320461171142,11.976072016128557,up,up,up,up,-0.0225183671988795,0.0057526431824701,0.0,3.362802979775151e-05,12.75
9.75,0.020571467911429102,0.0592295570392293,2.7335953433689717,12.017073015791661,up,up,up,up,-0.0225183671988795,0.0057526431824701,0.0,3.362802979775151e-05,12.765
9.766,0.0206702438603177,0.0286918640044188,2.7340173193540647,12.060813917093446,up,up,up,up,-0.0225183671988795,0.0057526431824701,0.0,3.362802979775151e-05,12.781
9.782,0.0189765751610942,0.0833359265025887,2.734426536197156,12.104561467937854,up,up,up,up,-0.0225183671988795,0.0057526431824701,0.0,3.362802979775151e-05,12.797
9.796999999999999,0.017304634991882402,0.08894431074858239,2.73478493492104,12.14558055397124,up,up,up,up,-0.0225183671988795,0.0057526431824701,0.0,3.362802979775151e-05,12.812
9.812999999999999,0.0160829145236185,0.053839162067611294,2.7351440776080835,12.189339986071472,up,up,up,up,-0.0225183671988795,0.0057526431824701,0.0,3.362802979775151e-05,12.828
9.844,0.0140974653818144,0.041528379310928794,2.7357902054352743,12.274139467458646,up,up,up,up,-0.0225183671988795,0.0057526431824701,0.0,3.362802979775151e-05,12.859
9.86,0.013514831193164802,0.013896269591725297,2.736103146098793,12.317914614270919,up,up,up,up,-0.0225183671988795,0.0057526431824701,0.0,3.362802979775151e-05,12.875
9.875,0.012430946759666401,0.0497405950343433,2.7363840290811767,12.358958268084772,up,up,up,up,-0.0225183671988795,0.0057526431824701,0.0,3.362802979775151e-05,12.89
9.907,0.0113466799005018,0.011364972150015099,2.7369485556895783,12.446531589441102,up,up,up,up,-0.0225183671988795,0.0057526431824701,0.0,3.362802979775151e-05,12.922
9.921999999999999,0.0,0.1203655495165514,2.7371889710951924,12.487587620891984,up,up,up,up,-0.0225183671988795,0.0057526431824701,0.0,3.362802979775151e-05,12.937
9.937999999999999,0.0,0.07883692268054379,2.737415294647404,12.531384455017925,up,up,up,up,-0.0225183671988795,0.0057526431824701,0.0,3.362802979775151e-05,12.953
9.969,0.0,0.02835377522741,2.7378042163534877,12.61625035743844,up,up,up,up,-0.0225183671988795,0.0057526431824701,0.0,3.362802979775151e-05,12.984
9.985,0.0,0.0642932460473164,2.737981221959455,12.660056640944942,up,up,up,up,-0.0225183671988795,0.0057526431824701,0.0,3.362802979775151e-05,13.0
10.0,0.0,0.1220757303435919,2.738147947524814,12.701127609716078,up,up,up,up,-0.0225183671988795,0.0057526431824701,0.0,3.362802979775151e-05,13.015
10.016,0.0,0.1434430277096033,2.738353213367986,12.74493961900322,up,up,up,up,-0.0225183671988795,0.0057526431824701,0.0,3.362802979775151e-05,13.031
10.032,0.0,0.1261430346346215,2.7385872215251355,12.788755142482367,up,up,up,up,-0.0225183671988795,0.0057526431824701,0.0,3.362802979775151e-05,13.047
10.046999999999999,0.011350218275611099,0.1324086536489793,2.738831401789781,12.829835782157224,up,up,up,up,-0.0225183671988795,0.0057526431824701,0.0,3.362802979775151e-05,13.062
10.078999999999999,0.010374429697346699,0.0,2.7393630807391878,12.917486893877687,up,up,up,up,-0.0225183671988795,0.0057526431824701,0.0,3.362802979775151e-05,13.094
10.094,0.0,0.0534487299474261,2.739596440533956,12.95857909028724,up,up,up,up,-0.0225183671988795,0.0057526431824701,0.0,3.362802979775151e-05,13.109
10.125,0.0,0.010993303355074896,2.740044952735356,13.043513531882914,up,up,up,up,-0.0225183671988795,0.0057526431824701,0.0,3.362802979775151e-05,13.14
10.141,0.0,0.08925765554604531,2.740253824678612,13.087355922102226,up,up,up,up,-0.0225183671988795,0.0057526431824701,0.0,3.362802979775151e-05,13.156
10.157,0.0,0.0269572588426379,2.740442056410823,13.131201489150941,up,up,up,up,-0.0225183671988795,0.0057526431824701,0.0,3.362802979775151e-05,13.172
10.187999999999999,0.0,0.0301736188660317,2.7407981637851497,13.216160712563974,up,up,up,up,-0.0225183671988795,0.0057526431824701,0.0,3.362802979775151e-05,13.203
10.203999999999999,0.0,0.0255033203595246,2.7409842417160597,13.260014971807985,up,up,up,up,-0.0225183671988795,0.0057526431824701,0.0,3.362802979775151e-05,13.219
10.219,0.0,0.0272428916998038,2.7411595794796724,13.301131050466955,up,up,up,up,-0.0225183671988795,0.0057526431824701,0.0,3.362802979775151e-05,13.234
10.235,0.0,0.0864583836008034,2.741333224346364,13.344990992897563,up,up,up,up,-0.0225183671988795,0.0057526431824701,0.0,3.362802979775151e-05,13.25
10.25,0.0,0.1090014186414549,2.741468143222885,13.386112003154333,up,up,up,up,-0.0225183671988795,0.0057526431824701,0.0,3.362802979775151e-05,13.265
10.266,0.0,0.16639636427964918,2.7415720932312437,13.429976325045965,up,up,up,up,-0.0225183671988795,0.0057526431824701,0.0,3.362802979775151e-05,13.281
10.282,0.0,0.1575209741655777,2.741628817118278,13.473841932328762,up,up,up,up,-0.0225183671988795,0.0057526431824701,0.0,3.362802979775151e-05,13.297
10.296999999999999,0.0,0.0871628199683836,2.7416480519078528,13.514966508846454,up,up,up,up,-0.0225183671988795,0.0057526431824701,0.0,3.362802979775151e-05,13.312
10.312999999999999,0.0,0.025438673104812598,2.7416492687731138,13.558832887411901,up,up,up,up,-0.0225183671988795,0.0057526431824701,0.0,3.362802979775151e-05,13.328
10.328999999999999,0.0,0.023268679538309398,2.741638486395233,13.602699189453247,up,up,up,up,-0.0225183671988795,0.0057526431824701,0.0,3.362802979775151e-05,13.344
10.344,0.0,0.2412399493845555,2.7416474896483582,13.643823834273574,up,up,up,up,-0.0225183671988795,0.0057526431824701,0.0,3.362802979775151e-05,13.359
10.36,0.0,0.1689414892125074,2.741702081867838,13.687690630845706,up,up,up,up,-0.0225183671988795,0.0057526431824701,0.0,3.362802979775151e-05,13.375
10.375,0.0,0.1756499969418415,2.741788060156588,13.72881680691089,up,up,up,up,-0.0225183671988795,0.0057526431824701,0.0,3.362802979775151e-05,13.39
10.407,0.0,0.0508019488961432,2.742022713290888,13.81655777928605,up,up,up,up,-0.0225183671988795,0.0057526431824701,0.0,3.362802979775151e-05,13.422
10.421999999999999,0.0,0.0432070708447732,2.742132100895419,13.857688940392444,up,up,up,up,-0.0225183671988795,0.0057526431824701,0.0,3.362802979775151e-05,13.437
10.453999999999999,0.0,0.0,2.7423348337996054,13.945440411347567,up,up,up,up,-0.0225183671988795,0.0057526431824701,0.0,3.362802979775151e-05,13.469
10.469,0.0,0.0445667210391547,2.742425382844337,13.986576112972397,up,up,up,up,-0.0225183671988795,0.0057526431824701,0.0,3.362802979775151e-05,13.484
10.485,0.0,0.0429718036854799,2.742527232334381,14.030455733893827,up,up,up,up,-0.0225183671988795,0.0057526431824701,0.0,3.362802979775151e-05,13.5
10.5,0.0,0.012001625772127801,2.742621287144466,14.07159434778992,up,up,up,up,-0.0225183671988795,0.0057526431824701,0.0,3.362802979775151e-05,13.515
10.516,0.0,0.0,2.74271550991933,14.11547704216643,up,up,up,up,-0.0225183671988795,0.0057526431824701,0.0,3.362802979775151e-05,13.531
10.532,0.0,0.0,2.7428055481665368,14.159361210631118,up,up,up,up,-0.0225183671988795,0.0057526431824701,0.0,3.362802979775151e-05,13.547
10.546999999999999,0.0,0.1031072282446728,2.742873740608571,14.200503805296929,up,up,up,up,-0.0225183671988795,0.0057526431824701,0.0,3.362802979775151e-05,13.562
10.562999999999999,0.0,0.1963466724800596,2.742903389416875,14.244390022337132,up,up,up,up,-0.0225183671988795,0.0057526431824701,0.0,3.362802979775151e-05,13.578
10.578999999999999,0.0,0.1265475138473601,2.7428859430673262,14.288276336997006,up,up,up,up,-0.0225183671988795,0.0057526431824701,0.0,3.362802979775151e-05,13.594
10.594,-0.010387231357205,0.1342592514390559,2.742834061726802,14.329419237032964,up,up,up,up,-0.0225183671988795,0.0057526431824701,0.0,3.362802979775151e-05,13.609
10.61,-0.0112731292818856,0.03285025309366,2.742752821132609,14.373303932095839,up,up,up,up,-0.0225183671988795,0.0057526431824701,0.0,3.362802979775151e-05,13.625
10.625,0.0,0.11088949613077281,2.7426799555931223,14.414444677921283,up,up,up,up,-0.0225183671988795,0.0057526431824701,0.0,3.362802979775151e-05,13.64
10.657,0.0,0.0637363701906069,2.74256682179736,14.502208626359531,up,up,up,up,-0.0225183671988795,0.0057526431824701,0.0,3.362802979775151e-05,13.672
10.671999999999999,0.0,0.1802879616041396,2.742541431730685,14.543346938260989,up,up,up,up,-0.0225183671988795,0.0057526431824701,0.0,3.362802979775151e-05,13.687
10.687999999999999,0.0,0.1642280823624642,2.742551420187768,14.587227681076337,up,up,up,up,-0.0225183671988795,0.0057526431824701,0.0,3.362802979775151e-05,13.703
10.703999999999999,0.0,0.0227737120371531,2.742579580172531,14.63110872907922,up,up,up,up,-0.0225183671988795,0.0057526431824701,0.0,3.362802979775151e-05,13.719
10.735,0.0,0.013473987999958699,2.7426169091418564,14.716129274663595,up,up,up,up,-0.0225183671988795,0.0057526431824701,0.0,3.362802979775151e-05,13.75
10.75,0.0,0.0806559094559807,2.7426149962176614,14.757268513953791,up,up,up,up,-0.0225183671988795,0.0057526431824701,0.0,3.362802979775151e-05,13.765
10.766,0.0,0.0713156033318749,2.74258856410376,14.801150142436363,up,up,up,up,-0.0225183671988795,0.0057526431824701,0.0,3.362802979775151e-05,13.781
10.782,0.0,0.0119292635035442,2.742548765836358,14.845031241075883,up,up,up,up,-0.0225183671988795,0.0057526431824701,0.0,3.362802979775151e-05,13.797
10.796999999999999,0.0,0.11638520491471879,2.742520744287468,14.886169262401811,up,up,up,up,-0.0225183671988795,0.0057526431824701,0.0,3.362802979775151e-05,13.812
10.812999999999999,0.0,0.1015067713037976,2.7425122291715702,14.930049526189483,up,up,up,up,-0.0225183671988795,0.0057526431824701,0.0,3.362802979775151e-05,13.828
10.828999999999999,0.0,0.01166031842356,2.7425124347411547,14.973929723500783,up,up,up,up,-0.0225183671988795,0.0057526431824701,0.0,3.362802979775151e-05,13.844
10.844,0.0,0.0107569262934725,2.742510001334685,15.015067391771353,up,up,up,up,-0.0225183671988795,0.0057526431824701,0.0,3.362802979775151e-05,13.859
10.86,0.0,0.09098321268422219,2.742491466125984,15.05894740351104,up,up,up,up,-0.0225183671988795,0.0057526431824701,0.0,3.362802979775151e-05,13.875
10.875,-0.010843668046859899,0.1791190782339357,2.742437784965629,15.100084372894226,up,up,up,up,-0.0225183671988795,0.0057526431824701,0.0,3.362802979775151e-05,13.89
10.891,-0.0106877624539318,0.0322624667568861,2.7423575758125422,15.143962735780454,up,up,up,up,-0.0225183671988795,0.0057526431824701,0.0,3.362802979775151e-05,13.906
10.907,-0.01054366737835,0.0315243094227403,2.742279766664804,15.18783983452027,up,up,up,up,-0.0225183671988795,0.0057526431824701,0.0,3.362802979775151e-05,13.922
10.937999999999999,-0.0119252873576129,0.0220500192289574,2.742109829805053,15.272847873265551,up,up,up,up,-0.0225183671988795,0.0057526431824701,0.0,3.362802979775151e-05,13.953
10.953999999999999,-0.0112859833217981,0.0624748694373046,2.742016181930537,15.316720881359435,up,up,up,up,-0.0225183671988795,0.0057526431824701,0.0,3.362802979775151e-05,13.969
