timestamps,aAcc,aJerk,aVelocity,aHeight,jerks_direction,accelerations_direction,velocities_direction,heights_direction,start_jerks,start_accelerations,start_velocities,start_heights,actual_timestamps
0.0,0.0,0.0,0.0,0.0,down,down,down,down,-0.0173260174409772,-0.0069591897399465,0.0,-1.027845013464984e-05,3.266
0.015000000000000124,0.0,0.0,0.0,0.0,down,down,down,down,-0.0173260174409772,-0.0069591897399465,0.0,-1.027845013464984e-05,3.281
0.03100000000000014,0.0,0.0253414886238755,0.0,0.0,down,down,down,down,-0.0173260174409772,-0.0069591897399465,0.0,-1.027845013464984e-05,3.297
0.04700000000000015,0.0,0.023272831499498898,0.0,0.0,down,down,down,down,-0.0173260174409772,-0.0069591897399465,0.0,-1.027845013464984e-05,3.313
0.06199999999999983,0.0,0.0,0.0,0.0,down,down,down,down,-0.0173260174409772,-0.0069591897399465,0.0,-1.027845013464984e-05,3.328
0.07799999999999985,0.0,0.038619060400590904,0.0,0.0,down,down,down,down,-0.0173260174409772,-0.0069591897399465,0.0,-1.027845013464984e-05,3.344
0.09399999999999986,0.0,0.0356315515976924,0.0,0.0,down,down,down,down,-0.0173260174409772,-0.0069591897399465,0.0,-1.027845013464984e-05,3.36
0.125,0.0,0.0478185501625198,0.0,0.0,down,down,down,down,-0.0173260174409772,-0.0069591897399465,0.0,-1.027845013464984e-05,3.391
0.14000000000000012,0.0,0.052834159326619695,0.0,0.0,down,down,down,down,-0.0173260174409772,-0.0069591897399465,0.0,-1.027845013464984e-05,3.406
0.15600000000000014,0.0,0.0506117362600865,0.0,0.0,down,down,down,down,-0.0173260174409772,-0.0069591897399465,0.0,-1.027845013464984e-05,3.422
0.17200000000000015,0.0,0.06446437498941471,0.0,0.0,down,down,down,down,-0.0173260174409772,-0.0069591897399465,0.0,-1.027845013464984e-05,3.438
0.18699999999999983,0.0,0.1135724057327111,0.0,0.0,down,down,down,down,-0.0173260174409772,-0.0069591897399465,0.0,-1.027845013464984e-05,3.453
0.20299999999999985,0.0,0.0,0.0,0.0,down,down,down,down,-0.0173260174409772,-0.0069591897399465,0.0,-1.027845013464984e-05,3.469
0.21899999999999986,0.0,0.0805793310854062,0.0,0.0,down,down,down,down,-0.0173260174409772,-0.0069591897399465,0.0,-1.027845013464984e-05,3.485
0.23399999999999999,0.0,0.0261665537884867,0.0,0.0,down,down,down,down,-0.0173260174409772,-0.0069591897399465,0.0,-1.027845013464984e-05,3.5
0.25,0.0,0.0226424042157891,0.0,0.0,down,down,down,down,-0.0173260174409772,-0.0069591897399465,0.0,-1.027845013464984e-05,3.516
0.28100000000000014,0.0,0.0315926139459151,0.0,0.0,down,down,down,down,-0.0173260174409772,-0.0069591897399465,0.0,-1.027845013464984e-05,3.547
0.29700000000000015,0.0,0.059972651536455104,0.0,0.0,down,down,down,down,-0.0173260174409772,-0.0069591897399465,0.0,-1.027845013464984e-05,3.563
0.31199999999999983,0.0,0.0634144375261047,0.0,0.0,down,down,down,down,-0.0173260174409772,-0.0069591897399465,0.0,-1.027845013464984e-05,3.578
0.32799999999999985,0.0,0.0370959006584791,0.0,0.0,down,down,down,down,-0.0173260174409772,-0.0069591897399465,0.0,-1.027845013464984e-05,3.594
0.34399999999999986,0.0,0.014051677258208904,0.0,0.0,down,down,down,down,-0.0173260174409772,-0.0069591897399465,0.0,-1.027845013464984e-05,3.61
0.359,0.0,0.0158124591838502,0.0,0.0,down,down,down,down,-0.0173260174409772,-0.0069591897399465,0.0,-1.027845013464984e-05,3.625
0.3900000000000001,0.0,0.08343548901365799,0.0,0.0,down,down,down,down,-0.0173260174409772,-0.0069591897399465,0.0,-1.027845013464984e-05,3.656
0.40600000000000014,0.0,0.0148177682486317,0.0,0.0,down,down,down,down,-0.0173260174409772,-0.0069591897399465,0.0,-1.027845013464984e-05,3.672
0.42200000000000015,0.0,0.015114454063436304,0.0,0.0,down,down,down,down,-0.0173260174409772,-0.0069591897399465,0.0,-1.027845013464984e-05,3.688
0.43699999999999983,0.0,0.06805711753439339,0.0,0.0,down,down,down,down,-0.0173260174409772,-0.0069591897399465,0.0,-1.027845013464984e-05,3.703
0.45299999999999985,0.0,0.0596440925900719,0.0,0.0,down,down,down,down,-0.0173260174409772,-0.0069591897399465,0.0,-1.027845013464984e-05,3.719
0.46899999999999986,0.0,0.058263885918896495,0.0,0.0,down,down,down,down,-0.0173260174409772,-0.0069591897399465,0.0,-1.027845013464984e-05,3.735
0.484,0.0,0.0353327430261912,0.0,0.0,down,down,down,down,-0.0173260174409772,-0.0069591897399465,0.0,-1.027845013464984e-05,3.75
0.5,0.0,0.0141700603382144,0.0,0.0,down,down,down,down,-0.0173260174409772,-0.0069591897399465,0.0,-1.027845013464984e-05,3.766
0.5150000000000001,0.0,0.014314715095720099,0.0,0.0,down,down,down,down,-0.0173260174409772,-0.0069591897399465,0.0,-1.027845013464984e-05,3.781
0.5310000000000001,0.0,0.0129427849498987,0.0,0.0,down,down,down,down,-0.0173260174409772,-0.0069591897399465,0.0,-1.027845013464984e-05,3.797
0.5470000000000002,0.0,0.0681537094235905,0.0,0.0,down,down,down,down,-0.0173260174409772,-0.0069591897399465,0.0,-1.027845013464984e-05,3.813
0.5619999999999998,0.0,0.0245789605248801,0.0,0.0,down,down,down,down,-0.0173260174409772,-0.0069591897399465,0.0,-1.027845013464984e-05,3.828
0.5779999999999998,0.0,0.0224560464067158,0.0,0.0,down,down,down,down,-0.0173260174409772,-0.0069591897399465,0.0,-1.027845013464984e-05,3.844
0.5939999999999999,0.0,0.0366942541893955,0.0,0.0,down,down,down,down,-0.0173260174409772,-0.0069591897399465,0.0,-1.027845013464984e-05,3.86
0.609,0.0,0.0268369706986216,0.0,0.0,down,down,down,down,-0.0173260174409772,-0.0069591897399465,0.0,-1.027845013464984e-05,3.875
0.625,0.0,0.024317796924466804,0.0,0.0,down,down,down,down,-0.0173260174409772,-0.0069591897399465,0.0,-1.027845013464984e-05,3.891
0.6560000000000001,0.0,0.0240832144814943,0.0,0.0,down,down,down,down,-0.0173260174409772,-0.0069591897399465,0.0,-1.027845013464984e-05,3.922
0.6720000000000002,0.0,0.027389620406048497,0.0,0.0,down,down,down,down,-0.0173260174409772,-0.0069591897399465,0.0,-1.027845013464984e-05,3.938
0.6869999999999998,0.0,0.0283670806475586,0.0,0.0,down,down,down,down,-0.0173260174409772,-0.0069591897399465,0.0,-1.027845013464984e-05,3.953
0.7029999999999998,0.0,0.0,0.0,0.0,down,down,down,down,-0.0173260174409772,-0.0069591897399465,0.0,-1.027845013464984e-05,3.969
0.7189999999999999,0.0,0.0561482202123819,0.0,0.0,down,down,down,down,-0.0173260174409772,-0.0069591897399465,0.0,-1.027845013464984e-05,3.985
0.734,0.0,0.0649586748206138,0.0,0.0,down,down,down,down,-0.0173260174409772,-0.0069591897399465,0.0,-1.027845013464984e-05,4.0
0.75,0.0,0.0604375782665699,0.0,0.0,down,down,down,down,-0.0173260174409772,-0.0069591897399465,0.0,-1.027845013464984e-05,4.016
0.7649999999999997,0.0,0.124034820200057,0.0,0.0,down,down,down,down,-0.0173260174409772,-0.0069591897399465,0.0,-1.027845013464984e-05,4.031
0.7809999999999997,0.0,0.0739569886401002,0.0,0.0,down,down,down,down,-0.0173260174409772,-0.0069591897399465,0.0,-1.027845013464984e-05,4.047
0.7969999999999997,0.0,0.027518689241778797,0.0,0.0,down,down,down,down,-0.0173260174409772,-0.0069591897399465,0.0,-1.027845013464984e-05,4.063
0.8120000000000003,0.0,0.0577999844329955,0.0,0.0,down,down,down,down,-0.0173260174409772,-0.0069591897399465,0.0,-1.027845013464984e-05,4.078
0.8280000000000003,0.0,0.0550132900166698,0.0,0.0,down,down,down,down,-0.0173260174409772,-0.0069591897399465,0.0,-1.027845013464984e-05,4.094
0.8440000000000003,0.0,0.0567309755524769,0.0,0.0,down,down,down,down,-0.0173260174409772,-0.0069591897399465,0.0,-1.027845013464984e-05,4.11
0.859,0.0,0.0,0.0,0.0,down,down,down,down,-0.0173260174409772,-0.0069591897399465,0.0,-1.027845013464984e-05,4.125
0.8899999999999997,0.0,0.0337550504591235,0.0,0.0,down,down,down,down,-0.0173260174409772,-0.0069591897399465,0.0,-1.027845013464984e-05,4.156
0.9059999999999997,0.0,0.0482386902239672,0.0,0.0,down,down,down,down,-0.0173260174409772,-0.0069591897399465,0.0,-1.027845013464984e-05,4.172
0.9219999999999997,0.0,0.037839382543980296,0.0,0.0,down,down,down,down,-0.0173260174409772,-0.0069591897399465,0.0,-1.027845013464984e-05,4.188
0.9370000000000003,0.0,0.028381260634401898,0.0,0.0,down,down,down,down,-0.0173260174409772,-0.0069591897399465,0.0,-1.027845013464984e-05,4.203
0.9530000000000003,0.0,0.0287233267158847,0.0,0.0,down,down,down,down,-0.0173260174409772,-0.0069591897399465,0.0,-1.027845013464984e-05,4.219
0.9690000000000003,0.0,0.049404597085023,0.0,0.0,down,down,down,down,-0.0173260174409772,-0.0069591897399465,0.0,-1.027845013464984e-05,4.235
0.984,0.0,0.050342312056347496,0.0,0.0,down,down,down,down,-0.0173260174409772,-0.0069591897399465,0.0,-1.027845013464984e-05,4.25
1.0149999999999997,0.0,0.012054274919806998,0.0,0.0,down,down,down,down,-0.0173260174409772,-0.0069591897399465,0.0,-1.027845013464984e-05,4.281
1.0309999999999997,0.0,0.0285918694279406,0.0,0.0,down,down,down,down,-0.0173260174409772,-0.0069591897399465,0.0,-1.027845013464984e-05,4.297
1.0469999999999997,0.0,0.025890821475860096,0.0,0.0,down,down,down,down,-0.0173260174409772,-0.0069591897399465,0.0,-1.027845013464984e-05,4.313
1.0620000000000003,0.0,0.0258353400137685,0.0,0.0,down,down,down,down,-0.0173260174409772,-0.0069591897399465,0.0,-1.027845013464984e-05,4.328
1.0780000000000003,0.0,0.0327918886987577,0.0,0.0,down,down,down,down,-0.0173260174409772,-0.0069591897399465,0.0,-1.027845013464984e-05,4.344
1.0940000000000003,0.0,0.1025264903747878,0.0,0.0,down,down,down,down,-0.0173260174409772,-0.0069591897399465,0.0,-1.027845013464984e-05,4.36
1.109,0.0,0.1059304524763197,0.0,0.0,down,down,down,down,-0.0173260174409772,-0.0069591897399465,0.0,-1.027845013464984e-05,4.375
1.125,0.0,0.0479917395731498,0.0,0.0,down,down,down,down,-0.0173260174409772,-0.0069591897399465,0.0,-1.027845013464984e-05,4.391
1.1399999999999997,0.0,0.044937804854018604,0.0,0.0,down,down,down,down,-0.0173260174409772,-0.0069591897399465,0.0,-1.027845013464984e-05,4.406
1.1719999999999997,0.0,0.0,0.0,0.0,down,down,down,down,-0.0173260174409772,-0.0069591897399465,0.0,-1.027845013464984e-05,4.438
1.1870000000000003,0.0,0.0,0.0,0.0,down,down,down,down,-0.0173260174409772,-0.0069591897399465,0.0,-1.027845013464984e-05,4.453
1.2030000000000003,0.0,0.014190029512639604,0.0,0.0,down,down,down,down,-0.0173260174409772,-0.0069591897399465,0.0,-1.027845013464984e-05,4.469
1.234,0.0,0.029386591717942098,0.0,0.0,down,down,down,down,-0.0173260174409772,-0.0069591897399465,0.0,-1.027845013464984e-05,4.5
1.25,0.0,0.0749794275355375,0.0,0.0,down,down,down,down,-0.0173260174409772,-0.0069591897399465,0.0,-1.027845013464984e-05,4.516
1.2649999999999997,0.0,0.0773820064863875,0.0,0.0,down,down,down,down,-0.0173260174409772,-0.0069591897399465,0.0,-1.027845013464984e-05,4.531
1.2809999999999997,0.0,0.0,0.0,0.0,down,down,down,down,-0.0173260174409772,-0.0069591897399465,0.0,-1.027845013464984e-05,4.547
1.3120000000000003,0.0,0.0471722484458012,0.0,0.0,down,down,down,down,-0.0173260174409772,-0.0069591897399465,0.0,-1.027845013464984e-05,4.578
1.3440000000000003,0.0,0.0,0.0,0.0,down,down,down,down,-0.0173260174409772,-0.0069591897399465,0.0,-1.027845013464984e-05,4.61
1.359,0.0,0.0,0.0,0.0,down,down,down,down,-0.0173260174409772,-0.0069591897399465,0.0,-1.027845013464984e-05,4.625
1.375,0.0,0.0,0.0,0.0,down,down,down,down,-0.0173260174409772,-0.0069591897399465,0.0,-1.027845013464984e-05,4.641
1.3899999999999997,0.0,0.010214162209647302,0.0,0.0,down,down,down,down,-0.0173260174409772,-0.0069591897399465,0.0,-1.027845013464984e-05,4.656
1.4219999999999997,0.0,0.0216850474325513,0.0,0.0,down,down,down,down,-0.0173260174409772,-0.0069591897399465,0.0,-1.027845013464984e-05,4.688
1.4370000000000003,0.0,0.0256806721687777,0.0,0.0,down,down,down,down,-0.0173260174409772,-0.0069591897399465,0.0,-1.027845013464984e-05,4.703
1.4530000000000003,0.0,0.1303911820753622,0.0,0.0,down,down,down,down,-0.0173260174409772,-0.0069591897399465,0.0,-1.027845013464984e-05,4.719
1.4690000000000003,0.0,0.0828632118016203,0.0,0.0,down,down,down,down,-0.0173260174409772,-0.0069591897399465,0.0,-1.027845013464984e-05,4.735
1.484,0.0,0.0852186153400199,0.0,0.0,down,down,down,down,-0.0173260174409772,-0.0069591897399465,0.0,-1.027845013464984e-05,4.75
1.5,0.0,0.021076318261647898,0.0,0.0,down,down,down,down,-0.0173260174409772,-0.0069591897399465,0.0,-1.027845013464984e-05,4.766
1.5149999999999997,-0.0107528444765475,0.2295500457798525,0.0,0.0,down,down,down,down,-0.0173260174409772,-0.0069591897399465,0.0,-1.027845013464984e-05,4.781
1.5309999999999997,-0.012436303986938,0.0878902019584293,0.0,0.0,down,down,down,down,-0.0173260174409772,-0.0069591897399465,0.0,-1.027845013464984e-05,4.797
1.5469999999999997,-0.014080081919754399,0.0854101033600507,0.0,0.0,down,down,down,down,-0.0173260174409772,-0.0069591897399465,0.0,-1.027845013464984e-05,4.813
1.5620000000000003,-0.0163336291315197,0.13291046334337,0.0,0.0,down,down,down,down,-0.0173260174409772,-0.0069591897399465,0.0,-1.027845013464984e-05,4.828
1.5780000000000003,-0.0204307795816537,0.23874588569239283,0.0,0.0,down,down,down,down,-0.0173260174409772,-0.0069591897399465,0.0,-1.027845013464984e-05,4.844
1.5940000000000003,-0.0244247046783102,0.2322943011000554,0.0,0.0,down,down,down,down,-0.0173260174409772,-0.0069591897399465,0.0,-1.027845013464984e-05,4.86
1.609,-0.026257068702816997,0.1048315841928131,0.0,0.0,down,down,down,down,-0.0173260174409772,-0.0069591897399465,0.0,-1.027845013464984e-05,4.875
1.625,-0.029609997193100302,0.1922320132017317,0.0,0.0,down,down,down,down,-0.0173260174409772,-0.0069591897399465,0.0,-1.027845013464984e-05,4.891
1.6399999999999997,-0.0328779074288637,0.20053466494325,0.0,0.0,down,down,down,down,-0.0173260174409772,-0.0069591897399465,0.0,-1.027845013464984e-05,4.906
1.6559999999999997,-0.036259779966084,0.19404101613529331,0.0,0.0,down,down,down,down,-0.0173260174409772,-0.0069591897399465,0.0,-1.027845013464984e-05,4.922
1.6870000000000003,-0.041622520687591105,0.1556656187366682,0.0,0.0,down,down,down,down,-0.0173260174409772,-0.0069591897399465,0.0,-1.027845013464984e-05,4.953
1.7030000000000003,-0.0468583036580803,0.3099104182145982,0.0,0.0,down,down,down,down,-0.0173260174409772,-0.0069591897399465,0.0,-1.027845013464984e-05,4.969
1.7190000000000003,-0.052888426014101604,0.3595566298103534,0.0,0.0,down,down,down,down,-0.0173260174409772,-0.0069591897399465,0.0,-1.027845013464984e-05,4.985
1.734,-0.0608781898547939,0.5153249052718526,0.0,0.0,down,down,down,down,-0.0173260174409772,-0.0069591897399465,0.0,-1.027845013464984e-05,5.0
1.75,-0.06868278828161681,0.470461384235454,0.0,0.0,down,down,down,down,-0.0173260174409772,-0.0069591897399465,0.0,-1.027845013464984e-05,5.016
1.7649999999999997,-0.0762528995497878,0.4873480671037653,0.0,0.0,down,down,down,down,-0.0173260174409772,-0.0069591897399465,0.0,-1.027845013464984e-05,5.031
1.7969999999999997,-0.08424868499046491,0.23254227758018312,0.0,0.0,down,down,down,down,-0.0173260174409772,-0.0069591897399465,0.0,-1.027845013464984e-05,5.063
1.8120000000000003,-0.0927187283582303,0.5473435404100252,0.0,0.0,down,down,down,down,-0.0173260174409772,-0.0069591897399465,0.0,-1.027845013464984e-05,5.078
1.8280000000000003,-0.1001244543610529,0.4455318577354369,0.0108453579895751,0.0,down,down,down,down,-0.0173260174409772,-0.0069591897399465,0.0,-1.027845013464984e-05,5.094
1.8440000000000003,-0.10811242465888961,0.4819221261738167,0.0126226000575738,0.0,down,down,down,down,-0.0173260174409772,-0.0069591897399465,0.0,-1.027845013464984e-05,5.11
1.859,-0.11591417010144241,0.5027903453958835,0.0144071873643755,0.0,down,down,down,down,-0.0173260174409772,-0.0069591897399465,0.0,-1.027845013464984e-05,5.125
1.875,-0.124894709454134,0.5439576921022479,0.0164450054366592,0.0,down,down,down,down,-0.0173260174409772,-0.0069591897399465,0.0,-1.027845013464984e-05,5.141
1.8899999999999997,-0.134126928511833,0.5981552530723026,0.0184920555675031,0.0,down,down,down,down,-0.0173260174409772,-0.0069591897399465,0.0,-1.027845013464984e-05,5.156
1.9059999999999997,-0.1431224997653296,0.5448971859025594,0.0208213980295596,0.0,down,down,down,down,-0.0173260174409772,-0.0069591897399465,0.0,-1.027845013464984e-05,5.172
1.9219999999999997,-0.1524394300388661,0.5649821246550553,0.0232972405038323,0.0,down,down,down,down,-0.0173260174409772,-0.0069591897399465,0.0,-1.027845013464984e-05,5.188
1.9530000000000003,-0.1631436491763126,0.32797137408954724,0.028404513113606,0.0,down,down,down,down,-0.0173260174409772,-0.0069591897399465,0.0,-1.027845013464984e-05,5.219
1.9690000000000003,-0.1741955582673392,0.6734183007481848,0.0312145738089944,0.0,down,down,down,down,-0.0173260174409772,-0.0069591897399465,0.0,-1.027845013464984e-05,5.235
1.984,-0.1848610325559133,0.6937056017973124,0.0340118860862679,0.0,down,down,down,down,-0.0173260174409772,-0.0069591897399465,0.0,-1.027845013464984e-05,5.25
2.0,-0.19592791858793931,0.6743543595606466,0.0371695447312579,0.0,down,down,down,down,-0.0173260174409772,-0.0069591897399465,0.0,-1.027845013464984e-05,5.266
2.0149999999999997,-0.2066915995617507,0.700252714146466,0.0402935789634797,0.0,down,down,down,down,-0.0173260174409772,-0.0069591897399465,0.0,-1.027845013464984e-05,5.281
2.0309999999999997,-0.2177891567475712,0.6762713066728038,0.0438007720497934,0.0,down,down,down,down,-0.0173260174409772,-0.0069591897399465,0.0,-1.027845013464984e-05,5.297
2.0469999999999997,-0.22726524616896351,0.574929571396043,0.0474725543089648,0.0,down,down,down,down,-0.0173260174409772,-0.0069591897399465,0.0,-1.027845013464984e-05,5.313
2.0620000000000003,-0.2365013417030806,0.5984136848334717,0.0510551915641045,0.0,down,down,down,down,-0.0173260174409772,-0.0069591897399465,0.0,-1.027845013464984e-05,5.328
2.0780000000000003,-0.247693045779613,0.6821554873422947,0.0550400936998052,0.0,down,down,down,down,-0.0173260174409772,-0.0069591897399465,0.0,-1.027845013464984e-05,5.344
2.109,-0.25838360964467105,0.32753088143186704,0.0631000167408198,0.01010387450729025,down,down,down,down,-0.0173260174409772,-0.0069591897399465,0.0,-1.027845013464984e-05,5.375
2.125,-0.2688222040133202,0.6350861305995932,0.0674290102859229,0.011148106723504251,down,down,down,down,-0.0173260174409772,-0.0069591897399465,0.0,-1.027845013464984e-05,5.391
2.1399999999999997,-0.2792827161687211,0.6800414595857638,0.0716441850333873,0.012191155688399052,down,down,down,down,-0.0173260174409772,-0.0069591897399465,0.0,-1.027845013464984e-05,5.406
2.1559999999999997,-0.2905324369973706,0.685781534349616,0.0763140532945552,0.01337482159502255,down,down,down,down,-0.0173260174409772,-0.0069591897399465,0.0,-1.027845013464984e-05,5.422
2.1719999999999997,-0.3014969981958214,0.667959057462197,0.0811616358119399,0.01463462710787455,down,down,down,down,-0.0173260174409772,-0.0069591897399465,0.0,-1.027845013464984e-05,5.438
2.1870000000000003,-0.3120463265578355,0.6859625400266072,0.0858675985936917,0.01588734636591685,down,down,down,down,-0.0173260174409772,-0.0069591897399465,0.0,-1.027845013464984e-05,5.453
2.2190000000000003,-0.3238440690775804,0.3513534363010493,0.0962645389955366,0.018801460567344448,down,down,down,down,-0.0173260174409772,-0.0069591897399465,0.0,-1.027845013464984e-05,5.485
2.234,-0.33537699236154417,0.7515355348232943,0.1013130848024292,0.02028329274582925,down,down,down,down,-0.0173260174409772,-0.0069591897399465,0.0,-1.027845013464984e-05,5.5
2.25,-0.34640213754447835,0.6717455564924085,0.1068786648775165,0.02194882674326875,down,down,down,down,-0.0173260174409772,-0.0069591897399465,0.0,-1.027845013464984e-05,5.516
2.2649999999999997,-0.35744689623642856,0.7189912286890523,0.1122619204769724,0.02359238113342745,down,down,down,down,-0.0173260174409772,-0.0069591897399465,0.0,-1.027845013464984e-05,5.531
2.2809999999999997,-0.36716638971732435,0.5901423251150058,0.1181701738004415,0.02543583788764675,down,down,down,down,-0.0173260174409772,-0.0069591897399465,0.0,-1.027845013464984e-05,5.547
2.2969999999999997,-0.37737721308114835,0.6208504427980261,0.1242378696586685,0.027375102235319648,down,down,down,down,-0.0173260174409772,-0.0069591897399465,0.0,-1.027845013464984e-05,5.563
2.3280000000000003,-0.3874079121924119,0.30624492163203376,0.1363077739823472,0.031413559711755454,down,down,down,down,-0.0173260174409772,-0.0069591897399465,0.0,-1.027845013464984e-05,5.594
2.3440000000000003,-0.39719120939013136,0.5941300574164861,0.1426959139908467,0.03364558921554095,down,down,down,down,-0.0173260174409772,-0.0069591897399465,0.0,-1.027845013464984e-05,5.61
2.359,-0.40634914009751816,0.5932026963848223,0.1488268544581031,0.03583200997890805,down,down,down,down,-0.0173260174409772,-0.0069591897399465,0.0,-1.027845013464984e-05,5.625
2.375,-0.4154181272969329,0.5494856825224432,0.1555123396330979,0.03826672353163765,down,down,down,down,-0.0173260174409772,-0.0069591897399465,0.0,-1.027845013464984e-05,5.641
2.3899999999999997,-0.42425773175833825,0.5719809466527297,0.1619142964221115,0.04064742330205165,down,down,down,down,-0.0173260174409772,-0.0069591897399465,0.0,-1.027845013464984e-05,5.656
2.4059999999999997,-0.43317888220318146,0.5402458853617228,0.1688851363696428,0.043293818764385754,down,down,down,down,-0.0173260174409772,-0.0069591897399465,0.0,-1.027845013464984e-05,5.672
2.4219999999999997,-0.44274743125139615,0.5807082980724405,0.1760038939131186,0.046052931006647854,down,down,down,down,-0.0173260174409772,-0.0069591897399465,0.0,-1.027845013464984e-05,5.688
2.4370000000000003,-0.4520896428376276,0.6054880883077582,0.1828195598148857,0.048744106909607954,down,down,down,down,-0.0173260174409772,-0.0069591897399465,0.0,-1.027845013464984e-05,5.703
2.4530000000000003,-0.46092019596743405,0.5345835531719297,0.1902349855611654,0.051728543272616355,down,down,down,down,-0.0173260174409772,-0.0069591897399465,0.0,-1.027845013464984e-05,5.719
2.484,-0.4694649884808087,0.2583124507323993,0.2048716908020513,0.05785269675624615,down,down,down,down,-0.0173260174409772,-0.0069591897399465,0.0,-1.027845013464984e-05,5.75
2.5,-0.4778013714206857,0.5036979163013374,0.2125611687171024,0.06119215963239935,down,down,down,down,-0.0173260174409772,-0.0069591897399465,0.0,-1.027845013464984e-05,5.766
2.5149999999999997,-0.48523902810560676,0.47851776155376824,0.2198883595596487,0.06443553109447495,down,down,down,down,-0.0173260174409772,-0.0069591897399465,0.0,-1.027845013464984e-05,5.781
2.5309999999999997,-0.4922967326746033,0.423780518121308,0.2278199926817295,0.06801719791240594,down,down,down,down,-0.0173260174409772,-0.0069591897399465,0.0,-1.027845013464984e-05,5.797
2.5469999999999997,-0.4991612493140654,0.4117062725254025,0.235863003573478,0.07172666188244764,down,down,down,down,-0.0173260174409772,-0.0069591897399465,0.0,-1.027845013464984e-05,5.813
2.5620000000000003,-0.5066961161271789,0.4849984367665664,0.2435113216603868,0.07532196932170175,down,down,down,down,-0.0173260174409772,-0.0069591897399465,0.0,-1.027845013464984e-05,5.828
2.5780000000000003,-0.5138614300836793,0.43050610484029994,0.2517871290659129,0.07928435692751215,down,down,down,down,-0.0173260174409772,-0.0069591897399465,0.0,-1.027845013464984e-05,5.844
2.5940000000000003,-0.5235339199593626,0.5872045997892257,0.2601976389020963,0.08338023507125625,down,down,down,down,-0.0173260174409772,-0.0069591897399465,0.0,-1.027845013464984e-05,5.86
2.609,-0.5329904741230679,0.6131109268060547,0.2682259597038136,0.08734341206080054,down,down,down,down,-0.0173260174409772,-0.0069591897399465,0.0,-1.027845013464984e-05,5.875
2.625,-0.5400334417030132,0.42285945630560173,0.2769214980662614,0.09170459172296104,down,down,down,down,-0.0173260174409772,-0.0069591897399465,0.0,-1.027845013464984e-05,5.891
2.6399999999999997,-0.5460044810668291,0.3807432734800935,0.2851711703331342,0.09592028673595644,down,down,down,down,-0.0173260174409772,-0.0069591897399465,0.0,-1.027845013464984e-05,5.906
2.6559999999999997,-0.5518158138798609,0.34588228337351057,0.2940650797285469,0.10055417673644995,down,down,down,down,-0.0173260174409772,-0.0069591897399465,0.0,-1.027845013464984e-05,5.922
2.6719999999999997,-0.5573700209565332,0.32981192485104205,0.3030499134430772,0.10533109668182294,down,down,down,down,-0.0173260174409772,-0.0069591897399465,0.0,-1.027845013464984e-05,5.938
2.6870000000000003,-0.562781944601488,0.3434688922226623,0.3115554410308619,0.10994063684037765,down,down,down,down,-0.0173260174409772,-0.0069591897399465,0.0,-1.027845013464984e-05,5.953
2.7030000000000003,-0.5680451223315083,0.31162259068528964,0.320713404602165,0.11499878760544184,down,down,down,down,-0.0173260174409772,-0.0069591897399465,0.0,-1.027845013464984e-05,5.969
2.7190000000000003,-0.572366389723019,0.25275319452844325,0.3299480437344403,0.12020407919213474,down,down,down,down,-0.0173260174409772,-0.0069591897399465,0.0,-1.027845013464984e-05,5.985
2.75,-0.5791835126797303,0.20258117471100331,0.3480128021036211,0.13071247230262453,down,down,down,down,-0.0173260174409772,-0.0069591897399465,0.0,-1.027845013464984e-05,6.016
2.7649999999999997,-0.5847879615856365,0.3563039096194419,0.3568469760067104,0.13599892063845195,down,down,down,down,-0.0173260174409772,-0.0069591897399465,0.0,-1.027845013464984e-05,6.031
2.7809999999999997,-0.5901690581404041,0.3189925172319972,0.3663579792003579,0.14178456028010844,down,down,down,down,-0.0173260174409772,-0.0069591897399465,0.0,-1.027845013464984e-05,6.047
2.7969999999999997,-0.595454095487158,0.312988816731141,0.3759543114652175,0.14772305860543306,down,down,down,down,-0.0173260174409772,-0.0069591897399465,0.0,-1.027845013464984e-05,6.063
2.8120000000000003,-0.6006354115537215,0.3280950536632409,0.3850293706141237,0.15343043622102834,down,down,down,down,-0.0173260174409772,-0.0069591897399465,0.0,-1.027845013464984e-05,6.078
2.8280000000000003,-0.6060986530632598,0.3241265769051702,0.3947945901668987,0.15966902790727655,down,down,down,down,-0.0173260174409772,-0.0069591897399465,0.0,-1.027845013464984e-05,6.094
2.8440000000000003,-0.6109920386540272,0.288510581981982,0.4046426627364761,0.16606452593050355,down,down,down,down,-0.0173260174409772,-0.0069591897399465,0.0,-1.027845013464984e-05,6.11
2.859,-0.6157564378203199,0.300300593645208,0.4139476641561327,0.17220395338219793,down,down,down,down,-0.0173260174409772,-0.0069591897399465,0.0,-1.027845013464984e-05,6.125
2.875,-0.619769169508576,0.23346971307502948,0.4239432160506031,0.17890708042385184,down,down,down,down,-0.0173260174409772,-0.0069591897399465,0.0,-1.027845013464984e-05,6.141
2.9059999999999997,-0.6229515784418355,0.0853323352448139,0.4434211225257726,0.19235122767178556,down,down,down,down,-0.0173260174409772,-0.0069591897399465,0.0,-1.027845013464984e-05,6.172
2.9219999999999997,-0.628572281360862,0.33396791499817857,0.4535446604400333,0.19952695393551204,down,down,down,down,-0.0173260174409772,-0.0069591897399465,0.0,-1.027845013464984e-05,6.188
2.9370000000000003,-0.6340525440649857,0.3480248295005901,0.4631187344768268,0.20640192939738874,down,down,down,down,-0.0173260174409772,-0.0069591897399465,0.0,-1.027845013464984e-05,6.203
2.9530000000000003,-0.637401168275412,0.1919629957106704,0.4734017112113891,0.21389409296289444,down,down,down,down,-0.0173260174409772,-0.0069591897399465,0.0,-1.027845013464984e-05,6.219
2.9690000000000003,-0.6424275502004094,0.2968228528713588,0.4837516879950352,0.22155132015654586,down,down,down,down,-0.0173260174409772,-0.0069591897399465,0.0,-1.027845013464984e-05,6.235
2.984,-0.6473225514473652,0.309007399022746,0.4935292016034936,0.22888092682853464,down,down,down,down,-0.0173260174409772,-0.0069591897399465,0.0,-1.027845013464984e-05,6.25
3.0,-0.6510917652694578,0.2182498464398106,0.504027863173068,0.23686138334674714,down,down,down,down,-0.0173260174409772,-0.0069591897399465,0.0,-1.027845013464984e-05,6.266
3.0149999999999997,-0.654207539707997,0.1903922784616456,0.5139219958064979,0.24449600728909374,down,down,down,down,-0.0173260174409772,-0.0069591897399465,0.0,-1.027845013464984e-05,6.281
3.0469999999999997,-0.6564152975722558,0.05166641581710871,0.5351146552746603,0.2612805937063923,down,down,down,down,-0.0173260174409772,-0.0069591897399465,0.0,-1.027845013464984e-05,6.313
3.0780000000000003,-0.6598615294716944,0.093842753508653,0.5557326809757802,0.2781887274182745,down,down,down,down,-0.0173260174409772,-0.0069591897399465,0.0,-1.027845013464984e-05,6.344
3.0940000000000003,-0.6632027958561918,0.1915031315901093,0.5664285426142425,0.2871660172069947,down,down,down,down,-0.0173260174409772,-0.0069591897399465,0.0,-1.027845013464984e-05,6.36
3.109,-0.6659917137195369,0.168601840115368,0.5765018892821594,0.2957379954462175,down,down,down,down,-0.0173260174409772,-0.0069591897399465,0.0,-1.027845013464984e-05,6.375
3.125,-0.6691744022439182,0.1815920153328542,0.5872945652457062,0.3050483670824405,down,down,down,down,-0.0173260174409772,-0.0069591897399465,0.0,-1.027845013464984e-05,6.391
3.1559999999999997,-0.6717203910502613,0.0648026537313799,0.6082941694237042,0.32357999246981617,down,down,down,down,-0.0173260174409772,-0.0069591897399465,0.0,-1.027845013464984e-05,6.422
3.1719999999999997,-0.6744487693437141,0.1531976258998257,0.6191748697426951,0.3333997447831474,down,down,down,down,-0.0173260174409772,-0.0069591897399465,0.0,-1.027845013464984e-05,6.438
3.1870000000000003,-0.6770973280419029,0.1592445624382699,0.6294158533191868,0.34276417520611185,down,down,down,down,-0.0173260174409772,-0.0069591897399465,0.0,-1.027845013464984e-05,6.453
3.2030000000000003,-0.6784797817607872,0.0690773399892874,0.6403718172334475,0.3529224765705329,down,down,down,down,-0.0173260174409772,-0.0069591897399465,0.0,-1.027845013464984e-05,6.469
3.2190000000000003,-0.6817506262829608,0.1871017651948746,0.6513650075336366,0.3632563711686696,down,down,down,down,-0.0173260174409772,-0.0069591897399465,0.0,-1.027845013464984e-05,6.485
3.234,-0.6836982841790961,0.11251784230137679,0.661710262208201,0.3731044356917332,down,down,down,down,-0.0173260174409772,-0.0069591897399465,0.0,-1.027845013464984e-05,6.5
3.25,-0.6855481028086904,0.0982876469086679,0.6727755803399424,0.38378032243211835,down,down,down,down,-0.0173260174409772,-0.0069591897399465,0.0,-1.027845013464984e-05,6.516
3.2649999999999997,-0.6875851336452482,0.1184760383295469,0.683178467459446,0.39394997779061347,down,down,down,down,-0.0173260174409772,-0.0069591897399465,0.0,-1.027845013464984e-05,6.531
3.2969999999999997,-0.6888769725979565,0.023043949831158504,0.7054245552310155,0.4161676261536609,down,down,down,down,-0.0173260174409772,-0.0069591897399465,0.0,-1.027845013464984e-05,6.563
3.3120000000000003,-0.6901155016948836,0.06524258902082031,0.7158713866343115,0.4268273457176513,down,down,down,down,-0.0173260174409772,-0.0069591897399465,0.0,-1.027845013464984e-05,6.578
3.3280000000000003,-0.6909126147873011,0.0324935508351221,0.7270309586020082,0.43837056447954187,down,down,down,down,-0.0173260174409772,-0.0069591897399465,0.0,-1.027845013464984e-05,6.594
3.3440000000000003,-0.6933060611236518,0.13226437858093731,0.738216055045135,0.45009254058871895,down,down,down,down,-0.0173260174409772,-0.0069591897399465,0.0,-1.027845013464984e-05,6.61
3.359,-0.6955915014411148,0.1350366703898945,0.7487371746104697,0.46124468981113576,down,down,down,down,-0.0173260174409772,-0.0069591897399465,0.0,-1.027845013464984e-05,6.625
3.375,-0.697791008800552,0.12014319252384711,0.7599955817282422,0.47331455186184546,down,down,down,down,-0.0173260174409772,-0.0069591897399465,0.0,-1.027845013464984e-05,6.641
3.3899999999999997,-0.6978459386010735,0.013664030739546298,0.7705672466798534,0.48479377307490595,down,down,down,down,-0.0173260174409772,-0.0069591897399465,0.0,-1.027845013464984e-05,6.656
3.4059999999999997,-0.6978913551829643,0.0144874810728001,0.7818444920659648,0.49721306698487255,down,down,down,down,-0.0173260174409772,-0.0069591897399465,0.0,-1.027845013464984e-05,6.672
3.4219999999999997,-0.7002641835388773,0.130975754803586,0.7931410834115787,0.5098129515886929,down,down,down,down,-0.0173260174409772,-0.0069591897399465,0.0,-1.027845013464984e-05,6.688
3.4370000000000003,-0.7019876631252303,0.097572621649218,0.8037623601076591,0.5217897274150877,down,down,down,down,-0.0173260174409772,-0.0069591897399465,0.0,-1.027845013464984e-05,6.703
3.4530000000000003,-0.7036665788441497,0.0876062149914868,0.8151189410792533,0.534740777824583,down,down,down,down,-0.0173260174409772,-0.0069591897399465,0.0,-1.027845013464984e-05,6.719
3.4690000000000003,-0.7045164484838066,0.0357908350375746,0.8264957523337161,0.5478736953718867,down,down,down,down,-0.0173260174409772,-0.0069591897399465,0.0,-1.027845013464984e-05,6.735
3.484,-0.7059633504571982,0.0791341141184641,0.8371787386718725,0.5603512540544283,down,down,down,down,-0.0173260174409772,-0.0069591897399465,0.0,-1.027845013464984e-05,6.75
3.5149999999999997,-0.706828211181998,0.010572715617082801,0.8592927427592182,0.5866465620166099,down,down,down,down,-0.0173260174409772,-0.0069591897399465,0.0,-1.027845013464984e-05,6.781
3.5309999999999997,-0.7076931179798917,0.0367306574273751,0.8707202604283525,0.6004866660421105,down,down,down,down,-0.0173260174409772,-0.0069591897399465,0.0,-1.027845013464984e-05,6.797
3.5469999999999997,-0.7105887545458761,0.1636512679330514,0.8821778624443978,0.6145098510250926,down,down,down,down,-0.0173260174409772,-0.0069591897399465,0.0,-1.027845013464984e-05,6.813
3.5620000000000003,-0.7116905452662757,0.056126697252327995,0.8929493450390885,0.6278233050812192,down,down,down,down,-0.0173260174409772,-0.0069591897399465,0.0,-1.027845013464984e-05,6.828
3.5780000000000003,-0.7127485513283,0.0487993614355364,0.9044562048476844,0.6422025494803134,down,down,down,down,-0.0173260174409772,-0.0069591897399465,0.0,-1.027845013464984e-05,6.844
3.5940000000000003,-0.7150945867695918,0.12930119763976392,0.9159902969883066,0.6567661214950014,down,down,down,down,-0.0173260174409772,-0.0069591897399465,0.0,-1.027845013464984e-05,6.86
3.609,-0.7175061598499594,0.1434455212501959,0.9268391904340522,0.6705873426506688,down,down,down,down,-0.0173260174409772,-0.0069591897399465,0.0,-1.027845013464984e-05,6.875
3.625,-0.7198609015392315,0.1298453381385344,0.9384494739610048,0.6855096519658292,down,down,down,down,-0.0173260174409772,-0.0069591897399465,0.0,-1.027845013464984e-05,6.891
3.6399999999999997,-0.720198756806811,0.0,0.9493543092446992,0.6996681803398718,down,down,down,down,-0.0173260174409772,-0.0069591897399465,0.0,-1.027845013464984e-05,6.906
3.6719999999999997,-0.7210285904358021,0.0,0.9726366408722592,0.7304200355417432,down,down,down,down,-0.0173260174409772,-0.0069591897399465,0.0,-1.027845013464984e-05,6.938
3.6870000000000003,-0.7218458366749642,0.0371570651698218,0.9835625869216896,0.7450915297501983,down,down,down,down,-0.0173260174409772,-0.0069591897399465,0.0,-1.027845013464984e-05,6.953
3.7190000000000003,-0.7243527263522777,0.0610142849750694,1.0069244580018035,0.7769393224689742,down,down,down,down,-0.0173260174409772,-0.0069591897399465,0.0,-1.027845013464984e-05,6.985
3.734,-0.7267735825826592,0.1440643979177978,1.0179122931649147,0.7921255981027243,down,down,down,down,-0.0173260174409772,-0.0069591897399465,0.0,-1.027845013464984e-05,7.0
3.75,-0.7287244665553062,0.1046042308494587,1.0296676245938576,0.8085062374447946,down,down,down,down,-0.0173260174409772,-0.0069591897399465,0.0,-1.027845013464984e-05,7.016
3.7649999999999997,-0.7295215752840126,0.0358145644727852,1.0407088577537515,0.8240340610624013,down,down,down,down,-0.0173260174409772,-0.0069591897399465,0.0,-1.027845013464984e-05,7.031
3.7969999999999997,-0.7314158790966286,0.0418709767032732,1.06430655109552,0.8577143076039897,down,down,down,down,-0.0173260174409772,-0.0069591897399465,0.0,-1.027845013464984e-05,7.063
3.8120000000000003,-0.7318214922734382,0.0,1.0753852192268951,0.8737619958814085,down,down,down,down,-0.0173260174409772,-0.0069591897399465,0.0,-1.027845013464984e-05,7.078
3.8280000000000003,-0.7328952499607874,0.04978383801834681,1.087214300200608,0.8910627920368285,down,down,down,down,-0.0173260174409772,-0.0069591897399465,0.0,-1.027845013464984e-05,7.094
3.8440000000000003,-0.7339079444920512,0.04596739076301311,1.09906007279207,0.9085529870207699,down,down,down,down,-0.0173260174409772,-0.0069591897399465,0.0,-1.027845013464984e-05,7.11
3.859,-0.7343710211726578,0.0135457612661323,1.1101765528806542,0.9251222617133149,down,down,down,down,-0.0173260174409772,-0.0069591897399465,0.0,-1.027845013464984e-05,7.125
3.875,-0.7342951841233331,0.022065833023776498,1.1220372295588612,0.9429799719728311,down,down,down,down,-0.0173260174409772,-0.0069591897399465,0.0,-1.027845013464984e-05,7.141
3.8899999999999997,-0.7341860260312548,0.024603223579526098,1.1331552264811195,0.9598939153931305,down,down,down,down,-0.0173260174409772,-0.0069591897399465,0.0,-1.027845013464984e-05,7.156
3.9059999999999997,-0.7371263649967795,0.16644516790431652,1.145037072645183,0.9781194537861411,down,down,down,down,-0.0173260174409772,-0.0069591897399465,0.0,-1.027845013464984e-05,7.172
3.9219999999999997,-0.7383504919462728,0.0591819169023511,1.1569522345365666,0.9965353682435951,down,down,down,down,-0.0173260174409772,-0.0069591897399465,0.0,-1.027845013464984e-05,7.188
3.9370000000000003,-0.7395279809114009,0.0611732469008963,1.1681407109290989,1.0139735653345885,down,down,down,down,-0.0173260174409772,-0.0069591897399465,0.0,-1.027845013464984e-05,7.203
3.9530000000000003,-0.7421272777455067,0.14513003469063251,1.180105300034193,1.0327595334222945,down,down,down,down,-0.0173260174409772,-0.0069591897399465,0.0,-1.027845013464984e-05,7.219
3.9690000000000003,-0.7436829994340731,0.0799065880944249,1.1921031292874689,1.0517372008568682,down,down,down,down,-0.0173260174409772,-0.0069591897399465,0.0,-1.027845013464984e-05,7.235
3.984,-0.7457463644757195,0.1202316520021185,1.2033782373628912,1.0697033111067453,down,down,down,down,-0.0173260174409772,-0.0069591897399465,0.0,-1.027845013464984e-05,7.25
4.0,-0.7477718012167253,0.1092637788718819,1.21543772972427,1.0890538388434425,down,down,down,down,-0.0173260174409772,-0.0069591897399465,0.0,-1.027845013464984e-05,7.266
4.031,-0.7492035838272565,0.0288605183826113,1.2388565830743898,1.127095400691822,down,down,down,down,-0.0173260174409772,-0.0069591897399465,0.0,-1.027845013464984e-05,7.297
4.047,-0.7491893761483316,0.018213997373783698,1.2509550737900337,1.1470138939467371,down,down,down,down,-0.0173260174409772,-0.0069591897399465,0.0,-1.027845013464984e-05,7.313
4.062,-0.750120404749346,0.044742555959984505,1.2623042849928658,1.1658633391376096,down,down,down,down,-0.0173260174409772,-0.0069591897399465,0.0,-1.027845013464984e-05,7.328
4.078,-0.7504370672200978,0.0,1.2744200918044606,1.1861571341519883,down,down,down,down,-0.0173260174409772,-0.0069591897399465,0.0,-1.027845013464984e-05,7.344
4.094,-0.750725248505388,0.0,1.2865407373661035,1.2066448207853528,down,down,down,down,-0.0173260174409772,-0.0069591897399465,0.0,-1.027845013464984e-05,7.36
4.109,-0.7512439336214013,0.017252990293241705,1.2979098940781535,1.2260282005211844,down,down,down,down,-0.0173260174409772,-0.0069591897399465,0.0,-1.027845013464984e-05,7.375
4.125,-0.7498683809267154,0.1032980608588472,1.3100301396303775,1.2468917207908525,down,down,down,down,-0.0173260174409772,-0.0069591897399465,0.0,-1.027845013464984e-05,7.391
4.14,-0.7513344949498856,0.0804149174370386,1.321393549045551,1.2666273984559218,down,down,down,down,-0.0173260174409772,-0.0069591897399465,0.0,-1.027845013464984e-05,7.406
4.156,-0.7527906002387718,0.0736805631144088,1.3335378968428997,1.2878668500230295,down,down,down,down,-0.0173260174409772,-0.0069591897399465,0.0,-1.027845013464984e-05,7.422
4.187,-0.7538622476735101,0.017243254647354704,1.3571067508674786,1.329571842062541,down,down,down,down,-0.0173260174409772,-0.0069591897399465,0.0,-1.027845013464984e-05,7.453
4.203,-0.7552670165606533,0.0704720380054757,1.369291132017191,1.3513830251256185,down,down,down,down,-0.0173260174409772,-0.0069591897399465,0.0,-1.027845013464984e-05,7.469
4.219,-0.7565942206402011,0.0656242375307592,1.381497368950637,1.373389333133361,down,down,down,down,-0.0173260174409772,-0.0069591897399465,0.0,-1.027845013464984e-05,7.485
4.234,-0.759053058742044,0.1465965226818854,1.3929691113921028,1.394197831735931,down,down,down,down,-0.0173260174409772,-0.0069591897399465,0.0,-1.027845013464984e-05,7.5
4.265,-0.76142961773148,0.05933717576663661,1.4167523277593803,1.4377485140427788,down,down,down,down,-0.0173260174409772,-0.0069591897399465,0.0,-1.027845013464984e-05,7.531
4.281,-0.7619357341967562,0.014306261638785699,1.4290505976106456,1.4605149374457391,down,down,down,down,-0.0173260174409772,-0.0069591897399465,0.0,-1.027845013464984e-05,7.547
4.297,-0.7636374187811673,0.0890292690847171,1.4413665298703082,1.4834782744655866,down,down,down,down,-0.0173260174409772,-0.0069591897399465,0.0,-1.027845013464984e-05,7.563
4.312,-0.7643624508964085,0.031009456908435602,1.4529309167389897,1.5051855053151573,down,down,down,down,-0.0173260174409772,-0.0069591897399465,0.0,-1.027845013464984e-05,7.578
4.328,-0.7650559810777119,0.0260196188904826,1.4652776112306218,1.5285311735389142,down,down,down,down,-0.0173260174409772,-0.0069591897399465,0.0,-1.027845013464984e-05,7.594
4.344,-0.7664948636900261,0.0726041458286586,1.477641365024603,1.552074525348956,down,down,down,down,-0.0173260174409772,-0.0069591897399465,0.0,-1.027845013464984e-05,7.61
4.375,-0.7678663345658628,0.026914978553758004,1.5016396984795073,1.5982533818332694,down,down,down,down,-0.0173260174409772,-0.0069591897399465,0.0,-1.027845013464984e-05,7.641
4.39,-0.7683007819040545,0.0116371384384664,1.513265339699131,1.6208651696196086,down,down,down,down,-0.0173260174409772,-0.0069591897399465,0.0,-1.027845013464984e-05,7.656
4.406,-0.7697922196990455,0.0758888447459638,1.5256814307477946,1.645176743783184,down,down,down,down,-0.0173260174409772,-0.0069591897399465,0.0,-1.027845013464984e-05,7.672
4.422,-0.7712641237689707,0.0746679869293442,1.538121228531378,1.6696871650574172,down,down,down,down,-0.0173260174409772,-0.0069591897399465,0.0,-1.027845013464984e-05,7.688
4.437,-0.7694795050276878,0.1363006001931649,1.5497811935934525,1.6928464332233544,down,down,down,down,-0.0173260174409772,-0.0069591897399465,0.0,-1.027845013464984e-05,7.703
4.453,-0.7715213640308393,0.1102901702559888,1.56222054758176,1.717742447152756,down,down,down,down,-0.0173260174409772,-0.0069591897399465,0.0,-1.027845013464984e-05,7.719
4.469,-0.7701195773870994,0.1049376826747215,1.5746650221489424,1.7428375317106017,down,down,down,down,-0.0173260174409772,-0.0069591897399465,0.0,-1.027845013464984e-05,7.735
4.484,-0.7687482486110327,0.1087479358454194,1.5863109186900273,1.7665448512668935,down,down,down,down,-0.0173260174409772,-0.0069591897399465,0.0,-1.027845013464984e-05,7.75
4.5,-0.7698818060174394,0.053521320459437596,1.5987313061628945,1.7920251890657168,down,down,down,down,-0.0173260174409772,-0.0069591897399465,0.0,-1.027845013464984e-05,7.766
4.531,-0.7692335339823942,0.0382380185714657,1.6228033288148298,1.841958975907871,down,down,down,down,-0.0173260174409772,-0.0069591897399465,0.0,-1.027845013464984e-05,7.797
4.547,-0.7697853639602689,0.017163356176186403,1.6352268270342103,1.8680232171546634,down,down,down,down,-0.0173260174409772,-0.0069591897399465,0.0,-1.027845013464984e-05,7.813
4.578,-0.7696096764048602,0.022993357938030097,1.6593031850418083,1.9190884323418427,down,down,down,down,-0.0173260174409772,-0.0069591897399465,0.0,-1.027845013464984e-05,7.844
4.594,-0.7687502767045161,0.0710384987124833,1.6717214117025228,1.9457366291157974,down,down,down,down,-0.0173260174409772,-0.0069591897399465,0.0,-1.027845013464984e-05,7.86
4.609,-0.769053172824867,0.0,1.683359325420092,1.970899734644217,down,down,down,down,-0.0173260174409772,-0.0069591897399465,0.0,-1.027845013464984e-05,7.875
4.625,-0.7691948266718144,0.0,1.6957766564519046,1.997932822499193,down,down,down,down,-0.0173260174409772,-0.0069591897399465,0.0,-1.027845013464984e-05,7.891
4.64,-0.7693620566639315,0.0,1.7074202209230216,2.0234567990795043,down,down,down,down,-0.0173260174409772,-0.0069591897399465,0.0,-1.027845013464984e-05,7.906
4.656,-0.770058531783013,0.0262036775016128,1.7198469326664363,2.05087493630822,down,down,down,down,-0.0173260174409772,-0.0069591897399465,0.0,-1.027845013464984e-05,7.922
4.672,-0.7704462265346842,0.0,1.732282317768817,2.078491970311702,down,down,down,down,-0.0173260174409772,-0.0069591897399465,0.0,-1.027845013464984e-05,7.938
4.687,-0.7708266433170988,0.0,1.743946252138805,2.1045636845860103,down,down,down,down,-0.0173260174409772,-0.0069591897399465,0.0,-1.027845013464984e-05,7.953
4.703,-0.7710978324415106,0.0,1.7563929949807129,2.1325663985629664,down,down,down,down,-0.0173260174409772,-0.0069591897399465,0.0,-1.027845013464984e-05,7.969
4.719,-0.7718046818046106,0.0268520677527695,1.768847562130521,2.160768323019856,down,down,down,down,-0.0173260174409772,-0.0069591897399465,0.0,-1.027845013464984e-05,7.985
4.734,-0.7724942017072288,0.028641976066905703,1.780534191602959,2.1873886861728566,down,down,down,down,-0.0173260174409772,-0.0069591897399465,0.0,-1.027845013464984e-05,8.0
4.75,-0.7720826550649865,0.0430476825811209,1.793002153492976,2.215976976933624,down,down,down,down,-0.0173260174409772,-0.0069591897399465,0.0,-1.027845013464984e-05,8.016
4.765000000000001,-0.7733529843311971,0.0673626003063945,1.8046973086345468,2.2429597228995815,down,down,down,down,-0.0173260174409772,-0.0069591897399465,0.0,-1.027845013464984e-05,8.031
4.781000000000001,-0.7725508046625952,0.06746224672859999,1.8171758859823364,2.2719347084565165,down,down,down,down,-0.0173260174409772,-0.0069591897399465,0.0,-1.027845013464984e-05,8.047
4.797000000000001,-0.7717369736493788,0.068190455767003,1.8296415352446715,2.3011092478263326,down,down,down,down,-0.0173260174409772,-0.0069591897399465,0.0,-1.027845013464984e-05,8.063
4.811999999999999,-0.7713788244216567,0.0412026326224483,1.8413192915763024,2.328641454027488,down,down,down,down,-0.0173260174409772,-0.0069591897399465,0.0,-1.027845013464984e-05,8.078
4.827999999999999,-0.7708640372406742,0.0495002162523848,1.85376858150544,2.358202157012142,down,down,down,down,-0.0173260174409772,-0.0069591897399465,0.0,-1.027845013464984e-05,8.094
4.859,-0.7703317622649185,0.0344961779492251,1.877872851279716,2.416042599220313,down,down,down,down,-0.0173260174409772,-0.0069591897399465,0.0,-1.027845013464984e-05,8.125
4.875,-0.7725372730027563,0.12051840367388592,1.890327150597696,2.4461881992353325,down,down,down,down,-0.0173260174409772,-0.0069591897399465,0.0,-1.027845013464984e-05,8.141
4.890000000000001,-0.7730864800964491,0.0192877888052062,1.90202371659204,2.4746308307392564,down,down,down,down,-0.0173260174409772,-0.0069591897399465,0.0,-1.027845013464984e-05,8.156
4.906000000000001,-0.7735863031529125,0.0139129235879887,1.914508445893874,2.5051630880391436,down,down,down,down,-0.0173260174409772,-0.0069591897399465,0.0,-1.027845013464984e-05,8.172
4.922000000000001,-0.7739599288023024,0.0,1.9270001627853548,2.5358951569085773,down,down,down,down,-0.0173260174409772,-0.0069591897399465,0.0,-1.027845013464984e-05,8.188
4.936999999999999,-0.77413459703903,0.0,1.938715259575263,2.5648880225762793,down,down,down,down,-0.0173260174409772,-0.0069591897399465,0.0,-1.027845013464984e-05,8.203
4.952999999999999,-0.7742543729133172,0.0,1.951213718370721,2.5960074543998473,down,down,down,down,-0.0173260174409772,-0.0069591897399465,0.0,-1.027845013464984e-05,8.219
4.968999999999999,-0.7738813234005538,0.040641611988689694,1.9637101509770711,2.6273268453546295,down,down,down,down,-0.0173260174409772,-0.0069591897399465,0.0,-1.027845013464984e-05,8.235
5.0,-0.7738835339948819,0.0172547079465245,1.987916241148636,2.6885770544325784,down,down,down,down,-0.0173260174409772,-0.0069591897399465,0.0,-1.027845013464984e-05,8.266
5.015000000000001,-0.7739223868413846,0.014735827674128399,1.9996291734010017,2.7184836450417023,down,down,down,down,-0.0173260174409772,-0.0069591897399465,0.0,-1.027845013464984e-05,8.281
5.031000000000001,-0.7731386644986956,0.066308663859038,2.0121170088475613,2.7505776144996905,down,down,down,down,-0.0173260174409772,-0.0069591897399465,0.0,-1.027845013464984e-05,8.297
5.047000000000001,-0.7717712262332467,0.1027909090315358,2.024587635009256,2.7828712516505454,down,down,down,down,-0.0173260174409772,-0.0069591897399465,0.0,-1.027845013464984e-05,8.313
5.061999999999999,-0.7703991983300132,0.1087945443232132,2.0362583010395783,2.813327596170909,down,down,down,down,-0.0173260174409772,-0.0069591897399465,0.0,-1.027845013464984e-05,8.328
5.077999999999999,-0.7712836465748866,0.037951997863605605,2.0487031108346567,2.8460072874659033,down,down,down,down,-0.0173260174409772,-0.0069591897399465,0.0,-1.027845013464984e-05,8.344
5.093999999999999,-0.7715997350642817,0.0,2.061157524923609,2.878886172551969,down,down,down,down,-0.0173260174409772,-0.0069591897399465,0.0,-1.027845013464984e-05,8.36
5.125,-0.7731112326092459,0.031431967880446304,2.085316279804488,2.943156516525256,down,down,down,down,-0.0173260174409772,-0.0069591897399465,0.0,-1.027845013464984e-05,8.391
5.140000000000001,-0.7732363326335802,0.0,2.0970182743899084,2.974524025681715,down,down,down,down,-0.0173260174409772,-0.0069591897399465,0.0,-1.027845013464984e-05,8.406
5.156000000000001,-0.7741364200289668,0.0389294447706856,2.109508603447048,3.008176240704411,down,down,down,down,-0.0173260174409772,-0.0069591897399465,0.0,-1.027845013464984e-05,8.422
5.172000000000001,-0.7750483855224691,0.0396718259029205,2.1220134289272985,3.0420284169634058,down,down,down,down,-0.0173260174409772,-0.0069591897399465,0.0,-1.027845013464984e-05,8.438
5.186999999999999,-0.77565786075394,0.023305664657087603,2.1337481136204697,3.0739466285325117,down,down,down,down,-0.0173260174409772,-0.0069591897399465,0.0,-1.027845013464984e-05,8.453
5.202999999999999,-0.7762306410315817,0.018472749911624405,2.146274568670593,3.1081868099908396,down,down,down,down,-0.0173260174409772,-0.0069591897399465,0.0,-1.027845013464984e-05,8.469
5.218999999999999,-0.7768520447635013,0.0215117158040012,2.158810577192793,3.1426274911577465,down,down,down,down,-0.0173260174409772,-0.0069591897399465,0.0,-1.027845013464984e-05,8.485
5.234,-0.7774539267007957,0.0227994450453132,2.1705722598248745,3.1750978624353805,down,down,down,down,-0.0173260174409772,-0.0069591897399465,0.0,-1.027845013464984e-05,8.5
5.25,-0.7776556685933845,0.0,2.183124483623067,3.209927436382964,down,down,down,down,-0.0173260174409772,-0.0069591897399465,0.0,-1.027845013464984e-05,8.516
5.281000000000001,-0.7763989972520201,0.057863802646280396,2.2074280658256096,3.2779810008994197,down,down,down,down,-0.0173260174409772,-0.0069591897399465,0.0,-1.027845013464984e-05,8.547
5.297000000000001,-0.7751458178379506,0.0956497308203239,2.2199517713821684,3.3134000395970817,down,down,down,down,-0.0173260174409772,-0.0069591897399465,0.0,-1.027845013464984e-05,8.563
5.311999999999999,-0.7741580982393242,0.0831739906827367,2.2316759385988463,3.3467872474219367,down,down,down,down,-0.0173260174409772,-0.0069591897399465,0.0,-1.027845013464984e-05,8.578
5.327999999999999,-0.7731886954805597,0.0779136898637621,2.2441660599844444,3.382593983410603,down,down,down,down,-0.0173260174409772,-0.0069591897399465,0.0,-1.027845013464984e-05,8.594
5.343999999999999,-0.7724828423083868,0.0614418407017812,2.256642779322595,3.4186004541250594,down,down,down,down,-0.0173260174409772,-0.0069591897399465,0.0,-1.027845013464984e-05,8.61
5.359,-0.7730022552356585,0.017301511043797804,2.2683383054002757,3.4525378122604824,down,down,down,down,-0.0173260174409772,-0.0069591897399465,0.0,-1.027845013464984e-05,8.625
5.375,-0.7734929665732225,0.013343441156776801,2.280821614210585,3.4889310916173693,down,down,down,down,-0.0173260174409772,-0.0069591897399465,0.0,-1.027845013464984e-05,8.641
5.406000000000001,-0.7728122382392667,0.0392849959556808,2.3050050797671178,3.560011405374025,down,down,down,down,-0.0173260174409772,-0.0069591897399465,0.0,-1.027845013464984e-05,8.672
5.422000000000001,-0.7737808293369427,0.0432109261637725,2.3174891713435666,3.59699135938291,down,down,down,down,-0.0173260174409772,-0.0069591897399465,0.0,-1.027845013464984e-05,8.688
5.436999999999999,-0.7757156714667152,0.11166345787719731,2.329214782945692,3.6318416390400774,down,down,down,down,-0.0173260174409772,-0.0069591897399465,0.0,-1.027845013464984e-05,8.703
5.452999999999999,-0.777576327755405,0.0989650006021358,2.341752465975308,3.6692093770314456,down,down,down,down,-0.0173260174409772,-0.0069591897399465,0.0,-1.027845013464984e-05,8.719
5.468999999999999,-0.7787083630460111,0.053426188221905604,2.354314090537559,3.7067779094835482,down,down,down,down,-0.0173260174409772,-0.0069591897399465,0.0,-1.027845013464984e-05,8.735
5.484,-0.7789386127391947,0.0,2.3661008307020475,3.7421810213928466,down,down,down,down,-0.0173260174409772,-0.0069591897399465,0.0,-1.027845013464984e-05,8.75
5.5,-0.7791283703374196,0.0,2.3786767136024998,3.7801392417472823,down,down,down,down,-0.0173260174409772,-0.0069591897399465,0.0,-1.027845013464984e-05,8.766
5.515000000000001,-0.7773841325944596,0.133608533638303,2.390454945220588,3.8159077291884573,down,down,down,down,-0.0173260174409772,-0.0069591897399465,0.0,-1.027845013464984e-05,8.781
5.531000000000001,-0.7784905231543037,0.0518233925492772,2.403013289502417,3.854255475066241,down,down,down,down,-0.0173260174409772,-0.0069591897399465,0.0,-1.027845013464984e-05,8.797
5.547000000000001,-0.7792815595703929,0.0321137585646003,2.4155868132000538,3.8928042758878614,down,down,down,down,-0.0173260174409772,-0.0069591897399465,0.0,-1.027845013464984e-05,8.813
5.561999999999999,-0.7800337980907824,0.032823217251661804,2.427386066228611,3.9291265724835736,down,down,down,down,-0.0173260174409772,-0.0069591897399465,0.0,-1.027845013464984e-05,8.828
5.577999999999999,-0.7801073076276578,0.0127316713862679,2.4399785421101976,3.9680654893502836,down,down,down,down,-0.0173260174409772,-0.0069591897399465,0.0,-1.027845013464984e-05,8.844
5.593999999999999,-0.7796023298509046,0.048887128488050796,2.452567566245865,4.007205858217132,down,down,down,down,-0.0173260174409772,-0.0069591897399465,0.0,-1.027845013464984e-05,8.86
5.609,-0.7804202491828357,0.0372019380210936,2.464372123434718,4.044082905889738,down,down,down,down,-0.0173260174409772,-0.0069591897399465,0.0,-1.027845013464984e-05,8.875
5.640000000000001,-0.7813584417699727,0.012938259563441901,2.488795428026425,4.120857002937387,down,down,down,down,-0.0173260174409772,-0.0069591897399465,0.0,-1.027845013464984e-05,8.906
5.656000000000001,-0.7822698534171303,0.0396372105063714,2.5014158014237613,4.160778692772989,down,down,down,down,-0.0173260174409772,-0.0069591897399465,0.0,-1.027845013464984e-05,8.922
5.672000000000001,-0.7814164828578748,0.0706616773944456,2.5140366391498006,4.200902312297577,down,down,down,down,-0.0173260174409772,-0.0069591897399465,0.0,-1.027845013464984e-05,8.938
5.686999999999999,-0.7824117642151301,0.04902607304271821,2.525869738848946,4.238701610132565,down,down,down,down,-0.0173260174409772,-0.0069591897399465,0.0,-1.027845013464984e-05,8.953
5.702999999999999,-0.782937536207145,0.0155347320599519,2.538503880288164,4.279216599085662,down,down,down,down,-0.0173260174409772,-0.0069591897399465,0.0,-1.027845013464984e-05,8.969
5.718999999999999,-0.7834573341601062,0.015161354619097601,2.551146386286941,4.319933801218263,down,down,down,down,-0.0173260174409772,-0.0069591897399465,0.0,-1.027845013464984e-05,8.985
5.734,-0.7821115695398008,0.1070436587946701,2.56299254091079,4.358289843172248,down,down,down,down,-0.0173260174409772,-0.0069591897399465,0.0,-1.027845013464984e-05,9.0
5.75,-0.7823364500607203,0.0,2.5756194721034333,4.399398739276362,down,down,down,down,-0.0173260174409772,-0.0069591897399465,0.0,-1.027845013464984e-05,9.016
5.781000000000001,-0.7821651966450426,0.0228503211725157,2.6000849825093115,4.479622158322861,down,down,down,down,-0.0173260174409772,-0.0069591897399465,0.0,-1.027845013464984e-05,9.047
5.797000000000001,-0.78163284720873,0.050597857210510196,2.6127067138959807,4.521324491894103,down,down,down,down,-0.0173260174409772,-0.0069591897399465,0.0,-1.027845013464984e-05,9.063
5.811999999999999,-0.7811652360465954,0.0485000949166246,2.624532087366494,4.560603782903568,down,down,down,down,-0.0173260174409772,-0.0069591897399465,0.0,-1.027845013464984e-05,9.078
5.827999999999999,-0.7807775642891405,0.041555502281909,2.637138976805019,4.60269715141694,down,down,down,down,-0.0173260174409772,-0.0069591897399465,0.0,-1.027845013464984e-05,9.094
5.843999999999999,-0.7791215457984927,0.1208271731064634,2.649729516721559,4.644992099365153,down,down,down,down,-0.0173260174409772,-0.0069591897399465,0.0,-1.027845013464984e-05,9.11
5.859,-0.778669999825569,0.0474290823025586,2.6615173411598394,4.684826450799265,down,down,down,down,-0.0173260174409772,-0.0069591897399465,0.0,-1.027845013464984e-05,9.125
5.875,-0.7782206065286311,0.045413098499591395,2.6740838130465123,4.727511260032916,down,down,down,down,-0.0173260174409772,-0.0069591897399465,0.0,-1.027845013464984e-05,9.141
5.890000000000001,-0.7773044547600582,0.07840280201250549,2.6858546388522773,4.767710798422159,down,down,down,down,-0.0173260174409772,-0.0069591897399465,0.0,-1.027845013464984e-05,9.156
5.906000000000001,-0.7772936120157611,0.018003688959544597,2.698402770422323,4.810784857696356,down,down,down,down,-0.0173260174409772,-0.0069591897399465,0.0,-1.027845013464984e-05,9.172
5.936999999999999,-0.7772932940127238,0.017336275603468693,2.722714602347702,4.894812176974288,down,down,down,down,-0.0173260174409772,-0.0069591897399465,0.0,-1.027845013464984e-05,9.203
5.952999999999999,-0.7772668726951243,0.018977349790949397,2.735262430717204,4.938475993238807,down,down,down,down,-0.0173260174409772,-0.0069591897399465,0.0,-1.027845013464984e-05,9.219
5.968999999999999,-0.7783651827662778,0.0513183620061142,2.747818834196734,4.9823406433581185,down,down,down,down,-0.0173260174409772,-0.0069591897399465,0.0,-1.027845013464984e-05,9.235
5.984,-0.7794295590910975,0.053632404213666995,2.759606682606764,5.0236463347341465,down,down,down,down,-0.0173260174409772,-0.0069591897399465,0.0,-1.027845013464984e-05,9.25
6.0,-0.7793919235997216,0.0196782356519652,2.772188601504129,5.067900697007033,down,down,down,down,-0.0173260174409772,-0.0069591897399465,0.0,-1.027845013464984e-05,9.266
6.015000000000001,-0.7796655269126448,0.0,2.783985920229072,5.109572005920034,down,down,down,down,-0.0173260174409772,-0.0069591897399465,0.0,-1.027845013464984e-05,9.281
6.031000000000001,-0.7798885343805236,0.0,2.7965736997552564,5.154216482879909,down,down,down,down,-0.0173260174409772,-0.0069591897399465,0.0,-1.027845013464984e-05,9.297
6.047000000000001,-0.7808668694718418,0.0438199257664085,2.8091710900219145,5.1990624411981265,down,down,down,down,-0.0173260174409772,-0.0069591897399465,0.0,-1.027845013464984e-05,9.313
6.077999999999999,-0.7807069670144086,0.0224841612291466,2.8335912193693886,5.286525256993689,down,down,down,down,-0.0173260174409772,-0.0069591897399465,0.0,-1.027845013464984e-05,9.344
6.093999999999999,-0.780548792619797,0.027211917104197198,2.8461926124823016,5.331963527648503,down,down,down,down,-0.0173260174409772,-0.0069591897399465,0.0,-1.027845013464984e-05,9.36
6.109,-0.7802089792810493,0.0399802400241612,2.858002683617657,5.374744992369254,down,down,down,down,-0.0173260174409772,-0.0069591897399465,0.0,-1.027845013464984e-05,9.375
6.125,-0.7798240890580531,0.0413816563782364,2.8705942952002097,5.420573768199797,down,down,down,down,-0.0173260174409772,-0.0069591897399465,0.0,-1.027845013464984e-05,9.391
6.140000000000001,-0.7804125768190816,0.0219064999609205,2.882400458040388,5.463721228849104,down,down,down,down,-0.0173260174409772,-0.0069591897399465,0.0,-1.027845013464984e-05,9.406
6.156000000000001,-0.7823766560312003,0.1054289333164426,2.895014118939029,5.509940545464939,down,down,down,down,-0.0173260174409772,-0.0069591897399465,0.0,-1.027845013464984e-05,9.422
6.186999999999999,-0.7829119285180522,0.0,2.9194918268814805,5.600065387625154,down,down,down,down,-0.0173260174409772,-0.0069591897399465,0.0,-1.027845013464984e-05,9.453
6.202999999999999,-0.7834794218148337,0.0181423136078607,2.9321343047199826,5.646878396677966,down,down,down,down,-0.0173260174409772,-0.0069591897399465,0.0,-1.027845013464984e-05,9.469
6.218999999999999,-0.7830721694023365,0.0427792932220504,2.944778064485559,5.69389369563161,down,down,down,down,-0.0173260174409772,-0.0069591897399465,0.0,-1.027845013464984e-05,9.485
6.234,-0.7835764095369414,0.016289991532683304,2.956632316673703,5.738154273490307,down,down,down,down,-0.0173260174409772,-0.0069591897399465,0.0,-1.027845013464984e-05,9.5
6.265000000000001,-0.7820380337295082,0.0669510434872089,2.981115075426272,5.830189358067857,down,down,down,down,-0.0173260174409772,-0.0069591897399465,0.0,-1.027845013464984e-05,9.531
6.281000000000001,-0.7819875748743234,0.0204796958900298,2.993738627330942,5.877988187689915,down,down,down,down,-0.0173260174409772,-0.0069591897399465,0.0,-1.027845013464984e-05,9.547
6.297000000000001,-0.7819552004503337,0.0193494189403286,3.0063615165693784,5.925988988841118,down,down,down,down,-0.0173260174409772,-0.0069591897399465,0.0,-1.027845013464984e-05,9.563
6.311999999999999,-0.7795788778069747,0.1757475269982616,3.0181774100024064,5.9711730307904025,down,down,down,down,-0.0173260174409772,-0.0069591897399465,0.0,-1.027845013464984e-05,9.578
6.327999999999999,-0.7775128377509511,0.14645352094244649,3.0307454907627087,6.019564413996523,down,down,down,down,-0.0173260174409772,-0.0069591897399465,0.0,-1.027845013464984e-05,9.594
6.343999999999999,-0.7770200114335194,0.0481276622804615,3.043293100592024,6.068156722727361,down,down,down,down,-0.0173260174409772,-0.0069591897399465,0.0,-1.027845013464984e-05,9.61
6.359,-0.7765416559437349,0.049216383426607696,3.055049200943453,6.113894289988878,down,down,down,down,-0.0173260174409772,-0.0069591897399465,0.0,-1.027845013464984e-05,9.625
6.375,-0.7745952872823364,0.1389740587783847,3.0675696435251005,6.162875240744627,down,down,down,down,-0.0173260174409772,-0.0069591897399465,0.0,-1.027845013464984e-05,9.641
6.390000000000001,-0.7729657103473607,0.1259644797726846,3.0792807388534227,6.208976618612467,down,down,down,down,-0.0173260174409772,-0.0069591897399465,0.0,-1.027845013464984e-05,9.656
6.406000000000001,-0.7713962953944425,0.1154144519983633,3.0917469819351964,6.258344840378776,down,down,down,down,-0.0173260174409772,-0.0069591897399465,0.0,-1.027845013464984e-05,9.672
6.422000000000001,-0.7684139518623657,0.2037224881957786,3.10417681094909,6.30791223072185,down,down,down,down,-0.0173260174409772,-0.0069591897399465,0.0,-1.027845013464984e-05,9.688
6.452999999999999,-0.7655284437847137,0.1104069231716897,3.128168652963557,6.4045135854124915,down,down,down,down,-0.0173260174409772,-0.0069591897399465,0.0,-1.027845013464984e-05,9.719
6.468999999999999,-0.7638887142511025,0.1198091132916799,3.140515337263683,6.45466305733431,down,down,down,down,-0.0173260174409772,-0.0069591897399465,0.0,-1.027845013464984e-05,9.735
6.484,-0.7634233938224534,0.0483473793509165,3.1520745659203344,6.501857481608192,down,down,down,down,-0.0173260174409772,-0.0069591897399465,0.0,-1.027845013464984e-05,9.75
6.5,-0.7615964191624124,0.1315119336935398,3.1643860714600525,6.5523891667072345,down,down,down,down,-0.0173260174409772,-0.0069591897399465,0.0,-1.027845013464984e-05,9.766
6.515000000000001,-0.7598389083617293,0.1344934041531789,3.1759012242625837,6.599941321425156,down,down,down,down,-0.0173260174409772,-0.0069591897399465,0.0,-1.027845013464984e-05,9.781
6.531000000000001,-0.7557015257753311,0.2759124290908629,3.1881368947715187,6.650853626377429,down,down,down,down,-0.0173260174409772,-0.0069591897399465,0.0,-1.027845013464984e-05,9.797
6.547000000000001,-0.7528223345318531,0.1972754701583532,3.2003164326898155,6.701961252997119,down,down,down,down,-0.0173260174409772,-0.0069591897399465,0.0,-1.027845013464984e-05,9.813
6.561999999999999,-0.7500335789729392,0.2032430547019182,3.2116922398872,6.750051318041443,down,down,down,down,-0.0173260174409772,-0.0069591897399465,0.0,-1.027845013464984e-05,9.828
6.577999999999999,-0.747446166410681,0.1790393025821177,3.223783424886108,6.8015351233596295,down,down,down,down,-0.0173260174409772,-0.0069591897399465,0.0,-1.027845013464984e-05,9.844
6.593999999999999,-0.7429954727586542,0.29549437069265017,3.235818305035301,6.853211937199001,down,down,down,down,-0.0173260174409772,-0.0069591897399465,0.0,-1.027845013464984e-05,9.86
6.609,-0.7386375983167836,0.3078509802323418,3.247034940914467,6.901833336543626,down,down,down,down,-0.0173260174409772,-0.0069591897399465,0.0,-1.027845013464984e-05,9.875
6.625,-0.7335510331904499,0.33523633783683016,3.258923797002364,6.95388100644696,down,down,down,down,-0.0173260174409772,-0.0069591897399465,0.0,-1.027845013464984e-05,9.891
6.640000000000001,-0.7293520461825197,0.2972584846363132,3.2699999579437606,7.002847934609058,down,down,down,down,-0.0173260174409772,-0.0069591897399465,0.0,-1.027845013464984e-05,9.906
6.656000000000001,-0.7243893815257644,0.3274925584881845,3.281741236401266,7.055261864163818,down,down,down,down,-0.0173260174409772,-0.0069591897399465,0.0,-1.027845013464984e-05,9.922
6.672000000000001,-0.719577400596375,0.31807482552781385,3.2934043176940824,7.10786302859658,down,down,down,down,-0.0173260174409772,-0.0069591897399465,0.0,-1.027845013464984e-05,9.938
6.702999999999999,-0.7150729313824497,0.1626314759547032,3.315857132721692,7.2103065810780205,down,down,down,down,-0.0173260174409772,-0.0069591897399465,0.0,-1.027845013464984e-05,9.969
6.718999999999999,-0.7097742761955407,0.3484919666227878,3.327367257418155,7.263452376199139,down,down,down,down,-0.0173260174409772,-0.0069591897399465,0.0,-1.027845013464984e-05,9.985
6.734,-0.7019261777903038,0.5405325777900857,3.338059398669148,7.313443076119796,down,down,down,down,-0.0173260174409772,-0.0069591897399465,0.0,-1.027845013464984e-05,10.0
6.75,-0.6957186500796501,0.40529649935683265,3.349351904327947,7.366942366543773,down,down,down,down,-0.0173260174409772,-0.0069591897399465,0.0,-1.027845013464984e-05,10.016
6.765000000000001,-0.6896828359917305,0.41971362330226414,3.359846803319582,7.417261356851132,down,down,down,down,-0.0173260174409772,-0.0069591897399465,0.0,-1.027845013464984e-05,10.031
6.781000000000001,-0.682334891811241,0.4765725287215745,3.370934292177845,7.47110760561511,down,down,down,down,-0.0173260174409772,-0.0069591897399465,0.0,-1.027845013464984e-05,10.047
6.797000000000001,-0.6759014174558066,0.41941816465562676,3.381911529687821,7.525130372190036,down,down,down,down,-0.0173260174409772,-0.0069591897399465,0.0,-1.027845013464984e-05,10.063
6.811999999999999,-0.6672229286394736,0.5958919385298858,3.3920893501296336,7.575935378788662,down,down,down,down,-0.0173260174409772,-0.0069591897399465,0.0,-1.027845013464984e-05,10.078
6.827999999999999,-0.6587337441562103,0.547900047644933,3.402808350547838,7.630294560394082,down,down,down,down,-0.0173260174409772,-0.0069591897399465,0.0,-1.027845013464984e-05,10.094
6.843999999999999,-0.6510784428738267,0.49578234758995643,3.413398195079917,7.684824212759104,down,down,down,down,-0.0173260174409772,-0.0069591897399465,0.0,-1.027845013464984e-05,10.11
6.875,-0.6428906992085431,0.28144678083721475,3.433670451664133,7.790953776783639,down,down,down,down,-0.0173260174409772,-0.0069591897399465,0.0,-1.027845013464984e-05,10.141
6.890000000000001,-0.6349290453781348,0.5481029394681814,3.4433584875946326,7.842531493828082,down,down,down,down,-0.0173260174409772,-0.0069591897399465,0.0,-1.027845013464984e-05,10.156
6.906000000000001,-0.6288841769535641,0.3951302939766417,3.453580340409125,7.897707004452112,down,down,down,down,-0.0173260174409772,-0.0069591897399465,0.0,-1.027845013464984e-05,10.172
6.922000000000001,-0.6212168257919207,0.49653546504368984,3.4636924954669284,7.953045187139121,down,down,down,down,-0.0173260174409772,-0.0069591897399465,0.0,-1.027845013464984e-05,10.188
6.936999999999999,-0.613759467867416,0.5144832124080004,3.473059205515472,8.005070824896483,down,down,down,down,-0.0173260174409772,-0.0069591897399465,0.0,-1.027845013464984e-05,10.203
6.952999999999999,-0.6059294068455793,0.5067048313057704,3.482928063549015,8.060718723049,down,down,down,down,-0.0173260174409772,-0.0069591897399465,0.0,-1.027845013464984e-05,10.219
6.968999999999999,-0.5984323307352694,0.4858932743353467,3.4926743044855013,8.116523541993276,down,down,down,down,-0.0173260174409772,-0.0069591897399465,0.0,-1.027845013464984e-05,10.235
6.984,-0.5891436019909709,0.636574600394182,3.501685511827048,8.168981240615622,down,down,down,down,-0.0173260174409772,-0.0069591897399465,0.0,-1.027845013464984e-05,10.25
7.015000000000001,-0.5800865254898754,0.30948977554082824,3.520024313684939,8.27781774291106,down,down,down,down,-0.0173260174409772,-0.0069591897399465,0.0,-1.027845013464984e-05,10.281
7.031000000000001,-0.5692889150375536,0.6921766707110859,3.529330664244998,8.3342125827345,down,down,down,down,-0.0173260174409772,-0.0069591897399465,0.0,-1.027845013464984e-05,10.297
7.047000000000001,-0.5588744056303218,0.6682328553929688,3.5384673178461803,8.39075496659123,down,down,down,down,-0.0173260174409772,-0.0069591897399465,0.0,-1.027845013464984e-05,10.313
7.077999999999999,-0.5503549358115586,0.29214762449786424,3.5558761075204672,8.500717289684408,down,down,down,down,-0.0173260174409772,-0.0069591897399465,0.0,-1.027845013464984e-05,10.344
7.093999999999999,-0.542031418070824,0.5375458762368884,3.5647265453873653,8.55768211090767,down,down,down,down,-0.0173260174409772,-0.0069591897399465,0.0,-1.027845013464984e-05,10.36
7.109,-0.5327871476647844,0.6336107111769265,3.572892072476482,8.611214250541652,down,down,down,down,-0.0173260174409772,-0.0069591897399465,0.0,-1.027845013464984e-05,10.375
7.125,-0.5225606037790841,0.6564850102972468,3.5814462015238724,8.668448956733654,down,down,down,down,-0.0173260174409772,-0.0069591897399465,0.0,-1.027845013464984e-05,10.391
7.140000000000001,-0.5142259381492914,0.5729703927604682,3.589326488434435,8.722229751908342,down,down,down,down,-0.0173260174409772,-0.0069591897399465,0.0,-1.027845013464984e-05,10.406
7.156000000000001,-0.5061162467236145,0.5241817315457803,3.5976005729492573,8.779725168399413,down,down,down,down,-0.0173260174409772,-0.0069591897399465,0.0,-1.027845013464984e-05,10.422
7.172000000000001,-0.49700322981579786,0.5868895741795159,3.605736875797412,8.837351867989385,down,down,down,down,-0.0173260174409772,-0.0069591897399465,0.0,-1.027845013464984e-05,10.438
7.186999999999999,-0.48595062428736396,0.7541663860032966,3.613213417549284,8.891493995189482,down,down,down,down,-0.0173260174409772,-0.0069591897399465,0.0,-1.027845013464984e-05,10.453
7.202999999999999,-0.4751797978726718,0.6905026683592379,3.621013807962404,8.949367812993575,down,down,down,down,-0.0173260174409772,-0.0069591897399465,0.0,-1.027845013464984e-05,10.469
7.218999999999999,-0.46692515584028277,0.5332411444652901,3.6286619946279455,9.007365219414298,down,down,down,down,-0.0173260174409772,-0.0069591897399465,0.0,-1.027845013464984e-05,10.485
7.234,-0.45516760443933896,0.8011627775038682,3.635682078176143,9.061847799960333,down,down,down,down,-0.0173260174409772,-0.0069591897399465,0.0,-1.027845013464984e-05,10.5
7.25,-0.44370776019598956,0.7335662826503101,3.642984428129065,9.120077132010772,down,down,down,down,-0.0173260174409772,-0.0069591897399465,0.0,-1.027845013464984e-05,10.516
7.281000000000001,-0.43496748958344256,0.2992702307489399,3.6568196293825848,9.233224094902205,down,down,down,down,-0.0173260174409772,-0.0069591897399465,0.0,-1.027845013464984e-05,10.547
7.297000000000001,-0.42474465155825136,0.6562533940154263,3.6638086735475577,9.291789121325646,down,down,down,down,-0.0173260174409772,-0.0069591897399465,0.0,-1.027845013464984e-05,10.563
7.311999999999999,-0.41455946279343087,0.696338601762402,3.670207842251294,9.346794245194133,down,down,down,down,-0.0173260174409772,-0.0069591897399465,0.0,-1.027845013464984e-05,10.578
7.327999999999999,-0.40460584566586816,0.6394270879136459,3.676872511754808,9.40557088802618,down,down,down,down,-0.0173260174409772,-0.0069591897399465,0.0,-1.027845013464984e-05,10.594
7.343999999999999,-0.3937104329863584,0.6982893099103376,3.683370389019865,9.464452831232379,down,down,down,down,-0.0173260174409772,-0.0069591897399465,0.0,-1.027845013464984e-05,10.61
7.359,-0.38307953215182167,0.7260527397433943,3.689300701604501,9.519747864412063,down,down,down,down,-0.0173260174409772,-0.0069591897399465,0.0,-1.027845013464984e-05,10.625
7.375,-0.3743342902754865,0.5639036347119258,3.6954713592197583,9.578826040898656,down,down,down,down,-0.0173260174409772,-0.0069591897399465,0.0,-1.027845013464984e-05,10.641
7.390000000000001,-0.3634773622455026,0.7411212194398796,3.701109334459765,9.634300396101255,down,down,down,down,-0.0173260174409772,-0.0069591897399465,0.0,-1.027845013464984e-05,10.656
7.406000000000001,-0.35285910370291346,0.6809671763527974,3.706951373223192,9.693564881762718,down,down,down,down,-0.0173260174409772,-0.0069591897399465,0.0,-1.027845013464984e-05,10.672
7.422000000000001,-0.3436654485636233,0.5919294636466115,3.712634916677163,9.75292157208192,down,down,down,down,-0.0173260174409772,-0.0069591897399465,0.0,-1.027845013464984e-05,10.688
7.436999999999999,-0.334655550554416,0.6179858847215097,3.717826712016647,9.80865003429712,down,down,down,down,-0.0173260174409772,-0.0069591897399465,0.0,-1.027845013464984e-05,10.703
7.452999999999999,-0.3274826695604834,0.4656310795617675,3.723235164813405,9.868178529311763,down,down,down,down,-0.0173260174409772,-0.0069591897399465,0.0,-1.027845013464984e-05,10.719
7.468999999999999,-0.3204752253645662,0.4552912796857984,3.728530175008645,9.927792652030341,down,down,down,down,-0.0173260174409772,-0.0069591897399465,0.0,-1.027845013464984e-05,10.735
7.484,-0.3116048981501099,0.6086811650713783,3.733375163781104,9.983756942071265,down,down,down,down,-0.0173260174409772,-0.0069591897399465,0.0,-1.027845013464984e-05,10.75
7.515000000000001,-0.3043715707807806,0.25065915838707753,3.743138533931472,10.099642904385812,down,down,down,down,-0.0173260174409772,-0.0069591897399465,0.0,-1.027845013464984e-05,10.781
7.531000000000001,-0.29733292766160885,0.457241212389214,3.7480635169548497,10.159572520792903,down,down,down,down,-0.0173260174409772,-0.0069591897399465,0.0,-1.027845013464984e-05,10.797
7.547000000000001,-0.2913142660771762,0.39349236646801744,3.7528840415405993,10.219580101260867,down,down,down,down,-0.0173260174409772,-0.0069591897399465,0.0,-1.027845013464984e-05,10.813
7.561999999999999,-0.284371956098763,0.48014668266855864,3.7573060760530175,10.275906527142814,down,down,down,down,-0.0173260174409772,-0.0069591897399465,0.0,-1.027845013464984e-05,10.828
7.577999999999999,-0.2775893842989899,0.4412367549267988,3.761913113812039,10.336060280661734,down,down,down,down,-0.0173260174409772,-0.0069591897399465,0.0,-1.027845013464984e-05,10.844
7.593999999999999,-0.2701731812927158,0.48083870533310824,3.766406561372611,10.396286838063213,down,down,down,down,-0.0173260174409772,-0.0069591897399465,0.0,-1.027845013464984e-05,10.86
7.609,-0.2625048108436019,0.5285507140485469,3.770506034159733,10.452813682529706,down,down,down,down,-0.0173260174409772,-0.0069591897399465,0.0,-1.027845013464984e-05,10.875
7.640000000000001,-0.25503932718989125,0.25814807078647883,3.778743703181191,10.569827053458493,down,down,down,down,-0.0173260174409772,-0.0069591897399465,0.0,-1.027845013464984e-05,10.906
7.656000000000001,-0.2483690055131885,0.43422112223490084,3.7828823168786543,10.630320061618972,down,down,down,down,-0.0173260174409772,-0.0069591897399465,0.0,-1.027845013464984e-05,10.922
7.672000000000001,-0.2412827748815705,0.4602154319170987,3.786910878157652,10.690878407179262,down,down,down,down,-0.0173260174409772,-0.0069591897399465,0.0,-1.027845013464984e-05,10.938
7.686999999999999,-0.234335026058945,0.48050927228271445,3.790582399510805,10.747709606761772,down,down,down,down,-0.0173260174409772,-0.0069591897399465,0.0,-1.027845013464984e-05,10.953
7.702999999999999,-0.2282216339209544,0.39941302606538676,3.794394199826483,10.808389419556468,down,down,down,down,-0.0173260174409772,-0.0069591897399465,0.0,-1.027845013464984e-05,10.969
7.718999999999999,-0.22032684598758762,0.5107502632764044,3.7980939347015914,10.869129324632695,down,down,down,down,-0.0173260174409772,-0.0069591897399465,0.0,-1.027845013464984e-05,10.985
7.734,-0.2125812165456314,0.5337013135713726,3.801445133016689,10.926125867640584,down,down,down,down,-0.0173260174409772,-0.0069591897399465,0.0,-1.027845013464984e-05,11.0
7.75,-0.2082586853108098,0.2874842196173285,3.80492319926738,10.986976814298856,down,down,down,down,-0.0173260174409772,-0.0069591897399465,0.0,-1.027845013464984e-05,11.016
7.781000000000001,-0.2037110046196898,0.1640253945738774,3.8115244643432407,11.105031753084825,down,down,down,down,-0.0173260174409772,-0.0069591897399465,0.0,-1.027845013464984e-05,11.047
7.797000000000001,-0.1992824942319711,0.2941079166733914,3.814859759369893,11.166042826874529,down,down,down,down,-0.0173260174409772,-0.0069591897399465,0.0,-1.027845013464984e-05,11.063
7.811999999999999,-0.1953882661325573,0.2769412240685891,3.817924177918726,11.223288706404189,down,down,down,down,-0.0173260174409772,-0.0069591897399465,0.0,-1.027845013464984e-05,11.078
7.843999999999999,-0.1907268821814956,0.1629942659116532,3.824324714363429,11.345564688680705,down,down,down,down,-0.0173260174409772,-0.0069591897399465,0.0,-1.027845013464984e-05,11.11
7.859,-0.1869457515139743,0.2694013952757198,3.8272616469622447,11.402951586390648,down,down,down,down,-0.0173260174409772,-0.0069591897399465,0.0,-1.027845013464984e-05,11.125
7.875,-0.18291524425171352,0.2692327213322795,3.83033188196421,11.46421233462206,down,down,down,down,-0.0173260174409772,-0.0069591897399465,0.0,-1.027845013464984e-05,11.141
7.890000000000001,-0.1789631329863913,0.2808001017957835,3.833150357639594,11.521688451419088,down,down,down,down,-0.0173260174409772,-0.0069591897399465,0.0,-1.027845013464984e-05,11.156
7.906000000000001,-0.1742328428485234,0.31296915105771783,3.836087272482113,11.583042352460065,down,down,down,down,-0.0173260174409772,-0.0069591897399465,0.0,-1.027845013464984e-05,11.172
7.922000000000001,-0.170194210443162,0.2697405427760643,3.838954035944286,11.644442682927474,down,down,down,down,-0.0173260174409772,-0.0069591897399465,0.0,-1.027845013464984e-05,11.188
7.936999999999999,-0.1645447631381388,0.3939558377758914,3.841568966092245,11.702046605442744,down,down,down,down,-0.0173260174409772,-0.0069591897399465,0.0,-1.027845013464984e-05,11.203
7.952999999999999,-0.1590535909656126,0.36052427822386124,3.8442690999609135,11.76353330997117,down,down,down,down,-0.0173260174409772,-0.0069591897399465,0.0,-1.027845013464984e-05,11.219
7.968999999999999,-0.1542946694019918,0.3147586151672762,3.8468872330796935,11.825062560635494,down,down,down,down,-0.0173260174409772,-0.0069591897399465,0.0,-1.027845013464984e-05,11.235
7.984,-0.1492850064113487,0.3513035501505041,3.849268468494393,11.8827837283973,down,down,down,down,-0.0173260174409772,-0.0069591897399465,0.0,-1.027845013464984e-05,11.25
8.0,-0.144415824018715,0.32164991698058165,3.8517294221736726,11.944391711522647,down,down,down,down,-0.0173260174409772,-0.0069591897399465,0.0,-1.027845013464984e-05,11.266
8.015,-0.1403032323079625,0.2914987981578008,3.853969202942222,12.002184451211019,down,down,down,down,-0.0173260174409772,-0.0069591897399465,0.0,-1.027845013464984e-05,11.281
8.031,-0.1380275051865248,0.1595589625308366,3.856307195878017,12.06386666240158,down,down,down,down,-0.0173260174409772,-0.0069591897399465,0.0,-1.027845013464984e-05,11.297
8.062,-0.13575119537989092,0.0907553660420718,3.860766500618735,12.183481304697274,down,down,down,down,-0.0173260174409772,-0.0069591897399465,0.0,-1.027845013464984e-05,11.328
8.078,-0.1326525384765632,0.2109920738989632,3.8630250775254256,12.245271637322427,down,down,down,down,-0.0173260174409772,-0.0069591897399465,0.0,-1.027845013464984e-05,11.344
8.094,-0.12897708112493692,0.2470421019176158,3.865229461518077,12.307097673634775,down,down,down,down,-0.0173260174409772,-0.0069591897399465,0.0,-1.027845013464984e-05,11.36
8.109,-0.1250523262745294,0.2789763408014708,3.867239069919672,12.36509118762056,down,down,down,down,-0.0173260174409772,-0.0069591897399465,0.0,-1.027845013464984e-05,11.375
8.125,-0.12123451477033781,0.2559392364529508,3.869320711683871,12.426983665873388,down,down,down,down,-0.0173260174409772,-0.0069591897399465,0.0,-1.027845013464984e-05,11.391
8.14,-0.11719010711588851,0.28695319440424993,3.8712132841941167,12.485037670842475,down,down,down,down,-0.0173260174409772,-0.0069591897399465,0.0,-1.027845013464984e-05,11.406
8.156,-0.1138232297498956,0.22775585281553629,3.873172737924882,12.546992759019426,down,down,down,down,-0.0173260174409772,-0.0069591897399465,0.0,-1.027845013464984e-05,11.422
8.172,-0.1105442296205795,0.222263525523236,3.875079024635685,12.608978773119912,down,down,down,down,-0.0173260174409772,-0.0069591897399465,0.0,-1.027845013464984e-05,11.438
8.187,-0.1072739641282805,0.2353437169275893,3.876817048934901,12.667117993671686,down,down,down,down,-0.0173260174409772,-0.0069591897399465,0.0,-1.027845013464984e-05,11.453
8.203,-0.10493355141773371,0.1636018118501556,3.878626056095108,12.729161538511926,down,down,down,down,-0.0173260174409772,-0.0069591897399465,0.0,-1.027845013464984e-05,11.469
8.219,-0.1026463219617533,0.1602778584397499,3.880398042117983,12.79123373129763,down,down,down,down,-0.0173260174409772,-0.0069591897399465,0.0,-1.027845013464984e-05,11.485
8.234,-0.0999482363314766,0.1971983927927528,3.8820218891512814,12.849451880782153,down,down,down,down,-0.0173260174409772,-0.0069591897399465,0.0,-1.027845013464984e-05,11.5
8.25,-0.0985126615480052,0.1070494414079357,3.8837209233701566,12.911577823282325,down,down,down,down,-0.0173260174409772,-0.0069591897399465,0.0,-1.027845013464984e-05,11.516
8.265,-0.0971587196752193,0.10758880896003539,3.88529284657543,12.969845426556917,down,down,down,down,-0.0173260174409772,-0.0069591897399465,0.0,-1.027845013464984e-05,11.531
8.281,-0.095701495460002,0.1084025308920598,3.886947075332351,13.032023345932181,down,down,down,down,-0.0173260174409772,-0.0069591897399465,0.0,-1.027845013464984e-05,11.547
8.312,-0.0941339363785847,0.067892439422181,3.890105259407787,13.152567657120649,down,down,down,down,-0.0173260174409772,-0.0069591897399465,0.0,-1.027845013464984e-05,11.578
8.328,-0.0926546775988495,0.1097796911744273,3.891710915355445,13.214822186518752,down,down,down,down,-0.0173260174409772,-0.0069591897399465,0.0,-1.027845013464984e-05,11.594
8.344,-0.0894283272671679,0.218972913171078,3.893278926430213,13.277102105253036,down,down,down,down,-0.0173260174409772,-0.0069591897399465,0.0,-1.027845013464984e-05,11.61
8.359,-0.0870052293949453,0.17886587558914518,3.8947065659512776,13.3355119964459,down,down,down,down,-0.0173260174409772,-0.0069591897399465,0.0,-1.027845013464984e-05,11.625
8.375,-0.0846356021518737,0.1654277201329488,3.896191039639491,13.397839177290624,down,down,down,down,-0.0173260174409772,-0.0069591897399465,0.0,-1.027845013464984e-05,11.641
8.39,-0.0821789620424998,0.1811020247325686,3.897546536717048,13.456292209113302,down,down,down,down,-0.0173260174409772,-0.0069591897399465,0.0,-1.027845013464984e-05,11.656
8.406,-0.0795922898252357,0.1789930310199803,3.898952053767829,13.51866419783718,down,down,down,down,-0.0173260174409772,-0.0069591897399465,0.0,-1.027845013464984e-05,11.672
8.422,-0.0761196782159335,0.2343642430223666,3.9003090965479976,13.581058287039708,down,down,down,down,-0.0173260174409772,-0.0069591897399465,0.0,-1.027845013464984e-05,11.688
8.437,-0.0727282602821227,0.2434205463617163,3.901529843932832,13.639572079093309,down,down,down,down,-0.0173260174409772,-0.0069591897399465,0.0,-1.027845013464984e-05,11.703
8.453,-0.0699385485199997,0.1916830025736613,3.902782525439088,13.702006578048284,down,down,down,down,-0.0173260174409772,-0.0069591897399465,0.0,-1.027845013464984e-05,11.719
8.469,-0.0679176723964315,0.143630775163994,3.9039967222422582,13.764460812029734,down,down,down,down,-0.0173260174409772,-0.0069591897399465,0.0,-1.027845013464984e-05,11.735
8.484,-0.0659442108026483,0.1488901236931854,3.905105074212351,13.823029075503145,down,down,down,down,-0.0173260174409772,-0.0069591897399465,0.0,-1.027845013464984e-05,11.75
8.5,-0.0638364481923333,0.1490611805856632,3.9062546665201503,13.885519953429004,down,down,down,down,-0.0173260174409772,-0.0069591897399465,0.0,-1.027845013464984e-05,11.766
8.531,-0.062414544514128506,0.06319387802822879,3.908427291789039,14.006647523782801,down,down,down,down,-0.0173260174409772,-0.0069591897399465,0.0,-1.027845013464984e-05,11.797
8.547,-0.061797494505679396,0.0558916429690413,3.909532335137037,14.069191200798208,down,down,down,down,-0.0173260174409772,-0.0069591897399465,0.0,-1.027845013464984e-05,11.813
8.562,-0.0588179507411138,0.2159622684120373,3.9105413388224863,14.1278417533529,down,down,down,down,-0.0173260174409772,-0.0069591897399465,0.0,-1.027845013464984e-05,11.828
8.578,-0.058126560281863304,0.060537921144132395,3.911588241946509,14.190418789999052,down,down,down,down,-0.0173260174409772,-0.0069591897399465,0.0,-1.027845013464984e-05,11.844
8.594,-0.0574390548907982,0.060295104382546,3.9126241139037297,14.253012488845854,down,down,down,down,-0.0173260174409772,-0.0069591897399465,0.0,-1.027845013464984e-05,11.86
8.609,-0.057377389038507004,0.0214370742603884,3.9135896250792985,14.311709091888229,down,down,down,down,-0.0173260174409772,-0.0069591897399465,0.0,-1.027845013464984e-05,11.875
8.625,-0.0555998174778872,0.1284242399797184,3.9146047897672687,14.374334647207,down,down,down,down,-0.0173260174409772,-0.0069591897399465,0.0,-1.027845013464984e-05,11.891
8.64,-0.0538564019264083,0.133553720872895,3.9155300992589,14.4330606588747,down,down,down,down,-0.0173260174409772,-0.0069591897399465,0.0,-1.027845013464984e-05,11.906
8.672,-0.0527682951028297,0.0513293556778092,3.9174587884830463,14.558388481078573,down,down,down,down,-0.0173260174409772,-0.0069591897399465,0.0,-1.027845013464984e-05,11.938
8.687,-0.0523291435056433,0.04660279058674199,3.918351407118709,14.617157057545581,down,down,down,down,-0.0173260174409772,-0.0069591897399465,0.0,-1.027845013464984e-05,11.953
8.703,-0.0519206365656438,0.0428577011909457,3.9192967523951183,14.679858242821693,down,down,down,down,-0.0173260174409772,-0.0069591897399465,0.0,-1.027845013464984e-05,11.969
8.719,-0.0515349220665229,0.0414331736360295,3.920235743900015,14.742574502792053,down,down,down,down,-0.0173260174409772,-0.0069591897399465,0.0,-1.027845013464984e-05,11.985
8.734,-0.0498952619375111,0.1266366927084293,3.921100858126144,14.80138452730725,down,down,down,down,-0.0173260174409772,-0.0069591897399465,0.0,-1.027845013464984e-05,12.0
8.75,-0.048166488012029204,0.1253743877835942,3.92199669916158,14.864129307765552,down,down,down,down,-0.0173260174409772,-0.0069591897399465,0.0,-1.027845013464984e-05,12.016
8.765,-0.0465525690460638,0.1249206151720005,3.922811479935615,14.922965369108782,down,down,down,down,-0.0173260174409772,-0.0069591897399465,0.0,-1.027845013464984e-05,12.031
8.781,-0.0434100851953048,0.213731258113414,3.923642528205385,14.985737001173913,down,down,down,down,-0.0173260174409772,-0.0069591897399465,0.0,-1.027845013464984e-05,12.047
8.797,-0.040335768835422704,0.2094707899336076,3.9244238420734696,15.048521532136142,down,down,down,down,-0.0173260174409772,-0.0069591897399465,0.0,-1.027845013464984e-05,12.063
8.812,-0.0388719998710432,0.1149106150662848,3.925122288184867,15.107393128113076,down,down,down,down,-0.0173260174409772,-0.0069591897399465,0.0,-1.027845013464984e-05,12.078
8.844,-0.0363553715984857,0.09597065095839889,3.926548620200058,15.233019862647234,down,down,down,down,-0.0173260174409772,-0.0069591897399465,0.0,-1.027845013464984e-05,12.11
8.859,-0.035433876809911204,0.07875900334594191,3.92719142740922,15.291922913004306,down,down,down,down,-0.0173260174409772,-0.0069591897399465,0.0,-1.027845013464984e-05,12.125
8.875,-0.0345047320581493,0.0753975644260938,3.927862283316004,15.35476334269011,down,down,down,down,-0.0173260174409772,-0.0069591897399465,0.0,-1.027845013464984e-05,12.141
8.89,-0.0342587422235585,0.033725339747029,3.928482397219216,15.413685927794125,down,down,down,down,-0.0173260174409772,-0.0069591897399465,0.0,-1.027845013464984e-05,12.156
8.906,-0.0332792152986041,0.078546450250627,3.929134047915232,15.476546859355201,down,down,down,down,-0.0173260174409772,-0.0069591897399465,0.0,-1.027845013464984e-05,12.172
8.922,-0.0322954229572546,0.078813038775327,3.929769992057118,15.539418091674978,down,down,down,down,-0.0173260174409772,-0.0069591897399465,0.0,-1.027845013464984e-05,12.188
8.937,-0.031088544953268796,0.0977845510400355,3.9303497596625454,15.59836898981287,down,down,down,down,-0.0173260174409772,-0.0069591897399465,0.0,-1.027845013464984e-05,12.203
8.953,-0.0308694113410866,0.031021868202363197,3.930956770348741,15.66125944205296,down,down,down,down,-0.0173260174409772,-0.0069591897399465,0.0,-1.027845013464984e-05,12.219
8.969,-0.030582857490621496,0.035235633095043,3.931559735535233,15.724159574100032,down,down,down,down,-0.0173260174409772,-0.0069591897399465,0.0,-1.027845013464984e-05,12.235
8.984,-0.030856917028517197,0.0,3.932124921690226,15.783137209029224,down,down,down,down,-0.0173260174409772,-0.0069591897399465,0.0,-1.027845013464984e-05,12.25
9.0,-0.0293416056897389,0.1120329761146175,3.932717856907811,15.846055951258009,down,down,down,down,-0.0173260174409772,-0.0069591897399465,0.0,-1.027845013464984e-05,12.266
9.015,-0.0281176984672751,0.0989198322718936,3.933253189535088,15.905050734106332,down,down,down,down,-0.0173260174409772,-0.0069591897399465,0.0,-1.027845013464984e-05,12.281
9.031,-0.026934672892817698,0.091265115844563,3.933804955541808,15.967987199266947,down,down,down,down,-0.0173260174409772,-0.0069591897399465,0.0,-1.027845013464984e-05,12.297
9.047,-0.027306846044659498,0.0,3.934350234729147,16.030932440789115,down,down,down,down,-0.0173260174409772,-0.0069591897399465,0.0,-1.027845013464984e-05,12.313
9.078,-0.027686779996429402,0.0,3.9354183708147215,16.15291385417504,down,down,down,down,-0.0173260174409772,-0.0069591897399465,0.0,-1.027845013464984e-05,12.344
9.094,-0.026564873169652597,0.0874451941145214,3.93596373107589,16.215884910990166,down,down,down,down,-0.0173260174409772,-0.0069591897399465,0.0,-1.027845013464984e-05,12.36
9.109,-0.0264681713028346,0.0237728085621832,3.936465866755533,16.274928132973905,down,down,down,down,-0.0173260174409772,-0.0069591897399465,0.0,-1.027845013464984e-05,12.375
9.125,-0.0263557971597646,0.0243494013828503,3.936999805539074,16.33791585835226,down,down,down,down,-0.0173260174409772,-0.0069591897399465,0.0,-1.027845013464984e-05,12.391
9.14,-0.025015619023063696,0.1066712265543633,3.937489479006544,16.396974527986355,down,down,down,down,-0.0173260174409772,-0.0069591897399465,0.0,-1.027845013464984e-05,12.406
9.156,-0.02351942723468,0.1108380042149635,3.937989106412445,16.45997835666971,down,down,down,down,-0.0173260174409772,-0.0069591897399465,0.0,-1.027845013464984e-05,12.422
9.187,-0.0224783193667655,0.0509101422124123,3.938917806366706,16.58207041381778,down,down,down,down,-0.0173260174409772,-0.0069591897399465,0.0,-1.027845013464984e-05,12.453
9.203,-0.0203411783306393,0.1508973321988625,3.939371709384124,16.645096729943788,down,down,down,down,-0.0173260174409772,-0.0069591897399465,0.0,-1.027845013464984e-05,12.469
9.219,-0.0200580754250002,0.0350199490434243,3.9398062504500087,16.70813015362246,down,down,down,down,-0.0173260174409772,-0.0069591897399465,0.0,-1.027845013464984e-05,12.485
9.234,-0.0198226585114299,0.0330204783456645,3.940209743800631,16.76723027357934,down,down,down,down,-0.0173260174409772,-0.0069591897399465,0.0,-1.027845013464984e-05,12.5
9.25,-0.0195764853271623,0.0327118414576998,3.940636283987179,16.830277041801644,down,down,down,down,-0.0173260174409772,-0.0069591897399465,0.0,-1.027845013464984e-05,12.516
9.265,-0.0191565573526855,0.045321215739427,3.941031169653377,16.88938954770395,down,down,down,down,-0.0173260174409772,-0.0069591897399465,0.0,-1.027845013464984e-05,12.531
9.281,-0.018786395673684498,0.0404611223785432,3.941446060313428,16.952449365543682,down,down,down,down,-0.0173260174409772,-0.0069591897399465,0.0,-1.027845013464984e-05,12.547
9.297,-0.0182810685150887,0.0489089648532113,3.941853947062777,17.015515765602693,down,down,down,down,-0.0173260174409772,-0.0069591897399465,0.0,-1.027845013464984e-05,12.563
9.312,-0.018959243872808798,0.027885673073698304,3.9422376372517856,17.074646452485048,down,down,down,down,-0.0173260174409772,-0.0069591897399465,0.0,-1.027845013464984e-05,12.578
9.328,-0.020541192758983598,0.0815457879449477,3.942664987780679,17.137725673485306,down,down,down,down,-0.0173260174409772,-0.0069591897399465,0.0,-1.027845013464984e-05,12.594
9.359,-0.0220899120343035,0.0326326688596623,3.943541504786913,17.259961874120105,down,down,down,down,-0.0173260174409772,-0.0069591897399465,0.0,-1.027845013464984e-05,12.625
9.375,-0.021140602016345197,0.0766578935633698,3.9439986959351576,17.323062195725882,down,down,down,down,-0.0173260174409772,-0.0069591897399465,0.0,-1.027845013464984e-05,12.641
9.39,-0.020485841543271398,0.060976715645894096,3.944415282107954,17.382225300561206,down,down,down,down,-0.0173260174409772,-0.0069591897399465,0.0,-1.027845013464984e-05,12.656
9.406,-0.0198764216026764,0.0554147637281675,3.944849527248961,17.44533941903606,down,down,down,down,-0.0173260174409772,-0.0069591897399465,0.0,-1.027845013464984e-05,12.672
9.422,-0.0182245253508384,0.1205695331808474,3.945265681860428,17.508460340708936,down,down,down,down,-0.0173260174409772,-0.0069591897399465,0.0,-1.027845013464984e-05,12.688
9.437,-0.017139446667847898,0.089664596307021,3.9456352994966672,17.56764209806911,down,down,down,down,-0.0173260174409772,-0.0069591897399465,0.0,-1.027845013464984e-05,12.703
9.453,-0.015048413246022498,0.1480156063050628,3.9460041494118174,17.630775213660378,down,down,down,down,-0.0173260174409772,-0.0069591897399465,0.0,-1.027845013464984e-05,12.719
9.469,-0.013190100613931298,0.13347055694667959,3.946341404558536,17.69391397809214,down,down,down,down,-0.0173260174409772,-0.0069591897399465,0.0,-1.027845013464984e-05,12.735
9.484,-0.010875462556938997,0.1716352212404566,3.946626284128417,17.753111235757295,down,down,down,down,-0.0173260174409772,-0.0069591897399465,0.0,-1.027845013464984e-05,12.75
9.5,0.0,0.1598351569560561,3.946893397395309,17.816259393209485,down,down,down,down,-0.0173260174409772,-0.0069591897399465,0.0,-1.027845013464984e-05,12.766
9.515,0.0,0.0540171277758612,3.9471225872363664,17.875464513094226,down,down,down,down,-0.0173260174409772,-0.0069591897399465,0.0,-1.027845013464984e-05,12.781
9.531,0.0,0.13501837809770628,3.947347588844756,17.938620274502874,down,down,down,down,-0.0173260174409772,-0.0069591897399465,0.0,-1.027845013464984e-05,12.797
9.562,0.0,0.0766812769786908,3.947725821553361,18.060993912364037,down,down,down,down,-0.0173260174409772,-0.0069591897399465,0.0,-1.027845013464984e-05,12.828
9.578,0.0,0.0,3.9479087423741146,18.12415898887546,down,down,down,down,-0.0173260174409772,-0.0069591897399465,0.0,-1.027845013464984e-05,12.844
9.594,0.0,0.0,3.948096570638684,18.187327031379564,down,down,down,down,-0.0173260174409772,-0.0069591897399465,0.0,-1.027845013464984e-05,12.86
9.625,0.0,0.0617130490893597,3.948443971521156,18.309723409783043,down,down,down,down,-0.0173260174409772,-0.0069591897399465,0.0,-1.027845013464984e-05,12.891
9.64,0.0,0.08487973948975999,3.948594148943764,18.36895119568653,down,down,down,down,-0.0173260174409772,-0.0069591897399465,0.0,-1.027845013464984e-05,12.906
9.656,0.0,0.1705174370221216,3.9487266232461935,18.43212976186405,down,down,down,down,-0.0173260174409772,-0.0069591897399465,0.0,-1.027845013464984e-05,12.922
9.672,0.0,0.167897869571165,3.948820215849844,18.495310136576823,down,down,down,down,-0.0173260174409772,-0.0069591897399465,0.0,-1.027845013464984e-05,12.938
9.687,0.0,0.0,3.948891746287883,18.554542976292847,down,down,down,down,-0.0173260174409772,-0.0069591897399465,0.0,-1.027845013464984e-05,12.953
9.703,0.0,0.0294817064376839,3.9489684692209313,18.617725858016918,down,down,down,down,-0.0173260174409772,-0.0069591897399465,0.0,-1.027845013464984e-05,12.969
9.719,0.0,0.027801378488345598,3.9490422953795736,18.680909944133724,down,down,down,down,-0.0173260174409772,-0.0069591897399465,0.0,-1.027845013464984e-05,12.985
9.734,0.0,0.0630640282785262,3.949119294240119,18.740146156055875,down,down,down,down,-0.0173260174409772,-0.0069591897399465,0.0,-1.027845013464984e-05,13.0
9.75,0.0,0.06708775297648001,3.949204703661371,18.803332748039086,down,down,down,down,-0.0173260174409772,-0.0069591897399465,0.0,-1.027845013464984e-05,13.016
9.765,0.0,0.0683160972990757,3.949273067201547,18.86257133132056,down,down,down,down,-0.0173260174409772,-0.0069591897399465,0.0,-1.027845013464984e-05,13.031
9.781,0.0,0.0,3.949342067370401,18.925760252397136,down,down,down,down,-0.0173260174409772,-0.0069591897399465,0.0,-1.027845013464984e-05,13.047
9.797,0.0,0.013012407736323603,3.949417148726594,18.988950326125913,down,down,down,down,-0.0173260174409772,-0.0069591897399465,0.0,-1.027845013464984e-05,13.063
9.812,0.0,0.0928459959737508,3.9494826821114617,19.048192074857194,down,down,down,down,-0.0173260174409772,-0.0069591897399465,0.0,-1.027845013464984e-05,13.078
9.828,0.0,0.0882580319011559,3.9495344426933783,19.111384211855633,down,down,down,down,-0.0173260174409772,-0.0069591897399465,0.0,-1.027845013464984e-05,13.094
9.859,0.0,0.024108266954006398,3.949613878810366,19.233821010838945,down,down,down,down,-0.0173260174409772,-0.0069591897399465,0.0,-1.027845013464984e-05,13.125
9.875,0.0,0.0336934020618294,3.9496511010734414,19.297015130678016,down,down,down,down,-0.0173260174409772,-0.0069591897399465,0.0,-1.027845013464984e-05,13.141
9.89,0.0,0.0532040812563883,3.949679996576743,19.356260113910395,down,down,down,down,-0.0173260174409772,-0.0069591897399465,0.0,-1.027845013464984e-05,13.156
9.906,0.0,0.0632784538222573,3.949700631167415,19.419455158932347,down,down,down,down,-0.0173260174409772,-0.0069591897399465,0.0,-1.027845013464984e-05,13.172
9.922,0.0,0.058515804847392,3.949710111553443,19.482650444874114,down,down,down,down,-0.0173260174409772,-0.0069591897399465,0.0,-1.027845013464984e-05,13.188
9.937,0.0,0.0733249708053588,3.9497242548770326,19.541896202622336,down,down,down,down,-0.0173260174409772,-0.0069591897399465,0.0,-1.027845013464984e-05,13.203
9.953,0.0,0.060165259798461296,3.9497447357844297,19.605091954547625,down,down,down,down,-0.0173260174409772,-0.0069591897399465,0.0,-1.027845013464984e-05,13.219
9.969,0.0,0.014754488101509401,3.949763839573514,19.66828802315049,down,down,down,down,-0.0173260174409772,-0.0069591897399465,0.0,-1.027845013464984e-05,13.235
9.984,0.0,0.014820879036554005,3.9497892155623,19.727534671064014,down,down,down,down,-0.0173260174409772,-0.0069591897399465,0.0,-1.027845013464984e-05,13.25
10.015,0.0,0.059086227568800095,3.9498290676449215,19.849978754453726,down,down,down,down,-0.0173260174409772,-0.0069591897399465,0.0,-1.027845013464984e-05,13.281
10.031,0.0,0.0199710030890365,3.9498440539482735,19.913176139426476,down,down,down,down,-0.0173260174409772,-0.0069591897399465,0.0,-1.027845013464984e-05,13.297
10.047,0.0,0.018536387081380404,3.949868404658034,19.976373839095324,down,down,down,down,-0.0173260174409772,-0.0069591897399465,0.0,-1.027845013464984e-05,13.313
10.062,0.0,0.023945700006160097,3.949894792222688,20.035622063071923,down,down,down,down,-0.0173260174409772,-0.0069591897399465,0.0,-1.027845013464984e-05,13.328
10.094,0.0,0.06965288374477499,3.949922705614586,20.16201914303732,down,down,down,down,-0.0173260174409772,-0.0069591897399465,0.0,-1.027845013464984e-05,13.36
10.109,0.0,0.058361595164841,3.949918615066632,20.22126795294243,down,down,down,down,-0.0173260174409772,-0.0069591897399465,0.0,-1.027845013464984e-05,13.375
10.125,0.0,0.0502664802886075,3.949905111166909,20.2844665427523,down,down,down,down,-0.0173260174409772,-0.0069591897399465,0.0,-1.027845013464984e-05,13.391
10.14,0.0,0.0302583338370207,3.949893851644896,20.34371503497339,down,down,down,down,-0.0173260174409772,-0.0069591897399465,0.0,-1.027845013464984e-05,13.406
10.156,0.0,0.047973204849172,3.9498836287702472,20.40691325481671,down,down,down,down,-0.0173260174409772,-0.0069591897399465,0.0,-1.027845013464984e-05,13.422
10.172,0.0,0.0447488758210657,3.949877428641948,20.47011134327601,down,down,down,down,-0.0173260174409772,-0.0069591897399465,0.0,-1.027845013464984e-05,13.438
