timestamps,aAcc,aJerk,aVelocity,aHeight,jerks_direction,accelerations_direction,velocities_direction,heights_direction,start_jerks,start_accelerations,start_velocities,start_heights,actual_timestamps
0.0,0.0,0.0,0.0,0.0,down,up,up,down,-0.0515829887995976,-0.0124545418897756,-4.0008230907724505,-57.10098006981559,22.703
0.01600000000000179,0.0,0.0623444315529561,0.0,0.06401475261401401,down,up,up,down,-0.0515829887995976,-0.0124545418897756,-4.0008230907724505,-57.10098006981559,22.719
0.03200000000000003,0.0,0.0414912189058468,0.0,0.12803267086555792,down,up,up,down,-0.0515829887995976,-0.0124545418897756,-4.0008230907724505,-57.10098006981559,22.735
0.0470000000000006,0.0,0.0436693232170865,0.0,0.18805235940524767,down,up,up,down,-0.0515829887995976,-0.0124545418897756,-4.0008230907724505,-57.10098006981559,22.75
0.06299999999999883,0.0,0.0113854604005824,0.0,0.25207651006217446,down,up,up,down,-0.0515829887995976,-0.0124545418897756,-4.0008230907724505,-57.10098006981559,22.766
0.07900000000000063,0.0,0.12142426146910279,0.0,0.3161039286966769,down,up,up,down,-0.0515829887995976,-0.0124545418897756,-4.0008230907724505,-57.10098006981559,22.782
0.10999999999999943,0.0,0.0561834035632833,0.0,0.44016596288051346,down,up,up,down,-0.0515829887995976,-0.0124545418897756,-4.0008230907724505,-57.10098006981559,22.813
0.125,0.0,0.0925720332382659,0.0,0.500200082653997,down,up,up,down,-0.0515829887995976,-0.0124545418897756,-4.0008230907724505,-57.10098006981559,22.828
0.1410000000000018,0.0,0.1323854222702277,0.0,0.564239241261852,down,up,up,down,-0.0515829887995976,-0.0124545418897756,-4.0008230907724505,-57.10098006981559,22.844
0.15700000000000003,0.0,0.1290827949488454,0.0,0.6282809729654417,down,up,up,down,-0.0515829887995976,-0.0124545418897756,-4.0008230907724505,-57.10098006981559,22.86
0.1720000000000006,0.0,0.047033129095669396,0.0,0.6883222201991757,down,up,up,down,-0.0515829887995976,-0.0124545418897756,-4.0008230907724505,-57.10098006981559,22.875
0.18799999999999883,0.0,0.12064154038073,0.0,0.7523683412542184,down,up,up,down,-0.0515829887995976,-0.0124545418897756,-4.0008230907724505,-57.10098006981559,22.891
0.20400000000000063,0.0,0.11872812668722649,0.0,0.8164164511508858,down,up,up,down,-0.0515829887995976,-0.0124545418897756,-4.0008230907724505,-57.10098006981559,22.907
0.2190000000000012,0.0,0.0,0.0,0.8764632119385496,down,up,up,down,-0.0515829887995976,-0.0124545418897756,-4.0008230907724505,-57.10098006981559,22.922
0.23499999999999943,0.0,0.0695395672450989,0.0,0.940514859052584,down,up,up,down,-0.0515829887995976,-0.0124545418897756,-4.0008230907724505,-57.10098006981559,22.938
0.25,0.0,0.033814195522788006,0.0,1.0005650149232181,down,up,up,down,-0.0515829887995976,-0.0124545418897756,-4.0008230907724505,-57.10098006981559,22.953
0.2660000000000018,0.0,0.025598710520310798,0.0,1.0646205916089784,down,up,up,down,-0.0515829887995976,-0.0124545418897756,-4.0008230907724505,-57.10098006981559,22.969
0.28200000000000003,0.0,0.0260063901280664,0.0,1.1286785734338665,down,up,up,down,-0.0515829887995976,-0.0124545418897756,-4.0008230907724505,-57.10098006981559,22.985
0.2970000000000006,0.0,0.09034727316621749,0.0,1.188735201626379,down,up,up,down,-0.0515829887995976,-0.0124545418897756,-4.0008230907724505,-57.10098006981559,23.0
0.31299999999999883,0.0,0.08306600856656571,0.0,1.2527979461365675,down,up,up,down,-0.0515829887995976,-0.0124545418897756,-4.0008230907724505,-57.10098006981559,23.016
0.3290000000000006,0.0,0.0624367488167895,0.0,1.316862996706341,down,up,up,down,-0.0515829887995976,-0.0124545418897756,-4.0008230907724505,-57.10098006981559,23.032
0.3440000000000012,0.0,0.0437138696740393,0.0,1.37692603348399,down,up,up,down,-0.0515829887995976,-0.0124545418897756,-4.0008230907724505,-57.10098006981559,23.047
0.375,0.0,0.07557599362472439,0.0,1.501062441317572,down,up,up,down,-0.0515829887995976,-0.0124545418897756,-4.0008230907724505,-57.10098006981559,23.078
0.3910000000000018,0.0,0.0274696594544458,0.0,1.5651360177036082,down,up,up,down,-0.0515829887995976,-0.0124545418897756,-4.0008230907724505,-57.10098006981559,23.094
0.40700000000000003,0.0,0.0328750101243925,0.0,1.6292117676098954,down,up,up,down,-0.0515829887995976,-0.0124545418897756,-4.0008230907724505,-57.10098006981559,23.11
0.4220000000000006,0.0,0.033968500262558696,0.0,1.6892848286681712,down,up,up,down,-0.0515829887995976,-0.0124545418897756,-4.0008230907724505,-57.10098006981559,23.125
0.43799999999999883,0.0,0.051390450645289305,0.0,1.7533651007744169,down,up,up,down,-0.0515829887995976,-0.0124545418897756,-4.0008230907724505,-57.10098006981559,23.141
0.4540000000000006,0.0,0.0,0.0,1.8174480669622852,down,up,up,down,-0.0515829887995976,-0.0124545418897756,-4.0008230907724505,-57.10098006981559,23.157
0.4690000000000012,0.0,0.0,0.0,1.8775285337812093,down,up,up,down,-0.0515829887995976,-0.0124545418897756,-4.0008230907724505,-57.10098006981559,23.172
0.48499999999999943,0.0,0.0813116678094564,0.0,1.941617525817989,down,up,up,down,-0.0515829887995976,-0.0124545418897756,-4.0008230907724505,-57.10098006981559,23.188
0.5160000000000018,0.0,0.0316936040108243,0.0,2.0658004111855277,down,up,up,down,-0.0515829887995976,-0.0124545418897756,-4.0008230907724505,-57.10098006981559,23.219
0.532,0.0,0.0,0.0,2.1299004766153615,down,up,up,down,-0.0515829887995976,-0.0124545418897756,-4.0008230907724505,-57.10098006981559,23.235
0.5470000000000006,0.0,0.0222266476553056,0.0,2.1899979874578506,down,up,up,down,-0.0515829887995976,-0.0124545418897756,-4.0008230907724505,-57.10098006981559,23.25
0.5629999999999988,0.0,0.1323810359955688,0.0,2.2541059763515037,down,up,up,down,-0.0515829887995976,-0.0124545418897756,-4.0008230907724505,-57.10098006981559,23.266
0.5940000000000012,0.0,0.0923440490357065,0.0,2.3783261238294813,down,up,up,down,-0.0515829887995976,-0.0124545418897756,-4.0008230907724505,-57.10098006981559,23.297
0.6099999999999994,0.0,0.11357139880664549,0.0,2.4424450759921115,down,up,up,down,-0.0515829887995976,-0.0124545418897756,-4.0008230907724505,-57.10098006981559,23.313
0.625,0.0,0.1713654416465175,0.0,2.502559558216923,down,up,up,down,-0.0515829887995976,-0.0124545418897756,-4.0008230907724505,-57.10098006981559,23.328
0.6410000000000018,0.0,0.0723509371276551,0.0,2.5666845200757393,down,up,up,down,-0.0515829887995976,-0.0124545418897756,-4.0008230907724505,-57.10098006981559,23.344
0.6720000000000006,0.0,0.039858971357564,0.0,2.690934630411391,down,up,up,down,-0.0515829887995976,-0.0124545418897756,-4.0008230907724505,-57.10098006981559,23.375
0.6879999999999988,0.0,0.0289262309454171,0.0,2.755067895418641,down,up,up,down,-0.0515829887995976,-0.0124545418897756,-4.0008230907724505,-57.10098006981559,23.391
0.7040000000000006,0.0,0.0965784872000167,0.0,2.819204041939038,down,up,up,down,-0.0515829887995976,-0.0124545418897756,-4.0008230907724505,-57.10098006981559,23.407
0.7190000000000012,0.0,0.1380196509188583,0.0,2.8793341620992265,down,up,up,down,-0.0515829887995976,-0.0124545418897756,-4.0008230907724505,-57.10098006981559,23.422
0.7349999999999994,0.0,0.1033291606577057,0.0,2.943475340232034,down,up,up,down,-0.0515829887995976,-0.0124545418897756,-4.0008230907724505,-57.10098006981559,23.438
0.75,0.0,0.1045825920810924,0.0,3.003609718278412,down,up,up,down,-0.0515829887995976,-0.0124545418897756,-4.0008230907724505,-57.10098006981559,23.453
0.7660000000000018,0.0,0.0579274547291055,0.0,3.067755052067163,down,up,up,down,-0.0515829887995976,-0.0124545418897756,-4.0008230907724505,-57.10098006981559,23.469
0.782,0.0,0.028788594844567198,0.0,3.131902408807065,down,up,up,down,-0.0515829887995976,-0.0124545418897756,-4.0008230907724505,-57.10098006981559,23.485
0.7970000000000006,0.0,0.0284154873245501,0.0,3.1920424483622654,down,up,up,down,-0.0515829887995976,-0.0124545418897756,-4.0008230907724505,-57.10098006981559,23.5
0.8129999999999988,0.0,0.0819863685712716,0.0,3.256193879363451,down,up,up,down,-0.0515829887995976,-0.0124545418897756,-4.0008230907724505,-57.10098006981559,23.516
0.8290000000000006,0.0,0.0374423298146257,0.0,3.3203474068874996,down,up,up,down,-0.0515829887995976,-0.0124545418897756,-4.0008230907724505,-57.10098006981559,23.532
0.8440000000000012,0.0,0.0366021387479269,0.0,3.3804932532522685,down,up,up,down,-0.0515829887995976,-0.0124545418897756,-4.0008230907724505,-57.10098006981559,23.547
0.8599999999999994,0.0,0.0636685844347462,0.0,3.444650895507337,down,up,up,down,-0.0515829887995976,-0.0124545418897756,-4.0008230907724505,-57.10098006981559,23.563
0.875,0.0,0.1068754242571833,0.0,3.5048005726038625,down,up,up,down,-0.0515829887995976,-0.0124545418897756,-4.0008230907724505,-57.10098006981559,23.578
0.8910000000000018,0.0,0.0,0.0,3.5689621796986586,down,up,up,down,-0.0515829887995976,-0.0124545418897756,-4.0008230907724505,-57.10098006981559,23.594
0.907,0.0,0.0,0.0,3.633125918046815,down,up,up,down,-0.0515829887995976,-0.0124545418897756,-4.0008230907724505,-57.10098006981559,23.61
0.9220000000000006,0.0,0.0960697891506101,0.0,3.693281473296686,down,up,up,down,-0.0515829887995976,-0.0124545418897756,-4.0008230907724505,-57.10098006981559,23.625
0.9379999999999988,0.0,0.061991293420000496,0.0,3.757449546554824,down,up,up,down,-0.0515829887995976,-0.0124545418897756,-4.0008230907724505,-57.10098006981559,23.641
0.9540000000000006,0.0,0.0640946786653091,0.0,3.8216197616365193,down,up,up,down,-0.0515829887995976,-0.0124545418897756,-4.0008230907724505,-57.10098006981559,23.657
0.9849999999999994,0.0,0.0604128272060198,0.010130724108039502,3.945955467705012,down,up,up,down,-0.0515829887995976,-0.0124545418897756,-4.0008230907724505,-57.10098006981559,23.688
1.0,0.0,0.010784641713830603,0.01025625546238551,4.006120716413378,down,up,up,down,-0.0515829887995976,-0.0124545418897756,-4.0008230907724505,-57.10098006981559,23.703
1.0160000000000018,0.0,0.0678293460169046,0.010395560155624928,4.070299100390692,down,up,up,down,-0.0515829887995976,-0.0124545418897756,-4.0008230907724505,-57.10098006981559,23.719
1.032,0.0,0.0674330934018545,0.010530756501752059,4.134479680376302,down,up,up,down,-0.0515829887995976,-0.0124545418897756,-4.0008230907724505,-57.10098006981559,23.735
1.0470000000000006,0.0,0.0413999291853394,0.01065674665790084,4.194650933011587,down,up,up,down,-0.0515829887995976,-0.0124545418897756,-4.0008230907724505,-57.10098006981559,23.75
1.0629999999999988,0.0,0.039481165867165297,0.010793907158280547,4.258835707694466,down,up,up,down,-0.0515829887995976,-0.0124545418897756,-4.0008230907724505,-57.10098006981559,23.766
1.0790000000000006,0.0,0.0775249391700174,0.010929296122349719,4.323022662773077,down,up,up,down,-0.0515829887995976,-0.0124545418897756,-4.0008230907724505,-57.10098006981559,23.782
1.0940000000000012,0.0,0.0680384773496903,0.01105125899965742,4.383199863298081,down,up,up,down,-0.0515829887995976,-0.0124545418897756,-4.0008230907724505,-57.10098006981559,23.797
1.1099999999999994,0.0,0.0672270813799684,0.011177375632976272,4.447390861827493,down,up,up,down,-0.0515829887995976,-0.0124545418897756,-4.0008230907724505,-57.10098006981559,23.813
1.125,0.0,0.0686171997596547,0.011291816336870042,4.507571727128855,down,up,up,down,-0.0515829887995976,-0.0124545418897756,-4.0008230907724505,-57.10098006981559,23.828
1.1410000000000018,0.0,0.1195367025934568,0.011403144240342833,4.571766456265841,down,up,up,down,-0.0515829887995976,-0.0124545418897756,-4.0008230907724505,-57.10098006981559,23.844
1.1720000000000006,0.0,0.0862378196112205,0.011585337886095282,4.696148293552746,down,up,up,down,-0.0515829887995976,-0.0124545418897756,-4.0008230907724505,-57.10098006981559,23.875
1.1879999999999988,0.0,0.0213228174643664,0.011674652220050596,4.760347542925949,down,up,up,down,-0.0515829887995976,-0.0124545418897756,-4.0008230907724505,-57.10098006981559,23.891
1.2040000000000006,0.0,0.09664656314833961,0.011762071718419698,4.8245482061698155,down,up,up,down,-0.0515829887995976,-0.0124545418897756,-4.0008230907724505,-57.10098006981559,23.907
1.2190000000000012,0.0,0.0716056604529049,0.011836367318657892,4.88473754082419,down,up,up,down,-0.0515829887995976,-0.0124545418897756,-4.0008230907724505,-57.10098006981559,23.922
1.2349999999999994,0.0,0.0699963174380998,0.011910856332248976,4.948940688065747,down,up,up,down,-0.0515829887995976,-0.0124545418897756,-4.0008230907724505,-57.10098006981559,23.938
1.25,0.0,0.1444414180165591,0.01196803360976606,5.009132126101903,down,up,up,down,-0.0515829887995976,-0.0124545418897756,-4.0008230907724505,-57.10098006981559,23.953
1.2660000000000018,0.0,0.0925893029498644,0.012012630886068187,5.073337140870237,down,up,up,down,-0.0515829887995976,-0.0124545418897756,-4.0008230907724505,-57.10098006981559,23.969
1.282,0.0,0.0452865300655295,0.0120527853008765,5.137542833652091,down,up,up,down,-0.0515829887995976,-0.0124545418897756,-4.0008230907724505,-57.10098006981559,23.985
1.2970000000000006,0.0101909410851171,0.0713444415148691,0.012088962476376253,5.1977362431220016,down,up,up,down,-0.0515829887995976,-0.0124545418897756,-4.0008230907724505,-57.10098006981559,24.0
1.3290000000000006,0.010468945048708999,0.0602706126618444,0.01215694963870817,5.326150516620558,down,up,up,down,-0.0515829887995976,-0.0124545418897756,-4.0008230907724505,-57.10098006981559,24.032
1.3440000000000012,0.0108338438325272,0.07590957438748269,0.012183996850445133,5.386345420080815,down,up,up,down,-0.0515829887995976,-0.0124545418897756,-4.0008230907724505,-57.10098006981559,24.047
1.3599999999999994,0.0134353347402526,0.2141761705324551,0.012189116092098828,5.450553574436711,down,up,up,down,-0.0515829887995976,-0.0124545418897756,-4.0008230907724505,-57.10098006981559,24.063
1.375,0.014863905279270201,0.1468210247340987,0.012163689920299703,5.5107485668433895,down,up,up,down,-0.0515829887995976,-0.0124545418897756,-4.0008230907724505,-57.10098006981559,24.078
1.3910000000000018,0.0162396204013929,0.1375651839322602,0.012114134385091013,5.5749559588902,down,up,up,down,-0.0515829887995976,-0.0124545418897756,-4.0008230907724505,-57.10098006981559,24.094
1.407,0.0172217307929755,0.1129648882735156,0.012045716245772553,5.639162407147602,down,up,up,down,-0.0515829887995976,-0.0124545418897756,-4.0008230907724505,-57.10098006981559,24.11
1.4220000000000006,0.0194190691111301,0.1980722100098991,0.011957728374838439,5.6993547793438495,down,up,up,down,-0.0515829887995976,-0.0124545418897756,-4.0008230907724505,-57.10098006981559,24.125
1.4379999999999988,0.0215673739448369,0.1858520409062849,0.011829109500627766,5.763558243499197,down,up,up,down,-0.0515829887995976,-0.0124545418897756,-4.0008230907724505,-57.10098006981559,24.141
1.4540000000000006,0.023509419310784,0.1729608241712783,0.011667767824819819,5.827759387970168,down,up,up,down,-0.0515829887995976,-0.0124545418897756,-4.0008230907724505,-57.10098006981559,24.157
1.4690000000000012,0.0256935676250264,0.1971928764157525,0.011485563551147493,5.887945384317078,down,up,up,down,-0.0515829887995976,-0.0124545418897756,-4.0008230907724505,-57.10098006981559,24.172
1.5,0.0298446589435029,0.18548916036336321,0.011010811837919299,6.012319593949549,down,up,up,down,-0.0515829887995976,-0.0124545418897756,-4.0008230907724505,-57.10098006981559,24.203
1.5160000000000018,0.032550639660977,0.2207067836417084,0.01071092211932001,6.076506537273573,down,up,up,down,-0.0515829887995976,-0.0124545418897756,-4.0008230907724505,-57.10098006981559,24.219
1.532,0.0370636730016843,0.3336475725938346,0.010353280288255107,6.140688220345176,down,up,up,down,-0.0515829887995976,-0.0124545418897756,-4.0008230907724505,-57.10098006981559,24.235
1.5470000000000006,0.0414439690454012,0.3436027250473815,0.0,6.200852850992192,down,up,up,down,-0.0515829887995976,-0.0124545418897756,-4.0008230907724505,-57.10098006981559,24.25
1.5629999999999988,0.0442147983555702,0.2247598206851742,0.0,6.265021353122414,down,up,up,down,-0.0515829887995976,-0.0124545418897756,-4.0008230907724505,-57.10098006981559,24.266
1.5940000000000012,0.0476821019186831,0.1634314908354916,0.0,6.389324199216055,down,up,up,down,-0.0515829887995976,-0.0124545418897756,-4.0008230907724505,-57.10098006981559,24.297
1.6099999999999994,0.0519012064606964,0.3152770226754542,0.0,6.4534674212376615,down,up,up,down,-0.0515829887995976,-0.0124545418897756,-4.0008230907724505,-57.10098006981559,24.313
1.625,0.0578938879429261,0.4510950876148995,0.0,6.5135924365913525,down,up,up,down,-0.0515829887995976,-0.0124545418897756,-4.0008230907724505,-57.10098006981559,24.328
1.657,0.0620428845434161,0.1812391325649084,0.0,6.641824622602968,down,up,up,down,-0.0515829887995976,-0.0124545418897756,-4.0008230907724505,-57.10098006981559,24.36
1.6720000000000006,0.0660026548659774,0.3155676769703436,0.0,6.701916255047642,down,up,up,down,-0.0515829887995976,-0.0124545418897756,-4.0008230907724505,-57.10098006981559,24.375
1.6879999999999988,0.0713234915117392,0.384135279159745,0.0,6.766000613442607,down,up,up,down,-0.0515829887995976,-0.0124545418897756,-4.0008230907724505,-57.10098006981559,24.391
1.7040000000000006,0.07652157142207,0.3764629831952383,0.0,6.830069909242916,down,up,up,down,-0.0515829887995976,-0.0124545418897756,-4.0008230907724505,-57.10098006981559,24.407
1.7190000000000012,0.0829258673252066,0.4785360490086824,0.0,6.89011993011448,down,up,up,down,-0.0515829887995976,-0.0124545418897756,-4.0008230907724505,-57.10098006981559,24.422
1.7349999999999994,0.0896057708368721,0.4690769582787427,0.0,6.954155765566028,down,up,up,down,-0.0515829887995976,-0.0124545418897756,-4.0008230907724505,-57.10098006981559,24.438
1.75,0.096118402626617,0.4857584414492355,0.0,7.01417145809981,down,up,up,down,-0.0515829887995976,-0.0124545418897756,-4.0008230907724505,-57.10098006981559,24.453
1.782,0.1034853552568932,0.2818002584957287,0.0,7.1421409158578655,down,up,up,down,-0.0515829887995976,-0.0124545418897756,-4.0008230907724505,-57.10098006981559,24.485
1.7970000000000006,0.1107879712549112,0.5384240553341171,0.0,7.202094984082407,down,up,up,down,-0.0515829887995976,-0.0124545418897756,-4.0008230907724505,-57.10098006981559,24.5
1.8129999999999988,0.1178810903784252,0.4949029340192688,0.0,7.266021587695434,down,up,up,down,-0.0515829887995976,-0.0124545418897756,-4.0008230907724505,-57.10098006981559,24.516
1.8290000000000006,0.1241681427003501,0.4445237589198628,0.0,7.329921253700334,down,up,up,down,-0.0515829887995976,-0.0124545418897756,-4.0008230907724505,-57.10098006981559,24.532
1.8440000000000012,0.1307798857909804,0.4923658615082665,0.0,7.38980122248033,down,up,up,down,-0.0515829887995976,-0.0124545418897756,-4.0008230907724505,-57.10098006981559,24.547
1.8599999999999994,0.1387233538981575,0.548049745498218,0.011644571396353776,7.453643732816317,down,up,up,down,-0.0515829887995976,-0.0124545418897756,-4.0008230907724505,-57.10098006981559,24.563
1.875,0.146438234378408,0.5659083541496104,0.013596465180081285,7.513466771403586,down,up,up,down,-0.0515829887995976,-0.0124545418897756,-4.0008230907724505,-57.10098006981559,24.578
1.8910000000000018,0.1519599689842436,0.3966914016642842,0.01578437813674638,7.577244894109413,down,up,up,down,-0.0515829887995976,-0.0124545418897756,-4.0008230907724505,-57.10098006981559,24.594
1.907,0.1590723839813338,0.4961089261177875,0.01807336429023465,7.640987201622352,down,up,up,down,-0.0515829887995976,-0.0124545418897756,-4.0008230907724505,-57.10098006981559,24.61
1.9220000000000006,0.1659886376979659,0.5126665699083848,0.020324503824482587,7.700711563973087,down,up,up,down,-0.0515829887995976,-0.0124545418897756,-4.0008230907724505,-57.10098006981559,24.625
1.9379999999999988,0.1750461463458562,0.6176772792928065,0.022853509426596474,7.7643793093194375,down,up,up,down,-0.0515829887995976,-0.0124545418897756,-4.0008230907724505,-57.10098006981559,24.641
1.9540000000000006,0.1831012822168229,0.5550289807349552,0.025519416184861754,7.828005495366909,down,up,up,down,-0.0515829887995976,-0.0124545418897756,-4.0008230907724505,-57.10098006981559,24.657
1.9690000000000012,0.1906563646908291,0.5552551537333298,0.028135780408322653,7.887615427754056,down,up,up,down,-0.0515829887995976,-0.0124545418897756,-4.0008230907724505,-57.10098006981559,24.672
1.9849999999999994,0.1986003622311471,0.5480828350695233,0.03105056155346153,7.951155106470708,down,up,up,down,-0.0515829887995976,-0.0124545418897756,-4.0008230907724505,-57.10098006981559,24.688
2.0,0.2079621863890287,0.6757045993250186,0.0339129625397665,8.010680226401604,down,up,up,down,-0.0515829887995976,-0.0124545418897756,-4.0008230907724505,-57.10098006981559,24.703
2.016000000000002,0.2171118905767492,0.6234395005320605,0.03711428248525683,8.074125177893777,down,up,up,down,-0.0515829887995976,-0.0124545418897756,-4.0008230907724505,-57.10098006981559,24.719
2.0470000000000006,0.2264779640208728,0.353714390222953,0.04360383443293658,8.196899562895481,down,up,up,down,-0.0515829887995976,-0.0124545418897756,-4.0008230907724505,-57.10098006981559,24.75
2.062999999999999,0.234141158771706,0.5305326607267261,0.04708951474504053,8.260187185554415,down,up,up,down,-0.0515829887995976,-0.0124545418897756,-4.0008230907724505,-57.10098006981559,24.766
2.0790000000000006,0.2415872955464858,0.5169665372232822,0.05069606970935059,8.323418070331144,down,up,up,down,-0.0515829887995976,-0.0124545418897756,-4.0008230907724505,-57.10098006981559,24.782
2.094000000000001,0.2504201185971925,0.6404378588466852,0.05419930718708166,8.382643701366007,down,up,up,down,-0.0515829887995976,-0.0124545418897756,-4.0008230907724505,-57.10098006981559,24.797
2.1099999999999994,0.26050204422260126,0.6817033403877152,0.05808741181940258,8.4457585770663,down,up,up,down,-0.0515829887995976,-0.0124545418897756,-4.0008230907724505,-57.10098006981559,24.813
2.125,0.27030611510116376,0.7051877140370727,0.06188165488598507,8.504871155427594,down,up,up,down,-0.0515829887995976,-0.0124545418897756,-4.0008230907724505,-57.10098006981559,24.828
2.141000000000002,0.28031369587760924,0.6770567873273701,0.06608734070357825,8.56786057291525,down,up,up,down,-0.0515829887995976,-0.0124545418897756,-4.0008230907724505,-57.10098006981559,24.844
2.157,0.2911099942993952,0.7263516401612954,0.07045945755475724,8.630781367981541,down,up,up,down,-0.0515829887995976,-0.0124545418897756,-4.0008230907724505,-57.10098006981559,24.86
2.1720000000000006,0.3026999857595686,0.8242490861444594,0.07472621427685366,8.689704821804398,down,up,up,down,-0.0515829887995976,-0.0124545418897756,-4.0008230907724505,-57.10098006981559,24.875
2.187999999999999,0.3140090825631442,0.7584015390231512,0.0794606141531986,8.752484496629307,down,up,up,down,-0.0515829887995976,-0.0124545418897756,-4.0008230907724505,-57.10098006981559,24.891
2.2040000000000006,0.32326816837879224,0.6302758522775359,0.08435955949049756,8.815187104692527,down,up,up,down,-0.0515829887995976,-0.0124545418897756,-4.0008230907724505,-57.10098006981559,24.907
2.219000000000001,0.33399782583480675,0.7668934858672043,0.08910223631875347,8.87389848758555,down,up,up,down,-0.0515829887995976,-0.0124545418897756,-4.0008230907724505,-57.10098006981559,24.922
2.2349999999999994,0.34447840130594887,0.706618955746052,0.09433077346564245,8.936444192959627,down,up,up,down,-0.0515829887995976,-0.0124545418897756,-4.0008230907724505,-57.10098006981559,24.938
2.25,0.3548015641688077,0.7397938463234939,0.09938855507835687,8.99500364435714,down,up,up,down,-0.0515829887995976,-0.0124545418897756,-4.0008230907724505,-57.10098006981559,24.953
2.266000000000002,0.3660762453795473,0.7562505644707438,0.10495630488450747,9.057382054929803,down,up,up,down,-0.0515829887995976,-0.0124545418897756,-4.0008230907724505,-57.10098006981559,24.969
2.282,0.3770765506271284,0.7391020667734927,0.11070225458232441,9.119669955906417,down,up,up,down,-0.0515829887995976,-0.0124545418897756,-4.0008230907724505,-57.10098006981559,24.985
2.312999999999999,0.38577444734873534,0.3321603023998317,0.12214035425236647,9.240086411283414,down,up,up,down,-0.0515829887995976,-0.0124545418897756,-4.0008230907724505,-57.10098006981559,25.016
2.3290000000000006,0.39459041821463525,0.6025811679182805,0.12818400050663836,9.302096985897705,down,up,up,down,-0.0515829887995976,-0.0124545418897756,-4.0008230907724505,-57.10098006981559,25.032
2.344000000000001,0.4019885577827206,0.5447922933386007,0.13397152469827267,9.360143165820261,down,up,up,down,-0.0515829887995976,-0.0124545418897756,-4.0008230907724505,-57.10098006981559,25.047
2.3599999999999994,0.40921928529249374,0.5035034581604699,0.14026191477263694,9.421962467756842,down,up,up,down,-0.0515829887995976,-0.0124545418897756,-4.0008230907724505,-57.10098006981559,25.063
2.375,0.41916677543347436,0.7147489981982804,0.1462879920997353,9.479825689816892,down,up,up,down,-0.0515829887995976,-0.0124545418897756,-4.0008230907724505,-57.10098006981559,25.078
2.391000000000002,0.42690528315281273,0.5352397212581916,0.15285729589818953,9.541445696965269,down,up,up,down,-0.0515829887995976,-0.0124545418897756,-4.0008230907724505,-57.10098006981559,25.094
2.407,0.43536487099581034,0.5803072289870062,0.15955618446114173,9.602959558574753,down,up,up,down,-0.0515829887995976,-0.0124545418897756,-4.0008230907724505,-57.10098006981559,25.11
2.4220000000000006,0.44268609294033456,0.5396644517678608,0.1659547485623163,9.660530572938669,down,up,up,down,-0.0515829887995976,-0.0124545418897756,-4.0008230907724505,-57.10098006981559,25.125
2.437999999999999,0.4498124031280496,0.4969773755318363,0.17289546386062637,9.721832940691641,down,up,up,down,-0.0515829887995976,-0.0124545418897756,-4.0008230907724505,-57.10098006981559,25.141
2.4540000000000006,0.45901354497490476,0.626654354227981,0.17996679877521427,9.78302321204292,down,up,up,down,-0.0515829887995976,-0.0124545418897756,-4.0008230907724505,-57.10098006981559,25.157
2.469000000000001,0.4669818322685194,0.5828021417072208,0.1867249459761937,9.840285370318867,down,up,up,down,-0.0515829887995976,-0.0124545418897756,-4.0008230907724505,-57.10098006981559,25.172
2.4849999999999994,0.4744298025618149,0.5170811321306157,0.19405696638459924,9.901252284472335,down,up,up,down,-0.0515829887995976,-0.0124545418897756,-4.0008230907724505,-57.10098006981559,25.188
2.516000000000002,0.4816601989120953,0.2848215807441102,0.20849027060886227,10.01903831811289,down,up,up,down,-0.0515829887995976,-0.0124545418897756,-4.0008230907724505,-57.10098006981559,25.219
2.532,0.4882503642467312,0.4634683222143839,0.2160502824438959,10.079655163140828,down,up,up,down,-0.0515829887995976,-0.0124545418897756,-4.0008230907724505,-57.10098006981559,25.235
2.5470000000000006,0.49653976784557574,0.6042098953892138,0.22324939030624247,10.136372761956792,down,up,up,down,-0.0515829887995976,-0.0124545418897756,-4.0008230907724505,-57.10098006981559,25.25
2.562999999999999,0.5046648062502291,0.5593978890904907,0.23105975422877112,10.196751458252862,down,up,up,down,-0.0515829887995976,-0.0124545418897756,-4.0008230907724505,-57.10098006981559,25.266
2.5790000000000006,0.5110149078070502,0.4484643361008676,0.23898591927099355,10.257004262317224,down,up,up,down,-0.0515829887995976,-0.0124545418897756,-4.0008230907724505,-57.10098006981559,25.282
2.594000000000001,0.5180239815022264,0.5188545684779949,0.24651689281246725,10.313375337588184,down,up,up,down,-0.0515829887995976,-0.0124545418897756,-4.0008230907724505,-57.10098006981559,25.297
2.6099999999999994,0.5247386499593513,0.4712497673699484,0.25465972119392255,10.373379094128481,down,up,up,down,-0.0515829887995976,-0.0124545418897756,-4.0008230907724505,-57.10098006981559,25.313
2.641000000000002,0.5316566105093975,0.2747430065430074,0.2706477569326067,10.489262344031474,down,up,up,down,-0.0515829887995976,-0.0124545418897756,-4.0008230907724505,-57.10098006981559,25.344
2.657,0.538306205205087,0.4671826572802363,0.2790081867880847,10.548878265934064,down,up,up,down,-0.0515829887995976,-0.0124545418897756,-4.0008230907724505,-57.10098006981559,25.36
2.6720000000000006,0.5448353360563746,0.4868583788854204,0.28694493021919953,10.604645963918102,down,up,up,down,-0.0515829887995976,-0.0124545418897756,-4.0008230907724505,-57.10098006981559,25.375
2.687999999999999,0.552411813929316,0.5251128558584914,0.2955236347488479,10.663999384850712,down,up,up,down,-0.0515829887995976,-0.0124545418897756,-4.0008230907724505,-57.10098006981559,25.391
2.7040000000000006,0.5581639831520969,0.4110935652233622,0.3042089684552636,10.723214693477445,down,up,up,down,-0.0515829887995976,-0.0124545418897756,-4.0008230907724505,-57.10098006981559,25.407
2.719000000000001,0.5637523677487816,0.4241419619118933,0.31243652295867363,10.77860219865343,down,up,up,down,-0.0515829887995976,-0.0124545418897756,-4.0008230907724505,-57.10098006981559,25.422
2.7349999999999994,0.5706314842588823,0.4815277706809423,0.3213123211044975,10.83754537735328,down,up,up,down,-0.0515829887995976,-0.0124545418897756,-4.0008230907724505,-57.10098006981559,25.438
2.75,0.5758888446844227,0.40207368383560893,0.3297244054432258,10.892674948265764,down,up,up,down,-0.0515829887995976,-0.0124545418897756,-4.0008230907724505,-57.10098006981559,25.453
2.782,0.5831439195693057,0.2783040789521903,0.34787038433081285,11.009859770534092,down,up,up,down,-0.0515829887995976,-0.0124545418897756,-4.0008230907724505,-57.10098006981559,25.485
2.7970000000000006,0.5870695013606041,0.3132884415528161,0.3564601668594407,11.064589637761756,down,up,up,down,-0.0515829887995976,-0.0124545418897756,-4.0008230907724505,-57.10098006981559,25.5
2.812999999999999,0.5914628089192709,0.3261647112163058,0.3656891526714423,11.122825612657863,down,up,up,down,-0.0515829887995976,-0.0124545418897756,-4.0008230907724505,-57.10098006981559,25.516
2.8290000000000006,0.5957458125571796,0.31927071616886,0.37498754897301856,11.180913368497073,down,up,up,down,-0.0515829887995976,-0.0124545418897756,-4.0008230907724505,-57.10098006981559,25.532
2.844000000000001,0.600362664724713,0.3593731333018113,0.3837715444242864,11.235235021658184,down,up,up,down,-0.0515829887995976,-0.0124545418897756,-4.0008230907724505,-57.10098006981559,25.547
2.8599999999999994,0.6037199867876842,0.2614156177353229,0.3932049329661482,11.293032379291418,down,up,up,down,-0.0515829887995976,-0.0124545418897756,-4.0008230907724505,-57.10098006981559,25.563
2.875,0.6070200964902489,0.27159030230390047,0.4020986654623866,11.347079948664799,down,up,up,down,-0.0515829887995976,-0.0124545418897756,-4.0008230907724505,-57.10098006981559,25.578
2.891000000000002,0.6131850304419774,0.436891360782583,0.4116610338076092,11.404583040523008,down,up,up,down,-0.0515829887995976,-0.0124545418897756,-4.0008230907724505,-57.10098006981559,25.594
2.907,0.6179039265901894,0.3465139980628852,0.4213104727936292,11.461932437922556,down,up,up,down,-0.0515829887995976,-0.0124545418897756,-4.0008230907724505,-57.10098006981559,25.61
2.9220000000000006,0.6225316946221414,0.3601008575963841,0.43042692182437525,11.515556753824512,down,up,up,down,-0.0515829887995976,-0.0124545418897756,-4.0008230907724505,-57.10098006981559,25.625
2.937999999999999,0.6269500861405762,0.327732458701804,0.4402235034002393,11.572604719875073,down,up,up,down,-0.0515829887995976,-0.0124545418897756,-4.0008230907724505,-57.10098006981559,25.641
2.9540000000000006,0.6309613062684568,0.3022842467921056,0.45008752186927614,11.629495401125283,down,up,up,down,-0.0515829887995976,-0.0124545418897756,-4.0008230907724505,-57.10098006981559,25.657
2.969000000000001,0.6347590652349754,0.3047669199008261,0.45939360652720573,11.682686639023899,down,up,up,down,-0.0515829887995976,-0.0124545418897756,-4.0008230907724505,-57.10098006981559,25.672
2.9849999999999994,0.6384728110064141,0.2836920995145407,0.4693801888668987,11.739269618113099,down,up,up,down,-0.0515829887995976,-0.0124545418897756,-4.0008230907724505,-57.10098006981559,25.688
3.0,0.6418806390172821,0.2787715228574576,0.47879602161373036,11.792170642896082,down,up,up,down,-0.0515829887995976,-0.0124545418897756,-4.0008230907724505,-57.10098006981559,25.703
3.032,0.6455194020028489,0.1652943320985586,0.4989958769295799,11.904552311424112,down,up,up,down,-0.0515829887995976,-0.0124545418897756,-4.0008230907724505,-57.10098006981559,25.735
3.0470000000000006,0.6495290028661261,0.3188897130180731,0.508521921837751,11.95700827429495,down,up,up,down,-0.0515829887995976,-0.0124545418897756,-4.0008230907724505,-57.10098006981559,25.75
3.062999999999999,0.6528004235509303,0.256046781599878,0.5187412845788502,12.012803338095964,down,up,up,down,-0.0515829887995976,-0.0124545418897756,-4.0008230907724505,-57.10098006981559,25.766
3.0790000000000006,0.6561806551563033,0.262847464135389,0.5290138605382726,12.068434466387387,down,up,up,down,-0.0515829887995976,-0.0124545418897756,-4.0008230907724505,-57.10098006981559,25.782
3.094000000000001,0.6594809287897031,0.2716012310262424,0.5386945042895213,12.120439000012766,down,up,up,down,-0.0515829887995976,-0.0124545418897756,-4.0008230907724505,-57.10098006981559,25.797
3.1099999999999994,0.6631384675295012,0.2801791600370057,0.5490761867898373,12.175750003936486,down,up,up,down,-0.0515829887995976,-0.0124545418897756,-4.0008230907724505,-57.10098006981559,25.813
3.125,0.6660285260591524,0.24425355744300262,0.5588581211134058,12.227452842988797,down,up,up,down,-0.0515829887995976,-0.0124545418897756,-4.0008230907724505,-57.10098006981559,25.828
3.141000000000002,0.6688234621495147,0.22626649444722172,0.5693376643488399,12.282440446157466,down,up,up,down,-0.0515829887995976,-0.0124545418897756,-4.0008230907724505,-57.10098006981559,25.844
3.157,0.6728961523979126,0.3061261293244911,0.5798721485949816,12.337259937106268,down,up,up,down,-0.0515829887995976,-0.0124545418897756,-4.0008230907724505,-57.10098006981559,25.86
3.1720000000000006,0.6779550301521374,0.3888415057479092,0.5898167143357607,12.388499616995873,down,up,up,down,-0.0515829887995976,-0.0124545418897756,-4.0008230907724505,-57.10098006981559,25.875
3.187999999999999,0.6828909301836069,0.3600767407664745,0.6005042093482094,12.442990219058757,down,up,up,down,-0.0515829887995976,-0.0124545418897756,-4.0008230907724505,-57.10098006981559,25.891
3.2040000000000006,0.6870170861046477,0.3094677338646199,0.6112642008082796,12.497309241229871,down,up,up,down,-0.0515829887995976,-0.0124545418897756,-4.0008230907724505,-57.10098006981559,25.907
3.2349999999999994,0.6887590686486414,0.1077759740897195,0.6322026404083716,12.602061021004957,down,up,up,down,-0.0515829887995976,-0.0124545418897756,-4.0008230907724505,-57.10098006981559,25.938
3.25,0.6899441510617307,0.1305884830055435,0.6423560964278532,12.65251417684027,down,up,up,down,-0.0515829887995976,-0.0124545418897756,-4.0008230907724505,-57.10098006981559,25.953
3.266000000000002,0.6910987014450906,0.12374238775958171,0.6532051665776724,12.706162856188598,down,up,up,down,-0.0515829887995976,-0.0124545418897756,-4.0008230907724505,-57.10098006981559,25.969
3.282,0.6927524669906456,0.1549433353968011,0.6640767032549206,12.75963777068229,down,up,up,down,-0.0515829887995976,-0.0124545418897756,-4.0008230907724505,-57.10098006981559,25.985
3.2970000000000006,0.6943866364729877,0.1605276209557317,0.6742934284025517,12.80961234105645,down,up,up,down,-0.0515829887995976,-0.0124545418897756,-4.0008230907724505,-57.10098006981559,26.0
3.312999999999999,0.6960600714663271,0.1561726758833206,0.6852177293958288,12.86274942124642,down,up,up,down,-0.0515829887995976,-0.0124545418897756,-4.0008230907724505,-57.10098006981559,26.016
3.3290000000000006,0.6976370558370578,0.150144511970257,0.6961680337440206,12.91571150459366,down,up,up,down,-0.0515829887995976,-0.0124545418897756,-4.0008230907724505,-57.10098006981559,26.032
3.344000000000001,0.6991292297056101,0.1510612467030785,0.7064569627572443,12.965204163481488,down,up,up,down,-0.0515829887995976,-0.0124545418897756,-4.0008230907724505,-57.10098006981559,26.047
3.375,0.7018253841061507,0.138555711397685,0.7277856684727424,13.06699891851136,down,up,up,down,-0.0515829887995976,-0.0124545418897756,-4.0008230907724505,-57.10098006981559,26.078
3.391000000000002,0.7050122188785578,0.25076016207501967,0.7388410966263854,13.119279073842932,down,up,up,down,-0.0515829887995976,-0.0124545418897756,-4.0008230907724505,-57.10098006981559,26.094
3.407,0.7083398918222431,0.2595625477799517,0.7499486408417542,13.171381925395536,down,up,up,down,-0.0515829887995976,-0.0124545418897756,-4.0008230907724505,-57.10098006981559,26.11
3.4220000000000006,0.7115745937471888,0.2672297837959682,0.7604111813551784,13.220066573090648,down,up,up,down,-0.0515829887995976,-0.0124545418897756,-4.0008230907724505,-57.10098006981559,26.125
3.437999999999999,0.7138880590746516,0.1961745717660381,0.7716156099075158,13.271823528212906,down,up,up,down,-0.0515829887995976,-0.0124545418897756,-4.0008230907724505,-57.10098006981559,26.141
3.4540000000000006,0.7161583260170729,0.1934746727009112,0.7828567083180147,13.323400919119464,down,up,up,down,-0.0515829887995976,-0.0124545418897756,-4.0008230907724505,-57.10098006981559,26.157
3.469000000000001,0.7183447007154963,0.1973413020278201,0.7934286628901623,13.371591125196986,down,up,up,down,-0.0515829887995976,-0.0124545418897756,-4.0008230907724505,-57.10098006981559,26.172
3.4849999999999994,0.7194353372168613,0.1197477701349165,0.8047316305233836,13.422819012302028,down,up,up,down,-0.0515829887995976,-0.0124545418897756,-4.0008230907724505,-57.10098006981559,26.188
3.5,0.719837825939102,0.0784155702823092,0.8153393611187068,13.4706808262263,down,up,up,down,-0.0515829887995976,-0.0124545418897756,-4.0008230907724505,-57.10098006981559,26.203
3.516000000000002,0.7202247895348427,0.0757682135333919,0.8266605893722634,13.521557996074733,down,up,up,down,-0.0515829887995976,-0.0124545418897756,-4.0008230907724505,-57.10098006981559,26.219
3.5470000000000006,0.7216161010591956,0.096464005714209,0.8486230323778869,13.619616615751553,down,up,up,down,-0.0515829887995976,-0.0124545418897756,-4.0008230907724505,-57.10098006981559,26.25
3.562999999999999,0.7228710422995571,0.1300168163222011,0.8599796568545193,13.669960963690045,down,up,up,down,-0.0515829887995976,-0.0124545418897756,-4.0008230907724505,-57.10098006981559,26.266
3.5790000000000006,0.7240993243988302,0.1283506200041552,0.8713561471178712,13.72012344671063,down,up,up,down,-0.0515829887995976,-0.0124545418897756,-4.0008230907724505,-57.10098006981559,26.282
3.594000000000001,0.7262150761272891,0.1926331040301858,0.8820466869934704,13.766985271816381,down,up,up,down,-0.0515829887995976,-0.0124545418897756,-4.0008230907724505,-57.10098006981559,26.297
3.6099999999999994,0.7255082377188183,0.0,0.8934612008340022,13.816794378166108,down,up,up,down,-0.0515829887995976,-0.0124545418897756,-4.0008230907724505,-57.10098006981559,26.313
3.641000000000002,0.7275564103432702,0.11765307345933099,0.9155976120803833,13.91277948237989,down,up,up,down,-0.0515829887995976,-0.0124545418897756,-4.0008230907724505,-57.10098006981559,26.344
3.657,0.7285060105709088,0.1109330030270147,0.9270468387774584,13.962051496225385,down,up,up,down,-0.0515829887995976,-0.0124545418897756,-4.0008230907724505,-57.10098006981559,26.36
3.6720000000000006,0.7294188875171751,0.1124414518840149,0.9377944573847734,14.008077532865755,down,up,up,down,-0.0515829887995976,-0.0124545418897756,-4.0008230907724505,-57.10098006981559,26.375
3.687999999999999,0.7331145906832005,0.2825644366762112,0.9492954525401389,14.056993983038709,down,up,up,down,-0.0515829887995976,-0.0124545418897756,-4.0008230907724505,-57.10098006981559,26.391
3.7040000000000006,0.7354033046727099,0.1946276131439166,0.960844323032751,14.10572603428649,down,up,up,down,-0.0515829887995976,-0.0124545418897756,-4.0008230907724505,-57.10098006981559,26.407
3.719000000000001,0.7368499056248526,0.1480230522757788,0.9716994039816367,14.151244302695474,down,up,up,down,-0.0515829887995976,-0.0124545418897756,-4.0008230907724505,-57.10098006981559,26.422
3.7349999999999994,0.7382161509463446,0.1369733213928562,0.9833006597639686,14.199617471637865,down,up,up,down,-0.0515829887995976,-0.0124545418897756,-4.0008230907724505,-57.10098006981559,26.438
3.75,0.7394409518370394,0.1332363815125789,0.9941962699064977,14.244798591026921,down,up,up,down,-0.0515829887995976,-0.0124545418897756,-4.0008230907724505,-57.10098006981559,26.453
3.766000000000002,0.741733786413583,0.19488514983355731,1.0058463951422674,14.292811419158895,down,up,up,down,-0.0515829887995976,-0.0124545418897756,-4.0008230907724505,-57.10098006981559,26.469
3.782,0.7439872590384783,0.19242502785556811,1.0175328908356462,14.340637554323422,down,up,up,down,-0.0515829887995976,-0.0124545418897756,-4.0008230907724505,-57.10098006981559,26.485
3.812999999999999,0.7438057014762921,0.0457262932452043,1.0402075909250414,14.432768092670074,down,up,up,down,-0.0515829887995976,-0.0124545418897756,-4.0008230907724505,-57.10098006981559,26.516
3.8290000000000006,0.744555572689327,0.0984499396142758,1.0519152084481314,14.480044279727451,down,up,up,down,-0.0515829887995976,-0.0124545418897756,-4.0008230907724505,-57.10098006981559,26.532
3.844000000000001,0.7452699730944409,0.0992096824738514,1.0629020819131636,14.524195496411323,down,up,up,down,-0.0515829887995976,-0.0124545418897756,-4.0008230907724505,-57.10098006981559,26.547
3.8599999999999994,0.7465488313676952,0.1315116308780037,1.074637359678623,14.571108350330945,down,up,up,down,-0.0515829887995976,-0.0124545418897756,-4.0008230907724505,-57.10098006981559,26.563
3.875,0.7482660289166602,0.1660628253972554,1.0856616530024095,14.61491845409742,down,up,up,down,-0.0515829887995976,-0.0124545418897756,-4.0008230907724505,-57.10098006981559,26.578
3.891000000000002,0.7486601792198256,0.076217382747437,1.097437789997266,14.661466828005786,down,up,up,down,-0.0515829887995976,-0.0124545418897756,-4.0008230907724505,-57.10098006981559,26.594
3.907,0.7490467204799315,0.0757418175562154,1.1092201725246267,14.707826733757969,down,up,up,down,-0.0515829887995976,-0.0124545418897756,-4.0008230907724505,-57.10098006981559,26.61
3.9220000000000006,0.7497388782975597,0.09772684330814341,1.1202742463871114,14.751117871977726,down,up,up,down,-0.0515829887995976,-0.0124545418897756,-4.0008230907724505,-57.10098006981559,26.625
3.937999999999999,0.7513129161766424,0.1499603562422786,1.132083388072667,14.797112180354404,down,up,up,down,-0.0515829887995976,-0.0124545418897756,-4.0008230907724505,-57.10098006981559,26.641
3.9540000000000006,0.7520278326741784,0.0962652698955905,1.1439108413932386,14.842917395971043,down,up,up,down,-0.0515829887995976,-0.0124545418897756,-4.0008230907724505,-57.10098006981559,26.657
3.969000000000001,0.7530890669863143,0.1223319429419879,1.155012400012346,14.885687818022092,down,up,up,down,-0.0515829887995976,-0.0124545418897756,-4.0008230907724505,-57.10098006981559,26.672
3.9849999999999994,0.7541297269618478,0.1166242372704476,1.1668708776936936,14.9311259212528,down,up,up,down,-0.0515829887995976,-0.0124545418897756,-4.0008230907724505,-57.10098006981559,26.688
4.0,0.7545211478154882,0.077677712375624,1.1779989411261775,14.973551743973246,down,up,up,down,-0.0515829887995976,-0.0124545418897756,-4.0008230907724505,-57.10098006981559,26.703
4.032,0.7551163376661626,0.070182671633173,1.2017545955534112,15.06350202629109,down,up,up,down,-0.0515829887995976,-0.0124545418897756,-4.0008230907724505,-57.10098006981559,26.735
4.047000000000001,0.755714436915598,0.0914562720952917,1.2128990082344284,15.105404470624265,down,up,up,down,-0.0515829887995976,-0.0124545418897756,-4.0008230907724505,-57.10098006981559,26.75
4.062999999999999,0.7563237148912502,0.0896628622778601,1.2247960407786453,15.149916079684516,down,up,up,down,-0.0515829887995976,-0.0124545418897756,-4.0008230907724505,-57.10098006981559,26.766
4.079000000000001,0.7579186863909956,0.1512687075336747,1.236710707318668,15.194237195152098,down,up,up,down,-0.0515829887995976,-0.0124545418897756,-4.0008230907724505,-57.10098006981559,26.782
4.094000000000001,0.7594780125654877,0.1555380670990716,1.2479043644324954,15.235614928475556,down,up,up,down,-0.0515829887995976,-0.0124545418897756,-4.0008230907724505,-57.10098006981559,26.797
4.125,0.7608393202225833,0.09549613902848711,1.2710831922921266,15.320596137160265,down,up,up,down,-0.0515829887995976,-0.0124545418897756,-4.0008230907724505,-57.10098006981559,26.828
4.141000000000002,0.7605607527995523,0.0341725248601617,1.2830551202060687,15.364176200112638,down,up,up,down,-0.0515829887995976,-0.0124545418897756,-4.0008230907724505,-57.10098006981559,26.844
4.157,0.760258435472874,0.0326881558822023,1.2950224010420106,15.407564749395007,down,up,up,down,-0.0515829887995976,-0.0124545418897756,-4.0008230907724505,-57.10098006981559,26.86
4.172000000000001,0.760617368928905,0.0755118858683297,1.3062421514466775,15.448067611612927,down,up,up,down,-0.0515829887995976,-0.0124545418897756,-4.0008230907724505,-57.10098006981559,26.875
4.187999999999999,0.7616727934558368,0.11754702173284601,1.3182212000755178,15.491085074253107,down,up,up,down,-0.0515829887995976,-0.0124545418897756,-4.0008230907724505,-57.10098006981559,26.891
4.204000000000001,0.7637154718224294,0.17925038671161792,1.3302250335275088,15.533910673836644,down,up,up,down,-0.0515829887995976,-0.0124545418897756,-4.0008230907724505,-57.10098006981559,26.907
4.219000000000001,0.7657442330238665,0.18683373556206812,1.3415091631855098,15.573885013722887,down,up,up,down,-0.0515829887995976,-0.0124545418897756,-4.0008230907724505,-57.10098006981559,26.922
4.234999999999999,0.7653326956849059,0.0258619051145574,1.3535585059449424,15.616337641822199,down,up,up,down,-0.0515829887995976,-0.0124545418897756,-4.0008230907724505,-57.10098006981559,26.938
4.25,0.7663753034692852,0.12109017442487871,1.3648594978102526,15.655961853155617,down,up,up,down,-0.0515829887995976,-0.0124545418897756,-4.0008230907724505,-57.10098006981559,26.953
4.266000000000002,0.7673916825041455,0.11510667847835879,1.3769303610278052,15.698040703737277,down,up,up,down,-0.0515829887995976,-0.0124545418897756,-4.0008230907724505,-57.10098006981559,26.969
4.282,0.7669266414349173,0.0225179219728333,1.38900563494908,15.739926385221821,down,up,up,down,-0.0515829887995976,-0.0124545418897756,-4.0008230907724505,-57.10098006981559,26.985
4.297000000000001,0.7676806782525992,0.10185210997839139,1.4003283717183903,15.779018726533408,down,up,up,down,-0.0515829887995976,-0.0124545418897756,-4.0008230907724505,-57.10098006981559,27.0
4.312999999999999,0.7684045363747812,0.0968241214359781,1.4124177807651717,15.8205299267659,down,up,up,down,-0.0515829887995976,-0.0124545418897756,-4.0008230907724505,-57.10098006981559,27.016
4.329000000000001,0.7695526150982522,0.12333790901652719,1.4245221653067208,15.861847576649694,down,up,up,down,-0.0515829887995976,-0.0124545418897756,-4.0008230907724505,-57.10098006981559,27.032
4.344000000000001,0.7700028923735988,0.0816014738226979,1.4358820134844135,15.900406891670343,down,up,up,down,-0.0515829887995976,-0.0124545418897756,-4.0008230907724505,-57.10098006981559,27.047
4.375,0.7699099122580132,0.0485836302323214,1.4593645711576193,15.979556085422331,down,up,up,down,-0.0515829887995976,-0.0124545418897756,-4.0008230907724505,-57.10098006981559,27.078
4.391000000000002,0.7697866388732367,0.0438784022510693,1.471482870896434,16.02012247533827,down,up,up,down,-0.0515829887995976,-0.0124545418897756,-4.0008230907724505,-57.10098006981559,27.094
4.407,0.7718933746347129,0.1832539738918702,1.48361703833426,16.06049484551677,down,up,up,down,-0.0515829887995976,-0.0124545418897756,-4.0008230907724505,-57.10098006981559,27.11
4.422000000000001,0.7732529823745188,0.1422235047866557,1.4950188178834827,16.09816742295672,down,up,up,down,-0.0515829887995976,-0.0124545418897756,-4.0008230907724505,-57.10098006981559,27.125
4.437999999999999,0.7745775008124073,0.1343653911676379,1.5072021890787406,16.138162824353373,down,up,up,down,-0.0515829887995976,-0.0124545418897756,-4.0008230907724505,-57.10098006981559,27.141
4.454000000000001,0.7757487807516482,0.1247879850021476,1.5194055266610178,16.177963132079825,down,up,up,down,-0.0515829887995976,-0.0124545418897756,-4.0008230907724505,-57.10098006981559,27.157
4.469000000000001,0.7769674456313423,0.1328273141125366,1.5308640802305442,16.215098456389725,down,up,up,down,-0.0515829887995976,-0.0124545418897756,-4.0008230907724505,-57.10098006981559,27.172
4.484999999999999,0.7774822358314742,0.0837573763078447,1.5431004050120092,16.254519909960138,down,up,up,down,-0.0515829887995976,-0.0124545418897756,-4.0008230907724505,-57.10098006981559,27.188
4.5,0.7784291897047221,0.11471324701611749,1.5545829225751846,16.291299631364822,down,up,up,down,-0.0515829887995976,-0.0124545418897756,-4.0008230907724505,-57.10098006981559,27.203
4.516000000000002,0.7798217708613303,0.1386193110876022,1.566849657589478,16.330341340175863,down,up,up,down,-0.0515829887995976,-0.0124545418897756,-4.0008230907724505,-57.10098006981559,27.219
4.532,0.7811789304323912,0.1364054619909108,1.57913839052959,16.36918660524327,down,up,up,down,-0.0515829887995976,-0.0124545418897756,-4.0008230907724505,-57.10098006981559,27.235
4.547000000000001,0.7805115887028221,0.0,1.5906642512947577,16.405425431791173,down,up,up,down,-0.0515829887995976,-0.0124545418897756,-4.0008230907724505,-57.10098006981559,27.25
4.562999999999999,0.7803257186597213,0.0399661111057978,1.6029516770834205,16.4438896738165,down,up,up,down,-0.0515829887995976,-0.0124545418897756,-4.0008230907724505,-57.10098006981559,27.266
4.594000000000001,0.7801463523756808,0.0457969796369986,1.626752903385888,16.51785476863317,down,up,up,down,-0.0515829887995976,-0.0124545418897756,-4.0008230907724505,-57.10098006981559,27.297
4.609999999999999,0.7817558877936487,0.1521789524226045,1.6390488486370054,16.555741524069347,down,up,up,down,-0.0515829887995976,-0.0124545418897756,-4.0008230907724505,-57.10098006981559,27.313
4.625,0.7823300311371514,0.0898592116997759,1.6505926749006399,16.591081559004408,down,up,up,down,-0.0515829887995976,-0.0124545418897756,-4.0008230907724505,-57.10098006981559,27.328
4.641000000000002,0.782891551180306,0.0866779914967544,1.6629151748889446,16.62858666565846,down,up,up,down,-0.0515829887995976,-0.0124545418897756,-4.0008230907724505,-57.10098006981559,27.344
4.657,0.7832593922481815,0.0745730555418235,1.6752451097661343,16.665894552833578,down,up,up,down,-0.0515829887995976,-0.0124545418897756,-4.0008230907724505,-57.10098006981559,27.36
4.672000000000001,0.7830394034402345,0.0369170682697951,1.6868055326054519,16.700691519377372,down,up,up,down,-0.0515829887995976,-0.0124545418897756,-4.0008230907724505,-57.10098006981559,27.375
4.687999999999999,0.7840558241654153,0.1151092841234059,1.6991430217560595,16.73761710039483,down,up,up,down,-0.0515829887995976,-0.0124545418897756,-4.0008230907724505,-57.10098006981559,27.391
4.704000000000001,0.7850651357799058,0.1146649647052449,1.711496716765387,16.774345151939016,down,up,up,down,-0.0515829887995976,-0.0124545418897756,-4.0008230907724505,-57.10098006981559,27.407
4.719000000000001,0.7835470613469794,0.0496219733954917,1.7230744901154922,16.808598214249002,down,up,up,down,-0.0515829887995976,-0.0124545418897756,-4.0008230907724505,-57.10098006981559,27.422
4.734999999999999,0.7835195932928974,0.0498662354194765,1.7354117506823736,16.844943493774977,down,up,up,down,-0.0515829887995976,-0.0124545418897756,-4.0008230907724505,-57.10098006981559,27.438
4.75,0.7835032225252013,0.050491604286523196,1.7469776036726627,16.878837919978906,down,up,up,down,-0.0515829887995976,-0.0124545418897756,-4.0008230907724505,-57.10098006981559,27.453
4.766000000000002,0.7813530629786242,0.0828019828614596,1.7592971812864584,16.9148008911516,down,up,up,down,-0.0515829887995976,-0.0124545418897756,-4.0008230907724505,-57.10098006981559,27.469
4.782,0.7821446022103266,0.1010541907810022,1.7716058899377325,16.950566836034156,down,up,up,down,-0.0515829887995976,-0.0124545418897756,-4.0008230907724505,-57.10098006981559,27.485
4.797000000000001,0.7828871645659791,0.1010871458430963,1.7831568100602087,16.983918462145766,down,up,up,down,-0.0515829887995976,-0.0124545418897756,-4.0008230907724505,-57.10098006981559,27.5
4.812999999999999,0.7852642601243892,0.2001514612002481,1.7955027487874937,17.019302355127337,down,up,up,down,-0.0515829887995976,-0.0124545418897756,-4.0008230907724505,-57.10098006981559,27.516
4.829000000000001,0.7853485189725119,0.0568491668072649,1.807868378350034,17.0544885555626,down,up,up,down,-0.0515829887995976,-0.0124545418897756,-4.0008230907724505,-57.10098006981559,27.532
4.859999999999999,0.7860636900772223,0.07465302443541849,1.8318391767917208,17.12209860427184,down,up,up,down,-0.0515829887995976,-0.0124545418897756,-4.0008230907724505,-57.10098006981559,27.563
4.875,0.784351832311616,0.0625408622408207,1.8434304750812904,17.154546428244387,down,up,up,down,-0.0515829887995976,-0.0124545418897756,-4.0008230907724505,-57.10098006981559,27.578
4.891000000000002,0.7845892563188669,0.0664219892527777,1.8557827311200996,17.188965892047136,down,up,up,down,-0.0515829887995976,-0.0124545418897756,-4.0008230907724505,-57.10098006981559,27.594
4.907,0.784853238911566,0.0680819008432936,1.8681389984117054,17.22318768766324,down,up,up,down,-0.0515829887995976,-0.0124545418897756,-4.0008230907724505,-57.10098006981559,27.61
4.922000000000001,0.784459249486554,0.0253170271321314,1.8797220239463455,17.255091076357147,down,up,up,down,-0.0515829887995976,-0.0124545418897756,-4.0008230907724505,-57.10098006981559,27.625
4.937999999999999,0.7850920227665464,0.09113131879913,1.8920791614541321,17.288929836326304,down,up,up,down,-0.0515829887995976,-0.0124545418897756,-4.0008230907724505,-57.10098006981559,27.641
4.954000000000001,0.7866011961996885,0.1459063283709653,1.9044534345356263,17.32257074501075,down,up,up,down,-0.0515829887995976,-0.0124545418897756,-4.0008230907724505,-57.10098006981559,27.657
4.969000000000001,0.7881047389945212,0.1518191751217717,1.9160769109212374,17.35392911378142,down,up,up,down,-0.0515829887995976,-0.0124545418897756,-4.0008230907724505,-57.10098006981559,27.672
4.984999999999999,0.786865982068308,0.0258393190887305,1.9284774040195019,17.387185848714253,down,up,up,down,-0.0515829887995976,-0.0124545418897756,-4.0008230907724505,-57.10098006981559,27.688
5.0,0.7876693711197759,0.10514225889744999,1.9400996010400662,17.41818386753789,down,up,up,down,-0.0515829887995976,-0.0124545418897756,-4.0008230907724505,-57.10098006981559,27.703
5.016000000000002,0.788463454590781,0.1012132057374158,1.9525093909755156,17.451056165054126,down,up,up,down,-0.0515829887995976,-0.0124545418897756,-4.0008230907724505,-57.10098006981559,27.719
5.047000000000001,0.7878846550868203,0.032912037058926605,1.9765566958769343,17.514181156521857,down,up,up,down,-0.0515829887995976,-0.0124545418897756,-4.0008230907724505,-57.10098006981559,27.75
5.062999999999999,0.7868399740738105,0.013709574513522498,1.9889552202399865,17.546470230645284,down,up,up,down,-0.0515829887995976,-0.0124545418897756,-4.0008230907724505,-57.10098006981559,27.766
5.079000000000001,0.7878320111591676,0.1135853066344101,2.0013533234516205,17.578560931748115,down,up,up,down,-0.0515829887995976,-0.0124545418897756,-4.0008230907724505,-57.10098006981559,27.782
5.094000000000001,0.7883265809986851,0.0845543114341008,2.0129876947644583,17.608465720473077,down,up,up,down,-0.0515829887995976,-0.0124545418897756,-4.0008230907724505,-57.10098006981559,27.797
5.109999999999999,0.787647530271462,0.0,2.0253962149843816,17.640171818647445,down,up,up,down,-0.0515829887995976,-0.0124545418897756,-4.0008230907724505,-57.10098006981559,27.813
5.141000000000002,0.7869832704372061,0.0301552522106997,2.0494169015967847,17.701037731154386,down,up,up,down,-0.0515829887995976,-0.0124545418897756,-4.0008230907724505,-57.10098006981559,27.844
5.157,0.7879896304108608,0.1144804871530248,2.0618174121333315,17.732161026096904,down,up,up,down,-0.0515829887995976,-0.0124545418897756,-4.0008230907724505,-57.10098006981559,27.86
5.172000000000001,0.7885571189329087,0.08941555693612341,2.0734546946250636,17.76115883165781,down,up,up,down,-0.0515829887995976,-0.0124545418897756,-4.0008230907724505,-57.10098006981559,27.875
5.187999999999999,0.7890716308184692,0.0837399816471329,2.0858764519528368,17.791897351937536,down,up,up,down,-0.0515829887995976,-0.0124545418897756,-4.0008230907724505,-57.10098006981559,27.891
5.204000000000001,0.7895934618150945,0.0841974260886741,2.0983065000236705,17.82243705777408,down,up,up,down,-0.0515829887995976,-0.0124545418897756,-4.0008230907724505,-57.10098006981559,27.907
5.219000000000001,0.7904240114360855,0.10695296353233211,2.109969812944708,17.8508873317884,down,up,up,down,-0.0515829887995976,-0.0124545418897756,-4.0008230907724505,-57.10098006981559,27.922
5.234999999999999,0.7912224938176954,0.1014881376502183,2.1224237123165004,17.88104135303867,down,up,up,down,-0.0515829887995976,-0.0124545418897756,-4.0008230907724505,-57.10098006981559,27.938
5.25,0.7907005757202404,0.0167884489692694,2.134101317209689,17.909129761678813,down,up,up,down,-0.0515829887995976,-0.0124545418897756,-4.0008230907724505,-57.10098006981559,27.953
5.266000000000002,0.7888820079190139,0.0620774987770508,2.146538705208568,17.93889781095183,down,up,up,down,-0.0515829887995976,-0.0124545418897756,-4.0008230907724505,-57.10098006981559,27.969
5.282,0.789368333228415,0.0819783206371747,2.1589654352675094,17.968466947280376,down,up,up,down,-0.0515829887995976,-0.0124545418897756,-4.0008230907724505,-57.10098006981559,27.985
5.297000000000001,0.7898605168262501,0.0843952286552693,2.170622833514573,17.9960073816261,down,up,up,down,-0.0515829887995976,-0.0124545418897756,-4.0008230907724505,-57.10098006981559,28.0
5.312999999999999,0.7895389787208521,0.0314868572122183,2.183058756808712,18.025191098355876,down,up,up,down,-0.0515829887995976,-0.0124545418897756,-4.0008230907724505,-57.10098006981559,28.016
5.329000000000001,0.7903509307176843,0.1023299886016012,2.1954986034139856,18.05417580892646,down,up,up,down,-0.0515829887995976,-0.0124545418897756,-4.0008230907724505,-57.10098006981559,28.032
5.344000000000001,0.7911789332318103,0.1067831564080001,2.207173259265261,18.081168116317954,down,up,up,down,-0.0515829887995976,-0.0124545418897756,-4.0008230907724505,-57.10098006981559,28.047
5.359999999999999,0.7920958711883602,0.1088916110839727,2.219640185030384,18.109766778215942,down,up,up,down,-0.0515829887995976,-0.0124545418897756,-4.0008230907724505,-57.10098006981559,28.063
5.375,0.7908880946453037,0.028935447404164795,2.2313257466457905,18.13639688008996,down,up,up,down,-0.0515829887995976,-0.0124545418897756,-4.0008230907724505,-57.10098006981559,28.078
5.391000000000002,0.7903132389743365,0.0156545093641475,2.243776084644513,18.164609234891998,down,up,up,down,-0.0515829887995976,-0.0124545418897756,-4.0008230907724505,-57.10098006981559,28.094
5.422000000000001,0.7912682186067296,0.0823887833929247,2.2679045064384353,18.218703701544158,down,up,up,down,-0.0515829887995976,-0.0124545418897756,-4.0008230907724505,-57.10098006981559,28.125
5.437999999999999,0.7917675906618785,0.0827937422464097,2.2803695202423464,18.246330678783067,down,up,up,down,-0.0515829887995976,-0.0124545418897756,-4.0008230907724505,-57.10098006981559,28.141
5.454000000000001,0.7922764067144178,0.08338399208329861,2.292842599551122,18.27375815127708,down,up,up,down,-0.0515829887995976,-0.0124545418897756,-4.0008230907724505,-57.10098006981559,28.157
5.469000000000001,0.7919027651107927,0.026673548557926998,2.304537125211464,18.29929014970294,down,up,up,down,-0.0515829887995976,-0.0124545418897756,-4.0008230907724505,-57.10098006981559,28.172
5.484999999999999,0.7927659853918402,0.1055342563650698,2.3170152025452477,18.32633090053325,down,up,up,down,-0.0515829887995976,-0.0124545418897756,-4.0008230907724505,-57.10098006981559,28.188
5.5,0.793667067560328,0.1116551333654508,2.3287266323140425,18.351500183133396,down,up,up,down,-0.0515829887995976,-0.0124545418897756,-4.0008230907724505,-57.10098006981559,28.203
5.516000000000002,0.7933926439107156,0.0344315106988253,2.3412238373355763,18.378153748828566,down,up,up,down,-0.0515829887995976,-0.0124545418897756,-4.0008230907724505,-57.10098006981559,28.219
5.532,0.7929135380727635,0.0216388739275896,2.3537150141212058,18.40460740746927,down,up,up,down,-0.0515829887995976,-0.0124545418897756,-4.0008230907724505,-57.10098006981559,28.235
5.547000000000001,0.7924593908015235,0.0213065040502624,2.3654184929594173,18.429226252527755,down,up,up,down,-0.0515829887995976,-0.0124545418897756,-4.0008230907724505,-57.10098006981559,28.25
5.562999999999999,0.7923745859714816,0.0462826869219772,2.3778978921033636,18.455292890899614,down,up,up,down,-0.0515829887995976,-0.0124545418897756,-4.0008230907724505,-57.10098006981559,28.266
5.579000000000001,0.7918120561294052,0.0164248736698274,2.3903721125699353,18.481159900314594,down,up,up,down,-0.0515829887995976,-0.0124545418897756,-4.0008230907724505,-57.10098006981559,28.282
5.594000000000001,0.7925752715711328,0.1024640182481048,2.402068199399343,18.50522894433641,down,up,up,down,-0.0515829887995976,-0.0124545418897756,-4.0008230907724505,-57.10098006981559,28.297
5.609999999999999,0.7933147600410421,0.0978010181689297,2.4145560469820024,18.530709119817715,down,up,up,down,-0.0515829887995976,-0.0124545418897756,-4.0008230907724505,-57.10098006981559,28.313
5.641000000000002,0.7931098606890056,0.044973332282292,2.438759537804737,18.57950824406747,down,up,up,down,-0.0515829887995976,-0.0124545418897756,-4.0008230907724505,-57.10098006981559,28.344
5.657,0.7929021745956336,0.0386026079638486,2.451248361416776,18.604401350326057,down,up,up,down,-0.0515829887995976,-0.0124545418897756,-4.0008230907724505,-57.10098006981559,28.36
5.672000000000001,0.7942583950416963,0.1419976852037708,2.4629652475607102,18.627557094620315,down,up,up,down,-0.0515829887995976,-0.0124545418897756,-4.0008230907724505,-57.10098006981559,28.375
5.687999999999999,0.7930309694785577,0.025131108896573003,2.4754642898066344,18.652062827773733,down,up,up,down,-0.0515829887995976,-0.0124545418897756,-4.0008230907724505,-57.10098006981559,28.391
5.704000000000001,0.7918263558201363,0.023705364851731102,2.487943875738789,18.676368731901732,down,up,up,down,-0.0515829887995976,-0.0124545418897756,-4.0008230907724505,-57.10098006981559,28.407
5.719000000000001,0.7917014704042947,0.043257294410161504,2.499633516307126,18.698974247822974,down,up,up,down,-0.0515829887995976,-0.0124545418897756,-4.0008230907724505,-57.10098006981559,28.422
5.75,0.7928371760209741,0.0882186538537737,2.5238077745281338,18.745136423628978,down,up,up,down,-0.0515829887995976,-0.0124545418897756,-4.0008230907724505,-57.10098006981559,28.453
5.766000000000002,0.790481684137548,0.095635253914517,2.5362750527391666,18.768668930463207,down,up,up,down,-0.0515829887995976,-0.0124545418897756,-4.0008230907724505,-57.10098006981559,28.469
5.782,0.7881361067301266,0.09501559916426058,2.5487047223958705,18.792002261714487,down,up,up,down,-0.0515829887995976,-0.0124545418897756,-4.0008230907724505,-57.10098006981559,28.485
5.797000000000001,0.7888447386645047,0.0988251177581351,2.560345260607984,18.813696733203543,down,up,up,down,-0.0515829887995976,-0.0124545418897756,-4.0008230907724505,-57.10098006981559,28.5
5.812999999999999,0.7885643117002735,0.034056303535149504,2.5727652603406646,18.836645018488312,down,up,up,down,-0.0515829887995976,-0.0124545418897756,-4.0008230907724505,-57.10098006981559,28.516
5.829000000000001,0.7882958816452063,0.034806110357895104,2.5851808692171936,18.859394618904204,down,up,up,down,-0.0515829887995976,-0.0124545418897756,-4.0008230907724505,-57.10098006981559,28.532
5.844000000000001,0.7886586841905191,0.0757698251537864,2.5968212103326156,18.880541949669166,down,up,up,down,-0.0515829887995976,-0.0124545418897756,-4.0008230907724505,-57.10098006981559,28.547
5.859999999999999,0.788100067931678,0.016669472622023403,2.609236007679355,18.90290666137743,down,up,up,down,-0.0515829887995976,-0.0124545418897756,-4.0008230907724505,-57.10098006981559,28.563
5.875,0.7875622712688485,0.015729877944299503,2.6208666570950125,18.923693237753213,down,up,up,down,-0.0515829887995976,-0.0124545418897756,-4.0008230907724505,-57.10098006981559,28.578
5.891000000000002,0.7872465464250594,0.0318501860627839,2.633265854966329,18.94567334710908,down,up,up,down,-0.0515829887995976,-0.0124545418897756,-4.0008230907724505,-57.10098006981559,28.594
5.907,0.7882670769600607,0.11536614723718491,2.645670691283172,18.967455024191437,down,up,up,down,-0.0515829887995976,-0.0124545418897756,-4.0008230907724505,-57.10098006981559,28.61
5.922000000000001,0.7884887611882351,0.0663619373445549,2.657309541940938,18.987695018803848,down,up,up,down,-0.0515829887995976,-0.0124545418897756,-4.0008230907724505,-57.10098006981559,28.625
5.937999999999999,0.788305480349793,0.040127936396965,2.669724623203005,19.009091914935055,down,up,up,down,-0.0515829887995976,-0.0124545418897756,-4.0008230907724505,-57.10098006981559,28.641
5.954000000000001,0.7874226779108272,0.0,2.6821311757988546,19.030290237995402,down,up,up,down,-0.0515829887995976,-0.0124545418897756,-4.0008230907724505,-57.10098006981559,28.657
5.984999999999999,0.7865531992977955,0.0235352916050269,2.706141711097004,19.070797524062456,down,up,up,down,-0.0515829887995976,-0.0124545418897756,-4.0008230907724505,-57.10098006981559,28.688
6.0,0.7875045988854533,0.11500962797678019,2.7177603264550325,19.090130605142406,down,up,up,down,-0.0515829887995976,-0.0124545418897756,-4.0008230907724505,-57.10098006981559,28.703
6.016000000000002,0.7866849954908143,0.0,2.7301545705398076,19.110560455418806,down,up,up,down,-0.0515829887995976,-0.0124545418897756,-4.0008230907724505,-57.10098006981559,28.719
6.032,0.7858652869409876,0.0,2.7425357001290243,19.13079210270581,down,up,up,down,-0.0515829887995976,-0.0124545418897756,-4.0008230907724505,-57.10098006981559,28.735
6.047000000000001,0.7865605767604292,0.0979356434290404,2.754142075978439,19.14957936574659,down,up,up,down,-0.0515829887995976,-0.0124545418897756,-4.0008230907724505,-57.10098006981559,28.75
6.062999999999999,0.7859284696997068,0.012076297504438602,2.766522715679882,19.169427216865685,down,up,up,down,-0.0515829887995976,-0.0124545418897756,-4.0008230907724505,-57.10098006981559,28.766
6.094000000000001,0.7856128484802464,0.0414016591395861,2.79049551531309,19.20731895009925,down,up,up,down,-0.0515829887995976,-0.0124545418897756,-4.0008230907724505,-57.10098006981559,28.797
6.109999999999999,0.7842395787561819,0.0342463689544421,2.8028550620607433,19.22658531493262,down,up,up,down,-0.0515829887995976,-0.0124545418897756,-4.0008230907724505,-57.10098006981559,28.813
6.125,0.7854257124017819,0.1306585651729313,2.814440733616082,19.24446794282663,down,up,up,down,-0.0515829887995976,-0.0124545418897756,-4.0008230907724505,-57.10098006981559,28.828
6.141000000000002,0.7866060255812711,0.1253525625176637,2.8268177148497116,19.263351044691262,down,up,up,down,-0.0515829887995976,-0.0124545418897756,-4.0008230907724505,-57.10098006981559,28.844
6.157,0.7856007247329212,0.0112483142222801,2.839196096181987,19.282036103655372,down,up,up,down,-0.0515829887995976,-0.0124545418897756,-4.0008230907724505,-57.10098006981559,28.86
6.172000000000001,0.785698184824552,0.0580803282416512,2.8507940198753223,19.29937352414653,down,up,up,down,-0.0515829887995976,-0.0124545418897756,-4.0008230907724505,-57.10098006981559,28.875
6.187999999999999,0.7858274780801152,0.0596638172722992,2.8631669525083216,19.317675005819822,down,up,up,down,-0.0515829887995976,-0.0124545418897756,-4.0008230907724505,-57.10098006981559,28.891
6.204000000000001,0.7865245045308739,0.0951471419720078,2.8755464956989742,19.335778467686524,down,up,up,down,-0.0515829887995976,-0.0124545418897756,-4.0008230907724505,-57.10098006981559,28.907
6.219000000000001,0.787655446918423,0.1269791479695402,2.887166027206498,19.352570470126324,down,up,up,down,-0.0515829887995976,-0.0124545418897756,-4.0008230907724505,-57.10098006981559,28.922
6.234999999999999,0.7874348743224998,0.0377972015543943,2.8995674771061877,19.37028977154418,down,up,up,down,-0.0515829887995976,-0.0124545418897756,-4.0008230907724505,-57.10098006981559,28.938
6.25,0.7872165496786819,0.0370280125450729,2.9111905446578508,19.386721432742533,down,up,up,down,-0.0515829887995976,-0.0124545418897756,-4.0008230907724505,-57.10098006981559,28.953
6.266000000000002,0.7855018821628493,0.055583730939928,2.9235730194423475,19.40405649368209,down,up,up,down,-0.0515829887995976,-0.0124545418897756,-4.0008230907724505,-57.10098006981559,28.969
6.282,0.785175608633116,0.0311908931912606,2.9359391666984775,19.421193565645325,down,up,up,down,-0.0515829887995976,-0.0124545418897756,-4.0008230907724505,-57.10098006981559,28.985
6.297000000000001,0.7848920273699082,0.032677571252410303,2.9475278558401543,19.437079909337868,down,up,up,down,-0.0515829887995976,-0.0124545418897756,-4.0008230907724505,-57.10098006981559,29.0
6.312999999999999,0.7838553700897747,0.013208091208751306,2.9598785623495933,19.45383382744471,down,up,up,down,-0.0515829887995976,-0.0124545418897756,-4.0008230907724505,-57.10098006981559,29.016
6.344000000000001,0.7824154097770711,0.0,2.9837696686389483,19.48573279567833,down,up,up,down,-0.0515829887995976,-0.0124545418897756,-4.0008230907724505,-57.10098006981559,29.047
6.359999999999999,0.7805937366833059,0.062271579560742495,2.9960744691403938,19.501907212028456,down,up,up,down,-0.0515829887995976,-0.0124545418897756,-4.0008230907724505,-57.10098006981559,29.063
6.375,0.7757904843221012,0.2686338352807044,3.0075605326695882,19.516892295876474,down,up,up,down,-0.0515829887995976,-0.0124545418897756,-4.0008230907724505,-57.10098006981559,29.078
6.391000000000002,0.7726692880803422,0.1434917763103177,3.019748938178573,19.532686989562052,down,up,up,down,-0.0515829887995976,-0.0124545418897756,-4.0008230907724505,-57.10098006981559,29.094
6.407,0.7696410631969445,0.1376810664127802,3.0318881483185534,19.54828706232243,down,up,up,down,-0.0515829887995976,-0.0124545418897756,-4.0008230907724505,-57.10098006981559,29.11
6.422000000000001,0.7661622415157331,0.180338456614486,3.0432198549755523,19.562736098659315,down,up,up,down,-0.0515829887995976,-0.0124545418897756,-4.0008230907724505,-57.10098006981559,29.125
6.454000000000001,0.7619572244569709,0.07982379428672079,3.0672712210906425,19.592994580346968,down,up,up,down,-0.0515829887995976,-0.0124545418897756,-4.0008230907724505,-57.10098006981559,29.157
6.469000000000001,0.7578600568756356,0.22156151662274337,3.078483032572291,19.606913769806084,down,up,up,down,-0.0515829887995976,-0.0124545418897756,-4.0008230907724505,-57.10098006981559,29.172
6.484999999999999,0.7533931399865298,0.2275993167695476,3.0903737854769506,19.62157608471405,down,up,up,down,-0.0515829887995976,-0.0124545418897756,-4.0008230907724505,-57.10098006981559,29.188
6.5,0.7474510272632083,0.3445578594218179,3.101443298602977,19.635149802945037,down,up,up,down,-0.0515829887995976,-0.0124545418897756,-4.0008230907724505,-57.10098006981559,29.203
6.516000000000002,0.7427969450162218,0.23929715163702547,3.1131660097109775,19.64944609793089,down,up,up,down,-0.0515829887995976,-0.0124545418897756,-4.0008230907724505,-57.10098006981559,29.219
6.532,0.737768308888345,0.2627067691927402,3.1248112590719765,19.663555449232987,down,up,up,down,-0.0515829887995976,-0.0124545418897756,-4.0008230907724505,-57.10098006981559,29.235
6.562999999999999,0.7318391250012314,0.1396810075589132,3.147204083498681,19.690364727237082,down,up,up,down,-0.0515829887995976,-0.0124545418897756,-4.0008230907724505,-57.10098006981559,29.266
6.579000000000001,0.7260443504369664,0.310590421466926,3.1586678786319515,19.70393092099239,down,up,up,down,-0.0515829887995976,-0.0124545418897756,-4.0008230907724505,-57.10098006981559,29.282
6.594000000000001,0.7208651707569763,0.2936956565330588,3.1693328819125597,19.7164832616499,down,up,up,down,-0.0515829887995976,-0.0124545418897756,-4.0008230907724505,-57.10098006981559,29.297
6.609999999999999,0.7158388635376126,0.2625612124106683,3.180627241516679,19.729696750114826,down,up,up,down,-0.0515829887995976,-0.0124545418897756,-4.0008230907724505,-57.10098006981559,29.313
6.625,0.7109448326932791,0.2746857341559557,3.1911413011100644,19.741920832406706,down,up,up,down,-0.0515829887995976,-0.0124545418897756,-4.0008230907724505,-57.10098006981559,29.328
6.641000000000002,0.705477132005427,0.2901483041911187,3.202273404157419,19.754786684216924,down,up,up,down,-0.0515829887995976,-0.0124545418897756,-4.0008230907724505,-57.10098006981559,29.344
6.657,0.6984180986326577,0.38960659699853617,3.213305293332286,19.767475224089367,down,up,up,down,-0.0515829887995976,-0.0124545418897756,-4.0008230907724505,-57.10098006981559,29.36
6.672000000000001,0.6922277396207689,0.3611076119929735,3.2235483189908405,19.77921116835853,down,up,up,down,-0.0515829887995976,-0.0124545418897756,-4.0008230907724505,-57.10098006981559,29.375
6.687999999999999,0.6859703877696876,0.3395015018930291,3.2343746313397266,19.791560954208236,down,up,up,down,-0.0515829887995976,-0.0124545418897756,-4.0008230907724505,-57.10098006981559,29.391
6.719000000000001,0.6788089715443205,0.1794304378251278,3.2551426206105125,19.81499895261696,down,up,up,down,-0.0515829887995976,-0.0124545418897756,-4.0008230907724505,-57.10098006981559,29.422
6.734999999999999,0.671840020942115,0.3839764238382929,3.2657485398801662,19.826844992785396,down,up,up,down,-0.0515829887995976,-0.0124545418897756,-4.0008230907724505,-57.10098006981559,29.438
6.75,0.6661249170392746,0.3294239380564192,3.2755964587866804,19.83779725165698,down,up,up,down,-0.0515829887995976,-0.0124545418897756,-4.0008230907724505,-57.10098006981559,29.453
6.766000000000002,0.6610664416460156,0.2645717232790537,3.2860147169859273,19.849317531703164,down,up,up,down,-0.0515829887995976,-0.0124545418897756,-4.0008230907724505,-57.10098006981559,29.469
6.782,0.6561274686030937,0.2571028263830552,3.2963529955976827,19.86067175945486,down,up,up,down,-0.0515829887995976,-0.0124545418897756,-4.0008230907724505,-57.10098006981559,29.485
6.797000000000001,0.6507134786424745,0.3093496752416652,3.3059674845736784,19.871166702215163,down,up,up,down,-0.0515829887995976,-0.0124545418897756,-4.0008230907724505,-57.10098006981559,29.5
6.812999999999999,0.6440386481295802,0.3655939182563423,3.316126228917617,19.88220312195959,down,up,up,down,-0.0515829887995976,-0.0124545418897756,-4.0008230907724505,-57.10098006981559,29.516
6.829000000000001,0.6375729323240814,0.3525242490440332,3.3261798488910115,19.89307784278948,down,up,up,down,-0.0515829887995976,-0.0124545418897756,-4.0008230907724505,-57.10098006981559,29.532
6.844000000000001,0.6309538917817717,0.3896863806876964,3.3355069819434586,19.903127537919815,down,up,up,down,-0.0515829887995976,-0.0124545418897756,-4.0008230907724505,-57.10098006981559,29.547
6.859999999999999,0.623626624680229,0.4063712050468744,3.345344353404917,19.91369389668938,down,up,up,down,-0.0515829887995976,-0.0124545418897756,-4.0008230907724505,-57.10098006981559,29.563
6.875,0.6168562194777517,0.39977735803220477,3.354461156607756,19.923457701725866,down,up,up,down,-0.0515829887995976,-0.0124545418897756,-4.0008230907724505,-57.10098006981559,29.578
6.891000000000002,0.6102451496186453,0.3616088773945075,3.3640786948902917,19.93372255236625,down,up,up,down,-0.0515829887995976,-0.0124545418897756,-4.0008230907724505,-57.10098006981559,29.594
6.907,0.6041978425135123,0.3263737052712575,3.3735949661571114,19.94383433253023,down,up,up,down,-0.0515829887995976,-0.0124545418897756,-4.0008230907724505,-57.10098006981559,29.61
6.922000000000001,0.5975878649170933,0.3890821842949866,3.382421540834495,19.953176555089385,down,up,up,down,-0.0515829887995976,-0.0124545418897756,-4.0008230907724505,-57.10098006981559,29.625
6.954000000000001,0.5911449093625761,0.14975937227906239,3.4010427198824966,19.97266746582264,down,up,up,down,-0.0515829887995976,-0.0124545418897756,-4.0008230907724505,-57.10098006981559,29.657
6.969000000000001,0.5845189936311764,0.39014472662703237,3.4096733810266033,19.981599441427406,down,up,up,down,-0.0515829887995976,-0.0124545418897756,-4.0008230907724505,-57.10098006981559,29.672
6.984999999999999,0.5780403093623753,0.3533347780005195,3.4187745827803147,19.9909850271693,down,up,up,down,-0.0515829887995976,-0.0124545418897756,-4.0008230907724505,-57.10098006981559,29.688
7.0,0.5726091860103358,0.310491901336351,3.4272176358672635,19.999652431891036,down,up,up,down,-0.0515829887995976,-0.0124545418897756,-4.0008230907724505,-57.10098006981559,29.703
7.016000000000002,0.5663157475416866,0.3417569154909378,3.4361297626654443,20.00875882215513,down,up,up,down,-0.0515829887995976,-0.0124545418897756,-4.0008230907724505,-57.10098006981559,29.719
7.032,0.5597331599284859,0.35982873702548707,3.444938881254968,20.01772344245613,down,up,up,down,-0.0515829887995976,-0.0124545418897756,-4.0008230907724505,-57.10098006981559,29.735
7.047000000000001,0.5533366957440843,0.374847956827163,3.453100087044166,20.02600049655547,down,up,up,down,-0.0515829887995976,-0.0124545418897756,-4.0008230907724505,-57.10098006981559,29.75
7.079000000000001,0.5457739978357433,0.1847513208360573,3.470287312800971,20.043252637062665,down,up,up,down,-0.0515829887995976,-0.0124545418897756,-4.0008230907724505,-57.10098006981559,29.782
7.094000000000001,0.5384661982424815,0.43560365075116897,3.478232296143211,20.051151086357166,down,up,up,down,-0.0515829887995976,-0.0124545418897756,-4.0008230907724505,-57.10098006981559,29.797
7.109999999999999,0.5313336235024052,0.3942029324552225,3.486591422046932,20.059445666064008,down,up,up,down,-0.0515829887995976,-0.0124545418897756,-4.0008230907724505,-57.10098006981559,29.813
7.125,0.5242781178818595,0.4187840525700971,3.494321691978967,20.067101164070394,down,up,up,down,-0.0515829887995976,-0.0124545418897756,-4.0008230907724505,-57.10098006981559,29.828
7.141000000000002,0.5169773237548582,0.4047166441379359,3.5024524628418243,20.07514014028419,down,up,up,down,-0.0515829887995976,-0.0124545418897756,-4.0008230907724505,-57.10098006981559,29.844
7.157,0.5098709673635663,0.392564285656193,3.5104679765005344,20.083049946221806,down,up,up,down,-0.0515829887995976,-0.0124545418897756,-4.0008230907724505,-57.10098006981559,29.86
7.172000000000001,0.5033455655489102,0.38344379884412627,3.5178802823690316,20.090349680641864,down,up,up,down,-0.0515829887995976,-0.0124545418897756,-4.0008230907724505,-57.10098006981559,29.875
7.187999999999999,0.49669097741824675,0.3643287693669133,3.5256813020425315,20.098014357418933,down,up,up,down,-0.0515829887995976,-0.0124545418897756,-4.0008230907724505,-57.10098006981559,29.891
7.204000000000001,0.4922234143217049,0.227639704734236,3.533393344506216,20.105554929698897,down,up,up,down,-0.0515829887995976,-0.0124545418897756,-4.0008230907724505,-57.10098006981559,29.907
7.219000000000001,0.4848448088924985,0.4403240398141458,3.540534538051976,20.112512816941305,down,up,up,down,-0.0515829887995976,-0.0124545418897756,-4.0008230907724505,-57.10098006981559,29.922
7.234999999999999,0.4778417920639838,0.38610556298261767,3.54803675818939,20.119817416023736,down,up,up,down,-0.0515829887995976,-0.0124545418897756,-4.0008230907724505,-57.10098006981559,29.938
7.266000000000002,0.4710127132782488,0.168709875256354,3.562357912223613,20.133631814446275,down,up,up,down,-0.0515829887995976,-0.0124545418897756,-4.0008230907724505,-57.10098006981559,29.969
7.297000000000001,0.46583022293813225,0.1155941189461033,3.5764928869363835,20.14700514287324,down,up,up,down,-0.0515829887995976,-0.0124545418897756,-4.0008230907724505,-57.10098006981559,30.0
7.312999999999999,0.45820772789340036,0.4248229514961981,3.583685917872798,20.153736881887127,down,up,up,down,-0.0515829887995976,-0.0124545418897756,-4.0008230907724505,-57.10098006981559,30.016
7.329000000000001,0.4494310542581753,0.49695911340190674,3.5907477554597755,20.16035458195283,down,up,up,down,-0.0515829887995976,-0.0124545418897756,-4.0008230907724505,-57.10098006981559,30.032
7.344000000000001,0.4423336203907481,0.4215792690288663,3.597249172391296,20.166456951355528,down,up,up,down,-0.0515829887995976,-0.0124545418897756,-4.0008230907724505,-57.10098006981559,30.047
7.359999999999999,0.43538517824897294,0.3826946450613969,3.6040716501101766,20.17285955422787,down,up,up,down,-0.0515829887995976,-0.0124545418897756,-4.0008230907724505,-57.10098006981559,30.063
7.391000000000002,0.4276294364016361,0.19860223208221717,3.6170622858386787,20.184957494034606,down,up,up,down,-0.0515829887995976,-0.0124545418897756,-4.0008230907724505,-57.10098006981559,30.094
7.407,0.41990558965908764,0.4311574326097334,3.6236432933769276,20.191045018853245,down,up,up,down,-0.0515829887995976,-0.0124545418897756,-4.0008230907724505,-57.10098006981559,30.11
7.422000000000001,0.4129724910036251,0.4106235882312211,3.6297030608535517,20.19665726755811,down,up,up,down,-0.0515829887995976,-0.0124545418897756,-4.0008230907724505,-57.10098006981559,30.125
7.437999999999999,0.40620849231536826,0.3711669292165011,3.6360572360498664,20.202544354635236,down,up,up,down,-0.0515829887995976,-0.0124545418897756,-4.0008230907724505,-57.10098006981559,30.141
7.469000000000001,0.399874614099195,0.1527356633350081,3.64816543340071,20.2136644190727,down,up,up,down,-0.0515829887995976,-0.0124545418897756,-4.0008230907724505,-57.10098006981559,30.172
7.484999999999999,0.39147468420085285,0.4734126298468447,3.654296955116873,20.219257889416923,down,up,up,down,-0.0515829887995976,-0.0124545418897756,-4.0008230907724505,-57.10098006981559,30.188
7.5,0.38375286875786496,0.4632047073995755,3.6599243436357174,20.22441357603786,down,up,up,down,-0.0515829887995976,-0.0124545418897756,-4.0008230907724505,-57.10098006981559,30.203
7.516000000000002,0.37629761934782724,0.4143700993277079,3.665805474870327,20.229820906942166,down,up,up,down,-0.0515829887995976,-0.0124545418897756,-4.0008230907724505,-57.10098006981559,30.219
7.532,0.36903013761190084,0.40263461969585207,3.671568824255768,20.23513508200152,down,up,up,down,-0.0515829887995976,-0.0124545418897756,-4.0008230907724505,-57.10098006981559,30.235
7.547000000000001,0.36159144939719734,0.44432955884728387,3.6768616680299897,20.24003419967096,down,up,up,down,-0.0515829887995976,-0.0124545418897756,-4.0008230907724505,-57.10098006981559,30.25
7.562999999999999,0.35407534554872544,0.4181735017299479,3.68238772971932,20.245173373941327,down,up,up,down,-0.0515829887995976,-0.0124545418897756,-4.0008230907724505,-57.10098006981559,30.266
7.594000000000001,0.3472928123068256,0.16720840610037968,3.6928728453674986,20.254882350841427,down,up,up,down,-0.0515829887995976,-0.0124545418897756,-4.0008230907724505,-57.10098006981559,30.297
7.609999999999999,0.3413236072407527,0.32149232782999987,3.6981825040536425,20.259767077498424,down,up,up,down,-0.0515829887995976,-0.0124545418897756,-4.0008230907724505,-57.10098006981559,30.313
7.625,0.3355193378170628,0.3353683061130507,3.7030720080132293,20.264270015019505,down,up,up,down,-0.0515829887995976,-0.0124545418897756,-4.0008230907724505,-57.10098006981559,30.328
7.641000000000002,0.32889146586670204,0.3626590080979024,3.7081880217724636,20.268993104233573,down,up,up,down,-0.0515829887995976,-0.0124545418897756,-4.0008230907724505,-57.10098006981559,30.344
7.657,0.3226429011711217,0.3389523046742159,3.713201024038529,20.273635161319447,down,up,up,down,-0.0515829887995976,-0.0124545418897756,-4.0008230907724505,-57.10098006981559,30.36
7.672000000000001,0.31629013294357644,0.3719348930367376,3.717806203666043,20.277914953473257,down,up,up,down,-0.0515829887995976,-0.0124545418897756,-4.0008230907724505,-57.10098006981559,30.375
7.687999999999999,0.31010064408157756,0.3352600650753751,3.7226180572120073,20.282404728838586,down,up,up,down,-0.0515829887995976,-0.0124545418897756,-4.0008230907724505,-57.10098006981559,30.391
7.704000000000001,0.3041433388190472,0.32074859010850787,3.7273327364049766,20.286818291942012,down,up,up,down,-0.0515829887995976,-0.0124545418897756,-4.0008230907724505,-57.10098006981559,30.407
7.719000000000001,0.2980813236401899,0.35255135645754,3.7316626032450744,20.29088817325622,down,up,up,down,-0.0515829887995976,-0.0124545418897756,-4.0008230907724505,-57.10098006981559,30.422
7.734999999999999,0.29215888591103034,0.3185693692729162,3.7361852522512473,20.295158559864603,down,up,up,down,-0.0515829887995976,-0.0124545418897756,-4.0008230907724505,-57.10098006981559,30.438
7.75,0.2858454277978896,0.36931421874310427,3.7403334664757177,20.29909701583574,down,up,up,down,-0.0515829887995976,-0.0124545418897756,-4.0008230907724505,-57.10098006981559,30.453
7.766000000000002,0.2791677015917936,0.3657748990813537,3.744654298840599,20.303230283165576,down,up,up,down,-0.0515829887995976,-0.0124545418897756,-4.0008230907724505,-57.10098006981559,30.469
7.797000000000001,0.2726605555854532,0.1583249468888102,3.752821546028263,20.31104492338406,down,up,up,down,-0.0515829887995976,-0.0124545418897756,-4.0008230907724505,-57.10098006981559,30.5
7.812999999999999,0.2663782738437507,0.341059620056854,3.75693458399346,20.31498004379624,down,up,up,down,-0.0515829887995976,-0.0124545418897756,-4.0008230907724505,-57.10098006981559,30.516
7.829000000000001,0.2610663418843514,0.2804127586628199,3.7609548682490486,20.31885009763066,down,up,up,down,-0.0515829887995976,-0.0124545418897756,-4.0008230907724505,-57.10098006981559,30.532
7.844000000000001,0.2562085948138345,0.2722668159015163,3.7646476121459385,20.322420425389282,down,up,up,down,-0.0515829887995976,-0.0124545418897756,-4.0008230907724505,-57.10098006981559,30.547
7.859999999999999,0.2514677592340141,0.24471923493921077,3.768509750308085,20.326168335942015,down,up,up,down,-0.0515829887995976,-0.0124545418897756,-4.0008230907724505,-57.10098006981559,30.563
7.875,0.2472873907821603,0.22710824132397628,3.7720635958048594,20.32962638220775,down,up,up,down,-0.0515829887995976,-0.0124545418897756,-4.0008230907724505,-57.10098006981559,30.578
7.891000000000002,0.2430881274867572,0.2108709671630667,3.7757873272807747,20.333256744275417,down,up,up,down,-0.0515829887995976,-0.0124545418897756,-4.0008230907724505,-57.10098006981559,30.594
7.907,0.2373883497763137,0.3046531181031603,3.7794318664286424,20.3368281601781,down,up,up,down,-0.0515829887995976,-0.0124545418897756,-4.0008230907724505,-57.10098006981559,30.61
7.937999999999999,0.2315596603043789,0.1364392522305652,3.78631446978631,20.343584607780713,down,up,up,down,-0.0515829887995976,-0.0124545418897756,-4.0008230907724505,-57.10098006981559,30.641
7.954000000000001,0.2258640279929746,0.3043940306631346,3.789774586622453,20.34698906478181,down,up,up,down,-0.0515829887995976,-0.0124545418897756,-4.0008230907724505,-57.10098006981559,30.657
7.969000000000001,0.2203001554265141,0.3193418489644152,3.7929339998697524,20.350131096744704,down,up,up,down,-0.0515829887995976,-0.0124545418897756,-4.0008230907724505,-57.10098006981559,30.672
7.984999999999999,0.2162600203475654,0.2009254536347262,3.7962272086057083,20.353430976529253,down,up,up,down,-0.0515829887995976,-0.0124545418897756,-4.0008230907724505,-57.10098006981559,30.688
8.0,0.2109658860955824,0.3013592946659221,3.7992445847756855,20.356477284440473,down,up,up,down,-0.0515829887995976,-0.0124545418897756,-4.0008230907724505,-57.10098006981559,30.703
8.016000000000002,0.2057770189352616,0.2727212087204194,3.802379255345696,20.359677463171863,down,up,up,down,-0.0515829887995976,-0.0124545418897756,-4.0008230907724505,-57.10098006981559,30.719
8.032,0.201422075479197,0.2206009772044683,3.805437575430775,20.36282809797801,down,up,up,down,-0.0515829887995976,-0.0124545418897756,-4.0008230907724505,-57.10098006981559,30.735
8.047,0.1974067223961365,0.2161072167377553,3.8082419732864934,20.36573784772422,down,up,up,down,-0.0515829887995976,-0.0124545418897756,-4.0008230907724505,-57.10098006981559,30.75
8.062999999999999,0.1934679736829706,0.1945888057732987,3.8111696981848895,20.36879572380481,down,up,up,down,-0.0515829887995976,-0.0124545418897756,-4.0008230907724505,-57.10098006981559,30.766
8.079,0.1894005037958023,0.20263387914839448,3.8140333733344836,20.371807268685018,down,up,up,down,-0.0515829887995976,-0.0124545418897756,-4.0008230907724505,-57.10098006981559,30.782
8.11,0.1859893149436881,0.058455361268607293,3.8194658247263624,20.377513546929023,down,up,up,down,-0.0515829887995976,-0.0124545418897756,-4.0008230907724505,-57.10098006981559,30.813
8.125,0.1824809433394686,0.182308451481691,3.82204253353514,20.38021458060365,down,up,up,down,-0.0515829887995976,-0.0124545418897756,-4.0008230907724505,-57.10098006981559,30.828
8.141000000000002,0.1769771670768828,0.2924030276119765,3.8247189257482344,20.38305365838174,down,up,up,down,-0.0515829887995976,-0.0124545418897756,-4.0008230907724505,-57.10098006981559,30.844
8.157,0.1724163205521626,0.2334699189954475,3.82731480097903,20.38585055802028,down,up,up,down,-0.0515829887995976,-0.0124545418897756,-4.0008230907724505,-57.10098006981559,30.86
8.172,0.1679908272886122,0.2434498954370813,3.8296810364594895,20.38843543560108,down,up,up,down,-0.0515829887995976,-0.0124545418897756,-4.0008230907724505,-57.10098006981559,30.875
8.187999999999999,0.1638078476684387,0.20985323746127837,3.832136153188909,20.39115406753625,down,up,up,down,-0.0515829887995976,-0.0124545418897756,-4.0008230907724505,-57.10098006981559,30.891
8.204,0.1598329156190185,0.1968502642891391,3.8345260066249724,20.393833939710092,down,up,up,down,-0.0515829887995976,-0.0124545418897756,-4.0008230907724505,-57.10098006981559,30.907
8.219000000000001,0.1559302419761347,0.2085952540593105,3.8367074121785896,20.396312035430654,down,up,up,down,-0.0515829887995976,-0.0124545418897756,-4.0008230907724505,-57.10098006981559,30.922
8.235,0.1506649300178678,0.2774990085921167,3.838960900884305,20.398919858378505,down,up,up,down,-0.0515829887995976,-0.0124545418897756,-4.0008230907724505,-57.10098006981559,30.938
8.25,0.1469483158446162,0.1961912894171691,3.8410061820999273,20.401332451617705,down,up,up,down,-0.0515829887995976,-0.0124545418897756,-4.0008230907724505,-57.10098006981559,30.953
8.266000000000002,0.1433348603422394,0.1742579800989267,3.8431291748391856,20.403872538214557,down,up,up,down,-0.0515829887995976,-0.0124545418897756,-4.0008230907724505,-57.10098006981559,30.969
8.282,0.1401666165115162,0.1464322506206259,3.845197913983779,20.406379090956335,down,up,up,down,-0.0515829887995976,-0.0124545418897756,-4.0008230907724505,-57.10098006981559,30.985
8.297,0.1378288220419693,0.1042699758368531,3.8470960616445837,20.40869923250071,down,up,up,down,-0.0515829887995976,-0.0124545418897756,-4.0008230907724505,-57.10098006981559,31.0
8.312999999999999,0.1356955738939173,0.08174502045366999,3.849084984141834,20.411142953586776,down,up,up,down,-0.0515829887995976,-0.0124545418897756,-4.0008230907724505,-57.10098006981559,31.016
8.329,0.1336173082066309,0.07830861665578889,3.8510402145284024,20.413555121449775,down,up,up,down,-0.0515829887995976,-0.0124545418897756,-4.0008230907724505,-57.10098006981559,31.032
8.344000000000001,0.13073968692467358,0.1402584299975439,3.8528360738635405,20.41578839564842,down,up,up,down,-0.0515829887995976,-0.0124545418897756,-4.0008230907724505,-57.10098006981559,31.047
8.36,0.1275860106799768,0.1455217764939783,3.8547034067741412,20.418141249255683,down,up,up,down,-0.0515829887995976,-0.0124545418897756,-4.0008230907724505,-57.10098006981559,31.063
8.375,0.124505804182604,0.1537641110252431,3.856407277257264,20.420320265487035,down,up,up,down,-0.0515829887995976,-0.0124545418897756,-4.0008230907724505,-57.10098006981559,31.078
8.407,0.123708716798843,0.0266740080570648,3.8599801642524945,20.424884405327603,down,up,up,down,-0.0515829887995976,-0.0124545418897756,-4.0008230907724505,-57.10098006981559,31.11
8.422,0.1216895453014571,0.08302844435945328,3.8616338330899,20.426984646709116,down,up,up,down,-0.0515829887995976,-0.0124545418897756,-4.0008230907724505,-57.10098006981559,31.125
8.437999999999999,0.1197405494858702,0.07022924967459951,3.8633660011779623,20.429197817487335,down,up,up,down,-0.0515829887995976,-0.0124545418897756,-4.0008230907724505,-57.10098006981559,31.141
8.454,0.1174249501416823,0.09314197021213,3.865064052504746,20.431383546510233,down,up,up,down,-0.0515829887995976,-0.0124545418897756,-4.0008230907724505,-57.10098006981559,31.157
8.469000000000001,0.1146004638156553,0.1367160996021914,3.86661742498108,20.433408281790676,down,up,up,down,-0.0515829887995976,-0.0124545418897756,-4.0008230907724505,-57.10098006981559,31.172
8.485,0.112966400943664,0.0505459406998701,3.8682386872289176,20.43554260234535,down,up,up,down,-0.0515829887995976,-0.0124545418897756,-4.0008230907724505,-57.10098006981559,31.188
8.5,0.1112011833781973,0.0660981822315159,3.869733125982985,20.43752016010785,down,up,up,down,-0.0515829887995976,-0.0124545418897756,-4.0008230907724505,-57.10098006981559,31.203
8.516000000000002,0.1088182866282209,0.09734805807390959,3.8712940090728,20.439605112479768,down,up,up,down,-0.0515829887995976,-0.0124545418897756,-4.0008230907724505,-57.10098006981559,31.219
8.547,0.1064931885428492,0.023420175244654805,3.8742452461393686,20.443574769837923,down,up,up,down,-0.0515829887995976,-0.0124545418897756,-4.0008230907724505,-57.10098006981559,31.25
8.579,0.1057200193602997,0.0274214518449277,3.877242112125346,20.447577311010406,down,up,up,down,-0.0515829887995976,-0.0124545418897756,-4.0008230907724505,-57.10098006981559,31.282
8.594000000000001,0.1049501310217468,0.0,3.878635320124865,20.449420576630118,down,up,up,down,-0.0515829887995976,-0.0124545418897756,-4.0008230907724505,-57.10098006981559,31.297
8.61,0.1021753418941137,0.1218413316774884,3.8800930512379552,20.45136391911157,down,up,up,down,-0.0515829887995976,-0.0124545418897756,-4.0008230907724505,-57.10098006981559,31.313
8.625,0.1009859846344801,0.027707495175968606,3.8814299430585733,20.45316484301594,down,up,up,down,-0.0515829887995976,-0.0124545418897756,-4.0008230907724505,-57.10098006981559,31.328
8.657,0.097436545526742,0.059336983317220794,3.88420615820068,20.456941004300518,down,up,up,down,-0.0515829887995976,-0.0124545418897756,-4.0008230907724505,-57.10098006981559,31.36
8.672,0.094880400321493,0.11882669155032519,3.885461717166195,20.45868084159686,down,up,up,down,-0.0515829887995976,-0.0124545418897756,-4.0008230907724505,-57.10098006981559,31.375
8.687999999999999,0.0904177257339053,0.2273341729246678,3.8872448295044015,20.460512358675857,down,up,up,down,-0.0515829887995976,-0.0124545418897756,-4.0008230907724505,-57.10098006981559,31.391
8.704,0.0860673799812622,0.22031362074056177,3.8889574376798866,20.462315909990735,down,up,up,down,-0.0515829887995976,-0.0124545418897756,-4.0008230907724505,-57.10098006981559,31.407
8.719000000000001,0.0836809188018622,0.10751442316039639,3.8905437317924134,20.463981997581286,down,up,up,down,-0.0515829887995976,-0.0124545418897756,-4.0008230907724505,-57.10098006981559,31.422
8.735,0.0816411934174964,0.07589984772327948,3.892167036019932,20.465733480891146,down,up,up,down,-0.0515829887995976,-0.0124545418897756,-4.0008230907724505,-57.10098006981559,31.438
8.75,0.0796515947948019,0.08105691938003359,3.8936899138031777,20.46735190012906,down,up,up,down,-0.0515829887995976,-0.0124545418897756,-4.0008230907724505,-57.10098006981559,31.453
8.766000000000002,0.0788252218928224,0.0,3.8952584556664425,20.469053482625668,down,up,up,down,-0.0515829887995976,-0.0124545418897756,-4.0008230907724505,-57.10098006981559,31.469
8.782,0.0773138408986468,0.0428783233363866,3.8968082954985377,20.4707301180687,down,up,up,down,-0.0515829887995976,-0.0124545418897756,-4.0008230907724505,-57.10098006981559,31.485
8.797,0.075015947353405,0.101609914216516,3.898263950782081,20.472279422583185,down,up,up,down,-0.0515829887995976,-0.0124545418897756,-4.0008230907724505,-57.10098006981559,31.5
8.829,0.0742727776564517,0.028358935769806498,3.900754025041766,20.47552147387472,down,up,up,down,-0.0515829887995976,-0.0124545418897756,-4.0008230907724505,-57.10098006981559,31.532
8.844000000000001,0.0725974328686386,0.060106663721268806,3.9021687334923576,20.477011899547307,down,up,up,down,-0.0515829887995976,-0.0124545418897756,-4.0008230907724505,-57.10098006981559,31.547
8.86,0.07100863078131589,0.047717141658082295,3.903618309331321,20.478578772657073,down,up,up,down,-0.0515829887995976,-0.0124545418897756,-4.0008230907724505,-57.10098006981559,31.563
8.875,0.0686684540449337,0.10442879362587679,3.9049790693391713,20.480026638678638,down,up,up,down,-0.0515829887995976,-0.0124545418897756,-4.0008230907724505,-57.10098006981559,31.578
8.891000000000002,0.06819049933675089,0.0217108195381764,3.9063746682959883,20.48154897822991,down,up,up,down,-0.0515829887995976,-0.0124545418897756,-4.0008230907724505,-57.10098006981559,31.594
8.907,0.0677739904934728,0.0255511860947103,3.907763111544394,20.48304904544355,down,up,up,down,-0.0515829887995976,-0.0124545418897756,-4.0008230907724505,-57.10098006981559,31.61
8.922,0.0650446763470372,0.1303712876294297,3.909072433417351,20.484435125217928,down,up,up,down,-0.0515829887995976,-0.0124545418897756,-4.0008230907724505,-57.10098006981559,31.625
8.937999999999999,0.0643084278408653,0.0,3.9104079855806178,20.485892451318307,down,up,up,down,-0.0515829887995976,-0.0124545418897756,-4.0008230907724505,-57.10098006981559,31.641
8.954,0.0624467855115308,0.06476965678379559,3.9117227546172004,20.487328574849087,down,up,up,down,-0.0515829887995976,-0.0124545418897756,-4.0008230907724505,-57.10098006981559,31.657
8.969000000000001,0.060614865203444,0.0705450317395154,3.912958898869216,20.488655808809526,down,up,up,down,-0.0515829887995976,-0.0124545418897756,-4.0008230907724505,-57.10098006981559,31.672
8.985,0.0597571291296893,0.0,3.914222602153645,20.49005152625371,down,up,up,down,-0.0515829887995976,-0.0124545418897756,-4.0008230907724505,-57.10098006981559,31.688
9.0,0.0570345590785343,0.1299216812773995,3.91541172168686,20.491341615186485,down,up,up,down,-0.0515829887995976,-0.0124545418897756,-4.0008230907724505,-57.10098006981559,31.703
9.016000000000002,0.054369562610762596,0.1149792904361106,3.916603681990138,20.492698661409435,down,up,up,down,-0.0515829887995976,-0.0124545418897756,-4.0008230907724505,-57.10098006981559,31.719
9.032,0.0534762885307492,0.0,3.9177671761290336,20.49403686399684,down,up,up,down,-0.0515829887995976,-0.0124545418897756,-4.0008230907724505,-57.10098006981559,31.735
9.062999999999999,0.0524023134234851,0.0169386305007529,3.919522203660741,20.496584394424048,down,up,up,down,-0.0515829887995976,-0.0124545418897756,-4.0008230907724505,-57.10098006981559,31.766
9.079,0.0513562385200109,0.013796692667532105,3.9206529994060526,20.49787616225187,down,up,up,down,-0.0515829887995976,-0.0124545418897756,-4.0008230907724505,-57.10098006981559,31.782
9.11,0.049268431943151,0.015765610453950703,3.9223265909996488,20.50033549441453,down,up,up,down,-0.0515829887995976,-0.0124545418897756,-4.0008230907724505,-57.10098006981559,31.813
9.125,0.0484425584911036,0.0,3.923372605299559,20.501505096803868,down,up,up,down,-0.0515829887995976,-0.0124545418897756,-4.0008230907724505,-57.10098006981559,31.828
9.141000000000002,0.0480823314285316,0.0290687973888505,3.9244455317486797,20.502735721159837,down,up,up,down,-0.0515829887995976,-0.0124545418897756,-4.0008230907724505,-57.10098006981559,31.844
9.157,0.0479854730056316,0.0455293373683488,3.9255148015139163,20.503949207946093,down,up,up,down,-0.0515829887995976,-0.0124545418897756,-4.0008230907724505,-57.10098006981559,31.86
9.172,0.0478963952357939,0.0456444708104188,3.9265470973973806,20.50507109006584,down,up,up,down,-0.0515829887995976,-0.0124545418897756,-4.0008230907724505,-57.10098006981559,31.875
9.187999999999999,0.0466206110470731,0.028153522995458806,3.927603960777407,20.5062510510528,down,up,up,down,-0.0515829887995976,-0.0124545418897756,-4.0008230907724505,-57.10098006981559,31.891
9.204,0.0470269443668377,0.0769788212848813,3.928653868550482,20.507414157870542,down,up,up,down,-0.0515829887995976,-0.0124545418897756,-4.0008230907724505,-57.10098006981559,31.907
9.235,0.0454865549204423,0.0,3.9302017369908517,20.509627411798604,down,up,up,down,-0.0515829887995976,-0.0124545418897756,-4.0008230907724505,-57.10098006981559,31.938
9.266000000000002,0.0438803491564402,0.0,3.9317008332054604,20.511793437774514,down,up,up,down,-0.0515829887995976,-0.0124545418897756,-4.0008230907724505,-57.10098006981559,31.969
9.282,0.042183358841095,0.054478905909489304,3.9326900701992042,20.512891479999638,down,up,up,down,-0.0515829887995976,-0.0124545418897756,-4.0008230907724505,-57.10098006981559,31.985
9.297,0.0405285862313426,0.058735185183894305,3.933623591658901,20.513906473897293,down,up,up,down,-0.0515829887995976,-0.0124545418897756,-4.0008230907724505,-57.10098006981559,32.0
9.312999999999999,0.0373811204979101,0.1451336195399551,3.9345475966424983,20.514974273843237,down,up,up,down,-0.0515829887995976,-0.0124545418897756,-4.0008230907724505,-57.10098006981559,32.016
9.328999999999997,0.0363016431060304,0.015884348192886998,3.9354377860810934,20.51602756023381,down,up,up,down,-0.0515829887995976,-0.0124545418897756,-4.0008230907724505,-57.10098006981559,32.032
9.343999999999998,0.035254960793711196,0.018195832021679105,3.936287642481995,20.517001965881178,down,up,up,down,-0.0515829887995976,-0.0124545418897756,-4.0008230907724505,-57.10098006981559,32.047
