timestamps,aAcc,aJerk,aVelocity,aHeight,jerks_direction,accelerations_direction,velocities_direction,heights_direction,start_jerks,start_accelerations,start_velocities,start_heights,actual_timestamps
0.0,0.0,0.0,0.0,0.0,up,down,down,up,-0.0279977061308253,-0.0082902130069069,2.901910738746172,31.729911097952492,20.235
0.015000000000000568,0.0,0.127374738838902,0.0,0.043527597336730395,up,down,down,up,-0.0279977061308253,-0.0082902130069069,2.901910738746172,31.729911097952492,20.25
0.030999999999998806,0.0,0.1195516434007303,0.0,0.08995438928225141,up,down,down,up,-0.0279977061308253,-0.0082902130069069,2.901910738746172,31.729911097952492,20.266
0.045999999999999375,0.0,0.08207570533580469,0.0,0.13347653728460784,up,down,down,up,-0.0279977061308253,-0.0082902130069069,2.901910738746172,31.729911097952492,20.281
0.062000000000001165,0.0,0.09237667776039199,0.0,0.179896508715931,up,down,down,up,-0.0279977061308253,-0.0082902130069069,2.901910738746172,31.729911097952492,20.297
0.09299999999999997,-0.010097733978824401,0.031010887337389,0.0,0.26982293970682036,up,down,down,up,-0.0279977061308253,-0.0082902130069069,2.901910738746172,31.729911097952492,20.328
0.10900000000000176,0.0,0.1967231814632272,0.0,0.3162300672444296,up,down,down,up,-0.0279977061308253,-0.0082902130069069,2.901910738746172,31.729911097952492,20.344
0.125,0.0,0.07887385739325539,0.0,0.3626330578894432,up,down,down,up,-0.0279977061308253,-0.0082902130069069,2.901910738746172,31.729911097952492,20.36
0.14000000000000057,0.0,0.0841915677948602,0.0,0.40613240191199296,up,down,down,up,-0.0279977061308253,-0.0082902130069069,2.901910738746172,31.729911097952492,20.375
0.1559999999999988,0.0,0.0702792902940251,0.0,0.45252821513413366,up,down,down,up,-0.0279977061308253,-0.0082902130069069,2.901910738746172,31.729911097952492,20.391
0.18700000000000117,0.0,0.023384060868540703,0.0,0.5424099076365856,up,down,down,up,-0.0279977061308253,-0.0082902130069069,2.901910738746172,31.729911097952492,20.422
0.2029999999999994,0.0,0.06545309681294689,0.0,0.588794940072308,up,down,down,up,-0.0279977061308253,-0.0082902130069069,2.901910738746172,31.729911097952492,20.438
0.21799999999999997,0.0,0.1587726077610243,0.0,0.6322772850477882,up,down,down,up,-0.0279977061308253,-0.0082902130069069,2.901910738746172,31.729911097952492,20.453
0.23400000000000176,0.0,0.113972084061047,0.0,0.678654831991711,up,down,down,up,-0.0279977061308253,-0.0082902130069069,2.901910738746172,31.729911097952492,20.469
0.25,0.0,0.1131224626371842,0.0,0.7250290229957095,up,down,down,up,-0.0279977061308253,-0.0082902130069069,2.901910738746172,31.729911097952492,20.485
0.26500000000000057,0.0,0.1179318971173807,0.0,0.7685020908033202,up,down,down,up,-0.0279977061308253,-0.0082902130069069,2.901910738746172,31.729911097952492,20.5
0.2809999999999988,0.0,0.0474593055264145,0.0,0.8148707242256101,up,down,down,up,-0.0279977061308253,-0.0082902130069069,2.901910738746172,31.729911097952492,20.516
0.2959999999999994,0.0,0.046137463907049994,0.0,0.8583389703030768,up,down,down,up,-0.0279977061308253,-0.0082902130069069,2.901910738746172,31.729911097952492,20.531
0.31200000000000117,0.0,0.042253231446355496,0.0,0.904702664534053,up,down,down,up,-0.0279977061308253,-0.0082902130069069,2.901910738746172,31.729911097952492,20.547
0.34299999999999997,0.0,0.0633067444911983,0.0,0.9945255754626636,up,down,down,up,-0.0279977061308253,-0.0082902130069069,2.901910738746172,31.729911097952492,20.578
0.35900000000000176,0.0,0.097100396000633,0.0,1.0408825308811522,up,down,down,up,-0.0279977061308253,-0.0082902130069069,2.901910738746172,31.729911097952492,20.594
0.375,0.0,0.1073084774741001,0.0,1.0872376067202758,up,down,down,up,-0.0279977061308253,-0.0082902130069069,2.901910738746172,31.729911097952492,20.61
0.39000000000000057,0.0,0.12157961767688441,0.0,1.1306940716435712,up,down,down,up,-0.0279977061308253,-0.0082902130069069,2.901910738746172,31.729911097952492,20.625
0.4059999999999988,0.0,0.11546665415919241,0.0,1.1770464714338296,up,down,down,up,-0.0279977061308253,-0.0082902130069069,2.901910738746172,31.729911097952492,20.641
0.4209999999999994,0.0,0.0467830340409337,0.0,1.2205010083712402,up,down,down,up,-0.0279977061308253,-0.0082902130069069,2.901910738746172,31.729911097952492,20.656
0.43700000000000117,0.0,0.047923457914268,0.0,1.266851766754133,up,down,down,up,-0.0279977061308253,-0.0082902130069069,2.901910738746172,31.729911097952492,20.672
0.46799999999999997,0.0,0.0615730456501322,0.0,1.3566536801485007,up,down,down,up,-0.0279977061308253,-0.0082902130069069,2.901910738746172,31.729911097952492,20.703
0.48400000000000176,0.0,0.0328520284570446,0.0,1.4030013410339883,up,down,down,up,-0.0279977061308253,-0.0082902130069069,2.901910738746172,31.729911097952492,20.719
0.5,0.0,0.10306223335166959,0.0,1.4493476890679169,up,down,down,up,-0.0279977061308253,-0.0082902130069069,2.901910738746172,31.729911097952492,20.735
0.5150000000000006,0.0,0.10662453014882439,0.0,1.492796406237833,up,down,down,up,-0.0279977061308253,-0.0082902130069069,2.901910738746172,31.729911097952492,20.75
0.5309999999999988,0.0,0.0589605612312313,0.0,1.5391409143685912,up,down,down,up,-0.0279977061308253,-0.0082902130069069,2.901910738746172,31.729911097952492,20.766
0.5459999999999994,0.0,0.037998861486671795,0.0,1.58258828045685,up,down,down,up,-0.0279977061308253,-0.0082902130069069,2.901910738746172,31.729911097952492,20.781
0.5779999999999994,0.0,0.0312054076138131,0.0,1.6752742108052168,up,down,down,up,-0.0279977061308253,-0.0082902130069069,2.901910738746172,31.729911097952492,20.813
0.593,0.0,0.028282903255814798,0.0,1.7187198769179908,up,down,down,up,-0.0279977061308253,-0.0082902130069069,2.901910738746172,31.729911097952492,20.828
0.6090000000000018,0.0,0.09730276423136139,0.0,1.7650612674242687,up,down,down,up,-0.0279977061308253,-0.0082902130069069,2.901910738746172,31.729911097952492,20.844
0.625,0.0,0.0388481937566617,0.0,1.8114020819793204,up,down,down,up,-0.0279977061308253,-0.0082902130069069,2.901910738746172,31.729911097952492,20.86
0.6400000000000006,0.0,0.2201500221272702,0.0,1.8548463189826059,up,down,down,up,-0.0279977061308253,-0.0082902130069069,2.901910738746172,31.729911097952492,20.875
0.6559999999999988,0.0,0.11855862627631258,0.0,1.901186773337546,up,down,down,up,-0.0279977061308253,-0.0082902130069069,2.901910738746172,31.729911097952492,20.891
0.6709999999999994,0.0,0.1229211237662014,0.0,1.9446306592391416,up,down,down,up,-0.0279977061308253,-0.0082902130069069,2.901910738746172,31.729911097952492,20.906
0.6870000000000012,0.0,0.0508009077702102,0.0,1.9909700783202418,up,down,down,up,-0.0279977061308253,-0.0082902130069069,2.901910738746172,31.729911097952492,20.922
0.7029999999999994,0.0,0.070964165723505,0.0,2.0373085525075147,up,down,down,up,-0.0279977061308253,-0.0082902130069069,2.901910738746172,31.729911097952492,20.938
0.718,0.0,0.07744381530954911,0.0,2.0807497650430484,up,down,down,up,-0.0279977061308253,-0.0082902130069069,2.901910738746172,31.729911097952492,20.953
0.75,0.0,0.010101098549989099,0.0,2.173419605525414,up,down,down,up,-0.0279977061308253,-0.0082902130069069,2.901910738746172,31.729911097952492,20.985
0.7650000000000006,0.0,0.032197130823255496,0.0,2.2168562185912926,up,down,down,up,-0.0279977061308253,-0.0082902130069069,2.901910738746172,31.729911097952492,21.0
0.7809999999999988,0.0,0.033940928105273,0.0,2.26318690226422,up,down,down,up,-0.0279977061308253,-0.0082902130069069,2.901910738746172,31.729911097952492,21.016
0.7959999999999994,0.0,0.0388621876378621,0.0,2.3066203444930657,up,down,down,up,-0.0279977061308253,-0.0082902130069069,2.901910738746172,31.729911097952492,21.031
0.8279999999999994,0.0,0.0641544757714636,0.0,2.399273652541371,up,down,down,up,-0.0279977061308253,-0.0082902130069069,2.901910738746172,31.729911097952492,21.063
0.843,0.0,0.1020123683720621,0.0,2.442702888388961,up,down,down,up,-0.0279977061308253,-0.0082902130069069,2.901910738746172,31.729911097952492,21.078
0.8590000000000018,0.0,0.0,0.0,2.4890262366349454,up,down,down,up,-0.0279977061308253,-0.0082902130069069,2.901910738746172,31.729911097952492,21.094
0.875,0.0,0.0478110055249832,0.0,2.5353484194691127,up,down,down,up,-0.0279977061308253,-0.0082902130069069,2.901910738746172,31.729911097952492,21.11
0.8900000000000006,0.0,0.043871349494841796,0.0,2.5787744355294286,up,down,down,up,-0.0279977061308253,-0.0082902130069069,2.901910738746172,31.729911097952492,21.125
0.9059999999999988,0.0,0.0257483728456382,0.0,2.6250944687534776,up,down,down,up,-0.0279977061308253,-0.0082902130069069,2.901910738746172,31.729911097952492,21.141
0.9209999999999994,0.0,0.1094159444485831,0.0,2.6685184083900815,up,down,down,up,-0.0279977061308253,-0.0082902130069069,2.901910738746172,31.729911097952492,21.156
0.9370000000000012,0.0,0.08114682594661779,0.0,2.7148359013446317,up,down,down,up,-0.0279977061308253,-0.0082902130069069,2.901910738746172,31.729911097952492,21.172
0.9529999999999994,0.0,0.0806604785848018,0.0,2.7611520072799145,up,down,down,up,-0.0279977061308253,-0.0082902130069069,2.901910738746172,31.729911097952492,21.188
0.968,0.0,0.0,0.0,2.8045722167618727,up,down,down,up,-0.0279977061308253,-0.0082902130069069,2.901910738746172,31.729911097952492,21.203
0.9840000000000018,0.0,0.0401146609523178,0.0,2.850885816209402,up,down,down,up,-0.0279977061308253,-0.0082902130069069,2.901910738746172,31.729911097952492,21.219
1.0,0.0,0.039231767766771904,0.0,2.8971978487082772,up,down,down,up,-0.0279977061308253,-0.0082902130069069,2.901910738746172,31.729911097952492,21.235
1.0150000000000006,0.0,0.22410939388163148,0.0,2.9406135569785157,up,down,down,up,-0.0279977061308253,-0.0082902130069069,2.901910738746172,31.729911097952492,21.25
1.0309999999999988,0.0,0.0627725513674472,0.0,2.9869211848436343,up,down,down,up,-0.0279977061308253,-0.0082902130069069,2.901910738746172,31.729911097952492,21.266
1.0620000000000012,0.0,0.043481141081968,0.0,3.076634665320878,up,down,down,up,-0.0279977061308253,-0.0082902130069069,2.901910738746172,31.729911097952492,21.297
1.0779999999999994,0.0,0.1086715455577266,0.0,3.1229346808319143,up,down,down,up,-0.0279977061308253,-0.0082902130069069,2.901910738746172,31.729911097952492,21.313
1.093,0.0,0.0110958761891525,0.0,3.1663388414857714,up,down,down,up,-0.0279977061308253,-0.0082902130069069,2.901910738746172,31.729911097952492,21.328
1.1090000000000018,0.0,0.012538715330472698,0.0,3.212634403031455,up,down,down,up,-0.0279977061308253,-0.0082902130069069,2.901910738746172,31.729911097952492,21.344
1.125,0.0,0.12514393346930988,0.0,3.2589274798054824,up,down,down,up,-0.0279977061308253,-0.0082902130069069,2.901910738746172,31.729911097952492,21.36
1.1400000000000006,0.0,0.0303166438222279,0.0,3.302324638774966,up,down,down,up,-0.0279977061308253,-0.0082902130069069,2.901910738746172,31.729911097952492,21.375
1.1559999999999988,0.0,0.024502071577561804,0.0,3.3486118452621234,up,down,down,up,-0.0279977061308253,-0.0082902130069069,2.901910738746172,31.729911097952492,21.391
1.1709999999999994,0.0,0.0524243128511831,0.0,3.392003075363693,up,down,down,up,-0.0279977061308253,-0.0082902130069069,2.901910738746172,31.729911097952492,21.406
1.1870000000000012,0.0,0.038873610216040896,0.0,3.4382838307027903,up,down,down,up,-0.0279977061308253,-0.0082902130069069,2.901910738746172,31.729911097952492,21.422
1.2029999999999994,0.0,0.0389479596461004,0.0,3.484561314444914,up,down,down,up,-0.0279977061308253,-0.0082902130069069,2.901910738746172,31.729911097952492,21.438
1.218,0.0,0.0477068895534397,0.0,3.5279435309617533,up,down,down,up,-0.0279977061308253,-0.0082902130069069,2.901910738746172,31.729911097952492,21.453
1.2340000000000018,0.0,0.0167766418347401,0.010059075298641584,3.574214778994648,up,down,down,up,-0.0279977061308253,-0.0082902130069069,2.901910738746172,31.729911097952492,21.469
1.25,0.0,0.0,0.010271631390571745,3.62048270516107,up,down,down,up,-0.0279977061308253,-0.0082902130069069,2.901910738746172,31.729911097952492,21.485
1.2809999999999988,0.0,0.0,0.010700583432954769,3.710116868732431,up,down,down,up,-0.0279977061308253,-0.0082902130069069,2.901910738746172,31.729911097952492,21.516
1.2959999999999994,0.0,0.0318508533252021,0.010912104973057168,3.7534834346505797,up,down,down,up,-0.0279977061308253,-0.0082902130069069,2.901910738746172,31.729911097952492,21.531
1.3120000000000012,0.0,0.11201205029187,0.011126511735450872,3.799737697536859,up,down,down,up,-0.0279977061308253,-0.0082902130069069,2.901910738746172,31.729911097952492,21.547
1.3279999999999994,0.0,0.10738375734621389,0.011320003247236254,3.8459886972369297,up,down,down,up,-0.0279977061308253,-0.0082902130069069,2.901910738746172,31.729911097952492,21.563
1.343,0.0,0.0483096497666698,0.011500459790927398,3.889346204845335,up,down,down,up,-0.0279977061308253,-0.0082902130069069,2.901910738746172,31.729911097952492,21.578
1.3590000000000018,0.0,0.043804494401544804,0.011711294335240652,3.9355910826322678,up,down,down,up,-0.0279977061308253,-0.0082902130069069,2.901910738746172,31.729911097952492,21.594
1.375,0.0,0.0157828379121501,0.011936923470859728,3.981832468709751,up,down,down,up,-0.0279977061308253,-0.0082902130069069,2.901910738746172,31.729911097952492,21.61
1.4059999999999988,0.0,0.0,0.012402900278482676,4.071414434342767,up,down,down,up,-0.0279977061308253,-0.0082902130069069,2.901910738746172,31.729911097952492,21.641
1.4209999999999994,0.0,0.10568827685846219,0.012628324407046865,4.114755361238817,up,down,down,up,-0.0279977061308253,-0.0082902130069069,2.901910738746172,31.729911097952492,21.656
1.4370000000000012,0.0,0.1002921513374393,0.012850200253375021,4.160982104861478,up,down,down,up,-0.0279977061308253,-0.0082902130069069,2.901910738746172,31.729911097952492,21.672
1.4529999999999994,0.0,0.0804407387928841,0.013076702531666928,4.2072052614591335,up,down,down,up,-0.0279977061308253,-0.0082902130069069,2.901910738746172,31.729911097952492,21.688
1.468,0.0,0.10155110154944949,0.013316635271820587,4.2505359725068,up,down,down,up,-0.0279977061308253,-0.0082902130069069,2.901910738746172,31.729911097952492,21.703
1.4840000000000018,-0.0104935435069286,0.0855413217433052,0.013602642380474705,4.296751190105528,up,down,down,up,-0.0279977061308253,-0.0082902130069069,2.901910738746172,31.729911097952492,21.719
1.5,-0.011814867430466301,0.05458503909028851,0.013913753076083779,4.34296163076181,up,down,down,up,-0.0279977061308253,-0.0082902130069069,2.901910738746172,31.729911097952492,21.735
1.5150000000000006,-0.011000857207667601,0.08226505431740319,0.01420922420597348,4.386279369513385,up,down,down,up,-0.0279977061308253,-0.0082902130069069,2.901910738746172,31.729911097952492,21.75
1.5309999999999988,-0.010245741779264902,0.0751924204059976,0.014511840405979637,4.4324801728164225,up,down,down,up,-0.0279977061308253,-0.0082902130069069,2.901910738746172,31.729911097952492,21.766
1.5459999999999994,-0.0105212979391709,0.0,0.014791946398971412,4.4757890554965805,up,down,down,up,-0.0279977061308253,-0.0082902130069069,2.901910738746172,31.729911097952492,21.781
1.5620000000000012,-0.0131456886143759,0.136026711069471,0.015113925699510755,4.521980380339738,up,down,down,up,-0.0279977061308253,-0.0082902130069069,2.901910738746172,31.729911097952492,21.797
1.5779999999999994,-0.0152327572266308,0.10244408213512268,0.015473596674348666,4.568166251980681,up,down,down,up,-0.0279977061308253,-0.0082902130069069,2.901910738746172,31.729911097952492,21.813
1.6090000000000018,-0.0193724907340531,0.1055420844311725,0.01626697462095361,4.657633506026745,up,down,down,up,-0.0279977061308253,-0.0082902130069069,2.901910738746172,31.729911097952492,21.844
1.625,-0.0229226353552611,0.19388633269470298,0.016737979037778405,4.703800038217405,up,down,down,up,-0.0279977061308253,-0.0082902130069069,2.901910738746172,31.729911097952492,21.86
1.6400000000000006,-0.026378302289645102,0.2023800894947611,0.017232089265218686,4.747073923786328,up,down,down,up,-0.0279977061308253,-0.0082902130069069,2.901910738746172,31.729911097952492,21.875
1.6559999999999988,-0.0305806824026842,0.2346510509341463,0.017820404550867863,4.79322407565574,up,down,down,up,-0.0279977061308253,-0.0082902130069069,2.901910738746172,31.729911097952492,21.891
1.6709999999999994,-0.0344748436903881,0.2316130463827597,0.018432674191669385,4.836480838646356,up,down,down,up,-0.0279977061308253,-0.0082902130069069,2.901910738746172,31.729911097952492,21.906
1.6870000000000012,-0.0382573357397326,0.2084080469531829,0.019147175035220787,4.882610771672486,up,down,down,up,-0.0279977061308253,-0.0082902130069069,2.901910738746172,31.729911097952492,21.922
1.7029999999999994,-0.0425387493221087,0.23959064276771058,0.0199261871238261,4.928728756595145,up,down,down,up,-0.0279977061308253,-0.0082902130069069,2.901910738746172,31.729911097952492,21.938
1.718,-0.0448641769944533,0.1270308053588061,0.020706062266303782,4.971952675805905,up,down,down,up,-0.0279977061308253,-0.0082902130069069,2.901910738746172,31.729911097952492,21.953
1.7340000000000018,-0.049713324339386106,0.2750740029274409,0.021595325685085598,5.018044836522247,up,down,down,up,-0.0279977061308253,-0.0082902130069069,2.901910738746172,31.729911097952492,21.969
1.75,-0.054444804176016603,0.2677197836586116,0.02256123412131883,5.064122155863732,up,down,down,up,-0.0279977061308253,-0.0082902130069069,2.901910738746172,31.729911097952492,21.985
1.7650000000000006,-0.0587156937537649,0.25672826571905377,0.023534291050895995,5.107305100506135,up,down,down,up,-0.0279977061308253,-0.0082902130069069,2.901910738746172,31.729911097952492,22.0
1.7809999999999988,-0.06461377819830891,0.3406325716532142,0.02465357023462289,5.153350169435786,up,down,down,up,-0.0279977061308253,-0.0082902130069069,2.901910738746172,31.729911097952492,22.016
1.8120000000000012,-0.0708312321389233,0.17256532421155768,0.0270099644980637,5.24250861754857,up,down,down,up,-0.0279977061308253,-0.0082902130069069,2.901910738746172,31.729911097952492,22.047
1.8279999999999994,-0.0771134913457505,0.3646434942959201,0.028326165694051664,5.288496500326968,up,down,down,up,-0.0279977061308253,-0.0082902130069069,2.901910738746172,31.729911097952492,22.063
1.8590000000000018,-0.0831337525274342,0.16620426747186148,0.031066994577301,5.3775351392439,up,down,down,up,-0.0279977061308253,-0.0082902130069069,2.901910738746172,31.729911097952492,22.094
1.875,-0.08847950790908321,0.3061120052222704,0.03257254406890331,5.423456594754665,up,down,down,up,-0.0279977061308253,-0.0082902130069069,2.901910738746172,31.729911097952492,22.11
1.8900000000000006,-0.0958831848869259,0.4655807590586707,0.03407961745997712,5.466485364624393,up,down,down,up,-0.0279977061308253,-0.0082902130069069,2.901910738746172,31.729911097952492,22.125
1.9059999999999988,-0.1032001405700953,0.4293120240673105,0.035804927471743575,5.512356860084875,up,down,down,up,-0.0279977061308253,-0.0082902130069069,2.901910738746172,31.729911097952492,22.141
1.9209999999999994,-0.1080314554038892,0.294089949455426,0.03751351763665234,5.555335632827759,up,down,down,up,-0.0279977061308253,-0.0082902130069069,2.901910738746172,31.729911097952492,22.156
1.9370000000000012,-0.1136852457340111,0.3253641895017553,0.039419894653866194,5.601150737349382,up,down,down,up,-0.0279977061308253,-0.0082902130069069,2.901910738746172,31.729911097952492,22.172
1.9529999999999994,-0.1192099603326451,0.3172969562838318,0.041415699710509735,5.646934624414403,up,down,down,up,-0.0279977061308253,-0.0082902130069069,2.901910738746172,31.729911097952492,22.188
1.9840000000000018,-0.12387811034800221,0.12258777823552258,0.04544056140927477,5.73554758526819,up,down,down,up,-0.0279977061308253,-0.0082902130069069,2.901910738746172,31.729911097952492,22.219
2.0,-0.12923382235685918,0.306734294422773,0.047598100279024,5.781233847794621,up,down,down,up,-0.0279977061308253,-0.0082902130069069,2.901910738746172,31.729911097952492,22.235
2.0150000000000006,-0.13437229054037658,0.3145668394369867,0.0496994993208566,5.824032776878806,up,down,down,up,-0.0279977061308253,-0.0082902130069069,2.901910738746172,31.729911097952492,22.25
2.030999999999999,-0.142132745643071,0.4570307377876286,0.05204418301843461,5.8696493992400285,up,down,down,up,-0.0279977061308253,-0.0082902130069069,2.901910738746172,31.729911097952492,22.266
2.0459999999999994,-0.14860889471061428,0.4037455650387148,0.05434909851619096,5.912380110709716,up,down,down,up,-0.0279977061308253,-0.0082902130069069,2.901910738746172,31.729911097952492,22.281
2.062000000000001,-0.15526553585259428,0.3880423652428748,0.05691273736880742,5.95792058784259,up,down,down,up,-0.0279977061308253,-0.0082902130069069,2.901910738746172,31.729911097952492,22.297
2.0779999999999994,-0.1615556121252002,0.3651320609070877,0.059579949960739675,6.003419218163881,up,down,down,up,-0.0279977061308253,-0.0082902130069069,2.901910738746172,31.729911097952492,22.313
2.1090000000000018,-0.16944943397482068,0.2266417083730426,0.06496752477850487,6.091447965206559,up,down,down,up,-0.0279977061308253,-0.0082902130069069,2.901910738746172,31.729911097952492,22.344
2.125,-0.17712802873970718,0.4519144666746354,0.0678727878883314,6.136815814525161,up,down,down,up,-0.0279977061308253,-0.0082902130069069,2.901910738746172,31.729911097952492,22.36
2.1400000000000006,-0.1836118022112227,0.4042538586368596,0.07070268981556715,6.179305159523576,up,down,down,up,-0.0279977061308253,-0.0082902130069069,2.901910738746172,31.729911097952492,22.375
2.155999999999999,-0.19077191195552598,0.4195091528881775,0.07383040293701137,6.224579466601487,up,down,down,up,-0.0279977061308253,-0.0082902130069069,2.901910738746172,31.729911097952492,22.391
2.1709999999999994,-0.19783075743920078,0.44259199278081407,0.07686927615257533,6.2669778800895095,up,down,down,up,-0.0279977061308253,-0.0082902130069069,2.901910738746172,31.729911097952492,22.406
2.187000000000001,-0.2049399229333701,0.4163251372547055,0.08022408500366662,6.312151705020195,up,down,down,up,-0.0279977061308253,-0.0082902130069069,2.901910738746172,31.729911097952492,22.422
2.2029999999999994,-0.21207426311941188,0.41789855549683347,0.08369284190019899,6.357270941424911,up,down,down,up,-0.0279977061308253,-0.0082902130069069,2.901910738746172,31.729911097952492,22.438
2.218,-0.2185255183788221,0.4020859778298424,0.08704669345653926,6.399519055990925,up,down,down,up,-0.0279977061308253,-0.0082902130069069,2.901910738746172,31.729911097952492,22.453
2.2340000000000018,-0.22489842381187938,0.3703088834352077,0.090726728402176,6.444527440436001,up,down,down,up,-0.0279977061308253,-0.0082902130069069,2.901910738746172,31.729911097952492,22.469
2.25,-0.2314841637379761,0.3836110392502624,0.09451043251068558,6.489476114968635,up,down,down,up,-0.0279977061308253,-0.0082902130069069,2.901910738746172,31.729911097952492,22.485
2.280999999999999,-0.2390334768627671,0.2155285237011522,0.10206045254321072,6.576388499151431,up,down,down,up,-0.0279977061308253,-0.0082902130069069,2.901910738746172,31.729911097952492,22.516
2.2959999999999994,-0.2491451985722346,0.646117074500316,0.10584614580407603,6.618357860745018,up,down,down,up,-0.0279977061308253,-0.0082902130069069,2.901910738746172,31.729911097952492,22.531
2.312000000000001,-0.2559413210821741,0.3967599507403491,0.11001948136942286,6.663061507547571,up,down,down,up,-0.0279977061308253,-0.0082902130069069,2.901910738746172,31.729911097952492,22.547
2.3279999999999994,-0.2611219184801925,0.2957896312453572,0.11428863069403183,6.707697614470998,up,down,down,up,-0.0279977061308253,-0.0082902130069069,2.901910738746172,31.729911097952492,22.563
2.343,-0.2661885927085343,0.3097805757586178,0.11836781272305119,6.749481352226564,up,down,down,up,-0.0279977061308253,-0.0082902130069069,2.901910738746172,31.729911097952492,22.578
2.3590000000000018,-0.2720586057040819,0.33887810609085667,0.12280643371846311,6.793982530074974,up,down,down,up,-0.0279977061308253,-0.0082902130069069,2.901910738746172,31.729911097952492,22.594
2.375,-0.2812104855269908,0.5439947828010427,0.12736522985642162,6.838411728586305,up,down,down,up,-0.0279977061308253,-0.0082902130069069,2.901910738746172,31.729911097952492,22.61
2.3900000000000006,-0.2901904305755511,0.5706652971065098,0.1317750899222947,6.8799968372691644,up,down,down,up,-0.0279977061308253,-0.0082902130069069,2.901910738746172,31.729911097952492,22.625
2.405999999999999,-0.2988113787972715,0.5108115577267544,0.136619747805387,6.92428025038728,up,down,down,up,-0.0279977061308253,-0.0082902130069069,2.901910738746172,31.729911097952492,22.641
2.4209999999999994,-0.30623922391387737,0.4671919683095479,0.1412819805208243,6.965724648506029,up,down,down,up,-0.0279977061308253,-0.0082902130069069,2.901910738746172,31.729911097952492,22.656
2.437000000000001,-0.3134241541302209,0.4210604323905987,0.1463719309532876,7.00985398903418,up,down,down,up,-0.0279977061308253,-0.0082902130069069,2.901910738746172,31.729911097952492,22.672
2.4529999999999994,-0.3185756107229913,0.2939683309173593,0.1515605724802236,7.053901100826646,up,down,down,up,-0.0279977061308253,-0.0082902130069069,2.901910738746172,31.729911097952492,22.688
2.468,-0.32516559985745097,0.4113349028331333,0.15651298475468067,7.095119210228578,up,down,down,up,-0.0279977061308253,-0.0082902130069069,2.901910738746172,31.729911097952492,22.703
2.4840000000000018,-0.3308915040324116,0.329871304804176,0.16189408499391078,7.139002525490536,up,down,down,up,-0.0279977061308253,-0.0082902130069069,2.901910738746172,31.729911097952492,22.719
2.5,-0.3364262249122838,0.3179223488612233,0.1673652702335784,7.182799022468647,up,down,down,up,-0.0279977061308253,-0.0082902130069069,2.901910738746172,31.729911097952492,22.735
2.5150000000000006,-0.3437580929678248,0.4607934975718881,0.17259100581278286,7.223778011479492,up,down,down,up,-0.0279977061308253,-0.0082902130069069,2.901910738746172,31.729911097952492,22.75
2.530999999999999,-0.3507734943751561,0.4104648818274334,0.1782799019196366,7.267401616037564,up,down,down,up,-0.0279977061308253,-0.0082902130069069,2.901910738746172,31.729911097952492,22.766
2.5459999999999994,-0.3575992458838932,0.4270523944516307,0.18371705066668342,7.308215299974361,up,down,down,up,-0.0279977061308253,-0.0082902130069069,2.901910738746172,31.729911097952492,22.781
2.5779999999999994,-0.36042852970555117,0.060417413295984705,0.19547078189233558,7.395009438293297,up,down,down,up,-0.0279977061308253,-0.0082902130069069,2.901910738746172,31.729911097952492,22.813
2.593,-0.36711627965370747,0.4178522904129146,0.2010517211576337,7.435564180601613,up,down,down,up,-0.0279977061308253,-0.0082902130069069,2.901910738746172,31.729911097952492,22.828
2.6090000000000018,-0.3736060090447726,0.3776103808106961,0.20711014287533258,7.478729457509285,up,down,down,up,-0.0279977061308253,-0.0082902130069069,2.901910738746172,31.729911097952492,22.844
2.625,-0.3758177931067603,0.1102387977434238,0.2132381767006546,7.521797242772617,up,down,down,up,-0.0279977061308253,-0.0082902130069069,2.901910738746172,31.729911097952492,22.86
2.6400000000000006,-0.381381159583098,0.3428933922916743,0.21904152204093208,7.562083806113247,up,down,down,up,-0.0279977061308253,-0.0082902130069069,2.901910738746172,31.729911097952492,22.875
2.655999999999999,-0.38686190305061346,0.31454876058893,0.22532010995011165,7.604959484877252,up,down,down,up,-0.0279977061308253,-0.0082902130069069,2.901910738746172,31.729911097952492,22.891
2.6709999999999994,-0.392544171567696,0.3508201950079959,0.23129000870485328,7.64506357006854,up,down,down,up,-0.0279977061308253,-0.0082902130069069,2.901910738746172,31.729911097952492,22.906
2.687000000000001,-0.3993607580082443,0.3980389464033944,0.23775789154957172,7.687741758686439,up,down,down,up,-0.0279977061308253,-0.0082902130069069,2.901910738746172,31.729911097952492,22.922
2.7029999999999994,-0.40600528002428327,0.3872849198716538,0.24433346326194272,7.730315599667879,up,down,down,up,-0.0279977061308253,-0.0082902130069069,2.901910738746172,31.729911097952492,22.938
2.7340000000000018,-0.411737758834052,0.1569209651520249,0.2572654769674614,7.812500048995471,up,down,down,up,-0.0279977061308253,-0.0082902130069069,2.901910738746172,31.729911097952492,22.969
2.75,-0.4177468235411634,0.3475688380636771,0.2640339970345731,7.85476022502338,up,down,down,up,-0.0279977061308253,-0.0082902130069069,2.901910738746172,31.729911097952492,22.985
2.780999999999999,-0.4246389813876732,0.19432996633724,0.27734797361418373,7.93632803737945,up,down,down,up,-0.0279977061308253,-0.0082902130069069,2.901910738746172,31.729911097952492,23.016
2.7959999999999994,-0.42888413506567247,0.2550125390691152,0.2838737501826878,7.975647535532165,up,down,down,up,-0.0279977061308253,-0.0082902130069069,2.901910738746172,31.729911097952492,23.031
2.812000000000001,-0.4320622679451915,0.17063559883909418,0.29089396481488583,8.01747996563213,up,down,down,up,-0.0279977061308253,-0.0082902130069069,2.901910738746172,31.729911097952492,23.047
2.8279999999999994,-0.4345492139898717,0.12743642166170038,0.2979595000784756,8.059199709732919,up,down,down,up,-0.0279977061308253,-0.0082902130069069,2.901910738746172,31.729911097952492,23.063
2.843,-0.4368817902922952,0.1275073806974062,0.3046195858056957,8.098209027669991,up,down,down,up,-0.0279977061308253,-0.0082902130069069,2.901910738746172,31.729911097952492,23.078
2.875,-0.4392634632130914,0.04642957264405471,0.3189031966780034,8.18109380679012,up,down,down,up,-0.0279977061308253,-0.0082902130069069,2.901910738746172,31.729911097952492,23.11
2.8900000000000006,-0.44160860007786157,0.12834475152051708,0.32563409034778923,8.219788438218618,up,down,down,up,-0.0279977061308253,-0.0082902130069069,2.901910738746172,31.729911097952492,23.125
2.905999999999999,-0.44571181430103657,0.228453182817637,0.33286529707093004,8.260951014939206,up,down,down,up,-0.0279977061308253,-0.0082902130069069,2.901910738746172,31.729911097952492,23.141
2.9209999999999994,-0.4497591953667204,0.24182769824808498,0.3397056828385421,8.299435393671079,up,down,down,up,-0.0279977061308253,-0.0082902130069069,2.901910738746172,31.729911097952492,23.156
2.937000000000001,-0.4535768806287059,0.2106076227432454,0.3470650148546168,8.34037179990948,up,down,down,up,-0.0279977061308253,-0.0082902130069069,2.901910738746172,31.729911097952492,23.172
2.9529999999999994,-0.45757428267448397,0.2218399217303291,0.3544868675691517,8.381189956670031,up,down,down,up,-0.0279977061308253,-0.0082902130069069,2.901910738746172,31.729911097952492,23.188
2.968,-0.4611418817803958,0.2098422342632901,0.3615015919976674,8.419348704304465,up,down,down,up,-0.0279977061308253,-0.0082902130069069,2.901910738746172,31.729911097952492,23.203
3.0,-0.4634376622685341,0.043745434123495706,0.3765601515186714,8.500400860048078,up,down,down,up,-0.0279977061308253,-0.0082902130069069,2.901910738746172,31.729911097952492,23.235
3.0150000000000006,-0.4649457133795902,0.07253903460624539,0.38364738003113574,8.538227964642648,up,down,down,up,-0.0279977061308253,-0.0082902130069069,2.901910738746172,31.729911097952492,23.25
3.030999999999999,-0.4664087289780134,0.06344076877063551,0.3912308589781066,8.578459510550505,up,down,down,up,-0.0279977061308253,-0.0082902130069069,2.901910738746172,31.729911097952492,23.266
3.0459999999999994,-0.4702348810188699,0.2270790965929288,0.3983800392481873,8.616066089895003,up,down,down,up,-0.0279977061308253,-0.0082902130069069,2.901910738746172,31.729911097952492,23.281
3.062000000000001,-0.4716967054291086,0.0633663195090817,0.4060481353478824,8.656061236318177,up,down,down,up,-0.0279977061308253,-0.0082902130069069,2.901910738746172,31.729911097952492,23.297
3.0779999999999994,-0.4732014471695454,0.06604865264648499,0.4137399639767816,8.695933503343515,up,down,down,up,-0.0279977061308253,-0.0082902130069069,2.901910738746172,31.729911097952492,23.313
3.093,-0.4761853989665585,0.17093241367004458,0.42098471851790586,8.733201729306,up,down,down,up,-0.0279977061308253,-0.0082902130069069,2.901910738746172,31.729911097952492,23.328
3.1090000000000018,-0.47972719834368327,0.1933647549394457,0.428764662704499,8.772834306076167,up,down,down,up,-0.0279977061308253,-0.0082902130069069,2.901910738746172,31.729911097952492,23.344
3.125,-0.4832563958867428,0.1925771403104228,0.436601174866452,8.812341951195531,up,down,down,up,-0.0279977061308253,-0.0082902130069069,2.901910738746172,31.729911097952492,23.36
3.1400000000000006,-0.4867762943603608,0.20666219211036568,0.44400077323840925,8.849266097665936,up,down,down,up,-0.0279977061308253,-0.0082902130069069,2.901910738746172,31.729911097952492,23.375
3.1709999999999994,-0.4900623928423666,0.07800547070807501,0.45939876949326486,8.925222637654723,up,down,down,up,-0.0279977061308253,-0.0082902130069069,2.901910738746172,31.729911097952492,23.406
3.187000000000001,-0.4931682612256765,0.1661190678260179,0.4673972581339201,8.96423884125365,up,down,down,up,-0.0279977061308253,-0.0082902130069069,2.901910738746172,31.729911097952492,23.422
3.2029999999999994,-0.49561787008964586,0.1251028478672783,0.4754401905925527,9.00312671348377,up,down,down,up,-0.0279977061308253,-0.0082902130069069,2.901910738746172,31.729911097952492,23.438
3.218,-0.4984716094167858,0.16225158234516399,0.48302021488395486,9.0394669215239,up,down,down,up,-0.0279977061308253,-0.0082902130069069,2.901910738746172,31.729911097952492,23.453
3.2340000000000018,-0.5011378024024573,0.1386393554736248,0.4911497335866204,9.078104133756074,up,down,down,up,-0.0279977061308253,-0.0082902130069069,2.901910738746172,31.729911097952492,23.469
3.25,-0.5035947741108071,0.1255630256410539,0.49932023760683597,9.11661094580646,up,down,down,up,-0.0279977061308253,-0.0082902130069069,2.901910738746172,31.729911097952492,23.485
3.2650000000000006,-0.5019418520042738,0.1381925132330437,0.5069861154978028,9.15259230923937,up,down,down,up,-0.0279977061308253,-0.0082902130069069,2.901910738746172,31.729911097952492,23.5
3.280999999999999,-0.5039111558826264,0.0950837862662251,0.5151655829690078,9.190845667471567,up,down,down,up,-0.0279977061308253,-0.0082902130069069,2.901910738746172,31.729911097952492,23.516
3.2959999999999994,-0.5058198217131054,0.0992466825677695,0.5228629184960796,9.226589114791775,up,down,down,up,-0.0279977061308253,-0.0082902130069069,2.901910738746172,31.729911097952492,23.531
3.3279999999999994,-0.5045652266801071,0.067203800912022,0.5392943660865916,9.30245574187833,up,down,down,up,-0.0279977061308253,-0.0082902130069069,2.901910738746172,31.729911097952492,23.563
3.343,-0.508549781228055,0.23763926373236421,0.5470170818410072,9.337837067100072,up,down,down,up,-0.0279977061308253,-0.0082902130069069,2.901910738746172,31.729911097952492,23.578
3.3590000000000018,-0.5123352695743648,0.2085953155135083,0.5553168056555378,9.375448967820038,up,down,down,up,-0.0279977061308253,-0.0082902130069069,2.901910738746172,31.729911097952492,23.594
3.375,-0.5133379515793894,0.034669919183220606,0.5636548348328776,9.412927766516066,up,down,down,up,-0.0279977061308253,-0.0082902130069069,2.901910738746172,31.729911097952492,23.61
3.3900000000000006,-0.5150813831205472,0.08823106327968669,0.5714923330382309,9.447942823838229,up,down,down,up,-0.0279977061308253,-0.0082902130069069,2.901910738746172,31.729911097952492,23.625
3.405999999999999,-0.5167970321810209,0.07923036014879409,0.579880003768753,9.485162416963707,up,down,down,up,-0.0279977061308253,-0.0082902130069069,2.901910738746172,31.729911097952492,23.641
3.4209999999999994,-0.519633991316713,0.1611329029153035,0.5877775896400901,9.519933646094334,up,down,down,up,-0.0279977061308253,-0.0082902130069069,2.901910738746172,31.729911097952492,23.656
3.437000000000001,-0.5205855599671327,0.0314753345204047,0.596231989458472,9.556892141281491,up,down,down,up,-0.0279977061308253,-0.0082902130069069,2.901910738746172,31.729911097952492,23.672
3.4529999999999994,-0.5239102788508223,0.1797972240997957,0.6047205995771257,9.59371509238915,up,down,down,up,-0.0279977061308253,-0.0082902130069069,2.901910738746172,31.729911097952492,23.688
3.468,-0.5250920417860936,0.050786489553923696,0.6127124701770064,9.62811300544718,up,down,down,up,-0.0279977061308253,-0.0082902130069069,2.901910738746172,31.729911097952492,23.703
3.5,-0.5268113023543997,0.025729186628739298,0.6298082104994753,9.701093818196231,up,down,down,up,-0.0279977061308253,-0.0082902130069069,2.901910738746172,31.729911097952492,23.735
3.5150000000000006,-0.5284381729406089,0.08046033294978719,0.6378469347592919,9.735115065687989,up,down,down,up,-0.0279977061308253,-0.0082902130069069,2.901910738746172,31.729911097952492,23.75
3.530999999999999,-0.5301172518849242,0.076944727888892,0.6464480215660058,9.771271277857313,up,down,down,up,-0.0279977061308253,-0.0082902130069069,2.901910738746172,31.729911097952492,23.766
3.5459999999999994,-0.5301247769614559,0.027496034362046798,0.6545241899774576,9.805042647351929,up,down,down,up,-0.0279977061308253,-0.0082902130069069,2.901910738746172,31.729911097952492,23.781
3.562000000000001,-0.5301860157570086,0.0241702814087787,0.6631393197273168,9.840931911094234,up,down,down,up,-0.0279977061308253,-0.0082902130069069,2.901910738746172,31.729911097952492,23.797
3.5779999999999994,-0.5329069825557937,0.14206271879326118,0.6717767071219289,9.876683154699375,up,down,down,up,-0.0279977061308253,-0.0082902130069069,2.901910738746172,31.729911097952492,23.813
3.593,-0.5345129028284994,0.07906364538288221,0.6799067094574149,9.910074190156227,up,down,down,up,-0.0279977061308253,-0.0082902130069069,2.901910738746172,31.729911097952492,23.828
3.6090000000000018,-0.5362626527817618,0.08136166594806121,0.6886055573104084,9.94555666384203,up,down,down,up,-0.0279977061308253,-0.0082902130069069,2.901910738746172,31.729911097952492,23.844
3.625,-0.5380162953567513,0.081604954806034,0.6973324323036261,9.980899731745051,up,down,down,up,-0.0279977061308253,-0.0082902130069069,2.901910738746172,31.729911097952492,23.86
3.6400000000000006,-0.5395819227446417,0.07637745306186039,0.7055387721344908,10.01390685879296,up,down,down,up,-0.0279977061308253,-0.0082902130069069,2.901910738746172,31.729911097952492,23.875
3.655999999999999,-0.5417468184781953,0.10730827721629,0.7143220454723824,10.048978544072039,up,down,down,up,-0.0279977061308253,-0.0082902130069069,2.901910738746172,31.729911097952492,23.891
3.687000000000001,-0.544782192667256,0.06991759029048161,0.731420241748352,10.116528771521256,up,down,down,up,-0.0279977061308253,-0.0082902130069069,2.901910738746172,31.729911097952492,23.922
3.7029999999999994,-0.5465046618652654,0.07965661874477001,0.7402831799927228,10.15118571596727,up,down,down,up,-0.0279977061308253,-0.0082902130069069,2.901910738746172,31.729911097952492,23.938
3.718,-0.5482068446921105,0.08548114899217629,0.7486178694870067,10.183547619177357,up,down,down,up,-0.0279977061308253,-0.0082902130069069,2.901910738746172,31.729911097952492,23.953
3.7340000000000018,-0.5508495667723565,0.1371724238845358,0.7575429641868339,10.21792890432791,up,down,down,up,-0.0279977061308253,-0.0082902130069069,2.901910738746172,31.729911097952492,23.969
3.75,-0.554089031946063,0.1744688672258491,0.7665151163846908,10.252167011503271,up,down,down,up,-0.0279977061308253,-0.0082902130069069,2.901910738746172,31.729911097952492,23.985
3.780999999999999,-0.556579830722848,0.052350641507404906,0.7839874803592726,10.318093454154866,up,down,down,up,-0.0279977061308253,-0.0082902130069069,2.901910738746172,31.729911097952492,24.016
3.7959999999999994,-0.5556559417867604,0.0895903018699986,0.7924536018481985,10.349798807119509,up,down,down,up,-0.0279977061308253,-0.0082902130069069,2.901910738746172,31.729911097952492,24.031
3.812000000000001,-0.5555281552414133,0.0359843652150159,0.8014757180325356,10.383477944380399,up,down,down,up,-0.0279977061308253,-0.0082902130069069,2.901910738746172,31.729911097952492,24.047
3.8279999999999994,-0.5554211917308631,0.034682925540211795,0.8104959562164233,10.417012742806339,up,down,down,up,-0.0279977061308253,-0.0082902130069069,2.901910738746172,31.729911097952492,24.063
3.843,-0.5556568085981066,0.012289914981259698,0.8189533944139944,10.448320533757805,up,down,down,up,-0.0279977061308253,-0.0082902130069069,2.901910738746172,31.729911097952492,24.078
3.8590000000000018,-0.5568133575200562,0.04428660149101701,0.8279857991510511,10.481575592029227,up,down,down,up,-0.0279977061308253,-0.0082902130069069,2.901910738746172,31.729911097952492,24.094
3.875,-0.5579608749520037,0.0437221333659026,0.837036636418937,10.5146859843646,up,down,down,up,-0.0279977061308253,-0.0082902130069069,2.901910738746172,31.729911097952492,24.11
3.8900000000000006,-0.5592635369776584,0.058846428912815,0.8455401727035134,10.545595319377373,up,down,down,up,-0.0279977061308253,-0.0082902130069069,2.901910738746172,31.729911097952492,24.125
3.905999999999999,-0.5592925530194144,0.0261842035210764,0.8546212648315996,10.578424599697026,up,down,down,up,-0.0279977061308253,-0.0082902130069069,2.901910738746172,31.729911097952492,24.141
3.9209999999999994,-0.5598402763391945,0.0,0.8631391142468936,10.609070057935131,up,down,down,up,-0.0279977061308253,-0.0082902130069069,2.901910738746172,31.729911097952492,24.156
3.9529999999999994,-0.5617634309510997,0.0321008754912113,0.8813500603797588,10.674019374780979,up,down,down,up,-0.0279977061308253,-0.0082902130069069,2.901910738746172,31.729911097952492,24.188
3.9840000000000018,-0.562238458693102,0.0126742305823667,0.8990290862724595,10.736382730909003,up,down,down,up,-0.0279977061308253,-0.0082902130069069,2.901910738746172,31.729911097952492,24.219
4.0,-0.5626726138004905,0.0,0.9081610182605149,10.768355781892677,up,down,down,up,-0.0279977061308253,-0.0082902130069069,2.901910738746172,31.729911097952492,24.235
4.015000000000001,-0.5647297732162269,0.1091462549182605,0.9167408893582403,10.798197678666728,up,down,down,up,-0.0279977061308253,-0.0082902130069069,2.901910738746172,31.729911097952492,24.25
4.030999999999999,-0.5642257473401671,0.0594993233845662,0.9259051769307978,10.829887081956354,up,down,down,up,-0.0279977061308253,-0.0082902130069069,2.901910738746172,31.729911097952492,24.266
4.045999999999999,-0.5659333951763479,0.08584548294789199,0.9345057236947758,10.859462661282858,up,down,down,up,-0.0279977061308253,-0.0082902130069069,2.901910738746172,31.729911097952492,24.281
4.062000000000001,-0.5665394360469165,0.0,0.9436981497526733,10.890867602115218,up,down,down,up,-0.0279977061308253,-0.0082902130069069,2.901910738746172,31.729911097952492,24.297
4.077999999999999,-0.5665839666601133,0.0252145428060207,0.9528957803824389,10.922125422494073,up,down,down,up,-0.0279977061308253,-0.0082902130069069,2.901910738746172,31.729911097952492,24.313
4.109000000000002,-0.5666350022109423,0.0263513980395684,0.9707176710031558,10.982268646898735,up,down,down,up,-0.0279977061308253,-0.0082902130069069,2.901910738746172,31.729911097952492,24.344
4.125,-0.5691579654923906,0.12968749895971068,0.9799366581528919,11.013093984085419,up,down,down,up,-0.0279977061308253,-0.0082902130069069,2.901910738746172,31.729911097952492,24.36
4.140000000000001,-0.5708343220644991,0.08375939867640489,0.9886109535046725,11.041858538079179,up,down,down,up,-0.0279977061308253,-0.0082902130069069,2.901910738746172,31.729911097952492,24.375
4.155999999999999,-0.5725110594754419,0.0767983820531089,0.9978903599651014,11.072397099391356,up,down,down,up,-0.0279977061308253,-0.0082902130069069,2.901910738746172,31.729911097952492,24.391
4.170999999999999,-0.5744068762784735,0.09839008073794558,1.0066165976783599,11.10089195829023,up,down,down,up,-0.0279977061308253,-0.0082902130069069,2.901910738746172,31.729911097952492,24.406
4.187000000000001,-0.5748854262254515,0.0,1.015943579506503,11.131142048692684,up,down,down,up,-0.0279977061308253,-0.0082902130069069,2.901910738746172,31.729911097952492,24.422
4.202999999999999,-0.5753557553370783,0.0,1.0252781523671122,11.16124284665764,up,down,down,up,-0.0279977061308253,-0.0082902130069069,2.901910738746172,31.729911097952492,24.438
4.218,-0.5751162323352208,0.0439659062546565,1.034031045469759,11.189326688755049,up,down,down,up,-0.0279977061308253,-0.0082902130069069,2.901910738746172,31.729911097952492,24.453
4.25,-0.5754644430724873,0.017116120591246,1.052705623092503,11.24880004569793,up,down,down,up,-0.0279977061308253,-0.0082902130069069,2.901910738746172,31.729911097952492,24.485
4.265000000000001,-0.5758252582192949,0.0,1.061464649047295,11.276472429738075,up,down,down,up,-0.0279977061308253,-0.0082902130069069,2.901910738746172,31.729911097952492,24.5
4.280999999999999,-0.5758086507924265,0.029035670310098897,1.0708103637274986,11.305844801455809,up,down,down,up,-0.0279977061308253,-0.0082902130069069,2.901910738746172,31.729911097952492,24.516
4.295999999999999,-0.5755526915334706,0.0450616567278873,1.0795699269900465,11.33324561035663,up,down,down,up,-0.0279977061308253,-0.0082902130069069,2.901910738746172,31.729911097952492,24.531
4.312000000000001,-0.5753374471171284,0.0414504821522069,1.0889096915073628,11.362328345228587,up,down,down,up,-0.0279977061308253,-0.0082902130069069,2.901910738746172,31.729911097952492,24.547
4.327999999999999,-0.5745019360261114,0.08021714931939239,1.0982410499806186,11.391261711116616,up,down,down,up,-0.0279977061308253,-0.0082902130069069,2.901910738746172,31.729911097952492,24.563
4.343,-0.5739592580780517,0.06417623600147279,1.1069788621315035,11.41825122285697,up,down,down,up,-0.0279977061308253,-0.0082902130069069,2.901910738746172,31.729911097952492,24.578
4.359000000000002,-0.573437990773769,0.0605769126484905,1.1162906835304296,11.446895638311613,up,down,down,up,-0.0279977061308253,-0.0082902130069069,2.901910738746172,31.729911097952492,24.594
4.375,-0.5728516709049671,0.0646426979309459,1.125593644231969,11.475391135509451,up,down,down,up,-0.0279977061308253,-0.0082902130069069,2.901910738746172,31.729911097952492,24.61
4.390000000000001,-0.5722419036640805,0.0686488555232692,1.1343061992363408,11.501970547764625,up,down,down,up,-0.0279977061308253,-0.0082902130069069,2.901910738746172,31.729911097952492,24.625
4.420999999999999,-0.5738814073358345,0.0248895090870486,1.1523281071600529,11.556486948916618,up,down,down,up,-0.0279977061308253,-0.0082902130069069,2.901910738746172,31.729911097952492,24.656
4.437000000000001,-0.5754733754332904,0.0715002999601558,1.1616555888303173,11.584405651168634,up,down,down,up,-0.0279977061308253,-0.0082902130069069,2.901910738746172,31.729911097952492,24.672
4.452999999999999,-0.5740023244137227,0.1199383948538155,1.1709840378372032,11.61217510597523,up,down,down,up,-0.0279977061308253,-0.0082902130069069,2.901910738746172,31.729911097952492,24.688
4.468,-0.5726341890400075,0.11920673104516599,1.1797081648832102,11.63807357553603,up,down,down,up,-0.0279977061308253,-0.0082902130069069,2.901910738746172,31.729911097952492,24.703
4.484000000000002,-0.5742565141452989,0.07339761294987371,1.1890159339168043,11.665554354565561,up,down,down,up,-0.0279977061308253,-0.0082902130069069,2.901910738746172,31.729911097952492,24.719
4.5,-0.5758538578082728,0.07183627280505611,1.1983494603005422,11.69288600323176,up,down,down,up,-0.0279977061308253,-0.0082902130069069,2.901910738746172,31.729911097952492,24.735
4.515000000000001,-0.5774867034240074,0.0808586682514788,1.2071238677048883,11.71837361435291,up,down,down,up,-0.0279977061308253,-0.0082902130069069,2.901910738746172,31.729911097952492,24.75
4.530999999999999,-0.5778447074636404,0.0,1.216499162400099,11.745415201932008,up,down,down,up,-0.0279977061308253,-0.0082902130069069,2.901910738746172,31.729911097952492,24.766
4.545999999999999,-0.577463512662499,0.0534106928735846,1.225288327246149,11.770630456840852,up,down,down,up,-0.0279977061308253,-0.0082902130069069,2.901910738746172,31.729911097952492,24.781
4.562000000000001,-0.5765871081991882,0.0827729850877392,1.234653375621154,11.797381495037857,up,down,down,up,-0.0279977061308253,-0.0082902130069069,2.901910738746172,31.729911097952492,24.797
4.577999999999999,-0.5757881538478102,0.0779323530919558,1.2440050211256395,11.82398279968383,up,down,down,up,-0.0279977061308253,-0.0082902130069069,2.901910738746172,31.729911097952492,24.813
4.609000000000002,-0.5793483162740909,0.0868462431040258,1.2621666330157444,11.87509637194577,up,down,down,up,-0.0279977061308253,-0.0082902130069069,2.901910738746172,31.729911097952492,24.844
4.625,-0.578855491761411,0.058799238173319,1.2715649068881378,11.901257091446471,up,down,down,up,-0.0279977061308253,-0.0082902130069069,2.901910738746172,31.729911097952492,24.86
4.640000000000001,-0.5786702840802995,0.0403448848715929,1.2803707034020546,11.92564623545049,up,down,down,up,-0.0279977061308253,-0.0082902130069069,2.901910738746172,31.729911097952492,24.875
4.670999999999999,-0.5803626037034011,0.0265932494530983,1.2985927097659153,11.975631535447516,up,down,down,up,-0.0279977061308253,-0.0082902130069069,2.901910738746172,31.729911097952492,24.906
4.687000000000001,-0.580388020317681,0.026409167738331497,1.3080113581661956,12.001209274724001,up,down,down,up,-0.0279977061308253,-0.0082902130069069,2.901910738746172,31.729911097952492,24.922
4.702999999999999,-0.5804444548507561,0.0244705478136291,1.3174306613756526,12.026636310387605,up,down,down,up,-0.0279977061308253,-0.0082902130069069,2.901910738746172,31.729911097952492,24.938
4.718,-0.5812681329746745,0.026914168797063903,1.3262678589794472,12.050337232566132,up,down,down,up,-0.0279977061308253,-0.0082902130069069,2.901910738746172,31.729911097952492,24.953
4.734000000000002,-0.5809351593282752,0.048808559030778,1.3356981287259824,12.075472076484427,up,down,down,up,-0.0279977061308253,-0.0082902130069069,2.901910738746172,31.729911097952492,24.969
4.75,-0.5805820719714347,0.0500656659333574,1.3451229099844895,12.100456079994675,up,down,down,up,-0.0279977061308253,-0.0082902130069069,2.901910738746172,31.729911097952492,24.985
4.765000000000001,-0.5807966374079694,0.013693343695183099,1.353957603499939,12.12374163722475,up,down,down,up,-0.0279977061308253,-0.0082902130069069,2.901910738746172,31.729911097952492,25.0
4.780999999999999,-0.5833204276253667,0.1297391824565263,1.363403183428315,12.148433322749252,up,down,down,up,-0.0279977061308253,-0.0082902130069069,2.901910738746172,31.729911097952492,25.016
4.795999999999999,-0.5846368079855733,0.059760984549607106,1.372287215890501,12.171444305835553,up,down,down,up,-0.0279977061308253,-0.0082902130069069,2.901910738746172,31.729911097952492,25.031
4.827999999999999,-0.5878514136739632,0.0724587216313601,1.3913123142532746,12.220087856993128,up,down,down,up,-0.0279977061308253,-0.0082902130069069,2.901910738746172,31.729911097952492,25.063
4.843,-0.5894801859428753,0.0805871117966449,1.400266654445505,12.242679675809075,up,down,down,up,-0.0279977061308253,-0.0082902130069069,2.901910738746172,31.729911097952492,25.078
4.859000000000002,-0.5910496384429642,0.0700930751247191,1.4098435364487032,12.26662936610187,up,down,down,up,-0.0279977061308253,-0.0082902130069069,2.901910738746172,31.729911097952492,25.094
4.875,-0.5887710688661336,0.1704083046827529,1.4194147455152855,12.290425871666098,up,down,down,up,-0.0279977061308253,-0.0082902130069069,2.901910738746172,31.729911097952492,25.11
4.890000000000001,-0.5895871308101714,0.026406423471694404,1.4283767852079616,12.31259609626687,up,down,down,up,-0.0279977061308253,-0.0082902130069069,2.901910738746172,31.729911097952492,25.125
4.905999999999999,-0.590269279867945,0.014636609980024903,1.437948279901496,12.33609606756593,up,down,down,up,-0.0279977061308253,-0.0082902130069069,2.901910738746172,31.729911097952492,25.141
4.920999999999999,-0.5901114129330622,0.0385221684563404,1.4469254882926075,12.357988175385668,up,down,down,up,-0.0279977061308253,-0.0082902130069069,2.901910738746172,31.729911097952492,25.156
4.937000000000001,-0.5913636224225609,0.05026538696283261,1.4565099319835642,12.381191263843402,up,down,down,up,-0.0279977061308253,-0.0082902130069069,2.901910738746172,31.729911097952492,25.172
4.952999999999999,-0.5925253740351835,0.044611769658092194,1.4661136873633356,12.404240846708564,up,down,down,up,-0.0279977061308253,-0.0082902130069069,2.901910738746172,31.729911097952492,25.188
4.984000000000002,-0.5918138649531066,0.0509496120042701,1.4847279421708697,12.448462034351916,up,down,down,up,-0.0279977061308253,-0.0082902130069069,2.901910738746172,31.729911097952492,25.219
5.0,-0.593625734141229,0.08524411812683541,1.4943441023717339,12.471060029815515,up,down,down,up,-0.0279977061308253,-0.0082902130069069,2.901910738746172,31.729911097952492,25.235
5.015000000000001,-0.595366287556077,0.0880391881923718,1.5033858957295676,12.492105715910949,up,down,down,up,-0.0279977061308253,-0.0082902130069069,2.901910738746172,31.729911097952492,25.25
5.030999999999999,-0.5953956689888997,0.0261613665794053,1.5130446347900368,12.514404843486727,up,down,down,up,-0.0279977061308253,-0.0082902130069069,2.901910738746172,31.729911097952492,25.266
5.045999999999999,-0.5950583265561473,0.050487201647651594,1.5220973929517285,12.535169939359857,up,down,down,up,-0.0279977061308253,-0.0082902130069069,2.901910738746172,31.729911097952492,25.281
5.062000000000001,-0.5947451483249182,0.047571345582642796,1.5317484641588885,12.557169744322916,up,down,down,up,-0.0279977061308253,-0.0082902130069069,2.901910738746172,31.729911097952492,25.297
5.077999999999999,-0.5950147171218187,0.0111496563245395,1.5413991864905718,12.57901513493766,up,down,down,up,-0.0279977061308253,-0.0082902130069069,2.901910738746172,31.729911097952492,25.313
5.093,-0.593921779561347,0.10086021016227559,1.5504405634107996,12.59935499789459,up,down,down,up,-0.0279977061308253,-0.0082902130069069,2.901910738746172,31.729911097952492,25.328
5.109000000000002,-0.5928348456258554,0.09593107709903831,1.5600672598204088,12.620901507128675,up,down,down,up,-0.0279977061308253,-0.0082902130069069,2.901910738746172,31.729911097952492,25.344
5.125,-0.5959812949341323,0.16865537563650249,1.5697104323529982,12.642293857411229,up,down,down,up,-0.0279977061308253,-0.0082902130069069,2.901910738746172,31.729911097952492,25.36
5.155999999999999,-0.5966676134578748,0.0,1.5884534870362879,12.683301549561829,up,down,down,up,-0.0279977061308253,-0.0082902130069069,2.901910738746172,31.729911097952492,25.391
5.170999999999999,-0.594939731924498,0.14318980835593909,1.5975148953217593,12.702935447775328,up,down,down,up,-0.0279977061308253,-0.0082902130069069,2.901910738746172,31.729911097952492,25.406
5.187000000000001,-0.5933389742635722,0.1280450599386779,1.6071537683793753,12.72372867028567,up,down,down,up,-0.0279977061308253,-0.0082902130069069,2.901910738746172,31.729911097952492,25.422
5.202999999999999,-0.5938464376278425,0.0,1.616783895082616,12.744367740797909,up,down,down,up,-0.0279977061308253,-0.0082902130069069,2.901910738746172,31.729911097952492,25.438
5.218,-0.5949518073359723,0.045693607744491806,1.6258242351149488,12.763576840902612,up,down,down,up,-0.0279977061308253,-0.0082902130069069,2.901910738746172,31.729911097952492,25.453
5.234000000000002,-0.5935712962493547,0.11427964904441751,1.635465063351743,12.783917098334822,up,down,down,up,-0.0279977061308253,-0.0082902130069069,2.901910738746172,31.729911097952492,25.469
5.25,-0.5946531434179256,0.0396177419048671,1.6451035022771907,12.804103121629726,up,down,down,up,-0.0279977061308253,-0.0082902130069069,2.901910738746172,31.729911097952492,25.485
5.265000000000001,-0.5956829511176007,0.040656140514178006,1.654155376181311,12.822887341122478,up,down,down,up,-0.0279977061308253,-0.0082902130069069,2.901910738746172,31.729911097952492,25.5
5.295999999999999,-0.5946329933094745,0.0618673128445757,1.6728622699231441,12.86127780050899,up,down,down,up,-0.0279977061308253,-0.0082902130069069,2.901910738746172,31.729911097952492,25.531
5.312000000000001,-0.5943200276039136,0.047558062728381895,1.6825065374985628,12.880865421869554,up,down,down,up,-0.0279977061308253,-0.0082902130069069,2.901910738746172,31.729911097952492,25.547
5.327999999999999,-0.5952198310798344,0.028240011114236498,1.692155499776142,12.900298697391296,up,down,down,up,-0.0279977061308253,-0.0082902130069069,2.901910738746172,31.729911097952492,25.563
5.343,-0.5961013441069518,0.03076982901033,1.7012147617851472,12.91837708151078,up,down,down,up,-0.0279977061308253,-0.0082902130069069,2.901910738746172,31.729911097952492,25.578
5.359000000000002,-0.5959286804588828,0.038789184135136795,1.7108836453897855,12.937510866073321,up,down,down,up,-0.0279977061308253,-0.0082902130069069,2.901910738746172,31.729911097952492,25.594
5.375,-0.5968076470680721,0.0269377069435114,1.7205581794181106,12.956489903294791,up,down,down,up,-0.0279977061308253,-0.0082902130069069,2.901910738746172,31.729911097952492,25.61
5.390000000000001,-0.5977325376668308,0.03366166711975,1.7296415839987263,12.97414206615036,up,down,down,up,-0.0279977061308253,-0.0082902130069069,2.901910738746172,31.729911097952492,25.625
5.405999999999999,-0.5975652203497059,0.0384550384511281,1.7393366094709677,12.99282081242254,up,down,down,up,-0.0279977061308253,-0.0082902130069069,2.901910738746172,31.729911097952492,25.641
5.420999999999999,-0.5971267411152468,0.0572296550947685,1.748421152377059,13.010191290289871,up,down,down,up,-0.0279977061308253,-0.0082902130069069,2.901910738746172,31.729911097952492,25.656
5.437000000000001,-0.5988074002184689,0.07704348782054579,1.75812126891584,13.02856952273947,up,down,down,up,-0.0279977061308253,-0.0082902130069069,2.901910738746172,31.729911097952492,25.672
5.468,-0.5974205949741602,0.0727333591730423,1.7769197994445394,13.063735619081012,up,down,down,up,-0.0279977061308253,-0.0082902130069069,2.901910738746172,31.729911097952492,25.703
5.484000000000002,-0.5971702124555698,0.0436466135427261,1.786609169312089,13.081657959150899,up,down,down,up,-0.0279977061308253,-0.0082902130069069,2.901910738746172,31.729911097952492,25.719
5.5,-0.5969314712965907,0.0429190285670168,1.7962946261902157,13.099425300606814,up,down,down,up,-0.0279977061308253,-0.0082902130069069,2.901910738746172,31.729911097952492,25.735
5.515000000000001,-0.5964955362946363,0.0570600395944569,1.8053696819422538,13.11594147937701,up,down,down,up,-0.0279977061308253,-0.0082902130069069,2.901910738746172,31.729911097952492,25.75
5.530999999999999,-0.5944008414465358,0.1589161341371166,1.8150294963722926,13.13340885777043,up,down,down,up,-0.0279977061308253,-0.0082902130069069,2.901910738746172,31.729911097952492,25.766
5.545999999999999,-0.5924184906602417,0.1601544252170978,1.8240549945581974,13.149644385169648,up,down,down,up,-0.0279977061308253,-0.0082902130069069,2.901910738746172,31.729911097952492,25.781
5.577999999999999,-0.5944015941314547,0.0339742773445808,1.8433094027310857,13.183827698452898,up,down,down,up,-0.0279977061308253,-0.0082902130069069,2.901910738746172,31.729911097952492,25.813
5.593,-0.5963914505531953,0.1046593886518799,1.8523647037613247,13.1996388037354,up,down,down,up,-0.0279977061308253,-0.0082902130069069,2.901910738746172,31.729911097952492,25.828
5.609000000000002,-0.5965460103448237,0.0183377191540531,1.86204084685662,13.2163541311504,up,down,down,up,-0.0279977061308253,-0.0082902130069069,2.901910738746172,31.729911097952492,25.844
5.640000000000001,-0.5948915677606674,0.0813668217487711,1.8807651259204687,13.248299871473488,up,down,down,up,-0.0279977061308253,-0.0082902130069069,2.901910738746172,31.729911097952492,25.875
5.655999999999999,-0.5932351743231958,0.1315222959728112,1.890402783265249,13.26456110001995,up,down,down,up,-0.0279977061308253,-0.0082902130069069,2.901910738746172,31.729911097952492,25.891
5.670999999999999,-0.5943992192190226,0.049605286924290205,1.8994343944119199,13.279665982268558,up,down,down,up,-0.0279977061308253,-0.0082902130069069,2.901910738746172,31.729911097952492,25.906
5.687000000000001,-0.5943032756001028,0.033994182313315,1.9090766577785843,13.295628465670976,up,down,down,up,-0.0279977061308253,-0.0082902130069069,2.901910738746172,31.729911097952492,25.922
5.702999999999999,-0.5942326963898932,0.0324089067689249,1.9187175889626136,13.311436683516991,up,down,down,up,-0.0279977061308253,-0.0082902130069069,2.901910738746172,31.729911097952492,25.938
5.718,-0.5944180877718601,0.0156382806663633,1.9277568230389306,13.326116786508162,up,down,down,up,-0.0279977061308253,-0.0082902130069069,2.901910738746172,31.729911097952492,25.953
5.734000000000002,-0.5934745698034973,0.0869675791534926,1.937392607707645,13.341626162882132,up,down,down,up,-0.0279977061308253,-0.0082902130069069,2.901910738746172,31.729911097952492,25.969
5.765000000000001,-0.5926189177762957,0.055599384427652596,1.9560340533683453,13.371237282536587,up,down,down,up,-0.0279977061308253,-0.0082902130069069,2.901910738746172,31.729911097952492,26.0
5.780999999999999,-0.5917195384521392,0.0842089138906135,1.9656414044262822,13.38629445069417,up,down,down,up,-0.0279977061308253,-0.0082902130069069,2.901910738746172,31.729911097952492,26.016
5.795999999999999,-0.5909111161742846,0.0818925246544634,1.974635487531084,13.400271035085684,up,down,down,up,-0.0279977061308253,-0.0082902130069069,2.901910738746172,31.729911097952492,26.031
5.812000000000001,-0.5901482334654933,0.0756778754302776,1.9842166057363142,13.415030790159488,up,down,down,up,-0.0279977061308253,-0.0082902130069069,2.901910738746172,31.729911097952492,26.047
5.827999999999999,-0.5896937189953046,0.0564048605176176,1.9937879847641098,13.429637325255431,up,down,down,up,-0.0279977061308253,-0.0082902130069069,2.901910738746172,31.729911097952492,26.063
5.859000000000002,-0.589431222042716,0.0364653497627156,2.012321417953415,13.457501862414436,up,down,down,up,-0.0279977061308253,-0.0082902130069069,2.901910738746172,31.729911097952492,26.094
5.875,-0.5891494263286283,0.0456099382613089,2.021882706548495,13.471658801238359,up,down,down,up,-0.0279977061308253,-0.0082902130069069,2.901910738746172,31.729911097952492,26.11
5.890000000000001,-0.5907317304114734,0.07748923272551059,2.0308561684191497,13.484791920757285,up,down,down,up,-0.0279977061308253,-0.0082902130069069,2.901910738746172,31.729911097952492,26.125
5.905999999999999,-0.5923070063153588,0.0704570378620229,2.040453121721074,13.498652018256106,up,down,down,up,-0.0279977061308253,-0.0082902130069069,2.901910738746172,31.729911097952492,26.141
5.920999999999999,-0.5936630254978397,0.062403572701227907,2.0494722501547766,13.511506239048227,up,down,down,up,-0.0279977061308253,-0.0082902130069069,2.901910738746172,31.729911097952492,26.156
5.937000000000001,-0.5937830839686402,0.020494051705792198,2.0591044624386203,13.525068197167418,up,down,down,up,-0.0279977061308253,-0.0082902130069069,2.901910738746172,31.729911097952492,26.172
5.968,-0.5936758044573001,0.0314583355288948,2.0777670718124357,13.550905921287661,up,down,down,up,-0.0279977061308253,-0.0082902130069069,2.901910738746172,31.729911097952492,26.203
5.984000000000002,-0.5935451498092075,0.0361636216366111,2.087397482854679,13.564015176670257,up,down,down,up,-0.0279977061308253,-0.0082902130069069,2.901910738746172,31.729911097952492,26.219
6.0,-0.5929114540690286,0.0676036898920114,2.0970217790938146,13.576970394394603,up,down,down,up,-0.0279977061308253,-0.0082902130069069,2.901910738746172,31.729911097952492,26.235
6.015000000000001,-0.5930699368249837,0.017432189067153,2.1060409927206236,13.588976084687186,up,down,down,up,-0.0279977061308253,-0.0082902130069069,2.901910738746172,31.729911097952492,26.25
6.030999999999999,-0.5931915865777064,0.020394596585651098,2.1156637283159547,13.601633018738834,up,down,down,up,-0.0279977061308253,-0.0082902130069069,2.901910738746172,31.729911097952492,26.266
6.045999999999999,-0.5924608556967232,0.07671309819636929,2.124680474828117,13.613359098296446,up,down,down,up,-0.0279977061308253,-0.0082902130069069,2.901910738746172,31.729911097952492,26.281
6.062000000000001,-0.59177233404397,0.0710303094278978,2.134286983754154,13.625717930447724,up,down,down,up,-0.0279977061308253,-0.0082902130069069,2.901910738746172,31.729911097952492,26.297
6.093,-0.592575087539501,0.0,2.1529013653919113,13.649225743937091,up,down,down,up,-0.0279977061308253,-0.0082902130069069,2.901910738746172,31.729911097952492,26.328
6.109000000000002,-0.5932081137007703,0.011566428948498804,2.1625202744099448,13.66113294263862,up,down,down,up,-0.0279977061308253,-0.0082902130069069,2.901910738746172,31.729911097952492,26.344
6.125,-0.5928260480992211,0.051876806227652,2.172141191112454,13.67288622273438,up,down,down,up,-0.0279977061308253,-0.0082902130069069,2.901910738746172,31.729911097952492,26.36
6.140000000000001,-0.5950509402365007,0.1203284363544764,2.1811746217200763,13.683765015219326,up,down,down,up,-0.0279977061308253,-0.0082902130069069,2.901910738746172,31.729911097952492,26.375
6.170999999999999,-0.5956196875772495,0.0,2.199887013054403,13.705817792781449,up,down,down,up,-0.0279977061308253,-0.0082902130069069,2.901910738746172,31.729911097952492,26.406
6.187000000000001,-0.5961513548672421,0.0,2.2095538248020703,13.716972837898535,up,down,down,up,-0.0279977061308253,-0.0082902130069069,2.901910738746172,31.729911097952492,26.422
6.202999999999999,-0.5962684628549955,0.0206784568962415,2.2192258267519573,13.727973172506037,up,down,down,up,-0.0279977061308253,-0.0082902130069069,2.901910738746172,31.729911097952492,26.438
6.218,-0.595763591195972,0.0616558167323883,2.228290420352444,13.738145461733946,up,down,down,up,-0.0279977061308253,-0.0082902130069069,2.901910738746172,31.729911097952492,26.453
6.234000000000002,-0.5952715467052787,0.0587504867991523,2.2379513448637653,13.748846099432154,up,down,down,up,-0.0279977061308253,-0.0082902130069069,2.901910738746172,31.729911097952492,26.469
6.265000000000001,-0.5924561611932333,0.11881659361616459,2.2566181209394056,13.769139505613335,up,down,down,up,-0.0279977061308253,-0.0082902130069069,2.901910738746172,31.729911097952492,26.5
6.280999999999999,-0.5909838908906746,0.12001460004075401,2.2662182847641863,13.779387386187647,up,down,down,up,-0.0279977061308253,-0.0082902130069069,2.901910738746172,31.729911097952492,26.516
6.295999999999999,-0.5895368843266748,0.12446481039747259,2.2751965437734203,13.788855436054806,up,down,down,up,-0.0279977061308253,-0.0082902130069069,2.901910738746172,31.729911097952492,26.531
6.312000000000001,-0.5866201715173407,0.2102922567141888,2.2847384436282843,13.798806527975525,up,down,down,up,-0.0279977061308253,-0.0082902130069069,2.901910738746172,31.729911097952492,26.547
6.327999999999999,-0.5859674189952635,0.0687947387606543,2.2942517877604947,13.808605177944361,up,down,down,up,-0.0279977061308253,-0.0082902130069069,2.901910738746172,31.729911097952492,26.563
6.359000000000002,-0.5852934563520176,0.049738436558111596,2.3126633279315927,13.82715722655227,up,down,down,up,-0.0279977061308253,-0.0082902130069069,2.901910738746172,31.729911097952492,26.594
6.375,-0.5847127423030294,0.0642923341925908,2.3221560209289427,13.836509243581315,up,down,down,up,-0.0279977061308253,-0.0082902130069069,2.901910738746172,31.729911097952492,26.61
6.390000000000001,-0.584165569624659,0.0644758846888468,2.3310469614635045,13.845138882294574,up,down,down,up,-0.0279977061308253,-0.0082902130069069,2.901910738746172,31.729911097952492,26.625
6.405999999999999,-0.5853771301200457,0.0477248248308468,2.3405359464695716,13.854196790851045,up,down,down,up,-0.0279977061308253,-0.0082902130069069,2.901910738746172,31.729911097952492,26.641
6.420999999999999,-0.5847031423758029,0.0729302224136746,2.3494359017083943,13.862550663070902,up,down,down,up,-0.0279977061308253,-0.0082902130069069,2.901910738746172,31.729911097952492,26.656
6.437000000000001,-0.5841841874758043,0.0604323873807371,2.3589196437553186,13.871314390527129,up,down,down,up,-0.0279977061308253,-0.0082902130069069,2.901910738746172,31.729911097952492,26.672
6.452999999999999,-0.5836578402582973,0.0608944072250161,2.3683950233853013,13.87992644500994,up,down,down,up,-0.0279977061308253,-0.0082902130069069,2.901910738746172,31.729911097952492,26.688
6.468,-0.5821677275005417,0.1273385566478594,2.3772630683385962,13.887862670403205,up,down,down,up,-0.0279977061308253,-0.0082902130069069,2.901910738746172,31.729911097952492,26.703
6.484000000000002,-0.5801904788693033,0.1515757455832103,2.3866945773976664,13.896181581057252,up,down,down,up,-0.0279977061308253,-0.0082902130069069,2.901910738746172,31.729911097952492,26.719
6.5,-0.5782487679342445,0.1493546395720132,2.3960947347802044,13.904349838379769,up,down,down,up,-0.0279977061308253,-0.0082902130069069,2.901910738746172,31.729911097952492,26.735
6.530999999999999,-0.5752083858710613,0.1260745468786756,2.4142303172674016,13.919749032974163,up,down,down,up,-0.0279977061308253,-0.0082902130069069,2.901910738746172,31.729911097952492,26.766
6.545999999999999,-0.5727178107923852,0.1940360447092267,2.4229641169374823,13.926998735798822,up,down,down,up,-0.0279977061308253,-0.0082902130069069,2.901910738746172,31.729911097952492,26.781
6.562000000000001,-0.56921169295501,0.24713007096675071,2.432232196375573,13.934587737112256,up,down,down,up,-0.0279977061308253,-0.0082902130069069,2.901910738746172,31.729911097952492,26.797
6.577999999999999,-0.5657910901868402,0.2417853791414613,2.4414448620488174,13.942028892464801,up,down,down,up,-0.0279977061308253,-0.0082902130069069,2.901910738746172,31.729911097952492,26.813
6.593,-0.561710078268737,0.3000651673376931,2.450025474007338,13.948871526025581,up,down,down,up,-0.0279977061308253,-0.0082902130069069,2.901910738746172,31.729911097952492,26.828
6.609000000000002,-0.5577589467612292,0.2749434253500358,2.4591138696156896,13.956028983096527,up,down,down,up,-0.0279977061308253,-0.0082902130069069,2.901910738746172,31.729911097952492,26.844
6.625,-0.5551072515617701,0.1937286560970354,2.468149442610383,13.963041448418654,up,down,down,up,-0.0279977061308253,-0.0082902130069069,2.901910738746172,31.729911097952492,26.86
6.640000000000001,-0.5520729252841914,0.2302861246360652,2.4765776471318315,13.969484656326781,up,down,down,up,-0.0279977061308253,-0.0082902130069069,2.901910738746172,31.729911097952492,26.875
6.655999999999999,-0.5490763071573816,0.21528633905645442,2.4855194843994735,13.976218451094471,up,down,down,up,-0.0279977061308253,-0.0082902130069069,2.901910738746172,31.729911097952492,26.891
6.670999999999999,-0.5462972783182654,0.2132662954052378,2.493859139485645,13.982401772496527,up,down,down,up,-0.0279977061308253,-0.0082902130069069,2.901910738746172,31.729911097952492,26.906
6.702999999999999,-0.5445575939336234,0.0823628431508878,2.511578104257896,13.995175920236509,up,down,down,up,-0.0279977061308253,-0.0082902130069069,2.901910738746172,31.729911097952492,26.938
6.718,-0.5427965303620184,0.1454019442378203,2.5198576133852173,14.000968813435382,up,down,down,up,-0.0279977061308253,-0.0082902130069069,2.901910738746172,31.729911097952492,26.953
6.734000000000002,-0.5370621111749987,0.38639890531951443,2.528629125925625,14.007011491340837,up,down,down,up,-0.0279977061308253,-0.0082902130069069,2.901910738746172,31.729911097952492,26.969
6.75,-0.5338738022242815,0.22726701555067222,2.5373292566409287,14.01291439610024,up,down,down,up,-0.0279977061308253,-0.0082902130069069,2.901910738746172,31.729911097952492,26.985
6.765000000000001,-0.5302681238868985,0.26837626195635017,2.5454346742818665,14.018322327699511,up,down,down,up,-0.0279977061308253,-0.0082902130069069,2.901910738746172,31.729911097952492,27.0
6.780999999999999,-0.526750528630636,0.2478474096472554,2.5540234669101163,14.023957234389915,up,down,down,up,-0.0279977061308253,-0.0082902130069069,2.901910738746172,31.729911097952492,27.016
6.795999999999999,-0.5204328716355704,0.449174839135182,2.5620016956072167,14.029115706752226,up,down,down,up,-0.0279977061308253,-0.0082902130069069,2.901910738746172,31.729911097952492,27.031
6.812000000000001,-0.5166503371939708,0.26440610873077347,2.5704310046859646,14.034486816969821,up,down,down,up,-0.0279977061308253,-0.0082902130069069,2.901910738746172,31.729911097952492,27.047
6.827999999999999,-0.5111952999895166,0.3689375314092485,2.5787864131915423,14.039723649446739,up,down,down,up,-0.0279977061308253,-0.0082902130069069,2.901910738746172,31.729911097952492,27.063
6.859000000000002,-0.5069711669401773,0.1642600625611158,2.594824990032168,14.0494919055979,up,down,down,up,-0.0279977061308253,-0.0082902130069069,2.901910738746172,31.729911097952492,27.094
6.875,-0.502874485637065,0.28404028757536903,2.6030363986608953,14.054339586308291,up,down,down,up,-0.0279977061308253,-0.0082902130069069,2.901910738746172,31.729911097952492,27.11
6.890000000000001,-0.49764163302309505,0.3768545470621451,2.6106646227459502,14.05876548972893,up,down,down,up,-0.0279977061308253,-0.0082902130069069,2.901910738746172,31.729911097952492,27.125
6.920999999999999,-0.4915314926334915,0.2250990090212702,2.626253802796841,14.067552487034146,up,down,down,up,-0.0279977061308253,-0.0082902130069069,2.901910738746172,31.729911097952492,27.156
6.952999999999999,-0.4858625551148812,0.2051520035873972,2.642157394377036,14.076119051519239,up,down,down,up,-0.0279977061308253,-0.0082902130069069,2.901910738746172,31.729911097952492,27.188
6.968,-0.4773703772729085,0.594142895595647,2.649505994565048,14.079960237183368,up,down,down,up,-0.0279977061308253,-0.0082902130069069,2.901910738746172,31.729911097952492,27.203
6.984000000000002,-0.4690886531628173,0.5456054630114676,2.6572103102166453,14.083937078565054,up,down,down,up,-0.0279977061308253,-0.0082902130069069,2.901910738746172,31.729911097952492,27.219
7.0,-0.4636545279990969,0.3676305288633901,2.6648048990740505,14.087791528710671,up,down,down,up,-0.0279977061308253,-0.0082902130069069,2.901910738746172,31.729911097952492,27.235
7.015000000000001,-0.45813600013371847,0.3958995638227067,2.6718426812301503,14.091295332939577,up,down,down,up,-0.0279977061308253,-0.0082902130069069,2.901910738746172,31.729911097952492,27.25
7.030999999999999,-0.4527342413975148,0.3656076271435895,2.67926228657051,14.09491706501711,up,down,down,up,-0.0279977061308253,-0.0082902130069069,2.901910738746172,31.729911097952492,27.266
7.045999999999999,-0.4459019543088143,0.48348351204417733,2.6861264112334116,14.098205310864781,up,down,down,up,-0.0279977061308253,-0.0082902130069069,2.901910738746172,31.729911097952492,27.281
7.062000000000001,-0.438405458531161,0.4965286922341055,2.6933335139442427,14.101600203283294,up,down,down,up,-0.0279977061308253,-0.0082902130069069,2.901910738746172,31.729911097952492,27.297
7.077999999999999,-0.4312167982907411,0.4772889711571162,2.7004231354069272,14.104880721908426,up,down,down,up,-0.0279977061308253,-0.0082902130069069,2.901910738746172,31.729911097952492,27.313
7.093,-0.42415661203625277,0.4986767897633636,2.706962789179484,14.107853988555231,up,down,down,up,-0.0279977061308253,-0.0082902130069069,2.901910738746172,31.729911097952492,27.328
7.109000000000002,-0.4173209771442128,0.455224886883276,2.7138272533010386,14.110918240035321,up,down,down,up,-0.0279977061308253,-0.0082902130069069,2.901910738746172,31.729911097952492,27.344
7.140000000000001,-0.4107942554136645,0.23853711679368,2.726920036008899,14.116545889952146,up,down,down,up,-0.0279977061308253,-0.0082902130069069,2.901910738746172,31.729911097952492,27.375
7.155999999999999,-0.4043127195988241,0.4330936945583984,2.733573535217109,14.119292513202279,up,down,down,up,-0.0279977061308253,-0.0082902130069069,2.901910738746172,31.729911097952492,27.391
7.170999999999999,-0.3964853465707598,0.5498225746684218,2.7397038739084847,14.121771593715028,up,down,down,up,-0.0279977061308253,-0.0082902130069069,2.901910738746172,31.729911097952492,27.406
7.202999999999999,-0.3888742803919847,0.2658435242175488,2.75253491475611,14.126756916736273,up,down,down,up,-0.0279977061308253,-0.0082902130069069,2.901910738746172,31.729911097952492,27.438
7.218,-0.3806881707374021,0.5737383497696414,2.758430986334684,14.128953333559284,up,down,down,up,-0.0279977061308253,-0.0082902130069069,2.901910738746172,31.729911097952492,27.453
7.25,-0.3744122343407117,0.2241207185274014,2.770777879632155,14.133347135343694,up,down,down,up,-0.0279977061308253,-0.0082902130069069,2.901910738746172,31.729911097952492,27.485
7.265000000000001,-0.36570243130365476,0.6086512419345985,2.776453092819591,14.135271564131497,up,down,down,up,-0.0279977061308253,-0.0082902130069069,2.901910738746172,31.729911097952492,27.5
7.280999999999999,-0.358122146606977,0.5017654996732341,2.7823763328509865,14.137231500546068,up,down,down,up,-0.0279977061308253,-0.0082902130069069,2.901910738746172,31.729911097952492,27.516
7.295999999999999,-0.35066290074037987,0.5252807639039522,2.7878165739011953,14.138983714826619,up,down,down,up,-0.0279977061308253,-0.0082902130069069,2.901910738746172,31.729911097952492,27.531
7.312000000000001,-0.3423981599839205,0.5445440034094757,2.793493705795101,14.140763804408987,up,down,down,up,-0.0279977061308253,-0.0082902130069069,2.901910738746172,31.729911097952492,27.547
7.327999999999999,-0.33473543326296706,0.5069181261904699,2.7990434179491857,14.14245407923897,up,down,down,up,-0.0279977061308253,-0.0082902130069069,2.901910738746172,31.729911097952492,27.563
7.343,-0.3272607451399327,0.5263102476664272,2.8041327424823113,14.14395891911693,up,down,down,up,-0.0279977061308253,-0.0082902130069069,2.901910738746172,31.729911097952492,27.578
7.375,-0.3202857447688991,0.2459664677256251,2.814758773137074,14.146917798506895,up,down,down,up,-0.0279977061308253,-0.0082902130069069,2.901910738746172,31.729911097952492,27.61
7.390000000000001,-0.31358017132065896,0.4750359360134875,2.819637120702849,14.148188490384289,up,down,down,up,-0.0279977061308253,-0.0082902130069069,2.901910738746172,31.729911097952492,27.625
7.405999999999999,-0.30646280646677226,0.4728330094987929,2.8247301079332585,14.14946412437514,up,down,down,up,-0.0279977061308253,-0.0082902130069069,2.901910738746172,31.729911097952492,27.641
7.420999999999999,-0.2994884711473453,0.4929533940926028,2.8293990957104684,14.150586816429001,up,down,down,up,-0.0279977061308253,-0.0082902130069069,2.901910738746172,31.729911097952492,27.656
7.437000000000001,-0.29381891016104866,0.3823452677743277,2.8342781981690464,14.15170796989791,up,down,down,up,-0.0279977061308253,-0.0082902130069069,2.901910738746172,31.729911097952492,27.672
7.452999999999999,-0.2868951058922064,0.4607354729335107,2.8390565537055825,14.152751863702843,up,down,down,up,-0.0279977061308253,-0.0082902130069069,2.901910738746172,31.729911097952492,27.688
7.468,-0.2806772378395141,0.44252224297696363,2.8434376994786743,14.153661817885155,up,down,down,up,-0.0279977061308253,-0.0082902130069069,2.901910738746172,31.729911097952492,27.703
7.484000000000002,-0.2740731752193017,0.4407516198940543,2.8480083461912558,14.154560821339732,up,down,down,up,-0.0279977061308253,-0.0082902130069069,2.901910738746172,31.729911097952492,27.719
7.5,-0.2675439158072574,0.4360764193836388,2.852473926327578,14.155387534979521,up,down,down,up,-0.0279977061308253,-0.0082902130069069,2.901910738746172,31.729911097952492,27.735
7.515000000000001,-0.26168204554908486,0.4187890566756458,2.8565674742328544,14.156098385556508,up,down,down,up,-0.0279977061308253,-0.0082902130069069,2.901910738746172,31.729911097952492,27.75
7.530999999999999,-0.25325023440190186,0.5549859028298243,2.8608195758805723,14.15678986097554,up,down,down,up,-0.0279977061308253,-0.0082902130069069,2.901910738746172,31.729911097952492,27.766
7.562000000000001,-0.24589845084950918,0.265152014272505,2.8688133771051842,14.157939783105395,up,down,down,up,-0.0279977061308253,-0.0082902130069069,2.901910738746172,31.729911097952492,27.797
7.593,-0.2378744843288718,0.28683533582881643,2.8765688542036627,14.158845591421237,up,down,down,up,-0.0279977061308253,-0.0082902130069069,2.901910738746172,31.729911097952492,27.828
7.609000000000002,-0.23079078967469788,0.4707286220166451,2.8804508198038024,14.159220005849118,up,down,down,up,-0.0279977061308253,-0.0082902130069069,2.901910738746172,31.729911097952492,27.844
7.625,-0.22390554343183489,0.4583255963098114,2.8842210338767647,14.159533202839615,up,down,down,up,-0.0279977061308253,-0.0082902130069069,2.901910738746172,31.729911097952492,27.86
7.640000000000001,-0.21842133963456148,0.3936112926156997,2.887662838694866,14.159772734876515,up,down,down,up,-0.0279977061308253,-0.0082902130069069,2.901910738746172,31.729911097952492,27.875
7.670999999999999,-0.21346583212498338,0.1878527870849663,2.8946140864603533,14.16010667543775,up,down,down,up,-0.0279977061308253,-0.0082902130069069,2.901910738746172,31.729911097952492,27.906
7.687000000000001,-0.2092376736289161,0.29225761213500073,2.898128357914495,14.16019530770269,up,down,down,up,-0.0279977061308253,-0.0082902130069069,2.901910738746172,31.729911097952492,27.922
7.702999999999999,-0.2042854587571234,0.3375111356178999,2.9015691863816935,14.160228299168256,up,down,down,up,-0.0279977061308253,-0.0082902130069069,2.901910738746172,31.729911097952492,27.938
7.718,-0.19888946188147288,0.387730831174179,2.9047173514815867,14.160209811215477,up,down,down,up,-0.0279977061308253,-0.0082902130069069,2.901910738746172,31.729911097952492,27.953
7.75,-0.19408863905479729,0.17802341946443762,2.9112702879127883,14.160015152625046,up,down,down,up,-0.0279977061308253,-0.0082902130069069,2.901910738746172,31.729911097952492,27.985
7.765000000000001,-0.1891538307984799,0.3569849232186411,2.9142689596317917,14.15985226934966,up,down,down,up,-0.0279977061308253,-0.0082902130069069,2.901910738746172,31.729911097952492,28.0
7.780999999999999,-0.1843800973256169,0.3263560481847974,2.9173898744648943,14.159629570496815,up,down,down,up,-0.0279977061308253,-0.0082902130069069,2.901910738746172,31.729911097952492,28.016
7.795999999999999,-0.1805151664294673,0.2856597658741214,2.9202509421381615,14.159375925453485,up,down,down,up,-0.0279977061308253,-0.0082902130069069,2.901910738746172,31.729911097952492,28.031
7.812000000000001,-0.1771902331171979,0.2358060381476365,2.9232452287426454,14.159058527906378,up,down,down,up,-0.0279977061308253,-0.0082902130069069,2.901910738746172,31.729911097952492,28.047
7.827999999999999,-0.1719412301355234,0.356060392485519,2.9261709238567772,14.158693770505518,up,down,down,up,-0.0279977061308253,-0.0082902130069069,2.901910738746172,31.729911097952492,28.063
7.843,-0.16680783011607758,0.3702243740938686,2.9288358950037683,14.158309880445255,up,down,down,up,-0.0279977061308253,-0.0082902130069069,2.901910738746172,31.729911097952492,28.078
7.859000000000002,-0.1635391794790237,0.2322883709466673,2.9316113144886398,14.15785687458926,up,down,down,up,-0.0279977061308253,-0.0082902130069069,2.901910738746172,31.729911097952492,28.094
7.875,-0.1590728487489041,0.3071433767633307,2.9343248541225733,14.157359957060311,up,down,down,up,-0.0279977061308253,-0.0082902130069069,2.901910738746172,31.729911097952492,28.11
7.890000000000001,-0.15475507932819,0.3158490008450915,2.9368029167782552,14.156855159859742,up,down,down,up,-0.0279977061308253,-0.0082902130069069,2.901910738746172,31.729911097952492,28.125
7.905999999999999,-0.15320158872285458,0.12509086896429739,2.939399213530774,14.156276114637205,up,down,down,up,-0.0279977061308253,-0.0082902130069069,2.901910738746172,31.729911097952492,28.141
7.937000000000001,-0.1506241778441648,0.11113999254016699,2.944365509515777,14.155036994331116,up,down,down,up,-0.0279977061308253,-0.0082902130069069,2.901910738746172,31.729911097952492,28.172
7.952999999999999,-0.1480929703824607,0.1861981724873489,2.9468878901097004,14.15433753895405,up,down,down,up,-0.0279977061308253,-0.0082902130069069,2.901910738746172,31.729911097952492,28.188
7.968,-0.1463899744372732,0.1415307691433226,2.949220865390952,14.15364538436899,up,down,down,up,-0.0279977061308253,-0.0082902130069069,2.901910738746172,31.729911097952492,28.203
7.984000000000002,-0.1447285149785546,0.1318389223007224,2.9516824567143893,14.152868729612084,up,down,down,up,-0.0279977061308253,-0.0082902130069069,2.901910738746172,31.729911097952492,28.219
8.0,-0.14183770258077288,0.2086734809922059,2.9541076298629743,14.152052980739395,up,down,down,up,-0.0279977061308253,-0.0082902130069069,2.901910738746172,31.729911097952492,28.235
8.015,-0.1389935973798994,0.217604719522379,2.956338217807783,14.15125329796307,up,down,down,up,-0.0279977061308253,-0.0082902130069069,2.901910738746172,31.729911097952492,28.25
8.030999999999999,-0.1347794090112675,0.2913844791703522,2.958661045267023,14.150363875678405,up,down,down,up,-0.0279977061308253,-0.0082902130069069,2.901910738746172,31.729911097952492,28.266
8.046,-0.13066732567430428,0.3021365952616965,2.960776248972268,14.149496757052805,up,down,down,up,-0.0279977061308253,-0.0082902130069069,2.901910738746172,31.729911097952492,28.281
8.062000000000001,-0.1269007134943827,0.2634109673758977,2.9629694366937285,14.148537363387415,up,down,down,up,-0.0279977061308253,-0.0082902130069069,2.901910738746172,31.729911097952492,28.297
8.078,-0.1232742200703356,0.2546535451337929,2.9651034795703564,14.147543351877243,up,down,down,up,-0.0279977061308253,-0.0082902130069069,2.901910738746172,31.729911097952492,28.313
8.109000000000002,-0.1197029078459159,0.1432013262733856,2.969126621656273,14.145522018209359,up,down,down,up,-0.0279977061308253,-0.0082902130069069,2.901910738746172,31.729911097952492,28.344
8.125,-0.11671965665967039,0.214450905271192,2.9711506455804275,14.144430371891406,up,down,down,up,-0.0279977061308253,-0.0082902130069069,2.901910738746172,31.729911097952492,28.36
8.14,-0.1136374386041598,0.23347890983152192,2.97300267699001,14.143377883053315,up,down,down,up,-0.0279977061308253,-0.0082902130069069,2.901910738746172,31.729911097952492,28.375
8.155999999999999,-0.1123008421779392,0.11153498276962429,2.9749428266443774,14.142224890844187,up,down,down,up,-0.0279977061308253,-0.0082902130069069,2.901910738746172,31.729911097952492,28.391
8.171,-0.1109450083042915,0.1183866310406673,2.9767415237180974,14.141115919297658,up,down,down,up,-0.0279977061308253,-0.0082902130069069,2.901910738746172,31.729911097952492,28.406
8.187000000000001,-0.10946035538457011,0.1207885136134049,2.978637410035719,14.139903459647567,up,down,down,up,-0.0279977061308253,-0.0082902130069069,2.901910738746172,31.729911097952492,28.422
8.218,-0.1079948593157045,0.07527177286842679,2.9822649624667874,14.13746870577491,up,down,down,up,-0.0279977061308253,-0.0082902130069069,2.901910738746172,31.729911097952492,28.453
8.234000000000002,-0.10746079252233891,0.061376880716167696,2.9841212510896025,14.136168187886401,up,down,down,up,-0.0279977061308253,-0.0082902130069069,2.901910738746172,31.729911097952492,28.469
8.25,-0.1068025640015228,0.06913698868183571,2.9859680013499035,14.13483804568683,up,down,down,up,-0.0279977061308253,-0.0082902130069069,2.901910738746172,31.729911097952492,28.485
8.265,-0.1061839660940329,0.0692375666301551,2.987689753520724,14.133564273606485,up,down,down,up,-0.0279977061308253,-0.0082902130069069,2.901910738746172,31.729911097952492,28.5
8.280999999999999,-0.1040874093157739,0.1590325047720228,2.989504567932113,14.132177290854802,up,down,down,up,-0.0279977061308253,-0.0082902130069069,2.901910738746172,31.729911097952492,28.516
8.296,-0.10045575354829771,0.27010809062923347,2.991162994848697,14.13085094521514,up,down,down,up,-0.0279977061308253,-0.0082902130069069,2.901910738746172,31.729911097952492,28.531
8.312000000000001,-0.0972477598365149,0.2284973131172291,2.992877266363886,14.129409194945378,up,down,down,up,-0.0279977061308253,-0.0082902130069069,2.901910738746172,31.729911097952492,28.547
8.328,-0.0940913923451383,0.2252706743418845,2.99454062298945,14.12794042365049,up,down,down,up,-0.0279977061308253,-0.0082902130069069,2.901910738746172,31.729911097952492,28.563
8.359000000000002,-0.09072771816136971,0.136503324962062,2.997662315805515,14.125020511000297,up,down,down,up,-0.0279977061308253,-0.0082902130069069,2.901910738746172,31.729911097952492,28.594
8.375,-0.0874845073166188,0.23069838392777742,2.999220657017449,14.12347601903765,up,down,down,up,-0.0279977061308253,-0.0082902130069069,2.901910738746172,31.729911097952492,28.61
8.39,-0.0854332612970569,0.1647474407682773,3.0006418934771553,14.122005710990141,up,down,down,up,-0.0279977061308253,-0.0082902130069069,2.901910738746172,31.729911097952492,28.625
8.405999999999999,-0.0814685222751681,0.2757938949989072,3.0021097511538435,14.120414269653029,up,down,down,up,-0.0279977061308253,-0.0082902130069069,2.901910738746172,31.729911097952492,28.641
8.421,-0.0775991621882212,0.285955045260604,3.0034271119824227,14.1189014042607,up,down,down,up,-0.0279977061308253,-0.0082902130069069,2.901910738746172,31.729911097952492,28.656
8.437000000000001,-0.0760625270909116,0.12403739971266531,3.0047890489047666,14.117266246793537,up,down,down,up,-0.0279977061308253,-0.0082902130069069,2.901910738746172,31.729911097952492,28.672
8.468,-0.0742043366434952,0.0879393334668411,3.007375181895864,14.11403693411727,up,down,down,up,-0.0279977061308253,-0.0082902130069069,2.901910738746172,31.729911097952492,28.703
8.484000000000002,-0.07313593745471181,0.0947726554297822,3.00868654749676,14.112339012102058,up,down,down,up,-0.0279977061308253,-0.0082902130069069,2.901910738746172,31.729911097952492,28.719
8.5,-0.0726335496158139,0.0593969460619467,3.0099853468014346,14.11062020876761,up,down,down,up,-0.0279977061308253,-0.0082902130069069,2.901910738746172,31.729911097952492,28.735
8.515,-0.0710490902741565,0.1336283289079817,3.011187319795713,14.108990074849327,up,down,down,up,-0.0279977061308253,-0.0082902130069069,2.901910738746172,31.729911097952492,28.75
8.546,-0.06950517897971581,0.0778012962740739,3.013622907572362,14.10556474922625,up,down,down,up,-0.0279977061308253,-0.0082902130069069,2.901910738746172,31.729911097952492,28.781
8.562000000000001,-0.06840733974275891,0.0966126584406265,3.0148588511302528,14.103767466976567,up,down,down,up,-0.0279977061308253,-0.0082902130069069,2.901910738746172,31.729911097952492,28.797
8.578,-0.065427755927514,0.2142216945836507,3.016062175303725,14.101950670585037,up,down,down,up,-0.0279977061308253,-0.0082902130069069,2.901910738746172,31.729911097952492,28.813
8.593,-0.0625120895464395,0.2223754648691208,3.0171460773398833,14.100230269771405,up,down,down,up,-0.0279977061308253,-0.0082902130069069,2.901910738746172,31.729911097952492,28.828
8.609000000000002,-0.06055842186590431,0.1501019361642601,3.0182632848392927,14.098377566693909,up,down,down,up,-0.0279977061308253,-0.0082902130069069,2.901910738746172,31.729911097952492,28.844
8.625,-0.0578017233941512,0.20029136061541192,3.0193428094094834,14.09650728975986,up,down,down,up,-0.0279977061308253,-0.0082902130069069,2.901910738746172,31.729911097952492,28.86
8.64,-0.05510157846466511,0.2080073680965594,3.0203139373685284,14.09473852524022,up,down,down,up,-0.0279977061308253,-0.0082902130069069,2.901910738746172,31.729911097952492,28.875
8.655999999999999,-0.0536697963749333,0.1174840867390742,3.0213167517753554,14.092836051547,up,down,down,up,-0.0279977061308253,-0.0082902130069069,2.901910738746172,31.729911097952492,28.891
8.671,-0.0526400946160699,0.09664449005504999,3.0222384291528916,14.091038048771228,up,down,down,up,-0.0279977061308253,-0.0082902130069069,2.901910738746172,31.729911097952492,28.906
8.703,-0.053019985127559,0.0161261276467903,3.0241942772450106,14.08715626910875,up,down,down,up,-0.0279977061308253,-0.0082902130069069,2.901910738746172,31.729911097952492,28.938
8.734000000000002,-0.0525155668406771,0.0442692637721743,3.0260870749037325,14.083336141051571,up,down,down,up,-0.0279977061308253,-0.0082902130069069,2.901910738746172,31.729911097952492,28.969
8.75,-0.0520430856492719,0.0575277805936531,3.027056187531763,14.081341566772029,up,down,down,up,-0.0279977061308253,-0.0082902130069069,2.901910738746172,31.729911097952492,28.985
8.765,-0.0512713500801531,0.0794467440720769,3.027955398994837,14.07945764095427,up,down,down,up,-0.0279977061308253,-0.0082902130069069,2.901910738746172,31.729911097952492,29.0
8.780999999999999,-0.0493209249262634,0.1498992782489492,3.028392780602999,14.077437427337426,up,down,down,up,-0.0279977061308253,-0.0082902130069069,2.901910738746172,31.729911097952492,29.016
8.796,-0.0482006740110367,0.1026811004792628,3.028748545790132,14.07553752847068,up,down,down,up,-0.0279977061308253,-0.0082902130069069,2.901910738746172,31.729911097952492,29.031
8.828,-0.0456611258429369,0.1073585863839461,3.030015621404017,14.071458445435443,up,down,down,up,-0.0279977061308253,-0.0082902130069069,2.901910738746172,31.729911097952492,29.063
8.843,-0.044111582274581396,0.131300610687852,3.030313269910002,14.06953463983179,up,down,down,up,-0.0279977061308253,-0.0082902130069069,2.901910738746172,31.729911097952492,29.078
8.859000000000002,-0.0426109911221246,0.12178465315936599,3.030639693905286,14.067477587941202,up,down,down,up,-0.0279977061308253,-0.0082902130069069,2.901910738746172,31.729911097952492,29.094
8.875,-0.041053718488994306,0.1253272457014812,3.0309416549902854,14.06541550896998,up,down,down,up,-0.0279977061308253,-0.0082902130069069,2.901910738746172,31.729911097952492,29.11
8.89,-0.03876381085291131,0.1806582152030157,3.0311646396554535,14.06347837284132,up,down,down,up,-0.0279977061308253,-0.0082902130069069,2.901910738746172,31.729911097952492,29.125
8.921,-0.0382510805236862,0.0445373941703473,3.0321153670750047,14.059456765638128,up,down,down,up,-0.0279977061308253,-0.0082902130069069,2.901910738746172,31.729911097952492,29.156
8.937000000000001,-0.0373229938531256,0.08600312304085289,3.0323526030781296,14.057371593696839,up,down,down,up,-0.0279977061308253,-0.0082902130069069,2.901910738746172,31.729911097952492,29.172
8.953,-0.0361998813989146,0.0981922345190229,3.0325734294882567,14.055282757256247,up,down,down,up,-0.0279977061308253,-0.0082902130069069,2.901910738746172,31.729911097952492,29.188
8.968,-0.035116815988509104,0.10020206682452129,3.032732657913766,14.053321622681924,up,down,down,up,-0.0279977061308253,-0.0082902130069069,2.901910738746172,31.729911097952492,29.203
8.984000000000002,-0.0354309912779093,0.0,3.032929683780008,14.051226895768313,up,down,down,up,-0.0279977061308253,-0.0082902130069069,2.901910738746172,31.729911097952492,29.219
9.0,-0.0360316850253212,0.0,3.033134028598544,14.04912895788922,up,down,down,up,-0.0279977061308253,-0.0082902130069069,2.901910738746172,31.729911097952492,29.235
9.030999999999999,-0.0335309901941194,0.10866528133088821,3.0339692466676595,14.045048090023723,up,down,down,up,-0.0279977061308253,-0.0082902130069069,2.901910738746172,31.729911097952492,29.266
9.046,-0.0330783733949591,0.058172159408178103,3.0340931700896814,14.043066282979236,up,down,down,up,-0.0279977061308253,-0.0082902130069069,2.901910738746172,31.729911097952492,29.281
9.062000000000001,-0.032652310932379,0.0546266100420744,3.0342516589724107,14.040950096166679,up,down,down,up,-0.0279977061308253,-0.0082902130069069,2.901910738746172,31.729911097952492,29.297
9.078,-0.031413702506707594,0.1054107327353008,3.0343968304880335,14.038831480070936,up,down,down,up,-0.0279977061308253,-0.0082902130069069,2.901910738746172,31.729911097952492,29.313
9.093,-0.0312217305356963,0.0407958375315771,3.034490949430955,14.036843482802734,up,down,down,up,-0.0279977061308253,-0.0082902130069069,2.901910738746172,31.729911097952492,29.328
9.109000000000002,-0.029258287095524704,0.1507129211415384,3.0346074329801156,14.03472126756338,up,down,down,up,-0.0279977061308253,-0.0082902130069069,2.901910738746172,31.729911097952492,29.344
9.125,-0.027339993289915602,0.1478910689814034,3.0346928626313097,14.032597437018428,up,down,down,up,-0.0279977061308253,-0.0082902130069069,2.901910738746172,31.729911097952492,29.36
9.14,-0.0258900796987049,0.12465861221153601,3.0347164413738277,14.03060552831958,up,down,down,up,-0.0279977061308253,-0.0082902130069069,2.901910738746172,31.729911097952492,29.375
9.155999999999999,-0.0265294089789485,0.011960373884402298,3.0347684406913595,14.028480221082997,up,down,down,up,-0.0279977061308253,-0.0082902130069069,2.901910738746172,31.729911097952492,29.391
9.187000000000001,-0.0271935094083559,0.0,3.035358142529577,14.024352491944203,up,down,down,up,-0.0279977061308253,-0.0082902130069069,2.901910738746172,31.729911097952492,29.422
9.203,-0.0277089759012376,0.0,3.035430005820164,14.022216758577347,up,down,down,up,-0.0279977061308253,-0.0082902130069069,2.901910738746172,31.729911097952492,29.438
9.218,-0.026424084665912003,0.11365712181919549,3.0354603569695215,14.020213741937614,up,down,down,up,-0.0279977061308253,-0.0082902130069069,2.901910738746172,31.729911097952492,29.453
9.234000000000002,-0.025153764625526803,0.1073927086548905,3.0355056231719635,14.018076585916422,up,down,down,up,-0.0279977061308253,-0.0082902130069069,2.901910738746172,31.729911097952492,29.469
9.25,-0.0267719248332749,0.07313730685344061,3.035553672095744,14.01593868337422,up,down,down,up,-0.0279977061308253,-0.0082902130069069,2.901910738746172,31.729911097952492,29.485
9.265,-0.026934253956028397,0.0171757646139264,3.0355808216317675,14.013933835752457,up,down,down,up,-0.0279977061308253,-0.0082902130069069,2.901910738746172,31.729911097952492,29.5
9.280999999999999,-0.0271058284184526,0.017274302229310597,3.035645785698874,14.011794594713745,up,down,down,up,-0.0279977061308253,-0.0082902130069069,2.901910738746172,31.729911097952492,29.516
9.296,-0.026000393066199803,0.1016933962810109,3.0356684355551127,14.009788399135541,up,down,down,up,-0.0279977061308253,-0.0082902130069069,2.901910738746172,31.729911097952492,29.531
9.312000000000001,-0.0239110980696892,0.1585786434127206,3.03570037089231,14.007648020503897,up,down,down,up,-0.0279977061308253,-0.0082902130069069,2.901910738746172,31.729911097952492,29.547
9.328,-0.021901419248422302,0.1536026324600205,3.0356995144389654,14.005507393241185,up,down,down,up,-0.0279977061308253,-0.0082902130069069,2.901910738746172,31.729911097952492,29.563
9.343,-0.0182779437141196,0.2695627417509998,3.035625212856288,14.003501118867671,up,down,down,up,-0.0279977061308253,-0.0082902130069069,2.901910738746172,31.729911097952492,29.578
9.359000000000002,-0.0167032919796828,0.1264134395331159,3.0355377061499493,14.00136238733555,up,down,down,up,-0.0279977061308253,-0.0082902130069069,2.901910738746172,31.729911097952492,29.594
9.375,-0.015169766837543001,0.1238430275145721,3.0354253340285973,13.99922525483407,up,down,down,up,-0.0279977061308253,-0.0082902130069069,2.901910738746172,31.729911097952492,29.61
9.39,-0.014440755640693501,0.0765984525874519,3.0352717661422877,13.997223687663972,up,down,down,up,-0.0279977061308253,-0.0082902130069069,2.901910738746172,31.729911097952492,29.625
9.421,-0.013087461987753402,0.0716523400966374,3.035455450118743,13.993086648713057,up,down,down,up,-0.0279977061308253,-0.0082902130069069,2.901910738746172,31.729911097952492,29.656
9.437000000000001,-0.0141261173518199,0.036918254123320095,3.03530580216157,13.990951130514755,up,down,down,up,-0.0279977061308253,-0.0082902130069069,2.901910738746172,31.729911097952492,29.672
9.453,-0.015143923973225101,0.035615207707011105,3.035172605900281,13.9888178750702,up,down,down,up,-0.0279977061308253,-0.0082902130069069,2.901910738746172,31.729911097952492,29.688
9.468,-0.0153847934780167,0.011939739144724699,3.035025924476269,13.98682004717357,up,down,down,up,-0.0279977061308253,-0.0082902130069069,2.901910738746172,31.729911097952492,29.703
9.484000000000002,-0.013897028928617699,0.1209829904682472,3.0348928224636325,13.98469126901799,up,down,down,up,-0.0279977061308253,-0.0082902130069069,2.901910738746172,31.729911097952492,29.719
9.515,-0.0145018971089836,0.0,3.0350900024204295,13.98056576813342,up,down,down,up,-0.0279977061308253,-0.0082902130069069,2.901910738746172,31.729911097952492,29.75
9.530999999999999,-0.014655910083888501,0.0183718951992671,3.034955908286083,13.978435972667707,up,down,down,up,-0.0279977061308253,-0.0082902130069069,2.901910738746172,31.729911097952492,29.766
9.546,-0.014836703080080199,0.015944839718047797,3.034801456079916,13.976441453516156,up,down,down,up,-0.0279977061308253,-0.0082902130069069,2.901910738746172,31.729911097952492,29.781
9.562000000000001,-0.015333150105483601,0.0,3.034675458313511,13.974316210020948,up,down,down,up,-0.0279977061308253,-0.0082902130069069,2.901910738746172,31.729911097952492,29.797
9.578,-0.013250563288375199,0.15815938220011322,3.0345367714287725,13.97219308400295,up,down,down,up,-0.0279977061308253,-0.0082902130069069,2.901910738746172,31.729911097952492,29.813
9.593,-0.0136143969561448,0.0,3.03436261182571,13.970204999709733,up,down,down,up,-0.0279977061308253,-0.0082902130069069,2.901910738746172,31.729911097952492,29.828
9.609000000000002,-0.013952521357992902,0.0,3.0342157905803337,13.968086944310425,up,down,down,up,-0.0279977061308253,-0.0082902130069069,2.901910738746172,31.729911097952492,29.844
9.625,-0.0127718402120518,0.10179027775215621,3.0340622288810044,13.965971291974679,up,down,down,up,-0.0279977061308253,-0.0082902130069069,2.901910738746172,31.729911097952492,29.86
9.64,-0.012213175569684102,0.0652420156220002,3.033873969694471,13.963990431566547,up,down,down,up,-0.0279977061308253,-0.0082902130069069,2.901910738746172,31.729911097952492,29.875
9.655999999999999,-0.0117013939861259,0.0599840551032192,3.033697929659028,13.961880428191659,up,down,down,up,-0.0279977061308253,-0.0082902130069069,2.901910738746172,31.729911097952492,29.891
9.671,-0.013272353205799399,0.07673290851407341,3.033509585958071,13.95990503290572,up,down,down,up,-0.0279977061308253,-0.0082902130069069,2.901910738746172,31.729911097952492,29.906
9.703,-0.014148395666794,0.0,3.0337136047562536,13.955690605494166,up,down,down,up,-0.0279977061308253,-0.0082902130069069,2.901910738746172,31.729911097952492,29.938
9.718,-0.013590570340737,0.0651860612012886,3.033546000196414,13.953714819538217,up,down,down,up,-0.0279977061308253,-0.0082902130069069,2.901910738746172,31.729911097952492,29.953
9.734000000000002,-0.012322043190932701,0.10728065299358511,3.0333859445127778,13.95160993580048,up,down,down,up,-0.0279977061308253,-0.0082902130069069,2.901910738746172,31.729911097952492,29.969
9.75,-0.0115668883581499,0.07519488317976031,3.033209699373281,13.94950774246934,up,down,down,up,-0.0279977061308253,-0.0082902130069069,2.901910738746172,31.729911097952492,29.985
9.780999999999999,-0.010782755655515699,0.053292309441604,3.0333131154587067,13.945435871740568,up,down,down,up,-0.0279977061308253,-0.0082902130069069,2.901910738746172,31.729911097952492,30.016
9.796,-0.0108962853271634,0.0204290613543134,3.0331000614611803,13.94346643399486,up,down,down,up,-0.0279977061308253,-0.0082902130069069,2.901910738746172,31.729911097952492,30.031
9.812000000000001,0.0,0.1065167026107425,3.032896995002976,13.941369029363084,up,down,down,up,-0.0279977061308253,-0.0082902130069069,2.901910738746172,31.729911097952492,30.047
9.828,0.0,0.0843535543158061,3.032676664564655,13.939275011906485,up,down,down,up,-0.0279977061308253,-0.0082902130069069,2.901910738746172,31.729911097952492,30.063
9.843,0.0,0.06702831122054939,3.0324277011338734,13.937315390244937,up,down,down,up,-0.0279977061308253,-0.0082902130069069,2.901910738746172,31.729911097952492,30.078
9.859000000000002,0.0,0.11015695721926999,3.0321802734176235,13.935229098268461,up,down,down,up,-0.0279977061308253,-0.0082902130069069,2.901910738746172,31.729911097952492,30.094
9.875,0.0,0.1102943571504986,3.031911795345904,13.9331469335383,up,down,down,up,-0.0279977061308253,-0.0082902130069069,2.901910738746172,31.729911097952492,30.11
9.905999999999999,0.0,0.0182053328104326,3.031862160072705,13.929117670130434,up,down,down,up,-0.0279977061308253,-0.0082902130069069,2.901910738746172,31.729911097952492,30.141
9.921,0.0,0.06345291429179589,3.031601108890251,13.927170356694408,up,down,down,up,-0.0279977061308253,-0.0082902130069069,2.901910738746172,31.729911097952492,30.156
9.953,0.0,0.0649199149978548,3.031613910345643,13.923020060026513,up,down,down,up,-0.0279977061308253,-0.0082902130069069,2.901910738746172,31.729911097952492,30.188
9.968,0.0,0.224652720301998,3.0313233010086353,13.921076692022549,up,down,down,up,-0.0279977061308253,-0.0082902130069069,2.901910738746172,31.729911097952492,30.203
9.984000000000002,0.0,0.2056819930047302,3.0310003088587405,13.919008674963546,up,down,down,up,-0.0279977061308253,-0.0082902130069069,2.901910738746172,31.729911097952492,30.219
10.0,0.0,0.08264217048326919,3.0306475786286886,13.916946063683586,up,down,down,up,-0.0279977061308253,-0.0082902130069069,2.901910738746172,31.729911097952492,30.235
10.015,0.0,0.0429143535776634,3.030277408579455,13.915017787360714,up,down,down,up,-0.0279977061308253,-0.0082902130069069,2.901910738746172,31.729911097952492,30.25
10.030999999999999,0.0,0.06772662656662959,3.0299263565771644,13.912966729059395,up,down,down,up,-0.0279977061308253,-0.0082902130069069,2.901910738746172,31.729911097952492,30.266
10.046,0.0,0.0216447087545893,3.0295830670166146,13.91104906946364,up,down,down,up,-0.0279977061308253,-0.0082902130069069,2.901910738746172,31.729911097952492,30.281
10.062000000000001,0.0,0.011054236921818401,3.0292611805571923,13.909008887303,up,down,down,up,-0.0279977061308253,-0.0082902130069069,2.901910738746172,31.729911097952492,30.297
10.078,0.0,0.0,3.028948770769494,13.906973779512317,up,down,down,up,-0.0279977061308253,-0.0082902130069069,2.901910738746172,31.729911097952492,30.313
10.093,0.0,0.1167853846223639,3.028618846126272,13.905070683466793,up,down,down,up,-0.0279977061308253,-0.0082902130069069,2.901910738746172,31.729911097952492,30.328
10.125,0.0,0.09753034039117489,3.028424763802485,13.901019129347812,up,down,down,up,-0.0279977061308253,-0.0082902130069069,2.901910738746172,31.729911097952492,30.36
10.14,0.0,0.1691922663440846,3.028035590492964,13.899124337771791,up,down,down,up,-0.0279977061308253,-0.0082902130069069,2.901910738746172,31.729911097952492,30.375
10.155999999999999,0.0,0.1526055500438328,3.0276209124782274,13.897109657567963,up,down,down,up,-0.0279977061308253,-0.0082902130069069,2.901910738746172,31.729911097952492,30.391
10.171,0.0,0.0126409782951966,3.027190520750141,13.895227232899945,up,down,down,up,-0.0279977061308253,-0.0082902130069069,2.901910738746172,31.729911097952492,30.406
10.187000000000001,0.0,0.1280669390930551,3.026756837353827,13.893226225855049,up,down,down,up,-0.0279977061308253,-0.0082902130069069,2.901910738746172,31.729911097952492,30.422
10.203,0.0,0.12142886921163931,3.0262983859068195,13.8912323558889,up,down,down,up,-0.0279977061308253,-0.0082902130069069,2.901910738746172,31.729911097952492,30.438
