timestamps,aAcc,aJerk,aVelocity,aHeight,jerks_direction,accelerations_direction,velocities_direction,heights_direction,start_jerks,start_accelerations,start_velocities,start_heights,actual_timestamps
0.0,0.0,0.0,0.0,0.0,down,up,up,down,0.02026914912855,-0.003600718780774,-2.822674237238049,-29.99782431042696,18.828
0.01600000000000179,0.0,0.020111249170123798,0.0,0.04516320733828749,down,up,up,down,0.02026914912855,-0.003600718780774,-2.822674237238049,-29.99782431042696,18.844
0.03100000000000236,0.0,0.16410670293773422,0.0,0.08750428436802338,down,up,up,down,0.02026914912855,-0.003600718780774,-2.822674237238049,-29.99782431042696,18.859
0.0470000000000006,0.0,0.07100162777953009,0.0,0.1326682192140609,down,up,up,down,0.02026914912855,-0.003600718780774,-2.822674237238049,-29.99782431042696,18.875
0.06299999999999883,0.0,0.0649921036840667,0.0,0.1778318347513732,down,up,up,down,0.02026914912855,-0.003600718780774,-2.822674237238049,-29.99782431042696,18.891
0.0779999999999994,0.0,0.06366307118891609,0.0,0.22017212259270025,down,up,up,down,0.02026914912855,-0.003600718780774,-2.822674237238049,-29.99782431042696,18.906
0.0940000000000012,0.0,0.0398419038164388,0.0,0.2653342260353284,down,up,up,down,0.02026914912855,-0.003600718780774,-2.822674237238049,-29.99782431042696,18.922
0.10900000000000176,0.0,0.1216975360913928,0.0,0.3076729321422853,down,up,up,down,0.02026914912855,-0.003600718780774,-2.822674237238049,-29.99782431042696,18.937
0.125,0.0,0.1125346044260623,0.0,0.35283371099264116,down,up,up,down,0.02026914912855,-0.003600718780774,-2.822674237238049,-29.99782431042696,18.953
0.1410000000000018,0.0,0.0990489749702428,0.0,0.3979943266157413,down,up,up,down,0.02026914912855,-0.003600718780774,-2.822674237238049,-29.99782431042696,18.969
0.15600000000000236,0.0,0.0561730885262898,0.0,0.44033251578678545,down,up,up,down,0.02026914912855,-0.003600718780774,-2.822674237238049,-29.99782431042696,18.984
0.1720000000000006,0.0,0.055062710368363604,0.0,0.48549355562995444,down,up,up,down,0.02026914912855,-0.003600718780774,-2.822674237238049,-29.99782431042696,19.0
0.2029999999999994,0.0,0.0175943192325074,0.0,0.5729942723266959,down,up,up,down,0.02026914912855,-0.003600718780774,-2.822674237238049,-29.99782431042696,19.031
0.2190000000000012,0.0,0.0155865313562392,0.0,0.6181565731645584,down,up,up,down,0.02026914912855,-0.003600718780774,-2.822674237238049,-29.99782431042696,19.047
0.23400000000000176,0.0,0.0946694734207036,0.0,0.6604966727785815,down,up,up,down,0.02026914912855,-0.003600718780774,-2.822674237238049,-29.99782431042696,19.062
0.25,0.0,0.1048367514085983,0.0,0.7056601424347981,down,up,up,down,0.02026914912855,-0.003600718780774,-2.822674237238049,-29.99782431042696,19.078
0.2660000000000018,0.0,0.0304002726593143,0.0,0.7508245811965075,down,up,up,down,0.02026914912855,-0.003600718780774,-2.822674237238049,-29.99782431042696,19.094
0.28100000000000236,0.0,0.0312989217908091,0.0,0.7931672291744221,down,up,up,down,0.02026914912855,-0.003600718780774,-2.822674237238049,-29.99782431042696,19.109
0.2970000000000006,0.0,0.17920554298767788,0.0,0.8383339670679,down,up,up,down,0.02026914912855,-0.003600718780774,-2.822674237238049,-29.99782431042696,19.125
0.31299999999999883,0.0,0.1010626970918927,0.0,0.8835021981500084,down,up,up,down,0.02026914912855,-0.003600718780774,-2.822674237238049,-29.99782431042696,19.141
0.3279999999999994,0.0,0.1082421941462589,0.0,0.9258485882502008,down,up,up,down,0.02026914912855,-0.003600718780774,-2.822674237238049,-29.99782431042696,19.156
0.3440000000000012,0.0,0.0822465985424999,0.0,0.9710188467534415,down,up,up,down,0.02026914912855,-0.003600718780774,-2.822674237238049,-29.99782431042696,19.172
0.375,0.0,0.018457022723775602,0.0,1.058537189969801,down,up,up,down,0.02026914912855,-0.003600718780774,-2.822674237238049,-29.99782431042696,19.203
0.3910000000000018,0.0,0.04722773101151459,0.0,1.1037081192863702,down,up,up,down,0.02026914912855,-0.003600718780774,-2.822674237238049,-29.99782431042696,19.219
0.40600000000000236,0.0,0.05319572704416389,0.0,1.1460556739960808,down,up,up,down,0.02026914912855,-0.003600718780774,-2.822674237238049,-29.99782431042696,19.234
0.4220000000000006,0.0,0.1483307825576081,0.0,1.191226115692622,down,up,up,down,0.02026914912855,-0.003600718780774,-2.822674237238049,-29.99782431042696,19.25
0.43799999999999883,0.0,0.082112311752477,0.0,1.2363965180386636,down,up,up,down,0.02026914912855,-0.003600718780774,-2.822674237238049,-29.99782431042696,19.266
0.4529999999999994,0.0,0.0877339066658418,0.0,1.2787440236935304,down,up,up,down,0.02026914912855,-0.003600718780774,-2.822674237238049,-29.99782431042696,19.281
0.4690000000000012,0.0,0.014898970695278001,0.0,1.3239151541052046,down,up,up,down,0.02026914912855,-0.003600718780774,-2.822674237238049,-29.99782431042696,19.297
0.48400000000000176,0.0,0.12124810009314178,0.0,1.36626344582411,down,up,up,down,0.02026914912855,-0.003600718780774,-2.822674237238049,-29.99782431042696,19.312
0.5,0.0,0.011642541577583501,0.0,1.4114350517002698,down,up,up,down,0.02026914912855,-0.003600718780774,-2.822674237238049,-29.99782431042696,19.328
0.5160000000000018,0.0,0.054514155525710595,0.0,1.4566065299063844,down,up,up,down,0.02026914912855,-0.003600718780774,-2.822674237238049,-29.99782431042696,19.344
0.5310000000000024,0.0,0.12664858763688022,0.0,1.4989544059362387,down,up,up,down,0.02026914912855,-0.003600718780774,-2.822674237238049,-29.99782431042696,19.359
0.5629999999999988,0.0,0.04733223730914529,0.0,1.5892935190717203,down,up,up,down,0.02026914912855,-0.003600718780774,-2.822674237238049,-29.99782431042696,19.391
0.5779999999999994,0.0,0.0345980047125609,0.0,1.631638206369523,down,up,up,down,0.02026914912855,-0.003600718780774,-2.822674237238049,-29.99782431042696,19.406
0.5940000000000012,0.0,0.039384674974761696,0.0,1.676804494990531,down,up,up,down,0.02026914912855,-0.003600718780774,-2.822674237238049,-29.99782431042696,19.422
0.6090000000000018,0.0,0.15695881343518878,0.0,1.7191467606869395,down,up,up,down,0.02026914912855,-0.003600718780774,-2.822674237238049,-29.99782431042696,19.437
0.6410000000000018,0.0,0.0281973656926048,0.0,1.8094738580977605,down,up,up,down,0.02026914912855,-0.003600718780774,-2.822674237238049,-29.99782431042696,19.469
0.6560000000000024,0.0,0.0824513111705566,0.0,1.851813100406062,down,up,up,down,0.02026914912855,-0.003600718780774,-2.822674237238049,-29.99782431042696,19.484
0.6720000000000006,0.0108079445153119,0.035292657808899106,0.0,1.8969734274986436,down,up,up,down,0.02026914912855,-0.003600718780774,-2.822674237238049,-29.99782431042696,19.5
0.6879999999999988,0.010183500102224,0.059296924946544496,0.0,1.9421320064011667,down,up,up,down,0.02026914912855,-0.003600718780774,-2.822674237238049,-29.99782431042696,19.516
0.7029999999999994,0.0110799829989342,0.0394963773187932,0.0,1.984466555731803,down,up,up,down,0.02026914912855,-0.003600718780774,-2.822674237238049,-29.99782431042696,19.531
0.7190000000000012,0.011985420215927,0.0363206769334915,0.0,2.0296215493346175,down,up,up,down,0.02026914912855,-0.003600718780774,-2.822674237238049,-29.99782431042696,19.547
0.7340000000000018,0.0,0.18681872480570988,0.0,2.071952601246604,down,up,up,down,0.02026914912855,-0.003600718780774,-2.822674237238049,-29.99782431042696,19.562
0.75,0.0,0.1634581167661077,0.0,2.117104260175406,down,up,up,down,0.02026914912855,-0.003600718780774,-2.822674237238049,-29.99782431042696,19.578
0.7660000000000018,0.0,0.16063055377122018,0.0,2.162254995777605,down,up,up,down,0.02026914912855,-0.003600718780774,-2.822674237238049,-29.99782431042696,19.594
0.7810000000000024,0.0,0.0934691255683926,0.0,2.2045832658969893,down,up,up,down,0.02026914912855,-0.003600718780774,-2.822674237238049,-29.99782431042696,19.609
0.7970000000000006,0.0,0.0393591260394652,0.0,2.249732784783543,down,up,up,down,0.02026914912855,-0.003600718780774,-2.822674237238049,-29.99782431042696,19.625
0.8129999999999988,0.0,0.0390259813860458,0.0,2.2948815992556497,down,up,up,down,0.02026914912855,-0.003600718780774,-2.822674237238049,-29.99782431042696,19.641
0.8279999999999994,0.0,0.0715422009978382,0.0,2.337207947684714,down,up,up,down,0.02026914912855,-0.003600718780774,-2.822674237238049,-29.99782431042696,19.656
0.8590000000000018,0.0,0.025606966341932103,0.0,2.4246798720569522,down,up,up,down,0.02026914912855,-0.003600718780774,-2.822674237238049,-29.99782431042696,19.687
0.875,0.0,0.0,0.0,2.469825246061294,down,up,up,down,0.02026914912855,-0.003600718780774,-2.822674237238049,-29.99782431042696,19.703
0.8910000000000018,0.0,0.0,0.0,2.514969574073678,down,up,up,down,0.02026914912855,-0.003600718780774,-2.822674237238049,-29.99782431042696,19.719
0.9060000000000024,0.0,0.12183105566521961,0.0,2.5572914492811485,down,up,up,down,0.02026914912855,-0.003600718780774,-2.822674237238049,-29.99782431042696,19.734
0.9379999999999988,0.0,0.0673714107572394,0.0,2.647576100613616,down,up,up,down,0.02026914912855,-0.003600718780774,-2.822674237238049,-29.99782431042696,19.766
0.9529999999999994,0.0,0.1111158652809099,0.0,2.6898962304352416,down,up,up,down,0.02026914912855,-0.003600718780774,-2.822674237238049,-29.99782431042696,19.781
0.9690000000000012,0.0,0.10297871323116829,0.0,2.735036847596131,down,up,up,down,0.02026914912855,-0.003600718780774,-2.822674237238049,-29.99782431042696,19.797
0.9840000000000018,0.0,0.04524921909697309,0.0,2.777354986967783,down,up,up,down,0.02026914912855,-0.003600718780774,-2.822674237238049,-29.99782431042696,19.812
1.0,0.0127831298808835,0.1555807886790844,0.0,2.8224926350616677,down,up,up,down,0.02026914912855,-0.003600718780774,-2.822674237238049,-29.99782431042696,19.828
1.0160000000000018,0.0119661095376865,0.071332920578355,0.0,2.8676281648179547,down,up,up,down,0.02026914912855,-0.003600718780774,-2.822674237238049,-29.99782431042696,19.844
1.0310000000000024,0.0111664704732436,0.0735784200914089,0.0,2.909940774969602,down,up,up,down,0.02026914912855,-0.003600718780774,-2.822674237238049,-29.99782431042696,19.859
1.0470000000000006,0.0,0.11952405234339021,0.0,2.9550724031502718,down,up,up,down,0.02026914912855,-0.003600718780774,-2.822674237238049,-29.99782431042696,19.875
1.0629999999999988,0.0,0.08984134398681601,0.0,3.000202470651498,down,up,up,down,0.02026914912855,-0.003600718780774,-2.822674237238049,-29.99782431042696,19.891
1.0779999999999994,0.0,0.0917019308088242,0.0,3.0425107714155466,down,up,up,down,0.02026914912855,-0.003600718780774,-2.822674237238049,-29.99782431042696,19.906
1.0940000000000012,0.0,0.0699892425562853,0.0,3.087638671517194,down,up,up,down,0.02026914912855,-0.003600718780774,-2.822674237238049,-29.99782431042696,19.922
1.1090000000000018,0.0,0.0,0.0,3.1299453193468203,down,up,up,down,0.02026914912855,-0.003600718780774,-2.822674237238049,-29.99782431042696,19.937
1.1410000000000018,0.0,0.011842451880063101,0.0,3.220197022453025,down,up,up,down,0.02026914912855,-0.003600718780774,-2.822674237238049,-29.99782431042696,19.969
1.1560000000000024,0.0,0.016811094075550297,0.0,3.2625012707984204,down,up,up,down,0.02026914912855,-0.003600718780774,-2.822674237238049,-29.99782431042696,19.984
1.1720000000000006,0.0105901739078894,0.162206638832071,0.0,3.307624639562899,down,up,up,down,0.02026914912855,-0.003600718780774,-2.822674237238049,-29.99782431042696,20.0
1.1879999999999988,0.0100360042855828,0.0549047505227155,0.0,3.3527464413489305,down,up,up,down,0.02026914912855,-0.003600718780774,-2.822674237238049,-29.99782431042696,20.016
1.2029999999999994,0.0,0.057888985266777396,0.0,3.3950466328110203,down,up,up,down,0.02026914912855,-0.003600718780774,-2.822674237238049,-29.99782431042696,20.031
1.2190000000000012,0.0,0.0752812647315364,0.0,3.440165403506793,down,up,up,down,0.02026914912855,-0.003600718780774,-2.822674237238049,-29.99782431042696,20.047
1.2340000000000018,0.0,0.1292840673999824,0.0,3.4824631298441524,down,up,up,down,0.02026914912855,-0.003600718780774,-2.822674237238049,-29.99782431042696,20.062
1.2660000000000018,0.0,0.0169614849144695,0.0,3.572695532651718,down,up,up,down,0.02026914912855,-0.003600718780774,-2.822674237238049,-29.99782431042696,20.094
1.2810000000000024,0.0,0.0696717541001453,0.0,3.6149906881325613,down,up,up,down,0.02026914912855,-0.003600718780774,-2.822674237238049,-29.99782431042696,20.109
1.2970000000000006,0.0,0.06440388207420139,0.0,3.6601043218758527,down,up,up,down,0.02026914912855,-0.003600718780774,-2.822674237238049,-29.99782431042696,20.125
1.3129999999999988,0.0,0.0187612859850926,0.0,3.705216462464083,down,up,up,down,0.02026914912855,-0.003600718780774,-2.822674237238049,-29.99782431042696,20.141
1.3279999999999994,0.0,0.0737053837582481,0.0,3.7475077017589733,down,up,up,down,0.02026914912855,-0.003600718780774,-2.822674237238049,-29.99782431042696,20.156
1.3440000000000012,0.0,0.0313731236005796,0.0,3.7926169198383413,down,up,up,down,0.02026914912855,-0.003600718780774,-2.822674237238049,-29.99782431042696,20.172
1.3590000000000018,0.010628153922445,0.033949440579054996,0.0,3.8349053708260534,down,up,up,down,0.02026914912855,-0.003600718780774,-2.822674237238049,-29.99782431042696,20.187
1.3910000000000018,0.0119823308913744,0.0220488811504926,0.0,3.925115199226095,down,up,up,down,0.02026914912855,-0.003600718780774,-2.822674237238049,-29.99782431042696,20.219
1.4060000000000024,0.0133561213587042,0.071316882026772,0.0,3.9673981869958688,down,up,up,down,0.02026914912855,-0.003600718780774,-2.822674237238049,-29.99782431042696,20.234
1.4220000000000006,0.0138095177449741,0.0,0.0,4.012497674687172,down,up,up,down,0.02026914912855,-0.003600718780774,-2.822674237238049,-29.99782431042696,20.25
1.4379999999999988,0.014820464142561,0.04291500072063939,0.0,4.057594513242744,down,up,up,down,0.02026914912855,-0.003600718780774,-2.822674237238049,-29.99782431042696,20.266
1.4529999999999994,0.015761435937548498,0.04246230387061639,0.0,4.099870198524922,down,up,up,down,0.02026914912855,-0.003600718780774,-2.822674237238049,-29.99782431042696,20.281
1.4690000000000012,0.0181615532825584,0.12973818493455122,0.0,4.144961149818858,down,up,up,down,0.02026914912855,-0.003600718780774,-2.822674237238049,-29.99782431042696,20.297
1.4840000000000018,0.0182163474818057,0.0166162025120666,0.0,4.187230672187763,down,up,up,down,0.02026914912855,-0.003600718780774,-2.822674237238049,-29.99782431042696,20.312
1.5,0.0207027540815313,0.13513126335432052,0.0,4.232314382196304,down,up,up,down,0.02026914912855,-0.003600718780774,-2.822674237238049,-29.99782431042696,20.328
1.5160000000000018,0.023116920240481,0.1306162358057848,0.0,4.277393718707206,down,up,up,down,0.02026914912855,-0.003600718780774,-2.822674237238049,-29.99782431042696,20.344
1.5470000000000006,0.0247483864795707,0.032358794067894506,0.0,4.364720623041141,down,up,up,down,0.02026914912855,-0.003600718780774,-2.822674237238049,-29.99782431042696,20.375
1.5629999999999988,0.0263056965460232,0.0770627300247447,0.0,4.409784724776014,down,up,up,down,0.02026914912855,-0.003600718780774,-2.822674237238049,-29.99782431042696,20.391
1.5779999999999994,0.0270494084517469,0.029311644586357603,0.0,4.452027092849942,down,up,up,down,0.02026914912855,-0.003600718780774,-2.822674237238049,-29.99782431042696,20.406
1.5940000000000012,0.0300727054450504,0.1686869129528978,0.0,4.497079654652143,down,up,up,down,0.02026914912855,-0.003600718780774,-2.822674237238049,-29.99782431042696,20.422
1.625,0.0330138038779974,0.0746049938697435,0.0,4.584349376591536,down,up,up,down,0.02026914912855,-0.003600718780774,-2.822674237238049,-29.99782431042696,20.453
1.6410000000000018,0.034675688763241896,0.08359865619922249,0.0,4.629381012737131,down,up,up,down,0.02026914912855,-0.003600718780774,-2.822674237238049,-29.99782431042696,20.469
1.6560000000000024,0.036747848365102594,0.11787482432882408,0.0,4.671590929847216,down,up,up,down,0.02026914912855,-0.003600718780774,-2.822674237238049,-29.99782431042696,20.484
1.6720000000000006,0.0386583979499767,0.09914019992609639,0.0,4.716606622997563,down,up,up,down,0.02026914912855,-0.003600718780774,-2.822674237238049,-29.99782431042696,20.5
1.6879999999999988,0.040495050873248596,0.0945216585759527,0.010041850666079544,4.761613346111428,down,up,up,down,0.02026914912855,-0.003600718780774,-2.822674237238049,-29.99782431042696,20.516
1.7029999999999994,0.044512914656882695,0.2475884364470473,0.010625399625844079,4.80379845529281,down,up,up,down,0.02026914912855,-0.003600718780774,-2.822674237238049,-29.99782431042696,20.531
1.7190000000000012,0.0484180769078878,0.2238034915592428,0.011311236057869767,4.848785750003163,down,up,up,down,0.02026914912855,-0.003600718780774,-2.822674237238049,-29.99782431042696,20.547
1.75,0.052301202633357,0.10499297104788151,0.012760762608555076,4.935915535378204,down,up,up,down,0.02026914912855,-0.003600718780774,-2.822674237238049,-29.99782431042696,20.578
1.7660000000000018,0.0566438753626154,0.25114789645006763,0.013574711732030398,4.980867639379294,down,up,up,down,0.02026914912855,-0.003600718780774,-2.822674237238049,-29.99782431042696,20.594
1.7810000000000024,0.061015435354842995,0.2711681836866125,0.014403145780699678,5.022997919006524,down,up,up,down,0.02026914912855,-0.003600718780774,-2.822674237238049,-29.99782431042696,20.609
1.7970000000000006,0.0628368285967439,0.09356792849026829,0.01533635239181974,5.067922790816947,down,up,up,down,0.02026914912855,-0.003600718780774,-2.822674237238049,-29.99782431042696,20.625
1.8129999999999988,0.0653088595025276,0.1342327824829507,0.016303906396121448,5.112832456542446,down,up,up,down,0.02026914912855,-0.003600718780774,-2.822674237238049,-29.99782431042696,20.641
1.8279999999999994,0.0677756423579882,0.1441830412354795,0.017248029378363672,5.154920930582708,down,up,up,down,0.02026914912855,-0.003600718780774,-2.822674237238049,-29.99782431042696,20.656
1.8440000000000012,0.0691703489426362,0.06690001241194149,0.01828598580827645,5.199799446257028,down,up,up,down,0.02026914912855,-0.003600718780774,-2.822674237238049,-29.99782431042696,20.672
1.875,0.0725059010999,0.0873293075573824,0.020370345401731882,5.286703174477648,down,up,up,down,0.02026914912855,-0.003600718780774,-2.822674237238049,-29.99782431042696,20.703
1.8910000000000018,0.075798620604484,0.18552581990792602,0.021499170074874563,5.33153100614965,down,up,up,down,0.02026914912855,-0.003600718780774,-2.822674237238049,-29.99782431042696,20.719
1.9060000000000024,0.0794977744908642,0.2263411099634541,0.022609882256378278,5.373540301815741,down,up,up,down,0.02026914912855,-0.003600718780774,-2.822674237238049,-29.99782431042696,20.734
1.9220000000000006,0.0832081751683517,0.21163089321444511,0.023853918353160086,5.418331379206666,down,up,up,down,0.02026914912855,-0.003600718780774,-2.822674237238049,-29.99782431042696,20.75
1.9379999999999988,0.0857836720374311,0.14069940518893212,0.025148241630312818,5.463102149722605,down,up,up,down,0.02026914912855,-0.003600718780774,-2.822674237238049,-29.99782431042696,20.766
1.9529999999999994,0.08825778493919491,0.14467171098903062,0.026399541775926405,5.505055654905629,down,up,up,down,0.02026914912855,-0.003600718780774,-2.822674237238049,-29.99782431042696,20.781
1.9690000000000012,0.0895847088338416,0.062663594286861,0.02776467022561846,5.549785129005432,down,up,up,down,0.02026914912855,-0.003600718780774,-2.822674237238049,-29.99782431042696,20.797
1.9840000000000018,0.0926330751665122,0.18295527304948112,0.02907729282390914,5.591698927841133,down,up,up,down,0.02026914912855,-0.003600718780774,-2.822674237238049,-29.99782431042696,20.812
2.0,0.0956045291974234,0.1654467278034171,0.030525582158328568,5.6363848926370785,down,up,up,down,0.02026914912855,-0.003600718780774,-2.822674237238049,-29.99782431042696,20.828
2.016000000000002,0.0984590271458553,0.15813697264842722,0.032020479108582744,5.681047311942759,down,up,up,down,0.02026914912855,-0.003600718780774,-2.822674237238049,-29.99782431042696,20.844
2.0470000000000006,0.1031480711950027,0.130990336327823,0.03503376685066195,5.767510872484767,down,up,up,down,0.02026914912855,-0.003600718780774,-2.822674237238049,-29.99782431042696,20.875
2.062999999999999,0.108027554517946,0.2846985585554399,0.036665560355872984,5.812100065662921,down,up,up,down,0.02026914912855,-0.003600718780774,-2.822674237238049,-29.99782431042696,20.891
2.0779999999999994,0.11176368097089011,0.228805947734379,0.038259983840327916,5.853878237640021,down,up,up,down,0.02026914912855,-0.003600718780774,-2.822674237238049,-29.99782431042696,20.906
2.094000000000001,0.1167421553329787,0.2908854985019556,0.04003041903026672,5.898414702212872,down,up,up,down,0.02026914912855,-0.003600718780774,-2.822674237238049,-29.99782431042696,20.922
2.1090000000000018,0.1215218526092786,0.2983773359580978,0.041763388308122096,5.940141362216405,down,up,up,down,0.02026914912855,-0.003600718780774,-2.822674237238049,-29.99782431042696,20.937
2.125,0.1249168564377498,0.1919185901509191,0.043677286480005684,5.984620624613907,down,up,up,down,0.02026914912855,-0.003600718780774,-2.822674237238049,-29.99782431042696,20.953
2.1560000000000024,0.1288835016616651,0.1076871484170958,0.04749956974834291,6.070710284696762,down,up,up,down,0.02026914912855,-0.003600718780774,-2.822674237238049,-29.99782431042696,20.984
2.1720000000000006,0.1322935952257839,0.1928616986288991,0.04953137502295002,6.115096824934387,down,up,up,down,0.02026914912855,-0.003600718780774,-2.822674237238049,-29.99782431042696,21.0
2.187999999999999,0.1356208452365894,0.18768397654681482,0.05161707904615653,6.159450425097642,down,up,up,down,0.02026914912855,-0.003600718780774,-2.822674237238049,-29.99782431042696,21.016
2.2029999999999994,0.138859222867488,0.1956226929313502,0.05362166877522512,6.20100124804755,down,up,up,down,0.02026914912855,-0.003600718780774,-2.822674237238049,-29.99782431042696,21.031
2.219000000000001,0.1448747817790269,0.3557032828425911,0.05583392931190545,6.2452883910586685,down,up,up,down,0.02026914912855,-0.003600718780774,-2.822674237238049,-29.99782431042696,21.047
2.2340000000000018,0.1494709627494045,0.28614291556327953,0.05798751161415705,6.286774843810296,down,up,up,down,0.02026914912855,-0.003600718780774,-2.822674237238049,-29.99782431042696,21.062
2.25,0.1549994908592981,0.3252638577398363,0.060365663742533826,6.330990806203243,down,up,up,down,0.02026914912855,-0.003600718780774,-2.822674237238049,-29.99782431042696,21.078
2.266000000000002,0.1604427397848162,0.3199339087162908,0.06283159008719474,6.375168015968416,down,up,up,down,0.02026914912855,-0.003600718780774,-2.822674237238049,-29.99782431042696,21.094
2.2810000000000024,0.1626706415924096,0.1282576380443422,0.06520092966581226,6.416547885628841,down,up,up,down,0.02026914912855,-0.003600718780774,-2.822674237238049,-29.99782431042696,21.109
2.2970000000000006,0.1678306973168818,0.3022343336509981,0.067787328876594,6.460646767356312,down,up,up,down,0.02026914912855,-0.003600718780774,-2.822674237238049,-29.99782431042696,21.125
2.312999999999999,0.1728470959485885,0.293255765353151,0.07045513972222484,6.504703615403319,down,up,up,down,0.02026914912855,-0.003600718780774,-2.822674237238049,-29.99782431042696,21.141
2.3279999999999994,0.1768000332725953,0.2432600058052274,0.07302348240967271,6.545967639295899,down,up,up,down,0.02026914912855,-0.003600718780774,-2.822674237238049,-29.99782431042696,21.156
2.3590000000000018,0.1818007938604359,0.1410457085437152,0.07847017294803127,6.631122388992242,down,up,up,down,0.02026914912855,-0.003600718780774,-2.822674237238049,-29.99782431042696,21.187
2.375,0.186638344066873,0.28207773877379944,0.08136007455095706,6.675006534808052,down,up,up,down,0.02026914912855,-0.003600718780774,-2.822674237238049,-29.99782431042696,21.203
2.391000000000002,0.191846744335148,0.3052558676386055,0.084330343757681,6.718843799257403,down,up,up,down,0.02026914912855,-0.003600718780774,-2.822674237238049,-29.99782431042696,21.219
2.4060000000000024,0.1978807139740865,0.3819954934673301,0.08719928891328887,6.759897440570935,down,up,up,down,0.02026914912855,-0.003600718780774,-2.822674237238049,-29.99782431042696,21.234
2.4220000000000006,0.2017598169560325,0.2221747872431046,0.09033880166023689,6.803639923642148,down,up,up,down,0.02026914912855,-0.003600718780774,-2.822674237238049,-29.99782431042696,21.25
2.437999999999999,0.20553633153879142,0.2157630122939041,0.09353955934770264,6.847331684549889,down,up,up,down,0.02026914912855,-0.003600718780774,-2.822674237238049,-29.99782431042696,21.266
2.4529999999999994,0.20956780240078732,0.2484955750045036,0.09659882957053778,6.888245760191577,down,up,up,down,0.02026914912855,-0.003600718780774,-2.822674237238049,-29.99782431042696,21.281
2.469000000000001,0.2144930845159702,0.2875609830703429,0.09993370516537992,6.931836287709512,down,up,up,down,0.02026914912855,-0.003600718780774,-2.822674237238049,-29.99782431042696,21.297
2.4840000000000018,0.2192667802583922,0.29797723369957363,0.10313289336947618,6.972653401779066,down,up,up,down,0.02026914912855,-0.003600718780774,-2.822674237238049,-29.99782431042696,21.312
2.5,0.22339991282236932,0.23805163612004543,0.10661661541362966,7.016138193504606,down,up,up,down,0.02026914912855,-0.003600718780774,-2.822674237238049,-29.99782431042696,21.328
2.516000000000002,0.22747215644490731,0.23424607728004632,0.1101659804672761,7.059566720533372,down,up,up,down,0.02026914912855,-0.003600718780774,-2.822674237238049,-29.99782431042696,21.344
2.5310000000000024,0.2313768768980235,0.2400455477458524,0.11355333743563678,7.100228939207671,down,up,up,down,0.02026914912855,-0.003600718780774,-2.822674237238049,-29.99782431042696,21.359
2.5470000000000006,0.2359898354925977,0.26804076303237073,0.11723465963426882,7.143545423026918,down,up,up,down,0.02026914912855,-0.003600718780774,-2.822674237238049,-29.99782431042696,21.375
2.562999999999999,0.2404833588583574,0.2605760612314621,0.1209888336885836,7.186802422876138,down,up,up,down,0.02026914912855,-0.003600718780774,-2.822674237238049,-29.99782431042696,21.391
2.5779999999999994,0.2448789977778229,0.2727734455024711,0.12457504058164348,7.227300807377684,down,up,up,down,0.02026914912855,-0.003600718780774,-2.822674237238049,-29.99782431042696,21.406
2.6090000000000018,0.2472580660039831,0.056474987199192,0.13209154278805801,7.310825376689838,down,up,up,down,0.02026914912855,-0.003600718780774,-2.822674237238049,-29.99782431042696,21.437
2.625,0.2502628338981053,0.1675288442541141,0.1360140984867817,7.353843319355445,down,up,up,down,0.02026914912855,-0.003600718780774,-2.822674237238049,-29.99782431042696,21.453
2.641000000000002,0.2531655395725564,0.16114995552462072,0.13998391397405507,7.396798123051571,down,up,up,down,0.02026914912855,-0.003600718780774,-2.822674237238049,-29.99782431042696,21.469
2.6560000000000024,0.2573281344219324,0.2572371741631713,0.14375860574730215,7.437010167712241,down,up,up,down,0.02026914912855,-0.003600718780774,-2.822674237238049,-29.99782431042696,21.484
2.6720000000000006,0.2617984905409542,0.25912810831034333,0.14785400724651243,7.479840054604086,down,up,up,down,0.02026914912855,-0.003600718780774,-2.822674237238049,-29.99782431042696,21.5
2.687999999999999,0.2661466775646168,0.2514925398503909,0.15201995709086402,7.52260385068519,down,up,up,down,0.02026914912855,-0.003600718780774,-2.822674237238049,-29.99782431042696,21.516
2.7029999999999994,0.2716305214653739,0.3453204442552481,0.15599927530187685,7.562633820000816,down,up,up,down,0.02026914912855,-0.003600718780774,-2.822674237238049,-29.99782431042696,21.531
2.719000000000001,0.2776703337031314,0.35721911573124543,0.16033607064273347,7.6052659250290695,down,up,up,down,0.02026914912855,-0.003600718780774,-2.822674237238049,-29.99782431042696,21.547
2.7340000000000018,0.2832176748142316,0.3495535916114509,0.16448871992490233,7.6451698526583876,down,up,up,down,0.02026914912855,-0.003600718780774,-2.822674237238049,-29.99782431042696,21.562
2.75,0.2886187442106002,0.3172976881445272,0.1690057997766079,7.687664684296582,down,up,up,down,0.02026914912855,-0.003600718780774,-2.822674237238049,-29.99782431042696,21.578
2.766000000000002,0.293067707548765,0.257791059506719,0.17360167989019093,7.730086612255061,down,up,up,down,0.02026914912855,-0.003600718780774,-2.822674237238049,-29.99782431042696,21.594
2.7810000000000024,0.2988317888428486,0.3640029371436732,0.17798691533141708,7.769789811349472,down,up,up,down,0.02026914912855,-0.003600718780774,-2.822674237238049,-29.99782431042696,21.609
2.812999999999999,0.3044693832997733,0.15590567765036592,0.18752451108471258,7.854267204118425,down,up,up,down,0.02026914912855,-0.003600718780774,-2.822674237238049,-29.99782431042696,21.641
2.8279999999999994,0.3091132041199457,0.2893189055496016,0.19207236970864905,7.893760341071047,down,up,up,down,0.02026914912855,-0.003600718780774,-2.822674237238049,-29.99782431042696,21.656
2.844000000000001,0.3145588340916311,0.3200827241017498,0.19700413451385002,7.935810516833083,down,up,up,down,0.02026914912855,-0.003600718780774,-2.822674237238049,-29.99782431042696,21.672
2.8590000000000018,0.3199160024192373,0.3368754060451786,0.20170868500597017,7.975160284245259,down,up,up,down,0.02026914912855,-0.003600718780774,-2.822674237238049,-29.99782431042696,21.687
2.875,0.3259800670795982,0.3587348921440488,0.20681824206146793,8.017054856624522,down,up,up,down,0.02026914912855,-0.003600718780774,-2.822674237238049,-29.99782431042696,21.703
2.891000000000002,0.330899914309219,0.2872213027227155,0.2120156704120868,8.058866973120548,down,up,up,down,0.02026914912855,-0.003600718780774,-2.822674237238049,-29.99782431042696,21.719
2.9060000000000024,0.3360988475390022,0.3263263995236545,0.216964150344237,8.097989738023447,down,up,up,down,0.02026914912855,-0.003600718780774,-2.822674237238049,-29.99782431042696,21.734
2.9220000000000006,0.341236569016182,0.30083844319521813,0.2223252221761851,8.139638210839085,down,up,up,down,0.02026914912855,-0.003600718780774,-2.822674237238049,-29.99782431042696,21.75
2.937999999999999,0.3461184848490965,0.2848505904286417,0.22776645110661464,8.181200265248624,down,up,up,down,0.02026914912855,-0.003600718780774,-2.822674237238049,-29.99782431042696,21.766
2.9529999999999994,0.350871160225564,0.2965758759692718,0.2329398626629633,8.220085081453927,down,up,up,down,0.02026914912855,-0.003600718780774,-2.822674237238049,-29.99782431042696,21.781
2.969000000000001,0.3579724442530078,0.4235611025866385,0.23855299999830004,8.26147592634845,down,up,up,down,0.02026914912855,-0.003600718780774,-2.822674237238049,-29.99782431042696,21.797
2.9840000000000018,0.362482824135263,0.2804228430217867,0.24390240372950078,8.300197624379063,down,up,up,down,0.02026914912855,-0.003600718780774,-2.822674237238049,-29.99782431042696,21.812
3.0,0.3668897004596,0.2551606211425431,0.2496797724257669,8.341411754765627,down,up,up,down,0.02026914912855,-0.003600718780774,-2.822674237238049,-29.99782431042696,21.828
3.016000000000002,0.3723012718407527,0.3179540621934539,0.25553568870367815,8.382532818872402,down,up,up,down,0.02026914912855,-0.003600718780774,-2.822674237238049,-29.99782431042696,21.844
3.0310000000000024,0.3759636972448916,0.2238925444806979,0.261093665190109,8.420998212276768,down,up,up,down,0.02026914912855,-0.003600718780774,-2.822674237238049,-29.99782431042696,21.859
3.0470000000000006,0.3804852865226564,0.2623301807317813,0.2670876455597564,8.461935549586574,down,up,up,down,0.02026914912855,-0.003600718780774,-2.822674237238049,-29.99782431042696,21.875
3.0779999999999994,0.3848660619855319,0.12104618838356888,0.2788389691794291,8.540976588412494,down,up,up,down,0.02026914912855,-0.003600718780774,-2.822674237238049,-29.99782431042696,21.906
3.094000000000001,0.3888511763008075,0.22880049557614682,0.28497109558522826,8.58162889569019,down,up,up,down,0.02026914912855,-0.003600718780774,-2.822674237238049,-29.99782431042696,21.922
3.125,0.3927462700149515,0.10537903519867999,0.2969742337209187,8.660111644440317,down,up,up,down,0.02026914912855,-0.003600718780774,-2.822674237238049,-29.99782431042696,21.953
3.141000000000002,0.3947486222157454,0.10487786342105611,0.3032165813582721,8.700472905715504,down,up,up,down,0.02026914912855,-0.003600718780774,-2.822674237238049,-29.99782431042696,21.969
3.1560000000000024,0.3967060300953981,0.11022470951495879,0.3090984804688941,8.738220656310371,down,up,up,down,0.02026914912855,-0.003600718780774,-2.822674237238049,-29.99782431042696,21.984
3.1720000000000006,0.3986056501983696,0.09845710730718249,0.31540336241075106,8.77838742936314,down,up,up,down,0.02026914912855,-0.003600718780774,-2.822674237238049,-29.99782431042696,22.0
3.187999999999999,0.4014270986773808,0.15607138080967092,0.32174601290126414,8.81845302215645,down,up,up,down,0.02026914912855,-0.003600718780774,-2.822674237238049,-29.99782431042696,22.016
3.2029999999999994,0.4050565419482267,0.2216937355945015,0.3277406294242451,8.855921985897591,down,up,up,down,0.02026914912855,-0.003600718780774,-2.822674237238049,-29.99782431042696,22.031
3.219000000000001,0.4073134419988075,0.1207871040327322,0.33418197779532877,8.895789392835642,down,up,up,down,0.02026914912855,-0.003600718780774,-2.822674237238049,-29.99782431042696,22.047
3.2340000000000018,0.40942219733038593,0.1203145396433375,0.3402534843085867,8.933071240428443,down,up,up,down,0.02026914912855,-0.003600718780774,-2.822674237238049,-29.99782431042696,22.062
3.25,0.4115765672376862,0.11437897007773569,0.3467638629246381,8.972737889446375,down,up,up,down,0.02026914912855,-0.003600718780774,-2.822674237238049,-29.99782431042696,22.078
3.266000000000002,0.4119326539035199,0.0,0.3532943251932763,9.012300211737244,down,up,up,down,0.02026914912855,-0.003600718780774,-2.822674237238049,-29.99782431042696,22.094
3.2810000000000024,0.4132109117051907,0.0649480376494994,0.3594288911536303,9.049294901173216,down,up,up,down,0.02026914912855,-0.003600718780774,-2.822674237238049,-29.99782431042696,22.109
3.312999999999999,0.4142681892326276,0.0127707736038566,0.372553333767649,9.127908761166086,down,up,up,down,0.02026914912855,-0.003600718780774,-2.822674237238049,-29.99782431042696,22.141
3.3279999999999994,0.4153030376108492,0.0487207427528909,0.3787211071872636,9.164614316417495,down,up,up,down,0.02026914912855,-0.003600718780774,-2.822674237238049,-29.99782431042696,22.156
3.344000000000001,0.4166716063877941,0.06526639943049739,0.38531929283876076,9.2036647810131,down,up,up,down,0.02026914912855,-0.003600718780774,-2.822674237238049,-29.99782431042696,22.172
3.3590000000000018,0.418897495703689,0.1281234719311008,0.39153205032273597,9.240178509497962,down,up,up,down,0.02026914912855,-0.003600718780774,-2.822674237238049,-29.99782431042696,22.187
3.375,0.42202046813157773,0.17491662761451682,0.39820178253292493,9.279023426630925,down,up,up,down,0.02026914912855,-0.003600718780774,-2.822674237238049,-29.99782431042696,22.203
3.391000000000002,0.4250446870533543,0.1687445334824677,0.4049206922739126,9.317761234628282,down,up,up,down,0.02026914912855,-0.003600718780774,-2.822674237238049,-29.99782431042696,22.219
3.4060000000000024,0.4265054449569145,0.07711471110878959,0.4112533074822782,9.353980043188681,down,up,up,down,0.02026914912855,-0.003600718780774,-2.822674237238049,-29.99782431042696,22.234
3.4220000000000006,0.427969779082085,0.0712517336946195,0.4180314977740971,9.392508552542441,down,up,up,down,0.02026914912855,-0.003600718780774,-2.822674237238049,-29.99782431042696,22.25
3.437999999999999,0.4294128591873,0.0699233574473967,0.42483294737975896,9.430928424777012,down,up,up,down,0.02026914912855,-0.003600718780774,-2.822674237238049,-29.99782431042696,22.266
3.469000000000001,0.4319676682309285,0.062144045827201094,0.4380727232725383,9.505056288236286,down,up,up,down,0.02026914912855,-0.003600718780774,-2.822674237238049,-29.99782431042696,22.297
3.4840000000000018,0.4330943446975936,0.054842615315786394,0.44450667758779083,9.540777056288409,down,up,up,down,0.02026914912855,-0.003600718780774,-2.822674237238049,-29.99782431042696,22.312
3.5,0.4358434828761392,0.1515519870305693,0.4514005687078875,9.578772586113846,down,up,up,down,0.02026914912855,-0.003600718780774,-2.822674237238049,-29.99782431042696,22.328
3.516000000000002,0.4382467941470533,0.1299378053035636,0.4583356794235809,9.616657483924609,down,up,up,down,0.02026914912855,-0.003600718780774,-2.822674237238049,-29.99782431042696,22.344
3.5310000000000024,0.4399641497444299,0.0942212240298872,0.464868250721056,9.652073568007086,down,up,up,down,0.02026914912855,-0.003600718780774,-2.822674237238049,-29.99782431042696,22.359
3.5470000000000006,0.4416683157714089,0.086241227557648,0.47186369894468916,9.689742500205572,down,up,up,down,0.02026914912855,-0.003600718780774,-2.822674237238049,-29.99782431042696,22.375
3.562999999999999,0.4442913693076277,0.1436716968851451,0.4788937649248286,9.727299228290416,down,up,up,down,0.02026914912855,-0.003600718780774,-2.822674237238049,-29.99782431042696,22.391
3.594000000000001,0.447619346202698,0.0870849442608047,0.49260675873303583,9.799743871528111,down,up,up,down,0.02026914912855,-0.003600718780774,-2.822674237238049,-29.99782431042696,22.422
3.6090000000000018,0.450911389851841,0.1992004274809776,0.4992917284717331,9.834644746432648,down,up,up,down,0.02026914912855,-0.003600718780774,-2.822674237238049,-29.99782431042696,22.437
3.625,0.4539085310159229,0.1670521736265891,0.5064726763381824,9.871761418989973,down,up,up,down,0.02026914912855,-0.003600718780774,-2.822674237238049,-29.99782431042696,22.453
3.641000000000002,0.4555145465984864,0.0801068247816549,0.5136904494586059,9.908762901779408,down,up,up,down,0.02026914912855,-0.003600718780774,-2.822674237238049,-29.99782431042696,22.469
3.6560000000000024,0.457099366374745,0.08538550262202489,0.5204810430241937,9.943346729144363,down,up,up,down,0.02026914912855,-0.003600718780774,-2.822674237238049,-29.99782431042696,22.484
3.6720000000000006,0.4584905404861138,0.0666792328320094,0.5277481507785873,9.980123683389738,down,up,up,down,0.02026914912855,-0.003600718780774,-2.822674237238049,-29.99782431042696,22.5
3.687999999999999,0.461929180423608,0.19464584696485862,0.5350538970453718,10.016784054802951,down,up,up,down,0.02026914912855,-0.003600718780774,-2.822674237238049,-29.99782431042696,22.516
3.7029999999999994,0.4652601739587165,0.201797086545339,0.5419538064215277,10.05104661058552,down,up,up,down,0.02026914912855,-0.003600718780774,-2.822674237238049,-29.99782431042696,22.531
3.719000000000001,0.4672048384995814,0.1012723846754957,0.5493559150207026,10.087478920609794,down,up,up,down,0.02026914912855,-0.003600718780774,-2.822674237238049,-29.99782431042696,22.547
3.7340000000000018,0.4679414624574853,0.0288391147317054,0.5563155014961687,10.121526498544487,down,up,up,down,0.02026914912855,-0.003600718780774,-2.822674237238049,-29.99782431042696,22.562
3.766000000000002,0.469127285308442,0.0167878149638467,0.5711933784594398,10.193811932056814,down,up,up,down,0.02026914912855,-0.003600718780774,-2.822674237238049,-29.99782431042696,22.594
3.7810000000000024,0.472184453319155,0.1835420515856413,0.5781992057174352,10.227531601234059,down,up,up,down,0.02026914912855,-0.003600718780774,-2.822674237238049,-29.99782431042696,22.609
3.7970000000000006,0.4751238247294135,0.16344156401263102,0.5857200604413304,10.263383034900603,down,up,up,down,0.02026914912855,-0.003600718780774,-2.822674237238049,-29.99782431042696,22.625
3.812999999999999,0.4767307553831656,0.0801640167309647,0.5932772855817379,10.299113843928215,down,up,up,down,0.02026914912855,-0.003600718780774,-2.822674237238049,-29.99782431042696,22.641
3.844000000000001,0.4782436602671413,0.0285342342255013,0.6079677667421146,10.367997446971582,down,up,up,down,0.02026914912855,-0.003600718780774,-2.822674237238049,-29.99782431042696,22.672
3.8590000000000018,0.4783855120187432,0.0108123656884262,0.6150884747525476,10.401164638718942,down,up,up,down,0.02026914912855,-0.003600718780774,-2.822674237238049,-29.99782431042696,22.687
3.875,0.4784978410735511,0.0132485832030519,0.6226859300767926,10.436425231276122,down,up,up,down,0.02026914912855,-0.003600718780774,-2.822674237238049,-29.99782431042696,22.703
3.891000000000002,0.4775076296228241,0.08215736479897891,0.6302763623418719,10.471564320732579,down,up,up,down,0.02026914912855,-0.003600718780774,-2.822674237238049,-29.99782431042696,22.719
3.9060000000000024,0.4787732160477808,0.0641032792018912,0.63739445790269,10.50439690313932,down,up,up,down,0.02026914912855,-0.003600718780774,-2.822674237238049,-29.99782431042696,22.734
3.9220000000000006,0.4800533833691815,0.0597413084590014,0.6450074591975326,10.53930047559832,down,up,up,down,0.02026914912855,-0.003600718780774,-2.822674237238049,-29.99782431042696,22.75
3.937999999999999,0.4787459458203535,0.10198399593030931,0.6526202423305558,10.574082241781898,down,up,up,down,0.02026914912855,-0.003600718780774,-2.822674237238049,-29.99782431042696,22.766
3.9529999999999994,0.4800601916295263,0.06734723814963539,0.6597572775797187,10.606579523941146,down,up,up,down,0.02026914912855,-0.003600718780774,-2.822674237238049,-29.99782431042696,22.781
3.969000000000001,0.4817128259885663,0.08302049831143529,0.6673938502201717,10.641125102714557,down,up,up,down,0.02026914912855,-0.003600718780774,-2.822674237238049,-29.99782431042696,22.797
3.9840000000000018,0.4833182743613235,0.08676074238859409,0.6745775726910845,10.673400430601294,down,up,up,down,0.02026914912855,-0.003600718780774,-2.822674237238049,-29.99782431042696,22.812
4.016000000000002,0.4820448331402804,0.060064187286147194,0.6899081594101255,10.741894234479293,down,up,up,down,0.02026914912855,-0.003600718780774,-2.822674237238049,-29.99782431042696,22.844
4.031000000000002,0.480784397127893,0.1042982166210364,0.6970753678554251,10.773831971583373,down,up,up,down,0.02026914912855,-0.003600718780774,-2.822674237238049,-29.99782431042696,22.859
4.047000000000001,0.4798437793689007,0.079057759065578,0.7047027817669065,10.807780534182196,down,up,up,down,0.02026914912855,-0.003600718780774,-2.822674237238049,-29.99782431042696,22.875
4.062999999999999,0.4798771531906531,0.018183285269025302,0.7123229377268898,10.841607116222047,down,up,up,down,0.02026914912855,-0.003600718780774,-2.822674237238049,-29.99782431042696,22.891
4.077999999999999,0.4798754628510639,0.0203818384344959,0.7194670715654912,10.87320880471093,down,up,up,down,0.02026914912855,-0.003600718780774,-2.822674237238049,-29.99782431042696,22.906
4.094000000000001,0.4810045670767113,0.05029986497440339,0.7270965003044219,10.906799083931777,down,up,up,down,0.02026914912855,-0.003600718780774,-2.822674237238049,-29.99782431042696,22.922
4.109000000000002,0.4812008539760519,0.0,0.7342590301806062,10.938179031011718,down,up,up,down,0.02026914912855,-0.003600718780774,-2.822674237238049,-29.99782431042696,22.937
4.141000000000002,0.4805340139336901,0.0411079004523539,0.7495315650661767,11.004763957079387,down,up,up,down,0.02026914912855,-0.003600718780774,-2.822674237238049,-29.99782431042696,22.969
4.156000000000002,0.4811469688140359,0.0205945095611644,0.7566901616550732,11.035807407687546,down,up,up,down,0.02026914912855,-0.003600718780774,-2.822674237238049,-29.99782431042696,22.984
4.172000000000001,0.4819663805040121,0.030944081494970303,0.7643374569491246,11.06880197453452,down,up,up,down,0.02026914912855,-0.003600718780774,-2.822674237238049,-29.99782431042696,23.0
4.187999999999999,0.4827366832307049,0.0278747712897529,0.7719974699585088,11.101674082915057,down,up,up,down,0.02026914912855,-0.003600718780774,-2.822674237238049,-29.99782431042696,23.016
4.202999999999999,0.4842840118669648,0.0828860932887759,0.7791961143900306,11.132380244591022,down,up,up,down,0.02026914912855,-0.003600718780774,-2.822674237238049,-29.99782431042696,23.031
4.219000000000001,0.4842221295856567,0.0241367917103058,0.7868865520211599,11.165014371055545,down,up,up,down,0.02026914912855,-0.003600718780774,-2.822674237238049,-29.99782431042696,23.047
4.234000000000002,0.48417097089258293,0.0236797286668042,0.7940954894930359,11.195497119302761,down,up,up,down,0.02026914912855,-0.003600718780774,-2.822674237238049,-29.99782431042696,23.062
4.25,0.4860001279153429,0.0940531647939617,0.8017992467830051,11.227892749208362,down,up,up,down,0.02026914912855,-0.003600718780774,-2.822674237238049,-29.99782431042696,23.078
4.266000000000002,0.4869180867686342,0.0371032792021478,0.8095249809999858,11.260164943181902,down,up,up,down,0.02026914912855,-0.003600718780774,-2.822674237238049,-29.99782431042696,23.094
4.281000000000002,0.4883517150529925,0.07530606982866869,0.8167854937319365,11.290307728179993,down,up,up,down,0.02026914912855,-0.003600718780774,-2.822674237238049,-29.99782431042696,23.109
4.297000000000001,0.48976398537675253,0.0679977461064604,0.8245528078348825,11.322339809563257,down,up,up,down,0.02026914912855,-0.003600718780774,-2.822674237238049,-29.99782431042696,23.125
4.327999999999999,0.4914121398642041,0.032897124660212995,0.8396494154939125,11.384047576456037,down,up,up,down,0.02026914912855,-0.003600718780774,-2.822674237238049,-29.99782431042696,23.156
4.344000000000001,0.4913834054231571,0.0220650516939877,0.84745416835572,11.415713535581052,down,up,up,down,0.02026914912855,-0.003600718780774,-2.822674237238049,-29.99782431042696,23.172
4.375,0.493147443697099,0.036635311321190606,0.8626027742348796,11.476710554325283,down,up,up,down,0.02026914912855,-0.003600718780774,-2.822674237238049,-29.99782431042696,23.203
4.391000000000002,0.49399107306509643,0.032457686371283004,0.8704422708684854,11.508008981760259,down,up,up,down,0.02026914912855,-0.003600718780774,-2.822674237238049,-29.99782431042696,23.219
4.406000000000002,0.4948086698137128,0.0342373007792057,0.8778042581583649,11.537237246351129,down,up,up,down,0.02026914912855,-0.003600718780774,-2.822674237238049,-29.99782431042696,23.234
4.422000000000001,0.4962632661255383,0.0706431203605562,0.8856752221453859,11.568292198304501,down,up,up,down,0.02026914912855,-0.003600718780774,-2.822674237238049,-29.99782431042696,23.25
4.437999999999999,0.497133649317071,0.0341298003422468,0.8935647859684333,11.599221066035394,down,up,up,down,0.02026914912855,-0.003600718780774,-2.822674237238049,-29.99782431042696,23.266
4.452999999999999,0.4983094644457235,0.0581185261149471,0.9009765985399434,11.628102119210151,down,up,up,down,0.02026914912855,-0.003600718780774,-2.822674237238049,-29.99782431042696,23.281
4.469000000000001,0.4980288184443945,0.0378095242116063,0.9088896933025725,11.658785976671222,down,up,up,down,0.02026914912855,-0.003600718780774,-2.822674237238049,-29.99782431042696,23.297
4.484000000000002,0.4995045902456442,0.07811563762142569,0.9163171830860364,11.687437038656878,down,up,up,down,0.02026914912855,-0.003600718780774,-2.822674237238049,-29.99782431042696,23.312
4.5,0.5009076726529179,0.0674235013260668,0.9242628696887316,11.717875186030486,down,up,up,down,0.02026914912855,-0.003600718780774,-2.822674237238049,-29.99782431042696,23.328
4.531000000000002,0.5021488392078551,0.019768481675873497,0.9396986233403708,11.776486684242922,down,up,up,down,0.02026914912855,-0.003600718780774,-2.822674237238049,-29.99782431042696,23.359
4.547000000000001,0.5033606865521721,0.05547130989127129,0.9476850880459577,11.806550402347643,down,up,up,down,0.02026914912855,-0.003600718780774,-2.822674237238049,-29.99782431042696,23.375
4.577999999999999,0.5027978318417751,0.0384257526897467,0.9631689227988598,11.864435066533918,down,up,up,down,0.02026914912855,-0.003600718780774,-2.822674237238049,-29.99782431042696,23.406
4.594000000000001,0.5031546343977452,0.0,0.971158931028284,11.894123231499112,down,up,up,down,0.02026914912855,-0.003600718780774,-2.822674237238049,-29.99782431042696,23.422
4.609000000000002,0.5034746621500082,0.0,0.9786546399706808,11.92183974327519,down,up,up,down,0.02026914912855,-0.003600718780774,-2.822674237238049,-29.99782431042696,23.437
4.641000000000002,0.5040346877015994,0.0,0.9946595665673217,11.9805922915622,down,up,up,down,0.02026914912855,-0.003600718780774,-2.822674237238049,-29.99782431042696,23.469
4.656000000000002,0.5033749513785856,0.0642515706628056,1.0021611280787122,12.00795624991093,down,up,up,down,0.02026914912855,-0.003600718780774,-2.822674237238049,-29.99782431042696,23.484
4.672000000000001,0.5027349297465625,0.0602705011299941,1.0101523956272196,12.03702052951709,down,up,up,down,0.02026914912855,-0.003600718780774,-2.822674237238049,-29.99782431042696,23.5
4.687999999999999,0.5032186976826923,0.0,1.01814241314616,12.065956958842708,down,up,up,down,0.02026914912855,-0.003600718780774,-2.822674237238049,-29.99782431042696,23.516
4.702999999999999,0.5043555264440246,0.055519434960264,1.0256452090453994,12.092968665234846,down,up,up,down,0.02026914912855,-0.003600718780774,-2.822674237238049,-29.99782431042696,23.531
4.719000000000001,0.5054240503589361,0.046513595553412695,1.0336658341593317,12.12165696468502,down,up,up,down,0.02026914912855,-0.003600718780774,-2.822674237238049,-29.99782431042696,23.547
4.734000000000002,0.5059028625942118,0.011651666556494297,1.041196775224769,12.148435608673214,down,up,up,down,0.02026914912855,-0.003600718780774,-2.822674237238049,-29.99782431042696,23.562
4.75,0.5061479102390186,0.0,1.0492355699069418,12.176874937707968,down,up,up,down,0.02026914912855,-0.003600718780774,-2.822674237238049,-29.99782431042696,23.578
4.766000000000002,0.5063980111123721,0.0,1.057278325777261,12.205185614338308,down,up,up,down,0.02026914912855,-0.003600718780774,-2.822674237238049,-29.99782431042696,23.594
4.781000000000002,0.506652523758273,0.0,1.0648221940070797,12.231609973998498,down,up,up,down,0.02026914912855,-0.003600718780774,-2.822674237238049,-29.99782431042696,23.609
4.797000000000001,0.5055582380271061,0.08866200732648731,1.0728622686008695,12.25967128609344,down,up,up,down,0.02026914912855,-0.003600718780774,-2.822674237238049,-29.99782431042696,23.625
4.827999999999999,0.5053629573163646,0.0265685268944046,1.088419924846489,12.313674313449386,down,up,up,down,0.02026914912855,-0.003600718780774,-2.822674237238049,-29.99782431042696,23.656
4.844000000000001,0.5051819879834943,0.0315797324329401,1.0964466729083961,12.341358168463163,down,up,up,down,0.02026914912855,-0.003600718780774,-2.822674237238049,-29.99782431042696,23.672
4.859000000000002,0.5051748364852936,0.020745915675266,1.1039703383102004,12.367195154437592,down,up,up,down,0.02026914912855,-0.003600718780774,-2.822674237238049,-29.99782431042696,23.687
4.875,0.506560588598738,0.06634035796173339,1.1120066102103796,12.394630126645229,down,up,up,down,0.02026914912855,-0.003600718780774,-2.822674237238049,-29.99782431042696,23.703
4.891000000000002,0.5073763872618747,0.0307182673174909,1.120060494516773,12.42193637760322,down,up,up,down,0.02026914912855,-0.003600718780774,-2.822674237238049,-29.99782431042696,23.719
4.906000000000002,0.5075926618743657,0.0,1.1276187516035834,12.447418896815886,down,up,up,down,0.02026914912855,-0.003600718780774,-2.822674237238049,-29.99782431042696,23.734
4.922000000000001,0.5087929903866576,0.0547513828897022,1.1356922253211783,12.474475196796295,down,up,up,down,0.02026914912855,-0.003600718780774,-2.822674237238049,-29.99782431042696,23.75
4.937999999999999,0.5099385128034192,0.05132600191905659,1.1437844658462057,12.501402171062761,down,up,up,down,0.02026914912855,-0.003600718780774,-2.822674237238049,-29.99782431042696,23.766
4.952999999999999,0.5101286447152126,0.0,1.151380958745884,12.526528543936895,down,up,up,down,0.02026914912855,-0.003600718780774,-2.822674237238049,-29.99782431042696,23.781
4.969000000000001,0.5097345830162324,0.0448980053148067,1.1594822530672442,12.553204426038203,down,up,up,down,0.02026914912855,-0.003600718780774,-2.822674237238049,-29.99782431042696,23.797
4.984000000000002,0.5093566145515921,0.0454670467712378,1.1670714262672912,12.578095387001763,down,up,up,down,0.02026914912855,-0.003600718780774,-2.822674237238049,-29.99782431042696,23.812
5.0,0.5080709872756052,0.1006208538777408,1.1751532355814158,12.604520377502777,down,up,up,down,0.02026914912855,-0.003600718780774,-2.822674237238049,-29.99782431042696,23.828
5.016000000000002,0.5097697140571337,0.08590127471696879,1.1832383496915866,12.630816032616405,down,up,up,down,0.02026914912855,-0.003600718780774,-2.822674237238049,-29.99782431042696,23.844
5.031000000000002,0.5114503099135898,0.0917705746351844,1.1908434890896555,12.655350532384123,down,up,up,down,0.02026914912855,-0.003600718780774,-2.822674237238049,-29.99782431042696,23.859
5.047000000000001,0.5110245636843745,0.0468782884545033,1.198965676577946,12.681394846854577,down,up,up,down,0.02026914912855,-0.003600718780774,-2.822674237238049,-29.99782431042696,23.875
5.077999999999999,0.510079085544694,0.050768443956954,1.214681160858792,12.731486222228693,down,up,up,down,0.02026914912855,-0.003600718780774,-2.822674237238049,-29.99782431042696,23.906
5.094000000000001,0.511388725130537,0.06158332498662569,1.2227952918437024,12.757149198402882,down,up,up,down,0.02026914912855,-0.003600718780774,-2.822674237238049,-29.99782431042696,23.922
5.109000000000002,0.5126660829296926,0.06488803748182069,1.230421692122443,12.78109018458171,down,up,up,down,0.02026914912855,-0.003600718780774,-2.822674237238049,-29.99782431042696,23.937
5.125,0.5132239606840087,0.0145982105162062,1.2385712009708594,12.806501029232766,down,up,up,down,0.02026914912855,-0.003600718780774,-2.822674237238049,-29.99782431042696,23.953
5.141000000000002,0.5131785118429181,0.0231097016967115,1.2467248092505834,12.831781448946817,down,up,up,down,0.02026914912855,-0.003600718780774,-2.822674237238049,-29.99782431042696,23.969
5.156000000000002,0.5131205718033466,0.0241318184333159,1.2543680415962188,12.855363366124042,down,up,up,down,0.02026914912855,-0.003600718780774,-2.822674237238049,-29.99782431042696,23.984
5.187999999999999,0.513023615710983,0.0232990270149127,1.2706711255954615,12.905288315040583,down,up,up,down,0.02026914912855,-0.003600718780774,-2.822674237238049,-29.99782431042696,24.016
5.202999999999999,0.5128792364982288,0.0298944299788316,1.2783113862053193,12.928511059760648,down,up,up,down,0.02026914912855,-0.003600718780774,-2.822674237238049,-29.99782431042696,24.031
5.219000000000001,0.5129730944268295,0.0144030285910053,1.2864605933522282,12.953155671720001,down,up,up,down,0.02026914912855,-0.003600718780774,-2.822674237238049,-29.99782431042696,24.047
5.234000000000002,0.513939229805885,0.044139876141817094,1.2941084250022623,12.976141517640922,down,up,up,down,0.02026914912855,-0.003600718780774,-2.822674237238049,-29.99782431042696,24.062
5.25,0.5135288329225957,0.045918954334138104,1.302270558003597,13.000533273572682,down,up,up,down,0.02026914912855,-0.003600718780774,-2.822674237238049,-29.99782431042696,24.078
5.266000000000002,0.5131315020900756,0.0451023261610488,1.3104262291832067,13.024794487071002,down,up,up,down,0.02026914912855,-0.003600718780774,-2.822674237238049,-29.99782431042696,24.094
5.281000000000002,0.513422021406777,0.0,1.3180713698277218,13.047420868636987,down,up,up,down,0.02026914912855,-0.003600718780774,-2.822674237238049,-29.99782431042696,24.109
5.297000000000001,0.5141474367419202,0.0250693093179083,1.326234313992418,13.071429210962233,down,up,up,down,0.02026914912855,-0.003600718780774,-2.822674237238049,-29.99782431042696,24.125
5.327999999999999,0.5142263630076601,0.0177231405562948,1.342062485606332,13.117573511922831,down,up,up,down,0.02026914912855,-0.003600718780774,-2.822674237238049,-29.99782431042696,24.156
5.344000000000001,0.5146375443162333,0.0,1.3502357853644318,13.14119791355088,down,up,up,down,0.02026914912855,-0.003600718780774,-2.822674237238049,-29.99782431042696,24.172
5.359000000000002,0.5150465424525484,0.0,1.357904405233486,13.163226975679965,down,up,up,down,0.02026914912855,-0.003600718780774,-2.822674237238049,-29.99782431042696,24.187
5.375,0.5167170588905668,0.08413812824761209,1.3661009025437378,13.186597721013552,down,up,up,down,0.02026914912855,-0.003600718780774,-2.822674237238049,-29.99782431042696,24.203
5.391000000000002,0.5158422240109334,0.0749463291056356,1.3743037653064585,13.209837271466565,down,up,up,down,0.02026914912855,-0.003600718780774,-2.822674237238049,-29.99782431042696,24.219
5.406000000000002,0.5157898587781949,0.023760164644445702,1.3819869951456656,13.231505204321753,down,up,up,down,0.02026914912855,-0.003600718780774,-2.822674237238049,-29.99782431042696,24.234
5.422000000000001,0.5157832285190816,0.0206835403231309,1.3901819683435506,13.254490640409639,down,up,up,down,0.02026914912855,-0.003600718780774,-2.822674237238049,-29.99782431042696,24.25
5.437999999999999,0.5152334060140563,0.054633055692637,1.3983724899193224,13.277344992539344,down,up,up,down,0.02026914912855,-0.003600718780774,-2.822674237238049,-29.99782431042696,24.266
5.452999999999999,0.5153872455016798,0.0100131832869847,1.406048134023979,13.29865195141834,down,up,up,down,0.02026914912855,-0.003600718780774,-2.822674237238049,-29.99782431042696,24.281
5.469000000000001,0.5154810625503198,0.0144055835885521,1.4142374689879036,13.321252454390052,down,up,up,down,0.02026914912855,-0.003600718780774,-2.822674237238049,-29.99782431042696,24.297
5.484000000000002,0.5147328523610087,0.0701498284159506,1.4219100625680272,13.342321461461953,down,up,up,down,0.02026914912855,-0.003600718780774,-2.822674237238049,-29.99782431042696,24.312
5.5,0.5163741785676946,0.0823137387893293,1.4301013073149638,13.364668158298695,down,up,up,down,0.02026914912855,-0.003600718780774,-2.822674237238049,-29.99782431042696,24.328
5.516000000000002,0.5179533655235423,0.0784300356119195,1.438318316167202,13.386883589106649,down,up,up,down,0.02026914912855,-0.003600718780774,-2.822674237238049,-29.99782431042696,24.344
5.531000000000002,0.516224556979365,0.1355230520737016,1.4460206398042625,13.407591160495432,down,up,up,down,0.02026914912855,-0.003600718780774,-2.822674237238049,-29.99782431042696,24.359
5.562999999999999,0.5160067094547854,0.0270768842716613,1.4624211170662225,13.45138166797712,down,up,up,down,0.02026914912855,-0.003600718780774,-2.822674237238049,-29.99782431042696,24.391
5.577999999999999,0.5160893335775344,0.01476087427862,1.4701078266072536,13.471727814458138,down,up,up,down,0.02026914912855,-0.003600718780774,-2.822674237238049,-29.99782431042696,24.406
5.594000000000001,0.5161824378787986,0.0144501302995388,1.4783083892784128,13.493303272526862,down,up,up,down,0.02026914912855,-0.003600718780774,-2.822674237238049,-29.99782431042696,24.422
5.609000000000002,0.5149754928485225,0.1007321511469519,1.4859880629771565,13.513411162693519,down,up,up,down,0.02026914912855,-0.003600718780774,-2.822674237238049,-29.99782431042696,24.437
5.625,0.5144591218901392,0.0525423340275101,1.4941659283945725,13.534732718558349,down,up,up,down,0.02026914912855,-0.003600718780774,-2.822674237238049,-29.99782431042696,24.453
5.641000000000002,0.513893453647121,0.055623414317182304,1.502335137498379,13.555923497827013,down,up,up,down,0.02026914912855,-0.003600718780774,-2.822674237238049,-29.99782431042696,24.469
5.656000000000002,0.5159358572812368,0.1158910931458305,1.5100048465486304,13.57567106150523,down,up,up,down,0.02026914912855,-0.003600718780774,-2.822674237238049,-29.99782431042696,24.484
5.672000000000001,0.5179709383502827,0.1069234176868346,1.5182184894131894,13.596608062613338,down,up,up,down,0.02026914912855,-0.003600718780774,-2.822674237238049,-29.99782431042696,24.5
5.702999999999999,0.5170583852388474,0.049706346271626706,1.5341498216466163,13.63679925514629,down,up,up,down,0.02026914912855,-0.003600718780774,-2.822674237238049,-29.99782431042696,24.531
5.719000000000001,0.5158771959828118,0.09409347763076721,1.542355694795898,13.657349998810563,down,up,up,down,0.02026914912855,-0.003600718780774,-2.822674237238049,-29.99782431042696,24.547
5.734000000000002,0.5147526172725668,0.0952410631448779,1.5500314076136021,13.676497209101061,down,up,up,down,0.02026914912855,-0.003600718780774,-2.822674237238049,-29.99782431042696,24.562
5.75,0.5152300615398814,0.0,1.5582136575436085,13.69679403637561,down,up,up,down,0.02026914912855,-0.003600718780774,-2.822674237238049,-29.99782431042696,24.578
5.766000000000002,0.5140050812228479,0.0968304189431315,1.5663899271852189,13.716959995493593,down,up,up,down,0.02026914912855,-0.003600718780774,-2.822674237238049,-29.99782431042696,24.594
5.781000000000002,0.5128029613182131,0.1004104761042011,1.5740369767225655,13.735746907272858,down,up,up,down,0.02026914912855,-0.003600718780774,-2.822674237238049,-29.99782431042696,24.609
5.797000000000001,0.5135623706315612,0.027193932955708797,1.5821902878776706,13.755659876951857,down,up,up,down,0.02026914912855,-0.003600718780774,-2.822674237238049,-29.99782431042696,24.625
5.827999999999999,0.5136814362254948,0.016428323517788702,1.59800094460175,13.79386981420281,down,up,up,down,0.02026914912855,-0.003600718780774,-2.822674237238049,-29.99782431042696,24.656
5.844000000000001,0.5137725314795726,0.014575695748688201,1.606162964842899,13.813399290723066,down,up,up,down,0.02026914912855,-0.003600718780774,-2.822674237238049,-29.99782431042696,24.672
5.859000000000002,0.5143349697245493,0.0172267338698955,1.6138197603202187,13.831589533842912,down,up,up,down,0.02026914912855,-0.003600718780774,-2.822674237238049,-29.99782431042696,24.687
5.875,0.5143229777830561,0.0210186454718719,1.6219914123997863,13.85086583225696,down,up,up,down,0.02026914912855,-0.003600718780774,-2.822674237238049,-29.99782431042696,24.703
5.891000000000002,0.5150070235772936,0.022483713011283896,1.6301684409101778,13.870011341226292,down,up,up,down,0.02026914912855,-0.003600718780774,-2.822674237238049,-29.99782431042696,24.719
5.906000000000002,0.515685828171751,0.024984490501945598,1.637844626516584,13.887841356779159,down,up,up,down,0.02026914912855,-0.003600718780774,-2.822674237238049,-29.99782431042696,24.734
5.922000000000001,0.5139656418497526,0.1277807942534643,1.6460242267762628,13.906733193748632,down,up,up,down,0.02026914912855,-0.003600718780774,-2.822674237238049,-29.99782431042696,24.75
5.937999999999999,0.5148709450460486,0.0363123006399564,1.654197307970936,13.925494209266457,down,up,up,down,0.02026914912855,-0.003600718780774,-2.822674237238049,-29.99782431042696,24.766
5.952999999999999,0.5148147459030666,0.024015758660679,1.6618659398713431,13.94296384846621,down,up,up,down,0.02026914912855,-0.003600718780774,-2.822674237238049,-29.99782431042696,24.781
5.984000000000002,0.5151258779338955,0.010232632005038302,1.6777183972586134,13.97870319259508,down,up,up,down,0.02026914912855,-0.003600718780774,-2.822674237238049,-29.99782431042696,24.812
6.0,0.5154274111414167,0.0,1.6859052120707223,13.996956991516253,down,up,up,down,0.02026914912855,-0.003600718780774,-2.822674237238049,-29.99782431042696,24.828
6.016000000000002,0.5142507604829535,0.0938098152824901,1.6940850259432259,14.015079857407951,down,up,up,down,0.02026914912855,-0.003600718780774,-2.822674237238049,-29.99782431042696,24.844
6.031000000000002,0.513245712683643,0.08727233574924291,1.701737238710264,14.031951303981618,down,up,up,down,0.02026914912855,-0.003600718780774,-2.822674237238049,-29.99782431042696,24.859
6.047000000000001,0.5119394079157721,0.1019131971204945,1.7098811081745662,14.049821145002337,down,up,up,down,0.02026914912855,-0.003600718780774,-2.822674237238049,-29.99782431042696,24.875
6.077999999999999,0.5106328821962228,0.062415140081753404,1.7256193563890976,14.084073789155983,down,up,up,down,0.02026914912855,-0.003600718780774,-2.822674237238049,-29.99782431042696,24.906
6.094000000000001,0.5106296518581529,0.0204710452579203,1.733731845161041,14.101561767339394,down,up,up,down,0.02026914912855,-0.003600718780774,-2.822674237238049,-29.99782431042696,24.922
6.109000000000002,0.5107827718828374,0.010061147482918201,1.741338427557387,14.117838853852579,down,up,up,down,0.02026914912855,-0.003600718780774,-2.822674237238049,-29.99782431042696,24.937
6.125,0.5109321572727729,0.0109325622575819,1.749454535490139,14.135075297944002,down,up,up,down,0.02026914912855,-0.003600718780774,-2.822674237238049,-29.99782431042696,24.953
6.141000000000002,0.5098232120496763,0.0895782255720778,1.757562966944227,14.15218194572034,down,up,up,down,0.02026914912855,-0.003600718780774,-2.822674237238049,-29.99782431042696,24.969
6.156000000000002,0.5087674486027164,0.09065337892587401,1.7651483861174084,14.168101724130953,down,up,up,down,0.02026914912855,-0.003600718780774,-2.822674237238049,-29.99782431042696,24.984
6.172000000000001,0.5111322848762522,0.1275331179674529,1.7732499724847468,14.184957325057933,down,up,up,down,0.02026914912855,-0.003600718780774,-2.822674237238049,-29.99782431042696,25.0
6.187999999999999,0.5112007793401058,0.0159882451376998,1.7813710254979844,14.201683144869879,down,up,up,down,0.02026914912855,-0.003600718780774,-2.822674237238049,-29.99782431042696,25.016
6.202999999999999,0.5095957979055877,0.1272679114297484,1.7889729890456159,14.217245678319376,down,up,up,down,0.02026914912855,-0.003600718780774,-2.822674237238049,-29.99782431042696,25.031
6.219000000000001,0.5080586846889029,0.11633872517134021,1.7970566134058803,14.233720229295574,down,up,up,down,0.02026914912855,-0.003600718780774,-2.822674237238049,-29.99782431042696,25.047
6.234000000000002,0.5087505746806594,0.025856850321882303,1.8046286720694407,14.249047703213083,down,up,up,down,0.02026914912855,-0.003600718780774,-2.822674237238049,-29.99782431042696,25.062
6.25,0.5088725199754264,0.012647568205615101,1.812712045326196,14.265271765269727,down,up,up,down,0.02026914912855,-0.003600718780774,-2.822674237238049,-29.99782431042696,25.078
6.266000000000002,0.5090241541515182,0.010792013122808902,1.82079760721872,14.281366475845179,down,up,up,down,0.02026914912855,-0.003600718780774,-2.822674237238049,-29.99782431042696,25.094
6.281000000000002,0.508381149448235,0.0631361293474328,1.828374136214007,14.296337801327997,down,up,up,down,0.02026914912855,-0.003600718780774,-2.822674237238049,-29.99782431042696,25.109
6.297000000000001,0.5085558276209471,0.0,1.836452020530067,14.312181979869859,down,up,up,down,0.02026914912855,-0.003600718780774,-2.822674237238049,-29.99782431042696,25.125
6.327999999999999,0.5086609317818417,0.0168786923254984,1.8521072580186058,14.342512212406735,down,up,up,down,0.02026914912855,-0.003600718780774,-2.822674237238049,-29.99782431042696,25.156
6.344000000000001,0.5065683605541728,0.1510548508578433,1.8601714808568022,14.35797677029154,down,up,up,down,0.02026914912855,-0.003600718780774,-2.822674237238049,-29.99782431042696,25.172
6.359000000000002,0.5063493101921209,0.0348725065986715,1.867714352605688,14.372357740099137,down,up,up,down,0.02026914912855,-0.003600718780774,-2.822674237238049,-29.99782431042696,25.187
6.375,0.5069358723512795,0.016390985818862298,1.875763022565542,14.387572708893583,down,up,up,down,0.02026914912855,-0.003600718780774,-2.822674237238049,-29.99782431042696,25.203
6.391000000000002,0.5074868149475459,0.014164763138097596,1.8838207925634411,14.40265882616836,down,up,up,down,0.02026914912855,-0.003600718780774,-2.822674237238049,-29.99782431042696,25.219
6.406000000000002,0.5070556094019824,0.049016185499450804,1.8913758499643514,14.416684964907969,down,up,up,down,0.02026914912855,-0.003600718780774,-2.822674237238049,-29.99782431042696,25.234
6.422000000000001,0.5069300865751244,0.028114325807173303,1.8994301240316749,14.431521304911808,down,up,up,down,0.02026914912855,-0.003600718780774,-2.822674237238049,-29.99782431042696,25.25
6.437999999999999,0.5067667321715844,0.0304787993498001,1.9074820870811553,14.446228795018722,down,up,up,down,0.02026914912855,-0.003600718780774,-2.822674237238049,-29.99782431042696,25.266
6.452999999999999,0.5083623280281929,0.08610390797867999,1.9150415442509425,14.459899981342293,down,up,up,down,0.02026914912855,-0.003600718780774,-2.822674237238049,-29.99782431042696,25.281
6.469000000000001,0.5084685472901532,0.0136304452560317,1.9231185797529977,14.474357488146072,down,up,up,down,0.02026914912855,-0.003600718780774,-2.822674237238049,-29.99782431042696,25.297
6.484000000000002,0.5096617347738536,0.0592766831181364,1.9307005460867663,14.487793958260848,down,up,up,down,0.02026914912855,-0.003600718780774,-2.822674237238049,-29.99782431042696,25.312
6.5,0.50983361440346,0.0,1.9387988973796917,14.502000750508923,down,up,up,down,0.02026914912855,-0.003600718780774,-2.822674237238049,-29.99782431042696,25.328
6.516000000000002,0.5100702976530281,0.0,1.9469005171756522,14.516077942988293,down,up,up,down,0.02026914912855,-0.003600718780774,-2.822674237238049,-29.99782431042696,25.344
6.531000000000002,0.5103410624369501,0.0,1.9544995915946157,14.529157555731086,down,up,up,down,0.02026914912855,-0.003600718780774,-2.822674237238049,-29.99782431042696,25.359
6.562999999999999,0.5112103072279836,0.0,1.9707291905082682,14.556679470809055,down,up,up,down,0.02026914912855,-0.003600718780774,-2.822674237238049,-29.99782431042696,25.391
6.594000000000001,0.5111316248732346,0.022807289604322302,1.9864638681736342,14.582845879753865,down,up,up,down,0.02026914912855,-0.003600718780774,-2.822674237238049,-29.99782431042696,25.422
6.609000000000002,0.5111222579772771,0.0208936088590527,1.9940767615133017,14.595331938589776,down,up,up,down,0.02026914912855,-0.003600718780774,-2.822674237238049,-29.99782431042696,25.437
6.625,0.5123578202498534,0.05695349290748179,2.0022069906386255,14.608524456368375,down,up,up,down,0.02026914912855,-0.003600718780774,-2.822674237238049,-29.99782431042696,25.453
6.641000000000002,0.5124285807960421,0.0158466149917563,2.0103476703465013,14.621586806876312,down,up,up,down,0.02026914912855,-0.003600718780774,-2.822674237238049,-29.99782431042696,25.469
6.656000000000002,0.512484542799898,0.0165383488714952,2.0179805079917594,14.633714459097337,down,up,up,down,0.02026914912855,-0.003600718780774,-2.822674237238049,-29.99782431042696,25.484
6.672000000000001,0.5119250339968245,0.05523844932064301,2.02611817310564,14.646524457444368,down,up,up,down,0.02026914912855,-0.003600718780774,-2.822674237238049,-29.99782431042696,25.5
6.687999999999999,0.5115959354984269,0.040837805278407496,2.0342487293611087,14.659204310020439,down,up,up,down,0.02026914912855,-0.003600718780774,-2.822674237238049,-29.99782431042696,25.516
6.702999999999999,0.511305271065975,0.0396467779586724,2.0418664776286306,14.670973559526583,down,up,up,down,0.02026914912855,-0.003600718780774,-2.822674237238049,-29.99782431042696,25.531
6.719000000000001,0.5100896225869763,0.0962471790659594,2.0499800252773626,14.683401575299147,down,up,up,down,0.02026914912855,-0.003600718780774,-2.822674237238049,-29.99782431042696,25.547
6.734000000000002,0.5108357895331713,0.029475313951115,2.057582955086552,14.694934966504992,down,up,up,down,0.02026914912855,-0.003600718780774,-2.822674237238049,-29.99782431042696,25.562
6.766000000000002,0.5115506875483272,0.0,2.0738259157188716,14.71915800016372,down,up,up,down,0.02026914912855,-0.003600718780774,-2.822674237238049,-29.99782431042696,25.594
6.781000000000002,0.5111188014904985,0.0490615529837978,2.0814419261049513,14.730333604908612,down,up,up,down,0.02026914912855,-0.003600718780774,-2.822674237238049,-29.99782431042696,25.609
6.797000000000001,0.510981791991627,0.028832242808021,2.0895611193523154,14.742128368340762,down,up,up,down,0.02026914912855,-0.003600718780774,-2.822674237238049,-29.99782431042696,25.625
6.827999999999999,0.5108400763961568,0.024840619950168202,2.105287736030121,14.764611112436722,down,up,up,down,0.02026914912855,-0.003600718780774,-2.822674237238049,-29.99782431042696,25.656
6.844000000000001,0.5111242140980109,0.0,2.1134058388535832,14.776024351633456,down,up,up,down,0.02026914912855,-0.003600718780774,-2.822674237238049,-29.99782431042696,25.672
6.859000000000002,0.511154439096197,0.0182541492494797,2.1210189179708285,14.786606279515848,down,up,up,down,0.02026914912855,-0.003600718780774,-2.822674237238049,-29.99782431042696,25.687
6.875,0.5131388518074756,0.103756645326382,2.1291556527975644,14.797767670745511,down,up,up,down,0.02026914912855,-0.003600718780774,-2.822674237238049,-29.99782431042696,25.703
6.891000000000002,0.5144148373492,0.059479947229214,2.1373184708103263,14.808798665552455,down,up,up,down,0.02026914912855,-0.003600718780774,-2.822674237238049,-29.99782431042696,25.719
6.906000000000002,0.5156525954713088,0.06224805901203359,2.144989965774769,14.819021465836638,down,up,up,down,0.02026914912855,-0.003600718780774,-2.822674237238049,-29.99782431042696,25.734
6.922000000000001,0.5166481701854017,0.041954270502259305,2.1531907603995295,14.82979880782305,down,up,up,down,0.02026914912855,-0.003600718780774,-2.822674237238049,-29.99782431042696,25.75
6.937999999999999,0.5181357392858476,0.0727039196493287,2.1614114201748063,14.840444778174263,down,up,up,down,0.02026914912855,-0.003600718780774,-2.822674237238049,-29.99782431042696,25.766
6.952999999999999,0.5175473790435133,0.059493165284163,2.169125032780565,14.85030586833567,down,up,up,down,0.02026914912855,-0.003600718780774,-2.822674237238049,-29.99782431042696,25.781
6.969000000000001,0.5169670877812836,0.056537353017901706,2.177343537014672,14.860696907573118,down,up,up,down,0.02026914912855,-0.003600718780774,-2.822674237238049,-29.99782431042696,25.797
6.984000000000002,0.5183558898967816,0.0723176585713109,2.185054448565546,14.870319036239838,down,up,up,down,0.02026914912855,-0.003600718780774,-2.822674237238049,-29.99782431042696,25.812
7.016000000000002,0.5172036029347619,0.05627811669166691,2.201508177449866,14.890459609815206,down,up,up,down,0.02026914912855,-0.003600718780774,-2.822674237238049,-29.99782431042696,25.844
7.031000000000002,0.5160745680476352,0.095538141603659,2.209203752950523,14.899719383895775,down,up,up,down,0.02026914912855,-0.003600718780774,-2.822674237238049,-29.99782431042696,25.859
7.047000000000001,0.5165569840461294,0.0,2.217407193866779,14.90946928411704,down,up,up,down,0.02026914912855,-0.003600718780774,-2.822674237238049,-29.99782431042696,25.875
7.062999999999999,0.51768865089495,0.0504600289227453,2.2256235474458146,14.919087825982349,down,up,up,down,0.02026914912855,-0.003600718780774,-2.822674237238049,-29.99782431042696,25.891
7.077999999999999,0.5188431413161786,0.05669687895335469,2.233343525105687,14.927985686496793,down,up,up,down,0.02026914912855,-0.003600718780774,-2.822674237238049,-29.99782431042696,25.906
7.094000000000001,0.5187572268003996,0.025638806364736602,2.2415867165501284,14.937349032359347,down,up,up,down,0.02026914912855,-0.003600718780774,-2.822674237238049,-29.99782431042696,25.922
7.109000000000002,0.5177536788035669,0.0871723489173918,2.2493065375604466,14.946007446512088,down,up,up,down,0.02026914912855,-0.003600718780774,-2.822674237238049,-29.99782431042696,25.937
7.125,0.5183421900860167,0.016512806024563,2.25753769301107,14.95511548046333,down,up,up,down,0.02026914912855,-0.003600718780774,-2.822674237238049,-29.99782431042696,25.953
7.141000000000002,0.5189111694810186,0.015292063059064099,2.265778108387115,14.964091741847948,down,up,up,down,0.02026914912855,-0.003600718780774,-2.822674237238049,-29.99782431042696,25.969
7.156000000000002,0.5193558003244066,0.0,2.2735110998789443,14.972387186344523,down,up,up,down,0.02026914912855,-0.003600718780774,-2.822674237238049,-29.99782431042696,25.984
7.172000000000001,0.5179621364828096,0.1073731392283723,2.2817520318729088,14.981107869086319,down,up,up,down,0.02026914912855,-0.003600718780774,-2.822674237238049,-29.99782431042696,26.0
7.187999999999999,0.5165967084392039,0.10560840185391761,2.2899708911317913,14.989696873498087,down,up,up,down,0.02026914912855,-0.003600718780774,-2.822674237238049,-29.99782431042696,26.016
7.202999999999999,0.5147629307028544,0.1425209982185132,2.2976520776436455,14.997629814790844,down,up,up,down,0.02026914912855,-0.003600718780774,-2.822674237238049,-29.99782431042696,26.031
7.219000000000001,0.5136344799183074,0.0907973231627322,2.3058216454281233,15.00596481280208,down,up,up,down,0.02026914912855,-0.003600718780774,-2.822674237238049,-29.99782431042696,26.047
7.234000000000002,0.5125407689813172,0.093183211594559,2.313463949013159,15.013660284402345,down,up,up,down,0.02026914912855,-0.003600718780774,-2.822674237238049,-29.99782431042696,26.062
7.25,0.5106959186850143,0.1355722926474927,2.3215922310139963,15.021742622757937,down,up,up,down,0.02026914912855,-0.003600718780774,-2.822674237238049,-29.99782431042696,26.078
7.266000000000002,0.5078739871674055,0.19663986897907948,2.329683178760324,15.029695207275562,down,up,up,down,0.02026914912855,-0.003600718780774,-2.822674237238049,-29.99782431042696,26.094
7.281000000000002,0.5050768094516903,0.20674766350955578,2.337226298953256,15.037033499751278,down,up,up,down,0.02026914912855,-0.003600718780774,-2.822674237238049,-29.99782431042696,26.109
7.312999999999999,0.5025035587991268,0.1006832320211691,2.3532323618442827,15.052311736770132,down,up,up,down,0.02026914912855,-0.003600718780774,-2.822674237238049,-29.99782431042696,26.141
7.327999999999999,0.4974624053185951,0.3563460478306499,2.360678095793454,15.059297521896422,down,up,up,down,0.02026914912855,-0.003600718780774,-2.822674237238049,-29.99782431042696,26.156
7.344000000000001,0.4925389502425474,0.3279850913814996,2.368540495137452,15.066626560964782,down,up,up,down,0.02026914912855,-0.003600718780774,-2.822674237238049,-29.99782431042696,26.172
7.359000000000002,0.4874744536629495,0.3579022544350601,2.3758365848850316,15.073383846423187,down,up,up,down,0.02026914912855,-0.003600718780774,-2.822674237238049,-29.99782431042696,26.187
7.375,0.4797930222173522,0.5003586144784339,2.383517113191581,15.080471804634382,down,up,up,down,0.02026914912855,-0.003600718780774,-2.822674237238049,-29.99782431042696,26.203
7.391000000000002,0.4723508232460104,0.4854065848373601,2.3910766524547964,15.087437842305018,down,up,up,down,0.02026914912855,-0.003600718780774,-2.822674237238049,-29.99782431042696,26.219
7.406000000000002,0.4652327096915893,0.49481005275660916,2.398054518170117,15.093859472083903,down,up,up,down,0.02026914912855,-0.003600718780774,-2.822674237238049,-29.99782431042696,26.234
7.422000000000001,0.4587757687296977,0.42382795924681527,2.405388974496994,15.100594711938367,down,up,up,down,0.02026914912855,-0.003600718780774,-2.822674237238049,-29.99782431042696,26.25
7.437999999999999,0.4516452203044831,0.465928425704515,2.4126147309087744,15.107213470090937,down,up,up,down,0.02026914912855,-0.003600718780774,-2.822674237238049,-29.99782431042696,26.266
7.452999999999999,0.4446783757077241,0.4847254555791326,2.4192831470971545,15.113314349564472,down,up,up,down,0.02026914912855,-0.003600718780774,-2.822674237238049,-29.99782431042696,26.281
7.469000000000001,0.4363058112139039,0.5435544299922527,2.426273409092036,15.119712684910763,down,up,up,down,0.02026914912855,-0.003600718780774,-2.822674237238049,-29.99782431042696,26.297
7.5,0.4275789402096456,0.30178111700786037,2.4395520004568967,15.131795292417134,down,up,up,down,0.02026914912855,-0.003600718780774,-2.822674237238049,-29.99782431042696,26.328
7.516000000000002,0.4194994376647737,0.5252380581829864,2.4462710159794003,15.137871496081456,down,up,up,down,0.02026914912855,-0.003600718780774,-2.822674237238049,-29.99782431042696,26.344
7.547000000000001,0.411591095248303,0.27537696901471337,2.4590412969573485,15.149342056585322,down,up,up,down,0.02026914912855,-0.003600718780774,-2.822674237238049,-29.99782431042696,26.375
7.562999999999999,0.4038810193566568,0.5021488923564896,2.465507462373695,15.155108454306482,down,up,up,down,0.02026914912855,-0.003600718780774,-2.822674237238049,-29.99782431042696,26.391
7.577999999999999,0.3962558293032962,0.528615152685904,2.471454477956933,15.160421353312568,down,up,up,down,0.02026914912855,-0.003600718780774,-2.822674237238049,-29.99782431042696,26.406
7.594000000000001,0.3868946877265013,0.6053404976781662,2.47766207059268,15.165991208719984,down,up,up,down,0.02026914912855,-0.003600718780774,-2.822674237238049,-29.99782431042696,26.422
7.609000000000002,0.3784578571638909,0.5827245199692189,2.4833482038976467,15.171123745219877,down,up,up,down,0.02026914912855,-0.003600718780774,-2.822674237238049,-29.99782431042696,26.437
7.625,0.3689989366903567,0.6114516787245057,2.4892702467479872,15.17650558541052,down,up,up,down,0.02026914912855,-0.003600718780774,-2.822674237238049,-29.99782431042696,26.453
7.641000000000002,0.3602403883738602,0.5676784189095183,2.495046549848009,15.18179383883356,down,up,up,down,0.02026914912855,-0.003600718780774,-2.822674237238049,-29.99782431042696,26.469
7.656000000000002,0.3516949496655889,0.5899650630132812,2.5003320541015936,15.186668612862508,down,up,up,down,0.02026914912855,-0.003600718780774,-2.822674237238049,-29.99782431042696,26.484
7.672000000000001,0.3439852323650302,0.5021264804135214,2.505839884057346,15.191782025153042,down,up,up,down,0.02026914912855,-0.003600718780774,-2.822674237238049,-29.99782431042696,26.5
7.687999999999999,0.3375225934812764,0.4241840793632112,2.511234335163623,15.19680821919508,down,up,up,down,0.02026914912855,-0.003600718780774,-2.822674237238049,-29.99782431042696,26.516
7.702999999999999,0.3312158719481796,0.4407172513349839,2.5161958628726326,15.201442606268376,down,up,up,down,0.02026914912855,-0.003600718780774,-2.822674237238049,-29.99782431042696,26.531
7.719000000000001,0.3238450897242621,0.4809430381233431,2.5213787390655207,15.20630479724868,down,up,up,down,0.02026914912855,-0.003600718780774,-2.822674237238049,-29.99782431042696,26.547
7.734000000000002,0.3160062551640567,0.5428581198088902,2.5261236133704714,15.210788643163983,down,up,up,down,0.02026914912855,-0.003600718780774,-2.822674237238049,-29.99782431042696,26.562
7.75,0.3093912056958067,0.4337097408942191,2.5310691815568576,15.215493888600367,down,up,up,down,0.02026914912855,-0.003600718780774,-2.822674237238049,-29.99782431042696,26.578
7.766000000000002,0.3029336665624757,0.42386534496169387,2.535910169034432,15.220120841591456,down,up,up,down,0.02026914912855,-0.003600718780774,-2.822674237238049,-29.99782431042696,26.594
7.781000000000002,0.295625879773798,0.5074549350403793,2.5403453548502424,15.22438903872089,down,up,up,down,0.02026914912855,-0.003600718780774,-2.822674237238049,-29.99782431042696,26.609
7.812999999999999,0.2891600039409567,0.222327768904863,2.549586705988693,15.233275701339085,down,up,up,down,0.02026914912855,-0.003600718780774,-2.822674237238049,-29.99782431042696,26.641
7.827999999999999,0.2828066464849036,0.4438263128654028,2.553822445085175,15.237340246264605,down,up,up,down,0.02026914912855,-0.003600718780774,-2.822674237238049,-29.99782431042696,26.656
7.844000000000001,0.2780343745428836,0.3185361455047674,2.558251561752906,15.241606442005708,down,up,up,down,0.02026914912855,-0.003600718780774,-2.822674237238049,-29.99782431042696,26.672
7.859000000000002,0.271996821646649,0.4227726755441776,2.562322784942616,15.245542247964064,down,up,up,down,0.02026914912855,-0.003600718780774,-2.822674237238049,-29.99782431042696,26.687
7.875,0.2660840696997279,0.38981614581115887,2.566569820572894,15.249673894915748,down,up,up,down,0.02026914912855,-0.003600718780774,-2.822674237238049,-29.99782431042696,26.703
7.891000000000002,0.2610113611575943,0.3373134330118643,2.5707289725192606,15.253738292366823,down,up,up,down,0.02026914912855,-0.003600718780774,-2.822674237238049,-29.99782431042696,26.719
7.906000000000002,0.255903141463003,0.36081712876795696,2.5745518205072035,15.257488799977697,down,up,up,down,0.02026914912855,-0.003600718780774,-2.822674237238049,-29.99782431042696,26.734
7.922000000000001,0.2501587752946487,0.3792920346507317,2.578542704340772,15.26142683157472,down,up,up,down,0.02026914912855,-0.003600718780774,-2.822674237238049,-29.99782431042696,26.75
7.937999999999999,0.2445640298099522,0.3699407419221208,2.582442875281116,15.265301734733551,down,up,up,down,0.02026914912855,-0.003600718780774,-2.822674237238049,-29.99782431042696,26.766
7.952999999999999,0.2396391508593999,0.3485944124986888,2.5860203883544246,15.268878373814847,down,up,up,down,0.02026914912855,-0.003600718780774,-2.822674237238049,-29.99782431042696,26.781
7.969000000000001,0.2336036681932895,0.3974868157604094,2.589748719406354,15.272635008748576,down,up,up,down,0.02026914912855,-0.003600718780774,-2.822674237238049,-29.99782431042696,26.797
7.984000000000002,0.2276863444647627,0.41475739769699,2.593154383719578,15.2761033490337,down,up,up,down,0.02026914912855,-0.003600718780774,-2.822674237238049,-29.99782431042696,26.812
8.0,0.2231681398912392,0.30265693497379836,2.596703608093933,15.279747272894998,down,up,up,down,0.02026914912855,-0.003600718780774,-2.822674237238049,-29.99782431042696,26.828
8.031000000000002,0.22016705553473762,0.11707832191891661,2.6034636813408327,15.286647581263136,down,up,up,down,0.02026914912855,-0.003600718780774,-2.822674237238049,-29.99782431042696,26.859
8.047,0.2174117819699769,0.1924737469261117,2.6069067005403777,15.290127406003887,down,up,up,down,0.02026914912855,-0.003600718780774,-2.822674237238049,-29.99782431042696,26.875
8.062999999999999,0.2131027348798343,0.2895845922624903,2.610293205174683,15.293552594553983,down,up,up,down,0.02026914912855,-0.003600718780774,-2.822674237238049,-29.99782431042696,26.891
8.078,0.2077263263678332,0.37869638326194727,2.6133954123523293,15.296715043481104,down,up,up,down,0.02026914912855,-0.003600718780774,-2.822674237238049,-29.99782431042696,26.906
8.094000000000001,0.2025228067510926,0.34548912517480057,2.616619793916789,15.30003770962676,down,up,up,down,0.02026914912855,-0.003600718780774,-2.822674237238049,-29.99782431042696,26.922
8.109000000000002,0.1979835261572748,0.322887855383059,2.61956958063189,15.303106402876207,down,up,up,down,0.02026914912855,-0.003600718780774,-2.822674237238049,-29.99782431042696,26.937
8.125,0.1943520890230558,0.2472339700172615,2.6226506540528396,15.306331428794547,down,up,up,down,0.02026914912855,-0.003600718780774,-2.822674237238049,-29.99782431042696,26.953
8.141000000000002,0.1907810471859949,0.24345926394483228,2.6256741076420202,15.309507618496799,down,up,up,down,0.02026914912855,-0.003600718780774,-2.822674237238049,-29.99782431042696,26.969
8.156000000000002,0.1866245701355868,0.2973676191557471,2.6284506389902207,15.312441796455627,down,up,up,down,0.02026914912855,-0.003600718780774,-2.822674237238049,-29.99782431042696,26.984
8.172,0.1850536969023436,0.1184487262062557,2.6313664536260313,15.315526047510506,down,up,up,down,0.02026914912855,-0.003600718780774,-2.822674237238049,-29.99782431042696,27.0
8.187999999999999,0.1834841746771455,0.1183642882034437,2.6342571450981747,15.318563846516522,down,up,up,down,0.02026914912855,-0.003600718780774,-2.822674237238049,-29.99782431042696,27.016
8.203,0.17909790981836152,0.3126868063808067,2.6369224999501792,15.321370112737231,down,up,up,down,0.02026914912855,-0.003600718780774,-2.822674237238049,-29.99782431042696,27.031
8.219000000000001,0.1743081700469967,0.31962788483881427,2.63969213708861,15.324319983436727,down,up,up,down,0.02026914912855,-0.003600718780774,-2.822674237238049,-29.99782431042696,27.047
8.234000000000002,0.1720760222661698,0.1690790011836724,2.6422360077492475,15.327045635909013,down,up,up,down,0.02026914912855,-0.003600718780774,-2.822674237238049,-29.99782431042696,27.062
8.25,0.1698583653377152,0.1588727071569814,2.6449138713495857,15.329911224672028,down,up,up,down,0.02026914912855,-0.003600718780774,-2.822674237238049,-29.99782431042696,27.078
8.266000000000002,0.1670148710773915,0.1979875403987619,2.6475512457404142,15.332734291531121,down,up,up,down,0.02026914912855,-0.003600718780774,-2.822674237238049,-29.99782431042696,27.094
8.297,0.1621984194522223,0.1756385563920783,2.6525424294614193,15.338085740919862,down,up,up,down,0.02026914912855,-0.003600718780774,-2.822674237238049,-29.99782431042696,27.125
8.312999999999999,0.1575453381833681,0.3110867284319638,2.6550427680220112,15.340787847135811,down,up,up,down,0.02026914912855,-0.003600718780774,-2.822674237238049,-29.99782431042696,27.141
8.328,0.15524919979702811,0.17334504155121208,2.6573347162751526,15.343285129562144,down,up,up,down,0.02026914912855,-0.003600718780774,-2.822674237238049,-29.99782431042696,27.156
8.359000000000002,0.1526018266280981,0.1056682836101578,2.6619947849025385,15.348338423648269,down,up,up,down,0.02026914912855,-0.003600718780774,-2.822674237238049,-29.99782431042696,27.187
8.375,0.1499430277904547,0.18644407648128178,2.6643575322373945,15.350890392906958,down,up,up,down,0.02026914912855,-0.003600718780774,-2.822674237238049,-29.99782431042696,27.203
8.391000000000002,0.146208451717042,0.2536801537168147,2.666669132572962,15.353404967384282,down,up,up,down,0.02026914912855,-0.003600718780774,-2.822674237238049,-29.99782431042696,27.219
8.406000000000002,0.142175217183821,0.2891514513432744,2.6687779993080074,15.355729227453747,down,up,up,down,0.02026914912855,-0.003600718780774,-2.822674237238049,-29.99782431042696,27.234
8.422,0.1388035525644752,0.2309981878376852,2.670968217965501,15.358174045511365,down,up,up,down,0.02026914912855,-0.003600718780774,-2.822674237238049,-29.99782431042696,27.25
8.437999999999999,0.1367544654269216,0.1483370952256631,2.6731150706089393,15.360584166998581,down,up,up,down,0.02026914912855,-0.003600718780774,-2.822674237238049,-29.99782431042696,27.266
8.453,0.1347491570959977,0.1539563711901408,2.6750973369961497,15.362812687500114,down,up,up,down,0.02026914912855,-0.003600718780774,-2.822674237238049,-29.99782431042696,27.281
8.469000000000001,0.1321907140838831,0.1801718373856951,2.6771752444650967,15.36515729464423,down,up,up,down,0.02026914912855,-0.003600718780774,-2.822674237238049,-29.99782431042696,27.297
8.484000000000002,0.13122411043068272,0.08470939267523671,2.6790968448672445,15.36732536753281,down,up,up,down,0.02026914912855,-0.003600718780774,-2.822674237238049,-29.99782431042696,27.312
8.5,0.1303079781579512,0.0775274161742796,2.681131490075461,15.36960632864908,down,up,up,down,0.02026914912855,-0.003600718780774,-2.822674237238049,-29.99782431042696,27.328
8.516000000000002,0.1272342297191801,0.2123784265517198,2.6831342162379856,15.371854990794379,down,up,up,down,0.02026914912855,-0.003600718780774,-2.822674237238049,-29.99782431042696,27.344
8.531000000000002,0.1244889773410022,0.2032859743404036,2.6849681295092256,15.373934336759849,down,up,up,down,0.02026914912855,-0.003600718780774,-2.822674237238049,-29.99782431042696,27.359
8.562999999999999,0.1210821344305994,0.1267329900786501,2.688782044296586,15.378279909570576,down,up,up,down,0.02026914912855,-0.003600718780774,-2.822674237238049,-29.99782431042696,27.391
8.578,0.1177387740806281,0.24315983912662759,2.6905191903287085,15.38027526386946,down,up,up,down,0.02026914912855,-0.003600718780774,-2.822674237238049,-29.99782431042696,27.406
8.594000000000001,0.1149965251788369,0.19165970549048078,2.6923234612222924,15.382375310452861,down,up,up,down,0.02026914912855,-0.003600718780774,-2.822674237238049,-29.99782431042696,27.422
8.625,0.1121304458800941,0.112723320055738,2.6957323069915016,15.386363347399925,down,up,up,down,0.02026914912855,-0.003600718780774,-2.822674237238049,-29.99782431042696,27.453
8.641000000000002,0.1091366463072542,0.2073816224310266,2.6974448322285083,15.388380718081972,down,up,up,down,0.02026914912855,-0.003600718780774,-2.822674237238049,-29.99782431042696,27.469
8.656000000000002,0.1071573284389106,0.15222367368478498,2.699013026257393,15.390247397701902,down,up,up,down,0.02026914912855,-0.003600718780774,-2.822674237238049,-29.99782431042696,27.484
8.672,0.1048306634245416,0.1656857125266257,2.7006513186918077,15.392212870738117,down,up,up,down,0.02026914912855,-0.003600718780774,-2.822674237238049,-29.99782431042696,27.5
8.687999999999999,0.1025740148240785,0.1613096866575125,2.7022529446173045,15.39415242442745,down,up,up,down,0.02026914912855,-0.003600718780774,-2.822674237238049,-29.99782431042696,27.516
8.703,0.09950023042873811,0.2251881088178982,2.703714490674989,15.39594778222133,down,up,up,down,0.02026914912855,-0.003600718780774,-2.822674237238049,-29.99782431042696,27.531
8.719000000000001,0.0971171913793042,0.1692090897181541,2.705229818548961,15.39783901554335,down,up,up,down,0.02026914912855,-0.003600718780774,-2.822674237238049,-29.99782431042696,27.547
8.734000000000002,0.0947717791836683,0.1766299621709365,2.7066149750464716,15.39959029314996,down,up,up,down,0.02026914912855,-0.003600718780774,-2.822674237238049,-29.99782431042696,27.562
8.75,0.0920798309682648,0.188515912591289,2.7080521764271945,15.40143574373398,down,up,up,down,0.02026914912855,-0.003600718780774,-2.822674237238049,-29.99782431042696,27.578
8.766000000000002,0.0908774226031851,0.0954196719460214,2.709458222955274,15.403258448334729,down,up,up,down,0.02026914912855,-0.003600718780774,-2.822674237238049,-29.99782431042696,27.594
8.781000000000002,0.0896975108456494,0.0989299329642626,2.710758524174429,15.404946936289829,down,up,up,down,0.02026914912855,-0.003600718780774,-2.822674237238049,-29.99782431042696,27.609
8.812999999999999,0.0885042593825832,0.0575582573493712,2.7134945294970954,15.408484463022699,down,up,up,down,0.02026914912855,-0.003600718780774,-2.822674237238049,-29.99782431042696,27.641
8.828,0.0865350384117337,0.15155054718517869,2.714753313448841,15.410112717759173,down,up,up,down,0.02026914912855,-0.003600718780774,-2.822674237238049,-29.99782431042696,27.656
8.844000000000001,0.08382753265482451,0.1894882589353596,2.7160586025168816,15.411829010227255,down,up,up,down,0.02026914912855,-0.003600718780774,-2.822674237238049,-29.99782431042696,27.672
8.859000000000002,0.0822302446409643,0.1267550167192236,2.7172500250648883,15.413419309078964,down,up,up,down,0.02026914912855,-0.003600718780774,-2.822674237238049,-29.99782431042696,27.687
8.875,0.0789566510219187,0.22486875031891979,2.7184819087296987,15.415096241404417,down,up,up,down,0.02026914912855,-0.003600718780774,-2.822674237238049,-29.99782431042696,27.703
8.891000000000002,0.07575723482874601,0.2202326612018255,2.719662008316012,15.416753877863858,down,up,up,down,0.02026914912855,-0.003600718780774,-2.822674237238049,-29.99782431042696,27.719
8.906000000000002,0.0730420085946973,0.2012842313984517,2.7207239918599764,15.418291096421111,down,up,up,down,0.02026914912855,-0.003600718780774,-2.822674237238049,-29.99782431042696,27.734
8.922,0.0729924041430702,0.023369427355247902,2.721834655661386,15.41991341503675,down,up,up,down,0.02026914912855,-0.003600718780774,-2.822674237238049,-29.99782431042696,27.75
8.937999999999999,0.07300349791401921,0.019575788444238202,2.72294501137735,15.421517965496246,down,up,up,down,0.02026914912855,-0.003600718780774,-2.822674237238049,-29.99782431042696,27.766
8.953,0.072069678540437,0.0825237740340254,2.723979049419047,15.42300614859884,down,up,up,down,0.02026914912855,-0.003600718780774,-2.822674237238049,-29.99782431042696,27.781
8.969000000000001,0.0706887441337542,0.1065775495462187,2.725063505299948,15.424576595956896,down,up,up,down,0.02026914912855,-0.003600718780774,-2.822674237238049,-29.99782431042696,27.797
8.984000000000002,0.0701902263053355,0.0535036710231286,2.72606608679653,15.426033237574746,down,up,up,down,0.02026914912855,-0.003600718780774,-2.822674237238049,-29.99782431042696,27.812
9.0,0.0696739477170761,0.0525365608947605,2.7271273886882166,15.427570477566679,down,up,up,down,0.02026914912855,-0.003600718780774,-2.822674237238049,-29.99782431042696,27.828
9.031000000000002,0.06937304301034951,0.029975752571343203,2.729170994762288,15.430500753977572,down,up,up,down,0.02026914912855,-0.003600718780774,-2.822674237238049,-29.99782431042696,27.859
9.062999999999999,0.06906971800201761,0.029748055638925,2.7312708559375007,15.433459259958003,down,up,up,down,0.02026914912855,-0.003600718780774,-2.822674237238049,-29.99782431042696,27.891
9.078,0.0671948253375251,0.1452619934280438,2.7322388292308357,15.434823050877807,down,up,up,down,0.02026914912855,-0.003600718780774,-2.822674237238049,-29.99782431042696,27.906
9.094000000000001,0.0653313897952897,0.1367338705182455,2.733241427451406,15.436261996620157,down,up,up,down,0.02026914912855,-0.003600718780774,-2.822674237238049,-29.99782431042696,27.922
9.109000000000002,0.0635062773692247,0.141943310866218,2.734153699173428,15.437596646729045,down,up,up,down,0.02026914912855,-0.003600718780774,-2.822674237238049,-29.99782431042696,27.937
9.125,0.062180743804944295,0.10311499689608,2.735101583842329,15.439005392260729,down,up,up,down,0.02026914912855,-0.003600718780774,-2.822674237238049,-29.99782431042696,27.953
9.141000000000002,0.060145241080833696,0.14748806938544648,2.736022580220923,15.440399186744042,down,up,up,down,0.02026914912855,-0.003600718780774,-2.822674237238049,-29.99782431042696,27.969
9.156000000000002,0.0581641419876496,0.15234242200748588,2.736855889812225,15.44169271177736,down,up,up,down,0.02026914912855,-0.003600718780774,-2.822674237238049,-29.99782431042696,27.984
9.172,0.0570982254067188,0.0868889354367325,2.7377203772508873,15.443058889436667,down,up,up,down,0.02026914912855,-0.003600718780774,-2.822674237238049,-29.99782431042696,28.0
9.203,0.0560217480000879,0.0549942267618084,2.739362114556489,15.445667012168034,down,up,up,down,0.02026914912855,-0.003600718780774,-2.822674237238049,-29.99782431042696,28.031
9.219000000000001,0.0549763373034117,0.0856073176708042,2.740692487738425,15.44698936314548,down,up,up,down,0.02026914912855,-0.003600718780774,-2.822674237238049,-29.99782431042696,28.047
9.234000000000002,0.054165979124624196,0.074293027714381,2.7419570443299235,15.448209605213538,down,up,up,down,0.02026914912855,-0.003600718780774,-2.822674237238049,-29.99782431042696,28.062
9.25,0.0529701492281393,0.09500851765886591,2.743256521856253,15.449490684479859,down,up,up,down,0.02026914912855,-0.003600718780774,-2.822674237238049,-29.99782431042696,28.078
9.281000000000002,0.0516567235045268,0.0626377208579816,2.7452666161014054,15.451921477195892,down,up,up,down,0.02026914912855,-0.003600718780774,-2.822674237238049,-29.99782431042696,28.109
9.297,0.051034498255971096,0.059158227163286004,2.746530534374997,15.453149887787891,down,up,up,down,0.02026914912855,-0.003600718780774,-2.822674237238049,-29.99782431042696,28.125
9.312999999999999,0.0492830573197035,0.1297342076452843,2.74777546331911,15.454358227602153,down,up,up,down,0.02026914912855,-0.003600718780774,-2.822674237238049,-29.99782431042696,28.141
9.328,0.04762809903984239,0.1305997011192833,2.7489482862100947,15.455472913039248,down,up,up,down,0.02026914912855,-0.003600718780774,-2.822674237238049,-29.99782431042696,28.156
9.344000000000001,0.0467049849697644,0.07796377850842211,2.7501453393816795,15.456642951830322,down,up,up,down,0.02026914912855,-0.003600718780774,-2.822674237238049,-29.99782431042696,28.172
9.359000000000002,0.046318709525987496,0.046020845380342,2.751289006308686,15.457722307796207,down,up,up,down,0.02026914912855,-0.003600718780774,-2.822674237238049,-29.99782431042696,28.187
9.375,0.045960462230677596,0.042659605085419,2.7524696281822467,15.458855026516094,down,up,up,down,0.02026914912855,-0.003600718780774,-2.822674237238049,-29.99782431042696,28.203
9.391000000000002,0.0433965646603428,0.1805127472744581,2.7536268728968825,15.459969042303268,down,up,up,down,0.02026914912855,-0.003600718780774,-2.822674237238049,-29.99782431042696,28.219
9.406000000000002,0.0426019548587763,0.0732431358996504,2.7547178510115646,15.460996570432531,down,up,up,down,0.02026914912855,-0.003600718780774,-2.822674237238049,-29.99782431042696,28.234
9.422,0.041810411217150796,0.0697406267301479,2.7558355384396793,15.46207493111272,down,up,up,down,0.02026914912855,-0.003600718780774,-2.822674237238049,-29.99782431042696,28.25
9.437999999999999,0.0405544109653756,0.098769164864508,2.7569368455166474,15.46313553983688,down,up,up,down,0.02026914912855,-0.003600718780774,-2.822674237238049,-29.99782431042696,28.266
9.453,0.039520686642472096,0.0891841039887804,2.7579833979669943,15.464113751569325,down,up,up,down,0.02026914912855,-0.003600718780774,-2.822674237238049,-29.99782431042696,28.281
9.469000000000001,0.037360059804319196,0.1553083265130898,2.7590408324380764,15.465140345521892,down,up,up,down,0.02026914912855,-0.003600718780774,-2.822674237238049,-29.99782431042696,28.297
9.484000000000002,0.0352872883656533,0.1584539117062721,2.76003167676764,15.466087415261416,down,up,up,down,0.02026914912855,-0.003600718780774,-2.822674237238049,-29.99782431042696,28.312
9.5,0.0336639176526691,0.12172981869007611,2.761025674915294,15.46708174424376,down,up,up,down,0.02026914912855,-0.003600718780774,-2.822674237238049,-29.99782431042696,28.328
9.531000000000002,0.0328818471085056,0.045497231198337096,2.762445511986888,15.468970842201163,down,up,up,down,0.02026914912855,-0.003600718780774,-2.822674237238049,-29.99782431042696,28.359
9.547,0.032132751139570696,0.067087647186987,2.7634080172723805,15.469926801762892,down,up,up,down,0.02026914912855,-0.003600718780774,-2.822674237238049,-29.99782431042696,28.375
9.562999999999999,0.033727842627117095,0.0794240688431135,2.764377290522021,15.470867307096345,down,up,up,down,0.02026914912855,-0.003600718780774,-2.822674237238049,-29.99782431042696,28.391
9.578,0.0343724855385082,0.0227070449641885,2.765334032201552,15.471734585734492,down,up,up,down,0.02026914912855,-0.003600718780774,-2.822674237238049,-29.99782431042696,28.406
9.594000000000001,0.034985566412702195,0.018048405508569596,2.7663312851166695,15.472644050991757,down,up,up,down,0.02026914912855,-0.003600718780774,-2.822674237238049,-29.99782431042696,28.422
9.609000000000002,0.0367834457387789,0.0995894726098899,2.7673155419260937,15.473481813347508,down,up,up,down,0.02026914912855,-0.003600718780774,-2.822674237238049,-29.99782431042696,28.437
9.625,0.0389048535784812,0.1123188408528565,2.7683634368201395,15.474359169313349,down,up,up,down,0.02026914912855,-0.003600718780774,-2.822674237238049,-29.99782431042696,28.453
9.641000000000002,0.0409854159493966,0.10976599905365249,2.7694449474758702,15.475219490034792,down,up,up,down,0.02026914912855,-0.003600718780774,-2.822674237238049,-29.99782431042696,28.469
9.656000000000002,0.039975635375762694,0.08758785403748,2.7704981445790975,15.47601003040295,down,up,up,down,0.02026914912855,-0.003600718780774,-2.822674237238049,-29.99782431042696,28.484
