timestamps,aAcc,aJerk,aVelocity,aHeight,jerks_direction,accelerations_direction,velocities_direction,heights_direction,start_jerks,start_accelerations,start_velocities,start_heights,actual_timestamps
0.0,0.0,0.0,0.0,0.0,up,down,down,down,0.0021461015435875,0.0046675619356477,0.0,-3.3548392325803637e-06,2.812
0.016000000000000014,0.0,0.011808116565314901,0.0,0.0,up,down,down,down,0.0021461015435875,0.0046675619356477,0.0,-3.3548392325803637e-06,2.828
0.03200000000000003,0.0,0.025113302570045497,0.0,0.0,up,down,down,down,0.0021461015435875,0.0046675619356477,0.0,-3.3548392325803637e-06,2.844
0.06300000000000017,0.0,0.015035391449202901,0.0,0.0,up,down,down,down,0.0021461015435875,0.0046675619356477,0.0,-3.3548392325803637e-06,2.875
0.0940000000000003,0.0,0.0156959414840592,0.0,0.0,up,down,down,down,0.0021461015435875,0.0046675619356477,0.0,-3.3548392325803637e-06,2.906
0.11000000000000032,0.0,0.027408103347226098,0.0,0.0,up,down,down,down,0.0021461015435875,0.0046675619356477,0.0,-3.3548392325803637e-06,2.922
0.125,0.0,0.08243744312703129,0.0,0.0,up,down,down,down,0.0021461015435875,0.0046675619356477,0.0,-3.3548392325803637e-06,2.937
0.14100000000000001,0.0,0.1303980286954108,0.0,0.0,up,down,down,down,0.0021461015435875,0.0046675619356477,0.0,-3.3548392325803637e-06,2.953
0.15700000000000003,0.0,0.1282140335766567,0.0,0.0,up,down,down,down,0.0021461015435875,0.0046675619356477,0.0,-3.3548392325803637e-06,2.969
0.17200000000000015,0.0,0.053739968675969405,0.0,0.0,up,down,down,down,0.0021461015435875,0.0046675619356477,0.0,-3.3548392325803637e-06,2.984
0.18800000000000017,0.0,0.0329737329681778,0.0,0.0,up,down,down,down,0.0021461015435875,0.0046675619356477,0.0,-3.3548392325803637e-06,3.0
0.20400000000000018,0.0,0.0323204561150092,0.0,0.0,up,down,down,down,0.0021461015435875,0.0046675619356477,0.0,-3.3548392325803637e-06,3.016
0.2190000000000003,0.0,0.0484090462659732,0.0,0.0,up,down,down,down,0.0021461015435875,0.0046675619356477,0.0,-3.3548392325803637e-06,3.031
0.23500000000000032,0.0,0.1110966108219811,0.0,0.0,up,down,down,down,0.0021461015435875,0.0046675619356477,0.0,-3.3548392325803637e-06,3.047
0.25,0.0,0.0,0.0,0.0,up,down,down,down,0.0021461015435875,0.0046675619356477,0.0,-3.3548392325803637e-06,3.062
0.266,0.0,0.0,0.0,0.0,up,down,down,down,0.0021461015435875,0.0046675619356477,0.0,-3.3548392325803637e-06,3.078
0.28200000000000003,0.0,0.0153389768270395,0.0,0.0,up,down,down,down,0.0021461015435875,0.0046675619356477,0.0,-3.3548392325803637e-06,3.094
0.29700000000000015,0.0,0.0424649034793367,0.0,0.0,up,down,down,down,0.0021461015435875,0.0046675619356477,0.0,-3.3548392325803637e-06,3.109
0.3290000000000002,0.0,0.0202614824583169,0.0,0.0,up,down,down,down,0.0021461015435875,0.0046675619356477,0.0,-3.3548392325803637e-06,3.141
0.3440000000000003,0.0,0.019570523365549097,0.0,0.0,up,down,down,down,0.0021461015435875,0.0046675619356477,0.0,-3.3548392325803637e-06,3.156
0.3600000000000003,0.0,0.0525882828121825,0.0,0.0,up,down,down,down,0.0021461015435875,0.0046675619356477,0.0,-3.3548392325803637e-06,3.172
0.375,0.0,0.052885862443831,0.0,0.0,up,down,down,down,0.0021461015435875,0.0046675619356477,0.0,-3.3548392325803637e-06,3.187
0.391,0.0,0.027453093716434,0.0,0.0,up,down,down,down,0.0021461015435875,0.0046675619356477,0.0,-3.3548392325803637e-06,3.203
0.40700000000000003,0.0,0.0157409885387371,0.0,0.0,up,down,down,down,0.0021461015435875,0.0046675619356477,0.0,-3.3548392325803637e-06,3.219
0.42200000000000015,0.0,0.0160341425628964,0.0,0.0,up,down,down,down,0.0021461015435875,0.0046675619356477,0.0,-3.3548392325803637e-06,3.234
0.43800000000000017,0.0,0.017316831727121,0.0,0.0,up,down,down,down,0.0021461015435875,0.0046675619356477,0.0,-3.3548392325803637e-06,3.25
0.4540000000000002,0.0,0.0126005801749373,0.0,0.0,up,down,down,down,0.0021461015435875,0.0046675619356477,0.0,-3.3548392325803637e-06,3.266
0.4690000000000003,0.0,0.0111988944254902,0.0,0.0,up,down,down,down,0.0021461015435875,0.0046675619356477,0.0,-3.3548392325803637e-06,3.281
0.4850000000000003,0.0,0.0245292084053438,0.0,0.0,up,down,down,down,0.0021461015435875,0.0046675619356477,0.0,-3.3548392325803637e-06,3.297
0.516,0.0,0.025593187986729698,0.0,0.0,up,down,down,down,0.0021461015435875,0.0046675619356477,0.0,-3.3548392325803637e-06,3.328
0.532,0.0,0.0,0.0,0.0,up,down,down,down,0.0021461015435875,0.0046675619356477,0.0,-3.3548392325803637e-06,3.344
0.5630000000000002,0.0,0.0342992647531898,0.0,0.0,up,down,down,down,0.0021461015435875,0.0046675619356477,0.0,-3.3548392325803637e-06,3.375
0.5790000000000002,0.0,0.020466704391375302,0.0,0.0,up,down,down,down,0.0021461015435875,0.0046675619356477,0.0,-3.3548392325803637e-06,3.391
0.5940000000000003,0.0,0.0208525630381945,0.0,0.0,up,down,down,down,0.0021461015435875,0.0046675619356477,0.0,-3.3548392325803637e-06,3.406
0.6100000000000003,0.0,0.08241440608780509,0.0,0.0,up,down,down,down,0.0021461015435875,0.0046675619356477,0.0,-3.3548392325803637e-06,3.422
0.625,0.0,0.054624918714197904,0.0,0.0,up,down,down,down,0.0021461015435875,0.0046675619356477,0.0,-3.3548392325803637e-06,3.437
0.641,0.0,0.0506260456401008,0.0,0.0,up,down,down,down,0.0021461015435875,0.0046675619356477,0.0,-3.3548392325803637e-06,3.453
0.657,0.0,0.0160399022290924,0.0,0.0,up,down,down,down,0.0021461015435875,0.0046675619356477,0.0,-3.3548392325803637e-06,3.469
0.6880000000000002,0.0,0.0269112207268833,0.0,0.0,up,down,down,down,0.0021461015435875,0.0046675619356477,0.0,-3.3548392325803637e-06,3.5
0.7040000000000002,0.0,0.052810330791852496,0.0,0.0,up,down,down,down,0.0021461015435875,0.0046675619356477,0.0,-3.3548392325803637e-06,3.516
0.7190000000000003,0.0,0.0,0.0,0.0,up,down,down,down,0.0021461015435875,0.0046675619356477,0.0,-3.3548392325803637e-06,3.531
0.7350000000000003,0.0,0.048240286053324796,0.0,0.0,up,down,down,down,0.0021461015435875,0.0046675619356477,0.0,-3.3548392325803637e-06,3.547
0.766,0.0,0.0,0.0,0.0,up,down,down,down,0.0021461015435875,0.0046675619356477,0.0,-3.3548392325803637e-06,3.578
0.782,0.0,0.0565222165251898,0.0,0.0,up,down,down,down,0.0021461015435875,0.0046675619356477,0.0,-3.3548392325803637e-06,3.594
0.7970000000000002,0.0,0.0580255967674261,0.0,0.0,up,down,down,down,0.0021461015435875,0.0046675619356477,0.0,-3.3548392325803637e-06,3.609
0.8130000000000002,0.0,0.0122089370024891,0.0,0.0,up,down,down,down,0.0021461015435875,0.0046675619356477,0.0,-3.3548392325803637e-06,3.625
0.8290000000000002,0.0,0.0,0.0,0.0,up,down,down,down,0.0021461015435875,0.0046675619356477,0.0,-3.3548392325803637e-06,3.641
0.8440000000000003,0.0,0.0,0.0,0.0,up,down,down,down,0.0021461015435875,0.0046675619356477,0.0,-3.3548392325803637e-06,3.656
0.8600000000000003,0.0,0.025574953922413598,0.0,0.0,up,down,down,down,0.0021461015435875,0.0046675619356477,0.0,-3.3548392325803637e-06,3.672
0.891,0.0,0.0124642671150906,0.0,0.0,up,down,down,down,0.0021461015435875,0.0046675619356477,0.0,-3.3548392325803637e-06,3.703
0.907,0.0,0.0241091326583786,0.0,0.0,up,down,down,down,0.0021461015435875,0.0046675619356477,0.0,-3.3548392325803637e-06,3.719
0.9220000000000002,0.0,0.034510966701025,0.0,0.0,up,down,down,down,0.0021461015435875,0.0046675619356477,0.0,-3.3548392325803637e-06,3.734
0.9380000000000002,0.0,0.0,0.0,0.0,up,down,down,down,0.0021461015435875,0.0046675619356477,0.0,-3.3548392325803637e-06,3.75
0.9540000000000002,0.0,0.0,0.0,0.0,up,down,down,down,0.0021461015435875,0.0046675619356477,0.0,-3.3548392325803637e-06,3.766
0.9690000000000003,0.0,0.1232575578246287,0.0,0.0,up,down,down,down,0.0021461015435875,0.0046675619356477,0.0,-3.3548392325803637e-06,3.781
0.9850000000000003,0.0,0.0122982916040958,0.0,0.0,up,down,down,down,0.0021461015435875,0.0046675619356477,0.0,-3.3548392325803637e-06,3.797
1.0,0.0,0.0117232841905236,0.0,0.0,up,down,down,down,0.0021461015435875,0.0046675619356477,0.0,-3.3548392325803637e-06,3.812
1.016,0.0,0.0,0.0,0.0,up,down,down,down,0.0021461015435875,0.0046675619356477,0.0,-3.3548392325803637e-06,3.828
1.0470000000000002,0.0,0.0,0.0,0.0,up,down,down,down,0.0021461015435875,0.0046675619356477,0.0,-3.3548392325803637e-06,3.859
1.0630000000000002,0.0,0.0,0.0,0.0,up,down,down,down,0.0021461015435875,0.0046675619356477,0.0,-3.3548392325803637e-06,3.875
1.0790000000000002,0.0,0.0,0.0,0.0,up,down,down,down,0.0021461015435875,0.0046675619356477,0.0,-3.3548392325803637e-06,3.891
1.0940000000000003,0.0,0.0112313132756724,0.0,0.0,up,down,down,down,0.0021461015435875,0.0046675619356477,0.0,-3.3548392325803637e-06,3.906
1.1100000000000003,0.0,0.0164691664878979,0.0,0.0,up,down,down,down,0.0021461015435875,0.0046675619356477,0.0,-3.3548392325803637e-06,3.922
1.125,0.0,0.057470973005399904,0.0,0.0,up,down,down,down,0.0021461015435875,0.0046675619356477,0.0,-3.3548392325803637e-06,3.937
1.141,0.0,0.0523817105438917,0.0,0.0,up,down,down,down,0.0021461015435875,0.0046675619356477,0.0,-3.3548392325803637e-06,3.953
1.157,0.0,0.0255627459836427,0.0,0.0,up,down,down,down,0.0021461015435875,0.0046675619356477,0.0,-3.3548392325803637e-06,3.969
1.1720000000000002,0.0,0.0,0.0,0.0,up,down,down,down,0.0021461015435875,0.0046675619356477,0.0,-3.3548392325803637e-06,3.984
1.1880000000000002,0.0,0.0191336316801571,0.0,0.0,up,down,down,down,0.0021461015435875,0.0046675619356477,0.0,-3.3548392325803637e-06,4.0
1.2040000000000002,0.0,0.0360575899865933,0.0,0.0,up,down,down,down,0.0021461015435875,0.0046675619356477,0.0,-3.3548392325803637e-06,4.016
1.2189999999999999,0.0,0.0397193708991503,0.0,0.0,up,down,down,down,0.0021461015435875,0.0046675619356477,0.0,-3.3548392325803637e-06,4.031
1.2500000000000004,0.0,0.0,0.0,0.0,up,down,down,down,0.0021461015435875,0.0046675619356477,0.0,-3.3548392325803637e-06,4.062
1.2660000000000005,0.0,0.0,0.0,0.0,up,down,down,down,0.0021461015435875,0.0046675619356477,0.0,-3.3548392325803637e-06,4.078
1.2820000000000005,0.0,0.0165217489036528,0.0,0.0,up,down,down,down,0.0021461015435875,0.0046675619356477,0.0,-3.3548392325803637e-06,4.094
1.2970000000000002,0.0,0.0125572846583806,0.0,0.0,up,down,down,down,0.0021461015435875,0.0046675619356477,0.0,-3.3548392325803637e-06,4.109
1.3290000000000002,0.0,0.0,0.0,0.0,up,down,down,down,0.0021461015435875,0.0046675619356477,0.0,-3.3548392325803637e-06,4.141
1.3439999999999999,0.0,0.018789526434659802,0.0,0.0,up,down,down,down,0.0021461015435875,0.0046675619356477,0.0,-3.3548392325803637e-06,4.156
1.3599999999999999,0.0,0.1122856870985343,0.0,0.0,up,down,down,down,0.0021461015435875,0.0046675619356477,0.0,-3.3548392325803637e-06,4.172
1.3750000000000004,0.0,0.1554990319448221,0.0,0.0,up,down,down,down,0.0021461015435875,0.0046675619356477,0.0,-3.3548392325803637e-06,4.187
1.3910000000000005,0.0,0.14164139625938418,0.0,0.0,up,down,down,down,0.0021461015435875,0.0046675619356477,0.0,-3.3548392325803637e-06,4.203
1.4070000000000005,0.0,0.08025240808195991,0.0,0.0,up,down,down,down,0.0021461015435875,0.0046675619356477,0.0,-3.3548392325803637e-06,4.219
1.4220000000000002,0.0,0.0231482239461424,0.0,0.0,up,down,down,down,0.0021461015435875,0.0046675619356477,0.0,-3.3548392325803637e-06,4.234
1.4380000000000002,0.0,0.022261641486442902,0.0,0.0,up,down,down,down,0.0021461015435875,0.0046675619356477,0.0,-3.3548392325803637e-06,4.25
1.4540000000000002,0.0,0.1340218060589258,0.0,0.0,up,down,down,down,0.0021461015435875,0.0046675619356477,0.0,-3.3548392325803637e-06,4.266
1.4689999999999999,0.0,0.0379807255828987,0.0,0.0,up,down,down,down,0.0021461015435875,0.0046675619356477,0.0,-3.3548392325803637e-06,4.281
1.4849999999999999,0.0,0.0341065351778801,0.0,0.0,up,down,down,down,0.0021461015435875,0.0046675619356477,0.0,-3.3548392325803637e-06,4.297
1.5160000000000005,0.0,0.0,0.0,0.0,up,down,down,down,0.0021461015435875,0.0046675619356477,0.0,-3.3548392325803637e-06,4.328
1.5320000000000005,0.0,0.17516639088743768,0.0,0.0,up,down,down,down,0.0021461015435875,0.0046675619356477,0.0,-3.3548392325803637e-06,4.344
1.5470000000000002,0.0,0.18371458068647828,0.0,0.0,up,down,down,down,0.0021461015435875,0.0046675619356477,0.0,-3.3548392325803637e-06,4.359
1.5630000000000002,-0.011091984103868899,0.12054872223576911,0.0,0.0,up,down,down,down,0.0021461015435875,0.0046675619356477,0.0,-3.3548392325803637e-06,4.375
1.5790000000000002,-0.013704636631926299,0.16543688454717628,0.0,0.0,up,down,down,down,0.0021461015435875,0.0046675619356477,0.0,-3.3548392325803637e-06,4.391
1.5939999999999999,-0.0162299779450609,0.17050218908589318,0.0,0.0,up,down,down,down,0.0021461015435875,0.0046675619356477,0.0,-3.3548392325803637e-06,4.406
1.6099999999999999,-0.0193585259055647,0.19768034907507978,0.0,0.0,up,down,down,down,0.0021461015435875,0.0046675619356477,0.0,-3.3548392325803637e-06,4.422
1.6250000000000004,-0.0221888578275226,0.1908348963407674,0.0,0.0,up,down,down,down,0.0021461015435875,0.0046675619356477,0.0,-3.3548392325803637e-06,4.437
1.6570000000000005,-0.0260972955000226,0.12428477880921371,0.0,0.0,up,down,down,down,0.0021461015435875,0.0046675619356477,0.0,-3.3548392325803637e-06,4.469
1.6720000000000002,-0.0296716707914867,0.2404377876411988,0.0,0.0,up,down,down,down,0.0021461015435875,0.0046675619356477,0.0,-3.3548392325803637e-06,4.484
1.6880000000000002,-0.0337771949405531,0.25874136086023714,0.0,0.0,up,down,down,down,0.0021461015435875,0.0046675619356477,0.0,-3.3548392325803637e-06,4.5
1.7040000000000002,-0.0377676032386577,0.2515466201751246,0.0,0.0,up,down,down,down,0.0021461015435875,0.0046675619356477,0.0,-3.3548392325803637e-06,4.516
1.7189999999999999,-0.0424438396500458,0.3138951956361372,0.0,0.0,up,down,down,down,0.0021461015435875,0.0046675619356477,0.0,-3.3548392325803637e-06,4.531
1.7349999999999999,-0.045805442235451396,0.2122462631314323,0.0,0.0,up,down,down,down,0.0021461015435875,0.0046675619356477,0.0,-3.3548392325803637e-06,4.547
1.7500000000000004,-0.0491024815706352,0.22194872388917128,0.0,0.0,up,down,down,down,0.0021461015435875,0.0046675619356477,0.0,-3.3548392325803637e-06,4.562
1.7820000000000005,-0.0528870831163476,0.1204148998470987,0.0,0.0,up,down,down,down,0.0021461015435875,0.0046675619356477,0.0,-3.3548392325803637e-06,4.594
1.7970000000000002,-0.0579819987140374,0.34180714138958274,0.0,0.0,up,down,down,down,0.0021461015435875,0.0046675619356477,0.0,-3.3548392325803637e-06,4.609
1.8130000000000002,-0.062949484557956,0.3126139667884994,0.0,0.0,up,down,down,down,0.0021461015435875,0.0046675619356477,0.0,-3.3548392325803637e-06,4.625
1.8290000000000002,-0.0678726736481784,0.3098454196824859,0.0,0.0,up,down,down,down,0.0021461015435875,0.0046675619356477,0.0,-3.3548392325803637e-06,4.641
1.8439999999999999,-0.0718163199566194,0.2650558554396609,0.0,0.0,up,down,down,down,0.0021461015435875,0.0046675619356477,0.0,-3.3548392325803637e-06,4.656
1.8599999999999999,-0.0767526115132567,0.3106643238334203,0.0,0.0,up,down,down,down,0.0021461015435875,0.0046675619356477,0.0,-3.3548392325803637e-06,4.672
1.8750000000000004,-0.0815566328599234,0.3224141913213545,0.0,0.0,up,down,down,down,0.0021461015435875,0.0046675619356477,0.0,-3.3548392325803637e-06,4.687
1.8910000000000005,-0.0857818003565355,0.2662190700818409,0.0,0.0,up,down,down,down,0.0021461015435875,0.0046675619356477,0.0,-3.3548392325803637e-06,4.703
1.9070000000000005,-0.0903758767101851,0.289275873646688,0.0105115489239226,0.0,up,down,down,down,0.0021461015435875,0.0046675619356477,0.0,-3.3548392325803637e-06,4.719
1.9220000000000002,-0.0948780378403703,0.3022901768892739,0.011830939854017,0.0,up,down,down,down,0.0021461015435875,0.0046675619356477,0.0,-3.3548392325803637e-06,4.734
1.9380000000000002,-0.1008902217532944,0.3779075961013452,0.0133224049397959,0.0,up,down,down,down,0.0021461015435875,0.0046675619356477,0.0,-3.3548392325803637e-06,4.75
1.9540000000000002,-0.1064210620172438,0.3478236180404211,0.0149062142189899,0.0,up,down,down,down,0.0021461015435875,0.0046675619356477,0.0,-3.3548392325803637e-06,4.766
1.9689999999999999,-0.1117932378507457,0.3602911571103894,0.016472808038965,0.0,up,down,down,down,0.0021461015435875,0.0046675619356477,0.0,-3.3548392325803637e-06,4.781
1.9849999999999999,-0.1180014426901294,0.3901589040050664,0.0182364844923217,0.0,up,down,down,down,0.0021461015435875,0.0046675619356477,0.0,-3.3548392325803637e-06,4.797
2.0000000000000004,-0.1232868273882736,0.35450508141985504,0.0199761330888751,0.0,up,down,down,down,0.0021461015435875,0.0046675619356477,0.0,-3.3548392325803637e-06,4.812
2.0320000000000005,-0.1279583398893837,0.1481308672032775,0.0238466937833769,0.0,up,down,down,down,0.0021461015435875,0.0046675619356477,0.0,-3.3548392325803637e-06,4.844
2.047,-0.1334129036821173,0.3657836877258405,0.0257369646811284,0.0,up,down,down,down,0.0021461015435875,0.0046675619356477,0.0,-3.3548392325803637e-06,4.859
2.063,-0.1397138439512647,0.3959548683652999,0.0278472976712251,0.0,up,down,down,down,0.0021461015435875,0.0046675619356477,0.0,-3.3548392325803637e-06,4.875
2.079,-0.14586930775836032,0.3868625894870577,0.0300572818939317,0.0,up,down,down,down,0.0021461015435875,0.0046675619356477,0.0,-3.3548392325803637e-06,4.891
2.094,-0.15147943111194972,0.37615432511622604,0.0322173840064243,0.0,up,down,down,down,0.0021461015435875,0.0046675619356477,0.0,-3.3548392325803637e-06,4.906
2.11,-0.15801034389411042,0.4103281504286289,0.0346186212155024,0.0,up,down,down,down,0.0021461015435875,0.0046675619356477,0.0,-3.3548392325803637e-06,4.922
2.1250000000000004,-0.164369649297777,0.4260997951213436,0.0369664577354069,0.0,up,down,down,down,0.0021461015435875,0.0046675619356477,0.0,-3.3548392325803637e-06,4.937
2.1410000000000005,-0.17134239799676002,0.43794289523002533,0.0395774731227928,0.0,up,down,down,down,0.0021461015435875,0.0046675619356477,0.0,-3.3548392325803637e-06,4.953
2.1570000000000005,-0.1767039659957969,0.33724410148339123,0.0422871630437629,0.0,up,down,down,down,0.0021461015435875,0.0046675619356477,0.0,-3.3548392325803637e-06,4.969
2.172,-0.1822228807106469,0.3700737492002619,0.0449091009650265,0.0,up,down,down,down,0.0021461015435875,0.0046675619356477,0.0,-3.3548392325803637e-06,4.984
2.204,-0.18764316990889002,0.1715301389886845,0.0506775957929984,0.0,up,down,down,down,0.0021461015435875,0.0046675619356477,0.0,-3.3548392325803637e-06,5.016
2.219,-0.1932027148455048,0.3727824306512496,0.0534639264996216,0.0,up,down,down,down,0.0021461015435875,0.0046675619356477,0.0,-3.3548392325803637e-06,5.031
2.235,-0.19979159834101692,0.4139513200130947,0.0565332000141434,0.01081892824219362,up,down,down,down,0.0021461015435875,0.0046675619356477,0.0,-3.3548392325803637e-06,5.047
2.2500000000000004,-0.2062567803365595,0.4331582345797431,0.0595085494251906,0.01168924136298862,up,down,down,down,0.0021461015435875,0.0046675619356477,0.0,-3.3548392325803637e-06,5.062
2.2660000000000005,-0.21181611124305272,0.3496042831994114,0.0627784515668571,0.01266753737092502,up,down,down,down,0.0021461015435875,0.0046675619356477,0.0,-3.3548392325803637e-06,5.078
2.2820000000000005,-0.21811357467869633,0.3957375662713144,0.0661432080632608,0.01369891064796592,up,down,down,down,0.0021461015435875,0.0046675619356477,0.0,-3.3548392325803637e-06,5.094
2.297,-0.22441204269538412,0.4220439693227807,0.0693921367645316,0.01471542573417442,up,down,down,down,0.0021461015435875,0.0046675619356477,0.0,-3.3548392325803637e-06,5.109
2.313,-0.2305907388519709,0.3883146113302645,0.0729574780259401,0.01585422265249812,up,down,down,down,0.0021461015435875,0.0046675619356477,0.0,-3.3548392325803637e-06,5.125
2.329,-0.2373387956641045,0.4238996523019396,0.0766262333110983,0.01705089234319442,up,down,down,down,0.0021461015435875,0.0046675619356477,0.0,-3.3548392325803637e-06,5.141
2.344,-0.2437372216027,0.4287078307832905,0.0801642900115645,0.01822682126811442,up,down,down,down,0.0021461015435875,0.0046675619356477,0.0,-3.3548392325803637e-06,5.156
2.36,-0.2499841448297565,0.3925788032346219,0.0840393799520538,0.01954045062782332,up,down,down,down,0.0021461015435875,0.0046675619356477,0.0,-3.3548392325803637e-06,5.172
2.3750000000000004,-0.2565551783737731,0.4402150044780081,0.0877684114470457,0.020829009063316622,up,down,down,down,0.0021461015435875,0.0046675619356477,0.0,-3.3548392325803637e-06,5.187
2.4070000000000005,-0.2629398753740143,0.20166788280112619,0.0959309703250696,0.023768199171670522,up,down,down,down,0.0021461015435875,0.0046675619356477,0.0,-3.3548392325803637e-06,5.219
2.422,-0.26928842222579863,0.4253825583292179,0.0998526691280334,0.02523657646756872,up,down,down,down,0.0021461015435875,0.0046675619356477,0.0,-3.3548392325803637e-06,5.234
2.438,-0.2757412639365508,0.4054487084655941,0.1041382256263618,0.02686850362560392,up,down,down,down,0.0021461015435875,0.0046675619356477,0.0,-3.3548392325803637e-06,5.25
2.454,-0.2820594775665021,0.39703445341554533,0.1085259505674159,0.02856981703515412,up,down,down,down,0.0021461015435875,0.0046675619356477,0.0,-3.3548392325803637e-06,5.266
2.469,-0.2884371456681531,0.4273239749869944,0.112734661812641,0.030229271628004522,up,down,down,down,0.0021461015435875,0.0046675619356477,0.0,-3.3548392325803637e-06,5.281
2.485,-0.29273433291084133,0.2707203042116022,0.1173093526503026,0.032069623743708114,up,down,down,down,0.0021461015435875,0.0046675619356477,0.0,-3.3548392325803637e-06,5.297
2.5000000000000004,-0.2969345565654907,0.28216101185354014,0.1216618558923405,0.033861907807778015,up,down,down,down,0.0021461015435875,0.0046675619356477,0.0,-3.3548392325803637e-06,5.312
2.5160000000000005,-0.3034877066441481,0.41171798145966904,0.1263905530070473,0.03584632707897312,up,down,down,down,0.0021461015435875,0.0046675619356477,0.0,-3.3548392325803637e-06,5.328
2.547,-0.30995156693548503,0.21065772384478118,0.1357541673275265,0.039909570244158914,up,down,down,down,0.0021461015435875,0.0046675619356477,0.0,-3.3548392325803637e-06,5.359
2.563,-0.316225551697828,0.39427014919002323,0.1406889032856226,0.042121114809064115,up,down,down,down,0.0021461015435875,0.0046675619356477,0.0,-3.3548392325803637e-06,5.375
2.579,-0.3210806205408651,0.3055879042334061,0.1457126716725618,0.044412327408729614,up,down,down,down,0.0021461015435875,0.0046675619356477,0.0,-3.3548392325803637e-06,5.391
2.594,-0.3270557206721455,0.4004861102956254,0.1505036808026245,0.04663395005229342,up,down,down,down,0.0021461015435875,0.0046675619356477,0.0,-3.3548392325803637e-06,5.406
2.61,-0.330900173796559,0.2424244218194313,0.1556926469674038,0.049083520674453714,up,down,down,down,0.0021461015435875,0.0046675619356477,0.0,-3.3548392325803637e-06,5.422
2.6250000000000004,-0.3346241925193975,0.2504140163994748,0.160614066285739,0.051455821023852315,up,down,down,down,0.0021461015435875,0.0046675619356477,0.0,-3.3548392325803637e-06,5.437
2.6410000000000005,-0.3385142062970558,0.24527196264723078,0.1659244924853002,0.054068129494020616,up,down,down,down,0.0021461015435875,0.0046675619356477,0.0,-3.3548392325803637e-06,5.453
2.6570000000000005,-0.3424166829522529,0.2460508924934099,0.1712972586083244,0.05676590350276962,up,down,down,down,0.0021461015435875,0.0046675619356477,0.0,-3.3548392325803637e-06,5.469
2.672,-0.3462342909889244,0.256653303988354,0.1763921274838484,0.059373573898460916,up,down,down,down,0.0021461015435875,0.0046675619356477,0.0,-3.3548392325803637e-06,5.484
2.688,-0.3502968419742557,0.25605553812679793,0.1818896955565835,0.062239828482784317,up,down,down,down,0.0021461015435875,0.0046675619356477,0.0,-3.3548392325803637e-06,5.5
2.704,-0.3527315823207927,0.15431737320215058,0.1874392419599735,0.06519445998291681,up,down,down,down,0.0021461015435875,0.0046675619356477,0.0,-3.3548392325803637e-06,5.516
2.719,-0.3551157356470717,0.1610896566288541,0.1926780834156976,0.06804533992323432,up,down,down,down,0.0021461015435875,0.0046675619356477,0.0,-3.3548392325803637e-06,5.531
2.735,-0.3572897778816752,0.1380237412063055,0.1983026465329573,0.07117318576282351,up,down,down,down,0.0021461015435875,0.0046675619356477,0.0,-3.3548392325803637e-06,5.547
2.7500000000000004,-0.36104710074445723,0.25263429239571633,0.2036201596936187,0.07418760680952302,up,down,down,down,0.0021461015435875,0.0046675619356477,0.0,-3.3548392325803637e-06,5.562
2.7820000000000005,-0.3643456441558114,0.10522558314840491,0.2150770816300823,0.08088676267070222,up,down,down,down,0.0021461015435875,0.0046675619356477,0.0,-3.3548392325803637e-06,5.594
2.797,-0.3671721072595488,0.19057697512608168,0.2204934513366627,0.08415354166795272,up,down,down,down,0.0021461015435875,0.0046675619356477,0.0,-3.3548392325803637e-06,5.609
2.813,-0.3699251034902619,0.1742083659631575,0.2263155480316908,0.08772801366289952,up,down,down,down,0.0021461015435875,0.0046675619356477,0.0,-3.3548392325803637e-06,5.625
2.829,-0.372610766632821,0.1700000479535333,0.2321811540017051,0.09139598727916672,up,down,down,down,0.0021461015435875,0.0046675619356477,0.0,-3.3548392325803637e-06,5.641
2.844,-0.3766964845052224,0.2745272930370211,0.2377309449562056,0.09492032802135102,up,down,down,down,0.0021461015435875,0.0046675619356477,0.0,-3.3548392325803637e-06,5.656
2.86,-0.3805394122192122,0.24232908366794678,0.2437141511390307,0.09877188879011281,up,down,down,down,0.0021461015435875,0.0046675619356477,0.0,-3.3548392325803637e-06,5.672
2.8750000000000004,-0.3842777615364471,0.2513693893592403,0.2493802665131637,0.10247009692250442,up,down,down,down,0.0021461015435875,0.0046675619356477,0.0,-3.3548392325803637e-06,5.687
2.8910000000000005,-0.3872208753668732,0.1860907159452194,0.2554775746174199,0.10650895965154912,up,down,down,down,0.0021461015435875,0.0046675619356477,0.0,-3.3548392325803637e-06,5.703
2.9070000000000005,-0.3897211440864296,0.158412896515858,0.261618429782076,0.11064572768674512,up,down,down,down,0.0021461015435875,0.0046675619356477,0.0,-3.3548392325803637e-06,5.719
2.922,-0.3924908006628306,0.1867898733036612,0.2674150059386606,0.11461347845465052,up,down,down,down,0.0021461015435875,0.0046675619356477,0.0,-3.3548392325803637e-06,5.734
2.938,-0.39520122382510603,0.1715475491858019,0.2736418611435938,0.11894193339130861,up,down,down,down,0.0021461015435875,0.0046675619356477,0.0,-3.3548392325803637e-06,5.75
2.954,-0.39786300927415214,0.1685076921089655,0.2799116940174175,0.12337036183259671,up,down,down,down,0.0021461015435875,0.0046675619356477,0.0,-3.3548392325803637e-06,5.766
2.969,-0.4004976562521242,0.17778923340839858,0.2858293855798297,0.12761341992957592,up,down,down,down,0.0021461015435875,0.0046675619356477,0.0,-3.3548392325803637e-06,5.781
2.985,-0.4030477578365978,0.1615274505731843,0.2921830679015691,0.13223751955742713,up,down,down,down,0.0021461015435875,0.0046675619356477,0.0,-3.3548392325803637e-06,5.797
3.0000000000000004,-0.40568957316670223,0.1782671235505432,0.2981785844550594,0.13666523195010202,up,down,down,down,0.0021461015435875,0.0046675619356477,0.0,-3.3548392325803637e-06,5.812
3.0320000000000005,-0.4071437825187764,0.0475901437959058,0.3110345561640864,0.1464126422000084,up,down,down,down,0.0021461015435875,0.0046675619356477,0.0,-3.3548392325803637e-06,5.844
3.047,-0.4085494209738004,0.09585533187852681,0.3170822417612459,0.15112351818444833,up,down,down,down,0.0021461015435875,0.0046675619356477,0.0,-3.3548392325803637e-06,5.859
3.063,-0.4109451438687691,0.151878782479131,0.3235635172890161,0.15624868425685043,up,down,down,down,0.0021461015435875,0.0046675619356477,0.0,-3.3548392325803637e-06,5.875
3.079,-0.4135345647583754,0.1639849071439768,0.3300846739670629,0.16147786978689901,up,down,down,down,0.0021461015435875,0.0046675619356477,0.0,-3.3548392325803637e-06,5.891
3.094,-0.4154395176084974,0.12914295821839308,0.3362319661557796,0.1664752445878202,up,down,down,down,0.0021461015435875,0.0046675619356477,0.0,-3.3548392325803637e-06,5.906
3.11,-0.4173133607263003,0.11926129640626991,0.3428193081914876,0.17190765478259842,up,down,down,down,0.0021461015435875,0.0046675619356477,0.0,-3.3548392325803637e-06,5.922
3.1250000000000004,-0.4195860237004005,0.1536569664835894,0.3490260401456534,0.1770964948951271,up,down,down,down,0.0021461015435875,0.0046675619356477,0.0,-3.3548392325803637e-06,5.937
3.1410000000000005,-0.4215029084818481,0.12195140038406811,0.3556800706121411,0.18273414378118952,up,down,down,down,0.0021461015435875,0.0046675619356477,0.0,-3.3548392325803637e-06,5.953
3.1570000000000005,-0.4233867467657947,0.11988599429024731,0.3623645068631518,0.18847850040099182,up,down,down,down,0.0021461015435875,0.0046675619356477,0.0,-3.3548392325803637e-06,5.969
3.172,-0.4253494675046489,0.1329941508005351,0.3686600150411453,0.193961184315274,up,down,down,down,0.0021461015435875,0.0046675619356477,0.0,-3.3548392325803637e-06,5.984
3.188,-0.4273335659975944,0.126152257352685,0.3754067983181929,0.19991371882214873,up,down,down,down,0.0021461015435875,0.0046675619356477,0.0,-3.3548392325803637e-06,6.0
3.204,-0.4302264707911866,0.1829526511430977,0.3821925976215328,0.2059745139896665,up,down,down,down,0.0021461015435875,0.0046675619356477,0.0,-3.3548392325803637e-06,6.016
3.219,-0.4320824329294942,0.1258769107640989,0.388589900970403,0.2117553827291059,up,down,down,down,0.0021461015435875,0.0046675619356477,0.0,-3.3548392325803637e-06,6.031
3.235,-0.43348260764497754,0.0896570212612911,0.3954397403040284,0.21802761985930133,up,down,down,down,0.0021461015435875,0.0046675619356477,0.0,-3.3548392325803637e-06,6.047
3.2500000000000004,-0.4348837211838602,0.09555367080243231,0.4018824743412102,0.22400753646914082,up,down,down,down,0.0021461015435875,0.0046675619356477,0.0,-3.3548392325803637e-06,6.062
3.2660000000000005,-0.436817003751436,0.1229762620170714,0.4087813991497223,0.23049284745706833,up,down,down,down,0.0021461015435875,0.0046675619356477,0.0,-3.3548392325803637e-06,6.078
3.297,-0.4385144522733508,0.0569025054763228,0.4222043422981013,0.24337312644950942,up,down,down,down,0.0021461015435875,0.0046675619356477,0.0,-3.3548392325803637e-06,6.109
3.313,-0.44018836611713213,0.10676571677992171,0.4291592838542548,0.2501840354587283,up,down,down,down,0.0021461015435875,0.0046675619356477,0.0,-3.3548392325803637e-06,6.125
3.329,-0.44048136143926614,0.0204583091769627,0.4361299606837356,0.2571063494150323,up,down,down,down,0.0021461015435875,0.0046675619356477,0.0,-3.3548392325803637e-06,6.141
3.344,-0.4428138939687915,0.15764827017861519,0.4426846616702611,0.2636974590826871,up,down,down,down,0.0021461015435875,0.0046675619356477,0.0,-3.3548392325803637e-06,6.156
3.36,-0.44509661603324874,0.14481623057216428,0.4497132647593071,0.2708366424941237,up,down,down,down,0.0021461015435875,0.0046675619356477,0.0,-3.3548392325803637e-06,6.172
3.3750000000000004,-0.4461838341801076,0.0746273113341753,0.4563278547068728,0.2776319508901203,up,down,down,down,0.0021461015435875,0.0046675619356477,0.0,-3.3548392325803637e-06,6.187
3.3910000000000005,-0.4459703309107698,0.0111978527900236,0.4633904070366295,0.28498969698406834,up,down,down,down,0.0021461015435875,0.0046675619356477,0.0,-3.3548392325803637e-06,6.203
3.4070000000000005,-0.4470005342204678,0.0665338083997157,0.470459492966709,0.29246049618409503,up,down,down,down,0.0021461015435875,0.0046675619356477,0.0,-3.3548392325803637e-06,6.219
3.422,-0.4480230374260276,0.0703129819142385,0.4771021563250229,0.2995672085537828,up,down,down,down,0.0021461015435875,0.0046675619356477,0.0,-3.3548392325803637e-06,6.234
3.438,-0.44935651373695323,0.0854883709764386,0.4842065117433564,0.3072576778983299,up,down,down,down,0.0021461015435875,0.0046675619356477,0.0,-3.3548392325803637e-06,6.25
3.454,-0.4510889002412028,0.1104202580591849,0.4913353940642113,0.31506201314479043,up,down,down,down,0.0021461015435875,0.0046675619356477,0.0,-3.3548392325803637e-06,6.266
3.469,-0.452780226418179,0.11490118000867021,0.4980443990851217,0.3224823615934103,up,down,down,down,0.0021461015435875,0.0046675619356477,0.0,-3.3548392325803637e-06,6.281
3.485,-0.4552576740025457,0.1569865755665088,0.5052340212975169,0.3305085889564714,up,down,down,down,0.0021461015435875,0.0046675619356477,0.0,-3.3548392325803637e-06,6.297
3.5160000000000005,-0.4569414684682317,0.0564620520495866,0.5192284135858092,0.3463877566971633,up,down,down,down,0.0021461015435875,0.0046675619356477,0.0,-3.3548392325803637e-06,6.328
3.5320000000000005,-0.4585281034255376,0.1013107863752081,0.5264774891699889,0.35475340391920973,up,down,down,down,0.0021461015435875,0.0046675619356477,0.0,-3.3548392325803637e-06,6.344
3.547,-0.4603460166079837,0.1233403137066609,0.5332990316412055,0.36270172782529353,up,down,down,down,0.0021461015435875,0.0046675619356477,0.0,-3.3548392325803637e-06,6.359
3.563,-0.4606908087291223,0.0236956091147488,0.540592645252932,0.37129286124044664,up,down,down,down,0.0021461015435875,0.0046675619356477,0.0,-3.3548392325803637e-06,6.375
3.579,-0.4622374321159856,0.0988100632225429,0.5479013901887225,0.3800008135239799,up,down,down,down,0.0021461015435875,0.0046675619356477,0.0,-3.3548392325803637e-06,6.391
3.594,-0.4655519735183179,0.22311552836574808,0.5547897973019449,0.3882709974301597,up,down,down,down,0.0021461015435875,0.0046675619356477,0.0,-3.3548392325803637e-06,6.406
3.61,-0.4661624356149686,0.0402999825842575,0.5621688315840409,0.39720666646124764,up,down,down,down,0.0021461015435875,0.0046675619356477,0.0,-3.3548392325803637e-06,6.422
3.6250000000000004,-0.4667181199843479,0.0391917261688694,0.5690954223220013,0.4056911483655432,up,down,down,down,0.0021461015435875,0.0046675619356477,0.0,-3.3548392325803637e-06,6.437
3.6410000000000005,-0.4674143650140453,0.0456614158996781,0.5764938012110181,0.41485586215380743,up,down,down,down,0.0021461015435875,0.0046675619356477,0.0,-3.3548392325803637e-06,6.453
3.6570000000000005,-0.4693365968655686,0.12228559226379311,0.5839131279150847,0.4241391175868162,up,down,down,down,0.0021461015435875,0.0046675619356477,0.0,-3.3548392325803637e-06,6.469
3.672,-0.4712163931312715,0.12746585259044968,0.5908972619110261,0.4329501955105119,up,down,down,down,0.0021461015435875,0.0046675619356477,0.0,-3.3548392325803637e-06,6.484
3.688,-0.4717902004419886,0.0380090584634062,0.5983666336686418,0.44246430667514924,up,down,down,down,0.0021461015435875,0.0046675619356477,0.0,-3.3548392325803637e-06,6.5
3.704,-0.47269977085730014,0.058994252500554796,0.6058478724480658,0.4520980227240829,up,down,down,down,0.0021461015435875,0.0046675619356477,0.0,-3.3548392325803637e-06,6.516
3.719,-0.4729300854348767,0.0175004067153616,0.6128700829412222,0.46123840738950234,up,down,down,down,0.0021461015435875,0.0046675619356477,0.0,-3.3548392325803637e-06,6.531
3.7500000000000004,-0.473181242866218,0.0102479541675001,0.6273901141098844,0.4804624404437948,up,down,down,down,0.0021461015435875,0.0046675619356477,0.0,-3.3548392325803637e-06,6.562
3.7660000000000005,-0.4730587559827963,0.0,0.6348853531097062,0.4905606441815516,up,down,down,down,0.0021461015435875,0.0046675619356477,0.0,-3.3548392325803637e-06,6.578
3.7820000000000005,-0.4743240646808768,0.08122789517361881,0.6423897346840453,0.5007788448839017,up,down,down,down,0.0021461015435875,0.0046675619356477,0.0,-3.3548392325803637e-06,6.594
3.797,-0.4755625060448646,0.08470885914278081,0.6494438705354535,0.5104675969230477,up,down,down,down,0.0021461015435875,0.0046675619356477,0.0,-3.3548392325803637e-06,6.609
3.813,-0.47669995602859133,0.0732367255265042,0.6569872892410707,0.5209190462012598,up,down,down,down,0.0021461015435875,0.0046675619356477,0.0,-3.3548392325803637e-06,6.625
3.844,-0.4762489232048938,0.012403344382138899,0.6716133024491846,0.5415123553724586,up,down,down,down,0.0021461015435875,0.0046675619356477,0.0,-3.3548392325803637e-06,6.656
3.86,-0.4766548752886414,0.027518106777812898,0.6791618518461625,0.5523185566068214,up,down,down,down,0.0021461015435875,0.0046675619356477,0.0,-3.3548392325803637e-06,6.672
3.8750000000000004,-0.4767844820459056,0.0107865520278708,0.6862426335971372,0.5625590902476465,up,down,down,down,0.0021461015435875,0.0046675619356477,0.0,-3.3548392325803637e-06,6.687
3.8910000000000005,-0.4784314110567126,0.10507916471902401,0.6938096797509878,0.5735995087544316,up,down,down,down,0.0021461015435875,0.0046675619356477,0.0,-3.3548392325803637e-06,6.703
3.9070000000000005,-0.4786784253420374,0.017584494376388,0.7013918774512075,0.5847611212120492,up,down,down,down,0.0021461015435875,0.0046675619356477,0.0,-3.3548392325803637e-06,6.719
3.938,-0.4782942950666981,0.010245197660907599,0.7160802601975377,0.6067319393456044,up,down,down,down,0.0021461015435875,0.0046675619356477,0.0,-3.3548392325803637e-06,6.75
3.954,-0.4779257535836691,0.0208877411457253,0.7236553395957702,0.6182498241439509,up,down,down,down,0.0021461015435875,0.0046675619356477,0.0,-3.3548392325803637e-06,6.766
3.969,-0.4794064103914372,0.10085655539479621,0.7307653173965486,0.629157979071393,up,down,down,down,0.0021461015435875,0.0046675619356477,0.0,-3.3548392325803637e-06,6.781
3.985,-0.4794587204936337,0.0,0.7383615574526589,0.6409109940701867,up,down,down,down,0.0021461015435875,0.0046675619356477,0.0,-3.3548392325803637e-06,6.797
4.016,-0.4790547819923691,0.010884172690755199,0.7530738223211871,0.6640282424566818,up,down,down,down,0.0021461015435875,0.0046675619356477,0.0,-3.3548392325803637e-06,6.828
4.032,-0.4804992216473386,0.09242357997918381,0.7606755733593344,0.676138237622126,up,down,down,down,0.0021461015435875,0.0046675619356477,0.0,-3.3548392325803637e-06,6.844
4.047000000000001,-0.4800782296731948,0.0259200300659999,0.7678098908152036,0.6876018786034348,up,down,down,down,0.0021461015435875,0.0046675619356477,0.0,-3.3548392325803637e-06,6.859
4.063000000000001,-0.4796661204090728,0.023610727464040603,0.7754131646248914,0.6999476630469555,up,down,down,down,0.0021461015435875,0.0046675619356477,0.0,-3.3548392325803637e-06,6.875
4.079000000000001,-0.4796500738078286,0.0,0.7830130131876563,0.7124150724694559,up,down,down,down,0.0021461015435875,0.0046675619356477,0.0,-3.3548392325803637e-06,6.891
4.093999999999999,-0.4824142279530895,0.1864230445609906,0.7901584820218283,0.7242138586835268,up,down,down,down,0.0021461015435875,0.0046675619356477,0.0,-3.3548392325803637e-06,6.906
4.109999999999999,-0.485120771674035,0.17130508410267958,0.7978240810278749,0.7369177191879245,up,down,down,down,0.0021461015435875,0.0046675619356477,0.0,-3.3548392325803637e-06,6.922
4.125,-0.4835259949021039,0.1041723499184814,0.8050189183481615,0.7489390416832452,up,down,down,down,0.0021461015435875,0.0046675619356477,0.0,-3.3548392325803637e-06,6.937
4.141,-0.48495874764423513,0.09169314792678561,0.8126921152975619,0.761880729952411,up,down,down,down,0.0021461015435875,0.0046675619356477,0.0,-3.3548392325803637e-06,6.953
4.157,-0.48637100954984364,0.09041247064411881,0.8203880723641442,0.7749453714537046,up,down,down,down,0.0021461015435875,0.0046675619356477,0.0,-3.3548392325803637e-06,6.969
4.172000000000001,-0.4874872612768168,0.07656288334179981,0.8276219959663094,0.7873054469661827,up,down,down,down,0.0021461015435875,0.0046675619356477,0.0,-3.3548392325803637e-06,6.984
4.188000000000001,-0.487336034180112,0.0,0.8353459013389944,0.8006091901446251,up,down,down,down,0.0021461015435875,0.0046675619356477,0.0,-3.3548392325803637e-06,7.0
4.204000000000001,-0.4883647134999211,0.0664385590316562,0.8430768263294643,0.8140365719659728,up,down,down,down,0.0021461015435875,0.0046675619356477,0.0,-3.3548392325803637e-06,7.016
4.218999999999999,-0.4893494173501195,0.06779302489015171,0.8503396688818048,0.826737195680057,up,down,down,down,0.0021461015435875,0.0046675619356477,0.0,-3.3548392325803637e-06,7.031
4.234999999999999,-0.4889972000297326,0.0198674809805954,0.8580917608298733,0.8404046471177504,up,down,down,down,0.0021461015435875,0.0046675619356477,0.0,-3.3548392325803637e-06,7.047
4.25,-0.48952909573608483,0.0376058153004034,0.8653606946190825,0.8533305405336181,up,down,down,down,0.0021461015435875,0.0046675619356477,0.0,-3.3548392325803637e-06,7.062
4.282,-0.490016539245591,0.0173787112156542,0.8808840627968486,0.881270456652273,up,down,down,down,0.0021461015435875,0.0046675619356477,0.0,-3.3548392325803637e-06,7.094
4.297000000000001,-0.4880893361050144,0.1263341078281882,0.8881498434329432,0.8945382109489961,up,down,down,down,0.0021461015435875,0.0046675619356477,0.0,-3.3548392325803637e-06,7.109
4.313000000000001,-0.4880468317388899,0.0,0.8958842517847241,0.9088104837107375,up,down,down,down,0.0021461015435875,0.0046675619356477,0.0,-3.3548392325803637e-06,7.125
4.329000000000001,-0.48792294960150423,0.0,0.9036173290444768,0.9232064963573711,up,down,down,down,0.0021461015435875,0.0046675619356477,0.0,-3.3548392325803637e-06,7.141
4.343999999999999,-0.4871342257267378,0.0504354901075044,0.9108602444304038,0.9368150781584322,up,down,down,down,0.0021461015435875,0.0046675619356477,0.0,-3.3548392325803637e-06,7.156
4.375,-0.48809193675099033,0.0330400055517308,0.9258315555288038,0.9652838010578007,up,down,down,down,0.0021461015435875,0.0046675619356477,0.0,-3.3548392325803637e-06,7.187
4.391,-0.4889001314586671,0.0526582707733868,0.9335728110835108,0.9801590359906991,up,down,down,down,0.0021461015435875,0.0046675619356477,0.0,-3.3548392325803637e-06,7.203
4.407,-0.4892255302914545,0.022483528592798098,0.9413231353865412,0.9951582035624597,up,down,down,down,0.0021461015435875,0.0046675619356477,0.0,-3.3548392325803637e-06,7.219
4.422000000000001,-0.48954773452518724,0.0236263837924378,0.9485939214436312,1.0093325814886855,up,down,down,down,0.0021461015435875,0.0046675619356477,0.0,-3.3548392325803637e-06,7.234
4.438000000000001,-0.4901728379834171,0.0412150676829536,0.9563570050327298,1.0245721889004964,up,down,down,down,0.0021461015435875,0.0046675619356477,0.0,-3.3548392325803637e-06,7.25
4.454000000000001,-0.4912545848576641,0.0697552811840251,0.964133743424488,1.039936114888154,up,down,down,down,0.0021461015435875,0.0046675619356477,0.0,-3.3548392325803637e-06,7.266
4.468999999999999,-0.49233111114242323,0.0739145205275345,0.9714406227154538,1.0544529226342034,up,down,down,down,0.0021461015435875,0.0046675619356477,0.0,-3.3548392325803637e-06,7.281
4.484999999999999,-0.4939377909229385,0.10256358782578791,0.9792560929410064,1.070058496359455,up,down,down,down,0.0021461015435875,0.0046675619356477,0.0,-3.3548392325803637e-06,7.297
4.5,-0.49440421465419954,0.0332410169609893,0.9865986445538004,1.0848024068906668,up,down,down,down,0.0021461015435875,0.0046675619356477,0.0,-3.3548392325803637e-06,7.312
4.532,-0.4940915517400803,0.0,1.0022652148341682,1.1166242286408743,up,down,down,down,0.0021461015435875,0.0046675619356477,0.0,-3.3548392325803637e-06,7.344
4.547000000000001,-0.4937769277477385,0.0188288312791944,1.009604215001292,1.1317132493646402,up,down,down,down,0.0021461015435875,0.0046675619356477,0.0,-3.3548392325803637e-06,7.359
4.563000000000001,-0.4942394499107595,0.0310537367324003,1.0174336650315896,1.1479295524049031,up,down,down,down,0.0021461015435875,0.0046675619356477,0.0,-3.3548392325803637e-06,7.375
4.579000000000001,-0.4925316831747749,0.10458931945545019,1.0252531531053035,1.1642710469499984,up,down,down,down,0.0021461015435875,0.0046675619356477,0.0,-3.3548392325803637e-06,7.391
4.593999999999999,-0.4908225134109702,0.1117985493767317,1.0325582961506616,1.1797046328194178,up,down,down,down,0.0021461015435875,0.0046675619356477,0.0,-3.3548392325803637e-06,7.406
4.609999999999999,-0.4911380317195703,0.021865995831094,1.0403392995207357,1.196287813584789,up,down,down,down,0.0021461015435875,0.0046675619356477,0.0,-3.3548392325803637e-06,7.422
4.625,-0.4909946975390262,0.0,1.0476352815611407,1.2119476229429036,up,down,down,down,0.0021461015435875,0.0046675619356477,0.0,-3.3548392325803637e-06,7.437
4.641,-0.4908525510998024,0.0,1.055415378559281,1.228772028223867,up,down,down,down,0.0021461015435875,0.0046675619356477,0.0,-3.3548392325803637e-06,7.453
4.657,-0.49137635312450273,0.0348837280873536,1.063198528802105,1.2457209394827582,up,down,down,down,0.0021461015435875,0.0046675619356477,0.0,-3.3548392325803637e-06,7.469
4.672000000000001,-0.4920553257414023,0.0474109426702312,1.0705042529645643,1.261723710346008,up,down,down,down,0.0021461015435875,0.0046675619356477,0.0,-3.3548392325803637e-06,7.484
4.688000000000001,-0.4939974958230077,0.123531731643922,1.0783179945461094,1.2789142883260933,up,down,down,down,0.0021461015435875,0.0046675619356477,0.0,-3.3548392325803637e-06,7.5
4.718999999999999,-0.4958849438058691,0.0630315203455702,1.093516477940352,1.3125777226496331,up,down,down,down,0.0021461015435875,0.0046675619356477,0.0,-3.3548392325803637e-06,7.531
4.734999999999999,-0.4969865896537512,0.07099896703621751,1.1013847692170584,1.3301369326268924,up,down,down,down,0.0021461015435875,0.0046675619356477,0.0,-3.3548392325803637e-06,7.547
4.75,-0.4980404686879164,0.07240470382126521,1.1087774587255863,1.3467131493364628,up,down,down,down,0.0021461015435875,0.0046675619356477,0.0,-3.3548392325803637e-06,7.562
4.766,-0.497959178961194,0.0,1.1166707749158091,1.3645167352055942,up,down,down,down,0.0021461015435875,0.0046675619356477,0.0,-3.3548392325803637e-06,7.578
4.782,-0.4982509907544318,0.0203843386209489,1.1245657752825635,1.382446627607181,up,down,down,down,0.0021461015435875,0.0046675619356477,0.0,-3.3548392325803637e-06,7.594
4.813000000000001,-0.4982778592693292,0.0,1.1398672780379269,1.4175453399336482,up,down,down,down,0.0021461015435875,0.0046675619356477,0.0,-3.3548392325803637e-06,7.625
4.829000000000001,-0.4997187653092129,0.09220272903631681,1.147776570043585,1.4358464907183004,up,down,down,down,0.0021461015435875,0.0046675619356477,0.0,-3.3548392325803637e-06,7.641
4.843999999999999,-0.5006925468618312,0.0670648717181416,1.1552096414558328,1.4531188873045457,up,down,down,down,0.0021461015435875,0.0046675619356477,0.0,-3.3548392325803637e-06,7.656
4.859999999999999,-0.501621819836579,0.0602256624653296,1.1631534753984498,1.47166579223938,up,down,down,down,0.0021461015435875,0.0046675619356477,0.0,-3.3548392325803637e-06,7.672
4.891,-0.5016359597589196,0.0,1.1785592765621753,1.5079623398947706,up,down,down,down,0.0021461015435875,0.0046675619356477,0.0,-3.3548392325803637e-06,7.703
4.907,-0.5011611144239011,0.027531731895069602,1.1865069721646675,1.5268828698845853,up,down,down,down,0.0021461015435875,0.0046675619356477,0.0,-3.3548392325803637e-06,7.719
4.922000000000001,-0.5014806862282802,0.0234508885021971,1.193956772240524,1.544736347967624,up,down,down,down,0.0021461015435875,0.0046675619356477,0.0,-3.3548392325803637e-06,7.734
4.938000000000001,-0.5001254242027747,0.0825577750505068,1.201894940133002,1.5639031616666121,up,down,down,down,0.0021461015435875,0.0046675619356477,0.0,-3.3548392325803637e-06,7.75
4.954000000000001,-0.5003867969727888,0.018481899669464598,1.2098243569114362,1.5831969160429678,up,down,down,down,0.0021461015435875,0.0046675619356477,0.0,-3.3548392325803637e-06,7.766
4.968999999999999,-0.5005770686300649,0.0148308786953305,1.217261572474423,1.6014000605133614,up,down,down,down,0.0021461015435875,0.0046675619356477,0.0,-3.3548392325803637e-06,7.781
4.984999999999999,-0.4999313930150676,0.0382086243937429,1.2251909591766137,1.6209396807665697,up,down,down,down,0.0021461015435875,0.0046675619356477,0.0,-3.3548392325803637e-06,7.797
5.016,-0.5004060081890137,0.017456268445074,1.240551494475272,1.6591586887981746,up,down,down,down,0.0021461015435875,0.0046675619356477,0.0,-3.3548392325803637e-06,7.828
5.032,-0.5008817605940371,0.0318806268575499,1.248487115634566,1.6790709976790534,up,down,down,down,0.0021461015435875,0.0046675619356477,0.0,-3.3548392325803637e-06,7.844
5.047000000000001,-0.5022309091992748,0.0920893418927704,1.255940447228981,1.6978542044005296,up,down,down,down,0.0021461015435875,0.0046675619356477,0.0,-3.3548392325803637e-06,7.859
5.063000000000001,-0.5028354445181157,0.0399295589711412,1.2639062970677497,1.7180129783549034,up,down,down,down,0.0021461015435875,0.0046675619356477,0.0,-3.3548392325803637e-06,7.875
5.079000000000001,-0.5037782660266411,0.0610724458264266,1.2718845257611373,1.7382993049375346,up,down,down,down,0.0021461015435875,0.0046675619356477,0.0,-3.3548392325803637e-06,7.891
5.093999999999999,-0.5048816773642474,0.0757068573840073,1.279379461907534,1.7574337848450492,up,down,down,down,0.0021461015435875,0.0046675619356477,0.0,-3.3548392325803637e-06,7.906
5.109999999999999,-0.5049514653189106,0.0,1.287383446058029,1.7779678881087737,up,down,down,down,0.0021461015435875,0.0046675619356477,0.0,-3.3548392325803637e-06,7.922
5.125,-0.5049966935296356,0.0,1.2948880438203585,1.7973349242828625,up,down,down,down,0.0021461015435875,0.0046675619356477,0.0,-3.3548392325803637e-06,7.937
5.141,-0.5069566544357363,0.12464365817488311,1.3029089896131112,1.8181173005503302,up,down,down,down,0.0021461015435875,0.0046675619356477,0.0,-3.3548392325803637e-06,7.953
5.157,-0.506981213699527,0.0,1.310945811567223,1.8390281389597725,up,down,down,down,0.0021461015435875,0.0046675619356477,0.0,-3.3548392325803637e-06,7.969
5.172000000000001,-0.5070306635812346,0.0,1.3184808872177938,1.8587488392006601,up,down,down,down,0.0021461015435875,0.0046675619356477,0.0,-3.3548392325803637e-06,7.984
5.188000000000001,-0.5060856237375154,0.0569188886888616,1.3265111365253734,1.8799087753906054,up,down,down,down,0.0021461015435875,0.0046675619356477,0.0,-3.3548392325803637e-06,8.0
5.219000000000001,-0.505567092885041,0.0145807001491361,1.3420470592130185,1.9212714274245513,up,down,down,down,0.0021461015435875,0.0046675619356477,0.0,-3.3548392325803637e-06,8.031
5.235000000000001,-0.5053124563051784,0.013768684697823498,1.3500594146155696,1.9428082792151802,up,down,down,down,0.0021461015435875,0.0046675619356477,0.0,-3.3548392325803637e-06,8.047
5.266,-0.5034280175209104,0.0586422463360286,1.3655501975398685,1.9849002282035877,up,down,down,down,0.0021461015435875,0.0046675619356477,0.0,-3.3548392325803637e-06,8.078
5.282,-0.503721706585276,0.0205016680664415,1.3735327143417475,2.0068128914986407,up,down,down,down,0.0021461015435875,0.0046675619356477,0.0,-3.3548392325803637e-06,8.094
5.297000000000001,-0.5039549011234888,0.0176924040911068,1.3810202754705287,2.0274720389222334,up,down,down,down,0.0021461015435875,0.0046675619356477,0.0,-3.3548392325803637e-06,8.109
5.313000000000001,-0.504259069265199,0.0211566104004745,1.389011306242668,2.049632291575939,up,down,down,down,0.0021461015435875,0.0046675619356477,0.0,-3.3548392325803637e-06,8.125
5.329000000000001,-0.5038483679553368,0.023522730322800202,1.3970014847494618,2.0719203939038757,up,down,down,down,0.0021461015435875,0.0046675619356477,0.0,-3.3548392325803637e-06,8.141
5.360000000000001,-0.5021893436806176,0.0513708105441276,1.4124503748598145,2.11546689772782,up,down,down,down,0.0021461015435875,0.0046675619356477,0.0,-3.3548392325803637e-06,8.172
5.375,-0.5020771909044085,0.0,1.4199123604401669,2.1367096182425684,up,down,down,down,0.0021461015435875,0.0046675619356477,0.0,-3.3548392325803637e-06,8.187
5.391,-0.5019722905766651,0.0,1.427870075301045,2.1594918777284984,up,down,down,down,0.0021461015435875,0.0046675619356477,0.0,-3.3548392325803637e-06,8.203
5.407,-0.5019613358739593,0.0,1.4358268633216795,2.18240145323748,up,down,down,down,0.0021461015435875,0.0046675619356477,0.0,-3.3548392325803637e-06,8.219
5.422000000000001,-0.5023980904820283,0.0312630754148546,1.443289545590315,2.2039948263043208,up,down,down,down,0.0021461015435875,0.0046675619356477,0.0,-3.3548392325803637e-06,8.234
5.438000000000001,-0.5031451135002775,0.0488350401841585,1.451259210231203,2.2271512163508924,up,down,down,down,0.0021461015435875,0.0046675619356477,0.0,-3.3548392325803637e-06,8.25
5.454000000000001,-0.5038877050969893,0.048558076338078696,1.459240791789011,2.2504352163670545,up,down,down,down,0.0021461015435875,0.0046675619356477,0.0,-3.3548392325803637e-06,8.266
5.469000000000001,-0.504740934904559,0.0590280887148942,1.466735493159988,2.2723800385041724,up,down,down,down,0.0021461015435875,0.0046675619356477,0.0,-3.3548392325803637e-06,8.281
5.485000000000001,-0.505027814817076,0.0200760960759049,1.4747389621667906,2.2959118341467875,up,down,down,down,0.0021461015435875,0.0046675619356477,0.0,-3.3548392325803637e-06,8.297
5.516,-0.5052906166843413,0.010623581132789,1.4902542034350568,2.3418692282136138,up,down,down,down,0.0021461015435875,0.0046675619356477,0.0,-3.3548392325803637e-06,8.328
5.532,-0.5052842157439875,0.0,1.498264121103513,2.3657773748099222,up,down,down,down,0.0021461015435875,0.0046675619356477,0.0,-3.3548392325803637e-06,8.344
5.547000000000001,-0.5050916724249975,0.010690119722411299,1.505771926835746,2.3883076451694674,up,down,down,down,0.0021461015435875,0.0046675619356477,0.0,-3.3548392325803637e-06,8.359
5.563000000000001,-0.5050528523750407,0.0,1.513778402043176,2.412464047800499,up,down,down,down,0.0021461015435875,0.0046675619356477,0.0,-3.3548392325803637e-06,8.375
5.579000000000001,-0.5053315245413844,0.0195631119400685,1.521786796067537,2.4367485693853843,up,down,down,down,0.0021461015435875,0.0046675619356477,0.0,-3.3548392325803637e-06,8.391
5.594000000000001,-0.5054530831710123,0.010250010185448901,1.5292976671963456,2.4596317028598644,up,down,down,down,0.0021461015435875,0.0046675619356477,0.0,-3.3548392325803637e-06,8.406
5.610000000000001,-0.5055475364473238,0.0,1.537310991162322,2.484164572126734,up,down,down,down,0.0021461015435875,0.0046675619356477,0.0,-3.3548392325803637e-06,8.422
5.625,-0.5067718462280836,0.08376675359424901,1.544833373103352,2.5072806548587243,up,down,down,down,0.0021461015435875,0.0046675619356477,0.0,-3.3548392325803637e-06,8.437
5.641,-0.5064887134507198,0.0155496970416502,1.5528647765898125,2.53206224005627,up,down,down,down,0.0021461015435875,0.0046675619356477,0.0,-3.3548392325803637e-06,8.453
5.657,-0.5061736930434114,0.017542673913184502,1.560891394850795,2.556972289427795,up,down,down,down,0.0021461015435875,0.0046675619356477,0.0,-3.3548392325803637e-06,8.469
5.672000000000001,-0.505403893761155,0.049173850606837204,1.5684082133227948,2.5804420364890976,up,down,down,down,0.0021461015435875,0.0046675619356477,0.0,-3.3548392325803637e-06,8.484
5.688000000000001,-0.5050866933397734,0.0176789247927633,1.5764174570286318,2.6056006418519084,up,down,down,down,0.0021461015435875,0.0046675619356477,0.0,-3.3548392325803637e-06,8.5
5.719000000000001,-0.5048099850287765,0.0,1.5919261611233395,2.6547099679332655,up,down,down,down,0.0021461015435875,0.0046675619356477,0.0,-3.3548392325803637e-06,8.531
5.735000000000001,-0.5048610994687762,0.0,1.5999288488083496,2.6802448080127195,up,down,down,down,0.0021461015435875,0.0046675619356477,0.0,-3.3548392325803637e-06,8.547
5.75,-0.504775234933941,0.0,1.607431107887335,2.704300007687935,up,down,down,down,0.0021461015435875,0.0046675619356477,0.0,-3.3548392325803637e-06,8.562
5.766,-0.5050585476971124,0.019853149241799598,1.6154350971574127,2.7300829373282927,up,down,down,down,0.0021461015435875,0.0046675619356477,0.0,-3.3548392325803637e-06,8.578
5.782,-0.5053566706325902,0.020778785010944097,1.62344373791308,2.7559939680088568,up,down,down,down,0.0021461015435875,0.0046675619356477,0.0,-3.3548392325803637e-06,8.594
5.797000000000001,-0.50621725286895,0.0595182506342436,1.630960528910307,2.7804020000100325,up,down,down,down,0.0021461015435875,0.0046675619356477,0.0,-3.3548392325803637e-06,8.609
5.813000000000001,-0.5057327799047967,0.0281334587159953,1.6389814481815268,2.8065615358267677,up,down,down,down,0.0021461015435875,0.0046675619356477,0.0,-3.3548392325803637e-06,8.625
5.829000000000001,-0.5052081094396675,0.0306458025269851,1.6469942943053122,2.8328493417666625,up,down,down,down,0.0021461015435875,0.0046675619356477,0.0,-3.3548392325803637e-06,8.641
5.844000000000001,-0.5062851131195599,0.0739463468697438,1.654510480045472,2.8576106275742945,up,down,down,down,0.0021461015435875,0.0046675619356477,0.0,-3.3548392325803637e-06,8.656
5.860000000000001,-0.5044471209420304,0.11272840955200969,1.6625216569269945,2.8841468846700744,up,down,down,down,0.0021461015435875,0.0046675619356477,0.0,-3.3548392325803637e-06,8.672
5.875,-0.5060322134346985,0.10781893438813851,1.6700302385057844,2.909141023885818,up,down,down,down,0.0021461015435875,0.0046675619356477,0.0,-3.3548392325803637e-06,8.687
5.891,-0.5059559741300265,0.0,1.6780514630153318,2.935925677497987,up,down,down,down,0.0021461015435875,0.0046675619356477,0.0,-3.3548392325803637e-06,8.703
5.907,-0.5058815943205913,0.0,1.6860714825719665,2.9628386610626856,up,down,down,down,0.0021461015435875,0.0046675619356477,0.0,-3.3548392325803637e-06,8.719
5.938000000000001,-0.5062854484843554,0.0151736552133967,1.7016153773154383,3.0153478073909414,up,down,down,down,0.0021461015435875,0.0046675619356477,0.0,-3.3548392325803637e-06,8.75
5.954000000000001,-0.5051587838797768,0.06827043624257889,1.709632250183381,3.042637788410932,up,down,down,down,0.0021461015435875,0.0046675619356477,0.0,-3.3548392325803637e-06,8.766
5.969000000000001,-0.5039884422480617,0.07587667390407829,1.7171308409503052,3.0683385115944364,up,down,down,down,0.0021461015435875,0.0046675619356477,0.0,-3.3548392325803637e-06,8.781
5.985000000000001,-0.5038360613235467,0.0,1.7251187559879078,3.0958765083699418,up,down,down,down,0.0021461015435875,0.0046675619356477,0.0,-3.3548392325803637e-06,8.797
6.016,-0.503362613669072,0.0131264034394701,1.7405856410302876,3.1495949265237217,up,down,down,down,0.0021461015435875,0.0046675619356477,0.0,-3.3548392325803637e-06,8.828
6.032,-0.5028749780447902,0.0283311249740236,1.748560860773028,3.1775080985381483,up,down,down,down,0.0021461015435875,0.0046675619356477,0.0,-3.3548392325803637e-06,8.844
6.047000000000001,-0.5037887800740996,0.0630662368308753,1.7560408255298854,3.2037926111854214,up,down,down,down,0.0021461015435875,0.0046675619356477,0.0,-3.3548392325803637e-06,8.859
6.063000000000001,-0.5042977090301032,0.033954161293814296,1.7640308364517487,3.2319531844812746,up,down,down,down,0.0021461015435875,0.0046675619356477,0.0,-3.3548392325803637e-06,8.875
6.079000000000001,-0.5042901616430927,0.0,1.772024858426164,3.260241630040298,up,down,down,down,0.0021461015435875,0.0046675619356477,0.0,-3.3548392325803637e-06,8.891
6.094000000000001,-0.5042879726678889,0.0,1.779519181004462,3.286878210336029,up,down,down,down,0.0021461015435875,0.0046675619356477,0.0,-3.3548392325803637e-06,8.906
6.125,-0.5044061044160574,0.0,1.7950092447792574,3.342283400935674,up,down,down,down,0.0021461015435875,0.0046675619356477,0.0,-3.3548392325803637e-06,8.937
6.141,-0.504488381749363,0.0,1.8030057196776104,3.371067520651329,up,down,down,down,0.0021461015435875,0.0046675619356477,0.0,-3.3548392325803637e-06,8.953
6.172000000000001,-0.5033946829282704,0.0331345055884298,1.818483212760109,3.427200599104115,up,down,down,down,0.0021461015435875,0.0046675619356477,0.0,-3.3548392325803637e-06,8.984
6.188000000000001,-0.5023677226427185,0.0620389163034084,1.8264546310137064,3.4563601018543055,up,down,down,down,0.0021461015435875,0.0046675619356477,0.0,-3.3548392325803637e-06,9.0
6.204000000000001,-0.5035021405538397,0.07304722098866441,1.8344269089283085,3.485647154173842,up,down,down,down,0.0021461015435875,0.0046675619356477,0.0,-3.3548392325803637e-06,9.016
6.219000000000001,-0.5033843325231774,0.0,1.841908544047352,3.51321967007116,up,down,down,down,0.0021461015435875,0.0046675619356477,0.0,-3.3548392325803637e-06,9.031
6.235000000000001,-0.5048402131835895,0.09313864281934581,1.849899659422036,3.542754135698915,up,down,down,down,0.0021461015435875,0.0046675619356477,0.0,-3.3548392325803637e-06,9.047
6.266,-0.5062476257549323,0.0475465070707764,1.865426826505577,3.6003416962307915,up,down,down,down,0.0021461015435875,0.0046675619356477,0.0,-3.3548392325803637e-06,9.078
6.282,-0.5063305576841141,0.0,1.8734527709821192,3.630252733010692,up,down,down,down,0.0021461015435875,0.0046675619356477,0.0,-3.3548392325803637e-06,9.094
6.297000000000001,-0.50551857105504,0.0519863403946846,1.8809716260186284,3.6584109159881995,up,down,down,down,0.0021461015435875,0.0046675619356477,0.0,-3.3548392325803637e-06,9.109
6.313000000000001,-0.5047937774761929,0.0431534971343516,1.888979443815908,3.688570524546875,up,down,down,down,0.0021461015435875,0.0046675619356477,0.0,-3.3548392325803637e-06,9.125
6.329000000000001,-0.5051118451630446,0.022025331971819898,1.896984007806052,3.7188582321598513,up,down,down,down,0.0021461015435875,0.0046675619356477,0.0,-3.3548392325803637e-06,9.141
6.344000000000001,-0.5061440082766014,0.0709569757807052,1.9044984132778144,3.7473693503179812,up,down,down,down,0.0021461015435875,0.0046675619356477,0.0,-3.3548392325803637e-06,9.156
6.360000000000001,-0.5056773565756582,0.0270196297653679,1.912518303205662,3.777905484049849,up,down,down,down,0.0021461015435875,0.0046675619356477,0.0,-3.3548392325803637e-06,9.172
6.391,-0.5059490814982296,0.010911421626537401,1.9280538185758016,3.837434351937459,up,down,down,down,0.0021461015435875,0.0046675619356477,0.0,-3.3548392325803637e-06,9.203
6.407,-0.5057959953065349,0.0,1.936073098199269,3.86834736727166,up,down,down,down,0.0021461015435875,0.0046675619356477,0.0,-3.3548392325803637e-06,9.219
6.422000000000001,-0.5054933005199994,0.018033550892107703,1.943587754488934,3.8974448236668233,up,down,down,down,0.0021461015435875,0.0046675619356477,0.0,-3.3548392325803637e-06,9.234
6.438000000000001,-0.5050180148654259,0.0275592518672595,1.951597164021047,3.928606303014903,up,down,down,down,0.0021461015435875,0.0046675619356477,0.0,-3.3548392325803637e-06,9.25
6.454000000000001,-0.5045797126355306,0.0252477878248669,1.9595992648500844,3.959895874445871,up,down,down,down,0.0021461015435875,0.0046675619356477,0.0,-3.3548392325803637e-06,9.266
6.469000000000001,-0.5045725439367298,0.0,1.967097893345342,3.9893461031323385,up,down,down,down,0.0021461015435875,0.0046675619356477,0.0,-3.3548392325803637e-06,9.281
6.485000000000001,-0.5057658326707201,0.07672664741797941,1.9751059193672316,4.02088373363404,up,down,down,down,0.0021461015435875,0.0046675619356477,0.0,-3.3548392325803637e-06,9.297
6.516,-0.5069661982198034,0.0408675708688572,1.9906585714260288,4.082353083241332,up,down,down,down,0.0021461015435875,0.0046675619356477,0.0,-3.3548392325803637e-06,9.328
6.532,-0.5069741552442703,0.0,1.998695413262771,4.114267915118843,up,down,down,down,0.0021461015435875,0.0046675619356477,0.0,-3.3548392325803637e-06,9.344
6.547000000000001,-0.5055726051646995,0.0912905704277935,2.006219500536805,4.144304776972341,up,down,down,down,0.0021461015435875,0.0046675619356477,0.0,-3.3548392325803637e-06,9.359
6.563000000000001,-0.5043059521768959,0.0770197101941371,2.0142238480045678,4.1764683237606715,up,down,down,down,0.0021461015435875,0.0046675619356477,0.0,-3.3548392325803637e-06,9.375
6.579000000000001,-0.5031192020123337,0.0720257837415471,2.0222085682471107,4.208759783090685,up,down,down,down,0.0021461015435875,0.0046675619356477,0.0,-3.3548392325803637e-06,9.391
6.594000000000001,-0.5040055511389897,0.06123604332065,2.029691990466711,4.23914903728104,up,down,down,down,0.0021461015435875,0.0046675619356477,0.0,-3.3548392325803637e-06,9.406
6.610000000000001,-0.5039157105571056,0.0,2.037680679569309,4.271688018641328,up,down,down,down,0.0021461015435875,0.0046675619356477,0.0,-3.3548392325803637e-06,9.422
6.625,-0.5038690579488064,0.0,2.045169051904068,4.302309391627376,up,down,down,down,0.0021461015435875,0.0046675619356477,0.0,-3.3548392325803637e-06,9.437
6.641,-0.5042715448051104,0.0273015300625844,2.0531594957351293,4.33509602000849,up,down,down,down,0.0021461015435875,0.0046675619356477,0.0,-3.3548392325803637e-06,9.453
6.657,-0.5064188396419541,0.1363520288463203,2.0611703378197355,4.368010658676929,up,down,down,down,0.0021461015435875,0.0046675619356477,0.0,-3.3548392325803637e-06,9.469
6.688000000000001,-0.5052142150702766,0.0367127556072979,2.0767059557477703,4.432147741227227,up,down,down,down,0.0021461015435875,0.0046675619356477,0.0,-3.3548392325803637e-06,9.5
6.704000000000001,-0.5046019940213479,0.0361177140144608,2.084709804429533,4.465439067308645,up,down,down,down,0.0021461015435875,0.0046675619356477,0.0,-3.3548392325803637e-06,9.516
6.719000000000001,-0.5052536393143859,0.0455891210794573,2.092213708250517,4.496765993653747,up,down,down,down,0.0021461015435875,0.0046675619356477,0.0,-3.3548392325803637e-06,9.531
6.75,-0.505296495591013,0.0,2.1077325409215444,4.561865160515911,up,down,down,down,0.0021461015435875,0.0046675619356477,0.0,-3.3548392325803637e-06,9.562
6.782,-0.5045075227777892,0.022509298869655102,2.1237400432335045,4.629568721862392,up,down,down,down,0.0021461015435875,0.0046675619356477,0.0,-3.3548392325803637e-06,9.594
6.797000000000001,-0.5038077801508684,0.0445034069178008,2.131232394576435,4.661481015145968,up,down,down,down,0.0021461015435875,0.0046675619356477,0.0,-3.3548392325803637e-06,9.609
6.813000000000001,-0.5029792895917903,0.0496345583987922,2.139212010143406,4.695644570383726,up,down,down,down,0.0021461015435875,0.0046675619356477,0.0,-3.3548392325803637e-06,9.625
6.829000000000001,-0.5009223054057993,0.12641541008084892,2.147168541912416,4.729935614800173,up,down,down,down,0.0021461015435875,0.0046675619356477,0.0,-3.3548392325803637e-06,9.641
6.844000000000001,-0.4988950490679559,0.1330043209793005,2.1545971586419346,4.762198857554331,up,down,down,down,0.0021461015435875,0.0046675619356477,0.0,-3.3548392325803637e-06,9.656
6.860000000000001,-0.4968913222385093,0.1230868252968252,2.162488768621416,4.796735544972438,up,down,down,down,0.0021461015435875,0.0046675619356477,0.0,-3.3548392325803637e-06,9.672
6.875,-0.49448173447089333,0.1584930829641599,2.1698540531177013,4.829228116135479,up,down,down,down,0.0021461015435875,0.0046675619356477,0.0,-3.3548392325803637e-06,9.687
6.891,-0.4922527901628849,0.1371629177069343,2.177673248323801,4.864008334547011,up,down,down,down,0.0021461015435875,0.0046675619356477,0.0,-3.3548392325803637e-06,9.703
6.907,-0.4899728266093141,0.1403516205545906,2.185456372267008,4.898913371511737,up,down,down,down,0.0021461015435875,0.0046675619356477,0.0,-3.3548392325803637e-06,9.719
6.922000000000001,-0.4880024301487626,0.1292136624931759,2.192721173263659,4.931749703103217,up,down,down,down,0.0021461015435875,0.0046675619356477,0.0,-3.3548392325803637e-06,9.734
6.938000000000001,-0.4860275031140072,0.12128683812862019,2.200438731738791,4.966894982343238,up,down,down,down,0.0021461015435875,0.0046675619356477,0.0,-3.3548392325803637e-06,9.75
6.969000000000001,-0.4840735303170333,0.0608852790039583,2.2153306033369677,5.035339407036913,up,down,down,down,0.0021461015435875,0.0046675619356477,0.0,-3.3548392325803637e-06,9.781
6.985000000000001,-0.4827228207557272,0.0822732460380448,2.222990293154579,5.070845974208845,up,down,down,down,0.0021461015435875,0.0046675619356477,0.0,-3.3548392325803637e-06,9.797
7.0,-0.48214998204478643,0.0360431458524632,2.230156825746548,5.104244577600602,up,down,down,down,0.0021461015435875,0.0046675619356477,0.0,-3.3548392325803637e-06,9.812
7.016,-0.4815566724171044,0.034935750186537703,2.2377917979912723,5.139988166590504,up,down,down,down,0.0021461015435875,0.0046675619356477,0.0,-3.3548392325803637e-06,9.828
7.032,-0.4791289376255498,0.1495873229285792,2.245402601880643,5.175853721789479,up,down,down,down,0.0021461015435875,0.0046675619356477,0.0,-3.3548392325803637e-06,9.844
7.047000000000001,-0.47672352308409843,0.1582148678864983,2.252501481906931,5.209588002417888,up,down,down,down,0.0021461015435875,0.0046675619356477,0.0,-3.3548392325803637e-06,9.859
7.063000000000001,-0.4742939644138086,0.14970131534952621,2.260034940815944,5.245688293799671,up,down,down,down,0.0021461015435875,0.0046675619356477,0.0,-3.3548392325803637e-06,9.875
7.079000000000001,-0.4718583378524651,0.1500805585403773,2.267529478243104,5.281908809152143,up,down,down,down,0.0021461015435875,0.0046675619356477,0.0,-3.3548392325803637e-06,9.891
7.094000000000001,-0.4670736692696397,0.3168318039780968,2.2745014548674853,5.315974041150474,up,down,down,down,0.0021461015435875,0.0046675619356477,0.0,-3.3548392325803637e-06,9.906
7.110000000000001,-0.4650051431855235,0.1271367787136767,2.281883404376156,5.3524251200244235,up,down,down,down,0.0021461015435875,0.0046675619356477,0.0,-3.3548392325803637e-06,9.922
7.125,-0.462070238041809,0.1935142413707227,2.288766456306326,5.3867049939795395,up,down,down,down,0.0021461015435875,0.0046675619356477,0.0,-3.3548392325803637e-06,9.937
7.141,-0.4598393775415185,0.13728267972457062,2.2960670522400224,5.42338366204791,up,down,down,down,0.0021461015435875,0.0046675619356477,0.0,-3.3548392325803637e-06,9.953
7.172000000000001,-0.4567035684446558,0.09900903061327279,2.3101287734828038,5.494779697346615,up,down,down,down,0.0021461015435875,0.0046675619356477,0.0,-3.3548392325803637e-06,9.984
7.188000000000001,-0.4530730929885961,0.2247586144601408,2.317332305783299,5.531799385980745,up,down,down,down,0.0021461015435875,0.0046675619356477,0.0,-3.3548392325803637e-06,10.0
7.204000000000001,-0.4495097953757731,0.220559999257852,2.324478287899244,5.568933870730205,up,down,down,down,0.0021461015435875,0.0046675619356477,0.0,-3.3548392325803637e-06,10.016
7.219000000000001,-0.44531732516180783,0.27735191272075477,2.331119477874241,5.6038508539735075,up,down,down,down,0.0021461015435875,0.0046675619356477,0.0,-3.3548392325803637e-06,10.031
7.25,-0.4400038260329015,0.1692570961630748,2.344697261297753,5.676326013430671,up,down,down,down,0.0021461015435875,0.0046675619356477,0.0,-3.3548392325803637e-06,10.062
7.266,-0.4347825740517503,0.3241821472783621,2.35162087150746,5.713896558493112,up,down,down,down,0.0021461015435875,0.0046675619356477,0.0,-3.3548392325803637e-06,10.078
7.297000000000001,-0.43185964105553504,0.0921420596246451,2.364909131421618,5.787002773538514,up,down,down,down,0.0021461015435875,0.0046675619356477,0.0,-3.3548392325803637e-06,10.109
7.329000000000001,-0.428865394732627,0.0914240960472877,2.378531370012288,5.8628978215614564,up,down,down,down,0.0021461015435875,0.0046675619356477,0.0,-3.3548392325803637e-06,10.141
7.344000000000001,-0.42558926867612173,0.2162623022234236,2.3848697665588188,5.898623330085741,up,down,down,down,0.0021461015435875,0.0046675619356477,0.0,-3.3548392325803637e-06,10.156
7.360000000000001,-0.4222487180974762,0.2066383096217537,2.3915777894620374,5.936834910533908,up,down,down,down,0.0021461015435875,0.0046675619356477,0.0,-3.3548392325803637e-06,10.172
7.375,-0.4190081912461937,0.2138890218752639,2.3978172028530795,5.972755372976269,up,down,down,down,0.0021461015435875,0.0046675619356477,0.0,-3.3548392325803637e-06,10.187
7.391,-0.4137053574532191,0.32928101051732356,2.4044042302517044,6.011173144441107,up,down,down,down,0.0021461015435875,0.0046675619356477,0.0,-3.3548392325803637e-06,10.203
7.407,-0.41061575944487133,0.1909537739781529,2.410924118195919,6.049695771228689,up,down,down,down,0.0021461015435875,0.0046675619356477,0.0,-3.3548392325803637e-06,10.219
7.422000000000001,-0.4075833617946535,0.2000137418042574,2.416990598176181,6.085905131601481,up,down,down,down,0.0021461015435875,0.0046675619356477,0.0,-3.3548392325803637e-06,10.234
7.438000000000001,-0.4025381879736257,0.3131772622706472,2.4233968895833566,6.124628231503557,up,down,down,down,0.0021461015435875,0.0046675619356477,0.0,-3.3548392325803637e-06,10.25
7.454000000000001,-0.3975969858129885,0.3066790334962374,2.4297232899826797,6.163453192940086,up,down,down,down,0.0021461015435875,0.0046675619356477,0.0,-3.3548392325803637e-06,10.266
7.485000000000001,-0.3944551379590439,0.0992038292288192,2.441855403481141,6.238962662688777,up,down,down,down,0.0021461015435875,0.0046675619356477,0.0,-3.3548392325803637e-06,10.297
7.5,-0.39151153465457783,0.1940941187541669,2.447680140096708,6.275634179265608,up,down,down,down,0.0021461015435875,0.0046675619356477,0.0,-3.3548392325803637e-06,10.312
7.532,-0.3874032057076064,0.1262391780492699,2.4599934139605617,6.354156956130525,up,down,down,down,0.0021461015435875,0.0046675619356477,0.0,-3.3548392325803637e-06,10.344
7.547000000000001,-0.3843200209021322,0.20339955215468492,2.4657113247311004,6.391099741670714,up,down,down,down,0.0021461015435875,0.0046675619356477,0.0,-3.3548392325803637e-06,10.359
7.563000000000001,-0.379554713239111,0.29568562739523657,2.47174764161326,6.430599413401469,up,down,down,down,0.0021461015435875,0.0046675619356477,0.0,-3.3548392325803637e-06,10.375
7.579000000000001,-0.3749226671344931,0.28735677999502907,2.4777087796652784,6.470195064771697,up,down,down,down,0.0021461015435875,0.0046675619356477,0.0,-3.3548392325803637e-06,10.391
7.594000000000001,-0.3712317322701572,0.2439162227454642,2.4832349242317786,6.5074021425509265,up,down,down,down,0.0021461015435875,0.0046675619356477,0.0,-3.3548392325803637e-06,10.406
7.610000000000001,-0.3682394129314516,0.1848738571255113,2.489076012402421,6.547180630044,up,down,down,down,0.0021461015435875,0.0046675619356477,0.0,-3.3548392325803637e-06,10.422
7.625,-0.3649609966604465,0.2164149831901043,2.494505002045325,6.584557487652355,up,down,down,down,0.0021461015435875,0.0046675619356477,0.0,-3.3548392325803637e-06,10.437
7.641,-0.361773871602434,0.1970492145821899,2.5002442000004583,6.6245154812687215,up,down,down,down,0.0021461015435875,0.0046675619356477,0.0,-3.3548392325803637e-06,10.453
7.657,-0.3593835303307048,0.1472502279394881,2.505938778224953,6.664564945094525,up,down,down,down,0.0021461015435875,0.0046675619356477,0.0,-3.3548392325803637e-06,10.469
7.672000000000001,-0.355157133681077,0.27961367509825996,2.511227819776007,6.702193694579534,up,down,down,down,0.0021461015435875,0.0046675619356477,0.0,-3.3548392325803637e-06,10.484
7.688000000000001,-0.3510816487881793,0.2525717042625162,2.516803049044791,6.7424179415301,up,down,down,down,0.0021461015435875,0.0046675619356477,0.0,-3.3548392325803637e-06,10.5
7.704000000000001,-0.3467060709754985,0.2713275117489642,2.52231066981193,6.782730851280953,up,down,down,down,0.0021461015435875,0.0046675619356477,0.0,-3.3548392325803637e-06,10.516
7.735000000000001,-0.3415901939415934,0.1628821898727009,2.53283456749814,6.86108560245926,up,down,down,down,0.0021461015435875,0.0046675619356477,0.0,-3.3548392325803637e-06,10.547
7.75,-0.3365597907979828,0.33321410803047846,2.5378506789546518,6.899115741807654,up,down,down,down,0.0021461015435875,0.0046675619356477,0.0,-3.3548392325803637e-06,10.562
7.766,-0.332939133915282,0.2241449536252158,2.5431319893613877,6.939763603154182,up,down,down,down,0.0021461015435875,0.0046675619356477,0.0,-3.3548392325803637e-06,10.578
7.797000000000001,-0.32640938124457003,0.2084910813826016,2.55320719692636,7.018756860541643,up,down,down,down,0.0021461015435875,0.0046675619356477,0.0,-3.3548392325803637e-06,10.609
7.813000000000001,-0.3225772306920191,0.2373633079908452,2.5583244088308823,7.059649113387701,up,down,down,down,0.0021461015435875,0.0046675619356477,0.0,-3.3548392325803637e-06,10.625
7.829000000000001,-0.3175925877526317,0.3093940821681237,2.563371086387469,7.100622677349448,up,down,down,down,0.0021461015435875,0.0046675619356477,0.0,-3.3548392325803637e-06,10.641
7.844000000000001,-0.3127736637012076,0.3191155018846692,2.5680288198443386,7.139108176646188,up,down,down,down,0.0021461015435875,0.0046675619356477,0.0,-3.3548392325803637e-06,10.656
7.875,-0.3083930860922503,0.1391628535840754,2.577512210046132,7.218864062609486,up,down,down,down,0.0021461015435875,0.0046675619356477,0.0,-3.3548392325803637e-06,10.687
7.891,-0.3040765664853494,0.2676363738877139,2.582337286275782,7.260142858580062,up,down,down,down,0.0021461015435875,0.0046675619356477,0.0,-3.3548392325803637e-06,10.703
7.907,-0.2997384938552229,0.2689834378393205,2.5870931257675363,7.301498301876409,up,down,down,down,0.0021461015435875,0.0046675619356477,0.0,-3.3548392325803637e-06,10.719
7.922000000000001,-0.2964745019701488,0.21545335746134361,2.591494709807192,7.340337710643221,up,down,down,down,0.0021461015435875,0.0046675619356477,0.0,-3.3548392325803637e-06,10.734
7.954000000000001,-0.2931808989799779,0.10077899189925289,2.6007798342404533,7.423414103347983,up,down,down,down,0.0021461015435875,0.0046675619356477,0.0,-3.3548392325803637e-06,10.766
7.969000000000001,-0.2899474771649117,0.2134153527941543,2.605083283632505,7.462458076732031,up,down,down,down,0.0021461015435875,0.0046675619356477,0.0,-3.3548392325803637e-06,10.781
7.985000000000001,-0.2853059933366263,0.2879466377242454,2.6096106304055477,7.504175628044336,up,down,down,down,0.0021461015435875,0.0046675619356477,0.0,-3.3548392325803637e-06,10.797
8.0,-0.2806648747362369,0.30726180514906437,2.613785398487059,7.543351098261027,up,down,down,down,0.0021461015435875,0.0046675619356477,0.0,-3.3548392325803637e-06,10.812
8.016,-0.2761406604404079,0.2806172919457281,2.618165161777502,7.585206702743144,up,down,down,down,0.0021461015435875,0.0046675619356477,0.0,-3.3548392325803637e-06,10.828
8.032,-0.2712640867431605,0.3026397545343726,2.622469718764,7.627131781787476,up,down,down,down,0.0021461015435875,0.0046675619356477,0.0,-3.3548392325803637e-06,10.844
8.047,-0.2643608265482199,0.4580712447857674,2.626416892184651,7.666498431369591,up,down,down,down,0.0021461015435875,0.0046675619356477,0.0,-3.3548392325803637e-06,10.859
8.063,-0.2576052005561155,0.4200805229629397,2.630517939410516,7.708553910022354,up,down,down,down,0.0021461015435875,0.0046675619356477,0.0,-3.3548392325803637e-06,10.875
8.079,-0.2512247788683854,0.3966302539395446,2.634513898254941,7.750674164723677,up,down,down,down,0.0021461015435875,0.0046675619356477,0.0,-3.3548392325803637e-06,10.891
8.094000000000001,-0.2464250063423029,0.3178387335285627,2.638176258214987,7.790219340897203,up,down,down,down,0.0021461015435875,0.0046675619356477,0.0,-3.3548392325803637e-06,10.906
8.110000000000001,-0.2416831612445004,0.29421921706906906,2.642006442564711,7.832460802503441,up,down,down,down,0.0021461015435875,0.0046675619356477,0.0,-3.3548392325803637e-06,10.922
8.125,-0.237031721721248,0.30794986667326546,2.645526790757919,7.872117301753358,up,down,down,down,0.0021461015435875,0.0046675619356477,0.0,-3.3548392325803637e-06,10.937
8.141,-0.2321360447766344,0.3038337074947603,2.649205451898932,7.914475159694613,up,down,down,down,0.0021461015435875,0.0046675619356477,0.0,-3.3548392325803637e-06,10.953
8.157,-0.22624474324424063,0.3660602442310253,2.6527978172121287,7.956891185847501,up,down,down,down,0.0021461015435875,0.0046675619356477,0.0,-3.3548392325803637e-06,10.969
8.172,-0.22051131746868421,0.3800822834934884,2.656078474238441,7.996707758033382,up,down,down,down,0.0021461015435875,0.0046675619356477,0.0,-3.3548392325803637e-06,10.984
8.188,-0.216300828864254,0.2610094362333057,2.659498290418134,8.039232372150634,up,down,down,down,0.0021461015435875,0.0046675619356477,0.0,-3.3548392325803637e-06,11.0
8.204,-0.209720510974673,0.409123766555219,2.662831780145875,8.081811012715146,up,down,down,down,0.0021461015435875,0.0046675619356477,0.0,-3.3548392325803637e-06,11.016
8.219000000000001,-0.20327361989569492,0.427646637054937,2.6658592226983684,8.12177619523648,up,down,down,down,0.0021461015435875,0.0046675619356477,0.0,-3.3548392325803637e-06,11.031
8.25,-0.1990928921454173,0.1327160839492457,2.6719512092150004,8.204512256931134,up,down,down,down,0.0021461015435875,0.0046675619356477,0.0,-3.3548392325803637e-06,11.062
8.266,-0.197207739470345,0.11567594064842969,2.675046933276956,8.24728824207107,up,down,down,down,0.0021461015435875,0.0046675619356477,0.0,-3.3548392325803637e-06,11.078
8.282,-0.1947824615746167,0.1494337669394328,2.678108173894345,8.29011348292844,up,down,down,down,0.0021461015435875,0.0046675619356477,0.0,-3.3548392325803637e-06,11.094
8.297,-0.19059709631605942,0.27687824902688746,2.680928507149491,8.33030625803627,up,down,down,down,0.0021461015435875,0.0046675619356477,0.0,-3.3548392325803637e-06,11.109
8.313,-0.1860662594724792,0.2810312011801705,2.683867133004829,8.373224623157505,up,down,down,down,0.0021461015435875,0.0046675619356477,0.0,-3.3548392325803637e-06,11.125
8.329,-0.1816745104529413,0.2723382121775362,2.686734378173262,8.41618943524693,up,down,down,down,0.0021461015435875,0.0046675619356477,0.0,-3.3548392325803637e-06,11.141
8.344000000000001,-0.17843791578369472,0.2136268764061729,2.689365207941002,8.456510182142788,up,down,down,down,0.0021461015435875,0.0046675619356477,0.0,-3.3548392325803637e-06,11.156
8.375,-0.1732851088868584,0.1640734757737183,2.6946722204033904,8.539962762282123,up,down,down,down,0.0021461015435875,0.0046675619356477,0.0,-3.3548392325803637e-06,11.187
8.391,-0.1692533932181418,0.2498361277512016,2.69733784742926,8.583098842824784,up,down,down,down,0.0021461015435875,0.0046675619356477,0.0,-3.3548392325803637e-06,11.203
8.407,-0.1653300584632617,0.24306232063642222,2.699939834051741,8.626277064276632,up,down,down,down,0.0021461015435875,0.0046675619356477,0.0,-3.3548392325803637e-06,11.219
8.422,-0.1618815646742123,0.2277534843930253,2.702323907796237,8.666794042340493,up,down,down,down,0.0021461015435875,0.0046675619356477,0.0,-3.3548392325803637e-06,11.234
8.438,-0.1584924697400519,0.2096723318414371,2.704812219080581,8.710051131355508,up,down,down,down,0.0021461015435875,0.0046675619356477,0.0,-3.3548392325803637e-06,11.25
8.469000000000001,-0.15527781249534012,0.1015525192535659,2.709530964035225,8.793973450693805,up,down,down,down,0.0021461015435875,0.0046675619356477,0.0,-3.3548392325803637e-06,11.281
8.485000000000001,-0.14947130079437432,0.36076087976677457,2.711894275950572,8.837344852613692,up,down,down,down,0.0021461015435875,0.0046675619356477,0.0,-3.3548392325803637e-06,11.297
8.5,-0.14382405111697052,0.3743372102833641,2.7140239776608723,8.878039239515774,up,down,down,down,0.0021461015435875,0.0046675619356477,0.0,-3.3548392325803637e-06,11.312
8.516,-0.14042546732723502,0.2102653853148782,2.7162232928174554,8.9214812176796,up,down,down,down,0.0021461015435875,0.0046675619356477,0.0,-3.3548392325803637e-06,11.328
8.532,-0.13670837179164141,0.2301723694310141,2.718365682539436,8.964957929482456,up,down,down,down,0.0021461015435875,0.0046675619356477,0.0,-3.3548392325803637e-06,11.344
8.547,-0.1330679235420663,0.2405504484280767,2.720318991325404,9.005748064536442,up,down,down,down,0.0021461015435875,0.0046675619356477,0.0,-3.3548392325803637e-06,11.359
8.563,-0.1312099951612459,0.11397442225768979,2.7223585336840603,9.049289484736518,up,down,down,down,0.0021461015435875,0.0046675619356477,0.0,-3.3548392325803637e-06,11.375
8.579,-0.1292440575737216,0.1207249976766799,2.724367485114969,9.09286329288691,up,down,down,down,0.0021461015435875,0.0046675619356477,0.0,-3.3548392325803637e-06,11.391
8.594000000000001,-0.1263837374662432,0.188541905621631,2.726214680148735,9.13374265912639,up,down,down,down,0.0021461015435875,0.0046675619356477,0.0,-3.3548392325803637e-06,11.406
8.610000000000001,-0.1236220034206158,0.17046227630812522,2.728140045084859,9.177377496928258,up,down,down,down,0.0021461015435875,0.0046675619356477,0.0,-3.3548392325803637e-06,11.422
8.641,-0.1217033215892388,0.0597468607588987,2.731797893202507,9.262006534971711,up,down,down,down,0.0021461015435875,0.0046675619356477,0.0,-3.3548392325803637e-06,11.453
8.657,-0.1197085569623314,0.1225266876381247,2.733654507239949,9.30573015417525,up,down,down,down,0.0021461015435875,0.0046675619356477,0.0,-3.3548392325803637e-06,11.469
8.672,-0.1158332713308868,0.25620627388604067,2.735351057523113,9.346747695910976,up,down,down,down,0.0021461015435875,0.0046675619356477,0.0,-3.3548392325803637e-06,11.484
8.688,-0.1120231426611226,0.235986940316679,2.7370992278440798,9.390527298193913,up,down,down,down,0.0021461015435875,0.0046675619356477,0.0,-3.3548392325803637e-06,11.5
8.719000000000001,-0.1093306640579853,0.0847080469447095,2.740385517428221,9.475428311745635,up,down,down,down,0.0021461015435875,0.0046675619356477,0.0,-3.3548392325803637e-06,11.531
8.735000000000001,-0.105998562580801,0.2061102407804325,2.7420334702503606,9.519287663647063,up,down,down,down,0.0021461015435875,0.0046675619356477,0.0,-3.3548392325803637e-06,11.547
8.75,-0.106107161805605,0.0,2.743554249754224,9.560429571547093,up,down,down,down,0.0021461015435875,0.0046675619356477,0.0,-3.3548392325803637e-06,11.562
8.766,-0.10620677944201509,0.0,2.7451780802932344,9.604339430187473,up,down,down,down,0.0021461015435875,0.0046675619356477,0.0,-3.3548392325803637e-06,11.578
8.797,-0.1024701658196195,0.1183898217594916,2.7482678785247847,9.689487842549156,up,down,down,down,0.0021461015435875,0.0046675619356477,0.0,-3.3548392325803637e-06,11.609
8.813,-0.0988095823871012,0.2266403629888056,2.749803435519468,9.733472413061508,up,down,down,down,0.0021461015435875,0.0046675619356477,0.0,-3.3548392325803637e-06,11.625
8.829,-0.0948204681771169,0.24717353658043592,2.7512777949330114,9.777481062905126,up,down,down,down,0.0021461015435875,0.0046675619356477,0.0,-3.3548392325803637e-06,11.641
8.844000000000001,-0.0913644536059229,0.2282548698693326,2.7526041684173497,9.818760177630258,up,down,down,down,0.0021461015435875,0.0046675619356477,0.0,-3.3548392325803637e-06,11.656
8.860000000000001,-0.0879626647319219,0.21046570308147472,2.753964104373082,9.862812723812581,up,down,down,down,0.0021461015435875,0.0046675619356477,0.0,-3.3548392325803637e-06,11.672
8.875,-0.0870135362808212,0.0611291285297998,2.755206412451643,9.904131502688763,up,down,down,down,0.0021461015435875,0.0046675619356477,0.0,-3.3548392325803637e-06,11.687
8.891,-0.0856918023011825,0.0804622721838343,2.7565133741693284,9.948225260981731,up,down,down,down,0.0021461015435875,0.0046675619356477,0.0,-3.3548392325803637e-06,11.703
8.907,-0.0862123228587314,0.034678636390394896,2.757813926179637,9.992339879384524,up,down,down,down,0.0021461015435875,0.0046675619356477,0.0,-3.3548392325803637e-06,11.719
8.922,-0.0866862447274989,0.0337408927947523,2.7590406520075,10.033716288720926,up,down,down,down,0.0021461015435875,0.0046675619356477,0.0,-3.3548392325803637e-06,11.734
8.954,-0.0833013906172421,0.1036305894019372,2.761611092191075,10.122046716628105,up,down,down,down,0.0021461015435875,0.0046675619356477,0.0,-3.3548392325803637e-06,11.766
8.969000000000001,-0.0820228842663225,0.0830876551843778,2.7627810108236672,10.163479657400718,up,down,down,down,0.0021461015435875,0.0046675619356477,0.0,-3.3548392325803637e-06,11.781
8.985000000000001,-0.080795944618579,0.0745376264403851,2.764008880463776,10.207693976531017,up,down,down,down,0.0021461015435875,0.0046675619356477,0.0,-3.3548392325803637e-06,11.797
9.0,-0.07679420537988679,0.26463651436924607,2.76512079315973,10.24916244908319,up,down,down,down,0.0021461015435875,0.0046675619356477,0.0,-3.3548392325803637e-06,11.812
9.016,-0.0753430155780314,0.08855326107237699,2.766263209936423,10.29341352110796,up,down,down,down,0.0021461015435875,0.0046675619356477,0.0,-3.3548392325803637e-06,11.828
9.047,-0.076163361369744,0.0286088690181882,2.7684668643591084,10.379201837259544,up,down,down,down,0.0021461015435875,0.0046675619356477,0.0,-3.3548392325803637e-06,11.859
9.063,-0.0755164310877382,0.0382870410817748,2.769605621707798,10.423506417148078,up,down,down,down,0.0021461015435875,0.0046675619356477,0.0,-3.3548392325803637e-06,11.875
9.079,-0.0739607536727006,0.0950837368962619,2.770726758194911,10.467829076187298,up,down,down,down,0.0021461015435875,0.0046675619356477,0.0,-3.3548392325803637e-06,11.891
9.094000000000001,-0.0714202155522335,0.16722310648754352,2.7717471020350635,10.509397630139027,up,down,down,down,0.0021461015435875,0.0046675619356477,0.0,-3.3548392325803637e-06,11.906
9.110000000000001,-0.0678834623583738,0.2189009730726441,2.772786850467378,10.553753901759046,up,down,down,down,0.0021461015435875,0.0046675619356477,0.0,-3.3548392325803637e-06,11.922
9.141,-0.0644392456012069,0.1089576648166388,2.7746931580207463,10.63973984189061,up,down,down,down,0.0021461015435875,0.0046675619356477,0.0,-3.3548392325803637e-06,11.953
9.157,-0.0629746342515832,0.0893921078078951,2.7756377880685985,10.684142489459322,up,down,down,down,0.0021461015435875,0.0046675619356477,0.0,-3.3548392325803637e-06,11.969
9.172,-0.062050847266202996,0.059439697481757,2.776505465750948,10.72578356386297,up,down,down,down,0.0021461015435875,0.0046675619356477,0.0,-3.3548392325803637e-06,11.984
9.188,-0.061150646813782496,0.0541164267326976,2.777416396712617,10.770214938762681,up,down,down,down,0.0021461015435875,0.0046675619356477,0.0,-3.3548392325803637e-06,12.0
9.204,-0.0607969228608115,0.019961645517097,2.7783172962790434,10.814660808306614,up,down,down,down,0.0021461015435875,0.0046675619356477,0.0,-3.3548392325803637e-06,12.016
9.235000000000001,-0.0583110672735606,0.0780427883677302,2.780018775706121,10.900815017422387,up,down,down,down,0.0021461015435875,0.0046675619356477,0.0,-3.3548392325803637e-06,12.047
9.266,-0.056594206635292396,0.0532364996908745,2.7816551130317038,10.98702096269782,up,down,down,down,0.0021461015435875,0.0046675619356477,0.0,-3.3548392325803637e-06,12.078
9.282,-0.0538627612306221,0.1685692362483058,2.7824640877836604,11.031533916304342,up,down,down,down,0.0021461015435875,0.0046675619356477,0.0,-3.3548392325803637e-06,12.094
9.297,-0.0512138259948695,0.1744495808399126,2.783182148758817,11.07327626307841,up,down,down,down,0.0021461015435875,0.0046675619356477,0.0,-3.3548392325803637e-06,12.109
9.313,-0.0487419830828503,0.1523440804576113,2.7839071142404683,11.117812977182407,up,down,down,down,0.0021461015435875,0.0046675619356477,0.0,-3.3548392325803637e-06,12.125
9.344000000000001,-0.047821230293310396,0.027555601344794102,2.7852591496277936,11.204135054272367,up,down,down,down,0.0021461015435875,0.0046675619356477,0.0,-3.3548392325803637e-06,12.156
9.360000000000001,-0.0469942726575762,0.0495387506898037,2.78594299266043,11.248704671410673,up,down,down,down,0.0021461015435875,0.0046675619356477,0.0,-3.3548392325803637e-06,12.172
9.375,-0.047545608199259196,0.038901804322462,2.786582028337821,11.290498609068157,up,down,down,down,0.0021461015435875,0.0046675619356477,0.0,-3.3548392325803637e-06,12.187
9.391,-0.0475436141257733,0.0,2.7872680611254514,11.335089409783864,up,down,down,down,0.0021461015435875,0.0046675619356477,0.0,-3.3548392325803637e-06,12.203
9.407,-0.0475702579127794,0.0,2.7879542911107893,11.379691188601756,up,down,down,down,0.0021461015435875,0.0046675619356477,0.0,-3.3548392325803637e-06,12.219
9.422,-0.0457033169331832,0.12231663042948539,2.788583829493099,11.421515224506285,up,down,down,down,0.0021461015435875,0.0046675619356477,0.0,-3.3548392325803637e-06,12.234
9.438,-0.044445348069482096,0.0764769524377317,2.78923033782215,11.466137737844807,up,down,down,down,0.0021461015435875,0.0046675619356477,0.0,-3.3548392325803637e-06,12.25
9.454,-0.0432205484416278,0.0744038751973041,2.7898569840032685,11.510770436419412,up,down,down,down,0.0021461015435875,0.0046675619356477,0.0,-3.3548392325803637e-06,12.266
9.485000000000001,-0.0401138321968854,0.0980705515126189,2.791003972483161,11.597273781244951,up,down,down,down,0.0021461015435875,0.0046675619356477,0.0,-3.3548392325803637e-06,12.297
9.5,-0.040956874859922596,0.0583489457460755,2.791541989357052,11.639142875958749,up,down,down,down,0.0021461015435875,0.0046675619356477,0.0,-3.3548392325803637e-06,12.312
9.516,-0.041824385239042396,0.0563655002385753,2.7921295584468733,11.683812248341178,up,down,down,down,0.0021461015435875,0.0046675619356477,0.0,-3.3548392325803637e-06,12.328
9.532,-0.0412250137612434,0.0353146158188488,2.792719272647905,11.728491038989938,up,down,down,down,0.0021461015435875,0.0046675619356477,0.0,-3.3548392325803637e-06,12.344
9.547,-0.0395075570178597,0.11235101468199139,2.793254753499714,11.770385844186046,up,down,down,down,0.0021461015435875,0.0046675619356477,0.0,-3.3548392325803637e-06,12.359
9.563,-0.0378065547320253,0.1041665413210601,2.7937985854027425,11.815082270897268,up,down,down,down,0.0021461015435875,0.0046675619356477,0.0,-3.3548392325803637e-06,12.375
9.579,-0.0350435714762315,0.1705403519435265,2.7943067054214383,11.85978711322386,up,down,down,down,0.0021461015435875,0.0046675619356477,0.0,-3.3548392325803637e-06,12.391
9.594000000000001,-0.0327452521890555,0.1510751842681362,2.7947451081698933,11.901705001825796,up,down,down,down,0.0021461015435875,0.0046675619356477,0.0,-3.3548392325803637e-06,12.406
9.610000000000001,-0.030483669701947397,0.139202803900673,2.795176258554051,11.946424372759587,up,down,down,down,0.0021461015435875,0.0046675619356477,0.0,-3.3548392325803637e-06,12.422
9.625,-0.028945316369529798,0.1004107872842598,2.7955519625205527,11.988354834417644,up,down,down,down,0.0021461015435875,0.0046675619356477,0.0,-3.3548392325803637e-06,12.437
9.641,-0.029100148655134,0.011823119393850001,2.79594164524978,12.033086783279806,up,down,down,down,0.0021461015435875,0.0046675619356477,0.0,-3.3548392325803637e-06,12.453
9.657,-0.0302040532653204,0.0711401396802368,2.796341397874173,12.077825047624797,up,down,down,down,0.0021461015435875,0.0046675619356477,0.0,-3.3548392325803637e-06,12.469
9.672,-0.0312745476115025,0.0735123912890591,2.7967324739517148,12.11977310166349,up,down,down,down,0.0021461015435875,0.0046675619356477,0.0,-3.3548392325803637e-06,12.484
9.688,-0.0313473312657634,0.0,2.7971587679917627,12.16452423159904,up,down,down,down,0.0021461015435875,0.0046675619356477,0.0,-3.3548392325803637e-06,12.5
9.719000000000001,-0.0305390113888587,0.023928733195272,2.797973311882904,12.251248778837098,up,down,down,down,0.0021461015435875,0.0046675619356477,0.0,-3.3548392325803637e-06,12.531
9.735000000000001,-0.02980804579499,0.0435392480732099,2.7983814073494044,12.296019616590959,up,down,down,down,0.0021461015435875,0.0046675619356477,0.0,-3.3548392325803637e-06,12.547
9.75,-0.0289165856703394,0.0572845734331225,2.79875182865636,12.337998115861,up,down,down,down,0.0021461015435875,0.0046675619356477,0.0,-3.3548392325803637e-06,12.562
9.766,-0.028658642328165698,0.013975357342266298,2.799137749489377,12.382781232486165,up,down,down,down,0.0021461015435875,0.0046675619356477,0.0,-3.3548392325803637e-06,12.578
9.782,-0.0283546518656496,0.0168533023636729,2.799519174851957,12.427570487880894,up,down,down,down,0.0021461015435875,0.0046675619356477,0.0,-3.3548392325803637e-06,12.594
9.797,-0.028686468472535698,0.0242672086693328,2.7998769698254597,12.46956595896598,up,down,down,down,0.0021461015435875,0.0046675619356477,0.0,-3.3548392325803637e-06,12.609
9.813,-0.027636523585458598,0.0634754538987314,2.800252872770953,12.514366997706752,up,down,down,down,0.0021461015435875,0.0046675619356477,0.0,-3.3548392325803637e-06,12.625
9.829,-0.029811109371518398,0.1380577131723236,2.8006377728436385,12.559174122871667,up,down,down,down,0.0021461015435875,0.0046675619356477,0.0,-3.3548392325803637e-06,12.641
9.844000000000001,-0.0318428793190434,0.13759743137857988,2.801030164329783,12.601186632400472,up,down,down,down,0.0021461015435875,0.0046675619356477,0.0,-3.3548392325803637e-06,12.656
9.860000000000001,-0.031793087414039,0.0,2.8014645710726773,12.64600659028369,up,down,down,down,0.0021461015435875,0.0046675619356477,0.0,-3.3548392325803637e-06,12.672
9.875,-0.0317249964210918,0.0,2.801870943272406,12.688031606641275,up,down,down,down,0.0021461015435875,0.0046675619356477,0.0,-3.3548392325803637e-06,12.687
9.891,-0.029468788192355298,0.1388669127524443,2.802285812558343,12.732864860687918,up,down,down,down,0.0021461015435875,0.0046675619356477,0.0,-3.3548392325803637e-06,12.703
9.907,-0.0268681516409809,0.1603936829173146,2.80266182708604,12.777704441805076,up,down,down,down,0.0021461015435875,0.0046675619356477,0.0,-3.3548392325803637e-06,12.719
9.922,-0.0243335489200084,0.16682741318790612,2.8029758264112123,12.819746724206308,up,down,down,down,0.0021461015435875,0.0046675619356477,0.0,-3.3548392325803637e-06,12.734
9.938,-0.024821911502053498,0.0326687629214061,2.8032943891036184,12.864596885930426,up,down,down,down,0.0021461015435875,0.0046675619356477,0.0,-3.3548392325803637e-06,12.75
9.954,-0.025183111369505698,0.0247210932593499,2.8036197482956204,12.909452199029621,up,down,down,down,0.0021461015435875,0.0046675619356477,0.0,-3.3548392325803637e-06,12.766
9.985000000000001,-0.0260080131891519,0.0287558376612072,2.8042685163062746,12.99637446713095,up,down,down,down,0.0021461015435875,0.0046675619356477,0.0,-3.3548392325803637e-06,12.797
10.0,-0.026793274815142598,0.054496876609637396,2.804594512537272,13.038440939847275,up,down,down,down,0.0021461015435875,0.0046675619356477,0.0,-3.3548392325803637e-06,12.812
10.016,-0.026954833766831398,0.012243536024136801,2.8049498164149576,13.083317294478896,up,down,down,down,0.0021461015435875,0.0046675619356477,0.0,-3.3548392325803637e-06,12.828
10.032,-0.025430094461846298,0.09315010501798049,2.805294214849817,13.128199246729013,up,down,down,down,0.0021461015435875,0.0046675619356477,0.0,-3.3548392325803637e-06,12.844
10.047,-0.023970652029021197,0.0951500606447516,2.805594707019464,13.170280913643033,up,down,down,down,0.0021461015435875,0.0046675619356477,0.0,-3.3548392325803637e-06,12.859
10.063,-0.0239413398788367,0.0,2.805903321963756,13.215172897874899,up,down,down,down,0.0021461015435875,0.0046675619356477,0.0,-3.3548392325803637e-06,12.875
10.079,-0.0247142597291247,0.050453592186583296,2.8062178857696494,13.260069867536767,up,down,down,down,0.0021461015435875,0.0046675619356477,0.0,-3.3548392325803637e-06,12.891
10.110000000000001,-0.025465782326339198,0.026388765969863098,2.806850982001504,13.347072434987219,up,down,down,down,0.0021461015435875,0.0046675619356477,0.0,-3.3548392325803637e-06,12.922
10.125,-0.025309216151727498,0.0,2.8071617810610547,13.389177530710185,up,down,down,down,0.0021461015435875,0.0046675619356477,0.0,-3.3548392325803637e-06,12.937
10.141,-0.0242373181989918,0.06484752050239789,2.8074834723448903,13.434094692737435,up,down,down,down,0.0021461015435875,0.0046675619356477,0.0,-3.3548392325803637e-06,12.953
10.172,-0.0231721686742946,0.032213560543417,2.808073624971421,13.521135827745837,up,down,down,down,0.0021461015435875,0.0046675619356477,0.0,-3.3548392325803637e-06,12.984
10.188,-0.0225438633543272,0.0371229809543738,2.80836467223668,13.566067334123503,up,down,down,down,0.0021461015435875,0.0046675619356477,0.0,-3.3548392325803637e-06,13.0
10.204,-0.0216855061174871,0.0515012257589208,2.808643826201484,13.611003402111008,up,down,down,down,0.0021461015435875,0.0046675619356477,0.0,-3.3548392325803637e-06,13.016
10.219000000000001,-0.0197842889658658,0.12460170856449308,2.808884836235574,13.653134867079286,up,down,down,down,0.0021461015435875,0.0046675619356477,0.0,-3.3548392325803637e-06,13.031
10.235000000000001,-0.0196154426196456,0.0,2.809125353097288,13.69807894859395,up,down,down,down,0.0021461015435875,0.0046675619356477,0.0,-3.3548392325803637e-06,13.047
10.25,-0.019179457658124,0.0269195625578575,2.8093463014203364,13.74021748600283,up,down,down,down,0.0021461015435875,0.0046675619356477,0.0,-3.3548392325803637e-06,13.062
10.266,-0.018768243205498,0.02355480174554,2.809575202036275,13.785168858030483,up,down,down,down,0.0021461015435875,0.0046675619356477,0.0,-3.3548392325803637e-06,13.078
10.282,-0.0198640392610673,0.0706333550166692,2.8098095793050373,13.830123936281213,up,down,down,down,0.0021461015435875,0.0046675619356477,0.0,-3.3548392325803637e-06,13.094
10.297,-0.0212716057917069,0.0959838702528952,2.8100480832138985,13.872272868750107,up,down,down,down,0.0021461015435875,0.0046675619356477,0.0,-3.3548392325803637e-06,13.109
10.313,-0.0226956300152582,0.0911476155155409,2.810325140109384,13.917235854536695,up,down,down,down,0.0021461015435875,0.0046675619356477,0.0,-3.3548392325803637e-06,13.125
10.329,-0.0217272375460825,0.0583784277798926,2.810605842058904,13.96220330239404,up,down,down,down,0.0021461015435875,0.0046675619356477,0.0,-3.3548392325803637e-06,13.141
10.344000000000001,-0.0223809370969458,0.0457260716011359,2.810866639939692,14.00436434600903,up,down,down,down,0.0021461015435875,0.0046675619356477,0.0,-3.3548392325803637e-06,13.156
10.360000000000001,-0.0230042810655621,0.041105099582106,2.811155040694022,14.049340519454098,up,down,down,down,0.0021461015435875,0.0046675619356477,0.0,-3.3548392325803637e-06,13.172
10.375,-0.0212790656750509,0.11286825782383379,2.8114171523655416,14.091509810902043,up,down,down,down,0.0021461015435875,0.0046675619356477,0.0,-3.3548392325803637e-06,13.187
10.391,-0.0210651287399822,0.0112249568982036,2.8116812249298917,14.136494597920407,up,down,down,down,0.0021461015435875,0.0046675619356477,0.0,-3.3548392325803637e-06,13.203
10.407,-0.0199675304171442,0.0664537936337916,2.8119348052121778,14.181483526161543,up,down,down,down,0.0021461015435875,0.0046675619356477,0.0,-3.3548392325803637e-06,13.219
10.422,-0.018876263277228,0.07060504111748579,2.812156120235851,14.223664208102402,up,down,down,down,0.0021461015435875,0.0046675619356477,0.0,-3.3548392325803637e-06,13.234
10.438,-0.0200675795482484,0.076603368482364,2.8123929899874844,14.268660600984191,up,down,down,down,0.0021461015435875,0.0046675619356477,0.0,-3.3548392325803637e-06,13.25
10.469000000000001,-0.0203683275638918,0.0118476504353096,2.8128750521277177,14.355852255636979,up,down,down,down,0.0021461015435875,0.0046675619356477,0.0,-3.3548392325803637e-06,13.281
10.485000000000001,-0.0207317612805705,0.024860708836005198,2.813129171847503,14.400860289428781,up,down,down,down,0.0021461015435875,0.0046675619356477,0.0,-3.3548392325803637e-06,13.297
10.5,-0.0182584846149786,0.1627390094958884,2.813351585262685,14.443058895107104,up,down,down,down,0.0021461015435875,0.0046675619356477,0.0,-3.3548392325803637e-06,13.312
10.516,-0.0176745721318329,0.0343484286530193,2.813564368725689,14.48807422273901,up,down,down,down,0.0021461015435875,0.0046675619356477,0.0,-3.3548392325803637e-06,13.328
10.532,-0.0157407876194994,0.1187154304772563,2.813757010612729,14.533092793773719,up,down,down,down,0.0021461015435875,0.0046675619356477,0.0,-3.3548392325803637e-06,13.344
10.563,-0.0166746386787561,0.0322703292615448,2.814114755300347,14.620324806145373,up,down,down,down,0.0021461015435875,0.0046675619356477,0.0,-3.3548392325803637e-06,13.375
10.579,-0.0181258117137107,0.0928444162282548,2.8143184779125163,14.665352272011075,up,down,down,down,0.0021461015435875,0.0046675619356477,0.0,-3.3548392325803637e-06,13.391
10.594000000000001,-0.0195451167041741,0.0967664342411431,2.814530996446616,14.707568643068772,up,down,down,down,0.0021461015435875,0.0046675619356477,0.0,-3.3548392325803637e-06,13.406
10.610000000000001,-0.0203004330182831,0.0493533711753978,2.814775079853425,14.752603091679171,up,down,down,down,0.0021461015435875,0.0046675619356477,0.0,-3.3548392325803637e-06,13.422
10.625,-0.022243103990488598,0.1316574996906287,2.815024142951956,14.794826585850206,up,down,down,down,0.0021461015435875,0.0046675619356477,0.0,-3.3548392325803637e-06,13.437
10.657,-0.0198964202892656,0.07118776411962889,2.8155490133584915,14.884915756351173,up,down,down,down,0.0021461015435875,0.0046675619356477,0.0,-3.3548392325803637e-06,13.469
10.672,-0.0189943667218609,0.0579908029500563,2.81577068083204,14.927150654057604,up,down,down,down,0.0021461015435875,0.0046675619356477,0.0,-3.3548392325803637e-06,13.484
10.688,-0.0180961164527335,0.0539945402768804,2.8159927237064664,14.972204761293911,up,down,down,down,0.0021461015435875,0.0046675619356477,0.0,-3.3548392325803637e-06,13.5
10.704,-0.0172638825339745,0.0498685183788482,2.81620092270739,15.017262310465222,up,down,down,down,0.0021461015435875,0.0046675619356477,0.0,-3.3548392325803637e-06,13.516
10.719000000000001,-0.018069700502731798,0.0558672994607413,2.8163959111511305,15.059506786719163,up,down,down,down,0.0021461015435875,0.0046675619356477,0.0,-3.3548392325803637e-06,13.531
10.735000000000001,-0.019872858584037,0.1148434816251596,2.8166247706328544,15.104570952173434,up,down,down,down,0.0021461015435875,0.0046675619356477,0.0,-3.3548392325803637e-06,13.547
10.75,-0.021630709678124197,0.11933617448274461,2.816866033965786,15.146822133207923,up,down,down,down,0.0021461015435875,0.0046675619356477,0.0,-3.3548392325803637e-06,13.562
10.766,-0.0226584655547269,0.0663808438312595,2.8171456663766783,15.191894226810662,up,down,down,down,0.0021461015435875,0.0046675619356477,0.0,-3.3548392325803637e-06,13.578
10.782,-0.0234781180464657,0.0533743822772602,2.817440078054517,15.236970912766111,up,down,down,down,0.0021461015435875,0.0046675619356477,0.0,-3.3548392325803637e-06,13.594
10.797,-0.024233461195812697,0.0525023115000521,2.8177279014698,15.279234672612548,up,down,down,down,0.0021461015435875,0.0046675619356477,0.0,-3.3548392325803637e-06,13.609
10.813,-0.023611120736893098,0.0367501771388889,2.818035977134291,15.32432078364138,up,down,down,down,0.0021461015435875,0.0046675619356477,0.0,-3.3548392325803637e-06,13.625
10.844000000000001,-0.0225356706126724,0.0325458379474029,2.818606557980204,15.411688742935654,up,down,down,down,0.0021461015435875,0.0046675619356477,0.0,-3.3548392325803637e-06,13.656
10.860000000000001,-0.0212294264598255,0.079494158009341,2.8188819977658137,15.456788651381624,up,down,down,down,0.0021461015435875,0.0046675619356477,0.0,-3.3548392325803637e-06,13.672
10.875,-0.021281112427335,0.0,2.8191308133784325,15.499073747465204,up,down,down,down,0.0021461015435875,0.0046675619356477,0.0,-3.3548392325803637e-06,13.687
10.891,-0.0218408703142233,0.0371309694741083,2.819401108249395,15.544182002838225,up,down,down,down,0.0021461015435875,0.0046675619356477,0.0,-3.3548392325803637e-06,13.703
10.922,-0.0223764636648446,0.0194233064023373,2.8199417825060653,15.631591817644937,up,down,down,down,0.0021461015435875,0.0046675619356477,0.0,-3.3548392325803637e-06,13.734
10.938,-0.0233007835373405,0.0599160935745856,2.8202325194927123,15.676713212060926,up,down,down,down,0.0021461015435875,0.0046675619356477,0.0,-3.3548392325803637e-06,13.75
10.954,-0.0216450950488659,0.1013344289860772,2.820517405530432,15.721839211461111,up,down,down,down,0.0021461015435875,0.0046675619356477,0.0,-3.3548392325803637e-06,13.766
10.969000000000001,-0.0200395548788207,0.1048899097927562,2.8207600269758544,15.76414879220491,up,down,down,down,0.0021461015435875,0.0046675619356477,0.0,-3.3548392325803637e-06,13.781
10.985000000000001,-0.018789867199631,0.07595937840576539,2.8209959813615115,15.809282840271607,up,down,down,down,0.0021461015435875,0.0046675619356477,0.0,-3.3548392325803637e-06,13.797
11.0,-0.0183514579948961,0.0270811787720764,2.821204527871436,15.85159934409085,up,down,down,down,0.0021461015435875,0.0046675619356477,0.0,-3.3548392325803637e-06,13.812
