timestamps,aAcc,aJerk,aVelocity,aHeight,jerks_direction,accelerations_direction,velocities_direction,heights_direction,start_jerks,start_accelerations,start_velocities,start_heights,actual_timestamps
0.0,0.0,0.0,0.0,0.0,up,down,down,down,-0.0730275077053254,0.010070767672019,0.0,-0.0002889669257716,4.562
0.016000000000000014,0.0,0.0,0.0,0.0,up,down,down,down,-0.0730275077053254,0.010070767672019,0.0,-0.0002889669257716,4.578
0.030999999999999694,0.0,0.059361675030067,0.0,0.0,up,down,down,down,-0.0730275077053254,0.010070767672019,0.0,-0.0002889669257716,4.593
0.04699999999999971,0.0,0.10855405559129211,0.0,0.0,up,down,down,down,-0.0730275077053254,0.010070767672019,0.0,-0.0002889669257716,4.609
0.06299999999999972,0.0,0.10507031720163851,0.0,0.0,up,down,down,down,-0.0730275077053254,0.010070767672019,0.0,-0.0002889669257716,4.625
0.09399999999999942,0.0,0.0887247992931269,0.0,0.0,up,down,down,down,-0.0730275077053254,0.010070767672019,0.0,-0.0002889669257716,4.656
0.10899999999999999,0.0,0.0830374820862081,0.0,0.0,up,down,down,down,-0.0730275077053254,0.010070767672019,0.0,-0.0002889669257716,4.671
0.125,0.0,0.0813336809164509,0.0,0.0,up,down,down,down,-0.0730275077053254,0.010070767672019,0.0,-0.0002889669257716,4.687
0.14100000000000001,0.0,0.0835757471523422,0.0,0.0,up,down,down,down,-0.0730275077053254,0.010070767672019,0.0,-0.0002889669257716,4.703
0.1559999999999997,0.0,0.044912066154008196,0.0,0.0,up,down,down,down,-0.0730275077053254,0.010070767672019,0.0,-0.0002889669257716,4.718
0.18799999999999972,0.0,0.0737513966168611,0.0,0.0,up,down,down,down,-0.0730275077053254,0.010070767672019,0.0,-0.0002889669257716,4.75
0.2029999999999994,0.0,0.0,0.0,0.0,up,down,down,down,-0.0730275077053254,0.010070767672019,0.0,-0.0002889669257716,4.765
0.21899999999999942,0.0,0.1088202116573676,0.0,0.0,up,down,down,down,-0.0730275077053254,0.010070767672019,0.0,-0.0002889669257716,4.781
0.23399999999999999,0.0,0.11079895159591979,0.0,0.0,up,down,down,down,-0.0730275077053254,0.010070767672019,0.0,-0.0002889669257716,4.796
0.25,0.0,0.0665640376998899,0.0,0.0,up,down,down,down,-0.0730275077053254,0.010070767672019,0.0,-0.0002889669257716,4.812
0.266,0.0,0.1495179337599459,0.0,0.0,up,down,down,down,-0.0730275077053254,0.010070767672019,0.0,-0.0002889669257716,4.828
0.2809999999999997,0.0,0.1540330820263148,0.0,0.0,up,down,down,down,-0.0730275077053254,0.010070767672019,0.0,-0.0002889669257716,4.843
0.2969999999999997,0.0,0.049925117789450996,0.0,0.0,up,down,down,down,-0.0730275077053254,0.010070767672019,0.0,-0.0002889669257716,4.859
0.3129999999999997,0.0,0.0,0.0,0.0,up,down,down,down,-0.0730275077053254,0.010070767672019,0.0,-0.0002889669257716,4.875
0.3439999999999994,0.0,0.0437231387882592,0.0,0.0,up,down,down,down,-0.0730275077053254,0.010070767672019,0.0,-0.0002889669257716,4.906
0.359,0.0,0.0804486473810813,0.0,0.0,up,down,down,down,-0.0730275077053254,0.010070767672019,0.0,-0.0002889669257716,4.921
0.391,0.0,0.0604285466019871,0.0,0.0,up,down,down,down,-0.0730275077053254,0.010070767672019,0.0,-0.0002889669257716,4.953
0.4059999999999997,0.0,0.07060784423023041,0.0,0.0,up,down,down,down,-0.0730275077053254,0.010070767672019,0.0,-0.0002889669257716,4.968
0.4219999999999997,0.0,0.0451457863834825,0.0,0.0,up,down,down,down,-0.0730275077053254,0.010070767672019,0.0,-0.0002889669257716,4.984
0.4379999999999997,0.0,0.042498098993815,0.0,0.0,up,down,down,down,-0.0730275077053254,0.010070767672019,0.0,-0.0002889669257716,5.0
0.4529999999999994,0.0,0.1030153161290334,0.0,0.0,up,down,down,down,-0.0730275077053254,0.010070767672019,0.0,-0.0002889669257716,5.015
0.4689999999999994,0.0,0.0143753086689902,0.0,0.0,up,down,down,down,-0.0730275077053254,0.010070767672019,0.0,-0.0002889669257716,5.031
0.484,0.0,0.012639615926483896,0.0,0.0,up,down,down,down,-0.0730275077053254,0.010070767672019,0.0,-0.0002889669257716,5.046
0.5,0.0,0.0,0.0,0.0,up,down,down,down,-0.0730275077053254,0.010070767672019,0.0,-0.0002889669257716,5.062
0.516,0.0,0.0747563665401961,0.0,0.0,up,down,down,down,-0.0730275077053254,0.010070767672019,0.0,-0.0002889669257716,5.078
0.5469999999999997,0.0,0.090199780917736,0.0,0.0,up,down,down,down,-0.0730275077053254,0.010070767672019,0.0,-0.0002889669257716,5.109
0.5629999999999997,0.0,0.0986527326310991,0.0,0.0,up,down,down,down,-0.0730275077053254,0.010070767672019,0.0,-0.0002889669257716,5.125
0.5939999999999994,0.0,0.0629401756724286,0.0,0.0,up,down,down,down,-0.0730275077053254,0.010070767672019,0.0,-0.0002889669257716,5.156
0.609,0.0,0.052540424026027,0.0,0.0,up,down,down,down,-0.0730275077053254,0.010070767672019,0.0,-0.0002889669257716,5.171
0.625,0.0,0.0666947485978841,0.0,0.0,up,down,down,down,-0.0730275077053254,0.010070767672019,0.0,-0.0002889669257716,5.187
0.641,0.0,0.058834169765265,0.0,0.0,up,down,down,down,-0.0730275077053254,0.010070767672019,0.0,-0.0002889669257716,5.203
0.6559999999999997,0.0,0.0585864616388687,0.0,0.0,up,down,down,down,-0.0730275077053254,0.010070767672019,0.0,-0.0002889669257716,5.218
0.6879999999999997,0.0,0.0746548624261377,0.0,0.0,up,down,down,down,-0.0730275077053254,0.010070767672019,0.0,-0.0002889669257716,5.25
0.7029999999999994,0.0,0.0782867169221897,0.0,0.0,up,down,down,down,-0.0730275077053254,0.010070767672019,0.0,-0.0002889669257716,5.265
0.7189999999999994,0.0,0.0315297157880145,0.0,0.0,up,down,down,down,-0.0730275077053254,0.010070767672019,0.0,-0.0002889669257716,5.281
0.75,0.0,0.0869043764829543,0.0,0.0,up,down,down,down,-0.0730275077053254,0.010070767672019,0.0,-0.0002889669257716,5.312
0.766,0.0,0.0992872696470302,0.0,0.0,up,down,down,down,-0.0730275077053254,0.010070767672019,0.0,-0.0002889669257716,5.328
0.7969999999999997,0.0,0.0293237421850052,0.0,0.0,up,down,down,down,-0.0730275077053254,0.010070767672019,0.0,-0.0002889669257716,5.359
0.8129999999999997,0.0,0.0232424810524545,0.0,0.0,up,down,down,down,-0.0730275077053254,0.010070767672019,0.0,-0.0002889669257716,5.375
0.8439999999999994,0.0,0.0932154242268253,0.0,0.0,up,down,down,down,-0.0730275077053254,0.010070767672019,0.0,-0.0002889669257716,5.406
0.859,0.0,0.19522302834405192,0.0,0.0,up,down,down,down,-0.0730275077053254,0.010070767672019,0.0,-0.0002889669257716,5.421
0.875,0.0,0.1829784078364313,0.0,0.0,up,down,down,down,-0.0730275077053254,0.010070767672019,0.0,-0.0002889669257716,5.437
0.891,0.0,0.104650171631193,0.0,0.0,up,down,down,down,-0.0730275077053254,0.010070767672019,0.0,-0.0002889669257716,5.453
0.9059999999999997,0.0,0.0883001794027192,0.0,0.0,up,down,down,down,-0.0730275077053254,0.010070767672019,0.0,-0.0002889669257716,5.468
0.9379999999999997,0.0,0.018550572962405802,0.0,0.0,up,down,down,down,-0.0730275077053254,0.010070767672019,0.0,-0.0002889669257716,5.5
0.9529999999999994,0.0,0.0906977015442362,0.0,0.0,up,down,down,down,-0.0730275077053254,0.010070767672019,0.0,-0.0002889669257716,5.515
0.9689999999999994,0.0,0.0687118776995232,0.0,0.0,up,down,down,down,-0.0730275077053254,0.010070767672019,0.0,-0.0002889669257716,5.531
1.0,0.0,0.0694336745630206,0.0,0.0,up,down,down,down,-0.0730275077053254,0.010070767672019,0.0,-0.0002889669257716,5.562
1.016,0.0,0.09711440975135299,0.0,0.0,up,down,down,down,-0.0730275077053254,0.010070767672019,0.0,-0.0002889669257716,5.578
1.0309999999999997,0.0,0.0973216829518975,0.0,0.0,up,down,down,down,-0.0730275077053254,0.010070767672019,0.0,-0.0002889669257716,5.593
1.0469999999999997,0.0,0.015517043864266,0.0,0.0,up,down,down,down,-0.0730275077053254,0.010070767672019,0.0,-0.0002889669257716,5.609
1.0629999999999997,0.0135665559431571,0.22249802871965302,0.0,0.0,up,down,down,down,-0.0730275077053254,0.010070767672019,0.0,-0.0002889669257716,5.625
1.0779999999999994,0.018203212421200203,0.2360829241642226,0.0,0.0,up,down,down,down,-0.0730275077053254,0.010070767672019,0.0,-0.0002889669257716,5.64
1.0939999999999994,0.022270108494904302,0.18115349690117621,0.0,0.0,up,down,down,down,-0.0730275077053254,0.010070767672019,0.0,-0.0002889669257716,5.656
1.109,0.023577470606584203,0.014129966406666,0.0,0.0,up,down,down,down,-0.0730275077053254,0.010070767672019,0.0,-0.0002889669257716,5.671
1.125,0.024203494861659,0.033900991763147204,0.0,0.0,up,down,down,down,-0.0730275077053254,0.010070767672019,0.0,-0.0002889669257716,5.687
1.1559999999999997,0.0247862225589957,0.054229840049302896,0.0,0.0,up,down,down,down,-0.0730275077053254,0.010070767672019,0.0,-0.0002889669257716,5.718
1.1719999999999997,0.025707951428937902,0.015419453333942401,0.0,0.0,up,down,down,down,-0.0730275077053254,0.010070767672019,0.0,-0.0002889669257716,5.734
1.1879999999999997,0.0251591000619945,0.1073307181392867,0.0,0.0,up,down,down,down,-0.0730275077053254,0.010070767672019,0.0,-0.0002889669257716,5.75
1.2029999999999994,0.0253187427677516,0.062384660654853305,0.0,0.0,up,down,down,down,-0.0730275077053254,0.010070767672019,0.0,-0.0002889669257716,5.765
1.2189999999999994,0.0243181512002212,0.1355644806759757,0.0,0.0,up,down,down,down,-0.0730275077053254,0.010070767672019,0.0,-0.0002889669257716,5.781
1.234,0.0233354849976467,0.1385385878769547,0.0,0.0,up,down,down,down,-0.0730275077053254,0.010070767672019,0.0,-0.0002889669257716,5.796
1.25,0.022081592206894998,0.1513958071273078,0.0,0.0,up,down,down,down,-0.0730275077053254,0.010070767672019,0.0,-0.0002889669257716,5.812
1.2809999999999997,0.0218412923369387,0.08077911641359051,0.0,0.0,up,down,down,down,-0.0730275077053254,0.010070767672019,0.0,-0.0002889669257716,5.843
1.2969999999999997,0.0198250971298125,0.1990397081507164,0.0,0.0,up,down,down,down,-0.0730275077053254,0.010070767672019,0.0,-0.0002889669257716,5.859
1.3129999999999997,0.0178652454084956,0.1955182402876285,0.0,0.0,up,down,down,down,-0.0730275077053254,0.010070767672019,0.0,-0.0002889669257716,5.875
1.3279999999999994,0.0178387229559308,0.0747956712096486,0.0,0.0,up,down,down,down,-0.0730275077053254,0.010070767672019,0.0,-0.0002889669257716,5.89
1.3439999999999994,0.016198414102122402,0.1755468110683498,0.0,0.0,up,down,down,down,-0.0730275077053254,0.010070767672019,0.0,-0.0002889669257716,5.906
1.359,0.0158708003944435,0.0948684215505821,0.0,0.0,up,down,down,down,-0.0730275077053254,0.010070767672019,0.0,-0.0002889669257716,5.921
1.391,0.0149766182079086,0.1009707010345416,0.0,0.0,up,down,down,down,-0.0730275077053254,0.010070767672019,0.0,-0.0002889669257716,5.953
1.4219999999999997,0.013356483811065701,0.1252899076034853,0.0,0.0,up,down,down,down,-0.0730275077053254,0.010070767672019,0.0,-0.0002889669257716,5.984
1.4379999999999997,0.013492342302566001,0.0645363519865549,0.0,0.0,up,down,down,down,-0.0730275077053254,0.010070767672019,0.0,-0.0002889669257716,6.0
1.4529999999999994,0.0135857638371152,0.0667994054020476,0.0,0.0,up,down,down,down,-0.0730275077053254,0.010070767672019,0.0,-0.0002889669257716,6.015
1.4689999999999994,0.013685024773410501,0.0668236991868686,0.0,0.0,up,down,down,down,-0.0730275077053254,0.010070767672019,0.0,-0.0002889669257716,6.031
1.484,0.012675207835650501,0.1403486368893176,0.0,0.0,up,down,down,down,-0.0730275077053254,0.010070767672019,0.0,-0.0002889669257716,6.046
1.5,0.0130609847824433,0.048916448530778,0.0,0.0,up,down,down,down,-0.0730275077053254,0.010070767672019,0.0,-0.0002889669257716,6.062
1.516,0.0134815648614185,0.0467412527693778,0.0,0.0,up,down,down,down,-0.0730275077053254,0.010070767672019,0.0,-0.0002889669257716,6.078
1.5309999999999997,0.013987106875076,0.0393247067948254,0.0,0.0,up,down,down,down,-0.0730275077053254,0.010070767672019,0.0,-0.0002889669257716,6.093
1.5469999999999997,0.0158007214356813,0.0403234023325094,0.0,0.0,up,down,down,down,-0.0730275077053254,0.010070767672019,0.0,-0.0002889669257716,6.109
1.5629999999999997,0.0175580026885845,0.036802570601124296,0.0,0.0,up,down,down,down,-0.0730275077053254,0.010070767672019,0.0,-0.0002889669257716,6.125
1.5779999999999994,0.0176834954751487,0.0646613219343818,0.0,0.0,up,down,down,down,-0.0730275077053254,0.010070767672019,0.0,-0.0002889669257716,6.14
1.5939999999999994,0.016371606056155702,0.1550205963923854,0.0,0.0,up,down,down,down,-0.0730275077053254,0.010070767672019,0.0,-0.0002889669257716,6.156
1.609,0.017830256090766203,0.024215827935373704,0.0,0.0,up,down,down,down,-0.0730275077053254,0.010070767672019,0.0,-0.0002889669257716,6.171
1.625,0.0192898325069491,0.018196018306104705,0.0,0.0,up,down,down,down,-0.0730275077053254,0.010070767672019,0.0,-0.0002889669257716,6.187
1.641,0.0208275395097707,0.023079179971019506,0.0,0.0,up,down,down,down,-0.0730275077053254,0.010070767672019,0.0,-0.0002889669257716,6.203
1.6719999999999997,0.0214344807099936,0.053448759311035696,0.0,0.0,up,down,down,down,-0.0730275077053254,0.010070767672019,0.0,-0.0002889669257716,6.234
1.6879999999999997,0.0241894918148321,0.0991606863470772,0.0,0.0,up,down,down,down,-0.0730275077053254,0.010070767672019,0.0,-0.0002889669257716,6.25
1.7029999999999994,0.0263822775667303,0.07315820908789,0.0,0.0,up,down,down,down,-0.0730275077053254,0.010070767672019,0.0,-0.0002889669257716,6.265
1.7189999999999994,0.028507687531249,0.05981061507709379,0.0,0.0,up,down,down,down,-0.0730275077053254,0.010070767672019,0.0,-0.0002889669257716,6.281
1.75,0.0286533957367129,0.068327243012942,0.0,0.0,up,down,down,down,-0.0730275077053254,0.010070767672019,0.0,-0.0002889669257716,6.312
1.766,0.030900070325911102,0.0673896541195651,0.0,0.0,up,down,down,down,-0.0730275077053254,0.010070767672019,0.0,-0.0002889669257716,6.328
1.7969999999999997,0.0330657196859539,0.0,0.0,0.0,up,down,down,down,-0.0730275077053254,0.010070767672019,0.0,-0.0002889669257716,6.359
1.8129999999999997,0.034203495581015805,0.0,0.0,0.0,up,down,down,down,-0.0730275077053254,0.010070767672019,0.0,-0.0002889669257716,6.375
1.8279999999999994,0.0353324721615865,0.0,0.0,0.0,up,down,down,down,-0.0730275077053254,0.010070767672019,0.0,-0.0002889669257716,6.39
1.8439999999999994,0.036586476988347105,0.0,0.0,0.0,up,down,down,down,-0.0730275077053254,0.010070767672019,0.0,-0.0002889669257716,6.406
1.859,0.0390351581660136,0.0902179041391018,0.0,0.0,up,down,down,down,-0.0730275077053254,0.010070767672019,0.0,-0.0002889669257716,6.421
1.875,0.041371902553524895,0.07301901651413079,0.0,0.0,up,down,down,down,-0.0730275077053254,0.010070767672019,0.0,-0.0002889669257716,6.437
1.891,0.0428142831303438,0.017121278345855195,0.0,0.0,up,down,down,down,-0.0730275077053254,0.010070767672019,0.0,-0.0002889669257716,6.453
1.9059999999999997,0.0433641342330818,0.036370767522793,0.0,0.0,up,down,down,down,-0.0730275077053254,0.010070767672019,0.0,-0.0002889669257716,6.468
1.9379999999999997,0.04650151849808801,0.025015750576118392,0.0,0.0,up,down,down,down,-0.0730275077053254,0.010070767672019,0.0,-0.0002889669257716,6.5
1.9529999999999994,0.0495834398984519,0.1324339189856054,0.0,0.0,up,down,down,down,-0.0730275077053254,0.010070767672019,0.0,-0.0002889669257716,6.515
1.9689999999999994,0.0513931986684069,0.0400824154168644,0.0,0.0,up,down,down,down,-0.0730275077053254,0.010070767672019,0.0,-0.0002889669257716,6.531
2.0,0.0539854886062424,0.010594748353880898,0.0,0.0,up,down,down,down,-0.0730275077053254,0.010070767672019,0.0,-0.0002889669257716,6.562
2.016,0.0555577193845308,0.025236915937698598,0.0,0.0,up,down,down,down,-0.0730275077053254,0.010070767672019,0.0,-0.0002889669257716,6.578
2.0309999999999997,0.0584068389335604,0.11691379556332299,0.0,0.0,up,down,down,down,-0.0730275077053254,0.010070767672019,0.0,-0.0002889669257716,6.593
2.0469999999999997,0.061195073475680206,0.10123715117715809,0.0,0.0,up,down,down,down,-0.0730275077053254,0.010070767672019,0.0,-0.0002889669257716,6.609
2.0629999999999997,0.064680253919981,0.1447962700634741,0.0,0.0,up,down,down,down,-0.0730275077053254,0.010070767672019,0.0,-0.0002889669257716,6.625
2.0779999999999994,0.0684163602677755,0.1760462488143153,0.0,0.0,up,down,down,down,-0.0730275077053254,0.010070767672019,0.0,-0.0002889669257716,6.64
2.0939999999999994,0.0712752154291783,0.10565093988235119,0.0107698378833863,0.0,up,down,down,down,-0.0730275077053254,0.010070767672019,0.0,-0.0002889669257716,6.656
2.109,0.0736082688407132,0.08250938639699479,0.0117054025003303,0.0,up,down,down,down,-0.0730275077053254,0.010070767672019,0.0,-0.0002889669257716,6.671
2.125,0.07593037137729461,0.0721039008310109,0.012740579339322,0.0,up,down,down,down,-0.0730275077053254,0.010070767672019,0.0,-0.0002889669257716,6.687
2.141,0.0781894971851037,0.0681678552827413,0.0138124060050689,0.0,up,down,down,down,-0.0730275077053254,0.010070767672019,0.0,-0.0002889669257716,6.703
2.1719999999999997,0.0820949411284529,0.05295455498336099,0.0159846210010964,0.0,up,down,down,down,-0.0730275077053254,0.010070767672019,0.0,-0.0002889669257716,6.734
2.2029999999999994,0.0880389712172923,0.11871539838626899,0.0183095028446229,0.0,up,down,down,down,-0.0730275077053254,0.010070767672019,0.0,-0.0002889669257716,6.765
2.2189999999999994,0.0907843174733943,0.0985566333010501,0.0195789568713961,0.0,up,down,down,down,-0.0730275077053254,0.010070767672019,0.0,-0.0002889669257716,6.781
2.234,0.0949052456943472,0.2017010403581902,0.0208205670800739,0.0,up,down,down,down,-0.0730275077053254,0.010070767672019,0.0,-0.0002889669257716,6.796
2.25,0.0993712432794033,0.20609734136067798,0.0222136467091116,0.0,up,down,down,down,-0.0730275077053254,0.010070767672019,0.0,-0.0002889669257716,6.812
2.266,0.1037261021895616,0.199151174179568,0.023677293190111,0.0,up,down,down,down,-0.0730275077053254,0.010070767672019,0.0,-0.0002889669257716,6.828
2.2969999999999997,0.1074873037206972,0.0483015739442139,0.0266389071838874,0.0,up,down,down,down,-0.0730275077053254,0.010070767672019,0.0,-0.0002889669257716,6.859
2.3279999999999994,0.1111771707148995,0.046000459849587394,0.0297160127398065,0.0,up,down,down,down,-0.0730275077053254,0.010070767672019,0.0,-0.0002889669257716,6.89
2.3439999999999994,0.11594100064117531,0.2247118626869103,0.0313718258279028,0.0,up,down,down,down,-0.0730275077053254,0.010070767672019,0.0,-0.0002889669257716,6.906
2.359,0.12056814351680051,0.235448684003014,0.0329945828940074,0.0,up,down,down,down,-0.0730275077053254,0.010070767672019,0.0,-0.0002889669257716,6.921
2.375,0.1243716261702977,0.1646901581382475,0.0347929687687519,0.0,up,down,down,down,-0.0730275077053254,0.010070767672019,0.0,-0.0002889669257716,6.937
2.391,0.13022095569341718,0.2925555874896399,0.0366685771409093,0.0,up,down,down,down,-0.0730275077053254,0.010070767672019,0.0,-0.0002889669257716,6.953
2.4059999999999997,0.13478821912200958,0.2314567208675133,0.0385050844369447,0.0,up,down,down,down,-0.0730275077053254,0.010070767672019,0.0,-0.0002889669257716,6.968
2.4219999999999997,0.1392697055679867,0.20706539516823758,0.0405364155517124,0.0,up,down,down,down,-0.0730275077053254,0.010070767672019,0.0,-0.0002889669257716,6.984
2.4529999999999994,0.142566225042671,0.033311830187718994,0.0445926786783449,0.0103771078975786,up,down,down,down,-0.0730275077053254,0.010070767672019,0.0,-0.0002889669257716,7.015
2.4689999999999994,0.1457906260452882,0.1284975549582511,0.0467384012042963,0.0111077565366397,up,down,down,down,-0.0730275077053254,0.010070767672019,0.0,-0.0002889669257716,7.031
2.5,0.1496880853539578,0.052696986122723194,0.0510061274331521,0.0126227967305202,up,down,down,down,-0.0730275077053254,0.010070767672019,0.0,-0.0002889669257716,7.062
2.516,0.153486860757864,0.1643959550388095,0.0532703947192944,0.0134570089077398,up,down,down,down,-0.0730275077053254,0.010070767672019,0.0,-0.0002889669257716,7.078
2.5469999999999997,0.1576751306548515,0.062077972842660006,0.0577812117883588,0.0151783088086084,up,down,down,down,-0.0730275077053254,0.010070767672019,0.0,-0.0002889669257716,7.109
2.5629999999999997,0.1622405888031116,0.2123136265609336,0.0601794052612703,0.0161219937450054,up,down,down,down,-0.0730275077053254,0.010070767672019,0.0,-0.0002889669257716,7.125
2.5779999999999994,0.1668897466844504,0.23691635105060083,0.0624968212623466,0.0170420654439325,up,down,down,down,-0.0730275077053254,0.010070767672019,0.0,-0.0002889669257716,7.14
2.5939999999999994,0.1703619417969672,0.14398468682697,0.0650337024874457,0.0180623096339309,up,down,down,down,-0.0730275077053254,0.010070767672019,0.0,-0.0002889669257716,7.156
2.609,0.1742230928521272,0.1843825626386682,0.0674670287322337,0.0190560651180785,up,down,down,down,-0.0730275077053254,0.010070767672019,0.0,-0.0002889669257716,7.171
2.625,0.1780292888908973,0.1648597447178045,0.0701239155034256,0.0201567926719638,up,down,down,down,-0.0730275077053254,0.010070767672019,0.0,-0.0002889669257716,7.187
2.641,0.18150616604744121,0.1442773145786668,0.07283906686018,0.0213004965308726,up,down,down,down,-0.0730275077053254,0.010070767672019,0.0,-0.0002889669257716,7.203
2.6719999999999997,0.1844717627128619,0.022636900856634598,0.078199530958132,0.0236415947970564,up,down,down,down,-0.0730275077053254,0.010070767672019,0.0,-0.0002889669257716,7.234
2.6879999999999997,0.187380126460967,0.1087452265512433,0.0810132137887704,0.0249152967550317,up,down,down,down,-0.0730275077053254,0.010070767672019,0.0,-0.0002889669257716,7.25
2.7029999999999994,0.1903776328620629,0.1268062523677363,0.0836953354686128,0.026150610874462,up,down,down,down,-0.0730275077053254,0.010070767672019,0.0,-0.0002889669257716,7.265
2.7189999999999994,0.1941920530463096,0.165373753810094,0.0866107606731275,0.0275130596435959,up,down,down,down,-0.0730275077053254,0.010070767672019,0.0,-0.0002889669257716,7.281
2.734,0.1970941764615669,0.12044738664515439,0.0893943458793564,0.0288330979427396,up,down,down,down,-0.0730275077053254,0.010070767672019,0.0,-0.0002889669257716,7.296
2.75,0.1990462449560403,0.04897677319926069,0.0924023369679449,0.030287471405518,up,down,down,down,-0.0730275077053254,0.010070767672019,0.0,-0.0002889669257716,7.312
2.766,0.2024419167376602,0.1392019786459196,0.0954531099787422,0.0317903149810915,up,down,down,down,-0.0730275077053254,0.010070767672019,0.0,-0.0002889669257716,7.328
2.7969999999999997,0.20579390279635482,0.0351010748332104,0.1014685713836868,0.0348426010422091,up,down,down,down,-0.0730275077053254,0.010070767672019,0.0,-0.0002889669257716,7.359
2.8129999999999997,0.2076171050200947,0.04092263127841719,0.1046147271634661,0.0364912674305864,up,down,down,down,-0.0730275077053254,0.010070767672019,0.0,-0.0002889669257716,7.375
2.8279999999999994,0.210681360938837,0.1312562202108373,0.1076009041430777,0.0380828846653854,up,down,down,down,-0.0730275077053254,0.010070767672019,0.0,-0.0002889669257716,7.39
2.8439999999999994,0.2130794363152278,0.0768522033190999,0.1108298582383579,0.0398303307644369,up,down,down,down,-0.0730275077053254,0.010070767672019,0.0,-0.0002889669257716,7.406
2.875,0.2141779510228757,0.0375915493941042,0.1171401539442661,0.0433638659532676,up,down,down,down,-0.0730275077053254,0.010070767672019,0.0,-0.0002889669257716,7.437
2.891,0.2174616585648027,0.1322042136651101,0.1204321385382152,0.0452644442931275,up,down,down,down,-0.0730275077053254,0.010070767672019,0.0,-0.0002889669257716,7.453
2.9219999999999997,0.21925716722193642,0.015107873604236599,0.126889086540077,0.049097923281841004,up,down,down,down,-0.0730275077053254,0.010070767672019,0.0,-0.0002889669257716,7.484
2.9379999999999997,0.2228360514538589,0.1506527567898263,0.1302647000067311,0.0511551535742155,up,down,down,down,-0.0730275077053254,0.010070767672019,0.0,-0.0002889669257716,7.5
2.9529999999999994,0.2263400948002409,0.1605753820534789,0.1334824595885565,0.0531332572711801,up,down,down,down,-0.0730275077053254,0.010070767672019,0.0,-0.0002889669257716,7.515
2.9689999999999994,0.2287065545577994,0.07487622714208439,0.1369617005006685,0.0552968105518939,up,down,down,down,-0.0730275077053254,0.010070767672019,0.0,-0.0002889669257716,7.531
3.0,0.22875236310178151,0.0715498127381622,0.1437401199265595,0.059647688768516,up,down,down,down,-0.0730275077053254,0.010070767672019,0.0,-0.0002889669257716,7.562
3.016,0.2305697742893961,0.04056069152058579,0.1472535647429367,0.061975638245872,up,down,down,down,-0.0730275077053254,0.010070767672019,0.0,-0.0002889669257716,7.578
3.0469999999999997,0.2307562018344561,0.067013715929195,0.1540919235750237,0.0666464933148003,up,down,down,down,-0.0730275077053254,0.010070767672019,0.0,-0.0002889669257716,7.609
3.0629999999999997,0.232549538427726,0.0390560293740405,0.1576372372143689,0.0691403266011154,up,down,down,down,-0.0730275077053254,0.010070767672019,0.0,-0.0002889669257716,7.625
3.0779999999999994,0.2343341849522334,0.045948927261843395,0.1609878036246382,0.071530014407408,up,down,down,down,-0.0730275077053254,0.010070767672019,0.0,-0.0002889669257716,7.64
3.0939999999999994,0.2348733643608635,0.0393287946659493,0.1645803317363907,0.0741345594902962,up,down,down,down,-0.0730275077053254,0.010070767672019,0.0,-0.0002889669257716,7.656
3.109,0.2354424159553686,0.0350907347383166,0.1679566385736823,0.0766285867676218,up,down,down,down,-0.0730275077053254,0.010070767672019,0.0,-0.0002889669257716,7.671
3.141,0.2349439243437866,0.0886053705672627,0.1751605554529642,0.0821184618720482,up,down,down,down,-0.0730275077053254,0.010070767672019,0.0,-0.0002889669257716,7.703
3.1559999999999997,0.2371508866339144,0.07410331163652659,0.1785502050202166,0.084771292575597,up,down,down,down,-0.0730275077053254,0.010070767672019,0.0,-0.0002889669257716,7.718
3.1719999999999997,0.2393150140350356,0.0622304548647534,0.1822007999428159,0.0876573006153012,up,down,down,down,-0.0730275077053254,0.010070767672019,0.0,-0.0002889669257716,7.734
3.1879999999999997,0.2389766821177782,0.0941732525339132,0.1858660012292861,0.0906018350246781,up,down,down,down,-0.0730275077053254,0.010070767672019,0.0,-0.0002889669257716,7.75
3.2029999999999994,0.2392594158735156,0.0541785906561653,0.1893017104491404,0.0934155928622662,up,down,down,down,-0.0730275077053254,0.010070767672019,0.0,-0.0002889669257716,7.765
3.2189999999999994,0.23950414451674532,0.0577319675034715,0.1929706866495102,0.0964737720390554,up,down,down,down,-0.0730275077053254,0.010070767672019,0.0,-0.0002889669257716,7.781
3.234,0.2410305620729484,0.028733662708209692,0.1964236354338528,0.0993942294546807,up,down,down,down,-0.0730275077053254,0.010070767672019,0.0,-0.0002889669257716,7.796
3.25,0.2403019787412325,0.1185639659375679,0.2001131634776139,0.10256652384597251,up,down,down,down,-0.0730275077053254,0.010070767672019,0.0,-0.0002889669257716,7.812
3.2809999999999997,0.23963540342897702,0.0945299371329206,0.2072399991034195,0.1088804978659784,up,down,down,down,-0.0730275077053254,0.010070767672019,0.0,-0.0002889669257716,7.843
3.2969999999999997,0.2412033485891313,0.024969064804314406,0.2109255768368121,0.1122258224735003,up,down,down,down,-0.0730275077053254,0.010070767672019,0.0,-0.0002889669257716,7.859
3.3279999999999994,0.2427293091685011,0.0238029728869436,0.2181143392342227,0.1188759411726013,up,down,down,down,-0.0730275077053254,0.010070767672019,0.0,-0.0002889669257716,7.89
3.3439999999999994,0.2451771374873831,0.0799617622248005,0.2218564585247175,0.1223957075546728,up,down,down,down,-0.0730275077053254,0.010070767672019,0.0,-0.0002889669257716,7.906
3.359,0.2457372067311424,0.0356895581213744,0.2253872545912763,0.1257500354030429,up,down,down,down,-0.0730275077053254,0.010070767672019,0.0,-0.0002889669257716,7.921
3.375,0.2468296689685213,0.0,0.2291666573141213,0.1293864666982861,up,down,down,down,-0.0730275077053254,0.010070767672019,0.0,-0.0002889669257716,7.937
3.391,0.2479117205522881,0.0,0.2329634561475355,0.1330835076059793,up,down,down,down,-0.0730275077053254,0.010070767672019,0.0,-0.0002889669257716,7.953
3.4059999999999997,0.2511927482714106,0.1457076735695072,0.2365556781486329,0.1366049011132005,up,down,down,down,-0.0730275077053254,0.010070767672019,0.0,-0.0002889669257716,7.968
3.4219999999999997,0.252554436901402,0.012078031669138206,0.2404245233472631,0.1404207427251677,up,down,down,down,-0.0730275077053254,0.010070767672019,0.0,-0.0002889669257716,7.984
3.4379999999999997,0.2539195555305421,0.012292406615932394,0.2443151830039663,0.1442986603759775,up,down,down,down,-0.0730275077053254,0.010070767672019,0.0,-0.0002889669257716,8.0
3.4530000000000003,0.2560252745204606,0.0673537582892369,0.2479887077142687,0.1479909395563644,up,down,down,down,-0.0730275077053254,0.010070767672019,0.0,-0.0002889669257716,8.015
3.4690000000000003,0.2560547885241123,0.0711828824770943,0.251924215935873,0.1519902429455655,up,down,down,down,-0.0730275077053254,0.010070767672019,0.0,-0.0002889669257716,8.031
3.483999999999999,0.2560613270203847,0.0725916079538313,0.2556140252873762,0.1557967797547396,up,down,down,down,-0.0730275077053254,0.010070767672019,0.0,-0.0002889669257716,8.046
3.515999999999999,0.2578525582061831,0.0170515331491261,0.2635143828854966,0.1641028342855056,up,down,down,down,-0.0730275077053254,0.010070767672019,0.0,-0.0002889669257716,8.078
3.5309999999999997,0.26001732651081066,0.0712903792698377,0.267247345505794,0.1680835472484404,up,down,down,down,-0.0730275077053254,0.010070767672019,0.0,-0.0002889669257716,8.093
3.5469999999999997,0.26180407885212087,0.038644513626562293,0.2712607844659451,0.1723916122882143,up,down,down,down,-0.0730275077053254,0.010070767672019,0.0,-0.0002889669257716,8.109
3.5629999999999997,0.26261644600550565,0.0222545606187729,0.2752950163820538,0.1767640586949983,up,down,down,down,-0.0730275077053254,0.010070767672019,0.0,-0.0002889669257716,8.125
3.5940000000000003,0.2634375815924609,0.0465392629648363,0.2831366600119899,0.1854197496791061,up,down,down,down,-0.0730275077053254,0.010070767672019,0.0,-0.0002889669257716,8.156
3.608999999999999,0.2659814126931205,0.09656123233866079,0.2869562409540511,0.1896954464363511,up,down,down,down,-0.0730275077053254,0.010070767672019,0.0,-0.0002889669257716,8.171
3.624999999999999,0.2671956597020005,0.0,0.2910605252504598,0.1943195805659872,up,down,down,down,-0.0730275077053254,0.010070767672019,0.0,-0.0002889669257716,8.187
3.640999999999999,0.2698960242158995,0.09574527441336131,0.2951961264390507,0.1990096337795033,up,down,down,down,-0.0730275077053254,0.010070767672019,0.0,-0.0002889669257716,8.203
3.6559999999999997,0.2724984390427226,0.10046681408287511,0.2991130233984103,0.2034669524032844,up,down,down,down,-0.0730275077053254,0.010070767672019,0.0,-0.0002889669257716,8.218
3.6719999999999997,0.2726827944065312,0.0615052974672902,0.303313340983252,0.2082863633183377,up,down,down,down,-0.0730275077053254,0.010070767672019,0.0,-0.0002889669257716,8.234
3.6879999999999997,0.2741654506652188,0.019638508462649293,0.3075269946610737,0.2131730860034923,up,down,down,down,-0.0730275077053254,0.010070767672019,0.0,-0.0002889669257716,8.25
3.7190000000000003,0.2755803775081932,0.0273847063190555,0.3157358611999292,0.2228336602693381,up,down,down,down,-0.0730275077053254,0.010070767672019,0.0,-0.0002889669257716,8.281
3.733999999999999,0.27839342025047725,0.11450867511363039,0.3197396031680386,0.2275997262520974,up,down,down,down,-0.0730275077053254,0.010070767672019,0.0,-0.0002889669257716,8.296
3.749999999999999,0.2811162267980601,0.09714790151860159,0.3240545480616746,0.2327500794619351,up,down,down,down,-0.0730275077053254,0.010070767672019,0.0,-0.0002889669257716,8.312
3.7809999999999997,0.2810326184967414,0.075724549683348,0.3324556613659116,0.2429259877080629,up,down,down,down,-0.0730275077053254,0.010070767672019,0.0,-0.0002889669257716,8.343
3.7969999999999997,0.28180390740432226,0.0248219509815239,0.3367972212903678,0.2482800107693132,up,down,down,down,-0.0730275077053254,0.010070767672019,0.0,-0.0002889669257716,8.359
3.8129999999999997,0.28258073502434816,0.0244757814537033,0.3411511661470449,0.25370359786881247,up,down,down,down,-0.0730275077053254,0.010070767672019,0.0,-0.0002889669257716,8.375
3.8440000000000003,0.28374661272628987,0.035418549578176,0.3496170462393473,0.2644105051608018,up,down,down,down,-0.0730275077053254,0.010070767672019,0.0,-0.0002889669257716,8.406
3.858999999999999,0.2848192876775782,0.0,0.3537302289772958,0.26968560972492617,up,down,down,down,-0.0730275077053254,0.010070767672019,0.0,-0.0002889669257716,8.421
3.874999999999999,0.28635241335277667,0.0227928469945793,0.3581384703027863,0.2753805593191668,up,down,down,down,-0.0730275077053254,0.010070767672019,0.0,-0.0002889669257716,8.437
3.9059999999999997,0.28734881148396046,0.0408856325058488,0.3667186454899233,0.28661584461395406,up,down,down,down,-0.0730275077053254,0.010070767672019,0.0,-0.0002889669257716,8.468
3.9219999999999997,0.28858869376549007,0.0,0.3711650132491666,0.29251891388386675,up,down,down,down,-0.0730275077053254,0.010070767672019,0.0,-0.0002889669257716,8.484
3.9379999999999997,0.28885017110428446,0.056685174030679505,0.3756233918853725,0.2984932211249431,up,down,down,down,-0.0730275077053254,0.010070767672019,0.0,-0.0002889669257716,8.5
3.9530000000000003,0.2904576902296635,0.0341404339866066,0.379817139330297,0.3041590251090609,up,down,down,down,-0.0730275077053254,0.010070767672019,0.0,-0.0002889669257716,8.515
3.9690000000000003,0.29199764407779216,0.0232196078027158,0.3843156497220043,0.31027208742147927,up,down,down,down,-0.0730275077053254,0.010070767672019,0.0,-0.0002889669257716,8.531
3.999999999999999,0.2925301713626672,0.0558492081932257,0.3930636370634985,0.32232146636665415,up,down,down,down,-0.0730275077053254,0.010070767672019,0.0,-0.0002889669257716,8.562
4.015999999999999,0.2930632451037364,0.0397103988885039,0.3975872521124774,0.328646673480062,up,down,down,down,-0.0730275077053254,0.010070767672019,0.0,-0.0002889669257716,8.578
4.031,0.2950246061118128,0.05772989283309779,0.4018468494815139,0.33464242924201715,up,down,down,down,-0.0730275077053254,0.010070767672019,0.0,-0.0002889669257716,8.593
4.063,0.29678791756075446,0.017924024925897203,0.4109935852947703,0.3476478761984377,up,down,down,down,-0.0730275077053254,0.010070767672019,0.0,-0.0002889669257716,8.625
4.078,0.29853240093656896,0.043271384015633796,0.4153074261684201,0.35384513378441185,up,down,down,down,-0.0730275077053254,0.010070767672019,0.0,-0.0002889669257716,8.64
4.108999999999999,0.2994468010058834,0.0435307312758267,0.4242639100006952,0.3668584894950327,up,down,down,down,-0.0730275077053254,0.010070767672019,0.0,-0.0002889669257716,8.671
4.124999999999999,0.3006265735763306,0.0,0.4289033647146006,0.373683827692755,up,down,down,down,-0.0730275077053254,0.010070767672019,0.0,-0.0002889669257716,8.687
4.140999999999999,0.30180113817367615,0.0,0.4335616541258484,0.3805835478434786,up,down,down,down,-0.0730275077053254,0.010070767672019,0.0,-0.0002889669257716,8.703
4.156,0.30318632736409856,0.0193184383228317,0.4379479986023016,0.38711987023893996,up,down,down,down,-0.0730275077053254,0.010070767672019,0.0,-0.0002889669257716,8.718
4.172,0.3025523048413542,0.1126539153768478,0.4426327753771929,0.394164516430776,up,down,down,down,-0.0730275077053254,0.010070767672019,0.0,-0.0002889669257716,8.734
4.188,0.3019350536645858,0.11160570625334801,0.4473075419624881,0.4012840389694934,up,down,down,down,-0.0730275077053254,0.010070767672019,0.0,-0.0002889669257716,8.75
4.203,0.30358550225542996,0.0370023983509489,0.4516978846168081,0.4080265796688384,up,down,down,down,-0.0730275077053254,0.010070767672019,0.0,-0.0002889669257716,8.765
4.219,0.3038859236846675,0.0542511683779833,0.4563965237415766,0.41529133493570547,up,down,down,down,-0.0730275077053254,0.010070767672019,0.0,-0.0002889669257716,8.781
4.233999999999999,0.30418377847057687,0.053170521978031904,0.4608059849926603,0.42217035375121176,up,down,down,down,-0.0730275077053254,0.010070767672019,0.0,-0.0002889669257716,8.796
4.249999999999999,0.3057071174082749,0.0221811759008039,0.4655239798769388,0.4295809934701685,up,down,down,down,-0.0730275077053254,0.010070767672019,0.0,-0.0002889669257716,8.812
4.265999999999999,0.3043420100225694,0.15834671931191902,0.4702432406136332,0.4370671312340931,up,down,down,down,-0.0730275077053254,0.010070767672019,0.0,-0.0002889669257716,8.828
4.281,0.3047423101047942,0.0463408355570063,0.4746603114995083,0.44415390787494197,up,down,down,down,-0.0730275077053254,0.010070767672019,0.0,-0.0002889669257716,8.843
4.313,0.3051535911765163,0.0601749742140111,0.4840963813545046,0.45949401496060616,up,down,down,down,-0.0730275077053254,0.010070767672019,0.0,-0.0002889669257716,8.875
4.328,0.3039906563457925,0.1505564964202443,0.4885139016958418,0.46678859208348406,up,down,down,down,-0.0730275077053254,0.010070767672019,0.0,-0.0002889669257716,8.89
4.344,0.30286579180311246,0.1433315416228263,0.4932076209982807,0.4746423642650371,up,down,down,down,-0.0730275077053254,0.010070767672019,0.0,-0.0002889669257716,8.906
4.358999999999999,0.30215965582073406,0.1201032398638853,0.497594250340379,0.48207337830007646,up,down,down,down,-0.0730275077053254,0.010070767672019,0.0,-0.0002889669257716,8.921
4.374999999999999,0.30215301551089435,0.0734425270703108,0.5022676194282798,0.49007227325822567,up,down,down,down,-0.0730275077053254,0.010070767672019,0.0,-0.0002889669257716,8.937
4.390999999999999,0.30216209651239706,0.0724599451114027,0.5069410080417138,0.4981459422779857,up,down,down,down,-0.0730275077053254,0.010070767672019,0.0,-0.0002889669257716,8.953
4.406,0.3035682661781588,0.020717136678783096,0.5113329242468129,0.5057829967701499,up,down,down,down,-0.0730275077053254,0.010070767672019,0.0,-0.0002889669257716,8.968
4.422,0.3047333938927589,0.0,0.516038205244628,0.5140019658060815,up,down,down,down,-0.0730275077053254,0.010070767672019,0.0,-0.0002889669257716,8.984
4.438,0.3037784162425455,0.1327136108436597,0.5207451674429581,0.5222962327875822,up,down,down,down,-0.0730275077053254,0.010070767672019,0.0,-0.0002889669257716,9.0
4.453,0.30280988775294826,0.1375960736784746,0.5251435182078441,0.5301403979299635,up,down,down,down,-0.0730275077053254,0.010070767672019,0.0,-0.0002889669257716,9.015
4.469,0.30260235299892796,0.0859984298315906,0.5298256838511068,0.5385801515464351,up,down,down,down,-0.0730275077053254,0.010070767672019,0.0,-0.0002889669257716,9.031
4.483999999999999,0.30352849624727607,0.011284624482116798,0.5342206037053727,0.5465604987031081,up,down,down,down,-0.0730275077053254,0.010070767672019,0.0,-0.0002889669257716,9.046
4.515999999999999,0.3028147944517537,0.095330688815398,0.5435998317910526,0.5638056256710509,up,down,down,down,-0.0730275077053254,0.010070767672019,0.0,-0.0002889669257716,9.078
4.531,0.3051854009981126,0.0850129287185952,0.5480087717418465,0.571992690197548,up,down,down,down,-0.0730275077053254,0.010070767672019,0.0,-0.0002889669257716,9.093
4.547,0.30751049875691716,0.0722911022199568,0.5527492066571345,0.5807987540247398,up,down,down,down,-0.0730275077053254,0.010070767672019,0.0,-0.0002889669257716,9.109
4.563,0.30668301442518225,0.12474527843875349,0.5575016224798389,0.5896807606578356,up,down,down,down,-0.0730275077053254,0.010070767672019,0.0,-0.0002889669257716,9.125
4.594,0.30872050875170476,0.0,0.5667281832912483,0.6071063226472878,up,down,down,down,-0.0730275077053254,0.010070767672019,0.0,-0.0002889669257716,9.156
4.608999999999999,0.30896546336921016,0.0566971998716308,0.5712097665670746,0.6156408572712245,up,down,down,down,-0.0730275077053254,0.010070767672019,0.0,-0.0002889669257716,9.171
4.624999999999999,0.3087197692435967,0.088383390556168,0.5759901161452247,0.6248184563329229,up,down,down,down,-0.0730275077053254,0.010070767672019,0.0,-0.0002889669257716,9.187
4.640999999999999,0.3106431504000148,0.04718381457080589,0.5807838872196213,0.6340726483598417,up,down,down,down,-0.0730275077053254,0.010070767672019,0.0,-0.0002889669257716,9.203
4.656,0.3125307849355269,0.052814794662143505,0.5853066302195578,0.6428183272406358,up,down,down,down,-0.0730275077053254,0.010070767672019,0.0,-0.0002889669257716,9.218
4.672,0.3108614924395477,0.1773582887040212,0.590132636155806,0.6522218413716387,up,down,down,down,-0.0730275077053254,0.010070767672019,0.0,-0.0002889669257716,9.234
4.703,0.30969228978436175,0.11074372238874211,0.5994390259824443,0.670660202134782,up,down,down,down,-0.0730275077053254,0.010070767672019,0.0,-0.0002889669257716,9.265
4.719,0.3101502309496772,0.0444061848731136,0.6042366338655643,0.680289607413566,up,down,down,down,-0.0730275077053254,0.010070767672019,0.0,-0.0002889669257716,9.281
4.749999999999999,0.30799522673648727,0.1425437726469386,0.6135056946618669,0.6991646135057404,up,down,down,down,-0.0730275077053254,0.010070767672019,0.0,-0.0002889669257716,9.312
4.765999999999999,0.3077002910229555,0.0914609898010619,0.6182701265211902,0.7090188200752049,up,down,down,down,-0.0730275077053254,0.010070767672019,0.0,-0.0002889669257716,9.328
4.781,0.3074809061810181,0.0876531638344847,0.6227329239851399,0.7183263429540028,up,down,down,down,-0.0730275077053254,0.010070767672019,0.0,-0.0002889669257716,9.343
4.797,0.30775142053713705,0.0561203604478865,0.6274936503161328,0.728328155548413,up,down,down,down,-0.0730275077053254,0.010070767672019,0.0,-0.0002889669257716,9.359
4.813,0.3087528751911551,0.010436591829199302,0.6322645523992069,0.7384062211701358,up,down,down,down,-0.0730275077053254,0.010070767672019,0.0,-0.0002889669257716,9.375
4.828,0.3097071524067373,0.0,0.636751941091111,0.7479238448713135,up,down,down,down,-0.0730275077053254,0.010070767672019,0.0,-0.0002889669257716,9.39
4.844,0.30891140401701006,0.1227617820632741,0.6415397572597487,0.7581501784581204,up,down,down,down,-0.0730275077053254,0.010070767672019,0.0,-0.0002889669257716,9.406
4.858999999999999,0.30813506412459357,0.1247835005330991,0.6460165442557301,0.7678068507194857,up,down,down,down,-0.0730275077053254,0.010070767672019,0.0,-0.0002889669257716,9.421
4.890999999999999,0.3092591401618171,0.0379001315420901,0.655572586958808,0.7886322768189183,up,down,down,down,-0.0730275077053254,0.010070767672019,0.0,-0.0002889669257716,9.453
4.906,0.30957918931344947,0.051690897596498406,0.6600628129147924,0.7984995423179707,up,down,down,down,-0.0730275077053254,0.010070767672019,0.0,-0.0002889669257716,9.468
4.938,0.3090661993170335,0.0890584450933261,0.6696388745673756,0.8197747693176854,up,down,down,down,-0.0730275077053254,0.010070767672019,0.0,-0.0002889669257716,9.5
4.953,0.3085933832476256,0.1045485789991812,0.6741202599215305,0.8298529628263527,up,down,down,down,-0.0730275077053254,0.010070767672019,0.0,-0.0002889669257716,9.515
4.969,0.30976662919796977,0.0,0.678906007738343,0.8406771729676317,up,down,down,down,-0.0730275077053254,0.010070767672019,0.0,-0.0002889669257716,9.531
4.983999999999999,0.3109443447755121,0.0,0.6834102785280635,0.8508945451146289,up,down,down,down,-0.0730275077053254,0.010070767672019,0.0,-0.0002889669257716,9.546
5.015999999999999,0.31030563957693846,0.09298704516075271,0.693028013712198,0.8729175577904731,up,down,down,down,-0.0730275077053254,0.010070767672019,0.0,-0.0002889669257716,9.578
5.031,0.3103308311687359,0.0713480682521602,0.6975317257277105,0.8833467558362728,up,down,down,down,-0.0730275077053254,0.010070767672019,0.0,-0.0002889669257716,9.593
5.063,0.31039220830496267,0.0711094721982385,0.7071410297937851,0.9058215199246168,up,down,down,down,-0.0730275077053254,0.010070767672019,0.0,-0.0002889669257716,9.625
5.078,0.31020361508142347,0.0856003892746087,0.711644436954103,0.9164624109252264,up,down,down,down,-0.0730275077053254,0.010070767672019,0.0,-0.0002889669257716,9.64
5.108999999999999,0.3091100667991692,0.1083032587457872,0.7209316052254192,0.9386673395790079,up,down,down,down,-0.0730275077053254,0.010070767672019,0.0,-0.0002889669257716,9.671
5.124999999999999,0.30899625708140005,0.0801406150658933,0.7257153235337115,0.9502405150090811,up,down,down,down,-0.0730275077053254,0.010070767672019,0.0,-0.0002889669257716,9.687
5.140999999999999,0.30892503277454597,0.0774790268837087,0.7304975615698067,0.9618902180899092,up,down,down,down,-0.0730275077053254,0.010070767672019,0.0,-0.0002889669257716,9.703
5.156,0.30775806938354566,0.150825067105343,0.7349716233209123,0.9728812369765901,up,down,down,down,-0.0730275077053254,0.010070767672019,0.0,-0.0002889669257716,9.718
5.172,0.3082338300859301,0.0432924638062992,0.7397384262339157,0.9846789173730288,up,down,down,down,-0.0730275077053254,0.010070767672019,0.0,-0.0002889669257716,9.734
5.188,0.3100735759701257,0.0419566100569035,0.7445237531996118,0.9965530148084968,up,down,down,down,-0.0730275077053254,0.010070767672019,0.0,-0.0002889669257716,9.75
5.219,0.31188474180067677,0.014602803494001504,0.7538519133272269,1.0197778376396633,up,down,down,down,-0.0730275077053254,0.010070767672019,0.0,-0.0002889669257716,9.781
5.233999999999999,0.31339982406149136,0.027977976348985203,0.7583904860561125,1.0311196556350375,up,down,down,down,-0.0730275077053254,0.010070767672019,0.0,-0.0002889669257716,9.796
5.249999999999999,0.3147499160476527,0.0113532414297568,0.7632545516942333,1.0432928159370403,up,down,down,down,-0.0730275077053254,0.010070767672019,0.0,-0.0002889669257716,9.812
5.265999999999999,0.31608188070139837,0.0102202831537834,0.7681400737854734,1.055543972940878,up,down,down,down,-0.0730275077053254,0.010070767672019,0.0,-0.0002889669257716,9.828
5.281,0.3167539107217151,0.0282255063508816,0.7727352807060667,1.067100538099565,up,down,down,down,-0.0730275077053254,0.010070767672019,0.0,-0.0002889669257716,9.843
5.313,0.3173954859462976,0.052978281937121605,0.7825594064872503,1.091985253094658,up,down,down,down,-0.0730275077053254,0.010070767672019,0.0,-0.0002889669257716,9.875
5.328,0.3165323813193089,0.13056781617123558,0.7871628039766623,1.103758169673138,up,down,down,down,-0.0730275077053254,0.010070767672019,0.0,-0.0002889669257716,9.89
5.344,0.3154111132159086,0.1431067641678439,0.7920572196501917,1.116391929862153,up,down,down,down,-0.0730275077053254,0.010070767672019,0.0,-0.0002889669257716,9.906
5.374999999999999,0.3143192293911506,0.108249566568488,0.8015058461627682,1.1410921573822528,up,down,down,down,-0.0730275077053254,0.010070767672019,0.0,-0.0002889669257716,9.937
5.390999999999999,0.31511608737045715,0.023223883998668704,0.8063801964141087,1.153955245722868,up,down,down,down,-0.0730275077053254,0.010070767672019,0.0,-0.0002889669257716,9.953
5.406,0.31468157630924215,0.10199491178632081,0.8109526173766264,1.1660852418262988,up,down,down,down,-0.0730275077053254,0.010070767672019,0.0,-0.0002889669257716,9.968
5.422,0.31330230664841335,0.1592318615071251,0.8158153561575353,1.1790993856145722,up,down,down,down,-0.0730275077053254,0.010070767672019,0.0,-0.0002889669257716,9.984
5.438,0.3132733146361238,0.0748395084734231,0.8206668288450593,1.192191243094593,up,down,down,down,-0.0730275077053254,0.010070767672019,0.0,-0.0002889669257716,10.0
5.453,0.31323721924395176,0.0754338671834643,0.8252145963340797,1.204535353783437,up,down,down,down,-0.0730275077053254,0.010070767672019,0.0,-0.0002889669257716,10.015
5.469,0.31313729458566175,0.0792727988484508,0.8300644601619643,1.2177775862354052,up,down,down,down,-0.0730275077053254,0.010070767672019,0.0,-0.0002889669257716,10.031
5.483999999999999,0.31408559684262005,0.0,0.8346175703325958,1.2302627014641134,up,down,down,down,-0.0730275077053254,0.010070767672019,0.0,-0.0002889669257716,10.046
5.515999999999999,0.31449472904054315,0.0602421265202268,0.8443525909812217,1.2571262240451344,up,down,down,down,-0.0730275077053254,0.010070767672019,0.0,-0.0002889669257716,10.078
5.547,0.31461897188481547,0.0690196740191236,0.8537916595477324,1.2834474599283339,up,down,down,down,-0.0730275077053254,0.010070767672019,0.0,-0.0002889669257716,10.109
5.563,0.31553199157471556,0.0159637770865695,0.8586717349726564,1.297147167084497,up,down,down,down,-0.0730275077053254,0.010070767672019,0.0,-0.0002889669257716,10.125
5.578,0.3163812610829025,0.016409540492862404,0.8632600228525084,1.310061655268186,up,down,down,down,-0.0730275077053254,0.010070767672019,0.0,-0.0002889669257716,10.14
5.594,0.3156610726220438,0.1180392865089972,0.8681552292393956,1.3239129772849214,up,down,down,down,-0.0730275077053254,0.010070767672019,0.0,-0.0002889669257716,10.156
5.608999999999999,0.31606482288904647,0.0461108232384781,0.8727421119406481,1.336969707343771,up,down,down,down,-0.0730275077053254,0.010070767672019,0.0,-0.0002889669257716,10.171
5.640999999999999,0.3163473453637059,0.0641986803722183,0.8825384420671876,1.3650541962078961,up,down,down,down,-0.0730275077053254,0.010070767672019,0.0,-0.0002889669257716,10.203
5.656,0.31637242478789657,0.0713555460926107,0.8871327788282445,1.3783267303646123,up,down,down,down,-0.0730275077053254,0.010070767672019,0.0,-0.0002889669257716,10.218
5.672,0.31639367914141997,0.0716991106101127,0.8920337753769267,1.3925600627982537,up,down,down,down,-0.0730275077053254,0.010070767672019,0.0,-0.0002889669257716,10.234
5.688,0.31644067928769626,0.0700899985630609,0.8969353179616074,1.406871815544962,up,down,down,down,-0.0730275077053254,0.010070767672019,0.0,-0.0002889669257716,10.25
5.719,0.31540831205505687,0.1063296765001419,0.9064167835295877,1.4348237731180762,up,down,down,down,-0.0730275077053254,0.010070767672019,0.0,-0.0002889669257716,10.281
5.733999999999999,0.31442769668005416,0.1384018660388449,0.9109894920800204,1.448454320185147,up,down,down,down,-0.0730275077053254,0.010070767672019,0.0,-0.0002889669257716,10.296
5.749999999999999,0.31543956453456257,0.0,0.915867297886985,1.463069174504883,up,down,down,down,-0.0730275077053254,0.010070767672019,0.0,-0.0002889669257716,10.312
5.765999999999999,0.31368491630737677,0.18269302190443398,0.920739161450968,1.4777620261795865,up,down,down,down,-0.0730275077053254,0.010070767672019,0.0,-0.0002889669257716,10.328
5.797,0.31429823242020827,0.053243116968827706,0.9301607064584132,1.5064509741321825,up,down,down,down,-0.0730275077053254,0.010070767672019,0.0,-0.0002889669257716,10.359
5.813,0.3146889649467929,0.048606724793787096,0.935031471754597,1.5213725115578867,up,down,down,down,-0.0730275077053254,0.010070767672019,0.0,-0.0002889669257716,10.375
5.828,0.31505910728247055,0.0483513519934817,0.9396035207812364,1.5354322740019062,up,down,down,down,-0.0730275077053254,0.010070767672019,0.0,-0.0002889669257716,10.39
5.844,0.3154367065741129,0.0494275519776765,0.9444863550093366,1.5505049930082306,up,down,down,down,-0.0730275077053254,0.010070767672019,0.0,-0.0002889669257716,10.406
5.858999999999999,0.31457938343402947,0.1301823837108943,0.9490604141693172,1.5647065937770694,up,down,down,down,-0.0730275077053254,0.010070767672019,0.0,-0.0002889669257716,10.421
5.890999999999999,0.31406939952983476,0.0889645047114083,0.9587965301312344,1.5952323048858783,up,down,down,down,-0.0730275077053254,0.010070767672019,0.0,-0.0002889669257716,10.453
5.906,0.31359168572294377,0.1048750948313901,0.96335292675555,1.6096484258125296,up,down,down,down,-0.0730275077053254,0.010070767672019,0.0,-0.0002889669257716,10.468
5.922,0.31157202451194965,0.199256333392461,0.968193104154677,1.6251007940598114,up,down,down,down,-0.0730275077053254,0.010070767672019,0.0,-0.0002889669257716,10.484
5.938,0.31314195395927397,0.025093082752447593,0.9730296836996944,1.6406305763626465,up,down,down,down,-0.0730275077053254,0.010070767672019,0.0,-0.0002889669257716,10.5
5.953,0.31136838532271566,0.1912654168092082,0.9775624497292292,1.655260017363364,up,down,down,down,-0.0730275077053254,0.010070767672019,0.0,-0.0002889669257716,10.515
5.983999999999999,0.3125983508637552,0.0333511999298565,0.9869217403422866,1.6857095223094714,up,down,down,down,-0.0730275077053254,0.010070767672019,0.0,-0.0002889669257716,10.546
5.999999999999999,0.3116542331853739,0.1320348626041577,0.9917546287319272,1.7015389332620652,up,down,down,down,-0.0730275077053254,0.010070767672019,0.0,-0.0002889669257716,10.562
6.015999999999999,0.31066847792608226,0.1346372114110481,0.9965720781380668,1.7174455469170251,up,down,down,down,-0.0730275077053254,0.010070767672019,0.0,-0.0002889669257716,10.578
6.031,0.31146294275762887,0.0200631856022242,1.0010870022781144,1.7324279900201474,up,down,down,down,-0.0730275077053254,0.010070767672019,0.0,-0.0002889669257716,10.593
6.047,0.31223923436403556,0.024509282304907502,1.0059154874123355,1.7484840099376708,up,down,down,down,-0.0730275077053254,0.010070767672019,0.0,-0.0002889669257716,10.609
6.063,0.31112875421372427,0.1424325170997773,1.0107412990382052,1.7646172642292752,up,down,down,down,-0.0730275077053254,0.010070767672019,0.0,-0.0002889669257716,10.625
6.094,0.3103030490716935,0.0996631574482552,1.0200612981912969,1.7960947044863331,up,down,down,down,-0.0730275077053254,0.010070767672019,0.0,-0.0002889669257716,10.656
6.124999999999999,0.3115874910403987,0.031593895811606,1.0293884077652014,1.8278611749286575,up,down,down,down,-0.0730275077053254,0.010070767672019,0.0,-0.0002889669257716,10.687
6.140999999999999,0.31191004016634577,0.0528681873336323,1.034215255732103,1.844370004236636,up,down,down,down,-0.0730275077053254,0.010070767672019,0.0,-0.0002889669257716,10.703
6.156,0.31196666078147917,0.0692528000297696,1.0387432694741314,1.8599171931756833,up,down,down,down,-0.0730275077053254,0.010070767672019,0.0,-0.0002889669257716,10.718
6.172,0.3120123924458776,0.0701692786804208,1.043573969617198,1.8765757310884137,up,down,down,down,-0.0730275077053254,0.010070767672019,0.0,-0.0002889669257716,10.734
6.188,0.31180191372527927,0.0861824277427202,1.048403351783815,1.8933115496596218,up,down,down,down,-0.0730275077053254,0.010070767672019,0.0,-0.0002889669257716,10.75
6.219,0.3113819052887264,0.0865761669489663,1.0577505071806996,1.9259569344735725,up,down,down,down,-0.0730275077053254,0.010070767672019,0.0,-0.0002889669257716,10.781
6.233999999999999,0.3105561043722015,0.1280809021403268,1.062263980738076,1.941857043132962,up,down,down,down,-0.0730275077053254,0.010070767672019,0.0,-0.0002889669257716,10.796
6.249999999999999,0.3108071884049898,0.0573347556560577,1.0670737547975413,1.958891745017247,up,down,down,down,-0.0730275077053254,0.010070767672019,0.0,-0.0002889669257716,10.812
6.265999999999999,0.31104403612668446,0.058224525099404,1.0718874323110423,1.9760034345141155,up,down,down,down,-0.0730275077053254,0.010070767672019,0.0,-0.0002889669257716,10.828
6.281,0.31067586267506175,0.0975724044801755,1.076399270036975,1.992115584781726,up,down,down,down,-0.0730275077053254,0.010070767672019,0.0,-0.0002889669257716,10.843
6.297,0.3107431209360757,0.0688238663919538,1.081209489623112,2.0093764548590065,up,down,down,down,-0.0730275077053254,0.010070767672019,0.0,-0.0002889669257716,10.859
6.313,0.31022141131071546,0.1056343592903406,1.0860160735983342,2.0267142593647782,up,down,down,down,-0.0730275077053254,0.010070767672019,0.0,-0.0002889669257716,10.875
6.344,0.30980252853763257,0.0865398552241278,1.0953142508681513,2.060524879394009,up,down,down,down,-0.0730275077053254,0.010070767672019,0.0,-0.0002889669257716,10.906
6.358999999999999,0.31060282874118156,0.019674160802051602,1.0998162295326617,2.076988357997014,up,down,down,down,-0.0730275077053254,0.010070767672019,0.0,-0.0002889669257716,10.921
6.374999999999999,0.31090240135642755,0.0543042192524545,1.1046271390906903,2.0946239049460007,up,down,down,down,-0.0730275077053254,0.010070767672019,0.0,-0.0002889669257716,10.937
6.390999999999999,0.3113426930778543,0.0455092751161512,1.1094439675634122,2.1123364737992336,up,down,down,down,-0.0730275077053254,0.010070767672019,0.0,-0.0002889669257716,10.953
6.406,0.31074949986277456,0.11257372204397581,1.113958597495387,2.1290119930371754,up,down,down,down,-0.0730275077053254,0.010070767672019,0.0,-0.0002889669257716,10.968
6.422,0.31015361503135697,0.1102703096689248,1.1187646901317878,2.146873779338193,up,down,down,down,-0.0730275077053254,0.010070767672019,0.0,-0.0002889669257716,10.984
6.438,0.31152455231346987,0.0126560724267311,1.1235769831877942,2.1648125127247493,up,down,down,down,-0.0730275077053254,0.010070767672019,0.0,-0.0002889669257716,11.0
6.469,0.3103533909826551,0.1108069054735421,1.1329038975110517,2.1997879663755824,up,down,down,down,-0.0730275077053254,0.010070767672019,0.0,-0.0002889669257716,11.031
6.483999999999999,0.31173751771240515,0.019247607611353898,1.137418517811184,2.2168153844904976,up,down,down,down,-0.0730275077053254,0.010070767672019,0.0,-0.0002889669257716,11.046
6.499999999999999,0.3125279236164359,0.0236271387034081,1.1422515090590624,2.23505274470546,up,down,down,down,-0.0730275077053254,0.010070767672019,0.0,-0.0002889669257716,11.062
6.515999999999999,0.31287372201658475,0.0514151076960178,1.1470935899413743,2.2533675054974625,up,down,down,down,-0.0730275077053254,0.010070767672019,0.0,-0.0002889669257716,11.078
6.547,0.3132153212310519,0.0620081782063876,1.1564857763138805,2.2890729856744203,up,down,down,down,-0.0730275077053254,0.010070767672019,0.0,-0.0002889669257716,11.109
6.563,0.31420438691246116,0.011210902617242398,1.1613440016962762,2.307615623898501,up,down,down,down,-0.0730275077053254,0.010070767672019,0.0,-0.0002889669257716,11.125
6.578,0.31319374457941845,0.1404036632415035,1.165898426167385,2.325069942107479,up,down,down,down,-0.0730275077053254,0.010070767672019,0.0,-0.0002889669257716,11.14
6.594,0.31216435024928285,0.1373646533388004,1.1707401586432624,2.3437630507859644,up,down,down,down,-0.0730275077053254,0.010070767672019,0.0,-0.0002889669257716,11.156
6.624999999999999,0.3098904213536019,0.1463800527272962,1.180069813805274,2.3802006053589153,up,down,down,down,-0.0730275077053254,0.010070767672019,0.0,-0.0002889669257716,11.187
6.640999999999999,0.3107690529053232,0.0181130357227443,1.1848739573165932,2.39912015552789,up,down,down,down,-0.0730275077053254,0.010070767672019,0.0,-0.0002889669257716,11.203
6.656,0.31163513101875556,0.015288966809832799,1.1893909271809435,2.4169271421616223,up,down,down,down,-0.0730275077053254,0.010070767672019,0.0,-0.0002889669257716,11.218
6.672,0.3118128162626926,0.0619221799592617,1.194217378476443,2.4359960086068813,up,down,down,down,-0.0730275077053254,0.010070767672019,0.0,-0.0002889669257716,11.234
6.688,0.31197990323488145,0.06258457194352471,1.1990465879496712,2.4551421203382904,up,down,down,down,-0.0730275077053254,0.010070767672019,0.0,-0.0002889669257716,11.25
6.719,0.3126709421013113,0.050735931368879106,1.2084164822545498,2.4924577979264564,up,down,down,down,-0.0730275077053254,0.010070767672019,0.0,-0.0002889669257716,11.281
6.733999999999999,0.3129789569813769,0.0524931823676172,1.2129577949825894,2.5106181050057335,up,down,down,down,-0.0730275077053254,0.010070767672019,0.0,-0.0002889669257716,11.296
6.749999999999999,0.31235920777038456,0.1117618333923429,1.2177993680178512,2.530064162309737,up,down,down,down,-0.0730275077053254,0.010070767672019,0.0,-0.0002889669257716,11.312
6.765999999999999,0.3133693036663859,0.0,1.222644063826593,2.549587709764493,up,down,down,down,-0.0730275077053254,0.010070767672019,0.0,-0.0002889669257716,11.328
6.797,0.31364025078701896,0.0642872780074861,1.2320505181227883,2.587635475784709,up,down,down,down,-0.0730275077053254,0.010070767672019,0.0,-0.0002889669257716,11.359
6.828,0.3130024513030544,0.0936016846074084,1.241451286207352,2.625974753751827,up,down,down,down,-0.0730275077053254,0.010070767672019,0.0,-0.0002889669257716,11.39
6.844,0.31455712538804,0.024139622606278402,1.2463106305381286,2.6458768490857905,up,down,down,down,-0.0730275077053254,0.010070767672019,0.0,-0.0002889669257716,11.406
6.858999999999999,0.3160636885529672,0.027410036623158898,1.2508892251276056,2.6646058480032826,up,down,down,down,-0.0730275077053254,0.010070767672019,0.0,-0.0002889669257716,11.421
6.874999999999999,0.3147547321397289,0.15483728353271592,1.2557746402103949,2.6846591589259865,up,down,down,down,-0.0730275077053254,0.010070767672019,0.0,-0.0002889669257716,11.437
6.890999999999999,0.3149168875086409,0.0628927971483284,1.2606508808848296,2.704790563094748,up,down,down,down,-0.0730275077053254,0.010070767672019,0.0,-0.0002889669257716,11.453
6.906,0.3144597579631564,0.1035028107376236,1.265220144210788,2.723734595782966,up,down,down,down,-0.0730275077053254,0.010070767672019,0.0,-0.0002889669257716,11.468
6.922,0.313992519603106,0.1022299052084728,1.2700866301485658,2.744017049977841,up,down,down,down,-0.0730275077053254,0.010070767672019,0.0,-0.0002889669257716,11.484
6.938,0.3141107208107384,0.0656399322283007,1.2749503237891242,2.7643773456093426,up,down,down,down,-0.0730275077053254,0.010070767672019,0.0,-0.0002889669257716,11.5
6.953,0.31558504436701346,0.025260729379676203,1.2795219805128772,2.7835358878916083,up,down,down,down,-0.0730275077053254,0.010070767672019,0.0,-0.0002889669257716,11.515
6.983999999999999,0.31480466761579057,0.09820095129316139,1.2889808272507777,2.8233476814119434,up,down,down,down,-0.0730275077053254,0.010070767672019,0.0,-0.0002889669257716,11.546
6.999999999999999,0.313693083877041,0.1425014913771781,1.293847676979968,2.8440103094457894,up,down,down,down,-0.0730275077053254,0.010070767672019,0.0,-0.0002889669257716,11.562
7.015999999999999,0.31254600313695297,0.14472005396082271,1.2986964573933275,2.8647506625207764,up,down,down,down,-0.0730275077053254,0.010070767672019,0.0,-0.0002889669257716,11.578
7.047,0.31008552433041797,0.15239779178709778,1.3080350522712396,2.9051550009205775,up,down,down,down,-0.0730275077053254,0.010070767672019,0.0,-0.0002889669257716,11.609
7.063,0.3091939704466585,0.128749625440294,1.312828155946704,2.9261219065863213,up,down,down,down,-0.0730275077053254,0.010070767672019,0.0,-0.0002889669257716,11.625
7.078,0.31011665854686565,0.011514967691519398,1.3173219241490752,2.9458480321870404,up,down,down,down,-0.0730275077053254,0.010070767672019,0.0,-0.0002889669257716,11.64
7.094,0.30885875309180816,0.1516465986464153,1.3221125951594324,2.9669635083415087,up,down,down,down,-0.0730275077053254,0.010070767672019,0.0,-0.0002889669257716,11.656
7.108999999999999,0.3084451601597723,0.100600369841055,1.3265913129937386,2.9868287876526565,up,down,down,down,-0.0730275077053254,0.010070767672019,0.0,-0.0002889669257716,11.671
7.124999999999999,0.3079997977131689,0.1008626606180394,1.3313617403739697,3.0080924120795975,up,down,down,down,-0.0730275077053254,0.010070767672019,0.0,-0.0002889669257716,11.687
7.140999999999999,0.3058302333404618,0.208625280999519,1.3361112483396465,3.0294321959893065,up,down,down,down,-0.0730275077053254,0.010070767672019,0.0,-0.0002889669257716,11.703
7.156,0.30672115338184536,0.013632838279755699,1.3405543222249836,3.0495071877685413,up,down,down,down,-0.0730275077053254,0.010070767672019,0.0,-0.0002889669257716,11.718
7.172,0.30757867627353075,0.0194323269749885,1.3453075885794743,3.0709940830549773,up,down,down,down,-0.0730275077053254,0.010070767672019,0.0,-0.0002889669257716,11.734
7.188,0.3081475194696387,0.0374748079485787,1.3500722658626674,3.0925571218905143,up,down,down,down,-0.0730275077053254,0.010070767672019,0.0,-0.0002889669257716,11.75
7.219,0.3080867910928545,0.0749864876015888,1.3593117038785536,3.1345525734215043,up,down,down,down,-0.0730275077053254,0.010070767672019,0.0,-0.0002889669257716,11.781
7.249999999999999,0.30804074280047,0.074512936491923,1.3685494868560673,3.1768344218778894,up,down,down,down,-0.0730275077053254,0.010070767672019,0.0,-0.0002889669257716,11.812
7.265999999999999,0.3085352332045569,0.0421218574498949,1.3733209623813551,3.1987693854717887,up,down,down,down,-0.0730275077053254,0.010070767672019,0.0,-0.0002889669257716,11.828
7.281,0.3064905517858348,0.2093396022867902,1.377782594253703,3.2194026621465524,up,down,down,down,-0.0730275077053254,0.010070767672019,0.0,-0.0002889669257716,11.843
7.297,0.3066588641108793,0.062507987390048,1.3825266572981243,3.241485136158967,up,down,down,down,-0.0730275077053254,0.010070767672019,0.0,-0.0002889669257716,11.859
7.328,0.3060019579015448,0.0942180305870814,1.3917107062414844,3.284485815293832,up,down,down,down,-0.0730275077053254,0.010070767672019,0.0,-0.0002889669257716,11.89
7.344,0.3053674902940634,0.1126817331729144,1.396440529544297,3.3067910251801185,up,down,down,down,-0.0730275077053254,0.010070767672019,0.0,-0.0002889669257716,11.906
7.358999999999999,0.3059911191765446,0.0314522488732393,1.400874657600246,3.327770889083701,up,down,down,down,-0.0730275077053254,0.010070767672019,0.0,-0.0002889669257716,11.921
7.390999999999999,0.30577231663286836,0.0798650871952076,1.410340608007692,3.3727503333334283,up,down,down,down,-0.0730275077053254,0.010070767672019,0.0,-0.0002889669257716,11.953
7.406,0.3055532714372385,0.0876305207473164,1.4147744884031377,3.3939386965565093,up,down,down,down,-0.0730275077053254,0.010070767672019,0.0,-0.0002889669257716,11.968
7.422,0.30563984451775805,0.0676166901728558,1.4195029010480251,3.416612915672119,up,down,down,down,-0.0730275077053254,0.010070767672019,0.0,-0.0002889669257716,11.984
7.438,0.3057567499063224,0.0657209209200537,1.4242329415206656,3.439362802412669,up,down,down,down,-0.0730275077053254,0.010070767672019,0.0,-0.0002889669257716,12.0
7.453,0.30487622011397686,0.1317294938616925,1.4286616272807378,3.4607595116786802,up,down,down,down,-0.0730275077053254,0.010070767672019,0.0,-0.0002889669257716,12.015
7.469,0.30521137815965266,0.052080129850584606,1.4333811957841744,3.4836558542631995,up,down,down,down,-0.0730275077053254,0.010070767672019,0.0,-0.0002889669257716,12.031
7.499999999999999,0.30552330433219216,0.0629653731072767,1.442535389564965,3.528232561336109,up,down,down,down,-0.0730275077053254,0.010070767672019,0.0,-0.0002889669257716,12.062
7.531,0.3067147869902075,0.0345925832532205,1.4517128861826298,3.573093409610198,up,down,down,down,-0.0730275077053254,0.010070767672019,0.0,-0.0002889669257716,12.093
7.547,0.307364342460012,0.0324302908425444,1.4564643869354792,3.5963588277951426,up,down,down,down,-0.0730275077053254,0.010070767672019,0.0,-0.0002889669257716,12.109
7.563,0.3079695325184967,0.0352031290500321,1.461225925652555,3.6197003502958465,up,down,down,down,-0.0730275077053254,0.010070767672019,0.0,-0.0002889669257716,12.125
7.578,0.3084696188670736,0.0396884178002,1.4656981577728667,3.6416522809215386,up,down,down,down,-0.0730275077053254,0.010070767672019,0.0,-0.0002889669257716,12.14
7.594,0.3085554165261807,0.0676651540111317,1.4704732257732605,3.6651416519899076,up,down,down,down,-0.0730275077053254,0.010070767672019,0.0,-0.0002889669257716,12.156
7.624999999999999,0.30724996155779377,0.1151389582984513,1.479706015335729,3.7108694302270946,up,down,down,down,-0.0730275077053254,0.010070767672019,0.0,-0.0002889669257716,12.187
7.640999999999999,0.30615560823265026,0.141424590526795,1.4844521276113003,3.7345826953706713,up,down,down,down,-0.0730275077053254,0.010070767672019,0.0,-0.0002889669257716,12.203
7.656,0.30506642919531035,0.1456394435279866,1.48888523137693,3.7568827255630843,up,down,down,down,-0.0730275077053254,0.010070767672019,0.0,-0.0002889669257716,12.218
7.672,0.3050080130316103,0.076678517936579,1.493604694631993,3.780742644971155,up,down,down,down,-0.0730275077053254,0.010070767672019,0.0,-0.0002889669257716,12.234
7.688,0.30459987651426507,0.0985360400393985,1.4983204254656075,3.8046780459319365,up,down,down,down,-0.0730275077053254,0.010070767672019,0.0,-0.0002889669257716,12.25
7.719,0.30405852470067696,0.0904904694339755,1.5074424368866068,3.8512673702983964,up,down,down,down,-0.0730275077053254,0.010070767672019,0.0,-0.0002889669257716,12.281
7.733999999999999,0.30474131077872696,0.027508435835318,1.5118573741376218,3.8739121188810763,up,down,down,down,-0.0730275077053254,0.010070767672019,0.0,-0.0002889669257716,12.296
7.765999999999999,0.305142672173435,0.0604849641206994,1.5212932532993515,3.9224425289200684,up,down,down,down,-0.0730275077053254,0.010070767672019,0.0,-0.0002889669257716,12.328
7.781,0.30611409839532466,0.0,1.5257266175635371,3.9452951779515404,up,down,down,down,-0.0730275077053254,0.010070767672019,0.0,-0.0002889669257716,12.343
7.813,0.3062056888768562,0.0701653051574657,1.5352014695943876,3.9942700273460674,up,down,down,down,-0.0730275077053254,0.010070767672019,0.0,-0.0002889669257716,12.375
7.828,0.3071787111022867,0.0,1.539650791079151,4.01733141930112,up,down,down,down,-0.0730275077053254,0.010070767672019,0.0,-0.0002889669257716,12.39
7.844,0.30676084946576215,0.0991438599881043,1.5444011752809432,4.042003835032,up,down,down,down,-0.0730275077053254,0.010070767672019,0.0,-0.0002889669257716,12.406
7.858999999999999,0.3076712793236779,0.012332183844275701,1.5488583547317831,4.0652032815070935,up,down,down,down,-0.0730275077053254,0.010070767672019,0.0,-0.0002889669257716,12.421
7.874999999999999,0.3085163156973499,0.020212734350821798,1.5536267232091994,4.090023162130621,up,down,down,down,-0.0730275077053254,0.010070767672019,0.0,-0.0002889669257716,12.437
7.890999999999999,0.309059746316901,0.0390630939833824,1.558406199422561,4.114919425511675,up,down,down,down,-0.0730275077053254,0.010070767672019,0.0,-0.0002889669257716,12.453
7.922,0.30856542156849526,0.0889734673313159,1.5676671957269523,4.163373563136494,up,down,down,down,-0.0730275077053254,0.010070767672019,0.0,-0.0002889669257716,12.484
7.938,0.3080805352284325,0.1033329039592521,1.5724392310985755,4.188494414551098,up,down,down,down,-0.0730275077053254,0.010070767672019,0.0,-0.0002889669257716,12.5
7.953,0.30784468915955,0.0887505789641577,1.5769076087664051,4.212114515850086,up,down,down,down,-0.0730275077053254,0.010070767672019,0.0,-0.0002889669257716,12.515
7.983999999999999,0.307545221904446,0.0826877417409383,1.5861339585900642,4.2611416601441094,up,down,down,down,-0.0730275077053254,0.010070767672019,0.0,-0.0002889669257716,12.546
7.999999999999999,0.3085645470003778,0.0,1.5909017044585505,4.286557945448498,up,down,down,down,-0.0730275077053254,0.010070767672019,0.0,-0.0002889669257716,12.562
8.015999999999998,0.30927497043054497,0.0286260433198793,1.5956832883152456,4.312050625390689,up,down,down,down,-0.0730275077053254,0.010070767672019,0.0,-0.0002889669257716,12.578
8.030999999999999,0.30802858348480006,0.15611997075497952,1.6001620034545303,4.336019465078963,up,down,down,down,-0.0730275077053254,0.010070767672019,0.0,-0.0002889669257716,12.593
8.047,0.3083328344514199,0.0540118222915886,1.604931762515268,4.361660215206721,up,down,down,down,-0.0730275077053254,0.010070767672019,0.0,-0.0002889669257716,12.609
8.062999999999999,0.30661802046104986,0.1802033821034496,1.6096902370718154,4.387377191203418,up,down,down,down,-0.0730275077053254,0.010070767672019,0.0,-0.0002889669257716,12.625
8.078,0.30496405443470725,0.1832919094614946,1.6141260411184537,4.411555813289846,up,down,down,down,-0.0730275077053254,0.010070767672019,0.0,-0.0002889669257716,12.64
8.094000000000001,0.30492462653555547,0.07549175140231221,1.6188440182834634,4.4374195737650615,up,down,down,down,-0.0730275077053254,0.010070767672019,0.0,-0.0002889669257716,12.656
8.125,0.30572041583007337,0.047356885301523,1.6279968226422976,4.487745606799408,up,down,down,down,-0.0730275077053254,0.010070767672019,0.0,-0.0002889669257716,12.687
8.140999999999998,0.3064804875113046,0.025523027628371303,1.6327332975862765,4.513831447761237,up,down,down,down,-0.0730275077053254,0.010070767672019,0.0,-0.0002889669257716,12.703
8.155999999999999,0.3069060296728984,0.0446580302657439,1.6371826349500778,4.53835581725526,up,down,down,down,-0.0730275077053254,0.010070767672019,0.0,-0.0002889669257716,12.718
8.172,0.3082147140377048,0.0,1.6419424686170103,4.564588818083797,up,down,down,down,-0.0730275077053254,0.010070767672019,0.0,-0.0002889669257716,12.734
8.187999999999999,0.3068697609033871,0.1570870786001819,1.6467020121337868,4.5908979739298035,up,down,down,down,-0.0730275077053254,0.010070767672019,0.0,-0.0002889669257716,12.75
8.219000000000001,0.30835698978382975,0.025052382529758103,1.6559258329716062,4.642088705528937,up,down,down,down,-0.0730275077053254,0.010070767672019,0.0,-0.0002889669257716,12.781
8.233999999999998,0.30863420194630625,0.0545466968735534,1.6604022053945016,4.666961165816682,up,down,down,down,-0.0730275077053254,0.010070767672019,0.0,-0.0002889669257716,12.796
8.25,0.30889280894207427,0.056864570469827805,1.6651812891988562,4.6935658337734285,up,down,down,down,-0.0730275077053254,0.010070767672019,0.0,-0.0002889669257716,12.812
8.265999999999998,0.30976131226000786,0.0187460503344727,1.6699693898857206,4.7202470392061056,up,down,down,down,-0.0730275077053254,0.010070767672019,0.0,-0.0002889669257716,12.828
8.280999999999999,0.3097616507279087,0.07300494317860422,1.67446475059305,4.745330295259698,up,down,down,down,-0.0730275077053254,0.010070767672019,0.0,-0.0002889669257716,12.843
8.297,0.3097477814437964,0.0738943379623434,1.6792596937676711,4.772160090814585,up,down,down,down,-0.0730275077053254,0.010070767672019,0.0,-0.0002889669257716,12.859
8.312999999999999,0.3094443483936188,0.091992073341429,1.6840520985236185,4.799066585152914,up,down,down,down,-0.0730275077053254,0.010070767672019,0.0,-0.0002889669257716,12.875
8.328,0.31048155659158266,0.0,1.688550481295927,4.824361104501562,up,down,down,down,-0.0730275077053254,0.010070767672019,0.0,-0.0002889669257716,12.89
8.344000000000001,0.3111122435758505,0.0336095711885864,1.6933620994145142,4.851416405147245,up,down,down,down,-0.0730275077053254,0.010070767672019,0.0,-0.0002889669257716,12.906
8.358999999999998,0.31170479483408525,0.0335240904896714,1.697882165687508,4.876850737135508,up,down,down,down,-0.0730275077053254,0.010070767672019,0.0,-0.0002889669257716,12.921
8.375,0.3117264087899886,0.0716766354613706,1.7027084830337484,4.904055462325278,up,down,down,down,-0.0730275077053254,0.010070767672019,0.0,-0.0002889669257716,12.937
8.390999999999998,0.3115654759200054,0.0830858120792753,1.707533685828676,4.931337399676178,up,down,down,down,-0.0730275077053254,0.010070767672019,0.0,-0.0002889669257716,12.953
8.405999999999999,0.31140864289489106,0.0834830427129427,1.7120549302047077,4.956984314296429,up,down,down,down,-0.0730275077053254,0.010070767672019,0.0,-0.0002889669257716,12.968
8.437999999999999,0.3090647662046492,0.146273654275386,1.7216602401847958,5.011923757022661,up,down,down,down,-0.0730275077053254,0.010070767672019,0.0,-0.0002889669257716,13.0
8.453,0.3080526347315721,0.14050293924379642,1.7261375591767374,5.037782240517873,up,down,down,down,-0.0730275077053254,0.010070767672019,0.0,-0.0002889669257716,13.015
8.469000000000001,0.30763369985088207,0.0992109377484505,1.7309019175706448,5.065438556331852,up,down,down,down,-0.0730275077053254,0.010070767672019,0.0,-0.0002889669257716,13.031
8.483999999999998,0.30879753374228597,0.0,1.735374090307513,5.091435626390936,up,down,down,down,-0.0730275077053254,0.010070767672019,0.0,-0.0002889669257716,13.046
8.5,0.30783100519437295,0.13343554194988871,1.740145986336254,5.119239787004086,up,down,down,down,-0.0730275077053254,0.010070767672019,0.0,-0.0002889669257716,13.062
8.530999999999999,0.308786592447804,0.0422021124333572,1.7493913653018751,5.173327615954478,up,down,down,down,-0.0730275077053254,0.010070767672019,0.0,-0.0002889669257716,13.093
8.562999999999999,0.3091961711819556,0.0602281722630881,1.758956824954447,5.229461186998579,up,down,down,down,-0.0730275077053254,0.010070767672019,0.0,-0.0002889669257716,13.125
8.578,0.307932014947779,0.1573045899837648,1.7634342248353398,5.255879119872003,up,down,down,down,-0.0730275077053254,0.010070767672019,0.0,-0.0002889669257716,13.14
8.594000000000001,0.30806629086020887,0.0646352631784585,1.7682010789990514,5.284132202302678,up,down,down,down,-0.0730275077053254,0.010070767672019,0.0,-0.0002889669257716,13.156
8.608999999999998,0.30824078778294767,0.0613943795227343,1.7726723205737944,5.310688752799472,up,down,down,down,-0.0730275077053254,0.010070767672019,0.0,-0.0002889669257716,13.171
8.625,0.3081159061837527,0.0808326076550124,1.7774420418427757,5.339089667698805,up,down,down,down,-0.0730275077053254,0.010070767672019,0.0,-0.0002889669257716,13.187
8.655999999999999,0.3067167367439544,0.11816200576333549,1.7866597540103226,5.394333245534529,up,down,down,down,-0.0730275077053254,0.010070767672019,0.0,-0.0002889669257716,13.218
8.672,0.3070771096576211,0.0505042006011535,1.791408972498783,5.422957795346602,up,down,down,down,-0.0730275077053254,0.010070767672019,0.0,-0.0002889669257716,13.234
8.687999999999999,0.30744367278532697,0.0501173122237075,1.7961640064755742,5.451658379178397,up,down,down,down,-0.0730275077053254,0.010070767672019,0.0,-0.0002889669257716,13.25
8.703,0.3068757121867679,0.1108915476092656,1.8006203403477847,5.478634261779574,up,down,down,down,-0.0730275077053254,0.010070767672019,0.0,-0.0002889669257716,13.265
8.719000000000001,0.3062062882260966,0.11486650524727951,1.8053638640683356,5.507482135414903,up,down,down,down,-0.0730275077053254,0.010070767672019,0.0,-0.0002889669257716,13.281
8.733999999999998,0.3055817462830513,0.1146636372416812,1.8098012128120733,5.5345958734915035,up,down,down,down,-0.0730275077053254,0.010070767672019,0.0,-0.0002889669257716,13.296
8.75,0.30592458171065917,0.0516002934798365,1.8145321311532707,5.563590540243227,up,down,down,down,-0.0730275077053254,0.010070767672019,0.0,-0.0002889669257716,13.312
8.765999999999998,0.30522575281976555,0.11670431338617321,1.8192602015467616,5.592660878904827,up,down,down,down,-0.0730275077053254,0.010070767672019,0.0,-0.0002889669257716,13.328
8.780999999999999,0.30447854824372717,0.12284114610788249,1.8236819222896576,5.619982944833601,up,down,down,down,-0.0730275077053254,0.010070767672019,0.0,-0.0002889669257716,13.343
8.797,0.3032375002605149,0.15059300665609648,1.82838251839494,5.649199460359077,up,down,down,down,-0.0730275077053254,0.010070767672019,0.0,-0.0002889669257716,13.359
8.812999999999999,0.30379172993776027,0.0383881528774887,1.8330776199537733,5.678491141465868,up,down,down,down,-0.0730275077053254,0.010070767672019,0.0,-0.0002889669257716,13.375
8.844000000000001,0.30294851185466226,0.1002280910310652,1.842169899903724,5.735457478023659,up,down,down,down,-0.0730275077053254,0.010070767672019,0.0,-0.0002889669257716,13.406
8.858999999999998,0.3031490792808514,0.0596563459593827,1.8465645703221596,5.763122986550351,up,down,down,down,-0.0730275077053254,0.010070767672019,0.0,-0.0002889669257716,13.421
8.875,0.303524176562547,0.049583927599350305,1.8512568240861544,5.7927055577056175,up,down,down,down,-0.0730275077053254,0.010070767672019,0.0,-0.0002889669257716,13.437
8.890999999999998,0.30392393450063776,0.0480426365746522,1.8559552766919076,5.822363254511842,up,down,down,down,-0.0730275077053254,0.010070767672019,0.0,-0.0002889669257716,13.453
8.922,0.305022919204413,0.0375763882287058,1.8650817591265032,5.880039328567029,up,down,down,down,-0.0730275077053254,0.010070767672019,0.0,-0.0002889669257716,13.484
8.937999999999999,0.30610203903695765,0.0,1.869809626509682,5.909918459652118,up,down,down,down,-0.0730275077053254,0.010070767672019,0.0,-0.0002889669257716,13.5
8.953,0.3057779961219288,0.0946303687072482,1.8742476652582936,5.9379988893403794,up,down,down,down,-0.0730275077053254,0.010070767672019,0.0,-0.0002889669257716,13.515
8.969000000000001,0.3071957249810654,0.015580545990712097,1.8789903227443647,5.968024793244401,up,down,down,down,-0.0730275077053254,0.010070767672019,0.0,-0.0002889669257716,13.531
8.983999999999998,0.3091544798945572,0.057556153194141396,1.883461887765852,5.996243184823225,up,down,down,down,-0.0730275077053254,0.010070767672019,0.0,-0.0002889669257716,13.546
9.0,0.31103769252034735,0.044673281406559795,1.8882622928624184,6.0264169782682515,up,down,down,down,-0.0730275077053254,0.010070767672019,0.0,-0.0002889669257716,13.562
9.015999999999998,0.31071679736209906,0.09308345509584351,1.893075196498726,6.056667678183141,up,down,down,down,-0.0730275077053254,0.010070767672019,0.0,-0.0002889669257716,13.578
9.030999999999999,0.31092958625908007,0.0588415812399291,1.897586482860805,6.085097640778338,up,down,down,down,-0.0730275077053254,0.010070767672019,0.0,-0.0002889669257716,13.593
9.047,0.311110741381558,0.061705312550452904,1.9024016731991773,6.115497546026818,up,down,down,down,-0.0730275077053254,0.010070767672019,0.0,-0.0002889669257716,13.609
9.062999999999999,0.3112445343306546,0.0646654483867914,1.907219383122123,6.1459745144773885,up,down,down,down,-0.0730275077053254,0.010070767672019,0.0,-0.0002889669257716,13.625
9.094000000000001,0.31186507986098616,0.0530099099526923,1.9165653883442608,6.2052431784351185,up,down,down,down,-0.0730275077053254,0.010070767672019,0.0,-0.0002889669257716,13.656
9.108999999999998,0.30965818524748545,0.2201538152720549,1.9210757513174936,6.2340254869825795,up,down,down,down,-0.0730275077053254,0.010070767672019,0.0,-0.0002889669257716,13.671
9.140999999999998,0.3098382305086832,0.0674010932928958,1.930665429404088,6.295653345874125,up,down,down,down,-0.0730275077053254,0.010070767672019,0.0,-0.0002889669257716,13.703
9.155999999999999,0.31027233941824567,0.0440869137344915,1.93516519716346,6.324647075573382,up,down,down,down,-0.0730275077053254,0.010070767672019,0.0,-0.0002889669257716,13.718
9.172,0.30916200927854287,0.1424231414367536,1.9399595396702816,6.355648073468052,up,down,down,down,-0.0730275077053254,0.010070767672019,0.0,-0.0002889669257716,13.734
9.187999999999999,0.3080787603617593,0.1407305650042987,1.944736333544652,6.386725640453771,up,down,down,down,-0.0730275077053254,0.010070767672019,0.0,-0.0002889669257716,13.75
9.203,0.3073134990029159,0.1240449316282142,1.9492007139748069,6.415930168310168,up,down,down,down,-0.0730275077053254,0.010070767672019,0.0,-0.0002889669257716,13.765
9.219000000000001,0.3057375040643694,0.1715271913644842,1.9539439897165929,6.4471553259397,up,down,down,down,-0.0730275077053254,0.010070767672019,0.0,-0.0002889669257716,13.781
9.233999999999998,0.30468533390646957,0.1431721848986526,1.9583710994862933,6.476497689108718,up,down,down,down,-0.0730275077053254,0.010070767672019,0.0,-0.0002889669257716,13.796
9.25,0.30368725814215286,0.1354072429751161,1.96307694793993,6.507869273488128,up,down,down,down,-0.0730275077053254,0.010070767672019,0.0,-0.0002889669257716,13.812
9.265999999999998,0.3037550135406252,0.0687927953008093,1.96777535383064,6.539316091902292,up,down,down,down,-0.0730275077053254,0.010070767672019,0.0,-0.0002889669257716,13.828
9.280999999999999,0.3033591596755619,0.0994177653762073,1.9721776486146807,6.568865739420634,up,down,down,down,-0.0730275077053254,0.010070767672019,0.0,-0.0002889669257716,13.843
9.297,0.3039535015893547,0.0358811380932744,1.976875017622048,6.600458160750527,up,down,down,down,-0.0730275077053254,0.010070767672019,0.0,-0.0002889669257716,13.859
9.312999999999999,0.3045376502853826,0.0365182142035847,1.9815818145542936,6.632125815407938,up,down,down,down,-0.0730275077053254,0.010070767672019,0.0,-0.0002889669257716,13.875
9.328,0.3044141290962993,0.081262253644213,1.9859978913845764,6.661882663202481,up,down,down,down,-0.0730275077053254,0.010070767672019,0.0,-0.0002889669257716,13.89
9.358999999999998,0.3050180509644739,0.0535461571190474,1.9951318963776856,6.723590174912793,up,down,down,down,-0.0730275077053254,0.010070767672019,0.0,-0.0002889669257716,13.921
9.375,0.3056152157126116,0.0357047109467156,1.9998558302283496,6.755550076725641,up,down,down,down,-0.0730275077053254,0.010070767672019,0.0,-0.0002889669257716,13.937
9.390999999999998,0.3053540247876166,0.0893519405175123,2.0045824518695987,6.787585582982425,up,down,down,down,-0.0730275077053254,0.010070767672019,0.0,-0.0002889669257716,13.953
9.405999999999999,0.3053835422895438,0.0710596742435158,2.009011922107597,6.817687540787255,up,down,down,down,-0.0730275077053254,0.010070767672019,0.0,-0.0002889669257716,13.968
9.437999999999999,0.30546258948964305,0.0705572827022216,2.01846319565056,6.8821271426713855,up,down,down,down,-0.0730275077053254,0.010070767672019,0.0,-0.0002889669257716,14.0
9.453,0.3058010053744303,0.0504664487195113,2.0228966110969604,6.912437341221993,up,down,down,down,-0.0730275077053254,0.010070767672019,0.0,-0.0002889669257716,14.015
9.469000000000001,0.30655636026661337,0.025817826943885798,2.0276343377393364,6.944841588812683,up,down,down,down,-0.0730275077053254,0.010070767672019,0.0,-0.0002889669257716,14.031
9.483999999999998,0.3072762025416579,0.025038022702354,2.0320870204453176,6.975289498999066,up,down,down,down,-0.0730275077053254,0.010070767672019,0.0,-0.0002889669257716,14.046
9.515999999999998,0.30749677209973025,0.0661347090155639,2.0416011234740754,7.0404685093017765,up,down,down,down,-0.0730275077053254,0.010070767672019,0.0,-0.0002889669257716,14.078
9.530999999999999,0.3076799676514276,0.0608144709255043,2.046063887507129,7.0711259968841365,up,down,down,down,-0.0730275077053254,0.010070767672019,0.0,-0.0002889669257716,14.093
9.562999999999999,0.3062724477141215,0.1170125057461389,2.055564861587473,7.13675205686965,up,down,down,down,-0.0730275077053254,0.010070767672019,0.0,-0.0002889669257716,14.125
9.594000000000001,0.30665951253286206,0.0605415458104704,2.064753113173469,7.200616985478446,up,down,down,down,-0.0730275077053254,0.010070767672019,0.0,-0.0002889669257716,14.156
9.608999999999998,0.3061927539289594,0.1041447479655053,2.069198443656852,7.2316216221546705,up,down,down,down,-0.0730275077053254,0.010070767672019,0.0,-0.0002889669257716,14.171
9.625,0.30518778214674025,0.1358382440940218,2.073928355662705,7.264766636549227,up,down,down,down,-0.0730275077053254,0.010070767672019,0.0,-0.0002889669257716,14.187
9.640999999999998,0.3042255063038651,0.13316974788502,2.0786425296875577,7.2979872036320295,up,down,down,down,-0.0730275077053254,0.010070767672019,0.0,-0.0002889669257716,14.203
9.655999999999999,0.30327747256501947,0.1362297569617007,2.083047740513994,7.3291998806585426,up,down,down,down,-0.0730275077053254,0.010070767672019,0.0,-0.0002889669257716,14.218
9.672,0.30115103551306877,0.2059298234522442,2.0877220362958666,7.362566038873021,up,down,down,down,-0.0730275077053254,0.010070767672019,0.0,-0.0002889669257716,14.234
9.687999999999999,0.2991002980220844,0.2011986008918496,2.092362914681396,7.396006718480839,up,down,down,down,-0.0730275077053254,0.010070767672019,0.0,-0.0002889669257716,14.25
9.703,0.29858456905340336,0.1074094389507252,2.0966944896693818,7.42742464901347,up,down,down,down,-0.0730275077053254,0.010070767672019,0.0,-0.0002889669257716,14.265
9.733999999999998,0.29902794834728735,0.0587249498380975,2.1056452898912594,7.492560915596658,up,down,down,down,-0.0730275077053254,0.010070767672019,0.0,-0.0002889669257716,14.296
9.75,0.2995093187810002,0.0429418555982774,2.110272455745533,7.5262882575617525,up,down,down,down,-0.0730275077053254,0.010070767672019,0.0,-0.0002889669257716,14.312
9.765999999999998,0.29990897987640597,0.048048689242463596,2.1149066698520405,7.560089690566533,up,down,down,down,-0.0730275077053254,0.010070767672019,0.0,-0.0002889669257716,14.328
9.780999999999999,0.29798736648429786,0.201135067179191,2.119239830934666,7.591845789322435,up,down,down,down,-0.0730275077053254,0.010070767672019,0.0,-0.0002889669257716,14.343
9.797,0.29612181531630977,0.1896244557045843,2.1238315721063183,7.625790360546763,up,down,down,down,-0.0730275077053254,0.010070767672019,0.0,-0.0002889669257716,14.359
9.828,0.29671732435072845,0.0538175388531084,2.132708384973325,7.691766729881499,up,down,down,down,-0.0730275077053254,0.010070767672019,0.0,-0.0002889669257716,14.39
9.844000000000001,0.2964194378674313,0.0916454129114006,2.1372923467883176,7.725926735735592,up,down,down,down,-0.0730275077053254,0.010070767672019,0.0,-0.0002889669257716,14.406
9.858999999999998,0.29696582336783256,0.0366018076785682,2.141591674732501,7.758018365896995,up,down,down,down,-0.0730275077053254,0.010070767672019,0.0,-0.0002889669257716,14.421
9.875,0.29937725148428196,0.0776867495727584,2.1462012870485663,7.792320709591244,up,down,down,down,-0.0730275077053254,0.010070767672019,0.0,-0.0002889669257716,14.437
9.905999999999999,0.29800965376638705,0.1171435631212875,2.1551485902821192,7.85899163268987,up,down,down,down,-0.0730275077053254,0.010070767672019,0.0,-0.0002889669257716,14.468
9.922,0.2966557933959989,0.1576437808545881,2.159744781576666,7.89351077966474,up,down,down,down,-0.0730275077053254,0.010070767672019,0.0,-0.0002889669257716,14.484
9.937999999999999,0.29837852747943916,0.0346433725096906,2.164343923860917,7.928103489308241,up,down,down,down,-0.0730275077053254,0.010070767672019,0.0,-0.0002889669257716,14.5
9.953,0.299643520738975,0.011305376263730293,2.1686780277074758,7.960601153945006,up,down,down,down,-0.0730275077053254,0.010070767672019,0.0,-0.0002889669257716,14.515
9.969000000000001,0.300889823867056,0.0,2.173321162181572,7.995337147464118,up,down,down,down,-0.0730275077053254,0.010070767672019,0.0,-0.0002889669257716,14.531
9.983999999999998,0.3018390438550024,0.0,2.1776905671744062,8.027969735434286,up,down,down,down,-0.0730275077053254,0.010070767672019,0.0,-0.0002889669257716,14.546
10.0,0.3012734274283807,0.10837853436917991,2.182354334661921,8.062850094648978,up,down,down,down,-0.0730275077053254,0.010070767672019,0.0,-0.0002889669257716,14.562
10.015999999999998,0.29923735099830556,0.200282284585018,2.186997288606582,8.097804907635126,up,down,down,down,-0.0730275077053254,0.010070767672019,0.0,-0.0002889669257716,14.578
10.047,0.2996041553319343,0.061195109846336,2.195967138156868,8.165740856249961,up,down,down,down,-0.0730275077053254,0.010070767672019,0.0,-0.0002889669257716,14.609
10.062999999999999,0.30093522296332137,0.010164219256369997,2.200610320900478,8.20091347592242,up,down,down,down,-0.0730275077053254,0.010070767672019,0.0,-0.0002889669257716,14.625
10.078,0.3021960204313866,0.011025656832349906,2.204982743710858,8.233955423907005,up,down,down,down,-0.0730275077053254,0.010070767672019,0.0,-0.0002889669257716,14.64
10.094000000000001,0.3017829295375803,0.0988456885682163,2.2096534430278574,8.269272513400916,up,down,down,down,-0.0730275077053254,0.010070767672019,0.0,-0.0002889669257716,14.656
10.108999999999998,0.3021582605020895,0.0480054434047137,2.2140319404380744,8.302450153776908,up,down,down,down,-0.0730275077053254,0.010070767672019,0.0,-0.0002889669257716,14.671
10.125,0.3025222617789839,0.050277427899425506,2.218708252333571,8.337912075319082,up,down,down,down,-0.0730275077053254,0.010070767672019,0.0,-0.0002889669257716,14.687
10.140999999999998,0.3032244898809536,0.029138251332216904,2.223393094064098,8.373448886090264,up,down,down,down,-0.0730275077053254,0.010070767672019,0.0,-0.0002889669257716,14.703
10.155999999999999,0.30239254084463046,0.1284907767935306,2.22778416027946,8.406832715497842,up,down,down,down,-0.0730275077053254,0.010070767672019,0.0,-0.0002889669257716,14.718
10.172,0.30401954663893516,0.0286603544387143,2.232474324696576,8.44251478337765,up,down,down,down,-0.0730275077053254,0.010070767672019,0.0,-0.0002889669257716,14.734
10.187999999999999,0.3040121107790873,0.0734922489458166,2.237177445673168,8.478271997540608,up,down,down,down,-0.0730275077053254,0.010070767672019,0.0,-0.0002889669257716,14.75
10.219000000000001,0.30484118690720746,0.0462831164756414,2.246302477989473,8.54776593635738,up,down,down,down,-0.0730275077053254,0.010070767672019,0.0,-0.0002889669257716,14.781
10.233999999999998,0.3056976966188606,0.0159268602617825,2.2507304581008376,8.581493683378055,up,down,down,down,-0.0730275077053254,0.010070767672019,0.0,-0.0002889669257716,14.796
10.265999999999998,0.30503084148645226,0.0938667305930839,2.260179850145018,8.65366824830999,up,down,down,down,-0.0730275077053254,0.010070767672019,0.0,-0.0002889669257716,14.828
10.280999999999999,0.30445150192549325,0.1116501451025915,2.2645999062055275,8.68760409648262,up,down,down,down,-0.0730275077053254,0.010070767672019,0.0,-0.0002889669257716,14.843
10.312999999999999,0.30434707035657016,0.0762909942341737,2.274018418796536,8.760221989682652,up,down,down,down,-0.0730275077053254,0.010070767672019,0.0,-0.0002889669257716,14.875
10.328,0.30430215291567986,0.0760220037646787,2.278432226455998,8.794365369522048,up,down,down,down,-0.0730275077053254,0.010070767672019,0.0,-0.0002889669257716,14.89
10.344000000000001,0.30464693536908866,0.0514786043672721,2.283142686879524,8.830857968828731,up,down,down,down,-0.0730275077053254,0.010070767672019,0.0,-0.0002889669257716,14.906
10.358999999999998,0.3045407318038541,0.0801077453876331,2.28756053286824,8.865138242976837,up,down,down,down,-0.0730275077053254,0.010070767672019,0.0,-0.0002889669257716,14.921
10.375,0.30548518368728306,0.013999264991015899,2.292279607909417,8.901776964103059,up,down,down,down,-0.0730275077053254,0.010070767672019,0.0,-0.0002889669257716,14.937
10.390999999999998,0.30645590822965285,0.0123572238072134,2.2970140043620004,8.93849131300123,up,down,down,down,-0.0730275077053254,0.010070767672019,0.0,-0.0002889669257716,14.953
10.405999999999999,0.3052133059221321,0.1558676615400364,2.301450461953059,8.972979796498594,up,down,down,down,-0.0730275077053254,0.010070767672019,0.0,-0.0002889669257716,14.968
10.422,0.3046478506341791,0.10836846320239049,2.3061682189227573,9.009840745945601,up,down,down,down,-0.0730275077053254,0.010070767672019,0.0,-0.0002889669257716,14.984
10.437999999999999,0.3040866371549046,0.1081033501599824,2.310876962542318,9.046777107397322,up,down,down,down,-0.0730275077053254,0.010070767672019,0.0,-0.0002889669257716,15.0
10.453,0.3048212557813538,0.0240529326087146,2.31529271022426,9.081473379943072,up,down,down,down,-0.0730275077053254,0.010070767672019,0.0,-0.0002889669257716,15.015
10.483999999999998,0.3072639733292596,0.0,2.3244678374776413,9.15338966843245,up,down,down,down,-0.0730275077053254,0.010070767672019,0.0,-0.0002889669257716,15.046
10.515999999999998,0.30603003534748996,0.1115880696356262,2.333958277050965,9.227924486264905,up,down,down,down,-0.0730275077053254,0.010070767672019,0.0,-0.0002889669257716,15.078
10.530999999999999,0.306178094835264,0.063156875187054,2.338398776512255,9.262967164166628,up,down,down,down,-0.0730275077053254,0.010070767672019,0.0,-0.0002889669257716,15.093
10.547,0.30304143445297865,0.26906878159815817,2.3431114004638087,9.30041924558244,up,down,down,down,-0.0730275077053254,0.010070767672019,0.0,-0.0002889669257716,15.109
10.578,0.30250603502634366,0.090298456951617,2.352185192442906,9.373196342772495,up,down,down,down,-0.0730275077053254,0.010070767672019,0.0,-0.0002889669257716,15.14
10.594000000000001,0.3018950318935419,0.1112152035054324,2.356859268695513,9.4108686984616,up,down,down,down,-0.0730275077053254,0.010070767672019,0.0,-0.0002889669257716,15.156
10.608999999999998,0.3013367959517835,0.1102432371558891,2.3612324458892724,9.446254386320986,up,down,down,down,-0.0730275077053254,0.010070767672019,0.0,-0.0002889669257716,15.171
10.625,0.3013878251142453,0.0698381850514628,2.3658931105750485,9.4840713907727,up,down,down,down,-0.0730275077053254,0.010070767672019,0.0,-0.0002889669257716,15.187
10.640999999999998,0.30072920594584557,0.1141912057303072,2.3705489145407768,9.521962926973627,up,down,down,down,-0.0730275077053254,0.010070767672019,0.0,-0.0002889669257716,15.203
10.655999999999999,0.300667920280972,0.07711321869690001,2.374908331472398,9.557553856318725,up,down,down,down,-0.0730275077053254,0.010070767672019,0.0,-0.0002889669257716,15.218
10.672,0.3011588611022552,0.0423437063751253,2.3795618134407115,9.595589617478034,up,down,down,down,-0.0730275077053254,0.010070767672019,0.0,-0.0002889669257716,15.234
10.703,0.3009150697553692,0.0808917447016482,2.388581765571172,9.669495842952717,up,down,down,down,-0.0730275077053254,0.010070767672019,0.0,-0.0002889669257716,15.265
10.719000000000001,0.30065940067946767,0.0890068249491669,2.3932332290518983,9.707750362909701,up,down,down,down,-0.0730275077053254,0.010070767672019,0.0,-0.0002889669257716,15.281
10.75,0.30109763838592396,0.0588908074970593,2.402248269359579,9.782080326135077,up,down,down,down,-0.0730275077053254,0.010070767672019,0.0,-0.0002889669257716,15.312
10.765999999999998,0.30146519715241016,0.0500550847999381,2.4069076397611333,9.820553573408043,up,down,down,down,-0.0730275077053254,0.010070767672019,0.0,-0.0002889669257716,15.328
10.797,0.30267684640038955,0.0339420480930858,2.415959647638369,9.895308016362737,up,down,down,down,-0.0730275077053254,0.010070767672019,0.0,-0.0002889669257716,15.359
10.812999999999999,0.3038816050629797,0.0,2.420650982967324,9.93400090140758,up,down,down,down,-0.0730275077053254,0.010070767672019,0.0,-0.0002889669257716,15.375
10.828,0.3025445072081608,0.1621673646932444,2.4250481172942773,9.970343644659545,up,down,down,down,-0.0730275077053254,0.010070767672019,0.0,-0.0002889669257716,15.39
10.844000000000001,0.30329263678821217,0.0262694089521176,2.429733682163496,10.009181899055207,up,down,down,down,-0.0730275077053254,0.010070767672019,0.0,-0.0002889669257716,15.406
10.858999999999998,0.30274168606289986,0.10975755605948201,2.434127878069799,10.045660860756954,up,down,down,down,-0.0730275077053254,0.010070767672019,0.0,-0.0002889669257716,15.421
10.890999999999998,0.3021721604944946,0.0908251817179904,2.4434842350492123,10.123702654566857,up,down,down,down,-0.0730275077053254,0.010070767672019,0.0,-0.0002889669257716,15.453
10.905999999999999,0.30223163709412215,0.0690624010634874,2.447866202016047,10.160387782844849,up,down,down,down,-0.0730275077053254,0.010070767672019,0.0,-0.0002889669257716,15.468
10.922,0.3023314900747759,0.0667866964144669,2.452541574750646,10.19959104505898,up,down,down,down,-0.0730275077053254,0.010070767672019,0.0,-0.0002889669257716,15.484
10.937999999999999,0.30166336456017345,0.1147853523679741,2.457212401304973,10.238869076867427,up,down,down,down,-0.0730275077053254,0.010070767672019,0.0,-0.0002889669257716,15.5
10.969000000000001,0.30250805178456186,0.0457795327250565,2.466264864460484,10.315182974486794,up,down,down,down,-0.0730275077053254,0.010070767672019,0.0,-0.0002889669257716,15.531
11.0,0.3009850907983064,0.12215528145550411,2.475306814372685,10.391777335508705,up,down,down,down,-0.0730275077053254,0.010070767672019,0.0,-0.0002889669257716,15.562
11.015999999999998,0.3015345036952385,0.0386892016470685,2.4799658388458816,10.431419516734453,up,down,down,down,-0.0730275077053254,0.010070767672019,0.0,-0.0002889669257716,15.578
11.030999999999999,0.30209551271443746,0.0356269064253951,2.4843420024538743,10.468651825544201,up,down,down,down,-0.0730275077053254,0.010070767672019,0.0,-0.0002889669257716,15.593
11.047,0.3024793019109849,0.049040682921108705,2.489017468688125,10.508438701313338,up,down,down,down,-0.0730275077053254,0.010070767672019,0.0,-0.0002889669257716,15.609
11.062999999999999,0.3024231752827137,0.076535421972279,2.4936955562229226,10.548300405512627,up,down,down,down,-0.0730275077053254,0.010070767672019,0.0,-0.0002889669257716,15.625
11.078,0.30236169051027406,0.0771264925346327,2.49808038120129,10.58573872504331,up,down,down,down,-0.0730275077053254,0.010070767672019,0.0,-0.0002889669257716,15.64
11.094000000000001,0.3030759969687827,0.0283833540485334,2.5027627504183703,10.62574547009627,up,down,down,down,-0.0730275077053254,0.010070767672019,0.0,-0.0002889669257716,15.656
11.108999999999998,0.3027733966696572,0.0932008609803632,2.507155559355578,10.66331985741957,up,down,down,down,-0.0730275077053254,0.010070767672019,0.0,-0.0002889669257716,15.671
11.125,0.3024687269283034,0.0920693665399373,2.511836364061609,10.703471792806907,up,down,down,down,-0.0730275077053254,0.010070767672019,0.0,-0.0002889669257716,15.687
11.140999999999998,0.3035220960112105,0.0,2.5165231583623733,10.7436986689863,up,down,down,down,-0.0730275077053254,0.010070767672019,0.0,-0.0002889669257716,15.703
11.172,0.30504606510917026,0.023867214222751502,2.525643771061907,10.821852256392377,up,down,down,down,-0.0730275077053254,0.010070767672019,0.0,-0.0002889669257716,15.734
11.187999999999999,0.306484831536041,0.0168953939740923,2.530374885952316,10.862300405648494,up,down,down,down,-0.0730275077053254,0.010070767672019,0.0,-0.0002889669257716,15.75
11.203,0.3078950182192485,0.020984937841835694,2.534831673310401,10.900289454842966,up,down,down,down,-0.0730275077053254,0.010070767672019,0.0,-0.0002889669257716,15.765
11.219000000000001,0.30717227001259656,0.1181992706210664,2.5395910793335035,10.940884836864113,up,down,down,down,-0.0730275077053254,0.010070767672019,0.0,-0.0002889669257716,15.781
11.233999999999998,0.3060496902949142,0.14786615555082272,2.5440391825207294,10.979012063828018,up,down,down,down,-0.0730275077053254,0.010070767672019,0.0,-0.0002889669257716,15.796
11.25,0.30496012776102416,0.1411251660734523,2.5487661287824244,11.01975450631844,up,down,down,down,-0.0730275077053254,0.010070767672019,0.0,-0.0002889669257716,15.812
11.265999999999998,0.3051008010183124,0.06423542912481481,2.5534854839299066,11.060572519220141,up,down,down,down,-0.0730275077053254,0.010070767672019,0.0,-0.0002889669257716,15.828
11.280999999999999,0.3052768406432146,0.0612915327118457,2.557912254727288,11.098908002260071,up,down,down,down,-0.0730275077053254,0.010070767672019,0.0,-0.0002889669257716,15.843
11.297,0.3050408547705173,0.087776624748903,2.562633664007845,11.139872369609954,up,down,down,down,-0.0730275077053254,0.010070767672019,0.0,-0.0002889669257716,15.859
11.328,0.3036247550383794,0.118708144225904,2.571755787162051,11.219455406103087,up,down,down,down,-0.0730275077053254,0.010070767672019,0.0,-0.0002889669257716,15.89
11.344000000000001,0.3019494345137196,0.1777350404965625,2.576439248395716,11.26064096638755,up,down,down,down,-0.0730275077053254,0.010070767672019,0.0,-0.0002889669257716,15.906
11.358999999999998,0.3005264095111267,0.1678958412115221,2.5808067557108214,11.299320311418345,up,down,down,down,-0.0730275077053254,0.010070767672019,0.0,-0.0002889669257716,15.921
11.375,0.3000030574131641,0.10573701382798881,2.585449859163464,11.340650364337339,up,down,down,down,-0.0730275077053254,0.010070767672019,0.0,-0.0002889669257716,15.937
11.405999999999999,0.29951248889876136,0.0888522984925111,2.594430156333466,11.420938504577546,up,down,down,down,-0.0730275077053254,0.010070767672019,0.0,-0.0002889669257716,15.968
11.422,0.3003766011534504,0.0190204917872583,2.599068136771132,11.462486490922382,up,down,down,down,-0.0730275077053254,0.010070767672019,0.0,-0.0002889669257716,15.984
11.437999999999999,0.3007001858894663,0.052803461704331506,2.603715618784723,11.50410876096683,up,down,down,down,-0.0730275077053254,0.010070767672019,0.0,-0.0002889669257716,16.0
11.453,0.30108346739105396,0.0474754075994852,2.608077934669246,11.543197212617732,up,down,down,down,-0.0730275077053254,0.010070767672019,0.0,-0.0002889669257716,16.015
11.468999999999998,0.30043976709550246,0.11325877617729829,2.6127289882623863,11.584963668001183,up,down,down,down,-0.0730275077053254,0.010070767672019,0.0,-0.0002889669257716,16.031
11.483999999999998,0.30265100076761076,0.0743880704352218,2.6171011075062798,11.624187393719449,up,down,down,down,-0.0730275077053254,0.010070767672019,0.0,-0.0002889669257716,16.046
11.5,0.30291246668687305,0.056685887751430505,2.621784482963164,11.666098478443208,up,down,down,down,-0.0730275077053254,0.010070767672019,0.0,-0.0002889669257716,16.062
11.530999999999999,0.3045693592544473,0.019579360364220998,2.6308882574674213,11.747514905919882,up,down,down,down,-0.0730275077053254,0.010070767672019,0.0,-0.0002889669257716,16.093
11.547,0.3046006658264292,0.071070846956456,2.6356004853853165,11.789646815862705,up,down,down,down,-0.0730275077053254,0.010070767672019,0.0,-0.0002889669257716,16.109
11.562999999999999,0.3045903620810221,0.0736714917932701,2.640312881325823,11.831854122796392,up,down,down,down,-0.0730275077053254,0.010070767672019,0.0,-0.0002889669257716,16.125
11.578,0.3059806656196072,0.0196593948670149,2.644741102518498,11.871492027675226,up,down,down,down,-0.0730275077053254,0.010070767672019,0.0,-0.0002889669257716,16.14
11.593999999999998,0.3075479331748009,0.0249267144942886,2.6494881990261003,11.913845862087578,up,down,down,down,-0.0730275077053254,0.010070767672019,0.0,-0.0002889669257716,16.156
11.608999999999998,0.3091014620854063,0.030541086335033996,2.653962007975472,11.953621738640091,up,down,down,down,-0.0730275077053254,0.010070767672019,0.0,-0.0002889669257716,16.171
11.625,0.31030362550393226,0.0,2.658756116393435,11.996123483635047,up,down,down,down,-0.0730275077053254,0.010070767672019,0.0,-0.0002889669257716,16.187
11.655999999999999,0.3093683993829347,0.1031960922536366,2.668048838981348,12.078688960443353,up,down,down,down,-0.0730275077053254,0.010070767672019,0.0,-0.0002889669257716,16.218
11.672,0.3089579194354072,0.0986825044257925,2.6728343172491438,12.1214160256932,up,down,down,down,-0.0730275077053254,0.010070767672019,0.0,-0.0002889669257716,16.234
11.687999999999999,0.3070933864566355,0.1895608188785663,2.677601595413527,12.1642195129945,up,down,down,down,-0.0730275077053254,0.010070767672019,0.0,-0.0002889669257716,16.25
11.703,0.30510464446935776,0.2056103068571683,2.682042019130392,12.20441684010358,up,down,down,down,-0.0730275077053254,0.010070767672019,0.0,-0.0002889669257716,16.265
11.718999999999998,0.303239212503234,0.18961700558807348,2.68674763770342,12.247367157358244,up,down,down,down,-0.0730275077053254,0.010070767672019,0.0,-0.0002889669257716,16.281
11.75,0.3032800198880742,0.0717111404524179,2.695836492007653,12.330797211368774,up,down,down,down,-0.0730275077053254,0.010070767672019,0.0,-0.0002889669257716,16.312
11.765999999999998,0.30327846327763897,0.07312479585752642,2.7005278275902262,12.373968125925552,up,down,down,down,-0.0730275077053254,0.010070767672019,0.0,-0.0002889669257716,16.328
11.780999999999999,0.30590097366516017,0.1018065181294186,2.7049456118522173,12.414509176721372,up,down,down,down,-0.0730275077053254,0.010070767672019,0.0,-0.0002889669257716,16.343
11.812999999999999,0.3078408530086828,0.012406278220245003,2.714443216513494,12.501219397975223,up,down,down,down,-0.0730275077053254,0.010070767672019,0.0,-0.0002889669257716,16.375
11.828,0.30903624937247887,0.0,2.7189187332662725,12.541969612598573,up,down,down,down,-0.0730275077053254,0.010070767672019,0.0,-0.0002889669257716,16.39
11.858999999999998,0.3094350757191452,0.0601621416838306,2.72819284500736,12.626399842061812,up,down,down,down,-0.0730275077053254,0.010070767672019,0.0,-0.0002889669257716,16.421
11.875,0.3084870584545686,0.1322785867413566,2.7329750897979976,12.67008918554026,up,down,down,down,-0.0730275077053254,0.010070767672019,0.0,-0.0002889669257716,16.437
11.890999999999998,0.30758276256039335,0.1295460010912802,2.7377425160833644,12.713854926387306,up,down,down,down,-0.0730275077053254,0.010070767672019,0.0,-0.0002889669257716,16.453
11.905999999999999,0.3083360097408433,0.022811029008668,2.7422108453605434,12.754954576598138,up,down,down,down,-0.0730275077053254,0.010070767672019,0.0,-0.0002889669257716,16.468
11.922,0.30686829218935496,0.16475985467333598,2.746971347493233,12.798868034140972,up,down,down,down,-0.0730275077053254,0.010070767672019,0.0,-0.0002889669257716,16.484
11.937999999999999,0.3054861798039424,0.1594095317936178,2.7517090509864266,12.842857477328804,up,down,down,down,-0.0730275077053254,0.010070767672019,0.0,-0.0002889669257716,16.5
11.953,0.30419570079448366,0.1590594416692406,2.756130603575835,12.884166274738023,up,down,down,down,-0.0730275077053254,0.010070767672019,0.0,-0.0002889669257716,16.515
11.968999999999998,0.30473499480053856,0.0393216323268903,2.760840916857842,12.928302046901488,up,down,down,down,-0.0730275077053254,0.010070767672019,0.0,-0.0002889669257716,16.531
11.983999999999998,0.305323858616468,0.0337699199766946,2.7652652967433893,12.969747843503496,up,down,down,down,-0.0730275077053254,0.010070767672019,0.0,-0.0002889669257716,16.546
12.0,0.3051393273291917,0.0845607131600964,2.769987869948203,13.014029868837035,up,down,down,down,-0.0730275077053254,0.010070767672019,0.0,-0.0002889669257716,16.562
12.015999999999998,0.3040011553755714,0.14416325480660291,2.774699861527088,13.058387370688832,up,down,down,down,-0.0730275077053254,0.010070767672019,0.0,-0.0002889669257716,16.578
12.047,0.302838180415847,0.1105428289867546,2.783793677434023,13.144544020542735,up,down,down,down,-0.0730275077053254,0.010070767672019,0.0,-0.0002889669257716,16.609
12.062999999999999,0.30076444801464125,0.2026357827806943,2.788461366178714,13.189122060891632,up,down,down,down,-0.0730275077053254,0.010070767672019,0.0,-0.0002889669257716,16.625
12.078,0.29876476124854345,0.2063399587785105,2.7928067737331075,13.230981571940973,up,down,down,down,-0.0730275077053254,0.010070767672019,0.0,-0.0002889669257716,16.64
12.108999999999998,0.3015653322875237,0.017313493552105097,2.801799696385084,13.317697972227801,up,down,down,down,-0.0730275077053254,0.010070767672019,0.0,-0.0002889669257716,16.671
12.125,0.299209765378979,0.2202504394893501,2.806444764883664,13.362563927917956,up,down,down,down,-0.0730275077053254,0.010070767672019,0.0,-0.0002889669257716,16.687
12.140999999999998,0.29936902580897656,0.0630737308304751,2.8110722629304146,13.407504064140463,up,down,down,down,-0.0730275077053254,0.010070767672019,0.0,-0.0002889669257716,16.703
12.155999999999999,0.29946607150322696,0.0665577947552992,2.815412464645176,13.449702699597282,up,down,down,down,-0.0730275077053254,0.010070767672019,0.0,-0.0002889669257716,16.718
12.172,0.30103958616682636,0.025317158769622303,2.8200553776237847,13.494786442335439,up,down,down,down,-0.0730275077053254,0.010070767672019,0.0,-0.0002889669257716,16.734
12.187999999999999,0.3009215638688242,0.080403901330462,2.824709934541317,13.539944564832755,up,down,down,down,-0.0730275077053254,0.010070767672019,0.0,-0.0002889669257716,16.75
12.203,0.3007951205264926,0.0814570638607639,2.829071748159202,13.58234792745301,up,down,down,down,-0.0730275077053254,0.010070767672019,0.0,-0.0002889669257716,16.765
12.218999999999998,0.3043243972377957,0.1475522867511425,2.8337515720185635,13.627650514014428,up,down,down,down,-0.0730275077053254,0.010070767672019,0.0,-0.0002889669257716,16.781
12.25,0.30390211306702125,0.0866495777303046,2.8428668891304563,13.715638100162245,up,down,down,down,-0.0730275077053254,0.010070767672019,0.0,-0.0002889669257716,16.812
12.265999999999998,0.30297552465590616,0.1309392834000285,2.8475607779494867,13.76116152149888,up,down,down,down,-0.0730275077053254,0.010070767672019,0.0,-0.0002889669257716,16.828
12.297,0.30180638442150165,0.1107417088151453,2.856622703742355,13.84957636546511,up,down,down,down,-0.0730275077053254,0.010070767672019,0.0,-0.0002889669257716,16.859
12.312999999999999,0.3006475841879331,0.14545252230336542,2.8612812032084776,13.89531959672071,up,down,down,down,-0.0730275077053254,0.010070767672019,0.0,-0.0002889669257716,16.875
12.328,0.30110552776863375,0.042497935658618896,2.865643290033072,13.938271530420025,up,down,down,down,-0.0730275077053254,0.010070767672019,0.0,-0.0002889669257716,16.89
12.358999999999998,0.30239430988994076,0.0314538908889687,2.8746853437189466,14.027246624243178,up,down,down,down,-0.0730275077053254,0.010070767672019,0.0,-0.0002889669257716,16.921
12.375,0.3014508949434499,0.1319909418609976,2.8793549730748618,14.073278946777533,up,down,down,down,-0.0730275077053254,0.010070767672019,0.0,-0.0002889669257716,16.937
12.390999999999998,0.30102521291877676,0.0996326342473958,2.8840136496550066,14.119385895759365,up,down,down,down,-0.0730275077053254,0.010070767672019,0.0,-0.0002889669257716,16.953
12.405999999999999,0.30064757250806895,0.098203535085849,2.888375134030628,14.16267881163701,up,down,down,down,-0.0730275077053254,0.010070767672019,0.0,-0.0002889669257716,16.968
12.437999999999999,0.3031260955775802,0.0,2.897713248154494,14.255256225751971,up,down,down,down,-0.0730275077053254,0.010070767672019,0.0,-0.0002889669257716,17.0
12.453,0.30297971916985117,0.082785934887256,2.90210798025002,14.298754884965007,up,down,down,down,-0.0730275077053254,0.010070767672019,0.0,-0.0002889669257716,17.015
12.468999999999998,0.3027907255547574,0.0848396086486914,2.9067930115250635,14.345226092899201,up,down,down,down,-0.0730275077053254,0.010070767672019,0.0,-0.0002889669257716,17.031
12.483999999999998,0.3022426788974818,0.1095639515236967,2.911179700543375,14.388860888239718,up,down,down,down,-0.0730275077053254,0.010070767672019,0.0,-0.0002889669257716,17.046
12.515999999999998,0.3040178812933368,0.017552432834855303,2.920557604940924,14.482168685127466,up,down,down,down,-0.0730275077053254,0.010070767672019,0.0,-0.0002889669257716,17.078
12.530999999999999,0.3040813985168266,0.068793026139343,2.92496728802442,14.526010121824704,up,down,down,down,-0.0730275077053254,0.010070767672019,0.0,-0.0002889669257716,17.093
12.547,0.30533211228263807,0.0,2.929681463828064,14.572847311839531,up,down,down,down,-0.0730275077053254,0.010070767672019,0.0,-0.0002889669257716,17.109
12.578,0.30651177935840035,0.0349737310678328,2.938852850350667,14.663809593709297,up,down,down,down,-0.0730275077053254,0.010070767672019,0.0,-0.0002889669257716,17.14
12.593999999999998,0.3065747851368722,0.0690896465508346,2.943596410583877,14.710869187796769,up,down,down,down,-0.0730275077053254,0.010070767672019,0.0,-0.0002889669257716,17.156
12.608999999999998,0.30623872475361036,0.0954315332561137,2.9480414503929757,14.755056471754097,up,down,down,down,-0.0730275077053254,0.010070767672019,0.0,-0.0002889669257716,17.171
12.625,0.3048858547601866,0.1575818822943013,2.952769314746334,14.802262957875216,up,down,down,down,-0.0730275077053254,0.010070767672019,0.0,-0.0002889669257716,17.187
12.655999999999999,0.3030809672834652,0.1312496843737586,2.961880606690177,14.893940031657479,up,down,down,down,-0.0730275077053254,0.010070767672019,0.0,-0.0002889669257716,17.218
12.672,0.3033730343430835,0.054773316479186096,2.9665711064204383,14.94136764536237,up,down,down,down,-0.0730275077053254,0.010070767672019,0.0,-0.0002889669257716,17.234
12.687999999999999,0.30364139911976357,0.0562547091628155,2.9712660896053884,14.988870342930571,up,down,down,down,-0.0730275077053254,0.010070767672019,0.0,-0.0002889669257716,17.25
12.703,0.3024839587995717,0.1501901957181183,2.9756609682747035,15.033472295864673,up,down,down,down,-0.0730275077053254,0.010070767672019,0.0,-0.0002889669257716,17.265
12.718999999999998,0.30109257736998696,0.1599888470543803,2.9803284482813077,15.081120211197115,up,down,down,down,-0.0730275077053254,0.010070767672019,0.0,-0.0002889669257716,17.281
12.733999999999998,0.29972736555312796,0.16404162882925538,2.9846835363381503,15.12585780108176,up,down,down,down,-0.0730275077053254,0.010070767672019,0.0,-0.0002889669257716,17.296
12.75,0.3007392142199022,0.0,2.989326136693583,15.173649878466021,up,down,down,down,-0.0730275077053254,0.010070767672019,0.0,-0.0002889669257716,17.312
12.765999999999998,0.30172261270829626,0.011565102180692698,2.993984699026256,15.221516365151775,up,down,down,down,-0.0730275077053254,0.010070767672019,0.0,-0.0002889669257716,17.328
12.780999999999999,0.30265601138219356,0.010800929445507701,2.9983664771918543,15.266458998973413,up,down,down,down,-0.0730275077053254,0.010070767672019,0.0,-0.0002889669257716,17.343
12.797,0.30144879761247606,0.14847836831265698,3.00303818338106,15.314470236258002,up,down,down,down,-0.0730275077053254,0.010070767672019,0.0,-0.0002889669257716,17.359
12.812999999999999,0.30353970669820446,0.05765431015271391,3.007716959132793,15.36255627739811,up,down,down,down,-0.0730275077053254,0.010070767672019,0.0,-0.0002889669257716,17.375
12.828,0.3055168311629258,0.058780789942757095,3.012133821651671,15.407705158253993,up,down,down,down,-0.0730275077053254,0.010070767672019,0.0,-0.0002889669257716,17.39
12.858999999999998,0.30462578854171507,0.10177081806696381,3.02127883845926,15.50122305448571,up,down,down,down,-0.0730275077053254,0.010070767672019,0.0,-0.0002889669257716,17.421
12.875,0.302117126794485,0.2298188669071877,3.0259716494991977,15.549601058389383,up,down,down,down,-0.0730275077053254,0.010070767672019,0.0,-0.0002889669257716,17.437
12.890999999999998,0.2997267804816345,0.2224241522584988,3.0306252684746537,15.59805383373317,up,down,down,down,-0.0730275077053254,0.010070767672019,0.0,-0.0002889669257716,17.453
12.905999999999999,0.29939184144792097,0.09535677661955849,3.034967596624045,15.643545780221409,up,down,down,down,-0.0730275077053254,0.010070767672019,0.0,-0.0002889669257716,17.468
12.922,0.29974588458108886,0.0508998118823347,3.039599566149525,15.692142317523604,up,down,down,down,-0.0730275077053254,0.010070767672019,0.0,-0.0002889669257716,17.484
12.953,0.30022984881845877,0.057415758112745505,3.048586996219385,15.786509209240316,up,down,down,down,-0.0730275077053254,0.010070767672019,0.0,-0.0002889669257716,17.515
12.968999999999998,0.3002587966917857,0.0712182656223967,3.0532297731007145,15.835323743394873,up,down,down,down,-0.0730275077053254,0.010070767672019,0.0,-0.0002889669257716,17.531
12.983999999999998,0.30065714307104396,0.046471082421440796,3.057585581133856,15.881154858551634,up,down,down,down,-0.0730275077053254,0.010070767672019,0.0,-0.0002889669257716,17.546
13.0,0.3009996076137574,0.0516234737857358,3.0622377028565824,15.930113444823563,up,down,down,down,-0.0730275077053254,0.010070767672019,0.0,-0.0002889669257716,17.562
13.030999999999999,0.301412429085225,0.0597106860450799,3.071262895627584,16.02518270410006,up,down,down,down,-0.0730275077053254,0.010070767672019,0.0,-0.0002889669257716,17.593
13.062999999999999,0.2998575660635029,0.1216169771341422,3.0805609509844585,16.123611885645854,up,down,down,down,-0.0730275077053254,0.010070767672019,0.0,-0.0002889669257716,17.625
13.093999999999998,0.29849664292978756,0.1169282539542069,3.0895232474260217,16.219248190721213,up,down,down,down,-0.0730275077053254,0.010070767672019,0.0,-0.0002889669257716,17.656
13.108999999999998,0.2980064817837994,0.1057049174378715,3.093845959346293,16.26562345977201,up,down,down,down,-0.0730275077053254,0.010070767672019,0.0,-0.0002889669257716,17.671
13.125,0.2986140719808289,0.0350531203909863,3.098457791493659,16.315161889778732,up,down,down,down,-0.0730275077053254,0.010070767672019,0.0,-0.0002889669257716,17.687
13.155999999999999,0.30029258601620146,0.018881893661047304,3.10742865089478,16.41135312963575,up,down,down,down,-0.0730275077053254,0.010070767672019,0.0,-0.0002889669257716,17.718
13.172,0.3010804735364764,0.0237845376881484,3.112078503088449,16.46110918686762,up,down,down,down,-0.0730275077053254,0.010070767672019,0.0,-0.0002889669257716,17.734
13.187999999999999,0.3005376562620067,0.1069535873596852,3.1167303158440847,16.510939657419076,up,down,down,down,-0.0730275077053254,0.010070767672019,0.0,-0.0002889669257716,17.75
13.203,0.3000060230241849,0.1084697235601102,3.121083331923651,16.557723259777337,up,down,down,down,-0.0730275077053254,0.010070767672019,0.0,-0.0002889669257716,17.765
13.218999999999998,0.2989375805738222,0.1398051608529976,3.125713748469682,16.60769763642048,up,down,down,down,-0.0730275077053254,0.010070767672019,0.0,-0.0002889669257716,17.781
13.233999999999998,0.3007211613537243,0.04587787762147259,3.1300601275190583,16.654615940490395,up,down,down,down,-0.0730275077053254,0.010070767672019,0.0,-0.0002889669257716,17.796
13.25,0.2988833437549675,0.1878911076276116,3.134695831277176,16.70473398816077,up,down,down,down,-0.0730275077053254,0.010070767672019,0.0,-0.0002889669257716,17.812
13.265999999999998,0.29711594452720635,0.1834899594404092,3.1393026933006807,16.754925976357384,up,down,down,down,-0.0730275077053254,0.010070767672019,0.0,-0.0002889669257716,17.828
13.280999999999999,0.29809960390355517,0.0,3.1436157483988314,16.802047864670133,up,down,down,down,-0.0730275077053254,0.010070767672019,0.0,-0.0002889669257716,17.843
13.312999999999999,0.2975521135323439,0.0901365818056775,3.1528239113123013,16.90279089922551,up,down,down,down,-0.0730275077053254,0.010070767672019,0.0,-0.0002889669257716,17.875
13.328,0.2970356701725246,0.1074570650266082,3.157132258175008,16.950115570496667,up,down,down,down,-0.0730275077053254,0.010070767672019,0.0,-0.0002889669257716,17.89
13.343999999999998,0.2963401584565782,0.1164969899519798,3.161718132521288,17.00066637362223,up,down,down,down,-0.0730275077053254,0.010070767672019,0.0,-0.0002889669257716,17.906
13.358999999999998,0.29755250266780725,0.0,3.1660212659646407,17.048124419110877,up,down,down,down,-0.0730275077053254,0.010070767672019,0.0,-0.0002889669257716,17.921
13.375,0.2962345596338859,0.1553989473254042,3.1706104301803024,17.098817472680043,up,down,down,down,-0.0730275077053254,0.010070767672019,0.0,-0.0002889669257716,17.937
13.390999999999998,0.2972099162766656,0.012067717531587398,3.175196853704834,17.149583930951117,up,down,down,down,-0.0730275077053254,0.010070767672019,0.0,-0.0002889669257716,17.953
13.405999999999999,0.29756054606719207,0.0496521883368951,3.179506570657333,17.197244206633837,up,down,down,down,-0.0730275077053254,0.010070767672019,0.0,-0.0002889669257716,17.968
13.422,0.29784579775401976,0.0551992772785967,3.184108689125151,17.2481531287121,up,down,down,down,-0.0730275077053254,0.010070767672019,0.0,-0.0002889669257716,17.984
13.453,0.300103008003571,0.0,3.1930647018165605,17.346999316271692,up,down,down,down,-0.0730275077053254,0.010070767672019,0.0,-0.0002889669257716,18.015
13.468999999999998,0.3012958777371856,0.0,3.197714760619734,17.398125551971177,up,down,down,down,-0.0730275077053254,0.010070767672019,0.0,-0.0002889669257716,18.031
13.5,0.3000831390300432,0.1121481111615268,3.206723941581794,17.49739435185531,up,down,down,down,-0.0730275077053254,0.010070767672019,0.0,-0.0002889669257716,18.062
13.515999999999998,0.301442413309429,0.011927134756293797,3.211375013717757,17.5487391434977,up,down,down,down,-0.0730275077053254,0.010070767672019,0.0,-0.0002889669257716,18.078
13.530999999999999,0.30278046837324435,0.016176163215694303,3.215755623815297,17.596942623279197,up,down,down,down,-0.0730275077053254,0.010070767672019,0.0,-0.0002889669257716,18.093
13.562999999999999,0.3035325883943364,0.0495237570461992,3.225134368158073,17.699996863150773,up,down,down,down,-0.0730275077053254,0.010070767672019,0.0,-0.0002889669257716,18.125
13.578,0.3048979901840382,0.0179992782747906,3.2295465359823314,17.74840696993183,up,down,down,down,-0.0730275077053254,0.010070767672019,0.0,-0.0002889669257716,18.14
13.593999999999998,0.3061757313581593,0.0,3.234273993471916,17.800117534167455,up,down,down,down,-0.0730275077053254,0.010070767672019,0.0,-0.0002889669257716,18.156
13.608999999999998,0.3059482270751789,0.0881944599040222,3.238713861645086,17.848664943080834,up,down,down,down,-0.0730275077053254,0.010070767672019,0.0,-0.0002889669257716,18.171
13.625,0.3058597473321248,0.0785574916462021,3.243447193157593,17.90052223151926,up,down,down,down,-0.0730275077053254,0.010070767672019,0.0,-0.0002889669257716,18.187
13.640999999999998,0.30578170408218586,0.0779052108265125,3.2481791924861545,17.952455242604405,up,down,down,down,-0.0730275077053254,0.010070767672019,0.0,-0.0002889669257716,18.203
13.655999999999999,0.30475923560969936,0.1411920725377519,3.2526071880187635,18.001211140458192,up,down,down,down,-0.0730275077053254,0.010070767672019,0.0,-0.0002889669257716,18.218
13.672,0.3043943210666383,0.09583466664664089,3.2573192841894225,18.053290552235868,up,down,down,down,-0.0730275077053254,0.010070767672019,0.0,-0.0002889669257716,18.234
13.687999999999999,0.3047529883165562,0.0506108045854578,3.262031330381735,18.105445357152426,up,down,down,down,-0.0730275077053254,0.010070767672019,0.0,-0.0002889669257716,18.25
13.703,0.305112227870964,0.0490782040781354,3.266454257988061,18.154408999065204,up,down,down,down,-0.0730275077053254,0.010070767672019,0.0,-0.0002889669257716,18.265
13.733999999999998,0.30478095556609996,0.0837137110880378,3.275595408533503,18.255810768896286,up,down,down,down,-0.0730275077053254,0.010070767672019,0.0,-0.0002889669257716,18.296
13.765999999999998,0.3046960408259948,0.0756810933336126,3.285024775910272,18.36078069184739,up,down,down,down,-0.0730275077053254,0.010070767672019,0.0,-0.0002889669257716,18.328
13.780999999999999,0.3034934560638386,0.15319982518240088,3.2894351356218654,18.410089141183878,up,down,down,down,-0.0730275077053254,0.010070767672019,0.0,-0.0002889669257716,18.343
13.797,0.30362445789745596,0.0648398931042413,3.294130946650804,18.462757669842066,up,down,down,down,-0.0730275077053254,0.010070767672019,0.0,-0.0002889669257716,18.359
13.812999999999999,0.30398042137006326,0.0507797906673632,3.298830653402191,18.515501362642482,up,down,down,down,-0.0730275077053254,0.010070767672019,0.0,-0.0002889669257716,18.375
13.843999999999998,0.30422859120514356,0.0650220291543494,3.3079456992992737,18.617906396109355,up,down,down,down,-0.0730275077053254,0.010070767672019,0.0,-0.0002889669257716,18.406
13.858999999999998,0.3037490323969488,0.1049980949183058,3.312354469961209,18.66755864737881,up,down,down,down,-0.0730275077053254,0.010070767672019,0.0,-0.0002889669257716,18.421
13.875,0.3027666581071865,0.1344259008154643,3.317045463202491,18.720593846844128,up,down,down,down,-0.0730275077053254,0.010070767672019,0.0,-0.0002889669257716,18.437
13.890999999999998,0.30244689462685226,0.0930127252262179,3.3217260393416104,18.773704018864475,up,down,down,down,-0.0730275077053254,0.010070767672019,0.0,-0.0002889669257716,18.453
13.905999999999999,0.3020929282462034,0.0966252664152501,3.326109026498078,18.823562781858275,up,down,down,down,-0.0730275077053254,0.010070767672019,0.0,-0.0002889669257716,18.468
13.937999999999999,0.30247857497116276,0.0609760475503429,3.3354599059840515,18.930147884777988,up,down,down,down,-0.0730275077053254,0.010070767672019,0.0,-0.0002889669257716,18.5
13.953,0.3023004261217926,0.0849040976633365,3.3398446869771687,18.980212669225196,up,down,down,down,-0.0730275077053254,0.010070767672019,0.0,-0.0002889669257716,18.515
13.968999999999998,0.30217536029457276,0.08084412190656551,3.344519360985746,19.0336875816089,up,down,down,down,-0.0730275077053254,0.010070767672019,0.0,-0.0002889669257716,18.531
13.983999999999998,0.3033079690970036,0.0,3.3489094244411035,19.0838882974996,up,down,down,down,-0.0730275077053254,0.010070767672019,0.0,-0.0002889669257716,18.546
14.0,0.3036986598793073,0.0486093338113474,3.353604345190162,19.137508407656657,up,down,down,down,-0.0730275077053254,0.010070767672019,0.0,-0.0002889669257716,18.562
14.015999999999998,0.30412512172423856,0.0463736423971209,3.358305803160237,19.191203688843455,up,down,down,down,-0.0730275077053254,0.010070767672019,0.0,-0.0002889669257716,18.578
14.030999999999999,0.30509302778414227,0.0,3.36272387776647,19.241611411450407,up,down,down,down,-0.0730275077053254,0.010070767672019,0.0,-0.0002889669257716,18.593
14.062999999999999,0.30668982749107687,0.0231275168636191,3.372190138885369,19.349370035716838,up,down,down,down,-0.0730275077053254,0.010070767672019,0.0,-0.0002889669257716,18.625
14.078,0.3082344745655411,0.0299489639256188,3.3766510096357134,19.39998634433075,up,down,down,down,-0.0730275077053254,0.010070767672019,0.0,-0.0002889669257716,18.64
14.093999999999998,0.308527911474929,0.054687700868581005,3.381423976441284,19.454050944219357,up,down,down,down,-0.0730275077053254,0.010070767672019,0.0,-0.0002889669257716,18.656
14.108999999999998,0.30880624478134056,0.054471953944554,3.385902921098126,19.504805895950906,up,down,down,down,-0.0730275077053254,0.010070767672019,0.0,-0.0002889669257716,18.671
14.125,0.30905742871136416,0.0573285120788486,3.390684698203316,19.559018596905318,up,down,down,down,-0.0730275077053254,0.010070767672019,0.0,-0.0002889669257716,18.687
14.140999999999998,0.3100978506645989,0.0,3.395476808155571,19.613307888956186,up,down,down,down,-0.0730275077053254,0.010070767672019,0.0,-0.0002889669257716,18.703
14.155999999999999,0.31064774850527666,0.0363676516601458,3.399981338634265,19.664273825057112,up,down,down,down,-0.0730275077053254,0.010070767672019,0.0,-0.0002889669257716,18.718
14.187999999999999,0.31147480828654556,0.047181889540670596,3.4096130349774296,19.7732273350349,up,down,down,down,-0.0730275077053254,0.010070767672019,0.0,-0.0002889669257716,18.75
14.203,0.31109588657455045,0.0982889551716685,3.4141312536738075,19.824405417199788,up,down,down,down,-0.0730275077053254,0.010070767672019,0.0,-0.0002889669257716,18.765
14.218999999999998,0.3101480129223705,0.1322696109665797,3.4189400725870303,19.879069987809867,up,down,down,down,-0.0730275077053254,0.010070767672019,0.0,-0.0002889669257716,18.781
14.233999999999998,0.3092314504670631,0.1341316713924802,3.423434357047371,19.93038779603212,up,down,down,down,-0.0730275077053254,0.010070767672019,0.0,-0.0002889669257716,18.796
14.265999999999998,0.3108881793092378,0.021254731387365604,3.4330340065582874,20.040091289849816,up,down,down,down,-0.0730275077053254,0.010070767672019,0.0,-0.0002889669257716,18.828
14.280999999999999,0.3125540499559615,0.038030535409579194,3.437558761762696,20.091620735612228,up,down,down,down,-0.0730275077053254,0.010070767672019,0.0,-0.0002889669257716,18.843
14.297,0.3107119353996913,0.1881596674721967,3.44238375736279,20.146660275765235,up,down,down,down,-0.0730275077053254,0.010070767672019,0.0,-0.0002889669257716,18.859
14.312999999999999,0.3101398652699138,0.1087818908164266,3.4471894394853937,20.201776861340015,up,down,down,down,-0.0730275077053254,0.010070767672019,0.0,-0.0002889669257716,18.875
14.328,0.3087563738832787,0.1652602668143266,3.4516800997639625,20.253518382884387,up,down,down,down,-0.0730275077053254,0.010070767672019,0.0,-0.0002889669257716,18.89
14.343999999999998,0.3073782687418872,0.15915907904230192,3.4564480446222112,20.30878340803947,up,down,down,down,-0.0730275077053254,0.010070767672019,0.0,-0.0002889669257716,18.906
14.358999999999998,0.30917703857636686,0.046890481259982394,3.460921147912018,20.360663676983478,up,down,down,down,-0.0730275077053254,0.010070767672019,0.0,-0.0002889669257716,18.921
14.375,0.30884352666472187,0.0938720021831349,3.465704180151195,20.416076679607986,up,down,down,down,-0.0730275077053254,0.010070767672019,0.0,-0.0002889669257716,18.937
14.390999999999998,0.3085306973930776,0.0925793371830983,3.470482041660905,20.47156616938248,up,down,down,down,-0.0730275077053254,0.010070767672019,0.0,-0.0002889669257716,18.953
14.405999999999999,0.3067683988323607,0.1905140784197781,3.474945723367515,20.523656877620194,up,down,down,down,-0.0730275077053254,0.010070767672019,0.0,-0.0002889669257716,18.968
14.422,0.3059770689136146,0.1224856276269502,3.4796865548267317,20.579293935845755,up,down,down,down,-0.0730275077053254,0.010070767672019,0.0,-0.0002889669257716,18.984
14.437999999999999,0.3051766970039206,0.1230507520612099,3.484414652671319,20.635006745505734,up,down,down,down,-0.0730275077053254,0.010070767672019,0.0,-0.0002889669257716,19.0
14.453,0.30543173311853866,0.0560251000641208,3.4888431543821574,20.687306179058638,up,down,down,down,-0.0730275077053254,0.010070767672019,0.0,-0.0002889669257716,19.015
14.483999999999998,0.30691571288412317,0.025157192686466698,3.4980223459973656,20.795602594314516,up,down,down,down,-0.0730275077053254,0.010070767672019,0.0,-0.0002889669257716,19.046
14.5,0.306841171161535,0.0776863653670905,3.502771268786979,20.851608943232797,up,down,down,down,-0.0730275077053254,0.010070767672019,0.0,-0.0002889669257716,19.062
14.515999999999998,0.3067961546016081,0.0758410427007529,3.5075192351103315,20.90769126726397,up,down,down,down,-0.0730275077053254,0.010070767672019,0.0,-0.0002889669257716,19.078
14.530999999999999,0.3067903356124474,0.0734154403160416,3.5119700722718568,20.960337437069338,up,down,down,down,-0.0730275077053254,0.010070767672019,0.0,-0.0002889669257716,19.093
14.547,0.3048606945610163,0.1936300734197568,3.5167021482304928,21.016566814833364,up,down,down,down,-0.0730275077053254,0.010070767672019,0.0,-0.0002889669257716,19.109
14.562999999999999,0.30407408628190585,0.12219052514972881,3.5214124941944838,21.072871731972757,up,down,down,down,-0.0730275077053254,0.010070767672019,0.0,-0.0002889669257716,19.125
14.578,0.30366243129038556,0.1004711738066772,3.5258194565611958,21.125725971603426,up,down,down,down,-0.0730275077053254,0.010070767672019,0.0,-0.0002889669257716,19.14
14.593999999999998,0.3032465147852469,0.0990222892764985,3.530513595847048,21.18217663602268,up,down,down,down,-0.0730275077053254,0.010070767672019,0.0,-0.0002889669257716,19.156
14.625,0.30348414199591456,0.0653621138128206,3.539605727229324,21.291763485530378,up,down,down,down,-0.0730275077053254,0.010070767672019,0.0,-0.0002889669257716,19.187
14.640999999999998,0.30242571478886565,0.1391792081458858,3.5442918738008493,21.348434666338612,up,down,down,down,-0.0730275077053254,0.010070767672019,0.0,-0.0002889669257716,19.203
14.655999999999999,0.3018789102207576,0.1094811455791955,3.5486730969733413,21.401631903619425,up,down,down,down,-0.0730275077053254,0.010070767672019,0.0,-0.0002889669257716,19.218
14.672,0.30217263585681825,0.0546696554515356,3.55334437705921,21.45844804341169,up,down,down,down,-0.0730275077053254,0.010070767672019,0.0,-0.0002889669257716,19.234
14.687999999999999,0.30024556280632086,0.1934695733614287,3.5580025903657626,21.51533881915108,up,down,down,down,-0.0730275077053254,0.010070767672019,0.0,-0.0002889669257716,19.25
14.718999999999998,0.29835511551890176,0.1340096782672326,3.5669687070819704,21.625775874261517,up,down,down,down,-0.0730275077053254,0.010070767672019,0.0,-0.0002889669257716,19.281
14.733999999999998,0.3004345496347155,0.0656014333489148,3.5713085680555423,21.67931295382505,up,down,down,down,-0.0730275077053254,0.010070767672019,0.0,-0.0002889669257716,19.296
14.765999999999998,0.3006359972563802,0.0667322695283023,3.580603432240295,21.793743545829788,up,down,down,down,-0.0730275077053254,0.010070767672019,0.0,-0.0002889669257716,19.328
14.780999999999999,0.2995349490061335,0.1464307243884363,3.584953652822184,21.847485223967755,up,down,down,down,-0.0730275077053254,0.010070767672019,0.0,-0.0002889669257716,19.343
14.797,0.2995478862929309,0.0722189272804874,3.589585183221825,21.904881534656113,up,down,down,down,-0.0730275077053254,0.010070767672019,0.0,-0.0002889669257716,19.359
14.812999999999999,0.3003618741055919,0.022153269414010197,3.59422332902226,21.96235200275406,up,down,down,down,-0.0730275077053254,0.010070767672019,0.0,-0.0002889669257716,19.375
14.828,0.30115686413577325,0.020028172359903902,3.59858365804399,22.01629805515706,up,down,down,down,-0.0730275077053254,0.010070767672019,0.0,-0.0002889669257716,19.39
14.843999999999998,0.3020660282991939,0.0162047474915265,3.603248308900717,22.07391271089261,up,down,down,down,-0.0730275077053254,0.010070767672019,0.0,-0.0002889669257716,19.406
14.858999999999998,0.300236703609661,0.1949824870075138,3.607614517874953,22.12799418209343,up,down,down,down,-0.0730275077053254,0.010070767672019,0.0,-0.0002889669257716,19.421
14.875,0.29843665110814915,0.18553078904980208,3.612242772429944,22.185753040415875,up,down,down,down,-0.0730275077053254,0.010070767672019,0.0,-0.0002889669257716,19.437
14.890999999999998,0.29653252338894187,0.1920354901557971,3.616841393543168,22.243585713743652,up,down,down,down,-0.0730275077053254,0.010070767672019,0.0,-0.0002889669257716,19.453
14.905999999999999,0.2974156783993215,0.014150507013353603,3.6211449435415,22.29787061127179,up,down,down,down,-0.0730275077053254,0.010070767672019,0.0,-0.0002889669257716,19.468
14.937999999999999,0.29772077075996767,0.0634933714351304,3.630344862162544,22.413894448163056,up,down,down,down,-0.0730275077053254,0.010070767672019,0.0,-0.0002889669257716,19.5
14.953,0.2967206020519856,0.1397054215707989,3.634652110943553,22.468381925461355,up,down,down,down,-0.0730275077053254,0.010070767672019,0.0,-0.0002889669257716,19.515
14.968999999999998,0.2965682332736533,0.0825505563510918,3.639237289343405,22.52657304066364,up,down,down,down,-0.0730275077053254,0.010070767672019,0.0,-0.0002889669257716,19.531
14.983999999999998,0.2964106092229545,0.0835357777519154,3.6435335691470496,22.581193822102318,up,down,down,down,-0.0730275077053254,0.010070767672019,0.0,-0.0002889669257716,19.546
15.0,0.29332610811284515,0.26580882708713327,3.648090330602984,22.63952681330033,up,down,down,down,-0.0730275077053254,0.010070767672019,0.0,-0.0002889669257716,19.562
15.015999999999998,0.28912930825997646,0.3353274985096476,3.6525888416512142,22.697932246678356,up,down,down,down,-0.0730275077053254,0.010070767672019,0.0,-0.0002889669257716,19.578
15.030999999999999,0.2850119713369333,0.34751663590819293,3.656743839733111,22.752752241788745,up,down,down,down,-0.0730275077053254,0.010070767672019,0.0,-0.0002889669257716,19.593
15.062999999999999,0.28317946447486075,0.1302933471450938,3.665512638140595,22.869908345434716,up,down,down,down,-0.0730275077053254,0.010070767672019,0.0,-0.0002889669257716,19.625
15.078,0.28134459817390206,0.19535192776922988,3.669595507095381,22.924921656523992,up,down,down,down,-0.0730275077053254,0.010070767672019,0.0,-0.0002889669257716,19.64
15.093999999999998,0.28059852729946916,0.1196569373573869,3.673929919816415,22.983669859939276,up,down,down,down,-0.0730275077053254,0.010070767672019,0.0,-0.0002889669257716,19.656
15.108999999999998,0.27980147075473727,0.126164610687453,3.677981858286741,23.03880919827505,up,down,down,down,-0.0730275077053254,0.010070767672019,0.0,-0.0002889669257716,19.671
15.125,0.2783319047813125,0.1648753810443611,3.682285793008278,23.097691339485422,up,down,down,down,-0.0730275077053254,0.010070767672019,0.0,-0.0002889669257716,19.687
15.140999999999998,0.27684053016003657,0.16623842153508,3.686566040205056,23.15664215415112,up,down,down,down,-0.0730275077053254,0.010070767672019,0.0,-0.0002889669257716,19.703
15.172,0.2740360247382706,0.1634954245364805,3.694792433008148,23.271053210485935,up,down,down,down,-0.0730275077053254,0.010070767672019,0.0,-0.0002889669257716,19.734
15.187999999999999,0.27095490609916856,0.2655974226492208,3.698991228172095,23.33020347977537,up,down,down,down,-0.0730275077053254,0.010070767672019,0.0,-0.0002889669257716,19.75
15.203,0.267949283896204,0.2734023212362931,3.70288194808198,23.385717528597276,up,down,down,down,-0.0730275077053254,0.010070767672019,0.0,-0.0002889669257716,19.765
15.218999999999998,0.2676492690971094,0.0917784326487389,3.707005604223174,23.444996629015716,up,down,down,down,-0.0730275077053254,0.010070767672019,0.0,-0.0002889669257716,19.781
15.233999999999998,0.26637230285977676,0.15815859019416512,3.7108597044977705,23.500630618831124,up,down,down,down,-0.0730275077053254,0.010070767672019,0.0,-0.0002889669257716,19.796
15.25,0.2652158672901396,0.1453047308076411,3.714951277576218,23.560037106687723,up,down,down,down,-0.0730275077053254,0.010070767672019,0.0,-0.0002889669257716,19.812
15.280999999999999,0.26147783730074875,0.1936091202663225,3.722802836199544,23.675322295451238,up,down,down,down,-0.0730275077053254,0.010070767672019,0.0,-0.0002889669257716,19.843
15.297,0.2569856692278803,0.3537880122595722,3.726789411969021,23.734919033436597,up,down,down,down,-0.0730275077053254,0.010070767672019,0.0,-0.0002889669257716,19.859
15.312999999999999,0.25258720047379046,0.3479318048359738,3.730704862643882,23.794578987633493,up,down,down,down,-0.0730275077053254,0.010070767672019,0.0,-0.0002889669257716,19.875
15.328,0.2503209800153899,0.224108871598688,3.734325612482471,23.850566716196948,up,down,down,down,-0.0730275077053254,0.010070767672019,0.0,-0.0002889669257716,19.89
15.343999999999998,0.2466109424339587,0.3049048565447997,3.738139935579313,23.91034644058143,up,down,down,down,-0.0730275077053254,0.010070767672019,0.0,-0.0002889669257716,19.906
15.358999999999998,0.2436392292512738,0.2711417198843155,3.741665750351872,23.966444983225916,up,down,down,down,-0.0730275077053254,0.010070767672019,0.0,-0.0002889669257716,19.921
15.390999999999998,0.24007553178707922,0.1843930534614066,3.7490829219629807,24.086296961982953,up,down,down,down,-0.0730275077053254,0.010070767672019,0.0,-0.0002889669257716,19.953
15.405999999999999,0.2366061943497878,0.304316670191409,3.752506973393927,24.14255888619813,up,down,down,down,-0.0730275077053254,0.010070767672019,0.0,-0.0002889669257716,19.968
15.422,0.2362590020904348,0.0947270239148842,3.756128762682697,24.202627972086752,up,down,down,down,-0.0730275077053254,0.010070767672019,0.0,-0.0002889669257716,19.984
15.437999999999999,0.2333669488183129,0.2537808372129666,3.759724638007214,24.262754799292267,up,down,down,down,-0.0730275077053254,0.010070767672019,0.0,-0.0002889669257716,20.0
15.453,0.2297974341112602,0.3109951548421624,3.7630473093641057,24.31917558889755,up,down,down,down,-0.0730275077053254,0.010070767672019,0.0,-0.0002889669257716,20.015
15.468999999999998,0.2262820540327633,0.29273876261140164,3.766534812986505,24.37941224587635,up,down,down,down,-0.0730275077053254,0.010070767672019,0.0,-0.0002889669257716,20.031
15.483999999999998,0.2227620013554111,0.3076976861954649,3.769751581886836,24.435934393837904,up,down,down,down,-0.0730275077053254,0.010070767672019,0.0,-0.0002889669257716,20.046
15.5,0.218332887027257,0.3498471532149239,3.7731192087111456,24.49627736016269,up,down,down,down,-0.0730275077053254,0.010070767672019,0.0,-0.0002889669257716,20.062
15.530999999999999,0.2139848807975236,0.2132857731806022,3.779507940314597,24.613343080972587,up,down,down,down,-0.0730275077053254,0.010070767672019,0.0,-0.0002889669257716,20.093
15.547,0.2082161972351563,0.4335702303532457,3.7827244166561065,24.673840939828356,up,down,down,down,-0.0730275077053254,0.010070767672019,0.0,-0.0002889669257716,20.109
15.562999999999999,0.20259823771438681,0.4241499777534571,3.7858497998529503,24.734389533560424,up,down,down,down,-0.0730275077053254,0.010070767672019,0.0,-0.0002889669257716,20.125
15.578,0.1996100249116369,0.27224169455530833,3.788715300307565,24.791198771811626,up,down,down,down,-0.0730275077053254,0.010070767672019,0.0,-0.0002889669257716,20.14
15.608999999999998,0.1972321820350354,0.1497321166279566,3.794554160717406,24.90873944845751,up,down,down,down,-0.0730275077053254,0.010070767672019,0.0,-0.0002889669257716,20.171
15.625,0.1948200567647723,0.2237853370967543,3.797529446345053,24.969476117314017,up,down,down,down,-0.0730275077053254,0.010070767672019,0.0,-0.0002889669257716,20.187
15.640999999999998,0.1899190403170631,0.3793410356871866,3.8004462268389534,25.03025992269948,up,down,down,down,-0.0730275077053254,0.010070767672019,0.0,-0.0002889669257716,20.203
15.672,0.18607438930688672,0.1970485080335866,3.805961931200293,25.1481592491491,up,down,down,down,-0.0730275077053254,0.010070767672019,0.0,-0.0002889669257716,20.234
15.687999999999999,0.1831413513963901,0.2563423771113827,3.808754524843167,25.20907698079744,up,down,down,down,-0.0730275077053254,0.010070767672019,0.0,-0.0002889669257716,20.25
15.703,0.1778674606504181,0.4246202241034423,3.811311029418437,25.266227472454407,up,down,down,down,-0.0730275077053254,0.010070767672019,0.0,-0.0002889669257716,20.265
15.718999999999998,0.1727880896153094,0.3904881973996537,3.813955141537811,25.32722960182205,up,down,down,down,-0.0730275077053254,0.010070767672019,0.0,-0.0002889669257716,20.281
15.733999999999998,0.1674399898371471,0.4295674929161324,3.816355790618624,25.384456933813226,up,down,down,down,-0.0730275077053254,0.010070767672019,0.0,-0.0002889669257716,20.296
15.75,0.1638956682856135,0.2945476046761514,3.818845343600854,25.445538542886986,up,down,down,down,-0.0730275077053254,0.010070767672019,0.0,-0.0002889669257716,20.312
15.765999999999998,0.1582899857344059,0.4233826671558412,3.8212616965502617,25.506659399208193,up,down,down,down,-0.0730275077053254,0.010070767672019,0.0,-0.0002889669257716,20.328
15.797,0.1528152774016859,0.2496310023091833,3.825771634331039,25.625188415836867,up,down,down,down,-0.0730275077053254,0.010070767672019,0.0,-0.0002889669257716,20.359
15.812999999999999,0.1467493606792355,0.452147302858516,3.828007019152934,25.686418645064727,up,down,down,down,-0.0730275077053254,0.010070767672019,0.0,-0.0002889669257716,20.375
15.828,0.1423575232069128,0.3658166725268233,3.830024259267,25.743853879652878,up,down,down,down,-0.0730275077053254,0.010070767672019,0.0,-0.0002889669257716,20.39
15.843999999999998,0.1380774507733945,0.3405320348002521,3.83210660677609,25.805150926581216,up,down,down,down,-0.0730275077053254,0.010070767672019,0.0,-0.0002889669257716,20.406
15.875,0.1357076395516506,0.1494730309873791,3.836038081878296,25.92400716925537,up,down,down,down,-0.0730275077053254,0.010070767672019,0.0,-0.0002889669257716,20.437
15.890999999999998,0.1333491927801286,0.2204304309254718,3.838029404254197,25.985399709144424,up,down,down,down,-0.0730275077053254,0.010070767672019,0.0,-0.0002889669257716,20.453
15.905999999999999,0.131808772008016,0.17572222584616032,3.839867027475029,26.04298393238239,up,down,down,down,-0.0730275077053254,0.010070767672019,0.0,-0.0002889669257716,20.468
15.922,0.1293084503035845,0.2292976142322757,3.841794832970769,26.104437227265965,up,down,down,down,-0.0730275077053254,0.010070767672019,0.0,-0.0002889669257716,20.484
15.937999999999999,0.12687769083764688,0.2249499743264437,3.8436831898171455,26.16592105144826,up,down,down,down,-0.0730275077053254,0.010070767672019,0.0,-0.0002889669257716,20.5
15.968999999999998,0.1223665023737296,0.218549716218792,3.84723428101409,26.285130272246143,up,down,down,down,-0.0730275077053254,0.010070767672019,0.0,-0.0002889669257716,20.531
16.0,0.1205603349880347,0.131290971759993,3.850687453195365,26.4044480591264,up,down,down,down,-0.0730275077053254,0.010070767672019,0.0,-0.0002889669257716,20.562
16.016,0.11738755561042591,0.2713262188059002,3.8524299040374,26.466072997984252,up,down,down,down,-0.0730275077053254,0.010070767672019,0.0,-0.0002889669257716,20.578
16.031,0.1120381234743471,0.4296563167772283,3.853999535115456,26.523871218777902,up,down,down,down,-0.0730275077053254,0.010070767672019,0.0,-0.0002889669257716,20.593
16.047,0.10707655862553961,0.3831253107557593,3.855591320289503,26.585547945621148,up,down,down,down,-0.0730275077053254,0.010070767672019,0.0,-0.0002889669257716,20.609
16.078,0.1050773049082013,0.1375195631033386,3.8585675113764433,26.705117407511967,up,down,down,down,-0.0730275077053254,0.010070767672019,0.0,-0.0002889669257716,20.64
16.093999999999998,0.10250591823773711,0.2337391746093551,3.8600670448788574,26.766866483961998,up,down,down,down,-0.0730275077053254,0.010070767672019,0.0,-0.0002889669257716,20.656
16.108999999999998,0.0999758247853765,0.241700404529363,3.8614345964364514,26.82477774627187,up,down,down,down,-0.0730275077053254,0.010070767672019,0.0,-0.0002889669257716,20.671
16.125,0.0992881817399239,0.11600519804610471,3.8628675762059017,26.886572163653017,up,down,down,down,-0.0730275077053254,0.010070767672019,0.0,-0.0002889669257716,20.687
16.141,0.0971487725174941,0.2067405841072047,3.864277939557208,26.948389327779115,up,down,down,down,-0.0730275077053254,0.010070767672019,0.0,-0.0002889669257716,20.703
16.156,0.09515063571791581,0.2062366276772054,3.8655691236038936,27.006363180752828,up,down,down,down,-0.0730275077053254,0.010070767672019,0.0,-0.0002889669257716,20.718
16.172,0.0937450864118786,0.16087433933264061,3.86691915709818,27.068223086998447,up,down,down,down,-0.0730275077053254,0.010070767672019,0.0,-0.0002889669257716,20.734
16.188,0.09071575005254201,0.2623610301638808,3.868233711507143,27.130104309947278,up,down,down,down,-0.0730275077053254,0.010070767672019,0.0,-0.0002889669257716,20.75
16.203,0.0876722965648041,0.2759244068878467,3.869420560341693,27.18813671698615,up,down,down,down,-0.0730275077053254,0.010070767672019,0.0,-0.0002889669257716,20.765
16.218999999999998,0.08552595147540021,0.2071740757930853,3.870645014043262,27.250057241581228,up,down,down,down,-0.0730275077053254,0.010070767672019,0.0,-0.0002889669257716,20.781
16.233999999999998,0.08422749653492351,0.15959117040376508,3.87176710338826,27.30812533246196,up,down,down,down,-0.0730275077053254,0.010070767672019,0.0,-0.0002889669257716,20.796
16.25,0.0814755513647166,0.2450240808432397,3.872931595488705,27.370082922052987,up,down,down,down,-0.0730275077053254,0.010070767672019,0.0,-0.0002889669257716,20.812
16.266,0.0788140562088041,0.2393709549498761,3.87405278006654,27.43205879705742,up,down,down,down,-0.0730275077053254,0.010070767672019,0.0,-0.0002889669257716,20.828
16.281,0.0778024237031579,0.14046967474840122,3.8750763421508,27.490177265474053,up,down,down,down,-0.0730275077053254,0.010070767672019,0.0,-0.0002889669257716,20.843
16.313,0.0749247053166505,0.1629562072836819,3.877197711649612,27.614213650334865,up,down,down,down,-0.0730275077053254,0.010070767672019,0.0,-0.0002889669257716,20.875
16.328,0.07381032682187251,0.1473194073571908,3.8781621628755705,27.672378849393798,up,down,down,down,-0.0730275077053254,0.010070767672019,0.0,-0.0002889669257716,20.89
16.343999999999998,0.0727857771989856,0.1370618591357633,3.879173799424985,27.734437537092198,up,down,down,down,-0.0730275077053254,0.010070767672019,0.0,-0.0002889669257716,20.906
16.375,0.0718166049461465,0.1042911287646488,3.881102942550402,27.854721826592826,up,down,down,down,-0.0730275077053254,0.010070767672019,0.0,-0.0002889669257716,20.937
16.391,0.0698813978134732,0.1939779534974172,3.882075394289727,27.916827253287543,up,down,down,down,-0.0730275077053254,0.010070767672019,0.0,-0.0002889669257716,20.953
16.406,0.069028024770409,0.1299190439096038,3.8829661534440256,27.975065064895546,up,down,down,down,-0.0730275077053254,0.010070767672019,0.0,-0.0002889669257716,20.968
16.422,0.0682620001830097,0.1209040444177745,3.883903341360901,28.03720002085399,up,down,down,down,-0.0730275077053254,0.010070767672019,0.0,-0.0002889669257716,20.984
16.438,0.067703620915914,0.1079262118988159,3.88482993404694,28.099349887057247,up,down,down,down,-0.0730275077053254,0.010070767672019,0.0,-0.0002889669257716,21.0
16.453,0.0688743245463338,0.0,3.885703207122827,28.157628885616028,up,down,down,down,-0.0730275077053254,0.010070767672019,0.0,-0.0002889669257716,21.015
16.468999999999998,0.07000641860043,0.0,3.886653120785248,28.21980773623928,up,down,down,down,-0.0730275077053254,0.010070767672019,0.0,-0.0002889669257716,21.031
16.483999999999998,0.0680484656556376,0.2035577040248135,3.887537470902089,28.27811416567694,up,down,down,down,-0.0730275077053254,0.010070767672019,0.0,-0.0002889669257716,21.046
16.5,0.06619852792624831,0.1886486157921399,3.888450314567992,28.340322067960706,up,down,down,down,-0.0730275077053254,0.010070767672019,0.0,-0.0002889669257716,21.062
16.516,0.0647028298200974,0.16650863933976762,3.8893363931472096,28.402544361622425,up,down,down,down,-0.0730275077053254,0.010070767672019,0.0,-0.0002889669257716,21.078
16.547,0.0632159893550826,0.1209901033509602,3.8910069410465926,28.523139683302436,up,down,down,down,-0.0730275077053254,0.010070767672019,0.0,-0.0002889669257716,21.109
16.578,0.0614463346338584,0.130113143873852,3.8926270132705887,28.643786009594347,up,down,down,down,-0.0730275077053254,0.010070767672019,0.0,-0.0002889669257716,21.14
16.593999999999998,0.061418510495810597,0.0747665163333134,3.8934487997488736,28.706074616098498,up,down,down,down,-0.0730275077053254,0.010070767672019,0.0,-0.0002889669257716,21.156
16.608999999999998,0.060762100434182204,0.1167881784805517,3.894214092815768,28.764482087792736,up,down,down,down,-0.0730275077053254,0.010070767672019,0.0,-0.0002889669257716,21.171
16.625,0.060090146481705506,0.11502462973511171,3.895019778508343,28.826795958763334,up,down,down,down,-0.0730275077053254,0.010070767672019,0.0,-0.0002889669257716,21.187
16.656,0.0594627062914375,0.0932675138430018,3.896560653928494,28.947565455466105,up,down,down,down,-0.0730275077053254,0.010070767672019,0.0,-0.0002889669257716,21.218
16.672,0.059162501077354296,0.0917903335855263,3.897348523304692,29.009916728883972,up,down,down,down,-0.0730275077053254,0.010070767672019,0.0,-0.0002889669257716,21.234
16.688,0.056703469546396906,0.2267169783901791,3.89811431878693,29.072280431620698,up,down,down,down,-0.0730275077053254,0.010070767672019,0.0,-0.0002889669257716,21.25
16.703,0.054912348446880005,0.1924355810064513,3.898800375906799,29.130757291830907,up,down,down,down,-0.0730275077053254,0.010070767672019,0.0,-0.0002889669257716,21.265
16.718999999999998,0.0540888568473646,0.1244957326750395,3.8995112532664007,29.193143784864283,up,down,down,down,-0.0730275077053254,0.010070767672019,0.0,-0.0002889669257716,21.281
16.75,0.0532872548949664,0.0988856352020395,3.900863389200574,29.31404959182253,up,down,down,down,-0.0730275077053254,0.010070767672019,0.0,-0.0002889669257716,21.312
16.766,0.0534283207665832,0.0642108907292761,3.901555981523114,29.376468946788314,up,down,down,down,-0.0730275077053254,0.010070767672019,0.0,-0.0002889669257716,21.328
16.797,0.053547375718066295,0.0691870253994186,3.9029019110207934,29.497438044122756,up,down,down,down,-0.0730275077053254,0.010070767672019,0.0,-0.0002889669257716,21.359
16.813,0.050851060042994195,0.2415472373973511,3.9035759662241296,29.559889867140708,up,down,down,down,-0.0730275077053254,0.010070767672019,0.0,-0.0002889669257716,21.375
16.828,0.0493042908699176,0.1761454525770956,3.904176069840896,29.618448007411196,up,down,down,down,-0.0730275077053254,0.010070767672019,0.0,-0.0002889669257716,21.39
16.843999999999998,0.049014257958720595,0.09115456465514,3.904801485948773,29.680919827857508,up,down,down,down,-0.0730275077053254,0.010070767672019,0.0,-0.0002889669257716,21.406
16.858999999999998,0.0487518899630074,0.0905187074195393,3.905383670543106,29.7394962165312,up,down,down,down,-0.0730275077053254,0.010070767672019,0.0,-0.0002889669257716,21.421
16.875,0.050212882601416,0.018284532195201694,3.906014256440869,29.80198739994708,up,down,down,down,-0.0730275077053254,0.010070767672019,0.0,-0.0002889669257716,21.437
16.891,0.048350695103339295,0.1894142263351288,3.906641632779755,29.86448864706084,up,down,down,down,-0.0730275077053254,0.010070767672019,0.0,-0.0002889669257716,21.453
16.906,0.04646887966111091,0.1984818705205492,3.907201718075408,29.923092472192256,up,down,down,down,-0.0730275077053254,0.010070767672019,0.0,-0.0002889669257716,21.468
16.922,0.0466303737871917,0.0629341248252768,3.9077853798202415,29.985612368975428,up,down,down,down,-0.0730275077053254,0.010070767672019,0.0,-0.0002889669257716,21.484
16.938,0.045072595330395704,0.17038866125508262,3.908357871290431,30.04814151498431,up,down,down,down,-0.0730275077053254,0.010070767672019,0.0,-0.0002889669257716,21.5
16.953,0.0435022495400704,0.1777172270603436,3.908871121111879,30.106770732427325,up,down,down,down,-0.0730275077053254,0.010070767672019,0.0,-0.0002889669257716,21.515
16.968999999999998,0.0400489917959187,0.28885611671483213,3.9093783987598143,30.169316728586292,up,down,down,down,-0.0730275077053254,0.010070767672019,0.0,-0.0002889669257716,21.531
16.983999999999998,0.039635551023144006,0.1005902258903057,3.909824971315877,30.227960753861865,up,down,down,down,-0.0730275077053254,0.010070767672019,0.0,-0.0002889669257716,21.546
17.0,0.0387671178249408,0.1273045825930179,3.910291060383909,30.290521682115468,up,down,down,down,-0.0730275077053254,0.010070767672019,0.0,-0.0002889669257716,21.562
17.016,0.037886974483002905,0.1280364665764481,3.910743160839621,30.35308995588525,up,down,down,down,-0.0730275077053254,0.010070767672019,0.0,-0.0002889669257716,21.578
17.047,0.036868301436911,0.1058879285469981,3.9115896738185465,30.474336114822464,up,down,down,down,-0.0730275077053254,0.010070767672019,0.0,-0.0002889669257716,21.609
17.063,0.03501102420363,0.1891073347854004,3.9120035761409184,30.53692486082213,up,down,down,down,-0.0730275077053254,0.010070767672019,0.0,-0.0002889669257716,21.625
17.078,0.0334640556029945,0.1761587477476897,3.912366077724388,30.595607633226116,up,down,down,down,-0.0730275077053254,0.010070767672019,0.0,-0.0002889669257716,21.64
17.093999999999998,0.033999930724656,0.0395353126014759,3.9127446573322566,30.658208519106566,up,down,down,down,-0.0730275077053254,0.010070767672019,0.0,-0.0002889669257716,21.656
17.108999999999998,0.0344338856228033,0.04409718116217,3.9131068494397834,30.716902405407357,up,down,down,down,-0.0730275077053254,0.010070767672019,0.0,-0.0002889669257716,21.671
17.125,0.0354458101289231,0.0,3.913504754723044,30.779515298240668,up,down,down,down,-0.0730275077053254,0.010070767672019,0.0,-0.0002889669257716,21.687
17.141,0.0341779683082971,0.1522676214944593,3.9139006126677898,30.84213454117979,up,down,down,down,-0.0730275077053254,0.010070767672019,0.0,-0.0002889669257716,21.703
17.172,0.033286864719498,0.1017727847633577,3.914634123781888,30.963476829594768,up,down,down,down,-0.0730275077053254,0.010070767672019,0.0,-0.0002889669257716,21.734
17.188,0.0327694194367608,0.1053678378764056,3.915001441772386,31.026113914119197,up,down,down,down,-0.0730275077053254,0.010070767672019,0.0,-0.0002889669257716,21.75
17.218999999999998,0.0330885019394457,0.0627345237477488,3.9157100457558847,31.14748994217588,up,down,down,down,-0.0730275077053254,0.010070767672019,0.0,-0.0002889669257716,21.781
17.233999999999998,0.031275254986763104,0.1939106378841601,3.916041712417751,31.206228080362187,up,down,down,down,-0.0730275077053254,0.010070767672019,0.0,-0.0002889669257716,21.796
17.25,0.0293358618927327,0.1942395760822087,3.9163654690700342,31.268887337814093,up,down,down,down,-0.0730275077053254,0.010070767672019,0.0,-0.0002889669257716,21.812
17.281,0.027355395699757302,0.1369135139303416,3.9169319897648855,31.390303448426028,up,down,down,down,-0.0730275077053254,0.010070767672019,0.0,-0.0002889669257716,21.843
17.297,0.0264445455289211,0.1299556433825778,3.9172012570119623,31.452976514400248,up,down,down,down,-0.0730275077053254,0.010070767672019,0.0,-0.0002889669257716,21.859
17.313,0.0274912815020441,0.0,3.917471611345458,31.515653897347104,up,down,down,down,-0.0730275077053254,0.010070767672019,0.0,-0.0002889669257716,21.875
17.328,0.025349219196090803,0.2158316614355449,3.9177168535856137,31.574417810834085,up,down,down,down,-0.0730275077053254,0.010070767672019,0.0,-0.0002889669257716,21.89
17.343999999999998,0.0232695960621373,0.2030039535774328,3.917944671824927,31.637103103037358,up,down,down,down,-0.0730275077053254,0.010070767672019,0.0,-0.0002889669257716,21.906
17.358999999999998,0.0230050875684159,0.0906614072867509,3.918140670437076,31.69587374310433,up,down,down,down,-0.0730275077053254,0.010070767672019,0.0,-0.0002889669257716,21.921
17.375,0.0224932015213531,0.10502038564674421,3.9183435244670415,31.758565616663567,up,down,down,down,-0.0730275077053254,0.010070767672019,0.0,-0.0002889669257716,21.937
17.391,0.0229652657005362,0.043523496506378004,3.918546059922064,31.821260733338672,up,down,down,down,-0.0730275077053254,0.010070767672019,0.0,-0.0002889669257716,21.953
17.406,0.0233318308668194,0.0485898299531134,3.918742226631239,31.88004039548783,up,down,down,down,-0.0730275077053254,0.010070767672019,0.0,-0.0002889669257716,21.968
17.438,0.02365227063086,0.0630137650790563,3.9191717076896975,32.00544701843696,up,down,down,down,-0.0730275077053254,0.010070767672019,0.0,-0.0002889669257716,22.0
17.453,0.0245345947244447,0.014205901466348599,3.919382047664782,32.06423617160212,up,down,down,down,-0.0730275077053254,0.010070767672019,0.0,-0.0002889669257716,22.015
17.483999999999998,0.0237803130003494,0.09735917622452969,3.919818734936684,32.185743783732434,up,down,down,down,-0.0730275077053254,0.010070767672019,0.0,-0.0002889669257716,22.046
17.5,0.0230430206744428,0.1191082780744814,3.92003218932333,32.24846259112652,up,down,down,down,-0.0730275077053254,0.010070767672019,0.0,-0.0002889669257716,22.062
17.516,0.0234694551068467,0.0463753556800809,3.920243156846828,32.311184793895876,up,down,down,down,-0.0730275077053254,0.010070767672019,0.0,-0.0002889669257716,22.078
17.531,0.021180331246174598,0.2256357650834628,3.920426968729395,32.3699898198377,up,down,down,down,-0.0730275077053254,0.010070767672019,0.0,-0.0002889669257716,22.093
17.547,0.018885058163185302,0.2164820753921386,3.9205863595619177,32.432717926464036,up,down,down,down,-0.0730275077053254,0.010070767672019,0.0,-0.0002889669257716,22.109
17.578,0.0196087978438991,0.049681066391975504,3.920870820532195,32.55426051275549,up,down,down,down,-0.0730275077053254,0.010070767672019,0.0,-0.0002889669257716,22.14
17.593999999999998,0.020311329922391,0.029119252799576,3.921029049271573,32.61699571171391,up,down,down,down,-0.0730275077053254,0.010070767672019,0.0,-0.0002889669257716,22.156
17.608999999999998,0.019513249810577303,0.12623284849290362,3.92117667210449,32.67581225462423,up,down,down,down,-0.0730275077053254,0.010070767672019,0.0,-0.0002889669257716,22.171
17.625,0.0214961377223995,0.050902986783549306,3.9213436149220016,32.738552416920456,up,down,down,down,-0.0730275077053254,0.010070767672019,0.0,-0.0002889669257716,22.187
17.656,0.022906931665225602,0.027518025678676603,3.921719668699677,32.86011989781659,up,down,down,down,-0.0730275077053254,0.010070767672019,0.0,-0.0002889669257716,22.218
17.672,0.023331141524467303,0.0465143915027195,3.9219284410024415,32.92286908269421,up,down,down,down,-0.0730275077053254,0.010070767672019,0.0,-0.0002889669257716,22.234
17.703,0.021137038452119103,0.1438050261681746,3.922305503994247,33.044454708841656,up,down,down,down,-0.0730275077053254,0.010070767672019,0.0,-0.0002889669257716,22.265
17.718999999999998,0.0189858788106657,0.2074749852961779,3.9224653550495967,33.107212875714,up,down,down,down,-0.0730275077053254,0.010070767672019,0.0,-0.0002889669257716,22.281
17.733999999999998,0.021261541838517903,0.07868336081814911,3.9226161491893854,33.16605098699579,up,down,down,down,-0.0730275077053254,0.010070767672019,0.0,-0.0002889669257716,22.296
17.75,0.023445752885814602,0.0634856827507039,3.922812675264428,33.22881441759143,up,down,down,down,-0.0730275077053254,0.010070767672019,0.0,-0.0002889669257716,22.312
17.781,0.0223717766536529,0.1076719022911865,3.923210653174457,33.350427779182226,up,down,down,down,-0.0730275077053254,0.010070767672019,0.0,-0.0002889669257716,22.343
17.797,0.0224384937433813,0.0688576895973018,3.923408003054881,33.41320072843207,up,down,down,down,-0.0730275077053254,0.010070767672019,0.0,-0.0002889669257716,22.359
17.813,0.022486805211366603,0.0700080409562483,3.923606273163767,33.475976842641806,up,down,down,down,-0.0730275077053254,0.010070767672019,0.0,-0.0002889669257716,22.375
17.828,0.0228935499648964,0.0459111908033355,3.923795564312509,33.53483235642288,up,down,down,down,-0.0730275077053254,0.010070767672019,0.0,-0.0002889669257716,22.39
17.843999999999998,0.0234255812138285,0.0397755546470664,3.924004985079186,33.59761476081801,up,down,down,down,-0.0730275077053254,0.010070767672019,0.0,-0.0002889669257716,22.406
17.858999999999998,0.0238964867043715,0.0416338083357959,3.924208839073492,33.656476364499156,up,down,down,down,-0.0730275077053254,0.010070767672019,0.0,-0.0002889669257716,22.421
17.875,0.0217754572979575,0.2055918456061862,3.9244130823427583,33.719265339870496,up,down,down,down,-0.0730275077053254,0.010070767672019,0.0,-0.0002889669257716,22.437
17.891,0.0224820430314095,0.028865899364566898,3.9246060100626408,33.78205749260973,up,down,down,down,-0.0730275077053254,0.010070767672019,0.0,-0.0002889669257716,22.453
17.906,0.0228374885213255,0.0493311417109296,3.924794845034206,33.84092799902296,up,down,down,down,-0.0730275077053254,0.010070767672019,0.0,-0.0002889669257716,22.468
17.938,0.0217385353668041,0.1073697937841176,3.925185796850912,33.96652768929312,up,down,down,down,-0.0730275077053254,0.010070767672019,0.0,-0.0002889669257716,22.5
17.953,0.0202832033218917,0.17004964403281758,3.925349898375997,34.02540670700733,up,down,down,down,-0.0730275077053254,0.010070767672019,0.0,-0.0002889669257716,22.515
17.983999999999998,0.018920205811960703,0.1169951693160033,3.9256453574197385,34.14709713347216,up,down,down,down,-0.0730275077053254,0.010070767672019,0.0,-0.0002889669257716,22.546
18.0,0.018668996106244402,0.0887281143125954,3.925784938752332,34.20990857584154,up,down,down,down,-0.0730275077053254,0.010070767672019,0.0,-0.0002889669257716,22.562
18.016,0.0187578706597014,0.0674728481142577,3.9259232214037074,34.27272224112278,up,down,down,down,-0.0730275077053254,0.010070767672019,0.0,-0.0002889669257716,22.578
18.031,0.0188596893010045,0.0662395982851192,3.926054291588332,34.33161207247022,up,down,down,down,-0.0730275077053254,0.010070767672019,0.0,-0.0002889669257716,22.593
18.047,0.017963075318874498,0.1290658815884462,3.926187741422539,34.39443000873432,up,down,down,down,-0.0730275077053254,0.010070767672019,0.0,-0.0002889669257716,22.609
18.063,0.0179184976591776,0.0758136114363818,3.926313661723611,34.45725001995948,up,down,down,down,-0.0730275077053254,0.010070767672019,0.0,-0.0002889669257716,22.625
18.078,0.0174754090065628,0.102566751212976,3.926428054508524,34.51614558283122,up,down,down,down,-0.0730275077053254,0.010070767672019,0.0,-0.0002889669257716,22.64
18.093999999999998,0.0169549515117512,0.10555610113105801,3.9265423651099183,34.57896934618816,up,down,down,down,-0.0730275077053254,0.010070767672019,0.0,-0.0002889669257716,22.656
18.108999999999998,0.016238747425852202,0.12077444676525739,3.92664025633687,34.63786821584901,up,down,down,down,-0.0730275077053254,0.010070767672019,0.0,-0.0002889669257716,22.671
18.141,0.015542135037900702,0.0947966448288094,3.926826485890785,34.76352368372466,up,down,down,down,-0.0730275077053254,0.010070767672019,0.0,-0.0002889669257716,22.703
18.156,0.0151226155886997,0.1009954709853865,3.926905410005405,34.82242667294388,up,down,down,down,-0.0730275077053254,0.010070767672019,0.0,-0.0002889669257716,22.718
18.188,0.0157595971642247,0.053121833470171,3.9270772608439466,34.94809039567747,up,down,down,down,-0.0730275077053254,0.010070767672019,0.0,-0.0002889669257716,22.75
18.203,0.0167456271990093,0.0,3.9271699885115914,35.00699725004764,up,down,down,down,-0.0730275077053254,0.010070767672019,0.0,-0.0002889669257716,22.765
18.218999999999998,0.0174495757311116,0.0290307244489258,3.927282417852279,35.069832869298544,up,down,down,down,-0.0730275077053254,0.010070767672019,0.0,-0.0002889669257716,22.781
18.233999999999998,0.0179103940538477,0.0423062861895836,3.927396556110586,35.128742961603265,up,down,down,down,-0.0730275077053254,0.010070767672019,0.0,-0.0002889669257716,22.796
18.25,0.0183749607859605,0.0439920869482778,3.927525706666552,35.19158233970549,up,down,down,down,-0.0730275077053254,0.010070767672019,0.0,-0.0002889669257716,22.812
18.281,0.0185619197012218,0.0669965749549634,3.927786034516271,35.31333967169382,up,down,down,down,-0.0730275077053254,0.010070767672019,0.0,-0.0002889669257716,22.843
18.297,0.0187195388900959,0.063176308400693,3.927923153902249,35.37618534520117,up,down,down,down,-0.0730275077053254,0.010070767672019,0.0,-0.0002889669257716,22.859
18.313,0.0183402810657255,0.0967311217284796,3.928058500179143,35.43903319843382,up,down,down,down,-0.0730275077053254,0.010070767672019,0.0,-0.0002889669257716,22.875
18.328,0.0189401422376888,0.0330367629077728,3.9281870418388394,35.497955039998956,up,down,down,down,-0.0730275077053254,0.010070767672019,0.0,-0.0002889669257716,22.89
18.343999999999998,0.0195871235775103,0.0325911739664741,3.928334127682608,35.56080720935512,up,down,down,down,-0.0730275077053254,0.010070767672019,0.0,-0.0002889669257716,22.906
18.375,0.018930397235067002,0.09421222842930091,3.92861895545737,35.682589982143796,up,down,down,down,-0.0730275077053254,0.010070767672019,0.0,-0.0002889669257716,22.937
18.406,0.0183715637941598,0.091054392895882,3.92888494205549,35.80438129255524,up,down,down,down,-0.0730275077053254,0.010070767672019,0.0,-0.0002889669257716,22.968
18.422,0.017787591207515,0.1095257943706198,3.929013083012751,35.86724447675579,up,down,down,down,-0.0730275077053254,0.010070767672019,0.0,-0.0002889669257716,22.984
18.438,0.0167272231271073,0.13930051273081828,3.929128069244676,35.93010960597385,up,down,down,down,-0.0730275077053254,0.010070767672019,0.0,-0.0002889669257716,23.0
18.453,0.0156757328409006,0.14312686011909992,3.9292200298993554,35.98904721671743,up,down,down,down,-0.0730275077053254,0.010070767672019,0.0,-0.0002889669257716,23.015
18.483999999999998,0.016955024365872103,0.0317600391578553,3.929413612838228,36.11085603817986,up,down,down,down,-0.0730275077053254,0.010070767672019,0.0,-0.0002889669257716,23.046
18.5,0.0181909365134877,0.0,3.92953364824251,36.173727616268515,up,down,down,down,-0.0730275077053254,0.010070767672019,0.0,-0.0002889669257716,23.062
18.516,0.019614289658353,0.015932063848765804,3.929674957769132,36.2366012851166,up,down,down,down,-0.0730275077053254,0.010070767672019,0.0,-0.0002889669257716,23.078
18.531,0.0193012233637261,0.093898594013785,3.929815762601718,36.295547465519384,up,down,down,down,-0.0730275077053254,0.010070767672019,0.0,-0.0002889669257716,23.093
18.547,0.0196411409227294,0.051782660267620906,3.929966169233257,36.35842572097407,up,down,down,down,-0.0730275077053254,0.010070767672019,0.0,-0.0002889669257716,23.109
18.563,0.0199614337355703,0.0530092069027632,3.930121857547771,36.42130642518831,up,down,down,down,-0.0730275077053254,0.010070767672019,0.0,-0.0002889669257716,23.125
18.578,0.020013679592498203,0.069544450576801,3.930270609382652,36.48025936869029,up,down,down,down,-0.0730275077053254,0.010070767672019,0.0,-0.0002889669257716,23.14
18.593999999999998,0.0199759242243383,0.0753872182153171,3.930429393930434,36.54314496871679,up,down,down,down,-0.0730275077053254,0.010070767672019,0.0,-0.0002889669257716,23.156
18.625,0.0198891492335064,0.0758267009579698,3.9307351087711977,36.664993018508675,up,down,down,down,-0.0730275077053254,0.010070767672019,0.0,-0.0002889669257716,23.187
18.641,0.0171870126611483,0.2419110434777234,3.9308705857836026,36.72788586406511,up,down,down,down,-0.0730275077053254,0.010070767672019,0.0,-0.0002889669257716,23.203
18.656,0.015978301895499203,0.1536082254152624,3.930968264127697,36.78684965543945,up,down,down,down,-0.0730275077053254,0.010070767672019,0.0,-0.0002889669257716,23.218
18.688,0.014145382366637,0.1303062429822697,3.9311279785103865,36.91264319532166,up,down,down,down,-0.0730275077053254,0.010070767672019,0.0,-0.0002889669257716,23.25
18.703,0.015529141337408202,0.019223090346088004,3.931199475923087,36.97161065122991,up,down,down,down,-0.0730275077053254,0.010070767672019,0.0,-0.0002889669257716,23.265
18.733999999999998,0.0168954871884813,0.028951835090062703,3.931389863867405,37.093480785996654,up,down,down,down,-0.0730275077053254,0.010070767672019,0.0,-0.0002889669257716,23.296
18.75,0.0157086328380485,0.1472059046073641,3.9314895645448655,37.15638382142396,up,down,down,down,-0.0730275077053254,0.010070767672019,0.0,-0.0002889669257716,23.312
18.766,0.015797964333067502,0.0674442892666376,3.931580485039482,37.219288381820625,up,down,down,down,-0.0730275077053254,0.010070767672019,0.0,-0.0002889669257716,23.328
18.781,0.0188594552890818,0.1310718893622847,3.931689354171568,37.27826290561471,up,down,down,down,-0.0730275077053254,0.010070767672019,0.0,-0.0002889669257716,23.343
18.813,0.017676510649684,0.10999452768650761,3.931951665061084,37.404081161922434,up,down,down,down,-0.0730275077053254,0.010070767672019,0.0,-0.0002889669257716,23.375
18.828,0.0166274103016927,0.1429675309047445,3.932057882953139,37.46306123353255,up,down,down,down,-0.0730275077053254,0.010070767672019,0.0,-0.0002889669257716,23.39
18.843999999999998,0.0157264785133523,0.1293357444766057,3.932155581780907,37.52597494125041,up,down,down,down,-0.0730275077053254,0.010070767672019,0.0,-0.0002889669257716,23.406
18.858999999999998,0.01451294750521,0.1539295749148059,3.9322313159609656,37.58495784298348,up,down,down,down,-0.0730275077053254,0.010070767672019,0.0,-0.0002889669257716,23.421
