timestamps,aAcc,aJerk,aVelocity,aHeight,jerks_direction,accelerations_direction,velocities_direction,heights_direction,start_jerks,start_accelerations,start_velocities,start_heights,actual_timestamps
0.0,0.0,0.0,0.0,0.0,down,down,down,down,-0.0350309043797151,0.0097719843819152,0.000121587204685,9.889935572319691e-05,2.969
0.016000000000000014,0.0,0.0204747068793949,0.0,0.0,down,down,down,down,-0.0350309043797151,0.0097719843819152,0.000121587204685,9.889935572319691e-05,2.985
0.04700000000000015,0.0,0.0,0.0,0.0,down,down,down,down,-0.0350309043797151,0.0097719843819152,0.000121587204685,9.889935572319691e-05,3.016
0.06300000000000017,0.0,0.029833377446428,0.0,0.0,down,down,down,down,-0.0350309043797151,0.0097719843819152,0.000121587204685,9.889935572319691e-05,3.032
0.07800000000000029,0.0,0.06576586351390609,0.0,0.0,down,down,down,down,-0.0350309043797151,0.0097719843819152,0.000121587204685,9.889935572319691e-05,3.047
0.0940000000000003,0.0,0.057195477179431,0.0,0.0,down,down,down,down,-0.0350309043797151,0.0097719843819152,0.000121587204685,9.889935572319691e-05,3.063
0.11000000000000032,0.0,0.012571226594024001,0.0,0.0,down,down,down,down,-0.0350309043797151,0.0097719843819152,0.000121587204685,9.889935572319691e-05,3.079
0.125,0.0,0.06782363585529219,0.0,0.0,down,down,down,down,-0.0350309043797151,0.0097719843819152,0.000121587204685,9.889935572319691e-05,3.094
0.14100000000000001,0.0,0.0642441562921228,0.0,0.0,down,down,down,down,-0.0350309043797151,0.0097719843819152,0.000121587204685,9.889935572319691e-05,3.11
0.15600000000000014,0.0,0.1293012382957905,0.0,0.0,down,down,down,down,-0.0350309043797151,0.0097719843819152,0.000121587204685,9.889935572319691e-05,3.125
0.17200000000000015,0.0,0.0975863468495177,0.0,0.0,down,down,down,down,-0.0350309043797151,0.0097719843819152,0.000121587204685,9.889935572319691e-05,3.141
0.18800000000000017,0.0,0.0,0.0,0.0,down,down,down,down,-0.0350309043797151,0.0097719843819152,0.000121587204685,9.889935572319691e-05,3.157
0.2190000000000003,0.0,0.0352901303943754,0.0,0.0,down,down,down,down,-0.0350309043797151,0.0097719843819152,0.000121587204685,9.889935572319691e-05,3.188
0.23500000000000032,0.0,0.031795242725882,0.0,0.0,down,down,down,down,-0.0350309043797151,0.0097719843819152,0.000121587204685,9.889935572319691e-05,3.204
0.25,0.0,0.0331673828991803,0.0,0.0,down,down,down,down,-0.0350309043797151,0.0097719843819152,0.000121587204685,9.889935572319691e-05,3.219
0.266,0.0,0.0334527974587965,0.0,0.0,down,down,down,down,-0.0350309043797151,0.0097719843819152,0.000121587204685,9.889935572319691e-05,3.235
0.28100000000000014,0.0,0.0819070199877816,0.0,0.0,down,down,down,down,-0.0350309043797151,0.0097719843819152,0.000121587204685,9.889935572319691e-05,3.25
0.31300000000000017,0.0,0.0,0.0,0.0,down,down,down,down,-0.0350309043797151,0.0097719843819152,0.000121587204685,9.889935572319691e-05,3.282
0.3280000000000003,0.0,0.0,0.0,0.0,down,down,down,down,-0.0350309043797151,0.0097719843819152,0.000121587204685,9.889935572319691e-05,3.297
0.3440000000000003,0.0,0.0359174476045468,0.0,0.0,down,down,down,down,-0.0350309043797151,0.0097719843819152,0.000121587204685,9.889935572319691e-05,3.313
0.3600000000000003,0.0,0.034267436010190604,0.0,0.0,down,down,down,down,-0.0350309043797151,0.0097719843819152,0.000121587204685,9.889935572319691e-05,3.329
0.375,0.0,0.0313515691409811,0.0,0.0,down,down,down,down,-0.0350309043797151,0.0097719843819152,0.000121587204685,9.889935572319691e-05,3.344
0.391,0.0,0.0602319131867004,0.0,0.0,down,down,down,down,-0.0350309043797151,0.0097719843819152,0.000121587204685,9.889935572319691e-05,3.36
0.42200000000000015,0.0,0.0473162667490492,0.0,0.0,down,down,down,down,-0.0350309043797151,0.0097719843819152,0.000121587204685,9.889935572319691e-05,3.391
0.43800000000000017,0.0,0.0520010364425252,0.0,0.0,down,down,down,down,-0.0350309043797151,0.0097719843819152,0.000121587204685,9.889935572319691e-05,3.407
0.4530000000000003,0.0,0.0161423009398464,0.0,0.0,down,down,down,down,-0.0350309043797151,0.0097719843819152,0.000121587204685,9.889935572319691e-05,3.422
0.4690000000000003,0.0,0.11367312601572,0.0,0.0,down,down,down,down,-0.0350309043797151,0.0097719843819152,0.000121587204685,9.889935572319691e-05,3.438
0.4850000000000003,0.0,0.0193278566138348,0.0,0.0,down,down,down,down,-0.0350309043797151,0.0097719843819152,0.000121587204685,9.889935572319691e-05,3.454
0.5,0.0,0.0641094314011321,0.0,0.0,down,down,down,down,-0.0350309043797151,0.0097719843819152,0.000121587204685,9.889935572319691e-05,3.469
0.516,0.0,0.0533580535988649,0.0,0.0,down,down,down,down,-0.0350309043797151,0.0097719843819152,0.000121587204685,9.889935572319691e-05,3.485
0.5470000000000002,0.0,0.0642714890978117,0.0,0.0,down,down,down,down,-0.0350309043797151,0.0097719843819152,0.000121587204685,9.889935572319691e-05,3.516
0.5630000000000002,0.0,0.10700093676972691,0.0,0.0,down,down,down,down,-0.0350309043797151,0.0097719843819152,0.000121587204685,9.889935572319691e-05,3.532
0.5780000000000003,0.0,0.0914656510049148,0.0,0.0,down,down,down,down,-0.0350309043797151,0.0097719843819152,0.000121587204685,9.889935572319691e-05,3.547
0.5940000000000003,0.0,0.0566675495612541,0.0,0.0,down,down,down,down,-0.0350309043797151,0.0097719843819152,0.000121587204685,9.889935572319691e-05,3.563
0.6100000000000003,0.0,0.055623470196178394,0.0,0.0,down,down,down,down,-0.0350309043797151,0.0097719843819152,0.000121587204685,9.889935572319691e-05,3.579
0.641,0.0,0.0474497153864229,0.0,0.0,down,down,down,down,-0.0350309043797151,0.0097719843819152,0.000121587204685,9.889935572319691e-05,3.61
0.6560000000000001,0.0,0.0489295929858955,0.0,0.0,down,down,down,down,-0.0350309043797151,0.0097719843819152,0.000121587204685,9.889935572319691e-05,3.625
0.6720000000000002,0.0,0.0245386327642897,0.0,0.0,down,down,down,down,-0.0350309043797151,0.0097719843819152,0.000121587204685,9.889935572319691e-05,3.641
0.6880000000000002,0.0,0.025672237996196404,0.0,0.0,down,down,down,down,-0.0350309043797151,0.0097719843819152,0.000121587204685,9.889935572319691e-05,3.657
0.7030000000000003,0.0,0.010229590495333701,0.0,0.0,down,down,down,down,-0.0350309043797151,0.0097719843819152,0.000121587204685,9.889935572319691e-05,3.672
0.7190000000000003,0.0,0.03578979675834829,0.0,0.0,down,down,down,down,-0.0350309043797151,0.0097719843819152,0.000121587204685,9.889935572319691e-05,3.688
0.75,0.0,0.015637944592404602,0.0,0.0,down,down,down,down,-0.0350309043797151,0.0097719843819152,0.000121587204685,9.889935572319691e-05,3.719
0.766,0.0,0.0279403792657755,0.0,0.0,down,down,down,down,-0.0350309043797151,0.0097719843819152,0.000121587204685,9.889935572319691e-05,3.735
0.7810000000000001,0.0,0.027482147907895,0.0,0.0,down,down,down,down,-0.0350309043797151,0.0097719843819152,0.000121587204685,9.889935572319691e-05,3.75
0.7970000000000002,0.0,0.0400341861524902,0.0,0.0,down,down,down,down,-0.0350309043797151,0.0097719843819152,0.000121587204685,9.889935572319691e-05,3.766
0.8130000000000002,0.0,0.046929252824914995,0.0,0.0,down,down,down,down,-0.0350309043797151,0.0097719843819152,0.000121587204685,9.889935572319691e-05,3.782
0.8280000000000003,0.0,0.0601398675872393,0.0,0.0,down,down,down,down,-0.0350309043797151,0.0097719843819152,0.000121587204685,9.889935572319691e-05,3.797
0.8440000000000003,0.0,0.0582541602558298,0.0,0.0,down,down,down,down,-0.0350309043797151,0.0097719843819152,0.000121587204685,9.889935572319691e-05,3.813
0.8600000000000003,-0.0100401721235864,0.0171953466939907,0.0,0.0,down,down,down,down,-0.0350309043797151,0.0097719843819152,0.000121587204685,9.889935572319691e-05,3.829
0.875,-0.0112732591102168,0.047174894728978796,0.0,0.0,down,down,down,down,-0.0350309043797151,0.0097719843819152,0.000121587204685,9.889935572319691e-05,3.844
0.9060000000000001,-0.0126920145664345,0.010735400659566095,0.0,0.0,down,down,down,down,-0.0350309043797151,0.0097719843819152,0.000121587204685,9.889935572319691e-05,3.875
0.9220000000000002,-0.0130186866526268,0.0146138989926962,0.0,0.0,down,down,down,down,-0.0350309043797151,0.0097719843819152,0.000121587204685,9.889935572319691e-05,3.891
0.9380000000000002,-0.0133822428576858,0.0123086415635269,0.0,0.0,down,down,down,down,-0.0350309043797151,0.0097719843819152,0.000121587204685,9.889935572319691e-05,3.907
0.9530000000000003,-0.01384844311268,0.0,0.0,0.0,down,down,down,down,-0.0350309043797151,0.0097719843819152,0.000121587204685,9.889935572319691e-05,3.922
0.9690000000000003,-0.0132862642358055,0.07016708418437739,0.0,0.0,down,down,down,down,-0.0350309043797151,0.0097719843819152,0.000121587204685,9.889935572319691e-05,3.938
0.9850000000000003,-0.012451420260925,0.0872086528097418,0.0,0.0,down,down,down,down,-0.0350309043797151,0.0097719843819152,0.000121587204685,9.889935572319691e-05,3.954
1.0,-0.0116353330887974,0.089436715854894,0.0,0.0,down,down,down,down,-0.0350309043797151,0.0097719843819152,0.000121587204685,9.889935572319691e-05,3.969
1.016,-0.011215327481542199,0.0612812548331645,0.0,0.0,down,down,down,down,-0.0350309043797151,0.0097719843819152,0.000121587204685,9.889935572319691e-05,3.985
1.0310000000000001,-0.0110501672048481,0.046041589492655605,0.0,0.0,down,down,down,down,-0.0350309043797151,0.0097719843819152,0.000121587204685,9.889935572319691e-05,4.0
1.0470000000000002,-0.0108887822691555,0.0451174628604969,0.0,0.0,down,down,down,down,-0.0350309043797151,0.0097719843819152,0.000121587204685,9.889935572319691e-05,4.016
1.0779999999999998,-0.011640732276973001,0.010774452514635203,0.0,0.0,down,down,down,down,-0.0350309043797151,0.0097719843819152,0.000121587204685,9.889935572319691e-05,4.047
1.1099999999999999,-0.011137937752419301,0.0507432332720184,0.0,0.0,down,down,down,down,-0.0350309043797151,0.0097719843819152,0.000121587204685,9.889935572319691e-05,4.079
1.1250000000000004,0.0,0.137318779845919,0.0,0.0,down,down,down,down,-0.0350309043797151,0.0097719843819152,0.000121587204685,9.889935572319691e-05,4.094
1.1410000000000005,0.0,0.1525672399317192,0.0,0.0,down,down,down,down,-0.0350309043797151,0.0097719843819152,0.000121587204685,9.889935572319691e-05,4.11
1.1560000000000001,0.0,0.1554138568301069,0.0,0.0,down,down,down,down,-0.0350309043797151,0.0097719843819152,0.000121587204685,9.889935572319691e-05,4.125
1.1720000000000002,0.0,0.0,0.0,0.0,down,down,down,down,-0.0350309043797151,0.0097719843819152,0.000121587204685,9.889935572319691e-05,4.141
1.1880000000000002,0.0,0.0418600977103303,0.0,0.0,down,down,down,down,-0.0350309043797151,0.0097719843819152,0.000121587204685,9.889935572319691e-05,4.157
1.2189999999999999,0.0,0.037117200218770505,0.0,0.0,down,down,down,down,-0.0350309043797151,0.0097719843819152,0.000121587204685,9.889935572319691e-05,4.188
1.2349999999999999,0.0,0.0791136300540698,0.0,0.0,down,down,down,down,-0.0350309043797151,0.0097719843819152,0.000121587204685,9.889935572319691e-05,4.204
1.2500000000000004,0.0,0.07226478902235,0.0,0.0,down,down,down,down,-0.0350309043797151,0.0097719843819152,0.000121587204685,9.889935572319691e-05,4.219
1.2660000000000005,0.0,0.06905862773730309,0.0,0.0,down,down,down,down,-0.0350309043797151,0.0097719843819152,0.000121587204685,9.889935572319691e-05,4.235
1.2810000000000001,0.0,0.09875152285315611,0.0,0.0,down,down,down,down,-0.0350309043797151,0.0097719843819152,0.000121587204685,9.889935572319691e-05,4.25
1.2970000000000002,0.0,0.044983843230247705,0.0,0.0,down,down,down,down,-0.0350309043797151,0.0097719843819152,0.000121587204685,9.889935572319691e-05,4.266
1.3130000000000002,0.0,0.046196887116919605,0.0,0.0,down,down,down,down,-0.0350309043797151,0.0097719843819152,0.000121587204685,9.889935572319691e-05,4.282
1.3279999999999998,0.0,0.028881606953254,0.0,0.0,down,down,down,down,-0.0350309043797151,0.0097719843819152,0.000121587204685,9.889935572319691e-05,4.297
1.3599999999999999,0.0,0.020418297830657003,0.0,0.0,down,down,down,down,-0.0350309043797151,0.0097719843819152,0.000121587204685,9.889935572319691e-05,4.329
1.3750000000000004,0.0,0.0,0.0,0.0,down,down,down,down,-0.0350309043797151,0.0097719843819152,0.000121587204685,9.889935572319691e-05,4.344
1.3910000000000005,0.0,0.021649615817173402,0.0,0.0,down,down,down,down,-0.0350309043797151,0.0097719843819152,0.000121587204685,9.889935572319691e-05,4.36
1.4060000000000001,0.0,0.0763242121960197,0.0,0.0,down,down,down,down,-0.0350309043797151,0.0097719843819152,0.000121587204685,9.889935572319691e-05,4.375
1.4380000000000002,-0.0105348498563947,0.0161084291042808,0.0,0.0,down,down,down,down,-0.0350309043797151,0.0097719843819152,0.000121587204685,9.889935572319691e-05,4.407
1.4529999999999998,-0.0110670592804388,0.0,0.0,0.0,down,down,down,down,-0.0350309043797151,0.0097719843819152,0.000121587204685,9.889935572319691e-05,4.422
1.4689999999999999,-0.0120363256685553,0.025548244877563096,0.0,0.0,down,down,down,down,-0.0350309043797151,0.0097719843819152,0.000121587204685,9.889935572319691e-05,4.438
1.4849999999999999,-0.0129890755659402,0.024515964206842197,0.0,0.0,down,down,down,down,-0.0350309043797151,0.0097719843819152,0.000121587204685,9.889935572319691e-05,4.454
1.5000000000000004,-0.014662173649403601,0.07650896785117309,0.0,0.0,down,down,down,down,-0.0350309043797151,0.0097719843819152,0.000121587204685,9.889935572319691e-05,4.469
1.5160000000000005,-0.0164990658180705,0.07977485616196558,0.0,0.0,down,down,down,down,-0.0350309043797151,0.0097719843819152,0.000121587204685,9.889935572319691e-05,4.485
1.5310000000000001,-0.0183034651661041,0.0852623854891987,0.0,0.0,down,down,down,down,-0.0350309043797151,0.0097719843819152,0.000121587204685,9.889935572319691e-05,4.5
1.5630000000000002,-0.0215589966094159,0.0667044532237788,0.0,0.0,down,down,down,down,-0.0350309043797151,0.0097719843819152,0.000121587204685,9.889935572319691e-05,4.532
1.5779999999999998,-0.0235691503774936,0.0989793468254658,0.0,0.0,down,down,down,down,-0.0350309043797151,0.0097719843819152,0.000121587204685,9.889935572319691e-05,4.547
1.5939999999999999,-0.025492452510867597,0.0851754789561594,0.0,0.0,down,down,down,down,-0.0350309043797151,0.0097719843819152,0.000121587204685,9.889935572319691e-05,4.563
1.6099999999999999,-0.028137962679490702,0.1303134811592305,0.0,0.0,down,down,down,down,-0.0350309043797151,0.0097719843819152,0.000121587204685,9.889935572319691e-05,4.579
1.6250000000000004,-0.0306397410195983,0.1317543182941161,0.0,0.0,down,down,down,down,-0.0350309043797151,0.0097719843819152,0.000121587204685,9.889935572319691e-05,4.594
1.6410000000000005,-0.0330682432866743,0.1167504873125364,0.0,0.0,down,down,down,down,-0.0350309043797151,0.0097719843819152,0.000121587204685,9.889935572319691e-05,4.61
1.6560000000000001,-0.0367909572680317,0.2131500277107817,0.0,0.0,down,down,down,down,-0.0350309043797151,0.0097719843819152,0.000121587204685,9.889935572319691e-05,4.625
1.6880000000000002,-0.0403434592954407,0.0759847839768153,0.0,0.0,down,down,down,down,-0.0350309043797151,0.0097719843819152,0.000121587204685,9.889935572319691e-05,4.657
1.7029999999999998,-0.0457169628670292,0.3232026670595259,0.0,0.0,down,down,down,down,-0.0350309043797151,0.0097719843819152,0.000121587204685,9.889935572319691e-05,4.672
1.7189999999999999,-0.0504545543668885,0.2610685643614912,0.0,0.0,down,down,down,down,-0.0350309043797151,0.0097719843819152,0.000121587204685,9.889935572319691e-05,4.688
1.7349999999999999,-0.057795128402087496,0.4237549728202254,0.0,0.0,down,down,down,down,-0.0350309043797151,0.0097719843819152,0.000121587204685,9.889935572319691e-05,4.704
1.7500000000000004,-0.0650120428442217,0.44609672509587506,0.0,0.0,down,down,down,down,-0.0350309043797151,0.0097719843819152,0.000121587204685,9.889935572319691e-05,4.719
1.7660000000000005,-0.0712495196439578,0.35481139560379615,0.0,0.0,down,down,down,down,-0.0350309043797151,0.0097719843819152,0.000121587204685,9.889935572319691e-05,4.735
1.7810000000000001,-0.0783422915342892,0.43782055497571537,0.0,0.0,down,down,down,down,-0.0350309043797151,0.0097719843819152,0.000121587204685,9.889935572319691e-05,4.75
1.8130000000000002,-0.08524564144718011,0.180698780398128,0.0,0.0,down,down,down,down,-0.0350309043797151,0.0097719843819152,0.000121587204685,9.889935572319691e-05,4.782
1.8279999999999998,-0.0903485386737087,0.30516224405553005,0.0,0.0,down,down,down,down,-0.0350309043797151,0.0097719843819152,0.000121587204685,9.889935572319691e-05,4.797
1.8439999999999999,-0.09703527412169051,0.3828900611191481,0.0,0.0,down,down,down,down,-0.0350309043797151,0.0097719843819152,0.000121587204685,9.889935572319691e-05,4.813
1.8599999999999999,-0.1035600564016795,0.3727679881195959,0.0,0.0,down,down,down,down,-0.0350309043797151,0.0097719843819152,0.000121587204685,9.889935572319691e-05,4.829
1.8750000000000004,-0.11210011663144731,0.5343064442714521,0.010204149551456699,0.0,down,down,down,down,-0.0350309043797151,0.0097719843819152,0.000121587204685,9.889935572319691e-05,4.844
1.9060000000000001,-0.12061447010158931,0.23962565917325393,0.0135082941299794,0.0,down,down,down,down,-0.0350309043797151,0.0097719843819152,0.000121587204685,9.889935572319691e-05,4.875
1.9220000000000002,-0.12892935981717799,0.48464970284457765,0.015348293019218799,0.0,down,down,down,down,-0.0350309043797151,0.0097719843819152,0.000121587204685,9.889935572319691e-05,4.891
1.9380000000000002,-0.13683313165395092,0.45895483541859267,0.0173180412008772,0.0,down,down,down,down,-0.0350309043797151,0.0097719843819152,0.000121587204685,9.889935572319691e-05,4.907
1.9529999999999998,-0.1452499593365032,0.5260909411237803,0.019287084617576902,0.0,down,down,down,down,-0.0350309043797151,0.0097719843819152,0.000121587204685,9.889935572319691e-05,4.922
1.9689999999999999,-0.1534188007434237,0.4755216835528179,0.0215200829481057,0.0,down,down,down,down,-0.0350309043797151,0.0097719843819152,0.000121587204685,9.889935572319691e-05,4.938
1.9849999999999999,-0.1618477163942734,0.49177632379839,0.0238858633350966,0.0,down,down,down,down,-0.0350309043797151,0.0097719843819152,0.000121587204685,9.889935572319691e-05,4.954
2.0000000000000004,-0.1720668131370341,0.6462422118043036,0.0262436425408528,0.0,down,down,down,down,-0.0350309043797151,0.0097719843819152,0.000121587204685,9.889935572319691e-05,4.969
2.0160000000000005,-0.1820129782924978,0.5866044178367693,0.0289199291221784,0.0,down,down,down,down,-0.0350309043797151,0.0097719843819152,0.000121587204685,9.889935572319691e-05,4.985
2.031,-0.1923894730467895,0.6567354125730795,0.031581367741494296,0.0,down,down,down,down,-0.0350309043797151,0.0097719843819152,0.000121587204685,9.889935572319691e-05,5.0
2.063,-0.2015931599060127,0.2525843099710073,0.0375723863685178,0.0,down,down,down,down,-0.0350309043797151,0.0097719843819152,0.000121587204685,9.889935572319691e-05,5.032
2.078,-0.2112695021353267,0.6100585775745664,0.0405222765680991,0.0,down,down,down,down,-0.0350309043797151,0.0097719843819152,0.000121587204685,9.889935572319691e-05,5.047
2.11,-0.2227161991495395,0.3226783773144364,0.047153344288435595,0.0,down,down,down,down,-0.0350309043797151,0.0097719843819152,0.000121587204685,9.889935572319691e-05,5.079
2.1250000000000004,-0.233876581024976,0.7089945539826862,0.0504312103740159,0.0,down,down,down,down,-0.0350309043797151,0.0097719843819152,0.000121587204685,9.889935572319691e-05,5.094
2.1410000000000005,-0.2434755427533072,0.5649042036409837,0.054093675614131496,0.0,down,down,down,down,-0.0350309043797151,0.0097719843819152,0.000121587204685,9.889935572319691e-05,5.11
2.156,-0.25403792919789386,0.6691281919260823,0.057678446888036694,0.0,down,down,down,down,-0.0350309043797151,0.0097719843819152,0.000121587204685,9.889935572319691e-05,5.125
2.172,-0.2643843596701404,0.6116210001356894,0.061669473448870395,0.010204257342448897,down,down,down,down,-0.0350309043797151,0.0097719843819152,0.000121587204685,9.889935572319691e-05,5.141
2.188,-0.2748559384524113,0.6194427695122153,0.0658270440837402,0.011222284087434796,down,down,down,down,-0.0350309043797151,0.0097719843819152,0.000121587204685,9.889935572319691e-05,5.157
2.203,-0.2846450229676732,0.6175747299710953,0.06987672152866199,0.012238238521457497,down,down,down,down,-0.0350309043797151,0.0097719843819152,0.000121587204685,9.889935572319691e-05,5.172
2.235,-0.2942154332310983,0.26404441635231857,0.078825785327621,0.014613587840608096,down,down,down,down,-0.0350309043797151,0.0097719843819152,0.000121587204685,9.889935572319691e-05,5.204
2.2500000000000004,-0.3043641020808855,0.641547018939403,0.08316855207673239,0.015826721563070596,down,down,down,down,-0.0350309043797151,0.0097719843819152,0.000121587204685,9.889935572319691e-05,5.219
2.2660000000000005,-0.31485423122074946,0.6206021668617858,0.0879659469930348,0.017193852160353795,down,down,down,down,-0.0350309043797151,0.0097719843819152,0.000121587204685,9.889935572319691e-05,5.235
2.281,-0.32507644747887615,0.6464501794954123,0.0926188473175532,0.0185464143096129,down,down,down,down,-0.0350309043797151,0.0097719843819152,0.000121587204685,9.889935572319691e-05,5.25
2.297,-0.33625720371542106,0.663766360404341,0.0977531647769969,0.020067445011094295,down,down,down,down,-0.0350309043797151,0.0097719843819152,0.000121587204685,9.889935572319691e-05,5.266
2.313,-0.3457113805415214,0.5558551472515518,0.10305256170094179,0.021671945427642798,down,down,down,down,-0.0350309043797151,0.0097719843819152,0.000121587204685,9.889935572319691e-05,5.282
2.328,-0.35493737724001295,0.5800355421864017,0.1081608476185745,0.023254222189468897,down,down,down,down,-0.0350309043797151,0.0097719843819152,0.000121587204685,9.889935572319691e-05,5.297
2.36,-0.36568036162786466,0.30068735774065036,0.1193780279402393,0.026890953407859998,down,down,down,down,-0.0350309043797151,0.0097719843819152,0.000121587204685,9.889935572319691e-05,5.329
2.3750000000000004,-0.37652825725750977,0.6881621375966018,0.124798012816151,0.028720449905462696,down,down,down,down,-0.0350309043797151,0.0097719843819152,0.000121587204685,9.889935572319691e-05,5.344
2.3910000000000005,-0.38453530079365966,0.4654093166296528,0.1307301695304498,0.0307627299689606,down,down,down,down,-0.0350309043797151,0.0097719843819152,0.000121587204685,9.889935572319691e-05,5.36
2.406,-0.39244360980739745,0.4921896965361452,0.1364109315942289,0.032764464419325394,down,down,down,down,-0.0350309043797151,0.0097719843819152,0.000121587204685,9.889935572319691e-05,5.375
2.422,-0.40197395145746906,0.5606154487497597,0.1426099203342372,0.034994685839478096,down,down,down,down,-0.0350309043797151,0.0097719843819152,0.000121587204685,9.889935572319691e-05,5.391
2.438,-0.41124915160495046,0.5446691048378718,0.1489593534086259,0.03732529463414609,down,down,down,down,-0.0350309043797151,0.0097719843819152,0.000121587204685,9.889935572319691e-05,5.407
2.469,-0.42119753018817346,0.2858845337887739,0.1615593454605798,0.04213456526327349,down,down,down,down,-0.0350309043797151,0.0097719843819152,0.000121587204685,9.889935572319691e-05,5.438
2.485,-0.43134662545389435,0.5992875497278363,0.1682233469556057,0.044770881407327996,down,down,down,down,-0.0350309043797151,0.0097719843819152,0.000121587204685,9.889935572319691e-05,5.454
2.5000000000000004,-0.4412621019667834,0.6260008631461961,0.17462133264553228,0.047340392696266394,down,down,down,down,-0.0350309043797151,0.0097719843819152,0.000121587204685,9.889935572319691e-05,5.469
2.5160000000000005,-0.4494874360992326,0.4790524788983589,0.1815909771999498,0.05018814577975529,down,down,down,down,-0.0350309043797151,0.0097719843819152,0.000121587204685,9.889935572319691e-05,5.485
2.531,-0.45718281218248247,0.4779941678369547,0.18824442429633378,0.05296008748290709,down,down,down,down,-0.0350309043797151,0.0097719843819152,0.000121587204685,9.889935572319691e-05,5.5
2.547,-0.46469877665634296,0.43471687523656516,0.19546312525693368,0.05602780248405819,down,down,down,down,-0.0350309043797151,0.0097719843819152,0.000121587204685,9.889935572319691e-05,5.516
2.563,-0.4735513806908765,0.5182568477786335,0.2028127747656009,0.05921206428896359,down,down,down,down,-0.0350309043797151,0.0097719843819152,0.000121587204685,9.889935572319691e-05,5.532
2.594,-0.48167242889582507,0.22693839255411072,0.2173158122983552,0.0657202881851096,down,down,down,down,-0.0350309043797151,0.0097719843819152,0.000121587204685,9.889935572319691e-05,5.563
2.61,-0.4895903759990324,0.45984078957074487,0.2249295629874035,0.0692563057921207,down,down,down,down,-0.0350309043797151,0.0097719843819152,0.000121587204685,9.889935572319691e-05,5.579
2.6250000000000004,-0.49745748988989635,0.48944335501119296,0.232185842215842,0.0726828475230749,down,down,down,down,-0.0350309043797151,0.0097719843819152,0.000121587204685,9.889935572319691e-05,5.594
2.6410000000000005,-0.5040979033199927,0.3799949350013069,0.2400419336114105,0.076458724334418,down,down,down,down,-0.0350309043797151,0.0097719843819152,0.000121587204685,9.889935572319691e-05,5.61
2.656,-0.5106229308775844,0.39997093279307117,0.2475057601021634,0.0801135082291994,down,down,down,down,-0.0350309043797151,0.0097719843819152,0.000121587204685,9.889935572319691e-05,5.625
2.672,-0.5176211400948797,0.40235717170124236,0.2555753609198325,0.0841362118021004,down,down,down,down,-0.0350309043797151,0.0097719843819152,0.000121587204685,9.889935572319691e-05,5.641
2.688,-0.524236505560104,0.3784294371968059,0.2637538703349617,0.0882889002568638,down,down,down,down,-0.0350309043797151,0.0097719843819152,0.000121587204685,9.889935572319691e-05,5.657
2.703,-0.5306919606088484,0.39533276553658336,0.27151925406550004,0.0923016248817969,down,down,down,down,-0.0350309043797151,0.0097719843819152,0.000121587204685,9.889935572319691e-05,5.672
2.719,-0.5383062612606845,0.4408628863600409,0.27991488809034565,0.0967111526237687,down,down,down,down,-0.0350309043797151,0.0097719843819152,0.000121587204685,9.889935572319691e-05,5.688
2.7500000000000004,-0.5451437516035041,0.1855333002273666,0.29640543177390144,0.1056403483783195,down,down,down,down,-0.0350309043797151,0.0097719843819152,0.000121587204685,9.889935572319691e-05,5.719
2.7660000000000005,-0.5517930909623326,0.38055280554706566,0.30502457476431755,0.1104498430353503,down,down,down,down,-0.0350309043797151,0.0097719843819152,0.000121587204685,9.889935572319691e-05,5.735
2.781,-0.5578222615713527,0.36691380288829906,0.3132001101425913,0.1150847043640817,down,down,down,down,-0.0350309043797151,0.0097719843819152,0.000121587204685,9.889935572319691e-05,5.75
2.797,-0.5649064788353754,0.4077326746216995,0.3220255883157344,0.1201645645564734,down,down,down,down,-0.0350309043797151,0.0097719843819152,0.000121587204685,9.889935572319691e-05,5.766
2.813,-0.571789413109597,0.39515248775913425,0.33096280370118364,0.1253865262973338,down,down,down,down,-0.0350309043797151,0.0097719843819152,0.000121587204685,9.889935572319691e-05,5.782
2.828,-0.5772349966489417,0.3280079982432771,0.33943390700864373,0.1304126778195871,down,down,down,down,-0.0350309043797151,0.0097719843819152,0.000121587204685,9.889935572319691e-05,5.797
2.844,-0.5821161337523274,0.2700401645818889,0.3485523643017433,0.1359146225947952,down,down,down,down,-0.0350309043797151,0.0097719843819152,0.000121587204685,9.889935572319691e-05,5.813
2.86,-0.5870977212743823,0.2763183157487164,0.35774972339184635,0.141563093901069,down,down,down,down,-0.0350309043797151,0.0097719843819152,0.000121587204685,9.889935572319691e-05,5.829
2.8910000000000005,-0.5918320747051949,0.11769017403359269,0.37572020371369075,0.1529281085678598,down,down,down,down,-0.0350309043797151,0.0097719843819152,0.000121587204685,9.889935572319691e-05,5.86
2.922,-0.5968043538665188,0.1253651975984739,0.3938411368407127,0.16485254014310768,down,down,down,down,-0.0350309043797151,0.0097719843819152,0.000121587204685,9.889935572319691e-05,5.891
2.938,-0.6025368764134508,0.3232517548035356,0.4032795149328418,0.1712275599620212,down,down,down,down,-0.0350309043797151,0.0097719843819152,0.000121587204685,9.889935572319691e-05,5.907
2.953,-0.6077632773763993,0.3133958264835306,0.4122101863205368,0.17734190891335108,down,down,down,down,-0.0350309043797151,0.0097719843819152,0.000121587204685,9.889935572319691e-05,5.922
2.969,-0.6128301311002228,0.2816474533592488,0.4218185818382391,0.18401219366334629,down,down,down,down,-0.0350309043797151,0.0097719843819152,0.000121587204685,9.889935572319691e-05,5.938
3.0000000000000004,-0.6173239760200476,0.1099318349694709,0.44058303898276424,0.19737564958272688,down,down,down,down,-0.0350309043797151,0.0097719843819152,0.000121587204685,9.889935572319691e-05,5.969
3.0160000000000005,-0.621876121514532,0.2494781890255565,0.4503402880129303,0.2045010908034175,down,down,down,down,-0.0350309043797151,0.0097719843819152,0.000121587204685,9.889935572319691e-05,5.985
3.031,-0.6263563483381754,0.2636508838631887,0.45955545177109663,0.21132348504372728,down,down,down,down,-0.0350309043797151,0.0097719843819152,0.000121587204685,9.889935572319691e-05,6.0
3.047,-0.6317762561328929,0.30371333279012586,0.46946416085675463,0.21875369654947519,down,down,down,down,-0.0350309043797151,0.0097719843819152,0.000121587204685,9.889935572319691e-05,6.016
3.063,-0.6365042056956173,0.26046594329055806,0.479454052801272,0.22634309686346438,down,down,down,down,-0.0350309043797151,0.0097719843819152,0.000121587204685,9.889935572319691e-05,6.032
3.078,-0.6410673384186757,0.26917794382418575,0.48888925961640034,0.23360384789852648,down,down,down,down,-0.0350309043797151,0.0097719843819152,0.000121587204685,9.889935572319691e-05,6.047
3.094,-0.6451172326900297,0.21808748757991273,0.4990223844351592,0.24150519565566397,down,down,down,down,-0.0350309043797151,0.0097719843819152,0.000121587204685,9.889935572319691e-05,6.063
3.11,-0.647388929523581,0.1069501477172358,0.5092060819827565,0.2495690779917324,down,down,down,down,-0.0350309043797151,0.0097719843819152,0.000121587204685,9.889935572319691e-05,6.079
3.1250000000000004,-0.6496117962925999,0.1131602135548759,0.5187870076606484,0.257277202355988,down,down,down,down,-0.0350309043797151,0.0097719843819152,0.000121587204685,9.889935572319691e-05,6.094
3.156,-0.6526527625731599,0.06306478208996139,0.5386691768072278,0.2736640040118946,down,down,down,down,-0.0350309043797151,0.0097719843819152,0.000121587204685,9.889935572319691e-05,6.125
3.172,-0.6560771778671554,0.178995051495004,0.5489826645806397,0.2823632733477226,down,down,down,down,-0.0350309043797151,0.0097719843819152,0.000121587204685,9.889935572319691e-05,6.141
3.188,-0.6598906500433567,0.20331110663286692,0.5593540554538132,0.29122802171272333,down,down,down,down,-0.0350309043797151,0.0097719843819152,0.000121587204685,9.889935572319691e-05,6.157
3.203,-0.6631411389791299,0.1816683580051679,0.5691302141057529,0.2996898299263496,down,down,down,down,-0.0350309043797151,0.0097719843819152,0.000121587204685,9.889935572319691e-05,6.172
3.219,-0.6669190019925287,0.201085533957715,0.5796143434834156,0.308877840991788,down,down,down,down,-0.0350309043797151,0.0097719843819152,0.000121587204685,9.889935572319691e-05,6.188
3.2500000000000004,-0.6705813227898875,0.0831084761802417,0.600042667001704,0.3271587554509624,down,down,down,down,-0.0350309043797151,0.0097719843819152,0.000121587204685,9.889935572319691e-05,6.219
3.2660000000000005,-0.6740825525275155,0.1837959542220352,0.6106436262541326,0.33684230040173413,down,down,down,down,-0.0350309043797151,0.0097719843819152,0.000121587204685,9.889935572319691e-05,6.235
3.281,-0.67590776709984,0.08665006710859019,0.6206219738856088,0.3460749685947117,down,down,down,down,-0.0350309043797151,0.0097719843819152,0.000121587204685,9.889935572319691e-05,6.25
3.297,-0.6776880405036624,0.0762361833591825,0.6312943885963261,0.3560883540992923,down,down,down,down,-0.0350309043797151,0.0097719843819152,0.000121587204685,9.889935572319691e-05,6.266
3.313,-0.6809381790775307,0.16810275648705691,0.642007046602865,0.3662728201856108,down,down,down,down,-0.0350309043797151,0.0097719843819152,0.000121587204685,9.889935572319691e-05,6.282
3.328,-0.6842746003668284,0.1873971815734679,0.6520995626829688,0.37597679594718414,down,down,down,down,-0.0350309043797151,0.0097719843819152,0.000121587204685,9.889935572319691e-05,6.297
3.344,-0.6868852115388008,0.1281322938685576,0.6629124894281032,0.3864949469687977,down,down,down,down,-0.0350309043797151,0.0097719843819152,0.000121587204685,9.889935572319691e-05,6.313
3.36,-0.6894564456572833,0.1256712280254397,0.6737668709355612,0.3971864364564321,down,down,down,down,-0.0350309043797151,0.0097719843819152,0.000121587204685,9.889935572319691e-05,6.329
3.3750000000000004,-0.6921404520460203,0.1439028548694117,0.6839822679026076,0.40736773118964853,down,down,down,down,-0.0350309043797151,0.0097719843819152,0.000121587204685,9.889935572319691e-05,6.344
3.3910000000000005,-0.6932665861196038,0.03535247521925539,0.694909172457822,0.41839691731725703,down,down,down,down,-0.0350309043797151,0.0097719843819152,0.000121587204685,9.889935572319691e-05,6.36
3.406,-0.6943158243227251,0.034918309161706705,0.7051694607704105,0.4288956832583982,down,down,down,down,-0.0350309043797151,0.0097719843819152,0.000121587204685,9.889935572319691e-05,6.375
3.422,-0.6966728807363473,0.1122851214716698,0.7161410186607725,0.4402642216985727,down,down,down,down,-0.0350309043797151,0.0097719843819152,0.000121587204685,9.889935572319691e-05,6.391
3.438,-0.6994345172738806,0.1375713792161199,0.7271535260947437,0.4518086326613419,down,down,down,down,-0.0350309043797151,0.0097719843819152,0.000121587204685,9.889935572319691e-05,6.407
3.469,-0.7022298121748153,0.05513989887624259,0.7485763916853589,0.474678677183588,down,down,down,down,-0.0350309043797151,0.0097719843819152,0.000121587204685,9.889935572319691e-05,6.438
3.485,-0.7047603657737972,0.1231286955566541,0.7596759613588372,0.4867427506126667,down,down,down,down,-0.0350309043797151,0.0097719843819152,0.000121587204685,9.889935572319691e-05,6.454
3.5000000000000004,-0.7078533708263633,0.1711694324580208,0.7701239846176101,0.4982144263994202,down,down,down,down,-0.0350309043797151,0.0097719843819152,0.000121587204685,9.889935572319691e-05,6.469
3.5160000000000005,-0.7108603687013718,0.1529064628083138,0.7813173427837213,0.5106240116233558,down,down,down,down,-0.0350309043797151,0.0097719843819152,0.000121587204685,9.889935572319691e-05,6.485
3.531,-0.7120105455749303,0.0416475538575165,0.7918422948750646,0.5224208850977262,down,down,down,down,-0.0350309043797151,0.0097719843819152,0.000121587204685,9.889935572319691e-05,6.5
3.547,-0.7145528526300974,0.1238632865682294,0.8030984503105942,0.5351784656639366,down,down,down,down,-0.0350309043797151,0.0097719843819152,0.000121587204685,9.889935572319691e-05,6.516
3.578,-0.7180120298289959,0.0765554568750777,0.8250002744728706,0.5604102266947348,down,down,down,down,-0.0350309043797151,0.0097719843819152,0.000121587204685,9.889935572319691e-05,6.547
3.594,-0.7195414279506237,0.060556478222020906,0.8363443503849969,0.5736990382983228,down,down,down,down,-0.0350309043797151,0.0097719843819152,0.000121587204685,9.889935572319691e-05,6.563
3.61,-0.7209635534481115,0.053851939213270396,0.8477120384860761,0.5871695440140164,down,down,down,down,-0.0350309043797151,0.0097719843819152,0.000121587204685,9.889935572319691e-05,6.579
3.6250000000000004,-0.7230233689723596,0.1022901305701574,0.8583953606385013,0.5999635256993809,down,down,down,down,-0.0350309043797151,0.0097719843819152,0.000121587204685,9.889935572319691e-05,6.594
3.6410000000000005,-0.7257263844052061,0.1339075601731882,0.8698290069154112,0.6137873752445373,down,down,down,down,-0.0350309043797151,0.0097719843819152,0.000121587204685,9.889935572319691e-05,6.61
3.656,-0.7277417175604163,0.0993246393009668,0.8805834379144244,0.6269136447726905,down,down,down,down,-0.0350309043797151,0.0097719843819152,0.000121587204685,9.889935572319691e-05,6.625
3.688,-0.7300799750437913,0.038039641975754095,0.9035958814958704,0.6554566230927054,down,down,down,down,-0.0350309043797151,0.0097719843819152,0.000121587204685,9.889935572319691e-05,6.657
3.703,-0.7326282184609755,0.1348519900992339,0.9144196131814274,0.6690899154947145,down,down,down,down,-0.0350309043797151,0.0097719843819152,0.000121587204685,9.889935572319691e-05,6.672
3.719,-0.7351272347637002,0.12115761454058191,0.9260053050571142,0.6838113694453479,down,down,down,down,-0.0350309043797151,0.0097719843819152,0.000121587204685,9.889935572319691e-05,6.688
3.735,-0.738339020981824,0.1657057342530216,0.9376366833529678,0.6987185599573537,down,down,down,down,-0.0350309043797151,0.0097719843819152,0.000121587204685,9.889935572319691e-05,6.704
3.7660000000000005,-0.739504320887887,0.0,0.9602403236361092,0.7281318843623397,down,down,down,down,-0.0350309043797151,0.0097719843819152,0.000121587204685,9.889935572319691e-05,6.735
3.781,-0.7403073298561117,0.018503026835267097,0.9711923312509603,0.7426158054659221,down,down,down,down,-0.0350309043797151,0.0097719843819152,0.000121587204685,9.889935572319691e-05,6.75
3.797,-0.7423102788544468,0.09015340801622759,0.9828969203705342,0.7582465740836191,down,down,down,down,-0.0350309043797151,0.0097719843819152,0.000121587204685,9.889935572319691e-05,6.766
3.828,-0.7458774989191496,0.08004071061069831,1.0056608994101852,0.7890654510868746,down,down,down,down,-0.0350309043797151,0.0097719843819152,0.000121587204685,9.889935572319691e-05,6.797
3.844,-0.7493720362516959,0.1833776789044311,1.0174665439414412,0.8052485252384127,down,down,down,down,-0.0350309043797151,0.0097719843819152,0.000121587204685,9.889935572319691e-05,6.813
3.86,-0.7510345328474218,0.06887513285315519,1.0293134447441232,0.8216208197526222,down,down,down,down,-0.0350309043797151,0.0097719843819152,0.000121587204685,9.889935572319691e-05,6.829
3.8750000000000004,-0.7526775399244218,0.0745029007536098,1.0404447055241839,0.8371421820715649,down,down,down,down,-0.0350309043797151,0.0097719843819152,0.000121587204685,9.889935572319691e-05,6.844
3.8910000000000005,-0.7538866027576904,0.040535522699572495,1.05234086691553,0.8538825212558077,down,down,down,down,-0.0350309043797151,0.0097719843819152,0.000121587204685,9.889935572319691e-05,6.86
3.906,-0.7542155017532862,0.013104304673324702,1.0635050529336334,0.8697495418466058,down,down,down,down,-0.0350309043797151,0.0097719843819152,0.000121587204685,9.889935572319691e-05,6.875
3.922,-0.7545329819910797,0.015188389517625602,1.0754186890534778,0.8868589863872277,down,down,down,down,-0.0350309043797151,0.0097719843819152,0.000121587204685,9.889935572319691e-05,6.891
3.953,-0.7556533168870095,0.0,1.0985236451702485,0.92055132336435,down,down,down,down,-0.0350309043797151,0.0097719843819152,0.000121587204685,9.889935572319691e-05,6.922
3.969,-0.7573068936240882,0.06831764168770141,1.1104709751042265,0.9382213349312708,down,down,down,down,-0.0350309043797151,0.0097719843819152,0.000121587204685,9.889935572319691e-05,6.938
4.0,-0.7589096541881658,0.0166710493002064,1.1336694000794778,0.9730017415432736,down,down,down,down,-0.0350309043797151,0.0097719843819152,0.000121587204685,9.889935572319691e-05,6.969
4.016,-0.7588061709395343,0.041498607419185,1.1456547749303885,0.9912343895480775,down,down,down,down,-0.0350309043797151,0.0097719843819152,0.000121587204685,9.889935572319691e-05,6.985
4.031000000000001,-0.7600464240244021,0.047652634611477195,1.156899589626889,1.0085017234741864,down,down,down,down,-0.0350309043797151,0.0097719843819152,0.000121587204685,9.889935572319691e-05,7.0
4.047000000000001,-0.7612945298385919,0.0429757090071454,1.1689139655076823,1.027106286519988,down,down,down,down,-0.0350309043797151,0.0097719843819152,0.000121587204685,9.889935572319691e-05,7.016
4.063000000000001,-0.762234528522116,0.0237190133405425,1.1809458462244573,1.0459032196185702,down,down,down,down,-0.0350309043797151,0.0097719843819152,0.000121587204685,9.889935572319691e-05,7.032
4.077999999999999,-0.7632901153555095,0.0353415511798505,1.1922407012878105,1.0637002949168415,down,down,down,down,-0.0350309043797151,0.0097719843819152,0.000121587204685,9.889935572319691e-05,7.047
4.093999999999999,-0.76431596780351,0.029084873620313804,1.204305198202972,1.0828707167174931,down,down,down,down,-0.0350309043797151,0.0097719843819152,0.000121587204685,9.889935572319691e-05,7.063
4.109999999999999,-0.7644050291933498,0.0294645675147224,1.2163786144288362,1.1022342418232727,down,down,down,down,-0.0350309043797151,0.0097719843819152,0.000121587204685,9.889935572319691e-05,7.079
4.125,-0.7652464418622617,0.0210632735477361,1.2277044206960248,1.1205630407786396,down,down,down,down,-0.0350309043797151,0.0097719843819152,0.000121587204685,9.889935572319691e-05,7.094
4.156000000000001,-0.7660515875156103,0.0,1.2511366086355424,1.1589813075299333,down,down,down,down,-0.0350309043797151,0.0097719843819152,0.000121587204685,9.889935572319691e-05,7.125
4.172000000000001,-0.7675764020301638,0.0602700027798748,1.263249280801798,1.1790944492501572,down,down,down,down,-0.0350309043797151,0.0097719843819152,0.000121587204685,9.889935572319691e-05,7.141
4.188000000000001,-0.7685856712535272,0.028048422080498396,1.275382225637957,1.1994015559064002,down,down,down,down,-0.0350309043797151,0.0097719843819152,0.000121587204685,9.889935572319691e-05,7.157
4.202999999999999,-0.7695168230631991,0.0270458829317501,1.2867714145796034,1.2186158843999613,down,down,down,down,-0.0350309043797151,0.0097719843819152,0.000121587204685,9.889935572319691e-05,7.172
4.218999999999999,-0.7694667977186106,0.0381574884164984,1.2989269317957473,1.2392995257756891,down,down,down,down,-0.0350309043797151,0.0097719843819152,0.000121587204685,9.889935572319691e-05,7.188
4.234999999999999,-0.7712010062553317,0.0733571291653552,1.3110959224774281,1.2601777632145996,down,down,down,down,-0.0350309043797151,0.0097719843819152,0.000121587204685,9.889935572319691e-05,7.204
4.266,-0.7729978120701765,0.0229305735185018,1.3347280726456345,1.3011842659356627,down,down,down,down,-0.0350309043797151,0.0097719843819152,0.000121587204685,9.889935572319691e-05,7.235
4.281000000000001,-0.7740593577924723,0.0357388104400048,1.3461844216538754,1.3212892858348384,down,down,down,down,-0.0350309043797151,0.0097719843819152,0.000121587204685,9.889935572319691e-05,7.25
4.297000000000001,-0.7742703654870481,0.021842923468726003,1.3584147076900008,1.3429241334743143,down,down,down,down,-0.0350309043797151,0.0097719843819152,0.000121587204685,9.889935572319691e-05,7.266
4.313000000000001,-0.7744925903551126,0.021141850125680303,1.3706484595866277,1.3647546934172525,down,down,down,down,-0.0350309043797151,0.0097719843819152,0.000121587204685,9.889935572319691e-05,7.282
4.327999999999999,-0.7739401764679509,0.07185849685716669,1.3821151255720718,1.3853985964978721,down,down,down,down,-0.0350309043797151,0.0097719843819152,0.000121587204685,9.889935572319691e-05,7.297
4.343999999999999,-0.7732347521299622,0.0791199255040089,1.3943361732507444,1.4076082614931797,down,down,down,down,-0.0350309043797151,0.0097719843819152,0.000121587204685,9.889935572319691e-05,7.313
4.359999999999999,-0.7725575160979047,0.0773581563833083,1.406546159646457,1.4300133747610824,down,down,down,down,-0.0350309043797151,0.0097719843819152,0.000121587204685,9.889935572319691e-05,7.329
4.375,-0.7728398217653768,0.0162105265482415,1.4179900599147028,1.4511955725997217,down,down,down,down,-0.0350309043797151,0.0097719843819152,0.000121587204685,9.889935572319691e-05,7.344
4.391,-0.7720488269844522,0.084468078187502,1.4301928173545908,1.473979090222601,down,down,down,down,-0.0350309043797151,0.0097719843819152,0.000121587204685,9.889935572319691e-05,7.36
4.406000000000001,-0.7717719990403838,0.0534861006509393,1.4416248937840483,1.4955158992480702,down,down,down,down,-0.0350309043797151,0.0097719843819152,0.000121587204685,9.889935572319691e-05,7.375
4.422000000000001,-0.7714672957320853,0.0540748611483757,1.4538144563921174,1.5186774686542048,down,down,down,down,-0.0350309043797151,0.0097719843819152,0.000121587204685,9.889935572319691e-05,7.391
4.452999999999999,-0.7725690765330916,0.0,1.477444088646388,1.5641082068989558,down,down,down,down,-0.0350309043797151,0.0097719843819152,0.000121587204685,9.889935572319691e-05,7.422
4.468999999999999,-0.7729392994779188,0.011891970328012202,1.4896518039043654,1.587843028644087,down,down,down,down,-0.0350309043797151,0.0097719843819152,0.000121587204685,9.889935572319691e-05,7.438
4.484999999999999,-0.7733460097278576,0.0,1.501865734627901,1.61177322355707,down,down,down,down,-0.0350309043797151,0.0097719843819152,0.000121587204685,9.889935572319691e-05,7.454
4.5,-0.7730899905178389,0.052098851714295805,1.5133174248640153,1.63438527344519,down,down,down,down,-0.0350309043797151,0.0097719843819152,0.000121587204685,9.889935572319691e-05,7.469
4.516,-0.7742835647777858,0.039567486866967795,1.5255400615562698,1.6586941879412773,down,down,down,down,-0.0350309043797151,0.0097719843819152,0.000121587204685,9.889935572319691e-05,7.485
4.531000000000001,-0.7747472791304978,0.0,1.537011213119853,1.6816614986932776,down,down,down,down,-0.0350309043797151,0.0097719843819152,0.000121587204685,9.889935572319691e-05,7.5
4.563000000000001,-0.7745633194996023,0.040779642845198104,1.5614874791977134,1.7312335869798086,down,down,down,down,-0.0350309043797151,0.0097719843819152,0.000121587204685,9.889935572319691e-05,7.532
4.577999999999999,-0.7746166716832298,0.0314740921378849,1.5729597493658558,1.7547401173859642,down,down,down,down,-0.0350309043797151,0.0097719843819152,0.000121587204685,9.889935572319691e-05,7.547
4.593999999999999,-0.7746506040792162,0.0329101296305671,1.5851975358218444,1.7800034302721912,down,down,down,down,-0.0350309043797151,0.0097719843819152,0.000121587204685,9.889935572319691e-05,7.563
4.609999999999999,-0.7750234530793064,0.011727841874073303,1.597438576529002,1.805462573775723,down,down,down,down,-0.0350309043797151,0.0097719843819152,0.000121587204685,9.889935572319691e-05,7.579
4.625,-0.7744640141930875,0.0723268301276403,1.6089131527678164,1.82950838793738,down,down,down,down,-0.0350309043797151,0.0097719843819152,0.000121587204685,9.889935572319691e-05,7.594
4.641,-0.7750488625048532,0.0,1.6211529040312895,1.855346970996498,down,down,down,down,-0.0350309043797151,0.0097719843819152,0.000121587204685,9.889935572319691e-05,7.61
4.656000000000001,-0.7751358935263609,0.029228836279198,1.6326327099357947,1.87974853929318,down,down,down,down,-0.0350309043797151,0.0097719843819152,0.000121587204685,9.889935572319691e-05,7.625
4.672000000000001,-0.775248864896067,0.0279701937730829,1.6448794362530632,1.905966691067416,down,down,down,down,-0.0350309043797151,0.0097719843819152,0.000121587204685,9.889935572319691e-05,7.641
4.702999999999999,-0.7765391793327313,0.0,1.66862921942277,1.9573223060270455,down,down,down,down,-0.0350309043797151,0.0097719843819152,0.000121587204685,9.889935572319691e-05,7.672
4.718999999999999,-0.7773594969457241,0.016238946432337198,1.6809040570828868,1.984116626843816,down,down,down,down,-0.0350309043797151,0.0097719843819152,0.000121587204685,9.889935572319691e-05,7.688
4.734999999999999,-0.7777571860694347,0.0101753341478076,1.6931886387968977,2.0111074230155794,down,down,down,down,-0.0350309043797151,0.0097719843819152,0.000121587204685,9.889935572319691e-05,7.704
4.75,-0.778156018869124,0.0,1.7047114080682084,2.036589849558999,down,down,down,down,-0.0350309043797151,0.0097719843819152,0.000121587204685,9.889935572319691e-05,7.719
4.766,-0.7785701363887919,0.0,1.7170088655601614,2.0639616663527507,down,down,down,down,-0.0350309043797151,0.0097719843819152,0.000121587204685,9.889935572319691e-05,7.735
4.781000000000001,-0.7786358156597045,0.030652286318874303,1.728541330434796,2.0898014690146423,down,down,down,down,-0.0350309043797151,0.0097719843819152,0.000121587204685,9.889935572319691e-05,7.75
4.813000000000001,-0.7794341037934059,0.010084400201545801,1.7531577456458245,2.145504763441383,down,down,down,down,-0.0350309043797151,0.0097719843819152,0.000121587204685,9.889935572319691e-05,7.782
4.827999999999999,-0.7798859929456262,0.0,1.7647060666056382,2.1718869182251974,down,down,down,down,-0.0350309043797151,0.0097719843819152,0.000121587204685,9.889935572319691e-05,7.797
4.843999999999999,-0.7803269905150677,0.0,1.7770314187232132,2.2002188727125533,down,down,down,down,-0.0350309043797151,0.0097719843819152,0.000121587204685,9.889935572319691e-05,7.813
4.859999999999999,-0.7803980351383667,0.0305906154235284,1.78936086717833,2.2287480656044907,down,down,down,down,-0.0350309043797151,0.0097719843819152,0.000121587204685,9.889935572319691e-05,7.829
4.875,-0.7792451122364116,0.11189243117672029,1.8009116110179124,2.255673285382893,down,down,down,down,-0.0350309043797151,0.0097719843819152,0.000121587204685,9.889935572319691e-05,7.844
4.891,-0.77840824057888,0.08733538297543661,1.8132164860903246,2.284584364764484,down,down,down,down,-0.0350309043797151,0.0097719843819152,0.000121587204685,9.889935572319691e-05,7.86
4.906000000000001,-0.7776164599629353,0.0878162787760335,1.824740091578659,2.3118672152889306,down,down,down,down,-0.0350309043797151,0.0097719843819152,0.000121587204685,9.889935572319691e-05,7.875
4.922000000000001,-0.7777650267769775,0.0257454785020787,1.8370267917224676,2.341159404960065,down,down,down,down,-0.0350309043797151,0.0097719843819152,0.000121587204685,9.889935572319691e-05,7.891
4.938000000000001,-0.7784887740185357,0.010203298217673198,1.849320470378721,2.3706482376615994,down,down,down,down,-0.0350309043797151,0.0097719843819152,0.000121587204685,9.889935572319691e-05,7.907
4.968999999999999,-0.7791525480400628,0.013618839169160901,1.8731609793547899,2.4283429309291233,down,down,down,down,-0.0350309043797151,0.0097719843819152,0.000121587204685,9.889935572319691e-05,7.938
4.984999999999999,-0.7792348113388065,0.0298894482082394,1.88547172647971,2.458410047180524,down,down,down,down,-0.0350309043797151,0.0097719843819152,0.000121587204685,9.889935572319691e-05,7.954
5.0,-0.7793201382525864,0.0293424434610529,1.8970143088359177,2.486776868637322,down,down,down,down,-0.0350309043797151,0.0097719843819152,0.000121587204685,9.889935572319691e-05,7.969
5.016,-0.7804104310781453,0.033112397217719004,1.909335801640453,2.5172257241258578,down,down,down,down,-0.0350309043797151,0.0097719843819152,0.000121587204685,9.889935572319691e-05,7.985
5.031000000000001,-0.780661535961018,0.0182905788548741,1.9208972616275177,2.5459506482922962,down,down,down,down,-0.0350309043797151,0.0097719843819152,0.000121587204685,9.889935572319691e-05,8.0
5.063000000000001,-0.7802666822924705,0.047370081521821705,1.945559409619352,2.607810064241696,down,down,down,down,-0.0350309043797151,0.0097719843819152,0.000121587204685,9.889935572319691e-05,8.032
5.078000000000001,-0.7798693710703349,0.061518319188754,1.957113850253845,2.6370782898826763,down,down,down,down,-0.0350309043797151,0.0097719843819152,0.000121587204685,9.889935572319691e-05,8.047
5.094000000000001,-0.7804673286745646,0.0,1.9694401921016933,2.6684887768262455,down,down,down,down,-0.0350309043797151,0.0097719843819152,0.000121587204685,9.889935572319691e-05,8.063
5.110000000000001,-0.7810451991189228,0.0,1.9817759405739306,2.7000965604923755,down,down,down,down,-0.0350309043797151,0.0097719843819152,0.000121587204685,9.889935572319691e-05,8.079
5.125,-0.7832434878231903,0.11152167590479842,1.9933615259602668,2.7299082676833093,down,down,down,down,-0.0350309043797151,0.0097719843819152,0.000121587204685,9.889935572319691e-05,8.094
5.141,-0.78483515551315,0.06444832624276381,2.0057498033568493,2.7618992129225712,down,down,down,down,-0.0350309043797151,0.0097719843819152,0.000121587204685,9.889935572319691e-05,8.11
5.172000000000001,-0.7850997482307206,0.0264956554258243,2.029780862849048,2.8244461690454186,down,down,down,down,-0.0350309043797151,0.0097719843819152,0.000121587204685,9.889935572319691e-05,8.141
5.188000000000001,-0.784815001641629,0.0528275661979407,2.0421838290979166,2.8570199411857193,down,down,down,down,-0.0350309043797151,0.0097719843819152,0.000121587204685,9.889935572319691e-05,8.157
5.203000000000001,-0.7844242985686892,0.0610777759090312,2.0538065440837654,2.887738045176513,down,down,down,down,-0.0350309043797151,0.0097719843819152,0.000121587204685,9.889935572319691e-05,8.172
5.219000000000001,-0.7840540263907892,0.0581729154984636,2.06619801893333,2.920696136285375,down,down,down,down,-0.0350309043797151,0.0097719843819152,0.000121587204685,9.889935572319691e-05,8.188
5.25,-0.7841897855437415,0.030651576865125502,2.090202866502475,2.9851165808062823,down,down,down,down,-0.0350309043797151,0.0097719843819152,0.000121587204685,9.889935572319691e-05,8.219
5.266,-0.7848287812238438,0.0,2.1025986632865052,3.0186570476493193,down,down,down,down,-0.0350309043797151,0.0097719843819152,0.000121587204685,9.889935572319691e-05,8.235
5.281000000000001,-0.7854433379157867,0.0,2.114229124414324,3.0502814322490064,down,down,down,down,-0.0350309043797151,0.0097719843819152,0.000121587204685,9.889935572319691e-05,8.25
5.297000000000001,-0.7879539103326588,0.1218798716747933,2.126659950650201,3.0842065994542476,down,down,down,down,-0.0350309043797151,0.0097719843819152,0.000121587204685,9.889935572319691e-05,8.266
5.313000000000001,-0.7882813670143561,0.0145648617736331,2.1391134811188666,3.1183308415131252,down,down,down,down,-0.0350309043797151,0.0097719843819152,0.000121587204685,9.889935572319691e-05,8.282
5.328000000000001,-0.7900028616624438,0.07973540549279279,2.1508040330682143,3.1505033990614595,down,down,down,down,-0.0350309043797151,0.0097719843819152,0.000121587204685,9.889935572319691e-05,8.297
5.360000000000001,-0.7896803458710763,0.045109522859951,2.1757662608885293,3.2197246329742177,down,down,down,down,-0.0350309043797151,0.0097719843819152,0.000121587204685,9.889935572319691e-05,8.329
5.375,-0.7891058985670582,0.07332739131425961,2.187460577956086,3.2524470104574794,down,down,down,down,-0.0350309043797151,0.0097719843819152,0.000121587204685,9.889935572319691e-05,8.344
5.391,-0.7885045184281533,0.0726171630612695,2.1999251095419368,3.2875441505621885,down,down,down,down,-0.0350309043797151,0.0097719843819152,0.000121587204685,9.889935572319691e-05,8.36
5.406000000000001,-0.7893400972906174,0.020674353117889697,2.2116123643940995,3.32062885780864,down,down,down,down,-0.0350309043797151,0.0097719843819152,0.000121587204685,9.889935572319691e-05,8.375
5.422000000000001,-0.7898760671052755,0.0,2.224089741959156,3.356112529264191,down,down,down,down,-0.0350309043797151,0.0097719843819152,0.000121587204685,9.889935572319691e-05,8.391
5.438000000000001,-0.7903905054400066,0.0,2.2365755227894075,3.3917959059869047,down,down,down,down,-0.0350309043797151,0.0097719843819152,0.000121587204685,9.889935572319691e-05,8.407
5.453000000000001,-0.7910220690868338,0.0,2.2482895373326306,3.425430570129751,down,down,down,down,-0.0350309043797151,0.0097719843819152,0.000121587204685,9.889935572319691e-05,8.422
5.485000000000001,-0.7915916104204416,0.0172327377044727,2.2732986527045256,3.4977720903797955,down,down,down,down,-0.0350309043797151,0.0097719843819152,0.000121587204685,9.889935572319691e-05,8.454
5.5,-0.7922347606850905,0.0,2.2850307707220874,3.531957737247422,down,down,down,down,-0.0350309043797151,0.0097719843819152,0.000121587204685,9.889935572319691e-05,8.469
5.516,-0.7927933488372235,0.0,2.297554643848155,3.568616475168709,down,down,down,down,-0.0350309043797151,0.0097719843819152,0.000121587204685,9.889935572319691e-05,8.485
5.531000000000001,-0.7909920620019902,0.1551166933952628,2.309286454663721,3.603165959599479,down,down,down,down,-0.0350309043797151,0.0097719843819152,0.000121587204685,9.889935572319691e-05,8.5
5.547000000000001,-0.7892861937717529,0.141647668769548,2.3217723289598005,3.6402124844731922,down,down,down,down,-0.0350309043797151,0.0097719843819152,0.000121587204685,9.889935572319691e-05,8.516
5.563000000000001,-0.7894777844160145,0.0230564891133681,2.334246089035192,3.6774586864218772,down,down,down,down,-0.0350309043797151,0.0097719843819152,0.000121587204685,9.889935572319691e-05,8.532
5.594000000000001,-0.7883048638249422,0.072867052478818,2.358398788567088,3.7501909128213686,down,down,down,down,-0.0350309043797151,0.0097719843819152,0.000121587204685,9.889935572319691e-05,8.563
5.610000000000001,-0.7877644609274216,0.0688060854747565,2.3708509914149967,3.7880229656659505,down,down,down,down,-0.0350309043797151,0.0097719843819152,0.000121587204685,9.889935572319691e-05,8.579
5.625,-0.7881954120130777,0.0,2.3825241106963206,3.823671455123712,down,down,down,down,-0.0350309043797151,0.0097719843819152,0.000121587204685,9.889935572319691e-05,8.594
5.641,-0.7886039613965908,0.0,2.394982153933487,3.861889559845475,down,down,down,down,-0.0350309043797151,0.0097719843819152,0.000121587204685,9.889935572319691e-05,8.61
5.656000000000001,-0.788927999846912,0.013428341024973301,2.406667063877085,3.8979001051709865,down,down,down,down,-0.0350309043797151,0.0097719843819152,0.000121587204685,9.889935572319691e-05,8.625
5.672000000000001,-0.788931670068944,0.034801515502710705,2.419133589486301,3.9365045650026182,down,down,down,down,-0.0350309043797151,0.0097719843819152,0.000121587204685,9.889935572319691e-05,8.641
5.688000000000001,-0.79061822432614,0.07037873669503439,2.4316136368913512,3.975308597418364,down,down,down,down,-0.0350309043797151,0.0097719843819152,0.000121587204685,9.889935572319691e-05,8.657
5.703000000000001,-0.7922830959903723,0.07596053990242979,2.443338817027997,4.011868917014691,down,down,down,down,-0.0350309043797151,0.0097719843819152,0.000121587204685,9.889935572319691e-05,8.672
5.735000000000001,-0.7935257740503657,0.0,2.468399055448427,4.090452832183764,down,down,down,down,-0.0350309043797151,0.0097719843819152,0.000121587204685,9.889935572319691e-05,8.704
5.75,-0.7946247134729932,0.038231723795458104,2.480163604339122,4.127565228324097,down,down,down,down,-0.0350309043797151,0.0097719843819152,0.000121587204685,9.889935572319691e-05,8.719
5.766,-0.7956972441746507,0.0320022644738767,2.492729828250193,4.167346430389537,down,down,down,down,-0.0350309043797151,0.0097719843819152,0.000121587204685,9.889935572319691e-05,8.735
5.781000000000001,-0.794943723464609,0.0852656183824968,2.5045130557417594,4.2048239282114075,down,down,down,down,-0.0350309043797151,0.0097719843819152,0.000121587204685,9.889935572319691e-05,8.75
5.797000000000001,-0.7947433330346562,0.0475553062517644,2.517074200443643,4.244994680865616,down,down,down,down,-0.0350309043797151,0.0097719843819152,0.000121587204685,9.889935572319691e-05,8.766
5.813000000000001,-0.7945824466536723,0.045086303191207704,2.529632454931039,4.285366388713338,down,down,down,down,-0.0350309043797151,0.0097719843819152,0.000121587204685,9.889935572319691e-05,8.782
5.828000000000001,-0.7953330263748589,0.015007743699392298,2.541410241213025,4.323397385126349,down,down,down,down,-0.0350309043797151,0.0097719843819152,0.000121587204685,9.889935572319691e-05,8.797
5.860000000000001,-0.7950798633502688,0.0429422488981559,2.5665441439484056,4.405120764498382,down,down,down,down,-0.0350309043797151,0.0097719843819152,0.000121587204685,9.889935572319691e-05,8.829
5.875,-0.7948330085470426,0.0514878912614611,2.5783219107219058,4.443705436100336,down,down,down,down,-0.0350309043797151,0.0097719843819152,0.000121587204685,9.889935572319691e-05,8.844
5.891,-0.7942024700620499,0.0744395596917604,2.590877842800668,4.4850570887332415,down,down,down,down,-0.0350309043797151,0.0097719843819152,0.000121587204685,9.889935572319691e-05,8.86
5.906000000000001,-0.7934603968251962,0.0845024535032941,2.602638734536594,4.5240066392552025,down,down,down,down,-0.0350309043797151,0.0097719843819152,0.000121587204685,9.889935572319691e-05,8.875
5.922000000000001,-0.7925858607718083,0.0896894077164614,2.615170752847259,4.565747169758999,down,down,down,down,-0.0350309043797151,0.0097719843819152,0.000121587204685,9.889935572319691e-05,8.891
5.938000000000001,-0.793563039347429,0.026042756596581097,2.627703592298102,4.607688219124887,down,down,down,down,-0.0350309043797151,0.0097719843819152,0.000121587204685,9.889935572319691e-05,8.907
5.953000000000001,-0.7945986434547193,0.034009369439636304,2.63946822515339,4.647190183947704,down,down,down,down,-0.0350309043797151,0.0097719843819152,0.000121587204685,9.889935572319691e-05,8.922
5.969000000000001,-0.7950470417751453,0.0,2.652029038885118,4.689520216664738,down,down,down,down,-0.0350309043797151,0.0097719843819152,0.000121587204685,9.889935572319691e-05,8.938
5.985000000000001,-0.7957353482949151,0.0,2.6645989462555684,4.732051295150588,down,down,down,down,-0.0350309043797151,0.0097719843819152,0.000121587204685,9.889935572319691e-05,8.954
6.016,-0.7962804300505989,0.0174476219383017,2.6889722593040837,4.815027879633414,down,down,down,down,-0.0350309043797151,0.0097719843819152,0.000121587204685,9.889935572319691e-05,8.985
6.031000000000001,-0.7968423742010716,0.0,2.700774100570243,4.855449153524402,down,down,down,down,-0.0350309043797151,0.0097719843819152,0.000121587204685,9.889935572319691e-05,9.0
6.047000000000001,-0.7973877013670537,0.0,2.713371589424677,4.898760373649087,down,down,down,down,-0.0350309043797151,0.0097719843819152,0.000121587204685,9.889935572319691e-05,9.016
6.063000000000001,-0.7960294141543506,0.11992385517366161,2.725962574598738,4.942273101565999,down,down,down,down,-0.0350309043797151,0.0097719843819152,0.000121587204685,9.889935572319691e-05,9.032
6.078000000000001,-0.7947657362416275,0.11927609856125071,2.737746958460979,4.983249099255879,down,down,down,down,-0.0350309043797151,0.0097719843819152,0.000121587204685,9.889935572319691e-05,9.047
6.094000000000001,-0.7943673978809381,0.0599270519228004,2.7503036717838487,5.027151558902562,down,down,down,down,-0.0350309043797151,0.0097719843819152,0.000121587204685,9.889935572319691e-05,9.063
6.110000000000001,-0.7936819881709293,0.0778690112552685,2.762851715122153,5.071254856602535,down,down,down,down,-0.0350309043797151,0.0097719843819152,0.000121587204685,9.889935572319691e-05,9.079
6.141,-0.7930424886000774,0.0556599227942918,2.787143012996263,5.157276005685022,down,down,down,down,-0.0350309043797151,0.0097719843819152,0.000121587204685,9.889935572319691e-05,9.11
6.156000000000001,-0.7941295979806159,0.0374430543228464,2.79890022387989,5.199169506153524,down,down,down,down,-0.0350309043797151,0.0097719843819152,0.000121587204685,9.889935572319691e-05,9.125
6.172000000000001,-0.7939991305816355,0.0431851168159883,2.8114489019582773,5.244050353764955,down,down,down,down,-0.0350309043797151,0.0097719843819152,0.000121587204685,9.889935572319691e-05,9.141
6.188000000000001,-0.793795892426635,0.047733289067250204,2.823994910392233,5.2891319588684835,down,down,down,down,-0.0350309043797151,0.0097719843819152,0.000121587204685,9.889935572319691e-05,9.157
6.203000000000001,-0.7936507554640623,0.0447067018845599,2.835754180485685,5.331578253241999,down,down,down,down,-0.0350309043797151,0.0097719843819152,0.000121587204685,9.889935572319691e-05,9.172
6.219000000000001,-0.7941807810537805,0.0,2.8483004810277173,5.377048745138832,down,down,down,down,-0.0350309043797151,0.0097719843819152,0.000121587204685,9.889935572319691e-05,9.188
6.235000000000001,-0.7946777463242362,0.0,2.860854997496631,5.4227200435717515,down,down,down,down,-0.0350309043797151,0.0097719843819152,0.000121587204685,9.889935572319691e-05,9.204
6.25,-0.7952930598440541,0.0,2.872633198777163,5.465719381235731,down,down,down,down,-0.0350309043797151,0.0097719843819152,0.000121587204685,9.889935572319691e-05,9.219
6.266,-0.7935648439206043,0.1430443995953236,2.8851877102571697,5.51178000311273,down,down,down,down,-0.0350309043797151,0.0097719843819152,0.000121587204685,9.889935572319691e-05,9.235
6.281000000000001,-0.793365825147326,0.0482988225982696,2.8969431105094507,5.5551441604604115,down,down,down,down,-0.0350309043797151,0.0097719843819152,0.000121587204685,9.889935572319691e-05,9.25
6.297000000000001,-0.7931293431140335,0.0498110314604974,2.909478720105431,5.601593589710055,down,down,down,down,-0.0350309043797151,0.0097719843819152,0.000121587204685,9.889935572319691e-05,9.266
6.328000000000001,-0.7922411235749819,0.0636831475749276,2.9337490308232717,5.692159850646107,down,down,down,down,-0.0350309043797151,0.0097719843819152,0.000121587204685,9.889935572319691e-05,9.297
6.344000000000001,-0.7909750559826064,0.1141601289031815,2.9462584085096215,5.739197964765495,down,down,down,down,-0.0350309043797151,0.0097719843819152,0.000121587204685,9.889935572319691e-05,9.313
6.360000000000001,-0.7896177611670118,0.119861830354381,2.958746799296708,5.786436061032671,down,down,down,down,-0.0350309043797151,0.0097719843819152,0.000121587204685,9.889935572319691e-05,9.329
6.375,-0.7885973499460021,0.1030583191137012,2.970436832864326,5.830903114465804,down,down,down,down,-0.0350309043797151,0.0097719843819152,0.000121587204685,9.889935572319691e-05,9.344
6.406000000000001,-0.7875928342642843,0.0674346360480298,2.994564849203746,5.923356871334516,down,down,down,down,-0.0350309043797151,0.0097719843819152,0.000121587204685,9.889935572319691e-05,9.375
6.422000000000001,-0.7872349157554889,0.057400811179427996,3.007007119453794,5.971367501688501,down,down,down,down,-0.0350309043797151,0.0097719843819152,0.000121587204685,9.889935572319691e-05,9.391
6.438000000000001,-0.7863282678003499,0.0916964015758994,3.01943927317213,6.019577127434234,down,down,down,down,-0.0350309043797151,0.0097719843819152,0.000121587204685,9.889935572319691e-05,9.407
6.453000000000001,-0.7854769953258546,0.0917824026794026,3.031081232879849,6.064954207421555,down,down,down,down,-0.0350309043797151,0.0097719843819152,0.000121587204685,9.889935572319691e-05,9.422
6.469000000000001,-0.7851392869312014,0.0561376790455395,3.043489811387794,6.113548830380421,down,down,down,down,-0.0350309043797151,0.0097719843819152,0.000121587204685,9.889935572319691e-05,9.438
6.485000000000001,-0.7852268199066897,0.0295600934116928,3.055896388492387,6.162341974584187,down,down,down,down,-0.0350309043797151,0.0097719843819152,0.000121587204685,9.889935572319691e-05,9.454
6.516,-0.7811344767050982,0.1670419753988032,3.0798720570740294,6.2574426162871175,down,down,down,down,-0.0350309043797151,0.0097719843819152,0.000121587204685,9.889935572319691e-05,9.485
6.531000000000001,-0.7784250836443255,0.2156571084312195,3.091422174010922,6.303725499212186,down,down,down,down,-0.0350309043797151,0.0097719843819152,0.000121587204685,9.889935572319691e-05,9.5
6.547000000000001,-0.7758170766229745,0.1980313432141524,3.1036997595429496,6.353284529285342,down,down,down,down,-0.0350309043797151,0.0097719843819152,0.000121587204685,9.889935572319691e-05,9.516
6.563000000000001,-0.7730037531615642,0.2108636207178572,3.1159339744311154,6.4030396537618595,down,down,down,down,-0.0350309043797151,0.0097719843819152,0.000121587204685,9.889935572319691e-05,9.532
6.594000000000001,-0.7716159336590936,0.0797992754271522,3.139572648060997,6.499996237207144,down,down,down,down,-0.0350309043797151,0.0097719843819152,0.000121587204685,9.889935572319691e-05,9.563
6.610000000000001,-0.7676496181234408,0.2829256253580182,3.151730420725146,6.550324716362158,down,down,down,down,-0.0350309043797151,0.0097719843819152,0.000121587204685,9.889935572319691e-05,9.579
6.625,-0.7638321215296723,0.2895306772976363,3.163069954006815,6.597683895364574,down,down,down,down,-0.0350309043797151,0.0097719843819152,0.000121587204685,9.889935572319691e-05,9.594
6.641,-0.7616628882432542,0.170607984780843,3.1751175623348877,6.648387450100032,down,down,down,down,-0.0350309043797151,0.0097719843819152,0.000121587204685,9.889935572319691e-05,9.61
6.656000000000001,-0.7575633225556596,0.3083352835526794,3.1863651791501515,6.696096746853102,down,down,down,down,-0.0350309043797151,0.0097719843819152,0.000121587204685,9.889935572319691e-05,9.625
6.672000000000001,-0.7538980248857498,0.2641120087490812,3.1983005181795727,6.747172127036465,down,down,down,down,-0.0350309043797151,0.0097719843819152,0.000121587204685,9.889935572319691e-05,9.641
6.688000000000001,-0.749412003142316,0.31540726334432173,3.210170646653686,6.798437950959856,down,down,down,down,-0.0350309043797151,0.0097719843819152,0.000121587204685,9.889935572319691e-05,9.657
6.703000000000001,-0.7450383051753436,0.3266107688445307,3.221232444200341,6.846671650333192,down,down,down,down,-0.0350309043797151,0.0097719843819152,0.000121587204685,9.889935572319691e-05,9.672
6.735000000000001,-0.7397174011292175,0.20130915582115788,3.244675832000993,6.950122291961864,down,down,down,down,-0.0350309043797151,0.0097719843819152,0.000121587204685,9.889935572319691e-05,9.704
6.75,-0.7338144050678891,0.42856397513497213,3.2555807407817414,6.99887239244966,down,down,down,down,-0.0350309043797151,0.0097719843819152,0.000121587204685,9.889935572319691e-05,9.719
6.781000000000001,-0.7280904484354574,0.219674666716216,3.277937334495205,7.100138153413109,down,down,down,down,-0.0350309043797151,0.0097719843819152,0.000121587204685,9.889935572319691e-05,9.75
6.797000000000001,-0.7224018563719453,0.390567908349223,3.289384921183553,7.1526747860632645,down,down,down,down,-0.0350309043797151,0.0097719843819152,0.000121587204685,9.889935572319691e-05,9.766
6.813000000000001,-0.7156344118610852,0.4579961863084702,3.300732859579307,7.205393782914093,down,down,down,down,-0.0350309043797151,0.0097719843819152,0.000121587204685,9.889935572319691e-05,9.782
6.828000000000001,-0.7090365728963731,0.4748868353605058,3.3112713121992594,7.254981990394364,down,down,down,down,-0.0350309043797151,0.0097719843819152,0.000121587204685,9.889935572319691e-05,9.797
6.844000000000001,-0.7027624140148773,0.42716583447320544,3.322409352344439,7.3080494903154385,down,down,down,down,-0.0350309043797151,0.0097719843819152,0.000121587204685,9.889935572319691e-05,9.813
6.860000000000001,-0.6954502448038385,0.49204148006963483,3.333438701864878,7.361294329353838,down,down,down,down,-0.0350309043797151,0.0097719843819152,0.000121587204685,9.889935572319691e-05,9.829
6.875,-0.6883281181254101,0.5098393496083191,3.3436704598211175,7.411370824258409,down,down,down,down,-0.0350309043797151,0.0097719843819152,0.000121587204685,9.889935572319691e-05,9.844
6.891,-0.681241550976022,0.4779413512164675,3.3544706654238183,7.464954007865093,down,down,down,down,-0.0350309043797151,0.0097719843819152,0.000121587204685,9.889935572319691e-05,9.86
6.906000000000001,-0.675072530937319,0.4462989069599002,3.36449644127244,7.515344437357247,down,down,down,down,-0.0350309043797151,0.0097719843819152,0.000121587204685,9.889935572319691e-05,9.875
6.922000000000001,-0.6687825825877364,0.4281526762286291,3.3750909304305297,7.569259190935596,down,down,down,down,-0.0350309043797151,0.0097719843819152,0.000121587204685,9.889935572319691e-05,9.891
6.938000000000001,-0.6626266245720361,0.4197782803609795,3.3855858523376967,7.623342659802467,down,down,down,down,-0.0350309043797151,0.0097719843819152,0.000121587204685,9.889935572319691e-05,9.907
6.969000000000001,-0.6553927886715804,0.2683804495557038,3.4057122217271343,7.728604010747128,down,down,down,down,-0.0350309043797151,0.0097719843819152,0.000121587204685,9.889935572319691e-05,9.938
6.985000000000001,-0.6483399885822826,0.47583090996082483,3.415985732195054,7.783175648983231,down,down,down,down,-0.0350309043797151,0.0097719843819152,0.000121587204685,9.889935572319691e-05,9.954
7.0,-0.6410938169462844,0.5181090134462984,3.425509905970789,7.8344850424614,down,down,down,down,-0.0350309043797151,0.0097719843819152,0.000121587204685,9.889935572319691e-05,9.969
7.016,-0.63192448825502,0.6081139475837403,3.4355377006622887,7.889371477919189,down,down,down,down,-0.0350309043797151,0.0097719843819152,0.000121587204685,9.889935572319691e-05,9.985
7.031000000000001,-0.622994815297904,0.6303424348540924,3.4448030156732075,7.940972209483637,down,down,down,down,-0.0350309043797151,0.0097719843819152,0.000121587204685,9.889935572319691e-05,10.0
7.047000000000001,-0.6147495895311187,0.5503575148037975,3.454548619161729,7.996165077167041,down,down,down,down,-0.0350309043797151,0.0097719843819152,0.000121587204685,9.889935572319691e-05,10.016
7.063000000000001,-0.6053099794968392,0.625006531522184,3.464152743963842,8.05151274267677,down,down,down,down,-0.0350309043797151,0.0097719843819152,0.000121587204685,9.889935572319691e-05,10.032
7.078000000000001,-0.5968057700388342,0.6019782015800275,3.4730220323196312,8.103539729690828,down,down,down,down,-0.0350309043797151,0.0097719843819152,0.000121587204685,9.889935572319691e-05,10.047
7.094000000000001,-0.5884149140732776,0.5594594022269993,3.4823474460424175,8.15918074012245,down,down,down,down,-0.0350309043797151,0.0097719843819152,0.000121587204685,9.889935572319691e-05,10.063
7.125,-0.5788654841957007,0.34307702946285273,3.5001373606997466,8.267405485423604,down,down,down,down,-0.0350309043797151,0.0097719843819152,0.000121587204685,9.889935572319691e-05,10.094
7.141,-0.5693850504321406,0.6275580146022217,3.5091670132266586,8.32347797501974,down,down,down,down,-0.0350309043797151,0.0097719843819152,0.000121587204685,9.889935572319691e-05,10.11
7.156000000000001,-0.5601131392941151,0.6531583135813918,3.517491669883877,8.376176091335001,down,down,down,down,-0.0350309043797151,0.0097719843819152,0.000121587204685,9.889935572319691e-05,10.125
7.172000000000001,-0.5489329051734656,0.7337955369203083,3.526207686489507,8.432523740790714,down,down,down,down,-0.0350309043797151,0.0097719843819152,0.000121587204685,9.889935572319691e-05,10.141
7.188000000000001,-0.5380421895807767,0.7157006289227739,3.53474713549743,8.489009433971335,down,down,down,down,-0.0350309043797151,0.0097719843819152,0.000121587204685,9.889935572319691e-05,10.157
7.203000000000001,-0.526248301837576,0.8212900872597301,3.5425827344173393,8.542087584187627,down,down,down,down,-0.0350309043797151,0.0097719843819152,0.000121587204685,9.889935572319691e-05,10.172
7.219000000000001,-0.5174296226390779,0.5861983542858461,3.550775806063042,8.598832507116194,down,down,down,down,-0.0350309043797151,0.0097719843819152,0.000121587204685,9.889935572319691e-05,10.188
7.25,-0.506575349174854,0.3851687580643689,3.566344951610318,8.709144109656782,down,down,down,down,-0.0350309043797151,0.0097719843819152,0.000121587204685,9.889935572319691e-05,10.219
7.266,-0.49597457634853176,0.6975792060248529,3.574208999264394,8.766266595868505,down,down,down,down,-0.0350309043797151,0.0097719843819152,0.000121587204685,9.889935572319691e-05,10.235
7.281000000000001,-0.4861541409235989,0.6897265993752195,3.581428384878207,8.819932052441507,down,down,down,down,-0.0350309043797151,0.0097719843819152,0.000121587204685,9.889935572319691e-05,10.25
7.297000000000001,-0.4771295661769467,0.5990668260454766,3.5889783027849007,8.877293360547537,down,down,down,down,-0.0350309043797151,0.0097719843819152,0.000121587204685,9.889935572319691e-05,10.266
7.313000000000001,-0.46836577278162556,0.5827679915872818,3.5963859137464587,8.934774328884513,down,down,down,down,-0.0350309043797151,0.0097719843819152,0.000121587204685,9.889935572319691e-05,10.282
7.328000000000001,-0.4598055598809337,0.6057117644258179,3.6032006189756993,8.988769404071862,down,down,down,down,-0.0350309043797151,0.0097719843819152,0.000121587204685,9.889935572319691e-05,10.297
7.344000000000001,-0.45019207433940156,0.6358737507254761,3.6103242482993507,9.046475657614788,down,down,down,down,-0.0350309043797151,0.0097719843819152,0.000121587204685,9.889935572319691e-05,10.313
7.360000000000001,-0.43996338981101407,0.6743236874039291,3.617289140262444,9.104294619328007,down,down,down,down,-0.0350309043797151,0.0097719843819152,0.000121587204685,9.889935572319691e-05,10.329
7.391,-0.4291921026383195,0.3824917809182639,3.630458118879569,9.21663093264136,down,down,down,down,-0.0350309043797151,0.0097719843819152,0.000121587204685,9.889935572319691e-05,10.36
7.406000000000001,-0.41851326626638385,0.7469533291753997,3.636669329380626,9.271132564695241,down,down,down,down,-0.0350309043797151,0.0097719843819152,0.000121587204685,9.889935572319691e-05,10.375
7.422000000000001,-0.4080238698976454,0.6906181774258688,3.6431252747198273,9.32936897613277,down,down,down,down,-0.0350309043797151,0.0097719843819152,0.000121587204685,9.889935572319691e-05,10.391
7.438000000000001,-0.4003386047261815,0.5153599775962046,3.649435822766707,9.387707519517388,down,down,down,down,-0.0350309043797151,0.0097719843819152,0.000121587204685,9.889935572319691e-05,10.407
7.453000000000001,-0.39028694332299435,0.7051416645921658,3.655218934611348,9.442490606389656,down,down,down,down,-0.0350309043797151,0.0097719843819152,0.000121587204685,9.889935572319691e-05,10.422
7.485000000000001,-0.3815142786786135,0.309176674516617,3.667255050663152,9.5596462993635,down,down,down,down,-0.0350309043797151,0.0097719843819152,0.000121587204685,9.889935572319691e-05,10.454
7.5,-0.37268963362632757,0.6233405745321607,3.6727650002397096,9.614694625937195,down,down,down,down,-0.0350309043797151,0.0097719843819152,0.000121587204685,9.889935572319691e-05,10.469
7.516,-0.3640288965756663,0.5763269700460448,3.678502396731215,9.673502819717688,down,down,down,down,-0.0350309043797151,0.0097719843819152,0.000121587204685,9.889935572319691e-05,10.485
7.531000000000001,-0.3538531192495994,0.7134160594508155,3.6837399320841757,9.728717813375736,down,down,down,down,-0.0350309043797151,0.0097719843819152,0.000121587204685,9.889935572319691e-05,10.5
7.547000000000001,-0.34548125608473146,0.5582723521839604,3.68917825533674,9.78769921347983,down,down,down,down,-0.0350309043797151,0.0097719843819152,0.000121587204685,9.889935572319691e-05,10.516
7.563000000000001,-0.335241074122372,0.6750422770271789,3.694467682228286,9.846766435585074,down,down,down,down,-0.0350309043797151,0.0097719843819152,0.000121587204685,9.889935572319691e-05,10.532
7.578000000000001,-0.3251789340990497,0.7058402392678421,3.699274252524218,9.902217676287652,down,down,down,down,-0.0350309043797151,0.0097719843819152,0.000121587204685,9.889935572319691e-05,10.547
7.610000000000001,-0.31834529218181895,0.2485822142931771,3.7092579366444904,10.0207503005238,down,down,down,down,-0.0350309043797151,0.0097719843819152,0.000121587204685,9.889935572319691e-05,10.579
7.625,-0.31175659321271876,0.47427750231976334,3.7138371210192203,10.076421689648202,down,down,down,down,-0.0350309043797151,0.0097719843819152,0.000121587204685,9.889935572319691e-05,10.594
7.641,-0.3037484520689587,0.5355397258647164,3.718604809631363,10.135879279698132,down,down,down,down,-0.0350309043797151,0.0097719843819152,0.000121587204685,9.889935572319691e-05,10.61
7.656000000000001,-0.2954860042227877,0.5858607607910962,3.7229524882878224,10.191689135624456,down,down,down,down,-0.0350309043797151,0.0097719843819152,0.000121587204685,9.889935572319691e-05,10.625
7.672000000000001,-0.2873868605728517,0.5412273825007162,3.727459119456077,10.251290483091132,down,down,down,down,-0.0350309043797151,0.0097719843819152,0.000121587204685,9.889935572319691e-05,10.641
7.703000000000001,-0.2798653364590676,0.2776607145017763,3.7359485969942328,10.36696953349277,down,down,down,down,-0.0350309043797151,0.0097719843819152,0.000121587204685,9.889935572319691e-05,10.672
7.719000000000001,-0.27125981611758637,0.5728759257222903,3.7402012464647347,10.426776786845165,down,down,down,down,-0.0350309043797151,0.0097719843819152,0.000121587204685,9.889935572319691e-05,10.688
7.735000000000001,-0.2628663019873797,0.559625537517635,3.7443179036594643,10.486650994650883,down,down,down,down,-0.0350309043797151,0.0097719843819152,0.000121587204685,9.889935572319691e-05,10.704
7.75,-0.2558186918614921,0.5048715794389272,3.7480614613476018,10.542842016080364,down,down,down,down,-0.0350309043797151,0.0097719843819152,0.000121587204685,9.889935572319691e-05,10.719
7.766,-0.24916839884286532,0.450674218043886,3.751945006323126,10.602840122426453,down,down,down,down,-0.0350309043797151,0.0097719843819152,0.000121587204685,9.889935572319691e-05,10.735
7.781000000000001,-0.2426892672330981,0.4669730116975126,3.7554873590529674,10.659144041358708,down,down,down,down,-0.0350309043797151,0.0097719843819152,0.000121587204685,9.889935572319691e-05,10.75
7.797000000000001,-0.2344594780493753,0.5493927283623933,3.759148197265117,10.719259180413976,down,down,down,down,-0.0350309043797151,0.0097719843819152,0.000121587204685,9.889935572319691e-05,10.766
7.813000000000001,-0.2294552050864115,0.3477979645649521,3.762703162980092,10.779432045900663,down,down,down,down,-0.0350309043797151,0.0097719843819152,0.000121587204685,9.889935572319691e-05,10.782
7.828000000000001,-0.224550745460048,0.3619948794705982,3.765961627843462,10.835895208023771,down,down,down,down,-0.0350309043797151,0.0097719843819152,0.000121587204685,9.889935572319691e-05,10.797
7.860000000000001,-0.2185633597338067,0.2221367083247573,3.7727387500263427,10.956510523279139,down,down,down,down,-0.0350309043797151,0.0097719843819152,0.000121587204685,9.889935572319691e-05,10.829
7.875,-0.2139173087201359,0.34476763862445814,3.7758357752740177,11.013123008410817,down,down,down,down,-0.0350309043797151,0.0097719843819152,0.000121587204685,9.889935572319691e-05,10.844
7.891,-0.2088550386081279,0.3514227863802144,3.7790616023025327,11.073560242036155,down,down,down,down,-0.0350309043797151,0.0097719843819152,0.000121587204685,9.889935572319691e-05,10.86
7.906000000000001,-0.2038792357029421,0.36675109805875883,3.7820105295941375,11.130266459217312,down,down,down,down,-0.0350309043797151,0.0097719843819152,0.000121587204685,9.889935572319691e-05,10.875
7.922000000000001,-0.2000120959207424,0.2767271407671935,3.785085308497017,11.190801280526768,down,down,down,down,-0.0350309043797151,0.0097719843819152,0.000121587204685,9.889935572319691e-05,10.891
7.938000000000001,-0.1959102130802214,0.29139858191228,3.788096335218914,11.25138478828122,down,down,down,down,-0.0350309043797151,0.0097719843819152,0.000121587204685,9.889935572319691e-05,10.907
7.953000000000001,-0.19280827444554652,0.2418268133580335,3.790865144109628,11.308225175568115,down,down,down,down,-0.0350309043797151,0.0097719843819152,0.000121587204685,9.889935572319691e-05,10.922
7.969000000000001,-0.1898617579750023,0.2191881837887289,3.793770152618882,11.368900312546668,down,down,down,down,-0.0350309043797151,0.0097719843819152,0.000121587204685,9.889935572319691e-05,10.938
8.0,-0.1869574735586122,0.1287174984568159,3.799307919191813,11.486589253456383,down,down,down,down,-0.0350309043797151,0.0097719843819152,0.000121587204685,9.889935572319691e-05,10.969
8.016,-0.1817378625871483,0.36125659009621175,3.8021011301308687,11.54739858045569,down,down,down,down,-0.0350309043797151,0.0097719843819152,0.000121587204685,9.889935572319691e-05,10.985
8.031,-0.1784180660615088,0.2563506727556745,3.804655719830005,11.604447433022328,down,down,down,down,-0.0350309043797151,0.0097719843819152,0.000121587204685,9.889935572319691e-05,11.0
8.047,-0.17273558868244251,0.3901857405713549,3.8073085973178458,11.665341202164235,down,down,down,down,-0.0350309043797151,0.0097719843819152,0.000121587204685,9.889935572319691e-05,11.016
8.063,-0.1671838310850527,0.3820157542165769,3.809871600925875,11.726276698354912,down,down,down,down,-0.0350309043797151,0.0097719843819152,0.000121587204685,9.889935572319691e-05,11.032
8.078000000000001,-0.1629468345591965,0.31749733943678343,3.8122010011524785,11.78344041906243,down,down,down,down,-0.0350309043797151,0.0097719843819152,0.000121587204685,9.889935572319691e-05,11.047
8.110000000000001,-0.1588219713227871,0.1639328805175113,3.817036598546369,11.905504329867064,down,down,down,down,-0.0350309043797151,0.0097719843819152,0.000121587204685,9.889935572319691e-05,11.079
8.125,-0.1552380334486062,0.2739600959917927,3.819245468816425,11.962774621564208,down,down,down,down,-0.0350309043797151,0.0097719843819152,0.000121587204685,9.889935572319691e-05,11.094
8.141,-0.15319722014370452,0.1625817359360706,3.821556599095053,12.023899092712224,down,down,down,down,-0.0350309043797151,0.0097719843819152,0.000121587204685,9.889935572319691e-05,11.11
8.156,-0.1511541008997276,0.17123885397817198,3.8236926542371505,12.081236638304148,down,down,down,down,-0.0350309043797151,0.0097719843819152,0.000121587204685,9.889935572319691e-05,11.125
8.172,-0.14830779619764012,0.2129249482601815,3.825931997663819,12.142431690124079,down,down,down,down,-0.0350309043797151,0.0097719843819152,0.000121587204685,9.889935572319691e-05,11.141
8.188,-0.14672093905123332,0.1342094760301417,3.828135875795699,12.203662287716481,down,down,down,down,-0.0350309043797151,0.0097719843819152,0.000121587204685,9.889935572319691e-05,11.157
8.203000000000001,-0.1439280262179475,0.221225093265425,3.8301691632694888,12.261097751701403,down,down,down,down,-0.0350309043797151,0.0097719843819152,0.000121587204685,9.889935572319691e-05,11.172
8.235000000000001,-0.1409378867087872,0.1284727640409735,3.834414314376095,12.383727196553183,down,down,down,down,-0.0350309043797151,0.0097719843819152,0.000121587204685,9.889935572319691e-05,11.204
8.25,-0.1401269259051111,0.0890949579581296,3.836375720704971,12.441256298008216,down,down,down,down,-0.0350309043797151,0.0097719843819152,0.000121587204685,9.889935572319691e-05,11.219
8.266,-0.13924921762293951,0.0898876720154398,3.838454378103085,12.502652993403405,down,down,down,down,-0.0350309043797151,0.0097719843819152,0.000121587204685,9.889935572319691e-05,11.235
8.281,-0.1366601055592439,0.2076383752927491,3.8403771182612227,12.56024240581807,down,down,down,down,-0.0350309043797151,0.0097719843819152,0.000121587204685,9.889935572319691e-05,11.25
8.297,-0.13269500215379879,0.28284986722003314,3.842375607372817,12.621702482227867,down,down,down,down,-0.0350309043797151,0.0097719843819152,0.000121587204685,9.889935572319691e-05,11.266
8.313,-0.1288429618602843,0.2757834227243706,3.8443115593348187,12.683194034166254,down,down,down,down,-0.0350309043797151,0.0097719843819152,0.000121587204685,9.889935572319691e-05,11.282
8.328000000000001,-0.1269736464453305,0.1596519320432991,3.846083604131382,12.740870174084183,down,down,down,down,-0.0350309043797151,0.0097719843819152,0.000121587204685,9.889935572319691e-05,11.297
8.344000000000001,-0.1232115674559056,0.2701608412187662,3.847928734092481,12.8024203273947,down,down,down,down,-0.0350309043797151,0.0097719843819152,0.000121587204685,9.889935572319691e-05,11.313
8.360000000000001,-0.1176251770640187,0.3841803038726465,3.84969907629853,12.863999404482552,down,down,down,down,-0.0350309043797151,0.0097719843819152,0.000121587204685,9.889935572319691e-05,11.329
8.391,-0.1122453685189145,0.2085731155121161,3.852959138239226,12.983386837604538,down,down,down,down,-0.0350309043797151,0.0097719843819152,0.000121587204685,9.889935572319691e-05,11.36
8.406,-0.10993326290653181,0.1891712785385565,3.854478898209188,13.041190799069833,down,down,down,down,-0.0350309043797151,0.0097719843819152,0.000121587204685,9.889935572319691e-05,11.375
8.422,-0.1076701161003796,0.1764775797642305,3.856063373491133,13.102873191848161,down,down,down,down,-0.0350309043797151,0.0097719843819152,0.000121587204685,9.889935572319691e-05,11.391
8.438,-0.1041651888049219,0.2540888603458214,3.857601704180265,13.164580567074255,down,down,down,down,-0.0350309043797151,0.0097719843819152,0.000121587204685,9.889935572319691e-05,11.407
8.453000000000001,-0.10167960389332881,0.20073656515257599,3.8589989603597727,13.22245324825024,down,down,down,down,-0.0350309043797151,0.0097719843819152,0.000121587204685,9.889935572319691e-05,11.422
8.469000000000001,-0.0993095701714565,0.1831580119967392,3.8604505220021808,13.28420689871386,down,down,down,down,-0.0350309043797151,0.0097719843819152,0.000121587204685,9.889935572319691e-05,11.438
8.5,-0.0977284298771969,0.0860354300009944,3.8632016794870947,13.403919738633594,down,down,down,down,-0.0350309043797151,0.0097719843819152,0.000121587204685,9.889935572319691e-05,11.469
8.516,-0.0975288943809359,0.0475018728960244,3.8646073863310497,13.465740265764863,down,down,down,down,-0.0350309043797151,0.0097719843819152,0.000121587204685,9.889935572319691e-05,11.485
8.531,-0.0959018403939334,0.1435011701798756,3.865911537076133,13.523717333882352,down,down,down,down,-0.0350309043797151,0.0097719843819152,0.000121587204685,9.889935572319691e-05,11.5
8.547,-0.0950030027159022,0.0912082592566668,3.867282424070901,13.585580940176252,down,down,down,down,-0.0350309043797151,0.0097719843819152,0.000121587204685,9.889935572319691e-05,11.516
8.563,-0.0961384706863998,0.0359358437763831,3.8686552041080082,13.647466495806407,down,down,down,down,-0.0350309043797151,0.0097719843819152,0.000121587204685,9.889935572319691e-05,11.532
8.578000000000001,-0.09717032515381681,0.033759393448085505,3.869958440311082,13.705504274331483,down,down,down,down,-0.0350309043797151,0.0097719843819152,0.000121587204685,9.889935572319691e-05,11.547
8.610000000000001,-0.0946209820767406,0.1146978755383467,3.872714397726549,13.829383148949535,down,down,down,down,-0.0350309043797151,0.0097719843819152,0.000121587204685,9.889935572319691e-05,11.579
8.625,-0.09215998485632851,0.1990973857405385,3.8739686752128186,13.887481448188506,down,down,down,down,-0.0350309043797151,0.0097719843819152,0.000121587204685,9.889935572319691e-05,11.594
8.656,-0.08944935145393261,0.1224706915537733,3.876480688409788,14.007609644121313,down,down,down,down,-0.0350309043797151,0.0097719843819152,0.000121587204685,9.889935572319691e-05,11.625
8.672,-0.0870978107157077,0.1820022005187684,3.877736713957035,14.069641437944973,down,down,down,down,-0.0350309043797151,0.0097719843819152,0.000121587204685,9.889935572319691e-05,11.641
8.688,-0.0838179243335054,0.2400238032673608,3.878947688087318,14.131692967766053,down,down,down,down,-0.0350309043797151,0.0097719843819152,0.000121587204685,9.889935572319691e-05,11.657
8.703000000000001,-0.0801406663032277,0.2801814397315552,3.880030797751365,14.189883482601775,down,down,down,down,-0.0350309043797151,0.0097719843819152,0.000121587204685,9.889935572319691e-05,11.672
8.735000000000001,-0.0785174439097335,0.0857566041764093,3.8822566240145506,14.314076190559481,down,down,down,down,-0.0350309043797151,0.0097719843819152,0.000121587204685,9.889935572319691e-05,11.704
8.75,-0.0769009228373692,0.1427989758706709,3.8832756819994247,14.37231585904651,down,down,down,down,-0.0350309043797151,0.0097719843819152,0.000121587204685,9.889935572319691e-05,11.719
8.766,-0.0761963125413326,0.0790690478820046,3.884344108132344,14.434454871972292,down,down,down,down,-0.0350309043797151,0.0097719843819152,0.000121587204685,9.889935572319691e-05,11.735
8.797,-0.0738273511866384,0.1114490125956562,3.886366543404288,14.554897117867766,down,down,down,down,-0.0350309043797151,0.0097719843819152,0.000121587204685,9.889935572319691e-05,11.766
8.813,-0.0729822998134607,0.087846615203321,3.887384668862178,14.617085182170623,down,down,down,down,-0.0350309043797151,0.0097719843819152,0.000121587204685,9.889935572319691e-05,11.782
8.828000000000001,-0.0722872964746343,0.0813644603014759,3.88832761106861,14.675401200462035,down,down,down,down,-0.0350309043797151,0.0097719843819152,0.000121587204685,9.889935572319691e-05,11.797
8.844000000000001,-0.0709058916978032,0.1213687029316537,3.889316804823879,14.7376204103939,down,down,down,down,-0.0350309043797151,0.0097719843819152,0.000121587204685,9.889935572319691e-05,11.813
8.860000000000001,-0.069565588543213,0.1187998515416035,3.890284224915697,14.799855273236542,down,down,down,down,-0.0350309043797151,0.0097719843819152,0.000121587204685,9.889935572319691e-05,11.829
8.875,-0.0686715861650134,0.094631062926359,3.8911744239602792,14.858214389295037,down,down,down,down,-0.0350309043797151,0.0097719843819152,0.000121587204685,9.889935572319691e-05,11.844
8.906,-0.0680324624404117,0.055647798721706,3.892990405197824,14.978865174943644,down,down,down,down,-0.0350309043797151,0.0097719843819152,0.000121587204685,9.889935572319691e-05,11.875
8.922,-0.0664175127855219,0.13596525781033,3.893909653249521,15.041158430015948,down,down,down,down,-0.0350309043797151,0.0097719843819152,0.000121587204685,9.889935572319691e-05,11.891
8.938,-0.0631010234983459,0.2423114848282138,3.894789449789682,15.103466077444988,down,down,down,down,-0.0350309043797151,0.0097719843819152,0.000121587204685,9.889935572319691e-05,11.907
8.953000000000001,-0.059829765097083,0.2531147977972305,3.8955648509384178,15.161891910892379,down,down,down,down,-0.0350309043797151,0.0097719843819152,0.000121587204685,9.889935572319691e-05,11.922
8.969000000000001,-0.0587231410975092,0.1041949043530801,3.8963569224378642,15.224225339684114,down,down,down,down,-0.0350309043797151,0.0097719843819152,0.000121587204685,9.889935572319691e-05,11.938
8.985000000000001,-0.0577849352841609,0.0936687677139805,3.897132635298807,15.286571310750732,down,down,down,down,-0.0350309043797151,0.0097719843819152,0.000121587204685,9.889935572319691e-05,11.954
9.0,-0.0574962916677338,0.0542738121415239,3.8978506647352176,15.345031861692913,down,down,down,down,-0.0350309043797151,0.0097719843819152,0.000121587204685,9.889935572319691e-05,11.969
9.016,-0.057258642737172696,0.0498839625397842,3.8986123524603458,15.407401620435202,down,down,down,down,-0.0350309043797151,0.0097719843819152,0.000121587204685,9.889935572319691e-05,11.985
9.031,-0.054361600282358896,0.228167068033962,3.899302924517264,15.465884161204466,down,down,down,down,-0.0350309043797151,0.0097719843819152,0.000121587204685,9.889935572319691e-05,12.0
9.063,-0.053779319792146896,0.0532271696988409,3.9007204757382348,15.590680644818004,down,down,down,down,-0.0350309043797151,0.0097719843819152,0.000121587204685,9.889935572319691e-05,12.032
9.078000000000001,-0.0531596378558879,0.076343033463643,3.9013759381548665,15.649194544114136,down,down,down,down,-0.0350309043797151,0.0097719843819152,0.000121587204685,9.889935572319691e-05,12.047
9.094000000000001,-0.0516528548617606,0.1292048415126725,3.902058086346497,15.711620070914872,down,down,down,down,-0.0350309043797151,0.0097719843819152,0.000121587204685,9.889935572319691e-05,12.063
9.110000000000001,-0.0504625699925628,0.10942370870457821,3.902718657995221,15.77405633947433,down,down,down,down,-0.0350309043797151,0.0097719843819152,0.000121587204685,9.889935572319691e-05,12.079
9.125,-0.0506601469642688,0.0218591062659827,3.903330498606668,15.832599884340768,down,down,down,down,-0.0350309043797151,0.0097719843819152,0.000121587204685,9.889935572319691e-05,12.094
9.141,-0.049075193629008,0.1340904878335127,3.903972029581303,15.895056359170997,down,down,down,down,-0.0350309043797151,0.0097719843819152,0.000121587204685,9.889935572319691e-05,12.11
9.156,-0.0480777790241119,0.10152521137278639,3.9045540971104735,15.953618481313118,down,down,down,down,-0.0350309043797151,0.0097719843819152,0.000121587204685,9.889935572319691e-05,12.125
9.172,-0.0471020580161666,0.096013467376296,3.905159184056685,16.01609424216718,down,down,down,down,-0.0350309043797151,0.0097719843819152,0.000121587204685,9.889935572319691e-05,12.141
9.203000000000001,-0.047212329358714396,0.031473764297527504,3.906318125545157,16.137168371262668,down,down,down,down,-0.0350309043797151,0.0097719843819152,0.000121587204685,9.889935572319691e-05,12.172
9.219000000000001,-0.0471139411223048,0.0411801691553162,3.9069163839588947,16.199672301943426,down,down,down,down,-0.0350309043797151,0.0097719843819152,0.000121587204685,9.889935572319691e-05,12.188
9.235000000000001,-0.047034011675012796,0.0400264948354625,3.907513215831162,16.26218579334647,down,down,down,down,-0.0350309043797151,0.0097719843819152,0.000121587204685,9.889935572319691e-05,12.204
9.25,-0.045940115054340896,0.1079573457578504,3.9080639420159025,16.32080079822225,down,down,down,down,-0.0350309043797151,0.0097719843819152,0.000121587204685,9.889935572319691e-05,12.219
9.266,-0.044874785050721296,0.10161402960594221,3.908634109466633,16.38333243723884,down,down,down,down,-0.0350309043797151,0.0097719843819152,0.000121587204685,9.889935572319691e-05,12.235
9.297,-0.0434221087411436,0.0818914304951233,3.909699779804568,16.504512843319198,down,down,down,down,-0.0350309043797151,0.0097719843819152,0.000121587204685,9.889935572319691e-05,12.266
9.313,-0.043596046521819996,0.024159793087438604,3.910239573296561,16.56707041274873,down,down,down,down,-0.0350309043797151,0.0097719843819152,0.000121587204685,9.889935572319691e-05,12.282
9.328000000000001,-0.042126377404624396,0.1330088455260842,3.910735911710281,16.625725905078212,down,down,down,down,-0.0350309043797151,0.0097719843819152,0.000121587204685,9.889935572319691e-05,12.297
9.344000000000001,-0.0404936696220374,0.1370751407914063,3.9112405203363827,16.68829977113931,down,down,down,down,-0.0350309043797151,0.0097719843819152,0.000121587204685,9.889935572319691e-05,12.313
9.360000000000001,-0.0381159277291906,0.183639772682639,3.911713045365082,16.750881454269646,down,down,down,down,-0.0350309043797151,0.0097719843819152,0.000121587204685,9.889935572319691e-05,12.329
9.391,-0.0358093119805679,0.1094378640127075,3.912555955064744,16.872153854572957,down,down,down,down,-0.0350309043797151,0.0097719843819152,0.000121587204685,9.889935572319691e-05,12.36
9.406,-0.0346140162733465,0.11471728486114091,3.91293755026092,16.930843232054833,down,down,down,down,-0.0350309043797151,0.0097719843819152,0.000121587204685,9.889935572319691e-05,12.375
9.422,-0.0354075158583703,0.014562819684274697,3.913341370767863,16.99345151802779,down,down,down,down,-0.0350309043797151,0.0097719843819152,0.000121587204685,9.889935572319691e-05,12.391
9.438,-0.0362490640102811,0.0175658551147125,3.9137582716567016,17.056066369771912,down,down,down,down,-0.0350309043797151,0.0097719843819152,0.000121587204685,9.889935572319691e-05,12.407
9.453000000000001,-0.0357473834120386,0.0684762775958815,3.914151665246641,17.11477387049062,down,down,down,down,-0.0350309043797151,0.0097719843819152,0.000121587204685,9.889935572319691e-05,12.422
9.469000000000001,-0.0342602936312611,0.1279740156783084,3.9145553749128768,17.17740158141662,down,down,down,down,-0.0350309043797151,0.0097719843819152,0.000121587204685,9.889935572319691e-05,12.438
9.485000000000001,-0.0350367580363196,0.013498120936442197,3.914953399576106,17.24003570621726,down,down,down,down,-0.0350309043797151,0.0097719843819152,0.000121587204685,9.889935572319691e-05,12.454
9.516,-0.0349644195278687,0.0373644046523247,3.915735486312512,17.361407614745183,down,down,down,down,-0.0350309043797151,0.0097719843819152,0.000121587204685,9.889935572319691e-05,12.485
9.531,-0.035063996118481,0.0283924650055677,3.9161141196641305,17.42014466298194,down,down,down,down,-0.0350309043797151,0.0097719843819152,0.000121587204685,9.889935572319691e-05,12.5
9.547,-0.0351509707875869,0.029594987560596503,3.916519487649268,17.48280378644517,down,down,down,down,-0.0350309043797151,0.0097719843819152,0.000121587204685,9.889935572319691e-05,12.516
9.563,-0.0354186156699131,0.0183030992343262,3.916927692590818,17.545469418491816,down,down,down,down,-0.0350309043797151,0.0097719843819152,0.000121587204685,9.889935572319691e-05,12.532
9.578000000000001,-0.0338536256461345,0.13936357263162,3.917300654634959,17.604224307287943,down,down,down,down,-0.0350309043797151,0.0097719843819152,0.000121587204685,9.889935572319691e-05,12.547
9.594000000000001,-0.0322749245870407,0.1336997205730741,3.917673331286714,17.66690215378004,down,down,down,down,-0.0350309043797151,0.0097719843819152,0.000121587204685,9.889935572319691e-05,12.563
9.610000000000001,-0.0301754177893495,0.16625007923541618,3.918016582275614,17.729585727693262,down,down,down,down,-0.0350309043797151,0.0097719843819152,0.000121587204685,9.889935572319691e-05,12.579
9.641,-0.0283068592305769,0.0953069869207673,3.918620126053584,17.851049827469016,down,down,down,down,-0.0350309043797151,0.0097719843819152,0.000121587204685,9.889935572319691e-05,12.61
9.656,-0.026476876618515097,0.1570297451838303,3.9188844243067233,17.90982928778865,down,down,down,down,-0.0350309043797151,0.0097719843819152,0.000121587204685,9.889935572319691e-05,12.625
9.672,-0.025720911880584903,0.0822787005003569,3.9191456548646055,17.972531583026747,down,down,down,down,-0.0350309043797151,0.0097719843819152,0.000121587204685,9.889935572319691e-05,12.641
9.703000000000001,-0.024972300696731398,0.059179652245956504,3.919628468143715,18.094028812730034,down,down,down,down,-0.0350309043797151,0.0097719843819152,0.000121587204685,9.889935572319691e-05,12.672
9.719000000000001,-0.0244808952495104,0.065743744831023,3.9198677419611747,18.156742837015603,down,down,down,down,-0.0350309043797151,0.0097719843819152,0.000121587204685,9.889935572319691e-05,12.688
9.735000000000001,-0.025738631592872603,0.04357761708041769,3.9201131464258028,18.21946073872742,down,down,down,down,-0.0350309043797151,0.0097719843819152,0.000121587204685,9.889935572319691e-05,12.704
9.75,-0.0261287214172369,0.0,3.92035557180765,18.278262430306096,down,down,down,down,-0.0350309043797151,0.0097719843819152,0.000121587204685,9.889935572319691e-05,12.719
9.766,-0.0265540532505567,0.0,3.920620682254882,18.340988294943323,down,down,down,down,-0.0350309043797151,0.0097719843819152,0.000121587204685,9.889935572319691e-05,12.735
9.781,-0.0258483650323987,0.0820767855902449,3.920867120626275,18.399797629656863,down,down,down,down,-0.0350309043797151,0.0097719843819152,0.000121587204685,9.889935572319691e-05,12.75
9.813,-0.0260245072864647,0.0295264589401515,3.921384383083156,18.525269762925664,down,down,down,down,-0.0350309043797151,0.0097719843819152,0.000121587204685,9.889935572319691e-05,12.782
9.828000000000001,-0.0261741273510444,0.0250562334077398,3.921629293077208,18.5840905416888,down,down,down,down,-0.0350309043797151,0.0097719843819152,0.000121587204685,9.889935572319691e-05,12.797
9.844000000000001,-0.026399244126357697,0.0209611059226315,3.921893528298917,18.646836778864532,down,down,down,down,-0.0350309043797151,0.0097719843819152,0.000121587204685,9.889935572319691e-05,12.813
9.860000000000001,-0.0238784868569633,0.1925782337168637,3.922139398396673,18.70958709688282,down,down,down,down,-0.0350309043797151,0.0097719843819152,0.000121587204685,9.889935572319691e-05,12.829
9.875,-0.0235972605416633,0.053779325399718705,3.9223488867364336,18.768418935213244,down,down,down,down,-0.0350309043797151,0.0097719843819152,0.000121587204685,9.889935572319691e-05,12.844
9.891,-0.0237267622028855,0.0269370505533299,3.9225711271682795,18.83117634992921,down,down,down,down,-0.0350309043797151,0.0097719843819152,0.000121587204685,9.889935572319691e-05,12.86
9.906,-0.0209244591951253,0.22185110489705379,3.922759431563036,18.890014505311626,down,down,down,down,-0.0350309043797151,0.0097719843819152,0.000121587204685,9.889935572319691e-05,12.875
9.922,-0.0182425027252754,0.20265318374533509,3.922916415508288,18.952777966692924,down,down,down,down,-0.0350309043797151,0.0097719843819152,0.000121587204685,9.889935572319691e-05,12.891
9.938,-0.018340223891728402,0.0289233314764018,3.9230527255711136,19.015543774426284,down,down,down,down,-0.0350309043797151,0.0097719843819152,0.000121587204685,9.889935572319691e-05,12.907
9.953000000000001,-0.0179238854360618,0.0627868014241524,3.9231781266253427,19.074388682009687,down,down,down,down,-0.0350309043797151,0.0097719843819152,0.000121587204685,9.889935572319691e-05,12.922
9.985000000000001,-0.0174851250409346,0.0487421667274415,3.923431967292754,19.199930552721828,down,down,down,down,-0.0350309043797151,0.0097719843819152,0.000121587204685,9.889935572319691e-05,12.954
10.0,-0.0173234592307255,0.0458086250603189,3.9235464519090626,19.258781067057765,down,down,down,down,-0.0350309043797151,0.0097719843819152,0.000121587204685,9.889935572319691e-05,12.969
10.016,-0.0167536876784203,0.0706416263987899,3.923662717334225,19.32155679501644,down,down,down,down,-0.0350309043797151,0.0097719843819152,0.000121587204685,9.889935572319691e-05,12.985
10.031,-0.0162654994769279,0.0675767844792094,3.9237637814721618,19.380410669949416,down,down,down,down,-0.0350309043797151,0.0097719843819152,0.000121587204685,9.889935572319691e-05,13.0
10.047,-0.0175125610289387,0.042910442620961005,3.923877654206098,19.443189856039567,down,down,down,down,-0.0350309043797151,0.0097719843819152,0.000121587204685,9.889935572319691e-05,13.016
10.063,-0.018671295233215,0.0373899833875509,3.924010773306085,19.505971018064386,down,down,down,down,-0.0350309043797151,0.0097719843819152,0.000121587204685,9.889935572319691e-05,13.032
10.078000000000001,-0.0197858274081851,0.039271240618292104,3.9241526219601663,19.564830419720817,down,down,down,down,-0.0350309043797151,0.0097719843819152,0.000121587204685,9.889935572319691e-05,13.047
10.110000000000001,-0.019080101770890902,0.057084830545159004,3.92446177332681,19.69040435925486,down,down,down,down,-0.0350309043797151,0.0097719843819152,0.000121587204685,9.889935572319691e-05,13.079
10.125,-0.0188773379933663,0.0485484895480225,3.924599874359313,19.74927049780443,down,down,down,down,-0.0350309043797151,0.0097719843819152,0.000121587204685,9.889935572319691e-05,13.094
10.141,-0.0186121374298514,0.051605939599394204,3.9247434384125888,19.812063298911333,down,down,down,down,-0.0350309043797151,0.0097719843819152,0.000121587204685,9.889935572319691e-05,13.11
10.156,-0.0182475612099572,0.0593359857059991,3.924873306386658,19.87093360068926,down,down,down,down,-0.0350309043797151,0.0097719843819152,0.000121587204685,9.889935572319691e-05,13.125
10.172,-0.0188245726641564,0.0,3.925013531707541,19.933730749998734,down,down,down,down,-0.0350309043797151,0.0097719843819152,0.000121587204685,9.889935572319691e-05,13.141
10.188,-0.019415530076509202,0.0,3.925163100779355,19.996530217663363,down,down,down,down,-0.0350309043797151,0.0097719843819152,0.000121587204685,9.889935572319691e-05,13.157
10.203000000000001,-0.0193489772398399,0.0394677601576636,3.925307254818499,20.05540692152228,down,down,down,down,-0.0350309043797151,0.0097719843819152,0.000121587204685,9.889935572319691e-05,13.172
10.235000000000001,-0.019710494096575,0.0237335026067457,3.9256195028596608,20.181017858854574,down,down,down,down,-0.0350309043797151,0.0097719843819152,0.000121587204685,9.889935572319691e-05,13.204
10.25,-0.020085443884745598,0.010034251835002901,3.9257713926287914,20.239901466762667,down,down,down,down,-0.0350309043797151,0.0097719843819152,0.000121587204685,9.889935572319691e-05,13.219
10.266,-0.019092580691351398,0.0970848539668525,3.9259284650752897,20.30271312022903,down,down,down,down,-0.0350309043797151,0.0097719843819152,0.000121587204685,9.889935572319691e-05,13.235
10.281,-0.0174742197344811,0.1429216348377303,3.926056136312755,20.361601180931366,down,down,down,down,-0.0350309043797151,0.0097719843819152,0.000121587204685,9.889935572319691e-05,13.25
10.297,-0.0158230550875923,0.1382286948102686,3.9261661627612208,20.424417013928682,down,down,down,down,-0.0350309043797151,0.0097719843819152,0.000121587204685,9.889935572319691e-05,13.266
10.313,-0.0167069221183523,0.020210785042787498,3.926270050828758,20.48723455824213,down,down,down,down,-0.0350309043797151,0.0097719843819152,0.000121587204685,9.889935572319691e-05,13.282
10.344000000000001,-0.0152526042822368,0.0819443829640849,3.9264624919721274,20.608948143452203,down,down,down,down,-0.0350309043797151,0.0097719843819152,0.000121587204685,9.889935572319691e-05,13.313
10.360000000000001,-0.0159911049067406,0.011125384651769599,3.926556089895529,20.671770346711867,down,down,down,down,-0.0350309043797151,0.0097719843819152,0.000121587204685,9.889935572319691e-05,13.329
10.375,-0.01442073022055,0.1397225501257628,3.9266375988932545,20.730667475569707,down,down,down,down,-0.0350309043797151,0.0097719843819152,0.000121587204685,9.889935572319691e-05,13.344
10.391,-0.013850457099627001,0.07067297443739931,3.926707416641705,20.793492290298712,down,down,down,down,-0.0350309043797151,0.0097719843819152,0.000121587204685,9.889935572319691e-05,13.36
10.406,-0.013275243389427701,0.0733784850596674,3.9267642796296442,20.852391504212683,down,down,down,down,-0.0350309043797151,0.0097719843819152,0.000121587204685,9.889935572319691e-05,13.375
10.422,-0.0111525134780413,0.167701523841365,3.926803349934474,20.91521809985392,down,down,down,down,-0.0350309043797151,0.0097719843819152,0.000121587204685,9.889935572319691e-05,13.391
10.438,-0.0122284793613988,0.0322169633301257,3.9268340461270785,20.978045253627133,down,down,down,down,-0.0350309043797151,0.0097719843819152,0.000121587204685,9.889935572319691e-05,13.407
10.453000000000001,-0.0132908104815267,0.035791170295474094,3.926878861035172,21.036946276622782,down,down,down,down,-0.0350309043797151,0.0097719843819152,0.000121587204685,9.889935572319691e-05,13.422
