timestamps,aAcc,aJerk,aVelocity,aHeight,jerks_direction,accelerations_direction,velocities_direction,heights_direction,start_jerks,start_accelerations,start_velocities,start_heights,actual_timestamps
0.0,0.0,0.0,0.0,0.0,down,up,up,down,-0.000578533259521,0.0015134448159237,-3.695818183122825,-93.8654541972035,32.906
0.015999999999998238,0.0,0.0,0.0,0.05913289218933926,down,up,up,down,-0.000578533259521,0.0015134448159237,-3.695818183122825,-93.8654541972035,32.922
0.030999999999998806,0.0,0.027998211263201497,0.0,0.11456963732292991,down,up,up,down,-0.000578533259521,0.0015134448159237,-3.695818183122825,-93.8654541972035,32.937
0.04700000000000415,0.0,0.09654096121144559,0.0,0.1737017530007421,down,up,up,down,-0.000578533259521,0.0015134448159237,-3.695818183122825,-93.8654541972035,32.953
0.06300000000000239,0.0,0.09528509502510979,0.0,0.2328331791164544,down,up,up,down,-0.000578533259521,0.0015134448159237,-3.695818183122825,-93.8654541972035,32.969
0.07800000000000296,0.0,0.052341588371201696,0.0,0.28826804693089514,down,up,up,down,-0.000578533259521,0.0015134448159237,-3.695818183122825,-93.8654541972035,32.984
0.0940000000000012,0.0,0.061088380305169804,0.0,0.3473976148175808,down,up,up,down,-0.000578533259521,0.0015134448159237,-3.695818183122825,-93.8654541972035,33.0
0.10900000000000176,0.0,0.0,0.0,0.4028306301184017,down,up,up,down,-0.000578533259521,0.0015134448159237,-3.695818183122825,-93.8654541972035,33.015
0.125,0.0,0.0,0.0,0.4619581266650101,down,up,up,down,-0.000578533259521,0.0015134448159237,-3.695818183122825,-93.8654541972035,33.031
0.14099999999999824,0.0,0.0,0.0,0.52108457335774,down,up,up,down,-0.000578533259521,0.0015134448159237,-3.695818183122825,-93.8654541972035,33.047
0.1559999999999988,0.0,0.013441594111125601,0.0,0.5765147014845695,down,up,up,down,-0.000578533259521,0.0015134448159237,-3.695818183122825,-93.8654541972035,33.062
0.17200000000000415,0.0,0.0122447539696547,0.0,0.6356392444125731,down,up,up,down,-0.000578533259521,0.0015134448159237,-3.695818183122825,-93.8654541972035,33.078
0.1880000000000024,0.0,0.043805681965718796,0.0,0.6947629146740582,down,up,up,down,-0.000578533259521,0.0015134448159237,-3.695818183122825,-93.8654541972035,33.094
0.20300000000000296,0.0,0.0343111333115437,0.0,0.7501906276726373,down,up,up,down,-0.000578533259521,0.0015134448159237,-3.695818183122825,-93.8654541972035,33.109
0.2190000000000012,0.0,0.0324371615251264,0.0,0.809312693201079,down,up,up,down,-0.000578533259521,0.0015134448159237,-3.695818183122825,-93.8654541972035,33.125
0.23400000000000176,0.0,0.1238081783814783,0.0,0.8647386632858911,down,up,up,down,-0.000578533259521,0.0015134448159237,-3.695818183122825,-93.8654541972035,33.14
0.25,0.0,0.11328857452964769,0.0,0.9238582826324944,down,up,up,down,-0.000578533259521,0.0015134448159237,-3.695818183122825,-93.8654541972035,33.156
0.26599999999999824,0.0,0.033171735289165,0.0,0.9829761338790348,down,up,up,down,-0.000578533259521,0.0015134448159237,-3.695818183122825,-93.8654541972035,33.172
0.2809999999999988,0.0,0.07199588191071829,0.0,1.0383974103129106,down,up,up,down,-0.000578533259521,0.0015134448159237,-3.695818183122825,-93.8654541972035,33.187
0.29700000000000415,0.0,0.06589927897702229,0.0,1.0975114460091788,down,up,up,down,-0.000578533259521,0.0015134448159237,-3.695818183122825,-93.8654541972035,33.203
0.3130000000000024,0.0,0.011818050209556698,0.0,1.1566232154538483,down,up,up,down,-0.000578533259521,0.0015134448159237,-3.695818183122825,-93.8654541972035,33.219
0.32800000000000296,0.0,0.012274941142405299,0.0,1.2120383499060523,down,up,up,down,-0.000578533259521,0.0015134448159237,-3.695818183122825,-93.8654541972035,33.234
0.3440000000000012,0.0,0.0102535804675796,0.0,1.2711454900857717,down,up,up,down,-0.000578533259521,0.0015134448159237,-3.695818183122825,-93.8654541972035,33.25
0.35900000000000176,0.0,0.11060626739081461,0.0,1.3265563099988213,down,up,up,down,-0.000578533259521,0.0015134448159237,-3.695818183122825,-93.8654541972035,33.265
0.375,0.0,0.1011148819695218,0.0,1.3856592266684942,down,up,up,down,-0.000578533259521,0.0015134448159237,-3.695818183122825,-93.8654541972035,33.281
0.39099999999999824,0.0,0.09753043443706491,0.0,1.4447605309426166,down,up,up,down,-0.000578533259521,0.0015134448159237,-3.695818183122825,-93.8654541972035,33.297
0.4059999999999988,0.0,0.0195645857371447,0.0,1.5001668304268918,down,up,up,down,-0.000578533259521,0.0015134448159237,-3.695818183122825,-93.8654541972035,33.312
0.42200000000000415,0.0,0.0350742177602661,0.0,1.5592658073660743,down,up,up,down,-0.000578533259521,0.0015134448159237,-3.695818183122825,-93.8654541972035,33.328
0.4380000000000024,0.0,0.1024699593209612,0.0,1.6183638698309295,down,up,up,down,-0.000578533259521,0.0015134448159237,-3.695818183122825,-93.8654541972035,33.344
0.45300000000000296,0.0,0.1058673702904241,0.0,1.6737677844128314,down,up,up,down,-0.000578533259521,0.0015134448159237,-3.695818183122825,-93.8654541972035,33.359
0.4690000000000012,0.0,0.11579450141198261,0.0,1.732865168786475,down,up,up,down,-0.000578533259521,0.0015134448159237,-3.695818183122825,-93.8654541972035,33.375
0.48400000000000176,0.0,0.013014928723778801,0.0,1.7882691606598513,down,up,up,down,-0.000578533259521,0.0015134448159237,-3.695818183122825,-93.8654541972035,33.39
0.5,0.0,0.0,0.0,1.8473671149926787,down,up,up,down,-0.000578533259521,0.0015134448159237,-3.695818183122825,-93.8654541972035,33.406
0.5159999999999982,0.0,0.0412261718397745,0.0,1.9064655206812517,down,up,up,down,-0.000578533259521,0.0015134448159237,-3.695818183122825,-93.8654541972035,33.422
0.5309999999999988,0.0,0.08117937450109891,0.0,1.961870841211379,down,up,up,down,-0.000578533259521,0.0015134448159237,-3.695818183122825,-93.8654541972035,33.437
0.5470000000000041,0.0,0.06573698058107749,0.0,2.020970585714622,down,up,up,down,-0.000578533259521,0.0015134448159237,-3.695818183122825,-93.8654541972035,33.453
0.5630000000000024,0.0,0.06327746678558979,0.0,2.080070970355436,down,up,up,down,-0.000578533259521,0.0015134448159237,-3.695818183122825,-93.8654541972035,33.469
0.578000000000003,0.0,0.071729967074849,0.0,2.135477926960732,down,up,up,down,-0.000578533259521,0.0015134448159237,-3.695818183122825,-93.8654541972035,33.484
0.5940000000000012,0.0,0.0,0.0,2.1945788515315314,down,up,up,down,-0.000578533259521,0.0015134448159237,-3.695818183122825,-93.8654541972035,33.5
0.6090000000000018,0.0,0.0,0.0,2.2499860764678346,down,up,up,down,-0.000578533259521,0.0015134448159237,-3.695818183122825,-93.8654541972035,33.515
0.625,0.0,0.06921241346414461,0.0,2.3090873136391394,down,up,up,down,-0.000578533259521,0.0015134448159237,-3.695818183122825,-93.8654541972035,33.531
0.6409999999999982,0.0,0.020100363762434098,0.0,2.368188919993301,down,up,up,down,-0.000578533259521,0.0015134448159237,-3.695818183122825,-93.8654541972035,33.547
0.6559999999999988,0.0,0.017667043955130298,0.0,2.4235971293860104,down,up,up,down,-0.000578533259521,0.0015134448159237,-3.695818183122825,-93.8654541972035,33.562
0.6720000000000041,0.0,0.053186246000463004,0.0,2.4826997054060485,down,up,up,down,-0.000578533259521,0.0015134448159237,-3.695818183122825,-93.8654541972035,33.578
0.6880000000000024,0.0,0.0223795189914246,0.0,2.5418026717283766,down,up,up,down,-0.000578533259521,0.0015134448159237,-3.695818183122825,-93.8654541972035,33.594
0.703000000000003,0.0,0.0421813444126785,0.0,2.5972120043869324,down,up,up,down,-0.000578533259521,0.0015134448159237,-3.695818183122825,-93.8654541972035,33.609
0.7190000000000012,0.0,0.0375874885854041,0.0,2.656315713259673,down,up,up,down,-0.000578533259521,0.0015134448159237,-3.695818183122825,-93.8654541972035,33.625
0.7340000000000018,0.0,0.11976969054589659,0.0,2.7117258389474586,down,up,up,down,-0.000578533259521,0.0015134448159237,-3.695818183122825,-93.8654541972035,33.64
0.75,0.0,0.0444792085093674,0.0,2.7708301634892933,down,up,up,down,-0.000578533259521,0.0015134448159237,-3.695818183122825,-93.8654541972035,33.656
0.7659999999999982,0.0,0.038017757515000604,0.0,2.829934447121758,down,up,up,down,-0.000578533259521,0.0015134448159237,-3.695818183122825,-93.8654541972035,33.672
0.7809999999999988,0.0,0.014096413673610099,0.0,2.8853445551260535,down,up,up,down,-0.000578533259521,0.0015134448159237,-3.695818183122825,-93.8654541972035,33.687
0.7970000000000041,0.0,0.0491967085694937,0.0,2.944448387825659,down,up,up,down,-0.000578533259521,0.0015134448159237,-3.695818183122825,-93.8654541972035,33.703
0.8130000000000024,0.0,0.0480108994156455,0.0,3.0035517698137966,down,up,up,down,-0.000578533259521,0.0015134448159237,-3.695818183122825,-93.8654541972035,33.719
0.828000000000003,0.0,0.0814464743369184,0.0,3.0589605808417417,down,up,up,down,-0.000578533259521,0.0015134448159237,-3.695818183122825,-93.8654541972035,33.734
0.8440000000000012,0.0,0.028837588280320202,0.0,3.118062429605331,down,up,up,down,-0.000578533259521,0.0015134448159237,-3.695818183122825,-93.8654541972035,33.75
0.8590000000000018,0.0,0.0472564392910712,0.0,3.17346950627136,down,up,up,down,-0.000578533259521,0.0015134448159237,-3.695818183122825,-93.8654541972035,33.765
0.875,0.0,0.0478145121140025,0.0,3.2325695335222093,down,up,up,down,-0.000578533259521,0.0015134448159237,-3.695818183122825,-93.8654541972035,33.781
0.8909999999999982,0.0,0.0466341939342525,0.0,3.2916688689780216,down,up,up,down,-0.000578533259521,0.0015134448159237,-3.695818183122825,-93.8654541972035,33.797
0.9059999999999988,0.0,0.1000513144062944,0.0,3.347074083988659,down,up,up,down,-0.000578533259521,0.0015134448159237,-3.695818183122825,-93.8654541972035,33.812
0.9220000000000041,0.0,0.09146096155673551,0.0,3.4061728763590935,down,up,up,down,-0.000578533259521,0.0015134448159237,-3.695818183122825,-93.8654541972035,33.828
0.9380000000000024,0.0,0.0518755751215462,0.0,3.4652718944034007,down,up,up,down,-0.000578533259521,0.0015134448159237,-3.695818183122825,-93.8654541972035,33.844
0.953000000000003,0.0,0.0540078559499906,0.0,3.5206776564226487,down,up,up,down,-0.000578533259521,0.0015134448159237,-3.695818183122825,-93.8654541972035,33.859
0.9690000000000012,0.0,0.0479056963405053,0.0,3.5797778055194556,down,up,up,down,-0.000578533259521,0.0015134448159237,-3.695818183122825,-93.8654541972035,33.875
0.9840000000000018,0.0,0.0980276881878775,0.0,3.635185039584613,down,up,up,down,-0.000578533259521,0.0015134448159237,-3.695818183122825,-93.8654541972035,33.89
1.0,0.0,0.0896100839179557,0.0,3.6942873211517764,down,up,up,down,-0.000578533259521,0.0015134448159237,-3.695818183122825,-93.8654541972035,33.906
1.0159999999999982,0.0,0.015254202157201602,0.0,3.7533911639034017,down,up,up,down,-0.000578533259521,0.0015134448159237,-3.695818183122825,-93.8654541972035,33.922
1.0309999999999988,0.0,0.0151200437722203,0.0,3.808802560450701,down,up,up,down,-0.000578533259521,0.0015134448159237,-3.695818183122825,-93.8654541972035,33.937
1.0470000000000041,0.0,0.0137799213426555,0.0,3.86790975805701,down,up,up,down,-0.000578533259521,0.0015134448159237,-3.695818183122825,-93.8654541972035,33.953
1.0630000000000024,0.0,0.033930024443410804,0.0,3.92701872807892,down,up,up,down,-0.000578533259521,0.0015134448159237,-3.695818183122825,-93.8654541972035,33.969
1.078000000000003,0.0,0.0148240699346633,0.0,3.982434962503916,down,up,up,down,-0.000578533259521,0.0015134448159237,-3.695818183122825,-93.8654541972035,33.984
1.0940000000000012,0.0,0.0142082373016954,0.0,4.041547303151376,down,up,up,down,-0.000578533259521,0.0015134448159237,-3.695818183122825,-93.8654541972035,34.0
1.1090000000000018,0.0,0.0197998574099848,0.0,4.096966730834538,down,up,up,down,-0.000578533259521,0.0015134448159237,-3.695818183122825,-93.8654541972035,34.015
1.125,0.0,0.012952284982882499,0.0,4.156082468143779,down,up,up,down,-0.000578533259521,0.0015134448159237,-3.695818183122825,-93.8654541972035,34.031
1.1409999999999982,0.0,0.011682253396873099,0.0,4.2151998866362135,down,up,up,down,-0.000578533259521,0.0015134448159237,-3.695818183122825,-93.8654541972035,34.047
1.1559999999999988,0.0,0.066035670039767,0.0,4.270623906271894,down,up,up,down,-0.000578533259521,0.0015134448159237,-3.695818183122825,-93.8654541972035,34.062
1.1720000000000041,0.0,0.033532392680545996,0.0,4.329744294217235,down,up,up,down,-0.000578533259521,0.0015134448159237,-3.695818183122825,-93.8654541972035,34.078
1.1880000000000024,0.0,0.0,0.0,4.3888661784829,down,up,up,down,-0.000578533259521,0.0015134448159237,-3.695818183122825,-93.8654541972035,34.094
1.203000000000003,0.0,0.010081284934966501,0.0,4.444294359825932,down,up,up,down,-0.000578533259521,0.0015134448159237,-3.695818183122825,-93.8654541972035,34.109
1.2190000000000012,0.0,0.010332445379847,0.0,4.503419302550213,down,up,up,down,-0.000578533259521,0.0015134448159237,-3.695818183122825,-93.8654541972035,34.125
1.2340000000000018,0.0,0.1271046435415783,0.0,4.558850310692861,down,up,up,down,-0.000578533259521,0.0015134448159237,-3.695818183122825,-93.8654541972035,34.14
1.25,0.0,0.1182464505585919,0.0,4.617977833090194,down,up,up,down,-0.000578533259521,0.0015134448159237,-3.695818183122825,-93.8654541972035,34.156
1.2659999999999982,0.0,0.040961275429412004,0.0,4.677106109129809,down,up,up,down,-0.000578533259521,0.0015134448159237,-3.695818183122825,-93.8654541972035,34.172
1.2809999999999988,0.0,0.1916092831068566,0.0,4.732539207863454,down,up,up,down,-0.000578533259521,0.0015134448159237,-3.695818183122825,-93.8654541972035,34.187
1.2970000000000041,0.0,0.1794284994181508,0.0,4.791667617848972,down,up,up,down,-0.000578533259521,0.0015134448159237,-3.695818183122825,-93.8654541972035,34.203
1.3130000000000024,0.0,0.1890756978202498,0.0,4.850795060922735,down,up,up,down,-0.000578533259521,0.0015134448159237,-3.695818183122825,-93.8654541972035,34.219
1.328000000000003,0.0,0.1614229608906054,0.0,4.906225513659351,down,up,up,down,-0.000578533259521,0.0015134448159237,-3.695818183122825,-93.8654541972035,34.234
1.3440000000000012,0.0,0.14445291133770502,0.0,4.965349053920633,down,up,up,down,-0.000578533259521,0.0015134448159237,-3.695818183122825,-93.8654541972035,34.25
1.3590000000000018,0.0122379654606277,0.1527378021168663,0.0,5.020774716103176,down,up,up,down,-0.000578533259521,0.0015134448159237,-3.695818183122825,-93.8654541972035,34.265
1.375,0.0165557676041637,0.2704411672305471,0.0,5.079891872685451,down,up,up,down,-0.000578533259521,0.0015134448159237,-3.695818183122825,-93.8654541972035,34.281
1.3909999999999982,0.0201848873750059,0.2273985189371858,0.0,5.139004447625055,down,up,up,down,-0.000578533259521,0.0015134448159237,-3.695818183122825,-93.8654541972035,34.297
1.4059999999999988,0.0237251976163968,0.2365992160189052,0.0,5.194417460373401,down,up,up,down,-0.000578533259521,0.0015134448159237,-3.695818183122825,-93.8654541972035,34.312
1.4220000000000041,0.0265616794122785,0.1778586455020677,0.0,5.253518445672128,down,up,up,down,-0.000578533259521,0.0015134448159237,-3.695818183122825,-93.8654541972035,34.328
1.4380000000000024,0.0298024047062082,0.2031238641301504,0.0,5.3126122178674535,down,up,up,down,-0.000578533259521,0.0015134448159237,-3.695818183122825,-93.8654541972035,34.344
1.453000000000003,0.0329640879197992,0.2113574141655799,0.0,5.368005364964418,down,up,up,down,-0.000578533259521,0.0015134448159237,-3.695818183122825,-93.8654541972035,34.359
1.4690000000000012,0.0386233002782905,0.3542793056652672,0.0,5.427082665617732,down,up,up,down,-0.000578533259521,0.0015134448159237,-3.695818183122825,-93.8654541972035,34.375
1.4840000000000018,0.044144483067063,0.368657385844337,0.0,5.482458332173238,down,up,up,down,-0.000578533259521,0.0015134448159237,-3.695818183122825,-93.8654541972035,34.39
1.5,0.0502186280498371,0.3802125946829467,0.0,5.5415143291919975,down,up,up,down,-0.000578533259521,0.0015134448159237,-3.695818183122825,-93.8654541972035,34.406
1.5159999999999982,0.0551420335726558,0.3082913784357217,0.0,5.600557156447437,down,up,up,down,-0.000578533259521,0.0015134448159237,-3.695818183122825,-93.8654541972035,34.422
1.5309999999999988,0.0599453560339427,0.3208000306786352,0.0,5.65589665981814,down,up,up,down,-0.000578533259521,0.0015134448159237,-3.695818183122825,-93.8654541972035,34.437
1.5470000000000041,0.06846600739238799,0.5331192431621721,0.0,5.714909964508621,down,up,up,down,-0.000578533259521,0.0015134448159237,-3.695818183122825,-93.8654541972035,34.453
1.5630000000000024,0.0767788379859926,0.5201304453598693,0.0,5.773905367759809,down,up,up,down,-0.000578533259521,0.0015134448159237,-3.695818183122825,-93.8654541972035,34.469
1.578000000000003,0.08420215312336589,0.4954662090843866,0.010428625967275895,5.829195436560454,down,up,up,down,-0.000578533259521,0.0015134448159237,-3.695818183122825,-93.8654541972035,34.484
1.5940000000000012,0.0914444117939741,0.4532197001725856,0.011858013603669004,5.888150234373839,down,up,up,down,-0.000578533259521,0.0015134448159237,-3.695818183122825,-93.8654541972035,34.5
1.6090000000000018,0.0997108232781834,0.5516726322067839,0.013314379538948984,5.943398714172119,down,up,up,down,-0.000578533259521,0.0015134448159237,-3.695818183122825,-93.8654541972035,34.515
1.625,0.1077756149700946,0.5046280140040271,0.014998486161990066,6.0023053021764525,down,up,up,down,-0.000578533259521,0.0015134448159237,-3.695818183122825,-93.8654541972035,34.531
1.6409999999999982,0.11782411425955529,0.6286097388508852,0.01682749911288184,6.06118378522423,down,up,up,down,-0.000578533259521,0.0015134448159237,-3.695818183122825,-93.8654541972035,34.547
1.6559999999999988,0.1280884234312332,0.6848658113713527,0.018694544817801084,6.116354642641596,down,up,up,down,-0.000578533259521,0.0015134448159237,-3.695818183122825,-93.8654541972035,34.562
1.6720000000000041,0.1381023835987225,0.6264510437273959,0.020848286391097037,6.175171390921889,down,up,up,down,-0.000578533259521,0.0015134448159237,-3.695818183122825,-93.8654541972035,34.578
1.6880000000000024,0.14791268255684112,0.6137222181419997,0.023160622037396106,6.233952410584436,down,up,up,down,-0.000578533259521,0.0015134448159237,-3.695818183122825,-93.8654541972035,34.594
1.703000000000003,0.15773085685627922,0.6551234865553693,0.025475650255232907,6.28902491128909,down,up,up,down,-0.000578533259521,0.0015134448159237,-3.695818183122825,-93.8654541972035,34.609
1.7190000000000012,0.16851714816759691,0.6747217402169513,0.028109849412478738,6.347729318221695,down,up,up,down,-0.000578533259521,0.0015134448159237,-3.695818183122825,-93.8654541972035,34.625
1.7340000000000018,0.1790557755926212,0.7031536949277821,0.030739348012919,6.4027252219878505,down,up,up,down,-0.000578533259521,0.0015134448159237,-3.695818183122825,-93.8654541972035,34.64
1.75,0.1902464484387689,0.6999955861438305,0.033717980922225,6.461342654286341,down,up,up,down,-0.000578533259521,0.0015134448159237,-3.695818183122825,-93.8654541972035,34.656
1.7659999999999982,0.2009602808396238,0.6701930583130249,0.03687184987350589,6.519911026569929,down,up,up,down,-0.000578533259521,0.0015134448159237,-3.695818183122825,-93.8654541972035,34.672
1.7809999999999988,0.2113750001680934,0.6948931551574681,0.039987066153303275,6.574771857446578,down,up,up,down,-0.000578533259521,0.0015134448159237,-3.695818183122825,-93.8654541972035,34.687
1.7970000000000041,0.2225998821632622,0.7021336579573367,0.04348308032900983,6.633237187204699,down,up,up,down,-0.000578533259521,0.0015134448159237,-3.695818183122825,-93.8654541972035,34.703
1.8130000000000024,0.23339682543725182,0.675387487883946,0.04715526910686885,6.691645171339175,down,up,up,down,-0.000578533259521,0.0015134448159237,-3.695818183122825,-93.8654541972035,34.719
1.828000000000003,0.243930428631387,0.7028187462018417,0.05075792518462352,6.7463480951288375,down,up,up,down,-0.000578533259521,0.0015134448159237,-3.695818183122825,-93.8654541972035,34.734
1.8440000000000012,0.2542192812957396,0.6436318247816251,0.05476733798109379,6.804636983953472,down,up,up,down,-0.000578533259521,0.0015134448159237,-3.695818183122825,-93.8654541972035,34.75
1.8590000000000018,0.2663204481539516,0.8073229904736273,0.05869408762420569,6.859223296008295,down,up,up,down,-0.000578533259521,0.0015134448159237,-3.695818183122825,-93.8654541972035,34.765
1.875,0.2779134178342346,0.7251391382772886,0.06307217366916484,6.917382256847901,down,up,up,down,-0.000578533259521,0.0015134448159237,-3.695818183122825,-93.8654541972035,34.781
1.8909999999999982,0.2892214442179189,0.7073301822398627,0.0676334676826369,6.9754697026470325,down,up,up,down,-0.000578533259521,0.0015134448159237,-3.695818183122825,-93.8654541972035,34.797
1.9059999999999988,0.3006447489249666,0.7621321803960105,0.07208016580344756,7.029859123142728,down,up,up,down,-0.000578533259521,0.0015134448159237,-3.695818183122825,-93.8654541972035,34.812
1.9220000000000041,0.3126564584614649,0.7513103792904088,0.07701079057959603,7.087799486421659,down,up,up,down,-0.000578533259521,0.0015134448159237,-3.695818183122825,-93.8654541972035,34.828
1.9380000000000024,0.3243783227439874,0.7331950509172599,0.08213128394629354,7.145659440755395,down,up,up,down,-0.000578533259521,0.0015134448159237,-3.695818183122825,-93.8654541972035,34.844
1.953000000000003,0.3346171801258873,0.6831690253861544,0.08709645189005677,7.199827505483455,down,up,up,down,-0.000578533259521,0.0015134448159237,-3.695818183122825,-93.8654541972035,34.859
1.9690000000000012,0.346890300717563,0.7676485702393389,0.09257272685385853,7.2575232429834955,down,up,up,down,-0.000578533259521,0.0015134448159237,-3.695818183122825,-93.8654541972035,34.875
1.9840000000000018,0.3589023133764684,0.8013793771865166,0.09788887313180261,7.311532053730431,down,up,up,down,-0.000578533259521,0.0015134448159237,-3.695818183122825,-93.8654541972035,34.89
2.0,0.3705953024572697,0.7313903508096825,0.10374906917552673,7.3690520411219325,down,up,up,down,-0.000578533259521,0.0015134448159237,-3.695818183122825,-93.8654541972035,34.906
2.0159999999999982,0.3806397128952348,0.6283541856324096,0.10978316441540104,7.42647687418318,down,up,up,down,-0.000578533259521,0.0015134448159237,-3.695818183122825,-93.8654541972035,34.922
2.030999999999999,0.3896695567985873,0.6025681268163305,0.11558318561034397,7.480223899304818,down,up,up,down,-0.000578533259521,0.0015134448159237,-3.695818183122825,-93.8654541972035,34.937
2.047000000000004,0.398427570065179,0.547954362421316,0.12191217774231111,7.537457027327974,down,up,up,down,-0.000578533259521,0.0015134448159237,-3.695818183122825,-93.8654541972035,34.953
2.0630000000000024,0.40668860229601483,0.5168930476868185,0.1283773222382547,7.59458780225809,down,up,up,down,-0.000578533259521,0.0015134448159237,-3.695818183122825,-93.8654541972035,34.969
2.078000000000003,0.4156431787555502,0.5975502972285214,0.13456751226838115,7.64805298874613,down,up,up,down,-0.000578533259521,0.0015134448159237,-3.695818183122825,-93.8654541972035,34.984
2.094000000000001,0.4243453416873333,0.5444637164960286,0.14131163554897785,7.704979046493534,down,up,up,down,-0.000578533259521,0.0015134448159237,-3.695818183122825,-93.8654541972035,35.0
2.1090000000000018,0.4311721767656813,0.4557008718160388,0.14775071860961475,7.7582483515842,down,up,up,down,-0.000578533259521,0.0015134448159237,-3.695818183122825,-93.8654541972035,35.015
2.125,0.4395292470578714,0.5228954265214545,0.154740545117257,7.814961512404338,down,up,up,down,-0.000578533259521,0.0015134448159237,-3.695818183122825,-93.8654541972035,35.031
2.1409999999999982,0.4476824863673255,0.5101559901004589,0.1618624541017124,7.871561779340539,down,up,up,down,-0.000578533259521,0.0015134448159237,-3.695818183122825,-93.8654541972035,35.047
2.155999999999999,0.4542578735137468,0.4389376763542619,0.1686497084730596,7.924520210868053,down,up,up,down,-0.000578533259521,0.0015134448159237,-3.695818183122825,-93.8654541972035,35.062
2.172000000000004,0.4613345206271724,0.4428689778484729,0.17599866274324416,7.98089611482834,down,up,up,down,-0.000578533259521,0.0015134448159237,-3.695818183122825,-93.8654541972035,35.078
2.1880000000000024,0.4682385665914897,0.43208140602939743,0.1834594625580479,8.037153540755895,down,up,up,down,-0.000578533259521,0.0015134448159237,-3.695818183122825,-93.8654541972035,35.094
2.203000000000003,0.4746043666384363,0.424965203055948,0.19055348622951085,8.089785716386814,down,up,up,down,-0.000578533259521,0.0015134448159237,-3.695818183122825,-93.8654541972035,35.109
2.219000000000001,0.4810494129570398,0.4033939281722798,0.1982229315833286,8.145808595974273,down,up,up,down,-0.000578533259521,0.0015134448159237,-3.695818183122825,-93.8654541972035,35.125
2.2340000000000018,0.4865809934464523,0.36935056588700643,0.20550286130359385,8.198217925274449,down,up,up,down,-0.000578533259521,0.0015134448159237,-3.695818183122825,-93.8654541972035,35.14
2.25,0.49197765733856264,0.3378700265164552,0.21335554562692804,8.254000148948975,down,up,up,down,-0.000578533259521,0.0015134448159237,-3.695818183122825,-93.8654541972035,35.156
2.2659999999999982,0.4972579996978191,0.3305999307130855,0.22129364600027301,8.309656046345935,down,up,up,down,-0.000578533259521,0.0015134448159237,-3.695818183122825,-93.8654541972035,35.172
2.280999999999999,0.5026808960471296,0.36210495654688,0.22881588939059938,8.361717497577331,down,up,up,down,-0.000578533259521,0.0015134448159237,-3.695818183122825,-93.8654541972035,35.187
2.297000000000004,0.5080387150490715,0.3354422208807764,0.23692586139642646,8.41712465450101,down,up,up,down,-0.000578533259521,0.0015134448159237,-3.695818183122825,-93.8654541972035,35.203
2.3130000000000024,0.513265855538771,0.3272748138657771,0.24512051307818306,8.47240137443518,down,up,up,down,-0.000578533259521,0.0015134448159237,-3.695818183122825,-93.8654541972035,35.219
2.328000000000003,0.5183669770060302,0.3406532977434522,0.2528804609945081,8.524103639876472,down,up,up,down,-0.000578533259521,0.0015134448159237,-3.695818183122825,-93.8654541972035,35.234
2.344000000000001,0.5211026616277099,0.1715588221145225,0.26122043322063204,8.579123923652716,down,up,up,down,-0.000578533259521,0.0015134448159237,-3.695818183122825,-93.8654541972035,35.25
2.3590000000000018,0.5237716222342268,0.1785092403606402,0.2690796920218359,8.630583945460259,down,up,up,down,-0.000578533259521,0.0015134448159237,-3.695818183122825,-93.8654541972035,35.265
2.375,0.5262678586129166,0.1565933069276498,0.2775042229856668,8.68534436507015,down,up,up,down,-0.000578533259521,0.0015134448159237,-3.695818183122825,-93.8654541972035,35.281
2.3909999999999982,0.5287032111774934,0.1527880685455897,0.28596820666104383,8.739969676562936,down,up,up,down,-0.000578533259521,0.0015134448159237,-3.695818183122825,-93.8654541972035,35.297
2.405999999999999,0.5315913095538853,0.19311842501897522,0.29394311723876854,8.791057614380534,down,up,up,down,-0.000578533259521,0.0015134448159237,-3.695818183122825,-93.8654541972035,35.312
2.422000000000004,0.5344089665064633,0.1766820927955848,0.3024953345643091,8.845419197696089,down,up,up,down,-0.000578533259521,0.0015134448159237,-3.695818183122825,-93.8654541972035,35.328
2.4380000000000024,0.5386604921779323,0.2662988877263643,0.3111041053508381,8.899643493106737,down,up,up,down,-0.000578533259521,0.0015134448159237,-3.695818183122825,-93.8654541972035,35.344
2.453000000000003,0.5428083221013154,0.27710052815171243,0.3192378231301718,8.950353201389959,down,up,up,down,-0.000578533259521,0.0015134448159237,-3.695818183122825,-93.8654541972035,35.359
2.469000000000001,0.546571961326455,0.23580598483077622,0.3279770805146476,9.004308573090753,down,up,up,down,-0.000578533259521,0.0015134448159237,-3.695818183122825,-93.8654541972035,35.375
2.4840000000000018,0.5502968638103027,0.2489053655160258,0.3362262983754123,9.05476432049592,down,up,up,down,-0.000578533259521,0.0015134448159237,-3.695818183122825,-93.8654541972035,35.39
2.5,0.5554904156345746,0.3251755222765465,0.3450968117280251,9.108446826545048,down,up,up,down,-0.000578533259521,0.0015134448159237,-3.695818183122825,-93.8654541972035,35.406
2.5159999999999982,0.559333044254112,0.2407428219806372,0.3540396145241882,9.16198682606499,down,up,up,down,-0.000578533259521,0.0015134448159237,-3.695818183122825,-93.8654541972035,35.422
2.530999999999999,0.5630574634952215,0.2488731493334745,0.3624802450045479,9.212050199865374,down,up,up,down,-0.000578533259521,0.0015134448159237,-3.695818183122825,-93.8654541972035,35.437
2.547000000000004,0.5675767340724374,0.2830329443354208,0.3715495337021464,9.265311052565693,down,up,up,down,-0.000578533259521,0.0015134448159237,-3.695818183122825,-93.8654541972035,35.453
2.5630000000000024,0.5709171886965372,0.20935694726578272,0.38068170020135206,9.318426293624455,down,up,up,down,-0.000578533259521,0.0015134448159237,-3.695818183122825,-93.8654541972035,35.469
2.578000000000003,0.5741561454209716,0.2165089815551405,0.3892924518794727,9.368088760230677,down,up,up,down,-0.000578533259521,0.0015134448159237,-3.695818183122825,-93.8654541972035,35.484
2.594000000000001,0.5785536684065669,0.2754237198592549,0.39853834550714673,9.42091920478154,down,up,up,down,-0.000578533259521,0.0015134448159237,-3.695818183122825,-93.8654541972035,35.5
2.6090000000000018,0.5840567628704871,0.3674514975208589,0.4072806254139638,9.470312835246474,down,up,up,down,-0.000578533259521,0.0015134448159237,-3.695818183122825,-93.8654541972035,35.515
2.625,0.5884954058268885,0.2779937180346387,0.4166852578805966,9.522854199110071,down,up,up,down,-0.000578533259521,0.0015134448159237,-3.695818183122825,-93.8654541972035,35.531
2.6409999999999982,0.592852387413096,0.2728898823975168,0.42616025534357016,9.575244525934238,down,up,up,down,-0.000578533259521,0.0015134448159237,-3.695818183122825,-93.8654541972035,35.547
2.655999999999999,0.5973716708753312,0.3018640974085215,0.43510963745297193,9.624222274485092,down,up,up,down,-0.000578533259521,0.0015134448159237,-3.695818183122825,-93.8654541972035,35.562
2.672000000000004,0.601881233874126,0.2824262206841013,0.444727875808026,9.676316665309017,down,up,up,down,-0.000578533259521,0.0015134448159237,-3.695818183122825,-93.8654541972035,35.578
2.6880000000000024,0.6062465687293397,0.2734119617104092,0.4544171133459076,9.728256596325735,down,up,up,down,-0.000578533259521,0.0015134448159237,-3.695818183122825,-93.8654541972035,35.594
2.703000000000003,0.6106226974470559,0.2923204477739232,0.46356633451446916,9.77680899321362,down,up,up,down,-0.000578533259521,0.0015134448159237,-3.695818183122825,-93.8654541972035,35.609
2.719000000000001,0.6141689196419318,0.2222174204392879,0.4733888825682353,9.828446442406914,down,up,up,down,-0.000578533259521,0.0015134448159237,-3.695818183122825,-93.8654541972035,35.625
2.7340000000000018,0.6176207385309223,0.2306997925255447,0.4826500066767707,9.876713423484418,down,up,up,down,-0.000578533259521,0.0015134448159237,-3.695818183122825,-93.8654541972035,35.64
2.75,0.6199707050200587,0.1474514388305643,0.4925749533422321,9.928044714734213,down,up,up,down,-0.000578533259521,0.0015134448159237,-3.695818183122825,-93.8654541972035,35.656
2.7659999999999982,0.6243276247413281,0.272886015838888,0.5025535550973768,9.979216777596676,down,up,up,down,-0.000578533259521,0.0015134448159237,-3.695818183122825,-93.8654541972035,35.672
2.780999999999999,0.6299449907550905,0.3750696008436663,0.5119833013858393,10.027045023919896,down,up,up,down,-0.000578533259521,0.0015134448159237,-3.695818183122825,-93.8654541972035,35.687
2.797000000000004,0.6354233275238066,0.3429745813041641,0.5221304630491286,10.077905204734392,down,up,up,down,-0.000578533259521,0.0015134448159237,-3.695818183122825,-93.8654541972035,35.703
2.8130000000000024,0.6407680463225542,0.3346234581812859,0.5323642091569529,10.128602338286697,down,up,up,down,-0.000578533259521,0.0015134448159237,-3.695818183122825,-93.8654541972035,35.719
2.828000000000003,0.6440384545880935,0.21860575096213,0.542022959586022,10.17598170726798,down,up,up,down,-0.000578533259521,0.0015134448159237,-3.695818183122825,-93.8654541972035,35.734
2.844000000000001,0.6472290967983749,0.199993671402132,0.5523773151141675,10.226359596000336,down,up,up,down,-0.000578533259521,0.0015134448159237,-3.695818183122825,-93.8654541972035,35.75
2.8590000000000018,0.6518071704722086,0.3057834448484208,0.5621427887909363,10.27343796796788,down,up,up,down,-0.000578533259521,0.0015134448159237,-3.695818183122825,-93.8654541972035,35.765
2.875,0.6562735838125349,0.2797293670299436,0.5726316499422679,10.323492863387969,down,up,up,down,-0.000578533259521,0.0015134448159237,-3.695818183122825,-93.8654541972035,35.781
2.8909999999999982,0.6595299486601007,0.2041013362324098,0.5831822933191027,10.373379442771835,down,up,up,down,-0.000578533259521,0.0015134448159237,-3.695818183122825,-93.8654541972035,35.797
2.905999999999999,0.662638891638295,0.2078413984724669,0.5931212612935797,10.419994438859078,down,up,up,down,-0.000578533259521,0.0015134448159237,-3.695818183122825,-93.8654541972035,35.812
2.922000000000004,0.6653681313431292,0.17115601481160062,0.6037695325944892,10.469552403437959,down,up,up,down,-0.000578533259521,0.0015134448159237,-3.695818183122825,-93.8654541972035,35.828
2.9380000000000024,0.6680308042258947,0.1669955884323798,0.6144609391960953,10.518939650593595,down,up,up,down,-0.000578533259521,0.0015134448159237,-3.695818183122825,-93.8654541972035,35.844
2.953000000000003,0.6715390624495736,0.2344624148381088,0.6245304148684006,10.56508448818495,down,up,up,down,-0.000578533259521,0.0015134448159237,-3.695818183122825,-93.8654541972035,35.859
2.969000000000001,0.6749617533995043,0.2144967176302095,0.635326636512247,10.61413872270387,down,up,up,down,-0.000578533259521,0.0015134448159237,-3.695818183122825,-93.8654541972035,35.875
2.9840000000000018,0.6765782114749683,0.10834240495712129,0.6454858879210446,10.65996990151747,down,up,up,down,-0.000578533259521,0.0015134448159237,-3.695818183122825,-93.8654541972035,35.89
3.0,0.679387381228711,0.1761516428684578,0.6563578277797277,10.70868824272182,down,up,up,down,-0.000578533259521,0.0015134448159237,-3.695818183122825,-93.8654541972035,35.906
3.0159999999999982,0.6821454702671144,0.1729590981597496,0.667274305708748,10.757232276583878,down,up,up,down,-0.000578533259521,0.0015134448159237,-3.695818183122825,-93.8654541972035,35.922
3.030999999999999,0.6846670714763441,0.1686852805414965,0.6775481014440632,10.802583381277074,down,up,up,down,-0.000578533259521,0.0015134448159237,-3.695818183122825,-93.8654541972035,35.937
3.047000000000004,0.6864228168129003,0.11031261679424699,0.688541035667436,10.850787759110176,down,up,up,down,-0.000578533259521,0.0015134448159237,-3.695818183122825,-93.8654541972035,35.953
3.0630000000000024,0.6879161506590847,0.0939118986460588,0.699559962524265,10.898816042054591,down,up,up,down,-0.000578533259521,0.0015134448159237,-3.695818183122825,-93.8654541972035,35.969
3.078000000000003,0.6893242234771879,0.094450054466396,0.7099119670025265,10.94368227532999,down,up,up,down,-0.000578533259521,0.0015134448159237,-3.695818183122825,-93.8654541972035,35.984
3.094000000000001,0.6902591406867362,0.059010858856296304,0.7209728490328913,10.99136828773166,down,up,up,down,-0.000578533259521,0.0015134448159237,-3.695818183122825,-93.8654541972035,36.0
3.1090000000000018,0.6911309228724871,0.0586973456429122,0.7313559761818249,11.035913094289398,down,up,up,down,-0.000578533259521,0.0015134448159237,-3.695818183122825,-93.8654541972035,36.015
3.125,0.6919913309432637,0.0543540376830635,0.7424451693294043,11.083255776055253,down,up,up,down,-0.000578533259521,0.0015134448159237,-3.695818183122825,-93.8654541972035,36.031
3.1409999999999982,0.6951983535907846,0.20101744872960112,0.7535669019227305,11.130420770415213,down,up,up,down,-0.000578533259521,0.0015134448159237,-3.695818183122825,-93.8654541972035,36.047
3.155999999999999,0.6975636961332441,0.15826803609014561,0.7640353189678999,11.174476026505374,down,up,up,down,-0.000578533259521,0.0015134448159237,-3.695818183122825,-93.8654541972035,36.062
3.172000000000004,0.6998375320001227,0.14269327493938422,0.7752387439100255,11.221294924932337,down,up,up,down,-0.000578533259521,0.0015134448159237,-3.695818183122825,-93.8654541972035,36.078
3.1880000000000024,0.7007554984712279,0.0579514377036024,0.7864677032708491,11.267934364284855,down,up,up,down,-0.000578533259521,0.0015134448159237,-3.695818183122825,-93.8654541972035,36.094
3.203000000000003,0.703045307176593,0.1532324469505221,0.797018910985448,11.311495487424779,down,up,up,down,-0.000578533259521,0.0015134448159237,-3.695818183122825,-93.8654541972035,36.109
3.219000000000001,0.705134607668132,0.1311598139807224,0.808308565421259,11.357785958543502,down,up,up,down,-0.000578533259521,0.0015134448159237,-3.695818183122825,-93.8654541972035,36.125
3.2340000000000018,0.7071873676027032,0.1374291955642633,0.8189236819080294,11.401018989435357,down,up,up,down,-0.000578533259521,0.0015134448159237,-3.695818183122825,-93.8654541972035,36.14
3.25,0.7095135080109873,0.14596230877729702,0.8302815040299927,11.446958438877815,down,up,up,down,-0.000578533259521,0.0015134448159237,-3.695818183122825,-93.8654541972035,36.156
3.2659999999999982,0.710575723609681,0.0669670081778835,0.8416664330000119,11.492715946311534,down,up,up,down,-0.000578533259521,0.0015134448159237,-3.695818183122825,-93.8654541972035,36.172
3.280999999999999,0.7115811848310489,0.0676092813507124,0.8523553114855562,11.53544805597474,down,up,up,down,-0.000578533259521,0.0015134448159237,-3.695818183122825,-93.8654541972035,36.187
3.297000000000004,0.7118665147368723,0.0184116523734786,0.8637671081991583,11.580852167547249,down,up,up,down,-0.000578533259521,0.0015134448159237,-3.695818183122825,-93.8654541972035,36.203
3.3130000000000024,0.7131914775743446,0.08338871060154879,0.8751917872547015,11.62607358731357,down,up,up,down,-0.000578533259521,0.0015134448159237,-3.695818183122825,-93.8654541972035,36.219
3.328000000000003,0.714520055117088,0.0891503694424111,0.8859223254221265,11.668302504215333,down,up,up,down,-0.000578533259521,0.0015134448159237,-3.695818183122825,-93.8654541972035,36.234
3.344000000000001,0.7168619894486845,0.146949428984316,0.897397596895706,11.713169035766782,down,up,up,down,-0.000578533259521,0.0015134448159237,-3.695818183122825,-93.8654541972035,36.25
3.3590000000000018,0.7178781404958148,0.068321936401536,0.908180849542529,11.755064470165337,down,up,up,down,-0.000578533259521,0.0015134448159237,-3.695818183122825,-93.8654541972035,36.265
3.375,0.719358025998849,0.0930713771991711,0.91970295399154,11.799574490667013,down,up,up,down,-0.000578533259521,0.0015134448159237,-3.695818183122825,-93.8654541972035,36.281
3.3909999999999982,0.7208047886116589,0.09100119656014649,0.9312484716254774,11.843899970192055,down,up,up,down,-0.000578533259521,0.0015134448159237,-3.695818183122825,-93.8654541972035,36.297
3.405999999999999,0.7214548143395554,0.0439135817859539,0.942088120319851,11.8852872184993,down,up,up,down,-0.000578533259521,0.0015134448159237,-3.695818183122825,-93.8654541972035,36.312
3.422000000000004,0.7223167963584896,0.0544524094428886,0.9536625083224939,11.929254304400132,down,up,up,down,-0.000578533259521,0.0015134448159237,-3.695818183122825,-93.8654541972035,36.328
3.4380000000000024,0.7231995997987593,0.0557537482763831,0.9652508546088048,11.973036088426653,down,up,up,down,-0.000578533259521,0.0015134448159237,-3.695818183122825,-93.8654541972035,36.344
3.453000000000003,0.7240608714478025,0.0579966431957361,0.9761280098153935,12.013913019690335,down,up,up,down,-0.000578533259521,0.0015134448159237,-3.695818183122825,-93.8654541972035,36.359
3.469000000000001,0.7248082612392395,0.047290395224336,0.9877431779939432,12.057335141117818,down,up,up,down,-0.000578533259521,0.0015134448159237,-3.695818183122825,-93.8654541972035,36.375
3.4840000000000018,0.7255129512806988,0.0475578693568088,0.998643288760082,12.097874515363998,down,up,up,down,-0.000578533259521,0.0015134448159237,-3.695818183122825,-93.8654541972035,36.39
3.5,0.7267580870542396,0.0783995191058292,1.010285672183815,12.14093617460641,down,up,up,down,-0.000578533259521,0.0015134448159237,-3.695818183122825,-93.8654541972035,36.406
3.5159999999999982,0.7261078005967025,0.0400643703365499,1.021932814402076,12.183811517643676,down,up,up,down,-0.000578533259521,0.0015134448159237,-3.695818183122825,-93.8654541972035,36.422
3.530999999999999,0.7266084259000127,0.0339535534801988,1.0328508877730407,12.22383791262422,down,up,up,down,-0.000578533259521,0.0015134448159237,-3.695818183122825,-93.8654541972035,36.437
3.547000000000004,0.7271201847916426,0.032563463986379604,1.0445049317756325,12.266352156997797,down,up,up,down,-0.000578533259521,0.0015134448159237,-3.695818183122825,-93.8654541972035,36.453
3.5630000000000024,0.727619461759085,0.0317833437246707,1.0561670640650918,12.308679871961033,down,up,up,down,-0.000578533259521,0.0015134448159237,-3.695818183122825,-93.8654541972035,36.469
3.578000000000003,0.7296359388559903,0.13501033971987142,1.067119181241944,12.348192497868055,down,up,up,down,-0.000578533259521,0.0015134448159237,-3.695818183122825,-93.8654541972035,36.484
3.594000000000001,0.7316032335846785,0.1235344538025454,1.0788333097385228,12.39015796887017,down,up,up,down,-0.000578533259521,0.0015134448159237,-3.695818183122825,-93.8654541972035,36.5
3.6090000000000018,0.7313329472461856,0.0174405559733389,1.089828032766993,12.429330281548232,down,up,up,down,-0.000578533259521,0.0015134448159237,-3.695818183122825,-93.8654541972035,36.515
3.625,0.7310692532574112,0.0159023410388776,1.1015514654880758,12.470932336492154,down,up,up,down,-0.000578533259521,0.0015134448159237,-3.695818183122825,-93.8654541972035,36.531
3.6409999999999982,0.734328579559909,0.20428642716565662,1.113298863267668,12.512346624792073,down,up,up,down,-0.000578533259521,0.0015134448159237,-3.695818183122825,-93.8654541972035,36.547
3.655999999999999,0.7375084100989309,0.2125672358609677,1.1243603423623485,12.551001453496696,down,up,up,down,-0.000578533259521,0.0015134448159237,-3.695818183122825,-93.8654541972035,36.562
3.672000000000004,0.7392349656856396,0.1084882574287821,1.1361985044856842,12.59205007365189,down,up,up,down,-0.000578533259521,0.0015134448159237,-3.695818183122825,-93.8654541972035,36.578
3.6880000000000024,0.7407316169072864,0.0941192346124545,1.1480624522634808,12.63290907692786,down,up,up,down,-0.000578533259521,0.0015134448159237,-3.695818183122825,-93.8654541972035,36.594
3.703000000000003,0.7415897902246336,0.0577900877493299,1.1592025644892092,12.671041862049051,down,up,up,down,-0.000578533259521,0.0015134448159237,-3.695818183122825,-93.8654541972035,36.609
3.719000000000001,0.7424056727189612,0.051571189155003104,1.1710987433098117,12.711532542516622,down,up,up,down,-0.000578533259521,0.0015134448159237,-3.695818183122825,-93.8654541972035,36.625
3.7340000000000018,0.7436593439384591,0.0841566145593799,1.1822669326069812,12.749319572694091,down,up,up,down,-0.000578533259521,0.0015134448159237,-3.695818183122825,-93.8654541972035,36.64
3.75,0.7444107492967529,0.0475413681528865,1.1941957084699166,12.789440962495433,down,up,up,down,-0.000578533259521,0.0015134448159237,-3.695818183122825,-93.8654541972035,36.656
3.7659999999999982,0.7451402288458215,0.046171005076317,1.2061363314121105,12.829371397106328,down,up,up,down,-0.000578533259521,0.0015134448159237,-3.695818183122825,-93.8654541972035,36.672
3.780999999999999,0.7438674529203553,0.08427319510489331,1.217326590697596,12.866632697937376,down,up,up,down,-0.000578533259521,0.0015134448159237,-3.695818183122825,-93.8654541972035,36.687
3.797000000000004,0.7444261787649467,0.0354988985464705,1.2292571548681375,12.90619311890282,down,up,up,down,-0.000578533259521,0.0015134448159237,-3.695818183122825,-93.8654541972035,36.703
3.8130000000000024,0.7449457324626056,0.0330506393632115,1.2411963452750112,12.945562581831638,down,up,up,down,-0.000578533259521,0.0015134448159237,-3.695818183122825,-93.8654541972035,36.719
3.828000000000003,0.7451853114897471,0.0165504684022834,1.2523950297768929,12.98229791926559,down,up,up,down,-0.000578533259521,0.0015134448159237,-3.695818183122825,-93.8654541972035,36.734
3.844000000000001,0.7445987890085757,0.0360791218136964,1.2643375176979328,13.021297149815751,down,up,up,down,-0.000578533259521,0.0015134448159237,-3.695818183122825,-93.8654541972035,36.75
3.8590000000000018,0.7457730250041923,0.0788609329672922,1.275538007975268,13.05768535612006,down,up,up,down,-0.000578533259521,0.0015134448159237,-3.695818183122825,-93.8654541972035,36.765
3.875,0.7468961679585178,0.0707749679048708,1.287503576636023,13.096314114373115,down,up,up,down,-0.000578533259521,0.0015134448159237,-3.695818183122825,-93.8654541972035,36.781
3.8909999999999982,0.7483685298449032,0.09260115115862129,1.2994899093355037,13.134751257415289,down,up,up,down,-0.000578533259521,0.0015134448159237,-3.695818183122825,-93.8654541972035,36.797
3.905999999999999,0.7472921512172395,0.0711800419180591,1.3107300661157089,13.170611880346257,down,up,up,down,-0.000578533259521,0.0015134448159237,-3.695818183122825,-93.8654541972035,36.812
3.922000000000004,0.7462889294798725,0.062122825325895505,1.3227029298783446,13.208677507308295,down,up,up,down,-0.000578533259521,0.0015134448159237,-3.695818183122825,-93.8654541972035,36.828
3.9380000000000024,0.7469168453923611,0.0398232777900674,1.334672791194376,13.246551592469658,down,up,up,down,-0.000578533259521,0.0015134448159237,-3.695818183122825,-93.8654541972035,36.844
3.953000000000003,0.7478447264526924,0.062437270614935904,1.3459062046554529,13.281884522747632,down,up,up,down,-0.000578533259521,0.0015134448159237,-3.695818183122825,-93.8654541972035,36.859
3.969000000000001,0.7487414316055485,0.0566226053130343,1.3579031090369726,13.319387139168057,down,up,up,down,-0.000578533259521,0.0015134448159237,-3.695818183122825,-93.8654541972035,36.875
3.9840000000000018,0.7473148224057038,0.0945287467301233,1.3691462326142965,13.354371541852515,down,up,up,down,-0.000578533259521,0.0015134448159237,-3.695818183122825,-93.8654541972035,36.89
4.0,0.7475753668833107,0.0168625631099557,1.3811295692456622,13.391502426367595,down,up,up,down,-0.000578533259521,0.0015134448159237,-3.695818183122825,-93.8654541972035,36.906
4.015999999999998,0.7480383549050984,0.0295152846212542,1.3931186941370228,13.4284415311905,down,up,up,down,-0.000578533259521,0.0015134448159237,-3.695818183122825,-93.8654541972035,36.922
4.030999999999999,0.748481982050496,0.030153676286025503,1.4043652983364288,13.462897673993794,down,up,up,down,-0.000578533259521,0.0015134448159237,-3.695818183122825,-93.8654541972035,36.937
4.047000000000004,0.7491502694216798,0.042346493958497704,1.4163705714652655,13.499464877965352,down,up,up,down,-0.000578533259521,0.0015134448159237,-3.695818183122825,-93.8654541972035,36.953
4.063000000000002,0.7499982623859278,0.0535780935250255,1.4283879748367796,13.535839900524891,down,up,up,down,-0.000578533259521,0.0015134448159237,-3.695818183122825,-93.8654541972035,36.969
4.078000000000003,0.7508151825095446,0.055039874833971,1.4396667773457348,13.56976676263038,down,up,up,down,-0.000578533259521,0.0015134448159237,-3.695818183122825,-93.8654541972035,36.984
4.094000000000001,0.7527926171246246,0.1241681967020372,1.4517198548598618,13.605768760502698,down,up,up,down,-0.000578533259521,0.0015134448159237,-3.695818183122825,-93.8654541972035,37.0
4.109000000000002,0.7557418866533556,0.1971965018415788,1.4630565653104362,13.639345210098256,down,up,up,down,-0.000578533259521,0.0015134448159237,-3.695818183122825,-93.8654541972035,37.015
4.125,0.7586526558073814,0.1825016053861517,1.4751959367671752,13.674972281011591,down,up,up,down,-0.000578533259521,0.0015134448159237,-3.695818183122825,-93.8654541972035,37.031
4.140999999999998,0.7598449652302097,0.07509787218629979,1.4873681328525294,13.710404859384596,down,up,up,down,-0.000578533259521,0.0015134448159237,-3.695818183122825,-93.8654541972035,37.047
4.155999999999999,0.7603798633078291,0.0362384051008141,1.498792520738804,13.743445927229502,down,up,up,down,-0.000578533259521,0.0015134448159237,-3.695818183122825,-93.8654541972035,37.062
4.172000000000004,0.7609017150908723,0.0331942696997103,1.5109869884830522,13.7785007820857,down,up,up,down,-0.000578533259521,0.0015134448159237,-3.695818183122825,-93.8654541972035,37.078
4.188000000000002,0.7615784990018213,0.0428775276938345,1.5231910453128479,13.8133604487453,down,up,up,down,-0.000578533259521,0.0015134448159237,-3.695818183122825,-93.8654541972035,37.094
4.203000000000003,0.7633362640390082,0.11776286907197929,1.534650607707893,13.84586390909449,down,up,up,down,-0.000578533259521,0.0015134448159237,-3.695818183122825,-93.8654541972035,37.109
4.219000000000001,0.765051156758215,0.1077593282099561,1.5469019221913243,13.880344579785259,down,up,up,down,-0.000578533259521,0.0015134448159237,-3.695818183122825,-93.8654541972035,37.125
4.234000000000002,0.7667177444125599,0.11168437688251069,1.5584128906223444,13.912491991436,down,up,up,down,-0.000578533259521,0.0015134448159237,-3.695818183122825,-93.8654541972035,37.14
4.25,0.7658367178432588,0.0544856273218046,1.5706975414374442,13.9465921989095,down,up,up,down,-0.000578533259521,0.0015134448159237,-3.695818183122825,-93.8654541972035,37.156
4.265999999999998,0.766007028058624,0.011222921719845699,1.5829765065217125,13.980495897455782,down,up,up,down,-0.000578533259521,0.0015134448159237,-3.695818183122825,-93.8654541972035,37.172
4.280999999999999,0.7662062077480112,0.013857179218667599,1.5944908074625017,14.012102165347741,down,up,up,down,-0.000578533259521,0.0015134448159237,-3.695818183122825,-93.8654541972035,37.187
4.297000000000004,0.7664005293961935,0.012723636270912999,1.6067758764767142,14.045625122806172,down,up,up,down,-0.000578533259521,0.0015134448159237,-3.695818183122825,-93.8654541972035,37.203
4.313000000000002,0.7673444097997351,0.0595710584808738,1.619070051107335,14.078951446315472,down,up,up,down,-0.000578533259521,0.0015134448159237,-3.695818183122825,-93.8654541972035,37.219
4.328000000000003,0.7682652687300191,0.061969128611788,1.630609825368548,14.110016119988728,down,up,up,down,-0.000578533259521,0.0015134448159237,-3.695818183122825,-93.8654541972035,37.234
4.344000000000001,0.7677674446906053,0.030535469203844,1.6429223021929658,14.14296095389821,down,up,up,down,-0.000578533259521,0.0015134448159237,-3.695818183122825,-93.8654541972035,37.25
4.359000000000002,0.7672666013902685,0.032811020096267,1.6544577592108114,14.173667876184538,down,up,up,down,-0.000578533259521,0.0015134448159237,-3.695818183122825,-93.8654541972035,37.265
4.375,0.7678558648805289,0.0374075014008031,1.666762954058031,14.206231201408329,down,up,up,down,-0.000578533259521,0.0015134448159237,-3.695818183122825,-93.8654541972035,37.281
4.390999999999998,0.7684307560905399,0.0365092338852108,1.6790774621428528,14.23859756900869,down,up,up,down,-0.000578533259521,0.0015134448159237,-3.695818183122825,-93.8654541972035,37.297
4.405999999999999,0.7689994358205734,0.0384905152617525,1.6906308902544258,14.268762029112551,down,up,up,down,-0.000578533259521,0.0015134448159237,-3.695818183122825,-93.8654541972035,37.312
4.422000000000004,0.7694095181287288,0.0262086775192264,1.702962377003076,14.300746373904474,down,up,up,down,-0.000578533259521,0.0015134448159237,-3.695818183122825,-93.8654541972035,37.328
4.438000000000002,0.7691440221348831,0.0160149663558391,1.715295020442233,14.332533405654871,down,up,up,down,-0.000578533259521,0.0015134448159237,-3.695818183122825,-93.8654541972035,37.344
4.453000000000003,0.7689066368013613,0.015247155641931702,1.7268531020564934,14.362154567482975,down,up,up,down,-0.000578533259521,0.0015134448159237,-3.695818183122825,-93.8654541972035,37.359
4.469000000000001,0.768233454994423,0.041495329674128396,1.739174437907913,14.39355943809322,down,up,up,down,-0.000578533259521,0.0015134448159237,-3.695818183122825,-93.8654541972035,37.375
4.484000000000002,0.7680934272667201,0.0,1.7507195911971114,14.422822505621781,down,up,up,down,-0.000578533259521,0.0015134448159237,-3.695818183122825,-93.8654541972035,37.39
4.5,0.7698983162418127,0.1133840942028188,1.7630477402622329,14.453845457900073,down,up,up,down,-0.000578533259521,0.0015134448159237,-3.695818183122825,-93.8654541972035,37.406
4.515999999999998,0.7716316717947151,0.10891325531593529,1.7754041952835786,14.484670933345654,down,up,up,down,-0.000578533259521,0.0015134448159237,-3.695818183122825,-93.8654541972035,37.422
4.530999999999999,0.7730678646284712,0.0963247221765885,1.7870121434789918,14.513390083551798,down,up,up,down,-0.000578533259521,0.0015134448159237,-3.695818183122825,-93.8654541972035,37.437
4.547000000000004,0.7739950049681052,0.058524804486628904,1.7994128615528233,14.543831774441514,down,up,up,down,-0.000578533259521,0.0015134448159237,-3.695818183122825,-93.8654541972035,37.453
4.563000000000002,0.7749516561131244,0.0603692298232272,1.8118286499585265,14.574074933279391,down,up,up,down,-0.000578533259521,0.0015134448159237,-3.695818183122825,-93.8654541972035,37.469
4.578000000000003,0.7732984599137929,0.1096345466959131,1.8234632275009677,14.602247516945297,down,up,up,down,-0.000578533259521,0.0015134448159237,-3.695818183122825,-93.8654541972035,37.484
4.594000000000001,0.7739683920172293,0.0424492897243047,1.835865577433469,14.63210597743577,down,up,up,down,-0.000578533259521,0.0015134448159237,-3.695818183122825,-93.8654541972035,37.5
4.609000000000002,0.7746159338111642,0.043747986188512104,1.8475026615494214,14.659917988390262,down,up,up,down,-0.000578533259521,0.0015134448159237,-3.695818183122825,-93.8654541972035,37.515
4.625,0.7750758745999171,0.0293248325565796,1.859924411133764,14.689391662738728,down,up,up,down,-0.000578533259521,0.0015134448159237,-3.695818183122825,-93.8654541972035,37.531
4.640999999999998,0.7762004814151755,0.070866459213178,1.872358837098938,14.718666487682839,down,up,up,down,-0.000578533259521,0.0015134448159237,-3.695818183122825,-93.8654541972035,37.547
4.655999999999999,0.7769945569787389,0.0535169041637435,1.8840305015591317,14.745930840389732,down,up,up,down,-0.000578533259521,0.0015134448159237,-3.695818183122825,-93.8654541972035,37.562
4.672000000000004,0.7777891412839644,0.050240052336098004,1.8964929862622921,14.774819743417154,down,up,up,down,-0.000578533259521,0.0015134448159237,-3.695818183122825,-93.8654541972035,37.578
4.688000000000002,0.7776470396575483,0.0,1.9089606908268777,14.803509204930421,down,up,up,down,-0.000578533259521,0.0015134448159237,-3.695818183122825,-93.8654541972035,37.594
4.703000000000003,0.7785101838909068,0.0581214821500805,1.9206545716757304,14.830224363208501,down,up,up,down,-0.000578533259521,0.0015134448159237,-3.695818183122825,-93.8654541972035,37.609
4.719000000000001,0.7794120669065521,0.0569462217373591,1.9331421647991636,14.85852708024666,down,up,up,down,-0.000578533259521,0.0015134448159237,-3.695818183122825,-93.8654541972035,37.625
4.734000000000002,0.7798079024942837,0.0269675724416264,1.944859016241909,14.884879344135697,down,up,up,down,-0.000578533259521,0.0015134448159237,-3.695818183122825,-93.8654541972035,37.64
4.75,0.7804518605296185,0.040825910467949804,1.9573653094631536,14.912794640460021,down,up,up,down,-0.000578533259521,0.0015134448159237,-3.695818183122825,-93.8654541972035,37.656
4.765999999999998,0.7810865426278717,0.0402461644003526,1.969881831805467,14.940509754259821,down,up,up,down,-0.000578533259521,0.0015134448159237,-3.695818183122825,-93.8654541972035,37.672
4.780999999999999,0.7801049255877928,0.0648626027457385,1.9816134694893237,14.96631081224696,down,up,up,down,-0.000578533259521,0.0015134448159237,-3.695818183122825,-93.8654541972035,37.687
4.797000000000004,0.7801735504833864,0.0,1.994119912414952,14.993638036121695,down,up,up,down,-0.000578533259521,0.0015134448159237,-3.695818183122825,-93.8654541972035,37.703
4.813000000000002,0.7816952983570058,0.0956877753607415,2.0066390783227286,15.020765055125736,down,up,up,down,-0.000578533259521,0.0015134448159237,-3.695818183122825,-93.8654541972035,37.719
4.828000000000003,0.7831840401037731,0.0998279830440022,2.018398375033424,15.046014546972415,down,up,up,down,-0.000578533259521,0.0015134448159237,-3.695818183122825,-93.8654541972035,37.734
4.844000000000001,0.7840403524020978,0.0540980519048221,2.0309603852905243,15.072752767819793,down,up,up,down,-0.000578533259521,0.0015134448159237,-3.695818183122825,-93.8654541972035,37.75
4.859000000000002,0.7839498410363657,0.0,2.042743013413552,15.097637265076358,down,up,up,down,-0.000578533259521,0.0015134448159237,-3.695818183122825,-93.8654541972035,37.765
4.875,0.7838615372649187,0.0,2.055309719557016,15.123985934142553,down,up,up,down,-0.000578533259521,0.0015134448159237,-3.695818183122825,-93.8654541972035,37.781
4.890999999999998,0.7837968738332481,0.0,2.0678752019628543,15.150133545700356,down,up,up,down,-0.000578533259521,0.0015134448159237,-3.695818183122825,-93.8654541972035,37.797
4.905999999999999,0.7844773519607475,0.0459437417594782,2.079659960328549,15.174464304730009,down,up,up,down,-0.000578533259521,0.0015134448159237,-3.695818183122825,-93.8654541972035,37.812
4.922000000000004,0.785141233060747,0.042071102009475,2.0922411241257795,15.200222186984334,down,up,up,down,-0.000578533259521,0.0015134448159237,-3.695818183122825,-93.8654541972035,37.828
4.938000000000002,0.7859464408603802,0.0509040207366029,2.104834040634202,15.225778676596235,down,up,up,down,-0.000578533259521,0.0015134448159237,-3.695818183122825,-93.8654541972035,37.844
4.953000000000003,0.7867299019796921,0.0528092745469739,2.1166518148777422,15.24955480542674,down,up,up,down,-0.000578533259521,0.0015134448159237,-3.695818183122825,-93.8654541972035,37.859
4.969000000000001,0.7871760484051329,0.0284626848495759,2.129267277597874,15.274720543616894,down,up,up,down,-0.000578533259521,0.0015134448159237,-3.695818183122825,-93.8654541972035,37.875
4.984000000000002,0.7860896623682212,0.0718472025345889,2.141089472100913,15.298130140740994,down,up,up,down,-0.000578533259521,0.0015134448159237,-3.695818183122825,-93.8654541972035,37.89
5.0,0.785007697903211,0.0670442458036231,2.1536824661001384,15.322905056165354,down,up,up,down,-0.000578533259521,0.0015134448159237,-3.695818183122825,-93.8654541972035,37.906
5.015999999999998,0.7852009315018389,0.012655633173765099,2.166268350252432,15.347478540564495,down,up,up,down,-0.000578533259521,0.0015134448159237,-3.695818183122825,-93.8654541972035,37.922
5.030999999999999,0.7864158935192087,0.0815760010841721,2.1780781781123295,15.37033321434862,down,up,up,down,-0.000578533259521,0.0015134448159237,-3.695818183122825,-93.8654541972035,37.937
5.047000000000004,0.7875880032282794,0.0738353900764132,2.190694424403368,15.394516124458448,down,up,up,down,-0.000578533259521,0.0015134448159237,-3.695818183122825,-93.8654541972035,37.953
5.063000000000002,0.7870443920532431,0.0333971651802526,2.203315698682674,15.418497134403736,down,up,up,down,-0.000578533259521,0.0015134448159237,-3.695818183122825,-93.8654541972035,37.969
5.078000000000003,0.7859680745057709,0.07117596990528771,2.2151359938541058,15.440796019456542,down,up,up,down,-0.000578533259521,0.0015134448159237,-3.695818183122825,-93.8654541972035,37.984
5.094000000000001,0.7849180086057981,0.0650505854887867,2.2277272976360516,15.464386204054577,down,up,up,down,-0.000578533259521,0.0015134448159237,-3.695818183122825,-93.8654541972035,38.0
5.109000000000002,0.7853599891099972,0.030043900206125202,2.2395270842911597,15.486319068936979,down,up,up,down,-0.000578533259521,0.0015134448159237,-3.695818183122825,-93.8654541972035,38.015
5.125,0.7857911896019001,0.0275285640034569,2.252120508837908,15.509518979121893,down,up,up,down,-0.000578533259521,0.0015134448159237,-3.695818183122825,-93.8654541972035,38.031
5.140999999999998,0.7849981962543247,0.0489835509639489,2.264711039041811,15.532517417668814,down,up,up,down,-0.000578533259521,0.0015134448159237,-3.695818183122825,-93.8654541972035,38.047
5.155999999999999,0.7842448711869512,0.0496431378987082,2.27650306371986,15.553895584644934,down,up,up,down,-0.000578533259521,0.0015134448159237,-3.695818183122825,-93.8654541972035,38.062
5.172000000000004,0.7849171578816936,0.0425964516809067,2.289080575069468,15.576504006464617,down,up,up,down,-0.000578533259521,0.0015134448159237,-3.695818183122825,-93.8654541972035,38.078
5.188000000000002,0.7843021462365432,0.0378596945623852,2.3016585446194675,15.598911184437057,down,up,up,down,-0.000578533259521,0.0015134448159237,-3.695818183122825,-93.8654541972035,38.094
5.203000000000003,0.783715588404938,0.038525322180817896,2.313441379301518,15.619735207754502,down,up,up,down,-0.000578533259521,0.0015134448159237,-3.695818183122825,-93.8654541972035,38.109
5.219000000000001,0.783805945504005,0.0,2.3260057666898426,15.64175272151654,down,up,up,down,-0.000578533259521,0.0015134448159237,-3.695818183122825,-93.8654541972035,38.125
5.234000000000002,0.7832842569753034,0.0342007019872511,2.3377816448806765,15.66221158867657,down,up,up,down,-0.000578533259521,0.0015134448159237,-3.695818183122825,-93.8654541972035,38.14
5.25,0.7832372207437714,0.0,2.350338031819483,15.683839722192928,down,up,up,down,-0.000578533259521,0.0015134448159237,-3.695818183122825,-93.8654541972035,38.156
5.265999999999998,0.7831599113296068,0.0,2.362893423993123,15.705266961476411,down,up,up,down,-0.000578533259521,0.0015134448159237,-3.695818183122825,-93.8654541972035,38.172
5.280999999999999,0.7833933290704778,0.0161397159842493,2.374665274968363,15.72517254398106,down,up,up,down,-0.000578533259521,0.0015134448159237,-3.695818183122825,-93.8654541972035,38.187
5.297000000000004,0.7813279514029166,0.12850757096301138,2.387207260329209,15.746210654628655,down,up,up,down,-0.000578533259521,0.0015134448159237,-3.695818183122825,-93.8654541972035,38.203
5.313000000000002,0.7793381079154713,0.1237866847058203,2.3997168039208097,15.7670483530446,down,up,up,down,-0.000578533259521,0.0015134448159237,-3.695818183122825,-93.8654541972035,38.219
5.328000000000003,0.7796251516114783,0.0197147796599843,2.411431730039501,15.786402011786734,down,up,up,down,-0.000578533259521,0.0015134448159237,-3.695818183122825,-93.8654541972035,38.234
5.344000000000001,0.7801694109923734,0.0345947445654675,2.4239343016573853,15.806852174463131,down,up,up,down,-0.000578533259521,0.0015134448159237,-3.695818183122825,-93.8654541972035,38.25
5.359000000000002,0.7807207476710794,0.0373343118399191,2.4356636795196005,15.825842462351133,down,up,up,down,-0.000578533259521,0.0015134448159237,-3.695818183122825,-93.8654541972035,38.265
5.375,0.7798792433919175,0.0520154841881006,2.448172694565158,15.845904862288435,down,up,up,down,-0.000578533259521,0.0015134448159237,-3.695818183122825,-93.8654541972035,38.281
5.390999999999998,0.7793134949915537,0.0347807417632222,2.460670451589279,15.865767208049178,down,up,up,down,-0.000578533259521,0.0015134448159237,-3.695818183122825,-93.8654541972035,38.297
5.405999999999999,0.7791172275073066,0.012505965690282402,2.4723813836802595,15.88420659203149,down,up,up,down,-0.000578533259521,0.0015134448159237,-3.695818183122825,-93.8654541972035,38.312
5.422000000000004,0.7788973221120497,0.0131655539440343,2.4848697151942734,15.903681674170471,down,up,up,down,-0.000578533259521,0.0015134448159237,-3.695818183122825,-93.8654541972035,38.328
5.438000000000002,0.7786785553836975,0.0130943872624925,2.497354537331293,15.922956971080211,down,up,up,down,-0.000578533259521,0.0015134448159237,-3.695818183122825,-93.8654541972035,38.344
5.453000000000003,0.7780330528429378,0.0424549694577893,2.509052576065232,15.940846190476591,down,up,up,down,-0.000578533259521,0.0015134448159237,-3.695818183122825,-93.8654541972035,38.359
5.469000000000001,0.777359841461438,0.04149717808422,2.5215199343367205,15.959734701323342,down,up,up,down,-0.000578533259521,0.0015134448159237,-3.695818183122825,-93.8654541972035,38.375
5.484000000000002,0.7760717137039297,0.08529665057436281,2.5331933726727,15.977261624267612,down,up,up,down,-0.000578533259521,0.0015134448159237,-3.695818183122825,-93.8654541972035,38.39
5.5,0.7762652652274191,0.012675503477611798,2.5456362836212043,15.995764077947214,down,up,up,down,-0.000578533259521,0.0015134448159237,-3.695818183122825,-93.8654541972035,38.406
5.515999999999998,0.776493214002203,0.014825331683511599,2.5580825665720948,16.014067418075655,down,up,up,down,-0.000578533259521,0.0015134448159237,-3.695818183122825,-93.8654541972035,38.422
5.530999999999999,0.7759436228467855,0.036060877101638696,2.5697485445207016,16.031045957489297,down,up,up,down,-0.000578533259521,0.0015134448159237,-3.695818183122825,-93.8654541972035,38.437
5.547000000000004,0.7754074363536958,0.032933122558575896,2.582183568111364,16.048963591518202,down,up,up,down,-0.000578533259521,0.0015134448159237,-3.695818183122825,-93.8654541972035,38.453
5.563000000000002,0.7764601641732938,0.06637402198440169,2.594622724032634,16.06668223211102,down,up,up,down,-0.000578533259521,0.0015134448159237,-3.695818183122825,-93.8654541972035,38.469
5.578000000000003,0.7757333580716619,0.04787520684927,2.6062868771217103,16.08311268284922,down,up,up,down,-0.000578533259521,0.0015134448159237,-3.695818183122825,-93.8654541972035,38.484
5.594000000000001,0.7760681591882594,0.021503603046870802,2.618725504376843,16.10044567472717,down,up,up,down,-0.000578533259521,0.0015134448159237,-3.695818183122825,-93.8654541972035,38.5
5.609000000000002,0.7763947944239646,0.0223542156398666,2.630391678201174,16.1165145686047,down,up,up,down,-0.000578533259521,0.0015134448159237,-3.695818183122825,-93.8654541972035,38.515
5.625,0.7762802104009534,0.0,2.642837293356826,16.13346182776219,down,up,up,down,-0.000578533259521,0.0015134448159237,-3.695818183122825,-93.8654541972035,38.531
5.640999999999998,0.77616842111021,0.0,2.655281097525969,16.15020997156509,down,up,up,down,-0.000578533259521,0.0015134448159237,-3.695818183122825,-93.8654541972035,38.547
5.655999999999999,0.7762645870221139,0.0,2.666947046759201,16.16573053322979,down,up,up,down,-0.000578533259521,0.0015134448159237,-3.695818183122825,-93.8654541972035,38.562
5.672000000000004,0.7763584074239702,0.0,2.6793922458318287,16.182092909819033,down,up,up,down,-0.000578533259521,0.0015134448159237,-3.695818183122825,-93.8654541972035,38.578
5.688000000000002,0.7764088905368283,0.0,2.691838599332568,16.1982561539877,down,up,up,down,-0.000578533259521,0.0015134448159237,-3.695818183122825,-93.8654541972035,38.594
5.703000000000003,0.7774910268503419,0.0727209541604259,2.7035155503852115,16.21322827061165,down,up,up,down,-0.000578533259521,0.0015134448159237,-3.695818183122825,-93.8654541972035,38.609
5.719000000000001,0.7782931518183585,0.0507113437605622,2.7159860389316144,16.2290053488271,down,up,up,down,-0.000578533259521,0.0015134448159237,-3.695818183122825,-93.8654541972035,38.625
5.734000000000002,0.7787805181383138,0.0330696212565454,2.7276867931285285,16.24361507533348,down,up,up,down,-0.000578533259521,0.0015134448159237,-3.695818183122825,-93.8654541972035,38.64
5.75,0.7791879115972797,0.026040624444892402,2.7401747556834666,16.25900527387293,down,up,up,down,-0.000578533259521,0.0015134448159237,-3.695818183122825,-93.8654541972035,38.656
5.765999999999998,0.7799871133789669,0.0505286446149721,2.75267237100033,16.274195587789436,down,up,up,down,-0.000578533259521,0.0015134448159237,-3.695818183122825,-93.8654541972035,38.672
5.780999999999999,0.7818363203189325,0.12385899592388949,2.7644087484253035,16.28825475214059,down,up,up,down,-0.000578533259521,0.0015134448159237,-3.695818183122825,-93.8654541972035,38.687
5.797000000000004,0.7836583368358419,0.1144545655663196,2.7769569207996008,16.30305691771676,down,up,up,down,-0.000578533259521,0.0015134448159237,-3.695818183122825,-93.8654541972035,38.703
5.813000000000002,0.7847562248784961,0.06919653592541629,2.789528452410369,16.317658125661055,down,up,up,down,-0.000578533259521,0.0015134448159237,-3.695818183122825,-93.8654541972035,38.719
5.828000000000003,0.7846436650215658,0.0,2.8013216532568586,16.33116402261537,down,up,up,down,-0.000578533259521,0.0015134448159237,-3.695818183122825,-93.8654541972035,38.734
5.844000000000001,0.7845475785052773,0.0,2.8138993983221265,16.345375345132695,down,up,up,down,-0.000578533259521,0.0015134448159237,-3.695818183122825,-93.8654541972035,38.75
5.859000000000002,0.7862260437696005,0.1124762175477258,2.8257029021614275,16.358515600625935,down,up,up,down,-0.000578533259521,0.0015134448159237,-3.695818183122825,-93.8654541972035,38.765
5.875,0.7884222482633465,0.1378413141186626,2.8383243036147445,16.372336473909655,down,up,up,down,-0.000578533259521,0.0015134448159237,-3.695818183122825,-93.8654541972035,38.781
5.890999999999998,0.789027664302866,0.0384170357294919,2.8509681180323274,16.38595522546646,down,up,up,down,-0.000578533259521,0.0015134448159237,-3.695818183122825,-93.8654541972035,38.797
5.905999999999999,0.7895803312591152,0.0374229970094679,2.8628303796712817,16.39853900948053,down,up,up,down,-0.000578533259521,0.0015134448159237,-3.695818183122825,-93.8654541972035,38.812
5.922000000000004,0.7904738262721018,0.0564219715711669,2.8754950280485905,16.411765497148735,down,up,up,down,-0.000578533259521,0.0015134448159237,-3.695818183122825,-93.8654541972035,38.828
5.938000000000002,0.7916749790033641,0.0756505789634237,2.8881764336078475,16.42478921638545,down,up,up,down,-0.000578533259521,0.0015134448159237,-3.695818183122825,-93.8654541972035,38.844
5.953000000000003,0.7929002240215297,0.08226153447055559,2.9000834493027736,16.43681454001046,down,up,up,down,-0.000578533259521,0.0015134448159237,-3.695818183122825,-93.8654541972035,38.859
5.969000000000001,0.7943866711311056,0.09348147760802529,2.912805959581048,16.449444515669356,down,up,up,down,-0.000578533259521,0.0015134448159237,-3.695818183122825,-93.8654541972035,38.875
5.984000000000002,0.7944756433790392,0.0,2.9247451286121136,16.461100155254755,down,up,up,down,-0.000578533259521,0.0015134448159237,-3.695818183122825,-93.8654541972035,38.89
6.0,0.7945678601923589,0.0,2.937481691757738,16.473335431621777,down,up,up,down,-0.000578533259521,0.0015134448159237,-3.695818183122825,-93.8654541972035,38.906
6.015999999999998,0.7946126710228647,0.0,2.950219351124513,16.485366914208655,down,up,up,down,-0.000578533259521,0.0015134448159237,-3.695818183122825,-93.8654541972035,38.922
6.030999999999999,0.7923338326596365,0.1513440242890182,2.962144151574371,16.496461460685254,down,up,up,down,-0.000578533259521,0.0015134448159237,-3.695818183122825,-93.8654541972035,38.937
6.047000000000004,0.7911052176861322,0.0762099025844752,2.9748358790941962,16.508098711369897,down,up,up,down,-0.000578533259521,0.0015134448159237,-3.695818183122825,-93.8654541972035,38.953
6.063000000000002,0.7898676759369287,0.0767678260657019,2.987507877360234,16.51953305224822,down,up,up,down,-0.000578533259521,0.0015134448159237,-3.695818183122825,-93.8654541972035,38.969
6.078000000000003,0.7873273441121107,0.1687769217283428,2.9993595416828414,16.53006881935221,down,up,up,down,-0.000578533259521,0.0015134448159237,-3.695818183122825,-93.8654541972035,38.984
6.094000000000001,0.7837599832637583,0.22238151976252898,3.0119524554189017,16.541111414305377,down,up,up,down,-0.000578533259521,0.0015134448159237,-3.695818183122825,-93.8654541972035,39.0
6.109000000000002,0.7802508271220585,0.2333652095204552,3.0237052381690344,16.551281254350314,down,up,up,down,-0.000578533259521,0.0015134448159237,-3.695818183122825,-93.8654541972035,39.015
6.125,0.7746971467285722,0.3465264913334147,3.036169037076893,16.56193535107829,down,up,up,down,-0.000578533259521,0.0015134448159237,-3.695818183122825,-93.8654541972035,39.031
6.140999999999998,0.7712224933794012,0.2165873010636881,3.0485606093148103,16.57239060483714,down,up,up,down,-0.000578533259521,0.0015134448159237,-3.695818183122825,-93.8654541972035,39.047
6.155999999999999,0.7678679608951349,0.22305696569155808,3.0601264893941087,16.582012724343656,down,up,up,down,-0.000578533259521,0.0015134448159237,-3.695818183122825,-93.8654541972035,39.062
6.172000000000004,0.7645952462763397,0.20396613041511008,3.072410410168539,16.592085520077134,down,up,up,down,-0.000578533259521,0.0015134448159237,-3.695818183122825,-93.8654541972035,39.078
6.188000000000002,0.7602612923497194,0.27029358715427637,3.084633477594601,16.601962259904994,down,up,up,down,-0.000578533259521,0.0015134448159237,-3.695818183122825,-93.8654541972035,39.094
6.203000000000003,0.7550755938912062,0.3451346973080155,3.0960212059136474,16.61104462252554,down,up,up,down,-0.000578533259521,0.0015134448159237,-3.695818183122825,-93.8654541972035,39.109
6.219000000000001,0.7494017882959838,0.3540343164419148,3.108081240088198,16.620544893887455,down,up,up,down,-0.000578533259521,0.0015134448159237,-3.695818183122825,-93.8654541972035,39.125
6.234000000000002,0.7425788500710375,0.454284015070214,3.11929379654819,16.629276853859537,down,up,up,down,-0.000578533259521,0.0015134448159237,-3.695818183122825,-93.8654541972035,39.14
6.25,0.734860707715848,0.4818053639398776,3.131137528127539,16.638406494192097,down,up,up,down,-0.000578533259521,0.0015134448159237,-3.695818183122825,-93.8654541972035,39.156
6.265999999999998,0.7273241501072469,0.470456317278097,3.142859222107177,16.647347611120182,down,up,up,down,-0.000578533259521,0.0015134448159237,-3.695818183122825,-93.8654541972035,39.172
6.280999999999999,0.7199714109769033,0.4896040754300352,3.1537366404875473,16.65556041489758,down,up,up,down,-0.000578533259521,0.0015134448159237,-3.695818183122825,-93.8654541972035,39.187
6.297000000000004,0.7126172259710213,0.4590580296079524,3.1652215647001896,16.664141840186034,down,up,up,down,-0.000578533259521,0.0015134448159237,-3.695818183122825,-93.8654541972035,39.203
6.313000000000002,0.7055907256020735,0.4385777397997653,3.1765914434298277,16.672540427050976,down,up,up,down,-0.000578533259521,0.0015134448159237,-3.695818183122825,-93.8654541972035,39.219
6.328000000000003,0.697404055896083,0.5451994471398229,3.1871366059633033,16.680249739427353,down,up,up,down,-0.000578533259521,0.0015134448159237,-3.695818183122825,-93.8654541972035,39.234
6.344000000000001,0.6893605014443107,0.5021436199763029,3.19825493753908,16.68829969800929,down,up,up,down,-0.000578533259521,0.0015134448159237,-3.695818183122825,-93.8654541972035,39.25
6.359000000000002,0.6809697218434838,0.5588067734622514,3.208555115885979,16.695685895355453,down,up,up,down,-0.000578533259521,0.0015134448159237,-3.695818183122825,-93.8654541972035,39.265
6.375,0.6712688808860019,0.6057240265831655,3.219397239824869,16.70339536743974,down,up,up,down,-0.000578533259521,0.0015134448159237,-3.695818183122825,-93.8654541972035,39.281
6.390999999999998,0.6618570059089475,0.5876636528064454,3.2300864620362826,16.7109325887548,down,up,up,down,-0.000578533259521,0.0015134448159237,-3.695818183122825,-93.8654541972035,39.297
6.405999999999999,0.6521792750057447,0.6446035269539736,3.2399644358153816,16.717844479767777,down,up,up,down,-0.000578533259521,0.0015134448159237,-3.695818183122825,-93.8654541972035,39.312
6.422000000000004,0.6402071507732767,0.7476792312694768,3.2503277423386723,16.7250552332725,down,up,up,down,-0.000578533259521,0.0015134448159237,-3.695818183122825,-93.8654541972035,39.328
6.438000000000002,0.6285133315912965,0.7302851656143222,3.2605017213146423,16.73210168849323,down,up,up,down,-0.000578533259521,0.0015134448159237,-3.695818183122825,-93.8654541972035,39.344
6.453000000000003,0.6173717519634501,0.7421934419302145,3.2698685611135425,16.73856118412185,down,up,up,down,-0.000578533259521,0.0015134448159237,-3.695818183122825,-93.8654541972035,39.359
6.469000000000001,0.6048408811551855,0.782600892257099,3.279670477295545,16.74529796274456,down,up,up,down,-0.000578533259521,0.0015134448159237,-3.695818183122825,-93.8654541972035,39.375
6.484000000000002,0.5923418939467648,0.83268728063516,3.2886720497810487,16.751472666538334,down,up,up,down,-0.000578533259521,0.0015134448159237,-3.695818183122825,-93.8654541972035,39.39
6.5,0.580165229052767,0.7604630226154269,3.2980763218820988,16.757911770495,down,up,up,down,-0.000578533259521,0.0015134448159237,-3.695818183122825,-93.8654541972035,39.406
6.515999999999998,0.567978581485896,0.7610869396700033,3.307285687483462,16.76420196535004,down,up,up,down,-0.000578533259521,0.0015134448159237,-3.695818183122825,-93.8654541972035,39.422
6.530999999999999,0.5551961272535362,0.8515850822310999,3.3157321994712468,16.769966603944738,down,up,up,down,-0.000578533259521,0.0015134448159237,-3.695818183122825,-93.8654541972035,39.437
6.547000000000004,0.5427357079764832,0.7781976715560309,3.324539869270145,16.77597751832478,down,up,up,down,-0.000578533259521,0.0015134448159237,-3.695818183122825,-93.8654541972035,39.453
6.563000000000002,0.5298221975325355,0.806515869487301,3.333144547631271,16.781849133919536,down,up,up,down,-0.000578533259521,0.0015134448159237,-3.695818183122825,-93.8654541972035,39.469
6.578000000000003,0.5163561059236716,0.8971609073313654,3.3410135865794315,16.78723022065978,down,up,up,down,-0.000578533259521,0.0015134448159237,-3.695818183122825,-93.8654541972035,39.484
6.594000000000001,0.5031969641972047,0.8218678246447526,3.3491942262574526,16.792841649087052,down,up,up,down,-0.000578533259521,0.0015134448159237,-3.695818183122825,-93.8654541972035,39.5
6.609000000000002,0.4899344650519027,0.8835880764272513,3.35666541364906,16.7979849745346,down,up,up,down,-0.000578533259521,0.0015134448159237,-3.695818183122825,-93.8654541972035,39.515
6.625,0.4770622142879582,0.8039371394870984,3.3644256022008325,16.803349337337778,down,up,up,down,-0.000578533259521,0.0015134448159237,-3.695818183122825,-93.8654541972035,39.531
6.640999999999998,0.4646985563736568,0.7721500863844007,3.3719839034831796,16.80859115222225,down,up,up,down,-0.000578533259521,0.0015134448159237,-3.695818183122825,-93.8654541972035,39.547
6.655999999999999,0.4526732443516206,0.8011089348761927,3.3788868936608583,16.81339689399053,down,up,up,down,-0.000578533259521,0.0015134448159237,-3.695818183122825,-93.8654541972035,39.562
6.672000000000004,0.4408424324395455,0.738847211244928,3.3860592341922446,16.818410415897674,down,up,up,down,-0.000578533259521,0.0015134448159237,-3.695818183122825,-93.8654541972035,39.578
6.688000000000002,0.4279437639097186,0.8055882498547495,3.3930337388800926,16.823310763043054,down,up,up,down,-0.000578533259521,0.0015134448159237,-3.695818183122825,-93.8654541972035,39.594
6.703000000000003,0.4153811572526412,0.8369285772122755,3.3993813774610495,16.82780492241733,down,up,up,down,-0.000578533259521,0.0015134448159237,-3.695818183122825,-93.8654541972035,39.609
6.719000000000001,0.403027690019762,0.7715131687955086,3.4059528633562826,16.832495339420774,down,up,up,down,-0.000578533259521,0.0015134448159237,-3.695818183122825,-93.8654541972035,39.625
6.734000000000002,0.3908608594003642,0.8105435080336368,3.411929729149173,16.836798492723815,down,up,up,down,-0.000578533259521,0.0015134448159237,-3.695818183122825,-93.8654541972035,39.64
6.75,0.3789927399870479,0.7411789300728318,3.4181127730613263,16.841291243636093,down,up,up,down,-0.000578533259521,0.0015134448159237,-3.695818183122825,-93.8654541972035,39.656
6.765999999999998,0.3674140869008866,0.7230872846256362,3.424108242793484,16.845686566439213,down,up,up,down,-0.000578533259521,0.0015134448159237,-3.695818183122825,-93.8654541972035,39.672
6.780999999999999,0.3568323350917044,0.7048715873525986,3.4295627926306675,16.849721306420392,down,up,up,down,-0.000578533259521,0.0015134448159237,-3.695818183122825,-93.8654541972035,39.687
6.797000000000004,0.3477196637906701,0.5689634230549342,3.435223423738783,16.85393610761942,down,up,up,down,-0.000578533259521,0.0015134448159237,-3.695818183122825,-93.8654541972035,39.703
6.813000000000002,0.3388188891281292,0.5557198831493473,3.4407399472791873,16.85806149158121,down,up,up,down,-0.000578533259521,0.0015134448159237,-3.695818183122825,-93.8654541972035,39.719
6.828000000000003,0.3303643733771331,0.5630558501401973,3.445781523420216,16.861849853297812,down,up,up,down,-0.000578533259521,0.0015134448159237,-3.695818183122825,-93.8654541972035,39.734
6.844000000000001,0.3222380639171441,0.5073158079898503,3.4510265580356245,16.86580847957613,down,up,up,down,-0.000578533259521,0.0015134448159237,-3.695818183122825,-93.8654541972035,39.75
6.859000000000002,0.3143080361617017,0.5280899837699511,3.4558233554584548,16.86944437797179,down,up,up,down,-0.000578533259521,0.0015134448159237,-3.695818183122825,-93.8654541972035,39.765
6.875,0.3065714237173669,0.4829597445114552,3.4608146062545417,16.873244365208052,down,up,up,down,-0.000578533259521,0.0015134448159237,-3.695818183122825,-93.8654541972035,39.781
6.890999999999998,0.2984462513495334,0.5072447397301287,3.465678962772131,16.87696550758581,down,up,up,down,-0.000578533259521,0.0015134448159237,-3.695818183122825,-93.8654541972035,39.797
6.905999999999999,0.2905192539175001,0.527887962209345,3.470118905733873,16.88038429631885,down,up,up,down,-0.000578533259521,0.0015134448159237,-3.695818183122825,-93.8654541972035,39.812
6.922000000000004,0.2827918121851987,0.4823865750091579,3.4747296093797506,16.883958599127894,down,up,up,down,-0.000578533259521,0.0015134448159237,-3.695818183122825,-93.8654541972035,39.828
6.938000000000002,0.27570133668482383,0.4425761855139586,3.4792217696877654,16.88746007902533,down,up,up,down,-0.000578533259521,0.0015134448159237,-3.695818183122825,-93.8654541972035,39.844
6.953000000000003,0.2700317368607781,0.3773947883435107,3.4833374694115964,16.89067815747893,down,up,up,down,-0.000578533259521,0.0015134448159237,-3.695818183122825,-93.8654541972035,39.859
6.969000000000001,0.2641010575795591,0.3700889218167099,3.487634746884173,16.89404347067854,down,up,up,down,-0.000578533259521,0.0015134448159237,-3.695818183122825,-93.8654541972035,39.875
6.984000000000002,0.2582729505887649,0.3879619327934088,3.4915752536176745,16.89713666842161,down,up,up,down,-0.000578533259521,0.0015134448159237,-3.695818183122825,-93.8654541972035,39.89
7.0,0.2538342038696637,0.2768431366843321,3.4956963259703966,16.900371586714854,down,up,up,down,-0.000578533259521,0.0015134448159237,-3.695818183122825,-93.8654541972035,39.906
7.015999999999998,0.2495412351431554,0.2677320121472776,3.499747544599553,16.903541126680253,down,up,up,down,-0.000578533259521,0.0015134448159237,-3.695818183122825,-93.8654541972035,39.922
7.030999999999999,0.24535297297095232,0.2786389448873443,3.503481952832648,16.90645417819637,down,up,up,down,-0.000578533259521,0.0015134448159237,-3.695818183122825,-93.8654541972035,39.937
7.047000000000004,0.2404729756779887,0.3044212975506035,3.5073927755388956,16.90950027129938,down,up,up,down,-0.000578533259521,0.0015134448159237,-3.695818183122825,-93.8654541972035,39.953
7.063000000000002,0.2369552810401743,0.2192773816039014,3.5112364167096954,16.912484328691335,down,up,up,down,-0.000578533259521,0.0015134448159237,-3.695818183122825,-93.8654541972035,39.969
7.078000000000003,0.2335076940710295,0.2292605980167917,3.5147875906952684,16.915226421382656,down,up,up,down,-0.000578533259521,0.0015134448159237,-3.695818183122825,-93.8654541972035,39.984
7.094000000000001,0.2282729726037331,0.32659155844653437,3.518506051145721,16.918093163177872,down,up,up,down,-0.000578533259521,0.0015134448159237,-3.695818183122825,-93.8654541972035,40.0
7.109000000000002,0.2236678137638215,0.3064320560679099,3.5219183087157164,16.920727253225735,down,up,up,down,-0.000578533259521,0.0015134448159237,-3.695818183122825,-93.8654541972035,40.015
7.125,0.2203325933900917,0.2078727400986142,3.5254945270900024,16.923481041469273,down,up,up,down,-0.000578533259521,0.0015134448159237,-3.695818183122825,-93.8654541972035,40.031
7.140999999999998,0.2170899875904588,0.2020843292175556,3.529018122854901,16.926178031199697,down,up,up,down,-0.000578533259521,0.0015134448159237,-3.695818183122825,-93.8654541972035,40.047
7.155999999999999,0.2142048301982129,0.19176529289020028,3.532275535660555,16.928655601507657,down,up,up,down,-0.000578533259521,0.0015134448159237,-3.695818183122825,-93.8654541972035,40.062
7.172000000000004,0.21040647630933051,0.236818584795549,3.5356966412296713,16.93124491502249,down,up,up,down,-0.000578533259521,0.0015134448159237,-3.695818183122825,-93.8654541972035,40.078
7.188000000000002,0.2067033056004135,0.2308696360478178,3.539057734602004,16.93377997094582,down,up,up,down,-0.000578533259521,0.0015134448159237,-3.695818183122825,-93.8654541972035,40.094
7.203000000000003,0.2030259397989074,0.2445791868408781,3.5421534056147377,16.936108160141032,down,up,up,down,-0.000578533259521,0.0015134448159237,-3.695818183122825,-93.8654541972035,40.109
7.219000000000001,0.1990361155998937,0.2487854791788642,3.5453941171749825,16.938540870888673,down,up,up,down,-0.000578533259521,0.0015134448159237,-3.695818183122825,-93.8654541972035,40.125
7.234000000000002,0.19511445368939562,0.2608655941070045,3.548372948116891,16.940774890645812,down,up,up,down,-0.000578533259521,0.0015134448159237,-3.695818183122825,-93.8654541972035,40.14
7.25,0.1905644420053392,0.283797196994038,3.5514825943995034,16.943109137235652,down,up,up,down,-0.000578533259521,0.0015134448159237,-3.695818183122825,-93.8654541972035,40.156
7.265999999999998,0.1883046655843579,0.14065749305182548,3.5545377623772754,16.94539406531142,down,up,up,down,-0.000578533259521,0.0015134448159237,-3.695818183122825,-93.8654541972035,40.172
7.280999999999999,0.1864627917667114,0.12221305458357061,3.5573712199796477,16.94749202069059,down,up,up,down,-0.000578533259521,0.0015134448159237,-3.695818183122825,-93.8654541972035,40.187
7.297000000000004,0.1846513364897895,0.1126374215480629,3.5603643481227554,16.949683227075738,down,up,up,down,-0.000578533259521,0.0015134448159237,-3.695818183122825,-93.8654541972035,40.203
7.313000000000002,0.1813380693707334,0.2065006616815085,3.5633164784866938,16.95182687139281,down,up,up,down,-0.000578533259521,0.0015134448159237,-3.695818183122825,-93.8654541972035,40.219
7.328000000000003,0.1778167752898661,0.2341744054649581,3.5660328414938873,16.953794024239812,down,up,up,down,-0.000578533259521,0.0015134448159237,-3.695818183122825,-93.8654541972035,40.234
7.344000000000001,0.1743779459931414,0.2143482977857949,3.568874614381206,16.955847855522777,down,up,up,down,-0.000578533259521,0.0015134448159237,-3.695818183122825,-93.8654541972035,40.25
7.359000000000002,0.1730385449913197,0.0887148668619241,3.5715029397358284,16.95773229661374,down,up,up,down,-0.000578533259521,0.0015134448159237,-3.695818183122825,-93.8654541972035,40.265
7.375,0.1697909084329883,0.2023987516362125,3.574269790480277,16.95969920570198,down,up,up,down,-0.000578533259521,0.0015134448159237,-3.695818183122825,-93.8654541972035,40.281
7.390999999999998,0.16662900308025821,0.19704055128613118,3.576985364889438,16.96162225538899,down,up,up,down,-0.000578533259521,0.0015134448159237,-3.695818183122825,-93.8654541972035,40.297
7.405999999999999,0.1635887321477672,0.2021061955732073,3.579484699575887,16.963386002652342,down,up,up,down,-0.000578533259521,0.0015134448159237,-3.695818183122825,-93.8654541972035,40.312
7.422000000000004,0.15988740243442662,0.23075457382418818,3.5820967237695998,16.96522644219553,down,up,up,down,-0.000578533259521,0.0015134448159237,-3.695818183122825,-93.8654541972035,40.328
7.438000000000002,0.15633995471991471,0.2211369488974956,3.5846507577438893,16.967025553273402,down,up,up,down,-0.000578533259521,0.0015134448159237,-3.695818183122825,-93.8654541972035,40.344
7.453000000000003,0.1529032762495106,0.22853336476740868,3.586992783648399,16.96867549945982,down,up,up,down,-0.000578533259521,0.0015134448159237,-3.695818183122825,-93.8654541972035,40.359
7.469000000000001,0.14920559117980942,0.2305267835968326,3.5894338697048878,16.97039717716295,down,up,up,down,-0.000578533259521,0.0015134448159237,-3.695818183122825,-93.8654541972035,40.375
7.484000000000002,0.1466723319375181,0.16830541622655978,3.5916756558005067,16.971976128468498,down,up,up,down,-0.000578533259521,0.0015134448159237,-3.695818183122825,-93.8654541972035,40.39
7.5,0.1442605827125512,0.1501557933009266,3.5940273342347617,16.973623595478173,down,up,up,down,-0.000578533259521,0.0015134448159237,-3.695818183122825,-93.8654541972035,40.406
7.515999999999998,0.1402194958967389,0.2519893927287742,3.5963273899806905,16.97523384861441,down,up,up,down,-0.000578533259521,0.0015134448159237,-3.695818183122825,-93.8654541972035,40.422
7.530999999999999,0.1362769721739952,0.262256381590051,3.59842381516346,16.976710487322677,down,up,up,down,-0.000578533259521,0.0015134448159237,-3.695818183122825,-93.8654541972035,40.437
7.547000000000004,0.1336623608871417,0.1628346721687665,3.600607544945005,16.97825132737178,down,up,up,down,-0.000578533259521,0.0015134448159237,-3.695818183122825,-93.8654541972035,40.453
7.563000000000002,0.1311115206072859,0.1588489842314808,3.602749951114015,16.979757558333276,down,up,up,down,-0.000578533259521,0.0015134448159237,-3.695818183122825,-93.8654541972035,40.469
7.578000000000003,0.1268342320692924,0.2845740359400405,3.604707245931328,16.981138902102273,down,up,up,down,-0.000578533259521,0.0015134448159237,-3.695818183122825,-93.8654541972035,40.484
7.594000000000001,0.12266126764198229,0.2602317434473875,3.606727425046073,16.98258051566441,down,up,up,down,-0.000578533259521,0.0015134448159237,-3.695818183122825,-93.8654541972035,40.5
7.609000000000002,0.12021398835549309,0.1625734191730818,3.608571691138293,16.983903045039895,down,up,up,down,-0.000578533259521,0.0015134448159237,-3.695818183122825,-93.8654541972035,40.515
7.625,0.11782639880769889,0.14864581347763778,3.610500229352653,16.985283560605936,down,up,up,down,-0.000578533259521,0.0015134448159237,-3.695818183122825,-93.8654541972035,40.531
7.640999999999998,0.11458153078661229,0.20222571805841308,3.612383707906462,16.986633580037818,down,up,up,down,-0.000578533259521,0.0015134448159237,-3.695818183122825,-93.8654541972035,40.547
7.655999999999999,0.11219047942594959,0.1588248907846492,3.614107199655295,16.98787217097795,down,up,up,down,-0.000578533259521,0.0015134448159237,-3.695818183122825,-93.8654541972035,40.562
7.672000000000004,0.1098577463911568,0.14521728141498438,3.615907800578887,16.989165141906057,down,up,up,down,-0.000578533259521,0.0015134448159237,-3.695818183122825,-93.8654541972035,40.578
7.688000000000002,0.10668014482225989,0.1980215647965573,3.617664318825649,16.990429655880774,down,up,up,down,-0.000578533259521,0.0015134448159237,-3.695818183122825,-93.8654541972035,40.594
7.703000000000003,0.10225951606076049,0.29413005084042787,3.6192540679545107,16.991590040726777,down,up,up,down,-0.000578533259521,0.0015134448159237,-3.695818183122825,-93.8654541972035,40.609
7.719000000000001,0.0979003546648958,0.2718690539820512,3.6208795620373704,16.99280206261679,down,up,up,down,-0.000578533259521,0.0015134448159237,-3.695818183122825,-93.8654541972035,40.625
7.734000000000002,0.0957266744544736,0.1443334807686195,3.6223544664280047,16.99391508015013,down,up,up,down,-0.000578533259521,0.0015134448159237,-3.695818183122825,-93.8654541972035,40.64
7.75,0.09291841702737709,0.17493755593402638,3.6238878422769143,16.995078232610453,down,up,up,down,-0.000578533259521,0.0015134448159237,-3.695818183122825,-93.8654541972035,40.656
7.765999999999998,0.0893572471561583,0.2219945836916781,3.625370262707437,16.996217258700554,down,up,up,down,-0.000578533259521,0.0015134448159237,-3.695818183122825,-93.8654541972035,40.672
7.780999999999999,0.0858122875061067,0.2357521100772459,3.626706735889643,16.997263953957912,down,up,up,down,-0.000578533259521,0.0015134448159237,-3.695818183122825,-93.8654541972035,40.687
7.797000000000004,0.0827002496837288,0.1939238306390328,3.628079051304217,16.998358758590342,down,up,up,down,-0.000578533259521,0.0015134448159237,-3.695818183122825,-93.8654541972035,40.703
7.813000000000002,0.079995058745487,0.16849590038061268,3.6294048288887053,16.999431978478754,down,up,up,down,-0.000578533259521,0.0015134448159237,-3.695818183122825,-93.8654541972035,40.719
7.828000000000003,0.0774292675925814,0.1704742102675099,3.6311082130084795,17.00041540341138,down,up,up,down,-0.000578533259521,0.0015134448159237,-3.695818183122825,-93.8654541972035,40.734
7.844000000000001,0.07536053756613899,0.12871709339314108,3.632854746566804,17.00143679066474,down,up,up,down,-0.000578533259521,0.0015134448159237,-3.695818183122825,-93.8654541972035,40.75
7.859000000000002,0.0720509617203273,0.2200598564612511,3.6344830344836914,17.0023690300537,down,up,up,down,-0.000578533259521,0.0015134448159237,-3.695818183122825,-93.8654541972035,40.765
7.875,0.0688614128344742,0.1987682721063196,3.6361345485971848,17.003337180319022,down,up,up,down,-0.000578533259521,0.0015134448159237,-3.695818183122825,-93.8654541972035,40.781
7.890999999999998,0.0652852997344198,0.2229285354939071,3.6377319374147903,17.004279339360878,down,up,up,down,-0.000578533259521,0.0015134448159237,-3.695818183122825,-93.8654541972035,40.797
7.905999999999999,0.06457150737604779,0.047007623965276496,3.6392285651403578,17.00513940833855,down,up,up,down,-0.000578533259521,0.0015134448159237,-3.695818183122825,-93.8654541972035,40.812
7.922000000000004,0.0624722570685954,0.13062461095620978,3.64076913037297,17.006032517704412,down,up,up,down,-0.000578533259521,0.0015134448159237,-3.695818183122825,-93.8654541972035,40.828
7.938000000000002,0.0602638246447373,0.13744849323162178,3.642275234143731,17.006901253718254,down,up,up,down,-0.000578533259521,0.0015134448159237,-3.695818183122825,-93.8654541972035,40.844
7.953000000000003,0.0589608196622731,0.0862884655714272,3.643692120648273,17.007693771304133,down,up,up,down,-0.000578533259521,0.0015134448159237,-3.695818183122825,-93.8654541972035,40.859
7.969000000000001,0.0584884206968006,0.0289464020825112,3.6451559296882,17.008516077831416,down,up,up,down,-0.000578533259521,0.0015134448159237,-3.695818183122825,-93.8654541972035,40.875
7.984000000000002,0.0579602008658444,0.0346361221375569,3.6465519960221586,17.009265541135434,down,up,up,down,-0.000578533259521,0.0015134448159237,-3.695818183122825,-93.8654541972035,40.89
8.0,0.0576618484752185,0.0180684911546011,3.648001187533942,17.010042206596935,down,up,up,down,-0.000578533259521,0.0015134448159237,-3.695818183122825,-93.8654541972035,40.906
8.015999999999998,0.0560276733198233,0.10155741395269101,3.649434918825357,17.010795808676036,down,up,up,down,-0.000578533259521,0.0015134448159237,-3.695818183122825,-93.8654541972035,40.922
8.030999999999999,0.0544819142656756,0.10247207035031951,3.6507864424044874,17.01148142121366,down,up,up,down,-0.000578533259521,0.0015134448159237,-3.695818183122825,-93.8654541972035,40.937
8.047000000000004,0.0546923091473133,0.013728213361869999,3.652184051308846,17.012190748193916,down,up,up,down,-0.000578533259521,0.0015134448159237,-3.695818183122825,-93.8654541972035,40.953
8.063000000000002,0.0544065760074552,0.017279787981607397,3.653581057507139,17.012877718253336,down,up,up,down,-0.000578533259521,0.0015134448159237,-3.695818183122825,-93.8654541972035,40.969
8.078000000000003,0.0537149846619922,0.0455275564380131,3.6549146708843985,17.01350127303725,down,up,up,down,-0.000578533259521,0.0015134448159237,-3.695818183122825,-93.8654541972035,40.984
8.094000000000001,0.0530109025349628,0.043426599679823596,3.656292693099029,17.01414470505533,down,up,up,down,-0.000578533259521,0.0015134448159237,-3.695818183122825,-93.8654541972035,41.0
8.109000000000002,0.0533088148994878,0.020439357561189,3.657612792652026,17.014727686659057,down,up,up,down,-0.000578533259521,0.0015134448159237,-3.695818183122825,-93.8654541972035,41.015
8.125,0.051842831255234104,0.0910454445063424,3.6589782209383186,17.01532804948029,down,up,up,down,-0.000578533259521,0.0015134448159237,-3.695818183122825,-93.8654541972035,41.031
8.140999999999998,0.0502898683581545,0.0964816478079661,3.6603194976522806,17.01590675866153,down,up,up,down,-0.000578533259521,0.0015134448159237,-3.695818183122825,-93.8654541972035,41.047
8.155999999999999,0.0487747826049052,0.1004271836237634,3.6615851842067424,17.01642974629445,down,up,up,down,-0.000578533259521,0.0015134448159237,-3.695818183122825,-93.8654541972035,41.062
8.172000000000004,0.0460765872130917,0.16805867872876548,3.6628682102823413,17.0169672100685,down,up,up,down,-0.000578533259521,0.0015134448159237,-3.695818183122825,-93.8654541972035,41.078
8.188000000000002,0.0453860886700159,0.042577625682720596,3.664124126806461,17.017484362301758,down,up,up,down,-0.000578533259521,0.0015134448159237,-3.695818183122825,-93.8654541972035,41.094
8.203000000000003,0.0428584568879291,0.1679302522129269,3.6653086625703843,17.017950889128272,down,up,up,down,-0.000578533259521,0.0015134448159237,-3.695818183122825,-93.8654541972035,41.109
8.219000000000001,0.0403924746615036,0.1535453558920876,3.6664988851398346,17.01842951967656,down,up,up,down,-0.000578533259521,0.0015134448159237,-3.695818183122825,-93.8654541972035,41.125
8.234000000000002,0.0386239214499504,0.1173250141773562,3.667614209782909,17.018860944211497,down,up,up,down,-0.000578533259521,0.0015134448159237,-3.695818183122825,-93.8654541972035,41.14
8.25,0.0370196091872756,0.099690983157663,3.6687435731450617,17.01930317287801,down,up,up,down,-0.000578533259521,0.0015134448159237,-3.695818183122825,-93.8654541972035,41.156
8.265999999999998,0.0354544264919827,0.09724538519629801,3.669847580547551,17.01972753457845,down,up,up,down,-0.000578533259521,0.0015134448159237,-3.695818183122825,-93.8654541972035,41.172
8.280999999999999,0.0360370480105541,0.0394199678309433,3.6709064682785586,17.02010915195909,down,up,up,down,-0.000578533259521,0.0015134448159237,-3.695818183122825,-93.8654541972035,41.187
8.297000000000004,0.030981921879131798,0.3153668499542627,3.671966835154731,17.02049925646159,down,up,up,down,-0.000578533259521,0.0015134448159237,-3.695818183122825,-93.8654541972035,41.203
8.313000000000002,0.0260500915070132,0.3076608649979279,3.672947306378875,17.020873034259296,down,up,up,down,-0.000578533259521,0.0015134448159237,-3.695818183122825,-93.8654541972035,41.219
8.328000000000003,0.0275332645557889,0.0994567365112275,3.673871883221585,17.021209163084137,down,up,up,down,-0.000578533259521,0.0015134448159237,-3.695818183122825,-93.8654541972035,41.234
8.344000000000001,0.0264047590818226,0.06995305886337781,3.6748276025277407,17.0215526581281,down,up,up,down,-0.000578533259521,0.0015134448159237,-3.695818183122825,-93.8654541972035,41.25
8.359000000000002,0.025315439061445802,0.0720428014322602,3.675738205686054,17.021860687313335,down,up,up,down,-0.000578533259521,0.0015134448159237,-3.695818183122825,-93.8654541972035,41.265
8.375,0.0256640375264325,0.0223659373211917,3.6766702566158114,17.022174510544872,down,up,up,down,-0.000578533259521,0.0015134448159237,-3.695818183122825,-93.8654541972035,41.281
8.390999999999998,0.0260041335898329,0.0218345372220453,3.6776078171017965,17.022473376885088,down,up,up,down,-0.000578533259521,0.0015134448159237,-3.695818183122825,-93.8654541972035,41.297
8.405999999999999,0.0276482298939396,0.11018495353329469,3.6785329115001635,17.022739594167433,down,up,up,down,-0.000578533259521,0.0015134448159237,-3.695818183122825,-93.8654541972035,41.312
8.422000000000004,0.029203168366557,0.0977621877980792,3.6795119378033028,17.02300832630297,down,up,up,down,-0.000578533259521,0.0015134448159237,-3.695818183122825,-93.8654541972035,41.328
8.438000000000002,0.0267041597807669,0.1556095033523779,3.680483411545536,17.023261454438142,down,up,up,down,-0.000578533259521,0.0015134448159237,-3.695818183122825,-93.8654541972035,41.344
8.453000000000003,0.0248263563107223,0.1246083647434492,3.6813925920884607,17.023484657157738,down,up,up,down,-0.000578533259521,0.0015134448159237,-3.695818183122825,-93.8654541972035,41.359
8.469000000000001,0.0230413187663761,0.11098631326213021,3.682299748606132,17.02370820936214,down,up,up,down,-0.000578533259521,0.0015134448159237,-3.695818183122825,-93.8654541972035,41.375
8.484000000000002,0.023936321877180002,0.0602454073131138,3.683174782583198,17.02390442312506,down,up,up,down,-0.000578533259521,0.0015134448159237,-3.695818183122825,-93.8654541972035,41.39
8.5,0.0219743482649797,0.12204481750301101,3.68406628306139,17.024099585529854,down,up,up,down,-0.000578533259521,0.0015134448159237,-3.695818183122825,-93.8654541972035,41.406
8.515999999999998,0.020937906235451102,0.06419909358602191,3.684933796214448,17.024280675825622,down,up,up,down,-0.000578533259521,0.0015134448159237,-3.695818183122825,-93.8654541972035,41.422
8.530999999999999,0.019960305245621902,0.06459486606242591,3.685763234472795,17.0244377208423,down,up,up,down,-0.000578533259521,0.0015134448159237,-3.695818183122825,-93.8654541972035,41.437
8.547000000000004,0.0196519958927652,0.0186908012940125,3.686604347998957,17.02459187111249,down,up,up,down,-0.000578533259521,0.0015134448159237,-3.695818183122825,-93.8654541972035,41.453
8.563000000000002,0.0212964040490835,0.1033540430294246,3.6874561503155467,17.024732478055938,down,up,up,down,-0.000578533259521,0.0015134448159237,-3.695818183122825,-93.8654541972035,41.469
8.578000000000003,0.0228105888309429,0.1015241853834761,3.6883096544343856,17.024851507267158,down,up,up,down,-0.000578533259521,0.0015134448159237,-3.695818183122825,-93.8654541972035,41.484
8.594000000000001,0.0211652383783925,0.10225587002489221,3.689185676169115,17.024964635552294,down,up,up,down,-0.000578533259521,0.0015134448159237,-3.695818183122825,-93.8654541972035,41.5
8.609000000000002,0.021784300300758702,0.041849328083937404,3.6900304993814474,17.0250577869825,down,up,up,down,-0.000578533259521,0.0015134448159237,-3.695818183122825,-93.8654541972035,41.515
8.625,0.0225823285966147,0.050455301750523804,3.6909096475296814,17.025143356737175,down,up,up,down,-0.000578533259521,0.0015134448159237,-3.695818183122825,-93.8654541972035,41.531
8.640999999999998,0.020742731796691102,0.1143962667357183,3.6917804631298825,17.025214926781857,down,up,up,down,-0.000578533259521,0.0015134448159237,-3.695818183122825,-93.8654541972035,41.547
8.655999999999999,0.0214933494402736,0.0506197094983544,3.6926199354113987,17.02526919653964,down,up,up,down,-0.000578533259521,0.0015134448159237,-3.695818183122825,-93.8654541972035,41.562
8.672000000000004,0.0198848951460775,0.09994986012770121,3.693475176485144,17.025313526574436,down,up,up,down,-0.000578533259521,0.0015134448159237,-3.695818183122825,-93.8654541972035,41.578
8.688000000000002,0.0185456012050604,0.0831273380540545,3.694306835573008,17.02534436140793,down,up,up,down,-0.000578533259521,0.0015134448159237,-3.695818183122825,-93.8654541972035,41.594
8.703000000000003,0.0155882665588916,0.19657710981839638,3.6950855412534764,17.02536119132857,down,up,up,down,-0.000578533259521,0.0015134448159237,-3.695818183122825,-93.8654541972035,41.609
8.719000000000001,0.0149785862232132,0.0375264877203781,3.695818183122825,17.025367052463537,down,up,up,down,-0.000578533259521,0.0015134448159237,-3.695818183122825,-93.8654541972035,41.625
8.734000000000002,0.0142208011833702,0.0499404693966789,3.695818183122825,17.025367052463537,down,up,up,down,-0.000578533259521,0.0015134448159237,-3.695818183122825,-93.8654541972035,41.64
8.75,0.012591659072782601,0.10124284865221661,3.695818183122825,17.025367052463537,down,up,up,down,-0.000578533259521,0.0015134448159237,-3.695818183122825,-93.8654541972035,41.656
8.765999999999998,0.011626868955144,0.059720849092899,3.695818183122825,17.025367052463537,down,up,up,down,-0.000578533259521,0.0015134448159237,-3.695818183122825,-93.8654541972035,41.672
8.780999999999999,0.0106856103037884,0.062172043497511605,3.695818183122825,17.025367052463537,down,up,up,down,-0.000578533259521,0.0015134448159237,-3.695818183122825,-93.8654541972035,41.687
8.797000000000004,0.0,0.055270472246164,3.69593074788685,17.02536615194542,down,up,up,down,-0.000578533259521,0.0015134448159237,-3.695818183122825,-93.8654541972035,41.703
8.813000000000002,0.010887871333443001,0.06906885311864429,3.695818183122825,17.02536525142729,down,up,up,down,-0.000578533259521,0.0015134448159237,-3.695818183122825,-93.8654541972035,41.719
8.828000000000003,0.0119569885214883,0.0718530124625352,3.695818183122825,17.02536525142729,down,up,up,down,-0.000578533259521,0.0015134448159237,-3.695818183122825,-93.8654541972035,41.734
8.844000000000001,0.0109441707304718,0.06272257867901551,3.6960218646965193,17.02536362197469,down,up,up,down,-0.000578533259521,0.0015134448159237,-3.695818183122825,-93.8654541972035,41.75
8.859000000000002,0.0112237641012864,0.0192180913138285,3.695818183122825,17.02536209436289,down,up,up,down,-0.000578533259521,0.0015134448159237,-3.695818183122825,-93.8654541972035,41.765
8.875,0.010855274210570101,0.0224520849102541,3.695911673303546,17.025361346441457,down,up,up,down,-0.000578533259521,0.0015134448159237,-3.695818183122825,-93.8654541972035,41.781
8.890999999999998,0.0104957718781637,0.0218903625158774,3.695818183122825,17.02536059852001,down,up,up,down,-0.000578533259521,0.0015134448159237,-3.695818183122825,-93.8654541972035,41.797
8.905999999999999,0.0101869356393216,0.020010549329954698,3.695818183122825,17.02536059852001,down,up,up,down,-0.000578533259521,0.0015134448159237,-3.695818183122825,-93.8654541972035,41.812
8.922000000000004,0.0,0.0137987536146196,3.6959698845624946,17.025359384908498,down,up,up,down,-0.000578533259521,0.0015134448159237,-3.695818183122825,-93.8654541972035,41.828
8.938000000000002,0.010839770226272801,0.0557579818181225,3.695818183122825,17.025358171296972,down,up,up,down,-0.000578533259521,0.0015134448159237,-3.695818183122825,-93.8654541972035,41.844
8.953000000000003,0.0116392592360928,0.0538778005808499,3.695851767426961,17.025357919414702,down,up,up,down,-0.000578533259521,0.0015134448159237,-3.695818183122825,-93.8654541972035,41.859
8.969000000000001,0.012393171757217701,0.0476980658298317,3.695818183122825,17.025357650740276,down,up,up,down,-0.000578533259521,0.0015134448159237,-3.695818183122825,-93.8654541972035,41.875
8.984000000000002,0.0119539018827126,0.028706125040814098,3.695818183122825,17.025357650740276,down,up,up,down,-0.000578533259521,0.0015134448159237,-3.695818183122825,-93.8654541972035,41.89
9.0,0.0115253459075859,0.0262062151859006,3.695985595815878,17.025356311438742,down,up,up,down,-0.000578533259521,0.0015134448159237,-3.695818183122825,-93.8654541972035,41.906
9.015999999999998,0.012735088170083802,0.07618742466564969,3.695818183122825,17.02535497213718,down,up,up,down,-0.000578533259521,0.0015134448159237,-3.695818183122825,-93.8654541972035,41.922
9.030999999999999,0.0139153245237402,0.07926095683661019,3.6959264741729965,17.02535415995429,down,up,up,down,-0.000578533259521,0.0015134448159237,-3.695818183122825,-93.8654541972035,41.937
9.047000000000004,0.0124949598837141,0.08819425674208371,3.695818183122825,17.025353293625898,down,up,up,down,-0.000578533259521,0.0015134448159237,-3.695818183122825,-93.8654541972035,41.953
9.063000000000002,0.011120275086515401,0.0853392665654078,3.6958751085621273,17.02535283822239,down,up,up,down,-0.000578533259521,0.0015134448159237,-3.695818183122825,-93.8654541972035,41.969
9.078000000000003,0.0111782175355035,0.0,3.695818183122825,17.025352411281588,down,up,up,down,-0.000578533259521,0.0015134448159237,-3.695818183122825,-93.8654541972035,41.984
9.094000000000001,0.0101917113836176,0.0610781012333539,3.695818183122825,17.025352411281588,down,up,up,down,-0.000578533259521,0.0015134448159237,-3.695818183122825,-93.8654541972035,42.0
9.109000000000002,0.0,0.063334834319363,3.6959286105665794,17.025351583075775,down,up,up,down,-0.000578533259521,0.0015134448159237,-3.695818183122825,-93.8654541972035,42.015
9.125,0.0,0.0211452174272454,3.695818183122825,17.025350699656215,down,up,up,down,-0.000578533259521,0.0015134448159237,-3.695818183122825,-93.8654541972035,42.031
9.140999999999998,0.0,0.061119681938233104,3.695818183122825,17.025350699656215,down,up,up,down,-0.000578533259521,0.0015134448159237,-3.695818183122825,-93.8654541972035,42.047
9.155999999999999,0.0,0.0,3.695942201146434,17.025349769521057,down,up,up,down,-0.000578533259521,0.0015134448159237,-3.695818183122825,-93.8654541972035,42.062
9.172000000000004,0.0,0.0,3.695818183122825,17.02534877737685,down,up,up,down,-0.000578533259521,0.0015134448159237,-3.695818183122825,-93.8654541972035,42.078
9.188000000000002,0.0,0.09450847996684761,3.695818183122825,17.02534877737685,down,up,up,down,-0.000578533259521,0.0015134448159237,-3.695818183122825,-93.8654541972035,42.094
9.203000000000003,0.0,0.0,3.695937705278635,17.025347880960695,down,up,up,down,-0.000578533259521,0.0015134448159237,-3.695818183122825,-93.8654541972035,42.109
9.219000000000001,0.0,0.0,3.695818183122825,17.025346924783435,down,up,up,down,-0.000578533259521,0.0015134448159237,-3.695818183122825,-93.8654541972035,42.125
