timestamps,aAcc,aJerk,aVelocity,aHeight,jerks_direction,accelerations_direction,velocities_direction,heights_direction,start_jerks,start_accelerations,start_velocities,start_heights,actual_timestamps
0.0,0.0,0.0,0.0,0.0,up,down,down,down,-0.0189950417509576,-0.003961992516535,0.0,-2.1729647025483902e-05,2.875
0.015000000000000124,0.0,0.058808545740406996,0.0,0.0,up,down,down,down,-0.0189950417509576,-0.003961992516535,0.0,-2.1729647025483902e-05,2.89
0.03100000000000014,0.0,0.0661951901018696,0.0,0.0,up,down,down,down,-0.0189950417509576,-0.003961992516535,0.0,-2.1729647025483902e-05,2.906
0.04700000000000015,0.0,0.0636656440143877,0.0,0.0,up,down,down,down,-0.0189950417509576,-0.003961992516535,0.0,-2.1729647025483902e-05,2.922
0.06199999999999983,0.0,0.0,0.0,0.0,up,down,down,down,-0.0189950417509576,-0.003961992516535,0.0,-2.1729647025483902e-05,2.937
0.07799999999999985,0.0,0.046579859095174904,0.0,0.0,up,down,down,down,-0.0189950417509576,-0.003961992516535,0.0,-2.1729647025483902e-05,2.953
0.09399999999999986,0.0,0.0422017786118056,0.0,0.0,up,down,down,down,-0.0189950417509576,-0.003961992516535,0.0,-2.1729647025483902e-05,2.969
0.10899999999999999,0.0,0.0201289797557845,0.0,0.0,up,down,down,down,-0.0189950417509576,-0.003961992516535,0.0,-2.1729647025483902e-05,2.984
0.125,0.0,0.0134539947995726,0.0,0.0,up,down,down,down,-0.0189950417509576,-0.003961992516535,0.0,-2.1729647025483902e-05,3.0
0.14000000000000012,0.0,0.0147183667795832,0.0,0.0,up,down,down,down,-0.0189950417509576,-0.003961992516535,0.0,-2.1729647025483902e-05,3.015
0.15600000000000014,0.0,0.0338839462934447,0.0,0.0,up,down,down,down,-0.0189950417509576,-0.003961992516535,0.0,-2.1729647025483902e-05,3.031
0.17200000000000015,0.0,0.0335208022801402,0.0,0.0,up,down,down,down,-0.0189950417509576,-0.003961992516535,0.0,-2.1729647025483902e-05,3.047
0.18699999999999983,0.0,0.010935156288731603,0.0,0.0,up,down,down,down,-0.0189950417509576,-0.003961992516535,0.0,-2.1729647025483902e-05,3.062
0.20299999999999985,0.0,0.0,0.0,0.0,up,down,down,down,-0.0189950417509576,-0.003961992516535,0.0,-2.1729647025483902e-05,3.078
0.21899999999999986,0.0,0.0,0.0,0.0,up,down,down,down,-0.0189950417509576,-0.003961992516535,0.0,-2.1729647025483902e-05,3.094
0.23399999999999999,0.0,0.1369762869912295,0.0,0.0,up,down,down,down,-0.0189950417509576,-0.003961992516535,0.0,-2.1729647025483902e-05,3.109
0.25,0.0,0.1269047172756108,0.0,0.0,up,down,down,down,-0.0189950417509576,-0.003961992516535,0.0,-2.1729647025483902e-05,3.125
0.2650000000000001,0.0,0.13115602067634,0.0,0.0,up,down,down,down,-0.0189950417509576,-0.003961992516535,0.0,-2.1729647025483902e-05,3.14
0.28100000000000014,0.0,0.0162473946576647,0.0,0.0,up,down,down,down,-0.0189950417509576,-0.003961992516535,0.0,-2.1729647025483902e-05,3.156
0.29700000000000015,0.0,0.015244169004779998,0.0,0.0,up,down,down,down,-0.0189950417509576,-0.003961992516535,0.0,-2.1729647025483902e-05,3.172
0.31199999999999983,0.0,0.0733927615453296,0.0,0.0,up,down,down,down,-0.0189950417509576,-0.003961992516535,0.0,-2.1729647025483902e-05,3.187
0.32799999999999985,0.0,0.038207236948362,0.0,0.0,up,down,down,down,-0.0189950417509576,-0.003961992516535,0.0,-2.1729647025483902e-05,3.203
0.34399999999999986,0.0,0.037738646821549995,0.0,0.0,up,down,down,down,-0.0189950417509576,-0.003961992516535,0.0,-2.1729647025483902e-05,3.219
0.359,0.0,0.06815060472456619,0.0,0.0,up,down,down,down,-0.0189950417509576,-0.003961992516535,0.0,-2.1729647025483902e-05,3.234
0.375,0.0,0.061038302296534404,0.0,0.0,up,down,down,down,-0.0189950417509576,-0.003961992516535,0.0,-2.1729647025483902e-05,3.25
0.3900000000000001,0.0,0.016358686143639403,0.0,0.0,up,down,down,down,-0.0189950417509576,-0.003961992516535,0.0,-2.1729647025483902e-05,3.265
0.40600000000000014,0.0,0.020175638484221,0.0,0.0,up,down,down,down,-0.0189950417509576,-0.003961992516535,0.0,-2.1729647025483902e-05,3.281
0.42200000000000015,0.0,0.0205013694741794,0.0,0.0,up,down,down,down,-0.0189950417509576,-0.003961992516535,0.0,-2.1729647025483902e-05,3.297
0.43699999999999983,0.0,0.053910727132938395,0.0,0.0,up,down,down,down,-0.0189950417509576,-0.003961992516535,0.0,-2.1729647025483902e-05,3.312
0.45299999999999985,0.0,0.010548394151821398,0.0,0.0,up,down,down,down,-0.0189950417509576,-0.003961992516535,0.0,-2.1729647025483902e-05,3.328
0.46899999999999986,0.0,0.011873214318946999,0.0,0.0,up,down,down,down,-0.0189950417509576,-0.003961992516535,0.0,-2.1729647025483902e-05,3.344
0.484,0.0,0.0335319429217715,0.0,0.0,up,down,down,down,-0.0189950417509576,-0.003961992516535,0.0,-2.1729647025483902e-05,3.359
0.5,0.0,0.0287193347718871,0.0,0.0,up,down,down,down,-0.0189950417509576,-0.003961992516535,0.0,-2.1729647025483902e-05,3.375
0.5150000000000001,0.0,0.054785622052943496,0.0,0.0,up,down,down,down,-0.0189950417509576,-0.003961992516535,0.0,-2.1729647025483902e-05,3.39
0.5310000000000001,0.0,0.047722024524854405,0.0,0.0,up,down,down,down,-0.0189950417509576,-0.003961992516535,0.0,-2.1729647025483902e-05,3.406
0.5470000000000002,0.0,0.042522852916393294,0.0,0.0,up,down,down,down,-0.0189950417509576,-0.003961992516535,0.0,-2.1729647025483902e-05,3.422
0.5619999999999998,0.0,0.020155897526775504,0.0,0.0,up,down,down,down,-0.0189950417509576,-0.003961992516535,0.0,-2.1729647025483902e-05,3.437
0.5779999999999998,0.0,0.015156824654694,0.0,0.0,up,down,down,down,-0.0189950417509576,-0.003961992516535,0.0,-2.1729647025483902e-05,3.453
0.5939999999999999,0.0,0.0,0.0,0.0,up,down,down,down,-0.0189950417509576,-0.003961992516535,0.0,-2.1729647025483902e-05,3.469
0.609,0.0,0.0378122997156223,0.0,0.0,up,down,down,down,-0.0189950417509576,-0.003961992516535,0.0,-2.1729647025483902e-05,3.484
0.625,0.0,0.0155093830357389,0.0,0.0,up,down,down,down,-0.0189950417509576,-0.003961992516535,0.0,-2.1729647025483902e-05,3.5
0.6400000000000001,0.0,0.018437308902237604,0.0,0.0,up,down,down,down,-0.0189950417509576,-0.003961992516535,0.0,-2.1729647025483902e-05,3.515
0.6560000000000001,0.0,0.0486224915382526,0.0,0.0,up,down,down,down,-0.0189950417509576,-0.003961992516535,0.0,-2.1729647025483902e-05,3.531
0.6720000000000002,0.0,0.0574113768117,0.0,0.0,up,down,down,down,-0.0189950417509576,-0.003961992516535,0.0,-2.1729647025483902e-05,3.547
0.6869999999999998,0.0,0.063264088119542,0.0,0.0,up,down,down,down,-0.0189950417509576,-0.003961992516535,0.0,-2.1729647025483902e-05,3.562
0.7029999999999998,0.0,0.0817194848743428,0.0,0.0,up,down,down,down,-0.0189950417509576,-0.003961992516535,0.0,-2.1729647025483902e-05,3.578
0.7189999999999999,0.0,0.0608331667297789,0.0,0.0,up,down,down,down,-0.0189950417509576,-0.003961992516535,0.0,-2.1729647025483902e-05,3.594
0.734,0.0,0.06533696295061239,0.0,0.0,up,down,down,down,-0.0189950417509576,-0.003961992516535,0.0,-2.1729647025483902e-05,3.609
0.75,0.0,0.0563129602937361,0.0,0.0,up,down,down,down,-0.0189950417509576,-0.003961992516535,0.0,-2.1729647025483902e-05,3.625
0.7650000000000001,0.0,0.11088968620108319,0.0,0.0,up,down,down,down,-0.0189950417509576,-0.003961992516535,0.0,-2.1729647025483902e-05,3.64
0.7810000000000001,0.0,0.0697445172607169,0.0,0.0,up,down,down,down,-0.0189950417509576,-0.003961992516535,0.0,-2.1729647025483902e-05,3.656
0.7970000000000002,0.0,0.0697892315260073,0.0,0.0,up,down,down,down,-0.0189950417509576,-0.003961992516535,0.0,-2.1729647025483902e-05,3.672
0.8119999999999998,0.0,0.0412449543803302,0.0,0.0,up,down,down,down,-0.0189950417509576,-0.003961992516535,0.0,-2.1729647025483902e-05,3.687
0.8279999999999998,0.0,0.0622812736393861,0.0,0.0,up,down,down,down,-0.0189950417509576,-0.003961992516535,0.0,-2.1729647025483902e-05,3.703
0.8439999999999999,0.0,0.0612255118860315,0.0,0.0,up,down,down,down,-0.0189950417509576,-0.003961992516535,0.0,-2.1729647025483902e-05,3.719
0.859,0.0,0.059672623916291696,0.0,0.0,up,down,down,down,-0.0189950417509576,-0.003961992516535,0.0,-2.1729647025483902e-05,3.734
0.875,0.0,0.052476819564328696,0.0,0.0,up,down,down,down,-0.0189950417509576,-0.003961992516535,0.0,-2.1729647025483902e-05,3.75
0.8900000000000001,0.0,0.0723231648955005,0.0,0.0,up,down,down,down,-0.0189950417509576,-0.003961992516535,0.0,-2.1729647025483902e-05,3.765
0.9060000000000001,0.0,0.0,0.0,0.0,up,down,down,down,-0.0189950417509576,-0.003961992516535,0.0,-2.1729647025483902e-05,3.781
0.9220000000000002,0.0,0.0,0.0,0.0,up,down,down,down,-0.0189950417509576,-0.003961992516535,0.0,-2.1729647025483902e-05,3.797
0.9369999999999998,0.0,0.10202221032157821,0.0,0.0,up,down,down,down,-0.0189950417509576,-0.003961992516535,0.0,-2.1729647025483902e-05,3.812
0.9529999999999998,0.0,0.0949345251997078,0.0,0.0,up,down,down,down,-0.0189950417509576,-0.003961992516535,0.0,-2.1729647025483902e-05,3.828
0.9689999999999999,0.0,0.0565819950546496,0.0,0.0,up,down,down,down,-0.0189950417509576,-0.003961992516535,0.0,-2.1729647025483902e-05,3.844
0.984,0.0,0.08470078015665389,0.0,0.0,up,down,down,down,-0.0189950417509576,-0.003961992516535,0.0,-2.1729647025483902e-05,3.859
1.0,0.0,0.0790917537073497,0.0,0.0,up,down,down,down,-0.0189950417509576,-0.003961992516535,0.0,-2.1729647025483902e-05,3.875
1.0150000000000001,0.0,0.058612283071697406,0.0,0.0,up,down,down,down,-0.0189950417509576,-0.003961992516535,0.0,-2.1729647025483902e-05,3.89
1.0310000000000001,0.0,0.051987267537967306,0.0,0.0,up,down,down,down,-0.0189950417509576,-0.003961992516535,0.0,-2.1729647025483902e-05,3.906
1.0470000000000002,0.0,0.013858778443731602,0.0,0.0,up,down,down,down,-0.0189950417509576,-0.003961992516535,0.0,-2.1729647025483902e-05,3.922
1.0619999999999998,0.0,0.0858625039732972,0.0,0.0,up,down,down,down,-0.0189950417509576,-0.003961992516535,0.0,-2.1729647025483902e-05,3.937
1.0779999999999998,0.0,0.0801543059787411,0.0,0.0,up,down,down,down,-0.0189950417509576,-0.003961992516535,0.0,-2.1729647025483902e-05,3.953
1.0939999999999999,0.0,0.0111834473527361,0.0,0.0,up,down,down,down,-0.0189950417509576,-0.003961992516535,0.0,-2.1729647025483902e-05,3.969
1.109,0.0,0.0772294247741051,0.0,0.0,up,down,down,down,-0.0189950417509576,-0.003961992516535,0.0,-2.1729647025483902e-05,3.984
1.125,0.0,0.0735425978043434,0.0,0.0,up,down,down,down,-0.0189950417509576,-0.003961992516535,0.0,-2.1729647025483902e-05,4.0
1.1399999999999997,0.0,0.0142004044927145,0.0,0.0,up,down,down,down,-0.0189950417509576,-0.003961992516535,0.0,-2.1729647025483902e-05,4.015
1.1559999999999997,0.0,0.0,0.0,0.0,up,down,down,down,-0.0189950417509576,-0.003961992516535,0.0,-2.1729647025483902e-05,4.031
1.1719999999999997,0.0,0.0,0.0,0.0,up,down,down,down,-0.0189950417509576,-0.003961992516535,0.0,-2.1729647025483902e-05,4.047
1.1870000000000003,0.0,0.0278430693628596,0.0,0.0,up,down,down,down,-0.0189950417509576,-0.003961992516535,0.0,-2.1729647025483902e-05,4.062
1.2030000000000003,0.0,0.0,0.0,0.0,up,down,down,down,-0.0189950417509576,-0.003961992516535,0.0,-2.1729647025483902e-05,4.078
1.2190000000000003,0.0,0.0,0.0,0.0,up,down,down,down,-0.0189950417509576,-0.003961992516535,0.0,-2.1729647025483902e-05,4.094
1.234,0.0,0.040367759566108004,0.0,0.0,up,down,down,down,-0.0189950417509576,-0.003961992516535,0.0,-2.1729647025483902e-05,4.109
1.25,0.0,0.0,0.0,0.0,up,down,down,down,-0.0189950417509576,-0.003961992516535,0.0,-2.1729647025483902e-05,4.125
1.2649999999999997,0.0,0.10341675792950389,0.0,0.0,up,down,down,down,-0.0189950417509576,-0.003961992516535,0.0,-2.1729647025483902e-05,4.14
1.2809999999999997,0.0,0.09181593882390249,0.0,0.0,up,down,down,down,-0.0189950417509576,-0.003961992516535,0.0,-2.1729647025483902e-05,4.156
1.2969999999999997,0.0,0.1047244024150461,0.0,0.0,up,down,down,down,-0.0189950417509576,-0.003961992516535,0.0,-2.1729647025483902e-05,4.172
1.3120000000000003,0.0,0.0689250779944347,0.0,0.0,up,down,down,down,-0.0189950417509576,-0.003961992516535,0.0,-2.1729647025483902e-05,4.187
1.3280000000000003,0.0,0.060807642384030906,0.0,0.0,up,down,down,down,-0.0189950417509576,-0.003961992516535,0.0,-2.1729647025483902e-05,4.203
1.3440000000000003,0.0,0.07087277339845591,0.0,0.0,up,down,down,down,-0.0189950417509576,-0.003961992516535,0.0,-2.1729647025483902e-05,4.219
1.359,0.0,0.1981485373287693,0.0,0.0,up,down,down,down,-0.0189950417509576,-0.003961992516535,0.0,-2.1729647025483902e-05,4.234
1.375,-0.0125642660689138,0.18049621821125672,0.0,0.0,up,down,down,down,-0.0189950417509576,-0.003961992516535,0.0,-2.1729647025483902e-05,4.25
1.3899999999999997,-0.016275380983009,0.22841261918872421,0.0,0.0,up,down,down,down,-0.0189950417509576,-0.003961992516535,0.0,-2.1729647025483902e-05,4.265
1.4059999999999997,-0.0193146024043909,0.1709562970854116,0.0,0.0,up,down,down,down,-0.0189950417509576,-0.003961992516535,0.0,-2.1729647025483902e-05,4.281
1.4219999999999997,-0.022810284113822,0.1994850650884892,0.0,0.0,up,down,down,down,-0.0189950417509576,-0.003961992516535,0.0,-2.1729647025483902e-05,4.297
1.4370000000000003,-0.0261952530219603,0.2066695521249151,0.0,0.0,up,down,down,down,-0.0189950417509576,-0.003961992516535,0.0,-2.1729647025483902e-05,4.312
1.4530000000000003,-0.0314938145121904,0.31216505138842415,0.0,0.0,up,down,down,down,-0.0189950417509576,-0.003961992516535,0.0,-2.1729647025483902e-05,4.328
1.4690000000000003,-0.0366117265580126,0.30087446111293187,0.0,0.0,up,down,down,down,-0.0189950417509576,-0.003961992516535,0.0,-2.1729647025483902e-05,4.344
1.484,-0.0416286223533344,0.3154646779371715,0.0,0.0,up,down,down,down,-0.0189950417509576,-0.003961992516535,0.0,-2.1729647025483902e-05,4.359
1.5,-0.0468138495689168,0.30508165922293856,0.0,0.0,up,down,down,down,-0.0189950417509576,-0.003961992516535,0.0,-2.1729647025483902e-05,4.375
1.5149999999999997,-0.0531660662099771,0.4044860676530739,0.0,0.0,up,down,down,down,-0.0189950417509576,-0.003961992516535,0.0,-2.1729647025483902e-05,4.39
1.5309999999999997,-0.05936335073784171,0.3683352412405802,0.0,0.0,up,down,down,down,-0.0189950417509576,-0.003961992516535,0.0,-2.1729647025483902e-05,4.406
1.5469999999999997,-0.06536673391750189,0.35621640697780477,0.0,0.0,up,down,down,down,-0.0189950417509576,-0.003961992516535,0.0,-2.1729647025483902e-05,4.422
1.5620000000000003,-0.07122369311717061,0.3714689048936053,0.0,0.0,up,down,down,down,-0.0189950417509576,-0.003961992516535,0.0,-2.1729647025483902e-05,4.437
1.5780000000000003,-0.07811192257868349,0.4115192995935987,0.0,0.0,up,down,down,down,-0.0189950417509576,-0.003961992516535,0.0,-2.1729647025483902e-05,4.453
1.5940000000000003,-0.0848321464435742,0.40101894980470976,0.0,0.0,up,down,down,down,-0.0189950417509576,-0.003961992516535,0.0,-2.1729647025483902e-05,4.469
1.609,-0.09135424321837429,0.41581140990239096,0.0,0.0,up,down,down,down,-0.0189950417509576,-0.003961992516535,0.0,-2.1729647025483902e-05,4.484
1.625,-0.09757264280100841,0.3696549321636763,0.0,0.0,up,down,down,down,-0.0189950417509576,-0.003961992516535,0.0,-2.1729647025483902e-05,4.5
1.6399999999999997,-0.10525365417479729,0.49307238316830987,0.0102737209193889,0.0,up,down,down,down,-0.0189950417509576,-0.003961992516535,0.0,-2.1729647025483902e-05,4.515
1.6559999999999997,-0.1127353151738611,0.44860877069052807,0.0120810245544427,0.0,up,down,down,down,-0.0189950417509576,-0.003961992516535,0.0,-2.1729647025483902e-05,4.531
1.6719999999999997,-0.1201705935506592,0.4457098567989256,0.0140076637045035,0.0,up,down,down,down,-0.0189950417509576,-0.003961992516535,0.0,-2.1729647025483902e-05,4.547
1.6870000000000003,-0.12800954167755668,0.503601500042186,0.0159284446064632,0.0,up,down,down,down,-0.0189950417509576,-0.003961992516535,0.0,-2.1729647025483902e-05,4.562
1.7030000000000003,-0.1356112644084924,0.4561126289325253,0.0181008029354161,0.0,up,down,down,down,-0.0189950417509576,-0.003961992516535,0.0,-2.1729647025483902e-05,4.578
1.7190000000000003,-0.14319806843530009,0.4551802099245213,0.020394669478431,0.0,up,down,down,down,-0.0189950417509576,-0.003961992516535,0.0,-2.1729647025483902e-05,4.594
1.734,-0.1536010349605732,0.6745360599339353,0.0226800926416481,0.0,up,down,down,down,-0.0189950417509576,-0.003961992516535,0.0,-2.1729647025483902e-05,4.609
1.75,-0.16246825225329078,0.5352060390438892,0.0252720388196235,0.0,up,down,down,down,-0.0189950417509576,-0.003961992516535,0.0,-2.1729647025483902e-05,4.625
1.7649999999999997,-0.1711191959535032,0.5577345382632191,0.0278333745689225,0.0,up,down,down,down,-0.0189950417509576,-0.003961992516535,0.0,-2.1729647025483902e-05,4.64
1.7809999999999997,-0.1802235109805288,0.5500246474381405,0.0307075081046593,0.0,up,down,down,down,-0.0189950417509576,-0.003961992516535,0.0,-2.1729647025483902e-05,4.656
1.7969999999999997,-0.18986177260874548,0.5833963100125845,0.033731582253638,0.0,up,down,down,down,-0.0189950417509576,-0.003961992516535,0.0,-2.1729647025483902e-05,4.672
1.8120000000000003,-0.19930527659892408,0.6105718909275899,0.0367097650104437,0.0,up,down,down,down,-0.0189950417509576,-0.003961992516535,0.0,-2.1729647025483902e-05,4.687
1.8280000000000003,-0.2091444424412963,0.595952823397305,0.04004075464303,0.0,up,down,down,down,-0.0189950417509576,-0.003961992516535,0.0,-2.1729647025483902e-05,4.703
1.8440000000000003,-0.21918293920387738,0.6084110059103582,0.043530765576456,0.0,up,down,down,down,-0.0189950417509576,-0.003961992516535,0.0,-2.1729647025483902e-05,4.719
1.859,-0.228946127240576,0.6318841606956311,0.0469511634625373,0.0,up,down,down,down,-0.0189950417509576,-0.003961992516535,0.0,-2.1729647025483902e-05,4.734
1.875,-0.2385299465773638,0.5799936667982837,0.0507543639333454,0.0,up,down,down,down,-0.0189950417509576,-0.003961992516535,0.0,-2.1729647025483902e-05,4.75
1.8899999999999997,-0.24814942286900177,0.6223033776915862,0.0544638890919411,0.0,up,down,down,down,-0.0189950417509576,-0.003961992516535,0.0,-2.1729647025483902e-05,4.765
1.9059999999999997,-0.2579203346484303,0.5916869444633206,0.0585758390323451,0.0,up,down,down,down,-0.0189950417509576,-0.003961992516535,0.0,-2.1729647025483902e-05,4.781
1.9219999999999997,-0.2674749244543478,0.5781668211188857,0.0628423929854319,0.0,up,down,down,down,-0.0189950417509576,-0.003961992516535,0.0,-2.1729647025483902e-05,4.797
1.9370000000000003,-0.2776072088708581,0.656490586016375,0.0669899388731191,0.010833144493039317,up,down,down,down,-0.0189950417509576,-0.003961992516535,0.0,-2.1729647025483902e-05,4.812
1.9530000000000003,-0.2872203579655022,0.5818267766642955,0.0715719512880746,0.011941639614328817,up,down,down,down,-0.0189950417509576,-0.003961992516535,0.0,-2.1729647025483902e-05,4.828
1.9690000000000003,-0.2965685542328523,0.5652672249584207,0.076305654465926,0.013124660460360817,up,down,down,down,-0.0189950417509576,-0.003961992516535,0.0,-2.1729647025483902e-05,4.844
1.984,-0.30683182684247967,0.6652231322242204,0.0808905872117389,0.014303632272943317,up,down,down,down,-0.0189950417509576,-0.003961992516535,0.0,-2.1729647025483902e-05,4.859
2.0,-0.316518126300732,0.5863986743898093,0.0859407787171492,0.015638283200374418,up,down,down,down,-0.0189950417509576,-0.003961992516535,0.0,-2.1729647025483902e-05,4.875
2.0149999999999997,-0.3259641332325494,0.6107387537035497,0.0908188255513967,0.016963980232388518,up,down,down,down,-0.0189950417509576,-0.003961992516535,0.0,-2.1729647025483902e-05,4.89
2.0309999999999997,-0.3354880719006932,0.5762511250080311,0.0961738350727272,0.018459921517381416,up,down,down,down,-0.0189950417509576,-0.003961992516535,0.0,-2.1729647025483902e-05,4.906
2.0469999999999997,-0.344573213743395,0.5488263234179054,0.1016777172381445,0.020042733935868418,up,down,down,down,-0.0189950417509576,-0.003961992516535,0.0,-2.1729647025483902e-05,4.922
2.0620000000000003,-0.3546240213667389,0.6510587998052751,0.1069811263892187,0.021607675263073715,up,down,down,down,-0.0189950417509576,-0.003961992516535,0.0,-2.1729647025483902e-05,4.937
2.0780000000000003,-0.3644514608265191,0.5952199244853014,0.1127971221270293,0.023365901251203715,up,down,down,down,-0.0189950417509576,-0.003961992516535,0.0,-2.1729647025483902e-05,4.953
2.0940000000000003,-0.37331856954434,0.5351992531128499,0.1187626742502608,0.025218379622222016,up,down,down,down,-0.0189950417509576,-0.003961992516535,0.0,-2.1729647025483902e-05,4.969
2.109,-0.3823959424283619,0.5861631505171809,0.1244899629778039,0.027042774401432518,up,down,down,down,-0.0189950417509576,-0.003961992516535,0.0,-2.1729647025483902e-05,4.984
2.125,-0.391236044002854,0.5335113066547988,0.1307424107495182,0.029084633391251016,up,down,down,down,-0.0189950417509576,-0.003961992516535,0.0,-2.1729647025483902e-05,5.0
2.1399999999999997,-0.4003087551626088,0.5858523688993774,0.1367384266310071,0.031090739671604917,up,down,down,down,-0.0189950417509576,-0.003961992516535,0.0,-2.1729647025483902e-05,5.015
2.1559999999999997,-0.4091601806843208,0.5342190533560439,0.1432775699980471,0.03333086764463741,up,down,down,down,-0.0189950417509576,-0.003961992516535,0.0,-2.1729647025483902e-05,5.031
2.1719999999999997,-0.4178760559920108,0.5257471649796616,0.1499572517717223,0.03567674621879551,up,down,down,down,-0.0189950417509576,-0.003961992516535,0.0,-2.1729647025483902e-05,5.047
2.1870000000000003,-0.4263793489751233,0.5478911571231935,0.1563485971967241,0.037974040086059015,up,down,down,down,-0.0189950417509576,-0.003961992516535,0.0,-2.1729647025483902e-05,5.062
2.2030000000000003,-0.435027080871544,0.5214882017753327,0.163303240515762,0.040531254787758916,up,down,down,down,-0.0189950417509576,-0.003961992516535,0.0,-2.1729647025483902e-05,5.078
2.2190000000000003,-0.4434265515903491,0.5059718781743602,0.1703942614557217,0.043200834803530715,up,down,down,down,-0.0189950417509576,-0.003961992516535,0.0,-2.1729647025483902e-05,5.094
2.234,-0.4515878345133118,0.5250904864465672,0.1771662992392471,0.04580753900874291,up,down,down,down,-0.0189950417509576,-0.003961992516535,0.0,-2.1729647025483902e-05,5.109
2.25,-0.4599372755949958,0.5028450258542924,0.1845218920003781,0.048701044538659914,up,down,down,down,-0.0189950417509576,-0.003961992516535,0.0,-2.1729647025483902e-05,5.125
2.2649999999999997,-0.4676074129185999,0.4923474464893272,0.191537907051978,0.051521493031552616,up,down,down,down,-0.0189950417509576,-0.003961992516535,0.0,-2.1729647025483902e-05,5.14
2.2809999999999997,-0.4750904737221174,0.4486962584688833,0.1991428820253683,0.054646939344171315,up,down,down,down,-0.0189950417509576,-0.003961992516535,0.0,-2.1729647025483902e-05,5.156
2.2969999999999997,-0.4816289161489565,0.38965760992648557,0.2068600290246014,0.057894962632571115,up,down,down,down,-0.0189950417509576,-0.003961992516535,0.0,-2.1729647025483902e-05,5.172
2.3120000000000003,-0.488007884370262,0.4062695063360642,0.2141917349162439,0.06105285086212761,up,down,down,down,-0.0189950417509576,-0.003961992516535,0.0,-2.1729647025483902e-05,5.187
2.3280000000000003,-0.4952626364757471,0.4344269648418605,0.2221212909632765,0.06454335506916371,up,down,down,down,-0.0189950417509576,-0.003961992516535,0.0,-2.1729647025483902e-05,5.203
2.3440000000000003,-0.5023404434079276,0.4233678915103175,0.2301655074826105,0.06816164945673081,up,down,down,down,-0.0189950417509576,-0.003961992516535,0.0,-2.1729647025483902e-05,5.219
2.359,-0.5080937851427391,0.3645610739031477,0.2378031940844883,0.07167141471848401,up,down,down,down,-0.0189950417509576,-0.003961992516535,0.0,-2.1729647025483902e-05,5.234
2.375,-0.5137068014693843,0.33181847866436937,0.2460409906576499,0.07554216819642111,up,down,down,down,-0.0189950417509576,-0.003961992516535,0.0,-2.1729647025483902e-05,5.25
2.3899999999999997,-0.5196755835878407,0.37892376614614526,0.2538507884333269,0.07929135653960341,up,down,down,down,-0.0189950417509576,-0.003961992516535,0.0,-2.1729647025483902e-05,5.265
2.4059999999999997,-0.5254987856546266,0.34495508742315967,0.2622755752675312,0.08342036744921022,up,down,down,down,-0.0189950417509576,-0.003961992516535,0.0,-2.1729647025483902e-05,5.281
2.4219999999999997,-0.5309930932266146,0.3243991814982914,0.2707909021788457,0.08768489926878122,up,down,down,down,-0.0189950417509576,-0.003961992516535,0.0,-2.1729647025483902e-05,5.297
2.4370000000000003,-0.5358139609738918,0.30239614140084287,0.2788513849730978,0.09180721642242101,up,down,down,down,-0.0189950417509576,-0.003961992516535,0.0,-2.1729647025483902e-05,5.312
2.4530000000000003,-0.5405204230574442,0.2751588384710677,0.2875254519256131,0.09633823111761071,up,down,down,down,-0.0189950417509576,-0.003961992516535,0.0,-2.1729647025483902e-05,5.328
2.4690000000000003,-0.5442847939844989,0.2162781411899626,0.2962672855422132,0.10100857301735332,up,down,down,down,-0.0189950417509576,-0.003961992516535,0.0,-2.1729647025483902e-05,5.344
2.484,-0.5501545922490206,0.3723248425504987,0.3045350108267125,0.10551459024012011,up,down,down,down,-0.0189950417509576,-0.003961992516535,0.0,-2.1729647025483902e-05,5.359
2.5,-0.5570958977563479,0.4148365524569982,0.31345640662702,0.11045852157975002,up,down,down,down,-0.0189950417509576,-0.003961992516535,0.0,-2.1729647025483902e-05,5.375
2.5149999999999997,-0.5638808194417956,0.4333330706122282,0.321923161893754,0.11522386834365571,up,down,down,down,-0.0189950417509576,-0.003961992516535,0.0,-2.1729647025483902e-05,5.39
2.5309999999999997,-0.5683151274854464,0.25814921097722077,0.3310441213494365,0.12044760660960122,up,down,down,down,-0.0189950417509576,-0.003961992516535,0.0,-2.1729647025483902e-05,5.406
2.5469999999999997,-0.5738494225380749,0.32689839903832196,0.3402448296298892,0.1258179182174359,up,down,down,down,-0.0189950417509576,-0.003961992516535,0.0,-2.1729647025483902e-05,5.422
2.5620000000000003,-0.5792612606747537,0.3417941673609475,0.3489525896417338,0.1309868988619732,up,down,down,down,-0.0189950417509576,-0.003961992516535,0.0,-2.1729647025483902e-05,5.437
2.5780000000000003,-0.5839283993228258,0.272701123753549,0.358321498801979,0.13664509156952293,up,down,down,down,-0.0189950417509576,-0.003961992516535,0.0,-2.1729647025483902e-05,5.453
2.5940000000000003,-0.5882385228323185,0.250387677592334,0.3677622260594847,0.1424537613684147,up,down,down,down,-0.0189950417509576,-0.003961992516535,0.0,-2.1729647025483902e-05,5.469
2.609,-0.5924557587423608,0.2621540189185354,0.3766768630590426,0.14803705453680352,up,down,down,down,-0.0189950417509576,-0.003961992516535,0.0,-2.1729647025483902e-05,5.484
2.625,-0.5956054680640329,0.1778617908535506,0.3862447447537583,0.15414042739930592,up,down,down,down,-0.0189950417509576,-0.003961992516535,0.0,-2.1729647025483902e-05,5.5
2.6399999999999997,-0.6004256997428127,0.30235373683436667,0.3952744084000575,0.1600018210479594,up,down,down,down,-0.0189950417509576,-0.003961992516535,0.0,-2.1729647025483902e-05,5.515
2.6559999999999997,-0.6039114271223484,0.1988629194700218,0.4049724972952434,0.1664037962935218,up,down,down,down,-0.0189950417509576,-0.003961992516535,0.0,-2.1729647025483902e-05,5.531
2.6719999999999997,-0.6073570699613421,0.1963576356861506,0.4147260371521775,0.1729613845691012,up,down,down,down,-0.0189950417509576,-0.003961992516535,0.0,-2.1729647025483902e-05,5.547
2.6870000000000003,-0.6112636767327012,0.24144540967297398,0.4239251226401312,0.1792512682675437,up,down,down,down,-0.0189950417509576,-0.003961992516535,0.0,-2.1729647025483902e-05,5.562
2.7030000000000003,-0.6156748500712671,0.25670329190941016,0.4338040227348275,0.1861131014305434,up,down,down,down,-0.0189950417509576,-0.003961992516535,0.0,-2.1729647025483902e-05,5.578
2.7190000000000003,-0.6198923805346476,0.2446006122103215,0.4437519524599394,0.1931335492321016,up,down,down,down,-0.0189950417509576,-0.003961992516535,0.0,-2.1729647025483902e-05,5.594
2.734,-0.6244899984363014,0.2875128183593026,0.4531442501899693,0.1998602707519757,up,down,down,down,-0.0189950417509576,-0.003961992516535,0.0,-2.1729647025483902e-05,5.609
2.75,-0.6290460740129068,0.265759681786881,0.4632359306498276,0.2071913121986941,up,down,down,down,-0.0189950417509576,-0.003961992516535,0.0,-2.1729647025483902e-05,5.625
2.7649999999999997,-0.6334711303522998,0.27600871420858547,0.4727642395703145,0.214211313475345,up,down,down,down,-0.0189950417509576,-0.003961992516535,0.0,-2.1729647025483902e-05,5.64
2.7809999999999997,-0.6357665078073219,0.1244660491879212,0.4829815325558563,0.2218572796523544,up,down,down,down,-0.0189950417509576,-0.003961992516535,0.0,-2.1729647025483902e-05,5.656
2.7969999999999997,-0.6384735021746143,0.1501921062048161,0.4932388445159775,0.22966704266892912,up,down,down,down,-0.0189950417509576,-0.003961992516535,0.0,-2.1729647025483902e-05,5.672
2.8120000000000003,-0.6403487605959485,0.10602218633798302,0.502889441374506,0.237138004813108,up,down,down,down,-0.0189950417509576,-0.003961992516535,0.0,-2.1729647025483902e-05,5.687
2.8280000000000003,-0.6421318223537825,0.0924463181136703,0.5132126779183684,0.24526682176745102,up,down,down,down,-0.0189950417509576,-0.003961992516535,0.0,-2.1729647025483902e-05,5.703
2.8440000000000003,-0.6457508593841618,0.2071947726477451,0.5235791312525365,0.2535611562408183,up,down,down,down,-0.0189950417509576,-0.003961992516535,0.0,-2.1729647025483902e-05,5.719
2.859,-0.6495099844627658,0.23161329682264678,0.5333530174691363,0.2614881473562307,up,down,down,down,-0.0189950417509576,-0.003961992516535,0.0,-2.1729647025483902e-05,5.734
2.875,-0.6531774235638431,0.21021990206637742,0.5438379086136138,0.2701056747648927,up,down,down,down,-0.0189950417509576,-0.003961992516535,0.0,-2.1729647025483902e-05,5.75
2.8899999999999997,-0.6563970076460476,0.19564389706267782,0.5537191467354358,0.2783373526800104,up,down,down,down,-0.0189950417509576,-0.003961992516535,0.0,-2.1729647025483902e-05,5.765
2.9059999999999997,-0.6593409374004421,0.1650005678986986,0.5643084421760722,0.28728157339130245,up,down,down,down,-0.0189950417509576,-0.003961992516535,0.0,-2.1729647025483902e-05,5.781
2.9219999999999997,-0.6622388552353461,0.16212482293054262,0.5749444723974231,0.29639559670789045,up,down,down,down,-0.0189950417509576,-0.003961992516535,0.0,-2.1729647025483902e-05,5.797
2.9370000000000003,-0.6650660921474484,0.16948741905585482,0.5849586893905424,0.30509487042130046,up,down,down,down,-0.0189950417509576,-0.003961992516535,0.0,-2.1729647025483902e-05,5.812
2.9530000000000003,-0.6676663731596301,0.1435225215103974,0.5956839409932636,0.31454001146437094,up,down,down,down,-0.0189950417509576,-0.003961992516535,0.0,-2.1729647025483902e-05,5.828
2.9690000000000003,-0.6702032326837096,0.1395586785040147,0.6064502897202749,0.32415708531007925,up,down,down,down,-0.0189950417509576,-0.003961992516535,0.0,-2.1729647025483902e-05,5.844
2.984,-0.6733367442496513,0.1899057293118242,0.6165862694350229,0.33332985950374383,up,down,down,down,-0.0189950417509576,-0.003961992516535,0.0,-2.1729647025483902e-05,5.859
3.0,-0.676393828704228,0.1720727366600892,0.6274475058989185,0.34328212970641536,up,down,down,down,-0.0189950417509576,-0.003961992516535,0.0,-2.1729647025483902e-05,5.875
3.0149999999999997,-0.6785892655928035,0.1273674174874112,0.6376693089938941,0.35277050581811126,up,down,down,down,-0.0189950417509576,-0.003961992516535,0.0,-2.1729647025483902e-05,5.89
3.0309999999999997,-0.6807311552401939,0.11487306121094051,0.6486072642408226,0.363060718403989,up,down,down,down,-0.0189950417509576,-0.003961992516535,0.0,-2.1729647025483902e-05,5.906
3.0469999999999997,-0.6828309181777109,0.11224014184385561,0.6595791527084304,0.37352620973958306,up,down,down,down,-0.0189950417509576,-0.003961992516535,0.0,-2.1729647025483902e-05,5.922
3.0620000000000003,-0.6835402867104251,0.028296193763320203,0.6698863666328398,0.3834972011346429,up,down,down,down,-0.0189950417509576,-0.003961992516535,0.0,-2.1729647025483902e-05,5.937
3.0780000000000003,-0.6861519342284003,0.1442329281224896,0.680907296280615,0.3943035504379506,up,down,down,down,-0.0189950417509576,-0.003961992516535,0.0,-2.1729647025483902e-05,5.953
3.0940000000000003,-0.6886437824469543,0.1367454719086724,0.6919690538942824,0.40528656123934975,up,down,down,down,-0.0189950417509576,-0.003961992516535,0.0,-2.1729647025483902e-05,5.969
3.109,-0.6923989197256707,0.23134744349680422,0.7023863040483249,0.4157442264239191,up,down,down,down,-0.0189950417509576,-0.003961992516535,0.0,-2.1729647025483902e-05,5.984
3.125,-0.6934988237000931,0.04974895665044161,0.7135368778759956,0.42707161187931364,up,down,down,down,-0.0189950417509576,-0.003961992516535,0.0,-2.1729647025483902e-05,6.0
3.1399999999999997,-0.6949818328735874,0.0798722364819984,0.724009912688046,0.4378532128085437,up,down,down,down,-0.0189950417509576,-0.003961992516535,0.0,-2.1729647025483902e-05,6.015
3.1559999999999997,-0.6964249141654301,0.07119753898920941,0.7352045585446227,0.44952692857840515,up,down,down,down,-0.0189950417509576,-0.003961992516535,0.0,-2.1729647025483902e-05,6.031
3.1719999999999997,-0.6972346023858745,0.0316104720268218,0.7464172265572977,0.46137990285922054,up,down,down,down,-0.0189950417509576,-0.003961992516535,0.0,-2.1729647025483902e-05,6.047
3.1870000000000003,-0.6972972474332179,0.014818705261402899,0.7569356453186893,0.47265504939829084,up,down,down,down,-0.0189950417509576,-0.003961992516535,0.0,-2.1729647025483902e-05,6.062
3.2030000000000003,-0.6973197797636869,0.017586771096644797,0.7681559734165291,0.4848557823481726,up,down,down,down,-0.0189950417509576,-0.003961992516535,0.0,-2.1729647025483902e-05,6.078
3.2190000000000003,-0.6981105809741682,0.0304300339041274,0.7793828081826965,0.49723609260096646,up,down,down,down,-0.0189950417509576,-0.003961992516535,0.0,-2.1729647025483902e-05,6.094
3.234,-0.699700366820892,0.08699068136396171,0.7899258201789072,0.5090059073136782,up,down,down,down,-0.0189950417509576,-0.003961992516535,0.0,-2.1729647025483902e-05,6.109
3.25,-0.7012683738876132,0.0790053999191187,0.8011969619848398,0.5217348895709882,up,down,down,down,-0.0189950417509576,-0.003961992516535,0.0,-2.1729647025483902e-05,6.125
3.2649999999999997,-0.7023241397118306,0.051389346530204,0.8117833357245834,0.5338322418038086,up,down,down,down,-0.0189950417509576,-0.003961992516535,0.0,-2.1729647025483902e-05,6.14
3.2809999999999997,-0.7037133112935107,0.06782818210404601,0.8230950272128907,0.5469112687073084,up,down,down,down,-0.0189950417509576,-0.003961992516535,0.0,-2.1729647025483902e-05,6.156
3.2969999999999997,-0.7044427589280621,0.026595435408505202,0.8344236676549279,0.560171418266251,up,down,down,down,-0.0189950417509576,-0.003961992516535,0.0,-2.1729647025483902e-05,6.172
3.3120000000000003,-0.7050870179133534,0.023955557268460805,0.8450545708689869,0.5727675050551809,up,down,down,down,-0.0189950417509576,-0.003961992516535,0.0,-2.1729647025483902e-05,6.187
3.3280000000000003,-0.7062968715140824,0.056620808294605106,0.856409033864671,0.5863792138930503,up,down,down,down,-0.0189950417509576,-0.003961992516535,0.0,-2.1729647025483902e-05,6.203
3.3440000000000003,-0.706185899980902,0.0259307625747328,0.8677722879168955,0.6001726644673028,up,down,down,down,-0.0189950417509576,-0.003961992516535,0.0,-2.1729647025483902e-05,6.219
3.359,-0.7060589360102975,0.027459306457925797,0.8784235540745773,0.6132691332822385,up,down,down,down,-0.0189950417509576,-0.003961992516535,0.0,-2.1729647025483902e-05,6.234
3.375,-0.7073664506648979,0.06272462416156971,0.8897943490482434,0.6274148765072212,up,down,down,down,-0.0189950417509576,-0.003961992516535,0.0,-2.1729647025483902e-05,6.25
3.3899999999999997,-0.708494398348604,0.0562014704961142,0.9004727353035925,0.6408418796398596,up,down,down,down,-0.0189950417509576,-0.003961992516535,0.0,-2.1729647025483902e-05,6.265
3.4059999999999997,-0.7096133847482201,0.0509416082250524,0.9118809894486316,0.6553407094378774,up,down,down,down,-0.0189950417509576,-0.003961992516535,0.0,-2.1729647025483902e-05,6.281
3.4219999999999997,-0.7122293373371545,0.14450199505744432,0.9233191231055792,0.6700223103383111,up,down,down,down,-0.0189950417509576,-0.003961992516535,0.0,-2.1729647025483902e-05,6.297
3.4370000000000003,-0.7135520127522953,0.06918331925842239,0.9340719131189986,0.6839527431099959,up,down,down,down,-0.0189950417509576,-0.003961992516535,0.0,-2.1729647025483902e-05,6.312
3.4530000000000003,-0.7158289131233265,0.1233112314384942,0.9455703524062682,0.698989881234198,up,down,down,down,-0.0189950417509576,-0.003961992516535,0.0,-2.1729647025483902e-05,6.328
3.4690000000000003,-0.7180098924301462,0.117316164925274,0.9571044547309604,0.7142112796912958,up,down,down,down,-0.0189950417509576,-0.003961992516535,0.0,-2.1729647025483902e-05,6.344
3.484,-0.7201376771197269,0.1228572708877545,0.9679499913903324,0.7286491880372052,up,down,down,down,-0.0189950417509576,-0.003961992516535,0.0,-2.1729647025483902e-05,6.359
3.5,-0.71960163902458,0.0524974226976392,0.9795312977997512,0.744229038350726,up,down,down,down,-0.0189950417509576,-0.003961992516535,0.0,-2.1729647025483902e-05,6.375
3.5149999999999997,-0.7190786750293158,0.053859308101904396,0.9903808300429032,0.7590033793095455,up,down,down,down,-0.0189950417509576,-0.003961992516535,0.0,-2.1729647025483902e-05,6.39
3.5309999999999997,-0.7184915570701628,0.0556899141980203,1.0019447837799638,0.7749419842201285,up,down,down,down,-0.0189950417509576,-0.003961992516535,0.0,-2.1729647025483902e-05,6.406
3.5469999999999997,-0.7179187590612327,0.0547949173090865,1.0134994581892796,0.7910655381558824,up,down,down,down,-0.0189950417509576,-0.003961992516535,0.0,-2.1729647025483902e-05,6.422
3.5620000000000003,-0.7188095219172476,0.0403891486500307,1.0243343501843667,0.8063492917186854,up,down,down,down,-0.0189950417509576,-0.003961992516535,0.0,-2.1729647025483902e-05,6.437
3.5780000000000003,-0.719678558849946,0.0353197665426963,1.0359056467107688,0.8228312116938465,up,down,down,down,-0.0189950417509576,-0.003961992516535,0.0,-2.1729647025483902e-05,6.453
3.5940000000000003,-0.7226128467136573,0.16439794973099872,1.0475073698355422,0.839498515826217,up,down,down,down,-0.0189950417509576,-0.003961992516535,0.0,-2.1729647025483902e-05,6.469
3.609,-0.725475566580693,0.1718529493847584,1.0584274628229975,0.8552930270711557,up,down,down,down,-0.0189950417509576,-0.003961992516535,0.0,-2.1729647025483902e-05,6.484
3.625,-0.7267396359076576,0.0600092911843264,1.0701085763231688,0.8723213153843251,up,down,down,down,-0.0189950417509576,-0.003961992516535,0.0,-2.1729647025483902e-05,6.5
3.6399999999999997,-0.7279728742754284,0.0632208494337704,1.0810783500372898,0.8884552173320283,up,down,down,down,-0.0189950417509576,-0.003961992516535,0.0,-2.1729647025483902e-05,6.515
3.6559999999999997,-0.728819864109557,0.0339418228820776,1.0927960838246342,0.9058462128029237,up,down,down,down,-0.0189950417509576,-0.003961992516535,0.0,-2.1729647025483902e-05,6.531
3.6719999999999997,-0.7311498249385641,0.1266275100619828,1.104539233217284,0.9234248953392589,up,down,down,down,-0.0189950417509576,-0.003961992516535,0.0,-2.1729647025483902e-05,6.547
3.6870000000000003,-0.7334229574546659,0.13254712598915921,1.1155829589729815,0.9400758117806864,up,down,down,down,-0.0189950417509576,-0.003961992516535,0.0,-2.1729647025483902e-05,6.562
3.7030000000000003,-0.7333008573171115,0.0266263003481092,1.1273801413714204,0.9580195165834416,up,down,down,down,-0.0189950417509576,-0.003961992516535,0.0,-2.1729647025483902e-05,6.578
3.7190000000000003,-0.7331817352316926,0.0264401720896367,1.1391753939920757,0.9761519608663497,up,down,down,down,-0.0189950417509576,-0.003961992516535,0.0,-2.1729647025483902e-05,6.594
3.734,-0.7337844766017129,0.0211877162503935,1.1502370704685738,0.9933225543498041,up,down,down,down,-0.0189950417509576,-0.003961992516535,0.0,-2.1729647025483902e-05,6.609
3.75,-0.7343694639895536,0.017566669989088603,1.1620456938735686,1.0118208164645415,up,down,down,down,-0.0189950417509576,-0.003961992516535,0.0,-2.1729647025483902e-05,6.625
3.7649999999999997,-0.7346137735095032,0.0,1.1731224980425594,1.029334577903912,up,down,down,down,-0.0189950417509576,-0.003961992516535,0.0,-2.1729647025483902e-05,6.64
3.7809999999999997,-0.7348521242606748,0.0,1.1849416171049854,1.0481990908250924,up,down,down,down,-0.0189950417509576,-0.003961992516535,0.0,-2.1729647025483902e-05,6.656
3.7969999999999997,-0.7350464017968169,0.0,1.19676419719371,1.067252737339482,up,down,down,down,-0.0189950417509576,-0.003961992516535,0.0,-2.1729647025483902e-05,6.672
3.8120000000000003,-0.7369195070951077,0.1058786448017554,1.207863371398148,1.0852874441039215,up,down,down,down,-0.0189950417509576,-0.003961992516535,0.0,-2.1729647025483902e-05,6.687
3.8280000000000003,-0.7391661965607971,0.1214230498546297,1.2197354489076595,1.104708234666368,up,down,down,down,-0.0189950417509576,-0.003961992516535,0.0,-2.1729647025483902e-05,6.703
3.8440000000000003,-0.7413399349361108,0.11686360670615231,1.2316428898398994,1.1243192613763484,up,down,down,down,-0.0189950417509576,-0.003961992516535,0.0,-2.1729647025483902e-05,6.719
3.859,-0.7424008054590506,0.0517296597783635,1.242830375280611,1.142877810864752,up,down,down,down,-0.0189950417509576,-0.003961992516535,0.0,-2.1729647025483902e-05,6.734
3.875,-0.7434247385443734,0.045000776081716105,1.254780371512903,1.1628586968391001,up,down,down,down,-0.0189950417509576,-0.003961992516535,0.0,-2.1729647025483902e-05,6.75
3.8899999999999997,-0.7441512598424912,0.029439711456895903,1.265996621388552,1.181764524285861,up,down,down,down,-0.0189950417509576,-0.003961992516535,0.0,-2.1729647025483902e-05,6.765
3.9059999999999997,-0.7449060584549977,0.028179871530698,1.2779724718151966,1.2021162770314908,up,down,down,down,-0.0189950417509576,-0.003961992516535,0.0,-2.1729647025483902e-05,6.781
3.9219999999999997,-0.7462542705588701,0.0652682147410654,1.289965146327572,1.222659777976633,up,down,down,down,-0.0189950417509576,-0.003961992516535,0.0,-2.1729647025483902e-05,6.797
3.9370000000000003,-0.7474513744060599,0.0608118813950294,1.3012273685525575,1.2420937218382349,up,down,down,down,-0.0189950417509576,-0.003961992516535,0.0,-2.1729647025483902e-05,6.812
3.9530000000000003,-0.7485764128674469,0.0513198620857302,1.3132589827310102,1.2630096126485033,up,down,down,down,-0.0189950417509576,-0.003961992516535,0.0,-2.1729647025483902e-05,6.828
3.9690000000000003,-0.7487541634440477,0.0,1.325301019221767,1.2841180926641256,up,down,down,down,-0.0189950417509576,-0.003961992516535,0.0,-2.1729647025483902e-05,6.844
3.984,-0.7521551854267782,0.207739757097748,1.3366172692260456,1.3040824798274837,up,down,down,down,-0.0189950417509576,-0.003961992516535,0.0,-2.1729647025483902e-05,6.859
4.0,-0.755464973631062,0.1878667210167827,1.348741622378773,1.3255653509603222,up,down,down,down,-0.0189950417509576,-0.003961992516535,0.0,-2.1729647025483902e-05,6.875
4.015,-0.7568381218814421,0.07254817494104701,1.3601433254828643,1.345881988069284,up,down,down,down,-0.0189950417509576,-0.003961992516535,0.0,-2.1729647025483902e-05,6.89
4.031,-0.755719554633652,0.0889054947378341,1.37230717877525,1.367741592103349,up,down,down,down,-0.0189950417509576,-0.003961992516535,0.0,-2.1729647025483902e-05,6.906
4.047,-0.7574976843230844,0.0921380638385649,1.3844763085671683,1.3897958600020883,up,down,down,down,-0.0189950417509576,-0.003961992516535,0.0,-2.1729647025483902e-05,6.922
4.062,-0.7592547528846368,0.0981428623525342,1.3959113817339748,1.4106487676793478,up,down,down,down,-0.0189950417509576,-0.003961992516535,0.0,-2.1729647025483902e-05,6.937
4.078,-0.7587862419429322,0.0482769756074973,1.4081191015728598,1.4330810115458026,up,down,down,down,-0.0189950417509576,-0.003961992516535,0.0,-2.1729647025483902e-05,6.953
4.094,-0.7602120371895521,0.07011716116278591,1.4203344796861843,1.455708640195875,up,down,down,down,-0.0189950417509576,-0.003961992516535,0.0,-2.1729647025483902e-05,6.969
4.109,-0.7615836377447903,0.0724449952649254,1.4318073771359396,1.4770997041220402,up,down,down,down,-0.0189950417509576,-0.003961992516535,0.0,-2.1729647025483902e-05,6.984
4.125,-0.7626807677391555,0.049575582896865804,1.4440648842600758,1.5001066822132083,up,down,down,down,-0.0189950417509576,-0.003961992516535,0.0,-2.1729647025483902e-05,7.0
4.14,-0.7628088647830787,0.010455238822740999,1.4555654863917404,1.5218539099930966,up,down,down,down,-0.0189950417509576,-0.003961992516535,0.0,-2.1729647025483902e-05,7.015
4.156,-0.7629829922017458,0.0,1.4678352131278836,1.5452411155892536,up,down,down,down,-0.0189950417509576,-0.003961992516535,0.0,-2.1729647025483902e-05,7.031
4.172,-0.7619585303514712,0.0830239073931203,1.480098137188574,1.5688245823917852,up,down,down,down,-0.0189950417509576,-0.003961992516535,0.0,-2.1729647025483902e-05,7.047
4.187,-0.7623961306385266,0.010178310719402402,1.491590227033747,1.5911122451234534,up,down,down,down,-0.0189950417509576,-0.003961992516535,0.0,-2.1729647025483902e-05,7.062
4.203,-0.7628230577478502,0.0,1.503855372421103,1.6150758099190923,up,down,down,down,-0.0189950417509576,-0.003961992516535,0.0,-2.1729647025483902e-05,7.078
4.219,-0.762496488082988,0.039405645804846304,1.5161213206680142,1.6392356234638052,up,down,down,down,-0.0189950417509576,-0.003961992516535,0.0,-2.1729647025483902e-05,7.094
4.234,-0.7618244654908609,0.06379654789276279,1.5276131577075658,1.6620636320516216,up,down,down,down,-0.0189950417509576,-0.003961992516535,0.0,-2.1729647025483902e-05,7.109
4.25,-0.7612003513637956,0.0580021746925395,1.5398607481226676,1.6866034232982634,up,down,down,down,-0.0189950417509576,-0.003961992516535,0.0,-2.1729647025483902e-05,7.125
4.265,-0.7605657342466207,0.0613028495626211,1.5513334236524936,1.7097873795865766,up,down,down,down,-0.0189950417509576,-0.003961992516535,0.0,-2.1729647025483902e-05,7.14
4.281,-0.7599465955957198,0.0576912074322643,1.563560914171497,1.7347065342891685,up,down,down,down,-0.0189950417509576,-0.003961992516535,0.0,-2.1729647025483902e-05,7.156
4.297,-0.7594724539312258,0.0486288957818325,1.575779658447977,1.7598212588701243,up,down,down,down,-0.0189950417509576,-0.003961992516535,0.0,-2.1729647025483902e-05,7.172
4.312,-0.759009876697574,0.049833523994405,1.5872277058154416,1.783543814102101,up,down,down,down,-0.0189950417509576,-0.003961992516535,0.0,-2.1729647025483902e-05,7.187
4.328,-0.7601918354177998,0.054877378263151706,1.5994447113926291,1.8090371934397655,up,down,down,down,-0.0189950417509576,-0.003961992516535,0.0,-2.1729647025483902e-05,7.203
4.344,-0.7613449658765569,0.053075611921360406,1.6116803976832486,1.8347261943123725,up,down,down,down,-0.0189950417509576,-0.003961992516535,0.0,-2.1729647025483902e-05,7.219
4.359,-0.7620312835491135,0.0267594697528213,1.6231651494416888,1.8589875359158088,up,down,down,down,-0.0189950417509576,-0.003961992516535,0.0,-2.1729647025483902e-05,7.234
4.375,-0.7627008617662431,0.022853596819638604,1.635426398484476,1.8850562682992185,up,down,down,down,-0.0189950417509576,-0.003961992516535,0.0,-2.1729647025483902e-05,7.25
4.39,-0.7633708894632144,0.0256734713804654,1.646931366506445,1.9096739515366496,up,down,down,down,-0.0189950417509576,-0.003961992516535,0.0,-2.1729647025483902e-05,7.265
4.406,-0.7622635095969398,0.0882062833931217,1.6591998335791909,1.9361230011373345,up,down,down,down,-0.0189950417509576,-0.003961992516535,0.0,-2.1729647025483902e-05,7.281
4.422,-0.7609225587908811,0.10280446712962449,1.6714487140065577,1.962768189518021,up,down,down,down,-0.0189950417509576,-0.003961992516535,0.0,-2.1729647025483902e-05,7.297
4.437,-0.7595978614272011,0.10730819932962199,1.6829120470459418,1.9879258952259153,up,down,down,down,-0.0189950417509576,-0.003961992516535,0.0,-2.1729647025483902e-05,7.312
4.453,-0.7618609967980935,0.12245091892981722,1.6951471097920088,2.014950368480619,up,down,down,down,-0.0189950417509576,-0.003961992516535,0.0,-2.1729647025483902e-05,7.328
4.469,-0.7627255001201317,0.0350364158764327,1.7074071936476192,2.042170802908136,up,down,down,down,-0.0189950417509576,-0.003961992516535,0.0,-2.1729647025483902e-05,7.344
4.484,-0.7625002095618215,0.0340144123049726,1.7189058163579816,2.0678681504831773,up,down,down,down,-0.0189950417509576,-0.003961992516535,0.0,-2.1729647025483902e-05,7.359
4.5,-0.7622804138951765,0.032732270916269,1.731167453225902,2.0954687366398486,up,down,down,down,-0.0189950417509576,-0.003961992516535,0.0,-2.1729647025483902e-05,7.375
4.515,-0.7646855878617363,0.14134988935303341,1.7426791281268266,2.1215225859999935,up,down,down,down,-0.0189950417509576,-0.003961992516535,0.0,-2.1729647025483902e-05,7.39
4.531,-0.7659126273285591,0.0576949249254665,1.7549873057286136,2.1495039174708372,up,down,down,down,-0.0189950417509576,-0.003961992516535,0.0,-2.1729647025483902e-05,7.406
4.547,-0.7671429060968916,0.057897381269822405,1.7673151418762818,2.177682337051676,up,down,down,down,-0.0189950417509576,-0.003961992516535,0.0,-2.1729647025483902e-05,7.422
4.562,-0.7679288402550118,0.0334005687903889,1.7788876098616695,2.204278857689712,up,down,down,down,-0.0189950417509576,-0.003961992516535,0.0,-2.1729647025483902e-05,7.437
4.578,-0.7690355537471235,0.050174551506021396,1.7912467168939512,2.232839932303757,up,down,down,down,-0.0189950417509576,-0.003961992516535,0.0,-2.1729647025483902e-05,7.453
4.594,-0.7700800262812618,0.046284491632686504,1.803623033414443,2.261598890306224,up,down,down,down,-0.0189950417509576,-0.003961992516535,0.0,-2.1729647025483902e-05,7.469
4.609,-0.769087861759049,0.0851393432318154,1.815226222462493,2.2887402597253006,up,down,down,down,-0.0189950417509576,-0.003961992516535,0.0,-2.1729647025483902e-05,7.484
4.625,-0.768135666498326,0.07850724554614419,1.8275874025688168,2.317882768725551,up,down,down,down,-0.0189950417509576,-0.003961992516535,0.0,-2.1729647025483902e-05,7.5
4.64,-0.7672225694707838,0.07986817692043649,1.8391620192263327,2.345383389389015,up,down,down,down,-0.0189950417509576,-0.003961992516535,0.0,-2.1729647025483902e-05,7.515
4.656,-0.766785486553408,0.0463127240869497,1.8514974755547908,2.3749086653472635,up,down,down,down,-0.0189950417509576,-0.003961992516535,0.0,-2.1729647025483902e-05,7.531
4.672,-0.7667176024194601,0.0232378001226995,1.8638288921468384,2.4046312762888764,up,down,down,down,-0.0189950417509576,-0.003961992516535,0.0,-2.1729647025483902e-05,7.547
4.687,-0.7695830767395951,0.1720365795913727,1.87541057712828,2.432675572308441,up,down,down,down,-0.0189950417509576,-0.003961992516535,0.0,-2.1729647025483902e-05,7.562
4.703,-0.7722947219981205,0.15048278690688022,1.8878089913984464,2.462781328856655,up,down,down,down,-0.0189950417509576,-0.003961992516535,0.0,-2.1729647025483902e-05,7.578
4.719,-0.7734617281952066,0.053942845566923296,1.9002384348802572,2.493085708266884,up,down,down,down,-0.0189950417509576,-0.003961992516535,0.0,-2.1729647025483902e-05,7.594
4.734,-0.7718817858642081,0.12432453048419731,1.9118879411234508,2.5216766560869117,up,down,down,down,-0.0189950417509576,-0.003961992516535,0.0,-2.1729647025483902e-05,7.609
4.75,-0.7703660653862504,0.1137275716233119,1.924289315813719,2.552366074142409,up,down,down,down,-0.0189950417509576,-0.003961992516535,0.0,-2.1729647025483902e-05,7.625
4.765,-0.7692455850800873,0.09369372882849739,1.9358958330799645,2.581317462759111,up,down,down,down,-0.0189950417509576,-0.003961992516535,0.0,-2.1729647025483902e-05,7.64
4.781,-0.7708663904641818,0.08230529475494741,1.9482801207645832,2.6123908703898677,up,down,down,down,-0.0189950417509576,-0.003961992516535,0.0,-2.1729647025483902e-05,7.656
4.797,-0.772414713533511,0.0777751500821155,1.9606897614768293,2.6436626294477987,up,down,down,down,-0.0189950417509576,-0.003961992516535,0.0,-2.1729647025483902e-05,7.672
4.812,-0.7739252726255402,0.0817088977176545,1.9723467412607707,2.673160403218332,up,down,down,down,-0.0189950417509576,-0.003961992516535,0.0,-2.1729647025483902e-05,7.687
4.828,-0.7749880397425476,0.047427903062002806,1.984801439639978,2.704817588665538,up,down,down,down,-0.0189950417509576,-0.003961992516535,0.0,-2.1729647025483902e-05,7.703
4.844,-0.7760248857103599,0.045807831237310005,1.9972729349238605,2.7366741836620485,up,down,down,down,-0.0189950417509576,-0.003961992516535,0.0,-2.1729647025483902e-05,7.719
4.859,-0.7777578280046084,0.09653444453227641,2.008985735164469,2.7667211236877107,up,down,down,down,-0.0189950417509576,-0.003961992516535,0.0,-2.1729647025483902e-05,7.734
4.875,-0.7770780495112338,0.0614811975868655,2.02148781406486,2.7989649120815447,up,down,down,down,-0.0189950417509576,-0.003961992516535,0.0,-2.1729647025483902e-05,7.75
4.89,-0.7764148509811123,0.0632082770923941,2.0331984407063004,2.8293750589923277,up,down,down,down,-0.0189950417509576,-0.003961992516535,0.0,-2.1729647025483902e-05,7.765
4.906,-0.7772842874421927,0.0353447370665671,2.045691425693952,2.8620061779235297,up,down,down,down,-0.0189950417509576,-0.003961992516535,0.0,-2.1729647025483902e-05,7.781
4.922,-0.7781325181359283,0.0340193766075192,2.058198152018841,2.894837294545232,up,down,down,down,-0.0189950417509576,-0.003961992516535,0.0,-2.1729647025483902e-05,7.797
4.937,-0.7788882320130687,0.0313858833917305,2.069935237532707,2.92579829496687,up,down,down,down,-0.0189950417509576,-0.003961992516535,0.0,-2.1729647025483902e-05,7.812
4.953,-0.7796255138444242,0.0270850727087657,2.0824667393798317,2.95901751078217,up,down,down,down,-0.0189950417509576,-0.003961992516535,0.0,-2.1729647025483902e-05,7.828
4.969,-0.7791942378816367,0.0459497894251813,2.0950006892739044,2.9924372502114,up,down,down,down,-0.0189950417509576,-0.003961992516535,0.0,-2.1729647025483902e-05,7.844
4.984,-0.7787734808447714,0.047045510875310295,2.1067448770521,3.023950341958844,up,down,down,down,-0.0189950417509576,-0.003961992516535,0.0,-2.1729647025483902e-05,7.859
5.0,-0.7799390037857067,0.05385014205749881,2.119277968809409,3.0577585247257355,up,down,down,down,-0.0189950417509576,-0.003961992516535,0.0,-2.1729647025483902e-05,7.875
5.015,-0.7810760993378382,0.0568113283911429,2.131045011970583,3.089635947081585,up,down,down,down,-0.0189950417509576,-0.003961992516535,0.0,-2.1729647025483902e-05,7.89
5.031,-0.7811042655676276,0.0172346523891198,2.143605846770092,3.1238331539515105,up,down,down,down,-0.0189950417509576,-0.003961992516535,0.0,-2.1729647025483902e-05,7.906
5.047,-0.781131744816202,0.017277588715058897,2.1561671267334264,3.158231337739539,up,down,down,down,-0.0189950417509576,-0.003961992516535,0.0,-2.1729647025483902e-05,7.922
5.062,-0.7801929428885829,0.08158183692556059,2.1679364917789608,3.190662114878383,up,down,down,down,-0.0189950417509576,-0.003961992516535,0.0,-2.1729647025483902e-05,7.937
5.078,-0.7793340080886609,0.0726784667460787,2.180476099267043,3.225449415606751,up,down,down,down,-0.0189950417509576,-0.003961992516535,0.0,-2.1729647025483902e-05,7.953
5.094,-0.7806703136147172,0.06452405362755709,2.193019525720935,3.2604373806066547,up,down,down,down,-0.0189950417509576,-0.003961992516535,0.0,-2.1729647025483902e-05,7.969
5.109,-0.7818223536911689,0.0578076300124943,2.2047976506134765,3.2934210094291627,up,down,down,down,-0.0189950417509576,-0.003961992516535,0.0,-2.1729647025483902e-05,7.984
5.125,-0.7829336904385827,0.05046350496240581,2.217379090846779,3.3287984233608445,up,down,down,down,-0.0189950417509576,-0.003961992516535,0.0,-2.1729647025483902e-05,8.0
5.140000000000001,-0.7814017191093862,0.1211264636973923,2.229171036306137,3.362147549314493,up,down,down,down,-0.0189950417509576,-0.003961992516535,0.0,-2.1729647025483902e-05,8.015
5.156000000000001,-0.7808406682507184,0.0540607204176922,2.2417323672852825,3.397914776543224,up,down,down,down,-0.0189950417509576,-0.003961992516535,0.0,-2.1729647025483902e-05,8.031
5.172000000000001,-0.780805780104295,0.0211755509024191,2.254288930752387,3.4338829469275254,up,down,down,down,-0.0189950417509576,-0.003961992516535,0.0,-2.1729647025483902e-05,8.047
5.186999999999999,-0.7807818349647723,0.0205913843858078,2.266060267753152,3.467785565916315,up,down,down,down,-0.0189950417509576,-0.003961992516535,0.0,-2.1729647025483902e-05,8.062
5.202999999999999,-0.7791911414180018,0.1184133884241099,2.278603443444479,3.5041428756058957,up,down,down,down,-0.0189950417509576,-0.003961992516535,0.0,-2.1729647025483902e-05,8.078
5.218999999999999,-0.7800889257855063,0.037116481218069104,2.291141075862372,3.5407008317603506,up,down,down,down,-0.0189950417509576,-0.003961992516535,0.0,-2.1729647025483902e-05,8.094
5.234,-0.7809958009436376,0.0414633021244648,2.3029086412005886,3.575156204638324,up,down,down,down,-0.0189950417509576,-0.003961992516535,0.0,-2.1729647025483902e-05,8.109
5.25,-0.7799494173753488,0.08439401476900679,2.315459594827405,3.6121031505265475,up,down,down,down,-0.0189950417509576,-0.003961992516535,0.0,-2.1729647025483902e-05,8.125
5.265000000000001,-0.7800658105589343,0.0112354961785931,2.3272191389246606,3.6469232410296897,up,down,down,down,-0.0189950417509576,-0.003961992516535,0.0,-2.1729647025483902e-05,8.14
5.281000000000001,-0.780171236923943,0.0124058939379168,2.339764427184788,3.6842591095585657,up,down,down,down,-0.0189950417509576,-0.003961992516535,0.0,-2.1729647025483902e-05,8.156
5.297000000000001,-0.7816667016044648,0.0744715007816587,2.35232252257328,3.72179580515663,up,down,down,down,-0.0189950417509576,-0.003961992516535,0.0,-2.1729647025483902e-05,8.172
5.311999999999999,-0.7824714054122063,0.0346518787651431,2.364112988263652,3.7571690714879042,up,down,down,down,-0.0189950417509576,-0.003961992516535,0.0,-2.1729647025483902e-05,8.187
5.327999999999999,-0.7809697981085152,0.11284549823165049,2.376683909772082,3.7950954466721907,up,down,down,down,-0.0189950417509576,-0.003961992516535,0.0,-2.1729647025483902e-05,8.203
5.343999999999999,-0.7794957243924366,0.1111246490058668,2.389231025832354,3.833222766157026,up,down,down,down,-0.0189950417509576,-0.003961992516535,0.0,-2.1729647025483902e-05,8.219
5.359,-0.7809671403615274,0.07909935618842051,2.400993927205757,3.869149453304813,up,down,down,down,-0.0189950417509576,-0.003961992516535,0.0,-2.1729647025483902e-05,8.234
5.375,-0.7830719720796503,0.112556940631725,2.4135696319855517,3.9076659617783434,up,down,down,down,-0.0189950417509576,-0.003961992516535,0.0,-2.1729647025483902e-05,8.25
5.390000000000001,-0.7851099647045211,0.11687113324042461,2.425390426399181,3.9439581622162305,up,down,down,down,-0.0189950417509576,-0.003961992516535,0.0,-2.1729647025483902e-05,8.265
5.406000000000001,-0.7841382671918514,0.0797261362928124,2.4380078041346165,3.9828653480605003,up,down,down,down,-0.0189950417509576,-0.003961992516535,0.0,-2.1729647025483902e-05,8.281
5.422000000000001,-0.7855809251492848,0.07117108058862781,2.45062894955361,4.021974442090006,up,down,down,down,-0.0189950417509576,-0.003961992516535,0.0,-2.1729647025483902e-05,8.297
5.436999999999999,-0.7869967443735303,0.075392906532083,2.462482711962778,4.058822779551376,up,down,down,down,-0.0189950417509576,-0.003961992516535,0.0,-2.1729647025483902e-05,8.312
5.452999999999999,-0.7861074222878149,0.07457767210816679,2.475130937176333,4.098323688744488,up,down,down,down,-0.0189950417509576,-0.003961992516535,0.0,-2.1729647025483902e-05,8.328
5.468999999999999,-0.7840222914908354,0.14931571656218148,2.487755366766827,4.138026779176034,up,down,down,down,-0.0189950417509576,-0.003961992516535,0.0,-2.1729647025483902e-05,8.344
5.484,-0.7819880175425632,0.15461330496909628,2.499559873972326,4.175431643481579,up,down,down,down,-0.0189950417509576,-0.003961992516535,0.0,-2.1729647025483902e-05,8.359
5.5,-0.7807386800176898,0.0970786370555475,2.5121250794330727,4.215525123108822,up,down,down,down,-0.0189950417509576,-0.003961992516535,0.0,-2.1729647025483902e-05,8.375
5.515000000000001,-0.7786491663106149,0.1582959555559447,2.523879918168284,4.253295160590834,up,down,down,down,-0.0189950417509576,-0.003961992516535,0.0,-2.1729647025483902e-05,8.39
5.531000000000001,-0.7785042854779453,0.0280500937928084,2.5364005376628564,4.293777404237483,up,down,down,down,-0.0189950417509576,-0.003961992516535,0.0,-2.1729647025483902e-05,8.406
5.547000000000001,-0.7783312053084189,0.029812552346353098,2.548918613469412,4.3344599574465414,up,down,down,down,-0.0189950417509576,-0.003961992516535,0.0,-2.1729647025483902e-05,8.422
5.561999999999999,-0.7790136182679214,0.026499155549208904,2.5606581295339814,4.372781783019064,up,down,down,down,-0.0189950417509576,-0.003961992516535,0.0,-2.1729647025483902e-05,8.437
5.577999999999999,-0.7796793870088995,0.022615504560174998,2.5731910654564607,4.4138525765789876,up,down,down,down,-0.0189950417509576,-0.003961992516535,0.0,-2.1729647025483902e-05,8.453
5.593999999999999,-0.7810531510331132,0.0668652097624011,2.5857403176410614,4.455124027643768,up,down,down,down,-0.0189950417509576,-0.003961992516535,0.0,-2.1729647025483902e-05,8.469
5.609,-0.7823934086177112,0.0703554638889051,2.597525596726191,4.493998522001523,up,down,down,down,-0.0189950417509576,-0.003961992516535,0.0,-2.1729647025483902e-05,8.484
5.625,-0.7831488214889096,0.028218262698942398,2.610113326447309,4.535659633386912,up,down,down,down,-0.0189950417509576,-0.003961992516535,0.0,-2.1729647025483902e-05,8.5
5.640000000000001,-0.7838858096559315,0.030137502717162798,2.6219255160686434,4.574899924705782,up,down,down,down,-0.0189950417509576,-0.003961992516535,0.0,-2.1729647025483902e-05,8.515
5.656000000000001,-0.7825372270628216,0.10328145382032511,2.634520292242658,4.616951491172273,up,down,down,down,-0.0189950417509576,-0.003961992516535,0.0,-2.1729647025483902e-05,8.531
5.672000000000001,-0.7812215367280794,0.10122568767234591,2.6470937542332496,4.65920440354408,up,down,down,down,-0.0189950417509576,-0.003961992516535,0.0,-2.1729647025483902e-05,8.547
5.686999999999999,-0.7818514128500152,0.022996699711437703,2.658876231242832,4.698999178435147,up,down,down,down,-0.0189950417509576,-0.003961992516535,0.0,-2.1729647025483902e-05,8.562
5.702999999999999,-0.7809093414201521,0.0778745061174034,2.671441709157258,4.741641721958348,up,down,down,down,-0.0189950417509576,-0.003961992516535,0.0,-2.1729647025483902e-05,8.578
5.718999999999999,-0.7799879649000784,0.076581074255566,2.6839922794880846,4.784485193867511,up,down,down,down,-0.0189950417509576,-0.003961992516535,0.0,-2.1729647025483902e-05,8.594
5.734,-0.7793604128777042,0.0608318432425686,2.6957468222091663,4.824833237130242,up,down,down,down,-0.0189950417509576,-0.003961992516535,0.0,-2.1729647025483902e-05,8.609
5.75,-0.7802531412892383,0.0368004839699232,2.7082871225227665,4.8680655086880975,up,down,down,down,-0.0189950417509576,-0.003961992516535,0.0,-2.1729647025483902e-05,8.625
5.765000000000001,-0.7813585428442612,0.054698395250567695,2.720058640041516,4.908778101907331,up,down,down,down,-0.0189950417509576,-0.003961992516535,0.0,-2.1729647025483902e-05,8.64
5.781000000000001,-0.7824235031542469,0.047564977623149006,2.7326322882897687,4.952399629333982,up,down,down,down,-0.0189950417509576,-0.003961992516535,0.0,-2.1729647025483902e-05,8.656
5.797000000000001,-0.7823105975897101,0.0260516395345077,2.7452135529759847,4.996222396064108,up,down,down,down,-0.0189950417509576,-0.003961992516535,0.0,-2.1729647025483902e-05,8.672
5.811999999999999,-0.7819671914378842,0.0418887852060215,2.757005066281439,5.037489035708536,up,down,down,down,-0.0189950417509576,-0.003961992516535,0.0,-2.1729647025483902e-05,8.687
5.827999999999999,-0.7816495509811167,0.0388475702989276,2.769577392101056,5.081701695375595,up,down,down,down,-0.0189950417509576,-0.003961992516535,0.0,-2.1729647025483902e-05,8.703
5.843999999999999,-0.7807001191676194,0.07833453009453689,2.78213958134251,5.126115431163144,up,down,down,down,-0.0189950417509576,-0.003961992516535,0.0,-2.1729647025483902e-05,8.719
5.859,-0.7807024596875235,0.018839007090683698,2.793909530571672,5.1679357995025015,up,down,down,down,-0.0189950417509576,-0.003961992516535,0.0,-2.1729647025483902e-05,8.734
5.875,-0.7806984962883005,0.0192427542023975,2.8064641300997435,5.212738788787873,up,down,down,down,-0.0189950417509576,-0.003961992516535,0.0,-2.1729647025483902e-05,8.75
5.890000000000001,-0.7802410161941521,0.0494937146941808,2.8182306063311104,5.2549239993111065,up,down,down,down,-0.0189950417509576,-0.003961992516535,0.0,-2.1729647025483902e-05,8.765
5.906000000000001,-0.7803891421416848,0.0,2.830779039478062,5.30011607647758,up,down,down,down,-0.0189950417509576,-0.003961992516535,0.0,-2.1729647025483902e-05,8.781
5.922000000000001,-0.7795574022000676,0.07097878810202721,2.8433220037130607,5.345508884823109,up,down,down,down,-0.0189950417509576,-0.003961992516535,0.0,-2.1729647025483902e-05,8.797
5.936999999999999,-0.7787663636700605,0.0717309437514399,2.855068861844834,5.38824681631479,up,down,down,down,-0.0189950417509576,-0.003961992516535,0.0,-2.1729647025483902e-05,8.812
5.952999999999999,-0.7766418744773188,0.1517756162973114,2.867575519630277,5.43402797136659,up,down,down,down,-0.0189950417509576,-0.003961992516535,0.0,-2.1729647025483902e-05,8.828
5.968999999999999,-0.774272466871656,0.1670830171048851,2.8800462262413338,5.480008945333563,up,down,down,down,-0.0189950417509576,-0.003961992516535,0.0,-2.1729647025483902e-05,8.844
5.984,-0.7719215676916226,0.1757216537531779,2.891702111388307,5.523297057865787,up,down,down,down,-0.0189950417509576,-0.003961992516535,0.0,-2.1729647025483902e-05,8.859
6.0,-0.7715581273580289,0.0417100626005638,2.9041133408289688,5.569663581483526,up,down,down,down,-0.0189950417509576,-0.003961992516535,0.0,-2.1729647025483902e-05,8.875
6.015000000000001,-0.7717099956174601,0.0,2.915747281639033,5.613312536152037,up,down,down,down,-0.0189950417509576,-0.003961992516535,0.0,-2.1729647025483902e-05,8.89
6.031000000000001,-0.7718574009119284,0.0,2.928159212691533,5.660063788106681,up,down,down,down,-0.0189950417509576,-0.003961992516535,0.0,-2.1729647025483902e-05,8.906
6.047000000000001,-0.7691066686033673,0.1909158110360296,2.9405503171279204,5.707013464345237,up,down,down,down,-0.0189950417509576,-0.003961992516535,0.0,-2.1729647025483902e-05,8.922
6.061999999999999,-0.7673135155096561,0.1385385813317137,2.952132898396515,5.751208588461666,up,down,down,down,-0.0189950417509576,-0.003961992516535,0.0,-2.1729647025483902e-05,8.937
6.077999999999999,-0.7651059405133777,0.1569684790183599,2.964455645924964,5.798541296816238,up,down,down,down,-0.0189950417509576,-0.003961992516535,0.0,-2.1729647025483902e-05,8.953
6.093999999999999,-0.7629704421403255,0.15246369006671728,2.976743648866458,5.846070891174571,up,down,down,down,-0.0189950417509576,-0.003961992516535,0.0,-2.1729647025483902e-05,8.969
6.109,-0.7590492692178917,0.2804065699131989,2.988218226589393,5.89080810524049,up,down,down,down,-0.0189950417509576,-0.003961992516535,0.0,-2.1729647025483902e-05,8.984
6.125,-0.7552237346594187,0.25809095165552043,3.000395802500676,5.938717017473211,up,down,down,down,-0.0189950417509576,-0.003961992516535,0.0,-2.1729647025483902e-05,9.0
6.140000000000001,-0.7511380840324674,0.2913717502143686,3.0117529460286137,5.983808133087182,up,down,down,down,-0.0189950417509576,-0.003961992516535,0.0,-2.1729647025483902e-05,9.015
6.156000000000001,-0.7494315177641139,0.1256554335230529,3.0238208947232508,6.0320927238131965,up,down,down,down,-0.0189950417509576,-0.003961992516535,0.0,-2.1729647025483902e-05,9.031
6.172000000000001,-0.747766575063281,0.1230539605530099,3.0358618713461345,6.080570185941752,up,down,down,down,-0.0189950417509576,-0.003961992516535,0.0,-2.1729647025483902e-05,9.047
6.186999999999999,-0.7427761486944072,0.3516901330092385,3.047100371662064,6.1261924027643095,up,down,down,down,-0.0189950417509576,-0.003961992516535,0.0,-2.1729647025483902e-05,9.062
6.202999999999999,-0.7379074400418465,0.3232893325360027,3.059009232252219,6.175041279595624,up,down,down,down,-0.0189950417509576,-0.003961992516535,0.0,-2.1729647025483902e-05,9.078
6.218999999999999,-0.7330936823864179,0.31985489521524324,3.0708406331119096,6.224080078518537,up,down,down,down,-0.0189950417509576,-0.003961992516535,0.0,-2.1729647025483902e-05,9.094
6.234,-0.7307284690252517,0.1766759324953676,3.0818787291352456,6.270225473735393,up,down,down,down,-0.0189950417509576,-0.003961992516535,0.0,-2.1729647025483902e-05,9.109
6.25,-0.7284209437948467,0.1632153686512703,3.093615316318071,6.31962942609902,up,down,down,down,-0.0189950417509576,-0.003961992516535,0.0,-2.1729647025483902e-05,9.125
6.265000000000001,-0.7223164824919427,0.4259591286112078,3.1045552769029703,6.36611570554818,up,down,down,down,-0.0189950417509576,-0.003961992516535,0.0,-2.1729647025483902e-05,9.14
6.281000000000001,-0.7163609104891099,0.39121829192800783,3.116128087927083,6.41588117246682,up,down,down,down,-0.0189950417509576,-0.003961992516535,0.0,-2.1729647025483902e-05,9.156
6.297000000000001,-0.7106296835053617,0.377196728235218,3.127607404559304,6.465831056406711,up,down,down,down,-0.0189950417509576,-0.003961992516535,0.0,-2.1729647025483902e-05,9.172
6.311999999999999,-0.7053109154958986,0.3735795757151909,3.1382863889395605,6.51282525985795,up,down,down,down,-0.0189950417509576,-0.003961992516535,0.0,-2.1729647025483902e-05,9.187
6.327999999999999,-0.7001218735354461,0.3433101642792421,3.149593243132076,6.563128296914522,up,down,down,down,-0.0189950417509576,-0.003961992516535,0.0,-2.1729647025483902e-05,9.203
6.343999999999999,-0.6928845846574491,0.4713255966257707,3.1608006866778835,6.6136114483530015,up,down,down,down,-0.0189950417509576,-0.003961992516535,0.0,-2.1729647025483902e-05,9.219
6.359,-0.6858238150203776,0.4897130175557046,3.1712004295632155,6.661101456724811,up,down,down,down,-0.0189950417509576,-0.003961992516535,0.0,-2.1729647025483902e-05,9.234
6.375,-0.6766589450138892,0.5917994171564793,3.182163683523754,6.711928369629507,up,down,down,down,-0.0189950417509576,-0.003961992516535,0.0,-2.1729647025483902e-05,9.25
6.390000000000001,-0.6691168988172614,0.5217981215261248,3.192316432240236,6.759736970497738,up,down,down,down,-0.0189950417509576,-0.003961992516535,0.0,-2.1729647025483902e-05,9.265
6.406000000000001,-0.6606315027441455,0.5493322963207031,3.203017811332992,6.810899644446324,up,down,down,down,-0.0189950417509576,-0.003961992516535,0.0,-2.1729647025483902e-05,9.281
6.422000000000001,-0.6523607873248222,0.5359147554586657,3.2135851415338084,6.862232468069259,up,down,down,down,-0.0189950417509576,-0.003961992516535,0.0,-2.1729647025483902e-05,9.297
6.436999999999999,-0.6423923162232709,0.6835597818544312,3.2233552196981665,6.910509520778494,up,down,down,down,-0.0189950417509576,-0.003961992516535,0.0,-2.1729647025483902e-05,9.312
6.452999999999999,-0.6346657500969198,0.5019054246478966,3.2336350761089925,6.962165443144952,up,down,down,down,-0.0189950417509576,-0.003961992516535,0.0,-2.1729647025483902e-05,9.328
6.468999999999999,-0.6271795218675839,0.4868843060844558,3.243793230164973,7.013984869595143,up,down,down,down,-0.0189950417509576,-0.003961992516535,0.0,-2.1729647025483902e-05,9.344
6.484,-0.6169354492496063,0.7019332162827684,3.2531835223361005,7.062712195238903,up,down,down,down,-0.0189950417509576,-0.003961992516535,0.0,-2.1729647025483902e-05,9.359
6.5,-0.6053107073837528,0.7455414083668003,3.263024883469432,7.114841862485347,up,down,down,down,-0.0189950417509576,-0.003961992516535,0.0,-2.1729647025483902e-05,9.375
6.515000000000001,-0.5939128688405139,0.7788509446335252,3.2720784901788624,7.163855137787712,up,down,down,down,-0.0189950417509576,-0.003961992516535,0.0,-2.1729647025483902e-05,9.39
6.531000000000001,-0.58573804012749,0.5299218363149499,3.281579089330871,7.21628439842379,up,down,down,down,-0.0189950417509576,-0.003961992516535,0.0,-2.1729647025483902e-05,9.406
6.547000000000001,-0.5756619633361294,0.6487498412109931,3.2909336812388443,7.268864500588347,up,down,down,down,-0.0189950417509576,-0.003961992516535,0.0,-2.1729647025483902e-05,9.422
6.561999999999999,-0.563294766119972,0.8434748561615187,3.2995352865975125,7.318293017847116,up,down,down,down,-0.0189950417509576,-0.003961992516535,0.0,-2.1729647025483902e-05,9.437
6.577999999999999,-0.5512125090449126,0.7741361089421687,3.308514736679096,7.371157418033329,up,down,down,down,-0.0189950417509576,-0.003961992516535,0.0,-2.1729647025483902e-05,9.453
6.593999999999999,-0.5429083059318761,0.5380077363157371,3.317331095079175,7.424164184687395,up,down,down,down,-0.0189950417509576,-0.003961992516535,0.0,-2.1729647025483902e-05,9.469
6.609,-0.5291370313979781,0.9370800106774586,3.325430864996897,7.473984899387967,up,down,down,down,-0.0189950417509576,-0.003961992516535,0.0,-2.1729647025483902e-05,9.484
6.625,-0.5156802621295925,0.860043121025055,3.3338527952253822,7.527259168669746,up,down,down,down,-0.0189950417509576,-0.003961992516535,0.0,-2.1729647025483902e-05,9.5
6.640000000000001,-0.5045266664771227,0.7625680852489135,3.3415637770776807,7.57732479296202,up,down,down,down,-0.0189950417509576,-0.003961992516535,0.0,-2.1729647025483902e-05,9.515
6.656000000000001,-0.49611256062214976,0.5448766576867653,3.34963228277474,7.63085436144084,up,down,down,down,-0.0189950417509576,-0.003961992516535,0.0,-2.1729647025483902e-05,9.531
6.672000000000001,-0.4879240170105526,0.5307790174757793,3.357567967276065,7.684511963441246,up,down,down,down,-0.0189950417509576,-0.003961992516535,0.0,-2.1729647025483902e-05,9.547
6.686999999999999,-0.47789145666552457,0.6878323980862097,3.3648710132163835,7.734930255794936,up,down,down,down,-0.0189950417509576,-0.003961992516535,0.0,-2.1729647025483902e-05,9.562
6.702999999999999,-0.4679348194804867,0.641284865815827,3.3725010153058164,7.788829232023113,up,down,down,down,-0.0189950417509576,-0.003961992516535,0.0,-2.1729647025483902e-05,9.578
6.718999999999999,-0.458617630358555,0.6013193618716877,3.379976826784793,7.842849054759839,up,down,down,down,-0.0189950417509576,-0.003961992516535,0.0,-2.1729647025483902e-05,9.594
6.734,-0.4495152552912476,0.6258200462380931,3.3868472533149148,7.893600235360588,up,down,down,down,-0.0189950417509576,-0.003961992516535,0.0,-2.1729647025483902e-05,9.609
6.75,-0.4405949584379663,0.5765135950810402,3.394031526905013,7.9478472656023476,up,down,down,down,-0.0189950417509576,-0.003961992516535,0.0,-2.1729647025483902e-05,9.625
6.765000000000001,-0.4328787979993916,0.5334057376559184,3.4006420099660413,7.9988073171288825,up,down,down,down,-0.0189950417509576,-0.003961992516535,0.0,-2.1729647025483902e-05,9.64
6.781000000000001,-0.4253736791756975,0.4880649682318378,3.4075714216637065,8.053273024581921,up,down,down,down,-0.0189950417509576,-0.003961992516535,0.0,-2.1729647025483902e-05,9.656
6.797000000000001,-0.4171342068693687,0.5339620608965084,3.414374876632332,8.10784859496829,up,down,down,down,-0.0189950417509576,-0.003961992516535,0.0,-2.1729647025483902e-05,9.672
6.811999999999999,-0.4090956973022184,0.5548956795610169,3.420631030801366,8.159111139274039,up,down,down,down,-0.0189950417509576,-0.003961992516535,0.0,-2.1729647025483902e-05,9.687
6.827999999999999,-0.40057419473641787,0.5515889521134903,3.42717178181794,8.213893561774993,up,down,down,down,-0.0189950417509576,-0.003961992516535,0.0,-2.1729647025483902e-05,9.703
6.843999999999999,-0.39226053369661257,0.5385988567387917,3.4335778515256683,8.268779558841743,up,down,down,down,-0.0189950417509576,-0.003961992516535,0.0,-2.1729647025483902e-05,9.719
6.859,-0.3833666235589402,0.611922384262427,3.439454485092833,8.320327301366383,up,down,down,down,-0.0189950417509576,-0.003961992516535,0.0,-2.1729647025483902e-05,9.734
6.875,-0.3730976071887256,0.6608085648893696,3.445569590819079,8.375407493973679,up,down,down,down,-0.0189950417509576,-0.003961992516535,0.0,-2.1729647025483902e-05,9.75
6.890000000000001,-0.3630566536577416,0.6883919438165321,3.4511501776631754,8.427132892237298,up,down,down,down,-0.0189950417509576,-0.003961992516535,0.0,-2.1729647025483902e-05,9.765
6.906000000000001,-0.3541305625010125,0.5768757390465223,3.45695106727271,8.482397702196785,up,down,down,down,-0.0189950417509576,-0.003961992516535,0.0,-2.1729647025483902e-05,9.781
6.922000000000001,-0.3468093453401231,0.4765711143065449,3.462621978415704,8.537754286562292,up,down,down,down,-0.0189950417509576,-0.003961992516535,0.0,-2.1729647025483902e-05,9.797
6.936999999999999,-0.3397278710376739,0.4910933285809429,3.467830437426285,8.589732679681102,up,down,down,down,-0.0189950417509576,-0.003961992516535,0.0,-2.1729647025483902e-05,9.812
6.952999999999999,-0.3316652954897137,0.5229060134984692,3.4732649746387687,8.645261442977622,up,down,down,down,-0.0189950417509576,-0.003961992516535,0.0,-2.1729647025483902e-05,9.828
6.968999999999999,-0.32276670274416297,0.5751570883478768,3.4785638225049045,8.700876073354772,up,down,down,down,-0.0189950417509576,-0.003961992516535,0.0,-2.1729647025483902e-05,9.844
6.984,-0.3140851488460648,0.59776530162415,3.48339964127958,8.753090799333158,up,down,down,down,-0.0189950417509576,-0.003961992516535,0.0,-2.1729647025483902e-05,9.859
7.0,-0.3062484127297349,0.5087910490215725,3.4884257016524507,8.808865402076615,up,down,down,down,-0.0189950417509576,-0.003961992516535,0.0,-2.1729647025483902e-05,9.875
7.015000000000001,-0.298602816518681,0.5287014558212039,3.493021515759562,8.861226256207207,up,down,down,down,-0.0189950417509576,-0.003961992516535,0.0,-2.1729647025483902e-05,9.89
7.031000000000001,-0.2907985222898973,0.5067634310499386,3.497800118350295,8.917152829280086,up,down,down,down,-0.0189950417509576,-0.003961992516535,0.0,-2.1729647025483902e-05,9.906
7.047000000000001,-0.2831845767008403,0.494866641067015,3.5024553750224854,8.973154873227069,up,down,down,down,-0.0189950417509576,-0.003961992516535,0.0,-2.1729647025483902e-05,9.922
7.061999999999999,-0.2758288086641958,0.5093795775272973,3.506707405300471,9.025723594079487,up,down,down,down,-0.0189950417509576,-0.003961992516535,0.0,-2.1729647025483902e-05,9.937
7.077999999999999,-0.2727629858361649,0.21060896850288968,3.5111595315367383,9.081866529574187,up,down,down,down,-0.0189950417509576,-0.003961992516535,0.0,-2.1729647025483902e-05,9.953
7.093999999999999,-0.2669015742588972,0.3853332653301895,3.5155402398977635,9.138080127745662,up,down,down,down,-0.0189950417509576,-0.003961992516535,0.0,-2.1729647025483902e-05,9.969
7.109,-0.2612121976107762,0.3982868182923412,3.519560523074534,9.190843383467953,up,down,down,down,-0.0189950417509576,-0.003961992516535,0.0,-2.1729647025483902e-05,9.984
7.125,-0.2546845217932923,0.4269747803437025,3.523751088710031,9.24718987636223,up,down,down,down,-0.0189950417509576,-0.003961992516535,0.0,-2.1729647025483902e-05,10.0
7.140000000000001,-0.24866676753232397,0.4201786591488283,3.527585653267721,9.300074901927067,up,down,down,down,-0.0189950417509576,-0.003961992516535,0.0,-2.1729647025483902e-05,10.015
7.156000000000001,-0.2420635838452103,0.43169402219556074,3.5315748879590063,9.35654818625688,up,down,down,down,-0.0189950417509576,-0.003961992516535,0.0,-2.1729647025483902e-05,10.031
7.172000000000001,-0.2356039151507261,0.4227243351562211,3.5354596198312382,9.413084462319203,up,down,down,down,-0.0189950417509576,-0.003961992516535,0.0,-2.1729647025483902e-05,10.047
7.186999999999999,-0.229792064444835,0.4064517554770604,3.539009519565953,9.466142980864678,up,down,down,down,-0.0189950417509576,-0.003961992516535,0.0,-2.1729647025483902e-05,10.062
7.202999999999999,-0.2255382854357677,0.2848562298176646,3.542715554245262,9.522796781455169,up,down,down,down,-0.0189950417509576,-0.003961992516535,0.0,-2.1729647025483902e-05,10.078
7.218999999999999,-0.2214512540688283,0.2744345021846725,3.5463548624415635,9.579509344788661,up,down,down,down,-0.0189950417509576,-0.003961992516535,0.0,-2.1729647025483902e-05,10.094
7.234,-0.2152094883118334,0.4351127588839329,3.5496892478971667,9.632729675616206,up,down,down,down,-0.0189950417509576,-0.003961992516535,0.0,-2.1729647025483902e-05,10.109
7.25,-0.2122157881079066,0.2061013044963864,3.5531720419887893,9.689552565935294,up,down,down,down,-0.0189950417509576,-0.003961992516535,0.0,-2.1729647025483902e-05,10.125
7.265000000000001,-0.2092528632807209,0.2165233635633255,3.5563924867619523,9.742874299900926,up,down,down,down,-0.0189950417509576,-0.003961992516535,0.0,-2.1729647025483902e-05,10.14
7.281000000000001,-0.205873763188384,0.2301887975220126,3.5597768916539696,9.799803654928255,up,down,down,down,-0.0189950417509576,-0.003961992516535,0.0,-2.1729647025483902e-05,10.156
7.297000000000001,-0.20193444847497588,0.26520221133896593,3.563102749227541,9.856786692055305,up,down,down,down,-0.0189950417509576,-0.003961992516535,0.0,-2.1729647025483902e-05,10.172
7.311999999999999,-0.1980077912013823,0.28077219332388853,3.5661617459128614,9.910256175768854,up,down,down,down,-0.0189950417509576,-0.003961992516535,0.0,-2.1729647025483902e-05,10.187
7.327999999999999,-0.1941428664737526,0.2605528372278118,3.569362343054527,9.967340368480594,up,down,down,down,-0.0189950417509576,-0.003961992516535,0.0,-2.1729647025483902e-05,10.203
7.343999999999999,-0.18860644360553638,0.36502147101447013,3.572487729415426,10.024475169060354,up,down,down,down,-0.0189950417509576,-0.003961992516535,0.0,-2.1729647025483902e-05,10.219
7.359,-0.1831830975351281,0.38055144644482963,3.5753355808617293,10.078083843887434,up,down,down,down,-0.0189950417509576,-0.003961992516535,0.0,-2.1729647025483902e-05,10.234
7.375,-0.17790729638485558,0.34873261364298763,3.5782876958933536,10.135312830101475,up,down,down,down,-0.0189950417509576,-0.003961992516535,0.0,-2.1729647025483902e-05,10.25
7.390000000000001,-0.1737379844398124,0.29694917142049504,3.580984465387287,10.189007371311082,up,down,down,down,-0.0189950417509576,-0.003961992516535,0.0,-2.1729647025483902e-05,10.265
7.406000000000001,-0.17108713690378968,0.1846730127523785,3.5838064582383,10.246325698700087,up,down,down,down,-0.0189950417509576,-0.003961992516535,0.0,-2.1729647025483902e-05,10.281
7.422000000000001,-0.1685361808573056,0.1784297946562094,3.5865868366606537,10.303688845059279,up,down,down,down,-0.0189950417509576,-0.003961992516535,0.0,-2.1729647025483902e-05,10.297
7.436999999999999,-0.1631666712931352,0.37696234602901124,3.58913403793953,10.357506751618775,up,down,down,down,-0.0189950417509576,-0.003961992516535,0.0,-2.1729647025483902e-05,10.312
7.452999999999999,-0.16150744402220948,0.1226967461838144,3.591794822742317,10.41495418250423,up,down,down,down,-0.0189950417509576,-0.003961992516535,0.0,-2.1729647025483902e-05,10.328
7.468999999999999,-0.15918652459957988,0.1640525056653128,3.594423766371556,10.472443931217143,up,down,down,down,-0.0189950417509576,-0.003961992516535,0.0,-2.1729647025483902e-05,10.344
7.484,-0.15688789172536668,0.172237233365163,3.596853754381741,10.526378512622795,up,down,down,down,-0.0189950417509576,-0.003961992516535,0.0,-2.1729647025483902e-05,10.359
7.5,-0.1515496582556786,0.352634633606463,3.599384646661854,10.583948419831142,up,down,down,down,-0.0189950417509576,-0.003961992516535,0.0,-2.1729647025483902e-05,10.375
7.515000000000001,-0.1495234439957685,0.1540759924116271,3.601702124816488,10.63795657061723,up,down,down,down,-0.0189950417509576,-0.003961992516535,0.0,-2.1729647025483902e-05,10.39
7.531000000000001,-0.1475466495958564,0.1425446917454607,3.6041420774454855,10.695603324235327,up,down,down,down,-0.0189950417509576,-0.003961992516535,0.0,-2.1729647025483902e-05,10.406
7.547000000000001,-0.1456851233063805,0.1353404348432006,3.606551323508968,10.753288871442962,up,down,down,down,-0.0189950417509576,-0.003961992516535,0.0,-2.1729647025483902e-05,10.422
7.561999999999999,-0.143869000097137,0.1400699223672016,3.6087824093222425,10.807403874439192,up,down,down,down,-0.0189950417509576,-0.003961992516535,0.0,-2.1729647025483902e-05,10.437
7.577999999999999,-0.1410355400452765,0.1960862949922368,3.6111250375236463,10.86516313401396,up,down,down,down,-0.0189950417509576,-0.003961992516535,0.0,-2.1729647025483902e-05,10.453
7.593999999999999,-0.1382711887751693,0.19176699613265819,3.6134228832344735,10.922959517380026,up,down,down,down,-0.0189950417509576,-0.003961992516535,0.0,-2.1729647025483902e-05,10.469
7.609,-0.1362454021350406,0.1540474844262029,3.615541187554049,10.977176747910942,up,down,down,down,-0.0189950417509576,-0.003961992516535,0.0,-2.1729647025483902e-05,10.484
7.625,-0.1342690249251586,0.1425186173685808,3.617768694850795,11.035043226970183,up,down,down,down,-0.0189950417509576,-0.003961992516535,0.0,-2.1729647025483902e-05,10.5
7.640000000000001,-0.13125721676975569,0.2197822521111445,3.6198195715512553,11.089325138968197,up,down,down,down,-0.0189950417509576,-0.003961992516535,0.0,-2.1729647025483902e-05,10.515
7.656000000000001,-0.12827040143911358,0.2056709999160852,3.621959184377191,11.147259369015627,up,down,down,down,-0.0189950417509576,-0.003961992516535,0.0,-2.1729647025483902e-05,10.531
7.672000000000001,-0.12760745577988789,0.060429145452567196,3.624069599115207,11.205227599283566,up,down,down,down,-0.0189950417509576,-0.003961992516535,0.0,-2.1729647025483902e-05,10.547
7.686999999999999,-0.1258994826090732,0.1328599198052817,3.626030331040872,11.259603348759732,up,down,down,down,-0.0189950417509576,-0.003961992516535,0.0,-2.1729647025483902e-05,10.562
7.702999999999999,-0.12423316732047418,0.12313974728839189,3.628094784120573,11.317636349681024,up,down,down,down,-0.0189950417509576,-0.003961992516535,0.0,-2.1729647025483902e-05,10.578
7.718999999999999,-0.12113399050322829,0.2126935928288273,3.630121113263428,11.375702076860094,up,down,down,down,-0.0189950417509576,-0.003961992516535,0.0,-2.1729647025483902e-05,10.594
7.734,-0.11858398639999201,0.1889953153000343,3.6319784279779497,11.430167823419408,up,down,down,down,-0.0189950417509576,-0.003961992516535,0.0,-2.1729647025483902e-05,10.609
7.75,-0.11608884627478491,0.174941299576403,3.633919202519612,11.488295004463389,up,down,down,down,-0.0189950417509576,-0.003961992516535,0.0,-2.1729647025483902e-05,10.625
7.765000000000001,-0.11195898545934391,0.294319096113679,3.6356889911453663,11.542817065915878,up,down,down,down,-0.0189950417509576,-0.003961992516535,0.0,-2.1729647025483902e-05,10.64
7.781000000000001,-0.106846627915159,0.33851738826251554,3.637502827932627,11.601002600468503,up,down,down,down,-0.0189950417509576,-0.003961992516535,0.0,-2.1729647025483902e-05,10.656
7.797000000000001,-0.10436060530298799,0.1743714550116457,3.639255877678637,11.659216670113395,up,down,down,down,-0.0189950417509576,-0.003961992516535,0.0,-2.1729647025483902e-05,10.672
7.811999999999999,-0.10197086509573339,0.17831105556794208,3.640862793594375,11.713817560147934,up,down,down,down,-0.0189950417509576,-0.003961992516535,0.0,-2.1729647025483902e-05,10.687
7.827999999999999,-0.0995405080259921,0.1708923586097863,3.6425382764596135,11.772084768708366,up,down,down,down,-0.0189950417509576,-0.003961992516535,0.0,-2.1729647025483902e-05,10.703
7.843999999999999,-0.0966146939610848,0.2018584208076654,3.644170909955775,11.83037844219969,up,down,down,down,-0.0189950417509576,-0.003961992516535,0.0,-2.1729647025483902e-05,10.719
7.859,-0.09381570587447291,0.20559424752508,3.645658567842289,11.885052163283179,up,down,down,down,-0.0189950417509576,-0.003961992516535,0.0,-2.1729647025483902e-05,10.734
7.875,-0.0911614536728731,0.18488580435094248,3.6472017769989327,11.943395046041909,up,down,down,down,-0.0189950417509576,-0.003961992516535,0.0,-2.1729647025483902e-05,10.75
7.890000000000001,-0.0881153235657752,0.222070382224141,3.6486057827159706,11.998113602739775,up,down,down,down,-0.0189950417509576,-0.003961992516535,0.0,-2.1729647025483902e-05,10.765
7.906000000000001,-0.0851351412589487,0.20525643592761408,3.6500551783148327,12.056502890428018,up,down,down,down,-0.0189950417509576,-0.003961992516535,0.0,-2.1729647025483902e-05,10.781
7.922000000000001,-0.0807911850964978,0.2904923019041436,3.6514459808059407,12.114914899700986,up,down,down,down,-0.0189950417509576,-0.003961992516535,0.0,-2.1729647025483902e-05,10.797
7.936999999999999,-0.07926006386018791,0.1210697908382877,3.652705795060864,12.169696038019984,up,down,down,down,-0.0189950417509576,-0.003961992516535,0.0,-2.1729647025483902e-05,10.812
7.952999999999999,-0.07782542990277899,0.1086596640890167,3.654025870891232,12.2281498913476,up,down,down,down,-0.0189950417509576,-0.003961992516535,0.0,-2.1729647025483902e-05,10.828
7.968999999999999,-0.0764044750364068,0.10780472089921811,3.6553231020110095,12.286624683130817,up,down,down,down,-0.0189950417509576,-0.003961992516535,0.0,-2.1729647025483902e-05,10.844
7.984,-0.0755938435287806,0.0730371422593668,3.656522519287997,12.341463525290562,up,down,down,down,-0.0189950417509576,-0.003961992516535,0.0,-2.1729647025483902e-05,10.859
8.0,-0.0732196766468381,0.16738047187236899,3.6577764193296662,12.399977916799504,up,down,down,down,-0.0189950417509576,-0.003961992516535,0.0,-2.1729647025483902e-05,10.875
8.015,-0.07086652011079059,0.17587214415411878,3.658916495693097,12.454853113662177,up,down,down,down,-0.0189950417509576,-0.003961992516535,0.0,-2.1729647025483902e-05,10.89
8.031,-0.06727698253591011,0.24334114018098568,3.660085035594535,12.513405125912477,up,down,down,down,-0.0189950417509576,-0.003961992516535,0.0,-2.1729647025483902e-05,10.906
8.047,-0.0649606408773451,0.1637663954112687,3.6612063284621055,12.57197545682493,up,down,down,down,-0.0189950417509576,-0.003961992516535,0.0,-2.1729647025483902e-05,10.922
8.062,-0.062691315705548,0.1702833865374445,3.662223148024225,12.626901177898572,up,down,down,down,-0.0189950417509576,-0.003961992516535,0.0,-2.1729647025483902e-05,10.937
8.078,-0.062468429488371106,0.0329254303245151,3.663287817866041,12.685505265625695,up,down,down,down,-0.0189950417509576,-0.003961992516535,0.0,-2.1729647025483902e-05,10.953
8.094,-0.062462393624075595,0.0193722832694253,3.664350656331205,12.744126373419272,up,down,down,down,-0.0189950417509576,-0.003961992516535,0.0,-2.1729647025483902e-05,10.969
8.109,-0.0612879214461426,0.09729318694648681,3.66533821358198,12.799099039943624,up,down,down,down,-0.0189950417509576,-0.003961992516535,0.0,-2.1729647025483902e-05,10.984
8.125,-0.060171657185128104,0.08876155806436509,3.6663732820912944,12.85775273190901,up,down,down,down,-0.0189950417509576,-0.003961992516535,0.0,-2.1729647025483902e-05,11.0
8.14,-0.059599418545408504,0.0571442843989266,3.667330995047021,12.912755513987548,up,down,down,down,-0.0189950417509576,-0.003961992516535,0.0,-2.1729647025483902e-05,11.015
8.156,-0.0582128814985588,0.10565360717906791,3.668336885327638,12.971440857030546,up,down,down,down,-0.0189950417509576,-0.003961992516535,0.0,-2.1729647025483902e-05,11.031
8.172,-0.0568601624284604,0.10353998363210579,3.6693208615593194,13.03014211900564,up,down,down,down,-0.0189950417509576,-0.003961992516535,0.0,-2.1729647025483902e-05,11.047
8.187,-0.0540997717489642,0.2030210870507179,3.670212490953397,13.08518861914948,up,down,down,down,-0.0189950417509576,-0.003961992516535,0.0,-2.1729647025483902e-05,11.062
8.203,-0.0514067076714078,0.18731154659823418,3.671119934669025,13.14391927855446,up,down,down,down,-0.0189950417509576,-0.003961992516535,0.0,-2.1729647025483902e-05,11.078
8.219,-0.0519092253042111,0.0124123102992479,3.672009854013095,13.202664316863919,up,down,down,down,-0.0189950417509576,-0.003961992516535,0.0,-2.1729647025483902e-05,11.094
8.234,-0.0483872378486687,0.2537942054537707,3.672821507374489,13.257750552074326,up,down,down,down,-0.0189950417509576,-0.003961992516535,0.0,-2.1729647025483902e-05,11.109
8.25,-0.046353454899586304,0.14610647606860788,3.673642824796739,13.316522266731694,up,down,down,down,-0.0189950417509576,-0.003961992516535,0.0,-2.1729647025483902e-05,11.125
8.265,-0.0453001422054822,0.08921588802456401,3.674389656662776,13.371632510342645,up,down,down,down,-0.0189950417509576,-0.003961992516535,0.0,-2.1729647025483902e-05,11.14
8.281,-0.0442725200648937,0.0832214255377382,3.675169629841203,13.430428984634679,up,down,down,down,-0.0189950417509576,-0.003961992516535,0.0,-2.1729647025483902e-05,11.156
8.297,-0.0432418098597918,0.08341442956982789,3.675933136360865,13.489237806764294,up,down,down,down,-0.0189950417509576,-0.003961992516535,0.0,-2.1729647025483902e-05,11.172
8.312,-0.0412762198427093,0.1500343762231361,3.676626451471382,13.54438200367303,up,down,down,down,-0.0189950417509576,-0.003961992516535,0.0,-2.1729647025483902e-05,11.187
8.328,-0.0395504231108639,0.1268573374912927,3.677336456495275,13.603213706936764,up,down,down,down,-0.0189950417509576,-0.003961992516535,0.0,-2.1729647025483902e-05,11.203
8.344,-0.0378667189822331,0.1242265497903847,3.678019185512284,13.662056552072825,up,down,down,down,-0.0189950417509576,-0.003961992516535,0.0,-2.1729647025483902e-05,11.219
8.359,-0.038397414617771,0.016384667284906403,3.678650596402032,13.717231575437184,up,down,down,down,-0.0189950417509576,-0.003961992516535,0.0,-2.1729647025483902e-05,11.234
8.375,-0.0378078911983781,0.0558402554630131,3.679323630728826,13.77609536925423,up,down,down,down,-0.0189950417509576,-0.003961992516535,0.0,-2.1729647025483902e-05,11.25
8.39,-0.037232746398970604,0.0573380283781273,3.679945865398554,13.831289890475189,up,down,down,down,-0.0189950417509576,-0.003961992516535,0.0,-2.1729647025483902e-05,11.265
8.406,-0.0361775527232968,0.0849446464805668,3.680596539671797,13.890174229715752,up,down,down,down,-0.0189950417509576,-0.003961992516535,0.0,-2.1729647025483902e-05,11.281
8.422,-0.0351480954787373,0.0833361195359259,3.6812305367376776,13.949068846327028,up,down,down,down,-0.0189950417509576,-0.003961992516535,0.0,-2.1729647025483902e-05,11.297
8.437,-0.034299054629571,0.0755977650287202,3.681810820251238,14.00429165650444,up,down,down,down,-0.0189950417509576,-0.003961992516535,0.0,-2.1729647025483902e-05,11.312
8.453,-0.0334527399171432,0.07188971127769489,3.682416226487877,14.063205472878355,up,down,down,down,-0.0189950417509576,-0.003961992516535,0.0,-2.1729647025483902e-05,11.328
8.469,-0.0337002273670049,0.0,3.6830168421064142,14.122128937427108,up,down,down,down,-0.0189950417509576,-0.003961992516535,0.0,-2.1729647025483902e-05,11.344
8.484,-0.0341939247010963,0.013918113855136902,3.683585478134673,14.177378454828919,up,down,down,down,-0.0189950417509576,-0.003961992516535,0.0,-2.1729647025483902e-05,11.359
8.5,-0.0346648142648043,0.0104355559807923,3.684199739926665,14.23632073657341,up,down,down,down,-0.0189950417509576,-0.003961992516535,0.0,-2.1729647025483902e-05,11.375
8.515,-0.0322354119433559,0.1809551965141776,3.684760921510974,14.291587941534194,up,down,down,down,-0.0189950417509576,-0.003961992516535,0.0,-2.1729647025483902e-05,11.39
8.531,-0.0323544229756507,0.011556852232530399,3.685341032070591,14.350548757162848,up,down,down,down,-0.0189950417509576,-0.003961992516535,0.0,-2.1729647025483902e-05,11.406
8.547,-0.0330498222188052,0.024467410946194,3.685927657912411,14.40951890668271,up,down,down,down,-0.0189950417509576,-0.003961992516535,0.0,-2.1729647025483902e-05,11.422
8.562,-0.0336998895300056,0.0243427789957412,3.6864877106382754,14.464812021946837,up,down,down,down,-0.0189950417509576,-0.003961992516535,0.0,-2.1729647025483902e-05,11.437
8.578,-0.030000385289222102,0.2502140567999242,3.687060704717094,14.523800409269683,up,down,down,down,-0.0189950417509576,-0.003961992516535,0.0,-2.1729647025483902e-05,11.453
8.594,-0.0299423528771961,0.0226220675025866,3.6876036385026896,14.582797724015439,up,down,down,down,-0.0189950417509576,-0.003961992516535,0.0,-2.1729647025483902e-05,11.469
8.609,-0.029844833217232802,0.0254963524151771,3.688111472286146,14.638115587346359,up,down,down,down,-0.0189950417509576,-0.003961992516535,0.0,-2.1729647025483902e-05,11.484
8.625,-0.0272496722231104,0.1811926038836062,3.688631620209933,14.697129532086326,up,down,down,down,-0.0189950417509576,-0.003961992516535,0.0,-2.1729647025483902e-05,11.5
8.64,-0.0241454608499332,0.2259424666294283,3.689076513595729,14.75246234308987,up,down,down,down,-0.0189950417509576,-0.003961992516535,0.0,-2.1729647025483902e-05,11.515
8.656,-0.0211324189428801,0.20731016094177568,3.689502128514336,14.81149097222675,up,down,down,down,-0.0189950417509576,-0.003961992516535,0.0,-2.1729647025483902e-05,11.531
8.672,-0.0201340593052457,0.0813925191031071,3.689895652220586,14.87052615447263,up,down,down,down,-0.0189950417509576,-0.003961992516535,0.0,-2.1729647025483902e-05,11.547
8.687,-0.0205618435580792,0.0,3.690260301379809,14.925877324124631,up,down,down,down,-0.0189950417509576,-0.003961992516535,0.0,-2.1729647025483902e-05,11.562
8.703,-0.0199398915147686,0.0578670444578709,3.690647707140657,14.984924588192793,up,down,down,down,-0.0189950417509576,-0.003961992516535,0.0,-2.1729647025483902e-05,11.578
8.719,-0.0193124093568713,0.058212676619539896,3.6910251174278943,15.043977970789342,up,down,down,down,-0.0189950417509576,-0.003961992516535,0.0,-2.1729647025483902e-05,11.594
8.734,-0.0203909419709429,0.0529071325204828,3.691382322450601,15.099346026588433,up,down,down,down,-0.0189950417509576,-0.003961992516535,0.0,-2.1729647025483902e-05,11.609
8.75,-0.0215840499588929,0.055574207495912,3.691781514266304,15.15841133728217,up,down,down,down,-0.0189950417509576,-0.003961992516535,0.0,-2.1729647025483902e-05,11.625
8.765,-0.0227874851049315,0.06123396798494601,3.692173730667031,15.213791001619171,up,down,down,down,-0.0189950417509576,-0.003961992516535,0.0,-2.1729647025483902e-05,11.64
8.781,-0.0214529852832417,0.1024012806065675,3.6925910463104006,15.27286911983499,up,down,down,down,-0.0189950417509576,-0.003961992516535,0.0,-2.1729647025483902e-05,11.656
8.797,-0.0208292221770403,0.0579802358885438,3.6929926958503474,15.331953789772276,up,down,down,down,-0.0189950417509576,-0.003961992516535,0.0,-2.1729647025483902e-05,11.672
8.812,-0.0202206728051362,0.059564999877903,3.6933599999504616,15.387351434990778,up,down,down,down,-0.0189950417509576,-0.003961992516535,0.0,-2.1729647025483902e-05,11.687
8.828,-0.0179179303967612,0.1629164422743965,3.693728500656341,15.446448142995635,up,down,down,down,-0.0189950417509576,-0.003961992516535,0.0,-2.1729647025483902e-05,11.703
8.844,-0.0156713524373711,0.1594061642128384,3.694060606799279,15.505550455855278,up,down,down,down,-0.0189950417509576,-0.003961992516535,0.0,-2.1729647025483902e-05,11.719
8.859,-0.0144174260552461,0.10259013389261831,3.694345702525722,15.560963503175218,up,down,down,down,-0.0189950417509576,-0.003961992516535,0.0,-2.1729647025483902e-05,11.734
8.875,-0.013194083243416099,0.095453967490333,3.694629986480376,15.620075308687266,up,down,down,down,-0.0189950417509576,-0.003961992516535,0.0,-2.1729647025483902e-05,11.75
8.89,-0.0126903946417176,0.0525742818641877,3.694883549952262,15.675496660210515,up,down,down,down,-0.0189950417509576,-0.003961992516535,0.0,-2.1729647025483902e-05,11.765
8.906,-0.0113649342280002,0.10183631760829459,3.695139384463484,15.73461684368584,up,down,down,down,-0.0189950417509576,-0.003961992516535,0.0,-2.1729647025483902e-05,11.781
8.922,-0.0100718021170554,0.0998157986850099,3.695374270234509,15.793740952923423,up,down,down,down,-0.0189950417509576,-0.003961992516535,0.0,-2.1729647025483902e-05,11.797
8.937,0.0,0.10168924018135281,3.6955754740566897,15.849173076005602,up,down,down,down,-0.0189950417509576,-0.003961992516535,0.0,-2.1729647025483902e-05,11.812
8.953,0.0,0.028458899317684798,3.6957862422676606,15.908303969736199,up,down,down,down,-0.0189950417509576,-0.003961992516535,0.0,-2.1729647025483902e-05,11.828
8.969,-0.0103313966436467,0.027301486120845403,3.696009010538656,15.967438331758649,up,down,down,down,-0.0189950417509576,-0.003961992516535,0.0,-2.1729647025483902e-05,11.844
8.984,-0.0110246211598515,0.0272199259960268,3.69622861055993,16.02288011391689,up,down,down,down,-0.0189950417509576,-0.003961992516535,0.0,-2.1729647025483902e-05,11.859
9.0,0.0,0.11647253922675269,3.6964559192590754,16.082021590155442,up,down,down,down,-0.0189950417509576,-0.003961992516535,0.0,-2.1729647025483902e-05,11.875
9.015,-0.010054501483598,0.0203063104729899,3.696661745266952,16.13746997263939,up,down,down,down,-0.0189950417509576,-0.003961992516535,0.0,-2.1729647025483902e-05,11.89
9.031,0.0,0.10158741553611939,3.69687543734711,16.196618270100302,up,down,down,down,-0.0189950417509576,-0.003961992516535,0.0,-2.1729647025483902e-05,11.906
9.047,0.0,0.10081037512921201,3.697068085240751,16.255769818281006,up,down,down,down,-0.0189950417509576,-0.003961992516535,0.0,-2.1729647025483902e-05,11.922
9.062,0.0,0.17476550921436348,3.697221350623444,16.311226989049985,up,down,down,down,-0.0189950417509576,-0.003961992516535,0.0,-2.1729647025483902e-05,11.937
9.078,0.0,0.0,3.697367642979055,16.370383700998804,up,down,down,down,-0.0189950417509576,-0.003961992516535,0.0,-2.1729647025483902e-05,11.953
9.094,0.0,0.0,3.697517168384449,16.42954277948971,up,down,down,down,-0.0189950417509576,-0.003961992516535,0.0,-2.1729647025483902e-05,11.969
9.109,0.0,0.0873381058441329,3.6976709340370006,16.485006690257876,up,down,down,down,-0.0189950417509576,-0.003961992516535,0.0,-2.1729647025483902e-05,11.984
9.125,0.0,0.1337140987354155,3.697833026671473,16.544170721943544,up,down,down,down,-0.0189950417509576,-0.003961992516535,0.0,-2.1729647025483902e-05,12.0
9.14,0.0,0.1383774750356328,3.6979577917057087,16.599639153081377,up,down,down,down,-0.0189950417509576,-0.003961992516535,0.0,-2.1729647025483902e-05,12.015
9.156,0.0,0.0295851773176592,3.69808276678494,16.658807477549303,up,down,down,down,-0.0189950417509576,-0.003961992516535,0.0,-2.1729647025483902e-05,12.031
9.172,0.0,0.0451438889383926,3.69822216991534,16.717977917042905,up,down,down,down,-0.0189950417509576,-0.003961992516535,0.0,-2.1729647025483902e-05,12.047
9.187,0.0,0.0612863282966091,3.698355799252037,16.773452251811655,up,down,down,down,-0.0189950417509576,-0.003961992516535,0.0,-2.1729647025483902e-05,12.062
9.203,0.0,0.056057134515840996,3.69848851830892,16.832627006352144,up,down,down,down,-0.0189950417509576,-0.003961992516535,0.0,-2.1729647025483902e-05,12.078
9.219,0.0,0.06404876070642529,3.698610726541904,16.89180380031095,up,down,down,down,-0.0189950417509576,-0.003961992516535,0.0,-2.1729647025483902e-05,12.094
9.234,0.0,0.0830548510900117,3.6987126835855,16.94728372588691,up,down,down,down,-0.0189950417509576,-0.003961992516535,0.0,-2.1729647025483902e-05,12.109
9.25,0.0,0.0754302462685484,3.698806526882038,17.00646387957065,up,down,down,down,-0.0189950417509576,-0.003961992516535,0.0,-2.1729647025483902e-05,12.125
9.265,0.0,0.1746102361292889,3.698870226038632,17.061946455217555,up,down,down,down,-0.0189950417509576,-0.003961992516535,0.0,-2.1729647025483902e-05,12.14
9.281,0.0,0.0464670070499105,3.6989159815707824,17.12112874487843,up,down,down,down,-0.0189950417509576,-0.003961992516535,0.0,-2.1729647025483902e-05,12.156
9.297,0.0,0.045600159340630594,3.6989548152363225,17.180311711252887,up,down,down,down,-0.0189950417509576,-0.003961992516535,0.0,-2.1729647025483902e-05,12.172
9.312,0.0,0.1020261124922586,3.698978688188197,17.235796212528566,up,down,down,down,-0.0189950417509576,-0.003961992516535,0.0,-2.1729647025483902e-05,12.187
9.328,0.0,0.027287532975095403,3.6990001131112735,17.294980042938963,up,down,down,down,-0.0189950417509576,-0.003961992516535,0.0,-2.1729647025483902e-05,12.203
9.344,0.0,0.08755821714911949,3.6990411010210535,17.354164372652022,up,down,down,down,-0.0189950417509576,-0.003961992516535,0.0,-2.1729647025483902e-05,12.219
9.359,0.0,0.0942273087627282,3.699105051091973,17.409650468792872,up,down,down,down,-0.0189950417509576,-0.003961992516535,0.0,-2.1729647025483902e-05,12.234
9.375,0.0,0.11289477272657919,3.6991748320174502,17.468836707857747,up,down,down,down,-0.0189950417509576,-0.003961992516535,0.0,-2.1729647025483902e-05,12.25
9.39,0.0,0.13534015170234479,3.6992158948424994,17.5243246383092,up,down,down,down,-0.0189950417509576,-0.003961992516535,0.0,-2.1729647025483902e-05,12.265
9.406,0.0,0.1221727113184243,3.699232527034319,17.583512225684213,up,down,down,down,-0.0189950417509576,-0.003961992516535,0.0,-2.1729647025483902e-05,12.281
9.422,0.0,0.0,3.699237238910429,17.64269998381177,up,down,down,down,-0.0189950417509576,-0.003961992516535,0.0,-2.1729647025483902e-05,12.297
9.437,0.0,0.0404749971434005,3.6992404458236714,17.69818856644727,up,down,down,down,-0.0189950417509576,-0.003961992516535,0.0,-2.1729647025483902e-05,12.312
9.453,0.0,0.039438157243276595,3.699238672217698,17.757376399391603,up,down,down,down,-0.0189950417509576,-0.003961992516535,0.0,-2.1729647025483902e-05,12.328
9.469,0.0,0.10705492925866511,3.6992230102273416,17.816564092851163,up,down,down,down,-0.0189950417509576,-0.003961992516535,0.0,-2.1729647025483902e-05,12.344
9.484,0.0,0.08822119279383189,3.699209821751268,17.872052339091006,up,down,down,down,-0.0189950417509576,-0.003961992516535,0.0,-2.1729647025483902e-05,12.359
9.5,0.0,0.0154037941834106,3.6992090796712898,17.931239690302387,up,down,down,down,-0.0189950417509576,-0.003961992516535,0.0,-2.1729647025483902e-05,12.375
9.515,0.0,0.015257808509979499,3.699209235359758,17.986727827665124,up,down,down,down,-0.0189950417509576,-0.003961992516535,0.0,-2.1729647025483902e-05,12.39
9.531,0.0,0.0250498684744026,3.699209074877626,18.045915174147023,up,down,down,down,-0.0189950417509576,-0.003961992516535,0.0,-2.1729647025483902e-05,12.406
