timestamps,aAcc,aJerk,aVelocity,aHeight,jerks_direction,accelerations_direction,velocities_direction,heights_direction,start_jerks,start_accelerations,start_velocities,start_heights,actual_timestamps
0.0,0.0,0.0,0.0,0.0,down,down,down,down,-0.0023803421598245,-0.0015702429632149,0.0,2.746664069423537e-05,4.188
0.015000000000000568,0.0,0.0,0.0,0.0,down,down,down,down,-0.0023803421598245,-0.0015702429632149,0.0,2.746664069423537e-05,4.203
0.031000000000000583,0.0,0.043266946732956,0.0,0.0,down,down,down,down,-0.0023803421598245,-0.0015702429632149,0.0,2.746664069423537e-05,4.219
0.0470000000000006,0.0,0.0424615735173938,0.0,0.0,down,down,down,down,-0.0023803421598245,-0.0015702429632149,0.0,2.746664069423537e-05,4.235
0.06200000000000028,0.0,0.0,0.0,0.0,down,down,down,down,-0.0023803421598245,-0.0015702429632149,0.0,2.746664069423537e-05,4.25
0.07800000000000029,0.0,0.0246777757190174,0.0,0.0,down,down,down,down,-0.0023803421598245,-0.0015702429632149,0.0,2.746664069423537e-05,4.266
0.10899999999999999,0.0,0.0119870397099129,0.0,0.0,down,down,down,down,-0.0023803421598245,-0.0015702429632149,0.0,2.746664069423537e-05,4.297
0.125,0.0,0.024650945530946197,0.0,0.0,down,down,down,down,-0.0023803421598245,-0.0015702429632149,0.0,2.746664069423537e-05,4.313
0.14000000000000057,0.0,0.0,0.0,0.0,down,down,down,down,-0.0023803421598245,-0.0015702429632149,0.0,2.746664069423537e-05,4.328
0.15600000000000058,0.0,0.06784925134639669,0.0,0.0,down,down,down,down,-0.0023803421598245,-0.0015702429632149,0.0,2.746664069423537e-05,4.344
0.1720000000000006,0.0,0.0,0.0,0.0,down,down,down,down,-0.0023803421598245,-0.0015702429632149,0.0,2.746664069423537e-05,4.36
0.18700000000000028,0.0,0.0,0.0,0.0,down,down,down,down,-0.0023803421598245,-0.0015702429632149,0.0,2.746664069423537e-05,4.375
0.2030000000000003,0.0,0.044912242495143,0.0,0.0,down,down,down,down,-0.0023803421598245,-0.0015702429632149,0.0,2.746664069423537e-05,4.391
0.2190000000000003,0.0,0.0456806406545772,0.0,0.0,down,down,down,down,-0.0023803421598245,-0.0015702429632149,0.0,2.746664069423537e-05,4.407
0.25,0.0,0.015059360828114899,0.0,0.0,down,down,down,down,-0.0023803421598245,-0.0015702429632149,0.0,2.746664069423537e-05,4.438
0.26500000000000057,0.0,0.055753099076954804,0.0,0.0,down,down,down,down,-0.0023803421598245,-0.0015702429632149,0.0,2.746664069423537e-05,4.453
0.2970000000000006,0.0,0.0,0.0,0.0,down,down,down,down,-0.0023803421598245,-0.0015702429632149,0.0,2.746664069423537e-05,4.485
0.3120000000000003,0.0,0.13158123716472692,0.0,0.0,down,down,down,down,-0.0023803421598245,-0.0015702429632149,0.0,2.746664069423537e-05,4.5
0.3280000000000003,0.0,0.11938448637194271,0.0,0.0,down,down,down,down,-0.0023803421598245,-0.0015702429632149,0.0,2.746664069423537e-05,4.516
0.3440000000000003,0.0,0.058238506072449896,0.0,0.0,down,down,down,down,-0.0023803421598245,-0.0015702429632149,0.0,2.746664069423537e-05,4.532
0.359,0.0,0.0322646722064951,0.0,0.0,down,down,down,down,-0.0023803421598245,-0.0015702429632149,0.0,2.746664069423537e-05,4.547
0.39000000000000057,0.0,0.0,0.0,0.0,down,down,down,down,-0.0023803421598245,-0.0015702429632149,0.0,2.746664069423537e-05,4.578
0.4060000000000006,0.0,0.026326837950563103,0.0,0.0,down,down,down,down,-0.0023803421598245,-0.0015702429632149,0.0,2.746664069423537e-05,4.594
0.4220000000000006,0.0,0.0105668289381854,0.0,0.0,down,down,down,down,-0.0023803421598245,-0.0015702429632149,0.0,2.746664069423537e-05,4.61
0.4370000000000003,0.0,0.0112006076692004,0.0,0.0,down,down,down,down,-0.0023803421598245,-0.0015702429632149,0.0,2.746664069423537e-05,4.625
0.4530000000000003,0.0,0.0,0.0,0.0,down,down,down,down,-0.0023803421598245,-0.0015702429632149,0.0,2.746664069423537e-05,4.641
0.4690000000000003,0.0,0.0,0.0,0.0,down,down,down,down,-0.0023803421598245,-0.0015702429632149,0.0,2.746664069423537e-05,4.657
0.5,0.0,0.0,0.0,0.0,down,down,down,down,-0.0023803421598245,-0.0015702429632149,0.0,2.746664069423537e-05,4.688
0.5150000000000006,0.0,0.0,0.0,0.0,down,down,down,down,-0.0023803421598245,-0.0015702429632149,0.0,2.746664069423537e-05,4.703
0.5310000000000006,0.0,0.0735430369775968,0.0,0.0,down,down,down,down,-0.0023803421598245,-0.0015702429632149,0.0,2.746664069423537e-05,4.719
0.5470000000000006,0.0,0.0,0.0,0.0,down,down,down,down,-0.0023803421598245,-0.0015702429632149,0.0,2.746664069423537e-05,4.735
0.5620000000000003,0.0,0.0769303189831794,0.0,0.0,down,down,down,down,-0.0023803421598245,-0.0015702429632149,0.0,2.746664069423537e-05,4.75
0.5780000000000003,0.0,0.0223438489146409,0.0,0.0,down,down,down,down,-0.0023803421598245,-0.0015702429632149,0.0,2.746664069423537e-05,4.766
0.5940000000000003,0.0,0.026623272484371702,0.0,0.0,down,down,down,down,-0.0023803421598245,-0.0015702429632149,0.0,2.746664069423537e-05,4.782
0.609,0.0,0.017668277304731698,0.0,0.0,down,down,down,down,-0.0023803421598245,-0.0015702429632149,0.0,2.746664069423537e-05,4.797
0.625,0.0,0.0222224548804827,0.0,0.0,down,down,down,down,-0.0023803421598245,-0.0015702429632149,0.0,2.746664069423537e-05,4.813
0.6560000000000006,0.0,0.012710649674921099,0.0,0.0,down,down,down,down,-0.0023803421598245,-0.0015702429632149,0.0,2.746664069423537e-05,4.844
0.6720000000000006,0.0,0.0166707659631226,0.0,0.0,down,down,down,down,-0.0023803421598245,-0.0015702429632149,0.0,2.746664069423537e-05,4.86
0.6870000000000003,0.0,0.036443574370182696,0.0,0.0,down,down,down,down,-0.0023803421598245,-0.0015702429632149,0.0,2.746664069423537e-05,4.875
0.7030000000000003,0.0,0.0332257820000458,0.0,0.0,down,down,down,down,-0.0023803421598245,-0.0015702429632149,0.0,2.746664069423537e-05,4.891
0.734,0.0,0.038783899242447004,0.0,0.0,down,down,down,down,-0.0023803421598245,-0.0015702429632149,0.0,2.746664069423537e-05,4.922
0.75,0.0,0.035042400259865804,0.0,0.0,down,down,down,down,-0.0023803421598245,-0.0015702429632149,0.0,2.746664069423537e-05,4.938
0.7810000000000006,0.0,0.0,0.0,0.0,down,down,down,down,-0.0023803421598245,-0.0015702429632149,0.0,2.746664069423537e-05,4.969
0.7970000000000006,0.0,0.0318963920585834,0.0,0.0,down,down,down,down,-0.0023803421598245,-0.0015702429632149,0.0,2.746664069423537e-05,4.985
0.8120000000000003,0.0,0.0322111362879228,0.0,0.0,down,down,down,down,-0.0023803421598245,-0.0015702429632149,0.0,2.746664069423537e-05,5.0
0.8280000000000003,0.0,0.0276409269903687,0.0,0.0,down,down,down,down,-0.0023803421598245,-0.0015702429632149,0.0,2.746664069423537e-05,5.016
0.8440000000000003,0.0,0.0534028505667637,0.0,0.0,down,down,down,down,-0.0023803421598245,-0.0015702429632149,0.0,2.746664069423537e-05,5.032
0.859,0.0,0.0429067060685174,0.0,0.0,down,down,down,down,-0.0023803421598245,-0.0015702429632149,0.0,2.746664069423537e-05,5.047
0.875,0.0,0.0364734819937595,0.0,0.0,down,down,down,down,-0.0023803421598245,-0.0015702429632149,0.0,2.746664069423537e-05,5.063
0.8900000000000006,0.0,0.06307046426918571,0.0,0.0,down,down,down,down,-0.0023803421598245,-0.0015702429632149,0.0,2.746664069423537e-05,5.078
0.9060000000000006,0.0,0.0144329553953825,0.0,0.0,down,down,down,down,-0.0023803421598245,-0.0015702429632149,0.0,2.746664069423537e-05,5.094
0.9220000000000006,0.0,0.023020926349870397,0.0,0.0,down,down,down,down,-0.0023803421598245,-0.0015702429632149,0.0,2.746664069423537e-05,5.11
0.9530000000000003,0.0,0.057503575717472395,0.0,0.0,down,down,down,down,-0.0023803421598245,-0.0015702429632149,0.0,2.746664069423537e-05,5.141
0.9690000000000003,0.0,0.11063731060179091,0.0,0.0,down,down,down,down,-0.0023803421598245,-0.0015702429632149,0.0,2.746664069423537e-05,5.157
0.984,0.0,0.0894760477938443,0.0,0.0,down,down,down,down,-0.0023803421598245,-0.0015702429632149,0.0,2.746664069423537e-05,5.172
1.0,0.0,0.1441097873624562,0.0,0.0,down,down,down,down,-0.0023803421598245,-0.0015702429632149,0.0,2.746664069423537e-05,5.188
1.0150000000000006,0.0,0.0874669530795997,0.0,0.0,down,down,down,down,-0.0023803421598245,-0.0015702429632149,0.0,2.746664069423537e-05,5.203
1.0310000000000006,0.0,0.08265010612840121,0.0,0.0,down,down,down,down,-0.0023803421598245,-0.0015702429632149,0.0,2.746664069423537e-05,5.219
1.0470000000000006,0.0,0.0125177076628623,0.0,0.0,down,down,down,down,-0.0023803421598245,-0.0015702429632149,0.0,2.746664069423537e-05,5.235
1.0620000000000003,0.0,0.14454241624477798,0.0,0.0,down,down,down,down,-0.0023803421598245,-0.0015702429632149,0.0,2.746664069423537e-05,5.25
1.0780000000000003,0.0,0.1327275134318516,0.0,0.0,down,down,down,down,-0.0023803421598245,-0.0015702429632149,0.0,2.746664069423537e-05,5.266
1.0940000000000003,0.0,0.0626024305845351,0.0,0.0,down,down,down,down,-0.0023803421598245,-0.0015702429632149,0.0,2.746664069423537e-05,5.282
1.109,0.0,0.0207534256151834,0.0,0.0,down,down,down,down,-0.0023803421598245,-0.0015702429632149,0.0,2.746664069423537e-05,5.297
1.125,0.0,0.015837074532010102,0.0,0.0,down,down,down,down,-0.0023803421598245,-0.0015702429632149,0.0,2.746664069423537e-05,5.313
1.1560000000000006,0.0,0.0260571041068718,0.0,0.0,down,down,down,down,-0.0023803421598245,-0.0015702429632149,0.0,2.746664069423537e-05,5.344
1.1720000000000006,0.0,0.0627238747086255,0.0,0.0,down,down,down,down,-0.0023803421598245,-0.0015702429632149,0.0,2.746664069423537e-05,5.36
1.1870000000000003,0.0,0.0647583517868842,0.0,0.0,down,down,down,down,-0.0023803421598245,-0.0015702429632149,0.0,2.746664069423537e-05,5.375
1.2190000000000003,0.0,0.0,0.0,0.0,down,down,down,down,-0.0023803421598245,-0.0015702429632149,0.0,2.746664069423537e-05,5.407
1.234,0.0,0.0,0.0,0.0,down,down,down,down,-0.0023803421598245,-0.0015702429632149,0.0,2.746664069423537e-05,5.422
1.25,0.0,0.025996028441777,0.0,0.0,down,down,down,down,-0.0023803421598245,-0.0015702429632149,0.0,2.746664069423537e-05,5.438
1.2650000000000006,0.0,0.057819890651698104,0.0,0.0,down,down,down,down,-0.0023803421598245,-0.0015702429632149,0.0,2.746664069423537e-05,5.453
1.2810000000000006,0.0,0.0523112187055251,0.0,0.0,down,down,down,down,-0.0023803421598245,-0.0015702429632149,0.0,2.746664069423537e-05,5.469
1.2970000000000006,0.0,0.0,0.0,0.0,down,down,down,down,-0.0023803421598245,-0.0015702429632149,0.0,2.746664069423537e-05,5.485
1.3280000000000003,0.0,0.0,0.0,0.0,down,down,down,down,-0.0023803421598245,-0.0015702429632149,0.0,2.746664069423537e-05,5.516
1.3440000000000003,0.0,0.06677203710381259,0.0,0.0,down,down,down,down,-0.0023803421598245,-0.0015702429632149,0.0,2.746664069423537e-05,5.532
1.359,0.0,0.0683619498682725,0.0,0.0,down,down,down,down,-0.0023803421598245,-0.0015702429632149,0.0,2.746664069423537e-05,5.547
1.375,0.0,0.0495053070401762,0.0,0.0,down,down,down,down,-0.0023803421598245,-0.0015702429632149,0.0,2.746664069423537e-05,5.563
1.3900000000000006,0.0,0.0,0.0,0.0,down,down,down,down,-0.0023803421598245,-0.0015702429632149,0.0,2.746664069423537e-05,5.578
1.4220000000000006,0.0,0.0,0.0,0.0,down,down,down,down,-0.0023803421598245,-0.0015702429632149,0.0,2.746664069423537e-05,5.61
1.4370000000000003,0.0,0.018610295904390502,0.0,0.0,down,down,down,down,-0.0023803421598245,-0.0015702429632149,0.0,2.746664069423537e-05,5.625
1.4530000000000003,0.0,0.0139728594042986,0.0,0.0,down,down,down,down,-0.0023803421598245,-0.0015702429632149,0.0,2.746664069423537e-05,5.641
1.4690000000000003,0.0,0.0378290774555311,0.0,0.0,down,down,down,down,-0.0023803421598245,-0.0015702429632149,0.0,2.746664069423537e-05,5.657
1.484,0.0,0.0445645077727865,0.0,0.0,down,down,down,down,-0.0023803421598245,-0.0015702429632149,0.0,2.746664069423537e-05,5.672
1.5,0.0,0.09713405481392981,0.0,0.0,down,down,down,down,-0.0023803421598245,-0.0015702429632149,0.0,2.746664069423537e-05,5.688
1.5150000000000006,0.0,0.0712867682272124,0.0,0.0,down,down,down,down,-0.0023803421598245,-0.0015702429632149,0.0,2.746664069423537e-05,5.703
1.5310000000000006,0.0,0.09341911786786551,0.0,0.0,down,down,down,down,-0.0023803421598245,-0.0015702429632149,0.0,2.746664069423537e-05,5.719
1.5620000000000003,0.0,0.044055114687199096,0.0,0.0,down,down,down,down,-0.0023803421598245,-0.0015702429632149,0.0,2.746664069423537e-05,5.75
1.5780000000000003,0.0,0.1611305352811064,0.0,0.0,down,down,down,down,-0.0023803421598245,-0.0015702429632149,0.0,2.746664069423537e-05,5.766
1.5940000000000003,0.0,0.1529941668931832,0.0,0.0,down,down,down,down,-0.0023803421598245,-0.0015702429632149,0.0,2.746664069423537e-05,5.782
1.609,-0.0102497089861,0.1583511994104741,0.0,0.0,down,down,down,down,-0.0023803421598245,-0.0015702429632149,0.0,2.746664069423537e-05,5.797
1.625,-0.0135167740604079,0.201811224984416,0.0,0.0,down,down,down,down,-0.0023803421598245,-0.0015702429632149,0.0,2.746664069423537e-05,5.813
1.6400000000000006,-0.0163285646778064,0.1850723656667389,0.0,0.0,down,down,down,down,-0.0023803421598245,-0.0015702429632149,0.0,2.746664069423537e-05,5.828
1.6560000000000006,-0.0208350259135308,0.2792734850729503,0.0,0.0,down,down,down,down,-0.0023803421598245,-0.0015702429632149,0.0,2.746664069423537e-05,5.844
1.6720000000000006,-0.0251883920110672,0.26970503893619635,0.0,0.0,down,down,down,down,-0.0023803421598245,-0.0015702429632149,0.0,2.746664069423537e-05,5.86
1.6870000000000003,-0.028882724704791602,0.2439085040884763,0.0,0.0,down,down,down,down,-0.0023803421598245,-0.0015702429632149,0.0,2.746664069423537e-05,5.875
1.7030000000000003,-0.0342539205029411,0.3333193952245181,0.0,0.0,down,down,down,down,-0.0023803421598245,-0.0015702429632149,0.0,2.746664069423537e-05,5.891
1.734,-0.0369764789662579,0.08544412439878331,0.0,0.0,down,down,down,down,-0.0023803421598245,-0.0015702429632149,0.0,2.746664069423537e-05,5.922
1.75,-0.0417211490410363,0.29416153751382595,0.0,0.0,down,down,down,down,-0.0023803421598245,-0.0015702429632149,0.0,2.746664069423537e-05,5.938
1.7650000000000006,-0.046330227348304796,0.30489154499139937,0.0,0.0,down,down,down,down,-0.0023803421598245,-0.0015702429632149,0.0,2.746664069423537e-05,5.953
1.7810000000000006,-0.051866611564106394,0.3436436713277754,0.0,0.0,down,down,down,down,-0.0023803421598245,-0.0015702429632149,0.0,2.746664069423537e-05,5.969
1.7970000000000006,-0.056416669316069694,0.2819982673378793,0.0,0.0,down,down,down,down,-0.0023803421598245,-0.0015702429632149,0.0,2.746664069423537e-05,5.985
1.8120000000000003,-0.0612758784641834,0.3215669343810933,0.0,0.0,down,down,down,down,-0.0023803421598245,-0.0015702429632149,0.0,2.746664069423537e-05,6.0
1.8280000000000003,-0.0660118589038827,0.29361843532138526,0.0,0.0,down,down,down,down,-0.0023803421598245,-0.0015702429632149,0.0,2.746664069423537e-05,6.016
1.8440000000000003,-0.0707326681253253,0.2926702341803364,0.0,0.0,down,down,down,down,-0.0023803421598245,-0.0015702429632149,0.0,2.746664069423537e-05,6.032
1.859,-0.0746752676850751,0.2604596284901636,0.0,0.0,down,down,down,down,-0.0023803421598245,-0.0015702429632149,0.0,2.746664069423537e-05,6.047
1.875,-0.0785326268565925,0.2387046060600137,0.0,0.0,down,down,down,down,-0.0023803421598245,-0.0015702429632149,0.0,2.746664069423537e-05,6.063
1.8900000000000006,-0.0840383757048624,0.364669581058157,0.0,0.0,down,down,down,down,-0.0023803421598245,-0.0015702429632149,0.0,2.746664069423537e-05,6.078
1.9060000000000006,-0.0895242761482713,0.340488435553232,0.0106164004211964,0.0,down,down,down,down,-0.0023803421598245,-0.0015702429632149,0.0,2.746664069423537e-05,6.094
1.9220000000000006,-0.094869859137507,0.331718594667407,0.0121166773908941,0.0,down,down,down,down,-0.0023803421598245,-0.0015702429632149,0.0,2.746664069423537e-05,6.11
1.9370000000000003,-0.1016744693933056,0.45126034156009137,0.0136143134993234,0.0,down,down,down,down,-0.0023803421598245,-0.0015702429632149,0.0,2.746664069423537e-05,6.125
1.9690000000000003,-0.1081855006695385,0.2010893852224525,0.0170223207951518,0.0,down,down,down,down,-0.0023803421598245,-0.0015702429632149,0.0,2.746664069423537e-05,6.157
1.984,-0.1145589043131192,0.4225132340789008,0.0187164574769699,0.0,down,down,down,down,-0.0023803421598245,-0.0015702429632149,0.0,2.746664069423537e-05,6.172
2.0,-0.1207749384345629,0.38612179043040445,0.0206242521063628,0.0,down,down,down,down,-0.0023803421598245,-0.0015702429632149,0.0,2.746664069423537e-05,6.188
2.0150000000000006,-0.1259244536092652,0.3409206694869826,0.0224980511911398,0.0,down,down,down,down,-0.0023803421598245,-0.0015702429632149,0.0,2.746664069423537e-05,6.203
2.0310000000000006,-0.1317444566122514,0.36136984552681517,0.0245845263603234,0.0,down,down,down,down,-0.0023803421598245,-0.0015702429632149,0.0,2.746664069423537e-05,6.219
2.0470000000000006,-0.1374163527716288,0.3521131678012598,0.0267629367228058,0.0,down,down,down,down,-0.0023803421598245,-0.0015702429632149,0.0,2.746664069423537e-05,6.235
2.0620000000000003,-0.1448204867216028,0.49122858783845047,0.0289032666634533,0.0,down,down,down,down,-0.0023803421598245,-0.0015702429632149,0.0,2.746664069423537e-05,6.25
2.0780000000000003,-0.1521975333866887,0.45868507440804906,0.031304534711731,0.0,down,down,down,down,-0.0023803421598245,-0.0015702429632149,0.0,2.746664069423537e-05,6.266
2.0940000000000003,-0.1594115875219906,0.44849804129654075,0.0338225315664119,0.0,down,down,down,down,-0.0023803421598245,-0.0015702429632149,0.0,2.746664069423537e-05,6.282
2.109,-0.1675818057472434,0.5423008728570383,0.0362985356603793,0.0,down,down,down,down,-0.0023803421598245,-0.0015702429632149,0.0,2.746664069423537e-05,6.297
2.125,-0.17502991035030752,0.4631261955316819,0.0390645532765712,0.0,down,down,down,down,-0.0023803421598245,-0.0015702429632149,0.0,2.746664069423537e-05,6.313
2.1400000000000006,-0.1822822318521649,0.4811077579639835,0.0417679479875381,0.0,down,down,down,down,-0.0023803421598245,-0.0015702429632149,0.0,2.746664069423537e-05,6.328
2.1560000000000006,-0.1906188563759539,0.5186586905769892,0.0447762805807744,0.0,down,down,down,down,-0.0023803421598245,-0.0015702429632149,0.0,2.746664069423537e-05,6.344
2.1720000000000006,-0.1975864163533494,0.43309215642739446,0.0479070466500203,0.0,down,down,down,down,-0.0023803421598245,-0.0015702429632149,0.0,2.746664069423537e-05,6.36
2.1870000000000003,-0.2044155726295358,0.45289674291927917,0.0509456152118401,0.0,down,down,down,down,-0.0023803421598245,-0.0015702429632149,0.0,2.746664069423537e-05,6.375
2.2190000000000003,-0.2101230774726446,0.1759791841873247,0.0576284813882979,0.010451139685724036,down,down,down,down,-0.0023803421598245,-0.0015702429632149,0.0,2.746664069423537e-05,6.407
2.234,-0.2182945325911892,0.5423833324098243,0.0608651671082248,0.011339842049447936,down,down,down,down,-0.0023803421598245,-0.0015702429632149,0.0,2.746664069423537e-05,6.422
2.25,-0.22633186933159521,0.4999532041155548,0.0644473022110185,0.012342341804001835,down,down,down,down,-0.0023803421598245,-0.0015702429632149,0.0,2.746664069423537e-05,6.438
2.2650000000000006,-0.23314670408286992,0.4519419745918013,0.0679169451560754,0.013335073659255136,down,down,down,down,-0.0023803421598245,-0.0015702429632149,0.0,2.746664069423537e-05,6.453
2.2810000000000006,-0.2410558759321226,0.4919428984184733,0.0717356896836067,0.014452294737972536,down,down,down,down,-0.0023803421598245,-0.0015702429632149,0.0,2.746664069423537e-05,6.469
2.2970000000000006,-0.2481931937171886,0.4437020194067994,0.0756748061282127,0.015631578704467134,down,down,down,down,-0.0023803421598245,-0.0015702429632149,0.0,2.746664069423537e-05,6.485
2.3120000000000003,-0.2551208591603551,0.4594640207179503,0.0794732151692424,0.016795188864198035,down,down,down,down,-0.0023803421598245,-0.0015702429632149,0.0,2.746664069423537e-05,6.5
2.3440000000000003,-0.2627093532554099,0.2347600983106377,0.0878087463427175,0.019471700248389335,down,down,down,down,-0.0023803421598245,-0.0015702429632149,0.0,2.746664069423537e-05,6.532
2.359,-0.27010339197230243,0.4905555722996848,0.0918283955763735,0.020818978812782534,down,down,down,down,-0.0023803421598245,-0.0015702429632149,0.0,2.746664069423537e-05,6.547
2.375,-0.2758241929652297,0.3551697198981293,0.0962209401432852,0.022323373498539734,down,down,down,down,-0.0023803421598245,-0.0015702429632149,0.0,2.746664069423537e-05,6.563
2.3900000000000006,-0.281374105539312,0.36761382944564996,0.1004234810265176,0.023798206657313335,down,down,down,down,-0.0023803421598245,-0.0015702429632149,0.0,2.746664069423537e-05,6.578
2.4060000000000006,-0.2867803047104243,0.33550710603469336,0.104993840195927,0.025441545227092934,down,down,down,down,-0.0023803421598245,-0.0015702429632149,0.0,2.746664069423537e-05,6.594
2.4220000000000006,-0.2929391060785793,0.382544743349866,0.1096567193696504,0.027158749703617535,down,down,down,down,-0.0023803421598245,-0.0015702429632149,0.0,2.746664069423537e-05,6.61
2.4370000000000003,-0.3003000723701988,0.48835074394814726,0.1141295668524644,0.028837146850283334,down,down,down,down,-0.0023803421598245,-0.0015702429632149,0.0,2.746664069423537e-05,6.625
2.4530000000000003,-0.3075217896555209,0.4489769881728108,0.1190172656360816,0.030702321510191734,down,down,down,down,-0.0023803421598245,-0.0015702429632149,0.0,2.746664069423537e-05,6.641
2.4690000000000003,-0.3145729395386195,0.4383165255338324,0.1240191473570462,0.032646612814136736,down,down,down,down,-0.0023803421598245,-0.0015702429632149,0.0,2.746664069423537e-05,6.657
2.5,-0.3216708818768375,0.2265855397181788,0.1339296041208453,0.03664481846204404,down,down,down,down,-0.0023803421598245,-0.0015702429632149,0.0,2.746664069423537e-05,6.688
2.5150000000000006,-0.329720648180075,0.5342707447226555,0.1388385942407206,0.03869057994975584,down,down,down,down,-0.0023803421598245,-0.0015702429632149,0.0,2.746664069423537e-05,6.703
2.5310000000000006,-0.3359700229264551,0.38820557948893125,0.1441892434969843,0.04095480265165754,down,down,down,down,-0.0023803421598245,-0.0015702429632149,0.0,2.746664069423537e-05,6.719
2.5470000000000006,-0.34031561878487443,0.2692193989913825,0.1496246525180863,0.043305313819778035,down,down,down,down,-0.0023803421598245,-0.0015702429632149,0.0,2.746664069423537e-05,6.735
2.5620000000000003,-0.3445890722429379,0.28251655504441575,0.1547849913452431,0.04558838614875304,down,down,down,down,-0.0023803421598245,-0.0015702429632149,0.0,2.746664069423537e-05,6.75
2.5780000000000003,-0.3502184107105251,0.3494533120643736,0.1603685750962822,0.04810961468028524,down,down,down,down,-0.0023803421598245,-0.0015702429632149,0.0,2.746664069423537e-05,6.766
2.5940000000000003,-0.3555397532478164,0.3302035664208833,0.1660397642953604,0.05072088139541834,down,down,down,down,-0.0023803421598245,-0.0015702429632149,0.0,2.746664069423537e-05,6.782
2.609,-0.3619389328981218,0.42423163452720736,0.171444408085903,0.053252012688277735,down,down,down,down,-0.0023803421598245,-0.0015702429632149,0.0,2.746664069423537e-05,6.797
2.625,-0.3681936848975483,0.3885416578043307,0.1773105929156798,0.05604205269629044,down,down,down,down,-0.0023803421598245,-0.0015702429632149,0.0,2.746664069423537e-05,6.813
2.6400000000000006,-0.3754700647964171,0.48271165109808156,0.182911624682833,0.05874371932827944,down,down,down,down,-0.0023803421598245,-0.0015702429632149,0.0,2.746664069423537e-05,6.828
2.6720000000000006,-0.381701387100156,0.1923484798320161,0.195076615688001,0.06479153117421274,down,down,down,down,-0.0023803421598245,-0.0015702429632149,0.0,2.746664069423537e-05,6.86
2.6870000000000003,-0.3877845672590805,0.40316500176848447,0.2008713139901434,0.06776114064679874,down,down,down,down,-0.0023803421598245,-0.0015702429632149,0.0,2.746664069423537e-05,6.875
2.7030000000000003,-0.3931892052572561,0.3354095327261494,0.2071442280576856,0.07102526498318144,down,down,down,down,-0.0023803421598245,-0.0015702429632149,0.0,2.746664069423537e-05,6.891
2.7190000000000003,-0.3988207898306158,0.34959369367515386,0.2135054319058,0.07439046226288934,down,down,down,down,-0.0023803421598245,-0.0015702429632149,0.0,2.746664069423537e-05,6.907
2.734,-0.4042487197630429,0.3594816533353254,0.2195520068722005,0.07763839305372423,down,down,down,down,-0.0023803421598245,-0.0015702429632149,0.0,2.746664069423537e-05,6.922
2.75,-0.4095619018584156,0.3296935388009678,0.2260876157325836,0.08120351003456254,down,down,down,down,-0.0023803421598245,-0.0015702429632149,0.0,2.746664069423537e-05,6.938
2.7650000000000006,-0.4138426020834469,0.28299967284225486,0.2322867031565961,0.08464131742623143,down,down,down,down,-0.0023803421598245,-0.0015702429632149,0.0,2.746664069423537e-05,6.953
2.7810000000000006,-0.4165613740431713,0.1675429053229481,0.2389550588530204,0.08841125152230844,down,down,down,down,-0.0023803421598245,-0.0015702429632149,0.0,2.746664069423537e-05,6.969
2.7970000000000006,-0.4192128796592929,0.1633387588477751,0.2456663767700516,0.09228822300729304,down,down,down,down,-0.0023803421598245,-0.0015702429632149,0.0,2.746664069423537e-05,6.985
2.8120000000000003,-0.4239840213597006,0.31569577120069625,0.2520139071721421,0.09602082513685943,down,down,down,down,-0.0023803421598245,-0.0015702429632149,0.0,2.746664069423537e-05,7.0
2.8280000000000003,-0.4310783439082702,0.4410148171257729,0.2588795299816974,0.10010797263409013,down,down,down,down,-0.0023803421598245,-0.0015702429632149,0.0,2.746664069423537e-05,7.016
2.8440000000000003,-0.4380030993782445,0.430416874713568,0.2658573054154009,0.10430586731726693,down,down,down,down,-0.0023803421598245,-0.0015702429632149,0.0,2.746664069423537e-05,7.032
2.859,-0.4426078015530273,0.304599802825703,0.2724854408168335,0.10834343791400854,down,down,down,down,-0.0023803421598245,-0.0015702429632149,0.0,2.746664069423537e-05,7.047
2.875,-0.4470455365351871,0.2749780942251643,0.2796277914089507,0.11276034377181483,down,down,down,down,-0.0023803421598245,-0.0015702429632149,0.0,2.746664069423537e-05,7.063
2.8900000000000006,-0.4496581861030738,0.17179629569927882,0.2863766229731861,0.11700537687968103,down,down,down,down,-0.0023803421598245,-0.0015702429632149,0.0,2.746664069423537e-05,7.078
2.9060000000000006,-0.4520233814838069,0.145444369135994,0.2936151994012926,0.12164531145867684,down,down,down,down,-0.0023803421598245,-0.0015702429632149,0.0,2.746664069423537e-05,7.094
2.9370000000000003,-0.4540422528714743,0.06274454131331901,0.307707894265659,0.13096581941051452,down,down,down,down,-0.0023803421598245,-0.0015702429632149,0.0,2.746664069423537e-05,7.125
2.9530000000000003,-0.4560403767176826,0.12250239822819681,0.3150136791897837,0.13594759199815803,down,down,down,down,-0.0023803421598245,-0.0015702429632149,0.0,2.746664069423537e-05,7.141
2.9690000000000003,-0.4593067944232026,0.2017707644351716,0.3223615804463222,0.14104659407524692,down,down,down,down,-0.0023803421598245,-0.0015702429632149,0.0,2.746664069423537e-05,7.157
2.984,-0.4621317572255901,0.18595051133268162,0.3292959232281363,0.14593402535280522,down,down,down,down,-0.0023803421598245,-0.0015702429632149,0.0,2.746664069423537e-05,7.172
3.0,-0.4649187768541357,0.1718083846242722,0.3367374513881855,0.15126229234973582,down,down,down,down,-0.0023803421598245,-0.0015702429632149,0.0,2.746664069423537e-05,7.188
3.0150000000000006,-0.4676716914194028,0.1811472955246459,0.3437554335446855,0.1563659889867325,down,down,down,down,-0.0023803421598245,-0.0015702429632149,0.0,2.746664069423537e-05,7.203
3.0310000000000006,-0.4699024707513555,0.13704336608721931,0.351281150729463,0.16192628166092574,down,down,down,down,-0.0023803421598245,-0.0015702429632149,0.0,2.746664069423537e-05,7.219
3.0620000000000003,-0.4747458545561188,0.1538578450906039,0.3659718773035884,0.17304370359543791,down,down,down,down,-0.0023803421598245,-0.0015702429632149,0.0,2.746664069423537e-05,7.25
3.0780000000000003,-0.4755340784185709,0.0468836492434343,0.3735992406547973,0.17896027253910501,down,down,down,down,-0.0023803421598245,-0.0015702429632149,0.0,2.746664069423537e-05,7.266
3.0940000000000003,-0.4790860217591036,0.2196161166234665,0.3812613253436301,0.1849991570670924,down,down,down,down,-0.0023803421598245,-0.0015702429632149,0.0,2.746664069423537e-05,7.282
3.109,-0.4825584841824373,0.2291171527290981,0.3884972127826397,0.19077234610303934,down,down,down,down,-0.0023803421598245,-0.0015702429632149,0.0,2.746664069423537e-05,7.297
3.125,-0.485572701160617,0.1860082189764077,0.3962673861527956,0.19705046289452283,down,down,down,down,-0.0023803421598245,-0.0015702429632149,0.0,2.746664069423537e-05,7.313
3.1560000000000006,-0.4868472361754233,0.0387336905758596,0.4113885727133642,0.2095691302569485,down,down,down,down,-0.0023803421598245,-0.0015702429632149,0.0,2.746664069423537e-05,7.344
3.1720000000000006,-0.4881009955422808,0.07597961826877321,0.4192132824545173,0.21621394509829162,down,down,down,down,-0.0023803421598245,-0.0015702429632149,0.0,2.746664069423537e-05,7.36
3.1870000000000003,-0.4908541604941963,0.1811639879678771,0.4265789997692389,0.22255738721496962,down,down,down,down,-0.0023803421598245,-0.0015702429632149,0.0,2.746664069423537e-05,7.375
3.2030000000000003,-0.4935367583935033,0.1652820265468645,0.434479251007752,0.22944585322118552,down,down,down,down,-0.0023803421598245,-0.0015702429632149,0.0,2.746664069423537e-05,7.391
3.2190000000000003,-0.4961642985819222,0.1618409196163516,0.4424219833509669,0.23646106309605533,down,down,down,down,-0.0023803421598245,-0.0015702429632149,0.0,2.746664069423537e-05,7.407
3.234,-0.5002790701818558,0.2719377645024263,0.4499188622611433,0.24315361943814603,down,down,down,down,-0.0023803421598245,-0.0015702429632149,0.0,2.746664069423537e-05,7.422
3.25,-0.5027509947498405,0.1521149433392209,0.4579682266680083,0.2504167161495793,down,down,down,down,-0.0023803421598245,-0.0015702429632149,0.0,2.746664069423537e-05,7.438
3.2650000000000006,-0.5050935484366583,0.1537899036280225,0.4655506143863555,0.25734310745748723,down,down,down,down,-0.0023803421598245,-0.0015702429632149,0.0,2.746664069423537e-05,7.453
3.2810000000000006,-0.5080605438397221,0.1830568705316614,0.473680971011978,0.26485696014067395,down,down,down,down,-0.0023803421598245,-0.0015702429632149,0.0,2.746664069423537e-05,7.469
3.2970000000000006,-0.5106228058445907,0.15776103314446552,0.481855561696864,0.27250125240234463,down,down,down,down,-0.0023803421598245,-0.0015702429632149,0.0,2.746664069423537e-05,7.485
3.3120000000000003,-0.5130750093131979,0.16109988908065861,0.4895568489549954,0.2797868454822334,down,down,down,down,-0.0023803421598245,-0.0015702429632149,0.0,2.746664069423537e-05,7.5
3.3280000000000003,-0.5134937896817657,0.0237934308756626,0.4977945232343666,0.28768565645974836,down,down,down,down,-0.0023803421598245,-0.0015702429632149,0.0,2.746664069423537e-05,7.516
3.359,-0.5169898672502278,0.1103963535970166,0.5138156974486721,0.30336561488033525,down,down,down,down,-0.0023803421598245,-0.0015702429632149,0.0,2.746664069423537e-05,7.547
3.375,-0.520443053690288,0.2134438103439382,0.5221402847036076,0.31165326273755356,down,down,down,down,-0.0023803421598245,-0.0015702429632149,0.0,2.746664069423537e-05,7.563
3.3900000000000006,-0.5210569739035051,0.038547672054651,0.5299750885550096,0.31954412803699345,down,down,down,down,-0.0023803421598245,-0.0015702429632149,0.0,2.746664069423537e-05,7.578
3.4060000000000006,-0.5235484765391067,0.1533385725652757,0.538357056045962,0.32809078519380125,down,down,down,down,-0.0023803421598245,-0.0015702429632149,0.0,2.746664069423537e-05,7.594
3.4220000000000006,-0.5259724991788701,0.1491210728253865,0.5467783477391173,0.33677186842408197,down,down,down,down,-0.0023803421598245,-0.0015702429632149,0.0,2.746664069423537e-05,7.61
3.4370000000000003,-0.5280213948643091,0.1342127035361103,0.5547068555888892,0.34503300744904186,down,down,down,down,-0.0023803421598245,-0.0015702429632149,0.0,2.746664069423537e-05,7.625
3.4690000000000003,-0.5302956642194463,0.0686905751882127,0.5716901763090522,0.36305535995940896,down,down,down,down,-0.0023803421598245,-0.0015702429632149,0.0,2.746664069423537e-05,7.657
3.484,-0.5325149641977145,0.1455729897247251,0.5796848096666289,0.37169067235422637,down,down,down,down,-0.0023803421598245,-0.0015702429632149,0.0,2.746664069423537e-05,7.672
3.5,-0.5340404827047269,0.0929645645284526,0.58824237712926,0.38103408984859344,down,down,down,down,-0.0023803421598245,-0.0015702429632149,0.0,2.746664069423537e-05,7.688
3.5150000000000006,-0.5340580460982967,0.0,0.5962766697397311,0.38991798270011124,down,down,down,down,-0.0023803421598245,-0.0015702429632149,0.0,2.746664069423537e-05,7.703
3.5310000000000006,-0.5354191141548608,0.0826864113754321,0.6048576109091679,0.39952705694530244,down,down,down,down,-0.0023803421598245,-0.0015702429632149,0.0,2.746664069423537e-05,7.719
3.5620000000000003,-0.5364879390160198,0.0320978791678855,0.621520847765176,0.41853592305475457,down,down,down,down,-0.0023803421598245,-0.0015702429632149,0.0,2.746664069423537e-05,7.75
3.5940000000000003,-0.5385997943817831,0.06361513802027871,0.6387724992743637,0.43870061660738724,down,down,down,down,-0.0023803421598245,-0.0015702429632149,0.0,2.746664069423537e-05,7.782
3.609,-0.5396031443777662,0.0645096575723883,0.6468825749595084,0.448343029664141,down,down,down,down,-0.0023803421598245,-0.0015702429632149,0.0,2.746664069423537e-05,7.797
3.6400000000000006,-0.5416859564420662,0.06480714378533371,0.6636912335540758,0.46865692369610196,down,down,down,down,-0.0023803421598245,-0.0015702429632149,0.0,2.746664069423537e-05,7.828
3.6560000000000006,-0.5443177478716699,0.1621066221904054,0.6724043870759971,0.47934568866114263,down,down,down,down,-0.0023803421598245,-0.0015702429632149,0.0,2.746664069423537e-05,7.844
3.6720000000000006,-0.5448254982670608,0.029354057552111096,0.6811426569325184,0.49017406501321076,down,down,down,down,-0.0023803421598245,-0.0015702429632149,0.0,2.746664069423537e-05,7.86
3.7030000000000003,-0.546086520871258,0.0382978063626642,0.6981004707610219,0.5115523334924603,down,down,down,down,-0.0023803421598245,-0.0015702429632149,0.0,2.746664069423537e-05,7.891
3.7190000000000003,-0.5465446856824254,0.026254958538141,0.7068666443008628,0.5227920704129554,down,down,down,down,-0.0023803421598245,-0.0015702429632149,0.0,2.746664069423537e-05,7.907
3.734,-0.5474770189080456,0.0597752062148529,0.7150953607297393,0.5334567854506846,down,down,down,down,-0.0023803421598245,-0.0015702429632149,0.0,2.746664069423537e-05,7.922
3.75,-0.5484420346630063,0.0579331425252238,0.7238878370457192,0.5449686510328883,down,down,down,down,-0.0023803421598245,-0.0015702429632149,0.0,2.746664069423537e-05,7.938
3.7650000000000006,-0.5492542500597377,0.051767350955598396,0.7321441128255883,0.5558888906569235,down,down,down,down,-0.0023803421598245,-0.0015702429632149,0.0,2.746664069423537e-05,7.953
3.7970000000000006,-0.5499736089906602,0.020099624431502098,0.7497820063452176,0.5795997085636564,down,down,down,down,-0.0023803421598245,-0.0015702429632149,0.0,2.746664069423537e-05,7.985
3.8120000000000003,-0.5513537183962249,0.08962695154449521,0.7580655149450674,0.5909085649733333,down,down,down,down,-0.0023803421598245,-0.0015702429632149,0.0,2.746664069423537e-05,8.0
3.8280000000000003,-0.5527186785926865,0.0829296701190251,0.7669232180083901,0.603108474836961,down,down,down,down,-0.0023803421598245,-0.0015702429632149,0.0,2.746664069423537e-05,8.016
3.8440000000000003,-0.552398992105692,0.0223607475969833,0.7757892832613886,0.6154501748471192,down,down,down,down,-0.0023803421598245,-0.0015702429632149,0.0,2.746664069423537e-05,8.032
3.859000000000001,-0.5520627381301058,0.0247972738655724,0.7840962998826057,0.6271493167206996,down,down,down,down,-0.0023803421598245,-0.0015702429632149,0.0,2.746664069423537e-05,8.047
3.8899999999999997,-0.5539063509051374,0.057091037679908196,0.801287498294511,0.651722765592444,down,down,down,down,-0.0023803421598245,-0.0015702429632149,0.0,2.746664069423537e-05,8.078
3.9059999999999997,-0.5556602772022128,0.10724005140738671,0.8101891552067813,0.6646145788204544,down,down,down,down,-0.0023803421598245,-0.0015702429632149,0.0,2.746664069423537e-05,8.094
3.9370000000000003,-0.5557784606777965,0.0,0.8274651331757814,0.6899982202903846,down,down,down,down,-0.0023803421598245,-0.0015702429632149,0.0,2.746664069423537e-05,8.125
3.9530000000000003,-0.5554315381737602,0.024062998662088702,0.8363799370540053,0.7033089808522229,down,down,down,down,-0.0023803421598245,-0.0015702429632149,0.0,2.746664069423537e-05,8.141
3.9690000000000003,-0.5551103940694606,0.0224518486785507,0.8452893963993625,0.7167623355198499,down,down,down,down,-0.0023803421598245,-0.0015702429632149,0.0,2.746664069423537e-05,8.157
3.984000000000001,-0.5575395847347071,0.1595657021899356,0.8536578248848423,0.729504439679482,down,down,down,down,-0.0023803421598245,-0.0015702429632149,0.0,2.746664069423537e-05,8.172
4.000000000000001,-0.5594186217127479,0.1150594689677263,0.8626186144238334,0.7432346511939514,down,down,down,down,-0.0023803421598245,-0.0015702429632149,0.0,2.746664069423537e-05,8.188
4.015,-0.5602261288102337,0.0514534643392319,0.8710395036972033,0.7562370870798582,down,down,down,down,-0.0023803421598245,-0.0015702429632149,0.0,2.746664069423537e-05,8.203
4.031,-0.5609413839429944,0.0423231036377202,0.8800339676866406,0.7702456748509289,down,down,down,down,-0.0023803421598245,-0.0015702429632149,0.0,2.746664069423537e-05,8.219
4.047,-0.5618833995590133,0.056495633841357897,0.8890416898420681,0.7843982801111585,down,down,down,down,-0.0023803421598245,-0.0015702429632149,0.0,2.746664069423537e-05,8.235
4.062,-0.5628470964452532,0.06186611692283119,0.8975007222065486,0.7977973482015237,down,down,down,down,-0.0023803421598245,-0.0015702429632149,0.0,2.746664069423537e-05,8.25
4.078,-0.5655483205045133,0.1664461615439315,0.9065530094295582,0.8122297780546126,down,down,down,down,-0.0023803421598245,-0.0015702429632149,0.0,2.746664069423537e-05,8.266
4.109000000000001,-0.5659408076562258,0.0102805337018679,0.9241397684479096,0.8406055161117139,down,down,down,down,-0.0023803421598245,-0.0015702429632149,0.0,2.746664069423537e-05,8.297
4.125000000000001,-0.5663191399129044,0.0212654238825882,0.9332229719158742,0.8554644180346241,down,down,down,down,-0.0023803421598245,-0.0015702429632149,0.0,2.746664069423537e-05,8.313
4.14,-0.5660111332054463,0.022914122657034103,0.9417390026087094,0.8695266328435574,down,down,down,down,-0.0023803421598245,-0.0015702429632149,0.0,2.746664069423537e-05,8.328
4.172,-0.5667346898037966,0.020230801538623198,0.95991318355168,0.8999530678221236,down,down,down,down,-0.0023803421598245,-0.0015702429632149,0.0,2.746664069423537e-05,8.36
4.187,-0.5674262947803506,0.0437266562771044,0.9684429445805096,0.9144157387831156,down,down,down,down,-0.0023803421598245,-0.0015702429632149,0.0,2.746664069423537e-05,8.375
4.203,-0.5678194408921833,0.0221912898297205,0.9775500343533016,0.9299836826145862,down,down,down,down,-0.0023803421598245,-0.0015702429632149,0.0,2.746664069423537e-05,8.391
4.219,-0.5685327549290697,0.042201785145579096,0.9866659758072828,0.9456974106958708,down,down,down,down,-0.0023803421598245,-0.0015702429632149,0.0,2.746664069423537e-05,8.407
4.234000000000001,-0.5692664031058481,0.0465295362920633,0.9952230231369934,0.9605615781879534,down,down,down,down,-0.0023803421598245,-0.0015702429632149,0.0,2.746664069423537e-05,8.422
4.250000000000001,-0.5701956868000604,0.0556998887284443,1.004363843743652,0.9765582731229986,down,down,down,down,-0.0023803421598245,-0.0015702429632149,0.0,2.746664069423537e-05,8.438
4.281,-0.5707333916295632,0.014964974920910699,1.0220969219911702,1.0079684149918873,down,down,down,down,-0.0023803421598245,-0.0015702429632149,0.0,2.746664069423537e-05,8.469
4.297,-0.5712236086925202,0.028258224274990598,1.0312577018811584,1.0243952519828659,down,down,down,down,-0.0023803421598245,-0.0015702429632149,0.0,2.746664069423537e-05,8.485
4.312,-0.5709033557578618,0.023730537803718803,1.0398472077589849,1.0399285388051676,down,down,down,down,-0.0023803421598245,-0.0015702429632149,0.0,2.746664069423537e-05,8.5
4.344,-0.5716566678037154,0.0211606592731006,1.058178415910793,1.0734969487838841,down,down,down,down,-0.0023803421598245,-0.0015702429632149,0.0,2.746664069423537e-05,8.532
4.359000000000001,-0.5728930740079452,0.08004673812216051,1.066786092618829,1.0894341825978566,down,down,down,down,-0.0023803421598245,-0.0015702429632149,0.0,2.746664069423537e-05,8.547
4.375000000000001,-0.5729217705962437,0.0,1.075977735263074,1.106576293220912,down,down,down,down,-0.0023803421598245,-0.0015702429632149,0.0,2.746664069423537e-05,8.563
4.39,-0.5729419231566677,0.0,1.0845952666106684,1.1227805907349637,down,down,down,down,-0.0023803421598245,-0.0015702429632149,0.0,2.746664069423537e-05,8.578
4.406,-0.5727923092154619,0.011731213485188699,1.0937862643570568,1.1402076429827055,down,down,down,down,-0.0023803421598245,-0.0015702429632149,0.0,2.746664069423537e-05,8.594
4.422,-0.5744601892887147,0.10186216241847561,1.1029894082325018,1.157781848363422,down,down,down,down,-0.0023803421598245,-0.0015702429632149,0.0,2.746664069423537e-05,8.61
4.437,-0.576026555623395,0.1020440801521931,1.1116416124637911,1.1743915810186447,down,down,down,down,-0.0023803421598245,-0.0015702429632149,0.0,2.746664069423537e-05,8.625
4.453,-0.5774563503090455,0.0869818256933329,1.120894599598662,1.1922518707151444,down,down,down,down,-0.0023803421598245,-0.0015702429632149,0.0,2.746664069423537e-05,8.641
4.469,-0.577269579998493,0.0140534865693542,1.130157530928534,1.210260287759362,down,down,down,down,-0.0023803421598245,-0.0015702429632149,0.0,2.746664069423537e-05,8.657
4.484000000000001,-0.5779053420942724,0.0400037975587947,1.138844896488678,1.2272778059649918,down,down,down,down,-0.0023803421598245,-0.0015702429632149,0.0,2.746664069423537e-05,8.672
4.500000000000001,-0.578441759625278,0.031145753528027897,1.148120797189846,1.24557353151442,down,down,down,down,-0.0023803421598245,-0.0015702429632149,0.0,2.746664069423537e-05,8.688
4.515,-0.5782532541371612,0.014947374700943799,1.1568195634375118,1.2628605842191238,down,down,down,down,-0.0023803421598245,-0.0015702429632149,0.0,2.746664069423537e-05,8.703
4.531,-0.5786603235385126,0.023061495424636598,1.1660999959463287,1.2814439406941946,down,down,down,down,-0.0023803421598245,-0.0015702429632149,0.0,2.746664069423537e-05,8.719
4.547,-0.5790177836558552,0.019960915174088698,1.1753865446912952,1.3001758330192954,down,down,down,down,-0.0023803421598245,-0.0015702429632149,0.0,2.746664069423537e-05,8.735
4.562,-0.5798825334301494,0.0552696427931188,1.1841018507138887,1.317871995984835,down,down,down,down,-0.0023803421598245,-0.0015702429632149,0.0,2.746664069423537e-05,8.75
4.594,-0.5810027807068501,0.0326273852370717,1.2027262635149036,1.3560612458124959,down,down,down,down,-0.0023803421598245,-0.0015702429632149,0.0,2.746664069423537e-05,8.782
4.609000000000001,-0.5819004848102267,0.057466598065282495,1.2114715916507304,1.374167729726239,down,down,down,down,-0.0023803421598245,-0.0015702429632149,0.0,2.746664069423537e-05,8.797
4.625000000000001,-0.5836412040737144,0.1064146118081587,1.2208210490492133,1.3936260708518382,down,down,down,down,-0.0023803421598245,-0.0015702429632149,0.0,2.746664069423537e-05,8.813
4.64,-0.5853394667698009,0.1108371709126124,1.229611957724987,1.4120043184026434,down,down,down,down,-0.0023803421598245,-0.0015702429632149,0.0,2.746664069423537e-05,8.828
4.656,-0.5863884223485556,0.063179381512346,1.2390109047253457,1.431753301302246,down,down,down,down,-0.0023803421598245,-0.0015702429632149,0.0,2.746664069423537e-05,8.844
4.672,-0.5865783813661274,0.0,1.2484197630424745,1.4516527466443887,down,down,down,down,-0.0023803421598245,-0.0015702429632149,0.0,2.746664069423537e-05,8.86
4.687,-0.585699206914267,0.060991972283846604,1.257235398599026,1.4704451603567008,down,down,down,down,-0.0023803421598245,-0.0015702429632149,0.0,2.746664069423537e-05,8.875
4.703,-0.5848327403865721,0.056534500140759,1.2666247780648443,1.4906360417700115,down,down,down,down,-0.0023803421598245,-0.0015702429632149,0.0,2.746664069423537e-05,8.891
4.719,-0.5850485404575796,0.0111071622781455,1.276008952199009,1.5109771116121222,down,down,down,down,-0.0023803421598245,-0.0015702429632149,0.0,2.746664069423537e-05,8.907
4.734000000000001,-0.5857487348948229,0.0442992869897297,1.2848134854086006,1.5301832798941803,down,down,down,down,-0.0023803421598245,-0.0015702429632149,0.0,2.746664069423537e-05,8.922
4.750000000000001,-0.586434257162459,0.04046479956743,1.2942160732324703,1.5508155163633086,down,down,down,down,-0.0023803421598245,-0.0015702429632149,0.0,2.746664069423537e-05,8.938
4.765,-0.5866392087394079,0.0112830963034356,1.303037677871182,1.5702949194965847,down,down,down,down,-0.0023803421598245,-0.0015702429632149,0.0,2.746664069423537e-05,8.953
4.781,-0.5856859135494314,0.061961291533352204,1.312441402736904,1.5912187521414494,down,down,down,down,-0.0023803421598245,-0.0015702429632149,0.0,2.746664069423537e-05,8.969
4.797,-0.5875629563522367,0.11493483301550081,1.3218525175835287,1.612293103504013,down,down,down,down,-0.0023803421598245,-0.0015702429632149,0.0,2.746664069423537e-05,8.985
4.812,-0.5894370846829453,0.1225615465540812,1.3307035715357411,1.6321872741724084,down,down,down,down,-0.0023803421598245,-0.0015702429632149,0.0,2.746664069423537e-05,9.0
4.828,-0.5909508400439858,0.0922293679052054,1.340171798820968,1.6535542771352618,down,down,down,down,-0.0023803421598245,-0.0015702429632149,0.0,2.746664069423537e-05,9.016
4.859000000000001,-0.5935380987929602,0.0810796174845082,1.3585800549048006,1.695384930868012,down,down,down,down,-0.0023803421598245,-0.0015702429632149,0.0,2.746664069423537e-05,9.047
4.875000000000001,-0.5961243977388584,0.159263341958815,1.3681224787644666,1.7171985511373664,down,down,down,down,-0.0023803421598245,-0.0015702429632149,0.0,2.746664069423537e-05,9.063
4.89,-0.596480588816048,0.0213657296528206,1.377090569808076,1.7377876490016586,down,down,down,down,-0.0023803421598245,-0.0015702429632149,0.0,2.746664069423537e-05,9.078
4.906,-0.5977712921326646,0.0782886151287076,1.386669708743077,1.7598977312300679,down,down,down,down,-0.0023803421598245,-0.0015702429632149,0.0,2.746664069423537e-05,9.094
4.922,-0.5990523891914563,0.0776882240146603,1.3962694220810814,1.7821612442766612,down,down,down,down,-0.0023803421598245,-0.0015702429632149,0.0,2.746664069423537e-05,9.11
4.937,-0.5978884229051573,0.0799780945797549,1.4052700318162543,1.8031727901808918,down,down,down,down,-0.0023803421598245,-0.0015702429632149,0.0,2.746664069423537e-05,9.125
4.953,-0.5968089816921349,0.0698454179737239,1.4148527349404445,1.8257337723149458,down,down,down,down,-0.0023803421598245,-0.0015702429632149,0.0,2.746664069423537e-05,9.141
4.969,-0.5959001933673882,0.0591796124564946,1.424419532228332,1.848447950452296,down,down,down,down,-0.0023803421598245,-0.0015702429632149,0.0,2.746664069423537e-05,9.157
4.984000000000001,-0.5950010317742649,0.0623244483680428,1.4333748450613428,1.8698814082819692,down,down,down,down,-0.0023803421598245,-0.0015702429632149,0.0,2.746664069423537e-05,9.172
5.000000000000001,-0.5953499649607341,0.019427981994502,1.4429227769226345,1.8928917892578412,down,down,down,down,-0.0023803421598245,-0.0015702429632149,0.0,2.746664069423537e-05,9.188
5.015,-0.5957855142468844,0.0266562769168648,1.451879846661139,1.914602808934718,down,down,down,down,-0.0023803421598245,-0.0015702429632149,0.0,2.746664069423537e-05,9.203
5.031,-0.5962234573175227,0.0249910997550673,1.4614410423210655,1.937909376046575,down,down,down,down,-0.0023803421598245,-0.0015702429632149,0.0,2.746664069423537e-05,9.219
5.047,-0.5956435492702585,0.0386245951138341,1.4710011022611793,1.9613689132032335,down,down,down,down,-0.0023803421598245,-0.0015702429632149,0.0,2.746664069423537e-05,9.235
5.062,-0.5946006076620165,0.07190978270929059,1.47995148708262,1.9835010576233127,down,down,down,down,-0.0023803421598245,-0.0015702429632149,0.0,2.746664069423537e-05,9.25
5.078,-0.5936862796519247,0.0595258427905642,1.489482906068543,2.007256532768522,down,down,down,down,-0.0023803421598245,-0.0015702429632149,0.0,2.746664069423537e-05,9.266
5.094,-0.5933925421599131,0.020738935410546902,1.4990046605304492,2.0311644333013144,down,down,down,down,-0.0023803421598245,-0.0015702429632149,0.0,2.746664069423537e-05,9.282
5.125000000000001,-0.5924949536034418,0.031334811723413,1.5174345942466412,2.0779192417503594,down,down,down,down,-0.0023803421598245,-0.0015702429632149,0.0,2.746664069423537e-05,9.313
5.14,-0.5920087569462265,0.0347934526408529,1.526341925720211,2.10074756565011,down,down,down,down,-0.0023803421598245,-0.0015702429632149,0.0,2.746664069423537e-05,9.328
5.156,-0.5923634382229483,0.019787237635293598,1.535842027168976,2.1252450372732232,down,down,down,down,-0.0023803421598245,-0.0015702429632149,0.0,2.746664069423537e-05,9.344
5.172,-0.593046826021677,0.040331395260717495,1.5453504331703445,2.1498945769559383,down,down,down,down,-0.0023803421598245,-0.0015702429632149,0.0,2.746664069423537e-05,9.36
5.203,-0.5936182997991715,0.016054295823866898,1.5637924201524274,2.1980862911824417,down,down,down,down,-0.0023803421598245,-0.0015702429632149,0.0,2.746664069423537e-05,9.391
5.219,-0.5948281397943003,0.07323465753572561,1.5733251155565866,2.2231832314681137,down,down,down,down,-0.0023803421598245,-0.0015702429632149,0.0,2.746664069423537e-05,9.407
5.234000000000001,-0.5959944783865065,0.07537556398725741,1.582279838837391,2.24685026862607,down,down,down,down,-0.0023803421598245,-0.0015702429632149,0.0,2.746664069423537e-05,9.422
5.250000000000001,-0.5947537069869746,0.0799285546305704,1.5918309482077906,2.272243154922431,down,down,down,down,-0.0023803421598245,-0.0015702429632149,0.0,2.746664069423537e-05,9.438
5.265,-0.594603723308941,0.0123792540287352,1.6007746825794575,2.2961876971533335,down,down,down,down,-0.0023803421598245,-0.0015702429632149,0.0,2.746664069423537e-05,9.453
5.281,-0.5942757019524816,0.0228816769385353,1.6103108418689605,2.3218763813489205,down,down,down,down,-0.0023803421598245,-0.0015702429632149,0.0,2.746664069423537e-05,9.469
5.297,-0.5939055606788575,0.0255141717613315,1.6198414158574226,2.347717599410732,down,down,down,down,-0.0023803421598245,-0.0015702429632149,0.0,2.746664069423537e-05,9.485
5.328,-0.5948455409965376,0.0279416035717932,1.638315735465251,2.3982190352562345,down,down,down,down,-0.0023803421598245,-0.0015702429632149,0.0,2.746664069423537e-05,9.516
5.344,-0.5953107622305147,0.0266959849637427,1.647862109778479,2.424508458018184,down,down,down,down,-0.0023803421598245,-0.0015702429632149,0.0,2.746664069423537e-05,9.532
5.359000000000001,-0.5949638605146887,0.025507123214887902,1.6568127230935166,2.4492935192647245,down,down,down,down,-0.0023803421598245,-0.0015702429632149,0.0,2.746664069423537e-05,9.547
5.375000000000001,-0.5959882571414745,0.061644447014286195,1.6663654639221772,2.4758789447608507,down,down,down,down,-0.0023803421598245,-0.0015702429632149,0.0,2.746664069423537e-05,9.563
5.406,-0.5957375239734617,0.010468508869916,1.6848858910613176,2.527823340763093,down,down,down,down,-0.0023803421598245,-0.0015702429632149,0.0,2.746664069423537e-05,9.594
5.422,-0.5955430277327558,0.0145363572039424,1.6944412593623788,2.5548579579664827,down,down,down,down,-0.0023803421598245,-0.0015702429632149,0.0,2.746664069423537e-05,9.61
5.437,-0.5948250753751587,0.050243832666295,1.7033925737801368,2.5803417117150524,down,down,down,down,-0.0023803421598245,-0.0015702429632149,0.0,2.746664069423537e-05,9.625
5.453,-0.5949875505189173,0.0,1.7129361986747007,2.607672341894691,down,down,down,down,-0.0023803421598245,-0.0015702429632149,0.0,2.746664069423537e-05,9.641
5.469,-0.5951837193365961,0.0,1.7224826927209562,2.6351556930258564,down,down,down,down,-0.0023803421598245,-0.0015702429632149,0.0,2.746664069423537e-05,9.657
5.484000000000001,-0.5957425635622045,0.0348759395473986,1.731438193487146,2.6610600996724183,down,down,down,down,-0.0023803421598245,-0.0015702429632149,0.0,2.746664069423537e-05,9.672
5.500000000000001,-0.5955006442686201,0.0175002980088434,1.740993263037204,2.6888395513246133,down,down,down,down,-0.0023803421598245,-0.0015702429632149,0.0,2.746664069423537e-05,9.688
5.515,-0.5953209163806576,0.0143622013573254,1.749947978386521,2.715021610635289,down,down,down,down,-0.0023803421598245,-0.0015702429632149,0.0,2.746664069423537e-05,9.703
5.547,-0.5950431548027968,0.0110603914679762,1.7690440513002792,2.7713254831102785,down,down,down,down,-0.0023803421598245,-0.0015702429632149,0.0,2.746664069423537e-05,9.735
5.562,-0.5926686653507005,0.16067963896623738,1.777975443595879,2.7979281293220004,down,down,down,down,-0.0023803421598245,-0.0015702429632149,0.0,2.746664069423537e-05,9.75
5.594,-0.5923137952578976,0.013470032559914599,1.7969854107404395,2.8551275029913814,down,down,down,down,-0.0023803421598245,-0.0015702429632149,0.0,2.746664069423537e-05,9.782
5.609000000000001,-0.5931818693802438,0.0554912659965819,1.805900181869674,2.8821491449359584,down,down,down,down,-0.0023803421598245,-0.0015702429632149,0.0,2.746664069423537e-05,9.797
5.625000000000001,-0.594044288532718,0.0515208548698131,1.8154231150203888,2.911119731311079,down,down,down,down,-0.0023803421598245,-0.0015702429632149,0.0,2.746664069423537e-05,9.813
5.656,-0.5957723105123502,0.053362302344445,1.8339139498374468,2.9676844558163733,down,down,down,down,-0.0023803421598245,-0.0015702429632149,0.0,2.746664069423537e-05,9.844
5.687,-0.5950116410171766,0.0269180678105858,1.8524197786180143,3.0248226286074344,down,down,down,down,-0.0023803421598245,-0.0015702429632149,0.0,2.746664069423537e-05,9.875
5.703,-0.5954263433746156,0.023538555180113697,1.8619684063805604,3.0545377340874227,down,down,down,down,-0.0023803421598245,-0.0015702429632149,0.0,2.746664069423537e-05,9.891
5.719,-0.5977458024911879,0.1425858526259425,1.8715389074348985,3.0844057925979462,down,down,down,down,-0.0023803421598245,-0.0015702429632149,0.0,2.746664069423537e-05,9.907
5.734000000000001,-0.6000210628551645,0.1493036821052782,1.8805457125694445,3.1125464272479797,down,down,down,down,-0.0023803421598245,-0.0015702429632149,0.0,2.746664069423537e-05,9.922
5.750000000000001,-0.6006605356145656,0.0375867053027389,1.8901762892446137,3.142712203262492,down,down,down,down,-0.0023803421598245,-0.0015702429632149,0.0,2.746664069423537e-05,9.938
5.765,-0.6007768070676054,0.0,1.8992106229591772,3.1711326051040185,down,down,down,down,-0.0023803421598245,-0.0015702429632149,0.0,2.746664069423537e-05,9.953
5.797,-0.5992867710033174,0.0489439691688242,1.918461887983135,3.232215365279095,down,down,down,down,-0.0023803421598245,-0.0015702429632149,0.0,2.746664069423537e-05,9.985
5.812,-0.5983241821098169,0.06655293505985789,1.927467523775932,3.261059835867289,down,down,down,down,-0.0023803421598245,-0.0015702429632149,0.0,2.746664069423537e-05,10.0
5.828,-0.5973654120138683,0.0623034731566107,1.937058164416333,3.2919760413728274,down,down,down,down,-0.0023803421598245,-0.0015702429632149,0.0,2.746664069423537e-05,10.016
5.859000000000001,-0.5955928854360248,0.0595586188644504,1.9555976955586665,3.3523122072024405,down,down,down,down,-0.0023803421598245,-0.0015702429632149,0.0,2.746664069423537e-05,10.047
5.875000000000001,-0.5952931849209602,0.0211116243513664,1.9651499080089336,3.383678188030982,down,down,down,down,-0.0023803421598245,-0.0015702429632149,0.0,2.746664069423537e-05,10.063
5.89,-0.595031732602072,0.0198104967523718,1.974100898534804,3.4132225690800575,down,down,down,down,-0.0023803421598245,-0.0015702429632149,0.0,2.746664069423537e-05,10.078
5.906,-0.5941397118164673,0.0581316412601173,1.983639393977564,3.4448844914201566,down,down,down,down,-0.0023803421598245,-0.0015702429632149,0.0,2.746664069423537e-05,10.094
5.922,-0.5930750970395451,0.0689187657174627,1.9931622363358232,3.4766989044626637,down,down,down,down,-0.0023803421598245,-0.0015702429632149,0.0,2.746664069423537e-05,10.11
5.937,-0.5920394744436344,0.0714218485538701,2.002074149266396,3.5066631773546817,down,down,down,down,-0.0023803421598245,-0.0015702429632149,0.0,2.746664069423537e-05,10.125
5.969,-0.5918779141176351,0.0,2.0210670752581987,3.5710334369470753,down,down,down,down,-0.0023803421598245,-0.0015702429632149,0.0,2.746664069423537e-05,10.157
5.984000000000001,-0.5908200781996005,0.0729027366954655,2.0299608638450266,3.6014161464903505,down,down,down,down,-0.0023803421598245,-0.0015702429632149,0.0,2.746664069423537e-05,10.172
6.000000000000001,-0.5898229296933852,0.0647021237982769,2.039431131795582,3.6339712824554753,down,down,down,down,-0.0023803421598245,-0.0015702429632149,0.0,2.746664069423537e-05,10.188
6.015,-0.588861846263411,0.06645257082477979,2.0482948212597054,3.6646292271033873,down,down,down,down,-0.0023803421598245,-0.0015702429632149,0.0,2.746664069423537e-05,10.203
6.031,-0.5897582145881941,0.0536426781391208,2.0577489056339298,3.6974775769185357,down,down,down,down,-0.0023803421598245,-0.0015702429632149,0.0,2.746664069423537e-05,10.219
6.047,-0.5911768082399202,0.08628176107305921,2.067221509703966,3.73047734024124,down,down,down,down,-0.0023803421598245,-0.0015702429632149,0.0,2.746664069423537e-05,10.235
6.062,-0.5926439836389488,0.09543135110873971,2.0761237192875064,3.7615524294586775,down,down,down,down,-0.0023803421598245,-0.0015702429632149,0.0,2.746664069423537e-05,10.25
6.078,-0.5938629609105046,0.0738057373124156,2.085640898731313,3.794846546402827,down,down,down,down,-0.0023803421598245,-0.0015702429632149,0.0,2.746664069423537e-05,10.266
6.094,-0.5954700525000032,0.0980628821838357,2.095180686726009,3.8282931190864864,down,down,down,down,-0.0023803421598245,-0.0015702429632149,0.0,2.746664069423537e-05,10.282
6.109000000000001,-0.5943403041308812,0.0776969001012843,2.104127818045189,3.8597879328722717,down,down,down,down,-0.0023803421598245,-0.0015702429632149,0.0,2.746664069423537e-05,10.297
6.14,-0.5942791433362196,0.0,2.122600097012788,3.925302215555668,down,down,down,down,-0.0023803421598245,-0.0015702429632149,0.0,2.746664069423537e-05,10.328
6.156,-0.5941745388427861,0.0,2.132132850357632,3.9593400791346314,down,down,down,down,-0.0023803421598245,-0.0015702429632149,0.0,2.746664069423537e-05,10.344
6.172,-0.5933151719108611,0.0560907754051375,2.141657891931072,3.993530405072941,down,down,down,down,-0.0023803421598245,-0.0015702429632149,0.0,2.746664069423537e-05,10.36
6.187,-0.593928623783194,0.0385164493290312,2.150585774043226,4.02572223256775,down,down,down,down,-0.0023803421598245,-0.0015702429632149,0.0,2.746664069423537e-05,10.375
6.203,-0.5929935264848343,0.060823923307307,2.1601062751327818,4.060207768961158,down,down,down,down,-0.0023803421598245,-0.0015702429632149,0.0,2.746664069423537e-05,10.391
6.219,-0.5923957812082872,0.0397394219440183,2.169614513481738,4.094845535270074,down,down,down,down,-0.0023803421598245,-0.0015702429632149,0.0,2.746664069423537e-05,10.407
6.250000000000001,-0.5940173261709649,0.0499275598620372,2.1880525941779765,4.162389375438801,down,down,down,down,-0.0023803421598245,-0.0015702429632149,0.0,2.746664069423537e-05,10.438
6.265,-0.595557871426383,0.100322674868052,2.196997961804404,4.1952772546086665,down,down,down,down,-0.0023803421598245,-0.0015702429632149,0.0,2.746664069423537e-05,10.453
6.281,-0.595061485449639,0.0334044657063214,2.206548040546824,4.230505622627477,down,down,down,down,-0.0023803421598245,-0.0015702429632149,0.0,2.746664069423537e-05,10.469
6.297,-0.5957327518990514,0.0395738109284504,2.2160995183330248,4.265886803098515,down,down,down,down,-0.0023803421598245,-0.0015702429632149,0.0,2.746664069423537e-05,10.485
6.328,-0.5949296763732921,0.0282860042810921,2.234603463503106,4.3348726993169775,down,down,down,down,-0.0023803421598245,-0.0015702429632149,0.0,2.746664069423537e-05,10.516
6.344,-0.5928732766191409,0.13090532679427258,2.244131011014457,4.370702575113118,down,down,down,down,-0.0023803421598245,-0.0015702429632149,0.0,2.746664069423537e-05,10.532
6.359000000000001,-0.5904527892197908,0.16374616878315698,2.253029510152697,4.404431279021873,down,down,down,down,-0.0023803421598245,-0.0015702429632149,0.0,2.746664069423537e-05,10.547
6.375000000000001,-0.58810168653193,0.1493242601511289,2.2624830698461222,4.4405553796618635,down,down,down,down,-0.0023803421598245,-0.0015702429632149,0.0,2.746664069423537e-05,10.563
6.39,-0.5861579369950984,0.1319636446152695,2.2713135706670227,4.474558854465711,down,down,down,down,-0.0023803421598245,-0.0015702429632149,0.0,2.746664069423537e-05,10.578
6.406,-0.5858384059600219,0.022351031852108003,2.280714665298075,4.51097508035343,down,down,down,down,-0.0023803421598245,-0.0015702429632149,0.0,2.746664069423537e-05,10.594
6.437,-0.5854346496421314,0.0154047395111297,2.2989180751917684,4.5819593878310245,down,down,down,down,-0.0023803421598245,-0.0015702429632149,0.0,2.746664069423537e-05,10.625
6.453,-0.5848023212506739,0.0419008666259212,2.308305094846322,4.61881717319133,down,down,down,down,-0.0023803421598245,-0.0015702429632149,0.0,2.746664069423537e-05,10.641
6.469,-0.5841351261324803,0.0440800370469229,2.317681718312799,4.655825067696603,down,down,down,down,-0.0023803421598245,-0.0015702429632149,0.0,2.746664069423537e-05,10.657
6.500000000000001,-0.5824922759741575,0.0553755085573323,2.335813120577312,4.727954237699401,down,down,down,down,-0.0023803421598245,-0.0015702429632149,0.0,2.746664069423537e-05,10.688
6.515,-0.5828489931465075,0.021400802663508998,2.344576733740164,4.763057161606779,down,down,down,down,-0.0023803421598245,-0.0015702429632149,0.0,2.746664069423537e-05,10.703
6.531,-0.5831192613102818,0.0145114180760686,2.35392960366323,4.800645212306007,down,down,down,down,-0.0023803421598245,-0.0015702429632149,0.0,2.746664069423537e-05,10.719
6.547,-0.5806742226342472,0.15519525941198858,2.363265075422197,4.838382769738691,down,down,down,down,-0.0023803421598245,-0.0015702429632149,0.0,2.746664069423537e-05,10.735
6.562,-0.5779917029896691,0.1812149851316915,2.3719786235088254,4.873897097480674,down,down,down,down,-0.0023803421598245,-0.0015702429632149,0.0,2.746664069423537e-05,10.75
6.578,-0.5754050986159243,0.16404311551887468,2.381230921809081,4.911922773843217,down,down,down,down,-0.0023803421598245,-0.0015702429632149,0.0,2.746664069423537e-05,10.766
6.594,-0.5757918272902653,0.0217901999864933,2.3904656211037425,4.95009634618652,down,down,down,down,-0.0023803421598245,-0.0015702429632149,0.0,2.746664069423537e-05,10.782
6.609000000000001,-0.5740218054625821,0.1203817973387044,2.3991127769938374,4.986018184172253,down,down,down,down,-0.0023803421598245,-0.0015702429632149,0.0,2.746664069423537e-05,10.797
6.64,-0.5723744009143967,0.0555224243593539,2.41693059572454,5.060666856449385,down,down,down,down,-0.0023803421598245,-0.0015702429632149,0.0,2.746664069423537e-05,10.828
6.656,-0.5717705308171368,0.04012222323857,2.4261088790658034,5.099411172247708,down,down,down,down,-0.0023803421598245,-0.0015702429632149,0.0,2.746664069423537e-05,10.844
6.672,-0.5692324712882719,0.1610090627138792,2.435262026970058,5.138302139495995,down,down,down,down,-0.0023803421598245,-0.0015702429632149,0.0,2.746664069423537e-05,10.86
6.687,-0.5640015944347141,0.3511054657303333,2.443784836107429,5.174894990969078,down,down,down,down,-0.0023803421598245,-0.0015702429632149,0.0,2.746664069423537e-05,10.875
6.703,-0.5588380567881082,0.3251014450726949,2.452792677204623,5.214067611075574,down,down,down,down,-0.0023803421598245,-0.0015702429632149,0.0,2.746664069423537e-05,10.891
6.719,-0.5533843371776879,0.3432378178110925,2.461715580243761,5.253383677135162,down,down,down,down,-0.0023803421598245,-0.0015702429632149,0.0,2.746664069423537e-05,10.907
6.734000000000001,-0.5481430542093779,0.3517992067138076,2.4700005893236123,5.2903715484069185,down,down,down,down,-0.0023803421598245,-0.0015702429632149,0.0,2.746664069423537e-05,10.922
6.765,-0.5427665654289662,0.1758154641085972,2.486958365959865,5.367204412213811,down,down,down,down,-0.0023803421598245,-0.0015702429632149,0.0,2.746664069423537e-05,10.953
6.781,-0.5365626864476738,0.39012277849059773,2.49561812386229,5.407065024132387,down,down,down,down,-0.0023803421598245,-0.0015702429632149,0.0,2.746664069423537e-05,10.969
6.797,-0.530503934713412,0.3810523255511896,2.50417978071899,5.447063407369037,down,down,down,down,-0.0023803421598245,-0.0015702429632149,0.0,2.746664069423537e-05,10.985
6.812,-0.5267970081278417,0.2495087811978323,2.512133091434748,5.484685753910192,down,down,down,down,-0.0023803421598245,-0.0015702429632149,0.0,2.746664069423537e-05,11.0
6.828,-0.5225897009202445,0.2653370426346499,2.520553308994544,5.524947245113626,down,down,down,down,-0.0023803421598245,-0.0015702429632149,0.0,2.746664069423537e-05,11.016
6.844,-0.5183625822498339,0.2665752590604861,2.5289060511473163,5.5653429199947615,down,down,down,down,-0.0023803421598245,-0.0015702429632149,0.0,2.746664069423537e-05,11.032
6.859000000000001,-0.514265401132894,0.27552574995580803,2.536674314667135,5.603334772738371,down,down,down,down,-0.0023803421598245,-0.0015702429632149,0.0,2.746664069423537e-05,11.047
6.875000000000001,-0.5102726743691495,0.25192576489385643,2.544895743158563,5.643987333200977,down,down,down,down,-0.0023803421598245,-0.0015702429632149,0.0,2.746664069423537e-05,11.063
6.89,-0.5062471645040105,0.2707476665024423,2.5525431955945592,5.682218125241622,down,down,down,down,-0.0023803421598245,-0.0015702429632149,0.0,2.746664069423537e-05,11.078
6.906,-0.5023404756616827,0.2465483948053124,2.560637020603296,5.723123566971205,down,down,down,down,-0.0023803421598245,-0.0015702429632149,0.0,2.746664069423537e-05,11.094
6.922,-0.4958421751492441,0.40852412418723694,2.568647605697195,5.764157843981609,down,down,down,down,-0.0023803421598245,-0.0015702429632149,0.0,2.746664069423537e-05,11.11
6.953,-0.4904455896381031,0.1764637457450174,2.583983743583259,5.8440236298954575,down,down,down,down,-0.0023803421598245,-0.0015702429632149,0.0,2.746664069423537e-05,11.141
6.969,-0.4847393250315673,0.3590218800683106,2.591810346788028,5.885429982618428,down,down,down,down,-0.0023803421598245,-0.0015702429632149,0.0,2.746664069423537e-05,11.157
6.984000000000001,-0.480419732662746,0.2903531667478996,2.599072593365184,5.924361604669579,down,down,down,down,-0.0023803421598245,-0.0015702429632149,0.0,2.746664069423537e-05,11.172
7.000000000000001,-0.4723423787972294,0.5072149587546089,2.606719814144275,5.966007943929655,down,down,down,down,-0.0023803421598245,-0.0015702429632149,0.0,2.746664069423537e-05,11.188
7.031,-0.4643737889369479,0.2594316279753661,2.621287592276014,6.047042058729167,down,down,down,down,-0.0023803421598245,-0.0015702429632149,0.0,2.746664069423537e-05,11.219
7.047,-0.458350450435125,0.3788389985237558,2.628694510078402,6.089041915548001,down,down,down,down,-0.0023803421598245,-0.0015702429632149,0.0,2.746664069423537e-05,11.235
7.062,-0.4524455605463605,0.3960396680774486,2.635549033805212,6.12852374212713,down,down,down,down,-0.0023803421598245,-0.0015702429632149,0.0,2.746664069423537e-05,11.25
7.078,-0.4444867424131474,0.49980647548564194,2.642749616116299,6.170750131326502,down,down,down,down,-0.0023803421598245,-0.0015702429632149,0.0,2.746664069423537e-05,11.266
7.094,-0.4361139729185215,0.5256784355739392,2.649819545726364,6.213090684621243,down,down,down,down,-0.0023803421598245,-0.0015702429632149,0.0,2.746664069423537e-05,11.282
7.109000000000001,-0.4279631230663146,0.5457703323069327,2.6563236775906987,6.252886758796122,down,down,down,down,-0.0023803421598245,-0.0015702429632149,0.0,2.746664069423537e-05,11.297
7.125000000000001,-0.4214280781359392,0.41082065030828524,2.663143931087728,6.295442499665549,down,down,down,down,-0.0023803421598245,-0.0015702429632149,0.0,2.746664069423537e-05,11.313
7.14,-0.4150724940194071,0.4260859499286681,2.669441239023341,6.335436888441379,down,down,down,down,-0.0023803421598245,-0.0015702429632149,0.0,2.746664069423537e-05,11.328
7.156,-0.4072684445228969,0.4901334356917082,2.676045090419091,6.378200779076918,down,down,down,down,-0.0023803421598245,-0.0015702429632149,0.0,2.746664069423537e-05,11.344
7.172,-0.39964641818809993,0.47875698808463824,2.6825255332081905,6.421069344065937,down,down,down,down,-0.0023803421598245,-0.0015702429632149,0.0,2.746664069423537e-05,11.36
7.203,-0.392469637805295,0.2338893867664296,2.694852009607948,6.504418695979589,down,down,down,down,-0.0023803421598245,-0.0015702429632149,0.0,2.746664069423537e-05,11.391
7.219,-0.3847338809029371,0.4858651485571958,2.7010947616450256,6.547586270149614,down,down,down,down,-0.0023803421598245,-0.0015702429632149,0.0,2.746664069423537e-05,11.407
7.234000000000001,-0.3772640503586615,0.5003690451115071,2.706833299773936,6.588145730610257,down,down,down,down,-0.0023803421598245,-0.0015702429632149,0.0,2.746664069423537e-05,11.422
7.250000000000001,-0.3711246287723391,0.386094191304975,2.7128455330943955,6.631503161273203,down,down,down,down,-0.0023803421598245,-0.0015702429632149,0.0,2.746664069423537e-05,11.438
7.265,-0.363177979084739,0.5321569879998787,2.7183763562977714,6.672237325443641,down,down,down,down,-0.0023803421598245,-0.0015702429632149,0.0,2.746664069423537e-05,11.453
7.281,-0.3553409339115153,0.49219566548630533,2.7241496314891527,6.715777533345936,down,down,down,down,-0.0023803421598245,-0.0015702429632149,0.0,2.746664069423537e-05,11.469
7.312,-0.3490719256309785,0.2046064157255233,2.7351167083439214,6.80039616161335,down,down,down,down,-0.0023803421598245,-0.0015702429632149,0.0,2.746664069423537e-05,11.5
7.328,-0.3424583200077969,0.4157306936086731,2.740674074196443,6.844202487873673,down,down,down,down,-0.0023803421598245,-0.0015702429632149,0.0,2.746664069423537e-05,11.516
7.344,-0.3359369305064011,0.4099671859970617,2.746126360087968,6.888096891347948,down,down,down,down,-0.0023803421598245,-0.0015702429632149,0.0,2.746664069423537e-05,11.532
7.359000000000001,-0.3280899695870883,0.5255110701139918,2.7511301154831176,6.929326314914733,down,down,down,down,-0.0023803421598245,-0.0015702429632149,0.0,2.746664069423537e-05,11.547
7.375000000000001,-0.3180578755834027,0.6293862173901704,2.7563244221318928,6.973385951215653,down,down,down,down,-0.0023803421598245,-0.0015702429632149,0.0,2.746664069423537e-05,11.563
7.39,-0.3083528182937468,0.6493841614702754,2.7610460559804197,7.014766229801492,down,down,down,down,-0.0023803421598245,-0.0015702429632149,0.0,2.746664069423537e-05,11.578
7.406,-0.3033486745048038,0.3151393289687606,2.765964791810219,7.058982316583817,down,down,down,down,-0.0023803421598245,-0.0015702429632149,0.0,2.746664069423537e-05,11.594
7.422,-0.2935026284658413,0.6177582195949766,2.770764726121396,7.10327615272727,down,down,down,down,-0.0023803421598245,-0.0015702429632149,0.0,2.746664069423537e-05,11.61
7.437,-0.2838767748062363,0.6441039194668001,2.7751186252903848,7.14487027786286,down,down,down,down,-0.0023803421598245,-0.0015702429632149,0.0,2.746664069423537e-05,11.625
7.453,-0.2752001997939893,0.5446662804252651,2.779616364974598,7.18930815778498,down,down,down,down,-0.0023803421598245,-0.0015702429632149,0.0,2.746664069423537e-05,11.641
7.469,-0.269073868332379,0.3852760585104638,2.78399568140702,7.233817054156034,down,down,down,down,-0.0023803421598245,-0.0015702429632149,0.0,2.746664069423537e-05,11.657
7.484000000000001,-0.261281737789453,0.5218557116882079,2.7879969020973823,7.275606998532318,down,down,down,down,-0.0023803421598245,-0.0015702429632149,0.0,2.746664069423537e-05,11.672
7.500000000000001,-0.254725878462244,0.4121215501103888,2.7921500869148077,7.320248174444416,down,down,down,down,-0.0023803421598245,-0.0015702429632149,0.0,2.746664069423537e-05,11.688
7.531,-0.24995446371903718,0.1562969467794029,2.8000213097504765,7.406926831092724,down,down,down,down,-0.0023803421598245,-0.0015702429632149,0.0,2.746664069423537e-05,11.719
7.547,-0.2452070610493689,0.299093009014095,2.804007725836035,7.451759063377416,down,down,down,down,-0.0023803421598245,-0.0015702429632149,0.0,2.746664069423537e-05,11.735
7.562,-0.23914550297767082,0.4064842136063464,2.8076639237106864,7.493846600749018,down,down,down,down,-0.0023803421598245,-0.0015702429632149,0.0,2.746664069423537e-05,11.75
7.578,-0.2354533687519904,0.2331387312648478,2.8114858385719352,7.538799798847279,down,down,down,down,-0.0023803421598245,-0.0015702429632149,0.0,2.746664069423537e-05,11.766
7.594,-0.2317662337812259,0.23282627783260929,2.8152487192796123,7.5838136753100915,down,down,down,down,-0.0023803421598245,-0.0015702429632149,0.0,2.746664069423537e-05,11.782
7.609000000000001,-0.2271427888709674,0.31061000284370993,2.8187140905939523,7.626068396384145,down,down,down,down,-0.0023803421598245,-0.0015702429632149,0.0,2.746664069423537e-05,11.797
7.625000000000001,-0.2233565459485689,0.2390205248097296,2.82234320915992,7.671196854782176,down,down,down,down,-0.0023803421598245,-0.0015702429632149,0.0,2.746664069423537e-05,11.813
7.656,-0.2219952687951317,0.046292508399737704,2.829294839820307,7.758797244541366,down,down,down,down,-0.0023803421598245,-0.0015702429632149,0.0,2.746664069423537e-05,11.844
7.672,-0.2167918366270882,0.327594852662538,2.832830260551096,7.804094245344338,down,down,down,down,-0.0023803421598245,-0.0015702429632149,0.0,2.746664069423537e-05,11.86
7.687,-0.20981155219115522,0.46773263788867453,2.8360533396116816,7.84661087234556,down,down,down,down,-0.0023803421598245,-0.0015702429632149,0.0,2.746664069423537e-05,11.875
7.703,-0.203070582030735,0.423690977186086,2.8393815205728683,7.892014351227036,down,down,down,down,-0.0023803421598245,-0.0015702429632149,0.0,2.746664069423537e-05,11.891
7.719,-0.1956373414333061,0.4669578794991298,2.842596307847992,7.937470173854403,down,down,down,down,-0.0023803421598245,-0.0015702429632149,0.0,2.746664069423537e-05,11.907
7.734000000000001,-0.1883250537791348,0.4898661857712298,2.8454995794565336,7.980130893009188,down,down,down,down,-0.0023803421598245,-0.0015702429632149,0.0,2.746664069423537e-05,11.922
7.750000000000001,-0.18120978844119762,0.44708442578089663,2.848480982081708,8.025682737501493,down,down,down,down,-0.0023803421598245,-0.0015702429632149,0.0,2.746664069423537e-05,11.938
7.765,-0.174723250400719,0.4348162115250998,2.8511740335174705,8.068430150118482,down,down,down,down,-0.0023803421598245,-0.0015702429632149,0.0,2.746664069423537e-05,11.953
7.797,-0.1711663640265862,0.1135330413514766,2.85675851512313,8.159757070896733,down,down,down,down,-0.0023803421598245,-0.0015702429632149,0.0,2.746664069423537e-05,11.985
7.812,-0.1651556460296213,0.40309487529079885,2.859304483843,8.20262754338898,down,down,down,down,-0.0023803421598245,-0.0015702429632149,0.0,2.746664069423537e-05,12.0
7.828,-0.1602840911574539,0.3068525216702863,2.861933125627908,8.248397444264747,down,down,down,down,-0.0023803421598245,-0.0015702429632149,0.0,2.746664069423537e-05,12.016
7.844,-0.15616867797644932,0.2595936659726125,2.86448987166839,8.294208828243116,down,down,down,down,-0.0023803421598245,-0.0015702429632149,0.0,2.746664069423537e-05,12.032
7.859000000000001,-0.1521488071212574,0.2703717325059446,2.866825806451071,8.337193695829013,down,down,down,down,-0.0023803421598245,-0.0015702429632149,0.0,2.746664069423537e-05,12.047
7.875000000000001,-0.1501058681029211,0.130064030805843,2.8692689677402763,8.383082454022544,down,down,down,down,-0.0023803421598245,-0.0015702429632149,0.0,2.746664069423537e-05,12.063
7.89,-0.14912490708017861,0.06777774367599479,2.871536752198597,8.426138496922082,down,down,down,down,-0.0023803421598245,-0.0015702429632149,0.0,2.746664069423537e-05,12.078
7.906,-0.1481648437712639,0.0623842989669886,2.8739401940928206,8.472102312492414,down,down,down,down,-0.0023803421598245,-0.0015702429632149,0.0,2.746664069423537e-05,12.094
7.922,-0.1465721223787124,0.1019254291942938,2.876323213709432,8.518104419754831,down,down,down,down,-0.0023803421598245,-0.0015702429632149,0.0,2.746664069423537e-05,12.11
7.937,-0.144099862616514,0.1671976596397147,2.878526807241345,8.561265794911963,down,down,down,down,-0.0023803421598245,-0.0015702429632149,0.0,2.746664069423537e-05,12.125
7.953,-0.1399107555857562,0.2641995315821874,2.8808240160743743,8.607340601498489,down,down,down,down,-0.0023803421598245,-0.0015702429632149,0.0,2.746664069423537e-05,12.141
7.969,-0.1357872827443476,0.2600973947478599,2.8830547242684266,8.653451631421232,down,down,down,down,-0.0023803421598245,-0.0015702429632149,0.0,2.746664069423537e-05,12.157
7.984000000000001,-0.1340426772065762,0.11868737801125,2.885102002612507,8.69671280687284,down,down,down,down,-0.0023803421598245,-0.0015702429632149,0.0,2.746664069423537e-05,12.172
8.0,-0.1319714766093245,0.1318303794880514,2.8872552397304454,8.742891664811584,down,down,down,down,-0.0023803421598245,-0.0015702429632149,0.0,2.746664069423537e-05,12.188
8.015,-0.1299359227677819,0.1380839315960112,2.889243098870222,8.786215402351086,down,down,down,down,-0.0023803421598245,-0.0015702429632149,0.0,2.746664069423537e-05,12.203
8.030999999999999,-0.1256616771524257,0.2695206931195846,2.891313003556995,8.832459851170503,down,down,down,down,-0.0023803421598245,-0.0015702429632149,0.0,2.746664069423537e-05,12.219
8.062000000000001,-0.1232546306010676,0.08002700510686009,2.895219883859034,8.922151110925453,down,down,down,down,-0.0023803421598245,-0.0015702429632149,0.0,2.746664069423537e-05,12.25
8.078,-0.1208406193130198,0.15325604766280848,2.897197769745758,8.968490452154292,down,down,down,down,-0.0023803421598245,-0.0015702429632149,0.0,2.746664069423537e-05,12.266
8.094000000000001,-0.11808449059773811,0.1746383868649335,2.8991342945124554,9.014861108668358,down,down,down,down,-0.0023803421598245,-0.0015702429632149,0.0,2.746664069423537e-05,12.282
8.109000000000002,-0.1146176146687221,0.2335054040942127,2.900903113946402,9.058361389231802,down,down,down,down,-0.0023803421598245,-0.0015702429632149,0.0,2.746664069423537e-05,12.297
8.125,-0.1146336955059653,0.0,2.902762248315211,9.104790712129894,down,down,down,down,-0.0023803421598245,-0.0015702429632149,0.0,2.746664069423537e-05,12.313
8.14,-0.114641459989544,0.0,2.904505365625876,9.148345219234445,down,down,down,down,-0.0023803421598245,-0.0015702429632149,0.0,2.746664069423537e-05,12.328
8.155999999999999,-0.1097148409200273,0.3102940340046209,2.9063253399205635,9.194831864878818,down,down,down,down,-0.0023803421598245,-0.0015702429632149,0.0,2.746664069423537e-05,12.344
8.187000000000001,-0.1049388723293312,0.1564438450855012,2.9097011500077885,9.284980275472709,down,down,down,down,-0.0023803421598245,-0.0015702429632149,0.0,2.746664069423537e-05,12.375
8.203,-0.1023145878474257,0.1663981222789211,2.911384301576614,9.331548959085383,down,down,down,down,-0.0023803421598245,-0.0015702429632149,0.0,2.746664069423537e-05,12.391
8.219000000000001,-0.09758063514113681,0.29825238630287715,2.913008587247934,9.378144102195982,down,down,down,down,-0.0023803421598245,-0.0015702429632149,0.0,2.746664069423537e-05,12.407
8.234000000000002,-0.0929984413645393,0.30785992726631434,2.914461483966175,9.421850127730087,down,down,down,down,-0.0023803421598245,-0.0015702429632149,0.0,2.746664069423537e-05,12.422
8.25,-0.09246634802476271,0.0356361758958589,2.9159703261687007,9.468493582211165,down,down,down,down,-0.0023803421598245,-0.0015702429632149,0.0,2.746664069423537e-05,12.438
8.265,-0.0911875472345116,0.0876337281765721,2.917371284027593,9.512243644287638,down,down,down,down,-0.0023803421598245,-0.0015702429632149,0.0,2.746664069423537e-05,12.453
8.297,-0.0887745171611929,0.0777875319510345,2.9203009248327474,9.605646399629402,down,down,down,down,-0.0023803421598245,-0.0015702429632149,0.0,2.746664069423537e-05,12.485
8.312000000000001,-0.08758935537294481,0.0813911280430297,2.9216472075212017,9.649461010622057,down,down,down,down,-0.0023803421598245,-0.0015702429632149,0.0,2.746664069423537e-05,12.5
8.328,-0.08847400862051201,0.052910485813129,2.9230808383205606,9.696218834988793,down,down,down,down,-0.0023803421598245,-0.0015702429632149,0.0,2.746664069423537e-05,12.516
8.344000000000001,-0.0892725171339937,0.0475264399327768,2.9245279344140083,9.74299970517067,down,down,down,down,-0.0023803421598245,-0.0015702429632149,0.0,2.746664069423537e-05,12.532
8.359000000000002,-0.0857638333471389,0.2362925946167996,2.925864260687065,9.78687764663393,down,down,down,down,-0.0023803421598245,-0.0015702429632149,0.0,2.746664069423537e-05,12.547
8.375,-0.0847761372821321,0.0641113462227504,2.9272537043395106,9.833702590354141,down,down,down,down,-0.0023803421598245,-0.0015702429632149,0.0,2.746664069423537e-05,12.563
8.39,-0.08129415255798911,0.2345126571027072,2.92852278515776,9.877620914025368,down,down,down,down,-0.0023803421598245,-0.0015702429632149,0.0,2.746664069423537e-05,12.578
8.405999999999999,-0.0779214818920515,0.2131722587809246,2.9298216341207715,9.924487669379598,down,down,down,down,-0.0023803421598245,-0.0015702429632149,0.0,2.746664069423537e-05,12.594
8.422,-0.0747290447197777,0.2019076654269367,2.9310679622210776,9.971374786150331,down,down,down,down,-0.0023803421598245,-0.0015702429632149,0.0,2.746664069423537e-05,12.61
8.437000000000001,-0.07093078428531821,0.2555977044571163,2.932183964583064,10.015349175601365,down,down,down,down,-0.0023803421598245,-0.0015702429632149,0.0,2.746664069423537e-05,12.625
8.453,-0.0671834270324894,0.2365901704616255,2.933314002161018,10.062273159335318,down,down,down,down,-0.0023803421598245,-0.0015702429632149,0.0,2.746664069423537e-05,12.641
8.484000000000002,-0.0658706535576652,0.0447278736057646,2.9354250179420247,10.153238614146918,down,down,down,down,-0.0023803421598245,-0.0015702429632149,0.0,2.746664069423537e-05,12.672
8.5,-0.0647073035858092,0.0750897154008222,2.936494765486584,10.200213972414346,down,down,down,down,-0.0023803421598245,-0.0015702429632149,0.0,2.746664069423537e-05,12.688
8.515,-0.0626505535653728,0.1394970101889343,2.937473503059666,10.24426873442844,down,down,down,down,-0.0023803421598245,-0.0015702429632149,0.0,2.746664069423537e-05,12.703
8.530999999999999,-0.0619605255080078,0.045507095745134105,2.938495515579665,10.291276486577555,down,down,down,down,-0.0023803421598245,-0.0015702429632149,0.0,2.746664069423537e-05,12.719
8.547,-0.060846872673323595,0.07198364432758879,2.939503098652527,10.338300475491412,down,down,down,down,-0.0023803421598245,-0.0015702429632149,0.0,2.746664069423537e-05,12.735
8.562000000000001,-0.0598309158044899,0.0701108000820693,2.9404317357105585,10.382399986749137,down,down,down,down,-0.0023803421598245,-0.0015702429632149,0.0,2.746664069423537e-05,12.75
8.578,-0.059752270270991,0.0,2.9414135250865736,10.429454748835514,down,down,down,down,-0.0023803421598245,-0.0015702429632149,0.0,2.746664069423537e-05,12.766
8.609000000000002,-0.0595277833057502,0.0,2.943311043448873,10.520667979647813,down,down,down,down,-0.0023803421598245,-0.0015702429632149,0.0,2.746664069423537e-05,12.797
8.64,-0.0565316097554796,0.0990311018459765,2.9451586415731814,10.611939259765654,down,down,down,down,-0.0023803421598245,-0.0015702429632149,0.0,2.746664069423537e-05,12.828
8.655999999999999,-0.054971593671215395,0.0998813474263337,2.946075791088006,10.659069135226943,down,down,down,down,-0.0023803421598245,-0.0015702429632149,0.0,2.746664069423537e-05,12.844
8.672,-0.0534502375554755,0.0974650993935676,2.9469682896252314,10.706213487872649,down,down,down,down,-0.0023803421598245,-0.0015702429632149,0.0,2.746664069423537e-05,12.86
8.687000000000001,-0.0533361994628834,0.0,2.947792741547317,10.750424195606445,down,down,down,down,-0.0023803421598245,-0.0015702429632149,0.0,2.746664069423537e-05,12.875
8.703,-0.052031834281002894,0.08390316602735469,2.94866080970468,10.797595824016462,down,down,down,down,-0.0023803421598245,-0.0015702429632149,0.0,2.746664069423537e-05,12.891
8.719000000000001,-0.050811576325965994,0.0786464643496297,2.949508680876947,10.844781179941114,down,down,down,down,-0.0023803421598245,-0.0015702429632149,0.0,2.746664069423537e-05,12.907
8.734000000000002,-0.048165628396628093,0.1787768707823459,2.950274563556815,10.88902955427437,down,down,down,down,-0.0023803421598245,-0.0015702429632149,0.0,2.746664069423537e-05,12.922
8.75,-0.0466562724964206,0.0967150859227937,2.9510582626513706,10.936240216884034,down,down,down,down,-0.0023803421598245,-0.0015702429632149,0.0,2.746664069423537e-05,12.938
8.765,-0.045261500897366296,0.09536511543012019,2.9517711995962723,10.980511437850888,down,down,down,down,-0.0023803421598245,-0.0015702429632149,0.0,2.746664069423537e-05,12.953
8.780999999999999,-0.044466071834644794,0.0520946585799152,2.95251414406554,11.027745720600182,down,down,down,down,-0.0023803421598245,-0.0015702429632149,0.0,2.746664069423537e-05,12.969
8.797,-0.0419930922783216,0.1569415644300241,2.953230941265855,11.074991681282834,down,down,down,down,-0.0023803421598245,-0.0015702429632149,0.0,2.746664069423537e-05,12.985
8.812000000000001,-0.0395875220711623,0.1627516893037689,2.9538663495179245,11.119294910963713,down,down,down,down,-0.0023803421598245,-0.0015702429632149,0.0,2.746664069423537e-05,13.0
8.828,-0.038479900722652595,0.0716066764416822,2.9545160127876864,11.166561969862157,down,down,down,down,-0.0023803421598245,-0.0015702429632149,0.0,2.746664069423537e-05,13.016
8.859000000000002,-0.037353416202826395,0.038718552476798604,2.955740106731891,11.258170939714713,down,down,down,down,-0.0023803421598245,-0.0015702429632149,0.0,2.746664069423537e-05,13.047
8.875,-0.0366763802356527,0.0446950901081821,2.9563574689908103,11.305467720320495,down,down,down,down,-0.0023803421598245,-0.0015702429632149,0.0,2.746664069423537e-05,13.063
8.89,-0.0361696980803572,0.0361591525128591,2.9569273682226287,11.349817356599594,down,down,down,down,-0.0023803421598245,-0.0015702429632149,0.0,2.746664069423537e-05,13.078
8.905999999999999,-0.035244665834437,0.0601948575298382,2.9575238070213583,11.397132966001545,down,down,down,down,-0.0023803421598245,-0.0015702429632149,0.0,2.746664069423537e-05,13.094
8.922,-0.035294494264776995,0.0,2.958113244189564,11.444458062411233,down,down,down,down,-0.0023803421598245,-0.0015702429632149,0.0,2.746664069423537e-05,13.11
8.937000000000001,-0.03533542172178979,0.0,2.9586665222039112,11.488833910659185,down,down,down,down,-0.0023803421598245,-0.0015702429632149,0.0,2.746664069423537e-05,13.125
8.953,-0.0355077206395329,0.0,2.9592583912302133,11.536177309966657,down,down,down,down,-0.0023803421598245,-0.0015702429632149,0.0,2.746664069423537e-05,13.141
8.969000000000001,-0.0363801667808907,0.0521475416750405,2.959858618216988,11.583530246042237,down,down,down,down,-0.0023803421598245,-0.0015702429632149,0.0,2.746664069423537e-05,13.157
8.984000000000002,-0.0372422232152516,0.0550900867975653,2.9604343397864072,11.627932443227264,down,down,down,down,-0.0023803421598245,-0.0015702429632149,0.0,2.746664069423537e-05,13.172
9.0,-0.0379334991140343,0.0408244015140945,2.961060869452453,11.675304404901173,down,down,down,down,-0.0023803421598245,-0.0015702429632149,0.0,2.746664069423537e-05,13.188
9.015,-0.038013437881948796,0.0,2.961654025124371,11.719724766610497,down,down,down,down,-0.0023803421598245,-0.0015702429632149,0.0,2.746664069423537e-05,13.203
9.030999999999999,-0.0377433407001355,0.0192614160231529,2.9622852032404388,11.767116280437415,down,down,down,down,-0.0023803421598245,-0.0015702429632149,0.0,2.746664069423537e-05,13.219
9.047,-0.037435711136298594,0.0216071898996305,2.962911759542542,11.814517856139677,down,down,down,down,-0.0023803421598245,-0.0015702429632149,0.0,2.746664069423537e-05,13.235
9.062000000000001,-0.038269784963366894,0.0532245796447225,2.9635031044077373,11.858965967619305,down,down,down,down,-0.0023803421598245,-0.0015702429632149,0.0,2.746664069423537e-05,13.25
9.078,-0.038720350516747694,0.0257800049264789,2.9641441493789897,11.906387145649601,down,down,down,down,-0.0023803421598245,-0.0015702429632149,0.0,2.746664069423537e-05,13.266
9.094000000000001,-0.0390540870916567,0.0184781937719869,2.9647914687672685,11.953818630594771,down,down,down,down,-0.0023803421598245,-0.0015702429632149,0.0,2.746664069423537e-05,13.282
9.109000000000002,-0.037722211714777694,0.0911720339517514,2.965390844652765,11.998294997945424,down,down,down,down,-0.0023803421598245,-0.0015702429632149,0.0,2.746664069423537e-05,13.297
9.14,-0.0355882918388346,0.07121646719025079,2.9665758349897056,12.090240481479878,down,down,down,down,-0.0023803421598245,-0.0015702429632149,0.0,2.746664069423537e-05,13.328
9.155999999999999,-0.0352365610651351,0.024363515516045903,2.967167557700349,12.137710428621398,down,down,down,down,-0.0023803421598245,-0.0015702429632149,0.0,2.746664069423537e-05,13.344
9.172,-0.033107133718557294,0.13546955132093239,2.96773943114603,12.185189684532169,down,down,down,down,-0.0023803421598245,-0.0015702429632149,0.0,2.746664069423537e-05,13.36
9.187000000000001,-0.0296470295078795,0.233053956205008,2.968233641014677,12.229709482573377,down,down,down,down,-0.0023803421598245,-0.0015702429632149,0.0,2.746664069423537e-05,13.375
9.203,-0.0262989744436801,0.2116337836722823,2.9687063329337007,12.277205002364964,down,down,down,down,-0.0023803421598245,-0.0015702429632149,0.0,2.746664069423537e-05,13.391
9.219000000000001,-0.0281108416247751,0.1108613566586091,2.96916673534966,12.32470798691123,down,down,down,down,-0.0023803421598245,-0.0015702429632149,0.0,2.746664069423537e-05,13.407
9.25,-0.027209337022418,0.0314611357842449,2.970072875650551,12.416766200881735,down,down,down,down,-0.0023803421598245,-0.0015702429632149,0.0,2.746664069423537e-05,13.438
9.265,-0.0263541510856946,0.0593927379413891,2.9704981554558096,12.46132048361503,down,down,down,down,-0.0023803421598245,-0.0015702429632149,0.0,2.746664069423537e-05,13.453
9.280999999999999,-0.0274380496462836,0.0653633178769874,2.970953616949077,12.508852097794268,down,down,down,down,-0.0023803421598245,-0.0015702429632149,0.0,2.746664069423537e-05,13.469
9.297,-0.0274341722569016,0.0,2.971417718611714,12.556391068478753,down,down,down,down,-0.0023803421598245,-0.0015702429632149,0.0,2.746664069423537e-05,13.485
9.312000000000001,-0.0254597224149755,0.1340103316215577,2.971837976466201,12.600965486191841,down,down,down,down,-0.0023803421598245,-0.0015702429632149,0.0,2.746664069423537e-05,13.5
9.328,-0.025756805145180202,0.016187328477967798,2.972272832574094,12.648518372664164,down,down,down,down,-0.0023803421598245,-0.0015702429632149,0.0,2.746664069423537e-05,13.516
9.344000000000001,-0.0257887940053507,0.0,2.9727103212547097,12.696078237894794,down,down,down,down,-0.0023803421598245,-0.0015702429632149,0.0,2.746664069423537e-05,13.532
9.375,-0.0258517134200122,0.0,2.9735594266516623,12.788245418987344,down,down,down,down,-0.0023803421598245,-0.0015702429632149,0.0,2.746664069423537e-05,13.563
9.39,-0.0238663129366774,0.134740374382158,2.9739558654937857,12.832851783678434,down,down,down,down,-0.0023803421598245,-0.0015702429632149,0.0,2.746664069423537e-05,13.578
9.405999999999999,-0.0201814728812693,0.23268284562283328,2.9743333716677407,12.880438097575725,down,down,down,down,-0.0023803421598245,-0.0015702429632149,0.0,2.746664069423537e-05,13.594
9.422,-0.0164995446873526,0.2325008542796156,2.9746519436957013,12.928029980098634,down,down,down,down,-0.0023803421598245,-0.0015702429632149,0.0,2.746664069423537e-05,13.61
9.437000000000001,-0.0162327300865019,0.020167982216533903,2.9749209894009536,12.972651777096857,down,down,down,down,-0.0023803421598245,-0.0015702429632149,0.0,2.746664069423537e-05,13.625
9.453,-0.016145226206925,0.0,2.9752051369387127,13.020252786107578,down,down,down,down,-0.0023803421598245,-0.0015702429632149,0.0,2.746664069423537e-05,13.641
9.469000000000001,-0.0159650050226681,0.0136441661758856,2.975487142675961,13.067858324344494,down,down,down,down,-0.0023803421598245,-0.0015702429632149,0.0,2.746664069423537e-05,13.657
9.484000000000002,-0.01478826339204,0.0808297842016939,2.97574134583352,13.112492538008317,down,down,down,down,-0.0023803421598245,-0.0015702429632149,0.0,2.746664069423537e-05,13.672
9.5,-0.0145488268071698,0.017345128714207802,2.9760011664425248,13.160106478106526,down,down,down,down,-0.0023803421598245,-0.0015702429632149,0.0,2.746664069423537e-05,13.688
9.530999999999999,-0.0142706200258402,0.0113547544607801,2.976496545400296,13.252370192640086,down,down,down,down,-0.0023803421598245,-0.0015702429632149,0.0,2.746664069423537e-05,13.719
9.547,-0.016143330716714,0.11466407601978801,2.976764980893648,13.299996284850437,down,down,down,down,-0.0023803421598245,-0.0015702429632149,0.0,2.746664069423537e-05,13.735
9.578,-0.0180223048544264,0.058231726798636196,2.97734322577686,13.392284962053834,down,down,down,down,-0.0023803421598245,-0.0015702429632149,0.0,2.746664069423537e-05,13.766
9.594000000000001,-0.017639010984011,0.0263362090607843,2.977653640190979,13.439924936981573,down,down,down,down,-0.0023803421598245,-0.0015702429632149,0.0,2.746664069423537e-05,13.782
9.609000000000002,-0.0183119099410494,0.0424795883093984,2.9779468257423654,13.484591940476076,down,down,down,down,-0.0023803421598245,-0.0015702429632149,0.0,2.746664069423537e-05,13.797
9.64,-0.0201681483437781,0.057498315992718096,2.97859194417764,13.576918291409834,down,down,down,down,-0.0023803421598245,-0.0015702429632149,0.0,2.746664069423537e-05,13.828
9.655999999999999,-0.0190253190046263,0.07380717585681029,2.9789306158038387,13.624578471889684,down,down,down,down,-0.0023803421598245,-0.0015702429632149,0.0,2.746664069423537e-05,13.844
9.672,-0.0200163211263931,0.059557290450595796,2.979268072812298,13.672244061398613,down,down,down,down,-0.0023803421598245,-0.0015702429632149,0.0,2.746664069423537e-05,13.86
9.703,-0.0216430517462847,0.0500948391270004,2.9799624706236845,13.764612134821874,down,down,down,down,-0.0023803421598245,-0.0015702429632149,0.0,2.746664069423537e-05,13.891
9.719000000000001,-0.0193999426208826,0.142574662497452,2.9803159384660334,13.812294362094589,down,down,down,down,-0.0023803421598245,-0.0015702429632149,0.0,2.746664069423537e-05,13.907
9.734000000000002,-0.0172196008867864,0.14773645776623248,2.9806141386867893,13.857001337673239,down,down,down,down,-0.0023803421598245,-0.0015702429632149,0.0,2.746664069423537e-05,13.922
9.75,-0.018041229376573,0.0489714384518391,2.980921349216308,13.904693621576463,down,down,down,down,-0.0023803421598245,-0.0015702429632149,0.0,2.746664069423537e-05,13.938
9.765,-0.0183321053459444,0.0170113891316027,2.9812177028711746,13.949409664467115,down,down,down,down,-0.0023803421598245,-0.0015702429632149,0.0,2.746664069423537e-05,13.953
9.780999999999999,-0.015922232977573,0.1529973651830383,2.9815168614651744,13.997111540981805,down,down,down,down,-0.0023803421598245,-0.0015702429632149,0.0,2.746664069423537e-05,13.969
9.797,-0.0136608760265524,0.1437151515986111,2.981778650224619,14.044817905075323,down,down,down,down,-0.0023803421598245,-0.0015702429632149,0.0,2.746664069423537e-05,13.985
9.812000000000001,-0.0122967158634211,0.093324353035244,2.981996885808242,14.089546221595569,down,down,down,down,-0.0023803421598245,-0.0015702429632149,0.0,2.746664069423537e-05,14.0
9.828,-0.011974404083233,0.0225248284215772,2.982216178655227,14.137259926111277,down,down,down,down,-0.0023803421598245,-0.0015702429632149,0.0,2.746664069423537e-05,14.016
9.844000000000001,-0.0116471603524797,0.0228330753319072,2.982430275058124,14.184977097740985,down,down,down,down,-0.0023803421598245,-0.0015702429632149,0.0,2.746664069423537e-05,14.032
9.859000000000002,0.0,0.2090561920815206,2.982605285074743,14.22971486444198,down,down,down,down,-0.0023803421598245,-0.0015702429632149,0.0,2.746664069423537e-05,14.047
9.89,0.0,0.025089985586838403,2.982908008323649,14.322180320489654,down,down,down,down,-0.0023803421598245,-0.0015702429632149,0.0,2.746664069423537e-05,14.078
9.905999999999999,0.0,0.0447925476019239,2.9830531918272825,14.369908010090862,down,down,down,down,-0.0023803421598245,-0.0015702429632149,0.0,2.746664069423537e-05,14.094
9.922,0.0,0.0,2.9831941648557883,14.417637988944325,down,down,down,down,-0.0023803421598245,-0.0015702429632149,0.0,2.746664069423537e-05,14.11
9.937000000000001,0.0,0.1646172868106469,2.983346256447492,14.462387042104103,down,down,down,down,-0.0023803421598245,-0.0015702429632149,0.0,2.746664069423537e-05,14.125
9.953,-0.012262015707303701,0.1501407207351589,2.98354804989017,14.510122196554804,down,down,down,down,-0.0023803421598245,-0.0015702429632149,0.0,2.746664069423537e-05,14.141
9.969000000000001,-0.0132997477059718,0.0624779077569303,2.983777667884888,14.557860802297004,down,down,down,down,-0.0023803421598245,-0.0015702429632149,0.0,2.746664069423537e-05,14.157
9.984000000000002,-0.014462211484504599,0.0751172430756923,2.9840094362232645,14.602619205577817,down,down,down,down,-0.0023803421598245,-0.0015702429632149,0.0,2.746664069423537e-05,14.172
10.0,-0.015603953838480702,0.06897855496368331,2.98427508943326,14.65036548178307,down,down,down,down,-0.0023803421598245,-0.0015702429632149,0.0,2.746664069423537e-05,14.188
10.015,-0.0152328641641368,0.027119653782749803,2.9845299192127275,14.695131519347909,down,down,down,down,-0.0023803421598245,-0.0015702429632149,0.0,2.746664069423537e-05,14.203
10.030999999999999,-0.0156817922707919,0.025677664506118497,2.9848023603516185,14.742886177584426,down,down,down,down,-0.0023803421598245,-0.0015702429632149,0.0,2.746664069423537e-05,14.219
10.047,-0.0161476120340485,0.0267333930437096,2.9850821194734687,14.790645253423026,down,down,down,down,-0.0023803421598245,-0.0015702429632149,0.0,2.746664069423537e-05,14.235
10.062000000000001,-0.0127802328166808,0.2268722899843245,2.9853226319542974,14.835423289058738,down,down,down,down,-0.0023803421598245,-0.0015702429632149,0.0,2.746664069423537e-05,14.25
10.078,-0.0130091829736525,0.0119290426509044,2.9855540711680315,14.883190302683715,down,down,down,down,-0.0023803421598245,-0.0015702429632149,0.0,2.746664069423537e-05,14.266
10.094000000000001,-0.013404903792000801,0.0223522089869421,2.9857905077495683,14.930961059315056,down,down,down,down,-0.0023803421598245,-0.0015702429632149,0.0,2.746664069423537e-05,14.282
10.125,-0.0137933904426433,0.010151485280256,2.986260758842065,15.023527853947227,down,down,down,down,-0.0023803421598245,-0.0015702429632149,0.0,2.746664069423537e-05,14.313
10.14,-0.0102648357968409,0.2376173185466683,2.9864647491833094,15.068323295257413,down,down,down,down,-0.0023803421598245,-0.0015702429632149,0.0,2.746664069423537e-05,14.328
10.155999999999999,-0.0106328852634601,0.020622749503873498,2.986657054839203,15.116108269689594,down,down,down,down,-0.0023803421598245,-0.0015702429632149,0.0,2.746664069423537e-05,14.344
10.172,-0.0109761479213226,0.019073573956585,2.9868550509920926,15.163896366536244,down,down,down,down,-0.0023803421598245,-0.0015702429632149,0.0,2.746664069423537e-05,14.36
10.187000000000001,-0.01259648135267,0.10564188659666311,2.9870553993560955,15.208700694913857,down,down,down,down,-0.0023803421598245,-0.0015702429632149,0.0,2.746664069423537e-05,14.375
10.203,-0.0111567667127748,0.0923625071532762,2.9872705492280307,15.256495302502529,down,down,down,down,-0.0023803421598245,-0.0015702429632149,0.0,2.746664069423537e-05,14.391
10.219000000000001,-0.0120952087716848,0.0562722865220521,2.987481688919318,15.304293320407707,down,down,down,down,-0.0023803421598245,-0.0015702429632149,0.0,2.746664069423537e-05,14.407
10.25,-0.0122461556875262,0.0,2.9879076576002954,15.396911855278763,down,down,down,down,-0.0023803421598245,-0.0015702429632149,0.0,2.746664069423537e-05,14.438
10.265,-0.0114351577737981,0.0564468697417004,2.9881088210957034,15.44173197886898,down,down,down,down,-0.0023803421598245,-0.0015702429632149,0.0,2.746664069423537e-05,14.453
10.280999999999999,-0.010656526976099201,0.0510447670160062,2.988310678461114,15.489543334865433,down,down,down,down,-0.0023803421598245,-0.0015702429632149,0.0,2.746664069423537e-05,14.469
10.297,-0.011257015664517301,0.035150200866307296,2.9885111106896507,15.537357909178642,down,down,down,down,-0.0023803421598245,-0.0015702429632149,0.0,2.746664069423537e-05,14.485
10.312000000000001,0.0,0.1163481160101965,2.9886906981945085,15.582186922745274,down,down,down,down,-0.0023803421598245,-0.0015702429632149,0.0,2.746664069423537e-05,14.5
10.328,0.0,0.1058815448502502,2.988855333912884,15.630007291002132,down,down,down,down,-0.0023803421598245,-0.0015702429632149,0.0,2.746664069423537e-05,14.516
10.344000000000001,0.0,0.028592074582944802,2.9890033663755644,15.677830160604442,down,down,down,down,-0.0023803421598245,-0.0015702429632149,0.0,2.746664069423537e-05,14.532
10.359000000000002,0.0,0.1336992653589131,2.989154310357282,15.722666343179938,down,down,down,down,-0.0023803421598245,-0.0015702429632149,0.0,2.746664069423537e-05,14.547
