timestamps,aAcc,aJerk,aVelocity,aHeight,jerks_direction,accelerations_direction,velocities_direction,heights_direction,start_jerks,start_accelerations,start_velocities,start_heights,actual_timestamps
0.0,0.0,0.0,0.0,0.0,down,up,up,down,0.02026914912855,-0.0033133071621396,-2.8182763596284763,-29.964289783561853,18.828
0.01600000000000179,0.0,0.020111249170123798,0.0,0.04509280450785269,down,up,up,down,0.02026914912855,-0.0033133071621396,-2.8182763596284763,-29.964289783561853,18.844
0.03100000000000236,0.0,0.16410670293773422,0.0,0.08736781206084743,down,up,up,down,0.02026914912855,-0.0033133071621396,-2.8182763596284763,-29.964289783561853,18.859
0.0470000000000006,0.0,0.07100162777953009,0.0,0.13246120152027885,down,up,up,down,0.02026914912855,-0.0033133071621396,-2.8182763596284763,-29.964289783561853,18.875
0.06299999999999883,0.0,0.0649921036840667,0.0,0.17755419809361683,down,up,up,down,0.02026914912855,-0.0033133071621396,-2.8182763596284763,-29.964289783561853,18.891
0.0779999999999994,0.0,0.06366307118891609,0.0,0.21982821383301498,down,up,up,down,0.02026914912855,-0.0033133071621396,-2.8182763596284763,-29.964289783561853,18.906
0.0940000000000012,0.0,0.0398419038164388,0.0,0.2649195557555082,down,up,up,down,0.02026914912855,-0.0033133071621396,-2.8182763596284763,-29.964289783561853,18.922
0.10900000000000176,0.0,0.1216975360913928,0.0,0.3071918561141267,down,up,up,down,0.02026914912855,-0.0033133071621396,-2.8182763596284763,-29.964289783561853,18.937
0.125,0.0,0.1125346044260623,0.0,0.3522817308881834,down,up,up,down,0.02026914912855,-0.0033133071621396,-2.8182763596284763,-29.964289783561853,18.953
0.1410000000000018,0.0,0.0990489749702428,0.0,0.3973713688575984,down,up,up,down,0.02026914912855,-0.0033133071621396,-2.8182763596284763,-29.964289783561853,18.969
0.15600000000000236,0.0,0.0561730885262898,0.0,0.4396429496551235,down,up,up,down,0.02026914912855,-0.0033133071621396,-2.8182763596284763,-29.964289783561853,18.984
0.1720000000000006,0.0,0.055062710368363604,0.0,0.4847328692884538,down,up,up,down,0.02026914912855,-0.0033133071621396,-2.8182763596284763,-29.964289783561853,19.0
0.2029999999999994,0.0,0.0175943192325074,0.0,0.5720955811992674,down,up,up,down,0.02026914912855,-0.0033133071621396,-2.8182763596284763,-29.964289783561853,19.031
0.2190000000000012,0.0,0.0155865313562392,0.0,0.6171865456937518,down,up,up,down,0.02026914912855,-0.0033133071621396,-2.8182763596284763,-29.964289783561853,19.047
0.23400000000000176,0.0,0.0946694734207036,0.0,0.6594597006626515,down,up,up,down,0.02026914912855,-0.0033133071621396,-2.8182763596284763,-29.964289783561853,19.062
0.25,0.0,0.1048367514085983,0.0,0.7045516914193328,down,up,up,down,0.02026914912855,-0.0033133071621396,-2.8182763596284763,-29.964289783561853,19.078
0.2660000000000018,0.0,0.0304002726593143,0.0,0.749644577704121,down,up,up,down,0.02026914912855,-0.0033133071621396,-2.8182763596284763,-29.964289783561853,19.094
0.28100000000000236,0.0,0.0312989217908091,0.0,0.791920078411728,down,up,up,down,0.02026914912855,-0.0033133071621396,-2.8182763596284763,-29.964289783561853,19.109
0.2970000000000006,0.0,0.17920554298767788,0.0,0.8370151212721275,down,up,up,down,0.02026914912855,-0.0033133071621396,-2.8182763596284763,-29.964289783561853,19.125
0.31299999999999883,0.0,0.1010626970918927,0.0,0.8821115837437858,down,up,up,down,0.02026914912855,-0.0033133071621396,-2.8182763596284763,-29.964289783561853,19.141
0.3279999999999994,0.0,0.1082421941462589,0.0,0.9243906239484758,down,up,up,down,0.02026914912855,-0.0033133071621396,-2.8182763596284763,-29.964289783561853,19.156
0.3440000000000012,0.0,0.0822465985424999,0.0,0.9694889712850987,down,up,up,down,0.02026914912855,-0.0033133071621396,-2.8182763596284763,-29.964289783561853,19.172
0.375,0.0,0.018457022723775602,0.0,1.0568677772367785,down,up,up,down,0.02026914912855,-0.0033133071621396,-2.8182763596284763,-29.964289783561853,19.203
0.3910000000000018,0.0,0.04722773101151459,0.0,1.1019665792531974,down,up,up,down,0.02026914912855,-0.0033133071621396,-2.8182763596284763,-29.964289783561853,19.219
0.40600000000000236,0.0,0.05319572704416389,0.0,1.1442464477958083,down,up,up,down,0.02026914912855,-0.0033133071621396,-2.8182763596284763,-29.964289783561853,19.234
0.4220000000000006,0.0,0.1483307825576081,0.0,1.189344619636035,down,up,up,down,0.02026914912855,-0.0033133071621396,-2.8182763596284763,-29.964289783561853,19.25
0.43799999999999883,0.0,0.082112311752477,0.0,1.2344426785483869,down,up,up,down,0.02026914912855,-0.0033133071621396,-2.8182763596284763,-29.964289783561853,19.266
0.4529999999999994,0.0,0.0877339066658418,0.0,1.2767222954109698,down,up,up,down,0.02026914912855,-0.0033133071621396,-2.8182763596284763,-29.964289783561853,19.281
0.4690000000000012,0.0,0.014898970695278001,0.0,1.3218209398327936,down,up,up,down,0.02026914912855,-0.0033133071621396,-2.8182763596284763,-29.964289783561853,19.297
0.48400000000000176,0.0,0.12124810009314178,0.0,1.364101209113013,down,up,up,down,0.02026914912855,-0.0033133071621396,-2.8182763596284763,-29.964289783561853,19.312
0.5,0.0,0.011642541577583501,0.0,1.409200186443158,down,up,up,down,0.02026914912855,-0.0033133071621396,-2.8182763596284763,-29.964289783561853,19.328
0.5160000000000018,0.0,0.054514155525710595,0.0,1.4542989625258862,down,up,up,down,0.02026914912855,-0.0033133071621396,-2.8182763596284763,-29.964289783561853,19.344
0.5310000000000024,0.0,0.12664858763688022,0.0,1.4965786134918666,down,up,up,down,0.02026914912855,-0.0033133071621396,-2.8182763596284763,-29.964289783561853,19.359
0.5629999999999988,0.0,0.04733223730914529,0.0,1.5867719636908646,down,up,up,down,0.02026914912855,-0.0033133071621396,-2.8182763596284763,-29.964289783561853,19.391
0.5779999999999994,0.0,0.0345980047125609,0.0,1.6290482232995984,down,up,up,down,0.02026914912855,-0.0033133071621396,-2.8182763596284763,-29.964289783561853,19.406
0.5940000000000012,0.0,0.039384674974761696,0.0,1.6741414511075199,down,up,up,down,0.02026914912855,-0.0033133071621396,-2.8182763596284763,-29.964289783561853,19.422
0.6090000000000018,0.0,0.15695881343518878,0.0,1.7164151554684501,down,up,up,down,0.02026914912855,-0.0033133071621396,-2.8182763596284763,-29.964289783561853,19.437
0.6410000000000018,0.0,0.0281973656926048,0.0,1.8065957725633908,down,up,up,down,0.02026914912855,-0.0033133071621396,-2.8182763596284763,-29.964289783561853,19.469
0.6560000000000024,0.0,0.0824513111705566,0.0,1.848866250911037,down,up,up,down,0.02026914912855,-0.0033133071621396,-2.8182763596284763,-29.964289783561853,19.484
0.6720000000000006,0.0108079445153119,0.035292657808899106,0.0,1.8939531585008247,down,up,up,down,0.02026914912855,-0.0033133071621396,-2.8182763596284763,-29.964289783561853,19.5
0.6879999999999988,0.010183500102224099,0.059296924946544496,0.0,1.9390382443231786,down,up,up,down,0.02026914912855,-0.0033133071621396,-2.8182763596284763,-29.964289783561853,19.516
0.7029999999999994,0.011079982998934201,0.0394963773187932,0.0,1.9813038270679577,down,up,up,down,0.02026914912855,-0.0033133071621396,-2.8182763596284763,-29.964289783561853,19.531
0.7190000000000012,0.011985420215927,0.0363206769334915,0.0,2.026385185034446,down,up,up,down,0.02026914912855,-0.0033133071621396,-2.8182763596284763,-29.964289783561853,19.547
0.7340000000000018,0.0,0.18681872480570988,0.0,2.0686471367141763,down,up,up,down,0.02026914912855,-0.0033133071621396,-2.8182763596284763,-29.964289783561853,19.562
0.75,0.0,0.1634581167661077,0.0,2.1137250174504842,down,up,up,down,0.02026914912855,-0.0033133071621396,-2.8182763596284763,-29.964289783561853,19.578
0.7660000000000018,0.0,0.16063055377122018,0.0,2.1588019012828212,down,up,up,down,0.02026914912855,-0.0033133071621396,-2.8182763596284763,-29.964289783561853,19.594
0.7810000000000024,0.0,0.0934691255683926,0.0,2.201060868544758,down,up,up,down,0.02026914912855,-0.0033133071621396,-2.8182763596284763,-29.964289783561853,19.609
0.7970000000000006,0.0,0.0393591260394652,0.0,2.2461363931052816,down,up,up,down,0.02026914912855,-0.0033133071621396,-2.8182763596284763,-29.964289783561853,19.625
0.8129999999999988,0.0,0.0390259813860458,0.0,2.2912111396739903,down,up,up,down,0.02026914912855,-0.0033133071621396,-2.8182763596284763,-29.964289783561853,19.641
0.8279999999999994,0.0,0.0715422009978382,0.0,2.3334679826204194,down,up,up,down,0.02026914912855,-0.0033133071621396,-2.8182763596284763,-29.964289783561853,19.656
0.8590000000000018,0.0,0.025606966341932103,0.0,2.420796057404054,down,up,up,down,0.02026914912855,-0.0033133071621396,-2.8182763596284763,-29.964289783561853,19.687
0.875,0.0,0.0,0.0,2.4658670783926695,down,up,up,down,0.02026914912855,-0.0033133071621396,-2.8182763596284763,-29.964289783561853,19.703
0.8910000000000018,0.0,0.0,0.0,2.5109369798119516,down,up,up,down,0.02026914912855,-0.0033133071621396,-2.8182763596284763,-29.964289783561853,19.719
0.9060000000000024,0.0,0.12183105566521961,0.0,2.5531890132651895,down,up,up,down,0.02026914912855,-0.0033133071621396,-2.8182763596284763,-29.964289783561853,19.734
0.9379999999999988,0.0,0.0673714107572394,0.0,2.6433244527217568,down,up,up,down,0.02026914912855,-0.0033133071621396,-2.8182763596284763,-29.964289783561853,19.766
0.9529999999999994,0.0,0.1111158652809099,0.0,2.685574538163955,down,up,up,down,0.02026914912855,-0.0033133071621396,-2.8182763596284763,-29.964289783561853,19.781
0.9690000000000012,0.0,0.10297871323116829,0.0,2.730640370042039,down,up,up,down,0.02026914912855,-0.0033133071621396,-2.8182763596284763,-29.964289783561853,19.797
0.9840000000000018,0.0,0.04524921909697309,0.0,2.772888331387861,down,up,up,down,0.02026914912855,-0.0033133071621396,-2.8182763596284763,-29.964289783561853,19.812
1.0,0.0127831298808835,0.1555807886790844,0.0,2.8179510516427797,down,up,up,down,0.02026914912855,-0.0033133071621396,-2.8182763596284763,-29.964289783561853,19.828
1.0160000000000018,0.0119661095376865,0.071332920578355,0.0,2.8630115799827323,down,up,up,down,0.02026914912855,-0.0033133071621396,-2.8182763596284763,-29.964289783561853,19.844
1.0310000000000024,0.0111664704732436,0.0735784200914089,0.0,2.905253809483355,down,up,up,down,0.02026914912855,-0.0033133071621396,-2.8182763596284763,-29.964289783561853,19.859
1.0470000000000006,0.0,0.11952405234339021,0.0,2.9503102936915226,down,up,up,down,0.02026914912855,-0.0033133071621396,-2.8182763596284763,-29.964289783561853,19.875
1.0629999999999988,0.0,0.08984134398681601,0.0,2.9953651436428785,down,up,up,down,0.02026914912855,-0.0033133071621396,-2.8182763596284763,-29.964289783561853,19.891
1.0779999999999994,0.0,0.0917019308088242,0.0,3.037602861130715,down,up,up,down,0.02026914912855,-0.0033133071621396,-2.8182763596284763,-29.964289783561853,19.906
1.0940000000000012,0.0,0.0699892425562853,0.0,3.082655401126324,down,up,up,down,0.02026914912855,-0.0033133071621396,-2.8182763596284763,-29.964289783561853,19.922
1.1090000000000018,0.0,0.0,0.0,3.12489133203335,down,up,up,down,0.02026914912855,-0.0033133071621396,-2.8182763596284763,-29.964289783561853,19.937
1.1410000000000018,0.0,0.011842451880063101,0.0,3.2149919562377676,down,up,up,down,0.02026914912855,-0.0033133071621396,-2.8182763596284763,-29.964289783561853,19.969
1.1560000000000024,0.0,0.016811094075550297,0.0,3.2572252850353607,down,up,up,down,0.02026914912855,-0.0033133071621396,-2.8182763596284763,-29.964289783561853,19.984
1.1720000000000006,0.0105901739078894,0.162206638832071,0.0,3.3022729350041047,down,up,up,down,0.02026914912855,-0.0033133071621396,-2.8182763596284763,-29.964289783561853,20.0
1.1879999999999988,0.0100360042855829,0.0549047505227155,0.0,3.347318944417026,down,up,up,down,0.02026914912855,-0.0033133071621396,-2.8182763596284763,-29.964289783561853,20.016
1.2029999999999994,0.0,0.057888985266777396,0.0,3.3895480137061256,down,up,up,down,0.02026914912855,-0.0033133071621396,-2.8182763596284763,-29.964289783561853,20.031
1.2190000000000012,0.0,0.0752812647315364,0.0,3.4345908494726203,down,up,up,down,0.02026914912855,-0.0033133071621396,-2.8182763596284763,-29.964289783561853,20.047
1.2340000000000018,0.0,0.1292840673999824,0.0,3.4768173199905803,down,up,up,down,0.02026914912855,-0.0033133071621396,-2.8182763596284763,-29.964289783561853,20.062
1.2660000000000018,0.0,0.0169614849144695,0.0,3.5668974942498934,down,up,up,down,0.02026914912855,-0.0033133071621396,-2.8182763596284763,-29.964289783561853,20.094
1.2810000000000024,0.0,0.0696717541001453,0.0,3.6091211912861496,down,up,up,down,0.02026914912855,-0.0033133071621396,-2.8182763596284763,-29.964289783561853,20.109
1.2970000000000006,0.0,0.06440388207420139,0.0,3.6541585314104665,down,up,up,down,0.02026914912855,-0.0033133071621396,-2.8182763596284763,-29.964289783561853,20.125
1.3129999999999988,0.0,0.0187612859850926,0.0,3.6991943048023472,down,up,up,down,0.02026914912855,-0.0033133071621396,-2.8182763596284763,-29.964289783561853,20.141
1.3279999999999994,0.0,0.0737053837582481,0.0,3.7414138830274553,down,up,up,down,0.02026914912855,-0.0033133071621396,-2.8182763596284763,-29.964289783561853,20.156
1.3440000000000012,0.0,0.0313731236005796,0.0,3.7864465913543057,down,up,up,down,0.02026914912855,-0.0033133071621396,-2.8182763596284763,-29.964289783561853,20.172
1.3590000000000018,0.010628153922445,0.033949440579054996,0.0,3.8286632476258333,down,up,up,down,0.02026914912855,-0.0033133071621396,-2.8182763596284763,-29.964289783561853,20.187
1.3910000000000018,0.0119823308913744,0.0220488811504926,0.0,3.9187196978311505,down,up,up,down,0.02026914912855,-0.0033133071621396,-2.8182763596284763,-29.964289783561853,20.219
1.4060000000000024,0.0133561213587043,0.071316882026772,0.0,3.960930688259552,down,up,up,down,0.02026914912855,-0.0033133071621396,-2.8182763596284763,-29.964289783561853,20.234
1.4220000000000006,0.0138095177449741,0.0,0.0,4.005953307508648,down,up,up,down,0.02026914912855,-0.0033133071621396,-2.8182763596284763,-29.964289783561853,20.25
1.4379999999999988,0.014820464142561,0.04291500072063939,0.0,4.050973204044631,down,up,up,down,0.02026914912855,-0.0033133071621396,-2.8182763596284763,-29.964289783561853,20.266
1.4529999999999994,0.0157614359375486,0.04246230387061639,0.0,4.0931766893602415,down,up,up,down,0.02026914912855,-0.0033133071621396,-2.8182763596284763,-29.964289783561853,20.281
1.4690000000000012,0.0181615532825585,0.12973818493455122,0.0,4.138190556078428,down,up,up,down,0.02026914912855,-0.0033133071621396,-2.8182763596284763,-29.964289783561853,20.297
1.4840000000000018,0.0182163474818057,0.0166162025120666,0.0,4.18038774483437,down,up,up,down,0.02026914912855,-0.0033133071621396,-2.8182763596284763,-29.964289783561853,20.312
1.5,0.020702754081531403,0.13513126335432052,0.0,4.225394227710993,down,up,up,down,0.02026914912855,-0.0033133071621396,-2.8182763596284763,-29.964289783561853,20.328
1.5160000000000018,0.023116920240481002,0.1306162358057848,0.0,4.270396263512609,down,up,up,down,0.02026914912855,-0.0033133071621396,-2.8182763596284763,-29.964289783561853,20.344
1.5470000000000006,0.0247483864795707,0.032358794067894506,0.0,4.357573188342933,down,up,up,down,0.02026914912855,-0.0033133071621396,-2.8182763596284763,-29.964289783561853,20.375
1.5629999999999988,0.0263056965460233,0.0770627300247447,0.0,4.402559773234991,down,up,up,down,0.02026914912855,-0.0033133071621396,-2.8182763596284763,-29.964289783561853,20.391
1.5779999999999994,0.0270494084517469,0.029311644586357603,0.0,4.444729402445567,down,up,up,down,0.02026914912855,-0.0033133071621396,-2.8182763596284763,-29.964289783561853,20.406
1.5940000000000012,0.030072705445050397,0.1686869129528978,0.0,4.489704304848779,down,up,up,down,0.02026914912855,-0.0033133071621396,-2.8182763596284763,-29.964289783561853,20.422
1.625,0.0330138038779974,0.0746049938697435,0.0,4.576823352323267,down,up,up,down,0.02026914912855,-0.0033133071621396,-2.8182763596284763,-29.964289783561853,20.453
1.6410000000000018,0.0346756887632419,0.08359865619922249,0.0,4.621777112936336,down,up,up,down,0.02026914912855,-0.0033133071621396,-2.8182763596284763,-29.964289783561853,20.469
1.6560000000000024,0.0367478483651026,0.11787482432882408,0.0,4.663913954911479,down,up,up,down,0.02026914912855,-0.0033133071621396,-2.8182763596284763,-29.964289783561853,20.484
1.6720000000000006,0.0386583979499768,0.09914019992609639,0.0,4.7088516299731396,down,up,up,down,0.02026914912855,-0.0033133071621396,-2.8182763596284763,-29.964289783561853,20.5
1.6879999999999988,0.0404950508732486,0.0945216585759527,0.010527001478334075,4.753780261420943,down,up,up,down,0.02026914912855,-0.0033133071621396,-2.8182763596284763,-29.964289783561853,20.516
1.7029999999999994,0.0445129146568827,0.2475884364470473,0.011114861612377958,4.7958920928421875,down,up,up,down,0.02026914912855,-0.0033133071621396,-2.8182763596284763,-29.964289783561853,20.531
1.7190000000000012,0.048418076907887804,0.2238034915592428,0.011805296630301942,4.840801153330304,down,up,up,down,0.02026914912855,-0.0033133071621396,-2.8182763596284763,-29.964289783561853,20.547
1.75,0.0523012026333571,0.10499297104788151,0.013263732941164896,4.927779150520422,down,up,up,down,0.02026914912855,-0.0033133071621396,-2.8182763596284763,-29.964289783561853,20.578
1.7660000000000018,0.0566438753626154,0.25114789645006763,0.014082280650538515,4.972652804165747,down,up,up,down,0.02026914912855,-0.0033133071621396,-2.8182763596284763,-29.964289783561853,20.594
1.7810000000000024,0.061015435354843,0.2711681836866125,0.014915025873487586,5.014709469761243,down,up,up,down,0.02026914912855,-0.0033133071621396,-2.8182763596284763,-29.964289783561853,20.609
1.7970000000000006,0.0628368285967439,0.09356792849026829,0.015852831070505946,5.05955574865974,down,up,up,down,0.02026914912855,-0.0033133071621396,-2.8182763596284763,-29.964289783561853,20.625
1.8129999999999988,0.0653088595025277,0.1342327824829507,0.01682498366070595,5.104386747895944,down,up,up,down,0.02026914912855,-0.0033133071621396,-2.8182763596284763,-29.964289783561853,20.641
1.8279999999999994,0.06777564235798819,0.1441830412354795,0.017773417817227966,5.146401405279292,down,up,up,down,0.02026914912855,-0.0033133071621396,-2.8182763596284763,-29.964289783561853,20.656
1.8440000000000012,0.0691703489426362,0.06690001241194149,0.01881597283303904,5.19120111190815,down,up,up,down,0.02026914912855,-0.0033133071621396,-2.8182763596284763,-29.964289783561853,20.672
1.875,0.07250590109989999,0.0873293075573824,0.020909242186672117,5.277951938223822,down,up,up,down,0.02026914912855,-0.0033133071621396,-2.8182763596284763,-29.964289783561853,20.703
1.8910000000000018,0.075798620604484,0.18552581990792602,0.022042665445713094,5.322700744716826,down,up,up,down,0.02026914912855,-0.0033133071621396,-2.8182763596284763,-29.964289783561853,20.719
1.9060000000000024,0.07949777449086419,0.2263411099634541,0.023157688801496157,5.364635887454398,down,up,up,down,0.02026914912855,-0.0033133071621396,-2.8182763596284763,-29.964289783561853,20.734
1.9220000000000006,0.08320817516835169,0.21163089321444511,0.024406323484175374,5.409347797110165,down,up,up,down,0.02026914912855,-0.0033133071621396,-2.8182763596284763,-29.964289783561853,20.75
1.9379999999999988,0.08578367203743109,0.14069940518893212,0.02570524534722729,5.454039326313563,down,up,up,down,0.02026914912855,-0.0033133071621396,-2.8182763596284763,-29.964289783561853,20.766
1.9529999999999994,0.0882577849391949,0.14467171098903062,0.026960856667119337,5.4959184759428865,down,up,up,down,0.02026914912855,-0.0033133071621396,-2.8182763596284763,-29.964289783561853,20.781
1.9690000000000012,0.08958470883384169,0.062663594286861,0.028330583702710133,5.540568566173988,down,up,up,down,0.02026914912855,-0.0033133071621396,-2.8182763596284763,-29.964289783561853,20.797
1.9840000000000018,0.09263307516651219,0.18295527304948112,0.02964751747528016,5.582407875809579,down,up,up,down,0.02026914912855,-0.0033133071621396,-2.8182763596284763,-29.964289783561853,20.812
2.0,0.09560452919742339,0.1654467278034171,0.031100405395597885,5.627014314180663,down,up,up,down,0.02026914912855,-0.0033133071621396,-2.8182763596284763,-29.964289783561853,20.828
2.016000000000002,0.09845902714585529,0.15813697264842722,0.032599900931749914,5.671597133484106,down,up,up,down,0.02026914912855,-0.0033133071621396,-2.8182763596284763,-29.964289783561853,20.844
2.0470000000000006,0.10314807119500269,0.130990336327823,0.035622098434006766,5.757906259642418,down,up,up,down,0.02026914912855,-0.0033133071621396,-2.8182763596284763,-29.964289783561853,20.875
2.062999999999999,0.10802755451794599,0.2846985585554399,0.03725849052511654,5.802415636684799,down,up,up,down,0.02026914912855,-0.0033133071621396,-2.8182763596284763,-29.964289783561853,20.891
2.0779999999999994,0.1117636809708901,0.228805947734379,0.038857225183850375,5.844118914211407,down,up,up,down,0.02026914912855,-0.0033133071621396,-2.8182763596284763,-29.964289783561853,20.906
2.094000000000001,0.1167421553329788,0.2908854985019556,0.04063225895968747,5.888575420092316,down,up,up,down,0.02026914912855,-0.0033133071621396,-2.8182763596284763,-29.964289783561853,20.922
2.1090000000000018,0.1215218526092787,0.2983773359580978,0.0423695394118222,5.930227051998955,down,up,up,down,0.02026914912855,-0.0033133071621396,-2.8182763596284763,-29.964289783561853,20.937
2.125,0.1249168564377498,0.1919185901509191,0.044288036169604084,5.974626213148355,down,up,up,down,0.02026914912855,-0.0033133071621396,-2.8182763596284763,-29.964289783561853,20.953
2.1560000000000024,0.1288835016616651,0.1076871484170958,0.04811922919811895,6.0605604676836435,down,up,up,down,0.02026914912855,-0.0033133071621396,-2.8182763596284763,-29.964289783561853,20.984
2.1720000000000006,0.1322935952257839,0.1928616986288991,0.050155633058623916,6.104866690539637,down,up,up,down,0.02026914912855,-0.0033133071621396,-2.8182763596284763,-29.964289783561853,21.0
2.187999999999999,0.1356208452365894,0.18768397654681482,0.05224593566772828,6.149139899743879,down,up,up,down,0.02026914912855,-0.0033133071621396,-2.8182763596284763,-29.964289783561853,21.016
2.2029999999999994,0.138859222867488,0.1956226929313502,0.054254836571076215,6.190615289346518,down,up,up,down,0.02026914912855,-0.0033133071621396,-2.8182763596284763,-29.964289783561853,21.031
2.219000000000001,0.144874781779027,0.3557032828425911,0.05647169569365529,6.234821898842469,down,up,up,down,0.02026914912855,-0.0033133071621396,-2.8182763596284763,-29.964289783561853,21.047
2.2340000000000018,0.1494709627494046,0.28614291556327953,0.058629589170186236,6.27623278460041,down,up,up,down,0.02026914912855,-0.0033133071621396,-2.8182763596284763,-29.964289783561853,21.062
2.25,0.1549994908592981,0.3252638577398363,0.06101233988446131,6.320368070922029,down,up,up,down,0.02026914912855,-0.0033133071621396,-2.8182763596284763,-29.964289783561853,21.078
2.266000000000002,0.16044273978481619,0.3199339087162908,0.06348286481502008,6.364464531038486,down,up,up,down,0.02026914912855,-0.0033133071621396,-2.8182763596284763,-29.964289783561853,21.094
2.2810000000000024,0.16267064159240968,0.1282576380443422,0.06585651556791738,6.4057686310800435,down,up,up,down,0.02026914912855,-0.0033133071621396,-2.8182763596284763,-29.964289783561853,21.109
2.2970000000000006,0.16783069731688188,0.3022343336509981,0.06844751336459654,6.449786620602637,down,up,up,down,0.02026914912855,-0.0033133071621396,-2.8182763596284763,-29.964289783561853,21.125
2.312999999999999,0.1728470959485885,0.293255765353151,0.07111992279612611,6.493762502867405,down,up,up,down,0.02026914912855,-0.0033133071621396,-2.8182763596284763,-29.964289783561853,21.141
2.3279999999999994,0.17680003327259539,0.2432600058052274,0.07369257665785289,6.53495055451593,down,up,up,down,0.02026914912855,-0.0033133071621396,-2.8182763596284763,-29.964289783561853,21.156
2.3590000000000018,0.181800793860436,0.1410457085437152,0.0791481769563891,6.619948089983396,down,up,up,down,0.02026914912855,-0.0033133071621396,-2.8182763596284763,-29.964289783561853,21.187
2.375,0.186638344066873,0.28207773877379944,0.08204267714521318,6.663750984904624,down,up,up,down,0.02026914912855,-0.0033133071621396,-2.8182763596284763,-29.964289783561853,21.203
2.391000000000002,0.1918467443351481,0.3052558676386055,0.08501754493783542,6.707506924882026,down,up,up,down,0.02026914912855,-0.0033133071621396,-2.8182763596284763,-29.964289783561853,21.219
2.4060000000000024,0.1978807139740865,0.3819954934673301,0.08789080126772264,6.7484842576799124,down,up,up,down,0.02026914912855,-0.0033133071621396,-2.8182763596284763,-29.964289783561853,21.234
2.4220000000000006,0.2017598169560326,0.2221747872431046,0.09103491260056895,6.7921452737230155,down,up,up,down,0.02026914912855,-0.0033133071621396,-2.8182763596284763,-29.964289783561853,21.25
2.437999999999999,0.2055363315387914,0.2157630122939041,0.09424026887393255,6.835755494025264,down,up,up,down,0.02026914912855,-0.0033133071621396,-2.8182763596284763,-29.964289783561853,21.266
2.4529999999999994,0.2095678024007874,0.2484955750045036,0.09730385027104793,6.876593058526119,down,up,up,down,0.02026914912855,-0.0033133071621396,-2.8182763596284763,-29.964289783561853,21.281
2.469000000000001,0.21449308451597018,0.2875609830703429,0.10064332445178792,6.9201019028823865,down,up,up,down,0.02026914912855,-0.0033133071621396,-2.8182763596284763,-29.964289783561853,21.297
2.4840000000000018,0.2192667802583922,0.29797723369957363,0.10384682383016353,6.960842372164699,down,up,up,down,0.02026914912855,-0.0033133071621396,-2.8182763596284763,-29.964289783561853,21.312
2.5,0.2233999128223693,0.23805163612004543,0.1073351444602153,7.004245338172424,down,up,up,down,0.02026914912855,-0.0033133071621396,-2.8182763596284763,-29.964289783561853,21.328
2.516000000000002,0.2274721564449073,0.23424607728004632,0.11088910809975916,7.047591965906008,down,up,up,down,0.02026914912855,-0.0033133071621396,-2.8182763596284763,-29.964289783561853,21.344
2.5310000000000024,0.2313768768980235,0.2400455477458524,0.11428077624239918,7.0881773371678705,down,up,up,down,0.02026914912855,-0.0033133071621396,-2.8182763596284763,-29.964289783561853,21.359
2.5470000000000006,0.2359898354925977,0.26804076303237073,0.11796669702692952,7.131411779135767,down,up,up,down,0.02026914912855,-0.0033133071621396,-2.8182763596284763,-29.964289783561853,21.375
2.562999999999999,0.2404833588583574,0.2605760612314621,0.1217254696671426,7.174586663556269,down,up,up,down,0.02026914912855,-0.0033133071621396,-2.8182763596284763,-29.964289783561853,21.391
2.5779999999999994,0.2448789977778229,0.2727734455024711,0.12531598773448183,7.215007998020184,down,up,up,down,0.02026914912855,-0.0033133071621396,-2.8182763596284763,-29.964289783561853,21.406
2.6090000000000018,0.2472580660039831,0.056474987199192,0.132841399701074,7.298373125663424,down,up,up,down,0.02026914912855,-0.0033133071621396,-2.8182763596284763,-29.964289783561853,21.437
2.625,0.2502628338981054,0.1675288442541141,0.13676855398569598,7.3413086677879775,down,up,up,down,0.02026914912855,-0.0033133071621396,-2.8182763596284763,-29.964289783561853,21.453
2.641000000000002,0.2531655395725564,0.16114995552462072,0.14074296805886766,7.384180997365682,down,up,up,down,0.02026914912855,-0.0033133071621396,-2.8182763596284763,-29.964289783561853,21.469
2.6560000000000024,0.2573281344219324,0.2572371741631713,0.14452197100639452,7.424315655717123,down,up,up,down,0.02026914912855,-0.0033133071621396,-2.8182763596284763,-29.964289783561853,21.484
2.6720000000000006,0.2617984905409542,0.25912810831034333,0.14862197109150355,7.467062925934393,down,up,up,down,0.02026914912855,-0.0033133071621396,-2.8182763596284763,-29.964289783561853,21.5
2.687999999999999,0.2661466775646168,0.2514925398503909,0.15279251952175255,7.509744031763539,down,up,up,down,0.02026914912855,-0.0033133071621396,-2.8182763596284763,-29.964289783561853,21.516
2.7029999999999994,0.27163052146537403,0.3453204442552481,0.15677614890704605,7.549696412144755,down,up,up,down,0.02026914912855,-0.0033133071621396,-2.8182763596284763,-29.964289783561853,21.531
2.719000000000001,0.27767033370313143,0.35721911573124543,0.16111754283380053,7.59224568436489,down,up,up,down,0.02026914912855,-0.0033133071621396,-2.8182763596284763,-29.964289783561853,21.547
2.7340000000000018,0.2832176748142316,0.3495535916114509,0.1652745032902483,7.632071889413389,down,up,up,down,0.02026914912855,-0.0033133071621396,-2.8182763596284763,-29.964289783561853,21.562
2.75,0.2886187442106003,0.3172976881445272,0.16979618172785216,7.674483745687297,down,up,up,down,0.02026914912855,-0.0033133071621396,-2.8182763596284763,-29.964289783561853,21.578
2.766000000000002,0.2930677075487651,0.257791059506719,0.17439666042733393,7.716822624704115,down,up,up,down,0.02026914912855,-0.0033133071621396,-2.8182763596284763,-29.964289783561853,21.594
2.7810000000000024,0.2988317888428486,0.3640029371436732,0.17878620704283898,7.756447898592519,down,up,up,down,0.02026914912855,-0.0033133071621396,-2.8182763596284763,-29.964289783561853,21.609
2.812999999999999,0.3044693832997733,0.15590567765036592,0.1883329999679315,7.840758834788446,down,up,up,down,0.02026914912855,-0.0033133071621396,-2.8182763596284763,-29.964289783561853,21.641
2.8279999999999994,0.3091132041199458,0.2893189055496016,0.19288516976614734,7.880173843909866,down,up,up,down,0.02026914912855,-0.0033133071621396,-2.8182763596284763,-29.964289783561853,21.656
2.844000000000001,0.3145588340916312,0.3200827241017498,0.19782153315724615,7.922140612040536,down,up,up,down,0.02026914912855,-0.0033133071621396,-2.8182763596284763,-29.964289783561853,21.672
2.8590000000000018,0.31991600241923734,0.3368754060451786,0.20253039482364565,7.961412117975108,down,up,up,down,0.02026914912855,-0.0033133071621396,-2.8182763596284763,-29.964289783561853,21.687
2.875,0.3259800670795982,0.3587348921440488,0.20764455046504215,8.00322314016686,down,up,up,down,0.02026914912855,-0.0033133071621396,-2.8182763596284763,-29.964289783561853,21.703
2.891000000000002,0.330899914309219,0.2872213027227155,0.21284657740155843,8.044951632897977,down,up,up,down,0.02026914912855,-0.0033133071621396,-2.8182763596284763,-29.964289783561853,21.719
2.9060000000000024,0.3360988475390023,0.3263263995236545,0.21779936850798798,8.083995933698084,down,up,up,down,0.02026914912855,-0.0033133071621396,-2.8182763596284763,-29.964289783561853,21.734
2.9220000000000006,0.34123656901618205,0.30083844319521813,0.22316503892583528,8.125560640192667,down,up,up,down,0.02026914912855,-0.0033133071621396,-2.8182763596284763,-29.964289783561853,21.75
2.937999999999999,0.3461184848490965,0.2848505904286417,0.22861086644216222,8.167038854703776,down,up,up,down,0.02026914912855,-0.0033133071621396,-2.8182763596284763,-29.964289783561853,21.766
2.9529999999999994,0.350871160225564,0.2965758759692718,0.23378858917279022,8.2058450041811,down,up,up,down,0.02026914912855,-0.0033133071621396,-2.8182763596284763,-29.964289783561853,21.781
2.969000000000001,0.35797244425300784,0.4235611025866385,0.23940632509402526,8.247151866621017,down,up,up,down,0.02026914912855,-0.0033133071621396,-2.8182763596284763,-29.964289783561853,21.797
2.9840000000000018,0.3624828241352631,0.2804228430217867,0.24476003999950535,8.285794764277234,down,up,up,down,0.02026914912855,-0.0033133071621396,-2.8182763596284763,-29.964289783561853,21.812
3.0,0.3668897004596001,0.2551606211425431,0.2505420072816693,8.32692476965304,down,up,up,down,0.02026914912855,-0.0033133071621396,-2.8182763596284763,-29.964289783561853,21.828
3.016000000000002,0.37230127184075273,0.3179540621934539,0.25640252214547843,8.367961635171682,down,up,up,down,0.02026914912855,-0.0033133071621396,-2.8182763596284763,-29.964289783561853,21.844
3.0310000000000024,0.37596369724489165,0.2238925444806979,0.26196480980618864,8.40634802557647,down,up,up,down,0.02026914912855,-0.0033133071621396,-2.8182763596284763,-29.964289783561853,21.859
3.0470000000000006,0.3804852865226564,0.2623301807317813,0.26796338876173476,8.447201021741975,down,up,up,down,0.02026914912855,-0.0033133071621396,-2.8182763596284763,-29.964289783561853,21.875
3.0779999999999994,0.3848660619855319,0.12104618838356888,0.27972362214158464,8.526078440221454,down,up,up,down,0.02026914912855,-0.0033133071621396,-2.8182763596284763,-29.964289783561853,21.906
3.094000000000001,0.3888511763008075,0.22880049557614682,0.2858603471332821,8.566646190221313,down,up,up,down,0.02026914912855,-0.0033133071621396,-2.8182763596284763,-29.964289783561853,21.922
3.125,0.39274627001495155,0.10537903519867999,0.29787239502914975,8.644964899866274,down,up,up,down,0.02026914912855,-0.0033133071621396,-2.8182763596284763,-29.964289783561853,21.953
3.141000000000002,0.3947486222157454,0.10487786342105611,0.3041193412524019,8.68524138773008,down,up,up,down,0.02026914912855,-0.0033133071621396,-2.8182763596284763,-29.964289783561853,21.969
3.1560000000000024,0.3967060300953981,0.11022470951495879,0.3100055515373037,8.722909596428586,down,up,up,down,0.02026914912855,-0.0033133071621396,-2.8182763596284763,-29.964289783561853,21.984
3.1720000000000006,0.39860565019836963,0.09845710730718249,0.31631503206505895,8.76299145351382,down,up,up,down,0.02026914912855,-0.0033133071621396,-2.8182763596284763,-29.964289783561853,22.0
3.187999999999999,0.4014270986773809,0.15607138080967092,0.3226622811414699,8.80297205676223,down,up,up,down,0.02026914912855,-0.0033133071621396,-2.8182763596284763,-29.964289783561853,22.016
3.2029999999999994,0.4050565419482268,0.2216937355945015,0.3286612088387302,8.840361275981799,down,up,up,down,0.02026914912855,-0.0033133071621396,-2.8182763596284763,-29.964289783561853,22.031
3.219000000000001,0.40731344199880753,0.1207871040327322,0.3351071557957126,8.880143550818786,down,up,up,down,0.02026914912855,-0.0033133071621396,-2.8182763596284763,-29.964289783561853,22.047
3.2340000000000018,0.40942219733038593,0.1203145396433375,0.34118297348325033,8.917345520243622,down,up,up,down,0.02026914912855,-0.0033133071621396,-2.8182763596284763,-29.964289783561853,22.062
3.25,0.4115765672376863,0.11437897007773569,0.34769795068520004,8.956926894604322,down,up,up,down,0.02026914912855,-0.0033133071621396,-2.8182763596284763,-29.964289783561853,22.078
3.266000000000002,0.4119326539035199,0.0,0.3542330115397361,8.996403868660586,down,up,up,down,0.02026914912855,-0.0033133071621396,-2.8182763596284763,-29.964289783561853,22.094
3.2810000000000024,0.4132109117051907,0.0649480376494994,0.3603718886743694,9.03331847730341,down,up,up,down,0.02026914912855,-0.0033133071621396,-2.8182763596284763,-29.964289783561853,22.109
3.312999999999999,0.41426818923262765,0.0127707736038566,0.37350552846018426,9.111761282137358,down,up,up,down,0.02026914912855,-0.0033133071621396,-2.8182763596284763,-29.964289783561853,22.141
3.3279999999999994,0.4153030376108493,0.0487207427528909,0.37967761305407954,9.148386553970433,down,up,up,down,0.02026914912855,-0.0033133071621396,-2.8182763596284763,-29.964289783561853,22.156
3.344000000000001,0.4166716063877942,0.06526639943049739,0.38628039729147456,9.187351311641727,down,up,up,down,0.02026914912855,-0.0033133071621396,-2.8182763596284763,-29.964289783561853,22.172
3.3590000000000018,0.418897495703689,0.1281234719311008,0.39249746594972823,9.223784623061846,down,up,up,down,0.02026914912855,-0.0033133071621396,-2.8182763596284763,-29.964289783561853,22.187
3.375,0.42202046813157773,0.17491662761451682,0.39917179674581593,9.262543690714324,down,up,up,down,0.02026914912855,-0.0033133071621396,-2.8182763596284763,-29.964289783561853,22.203
3.391000000000002,0.4250446870533544,0.1687445334824677,0.4058953050727019,9.301195575653843,down,up,up,down,0.02026914912855,-0.0033133071621396,-2.8182763596284763,-29.964289783561853,22.219
3.4060000000000024,0.4265054449569145,0.07711471110878959,0.41223223145534726,9.33733376452431,down,up,up,down,0.02026914912855,-0.0033133071621396,-2.8182763596284763,-29.964289783561853,22.234
3.4220000000000006,0.4279697790820851,0.0712517336946195,0.4190150203330645,9.375776208264057,down,up,up,down,0.02026914912855,-0.0033133071621396,-2.8182763596284763,-29.964289783561853,22.25
3.437999999999999,0.4294128591873001,0.0699233574473967,0.4258210685246242,9.414109941307245,down,up,up,down,0.02026914912855,-0.0033133071621396,-2.8182763596284763,-29.964289783561853,22.266
3.469000000000001,0.4319676682309285,0.062144045827201094,0.43906975417758165,9.488070700703844,down,up,up,down,0.02026914912855,-0.0033133071621396,-2.8182763596284763,-29.964289783561853,22.297
3.4840000000000018,0.4330943446975936,0.054842615315786394,0.4455080196671135,9.523710512794445,down,up,up,down,0.02026914912855,-0.0033133071621396,-2.8182763596284763,-29.964289783561853,22.312
3.5,0.4358434828761392,0.1515519870305693,0.45240650937310845,9.561619618316172,down,up,up,down,0.02026914912855,-0.0033133071621396,-2.8182763596284763,-29.964289783561853,22.328
3.516000000000002,0.4382467941470533,0.1299378053035636,0.45934621867470016,9.59941801824585,down,up,up,down,0.02026914912855,-0.0033133071621396,-2.8182763596284763,-29.964289783561853,22.344
3.5310000000000024,0.43996414974442993,0.0942212240298872,0.46588310114645504,9.634752943741617,down,up,up,down,0.02026914912855,-0.0033133071621396,-2.8182763596284763,-29.964289783561853,22.359
3.5470000000000006,0.4416683157714089,0.086241227557648,0.47288314795598696,9.67233523550285,down,up,up,down,0.02026914912855,-0.0033133071621396,-2.8182763596284763,-29.964289783561853,22.375
3.562999999999999,0.4442913693076278,0.1436716968851451,0.47991781252202426,9.70980524957308,down,up,up,down,0.02026914912855,-0.0033133071621396,-2.8182763596284763,-29.964289783561853,22.391
3.594000000000001,0.447619346202698,0.0870849442608047,0.49363971609040913,9.782081675028074,down,up,up,down,0.02026914912855,-0.0033133071621396,-2.8182763596284763,-29.964289783561853,22.422
3.6090000000000018,0.45091138985184104,0.1992004274809776,0.5003289970033862,9.816901055074297,down,up,up,down,0.02026914912855,-0.0033133071621396,-2.8182763596284763,-29.964289783561853,22.437
3.625,0.45390853101592293,0.1670521736265891,0.5075145434557333,9.853930728504679,down,up,up,down,0.02026914912855,-0.0033133071621396,-2.8182763596284763,-29.964289783561853,22.453
3.641000000000002,0.45551454659848645,0.0801068247816549,0.5147369151620556,9.890845138589796,down,up,up,down,0.02026914912855,-0.0033133071621396,-2.8182763596284763,-29.964289783561853,22.469
3.6560000000000024,0.45709936637474513,0.08538550262202489,0.5215318199019223,9.925347268471242,down,up,up,down,0.02026914912855,-0.0033133071621396,-2.8182763596284763,-29.964289783561853,22.484
3.6720000000000006,0.45849054048611393,0.0666792328320094,0.5288035262422142,9.96203700745614,down,up,up,down,0.02026914912855,-0.0033133071621396,-2.8182763596284763,-29.964289783561853,22.5
3.687999999999999,0.46192918042360803,0.19464584696485862,0.5361138710948969,9.998610090031491,down,up,up,down,0.02026914912855,-0.0033133071621396,-2.8182763596284763,-29.964289783561853,22.516
3.7029999999999994,0.46526017395871655,0.201797086545339,0.5430180916453322,10.03279074570537,down,up,up,down,0.02026914912855,-0.0033133071621396,-2.8182763596284763,-29.964289783561853,22.531
3.719000000000001,0.4672048384995815,0.1012723846754957,0.5504247988304058,10.06913562433563,down,up,up,down,0.02026914912855,-0.0033133071621396,-2.8182763596284763,-29.964289783561853,22.547
3.7340000000000018,0.4679414624574853,0.0288391147317054,0.5573886964801522,10.10310116851523,down,up,up,down,0.02026914912855,-0.0033133071621396,-2.8182763596284763,-29.964289783561853,22.562
3.766000000000002,0.469127285308442,0.0167878149638467,0.5722757706152186,10.175211380549811,down,up,up,down,0.02026914912855,-0.0033133071621396,-2.8182763596284763,-29.964289783561853,22.594
3.7810000000000024,0.47218445331915504,0.1835420515856413,0.5792859090474938,10.20884881334677,down,up,up,down,0.02026914912855,-0.0033133071621396,-2.8182763596284763,-29.964289783561853,22.609
3.7970000000000006,0.4751238247294136,0.16344156401263102,0.5868113623572873,10.24461245692958,down,up,up,down,0.02026914912855,-0.0033133071621396,-2.8182763596284763,-29.964289783561853,22.625
3.812999999999999,0.4767307553831656,0.0801640167309647,0.5943731860835926,10.280255402296106,down,up,up,down,0.02026914912855,-0.0033133071621396,-2.8182763596284763,-29.964289783561853,22.641
3.844000000000001,0.4782436602671413,0.0285342342255013,0.6090725770041474,10.348968560116724,down,up,up,down,0.02026914912855,-0.0033133071621396,-2.8182763596284763,-29.964289783561853,22.672
3.8590000000000018,0.47838551201874324,0.0108123656884262,0.6161975961888597,10.382053179212214,down,up,up,down,0.02026914912855,-0.0033133071621396,-2.8182763596284763,-29.964289783561853,22.687
3.875,0.4784978410735512,0.0132485832030519,0.6237996500990031,10.417225622995964,down,up,up,down,0.02026914912855,-0.0033133071621396,-2.8182763596284763,-29.964289783561853,22.703
3.891000000000002,0.4775076296228242,0.08215736479897891,0.6313946809499802,10.452276490101639,down,up,up,down,0.02026914912855,-0.0033133071621396,-2.8182763596284763,-29.964289783561853,22.719
3.9060000000000024,0.47877321604778084,0.0641032792018912,0.6385170876850785,10.4850262972313,down,up,up,down,0.02026914912855,-0.0033133071621396,-2.8182763596284763,-29.964289783561853,22.734
3.9220000000000006,0.4800533833691815,0.0597413084590014,0.6461346875658194,10.51984150478335,down,up,up,down,0.02026914912855,-0.0033133071621396,-2.8182763596284763,-29.964289783561853,22.75
3.937999999999999,0.4787459458203535,0.10198399593030931,0.6537520692847405,10.554534832482588,down,up,up,down,0.02026914912855,-0.0033133071621396,-2.8182763596284763,-29.964289783561853,22.766
3.9529999999999994,0.4800601916295264,0.06734723814963539,0.6608934157081827,10.58694913673957,down,up,up,down,0.02026914912855,-0.0033133071621396,-2.8182763596284763,-29.964289783561853,22.781
3.969000000000001,0.4817128259885663,0.08302049831143529,0.668534586934534,10.621406134472487,down,up,up,down,0.02026914912855,-0.0033133071621396,-2.8182763596284763,-29.964289783561853,22.797
3.9840000000000018,0.4833182743613235,0.08676074238859409,0.6757226205797262,10.653598350810562,down,up,up,down,0.02026914912855,-0.0033133071621396,-2.8182763596284763,-29.964289783561853,22.812
4.016000000000002,0.4820448331402804,0.060064187286147194,0.6910624044705633,10.72191463391787,down,up,up,down,0.02026914912855,-0.0033133071621396,-2.8182763596284763,-29.964289783561853,22.844
4.031000000000002,0.4807843971278931,0.1042982166210364,0.6982339240901427,10.753769056848093,down,up,up,down,0.02026914912855,-0.0033133071621396,-2.8182763596284763,-29.964289783561853,22.859
4.047000000000001,0.4798437793689007,0.079057759065578,0.705865936587522,10.787628679716725,down,up,up,down,0.02026914912855,-0.0033133071621396,-2.8182763596284763,-29.964289783561853,22.875
4.062999999999999,0.4798771531906531,0.018183285269025302,0.7134906911334031,10.82136624844901,down,up,up,down,0.02026914912855,-0.0033133071621396,-2.8182763596284763,-29.964289783561853,22.891
4.077999999999999,0.4798754628510639,0.0203818384344959,0.7206391361462843,10.852884420138842,down,up,up,down,0.02026914912855,-0.0033133071621396,-2.8182763596284763,-29.964289783561853,22.906
4.094000000000001,0.4810045670767113,0.05029986497440339,0.7282731634711133,10.886385543495955,down,up,up,down,0.02026914912855,-0.0033133071621396,-2.8182763596284763,-29.964289783561853,22.922
4.109000000000002,0.48120085397605195,0.0,0.7354400045215765,10.917681840130435,down,up,up,down,0.02026914912855,-0.0033133071621396,-2.8182763596284763,-29.964289783561853,22.937
4.141000000000002,0.4805340139336902,0.0411079004523539,0.7507217365789445,10.984088095780947,down,up,up,down,0.02026914912855,-0.0033133071621396,-2.8182763596284763,-29.964289783561853,22.969
4.156000000000002,0.4811469688140359,0.0205945095611644,0.7578846443421203,11.015047693318465,down,up,up,down,0.02026914912855,-0.0033133071621396,-2.8182763596284763,-29.964289783561853,22.984
4.172000000000001,0.48196638050401214,0.030944081494970303,0.76553653822207,11.047952745612001,down,up,up,down,0.02026914912855,-0.0033133071621396,-2.8182763596284763,-29.964289783561853,23.0
4.187999999999999,0.4827366832307049,0.0278747712897529,0.7732011498173526,11.08073526586174,down,up,up,down,0.02026914912855,-0.0033133071621396,-2.8182763596284763,-29.964289783561853,23.016
4.202999999999999,0.4842840118669649,0.0828860932887759,0.7804041054231532,11.11135737184187,down,up,up,down,0.02026914912855,-0.0033133071621396,-2.8182763596284763,-29.964289783561853,23.031
4.219000000000001,0.4842221295856568,0.0241367917103058,0.7880991416401808,11.143901767619411,down,up,up,down,0.02026914912855,-0.0033133071621396,-2.8182763596284763,-29.964289783561853,23.047
4.234000000000002,0.48417097089258293,0.0236797286668042,0.7953123902863357,11.174300326524389,down,up,up,down,0.02026914912855,-0.0033133071621396,-2.8182763596284763,-29.964289783561853,23.062
4.25,0.4860001279153429,0.0940531647939617,0.8030207461622045,11.206606083186855,down,up,up,down,0.02026914912855,-0.0033133071621396,-2.8182763596284763,-29.964289783561853,23.078
4.266000000000002,0.48691808676863424,0.0371032792021478,0.8107510789650827,11.2387883303399,down,up,up,down,0.02026914912855,-0.0033133071621396,-2.8182763596284763,-29.964289783561853,23.094
4.281000000000002,0.4883517150529925,0.07530606982866869,0.8180159028713145,11.268846723370544,down,up,up,down,0.02026914912855,-0.0033133071621396,-2.8182763596284763,-29.964289783561853,23.109
4.297000000000001,0.48976398537675253,0.0679977461064604,0.8257878155601575,11.300788715377152,down,up,up,down,0.02026914912855,-0.0033133071621396,-2.8182763596284763,-29.964289783561853,23.125
4.327999999999999,0.4914121398642041,0.032897124660212995,0.8408933329793653,11.362321724723273,down,up,up,down,0.02026914912855,-0.0033133071621396,-2.8182763596284763,-29.964289783561853,23.156
4.344000000000001,0.4913834054231571,0.0220650516939877,0.8487026844270711,11.393897378338082,down,up,up,down,0.02026914912855,-0.0033133071621396,-2.8182763596284763,-29.964289783561853,23.172
4.375,0.493147443697099,0.036635311321190606,0.863860200066408,11.454719220776916,down,up,up,down,0.02026914912855,-0.0033133071621396,-2.8182763596284763,-29.964289783561853,23.203
4.391000000000002,0.49399107306509643,0.032457686371283004,0.8717042952859124,11.485927126568157,down,up,up,down,0.02026914912855,-0.0033133071621396,-2.8182763596284763,-29.964289783561853,23.219
4.406000000000002,0.4948086698137128,0.0342373007792057,0.8790705937500713,11.515070460294815,down,up,up,down,0.02026914912855,-0.0033133071621396,-2.8182763596284763,-29.964289783561853,23.234
4.422000000000001,0.49626326612553834,0.0706431203605562,0.8869461563229903,11.546034748048285,down,up,up,down,0.02026914912855,-0.0033133071621396,-2.8182763596284763,-29.964289783561853,23.25
4.437999999999999,0.49713364931707105,0.0341298003422468,0.894840318731936,11.5768728780019,down,up,up,down,0.02026914912855,-0.0033133071621396,-2.8182763596284763,-29.964289783561853,23.266
4.452999999999999,0.49830946444572355,0.0581185261149471,0.9022564424777246,11.605668797687258,down,up,up,down,0.02026914912855,-0.0033133071621396,-2.8182763596284763,-29.964289783561853,23.281
4.469000000000001,0.4980288184443946,0.0378095242116063,0.9101741358262523,11.636261774814884,down,up,up,down,0.02026914912855,-0.0033133071621396,-2.8182763596284763,-29.964289783561853,23.297
4.484000000000002,0.4995045902456443,0.07811563762142569,0.9176059367839964,11.664827569664737,down,up,up,down,0.02026914912855,-0.0033133071621396,-2.8182763596284763,-29.964289783561853,23.312
4.5,0.500907672652918,0.0674235013260668,0.9255562219725895,11.69517469414874,down,up,up,down,0.02026914912855,-0.0033133071621396,-2.8182763596284763,-29.964289783561853,23.328
4.531000000000002,0.5021488392078552,0.019768481675873497,0.9410008853844063,11.75360962613319,down,up,up,down,0.02026914912855,-0.0033133071621396,-2.8182763596284763,-29.964289783561853,23.359
4.547000000000001,0.5033606865521723,0.05547130989127129,0.9489919486758913,11.783582105214762,down,up,up,down,0.02026914912855,-0.0033133071621396,-2.8182763596284763,-29.964289783561853,23.375
4.577999999999999,0.5027978318417751,0.0384257526897467,0.9644846931889708,11.841289784414336,down,up,up,down,0.02026914912855,-0.0033133071621396,-2.8182763596284763,-29.964289783561853,23.406
4.594000000000001,0.5031546343977453,0.0,0.9724793000042935,11.870886494222852,down,up,up,down,0.02026914912855,-0.0033133071621396,-2.8182763596284763,-29.964289783561853,23.422
4.609000000000002,0.5034746621500084,0.0,0.9799793201209699,11.89851719996635,down,up,up,down,0.02026914912855,-0.0033133071621396,-2.8182763596284763,-29.964289783561853,23.437
4.641000000000002,0.5040346877015995,0.0,0.9959934438894076,11.957086479250286,down,up,up,down,0.02026914912855,-0.0033133071621396,-2.8182763596284763,-29.964289783561853,23.469
4.656000000000002,0.5033749513785857,0.0642515706628056,1.0034993165750763,11.984364428941234,down,up,up,down,0.02026914912855,-0.0033133071621396,-2.8182763596284763,-29.964289783561853,23.484
4.672000000000001,0.5027349297465626,0.0602705011299941,1.0114951827094831,12.01333689470102,down,up,up,down,0.02026914912855,-0.0033133071621396,-2.8182763596284763,-29.964289783561853,23.5
4.687999999999999,0.5032186976826923,0.0,1.019489798814322,12.042181436602874,down,up,up,down,0.02026914912855,-0.0033133071621396,-2.8182763596284763,-29.964289783561853,23.516
4.702999999999999,0.5043555264440247,0.055519434960264,1.0269969058878405,12.069106931712035,down,up,up,down,0.02026914912855,-0.0033133071621396,-2.8182763596284763,-29.964289783561853,23.531
4.719000000000001,0.5054240503589362,0.046513595553412695,1.035022129587671,12.097703201182291,down,up,up,down,0.02026914912855,-0.0033133071621396,-2.8182763596284763,-29.964289783561853,23.547
4.734000000000002,0.5059028625942119,0.011651666556494297,1.0425573818273874,12.124395500241107,down,up,up,down,0.02026914912855,-0.0033133071621396,-2.8182763596284763,-29.964289783561853,23.562
4.75,0.5061479102390187,0.0,1.0506007750954582,12.152742656739775,down,up,up,down,0.02026914912855,-0.0033133071621396,-2.8182763596284763,-29.964289783561853,23.578
4.766000000000002,0.5063980111123723,0.0,1.0586481295516763,12.180961087256655,down,up,up,down,0.02026914912855,-0.0033133071621396,-2.8182763596284763,-29.964289783561853,23.594
4.781000000000002,0.5066525237582731,0.0,1.0661963089557744,12.207298899362279,down,up,up,down,0.02026914912855,-0.0033133071621396,-2.8182763596284763,-29.964289783561853,23.609
4.797000000000001,0.5055582380271062,0.08866200732648731,1.0742409821354624,12.235267822787598,down,up,up,down,0.02026914912855,-0.0033133071621396,-2.8182763596284763,-29.964289783561853,23.625
4.827999999999999,0.5053629573163647,0.0265685268944046,1.0898075481412592,12.289091637716787,down,up,up,down,0.02026914912855,-0.0033133071621396,-2.8182763596284763,-29.964289783561853,23.656
4.844000000000001,0.5051819879834945,0.0315797324329401,1.0978388947890647,12.316682887927406,down,up,up,down,0.02026914912855,-0.0033133071621396,-2.8182763596284763,-29.964289783561853,23.672
4.859000000000002,0.5051748364852937,0.020745915675266,1.1053668713651488,12.342432990075679,down,up,up,down,0.02026914912855,-0.0033133071621396,-2.8182763596284763,-29.964289783561853,23.687
4.875,0.5065605885987381,0.06634035796173339,1.113407741851226,12.369775214923997,down,up,up,down,0.02026914912855,-0.0033133071621396,-2.8182763596284763,-29.964289783561853,23.703
4.891000000000002,0.5073763872618748,0.0307182673174909,1.1214662247435174,12.396988644945296,down,up,up,down,0.02026914912855,-0.0033133071621396,-2.8182763596284763,-29.964289783561853,23.719
4.906000000000002,0.5075926618743658,0.0,1.1290287930046075,12.42238407770661,down,up,up,down,0.02026914912855,-0.0033133071621396,-2.8182763596284763,-29.964289783561853,23.734
4.922000000000001,0.5087929903866577,0.0547513828897022,1.1371068653081002,12.449347414194158,down,up,up,down,0.02026914912855,-0.0033133071621396,-2.8182763596284763,-29.964289783561853,23.75
4.937999999999999,0.5099385128034193,0.05132600191905659,1.145203704419026,12.476181351390395,down,up,up,down,0.02026914912855,-0.0033133071621396,-2.8182763596284763,-29.964289783561853,23.766
4.952999999999999,0.5101286447152127,0.0,1.1528045084929839,12.501220435187989,down,up,up,down,0.02026914912855,-0.0033133071621396,-2.8182763596284763,-29.964289783561853,23.781
4.969000000000001,0.5097345830162325,0.0448980053148067,1.160910401400242,12.527803137662893,down,up,up,down,0.02026914912855,-0.0033133071621396,-2.8182763596284763,-29.964289783561853,23.797
4.984000000000002,0.5093566145515922,0.0454670467712378,1.1685038857745687,12.552606675903505,down,up,up,down,0.02026914912855,-0.0033133071621396,-2.8182763596284763,-29.964289783561853,23.812
5.0,0.5080709872756053,0.1006208538777408,1.1765902936745913,12.578938344221974,down,up,up,down,0.02026914912855,-0.0033133071621396,-2.8182763596284763,-29.964289783561853,23.828
5.016000000000002,0.5097697140571338,0.08590127471696879,1.18468000637066,12.60514060357567,down,up,up,down,0.02026914912855,-0.0033133071621396,-2.8182763596284763,-29.964289783561853,23.844
5.031000000000002,0.5114503099135899,0.0917705746351844,1.1922894569430083,12.629587477995244,down,up,up,down,0.02026914912855,-0.0033133071621396,-2.8182763596284763,-29.964289783561853,23.859
5.047000000000001,0.5110245636843747,0.0468782884545033,1.200416243017197,12.655538254149619,down,up,up,down,0.02026914912855,-0.0033133071621396,-2.8182763596284763,-29.964289783561853,23.875
5.077999999999999,0.5100790855446942,0.050768443956954,1.2161406370582208,12.705448189656927,down,up,up,down,0.02026914912855,-0.0033133071621396,-2.8182763596284763,-29.964289783561853,23.906
5.094000000000001,0.5113887251305371,0.06158332498662569,1.2242593666290291,12.731017411381487,down,up,up,down,0.02026914912855,-0.0033133071621396,-2.8182763596284763,-29.964289783561853,23.922
5.109000000000002,0.5126660829296927,0.06488803748182069,1.231890078082049,12.754870435940582,down,up,up,down,0.02026914912855,-0.0033133071621396,-2.8182763596284763,-29.964289783561853,23.937
5.125,0.5132239606840088,0.0145982105162062,1.2400441855163635,12.780187383585847,down,up,up,down,0.02026914912855,-0.0033133071621396,-2.8182763596284763,-29.964289783561853,23.953
5.141000000000002,0.5131785118429182,0.0231097016967115,1.2482023923819856,12.805373832716718,down,up,up,down,0.02026914912855,-0.0033133071621396,-2.8182763596284763,-29.964289783561853,23.969
5.156000000000002,0.5131205718033467,0.0241318184333159,1.2558499359019006,12.828867585649014,down,up,up,down,0.02026914912855,-0.0033133071621396,-2.8182763596284763,-29.964289783561853,23.984
5.187999999999999,0.5130236157109831,0.0232990270149127,1.2721622170729399,12.87860423470952,down,up,up,down,0.02026914912855,-0.0033133071621396,-2.8182763596284763,-29.964289783561853,24.016
5.202999999999999,0.5128792364982289,0.0298944299788316,1.2798067888570772,12.901738612559477,down,up,up,down,0.02026914912855,-0.0033133071621396,-2.8182763596284763,-29.964289783561853,24.031
5.219000000000001,0.5129730944268296,0.0144030285910053,1.2879605945898844,12.92628889524596,down,up,up,down,0.02026914912855,-0.0033133071621396,-2.8182763596284763,-29.964289783561853,24.047
5.234000000000002,0.5139392298058851,0.044139876141817094,1.295612737414198,12.949186240650356,down,up,up,down,0.02026914912855,-0.0033133071621396,-2.8182763596284763,-29.964289783561853,24.062
5.25,0.5135288329225958,0.045918954334138104,1.3037794690014308,12.973483524753085,down,up,up,down,0.02026914912855,-0.0033133071621396,-2.8182763596284763,-29.964289783561853,24.078
5.266000000000002,0.5131315020900757,0.0451023261610488,1.3119397387669387,12.997650192844993,down,up,up,down,0.02026914912855,-0.0033133071621396,-2.8182763596284763,-29.964289783561853,24.094
5.281000000000002,0.5134220214067771,0.0,1.3195891905857333,13.020187871269279,down,up,up,down,0.02026914912855,-0.0033133071621396,-2.8182763596284763,-29.964289783561853,24.109
5.297000000000001,0.5141474367419203,0.0250693093179083,1.327756733336328,13.044101525631959,down,up,up,down,0.02026914912855,-0.0033133071621396,-2.8182763596284763,-29.964289783561853,24.125
5.327999999999999,0.5142263630076602,0.0177231405562948,1.3435938147104194,13.090062159285715,down,up,up,down,0.02026914912855,-0.0033133071621396,-2.8182763596284763,-29.964289783561853,24.156
5.344000000000001,0.5146375443162334,0.0,1.3517717130544171,13.113591656817654,down,up,up,down,0.02026914912855,-0.0033133071621396,-2.8182763596284763,-29.964289783561853,24.172
5.359000000000002,0.5150465424525486,0.0,1.3594446440977512,13.135531679533443,down,up,up,down,0.02026914912855,-0.0033133071621396,-2.8182763596284763,-29.964289783561853,24.187
5.375,0.516717058890567,0.08413812824761209,1.367645739993901,13.15880737821476,down,up,up,down,0.02026914912855,-0.0033133071621396,-2.8182763596284763,-29.964289783561853,24.203
5.391000000000002,0.5158422240109335,0.0749463291056356,1.3758532013425198,13.181951808438129,down,up,up,down,0.02026914912855,-0.0033133071621396,-2.8182763596284763,-29.964289783561853,24.219
5.406000000000002,0.515789858778195,0.023760164644445702,1.3835407423560064,13.203530499254818,down,up,up,down,0.02026914912855,-0.0033133071621396,-2.8182763596284763,-29.964289783561853,24.234
5.422000000000001,0.5157832285190818,0.0206835403231309,1.3917403141397895,13.226420672556905,down,up,up,down,0.02026914912855,-0.0033133071621396,-2.8182763596284763,-29.964289783561853,24.25
5.437999999999999,0.5152334060140564,0.054633055692637,1.3999354343014594,13.24917968832343,down,up,up,down,0.02026914912855,-0.0033133071621396,-2.8182763596284763,-29.964289783561853,24.266
5.452999999999999,0.5153872455016799,0.0100131832869847,1.4076153895803956,13.270397202538746,down,up,up,down,0.02026914912855,-0.0033133071621396,-2.8182763596284763,-29.964289783561853,24.281
5.469000000000001,0.5154810625503199,0.0144055835885521,1.4158093231302182,13.292902226591117,down,up,up,down,0.02026914912855,-0.0033133071621396,-2.8182763596284763,-29.964289783561853,24.297
5.484000000000002,0.5147328523610089,0.0701498284159506,1.4234862278846214,13.313881655352937,down,up,up,down,0.02026914912855,-0.0033133071621396,-2.8182763596284763,-29.964289783561853,24.312
5.5,0.5163741785676947,0.0823137387893293,1.4316820712174558,13.336132730714176,down,up,up,down,0.02026914912855,-0.0033133071621396,-2.8182763596284763,-29.964289783561853,24.328
5.516000000000002,0.5179533655235424,0.0784300356119195,1.4399036786555923,13.35825246646926,down,up,up,down,0.02026914912855,-0.0033133071621396,-2.8182763596284763,-29.964289783561853,24.344
5.531000000000002,0.5162245569793651,0.1355230520737016,1.4476103134669323,13.37887025692276,down,up,up,down,0.02026914912855,-0.0033133071621396,-2.8182763596284763,-29.964289783561853,24.359
5.562999999999999,0.5160067094547856,0.0270768842716613,1.4640199879006883,13.42246901560899,down,up,up,down,0.02026914912855,-0.0033133071621396,-2.8182763596284763,-29.964289783561853,24.391
5.577999999999999,0.5160893335775345,0.01476087427862,1.4717110086159992,13.442725178529535,down,up,up,down,0.02026914912855,-0.0033133071621396,-2.8182763596284763,-29.964289783561853,24.406
5.594000000000001,0.5161824378787987,0.0144501302995388,1.4799161698730563,13.464204582855679,down,up,up,down,0.02026914912855,-0.0033133071621396,-2.8182763596284763,-29.964289783561853,24.422
5.609000000000002,0.5149754928485226,0.1007321511469519,1.4876001547460793,13.484222355815461,down,up,up,down,0.02026914912855,-0.0033133071621396,-2.8182763596284763,-29.964289783561853,24.437
5.625,0.5144591218901393,0.0525423340275101,1.4957826187493934,13.50544771538155,down,up,up,down,0.02026914912855,-0.0033133071621396,-2.8182763596284763,-29.964289783561853,24.453
5.641000000000002,0.5138934536471211,0.055623414317182304,1.503956426439098,13.526542224774097,down,up,up,down,0.02026914912855,-0.0033133071621396,-2.8182763596284763,-29.964289783561853,24.469
5.656000000000002,0.5159358572812369,0.1158910931458305,1.5116304466636292,13.546199468620244,down,up,up,down,0.02026914912855,-0.0033133071621396,-2.8182763596284763,-29.964289783561853,24.484
5.672000000000001,0.5179709383502829,0.1069234176868346,1.519848688114086,13.567040057296083,down,up,up,down,0.02026914912855,-0.0033133071621396,-2.8182763596284763,-29.964289783561853,24.5
5.702999999999999,0.5170583852388475,0.049706346271626706,1.5357889301076906,13.607044241362125,down,up,up,down,0.02026914912855,-0.0033133071621396,-2.8182763596284763,-29.964289783561853,24.531
5.719000000000001,0.5158771959828119,0.09409347763076721,1.5439994018428704,13.627498356460578,down,up,up,down,0.02026914912855,-0.0033133071621396,-2.8182763596284763,-29.964289783561853,24.547
5.734000000000002,0.5147526172725669,0.0952410631448779,1.5516794258348539,13.646554910647424,down,up,up,down,0.02026914912855,-0.0033133071621396,-2.8182763596284763,-29.964289783561853,24.562
5.75,0.5152300615398815,0.0,1.5598662743507585,13.666754966799992,down,up,up,down,0.02026914912855,-0.0033133071621396,-2.8182763596284763,-29.964289783561853,24.578
5.766000000000002,0.514005081222848,0.0968304189431315,1.568047142578267,13.686824081218617,down,up,up,down,0.02026914912855,-0.0033133071621396,-2.8182763596284763,-29.964289783561853,24.594
5.781000000000002,0.5128029613182132,0.1004104761042011,1.5756985032898931,13.705520134269037,down,up,up,down,0.02026914912855,-0.0033133071621396,-2.8182763596284763,-29.964289783561853,24.609
5.797000000000001,0.5135623706315613,0.027193932955708797,1.5838564130308963,13.725336116692525,down,up,up,down,0.02026914912855,-0.0033133071621396,-2.8182763596284763,-29.964289783561853,24.625
5.827999999999999,0.5136814362254949,0.016428323517788702,1.5996759795151538,13.763357931756545,down,up,up,down,0.02026914912855,-0.0033133071621396,-2.8182763596284763,-29.964289783561853,24.656
5.844000000000001,0.5137725314795727,0.014575695748688201,1.6078425983422011,13.782790204887746,down,up,up,down,0.02026914912855,-0.0033133071621396,-2.8182763596284763,-29.964289783561853,24.672
5.859000000000002,0.5143349697245494,0.0172267338698955,1.6155037049938001,13.800889253007156,down,up,up,down,0.02026914912855,-0.0033133071621396,-2.8182763596284763,-29.964289783561853,24.687
5.875,0.5143229777830562,0.0210186454718719,1.623679955659266,13.820068205475984,down,up,up,down,0.02026914912855,-0.0033133071621396,-2.8182763596284763,-29.964289783561853,24.703
5.891000000000002,0.5150070235772937,0.022483713011283896,1.6318615827555554,13.839116294922725,down,up,up,down,0.02026914912855,-0.0033133071621396,-2.8182763596284763,-29.964289783561853,24.719
5.906000000000002,0.5156858281717511,0.024984490501945598,1.6395420795362414,13.856854912849954,down,up,up,down,0.02026914912855,-0.0033133071621396,-2.8182763596284763,-29.964289783561853,24.734
5.922000000000001,0.5139656418497527,0.1277807942534643,1.6477262783818183,13.87564918774067,down,up,up,down,0.02026914912855,-0.0033133071621396,-2.8182763596284763,-29.964289783561853,24.75
5.937999999999999,0.5148709450460487,0.0363123006399564,1.6559039581623896,13.89431256760237,down,up,up,down,0.02026914912855,-0.0033133071621396,-2.8182763596284763,-29.964289783561853,24.766
5.952999999999999,0.5148147459030668,0.024015758660679,1.663576901237076,13.91169060655131,down,up,up,down,0.02026914912855,-0.0033133071621396,-2.8182763596284763,-29.964289783561853,24.781
5.984000000000002,0.5151258779338956,0.010232632005038302,1.679438268384524,13.947240438570653,down,up,up,down,0.02026914912855,-0.0033133071621396,-2.8182763596284763,-29.964289783561853,24.812
6.0,0.5154274111414168,0.0,1.6876296817825314,13.965396316723364,down,up,up,down,0.02026914912855,-0.0033133071621396,-2.8182763596284763,-29.964289783561853,24.828
6.016000000000002,0.5142507604829536,0.0938098152824901,1.6958140942409332,13.98342118826924,down,up,up,down,0.02026914912855,-0.0033133071621396,-2.8182763596284763,-29.964289783561853,24.844
6.031000000000002,0.5132457126836432,0.08727233574924291,1.7034706181822508,14.00020069832049,down,up,up,down,0.02026914912855,-0.0033133071621396,-2.8182763596284763,-29.964289783561853,24.859
6.047000000000001,0.5119394079157722,0.1019131971204945,1.711619086232451,14.017972402439227,down,up,up,down,0.02026914912855,-0.0033133071621396,-2.8182763596284763,-29.964289783561853,24.875
6.077999999999999,0.5106328821962229,0.062415140081753404,1.72736624420716,14.052034696965897,down,up,up,down,0.02026914912855,-0.0033133071621396,-2.8182763596284763,-29.964289783561853,24.906
6.094000000000001,0.510629651858153,0.0204710452579203,1.735483331565002,14.069424322113775,down,up,up,down,0.02026914912855,-0.0033133071621396,-2.8182763596284763,-29.964289783561853,24.922
6.109000000000002,0.5107827718828375,0.010061147482918201,1.7430942251356274,14.085609135832946,down,up,up,down,0.02026914912855,-0.0033133071621396,-2.8182763596284763,-29.964289783561853,24.937
6.125,0.510932157272773,0.0109325622575819,1.751214931654277,14.102747084332684,down,up,up,down,0.02026914912855,-0.0033133071621396,-2.8182763596284763,-29.964289783561853,24.953
6.141000000000002,0.5098232120496764,0.0895782255720778,1.7593279616942634,14.119755162939953,down,up,up,down,0.02026914912855,-0.0033133071621396,-2.8182763596284763,-29.964289783561853,24.969
6.156000000000002,0.5087674486027165,0.09065337892587401,1.7669176920417247,14.135582465931364,down,up,up,down,0.02026914912855,-0.0033133071621396,-2.8182763596284763,-29.964289783561853,24.984
6.172000000000001,0.5111322848762523,0.1275331179674529,1.7750238769949613,14.152339355133122,down,up,up,down,0.02026914912855,-0.0033133071621396,-2.8182763596284763,-29.964289783561853,25.0
6.187999999999999,0.5112007793401059,0.0159882451376998,1.783149528594097,14.16896638964247,down,up,up,down,0.02026914912855,-0.0033133071621396,-2.8182763596284763,-29.964289783561853,25.016
6.202999999999999,0.5095957979055878,0.1272679114297484,1.790755803316008,14.184436245047564,down,up,up,down,0.02026914912855,-0.0033133071621396,-2.8182763596284763,-29.964289783561853,25.031
6.219000000000001,0.508058684688903,0.11633872517134021,1.7988440262621705,14.200811868164998,down,up,up,down,0.02026914912855,-0.0033133071621396,-2.8182763596284763,-29.964289783561853,25.047
6.234000000000002,0.5087505746806595,0.025856850321882303,1.8064203961000103,14.216046530391708,down,up,up,down,0.02026914912855,-0.0033133071621396,-2.8182763596284763,-29.964289783561853,25.062
6.25,0.5088725199754265,0.012647568205615101,1.8145083679426641,14.232171522033418,down,up,up,down,0.02026914912855,-0.0033133071621396,-2.8182763596284763,-29.964289783561853,25.078
6.266000000000002,0.5090241541515184,0.010792013122808902,1.8225985284210864,14.248167088616569,down,up,up,down,0.02026914912855,-0.0033133071621396,-2.8182763596284763,-29.964289783561853,25.094
6.281000000000002,0.5083811494482351,0.0631361293474328,1.8301793685906529,14.263045399783408,down,up,up,down,0.02026914912855,-0.0033133071621396,-2.8182763596284763,-29.964289783561853,25.109
6.297000000000001,0.5085558276209472,0.0,1.8382618514926112,14.278790291776794,down,up,up,down,0.02026914912855,-0.0033133071621396,-2.8182763596284763,-29.964289783561853,25.125
6.327999999999999,0.5086609317818418,0.0168786923254984,1.8539259987413277,14.308927947246644,down,up,up,down,0.02026914912855,-0.0033133071621396,-2.8182763596284763,-29.964289783561853,25.156
6.344000000000001,0.5065683605541729,0.1510548508578433,1.8619948201654224,14.324293002449458,down,up,up,down,0.02026914912855,-0.0033133071621396,-2.8182763596284763,-29.964289783561853,25.172
6.359000000000002,0.506349310192121,0.0348725065986715,1.8695420030885876,14.338580621669479,down,up,up,down,0.02026914912855,-0.0033133071621396,-2.8182763596284763,-29.964289783561853,25.187
6.375,0.5069358723512796,0.016390985818862298,1.8775952716343398,14.353695945225752,down,up,up,down,0.02026914912855,-0.0033133071621396,-2.8182763596284763,-29.964289783561853,25.203
6.391000000000002,0.507486814947546,0.014164763138097596,1.8856576402181369,14.368682343684988,down,up,up,down,0.02026914912855,-0.0033133071621396,-2.8182763596284763,-29.964289783561853,25.219
6.406000000000002,0.5070556094019825,0.049016185499450804,1.8932170087933269,14.382614929211826,down,up,up,down,0.02026914912855,-0.0033133071621396,-2.8182763596284763,-29.964289783561853,25.234
6.422000000000001,0.5069300865751245,0.028114325807173303,1.9012758814465482,14.397351407843963,down,up,up,down,0.02026914912855,-0.0033133071621396,-2.8182763596284763,-29.964289783561853,25.25
6.437999999999999,0.5067667321715845,0.0304787993498001,1.909332443081927,14.411958963001787,down,up,up,down,0.02026914912855,-0.0033133071621396,-2.8182763596284763,-29.964289783561853,25.266
6.452999999999999,0.508362328028193,0.08610390797867999,1.9168962114259935,14.425536393487405,down,up,up,down,0.02026914912855,-0.0033133071621396,-2.8182763596284763,-29.964289783561853,25.281
6.469000000000001,0.5084685472901533,0.0136304452560317,1.924977845513947,14.43989382278594,down,up,up,down,0.02026914912855,-0.0033133071621396,-2.8182763596284763,-29.964289783561853,25.297
6.484000000000002,0.5096617347738537,0.0592766831181364,1.9325641230219954,14.453236403416348,down,up,up,down,0.02026914912855,-0.0033133071621396,-2.8182763596284763,-29.964289783561853,25.312
6.5,0.5098336144034601,0.0,1.9406670729008186,14.467342975603017,down,up,up,down,0.02026914912855,-0.0033133071621396,-2.8182763596284763,-29.964289783561853,25.328
6.516000000000002,0.5100702976530282,0.0,1.9487732912826772,14.481319874443606,down,up,up,down,0.02026914912855,-0.0033133071621396,-2.8182763596284763,-29.964289783561853,25.344
6.531000000000002,0.5103410624369502,0.0,1.9563766768759203,14.494305395076843,down,up,up,down,0.02026914912855,-0.0033133071621396,-2.8182763596284763,-29.964289783561853,25.359
6.562999999999999,0.5112103072279837,0.0,1.972615472961369,14.521626364187554,down,up,up,down,0.02026914912855,-0.0033133071621396,-2.8182763596284763,-29.964289783561853,25.391
6.594000000000001,0.5111316248732347,0.022807289604322302,1.9883590603869128,14.54759782606915,down,up,up,down,0.02026914912855,-0.0033133071621396,-2.8182763596284763,-29.964289783561853,25.422
6.609000000000002,0.5111222579772772,0.0208936088590527,1.9959762649008597,14.559989456523915,down,up,up,down,0.02026914912855,-0.0033133071621396,-2.8182763596284763,-29.964289783561853,25.437
6.625,0.5123578202498535,0.05695349290748179,2.0041110926120815,14.57308117941787,down,up,up,down,0.02026914912855,-0.0033133071621396,-2.8182763596284763,-29.964289783561853,25.453
6.641000000000002,0.5124285807960423,0.0158466149917563,2.012256370905855,14.586042661463786,down,up,up,down,0.02026914912855,-0.0033133071621396,-2.8182763596284763,-29.964289783561853,25.469
6.656000000000002,0.5124845427998981,0.0165383488714952,2.019893519725393,14.598075682678477,down,up,up,down,0.02026914912855,-0.0033133071621396,-2.8182763596284763,-29.964289783561853,25.484
6.672000000000001,0.5119250339968247,0.05523844932064301,2.028035783425172,14.610784670007327,down,up,up,down,0.02026914912855,-0.0033133071621396,-2.8182763596284763,-29.964289783561853,25.5
6.687999999999999,0.511595935498427,0.040837805278407496,2.0361709382665385,14.623363437987848,down,up,up,down,0.02026914912855,-0.0033133071621396,-2.8182763596284763,-29.964289783561853,25.516
6.702999999999999,0.5113052710659751,0.0396467779586724,2.0437929977083398,14.635037853862464,down,up,up,down,0.02026914912855,-0.0033133071621396,-2.8182763596284763,-29.964289783561853,25.531
6.719000000000001,0.5100896225869764,0.0962471790659594,2.05191114394297,14.64736464248331,down,up,up,down,0.02026914912855,-0.0033133071621396,-2.8182763596284763,-29.964289783561853,25.547
6.734000000000002,0.5108357895331714,0.029475313951115,2.0595183849264393,14.658803066411217,down,up,up,down,0.02026914912855,-0.0033133071621396,-2.8182763596284763,-29.964289783561853,25.562
6.766000000000002,0.5115506875483273,0.0,2.075770542730555,14.682823287076815,down,up,up,down,0.02026914912855,-0.0033133071621396,-2.8182763596284763,-29.964289783561853,25.594
6.781000000000002,0.5111188014904986,0.0490615529837978,2.083390864290914,14.69390372191858,down,up,up,down,0.02026914912855,-0.0033133071621396,-2.8182763596284763,-29.964289783561853,25.609
6.797000000000001,0.5109817919916271,0.028832242808021,2.091514656124176,14.705596899509317,down,up,up,down,0.02026914912855,-0.0033133071621396,-2.8182763596284763,-29.964289783561853,25.625
6.827999999999999,0.5108400763961569,0.024840619950168202,2.1072501825621597,14.72788261165816,down,up,up,down,0.02026914912855,-0.0033133071621396,-2.8182763596284763,-29.964289783561853,25.656
6.844000000000001,0.511124214098011,0.0,2.11537288397152,14.739194048879945,down,up,up,down,0.02026914912855,-0.0033133071621396,-2.8182763596284763,-29.964289783561853,25.672
6.859000000000002,0.5111544390961971,0.0182541492494797,2.1229902742630444,14.749680470587613,down,up,up,down,0.02026914912855,-0.0033133071621396,-2.8182763596284763,-29.964289783561853,25.687
6.875,0.5131388518074758,0.103756645326382,2.1311316076756786,14.760739917286159,down,up,up,down,0.02026914912855,-0.0033133071621396,-2.8182763596284763,-29.964289783561853,25.703
6.891000000000002,0.5144148373492001,0.059479947229214,2.139299024274339,14.771668893984618,down,up,up,down,0.02026914912855,-0.0033133071621396,-2.8182763596284763,-29.964289783561853,25.719
6.906000000000002,0.5156525954713089,0.06224805901203359,2.1469748304130607,14.78179598546889,down,up,up,down,0.02026914912855,-0.0033133071621396,-2.8182763596284763,-29.964289783561853,25.734
6.922000000000001,0.5166481701854018,0.041954270502259305,2.155180223623719,14.792471166790648,down,up,up,down,0.02026914912855,-0.0033133071621396,-2.8182763596284763,-29.964289783561853,25.75
6.937999999999999,0.5181357392858477,0.0727039196493287,2.1634054819848942,14.803014902899832,down,up,up,down,0.02026914912855,-0.0033133071621396,-2.8182763596284763,-29.964289783561853,25.766
6.952999999999999,0.5175473790435134,0.059493165284163,2.1711234057649325,14.812780081636134,down,up,up,down,0.02026914912855,-0.0033133071621396,-2.8182763596284763,-29.964289783561853,25.781
6.969000000000001,0.5169670877812838,0.056537353017901706,2.1793465085849375,14.823068744075393,down,up,up,down,0.02026914912855,-0.0033133071621396,-2.8182763596284763,-29.964289783561853,25.797
6.984000000000002,0.5183558898967817,0.0723176585713109,2.1870617313100915,14.832594827670604,down,up,up,down,0.02026914912855,-0.0033133071621396,-2.8182763596284763,-29.964289783561853,25.812
7.016000000000002,0.517203602934762,0.05627811669166691,2.2035246573662075,14.852530288959898,down,up,up,down,0.02026914912855,-0.0033133071621396,-2.8182763596284763,-29.964289783561853,25.844
7.031000000000002,0.5160745680476353,0.095538141603659,2.2112245440411438,14.86169381534377,down,up,up,down,0.02026914912855,-0.0033133071621396,-2.8182763596284763,-29.964289783561853,25.859
7.047000000000001,0.5165569840461295,0.0,2.2194325835432984,14.87134098007715,down,up,up,down,0.02026914912855,-0.0033133071621396,-2.8182763596284763,-29.964289783561853,25.875
7.062999999999999,0.5176886508949501,0.0504600289227453,2.227653535708232,14.88085671287719,down,up,up,down,0.02026914912855,-0.0033133071621396,-2.8182763596284763,-29.964289783561853,25.891
7.077999999999999,0.5188431413161787,0.05669687895335469,2.235377824542384,14.889658123069736,down,up,up,down,0.02026914912855,-0.0033133071621396,-2.8182763596284763,-29.964289783561853,25.906
7.094000000000001,0.5187572268003997,0.025638806364736602,2.243625614572723,14.898918517310875,down,up,up,down,0.02026914912855,-0.0033133071621396,-2.8182763596284763,-29.964289783561853,25.922
7.109000000000002,0.517753678803567,0.0871723489173918,2.251349746757321,14.90748034749533,down,up,up,down,0.02026914912855,-0.0033133071621396,-2.8182763596284763,-29.964289783561853,25.937
7.125,0.5183421900860168,0.016512806024563,2.2595855007938423,14.916485287268976,down,up,up,down,0.02026914912855,-0.0033133071621396,-2.8182763596284763,-29.964289783561853,25.953
7.141000000000002,0.5189111694810187,0.015292063059064099,2.2678305147557856,14.925358380898636,down,up,up,down,0.02026914912855,-0.0033133071621396,-2.8182763596284763,-29.964289783561853,25.969
7.156000000000002,0.5193558003244068,0.0,2.2755678174218943,14.93355703880173,down,up,up,down,0.02026914912855,-0.0033133071621396,-2.8182763596284763,-29.964289783561853,25.984
7.172000000000001,0.5179621364828098,0.1073731392283723,2.283813348001757,14.942174411232394,down,up,up,down,0.02026914912855,-0.0033133071621396,-2.8182763596284763,-29.964289783561853,26.0
7.187999999999999,0.516596708439204,0.10560840185391761,2.292036805846538,14.95066003175566,down,up,up,down,0.02026914912855,-0.0033133071621396,-2.8182763596284763,-29.964289783561853,26.016
7.202999999999999,0.5147629307028545,0.1425209982185132,2.2997223035326715,14.95849598382975,down,up,up,down,0.02026914912855,-0.0033133071621396,-2.8182763596284763,-29.964289783561853,26.031
7.219000000000001,0.5136344799183075,0.0907973231627322,2.3078964699030475,14.96672745539631,down,up,up,down,0.02026914912855,-0.0033133071621396,-2.8182763596284763,-29.964289783561853,26.047
7.234000000000002,0.5125407689813173,0.093183211594559,2.315543084662363,14.974325804131496,down,up,up,down,0.02026914912855,-0.0033133071621396,-2.8182763596284763,-29.964289783561853,26.062
7.25,0.5106959186850144,0.1355722926474927,2.323675965249098,14.98230447348626,down,up,up,down,0.02026914912855,-0.0033133071621396,-2.8182763596284763,-29.964289783561853,26.078
7.266000000000002,0.5078739871674056,0.19663986897907948,2.331771511581324,14.990153315425673,down,up,up,down,0.02026914912855,-0.0033133071621396,-2.8182763596284763,-29.964289783561853,26.094
7.281000000000002,0.5050768094516904,0.20674766350955578,2.3393189429485353,14.997394282411129,down,up,up,down,0.02026914912855,-0.0033133071621396,-2.8182763596284763,-29.964289783561853,26.109
7.312999999999999,0.5025035587991268,0.1006832320211691,2.3553342030113584,15.012464675583878,down,up,up,down,0.02026914912855,-0.0033133071621396,-2.8182763596284763,-29.964289783561853,26.141
7.327999999999999,0.4974624053185952,0.3563460478306499,2.362784248134809,15.019352932594707,down,up,up,down,0.02026914912855,-0.0033133071621396,-2.8182763596284763,-29.964289783561853,26.156
7.344000000000001,0.4925389502425474,0.3279850913814996,2.370651246064705,15.026577870395165,down,up,up,down,0.02026914912855,-0.0033133071621396,-2.8182763596284763,-29.964289783561853,26.172
7.359000000000002,0.4874744536629496,0.3579022544350601,2.3779516469865647,15.033237494091708,down,up,up,down,0.02026914912855,-0.0033133071621396,-2.8182763596284763,-29.964289783561853,26.187
7.375,0.4797930222173523,0.5003586144784339,2.385636773879012,15.04022120847884,down,up,up,down,0.02026914912855,-0.0033133071621396,-2.8182763596284763,-29.964289783561853,26.203
7.391000000000002,0.4723508232460105,0.4854065848373601,2.393200911728125,15.04708292874804,down,up,up,down,0.02026914912855,-0.0033133071621396,-2.8182763596284763,-29.964289783561853,26.219
7.406000000000002,0.4652327096915893,0.49481005275660916,2.400183088617726,15.053406694139873,down,up,up,down,0.02026914912855,-0.0033133071621396,-2.8182763596284763,-29.964289783561853,26.234
7.422000000000001,0.45877576872969783,0.42382795924681527,2.407522143530501,15.06003747403674,down,up,up,down,0.02026914912855,-0.0033133071621396,-2.8182763596284763,-29.964289783561853,26.25
7.437999999999999,0.4516452203044831,0.465928425704515,2.414752498528179,15.066551698654322,down,up,up,down,0.02026914912855,-0.0033133071621396,-2.8182763596284763,-29.964289783561853,26.266
7.452999999999999,0.4446783757077241,0.4847254555791326,2.421425225890839,15.072554511115605,down,up,up,down,0.02026914912855,-0.0033133071621396,-2.8182763596284763,-29.964289783561853,26.281
7.469000000000001,0.43630581121390394,0.5435544299922527,2.4284200864716183,15.078848170370755,down,up,up,down,0.02026914912855,-0.0033133071621396,-2.8182763596284763,-29.964289783561853,26.297
7.5,0.4275789402096457,0.30178111700786037,2.4417075875966567,15.090727758571184,down,up,up,down,0.02026914912855,-0.0033133071621396,-2.8182763596284763,-29.964289783561853,26.328
7.516000000000002,0.4194994376647738,0.5252380581829864,2.4484312017050587,15.096699070010828,down,up,up,down,0.02026914912855,-0.0033133071621396,-2.8182763596284763,-29.964289783561853,26.344
7.547000000000001,0.411591095248303,0.27537696901471337,2.4612103924431845,15.107966192450014,down,up,up,down,0.02026914912855,-0.0033133071621396,-2.8182763596284763,-29.964289783561853,26.375
7.562999999999999,0.4038810193566568,0.5021488923564896,2.4676811564454293,15.113627481812962,down,up,up,down,0.02026914912855,-0.0033133071621396,-2.8182763596284763,-29.964289783561853,26.391
7.577999999999999,0.3962558293032962,0.528615152685904,2.4736324832029473,15.118841774910024,down,up,up,down,0.02026914912855,-0.0033133071621396,-2.8182763596284763,-29.964289783561853,26.406
7.594000000000001,0.3868946877265013,0.6053404976781662,2.479844674424592,15.124306379403059,down,up,up,down,0.02026914912855,-0.0033133071621396,-2.8182763596284763,-29.964289783561853,26.422
7.609000000000002,0.378457857163891,0.5827245199692189,2.485535118903838,15.129340176347526,down,up,up,down,0.02026914912855,-0.0033133071621396,-2.8182763596284763,-29.964289783561853,26.437
7.625,0.3689989366903567,0.6114516787245057,2.4914617603400773,15.134616623067629,down,up,up,down,0.02026914912855,-0.0033133071621396,-2.8182763596284763,-29.964289783561853,26.453
7.641000000000002,0.3602403883738603,0.5676784189095183,2.497242662025997,15.139799409442759,down,up,up,down,0.02026914912855,-0.0033133071621396,-2.8182763596284763,-29.964289783561853,26.469
7.656000000000002,0.351694949665589,0.5899650630132812,2.5025324774538613,15.144575241291086,down,up,up,down,0.02026914912855,-0.0033133071621396,-2.8182763596284763,-29.964289783561853,26.484
7.672000000000001,0.3439852323650303,0.5021264804135214,2.5080449059955114,15.14958304397755,down,up,up,down,0.02026914912855,-0.0033133071621396,-2.8182763596284763,-29.964289783561853,26.5
7.687999999999999,0.33752259348127645,0.4241840793632112,2.513443955687687,15.15450355483813,down,up,up,down,0.02026914912855,-0.0033133071621396,-2.8182763596284763,-29.964289783561853,26.516
7.702999999999999,0.3312158719481797,0.4407172513349839,2.5184097945709762,15.159038797105616,down,up,up,down,0.02026914912855,-0.0033133071621396,-2.8182763596284763,-29.964289783561853,26.531
7.719000000000001,0.3238450897242621,0.4809430381233431,2.5235972693497617,15.163795162348308,down,up,up,down,0.02026914912855,-0.0033133071621396,-2.8182763596284763,-29.964289783561853,26.547
7.734000000000002,0.3160062551640567,0.5428581198088902,2.5283464548289922,15.168179729811392,down,up,up,down,0.02026914912855,-0.0033133071621396,-2.8182763596284763,-29.964289783561853,26.562
7.75,0.3093912056958068,0.4337097408942191,2.533296621601276,15.172779006954002,down,up,up,down,0.02026914912855,-0.0033133071621396,-2.8182763596284763,-29.964289783561853,26.578
7.766000000000002,0.3029336665624757,0.42386534496169387,2.538142207664749,15.177299918073928,down,up,up,down,0.02026914912855,-0.0033133071621396,-2.8182763596284763,-29.964289783561853,26.594
7.781000000000002,0.295625879773798,0.5074549350403793,2.542581704654839,15.181468634125956,down,up,up,down,0.02026914912855,-0.0033133071621396,-2.8182763596284763,-29.964289783561853,26.609
7.812999999999999,0.2891600039409567,0.222327768904863,2.551832252965086,15.19014285431215,down,up,up,down,0.02026914912855,-0.0033133071621396,-2.8182763596284763,-29.964289783561853,26.641
7.827999999999999,0.2828066464849037,0.4438263128654028,2.556072303235848,15.194107715535068,down,up,up,down,0.02026914912855,-0.0033133071621396,-2.8182763596284763,-29.964289783561853,26.656
7.844000000000001,0.2780343745428837,0.3185361455047674,2.5605060184894763,15.198267510715318,down,up,up,down,0.02026914912855,-0.0033133071621396,-2.8182763596284763,-29.964289783561853,26.672
7.859000000000002,0.271996821646649,0.4227726755441776,2.5645815528534657,15.202103499324679,down,up,up,down,0.02026914912855,-0.0033133071621396,-2.8182763596284763,-29.964289783561853,26.687
7.875,0.2660840696997279,0.38981614581115887,2.568833187069642,15.20612860315935,down,up,up,down,0.02026914912855,-0.0033133071621396,-2.8182763596284763,-29.964289783561853,26.703
7.891000000000002,0.2610113611575943,0.3373134330118643,2.572996937601907,15.210086383916028,down,up,up,down,0.02026914912855,-0.0033133071621396,-2.8182763596284763,-29.964289783561853,26.719
7.906000000000002,0.255903141463003,0.36081712876795696,2.5768240967641294,15.213736871552705,down,up,up,down,0.02026914912855,-0.0033133071621396,-2.8182763596284763,-29.964289783561853,26.734
7.922000000000001,0.2501587752946487,0.3792920346507317,2.580819579183596,15.217568143899186,down,up,up,down,0.02026914912855,-0.0033133071621396,-2.8182763596284763,-29.964289783561853,26.75
7.937999999999999,0.2445640298099522,0.3699407419221208,2.5847243487098384,15.221336214230092,down,up,up,down,0.02026914912855,-0.0033133071621396,-2.8182763596284763,-29.964289783561853,26.766
7.952999999999999,0.2396391508594,0.3485944124986888,2.5883061729574264,15.224812630712016,down,up,up,down,0.02026914912855,-0.0033133071621396,-2.8182763596284763,-29.964289783561853,26.781
7.969000000000001,0.23360366819328948,0.3974868157604094,2.5920391025952543,15.22846229026166,down,up,up,down,0.02026914912855,-0.0033133071621396,-2.8182763596284763,-29.964289783561853,26.797
7.984000000000002,0.22768634446476269,0.41475739769699,2.5954490780827575,15.231830274300997,down,up,up,down,0.02026914912855,-0.0033133071621396,-2.8182763596284763,-29.964289783561853,26.812
8.0,0.22316813989123918,0.30265693497379836,2.599002901043011,15.235367080222048,down,up,up,down,0.02026914912855,-0.0033133071621396,-2.8182763596284763,-29.964289783561853,26.828
8.031000000000002,0.2201670555347376,0.11707832191891661,2.6057718840500876,15.242059638201589,down,up,up,down,0.02026914912855,-0.0033133071621396,-2.8182763596284763,-29.964289783561853,26.859
8.047,0.21741178196997699,0.1924737469261117,2.609219501835531,15.245432128868558,down,up,up,down,0.02026914912855,-0.0033133071621396,-2.8182763596284763,-29.964289783561853,26.875
8.062999999999999,0.2131027348798344,0.2895845922624903,2.6126106050557345,15.248749909767483,down,up,up,down,0.02026914912855,-0.0033133071621396,-2.8182763596284763,-29.964289783561853,26.891
8.078,0.2077263263678332,0.37869638326194727,2.61571712340766,15.251811597198433,down,up,up,down,0.02026914912855,-0.0033133071621396,-2.8182763596284763,-29.964289783561853,26.906
8.094000000000001,0.2025228067510926,0.34548912517480057,2.618946103558018,15.255026713136765,down,up,up,down,0.02026914912855,-0.0033133071621396,-2.8182763596284763,-29.964289783561853,26.922
8.109000000000002,0.1979835261572748,0.322887855383059,2.6219002014473984,15.257994511243659,down,up,up,down,0.02026914912855,-0.0033133071621396,-2.8182763596284763,-29.964289783561853,26.937
8.125,0.19435208902305579,0.2472339700172615,2.624985873454247,15.261111844398492,down,up,up,down,0.02026914912855,-0.0033133071621396,-2.8182763596284763,-29.964289783561853,26.953
8.141000000000002,0.1907810471859949,0.24345926394483228,2.6280139256293253,15.264180267759876,down,up,up,down,0.02026914912855,-0.0033133071621396,-2.8182763596284763,-29.964289783561853,26.969
8.156000000000002,0.18662457013558678,0.2973676191557471,2.630794768151805,15.26701334795095,down,up,up,down,0.02026914912855,-0.0033133071621396,-2.8182763596284763,-29.964289783561853,26.984
8.172,0.1850536969023437,0.1184487262062557,2.633715181373514,15.269989690108794,down,up,up,down,0.02026914912855,-0.0033133071621396,-2.8182763596284763,-29.964289783561853,27.0
8.187999999999999,0.1834841746771456,0.1183642882034437,2.6366104714315552,15.272919506640406,down,up,up,down,0.02026914912855,-0.0033133071621396,-2.8182763596284763,-29.964289783561853,27.016
8.203,0.1790979098183615,0.3126868063808067,2.6392801374578396,15.27562447246816,down,up,up,down,0.02026914912855,-0.0033133071621396,-2.8182763596284763,-29.964289783561853,27.031
8.219000000000001,0.1743081700469968,0.31962788483881427,2.6420543731821686,15.278466218137098,down,up,up,down,0.02026914912855,-0.0033133071621396,-2.8182763596284763,-29.964289783561853,27.047
8.234000000000002,0.1720760222661699,0.1690790011836724,2.644602555017085,15.281090436570032,down,up,up,down,0.02026914912855,-0.0033133071621396,-2.8182763596284763,-29.964289783561853,27.062
8.25,0.1698583653377152,0.1588727071569814,2.647285017203322,15.283847757746322,down,up,up,down,0.02026914912855,-0.0033133071621396,-2.8182763596284763,-29.964289783561853,27.078
8.266000000000002,0.1670148710773915,0.1979875403987619,2.649926990180049,15.286562483441308,down,up,up,down,0.02026914912855,-0.0033133071621396,-2.8182763596284763,-29.964289783561853,27.094
8.297,0.1621984194522223,0.1756385563920783,2.654927083661231,15.291703812445249,down,up,up,down,0.02026914912855,-0.0033133071621396,-2.8182763596284763,-29.964289783561853,27.125
8.312999999999999,0.1575453381833682,0.3110867284319638,2.6574320208077213,15.294297361363554,down,up,up,down,0.02026914912855,-0.0033133071621396,-2.8182763596284763,-29.964289783561853,27.141
8.328,0.1552491997970282,0.17334504155121208,2.6597282802351425,15.296692804500161,down,up,up,down,0.02026914912855,-0.0033133071621396,-2.8182763596284763,-29.964289783561853,27.156
8.359000000000002,0.1526018266280981,0.1056682836101578,2.664397258622706,15.301535425796345,down,up,up,down,0.02026914912855,-0.0033133071621396,-2.8182763596284763,-29.964289783561853,27.187
8.375,0.1499430277904547,0.18644407648128178,2.66676460454346,15.30397855264507,down,up,up,down,0.02026914912855,-0.0033133071621396,-2.8182763596284763,-29.964289783561853,27.203
8.391000000000002,0.14620845171704208,0.2536801537168147,2.669080803464926,15.306384211135061,down,up,up,down,0.02026914912855,-0.0033133071621396,-2.8182763596284763,-29.964289783561853,27.219
8.406000000000002,0.142175217183821,0.2891514513432744,2.6711939813742505,15.308606295643195,down,up,up,down,0.02026914912855,-0.0033133071621396,-2.8182763596284763,-29.964289783561853,27.234
8.422,0.13880355256447519,0.2309981878376852,2.6733887986176423,15.310942055157312,down,up,up,down,0.02026914912855,-0.0033133071621396,-2.8182763596284763,-29.964289783561853,27.25
8.437999999999999,0.13675446542692168,0.1483370952256631,2.675540249846979,15.31324304452366,down,up,up,down,0.02026914912855,-0.0033133071621396,-2.8182763596284763,-29.964289783561853,27.266
8.453,0.1347491570959977,0.1539563711901408,2.6775268274084687,15.315369186838666,down,up,up,down,0.02026914912855,-0.0033133071621396,-2.8182763596284763,-29.964289783561853,27.281
8.469000000000001,0.13219071408388308,0.1801718373856951,2.679609333463314,15.317604519305746,down,up,up,down,0.02026914912855,-0.0033133071621396,-2.8182763596284763,-29.964289783561853,27.297
8.484000000000002,0.1312241104306828,0.08470939267523671,2.681535245039741,15.319670080361398,down,up,up,down,0.02026914912855,-0.0033133071621396,-2.8182763596284763,-29.964289783561853,27.312
8.5,0.1303079781579512,0.0775274161742796,2.6835744888338557,15.32184162424447,down,up,up,down,0.02026914912855,-0.0033133071621396,-2.8182763596284763,-29.964289783561853,27.328
8.516000000000002,0.1272342297191801,0.2123784265517198,2.685581813582279,15.323980795579189,down,up,up,down,0.02026914912855,-0.0033133071621396,-2.8182763596284763,-29.964289783561853,27.344
8.531000000000002,0.1244889773410022,0.2032859743404036,2.687420038027798,15.32595742708655,down,up,up,down,0.02026914912855,-0.0033133071621396,-2.8182763596284763,-29.964289783561853,27.359
8.562999999999999,0.1210821344305994,0.1267329900786501,2.691243149986955,15.330083659586414,down,up,up,down,0.02026914912855,-0.0033133071621396,-2.8182763596284763,-29.964289783561853,27.391
8.578,0.11773877408062809,0.24315983912662759,2.692984607193357,15.331976096801988,down,up,up,down,0.02026914912855,-0.0033133071621396,-2.8182763596284763,-29.964289783561853,27.406
8.594000000000001,0.11499652517883689,0.19165970549048078,2.6947934766728388,15.333966293885112,down,up,up,down,0.02026914912855,-0.0033133071621396,-2.8182763596284763,-29.964289783561853,27.422
8.625,0.1121304458800942,0.112723320055738,2.6982112322022256,15.337741288046033,down,up,up,down,0.02026914912855,-0.0033133071621396,-2.8182763596284763,-29.964289783561853,27.453
8.641000000000002,0.1091366463072542,0.2073816224310266,2.6999283560251306,15.339648593094267,down,up,up,down,0.02026914912855,-0.0033133071621396,-2.8182763596284763,-29.964289783561853,27.469
8.656000000000002,0.1071573284389106,0.15222367368478498,2.7015008612282947,15.341412019359296,down,up,up,down,0.02026914912855,-0.0033133071621396,-2.8182763596284763,-29.964289783561853,27.484
8.672,0.1048306634245417,0.1656857125266257,2.7031437522486077,15.343267284205538,down,up,up,down,0.02026914912855,-0.0033133071621396,-2.8182763596284763,-29.964289783561853,27.5
8.687999999999999,0.10257401482407849,0.1613096866575125,2.7047499767600023,15.345096556127523,down,up,up,down,0.02026914912855,-0.0033133071621396,-2.8182763596284763,-29.964289783561853,27.516
8.703,0.09950023042873819,0.2251881088178982,2.7062158339919664,15.346788457941308,down,up,up,down,0.02026914912855,-0.0033133071621396,-2.8182763596284763,-29.964289783561853,27.531
8.719000000000001,0.09711719137930419,0.1692090897181541,2.7077357604518366,15.348569266939819,down,up,up,down,0.02026914912855,-0.0033133071621396,-2.8182763596284763,-29.964289783561853,27.547
8.734000000000002,0.09477177918366829,0.1766299621709365,2.709125228123627,15.350216954919922,down,up,up,down,0.02026914912855,-0.0033133071621396,-2.8182763596284763,-29.964289783561853,27.562
8.75,0.09207983096826479,0.188515912591289,2.710567028090248,15.351951838624267,down,up,up,down,0.02026914912855,-0.0033133071621396,-2.8182763596284763,-29.964289783561853,27.578
8.766000000000002,0.0908774226031851,0.0954196719460214,2.711977673204226,15.35366390276797,down,up,up,down,0.02026914912855,-0.0033133071621396,-2.8182763596284763,-29.964289783561853,27.594
8.781000000000002,0.08969751084564939,0.0989299329642626,2.7132822855976597,15.355248598471384,down,up,up,down,0.02026914912855,-0.0033133071621396,-2.8182763596284763,-29.964289783561853,27.609
8.812999999999999,0.0885042593825833,0.0575582573493712,2.7160274880921227,15.35856448560046,down,up,up,down,0.02026914912855,-0.0033133071621396,-2.8182763596284763,-29.964289783561853,27.641
8.828,0.0865350384117338,0.15155054718517869,2.717290583218148,15.360088745460068,down,up,up,down,0.02026914912855,-0.0033133071621396,-2.8182763596284763,-29.964289783561853,27.656
8.844000000000001,0.0838275326548245,0.1894882589353596,2.7186004708720866,15.361694038781394,down,up,up,down,0.02026914912855,-0.0033133071621396,-2.8182763596284763,-29.964289783561853,27.672
8.859000000000002,0.08223024464096429,0.1267550167192236,2.7197962045943727,15.36318020910982,down,up,up,down,0.02026914912855,-0.0033133071621396,-2.8182763596284763,-29.964289783561853,27.687
8.875,0.07895665102191879,0.22486875031891979,2.7210326868450814,15.364745999732364,down,up,up,down,0.02026914912855,-0.0033133071621396,-2.8182763596284763,-29.964289783561853,27.703
8.891000000000002,0.075757234828746,0.2202326612018255,2.722217385017293,15.36629242091152,down,up,up,down,0.02026914912855,-0.0033133071621396,-2.8182763596284763,-29.964289783561853,27.719
8.906000000000002,0.0730420085946974,0.2012842313984517,2.7232836797355366,15.36772530832031,down,up,up,down,0.02026914912855,-0.0033133071621396,-2.8182763596284763,-29.964289783561853,27.734
8.922,0.07299240414307019,0.023369427355247902,2.7243989421228445,15.369236269099488,down,up,up,down,0.02026914912855,-0.0033133071621396,-2.8182763596284763,-29.964289783561853,27.75
8.937999999999999,0.0730034979140192,0.019575788444238202,2.7255138964247068,15.370729388145165,down,up,up,down,0.02026914912855,-0.0033133071621396,-2.8182763596284763,-29.964289783561853,27.766
8.953,0.072069678540437,0.0825237740340254,2.726552245640683,15.3721130374741,down,up,up,down,0.02026914912855,-0.0033133071621396,-2.8182763596284763,-29.964289783561853,27.781
8.969000000000001,0.0706887441337542,0.1065775495462187,2.7276413001074826,15.373571910862168,down,up,up,down,0.02026914912855,-0.0033133071621396,-2.8182763596284763,-29.964289783561853,27.797
8.984000000000002,0.0701902263053355,0.0535036710231286,2.7286481927783437,15.37492388505995,down,up,up,down,0.02026914912855,-0.0033133071621396,-2.8182763596284763,-29.964289783561853,27.812
9.0,0.06967394771707619,0.0525365608947605,2.7297140932559287,15.37634940852574,down,up,up,down,0.02026914912855,-0.0033133071621396,-2.8182763596284763,-29.964289783561853,27.828
9.031000000000002,0.06937304301034959,0.029975752571343203,2.7317666090901773,15.379063024787854,down,up,up,down,0.02026914912855,-0.0033133071621396,-2.8182763596284763,-29.964289783561853,27.859
9.062999999999999,0.0690697180020176,0.029748055638925,2.7338756674371867,15.381797591871525,down,up,up,down,0.02026914912855,-0.0033133071621396,-2.8182763596284763,-29.964289783561853,27.891
9.078,0.06719482533752509,0.1452619934280438,2.734847951904801,15.383056310120885,down,up,up,down,0.02026914912855,-0.0033133071621396,-2.8182763596284763,-29.964289783561853,27.906
9.094000000000001,0.0653313897952898,0.1367338705182455,2.7358551487112694,15.384383107070015,down,up,up,down,0.02026914912855,-0.0033133071621396,-2.8182763596284763,-29.964289783561853,27.922
9.109000000000002,0.06350627736922469,0.141943310866218,2.7367717316075715,15.38561255086205,down,up,up,down,0.02026914912855,-0.0033133071621396,-2.8182763596284763,-29.964289783561853,27.937
9.125,0.0621807438049444,0.10311499689608,2.73772421486237,15.386909005044345,down,up,up,down,0.02026914912855,-0.0033133071621396,-2.8182763596284763,-29.964289783561853,27.953
9.141000000000002,0.0601452410808338,0.14748806938544648,2.7386498098268626,15.388190434600887,down,up,up,down,0.02026914912855,-0.0033133071621396,-2.8182763596284763,-29.964289783561853,27.969
9.156000000000002,0.0581641419876497,0.15234242200748588,2.739487430592444,15.389378550692165,down,up,up,down,0.02026914912855,-0.0033133071621396,-2.8182763596284763,-29.964289783561853,27.984
9.172,0.057098225406718904,0.0868889354367325,2.7403565166170045,15.390632220868554,down,up,up,down,0.02026914912855,-0.0033133071621396,-2.8182763596284763,-29.964289783561853,28.0
9.203,0.056021748000087905,0.0549942267618084,2.742007163682784,15.393022150972392,down,up,up,down,0.02026914912855,-0.0033133071621396,-2.8182763596284763,-29.964289783561853,28.031
9.219000000000001,0.0549763373034117,0.0856073176708042,2.742842135450618,15.394235778333389,down,up,up,down,0.02026914912855,-0.0033133071621396,-2.8182763596284763,-29.964289783561853,28.047
9.234000000000002,0.0541659791246242,0.074293027714381,2.744111003216396,15.395357775187804,down,up,up,down,0.02026914912855,-0.0033133071621396,-2.8182763596284763,-29.964289783561853,28.062
9.25,0.0529701492281393,0.09500851765886591,2.7454150793286236,15.396533988281497,down,up,up,down,0.02026914912855,-0.0033133071621396,-2.8182763596284763,-29.964289783561853,28.078
9.281000000000002,0.051656723504526804,0.0626377208579816,2.7474340833339537,15.398761393408712,down,up,up,down,0.02026914912855,-0.0033133071621396,-2.8182763596284763,-29.964289783561853,28.109
9.297,0.0510344982559711,0.059158227163286004,2.7487026001934436,15.399884721694548,down,up,up,down,0.02026914912855,-0.0033133071621396,-2.8182763596284763,-29.964289783561853,28.125
9.312999999999999,0.049283057319703505,0.1297342076452843,2.7499521277234544,15.400987905625264,down,up,up,down,0.02026914912855,-0.0033133071621396,-2.8182763596284763,-29.964289783561853,28.141
9.328,0.047628099039842504,0.1305997011192833,2.751129261788719,15.402003940598355,down,up,up,down,0.02026914912855,-0.0033133071621396,-2.8182763596284763,-29.964289783561853,28.156
9.344000000000001,0.0467049849697644,0.07796377850842211,2.752330913546202,15.40306868094973,down,up,up,down,0.02026914912855,-0.0033133071621396,-2.8182763596284763,-29.964289783561853,28.172
9.359000000000002,0.0463187095259875,0.046020845380342,2.7534788916474877,15.404049252805201,down,up,up,down,0.02026914912855,-0.0033133071621396,-2.8182763596284763,-29.964289783561853,28.187
9.375,0.0459604622306777,0.042659605085419,2.754664112106947,15.405076530529222,down,up,up,down,0.02026914912855,-0.0033133071621396,-2.8182763596284763,-29.964289783561853,28.203
9.391000000000002,0.0433965646603428,0.1805127472744581,2.755825955407481,15.40608503174316,down,up,up,down,0.02026914912855,-0.0033133071621396,-2.8182763596284763,-29.964289783561853,28.219
9.406000000000002,0.042601954858776304,0.0732431358996504,2.756921244696442,15.407013573136808,down,up,up,down,0.02026914912855,-0.0033133071621396,-2.8182763596284763,-29.964289783561853,28.234
9.422,0.0418104112171508,0.0697406267301479,2.7580435307104554,15.407986276687609,down,up,up,down,0.02026914912855,-0.0033133071621396,-2.8182763596284763,-29.964289783561853,28.25
9.437999999999999,0.040554410965375605,0.098769164864508,2.7591494363733213,15.408941154704998,down,up,up,down,0.02026914912855,-0.0033133071621396,-2.8182763596284763,-29.964289783561853,28.266
9.453,0.0395206866424721,0.0891841039887804,2.760200299997948,15.40982017707664,down,up,up,down,0.02026914912855,-0.0033133071621396,-2.8182763596284763,-29.964289783561853,28.281
9.469000000000001,0.0373600598043193,0.1553083265130898,2.761262333054928,15.410740897766274,down,up,up,down,0.02026914912855,-0.0033133071621396,-2.8182763596284763,-29.964289783561853,28.297
9.484000000000002,0.0352872883656534,0.1584539117062721,2.7622574885587707,15.4115886444986,down,up,up,down,0.02026914912855,-0.0033133071621396,-2.8182763596284763,-29.964289783561853,28.312
9.5,0.0336639176526691,0.12172981869007611,2.763256085292323,15.412476957661845,down,up,up,down,0.02026914912855,-0.0033133071621396,-2.8182763596284763,-29.964289783561853,28.328
9.531000000000002,0.0328818471085057,0.045497231198337096,2.764684832124095,15.41416044059038,down,up,up,down,0.02026914912855,-0.0033133071621396,-2.8182763596284763,-29.964289783561853,28.359
9.547,0.0321327511395707,0.067087647186987,2.7656519359954856,15.415010168199473,down,up,up,down,0.02026914912855,-0.0033133071621396,-2.8182763596284763,-29.964289783561853,28.375
9.562999999999999,0.0337278426271172,0.0794240688431135,2.7666258078310246,15.415844368002915,down,up,up,down,0.02026914912855,-0.0033133071621396,-2.8182763596284763,-29.964289783561853,28.391
9.578,0.0343724855385083,0.0227070449641885,2.7675868606848346,15.416611918383474,down,up,up,down,0.02026914912855,-0.0033133071621396,-2.8182763596284763,-29.964289783561853,28.406
9.594000000000001,0.0349855664127023,0.018048405508569596,2.76858871218585,15.41741493555456,down,up,up,down,0.02026914912855,-0.0033133071621396,-2.8182763596284763,-29.964289783561853,28.422
9.609000000000002,0.036783445738778904,0.0995894726098899,2.769577280169554,15.418152836006321,down,up,up,down,0.02026914912855,-0.0033133071621396,-2.8182763596284763,-29.964289783561853,28.437
9.625,0.038904853578481204,0.1123188408528565,2.7706297736494983,15.41892360132983,down,up,up,down,0.02026914912855,-0.0033133071621396,-2.8182763596284763,-29.964289783561853,28.453
9.641000000000002,0.040985415949396704,0.10976599905365249,2.771715882891127,15.419677257831559,down,up,up,down,0.02026914912855,-0.0033133071621396,-2.8182763596284763,-29.964289783561853,28.469
9.656000000000002,0.0399756353757627,0.08758785403748,2.7727733911686334,15.420367733670531,down,up,up,down,0.02026914912855,-0.0033133071621396,-2.8182763596284763,-29.964289783561853,28.484
