timestamps,aAcc,aJerk,aVelocity,aHeight,jerks_direction,accelerations_direction,velocities_direction,heights_direction,start_jerks,start_accelerations,start_velocities,start_heights,actual_timestamps
0.0,0.0,0.0,0.0,0.0,up,down,down,down,-0.0388763034219196,-0.0062493276785549,-2.1685783726094893e-05,-0.0022141209144915,3.938
0.016000000000000014,0.0,0.1105371460822233,0.0,0.0,up,down,down,down,-0.0388763034219196,-0.0062493276785549,-2.1685783726094893e-05,-0.0022141209144915,3.954
0.030999999999999694,0.0,0.061359584866544206,0.0,0.0,up,down,down,down,-0.0388763034219196,-0.0062493276785549,-2.1685783726094893e-05,-0.0022141209144915,3.969
0.04699999999999971,0.0,0.0525915681511835,0.0,0.0,up,down,down,down,-0.0388763034219196,-0.0062493276785549,-2.1685783726094893e-05,-0.0022141209144915,3.985
0.06199999999999983,0.0,0.034349846136616,0.0,0.0,up,down,down,down,-0.0388763034219196,-0.0062493276785549,-2.1685783726094893e-05,-0.0022141209144915,4.0
0.07799999999999985,0.0,0.0420843272720406,0.0,0.0,up,down,down,down,-0.0388763034219196,-0.0062493276785549,-2.1685783726094893e-05,-0.0022141209144915,4.016
0.09399999999999986,0.0,0.036282301437262604,0.0,0.0,up,down,down,down,-0.0388763034219196,-0.0062493276785549,-2.1685783726094893e-05,-0.0022141209144915,4.032
0.10899999999999954,0.0,0.16647773973877839,0.0,0.0,up,down,down,down,-0.0388763034219196,-0.0062493276785549,-2.1685783726094893e-05,-0.0022141209144915,4.047
0.14099999999999957,0.0,0.010044024949973297,0.0,0.0,up,down,down,down,-0.0388763034219196,-0.0062493276785549,-2.1685783726094893e-05,-0.0022141209144915,4.079
0.15600000000000014,0.0,0.0540306563423143,0.0,0.0,up,down,down,down,-0.0388763034219196,-0.0062493276785549,-2.1685783726094893e-05,-0.0022141209144915,4.094
0.17200000000000015,0.0,0.052676234366222194,0.0,0.0,up,down,down,down,-0.0388763034219196,-0.0062493276785549,-2.1685783726094893e-05,-0.0022141209144915,4.11
0.18699999999999983,0.0,0.012114416286056896,0.0,0.0,up,down,down,down,-0.0388763034219196,-0.0062493276785549,-2.1685783726094893e-05,-0.0022141209144915,4.125
0.20299999999999985,0.0,0.014242828170973797,0.0,0.0,up,down,down,down,-0.0388763034219196,-0.0062493276785549,-2.1685783726094893e-05,-0.0022141209144915,4.141
0.21899999999999986,0.0,0.010429366377517898,0.0,0.0,up,down,down,down,-0.0388763034219196,-0.0062493276785549,-2.1685783726094893e-05,-0.0022141209144915,4.157
0.24999999999999956,0.0,0.027849407439914098,0.0,0.0,up,down,down,down,-0.0388763034219196,-0.0062493276785549,-2.1685783726094893e-05,-0.0022141209144915,4.188
0.26599999999999957,0.0,0.043841298200564094,0.0,0.0,up,down,down,down,-0.0388763034219196,-0.0062493276785549,-2.1685783726094893e-05,-0.0022141209144915,4.204
0.28100000000000014,0.0,0.0637124017294644,0.0,0.0,up,down,down,down,-0.0388763034219196,-0.0062493276785549,-2.1685783726094893e-05,-0.0022141209144915,4.219
0.29700000000000015,0.0,0.06316277365869799,0.0,0.0,up,down,down,down,-0.0388763034219196,-0.0062493276785549,-2.1685783726094893e-05,-0.0022141209144915,4.235
0.32799999999999985,0.0,0.037865957486087495,0.0,0.0,up,down,down,down,-0.0388763034219196,-0.0062493276785549,-2.1685783726094893e-05,-0.0022141209144915,4.266
0.34399999999999986,0.0,0.06253373981390789,0.0,0.0,up,down,down,down,-0.0388763034219196,-0.0062493276785549,-2.1685783726094893e-05,-0.0022141209144915,4.282
0.35899999999999954,0.0,0.1450334084769451,0.0,0.0,up,down,down,down,-0.0388763034219196,-0.0062493276785549,-2.1685783726094893e-05,-0.0022141209144915,4.297
0.37499999999999956,0.0,0.0963691626981731,0.0,0.0,up,down,down,down,-0.0388763034219196,-0.0062493276785549,-2.1685783726094893e-05,-0.0022141209144915,4.313
0.40600000000000014,0.0,0.0,0.0,0.0,up,down,down,down,-0.0388763034219196,-0.0062493276785549,-2.1685783726094893e-05,-0.0022141209144915,4.344
0.42200000000000015,0.0,0.0249096894299195,0.0,0.0,up,down,down,down,-0.0388763034219196,-0.0062493276785549,-2.1685783726094893e-05,-0.0022141209144915,4.36
0.43699999999999983,0.0,0.0658529645207817,0.0,0.0,up,down,down,down,-0.0388763034219196,-0.0062493276785549,-2.1685783726094893e-05,-0.0022141209144915,4.375
0.45299999999999985,0.0,0.040528216007529094,0.0,0.0,up,down,down,down,-0.0388763034219196,-0.0062493276785549,-2.1685783726094893e-05,-0.0022141209144915,4.391
0.46899999999999986,0.0,0.0399995650431915,0.0,0.0,up,down,down,down,-0.0388763034219196,-0.0062493276785549,-2.1685783726094893e-05,-0.0022141209144915,4.407
0.48399999999999954,0.0,0.024315191555434795,0.0,0.0,up,down,down,down,-0.0388763034219196,-0.0062493276785549,-2.1685783726094893e-05,-0.0022141209144915,4.422
0.49999999999999956,0.0,0.0898898499658294,0.0,0.0,up,down,down,down,-0.0388763034219196,-0.0062493276785549,-2.1685783726094893e-05,-0.0022141209144915,4.438
0.5159999999999996,0.0,0.0846911162598605,0.0,0.0,up,down,down,down,-0.0388763034219196,-0.0062493276785549,-2.1685783726094893e-05,-0.0022141209144915,4.454
0.5310000000000001,0.0,0.0862547134112434,0.0,0.0,up,down,down,down,-0.0388763034219196,-0.0062493276785549,-2.1685783726094893e-05,-0.0022141209144915,4.469
0.5470000000000002,0.0,0.1148055224629016,0.0,0.0,up,down,down,down,-0.0388763034219196,-0.0062493276785549,-2.1685783726094893e-05,-0.0022141209144915,4.485
0.5619999999999998,0.0,0.0468015014667644,0.0,0.0,up,down,down,down,-0.0388763034219196,-0.0062493276785549,-2.1685783726094893e-05,-0.0022141209144915,4.5
0.5939999999999999,0.0,0.044548009150158,0.0,0.0,up,down,down,down,-0.0388763034219196,-0.0062493276785549,-2.1685783726094893e-05,-0.0022141209144915,4.532
0.6089999999999995,0.0,0.057505373227262596,0.0,0.0,up,down,down,down,-0.0388763034219196,-0.0062493276785549,-2.1685783726094893e-05,-0.0022141209144915,4.547
0.6409999999999996,0.0,0.0,0.0,0.0,up,down,down,down,-0.0388763034219196,-0.0062493276785549,-2.1685783726094893e-05,-0.0022141209144915,4.579
0.6560000000000001,0.0,0.0364861470859688,0.0,0.0,up,down,down,down,-0.0388763034219196,-0.0062493276785549,-2.1685783726094893e-05,-0.0022141209144915,4.594
0.6720000000000002,0.0,0.06201326591670479,0.0,0.0,up,down,down,down,-0.0388763034219196,-0.0062493276785549,-2.1685783726094893e-05,-0.0022141209144915,4.61
0.6869999999999998,0.0,0.0615678958756216,0.0,0.0,up,down,down,down,-0.0388763034219196,-0.0062493276785549,-2.1685783726094893e-05,-0.0022141209144915,4.625
0.7029999999999998,0.0,0.0297823319731493,0.0,0.0,up,down,down,down,-0.0388763034219196,-0.0062493276785549,-2.1685783726094893e-05,-0.0022141209144915,4.641
0.7189999999999999,0.0,0.06244004754663,0.0,0.0,up,down,down,down,-0.0388763034219196,-0.0062493276785549,-2.1685783726094893e-05,-0.0022141209144915,4.657
0.7339999999999995,0.0,0.0619847120717575,0.0,0.0,up,down,down,down,-0.0388763034219196,-0.0062493276785549,-2.1685783726094893e-05,-0.0022141209144915,4.672
0.7659999999999996,0.0,0.0518930801884919,0.0,0.0,up,down,down,down,-0.0388763034219196,-0.0062493276785549,-2.1685783726094893e-05,-0.0022141209144915,4.704
0.7810000000000001,0.0,0.033932049918357896,0.0,0.0,up,down,down,down,-0.0388763034219196,-0.0062493276785549,-2.1685783726094893e-05,-0.0022141209144915,4.719
0.7970000000000002,0.0,0.0851026445722878,0.0,0.0,up,down,down,down,-0.0388763034219196,-0.0062493276785549,-2.1685783726094893e-05,-0.0022141209144915,4.735
0.8119999999999998,0.0,0.109490073097671,0.0,0.0,up,down,down,down,-0.0388763034219196,-0.0062493276785549,-2.1685783726094893e-05,-0.0022141209144915,4.75
0.8279999999999998,0.0,0.017555687703007996,0.0,0.0,up,down,down,down,-0.0388763034219196,-0.0062493276785549,-2.1685783726094893e-05,-0.0022141209144915,4.766
0.8439999999999999,0.0,0.0183234442161506,0.0,0.0,up,down,down,down,-0.0388763034219196,-0.0062493276785549,-2.1685783726094893e-05,-0.0022141209144915,4.782
0.8589999999999995,0.0,0.1107491776871504,0.0,0.0,up,down,down,down,-0.0388763034219196,-0.0062493276785549,-2.1685783726094893e-05,-0.0022141209144915,4.797
0.8909999999999996,0.0,0.0115381611095478,0.0,0.0,up,down,down,down,-0.0388763034219196,-0.0062493276785549,-2.1685783726094893e-05,-0.0022141209144915,4.829
0.9060000000000001,0.0,0.11406687797290399,0.0,0.0,up,down,down,down,-0.0388763034219196,-0.0062493276785549,-2.1685783726094893e-05,-0.0022141209144915,4.844
0.9220000000000002,0.0,0.0,0.0,0.0,up,down,down,down,-0.0388763034219196,-0.0062493276785549,-2.1685783726094893e-05,-0.0022141209144915,4.86
0.9369999999999998,0.0,0.0,0.0,0.0,up,down,down,down,-0.0388763034219196,-0.0062493276785549,-2.1685783726094893e-05,-0.0022141209144915,4.875
0.9689999999999999,0.0,0.027644106668778198,0.0,0.0,up,down,down,down,-0.0388763034219196,-0.0062493276785549,-2.1685783726094893e-05,-0.0022141209144915,4.907
0.9999999999999996,0.0,0.0409925677815434,0.0,0.0,up,down,down,down,-0.0388763034219196,-0.0062493276785549,-2.1685783726094893e-05,-0.0022141209144915,4.938
1.0159999999999996,0.0,0.0738153582673371,0.0,0.0,up,down,down,down,-0.0388763034219196,-0.0062493276785549,-2.1685783726094893e-05,-0.0022141209144915,4.954
1.0310000000000001,0.0,0.0,0.0,0.0,up,down,down,down,-0.0388763034219196,-0.0062493276785549,-2.1685783726094893e-05,-0.0022141209144915,4.969
1.0470000000000002,0.0,0.0,0.0,0.0,up,down,down,down,-0.0388763034219196,-0.0062493276785549,-2.1685783726094893e-05,-0.0022141209144915,4.985
1.0619999999999998,0.0,0.0294463478275772,0.0,0.0,up,down,down,down,-0.0388763034219196,-0.0062493276785549,-2.1685783726094893e-05,-0.0022141209144915,5.0
1.0779999999999998,0.0,0.0507277323610332,0.0,0.0,up,down,down,down,-0.0388763034219196,-0.0062493276785549,-2.1685783726094893e-05,-0.0022141209144915,5.016
1.1089999999999995,0.0,0.033825861582844195,0.0,0.0,up,down,down,down,-0.0388763034219196,-0.0062493276785549,-2.1685783726094893e-05,-0.0022141209144915,5.047
1.1249999999999996,0.0,0.029972248044129898,0.0,0.0,up,down,down,down,-0.0388763034219196,-0.0062493276785549,-2.1685783726094893e-05,-0.0022141209144915,5.063
1.1409999999999996,0.0,0.0588723500993813,0.0,0.0,up,down,down,down,-0.0388763034219196,-0.0062493276785549,-2.1685783726094893e-05,-0.0022141209144915,5.079
1.1560000000000001,0.0,0.1356441942207223,0.0,0.0,up,down,down,down,-0.0388763034219196,-0.0062493276785549,-2.1685783726094893e-05,-0.0022141209144915,5.094
1.1720000000000002,0.0,0.1270950937272139,0.0,0.0,up,down,down,down,-0.0388763034219196,-0.0062493276785549,-2.1685783726094893e-05,-0.0022141209144915,5.11
1.1869999999999998,0.0,0.025111362581194195,0.0,0.0,up,down,down,down,-0.0388763034219196,-0.0062493276785549,-2.1685783726094893e-05,-0.0022141209144915,5.125
1.2029999999999998,0.0,0.046193872239475006,0.0,0.0,up,down,down,down,-0.0388763034219196,-0.0062493276785549,-2.1685783726094893e-05,-0.0022141209144915,5.141
1.2339999999999995,0.0,0.07942891812812,0.0,0.0,up,down,down,down,-0.0388763034219196,-0.0062493276785549,-2.1685783726094893e-05,-0.0022141209144915,5.172
1.2499999999999996,0.0,0.010027557881930799,0.0,0.0,up,down,down,down,-0.0388763034219196,-0.0062493276785549,-2.1685783726094893e-05,-0.0022141209144915,5.188
1.2659999999999996,0.0,0.08679180547221921,0.0,0.0,up,down,down,down,-0.0388763034219196,-0.0062493276785549,-2.1685783726094893e-05,-0.0022141209144915,5.204
1.2810000000000001,0.0,0.0899349716587281,0.0,0.0,up,down,down,down,-0.0388763034219196,-0.0062493276785549,-2.1685783726094893e-05,-0.0022141209144915,5.219
1.3119999999999998,0.0,0.02854061843121901,0.0,0.0,up,down,down,down,-0.0388763034219196,-0.0062493276785549,-2.1685783726094893e-05,-0.0022141209144915,5.25
1.3279999999999998,0.0,0.08907328849461212,0.0,0.0,up,down,down,down,-0.0388763034219196,-0.0062493276785549,-2.1685783726094893e-05,-0.0022141209144915,5.266
1.3439999999999999,0.0,0.1029666408987049,0.0,0.0,up,down,down,down,-0.0388763034219196,-0.0062493276785549,-2.1685783726094893e-05,-0.0022141209144915,5.282
1.3749999999999996,0.0,0.052703340995152996,0.0,0.0,up,down,down,down,-0.0388763034219196,-0.0062493276785549,-2.1685783726094893e-05,-0.0022141209144915,5.313
1.3909999999999996,0.0,0.0643763957824948,0.0,0.0,up,down,down,down,-0.0388763034219196,-0.0062493276785549,-2.1685783726094893e-05,-0.0022141209144915,5.329
1.4060000000000001,0.0,0.0322339696716321,0.0,0.0,up,down,down,down,-0.0388763034219196,-0.0062493276785549,-2.1685783726094893e-05,-0.0022141209144915,5.344
1.4220000000000002,0.0,0.07987624395822099,0.0,0.0,up,down,down,down,-0.0388763034219196,-0.0062493276785549,-2.1685783726094893e-05,-0.0022141209144915,5.36
1.4369999999999998,0.0,0.0348534899983875,0.0,0.0,up,down,down,down,-0.0388763034219196,-0.0062493276785549,-2.1685783726094893e-05,-0.0022141209144915,5.375
1.4529999999999998,0.0,0.03192453119793551,0.0,0.0,up,down,down,down,-0.0388763034219196,-0.0062493276785549,-2.1685783726094893e-05,-0.0022141209144915,5.391
1.4689999999999999,0.0,0.0442121066128731,0.0,0.0,up,down,down,down,-0.0388763034219196,-0.0062493276785549,-2.1685783726094893e-05,-0.0022141209144915,5.407
1.4839999999999995,0.0,0.04807336985635151,0.0,0.0,up,down,down,down,-0.0388763034219196,-0.0062493276785549,-2.1685783726094893e-05,-0.0022141209144915,5.422
1.4999999999999996,0.0,0.0679257623914518,0.0,0.0,up,down,down,down,-0.0388763034219196,-0.0062493276785549,-2.1685783726094893e-05,-0.0022141209144915,5.438
1.5159999999999996,0.0,0.0,0.0,0.0,up,down,down,down,-0.0388763034219196,-0.0062493276785549,-2.1685783726094893e-05,-0.0022141209144915,5.454
1.5470000000000002,0.0,0.023787400205484595,0.0,0.0,up,down,down,down,-0.0388763034219196,-0.0062493276785549,-2.1685783726094893e-05,-0.0022141209144915,5.485
1.5619999999999998,0.0,0.1074342174201099,0.0,0.0,up,down,down,down,-0.0388763034219196,-0.0062493276785549,-2.1685783726094893e-05,-0.0022141209144915,5.5
1.5779999999999998,0.0,0.0340676810175467,0.0,0.0,up,down,down,down,-0.0388763034219196,-0.0062493276785549,-2.1685783726094893e-05,-0.0022141209144915,5.516
1.5939999999999999,0.0,0.1521662983916538,0.0,0.0,up,down,down,down,-0.0388763034219196,-0.0062493276785549,-2.1685783726094893e-05,-0.0022141209144915,5.532
1.6089999999999995,-0.012810680921534201,0.15864499602412713,0.0,0.0,up,down,down,down,-0.0388763034219196,-0.0062493276785549,-2.1685783726094893e-05,-0.0022141209144915,5.547
1.6249999999999996,-0.0152946863101188,0.116374033364619,0.0,0.0,up,down,down,down,-0.0388763034219196,-0.0062493276785549,-2.1685783726094893e-05,-0.0022141209144915,5.563
1.6560000000000001,-0.01672148483126,0.0,0.0,0.0,up,down,down,down,-0.0388763034219196,-0.0062493276785549,-2.1685783726094893e-05,-0.0022141209144915,5.594
1.6720000000000002,-0.019379052280021,0.12722166212564268,0.0,0.0,up,down,down,down,-0.0388763034219196,-0.0062493276785549,-2.1685783726094893e-05,-0.0022141209144915,5.61
1.6869999999999998,-0.021719386974462303,0.1171460095408358,0.0,0.0,up,down,down,down,-0.0388763034219196,-0.0062493276785549,-2.1685783726094893e-05,-0.0022141209144915,5.625
1.7029999999999998,-0.023996941211791502,0.10347083641115691,0.0,0.0,up,down,down,down,-0.0388763034219196,-0.0062493276785549,-2.1685783726094893e-05,-0.0022141209144915,5.641
1.7189999999999999,-0.027792063081239604,0.1983188134185852,0.0,0.0,up,down,down,down,-0.0388763034219196,-0.0062493276785549,-2.1685783726094893e-05,-0.0022141209144915,5.657
1.7499999999999996,-0.0321763048082424,0.1025508490620431,0.0,0.0,up,down,down,down,-0.0388763034219196,-0.0062493276785549,-2.1685783726094893e-05,-0.0022141209144915,5.688
1.7659999999999996,-0.0364502996221496,0.22824837244728158,0.0,0.0,up,down,down,down,-0.0388763034219196,-0.0062493276785549,-2.1685783726094893e-05,-0.0022141209144915,5.704
1.7810000000000001,-0.041702627840821904,0.3112789111562188,0.0,0.0,up,down,down,down,-0.0388763034219196,-0.0062493276785549,-2.1685783726094893e-05,-0.0022141209144915,5.719
1.7970000000000002,-0.0458144749764155,0.2181141425526832,0.0,0.0,up,down,down,down,-0.0388763034219196,-0.0062493276785549,-2.1685783726094893e-05,-0.0022141209144915,5.735
1.8119999999999998,-0.0498103231445252,0.2275135744520672,0.0,0.0,up,down,down,down,-0.0388763034219196,-0.0062493276785549,-2.1685783726094893e-05,-0.0022141209144915,5.75
1.8279999999999998,-0.053030224379567004,0.16236752376819202,0.0,0.0,up,down,down,down,-0.0388763034219196,-0.0062493276785549,-2.1685783726094893e-05,-0.0022141209144915,5.766
1.8439999999999999,-0.0593609963642567,0.3567969456211848,0.0,0.0,up,down,down,down,-0.0388763034219196,-0.0062493276785549,-2.1685783726094893e-05,-0.0022141209144915,5.782
1.8589999999999995,-0.06553344294132829,0.3726201350495299,0.0,0.0,up,down,down,down,-0.0388763034219196,-0.0062493276785549,-2.1685783726094893e-05,-0.0022141209144915,5.797
1.8749999999999996,-0.0685854342193241,0.1518731514528192,0.0,0.0,up,down,down,down,-0.0388763034219196,-0.0062493276785549,-2.1685783726094893e-05,-0.0022141209144915,5.813
1.8909999999999996,-0.0732957620908134,0.2555191885461603,0.0,0.0,up,down,down,down,-0.0388763034219196,-0.0062493276785549,-2.1685783726094893e-05,-0.0022141209144915,5.829
1.9220000000000002,-0.07838878653817359,0.12541480778324338,0.0,0.0,up,down,down,down,-0.0388763034219196,-0.0062493276785549,-2.1685783726094893e-05,-0.0022141209144915,5.86
1.9369999999999998,-0.08411326840079879,0.3427558207531017,0.011271334698243004,0.0,up,down,down,down,-0.0388763034219196,-0.0062493276785549,-2.1685783726094893e-05,-0.0022141209144915,5.875
1.9529999999999998,-0.0894462928874855,0.2944377269959995,0.012759800431406105,0.0,up,down,down,down,-0.0388763034219196,-0.0062493276785549,-2.1685783726094893e-05,-0.0022141209144915,5.891
1.9689999999999999,-0.09467204435007659,0.2877331629900224,0.014332736372163505,0.0,up,down,down,down,-0.0388763034219196,-0.0062493276785549,-2.1685783726094893e-05,-0.0022141209144915,5.907
1.9999999999999996,-0.10020014559476739,0.1394495431810121,0.017546984474343705,0.0,up,down,down,down,-0.0388763034219196,-0.0062493276785549,-2.1685783726094893e-05,-0.0022141209144915,5.938
2.0159999999999996,-0.1070538980755735,0.3894832266284617,0.019305006066563307,0.0,up,down,down,down,-0.0388763034219196,-0.0062493276785549,-2.1685783726094893e-05,-0.0022141209144915,5.954
2.031,-0.1126912212565063,0.3369452419735859,0.021046834376732305,0.0,up,down,down,down,-0.0388763034219196,-0.0062493276785549,-2.1685783726094893e-05,-0.0022141209144915,5.969
2.047,-0.11987268351933089,0.4099650880046154,0.023007334857795905,0.0,up,down,down,down,-0.0388763034219196,-0.0062493276785549,-2.1685783726094893e-05,-0.0022141209144915,5.985
2.062,-0.1267961429626005,0.4226876594627345,0.024951090971588704,0.0,up,down,down,down,-0.0388763034219196,-0.0062493276785549,-2.1685783726094893e-05,-0.0022141209144915,6.0
2.078,-0.13354778492819538,0.3831013194277585,0.027133831637571906,0.0,up,down,down,down,-0.0388763034219196,-0.0062493276785549,-2.1685783726094893e-05,-0.0022141209144915,6.016
2.094,-0.1389779370082049,0.3005082015786751,0.029414026655920005,0.0,up,down,down,down,-0.0388763034219196,-0.0062493276785549,-2.1685783726094893e-05,-0.0022141209144915,6.032
2.1089999999999995,-0.1467287586129622,0.47784513689524233,0.031650566788257006,0.0,up,down,down,down,-0.0388763034219196,-0.0062493276785549,-2.1685783726094893e-05,-0.0022141209144915,6.047
2.1249999999999996,-0.1542745105490919,0.43273319258618737,0.0341585821844103,0.0,up,down,down,down,-0.0388763034219196,-0.0062493276785549,-2.1685783726094893e-05,-0.0022141209144915,6.063
2.1409999999999996,-0.1615399710440499,0.4152149775129563,0.03678508728001241,0.0,up,down,down,down,-0.0388763034219196,-0.0062493276785549,-2.1685783726094893e-05,-0.0022141209144915,6.079
2.156,-0.16696730863218248,0.3229462024535753,0.03934263179276251,0.0,up,down,down,down,-0.0388763034219196,-0.0062493276785549,-2.1685783726094893e-05,-0.0022141209144915,6.094
2.172,-0.1722729347016081,0.2927253259171756,0.0421565429822897,0.0,up,down,down,down,-0.0388763034219196,-0.0062493276785549,-2.1685783726094893e-05,-0.0022141209144915,6.11
2.187,-0.17830806730256119,0.3634658699749635,0.04487964041249931,0.0,up,down,down,down,-0.0388763034219196,-0.0062493276785549,-2.1685783726094893e-05,-0.0022141209144915,6.125
2.203,-0.18664687173278868,0.48229897346729855,0.04789926916763901,0.0,up,down,down,down,-0.0388763034219196,-0.0062493276785549,-2.1685783726094893e-05,-0.0022141209144915,6.141
2.219,-0.193042068112117,0.3608234702860977,0.0510367699292551,0.0,up,down,down,down,-0.0388763034219196,-0.0062493276785549,-2.1685783726094893e-05,-0.0022141209144915,6.157
2.2339999999999995,-0.1992670241399121,0.3761207650977665,0.0540728280363236,0.0,up,down,down,down,-0.0388763034219196,-0.0062493276785549,-2.1685783726094893e-05,-0.0022141209144915,6.172
2.2499999999999996,-0.2070305261852247,0.4463425744101187,0.0574231976817815,0.0107005020225456,up,down,down,down,-0.0388763034219196,-0.0062493276785549,-2.1685783726094893e-05,-0.0022141209144915,6.188
2.281,-0.2132957899403731,0.163228979002217,0.06413198473976361,0.0125852796093751,up,down,down,down,-0.0388763034219196,-0.0062493276785549,-2.1685783726094893e-05,-0.0022141209144915,6.219
2.297,-0.2193844354046348,0.3416640380944356,0.06769341578538061,0.013640229786115902,up,down,down,down,-0.0388763034219196,-0.0062493276785549,-2.1685783726094893e-05,-0.0022141209144915,6.235
2.312,-0.2252544710644866,0.35245940723487407,0.07112194749907721,0.014681670297505202,up,down,down,down,-0.0388763034219196,-0.0062493276785549,-2.1685783726094893e-05,-0.0022141209144915,6.25
2.328,-0.2338000532050888,0.495222580365717,0.0748943729360907,0.0158501478335261,up,down,down,down,-0.0388763034219196,-0.0062493276785549,-2.1685783726094893e-05,-0.0022141209144915,6.266
2.344,-0.2418890728079716,0.4666874217582603,0.07879987518705212,0.0170800487910509,up,down,down,down,-0.0388763034219196,-0.0062493276785549,-2.1685783726094893e-05,-0.0022141209144915,6.282
2.3749999999999996,-0.2488439097183583,0.1854732743324914,0.0865999655742453,0.0196444185821465,up,down,down,down,-0.0388763034219196,-0.0062493276785549,-2.1685783726094893e-05,-0.0022141209144915,6.313
2.3909999999999996,-0.25634436148757267,0.4299019321539751,0.09074146098674961,0.0210634969671741,up,down,down,down,-0.0388763034219196,-0.0062493276785549,-2.1685783726094893e-05,-0.0022141209144915,6.329
2.406,-0.2636616605437858,0.4489436336589382,0.09473524606716331,0.0224548975568344,up,down,down,down,-0.0388763034219196,-0.0062493276785549,-2.1685783726094893e-05,-0.0022141209144915,6.344
2.422,-0.2719336356242792,0.478122139108916,0.0991199976793647,0.0240060864793462,up,down,down,down,-0.0388763034219196,-0.0062493276785549,-2.1685783726094893e-05,-0.0022141209144915,6.36
2.437,-0.281000596779851,0.5655877736162145,0.1033607443375739,0.0255250173312291,up,down,down,down,-0.0388763034219196,-0.0062493276785549,-2.1685783726094893e-05,-0.0022141209144915,6.375
2.453,-0.2898097574164122,0.5116962363631569,0.10802721641400091,0.0272164679897813,up,down,down,down,-0.0388763034219196,-0.0062493276785549,-2.1685783726094893e-05,-0.0022141209144915,6.391
2.469,-0.2973499149580014,0.4323835429274055,0.11282448303585312,0.0289836285579198,up,down,down,down,-0.0388763034219196,-0.0062493276785549,-2.1685783726094893e-05,-0.0022141209144915,6.407
2.4839999999999995,-0.3035055664186199,0.37150046061932057,0.11742463906135601,0.0307108222604047,up,down,down,down,-0.0388763034219196,-0.0062493276785549,-2.1685783726094893e-05,-0.0022141209144915,6.422
2.5159999999999996,-0.3116445224401882,0.21546607225209058,0.12746701896881069,0.034629782733966594,up,down,down,down,-0.0388763034219196,-0.0062493276785549,-2.1685783726094893e-05,-0.0022141209144915,6.454
2.531,-0.31793409951712087,0.38042883504024266,0.132282598548669,0.036578230152103694,up,down,down,down,-0.0388763034219196,-0.0062493276785549,-2.1685783726094893e-05,-0.0022141209144915,6.469
2.547,-0.3251266902217047,0.4106606156145662,0.1375270741094365,0.0387370545059081,up,down,down,down,-0.0388763034219196,-0.0062493276785549,-2.1685783726094893e-05,-0.0022141209144915,6.485
2.562,-0.332115850087634,0.42706768764004327,0.1425501330769347,0.0408379588465618,up,down,down,down,-0.0388763034219196,-0.0062493276785549,-2.1685783726094893e-05,-0.0022141209144915,6.5
2.578,-0.338779405678709,0.37759592102026807,0.1480172843659223,0.0431628451586442,up,down,down,down,-0.0388763034219196,-0.0062493276785549,-2.1685783726094893e-05,-0.0022141209144915,6.516
2.594,-0.3461815339777949,0.4237567152709506,0.1535969611260312,0.0455761060951195,up,down,down,down,-0.0388763034219196,-0.0062493276785549,-2.1685783726094893e-05,-0.0022141209144915,6.532
2.6249999999999996,-0.3521104512604296,0.15237909279210388,0.1646142160552588,0.0505090516007249,up,down,down,down,-0.0388763034219196,-0.0062493276785549,-2.1685783726094893e-05,-0.0022141209144915,6.563
2.6409999999999996,-0.3580358668048102,0.33146216810187007,0.1703953758426376,0.0531894753084477,up,down,down,down,-0.0388763034219196,-0.0062493276785549,-2.1685783726094893e-05,-0.0022141209144915,6.579
2.656,-0.3638174911733998,0.34656532115070127,0.17590301594265279,0.0557870385335934,up,down,down,down,-0.0388763034219196,-0.0062493276785549,-2.1685783726094893e-05,-0.0022141209144915,6.594
2.672,-0.3692780475874109,0.3024084724537744,0.1818677694955961,0.058649551789639,up,down,down,down,-0.0388763034219196,-0.0062493276785549,-2.1685783726094893e-05,-0.0022141209144915,6.61
2.687,-0.3749350477170878,0.33825703855655237,0.1875431076255581,0.0614204586548035,up,down,down,down,-0.0388763034219196,-0.0062493276785549,-2.1685783726094893e-05,-0.0022141209144915,6.625
2.719,-0.38052899193585077,0.13593445341442129,0.19983051074571878,0.0676191304938232,up,down,down,down,-0.0388763034219196,-0.0062493276785549,-2.1685783726094893e-05,-0.0022141209144915,6.657
2.7339999999999995,-0.3860716982308361,0.3306374495771098,0.2056737558371472,0.07066073777995051,up,down,down,down,-0.0388763034219196,-0.0062493276785549,-2.1685783726094893e-05,-0.0022141209144915,6.672
2.7499999999999996,-0.39216433297007747,0.341913367780666,0.2119996333296114,0.0740024718658242,up,down,down,down,-0.0388763034219196,-0.0062493276785549,-2.1685783726094893e-05,-0.0022141209144915,6.688
2.7659999999999996,-0.3981386513106439,0.3345185928634862,0.2184220464467141,0.0774461922765744,up,down,down,down,-0.0388763034219196,-0.0062493276785549,-2.1685783726094893e-05,-0.0022141209144915,6.704
2.781,-0.40364256575866797,0.3280513264463335,0.22452914548991249,0.0807686515028551,up,down,down,down,-0.0388763034219196,-0.0062493276785549,-2.1685783726094893e-05,-0.0022141209144915,6.719
2.797,-0.4089864751927763,0.2951180362098514,0.2311301670603809,0.08441427297579711,up,down,down,down,-0.0388763034219196,-0.0062493276785549,-2.1685783726094893e-05,-0.0022141209144915,6.735
2.812,-0.4141713995642266,0.3067853213414444,0.2373975910362366,0.0879285564482776,up,down,down,down,-0.0388763034219196,-0.0062493276785549,-2.1685783726094893e-05,-0.0022141209144915,6.75
2.828,-0.4186115795260257,0.23863494419051878,0.2441598441118156,0.0917813629020016,up,down,down,down,-0.0388763034219196,-0.0062493276785549,-2.1685783726094893e-05,-0.0022141209144915,6.766
2.844,-0.422026507183423,0.1745566751654158,0.25098493804834804,0.0957428681318225,up,down,down,down,-0.0388763034219196,-0.0062493276785549,-2.1685783726094893e-05,-0.0022141209144915,6.782
2.8589999999999995,-0.4259529853769237,0.22288890947813067,0.25743852415772883,0.0995563693851239,up,down,down,down,-0.0388763034219196,-0.0062493276785549,-2.1685783726094893e-05,-0.0022141209144915,6.797
2.8909999999999996,-0.4298013622324763,0.0813854733140995,0.271330572205193,0.1080173688720099,up,down,down,down,-0.0388763034219196,-0.0062493276785549,-2.1685783726094893e-05,-0.0022141209144915,6.829
2.906,-0.4334161961132476,0.20211262196282648,0.2778984438079645,0.1121369117788646,up,down,down,down,-0.0388763034219196,-0.0062493276785549,-2.1685783726094893e-05,-0.0022141209144915,6.844
2.922,-0.4374241277030677,0.211619420941833,0.284965155641352,0.11664016754699881,up,down,down,down,-0.0388763034219196,-0.0062493276785549,-2.1685783726094893e-05,-0.0022141209144915,6.86
2.937,-0.4413466276431492,0.22262369258352172,0.2916496762216268,0.1209651040727269,up,down,down,down,-0.0388763034219196,-0.0062493276785549,-2.1685783726094893e-05,-0.0022141209144915,6.875
2.953,-0.4449568520062144,0.1867627192696507,0.2988400933016786,0.12568936920145302,up,down,down,down,-0.0388763034219196,-0.0062493276785549,-2.1685783726094893e-05,-0.0022141209144915,6.891
2.9839999999999995,-0.4485031961773096,0.0755218956456695,0.3128824532065582,0.1351717409316261,up,down,down,down,-0.0388763034219196,-0.0062493276785549,-2.1685783726094893e-05,-0.0022141209144915,6.922
2.9999999999999996,-0.4525759898141963,0.21567329888350067,0.32019107593734714,0.140236676137317,up,down,down,down,-0.0388763034219196,-0.0062493276785549,-2.1685783726094893e-05,-0.0022141209144915,6.938
3.0159999999999996,-0.4546912197247224,0.09332556598595769,0.3275492028565154,0.1454189453402075,up,down,down,down,-0.0388763034219196,-0.0062493276785549,-2.1685783726094893e-05,-0.0022141209144915,6.954
3.031,-0.4587632628503417,0.2325932382860283,0.334493851391007,0.15038459353382,up,down,down,down,-0.0388763034219196,-0.0062493276785549,-2.1685783726094893e-05,-0.0022141209144915,6.969
3.047,-0.4627216010460291,0.20851983380854022,0.3419657195450348,0.1557966170738479,up,down,down,down,-0.0388763034219196,-0.0062493276785549,-2.1685783726094893e-05,-0.0022141209144915,6.985
3.062,-0.4656822708559804,0.15850168390817493,0.34902248849947803,0.1609793539209376,up,down,down,down,-0.0388763034219196,-0.0062493276785549,-2.1685783726094893e-05,-0.0022141209144915,7.0
3.078,-0.4681109710680324,0.1129174598313298,0.3565928236777271,0.16662462339089482,up,down,down,down,-0.0388763034219196,-0.0062493276785549,-2.1685783726094893e-05,-0.0022141209144915,7.016
3.094,-0.4704649603917303,0.10824802930919909,0.3642014203722621,0.1723913243158344,up,down,down,down,-0.0388763034219196,-0.0062493276785549,-2.1685783726094893e-05,-0.0022141209144915,7.032
3.1089999999999995,-0.4729912392950943,0.12954229013568308,0.37137108178509143,0.1779084433687703,up,down,down,down,-0.0388763034219196,-0.0062493276785549,-2.1685783726094893e-05,-0.0022141209144915,7.047
3.1249999999999996,-0.4763677587126285,0.172156160173964,0.37906594301201013,0.1839122865396867,up,down,down,down,-0.0388763034219196,-0.0062493276785549,-2.1685783726094893e-05,-0.0022141209144915,7.063
3.1409999999999996,-0.47963726660523237,0.16546793986582642,0.38681397245740984,0.1900396728359817,up,down,down,down,-0.0388763034219196,-0.0062493276785549,-2.1685783726094893e-05,-0.0022141209144915,7.079
3.156,-0.4824865429239597,0.1510754511598954,0.39412364094405744,0.1958970302232488,up,down,down,down,-0.0388763034219196,-0.0062493276785549,-2.1685783726094893e-05,-0.0022141209144915,7.094
3.172,-0.4850171944408927,0.11928941638639219,0.4019636600858331,0.2022660756040276,up,down,down,down,-0.0388763034219196,-0.0062493276785549,-2.1685783726094893e-05,-0.0022141209144915,7.11
3.187,-0.4867131446150488,0.07418704152181771,0.4093453775439309,0.2083512186730066,up,down,down,down,-0.0388763034219196,-0.0062493276785549,-2.1685783726094893e-05,-0.0022141209144915,7.125
3.219,-0.4893440103324806,0.043338250247826296,0.4251622705088051,0.22170403498692962,up,down,down,down,-0.0388763034219196,-0.0062493276785549,-2.1685783726094893e-05,-0.0022141209144915,7.157
3.2339999999999995,-0.4900695385101734,0.0,0.43260161204030323,0.2281375893928036,up,down,down,down,-0.0388763034219196,-0.0062493276785549,-2.1685783726094893e-05,-0.0022141209144915,7.172
3.2499999999999996,-0.4908290889156532,0.0,0.4405487903025667,0.2351231395840862,up,down,down,down,-0.0388763034219196,-0.0062493276785549,-2.1685783726094893e-05,-0.0022141209144915,7.188
3.2659999999999996,-0.4932267944108162,0.11098029002576391,0.4485212266120358,0.2422360466919427,up,down,down,down,-0.0388763034219196,-0.0062493276785549,-2.1685783726094893e-05,-0.0022141209144915,7.204
3.281,-0.4953446281474605,0.10231261235436269,0.45602925219640233,0.24902050056976208,up,down,down,down,-0.0388763034219196,-0.0062493276785549,-2.1685783726094893e-05,-0.0022141209144915,7.219
3.297,-0.4973676113318941,0.08756014560518109,0.4640709393550949,0.25638164907471367,up,down,down,down,-0.0388763034219196,-0.0062493276785549,-2.1685783726094893e-05,-0.0022141209144915,7.235
3.312,-0.5004532469576191,0.1668327382930812,0.4716483357074453,0.26339986892443845,up,down,down,down,-0.0388763034219196,-0.0062493276785549,-2.1685783726094893e-05,-0.0022141209144915,7.25
3.328,-0.5025192148935727,0.09024669257517991,0.4797721046451126,0.2710115794197986,up,down,down,down,-0.0388763034219196,-0.0062493276785549,-2.1685783726094893e-05,-0.0022141209144915,7.266
3.344,-0.504731589769488,0.09939712632278659,0.4879301003252749,0.2787535440321013,up,down,down,down,-0.0388763034219196,-0.0062493276785549,-2.1685783726094893e-05,-0.0022141209144915,7.282
3.3589999999999995,-0.5068801174249327,0.1043588736077307,0.49561092804441215,0.28613042703162966,up,down,down,down,-0.0388763034219196,-0.0062493276785549,-2.1685783726094893e-05,-0.0022141209144915,7.297
3.3909999999999996,-0.5084109408097746,0.0,0.5120555634618817,0.30225378484080956,up,down,down,down,-0.0388763034219196,-0.0062493276785549,-2.1685783726094893e-05,-0.0022141209144915,7.329
3.406,-0.5093582186545493,0.024275552896396296,0.5197825720730428,0.30999289614407766,up,down,down,down,-0.0388763034219196,-0.0062493276785549,-2.1685783726094893e-05,-0.0022141209144915,7.344
3.422,-0.5117179483280747,0.10860680117341641,0.5280511706517607,0.3183759130584158,up,down,down,down,-0.0388763034219196,-0.0062493276785549,-2.1685783726094893e-05,-0.0022141209144915,7.36
3.437,-0.5129594330190326,0.0438893426419396,0.5358299909270421,0.32635534705701247,up,down,down,down,-0.0388763034219196,-0.0062493276785549,-2.1685783726094893e-05,-0.0022141209144915,7.375
3.453,-0.5141797938368278,0.037396247690280104,0.5441470939847458,0.33499551070884637,up,down,down,down,-0.0388763034219196,-0.0062493276785549,-2.1685783726094893e-05,-0.0022141209144915,7.391
3.469,-0.5166059832059595,0.1127605321488145,0.552493369443945,0.34376898138881556,up,down,down,down,-0.0388763034219196,-0.0062493276785549,-2.1685783726094893e-05,-0.0022141209144915,7.407
3.4839999999999995,-0.5162495819446278,0.06263638751070269,0.5603335260977526,0.35211550839213396,up,down,down,down,-0.0388763034219196,-0.0062493276785549,-2.1685783726094893e-05,-0.0022141209144915,7.422
3.4999999999999996,-0.5185964411005894,0.10780239382568439,0.5687122835249712,0.3611482218416554,up,down,down,down,-0.0388763034219196,-0.0062493276785549,-2.1685783726094893e-05,-0.0022141209144915,7.438
3.5159999999999996,-0.5209158137098715,0.1060844846582087,0.5771283708063117,0.3703152940488453,up,down,down,down,-0.0388763034219196,-0.0062493276785549,-2.1685783726094893e-05,-0.0022141209144915,7.454
3.531,-0.5225120509966672,0.0675395156977896,0.5850478197067894,0.3790319407644497,up,down,down,down,-0.0388763034219196,-0.0062493276785549,-2.1685783726094893e-05,-0.0022141209144915,7.469
3.562,-0.5237801570739027,0.0,0.6014590780899183,0.397423469939594,up,down,down,down,-0.0388763034219196,-0.0062493276785549,-2.1685783726094893e-05,-0.0022141209144915,7.5
3.578,-0.5250570542778821,0.040929771826792,0.6099497650235894,0.4071150876570417,up,down,down,down,-0.0388763034219196,-0.0062493276785549,-2.1685783726094893e-05,-0.0022141209144915,7.516
3.594,-0.5270978742551673,0.0886749451584068,0.6184669936947107,0.4169427686993278,up,down,down,down,-0.0388763034219196,-0.0062493276785549,-2.1685783726094893e-05,-0.0022141209144915,7.532
3.6089999999999995,-0.5301978773853371,0.1677905719227369,0.6264904517471926,0.4262802748268977,up,down,down,down,-0.0388763034219196,-0.0062493276785549,-2.1685783726094893e-05,-0.0022141209144915,7.547
3.6249999999999996,-0.5309534507318023,0.0,0.6350796516149867,0.4363731826263348,up,down,down,down,-0.0388763034219196,-0.0062493276785549,-2.1685783726094893e-05,-0.0022141209144915,7.563
3.6409999999999996,-0.5335804756967502,0.12531275688731908,0.643695912269272,0.44660373410994847,up,down,down,down,-0.0388763034219196,-0.0062493276785549,-2.1685783726094893e-05,-0.0022141209144915,7.579
3.656,-0.5342794783818228,0.0,0.6517986018400399,0.4563202682525246,up,down,down,down,-0.0388763034219196,-0.0062493276785549,-2.1685783726094893e-05,-0.0022141209144915,7.594
3.687,-0.5348724420145494,0.019748444301704898,0.6685641857642187,0.47678656371968586,up,down,down,down,-0.0388763034219196,-0.0062493276785549,-2.1685783726094893e-05,-0.0022141209144915,7.625
3.703,-0.5361360347164208,0.040098240445041206,0.6772322428209234,0.48755328212090665,up,down,down,down,-0.0388763034219196,-0.0062493276785549,-2.1685783726094893e-05,-0.0022141209144915,7.641
3.719,-0.536893324213704,0.0,0.6859164669352213,0.4984588187714955,up,down,down,down,-0.0388763034219196,-0.0062493276785549,-2.1685783726094893e-05,-0.0022141209144915,7.657
3.7339999999999995,-0.537608099650976,0.0,0.6940689675293846,0.5088090348167358,up,down,down,down,-0.0388763034219196,-0.0062493276785549,-2.1685783726094893e-05,-0.0022141209144915,7.672
3.7499999999999996,-0.5396055199794318,0.0859624671065706,0.7027866657292848,0.5199842268553447,up,down,down,down,-0.0388763034219196,-0.0062493276785549,-2.1685783726094893e-05,-0.0022141209144915,7.688
3.7659999999999996,-0.541567640002997,0.0837561980508994,0.7115360402520011,0.5312991554757347,up,down,down,down,-0.0388763034219196,-0.0062493276785549,-2.1685783726094893e-05,-0.0022141209144915,7.704
3.781,-0.5435093737411005,0.0905726124516474,0.7197678577702605,0.542034259997658,up,down,down,down,-0.0388763034219196,-0.0062493276785549,-2.1685783726094893e-05,-0.0022141209144915,7.719
3.812,-0.5451194922605751,0.013063003657905602,0.7368353343513215,0.5646122817348378,up,down,down,down,-0.0388763034219196,-0.0062493276785549,-2.1685783726094893e-05,-0.0022141209144915,7.75
3.828,-0.545728362091042,0.0,0.7456621064289913,0.5764726082336199,up,down,down,down,-0.0388763034219196,-0.0062493276785549,-2.1685783726094893e-05,-0.0022141209144915,7.766
3.844,-0.5462928944366698,0.0,0.7544982657240699,0.5884742381833841,up,down,down,down,-0.0388763034219196,-0.0062493276785549,-2.1685783726094893e-05,-0.0022141209144915,7.782
3.8589999999999995,-0.5474078868393502,0.035456523423436304,0.7627947614988182,0.5998542611743114,up,down,down,down,-0.0388763034219196,-0.0062493276785549,-2.1685783726094893e-05,-0.0022141209144915,7.797
3.8749999999999996,-0.5484164530413533,0.0241590842032791,0.7716613454607207,0.6121302570025273,up,down,down,down,-0.0388763034219196,-0.0062493276785549,-2.1685783726094893e-05,-0.0022141209144915,7.813
3.8909999999999996,-0.5493771340563072,0.021166260012695004,0.780543683400359,0.6245482442059556,up,down,down,down,-0.0388763034219196,-0.0062493276785549,-2.1685783726094893e-05,-0.0022141209144915,7.829
3.906,-0.5498808325453606,0.0,0.7888818580650501,0.6363192610537025,up,down,down,down,-0.0388763034219196,-0.0062493276785549,-2.1685783726094893e-05,-0.0022141209144915,7.844
3.922,-0.5518770742054517,0.0858888003337776,0.7977959105619135,0.6490130301752578,up,down,down,down,-0.0388763034219196,-0.0062493276785549,-2.1685783726094893e-05,-0.0022141209144915,7.86
3.937,-0.5537866590764295,0.08842935464327041,0.8061821284767057,0.6610431907548031,up,down,down,down,-0.0388763034219196,-0.0062493276785549,-2.1685783726094893e-05,-0.0022141209144915,7.875
3.969,-0.55570967104671,0.021217820649344105,0.8241340482443896,0.6871289435274199,up,down,down,down,-0.0388763034219196,-0.0062493276785549,-2.1685783726094893e-05,-0.0022141209144915,7.907
3.9839999999999995,-0.5588010899516735,0.1672182902423222,0.8325866188670557,0.6995546738175114,up,down,down,down,-0.0388763034219196,-0.0062493276785549,-2.1685783726094893e-05,-0.0022141209144915,7.922
3.9999999999999996,-0.5617944571167115,0.14820914439295219,0.8416513724864596,0.7129489247208791,up,down,down,down,-0.0388763034219196,-0.0062493276785549,-2.1685783726094893e-05,-0.0022141209144915,7.938
4.016,-0.5613478952212372,0.06678642188906439,0.8507365005480201,0.7264883746776946,up,down,down,down,-0.0388763034219196,-0.0062493276785549,-2.1685783726094893e-05,-0.0022141209144915,7.954
4.031000000000001,-0.5633264092293899,0.09302463045492491,0.8592652977465784,0.7393137134516604,up,down,down,down,-0.0388763034219196,-0.0062493276785549,-2.1685783726094893e-05,-0.0022141209144915,7.969
4.047000000000001,-0.5652436443969311,0.080950894549403,0.8683938474184459,0.7531353335855202,up,down,down,down,-0.0388763034219196,-0.0062493276785549,-2.1685783726094893e-05,-0.0022141209144915,7.985
4.061999999999999,-0.5669786102130328,0.0767880843181937,0.8769792542431988,0.7662259571347382,up,down,down,down,-0.0388763034219196,-0.0062493276785549,-2.1685783726094893e-05,-0.0022141209144915,8.0
4.093999999999999,-0.5680518256830229,0.0,0.8953397197032494,0.7945837546629606,up,down,down,down,-0.0388763034219196,-0.0062493276785549,-2.1685783726094893e-05,-0.0022141209144915,8.032
4.109,-0.5703904829004713,0.1170341777413021,0.9039717769328043,0.8080789161744875,up,down,down,down,-0.0388763034219196,-0.0062493276785549,-2.1685783726094893e-05,-0.0022141209144915,8.047
4.141,-0.5707865243602299,0.0265000078044641,0.9224305875346893,0.8373020479510466,up,down,down,down,-0.0388763034219196,-0.0062493276785549,-2.1685783726094893e-05,-0.0022141209144915,8.079
4.155999999999999,-0.5713568624695107,0.0,0.9310904028510899,0.8512037806656947,up,down,down,down,-0.0388763034219196,-0.0062493276785549,-2.1685783726094893e-05,-0.0022141209144915,8.094
4.171999999999999,-0.5720978836092581,0.0,0.9403380300625771,0.8661755551015436,up,down,down,down,-0.0388763034219196,-0.0062493276785549,-2.1685783726094893e-05,-0.0022141209144915,8.11
4.186999999999999,-0.5719331116127329,0.049861103190266,0.9490120024419207,0.8803460056320838,up,down,down,down,-0.0388763034219196,-0.0062493276785549,-2.1685783726094893e-05,-0.0022141209144915,8.125
4.202999999999999,-0.5717003847603692,0.0534217316946471,0.9582610596557624,0.8956045371014049,up,down,down,down,-0.0388763034219196,-0.0062493276785549,-2.1685783726094893e-05,-0.0022141209144915,8.141
4.218999999999999,-0.5728295646665131,0.0316974407120752,0.9675172884940343,0.9110111108591429,up,down,down,down,-0.0388763034219196,-0.0062493276785549,-2.1685783726094893e-05,-0.0022141209144915,8.157
4.25,-0.5724139903609284,0.052281926182716,0.9854622927549951,0.941282966627799,up,down,down,down,-0.0388763034219196,-0.0062493276785549,-2.1685783726094893e-05,-0.0022141209144915,8.188
4.266,-0.5720098016397976,0.0641380984925941,0.9947176723338579,0.9571247533210493,up,down,down,down,-0.0388763034219196,-0.0062493276785549,-2.1685783726094893e-05,-0.0022141209144915,8.204
4.280999999999999,-0.5728059019999403,0.014197053920928605,1.0033975300263336,0.9721109426255053,up,down,down,down,-0.0388763034219196,-0.0062493276785549,-2.1685783726094893e-05,-0.0022141209144915,8.219
4.296999999999999,-0.5709648527503699,0.1539418815200697,1.0126476853071928,0.9882396513207133,up,down,down,down,-0.0388763034219196,-0.0062493276785549,-2.1685783726094893e-05,-0.0022141209144915,8.235
4.311999999999999,-0.5726068423596917,0.0705896705328646,1.021318212935697,1.0034947208442915,up,down,down,down,-0.0388763034219196,-0.0062493276785549,-2.1685783726094893e-05,-0.0022141209144915,8.25
4.327999999999999,-0.5716149938426422,0.10086683573751179,1.0305719768681725,1.0199101893352622,up,down,down,down,-0.0388763034219196,-0.0062493276785549,-2.1685783726094893e-05,-0.0022141209144915,8.266
4.343999999999999,-0.5721132411068197,0.0,1.039821791990625,1.036473686458672,up,down,down,down,-0.0388763034219196,-0.0062493276785549,-2.1685783726094893e-05,-0.0022141209144915,8.282
4.359,-0.5725942306614602,0.0,1.0485008379440657,1.0521364314699388,up,down,down,down,-0.0388763034219196,-0.0062493276785549,-2.1685783726094893e-05,-0.0022141209144915,8.297
4.375,-0.5715561413405652,0.1037568859778568,1.0577540301629387,1.0689868173873345,up,down,down,down,-0.0388763034219196,-0.0062493276785549,-2.1685783726094893e-05,-0.0022141209144915,8.313
4.391,-0.571628512009628,0.034353136605491594,1.066999496632597,1.0859851925742383,up,down,down,down,-0.0388763034219196,-0.0062493276785549,-2.1685783726094893e-05,-0.0022141209144915,8.329
4.405999999999999,-0.5716792863512659,0.035491347312732395,1.0756680450354814,1.1020555244235035,up,down,down,down,-0.0388763034219196,-0.0062493276785549,-2.1685783726094893e-05,-0.0022141209144915,8.344
4.421999999999999,-0.572206847199876,0.0,1.0849191233467474,1.1193405687431008,up,down,down,down,-0.0388763034219196,-0.0062493276785549,-2.1685783726094893e-05,-0.0022141209144915,8.36
4.452999999999999,-0.5712192254892585,0.0707350682805481,1.1028359566314645,1.1532514447420594,up,down,down,down,-0.0388763034219196,-0.0062493276785549,-2.1685783726094893e-05,-0.0022141209144915,8.391
4.468999999999999,-0.5719167866154056,0.0,1.1120810339711587,1.1709711276394201,up,down,down,down,-0.0388763034219196,-0.0062493276785549,-2.1685783726094893e-05,-0.0022141209144915,8.407
4.484,-0.5725941085729023,0.0,1.1207586056002494,1.187717750222962,up,down,down,down,-0.0388763034219196,-0.0062493276785549,-2.1685783726094893e-05,-0.0022141209144915,8.422
4.5,-0.5719307863028806,0.0803339452982719,1.1300147940021128,1.2057242843923206,up,down,down,down,-0.0388763034219196,-0.0062493276785549,-2.1685783726094893e-05,-0.0022141209144915,8.438
4.516,-0.5739049729204844,0.0845103601783137,1.1392814693187565,1.2238790014714271,up,down,down,down,-0.0388763034219196,-0.0062493276785549,-2.1685783726094893e-05,-0.0022141209144915,8.454
4.530999999999999,-0.5758379036963674,0.08998574830362939,1.1479982808085605,1.2410339248841364,up,down,down,down,-0.0388763034219196,-0.0062493276785549,-2.1685783726094893e-05,-0.0022141209144915,8.469
4.546999999999999,-0.5759538086760969,0.0316322421888281,1.1573126037503971,1.2594767589331477,up,down,down,down,-0.0388763034219196,-0.0062493276785549,-2.1685783726094893e-05,-0.0022141209144915,8.485
4.561999999999999,-0.5743105954348842,0.1484238528360987,1.1660333266964082,1.2769021786982553,up,down,down,down,-0.0388763034219196,-0.0062493276785549,-2.1685783726094893e-05,-0.0022141209144915,8.5
4.577999999999999,-0.5727316534407851,0.1375601780531086,1.1753096539302705,1.2956332695158084,up,down,down,down,-0.0388763034219196,-0.0062493276785549,-2.1685783726094893e-05,-0.0022141209144915,8.516
4.593999999999999,-0.5738981661458258,0.0340307406431206,1.1845826817298204,1.3145127551736284,up,down,down,down,-0.0388763034219196,-0.0062493276785549,-2.1685783726094893e-05,-0.0022141209144915,8.532
4.609,-0.5758079410635162,0.08844202442410211,1.193299217449069,1.332347194704227,up,down,down,down,-0.0388763034219196,-0.0062493276785549,-2.1685783726094893e-05,-0.0022141209144915,8.547
4.625,-0.5755002951691655,0.05810417181884,1.2026096725817874,1.3515148127970134,up,down,down,down,-0.0388763034219196,-0.0062493276785549,-2.1685783726094893e-05,-0.0022141209144915,8.563
4.655999999999999,-0.5752068404276756,0.0483425854054649,1.220639362341573,1.3890758450976195,up,down,down,down,-0.0388763034219196,-0.0062493276785549,-2.1685783726094893e-05,-0.0022141209144915,8.594
4.671999999999999,-0.5766081960735647,0.04870842444615331,1.22995387187644,1.4086809379439031,up,down,down,down,-0.0388763034219196,-0.0062493276785549,-2.1685783726094893e-05,-0.0022141209144915,8.61
4.686999999999999,-0.5780132598654255,0.0547946160354624,1.2387072727111608,1.4271962218150664,up,down,down,down,-0.0388763034219196,-0.0062493276785549,-2.1685783726094893e-05,-0.0022141209144915,8.625
4.702999999999999,-0.5787931213953126,0.0,1.2480617130041036,1.4470907206733283,up,down,down,down,-0.0388763034219196,-0.0062493276785549,-2.1685783726094893e-05,-0.0022141209144915,8.641
4.718999999999999,-0.5792640585807476,0.0,1.257426159686769,1.4671349706273948,up,down,down,down,-0.0388763034219196,-0.0062493276785549,-2.1685783726094893e-05,-0.0022141209144915,8.657
4.734,-0.5797421353183534,0.0,1.266212446056191,1.4860625854572236,up,down,down,down,-0.0388763034219196,-0.0062493276785549,-2.1685783726094893e-05,-0.0022141209144915,8.672
4.766,-0.5828633418713096,0.0586614013579623,1.2850141121769396,1.5268829043340328,up,down,down,down,-0.0388763034219196,-0.0062493276785549,-2.1685783726094893e-05,-0.0022141209144915,8.704
4.780999999999999,-0.5839415552984377,0.0330045917199598,1.2938588888208904,1.5462247771282709,up,down,down,down,-0.0388763034219196,-0.0062493276785549,-2.1685783726094893e-05,-0.0022141209144915,8.719
4.796999999999999,-0.5827288694679034,0.11466916783031669,1.3032922414618777,1.5670023331430727,up,down,down,down,-0.0388763034219196,-0.0062493276785549,-2.1685783726094893e-05,-0.0022141209144915,8.735
4.811999999999999,-0.5855099602889187,0.14652975131242651,1.3121477726002326,1.5866184585352952,up,down,down,down,-0.0388763034219196,-0.0062493276785549,-2.1685783726094893e-05,-0.0022141209144915,8.75
4.827999999999999,-0.5841664342425013,0.12284668132300759,1.3216051729993408,1.6076888290726314,up,down,down,down,-0.0388763034219196,-0.0062493276785549,-2.1685783726094893e-05,-0.0022141209144915,8.766
4.843999999999999,-0.5828143839795761,0.12337944485474289,1.3310410087879743,1.6289103454994696,up,down,down,down,-0.0388763034219196,-0.0062493276785549,-2.1685783726094893e-05,-0.0022141209144915,8.782
4.859,-0.5844829041322299,0.0723583734216655,1.3398894783639914,1.6489426494398662,up,down,down,down,-0.0388763034219196,-0.0062493276785549,-2.1685783726094893e-05,-0.0022141209144915,8.797
4.875,-0.5854619926976046,0.0223167319139961,1.349349026781487,1.6704569044535695,up,down,down,down,-0.0388763034219196,-0.0062493276785549,-2.1685783726094893e-05,-0.0022141209144915,8.813
4.891,-0.5837087096199696,0.1484564957741072,1.3588023816428842,1.692122462693504,up,down,down,down,-0.0388763034219196,-0.0062493276785549,-2.1685783726094893e-05,-0.0022141209144915,8.829
4.905999999999999,-0.5820129429720602,0.151927413282554,1.3676390339525024,1.7125710985972238,up,down,down,down,-0.0388763034219196,-0.0062493276785549,-2.1685783726094893e-05,-0.0022141209144915,8.844
4.936999999999999,-0.5812490161296324,0.0635191047905567,1.3858633234766142,1.7552510573966713,up,down,down,down,-0.0388763034219196,-0.0062493276785549,-2.1685783726094893e-05,-0.0022141209144915,8.875
4.952999999999999,-0.5812017351884897,0.041831362243338395,1.3952629187300158,1.7775004143068642,up,down,down,down,-0.0388763034219196,-0.0062493276785549,-2.1685783726094893e-05,-0.0022141209144915,8.891
4.968999999999999,-0.5812137023917199,0.0381283532200349,1.4046622314735147,1.7999001624810322,up,down,down,down,-0.0388763034219196,-0.0062493276785549,-2.1685783726094893e-05,-0.0022141209144915,8.907
4.984,-0.5815746141610063,0.014815518802825098,1.4134768837628389,1.8210365311320613,up,down,down,down,-0.0388763034219196,-0.0062493276785549,-2.1685783726094893e-05,-0.0022141209144915,8.922
5.0,-0.5830743795452538,0.0548590330935461,1.4228940649553459,1.8437278456943462,up,down,down,down,-0.0388763034219196,-0.0062493276785549,-2.1685783726094893e-05,-0.0022141209144915,8.938
5.016,-0.5836983142814027,0.0,1.4323282357488158,1.8665699710725194,up,down,down,down,-0.0388763034219196,-0.0062493276785549,-2.1685783726094893e-05,-0.0022141209144915,8.954
5.030999999999999,-0.5831790047068619,0.07349694172464419,1.4411735555564056,1.8881215597940626,up,down,down,down,-0.0388763034219196,-0.0062493276785549,-2.1685783726094893e-05,-0.0022141209144915,8.969
5.061999999999999,-0.5833486876846639,0.0334026589766954,1.4594484639465097,1.9330818733556536,up,down,down,down,-0.0388763034219196,-0.0062493276785549,-2.1685783726094893e-05,-0.0022141209144915,9.0
5.077999999999999,-0.5835462749109777,0.026527101777307195,1.4688836128901317,1.9565088769428869,up,down,down,down,-0.0388763034219196,-0.0062493276785549,-2.1685783726094893e-05,-0.0022141209144915,9.016
5.093999999999999,-0.584417535022224,0.015577453530979404,1.478327312612454,1.9800869113194473,up,down,down,down,-0.0388763034219196,-0.0062493276785549,-2.1685783726094893e-05,-0.0022141209144915,9.032
5.109,-0.5831961064176667,0.120304877059071,1.487178154838432,2.0023285276120855,up,down,down,down,-0.0388763034219196,-0.0062493276785549,-2.1685783726094893e-05,-0.0022141209144915,9.047
5.125,-0.5819876245039612,0.1144064230285122,1.496599613928662,2.026199096734762,up,down,down,down,-0.0388763034219196,-0.0062493276785549,-2.1685783726094893e-05,-0.0022141209144915,9.063
5.141,-0.5820599775895552,0.034354235572298,1.5060119839882669,2.050220336490637,up,down,down,down,-0.0388763034219196,-0.0062493276785549,-2.1685783726094893e-05,-0.0022141209144915,9.079
5.171999999999999,-0.5832551454805923,0.0,1.5242680975538887,2.0971903500138342,up,down,down,down,-0.0388763034219196,-0.0062493276785549,-2.1685783726094893e-05,-0.0022141209144915,9.11
5.186999999999999,-0.5837895588901834,0.0,1.533114672751848,2.1201210460778843,up,down,down,down,-0.0388763034219196,-0.0062493276785549,-2.1685783726094893e-05,-0.0022141209144915,9.125
5.218999999999999,-0.5839811362059102,0.0328895123054562,1.5519989823590996,2.1694835585047385,up,down,down,down,-0.0388763034219196,-0.0062493276785549,-2.1685783726094893e-05,-0.0022141209144915,9.157
5.234,-0.5841312575353506,0.0288682147925622,1.5608535652273374,2.1928302778983935,up,down,down,down,-0.0388763034219196,-0.0062493276785549,-2.1685783726094893e-05,-0.0022141209144915,9.172
5.25,-0.585980853980363,0.0767234743913603,1.57031445136232,2.21787996900365,up,down,down,down,-0.0388763034219196,-0.0062493276785549,-2.1685783726094893e-05,-0.0022141209144915,9.188
5.266,-0.5854241480200191,0.0736704259434171,1.5797856806211799,2.243081117032058,up,down,down,down,-0.0388763034219196,-0.0062493276785549,-2.1685783726094893e-05,-0.0022141209144915,9.204
5.280999999999999,-0.5849547607274914,0.07016878959043249,1.5886572623519637,2.2668447643911103,up,down,down,down,-0.0388763034219196,-0.0062493276785549,-2.1685783726094893e-05,-0.0022141209144915,9.219
5.296999999999999,-0.5853211198840995,0.015978856133913498,1.5981194586397136,2.292339325131583,up,down,down,down,-0.0388763034219196,-0.0062493276785549,-2.1685783726094893e-05,-0.0022141209144915,9.235
5.311999999999999,-0.5844846218847195,0.0946428367139184,1.6069867416181582,2.316377946920274,up,down,down,down,-0.0388763034219196,-0.0062493276785549,-2.1685783726094893e-05,-0.0022141209144915,9.25
5.327999999999999,-0.5836781330639411,0.08928185472056849,1.6164320329006043,2.3421656440889635,up,down,down,down,-0.0388763034219196,-0.0062493276785549,-2.1685783726094893e-05,-0.0022141209144915,9.266
5.343999999999999,-0.5837544721158849,0.034105112675430996,1.6258714829849,2.368104419188587,up,down,down,down,-0.0388763034219196,-0.0062493276785549,-2.1685783726094893e-05,-0.0022141209144915,9.282
5.359,-0.5856205777646171,0.0855307398268843,1.6347355357741824,2.392559297116037,up,down,down,down,-0.0388763034219196,-0.0062493276785549,-2.1685783726094893e-05,-0.0022141209144915,9.297
5.375,-0.5866155327401277,0.0233083825474934,1.6442134139010773,2.418791235685979,up,down,down,down,-0.0388763034219196,-0.0062493276785549,-2.1685783726094893e-05,-0.0022141209144915,9.313
5.391,-0.5875842535593101,0.021668747776981703,1.65370700143433,2.445174945981201,up,down,down,down,-0.0388763034219196,-0.0062493276785549,-2.1685783726094893e-05,-0.0022141209144915,9.329
5.405999999999999,-0.5891435782766639,0.0650786777350061,1.6626262000882772,2.470047770279375,up,down,down,down,-0.0388763034219196,-0.0062493276785549,-2.1685783726094893e-05,-0.0022141209144915,9.344
5.421999999999999,-0.5896242339981548,0.0,1.6721563318293327,2.4967263775072555,up,down,down,down,-0.0388763034219196,-0.0062493276785549,-2.1685783726094893e-05,-0.0022141209144915,9.36
5.452999999999999,-0.5900640635891978,0.024688252097950496,1.6906352295999723,2.548850318968706,up,down,down,down,-0.0388763034219196,-0.0062493276785549,-2.1685783726094893e-05,-0.0022141209144915,9.391
5.468999999999999,-0.5913407291455766,0.04091529385175101,1.7001864571847076,2.575977239435523,up,down,down,down,-0.0388763034219196,-0.0062493276785549,-2.1685783726094893e-05,-0.0022141209144915,9.407
5.484,-0.5909539698843673,0.0646602541692009,1.7091474073426107,2.6015475687062346,up,down,down,down,-0.0388763034219196,-0.0062493276785549,-2.1685783726094893e-05,-0.0022141209144915,9.422
5.5,-0.5906229408846482,0.0595656159043665,1.71870001187162,2.6289706950324883,up,down,down,down,-0.0388763034219196,-0.0062493276785549,-2.1685783726094893e-05,-0.0022141209144915,9.438
5.516,-0.590269984459324,0.0609360800046808,1.7282471445172285,2.656546619256139,up,down,down,down,-0.0388763034219196,-0.0062493276785549,-2.1685783726094893e-05,-0.0022141209144915,9.454
5.530999999999999,-0.5899295393317363,0.0615726452611004,1.7371923808608392,2.6825377409832285,up,down,down,down,-0.0388763034219196,-0.0062493276785549,-2.1685783726094893e-05,-0.0022141209144915,9.469
5.546999999999999,-0.5903578117327353,0.012109278359484398,1.7467346689122119,2.7104095043539522,up,down,down,down,-0.0388763034219196,-0.0062493276785549,-2.1685783726094893e-05,-0.0022141209144915,9.485
5.561999999999999,-0.5909512545876368,0.0,1.7556882268247933,2.7366780013587366,up,down,down,down,-0.0388763034219196,-0.0062493276785549,-2.1685783726094893e-05,-0.0022141209144915,9.5
5.577999999999999,-0.5902628869815985,0.08189927879931311,1.7652379292002038,2.7648457575794763,up,down,down,down,-0.0388763034219196,-0.0062493276785549,-2.1685783726094893e-05,-0.0022141209144915,9.516
5.593999999999999,-0.5895717682748121,0.08207122259606939,1.7747765956851123,2.7931662207510985,up,down,down,down,-0.0388763034219196,-0.0062493276785549,-2.1685783726094893e-05,-0.0022141209144915,9.532
5.609,-0.5903420609702579,0.012476542941132901,1.783719689319629,2.8198552681753912,up,down,down,down,-0.0388763034219196,-0.0062493276785549,-2.1685783726094893e-05,-0.0022141209144915,9.547
5.641,-0.5901229611178316,0.0457231738102413,1.8028071081587522,2.8772403908801247,up,down,down,down,-0.0388763034219196,-0.0062493276785549,-2.1685783726094893e-05,-0.0022141209144915,9.579
5.655999999999999,-0.5899280481453033,0.051870501590472,1.8117512306434032,2.9043499037078946,up,down,down,down,-0.0388763034219196,-0.0062493276785549,-2.1685783726094893e-05,-0.0022141209144915,9.594
5.671999999999999,-0.5897605233571337,0.0493466026825205,1.8212887284582795,2.9334145703532477,up,down,down,down,-0.0388763034219196,-0.0062493276785549,-2.1685783726094893e-05,-0.0022141209144915,9.61
5.686999999999999,-0.5881620504768499,0.1454411621075027,1.8302168876772136,2.960801187761021,up,down,down,down,-0.0388763034219196,-0.0062493276785549,-2.1685783726094893e-05,-0.0022141209144915,9.625
5.702999999999999,-0.5864777012952533,0.1441481272717035,1.8397139949342467,2.9901609817944523,up,down,down,down,-0.0388763034219196,-0.0062493276785549,-2.1685783726094893e-05,-0.0022141209144915,9.641
5.718999999999999,-0.5847749215061775,0.14530004023915988,1.8491840051595152,3.019672512767742,up,down,down,down,-0.0388763034219196,-0.0062493276785549,-2.1685783726094893e-05,-0.0022141209144915,9.657
5.75,-0.5834261458147783,0.082385196692862,1.867484850861026,3.0772815522953567,up,down,down,down,-0.0388763034219196,-0.0062493276785549,-2.1685783726094893e-05,-0.0022141209144915,9.688
5.766,-0.5820801529055277,0.12300086025007739,1.876908890493645,3.107237049198733,up,down,down,down,-0.0388763034219196,-0.0062493276785549,-2.1685783726094893e-05,-0.0022141209144915,9.704
5.780999999999999,-0.5821146574634657,0.0365759995593885,1.8857340914865899,3.135457196850339,up,down,down,down,-0.0388763034219196,-0.0062493276785549,-2.1685783726094893e-05,-0.0022141209144915,9.719
5.796999999999999,-0.582706641868926,0.0,1.895152651124106,3.1657046377637643,up,down,down,down,-0.0388763034219196,-0.0062493276785549,-2.1685783726094893e-05,-0.0022141209144915,9.735
5.811999999999999,-0.5832744881340908,0.0,1.9039912495143072,3.1941985423053088,up,down,down,down,-0.0388763034219196,-0.0062493276785549,-2.1685783726094893e-05,-0.0022141209144915,9.75
5.827999999999999,-0.5835459880049338,0.0219075614942276,1.9134258025662763,3.224738225694493,up,down,down,down,-0.0388763034219196,-0.0062493276785549,-2.1685783726094893e-05,-0.0022141209144915,9.766
5.843999999999999,-0.5845643733760486,0.0247727822727528,1.9228706747001811,3.2554289444851645,up,down,down,down,-0.0388763034219196,-0.0062493276785549,-2.1685783726094893e-05,-0.0022141209144915,9.782
5.859,-0.5858284714800508,0.0453969035115563,1.9317423609517803,3.284338867539311,up,down,down,down,-0.0388763034219196,-0.0062493276785549,-2.1685783726094893e-05,-0.0022141209144915,9.797
5.875,-0.5870213837246769,0.03568071186721421,1.941225149036275,3.315322954591755,up,down,down,down,-0.0388763034219196,-0.0062493276785549,-2.1685783726094893e-05,-0.0022141209144915,9.813
5.891,-0.5870850313175673,0.0348983288662729,1.9507179895994666,3.3464588466733804,up,down,down,down,-0.0388763034219196,-0.0062493276785549,-2.1685783726094893e-05,-0.0022141209144915,9.829
5.921999999999999,-0.587548818816451,0.023915416361152596,1.9691185434345708,3.4072169851947014,up,down,down,down,-0.0388763034219196,-0.0062493276785549,-2.1685783726094893e-05,-0.0022141209144915,9.86
5.936999999999999,-0.5866760181642938,0.0970630135657323,1.9780189696271009,3.436820841829421,up,down,down,down,-0.0388763034219196,-0.0062493276785549,-2.1685783726094893e-05,-0.0022141209144915,9.875
5.952999999999999,-0.5855875075096897,0.10690821933467799,1.9874970670753456,3.4685453170955802,up,down,down,down,-0.0388763034219196,-0.0062493276785549,-2.1685783726094893e-05,-0.0022141209144915,9.891
5.984,-0.58450591634492,0.0737663409951347,2.0058272443031218,3.5304425161812425,up,down,down,down,-0.0388763034219196,-0.0062493276785549,-2.1685783726094893e-05,-0.0022141209144915,9.922
6.0,-0.5829654003713216,0.1351585517718188,2.0152670040797087,3.562611617140845,up,down,down,down,-0.0388763034219196,-0.0062493276785549,-2.1685783726094893e-05,-0.0022141209144915,9.938
6.016,-0.5817567545418125,0.114416667766237,2.0246847705618705,3.594931578310517,up,down,down,down,-0.0388763034219196,-0.0062493276785549,-2.1685783726094893e-05,-0.0022141209144915,9.954
6.030999999999999,-0.5806068421346122,0.1155371305686127,2.033496237452121,3.6253682611573756,up,down,down,down,-0.0388763034219196,-0.0062493276785549,-2.1685783726094893e-05,-0.0022141209144915,9.969
6.046999999999999,-0.5792280997245651,0.12504770404986298,2.042874906229851,3.6579795772793715,up,down,down,down,-0.0388763034219196,-0.0062493276785549,-2.1685783726094893e-05,-0.0022141209144915,9.985
6.061999999999999,-0.5789445779175644,0.057777757221969,2.051654941227346,3.688688876422057,up,down,down,down,-0.0388763034219196,-0.0062493276785549,-2.1685783726094893e-05,-0.0022141209144915,10.0
6.093999999999999,-0.5786923239227573,0.04675924075964159,2.070377110142505,3.754642083189054,up,down,down,down,-0.0388763034219196,-0.0062493276785549,-2.1685783726094893e-05,-0.0022141209144915,10.032
6.109,-0.5795850326089607,0.020637608991637503,2.0791579302316716,3.785763921278617,up,down,down,down,-0.0388763034219196,-0.0062493276785549,-2.1685783726094893e-05,-0.0022141209144915,10.047
6.125,-0.5804871995360177,0.017509129519144302,2.0885384973316885,3.8191058396716637,up,down,down,down,-0.0388763034219196,-0.0062493276785549,-2.1685783726094893e-05,-0.0022141209144915,10.063
6.141,-0.5813673623916831,0.0161338750571672,2.097933323069967,3.852597961207416,up,down,down,down,-0.0388763034219196,-0.0062493276785549,-2.1685783726094893e-05,-0.0022141209144915,10.079
6.155999999999999,-0.5818816602114314,0.0,2.106751430654668,3.884133422147105,up,down,down,down,-0.0388763034219196,-0.0062493276785549,-2.1685783726094893e-05,-0.0022141209144915,10.094
6.171999999999999,-0.5825488598388802,0.0,2.116166864057927,3.917917115477345,up,down,down,down,-0.0388763034219196,-0.0062493276785549,-2.1685783726094893e-05,-0.0022141209144915,10.11
6.186999999999999,-0.583228062327322,0.0,2.1250039308893522,3.949726221726207,up,down,down,down,-0.0388763034219196,-0.0062493276785549,-2.1685783726094893e-05,-0.0022141209144915,10.125
6.202999999999999,-0.5822278440059367,0.101389948508501,2.134427567382875,3.9838020206849243,up,down,down,down,-0.0388763034219196,-0.0062493276785549,-2.1685783726094893e-05,-0.0022141209144915,10.141
6.218999999999999,-0.5819425048631164,0.056709999848192194,2.1438409194166845,4.018028515551861,up,down,down,down,-0.0388763034219196,-0.0062493276785549,-2.1685783726094893e-05,-0.0022141209144915,10.157
6.234,-0.5817328687410122,0.0528520448955343,2.152662224633894,4.050252614418997,up,down,down,down,-0.0388763034219196,-0.0062493276785549,-2.1685783726094893e-05,-0.0022141209144915,10.172
6.25,-0.5815556622855897,0.04995170688582,2.162068522124964,4.084770807365608,up,down,down,down,-0.0388763034219196,-0.0062493276785549,-2.1685783726094893e-05,-0.0022141209144915,10.188
6.266,-0.5806793810595234,0.09364388005106389,2.171466391714582,4.119439433648865,up,down,down,down,-0.0388763034219196,-0.0062493276785549,-2.1685783726094893e-05,-0.0022141209144915,10.204
6.296999999999999,-0.579880793789906,0.0646371830869998,2.1896488035827826,4.1870373914352665,up,down,down,down,-0.0388763034219196,-0.0062493276785549,-2.1685783726094893e-05,-0.0022141209144915,10.235
6.311999999999999,-0.5790308339351409,0.095540293739591,2.198434380705899,4.219948340604189,up,down,down,down,-0.0388763034219196,-0.0062493276785549,-2.1685783726094893e-05,-0.0022141209144915,10.25
6.327999999999999,-0.5790611267714851,0.0369830011504035,2.207799105634409,4.255198555467451,up,down,down,down,-0.0388763034219196,-0.0062493276785549,-2.1685783726094893e-05,-0.0022141209144915,10.266
6.343999999999999,-0.5784900968794524,0.0745656716739649,2.217159504666473,4.2905985713223975,up,down,down,down,-0.0388763034219196,-0.0062493276785549,-2.1685783726094893e-05,-0.0022141209144915,10.282
6.359,-0.5780088827725169,0.0709572438842829,2.2259269869290415,4.323922045296121,up,down,down,down,-0.0388763034219196,-0.0062493276785549,-2.1685783726094893e-05,-0.0022141209144915,10.297
6.375,-0.578678815984345,0.0,2.235280477761953,4.359612051986189,up,down,down,down,-0.0388763034219196,-0.0062493276785549,-2.1685783726094893e-05,-0.0022141209144915,10.313
6.391,-0.5772497009758144,0.1281959914550821,2.244627895140491,4.395451665941949,up,down,down,down,-0.0388763034219196,-0.0062493276785549,-2.1685783726094893e-05,-0.0022141209144915,10.329
6.405999999999999,-0.5783963483040537,0.0375668517940415,2.253388980425268,4.429187117795445,up,down,down,down,-0.0388763034219196,-0.0062493276785549,-2.1685783726094893e-05,-0.0022141209144915,10.344
6.421999999999999,-0.57705751700896,0.1225532593652765,2.262732600590629,4.465316437416111,up,down,down,down,-0.0388763034219196,-0.0062493276785549,-2.1685783726094893e-05,-0.0022141209144915,10.36
6.436999999999999,-0.5757189265555951,0.1281156669795781,2.271472163832542,4.499323298436042,up,down,down,down,-0.0388763034219196,-0.0062493276785549,-2.1685783726094893e-05,-0.0022141209144915,10.375
6.452999999999999,-0.5745273754137532,0.1133482497870373,2.2807741234911534,4.535741615707172,up,down,down,down,-0.0388763034219196,-0.0062493276785549,-2.1685783726094893e-05,-0.0022141209144915,10.391
6.468999999999999,-0.5740620257545164,0.0679606571242218,2.2900628279433564,4.572308658291187,up,down,down,down,-0.0388763034219196,-0.0062493276785549,-2.1685783726094893e-05,-0.0022141209144915,10.407
6.484,-0.5739312501668934,0.047594675930117694,2.2987665174279455,4.606725203668229,up,down,down,down,-0.0388763034219196,-0.0062493276785549,-2.1685783726094893e-05,-0.0022141209144915,10.422
6.516,-0.5738392101914815,0.0417525526535399,2.3173308232793937,4.6805834550646255,up,down,down,down,-0.0388763034219196,-0.0062493276785549,-2.1685783726094893e-05,-0.0022141209144915,10.454
6.530999999999999,-0.5731455195892998,0.0851223435673711,2.3260269486679266,4.715408963640983,up,down,down,down,-0.0388763034219196,-0.0062493276785549,-2.1685783726094893e-05,-0.0022141209144915,10.469
6.546999999999999,-0.5713636312182313,0.1502443266137019,2.3352830111172436,4.752699790291805,up,down,down,down,-0.0388763034219196,-0.0062493276785549,-2.1685783726094893e-05,-0.0022141209144915,10.485
6.561999999999999,-0.5696130330997722,0.1555828446525234,2.3439340760148073,4.787794243732053,up,down,down,down,-0.0388763034219196,-0.0062493276785549,-2.1685783726094893e-05,-0.0022141209144915,10.5
6.577999999999999,-0.5674129092064941,0.1763840467517983,2.3531302727961143,4.825371105495079,up,down,down,down,-0.0388763034219196,-0.0062493276785549,-2.1685783726094893e-05,-0.0022141209144915,10.516
6.593999999999999,-0.5663887899039981,0.1028837598279206,2.362300675631855,4.863094900055042,up,down,down,down,-0.0388763034219196,-0.0062493276785549,-2.1685783726094893e-05,-0.0022141209144915,10.532
6.609,-0.5654067738730291,0.1043440388198528,2.370882882275362,4.898594102026103,up,down,down,down,-0.0388763034219196,-0.0062493276785549,-2.1685783726094893e-05,-0.0022141209144915,10.547
6.625,-0.5662239138548415,0.012194945441357304,2.380035917020042,4.9366017993930065,up,down,down,down,-0.0388763034219196,-0.0062493276785549,-2.1685783726094893e-05,-0.0022141209144915,10.563
6.641,-0.5665092402108254,0.0210434061729269,2.389197771495424,4.97475601587367,up,down,down,down,-0.0388763034219196,-0.0062493276785549,-2.1685783726094893e-05,-0.0022141209144915,10.579
6.671999999999999,-0.5664484021003968,0.0408388231131636,2.4069523441092824,5.049097014924835,up,down,down,down,-0.0388763034219196,-0.0062493276785549,-2.1685783726094893e-05,-0.0022141209144915,10.61
6.686999999999999,-0.5647239703418752,0.1538384206566926,2.415529876817778,5.085265956868546,up,down,down,down,-0.0388763034219196,-0.0062493276785549,-2.1685783726094893e-05,-0.0022141209144915,10.625
6.702999999999999,-0.5635954478714655,0.1094089578225208,2.424656421406342,5.123987794226879,up,down,down,down,-0.0388763034219196,-0.0062493276785549,-2.1685783726094893e-05,-0.0022141209144915,10.641
6.718999999999999,-0.562505226681921,0.10701512776845029,2.433765216045626,5.162855514299034,up,down,down,down,-0.0388763034219196,-0.0062493276785549,-2.1685783726094893e-05,-0.0022141209144915,10.657
6.734,-0.560941774048457,0.1431064789861839,2.4422848084662827,5.19942621476963,up,down,down,down,-0.0388763034219196,-0.0062493276785549,-2.1685783726094893e-05,-0.0022141209144915,10.672
6.75,-0.5568951801843998,0.2917884199254979,2.451327493343003,5.238575460156644,up,down,down,down,-0.0388763034219196,-0.0062493276785549,-2.1685783726094893e-05,-0.0022141209144915,10.688
6.766,-0.5532546875956506,0.2664070902187451,2.4603086815280997,5.277868896528153,up,down,down,down,-0.0388763034219196,-0.0062493276785549,-2.1685783726094893e-05,-0.0022141209144915,10.704
6.780999999999999,-0.5497179517157598,0.2746586954146575,2.468674716238113,5.314836597298152,up,down,down,down,-0.0388763034219196,-0.0062493276785549,-2.1685783726094893e-05,-0.0022141209144915,10.719
6.796999999999999,-0.5446695135716091,0.3544036874313368,2.4775298052032686,5.354406580442222,up,down,down,down,-0.0388763034219196,-0.0062493276785549,-2.1685783726094893e-05,-0.0022141209144915,10.735
6.811999999999999,-0.5397446651919129,0.36719952873498724,2.485756651459174,5.391631554153948,up,down,down,down,-0.0388763034219196,-0.0062493276785549,-2.1685783726094893e-05,-0.0022141209144915,10.75
6.843999999999999,-0.5342827529876253,0.2095610598059069,2.50314106863576,5.471454611620546,up,down,down,down,-0.0388763034219196,-0.0062493276785549,-2.1685783726094893e-05,-0.0022141209144915,10.782
6.875,-0.5289673475617693,0.2103409945785601,2.5198151743523107,5.549311105646158,up,down,down,down,-0.0388763034219196,-0.0062493276785549,-2.1685783726094893e-05,-0.0022141209144915,10.813
6.905999999999999,-0.5250372094921811,0.1656549508279953,2.536345974144682,5.627682275707154,up,down,down,down,-0.0388763034219196,-0.0062493276785549,-2.1685783726094893e-05,-0.0022141209144915,10.844
6.921999999999999,-0.5190988101106893,0.4100262647651615,2.544799051544362,5.668331782885206,up,down,down,down,-0.0388763034219196,-0.0062493276785549,-2.1685783726094893e-05,-0.0022141209144915,10.86
6.936999999999999,-0.5136126199484643,0.4046223142369029,2.5526381271849843,5.706562887012433,up,down,down,down,-0.0388763034219196,-0.0062493276785549,-2.1685783726094893e-05,-0.0022141209144915,10.875
6.952999999999999,-0.5082463736273155,0.3742666984937189,2.560912988376447,5.747471642909464,up,down,down,down,-0.0388763034219196,-0.0062493276785549,-2.1685783726094893e-05,-0.0022141209144915,10.891
6.968999999999999,-0.503402701300212,0.3416058238658866,2.569106170218724,5.788512143150766,up,down,down,down,-0.0388763034219196,-0.0062493276785549,-2.1685783726094893e-05,-0.0022141209144915,10.907
6.984,-0.497894466709095,0.4060919428297086,2.576709638893973,5.827106087005868,up,down,down,down,-0.0388763034219196,-0.0062493276785549,-2.1685783726094893e-05,-0.0022141209144915,10.922
7.0,-0.4924877538138972,0.3767958593717809,2.584732685901014,5.868397972576767,up,down,down,down,-0.0388763034219196,-0.0062493276785549,-2.1685783726094893e-05,-0.0022141209144915,10.938
7.016,-0.4877307659714223,0.3361880435766014,2.592674423302154,5.909817576422933,up,down,down,down,-0.0388763034219196,-0.0062493276785549,-2.1685783726094893e-05,-0.0022141209144915,10.954
7.030999999999999,-0.4817463872114498,0.4378348874201175,2.600039241866203,5.9487632541984485,up,down,down,down,-0.0388763034219196,-0.0062493276785549,-2.1685783726094893e-05,-0.0022141209144915,10.969
7.046999999999999,-0.4758956126809739,0.4045497115766623,2.607800367108199,5.9904263180427835,up,down,down,down,-0.0388763034219196,-0.0062493276785549,-2.1685783726094893e-05,-0.0022141209144915,10.985
7.061999999999999,-0.4692519209883592,0.4817890829295491,2.614982713525898,6.029597516434297,up,down,down,down,-0.0388763034219196,-0.0062493276785549,-2.1685783726094893e-05,-0.0022141209144915,11.0
7.077999999999999,-0.46449468061674,0.3362038266481178,2.6225526755815953,6.071498146519697,up,down,down,down,-0.0388763034219196,-0.0062493276785549,-2.1685783726094893e-05,-0.0022141209144915,11.016
7.093999999999999,-0.4577043529812705,0.4632717806387626,2.630030257093236,6.113519156953635,up,down,down,down,-0.0388763034219196,-0.0062493276785549,-2.1685783726094893e-05,-0.0022141209144915,11.032
7.125,-0.4515424263418026,0.23764813050152572,2.644317311330779,6.195272216523504,up,down,down,down,-0.0388763034219196,-0.0062493276785549,-2.1685783726094893e-05,-0.0022141209144915,11.063
7.155999999999999,-0.44423122205190957,0.2747216030958986,2.6583955320389165,6.277464937855027,up,down,down,down,-0.0388763034219196,-0.0062493276785549,-2.1685783726094893e-05,-0.0022141209144915,11.094
7.171999999999999,-0.4373321267167789,0.4700697618675859,2.665548028071923,6.3200568333084535,up,down,down,down,-0.0388763034219196,-0.0062493276785549,-2.1685783726094893e-05,-0.0022141209144915,11.11
7.186999999999999,-0.4305849794518082,0.4886861210866173,2.672151146283366,6.360089902402875,up,down,down,down,-0.0388763034219196,-0.0062493276785549,-2.1685783726094893e-05,-0.0022141209144915,11.125
7.218999999999999,-0.4231855621377853,0.2701080944851327,2.6860114534345136,6.445821197943441,up,down,down,down,-0.0388763034219196,-0.0062493276785549,-2.1685783726094893e-05,-0.0022141209144915,11.157
7.234,-0.413575876001353,0.6795220458507164,2.6923809041357347,6.4861594659119755,up,down,down,down,-0.0388763034219196,-0.0062493276785549,-2.1685783726094893e-05,-0.0022141209144915,11.172
7.25,-0.4034432554676588,0.6721650867778088,2.699017046430344,6.529290996489044,up,down,down,down,-0.0388763034219196,-0.0062493276785549,-2.1685783726094893e-05,-0.0022141209144915,11.188
7.266,-0.3934997283882957,0.6603467458821115,2.7054925795440483,6.572527420469378,up,down,down,down,-0.0388763034219196,-0.0062493276785549,-2.1685783726094893e-05,-0.0022141209144915,11.204
7.280999999999999,-0.3859075251021533,0.5450231891647875,2.7114318738604046,6.613154679156665,up,down,down,down,-0.0388763034219196,-0.0062493276785549,-2.1685783726094893e-05,-0.0022141209144915,11.219
7.296999999999999,-0.3784693404726393,0.5037628427665414,2.71764687802786,6.6565876561443105,up,down,down,down,-0.0388763034219196,-0.0062493276785549,-2.1685783726094893e-05,-0.0022141209144915,11.235
7.311999999999999,-0.3712333619348786,0.521274872605948,2.723363388211095,6.69739555842786,up,down,down,down,-0.0388763034219196,-0.0062493276785549,-2.1685783726094893e-05,-0.0022141209144915,11.25
7.327999999999999,-0.36452672779050127,0.4580409374455025,2.729349458171755,6.741017608171462,up,down,down,down,-0.0388763034219196,-0.0062493276785549,-2.1685783726094893e-05,-0.0022141209144915,11.266
7.343999999999999,-0.3584832678081113,0.4165925523212927,2.7352335273794006,6.784734619028411,up,down,down,down,-0.0388763034219196,-0.0062493276785549,-2.1685783726094893e-05,-0.0022141209144915,11.282
7.375,-0.3526393803996548,0.2273888004689011,2.746449657584656,6.869701380654651,up,down,down,down,-0.0388763034219196,-0.0062493276785549,-2.1685783726094893e-05,-0.0022141209144915,11.313
7.405999999999999,-0.343956925384111,0.3189554974717293,2.7574406294823395,6.9550123523634815,up,down,down,down,-0.0388763034219196,-0.0062493276785549,-2.1685783726094893e-05,-0.0022141209144915,11.344
7.421999999999999,-0.3364187949285799,0.5100094568926122,2.7629836244876977,6.999176093367781,up,down,down,down,-0.0388763034219196,-0.0062493276785549,-2.1685783726094893e-05,-0.0022141209144915,11.36
7.436999999999999,-0.32911902225547607,0.5255278149621604,2.7680688980317565,7.0406593125734345,up,down,down,down,-0.0388763034219196,-0.0062493276785549,-2.1685783726094893e-05,-0.0022141209144915,11.375
7.452999999999999,-0.3214400836569346,0.5188099658307571,2.7733733601219126,7.084991197611203,up,down,down,down,-0.0388763034219196,-0.0062493276785549,-2.1685783726094893e-05,-0.0022141209144915,11.391
7.468999999999999,-0.313970411066613,0.5057308403170196,2.778556633322558,7.129406984531299,up,down,down,down,-0.0388763034219196,-0.0062493276785549,-2.1685783726094893e-05,-0.0022141209144915,11.407
7.484,-0.3064162567238657,0.5424865929383879,2.783303273246165,7.171121259117322,up,down,down,down,-0.0388763034219196,-0.0062493276785549,-2.1685783726094893e-05,-0.0022141209144915,11.422
7.5,-0.297967811468169,0.5669041319029672,2.788238335034558,7.2156939389561074,up,down,down,down,-0.0388763034219196,-0.0062493276785549,-2.1685783726094893e-05,-0.0022141209144915,11.438
7.516,-0.289745199277414,0.5527895653441023,2.7930400283633796,7.260344512835831,up,down,down,down,-0.0388763034219196,-0.0062493276785549,-2.1685783726094893e-05,-0.0022141209144915,11.454
7.530999999999999,-0.2826001460609237,0.51521318452131,2.797426358368595,7.302273336023073,up,down,down,down,-0.0388763034219196,-0.0062493276785549,-2.1685783726094893e-05,-0.0022141209144915,11.469
7.546999999999999,-0.27391673212002127,0.5815896747283217,2.801978482636899,7.347068921723657,up,down,down,down,-0.0388763034219196,-0.0062493276785549,-2.1685783726094893e-05,-0.0022141209144915,11.485
7.561999999999999,-0.2666427002259564,0.523811763026231,2.8061264182946726,7.389130033767401,up,down,down,down,-0.0388763034219196,-0.0062493276785549,-2.1685783726094893e-05,-0.0022141209144915,11.5
7.593999999999999,-0.2594753362917519,0.2628564263658092,2.81474428536467,7.47906465897103,up,down,down,down,-0.0388763034219196,-0.0062493276785549,-2.1685783726094893e-05,-0.0022141209144915,11.532
7.609,-0.2539954720675137,0.4042005850377847,2.8186890563425426,7.521315734320591,up,down,down,down,-0.0388763034219196,-0.0062493276785549,-2.1685783726094893e-05,-0.0022141209144915,11.547
7.641,-0.2482847938957366,0.21733499628995262,2.826925519083668,7.611646261472489,up,down,down,down,-0.0388763034219196,-0.0062493276785549,-2.1685783726094893e-05,-0.0022141209144915,11.579
7.655999999999999,-0.2416484209196205,0.4813011684963604,2.830693758109962,7.654078731338195,up,down,down,down,-0.0388763034219196,-0.0062493276785549,-2.1685783726094893e-05,-0.0022141209144915,11.594
7.671999999999999,-0.236598470207161,0.35449822295063843,2.8346197224818326,7.699401586155469,up,down,down,down,-0.0388763034219196,-0.0062493276785549,-2.1685783726094893e-05,-0.0022141209144915,11.61
7.686999999999999,-0.23170675612919558,0.3649905752862675,2.8382257515945337,7.741948252497799,up,down,down,down,-0.0388763034219196,-0.0062493276785549,-2.1685783726094893e-05,-0.0022141209144915,11.625
7.702999999999999,-0.2257113901571319,0.4135866766759028,2.8419850860076816,7.787390286171156,up,down,down,down,-0.0388763034219196,-0.0062493276785549,-2.1685783726094893e-05,-0.0022141209144915,11.641
7.718999999999999,-0.2217446346317384,0.2867985237590128,2.845664723448849,7.8328918316193485,up,down,down,down,-0.0388763034219196,-0.0062493276785549,-2.1685783726094893e-05,-0.0022141209144915,11.657
7.734,-0.2163181009534565,0.4006452153073687,2.8490439338809166,7.875602471836079,up,down,down,down,-0.0388763034219196,-0.0062493276785549,-2.1685783726094893e-05,-0.0022141209144915,11.672
7.75,-0.21106783204962548,0.3670181099113541,2.8525630105877977,7.921215674364369,up,down,down,down,-0.0388763034219196,-0.0062493276785549,-2.1685783726094893e-05,-0.0022141209144915,11.688
7.766,-0.2049587518377542,0.42069381666387473,2.855991212501754,7.966884455121625,up,down,down,down,-0.0388763034219196,-0.0062493276785549,-2.1685783726094893e-05,-0.0022141209144915,11.704
7.780999999999999,-0.1990014703434042,0.4360284030452877,2.8591146540832906,8.009748074407765,up,down,down,down,-0.0388763034219196,-0.0062493276785549,-2.1685783726094893e-05,-0.0022141209144915,11.719
7.811999999999999,-0.1936261666003602,0.2122731983588182,2.8653941116139543,8.09847863253537,up,down,down,down,-0.0388763034219196,-0.0062493276785549,-2.1685783726094893e-05,-0.0022141209144915,11.75
7.827999999999999,-0.1882951182286056,0.3720668266565803,2.868549471135443,8.144350528169905,up,down,down,down,-0.0388763034219196,-0.0062493276785549,-2.1685783726094893e-05,-0.0022141209144915,11.766
7.843999999999999,-0.1830590965352971,0.3661276592537006,2.871620294096411,8.1902722332643,up,down,down,down,-0.0388763034219196,-0.0062493276785549,-2.1685783726094893e-05,-0.0022141209144915,11.782
7.859,-0.1787845124280487,0.3238485772384726,2.8744278610788143,8.233367919714873,up,down,down,down,-0.0388763034219196,-0.0062493276785549,-2.1685783726094893e-05,-0.0022141209144915,11.797
7.875,-0.1746431811471094,0.2977095084806255,2.8773552718702726,8.279382531751004,up,down,down,down,-0.0388763034219196,-0.0062493276785549,-2.1685783726094893e-05,-0.0022141209144915,11.813
7.905999999999999,-0.1723136330840677,0.1140230151329432,2.882926831648891,8.368667576614843,up,down,down,down,-0.0388763034219196,-0.0062493276785549,-2.1685783726094893e-05,-0.0022141209144915,11.844
7.921999999999999,-0.16777221047111898,0.3227152167312171,2.8857475076401897,8.414817318301695,up,down,down,down,-0.0388763034219196,-0.0062493276785549,-2.1685783726094893e-05,-0.0022141209144915,11.86
7.952999999999999,-0.1621805638442772,0.21925200106197268,2.8910555048001134,8.504358437253817,up,down,down,down,-0.0388763034219196,-0.0062493276785549,-2.1685783726094893e-05,-0.0022141209144915,11.891
7.968999999999999,-0.1582434773624257,0.2849442085376404,2.893718886372624,8.550636979355739,up,down,down,down,-0.0388763034219196,-0.0062493276785549,-2.1685783726094893e-05,-0.0022141209144915,11.907
7.984,-0.15387023294339738,0.3304259313571292,2.896153479115096,8.594061347383654,up,down,down,down,-0.0388763034219196,-0.0062493276785549,-2.1685783726094893e-05,-0.0022141209144915,11.922
8.0,-0.1496090194461139,0.3052021470021367,2.898681302377069,8.640420372608132,up,down,down,down,-0.0388763034219196,-0.0062493276785549,-2.1685783726094893e-05,-0.0022141209144915,11.938
8.016,-0.1482302061856462,0.12505213220115308,2.90116400542498,8.686819482043088,up,down,down,down,-0.0388763034219196,-0.0062493276785549,-2.1685783726094893e-05,-0.0022141209144915,11.954
8.030999999999999,-0.1444164291207688,0.2931281077471,2.903452595104956,8.730354431833815,up,down,down,down,-0.0388763034219196,-0.0062493276785549,-2.1685783726094893e-05,-0.0022141209144915,11.969
8.046999999999999,-0.1408707826889106,0.2604792054130552,2.905834882042291,8.776829078623532,up,down,down,down,-0.0388763034219196,-0.0062493276785549,-2.1685783726094893e-05,-0.0022141209144915,11.985
8.062,-0.1373998284618558,0.2702732518922301,2.9080156515411,8.820433282912164,up,down,down,down,-0.0388763034219196,-0.0062493276785549,-2.1685783726094893e-05,-0.0022141209144915,12.0
8.078,-0.1356310608257747,0.14942428067699048,2.9102998878982578,8.866980154200219,up,down,down,down,-0.0388763034219196,-0.0062493276785549,-2.1685783726094893e-05,-0.0022141209144915,12.016
8.094,-0.1325580525973038,0.2309393177013505,2.912545390048499,8.913563263396332,up,down,down,down,-0.0388763034219196,-0.0062493276785549,-2.1685783726094893e-05,-0.0022141209144915,12.032
8.109,-0.1294831299327477,0.2438711477256526,2.914604438832653,8.957267212399698,up,down,down,down,-0.0388763034219196,-0.0062493276785549,-2.1685783726094893e-05,-0.0022141209144915,12.047
8.125,-0.12746599870738778,0.1649470050069099,2.916760021104631,9.003918475051735,up,down,down,down,-0.0388763034219196,-0.0062493276785549,-2.1685783726094893e-05,-0.0022141209144915,12.063
8.141,-0.1253759620467018,0.16950359471479237,2.9188827460335207,9.05060396416138,up,down,down,down,-0.0388763034219196,-0.0062493276785549,-2.1685783726094893e-05,-0.0022141209144915,12.079
8.155999999999999,-0.1233430336761909,0.1744048614559935,2.9208418784166206,9.094402224131509,up,down,down,down,-0.0388763034219196,-0.0062493276785549,-2.1685783726094893e-05,-0.0022141209144915,12.094
8.187,-0.1188884898222948,0.18257126645082328,2.9247901961888823,9.18501019354719,up,down,down,down,-0.0388763034219196,-0.0062493276785549,-2.1685783726094893e-05,-0.0022141209144915,12.125
8.203,-0.11652950847840769,0.1863126374148646,2.9267735294181447,9.23182305032459,up,down,down,down,-0.0388763034219196,-0.0062493276785549,-2.1685783726094893e-05,-0.0022141209144915,12.141
8.219,-0.11424274153157829,0.1817992375987562,2.9287196966610813,9.278667343105761,up,down,down,down,-0.0388763034219196,-0.0062493276785549,-2.1685783726094893e-05,-0.0022141209144915,12.157
8.234,-0.1126561845815299,0.1446467667584749,2.930515178522108,9.322611929956393,up,down,down,down,-0.0388763034219196,-0.0062493276785549,-2.1685783726094893e-05,-0.0022141209144915,12.172
8.25,-0.11083576093556849,0.15265278129450421,2.932403103329102,9.369515623183743,up,down,down,down,-0.0388763034219196,-0.0062493276785549,-2.1685783726094893e-05,-0.0022141209144915,12.188
8.266,-0.10913708352848239,0.1450436413648057,2.9342628753276707,9.416449297985537,up,down,down,down,-0.0388763034219196,-0.0062493276785549,-2.1685783726094893e-05,-0.0022141209144915,12.204
8.296999999999999,-0.1067961148699705,0.1143914214384339,2.937803569060882,9.507467000132852,up,down,down,down,-0.0388763034219196,-0.0062493276785549,-2.1685783726094893e-05,-0.0022141209144915,12.235
8.312,-0.10417728990151609,0.21346463465220938,2.9394796095118463,9.551546949258904,up,down,down,down,-0.0388763034219196,-0.0062493276785549,-2.1685783726094893e-05,-0.0022141209144915,12.25
8.328,-0.1015785713977397,0.2012962099079415,2.941225645645097,9.5985929382727,up,down,down,down,-0.0388763034219196,-0.0062493276785549,-2.1685783726094893e-05,-0.0022141209144915,12.266
8.344,-0.0994464747542576,0.1721323436395525,2.94293383525717,9.645666561092458,up,down,down,down,-0.0388763034219196,-0.0062493276785549,-2.1685783726094893e-05,-0.0022141209144915,12.282
8.359,-0.09619431642903109,0.2556868584370125,2.9444948811062233,9.68982260175194,up,down,down,down,-0.0388763034219196,-0.0062493276785549,-2.1685783726094893e-05,-0.0022141209144915,12.297
8.375,-0.09532900506492399,0.0929582636786106,2.9461270569210316,9.7369479242287,up,down,down,down,-0.0388763034219196,-0.0062493276785549,-2.1685783726094893e-05,-0.0022141209144915,12.313
8.391,-0.0944635237165947,0.09296888769250139,2.9477453863941405,9.784099250747762,up,down,down,down,-0.0388763034219196,-0.0062493276785549,-2.1685783726094893e-05,-0.0022141209144915,12.329
8.405999999999999,-0.09349811565030379,0.1032368411746489,2.9492488386045705,9.828327032722003,up,down,down,down,-0.0388763034219196,-0.0062493276785549,-2.1685783726094893e-05,-0.0022141209144915,12.344
8.421999999999999,-0.0911765109590945,0.18397659662250349,2.9508262248603025,9.87552798020226,up,down,down,down,-0.0388763034219196,-0.0062493276785549,-2.1685783726094893e-05,-0.0022141209144915,12.36
8.437,-0.08892998914727279,0.1886444242100287,2.9522707635262786,9.919801532901916,up,down,down,down,-0.0388763034219196,-0.0062493276785549,-2.1685783726094893e-05,-0.0022141209144915,12.375
8.469,-0.0852726694362644,0.1531675443909306,2.9552579845493288,10.01432268681621,up,down,down,down,-0.0388763034219196,-0.0062493276785549,-2.1685783726094893e-05,-0.0022141209144915,12.407
8.484,-0.0817003346791764,0.2770319538944411,2.956604021995373,10.05866197715205,up,down,down,down,-0.0388763034219196,-0.0062493276785549,-2.1685783726094893e-05,-0.0022141209144915,12.422
8.5,-0.0770528190470276,0.3293460304312208,2.95797403646804,10.105978948592298,up,down,down,down,-0.0388763034219196,-0.0062493276785549,-2.1685783726094893e-05,-0.0022141209144915,12.438
8.516,-0.07345985595996389,0.2634364963634003,2.9592781271109527,10.15331731287347,up,down,down,down,-0.0388763034219196,-0.0062493276785549,-2.1685783726094893e-05,-0.0022141209144915,12.454
8.530999999999999,-0.0715677040298601,0.1650197654288521,2.960459573726055,10.197715670916502,up,down,down,down,-0.0388763034219196,-0.0062493276785549,-2.1685783726094893e-05,-0.0022141209144915,12.469
8.546999999999999,-0.0696688192614782,0.1575566014457849,2.9616894551552426,10.245093210120089,up,down,down,down,-0.0388763034219196,-0.0062493276785549,-2.1685783726094893e-05,-0.0022141209144915,12.485
8.562,-0.07030975729664489,0.0,2.962833034394607,10.28952745407847,up,down,down,down,-0.0388763034219196,-0.0062493276785549,-2.1685783726094893e-05,-0.0022141209144915,12.5
8.578,-0.06770895492685189,0.2014264515339811,2.9640371733352517,10.336942762712848,up,down,down,down,-0.0388763034219196,-0.0062493276785549,-2.1685783726094893e-05,-0.0022141209144915,12.516
8.594,-0.06520325548810389,0.1954825183436701,2.9652004602614284,10.384377010754163,up,down,down,down,-0.0388763034219196,-0.0062493276785549,-2.1685783726094893e-05,-0.0022141209144915,12.532
8.609,-0.0632658476051997,0.16803682894886107,2.9662577184498065,10.428863272381255,up,down,down,down,-0.0388763034219196,-0.0062493276785549,-2.1685783726094893e-05,-0.0022141209144915,12.547
8.625,-0.061836538051231495,0.12820815054492818,2.967358526777915,10.476332549315616,up,down,down,down,-0.0388763034219196,-0.0062493276785549,-2.1685783726094893e-05,-0.0022141209144915,12.563
8.641,-0.06041146030937301,0.1279436622880767,2.9684365000076567,10.52381925650244,up,down,down,down,-0.0388763034219196,-0.0062493276785549,-2.1685783726094893e-05,-0.0022141209144915,12.579
8.655999999999999,-0.0578507911141734,0.20958758310190628,2.9694172068085116,10.568353484590315,up,down,down,down,-0.0388763034219196,-0.0062493276785549,-2.1685783726094893e-05,-0.0022141209144915,12.594
8.671999999999999,-0.05731406171685371,0.0724218907544037,2.970438514874017,10.615872677336315,up,down,down,down,-0.0388763034219196,-0.0062493276785549,-2.1685783726094893e-05,-0.0022141209144915,12.61
8.687,-0.058616627133011,0.047961390988568,2.971401734955569,10.660436804496793,up,down,down,down,-0.0388763034219196,-0.0062493276785549,-2.1685783726094893e-05,-0.0022141209144915,12.625
8.719,-0.05990797688532191,0.0,2.973498107105576,10.755555895914851,up,down,down,down,-0.0388763034219196,-0.0062493276785549,-2.1685783726094893e-05,-0.0022141209144915,12.657
8.734,-0.0567227502779292,0.2512247439147529,2.974466577474479,10.80016595633596,up,down,down,down,-0.0388763034219196,-0.0062493276785549,-2.1685783726094893e-05,-0.0022141209144915,12.672
8.75,-0.053620737867692704,0.23275207906170398,2.9754493146225007,10.847765630445277,up,down,down,down,-0.0388763034219196,-0.0062493276785549,-2.1685783726094893e-05,-0.0022141209144915,12.688
8.780999999999999,-0.0525716404055227,0.0727181570403069,2.9772890256437705,10.940033746978697,up,down,down,down,-0.0388763034219196,-0.0062493276785549,-2.1685783726094893e-05,-0.0022141209144915,12.719
8.796999999999999,-0.051545875731449003,0.1029865955515239,2.978221955015723,10.987678181796511,up,down,down,down,-0.0388763034219196,-0.0062493276785549,-2.1685783726094893e-05,-0.0022141209144915,12.735
8.812,-0.050010349774805,0.141244700531521,2.979077366622198,11.032358251995552,up,down,down,down,-0.0388763034219196,-0.0062493276785549,-2.1685783726094893e-05,-0.0022141209144915,12.75
8.828,-0.0471795330593085,0.2158023481404477,2.979954874927728,11.080030856900493,up,down,down,down,-0.0388763034219196,-0.0062493276785549,-2.1685783726094893e-05,-0.0022141209144915,12.766
8.844,-0.043800696617651604,0.2500535810254775,2.980782706008,11.127717104520517,up,down,down,down,-0.0388763034219196,-0.0062493276785549,-2.1685783726094893e-05,-0.0022141209144915,12.782
8.875,-0.0404625529341444,0.14655835772859999,2.9822825155340884,11.220145287713716,up,down,down,down,-0.0388763034219196,-0.0062493276785549,-2.1685783726094893e-05,-0.0022141209144915,12.813
8.891,-0.038989153364928704,0.1309637764979052,2.983018118427338,11.267868039757948,up,down,down,down,-0.0388763034219196,-0.0062493276785549,-2.1685783726094893e-05,-0.0022141209144915,12.829
8.905999999999999,-0.0385376020023216,0.068979727595729,2.98369330900777,11.312618700750464,up,down,down,down,-0.0388763034219196,-0.0062493276785549,-2.1685783726094893e-05,-0.0022141209144915,12.844
8.921999999999999,-0.0381087441712804,0.06567991786199359,2.984406469020016,11.360363845947226,up,down,down,down,-0.0388763034219196,-0.0062493276785549,-2.1685783726094893e-05,-0.0022141209144915,12.86
8.937,-0.0379520071342227,0.0493254392257627,2.985070664569986,11.405135249735908,up,down,down,down,-0.0388763034219196,-0.0062493276785549,-2.1685783726094893e-05,-0.0022141209144915,12.875
8.953,-0.0365463476833163,0.12673001910357118,2.985766640651383,11.45290229515022,up,down,down,down,-0.0388763034219196,-0.0062493276785549,-2.1685783726094893e-05,-0.0022141209144915,12.891
8.969,-0.0351554167369734,0.12580948756835109,2.9864402440096023,11.500680297200049,up,down,down,down,-0.0388763034219196,-0.0062493276785549,-2.1685783726094893e-05,-0.0022141209144915,12.907
8.984,-0.0338609955537716,0.1251710489687014,2.9870516070169617,11.545481811369505,up,down,down,down,-0.0388763034219196,-0.0062493276785549,-2.1685783726094893e-05,-0.0022141209144915,12.922
9.0,-0.0325948255988137,0.1180119256067866,2.9876832428290387,11.593280037140813,up,down,down,down,-0.0388763034219196,-0.0062493276785549,-2.1685783726094893e-05,-0.0022141209144915,12.938
9.016,-0.0313888008221425,0.1142528519638695,2.988295101083263,11.641088210864654,up,down,down,down,-0.0388763034219196,-0.0062493276785549,-2.1685783726094893e-05,-0.0022141209144915,12.954
9.030999999999999,-0.0336052991679007,0.10889025296197301,2.988876296748367,11.685917321635142,up,down,down,down,-0.0388763034219196,-0.0062493276785549,-2.1685783726094893e-05,-0.0022141209144915,12.969
9.062,-0.0335033555111721,0.0421648084776829,2.990110210053928,11.778592284749875,up,down,down,down,-0.0388763034219196,-0.0062493276785549,-2.1685783726094893e-05,-0.0022141209144915,13.0
9.078,-0.0334531012287335,0.0420171960743286,2.990745850950704,11.826439480210453,up,down,down,down,-0.0388763034219196,-0.0062493276785549,-2.1685783726094893e-05,-0.0022141209144915,13.016
9.094,-0.031473286943663505,0.1626146962387939,2.9913652512989404,11.87429671600099,up,down,down,down,-0.0388763034219196,-0.0062493276785549,-2.1685783726094893e-05,-0.0022141209144915,13.032
9.109,-0.031969060790334604,0.0,2.9919348088221236,11.919171791738652,up,down,down,down,-0.0388763034219196,-0.0062493276785549,-2.1685783726094893e-05,-0.0022141209144915,13.047
9.125,-0.032443273701927504,0.0,2.9925500967409184,11.967048017955698,up,down,down,down,-0.0388763034219196,-0.0062493276785549,-2.1685783726094893e-05,-0.0022141209144915,13.063
9.141,-0.031082569177215198,0.1239203362164429,2.9931582927268083,12.014934032043978,up,down,down,down,-0.0388763034219196,-0.0062493276785549,-2.1685783726094893e-05,-0.0022141209144915,13.079
9.155999999999999,-0.0291517319842658,0.16759878295188968,2.9937037899006977,12.059835822950436,up,down,down,down,-0.0388763034219196,-0.0062493276785549,-2.1685783726094893e-05,-0.0022141209144915,13.094
9.171999999999999,-0.030002304647554802,0.014284488033644606,2.9942770114366097,12.107740016333672,up,down,down,down,-0.0388763034219196,-0.0062493276785549,-2.1685783726094893e-05,-0.0022141209144915,13.11
9.187,-0.0308630796122564,0.018508694224851803,2.994827241733736,12.152658623519208,up,down,down,down,-0.0388763034219196,-0.0062493276785549,-2.1685783726094893e-05,-0.0022141209144915,13.125
9.203,-0.028438843593598002,0.190391054588068,2.99540164636224,12.200580801596518,up,down,down,down,-0.0388763034219196,-0.0062493276785549,-2.1685783726094893e-05,-0.0022141209144915,13.141
9.219,-0.027846422362580704,0.0759026303605024,2.995951917732746,12.248511977081815,up,down,down,down,-0.0388763034219196,-0.0062493276785549,-2.1685783726094893e-05,-0.0022141209144915,13.157
9.234,-0.0272371113661833,0.07949703651507689,2.99645878415089,12.2934553826327,up,down,down,down,-0.0388763034219196,-0.0062493276785549,-2.1685783726094893e-05,-0.0022141209144915,13.172
9.266,-0.025387619696648003,0.0966729180948975,2.9975007583336097,12.389359429257533,up,down,down,down,-0.0388763034219196,-0.0062493276785549,-2.1685783726094893e-05,-0.0022141209144915,13.204
9.280999999999999,-0.024923514297791202,0.0698166633457069,2.997971831753746,12.434325798969939,up,down,down,down,-0.0388763034219196,-0.0062493276785549,-2.1685783726094893e-05,-0.0022141209144915,13.219
9.296999999999999,-0.0244600748718344,0.06784126754422169,2.99846688970996,12.48229765571419,up,down,down,down,-0.0388763034219196,-0.0062493276785549,-2.1685783726094893e-05,-0.0022141209144915,13.235
9.312,-0.0251638549363715,0.0,2.9989328090987,12.52727847874201,up,down,down,down,-0.0388763034219196,-0.0062493276785549,-2.1685783726094893e-05,-0.0022141209144915,13.25
9.328,-0.025063351677069003,0.0451577571283222,2.9994346159944643,12.575265765115297,up,down,down,down,-0.0388763034219196,-0.0062493276785549,-2.1685783726094893e-05,-0.0022141209144915,13.266
9.359,-0.0243043785670256,0.0633593069717085,3.000393544971283,12.66826377386956,up,down,down,down,-0.0388763034219196,-0.0062493276785549,-2.1685783726094893e-05,-0.0022141209144915,13.297
9.375,-0.0248540621499326,0.0,3.0008868017398758,12.716274363615788,up,down,down,down,-0.0388763034219196,-0.0062493276785549,-2.1685783726094893e-05,-0.0022141209144915,13.313
9.391,-0.025391460998712,0.0,3.001388755167922,12.764292915043592,up,down,down,down,-0.0388763034219196,-0.0062493276785549,-2.1685783726094893e-05,-0.0022141209144915,13.329
9.421999999999999,-0.024144792970657702,0.0790914011010917,3.0023502962624824,12.857351542600055,up,down,down,down,-0.0388763034219196,-0.0062493276785549,-2.1685783726094893e-05,-0.0022141209144915,13.36
9.437,-0.0222124611575207,0.16769842429771548,3.002791715583622,12.902390432975658,up,down,down,down,-0.0388763034219196,-0.0062493276785549,-2.1685783726094893e-05,-0.0022141209144915,13.375
9.453,-0.0203243801804404,0.15688136448943601,3.0032319995571823,12.950438969669325,up,down,down,down,-0.0388763034219196,-0.0062493276785549,-2.1685783726094893e-05,-0.0022141209144915,13.391
9.469,-0.020963442396070002,0.0,3.003662291380651,12.99849447096937,up,down,down,down,-0.0388763034219196,-0.0062493276785549,-2.1685783726094893e-05,-0.0022141209144915,13.407
9.484,-0.0215040323963347,0.0,3.004074537356773,13.043552822471657,up,down,down,down,-0.0388763034219196,-0.0062493276785549,-2.1685783726094893e-05,-0.0022141209144915,13.422
9.5,-0.0220625541354682,0.0,3.004523059291884,13.091621950217386,up,down,down,down,-0.0388763034219196,-0.0062493276785549,-2.1685783726094893e-05,-0.0022141209144915,13.438
9.530999999999999,-0.0229057461659003,0.011676560504752496,3.0054137971045907,13.184776643750821,up,down,down,down,-0.0388763034219196,-0.0062493276785549,-2.1685783726094893e-05,-0.0022141209144915,13.469
9.546999999999999,-0.021333854914466602,0.1371195066365291,3.0058677031560905,13.232867242725444,up,down,down,down,-0.0388763034219196,-0.0062493276785549,-2.1685783726094893e-05,-0.0022141209144915,13.485
9.562,-0.020789830886039702,0.0751445719837118,3.0062773707147725,13.277958656066232,up,down,down,down,-0.0388763034219196,-0.0062493276785549,-2.1685783726094893e-05,-0.0022141209144915,13.5
9.578,-0.0222983642426459,0.055407031365972706,3.006722065518659,13.326062998528641,up,down,down,down,-0.0388763034219196,-0.0062493276785549,-2.1685783726094893e-05,-0.0022141209144915,13.516
9.594,-0.020341809769933,0.1611609579664772,3.0071631761536164,13.374174427434559,up,down,down,down,-0.0388763034219196,-0.0062493276785549,-2.1685783726094893e-05,-0.0022141209144915,13.532
9.609,-0.018469462090898503,0.163699482024218,3.007548000607751,13.419285086547024,up,down,down,down,-0.0388763034219196,-0.0062493276785549,-2.1685783726094893e-05,-0.0022141209144915,13.547
9.625,-0.0164028946236189,0.168036770126889,3.007926968704324,13.467409233274061,up,down,down,down,-0.0388763034219196,-0.0062493276785549,-2.1685783726094893e-05,-0.0022141209144915,13.563
9.641,-0.015910979829046202,0.0696209780827182,3.0082854689428022,13.515539279747777,up,down,down,down,-0.0388763034219196,-0.0062493276785549,-2.1685783726094893e-05,-0.0022141209144915,13.579
9.655999999999999,-0.015385209629634702,0.07392765004935359,3.00861393027892,13.560666350528694,up,down,down,down,-0.0388763034219196,-0.0062493276785549,-2.1685783726094893e-05,-0.0022141209144915,13.594
9.671999999999999,-0.014468624499592402,0.0961628740495655,3.008952750194811,13.60880723094502,up,down,down,down,-0.0388763034219196,-0.0062493276785549,-2.1685783726094893e-05,-0.0022141209144915,13.61
9.687,-0.013115144597078302,0.1291082969228568,3.0092533683782148,13.653944102121077,up,down,down,down,-0.0388763034219196,-0.0062493276785549,-2.1685783726094893e-05,-0.0022141209144915,13.625
9.703,-0.0117615807495514,0.1234740438923463,3.009552371423845,13.702094895012033,up,down,down,down,-0.0388763034219196,-0.0062493276785549,-2.1685783726094893e-05,-0.0022141209144915,13.641
9.719,-0.013773667177970201,0.0868790983542533,3.009856642650122,13.750250514097164,up,down,down,down,-0.0388763034219196,-0.0062493276785549,-2.1685783726094893e-05,-0.0022141209144915,13.657
9.75,-0.0128481061350918,0.06873311125670739,3.0104630092945097,13.843566140961602,up,down,down,down,-0.0388763034219196,-0.0062493276785549,-2.1685783726094893e-05,-0.0022141209144915,13.688
9.766,-0.014110393662440001,0.040016667037345896,3.0107786665357463,13.891736421340784,up,down,down,down,-0.0388763034219196,-0.0062493276785549,-2.1685783726094893e-05,-0.0022141209144915,13.704
9.780999999999999,-0.0153025227828767,0.04059897127386321,3.0110930033242647,13.936900784151486,up,down,down,down,-0.0388763034219196,-0.0062493276785549,-2.1685783726094893e-05,-0.0022141209144915,13.719
9.796999999999999,-0.0173970366820501,0.09203081527642261,3.011454589042841,13.985081511862965,up,down,down,down,-0.0388763034219196,-0.0062493276785549,-2.1685783726094893e-05,-0.0022141209144915,13.735
9.812,-0.0164350517931879,0.103008629346066,3.0118020696215835,14.030256262089704,up,down,down,down,-0.0388763034219196,-0.0062493276785549,-2.1685783726094893e-05,-0.0022141209144915,13.75
9.844,-0.0167025681125867,0.030516418440706898,3.01253225002579,14.12664630514914,up,down,down,down,-0.0388763034219196,-0.0062493276785549,-2.1685783726094893e-05,-0.0022141209144915,13.782
9.859,-0.0156660468463716,0.10797772116959149,3.01286875455316,14.171837137970241,up,down,down,down,-0.0388763034219196,-0.0062493276785549,-2.1685783726094893e-05,-0.0022141209144915,13.797
9.875,-0.014675159481322801,0.1008067637374708,3.0132114734466384,14.220046126766778,up,down,down,down,-0.0388763034219196,-0.0062493276785549,-2.1685783726094893e-05,-0.0022141209144915,13.813
9.905999999999999,-0.013489952455209602,0.07710878813524791,3.0138417618396898,14.313466124173008,up,down,down,down,-0.0388763034219196,-0.0062493276785549,-2.1685783726094893e-05,-0.0022141209144915,13.844
9.921999999999999,-0.011428492243673802,0.1677175666429107,3.014141098640138,14.361690334029387,up,down,down,down,-0.0388763034219196,-0.0062493276785549,-2.1685783726094893e-05,-0.0022141209144915,13.86
9.937,0.0,0.1691821314582847,3.014391606533317,14.406904654604945,up,down,down,down,-0.0388763034219196,-0.0062493276785549,-2.1685783726094893e-05,-0.0022141209144915,13.875
9.953,0.0,0.1234739562604445,3.014632349753781,14.455137193227781,up,down,down,down,-0.0388763034219196,-0.0062493276785549,-2.1685783726094893e-05,-0.0022141209144915,13.891
9.969,0.0,0.0229985984455671,3.014864296820918,14.50337351337292,up,down,down,down,-0.0388763034219196,-0.0062493276785549,-2.1685783726094893e-05,-0.0022141209144915,13.907
9.984,0.0,0.025599269421221198,3.0150851461872814,14.548598459482239,up,down,down,down,-0.0388763034219196,-0.0062493276785549,-2.1685783726094893e-05,-0.0022141209144915,13.922
10.0,0.0,0.0624607444700274,3.015319293280362,14.59684204197052,up,down,down,down,-0.0388763034219196,-0.0062493276785549,-2.1685783726094893e-05,-0.0022141209144915,13.938
10.016,0.0,0.0392495634373711,3.015550373787706,14.645089346279605,up,down,down,down,-0.0388763034219196,-0.0062493276785549,-2.1685783726094893e-05,-0.0022141209144915,13.954
10.030999999999999,0.0,0.035436102531301396,3.0157673539947387,14.690324554524725,up,down,down,down,-0.0388763034219196,-0.0062493276785549,-2.1685783726094893e-05,-0.0022141209144915,13.969
10.062,0.0,0.047742918789287395,3.0162123191939645,14.783820911718447,up,down,down,down,-0.0388763034219196,-0.0062493276785549,-2.1685783726094893e-05,-0.0022141209144915,14.0
10.078,0.0,0.0,3.0164448530827137,14.8320825160692,up,down,down,down,-0.0388763034219196,-0.0062493276785549,-2.1685783726094893e-05,-0.0022141209144915,14.016
10.094,0.0,0.0520456481947205,3.0166807746470266,14.880347868063577,up,down,down,down,-0.0388763034219196,-0.0062493276785549,-2.1685783726094893e-05,-0.0022141209144915,14.032
10.109,0.0,0.0673220584702045,3.016897170644755,14.925600027940023,up,down,down,down,-0.0388763034219196,-0.0062493276785549,-2.1685783726094893e-05,-0.0022141209144915,14.047
10.125,0.0,0.0371322644723282,3.0171343086484157,14.973872626746909,up,down,down,down,-0.0388763034219196,-0.0062493276785549,-2.1685783726094893e-05,-0.0022141209144915,14.063
10.141,-0.0103600417713334,0.0348846764471889,3.0173906171541907,15.022149173125868,up,down,down,down,-0.0388763034219196,-0.0062493276785549,-2.1685783726094893e-05,-0.0022141209144915,14.079
10.155999999999999,-0.010021128013496701,0.061470553944366596,3.017637215842755,15.067412207160102,up,down,down,down,-0.0388763034219196,-0.0062493276785549,-2.1685783726094893e-05,-0.0022141209144915,14.094
10.171999999999999,0.0,0.2681313589074637,3.0178681984867257,15.115696597447277,up,down,down,down,-0.0388763034219196,-0.0062493276785549,-2.1685783726094893e-05,-0.0022141209144915,14.11
10.203,0.0,0.15499077513688958,3.018203079102,15.209256374509199,up,down,down,down,-0.0388763034219196,-0.0062493276785549,-2.1685783726094893e-05,-0.0022141209144915,14.141
10.219,0.0,0.030921470437372697,3.0183481425395198,15.257549131254871,up,down,down,down,-0.0388763034219196,-0.0062493276785549,-2.1685783726094893e-05,-0.0022141209144915,14.157
10.234,0.0,0.19916550376900288,3.018467061557114,15.302825570572352,up,down,down,down,-0.0388763034219196,-0.0062493276785549,-2.1685783726094893e-05,-0.0022141209144915,14.172
10.25,0.0,0.010753924728934498,3.0185782734696454,15.351122280225109,up,down,down,down,-0.0388763034219196,-0.0062493276785549,-2.1685783726094893e-05,-0.0022141209144915,14.188
10.266,0.0,0.010438254717581797,3.0186967251168837,15.39942082718634,up,down,down,down,-0.0388763034219196,-0.0062493276785549,-2.1685783726094893e-05,-0.0022141209144915,14.204
10.280999999999999,0.0,0.04026875237677731,3.0188200899207915,15.444702528585875,up,down,down,down,-0.0388763034219196,-0.0062493276785549,-2.1685783726094893e-05,-0.0022141209144915,14.219
10.296999999999999,0.0,0.1756552835210365,3.018943668742203,15.493004985627719,up,down,down,down,-0.0388763034219196,-0.0062493276785549,-2.1685783726094893e-05,-0.0022141209144915,14.235
10.312,0.0,0.0952820376851946,3.019058203223039,15.538290324954216,up,down,down,down,-0.0388763034219196,-0.0062493276785549,-2.1685783726094893e-05,-0.0022141209144915,14.25
10.328,0.0,0.0,3.0192016085389537,15.586596750420853,up,down,down,down,-0.0388763034219196,-0.0062493276785549,-2.1685783726094893e-05,-0.0022141209144915,14.266
10.359,0.0,0.017533906057338497,3.019499662752019,15.68019729238516,up,down,down,down,-0.0388763034219196,-0.0062493276785549,-2.1685783726094893e-05,-0.0022141209144915,14.297
10.375,0.0,0.0792214118544574,3.0196536259252365,15.728510865667117,up,down,down,down,-0.0388763034219196,-0.0062493276785549,-2.1685783726094893e-05,-0.0022141209144915,14.313
10.391,0.0,0.037832300290641,3.019802558556975,15.776826862115515,up,down,down,down,-0.0388763034219196,-0.0062493276785549,-2.1685783726094893e-05,-0.0022141209144915,14.329
10.405999999999999,0.0,0.018186365642997096,3.0199446357976063,15.822125291359924,up,down,down,down,-0.0388763034219196,-0.0062493276785549,-2.1685783726094893e-05,-0.0022141209144915,14.344
10.421999999999999,0.0,0.020116167427919298,3.02010106894422,15.8704460039704,up,down,down,down,-0.0388763034219196,-0.0062493276785549,-2.1685783726094893e-05,-0.0022141209144915,14.36
10.437,0.0,0.0762599106260145,3.0202457705796792,15.915748930553587,up,down,down,down,-0.0388763034219196,-0.0062493276785549,-2.1685783726094893e-05,-0.0022141209144915,14.375
10.453,0.0,0.12218052456725019,3.020416248231954,15.96407457367662,up,down,down,down,-0.0388763034219196,-0.0062493276785549,-2.1685783726094893e-05,-0.0022141209144915,14.391
10.484,0.0,0.10135993072077129,3.0207564673936598,16.057713423028112,up,down,down,down,-0.0388763034219196,-0.0062493276785549,-2.1685783726094893e-05,-0.0022141209144915,14.422
10.5,0.0,0.0189151038013646,3.0209191234743282,16.106047174727596,up,down,down,down,-0.0388763034219196,-0.0062493276785549,-2.1685783726094893e-05,-0.0022141209144915,14.438
10.516,0.0,0.0189628384447137,3.0210868835120657,16.15438356975603,up,down,down,down,-0.0388763034219196,-0.0062493276785549,-2.1685783726094893e-05,-0.0022141209144915,14.454
