timestamps,aAcc,aJerk,aVelocity,aHeight,jerks_direction,accelerations_direction,velocities_direction,heights_direction,start_jerks,start_accelerations,start_velocities,start_heights,actual_timestamps
0.0,0.0,0.0,0.0,0.0,down,up,up,down,-0.000578533259521,0.0022568577249035,-3.6748903783466575,-93.5709367264821,32.906
0.015999999999998238,0.0,0.0,0.0,0.058797952156055544,down,up,up,down,-0.000578533259521,0.0022568577249035,-3.6748903783466575,-93.5709367264821,32.922
0.030999999999998806,0.0,0.027998211263201497,0.0,0.11392051816493165,down,up,up,down,-0.000578533259521,0.0022568577249035,-3.6748903783466575,-93.5709367264821,32.937
0.04700000000000415,0.0,0.09654096121144559,0.0,0.17271732507666115,down,up,up,down,-0.000578533259521,0.0022568577249035,-3.6748903783466575,-93.5709367264821,32.953
0.06300000000000239,0.0,0.09528509502510979,0.0,0.2315132521126202,down,up,up,down,-0.000578533259521,0.0022568577249035,-3.6748903783466575,-93.5709367264821,32.969
0.07800000000000296,0.0,0.052341588371201696,0.0,0.28663341669626163,down,up,up,down,-0.000578533259521,0.0022568577249035,-3.6748903783466575,-93.5709367264821,32.984
0.0940000000000012,0.0,0.061088380305169804,0.0,0.3454271167703524,down,up,up,down,-0.000578533259521,0.0022568577249035,-3.6748903783466575,-93.5709367264821,33.0
0.10900000000000176,0.0,0.0,0.0,0.400545083153375,down,up,up,down,-0.000578533259521,0.0022568577249035,-3.6748903783466575,-93.5709367264821,33.015
0.125,0.0,0.0,0.0,0.459336343154618,down,up,up,down,-0.000578533259521,0.0022568577249035,-3.6748903783466575,-93.5709367264821,33.031
0.14099999999999824,0.0,0.0,0.0,0.5181263629882551,down,up,up,down,-0.000578533259521,0.0022568577249035,-3.6748903783466575,-93.5709367264821,33.047
0.1559999999999988,0.0,0.013441594111125601,0.0,0.5732409180912015,down,up,up,down,-0.000578533259521,0.0022568577249035,-3.6748903783466575,-93.5709367264821,33.062
0.17200000000000415,0.0,0.0122447539696547,0.0,0.6320286654273133,down,up,up,down,-0.000578533259521,0.0022568577249035,-3.6748903783466575,-93.5709367264821,33.078
0.1880000000000024,0.0,0.043805681965718796,0.0,0.6908153497831933,down,up,up,down,-0.000578533259521,0.0022568577249035,-3.6748903783466575,-93.5709367264821,33.094
0.20300000000000296,0.0,0.0343111333115437,0.0,0.7459269656517762,down,up,up,down,-0.000578533259521,0.0022568577249035,-3.6748903783466575,-93.5709367264821,33.109
0.2190000000000012,0.0,0.0324371615251264,0.0,0.8047116765418139,down,up,up,down,-0.000578533259521,0.0022568577249035,-3.6748903783466575,-93.5709367264821,33.125
0.23400000000000176,0.0,0.1238081783814783,0.0,0.8598212038096165,down,up,up,down,-0.000578533259521,0.0022568577249035,-3.6748903783466575,-93.5709367264821,33.14
0.25,0.0,0.11328857452964769,0.0,0.9186030997850168,down,up,up,down,-0.000578533259521,0.0022568577249035,-3.6748903783466575,-93.5709367264821,33.156
0.26599999999999824,0.0,0.033171735289165,0.0,0.977383037346641,down,up,up,down,-0.000578533259521,0.0022568577249035,-3.6748903783466575,-93.5709367264821,33.172
0.2809999999999988,0.0,0.07199588191071829,0.0,1.0324873468574225,down,up,up,down,-0.000578533259521,0.0022568577249035,-3.6748903783466575,-93.5709367264821,33.187
0.29700000000000415,0.0,0.06589927897702229,0.0,1.0912631001359614,down,up,up,down,-0.000578533259521,0.0022568577249035,-3.6748903783466575,-93.5709367264821,33.203
0.3130000000000024,0.0,0.011818050209556698,0.0,1.1500363968492167,down,up,up,down,-0.000578533259521,0.0022568577249035,-3.6748903783466575,-93.5709367264821,33.219
0.32800000000000296,0.0,0.012274941142405299,0.0,1.2051340402722417,down,up,up,down,-0.000578533259521,0.0022568577249035,-3.6748903783466575,-93.5709367264821,33.234
0.3440000000000012,0.0,0.0102535804675796,0.0,1.2639023389877337,down,up,up,down,-0.000578533259521,0.0022568577249035,-3.6748903783466575,-93.5709367264821,33.25
0.35900000000000176,0.0,0.11060626739081461,0.0,1.318995322184577,down,up,up,down,-0.000578533259521,0.0022568577249035,-3.6748903783466575,-93.5709367264821,33.265
0.375,0.0,0.1011148819695218,0.0,1.3777590286572519,down,up,up,down,-0.000578533259521,0.0022568577249035,-3.6748903783466575,-93.5709367264821,33.281
0.39099999999999824,0.0,0.09753043443706491,0.0,1.4365209324206205,down,up,up,down,-0.000578533259521,0.0022568577249035,-3.6748903783466575,-93.5709367264821,33.297
0.4059999999999988,0.0,0.0195645857371447,0.0,1.4916088710826187,down,up,up,down,-0.000578533259521,0.0022568577249035,-3.6748903783466575,-93.5709367264821,33.312
0.42200000000000415,0.0,0.0350742177602661,0.0,1.5503680787782628,down,up,up,down,-0.000578533259521,0.0022568577249035,-3.6748903783466575,-93.5709367264821,33.328
0.4380000000000024,0.0,0.1024699593209612,0.0,1.6091261816858804,down,up,up,down,-0.000578533259521,0.0022568577249035,-3.6748903783466575,-93.5709367264821,33.344
0.45300000000000296,0.0,0.1058673702904241,0.0,1.6642112113393779,down,up,up,down,-0.000578533259521,0.0022568577249035,-3.6748903783466575,-93.5709367264821,33.359
0.4690000000000012,0.0,0.11579450141198261,0.0,1.7229682674229707,down,up,up,down,-0.000578533259521,0.0022568577249035,-3.6748903783466575,-93.5709367264821,33.375
0.48400000000000176,0.0,0.013014928723778801,0.0,1.778053028680958,down,up,up,down,-0.000578533259521,0.0022568577249035,-3.6748903783466575,-93.5709367264821,33.39
0.5,0.0,0.0,0.0,1.8368102859909357,down,up,up,down,-0.000578533259521,0.0022568577249035,-3.6748903783466575,-93.5709367264821,33.406
0.5159999999999982,0.0,0.0412261718397745,0.0,1.8955678043430026,down,up,up,down,-0.000578533259521,0.0022568577249035,-3.6748903783466575,-93.5709367264821,33.422
0.5309999999999988,0.0,0.08117937450109891,0.0,1.9506533701515991,down,up,up,down,-0.000578533259521,0.0022568577249035,-3.6748903783466575,-93.5709367264821,33.437
0.5470000000000041,0.0,0.06573698058107749,0.0,2.0094118585854943,down,up,up,down,-0.000578533259521,0.0022568577249035,-3.6748903783466575,-93.5709367264821,33.453
0.5630000000000024,0.0,0.06327746678558979,0.0,2.068170796843276,down,up,up,down,-0.000578533259521,0.0022568577249035,-3.6748903783466575,-93.5709367264821,33.469
0.578000000000003,0.0,0.071729967074849,0.0,2.1232574746209565,down,up,up,down,-0.000578533259521,0.0022568577249035,-3.6748903783466575,-93.5709367264821,33.484
0.5940000000000012,0.0,0.0,0.0,2.182016584075896,down,up,up,down,-0.000578533259521,0.0022568577249035,-3.6748903783466575,-93.5709367264821,33.5
0.6090000000000018,0.0,0.0,0.0,2.2371031844975704,down,up,up,down,-0.000578533259521,0.0022568577249035,-3.6748903783466575,-93.5709367264821,33.515
0.625,0.0,0.06921241346414461,0.0,2.2958622378202165,down,up,up,down,-0.000578533259521,0.0022568577249035,-3.6748903783466575,-93.5709367264821,33.531
0.6409999999999982,0.0,0.020100363762434098,0.0,2.3546214700120203,down,up,up,down,-0.000578533259521,0.0022568577249035,-3.6748903783466575,-93.5709367264821,33.547
0.6559999999999988,0.0,0.017667043955130298,0.0,2.409708530784016,down,up,up,down,-0.000578533259521,0.0022568577249035,-3.6748903783466575,-93.5709367264821,33.562
0.6720000000000041,0.0,0.053186246000463004,0.0,2.4684683639088973,down,up,up,down,-0.000578533259521,0.0022568577249035,-3.6748903783466575,-93.5709367264821,33.578
0.6880000000000024,0.0,0.0223795189914246,0.0,2.5272283970223413,down,up,up,down,-0.000578533259521,0.0022568577249035,-3.6748903783466575,-93.5709367264821,33.594
0.703000000000003,0.0,0.0421813444126785,0.0,2.582316056954099,down,up,up,down,-0.000578533259521,0.0022568577249035,-3.6748903783466575,-93.5709367264821,33.609
0.7190000000000012,0.0,0.0375874885854041,0.0,2.641076463885156,down,up,up,down,-0.000578533259521,0.0022568577249035,-3.6748903783466575,-93.5709367264821,33.625
0.7340000000000018,0.0,0.11976969054589659,0.0,2.696164571159102,down,up,up,down,-0.000578533259521,0.0022568577249035,-3.6748903783466575,-93.5709367264821,33.64
0.75,0.0,0.0444792085093674,0.0,2.754925225026497,down,up,up,down,-0.000578533259521,0.0022568577249035,-3.6748903783466575,-93.5709367264821,33.656
0.7659999999999982,0.0,0.038017757515000604,0.0,2.8136856476707806,down,up,up,down,-0.000578533259521,0.0022568577249035,-3.6748903783466575,-93.5709367264821,33.672
0.7809999999999988,0.0,0.014096413673610099,0.0,2.868773213155137,down,up,up,down,-0.000578533259521,0.0022568577249035,-3.6748903783466575,-93.5709367264821,33.687
0.7970000000000041,0.0,0.0491967085694937,0.0,2.927532816133734,down,up,up,down,-0.000578533259521,0.0022568577249035,-3.6748903783466575,-93.5709367264821,33.703
0.8130000000000024,0.0,0.0480108994156455,0.0,2.986291778087221,down,up,up,down,-0.000578533259521,0.0022568577249035,-3.6748903783466575,-93.5709367264821,33.719
0.828000000000003,0.0,0.0814464743369184,0.0,3.0413775224891424,down,up,up,down,-0.000578533259521,0.0022568577249035,-3.6748903783466575,-93.5709367264821,33.734
0.8440000000000012,0.0,0.028837588280320202,0.0,3.100134582485282,down,up,up,down,-0.000578533259521,0.0022568577249035,-3.6748903783466575,-93.5709367264821,33.75
0.8590000000000018,0.0,0.0472564392910712,0.0,3.155218246838274,down,up,up,down,-0.000578533259521,0.0022568577249035,-3.6748903783466575,-93.5709367264821,33.765
0.875,0.0,0.0478145121140025,0.0,3.2139731165888605,down,up,up,down,-0.000578533259521,0.0022568577249035,-3.6748903783466575,-93.5709367264821,33.781
0.8909999999999982,0.0,0.0466341939342525,0.0,3.27272710423064,down,up,up,down,-0.000578533259521,0.0022568577249035,-3.6748903783466575,-93.5709367264821,33.797
0.9059999999999988,0.0,0.1000513144062944,0.0,3.327808382822141,down,up,up,down,-0.000578533259521,0.0022568577249035,-3.6748903783466575,-93.5709367264821,33.812
0.9220000000000041,0.0,0.09146096155673551,0.0,3.386561458645815,down,up,up,down,-0.000578533259521,0.0022568577249035,-3.6748903783466575,-93.5709367264821,33.828
0.9380000000000024,0.0,0.0518755751215462,0.0,3.4453145698296197,down,up,up,down,-0.000578533259521,0.0022568577249035,-3.6748903783466575,-93.5709367264821,33.844
0.953000000000003,0.0,0.0540078559499906,0.0,3.500395871323633,down,up,up,down,-0.000578533259521,0.0022568577249035,-3.6748903783466575,-93.5709367264821,33.859
0.9690000000000012,0.0,0.0479056963405053,0.0,3.5591497448271383,down,up,up,down,-0.000578533259521,0.0022568577249035,-3.6748903783466575,-93.5709367264821,33.875
0.9840000000000018,0.0,0.0980276881878775,0.0,3.614232172680076,down,up,up,down,-0.000578533259521,0.0022568577249035,-3.6748903783466575,-93.5709367264821,33.89
1.0,0.0,0.0896100839179557,0.0,3.6729878099210964,down,up,up,down,-0.000578533259521,0.0022568577249035,-3.6748903783466575,-93.5709367264821,33.906
1.0159999999999982,0.0,0.015254202157201602,0.0,3.731744818032894,down,up,up,down,-0.000578533259521,0.0022568577249035,-3.6748903783466575,-93.5709367264821,33.922
1.0309999999999988,0.0,0.0151200437722203,0.0,3.7868308842618745,down,up,up,down,-0.000578533259521,0.0022568577249035,-3.6748903783466575,-93.5709367264821,33.937
1.0470000000000041,0.0,0.0137799213426555,0.0,3.845590878495571,down,up,up,down,-0.000578533259521,0.0022568577249035,-3.6748903783466575,-93.5709367264821,33.953
1.0630000000000024,0.0,0.033930024443410804,0.0,3.9043524548311552,down,up,up,down,-0.000578533259521,0.0022568577249035,-3.6748903783466575,-93.5709367264821,33.969
1.078000000000003,0.0,0.0148240699346633,0.0,3.9594428348317194,down,up,up,down,-0.000578533259521,0.0022568577249035,-3.6748903783466575,-93.5709367264821,33.984
1.0940000000000012,0.0,0.0142082373016954,0.0,4.018207413060054,down,up,up,down,-0.000578533259521,0.0022568577249035,-3.6748903783466575,-93.5709367264821,34.0
1.1090000000000018,0.0,0.0197998574099848,0.0,4.073300640631771,down,up,up,down,-0.000578533259521,0.0022568577249035,-3.6748903783466575,-93.5709367264821,34.015
1.125,0.0,0.012952284982882499,0.0,4.132068246789075,down,up,up,down,-0.000578533259521,0.0022568577249035,-3.6748903783466575,-93.5709367264821,34.031
1.1409999999999982,0.0,0.011682253396873099,0.0,4.1908373438159,down,up,up,down,-0.000578533259521,0.0022568577249035,-3.6748903783466575,-93.5709367264821,34.047
1.1559999999999988,0.0,0.066035670039767,0.0,4.245934639234051,down,up,up,down,-0.000578533259521,0.0022568577249035,-3.6748903783466575,-93.5709367264821,34.062
1.1720000000000041,0.0,0.033532392680545996,0.0,4.304706336980956,down,up,up,down,-0.000578533259521,0.0022568577249035,-3.6748903783466575,-93.5709367264821,34.078
1.1880000000000024,0.0,0.0,0.0,4.363479340734457,down,up,up,down,-0.000578533259521,0.0022568577249035,-3.6748903783466575,-93.5709367264821,34.094
1.203000000000003,0.0,0.010081284934966501,0.0,4.418580273753875,down,up,up,down,-0.000578533259521,0.0022568577249035,-3.6748903783466575,-93.5709367264821,34.109
1.2190000000000012,0.0,0.010332445379847,0.0,4.477355967233237,down,up,up,down,-0.000578533259521,0.0022568577249035,-3.6748903783466575,-93.5709367264821,34.125
1.2340000000000018,0.0,0.1271046435415783,0.0,4.532459381365214,down,up,up,down,-0.000578533259521,0.0022568577249035,-3.6748903783466575,-93.5709367264821,34.14
1.25,0.0,0.1182464505585919,0.0,4.591237285784814,down,up,up,down,-0.000578533259521,0.0022568577249035,-3.6748903783466575,-93.5709367264821,34.156
1.2659999999999982,0.0,0.040961275429412004,0.0,4.650015753532998,down,up,up,down,-0.000578533259521,0.0022568577249035,-3.6748903783466575,-93.5709367264821,34.172
1.2809999999999988,0.0,0.1916092831068566,0.0,4.705120734149915,down,up,up,down,-0.000578533259521,0.0022568577249035,-3.6748903783466575,-93.5709367264821,34.187
1.2970000000000041,0.0,0.1794284994181508,0.0,4.76389896711116,down,up,up,down,-0.000578533259521,0.0022568577249035,-3.6748903783466575,-93.5709367264821,34.203
1.3130000000000024,0.0,0.1890756978202498,0.0,4.822676042846936,down,up,up,down,-0.000578533259521,0.0022568577249035,-3.6748903783466575,-93.5709367264821,34.219
1.328000000000003,0.0,0.1614229608906054,0.0,4.87777785336074,down,up,up,down,-0.000578533259521,0.0022568577249035,-3.6748903783466575,-93.5709367264821,34.234
1.3440000000000012,0.0,0.14445291133770502,0.0,4.936550657551251,down,up,up,down,-0.000578533259521,0.0022568577249035,-3.6748903783466575,-93.5709367264821,34.25
1.3590000000000018,0.0122379654606278,0.1527378021168663,0.0,4.991647331823984,down,up,up,down,-0.000578533259521,0.0022568577249035,-3.6748903783466575,-93.5709367264821,34.265
1.375,0.0165557676041637,0.2704411672305471,0.0,5.050413383602702,down,up,up,down,-0.000578533259521,0.0022568577249035,-3.6748903783466575,-93.5709367264821,34.281
1.3909999999999982,0.0201848873750059,0.2273985189371858,0.0,5.109174663425023,down,up,up,down,-0.000578533259521,0.0022568577249035,-3.6748903783466575,-93.5709367264821,34.297
1.4059999999999988,0.0237251976163968,0.2365992160189052,0.0,5.164258164157417,down,up,up,down,-0.000578533259521,0.0022568577249035,-3.6748903783466575,-93.5709367264821,34.312
1.4220000000000041,0.0265616794122785,0.1778586455020677,0.0,5.223007485606104,down,up,up,down,-0.000578533259521,0.0022568577249035,-3.6748903783466575,-93.5709367264821,34.328
1.4380000000000024,0.0298024047062082,0.2031238641301504,0.0,5.281749403637633,down,up,up,down,-0.000578533259521,0.0022568577249035,-3.6748903783466575,-93.5709367264821,34.344
1.453000000000003,0.0329640879197992,0.2113574141655799,0.0,5.336812514612532,down,up,up,down,-0.000578533259521,0.0022568577249035,-3.6748903783466575,-93.5709367264821,34.359
1.4690000000000012,0.0386233002782906,0.3542793056652672,0.0,5.395537592369294,down,up,up,down,-0.000578533259521,0.0022568577249035,-3.6748903783466575,-93.5709367264821,34.375
1.4840000000000018,0.044144483067063,0.368657385844337,0.0,5.450582877115735,down,up,up,down,-0.000578533259521,0.0022568577249035,-3.6748903783466575,-93.5709367264821,34.39
1.5,0.0502186280498372,0.3802125946829467,0.0,5.509286282505144,down,up,up,down,-0.000578533259521,0.0022568577249035,-3.6748903783466575,-93.5709367264821,34.406
1.5159999999999982,0.0551420335726558,0.3082913784357217,0.0,5.567976327817476,down,up,up,down,-0.000578533259521,0.0022568577249035,-3.6748903783466575,-93.5709367264821,34.422
1.5309999999999988,0.0599453560339427,0.3208000306786352,0.0,5.622984925273016,down,up,up,down,-0.000578533259521,0.0022568577249035,-3.6748903783466575,-93.5709367264821,34.437
1.5470000000000041,0.068466007392388,0.5331192431621721,0.0,5.68164507928762,down,up,up,down,-0.000578533259521,0.0022568577249035,-3.6748903783466575,-93.5709367264821,34.453
1.5630000000000024,0.0767788379859926,0.5201304453598693,0.010360521238453657,5.740287141549217,down,up,up,down,-0.000578533259521,0.0022568577249035,-3.6748903783466575,-93.5709367264821,34.469
1.578000000000003,0.0842021531233659,0.4954662090843866,0.011601731537647542,5.795245780328614,down,up,up,down,-0.000578533259521,0.0022568577249035,-3.6748903783466575,-93.5709367264821,34.484
1.5940000000000012,0.0914444117939742,0.4532197001725856,0.013043013780584367,5.853846868419623,down,up,up,down,-0.000578533259521,0.0022568577249035,-3.6748903783466575,-93.5709367264821,34.5
1.6090000000000018,0.0997108232781834,0.5516726322067839,0.014510530909498165,5.908763572509642,down,up,up,down,-0.000578533259521,0.0022568577249035,-3.6748903783466575,-93.5709367264821,34.515
1.625,0.10777561497009461,0.5046280140040271,0.016206532139083407,5.9673160820587725,down,up,up,down,-0.000578533259521,0.0022568577249035,-3.6748903783466575,-93.5709367264821,34.531
1.6409999999999982,0.1178241142595553,0.6286097388508852,0.01804743969651934,6.0258402963376625,down,up,up,down,-0.000578533259521,0.0022568577249035,-3.6748903783466575,-93.5709367264821,34.547
1.6559999999999988,0.1280884234312332,0.6848658113713527,0.019925636595073737,6.080678853940654,down,up,up,down,-0.000578533259521,0.0022568577249035,-3.6748903783466575,-93.5709367264821,34.562
1.6720000000000041,0.1381023835987226,0.6264510437273959,0.022091272774912074,6.1391409647192745,down,up,up,down,-0.000578533259521,0.0022568577249035,-3.6748903783466575,-93.5709367264821,34.578
1.6880000000000024,0.1479126825568411,0.6137222181419997,0.024415503027754415,6.197567156566393,down,up,up,down,-0.000578533259521,0.0022568577249035,-3.6748903783466575,-93.5709367264821,34.594
1.703000000000003,0.1577308568562792,0.6551234865553693,0.026741682439226366,6.252306833350573,down,up,up,down,-0.000578533259521,0.0022568577249035,-3.6748903783466575,-93.5709367264821,34.609
1.7190000000000012,0.16851714816759691,0.6747217402169513,0.029387776203015914,6.310656043734994,down,up,up,down,-0.000578533259521,0.0022568577249035,-3.6748903783466575,-93.5709367264821,34.625
1.7340000000000018,0.1790557755926212,0.7031536949277821,0.032028425997091325,6.365318777893691,down,up,up,down,-0.000578533259521,0.0022568577249035,-3.6748903783466575,-93.5709367264821,34.64
1.75,0.190246448438769,0.6999955861438305,0.0350189535129406,6.423580644911155,down,up,up,down,-0.000578533259521,0.0022568577249035,-3.6748903783466575,-93.5709367264821,34.656
1.7659999999999982,0.2009602808396239,0.6701930583130249,0.03818471707076565,6.481793261600018,down,up,up,down,-0.000578533259521,0.0022568577249035,-3.6748903783466575,-93.5709367264821,34.672
1.7809999999999988,0.2113750001680935,0.6948931551574681,0.04131108454419774,6.536320398763138,down,up,up,down,-0.000578533259521,0.0022568577249035,-3.6748903783466575,-93.5709367264821,34.687
1.7970000000000041,0.2225998821632623,0.7021336579573367,0.044818993326447565,6.594429604193721,down,up,up,down,-0.000578533259521,0.0022568577249035,-3.6748903783466575,-93.5709367264821,34.703
1.8130000000000024,0.2333968254372519,0.675387487883946,0.04850307671084941,6.652481273686959,down,up,up,down,-0.000578533259521,0.0022568577249035,-3.6748903783466575,-93.5709367264821,34.719
1.828000000000003,0.24393042863138711,0.7028187462018417,0.05211688398223835,6.70684997965698,down,up,up,down,-0.000578533259521,0.0022568577249035,-3.6748903783466575,-93.5709367264821,34.734
1.8440000000000012,0.25421928129573956,0.6436318247816251,0.056138191385253666,6.764782185107578,down,up,up,down,-0.000578533259521,0.0022568577249035,-3.6748903783466575,-93.5709367264821,34.75
1.8590000000000018,0.26632044815395167,0.8073229904736273,0.06007609222199939,6.819033933655717,down,up,up,down,-0.000578533259521,0.0022568577249035,-3.6748903783466575,-93.5709367264821,34.765
1.875,0.2779134178342347,0.7251391382772886,0.0644660728735027,6.876835842388502,down,up,up,down,-0.000578533259521,0.0022568577249035,-3.6748903783466575,-93.5709367264821,34.781
1.8909999999999982,0.2892214442179189,0.7073301822398627,0.06903926149351758,6.934566045767099,down,up,up,down,-0.000578533259521,0.0022568577249035,-3.6748903783466575,-93.5709367264821,34.797
1.9059999999999988,0.3006447489249667,0.7621321803960105,0.0734971108079634,6.988620378650012,down,up,up,down,-0.000578533259521,0.0022568577249035,-3.6748903783466575,-93.5709367264821,34.812
1.9220000000000041,0.3126564584614649,0.7513103792904088,0.07843963019065514,7.046203130775623,down,up,up,down,-0.000578533259521,0.0022568577249035,-3.6748903783466575,-93.5709367264821,34.828
1.9380000000000024,0.32437832274398737,0.7331950509172599,0.08357201816389681,7.103705283642313,down,up,up,down,-0.000578533259521,0.0022568577249035,-3.6748903783466575,-93.5709367264821,34.844
1.953000000000003,0.33461718012588726,0.6831690253861544,0.08854833730129474,7.15753773665152,down,up,up,down,-0.000578533259521,0.0022568577249035,-3.6748903783466575,-93.5709367264821,34.859
1.9690000000000012,0.34689030071756305,0.7676485702393389,0.09403650687164022,7.214875303951658,down,up,up,down,-0.000578533259521,0.0022568577249035,-3.6748903783466575,-93.5709367264821,34.875
1.9840000000000018,0.3589023133764684,0.8013793771865166,0.09936380434321901,7.268548157292756,down,up,up,down,-0.000578533259521,0.0022568577249035,-3.6748903783466575,-93.5709367264821,34.89
2.0,0.3705953024572697,0.7313903508096825,0.10523589499348684,7.325709605751598,down,up,up,down,-0.000578533259521,0.0022568577249035,-3.6748903783466575,-93.5709367264821,34.906
2.0159999999999982,0.38063971289523485,0.6283541856324096,0.11128188483990487,7.382775709566474,down,up,up,down,-0.000578533259521,0.0022568577249035,-3.6748903783466575,-93.5709367264821,34.922
2.030999999999999,0.3896695567985873,0.6025681268163305,0.11709305722848251,7.43618625317616,down,up,up,down,-0.000578533259521,0.0022568577249035,-3.6748903783466575,-93.5709367264821,34.937
2.047000000000004,0.398427570065179,0.547954362421316,0.12343394396699336,7.49306028322016,down,up,up,down,-0.000578533259521,0.0022568577249035,-3.6748903783466575,-93.5709367264821,34.953
2.0630000000000024,0.4066886022960148,0.5168930476868185,0.12991098306948068,7.54983176985742,down,up,up,down,-0.000578533259521,0.0022568577249035,-3.6748903783466575,-93.5709367264821,34.969
2.078000000000003,0.4156431787555502,0.5975502972285214,0.13611232429324138,7.6029599507273815,down,up,up,down,-0.000578533259521,0.0022568577249035,-3.6748903783466575,-93.5709367264821,34.984
2.094000000000001,0.4243453416873333,0.5444637164960286,0.1428683421803818,7.659526351449131,down,up,up,down,-0.000578533259521,0.0022568577249035,-3.6748903783466575,-93.5709367264821,35.0
2.1090000000000018,0.43117217676568137,0.4557008718160388,0.1493185764346534,7.712458305234719,down,up,up,down,-0.000578533259521,0.0022568577249035,-3.6748903783466575,-93.5709367264821,35.015
2.125,0.4395292470578714,0.5228954265214545,0.1563202975488398,7.768811440296375,down,up,up,down,-0.000578533259521,0.0022568577249035,-3.6748903783466575,-93.5709367264821,35.031
2.1409999999999982,0.4476824863673255,0.5101559901004589,0.16345410113983894,7.825051491160423,down,up,up,down,-0.000578533259521,0.0022568577249035,-3.6748903783466575,-93.5709367264821,35.047
2.155999999999999,0.45425787351374686,0.4389376763542619,0.17025250670482084,7.877672047276775,down,up,up,down,-0.000578533259521,0.0022568577249035,-3.6748903783466575,-93.5709367264821,35.062
2.172000000000004,0.46133452062717245,0.4428689778484729,0.17761335558154911,7.9336873664320535,down,up,up,down,-0.000578533259521,0.0022568577249035,-3.6748903783466575,-93.5709367264821,35.078
2.1880000000000024,0.46823856659148966,0.43208140602939743,0.18508605000289613,7.989584017240944,down,up,up,down,-0.000578533259521,0.0022568577249035,-3.6748903783466575,-93.5709367264821,35.094
2.203000000000003,0.47460436663843636,0.424965203055948,0.19219122486799378,8.041877793354601,down,up,up,down,-0.000578533259521,0.0022568577249035,-3.6748903783466575,-93.5709367264821,35.109
2.219000000000001,0.4810494129570398,0.4033939281722798,0.1998725648283557,8.097539529090582,down,up,up,down,-0.000578533259521,0.0022568577249035,-3.6748903783466575,-93.5709367264821,35.125
2.2340000000000018,0.4865809934464523,0.36935056588700643,0.20716364574225565,8.149610113186498,down,up,up,down,-0.000578533259521,0.0022568577249035,-3.6748903783466575,-93.5709367264821,35.14
2.25,0.4919776573385626,0.3378700265164552,0.21502822467213356,8.205030824276704,down,up,up,down,-0.000578533259521,0.0022568577249035,-3.6748903783466575,-93.5709367264821,35.156
2.2659999999999982,0.4972579996978191,0.3305999307130855,0.2229782196520218,8.26032501877566,down,up,up,down,-0.000578533259521,0.0022568577249035,-3.6748903783466575,-93.5709367264821,35.172
2.280999999999999,0.5026808960471297,0.36210495654688,0.23051161423598332,8.312047200696682,down,up,up,down,-0.000578533259521,0.0022568577249035,-3.6748903783466575,-93.5709367264821,35.187
2.297000000000004,0.5080387150490716,0.3354422208807764,0.23863348084835412,8.367092285989571,down,up,up,down,-0.000578533259521,0.0022568577249035,-3.6748903783466575,-93.5709367264821,35.203
2.3130000000000024,0.5132658555387711,0.3272748138657771,0.24684002713665443,8.42200674397921,down,up,up,down,-0.000578533259521,0.0022568577249035,-3.6748903783466575,-93.5709367264821,35.219
2.328000000000003,0.5183669770060303,0.3406532977434522,0.25461112624661375,8.473369216004059,down,up,up,down,-0.000578533259521,0.0022568577249035,-3.6748903783466575,-93.5709367264821,35.234
2.344000000000001,0.52110266162771,0.1715588221145225,0.2629629930792814,8.528026869102973,down,up,up,down,-0.000578533259521,0.0022568577249035,-3.6748903783466575,-93.5709367264821,35.25
2.3590000000000018,0.5237716222342269,0.1785092403606402,0.2708334030741204,8.579146751807016,down,up,up,down,-0.000578533259521,0.0022568577249035,-3.6748903783466575,-93.5709367264821,35.265
2.375,0.5262678586129167,0.1565933069276498,0.279269828644495,8.633544172006822,down,up,up,down,-0.000578533259521,0.0022568577249035,-3.6748903783466575,-93.5709367264821,35.281
2.3909999999999982,0.5287032111774935,0.1527880685455897,0.28774570692641577,8.687806293775793,down,up,up,down,-0.000578533259521,0.0022568577249035,-3.6748903783466575,-93.5709367264821,35.297
2.405999999999999,0.5315913095538854,0.19311842501897522,0.2957317686977752,8.738553568383821,down,up,up,down,-0.000578533259521,0.0022568577249035,-3.6748903783466575,-93.5709367264821,35.312
2.422000000000004,0.5344089665064634,0.1766820927955848,0.30429588062985946,8.792551593242734,down,up,up,down,-0.000578533259521,0.0022568577249035,-3.6748903783466575,-93.5709367264821,35.328
2.4380000000000024,0.5386604921779324,0.2662988877263643,0.3129165460229322,8.846412139883057,down,up,up,down,-0.000578533259521,0.0022568577249035,-3.6748903783466575,-93.5709367264821,35.344
2.453000000000003,0.5428083221013155,0.27710052815171243,0.3210614149959006,8.896780660850638,down,up,up,down,-0.000578533259521,0.0022568577249035,-3.6748903783466575,-93.5709367264821,35.359
2.469000000000001,0.5465719613264551,0.23580598483077622,0.3298125669869205,8.950371915048322,down,up,up,down,-0.000578533259521,0.0022568577249035,-3.6748903783466575,-93.5709367264821,35.375
2.4840000000000018,0.5502968638103028,0.2489053655160258,0.3380729360413195,9.00048612945082,down,up,up,down,-0.000578533259521,0.0022568577249035,-3.6748903783466575,-93.5709367264821,35.39
2.5,0.5554904156345747,0.3251755222765465,0.34695534400047645,9.05380414926401,down,up,up,down,-0.000578533259521,0.0022568577249035,-3.6748903783466575,-93.5709367264821,35.406
2.5159999999999982,0.5593330442541121,0.2407428219806372,0.35591004140318283,9.106979472234343,down,up,up,down,-0.000578533259521,0.0022568577249035,-3.6748903783466575,-93.5709367264821,35.422
2.530999999999999,0.5630574634952216,0.2488731493334745,0.3643618230771768,9.156700788925932,down,up,up,down,-0.000578533259521,0.0022568577249035,-3.6748903783466575,-93.5709367264821,35.437
2.547000000000004,0.5675767340724375,0.2830329443354208,0.37344300638131944,9.209596596343815,down,up,up,down,-0.000578533259521,0.0022568577249035,-3.6748903783466575,-93.5709367264821,35.453
2.5630000000000024,0.5709171886965373,0.20935694726578272,0.38258706748706883,9.262346601806414,down,up,up,down,-0.000578533259521,0.0022568577249035,-3.6748903783466575,-93.5709367264821,35.469
2.578000000000003,0.5741561454209717,0.2165089815551405,0.3912089703588242,9.311666487197783,down,up,up,down,-0.000578533259521,0.0022568577249035,-3.6748903783466575,-93.5709367264821,35.484
2.594000000000001,0.578553668406567,0.2754237198592549,0.4004667585930415,9.364131327419713,down,up,up,down,-0.000578533259521,0.0022568577249035,-3.6748903783466575,-93.5709367264821,35.5
2.6090000000000018,0.5840567628704872,0.3674514975208589,0.4092201896934937,9.413182030982782,down,up,up,down,-0.000578533259521,0.0022568577249035,-3.6748903783466575,-93.5709367264821,35.515
2.625,0.5884954058268886,0.2779937180346387,0.4186367167666698,9.465357421784617,down,up,up,down,-0.000578533259521,0.0022568577249035,-3.6748903783466575,-93.5709367264821,35.531
2.6409999999999982,0.5928523874130961,0.2728898823975168,0.4281236088361875,9.517381585233338,down,up,up,down,-0.000578533259521,0.0022568577249035,-3.6748903783466575,-93.5709367264821,35.547
2.655999999999999,0.5973716708753313,0.3018640974085215,0.4370841421392244,9.566015882776242,down,up,up,down,-0.000578533259521,0.0022568577249035,-3.6748903783466575,-93.5709367264821,35.562
2.672000000000004,0.6018812338741261,0.2824262206841013,0.44671427510082173,9.617743741491878,down,up,up,down,-0.000578533259521,0.0022568577249035,-3.6748903783466575,-93.5709367264821,35.578
2.6880000000000024,0.6062465687293398,0.2734119617104092,0.45641540724524665,9.669316950086653,down,up,up,down,-0.000578533259521,0.0022568577249035,-3.6748903783466575,-93.5709367264821,35.594
2.703000000000003,0.610622697447056,0.2923204477739232,0.46557577960744334,9.71752537186046,down,up,up,down,-0.000578533259521,0.0022568577249035,-3.6748903783466575,-93.5709367264821,35.609
2.719000000000001,0.6141689196419319,0.2222174204392879,0.47541022226775276,9.768795729898997,down,up,up,down,-0.000578533259521,0.0022568577249035,-3.6748903783466575,-93.5709367264821,35.625
2.7340000000000018,0.6176207385309224,0.2306997925255447,0.4846824975699229,9.816718390175424,down,up,up,down,-0.000578533259521,0.0022568577249035,-3.6748903783466575,-93.5709367264821,35.64
2.75,0.6199707050200588,0.1474514388305643,0.494619338841928,9.867682221537663,down,up,up,down,-0.000578533259521,0.0022568577249035,-3.6748903783466575,-93.5709367264821,35.656
2.7659999999999982,0.6243276247413282,0.272886015838888,0.5046098352036164,9.918486634198857,down,up,up,down,-0.000578533259521,0.0022568577249035,-3.6748903783466575,-93.5709367264821,35.672
2.780999999999999,0.6299449907550906,0.3750696008436663,0.5140507326857136,9.965970035614873,down,up,up,down,-0.000578533259521,0.0022568577249035,-3.6748903783466575,-93.5709367264821,35.687
2.797000000000004,0.6354233275238067,0.3429745813041641,0.5242097889555466,10.0164621974953,down,up,up,down,-0.000578533259521,0.0022568577249035,-3.6748903783466575,-93.5709367264821,35.703
2.8130000000000024,0.6407680463225544,0.3346234581812859,0.5344554296699147,10.066791121799838,down,up,up,down,-0.000578533259521,0.0022568577249035,-3.6748903783466575,-93.5709367264821,35.719
2.828000000000003,0.6440384545880936,0.21860575096213,0.5441253312926184,10.113825121767817,down,up,up,down,-0.000578533259521,0.0022568577249035,-3.6748903783466575,-93.5709367264821,35.734
2.844000000000001,0.647229096798375,0.199993671402132,0.5544915814273077,10.163834432519593,down,up,up,down,-0.000578533259521,0.0022568577249035,-3.6748903783466575,-93.5709367264821,35.75
2.8590000000000018,0.6518071704722087,0.3057834448484208,0.5642682062977111,10.210567089786863,down,up,up,down,-0.000578533259521,0.0022568577249035,-3.6748903783466575,-93.5709367264821,35.765
2.875,0.656273583812535,0.2797293670299436,0.5747689620555865,10.260253038493573,down,up,up,down,-0.000578533259521,0.0022568577249035,-3.6748903783466575,-93.5709367264821,35.781
2.8909999999999982,0.6595299486601008,0.2041013362324098,0.585331500038965,10.30977048085036,down,up,up,down,-0.000578533259521,0.0022568577249035,-3.6748903783466575,-93.5709367264821,35.797
2.905999999999999,0.6626388916382951,0.2078413984724669,0.5952816192070767,10.356039238131217,down,up,up,down,-0.000578533259521,0.0022568577249035,-3.6748903783466575,-93.5709367264821,35.812
2.922000000000004,0.6653681313431293,0.17115601481160062,0.6059417851145295,10.40522769695022,down,up,up,down,-0.000578533259521,0.0022568577249035,-3.6748903783466575,-93.5709367264821,35.828
2.9380000000000024,0.6680308042258948,0.1669955884323798,0.6166450863226793,10.454245248032251,down,up,up,down,-0.000578533259521,0.0022568577249035,-3.6748903783466575,-93.5709367264821,35.844
2.953000000000003,0.6715390624495737,0.2344624148381088,0.6267257131886192,10.500043322711122,down,up,up,down,-0.000578533259521,0.0022568577249035,-3.6748903783466575,-93.5709367264821,35.859
2.969000000000001,0.6749617533995044,0.2144967176302095,0.6375338294390089,10.548727492423637,down,up,up,down,-0.000578533259521,0.0022568577249035,-3.6748903783466575,-93.5709367264821,35.875
2.9840000000000018,0.6765782114749684,0.10834240495712129,0.6477042320414412,10.594211562637739,down,up,up,down,-0.000578533259521,0.0022568577249035,-3.6748903783466575,-93.5709367264821,35.89
3.0,0.6793873812287111,0.1761516428684578,0.6585880665066686,10.6425594703029,down,up,up,down,-0.000578533259521,0.0022568577249035,-3.6748903783466575,-93.5709367264821,35.906
3.0159999999999982,0.6821454702671145,0.1729590981597496,0.6695164390422326,10.690732880312055,down,up,up,down,-0.000578533259521,0.0022568577249035,-3.6748903783466575,-93.5709367264821,35.922
3.030999999999999,0.6846670714763442,0.1686852805414965,0.679801385971182,10.735736352299654,down,up,up,down,-0.000578533259521,0.0022568577249035,-3.6748903783466575,-93.5709367264821,35.937
3.047000000000004,0.6864228168129004,0.11031261679424699,0.690806214801098,10.78356973754704,down,up,up,down,-0.000578533259521,0.0022568577249035,-3.6748903783466575,-93.5709367264821,35.953
3.0630000000000024,0.6879161506590848,0.0939118986460588,0.7018370362644712,10.831226837592055,down,up,up,down,-0.000578533259521,0.0022568577249035,-3.6748903783466575,-93.5709367264821,35.969
3.078000000000003,0.689324223477188,0.094450054466396,0.7122001919363674,10.875744914055744,down,up,up,down,-0.000578533259521,0.0022568577249035,-3.6748903783466575,-93.5709367264821,35.984
3.094000000000001,0.6902591406867363,0.059010858856296304,0.7232729685732759,10.923059374825215,down,up,up,down,-0.000578533259521,0.0022568577249035,-3.6748903783466575,-93.5709367264821,36.0
3.1090000000000018,0.6911309228724872,0.0586973456429122,0.7336672469158443,10.967255678884257,down,up,up,down,-0.000578533259521,0.0022568577249035,-3.6748903783466575,-93.5709367264821,36.015
3.125,0.6919913309432638,0.0543540376830635,0.7447683346699674,11.0142264402851,down,up,up,down,-0.000578533259521,0.0022568577249035,-3.6748903783466575,-93.5709367264821,36.031
3.1409999999999982,0.6951983535907847,0.20101744872960112,0.7559019618698368,11.06101932396632,down,up,up,down,-0.000578533259521,0.0022568577249035,-3.6748903783466575,-93.5709367264821,36.047
3.155999999999999,0.6975636961332442,0.15826803609014561,0.766381530108641,11.1047255534517,down,up,up,down,-0.000578533259521,0.0022568577249035,-3.6748903783466575,-93.5709367264821,36.062
3.172000000000004,0.6998375320001228,0.14269327493938422,0.7775968496573098,11.15117197246714,down,up,up,down,-0.000578533259521,0.0022568577249035,-3.6748903783466575,-93.5709367264821,36.078
3.1880000000000024,0.700755498471228,0.0579514377036024,0.7888377036246781,11.19743874209442,down,up,up,down,-0.000578533259521,0.0022568577249035,-3.6748903783466575,-93.5709367264821,36.094
3.203000000000003,0.7030453071765931,0.1532324469505221,0.7994000625329107,11.240650314523421,down,up,up,down,-0.000578533259521,0.0022568577249035,-3.6748903783466575,-93.5709367264821,36.109
3.219000000000001,0.7051346076681321,0.1311598139807224,0.8107016115752654,11.286567747184094,down,up,up,down,-0.000578533259521,0.0022568577249035,-3.6748903783466575,-93.5709367264821,36.125
3.2340000000000018,0.7071873676027033,0.1374291955642633,0.8213278792556711,11.329450881678056,down,up,up,down,-0.000578533259521,0.0022568577249035,-3.6748903783466575,-93.5709367264821,36.14
3.25,0.7095135080109874,0.14596230877729702,0.8326975959841776,11.375016923929678,down,up,up,down,-0.000578533259521,0.0022568577249035,-3.6748903783466575,-93.5709367264821,36.156
3.2659999999999982,0.7105757236096811,0.0669670081778835,0.8440944195607405,11.420400833858864,down,up,up,down,-0.000578533259521,0.0022568577249035,-3.6748903783466575,-93.5709367264821,36.172
3.280999999999999,0.711581184831049,0.0676092813507124,0.8547944492399195,11.462782523018063,down,up,up,down,-0.000578533259521,0.0022568577249035,-3.6748903783466575,-93.5709367264821,36.187
3.297000000000004,0.7118665147368725,0.0184116523734786,0.8662181405600653,11.50781266835321,down,up,up,down,-0.000578533259521,0.0022568577249035,-3.6748903783466575,-93.5709367264821,36.203
3.3130000000000024,0.7131914775743448,0.08338871060154879,0.8776547142221522,11.552659931568513,down,up,up,down,-0.000578533259521,0.0022568577249035,-3.6748903783466575,-93.5709367264821,36.219
3.328000000000003,0.7145200551170882,0.0891503694424111,0.8883964035832119,11.594537903860171,down,up,up,down,-0.000578533259521,0.0022568577249035,-3.6748903783466575,-93.5709367264821,36.234
3.344000000000001,0.7168619894486846,0.146949428984316,0.8998835696633352,11.639029910127732,down,up,up,down,-0.000578533259521,0.0022568577249035,-3.6748903783466575,-93.5709367264821,36.25
3.3590000000000018,0.7178781404958149,0.068321936401536,0.9106779735037929,11.680574054229197,down,up,up,down,-0.000578533259521,0.0022568577249035,-3.6748903783466575,-93.5709367264821,36.265
3.375,0.7193580259988491,0.0930713771991711,0.9222119725593472,11.724709180714214,down,up,up,down,-0.000578533259521,0.0022568577249035,-3.6748903783466575,-93.5709367264821,36.281
3.3909999999999982,0.720804788611659,0.09100119656014649,0.9337693847998283,11.768659575908899,down,up,up,down,-0.000578533259521,0.0022568577249035,-3.6748903783466575,-93.5709367264821,36.297
3.405999999999999,0.7214548143395555,0.0439135817859539,0.9446201846878362,11.809695009812941,down,up,up,down,-0.000578533259521,0.0022568577249035,-3.6748903783466575,-93.5709367264821,36.312
3.422000000000004,0.7223167963584897,0.0544524094428886,0.9562064672970227,11.853286642650616,down,up,up,down,-0.000578533259521,0.0022568577249035,-3.6748903783466575,-93.5709367264821,36.328
3.4380000000000024,0.7231995997987594,0.0557537482763831,0.9678067081898774,11.896692783300281,down,up,up,down,-0.000578533259521,0.0022568577249035,-3.6748903783466575,-93.5709367264821,36.344
3.453000000000003,0.7240608714478026,0.0579966431957361,0.9786950145901008,11.937217376054633,down,up,up,down,-0.000578533259521,0.0022568577249035,-3.6748903783466575,-93.5709367264821,36.359
3.469000000000001,0.7248082612392396,0.047290395224336,0.9903220773751937,11.980263485372461,down,up,up,down,-0.000578533259521,0.0022568577249035,-3.6748903783466575,-93.5709367264821,36.375
3.4840000000000018,0.7255129512806989,0.0475578693568088,1.0012333393349677,12.02045017542234,down,up,up,down,-0.000578533259521,0.0022568577249035,-3.6748903783466575,-93.5709367264821,36.39
3.5,0.7267580870542397,0.0783995191058292,1.0128876173652444,12.063135453822255,down,up,up,down,-0.000578533259521,0.0022568577249035,-3.6748903783466575,-93.5709367264821,36.406
3.5159999999999982,0.7261078005967027,0.0400643703365499,1.0245466541900492,12.105634225703383,down,up,up,down,-0.000578533259521,0.0022568577249035,-3.6748903783466575,-93.5709367264821,36.422
3.530999999999999,0.7266084259000128,0.0339535534801988,1.0354758787546485,12.145307412381499,down,up,up,down,-0.000578533259521,0.0022568577249035,-3.6748903783466575,-93.5709367264821,36.437
3.547000000000004,0.7271201847916428,0.032563463986379604,1.0471418173637845,12.187444716866096,down,up,up,down,-0.000578533259521,0.0022568577249035,-3.6748903783466575,-93.5709367264821,36.453
3.5630000000000024,0.7276194617590851,0.0317833437246707,1.058815844259787,12.229395301626653,down,up,up,down,-0.000578533259521,0.0022568577249035,-3.6748903783466575,-93.5709367264821,36.469
3.578000000000003,0.7296359388559904,0.13501033971987142,1.069779112630274,12.268554195125176,down,up,up,down,-0.000578533259521,0.0022568577249035,-3.6748903783466575,-93.5709367264821,36.484
3.594000000000001,0.7316032335846786,0.1235344538025454,1.0815051357333965,12.310142167191813,down,up,up,down,-0.000578533259521,0.0022568577249035,-3.6748903783466575,-93.5709367264821,36.5
3.6090000000000018,0.7313329472461857,0.0174405559733389,1.0925110099555018,12.348960401774335,down,up,up,down,-0.000578533259521,0.0022568577249035,-3.6748903783466575,-93.5709367264821,36.515
3.625,0.7310692532574113,0.0159023410388776,1.1042463372831275,12.39018458904998,down,up,up,down,-0.000578533259521,0.0022568577249035,-3.6748903783466575,-93.5709367264821,36.531
3.6409999999999982,0.7343285795599092,0.20428642716565662,1.1160056296692633,12.431220819367894,down,up,up,down,-0.000578533259521,0.0022568577249035,-3.6748903783466575,-93.5709367264821,36.547
3.655999999999999,0.737508410098931,0.2125672358609677,1.1270782599575786,12.469521045870891,down,up,up,down,-0.000578533259521,0.0022568577249035,-3.6748903783466575,-93.5709367264821,36.562
3.672000000000004,0.7392349656856397,0.1084882574287821,1.1389283166874575,12.510191239311297,down,up,up,down,-0.000578533259521,0.0022568577249035,-3.6748903783466575,-93.5709367264821,36.578
3.6880000000000024,0.7407316169072865,0.0941192346124545,1.1508041590717975,12.550671625558778,down,up,up,down,-0.000578533259521,0.0022568577249035,-3.6748903783466575,-93.5709367264821,36.594
3.703000000000003,0.7415897902246337,0.0577900877493299,1.1619554224911615,12.58844928437226,down,up,up,down,-0.000578533259521,0.0022568577249035,-3.6748903783466575,-93.5709367264821,36.609
3.719000000000001,0.7424056727189613,0.051571189155003104,1.1738634959183072,12.628560979078543,down,up,up,down,-0.000578533259521,0.0022568577249035,-3.6748903783466575,-93.5709367264821,36.625
3.7340000000000018,0.7436593439384592,0.0841566145593799,1.185042836409112,12.665992537261275,down,up,up,down,-0.000578533259521,0.0022568577249035,-3.6748903783466575,-93.5709367264821,36.64
3.75,0.744410749296753,0.0475413681528865,1.1969835068785906,12.705734572568517,down,up,up,down,-0.000578533259521,0.0022568577249035,-3.6748903783466575,-93.5709367264821,36.656
3.7659999999999982,0.7451402288458217,0.046171005076317,1.2089360244273282,12.745285462371612,down,up,up,down,-0.000578533259521,0.0022568577249035,-3.6748903783466575,-93.5709367264821,36.672
3.780999999999999,0.7438674529203554,0.08427319510489331,1.2201374349064484,12.782190767101824,down,up,up,down,-0.000578533259521,0.0022568577249035,-3.6748903783466575,-93.5709367264821,36.687
3.797000000000004,0.7444261787649468,0.0354988985464705,1.232079893683533,12.821371274526655,down,up,up,down,-0.000578533259521,0.0022568577249035,-3.6748903783466575,-93.5709367264821,36.703
3.8130000000000024,0.7449457324626058,0.0330506393632115,1.2440309786969506,12.860360633601132,down,up,up,down,-0.000578533259521,0.0022568577249035,-3.6748903783466575,-93.5709367264821,36.719
3.828000000000003,0.7451853114897472,0.0165504684022834,1.2552408143924674,12.896739450828179,down,up,up,down,-0.000578533259521,0.0022568577249035,-3.6748903783466575,-93.5709367264821,36.734
3.844000000000001,0.7445987890085758,0.0360791218136964,1.267195196920051,12.935358208791214,down,up,up,down,-0.000578533259521,0.0022568577249035,-3.6748903783466575,-93.5709367264821,36.75
3.8590000000000018,0.7457730250041924,0.0788609329672922,1.2784068383910205,12.971389549201575,down,up,up,down,-0.000578533259521,0.0022568577249035,-3.6748903783466575,-93.5709367264821,36.765
3.875,0.7468961679585179,0.0707749679048708,1.2903843016583192,13.009637466134734,down,up,up,down,-0.000578533259521,0.0022568577249035,-3.6748903783466575,-93.5709367264821,36.781
3.8909999999999982,0.7483685298449033,0.09260115115862129,1.3023825289643436,13.0476935775433,down,up,up,down,-0.000578533259521,0.0022568577249035,-3.6748903783466575,-93.5709367264821,36.797
3.905999999999999,0.7472921512172396,0.0711800419180591,1.3136338369381835,13.083196810474234,down,up,up,down,-0.000578533259521,0.0022568577249035,-3.6748903783466575,-93.5709367264821,36.812
3.922000000000004,0.7462889294798726,0.062122825325895505,1.3256185953073634,13.120881037069836,down,up,up,down,-0.000578533259521,0.0022568577249035,-3.6748903783466575,-93.5709367264821,36.828
3.9380000000000024,0.7469168453923613,0.0398232777900674,1.3376003512299381,13.158373531551078,down,up,up,down,-0.000578533259521,0.0022568577249035,-3.6748903783466575,-93.5709367264821,36.844
3.953000000000003,0.7478447264526925,0.062437270614935904,1.34884491588465,13.19334854772292,down,up,up,down,-0.000578533259521,0.0022568577249035,-3.6748903783466575,-93.5709367264821,36.859
3.969000000000001,0.7487414316055486,0.0566226053130343,1.3608537148727131,13.230469204730397,down,up,up,down,-0.000578533259521,0.0022568577249035,-3.6748903783466575,-93.5709367264821,36.875
3.9840000000000018,0.7473148224057039,0.0945287467301233,1.3721079896436716,13.265095347621738,down,up,up,down,-0.000578533259521,0.0022568577249035,-3.6748903783466575,-93.5709367264821,36.89
4.0,0.7475753668833108,0.0168625631099557,1.384103220881581,13.301843903991056,down,up,up,down,-0.000578533259521,0.0022568577249035,-3.6748903783466575,-93.5709367264821,36.906
4.015999999999998,0.7480383549050985,0.0295152846212542,1.3961042403794854,13.33840049035453,down,up,up,down,-0.000578533259521,0.0022568577249035,-3.6748903783466575,-93.5709367264821,36.922
4.030999999999999,0.7484819820504961,0.030153676286025503,1.4073619957725265,13.372497849258593,down,up,up,down,-0.000578533259521,0.0022568577249035,-3.6748903783466575,-93.5709367264821,36.937
4.047000000000004,0.74915026942168,0.042346493958497704,1.4193791635079065,13.408682166037892,down,up,up,down,-0.000578533259521,0.0022568577249035,-3.6748903783466575,-93.5709367264821,36.953
4.063000000000002,0.7499982623859279,0.0535780935250255,1.4314084614859643,13.444674111091501,down,up,up,down,-0.000578533259521,0.0022568577249035,-3.6748903783466575,-93.5709367264821,36.969
4.078000000000003,0.7508151825095447,0.055039874833971,1.4426984151885538,13.47824166519166,down,up,up,down,-0.000578533259521,0.0022568577249035,-3.6748903783466575,-93.5709367264821,36.984
4.094000000000001,0.7527926171246248,0.1241681967020372,1.454763387309225,13.513860216825222,down,up,up,down,-0.000578533259521,0.0022568577249035,-3.6748903783466575,-93.5709367264821,37.0
4.109000000000002,0.7557418866533557,0.1971965018415788,1.4661112489534336,13.547077012728437,down,up,up,down,-0.000578533259521,0.0022568577249035,-3.6748903783466575,-93.5709367264821,37.015
4.125,0.7586526558073815,0.1825016053861517,1.4782625150167168,13.582320268670216,down,up,up,down,-0.000578533259521,0.0022568577249035,-3.6748903783466575,-93.5709367264821,37.031
4.140999999999998,0.7598449652302098,0.07509787218629979,1.4904466057086148,13.617368841757937,down,up,up,down,-0.000578533259521,0.0022568577249035,-3.6748903783466575,-93.5709367264821,37.047
4.155999999999999,0.7603798633078293,0.0362384051008141,1.501882144788524,13.650049731804415,down,up,up,down,-0.000578533259521,0.0022568577249035,-3.6748903783466575,-93.5709367264821,37.062
4.172000000000004,0.7609017150908725,0.0331942696997103,1.514088507139316,13.68472021264256,down,up,up,down,-0.000578533259521,0.0022568577249035,-3.6748903783466575,-93.5709367264821,37.078
4.188000000000002,0.7615784990018214,0.0428775276938345,1.5263044585756544,13.719195314970378,down,up,up,down,-0.000578533259521,0.0022568577249035,-3.6748903783466575,-93.5709367264821,37.094
4.203000000000003,0.7633362640390083,0.11776286907197929,1.5377751721643347,13.751338073415013,down,up,up,down,-0.000578533259521,0.0022568577249035,-3.6748903783466575,-93.5709367264821,37.109
4.219000000000001,0.7650511567582151,0.1077593282099561,1.5500383812543097,13.785433811041216,down,up,up,down,-0.000578533259521,0.0022568577249035,-3.6748903783466575,-93.5709367264821,37.125
4.234000000000002,0.76671774441256,0.11168437688251069,1.5615605008789646,13.817220175100417,down,up,up,down,-0.000578533259521,0.0022568577249035,-3.6748903783466575,-93.5709367264821,37.14
4.25,0.7658367178432589,0.0544856273218046,1.5738570463006085,13.850935080776537,down,up,up,down,-0.000578533259521,0.0022568577249035,-3.6748903783466575,-93.5709367264821,37.156
4.265999999999998,0.7660070280586241,0.011222921719845699,1.5861479059914205,13.884453287211741,down,up,up,down,-0.000578533259521,0.0022568577249035,-3.6748903783466575,-93.5709367264821,37.172
4.280999999999999,0.7662062077480113,0.013857179218667599,1.597673358125844,13.915697983406062,down,up,up,down,-0.000578533259521,0.0022568577249035,-3.6748903783466575,-93.5709367264821,37.187
4.297000000000004,0.7664005293961936,0.012723636270912999,1.6099703217466002,13.948835080020615,down,up,up,down,-0.000578533259521,0.0022568577249035,-3.6748903783466575,-93.5709367264821,37.203
4.313000000000002,0.7673444097997352,0.0595710584808738,1.6222763909837647,13.981775352372338,down,up,up,down,-0.000578533259521,0.0022568577249035,-3.6748903783466575,-93.5709367264821,37.219
4.328000000000003,0.7682652687300192,0.061969128611788,1.633827316438612,14.012477930241857,down,up,up,down,-0.000578533259521,0.0022568577249035,-3.6748903783466575,-93.5709367264821,37.234
4.344000000000001,0.7677674446906054,0.030535469203844,1.6461516878695734,14.045036344260936,down,up,up,down,-0.000578533259521,0.0022568577249035,-3.6748903783466575,-93.5709367264821,37.25
4.359000000000002,0.7672666013902686,0.032811020096267,1.6576982960810538,14.075380825056513,down,up,up,down,-0.000578533259521,0.0022568577249035,-3.6748903783466575,-93.5709367264821,37.265
4.375,0.767855864880529,0.0374075014008031,1.6700153855348177,14.107557361657143,down,up,up,down,-0.000578533259521,0.0022568577249035,-3.6748903783466575,-93.5709367264821,37.281
4.390999999999998,0.76843075609054,0.0365092338852108,1.6823417882261804,14.139536750320573,down,up,up,down,-0.000578533259521,0.0022568577249035,-3.6748903783466575,-93.5709367264821,37.297
4.405999999999999,0.7689994358205735,0.0384905152617525,1.6939063675313835,14.1693382448276,down,up,up,down,-0.000578533259521,0.0022568577249035,-3.6748903783466575,-93.5709367264821,37.312
4.422000000000004,0.7694095181287289,0.0262086775192264,1.7062497488865807,14.200935241949821,down,up,up,down,-0.000578533259521,0.0022568577249035,-3.6748903783466575,-93.5709367264821,37.328
4.438000000000002,0.7691440221348832,0.0160149663558391,1.7185942869322863,14.232334735716819,down,up,up,down,-0.000578533259521,0.0022568577249035,-3.6748903783466575,-93.5709367264821,37.344
4.453000000000003,0.7689066368013614,0.015247155641931702,1.730163519740182,14.26159240784196,down,up,up,down,-0.000578533259521,0.0022568577249035,-3.6748903783466575,-93.5709367264821,37.359
4.469000000000001,0.7682334549944231,0.041495329674128396,1.7424967501981456,14.292609371735992,down,up,up,down,-0.000578533259521,0.0022568577249035,-3.6748903783466575,-93.5709367264821,37.375
4.484000000000002,0.7680934272667203,0.0,1.754053054680978,14.32150860387462,down,up,up,down,-0.000578533259521,0.0022568577249035,-3.6748903783466575,-93.5709367264821,37.39
4.5,0.7698983162418128,0.1133840942028188,1.7663930983526435,14.352143280703899,down,up,up,down,-0.000578533259521,0.0022568577249035,-3.6748903783466575,-93.5709367264821,37.406
4.515999999999998,0.7716316717947153,0.10891325531593529,1.7787614479805327,14.382580290386784,down,up,up,down,-0.000578533259521,0.0022568577249035,-3.6748903783466575,-93.5709367264821,37.422
4.530999999999999,0.7730678646284713,0.0963247221765885,1.7903805473695806,14.410935081096838,down,up,up,down,-0.000578533259521,0.0022568577249035,-3.6748903783466575,-93.5709367264821,37.437
4.547000000000004,0.7739950049681054,0.058524804486628904,1.802793160049956,14.440987937491059,down,up,up,down,-0.000578533259521,0.0022568577249035,-3.6748903783466575,-93.5709367264821,37.453
4.563000000000002,0.7749516561131246,0.0603692298232272,1.8152208430622028,14.470842071519698,down,up,up,down,-0.000578533259521,0.0022568577249035,-3.6748903783466575,-93.5709367264821,37.469
4.578000000000003,0.773298459913793,0.1096345466959131,1.8268665717982786,14.498649771583416,down,up,up,down,-0.000578533259521,0.0022568577249035,-3.6748903783466575,-93.5709367264821,37.484
4.594000000000001,0.7739683920172294,0.0424492897243047,1.839280816337324,14.528118838531896,down,up,up,down,-0.000578533259521,0.0022568577249035,-3.6748903783466575,-93.5709367264821,37.5
4.609000000000002,0.7746159338111643,0.043747986188512104,1.8509290516469108,14.555565620197214,down,up,up,down,-0.000578533259521,0.0022568577249035,-3.6748903783466575,-93.5709367264821,37.515
4.625,0.7750758745999172,0.0293248325565796,1.8633626958377965,14.584649532270873,down,up,up,down,-0.000578533259521,0.0022568577249035,-3.6748903783466575,-93.5709367264821,37.531
4.640999999999998,0.7762004814151756,0.070866459213178,1.8758090164095143,14.613534404626435,down,up,up,down,-0.000578533259521,0.0022568577249035,-3.6748903783466575,-93.5709367264821,37.547
4.655999999999999,0.776994556978739,0.0535169041637435,1.8874918320633427,14.6404330039381,down,up,up,down,-0.000578533259521,0.0022568577249035,-3.6748903783466575,-93.5709367264821,37.562
4.672000000000004,0.7777891412839645,0.050240052336098004,1.8999662113730467,14.668931585644131,down,up,up,down,-0.000578533259521,0.0022568577249035,-3.6748903783466575,-93.5709367264821,37.578
4.688000000000002,0.7776470396575484,0.0,1.9124458105441762,14.697230535522337,down,up,up,down,-0.000578533259521,0.0022568577249035,-3.6748903783466575,-93.5709367264821,37.594
4.703000000000003,0.7785101838909069,0.0581214821500805,1.9241508425866636,14.723579416299074,down,up,up,down,-0.000578533259521,0.0022568577249035,-3.6748903783466575,-93.5709367264821,37.609
4.719000000000001,0.7794120669065522,0.0569462217373591,1.9366503303166402,14.751491252969373,down,up,up,down,-0.000578533259521,0.0022568577249035,-3.6748903783466575,-93.5709367264821,37.625
4.734000000000002,0.7798079024942838,0.0269675724416264,1.9483783329530204,14.777476893670055,down,up,up,down,-0.000578533259521,0.0022568577249035,-3.6748903783466575,-93.5709367264821,37.64
4.75,0.7804518605296186,0.040825910467949804,1.9608965207808087,14.805000940893734,down,up,up,down,-0.000578533259521,0.0022568577249035,-3.6748903783466575,-93.5709367264821,37.656
4.765999999999998,0.7810865426278718,0.0402461644003526,1.9734249377296658,14.83232461527922,down,up,up,down,-0.000578533259521,0.0022568577249035,-3.6748903783466575,-93.5709367264821,37.672
4.780999999999999,0.7801049255877929,0.0648626027457385,1.9851677266071572,14.857758525971875,down,up,up,down,-0.000578533259521,0.0022568577249035,-3.6748903783466575,-93.5709367264821,37.687
4.797000000000004,0.7801735504833865,0.0,1.9976860641393293,14.884693941699453,down,up,up,down,-0.000578533259521,0.0022568577249035,-3.6748903783466575,-93.5709367264821,37.703
4.813000000000002,0.7816952983570059,0.0956877753607415,2.0102171246536495,14.911428962242653,down,up,up,down,-0.000578533259521,0.0022568577249035,-3.6748903783466575,-93.5709367264821,37.719
4.828000000000003,0.7831840401037732,0.0998279830440022,2.0219875725579795,14.936310782688778,down,up,up,down,-0.000578533259521,0.0022568577249035,-3.6748903783466575,-93.5709367264821,37.734
4.844000000000001,0.7840403524020979,0.0540980519048221,2.0345614774216236,14.962656636342473,down,up,up,down,-0.000578533259521,0.0022568577249035,-3.6748903783466575,-93.5709367264821,37.75
4.859000000000002,0.7839498410363658,0.0,2.046355256738286,14.987173116511457,down,up,up,down,-0.000578533259521,0.0022568577249035,-3.6748903783466575,-93.5709367264821,37.765
4.875,0.7838615372649188,0.0,2.0589338574882934,15.013129049651198,down,up,up,down,-0.000578533259521,0.0022568577249035,-3.6748903783466575,-93.5709367264821,37.781
4.890999999999998,0.7837968738332483,0.0,2.071511234500676,15.038883734968834,down,up,up,down,-0.000578533259521,0.0022568577249035,-3.6748903783466575,-93.5709367264821,37.797
4.905999999999999,0.7844773519607476,0.0459437417594782,2.0833071440600044,15.062845952804835,down,up,up,down,-0.000578533259521,0.0022568577249035,-3.6748903783466575,-93.5709367264821,37.812
4.922000000000004,0.7851412330607471,0.042071102009475,2.0959002024637794,15.088210540086195,down,up,up,down,-0.000578533259521,0.0022568577249035,-3.6748903783466575,-93.5709367264821,37.828
4.938000000000002,0.7859464408603803,0.0509040207366029,2.1085050135787453,15.113373544411402,down,up,up,down,-0.000578533259521,0.0022568577249035,-3.6748903783466575,-93.5709367264821,37.844
4.953000000000003,0.7867299019796922,0.0528092745469739,2.1203339390159197,15.136780607942143,down,up,up,down,-0.000578533259521,0.0022568577249035,-3.6748903783466575,-93.5709367264821,37.859
4.969000000000001,0.787176048405133,0.0284626848495759,2.1329612963425957,15.161552492112818,down,up,up,down,-0.000578533259521,0.0022568577249035,-3.6748903783466575,-93.5709367264821,37.875
4.984000000000002,0.7860896623682213,0.0718472025345889,2.14479464203927,15.184592678250155,down,up,up,down,-0.000578533259521,0.0022568577249035,-3.6748903783466575,-93.5709367264821,37.89
5.0,0.7850076979032111,0.0670442458036231,2.1573995306450384,15.208973370922223,down,up,up,down,-0.000578533259521,0.0022568577249035,-3.6748903783466575,-93.5709367264821,37.906
5.015999999999998,0.785200931501839,0.012655633173765099,2.1699973094038763,15.233152442255374,down,up,up,down,-0.000578533259521,0.0022568577249035,-3.6748903783466575,-93.5709367264821,37.922
5.030999999999999,0.7864158935192088,0.0815760010841721,2.181818288457408,15.255637180946621,down,up,up,down,-0.000578533259521,0.0022568577249035,-3.6748903783466575,-93.5709367264821,37.937
5.047000000000004,0.7875880032282795,0.0738353900764132,2.1944464293549903,15.279425309257675,down,up,up,down,-0.000578533259521,0.0022568577249035,-3.6748903783466575,-93.5709367264821,37.953
5.063000000000002,0.7870443920532432,0.0333971651802526,2.2070795982408393,15.303011347090461,down,up,up,down,-0.000578533259521,0.0022568577249035,-3.6748903783466575,-93.5709367264821,37.969
5.078000000000003,0.785968074505771,0.07117596990528771,2.218911044605906,15.32493977294429,down,up,up,down,-0.000578533259521,0.0022568577249035,-3.6748903783466575,-93.5709367264821,37.984
5.094000000000001,0.7849180086057982,0.0650505854887867,2.231514242994396,15.348134616697038,down,up,up,down,-0.000578533259521,0.0022568577249035,-3.6748903783466575,-93.5709367264821,38.0
5.109000000000002,0.7853599891099973,0.030043900206125202,2.2433251808431383,15.36969667669345,down,up,up,down,-0.000578533259521,0.0022568577249035,-3.6748903783466575,-93.5709367264821,38.015
5.125,0.7857911896019002,0.0275285640034569,2.2559304999964302,15.392500877300279,down,up,up,down,-0.000578533259521,0.0022568577249035,-3.6748903783466575,-93.5709367264821,38.031
5.140999999999998,0.7849981962543248,0.0489835509639489,2.268532924806877,15.4151034159554,down,up,up,down,-0.000578533259521,0.0022568577249035,-3.6748903783466575,-93.5709367264821,38.047
5.155999999999999,0.7842448711869513,0.0496431378987082,2.2803361006785607,15.43611025393946,down,up,up,down,-0.000578533259521,0.0022568577249035,-3.6748903783466575,-93.5709367264821,38.062
5.172000000000004,0.7849171578816937,0.0425964516809067,2.2929255066347127,15.458322407134503,down,up,up,down,-0.000578533259521,0.0022568577249035,-3.6748903783466575,-93.5709367264821,38.078
5.188000000000002,0.7843021462365433,0.0378596945623852,2.3055153707912552,15.48033312616866,down,up,up,down,-0.000578533259521,0.0022568577249035,-3.6748903783466575,-93.5709367264821,38.094
5.203000000000003,0.7837155884049382,0.038525322180817896,2.3173093566669407,15.500785296387903,down,up,up,down,-0.000578533259521,0.0022568577249035,-3.6748903783466575,-93.5709367264821,38.109
5.219000000000001,0.7838059455040051,0.0,2.3298856386618096,15.522405982478816,down,up,up,down,-0.000578533259521,0.0022568577249035,-3.6748903783466575,-93.5709367264821,38.125
5.234000000000002,0.7832842569753035,0.0342007019872511,2.3416726680462783,15.542492650853703,down,up,up,down,-0.000578533259521,0.0022568577249035,-3.6748903783466575,-93.5709367264821,38.14
5.25,0.7832372207437716,0.0,2.354240949591628,15.563723587966138,down,up,up,down,-0.000578533259521,0.0022568577249035,-3.6748903783466575,-93.5709367264821,38.156
5.265999999999998,0.7831599113296069,0.0,2.3668082363718117,15.584753440531983,down,up,up,down,-0.000578533259521,0.0022568577249035,-3.6748903783466575,-93.5709367264821,38.172
5.280999999999999,0.7833933290704779,0.0161397159842493,2.378591238540687,15.604286300145333,down,up,up,down,-0.000578533259521,0.0022568577249035,-3.6748903783466575,-93.5709367264821,38.187
5.297000000000004,0.7813279514029167,0.12850757096301138,2.3911451185080765,15.624926655342492,down,up,up,down,-0.000578533259521,0.0022568577249035,-3.6748903783466575,-93.5709367264821,38.203
5.313000000000002,0.7793381079154714,0.1237866847058203,2.403666556706221,15.645366407994317,down,up,up,down,-0.000578533259521,0.0022568577249035,-3.6748903783466575,-93.5709367264821,38.219
5.328000000000003,0.7796251516114784,0.0197147796599843,2.4153926340185468,15.66434681973908,down,up,up,down,-0.000578533259521,0.0022568577249035,-3.6748903783466575,-93.5709367264821,38.234
5.344000000000001,0.7801694109923735,0.0345947445654675,2.427907100242975,15.684398667918543,down,up,up,down,-0.000578533259521,0.0022568577249035,-3.6748903783466575,-93.5709367264821,38.25
5.359000000000002,0.7807207476710795,0.0373343118399191,2.4396476292988245,15.703015363122162,down,up,up,down,-0.000578533259521,0.0022568577249035,-3.6748903783466575,-93.5709367264821,38.265
5.375,0.7798792433919176,0.0520154841881006,2.452168538950926,15.722679079829703,down,up,up,down,-0.000578533259521,0.0022568577249035,-3.6748903783466575,-93.5709367264821,38.281
5.390999999999998,0.7793134949915538,0.0347807417632222,2.4646781905815907,15.742142552046971,down,up,up,down,-0.000578533259521,0.0022568577249035,-3.6748903783466575,-93.5709367264821,38.297
5.405999999999999,0.7791172275073067,0.012505965690282402,2.476400273866206,15.760207819238815,down,up,up,down,-0.000578533259521,0.0022568577249035,-3.6748903783466575,-93.5709367264821,38.312
5.422000000000004,0.7788973221120498,0.0131655539440343,2.4889004999867637,15.779283659101537,down,up,up,down,-0.000578533259521,0.0022568577249035,-3.6748903783466575,-93.5709367264821,38.328
5.438000000000002,0.7786785553836976,0.0130943872624925,2.501397216730327,15.798159523421361,down,up,up,down,-0.000578533259521,0.0022568577249035,-3.6748903783466575,-93.5709367264821,38.344
5.453000000000003,0.7780330528429379,0.0424549694577893,2.5131064066579007,15.815674101921132,down,up,up,down,-0.000578533259521,0.0022568577249035,-3.6748903783466575,-93.5709367264821,38.359
5.469000000000001,0.7773598414614381,0.04149717808422,2.525585659535933,15.83416281144514,down,up,up,down,-0.000578533259521,0.0022568577249035,-3.6748903783466575,-93.5709367264821,38.375
5.484000000000002,0.7760717137039298,0.08529665057436281,2.537270249065547,15.851314747805816,down,up,up,down,-0.000578533259521,0.0022568577249035,-3.6748903783466575,-93.5709367264821,38.39
5.5,0.7762652652274192,0.012675503477611798,2.5497250546205947,15.869417031429904,down,up,up,down,-0.000578533259521,0.0022568577249035,-3.6748903783466575,-93.5709367264821,38.406
5.515999999999998,0.7764932140022031,0.014825331683511599,2.562183232178029,15.887320011189061,down,up,up,down,-0.000578533259521,0.0022568577249035,-3.6748903783466575,-93.5709367264821,38.422
5.530999999999999,0.7759436228467856,0.036060877101638696,2.5738603613202704,15.90392303991301,down,up,up,down,-0.000578533259521,0.0022568577249035,-3.6748903783466575,-93.5709367264821,38.437
5.547000000000004,0.7754074363536959,0.032933122558575896,2.5863072795174773,15.921439944839861,down,up,up,down,-0.000578533259521,0.0022568577249035,-3.6748903783466575,-93.5709367264821,38.453
5.563000000000002,0.7764601641732939,0.06637402198440169,2.59875833004529,15.938757666016897,down,up,up,down,-0.000578533259521,0.0022568577249035,-3.6748903783466575,-93.5709367264821,38.469
5.578000000000003,0.775733358071662,0.04787520684927,2.6104336343280012,15.954812081959304,down,up,up,down,-0.000578533259521,0.0022568577249035,-3.6748903783466575,-93.5709367264821,38.484
5.594000000000001,0.7760681591882596,0.021503603046870802,2.6228841561896776,15.971743785688702,down,up,up,down,-0.000578533259521,0.0022568577249035,-3.6748903783466575,-93.5709367264821,38.5
5.609000000000002,0.7763947944239648,0.0223542156398666,2.634561481207643,15.987436299083413,down,up,up,down,-0.000578533259521,0.0022568577249035,-3.6748903783466575,-93.5709367264821,38.515
5.625,0.7762802104009535,0.0,2.6470189909698396,16.003981901359538,down,up,up,down,-0.000578533259521,0.0022568577249035,-3.6748903783466575,-93.5709367264821,38.531
5.640999999999998,0.7761684211102101,0.0,2.659474689745526,16.020328197967373,down,up,up,down,-0.000578533259521,0.0022568577249035,-3.6748903783466575,-93.5709367264821,38.547
5.655999999999999,0.776264587022114,0.0,2.6711517901723925,16.035471855043184,down,up,up,down,-0.000578533259521,0.0022568577249035,-3.6748903783466575,-93.5709367264821,38.562
5.672000000000004,0.7763584074239703,0.0,2.6836088838515635,16.051432015704535,down,up,up,down,-0.000578533259521,0.0022568577249035,-3.6748903783466575,-93.5709367264821,38.578
5.688000000000002,0.7764088905368284,0.0,2.6960671319588467,16.067192853631624,down,up,up,down,-0.000578533259521,0.0022568577249035,-3.6748903783466575,-93.5709367264821,38.594
5.703000000000003,0.777491026850342,0.0727209541604259,2.7077552342051248,16.081787541560573,down,up,up,down,-0.000578533259521,0.0022568577249035,-3.6748903783466575,-93.5709367264821,38.609
5.719000000000001,0.7782931518183586,0.0507113437605622,2.7202376173580713,16.097161844801633,down,up,up,down,-0.000578533259521,0.0022568577249035,-3.6748903783466575,-93.5709367264821,38.625
5.734000000000002,0.778780518138314,0.0330696212565454,2.7319495227486206,16.111393796926038,down,up,up,down,-0.000578533259521,0.0022568577249035,-3.6748903783466575,-93.5709367264821,38.64
5.75,0.7791879115972798,0.026040624444892402,2.7444493799101024,16.126380851758313,down,up,up,down,-0.000578533259521,0.0022568577249035,-3.6748903783466575,-93.5709367264821,38.656
5.765999999999998,0.779987113378967,0.0505286446149721,2.756958889833509,16.141167831653902,down,up,up,down,-0.000578533259521,0.0022568577249035,-3.6748903783466575,-93.5709367264821,38.672
5.780999999999999,0.7818363203189326,0.12385899592388949,2.7687064184521173,16.154848697516954,down,up,up,down,-0.000578533259521,0.0022568577249035,-3.6748903783466575,-93.5709367264821,38.687
5.797000000000004,0.783658336835842,0.1144545655663196,2.7812664854329583,16.169247160339424,down,up,up,down,-0.000578533259521,0.0022568577249035,-3.6748903783466575,-93.5709367264821,38.703
5.813000000000002,0.7847562248784962,0.06919653592541629,2.79384991165027,16.18344447521629,down,up,up,down,-0.000578533259521,0.0022568577249035,-3.6748903783466575,-93.5709367264821,38.719
5.828000000000003,0.7846436650215659,0.0,2.8056542636903945,16.19657154957646,down,up,up,down,-0.000578533259521,0.0022568577249035,-3.6748903783466575,-93.5709367264821,38.734
5.844000000000001,0.7845475785052775,0.0,2.8182439033622066,16.210378610293574,down,up,up,down,-0.000578533259521,0.0022568577249035,-3.6748903783466575,-93.5709367264821,38.75
5.859000000000002,0.7862260437696006,0.1124762175477258,2.830058558395142,16.2231396975056,down,up,up,down,-0.000578533259521,0.0022568577249035,-3.6748903783466575,-93.5709367264821,38.765
5.875,0.7884222482633466,0.1378413141186626,2.8426918544550026,16.236555940256338,down,up,up,down,-0.000578533259521,0.0022568577249035,-3.6748903783466575,-93.5709367264821,38.781
5.890999999999998,0.7890276643028661,0.0384170357294919,2.855347563479129,16.249769870966418,down,up,up,down,-0.000578533259521,0.0022568577249035,-3.6748903783466575,-93.5709367264821,38.797
5.905999999999999,0.7895803312591153,0.0374229970094679,2.8672209763117182,16.261973962593174,down,up,up,down,-0.000578533259521,0.0022568577249035,-3.6748903783466575,-93.5709367264821,38.812
5.922000000000004,0.7904738262721019,0.0564219715711669,2.8798975192955707,16.2747952606819,down,up,up,down,-0.000578533259521,0.0022568577249035,-3.6748903783466575,-93.5709367264821,38.828
5.938000000000002,0.7916749790033643,0.0756505789634237,2.892590819461372,16.287413600025374,down,up,up,down,-0.000578533259521,0.0022568577249035,-3.6748903783466575,-93.5709367264821,38.844
5.953000000000003,0.7929002240215298,0.08226153447055559,2.9045089863499323,16.299058707156973,down,up,up,down,-0.000578533259521,0.0022568577249035,-3.6748903783466575,-93.5709367264821,38.859
5.969000000000001,0.7943866711311057,0.09348147760802529,2.9172433912347504,16.31128293418986,down,up,up,down,-0.000578533259521,0.0022568577249035,-3.6748903783466575,-93.5709367264821,38.875
5.984000000000002,0.7944756433790393,0.0,2.9291937114594506,16.32255801159485,down,up,up,down,-0.000578533259521,0.0022568577249035,-3.6748903783466575,-93.5709367264821,38.89
6.0,0.794567860192359,0.0,2.941942169211619,16.334387170603023,down,up,up,down,-0.000578533259521,0.0022568577249035,-3.6748903783466575,-93.5709367264821,38.906
6.015999999999998,0.7946126710228648,0.0,2.9546917231849377,16.346012345517394,down,up,up,down,-0.000578533259521,0.0022568577249035,-3.6748903783466575,-93.5709367264821,38.922
6.030999999999999,0.7923338326596366,0.1513440242890182,2.9666276748284304,16.356725805707498,down,up,up,down,-0.000578533259521,0.0022568577249035,-3.6748903783466575,-93.5709367264821,38.937
6.047000000000004,0.7911052176861323,0.0762099025844752,2.9793312969547996,16.36795637998678,down,up,up,down,-0.000578533259521,0.0022568577249035,-3.6748903783466575,-93.5709367264821,38.953
6.063000000000002,0.7898676759369289,0.0767678260657019,2.992015189827381,16.378983854146057,down,up,up,down,-0.000578533259521,0.0022568577249035,-3.6748903783466575,-93.5709367264821,38.969
6.078000000000003,0.7873273441121108,0.1687769217283428,3.0038780053436227,16.389138010857494,down,up,up,down,-0.000578533259521,0.0022568577249035,-3.6748903783466575,-93.5709367264821,38.984
6.094000000000001,0.7837599832637584,0.22238151976252898,3.0164828136862267,16.3997733703588,down,up,up,down,-0.000578533259521,0.0022568577249035,-3.6748903783466575,-93.5709367264821,39.0
6.109000000000002,0.7802508271220586,0.2333652095204552,3.0282467476299946,16.40956125432413,down,up,up,down,-0.000578533259521,0.0022568577249035,-3.6748903783466575,-93.5709367264821,39.015
6.125,0.7746971467285723,0.3465264913334147,3.0407224411443967,16.419807746867477,down,up,up,down,-0.000578533259521,0.0022568577249035,-3.6748903783466575,-93.5709367264821,39.031
6.140999999999998,0.7712224933794013,0.2165873010636881,3.0531259079888575,16.429855206127954,down,up,up,down,-0.000578533259521,0.0022568577249035,-3.6748903783466575,-93.5709367264821,39.047
6.155999999999999,0.767867960895135,0.22305696569155808,3.0647029392617906,16.43909484544878,down,up,up,down,-0.000578533259521,0.0022568577249035,-3.6748903783466575,-93.5709367264821,39.062
6.172000000000004,0.7645952462763398,0.20396613041511008,3.076998754642765,16.4487594779511,down,up,up,down,-0.000578533259521,0.0022568577249035,-3.6748903783466575,-93.5709367264821,39.078
6.188000000000002,0.7602612923497195,0.27029358715427637,3.0892337166753703,16.458227864234104,down,up,up,down,-0.000578533259521,0.0022568577249035,-3.6748903783466575,-93.5709367264821,39.094
6.203000000000003,0.7550755938912063,0.3451346973080155,3.1006325961880514,16.466927222562816,down,up,up,down,-0.000578533259521,0.0022568577249035,-3.6748903783466575,-93.5709367264821,39.109
6.219000000000001,0.7494017882959839,0.3540343164419148,3.112704524969146,16.47601877164709,down,up,up,down,-0.000578533259521,0.0022568577249035,-3.6748903783466575,-93.5709367264821,39.125
6.234000000000002,0.7425788500710376,0.454284015070214,3.123928232622773,16.484367381640382,down,up,up,down,-0.000578533259521,0.0022568577249035,-3.6748903783466575,-93.5709367264821,39.14
6.25,0.7348607077158481,0.4818053639398776,3.135783858808665,16.49308793096246,down,up,up,down,-0.000578533259521,0.0022568577249035,-3.6748903783466575,-93.5709367264821,39.156
6.265999999999998,0.727324150107247,0.470456317278097,3.1475174473948466,16.501619766566378,down,up,up,down,-0.000578533259521,0.0022568577249035,-3.6748903783466575,-93.5709367264821,39.172
6.280999999999999,0.7199714109769034,0.4896040754300352,3.158406016968852,16.509448696258858,down,up,up,down,-0.000578533259521,0.0022568577249035,-3.6748903783466575,-93.5709367264821,39.187
6.297000000000004,0.7126172259710214,0.4590580296079524,3.1699028357880374,16.517620471490332,down,up,up,down,-0.000578533259521,0.0022568577249035,-3.6748903783466575,-93.5709367264821,39.203
6.313000000000002,0.7055907256020736,0.4385777397997653,3.18128460912422,16.525609217984595,down,up,up,down,-0.000578533259521,0.0022568577249035,-3.6748903783466575,-93.5709367264821,39.219
6.328000000000003,0.6974040558960831,0.5451994471398229,3.1918409228513314,16.532934132169984,down,up,up,down,-0.000578533259521,0.0022568577249035,-3.6748903783466575,-93.5709367264821,39.234
6.344000000000001,0.6893605014443108,0.5021436199763029,3.202971149033652,16.540573881648456,down,up,up,down,-0.000578533259521,0.0022568577249035,-3.6748903783466575,-93.5709367264821,39.25
6.359000000000002,0.6809697218434839,0.5588067734622514,3.2132824785741843,16.54757533511659,down,up,up,down,-0.000578533259521,0.0022568577249035,-3.6748903783466575,-93.5709367264821,39.265
6.375,0.671268880886002,0.6057240265831655,3.2241364971196176,16.55487422936457,down,up,up,down,-0.000578533259521,0.0022568577249035,-3.6748903783466575,-93.5709367264821,39.281
6.390999999999998,0.6618570059089476,0.5876636528064454,3.2348376139375743,16.562000682529657,down,up,up,down,-0.000578533259521,0.0022568577249035,-3.6748903783466575,-93.5709367264821,39.297
6.405999999999999,0.6521792750057448,0.6446035269539736,3.2447267389103085,16.56852730555852,down,up,up,down,-0.000578533259521,0.0022568577249035,-3.6748903783466575,-93.5709367264821,39.312
6.422000000000004,0.6402071507732768,0.7476792312694768,3.2551019400401424,16.57532692218045,down,up,up,down,-0.000578533259521,0.0022568577249035,-3.6748903783466575,-93.5709367264821,39.328
6.438000000000002,0.6285133315912966,0.7302851656143222,3.2652878136226566,16.581962050204694,down,up,up,down,-0.000578533259521,0.0022568577249035,-3.6748903783466575,-93.5709367264821,39.344
6.453000000000003,0.6173717519634502,0.7421934419302145,3.274665804615191,16.588035753743142,down,up,up,down,-0.000578533259521,0.0022568577249035,-3.6748903783466575,-93.5709367264821,39.359
6.469000000000001,0.6048408811551856,0.782600892257099,3.2844796154037375,16.594360836436522,down,up,up,down,-0.000578533259521,0.0022568577249035,-3.6748903783466575,-93.5709367264821,39.375
6.484000000000002,0.592341893946765,0.83268728063516,3.293492339082876,16.600149402453056,down,up,up,down,-0.000578533259521,0.0022568577249035,-3.6748903783466575,-93.5709367264821,39.39
6.5,0.5801652290527671,0.7604630226154269,3.3029085057904695,16.606176441747635,down,up,up,down,-0.000578533259521,0.0022568577249035,-3.6748903783466575,-93.5709367264821,39.406
6.515999999999998,0.5679785814858961,0.7610869396700033,3.3121297659983764,16.612054381626876,down,up,up,down,-0.000578533259521,0.0022568577249035,-3.6748903783466575,-93.5709367264821,39.422
6.530999999999999,0.5551961272535363,0.8515850822310999,3.320587429179796,16.617432358338235,down,up,up,down,-0.000578533259521,0.0022568577249035,-3.6748903783466575,-93.5709367264821,39.437
6.547000000000004,0.5427357079764833,0.7781976715560309,3.3294069935852377,16.623030649009664,down,up,up,down,-0.000578533259521,0.0022568577249035,-3.6748903783466575,-93.5709367264821,39.453
6.563000000000002,0.5298221975325356,0.806515869487301,3.3380235665529074,16.628489450582094,down,up,up,down,-0.000578533259521,0.0022568577249035,-3.6748903783466575,-93.5709367264821,39.469
6.578000000000003,0.5163561059236718,0.8971609073313654,3.3459037566947027,16.633483351332956,down,up,up,down,-0.000578533259521,0.0022568577249035,-3.6748903783466575,-93.5709367264821,39.484
6.594000000000001,0.5031969641972048,0.8218678246447526,3.354096290979267,16.638681597005103,down,up,up,down,-0.000578533259521,0.0022568577249035,-3.6748903783466575,-93.5709367264821,39.5
6.609000000000002,0.4899344650519027,0.8835880764272513,3.3615786295645096,16.643437390776214,down,up,up,down,-0.000578533259521,0.0022568577249035,-3.6748903783466575,-93.5709367264821,39.515
6.625,0.4770622142879582,0.8039371394870984,3.369350712722826,16.648388202091482,down,up,up,down,-0.000578533259521,0.0022568577249035,-3.6748903783466575,-93.5709367264821,39.531
6.640999999999998,0.46469855637365676,0.7721500863844007,3.3769209086117167,16.65321627517436,down,up,up,down,-0.000578533259521,0.0022568577249035,-3.6748903783466575,-93.5709367264821,39.547
6.655999999999999,0.45267324435162065,0.8011089348761927,3.3838350499830296,16.6576339611601,down,up,up,down,-0.000578533259521,0.0022568577249035,-3.6748903783466575,-93.5709367264821,39.562
6.672000000000004,0.44084243243954546,0.738847211244928,3.39101928512096,16.66223337253281,down,up,up,down,-0.000578533259521,0.0022568577249035,-3.6748903783466575,-93.5709367264821,39.578
6.688000000000002,0.42794376390971856,0.8055882498547495,3.398005684415352,16.666719418830098,down,up,up,down,-0.000578533259521,0.0022568577249035,-3.6748903783466575,-93.5709367264821,39.594
6.703000000000003,0.4153811572526412,0.8369285772122755,3.4043644741899435,16.670824998315737,down,up,up,down,-0.000578533259521,0.0022568577249035,-3.6748903783466575,-93.5709367264821,39.609
6.719000000000001,0.4030276900197621,0.7715131687955086,3.4109478546917202,16.675100745738234,down,up,up,down,-0.000578533259521,0.0022568577249035,-3.6748903783466575,-93.5709367264821,39.625
6.734000000000002,0.39086085940036425,0.8105435080336368,3.416935871678245,16.679014973465655,down,up,up,down,-0.000578533259521,0.0022568577249035,-3.6748903783466575,-93.5709367264821,39.64
6.75,0.37899273998704786,0.7411789300728318,3.423130810196942,16.6830926860642,down,up,up,down,-0.000578533259521,0.0022568577249035,-3.6748903783466575,-93.5709367264821,39.656
6.765999999999998,0.36741408690088667,0.7230872846256362,3.4291381745356433,16.6870727802399,down,up,up,down,-0.000578533259521,0.0022568577249035,-3.6748903783466575,-93.5709367264821,39.672
6.780999999999999,0.3568323350917045,0.7048715873525986,3.4346038755664616,16.69071807053932,down,up,up,down,-0.000578533259521,0.0022568577249035,-3.6748903783466575,-93.5709367264821,39.687
6.797000000000004,0.34771966379067015,0.5689634230549342,3.440276401281121,16.6945172743781,down,up,up,down,-0.000578533259521,0.0022568577249035,-3.6748903783466575,-93.5709367264821,39.703
6.813000000000002,0.3388188891281292,0.5557198831493473,3.4458048194280693,16.698226870665977,down,up,up,down,-0.000578533259521,0.0022568577249035,-3.6748903783466575,-93.5709367264821,39.719
6.828000000000003,0.33036437337713315,0.5630558501401973,3.4508575467627325,16.70162525859473,down,up,up,down,-0.000578533259521,0.0022568577249035,-3.6748903783466575,-93.5709367264821,39.734
6.844000000000001,0.32223806391714405,0.5073158079898503,3.4561144759846845,16.705167728466293,down,up,up,down,-0.000578533259521,0.0022568577249035,-3.6748903783466575,-93.5709367264821,39.75
6.859000000000002,0.31430803616170166,0.5280899837699511,3.4609224246011494,16.708413307387104,down,up,up,down,-0.000578533259521,0.0022568577249035,-3.6748903783466575,-93.5709367264821,39.765
6.875,0.30657142371736695,0.4829597445114552,3.46592557000378,16.71179676948381,down,up,up,down,-0.000578533259521,0.0022568577249035,-3.6748903783466575,-93.5709367264821,39.781
6.890999999999998,0.29844625134953345,0.5072447397301287,3.470801821127913,16.7151011964083,down,up,up,down,-0.000578533259521,0.0022568577249035,-3.6748903783466575,-93.5709367264821,39.797
6.905999999999999,0.29051925391750016,0.527887962209345,3.4752529152832894,16.71812914156041,down,up,up,down,-0.000578533259521,0.0022568577249035,-3.6748903783466575,-93.5709367264821,39.812
6.922000000000004,0.28279181218519867,0.4823865750091579,3.479875513535711,16.721286360183413,down,up,up,down,-0.000578533259521,0.0022568577249035,-3.6748903783466575,-93.5709367264821,39.828
6.938000000000002,0.2757013366848238,0.4425761855139586,3.484379568450269,16.724370565581054,down,up,up,down,-0.000578533259521,0.0022568577249035,-3.6748903783466575,-93.5709367264821,39.844
6.953000000000003,0.2700317368607781,0.3773947883435107,3.488506419367735,16.72719727634764,down,up,up,down,-0.000578533259521,0.0022568577249035,-3.6748903783466575,-93.5709367264821,39.859
6.969000000000001,0.2641010575795591,0.3700889218167099,3.4928155914468557,16.730144946314653,down,up,up,down,-0.000578533259521,0.0022568577249035,-3.6748903783466575,-93.5709367264821,39.875
6.984000000000002,0.25827295058876487,0.3879619327934088,3.496767249373992,16.732846430683693,down,up,up,down,-0.000578533259521,0.0022568577249035,-3.6748903783466575,-93.5709367264821,39.89
7.0,0.25383420386966377,0.2768431366843321,3.500900216333257,16.7356633370116,down,up,up,down,-0.000578533259521,0.0022568577249035,-3.6748903783466575,-93.5709367264821,39.906
7.015999999999998,0.2495412351431555,0.2677320121472776,3.504963329568958,16.738414674697935,down,up,up,down,-0.000578533259521,0.0022568577249035,-3.6748903783466575,-93.5709367264821,39.922
7.030999999999999,0.2453529729709523,0.2786389448873443,3.5087088889956872,16.740935488733896,down,up,up,down,-0.000578533259521,0.0022568577249035,-3.6748903783466575,-93.5709367264821,39.937
7.047000000000004,0.2404729756779887,0.3044212975506035,3.512631606308479,16.743563010825014,down,up,up,down,-0.000578533259521,0.0022568577249035,-3.6748903783466575,-93.5709367264821,39.953
7.063000000000002,0.2369552810401743,0.2192773816039014,3.516487142085822,16.74612830689142,down,up,up,down,-0.000578533259521,0.0022568577249035,-3.6748903783466575,-93.5709367264821,39.969
7.078000000000003,0.2335076940710295,0.2292605980167917,3.5200494672650295,16.748477637996473,down,up,up,down,-0.000578533259521,0.0022568577249035,-3.6748903783466575,-93.5709367264821,39.984
7.094000000000001,0.2282729726037332,0.32659155844653437,3.523779822322026,16.750925249733342,down,up,up,down,-0.000578533259521,0.0022568577249035,-3.6748903783466575,-93.5709367264821,40.0
7.109000000000002,0.2236678137638215,0.3064320560679099,3.527203231085656,16.75316623250798,down,up,up,down,-0.000578533259521,0.0022568577249035,-3.6748903783466575,-93.5709367264821,40.015
7.125,0.2203325933900917,0.2078727400986142,3.5307913440664853,16.7555005219603,down,up,up,down,-0.000578533259521,0.0022568577249035,-3.6748903783466575,-93.5709367264821,40.031
7.140999999999998,0.2170899875904589,0.2020843292175556,3.534326834437928,16.757777822585822,down,up,up,down,-0.000578533259521,0.0022568577249035,-3.6748903783466575,-93.5709367264821,40.047
7.155999999999999,0.2142048301982129,0.19176529289020028,3.5375953984372166,16.759861761514458,down,up,up,down,-0.000578533259521,0.0022568577249035,-3.6748903783466575,-93.5709367264821,40.062
7.172000000000004,0.2104064763093306,0.236818584795549,3.5410283986128768,16.762031017191575,down,up,up,down,-0.000578533259521,0.0022568577249035,-3.6748903783466575,-93.5709367264821,40.078
7.188000000000002,0.2067033056004135,0.2308696360478178,3.5444013865917525,16.764145824963492,down,up,up,down,-0.000578533259521,0.0022568577249035,-3.6748903783466575,-93.5709367264821,40.094
7.203000000000003,0.2030259397989074,0.2445791868408781,3.547508208798121,16.76607985867325,down,up,up,down,-0.000578533259521,0.0022568577249035,-3.6748903783466575,-93.5709367264821,40.109
7.219000000000001,0.1990361155998937,0.2487854791788642,3.5507608149649097,16.768091952536693,down,up,up,down,-0.000578533259521,0.0022568577249035,-3.6748903783466575,-93.5709367264821,40.125
7.234000000000002,0.1951144536893957,0.2608655941070045,3.553750797100453,16.769931471121424,down,up,up,down,-0.000578533259521,0.0022568577249035,-3.6748903783466575,-93.5709367264821,40.14
7.25,0.1905644420053392,0.283797196994038,3.556872337989609,16.771844732094237,down,up,up,down,-0.000578533259521,0.0022568577249035,-3.6748903783466575,-93.5709367264821,40.156
7.265999999999998,0.1883046655843579,0.14065749305182548,3.5599394005739247,16.77370848423928,down,up,up,down,-0.000578533259521,0.0022568577249035,-3.6748903783466575,-93.5709367264821,40.172
7.280999999999999,0.1864627917667115,0.12221305458357061,3.5627840093699312,16.7754114143399,down,up,up,down,-0.000578533259521,0.0022568577249035,-3.6748903783466575,-93.5709367264821,40.187
7.297000000000004,0.1846513364897895,0.1126374215480629,3.565789032119583,16.777181076061538,down,up,up,down,-0.000578533259521,0.0022568577249035,-3.6748903783466575,-93.5709367264821,40.203
7.313000000000002,0.1813380693707334,0.2065006616815085,3.568753057090065,16.778902985401373,down,up,up,down,-0.000578533259521,0.0022568577249035,-3.6748903783466575,-93.5709367264821,40.219
7.328000000000003,0.1778167752898661,0.2341744054649581,3.5714805712908935,16.78047458886374,down,up,up,down,-0.000578533259521,0.0022568577249035,-3.6748903783466575,-93.5709367264821,40.234
7.344000000000001,0.1743779459931414,0.2143482977857949,3.574334238784756,16.782106316436654,down,up,up,down,-0.000578533259521,0.0022568577249035,-3.6748903783466575,-93.5709367264821,40.25
7.359000000000002,0.1730385449913197,0.0887148668619241,3.5769737153330126,16.78359486245597,down,up,up,down,-0.000578533259521,0.0022568577249035,-3.6748903783466575,-93.5709367264821,40.265
7.375,0.1697909084329883,0.2023987516362125,3.579752460684005,16.785139299101374,down,up,up,down,-0.000578533259521,0.0022568577249035,-3.6748903783466575,-93.5709367264821,40.281
7.390999999999998,0.16662900308025821,0.19704055128613118,3.5824799296997094,16.78663968603186,down,up,up,down,-0.000578533259521,0.0022568577249035,-3.6748903783466575,-93.5709367264821,40.297
7.405999999999999,0.1635887321477672,0.2021061955732073,3.584990415579793,16.788007014117454,down,up,up,down,-0.000578533259521,0.0022568577249035,-3.6748903783466575,-93.5709367264821,40.312
7.422000000000004,0.1598874024344266,0.23075457382418818,3.58761433438005,16.789424422171336,down,up,up,down,-0.000578533259521,0.0022568577249035,-3.6748903783466575,-93.5709367264821,40.328
7.438000000000002,0.15633995471991471,0.2211369488974956,3.590180262960883,16.790800311446162,down,up,up,down,-0.000578533259521,0.0022568577249035,-3.6748903783466575,-93.5709367264821,40.344
7.453000000000003,0.1529032762495107,0.22853336476740868,3.5925334400590274,16.792053314348692,down,up,up,down,-0.000578533259521,0.0022568577249035,-3.6748903783466575,-93.5709367264821,40.359
7.469000000000001,0.1492055911798094,0.2305267835968326,3.5949864207220603,16.79335140151602,down,up,up,down,-0.000578533259521,0.0022568577249035,-3.6748903783466575,-93.5709367264821,40.375
7.484000000000002,0.1466723319375181,0.16830541622655978,3.5972393580113136,16.794533063850693,down,up,up,down,-0.000578533259521,0.0022568577249035,-3.6748903783466575,-93.5709367264821,40.39
7.5,0.1442605827125512,0.1501557933009266,3.5996029310521127,16.795756571591753,down,up,up,down,-0.000578533259521,0.0022568577249035,-3.6748903783466575,-93.5709367264821,40.406
7.515999999999998,0.1402194958967389,0.2519893927287742,3.601914881404585,16.796942675145658,down,up,up,down,-0.000578533259521,0.0022568577249035,-3.6748903783466575,-93.5709367264821,40.422
7.530999999999999,0.1362769721739952,0.262256381590051,3.604022457780989,16.798021500776954,down,up,up,down,-0.000578533259521,0.0022568577249035,-3.6748903783466575,-93.5709367264821,40.437
7.547000000000004,0.1336623608871417,0.1628346721687665,3.6062180821690775,16.7991378225109,down,up,up,down,-0.000578533259521,0.0022568577249035,-3.6748903783466575,-93.5709367264821,40.453
7.563000000000002,0.131111520607286,0.1588489842314808,3.6083723829446313,16.80021934484354,down,up,up,down,-0.000578533259521,0.0022568577249035,-3.6748903783466575,-93.5709367264821,40.469
7.578000000000003,0.1268342320692924,0.2845740359400405,3.610340828955579,16.801202351429495,down,up,up,down,-0.000578533259521,0.0022568577249035,-3.6748903783466575,-93.5709367264821,40.484
7.594000000000001,0.1226612676419823,0.2602317434473875,3.6123729026768676,16.802218887629977,down,up,up,down,-0.000578533259521,0.0022568577249035,-3.6748903783466575,-93.5709367264821,40.5
7.609000000000002,0.1202139883554932,0.1625734191730818,3.6142283199627223,16.803142734135378,down,up,up,down,-0.000578533259521,0.0022568577249035,-3.6748903783466575,-93.5709367264821,40.515
7.625,0.1178263988076989,0.14864581347763778,3.616168752783626,16.804097803606936,down,up,up,down,-0.000578533259521,0.0022568577249035,-3.6748903783466575,-93.5709367264821,40.531
7.640999999999998,0.1145815307866123,0.20222571805841308,3.6180641259439787,16.80502218663068,down,up,up,down,-0.000578533259521,0.0022568577249035,-3.6748903783466575,-93.5709367264821,40.547
7.655999999999999,0.1121904794259497,0.1588248907846492,3.6197987688864464,16.805861570594658,down,up,up,down,-0.000578533259521,0.0022568577249035,-3.6748903783466575,-93.5709367264821,40.562
7.672000000000004,0.10985774639115681,0.14521728141498438,3.6216112644165825,16.806728536381783,down,up,up,down,-0.000578533259521,0.0022568577249035,-3.6748903783466575,-93.5709367264821,40.578
7.688000000000002,0.1066801448222599,0.1980215647965573,3.623379677269888,16.807566854901836,down,up,up,down,-0.000578533259521,0.0022568577249035,-3.6748903783466575,-93.5709367264821,40.594
7.703000000000003,0.1022595160607605,0.29413005084042787,3.6249805775923845,16.80832750866557,down,up,up,down,-0.000578533259521,0.0022568577249035,-3.6748903783466575,-93.5709367264821,40.609
7.719000000000001,0.0979003546648958,0.2718690539820512,3.626617966281788,16.80911296636812,down,up,up,down,-0.000578533259521,0.0022568577249035,-3.6748903783466575,-93.5709367264821,40.625
7.734000000000002,0.0957266744544736,0.1443334807686195,3.628104021866057,16.809825907132222,down,up,up,down,-0.000578533259521,0.0022568577249035,-3.6748903783466575,-93.5709367264821,40.64
7.75,0.0929184170273772,0.17493755593402638,3.62964929232151,16.810562126672252,down,up,up,down,-0.000578533259521,0.0022568577249035,-3.6748903783466575,-93.5709367264821,40.656
7.765999999999998,0.0893572471561584,0.2219945836916781,3.6311436073585766,16.811274029528377,down,up,up,down,-0.000578533259521,0.0022568577249035,-3.6748903783466575,-93.5709367264821,40.672
7.780999999999999,0.0858122875061067,0.2357521100772459,3.632491231734417,16.811920123910383,down,up,up,down,-0.000578533259521,0.0022568577249035,-3.6748903783466575,-93.5709367264821,40.687
7.797000000000004,0.0827002496837288,0.1939238306390328,3.6338754417555346,16.812587436575996,down,up,up,down,-0.000578533259521,0.0022568577249035,-3.6748903783466575,-93.5709367264821,40.703
7.813000000000002,0.079995058745487,0.16849590038061268,3.6352131139465667,16.81323297418392,down,up,up,down,-0.000578533259521,0.0022568577249035,-3.6748903783466575,-93.5709367264821,40.719
7.828000000000003,0.0774292675925814,0.1704742102675099,3.6369276492599756,16.813815274135052,down,up,up,down,-0.000578533259521,0.0022568577249035,-3.6748903783466575,-93.5709367264821,40.734
7.844000000000001,0.0753605375661391,0.12871709339314108,3.6386860774248437,16.81440861037514,down,up,up,down,-0.000578533259521,0.0022568577249035,-3.6748903783466575,-93.5709367264821,40.75
7.859000000000002,0.0720509617203274,0.2200598564612511,3.640325516535366,16.814939379095634,down,up,up,down,-0.000578533259521,0.0022568577249035,-3.6748903783466575,-93.5709367264821,40.765
7.875,0.0688614128344743,0.1987682721063196,3.6419889252554025,16.815479109614856,down,up,up,down,-0.000578533259521,0.0022568577249035,-3.6748903783466575,-93.5709367264821,40.781
7.890999999999998,0.0652852997344198,0.2229285354939071,3.643598208679552,16.81599265859694,down,up,up,down,-0.000578533259521,0.0022568577249035,-3.6748903783466575,-93.5709367264821,40.797
7.905999999999999,0.0645715073760478,0.047007623965276496,3.6451059875987544,16.816450732800035,down,up,up,down,-0.000578533259521,0.0022568577249035,-3.6748903783466575,-93.5709367264821,40.812
7.922000000000004,0.062472257068595397,0.13062461095620978,3.6466584474379102,16.8169148633733,down,up,up,down,-0.000578533259521,0.0022568577249035,-3.6748903783466575,-93.5709367264821,40.828
7.938000000000002,0.060263824644737396,0.13744849323162178,3.6481764458152153,16.8173544302808,down,up,up,down,-0.000578533259521,0.0022568577249035,-3.6748903783466575,-93.5709367264821,40.844
7.953000000000003,0.0589608196622731,0.0862884655714272,3.6496044835133916,16.817744428986018,down,up,up,down,-0.000578533259521,0.0022568577249035,-3.6748903783466575,-93.5709367264821,40.859
7.969000000000001,0.0584884206968006,0.0289464020825112,3.651080187159862,16.818137197674176,down,up,up,down,-0.000578533259521,0.0022568577249035,-3.6748903783466575,-93.5709367264821,40.875
7.984000000000002,0.0579602008658444,0.0346361221375569,3.652487404687456,16.818483796410533,down,up,up,down,-0.000578533259521,0.0022568577249035,-3.6748903783466575,-93.5709367264821,40.89
8.0,0.0576618484752185,0.0180684911546011,3.6539484908057824,16.81883055530014,down,up,up,down,-0.000578533259521,0.0022568577249035,-3.6748903783466575,-93.5709367264821,40.906
8.015999999999998,0.0560276733198233,0.10155741395269101,3.655394116703741,16.819154060493602,down,up,up,down,-0.000578533259521,0.0022568577249035,-3.6748903783466575,-93.5709367264821,40.922
8.030999999999999,0.0544819142656756,0.10247207035031951,3.6567567914765062,16.81943628435745,down,up,up,down,-0.000578533259521,0.0022568577249035,-3.6748903783466575,-93.5709367264821,40.937
8.047000000000004,0.0546923091473133,0.013728213361869999,3.6581662949874088,16.8197151457193,down,up,up,down,-0.000578533259521,0.0022568577249035,-3.6748903783466575,-93.5709367264821,40.953
8.063000000000002,0.0544065760074553,0.017279787981607397,3.6595751957922453,16.8199714598466,down,up,up,down,-0.000578533259521,0.0022568577249035,-3.6748903783466575,-93.5709367264821,40.969
8.078000000000003,0.0537149846619922,0.0455275564380131,3.66091996036314,16.82019110185064,down,up,up,down,-0.000578533259521,0.0022568577249035,-3.6748903783466575,-93.5709367264821,40.984
8.094000000000001,0.0530109025349628,0.043426599679823596,3.6623098771843137,16.8204035092038,down,up,up,down,-0.000578533259521,0.0022568577249035,-3.6748903783466575,-93.5709367264821,41.0
8.109000000000002,0.0533088148994878,0.020439357561189,3.6636411279309455,16.82058223234064,down,up,up,down,-0.000578533259521,0.0022568577249035,-3.6748903783466575,-93.5709367264821,41.015
8.125,0.0518428312552342,0.0910454445063424,3.6650184508237817,16.820751201764153,down,up,up,down,-0.000578533259521,0.0022568577249035,-3.6748903783466575,-93.5709367264821,41.031
8.140999999999998,0.0502898683581546,0.0964816478079661,3.6663716221442875,16.820898327233962,down,up,up,down,-0.000578533259521,0.0022568577249035,-3.6748903783466575,-93.5709367264821,41.047
8.155999999999999,0.0487747826049052,0.1004271836237634,3.667648459892384,16.821016532293882,down,up,up,down,-0.000578533259521,0.0022568577249035,-3.6748903783466575,-93.5709367264821,41.062
8.172000000000004,0.0460765872130917,0.16805867872876548,3.6689433805745266,16.821122043623703,down,up,up,down,-0.000578533259521,0.0022568577249035,-3.6748903783466575,-93.5709367264821,41.078
8.188000000000002,0.045386088670016,0.042577625682720596,3.67021119170519,16.821207053099002,down,up,up,down,-0.000578533259521,0.0022568577249035,-3.6748903783466575,-93.5709367264821,41.094
8.203000000000003,0.0428584568879291,0.1679302522129269,3.671406878662748,16.82126827324646,down,up,up,down,-0.000578533259521,0.0022568577249035,-3.6748903783466575,-93.5709367264821,41.109
8.219000000000001,0.040392474661503704,0.1535453558920876,3.672608995838742,16.821314392303975,down,up,up,down,-0.000578533259521,0.0022568577249035,-3.6748903783466575,-93.5709367264821,41.125
8.234000000000002,0.0386239214499505,0.1173250141773562,3.6737354716754513,16.821340164472815,down,up,up,down,-0.000578533259521,0.0022568577249035,-3.6748903783466575,-93.5709367264821,41.14
8.25,0.037019609187275704,0.099690983157663,3.6748767296441476,16.821349512915802,down,up,up,down,-0.000578533259521,0.0022568577249035,-3.6748903783466575,-93.5709367264821,41.156
8.265999999999998,0.0354544264919828,0.09724538519629801,3.67499263165318,16.82134880407898,down,up,up,down,-0.000578533259521,0.0022568577249035,-3.6748903783466575,-93.5709367264821,41.172
8.280999999999999,0.0360370480105541,0.0394199678309433,3.6750626705778227,16.821346744987437,down,up,up,down,-0.000578533259521,0.0022568577249035,-3.6748903783466575,-93.5709367264821,41.187
8.297000000000004,0.030981921879131902,0.3153668499542627,3.6751349320605384,16.82134341021988,down,up,up,down,-0.000578533259521,0.0022568577249035,-3.6748903783466575,-93.5709367264821,41.203
8.313000000000002,0.0260500915070132,0.3076608649979279,3.675127297891226,16.82133955843382,down,up,up,down,-0.000578533259521,0.0022568577249035,-3.6748903783466575,-93.5709367264821,41.219
8.328000000000003,0.0275332645557889,0.0994567365112275,3.675063025927571,16.82133648668038,down,up,up,down,-0.000578533259521,0.0022568577249035,-3.6748903783466575,-93.5709367264821,41.234
8.344000000000001,0.0264047590818226,0.06995305886337781,3.67503063984027,16.821333983407783,down,up,up,down,-0.000578533259521,0.0022568577249035,-3.6748903783466575,-93.5709367264821,41.25
8.359000000000002,0.0253154390614459,0.0720428014322602,3.674952394192218,16.821332466327732,down,up,up,down,-0.000578533259521,0.0022568577249035,-3.6748903783466575,-93.5709367264821,41.265
8.375,0.0256640375264326,0.0223659373211917,3.6748963397285195,16.82133192250994,down,up,up,down,-0.000578533259521,0.0022568577249035,-3.6748903783466575,-93.5709367264821,41.281
8.390999999999998,0.0260041335898329,0.0218345372220453,3.6748903783466575,16.821331874818853,down,up,up,down,-0.000578533259521,0.0022568577249035,-3.6748903783466575,-93.5709367264821,41.297
8.405999999999999,0.0276482298939396,0.11018495353329469,3.67528204041305,16.82132893735337,down,up,up,down,-0.000578533259521,0.0022568577249035,-3.6748903783466575,-93.5709367264821,41.312
8.422000000000004,0.029203168366557,0.0977621877980792,3.6752729613227326,16.82132274339301,down,up,up,down,-0.000578533259521,0.0022568577249035,-3.6748903783466575,-93.5709367264821,41.328
8.438000000000002,0.0267041597807669,0.1556095033523779,3.6752563296715097,16.821316755118616,down,up,up,down,-0.000578533259521,0.0022568577249035,-3.6748903783466575,-93.5709367264821,41.344
8.453000000000003,0.0248263563107223,0.1246083647434492,3.675176661408069,16.82131186336072,down,up,up,down,-0.000578533259521,0.0022568577249035,-3.6748903783466575,-93.5709367264821,41.359
8.469000000000001,0.0230413187663761,0.11098631326213021,3.6750957125322845,16.821307930422734,down,up,up,down,-0.000578533259521,0.0022568577249035,-3.6748903783466575,-93.5709367264821,41.375
8.484000000000002,0.023936321877180002,0.0602454073131138,3.6749818977029847,16.82130570402117,down,up,up,down,-0.000578533259521,0.0022568577249035,-3.6748903783466575,-93.5709367264821,41.39
8.5,0.0219743482649797,0.12204481750301101,3.6748903783466575,16.82130497186634,down,up,up,down,-0.000578533259521,0.0022568577249035,-3.6748903783466575,-93.5709367264821,41.406
8.515999999999998,0.020937906235451102,0.06419909358602191,3.6752647005473222,16.82130197728874,down,up,up,down,-0.000578533259521,0.0022568577249035,-3.6748903783466575,-93.5709367264821,41.422
8.530999999999999,0.019960305245621902,0.06459486606242591,3.675105289999304,16.821297558034857,down,up,up,down,-0.000578533259521,0.0022568577249035,-3.6748903783466575,-93.5709367264821,41.437
8.547000000000004,0.0196519958927653,0.0186908012940125,3.6749582981320095,16.821295295383337,down,up,up,down,-0.000578533259521,0.0022568577249035,-3.6748903783466575,-93.5709367264821,41.453
8.563000000000002,0.0212964040490835,0.1033540430294246,3.6748903783466575,16.821294752025054,down,up,up,down,-0.000578533259521,0.0022568577249035,-3.6748903783466575,-93.5709367264821,41.469
8.578000000000003,0.0228105888309429,0.1015241853834761,3.6751866503676167,16.821292529984902,down,up,up,down,-0.000578533259521,0.0022568577249035,-3.6748903783466575,-93.5709367264821,41.484
8.594000000000001,0.0211652383783925,0.10225587002489221,3.6750745667088895,16.82128868630184,down,up,up,down,-0.000578533259521,0.0022568577249035,-3.6748903783466575,-93.5709367264821,41.5
8.609000000000002,0.0217843003007588,0.041849328083937404,3.6749305411148567,16.82128700366836,down,up,up,down,-0.000578533259521,0.0022568577249035,-3.6748903783466575,-93.5709367264821,41.515
8.625,0.0225823285966147,0.050455301750523804,3.6748903783466575,16.82128668236622,down,up,up,down,-0.000578533259521,0.0022568577249035,-3.6748903783466575,-93.5709367264821,41.531
8.640999999999998,0.020742731796691102,0.1143962667357183,3.675204294076379,16.821284171040375,down,up,up,down,-0.000578533259521,0.0022568577249035,-3.6748903783466575,-93.5709367264821,41.547
8.655999999999999,0.0214933494402736,0.0506197094983544,3.6750549175515297,16.821280582628376,down,up,up,down,-0.000578533259521,0.0022568577249035,-3.6748903783466575,-93.5709367264821,41.562
8.672000000000004,0.0198848951460775,0.09994986012770121,3.6749220532318194,16.821279012915653,down,up,up,down,-0.000578533259521,0.0022568577249035,-3.6748903783466575,-93.5709367264821,41.578
8.688000000000002,0.0185456012050605,0.0831273380540545,3.6748903783466575,16.821278759516574,down,up,up,down,-0.000578533259521,0.0022568577249035,-3.6748903783466575,-93.5709367264821,41.594
8.703000000000003,0.0155882665588916,0.19657710981839638,3.67505546380033,16.821277521375677,down,up,up,down,-0.000578533259521,0.0022568577249035,-3.6748903783466575,-93.5709367264821,41.609
8.719000000000001,0.0149785862232133,0.0375264877203781,3.6748903783466575,16.821276200692054,down,up,up,down,-0.000578533259521,0.0022568577249035,-3.6748903783466575,-93.5709367264821,41.625
8.734000000000002,0.0142208011833702,0.0499404693966789,3.675088956617608,16.821274711355017,down,up,up,down,-0.000578533259521,0.0022568577249035,-3.6748903783466575,-93.5709367264821,41.64
8.75,0.012591659072782601,0.10124284865221661,3.6748903783466575,16.821273122728854,down,up,up,down,-0.000578533259521,0.0022568577249035,-3.6748903783466575,-93.5709367264821,41.656
8.765999999999998,0.011626868955144,0.059720849092899,3.6750694239710775,16.821271690363858,down,up,up,down,-0.000578533259521,0.0022568577249035,-3.6748903783466575,-93.5709367264821,41.672
8.780999999999999,0.0106856103037885,0.062172043497511605,3.6748903783466575,16.821270347521676,down,up,up,down,-0.000578533259521,0.0022568577249035,-3.6748903783466575,-93.5709367264821,41.687
8.797000000000004,0.0,0.055270472246164,3.6749705512471476,16.82126970613845,down,up,up,down,-0.000578533259521,0.0022568577249035,-3.6748903783466575,-93.5709367264821,41.703
8.813000000000002,0.0108878713334431,0.06906885311864429,3.6748903783466575,16.821269064755256,down,up,up,down,-0.000578533259521,0.0022568577249035,-3.6748903783466575,-93.5709367264821,41.719
8.828000000000003,0.011956988521488299,0.0718530124625352,3.6748903783466575,16.821269064755256,down,up,up,down,-0.000578533259521,0.0022568577249035,-3.6748903783466575,-93.5709367264821,41.734
8.844000000000001,0.010944170730471901,0.06272257867901551,3.675096608463539,16.821267414914317,down,up,up,down,-0.000578533259521,0.0022568577249035,-3.6748903783466575,-93.5709367264821,41.75
8.859000000000002,0.0112237641012865,0.0192180913138285,3.6748903783466575,16.821265868188434,down,up,up,down,-0.000578533259521,0.0022568577249035,-3.6748903783466575,-93.5709367264821,41.765
8.875,0.010855274210570101,0.0224520849102541,3.6750094628707437,16.82126491551226,down,up,up,down,-0.000578533259521,0.0022568577249035,-3.6748903783466575,-93.5709367264821,41.781
8.890999999999998,0.0104957718781638,0.0218903625158774,3.6748903783466575,16.821263962836056,down,up,up,down,-0.000578533259521,0.0022568577249035,-3.6748903783466575,-93.5709367264821,41.797
8.905999999999999,0.0101869356393216,0.020010549329954698,3.674905354135307,16.82126385051764,down,up,up,down,-0.000578533259521,0.0022568577249035,-3.6748903783466575,-93.5709367264821,41.812
8.922000000000004,0.0,0.0137987536146196,3.6748903783466575,16.821263730711337,down,up,up,down,-0.000578533259521,0.0022568577249035,-3.6748903783466575,-93.5709367264821,41.828
8.938000000000002,0.010839770226272801,0.0557579818181225,3.6748903783466575,16.821263730711337,down,up,up,down,-0.000578533259521,0.0022568577249035,-3.6748903783466575,-93.5709367264821,41.844
8.953000000000003,0.0116392592360928,0.0538778005808499,3.675007543201059,16.82126285197492,down,up,up,down,-0.000578533259521,0.0022568577249035,-3.6748903783466575,-93.5709367264821,41.859
8.969000000000001,0.0123931717572177,0.0476980658298317,3.6748903783466575,16.82126191465609,down,up,up,down,-0.000578533259521,0.0022568577249035,-3.6748903783466575,-93.5709367264821,41.875
8.984000000000002,0.0119539018827126,0.028706125040814098,3.674952368290777,16.821261449731495,down,up,up,down,-0.000578533259521,0.0022568577249035,-3.6748903783466575,-93.5709367264821,41.89
9.0,0.011525345907585898,0.0262062151859006,3.6748903783466575,16.821260953811958,down,up,up,down,-0.000578533259521,0.0022568577249035,-3.6748903783466575,-93.5709367264821,41.906
9.015999999999998,0.0127350881700839,0.07618742466564969,3.6749065051929177,16.821260824797193,down,up,up,down,-0.000578533259521,0.0022568577249035,-3.6748903783466575,-93.5709367264821,41.922
9.030999999999999,0.013915324523740301,0.07926095683661019,3.6748903783466575,16.82126070384585,down,up,up,down,-0.000578533259521,0.0022568577249035,-3.6748903783466575,-93.5709367264821,41.937
9.047000000000004,0.012494959883714098,0.08819425674208371,3.6748903783466575,16.82126070384585,down,up,up,down,-0.000578533259521,0.0022568577249035,-3.6748903783466575,-93.5709367264821,41.953
9.063000000000002,0.011120275086515401,0.0853392665654078,3.6751126597562136,16.821258925594577,down,up,up,down,-0.000578533259521,0.0022568577249035,-3.6748903783466575,-93.5709367264821,41.969
9.078000000000003,0.0111782175355036,0.0,3.6748903783466575,16.82125725848401,down,up,up,down,-0.000578533259521,0.0022568577249035,-3.6748903783466575,-93.5709367264821,41.984
9.094000000000001,0.0101917113836177,0.0610781012333539,3.675020820471704,16.821256214947013,down,up,up,down,-0.000578533259521,0.0022568577249035,-3.6748903783466575,-93.5709367264821,42.0
9.109000000000002,0.0,0.063334834319363,3.6748903783466575,16.821255236631075,down,up,up,down,-0.000578533259521,0.0022568577249035,-3.6748903783466575,-93.5709367264821,42.015
9.125,0.0,0.0211452174272454,3.6748903783466575,16.821255236631075,down,up,up,down,-0.000578533259521,0.0022568577249035,-3.6748903783466575,-93.5709367264821,42.031
9.140999999999998,0.0,0.061119681938233104,3.6750674418962808,16.821253820122678,down,up,up,down,-0.000578533259521,0.0022568577249035,-3.6748903783466575,-93.5709367264821,42.047
9.155999999999999,0.0,0.0,3.6748903783466575,16.82125249214606,down,up,up,down,-0.000578533259521,0.0022568577249035,-3.6748903783466575,-93.5709367264821,42.062
9.172000000000004,0.0,0.0,3.674941902045941,16.82125207995645,down,up,up,down,-0.000578533259521,0.0022568577249035,-3.6748903783466575,-93.5709367264821,42.078
9.188000000000002,0.0,0.09450847996684761,3.6748903783466575,16.821251667766873,down,up,up,down,-0.000578533259521,0.0022568577249035,-3.6748903783466575,-93.5709367264821,42.094
9.203000000000003,0.0,0.0,3.6748903783466575,16.821251667766873,down,up,up,down,-0.000578533259521,0.0022568577249035,-3.6748903783466575,-93.5709367264821,42.109
9.219000000000001,0.0,0.0,3.6749448689990896,16.821251231841657,down,up,up,down,-0.000578533259521,0.0022568577249035,-3.6748903783466575,-93.5709367264821,42.125
