timestamps,aAcc,aJerk,aVelocity,aHeight,jerks_direction,accelerations_direction,velocities_direction,heights_direction,start_jerks,start_accelerations,start_velocities,start_heights,actual_timestamps
0.0,0.0,0.0,0.0,0.0,up,down,down,down,-0.0189950417509576,-0.0032185796075552,0.0,-1.4074330077889932e-05,2.875
0.015000000000000124,0.0,0.058808545740406996,0.0,0.0,up,down,down,down,-0.0189950417509576,-0.0032185796075552,0.0,-1.4074330077889932e-05,2.89
0.03100000000000014,0.0,0.0661951901018696,0.0,0.0,up,down,down,down,-0.0189950417509576,-0.0032185796075552,0.0,-1.4074330077889932e-05,2.906
0.04700000000000015,0.0,0.0636656440143877,0.0,0.0,up,down,down,down,-0.0189950417509576,-0.0032185796075552,0.0,-1.4074330077889932e-05,2.922
0.06199999999999983,0.0,0.0,0.0,0.0,up,down,down,down,-0.0189950417509576,-0.0032185796075552,0.0,-1.4074330077889932e-05,2.937
0.07799999999999985,0.0,0.046579859095174904,0.0,0.0,up,down,down,down,-0.0189950417509576,-0.0032185796075552,0.0,-1.4074330077889932e-05,2.953
0.09399999999999986,0.0,0.0422017786118056,0.0,0.0,up,down,down,down,-0.0189950417509576,-0.0032185796075552,0.0,-1.4074330077889932e-05,2.969
0.10899999999999999,0.0,0.0201289797557845,0.0,0.0,up,down,down,down,-0.0189950417509576,-0.0032185796075552,0.0,-1.4074330077889932e-05,2.984
0.125,0.0,0.0134539947995726,0.0,0.0,up,down,down,down,-0.0189950417509576,-0.0032185796075552,0.0,-1.4074330077889932e-05,3.0
0.14000000000000012,0.0,0.0147183667795832,0.0,0.0,up,down,down,down,-0.0189950417509576,-0.0032185796075552,0.0,-1.4074330077889932e-05,3.015
0.15600000000000014,0.0,0.0338839462934447,0.0,0.0,up,down,down,down,-0.0189950417509576,-0.0032185796075552,0.0,-1.4074330077889932e-05,3.031
0.17200000000000015,0.0,0.0335208022801402,0.0,0.0,up,down,down,down,-0.0189950417509576,-0.0032185796075552,0.0,-1.4074330077889932e-05,3.047
0.18699999999999983,0.0,0.010935156288731603,0.0,0.0,up,down,down,down,-0.0189950417509576,-0.0032185796075552,0.0,-1.4074330077889932e-05,3.062
0.20299999999999985,0.0,0.0,0.0,0.0,up,down,down,down,-0.0189950417509576,-0.0032185796075552,0.0,-1.4074330077889932e-05,3.078
0.21899999999999986,0.0,0.0,0.0,0.0,up,down,down,down,-0.0189950417509576,-0.0032185796075552,0.0,-1.4074330077889932e-05,3.094
0.23399999999999999,0.0,0.1369762869912295,0.0,0.0,up,down,down,down,-0.0189950417509576,-0.0032185796075552,0.0,-1.4074330077889932e-05,3.109
0.25,0.0,0.1269047172756108,0.0,0.0,up,down,down,down,-0.0189950417509576,-0.0032185796075552,0.0,-1.4074330077889932e-05,3.125
0.2650000000000001,0.0,0.13115602067634,0.0,0.0,up,down,down,down,-0.0189950417509576,-0.0032185796075552,0.0,-1.4074330077889932e-05,3.14
0.28100000000000014,0.0,0.0162473946576647,0.0,0.0,up,down,down,down,-0.0189950417509576,-0.0032185796075552,0.0,-1.4074330077889932e-05,3.156
0.29700000000000015,0.0,0.015244169004779998,0.0,0.0,up,down,down,down,-0.0189950417509576,-0.0032185796075552,0.0,-1.4074330077889932e-05,3.172
0.31199999999999983,0.0,0.0733927615453296,0.0,0.0,up,down,down,down,-0.0189950417509576,-0.0032185796075552,0.0,-1.4074330077889932e-05,3.187
0.32799999999999985,0.0,0.038207236948362,0.0,0.0,up,down,down,down,-0.0189950417509576,-0.0032185796075552,0.0,-1.4074330077889932e-05,3.203
0.34399999999999986,0.0,0.037738646821549995,0.0,0.0,up,down,down,down,-0.0189950417509576,-0.0032185796075552,0.0,-1.4074330077889932e-05,3.219
0.359,0.0,0.06815060472456619,0.0,0.0,up,down,down,down,-0.0189950417509576,-0.0032185796075552,0.0,-1.4074330077889932e-05,3.234
0.375,0.0,0.061038302296534404,0.0,0.0,up,down,down,down,-0.0189950417509576,-0.0032185796075552,0.0,-1.4074330077889932e-05,3.25
0.3900000000000001,0.0,0.016358686143639403,0.0,0.0,up,down,down,down,-0.0189950417509576,-0.0032185796075552,0.0,-1.4074330077889932e-05,3.265
0.40600000000000014,0.0,0.020175638484221,0.0,0.0,up,down,down,down,-0.0189950417509576,-0.0032185796075552,0.0,-1.4074330077889932e-05,3.281
0.42200000000000015,0.0,0.0205013694741794,0.0,0.0,up,down,down,down,-0.0189950417509576,-0.0032185796075552,0.0,-1.4074330077889932e-05,3.297
0.43699999999999983,0.0,0.053910727132938395,0.0,0.0,up,down,down,down,-0.0189950417509576,-0.0032185796075552,0.0,-1.4074330077889932e-05,3.312
0.45299999999999985,0.0,0.010548394151821398,0.0,0.0,up,down,down,down,-0.0189950417509576,-0.0032185796075552,0.0,-1.4074330077889932e-05,3.328
0.46899999999999986,0.0,0.011873214318946999,0.0,0.0,up,down,down,down,-0.0189950417509576,-0.0032185796075552,0.0,-1.4074330077889932e-05,3.344
0.484,0.0,0.0335319429217715,0.0,0.0,up,down,down,down,-0.0189950417509576,-0.0032185796075552,0.0,-1.4074330077889932e-05,3.359
0.5,0.0,0.0287193347718871,0.0,0.0,up,down,down,down,-0.0189950417509576,-0.0032185796075552,0.0,-1.4074330077889932e-05,3.375
0.5150000000000001,0.0,0.054785622052943496,0.0,0.0,up,down,down,down,-0.0189950417509576,-0.0032185796075552,0.0,-1.4074330077889932e-05,3.39
0.5310000000000001,0.0,0.047722024524854405,0.0,0.0,up,down,down,down,-0.0189950417509576,-0.0032185796075552,0.0,-1.4074330077889932e-05,3.406
0.5470000000000002,0.0,0.042522852916393294,0.0,0.0,up,down,down,down,-0.0189950417509576,-0.0032185796075552,0.0,-1.4074330077889932e-05,3.422
0.5619999999999998,0.0,0.020155897526775504,0.0,0.0,up,down,down,down,-0.0189950417509576,-0.0032185796075552,0.0,-1.4074330077889932e-05,3.437
0.5779999999999998,0.0,0.015156824654694,0.0,0.0,up,down,down,down,-0.0189950417509576,-0.0032185796075552,0.0,-1.4074330077889932e-05,3.453
0.5939999999999999,0.0,0.0,0.0,0.0,up,down,down,down,-0.0189950417509576,-0.0032185796075552,0.0,-1.4074330077889932e-05,3.469
0.609,0.0,0.0378122997156223,0.0,0.0,up,down,down,down,-0.0189950417509576,-0.0032185796075552,0.0,-1.4074330077889932e-05,3.484
0.625,0.0,0.0155093830357389,0.0,0.0,up,down,down,down,-0.0189950417509576,-0.0032185796075552,0.0,-1.4074330077889932e-05,3.5
0.6400000000000001,0.0,0.018437308902237604,0.0,0.0,up,down,down,down,-0.0189950417509576,-0.0032185796075552,0.0,-1.4074330077889932e-05,3.515
0.6560000000000001,0.0,0.0486224915382526,0.0,0.0,up,down,down,down,-0.0189950417509576,-0.0032185796075552,0.0,-1.4074330077889932e-05,3.531
0.6720000000000002,0.0,0.0574113768117,0.0,0.0,up,down,down,down,-0.0189950417509576,-0.0032185796075552,0.0,-1.4074330077889932e-05,3.547
0.6869999999999998,0.0,0.063264088119542,0.0,0.0,up,down,down,down,-0.0189950417509576,-0.0032185796075552,0.0,-1.4074330077889932e-05,3.562
0.7029999999999998,0.0,0.0817194848743428,0.0,0.0,up,down,down,down,-0.0189950417509576,-0.0032185796075552,0.0,-1.4074330077889932e-05,3.578
0.7189999999999999,0.0,0.0608331667297789,0.0,0.0,up,down,down,down,-0.0189950417509576,-0.0032185796075552,0.0,-1.4074330077889932e-05,3.594
0.734,0.0,0.06533696295061239,0.0,0.0,up,down,down,down,-0.0189950417509576,-0.0032185796075552,0.0,-1.4074330077889932e-05,3.609
0.75,0.0,0.0563129602937361,0.0,0.0,up,down,down,down,-0.0189950417509576,-0.0032185796075552,0.0,-1.4074330077889932e-05,3.625
0.7650000000000001,0.0,0.11088968620108319,0.0,0.0,up,down,down,down,-0.0189950417509576,-0.0032185796075552,0.0,-1.4074330077889932e-05,3.64
0.7810000000000001,0.0,0.0697445172607169,0.0,0.0,up,down,down,down,-0.0189950417509576,-0.0032185796075552,0.0,-1.4074330077889932e-05,3.656
0.7970000000000002,0.0,0.0697892315260073,0.0,0.0,up,down,down,down,-0.0189950417509576,-0.0032185796075552,0.0,-1.4074330077889932e-05,3.672
0.8119999999999998,0.0,0.0412449543803302,0.0,0.0,up,down,down,down,-0.0189950417509576,-0.0032185796075552,0.0,-1.4074330077889932e-05,3.687
0.8279999999999998,0.0,0.0622812736393861,0.0,0.0,up,down,down,down,-0.0189950417509576,-0.0032185796075552,0.0,-1.4074330077889932e-05,3.703
0.8439999999999999,0.0,0.0612255118860315,0.0,0.0,up,down,down,down,-0.0189950417509576,-0.0032185796075552,0.0,-1.4074330077889932e-05,3.719
0.859,0.0,0.059672623916291696,0.0,0.0,up,down,down,down,-0.0189950417509576,-0.0032185796075552,0.0,-1.4074330077889932e-05,3.734
0.875,0.0,0.052476819564328696,0.0,0.0,up,down,down,down,-0.0189950417509576,-0.0032185796075552,0.0,-1.4074330077889932e-05,3.75
0.8900000000000001,0.0,0.0723231648955005,0.0,0.0,up,down,down,down,-0.0189950417509576,-0.0032185796075552,0.0,-1.4074330077889932e-05,3.765
0.9060000000000001,0.0,0.0,0.0,0.0,up,down,down,down,-0.0189950417509576,-0.0032185796075552,0.0,-1.4074330077889932e-05,3.781
0.9220000000000002,0.0,0.0,0.0,0.0,up,down,down,down,-0.0189950417509576,-0.0032185796075552,0.0,-1.4074330077889932e-05,3.797
0.9369999999999998,0.0,0.10202221032157821,0.0,0.0,up,down,down,down,-0.0189950417509576,-0.0032185796075552,0.0,-1.4074330077889932e-05,3.812
0.9529999999999998,0.0,0.0949345251997078,0.0,0.0,up,down,down,down,-0.0189950417509576,-0.0032185796075552,0.0,-1.4074330077889932e-05,3.828
0.9689999999999999,0.0,0.0565819950546496,0.0,0.0,up,down,down,down,-0.0189950417509576,-0.0032185796075552,0.0,-1.4074330077889932e-05,3.844
0.984,0.0,0.08470078015665389,0.0,0.0,up,down,down,down,-0.0189950417509576,-0.0032185796075552,0.0,-1.4074330077889932e-05,3.859
1.0,0.0,0.0790917537073497,0.0,0.0,up,down,down,down,-0.0189950417509576,-0.0032185796075552,0.0,-1.4074330077889932e-05,3.875
1.0150000000000001,0.0,0.058612283071697406,0.0,0.0,up,down,down,down,-0.0189950417509576,-0.0032185796075552,0.0,-1.4074330077889932e-05,3.89
1.0310000000000001,0.0,0.051987267537967306,0.0,0.0,up,down,down,down,-0.0189950417509576,-0.0032185796075552,0.0,-1.4074330077889932e-05,3.906
1.0470000000000002,0.0,0.013858778443731602,0.0,0.0,up,down,down,down,-0.0189950417509576,-0.0032185796075552,0.0,-1.4074330077889932e-05,3.922
1.0619999999999998,0.0,0.0858625039732972,0.0,0.0,up,down,down,down,-0.0189950417509576,-0.0032185796075552,0.0,-1.4074330077889932e-05,3.937
1.0779999999999998,0.0,0.0801543059787411,0.0,0.0,up,down,down,down,-0.0189950417509576,-0.0032185796075552,0.0,-1.4074330077889932e-05,3.953
1.0939999999999999,0.0,0.0111834473527361,0.0,0.0,up,down,down,down,-0.0189950417509576,-0.0032185796075552,0.0,-1.4074330077889932e-05,3.969
1.109,0.0,0.0772294247741051,0.0,0.0,up,down,down,down,-0.0189950417509576,-0.0032185796075552,0.0,-1.4074330077889932e-05,3.984
1.125,0.0,0.0735425978043434,0.0,0.0,up,down,down,down,-0.0189950417509576,-0.0032185796075552,0.0,-1.4074330077889932e-05,4.0
1.1399999999999997,0.0,0.0142004044927145,0.0,0.0,up,down,down,down,-0.0189950417509576,-0.0032185796075552,0.0,-1.4074330077889932e-05,4.015
1.1559999999999997,0.0,0.0,0.0,0.0,up,down,down,down,-0.0189950417509576,-0.0032185796075552,0.0,-1.4074330077889932e-05,4.031
1.1719999999999997,0.0,0.0,0.0,0.0,up,down,down,down,-0.0189950417509576,-0.0032185796075552,0.0,-1.4074330077889932e-05,4.047
1.1870000000000003,0.0,0.0278430693628596,0.0,0.0,up,down,down,down,-0.0189950417509576,-0.0032185796075552,0.0,-1.4074330077889932e-05,4.062
1.2030000000000003,0.0,0.0,0.0,0.0,up,down,down,down,-0.0189950417509576,-0.0032185796075552,0.0,-1.4074330077889932e-05,4.078
1.2190000000000003,0.0,0.0,0.0,0.0,up,down,down,down,-0.0189950417509576,-0.0032185796075552,0.0,-1.4074330077889932e-05,4.094
1.234,0.0,0.040367759566108004,0.0,0.0,up,down,down,down,-0.0189950417509576,-0.0032185796075552,0.0,-1.4074330077889932e-05,4.109
1.25,0.0,0.0,0.0,0.0,up,down,down,down,-0.0189950417509576,-0.0032185796075552,0.0,-1.4074330077889932e-05,4.125
1.2649999999999997,0.0,0.10341675792950389,0.0,0.0,up,down,down,down,-0.0189950417509576,-0.0032185796075552,0.0,-1.4074330077889932e-05,4.14
1.2809999999999997,0.0,0.09181593882390249,0.0,0.0,up,down,down,down,-0.0189950417509576,-0.0032185796075552,0.0,-1.4074330077889932e-05,4.156
1.2969999999999997,0.0,0.1047244024150461,0.0,0.0,up,down,down,down,-0.0189950417509576,-0.0032185796075552,0.0,-1.4074330077889932e-05,4.172
1.3120000000000003,0.0,0.0689250779944347,0.0,0.0,up,down,down,down,-0.0189950417509576,-0.0032185796075552,0.0,-1.4074330077889932e-05,4.187
1.3280000000000003,0.0,0.060807642384030906,0.0,0.0,up,down,down,down,-0.0189950417509576,-0.0032185796075552,0.0,-1.4074330077889932e-05,4.203
1.3440000000000003,0.0,0.07087277339845591,0.0,0.0,up,down,down,down,-0.0189950417509576,-0.0032185796075552,0.0,-1.4074330077889932e-05,4.219
1.359,0.0,0.1981485373287693,0.0,0.0,up,down,down,down,-0.0189950417509576,-0.0032185796075552,0.0,-1.4074330077889932e-05,4.234
1.375,-0.0125642660689138,0.18049621821125672,0.0,0.0,up,down,down,down,-0.0189950417509576,-0.0032185796075552,0.0,-1.4074330077889932e-05,4.25
1.3899999999999997,-0.0162753809830089,0.22841261918872421,0.0,0.0,up,down,down,down,-0.0189950417509576,-0.0032185796075552,0.0,-1.4074330077889932e-05,4.265
1.4059999999999997,-0.0193146024043908,0.1709562970854116,0.0,0.0,up,down,down,down,-0.0189950417509576,-0.0032185796075552,0.0,-1.4074330077889932e-05,4.281
1.4219999999999997,-0.022810284113822,0.1994850650884892,0.0,0.0,up,down,down,down,-0.0189950417509576,-0.0032185796075552,0.0,-1.4074330077889932e-05,4.297
1.4370000000000003,-0.0261952530219602,0.2066695521249151,0.0,0.0,up,down,down,down,-0.0189950417509576,-0.0032185796075552,0.0,-1.4074330077889932e-05,4.312
1.4530000000000003,-0.0314938145121903,0.31216505138842415,0.0,0.0,up,down,down,down,-0.0189950417509576,-0.0032185796075552,0.0,-1.4074330077889932e-05,4.328
1.4690000000000003,-0.0366117265580126,0.30087446111293187,0.0,0.0,up,down,down,down,-0.0189950417509576,-0.0032185796075552,0.0,-1.4074330077889932e-05,4.344
1.484,-0.0416286223533344,0.3154646779371715,0.0,0.0,up,down,down,down,-0.0189950417509576,-0.0032185796075552,0.0,-1.4074330077889932e-05,4.359
1.5,-0.0468138495689167,0.30508165922293856,0.0,0.0,up,down,down,down,-0.0189950417509576,-0.0032185796075552,0.0,-1.4074330077889932e-05,4.375
1.5149999999999997,-0.0531660662099771,0.4044860676530739,0.0,0.0,up,down,down,down,-0.0189950417509576,-0.0032185796075552,0.0,-1.4074330077889932e-05,4.39
1.5309999999999997,-0.0593633507378417,0.3683352412405802,0.0,0.0,up,down,down,down,-0.0189950417509576,-0.0032185796075552,0.0,-1.4074330077889932e-05,4.406
1.5469999999999997,-0.0653667339175019,0.35621640697780477,0.0,0.0,up,down,down,down,-0.0189950417509576,-0.0032185796075552,0.0,-1.4074330077889932e-05,4.422
1.5620000000000003,-0.0712236931171706,0.3714689048936053,0.0,0.0,up,down,down,down,-0.0189950417509576,-0.0032185796075552,0.0,-1.4074330077889932e-05,4.437
1.5780000000000003,-0.0781119225786835,0.4115192995935987,0.0,0.0,up,down,down,down,-0.0189950417509576,-0.0032185796075552,0.0,-1.4074330077889932e-05,4.453
1.5940000000000003,-0.0848321464435742,0.40101894980470976,0.0,0.0,up,down,down,down,-0.0189950417509576,-0.0032185796075552,0.0,-1.4074330077889932e-05,4.469
1.609,-0.0913542432183742,0.41581140990239096,0.0,0.0,up,down,down,down,-0.0189950417509576,-0.0032185796075552,0.0,-1.4074330077889932e-05,4.484
1.625,-0.0975726428010084,0.3696549321636763,0.0,0.0,up,down,down,down,-0.0189950417509576,-0.0032185796075552,0.0,-1.4074330077889932e-05,4.5
1.6399999999999997,-0.1052536541747972,0.49307238316830987,0.010452152042067,0.0,up,down,down,down,-0.0189950417509576,-0.0032185796075552,0.0,-1.4074330077889932e-05,4.515
1.6559999999999997,-0.112735315173861,0.44860877069052807,0.0122475610705771,0.0,up,down,down,down,-0.0189950417509576,-0.0032185796075552,0.0,-1.4074330077889932e-05,4.531
1.6719999999999997,-0.1201705935506592,0.4457098567989256,0.0141623056140942,0.0,up,down,down,down,-0.0189950417509576,-0.0032185796075552,0.0,-1.4074330077889932e-05,4.547
1.6870000000000003,-0.1280095416775566,0.503601500042186,0.0160719353224192,0.0,up,down,down,down,-0.0189950417509576,-0.0032185796075552,0.0,-1.4074330077889932e-05,4.562
1.7030000000000003,-0.1356112644084924,0.4561126289325253,0.0182323990448285,0.0,up,down,down,down,-0.0189950417509576,-0.0032185796075552,0.0,-1.4074330077889932e-05,4.578
1.7190000000000003,-0.1431980684353,0.4551802099245213,0.0205143709812997,0.0,up,down,down,down,-0.0189950417509576,-0.0032185796075552,0.0,-1.4074330077889932e-05,4.594
1.734,-0.1536010349605732,0.6745360599339353,0.022788642950882,0.0,up,down,down,down,-0.0189950417509576,-0.0032185796075552,0.0,-1.4074330077889932e-05,4.609
1.75,-0.1624682522532907,0.5352060390438892,0.0253686945223138,0.0,up,down,down,down,-0.0189950417509576,-0.0032185796075552,0.0,-1.4074330077889932e-05,4.625
1.7649999999999997,-0.1711191959535032,0.5577345382632191,0.0279188790779781,0.0,up,down,down,down,-0.0189950417509576,-0.0032185796075552,0.0,-1.4074330077889932e-05,4.64
1.7809999999999997,-0.1802235109805288,0.5500246474381405,0.0307811180071712,0.0,up,down,down,down,-0.0189950417509576,-0.0032185796075552,0.0,-1.4074330077889932e-05,4.656
1.7969999999999997,-0.1898617726087455,0.5833963100125845,0.0337932975496063,0.0,up,down,down,down,-0.0189950417509576,-0.0032185796075552,0.0,-1.4074330077889932e-05,4.672
1.8120000000000003,-0.199305276598924,0.6105718909275899,0.0367603291127773,0.0,up,down,down,down,-0.0189950417509576,-0.0032185796075552,0.0,-1.4074330077889932e-05,4.687
1.8280000000000003,-0.2091444424412963,0.595952823397305,0.0400794241388199,0.0,up,down,down,down,-0.0189950417509576,-0.0032185796075552,0.0,-1.4074330077889932e-05,4.703
1.8440000000000003,-0.2191829392038773,0.6084110059103582,0.0435575404657022,0.0,up,down,down,down,-0.0189950417509576,-0.0032185796075552,0.0,-1.4074330077889932e-05,4.719
1.859,-0.2289461272405759,0.6318841606956311,0.0469667871581488,0.0,up,down,down,down,-0.0189950417509576,-0.0032185796075552,0.0,-1.4074330077889932e-05,4.734
1.875,-0.2385299465773638,0.5799936667982837,0.0507580930224132,0.0,up,down,down,down,-0.0189950417509576,-0.0032185796075552,0.0,-1.4074330077889932e-05,4.75
1.8899999999999997,-0.2481494228690018,0.6223033776915862,0.0544564669873742,0.0,up,down,down,down,-0.0189950417509576,-0.0032185796075552,0.0,-1.4074330077889932e-05,4.765
1.9059999999999997,-0.2579203346484302,0.5916869444633206,0.0585565223212346,0.0,up,down,down,down,-0.0189950417509576,-0.0032185796075552,0.0,-1.4074330077889932e-05,4.781
1.9219999999999997,-0.26747492445434773,0.5781668211188857,0.0628111816677777,0.0,up,down,down,down,-0.0189950417509576,-0.0032185796075552,0.0,-1.4074330077889932e-05,4.797
1.9370000000000003,-0.2776072088708581,0.656490586016375,0.0669475763618302,0.01089126897539221,up,down,down,down,-0.0189950417509576,-0.0032185796075552,0.0,-1.4074330077889932e-05,4.812
1.9530000000000003,-0.28722035796550216,0.5818267766642955,0.071517694170242,0.01199899113964881,up,down,down,down,-0.0189950417509576,-0.0032185796075552,0.0,-1.4074330077889932e-05,4.828
1.9690000000000003,-0.2965685542328522,0.5652672249584207,0.0762395027415497,0.01318104871494311,up,down,down,down,-0.0189950417509576,-0.0032185796075552,0.0,-1.4074330077889932e-05,4.844
1.984,-0.30683182684247967,0.6652231322242204,0.0808132842937279,0.01435894461770771,up,down,down,down,-0.0189950417509576,-0.0032185796075552,0.0,-1.4074330077889932e-05,4.859
2.0,-0.31651812630073195,0.5863986743898093,0.0858515811925945,0.01569226354159831,up,down,down,down,-0.0189950417509576,-0.0032185796075552,0.0,-1.4074330077889932e-05,4.875
2.0149999999999997,-0.32596413323254936,0.6107387537035497,0.0907184768332073,0.01701653897679181,up,down,down,down,-0.0189950417509576,-0.0032185796075552,0.0,-1.4074330077889932e-05,4.89
2.0309999999999997,-0.3354880719006932,0.5762511250080311,0.0960615917479942,0.018510779525441407,up,down,down,down,-0.0189950417509576,-0.0032185796075552,0.0,-1.4074330077889932e-05,4.906
2.0469999999999997,-0.344573213743395,0.5488263234179054,0.1015535793068677,0.020091700893880307,up,down,down,down,-0.0189950417509576,-0.0032185796075552,0.0,-1.4074330077889932e-05,4.922
2.0620000000000003,-0.3546240213667389,0.6510587998052751,0.1068458372643073,0.02165469651816411,up,down,down,down,-0.0189950417509576,-0.0032185796075552,0.0,-1.4074330077889932e-05,4.937
2.0780000000000003,-0.364451460826519,0.5952199244853014,0.1126499383955742,0.023410662723443207,up,down,down,down,-0.0189950417509576,-0.0032185796075552,0.0,-1.4074330077889932e-05,4.953
2.0940000000000003,-0.37331856954433995,0.5351992531128499,0.118603595912262,0.02526069099790591,up,down,down,down,-0.0189950417509576,-0.0032185796075552,0.0,-1.4074330077889932e-05,4.969
2.109,-0.38239594242836183,0.5861631505171809,0.1243197334461705,0.02708261596809411,up,down,down,down,-0.0189950417509576,-0.0032185796075552,0.0,-1.4074330077889932e-05,4.984
2.125,-0.39123604400285394,0.5335113066547988,0.1305602866113411,0.029121656128554208,up,down,down,down,-0.0189950417509576,-0.0032185796075552,0.0,-1.4074330077889932e-05,5.0
2.1399999999999997,-0.4003087551626088,0.5858523688993774,0.1365451512991952,0.031124946912883207,up,down,down,down,-0.0189950417509576,-0.0032185796075552,0.0,-1.4074330077889932e-05,5.015
2.1559999999999997,-0.4091601806843208,0.5342190533560439,0.1430724000596916,0.03336188732375431,up,down,down,down,-0.0189950417509576,-0.0032185796075552,0.0,-1.4074330077889932e-05,5.031
2.1719999999999997,-0.4178760559920107,0.5257471649796616,0.1497401872268231,0.03570438802204641,up,down,down,down,-0.0189950417509576,-0.0032185796075552,0.0,-1.4074330077889932e-05,5.047
2.1870000000000003,-0.4263793489751233,0.5478911571231935,0.1561203814581902,0.03799834228718411,up,down,down,down,-0.0189950417509576,-0.0032185796075552,0.0,-1.4074330077889932e-05,5.062
2.2030000000000003,-0.43502708087154396,0.5214882017753327,0.1630631301706844,0.04055181038021511,up,down,down,down,-0.0189950417509576,-0.0032185796075552,0.0,-1.4074330077889932e-05,5.078
2.2190000000000003,-0.44342655159034905,0.5059718781743602,0.1701422565041004,0.04321745347361341,up,down,down,down,-0.0189950417509576,-0.0032185796075552,0.0,-1.4074330077889932e-05,5.094
2.234,-0.45158783451331175,0.5250904864465672,0.1769031430939911,0.04582029397059901,up,down,down,down,-0.0189950417509576,-0.0032185796075552,0.0,-1.4074330077889932e-05,5.109
2.25,-0.45993727559499575,0.5028450258542924,0.1842468412485784,0.04870949384533961,up,down,down,down,-0.0189950417509576,-0.0032185796075552,0.0,-1.4074330077889932e-05,5.125
2.2649999999999997,-0.46760741291859986,0.4923474464893272,0.1912517051065436,0.05152573294300291,up,down,down,down,-0.0189950417509576,-0.0032185796075552,0.0,-1.4074330077889932e-05,5.14
2.2809999999999997,-0.4750904737221173,0.4486962584688833,0.1988447854733902,0.05464650486764241,up,down,down,down,-0.0189950417509576,-0.0032185796075552,0.0,-1.4074330077889932e-05,5.156
2.2969999999999997,-0.4816289161489564,0.38965760992648557,0.2065500378660797,0.05788966345435811,up,down,down,down,-0.0189950417509576,-0.0032185796075552,0.0,-1.4074330077889932e-05,5.172
2.3120000000000003,-0.488007884370262,0.4062695063360642,0.2138705925640874,0.06104281818258451,up,down,down,down,-0.0189950417509576,-0.0032185796075552,0.0,-1.4074330077889932e-05,5.187
2.3280000000000003,-0.4952626364757471,0.4344269648418605,0.2217882540045764,0.06452808895513382,up,down,down,down,-0.0189950417509576,-0.0032185796075552,0.0,-1.4074330077889932e-05,5.203
2.3440000000000003,-0.5023404434079275,0.4233678915103175,0.2298205759173667,0.06814095959450941,up,down,down,down,-0.0189950417509576,-0.0032185796075552,0.0,-1.4074330077889932e-05,5.219
2.359,-0.508093785142739,0.3645610739031477,0.2374471113256099,0.07164546724883161,up,down,down,down,-0.0189950417509576,-0.0032185796075552,0.0,-1.4074330077889932e-05,5.234
2.375,-0.5137068014693842,0.33181847866436937,0.2456730132922278,0.07551042824577432,up,down,down,down,-0.0189950417509576,-0.0032185796075552,0.0,-1.4074330077889932e-05,5.25
2.3899999999999997,-0.5196755835878406,0.37892376614614526,0.2534716598742701,0.07925401329452302,up,down,down,down,-0.0189950417509576,-0.0032185796075552,0.0,-1.4074330077889932e-05,5.265
2.4059999999999997,-0.5254987856546265,0.34495508742315967,0.2618845521019307,0.08337686299033262,up,down,down,down,-0.0189950417509576,-0.0032185796075552,0.0,-1.4074330077889932e-05,5.281
2.4219999999999997,-0.5309930932266145,0.3243991814982914,0.2703879844067015,0.08763504328240171,up,down,down,down,-0.0189950417509576,-0.0032185796075552,0.0,-1.4074330077889932e-05,5.297
2.4370000000000003,-0.5358139609738917,0.30239614140084287,0.2784373160073189,0.09175123303550702,up,down,down,down,-0.0189950417509576,-0.0032185796075552,0.0,-1.4074330077889932e-05,5.312
2.4530000000000003,-0.5405204230574441,0.2751588384710677,0.2870994883532905,0.09627552747039182,up,down,down,down,-0.0189950417509576,-0.0032185796075552,0.0,-1.4074330077889932e-05,5.328
2.4690000000000003,-0.5442847939844988,0.2162781411899626,0.2958294273633469,0.10093895879612491,up,down,down,down,-0.0189950417509576,-0.0032185796075552,0.0,-1.4074330077889932e-05,5.344
2.484,-0.5501545922490205,0.3723248425504987,0.3040860014542115,0.10543832451225651,up,down,down,down,-0.0189950417509576,-0.0032185796075552,0.0,-1.4074330077889932e-05,5.359
2.5,-0.5570958977563478,0.4148365524569982,0.3129955026479753,0.11037497654507401,up,down,down,down,-0.0189950417509576,-0.0032185796075552,0.0,-1.4074330077889932e-05,5.375
2.5149999999999997,-0.5638808194417955,0.4333330706122282,0.3214511067210745,0.11513332611534181,up,down,down,down,-0.0189950417509576,-0.0032185796075552,0.0,-1.4074330077889932e-05,5.39
2.5309999999999997,-0.5683151274854463,0.25814921097722077,0.3305601715702133,0.12034941634167212,up,down,down,down,-0.0189950417509576,-0.0032185796075552,0.0,-1.4074330077889932e-05,5.406
2.5469999999999997,-0.5738494225380748,0.32689839903832196,0.3397489852441224,0.12571188959618682,up,down,down,down,-0.0189950417509576,-0.0032185796075552,0.0,-1.4074330077889932e-05,5.422
2.5620000000000003,-0.5792612606747536,0.3417941673609475,0.3484455940623323,0.13087334894098543,up,down,down,down,-0.0189950417509576,-0.0032185796075552,0.0,-1.4074330077889932e-05,5.437
2.5780000000000003,-0.5839283993228257,0.272701123753549,0.3578026086160338,0.13652333456241242,up,down,down,down,-0.0189950417509576,-0.0032185796075552,0.0,-1.4074330077889932e-05,5.453
2.5940000000000003,-0.5882385228323184,0.250387677592334,0.3672314412669958,0.1423236069614766,up,down,down,down,-0.0189950417509576,-0.0032185796075552,0.0,-1.4074330077889932e-05,5.469
2.609,-0.5924557587423607,0.2621540189185354,0.376134927072919,0.14789885472402592,up,down,down,down,-0.0189950417509576,-0.0032185796075552,0.0,-1.4074330077889932e-05,5.484
2.625,-0.5956054680640328,0.1778617908535506,0.3856909141610911,0.15399346145389792,up,down,down,down,-0.0189950417509576,-0.0032185796075552,0.0,-1.4074330077889932e-05,5.5
2.6399999999999997,-0.6004256997428126,0.30235373683436667,0.3947094266137556,0.15984646400970923,up,down,down,down,-0.0189950417509576,-0.0032185796075552,0.0,-1.4074330077889932e-05,5.515
2.6559999999999997,-0.6039114271223482,0.1988629194700218,0.4043956209023978,0.16623930438983842,up,down,down,down,-0.0189950417509576,-0.0032185796075552,0.0,-1.4074330077889932e-05,5.531
2.6719999999999997,-0.607357069961342,0.1963576356861506,0.4141372661527882,0.1727875674862799,up,down,down,down,-0.0189950417509576,-0.0032185796075552,0.0,-1.4074330077889932e-05,5.547
2.6870000000000003,-0.6112636767327011,0.24144540967297398,0.4233252004471072,0.1790685359857794,up,down,down,down,-0.0189950417509576,-0.0032185796075552,0.0,-1.4074330077889932e-05,5.562
2.7030000000000003,-0.615674850071267,0.25670329190941016,0.4331922059352598,0.1859206752368383,up,down,down,down,-0.0189950417509576,-0.0032185796075552,0.0,-1.4074330077889932e-05,5.578
2.7190000000000003,-0.6198923805346475,0.2446006122103215,0.443128241053828,0.192931238812751,up,down,down,down,-0.0189950417509576,-0.0032185796075552,0.0,-1.4074330077889932e-05,5.594
2.734,-0.6244899984363013,0.2875128183593026,0.4525093875902233,0.1996485210275812,up,down,down,down,-0.0189950417509576,-0.0032185796075552,0.0,-1.4074330077889932e-05,5.609
2.75,-0.6290460740129067,0.265759681786881,0.4625891734435378,0.20696930951585132,up,down,down,down,-0.0189950417509576,-0.0032185796075552,0.0,-1.4074330077889932e-05,5.625
2.7649999999999997,-0.6334711303522997,0.27600871420858547,0.47210633117039,0.21397952580045562,up,down,down,down,-0.0189950417509576,-0.0032185796075552,0.0,-1.4074330077889932e-05,5.64
2.7809999999999997,-0.6357665078073218,0.1244660491879212,0.4823117295493879,0.22161487028621382,up,down,down,down,-0.0189950417509576,-0.0032185796075552,0.0,-1.4074330077889932e-05,5.656
2.7969999999999997,-0.6384735021746142,0.1501921062048161,0.4925571469029653,0.22941382129783272,up,down,down,down,-0.0189950417509576,-0.0032185796075552,0.0,-1.4074330077889932e-05,5.672
2.8120000000000003,-0.6403487605959484,0.10602218633798302,0.5021965925678591,0.2368744743438641,up,down,down,down,-0.0189950417509576,-0.0032185796075552,0.0,-1.4074330077889932e-05,5.687
2.8280000000000003,-0.6421318223537824,0.0924463181136703,0.5125079345051778,0.24499211056044842,up,down,down,down,-0.0189950417509576,-0.0032185796075552,0.0,-1.4074330077889932e-05,5.703
2.8440000000000003,-0.6457508593841617,0.2071947726477451,0.5228624932328023,0.25327507398235233,up,down,down,down,-0.0189950417509576,-0.0032185796075552,0.0,-1.4074330077889932e-05,5.719
2.859,-0.6495099844627656,0.23161329682264678,0.5326252282557674,0.2611912318935164,up,down,down,down,-0.0189950417509576,-0.0032185796075552,0.0,-1.4074330077889932e-05,5.734
2.875,-0.653177423563843,0.21021990206637742,0.5430982247937012,0.26979701951791213,up,down,down,down,-0.0189950417509576,-0.0032185796075552,0.0,-1.4074330077889932e-05,5.75
2.8899999999999997,-0.6563970076460475,0.19564389706267782,0.5529683117218884,0.2780175185417789,up,down,down,down,-0.0189950417509576,-0.0032185796075552,0.0,-1.4074330077889932e-05,5.765
2.9059999999999997,-0.659340937400442,0.1650005678986986,0.5635457125559813,0.2869496307360018,up,down,down,down,-0.0189950417509576,-0.0032185796075552,0.0,-1.4074330077889932e-05,5.781
2.9219999999999997,-0.662238855235346,0.16212482293054262,0.5741698481707885,0.296051355221816,up,down,down,down,-0.0189950417509576,-0.0032185796075552,0.0,-1.4074330077889932e-05,5.797
2.9370000000000003,-0.6650660921474483,0.16948741905585482,0.5841729139702732,0.3047389259378743,up,down,down,down,-0.0189950417509576,-0.0032185796075552,0.0,-1.4074330077889932e-05,5.812
2.9530000000000003,-0.66766637315963,0.1435225215103974,0.5948862709664506,0.3141713994173681,up,down,down,down,-0.0189950417509576,-0.0032185796075552,0.0,-1.4074330077889932e-05,5.828
2.9690000000000003,-0.6702032326837095,0.1395586785040147,0.6056407250869182,0.323775615385795,up,down,down,down,-0.0189950417509576,-0.0032185796075552,0.0,-1.4074330077889932e-05,5.844
2.984,-0.6733367442496512,0.1899057293118242,0.6157655536080315,0.332936162476007,up,down,down,down,-0.0189950417509576,-0.0032185796075552,0.0,-1.4074330077889932e-05,5.859
3.0,-0.6763938287042279,0.1720727366600892,0.6266148954653835,0.34287520606859434,up,down,down,down,-0.0189950417509576,-0.0032185796075552,0.0,-1.4074330077889932e-05,5.875
3.0149999999999997,-0.6785892655928034,0.1273674174874112,0.6368255473667244,0.35235100938983493,up,down,down,down,-0.0189950417509576,-0.0032185796075552,0.0,-1.4074330077889932e-05,5.89
3.0309999999999997,-0.6807311552401938,0.11487306121094051,0.6477516080071093,0.3626276266328256,up,down,down,down,-0.0189950417509576,-0.0032185796075552,0.0,-1.4074330077889932e-05,5.906
3.0469999999999997,-0.6828309181777108,0.11224014184385561,0.6587116018681735,0.3730793323118278,up,down,down,down,-0.0189950417509576,-0.0032185796075552,0.0,-1.4074330077889932e-05,5.922
3.0620000000000003,-0.683540286710425,0.028296193763320203,0.6690076645989482,0.3830372268103317,up,down,down,down,-0.0189950417509576,-0.0032185796075552,0.0,-1.4074330077889932e-05,5.937
3.0780000000000003,-0.6861519342284002,0.1442329281224896,0.6800166996401797,0.39382942172424473,up,down,down,down,-0.0189950417509576,-0.0032185796075552,0.0,-1.4074330077889932e-05,5.953
3.0940000000000003,-0.6886437824469542,0.1367454719086724,0.6910665626473035,0.4047980878225446,up,down,down,down,-0.0189950417509576,-0.0032185796075552,0.0,-1.4074330077889932e-05,5.969
3.109,-0.6923989197256706,0.23134744349680422,0.7014726616077113,0.4152421320044569,up,down,down,down,-0.0189950417509576,-0.0032185796075552,0.0,-1.4074330077889932e-05,5.984
3.125,-0.693498823700093,0.04974895665044161,0.7126113408288383,0.4265548040239494,up,down,down,down,-0.0189950417509576,-0.0032185796075552,0.0,-1.4074330077889932e-05,6.0
3.1399999999999997,-0.6949818328735873,0.0798722364819984,0.723073224447254,0.4373224382635198,up,down,down,down,-0.0189950417509576,-0.0032185796075552,0.0,-1.4074330077889932e-05,6.015
3.1559999999999997,-0.69642491416543,0.07119753898920941,0.734255975697287,0.4489810718646761,up,down,down,down,-0.0189950417509576,-0.0032185796075552,0.0,-1.4074330077889932e-05,6.031
3.1719999999999997,-0.6972346023858744,0.0316104720268218,0.7454567491034183,0.4608187736630818,up,down,down,down,-0.0189950417509576,-0.0032185796075552,0.0,-1.4074330077889932e-05,6.047
3.1870000000000003,-0.6972972474332177,0.014818705261402899,0.7559640166711752,0.4720794294063917,up,down,down,down,-0.0189950417509576,-0.0032185796075552,0.0,-1.4074330077889932e-05,6.062
3.2030000000000003,-0.6973197797636868,0.017586771096644797,0.7671724501624713,0.4842645211410609,up,down,down,down,-0.0189950417509576,-0.0032185796075552,0.0,-1.4074330077889932e-05,6.078
3.2190000000000003,-0.6981105809741681,0.0304300339041274,0.778387390322095,0.4966289998649374,up,down,down,down,-0.0189950417509576,-0.0032185796075552,0.0,-1.4074330077889932e-05,6.094
3.234,-0.6997003668208919,0.08699068136396171,0.7889192511246711,0.5083837996757878,up,down,down,down,-0.0189950417509576,-0.0032185796075552,0.0,-1.4074330077889932e-05,6.109
3.25,-0.7012683738876131,0.0790053999191187,0.8001784983240601,0.5210965816713777,up,down,down,down,-0.0189950417509576,-0.0032185796075552,0.0,-1.4074330077889932e-05,6.125
3.2649999999999997,-0.7023241397118305,0.051389346530204,0.810753720870169,0.5331785733153342,up,down,down,down,-0.0189950417509576,-0.0032185796075552,0.0,-1.4074330077889932e-05,6.14
3.2809999999999997,-0.7037133112935106,0.06782818210404601,0.8220535177519326,0.5462410312243111,up,down,down,down,-0.0189950417509576,-0.0032185796075552,0.0,-1.4074330077889932e-05,6.156
3.2969999999999997,-0.704442758928062,0.026595435408505202,0.833370263587426,0.559484421475026,up,down,down,down,-0.0189950417509576,-0.0032185796075552,0.0,-1.4074330077889932e-05,6.172
3.3120000000000003,-0.7050870179133533,0.023955557268460805,0.8439900156078504,0.572064623568991,up,down,down,down,-0.0189950417509576,-0.0032185796075552,0.0,-1.4074330077889932e-05,6.187
3.3280000000000003,-0.7062968715140823,0.056620808294605106,0.8553325839969907,0.5856592043658297,up,down,down,down,-0.0189950417509576,-0.0032185796075552,0.0,-1.4074330077889932e-05,6.203
3.3440000000000003,-0.7061858999809019,0.0259307625747328,0.8666839434426715,0.5994353365853471,up,down,down,down,-0.0189950417509576,-0.0032185796075552,0.0,-1.4074330077889932e-05,6.219
3.359,-0.7060589360102973,0.027459306457925797,0.8773240584067186,0.6125153965992173,up,down,down,down,-0.0189950417509576,-0.0032185796075552,0.0,-1.4074330077889932e-05,6.234
3.375,-0.7073664506648978,0.06272462416156971,0.8886829587738411,0.6266434527366618,up,down,down,down,-0.0189950417509576,-0.0032185796075552,0.0,-1.4074330077889932e-05,6.25
3.3899999999999997,-0.7084943983486038,0.0562014704961142,0.8993501938355555,0.640053701381232,up,down,down,down,-0.0189950417509576,-0.0032185796075552,0.0,-1.4074330077889932e-05,6.265
3.4059999999999997,-0.70961338474822,0.0509416082250524,0.910746553374051,0.6545344753589089,up,down,down,down,-0.0189950417509576,-0.0032185796075552,0.0,-1.4074330077889932e-05,6.281
3.4219999999999997,-0.7122293373371544,0.14450199505744432,0.9221727924244548,0.6691978301252969,up,down,down,down,-0.0189950417509576,-0.0032185796075552,0.0,-1.4074330077889932e-05,6.297
3.4370000000000003,-0.7135520127522952,0.06918331925842239,0.9329144312442396,0.6831109843028126,up,down,down,down,-0.0189950417509576,-0.0032185796075552,0.0,-1.4074330077889932e-05,6.312
3.4530000000000003,-0.7158289131233264,0.1233112314384942,0.9444009759249652,0.6981295075601662,up,down,down,down,-0.0189950417509576,-0.0032185796075552,0.0,-1.4074330077889932e-05,6.328
3.4690000000000003,-0.7180098924301461,0.117316164925274,0.955923183643114,0.7133321008367108,up,down,down,down,-0.0189950417509576,-0.0032185796075552,0.0,-1.4074330077889932e-05,6.344
3.484,-0.7201376771197268,0.1228572708877545,0.9667575691088512,0.7277522064823503,up,down,down,down,-0.0189950417509576,-0.0032185796075552,0.0,-1.4074330077889932e-05,6.359
3.5,-0.7196016390245799,0.0524974226976392,0.9783269809117264,0.743312882882515,up,down,down,down,-0.0189950417509576,-0.0032185796075552,0.0,-1.4074330077889932e-05,6.375
3.5149999999999997,-0.7190786750293157,0.053859308101904396,0.9891653619612436,0.7580690754540619,up,down,down,down,-0.0189950417509576,-0.0032185796075552,0.0,-1.4074330077889932e-05,6.39
3.5309999999999997,-0.7184915570701627,0.0556899141980203,1.0007174210917604,0.773988137718486,up,down,down,down,-0.0189950417509576,-0.0032185796075552,0.0,-1.4074330077889932e-05,6.406
3.5469999999999997,-0.7179187590612326,0.0547949173090865,1.0122602008945325,0.7900919586943763,up,down,down,down,-0.0189950417509576,-0.0032185796075552,0.0,-1.4074330077889932e-05,6.422
3.5620000000000003,-0.7188095219172475,0.0403891486500307,1.023083941695985,0.8053570397638058,up,down,down,down,-0.0189950417509576,-0.0032185796075552,0.0,-1.4074330077889932e-05,6.437
3.5780000000000003,-0.7196785588499459,0.0353197665426963,1.034643343615843,0.8218188580463004,up,down,down,down,-0.0189950417509576,-0.0032185796075552,0.0,-1.4074330077889932e-05,6.453
3.5940000000000003,-0.7226128467136572,0.16439794973099872,1.046233172134073,0.8384658701722998,up,down,down,down,-0.0189950417509576,-0.0032185796075552,0.0,-1.4074330077889932e-05,6.469
3.609,-0.7254755665806929,0.1718529493847584,1.0571421139278936,0.8542411848177642,up,down,down,down,-0.0189950417509576,-0.0032185796075552,0.0,-1.4074330077889932e-05,6.484
3.625,-0.7267396359076574,0.0600092911843264,1.0688113328215212,0.8712488123917596,up,down,down,down,-0.0189950417509576,-0.0032185796075552,0.0,-1.4074330077889932e-05,6.5
3.6399999999999997,-0.7279728742754283,0.0632208494337704,1.0797699553420077,0.8873631720529856,up,down,down,down,-0.0189950417509576,-0.0032185796075552,0.0,-1.4074330077889932e-05,6.515
3.6559999999999997,-0.7288198641095569,0.0339418228820776,1.0914757945228082,0.904733138051904,up,down,down,down,-0.0189950417509576,-0.0032185796075552,0.0,-1.4074330077889932e-05,6.531
3.6719999999999997,-0.731149824938564,0.1266275100619828,1.103207049308914,0.9222906008025581,up,down,down,down,-0.0189950417509576,-0.0032185796075552,0.0,-1.4074330077889932e-05,6.547
3.6870000000000003,-0.7334229574546658,0.13254712598915921,1.114239623870977,0.9389214508514077,up,down,down,down,-0.0189950417509576,-0.0032185796075552,0.0,-1.4074330077889932e-05,6.562
3.7030000000000003,-0.7333008573171114,0.0266263003481092,1.1260249116628722,0.9568435671356784,up,down,down,down,-0.0189950417509576,-0.0032185796075552,0.0,-1.4074330077889932e-05,6.578
3.7190000000000003,-0.7331817352316925,0.0264401720896367,1.1378082696769836,0.9749542325863972,up,down,down,down,-0.0189950417509576,-0.0032185796075552,0.0,-1.4074330077889932e-05,6.594
3.734,-0.7337844766017128,0.0211877162503935,1.1488587949598472,0.9921042355711732,up,down,down,down,-0.0189950417509576,-0.0032185796075552,0.0,-1.4074330077889932e-05,6.609
3.75,-0.7343694639895535,0.017566669989088603,1.1606555237582985,1.0105803501209185,up,down,down,down,-0.0189950417509576,-0.0032185796075552,0.0,-1.4074330077889932e-05,6.625
3.7649999999999997,-0.7346137735095031,0.0,1.1717211767336544,1.0280731753746077,up,down,down,down,-0.0189950417509576,-0.0032185796075552,0.0,-1.4074330077889932e-05,6.64
3.7809999999999997,-0.7348521242606747,0.0,1.1835284011895366,1.0469151719979932,up,down,down,down,-0.0189950417509576,-0.0032185796075552,0.0,-1.4074330077889932e-05,6.656
3.7969999999999997,-0.7350464017968168,0.0,1.1953390866717175,1.0659461119008833,up,down,down,down,-0.0189950417509576,-0.0032185796075552,0.0,-1.4074330077889932e-05,6.672
3.8120000000000003,-0.7369195070951076,0.1058786448017554,1.2064271096825208,1.0839593583735407,up,down,down,down,-0.0189950417509576,-0.0032185796075552,0.0,-1.4074330077889932e-05,6.687
3.8280000000000003,-0.739166196560797,0.1214230498546297,1.2182872925854888,1.103357073591685,up,down,down,down,-0.0189950417509576,-0.0032185796075552,0.0,-1.4074330077889932e-05,6.703
3.8440000000000003,-0.7413399349361107,0.11686360670615231,1.230182838911185,1.1229448346436584,up,down,down,down,-0.0189950417509576,-0.0032185796075552,0.0,-1.4074330077889932e-05,6.719
3.859,-0.7424008054590505,0.0517296597783635,1.2413591731582618,1.141481399734179,up,down,down,down,-0.0189950417509576,-0.0032185796075552,0.0,-1.4074330077889932e-05,6.734
3.875,-0.7434247385443733,0.045000776081716105,1.25329727478401,1.161438651317717,up,down,down,down,-0.0189950417509576,-0.0032185796075552,0.0,-1.4074330077889932e-05,6.75
3.8899999999999997,-0.7441512598424911,0.029439711456895903,1.2645023734660246,1.1803221486795918,up,down,down,down,-0.0189950417509576,-0.0032185796075552,0.0,-1.4074330077889932e-05,6.765
3.9059999999999997,-0.7449060584549976,0.028179871530698,1.2764663292861254,1.200649898301609,up,down,down,down,-0.0189950417509576,-0.0032185796075552,0.0,-1.4074330077889932e-05,6.781
3.9219999999999997,-0.74625427055887,0.0652682147410654,1.2884471091919572,1.2211692058094337,up,down,down,down,-0.0189950417509576,-0.0032185796075552,0.0,-1.4074330077889932e-05,6.797
3.9370000000000003,-0.7474513744060598,0.0608118813950294,1.299698180223308,1.240580295480049,up,down,down,down,-0.0189950417509576,-0.0032185796075552,0.0,-1.4074330077889932e-05,6.812
3.9530000000000003,-0.7485764128674468,0.0513198620857302,1.3117178997952168,1.261471624120197,up,down,down,down,-0.0189950417509576,-0.0032185796075552,0.0,-1.4074330077889932e-05,6.828
3.9690000000000003,-0.7487541634440475,0.0,1.3237480416794296,1.282555351651994,up,down,down,down,-0.0189950417509576,-0.0032185796075552,0.0,-1.4074330077889932e-05,6.844
3.984,-0.7521551854267781,0.207739757097748,1.3350531404900738,1.3024963605182651,up,down,down,down,-0.0189950417509576,-0.0032185796075552,0.0,-1.4074330077889932e-05,6.859
4.0,-0.7554649736310619,0.1878667210167827,1.3471655990362574,1.3239541104344759,up,down,down,down,-0.0189950417509576,-0.0032185796075552,0.0,-1.4074330077889932e-05,6.875
4.015,-0.756838121881442,0.07254817494104701,1.3585561509467143,1.3442470235593478,up,down,down,down,-0.0189950417509576,-0.0032185796075552,0.0,-1.4074330077889932e-05,6.89
4.031,-0.7557195546336519,0.0889054947378341,1.370708109632556,1.3660811376439819,up,down,down,down,-0.0189950417509576,-0.0032185796075552,0.0,-1.4074330077889932e-05,6.906
4.047,-0.7574976843230843,0.0921380638385649,1.3828653448179309,1.3881097252795858,up,down,down,down,-0.0189950417509576,-0.0032185796075552,0.0,-1.4074330077889932e-05,6.922
4.062,-0.7592547528846367,0.0981428623525342,1.3942892667911024,1.4089383848666543,up,down,down,down,-0.0189950417509576,-0.0032185796075552,0.0,-1.4074330077889932e-05,6.937
4.078,-0.7587862419429321,0.0482769756074973,1.406485092023444,1.4313445797371707,up,down,down,down,-0.0189950417509576,-0.0032185796075552,0.0,-1.4074330077889932e-05,6.953
4.094,-0.760212037189552,0.07011716116278591,1.4186885755302248,1.4539459690776,up,down,down,down,-0.0189950417509576,-0.0032185796075552,0.0,-1.4074330077889932e-05,6.969
4.109,-0.7615836377447902,0.0724449952649254,1.4301503217863454,1.4753122608074738,up,down,down,down,-0.0189950417509576,-0.0032185796075552,0.0,-1.4074330077889932e-05,6.984
4.125,-0.7626807677391554,0.049575582896865804,1.442395934303938,1.4982926308561961,up,down,down,down,-0.0189950417509576,-0.0032185796075552,0.0,-1.4074330077889932e-05,7.0
4.14,-0.7628088647830786,0.010455238822740999,1.4538853852419678,1.52001474075279,up,down,down,down,-0.0189950417509576,-0.0032185796075552,0.0,-1.4074330077889932e-05,7.015
4.156,-0.7629829922017457,0.0,1.4661432173715672,1.5433749695736982,up,down,down,down,-0.0189950417509576,-0.0032185796075552,0.0,-1.4074330077889932e-05,7.031
4.172,-0.7619585303514711,0.0830239073931203,1.478394246825714,1.5669312692872766,up,down,down,down,-0.0189950417509576,-0.0032185796075552,0.0,-1.4074330077889932e-05,7.047
4.187,-0.7623961306385265,0.010178310719402402,1.4898751854772525,1.5891932900295496,up,down,down,down,-0.0189950417509576,-0.0032185796075552,0.0,-1.4074330077889932e-05,7.062
4.203,-0.7628230577478501,0.0,1.5021284362580645,1.6131293190034321,up,down,down,down,-0.0189950417509576,-0.0032185796075552,0.0,-1.4074330077889932e-05,7.078
4.219,-0.7624964880829879,0.039405645804846304,1.5143824898984322,1.6372614064126843,up,down,down,down,-0.0189950417509576,-0.0032185796075552,0.0,-1.4074330077889932e-05,7.094
4.234,-0.7618244654908608,0.06379654789276279,1.525863175744349,1.6600632489050047,up,down,down,down,-0.0189950417509576,-0.0032185796075552,0.0,-1.4074330077889932e-05,7.109
4.25,-0.7612003513637955,0.0580021746925395,1.5380988715529071,1.6845749452833825,up,down,down,down,-0.0189950417509576,-0.0032185796075552,0.0,-1.4074330077889932e-05,7.125
4.265,-0.7605657342466206,0.0613028495626211,1.5495603958890984,1.7077323897891972,up,down,down,down,-0.0189950417509576,-0.0032185796075552,0.0,-1.4074330077889932e-05,7.14
4.281,-0.7599465955957196,0.0576912074322643,1.561775991801558,1.7326230808907224,up,down,down,down,-0.0189950417509576,-0.0032185796075552,0.0,-1.4074330077889932e-05,7.156
4.297,-0.7594724539312256,0.0486288957818325,1.5739828414714945,1.7577091515569068,up,down,down,down,-0.0189950417509576,-0.0032185796075552,0.0,-1.4074330077889932e-05,7.172
4.312,-0.7590098766975739,0.049833523994405,1.5854197376453243,1.7814046709002838,up,down,down,down,-0.0189950417509576,-0.0032185796075552,0.0,-1.4074330077889932e-05,7.187
4.328,-0.7601918354177997,0.054877378263151706,1.597624848615968,1.8068690275903743,up,down,down,down,-0.0189950417509576,-0.0032185796075552,0.0,-1.4074330077889932e-05,7.203
4.344,-0.7613449658765568,0.053075611921360406,1.6098486403000438,1.832528815501702,up,down,down,down,-0.0189950417509576,-0.0032185796075552,0.0,-1.4074330077889932e-05,7.219
4.359,-0.7620312835491134,0.0267594697528213,1.621322240864849,1.8567625971104382,up,down,down,down,-0.0189950417509576,-0.0032185796075552,0.0,-1.4074330077889932e-05,7.234
4.375,-0.762700861766243,0.022853596819638604,1.633571595301093,1.8828017477997663,up,down,down,down,-0.0189950417509576,-0.0032185796075552,0.0,-1.4074330077889932e-05,7.25
4.39,-0.7633708894632143,0.0256734713804654,1.645065412129427,1.9073915253554943,up,down,down,down,-0.0189950417509576,-0.0032185796075552,0.0,-1.4074330077889932e-05,7.265
4.406,-0.7622635095969397,0.0882062833931217,1.657321984595629,1.933810624529295,up,down,down,down,-0.0189950417509576,-0.0032185796075552,0.0,-1.4074330077889932e-05,7.281
4.422,-0.760922558790881,0.10280446712962449,1.6695589704164526,1.960425672169391,up,down,down,down,-0.0189950417509576,-0.0032185796075552,0.0,-1.4074330077889932e-05,7.297
4.437,-0.759597861427201,0.10730819932962199,1.681011152262202,1.985554948089482,up,down,down,down,-0.0189950417509576,-0.0032185796075552,0.0,-1.4074330077889932e-05,7.312
4.453,-0.7618609967980934,0.12245091892981722,1.6932343204017253,2.012548911870794,up,down,down,down,-0.0189950417509576,-0.0032185796075552,0.0,-1.4074330077889932e-05,7.328
4.469,-0.7627255001201316,0.0350364158764327,1.705482509650792,2.039738646511214,up,down,down,down,-0.0189950417509576,-0.0032185796075552,0.0,-1.4074330077889932e-05,7.344
4.484,-0.7625002095618214,0.0340144123049726,1.7169699811675196,2.0654070401923503,up,down,down,down,-0.0189950417509576,-0.0032185796075552,0.0,-1.4074330077889932e-05,7.359
4.5,-0.7622804138951764,0.032732270916269,1.7292197234288966,2.092976557829122,up,down,down,down,-0.0189950417509576,-0.0032185796075552,0.0,-1.4074330077889932e-05,7.375
4.515,-0.7646855878617362,0.14134988935303341,1.7407202471361864,2.1190011076083595,up,down,down,down,-0.0189950417509576,-0.0032185796075552,0.0,-1.4074330077889932e-05,7.39
4.531,-0.765912627328559,0.0576949249254665,1.7530165301314298,2.1469510018265003,up,down,down,down,-0.0189950417509576,-0.0032185796075552,0.0,-1.4074330077889932e-05,7.406
4.547,-0.7671429060968915,0.057897381269822405,1.7653324716725542,2.175097793840932,up,down,down,down,-0.0189950417509576,-0.0032185796075552,0.0,-1.4074330077889932e-05,7.422
4.562,-0.7679288402550117,0.0334005687903889,1.7768937884643072,2.2016644907919596,up,down,down,down,-0.0189950417509576,-0.0032185796075552,0.0,-1.4074330077889932e-05,7.437
4.578,-0.7690355537471234,0.050174551506021396,1.7892410008900452,2.2301935691067944,up,down,down,down,-0.0189950417509576,-0.0032185796075552,0.0,-1.4074330077889932e-05,7.453
4.594,-0.7700800262812617,0.046284491632686504,1.8016054228039933,2.258920340496347,up,down,down,down,-0.0189950417509576,-0.0032185796075552,0.0,-1.4074330077889932e-05,7.469
4.609,-0.7690878617590489,0.0851393432318154,1.8131974606584087,2.2860313621223143,up,down,down,down,-0.0189950417509576,-0.0032185796075552,0.0,-1.4074330077889932e-05,7.484
4.625,-0.7681356664983259,0.07850724554614419,1.825546746158189,2.315141315776847,up,down,down,down,-0.0189950417509576,-0.0032185796075552,0.0,-1.4074330077889932e-05,7.5
4.64,-0.7672225694707837,0.07986817692043649,1.83711021162207,2.342611242960198,up,down,down,down,-0.0189950417509576,-0.0032185796075552,0.0,-1.4074330077889932e-05,7.515
4.656,-0.7667854865534078,0.0463127240869497,1.8494337733439845,2.372103594839927,up,down,down,down,-0.0189950417509576,-0.0032185796075552,0.0,-1.4074330077889932e-05,7.531
4.672,-0.76671760241946,0.0232378001226995,1.8617532953294884,2.401793091389314,up,down,down,down,-0.0189950417509576,-0.0032185796075552,0.0,-1.4074330077889932e-05,7.547
4.687,-0.769583076739595,0.1720365795913727,1.8733238291172951,2.4298061698226663,up,down,down,down,-0.0189950417509576,-0.0032185796075552,0.0,-1.4074330077889932e-05,7.562
4.703,-0.7722947219981204,0.15048278690688022,1.8857103487809177,2.459878443245852,up,down,down,down,-0.0189950417509576,-0.0032185796075552,0.0,-1.4074330077889932e-05,7.578
4.719,-0.7734617281952065,0.053942845566923296,1.8981278976561853,2.490149149217349,up,down,down,down,-0.0189950417509576,-0.0032185796075552,0.0,-1.4074330077889932e-05,7.594
4.734,-0.771881785864208,0.12432453048419731,1.909766252705744,2.518708355345063,up,down,down,down,-0.0189950417509576,-0.0032185796075552,0.0,-1.4074330077889932e-05,7.609
4.75,-0.7703660653862503,0.1137275716233119,1.9221557327894685,2.5493637312290245,up,down,down,down,-0.0189950417509576,-0.0032185796075552,0.0,-1.4074330077889932e-05,7.625
4.765,-0.7692455850800872,0.09369372882849739,1.9337510988620792,2.5782830324664103,up,down,down,down,-0.0189950417509576,-0.0032185796075552,0.0,-1.4074330077889932e-05,7.64
4.781,-0.7708663904641817,0.08230529475494741,1.9461234919401544,2.6093220291928283,up,down,down,down,-0.0189950417509576,-0.0032185796075552,0.0,-1.4074330077889932e-05,7.656
4.797,-0.7724147135335109,0.0777751500821155,1.9585212380458568,2.6405591870327165,up,down,down,down,-0.0189950417509576,-0.0032185796075552,0.0,-1.4074330077889932e-05,7.672
4.812,-0.7739252726255401,0.0817088977176545,1.9701670666361637,2.6700243493178326,up,down,down,down,-0.0189950417509576,-0.0032185796075552,0.0,-1.4074330077889932e-05,7.687
4.828,-0.7749880397425475,0.047427903062002806,1.982609870408829,2.7016465648141925,up,down,down,down,-0.0189950417509576,-0.0032185796075552,0.0,-1.4074330077889932e-05,7.703
4.844,-0.7760248857103598,0.045807831237310005,1.9950694710861685,2.7334679995461526,up,down,down,down,-0.0189950417509576,-0.0032185796075552,0.0,-1.4074330077889932e-05,7.719
4.859,-0.7777578280046082,0.09653444453227641,2.0067711201331413,2.7634818039802966,up,down,down,down,-0.0189950417509576,-0.0032185796075552,0.0,-1.4074330077889932e-05,7.734
4.875,-0.7770780495112337,0.0614811975868655,2.019261304426989,2.7956900633767776,up,down,down,down,-0.0189950417509576,-0.0032185796075552,0.0,-1.4074330077889932e-05,7.75
4.89,-0.7764148509811122,0.0632082770923941,2.030960779874795,2.82606672900904,up,down,down,down,-0.0189950417509576,-0.0032185796075552,0.0,-1.4074330077889932e-05,7.765
4.906,-0.7772842874421926,0.0353447370665671,2.043441870255902,2.8586619502100863,up,down,down,down,-0.0189950417509576,-0.0032185796075552,0.0,-1.4074330077889932e-05,7.781
4.922,-0.7781325181359282,0.0340193766075192,2.055936701974248,2.891456978787927,up,down,down,down,-0.0189950417509576,-0.0032185796075552,0.0,-1.4074330077889932e-05,7.797
4.937,-0.7788882320130686,0.0313858833917305,2.067662636294479,2.9223839738249437,up,down,down,down,-0.0189950417509576,-0.0032185796075552,0.0,-1.4074330077889932e-05,7.812
4.953,-0.7796255138444241,0.0270850727087657,2.08018224353506,2.95556673286358,up,down,down,down,-0.0189950417509576,-0.0032185796075552,0.0,-1.4074330077889932e-05,7.828
4.969,-0.7791942378816366,0.0459497894251813,2.092704298822589,2.9889498252024413,up,down,down,down,-0.0189950417509576,-0.0032185796075552,0.0,-1.4074330077889932e-05,7.844
4.984,-0.7787734808447713,0.047045510875310295,2.1044373354071504,3.0204283874591638,up,down,down,down,-0.0189950417509576,-0.0032185796075552,0.0,-1.4074330077889932e-05,7.859
5.0,-0.7799390037857066,0.05385014205749881,2.116958532557915,3.054199554402884,up,down,down,down,-0.0189950417509576,-0.0032185796075552,0.0,-1.4074330077889932e-05,7.875
5.015,-0.7810760993378381,0.0568113283911429,2.128714424525455,3.086042101581009,up,down,down,down,-0.0189950417509576,-0.0032185796075552,0.0,-1.4074330077889932e-05,7.89
5.031,-0.7811042655676275,0.0172346523891198,2.1412633647184194,3.12020192389496,up,down,down,down,-0.0189950417509576,-0.0032185796075552,0.0,-1.4074330077889932e-05,7.906
5.047,-0.7811317448162018,0.017277588715058897,2.153812750075211,3.154562532813309,up,down,down,down,-0.0189950417509576,-0.0032185796075552,0.0,-1.4074330077889932e-05,7.922
5.062,-0.7801929428885828,0.08158183692556059,2.165570963927111,3.1869579106683275,up,down,down,down,-0.0189950417509576,-0.0032185796075552,0.0,-1.4074330077889932e-05,7.937
5.078,-0.7793340080886608,0.0726784667460787,2.178098676808649,3.2217072677942133,up,down,down,down,-0.0189950417509576,-0.0032185796075552,0.0,-1.4074330077889932e-05,7.953
5.094,-0.7806703136147171,0.06452405362755709,2.190630208655997,3.2566570988779304,up,down,down,down,-0.0189950417509576,-0.0032185796075552,0.0,-1.4074330077889932e-05,7.969
5.109,-0.7818223536911688,0.0578076300124943,2.2023971823549044,3.2896048043105113,up,down,down,down,-0.0189950417509576,-0.0032185796075552,0.0,-1.4074330077889932e-05,7.984
5.125,-0.7829336904385826,0.05046350496240581,2.2149667279816634,3.324943715593204,up,down,down,down,-0.0189950417509576,-0.0032185796075552,0.0,-1.4074330077889932e-05,8.0
5.140000000000001,-0.781401719109386,0.1211264636973923,2.226747522247387,3.3582565724699234,up,down,down,down,-0.0189950417509576,-0.0032185796075552,0.0,-1.4074330077889932e-05,8.015
5.156000000000001,-0.7808406682507183,0.0540607204176922,2.2392969586199887,3.3939849283168626,up,down,down,down,-0.0189950417509576,-0.0032185796075552,0.0,-1.4074330077889932e-05,8.031
5.172000000000001,-0.7808057801042949,0.0211755509024191,2.251841627480549,3.429914037005667,up,down,down,down,-0.0189950417509576,-0.0032185796075552,0.0,-1.4074330077889932e-05,8.047
5.186999999999999,-0.7807818349647722,0.0205913843858078,2.26360181328768,3.463779862811426,up,down,down,down,-0.0189950417509576,-0.0032185796075552,0.0,-1.4074330077889932e-05,8.062
5.202999999999999,-0.7791911414180017,0.1184133884241099,2.276133094372463,3.500097742072707,up,down,down,down,-0.0189950417509576,-0.0032185796075552,0.0,-1.4074330077889932e-05,8.078
5.218999999999999,-0.7800889257855061,0.037116481218069104,2.288658832183812,3.5366160774851574,up,down,down,down,-0.0189950417509576,-0.0032185796075552,0.0,-1.4074330077889932e-05,8.094
5.234,-0.7809958009436375,0.0414633021244648,2.3004152463283942,3.5710341330740003,up,down,down,down,-0.0189950417509576,-0.0032185796075552,0.0,-1.4074330077889932e-05,8.109
5.25,-0.7799494173753487,0.08439401476900679,2.312954305348667,3.6079410894874173,up,down,down,down,-0.0189950417509576,-0.0032185796075552,0.0,-1.4074330077889932e-05,8.125
5.265000000000001,-0.7800658105589342,0.0112354961785931,2.3247026982522883,3.642723517014425,up,down,down,down,-0.0189950417509576,-0.0032185796075552,0.0,-1.4074330077889932e-05,8.14
5.281000000000001,-0.7801712369239429,0.0124058939379168,2.337236091905872,3.6800190273356903,up,down,down,down,-0.0189950417509576,-0.0032185796075552,0.0,-1.4074330077889932e-05,8.156
5.297000000000001,-0.7816667016044647,0.0744715007816587,2.3497822926878205,3.7175151744124397,up,down,down,down,-0.0189950417509576,-0.0032185796075552,0.0,-1.4074330077889932e-05,8.172
5.311999999999999,-0.7824714054122062,0.0346518787651431,2.3615616071845578,3.75285025366148,up,down,down,down,-0.0189950417509576,-0.0032185796075552,0.0,-1.4074330077889932e-05,8.187
5.327999999999999,-0.7809697981085151,0.11284549823165049,2.374120634086444,3.790735711591648,up,down,down,down,-0.0189950417509576,-0.0032185796075552,0.0,-1.4074330077889932e-05,8.203
5.343999999999999,-0.7794957243924365,0.1111246490058668,2.3866558555401727,3.828821923508661,up,down,down,down,-0.0189950417509576,-0.0032185796075552,0.0,-1.4074330077889932e-05,8.219
5.359,-0.7809671403615273,0.07909935618842051,2.398407605719941,3.8647098994681133,up,down,down,down,-0.0189950417509576,-0.0032185796075552,0.0,-1.4074330077889932e-05,8.234
5.375,-0.7830719720796502,0.112556940631725,2.4109714158931914,3.903184931641018,up,down,down,down,-0.0189950417509576,-0.0032185796075552,0.0,-1.4074330077889932e-05,8.25
5.390000000000001,-0.785109964704521,0.11687113324042461,2.4227810591131864,3.939438075203568,up,down,down,down,-0.0189950417509576,-0.0032185796075552,0.0,-1.4074330077889932e-05,8.265
5.406000000000001,-0.7841382671918513,0.0797261362928124,2.435386542242078,3.97830341601441,up,down,down,down,-0.0189950417509576,-0.0032185796075552,0.0,-1.4074330077889932e-05,8.281
5.422000000000001,-0.7855809251492847,0.07117108058862781,2.447995793054528,4.017370474696782,up,down,down,down,-0.0189950417509576,-0.0032185796075552,0.0,-1.4074330077889932e-05,8.297
5.436999999999999,-0.7869967443735302,0.075392906532083,2.4598384042700614,4.054179231176714,up,down,down,down,-0.0189950417509576,-0.0032185796075552,0.0,-1.4074330077889932e-05,8.312
5.452999999999999,-0.7861074222878148,0.07457767210816679,2.472474734877073,4.093637736289891,up,down,down,down,-0.0189950417509576,-0.0032185796075552,0.0,-1.4074330077889932e-05,8.328
5.468999999999999,-0.7840222914908352,0.14931571656218148,2.485087269861023,4.133298232327795,up,down,down,down,-0.0189950417509576,-0.0032185796075552,0.0,-1.4074330077889932e-05,8.344
5.484,-0.7819880175425631,0.15461330496909628,2.4968806258728877,4.170662991545801,up,down,down,down,-0.0189950417509576,-0.0032185796075552,0.0,-1.4074330077889932e-05,8.359
5.5,-0.7807386800176896,0.0970786370555475,2.50943393672709,4.210713508046601,up,down,down,down,-0.0189950417509576,-0.0032185796075552,0.0,-1.4074330077889932e-05,8.375
5.515000000000001,-0.7786491663106148,0.1582959555559447,2.5211776242686663,4.248443094754071,up,down,down,down,-0.0189950417509576,-0.0032185796075552,0.0,-1.4074330077889932e-05,8.39
5.531000000000001,-0.7785042854779451,0.0280500937928084,2.533686349156696,4.288882006541474,up,down,down,down,-0.0189950417509576,-0.0032185796075552,0.0,-1.4074330077889932e-05,8.406
5.547000000000001,-0.7783312053084188,0.029812552346353098,2.546192530356708,4.329521037577582,up,down,down,down,-0.0189950417509576,-0.0032185796075552,0.0,-1.4074330077889932e-05,8.422
5.561999999999999,-0.7790136182679213,0.026499155549208904,2.557920895227643,4.367801888269462,up,down,down,down,-0.0189950417509576,-0.0032185796075552,0.0,-1.4074330077889932e-05,8.437
5.577999999999999,-0.7796793870088994,0.022615504560174998,2.5704419365435784,4.408828790923631,up,down,down,down,-0.0189950417509576,-0.0032185796075552,0.0,-1.4074330077889932e-05,8.453
5.593999999999999,-0.7810531510331131,0.0668652097624011,2.5829792941216354,4.450056160768953,up,down,down,down,-0.0189950417509576,-0.0032185796075552,0.0,-1.4074330077889932e-05,8.469
5.609,-0.7823934086177111,0.0703554638889051,2.5947534220131305,4.488889156139965,up,down,down,down,-0.0189950417509576,-0.0032185796075552,0.0,-1.4074330077889932e-05,8.484
5.625,-0.7831488214889095,0.028218262698942398,2.6073292571277045,4.530505817573092,up,down,down,down,-0.0189950417509576,-0.0032185796075552,0.0,-1.4074330077889932e-05,8.5
5.640000000000001,-0.7838858096559314,0.030137502717162798,2.6191302955554043,4.569704264218217,up,down,down,down,-0.0189950417509576,-0.0032185796075552,0.0,-1.4074330077889932e-05,8.515
5.656000000000001,-0.7825372270628215,0.10328145382032511,2.6317131771228754,4.611711011999643,up,down,down,down,-0.0189950417509576,-0.0032185796075552,0.0,-1.4074330077889932e-05,8.531
5.672000000000001,-0.7812215367280793,0.10122568767234591,2.6442747445069235,4.653918915372681,up,down,down,down,-0.0189950417509576,-0.0032185796075552,0.0,-1.4074330077889932e-05,8.547
5.686999999999999,-0.7818514128500151,0.022996699711437703,2.6560460703228714,4.693671321483901,up,down,down,down,-0.0189950417509576,-0.0032185796075552,0.0,-1.4074330077889932e-05,8.562
5.702999999999999,-0.780909341420152,0.0778745061174034,2.668599653630753,4.73626848727553,up,down,down,down,-0.0189950417509576,-0.0032185796075552,0.0,-1.4074330077889932e-05,8.578
5.718999999999999,-0.7799879649000783,0.076581074255566,2.6811383293550364,4.779066391139417,up,down,down,down,-0.0189950417509576,-0.0032185796075552,0.0,-1.4074330077889932e-05,8.594
5.734,-0.7793604128777041,0.0608318432425686,2.692881720882484,4.819371541516199,up,down,down,down,-0.0189950417509576,-0.0032185796075552,0.0,-1.4074330077889932e-05,8.609
5.75,-0.7802531412892382,0.0368004839699232,2.70541012658954,4.862557876295975,up,down,down,down,-0.0189950417509576,-0.0032185796075552,0.0,-1.4074330077889932e-05,8.625
5.765000000000001,-0.7813585428442611,0.054698395250567695,2.7171704929146547,4.903227230942258,up,down,down,down,-0.0189950417509576,-0.0032185796075552,0.0,-1.4074330077889932e-05,8.64
5.781000000000001,-0.7824235031542468,0.047564977623149006,2.729732246556364,4.9468024528580266,up,down,down,down,-0.0189950417509576,-0.0032185796075552,0.0,-1.4074330077889932e-05,8.656
5.797000000000001,-0.78231059758971,0.0260516395345077,2.7423016166360363,4.990578723763566,up,down,down,down,-0.0189950417509576,-0.0032185796075552,0.0,-1.4074330077889932e-05,8.672
5.811999999999999,-0.7819671914378841,0.0418887852060215,2.754081978747856,5.031801600728942,up,down,down,down,-0.0189950417509576,-0.0032185796075552,0.0,-1.4074330077889932e-05,8.687
5.827999999999999,-0.7816495509811165,0.0388475702989276,2.766642409960929,5.075967395838612,up,down,down,down,-0.0189950417509576,-0.0032185796075552,0.0,-1.4074330077889932e-05,8.703
5.843999999999999,-0.7807001191676193,0.07833453009453689,2.77919270459584,5.120334076755066,up,down,down,down,-0.0189950417509576,-0.0032185796075552,0.0,-1.4074330077889932e-05,8.719
5.859,-0.7807024596875234,0.018839007090683698,2.790951502631367,5.162110158309272,up,down,down,down,-0.0189950417509576,-0.0032185796075552,0.0,-1.4074330077889932e-05,8.734
5.875,-0.7806984962883003,0.0192427542023975,2.8034942075528946,5.206865723990746,up,down,down,down,-0.0189950417509576,-0.0032185796075552,0.0,-1.4074330077889932e-05,8.75
5.890000000000001,-0.780241016194152,0.0494937146941808,2.815249532590627,5.249006302041824,up,down,down,down,-0.0189950417509576,-0.0032185796075552,0.0,-1.4074330077889932e-05,8.765
5.906000000000001,-0.7803891421416846,0.0,2.8277860711310345,5.294150586871598,up,down,down,down,-0.0189950417509576,-0.0032185796075552,0.0,-1.4074330077889932e-05,8.781
5.922000000000001,-0.7795574022000675,0.07097878810202721,2.8403171407594896,5.3394954125667216,up,down,down,down,-0.0189950417509576,-0.0032185796075552,0.0,-1.4074330077889932e-05,8.797
5.936999999999999,-0.7787663636700604,0.0717309437514399,2.852052847697628,5.382188187480146,up,down,down,down,-0.0189950417509576,-0.0032185796075552,0.0,-1.4074330077889932e-05,8.812
5.952999999999999,-0.7766418744773187,0.1517756162973114,2.864547610876528,5.427920991148739,up,down,down,down,-0.0189950417509576,-0.0032185796075552,0.0,-1.4074330077889932e-05,8.828
5.968999999999999,-0.7742724668716559,0.1670830171048851,2.8770064228810406,5.4738534234188,up,down,down,down,-0.0189950417509576,-0.0032185796075552,0.0,-1.4074330077889932e-05,8.844
5.984,-0.7719215676916225,0.1757216537531779,2.888651156834379,5.517095855266667,up,down,down,down,-0.0189950417509576,-0.0032185796075552,0.0,-1.4074330077889932e-05,8.859
6.0,-0.7715581273580288,0.0417100626005638,2.901050491668497,5.56341346845469,up,down,down,down,-0.0189950417509576,-0.0032185796075552,0.0,-1.4074330077889932e-05,8.875
6.015000000000001,-0.77170999561746,0.0,2.912673281284927,5.607016396751842,up,down,down,down,-0.0189950417509576,-0.0032185796075552,0.0,-1.4074330077889932e-05,8.89
6.031000000000001,-0.7718574009119283,0.0,2.925073317730883,5.653718369543968,up,down,down,down,-0.0189950417509576,-0.0032185796075552,0.0,-1.4074330077889932e-05,8.906
6.047000000000001,-0.7691066686033672,0.1909158110360296,2.9374525275607266,5.700618576306301,up,down,down,down,-0.0189950417509576,-0.0032185796075552,0.0,-1.4074330077889932e-05,8.922
6.061999999999999,-0.767313515509656,0.1385385813317137,2.9490239576356867,5.744767149945271,up,down,down,down,-0.0189950417509576,-0.0032185796075552,0.0,-1.4074330077889932e-05,8.937
6.077999999999999,-0.7651059405133775,0.1569684790183599,2.961334810557592,5.792050020090817,up,down,down,down,-0.0189950417509576,-0.0032185796075552,0.0,-1.4074330077889932e-05,8.953
6.093999999999999,-0.7629704421403254,0.15246369006671728,2.9736109188925424,5.839529585926418,up,down,down,down,-0.0189950417509576,-0.0032185796075552,0.0,-1.4074330077889932e-05,8.969
6.109,-0.7590492692178916,0.2804065699131989,2.9850743454218427,5.884219725408778,up,down,down,down,-0.0189950417509576,-0.0032185796075552,0.0,-1.4074330077889932e-05,8.984
6.125,-0.7552237346594186,0.25809095165552043,2.997240026726582,5.932078240385966,up,down,down,down,-0.0189950417509576,-0.0032185796075552,0.0,-1.4074330077889932e-05,9.0
6.140000000000001,-0.7511380840324673,0.2913717502143686,3.008586019060885,5.9771219357293734,up,down,down,down,-0.0189950417509576,-0.0032185796075552,0.0,-1.4074330077889932e-05,9.015
6.156000000000001,-0.7494315177641138,0.1256554335230529,3.0206420731489785,6.025355760467052,up,down,down,down,-0.0189950417509576,-0.0032185796075552,0.0,-1.4074330077889932e-05,9.031
6.172000000000001,-0.7477665750632809,0.1230539605530099,3.0326711551653185,6.073782266293566,up,down,down,down,-0.0189950417509576,-0.0032185796075552,0.0,-1.4074330077889932e-05,9.047
6.186999999999999,-0.7427761486944071,0.3516901330092385,3.043898504287613,6.11935653873946,up,down,down,down,-0.0189950417509576,-0.0032185796075552,0.0,-1.4074330077889932e-05,9.062
6.202999999999999,-0.7379074400418464,0.3232893325360027,3.0557954702712244,6.168154090535931,up,down,down,down,-0.0189950417509576,-0.0032185796075552,0.0,-1.4074330077889932e-05,9.078
6.218999999999999,-0.7330936823864178,0.31985489521524324,3.0676149765243714,6.217141374110296,up,down,down,down,-0.0189950417509576,-0.0032185796075552,0.0,-1.4074330077889932e-05,9.094
6.234,-0.7307284690252516,0.1766759324953676,3.0786419213540728,6.263238300844386,up,down,down,down,-0.0189950417509576,-0.0032185796075552,0.0,-1.4074330077889932e-05,9.109
6.25,-0.7284209437948466,0.1632153686512703,3.0903666139303545,6.312590369126662,up,down,down,down,-0.0189950417509576,-0.0032185796075552,0.0,-1.4074330077889932e-05,9.125
6.265000000000001,-0.7223164824919426,0.4259591286112078,3.101295423321619,6.359027834406054,up,down,down,down,-0.0189950417509576,-0.0032185796075552,0.0,-1.4074330077889932e-05,9.14
6.281000000000001,-0.7163609104891098,0.39121829192800783,3.112856339739188,6.4087410485105405,up,down,down,down,-0.0189950417509576,-0.0032185796075552,0.0,-1.4074330077889932e-05,9.156
6.297000000000001,-0.7106296835053616,0.377196728235218,3.124323761764865,6.458638489322574,up,down,down,down,-0.0189950417509576,-0.0032185796075552,0.0,-1.4074330077889932e-05,9.172
6.311999999999999,-0.7053109154958985,0.3735795757151909,3.134991594951487,6.505583354497942,up,down,down,down,-0.0189950417509576,-0.0032185796075552,0.0,-1.4074330077889932e-05,9.187
6.327999999999999,-0.700121873535446,0.3433101642792421,3.1462865545374585,6.555833579693854,up,down,down,down,-0.0189950417509576,-0.0032185796075552,0.0,-1.4074330077889932e-05,9.203
6.343999999999999,-0.692884584657449,0.4713255966257707,3.157482103476722,6.606263728957967,up,down,down,down,-0.0189950417509576,-0.0032185796075552,0.0,-1.4074330077889932e-05,9.219
6.359,-0.6858238150203775,0.4897130175557046,3.16787069516842,6.653703874947808,up,down,down,down,-0.0189950417509576,-0.0032185796075552,0.0,-1.4074330077889932e-05,9.234
6.375,-0.6766589450138891,0.5917994171564793,3.178822054522415,6.704477416945334,up,down,down,down,-0.0189950417509576,-0.0032185796075552,0.0,-1.4074330077889932e-05,9.25
6.390000000000001,-0.6691168988172613,0.5217981215261248,3.188963652045262,6.752235809744594,up,down,down,down,-0.0189950417509576,-0.0032185796075552,0.0,-1.4074330077889932e-05,9.265
6.406000000000001,-0.6606315027441454,0.5493322963207031,3.199653136531474,6.8033447440532075,up,down,down,down,-0.0189950417509576,-0.0032185796075552,0.0,-1.4074330077889932e-05,9.281
6.422000000000001,-0.6523607873248221,0.5359147554586657,3.210208572125747,6.854623637722466,up,down,down,down,-0.0189950417509576,-0.0032185796075552,0.0,-1.4074330077889932e-05,9.297
6.436999999999999,-0.6423923162232708,0.6835597818544312,3.2199674990964704,6.902849958256628,up,down,down,down,-0.0189950417509576,-0.0032185796075552,0.0,-1.4074330077889932e-05,9.312
6.452999999999999,-0.6346657500969197,0.5019054246478966,3.2302354609007526,6.954451581936605,up,down,down,down,-0.0189950417509576,-0.0032185796075552,0.0,-1.4074330077889932e-05,9.328
6.468999999999999,-0.6271795218675837,0.4868843060844558,3.240381720350189,7.006216519386613,up,down,down,down,-0.0189950417509576,-0.0032185796075552,0.0,-1.4074330077889932e-05,9.344
6.484,-0.6169354492496062,0.7019332162827684,3.2497608613276823,7.054892588749199,up,down,down,down,-0.0189950417509576,-0.0032185796075552,0.0,-1.4074330077889932e-05,9.359
6.5,-0.6053107073837527,0.7455414083668003,3.25959032785447,7.106967398262657,up,down,down,down,-0.0189950417509576,-0.0032185796075552,0.0,-1.4074330077889932e-05,9.375
6.515000000000001,-0.5939128688405138,0.7788509446335252,3.2686327833702657,7.155929071596844,up,down,down,down,-0.0189950417509576,-0.0032185796075552,0.0,-1.4074330077889932e-05,9.39
6.531000000000001,-0.5857380401274899,0.5299218363149499,3.2781214879157305,7.208303105767133,up,down,down,down,-0.0189950417509576,-0.0032185796075552,0.0,-1.4074330077889932e-05,9.406
6.547000000000001,-0.5756619633361293,0.6487498412109931,3.28746418521716,7.260827791152196,up,down,down,down,-0.0189950417509576,-0.0032185796075552,0.0,-1.4074330077889932e-05,9.422
6.561999999999999,-0.5632947661199719,0.8434748561615187,3.2960546393821937,7.310204182336688,up,down,down,down,-0.0189950417509576,-0.0032185796075552,0.0,-1.4074330077889932e-05,9.437
6.577999999999999,-0.5512125090449125,0.7741361089421687,3.3050221948572336,7.363012797010603,up,down,down,down,-0.0189950417509576,-0.0032185796075552,0.0,-1.4074330077889932e-05,9.453
6.593999999999999,-0.542908305931876,0.5380077363157371,3.3138266586507688,7.415963587838667,up,down,down,down,-0.0189950417509576,-0.0032185796075552,0.0,-1.4074330077889932e-05,9.469
6.609,-0.529137031397978,0.9370800106774586,3.321915277374856,7.465731652358861,up,down,down,down,-0.0189950417509576,-0.0032185796075552,0.0,-1.4074330077889932e-05,9.484
6.625,-0.5156802621295924,0.860043121025055,3.3303253129967976,7.518949577081834,up,down,down,down,-0.0189950417509576,-0.0032185796075552,0.0,-1.4074330077889932e-05,9.5
6.640000000000001,-0.5045266664771226,0.7625680852489135,3.3380251436554618,7.568962205506728,up,down,down,down,-0.0189950417509576,-0.0032185796075552,0.0,-1.4074330077889932e-05,9.515
6.656000000000001,-0.4961125606221497,0.5448766576867653,3.3460817547459767,7.62243506069394,up,down,down,down,-0.0189950417509576,-0.0032185796075552,0.0,-1.4074330077889932e-05,9.531
6.672000000000001,-0.48792401701055255,0.5307790174757793,3.354005544640759,7.676035759089034,up,down,down,down,-0.0189950417509576,-0.0032185796075552,0.0,-1.4074330077889932e-05,9.547
6.686999999999999,-0.47789145666552457,0.6878323980862097,3.3612974393874424,7.726400531469242,up,down,down,down,-0.0189950417509576,-0.0032185796075552,0.0,-1.4074330077889932e-05,9.562
6.702999999999999,-0.46793481948048665,0.641284865815827,3.368915546870332,7.780242235359304,up,down,down,down,-0.0189950417509576,-0.0032185796075552,0.0,-1.4074330077889932e-05,9.578
6.718999999999999,-0.45861763035855496,0.6013193618716877,3.3763794637427647,7.834204595444208,up,down,down,down,-0.0189950417509576,-0.0032185796075552,0.0,-1.4074330077889932e-05,9.594
6.734,-0.4495152552912476,0.6258200462380931,3.3832387390792515,7.884901731965376,up,down,down,down,-0.0189950417509576,-0.0032185796075552,0.0,-1.4074330077889932e-05,9.609
6.75,-0.44059495843796626,0.5765135950810402,3.390411118062806,7.939090930822512,up,down,down,down,-0.0189950417509576,-0.0032185796075552,0.0,-1.4074330077889932e-05,9.625
6.765000000000001,-0.43287879799939155,0.5334057376559184,3.3970104499302,7.989996592582461,up,down,down,down,-0.0189950417509576,-0.0032185796075552,0.0,-1.4074330077889932e-05,9.64
6.781000000000001,-0.42537367917569746,0.4880649682318378,3.403927967021321,8.044404099918074,up,down,down,down,-0.0189950417509576,-0.0032185796075552,0.0,-1.4074330077889932e-05,9.656
6.797000000000001,-0.41713420686936864,0.5339620608965084,3.4107195273834026,8.098921279873311,up,down,down,down,-0.0189950417509576,-0.0032185796075552,0.0,-1.4074330077889932e-05,9.672
6.811999999999999,-0.4090956973022184,0.5548956795610169,3.4169645303588023,8.150128910306373,up,down,down,down,-0.0189950417509576,-0.0032185796075552,0.0,-1.4074330077889932e-05,9.687
6.827999999999999,-0.40057419473641787,0.5515889521134903,3.423493386768832,8.204852573643395,up,down,down,down,-0.0189950417509576,-0.0032185796075552,0.0,-1.4074330077889932e-05,9.703
6.843999999999999,-0.3922605336966125,0.5385988567387917,3.429887561870017,8.259679621232506,up,down,down,down,-0.0189950417509576,-0.0032185796075552,0.0,-1.4074330077889932e-05,9.719
6.859,-0.38336662355894013,0.611922384262427,3.4357530442435475,8.311171925778359,up,down,down,down,-0.0189950417509576,-0.0032185796075552,0.0,-1.4074330077889932e-05,9.734
6.875,-0.37309760718872553,0.6608085648893696,3.4418562553632497,8.366192800175213,up,down,down,down,-0.0189950417509576,-0.0032185796075552,0.0,-1.4074330077889932e-05,9.75
6.890000000000001,-0.36305665365774153,0.6883919438165321,3.4474256910137115,8.417862414773042,up,down,down,down,-0.0189950417509576,-0.0032185796075552,0.0,-1.4074330077889932e-05,9.765
6.906000000000001,-0.3541305625010125,0.5768757390465223,3.4532146860167026,8.473067537789285,up,down,down,down,-0.0189950417509576,-0.0032185796075552,0.0,-1.4074330077889932e-05,9.781
6.922000000000001,-0.3468093453401231,0.4765711143065449,3.4588737025531526,8.528364244897844,up,down,down,down,-0.0189950417509576,-0.0032185796075552,0.0,-1.4074330077889932e-05,9.797
6.936999999999999,-0.3397278710376739,0.4910933285809429,3.464071010370099,8.580286330244764,up,down,down,down,-0.0189950417509576,-0.0032185796075552,0.0,-1.4074330077889932e-05,9.812
6.952999999999999,-0.3316652954897137,0.5229060134984692,3.469493652976039,8.635754847551533,up,down,down,down,-0.0189950417509576,-0.0032185796075552,0.0,-1.4074330077889932e-05,9.828
6.968999999999999,-0.32276670274416297,0.5751570883478768,3.474780606235631,8.691309041625226,up,down,down,down,-0.0189950417509576,-0.0032185796075552,0.0,-1.4074330077889932e-05,9.844
6.984,-0.31408514884606475,0.59776530162415,3.4796052738166714,8.743466935725621,up,down,down,down,-0.0189950417509576,-0.0032185796075552,0.0,-1.4074330077889932e-05,9.859
7.0,-0.3062484127297349,0.5087910490215725,3.484619439582999,8.799180733432818,up,down,down,down,-0.0189950417509576,-0.0032185796075552,0.0,-1.4074330077889932e-05,9.875
7.015000000000001,-0.2986028165186809,0.5287014558212039,3.4892041024964757,8.851484409998417,up,down,down,down,-0.0189950417509576,-0.0032185796075552,0.0,-1.4074330077889932e-05,9.89
7.031000000000001,-0.2907985222898972,0.5067634310499386,3.493970810480665,8.907349809302234,up,down,down,down,-0.0189950417509576,-0.0032185796075552,0.0,-1.4074330077889932e-05,9.906
7.047000000000001,-0.2831845767008403,0.494866641067015,3.498614172546312,8.96329048916645,up,down,down,down,-0.0189950417509576,-0.0032185796075552,0.0,-1.4074330077889932e-05,9.922
7.061999999999999,-0.2758288086641958,0.5093795775272973,3.5028550516306627,9.015801508347772,up,down,down,down,-0.0189950417509576,-0.0032185796075552,0.0,-1.4074330077889932e-05,9.937
7.077999999999999,-0.2727629858361649,0.21060896850288968,3.5072952832603863,9.071882711026902,up,down,down,down,-0.0189950417509576,-0.0032185796075552,0.0,-1.4074330077889932e-05,9.953
7.093999999999999,-0.26690157425889716,0.3853332653301895,3.511664097014868,9.128034386069103,up,down,down,down,-0.0189950417509576,-0.0032185796075552,0.0,-1.4074330077889932e-05,9.969
7.109,-0.2612121976107762,0.3982868182923412,3.515673228998004,9.180739416014202,up,down,down,down,-0.0189950417509576,-0.0032185796075552,0.0,-1.4074330077889932e-05,9.984
7.125,-0.25468452179329226,0.4269747803437025,3.519851900026957,9.237023617046402,up,down,down,down,-0.0189950417509576,-0.0032185796075552,0.0,-1.4074330077889932e-05,10.0
7.140000000000001,-0.248666767532324,0.4201786591488283,3.5236753133910126,9.28985007114704,up,down,down,down,-0.0189950417509576,-0.0032185796075552,0.0,-1.4074330077889932e-05,10.015
7.156000000000001,-0.2420635838452103,0.43169402219556074,3.5276526534757537,9.346260694881973,up,down,down,down,-0.0189950417509576,-0.0032185796075552,0.0,-1.4074330077889932e-05,10.031
7.172000000000001,-0.2356039151507261,0.4227243351562211,3.531525490741442,9.402734120035712,up,down,down,down,-0.0189950417509576,-0.0032185796075552,0.0,-1.4074330077889932e-05,10.047
7.186999999999999,-0.229792064444835,0.4064517554770604,3.5350642392825216,9.455733543010886,up,down,down,down,-0.0189950417509576,-0.0032185796075552,0.0,-1.4074330077889932e-05,10.062
7.202999999999999,-0.2255382854357677,0.2848562298176646,3.5387583793552877,9.51232412395999,up,down,down,down,-0.0189950417509576,-0.0032185796075552,0.0,-1.4074330077889932e-05,10.078
7.218999999999999,-0.2214512540688283,0.2744345021846725,3.542385792945045,9.568973277338392,up,down,down,down,-0.0189950417509576,-0.0032185796075552,0.0,-1.4074330077889932e-05,10.094
7.234,-0.2152094883118334,0.4351127588839329,3.545709027207013,9.622133988489534,up,down,down,down,-0.0189950417509576,-0.0032185796075552,0.0,-1.4074330077889932e-05,10.109
7.25,-0.2122157881079065,0.2061013044963864,3.5491799266920925,9.678893100120726,up,down,down,down,-0.0189950417509576,-0.0032185796075552,0.0,-1.4074330077889932e-05,10.125
7.265000000000001,-0.2092528632807209,0.2165233635633255,3.5523892202716207,9.732154868722956,up,down,down,down,-0.0189950417509576,-0.0032185796075552,0.0,-1.4074330077889932e-05,10.14
7.281000000000001,-0.205873763188384,0.2301887975220126,3.5557617305570943,9.789020076329585,up,down,down,down,-0.0189950417509576,-0.0032185796075552,0.0,-1.4074330077889932e-05,10.156
7.297000000000001,-0.2019344484749759,0.26520221133896593,3.559075693524122,9.845938775722233,up,down,down,down,-0.0189950417509576,-0.0032185796075552,0.0,-1.4074330077889932e-05,10.172
7.311999999999999,-0.1980077912013822,0.28077219332388853,3.562123539015808,9.89934776996628,up,down,down,down,-0.0189950417509576,-0.0032185796075552,0.0,-1.4074330077889932e-05,10.187
7.327999999999999,-0.1941428664737526,0.2605528372278118,3.565312241550929,9.956367256210815,up,down,down,down,-0.0189950417509576,-0.0032185796075552,0.0,-1.4074330077889932e-05,10.203
7.343999999999999,-0.1886064436055363,0.36502147101447013,3.568425733305285,10.013437160009664,up,down,down,down,-0.0189950417509576,-0.0032185796075552,0.0,-1.4074330077889932e-05,10.219
7.359,-0.1831830975351281,0.38055144644482963,3.571262433557953,10.066984821261142,up,down,down,down,-0.0189950417509576,-0.0032185796075552,0.0,-1.4074330077889932e-05,10.234
7.375,-0.1779072963848556,0.34873261364298763,3.574202653983034,10.12414854196147,up,down,down,down,-0.0189950417509576,-0.0032185796075552,0.0,-1.4074330077889932e-05,10.25
7.390000000000001,-0.1737379844398124,0.29694917142049504,3.5768882722833326,10.17778172390847,up,down,down,down,-0.0189950417509576,-0.0032185796075552,0.0,-1.4074330077889932e-05,10.265
7.406000000000001,-0.1710871369037896,0.1846730127523785,3.5796983705278023,10.235034417050958,up,down,down,down,-0.0189950417509576,-0.0032185796075552,0.0,-1.4074330077889932e-05,10.281
7.422000000000001,-0.1685361808573056,0.1784297946562094,3.582466854343612,10.29233173884993,up,down,down,down,-0.0189950417509576,-0.0032185796075552,0.0,-1.4074330077889932e-05,10.297
7.436999999999999,-0.1631666712931352,0.37696234602901124,3.5850029044288534,10.346087762040717,up,down,down,down,-0.0189950417509576,-0.0032185796075552,0.0,-1.4074330077889932e-05,10.312
7.452999999999999,-0.1615074440222095,0.1226967461838144,3.587651794625097,10.403468999633152,up,down,down,down,-0.0189950417509576,-0.0032185796075552,0.0,-1.4074330077889932e-05,10.328
7.468999999999999,-0.1591865245995798,0.1640525056653128,3.590268843647792,10.460892364739333,up,down,down,down,-0.0189950417509576,-0.0032185796075552,0.0,-1.4074330077889932e-05,10.344
7.484,-0.1568878917253666,0.172237233365163,3.5926876804643424,10.514764538670178,up,down,down,down,-0.0189950417509576,-0.0032185796075552,0.0,-1.4074330077889932e-05,10.359
7.5,-0.1515496582556786,0.352634633606463,3.595206678137912,10.572267693538997,up,down,down,down,-0.0189950417509576,-0.0032185796075552,0.0,-1.4074330077889932e-05,10.375
7.515000000000001,-0.1495234439957684,0.1540759924116271,3.597513005098911,10.626213091163276,up,down,down,down,-0.0189950417509576,-0.0032185796075552,0.0,-1.4074330077889932e-05,10.39
7.531000000000001,-0.1475466495958564,0.1425446917454607,3.599941063121365,10.683792723709038,up,down,down,down,-0.0189950417509576,-0.0032185796075552,0.0,-1.4074330077889932e-05,10.406
7.547000000000001,-0.1456851233063805,0.1353404348432006,3.602338414578304,10.741410959530633,up,down,down,down,-0.0189950417509576,-0.0032185796075552,0.0,-1.4074330077889932e-05,10.422
7.561999999999999,-0.143869000097137,0.1400699223672016,3.604558349197944,10.795462685258952,up,down,down,down,-0.0189950417509576,-0.0032185796075552,0.0,-1.4074330077889932e-05,10.437
7.577999999999999,-0.1410355400452765,0.1960862949922368,3.606889082792804,10.853154264714878,up,down,down,down,-0.0189950417509576,-0.0032185796075552,0.0,-1.4074330077889932e-05,10.453
7.593999999999999,-0.1382711887751693,0.19176699613265819,3.609175033897088,10.910882777648398,up,down,down,down,-0.0189950417509576,-0.0032185796075552,0.0,-1.4074330077889932e-05,10.469
7.609,-0.1362454021350405,0.1540474844262029,3.611282187023028,10.9650362068053,up,down,down,down,-0.0189950417509576,-0.0032185796075552,0.0,-1.4074330077889932e-05,10.484
7.625,-0.1342690249251586,0.1425186173685808,3.6134977997132314,11.02283444669919,up,down,down,down,-0.0189950417509576,-0.0032185796075552,0.0,-1.4074330077889932e-05,10.5
7.640000000000001,-0.1312572167697556,0.2197822521111445,3.615537525220056,11.077052211636191,up,down,down,down,-0.0189950417509576,-0.0032185796075552,0.0,-1.4074330077889932e-05,10.515
7.656000000000001,-0.1282704014391136,0.2056709999160852,3.617665243439448,11.134917833785465,up,down,down,down,-0.0189950417509576,-0.0032185796075552,0.0,-1.4074330077889932e-05,10.531
7.672000000000001,-0.1276074557798878,0.060429145452567196,3.61976376357092,11.19281726584155,up,down,down,down,-0.0189950417509576,-0.0032185796075552,0.0,-1.4074330077889932e-05,10.547
7.686999999999999,-0.1258994826090731,0.1328599198052817,3.6217133443029503,11.2471283441506,up,down,down,down,-0.0189950417509576,-0.0032185796075552,0.0,-1.4074330077889932e-05,10.562
7.702999999999999,-0.12423316732047421,0.12313974728839189,3.623765902776108,11.305092178127232,up,down,down,down,-0.0189950417509576,-0.0032185796075552,0.0,-1.4074330077889932e-05,10.578
7.718999999999999,-0.1211339905032282,0.2126935928288273,3.625780337312418,11.363088548047942,up,down,down,down,-0.0189950417509576,-0.0032185796075552,0.0,-1.4074330077889932e-05,10.594
7.734,-0.118583986399992,0.1889953153000343,3.6276265008333057,11.417489099334036,up,down,down,down,-0.0189950417509576,-0.0032185796075552,0.0,-1.4074330077889932e-05,10.609
7.75,-0.1160888462747849,0.174941299576403,3.6295553807684247,11.475546554386849,up,down,down,down,-0.0189950417509576,-0.0032185796075552,0.0,-1.4074330077889932e-05,10.625
7.765000000000001,-0.11195898545934391,0.294319096113679,3.631314018200544,11.530003074879117,up,down,down,down,-0.0189950417509576,-0.0032185796075552,0.0,-1.4074330077889932e-05,10.64
7.781000000000001,-0.106846627915159,0.33851738826251554,3.633115960381261,11.588118514707773,up,down,down,down,-0.0189950417509576,-0.0032185796075552,0.0,-1.4074330077889932e-05,10.656
7.797000000000001,-0.1043606053029879,0.1743714550116457,3.634857115520727,11.646262299314989,up,down,down,down,-0.0189950417509576,-0.0032185796075552,0.0,-1.4074330077889932e-05,10.672
7.811999999999999,-0.1019708650957334,0.17831105556794208,3.6364528802428304,11.700797124283211,up,down,down,down,-0.0189950417509576,-0.0032185796075552,0.0,-1.4074330077889932e-05,10.687
7.827999999999999,-0.0995405080259921,0.1708923586097863,3.638116468501525,11.758993679073166,up,down,down,down,-0.0189950417509576,-0.0032185796075552,0.0,-1.4074330077889932e-05,10.703
7.843999999999999,-0.0966146939610848,0.2018584208076654,3.639737207391143,11.817216508480305,up,down,down,down,-0.0189950417509576,-0.0032185796075552,0.0,-1.4074330077889932e-05,10.719
7.859,-0.0938157058744728,0.20559424752508,3.641213714084023,11.871823640391375,up,down,down,down,-0.0189950417509576,-0.0032185796075552,0.0,-1.4074330077889932e-05,10.734
7.875,-0.0911614536728731,0.18488580435094248,3.6427450286341214,11.930095310333117,up,down,down,down,-0.0189950417509576,-0.0032185796075552,0.0,-1.4074330077889932e-05,10.75
7.890000000000001,-0.0881153235657752,0.222070382224141,3.6441378831575255,11.984746932171557,up,down,down,down,-0.0189950417509576,-0.0032185796075552,0.0,-1.4074330077889932e-05,10.765
7.906000000000001,-0.0851351412589487,0.20525643592761408,3.645575384149845,12.043064638310018,up,down,down,down,-0.0189950417509576,-0.0032185796075552,0.0,-1.4074330077889932e-05,10.781
7.922000000000001,-0.0807911850964977,0.2904923019041436,3.6469542920344087,12.101404875719492,up,down,down,down,-0.0189950417509576,-0.0032185796075552,0.0,-1.4074330077889932e-05,10.797
7.936999999999999,-0.0792600638601879,0.1210697908382877,3.648202955095697,12.156118555072961,up,down,down,down,-0.0189950417509576,-0.0032185796075552,0.0,-1.4074330077889932e-05,10.812
7.952999999999999,-0.0778254299027789,0.1086596640890167,3.649511136319522,12.214500267804286,up,down,down,down,-0.0189950417509576,-0.0032185796075552,0.0,-1.4074330077889932e-05,10.828
7.968999999999999,-0.0764044750364068,0.10780472089921811,3.650796472832756,12.272902728677503,up,down,down,down,-0.0189950417509576,-0.0032185796075552,0.0,-1.4074330077889932e-05,10.844
7.984,-0.0755938435287806,0.0730371422593668,3.651984738916109,12.327673587765622,up,down,down,down,-0.0189950417509576,-0.0032185796075552,0.0,-1.4074330077889932e-05,10.859
8.0,-0.073219676646838,0.16738047187236899,3.653226744351234,12.38611527963176,up,down,down,down,-0.0189950417509576,-0.0032185796075552,0.0,-1.4074330077889932e-05,10.875
8.015,-0.0708665201107905,0.17587214415411878,3.6543556695210295,12.440922147735806,up,down,down,down,-0.0189950417509576,-0.0032185796075552,0.0,-1.4074330077889932e-05,10.89
8.031,-0.06727698253591011,0.24334114018098568,3.655512314815924,12.4994010916105,up,down,down,down,-0.0189950417509576,-0.0032185796075552,0.0,-1.4074330077889932e-05,10.906
8.047,-0.0649606408773451,0.1637663954112687,3.656621713076951,12.557898163833642,up,down,down,down,-0.0189950417509576,-0.0032185796075552,0.0,-1.4074330077889932e-05,10.922
8.062,-0.062691315705548,0.1702833865374445,3.657627381445436,12.612755032042553,up,down,down,down,-0.0189950417509576,-0.0032185796075552,0.0,-1.4074330077889932e-05,10.937
8.078,-0.062468429488371,0.0329254303245151,3.658680156680708,12.671285492347566,up,down,down,down,-0.0189950417509576,-0.0032185796075552,0.0,-1.4074330077889932e-05,10.953
8.094,-0.0624623936240756,0.0193722832694253,3.659731100539328,12.729832782405326,up,down,down,down,-0.0189950417509576,-0.0032185796075552,0.0,-1.4074330077889932e-05,10.969
8.109,-0.061287921446142604,0.09729318694648681,3.660707506596468,12.784736071958847,up,down,down,down,-0.0189950417509576,-0.0032185796075552,0.0,-1.4074330077889932e-05,10.984
8.125,-0.0601716571851281,0.08876155806436509,3.661730680499239,12.843315577455611,up,down,down,down,-0.0189950417509576,-0.0032185796075552,0.0,-1.4074330077889932e-05,11.0
8.14,-0.0595994185454085,0.0571442843989266,3.6626772422613314,12.898248636876318,up,down,down,down,-0.0189950417509576,-0.0032185796075552,0.0,-1.4074330077889932e-05,11.015
8.156,-0.0582128814985587,0.10565360717906791,3.663671237935404,12.956859424717889,up,down,down,down,-0.0189950417509576,-0.0032185796075552,0.0,-1.4074330077889932e-05,11.031
8.172,-0.0568601624284604,0.10353998363210579,3.664643319560541,13.015485941177857,up,down,down,down,-0.0189950417509576,-0.0032185796075552,0.0,-1.4074330077889932e-05,11.047
8.187,-0.0540997717489642,0.2030210870507179,3.665523797760985,13.070462194557766,up,down,down,down,-0.0189950417509576,-0.0032185796075552,0.0,-1.4074330077889932e-05,11.062
8.203,-0.0514067076714077,0.18731154659823418,3.666419346870069,13.129117739714813,up,down,down,down,-0.0189950417509576,-0.0032185796075552,0.0,-1.4074330077889932e-05,11.078
8.219,-0.051909225304211,0.0124123102992479,3.667297371607595,13.187787473462638,up,down,down,down,-0.0189950417509576,-0.0032185796075552,0.0,-1.4074330077889932e-05,11.094
8.234,-0.0483872378486687,0.2537942054537707,3.668097873775355,13.242802937803011,up,down,down,down,-0.0189950417509576,-0.0032185796075552,0.0,-1.4074330077889932e-05,11.109
8.25,-0.046353454899586304,0.14610647606860788,3.668907296591062,13.301498979165943,up,down,down,down,-0.0189950417509576,-0.0032185796075552,0.0,-1.4074330077889932e-05,11.125
8.265,-0.0453001422054822,0.08921588802456401,3.669642977263463,13.356538106219853,up,down,down,down,-0.0189950417509576,-0.0032185796075552,0.0,-1.4074330077889932e-05,11.14
8.281,-0.0442725200648937,0.0832214255377382,3.670411055835347,13.415258538484645,up,down,down,down,-0.0189950417509576,-0.0032185796075552,0.0,-1.4074330077889932e-05,11.156
8.297,-0.0432418098597917,0.08341442956982789,3.6711626677484657,13.473991128273315,up,down,down,down,-0.0189950417509576,-0.0032185796075552,0.0,-1.4074330077889932e-05,11.172
8.312,-0.0412762198427092,0.1500343762231361,3.671844831665348,13.529063684518913,up,down,down,down,-0.0189950417509576,-0.0032185796075552,0.0,-1.4074330077889932e-05,11.187
8.328,-0.0395504231108639,0.1268573374912927,3.672542942082697,13.5878187867089,up,down,down,down,-0.0189950417509576,-0.0032185796075552,0.0,-1.4074330077889932e-05,11.203
8.344,-0.037866718982233,0.1242265497903847,3.6732137764931623,13.646584840457505,up,down,down,down,-0.0189950417509576,-0.0032185796075552,0.0,-1.4074330077889932e-05,11.219
8.359,-0.038397414617771,0.016384667284906403,3.673834036189276,13.701687699052625,up,down,down,down,-0.0189950417509576,-0.0032185796075552,0.0,-1.4074330077889932e-05,11.234
8.375,-0.0378078911983781,0.0558402554630131,3.6744951759095263,13.760474332749418,up,down,down,down,-0.0189950417509576,-0.0032185796075552,0.0,-1.4074330077889932e-05,11.25
8.39,-0.0372327463989705,0.0573380283781273,3.67510625938562,13.815596343514134,up,down,down,down,-0.0189950417509576,-0.0032185796075552,0.0,-1.4074330077889932e-05,11.265
8.406,-0.0361775527232968,0.0849446464805668,3.675745039052319,13.874403153901637,up,down,down,down,-0.0189950417509576,-0.0032185796075552,0.0,-1.4074330077889932e-05,11.281
8.422,-0.0351480954787373,0.0833361195359259,3.676367141511656,13.933220051346149,up,down,down,down,-0.0189950417509576,-0.0032185796075552,0.0,-1.4074330077889932e-05,11.297
8.437,-0.0342990546295709,0.0755977650287202,3.676936273831582,13.988369826961218,up,down,down,down,-0.0189950417509576,-0.0032185796075552,0.0,-1.4074330077889932e-05,11.312
8.453,-0.0334527399171431,0.07188971127769489,3.677529785461677,14.047205555435564,up,down,down,down,-0.0189950417509576,-0.0032185796075552,0.0,-1.4074330077889932e-05,11.328
8.469,-0.0337002273670048,0.0,3.678118506473671,14.106050741771046,up,down,down,down,-0.0189950417509576,-0.0032185796075552,0.0,-1.4074330077889932e-05,11.344
8.484,-0.0341939247010963,0.013918113855136902,3.678675991308295,14.161226700504415,up,down,down,down,-0.0189950417509576,-0.0032185796075552,0.0,-1.4074330077889932e-05,11.359
8.5,-0.0346648142648043,0.0104355559807923,3.679278358493743,14.22009033530283,up,down,down,down,-0.0189950417509576,-0.0032185796075552,0.0,-1.4074330077889932e-05,11.375
8.515,-0.0322354119433559,0.1809551965141776,3.679828388884417,14.27528363590817,up,down,down,down,-0.0189950417509576,-0.0032185796075552,0.0,-1.4074330077889932e-05,11.39
8.531,-0.0323544229756507,0.011556852232530399,3.6803966048374894,14.334165435857944,up,down,down,down,-0.0189950417509576,-0.0032185796075552,0.0,-1.4074330077889932e-05,11.406
8.547,-0.0330498222188051,0.024467410946194,3.680971336072767,14.393056379385225,up,down,down,down,-0.0189950417509576,-0.0032185796075552,0.0,-1.4074330077889932e-05,11.422
8.562,-0.0336998895300056,0.0243427789957412,3.681520237604997,14.448275066187806,up,down,down,down,-0.0189950417509576,-0.0032185796075552,0.0,-1.4074330077889932e-05,11.437
8.578,-0.030000385289222102,0.2502140567999242,3.682081337077271,14.507183878785266,up,down,down,down,-0.0189950417509576,-0.0032185796075552,0.0,-1.4074330077889932e-05,11.453
8.594,-0.029942352877196002,0.0226220675025866,3.682612376256323,14.566101428491933,up,down,down,down,-0.0189950417509576,-0.0032185796075552,0.0,-1.4074330077889932e-05,11.469
8.609,-0.0298448332172327,0.0254963524151771,3.683109058846145,14.621344339255204,up,down,down,down,-0.0189950417509576,-0.0032185796075552,0.0,-1.4074330077889932e-05,11.484
8.625,-0.0272496722231103,0.1811926038836062,3.683617312163389,14.680278150223282,up,down,down,down,-0.0189950417509576,-0.0032185796075552,0.0,-1.4074330077889932e-05,11.5
8.64,-0.0241454608499332,0.2259424666294283,3.6840510543555496,14.735535662972175,up,down,down,down,-0.0189950417509576,-0.0032185796075552,0.0,-1.4074330077889932e-05,11.515
8.656,-0.0211324189428801,0.20731016094177568,3.684464774667613,14.79448378960436,up,down,down,down,-0.0189950417509576,-0.0032185796075552,0.0,-1.4074330077889932e-05,11.531
8.672,-0.0201340593052457,0.0813925191031071,3.684846403767319,14.85343827903184,up,down,down,down,-0.0189950417509576,-0.0032185796075552,0.0,-1.4074330077889932e-05,11.547
8.687,-0.0205618435580792,0.0,3.6851999017329073,14.908713626323086,up,down,down,down,-0.0189950417509576,-0.0032185796075552,0.0,-1.4074330077889932e-05,11.562
8.703,-0.0199398915147686,0.0578670444578709,3.685575412887211,14.967679828840048,up,down,down,down,-0.0189950417509576,-0.0032185796075552,0.0,-1.4074330077889932e-05,11.578
8.719,-0.0193124093568713,0.058212676619539896,3.685940928567905,15.026651959571689,up,down,down,down,-0.0189950417509576,-0.0032185796075552,0.0,-1.4074330077889932e-05,11.594
8.734,-0.0203909419709429,0.0529071325204828,3.686286982396977,15.08194366890393,up,down,down,down,-0.0189950417509576,-0.0032185796075552,0.0,-1.4074330077889932e-05,11.609
8.75,-0.0215840499588928,0.055574207495912,3.686674279606137,15.140927358999953,up,down,down,down,-0.0189950417509576,-0.0032185796075552,0.0,-1.4074330077889932e-05,11.625
8.765,-0.0227874851049314,0.06123396798494601,3.6870553448132286,15.196230331183102,up,down,down,down,-0.0189950417509576,-0.0032185796075552,0.0,-1.4074330077889932e-05,11.64
8.781,-0.0214529852832417,0.1024012806065675,3.687460765850055,15.255226460068405,up,down,down,down,-0.0189950417509576,-0.0032185796075552,0.0,-1.4074330077889932e-05,11.656
8.797,-0.0208292221770403,0.0579802358885438,3.6878505207834578,15.314228950361473,up,down,down,down,-0.0189950417509576,-0.0032185796075552,0.0,-1.4074330077889932e-05,11.672
8.812,-0.0202206728051362,0.059564999877903,3.688206673689937,15.36954937932002,up,down,down,down,-0.0189950417509576,-0.0032185796075552,0.0,-1.4074330077889932e-05,11.687
8.828,-0.0179179303967611,0.1629164422743965,3.688563279789273,15.428563538947854,up,down,down,down,-0.0189950417509576,-0.0032185796075552,0.0,-1.4074330077889932e-05,11.703
8.844,-0.015671352437371,0.1594061642128384,3.6888834913256674,15.487583113116774,up,down,down,down,-0.0189950417509576,-0.0032185796075552,0.0,-1.4074330077889932e-05,11.719
8.859,-0.0144174260552461,0.10259013389261831,3.6891574358584753,15.542918420070658,up,down,down,down,-0.0189950417509576,-0.0032185796075552,0.0,-1.4074330077889932e-05,11.734
8.875,-0.013194083243416099,0.095453967490333,3.689429825206586,15.601947118159178,up,down,down,down,-0.0189950417509576,-0.0032185796075552,0.0,-1.4074330077889932e-05,11.75
8.89,-0.0126903946417176,0.0525742818641877,3.689672237484837,15.657290383629366,up,down,down,down,-0.0189950417509576,-0.0032185796075552,0.0,-1.4074330077889932e-05,11.765
8.906,-0.0113649342280002,0.10183631760829459,3.689916177389516,15.716327090948361,up,down,down,down,-0.0189950417509576,-0.0032185796075552,0.0,-1.4074330077889932e-05,11.781
8.922,-0.0100718021170554,0.0998157986850099,3.6901391685539977,15.77536753371591,up,down,down,down,-0.0189950417509576,-0.0032185796075552,0.0,-1.4074330077889932e-05,11.797
8.937,0.0,0.10168924018135281,3.690329221182544,15.83072104663893,up,down,down,down,-0.0189950417509576,-0.0032185796075552,0.0,-1.4074330077889932e-05,11.812
8.953,0.0,0.028458899317684798,3.6905280947869703,15.889767905166686,up,down,down,down,-0.0189950417509576,-0.0032185796075552,0.0,-1.4074330077889932e-05,11.828
8.969,-0.0103313966436467,0.027301486120845403,3.6907389684514222,15.948818041672594,up,down,down,down,-0.0189950417509576,-0.0032185796075552,0.0,-1.4074330077889932e-05,11.844
8.984,-0.0110246211598515,0.0272199259960268,3.690947417279062,16.004180689565576,up,down,down,down,-0.0189950417509576,-0.0032185796075552,0.0,-1.4074330077889932e-05,11.859
9.0,0.0,0.11647253922675269,3.6911628313716633,16.063237571554783,up,down,down,down,-0.0189950417509576,-0.0032185796075552,0.0,-1.4074330077889932e-05,11.875
9.015,-0.010054501483598,0.0203063104729899,3.6913575061859056,16.118606474086466,up,down,down,down,-0.0189950417509576,-0.0032185796075552,0.0,-1.4074330077889932e-05,11.89
9.031,0.0,0.10158741553611939,3.69155930365952,16.17766980856523,up,down,down,down,-0.0189950417509576,-0.0032185796075552,0.0,-1.4074330077889932e-05,11.906
9.047,0.0,0.10081037512921201,3.691740056946617,16.23673620345008,up,down,down,down,-0.0189950417509576,-0.0032185796075552,0.0,-1.4074330077889932e-05,11.922
9.062,0.0,0.17476550921436348,3.691882171135675,16.292113370160692,up,down,down,down,-0.0189950417509576,-0.0032185796075552,0.0,-1.4074330077889932e-05,11.937
9.078,0.0,0.0,3.692016568884742,16.351184560080856,up,down,down,down,-0.0189950417509576,-0.0032185796075552,0.0,-1.4074330077889932e-05,11.953
9.094,0.0,0.0,3.6921541996835927,16.410257926229402,up,down,down,down,-0.0189950417509576,-0.0032185796075552,0.0,-1.4074330077889932e-05,11.969
9.109,0.0,0.0873381058441329,3.6922968141425097,16.4656413088331,up,down,down,down,-0.0189950417509576,-0.0032185796075552,0.0,-1.4074330077889932e-05,11.984
9.125,0.0,0.1337140987354155,3.6924470121704394,16.524719259443604,up,down,down,down,-0.0189950417509576,-0.0032185796075552,0.0,-1.4074330077889932e-05,12.0
9.14,0.0,0.1383774750356328,3.6925606260110393,16.580106816729966,up,down,down,down,-0.0189950417509576,-0.0032185796075552,0.0,-1.4074330077889932e-05,12.015
9.156,0.0,0.0295851773176592,3.692673706483727,16.639188691389926,up,down,down,down,-0.0189950417509576,-0.0032185796075552,0.0,-1.4074330077889932e-05,12.031
9.172,0.0,0.0451438889383926,3.692801215007583,16.698272490761855,up,down,down,down,-0.0189950417509576,-0.0032185796075552,0.0,-1.4074330077889932e-05,12.047
9.187,0.0,0.0612863282966091,3.692923693150645,16.753665427573036,up,down,down,down,-0.0189950417509576,-0.0032185796075552,0.0,-1.4074330077889932e-05,12.062
9.203,0.0,0.056057134515840996,3.6930445176009847,16.81275317325905,up,down,down,down,-0.0189950417509576,-0.0032185796075552,0.0,-1.4074330077889932e-05,12.078
9.219,0.0,0.06404876070642529,3.693154831227425,16.871842768049678,up,down,down,down,-0.0189950417509576,-0.0032185796075552,0.0,-1.4074330077889932e-05,12.094
9.234,0.0,0.0830548510900117,3.6932456370773865,16.927240771561966,up,down,down,down,-0.0189950417509576,-0.0032185796075552,0.0,-1.4074330077889932e-05,12.109
9.25,0.0,0.0754302462685484,3.693327585767381,16.986333357344723,up,down,down,down,-0.0189950417509576,-0.0032185796075552,0.0,-1.4074330077889932e-05,12.125
9.265,0.0,0.1746102361292889,3.69338013373034,17.041733665240958,up,down,down,down,-0.0189950417509576,-0.0032185796075552,0.0,-1.4074330077889932e-05,12.14
9.281,0.0,0.0464670070499105,3.6934139946559466,17.10082801826805,up,down,down,down,-0.0189950417509576,-0.0032185796075552,0.0,-1.4074330077889932e-05,12.156
9.297,0.0,0.045600159340630594,3.693440933714944,17.15992285769502,up,down,down,down,-0.0189950417509576,-0.0032185796075552,0.0,-1.4074330077889932e-05,12.172
9.312,0.0,0.1020261124922586,3.693453655473184,17.215324567113925,up,down,down,down,-0.0189950417509576,-0.0032185796075552,0.0,-1.4074330077889932e-05,12.187
9.328,0.0,0.027287532975095403,3.693463185789716,17.274419901844027,up,down,down,down,-0.0189950417509576,-0.0032185796075552,0.0,-1.4074330077889932e-05,12.203
9.344,0.0,0.08755821714911949,3.693492279092952,17.33351554556309,up,down,down,down,-0.0189950417509576,-0.0032185796075552,0.0,-1.4074330077889932e-05,12.219
9.359,0.0,0.0942273087627282,3.693545077970237,17.388918325741063,up,down,down,down,-0.0189950417509576,-0.0032185796075552,0.0,-1.4074330077889932e-05,12.234
9.375,0.0,0.11289477272657919,3.693602964289171,17.448015510079138,up,down,down,down,-0.0189950417509576,-0.0032185796075552,0.0,-1.4074330077889932e-05,12.25
9.39,0.0,0.13534015170234479,3.693632875920585,17.503419778880712,up,down,down,down,-0.0189950417509576,-0.0032185796075552,0.0,-1.4074330077889932e-05,12.265
9.406,0.0,0.1221727113184243,3.693637613505861,17.562517942796124,up,down,down,down,-0.0189950417509576,-0.0032185796075552,0.0,-1.4074330077889932e-05,12.281
9.422,0.0,0.0,3.693630430775428,17.621616087150375,up,down,down,down,-0.0189950417509576,-0.0032185796075552,0.0,-1.4074330077889932e-05,12.297
9.437,0.0,0.0404749971434005,3.6936224864950336,17.6770204840299,up,down,down,down,-0.0189950417509576,-0.0032185796075552,0.0,-1.4074330077889932e-05,12.312
9.453,0.0,0.039438157243276595,3.6936088182825184,17.73611833446812,up,down,down,down,-0.0189950417509576,-0.0032185796075552,0.0,-1.4074330077889932e-05,12.328
9.469,0.0,0.10705492925866511,3.693581261685618,17.795215855107866,up,down,down,down,-0.0189950417509576,-0.0032185796075552,0.0,-1.4074330077889932e-05,12.344
9.484,0.0,0.08822119279383189,3.6935569220159095,17.85061939148563,up,down,down,down,-0.0189950417509576,-0.0032185796075552,0.0,-1.4074330077889932e-05,12.359
9.5,0.0,0.0154037941834106,3.693544285329388,17.90971620114439,up,down,down,down,-0.0189950417509576,-0.0032185796075552,0.0,-1.4074330077889932e-05,12.375
9.515,0.0,0.015257808509979499,3.6935332898242215,17.965119282958046,up,down,down,down,-0.0189950417509576,-0.0032185796075552,0.0,-1.4074330077889932e-05,12.39
