timestamps,aAcc,aJerk,aVelocity,aHeight,jerks_direction,accelerations_direction,velocities_direction,heights_direction,actual_timestamps
0.0,0.0,-0.0518888677907113,0.0,0.0,down,up,up,down,24.703
0.01600000000000179,0.0007630715851583,-0.0476919740723893,2.6240928925780338e-05,0.1260333925851853,down,up,up,down,24.719
0.03200000000000003,0.0015544416225133002,-0.0494606273346908,4.004632487131232e-05,0.25206646479969663,down,up,up,down,24.735
0.0470000000000006,0.0030304047739288,-0.0983975434277047,3.5983884655976794e-05,0.3702223969286962,down,up,up,down,24.75
0.06299999999999883,0.0017908623902443,0.0774713989802974,2.9759248948657557e-05,0.49625547349620547,down,up,up,down,24.766
0.0779999999999994,0.0005650946904048001,0.0817178466559641,4.2413478600344945e-05,0.6144114345563025,down,up,up,down,24.781
0.0940000000000012,0.0008386874846593,-0.0170995496409068,6.352872280679378e-05,0.7404441895313028,down,up,up,down,24.797
0.10999999999999943,0.002713154649438,-0.1171541977986874,6.745948734199203e-05,0.8664767441381827,down,up,up,down,24.813
0.125,0.0034675214737642,-0.0502911216217427,5.142832417348586e-05,0.9846323548351421,down,up,up,down,24.828
0.1410000000000018,0.0042468355753335005,-0.0487071313480747,2.2058969388005778e-05,1.1106653694493787,down,up,up,down,24.844
0.15700000000000003,0.0033295790533002002,0.057328532627083,6.206846033585123e-06,1.2366988451449856,down,up,up,down,24.86
0.1720000000000006,0.0051378959266958,-0.1205544582263657,3.938900062649964e-05,1.3548556894693888,down,up,up,down,24.875
0.18799999999999883,0.0069194870164199,-0.1113494431077677,0.00010350256256419499,1.4808904351144463,down,up,up,down,24.891
0.2029999999999994,0.0064572980750323,0.0308125960925061,0.00017350454299336349,1.5990490150232972,down,up,up,down,24.906
0.2190000000000012,0.0060788355880365,0.0236539054372349,0.00024144811069071181,1.7250859371571465,down,up,up,down,24.922
0.23499999999999943,0.005727853920069,0.0219363542479668,0.00030355612514831876,1.8511238997035804,down,up,up,down,24.938
0.25,0.0066667961908332,-0.0625961513842767,0.00036619209322363844,1.9692854251707814,down,up,up,down,24.953
0.2660000000000018,0.0056718979871206,0.0621811377320355,0.00043255614504023043,2.0953254176692866,down,up,up,down,24.969
0.28200000000000003,0.00429920545516,0.0857932832475466,0.00047997947097133675,2.2213663204667853,down,up,up,down,24.985
0.2970000000000006,0.0030202403061565,0.0852643432668965,0.0005045514064248025,2.3395302068039,down,up,up,down,25.0
0.31299999999999883,0.0038401511459599,-0.0512444274877233,0.0005270890364341696,2.4655720624400175,down,up,up,down,25.016
0.3279999999999994,0.00253600717107,0.0869429316593288,0.000544586316054918,2.5837366023607444,down,up,up,down,25.031
0.3440000000000012,0.0012553017062054,0.0800440915540345,0.000542571285466309,2.709778902134147,down,up,up,down,25.047
0.35999999999999943,0.00046626002043300015,0.0493151053607753,0.0005239982776723551,2.8358210372032175,down,up,up,down,25.063
0.375,0.0020102143370603473,-0.1029302877751527,0.000512247927597187,2.9539853114053045,down,up,up,down,25.078
0.3910000000000018,0.0035216805571777,-0.0944666387573295,0.0005241575851435698,3.0800272051620254,down,up,up,down,25.094
0.40700000000000003,0.0049941246257958,-0.0920277542886362,0.0005599385249981381,3.2060694804434604,down,up,up,down,25.11
0.4220000000000006,0.0036649515437385,0.0886115388038144,0.0005945576885144632,3.3242346415206185,down,up,up,down,25.125
0.43799999999999883,0.0046937768369480996,-0.0643015808256057,0.0006290820139529529,3.450278033150809,down,up,up,down,25.141
0.4529999999999994,0.0057024290851934,-0.0672434832163515,0.0006767296506122733,3.5684443290938646,down,up,up,down,25.156
0.4690000000000012,0.0059309908735123,-0.0142851117699278,0.0007374515086739919,3.6944892450557205,down,up,up,down,25.172
0.48499999999999943,0.0038961382242329997,0.1271782905799685,0.0007837230398495265,3.8205350169646835,down,up,up,down,25.188
0.5,0.0019435534559821407,0.1301723178833875,0.0007971968196942569,3.9387033762191805,down,up,up,down,25.203
0.5160000000000018,0.0016214994957196001,0.0201283725164124,0.000793371741700355,4.064749703280256,down,up,up,down,25.219
0.532,0.0009965158703054001,0.039061476588391,0.0007819703630209673,4.1907959085296795,down,up,up,down,25.235
0.5470000000000006,0.0004055982566786001,0.0393945075751137,0.0007621623112159526,4.308963991880304,down,up,up,down,25.25
0.5629999999999988,0.00017373273707300008,0.0362081871094805,0.0007316717337664258,4.435009545065228,down,up,up,down,25.266
0.5779999999999994,0.0007456553366296001,0.0381281733037738,0.0006944524154572917,4.553176743351898,down,up,up,down,25.281
0.5940000000000012,0.0013063637675668,0.0350442769335673,0.000645690761015949,4.679221067009905,down,up,up,down,25.297
0.6099999999999994,0.0008821164992359001,-0.1367800166751793,0.0006099512812633989,4.8052647146588185,down,up,up,down,25.313
0.625,0.0030276853882575,-0.1430379259347766,0.0006089508876625516,4.923430358780621,down,up,up,down,25.328
0.6410000000000018,0.002318233680139,0.0443407317574035,0.0006193727386021308,5.049473787882263,down,up,up,down,25.344
0.657,0.0016226927898266,0.0434713056445316,0.00061855464875471,5.175517293813925,down,up,up,down,25.36
0.6720000000000006,0.0025692633782785,-0.0631047058967931,0.0006196704122585217,5.2936830828574415,down,up,up,down,25.375
0.6879999999999988,0.0034972737591143,-0.058000648802243,0.0006358572077500568,5.419726729590977,down,up,up,down,25.391
0.7029999999999994,0.002620603394261,0.0584446909902166,0.000651417378644048,5.537892886505944,down,up,up,down,25.406
0.7190000000000012,0.0017671650602544,0.053339895875409,0.0006541740246719385,5.6639369337497385,down,up,up,down,25.422
0.7349999999999994,0.000699756870997,0.066713011828597,0.0006415638985153294,5.789980902165709,down,up,up,down,25.438
0.75,0.0008037216966574,-0.0069309883773624,0.0006225160800159557,5.9081468851210985,down,up,up,down,25.453
0.7660000000000018,0.00033226821134309985,0.0709993692500275,0.0005939422062910538,6.034190219299987,down,up,up,down,25.469
0.782,0.0019459335582467999,0.1008540841814897,0.000543371090526712,6.160232920318947,down,up,up,down,25.485
0.7970000000000006,0.0035279584081511,0.1054683233269512,0.00047199299302214115,6.278397037905108,down,up,up,down,25.5
0.8129999999999988,0.0019554565015144996,-0.0982813691647985,0.0003957801721377052,6.404437582602981,down,up,up,down,25.516
0.8279999999999994,0.00037311258321180013,-0.1054895945535091,0.000347991996245689,6.522599663249807,down,up,up,down,25.531
0.8440000000000012,0.00047760526456559977,0.0065307925846129,0.0003088407518561098,6.6486385204243845,down,up,up,down,25.547
0.8599999999999994,0.0007531231479731,0.0172198677129716,0.00026664942294818417,6.77467672685836,down,up,up,down,25.563
0.875,0.0010188834489727999,0.0177173533999775,0.00022303546571400545,6.892836901850586,down,up,up,down,25.578
0.8910000000000018,0.0011695408026089,0.0094160846022529,0.00017318257009435456,7.018873674107468,down,up,up,down,25.594
0.907,0.0013947919713359997,0.0140781980454434,0.00012032240629533675,7.144909624659817,down,up,up,down,25.61
0.9220000000000006,0.0014840800621076,0.005952539384779,6.840695828813637e-05,7.263067542485629,down,up,up,down,25.625
0.9379999999999988,0.0015777705514778998,0.005855655585641,1.1566651772376702e-05,7.389101784787059,down,up,up,down,25.641
0.9529999999999994,0.0010217921850567998,-0.0370652244280701,3.825397650825124e-05,7.507258086987704,down,up,up,down,25.656
0.9690000000000012,2.7265984545998823e-06,-0.0636915991626336,7.879562838386533e-05,7.633290753103466,down,up,up,down,25.672
0.9849999999999994,0.0010485216011382002,-0.0657030124745566,0.00010277476997000434,7.759322903052819,down,up,up,down,25.688
1.0,0.0013281318736738002,-0.0186406848357016,0.00011527377666542549,7.87747777004428,down,up,up,down,25.703
1.0160000000000018,0.0025421291676383,-0.0758748308727823,0.00011665718994180452,8.003509517109137,down,up,up,down,25.719
1.032,0.0036445669096209,-0.0689023588739199,9.950912293099634e-05,8.129541390291223,down,up,up,down,25.735
1.0470000000000006,0.004910121463073,-0.0843703035634714,6.567286789227467e-05,8.247696653781844,down,up,up,down,25.75
1.0629999999999988,0.0045968572894458,0.0195790108517023,2.1962539479503107e-05,8.373729555211142,down,up,up,down,25.766
1.0779999999999994,0.0029620173278459,0.1089893307733269,4.405112393079946e-06,8.49188592588601,down,up,up,down,25.781
1.0940000000000012,0.0014768319685814,0.0928240849540247,7.5704051569758235e-06,8.617919624202742,down,up,up,down,25.797
1.1099999999999994,0.00030302815263820015,0.07336273849646,1.0536215480527744e-05,8.743953202988862,down,up,up,down,25.813
1.125,0.0008477599022089998,0.0767192036564731,4.4945611358926385e-05,8.862109289230702,down,up,up,down,25.828
1.1410000000000018,0.0008992317663771999,0.0032169915105125,9.126704631512439e-05,8.988141802042023,down,up,up,down,25.844
1.157,0.0009496943783063,0.0031539132455685,0.00013840395707998,9.114173567186583,down,up,up,down,25.86
1.1720000000000006,0.0008385617494309,-0.007408841925027,0.00018213978579506573,9.23232766546407,down,up,up,down,25.875
1.1879999999999988,0.0007859726243922001,-0.0032868203149186,0.00022748156239327244,9.35835799100586,down,up,up,down,25.891
1.2029999999999994,0.00017256415136480008,-0.0408938982018235,0.00026499449596784075,9.476510799790987,down,up,up,down,25.906
1.2190000000000012,0.0015527481753441,0.0862615014986981,0.0003111424961890208,9.60253979320764,down,up,up,down,25.922
1.2349999999999994,0.0029058697674813,0.0845700995085834,0.0003791569413387208,9.728567873324707,down,up,up,down,25.938
1.25,0.0047804502132696,0.1249720297192122,0.0004671282489514539,9.846718028541346,down,up,up,down,25.953
1.2660000000000018,0.006618274179729099,0.1148639979037118,0.0005906635457026965,9.972743168719589,down,up,up,down,25.969
1.282,0.0095974173925501,0.186196450801333,0.0007527345798878926,10.098766024047137,down,up,up,down,25.985
1.2970000000000006,0.012518146032570902,0.1947152426680458,0.0009489252133327852,10.21690976395422,down,up,up,down,26.0
1.3129999999999988,0.014603128489312698,0.1303114035463714,0.0011982409111146453,10.342926189137827,down,up,up,down,26.016
1.3279999999999994,0.016647228937097597,0.1362733631856557,0.001462942499569131,10.461062732617776,down,up,up,down,26.031
1.3440000000000012,0.018289405722804,0.1026360491066409,0.0017747810784554119,10.587070433341765,down,up,up,down,26.047
1.3599999999999994,0.019940663254976298,0.1032035957607815,0.0021129671318860233,10.71307293386866,down,up,up,down,26.063
1.375,0.0242700519121701,0.288625910479575,0.0024748714033950847,10.8311950274352,down,up,up,down,26.078
1.3910000000000018,0.027014560791887,0.1715318049822863,0.0029174938066347522,10.957185491026124,down,up,up,down,26.094
1.407,0.0297052557720026,0.1681684362572396,0.0034035978407533918,11.083168524805501,down,up,up,down,26.11
1.4220000000000006,0.0323786058270379,0.1782233370023484,0.0038995507105026306,11.201270253546937,down,up,up,down,26.125
1.4379999999999988,0.0368910497366155,0.2820277443486318,0.004486053456618677,11.327236771226183,down,up,up,down,26.141
1.4529999999999994,0.0415589256086548,0.3111917248026093,0.005104752179464711,11.445321342539444,down,up,up,down,26.156
1.4690000000000012,0.0460991756285889,0.2837656262458481,0.005838362490970361,11.571267400134658,down,up,up,down,26.172
1.4849999999999994,0.0503235606091206,0.2640240612832591,0.006642089882479496,11.697201159028268,down,up,up,down,26.188
1.5,0.0547027238666011,0.2919442171653593,0.007460110923804386,11.815251894877761,down,up,up,down,26.203
1.5160000000000018,0.0590055093979949,0.2689240957120785,0.008402122291528258,11.941158599524641,down,up,up,down,26.219
1.532,0.0661564627183591,0.4469345825228114,0.009435763570066591,12.067049498950325,down,up,up,down,26.235
1.5470000000000006,0.0713478118260102,0.3460899405100653,0.010497369536905943,12.185056502807583,down,up,up,down,26.25
1.5629999999999988,0.077187561963088,0.3649843835673974,0.011717998028825782,12.310912382379627,down,up,up,down,26.266
1.5779999999999994,0.0829064808253488,0.3812612574840412,0.012949027257495693,12.428883882045497,down,up,up,down,26.281
1.5940000000000012,0.0916538168643033,0.5467085024345951,0.014377855140621065,12.554698869498921,down,up,up,down,26.297
1.6099999999999994,0.0987465479761127,0.4432956944881371,0.01593340356095041,12.68048998194186,down,up,up,down,26.313
1.625,0.1057264430621654,0.4653263390701609,0.01749727490149411,12.79839575420894,down,up,up,down,26.328
1.6410000000000018,0.1115764035241185,0.3656225288720262,0.019268043175792116,12.924135234176944,down,up,up,down,26.344
1.657,0.1185446594541464,0.4355159956267931,0.021141357181225118,13.049845561486663,down,up,up,down,26.36
1.6720000000000006,0.12538423640401503,0.4559717966578885,0.023001147807917732,13.167670995054777,down,up,up,down,26.375
1.6879999999999988,0.1306648671646578,0.33003942254021,0.02508188613807505,13.293319933295777,down,up,up,down,26.391
1.7029999999999994,0.1369865558375381,0.4214459115253373,0.027119595718347433,13.411084924537406,down,up,up,down,26.406
1.7190000000000012,0.1469625078391612,0.6234970001013775,0.02942353372936868,13.536666182014429,down,up,up,down,26.422
1.7349999999999994,0.156746785906023,0.6115173791789282,0.031885553580937476,13.66220931182852,down,up,up,down,26.438
1.75,0.1651203406535942,0.5582369831713906,0.03432988093789113,13.779869198425189,down,up,up,down,26.453
1.7660000000000018,0.17251480332630112,0.4621539170441318,0.037063307591338024,13.90533165542955,down,up,up,down,26.469
1.782,0.17968760776763132,0.4483002775831851,0.039913272381696174,14.03074944530232,down,up,up,down,26.485
1.7970000000000006,0.1890110389669424,0.6215620799540509,0.0427088361399619,14.148286281843966,down,up,up,down,26.5
1.8129999999999988,0.1952517242615439,0.3900428309126388,0.04581528374739641,14.27361169139742,down,up,up,down,26.516
1.8279999999999994,0.20137004317781942,0.4078879277516816,0.04882027091094887,14.391058427093043,down,up,up,down,26.531
1.8440000000000012,0.2078008884243552,0.4019278279084431,0.05212598386537426,14.51628445956743,down,up,up,down,26.547
1.8599999999999994,0.21410563866605692,0.3940468901064021,0.05553358158370436,14.641456785556429,down,up,up,down,26.563
1.875,0.2224091558856518,0.5535678146396377,0.05883776645059946,14.758755502801705,down,up,up,down,26.578
1.8910000000000018,0.2305891114441714,0.5112472224074166,0.06249409809084572,14.883818450397968,down,up,up,down,26.594
1.907,0.23860867571722902,0.5012227670661559,0.06628002588974358,15.008821859918697,down,up,up,down,26.61
1.9220000000000006,0.2473254111486263,0.5811156954264635,0.06995485544899438,15.125956600664225,down,up,up,down,26.625
1.9379999999999988,0.25587123019901453,0.5341136906493216,0.07401277408138185,15.25083846214055,down,up,up,down,26.641
1.9529999999999994,0.2629717862068368,0.473370400521471,0.07793442061218236,15.367855360535884,down,up,up,down,26.656
1.9690000000000012,0.2699331156262712,0.4350830887146008,0.08223000532845504,15.492607647640938,down,up,up,down,26.672
1.9849999999999994,0.2797789345492117,0.615363682683846,0.08666004723146603,15.617290129733064,down,up,up,down,26.688
2.0,0.2894316981991541,0.6435175766628014,0.09095945088483592,15.734114485852743,down,up,up,down,26.703
2.016000000000002,0.2959747575149834,0.408941207239287,0.09567504803215687,15.858655012373987,down,up,up,down,26.719
2.032,0.3023895215501114,0.4009227521955424,0.10049430776628387,15.983119260040183,down,up,up,down,26.735
2.0470000000000006,0.30952453427282123,0.4756675148473078,0.10511398709271269,16.09973370018426,down,up,up,down,26.75
2.062999999999999,0.316531409847503,0.4379297234176554,0.11015478014728153,16.224045152558944,down,up,up,down,26.766
2.0779999999999994,0.3234383033741271,0.4604595684415894,0.11498487690420056,16.3405131074866,down,up,up,down,26.781
2.094000000000001,0.3326020111569488,0.5727317364262933,0.12026554492205666,16.46466470662459,down,up,up,down,26.797
2.1099999999999994,0.34152844577070063,0.557902163359553,0.12569093407908483,16.58873065730515,down,up,up,down,26.813
2.125,0.3508546234772716,0.6217451804380404,0.1309141310062012,16.704962621672564,down,up,up,down,26.828
2.141000000000002,0.3593883157343267,0.5333557660658863,0.136628420021502,16.82885588377694,down,up,up,down,26.844
2.157,0.369144675455626,0.6097724825812728,0.1424890294526282,16.952656546693703,down,up,up,down,26.86
2.1720000000000006,0.378709734005918,0.637670570019442,0.1481282614313466,17.068633419367643,down,up,up,down,26.875
2.187999999999999,0.3872737094451768,0.5352484649537338,0.1542884744805617,17.192247687992904,down,up,up,down,26.891
2.2029999999999994,0.3950123833280461,0.5159115921912676,0.1601859440841178,17.30804563220923,down,up,up,down,26.906
2.219000000000001,0.4026141097144773,0.4751078991518965,0.16659930153006552,17.431464952756897,down,up,up,down,26.922
2.2349999999999994,0.4106952124830752,0.5050689230374218,0.17313812160925224,17.554780655884386,down,up,up,down,26.938
2.25,0.4175970029676606,0.4601193656390086,0.17938063713288965,17.67029326754934,down,up,up,down,26.953
2.266000000000002,0.4244278067163929,0.4269252342957241,0.1861491811119702,17.79340263151599,down,up,up,down,26.969
2.282,0.4307092386392206,0.3925894951767749,0.1930226229764216,17.916402859595863,down,up,up,down,26.985
2.2970000000000006,0.43726350369633243,0.4369510038074343,0.19956274245169503,18.03161497171071,down,up,up,down,27.0
2.312999999999999,0.443700979797514,0.4023422563238953,0.20664280382125266,18.154398929853087,down,up,up,down,27.016
2.3279999999999994,0.4511802987708862,0.4986212648914593,0.21338473731827268,18.269405225650104,down,up,up,down,27.031
2.344000000000001,0.46052219399263633,0.5838684513593163,0.22071070276198856,18.391966064642062,down,up,up,down,27.047
2.3599999999999994,0.4675676484277904,0.4403409021971823,0.22816776700295804,18.514408639396507,down,up,up,down,27.063
2.375,0.4744957171546833,0.4618712484595084,0.23526356615258326,18.62908940675338,down,up,up,down,27.078
2.391000000000002,0.4809239554874871,0.4017648958001935,0.24293926903532892,18.751297386584483,down,up,up,down,27.094
2.407,0.4865878850901862,0.3539956001687273,0.25071170926155695,18.87338178127068,down,up,up,down,27.11
2.4220000000000006,0.4921127532054683,0.3683245410187986,0.25808228795653143,18.98772232864711,down,up,up,down,27.125
2.437999999999999,0.49833094168653963,0.388636780066996,0.2660381830172742,19.10956296739188,down,up,up,down,27.141
2.4529999999999994,0.5043374106056451,0.4004312612736849,0.2735885195672223,19.223672269478044,down,up,up,down,27.156
2.469000000000001,0.5101857248355692,0.3655196393702188,0.28173705015236106,19.345263267432884,down,up,up,down,27.172
2.4849999999999994,0.5162695749744994,0.3802406336831795,0.28998103805244746,19.466723125239824,down,up,up,down,27.188
2.5,0.5222341339342353,0.397637263982379,0.2978001397770198,19.58047126876167,down,up,up,down,27.203
2.516000000000002,0.5286142043696938,0.3987544022161058,0.30623927198505907,19.70167255598014,down,up,up,down,27.219
2.532,0.5348691753848485,0.3909356884472124,0.31477948452470184,19.822738008440666,down,up,up,down,27.235
2.5470000000000006,0.5397447405467108,0.3250376774574798,0.32286941280194537,19.936112144066257,down,up,up,down,27.25
2.562999999999999,0.5441810745086926,0.2772708726238887,0.331573164823995,20.05691020595782,down,up,up,down,27.266
2.5779999999999994,0.5485304215302449,0.2899564681034769,0.3397988249520445,20.170031418390067,down,up,up,down,27.281
2.594000000000001,0.5533578238274401,0.3017126435746693,0.348646276416515,20.290557460091705,down,up,up,down,27.297
2.6099999999999994,0.5580905711776314,0.2957967093869855,0.35757020907816095,20.41094133072032,down,up,up,down,27.313
2.625,0.562344070944981,0.283566651156627,0.3660037928018376,20.523671028061784,down,up,up,down,27.328
2.641000000000002,0.5665141687561075,0.2606311131953795,0.3750670042210542,20.64377606419818,down,up,up,down,27.344
2.657,0.569941710413568,0.2142213535913054,0.38419099675601753,20.763735602702937,down,up,up,down,27.36
2.6720000000000006,0.5736628353285695,0.2480749943334265,0.3927983547568408,20.87606468492214,down,up,up,down,27.375
2.687999999999999,0.5770556913265938,0.2120534998765422,0.40203644847168807,20.99573960900888,down,up,up,down,27.391
2.7029999999999994,0.5810186815166123,0.2641993460012196,0.41075233017576895,21.10780019552459,down,up,up,down,27.406
2.719000000000001,0.5849039660166309,0.2428302812511335,0.4201120568576435,21.2271868829409,down,up,up,down,27.422
2.7349999999999994,0.5889011671989017,0.2498250738919569,0.4295348434249737,21.346423310251225,down,up,up,down,27.438
2.75,0.5927567544741983,0.2570391516864274,0.4384276017452793,21.45807009426798,down,up,up,down,27.453
2.766000000000002,0.5963169743436616,0.222513741841432,0.44797253707743057,21.57701249567002,down,up,up,down,27.469
2.782,0.5990330455673707,0.169754451481837,0.4575676827383246,21.695801776424062,down,up,up,down,27.485
2.7970000000000006,0.6016927711758289,0.1773150405638715,0.4666034502716556,21.807026995282044,down,up,up,down,27.5
2.812999999999999,0.6050968108975621,0.2127524826083483,0.4762901124298491,21.925517449292997,down,up,up,down,27.516
2.8279999999999994,0.6084341047423987,0.2224862563224321,0.48542191820490554,22.036461111418788,down,up,up,down,27.531
2.844000000000001,0.6132686571341637,0.3021595244852788,0.4952278858015262,22.154649515499344,down,up,up,down,27.547
2.8599999999999994,0.6179673877576146,0.2936706639657162,0.5051101196622669,22.27268041396819,down,up,up,down,27.563
2.875,0.62215446485801,0.2791384733596789,0.5144413574646416,22.383190280245287,down,up,up,down,27.578
2.891000000000002,0.6264930193595077,0.271159656343581,0.5244628828399902,22.500912648835467,down,up,up,down,27.594
2.907,0.6307881640882051,0.2684465455436176,0.5345534778091778,22.61847412046282,down,up,up,down,27.61
2.9220000000000006,0.6335250258851399,0.1824574531289781,0.5440661506417355,22.728540975605,down,up,up,down,27.625
2.937999999999999,0.6358115149991796,0.1429055696274985,0.5542531884704163,22.84578802340468,down,up,up,down,27.641
2.9529999999999994,0.63804329914419,0.1487856096673511,0.5638374234842489,22.95555884617059,down,up,up,down,27.656
2.969000000000001,0.6392962477887352,0.0783092902840644,0.5740884853613206,23.072489041412425,down,up,up,down,27.672
2.9849999999999994,0.6414855420478247,0.136830891193111,0.5843670851816194,23.189254999360642,down,up,up,down,27.688
3.0,0.6431144400670217,0.1085932012797936,0.5940319089552375,23.298573509260166,down,up,up,down,27.703
3.016000000000002,0.6448118992097012,0.1060911964174563,0.6043676651710594,23.41501991517974,down,up,up,down,27.719
3.032,0.6477494526367007,0.1835970891874907,0.6147405014874368,23.531300652359064,down,up,up,down,27.735
3.0470000000000006,0.6498056523188058,0.1370799788070035,0.62450248868236,23.64016283228834,down,up,up,down,27.75
3.062999999999999,0.651837976892164,0.127020285834903,0.6349479832176534,23.756120831025697,down,up,up,down,27.766
3.0779999999999994,0.6550074590229737,0.2112988087206385,0.644779647894774,23.86467937614792,down,up,up,down,27.781
3.094000000000001,0.6576231852688093,0.1634828903647006,0.6553130385507169,23.98031223716896,down,up,up,down,27.797
3.1099999999999994,0.6601799902159495,0.159800309196285,0.6658878094562013,24.095776232897464,down,up,up,down,27.813
3.125,0.664012092682265,0.2554734977543563,0.6758495739856949,24.20386970487722,down,up,up,down,27.828
3.141000000000002,0.6677690558845342,0.2348102001417954,0.686536168675838,24.319004221448523,down,up,up,down,27.844
3.157,0.6704571991731836,0.1680089555406068,0.697274324217906,24.433967340017944,down,up,up,down,27.86
3.1720000000000006,0.6730926337698975,0.1756956397809195,0.7073812718727366,24.54158892540282,down,up,up,down,27.875
3.187999999999999,0.6757963175470039,0.1689802360691681,0.7182047289848779,24.65621783990855,down,up,up,down,27.891
3.2029999999999994,0.6763430121236613,0.0364463051104958,0.7283760978651648,24.763524986062706,down,up,up,down,27.906
3.219000000000001,0.6768789871988155,0.0334984421971291,0.7392342193613528,24.877817706037504,down,up,up,down,27.922
3.2349999999999994,0.6804562342373348,0.2235779399074846,0.7501252466344477,24.9919364328221,down,up,up,down,27.938
3.25,0.6839633391770601,0.2338069959816765,0.7603887173428125,25.098764080447822,down,up,up,down,27.953
3.266000000000002,0.6854748808429463,0.0944713541178759,0.7713765686045813,25.21254356067284,down,up,up,down,27.969
3.282,0.6869567844369513,0.0926189746253238,0.7823883674284264,25.326147043697148,down,up,up,down,27.985
3.2970000000000006,0.6904142003057689,0.2304943912545011,0.7927489737217543,25.432490015994063,down,up,up,down,28.0
3.312999999999999,0.6938038237065705,0.2118514625501178,0.8038550634154591,25.54575078620954,down,up,up,down,28.016
3.3279999999999994,0.6955850111963233,0.1187458326501866,0.8143058035849879,25.65177108206258,down,up,up,down,28.031
3.344000000000001,0.6974216869829206,0.1147922366623182,0.8254822026720303,25.76468638052515,down,up,up,down,28.047
3.3599999999999994,0.6983052506681613,0.0552227303275481,0.8366803636748452,25.87742268250689,down,up,up,down,28.063
3.375,0.6990713023456188,0.0510701118304959,0.8471910117302057,25.982950149546937,down,up,up,down,28.078
3.391000000000002,0.699819357919246,0.0467534733516964,0.8584144825139335,26.095338908105575,down,up,up,down,28.094
3.407,0.7016891006653232,0.1168589216298383,0.869658895684216,26.20754792359257,down,up,up,down,28.11
3.4220000000000006,0.7028927869144272,0.0802457499402671,0.8802235837488208,26.312580307352377,down,up,up,down,28.125
3.437999999999999,0.704038855214101,0.0716292687296195,0.8915113823874554,26.42444003013587,down,up,up,down,28.141
3.4529999999999994,0.7051041170947769,0.0710174587117243,0.9021102785875295,26.529144370034103,down,up,up,down,28.156
3.469000000000001,0.70677683427202,0.1045448235776785,0.9134376717000725,26.640653588944403,down,up,up,down,28.172
3.4849999999999994,0.7085105703627228,0.1083585056689381,0.9247923164387561,26.751981351551862,down,up,up,down,28.188
3.5,0.7101817754274666,0.1114136709829178,0.9354628329399395,26.856185940287062,down,up,up,down,28.203
3.516000000000002,0.7121419745628987,0.1225124459644929,0.9468737684414705,26.967160849988616,down,up,up,down,28.219
3.532,0.7140846871736795,0.1214195381738081,0.9583159272369688,27.077952934935766,down,up,up,down,28.235
3.5470000000000006,0.7159837070903929,0.1266013277808941,0.9690717641017068,27.181654029606264,down,up,up,down,28.25
3.562999999999999,0.7179229571524175,0.121203128876548,0.9805753629172553,27.292090455102695,down,up,up,down,28.266
3.5779999999999994,0.7202886974731868,0.1577160213846143,0.9913922742347046,27.39545720017962,down,up,up,down,28.281
3.594000000000001,0.7226181599673431,0.1455914058847544,1.0029678745958375,27.50553592150156,down,up,up,down,28.297
3.6099999999999994,0.7226842177842361,0.0041286135558098,1.0145626391194558,27.615429279904404,down,up,up,down,28.313
3.625,0.7232548948922748,0.0380451405359124,1.0254375063722865,27.718285781168774,down,up,up,down,28.328
3.641000000000002,0.7227164692031653,-0.0336516055693365,1.0370376227866585,27.827819582648104,down,up,up,down,28.344
3.657,0.7221444356673068,-0.0357520959911634,1.0486288555272285,27.937167853334174,down,up,up,down,28.36
3.6720000000000006,0.7228533769717451,0.0472627536292199,1.0594966630297789,28.039513414300544,down,up,up,down,28.375
3.687999999999999,0.7240278539919363,0.0734048137619539,1.0711040583790945,28.148502211041844,down,up,up,down,28.391
3.7029999999999994,0.7251850971930693,0.0771495467422027,1.082003479420739,28.25051040686391,down,up,up,down,28.406
3.719000000000001,0.7280950940449138,0.181874803240258,1.093662066452251,28.359138685009512,down,up,up,down,28.422
3.7349999999999994,0.7299071813758822,0.1132554581855363,1.1053584301572235,28.46758012354921,down,up,up,down,28.438
3.75,0.7316837375827152,0.1184370804555312,1.11635068595717,28.56907380753391,down,up,up,down,28.453
3.766000000000002,0.7330361395795908,0.0845251248047146,1.1281007904760765,28.677151798235045,down,up,up,down,28.469
3.782,0.7343620238902524,0.0828677694163595,1.1398723212854414,28.78504161585353,down,up,up,down,28.485
3.7970000000000006,0.7351758716149561,0.0542565149802459,1.150924179409488,28.886017144453874,down,up,up,down,28.5
3.812999999999999,0.7352951205295835,0.0074530571642092,1.1627202928482498,28.99354159118839,down,up,up,down,28.516
3.8279999999999994,0.7359118621210285,0.0411161060963378,1.1737846691258866,29.094174306329123,down,up,up,down,28.531
3.844000000000001,0.7355292585115407,-0.0239127255929867,1.185588543592556,29.20133292313993,down,up,up,down,28.547
3.8599999999999994,0.7351321335191674,-0.0248203120233353,1.1973861802304073,29.308302727861943,down,up,up,down,28.563
3.875,0.7372610642439597,0.1419287149861449,1.208459453121388,29.408415387967366,down,up,up,down,28.578
3.891000000000002,0.7393482512290515,0.1304491865682231,1.2203046731467806,29.515018877469814,down,up,up,down,28.594
3.907,0.7394321527304708,0.0052438438387098,1.232167261880063,29.62143270450217,down,up,up,down,28.61
3.9220000000000006,0.7395144091044124,0.0054837582627696,1.2432896850015815,29.721023279756096,down,up,up,down,28.625
3.937999999999999,0.7402599861935659,0.0465985680721033,1.2551602256655716,29.827069282983345,down,up,up,down,28.641
3.9529999999999994,0.7406853237112507,0.0283558345123195,1.2662976393976146,29.92631485135091,down,up,up,down,28.656
3.969000000000001,0.7411023212776087,0.026062347897368,1.2781842860591333,30.031992598459865,down,up,up,down,28.672
3.9849999999999994,0.7419356429122761,0.0520826021667199,1.2900809352742595,30.13748007920178,down,up,up,down,28.688
4.0,0.7427526249070464,0.054465466318019,1.3012464211906618,30.236201626383846,down,up,up,down,28.703
4.016000000000002,0.7431951900065936,0.0276603187216975,1.3131663492115795,30.34131992673322,down,up,up,down,28.719
4.032,0.7436216653561587,0.0266547093478204,1.3250932295560878,30.44624745261565,down,up,up,down,28.735
4.047000000000001,0.7444619264654779,0.0560174072879464,1.3362841804025072,30.54444362439652,down,up,up,down,28.75
4.062999999999999,0.7447710402735854,0.0193196130067207,1.3482303896380259,30.649001110348777,down,up,up,down,28.766
4.077999999999999,0.7451160963550869,0.0230037387667646,1.3594348670704983,30.746850123279003,down,up,up,down,28.781
4.094000000000001,0.7454571528778491,0.0213160326726334,1.3713917985659707,30.8510371124665,down,up,up,down,28.797
4.109999999999999,0.7453966435234847,-0.0037818346477762,1.3833509744387875,30.955032772795036,down,up,up,down,28.813
4.125,0.7467903649877048,0.0929147642813379,1.3945727009103788,31.052354847585477,down,up,up,down,28.828
4.141000000000002,0.7481486437217608,0.0848924208784922,1.406564558481663,31.155979352022925,down,up,up,down,28.844
4.157,0.7495449130971004,0.087266835958731,1.4185784524378198,31.259411810448157,down,up,up,down,28.86
4.172000000000001,0.7515115971830966,0.1311122723997421,1.4298667001726786,31.356204974159127,down,up,up,down,28.875
4.187999999999999,0.7534321947842066,0.1200373500693928,1.441938596010023,31.459264134302245,down,up,up,down,28.891
4.202999999999999,0.7563999186153474,0.1978482554093755,1.4532926607682768,31.555706402231962,down,up,up,down,28.906
4.219000000000001,0.7574360927069321,0.064760880724039,1.4654356943604636,31.65839017790354,down,up,up,down,28.922
4.234999999999999,0.758414723501879,0.0611644246841858,1.4775948463917397,31.760879536090087,down,up,up,down,28.938
4.25,0.7585391508392725,0.0082951558262319,1.4890023243570552,31.856786559665025,down,up,up,down,28.953
4.266000000000002,0.7579723447063973,-0.0354253833046951,1.5011667618230282,31.95889880948819,down,up,up,down,28.969
4.282,0.7588568752653089,0.0552831599319797,1.5133337410844083,32.0608164079775,down,up,up,down,28.985
4.297000000000001,0.7597316271049159,0.0583167893071349,1.5247534787599424,32.156187256184225,down,up,up,down,29.0
4.312999999999999,0.7602408851590319,0.0318286283822501,1.5369456043596594,32.257727266031836,down,up,up,down,29.016
4.327999999999999,0.7614286543291531,0.0791846113414103,1.5483884498135776,32.35274376298109,down,up,up,down,29.031
4.344000000000001,0.7625272184565901,0.0686602579648066,1.5606124422974723,32.453905358356806,down,up,up,down,29.047
4.359999999999999,0.763576344033309,0.0655703485449371,1.572853616298997,32.5548712324006,down,up,up,down,29.063
4.375,0.763673251748278,0.0064605143312706,1.5843383121751158,32.649348795292596,down,up,up,down,29.078
4.391000000000002,0.763794457720504,0.0075753732641228,1.5965903993524746,32.74993496811298,down,up,up,down,29.094
4.407,0.7653601609464573,0.0978564516220911,1.6088559818034165,32.8503249995763,down,up,up,down,29.11
4.422000000000001,0.7668951641091564,0.1023335441799331,1.6203782206490907,32.94426224541347,down,up,up,down,29.125
4.437999999999999,0.7662649053458424,-0.0393911727071304,1.632675846706337,33.0442714153872,down,up,up,down,29.141
4.452999999999999,0.7656897386496908,-0.0383444464101012,1.644195830444061,33.13785138016412,down,up,up,down,29.156
4.469000000000001,0.7655522802044832,-0.0085911528254757,1.6564781120965026,33.23747959113639,down,up,up,down,29.172
4.484999999999999,0.766582058343273,0.0643611336743692,1.6687675323064903,33.33691122849375,down,up,up,down,29.188
4.5,0.7676094286027109,0.0684913506291899,1.6803042923663423,33.42994969216424,down,up,up,down,29.203
4.516000000000002,0.7679897150625923,0.0237679037425859,1.6926214310172734,33.52899988888977,down,up,up,down,29.219
4.532,0.7683625449252212,0.0233018664143073,1.704944594598782,33.62785296319741,down,up,up,down,29.235
4.547000000000001,0.7683962206415877,0.0022450477577724,1.71650060924829,33.720348626524114,down,up,up,down,29.25
4.562999999999999,0.7684440337857623,0.0029883215109108,1.7288276767853148,33.818819602748405,down,up,up,down,29.266
4.577999999999999,0.7687092706003344,0.0176824543048082,1.7403866504759673,33.91095699764951,down,up,up,down,29.281
4.594000000000001,0.7688140236936221,0.006547068330475,1.7527191823319273,34.00904575349968,down,up,up,down,29.297
4.609999999999999,0.7688637471580559,0.0031077165271179,1.7650529500003467,34.10693717895357,down,up,up,down,29.313
4.625,0.7689124956525983,0.0032498996361595,1.776616595729184,34.198531159716154,down,up,up,down,29.328
4.641000000000002,0.7690691708775237,0.0097922015578333,1.7889527945630332,34.2960402071064,down,up,up,down,29.344
4.657,0.7692227740392141,0.0096001976056536,1.801291475623973,34.39335185545748,down,up,up,down,29.36
4.672000000000001,0.7692963761378273,0.0049068065742117,1.8128606931580578,34.48440221654717,down,up,up,down,29.375
4.687999999999999,0.7702036748902685,0.0567061720275825,1.8252090390678886,34.581331261201925,down,up,up,down,29.391
4.702999999999999,0.7702885810065236,0.0056604077503406,1.8367930548948719,34.67202274785275,down,up,up,down,29.406
4.719000000000001,0.7704543230282539,0.0103588763581396,1.8491513436287583,34.76856879517716,down,up,up,down,29.422
4.734999999999999,0.7706168152064201,0.0101557611353897,1.8615122582362416,34.864917088874805,down,up,up,down,29.438
4.75,0.7703499857637439,-0.0177886295117458,1.873099833151275,34.95506400054494,down,up,up,down,29.453
4.766000000000002,0.7700883882709242,-0.0163498433012314,1.8854556856451605,35.051029158907156,down,up,up,down,29.469
4.782,0.7698076317196705,-0.0175472844533583,1.8978071993066914,35.14679665834011,down,up,up,down,29.485
4.797000000000001,0.7708540109112274,0.0697586127704589,1.9093924855341804,35.236399163059346,down,up,up,down,29.5
4.812999999999999,0.7712202413367404,0.0228894015945638,1.92176142505377,35.331783534287226,down,up,up,down,29.516
4.827999999999999,0.7715884369397301,0.0245463735326476,1.9333628140486008,35.4210266048495,down,up,up,down,29.531
4.844000000000001,0.7716900432454228,0.0063503941057911,1.9457413873916902,35.51602737375056,down,up,up,down,29.547
4.859999999999999,0.772029986683771,0.0212464648967648,1.9581234931327298,35.610830057218934,down,up,up,down,29.563
4.875,0.7724045106210227,0.0249682624834444,1.969737075770273,35.69952760530772,down,up,up,down,29.578
4.891000000000002,0.7726539998581519,0.015593077320573,1.9821298893557149,35.79394627209932,down,up,up,down,29.594
4.907,0.7718627967198017,-0.0494501961468884,1.9945183692299446,35.88816668854322,down,up,up,down,29.61
4.922000000000001,0.7724469581506757,0.0389440953915931,2.0061310162992303,35.9763183205073,down,up,up,down,29.625
4.937999999999999,0.7729770015712649,0.0331277137868327,2.0185267534786115,36.07015466086166,down,up,up,down,29.641
4.952999999999999,0.7725502087485516,-0.0284528548475519,2.0301485314637677,36.157946098580155,down,up,up,down,29.656
4.969000000000001,0.7730154043115753,0.0290747226889787,2.042545401869857,36.25139814962607,down,up,up,down,29.672
4.984999999999999,0.7734442672125148,0.0268039313087194,2.054949424743656,36.34465179352573,down,up,up,down,29.688
5.0,0.7725256457578666,-0.061241430309875,2.0665745229986907,36.43189686627322,down,up,up,down,29.703
5.016000000000002,0.7725382899503597,0.0007902620308141,2.078967379985965,36.524766133561926,down,up,up,down,29.719
5.032,0.772551625184164,0.0008334521127696,2.0913604448086467,36.61743711347616,down,up,up,down,29.735
5.047000000000001,0.7730881179411266,0.0357661837975092,2.102983066789844,36.70413603949471,down,up,up,down,29.75
5.062999999999999,0.7743351369199463,0.0779386861762351,2.115394798330338,36.79642261908636,down,up,up,down,29.766
5.077999999999999,0.7744170308278004,0.0054595938569451,2.127040763496203,36.882760854728176,down,up,up,down,29.781
5.094000000000001,0.774509798977105,0.0057980093315361,2.139464523636251,36.97466241494372,down,up,up,down,29.797
5.109999999999999,0.7735909122788538,-0.0574304186407089,2.151881674827904,37.066365247868575,down,up,up,down,29.813
5.125,0.7726900429668433,-0.060057954134031,2.163509105900004,37.15215631936867,down,up,up,down,29.828
5.141000000000002,0.7724060933045909,-0.0177468538907745,2.1759022204917837,37.24347463127013,down,up,up,down,29.844
5.157,0.7721277112827742,-0.017398876363541,2.188290836430088,37.33459468932729,down,up,up,down,29.86
5.172000000000001,0.7717493705031355,-0.0252227186425803,2.1999002384512396,37.41983975862125,down,up,up,down,29.875
5.187999999999999,0.7713784481701556,-0.0231826458112508,2.212277606502232,37.5105759383742,down,up,up,down,29.891
5.202999999999999,0.7708584576564537,-0.0346660342467909,2.223874707203689,37.59546129837695,down,up,up,down,29.906
5.219000000000001,0.7709572805634295,0.0061764316859884,2.2362415786110565,37.685813970603036,down,up,up,down,29.922
5.234999999999999,0.7719956226969042,0.0648963833421794,2.2486175473387453,37.77596870010801,down,up,up,down,29.938
5.25,0.7729900793369726,0.0662971093378884,2.2602352640117562,37.86030880637843,down,up,up,down,29.953
5.266000000000002,0.7739650368272368,0.0609348431415067,2.2726432504426786,37.95007938077539,down,up,up,down,29.969
5.282,0.7748531431243748,0.0555066435711298,2.285066141383897,38.03965130815335,down,up,up,down,29.985
5.297000000000001,0.7753776973016855,0.0349702784873771,2.29672319659485,38.12344439047406,down,up,up,down,30.0
5.312999999999999,0.7758707310193458,0.0308146073537719,2.309165529523024,38.21263088317768,down,up,up,down,30.016
5.327999999999999,0.774473912529432,-0.0931212326609163,2.3208234382573965,38.29606246827488,down,up,up,down,30.031
5.344000000000001,0.7741171217156904,-0.022299425858849,2.333244512032966,38.384863527185146,down,up,up,down,30.047
5.359999999999999,0.7738500864007865,-0.016689707181496,2.3456605951995035,38.47346588883987,down,up,up,down,30.063
5.375,0.7735882870724495,-0.017453288555794,2.3572967069083104,38.5563502114296,down,up,up,down,30.078
5.391000000000002,0.7739534936365651,0.0228254102572186,2.3697093866555914,38.644567765193685,down,up,up,down,30.094
5.407,0.774009652692083,0.0035099409698706,2.3821254373278267,38.7325866891144,down,up,up,down,30.11
5.422000000000001,0.7740647105896503,0.003670526504488,2.393766318960197,38.814924003297804,down,up,up,down,30.125
5.437999999999999,0.7744602231097684,0.0247195325073806,2.4061868639313984,38.902557980347254,down,up,up,down,30.141
5.452999999999999,0.7748479804824324,0.025850491510936,2.417836999366097,38.98453430372807,down,up,up,down,30.156
5.469000000000001,0.7752059076121576,0.0223704456078196,2.4302697759724623,39.07178305203793,down,up,up,down,30.172
5.484999999999999,0.7758026988152871,0.0372994501955977,2.4427101903254878,39.158832814820144,down,up,up,down,30.188
5.5,0.7759354814940931,0.0088521785870669,2.454378550585565,39.24026115161887,down,up,up,down,30.203
5.516000000000002,0.7760768450710511,0.0088352235598766,2.4668269946996944,39.32692510976919,down,up,up,down,30.219
5.532,0.7760450423397778,-0.0019876707045842,2.479276315300587,39.41338988580178,down,up,up,down,30.235
5.547000000000001,0.7763616161415499,0.0211049201181378,2.4909496891469542,39.49426969312397,down,up,up,down,30.25
5.562999999999999,0.7762092817893134,-0.0095208970147819,2.503402601832007,39.5803484773087,down,up,up,down,30.266
5.577999999999999,0.776100558938662,-0.0072481900434219,2.515075249545224,39.66086639577894,down,up,up,down,30.281
5.594000000000001,0.7771284751118834,0.0642447608263302,2.527533427319237,39.746559128876626,down,up,up,down,30.297
5.609999999999999,0.7775453608905849,0.0260553611688447,2.540003163508863,39.832052438662586,down,up,up,down,30.313
5.625,0.7779629457709891,0.0278389920269469,2.551699799716582,39.91202116879394,down,up,up,down,30.328
5.641000000000002,0.7781120432439597,0.0093185920606576,2.56418074513031,39.99712772694777,down,up,up,down,30.344
5.657,0.7776866089667855,-0.0265896423233853,2.576659479849601,40.0820346076605,down,up,up,down,30.36
5.672000000000001,0.7772966929106389,-0.0259944037431115,2.588352178521439,40.16145352257827,down,up,up,down,30.375
5.687999999999999,0.7775953365498758,0.01866522745231,2.6008236602587287,40.2459737183806,down,up,up,down,30.391
5.702999999999999,0.77707951933799,-0.034387814125716,2.6125140455856446,40.32503018794229,down,up,up,down,30.406
5.719000000000001,0.7767193074488183,-0.0225132430732274,2.6249767817015472,40.40916386383661,down,up,up,down,30.422
5.734999999999999,0.7762914180285634,-0.0267430887659377,2.6374332130069718,40.49309818639152,down,up,up,down,30.438
5.75,0.7767541830903006,0.030851004115816,2.649111378923121,40.57160560430761,down,up,up,down,30.453
5.766000000000002,0.7772078743272974,0.0283557023122961,2.66157542088407,40.65515371242175,down,up,up,down,30.469
5.782,0.7788336569075138,0.1016114112635358,2.674056098635554,40.73850226277817,down,up,up,down,30.485
5.797000000000001,0.7787035557862758,-0.0086734080825338,2.685767951638515,40.816460084756656,down,up,up,down,30.5
5.812999999999999,0.7788527215270342,0.0093228587974013,2.698260747358627,40.89942145767726,down,up,up,down,30.516
5.827999999999999,0.77903442940163,0.0121138583063872,2.709975224898349,40.97701619024092,down,up,up,down,30.531
5.844000000000001,0.7791236145321392,0.0055740706568212,2.7224728347514278,41.059590208276276,down,up,up,down,30.547
5.859999999999999,0.7792110509345989,0.0054647751537301,2.7349718575767676,41.14196425325024,down,up,up,down,30.563
5.875,0.7790944133420385,-0.0077758395040203,2.7466894724666,41.21900829563047,down,up,up,down,30.578
5.891000000000002,0.7789800627610965,-0.0071469113088743,2.7591864137770337,41.30099489105312,down,up,up,down,30.594
5.907,0.7782938599753333,-0.0428876741102082,2.771676950660531,41.38278158665021,down,up,up,down,30.61
5.922000000000001,0.7776211121461536,-0.0448498552786448,2.7833766368591997,41.45927518709935,down,up,up,down,30.625
5.937999999999999,0.778295672257121,0.0421600069354701,2.7958563166360317,41.540674925983964,down,up,up,down,30.641
5.952999999999999,0.7789570056992456,0.0440888961416383,2.8075660356284615,41.616805760697545,down,up,up,down,30.656
5.969000000000001,0.7794443741253119,0.0304605266291357,2.8200655921686666,41.69781831018777,down,up,up,down,30.672
5.984999999999999,0.7799221863077292,0.0298632614010895,2.8325728701537365,41.778630805001754,down,up,up,down,30.688
6.0,0.7804647408901406,0.0361703054940899,2.844306096015478,41.85421071511102,down,up,up,down,30.703
6.016000000000002,0.7809966571474067,0.0332447660791286,2.856830132701387,41.93463522779389,down,up,up,down,30.719
6.032,0.7813959109115913,0.0249533602615397,2.8693616187474653,42.01485929629489,down,up,up,down,30.735
6.047000000000001,0.7823942174222545,0.0665537673775392,2.8811203686177267,42.089887183745205,down,up,up,down,30.75
6.062999999999999,0.783351669407141,0.059840749055413,2.8936786812139674,42.16972239385909,down,up,up,down,30.766
6.077999999999999,0.7822955259767301,-0.0704095620273858,2.9054513590871034,42.24438542091242,down,up,up,down,30.781
6.094000000000001,0.7825006655439282,0.0128212229498755,2.918002074120877,42.323831395959346,down,up,up,down,30.797
6.109999999999999,0.7826959242855018,0.0122036713483555,2.9305559923411186,42.40307653394022,down,up,up,down,30.813
6.125,0.7813080784600146,-0.0925230550324786,2.9423163462694673,42.47718649375621,down,up,up,down,30.828
6.141000000000002,0.7814291183659261,0.007564994119468,2.954850589345684,42.55604276078388,down,up,up,down,30.844
6.157,0.7815612385815776,0.0082575134782168,2.96738685770287,42.634698463720056,down,up,up,down,30.86
6.172000000000001,0.7818902903523117,0.0219367847156103,2.979143068077631,42.70825599163224,down,up,up,down,30.875
6.187999999999999,0.7818886491136379,-0.0001025774171159,2.9916856450949645,42.78652296443944,down,up,up,down,30.891
6.202999999999999,0.7820745014299941,0.0123901544237502,3.003445692631799,42.85971598176205,down,up,up,down,30.906
6.219000000000001,0.782272439699069,0.0123711418171787,3.0159928136624403,42.9375940762243,down,up,up,down,30.922
6.234999999999999,0.781864510291344,-0.0254955879828184,3.028538254763969,43.01527143018946,down,up,up,down,30.938
6.25,0.7821999080041362,0.0223598475194811,3.040299061808943,43.08791165267071,down,up,up,down,30.953
6.266000000000002,0.7825041732586193,0.0190165784051933,3.0528490399606536,43.16520007036915,down,up,up,down,30.969
6.282,0.7816071586649933,-0.0560634121016318,3.0653942761176483,43.2422877263531,down,up,up,down,30.985
6.297000000000001,0.7828440880577325,0.0824619595159453,3.077157984375826,43.314375086754936,down,up,up,down,31.0
6.312999999999999,0.784054537592425,0.0756530959182905,3.0897255188826334,43.39107362124143,down,up,up,down,31.016
6.327999999999999,0.7845589024207946,0.0336243218913036,3.1015204435904895,43.46279577887843,down,up,up,down,31.031
6.344000000000001,0.784408076541169,-0.0094266174766033,3.1141045249237935,43.5391043816429,down,up,up,down,31.047
6.359999999999999,0.7840769973031261,-0.0206924523776819,3.1266847510161533,43.61521166994795,down,up,up,down,31.063
6.375,0.783723016996122,-0.0235986871336034,3.1384735750311545,43.686379484858136,down,up,up,down,31.078
6.391000000000002,0.7846059971757473,0.0551862612265745,3.1510525526461377,43.76209687834931,down,up,up,down,31.094
6.407,0.7859581761968766,0.0845111888205889,3.163649411534725,43.837612865148444,down,up,up,down,31.11
6.422000000000001,0.7872600041778188,0.0867885320628133,3.175478871795292,43.90822590537901,down,up,up,down,31.125
6.437999999999999,0.787147813049943,-0.007011945492242,3.18810647983472,43.983350825078546,down,up,up,down,31.141
6.452999999999999,0.7868196311165416,-0.0218787955600884,3.199941559573726,44.053596967138546,down,up,up,down,31.156
6.469000000000001,0.7864978841230119,-0.0201091870956049,3.2125604451972514,44.128330553613,down,up,up,down,31.172
6.484999999999999,0.7861023022913525,-0.0247238644787178,3.2251735921901723,44.202862283826434,down,up,up,down,31.188
6.5,0.7863107632505439,0.0138973972794308,3.2369970140894937,44.27255250663488,down,up,up,down,31.203
6.516000000000002,0.786515136739947,0.0127733430876894,3.2496119667910266,44.34669323730044,down,up,up,down,31.219
6.532,0.7860357527580017,-0.0299614988715812,3.262224719408616,44.42063214632343,down,up,up,down,31.235
6.547000000000001,0.7855927447616935,-0.0295338664205491,3.274042257047771,44.48976664635556,down,up,up,down,31.25
6.562999999999999,0.7865174663614862,0.0577950999870521,3.2866514842383623,44.563314698937845,down,up,up,down,31.266
6.577999999999999,0.7873675371057534,0.0566713829511397,3.298485945672124,44.63208267056906,down,up,up,down,31.281
6.594000000000001,0.7877321720089334,0.0227896814487512,3.3111190888466497,44.7052394328055,down,up,up,down,31.297
6.609999999999999,0.7880896572081291,0.0223428249497306,3.323758008981992,44.778194018535444,down,up,up,down,31.313
6.625,0.7883275302464998,0.0158582025580494,3.3356114617956587,44.846405249860155,down,up,up,down,31.328
6.641000000000002,0.788009757711853,-0.019860783415424,3.3482545056009343,44.91896792463358,down,up,up,down,31.344
6.657,0.7876982160112185,-0.0194713562896597,3.360892514892325,44.991328350982215,down,up,up,down,31.36
6.672000000000001,0.7877671960915329,0.004598672020961,3.372738829390853,45.058982618255655,down,up,up,down,31.375
6.687999999999999,0.7878348236212531,0.0042267206075146,3.385375991050161,45.13095130220471,down,up,up,down,31.391
6.702999999999999,0.7878884372240886,0.0035742401890339,3.3972242394142578,45.1982383028318,down,up,up,down,31.406
6.719000000000001,0.7881552840225634,0.0166779249046714,3.4098649346858396,45.269815191951565,down,up,up,down,31.422
6.734999999999999,0.7883694262529897,0.0133838894016428,3.4225094778696494,45.3411897991637,down,up,up,down,31.438
6.75,0.7886002602350946,0.0153889321403249,3.434367074426067,45.407919727377035,down,up,up,down,31.453
6.766000000000002,0.7884267609115376,-0.0108437077223065,3.4470156360968485,45.47890226820543,down,up,up,down,31.469
6.782,0.7875302299051707,-0.0560331878979364,3.459655637524988,45.549682500529045,down,up,up,down,31.485
6.797000000000001,0.7866483252933207,-0.058793640789998,3.4714923005967337,45.615855393348696,down,up,up,down,31.5
6.812999999999999,0.7863813399120296,-0.016686586330696,3.4841088834199825,45.686244186389146,down,up,up,down,31.516
6.827999999999999,0.7861088842388568,-0.0181637115448526,3.4959328840088713,45.75205037548899,down,up,up,down,31.531
6.844000000000001,0.7859149022939995,-0.0121238715535807,3.508541419802743,45.822048183571084,down,up,up,down,31.547
6.859999999999999,0.7857360832795504,-0.0111761884030737,3.5211469731889373,45.89184427893976,down,up,up,down,31.563
6.875,0.7864250980004108,0.0459343147240296,3.532968505956294,45.957094915201694,down,up,up,down,31.578
6.891000000000002,0.7860207883492993,-0.0252693531944652,3.5455804185487008,46.026500126318254,down,up,up,down,31.594
6.907,0.7856262824160751,-0.0246566208265158,3.55818594061643,46.095703597957524,down,up,up,down,31.61
6.922000000000001,0.7850412771291992,-0.0390003524583907,3.5699962712207762,46.16039873372431,down,up,up,down,31.625
6.937999999999999,0.7859676753534632,0.0578998890165058,3.582596688342244,46.22921159256039,down,up,up,down,31.641
6.952999999999999,0.786347627903595,0.025330170008785,3.5944193770244297,46.29354047442568,down,up,up,down,31.656
6.969000000000001,0.7866548553122641,0.0192017130418143,3.6070357423917656,46.36196243598296,down,up,up,down,31.672
6.984999999999999,0.786355355232363,-0.0187187549938204,3.619652169577728,46.43018253519979,down,up,up,down,31.688
7.0,0.7864158639257806,0.0040339128945038,3.6314782776291716,46.4939555592013,down,up,up,down,31.703
7.016000000000002,0.7865130422242625,0.0060736436551238,3.6440940543799805,46.561784583057815,down,up,up,down,31.719
7.032,0.7854095178546991,-0.0689702730977202,3.6567017803622184,46.62941181889245,down,up,up,down,31.735
7.047000000000001,0.7858582819029802,0.0299176032187383,3.6685166127681583,46.69262918329953,down,up,up,down,31.75
7.062999999999999,0.7862757854715845,0.0260939730377691,3.6811260308087608,46.75986564466349,down,up,up,down,31.766
7.077999999999999,0.7874124436979102,0.0757772150883766,3.692959016435289,46.82271650916472,down,up,up,down,31.781
7.094000000000001,0.7885268145080335,0.0696481756327005,3.7055988760025453,46.88956164853782,down,up,up,down,31.797
7.109999999999999,0.7898619988054918,0.083449018591151,3.7182583320106595,46.9562043933863,down,up,up,down,31.813
7.125,0.791171003018686,0.0872669475462795,3.730146403432098,47.01849786022602,down,up,up,down,31.828
7.141000000000002,0.7904339908483493,-0.0460632606460402,3.742831588884643,47.08474763880007,down,up,up,down,31.844
7.157,0.7899410836991407,-0.0308066968255394,3.7555069349826287,47.1507945331217,down,up,up,down,31.86
7.172000000000001,0.789545866340136,-0.0263478239336468,3.7673834110156807,47.212529357882275,down,up,up,down,31.875
7.187999999999999,0.7891583983411117,-0.0242167499390237,3.7800453906347364,47.27818352998166,down,up,up,down,31.891
7.202999999999999,0.7897131743738939,0.0369850688521452,3.791917251337856,47.339550312522405,down,up,up,down,31.906
7.219000000000001,0.7902570724452502,0.0339936294597682,3.8045893588140176,47.40481186215378,down,up,up,down,31.922
7.234999999999999,0.790087714028811,-0.0105849010274561,3.817264462607416,47.46987063409499,down,up,up,down,31.938
7.25,0.7920223311098642,0.1289744720702116,3.8291606118537134,47.530678948392094,down,up,up,down,31.953
7.266000000000002,0.7939190145226629,0.1185427132999051,3.841880488120382,47.595344222104885,down,up,up,down,31.969
7.282,0.793714925116765,-0.0127555878686194,3.8546139051391037,47.659805869471384,down,up,up,down,31.985
7.297000000000001,0.7935365637630767,-0.0118907569125539,3.8665486152134596,47.72005365292428,down,up,up,down,32.0
7.312999999999999,0.7929520280353248,-0.036533482984495,3.8792728694494545,47.78412068355955,down,up,up,down,32.016
7.327999999999999,0.7929955562737874,0.0029018825641693,3.891197800239531,47.843998655892435,down,up,up,down,32.031
7.343999999999998,0.7930549332640098,0.0037110618889006,3.9039185496574382,47.907671327605826,down,up,up,down,32.047
7.360000000000003,0.7936334898942992,0.0361597893930744,3.916644402544317,47.97114042650081,down,up,up,down,32.063
7.3750000000000036,0.7940355693081536,0.0268052942569586,3.928582244396092,48.03045772900431,down,up,up,down,32.078
7.391000000000002,0.7944394897715661,0.025245028963286,3.9413223903703356,48.09353209443877,down,up,up,down,32.094
7.407,0.7948680129170729,0.0267826965941771,3.954069195893451,48.15640256426123,down,up,up,down,32.11
7.422000000000001,0.7952881336479614,0.0280080487258979,3.9660256909004454,48.21515835496582,down,up,up,down,32.125
7.437999999999999,0.7957934270527929,0.0315808378019734,3.9787866888876566,48.27763345844009,down,up,up,down,32.141
7.452999999999999,0.7962888127438035,0.0330257127340385,3.9907576295938885,48.33601837840702,down,up,up,down,32.156
7.468999999999998,0.7972409234217981,0.0595069173746697,4.00353821298482,48.39809761417898,down,up,up,down,32.172
7.485000000000003,0.7962636092084043,-0.0610821383370892,4.016318594747473,48.45997236222972,down,up,up,down,32.188
7.5000000000000036,0.795302912236318,-0.0640464648057535,4.028285667566065,48.517794332617925,down,up,up,down,32.203
7.516000000000002,0.7943637655132605,-0.0586966701911005,4.041035346489668,48.57927336701805,down,up,up,down,32.219
7.532,0.7944001018524851,0.0022710212015389,4.0537778029302,48.640548464335254,down,up,up,down,32.235
7.547000000000001,0.7943616204696458,-0.0025654255226232,4.065723839755373,48.69780870437067,down,up,up,down,32.25
7.562999999999999,0.7934472164868716,-0.057150248923394,4.07845865595263,48.75868884691759,down,up,up,down,32.266
7.577999999999999,0.7935979198337026,0.0100468897887391,4.090391818382793,48.815578970715634,down,up,up,down,32.281
7.593999999999998,0.7934529577591078,-0.009060129662176,4.103120570905141,48.8760644741139,down,up,up,down,32.297
7.610000000000003,0.7933256574740284,-0.0079562678174633,4.115847145328617,48.93634633489664,down,up,up,down,32.313
7.6250000000000036,0.7933123278846654,-0.0008886392908635,4.127777254126565,48.992675654256274,down,up,up,down,32.328
7.641000000000002,0.793758750253069,0.0279013980252238,4.140506168253273,49.05256298938981,down,up,up,down,32.344
7.657,0.7941998939283721,0.0275714797064482,4.153242182908331,49.11224660509309,down,up,up,down,32.36
7.672000000000001,0.7943742937016776,0.0116266515536973,4.165186813223313,49.16801488997764,down,up,up,down,32.375
7.687999999999999,0.7947246542464139,0.0218975340460249,4.177931950308503,49.22730354238196,down,up,up,down,32.391
7.702999999999999,0.795044280218228,0.0213083981209404,4.189885541224745,49.28270141355101,down,up,up,down,32.406
7.718999999999998,0.7952018607265039,0.0098487817672421,4.202639855853908,49.34159481288695,down,up,up,down,32.422
7.735000000000003,0.7960259217708181,0.0515038152696206,4.215402023615499,49.40028408036379,down,up,up,down,32.438
7.7500000000000036,0.7958872799252426,-0.0092427897050362,4.227371696535977,49.45511977981819,down,up,up,down,32.453
7.766000000000002,0.7957534713330698,-0.0083630370107954,4.2401371680476485,49.51341331141411,down,up,up,down,32.469
7.782,0.79568842713417,-0.0040652624312413,4.252901048736993,49.571502608192404,down,up,up,down,32.485
7.797000000000001,0.7959643825670923,0.0183970288614899,4.264868768717509,49.62577583691704,down,up,up,down,32.5
7.812999999999999,0.7962394250727094,0.0171901566010676,4.2776387446802335,49.68346937932243,down,up,up,down,32.516
7.827999999999999,0.7965090745880197,0.0179766343540178,4.289614682335446,49.73737148097537,down,up,up,down,32.531
7.843999999999998,0.7949593209619596,-0.0968596016287621,4.302378775001452,49.79466913582927,down,up,up,down,32.547
7.860000000000003,0.7934399546619009,-0.0949603937536418,4.315118314708054,49.85176276162419,down,up,up,down,32.563
7.8750000000000036,0.7928513433228197,-0.039240755938743,4.327045823350696,49.9051030329443,down,up,up,down,32.578
7.891000000000002,0.7929551201000269,0.0064860485754499,4.339764620559686,49.96180215190559,down,up,up,down,32.594
7.907,0.7930568620384655,0.0063588711524127,4.352485061918399,50.01829775695835,down,up,up,down,32.61
7.922000000000001,0.7944537139967967,0.093123463888741,4.36442171514642,50.0710774584859,down,up,up,down,32.625
7.937999999999999,0.7958231767010435,0.0855914190154388,4.37717627577361,50.12717827707111,down,up,up,down,32.641
7.952999999999999,0.7981682679739777,0.1563394181956034,4.389161535516429,50.17958724584197,down,up,up,down,32.656
7.968999999999998,0.8004673770650896,0.1436943181945141,4.401982966178348,50.235291692340994,down,up,up,down,32.672
7.985000000000003,0.8001616298682084,-0.0191091998050721,4.414820343735426,50.29079086837429,down,up,up,down,32.688
8.000000000000004,0.7998618777144042,-0.0199834769202777,4.426850843950053,50.3426348368222,down,up,up,down,32.703
8.016000000000002,0.7995684557175355,-0.0183388748042932,4.439678632119113,50.397736203526236,down,up,up,down,32.719
8.032,0.7993050794657677,-0.0164610157354934,4.4525019659021865,50.45263236125466,down,up,up,down,32.735
8.047,0.7995608486640648,0.0170512798864775,4.4645237842709165,50.5039111704839,down,up,up,down,32.75
8.062999999999999,0.7992017518499921,-0.0224435508795497,4.477346230576635,50.55840981287771,down,up,up,down,32.766
8.078,0.7975395618698506,-0.110812665342759,4.489352114337291,50.6093160776464,down,up,up,down,32.781
8.093999999999998,0.7959421606512791,-0.0998375761607327,4.502132313619066,50.66341780473529,down,up,up,down,32.797
8.110000000000003,0.7943897589850923,-0.0970251041366396,4.514887314477768,50.71731525022314,down,up,up,down,32.813
8.125000000000004,0.7934525429683195,-0.0624810677848562,4.526826455650176,50.76765889930273,down,up,up,down,32.828
8.141000000000002,0.7925094478073564,-0.0589434475601955,4.539546497077987,50.82116151819345,down,up,up,down,32.844
8.157,0.7919411521406907,-0.0355184791666113,4.552254447379177,50.87446071315041,down,up,up,down,32.86
8.172,0.7923465748318819,0.0270281794127422,4.564166929239229,50.92424405518132,down,up,up,down,32.875
8.187999999999999,0.7926887356465055,0.0213850509139824,4.576879557224662,50.977149285802184,down,up,up,down,32.891
8.203,0.792191468123498,-0.0331511682004983,4.588796482660694,51.026563217858595,down,up,up,down,32.906
8.218999999999998,0.790655776915111,-0.0959807005242003,4.601491606122609,51.079074515660906,down,up,up,down,32.922
8.235000000000003,0.7900611403356308,-0.0371647862175015,4.614169686962226,51.13138282782883,down,up,up,down,32.938
8.250000000000004,0.7894732809385676,-0.0391906264708774,4.62604651902954,51.18023770863944,down,up,up,down,32.953
8.266000000000002,0.7900199331247038,0.0341657616335126,4.638714810243652,51.232153220517844,down,up,up,down,32.969
8.282,0.789401042982389,-0.0386806338946763,4.651382523554115,51.28386604436004,down,up,up,down,32.985
8.297,0.7887984972864697,-0.0401697130612872,4.663249344013888,51.332162807708826,down,up,up,down,33.0
8.312999999999999,0.7880520201525165,-0.0466548208720769,4.6758964936550065,51.38348324352005,down,up,up,down,33.016
8.328,0.7882229467513717,0.0113951065903464,4.687748879814542,51.43141240557456,down,up,up,down,33.031
8.343999999999998,0.7884066350127021,0.0114805163331523,4.700394261970261,51.48234086295285,down,up,up,down,33.047
8.360000000000003,0.7886714303747038,0.0165497101250966,4.7130432319949715,51.533066965513726,down,up,up,down,33.063
8.375000000000004,0.7888946417334228,0.0148807572479364,4.72490530144354,51.5804388538685,down,up,up,down,33.078
8.391000000000002,0.7885976101446772,-0.0185644742966027,4.73755758496017,51.63077275328986,down,up,up,down,33.094
8.407,0.7883647445049142,-0.0145541024851885,4.750205629298973,51.680904250088375,down,up,up,down,33.11
8.422,0.7886250896414371,0.0173563424348555,4.7620633769628276,51.72771873489695,down,up,up,down,33.125
8.437999999999999,0.7889655196767293,0.0212768772057693,4.774716447338978,51.77745809881513,down,up,up,down,33.141
8.453,0.789314656090113,0.0232757608922413,4.786583872564988,51.82390484877139,down,up,up,down,33.156
8.468999999999998,0.7896569466914691,0.021393162584762,4.799247990888846,51.87325179637635,down,up,up,down,33.172
8.485000000000003,0.788704636795126,-0.0595193685214235,4.81190722905835,51.92239615712937,down,up,up,down,33.188
8.500000000000004,0.7871536969966968,-0.1033959865619454,4.823756490469545,51.968285181588456,down,up,up,down,33.203
8.516000000000002,0.7856649661381905,-0.0930456786566549,4.83637138527623,52.01703776109507,down,up,up,down,33.219
8.532,0.7849149488100675,-0.0468760830076904,4.848968370097422,52.06558864556466,down,up,up,down,33.235
8.547,0.7844741835884932,-0.0293843481049538,4.8607691124981685,52.11092211680075,down,up,up,down,33.25
8.562999999999999,0.7839986866887187,-0.0297185562359058,4.873349240961993,52.15908277248566,down,up,up,down,33.266
8.578,0.7835325132575672,-0.0310782287434333,4.885136048869347,52.20405063516746,down,up,up,down,33.281
8.593999999999998,0.7836704280724796,0.008619675932021,4.8977060179015925,52.25182150114587,down,up,up,down,33.297
8.610000000000003,0.7842184329642805,0.0342503057375483,4.910281474291498,52.29939120372093,down,up,up,down,33.313
8.625000000000004,0.7847556926621237,0.0358173131895479,4.922079104141453,52.34380500173823,down,up,up,down,33.328
8.641000000000002,0.7850455822013771,0.0181180962033364,4.934669859841968,52.39098461253893,down,up,up,down,33.344
8.657,0.7853297876320173,0.0177628394150161,4.94726520830224,52.43796273450637,down,up,up,down,33.36
8.672,0.7855773885648656,0.0165067288565498,4.9590773360314735,52.481821667779414,down,up,up,down,33.375
8.687999999999999,0.78675303690747,0.0734780214127842,4.971688324936858,52.52840914500426,down,up,up,down,33.391
8.703,0.7867364899509148,-0.0011031304370115,4.983519820296054,52.571901586270556,down,up,up,down,33.406
8.718999999999998,0.7877226451548509,0.0616347002460117,4.996147838878505,52.61809784750973,down,up,up,down,33.422
8.735000000000003,0.7887306032960488,0.0629973838248488,5.008791810367724,52.664091932828356,down,up,up,down,33.438
8.750000000000004,0.7891380735444571,0.0271646832272162,5.020656149351785,52.70702757548601,down,up,up,down,33.453
8.766000000000002,0.7896866421861439,0.0342855401054313,5.0333190925792355,52.752629376063155,down,up,up,down,33.469
8.782,0.7902842748778092,0.0373520432290815,5.045991205417353,52.79802849619175,down,up,up,down,33.485
8.797,0.789714744057699,-0.0379687213406739,5.057871521967126,52.84040602809192,down,up,up,down,33.5
8.812999999999999,0.7903290235684466,0.0383924694217261,5.070544217609741,52.885412304687875,down,up,up,down,33.516
8.828,0.7909258676985029,0.0397896086704211,5.082433953202001,52.927421470762326,down,up,up,down,33.531
8.843999999999998,0.7892848690405163,-0.1025624161241746,5.095107984597519,52.97203473777249,down,up,up,down,33.547
8.860000000000003,0.7882545799554528,-0.064393067816449,5.107760645691097,53.01644539124281,down,up,up,down,33.563
8.875000000000004,0.7888835835560908,0.0419335733758651,5.119619505825192,53.05789654246199,down,up,up,down,33.578
8.891000000000002,0.7894597038855107,0.0360075205887473,5.13227859762633,53.10191496014697,down,up,up,down,33.594
8.907,0.7881220198839944,-0.083605250094774,5.1449315969180915,53.145730881103205,down,up,up,down,33.61
8.922,0.7886095204433943,0.032500037293321,5.156787407378304,53.18662449092652,down,up,up,down,33.625
8.937999999999999,0.7890804479924043,0.0294329718131291,5.169441272627396,53.23004826399905,down,up,up,down,33.641
8.953,0.7891800759034542,0.0066418607366592,5.181308550464372,53.27057414268141,down,up,up,down,33.656
8.968999999999998,0.7889160320056146,-0.0165027436149785,5.193965664829251,53.31360555147164,down,up,up,down,33.672
8.985000000000003,0.7886596061399889,-0.0160266166016,5.206618615436026,53.356434479742106,down,up,up,down,33.688
9.000000000000004,0.7883874331104757,-0.0181448686342134,5.218476792138162,53.396402766540845,down,up,up,down,33.703
9.016000000000002,0.7882077114147759,-0.0112326059812385,5.231121898795971,53.43883957952595,down,up,up,down,33.719
9.032,0.7866718583273773,-0.0959908179624208,5.243753280855513,53.48107418060131,down,up,up,down,33.735
9.047,0.7851886486562716,-0.098880644740377,5.255572558565648,53.5204857391612,down,up,up,down,33.75
9.062999999999999,0.7847177247193216,-0.02943274605938,5.268164155054258,53.562329447964814,down,up,up,down,33.766
9.078,0.7842560345850558,-0.0307793422843841,5.279961782156798,53.60137500579127,down,up,up,down,33.781
9.093999999999998,0.7832443739638446,-0.0632287888257046,5.2925341309267955,53.642828640999184,down,up,up,down,33.797
9.110000000000003,0.7836312580805735,0.0241802572955504,5.305101481484762,53.6840811586125,down,up,up,down,33.813
9.125000000000004,0.7837724197969518,0.0094107810918819,5.3168873329766,53.72257274485959,down,up,up,down,33.828
9.141000000000002,0.7839131289892389,0.0087943245179476,5.329461162868496,53.76343555940541,down,up,up,down,33.844
9.157,0.7828299825259268,-0.067696653957013,5.342027453262224,53.80409725298894,down,up,up,down,33.86
9.172,0.7828106586319663,-0.0012882595973687,5.353800081978665,53.84203504883017,down,up,up,down,33.875
9.187999999999999,0.7827917136378861,-0.0011840621300108,5.3663572464584295,53.88230739271525,down,up,up,down,33.891
9.203,0.7819870850726449,-0.0536419043494124,5.3781234113565155,53.919880290137186,down,up,up,down,33.906
9.218999999999998,0.7811982335380936,-0.0493032209094633,5.390661239407008,53.95976361544366,down,up,up,down,33.922
9.235000000000003,0.7820019849501652,0.0502344632544558,5.403199186656525,53.999446334547756,down,up,up,down,33.938
9.250000000000004,0.782406890025916,0.026993671716723,5.414962577126603,54.03646662367494,down,up,up,down,33.953
9.266000000000002,0.7827681181460875,0.0225767575107196,5.4275163226935845,54.07576039498896,down,up,up,down,33.969
9.282,0.7818603743127941,-0.0567339895808434,5.4400656961348615,54.11485334135092,down,up,up,down,33.985
9.297,0.7820245507613901,0.0109450965730668,5.451825156980675,54.151320662308095,down,up,up,down,34.0
9.312999999999999,0.7809315658282117,-0.0683115583236601,5.464361151414998,54.19002477435349,down,up,up,down,34.016
9.328,0.7798600119721542,-0.0714369237371643,5.476097412156258,54.22612783748228,down,up,up,down,34.031
9.343999999999998,0.7802977904641359,0.0273611557488647,5.488611020077354,54.26444377253701,down,up,up,down,34.047
9.360000000000003,0.7810654626418216,0.04797951110534,5.501134271603814,54.30255941271615,down,up,up,down,34.063
9.375000000000004,0.7817554960071398,0.0460022243545411,5.512885752701438,54.33811076488941,down,up,up,down,34.078
9.391000000000002,0.7828139198479,0.0661514900475241,5.525434653529883,54.37583780415214,down,up,up,down,34.094
9.407,0.7837606266279149,0.0591691737509346,5.537999595403296,54.41336393267325,down,up,up,down,34.11
9.422,0.7828640452885463,-0.0597720892912411,5.549779604350427,54.44836209103066,down,up,up,down,34.125
9.437999999999999,0.781985043975439,-0.0549375820692093,5.562330742566145,54.48549881076791,down,up,up,down,34.141
9.453,0.7813862622284642,-0.0399187831316523,5.574086351270431,54.52013218491972,down,up,up,down,34.156
9.468999999999998,0.7808025150053073,-0.0364842014473105,5.586616206989907,54.556880166966195,down,up,up,down,34.172
9.485000000000003,0.7799102124751496,-0.055768908134838,5.5991342543113625,54.59342776578838,down,up,up,down,34.188
9.500000000000004,0.7796508948562035,-0.0172878412630688,5.610861286524104,54.627509301587665,down,up,up,down,34.203
9.516000000000002,0.7806657676884363,0.0634295520145559,5.623376165326068,54.66366900448544,down,up,up,down,34.219
9.532,0.7816541594910049,0.0617744876605443,5.635907070245109,54.69962834111347,down,up,up,down,34.235
9.547,0.7833079464697814,0.1102524652517621,5.647674609947572,54.733157980867574,down,up,up,down,34.25
9.562999999999999,0.7836137882750709,0.0191151128305943,5.6602423293271364,54.76872824786595,down,up,up,down,34.266
9.578,0.7839562839974423,0.022833048158095,5.672029428776938,54.80189271203572,down,up,up,down,34.281
9.593999999999998,0.7847813333417015,0.0515655840162056,5.684611675217257,54.83707318571636,down,up,up,down,34.297
9.610000000000003,0.7851441045206791,0.0226731986860886,5.697203424221767,54.87205226743346,down,up,up,down,34.313
9.625000000000004,0.7854595877566748,0.0210322157330477,5.709013275821604,54.904662144538676,down,up,up,down,34.328
9.641000000000002,0.7855043102171635,0.002795153780544,5.721613332507001,54.939250734184625,down,up,up,down,34.344
9.657,0.7860753022517262,0.0356870021601713,5.734218314908357,54.97363768351788,down,up,up,down,34.36
9.672,0.7875040370705193,0.0952489879195385,5.746050483861032,55.005692169882664,down,up,up,down,34.375
9.687999999999999,0.7889216320005019,0.088599683123923,5.758694234715206,55.039687814646626,down,up,up,down,34.391
9.703,0.7892174077333909,0.0197183821925972,5.770560601420967,55.07137490573116,down,up,up,down,34.406
9.718999999999998,0.7900359949524702,0.0511617011924648,5.78322697414406,55.104978207639235,down,up,up,down,34.422
9.735000000000003,0.7908673760891816,0.0519613210444407,5.795906546614004,55.13837874198576,down,up,up,down,34.438
9.750000000000004,0.7915216052728766,0.0436152789130027,5.8078047878819765,55.16950740933258,down,up,up,down,34.453
9.766000000000002,0.7911033880548537,-0.0261385761264361,5.820498133330204,55.202514588475466,down,up,up,down,34.469
9.782,0.7907284981182698,-0.0234306210364935,5.833185133921196,55.235318724850046,down,up,up,down,34.485
9.797,0.7897977359320176,-0.0620508124168116,5.84506940458433,55.2658883181668,down,up,up,down,34.5
9.812999999999999,0.7888852239847122,-0.0570319967065975,5.85773121376527,55.29829951573258,down,up,up,down,34.516
9.828,0.7880268315328074,-0.0572261634603162,5.869588378089409,55.328501121149216,down,up,up,down,34.531
9.843999999999998,0.7871883058111049,-0.0524078576064126,5.882222444689765,55.36052023707957,down,up,up,down,34.547
9.860000000000003,0.7874399329291659,0.0157266948788095,5.894851816101298,55.39233724550583,down,up,up,down,34.563
9.875000000000004,0.7875276869476782,0.0058502679008159,5.906694397158132,55.42198215126193,down,up,up,down,34.578
9.891000000000002,0.7876137202991611,0.0053770844676842,5.919327873917712,55.45340757560591,down,up,up,down,34.594
9.907,0.7858649002336691,-0.1093012540932645,5.931948048383581,55.48463097074007,down,up,up,down,34.61
9.922,0.7841503707576969,-0.114301965064807,5.943753486823773,55.51371971158157,down,up,up,down,34.625
9.937999999999999,0.7843757787884069,0.0140880019193783,5.956334041521748,55.544552613867396,down,up,up,down,34.641
9.953,0.7845967670538094,0.0147325510268334,5.968131659523322,55.57327562346511,down,up,up,down,34.656
9.968999999999998,0.7846373164786371,0.0025343390517298,5.980717877693187,55.603718429679944,down,up,up,down,34.672
9.985000000000003,0.7830666362020686,-0.0981675172854973,5.993291854816244,55.63395995433247,down,up,up,down,34.688
10.000000000000004,0.7824275363501467,-0.0426066567947916,6.005063385018143,55.662128792389254,down,up,up,down,34.703
10.016000000000002,0.781788778473457,-0.0399223672931147,6.0176094610383375,55.69198101213338,down,up,up,down,34.719
10.032,0.7820692942297391,0.0175322347676384,6.030152671121569,55.721632517588674,down,up,up,down,34.735
10.047,0.7835838982708374,0.1009736027398806,6.041925393973081,55.74924843445602,down,up,up,down,34.75
10.062999999999999,0.7850896077643572,0.094106843344998,6.054507127522967,55.77851057679668,down,up,up,down,34.766
10.078,0.7860869928418719,0.066492338500976,6.066321275935271,55.80576086612625,down,up,up,down,34.781
10.093999999999998,0.7856927275186063,-0.0246415827041018,6.078927859199762,55.83463247555774,down,up,up,down,34.797
10.110000000000003,0.7860882935641484,0.0247228778463754,6.091534452870035,55.86330237957377,down,up,up,down,34.813
10.125000000000004,0.7864734224961722,0.0256752621349192,6.103358989648245,55.88999718111042,down,up,up,down,34.828
10.141000000000002,0.7867097452006604,0.0147701690305107,6.115976800491426,55.91827609730187,down,up,up,down,34.844
10.157,0.7863437852501853,-0.0228724969046936,6.128593574236637,55.946353136816626,down,up,up,down,34.86
10.172,0.7859887482997188,-0.0236691300311037,6.14041639214602,55.972492064424316,down,up,up,down,34.875
10.187999999999999,0.7862481755851167,0.0162142053373743,6.153026633038704,56.00017812273542,down,up,up,down,34.891
10.203,0.7861817224212757,-0.0044302109227343,6.164850181181509,56.02595054898431,down,up,up,down,34.906
10.218999999999998,0.7861347235027978,-0.0029374324048706,6.177461058250508,56.05324566158144,down,up,up,down,34.922
10.235000000000003,0.7862633878127792,0.0080415193738332,6.190072588642644,56.080338994918904,down,up,up,down,34.938
10.250000000000004,0.7858120583903077,-0.0300886281647656,6.201893478396924,56.10555575177166,down,up,up,down,34.953
10.266000000000002,0.7853948646542932,-0.0260746085009062,6.214495479282887,56.1322582426228,down,up,up,down,34.969
10.282,0.7850256886797045,-0.0230734984117989,6.227091189211165,56.158759151787436,down,up,up,down,34.985
10.297,0.7846562520298672,-0.0246291099891484,6.238894127674243,56.18342076426636,down,up,up,down,35.0
10.312999999999999,0.7851863669042505,0.0331321796489573,6.251485214127322,56.209531332044534,down,up,up,down,35.016
10.328,0.7857099726512935,0.0349070498028667,6.263297260581746,56.233826965839754,down,up,up,down,35.031
10.343999999999998,0.7860334938522318,0.0202200750586434,6.27590355381538,56.25954696183716,down,up,up,down,35.047
10.360000000000003,0.7859564203668334,-0.0048170928373931,6.288511818630743,56.28506524137019,down,up,up,down,35.063
10.375000000000004,0.785872175651285,-0.0056163143698974,6.300330857008637,56.308805423658455,down,up,up,down,35.078
10.391000000000002,0.785998459604393,0.00789274706925,6.312938167592288,56.333932873974234,down,up,up,down,35.094
10.407,0.7859933072931664,-0.0003220194516595,6.325546447229074,56.35885859956825,down,up,up,down,35.11
10.422,0.7859882560076503,-0.0003367523677392,6.337366632861588,56.38204325382311,down,up,up,down,35.125
10.437999999999999,0.7869998144182979,0.0632224006654816,6.349982882926601,56.406578060209384,down,up,up,down,35.141
10.453,0.7876008801986227,0.0400710520216529,6.361822712043985,56.42939602060265,down,up,up,down,35.156
10.468999999999998,0.7881901603754127,0.0368300110493753,6.374461385870184,56.45353935033192,down,up,up,down,35.172
10.485000000000003,0.7881986713247144,0.0005319343313601,6.387104842025396,56.47748042302136,down,up,up,down,35.188
10.500000000000004,0.7877960115825502,-0.0268439828109487,6.3989551260549575,56.49974147561629,down,up,up,down,35.203
10.516000000000002,0.787537507186121,-0.0161565247768242,6.411590139706712,56.52329071600282,down,up,up,down,35.219
10.532,0.7873154218431253,-0.0138803339372343,6.424221308640552,56.54663782692863,down,up,up,down,35.235
10.547,0.7870976911146972,-0.0145153818952076,6.436059730895494,56.56834222148767,down,up,up,down,35.25
10.562999999999999,0.785790497445225,-0.0816996043420205,6.448675181905578,56.59129794469784,down,up,up,down,35.266
10.578,0.7860707265764244,0.0186819420799596,6.4604944649934986,56.61263567470165,down,up,up,down,35.281
10.593999999999998,0.7863454610187759,0.0171709026469698,6.473106139995865,56.63520047237431,down,up,up,down,35.297
10.610000000000003,0.7860208905515886,-0.0202856541991968,6.48571741631004,56.657563486436445,down,up,up,down,35.313
10.625000000000004,0.7857026842112091,-0.0212137560252985,6.497535667028518,56.67834559066695,down,up,up,down,35.328
10.641000000000002,0.7860821343874544,0.0237156360153338,6.510142291078913,56.70031776951468,down,up,up,down,35.344
10.657,0.7864541443641659,0.023250623544471,6.522754926810531,56.722088194284154,down,up,up,down,35.36
10.672,0.7868325817362383,0.0252291581381541,6.534584901164042,56.74231464792989,down,up,up,down,35.375
10.687999999999999,0.7872035987676824,0.0231885644652621,6.547209536109679,56.76369389494427,down,up,up,down,35.391
10.703,0.7874995895268313,0.0197327172765911,6.559050133929645,56.783553449774516,down,up,up,down,35.406
10.718999999999998,0.787805137769249,0.0190967651511074,6.57168491724962,56.80454117187766,down,up,up,down,35.422
10.735000000000003,0.7876479372879661,-0.0098250300801761,6.584320887351689,56.82532672795345,down,up,up,down,35.438
10.750000000000004,0.787411989244795,-0.0157298695447369,6.596164160708442,56.844629592448555,down,up,up,down,35.453
10.766000000000002,0.787141895283126,-0.0168808726043208,6.608792937286271,56.86502353817717,down,up,up,down,35.469
10.782,0.7871106022978296,-0.0019558115810227,6.621419302768524,56.88521544276931,down,up,up,down,35.485
10.797,0.7865708271984762,-0.0359850066235609,6.633252237397504,56.903961908573606,down,up,up,down,35.5
10.812999999999999,0.7860327684916069,-0.0336286691793345,6.64586541166463,56.9237625698937,down,up,up,down,35.516
10.828,0.7854580253059869,-0.0383162123746657,6.65768191652587,56.94214246728781,down,up,up,down,35.531
10.843999999999998,0.7849269961287444,-0.0331893235776573,6.670277342198953,56.96155239573061,down,up,up,down,35.547
10.860000000000003,0.7844440697072699,-0.0301829013421472,6.6828646562272525,56.98076086225579,down,up,up,down,35.563
10.875000000000004,0.7845602362015693,0.0077444329532972,6.694662512429326,56.998585910846415,down,up,up,down,35.578
10.891000000000002,0.7843569521211844,-0.0127052550240605,6.707246195437514,57.01740424369605,down,up,up,down,35.594
10.907,0.7845342235278654,0.0110794629175637,6.719829670344312,57.03602123928242,down,up,up,down,35.61
10.922,0.7846832790793279,0.009937036764166,6.731629125521623,57.05329180066899,down,up,up,down,35.625
10.937999999999999,0.7851332549439611,0.0281234915395809,6.744220003295415,57.071518610151045,down,up,up,down,35.641
10.953,0.7851893309785734,0.003738402307481,6.756027746597591,57.08842325438239,down,up,up,down,35.656
10.968999999999998,0.785231781969852,0.0026531869549154,6.768623461002784,57.10625964723418,down,up,up,down,35.672
10.985000000000003,0.786013045016352,0.0488289404062373,6.781225765120285,57.12389445593779,down,up,up,down,35.688
11.000000000000004,0.7860908774106896,0.0051888262891706,6.793046868446245,57.140243913541596,down,up,up,down,35.703
11.016000000000002,0.7861240379194037,0.0020725317946281,6.805656933270492,57.157487885640435,down,up,up,down,35.719
11.032,0.7860140886830642,-0.0068718272712161,6.818266383784918,57.17453010161658,down,up,up,down,35.735
11.047,0.785735750629593,-0.0185558702314137,6.83008483148752,57.1903239698576,down,up,up,down,35.75
11.062999999999999,0.7869385862229787,0.0751772245866172,6.842698571683946,57.20697530514481,down,up,up,down,35.766
11.078,0.7881056256960921,0.0778026315408879,6.854541727181097,57.22240250525887,down,up,up,down,35.781
11.093999999999998,0.7875178823238134,-0.0367339607674251,6.867179060746862,57.23866234146804,down,up,up,down,35.797
11.110000000000003,0.7882063074921497,0.0430265730210067,6.879817199767,57.25471997389651,down,up,up,down,35.813
11.125000000000004,0.788904691241882,0.0465589166488182,6.891675856165263,57.26959027833253,down,up,up,down,35.828
11.141000000000002,0.7898831999515821,0.0611567943562608,6.904338504796416,57.285255765957444,down,up,up,down,35.844
11.157,0.7891903310827146,-0.0433043043042194,6.917003438546297,57.30071863292325,down,up,up,down,35.86
11.172,0.7884517244171665,-0.0492404443698746,6.928866077870303,57.315031113905704,down,up,up,down,35.875
11.187999999999999,0.7888149188890008,0.0226996544896465,6.9415165565183585,57.33010165534317,down,up,up,down,35.891
11.203,0.7880245726427226,-0.0526897497518754,6.953373176612604,57.34404648470023,down,up,up,down,35.906
11.218999999999998,0.7872497233816649,-0.0484280788161148,6.966007716482404,57.35872504006805,down,up,up,down,35.922
11.235000000000003,0.7873553487326816,0.0066015844385458,6.978636902560931,57.373201485628286,down,up,up,down,35.938
11.250000000000004,0.7874571226487657,0.0067849277389339,6.990478320004049,57.3865896238146,down,up,up,down,35.953
11.266000000000002,0.7859391317652271,-0.0948744302211695,7.0030978355409665,57.40067461708283,down,up,up,down,35.969
11.282,0.7851307892657093,-0.0505214062198666,7.01569874041082,57.41455784698779,down,up,up,down,35.985
11.297,0.7843382966191221,-0.0528328431058117,7.027500082462713,57.42739035817179,down,up,up,down,36.0
11.312999999999999,0.7832770177037691,-0.0663299322095707,7.040073350478902,57.44088337322084,down,up,up,down,36.016
11.328,0.7804872944975116,-0.1859815470838247,7.051831906728169,57.45335058614735,down,up,up,down,36.031
11.343999999999998,0.7777522717462784,-0.1709389219520984,7.064330168759725,57.466454892056035,down,up,up,down,36.047
11.360000000000003,0.7749699960097072,-0.1738922335356415,7.076784292403384,57.47935957887931,down,up,up,down,36.063
11.375000000000004,0.7722422746993445,-0.1818480873575061,7.088418708341459,57.49127705872927,down,up,up,down,36.078
11.391000000000002,0.768738895565324,-0.2189611958763012,7.100778903205183,57.503797080349486,down,up,up,down,36.094
11.407,0.7653042101398135,-0.2146678390944304,7.11308359355243,57.516119782888,down,up,up,down,36.11
11.422,0.7608318116804789,-0.2981598972889667,7.1245599376238395,57.527493958759734,down,up,up,down,36.125
11.437999999999999,0.7563740123090721,-0.2786124607129543,7.136729929717362,57.53943724233359,down,up,up,down,36.141
11.453,0.7519770700541599,-0.2931294836607996,7.148072886742843,57.550457723565685,down,up,up,down,36.156
11.468999999999998,0.7470009446231085,-0.3110078394407476,7.160097056361867,57.562025966533426,down,up,up,down,36.172
11.485000000000003,0.7415266967742529,-0.3421404905533632,7.172037622994657,57.57340249161116,down,up,up,down,36.188
11.500000000000004,0.7361457839918906,-0.3587275188241398,7.18315049050816,57.58389508311545,down,up,up,down,36.203
11.516000000000002,0.7312232545337789,-0.3076580911320131,7.194921788317972,57.594904107397426,down,up,up,down,36.219
11.532,0.7261643404523674,-0.3161821300882509,7.206613234579467,57.60572542972683,down,up,up,down,36.235
11.547,0.7203302570778405,-0.3889388916351156,7.217492267968701,57.61570114081327,down,up,up,down,36.25
11.562999999999999,0.7146031847002625,-0.3579420235986624,7.229004081004531,57.62616277253407,down,up,up,down,36.266
11.578,0.7084467291544438,-0.4104303697212293,7.239707279266199,57.63580393968759,down,up,up,down,36.281
11.593999999999998,0.7030446840110081,-0.3376278214647737,7.251031556073128,57.64591163151745,down,up,up,down,36.297
11.610000000000003,0.697771540313397,-0.3295714811005777,7.262270431369334,57.655838818130505,down,up,up,down,36.313
11.625000000000004,0.691584638048024,-0.4124601510248581,7.272720926614802,57.66498288530117,down,up,up,down,36.328
11.641000000000002,0.6853192677930533,-0.3915856409357086,7.283768503363136,57.67456457237394,down,up,up,down,36.344
11.657,0.6791246602062522,-0.387162974175113,7.2947164002887375,57.68397029565729,down,up,up,down,36.36
11.672,0.6716268689187324,-0.4998527525013022,7.304877360664932,57.69262984480572,down,up,up,down,36.375
11.687999999999999,0.6645773007328124,-0.4405980116200455,7.31559933952375,57.701699633716785,down,up,up,down,36.391
11.703,0.6567006727873466,-0.5251085296977028,7.325539248232908,57.710047596664154,down,up,up,down,36.406
11.718999999999998,0.6489897894732906,-0.4819302071285534,7.3360171174326,57.71878874825141,down,up,up,down,36.422
11.735000000000003,0.6408335354810237,-0.5097658745165065,7.346368049533845,57.72736326942827,down,up,up,down,36.438
11.750000000000004,0.6320083202809279,-0.5883476800063662,7.355944687359816,57.735252426257105,down,up,up,down,36.453
11.766000000000002,0.6233350772231994,-0.5420776911080936,7.366019780041455,57.743510313030484,down,up,up,down,36.469
11.782,0.6151133030832927,-0.5138608837442227,7.375959712585513,57.751608079602065,down,up,up,down,36.485
11.797,0.6070527402010306,-0.5373708588174523,7.3851562818179035,57.75905621199958,down,up,up,down,36.5
11.812999999999999,0.5995133458365327,-0.4712121477811712,7.39484115600781,57.76684983500955,down,up,up,down,36.516
11.828,0.5917834141010623,-0.5153287823646758,7.4038062056150995,57.77401648215293,down,up,up,down,36.531
11.843999999999998,0.5845322013290044,-0.4532007982536667,7.413249076040145,57.781513642412264,down,up,up,down,36.547
11.860000000000003,0.5770766799908813,-0.4659700836325385,7.422574292592315,57.7888606579758,down,up,up,down,36.563
11.875000000000004,0.5697673453456638,-0.487288976347818,7.431205946690096,57.79561380853674,down,up,up,down,36.578
11.891000000000002,0.5609085488357763,-0.5536747818680242,7.440283699345154,57.80267549388104,down,up,up,down,36.594
11.907,0.5522234542182396,-0.5428184135961065,7.449221100871192,57.809593057991904,down,up,up,down,36.61
11.922,0.5440779088248942,-0.5430363595563423,7.457473685001773,57.81594934945342,down,up,up,down,36.625
11.937999999999999,0.5360920800078901,-0.4991143010628079,7.466147390414042,57.822593983362665,down,up,up,down,36.641
11.953,0.5286227119725133,-0.4979578690251003,7.474163075261652,57.828698157225645,down,up,up,down,36.656
11.968999999999998,0.5194754075621475,-0.5717065256479267,7.482580205719535,57.83507781349037,down,up,up,down,36.672
11.985000000000003,0.5105643877553323,-0.5569387379257634,7.4908528695836845,57.841323951400526,down,up,up,down,36.688
12.000000000000004,0.5015244606215408,-0.6026618089194129,7.498473859854268,57.84706050328528,down,up,up,down,36.703
12.016000000000002,0.4933253744334128,-0.5124428867580586,7.506465004036315,57.85305459488676,down,up,up,down,36.719
12.032,0.4849389440784577,-0.5241518971847459,7.514323464086016,57.858921889654326,down,up,up,down,36.735
12.047,0.4767078702364831,-0.5487382561316215,7.521566139101135,57.86430921998597,down,up,up,down,36.75
12.062999999999999,0.46898697315312,-0.4825560677102468,7.529164043349858,57.86993698103895,down,up,up,down,36.766
12.078,0.460419926170486,-0.5711364655089115,7.536164919002542,57.87510351617685,down,up,up,down,36.781
12.093999999999998,0.4520590016926374,-0.5225577798655976,7.543497095927053,57.88049982257,down,up,up,down,36.797
12.110000000000003,0.44420651012911,-0.4907807227202991,7.550699565523237,57.885779851790986,down,up,up,down,36.813
12.125000000000004,0.4365079889883958,-0.5132347427142553,7.557335248174375,57.89062609304379,down,up,up,down,36.828
12.141000000000002,0.4289380406540424,-0.4731217708971413,7.564291161913121,57.895686684275674,down,up,up,down,36.844
12.157,0.4192743818258933,-0.6039786767593868,7.571109206794567,57.90063708383859,down,up,up,down,36.86
12.172,0.409822668174753,-0.6301142434093282,7.577357758577329,57.90518008395385,down,up,up,down,36.875
12.187999999999999,0.40101220374039853,-0.5506540271472178,7.583876783054257,57.90992381013338,down,up,up,down,36.891
12.203,0.3923603822965483,-0.5767880962566607,7.589857401357291,57.91427730610583,down,up,up,down,36.906
12.218999999999998,0.384489026709133,-0.4919597242135074,7.596104542130943,57.918823213070496,down,up,up,down,36.922
12.235000000000003,0.3772573466928364,-0.4519800010183861,7.602230858619768,57.923270132377084,down,up,up,down,36.938
12.250000000000004,0.37016432971670993,-0.4728677984084168,7.607866845100596,57.92735090195474,down,up,up,down,36.953
12.266000000000002,0.3617764770178767,-0.5242407936771354,7.6137547170560795,57.93161153197006,down,up,up,down,36.969
12.282,0.35454056486161184,-0.4522445097666026,7.619517598892722,57.93577895595506,down,up,up,down,36.985
12.297,0.34745359805412873,-0.4724644538321893,7.624812879022347,57.939602979726246,down,up,up,down,37.0
12.312999999999999,0.3393334598193239,-0.5075086396753584,7.630339520986942,57.94359536303877,down,up,up,down,37.016
12.328,0.3317644370667168,-0.5046015168404521,7.635403079121343,57.94725879589349,down,up,up,down,37.031
12.343999999999998,0.3250216947246685,-0.4214213963780653,7.640689713677281,57.95108365606369,down,up,up,down,37.047
12.360000000000003,0.3184209007977277,-0.4125496204336619,7.64586959994307,57.9548247840673,down,up,up,down,37.063
12.375000000000004,0.31244348333969724,-0.3984944972020174,7.650631406731857,57.95825752887278,down,up,up,down,37.078
12.391000000000002,0.304968777488968,-0.4671691156706252,7.655603050320093,57.96184125572894,down,up,up,down,37.094
12.407,0.2976619434390902,-0.4566771281174168,7.660456441589124,57.965346382306265,down,up,up,down,37.11
12.422,0.2911888293868632,-0.4315409368151134,7.664903146293076,57.96856268775271,down,up,up,down,37.125
12.437999999999999,0.2851647915468121,-0.3765023650032366,7.6695463207621515,57.97192069452886,down,up,up,down,37.141
12.453,0.279258872095781,-0.393727963402061,7.673809822147228,57.9750020258126,down,up,up,down,37.156
12.468999999999998,0.2737479009296404,-0.3444356978838205,7.678266221833038,57.97821901997334,down,up,up,down,37.172
12.485000000000003,0.2685639854591049,-0.3239947169083629,7.682637062425757,57.98136539621184,down,up,up,down,37.188
12.500000000000004,0.2633170722812075,-0.3497942118598123,7.6866564942665665,57.9842521968922,down,up,up,down,37.203
12.516000000000002,0.2581875428283134,-0.3205955908059186,7.690860876689049,57.98726566043713,down,up,up,down,37.219
12.532,0.253158592384299,-0.3143094027509354,7.694983991272357,57.99021250400604,down,up,up,down,37.235
12.547,0.2476016998367694,-0.3704595031686231,7.698770017371772,57.99291585129673,down,up,up,down,37.25
12.562999999999999,0.24215376596664312,-0.3404958668829325,7.702720406599806,57.99573753041757,down,up,up,down,37.266
12.578,0.23804176448789252,-0.2741334319166943,7.706352196985971,57.998325988246236,down,up,up,down,37.281
12.593999999999998,0.234010390489118,-0.2519608749234348,7.710160959727395,58.001027485505105,down,up,up,down,37.297
12.610000000000003,0.22902343602957131,-0.3116846537215625,7.713897575841153,58.00366861973315,down,up,up,down,37.313
12.625000000000004,0.2241342649908003,-0.3259447359180588,7.717326582506562,58.006090940901075,down,up,up,down,37.328
12.641000000000002,0.2193969212793334,-0.2960839819667097,7.72090717749833,58.00861867333363,down,up,up,down,37.344
12.657,0.2145732693515416,-0.3014782454870189,7.724411284524984,58.011089728150026,down,up,up,down,37.36
12.672,0.2104541370065274,-0.2746088230009406,7.727629313980426,58.013355926016786,down,up,up,down,37.375
12.687999999999999,0.2064309350013041,-0.2514501253264855,7.730996740058096,58.01572052009705,down,up,up,down,37.391
12.703,0.2032951432322037,-0.2090527846066849,7.734100009552604,58.01788879683052,down,up,up,down,37.406
12.718999999999998,0.1991902544445345,-0.2565555492293486,7.737352238235625,58.02015078136081,down,up,up,down,37.422
12.735000000000003,0.1951443525446379,-0.2528688687434543,7.740539260593146,58.02236125188277,down,up,up,down,37.438
12.750000000000004,0.1915212835249225,-0.2415379346476862,7.743469576771425,58.02438768795808,down,up,up,down,37.453
12.766000000000002,0.18741527661253882,-0.2566254320240107,7.746533414754132,58.02650126653846,down,up,up,down,37.469
12.782,0.18336188493186611,-0.2533369800420683,7.749531977548093,58.02856634591264,down,up,up,down,37.485
12.797,0.1797479478958959,-0.2409291357313401,7.752285625202059,58.030459216247564,down,up,up,down,37.5
12.812999999999999,0.17630568237582273,-0.2151415950045991,7.755166399745839,58.0324332025606,down,up,up,down,37.516
12.828,0.17324568056850612,-0.2040001204877643,7.757818358875679,58.034242319226465,down,up,up,down,37.531
12.843999999999998,0.17020088741575812,-0.1902995720467691,7.76059827692116,58.03612858865269,down,up,up,down,37.547
12.860000000000003,0.16719510110925032,-0.1878616441566766,7.763329790330968,58.037970766627254,down,up,up,down,37.563
12.875000000000004,0.16451665131629412,-0.1785633195304047,7.765847952381916,58.03965843591244,down,up,up,down,37.578
12.891000000000002,0.16182136216312062,-0.1684555720733634,7.768491001991358,58.04141732679004,down,up,up,down,37.594
12.907,0.1582321340887045,-0.2243267546510299,7.77108377546298,58.04313433108298,down,up,up,down,37.61
12.922,0.1555158934618461,-0.1810827084572184,7.773467209577366,58.044706701050714,down,up,up,down,37.625
12.937999999999999,0.1528112873205068,-0.16903788383373,7.775966172525232,58.04634483650649,down,up,up,down,37.641
12.953,0.15017165057796872,-0.1759757828358658,7.778268868467228,58.0478445760546,down,up,up,down,37.656
12.968999999999998,0.14707470624406052,-0.1935590208692819,7.78067918482341,58.04940659414085,down,up,up,down,37.672
12.985000000000003,0.14392879829057573,-0.1966192470927339,7.7830395583612955,58.050930446707966,down,up,up,down,37.688
13.000000000000004,0.1408784716814253,-0.2033551072766848,7.785205936793842,58.05232510784985,down,up,up,down,37.703
13.016000000000002,0.1380468685698464,-0.1769751944737025,7.787469685017459,58.05377730538795,down,up,up,down,37.719
13.032,0.13431574481128553,-0.2331952349100809,7.7896809314261155,58.05519370296899,down,up,up,down,37.735
13.047,0.1306534846802396,-0.2441506754030487,7.791698524555059,58.05648985940469,down,up,up,down,37.75
13.062999999999999,0.1285553456219102,-0.1311336911456051,7.793804540699083,58.05783943739523,down,up,up,down,37.766
13.078,0.1258865497500654,-0.1779197247896442,7.795743178822129,58.059074331854376,down,up,up,down,37.781
13.093999999999998,0.12379033153387199,-0.1310136385121041,7.797772939374008,58.060359805421385,down,up,up,down,37.797
13.110000000000003,0.1217338046914875,-0.1285329276489847,7.799769477965419,58.061613068595264,down,up,up,down,37.813
13.125000000000004,0.1197176019048349,-0.1344135191101681,7.801610687422648,58.0627592197104,down,up,up,down,37.828
13.141000000000002,0.11670932104032519,-0.1880175540318814,7.803534448307817,58.06395166113715,down,up,up,down,37.844
13.157,0.1137689265724902,-0.1837746542397081,7.805410619790326,58.065113703104956,down,up,up,down,37.86
13.172,0.1111027911620042,-0.1777423606990594,7.807127481581092,58.06617616970023,down,up,up,down,37.875
13.187999999999999,0.1084889329164298,-0.1633661403484156,7.808916560875326,58.0672814198732,down,up,up,down,37.891
13.203,0.1070714231437879,-0.0945006515094549,7.810563587453535,58.06829182111626,down,up,up,down,37.906
13.218999999999998,0.1056883705209266,-0.0864407889288416,7.812298011304459,58.069342530838796,down,up,up,down,37.922
13.235000000000003,0.1026440532054025,-0.1902698322201943,7.813997016195877,58.07036577313137,down,up,up,down,37.938
13.250000000000004,0.100743991931239,-0.1266707516108974,7.815552750442159,58.07130065223713,down,up,up,down,37.953
13.266000000000002,0.0988757003417682,-0.1167682243419361,7.81718205348195,58.07227237631831,down,up,up,down,37.969
13.282,0.0970440419207179,-0.1144786513156541,7.818781756921657,58.073218268347674,down,up,up,down,37.985
13.297,0.0945913890906951,-0.1635101886681823,7.820249346562,58.07408203742709,down,up,up,down,38.0
13.312999999999999,0.0928636737744952,-0.1079822072625033,7.821781332566528,58.074979394506656,down,up,up,down,38.016
13.328,0.09116983522920209,-0.1129225696862055,7.823191907791813,58.07579859755951,down,up,up,down,38.031
13.343999999999998,0.0896446508105662,-0.0953240261647552,7.824670769181738,58.07664929865631,down,up,up,down,38.047
13.360000000000003,0.0881493719687665,-0.0934549276124484,7.82612546686558,58.07747653128051,down,up,up,down,38.063
13.375000000000004,0.0868312785288428,-0.0878728959949119,7.827468145652069,58.07823108154217,down,up,up,down,38.078
13.391000000000002,0.0855390300583281,-0.0807655294071763,7.828879453622373,58.07901390326056,down,up,up,down,38.094
13.407,0.0839691073195148,-0.0981201711758414,7.8302678642230035,58.07977432723037,down,up,up,down,38.11
13.422,0.0818946450213005,-0.1382974865476138,7.831542166273317,58.0804672543572,down,up,up,down,38.125
13.437999999999999,0.0798297327170854,-0.1290570190134596,7.83286830679683,58.08118557308522,down,up,up,down,38.141
13.453,0.0790900273649928,-0.0493136901395019,7.834090528905203,58.08183988417299,down,up,up,down,38.156
13.468999999999998,0.0780760984610609,-0.0633705564957523,7.835880203413418,58.08251372082701,down,up,up,down,38.172
13.485000000000003,0.0770767265877268,-0.0624607420833602,7.837653771515416,58.08315905154019,down,up,up,down,38.188
13.500000000000004,0.0759847271708711,-0.0727999611237086,7.839332056326363,58.08373816018694,down,up,up,down,38.203
13.516000000000002,0.0754074670854283,-0.0360787553401782,7.84107553938202,58.084328501933854,down,up,up,down,38.219
13.532,0.0748152417627992,-0.0370140826643257,7.842809666554413,58.08489102279894,down,up,up,down,38.235
13.547,0.0734265516883372,-0.0925793382974606,7.844451803913053,58.085393064125995,down,up,up,down,38.25
13.562999999999999,0.0724005423019189,-0.0641255866511496,7.846150766166582,58.08590184607793,down,up,up,down,38.266
13.578,0.0700314303209293,-0.1579407987326378,7.847749329869011,58.086354097713226,down,up,up,down,38.281
13.593999999999998,0.067721802351965,-0.1443517480602833,7.849383701232001,58.08681063597702,down,up,up,down,38.297
13.610000000000003,0.0660391785128702,-0.1051639899433891,7.850986134580527,58.08724127980311,down,up,up,down,38.313
13.625000000000004,0.0643097358263862,-0.1152961790989293,7.852494075345828,58.087621680584206,down,up,up,down,38.328
13.641000000000002,0.0626383958348349,-0.1044587494719699,7.854042005900725,58.088002994446825,down,up,up,down,38.344
13.657,0.062338436716443,-0.0187474448994938,7.855574166062742,58.0883596675837,down,up,up,down,38.36
13.672,0.0597893059481294,-0.1699420512209032,7.857020448040483,58.088671710333486,down,up,up,down,38.375
13.687999999999999,0.0572764683540683,-0.157052349628834,7.858489319736508,58.088981234703866,down,up,up,down,38.391
13.703,0.0557329525175696,-0.102901055766576,7.859867214300802,58.08925006305414,down,up,up,down,38.406
13.718999999999998,0.0550587542838787,-0.0421373896056833,7.861285893456821,58.08951444070466,down,up,up,down,38.422
13.735000000000003,0.0542577871998944,-0.0500604427490058,7.862692771290298,58.089756213899264,down,up,up,down,38.438
13.750000000000004,0.0534735921920397,-0.0522796671903079,7.864031080543495,58.08996228736605,down,up,up,down,38.453
13.766000000000002,0.0527047735568882,-0.0480511646969769,7.865412852971094,58.09016033841051,down,up,up,down,38.469
13.782,0.0520102519965864,-0.0434075975188678,7.866782918677129,58.090336374749924,down,up,up,down,38.485
13.797,0.0513748263691323,-0.0423617084969391,7.868088630672628,58.09048134048534,down,up,up,down,38.5
13.812999999999999,0.050203458250134496,-0.0732105074373681,7.869433602451189,58.09061476513294,down,up,up,down,38.516
13.828,0.0487725156008594,-0.095396176618338,7.870706246162829,58.09072021862387,down,up,up,down,38.531
13.843999999999998,0.0472919726408723,-0.0925339349992051,7.8720071075703695,58.09081211430659,down,up,up,down,38.547
13.860000000000003,0.0451122524921992,-0.1362325092920213,7.873278686873042,58.09088343046362,down,up,up,down,38.563
13.875000000000004,0.0429752719542833,-0.1424653691943872,7.874469667214147,58.090931820163505,down,up,up,down,38.578
13.891000000000002,0.0416777461348197,-0.0810953637164857,7.875679236860467,58.09096423144349,down,up,up,down,38.594
13.907,0.0404056619980899,-0.0795052585456178,7.876868249627138,58.09097745406417,down,up,up,down,38.61
13.922,0.0392111321314541,-0.0796353244423848,7.877100157036557,58.09097919336973,down,up,up,down,38.625
13.937999999999999,0.038968581149900296,-0.0151594363471135,7.877653482698723,58.09097476676443,down,up,up,down,38.641
13.953,0.0373526086757145,-0.107731498279047,7.877756215530172,58.090965696383265,down,up,up,down,38.656
