timestamps,aAcc,aJerk,aVelocity,aHeight,jerks_direction,accelerations_direction,velocities_direction,heights_direction,start_jerks,start_accelerations,start_velocities,start_heights,actual_timestamps
0.0,0.0,0.0,0.0,0.0,down,up,up,up,0.025942064131711,0.0067127559617254,1.1452768434980914e-05,0.0041160186835081,4.328
0.03200000000000003,0.0,0.0144008826484344,0.0,0.0,down,up,up,up,0.025942064131711,0.0067127559617254,1.1452768434980914e-05,0.0041160186835081,4.36
0.04699999999999971,0.0,0.0190563558393334,0.0,0.0,down,up,up,up,0.025942064131711,0.0067127559617254,1.1452768434980914e-05,0.0041160186835081,4.375
0.06299999999999972,0.0,0.0263689192679484,0.0,0.0,down,up,up,up,0.025942064131711,0.0067127559617254,1.1452768434980914e-05,0.0041160186835081,4.391
0.0779999999999994,0.0,0.0275581499653999,0.0,0.0,down,up,up,up,0.025942064131711,0.0067127559617254,1.1452768434980914e-05,0.0041160186835081,4.406
0.09399999999999942,0.0,0.0726005225168513,0.0,0.0,down,up,up,up,0.025942064131711,0.0067127559617254,1.1452768434980914e-05,0.0041160186835081,4.422
0.10999999999999943,0.0,0.0964324998415466,0.0,0.0,down,up,up,up,0.025942064131711,0.0067127559617254,1.1452768434980914e-05,0.0041160186835081,4.438
0.125,0.0,0.09753039804015011,0.0,0.0,down,up,up,up,0.025942064131711,0.0067127559617254,1.1452768434980914e-05,0.0041160186835081,4.453
0.14100000000000001,0.0,0.061720512401895994,0.0,0.0,down,up,up,up,0.025942064131711,0.0067127559617254,1.1452768434980914e-05,0.0041160186835081,4.469
0.15700000000000003,0.0,0.0287788185840509,0.0,0.0,down,up,up,up,0.025942064131711,0.0067127559617254,1.1452768434980914e-05,0.0041160186835081,4.485
0.1719999999999997,0.0,0.0286245276054576,0.0,0.0,down,up,up,up,0.025942064131711,0.0067127559617254,1.1452768434980914e-05,0.0041160186835081,4.5
0.18799999999999972,0.0,0.0808962272579971,0.0,0.0,down,up,up,up,0.025942064131711,0.0067127559617254,1.1452768434980914e-05,0.0041160186835081,4.516
0.2029999999999994,0.0,0.021968171267755698,0.0,0.0,down,up,up,up,0.025942064131711,0.0067127559617254,1.1452768434980914e-05,0.0041160186835081,4.531
0.21899999999999942,0.0,0.0349629320434595,0.0,0.0,down,up,up,up,0.025942064131711,0.0067127559617254,1.1452768434980914e-05,0.0041160186835081,4.547
0.23499999999999943,0.0,0.033097717595787904,0.0,0.0,down,up,up,up,0.025942064131711,0.0067127559617254,1.1452768434980914e-05,0.0041160186835081,4.563
0.266,0.0,0.018060321686197603,0.0,0.0,down,up,up,up,0.025942064131711,0.0067127559617254,1.1452768434980914e-05,0.0041160186835081,4.594
0.28200000000000003,0.0,0.012253021504603601,0.0,0.0,down,up,up,up,0.025942064131711,0.0067127559617254,1.1452768434980914e-05,0.0041160186835081,4.61
0.2969999999999997,0.0,0.0316265067598436,0.0,0.0,down,up,up,up,0.025942064131711,0.0067127559617254,1.1452768434980914e-05,0.0041160186835081,4.625
0.3129999999999997,0.0,0.0127604134948046,0.0,0.0,down,up,up,up,0.025942064131711,0.0067127559617254,1.1452768434980914e-05,0.0041160186835081,4.641
0.3279999999999994,0.0,0.011338966165059201,0.0,0.0,down,up,up,up,0.025942064131711,0.0067127559617254,1.1452768434980914e-05,0.0041160186835081,4.656
0.3439999999999994,0.0,0.0339077951461808,0.0,0.0,down,up,up,up,0.025942064131711,0.0067127559617254,1.1452768434980914e-05,0.0041160186835081,4.672
0.35999999999999943,0.0,0.0593701728180506,0.0,0.0,down,up,up,up,0.025942064131711,0.0067127559617254,1.1452768434980914e-05,0.0041160186835081,4.688
0.375,0.0,0.054319642164318505,0.0,0.0,down,up,up,up,0.025942064131711,0.0067127559617254,1.1452768434980914e-05,0.0041160186835081,4.703
0.391,0.0,0.051701707492311996,0.0,0.0,down,up,up,up,0.025942064131711,0.0067127559617254,1.1452768434980914e-05,0.0041160186835081,4.719
0.40700000000000003,0.0,0.03888239621001699,0.0,0.0,down,up,up,up,0.025942064131711,0.0067127559617254,1.1452768434980914e-05,0.0041160186835081,4.735
0.4219999999999997,0.0,0.0541925343467156,0.0,0.0,down,up,up,up,0.025942064131711,0.0067127559617254,1.1452768434980914e-05,0.0041160186835081,4.75
0.4379999999999997,0.0,0.0529664899177706,0.0,0.0,down,up,up,up,0.025942064131711,0.0067127559617254,1.1452768434980914e-05,0.0041160186835081,4.766
0.4529999999999994,0.0,0.0540650438116088,0.0,0.0,down,up,up,up,0.025942064131711,0.0067127559617254,1.1452768434980914e-05,0.0041160186835081,4.781
0.4689999999999994,0.0,0.0803245403856,0.0,0.0,down,up,up,up,0.025942064131711,0.0067127559617254,1.1452768434980914e-05,0.0041160186835081,4.797
0.48499999999999943,0.0,0.022896093823155796,0.0,0.0,down,up,up,up,0.025942064131711,0.0067127559617254,1.1452768434980914e-05,0.0041160186835081,4.813
0.5,0.0,0.0362281698355563,0.0,0.0,down,up,up,up,0.025942064131711,0.0067127559617254,1.1452768434980914e-05,0.0041160186835081,4.828
0.516,0.0,0.0825550148634733,0.0,0.0,down,up,up,up,0.025942064131711,0.0067127559617254,1.1452768434980914e-05,0.0041160186835081,4.844
0.532,0.0,0.0863717286226461,0.0,0.0,down,up,up,up,0.025942064131711,0.0067127559617254,1.1452768434980914e-05,0.0041160186835081,4.86
0.5469999999999997,0.0,0.0864953796613815,0.0,0.0,down,up,up,up,0.025942064131711,0.0067127559617254,1.1452768434980914e-05,0.0041160186835081,4.875
0.5629999999999997,0.0,0.0,0.0,0.0,down,up,up,up,0.025942064131711,0.0067127559617254,1.1452768434980914e-05,0.0041160186835081,4.891
0.5779999999999994,0.0,0.0168959861756678,0.0,0.0,down,up,up,up,0.025942064131711,0.0067127559617254,1.1452768434980914e-05,0.0041160186835081,4.906
0.5939999999999994,0.0,0.0187904874848311,0.0,0.0,down,up,up,up,0.025942064131711,0.0067127559617254,1.1452768434980914e-05,0.0041160186835081,4.922
0.625,0.0,0.041951727234603706,0.0,0.0,down,up,up,up,0.025942064131711,0.0067127559617254,1.1452768434980914e-05,0.0041160186835081,4.953
0.641,0.0,0.0357693314894557,0.0,0.0,down,up,up,up,0.025942064131711,0.0067127559617254,1.1452768434980914e-05,0.0041160186835081,4.969
0.657,0.0,0.0350336131955019,0.0,0.0,down,up,up,up,0.025942064131711,0.0067127559617254,1.1452768434980914e-05,0.0041160186835081,4.985
0.6719999999999997,0.0,0.0,0.0,0.0,down,up,up,up,0.025942064131711,0.0067127559617254,1.1452768434980914e-05,0.0041160186835081,5.0
0.6879999999999997,0.0,0.1080109399797623,0.0,0.0,down,up,up,up,0.025942064131711,0.0067127559617254,1.1452768434980914e-05,0.0041160186835081,5.016
0.7189999999999994,0.0,0.0652323032101674,0.0,0.0,down,up,up,up,0.025942064131711,0.0067127559617254,1.1452768434980914e-05,0.0041160186835081,5.047
0.7349999999999994,0.0,0.0542279753892971,0.0,0.0,down,up,up,up,0.025942064131711,0.0067127559617254,1.1452768434980914e-05,0.0041160186835081,5.063
0.75,0.0,0.0915930122703857,0.0,0.0,down,up,up,up,0.025942064131711,0.0067127559617254,1.1452768434980914e-05,0.0041160186835081,5.078
0.766,0.0,0.0865329296394034,0.0,0.0,down,up,up,up,0.025942064131711,0.0067127559617254,1.1452768434980914e-05,0.0041160186835081,5.094
0.782,0.0,0.060173598015865706,0.0,0.0,down,up,up,up,0.025942064131711,0.0067127559617254,1.1452768434980914e-05,0.0041160186835081,5.11
0.7969999999999997,0.0,0.0446505172448035,0.0,0.0,down,up,up,up,0.025942064131711,0.0067127559617254,1.1452768434980914e-05,0.0041160186835081,5.125
0.8129999999999997,0.0,0.0,0.0,0.0,down,up,up,up,0.025942064131711,0.0067127559617254,1.1452768434980914e-05,0.0041160186835081,5.141
0.8279999999999994,0.0,0.0,0.0,0.0,down,up,up,up,0.025942064131711,0.0067127559617254,1.1452768434980914e-05,0.0041160186835081,5.156
0.8439999999999994,0.0,0.0594931724344316,0.0,0.0,down,up,up,up,0.025942064131711,0.0067127559617254,1.1452768434980914e-05,0.0041160186835081,5.172
0.8599999999999994,0.0,0.11094483999391941,0.0,0.0,down,up,up,up,0.025942064131711,0.0067127559617254,1.1452768434980914e-05,0.0041160186835081,5.188
0.875,0.0,0.11395124028971801,0.0,0.0,down,up,up,up,0.025942064131711,0.0067127559617254,1.1452768434980914e-05,0.0041160186835081,5.203
0.891,0.0,0.025039901856694798,0.0,0.0,down,up,up,up,0.025942064131711,0.0067127559617254,1.1452768434980914e-05,0.0041160186835081,5.219
0.9219999999999997,0.0,0.0630893242480564,0.0,0.0,down,up,up,up,0.025942064131711,0.0067127559617254,1.1452768434980914e-05,0.0041160186835081,5.25
0.9379999999999997,-0.0109759918329198,0.1495437121649777,0.0,0.0,down,up,up,up,0.025942064131711,0.0067127559617254,1.1452768434980914e-05,0.0041160186835081,5.266
0.9529999999999994,-0.0112429765387299,0.0437410445190515,0.0,0.0,down,up,up,up,0.025942064131711,0.0067127559617254,1.1452768434980914e-05,0.0041160186835081,5.281
0.9689999999999994,-0.011949629056669301,0.0701078465029192,0.0,0.0,down,up,up,up,0.025942064131711,0.0067127559617254,1.1452768434980914e-05,0.0041160186835081,5.297
0.9849999999999994,-0.0126718887456948,0.071083294695805,0.0,0.0,down,up,up,up,0.025942064131711,0.0067127559617254,1.1452768434980914e-05,0.0041160186835081,5.313
1.0,-0.013898499776844798,0.1077161328750459,0.0,0.0,down,up,up,up,0.025942064131711,0.0067127559617254,1.1452768434980914e-05,0.0041160186835081,5.328
1.016,-0.013211839170082701,0.016974223790923098,0.0,0.0,down,up,up,up,0.025942064131711,0.0067127559617254,1.1452768434980914e-05,0.0041160186835081,5.344
1.0469999999999997,-0.012287819498762599,0.0,0.0,0.0,down,up,up,up,0.025942064131711,0.0067127559617254,1.1452768434980914e-05,0.0041160186835081,5.375
1.0629999999999997,-0.0122995322916902,0.0266741136896831,0.0,0.0,down,up,up,up,0.025942064131711,0.0067127559617254,1.1452768434980914e-05,0.0041160186835081,5.391
1.0779999999999994,-0.0123300759456394,0.0279783077283221,0.0,0.0,down,up,up,up,0.025942064131711,0.0067127559617254,1.1452768434980914e-05,0.0041160186835081,5.406
1.0939999999999994,-0.013111338611013199,0.0747709807175744,0.0,0.0,down,up,up,up,0.025942064131711,0.0067127559617254,1.1452768434980914e-05,0.0041160186835081,5.422
1.1099999999999994,-0.0128862926425376,0.0118766911019853,0.0,0.0,down,up,up,up,0.025942064131711,0.0067127559617254,1.1452768434980914e-05,0.0041160186835081,5.438
1.125,-0.0127566329958525,0.017298087686038098,0.0,0.0,down,up,up,up,0.025942064131711,0.0067127559617254,1.1452768434980914e-05,0.0041160186835081,5.453
1.141,-0.012646580371843,0.0190637751311219,0.0,0.0,down,up,up,up,0.025942064131711,0.0067127559617254,1.1452768434980914e-05,0.0041160186835081,5.469
1.157,-0.0129011783651814,0.0418544387153596,0.0,0.0,down,up,up,up,0.025942064131711,0.0067127559617254,1.1452768434980914e-05,0.0041160186835081,5.485
1.1879999999999997,-0.0129843628960023,0.028625436093675502,0.0,0.0,down,up,up,up,0.025942064131711,0.0067127559617254,1.1452768434980914e-05,0.0041160186835081,5.516
1.2029999999999994,-0.013061220190442199,0.0310658837610342,0.0,0.0,down,up,up,up,0.025942064131711,0.0067127559617254,1.1452768434980914e-05,0.0041160186835081,5.531
1.2349999999999994,-0.0126922786394593,0.014412640663496,0.0,0.0,down,up,up,up,0.025942064131711,0.0067127559617254,1.1452768434980914e-05,0.0041160186835081,5.563
1.25,-0.012326138153531,0.0,0.0,0.0,down,up,up,up,0.025942064131711,0.0067127559617254,1.1452768434980914e-05,0.0041160186835081,5.578
1.266,-0.013841336960393,0.1206419895605869,0.0,0.0,down,up,up,up,0.025942064131711,0.0067127559617254,1.1452768434980914e-05,0.0041160186835081,5.594
1.282,-0.0133500208538385,0.0,0.0,0.0,down,up,up,up,0.025942064131711,0.0067127559617254,1.1452768434980914e-05,0.0041160186835081,5.61
1.2969999999999997,-0.0112936922966592,0.1111465063469118,0.0,0.0,down,up,up,up,0.025942064131711,0.0067127559617254,1.1452768434980914e-05,0.0041160186835081,5.625
1.3129999999999997,0.0,0.10001689832732728,0.0,0.0,down,up,up,up,0.025942064131711,0.0067127559617254,1.1452768434980914e-05,0.0041160186835081,5.641
1.3279999999999994,0.0,0.0628395845590557,0.0,0.0,down,up,up,up,0.025942064131711,0.0067127559617254,1.1452768434980914e-05,0.0041160186835081,5.656
1.3439999999999994,0.0,0.0471449587946991,0.0,0.0,down,up,up,up,0.025942064131711,0.0067127559617254,1.1452768434980914e-05,0.0041160186835081,5.672
1.3599999999999994,0.0,0.04484972415124229,0.0,0.0,down,up,up,up,0.025942064131711,0.0067127559617254,1.1452768434980914e-05,0.0041160186835081,5.688
1.375,0.0,0.0204163391434985,0.0,0.0,down,up,up,up,0.025942064131711,0.0067127559617254,1.1452768434980914e-05,0.0041160186835081,5.703
1.391,0.0,0.154908260157117,0.0,0.0,down,up,up,up,0.025942064131711,0.0067127559617254,1.1452768434980914e-05,0.0041160186835081,5.719
1.407,0.0,0.14960921590161472,0.0,0.0,down,up,up,up,0.025942064131711,0.0067127559617254,1.1452768434980914e-05,0.0041160186835081,5.735
1.4219999999999997,0.0,0.06249920156899509,0.0,0.0,down,up,up,up,0.025942064131711,0.0067127559617254,1.1452768434980914e-05,0.0041160186835081,5.75
1.4379999999999997,0.0,0.0692741182384725,0.0,0.0,down,up,up,up,0.025942064131711,0.0067127559617254,1.1452768434980914e-05,0.0041160186835081,5.766
1.4689999999999994,0.0,0.0206312544001046,0.0,0.0,down,up,up,up,0.025942064131711,0.0067127559617254,1.1452768434980914e-05,0.0041160186835081,5.797
1.4849999999999994,0.0,0.07367645527705059,0.0,0.0,down,up,up,up,0.025942064131711,0.0067127559617254,1.1452768434980914e-05,0.0041160186835081,5.813
1.5,0.0,0.070741177931071,0.0,0.0,down,up,up,up,0.025942064131711,0.0067127559617254,1.1452768434980914e-05,0.0041160186835081,5.828
1.516,0.0,0.06382996958847019,0.0,0.0,down,up,up,up,0.025942064131711,0.0067127559617254,1.1452768434980914e-05,0.0041160186835081,5.844
1.532,0.010908460886193799,0.098643202799221,0.0,0.0,down,up,up,up,0.025942064131711,0.0067127559617254,1.1452768434980914e-05,0.0041160186835081,5.86
1.5469999999999997,0.0129679357034132,0.11135625701624881,0.0,0.0,down,up,up,up,0.025942064131711,0.0067127559617254,1.1452768434980914e-05,0.0041160186835081,5.875
1.5629999999999997,0.014977635440761401,0.0996641694525522,0.0,0.0,down,up,up,up,0.025942064131711,0.0067127559617254,1.1452768434980914e-05,0.0041160186835081,5.891
1.5779999999999994,0.017520565297980198,0.1435865930162141,0.0,0.0,down,up,up,up,0.025942064131711,0.0067127559617254,1.1452768434980914e-05,0.0041160186835081,5.906
1.5939999999999994,0.0193291027712768,0.0870915279493243,0.0,0.0,down,up,up,up,0.025942064131711,0.0067127559617254,1.1452768434980914e-05,0.0041160186835081,5.922
1.6099999999999994,0.0226999722361967,0.18473727742578472,0.0,0.0,down,up,up,up,0.025942064131711,0.0067127559617254,1.1452768434980914e-05,0.0041160186835081,5.938
1.641,0.027533111100860097,0.129965641180009,0.0,0.0,down,up,up,up,0.025942064131711,0.0067127559617254,1.1452768434980914e-05,0.0041160186835081,5.969
1.657,0.0306799164954513,0.1707332730302333,0.0,0.0,down,up,up,up,0.025942064131711,0.0067127559617254,1.1452768434980914e-05,0.0041160186835081,5.985
1.6879999999999997,0.0354855692799312,0.12907899343216062,0.0,0.0,down,up,up,up,0.025942064131711,0.0067127559617254,1.1452768434980914e-05,0.0041160186835081,6.016
1.7029999999999994,0.0389898497056596,0.20767663091685182,0.0,0.0,down,up,up,up,0.025942064131711,0.0067127559617254,1.1452768434980914e-05,0.0041160186835081,6.031
1.7349999999999994,0.0424115814829733,0.08098705390934359,0.0,0.0,down,up,up,up,0.025942064131711,0.0067127559617254,1.1452768434980914e-05,0.0041160186835081,6.063
1.75,0.048299556057493497,0.3665895741696189,0.0,0.0,down,up,up,up,0.025942064131711,0.0067127559617254,1.1452768434980914e-05,0.0041160186835081,6.078
1.766,0.0555208992583243,0.42539188592021276,0.0,0.0,down,up,up,up,0.025942064131711,0.0067127559617254,1.1452768434980914e-05,0.0041160186835081,6.094
1.782,0.0621138480725048,0.3861172367545691,0.0,0.0,down,up,up,up,0.025942064131711,0.0067127559617254,1.1452768434980914e-05,0.0041160186835081,6.11
1.7969999999999997,0.06902876916960751,0.435052675675144,0.0,0.0,down,up,up,up,0.025942064131711,0.0067127559617254,1.1452768434980914e-05,0.0041160186835081,6.125
1.8129999999999997,0.07519475247286961,0.3594318923221714,0.0,0.0,down,up,up,up,0.025942064131711,0.0067127559617254,1.1452768434980914e-05,0.0041160186835081,6.141
1.8279999999999994,0.0811897904336956,0.3737271332566982,0.0,0.0,down,up,up,up,0.025942064131711,0.0067127559617254,1.1452768434980914e-05,0.0041160186835081,6.156
1.8439999999999994,0.08765029147149231,0.3778392507305835,0.010703751234972919,0.0,down,up,up,up,0.025942064131711,0.0067127559617254,1.1452768434980914e-05,0.0041160186835081,6.172
1.8599999999999994,0.0941541929808488,0.38055178020306507,0.012265591205979219,0.0,down,up,up,up,0.025942064131711,0.0067127559617254,1.1452768434980914e-05,0.0041160186835081,6.188
1.875,0.1004717084497547,0.3952256337953336,0.013825976806134718,0.0,down,up,up,up,0.025942064131711,0.0067127559617254,1.1452768434980914e-05,0.0041160186835081,6.203
1.891,0.1076504326430108,0.4227281979467985,0.015598358030264419,0.0,down,up,up,up,0.025942064131711,0.0067127559617254,1.1452768434980914e-05,0.0041160186835081,6.219
1.9219999999999997,0.1142560937043733,0.1871437765574043,0.019246004623462418,0.0,down,up,up,up,0.025942064131711,0.0067127559617254,1.1452768434980914e-05,0.0041160186835081,6.25
1.9379999999999997,0.12142055568693531,0.42183680977840926,0.02123882191398042,0.0,down,up,up,up,0.025942064131711,0.0067127559617254,1.1452768434980914e-05,0.0041160186835081,6.266
1.9529999999999994,0.12839635884083128,0.4391114794613662,0.02321314011236452,0.0,down,up,up,up,0.025942064131711,0.0067127559617254,1.1452768434980914e-05,0.0041160186835081,6.281
1.9849999999999994,0.1364644023655402,0.2261842960154423,0.02766572048244172,0.0,down,up,up,up,0.025942064131711,0.0067127559617254,1.1452768434980914e-05,0.0041160186835081,6.313
2.0,0.14432139052390988,0.4978571464262465,0.02987230526853852,0.0,down,up,up,up,0.025942064131711,0.0067127559617254,1.1452768434980914e-05,0.0041160186835081,6.328
2.016,0.1513650745297124,0.4142881862309495,0.032345201084355124,0.0,down,up,up,up,0.025942064131711,0.0067127559617254,1.1452768434980914e-05,0.0041160186835081,6.344
2.0469999999999997,0.15776779065442348,0.1805971656976815,0.03734485592952262,0.0,down,up,up,up,0.025942064131711,0.0067127559617254,1.1452768434980914e-05,0.0041160186835081,6.375
2.0629999999999997,0.1651504829028952,0.4354762013977671,0.040035606213368824,0.0,down,up,up,up,0.025942064131711,0.0067127559617254,1.1452768434980914e-05,0.0041160186835081,6.391
2.0779999999999994,0.17451098423483208,0.5980913579974282,0.042683758556327625,0.0,down,up,up,up,0.025942064131711,0.0067127559617254,1.1452768434980914e-05,0.0041160186835081,6.406
2.0939999999999994,0.18422924447285288,0.5814492007445887,0.04566108448137672,0.0,down,up,up,up,0.025942064131711,0.0067127559617254,1.1452768434980914e-05,0.0041160186835081,6.422
2.1099999999999994,0.19368892886658529,0.5652882104765672,0.048791833963479816,0.0,down,up,up,up,0.025942064131711,0.0067127559617254,1.1452768434980914e-05,0.0041160186835081,6.438
2.125,0.201250189963357,0.4781420089863824,0.05185456869413042,0.0,down,up,up,up,0.025942064131711,0.0067127559617254,1.1452768434980914e-05,0.0041160186835081,6.453
2.157,0.2092520931161577,0.2241174093933104,0.058637413414177816,0.0107545322847064,down,up,up,up,0.025942064131711,0.0067127559617254,1.1452768434980914e-05,0.0041160186835081,6.485
2.1719999999999997,0.21691450159571,0.4848851678384492,0.061934354213942625,0.0116589923334438,down,up,up,up,0.025942064131711,0.0067127559617254,1.1452768434980914e-05,0.0041160186835081,6.5
2.1879999999999997,0.22428994915383,0.4350234082507904,0.06557139391532663,0.012679221562772899,down,up,up,up,0.025942064131711,0.0067127559617254,1.1452768434980914e-05,0.0041160186835081,6.516
2.2029999999999994,0.2314406821012387,0.4507734656955495,0.06909006498916542,0.0136893542960831,down,up,up,up,0.025942064131711,0.0067127559617254,1.1452768434980914e-05,0.0041160186835081,6.531
2.2189999999999994,0.2393798855114398,0.4702581490058539,0.07296403362545442,0.014825970329295002,down,up,up,up,0.025942064131711,0.0067127559617254,1.1452768434980914e-05,0.0041160186835081,6.547
2.2349999999999994,0.24587063949073598,0.37973005957430206,0.07695344192085952,0.0160254933779605,down,up,up,up,0.025942064131711,0.0067127559617254,1.1452768434980914e-05,0.0041160186835081,6.563
2.25,0.2534130935618536,0.4768882072761054,0.08079876125817992,0.0172088066933298,down,up,up,up,0.025942064131711,0.0067127559617254,1.1452768434980914e-05,0.0041160186835081,6.578
2.266,0.2608000757039247,0.4357443197477335,0.08501987070769382,0.0185355389933518,down,up,up,up,0.025942064131711,0.0067127559617254,1.1452768434980914e-05,0.0041160186835081,6.594
2.282,0.2689350936970084,0.48249656043601935,0.08936515615828883,0.0199308024525746,down,up,up,up,0.025942064131711,0.0067127559617254,1.1452768434980914e-05,0.0041160186835081,6.61
2.2969999999999997,0.2759589060946298,0.44231209570972546,0.09355255249615192,0.0213028570590094,down,up,up,up,0.025942064131711,0.0067127559617254,1.1452768434980914e-05,0.0041160186835081,6.625
2.3129999999999997,0.282816640605967,0.4026663428268635,0.09813016096514432,0.0228365020109947,down,up,up,up,0.025942064131711,0.0067127559617254,1.1452768434980914e-05,0.0041160186835081,6.641
2.3279999999999994,0.290210779371055,0.46700052020749866,0.10252855795439772,0.0243416141944178,down,up,up,up,0.025942064131711,0.0067127559617254,1.1452768434980914e-05,0.0041160186835081,6.656
2.3439999999999994,0.2991854001664667,0.5349717355815249,0.10735113148608552,0.0260208349542366,down,up,up,up,0.025942064131711,0.0067127559617254,1.1452768434980914e-05,0.0041160186835081,6.672
2.3599999999999994,0.3079622375815011,0.5226102743079337,0.11231571668345693,0.027778352983887897,down,up,up,up,0.025942064131711,0.0067127559617254,1.1452768434980914e-05,0.0041160186835081,6.688
2.375,0.31389835245244063,0.3697989272642467,0.11708036244813752,0.029498995368901503,down,up,up,up,0.025942064131711,0.0067127559617254,1.1452768434980914e-05,0.0041160186835081,6.703
2.407,0.3200865844380339,0.1674401854180782,0.1274389296291603,0.0334116705307282,down,up,up,up,0.025942064131711,0.0067127559617254,1.1452768434980914e-05,0.0041160186835081,6.735
2.4219999999999997,0.3261227133631871,0.37646653087850757,0.1323861907020953,0.0353605307247391,down,up,up,up,0.025942064131711,0.0067127559617254,1.1452768434980914e-05,0.0041160186835081,6.75
2.4379999999999997,0.3316759186676973,0.32113326740017617,0.13775598385373003,0.0375218513654806,down,up,up,up,0.025942064131711,0.0067127559617254,1.1452768434980914e-05,0.0041160186835081,6.766
2.4529999999999994,0.3367372959114886,0.3114830854543827,0.1428697743024996,0.0396267163431788,down,up,up,up,0.025942064131711,0.0067127559617254,1.1452768434980914e-05,0.0041160186835081,6.781
2.4689999999999994,0.3416799969248388,0.2829767492026799,0.14840451674057792,0.041957093915818394,down,up,up,up,0.025942064131711,0.0067127559617254,1.1452768434980914e-05,0.0041160186835081,6.797
2.4849999999999994,0.348899294589888,0.42526403993385986,0.15403655516808332,0.044376805735382704,down,up,up,up,0.025942064131711,0.0067127559617254,1.1452768434980914e-05,0.0041160186835081,6.813
2.516,0.35422099775960814,0.14572578005280631,0.16514301513431423,0.0493244441108914,down,up,up,up,0.025942064131711,0.0067127559617254,1.1452768434980914e-05,0.0041160186835081,6.844
2.532,0.35941799114452533,0.29887002242561317,0.17095953114093482,0.052013447725388406,down,up,up,up,0.025942064131711,0.0067127559617254,1.1452768434980914e-05,0.0041160186835081,6.86
2.5469999999999997,0.3657400112661585,0.3955259439771771,0.17649890749844072,0.0546195578067102,down,up,up,up,0.025942064131711,0.0067127559617254,1.1452768434980914e-05,0.0041160186835081,6.875
2.5629999999999997,0.3716953917702278,0.3462692173726197,0.18250579481811943,0.0574917786695376,down,up,up,up,0.025942064131711,0.0067127559617254,1.1452768434980914e-05,0.0041160186835081,6.891
2.5779999999999994,0.377251611357929,0.3444725750483802,0.18822358868100642,0.06027242083730751,down,up,up,up,0.025942064131711,0.0067127559617254,1.1452768434980914e-05,0.0041160186835081,6.906
2.5939999999999994,0.38372486402402123,0.37863622749905246,0.19441880457944963,0.0633337432276861,down,up,up,up,0.025942064131711,0.0067127559617254,1.1452768434980914e-05,0.0041160186835081,6.922
2.6099999999999994,0.38905943909944274,0.3074688780821296,0.20070848309982492,0.0664949447734153,down,up,up,up,0.025942064131711,0.0067127559617254,1.1452768434980914e-05,0.0041160186835081,6.938
2.625,0.3942024593366825,0.3169259516842614,0.206683638677522,0.069550557478272,down,up,up,up,0.025942064131711,0.0067127559617254,1.1452768434980914e-05,0.0041160186835081,6.953
2.641,0.3982811668204179,0.22897715360175122,0.21313091178216642,0.0729092571262445,down,up,up,up,0.025942064131711,0.0067127559617254,1.1452768434980914e-05,0.0041160186835081,6.969
2.657,0.40254036945536964,0.24025810055277122,0.21964488816776032,0.0763716467701389,down,up,up,up,0.025942064131711,0.0067127559617254,1.1452768434980914e-05,0.0041160186835081,6.985
2.6719999999999997,0.4067650093501137,0.2557005955179007,0.22581536984822723,0.0797127704967852,down,up,up,up,0.025942064131711,0.0067127559617254,1.1452768434980914e-05,0.0041160186835081,7.0
2.6879999999999997,0.4103878874472696,0.20048781694053192,0.2324599971179938,0.08337915667681,down,up,up,up,0.025942064131711,0.0067127559617254,1.1452768434980914e-05,0.0041160186835081,7.016
2.7189999999999994,0.4148947487611086,0.1194405588953562,0.24545997341403702,0.0907872712558779,down,up,up,up,0.025942064131711,0.0067127559617254,1.1452768434980914e-05,0.0041160186835081,7.047
2.7349999999999994,0.41841838855385494,0.1942854229149313,0.2522338826079444,0.0947690053483487,down,up,up,up,0.025942064131711,0.0067127559617254,1.1452768434980914e-05,0.0041160186835081,7.063
2.75,0.4218620714575697,0.2036367961159318,0.2586366773974562,0.0986007063399159,down,up,up,up,0.025942064131711,0.0067127559617254,1.1452768434980914e-05,0.0041160186835081,7.078
2.766,0.4248918171353147,0.16341704072735472,0.2655181126015869,0.1027941279042032,down,up,up,up,0.025942064131711,0.0067127559617254,1.1452768434980914e-05,0.0041160186835081,7.094
2.782,0.4284547422562569,0.19674075592717252,0.2724522891721071,0.1070980743626877,down,up,up,up,0.025942064131711,0.0067127559617254,1.1452768434980914e-05,0.0041160186835081,7.11
2.7969999999999997,0.43270641022856193,0.25750246735529697,0.279011689155169,0.1112342259916687,down,up,up,up,0.025942064131711,0.0067127559617254,1.1452768434980914e-05,0.0041160186835081,7.125
2.8129999999999997,0.4367423588101467,0.2263047222173417,0.2860746834028663,0.1157551002164279,down,up,up,up,0.025942064131711,0.0067127559617254,1.1452768434980914e-05,0.0041160186835081,7.141
2.8439999999999994,0.44065448137365243,0.1002554379168613,0.2998824298605285,0.1248377905078319,down,up,up,up,0.025942064131711,0.0067127559617254,1.1452768434980914e-05,0.0041160186835081,7.172
2.8599999999999994,0.4450324548387724,0.24768127743828391,0.3070753294456155,0.1296936358265761,down,up,up,up,0.025942064131711,0.0067127559617254,1.1452768434980914e-05,0.0041160186835081,7.188
2.875,0.4488286920189975,0.2271404145499559,0.3138799793864749,0.13435097243434338,down,up,up,up,0.025942064131711,0.0067127559617254,1.1452768434980914e-05,0.0041160186835081,7.203
2.891,0.45263891226020914,0.2121967009440126,0.3211991243160962,0.139431788508259,down,up,up,up,0.025942064131711,0.0067127559617254,1.1452768434980914e-05,0.0041160186835081,7.219
2.907,0.45636924497882353,0.2072037307816918,0.32857859366939607,0.14463019349643788,down,up,up,up,0.025942064131711,0.0067127559617254,1.1452768434980914e-05,0.0041160186835081,7.235
2.9219999999999997,0.4581138441179019,0.09036454514017929,0.3355379081770472,0.1496112390518126,down,up,up,up,0.025942064131711,0.0067127559617254,1.1452768434980914e-05,0.0041160186835081,7.25
2.9379999999999997,0.4601446984506624,0.1009863316658209,0.3429913806129834,0.1550396566064278,down,up,up,up,0.025942064131711,0.0067127559617254,1.1452768434980914e-05,0.0041160186835081,7.266
2.9689999999999994,0.4629343585283455,0.0640469706322611,0.3575072014309713,0.16589773966393048,down,up,up,up,0.025942064131711,0.0067127559617254,1.1452768434980914e-05,0.0041160186835081,7.297
2.9849999999999994,0.46606934911277353,0.16999484739503942,0.3650466351874879,0.1716783536011731,down,up,up,up,0.025942064131711,0.0067127559617254,1.1452768434980914e-05,0.0041160186835081,7.313
3.016,0.4702589211061331,0.1092054195250466,0.3797678188106947,0.18322333267396668,down,up,up,up,0.025942064131711,0.0067127559617254,1.1452768434980914e-05,0.0041160186835081,7.344
3.032,0.47230713981381645,0.10207160509849798,0.3874157513934419,0.1893609844798947,down,up,up,up,0.025942064131711,0.0067127559617254,1.1452768434980914e-05,0.0041160186835081,7.36
3.0469999999999997,0.4754942584777223,0.1865325134620177,0.3946249532200542,0.1952264615560223,down,up,up,up,0.025942064131711,0.0067127559617254,1.1452768434980914e-05,0.0041160186835081,7.375
3.0629999999999997,0.478592370272768,0.16768992305864572,0.4023650503454457,0.20160256482884129,down,up,up,up,0.025942064131711,0.0067127559617254,1.1452768434980914e-05,0.0041160186835081,7.391
3.0779999999999994,0.4807627734938365,0.11875148393952799,0.409660905263121,0.20769293128743188,down,up,up,up,0.025942064131711,0.0067127559617254,1.1452768434980914e-05,0.0041160186835081,7.406
3.0939999999999994,0.4842342253266435,0.19102367541872312,0.4174882853490724,0.2143103080566245,down,up,up,up,0.025942064131711,0.0067127559617254,1.1452768434980914e-05,0.0041160186835081,7.422
3.1099999999999994,0.4875778093189763,0.1830319353890894,0.425370185721625,0.22105335906948498,down,up,up,up,0.025942064131711,0.0067127559617254,1.1452768434980914e-05,0.0041160186835081,7.438
3.125,0.4904973942789913,0.1686969332026141,0.4328064410880359,0.2274898555620842,down,up,up,up,0.025942064131711,0.0067127559617254,1.1452768434980914e-05,0.0041160186835081,7.453
3.157,0.4923765144496102,0.032780441200131905,0.4487472318184688,0.24159508081717818,down,up,up,up,0.025942064131711,0.0067127559617254,1.1452768434980914e-05,0.0041160186835081,7.485
3.1719999999999997,0.4936289937775876,0.0575565577334468,0.4562429644695989,0.24838267908086517,down,up,up,up,0.025942064131711,0.0067127559617254,1.1452768434980914e-05,0.0041160186835081,7.5
3.1879999999999997,0.4948000973659249,0.0472519101393685,0.4642578012941356,0.25574686845127004,down,up,up,up,0.025942064131711,0.0067127559617254,1.1452768434980914e-05,0.0041160186835081,7.516
3.2029999999999994,0.4972377915838494,0.1365708837299259,0.4717987768006854,0.2627674645785075,down,up,up,up,0.025942064131711,0.0067127559617254,1.1452768434980914e-05,0.0041160186835081,7.531
3.2189999999999994,0.49900418312092587,0.0844574069355684,0.4798761166937121,0.2703810469707577,down,up,up,up,0.025942064131711,0.0067127559617254,1.1452768434980914e-05,0.0041160186835081,7.547
3.2349999999999994,0.5007104940237977,0.0807023672977812,0.4879812382062584,0.2781240890542524,down,up,up,up,0.025942064131711,0.0067127559617254,1.1452768434980914e-05,0.0041160186835081,7.563
3.25,0.5023256235150965,0.0817332352881993,0.4956047004272271,0.2855011553855304,down,up,up,up,0.025942064131711,0.0067127559617254,1.1452768434980914e-05,0.0041160186835081,7.578
3.266,0.5042672108616416,0.0954071450273606,0.5037648471976293,0.2934962950108242,down,up,up,up,0.025942064131711,0.0067127559617254,1.1452768434980914e-05,0.0041160186835081,7.594
3.282,0.5065873341335224,0.11906564036083898,0.5119590876529782,0.30162226973392403,down,up,up,up,0.025942064131711,0.0067127559617254,1.1452768434980914e-05,0.0041160186835081,7.61
3.2969999999999997,0.5075289039152172,0.0368292546479433,0.5196656507777694,0.3093596270636809,down,up,up,up,0.025942064131711,0.0067127559617254,1.1452768434980914e-05,0.0041160186835081,7.625
3.3129999999999997,0.5094354142828462,0.093214833845102,0.5279087694187415,0.31774040566954803,down,up,up,up,0.025942064131711,0.0067127559617254,1.1452768434980914e-05,0.0041160186835081,7.641
3.3279999999999994,0.5112833499067176,0.0972536441263864,0.535664851489589,0.3257173796178868,down,up,up,up,0.025942064131711,0.0067127559617254,1.1452768434980914e-05,0.0041160186835081,7.656
3.3439999999999994,0.5133831064021505,0.10529271683283971,0.5439695872354475,0.3343546383719821,down,up,up,up,0.025942064131711,0.0067127559617254,1.1452768434980914e-05,0.0041160186835081,7.672
3.375,0.5156623063608486,0.047580515181132294,0.5601278865680878,0.35146850425175874,down,up,up,up,0.025942064131711,0.0067127559617254,1.1452768434980914e-05,0.0041160186835081,7.703
3.391,0.5183307114691279,0.14083325513574252,0.5685072348061152,0.36049776846704734,down,up,up,up,0.025942064131711,0.0067127559617254,1.1452768434980914e-05,0.0041160186835081,7.719
3.407,0.5218728285198894,0.1954402515408801,0.576936267221415,0.3696614997275625,down,up,up,up,0.025942064131711,0.0067127559617254,1.1452768434980914e-05,0.0041160186835081,7.735
3.4219999999999997,0.5253417908477137,0.20532209105658342,0.5848910682060977,0.3783753765347952,down,up,up,up,0.025942064131711,0.0067127559617254,1.1452768434980914e-05,0.0041160186835081,7.75
3.4529999999999994,0.5279599922473946,0.058516045535416894,0.6014253412788853,0.3967636359176338,down,up,up,up,0.025942064131711,0.0067127559617254,1.1452768434980914e-05,0.0041160186835081,7.781
3.4689999999999994,0.5284620423884175,0.0,0.6099841216513594,0.40645509486537074,down,up,up,up,0.025942064131711,0.0067127559617254,1.1452768434980914e-05,0.0041160186835081,7.797
3.4849999999999994,0.5295089635479081,0.03949050833644929,0.6185552937942376,0.4162835934332304,down,up,up,up,0.025942064131711,0.0067127559617254,1.1452768434980914e-05,0.0041160186835081,7.813
3.5,0.5305484832783557,0.0433592512314583,0.6266064159848608,0.4256224780481005,down,up,up,up,0.025942064131711,0.0067127559617254,1.1452768434980914e-05,0.0041160186835081,7.828
3.516,0.5328352306692478,0.1169796477990435,0.6352208897918292,0.435717279738609,down,up,up,up,0.025942064131711,0.0067127559617254,1.1452768434980914e-05,0.0041160186835081,7.844
3.532,0.533767342846538,0.032314946948931306,0.6438611144753431,0.4459501190170413,down,up,up,up,0.025942064131711,0.0067127559617254,1.1452768434980914e-05,0.0041160186835081,7.86
3.5469999999999997,0.5346760678667818,0.03463960388454029,0.6519751313951188,0.4556690626525961,down,up,up,up,0.025942064131711,0.0067127559617254,1.1452768434980914e-05,0.0041160186835081,7.875
3.5629999999999997,0.5367112530345574,0.10125700885426168,0.660653634057717,0.4661702760205137,down,up,up,up,0.025942064131711,0.0067127559617254,1.1452768434980914e-05,0.0041160186835081,7.891
3.5939999999999994,0.5384544034901958,0.0302885957275941,0.677526797168664,0.48691242774034393,down,up,up,up,0.025942064131711,0.0067127559617254,1.1452768434980914e-05,0.0041160186835081,7.922
3.6099999999999994,0.5413410555653649,0.1544736905663599,0.6862725649364961,0.4978230058814802,down,up,up,up,0.025942064131711,0.0067127559617254,1.1452768434980914e-05,0.0041160186835081,7.938
3.625,0.5417153584082205,0.0,0.6944961793807242,0.5081789432553863,down,up,up,up,0.025942064131711,0.0067127559617254,1.1452768434980914e-05,0.0041160186835081,7.953
3.641,0.542225730957549,0.0,0.7032751121910379,0.5193612968322553,down,up,up,up,0.025942064131711,0.0067127559617254,1.1452768434980914e-05,0.0041160186835081,7.969
3.657,0.5426699520226049,0.0,0.7120616817502667,0.5306841744280807,down,up,up,up,0.025942064131711,0.0067127559617254,1.1452768434980914e-05,0.0041160186835081,7.985
3.6719999999999997,0.5422466159519727,0.0541644688405298,0.7202992473495018,0.5414270531878552,down,up,up,up,0.025942064131711,0.0067127559617254,1.1452768434980914e-05,0.0041160186835081,8.0
3.6879999999999997,0.5431406153834503,0.029932900335639497,0.7290897492955728,0.5530223484053108,down,up,up,up,0.025942064131711,0.0067127559617254,1.1452768434980914e-05,0.0041160186835081,8.016
3.7030000000000003,0.5439757950933296,0.0297365831935763,0.7373438137135748,0.5640207719194064,down,up,up,up,0.025942064131711,0.0067127559617254,1.1452768434980914e-05,0.0041160186835081,8.031
3.7190000000000003,0.5443637056163945,0.0,0.7461579338146402,0.5758889691439271,down,up,up,up,0.025942064131711,0.0067127559617254,1.1452768434980914e-05,0.0041160186835081,8.047
3.7350000000000003,0.5453950712607974,0.0385182886434753,0.7549834081250454,0.5878982831237395,down,up,up,up,0.025942064131711,0.0067127559617254,1.1452768434980914e-05,0.0041160186835081,8.063
3.765999999999999,0.546316938328289,0.0,0.7721130397084891,0.6115686331009799,down,up,up,up,0.025942064131711,0.0067127559617254,1.1452768434980914e-05,0.0041160186835081,8.094
3.781999999999999,0.5446607039110348,0.1294567152100955,0.7809482649417913,0.6239933067824771,down,up,up,up,0.025942064131711,0.0067127559617254,1.1452768434980914e-05,0.0041160186835081,8.11
3.7969999999999997,0.546367357394047,0.08783483473576019,0.7892316667410055,0.6357698280616251,down,up,up,up,0.025942064131711,0.0067127559617254,1.1452768434980914e-05,0.0041160186835081,8.125
3.8280000000000003,0.54796516724244,0.025600189042258397,0.8064019163076849,0.6605025036347018,down,up,up,up,0.025942064131711,0.0067127559617254,1.1452768434980914e-05,0.0041160186835081,8.156
3.8440000000000003,0.5476607841304483,0.0449660086311965,0.8152743280140556,0.6734760968335707,down,up,up,up,0.025942064131711,0.0067127559617254,1.1452768434980914e-05,0.0041160186835081,8.172
3.8600000000000003,0.5480834647301088,0.0,0.8241476861003277,0.6865916561907808,down,up,up,up,0.025942064131711,0.0067127559617254,1.1452768434980914e-05,0.0041160186835081,8.188
3.874999999999999,0.548459041474871,0.0,0.8324724462362902,0.6990164789748309,down,up,up,up,0.025942064131711,0.0067127559617254,1.1452768434980914e-05,0.0041160186835081,8.203
3.890999999999999,0.5502401336150894,0.0853761946319374,0.8413694437323975,0.7124073973388754,down,up,up,up,0.025942064131711,0.0067127559617254,1.1452768434980914e-05,0.0041160186835081,8.219
3.906999999999999,0.5521718187951931,0.09478825962476829,0.8502961434470674,0.7259409052806061,down,up,up,up,0.025942064131711,0.0067127559617254,1.1452768434980914e-05,0.0041160186835081,8.235
3.9219999999999997,0.5541014500599833,0.10270002018763659,0.8586938843029074,0.7387585022802579,down,up,up,up,0.025942064131711,0.0067127559617254,1.1452768434980914e-05,0.0041160186835081,8.25
3.9379999999999997,0.5532068803551039,0.0818526706866762,0.8676597550416157,0.752569514639309,down,up,up,up,0.025942064131711,0.0067127559617254,1.1452768434980914e-05,0.0041160186835081,8.266
3.9530000000000003,0.5546432308614923,0.06981463629417539,0.8760693222151664,0.7656476545102618,down,up,up,up,0.025942064131711,0.0067127559617254,1.1452768434980914e-05,0.0041160186835081,8.281
3.9690000000000003,0.5564489668267606,0.0869164336975601,0.8850654638920601,0.7797369160434147,down,up,up,up,0.025942064131711,0.0067127559617254,1.1452768434980914e-05,0.0041160186835081,8.297
3.9850000000000003,0.5581510304378307,0.08043691156016759,0.8940896679655644,0.7939703403425706,down,up,up,up,0.025942064131711,0.0067127559617254,1.1452768434980914e-05,0.0041160186835081,8.313
3.999999999999999,0.5584317642451141,0.0,0.9025647302651119,0.8074454201208261,down,up,up,up,0.025942064131711,0.0067127559617254,1.1452768434980914e-05,0.0041160186835081,8.328
4.015999999999999,0.5570028892076647,0.11524675397229671,0.9115956115881216,0.8219588860999469,down,up,up,up,0.025942064131711,0.0067127559617254,1.1452768434980914e-05,0.0041160186835081,8.344
4.031999999999999,0.5566592104756581,0.0474219848821222,0.9206123124809759,0.8366167327367947,down,up,up,up,0.025942064131711,0.0067127559617254,1.1452768434980914e-05,0.0041160186835081,8.36
4.063,0.5566063237730959,0.0276480867950078,0.9380760236966454,0.8654267569833699,down,up,up,up,0.025942064131711,0.0067127559617254,1.1452768434980914e-05,0.0041160186835081,8.391
4.078,0.5565542321411422,0.0294148395952937,0.9465254192054282,0.8795614395966626,down,up,up,up,0.025942064131711,0.0067127559617254,1.1452768434980914e-05,0.0041160186835081,8.406
4.094,0.5575449329430741,0.035976735989030506,0.9555456166214898,0.8947781911275728,down,up,up,up,0.025942064131711,0.0067127559617254,1.1452768434980914e-05,0.0041160186835081,8.422
4.11,0.5602685555866459,0.144284351091529,0.964595528625115,0.9101395035338408,down,up,up,up,0.025942064131711,0.0067127559617254,1.1452768434980914e-05,0.0041160186835081,8.438
4.124999999999999,0.5613011709276884,0.0428989586044603,0.9731079929133979,0.9246724517369047,down,up,up,up,0.025942064131711,0.0067127559617254,1.1452768434980914e-05,0.0041160186835081,8.453
4.156999999999999,0.5621501772920557,0.0,0.991298022675689,0.9561033144749201,down,up,up,up,0.025942064131711,0.0067127559617254,1.1452768434980914e-05,0.0041160186835081,8.485
4.172,0.562274462376335,0.017656391846424202,0.9998318988126282,0.9710369606776095,down,up,up,up,0.025942064131711,0.0067127559617254,1.1452768434980914e-05,0.0041160186835081,8.5
4.203,0.5624160074046732,0.0213760954756406,1.017472696529048,1.0023055369412277,down,up,up,up,0.025942064131711,0.0067127559617254,1.1452768434980914e-05,0.0041160186835081,8.531
4.219,0.5629688073417541,0.0,1.0265831791424067,1.0186581671908943,down,up,up,up,0.025942064131711,0.0067127559617254,1.1452768434980914e-05,0.0041160186835081,8.547
4.235,0.5634073063582578,0.0,1.0357015921473944,1.0351566286055076,down,up,up,up,0.025942064131711,0.0067127559617254,1.1452768434980914e-05,0.0041160186835081,8.563
4.249999999999999,0.5627588069159605,0.0691753602848664,1.0442485293363764,1.050756426308161,down,up,up,up,0.025942064131711,0.0067127559617254,1.1452768434980914e-05,0.0041160186835081,8.578
4.265999999999999,0.5637400392421715,0.0353849562564799,1.053367924201029,1.0675375411807555,down,up,up,up,0.025942064131711,0.0067127559617254,1.1452768434980914e-05,0.0041160186835081,8.594
4.281999999999999,0.5639566350610484,0.012404825451905,1.0624969016908423,1.0844646430321856,down,up,up,up,0.025942064131711,0.0067127559617254,1.1452768434980914e-05,0.0041160186835081,8.61
4.297,0.5641671233937197,0.0119095086202961,1.0710585212186794,1.100466480495534,down,up,up,up,0.025942064131711,0.0067127559617254,1.1452768434980914e-05,0.0041160186835081,8.625
4.313,0.5655411738137152,0.05993608711800749,1.0802035916917267,1.1176767606431122,down,up,up,up,0.025942064131711,0.0067127559617254,1.1452768434980914e-05,0.0041160186835081,8.641
4.344,0.5667928346649537,0.014434092359853098,1.0979628642579597,1.1514386957461544,down,up,up,up,0.025942064131711,0.0067127559617254,1.1452768434980914e-05,0.0041160186835081,8.672
4.36,0.5662282964572399,0.0612257021138196,1.1071344374023249,1.1690796574037314,down,up,up,up,0.025942064131711,0.0067127559617254,1.1452768434980914e-05,0.0041160186835081,8.688
4.374999999999999,0.567188750797163,0.0380882251965001,1.115735756596158,1.1857513556502455,down,up,up,up,0.025942064131711,0.0067127559617254,1.1452768434980914e-05,0.0041160186835081,8.703
4.406999999999999,0.5681360284409608,0.0,1.1341157612547432,1.2217493464244498,down,up,up,up,0.025942064131711,0.0067127559617254,1.1452768434980914e-05,0.0041160186835081,8.735
4.422,0.5686204578875264,0.0,1.142742126241633,1.2388259523721998,down,up,up,up,0.025942064131711,0.0067127559617254,1.1452768434980914e-05,0.0041160186835081,8.75
4.438,0.5696190080682478,0.0364673221633814,1.1519554460646668,1.2571837161949453,down,up,up,up,0.025942064131711,0.0067127559617254,1.1452768434980914e-05,0.0041160186835081,8.766
4.453,0.5705246483242928,0.034433952937953594,1.160607214827037,1.2745281079431603,down,up,up,up,0.025942064131711,0.0067127559617254,1.1452768434980914e-05,0.0041160186835081,8.781
4.469,0.5713862701909155,0.027909302532203997,1.1698499062705463,1.2931719481562358,down,up,up,up,0.025942064131711,0.0067127559617254,1.1452768434980914e-05,0.0041160186835081,8.797
4.485,0.5726384176776752,0.05231715379077169,1.1791095078688827,1.3119638067136465,down,up,up,up,0.025942064131711,0.0067127559617254,1.1452768434980914e-05,0.0041160186835081,8.813
4.499999999999999,0.5738254260945174,0.0531918303244394,1.1878086780365993,1.3297158648994627,down,up,up,up,0.025942064131711,0.0067127559617254,1.1452768434980914e-05,0.0041160186835081,8.828
4.531999999999999,0.5738858849674121,0.0240527243537504,1.2063868672043654,1.3680233601119078,down,up,up,up,0.025942064131711,0.0067127559617254,1.1452768434980914e-05,0.0041160186835081,8.86
4.547,0.5762448721038905,0.1313237449668442,1.2151135392218264,1.386184784951632,down,up,up,up,0.025942064131711,0.0067127559617254,1.1452768434980914e-05,0.0041160186835081,8.875
4.563,0.5765235564622221,0.0,1.2244430907457429,1.4057014212356673,down,up,up,up,0.025942064131711,0.0067127559617254,1.1452768434980914e-05,0.0041160186835081,8.891
4.594,0.5752890282448037,0.0657655550161757,1.2425042812435156,1.443939460537323,down,up,up,up,0.025942064131711,0.0067127559617254,1.1452768434980914e-05,0.0041160186835081,8.922
4.61,0.5756877804257742,0.0,1.251819499808268,1.4638942340300323,down,up,up,up,0.025942064131711,0.0067127559617254,1.1452768434980914e-05,0.0041160186835081,8.938
4.624999999999999,0.575997652161787,0.0,1.2605578318920998,1.4827372358093098,down,up,up,up,0.025942064131711,0.0067127559617254,1.1452768434980914e-05,0.0041160186835081,8.953
4.640999999999999,0.5748682732041229,0.0965282489857155,1.2698721633904146,1.502980859015865,down,up,up,up,0.025942064131711,0.0067127559617254,1.1452768434980914e-05,0.0041160186835081,8.969
4.656999999999999,0.5739348718006402,0.0842796518493826,1.2791699926458404,1.52337337950845,down,up,up,up,0.025942064131711,0.0067127559617254,1.1452768434980914e-05,0.0041160186835081,8.985
4.672,0.5730363435218192,0.0858439493864404,1.287872968100185,1.5426263735055725,down,up,up,up,0.025942064131711,0.0067127559617254,1.1452768434980914e-05,0.0041160186835081,9.0
4.688,0.571617372008861,0.1146277836915998,1.2971376019198182,1.5633066413100276,down,up,up,up,0.025942064131711,0.0067127559617254,1.1452768434980914e-05,0.0041160186835081,9.016
4.703,0.5707057946001443,0.0867138913794902,1.305805717008812,1.5828288879935195,down,up,up,up,0.025942064131711,0.0067127559617254,1.1452768434980914e-05,0.0041160186835081,9.031
4.719,0.5698598081007838,0.0788162203417364,1.315037645925807,1.6037958181412915,down,up,up,up,0.025942064131711,0.0067127559617254,1.1452768434980914e-05,0.0041160186835081,9.047
4.735,0.5705621389044443,0.0179536110970667,1.3242684255972366,1.624910449957771,down,up,up,up,0.025942064131711,0.0067127559617254,1.1452768434980914e-05,0.0041160186835081,9.063
4.749999999999999,0.5715713690534107,0.04133994579938549,1.3329351182463454,1.6448396483281227,down,up,up,up,0.025942064131711,0.0067127559617254,1.1452768434980914e-05,0.0041160186835081,9.078
4.765999999999999,0.5717878123506744,0.0124143580527248,1.3421893957929658,1.6662408276847323,down,up,up,up,0.025942064131711,0.0067127559617254,1.1452768434980914e-05,0.0041160186835081,9.094
4.781999999999999,0.5719812182149281,0.013854197615858,1.3514469521328782,1.687790101712434,down,up,up,up,0.025942064131711,0.0067127559617254,1.1452768434980914e-05,0.0041160186835081,9.11
4.797,0.572318529784484,0.0,1.3601298915823001,1.708127099831825,down,up,up,up,0.025942064131711,0.0067127559617254,1.1452768434980914e-05,0.0041160186835081,9.125
4.828,0.5733483066434816,0.0,1.3780958229817475,1.7505699534433898,down,up,up,up,0.025942064131711,0.0067127559617254,1.1452768434980914e-05,0.0041160186835081,9.156
4.844,0.5736768998020968,0.0,1.3873794287286998,1.7726939387013687,down,up,up,up,0.025942064131711,0.0067127559617254,1.1452768434980914e-05,0.0041160186835081,9.172
4.86,0.5725273677776298,0.0977878156608979,1.3966564669647252,1.7949664091112112,down,up,up,up,0.025942064131711,0.0067127559617254,1.1452768434980914e-05,0.0041160186835081,9.188
4.874999999999999,0.5713773489531421,0.1026099857642325,1.405336443679631,1.8159815277325688,down,up,up,up,0.025942064131711,0.0067127559617254,1.1452768434980914e-05,0.0041160186835081,9.203
4.890999999999999,0.5714118995859306,0.0237826495824257,1.4145861617633313,1.8385410918204075,down,up,up,up,0.025942064131711,0.0067127559617254,1.1452768434980914e-05,0.0041160186835081,9.219
4.922,0.5723155899186595,0.0,1.4325220332854662,1.8826716238794858,down,up,up,up,0.025942064131711,0.0067127559617254,1.1452768434980914e-05,0.0041160186835081,9.25
4.938,0.5732230362256506,0.030773330055234697,1.4417937463900083,1.9056663333611847,down,up,up,up,0.025942064131711,0.0067127559617254,1.1452768434980914e-05,0.0041160186835081,9.266
4.953,0.5735822452276108,0.0,1.450495477340334,1.9273586743306892,down,up,up,up,0.025942064131711,0.0067127559617254,1.1452768434980914e-05,0.0041160186835081,9.281
4.969,0.5726497032732017,0.0842259362822772,1.4597727370237281,1.9506410032898969,down,up,up,up,0.025942064131711,0.0067127559617254,1.1452768434980914e-05,0.0041160186835081,9.297
4.999999999999999,0.5710543302856889,0.0774057088901932,1.4777082449787038,1.9961723135467542,down,up,up,up,0.025942064131711,0.0067127559617254,1.1452768434980914e-05,0.0041160186835081,9.328
5.015999999999999,0.5697180315079288,0.10946073774171661,1.4869418279684403,2.019889697374626,down,up,up,up,0.025942064131711,0.0067127559617254,1.1452768434980914e-05,0.0041160186835081,9.344
5.031999999999999,0.5684440357045287,0.10556680184421341,1.4961545286015276,2.0437546514714806,down,up,up,up,0.025942064131711,0.0067127559617254,1.1452768434980914e-05,0.0041160186835081,9.36
5.047,0.5707539054249616,0.1280492505638098,1.504799204499425,2.066261976261265,down,up,up,up,0.025942064131711,0.0067127559617254,1.1452768434980914e-05,0.0041160186835081,9.375
5.063,0.5716453506922258,0.029773265072297998,1.51404580264375,2.0904129195627053,down,up,up,up,0.025942064131711,0.0067127559617254,1.1452768434980914e-05,0.0041160186835081,9.391
5.078,0.5723240216062085,0.0193026634671386,1.5227262642754145,2.1131888818561264,down,up,up,up,0.025942064131711,0.0067127559617254,1.1452768434980914e-05,0.0041160186835081,9.406
5.11,0.5729696518936437,0.0,1.5412657712421876,2.162213120912998,down,up,up,up,0.025942064131711,0.0067127559617254,1.1452768434980914e-05,0.0041160186835081,9.438
5.124999999999999,0.572377187488149,0.065439691164691,1.549956563876976,2.1853974602179167,down,up,up,up,0.025942064131711,0.0067127559617254,1.1452768434980914e-05,0.0041160186835081,9.453
5.140999999999999,0.5718376264998569,0.059664625899967794,1.5592176864842675,2.210271037465102,down,up,up,up,0.025942064131711,0.0067127559617254,1.1452768434980914e-05,0.0041160186835081,9.469
5.156999999999999,0.5725608002541859,0.0192562955138485,1.5684802779936875,2.2352928044252205,down,up,up,up,0.025942064131711,0.0067127559617254,1.1452768434980914e-05,0.0041160186835081,9.485
5.172,0.5729380132297576,0.0,1.5771722104342434,2.2588853698799576,down,up,up,up,0.025942064131711,0.0067127559617254,1.1452768434980914e-05,0.0041160186835081,9.5
5.188,0.5734189903753465,0.0,1.5864504705584719,2.2841945345721943,down,up,up,up,0.025942064131711,0.0067127559617254,1.1452768434980914e-05,0.0041160186835081,9.516
5.203,0.5744932462623816,0.04567499500396199,1.595160503672681,2.3080567886704557,down,up,up,up,0.025942064131711,0.0067127559617254,1.1452768434980914e-05,0.0041160186835081,9.531
5.219,0.575866146617429,0.0598642080587473,1.6044707829111071,2.3336540222074205,down,up,up,up,0.025942064131711,0.0067127559617254,1.1452768434980914e-05,0.0041160186835081,9.547
5.249999999999999,0.5768875851420089,0.0,1.6225465611881913,2.3836731460767795,down,up,up,up,0.025942064131711,0.0067127559617254,1.1452768434980914e-05,0.0041160186835081,9.578
5.265999999999999,0.5778890342889743,0.0366485075536281,1.6318921782390265,2.4097088392364916,down,up,up,up,0.025942064131711,0.0067127559617254,1.1452768434980914e-05,0.0041160186835081,9.594
5.281999999999999,0.5769815447983203,0.082660157297586,1.6412385469671127,2.4358940682824355,down,up,up,up,0.025942064131711,0.0067127559617254,1.1452768434980914e-05,0.0041160186835081,9.61
5.297,0.5755534924623192,0.12114555319844561,1.6499832510859938,2.4605784035593614,down,up,up,up,0.025942064131711,0.0067127559617254,1.1452768434980914e-05,0.0041160186835081,9.625
5.313,0.5741288865610149,0.1149799329632316,1.659288114213568,2.487052757726053,down,up,up,up,0.025942064131711,0.0067127559617254,1.1452768434980914e-05,0.0041160186835081,9.641
5.328,0.5735697907202494,0.0632151201827444,1.6679965456326038,2.5120075644664266,down,up,up,up,0.025942064131711,0.0067127559617254,1.1452768434980914e-05,0.0041160186835081,9.656
5.344,0.5729832341967446,0.0626018468507616,1.6772763739273275,2.538769931067201,down,up,up,up,0.025942064131711,0.0067127559617254,1.1452768434980914e-05,0.0041160186835081,9.672
5.36,0.5713578815959012,0.12752660168442329,1.6865385069490562,2.565680633358507,down,up,up,up,0.025942064131711,0.0067127559617254,1.1452768434980914e-05,0.0041160186835081,9.688
5.374999999999999,0.5717654553141608,0.0,1.6952126233153069,2.591043938627014,down,up,up,up,0.025942064131711,0.0067127559617254,1.1452768434980914e-05,0.0041160186835081,9.703
5.406999999999999,0.5708999346837286,0.052989583832717596,1.7137100777460483,2.645587068332586,down,up,up,up,0.025942064131711,0.0067127559617254,1.1452768434980914e-05,0.0041160186835081,9.735
5.422,0.5700286906566828,0.0840249992680919,1.7223677337755277,2.6713578237105255,down,up,up,up,0.025942064131711,0.0067127559617254,1.1452768434980914e-05,0.0041160186835081,9.75
5.438,0.5703319533326551,0.0,1.73159802302283,2.698989733009207,down,up,up,up,0.025942064131711,0.0067127559617254,1.1452768434980914e-05,0.0041160186835081,9.766
5.453,0.5700498710498768,0.044747549650260995,1.7402515780451255,2.7250287768087444,down,up,up,up,0.025942064131711,0.0067127559617254,1.1452768434980914e-05,0.0041160186835081,9.781
5.469,0.5698037019342569,0.041327633857956,1.749477810724386,2.752946795163196,down,up,up,up,0.025942064131711,0.0067127559617254,1.1452768434980914e-05,0.0041160186835081,9.797
5.485,0.5712370215060308,0.0636404091041607,1.758713540607296,2.7810125092181437,down,up,up,up,0.025942064131711,0.0067127559617254,1.1452768434980914e-05,0.0041160186835081,9.813
5.499999999999999,0.5704330245521146,0.0795418610594618,1.7673767572921573,2.807458358243914,down,up,up,up,0.025942064131711,0.0067127559617254,1.1452768434980914e-05,0.0041160186835081,9.828
5.515999999999999,0.5696441203894552,0.0752485742979247,1.7766047785470775,2.835810393774923,down,up,up,up,0.025942064131711,0.0067127559617254,1.1452768434980914e-05,0.0041160186835081,9.844
5.531999999999999,0.5707289121107754,0.04185741845079789,1.785835166902467,2.864310096582814,down,up,up,up,0.025942064131711,0.0067127559617254,1.1452768434980914e-05,0.0041160186835081,9.86
5.547,0.5706024834757636,0.0343706397991624,1.7944958437087923,2.891162750953926,down,up,up,up,0.025942064131711,0.0067127559617254,1.1452768434980914e-05,0.0041160186835081,9.875
5.563,0.5742362047594175,0.2011655160966583,1.8037619573100614,2.919948996606372,down,up,up,up,0.025942064131711,0.0067127559617254,1.1452768434980914e-05,0.0041160186835081,9.891
5.578,0.5777667420484055,0.20942708846748012,1.8125026707505458,2.9470711531083538,down,up,up,up,0.025942064131711,0.0067127559617254,1.1452768434980914e-05,0.0041160186835081,9.906
5.594,0.5771420886746715,0.0649828999900836,1.8218493454917182,2.9761461524825874,down,up,up,up,0.025942064131711,0.0067127559617254,1.1452768434980914e-05,0.0041160186835081,9.922
5.624999999999999,0.5797501043964371,0.058187475280086096,1.8399892699191334,3.0329050060572746,down,up,up,up,0.025942064131711,0.0067127559617254,1.1452768434980914e-05,0.0041160186835081,9.953
5.640999999999999,0.5780898500710557,0.1297079594680494,1.849359393650261,3.0624199786101247,down,up,up,up,0.025942064131711,0.0067127559617254,1.1452768434980914e-05,0.0041160186835081,9.969
5.656999999999999,0.5801914024772438,0.105404961255041,1.858733047766035,3.09208490138575,down,up,up,up,0.025942064131711,0.0067127559617254,1.1452768434980914e-05,0.0041160186835081,9.985
5.672,0.5823310935167446,0.11670400516834,1.8675526578254162,3.1200322159692133,down,up,up,up,0.025942064131711,0.0067127559617254,1.1452768434980914e-05,0.0041160186835081,10.0
5.688,0.5814953390339072,0.0781767193090521,1.876970673381209,3.149988585863161,down,up,up,up,0.025942064131711,0.0067127559617254,1.1452768434980914e-05,0.0041160186835081,10.016
5.703,0.581171788772391,0.0475120815661237,1.8857913681791822,3.1782094729663917,down,up,up,up,0.025942064131711,0.0067127559617254,1.1452768434980914e-05,0.0041160186835081,10.031
5.719,0.5820086419838352,0.026361261583552797,1.89520421572062,3.2084576208818847,down,up,up,up,0.025942064131711,0.0067127559617254,1.1452768434980914e-05,0.0041160186835081,10.047
5.735,0.5827561017530077,0.0207741714415742,1.9046297377659018,3.2388564757540723,down,up,up,up,0.025942064131711,0.0067127559617254,1.1452768434980914e-05,0.0041160186835081,10.063
5.749999999999999,0.5831003639612203,0.0,1.913474352598184,3.2674924282233277,down,up,up,up,0.025942064131711,0.0067127559617254,1.1452768434980914e-05,0.0041160186835081,10.078
5.765999999999999,0.5820677525052834,0.0904802801277681,1.9229031016253038,3.29818363110141,down,up,up,up,0.025942064131711,0.0067127559617254,1.1452768434980914e-05,0.0041160186835081,10.094
5.797,0.5810896709508634,0.057493082016227395,1.9411401371236878,3.358076656337842,down,up,up,up,0.025942064131711,0.0067127559617254,1.1452768434980914e-05,0.0041160186835081,10.125
5.813,0.5823470199388546,0.0526422476177411,1.950555034746193,3.389210400957096,down,up,up,up,0.025942064131711,0.0067127559617254,1.1452768434980914e-05,0.0041160186835081,10.141
5.828,0.5825720751828759,0.010938381196959801,1.9593926192990299,3.4185351801539627,down,up,up,up,0.025942064131711,0.0067127559617254,1.1452768434980914e-05,0.0041160186835081,10.156
5.844,0.5847554201881825,0.11051699869995078,1.968838643357382,3.449961213499509,down,up,up,up,0.025942064131711,0.0067127559617254,1.1452768434980914e-05,0.0041160186835081,10.172
5.86,0.5869100096859566,0.10871977947917259,1.9783193708917581,3.4815386608577974,down,up,up,up,0.025942064131711,0.0067127559617254,1.1452768434980914e-05,0.0041160186835081,10.188
5.874999999999999,0.5857549344261664,0.1029470814510635,1.9872150493120202,3.51128034080085,down,up,up,up,0.025942064131711,0.0067127559617254,1.1452768434980914e-05,0.0041160186835081,10.203
5.890999999999999,0.5847365599813711,0.0895904669314206,1.9966863853626637,3.5431517355225424,down,up,up,up,0.025942064131711,0.0067127559617254,1.1452768434980914e-05,0.0041160186835081,10.219
5.906999999999999,0.5841748927217926,0.061046267855368,2.006145081079675,3.575174570498376,down,up,up,up,0.025942064131711,0.0067127559617254,1.1452768434980914e-05,0.0041160186835081,10.235
5.922,0.5846117214363337,0.0,2.0150116720252873,3.605333417938191,down,up,up,up,0.025942064131711,0.0067127559617254,1.1452768434980914e-05,0.0041160186835081,10.25
5.938,0.5850536962494034,0.0,2.024476399462161,3.6376495057543856,down,up,up,up,0.025942064131711,0.0067127559617254,1.1452768434980914e-05,0.0041160186835081,10.266
5.969,0.5826906788722185,0.1021684311376746,2.0427845327113596,3.7006924052388976,down,up,up,up,0.025942064131711,0.0067127559617254,1.1452768434980914e-05,0.0041160186835081,10.297
5.985,0.5831834805015711,0.0,2.0522189300817377,3.7334526161855375,down,up,up,up,0.025942064131711,0.0067127559617254,1.1452768434980914e-05,0.0041160186835081,10.313
5.999999999999999,0.5808275454918005,0.1830043981164306,2.061049704116113,3.7643023027335456,down,up,up,up,0.025942064131711,0.0067127559617254,1.1452768434980914e-05,0.0041160186835081,10.328
6.015999999999999,0.578510362029805,0.17076603050642938,2.0704318114716735,3.7973543381025427,down,up,up,up,0.025942064131711,0.0067127559617254,1.1452768434980914e-05,0.0041160186835081,10.344
6.031999999999999,0.5777012773824685,0.0765098545902442,2.0797889086823593,3.83055628710807,down,up,up,up,0.025942064131711,0.0067127559617254,1.1452768434980914e-05,0.0041160186835081,10.36
6.047,0.5802646443474783,0.14494906686893622,2.08857434443476,3.8618191832979756,down,up,up,up,0.025942064131711,0.0067127559617254,1.1452768434980914e-05,0.0041160186835081,10.375
6.078,0.5809026385544326,0.0,2.1067805327545535,3.926847538930233,down,up,up,up,0.025942064131711,0.0067127559617254,1.1452768434980914e-05,0.0041160186835081,10.406
6.094,0.5827507362325087,0.0895640407480478,2.116197163848237,3.960631543747349,down,up,up,up,0.025942064131711,0.0067127559617254,1.1452768434980914e-05,0.0041160186835081,10.422
6.124999999999999,0.5819089302651063,0.0530970953382431,2.1344574841137622,4.02651704582658,down,up,up,up,0.025942064131711,0.0067127559617254,1.1452768434980914e-05,0.0041160186835081,10.453
6.140999999999999,0.5823943070333596,0.0,2.1438793141075374,4.060743923456646,down,up,up,up,0.025942064131711,0.0067127559617254,1.1452768434980914e-05,0.0041160186835081,10.469
6.156999999999999,0.5826485880143492,0.010049502819863401,2.1533070613633067,4.095121597704708,down,up,up,up,0.025942064131711,0.0067127559617254,1.1452768434980914e-05,0.0041160186835081,10.485
6.172,0.5828773280140621,0.0106927308175145,2.162149197072946,4.127487691434507,down,up,up,up,0.025942064131711,0.0067127559617254,1.1452768434980914e-05,0.0041160186835081,10.5
6.188,0.5823176122673087,0.060924298303798294,2.171578160690585,4.16215769354091,down,up,up,up,0.025942064131711,0.0067127559617254,1.1452768434980914e-05,0.0041160186835081,10.516
6.203,0.5812127801573156,0.0995975381312499,2.1804053299731954,4.194797741512417,down,up,up,up,0.025942064131711,0.0067127559617254,1.1452768434980914e-05,0.0041160186835081,10.531
6.219,0.5801201167541469,0.0942335268297555,2.1898033972438746,4.229759594574449,down,up,up,up,0.025942064131711,0.0067127559617254,1.1452768434980914e-05,0.0041160186835081,10.547
6.249999999999999,0.5818411979134767,0.0295766829434454,2.2080218930560354,4.297926241609916,down,up,up,up,0.025942064131711,0.0067127559617254,1.1452768434980914e-05,0.0041160186835081,10.578
6.265999999999999,0.5834699653390861,0.07585589996888059,2.2174517864574432,4.333330214290319,down,up,up,up,0.025942064131711,0.0067127559617254,1.1452768434980914e-05,0.0041160186835081,10.594
6.281999999999999,0.5827401410305325,0.071556083416312,2.2268888714037884,4.368885122797503,down,up,up,up,0.025942064131711,0.0067127559617254,1.1452768434980914e-05,0.0041160186835081,10.61
6.297,0.5829652298916238,0.010936140058958701,2.235732353025131,4.402354953772248,down,up,up,up,0.025942064131711,0.0067127559617254,1.1452768434980914e-05,0.0041160186835081,10.625
6.313,0.5829826109076813,0.0248557506281156,2.245167339846913,4.438202334559519,down,up,up,up,0.025942064131711,0.0067127559617254,1.1452768434980914e-05,0.0041160186835081,10.641
6.328,0.5829795300543276,0.0261474543552953,2.254012747243554,4.471946357004225,down,up,up,up,0.025942064131711,0.0067127559617254,1.1452768434980914e-05,0.0041160186835081,10.656
6.344,0.5827572857549957,0.0398323328399497,2.263446045865417,4.508086210593392,down,up,up,up,0.025942064131711,0.0067127559617254,1.1452768434980914e-05,0.0041160186835081,10.672
6.374999999999999,0.5809919809013576,0.0828873819910076,2.2816922549334033,4.578536209291593,down,up,up,up,0.025942064131711,0.0067127559617254,1.1452768434980914e-05,0.0041160186835081,10.703
6.390999999999999,0.5792317982297847,0.135953481105021,2.29108144926184,4.615118582169449,down,up,up,up,0.025942064131711,0.0067127559617254,1.1452768434980914e-05,0.0041160186835081,10.719
6.406999999999999,0.5793247380414962,0.0201333258997395,2.300457305647398,4.65185107545302,down,up,up,up,0.025942064131711,0.0067127559617254,1.1452768434980914e-05,0.0041160186835081,10.735
6.438,0.5803250869321205,0.0,2.3186399733693026,4.723447438313601,down,up,up,up,0.025942064131711,0.0067127559617254,1.1452768434980914e-05,0.0041160186835081,10.766
6.453,0.578622792698095,0.1394283464000706,2.3274327738059553,4.758293155708943,down,up,up,up,0.025942064131711,0.0067127559617254,1.1452768434980914e-05,0.0041160186835081,10.781
6.469,0.5764252827447277,0.1632864362171681,2.3367805625048854,4.795607045643725,down,up,up,up,0.025942064131711,0.0067127559617254,1.1452768434980914e-05,0.0041160186835081,10.797
6.485,0.5742796772877005,0.1600424051959136,2.346093606280533,4.8330702222383035,down,up,up,up,0.025942064131711,0.0067127559617254,1.1452768434980914e-05,0.0041160186835081,10.813
6.499999999999999,0.5719839109096353,0.17899315600273438,2.3547912745314377,4.868327030635917,down,up,up,up,0.025942064131711,0.0067127559617254,1.1452768434980914e-05,0.0041160186835081,10.828
6.515999999999999,0.5690991842592404,0.2062374797813891,2.364027343388176,4.9060777628235686,down,up,up,up,0.025942064131711,0.0067127559617254,1.1452768434980914e-05,0.0041160186835081,10.844
6.531999999999999,0.5662361803720392,0.2048798070817913,2.373217430400614,4.943975904258174,down,up,up,up,0.025942064131711,0.0067127559617254,1.1452768434980914e-05,0.0041160186835081,10.86
6.563,0.5629996869604473,0.13034507740886458,2.3909286817790814,5.017820524032782,down,up,up,up,0.025942064131711,0.0067127559617254,1.1452768434980914e-05,0.0041160186835081,10.891
6.578,0.5609046302870447,0.165612509025212,2.3994586554978636,5.053748600853887,down,up,up,up,0.025942064131711,0.0067127559617254,1.1452768434980914e-05,0.0041160186835081,10.906
6.594,0.5588651344324697,0.1534105550426533,2.4085242177110073,5.092212647083853,down,up,up,up,0.025942064131711,0.0067127559617254,1.1452768434980914e-05,0.0041160186835081,10.922
6.61,0.5551858489908242,0.2558974042345495,2.417544029673781,5.130821376307226,down,up,up,up,0.025942064131711,0.0067127559617254,1.1452768434980914e-05,0.0041160186835081,10.938
6.624999999999999,0.5501628494819376,0.36080869805751314,2.425934836251752,5.167147639593193,down,up,up,up,0.025942064131711,0.0067127559617254,1.1452768434980914e-05,0.0041160186835081,10.953
6.640999999999999,0.5445295508029117,0.3780232315708329,2.4347997795494187,5.206033699763896,down,up,up,up,0.025942064131711,0.0067127559617254,1.1452768434980914e-05,0.0041160186835081,10.969
6.656999999999999,0.5390145648911703,0.37062868361554674,2.443575536570359,5.24506088553715,down,up,up,up,0.025942064131711,0.0067127559617254,1.1452768434980914e-05,0.0041160186835081,10.985
6.672,0.5364965156346974,0.19381201456323258,2.451742561013729,5.281775943060558,down,up,up,up,0.025942064131711,0.0067127559617254,1.1452768434980914e-05,0.0041160186835081,11.0
6.688,0.5340861951916019,0.1765870918251743,2.460414626795727,5.321073383807329,down,up,up,up,0.025942064131711,0.0067127559617254,1.1452768434980914e-05,0.0041160186835081,11.016
6.719,0.5312498333327548,0.11743760796548891,2.4771354306726683,5.397605764733912,down,up,up,up,0.025942064131711,0.0067127559617254,1.1452768434980914e-05,0.0041160186835081,11.047
6.735,0.5255547821798922,0.3818827611856243,2.4856972716921573,5.4373086095971255,down,up,up,up,0.025942064131711,0.0067127559617254,1.1452768434980914e-05,0.0041160186835081,11.063
6.749999999999999,0.519950210368391,0.3995801848984879,2.493639250475695,5.474653805304908,down,up,up,up,0.025942064131711,0.0067127559617254,1.1452768434980914e-05,0.0041160186835081,11.078
6.765999999999999,0.5140668911284029,0.3936495166309658,2.502018791383057,5.514619252884073,down,up,up,up,0.025942064131711,0.0067127559617254,1.1452768434980914e-05,0.0041160186835081,11.094
6.781999999999999,0.5091087486059572,0.3358259717845633,2.5103116005963195,5.5547180792642035,down,up,up,up,0.025942064131711,0.0067127559617254,1.1452768434980914e-05,0.0041160186835081,11.11
6.797,0.5029753714683186,0.4348338733076034,2.518002922836302,5.592430609981476,down,up,up,up,0.025942064131711,0.0067127559617254,1.1452768434980914e-05,0.0041160186835081,11.125
6.828,0.49582816304243427,0.2564971746441048,2.533692473056033,5.670732243653631,down,up,up,up,0.025942064131711,0.0067127559617254,1.1452768434980914e-05,0.0041160186835081,11.156
6.844,0.4888279139588239,0.46345763185735434,2.5416771257674307,5.711335383688513,down,up,up,up,0.025942064131711,0.0067127559617254,1.1452768434980914e-05,0.0041160186835081,11.172
6.86,0.48191636641956503,0.4579137853353939,2.549550484105845,5.752065387811794,down,up,up,up,0.025942064131711,0.0067127559617254,1.1452768434980914e-05,0.0041160186835081,11.188
6.874999999999999,0.47374342426773464,0.5708048742537813,2.5568186238754254,5.790363327913177,down,up,up,up,0.025942064131711,0.0067127559617254,1.1452768434980914e-05,0.0041160186835081,11.203
6.890999999999999,0.4674056046273592,0.4220557916551723,2.5644552202019737,5.831333701910091,down,up,up,up,0.025942064131711,0.0067127559617254,1.1452768434980914e-05,0.0041160186835081,11.219
6.906999999999999,0.4611793286309923,0.41508431390464423,2.5719913037634288,5.872425457346109,down,up,up,up,0.025942064131711,0.0067127559617254,1.1452768434980914e-05,0.0041160186835081,11.235
6.922,0.4561526408254367,0.3610545845020714,2.5789719848737778,5.911057853802416,down,up,up,up,0.025942064131711,0.0067127559617254,1.1452768434980914e-05,0.0041160186835081,11.25
6.953,0.4489948370485664,0.2568389601597793,2.5932098662156386,5.991227027530125,down,up,up,up,0.025942064131711,0.0067127559617254,1.1452768434980914e-05,0.0041160186835081,11.281
6.969,0.4419963890199288,0.4633450659215595,2.6004452001195744,6.032776451305102,down,up,up,up,0.025942064131711,0.0067127559617254,1.1452768434980914e-05,0.0041160186835081,11.297
6.985,0.43651772842299513,0.3683583514400665,2.6075807171545056,6.07444084188759,down,up,up,up,0.025942064131711,0.0067127559617254,1.1452768434980914e-05,0.0041160186835081,11.313
6.999999999999999,0.4294523348320408,0.496968303528707,2.6141761839683437,6.113604190437535,down,up,up,up,0.025942064131711,0.0067127559617254,1.1452768434980914e-05,0.0041160186835081,11.328
7.015999999999999,0.42258886103130433,0.454909176677741,2.621099917630638,6.155486582494621,down,up,up,up,0.025942064131711,0.0067127559617254,1.1452768434980914e-05,0.0041160186835081,11.344
7.031999999999999,0.4150113293745844,0.499537792676706,2.627908123249273,6.197478830065956,down,up,up,up,0.025942064131711,0.0067127559617254,1.1452768434980914e-05,0.0041160186835081,11.36
7.047,0.40684412642111323,0.5704222610297687,2.634172730507167,6.236944608260657,down,up,up,up,0.025942064131711,0.0067127559617254,1.1452768434980914e-05,0.0041160186835081,11.375
7.063,0.3988499295124478,0.5255793709232999,2.6407256870500233,6.2791439788454095,down,up,up,up,0.025942064131711,0.0067127559617254,1.1452768434980914e-05,0.0041160186835081,11.391
7.094,0.3932163135741896,0.20767161052713248,2.65321080925268,6.361200349573925,down,up,up,up,0.025942064131711,0.0067127559617254,1.1452768434980914e-05,0.0041160186835081,11.422
7.11,0.3871148801252247,0.4072816546920141,2.659560862897663,6.403702706195422,down,up,up,up,0.025942064131711,0.0067127559617254,1.1452768434980914e-05,0.0041160186835081,11.438
7.124999999999999,0.3784714076053409,0.6021735654573469,2.6654034513950675,6.443640110344141,down,up,up,up,0.025942064131711,0.0067127559617254,1.1452768434980914e-05,0.0041160186835081,11.453
7.140999999999999,0.3700479047054924,0.5524109953722418,2.671499009988942,6.486335513279508,down,up,up,up,0.025942064131711,0.0067127559617254,1.1452768434980914e-05,0.0041160186835081,11.469
7.156999999999999,0.36151981788199633,0.558947490600213,2.6774589558650295,6.529127360250635,down,up,up,up,0.025942064131711,0.0067127559617254,1.1452768434980914e-05,0.0041160186835081,11.485
7.172,0.3545756190881929,0.4888886503852588,2.682930362981732,6.569330451933514,down,up,up,up,0.025942064131711,0.0067127559617254,1.1452768434980914e-05,0.0041160186835081,11.5
7.188,0.3477702088149997,0.45128020620628223,2.688656533700345,6.612303330351265,down,up,up,up,0.025942064131711,0.0067127559617254,1.1452768434980914e-05,0.0041160186835081,11.516
7.203,0.3416468901399164,0.4341633091372496,2.693927853281933,6.652672885045161,down,up,up,up,0.025942064131711,0.0067127559617254,1.1452768434980914e-05,0.0041160186835081,11.531
7.219,0.33306114973678913,0.5625508393271679,2.699432921696334,6.695819954489282,down,up,up,up,0.025942064131711,0.0067127559617254,1.1452768434980914e-05,0.0041160186835081,11.547
7.235,0.3270105008897684,0.4041076170705024,2.704820898996734,6.739054168299121,down,up,up,up,0.025942064131711,0.0067127559617254,1.1452768434980914e-05,0.0041160186835081,11.563
7.249999999999999,0.3196865986049656,0.5142022164519396,2.7097718185823703,6.779663785472487,down,up,up,up,0.025942064131711,0.0067127559617254,1.1452768434980914e-05,0.0041160186835081,11.578
7.265999999999999,0.3123031046396783,0.48741043696216424,2.714935140303715,6.823061624387871,down,up,up,up,0.025942064131711,0.0067127559617254,1.1452768434980914e-05,0.0041160186835081,11.594
7.281999999999999,0.30507079737509113,0.4779612681684127,2.7199815356152213,6.866541141039518,down,up,up,up,0.025942064131711,0.0067127559617254,1.1452768434980914e-05,0.0041160186835081,11.61
7.313,0.2991893177243271,0.21566721415635318,2.7295556628340756,6.951009322651305,down,up,up,up,0.025942064131711,0.0067127559617254,1.1452768434980914e-05,0.0041160186835081,11.641
7.328,0.2944175170769513,0.3440621072900864,2.7341084054345113,6.991986974954847,down,up,up,up,0.025942064131711,0.0067127559617254,1.1452768434980914e-05,0.0041160186835081,11.656
7.344,0.2896737785970132,0.32242571912783763,2.7388885398952905,7.035771133761781,down,up,up,up,0.025942064131711,0.0067127559617254,1.1452768434980914e-05,0.0041160186835081,11.672
7.36,0.2825582732245949,0.4706611499078569,2.743573800405251,7.07963101572848,down,up,up,up,0.025942064131711,0.0067127559617254,1.1452768434980914e-05,0.0041160186835081,11.688
7.374999999999999,0.272919141412281,0.6685508516193565,2.7478405723544532,7.120816795315701,down,up,up,up,0.025942064131711,0.0067127559617254,1.1452768434980914e-05,0.0041160186835081,11.703
7.390999999999999,0.2634876335549202,0.6154113052167604,2.7522392306495784,7.1648176169840285,down,up,up,up,0.025942064131711,0.0067127559617254,1.1452768434980914e-05,0.0041160186835081,11.719
7.406999999999999,0.2560403172091164,0.49139933574444533,2.7565028583510784,7.208887736940329,down,up,up,up,0.025942064131711,0.0067127559617254,1.1452768434980914e-05,0.0041160186835081,11.735
7.422,0.2516778035815133,0.3167763059719062,2.760411435596434,7.250264765936463,down,up,up,up,0.025942064131711,0.0067127559617254,1.1452768434980914e-05,0.0041160186835081,11.75
7.438,0.2435635433479942,0.5330833287266563,2.764480770467258,7.294464086829268,down,up,up,up,0.025942064131711,0.0067127559617254,1.1452768434980914e-05,0.0041160186835081,11.766
7.469,0.2380869848769436,0.2026052406172093,2.772154449089558,7.380282287768222,down,up,up,up,0.025942064131711,0.0067127559617254,1.1452768434980914e-05,0.0041160186835081,11.797
7.485,0.23441739117972568,0.25529167020783433,2.776041888193399,7.42466804171078,down,up,up,up,0.025942064131711,0.0067127559617254,1.1452768434980914e-05,0.0041160186835081,11.813
7.499999999999999,0.23070002674838008,0.2737663595547653,2.779630960167285,7.466335759865008,down,up,up,up,0.025942064131711,0.0067127559617254,1.1452768434980914e-05,0.0041160186835081,11.828
7.515999999999999,0.2243234555110405,0.424477766465435,2.783378552120748,7.510840019207607,down,up,up,up,0.025942064131711,0.0067127559617254,1.1452768434980914e-05,0.0041160186835081,11.844
7.531999999999999,0.2198597004040633,0.3049267583177904,2.787039421463457,7.5554035462405755,down,up,up,up,0.025942064131711,0.0067127559617254,1.1452768434980914e-05,0.0041160186835081,11.86
7.547,0.21558296794760778,0.31105756122872913,2.79040593281552,7.597234558189196,down,up,up,up,0.025942064131711,0.0067127559617254,1.1452768434980914e-05,0.0041160186835081,11.875
7.563,0.2108049255969374,0.32456971104861543,2.793924440059264,7.641909384416489,down,up,up,up,0.025942064131711,0.0067127559617254,1.1452768434980914e-05,0.0041160186835081,11.891
7.578,0.2056081451455559,0.3723940942237978,2.797148229429259,7.683842601229181,down,up,up,up,0.025942064131711,0.0067127559617254,1.1452768434980914e-05,0.0041160186835081,11.906
7.594,0.2020113870772562,0.2507394434004371,2.800516589782429,7.72862410302717,down,up,up,up,0.025942064131711,0.0067127559617254,1.1452768434980914e-05,0.0041160186835081,11.922
7.61,0.1985762604886521,0.2406374759194683,2.803828695058344,7.773459048550191,down,up,up,up,0.025942064131711,0.0067127559617254,1.1452768434980914e-05,0.0041160186835081,11.938
7.624999999999999,0.1931821048009895,0.3855524433092507,2.806867574137442,7.8155394423606825,down,up,up,up,0.025942064131711,0.0067127559617254,1.1452768434980914e-05,0.0041160186835081,11.953
7.640999999999999,0.1869662007150393,0.4144360695035973,2.810016164676958,7.860474695515493,down,up,up,up,0.025942064131711,0.0067127559617254,1.1452768434980914e-05,0.0041160186835081,11.969
7.656999999999999,0.1808376833620429,0.40897439869398283,2.8130659998449623,7.905459536075963,down,up,up,up,0.025942064131711,0.0067127559617254,1.1452768434980914e-05,0.0041160186835081,11.985
7.688,0.1766677568890672,0.1604558213244749,2.818815429603668,7.99275405326824,down,up,up,up,0.025942064131711,0.0067127559617254,1.1452768434980914e-05,0.0041160186835081,12.016
7.703,0.1723831657270552,0.3115814749324977,2.821534002862715,8.035056845803267,down,up,up,up,0.025942064131711,0.0067127559617254,1.1452768434980914e-05,0.0041160186835081,12.031
7.719,0.1665432217801311,0.39093856081446743,2.82435281805816,8.08022412361493,down,up,up,up,0.025942064131711,0.0067127559617254,1.1452768434980914e-05,0.0041160186835081,12.047
7.749999999999999,0.1613787282139896,0.1925386307814419,2.829643703717882,8.167861424738277,down,up,up,up,0.025942064131711,0.0067127559617254,1.1452768434980914e-05,0.0041160186835081,12.078
7.765999999999999,0.1565478585366976,0.32787141896246513,2.832294520507275,8.213157113776374,down,up,up,up,0.025942064131711,0.0067127559617254,1.1452768434980914e-05,0.0041160186835081,12.094
7.781999999999999,0.1518018704753708,0.3225663179646329,2.8348687224347593,8.258494602964205,down,up,up,up,0.025942064131711,0.0067127559617254,1.1452768434980914e-05,0.0041160186835081,12.11
7.797,0.147223581182379,0.3311613503311498,2.837212104661618,8.301035380958956,down,up,up,up,0.025942064131711,0.0067127559617254,1.1452768434980914e-05,0.0041160186835081,12.125
7.813,0.14300290677531008,0.28973421457352133,2.8396413206606677,8.34645039160583,down,up,up,up,0.025942064131711,0.0067127559617254,1.1452768434980914e-05,0.0041160186835081,12.141
7.828,0.13891456680497258,0.2984980621542026,2.8418563930519456,8.389061796250202,down,up,up,up,0.025942064131711,0.0067127559617254,1.1452768434980914e-05,0.0041160186835081,12.156
7.844,0.1370127936075072,0.1448028889732932,2.844171216030633,8.434550200367157,down,up,up,up,0.025942064131711,0.0067127559617254,1.1452768434980914e-05,0.0041160186835081,12.172
7.86,0.1309693006663882,0.40366037295165164,2.8464224768802118,8.48007513315474,down,up,up,up,0.025942064131711,0.0067127559617254,1.1452768434980914e-05,0.0041160186835081,12.188
7.874999999999999,0.1251107660203133,0.41651104053673493,2.848443768719788,8.522786801788262,down,up,up,up,0.025942064131711,0.0067127559617254,1.1452768434980914e-05,0.0041160186835081,12.203
7.890999999999999,0.1218131349116263,0.23204400842464648,2.850526564022631,8.568378747694497,down,up,up,up,0.025942064131711,0.0067127559617254,1.1452768434980914e-05,0.0041160186835081,12.219
7.906999999999999,0.11980096780986581,0.15170250799174548,2.852566880939791,8.614003678498491,down,up,up,up,0.025942064131711,0.0067127559617254,1.1452768434980914e-05,0.0041160186835081,12.235
7.922,0.1150200439726934,0.3446703199431872,2.854428729867586,8.656806317371075,down,up,up,up,0.025942064131711,0.0067127559617254,1.1452768434980914e-05,0.0041160186835081,12.25
7.938,0.11533954091176571,0.0,2.856379010642049,8.702492962539447,down,up,up,up,0.025942064131711,0.0067127559617254,1.1452768434980914e-05,0.0041160186835081,12.266
7.969,0.1140369063556861,0.0679625336826649,2.860142441009508,8.791099400075868,down,up,up,up,0.025942064131711,0.0067127559617254,1.1452768434980914e-05,0.0041160186835081,12.297
7.985,0.11278658105892171,0.1040873951794851,2.862064433004213,8.836877238312272,down,up,up,up,0.025942064131711,0.0067127559617254,1.1452768434980914e-05,0.0041160186835081,12.313
7.999999999999999,0.1099609336696031,0.21431855675297118,2.8638357307041025,8.879821661331608,down,up,up,up,0.025942064131711,0.0067127559617254,1.1452768434980914e-05,0.0041160186835081,12.328
8.015999999999998,0.10967501438189241,0.043812019613630404,2.865700222383902,8.925658132200606,down,up,up,up,0.025942064131711,0.0067127559617254,1.1452768434980914e-05,0.0041160186835081,12.344
8.032,0.10623379488730761,0.24101828254325808,2.867534896953443,8.9715241963996,down,up,up,up,0.025942064131711,0.0067127559617254,1.1452768434980914e-05,0.0041160186835081,12.36
8.047,0.1029164468811779,0.247098597873683,2.869204215106133,9.014549911531574,down,up,up,up,0.025942064131711,0.0067127559617254,1.1452768434980914e-05,0.0041160186835081,12.375
8.062999999999999,0.09999474531969281,0.2085484117245283,2.870934908739127,9.060471207766632,down,up,up,up,0.025942064131711,0.0067127559617254,1.1452768434980914e-05,0.0041160186835081,12.391
8.078,0.0968482539638416,0.2357081545217837,2.8725119225731794,9.103547230793005,down,up,up,up,0.025942064131711,0.0067127559617254,1.1452768434980914e-05,0.0041160186835081,12.406
8.094000000000001,0.09377549269199831,0.2179896436219174,2.874144316641814,9.149520663951016,down,up,up,up,0.025942064131711,0.0067127559617254,1.1452768434980914e-05,0.0041160186835081,12.422
8.125,0.09261618592978141,0.0633390564612889,2.877241483095265,9.23866749888276,down,up,up,up,0.025942064131711,0.0067127559617254,1.1452768434980914e-05,0.0041160186835081,12.453
8.140999999999998,0.0906661669402365,0.1478182509782698,2.878815146013613,9.284716135159929,down,up,up,up,0.025942064131711,0.0067127559617254,1.1452768434980914e-05,0.0041160186835081,12.469
8.172,0.0881789729932497,0.10617412693773591,2.881795341117395,9.37400595274628,down,up,up,up,0.025942064131711,0.0067127559617254,1.1452768434980914e-05,0.0041160186835081,12.5
8.187999999999999,0.0845171715161169,0.2548046564525106,2.883284314368858,9.420126773234465,down,up,up,up,0.025942064131711,0.0067127559617254,1.1452768434980914e-05,0.0041160186835081,12.516
8.203,0.0810303204896866,0.2583987992270565,2.884626611898327,9.463386276972996,down,up,up,up,0.025942064131711,0.0067127559617254,1.1452768434980914e-05,0.0041160186835081,12.531
8.219000000000001,0.07951501242919791,0.12064881791224881,2.8860183786570657,9.509551620141735,down,up,up,up,0.025942064131711,0.0067127559617254,1.1452768434980914e-05,0.0041160186835081,12.547
8.235,0.0794540800535746,0.0297503376081687,2.8873975354923154,9.555739130699225,down,up,up,up,0.025942064131711,0.0067127559617254,1.1452768434980914e-05,0.0041160186835081,12.563
8.265999999999998,0.07732582724477591,0.0945953805445746,2.890035719490253,9.645289701187272,down,up,up,up,0.025942064131711,0.0067127559617254,1.1452768434980914e-05,0.0041160186835081,12.594
8.282,0.0775811450586943,0.0,2.891382379364069,9.691541229222402,down,up,up,up,0.025942064131711,0.0067127559617254,1.1452768434980914e-05,0.0041160186835081,12.61
8.297,0.0777702864935926,0.013332635138496,2.892648206440137,9.734921630407461,down,up,up,up,0.025942064131711,0.0067127559617254,1.1452768434980914e-05,0.0041160186835081,12.625
8.312999999999999,0.0738084583070418,0.2735563257911342,2.8939682404939298,9.781214745227228,down,up,up,up,0.025942064131711,0.0067127559617254,1.1452768434980914e-05,0.0041160186835081,12.641
8.328,0.0719210388152334,0.15177003025226438,2.8951619030617732,9.824633393095423,down,up,up,up,0.025942064131711,0.0067127559617254,1.1452768434980914e-05,0.0041160186835081,12.656
8.344000000000001,0.071269220516431,0.0666807078068643,2.896414829231814,9.870966190198068,down,up,up,up,0.025942064131711,0.0067127559617254,1.1452768434980914e-05,0.0041160186835081,12.672
8.36,0.0705713466213692,0.0695591825730745,2.897656957864304,9.917318947739131,down,up,up,up,0.025942064131711,0.0067127559617254,1.1452768434980914e-05,0.0041160186835081,12.688
8.375,0.0692353161314916,0.11501076345688581,2.898806199174376,9.960792593208444,down,up,up,up,0.025942064131711,0.0067127559617254,1.1452768434980914e-05,0.0041160186835081,12.703
8.390999999999998,0.0665766643430548,0.19210780090901258,2.90000009911356,10.007183226839045,down,up,up,up,0.025942064131711,0.0067127559617254,1.1452768434980914e-05,0.0041160186835081,12.719
8.407,0.0639317386360628,0.1912499208187134,2.901151570432781,10.053592623439709,down,up,up,up,0.025942064131711,0.0067127559617254,1.1452768434980914e-05,0.0041160186835081,12.735
8.422,0.0651456606854897,0.0549860724967486,2.902220342267118,10.097118084576486,down,up,up,up,0.025942064131711,0.0067127559617254,1.1452768434980914e-05,0.0041160186835081,12.75
8.453,0.060444205487550993,0.17760190922650618,2.904375080627614,10.18712066866718,down,up,up,up,0.025942064131711,0.0067127559617254,1.1452768434980914e-05,0.0041160186835081,12.781
8.469000000000001,0.0558329724406744,0.3141441295614986,2.9054127021464273,10.233599154173666,down,up,up,up,0.025942064131711,0.0067127559617254,1.1452768434980914e-05,0.0041160186835081,12.797
8.485,0.0549339016002275,0.0821339916596375,2.906406241234142,10.280093888965004,down,up,up,up,0.025942064131711,0.0067127559617254,1.1452768434980914e-05,0.0041160186835081,12.813
8.5,0.0552813385671361,0.0,2.907333546874823,10.323697109167346,down,up,up,up,0.025942064131711,0.0067127559617254,1.1452768434980914e-05,0.0041160186835081,12.828
8.515999999999998,0.0512235079395165,0.2795564783579328,2.908292989742264,10.370222304704578,down,up,up,up,0.025942064131711,0.0067127559617254,1.1452768434980914e-05,0.0041160186835081,12.844
8.532,0.0507461742287863,0.0557754210523497,2.909216151294998,10.416762561077173,down,up,up,up,0.025942064131711,0.0067127559617254,1.1452768434980914e-05,0.0041160186835081,12.86
8.547,0.050385919610819896,0.0499590386628037,2.910075333338221,10.460407419003449,down,up,up,up,0.025942064131711,0.0067127559617254,1.1452768434980914e-05,0.0041160186835081,12.875
8.562999999999999,0.0500438275715247,0.0473228165876571,2.9109861754110673,10.506976094317736,down,up,up,up,0.025942064131711,0.0067127559617254,1.1452768434980914e-05,0.0041160186835081,12.891
8.594000000000001,0.0488087403979023,0.0657835858614656,2.912726485649407,10.597243995599998,down,up,up,up,0.025942064131711,0.0067127559617254,1.1452768434980914e-05,0.0041160186835081,12.922
8.625,0.0476104465103813,0.06459670566464851,2.914429078481299,10.687565261879842,down,up,up,up,0.025942064131711,0.0067127559617254,1.1452768434980914e-05,0.0041160186835081,12.953
8.640999999999998,0.046424329135408796,0.1000744000674946,2.915288760781853,10.734203187838242,down,up,up,up,0.025942064131711,0.0067127559617254,1.1452768434980914e-05,0.0041160186835081,12.969
8.657,0.0458574751577566,0.0613704377349744,2.916134419311586,10.780854756523285,down,up,up,up,0.025942064131711,0.0067127559617254,1.1452768434980914e-05,0.0041160186835081,12.985
8.672,0.043581248101873,0.1776905345239449,2.916905901075459,10.824602730717716,down,up,up,up,0.025942064131711,0.0067127559617254,1.1452768434980914e-05,0.0041160186835081,13.0
8.687999999999999,0.0412850163046255,0.16945655145967778,2.917692235286099,10.871279699052904,down,up,up,up,0.025942064131711,0.0067127559617254,1.1452768434980914e-05,0.0041160186835081,13.016
8.703,0.0391870641586234,0.16580554053184288,2.918396467228999,10.915050536113297,down,up,up,up,0.025942064131711,0.0067127559617254,1.1452768434980914e-05,0.0041160186835081,13.031
8.735,0.0371575976385899,0.0893628928827594,2.9198327900085297,11.008462570717686,down,up,up,up,0.025942064131711,0.0067127559617254,1.1452768434980914e-05,0.0041160186835081,13.063
8.75,0.0363715507482159,0.0783451901566473,2.920484949960857,11.05226512555898,down,up,up,up,0.025942064131711,0.0067127559617254,1.1452768434980914e-05,0.0041160186835081,13.078
8.765999999999998,0.0346717922201681,0.1321769721346998,2.9211607007999913,11.098998474009361,down,up,up,up,0.025942064131711,0.0067127559617254,1.1452768434980914e-05,0.0041160186835081,13.094
8.782,0.0329686064862856,0.1323911724993675,2.92180922808503,11.145742416684737,down,up,up,up,0.025942064131711,0.0067127559617254,1.1452768434980914e-05,0.0041160186835081,13.11
8.797,0.0318926303199927,0.09767380855123141,2.9223963787005034,11.189574130527156,down,up,up,up,0.025942064131711,0.0067127559617254,1.1452768434980914e-05,0.0041160186835081,13.125
8.828,0.0323699741391029,0.0105438764184813,2.923600544504433,11.280187437872657,down,up,up,up,0.025942064131711,0.0067127559617254,1.1452768434980914e-05,0.0041160186835081,13.156
8.844000000000001,0.0328325635311054,0.0,2.924229568901182,11.326970262024195,down,up,up,up,0.025942064131711,0.0067127559617254,1.1452768434980914e-05,0.0041160186835081,13.172
8.86,0.030240358365329498,0.1879548869927015,2.9248415563717414,11.373763014270674,down,up,up,up,0.025942064131711,0.0067127559617254,1.1452768434980914e-05,0.0041160186835081,13.188
8.875,0.026336086360114398,0.28622686447940854,2.925366571046608,11.417639747017834,down,up,up,up,0.025942064131711,0.0067127559617254,1.1452768434980914e-05,0.0041160186835081,13.203
8.890999999999998,0.022471069610228198,0.2675056109995952,2.9258644323897585,11.46444977828962,down,up,up,up,0.025942064131711,0.0067127559617254,1.1452768434980914e-05,0.0041160186835081,13.219
8.907,0.019632471455374,0.20335444881009898,2.926308664813671,11.511267346311541,down,up,up,up,0.025942064131711,0.0067127559617254,1.1452768434980914e-05,0.0041160186835081,13.235
8.922,0.0168264322811585,0.21301134241273809,2.926682797931121,11.555164954073657,down,up,up,up,0.025942064131711,0.0067127559617254,1.1452768434980914e-05,0.0041160186835081,13.25
8.937999999999999,0.0140696799547424,0.19823908453271288,2.9270373709243955,11.601994898668794,down,up,up,up,0.025942064131711,0.0067127559617254,1.1452768434980914e-05,0.0041160186835081,13.266
8.969000000000001,0.015282178659177302,0.013170797301670503,2.9277004201677252,11.692743689466544,down,up,up,up,0.025942064131711,0.0067127559617254,1.1452768434980914e-05,0.0041160186835081,13.297
8.985,0.017813867243528902,0.1322884723902638,2.928072592630334,11.739590056813224,down,up,up,up,0.025942064131711,0.0067127559617254,1.1452768434980914e-05,0.0041160186835081,13.313
9.0,0.020305519162819897,0.14016806382103672,2.9284591793678074,11.783514216894732,down,up,up,up,0.025942064131711,0.0067127559617254,1.1452768434980914e-05,0.0041160186835081,13.328
9.015999999999998,0.0227363990840797,0.1259879309470255,2.92891091880917,11.830373360924444,down,up,up,up,0.025942064131711,0.0067127559617254,1.1452768434980914e-05,0.0041160186835081,13.344
9.032,0.021264348600976098,0.1179452193256868,2.9293703288860384,11.8772397941503,down,up,up,up,0.025942064131711,0.0067127559617254,1.1452768434980914e-05,0.0041160186835081,13.36
9.047,0.019770425791263,0.1255369181125775,2.929778781033406,11.921183584266224,down,up,up,up,0.025942064131711,0.0067127559617254,1.1452768434980914e-05,0.0041160186835081,13.375
9.062999999999999,0.0189734890205564,0.0757506123008722,2.930196136447288,11.968063566850365,down,up,up,up,0.025942064131711,0.0067127559617254,1.1452768434980914e-05,0.0041160186835081,13.391
9.094000000000001,0.020830318047123,0.0339556464026938,2.931021190891651,12.058912790459942,down,up,up,up,0.025942064131711,0.0067127559617254,1.1452768434980914e-05,0.0041160186835081,13.422
9.11,0.0201982195089343,0.0654482227685038,2.931456823287487,12.10581279781767,down,up,up,up,0.025942064131711,0.0067127559617254,1.1452768434980914e-05,0.0041160186835081,13.438
9.140999999999998,0.019248638101864002,0.056573722424304196,2.932276345015268,12.19670101696218,down,up,up,up,0.025942064131711,0.0067127559617254,1.1452768434980914e-05,0.0041160186835081,13.469
9.157,0.0185571479885418,0.0691601962143451,2.932686195399379,12.243620900529793,down,up,up,up,0.025942064131711,0.0067127559617254,1.1452768434980914e-05,0.0041160186835081,13.485
9.172,0.017919574107750698,0.0684469895177833,2.933060462154527,12.287614172252976,down,up,up,up,0.025942064131711,0.0067127559617254,1.1452768434980914e-05,0.0041160186835081,13.5
9.187999999999999,0.0180015041147197,0.020821438696149303,2.9334552348756944,12.334546481073511,down,up,up,up,0.025942064131711,0.0067127559617254,1.1452768434980914e-05,0.0041160186835081,13.516
9.203,0.016478590398938002,0.1274696451838222,2.9338145269239733,12.378551176078538,down,up,up,up,0.025942064131711,0.0067127559617254,1.1452768434980914e-05,0.0041160186835081,13.531
9.219000000000001,0.015053996343437999,0.11497919260046051,2.9341741917132995,12.425495269071932,down,up,up,up,0.025942064131711,0.0067127559617254,1.1452768434980914e-05,0.0041160186835081,13.547
9.235,0.016911901082705703,0.0901769820725216,2.9345373229880964,12.472445144433836,down,up,up,up,0.025942064131711,0.0067127559617254,1.1452768434980914e-05,0.0041160186835081,13.563
9.25,0.0152937480404774,0.1338189336136092,2.9348795566959462,12.516465942822988,down,up,up,up,0.025942064131711,0.0067127559617254,1.1452768434980914e-05,0.0041160186835081,13.578
9.265999999999998,0.0136651621324529,0.1277286833832424,2.935218632072717,12.563426911577434,down,up,up,up,0.025942064131711,0.0067127559617254,1.1452768434980914e-05,0.0041160186835081,13.594
9.282,0.011415821847627699,0.16652583193328288,2.9355266840399454,12.610393057350628,down,up,up,up,0.025942064131711,0.0067127559617254,1.1452768434980914e-05,0.0041160186835081,13.61
9.297,0.012198580953843,0.026241876282638996,2.9358044834003825,12.65442821289796,down,up,up,up,0.025942064131711,0.0067127559617254,1.1452768434980914e-05,0.0041160186835081,13.625
9.312999999999999,0.011787982129854801,0.051604490630973096,2.9361037800004395,12.701403662249461,down,up,up,up,0.025942064131711,0.0067127559617254,1.1452768434980914e-05,0.0041160186835081,13.641
9.328,0.010957528463181999,0.0813056419098943,2.9363750626693133,12.745447425361013,down,up,up,up,0.025942064131711,0.0067127559617254,1.1452768434980914e-05,0.0041160186835081,13.656
9.344000000000001,0.012766179943105001,0.08709865336347189,2.936672256431951,12.792431987158116,down,up,up,up,0.025942064131711,0.0067127559617254,1.1452768434980914e-05,0.0041160186835081,13.672
9.375,0.0145463165705096,0.031481698042633594,2.9373036955627256,12.883478969449854,down,up,up,up,0.025942064131711,0.0067127559617254,1.1452768434980914e-05,0.0041160186835081,13.703
9.390999999999998,0.013138225338911699,0.1139477661065801,2.9376325759933892,12.930478642866598,down,up,up,up,0.025942064131711,0.0067127559617254,1.1452768434980914e-05,0.0041160186835081,13.719
9.407,0.0117597160270631,0.1120988961222468,2.937939163619704,12.977483400027797,down,up,up,up,0.025942064131711,0.0067127559617254,1.1452768434980914e-05,0.0041160186835081,13.735
9.422,0.010373951648205102,0.11832635605557121,2.938205857466694,13.021554659477472,down,up,up,up,0.025942064131711,0.0067127559617254,1.1452768434980914e-05,0.0041160186835081,13.75
9.437999999999999,0.010215254474021102,0.0358606375182135,2.9384779752110592,13.06856831338319,down,up,up,up,0.025942064131711,0.0067127559617254,1.1452768434980914e-05,0.0041160186835081,13.766
9.453,0.0,0.0449431731605406,2.93872975774283,13.112647543171873,down,up,up,up,0.025942064131711,0.0067127559617254,1.1452768434980914e-05,0.0041160186835081,13.781
9.469000000000001,0.0,0.0488517357483775,2.938993113205669,13.159669509383756,down,up,up,up,0.025942064131711,0.0067127559617254,1.1452768434980914e-05,0.0041160186835081,13.797
9.485,0.0,0.050331726083662195,2.93925041435381,13.206695640848526,down,up,up,up,0.025942064131711,0.0067127559617254,1.1452768434980914e-05,0.0041160186835081,13.813
9.5,0.010517894055327699,0.06368763945742599,2.939498790762412,13.25078643167842,down,up,up,up,0.025942064131711,0.0067127559617254,1.1452768434980914e-05,0.0041160186835081,13.828
9.532,0.0,0.087998119482856,2.940018398862618,13.344859073201013,down,up,up,up,0.025942064131711,0.0067127559617254,1.1452768434980914e-05,0.0041160186835081,13.86
9.547,0.0,0.1703117897141179,2.940230830112177,13.38896111420985,down,up,up,up,0.025942064131711,0.0067127559617254,1.1452768434980914e-05,0.0041160186835081,13.875
9.562999999999999,0.0,0.023526320364665097,2.9404464310311855,13.436006715543293,down,up,up,up,0.025942064131711,0.0067127559617254,1.1452768434980914e-05,0.0041160186835081,13.891
9.594000000000001,0.0,0.0,2.9408870785421777,13.527167739977504,down,up,up,up,0.025942064131711,0.0067127559617254,1.1452768434980914e-05,0.0041160186835081,13.922
9.61,0.0,0.1625090167973285,2.941102527046843,13.57422384006651,down,up,up,up,0.025942064131711,0.0067127559617254,1.1452768434980914e-05,0.0041160186835081,13.938
9.625,0.0,0.0329953999190256,2.9412873284853704,13.618341935774524,down,up,up,up,0.025942064131711,0.0067127559617254,1.1452768434980914e-05,0.0041160186835081,13.953
9.640999999999998,0.0,0.0319690360378144,2.941482832167102,13.66540428030404,down,up,up,up,0.025942064131711,0.0067127559617254,1.1452768434980914e-05,0.0041160186835081,13.969
9.657,0.0,0.1080559648989997,2.94166705381713,13.712469662636208,down,up,up,up,0.025942064131711,0.0067127559617254,1.1452768434980914e-05,0.0041160186835081,13.985
9.672,0.0,0.09129874527810121,2.9418225553193116,13.756596006496261,down,up,up,up,0.025942064131711,0.0067127559617254,1.1452768434980914e-05,0.0041160186835081,14.0
9.687999999999999,0.0,0.0887548015801697,2.941972540756174,13.80366655050916,down,up,up,up,0.025942064131711,0.0067127559617254,1.1452768434980914e-05,0.0041160186835081,14.016
9.703,0.0,0.044670309714569395,2.942113558466796,13.84779736804486,down,up,up,up,0.025942064131711,0.0067127559617254,1.1452768434980914e-05,0.0041160186835081,14.031
9.719000000000001,0.0,0.0490588833306871,2.9422694918901304,13.89487261569201,down,up,up,up,0.025942064131711,0.0067127559617254,1.1452768434980914e-05,0.0041160186835081,14.047
9.735,0.0,0.0471238519652128,2.9424197550917652,13.94195031291216,down,up,up,up,0.025942064131711,0.0067127559617254,1.1452768434980914e-05,0.0041160186835081,14.063
9.75,0.0,0.0293020808391249,2.9425577070268774,13.986087815669574,down,up,up,up,0.025942064131711,0.0067127559617254,1.1452768434980914e-05,0.0041160186835081,14.078
9.765999999999998,0.0,0.028334012682918897,2.9427113998934913,14.033170151769232,down,up,up,up,0.025942064131711,0.0067127559617254,1.1452768434980914e-05,0.0041160186835081,14.094
9.782,0.0,0.0853272183464859,2.942864438798198,14.08025494172306,down,up,up,up,0.025942064131711,0.0067127559617254,1.1452768434980914e-05,0.0041160186835081,14.11
9.797,0.0,0.0848836872712832,2.9429941556202515,14.124399052972729,down,up,up,up,0.025942064131711,0.0067127559617254,1.1452768434980914e-05,0.0041160186835081,14.125
9.812999999999999,0.0,0.15364505283728,2.943109101253111,14.171488062272008,down,up,up,up,0.025942064131711,0.0067127559617254,1.1452768434980914e-05,0.0041160186835081,14.141
9.844000000000001,0.0,0.0322696846991537,2.943297097653894,14.262727713390888,down,up,up,up,0.025942064131711,0.0067127559617254,1.1452768434980914e-05,0.0041160186835081,14.172
9.86,0.0,0.0567531209205263,2.9433886149891295,14.309821382336327,down,up,up,up,0.025942064131711,0.0067127559617254,1.1452768434980914e-05,0.0041160186835081,14.188
9.875,0.0,0.0658947720769042,2.9434662204844537,14.353972965393904,down,up,up,up,0.025942064131711,0.0067127559617254,1.1452768434980914e-05,0.0041160186835081,14.203
9.890999999999998,0.0,0.0660932024298499,2.9435390660088108,14.401069190930146,down,up,up,up,0.025942064131711,0.0067127559617254,1.1452768434980914e-05,0.0041160186835081,14.219
9.907,0.0,0.0314518801356921,2.9436141186123312,14.44816659965141,down,up,up,up,0.025942064131711,0.0067127559617254,1.1452768434980914e-05,0.0041160186835081,14.235
9.922,0.0,0.0108553191804357,2.9436930649602515,14.492321575319732,down,up,up,up,0.025942064131711,0.0067127559617254,1.1452768434980914e-05,0.0041160186835081,14.25
9.953,0.0,0.0,2.943873313525838,14.583579209222089,down,up,up,up,0.025942064131711,0.0067127559617254,1.1452768434980914e-05,0.0041160186835081,14.281
9.969000000000001,0.0,0.023709801150674097,2.943979712152864,14.630682216671811,down,up,up,up,0.025942064131711,0.0067127559617254,1.1452768434980914e-05,0.0041160186835081,14.297
9.985,0.0,0.0,2.944096039670889,14.677787005930698,down,up,up,up,0.025942064131711,0.0067127559617254,1.1452768434980914e-05,0.0041160186835081,14.313
10.0,0.0,0.0,2.9442121219223307,14.72194948893417,down,up,up,up,0.025942064131711,0.0067127559617254,1.1452768434980914e-05,0.0041160186835081,14.328
10.015999999999998,0.0,0.0,2.944344145716333,14.769058122319574,down,up,up,up,0.025942064131711,0.0067127559617254,1.1452768434980914e-05,0.0041160186835081,14.344
10.032,0.0,0.030501750666368403,2.944487676946489,14.816168960145172,down,up,up,up,0.025942064131711,0.0067127559617254,1.1452768434980914e-05,0.0041160186835081,14.36
10.047,0.0,0.15163731741480432,2.9446489884129603,14.860337656926896,down,up,up,up,0.025942064131711,0.0067127559617254,1.1452768434980914e-05,0.0041160186835081,14.375
10.062999999999999,0.0,0.1389237165466026,2.944863466322909,14.90745393980908,down,up,up,up,0.025942064131711,0.0067127559617254,1.1452768434980914e-05,0.0041160186835081,14.391
10.078,0.0,0.22548095532640938,2.9450618751319078,14.951628551661518,down,up,up,up,0.025942064131711,0.0067127559617254,1.1452768434980914e-05,0.0041160186835081,14.406
10.094000000000001,0.0,0.0610720624342853,2.945245069888114,14.998751190465972,down,up,up,up,0.025942064131711,0.0067127559617254,1.1452768434980914e-05,0.0041160186835081,14.422
10.125,0.0,0.0203299268480705,2.9455939941206486,15.090059550993926,down,up,up,up,0.025942064131711,0.0067127559617254,1.1452768434980914e-05,0.0041160186835081,14.453
10.140999999999998,0.0,0.0750849500234618,2.9457691855677703,15.137190639675728,down,up,up,up,0.025942064131711,0.0067127559617254,1.1452768434980914e-05,0.0041160186835081,14.469
10.157,0.0,0.013520331110617897,2.945943137912089,15.18432452150786,down,up,up,up,0.025942064131711,0.0067127559617254,1.1452768434980914e-05,0.0041160186835081,14.485
10.172,0.0,0.011985635792299398,2.9461152205885583,15.228515130988145,down,up,up,up,0.025942064131711,0.0067127559617254,1.1452768434980914e-05,0.0041160186835081,14.5
10.187999999999999,0.0,0.03744615661787169,2.9463114404597057,15.275654727520823,down,up,up,up,0.025942064131711,0.0067127559617254,1.1452768434980914e-05,0.0041160186835081,14.516
10.203,0.0,0.1504057027856181,2.946489001016048,15.319850902623422,down,up,up,up,0.025942064131711,0.0067127559617254,1.1452768434980914e-05,0.0041160186835081,14.531
10.219000000000001,0.0,0.1369006075512923,2.946649260612617,15.366996191960746,down,up,up,up,0.025942064131711,0.0067127559617254,1.1452768434980914e-05,0.0041160186835081,14.547
10.235,0.0,0.0850468955718063,2.9468095241024694,15.414144045482763,down,up,up,up,0.025942064131711,0.0067127559617254,1.1452768434980914e-05,0.0041160186835081,14.563
10.25,0.0,0.1355160201330422,2.946960762729321,15.458347494425524,down,up,up,up,0.025942064131711,0.0067127559617254,1.1452768434980914e-05,0.0041160186835081,14.578
10.265999999999998,0.0,0.1465274146426708,2.94709350013171,15.505500111772708,down,up,up,up,0.025942064131711,0.0067127559617254,1.1452768434980914e-05,0.0041160186835081,14.594
