timestamps,aAcc,aJerk,aVelocity,aHeight,jerks_direction,accelerations_direction,velocities_direction,heights_direction,start_jerks,start_accelerations,start_velocities,start_heights,actual_timestamps
0.0,0.0,0.0,0.0,0.0,down,up,up,down,0.0107614427533585,-0.0187167243202566,-4.116297971075321,-58.1996062231726,22.719
0.015999999999998238,0.0,0.0208532126471093,0.0,0.06586317361188065,down,up,up,down,0.0107614427533585,-0.0187167243202566,-4.116297971075321,-58.1996062231726,22.735
0.030999999999998806,0.0,0.0186751083358696,0.0,0.12761428504187933,down,up,up,down,0.0107614427533585,-0.0187167243202566,-4.116297971075321,-58.1996062231726,22.75
0.046999999999997044,0.0,0.0509589711523737,0.0,0.19348688250443757,down,up,up,down,0.0107614427533585,-0.0187167243202566,-4.116297971075321,-58.1996062231726,22.766
0.06299999999999883,0.0,0.0590798299161467,0.0,0.2593643951421498,down,up,up,down,0.0107614427533585,-0.0187167243202566,-4.116297971075321,-58.1996062231726,22.782
0.09399999999999764,0.0,0.0,0.0,0.3870156738924848,down,up,up,down,0.0107614427533585,-0.0187167243202566,-4.116297971075321,-58.1996062231726,22.813
0.10899999999999821,0.0,0.0302276016853098,0.0,0.44878874476392383,down,up,up,down,0.0107614427533585,-0.0187167243202566,-4.116297971075321,-58.1996062231726,22.828
0.125,0.0,0.0700409907172716,0.0,0.5146843802655781,down,up,up,down,0.0107614427533585,-0.0187167243202566,-4.116297971075321,-58.1996062231726,22.844
0.14099999999999824,0.0,0.0667383633958893,0.0,0.5805842360605311,down,up,up,down,0.0107614427533585,-0.0187167243202566,-4.116297971075321,-58.1996062231726,22.86
0.1559999999999988,0.0,0.0153113024572867,0.0,0.6423689706199198,down,up,up,down,0.0107614427533585,-0.0187167243202566,-4.116297971075321,-58.1996062231726,22.875
0.17199999999999704,0.0,0.058297108827773905,0.0,0.7082764072116206,down,up,up,down,0.0107614427533585,-0.0187167243202566,-4.116297971075321,-58.1996062231726,22.891
0.18799999999999883,0.0,0.0563836951342704,0.0,0.7741874798425243,down,up,up,down,0.0107614427533585,-0.0187167243202566,-4.116297971075321,-58.1996062231726,22.907
0.2029999999999994,0.0,0.0564946937759961,0.0,0.8359822641835208,down,up,up,down,0.0107614427533585,-0.0187167243202566,-4.116297971075321,-58.1996062231726,22.922
0.21899999999999764,0.0,0.0,0.0,0.9019000654770863,down,up,up,down,0.0107614427533585,-0.0187167243202566,-4.116297971075321,-58.1996062231726,22.938
0.2339999999999982,0.0,0.0961586270757441,0.0,0.9637012368810147,down,up,up,down,0.0107614427533585,-0.0187167243202566,-4.116297971075321,-58.1996062231726,22.953
0.25,0.0,0.0879431420732669,0.0,1.0296261591916007,down,up,up,down,0.0107614427533585,-0.0187167243202566,-4.116297971075321,-58.1996062231726,22.969
0.26599999999999824,0.0,0.0363380414248897,0.0,1.0955551338388858,down,up,up,down,0.0107614427533585,-0.0187167243202566,-4.116297971075321,-58.1996062231726,22.985
0.2809999999999988,0.0,0.028002841613261397,0.0,1.1573673137923848,down,up,up,down,0.0107614427533585,-0.0187167243202566,-4.116297971075321,-58.1996062231726,23.0
0.29699999999999704,0.0,0.0207215770136096,0.0,1.223304242570272,down,up,up,down,0.0107614427533585,-0.0187167243202566,-4.116297971075321,-58.1996062231726,23.016
0.31299999999999883,0.0,0.0,0.0,1.2892451246053156,down,up,up,down,0.0107614427533585,-0.0187167243202566,-4.116297971075321,-58.1996062231726,23.032
0.3279999999999994,0.0,0.0186305618789168,0.0,1.351068249371636,down,up,up,down,0.0107614427533585,-0.0187167243202566,-4.116297971075321,-58.1996062231726,23.047
0.3589999999999982,0.0,0.013231562071768298,0.0,1.4788467600844086,down,up,up,down,0.0107614427533585,-0.0187167243202566,-4.116297971075321,-58.1996062231726,23.078
0.375,0.0,0.034874772098510295,0.0,1.5448025508263115,down,up,up,down,0.0107614427533585,-0.0187167243202566,-4.116297971075321,-58.1996062231726,23.094
0.39099999999999824,0.0,0.0294694214285636,0.0,1.6107621622860293,down,up,up,down,0.0107614427533585,-0.0187167243202566,-4.116297971075321,-58.1996062231726,23.11
0.4059999999999988,0.0,0.0283759312903974,0.0,1.672602839540616,down,up,up,down,0.0107614427533585,-0.0187167243202566,-4.116297971075321,-58.1996062231726,23.125
0.42199999999999704,0.0,0.1137348821982454,0.0,1.7385701646456013,down,up,up,down,0.0107614427533585,-0.0187167243202566,-4.116297971075321,-58.1996062231726,23.141
0.43799999999999883,0.0,0.0639102166067812,0.0,1.8045418310297592,down,up,up,down,0.0107614427533585,-0.0187167243202566,-4.116297971075321,-58.1996062231726,23.157
0.4529999999999994,0.0,0.0655370404899975,0.0,1.8663944502726935,down,up,up,down,0.0107614427533585,-0.0187167243202566,-4.116297971075321,-58.1996062231726,23.172
0.46899999999999764,0.0,0.1436560993624125,0.0,1.9323753339510716,down,up,up,down,0.0107614427533585,-0.0187167243202566,-4.116297971075321,-58.1996062231726,23.188
0.5,0.0,0.0306508275421318,0.0,2.060228446809461,down,up,up,down,0.0107614427533585,-0.0187167243202566,-4.116297971075321,-58.1996062231726,23.219
0.5159999999999982,0.0,0.0669781523154937,0.0,2.126225242523759,down,up,up,down,0.0107614427533585,-0.0187167243202566,-4.116297971075321,-58.1996062231726,23.235
0.5309999999999988,0.0,0.0401177838976505,0.0,2.188102433997905,down,up,up,down,0.0107614427533585,-0.0187167243202566,-4.116297971075321,-58.1996062231726,23.25
0.546999999999997,0.0,0.0700366044426127,0.0,2.254110344621317,down,up,up,down,0.0107614427533585,-0.0187167243202566,-4.116297971075321,-58.1996062231726,23.266
0.5779999999999994,0.0,0.029999617482750398,0.010025183467772258,2.382016277885974,down,up,up,down,0.0107614427533585,-0.0187167243202566,-4.116297971075321,-58.1996062231726,23.297
0.5939999999999976,0.0,0.0512269672536894,0.010342941288493002,2.448039990421222,down,up,up,down,0.0107614427533585,-0.0187167243202566,-4.116297971075321,-58.1996062231726,23.313
0.6089999999999982,0.0,0.10902101009356141,0.010619925110272987,2.509941681485344,down,up,up,down,0.0107614427533585,-0.0187167243202566,-4.116297971075321,-58.1996062231726,23.328
0.625,0.0,0.010006505574698999,0.010898342328443889,2.575974595162066,down,up,up,down,0.0107614427533585,-0.0187167243202566,-4.116297971075321,-58.1996062231726,23.344
0.6559999999999988,0.0,0.0224854601953921,0.011438258627845421,2.703926049580218,down,up,up,down,0.0107614427533585,-0.0187167243202566,-4.116297971075321,-58.1996062231726,23.375
0.671999999999997,0.0,0.033418200607539,0.011722732726287433,2.7699721050482466,down,up,up,down,0.0107614427533585,-0.0187167243202566,-4.116297971075321,-58.1996062231726,23.391
0.6879999999999988,0.0,0.0342340556470606,0.012004347465937926,2.8360226892270006,down,up,up,down,0.0107614427533585,-0.0187167243202566,-4.116297971075321,-58.1996062231726,23.407
0.7029999999999994,0.0,0.0756752193659022,0.012253237700065256,2.8979490906818697,down,up,up,down,0.0107614427533585,-0.0187167243202566,-4.116297971075321,-58.1996062231726,23.422
0.7189999999999976,0.0,0.040984729104749595,0.012501724707014716,2.9640078979183215,down,up,up,down,0.0107614427533585,-0.0187167243202566,-4.116297971075321,-58.1996062231726,23.438
0.7339999999999982,0.0,0.042238160528136295,0.01272250928003782,3.0259415492393558,down,up,up,down,0.0107614427533585,-0.0187167243202566,-4.116297971075321,-58.1996062231726,23.453
0.75,0.0,0.0,0.01295084078056341,3.0920077035770532,down,up,up,down,0.0107614427533585,-0.0187167243202566,-4.116297971075321,-58.1996062231726,23.469
0.7659999999999982,0.0,0.0335558367083889,0.013181277871876063,3.1580775280634796,down,up,up,down,0.0107614427533585,-0.0187167243202566,-4.116297971075321,-58.1996062231726,23.485
0.7809999999999988,0.0,0.033928944228406005,0.013402654316172047,3.2200213771210144,down,up,up,down,0.0107614427533585,-0.0187167243202566,-4.116297971075321,-58.1996062231726,23.5
0.796999999999997,0.0,0.0196419370183155,0.013637677657655445,3.2860984673140052,down,up,up,down,0.0107614427533585,-0.0187167243202566,-4.116297971075321,-58.1996062231726,23.516
0.8129999999999988,0.0,0.0249021017383304,0.013870619370876192,3.3521793012274443,down,up,up,down,0.0107614427533585,-0.0187167243202566,-4.116297971075321,-58.1996062231726,23.532
0.8279999999999994,0.0,0.0257422928050292,0.014092384451730666,3.4141334933222467,down,up,up,down,0.0107614427533585,-0.0187167243202566,-4.116297971075321,-58.1996062231726,23.547
0.8439999999999976,0.0,0.0,0.014329184617073665,3.4802216334120004,down,up,up,down,0.0107614427533585,-0.0187167243202566,-4.116297971075321,-58.1996062231726,23.563
0.8589999999999982,0.0,0.044530992704227196,0.014543514101617028,3.542182648218521,down,up,up,down,0.0107614427533585,-0.0187167243202566,-4.116297971075321,-58.1996062231726,23.578
0.875,0.0,0.0661791535118064,0.014772590593185697,3.60827794459329,down,up,up,down,0.0107614427533585,-0.0187167243202566,-4.116297971075321,-58.1996062231726,23.594
0.8909999999999982,0.0,0.0659170515410249,0.01501582046965666,3.6743770194189906,down,up,up,down,0.0107614427533585,-0.0187167243202566,-4.116297971075321,-58.1996062231726,23.61
0.9059999999999988,0.0,0.03372535759765399,0.015245462386863196,3.7363484486065417,down,up,up,down,0.0107614427533585,-0.0187167243202566,-4.116297971075321,-58.1996062231726,23.625
0.921999999999997,0.0,0.0,0.015483743086183388,3.8024550497875254,down,up,up,down,0.0107614427533585,-0.0187167243202566,-4.116297971075321,-58.1996062231726,23.641
0.9379999999999988,0.0,0.0,0.015719090026209415,3.868565439989638,down,up,up,down,0.0107614427533585,-0.0187167243202566,-4.116297971075321,-58.1996062231726,23.657
0.9689999999999976,0.0,0.0,0.016167729086068228,3.9966649227892077,down,up,up,down,0.0107614427533585,-0.0187167243202566,-4.116297971075321,-58.1996062231726,23.688
0.9839999999999982,0.0,0.0731290732667867,0.016389775923132177,4.058653573642907,down,up,up,down,0.0107614427533585,-0.0187167243202566,-4.116297971075321,-58.1996062231726,23.703
1.0,0.0,0.0,0.016632030464604597,4.12477851563122,down,up,up,down,0.0107614427533585,-0.0187167243202566,-4.116297971075321,-58.1996062231726,23.719
1.0159999999999982,0.0,0.0,0.016870176658963842,4.190907300825408,down,up,up,down,0.0107614427533585,-0.0187167243202566,-4.116297971075321,-58.1996062231726,23.735
1.0309999999999988,0.0,0.020944502367616698,0.017092682297831452,4.25290649183372,down,up,up,down,0.0107614427533585,-0.0187167243202566,-4.116297971075321,-58.1996062231726,23.75
1.046999999999997,0.0,0.0228632656857908,0.01733279264644416,4.319042663170471,down,up,up,down,0.0107614427533585,-0.0187167243202566,-4.116297971075321,-58.1996062231726,23.766
1.0629999999999988,0.0,0.0151805076170613,0.017571131458745448,4.385182662100526,down,up,up,down,0.0107614427533585,-0.0187167243202566,-4.116297971075321,-58.1996062231726,23.782
1.0779999999999994,0.0,0.0,0.01778960981877198,4.447192337226241,down,up,up,down,0.0107614427533585,-0.0187167243202566,-4.116297971075321,-58.1996062231726,23.797
1.0939999999999976,0.0,0.0,0.018018676300323833,4.513339571052391,down,up,up,down,0.0107614427533585,-0.0187167243202566,-4.116297971075321,-58.1996062231726,23.813
1.1089999999999982,0.0,0.0,0.018229632486935543,4.575355902934426,down,up,up,down,0.0107614427533585,-0.0187167243202566,-4.116297971075321,-58.1996062231726,23.828
1.125,0.0,0.0571922710405007,0.01844391023864045,4.641510058813445,down,up,up,down,0.0107614427533585,-0.0187167243202566,-4.116297971075321,-58.1996062231726,23.844
1.1559999999999988,0.0,0.0238933880582644,0.01882556921534384,4.769692972848311,down,up,up,down,0.0107614427533585,-0.0187167243202566,-4.116297971075321,-58.1996062231726,23.875
1.171999999999997,0.0,0.0410216140885897,0.019017833397532158,4.835856487606414,down,up,up,down,0.0107614427533585,-0.0187167243202566,-4.116297971075321,-58.1996062231726,23.891
1.1879999999999988,0.0,0.034302131595383506,0.019208202744134262,4.9020230634327575,down,up,up,down,0.0107614427533585,-0.0187167243202566,-4.116297971075321,-58.1996062231726,23.907
1.2029999999999994,0.0,0.0,0.019379013827091285,4.964056937123175,down,up,up,down,0.0107614427533585,-0.0187167243202566,-4.116297971075321,-58.1996062231726,23.922
1.2189999999999976,0.0,0.0,0.019556452688914483,5.030229188392511,down,up,up,down,0.0107614427533585,-0.0187167243202566,-4.116297971075321,-58.1996062231726,23.938
1.2339999999999982,0.0,0.082096986463603,0.019710145449150396,5.092268157444671,down,up,up,down,0.0107614427533585,-0.0187167243202566,-4.116297971075321,-58.1996062231726,23.953
1.25,0.0,0.0302448713969083,0.019857692573684638,5.1584454676860645,down,up,up,down,0.0107614427533585,-0.0187167243202566,-4.116297971075321,-58.1996062231726,23.969
1.2659999999999982,0.0,0.0170579014874266,0.020000796836725065,5.224625103138536,down,up,up,down,0.0107614427533585,-0.0187167243202566,-4.116297971075321,-58.1996062231726,23.985
1.2809999999999988,0.0100187580010634,0.0,0.020133489494943646,5.286670579852164,down,up,up,down,0.0107614427533585,-0.0187167243202566,-4.116297971075321,-58.1996062231726,24.0
1.3129999999999988,0.0102967619646553,0.0,0.02040737635374068,5.41904076878015,down,up,up,down,0.0107614427533585,-0.0187167243202566,-4.116297971075321,-58.1996062231726,24.032
1.3279999999999994,0.010661660748473599,0.0135651428345266,0.020530939048196473,5.481092275711795,down,up,up,down,0.0107614427533585,-0.0187167243202566,-4.116297971075321,-58.1996062231726,24.047
1.3439999999999976,0.013263151656198999,0.151831738979499,0.02063900813808317,5.5472824028264895,down,up,up,down,0.0107614427533585,-0.0187167243202566,-4.116297971075321,-58.1996062231726,24.063
1.3589999999999982,0.0146917221952166,0.0844765931811426,0.020710097449001097,5.609336990684518,down,up,up,down,0.0107614427533585,-0.0187167243202566,-4.116297971075321,-58.1996062231726,24.078
1.375,0.0160674373173393,0.0752207523793041,0.020763491762024522,5.675529546935415,down,up,up,down,0.0107614427533585,-0.0187167243202566,-4.116297971075321,-58.1996062231726,24.094
1.3909999999999982,0.0170495477089219,0.050620456720559495,0.020798023470938176,5.741722806594481,down,up,up,down,0.0107614427533585,-0.0187167243202566,-4.116297971075321,-58.1996062231726,24.11
1.4059999999999988,0.019246886027076398,0.135727778456943,0.020806551082722002,5.803779310469771,down,up,up,down,0.0107614427533585,-0.0187167243202566,-4.116297971075321,-58.1996062231726,24.125
1.421999999999997,0.0213951908607832,0.1235076093533288,0.020780882056743444,5.8699727774720785,down,up,up,down,0.0107614427533585,-0.0187167243202566,-4.116297971075321,-58.1996062231726,24.141
1.4379999999999988,0.0233372362267303,0.1106163926183222,0.02072249022916761,5.93616557198758,down,up,up,down,0.0107614427533585,-0.0187167243202566,-4.116297971075321,-58.1996062231726,24.157
1.4529999999999994,0.0255213845409727,0.1348484448627964,0.020636801438214114,5.998220236241217,down,up,up,down,0.0107614427533585,-0.0187167243202566,-4.116297971075321,-58.1996062231726,24.172
1.4839999999999982,0.0296724758594493,0.12314472881040711,0.020361515055935975,6.126460947250202,down,up,up,down,0.0107614427533585,-0.0187167243202566,-4.116297971075321,-58.1996062231726,24.203
1.5,0.0323784565769233,0.1583623520887523,0.0201645751855688,6.192645923509353,down,up,up,down,0.0107614427533585,-0.0187167243202566,-4.116297971075321,-58.1996062231726,24.219
1.5159999999999982,0.036891489917630596,0.2713031410408785,0.0199098832027369,6.258827286713661,down,up,up,down,0.0107614427533585,-0.0187167243202566,-4.116297971075321,-58.1996062231726,24.235
1.5309999999999988,0.041271785961347604,0.2812582934944254,0.01960440949844866,6.320868113475051,down,up,up,down,0.0107614427533585,-0.0187167243202566,-4.116297971075321,-58.1996062231726,24.25
1.546999999999997,0.0440426152715165,0.1624153891322181,0.019221361877709953,6.387039487183252,down,up,up,down,0.0107614427533585,-0.0187167243202566,-4.116297971075321,-58.1996062231726,24.266
1.5779999999999994,0.0475099188346295,0.1010870592825355,0.018382516052992237,6.515227584394516,down,up,up,down,0.0107614427533585,-0.0187167243202566,-4.116297971075321,-58.1996062231726,24.297
1.5939999999999976,0.0517290233766427,0.2529325911224981,0.017888072104427444,6.581378516636967,down,up,up,down,0.0107614427533585,-0.0187167243202566,-4.116297971075321,-58.1996062231726,24.313
1.6089999999999982,0.0577217048588725,0.3887506560619434,0.017347942507464076,6.6433872563126855,down,up,up,down,0.0107614427533585,-0.0187167243202566,-4.116297971075321,-58.1996062231726,24.328
1.6409999999999982,0.061870701459362396,0.11889470101195229,0.016033399184620656,6.775642892854172,down,up,up,down,0.0107614427533585,-0.0187167243202566,-4.116297971075321,-58.1996062231726,24.36
1.6559999999999988,0.0658304717819237,0.2532232454173875,0.015356391250114676,6.837622785848559,down,up,up,down,0.0107614427533585,-0.0187167243202566,-4.116297971075321,-58.1996062231726,24.375
1.671999999999997,0.0711513084276855,0.3217908476067889,0.014560004597561793,6.903722884552543,down,up,up,down,0.0107614427533585,-0.0187167243202566,-4.116297971075321,-58.1996062231726,24.391
1.6879999999999988,0.0763493883380163,0.3141185516422822,0.01367946661255992,6.969809567859436,down,up,up,down,0.0107614427533585,-0.0187167243202566,-4.116297971075321,-58.1996062231726,24.407
1.7029999999999994,0.0827536842411529,0.4161916174557263,0.012766944433019844,7.031752385508405,down,up,up,down,0.0107614427533585,-0.0187167243202566,-4.116297971075321,-58.1996062231726,24.422
1.7189999999999976,0.0894335877528185,0.4067325267257866,0.011688913846191973,7.097808799911839,down,up,up,down,0.0107614427533585,-0.0187167243202566,-4.116297971075321,-58.1996062231726,24.438
1.7339999999999982,0.0959462195425633,0.4234140098962794,0.010579316156280605,7.159720281202986,down,up,up,down,0.0107614427533585,-0.0187167243202566,-4.116297971075321,-58.1996062231726,24.453
1.7659999999999982,0.1033131721728395,0.2194558269427726,0.0,7.291738926952966,down,up,up,down,0.0107614427533585,-0.0187167243202566,-4.116297971075321,-58.1996062231726,24.485
1.7809999999999988,0.1106157881708575,0.476079623781161,0.0,7.353593320162567,down,up,up,down,0.0107614427533585,-0.0187167243202566,-4.116297971075321,-58.1996062231726,24.5
1.796999999999997,0.1177089072943715,0.4325585024663127,0.0,7.419548532815632,down,up,up,down,0.0107614427533585,-0.0187167243202566,-4.116297971075321,-58.1996062231726,24.516
1.8129999999999988,0.1239959596162964,0.3821793273669067,0.0,7.48547845505815,down,up,up,down,0.0107614427533585,-0.0187167243202566,-4.116297971075321,-58.1996062231726,24.532
1.8279999999999994,0.1306077027069267,0.4300214299553104,0.0,7.547263285050896,down,up,up,down,0.0107614427533585,-0.0187167243202566,-4.116297971075321,-58.1996062231726,24.547
1.8439999999999976,0.13855117081410379,0.485705313945262,0.0,7.613139243069803,down,up,up,down,0.0107614427533585,-0.0187167243202566,-4.116297971075321,-58.1996062231726,24.563
1.8589999999999982,0.1462660512943543,0.5035639225966543,0.0,7.674870134849776,down,up,up,down,0.0107614427533585,-0.0187167243202566,-4.116297971075321,-58.1996062231726,24.578
1.875,0.15178778590018988,0.3343469701113281,0.0,7.74068489668381,down,up,up,down,0.0107614427533585,-0.0187167243202566,-4.116297971075321,-58.1996062231726,24.594
1.8909999999999982,0.1589002008972801,0.4337644945648314,0.0,7.80646549052252,down,up,up,down,0.0107614427533585,-0.0187167243202566,-4.116297971075321,-58.1996062231726,24.61
1.9059999999999988,0.1658164546139122,0.4503221383554287,0.0,7.868102242293652,down,up,up,down,0.0107614427533585,-0.0187167243202566,-4.116297971075321,-58.1996062231726,24.625
1.921999999999997,0.1748739632618025,0.5553328477398504,0.010684554113224998,7.933811465411075,down,up,up,down,0.0107614427533585,-0.0187167243202566,-4.116297971075321,-58.1996062231726,24.641
1.9379999999999988,0.1829290991327692,0.49268454918199917,0.013247511023258163,7.999480776427198,down,up,up,down,0.0107614427533585,-0.0187167243202566,-4.116297971075321,-58.1996062231726,24.657
1.9529999999999994,0.19048418160677538,0.49291072218037374,0.01576735976400112,8.06100763446242,down,up,up,down,0.0107614427533585,-0.0187167243202566,-4.116297971075321,-58.1996062231726,24.672
1.9689999999999976,0.19842817914709338,0.4857384035165672,0.01857919106090744,8.126593629593025,down,up,up,down,0.0107614427533585,-0.0187167243202566,-4.116297971075321,-58.1996062231726,24.688
1.9839999999999982,0.207790003304975,0.6133601677720625,0.021345076564495358,8.188038667151964,down,up,up,down,0.0107614427533585,-0.0187167243202566,-4.116297971075321,-58.1996062231726,24.703
2.0,0.21693970749269548,0.5610950689791044,0.0244434466617518,8.253533126503363,down,up,up,down,0.0107614427533585,-0.0187167243202566,-4.116297971075321,-58.1996062231726,24.719
2.030999999999999,0.22630578093681908,0.2913699586699969,0.030733533278481495,8.380283120417623,down,up,up,down,0.0107614427533585,-0.0187167243202566,-4.116297971075321,-58.1996062231726,24.75
2.046999999999997,0.2339689756876523,0.46818822917377,0.03411626374235244,8.445625089578648,down,up,up,down,0.0107614427533585,-0.0187167243202566,-4.116297971075321,-58.1996062231726,24.766
2.062999999999999,0.24141511246243208,0.4546221056703262,0.03761986885842905,8.510911968055048,down,up,up,down,0.0107614427533585,-0.0187167243202566,-4.116297971075321,-58.1996062231726,24.782
2.0779999999999994,0.2502479355131388,0.5780934272937291,0.04102659085344218,8.572066589173339,down,up,up,down,0.0107614427533585,-0.0187167243202566,-4.116297971075321,-58.1996062231726,24.797
2.0939999999999976,0.2603298611385476,0.6193589088347591,0.04481174563753143,8.637240650018605,down,up,up,down,0.0107614427533585,-0.0187167243202566,-4.116297971075321,-58.1996062231726,24.813
2.108999999999998,0.2701339320171101,0.6428432824841166,0.04850947322139554,8.698285210443295,down,up,up,down,0.0107614427533585,-0.0187167243202566,-4.116297971075321,-58.1996062231726,24.828
2.125,0.2801415127935556,0.614712355774414,0.05261220919075704,8.763337004521212,down,up,up,down,0.0107614427533585,-0.0187167243202566,-4.116297971075321,-58.1996062231726,24.844
2.1409999999999982,0.2909378112153415,0.6640072086083393,0.05688137619370348,8.82832182337534,down,up,up,down,0.0107614427533585,-0.0187167243202566,-4.116297971075321,-58.1996062231726,24.86
2.155999999999999,0.30252780267551493,0.7619046545915032,0.06105161743308152,8.889181795489272,down,up,up,down,0.0107614427533585,-0.0187167243202566,-4.116297971075321,-58.1996062231726,24.875
2.171999999999997,0.3138368994790905,0.6960571074701951,0.0656830674611939,8.954028685547321,down,up,up,down,0.0107614427533585,-0.0187167243202566,-4.116297971075321,-58.1996062231726,24.891
2.187999999999999,0.3230959852947386,0.5679314207245798,0.07047906295026074,9.018800156041245,down,up,up,down,0.0107614427533585,-0.0187167243202566,-4.116297971075321,-58.1996062231726,24.907
2.2029999999999994,0.3338256427507531,0.7045490543142482,0.07512522429579782,9.079452593453034,down,up,up,down,0.0107614427533585,-0.0187167243202566,-4.116297971075321,-58.1996062231726,24.922
2.2189999999999976,0.3443062182218952,0.6442745241930959,0.08025081159445424,9.144070352703103,down,up,up,down,0.0107614427533585,-0.0187167243202566,-4.116297971075321,-58.1996062231726,24.938
2.233999999999998,0.354629381084754,0.6774494147705378,0.08521207772445027,9.204573850599338,down,up,up,down,0.0107614427533585,-0.0187167243202566,-4.116297971075321,-58.1996062231726,24.953
2.25,0.3659040622954936,0.6939061329177877,0.09067687768236876,9.269027506493295,down,up,up,down,0.0107614427533585,-0.0187167243202566,-4.116297971075321,-58.1996062231726,24.969
2.2659999999999982,0.3769043675430747,0.6767576352205366,0.09631987753195226,9.33339229998878,down,up,up,down,0.0107614427533585,-0.0187167243202566,-4.116297971075321,-58.1996062231726,24.985
2.296999999999997,0.3856022642646817,0.2698158708468756,0.10755851187104426,9.457837422056365,down,up,up,down,0.0107614427533585,-0.0187167243202566,-4.116297971075321,-58.1996062231726,25.016
2.312999999999999,0.3944182351305816,0.5402367363653244,0.11349920827708271,9.521929727832394,down,up,up,down,0.0107614427533585,-0.0187167243202566,-4.116297971075321,-58.1996062231726,25.032
2.3279999999999994,0.40181637469866693,0.4824478617856446,0.11919021698600085,9.581929026709055,down,up,up,down,0.0107614427533585,-0.0187167243202566,-4.116297971075321,-58.1996062231726,25.047
2.3439999999999976,0.4090471022084401,0.4411590266075138,0.1253776572121379,9.645833251252661,down,up,up,down,0.0107614427533585,-0.0187167243202566,-4.116297971075321,-58.1996062231726,25.063
2.358999999999998,0.4189945923494207,0.6524045666453243,0.13130721905651788,9.705652584246785,down,up,up,down,0.0107614427533585,-0.0187167243202566,-4.116297971075321,-58.1996062231726,25.078
2.375,0.42673310006875903,0.4728952897052356,0.13777357300673998,9.76936070544749,down,up,up,down,0.0107614427533585,-0.0187167243202566,-4.116297971075321,-58.1996062231726,25.094
2.3909999999999982,0.4351926879117567,0.51796279743405,0.14436951172146006,9.832964328306865,down,up,up,down,0.0107614427533585,-0.0187167243202566,-4.116297971075321,-58.1996062231726,25.11
2.405999999999999,0.4425139098562809,0.4773200202149047,0.1506715603399158,9.892495989832533,down,up,up,down,0.0107614427533585,-0.0187167243202566,-4.116297971075321,-58.1996062231726,25.125
2.421999999999997,0.4496402200439959,0.4346329439788802,0.15750932578999288,9.955891310280698,down,up,up,down,0.0107614427533585,-0.0187167243202566,-4.116297971075321,-58.1996062231726,25.141
2.437999999999999,0.4588413618908511,0.5643099226750249,0.1644777108563491,10.019176181524735,down,up,up,down,0.0107614427533585,-0.0187167243202566,-4.116297971075321,-58.1996062231726,25.157
2.4529999999999994,0.4668096491844657,0.5204577101542647,0.17113934257460972,10.07840352319014,down,up,up,down,0.0107614427533585,-0.0187167243202566,-4.116297971075321,-58.1996062231726,25.172
2.4689999999999976,0.47425761947776124,0.4547367005776596,0.17836841313478313,10.141468228681667,down,up,up,down,0.0107614427533585,-0.0187167243202566,-4.116297971075321,-58.1996062231726,25.188
2.5,0.4814880158280416,0.2224771491911541,0.1926022520280961,10.263323420474983,down,up,up,down,0.0107614427533585,-0.0187167243202566,-4.116297971075321,-58.1996062231726,25.219
2.5159999999999982,0.48807818116267754,0.4011238906614278,0.2000593140148963,10.32604289548383,down,up,up,down,0.0107614427533585,-0.0187167243202566,-4.116297971075321,-58.1996062231726,25.235
2.530999999999999,0.4963675847615221,0.5418654638362577,0.20716190639452403,10.384733205896886,down,up,up,down,0.0107614427533585,-0.0187167243202566,-4.116297971075321,-58.1996062231726,25.25
2.546999999999997,0.5044926231661755,0.49705345753753466,0.214869320468821,10.447217723619183,down,up,up,down,0.0107614427533585,-0.0187167243202566,-4.116297971075321,-58.1996062231726,25.266
2.562999999999999,0.5108427247229965,0.3861199045479115,0.2226925356628109,10.509577996307335,down,up,up,down,0.0107614427533585,-0.0187167243202566,-4.116297971075321,-58.1996062231726,25.282
2.5779999999999994,0.5178517984181726,0.4565101369250389,0.23012699372156664,10.567926319403078,down,up,up,down,0.0107614427533585,-0.0187167243202566,-4.116297971075321,-58.1996062231726,25.297
2.5939999999999976,0.5245664668752976,0.4089053358169923,0.23816687225478894,10.630040736012468,down,up,up,down,0.0107614427533585,-0.0187167243202566,-4.116297971075321,-58.1996062231726,25.313
2.625,0.5314844274253439,0.2123985749900513,0.2539554426625221,10.750018077234593,down,up,up,down,0.0107614427533585,-0.0187167243202566,-4.116297971075321,-58.1996062231726,25.344
2.6409999999999982,0.5381340221210333,0.4048382257272802,0.26221292266976803,10.811749497849128,down,up,up,down,0.0107614427533585,-0.0187167243202566,-4.116297971075321,-58.1996062231726,25.36
2.655999999999999,0.5446631529723209,0.4245139473324643,0.27005315061816404,10.869501971865596,down,up,up,down,0.0107614427533585,-0.0187167243202566,-4.116297971075321,-58.1996062231726,25.375
2.671999999999997,0.5522396308452624,0.46276842430553533,0.2785289052995803,10.930974082955451,down,up,up,down,0.0107614427533585,-0.0187167243202566,-4.116297971075321,-58.1996062231726,25.391
2.687999999999999,0.5579918000680433,0.3487491336704061,0.2871112891577634,10.992309728937009,down,up,up,down,0.0107614427533585,-0.0187167243202566,-4.116297971075321,-58.1996062231726,25.407
2.7029999999999994,0.5635801846647279,0.3617975303589372,0.2952423281784555,11.049686546373117,down,up,up,down,0.0107614427533585,-0.0187167243202566,-4.116297971075321,-58.1996062231726,25.422
2.7189999999999976,0.5704593011748287,0.4191833391279862,0.3040151764760468,11.110753253873078,down,up,up,down,0.0107614427533585,-0.0187167243202566,-4.116297971075321,-58.1996062231726,25.438
2.733999999999998,0.575716661600369,0.3397292522826528,0.31233074533205674,11.167875129025653,down,up,up,down,0.0107614427533585,-0.0187167243202566,-4.116297971075321,-58.1996062231726,25.453
2.7659999999999982,0.582971736485252,0.2159596473992342,0.33027082452317913,11.289315038982373,down,up,up,down,0.0107614427533585,-0.0187167243202566,-4.116297971075321,-58.1996062231726,25.485
2.780999999999999,0.5868973182765505,0.25094400999986,0.33876409156908904,11.34604174667782,down,up,up,down,0.0107614427533585,-0.0187167243202566,-4.116297971075321,-58.1996062231726,25.5
2.796999999999997,0.5912906258352173,0.2638202796633497,0.3478901275328581,11.406409280462206,down,up,up,down,0.0107614427533585,-0.0187167243202566,-4.116297971075321,-58.1996062231726,25.516
2.812999999999999,0.595573629473126,0.2569262846159039,0.3570855739862018,11.46663024238726,down,up,up,down,0.0107614427533585,-0.0187167243202566,-4.116297971075321,-58.1996062231726,25.532
2.8279999999999994,0.6001904816406594,0.2970287017488552,0.3657730539547521,11.522953272243832,down,up,up,down,0.0107614427533585,-0.0187167243202566,-4.116297971075321,-58.1996062231726,25.547
2.8439999999999976,0.6035478037036306,0.1990711861823668,0.37510349264838094,11.582887027408212,down,up,up,down,0.0107614427533585,-0.0187167243202566,-4.116297971075321,-58.1996062231726,25.563
2.858999999999998,0.6068479134061953,0.2092458707509444,0.38390070966190093,11.638938965457022,down,up,up,down,0.0107614427533585,-0.0187167243202566,-4.116297971075321,-58.1996062231726,25.578
2.875,0.6130128473579237,0.3745469292296269,0.393360128158891,11.698581646291665,down,up,up,down,0.0107614427533585,-0.0187167243202566,-4.116297971075321,-58.1996062231726,25.594
2.8909999999999982,0.6177317435061358,0.2841695665099291,0.4029066172966784,11.758072279865225,down,up,up,down,0.0107614427533585,-0.0187167243202566,-4.116297971075321,-58.1996062231726,25.61
2.905999999999999,0.6223595115380878,0.297756426043428,0.41192655084470653,11.813705500670302,down,up,up,down,0.0107614427533585,-0.0187167243202566,-4.116297971075321,-58.1996062231726,25.625
2.921999999999997,0.6267779030565226,0.2653880271488479,0.421620182572338,11.872897894340163,down,up,up,down,0.0107614427533585,-0.0187167243202566,-4.116297971075321,-58.1996062231726,25.641
2.937999999999999,0.6307891231844032,0.23993981523914948,0.4313812511931423,11.93193465040725,down,up,up,down,0.0107614427533585,-0.0187167243202566,-4.116297971075321,-58.1996062231726,25.657
2.9529999999999994,0.6345868821509217,0.24242248834787,0.44059082036835395,11.987139329436665,down,up,up,down,0.0107614427533585,-0.0187167243202566,-4.116297971075321,-58.1996062231726,25.672
2.9689999999999976,0.6383006279223604,0.22134766796158462,0.4504744528598148,12.045871574788045,down,up,up,down,0.0107614427533585,-0.0187167243202566,-4.116297971075321,-58.1996062231726,25.688
2.983999999999998,0.6417084559332284,0.2164270913045015,0.4597937701239281,12.100789032681796,down,up,up,down,0.0107614427533585,-0.0187167243202566,-4.116297971075321,-58.1996062231726,25.703
3.0159999999999982,0.6453472189187952,0.1029499005456025,0.4797877257433121,12.217477263822325,down,up,up,down,0.0107614427533585,-0.0187167243202566,-4.116297971075321,-58.1996062231726,25.735
3.030999999999999,0.6493568197820725,0.256545281465117,0.4892172551687648,12.271954196031622,down,up,up,down,0.0107614427533585,-0.0187167243202566,-4.116297971075321,-58.1996062231726,25.75
3.046999999999997,0.6526282404668766,0.1937023500469219,0.4993336680616318,12.329906556182983,down,up,up,down,0.0107614427533585,-0.0187167243202566,-4.116297971075321,-58.1996062231726,25.766
3.062999999999999,0.6560084720722497,0.2005030325824329,0.5095032941728217,12.387696628022319,down,up,up,down,0.0107614427533585,-0.0187167243202566,-4.116297971075321,-58.1996062231726,25.782
3.0779999999999994,0.6593087457056495,0.2092567994732863,0.5190874224413524,12.44172666721385,down,up,up,down,0.0107614427533585,-0.0187167243202566,-4.116297971075321,-58.1996062231726,25.797
3.0939999999999976,0.6629662844454476,0.2178347284840496,0.5293661550934359,12.499199806130768,down,up,up,down,0.0107614427533585,-0.0187167243202566,-4.116297971075321,-58.1996062231726,25.813
3.108999999999998,0.6658563429750988,0.1819091258900465,0.5390515739342865,12.552931142729186,down,up,up,down,0.0107614427533585,-0.0187167243202566,-4.116297971075321,-58.1996062231726,25.828
3.125,0.6686512790654611,0.1639220628942656,0.549428167321488,12.610084072336356,down,up,up,down,0.0107614427533585,-0.0187167243202566,-4.116297971075321,-58.1996062231726,25.844
3.1409999999999982,0.6727239693138589,0.24378169777153502,0.5598597017193967,12.667070536921223,down,up,up,down,0.0107614427533585,-0.0187167243202566,-4.116297971075321,-58.1996062231726,25.86
3.155999999999999,0.6777828470680838,0.3264970741949531,0.5697077519774583,12.720343250584627,down,up,up,down,0.0107614427533585,-0.0187167243202566,-4.116297971075321,-58.1996062231726,25.875
3.171999999999997,0.6827187470995533,0.2977323092135184,0.580292297141674,12.777004017728878,down,up,up,down,0.0107614427533585,-0.0187167243202566,-4.116297971075321,-58.1996062231726,25.891
3.187999999999999,0.6868449030205941,0.2471233023116638,0.5909493387535121,12.833494852178923,down,up,up,down,0.0107614427533585,-0.0187167243202566,-4.116297971075321,-58.1996062231726,25.907
3.2189999999999976,0.6885868855645878,0.0454315425367634,0.6116883130226531,12.942459205679718,down,up,up,down,0.0107614427533585,-0.0187167243202566,-4.116297971075321,-58.1996062231726,25.938
3.233999999999998,0.689771967977677,0.0682440514525874,0.6217452535594168,12.994952923496491,down,up,up,down,0.0107614427533585,-0.0187167243202566,-4.116297971075321,-58.1996062231726,25.953
3.25,0.6909265183610369,0.06139795620662561,0.6324913738610038,13.05077979801434,down,up,up,down,0.0107614427533585,-0.0187167243202566,-4.116297971075321,-58.1996062231726,25.969
3.2659999999999982,0.692580283906592,0.092598903843845,0.6432599606900196,13.106434554875129,down,up,up,down,0.0107614427533585,-0.0187167243202566,-4.116297971075321,-58.1996062231726,25.985
3.280999999999999,0.6942144533889341,0.09818318940277561,0.6533801703549331,13.158454223458428,down,up,up,down,0.0107614427533585,-0.0187167243202566,-4.116297971075321,-58.1996062231726,26.0
3.296999999999997,0.6958878883822734,0.0938282443303645,0.6642015214999768,13.213774337460784,down,up,up,down,0.0107614427533585,-0.0187167243202566,-4.116297971075321,-58.1996062231726,26.016
3.312999999999999,0.6974648727530042,0.0878000804173009,0.6750488759999365,13.268921101818002,down,up,up,down,0.0107614427533585,-0.0187167243202566,-4.116297971075321,-58.1996062231726,26.032
3.3279999999999994,0.6989570466215564,0.0887168151501224,0.6852412895304427,13.32046339514266,down,up,up,down,0.0107614427533585,-0.0187167243202566,-4.116297971075321,-58.1996062231726,26.047
3.358999999999998,0.701653201022097,0.0762112798447289,0.7063705299149907,13.426498649044582,down,up,up,down,0.0107614427533585,-0.0187167243202566,-4.116297971075321,-58.1996062231726,26.078
3.375,0.7048400357945042,0.1884157305220636,0.7173230082204003,13.48096986827671,down,up,up,down,0.0107614427533585,-0.0187167243202566,-4.116297971075321,-58.1996062231726,26.094
3.3909999999999982,0.7081677087381895,0.19721811622699562,0.7283276025875365,13.535265430927446,down,up,up,down,0.0107614427533585,-0.0187167243202566,-4.116297971075321,-58.1996062231726,26.11
3.405999999999999,0.7114024106631351,0.2048853522430121,0.7386936276182428,13.586007241267033,down,up,up,down,0.0107614427533585,-0.0187167243202566,-4.116297971075321,-58.1996062231726,26.125
3.421999999999997,0.7137158759905979,0.133830140213082,0.7497951063223471,13.639960098932711,down,up,up,down,0.0107614427533585,-0.0187167243202566,-4.116297971075321,-58.1996062231726,26.141
3.437999999999999,0.7159861429330192,0.1311302411479551,0.760933254884613,13.693735039580268,down,up,up,down,0.0107614427533585,-0.0187167243202566,-4.116297971075321,-58.1996062231726,26.157
3.4529999999999994,0.7181725176314426,0.134996870474864,0.7714086939740432,13.743986944529958,down,up,up,down,0.0107614427533585,-0.0187167243202566,-4.116297971075321,-58.1996062231726,26.172
3.4689999999999976,0.7192631541328076,0.05740333858196041,0.7826087117590319,13.797415572821286,down,up,up,down,0.0107614427533585,-0.0187167243202566,-4.116297971075321,-58.1996062231726,26.188
3.483999999999998,0.7196656428550483,0.0160711387293531,0.7931199268716371,13.847342077597695,down,up,up,down,0.0107614427533585,-0.0187167243202566,-4.116297971075321,-58.1996062231726,26.203
3.5,0.7200526064507891,0.013423781980435801,0.8043382052769608,13.900423180077716,down,up,up,down,0.0107614427533585,-0.0187167243202566,-4.116297971075321,-58.1996062231726,26.219
3.530999999999999,0.721443917975142,0.0341195741612529,0.8261011829516343,14.002756606663503,down,up,up,down,0.0107614427533585,-0.0187167243202566,-4.116297971075321,-58.1996062231726,26.25
3.546999999999997,0.7226988592155035,0.067672384769245,0.837354857580034,14.055309725876448,down,up,up,down,0.0107614427533585,-0.0187167243202566,-4.116297971075321,-58.1996062231726,26.266
3.562999999999999,0.7239271413147765,0.0660061884511991,0.8486283979951534,14.107682627369051,down,up,up,down,0.0107614427533585,-0.0187167243202566,-4.116297971075321,-58.1996062231726,26.282
3.5779999999999994,0.7260428930432354,0.1302886724772297,0.8592224223880351,14.15661821578231,down,up,up,down,0.0107614427533585,-0.0187167243202566,-4.116297971075321,-58.1996062231726,26.297
3.5939999999999976,0.7253360546347647,0.054938843282784894,0.8705339863803339,14.208640932049356,down,up,up,down,0.0107614427533585,-0.0187167243202566,-4.116297971075321,-58.1996062231726,26.313
3.625,0.7273842272592166,0.0553086419063749,0.8924709322957645,14.30891959291322,down,up,up,down,0.0107614427533585,-0.0187167243202566,-4.116297971075321,-58.1996062231726,26.344
3.6409999999999982,0.7283338274868552,0.048588571474058595,0.9038172091446075,14.360410055318901,down,up,up,down,0.0107614427533585,-0.0187167243202566,-4.116297971075321,-58.1996062231726,26.36
3.655999999999999,0.7292467044331215,0.0500970203310588,0.9144683122692037,14.408517383474425,down,up,up,down,0.0107614427533585,-0.0187167243202566,-4.116297971075321,-58.1996062231726,26.375
3.671999999999997,0.7329424075991469,0.2202200051232551,0.9258663575763366,14.459655473652866,down,up,up,down,0.0107614427533585,-0.0187167243202566,-4.116297971075321,-58.1996062231726,26.391
3.687999999999999,0.7352311215886562,0.1322831815909605,0.9373122782207162,14.5106108121037,down,up,up,down,0.0107614427533585,-0.0187167243202566,-4.116297971075321,-58.1996062231726,26.407
3.7029999999999994,0.736677722540799,0.0856786207228227,0.9480708436868839,14.558214908255529,down,up,up,down,0.0107614427533585,-0.0187167243202566,-4.116297971075321,-58.1996062231726,26.422
3.7189999999999976,0.738043967862291,0.0746288898399001,0.9595691496209828,14.608814555846259,down,up,up,down,0.0107614427533585,-0.0187167243202566,-4.116297971075321,-58.1996062231726,26.438
3.733999999999998,0.7392687687529857,0.07089194995962281,0.9703682442807939,14.65608449495813,down,up,up,down,0.0107614427533585,-0.0187167243202566,-4.116297971075321,-58.1996062231726,26.453
3.75,0.7415616033295294,0.1325407182806012,0.9819154196683311,14.706326993183744,down,up,up,down,0.0107614427533585,-0.0187167243202566,-4.116297971075321,-58.1996062231726,26.469
3.7659999999999982,0.7438150759544246,0.130080596302612,0.9934989655134774,14.75638444563949,down,up,up,down,0.0107614427533585,-0.0187167243202566,-4.116297971075321,-58.1996062231726,26.485
3.796999999999997,0.7436335183922385,0.0166181383077518,1.0159742002719212,14.852842848673141,down,up,up,down,0.0107614427533585,-0.0187167243202566,-4.116297971075321,-58.1996062231726,26.516
3.812999999999999,0.7443833896052734,0.036105508061319694,1.027578867946779,14.902355191664604,down,up,up,down,0.0107614427533585,-0.0187167243202566,-4.116297971075321,-58.1996062231726,26.532
3.8279999999999994,0.7450977900103872,0.03686525092089531,1.0384692259290929,14.948604300526661,down,up,up,down,0.0107614427533585,-0.0187167243202566,-4.116297971075321,-58.1996062231726,26.547
3.8439999999999976,0.7463766482836416,0.0691671993250476,1.0501015538463196,14.997756501825656,down,up,up,down,0.0107614427533585,-0.0187167243202566,-4.116297971075321,-58.1996062231726,26.563
3.858999999999998,0.7480938458326065,0.1037183938442993,1.0610293316873882,15.043667489750284,down,up,up,down,0.0107614427533585,-0.0187167243202566,-4.116297971075321,-58.1996062231726,26.578
3.875,0.748487996135772,0.013872951194480902,1.0727025188340122,15.092458402483324,down,up,up,down,0.0107614427533585,-0.0187167243202566,-4.116297971075321,-58.1996062231726,26.594
3.8909999999999982,0.7488745373958778,0.0133973860032593,1.0843819515131399,15.141062494257746,down,up,up,down,0.0107614427533585,-0.0187167243202566,-4.116297971075321,-58.1996062231726,26.61
3.905999999999999,0.749566695213506,0.035382411755187304,1.0953395098929066,15.186459052863334,down,up,up,down,0.0107614427533585,-0.0187167243202566,-4.116297971075321,-58.1996062231726,26.625
3.921999999999997,0.7511407330925888,0.0876159246893225,1.1070457017302302,15.234700738707552,down,up,up,down,0.0107614427533585,-0.0187167243202566,-4.116297971075321,-58.1996062231726,26.641
3.937999999999999,0.7518556495901247,0.0339208383426344,1.1187702052025688,15.282754978989296,down,up,up,down,0.0107614427533585,-0.0187167243202566,-4.116297971075321,-58.1996062231726,26.657
3.9529999999999994,0.7529168839022606,0.0599875113890318,1.1297752483389587,15.327635357653868,down,up,up,down,0.0107614427533585,-0.0187167243202566,-4.116297971075321,-58.1996062231726,26.672
3.9689999999999976,0.7539575438777941,0.0542798057174915,1.1415307761720732,15.375325676994983,down,up,up,down,0.0107614427533585,-0.0187167243202566,-4.116297971075321,-58.1996062231726,26.688
3.983999999999998,0.7543489647314345,0.0153332808226679,1.1525623241218392,15.419864448308907,down,up,up,down,0.0107614427533585,-0.0187167243202566,-4.116297971075321,-58.1996062231726,26.703
4.015999999999998,0.754944154582109,0.0,1.1761120788526078,15.514327192935731,down,up,up,down,0.0107614427533585,-0.0187167243202566,-4.116297971075321,-58.1996062231726,26.735
4.030999999999999,0.7555422538315444,0.029111840542335597,1.1871599760509066,15.55834712209009,down,up,up,down,0.0107614427533585,-0.0187167243202566,-4.116297971075321,-58.1996062231726,26.75
4.046999999999997,0.7561515318071965,0.027318430724904,1.198954058746891,15.605118977348901,down,up,up,down,0.0107614427533585,-0.0187167243202566,-4.116297971075321,-58.1996062231726,26.766
4.062999999999999,0.7577465033069419,0.0889242759807186,1.2107657754386811,15.651701986212622,down,up,up,down,0.0107614427533585,-0.0187167243202566,-4.116297971075321,-58.1996062231726,26.782
4.077999999999999,0.7593058294814341,0.0931936355461155,1.2218629170697906,15.695201740584942,down,up,up,down,0.0107614427533585,-0.0187167243202566,-4.116297971075321,-58.1996062231726,26.797
4.108999999999998,0.7606671371385296,0.033151707475531006,1.2448422795984713,15.784573047139922,down,up,up,down,0.0107614427533585,-0.0187167243202566,-4.116297971075321,-58.1996062231726,26.828
4.125,0.7603885697154986,0.028171906692794402,1.2567112576641808,15.830421386379037,down,up,up,down,0.0107614427533585,-0.0187167243202566,-4.116297971075321,-58.1996062231726,26.844
4.140999999999998,0.7600862523888203,0.0296562756707538,1.2685755886518901,15.876079859145712,down,up,up,down,0.0107614427533585,-0.0187167243202566,-4.116297971075321,-58.1996062231726,26.86
4.155999999999999,0.7604451858448513,0.0131674543153736,1.2796988235738391,15.918712270620155,down,up,up,down,0.0107614427533585,-0.0187167243202566,-4.116297971075321,-58.1996062231726,26.875
4.171999999999997,0.7615006103717832,0.055202590179889904,1.2915749223544468,15.964002848189928,down,up,up,down,0.0107614427533585,-0.0187167243202566,-4.116297971075321,-58.1996062231726,26.891
4.187999999999999,0.7635432887383757,0.11690595515866181,1.3034758059582048,16.009103209900637,down,up,up,down,0.0107614427533585,-0.0187167243202566,-4.116297971075321,-58.1996062231726,26.907
4.202999999999999,0.7655720499398129,0.12448930400911201,1.314663420133488,16.05121163527108,down,up,up,down,0.0107614427533585,-0.0187167243202566,-4.116297971075321,-58.1996062231726,26.922
4.218999999999998,0.7651605126008523,0.0364825264383987,1.3266098130446884,16.095942216942852,down,up,up,down,0.0107614427533585,-0.0187167243202566,-4.116297971075321,-58.1996062231726,26.938
4.233999999999998,0.7662031203852315,0.05874574287192261,1.3378142894272806,16.13770350574044,down,up,up,down,0.0107614427533585,-0.0187167243202566,-4.116297971075321,-58.1996062231726,26.953
4.25,0.7672194994200918,0.0527622469254027,1.3497822027966007,16.18206350133986,down,up,up,down,0.0107614427533585,-0.0187167243202566,-4.116297971075321,-58.1996062231726,26.969
4.265999999999998,0.7667544583508636,0.0398265095801228,1.361754526869643,16.22623197503973,down,up,up,down,0.0107614427533585,-0.0187167243202566,-4.116297971075321,-58.1996062231726,26.985
4.280999999999999,0.7675084951685456,0.0395076784254353,1.3729807481562353,16.267465930043166,down,up,up,down,0.0107614427533585,-0.0187167243202566,-4.116297971075321,-58.1996062231726,27.0
4.296999999999997,0.7682323532907276,0.034479689883022,1.384967207354784,16.311263113936285,down,up,up,down,0.0107614427533585,-0.0187167243202566,-4.116297971075321,-58.1996062231726,27.016
4.312999999999999,0.7693804320141986,0.0609934774635711,1.3969686420481011,16.35486839467827,down,up,up,down,0.0107614427533585,-0.0187167243202566,-4.116297971075321,-58.1996062231726,27.032
4.327999999999999,0.7698307092895451,0.0192570422697418,1.4082319747430758,16.395573859618473,down,up,up,down,0.0107614427533585,-0.0187167243202566,-4.116297971075321,-58.1996062231726,27.047
4.358999999999998,0.7697377291739596,0.0137608013206347,1.4315150670853307,16.479163017573462,down,up,up,down,0.0107614427533585,-0.0187167243202566,-4.116297971075321,-58.1996062231726,27.078
4.375,0.7696144557891831,0.018466029301886802,1.4435304169759129,16.52202342123818,down,up,up,down,0.0107614427533585,-0.0187167243202566,-4.116297971075321,-58.1996062231726,27.094
4.390999999999998,0.7717211915506592,0.1209095423389141,1.4555616345655062,16.564691452363057,down,up,up,down,0.0107614427533585,-0.0187167243202566,-4.116297971075321,-58.1996062231726,27.11
4.405999999999999,0.7730807992904651,0.07987907323369961,1.466866898632012,16.604517707930206,down,up,up,down,0.0107614427533585,-0.0187167243202566,-4.116297971075321,-58.1996062231726,27.125
4.421999999999997,0.7744053177283536,0.0720209596146818,1.4789473199790364,16.64681196171852,down,up,up,down,0.0107614427533585,-0.0187167243202566,-4.116297971075321,-58.1996062231726,27.141
4.437999999999999,0.7755765976675946,0.0624435534491915,1.491047707713081,16.688912769034197,down,up,up,down,0.0107614427533585,-0.0187167243202566,-4.116297971075321,-58.1996062231726,27.157
4.452999999999999,0.7767952625472887,0.0704828825595805,1.502409745799889,16.728206307698976,down,up,up,down,0.0107614427533585,-0.0187167243202566,-4.116297971075321,-58.1996062231726,27.172
4.468999999999998,0.7773100527474206,0.021412944754888603,1.5145431207331215,16.769931452303915,down,up,up,down,0.0107614427533585,-0.0187167243202566,-4.116297971075321,-58.1996062231726,27.188
4.483999999999998,0.7782570066206684,0.0523688154631614,1.5259291228135785,16.808872380043447,down,up,up,down,0.0107614427533585,-0.0187167243202566,-4.116297971075321,-58.1996062231726,27.203
4.5,0.7796495877772767,0.07627487953464611,1.5380929079796393,16.850220971334316,down,up,up,down,0.0107614427533585,-0.0187167243202566,-4.116297971075321,-58.1996062231726,27.219
4.515999999999998,0.7810067473483375,0.0740610304379547,1.5502786910715187,16.891374766079103,down,up,up,down,0.0107614427533585,-0.0187167243202566,-4.116297971075321,-58.1996062231726,27.235
4.530999999999999,0.7803394056187685,0.055250891391294105,1.5617080363539686,16.929779335189544,down,up,up,down,0.0107614427533585,-0.0187167243202566,-4.116297971075321,-58.1996062231726,27.25
4.546999999999997,0.7801535355756677,0.0223783204471583,1.5738925122943987,16.97055529833755,down,up,up,down,0.0107614427533585,-0.0187167243202566,-4.116297971075321,-58.1996062231726,27.266
4.577999999999999,0.7799741692916271,0.016547451915957502,1.5974942732659159,17.049004040264713,down,up,up,down,0.0107614427533585,-0.0187167243202566,-4.116297971075321,-58.1996062231726,27.297
4.593999999999998,0.781583704709595,0.08983452086964841,1.6096872686688002,17.089207355466435,down,up,up,down,0.0107614427533585,-0.0187167243202566,-4.116297971075321,-58.1996062231726,27.313
4.608999999999998,0.7821578480530977,0.0275147801468198,1.6211345794497167,17.12672066117168,down,up,up,down,0.0107614427533585,-0.0187167243202566,-4.116297971075321,-58.1996062231726,27.328
4.625,0.7827193680962523,0.024333559943798298,1.6333541295897889,17.166545519036582,down,up,up,down,0.0107614427533585,-0.0187167243202566,-4.116297971075321,-58.1996062231726,27.344
4.640999999999998,0.7830872091641279,0.012228623988867399,1.645581114618747,17.20617480462011,down,up,up,down,0.0107614427533585,-0.0187167243202566,-4.116297971075321,-58.1996062231726,27.36
4.655999999999999,0.7828672203561808,0.025427363283161,1.6570450219753452,17.243149578161784,down,up,up,down,0.0107614427533585,-0.0187167243202566,-4.116297971075321,-58.1996062231726,27.375
4.671999999999997,0.7838836410813617,0.0527648525704498,1.6692795612777207,17.282399749032955,down,up,up,down,0.0107614427533585,-0.0187167243202566,-4.116297971075321,-58.1996062231726,27.391
4.687999999999999,0.7848929526958521,0.05232053315228881,1.6815303064388156,17.321454037628435,down,up,up,down,0.0107614427533585,-0.0187167243202566,-4.116297971075321,-58.1996062231726,27.407
4.702999999999999,0.7833748782629257,0.1119664049484478,1.693011564306203,17.357889443163977,down,up,up,down,0.0107614427533585,-0.0187167243202566,-4.116297971075321,-58.1996062231726,27.422
4.718999999999998,0.7833474102088438,0.0124781961334796,1.7052458750248518,17.39656415118653,down,up,up,down,0.0107614427533585,-0.0187167243202566,-4.116297971075321,-58.1996062231726,27.438
4.733999999999998,0.7833310394411477,0.0118528272664329,1.7167152125324239,17.432643912595985,down,up,up,down,0.0107614427533585,-0.0187167243202566,-4.116297971075321,-58.1996062231726,27.453
4.75,0.7811808798945705,0.1451464144144157,1.7289318402979865,17.470939503710547,down,up,up,down,0.0107614427533585,-0.0187167243202566,-4.116297971075321,-58.1996062231726,27.469
4.765999999999998,0.7819724191262729,0.038709759228046106,1.7411375991010276,17.50903971573255,down,up,up,down,0.0107614427533585,-0.0187167243202566,-4.116297971075321,-58.1996062231726,27.485
4.780999999999999,0.7827149814819254,0.0387427142901402,1.7525920037407858,17.54458121327736,down,up,up,down,0.0107614427533585,-0.0187167243202566,-4.116297971075321,-58.1996062231726,27.5
4.796999999999997,0.7850920770403356,0.137807029647292,1.7648349926198383,17.58230256484368,down,up,up,down,0.0107614427533585,-0.0187167243202566,-4.116297971075321,-58.1996062231726,27.516
4.812999999999999,0.7851763358884583,0.0,1.777097672334146,17.619827871061254,down,up,up,down,0.0107614427533585,-0.0187167243202566,-4.116297971075321,-58.1996062231726,27.532
4.843999999999998,0.7858915069931687,0.012308592882462398,1.8008690054448824,17.691974624659018,down,up,up,down,0.0107614427533585,-0.0187167243202566,-4.116297971075321,-58.1996062231726,27.563
4.858999999999998,0.7841796492275623,0.1248852937937768,1.8123637882517345,17.726619848272428,down,up,up,down,0.0107614427533585,-0.0187167243202566,-4.116297971075321,-58.1996062231726,27.578
4.875,0.7844170732348132,0.0,1.8246130944423107,17.763384800748078,down,up,up,down,0.0107614427533585,-0.0187167243202566,-4.116297971075321,-58.1996062231726,27.594
4.890999999999998,0.7846810558275124,0.0,1.836866411885684,17.79995373223465,down,up,up,down,0.0107614427533585,-0.0187167243202566,-4.116297971075321,-58.1996062231726,27.61
4.905999999999999,0.7842870664025003,0.0370274044208247,1.8483529219376051,17.83405905679711,down,up,up,down,0.0107614427533585,-0.0187167243202566,-4.116297971075321,-58.1996062231726,27.625
4.921999999999997,0.7849198396824928,0.0287868872461739,1.8606071095971601,17.870248144082034,down,up,up,down,0.0107614427533585,-0.0187167243202566,-4.116297971075321,-58.1996062231726,27.641
4.937999999999999,0.7864290131156348,0.0835618968180092,1.8728784328304222,17.906241027279826,down,up,up,down,0.0107614427533585,-0.0187167243202566,-4.116297971075321,-58.1996062231726,27.657
4.952999999999999,0.7879325559104675,0.0894747435688156,1.8844053937333145,17.939805868146728,down,up,up,down,0.0107614427533585,-0.0187167243202566,-4.116297971075321,-58.1996062231726,27.672
4.968999999999998,0.7866937989842544,0.0881837506416866,1.8967029369833468,17.975417769038195,down,up,up,down,0.0107614427533585,-0.0187167243202566,-4.116297971075321,-58.1996062231726,27.688
4.983999999999998,0.7874971880357222,0.0427978273444939,1.9082286185211927,18.008625251938035,down,up,up,down,0.0107614427533585,-0.0187167243202566,-4.116297971075321,-58.1996062231726,27.703
5.0,0.7882912715067274,0.038868774184459706,1.92053545860841,18.043855906858205,down,up,up,down,0.0107614427533585,-0.0187167243202566,-4.116297971075321,-58.1996062231726,27.719
5.030999999999999,0.7877124720027666,0.0294323944940295,1.9443832981788782,18.11155490323133,down,up,up,down,0.0107614427533585,-0.0187167243202566,-4.116297971075321,-58.1996062231726,27.75
5.046999999999997,0.7866677909897568,0.0760540060664786,1.956678872693693,18.146207173401557,down,up,up,down,0.0107614427533585,-0.0187167243202566,-4.116297971075321,-58.1996062231726,27.766
5.062999999999999,0.7876598280751139,0.051240875081454,1.9689740260570887,18.180662717748753,down,up,up,down,0.0107614427533585,-0.0187167243202566,-4.116297971075321,-58.1996062231726,27.782
5.077999999999999,0.7881543979146315,0.022209879881144697,1.980511881887209,18.212786043005302,down,up,up,down,0.0107614427533585,-0.0187167243202566,-4.116297971075321,-58.1996062231726,27.797
5.093999999999998,0.7874753471874083,0.053202113204812204,1.9928174522588997,18.246860175869337,down,up,up,down,0.0107614427533585,-0.0187167243202566,-4.116297971075321,-58.1996062231726,27.813
5.125,0.7868110873531524,0.0321891793422564,2.0166386735403523,18.312318843022787,down,up,up,down,0.0107614427533585,-0.0187167243202566,-4.116297971075321,-58.1996062231726,27.844
5.140999999999998,0.7878174473268071,0.052136055600068704,2.0289362342286665,18.345815011297837,down,up,up,down,0.0107614427533585,-0.0187167243202566,-4.116297971075321,-58.1996062231726,27.86
5.155999999999999,0.788384935848855,0.0270711253831673,2.0404770012376807,18.377038881597976,down,up,up,down,0.0107614427533585,-0.0187167243202566,-4.116297971075321,-58.1996062231726,27.875
5.171999999999997,0.7888994477344156,0.0213955500941768,2.052795808717221,18.410153466655537,down,up,up,down,0.0107614427533585,-0.0187167243202566,-4.116297971075321,-58.1996062231726,27.891
5.187999999999999,0.7894212787310408,0.021852994535718002,2.0651229069398225,18.443070884467495,down,up,up,down,0.0107614427533585,-0.0187167243202566,-4.116297971075321,-58.1996062231726,27.907
5.202999999999999,0.7902518283520319,0.044608531979376004,2.076689704378142,18.47375175944874,down,up,up,down,0.0107614427533585,-0.0187167243202566,-4.116297971075321,-58.1996062231726,27.922
5.218999999999998,0.7910503107336417,0.0391437060972622,2.089040653901702,18.506286684119708,down,up,up,down,0.0107614427533585,-0.0187167243202566,-4.116297971075321,-58.1996062231726,27.938
5.233999999999998,0.7905283926361868,0.045555982583686705,2.100621743312172,18.53660868570673,down,up,up,down,0.0107614427533585,-0.0187167243202566,-4.116297971075321,-58.1996062231726,27.953
5.25,0.7887098248349602,0.1244219303300069,2.1129561814628186,18.568760829845736,down,up,up,down,0.0107614427533585,-0.0187167243202566,-4.116297971075321,-58.1996062231726,27.969
5.265999999999998,0.7891961501443614,0.0196338890842186,2.125279961673524,18.60071570823785,down,up,up,down,0.0107614427533585,-0.0187167243202566,-4.116297971075321,-58.1996062231726,27.985
5.280999999999999,0.7896883337421965,0.0220507971023132,2.13684084443787,18.630494271758145,down,up,up,down,0.0107614427533585,-0.0187167243202566,-4.116297971075321,-58.1996062231726,28.0
5.296999999999997,0.7893667956367985,0.0308575743407378,2.149173817883777,18.662066921996775,down,up,up,down,0.0107614427533585,-0.0187167243202566,-4.116297971075321,-58.1996062231726,28.016
5.312999999999999,0.7901787476336306,0.03998555704864511,2.1615107146408175,18.69344221327379,down,up,up,down,0.0107614427533585,-0.0187167243202566,-4.116297971075321,-58.1996062231726,28.032
5.327999999999999,0.7910067501477567,0.04443872485504401,2.1730888550093743,18.72267718606755,down,up,up,down,0.0107614427533585,-0.0187167243202566,-4.116297971075321,-58.1996062231726,28.047
5.343999999999998,0.7919236881043066,0.0465471795310166,2.1854528309262653,18.75366962011727,down,up,up,down,0.0107614427533585,-0.0187167243202566,-4.116297971075321,-58.1996062231726,28.063
5.358999999999998,0.7907159115612501,0.09127987895712089,2.197041877058954,18.78254537937351,down,up,up,down,0.0107614427533585,-0.0187167243202566,-4.116297971075321,-58.1996062231726,28.078
5.375,0.7901410558902828,0.0466899221888086,2.2093892652094436,18.813154697772568,down,up,up,down,0.0107614427533585,-0.0187167243202566,-4.116297971075321,-58.1996062231726,28.094
5.405999999999999,0.7910960355226759,0.0200443518399686,2.2333182216724152,18.871897968829238,down,up,up,down,0.0107614427533585,-0.0187167243202566,-4.116297971075321,-58.1996062231726,28.125
5.421999999999997,0.7915954075778249,0.0204493106934536,2.2456802856280937,18.901926748308036,down,up,up,down,0.0107614427533585,-0.0187167243202566,-4.116297971075321,-58.1996062231726,28.141
5.437999999999999,0.7921042236303641,0.0210395605303425,2.2580504150886362,18.931757670239513,down,up,up,down,0.0107614427533585,-0.0187167243202566,-4.116297971075321,-58.1996062231726,28.157
5.452999999999999,0.7917305820267391,0.0356708829950291,2.2696484252662614,18.959544398502977,down,up,up,down,0.0107614427533585,-0.0187167243202566,-4.116297971075321,-58.1996062231726,28.172
5.468999999999998,0.7925938023077865,0.0431898248121137,2.282023552751812,18.98899179021604,down,up,up,down,0.0107614427533585,-0.0187167243202566,-4.116297971075321,-58.1996062231726,28.188
5.483999999999998,0.7934948844762744,0.049310701812494695,2.293638467037889,19.016418794633744,down,up,up,down,0.0107614427533585,-0.0187167243202566,-4.116297971075321,-58.1996062231726,28.203
5.5,0.793220460826662,0.0279129208541308,2.30603272221119,19.045482192656955,down,up,up,down,0.0107614427533585,-0.0187167243202566,-4.116297971075321,-58.1996062231726,28.219
5.515999999999998,0.7927413549887099,0.0407055576253665,2.318420949148588,19.07434733082328,down,up,up,down,0.0107614427533585,-0.0187167243202566,-4.116297971075321,-58.1996062231726,28.235
5.530999999999999,0.7922872077174699,0.0410379275026937,2.3300279125040806,19.101228433927012,down,up,up,down,0.0107614427533585,-0.0187167243202566,-4.116297971075321,-58.1996062231726,28.25
5.546999999999997,0.7922024028874279,0.0160617446309789,2.3424043617997943,19.12970974326978,down,up,up,down,0.0107614427533585,-0.0187167243202566,-4.116297971075321,-58.1996062231726,28.266
5.562999999999999,0.7916398730453515,0.045919557883128695,2.354775632418134,19.157993070853244,down,up,up,down,0.0107614427533585,-0.0187167243202566,-4.116297971075321,-58.1996062231726,28.282
5.577999999999999,0.7924030884870792,0.0401195866951487,2.366375203764824,19.184328909148,down,up,up,down,0.0107614427533585,-0.0187167243202566,-4.116297971075321,-58.1996062231726,28.297
5.593999999999998,0.7931425769569884,0.035456586615973604,2.3787601014992505,19.212228594243093,down,up,up,down,0.0107614427533585,-0.0187167243202566,-4.116297971075321,-58.1996062231726,28.313
5.625,0.7929376776049519,0.0173710992706641,2.4027641269910345,19.265720205804833,down,up,up,down,0.0107614427533585,-0.0187167243202566,-4.116297971075321,-58.1996062231726,28.344
5.640999999999998,0.79272999151158,0.0237418235891075,2.415150000754841,19.293037660320074,down,up,up,down,0.0107614427533585,-0.0187167243202566,-4.116297971075321,-58.1996062231726,28.36
5.655999999999999,0.7940862119576426,0.0796532536508147,2.426770371416057,19.31846772709492,down,up,up,down,0.0107614427533585,-0.0187167243202566,-4.116297971075321,-58.1996062231726,28.375
5.671999999999997,0.792858786394504,0.0874755404495291,2.4391664638137485,19.34540099995028,down,up,up,down,0.0107614427533585,-0.0187167243202566,-4.116297971075321,-58.1996062231726,28.391
5.687999999999999,0.7916541727360826,0.0860497964046872,2.4515430998976706,19.372136090977797,down,up,up,down,0.0107614427533585,-0.0187167243202566,-4.116297971075321,-58.1996062231726,28.407
5.702999999999999,0.7915292873202411,0.0190871371427946,2.4631362249832893,19.39702046560732,down,up,up,down,0.0107614427533585,-0.0187167243202566,-4.116297971075321,-58.1996062231726,28.422
5.733999999999998,0.7926649929369205,0.0258742223008176,2.4871110178733464,19.447896870446378,down,up,up,down,0.0107614427533585,-0.0187167243202566,-4.116297971075321,-58.1996062231726,28.453
5.75,0.7903095010534944,0.1579796854674731,2.4994753462361476,19.473864947070716,down,up,up,down,0.0107614427533585,-0.0187167243202566,-4.116297971075321,-58.1996062231726,28.469
5.765999999999998,0.7879639236460729,0.1573600307172167,2.511802066044618,19.49963549530967,down,up,up,down,0.0107614427533585,-0.0187167243202566,-4.116297971075321,-58.1996062231726,28.485
5.780999999999999,0.788672555580451,0.036480686205179,2.523346088774014,19.523616353714665,down,up,up,down,0.0107614427533585,-0.0187167243202566,-4.116297971075321,-58.1996062231726,28.5
5.796999999999997,0.7883921286162199,0.0282881280178066,2.535663138658462,19.54900504743241,down,up,up,down,0.0107614427533585,-0.0187167243202566,-4.116297971075321,-58.1996062231726,28.516
5.812999999999999,0.7881236985611526,0.027538321195061,2.5479757976867576,19.574196703478854,down,up,up,down,0.0107614427533585,-0.0187167243202566,-4.116297971075321,-58.1996062231726,28.532
5.827999999999999,0.7884865011064655,0.0134253936008303,2.5595196233194617,19.597634957387434,down,up,up,down,0.0107614427533585,-0.0187167243202566,-4.116297971075321,-58.1996062231726,28.547
5.843999999999998,0.7879278848476243,0.045674958930932694,2.571831470817969,19.62244491617154,down,up,up,down,0.0107614427533585,-0.0187167243202566,-4.116297971075321,-58.1996062231726,28.563
5.858999999999998,0.7873900881847948,0.0466145536086566,2.5833656047509086,19.64552540767091,down,up,up,down,0.0107614427533585,-0.0187167243202566,-4.116297971075321,-58.1996062231726,28.578
5.875,0.7870743633410058,0.0304942454901722,2.5956618527739925,19.669953955547918,down,up,up,down,0.0107614427533585,-0.0187167243202566,-4.116297971075321,-58.1996062231726,28.594
5.890999999999998,0.7880948938760071,0.05302171568422881,2.607963739242603,19.694185718348983,down,up,up,down,0.0107614427533585,-0.0187167243202566,-4.116297971075321,-58.1996062231726,28.61
5.905999999999999,0.7883165781041814,0.0,2.619506074417651,19.71672416431266,down,up,up,down,0.0107614427533585,-0.0187167243202566,-4.116297971075321,-58.1996062231726,28.625
5.921999999999997,0.7881332972657393,0.022216495155991098,2.631818205831485,19.740574337607875,down,up,up,down,0.0107614427533585,-0.0187167243202566,-4.116297971075321,-58.1996062231726,28.641
5.937999999999999,0.7872504948267736,0.0659365951887128,2.6441218085791025,19.764227585029793,down,up,up,down,0.0107614427533585,-0.0187167243202566,-4.116297971075321,-58.1996062231726,28.657
5.968999999999998,0.7863810162137419,0.0388091399479292,2.667932878546301,19.80949597448268,down,up,up,down,0.0107614427533585,-0.0187167243202566,-4.116297971075321,-58.1996062231726,28.688
5.983999999999998,0.7873324158013997,0.0526651964238241,2.6794549784216115,19.831135035121555,down,up,up,down,0.0107614427533585,-0.0187167243202566,-4.116297971075321,-58.1996062231726,28.703
6.0,0.7865128124067606,0.061986654918293096,2.691746272658154,19.85402619265013,down,up,up,down,0.0107614427533585,-0.0187167243202566,-4.116297971075321,-58.1996062231726,28.719
6.015999999999998,0.7856931038569339,0.0619932271175337,2.704024452399138,19.876720794386877,down,up,up,down,0.0107614427533585,-0.0187167243202566,-4.116297971075321,-58.1996062231726,28.735
6.030999999999999,0.7863883936763756,0.0355912118760843,2.7155343127658345,19.897818573214273,down,up,up,down,0.0107614427533585,-0.0187167243202566,-4.116297971075321,-58.1996062231726,28.75
6.046999999999997,0.7857562866156531,0.0502681340485175,2.7278120026190456,19.920132570228397,down,up,up,down,0.0107614427533585,-0.0187167243202566,-4.116297971075321,-58.1996062231726,28.766
6.077999999999999,0.7854406653961927,0.02094277241337,2.751585336921303,19.962807148568864,down,up,up,down,0.0107614427533585,-0.0187167243202566,-4.116297971075321,-58.1996062231726,28.797
6.093999999999998,0.7840673956721282,0.0965908005073982,2.763841933820724,19.984544497940128,down,up,up,down,0.0107614427533585,-0.0187167243202566,-4.116297971075321,-58.1996062231726,28.813
6.108999999999998,0.7852535293177283,0.06831413361997521,2.7753310898933443,20.004745169828404,down,up,up,down,0.0107614427533585,-0.0187167243202566,-4.116297971075321,-58.1996062231726,28.828
6.125,0.7864338424972175,0.0630081309647076,2.787605121278741,20.02610244767623,down,up,up,down,0.0107614427533585,-0.0187167243202566,-4.116297971075321,-58.1996062231726,28.844
6.140999999999998,0.7854285416488676,0.0735927457752362,2.7998805527627844,20.0472633298211,down,up,up,down,0.0107614427533585,-0.0187167243202566,-4.116297971075321,-58.1996062231726,28.86
6.155999999999999,0.7855260017404984,0.0,2.811381960973401,20.066923330534202,down,up,up,down,0.0107614427533585,-0.0187167243202566,-4.116297971075321,-58.1996062231726,28.875
6.171999999999997,0.7856552949960616,0.0,2.8236519437581684,20.087703826833554,down,up,up,down,0.0107614427533585,-0.0187167243202566,-4.116297971075321,-58.1996062231726,28.891
6.187999999999999,0.7863523214468202,0.032802710419051695,2.8359285371005885,20.108287950523895,down,up,up,down,0.0107614427533585,-0.0187167243202566,-4.116297971075321,-58.1996062231726,28.907
6.202999999999999,0.7874832638343694,0.06463471641658411,2.847451553125394,20.12740706941333,down,up,up,down,0.0107614427533585,-0.0187167243202566,-4.116297971075321,-58.1996062231726,28.922
6.218999999999998,0.7872626912384462,0.0245472299985618,2.859750053176851,20.147610224100113,down,up,up,down,0.0107614427533585,-0.0187167243202566,-4.116297971075321,-58.1996062231726,28.938
6.233999999999998,0.7870443665946283,0.0253164190078832,2.8712766052457956,20.16637199372807,down,up,up,down,0.0107614427533585,-0.0187167243202566,-4.116297971075321,-58.1996062231726,28.953
6.25,0.7853296990787957,0.1179281624928841,2.8835561301820603,20.186194099381858,down,up,up,down,0.0107614427533585,-0.0187167243202566,-4.116297971075321,-58.1996062231726,28.969
6.265999999999998,0.7850034255490623,0.0311535383616955,2.8958193275899577,20.205819863256885,down,up,up,down,0.0107614427533585,-0.0187167243202566,-4.116297971075321,-58.1996062231726,28.985
6.280999999999999,0.7847198442858545,0.0296668603005458,2.907311501248916,20.224040851606723,down,up,up,down,0.0107614427533585,-0.0187167243202566,-4.116297971075321,-58.1996062231726,29.0
6.296999999999997,0.783683187005721,0.0755525227617074,2.919559257910123,20.243286653070648,down,up,up,down,0.0107614427533585,-0.0187167243202566,-4.116297971075321,-58.1996062231726,29.016
6.327999999999999,0.7822432266930175,0.057211775421211294,2.9432508988685275,20.280018332743914,down,up,up,down,0.0107614427533585,-0.0187167243202566,-4.116297971075321,-58.1996062231726,29.047
6.343999999999998,0.7804215535992522,0.12461601111369859,2.95545274952174,20.298689471094,down,up,up,down,0.0107614427533585,-0.0187167243202566,-4.116297971075321,-58.1996062231726,29.063
6.358999999999998,0.7756183012380475,0.3309782668336605,2.9668422975682165,20.31601672780696,down,up,up,down,0.0107614427533585,-0.0187167243202566,-4.116297971075321,-58.1996062231726,29.078
6.375,0.7724971049962885,0.2058362078632738,2.9789277532289686,20.334311334937787,down,up,up,down,0.0107614427533585,-0.0187167243202566,-4.116297971075321,-58.1996062231726,29.094
6.390999999999998,0.7694688801128908,0.2000254979657363,2.9909640135207165,20.352412968340992,down,up,up,down,0.0107614427533585,-0.0187167243202566,-4.116297971075321,-58.1996062231726,29.11
6.405999999999999,0.7659900584316794,0.2426828881674421,3.002199204694997,20.36920871377051,down,up,up,down,0.0107614427533585,-0.0187167243202566,-4.116297971075321,-58.1996062231726,29.125
6.437999999999999,0.7617850413729172,0.1421682258396769,3.026044671113623,20.404478346831986,down,up,up,down,0.0107614427533585,-0.0187167243202566,-4.116297971075321,-58.1996062231726,29.157
6.452999999999999,0.757687873791582,0.2839059481756995,3.037159967112553,20.420748781611415,down,up,up,down,0.0107614427533585,-0.0187167243202566,-4.116297971075321,-58.1996062231726,29.172
6.468999999999998,0.7532209569024761,0.2899437483225037,3.04894777016898,20.43792068725036,down,up,up,down,0.0107614427533585,-0.0187167243202566,-4.116297971075321,-58.1996062231726,29.188
6.483999999999998,0.7472788441791547,0.406902290974774,3.059920767812289,20.45384864278163,down,up,up,down,0.0107614427533585,-0.0187167243202566,-4.116297971075321,-58.1996062231726,29.203
6.5,0.7426247619321682,0.3016415831899816,3.071540529072057,20.470657719943766,down,up,up,down,0.0107614427533585,-0.0187167243202566,-4.116297971075321,-58.1996062231726,29.219
6.515999999999998,0.7375961258042913,0.3250512007456963,3.083082828584823,20.48728150061971,down,up,up,down,0.0107614427533585,-0.0187167243202566,-4.116297971075321,-58.1996062231726,29.235
6.546999999999997,0.7316669419171777,0.2020254391118693,3.105276187680577,20.518967172970925,down,up,up,down,0.0107614427533585,-0.0187167243202566,-4.116297971075321,-58.1996062231726,29.266
6.562999999999999,0.7258721673529127,0.3729348530198821,3.116637032965615,20.53505263474296,down,up,up,down,0.0107614427533585,-0.0187167243202566,-4.116297971075321,-58.1996062231726,29.282
6.577999999999999,0.7206929876729227,0.3560400880860149,3.1272055207635048,20.54996828515612,down,up,up,down,0.0107614427533585,-0.0187167243202566,-4.116297971075321,-58.1996062231726,29.297
6.593999999999998,0.715666680453559,0.3249056439636244,3.1383969305193915,20.56570423308306,down,up,up,down,0.0107614427533585,-0.0187167243202566,-4.116297971075321,-58.1996062231726,29.313
6.608999999999998,0.7107726496092255,0.3370301657089118,3.148814474630059,20.580294617110575,down,up,up,down,0.0107614427533585,-0.0187167243202566,-4.116297971075321,-58.1996062231726,29.328
6.625,0.7053049489213734,0.3524927357440748,3.159843627829181,20.59568611982811,down,up,up,down,0.0107614427533585,-0.0187167243202566,-4.116297971075321,-58.1996062231726,29.344
6.640999999999998,0.698245915548604,0.4519510285514923,3.170772567155815,20.61090195780543,down,up,up,down,0.0107614427533585,-0.0187167243202566,-4.116297971075321,-58.1996062231726,29.36
6.655999999999999,0.6920555565367152,0.4234520435459296,3.180919077331652,20.625008740037906,down,up,up,down,0.0107614427533585,-0.0187167243202566,-4.116297971075321,-58.1996062231726,29.375
6.671999999999997,0.6857982046856339,0.4018459334459852,3.1916424398323056,20.639889015437795,down,up,up,down,0.0107614427533585,-0.0187167243202566,-4.116297971075321,-58.1996062231726,29.391
6.702999999999999,0.6786367884602669,0.2417748693780839,3.2122109637721405,20.66823452478527,down,up,up,down,0.0107614427533585,-0.0187167243202566,-4.116297971075321,-58.1996062231726,29.422
6.718999999999998,0.6716678378580614,0.446320855391249,3.222713933193562,20.682615893146753,down,up,up,down,0.0107614427533585,-0.0187167243202566,-4.116297971075321,-58.1996062231726,29.438
6.733999999999998,0.6659527339552209,0.3917683696093753,3.232465336617358,20.695946518189295,down,up,up,down,0.0107614427533585,-0.0187167243202566,-4.116297971075321,-58.1996062231726,29.453
6.75,0.6608942585619619,0.3269161548320098,3.2427806449683727,20.710005317873815,down,up,up,down,0.0107614427533585,-0.0187167243202566,-4.116297971075321,-58.1996062231726,29.469
6.765999999999998,0.65595528551904,0.3194472579360113,3.253015973731895,20.72389971246141,down,up,up,down,0.0107614427533585,-0.0187167243202566,-4.116297971075321,-58.1996062231726,29.485
6.780999999999999,0.6505412955584209,0.3716941067946213,3.2625339472251724,20.736777557620364,down,up,up,down,0.0107614427533585,-0.0187167243202566,-4.116297971075321,-58.1996062231726,29.5
6.796999999999997,0.6438664650455266,0.4279383498092984,3.272589741720879,20.750357335645994,down,up,up,down,0.0107614427533585,-0.0187167243202566,-4.116297971075321,-58.1996062231726,29.516
6.812999999999999,0.6374007492400278,0.4148686805969893,3.2825404118460404,20.763777061954663,down,up,up,down,0.0107614427533585,-0.0187167243202566,-4.116297971075321,-58.1996062231726,29.532
6.827999999999999,0.6307817086977181,0.4520308122406525,3.29177102941577,20.776214195711326,down,up,up,down,0.0107614427533585,-0.0187167243202566,-4.116297971075321,-58.1996062231726,29.547
6.843999999999998,0.6234544415961754,0.4687156365998305,3.301505451028996,20.789328751404973,down,up,up,down,0.0107614427533585,-0.0187167243202566,-4.116297971075321,-58.1996062231726,29.563
6.858999999999998,0.6166840363936981,0.46212178958516087,3.3105257387491167,20.80148298704777,down,up,up,down,0.0107614427533585,-0.0187167243202566,-4.116297971075321,-58.1996062231726,29.578
6.875,0.6100729665345916,0.4239533089474636,3.32004032718342,20.81429922605752,down,up,up,down,0.0107614427533585,-0.0187167243202566,-4.116297971075321,-58.1996062231726,29.594
6.890999999999998,0.6040256594294586,0.3887181368242136,3.329453648602007,20.826964041788436,down,up,up,down,0.0107614427533585,-0.0187167243202566,-4.116297971075321,-58.1996062231726,29.61
6.905999999999999,0.5974156818330396,0.4514266158479427,3.3381837077966727,20.83870123118158,down,up,up,down,0.0107614427533585,-0.0187167243202566,-4.116297971075321,-58.1996062231726,29.625
6.937999999999999,0.5909727262785225,0.2121038038320185,3.3565989871482094,20.86330624313687,down,up,up,down,0.0107614427533585,-0.0187167243202566,-4.116297971075321,-58.1996062231726,29.657
6.952999999999999,0.5843468105471228,0.45248915817998847,3.365133132809598,20.874637721803317,down,up,up,down,0.0107614427533585,-0.0187167243202566,-4.116297971075321,-58.1996062231726,29.672
6.968999999999998,0.5778681262783216,0.4156792095534756,3.3741313847150765,20.88658437320033,down,up,up,down,0.0107614427533585,-0.0187167243202566,-4.116297971075321,-58.1996062231726,29.688
6.983999999999998,0.5724370029262822,0.3728363328893071,3.3824779223193073,20.8976542729637,down,up,up,down,0.0107614427533585,-0.0187167243202566,-4.116297971075321,-58.1996062231726,29.703
7.0,0.5661435644576329,0.4041013470438939,3.3912870992692556,20.909324920328196,down,up,up,down,0.0107614427533585,-0.0187167243202566,-4.116297971075321,-58.1996062231726,29.719
7.015999999999998,0.5595609768444323,0.42217316857844317,3.3999932680105474,20.920855444927163,down,up,up,down,0.0107614427533585,-0.0187167243202566,-4.116297971075321,-58.1996062231726,29.735
7.030999999999999,0.5531645126600306,0.4371923883801191,3.408057958317027,20.931539530295844,down,up,up,down,0.0107614427533585,-0.0187167243202566,-4.116297971075321,-58.1996062231726,29.75
7.062999999999999,0.5456018147516897,0.2470957523890134,3.4250392843773665,20.95393150948714,down,up,up,down,0.0107614427533585,-0.0187167243202566,-4.116297971075321,-58.1996062231726,29.782
7.077999999999999,0.5382940151584279,0.4979480823041251,3.432887752236889,20.964241526278663,down,up,up,down,0.0107614427533585,-0.0187167243202566,-4.116297971075321,-58.1996062231726,29.797
7.093999999999998,0.5311614404183516,0.4565473640081786,3.441143928292378,20.97511004037164,down,up,up,down,0.0107614427533585,-0.0187167243202566,-4.116297971075321,-58.1996062231726,29.813
7.108999999999998,0.5241059347978059,0.4811284841230532,3.4487776827416954,20.985180097855014,down,up,up,down,0.0107614427533585,-0.0187167243202566,-4.116297971075321,-58.1996062231726,29.828
7.125,0.5168051406708045,0.467061075690892,3.4568055037563212,20.995796199900234,down,up,up,down,0.0107614427533585,-0.0187167243202566,-4.116297971075321,-58.1996062231726,29.844
7.140999999999998,0.5096987842795125,0.4549087172091491,3.464718067566799,21.00628477886685,down,up,up,down,0.0107614427533585,-0.0187167243202566,-4.116297971075321,-58.1996062231726,29.86
7.155999999999999,0.5031733824648565,0.4457882303970824,3.472033857952578,21.01600360899159,down,up,up,down,0.0107614427533585,-0.0187167243202566,-4.116297971075321,-58.1996062231726,29.875
7.171999999999997,0.4965187943341931,0.4266732009198694,3.4797319277778453,21.026250250242946,down,up,up,down,0.0107614427533585,-0.0187167243202566,-4.116297971075321,-58.1996062231726,29.891
7.187999999999999,0.4920512312376512,0.2899841362871921,3.4873410203932966,21.036374434194776,down,up,up,down,0.0107614427533585,-0.0187167243202566,-4.116297971075321,-58.1996062231726,29.907
7.202999999999999,0.48467262580844483,0.5026684713671019,3.494385698456339,21.04575595336953,down,up,up,down,0.0107614427533585,-0.0187167243202566,-4.116297971075321,-58.1996062231726,29.922
7.218999999999998,0.4776696089799301,0.44844999453557377,3.501784968745521,21.055647355569114,down,up,up,down,0.0107614427533585,-0.0187167243202566,-4.116297971075321,-58.1996062231726,29.938
7.25,0.47084053019419514,0.2310543068093101,3.515906657448793,21.074478372466437,down,up,up,down,0.0107614427533585,-0.0187167243202566,-4.116297971075321,-58.1996062231726,29.969
7.280999999999999,0.4656580398540786,0.1779385504990594,3.529842166830613,21.092874502793443,down,up,up,down,0.0107614427533585,-0.0187167243202566,-4.116297971075321,-58.1996062231726,30.0
7.296999999999997,0.4580355448093467,0.4871673830491542,3.5369322479187955,21.10220107501265,down,up,up,down,0.0107614427533585,-0.0187167243202566,-4.116297971075321,-58.1996062231726,30.016
7.312999999999999,0.4492588711741216,0.5593035449548629,3.5438911356575398,21.11141525548124,down,up,up,down,0.0107614427533585,-0.0187167243202566,-4.116297971075321,-58.1996062231726,30.032
7.327999999999999,0.44216143730669444,0.4839237005818224,3.5502960371063423,21.119953321251636,down,up,up,down,0.0107614427533585,-0.0187167243202566,-4.116297971075321,-58.1996062231726,30.047
7.343999999999998,0.4352129951649193,0.445039076614353,3.5570155649769903,21.12895559597218,down,up,up,down,0.0107614427533585,-0.0187167243202566,-4.116297971075321,-58.1996062231726,30.063
7.375,0.42745725331758244,0.26094666363517327,3.5698067353745424,21.146095087420072,down,up,up,down,0.0107614427533585,-0.0187167243202566,-4.116297971075321,-58.1996062231726,30.094
7.390999999999998,0.419733406575034,0.4935018641626895,3.5762847930645583,21.154787122729765,down,up,up,down,0.0107614427533585,-0.0187167243202566,-4.116297971075321,-58.1996062231726,30.11
7.405999999999999,0.4128003079195714,0.4729680197841772,3.5822480450584644,21.162842596009973,down,up,up,down,0.0107614427533585,-0.0187167243202566,-4.116297971075321,-58.1996062231726,30.125
7.421999999999997,0.4060363092313146,0.4335113607694572,3.5884992704065466,21.171337385023456,down,up,up,down,0.0107614427533585,-0.0187167243202566,-4.116297971075321,-58.1996062231726,30.141
7.452999999999999,0.3997024310151413,0.2150800948879642,3.6004080024264398,21.187514559397876,down,up,up,down,0.0107614427533585,-0.0187167243202566,-4.116297971075321,-58.1996062231726,30.172
7.468999999999998,0.3913025011167992,0.5357570613998008,3.6064365742943703,21.19572057032132,down,up,up,down,0.0107614427533585,-0.0187167243202566,-4.116297971075321,-58.1996062231726,30.188
7.483999999999998,0.3835806856738113,0.5255491389525316,3.611967447330496,21.203327009725264,down,up,up,down,0.0107614427533585,-0.0187167243202566,-4.116297971075321,-58.1996062231726,30.203
7.5,0.3761254362637736,0.476714530880664,3.617745628716874,21.211350072654092,down,up,up,down,0.0107614427533585,-0.0187167243202566,-4.116297971075321,-58.1996062231726,30.219
7.515999999999998,0.3688579545278472,0.4649790512488082,3.6234060282540828,21.219281626935533,down,up,up,down,0.0107614427533585,-0.0187167243202566,-4.116297971075321,-58.1996062231726,30.235
7.530999999999999,0.3614192663131437,0.50667399040024,3.6286023565455863,21.22663603361567,down,up,up,down,0.0107614427533585,-0.0187167243202566,-4.116297971075321,-58.1996062231726,30.25
7.546999999999997,0.3539031624646718,0.480517933282904,3.6340254683866844,21.234395778553413,down,up,up,down,0.0107614427533585,-0.0187167243202566,-4.116297971075321,-58.1996062231726,30.266
7.577999999999999,0.3471206292227719,0.22955283765333578,3.6443111187039126,21.249186798556842,down,up,up,down,0.0107614427533585,-0.0187167243202566,-4.116297971075321,-58.1996062231726,30.297
7.593999999999998,0.341151424156699,0.38383675938295597,3.6495178275418234,21.25669693452408,down,up,up,down,0.0107614427533585,-0.0187167243202566,-4.116297971075321,-58.1996062231726,30.313
7.608999999999998,0.33534715473300913,0.3977127376660068,3.654310816018693,21.263662689263505,down,up,up,down,0.0107614427533585,-0.0187167243202566,-4.116297971075321,-58.1996062231726,30.328
7.625,0.3287192827826484,0.4250034396508585,3.6593238799296945,21.27101437923313,down,up,up,down,0.0107614427533585,-0.0187167243202566,-4.116297971075321,-58.1996062231726,30.344
7.640999999999998,0.322470718087068,0.401296736227172,3.6642339323475275,21.27828668427211,down,up,up,down,0.0107614427533585,-0.0187167243202566,-4.116297971075321,-58.1996062231726,30.36
7.655999999999999,0.3161179498595228,0.4342793245896937,3.668742596492323,21.285033829871942,down,up,up,down,0.0107614427533585,-0.0187167243202566,-4.116297971075321,-58.1996062231726,30.375
7.671999999999997,0.3099284609975239,0.3976044966283312,3.673451500190055,21.292157044635694,down,up,up,down,0.0107614427533585,-0.0187167243202566,-4.116297971075321,-58.1996062231726,30.391
7.687999999999999,0.3039711557349935,0.383093021661464,3.6780632295347915,21.299205694335107,down,up,up,down,0.0107614427533585,-0.0187167243202566,-4.116297971075321,-58.1996062231726,30.407
7.702999999999999,0.2979091405561362,0.4148957880104961,3.6822965808921713,21.30574746532303,down,up,up,down,0.0107614427533585,-0.0187167243202566,-4.116297971075321,-58.1996062231726,30.422
7.718999999999998,0.2919867028269767,0.3809138008258723,3.6867162800501116,21.3126561299727,down,up,up,down,0.0107614427533585,-0.0187167243202566,-4.116297971075321,-58.1996062231726,30.438
7.733999999999998,0.2856732447138359,0.4316586502960604,3.690767978791864,21.319069467597522,down,up,up,down,0.0107614427533585,-0.0187167243202566,-4.116297971075321,-58.1996062231726,30.453
7.75,0.2789955185077399,0.4281193306343098,3.694985861308513,21.32584420441392,down,up,up,down,0.0107614427533585,-0.0187167243202566,-4.116297971075321,-58.1996062231726,30.469
7.780999999999999,0.2724883725013995,0.2206693784417663,3.7029536431652263,21.338781379197904,down,up,up,down,0.0107614427533585,-0.0187167243202566,-4.116297971075321,-58.1996062231726,30.5
7.796999999999997,0.266206090759697,0.4034040516098101,3.7069637312821904,21.345362807739527,down,up,up,down,0.0107614427533585,-0.0187167243202566,-4.116297971075321,-58.1996062231726,30.516
7.812999999999999,0.2608941588002977,0.342757190215776,3.710881065689547,21.35188081690095,down,up,up,down,0.0107614427533585,-0.0187167243202566,-4.116297971075321,-58.1996062231726,30.532
7.827999999999999,0.2560364117297808,0.3346112474544724,3.7144772941037187,21.35793509876863,down,up,up,down,0.0107614427533585,-0.0187167243202566,-4.116297971075321,-58.1996062231726,30.547
7.843999999999998,0.2512955761499604,0.3070636664921669,3.718236482417632,21.364334156093655,down,up,up,down,0.0107614427533585,-0.0187167243202566,-4.116297971075321,-58.1996062231726,30.563
7.858999999999998,0.24711520769810658,0.2894526728769324,3.721693812431689,21.37027914844841,down,up,up,down,0.0107614427533585,-0.0187167243202566,-4.116297971075321,-58.1996062231726,30.578
7.875,0.24291594440270348,0.2732153987160228,3.7253145940593715,21.37656384873369,down,up,up,down,0.0107614427533585,-0.0187167243202566,-4.116297971075321,-58.1996062231726,30.594
7.890999999999998,0.23721616669225998,0.3669975496561164,3.728856183359007,21.382791250051547,down,up,up,down,0.0107614427533585,-0.0187167243202566,-4.116297971075321,-58.1996062231726,30.61
7.921999999999997,0.23138747722032518,0.1987836837835213,3.735539321385724,21.394698356831334,down,up,up,down,0.0107614427533585,-0.0187167243202566,-4.116297971075321,-58.1996062231726,30.641
7.937999999999999,0.22569184490892089,0.3667384622160907,3.738896488373634,21.40076363789047,down,up,up,down,0.0107614427533585,-0.0187167243202566,-4.116297971075321,-58.1996062231726,30.657
7.952999999999999,0.22012797234246048,0.3816862805173713,3.7419593861382157,21.406401688397757,down,up,up,down,0.0107614427533585,-0.0187167243202566,-4.116297971075321,-58.1996062231726,30.672
7.968999999999998,0.2160878372635117,0.2632698851876823,3.745149645025939,21.41236558368565,down,up,up,down,0.0107614427533585,-0.0187167243202566,-4.116297971075321,-58.1996062231726,30.688
7.983999999999998,0.2107937030115287,0.3637037262188782,3.748070505713198,21.41791090212123,down,up,up,down,0.0107614427533585,-0.0187167243202566,-4.116297971075321,-58.1996062231726,30.703
8.0,0.2056048358512079,0.3350656402733755,3.751102226434976,21.423778287801248,down,up,up,down,0.0107614427533585,-0.0187167243202566,-4.116297971075321,-58.1996062231726,30.719
8.015999999999998,0.2012498923951433,0.2829454087574244,3.7540575966718226,21.429597776753603,down,up,up,down,0.0107614427533585,-0.0187167243202566,-4.116297971075321,-58.1996062231726,30.735
8.030999999999999,0.1972345393120828,0.2784516482907114,3.756765479044823,21.435011073251864,down,up,up,down,0.0107614427533585,-0.0187167243202566,-4.116297971075321,-58.1996062231726,30.75
8.046999999999997,0.19329579059891688,0.25693323732625484,3.7595902540949866,21.44074099492395,down,up,up,down,0.0107614427533585,-0.0187167243202566,-4.116297971075321,-58.1996062231726,30.766
8.062999999999999,0.18922832071174858,0.2649783107013506,3.762350979396348,21.44642623259322,down,up,up,down,0.0107614427533585,-0.0187167243202566,-4.116297971075321,-58.1996062231726,30.782
8.093999999999998,0.1858171318596344,0.12079979282156339,3.7675839654572765,21.457317478051316,down,up,up,down,0.0107614427533585,-0.0187167243202566,-4.116297971075321,-58.1996062231726,30.813
8.108999999999998,0.1823087602554149,0.2446528830346471,3.7700641587833355,21.46252958668564,down,up,up,down,0.0107614427533585,-0.0187167243202566,-4.116297971075321,-58.1996062231726,30.828
8.125,0.1768049839928291,0.3547474591649326,3.7726376011481975,21.468048740143395,down,up,up,down,0.0107614427533585,-0.0187167243202566,-4.116297971075321,-58.1996062231726,30.844
8.140999999999998,0.17224413746810888,0.2958143505484036,3.7751305265307606,21.473527362659162,down,up,up,down,0.0107614427533585,-0.0187167243202566,-4.116297971075321,-58.1996062231726,30.86
8.155999999999999,0.16781864420455858,0.3057943269900374,3.777400246528502,21.47862785142734,down,up,up,down,0.0107614427533585,-0.0187167243202566,-4.116297971075321,-58.1996062231726,30.875
8.171999999999997,0.163635664584385,0.2721976690142345,3.7797524134096894,21.484031397685037,down,up,up,down,0.0107614427533585,-0.0187167243202566,-4.116297971075321,-58.1996062231726,30.891
8.187999999999999,0.1596607325349648,0.2591946958420952,3.78203931699752,21.489397831378987,down,up,up,down,0.0107614427533585,-0.0187167243202566,-4.116297971075321,-58.1996062231726,30.907
8.203,0.155758058892081,0.2709396856122666,3.784124207068419,21.49439607451462,down,up,up,down,0.0107614427533585,-0.0187167243202566,-4.116297971075321,-58.1996062231726,30.922
8.218999999999998,0.15049274693381418,0.3398434401450728,3.786274745925902,21.499693650427865,down,up,up,down,0.0107614427533585,-0.0187167243202566,-4.116297971075321,-58.1996062231726,30.938
8.233999999999998,0.14677613276056248,0.2585357209701252,3.7882235116588063,21.504629383062117,down,up,up,down,0.0107614427533585,-0.0187167243202566,-4.116297971075321,-58.1996062231726,30.953
8.25,0.14316267725818568,0.2366024116518828,3.790243554549832,21.50986241406965,down,up,up,down,0.0107614427533585,-0.0187167243202566,-4.116297971075321,-58.1996062231726,30.969
8.265999999999998,0.13999443342746248,0.208776682173582,3.792209343846193,21.51506355841969,down,up,up,down,0.0107614427533585,-0.0187167243202566,-4.116297971075321,-58.1996062231726,30.985
8.280999999999999,0.1376566389579156,0.1666144073898092,3.7940109760242797,21.519911375586794,down,up,up,down,0.0107614427533585,-0.0187167243202566,-4.116297971075321,-58.1996062231726,31.0
8.296999999999997,0.1355233908098636,0.1440894520066261,3.7958969486732976,21.525052879726424,down,up,up,down,0.0107614427533585,-0.0187167243202566,-4.116297971075321,-58.1996062231726,31.016
8.312999999999999,0.1334451251225772,0.140653048208745,3.7977492292116333,21.53016447784055,down,up,up,down,0.0107614427533585,-0.0187167243202566,-4.116297971075321,-58.1996062231726,31.032
8.328,0.1305675038406199,0.2026028615505,3.7994485730640535,21.534929963889617,down,up,up,down,0.0107614427533585,-0.0187167243202566,-4.116297971075321,-58.1996062231726,31.047
8.343999999999998,0.1274138275959231,0.2078662080469344,3.801212956126421,21.539985439193295,down,up,up,down,0.0107614427533585,-0.0187167243202566,-4.116297971075321,-58.1996062231726,31.063
8.358999999999998,0.1243336210985503,0.2161085425781992,3.802820311126826,21.544699659255024,down,up,up,down,0.0107614427533585,-0.0187167243202566,-4.116297971075321,-58.1996062231726,31.078
8.390999999999998,0.1235365337147893,0.0356704234958913,3.8061872984255913,21.554677072576588,down,up,up,down,0.0107614427533585,-0.0187167243202566,-4.116297971075321,-58.1996062231726,31.11
8.405999999999999,0.1215173622174034,0.14537287591240938,3.807744451780279,21.55931705401617,down,up,up,down,0.0107614427533585,-0.0187167243202566,-4.116297971075321,-58.1996062231726,31.125
8.421999999999997,0.1195683664018165,0.1325736812275556,3.8093736700201086,21.56424087657897,down,up,up,down,0.0107614427533585,-0.0187167243202566,-4.116297971075321,-58.1996062231726,31.141
8.437999999999999,0.1172527670576286,0.1554864017650861,3.81096877149866,21.56913890458403,down,up,up,down,0.0107614427533585,-0.0187167243202566,-4.116297971075321,-58.1996062231726,31.157
8.453,0.1144282807316017,0.1990605311551475,3.8124256284922753,21.573707916150234,down,up,up,down,0.0107614427533585,-0.0187167243202566,-4.116297971075321,-58.1996062231726,31.172
8.468999999999998,0.1127942178596104,0.1128903722528262,3.813943940891881,21.57855772713237,down,up,up,down,0.0107614427533585,-0.0187167243202566,-4.116297971075321,-58.1996062231726,31.188
8.483999999999998,0.1110290002941436,0.128442613784472,3.8153418641632304,21.583082553160587,down,up,up,down,0.0107614427533585,-0.0187167243202566,-4.116297971075321,-58.1996062231726,31.203
8.5,0.1086461035441672,0.1596924896268657,3.816799797404813,21.587886187405253,down,up,up,down,0.0107614427533585,-0.0187167243202566,-4.116297971075321,-58.1996062231726,31.219
8.530999999999999,0.1063210054587955,0.0857646067976109,3.8195515691404305,21.59712797832713,down,up,up,down,0.0107614427533585,-0.0187167243202566,-4.116297971075321,-58.1996062231726,31.25
8.562999999999999,0.105547836276246,0.0349229797080284,3.8223425354299434,21.60657920772841,down,up,up,down,0.0107614427533585,-0.0187167243202566,-4.116297971075321,-58.1996062231726,31.282
8.578,0.1047779479376931,0.0620873319902205,3.823639227946744,21.61097881406922,down,up,up,down,0.0107614427533585,-0.0187167243202566,-4.116297971075321,-58.1996062231726,31.297
8.593999999999998,0.10200315881006,0.1841857632304445,3.8249940092116015,21.615650515709156,down,up,up,down,0.0107614427533585,-0.0187167243202566,-4.116297971075321,-58.1996062231726,31.313
8.608999999999998,0.1008138015504265,0.0900519267289247,3.8262343855495016,21.62001077231458,down,up,up,down,0.0107614427533585,-0.0187167243202566,-4.116297971075321,-58.1996062231726,31.328
8.640999999999998,0.09726436244268831,0.12168141487017689,3.828804700995143,21.629251682004274,down,up,up,down,0.0107614427533585,-0.0187167243202566,-4.116297971075321,-58.1996062231726,31.36
8.655999999999999,0.0947082172374393,0.1811711231032813,3.8304637444779406,21.633551638229356,down,up,up,down,0.0107614427533585,-0.0187167243202566,-4.116297971075321,-58.1996062231726,31.375
8.671999999999997,0.0902455426498516,0.2896786044776239,3.8321439069679144,21.638111544554995,down,up,up,down,0.0107614427533585,-0.0187167243202566,-4.116297971075321,-58.1996062231726,31.391
8.687999999999999,0.08589519689720851,0.28265805229351787,3.833753565295167,21.642645132314094,down,up,up,down,0.0107614427533585,-0.0187167243202566,-4.116297971075321,-58.1996062231726,31.407
8.703,0.08350873571780851,0.1698588547133525,3.835243343924976,21.646872125061073,down,up,up,down,0.0107614427533585,-0.0187167243202566,-4.116297971075321,-58.1996062231726,31.422
8.718999999999998,0.0814690103334427,0.1382442792762356,3.8367636983042614,21.65135683626044,down,up,up,down,0.0107614427533585,-0.0187167243202566,-4.116297971075321,-58.1996062231726,31.438
8.733999999999998,0.0794794117107482,0.1434013509329897,3.838190060604789,21.655539152634752,down,up,up,down,0.0107614427533585,-0.0187167243202566,-4.116297971075321,-58.1996062231726,31.453
8.75,0.0786530388087687,0.0624097491270721,3.8396556526198213,21.659977154466155,down,up,up,down,0.0107614427533585,-0.0187167243202566,-4.116297971075321,-58.1996062231726,31.469
8.765999999999998,0.0771416578145931,0.1052227548893427,3.841102542603684,21.664391856441576,down,up,up,down,0.0107614427533585,-0.0187167243202566,-4.116297971075321,-58.1996062231726,31.485
8.780999999999999,0.0748437642693513,0.1639543457694721,3.84246168240451,21.66850959432015,down,up,up,down,0.0107614427533585,-0.0187167243202566,-4.116297971075321,-58.1996062231726,31.5
8.812999999999999,0.074100594572398,0.033985495783149605,3.8447458569677293,21.6772358087646,down,up,up,down,0.0107614427533585,-0.0187167243202566,-4.116297971075321,-58.1996062231726,31.532
8.828,0.0724252497845849,0.1224510952742249,3.8460640499356034,21.681299204028953,down,up,up,down,0.0107614427533585,-0.0187167243202566,-4.116297971075321,-58.1996062231726,31.547
8.843999999999998,0.0708364476972622,0.11006157321103839,3.8474106759263336,21.68561217375926,down,up,up,down,0.0107614427533585,-0.0187167243202566,-4.116297971075321,-58.1996062231726,31.563
8.858999999999998,0.06849627096088,0.1667732251788329,3.848674920451466,21.68963600135256,down,up,up,down,0.0107614427533585,-0.0187167243202566,-4.116297971075321,-58.1996062231726,31.578
8.875,0.0680183162526972,0.040633612014779705,3.8499675695600506,21.693907628969676,down,up,up,down,0.0107614427533585,-0.0187167243202566,-4.116297971075321,-58.1996062231726,31.594
8.890999999999998,0.0676018074094191,0.036793245458245805,3.8512530629602235,21.698158631446724,down,up,up,down,0.0107614427533585,-0.0187167243202566,-4.116297971075321,-58.1996062231726,31.61
8.905999999999999,0.0648724932629835,0.1927157191823858,3.8524658693504623,21.70212520902053,down,up,up,down,0.0107614427533585,-0.0187167243202566,-4.116297971075321,-58.1996062231726,31.625
8.921999999999997,0.0641362447568116,0.056776974389109294,3.8536984716654965,21.706336661829603,down,up,up,down,0.0107614427533585,-0.0187167243202566,-4.116297971075321,-58.1996062231726,31.641
8.937999999999999,0.062274602427477094,0.1271140883367517,3.854910290853847,21.710528559266656,down,up,up,down,0.0107614427533585,-0.0187167243202566,-4.116297971075321,-58.1996062231726,31.657
8.953,0.0604426821193903,0.1328894632924715,3.856049919623145,21.714440827254215,down,up,up,down,0.0107614427533585,-0.0187167243202566,-4.116297971075321,-58.1996062231726,31.672
8.968999999999998,0.059584946045635606,0.0643699473630345,3.857210673059341,21.71859551004996,down,up,up,down,0.0107614427533585,-0.0187167243202566,-4.116297971075321,-58.1996062231726,31.688
8.983999999999998,0.0568623759944806,0.1922661128303556,3.8583032771098376,21.722473624989824,down,up,up,down,0.0107614427533585,-0.0187167243202566,-4.116297971075321,-58.1996062231726,31.703
9.0,0.0541973795267089,0.1773237219890667,3.859392287564883,21.726592828009636,down,up,up,down,0.0107614427533585,-0.0187167243202566,-4.116297971075321,-58.1996062231726,31.719
9.015999999999998,0.0533041054466956,0.0665910727542011,3.860452831855546,21.730694834591482,down,up,up,down,0.0107614427533585,-0.0187167243202566,-4.116297971075321,-58.1996062231726,31.735
9.046999999999997,0.0522301303394314,0.045405801052203196,3.8620083940563035,21.738601922693185,down,up,up,down,0.0107614427533585,-0.0187167243202566,-4.116297971075321,-58.1996062231726,31.766
9.062999999999999,0.05118405543595719,0.0761411242204882,3.863036239953382,21.742662333158314,down,up,up,down,0.0107614427533585,-0.0187167243202566,-4.116297971075321,-58.1996062231726,31.782
9.093999999999998,0.0490962488590973,0.0781100420069068,3.864510366216028,21.750490597866026,down,up,up,down,0.0107614427533585,-0.0187167243202566,-4.116297971075321,-58.1996062231726,31.813
9.108999999999998,0.0482703754070499,0.0658196728898518,3.8654598650332197,21.754260290697793,down,up,up,down,0.0107614427533585,-0.0187167243202566,-4.116297971075321,-58.1996062231726,31.828
9.125,0.047910148344477904,0.0332756341641056,3.8664298416341083,21.75826594058166,down,up,up,down,0.0107614427533585,-0.0187167243202566,-4.116297971075321,-58.1996062231726,31.844
9.140999999999998,0.0478132899215779,0.0168150941846073,3.8673961615511123,21.76225610009339,down,up,up,down,0.0107614427533585,-0.0187167243202566,-4.116297971075321,-58.1996062231726,31.86
9.155999999999999,0.0477242121517402,0.016699960742537302,3.8683319419518583,21.76598260888324,down,up,up,down,0.0107614427533585,-0.0187167243202566,-4.116297971075321,-58.1996062231726,31.875
9.171999999999997,0.0464484279630194,0.0904979545484149,3.8692858554836524,21.769942434040964,down,up,up,down,0.0107614427533585,-0.0187167243202566,-4.116297971075321,-58.1996062231726,31.891
9.187999999999999,0.046854761282784,0.014634389731925199,3.870232813408495,21.773887052227032,down,up,up,down,0.0107614427533585,-0.0187167243202566,-4.116297971075321,-58.1996062231726,31.907
9.218999999999998,0.0453143718363886,0.0604514248951491,3.8715812165179138,21.781494171866505,down,up,up,down,0.0107614427533585,-0.0187167243202566,-4.116297971075321,-58.1996062231726,31.938
9.25,0.0437081660723865,0.0625745319147111,3.8728808474015723,21.789060246979084,down,up,up,down,0.0107614427533585,-0.0187167243202566,-4.116297971075321,-58.1996062231726,31.969
9.265999999999998,0.0420111757570413,0.1168233374624454,3.873767134547083,21.7929478306607,down,up,up,down,0.0107614427533585,-0.0187167243202566,-4.116297971075321,-58.1996062231726,31.985
9.280999999999999,0.0403564031472889,0.1210796167368504,3.874604140524062,21.7965795156638,down,up,up,down,0.0107614427533585,-0.0187167243202566,-4.116297971075321,-58.1996062231726,32.0
9.296999999999997,0.0372089374138564,0.2074780510929112,3.8754251956594272,21.80044004851154,down,up,up,down,0.0107614427533585,-0.0187167243202566,-4.116297971075321,-58.1996062231726,32.016
9.312999999999995,0.0361294600219767,0.0782287797458431,3.8762124352497898,21.804287715001472,down,up,up,down,0.0107614427533585,-0.0187167243202566,-4.116297971075321,-58.1996062231726,32.032
9.327999999999996,0.0350827777096576,0.0805402635746352,3.876965776167973,21.807883347981964,down,up,up,down,0.0107614427533585,-0.0187167243202566,-4.116297971075321,-58.1996062231726,32.047
