timestamps,aAcc,aJerk,aVelocity,aHeight,jerks_direction,accelerations_direction,velocities_direction,heights_direction,start_jerks,start_accelerations,start_velocities,start_heights,actual_timestamps
0.0,0.0,0.0,0.0,0.0,up,down,down,down,-0.0146569666668826,-0.0048386208739028,-3.625290961769417e-05,0.0009449667526799,3.266
0.016000000000000014,0.0,0.0141067361144932,0.0,0.0,up,down,down,down,-0.0146569666668826,-0.0048386208739028,-3.625290961769417e-05,0.0009449667526799,3.282
0.03100000000000014,0.0,0.020013115297517002,0.0,0.0,up,down,down,down,-0.0146569666668826,-0.0048386208739028,-3.625290961769417e-05,0.0009449667526799,3.297
0.04700000000000015,0.0,0.06477155252123751,0.0,0.0,up,down,down,down,-0.0146569666668826,-0.0048386208739028,-3.625290961769417e-05,0.0009449667526799,3.313
0.06199999999999983,0.0,0.0678618618407846,0.0,0.0,up,down,down,down,-0.0146569666668826,-0.0048386208739028,-3.625290961769417e-05,0.0009449667526799,3.328
0.07799999999999985,0.0,0.0378241962479495,0.0,0.0,up,down,down,down,-0.0146569666668826,-0.0048386208739028,-3.625290961769417e-05,0.0009449667526799,3.344
0.09399999999999986,0.0,0.0299791192855623,0.0,0.0,up,down,down,down,-0.0146569666668826,-0.0048386208739028,-3.625290961769417e-05,0.0009449667526799,3.36
0.10899999999999999,0.0,0.0311800623854816,0.0,0.0,up,down,down,down,-0.0146569666668826,-0.0048386208739028,-3.625290961769417e-05,0.0009449667526799,3.375
0.14100000000000001,0.0,0.0,0.0,0.0,up,down,down,down,-0.0146569666668826,-0.0048386208739028,-3.625290961769417e-05,0.0009449667526799,3.407
0.15600000000000014,0.0,0.0389224097680207,0.0,0.0,up,down,down,down,-0.0146569666668826,-0.0048386208739028,-3.625290961769417e-05,0.0009449667526799,3.422
0.17200000000000015,0.0,0.0,0.0,0.0,up,down,down,down,-0.0146569666668826,-0.0048386208739028,-3.625290961769417e-05,0.0009449667526799,3.438
0.20299999999999985,0.0,0.0,0.0,0.0,up,down,down,down,-0.0146569666668826,-0.0048386208739028,-3.625290961769417e-05,0.0009449667526799,3.469
0.21899999999999986,0.0,0.0228814615164894,0.0,0.0,up,down,down,down,-0.0146569666668826,-0.0048386208739028,-3.625290961769417e-05,0.0009449667526799,3.485
0.23399999999999999,0.0,0.073853829111161,0.0,0.0,up,down,down,down,-0.0146569666668826,-0.0048386208739028,-3.625290961769417e-05,0.0009449667526799,3.5
0.25,0.0,0.0648145055079142,0.0,0.0,up,down,down,down,-0.0146569666668826,-0.0048386208739028,-3.625290961769417e-05,0.0009449667526799,3.516
0.266,0.0,0.0363110538456843,0.0,0.0,up,down,down,down,-0.0146569666668826,-0.0048386208739028,-3.625290961769417e-05,0.0009449667526799,3.532
0.28100000000000014,0.0,0.053905470617873395,0.0,0.0,up,down,down,down,-0.0146569666668826,-0.0048386208739028,-3.625290961769417e-05,0.0009449667526799,3.547
0.29700000000000015,0.0,0.0500889829105575,0.0,0.0,up,down,down,down,-0.0146569666668826,-0.0048386208739028,-3.625290961769417e-05,0.0009449667526799,3.563
0.31199999999999983,0.0,0.0395901365979386,0.0,0.0,up,down,down,down,-0.0146569666668826,-0.0048386208739028,-3.625290961769417e-05,0.0009449667526799,3.578
0.32799999999999985,0.0,0.0400911527917667,0.0,0.0,up,down,down,down,-0.0146569666668826,-0.0048386208739028,-3.625290961769417e-05,0.0009449667526799,3.594
0.34399999999999986,0.0,0.0385298122676745,0.0,0.0,up,down,down,down,-0.0146569666668826,-0.0048386208739028,-3.625290961769417e-05,0.0009449667526799,3.61
0.359,0.0,0.0548881327271864,0.0,0.0,up,down,down,down,-0.0146569666668826,-0.0048386208739028,-3.625290961769417e-05,0.0009449667526799,3.625
0.375,0.0,0.0,0.0,0.0,up,down,down,down,-0.0146569666668826,-0.0048386208739028,-3.625290961769417e-05,0.0009449667526799,3.641
0.391,0.0,0.1205804955698117,0.0,0.0,up,down,down,down,-0.0146569666668826,-0.0048386208739028,-3.625290961769417e-05,0.0009449667526799,3.657
0.40600000000000014,0.0,0.1227748685686314,0.0,0.0,up,down,down,down,-0.0146569666668826,-0.0048386208739028,-3.625290961769417e-05,0.0009449667526799,3.672
0.42200000000000015,0.0,0.0130386649260471,0.0,0.0,up,down,down,down,-0.0146569666668826,-0.0048386208739028,-3.625290961769417e-05,0.0009449667526799,3.688
0.43699999999999983,0.0,0.0,0.0,0.0,up,down,down,down,-0.0146569666668826,-0.0048386208739028,-3.625290961769417e-05,0.0009449667526799,3.703
0.46899999999999986,0.0,0.0,0.0,0.0,up,down,down,down,-0.0146569666668826,-0.0048386208739028,-3.625290961769417e-05,0.0009449667526799,3.735
0.484,0.0,0.0677281621896603,0.0,0.0,up,down,down,down,-0.0146569666668826,-0.0048386208739028,-3.625290961769417e-05,0.0009449667526799,3.75
0.5,0.0,0.0596228387516374,0.0,0.0,up,down,down,down,-0.0146569666668826,-0.0048386208739028,-3.625290961769417e-05,0.0009449667526799,3.766
0.516,0.0,0.0253112441110138,0.0,0.0,up,down,down,down,-0.0146569666668826,-0.0048386208739028,-3.625290961769417e-05,0.0009449667526799,3.782
0.5310000000000001,0.0,0.0308299976147793,0.0,0.0,up,down,down,down,-0.0146569666668826,-0.0048386208739028,-3.625290961769417e-05,0.0009449667526799,3.797
0.5470000000000002,0.0,0.0202575511484605,0.0,0.0,up,down,down,down,-0.0146569666668826,-0.0048386208739028,-3.625290961769417e-05,0.0009449667526799,3.813
0.5779999999999998,0.0,0.0,0.0,0.0,up,down,down,down,-0.0146569666668826,-0.0048386208739028,-3.625290961769417e-05,0.0009449667526799,3.844
0.5939999999999999,0.0,0.0632161987168209,0.0,0.0,up,down,down,down,-0.0146569666668826,-0.0048386208739028,-3.625290961769417e-05,0.0009449667526799,3.86
0.609,0.0,0.0860619888122807,0.0,0.0,up,down,down,down,-0.0146569666668826,-0.0048386208739028,-3.625290961769417e-05,0.0009449667526799,3.875
0.625,0.0,0.080874764823736,0.0,0.0,up,down,down,down,-0.0146569666668826,-0.0048386208739028,-3.625290961769417e-05,0.0009449667526799,3.891
0.641,0.0,0.024398831075555003,0.0,0.0,up,down,down,down,-0.0146569666668826,-0.0048386208739028,-3.625290961769417e-05,0.0009449667526799,3.907
0.6560000000000001,0.0,0.041937824756304,0.0,0.0,up,down,down,down,-0.0146569666668826,-0.0048386208739028,-3.625290961769417e-05,0.0009449667526799,3.922
0.6720000000000002,0.0,0.038151925697639,0.0,0.0,up,down,down,down,-0.0146569666668826,-0.0048386208739028,-3.625290961769417e-05,0.0009449667526799,3.938
0.6869999999999998,0.0,0.06949065776949451,0.0,0.0,up,down,down,down,-0.0146569666668826,-0.0048386208739028,-3.625290961769417e-05,0.0009449667526799,3.953
0.7029999999999998,0.0,0.056370513546311896,0.0,0.0,up,down,down,down,-0.0146569666668826,-0.0048386208739028,-3.625290961769417e-05,0.0009449667526799,3.969
0.7189999999999999,0.0,0.0526583733752351,0.0,0.0,up,down,down,down,-0.0146569666668826,-0.0048386208739028,-3.625290961769417e-05,0.0009449667526799,3.985
0.734,0.0,0.026550938818643004,0.0,0.0,up,down,down,down,-0.0146569666668826,-0.0048386208739028,-3.625290961769417e-05,0.0009449667526799,4.0
0.75,0.0,0.0,0.0,0.0,up,down,down,down,-0.0146569666668826,-0.0048386208739028,-3.625290961769417e-05,0.0009449667526799,4.016
0.766,0.0,0.0,0.0,0.0,up,down,down,down,-0.0146569666668826,-0.0048386208739028,-3.625290961769417e-05,0.0009449667526799,4.032
0.7809999999999997,0.0,0.0659940769781876,0.0,0.0,up,down,down,down,-0.0146569666668826,-0.0048386208739028,-3.625290961769417e-05,0.0009449667526799,4.047
0.7969999999999997,0.0,0.0208488001581009,0.0,0.0,up,down,down,down,-0.0146569666668826,-0.0048386208739028,-3.625290961769417e-05,0.0009449667526799,4.063
0.8280000000000003,0.0,0.0,0.0,0.0,up,down,down,down,-0.0146569666668826,-0.0048386208739028,-3.625290961769417e-05,0.0009449667526799,4.094
0.8440000000000003,0.0,0.0287485827623288,0.0,0.0,up,down,down,down,-0.0146569666668826,-0.0048386208739028,-3.625290961769417e-05,0.0009449667526799,4.11
0.859,0.0,0.07359425615018,0.0,0.0,up,down,down,down,-0.0146569666668826,-0.0048386208739028,-3.625290961769417e-05,0.0009449667526799,4.125
0.875,0.0,0.046941010360591395,0.0,0.0,up,down,down,down,-0.0146569666668826,-0.0048386208739028,-3.625290961769417e-05,0.0009449667526799,4.141
0.891,0.0,0.08445613439175349,0.0,0.0,up,down,down,down,-0.0146569666668826,-0.0048386208739028,-3.625290961769417e-05,0.0009449667526799,4.157
0.9219999999999997,0.0,0.031119777222241102,0.0,0.0,up,down,down,down,-0.0146569666668826,-0.0048386208739028,-3.625290961769417e-05,0.0009449667526799,4.188
0.9370000000000003,0.0,0.0770294150537487,0.0,0.0,up,down,down,down,-0.0146569666668826,-0.0048386208739028,-3.625290961769417e-05,0.0009449667526799,4.203
0.9530000000000003,0.0,0.0517190827949663,0.0,0.0,up,down,down,down,-0.0146569666668826,-0.0048386208739028,-3.625290961769417e-05,0.0009449667526799,4.219
0.9690000000000003,0.0,0.0500825901430199,0.0,0.0,up,down,down,down,-0.0146569666668826,-0.0048386208739028,-3.625290961769417e-05,0.0009449667526799,4.235
0.984,0.0,0.0534851145828573,0.0,0.0,up,down,down,down,-0.0146569666668826,-0.0048386208739028,-3.625290961769417e-05,0.0009449667526799,4.25
1.016,0.0,0.0,0.0,0.0,up,down,down,down,-0.0146569666668826,-0.0048386208739028,-3.625290961769417e-05,0.0009449667526799,4.282
1.0309999999999997,0.0,0.022568202267777004,0.0,0.0,up,down,down,down,-0.0146569666668826,-0.0048386208739028,-3.625290961769417e-05,0.0009449667526799,4.297
1.0469999999999997,0.0,0.0190998440578228,0.0,0.0,up,down,down,down,-0.0146569666668826,-0.0048386208739028,-3.625290961769417e-05,0.0009449667526799,4.313
1.0620000000000003,0.0,0.030417779756945602,0.0,0.0,up,down,down,down,-0.0146569666668826,-0.0048386208739028,-3.625290961769417e-05,0.0009449667526799,4.328
1.0780000000000003,0.0,0.0167669948258573,0.0,0.0,up,down,down,down,-0.0146569666668826,-0.0048386208739028,-3.625290961769417e-05,0.0009449667526799,4.344
1.0940000000000003,0.0,0.0180728662909311,0.0,0.0,up,down,down,down,-0.0146569666668826,-0.0048386208739028,-3.625290961769417e-05,0.0009449667526799,4.36
1.109,0.0,0.0324825459214504,0.0,0.0,up,down,down,down,-0.0146569666668826,-0.0048386208739028,-3.625290961769417e-05,0.0009449667526799,4.375
1.141,0.0,0.0114970014909687,0.0,0.0,up,down,down,down,-0.0146569666668826,-0.0048386208739028,-3.625290961769417e-05,0.0009449667526799,4.407
1.1559999999999997,0.0,0.048441913237730595,0.0,0.0,up,down,down,down,-0.0146569666668826,-0.0048386208739028,-3.625290961769417e-05,0.0009449667526799,4.422
1.1719999999999997,0.0,0.0857161752979238,0.0,0.0,up,down,down,down,-0.0146569666668826,-0.0048386208739028,-3.625290961769417e-05,0.0009449667526799,4.438
1.1870000000000003,0.0,0.0937504201533395,0.0,0.0,up,down,down,down,-0.0146569666668826,-0.0048386208739028,-3.625290961769417e-05,0.0009449667526799,4.453
1.2030000000000003,0.0,0.0855759058533087,0.0,0.0,up,down,down,down,-0.0146569666668826,-0.0048386208739028,-3.625290961769417e-05,0.0009449667526799,4.469
1.2190000000000003,0.0,0.013887420494161999,0.0,0.0,up,down,down,down,-0.0146569666668826,-0.0048386208739028,-3.625290961769417e-05,0.0009449667526799,4.485
1.234,0.0,0.0543285409255503,0.0,0.0,up,down,down,down,-0.0146569666668826,-0.0048386208739028,-3.625290961769417e-05,0.0009449667526799,4.5
1.266,0.0,0.0316808659891707,0.0,0.0,up,down,down,down,-0.0146569666668826,-0.0048386208739028,-3.625290961769417e-05,0.0009449667526799,4.532
1.2809999999999997,0.0,0.0698148028276671,0.0,0.0,up,down,down,down,-0.0146569666668826,-0.0048386208739028,-3.625290961769417e-05,0.0009449667526799,4.547
1.2969999999999997,0.0,0.0310752326258776,0.0,0.0,up,down,down,down,-0.0146569666668826,-0.0048386208739028,-3.625290961769417e-05,0.0009449667526799,4.563
1.3120000000000003,0.0,0.0204262701484599,0.0,0.0,up,down,down,down,-0.0146569666668826,-0.0048386208739028,-3.625290961769417e-05,0.0009449667526799,4.578
1.3440000000000003,0.0,0.0,0.0,0.0,up,down,down,down,-0.0146569666668826,-0.0048386208739028,-3.625290961769417e-05,0.0009449667526799,4.61
1.359,0.0,0.043440297441999204,0.0,0.0,up,down,down,down,-0.0146569666668826,-0.0048386208739028,-3.625290961769417e-05,0.0009449667526799,4.625
1.375,0.0,0.0314928945519866,0.0,0.0,up,down,down,down,-0.0146569666668826,-0.0048386208739028,-3.625290961769417e-05,0.0009449667526799,4.641
1.391,0.0,0.0,0.0,0.0,up,down,down,down,-0.0146569666668826,-0.0048386208739028,-3.625290961769417e-05,0.0009449667526799,4.657
1.4059999999999997,0.0,0.0,0.0,0.0,up,down,down,down,-0.0146569666668826,-0.0048386208739028,-3.625290961769417e-05,0.0009449667526799,4.672
1.4219999999999997,0.0,0.0764043617102239,0.0,0.0,up,down,down,down,-0.0146569666668826,-0.0048386208739028,-3.625290961769417e-05,0.0009449667526799,4.688
1.4530000000000003,0.0,0.025894466616471802,0.0,0.0,up,down,down,down,-0.0146569666668826,-0.0048386208739028,-3.625290961769417e-05,0.0009449667526799,4.719
1.4690000000000003,0.0,0.054568055895242204,0.0,0.0,up,down,down,down,-0.0146569666668826,-0.0048386208739028,-3.625290961769417e-05,0.0009449667526799,4.735
1.484,0.0,0.0344784037508484,0.0,0.0,up,down,down,down,-0.0146569666668826,-0.0048386208739028,-3.625290961769417e-05,0.0009449667526799,4.75
1.5,0.0,0.1632592407656885,0.0,0.0,up,down,down,down,-0.0146569666668826,-0.0048386208739028,-3.625290961769417e-05,0.0009449667526799,4.766
1.5309999999999997,0.0,0.0752500658284295,0.0,0.0,up,down,down,down,-0.0146569666668826,-0.0048386208739028,-3.625290961769417e-05,0.0009449667526799,4.797
1.5469999999999997,0.0,0.157726286677905,0.0,0.0,up,down,down,down,-0.0146569666668826,-0.0048386208739028,-3.625290961769417e-05,0.0009449667526799,4.813
1.5620000000000003,-0.0122599281618197,0.1675174084167059,0.0,0.0,up,down,down,down,-0.0146569666668826,-0.0048386208739028,-3.625290961769417e-05,0.0009449667526799,4.828
1.5780000000000003,-0.014910966386304701,0.1510329223634355,0.0,0.0,up,down,down,down,-0.0146569666668826,-0.0048386208739028,-3.625290961769417e-05,0.0009449667526799,4.844
1.5940000000000003,-0.0187050684000063,0.2224744091894647,0.0,0.0,up,down,down,down,-0.0146569666668826,-0.0048386208739028,-3.625290961769417e-05,0.0009449667526799,4.86
1.609,-0.0228353135378434,0.2606927091889304,0.0,0.0,up,down,down,down,-0.0146569666668826,-0.0048386208739028,-3.625290961769417e-05,0.0009449667526799,4.875
1.641,-0.026618542294077202,0.1035689319654243,0.0,0.0,up,down,down,down,-0.0146569666668826,-0.0048386208739028,-3.625290961769417e-05,0.0009449667526799,4.907
1.6559999999999997,-0.031188331183830797,0.2899956259833617,0.0,0.0,up,down,down,down,-0.0146569666668826,-0.0048386208739028,-3.625290961769417e-05,0.0009449667526799,4.922
1.6719999999999997,-0.0379933063018445,0.4106539782089733,0.0,0.0,up,down,down,down,-0.0146569666668826,-0.0048386208739028,-3.625290961769417e-05,0.0009449667526799,4.938
1.6870000000000003,-0.0446159457002402,0.4268523265594801,0.0,0.0,up,down,down,down,-0.0146569666668826,-0.0048386208739028,-3.625290961769417e-05,0.0009449667526799,4.953
1.7030000000000003,-0.0501011773493421,0.3281700114019835,0.0,0.0,up,down,down,down,-0.0146569666668826,-0.0048386208739028,-3.625290961769417e-05,0.0009449667526799,4.969
1.7190000000000003,-0.055423744926463,0.3180035069031738,0.0,0.0,up,down,down,down,-0.0146569666668826,-0.0048386208739028,-3.625290961769417e-05,0.0009449667526799,4.985
1.75,-0.06064716240530291,0.1538403713602132,0.0,0.0,up,down,down,down,-0.0146569666668826,-0.0048386208739028,-3.625290961769417e-05,0.0009449667526799,5.016
1.766,-0.0666251707287309,0.3589685535473662,0.0,0.0,up,down,down,down,-0.0146569666668826,-0.0048386208739028,-3.625290961769417e-05,0.0009449667526799,5.032
1.7809999999999997,-0.0726597864131815,0.3876507456298345,0.0,0.0,up,down,down,down,-0.0146569666668826,-0.0048386208739028,-3.625290961769417e-05,0.0009449667526799,5.047
1.7969999999999997,-0.0793648936035449,0.4044122327308317,0.0,0.0,up,down,down,down,-0.0146569666668826,-0.0048386208739028,-3.625290961769417e-05,0.0009449667526799,5.063
1.8280000000000003,-0.0859056505609743,0.1963351932501906,0.0,0.0,up,down,down,down,-0.0146569666668826,-0.0048386208739028,-3.625290961769417e-05,0.0009449667526799,5.094
1.8440000000000003,-0.09227624968800541,0.3835054787725598,0.010175933670740106,0.0,up,down,down,down,-0.0146569666668826,-0.0048386208739028,-3.625290961769417e-05,0.0009449667526799,5.11
1.859,-0.1007914602082707,0.5530237346841474,0.011696520808070605,0.0,up,down,down,down,-0.0146569666668826,-0.0048386208739028,-3.625290961769417e-05,0.0009449667526799,5.125
1.875,-0.1078972085966488,0.4294523076067467,0.013443448092492505,0.0,up,down,down,down,-0.0146569666668826,-0.0048386208739028,-3.625290961769417e-05,0.0009449667526799,5.141
1.891,-0.1148294469714486,0.4186079317581068,0.015302679271019706,0.0,up,down,down,down,-0.0146569666668826,-0.0048386208739028,-3.625290961769417e-05,0.0009449667526799,5.157
1.9059999999999997,-0.12348288347464911,0.5622388002131626,0.017162601062473908,0.0,up,down,down,down,-0.0146569666668826,-0.0048386208739028,-3.625290961769417e-05,0.0009449667526799,5.172
1.9219999999999997,-0.132100543288475,0.5239467716972354,0.019284686410561407,0.0,up,down,down,down,-0.0146569666668826,-0.0048386208739028,-3.625290961769417e-05,0.0009449667526799,5.188
1.9370000000000003,-0.1404957221536201,0.5450216243427675,0.021401737714485707,0.0,up,down,down,down,-0.0146569666668826,-0.0048386208739028,-3.625290961769417e-05,0.0009449667526799,5.203
1.9530000000000003,-0.1487019204770999,0.49823042855060423,0.023792736789513907,0.0,up,down,down,down,-0.0146569666668826,-0.0048386208739028,-3.625290961769417e-05,0.0009449667526799,5.219
1.9690000000000003,-0.1580870917562116,0.5719162382776017,0.026324466821362805,0.0,up,down,down,down,-0.0146569666668826,-0.0048386208739028,-3.625290961769417e-05,0.0009449667526799,5.235
1.984,-0.168528365937835,0.6814279787746874,0.028846662067176707,0.0,up,down,down,down,-0.0146569666668826,-0.0048386208739028,-3.625290961769417e-05,0.0009449667526799,5.25
2.0,-0.1787260677566156,0.6226993970069079,0.031702115470714706,0.0,up,down,down,down,-0.0146569666668826,-0.0048386208739028,-3.625290961769417e-05,0.0009449667526799,5.266
2.016,-0.1890573724880653,0.6310495790487243,0.034721800926654604,0.0,up,down,down,down,-0.0146569666668826,-0.0048386208739028,-3.625290961769417e-05,0.0009449667526799,5.282
2.0309999999999997,-0.1990628319588019,0.6523736647155722,0.03770528177311461,0.0,up,down,down,down,-0.0146569666668826,-0.0048386208739028,-3.625290961769417e-05,0.0009449667526799,5.297
2.0620000000000003,-0.20883081160334,0.3004391508988539,0.0441776304954189,0.0,up,down,down,down,-0.0146569666668826,-0.0048386208739028,-3.625290961769417e-05,0.0009449667526799,5.328
2.0780000000000003,-0.2183660965365721,0.5812983416601287,0.04767262369452071,0.0,up,down,down,down,-0.0146569666668826,-0.0048386208739028,-3.625290961769417e-05,0.0009449667526799,5.344
2.0940000000000003,-0.2295249043825205,0.6827685237048892,0.0513331696358558,0.0,up,down,down,down,-0.0146569666668826,-0.0048386208739028,-3.625290961769417e-05,0.0009449667526799,5.36
2.109,-0.2405216005187363,0.7184561090808522,0.0549310977357237,0.0,up,down,down,down,-0.0146569666668826,-0.0048386208739028,-3.625290961769417e-05,0.0009449667526799,5.375
2.125,-0.2510419668367998,0.642865928212087,0.058941024208550505,0.0,up,down,down,down,-0.0146569666668826,-0.0048386208739028,-3.625290961769417e-05,0.0009449667526799,5.391
2.141,-0.2605440078349268,0.5792205957160552,0.06311112993990681,0.0103977111393784,up,down,down,down,-0.0146569666668826,-0.0048386208739028,-3.625290961769417e-05,0.0009449667526799,5.407
2.1559999999999997,-0.2698471353226975,0.6055515325178388,0.06716164282669741,0.0113753007287722,up,down,down,down,-0.0146569666668826,-0.0048386208739028,-3.625290961769417e-05,0.0009449667526799,5.422
2.1719999999999997,-0.2818769852582062,0.7372086543024109,0.0716528537253271,0.012486396747742299,up,down,down,down,-0.0146569666668826,-0.0048386208739028,-3.625290961769417e-05,0.0009449667526799,5.438
2.2030000000000003,-0.2925828802464992,0.3306944845683688,0.08070697888774121,0.014849097993443,up,down,down,down,-0.0146569666668826,-0.0048386208739028,-3.625290961769417e-05,0.0009449667526799,5.469
2.2190000000000003,-0.3030196529368521,0.6376413264801746,0.08554921708719042,0.0161797276077964,up,down,down,down,-0.0146569666668826,-0.0048386208739028,-3.625290961769417e-05,0.0009449667526799,5.485
2.234,-0.31424608156183,0.7337716083316609,0.09025128940903901,0.0174987752001623,up,down,down,down,-0.0146569666668826,-0.0048386208739028,-3.625290961769417e-05,0.0009449667526799,5.5
2.25,-0.3245018959767912,0.6263314342681887,0.09543869116333041,0.0189848750912952,up,down,down,down,-0.0146569666668826,-0.0048386208739028,-3.625290961769417e-05,0.0009449667526799,5.516
2.266,-0.3346828910114308,0.621655222998095,0.10078958739321861,0.0205552813663014,up,down,down,down,-0.0146569666668826,-0.0048386208739028,-3.625290961769417e-05,0.0009449667526799,5.532
2.2809999999999997,-0.3445968162973135,0.6462713857253075,0.10595676451114261,0.0221064227992284,up,down,down,down,-0.0146569666668826,-0.0048386208739028,-3.625290961769417e-05,0.0009449667526799,5.547
2.2969999999999997,-0.3551165604864366,0.6428270451533142,0.11163188945939512,0.0238477120775466,up,down,down,down,-0.0146569666668826,-0.0048386208739028,-3.625290961769417e-05,0.0009449667526799,5.563
2.3280000000000003,-0.3657164048804323,0.3272734976555509,0.12295479766967281,0.0274849295682453,up,down,down,down,-0.0146569666668826,-0.0048386208739028,-3.625290961769417e-05,0.0009449667526799,5.594
2.3440000000000003,-0.3737961164309134,0.49032500523818884,0.128948315774146,0.0295007345223498,up,down,down,down,-0.0146569666668826,-0.0048386208739028,-3.625290961769417e-05,0.0009449667526799,5.61
2.359,-0.3840205785130025,0.666973838805735,0.1347045202993338,0.0314786745865451,up,down,down,down,-0.0146569666668826,-0.0048386208739028,-3.625290961769417e-05,0.0009449667526799,5.625
2.375,-0.394009767959199,0.6096673737204001,0.1410061810050938,0.033684940243534404,up,down,down,down,-0.0146569666668826,-0.0048386208739028,-3.625290961769417e-05,0.0009449667526799,5.641
2.391,-0.4009875557249459,0.4214547686922962,0.1474435775285494,0.035993118358357404,up,down,down,down,-0.0146569666668826,-0.0048386208739028,-3.625290961769417e-05,0.0009449667526799,5.657
2.4059999999999997,-0.40991848777354,0.5807385032394091,0.1535979521678965,0.038251473624725,up,down,down,down,-0.0146569666668826,-0.0048386208739028,-3.625290961769417e-05,0.0009449667526799,5.672
2.4219999999999997,-0.4187853543501135,0.5395221943689562,0.1603050008388682,0.040763277295333,up,down,down,down,-0.0146569666668826,-0.0048386208739028,-3.625290961769417e-05,0.0009449667526799,5.688
2.4370000000000003,-0.4274244857681922,0.5612851278716758,0.1667241539528642,0.043216539749915406,up,down,down,down,-0.0146569666668826,-0.0048386208739028,-3.625290961769417e-05,0.0009449667526799,5.703
2.4530000000000003,-0.4365492833723792,0.5556428835948075,0.1737133620399713,0.0459406199244119,up,down,down,down,-0.0146569666668826,-0.0048386208739028,-3.625290961769417e-05,0.0009449667526799,5.719
2.4690000000000003,-0.443928439257828,0.4465402761736667,0.1808346017549953,0.048777583681325606,up,down,down,down,-0.0146569666668826,-0.0048386208739028,-3.625290961769417e-05,0.0009449667526799,5.735
2.484,-0.4511330360176764,0.4656494839896886,0.18762014213267,0.051541538054127305,up,down,down,down,-0.0146569666668826,-0.0048386208739028,-3.625290961769417e-05,0.0009449667526799,5.75
2.516,-0.4599204055434001,0.259948331011982,0.2023518330656122,0.0577822497504075,up,down,down,down,-0.0146569666668826,-0.0048386208739028,-3.625290961769417e-05,0.0009449667526799,5.782
2.5309999999999997,-0.4684903661738673,0.5566737420309443,0.2093874931666001,0.060870838490793305,up,down,down,down,-0.0146569666668826,-0.0048386208739028,-3.625290961769417e-05,0.0009449667526799,5.797
2.5469999999999997,-0.4776459687201911,0.5575681924783511,0.217034001779735,0.0642827904969179,up,down,down,down,-0.0146569666668826,-0.0048386208739028,-3.625290961769417e-05,0.0009449667526799,5.813
2.5780000000000003,-0.4853746343722847,0.2346548285619393,0.2321108183747596,0.0712456590495109,up,down,down,down,-0.0146569666668826,-0.0048386208739028,-3.625290961769417e-05,0.0009449667526799,5.844
2.5940000000000003,-0.4937995209910114,0.5118984470035323,0.2400216295516485,0.07502329867947599,up,down,down,down,-0.0146569666668826,-0.0048386208739028,-3.625290961769417e-05,0.0009449667526799,5.86
2.609,-0.501483894133731,0.497634576181104,0.2475588344781924,0.078680695953344,up,down,down,down,-0.0146569666668826,-0.0048386208739028,-3.625290961769417e-05,0.0009449667526799,5.875
2.625,-0.5093819331358969,0.47897047096848583,0.2557231790303319,0.0827075321079661,up,down,down,down,-0.0146569666668826,-0.0048386208739028,-3.625290961769417e-05,0.0009449667526799,5.891
2.641,-0.5170959456675082,0.4674688165588234,0.2640124199947416,0.08686599694672059,up,down,down,down,-0.0146569666668826,-0.0048386208739028,-3.625290961769417e-05,0.0009449667526799,5.907
2.6559999999999997,-0.5251200288382307,0.5202819113812995,0.271901619116643,0.09088589603370009,up,down,down,down,-0.0146569666668826,-0.0048386208739028,-3.625290961769417e-05,0.0009449667526799,5.922
2.6719999999999997,-0.5320056452778399,0.4156940608086898,0.280436042443554,0.0953051773727356,up,down,down,down,-0.0146569666668826,-0.0048386208739028,-3.625290961769417e-05,0.0009449667526799,5.938
2.7030000000000003,-0.5387146424690847,0.2017622975668181,0.2971822041507227,0.1042593840351452,up,down,down,down,-0.0146569666668826,-0.0048386208739028,-3.625290961769417e-05,0.0009449667526799,5.969
2.7190000000000003,-0.5444476011592396,0.3436529514677975,0.30592492003373173,0.1090848210751747,up,down,down,down,-0.0146569666668826,-0.0048386208739028,-3.625290961769417e-05,0.0009449667526799,5.985
2.734,-0.5518824330248648,0.4809984910414755,0.31421997460322093,0.11373645157859599,up,down,down,down,-0.0146569666668826,-0.0048386208739028,-3.625290961769417e-05,0.0009449667526799,6.0
2.75,-0.5583195709451072,0.3876641533482648,0.32317900856896314,0.1188362234905274,up,down,down,down,-0.0146569666668826,-0.0048386208739028,-3.625290961769417e-05,0.0009449667526799,6.016
2.766,-0.564579685556204,0.376600196526665,0.33223962055495604,0.1240801525700726,up,down,down,down,-0.0146569666668826,-0.0048386208739028,-3.625290961769417e-05,0.0009449667526799,6.032
2.7809999999999997,-0.5705309682131929,0.3820952104657235,0.3408255297713349,0.129128684991164,up,down,down,down,-0.0146569666668826,-0.0048386208739028,-3.625290961769417e-05,0.0009449667526799,6.047
2.7969999999999997,-0.5763362556127074,0.3481734958027714,0.3500778854959246,0.1346564923598559,up,down,down,down,-0.0146569666668826,-0.0048386208739028,-3.625290961769417e-05,0.0009449667526799,6.063
2.8120000000000003,-0.5808349268000992,0.2852544458258912,0.3588292486771295,0.13997383965979832,up,down,down,down,-0.0146569666668826,-0.0048386208739028,-3.625290961769417e-05,0.0009449667526799,6.078
2.8280000000000003,-0.5866286958886384,0.3474536013668193,0.3682463755926218,0.1457910247005102,up,down,down,down,-0.0146569666668826,-0.0048386208739028,-3.625290961769417e-05,0.0009449667526799,6.094
2.859,-0.5923251941979331,0.1691010433103656,0.38667015813605454,0.1574933548135027,up,down,down,down,-0.0146569666668826,-0.0048386208739028,-3.625290961769417e-05,0.0009449667526799,6.125
2.875,-0.5992504264571448,0.4181700495338489,0.3962801810352776,0.16375753757342731,up,down,down,down,-0.0146569666668826,-0.0048386208739028,-3.625290961769417e-05,0.0009449667526799,6.141
2.891,-0.6036638005694073,0.2611789153495236,0.40598091278547244,0.1701762063705472,up,down,down,down,-0.0146569666668826,-0.0048386208739028,-3.625290961769417e-05,0.0009449667526799,6.157
2.9059999999999997,-0.607482217704991,0.23990417570537143,0.4151370872356388,0.1763351351643497,up,down,down,down,-0.0146569666668826,-0.0048386208739028,-3.625290961769417e-05,0.0009449667526799,6.172
2.9219999999999997,-0.611240151633206,0.2202139038465544,0.42496428412432685,0.1830565261817833,up,down,down,down,-0.0146569666668826,-0.0048386208739028,-3.625290961769417e-05,0.0009449667526799,6.188
2.9370000000000003,-0.6161629663647439,0.3135306821022972,0.43424238682242033,0.18950112000752842,up,down,down,down,-0.0146569666668826,-0.0048386208739028,-3.625290961769417e-05,0.0009449667526799,6.203
2.9530000000000003,-0.6202995117918881,0.24387712252963312,0.4442115045816559,0.1965293311853149,up,down,down,down,-0.0146569666668826,-0.0048386208739028,-3.625290961769417e-05,0.0009449667526799,6.219
2.9690000000000003,-0.6243664456535711,0.23952639968830453,0.45424625017520204,0.2037175732699236,up,down,down,down,-0.0146569666668826,-0.0048386208739028,-3.625290961769417e-05,0.0009449667526799,6.235
2.984,-0.6285159541570415,0.2619769335644833,0.4637154474868899,0.2106028297960334,up,down,down,down,-0.0146569666668826,-0.0048386208739028,-3.625290961769417e-05,0.0009449667526799,6.25
3.0,-0.6313935276864022,0.16519137891816021,0.47387214127561994,0.2181041105526874,up,down,down,down,-0.0146569666668826,-0.0048386208739028,-3.625290961769417e-05,0.0009449667526799,6.266
3.016,-0.6341779426592016,0.1593689691330768,0.48407413097236723,0.2257682607772252,up,down,down,down,-0.0146569666668826,-0.0048386208739028,-3.625290961769417e-05,0.0009449667526799,6.282
3.0309999999999997,-0.6399024877886941,0.366979375299292,0.4937023135138349,0.23310212790451582,up,down,down,down,-0.0146569666668826,-0.0048386208739028,-3.625290961769417e-05,0.0009449667526799,6.297
3.0469999999999997,-0.6445060848950828,0.2730678524824103,0.5040550000292883,0.24108476645941462,up,down,down,down,-0.0146569666668826,-0.0048386208739028,-3.625290961769417e-05,0.0009449667526799,6.313
3.0620000000000003,-0.6479238884807099,0.2131966057082524,0.5138208041427156,0.24871937878434922,up,down,down,down,-0.0146569666668826,-0.0048386208739028,-3.625290961769417e-05,0.0009449667526799,6.328
3.0780000000000003,-0.6512726474212585,0.1946404671174006,0.5242917943639138,0.2570248596189562,up,down,down,down,-0.0146569666668826,-0.0048386208739028,-3.625290961769417e-05,0.0009449667526799,6.344
3.0940000000000003,-0.6551608339829542,0.2283546934391022,0.53482068014913,0.2654983394616144,up,down,down,down,-0.0146569666668826,-0.0048386208739028,-3.625290961769417e-05,0.0009449667526799,6.36
3.125,-0.6597700621877305,0.1340278141323534,0.5553521062868664,0.2823971414915703,up,down,down,down,-0.0146569666668826,-0.0048386208739028,-3.625290961769417e-05,0.0009449667526799,6.391
3.141,-0.663655122648894,0.2281593121558389,0.5660169256995419,0.2913686737940155,up,down,down,down,-0.0146569666668826,-0.0048386208739028,-3.625290961769417e-05,0.0009449667526799,6.407
3.1559999999999997,-0.666806368740021,0.1954261060749176,0.5760679661980671,0.2999348542768917,up,down,down,down,-0.0146569666668826,-0.0048386208739028,-3.625290961769417e-05,0.0009449667526799,6.422
3.1719999999999997,-0.6698632164042735,0.1763960123488994,0.5868387408132039,0.3092386879795357,up,down,down,down,-0.0146569666668826,-0.0048386208739028,-3.625290961769417e-05,0.0009449667526799,6.438
3.1870000000000003,-0.6743247902918768,0.2827812925066571,0.5969927301765339,0.3181179678056033,up,down,down,down,-0.0146569666668826,-0.0048386208739028,-3.625290961769417e-05,0.0009449667526799,6.453
3.2030000000000003,-0.6776180503062932,0.19117178423414422,0.6078856908353016,0.3277575752202519,up,down,down,down,-0.0146569666668826,-0.0048386208739028,-3.625290961769417e-05,0.0009449667526799,6.469
3.2190000000000003,-0.6796578279060395,0.1128291333172593,0.6188213157949828,0.3375718113198481,up,down,down,down,-0.0146569666668826,-0.0048386208739028,-3.625290961769417e-05,0.0009449667526799,6.485
3.234,-0.6816054947407704,0.1151874889818475,0.6291033700279421,0.3469317902571641,up,down,down,down,-0.0146569666668826,-0.0048386208739028,-3.625290961769417e-05,0.0009449667526799,6.5
3.25,-0.6848972196354932,0.1910758392532951,0.6401128096769347,0.357086099741357,up,down,down,down,-0.0146569666668826,-0.0048386208739028,-3.625290961769417e-05,0.0009449667526799,6.516
3.266,-0.6878900907142924,0.172397475758067,0.6511725260937155,0.3674169624740761,up,down,down,down,-0.0146569666668826,-0.0048386208739028,-3.625290961769417e-05,0.0009449667526799,6.532
3.2809999999999997,-0.690778589787131,0.177909638189029,0.6615851205105845,0.3772631886172524,up,down,down,down,-0.0146569666668826,-0.0048386208739028,-3.625290961769417e-05,0.0009449667526799,6.547
3.2969999999999997,-0.6927198183659993,0.1066698195123828,0.672730525709792,0.3879382938335693,up,down,down,down,-0.0146569666668826,-0.0048386208739028,-3.625290961769417e-05,0.0009449667526799,6.563
3.3120000000000003,-0.6940248268945517,0.0723436019032754,0.683203689862355,0.3981083442440051,up,down,down,down,-0.0146569666668826,-0.0048386208739028,-3.625290961769417e-05,0.0009449667526799,6.578
3.3280000000000003,-0.6953279042527694,0.0667853682217213,0.694395929645516,0.4091297212466219,up,down,down,down,-0.0146569666668826,-0.0048386208739028,-3.625290961769417e-05,0.0009449667526799,6.594
3.3440000000000003,-0.6984114889885298,0.1780670793181438,0.7056232627254289,0.4203304548321433,up,down,down,down,-0.0146569666668826,-0.0048386208739028,-3.625290961769417e-05,0.0009449667526799,6.61
3.359,-0.7024541330420764,0.2548526369028961,0.7162023342037667,0.4309946906027563,up,down,down,down,-0.0146569666668826,-0.0048386208739028,-3.625290961769417e-05,0.0009449667526799,6.625
3.391,-0.7044350520086926,0.0472467510398745,0.7388673970325439,0.45427696639564513,up,down,down,down,-0.0146569666668826,-0.0048386208739028,-3.625290961769417e-05,0.0009449667526799,6.657
3.4059999999999997,-0.706351162137322,0.1130837085750771,0.7495208729517473,0.4654404222141713,up,down,down,down,-0.0146569666668826,-0.0048386208739028,-3.625290961769417e-05,0.0009449667526799,6.672
3.4219999999999997,-0.7079601580464026,0.0859052776506542,0.7609127814471995,0.4775244714959168,up,down,down,down,-0.0146569666668826,-0.0048386208739028,-3.625290961769417e-05,0.0009449667526799,6.688
3.4370000000000003,-0.7100501354432289,0.12467485978820339,0.7716204379614807,0.48901901443512663,up,down,down,down,-0.0146569666668826,-0.0048386208739028,-3.625290961769417e-05,0.0009449667526799,6.703
3.4530000000000003,-0.7120583235003686,0.1108547869043453,0.7830747235670119,0.5014571557739084,up,down,down,down,-0.0146569666668826,-0.0048386208739028,-3.625290961769417e-05,0.0009449667526799,6.719
3.4690000000000003,-0.7126299150822639,0.021067507201576505,0.7945496474096554,0.5140787307882756,up,down,down,down,-0.0146569666668826,-0.0048386208739028,-3.625290961769417e-05,0.0009449667526799,6.735
3.484,-0.7136401002481669,0.052688711059986196,0.8053192518377419,0.526078291326275,up,down,down,down,-0.0146569666668826,-0.0048386208739028,-3.625290961769417e-05,0.0009449667526799,6.75
3.5,-0.7169243814596786,0.1906106090525982,0.8168411856253871,0.539056154872534,up,down,down,down,-0.0146569666668826,-0.0048386208739028,-3.625290961769417e-05,0.0009449667526799,6.766
3.516,-0.7177184161850096,0.0349702036663058,0.8283957459405271,0.5522186303716152,up,down,down,down,-0.0146569666668826,-0.0048386208739028,-3.625290961769417e-05,0.0009449667526799,6.782
3.5309999999999997,-0.7197356662703704,0.11982637235717361,0.8392492308720508,0.5647265114913536,up,down,down,down,-0.0146569666668826,-0.0048386208739028,-3.625290961769417e-05,0.0009449667526799,6.797
3.5620000000000003,-0.7217149204591138,0.049189942647417495,0.8617417122134493,0.5910929949493775,up,down,down,down,-0.0146569666668826,-0.0048386208739028,-3.625290961769417e-05,0.0009449667526799,6.828
3.5780000000000003,-0.7240056322999546,0.1285125233856699,0.8733848945695043,0.604974587850195,up,down,down,down,-0.0146569666668826,-0.0048386208739028,-3.625290961769417e-05,0.0009449667526799,6.844
3.5940000000000003,-0.7260919138617652,0.11573563094627759,0.8850630928727805,0.6190427517962872,up,down,down,down,-0.0146569666668826,-0.0048386208739028,-3.625290961769417e-05,0.0009449667526799,6.86
3.609,-0.7281312234737527,0.12129700746562061,0.8960423457159052,0.6324015863793463,up,down,down,down,-0.0146569666668826,-0.0048386208739028,-3.625290961769417e-05,0.0009449667526799,6.875
3.625,-0.7297126384870349,0.0841814716632572,0.9077825145455739,0.646832765307992,up,down,down,down,-0.0146569666668826,-0.0048386208739028,-3.625290961769417e-05,0.0009449667526799,6.891
3.641,-0.7310987446906836,0.071974671061158,0.9195464235449783,0.6614519768592704,up,down,down,down,-0.0146569666668826,-0.0048386208739028,-3.625290961769417e-05,0.0009449667526799,6.907
3.6559999999999997,-0.7324575158313742,0.0759277760458264,0.9305956748120019,0.6753285863905917,up,down,down,down,-0.0146569666668826,-0.0048386208739028,-3.625290961769417e-05,0.0009449667526799,6.922
3.6719999999999997,-0.734861440879687,0.1355883488526655,0.9424116443996728,0.690313224990839,up,down,down,down,-0.0146569666668826,-0.0048386208739028,-3.625290961769417e-05,0.0009449667526799,6.938
3.6870000000000003,-0.7362666950052343,0.0790266417029387,0.9535176847319187,0.7045332387529708,up,down,down,down,-0.0146569666668826,-0.0048386208739028,-3.625290961769417e-05,0.0009449667526799,6.953
3.7030000000000003,-0.7374868941648121,0.06160548080672461,0.9653851313792615,0.7198850413284141,up,down,down,down,-0.0146569666668826,-0.0048386208739028,-3.625290961769417e-05,0.0009449667526799,6.969
3.734,-0.7393315861265695,0.0448492256478729,0.9884258150708687,0.750170234838589,up,down,down,down,-0.0146569666668826,-0.0048386208739028,-3.625290961769417e-05,0.0009449667526799,7.0
3.75,-0.7406902923707079,0.0702621735917719,1.0003434080328295,0.7660809686699726,up,down,down,down,-0.0146569666668826,-0.0048386208739028,-3.625290961769417e-05,0.0009449667526799,7.016
3.766,-0.742024325621621,0.0687201115151848,1.0122825429107505,0.7821825563240751,up,down,down,down,-0.0146569666668826,-0.0048386208739028,-3.625290961769417e-05,0.0009449667526799,7.032
3.7969999999999997,-0.7433818897990356,0.0291354261529441,1.0354563364968614,0.8139236327950908,up,down,down,down,-0.0146569666668826,-0.0048386208739028,-3.625290961769417e-05,0.0009449667526799,7.063
3.8120000000000003,-0.7447013251442645,0.0733053896817024,1.0466895399220453,0.8295402706618775,up,down,down,down,-0.0146569666668826,-0.0048386208739028,-3.625290961769417e-05,0.0009449667526799,7.078
3.8280000000000003,-0.7479099870345429,0.1858844014755212,1.058707848353458,0.8463840298146355,up,down,down,down,-0.0146569666668826,-0.0048386208739028,-3.625290961769417e-05,0.0009449667526799,7.094
3.8440000000000003,-0.7494455588834157,0.081316273887665,1.070764110654784,0.8634203855332553,up,down,down,down,-0.0146569666668826,-0.0048386208739028,-3.625290961769417e-05,0.0009449667526799,7.11
3.859,-0.7497120884680424,0.0,1.0820803723230283,0.8795672629492328,up,down,down,down,-0.0146569666668826,-0.0048386208739028,-3.625290961769417e-05,0.0009449667526799,7.125
3.875,-0.749971808969562,0.0,1.0941552614365115,0.8969777280658631,up,down,down,down,-0.0146569666668826,-0.0048386208739028,-3.625290961769417e-05,0.0009449667526799,7.141
3.891,-0.7503919348220123,0.0116008991112627,1.1062355893208269,0.9145814349184757,up,down,down,down,-0.0146569666668826,-0.0048386208739028,-3.625290961769417e-05,0.0009449667526799,7.157
3.9059999999999997,-0.7508321182035278,0.014688592100819601,1.1175673490316265,0.9312605007497631,up,down,down,down,-0.0146569666668826,-0.0048386208739028,-3.625290961769417e-05,0.0009449667526799,7.172
3.9219999999999997,-0.7512460603713293,0.0112144188207143,1.1296613923942078,0.9492389107277235,up,down,down,down,-0.0146569666668826,-0.0048386208739028,-3.625290961769417e-05,0.0009449667526799,7.188
3.9530000000000003,-0.753057182318777,0.0437663219604615,1.153128089902996,0.984623271543529,up,down,down,down,-0.0146569666668826,-0.0048386208739028,-3.625290961769417e-05,0.0009449667526799,7.219
3.9690000000000003,-0.7544854963504353,0.0746126603117559,1.165265849266332,1.0031710031034375,up,down,down,down,-0.0146569666668826,-0.0048386208739028,-3.625290961769417e-05,0.0009449667526799,7.235
3.984,-0.7556016982667941,0.0597564944237097,1.1766640825390695,1.020736021385622,up,down,down,down,-0.0146569666668826,-0.0048386208739028,-3.625290961769417e-05,0.0009449667526799,7.25
4.0,-0.7566815999657006,0.0528368895147725,1.188839766858912,1.03966063222736,up,down,down,down,-0.0146569666668826,-0.0048386208739028,-3.625290961769417e-05,0.0009449667526799,7.266
4.016,-0.7576348449774208,0.0449208465656315,1.2010317163524393,1.0587801841396043,up,down,down,down,-0.0146569666668826,-0.0048386208739028,-3.625290961769417e-05,0.0009449667526799,7.282
4.031,-0.7577771456113709,0.0,1.2124698855949636,1.076881989947854,up,down,down,down,-0.0146569666668826,-0.0048386208739028,-3.625290961769417e-05,0.0009449667526799,7.297
4.047,-0.7579269163348368,0.0,1.2246729360245157,1.0963797125673636,up,down,down,down,-0.0146569666668826,-0.0048386208739028,-3.625290961769417e-05,0.0009449667526799,7.313
4.062,-0.759317600259779,0.0780552949959297,1.2361248492120842,1.1148362397502831,up,down,down,down,-0.0146569666668826,-0.0048386208739028,-3.625290961769417e-05,0.0009449667526799,7.328
4.078,-0.7598897352456042,0.0211014699471924,1.2483559258301098,1.1347126659971745,up,down,down,down,-0.0146569666668826,-0.0048386208739028,-3.625290961769417e-05,0.0009449667526799,7.344
4.094,-0.7602225783012386,0.0,1.260594242272467,1.154784847388549,up,down,down,down,-0.0146569666668826,-0.0048386208739028,-3.625290961769417e-05,0.0009449667526799,7.36
4.109,-0.7612395779830177,0.053143012118388205,1.2720777877577072,1.1737804314074192,up,down,down,down,-0.0146569666668826,-0.0048386208739028,-3.625290961769417e-05,0.0009449667526799,7.375
4.141,-0.7624856241843183,0.0242819771237624,1.2966122268603495,1.214880631734416,up,down,down,down,-0.0146569666668826,-0.0048386208739028,-3.625290961769417e-05,0.0009449667526799,7.407
4.156,-0.7637062220525568,0.0667162245490172,1.3081312450202345,1.234416751567164,up,down,down,down,-0.0146569666668826,-0.0048386208739028,-3.625290961769417e-05,0.0009449667526799,7.422
4.172,-0.7650739622800415,0.0708267975509148,1.3204389044288776,1.2554458928093108,up,down,down,down,-0.0146569666668826,-0.0048386208739028,-3.625290961769417e-05,0.0009449667526799,7.438
4.187,-0.7652668179119999,0.0,1.3319890395934268,1.2753396461831232,up,down,down,down,-0.0146569666668826,-0.0048386208739028,-3.625290961769417e-05,0.0009449667526799,7.453
4.219,-0.7651577653361095,0.0180648596634589,1.3566306687933616,1.3183587216104196,up,down,down,down,-0.0146569666668826,-0.0048386208739028,-3.625290961769417e-05,0.0009449667526799,7.485
4.234,-0.7655560122128708,0.011892825117209701,1.3681836014380873,1.3387953724307993,up,down,down,down,-0.0146569666668826,-0.0048386208739028,-3.625290961769417e-05,0.0009449667526799,7.5
4.25,-0.7659952555799538,0.0127957437758054,1.3805134295144124,1.3607855287249733,up,down,down,down,-0.0146569666668826,-0.0048386208739028,-3.625290961769417e-05,0.0009449667526799,7.516
4.266,-0.7668803070081633,0.040658747596210604,1.3928538519490998,1.382973047023235,up,down,down,down,-0.0146569666668826,-0.0048386208739028,-3.625290961769417e-05,0.0009449667526799,7.532
4.281,-0.7675850165851443,0.032323671798517604,1.404434921189158,1.403953256615416,up,down,down,down,-0.0146569666668826,-0.0048386208739028,-3.625290961769417e-05,0.0009449667526799,7.547
4.297,-0.7686169514029295,0.0498389594446914,1.416801954867045,1.4265237316704196,up,down,down,down,-0.0146569666668826,-0.0048386208739028,-3.625290961769417e-05,0.0009449667526799,7.563
4.328,-0.768699318333443,0.0119999689083845,1.4407803542950501,1.470817381302631,up,down,down,down,-0.0146569666668826,-0.0048386208739028,-3.625290961769417e-05,0.0009449667526799,7.594
4.344,-0.7711298524922068,0.137251418255856,1.4531764055956378,1.4939696154283104,up,down,down,down,-0.0146569666668826,-0.0048386208739028,-3.625290961769417e-05,0.0009449667526799,7.61
4.359,-0.7735139501019503,0.1442828739826916,1.4648338134282022,1.515855235864633,up,down,down,down,-0.0146569666668826,-0.0048386208739028,-3.625290961769417e-05,0.0009449667526799,7.625
4.375,-0.7726406789722216,0.069236412274932,1.477280468394778,1.5393927301657708,up,down,down,down,-0.0146569666668826,-0.0048386208739028,-3.625290961769417e-05,0.0009449667526799,7.641
4.391,-0.7744445605709149,0.0980856332514535,1.4897345682451055,1.5631294305054437,up,down,down,down,-0.0146569666668826,-0.0048386208739028,-3.625290961769417e-05,0.0009449667526799,7.657
4.406,-0.7761735923336026,0.1006118175122987,1.5014367837049978,1.585563759438713,up,down,down,down,-0.0146569666668826,-0.0048386208739028,-3.625290961769417e-05,0.0009449667526799,7.672
4.422,-0.7761977499021473,0.013147118632840099,1.5139331723768663,1.6096872991339222,up,down,down,down,-0.0146569666668826,-0.0048386208739028,-3.625290961769417e-05,0.0009449667526799,7.688
4.453,-0.7767951440541232,0.0,1.53815455948028,1.656995782817907,up,down,down,down,-0.0146569666668826,-0.0048386208739028,-3.625290961769417e-05,0.0009449667526799,7.719
4.469,-0.7777889801184461,0.0474577873532989,1.550668650407643,1.6817069485435643,up,down,down,down,-0.0146569666668826,-0.0048386208739028,-3.625290961769417e-05,0.0009449667526799,7.735
4.484,-0.7787867021484356,0.0518578353324181,1.562415547337753,1.7050556238202985,up,down,down,down,-0.0146569666668826,-0.0048386208739028,-3.625290961769417e-05,0.0009449667526799,7.75
4.5,-0.7779565412883418,0.0665420204227449,1.5749469112192296,1.7301551035353082,up,down,down,down,-0.0146569666668826,-0.0048386208739028,-3.625290961769417e-05,0.0009449667526799,7.766
4.516,-0.7793964575547907,0.0753377999861738,1.5874831531439573,1.7554551240967675,up,down,down,down,-0.0146569666668826,-0.0048386208739028,-3.625290961769417e-05,0.0009449667526799,7.782
4.531,-0.7808138523373849,0.0798360188393975,1.5992573097812566,1.7793562213623504,up,down,down,down,-0.0146569666668826,-0.0048386208739028,-3.625290961769417e-05,0.0009449667526799,7.797
4.547,-0.7802628420487743,0.049095109705044895,1.6118233412703282,1.805045446617317,up,down,down,down,-0.0146569666668826,-0.0048386208739028,-3.625290961769417e-05,0.0009449667526799,7.813
4.562,-0.7813495041786673,0.057787175325985096,1.6236080131801427,1.8293117255693407,up,down,down,down,-0.0146569666668826,-0.0048386208739028,-3.625290961769417e-05,0.0009449667526799,7.828
4.578,-0.7815873933580892,0.0,1.6361889262944194,1.8553906811316911,up,down,down,down,-0.0146569666668826,-0.0048386208739028,-3.625290961769417e-05,0.0009449667526799,7.844
4.609,-0.7815508215875777,0.0158367011995125,1.660567565873168,1.9064915306004864,up,down,down,down,-0.0146569666668826,-0.0048386208739028,-3.625290961769417e-05,0.0009449667526799,7.875
4.625,-0.7807725888194046,0.0632965146777029,1.6731435710904063,1.9331617997427488,up,down,down,down,-0.0146569666668826,-0.0048386208739028,-3.625290961769417e-05,0.0009449667526799,7.891
4.641,-0.7805927817140645,0.0258949107506354,1.6857119119886566,1.9600332236539355,up,down,down,down,-0.0146569666668826,-0.0048386208739028,-3.625290961769417e-05,0.0009449667526799,7.907
4.656,-0.7819994172149674,0.0791187333933066,1.6975039327937327,1.985407886283447,up,down,down,down,-0.0146569666668826,-0.0048386208739028,-3.625290961769417e-05,0.0009449667526799,7.922
4.672,-0.7833279079803859,0.0683737061717749,1.7101039693292779,2.0126693295469846,up,down,down,down,-0.0146569666668826,-0.0048386208739028,-3.625290961769417e-05,0.0009449667526799,7.938
4.687,-0.7830704930872283,0.0318179595440525,1.721924536650394,2.0384100871354773,up,down,down,down,-0.0146569666668826,-0.0048386208739028,-3.625290961769417e-05,0.0009449667526799,7.953
4.719,-0.7825916582939687,0.0296205539562453,1.747129966940458,2.093916119286039,up,down,down,down,-0.0146569666668826,-0.0048386208739028,-3.625290961769417e-05,0.0009449667526799,7.985
4.734,-0.7821509294549429,0.0440388892686028,1.7589381156616832,2.1202121736991986,up,down,down,down,-0.0146569666668826,-0.0048386208739028,-3.625290961769417e-05,0.0009449667526799,8.0
4.75,-0.7821618906372887,0.0139718927702713,1.7715300361564035,2.148456498960297,up,down,down,down,-0.0146569666668826,-0.0048386208739028,-3.625290961769417e-05,0.0009449667526799,8.016
4.766,-0.7827440951910614,0.0217308179439092,1.7841267019770128,2.176902332911918,up,down,down,down,-0.0146569666668826,-0.0048386208739028,-3.625290961769417e-05,0.0009449667526799,8.032
4.781000000000001,-0.7840349227049046,0.0713982009226634,1.7959501239243416,2.2037534528998237,up,down,down,down,-0.0146569666668826,-0.0048386208739028,-3.625290961769417e-05,0.0009449667526799,8.047
4.797000000000001,-0.7853139975909311,0.0652852137097749,1.8085823332206907,2.232590292603538,up,down,down,down,-0.0146569666668826,-0.0048386208739028,-3.625290961769417e-05,0.0009449667526799,8.063
4.811999999999999,-0.7862178010212038,0.0455965953512976,1.8204414010233894,2.2598085144040105,up,down,down,down,-0.0146569666668826,-0.0048386208739028,-3.625290961769417e-05,0.0009449667526799,8.078
4.827999999999999,-0.7866169565437282,0.0102902534908956,1.8331014970178914,2.2890374376348945,up,down,down,down,-0.0146569666668826,-0.0048386208739028,-3.625290961769417e-05,0.0009449667526799,8.094
4.843999999999999,-0.7869663503397959,0.0,1.8457675814069423,2.3184689703088472,up,down,down,down,-0.0146569666668826,-0.0048386208739028,-3.625290961769417e-05,0.0009449667526799,8.11
4.859,-0.785853622508867,0.0888388220621372,1.857636310516416,2.3462450432919177,up,down,down,down,-0.0146569666668826,-0.0048386208739028,-3.625290961769417e-05,0.0009449667526799,8.125
4.875,-0.787824747561654,0.1085383491323022,1.8703031554109624,2.3760691390658906,up,down,down,down,-0.0146569666668826,-0.0048386208739028,-3.625290961769417e-05,0.0009449667526799,8.141
4.891,-0.7897381659437759,0.1049316822157354,1.8830010766529888,2.406096152968956,up,down,down,down,-0.0146569666668826,-0.0048386208739028,-3.625290961769417e-05,0.0009449667526799,8.157
4.906000000000001,-0.7890514084120621,0.060440802114465196,1.8949145777737664,2.434431064170802,up,down,down,down,-0.0146569666668826,-0.0048386208739028,-3.625290961769417e-05,0.0009449667526799,8.172
4.922000000000001,-0.7902468224606647,0.060056411370777996,1.9076263815547307,2.4648519718919837,up,down,down,down,-0.0146569666668826,-0.0048386208739028,-3.625290961769417e-05,0.0009449667526799,8.188
4.936999999999999,-0.790651600228987,0.012328217887936999,1.9195556990380107,2.493556381290072,up,down,down,down,-0.0146569666668826,-0.0048386208739028,-3.625290961769417e-05,0.0009449667526799,8.203
4.952999999999999,-0.7910389852571829,0.0,1.9322866416558824,2.5243717000621766,up,down,down,down,-0.0146569666668826,-0.0048386208739028,-3.625290961769417e-05,0.0009449667526799,8.219
4.984,-0.7906590386081795,0.0269133101831183,1.9569529582728873,2.5846560377012717,up,down,down,down,-0.0146569666668826,-0.0048386208739028,-3.625290961769417e-05,0.0009449667526799,8.25
5.0,-0.7903009930626173,0.0370348132645257,1.9696780564602356,2.6160696658656906,up,down,down,down,-0.0146569666668826,-0.0048386208739028,-3.625290961769417e-05,0.0009449667526799,8.266
5.016,-0.7907589738825767,0.01396683458058,1.98240395412978,2.6476869019969644,up,down,down,down,-0.0146569666668826,-0.0048386208739028,-3.625290961769417e-05,0.0009449667526799,8.282
5.031000000000001,-0.7926990059659058,0.11467850555505629,1.9943524682917513,2.6775131189587715,up,down,down,down,-0.0146569666668826,-0.0048386208739028,-3.625290961769417e-05,0.0009449667526799,8.297
5.047000000000001,-0.7946161384074379,0.1051638109288755,2.0071284073807183,2.709525546010705,up,down,down,down,-0.0146569666668826,-0.0048386208739028,-3.625290961769417e-05,0.0009449667526799,8.313
5.061999999999999,-0.7939661022176221,0.057992712654609396,2.0191153534985133,2.7397229180109415,up,down,down,down,-0.0146569666668826,-0.0048386208739028,-3.625290961769417e-05,0.0009449667526799,8.328
5.077999999999999,-0.7958067787111993,0.1003853141816935,2.0319109544799265,2.772131708521323,up,down,down,down,-0.0146569666668826,-0.0048386208739028,-3.625290961769417e-05,0.0009449667526799,8.344
5.093999999999999,-0.7961510972165318,0.0,2.0447240354213307,2.8047453684870867,up,down,down,down,-0.0146569666668826,-0.0048386208739028,-3.625290961769417e-05,0.0009449667526799,8.36
5.125,-0.7970247180791983,0.013524351483649501,2.069568257805506,2.868518022872302,up,down,down,down,-0.0146569666668826,-0.0048386208739028,-3.625290961769417e-05,0.0009449667526799,8.391
5.141,-0.7961948589038812,0.0665231651242002,2.082391432355353,2.901734280440143,up,down,down,down,-0.0146569666668826,-0.0048386208739028,-3.625290961769417e-05,0.0009449667526799,8.407
5.156000000000001,-0.7953775592661412,0.0691436091828819,2.0944008048047373,2.9330607660124888,up,down,down,down,-0.0146569666668826,-0.0048386208739028,-3.625290961769417e-05,0.0009449667526799,8.422
5.186999999999999,-0.7959358829239207,0.0,2.1192161604057733,2.998372952813448,up,down,down,down,-0.0146569666668826,-0.0048386208739028,-3.625290961769417e-05,0.0009449667526799,8.453
5.202999999999999,-0.7962440089654859,0.0,2.132031017474871,3.032383510283047,up,down,down,down,-0.0146569666668826,-0.0048386208739028,-3.625290961769417e-05,0.0009449667526799,8.469
5.218999999999999,-0.7965541769641522,0.0,2.1448508208962904,3.06659914503657,up,down,down,down,-0.0146569666668826,-0.0048386208739028,-3.625290961769417e-05,0.0009449667526799,8.485
5.234,-0.7969416296667244,0.011173213504598599,2.156874618759131,3.098862629627632,up,down,down,down,-0.0146569666668826,-0.0048386208739028,-3.625290961769417e-05,0.0009449667526799,8.5
5.25,-0.7967689844996642,0.025447289608150098,2.1697017216064443,3.13347582039711,up,down,down,down,-0.0146569666668826,-0.0048386208739028,-3.625290961769417e-05,0.0009449667526799,8.516
5.266,-0.7966114188440052,0.0245048201455664,2.1825261827671762,3.168294223678653,up,down,down,down,-0.0146569666668826,-0.0048386208739028,-3.625290961769417e-05,0.0009449667526799,8.532
5.281000000000001,-0.7976960095639463,0.057649081329184504,2.1945560677933447,3.2011228843515025,up,down,down,down,-0.0146569666668826,-0.0048386208739028,-3.625290961769417e-05,0.0009449667526799,8.547
5.297000000000001,-0.7973746530599062,0.0347417481693877,2.2073940510283183,3.2363390653486297,up,down,down,down,-0.0146569666668826,-0.0048386208739028,-3.625290961769417e-05,0.0009449667526799,8.563
5.311999999999999,-0.7970704479396797,0.0349373080153136,2.2194249685989225,3.2695407517894757,up,down,down,down,-0.0146569666668826,-0.0048386208739028,-3.625290961769417e-05,0.0009449667526799,8.578
5.343999999999999,-0.7972920404614907,0.0,2.245089604281306,3.340974145048667,up,down,down,down,-0.0146569666668826,-0.0048386208739028,-3.625290961769417e-05,0.0009449667526799,8.61
5.359,-0.7980948098510616,0.0388609926378428,2.257127584971759,3.3747413177617105,up,down,down,down,-0.0146569666668826,-0.0048386208739028,-3.625290961769417e-05,0.0009449667526799,8.625
5.375,-0.7988331153758566,0.0314871286328001,2.269980426307557,3.410958761898499,up,down,down,down,-0.0146569666668826,-0.0048386208739028,-3.625290961769417e-05,0.0009449667526799,8.641
5.391,-0.7987331924566146,0.0209021491195069,2.282838374704199,3.447381892353147,up,down,down,down,-0.0146569666668826,-0.0048386208739028,-3.625290961769417e-05,0.0009449667526799,8.657
5.406000000000001,-0.7986755726799242,0.0184982851129082,2.2948915197558324,3.4817154103552426,up,down,down,down,-0.0146569666668826,-0.0048386208739028,-3.625290961769417e-05,0.0009449667526799,8.672
5.422000000000001,-0.7982942115824514,0.0384920352589311,2.3077446959639136,3.5185370801275546,up,down,down,down,-0.0146569666668826,-0.0048386208739028,-3.625290961769417e-05,0.0009449667526799,8.688
5.436999999999999,-0.7979289446150144,0.0390080978293508,2.319788948948502,3.55324412625804,up,down,down,down,-0.0146569666668826,-0.0048386208739028,-3.625290961769417e-05,0.0009449667526799,8.703
5.452999999999999,-0.797236754970104,0.057918819473779797,2.332627692479166,3.5904640394360148,up,down,down,down,-0.0146569666668826,-0.0048386208739028,-3.625290961769417e-05,0.0009449667526799,8.719
5.468999999999999,-0.7982072370194402,0.045998161416626104,2.345468662349065,3.6278893903211946,up,down,down,down,-0.0146569666668826,-0.0048386208739028,-3.625290961769417e-05,0.0009449667526799,8.735
5.484,-0.7992083355958535,0.0520829384273338,2.3575218584567885,3.6631623630208847,up,down,down,down,-0.0146569666668826,-0.0048386208739028,-3.625290961769417e-05,0.0009449667526799,8.75
5.5,-0.798681108781917,0.0476086425379116,2.370382391945793,3.700986177070659,up,down,down,down,-0.0146569666668826,-0.0048386208739028,-3.625290961769417e-05,0.0009449667526799,8.766
5.516,-0.7986161219948418,0.0187186408590843,2.3832381877259894,3.739015721754587,up,down,down,down,-0.0146569666668826,-0.0048386208739028,-3.625290961769417e-05,0.0009449667526799,8.782
5.547000000000001,-0.7981309271381036,0.030308413658435403,2.4081377642346413,3.8132831728501757,up,down,down,down,-0.0146569666668826,-0.0048386208739028,-3.625290961769417e-05,0.0009449667526799,8.813
5.561999999999999,-0.797814820411368,0.0357307484492612,2.42017993665437,3.8494960994004845,up,down,down,down,-0.0146569666668826,-0.0048386208739028,-3.625290961769417e-05,0.0009449667526799,8.828
5.577999999999999,-0.7969596156395315,0.0681072649066592,2.43301555007676,3.888322243340888,up,down,down,down,-0.0146569666668826,-0.0048386208739028,-3.625290961769417e-05,0.0009449667526799,8.844
5.593999999999999,-0.79618037176248,0.063359708982603,2.4458380879099586,3.9273536524913357,up,down,down,down,-0.0146569666668826,-0.0048386208739028,-3.625290961769417e-05,0.0009449667526799,8.86
5.609,-0.7959436996620592,0.030435106694933697,2.457851597758751,3.9641318689274967,up,down,down,down,-0.0146569666668826,-0.0048386208739028,-3.625290961769417e-05,0.0009449667526799,8.875
5.625,-0.7962012947158392,0.0,2.4706661756477573,4.003560591161303,up,down,down,down,-0.0146569666668826,-0.0048386208739028,-3.625290961769417e-05,0.0009449667526799,8.891
5.641,-0.7964434021795022,0.0,2.4834847511569023,4.043194378622294,up,down,down,down,-0.0146569666668826,-0.0048386208739028,-3.625290961769417e-05,0.0009449667526799,8.907
5.656000000000001,-0.7964773368389757,0.0123946560353131,2.4955042360126503,4.080537339819712,up,down,down,down,-0.0146569666668826,-0.0048386208739028,-3.625290961769417e-05,0.0009449667526799,8.922
5.672000000000001,-0.7966315545997471,0.0,2.508326525078142,4.120568565954992,up,down,down,down,-0.0146569666668826,-0.0048386208739028,-3.625290961769417e-05,0.0009449667526799,8.938
5.686999999999999,-0.79705313209727,0.0134481998346475,2.520351739541477,4.15828419673328,up,down,down,down,-0.0146569666668826,-0.0048386208739028,-3.625290961769417e-05,0.0009449667526799,8.953
5.702999999999999,-0.7974634829443836,0.0109899612777177,2.5331852903957928,4.1987130730193325,up,down,down,down,-0.0146569666668826,-0.0048386208739028,-3.625290961769417e-05,0.0009449667526799,8.969
5.718999999999999,-0.797209509395362,0.030530313480737502,2.5460200922684932,4.2393472961272005,up,down,down,down,-0.0146569666668826,-0.0048386208739028,-3.625290961769417e-05,0.0009449667526799,8.985
5.734,-0.796839191414838,0.0393448320351412,2.5580480368376786,4.277628350889143,up,down,down,down,-0.0146569666668826,-0.0048386208739028,-3.625290961769417e-05,0.0009449667526799,9.0
5.75,-0.7964616794288144,0.0382514657933606,2.5708718617384103,4.318660290124305,up,down,down,down,-0.0146569666668826,-0.0048386208739028,-3.625290961769417e-05,0.0009449667526799,9.016
5.781000000000001,-0.7952295840190722,0.0544019798843731,2.595693073568944,4.398743170461769,up,down,down,down,-0.0146569666668826,-0.0048386208739028,-3.625290961769417e-05,0.0009449667526799,9.047
5.797000000000001,-0.7953437223526691,0.0,2.6084950779539007,4.440377255720506,up,down,down,down,-0.0146569666668826,-0.0048386208739028,-3.625290961769417e-05,0.0009449667526799,9.063
5.811999999999999,-0.7947044798744987,0.057273131878251796,2.620493018783712,4.479595210239679,up,down,down,down,-0.0146569666668826,-0.0048386208739028,-3.625290961769417e-05,0.0009449667526799,9.078
5.827999999999999,-0.7942295470567462,0.0443402677764113,2.6332819089331445,4.521625989707967,up,down,down,down,-0.0146569666668826,-0.0048386208739028,-3.625290961769417e-05,0.0009449667526799,9.094
5.843999999999999,-0.7952385981787362,0.0484087284574931,2.646075072029011,4.5638614256022185,up,down,down,down,-0.0146569666668826,-0.0048386208739028,-3.625290961769417e-05,0.0009449667526799,9.11
5.859,-0.7962501811687321,0.0527818993328434,2.6580838171872263,4.603643161064986,up,down,down,down,-0.0146569666668826,-0.0048386208739028,-3.625290961769417e-05,0.0009449667526799,9.125
5.891,-0.795899628320198,0.0256117431835743,2.6837130500070137,4.689113071033201,up,down,down,down,-0.0146569666668826,-0.0048386208739028,-3.625290961769417e-05,0.0009449667526799,9.157
5.906000000000001,-0.7952470444352535,0.0581625589965136,2.6957192293657886,4.729459356922143,up,down,down,down,-0.0146569666668826,-0.0048386208739028,-3.625290961769417e-05,0.0009449667526799,9.172
5.922000000000001,-0.7927352121854678,0.1716464822784877,2.708500505352737,4.772693694846445,up,down,down,down,-0.0146569666668826,-0.0048386208739028,-3.625290961769417e-05,0.0009449667526799,9.188
5.936999999999999,-0.7931572570070866,0.0134793547743718,2.7204672781847887,4.8134114970166175,up,down,down,down,-0.0146569666668826,-0.0048386208739028,-3.625290961769417e-05,0.0009449667526799,9.203
5.952999999999999,-0.7935637771454065,0.010750541978109601,2.733238464391991,4.8570417230037854,up,down,down,down,-0.0146569666668826,-0.0048386208739028,-3.625290961769417e-05,0.0009449667526799,9.219
5.968999999999999,-0.7924988271235254,0.0812163430344523,2.746004383160125,4.900876245830756,up,down,down,down,-0.0146569666668826,-0.0048386208739028,-3.625290961769417e-05,0.0009449667526799,9.235
5.984,-0.7919239590124256,0.0529815074068642,2.7579601333692536,4.942156523498372,up,down,down,down,-0.0146569666668826,-0.0048386208739028,-3.625290961769417e-05,0.0009449667526799,9.25
6.0,-0.7928115562053186,0.0408178578889296,2.7707154354249783,4.98638650809528,up,down,down,down,-0.0146569666668826,-0.0048386208739028,-3.625290961769417e-05,0.0009449667526799,9.266
6.016,-0.7936713878119246,0.039082508745990105,2.783484716911098,5.030820689360523,up,down,down,down,-0.0146569666668826,-0.0048386208739028,-3.625290961769417e-05,0.0009449667526799,9.282
6.047000000000001,-0.7937346610800677,0.0126158935009747,2.808239507916015,5.117493538685543,up,down,down,down,-0.0146569666668826,-0.0048386208739028,-3.625290961769417e-05,0.0009449667526799,9.313
6.061999999999999,-0.7935944171990457,0.0240065587350215,2.8202170553162165,5.159707506703426,up,down,down,down,-0.0146569666668826,-0.0048386208739028,-3.625290961769417e-05,0.0009449667526799,9.328
6.077999999999999,-0.7935089793732661,0.0199968307781027,2.8329913004227776,5.204933753595892,up,down,down,down,-0.0146569666668826,-0.0048386208739028,-3.625290961769417e-05,0.0009449667526799,9.344
6.093999999999999,-0.7937291280336964,0.0,2.845766623216016,5.250364397031556,up,down,down,down,-0.0146569666668826,-0.0048386208739028,-3.625290961769417e-05,0.0009449667526799,9.36
6.109,-0.7938957060215781,0.0,2.8577463887845393,5.293141288415208,up,down,down,down,-0.0146569666668826,-0.0048386208739028,-3.625290961769417e-05,0.0009449667526799,9.375
6.125,-0.7940431565838679,0.0,2.870527317619366,5.338968058112992,up,down,down,down,-0.0146569666668826,-0.0048386208739028,-3.625290961769417e-05,0.0009449667526799,9.391
6.141,-0.7939921276266908,0.0178462764904528,2.8833090178270324,5.384999328843117,up,down,down,down,-0.0146569666668826,-0.0048386208739028,-3.625290961769417e-05,0.0009449667526799,9.407
6.156000000000001,-0.7943782816799789,0.0110866368856579,2.8952943752099416,5.42833939808454,up,down,down,down,-0.0146569666668826,-0.0048386208739028,-3.625290961769417e-05,0.0009449667526799,9.422
6.172000000000001,-0.7953874192972048,0.04841413440973451,2.908089918751742,5.474767052482787,up,down,down,down,-0.0146569666668826,-0.0048386208739028,-3.625290961769417e-05,0.0009449667526799,9.438
6.186999999999999,-0.7941650037330721,0.0961513376090703,2.9200841412375764,5.518478901726348,up,down,down,down,-0.0146569666668826,-0.0048386208739028,-3.625290961769417e-05,0.0009449667526799,9.453
6.218999999999999,-0.7951859683997515,0.01724817916685,2.9456685926596666,5.612332105561811,up,down,down,down,-0.0146569666668826,-0.0048386208739028,-3.625290961769417e-05,0.0009449667526799,9.485
6.234,-0.7962192080500081,0.0542256766835541,2.9576767107961484,5.656607739131376,up,down,down,down,-0.0146569666668826,-0.0048386208739028,-3.625290961769417e-05,0.0009449667526799,9.5
6.25,-0.794823316873579,0.1019001651937032,2.97048246892952,5.704033592615735,up,down,down,down,-0.0146569666668826,-0.0048386208739028,-3.625290961769417e-05,0.0009449667526799,9.516
6.281000000000001,-0.7956595426160007,0.012318057282204099,2.9952849504987,5.796504111457073,up,down,down,down,-0.0146569666668826,-0.0048386208739028,-3.625290961769417e-05,0.0009449667526799,9.547
6.297000000000001,-0.796031616194325,0.0,3.008095897703165,5.844531738289241,up,down,down,down,-0.0146569666668826,-0.0048386208739028,-3.625290961769417e-05,0.0009449667526799,9.563
6.311999999999999,-0.7949523393938591,0.08660875336461729,3.020100856683184,5.88974375774078,up,down,down,down,-0.0146569666668826,-0.0048386208739028,-3.625290961769417e-05,0.0009449667526799,9.578
6.327999999999999,-0.7941633425961978,0.0639692665207145,3.032891200073087,5.9381682742413835,up,down,down,down,-0.0146569666668826,-0.0048386208739028,-3.625290961769417e-05,0.0009449667526799,9.594
6.343999999999999,-0.7934180553574262,0.061237419090110795,3.045669269190699,5.986797338042048,up,down,down,down,-0.0146569666668826,-0.0048386208739028,-3.625290961769417e-05,0.0009449667526799,9.61
6.359,-0.7925550093565672,0.0721933667241442,3.0576366464891627,6.0325726762032925,up,down,down,down,-0.0146569666668826,-0.0048386208739028,-3.625290961769417e-05,0.0009449667526799,9.625
6.375,-0.7909167355981683,0.1170490765668117,3.070381838382783,6.081597404128822,up,down,down,down,-0.0146569666668826,-0.0048386208739028,-3.625290961769417e-05,0.0009449667526799,9.641
6.391,-0.7893112157731963,0.11500195572763469,3.0831010799277365,6.13082584752186,up,down,down,down,-0.0146569666668826,-0.0048386208739028,-3.625290961769417e-05,0.0009449667526799,9.657
6.406000000000001,-0.7865010999312911,0.201998022793886,3.094992251608629,6.177162091302029,up,down,down,down,-0.0146569666668826,-0.0048386208739028,-3.625290961769417e-05,0.0009449667526799,9.672
6.422000000000001,-0.7856612007031529,0.0671506684255205,3.107646967947687,6.226783785105034,up,down,down,down,-0.0146569666668826,-0.0048386208739028,-3.625290961769417e-05,0.0009449667526799,9.688
6.436999999999999,-0.7848585488137019,0.0681670926302906,3.119498445382171,6.273487919498648,up,down,down,down,-0.0146569666668826,-0.0048386208739028,-3.625290961769417e-05,0.0009449667526799,9.703
6.452999999999999,-0.7828847451831518,0.1380196935762642,3.132117809668128,6.323501429585605,up,down,down,down,-0.0146569666668826,-0.0048386208739028,-3.625290961769417e-05,0.0009449667526799,9.719
6.468999999999999,-0.7794671652870182,0.2282557101752299,3.144694042885872,6.373716504452591,up,down,down,down,-0.0146569666668826,-0.0048386208739028,-3.625290961769417e-05,0.0009449667526799,9.735
6.484,-0.7786767474951937,0.0673514861218498,3.156452701544848,6.420975648829467,up,down,down,down,-0.0146569666668826,-0.0048386208739028,-3.625290961769417e-05,0.0009449667526799,9.75
6.516,-0.7779134033885509,0.0385114699994702,3.1815129798269526,6.522384259824523,up,down,down,down,-0.0146569666668826,-0.0048386208739028,-3.625290961769417e-05,0.0009449667526799,9.782
6.531000000000001,-0.7752235964152909,0.1939774315508714,3.1932340866385904,6.570195406616661,up,down,down,down,-0.0146569666668826,-0.0048386208739028,-3.625290961769417e-05,0.0009449667526799,9.797
6.547000000000001,-0.7730334782272053,0.1515393534222373,3.2056975611697127,6.621387439845682,up,down,down,down,-0.0146569666668826,-0.0048386208739028,-3.625290961769417e-05,0.0009449667526799,9.813
6.561999999999999,-0.7709072056223931,0.1564084736543693,3.2173496956116923,6.669560838065183,up,down,down,down,-0.0146569666668826,-0.0048386208739028,-3.625290961769417e-05,0.0009449667526799,9.828
6.577999999999999,-0.7674177492354239,0.2327479908524562,3.229733713184537,6.7211380853821066,up,down,down,down,-0.0146569666668826,-0.0048386208739028,-3.625290961769417e-05,0.0009449667526799,9.844
6.593999999999999,-0.7640286511257468,0.2264755985217033,3.2420627023214084,6.772913036752708,up,down,down,down,-0.0146569666668826,-0.0048386208739028,-3.625290961769417e-05,0.0009449667526799,9.86
6.609,-0.7611573759144505,0.2060753140866263,3.2535741768373194,6.821630857140045,up,down,down,down,-0.0146569666668826,-0.0048386208739028,-3.625290961769417e-05,0.0009449667526799,9.875
6.625,-0.7576352055938465,0.234792611704638,3.2658019354233683,6.873786446084685,up,down,down,down,-0.0146569666668826,-0.0048386208739028,-3.625290961769417e-05,0.0009449667526799,9.891
6.641,-0.7522026133137576,0.3541939841724357,3.2779580559086114,6.926137106061894,up,down,down,down,-0.0146569666668826,-0.0048386208739028,-3.625290961769417e-05,0.0009449667526799,9.907
6.656000000000001,-0.7469067512357892,0.3677144385314288,3.289273955455842,6.975391889940774,up,down,down,down,-0.0146569666668826,-0.0048386208739028,-3.625290961769417e-05,0.0009449667526799,9.922
6.686999999999999,-0.7420562567633606,0.171124530293617,3.312502879326919,7.0777205547201,up,down,down,down,-0.0146569666668826,-0.0048386208739028,-3.625290961769417e-05,0.0009449667526799,9.953
6.718999999999999,-0.7373174006547689,0.1627462200603732,3.336327693713574,7.184103003981856,up,down,down,down,-0.0146569666668826,-0.0048386208739028,-3.625290961769417e-05,0.0009449667526799,9.985
6.734,-0.732946649303921,0.306040390056736,3.347427253401373,7.234231709878864,up,down,down,down,-0.0146569666668826,-0.0048386208739028,-3.625290961769417e-05,0.0009449667526799,10.0
6.75,-0.7278455876967875,0.3334733171127209,3.359191009231361,7.28788523602648,up,down,down,down,-0.0146569666668826,-0.0048386208739028,-3.625290961769417e-05,0.0009449667526799,10.016
6.766,-0.7228324920552058,0.3279754442657385,3.3708738518033594,7.341726334961312,up,down,down,down,-0.0146569666668826,-0.0048386208739028,-3.625290961769417e-05,0.0009449667526799,10.032
6.781000000000001,-0.716977914869446,0.4049621123841931,3.3817450091684034,7.392371520212246,up,down,down,down,-0.0146569666668826,-0.0048386208739028,-3.625290961769417e-05,0.0009449667526799,10.047
6.797000000000001,-0.7091585863085648,0.5033650017219565,3.39323151911181,7.446571912485042,up,down,down,down,-0.0146569666668826,-0.0048386208739028,-3.625290961769417e-05,0.0009449667526799,10.063
6.811999999999999,-0.7023092303545422,0.4712806969350916,3.4038901070498913,7.497550868474895,up,down,down,down,-0.0146569666668826,-0.0048386208739028,-3.625290961769417e-05,0.0009449667526799,10.078
6.843999999999999,-0.6940314106981464,0.2733388309292491,3.426386393174699,7.606836452571597,up,down,down,down,-0.0146569666668826,-0.0048386208739028,-3.625290961769417e-05,0.0009449667526799,10.11
6.859,-0.6883624709573297,0.39258628272131657,3.4368269266002245,7.658311096263555,up,down,down,down,-0.0146569666668826,-0.0048386208739028,-3.625290961769417e-05,0.0009449667526799,10.125
6.875,-0.6827913622784294,0.362851259098152,3.447873575200093,7.713389280324511,up,down,down,down,-0.0146569666668826,-0.0048386208739028,-3.625290961769417e-05,0.0009449667526799,10.141
6.891,-0.6734013589592003,0.6015321741187023,3.4588005349039763,7.768643253251898,up,down,down,down,-0.0146569666668826,-0.0048386208739028,-3.625290961769417e-05,0.0009449667526799,10.157
6.906000000000001,-0.6650654757779275,0.5703825120850458,3.4689116154776136,7.820601638173406,up,down,down,down,-0.0146569666668826,-0.0048386208739028,-3.625290961769417e-05,0.0009449667526799,10.172
6.922000000000001,-0.6569539241525462,0.5216289432532167,3.4795651886110393,7.876190032652668,up,down,down,down,-0.0146569666668826,-0.0048386208739028,-3.625290961769417e-05,0.0009449667526799,10.188
6.936999999999999,-0.6499797288106173,0.4796033227955127,3.489439770321371,7.928458113638301,up,down,down,down,-0.0146569666668826,-0.0048386208739028,-3.625290961769417e-05,0.0009449667526799,10.203
6.952999999999999,-0.6416738070321184,0.5337770778230616,3.499850416542095,7.984373015179763,up,down,down,down,-0.0146569666668826,-0.0048386208739028,-3.625290961769417e-05,0.0009449667526799,10.219
6.968999999999999,-0.631815391628562,0.6308079293891549,3.5101157480653633,8.040453324543176,up,down,down,down,-0.0146569666668826,-0.0048386208739028,-3.625290961769417e-05,0.0009449667526799,10.235
6.984,-0.622182022428774,0.6568815799860634,3.5195933079839024,8.093176686257191,up,down,down,down,-0.0146569666668826,-0.0048386208739028,-3.625290961769417e-05,0.0009449667526799,10.25
7.0,-0.6136157690958353,0.550047799975551,3.5295571082500823,8.149570469633616,up,down,down,down,-0.0146569666668826,-0.0048386208739028,-3.625290961769417e-05,0.0009449667526799,10.266
7.016,-0.6040303621498655,0.6137449007899924,3.53937569523403,8.206122512108044,up,down,down,down,-0.0146569666668826,-0.0048386208739028,-3.625290961769417e-05,0.0009449667526799,10.282
7.031000000000001,-0.5946623055118607,0.6391940758671772,3.5484384695546023,8.259281662137605,up,down,down,down,-0.0146569666668826,-0.0048386208739028,-3.625290961769417e-05,0.0009449667526799,10.297
7.061999999999999,-0.5846453472803326,0.3377846515548999,3.566867735419971,8.369570032154904,up,down,down,down,-0.0146569666668826,-0.0048386208739028,-3.625290961769417e-05,0.0009449667526799,10.328
7.077999999999999,-0.5755726424069838,0.5817010212511802,3.576226897271452,8.42671536926299,up,down,down,down,-0.0146569666668826,-0.0048386208739028,-3.625290961769417e-05,0.0009449667526799,10.344
7.093999999999999,-0.5666672722778809,0.5712425997358112,3.585442234522913,8.484009302363898,up,down,down,down,-0.0146569666668826,-0.0048386208739028,-3.625290961769417e-05,0.0009449667526799,10.36
7.109,-0.5584223735427045,0.5643168823452899,3.5939529861796764,8.537855310312814,up,down,down,down,-0.0146569666668826,-0.0048386208739028,-3.625290961769417e-05,0.0009449667526799,10.375
7.141,-0.5481404031653128,0.3359685409603747,3.6118128264749694,8.653148723408396,up,down,down,down,-0.0146569666668826,-0.0048386208739028,-3.625290961769417e-05,0.0009449667526799,10.407
7.156000000000001,-0.5385422920005336,0.654531044318802,3.620035526001822,8.707388129845619,up,down,down,down,-0.0146569666668826,-0.0048386208739028,-3.625290961769417e-05,0.0009449667526799,10.422
7.172000000000001,-0.5295906997551771,0.5741314820016613,3.6286580078698503,8.765378258163146,up,down,down,down,-0.0146569666668826,-0.0048386208739028,-3.625290961769417e-05,0.0009449667526799,10.438
7.186999999999999,-0.520886094634033,0.5949639747432045,3.6366091631408772,8.819868305739366,up,down,down,down,-0.0146569666668826,-0.0048386208739028,-3.625290961769417e-05,0.0009449667526799,10.453
7.202999999999999,-0.5106392266603379,0.6550862150228269,3.644938783645215,8.878121269360209,up,down,down,down,-0.0146569666668826,-0.0048386208739028,-3.625290961769417e-05,0.0009449667526799,10.469
7.218999999999999,-0.5007929022745721,0.6300522407772462,3.6531076586106765,8.93650622094481,up,down,down,down,-0.0146569666668826,-0.0048386208739028,-3.625290961769417e-05,0.0009449667526799,10.485
7.234,-0.4911694408689158,0.6562210603772775,3.660619955497362,8.991359721844267,up,down,down,down,-0.0146569666668826,-0.0048386208739028,-3.625290961769417e-05,0.0009449667526799,10.5
7.25,-0.4805747747437064,0.6768235994924714,3.668471327156245,9.04999303215205,up,down,down,down,-0.0146569666668826,-0.0048386208739028,-3.625290961769417e-05,0.0009449667526799,10.516
7.266,-0.4710228622181578,0.6116514995136662,3.676161526185922,9.10875067502534,up,down,down,down,-0.0146569666668826,-0.0048386208739028,-3.625290961769417e-05,0.0009449667526799,10.532
7.281000000000001,-0.459122498470002,0.808014549877242,3.6832101957041923,9.163946506733165,up,down,down,down,-0.0146569666668826,-0.0048386208739028,-3.625290961769417e-05,0.0009449667526799,10.547
7.297000000000001,-0.4474696280274096,0.7429613693289098,3.690540350650154,9.222937091150552,up,down,down,down,-0.0146569666668826,-0.0048386208739028,-3.625290961769417e-05,0.0009449667526799,10.563
7.311999999999999,-0.4377346673298704,0.6636543465028821,3.6972519621784423,9.278346077290406,up,down,down,down,-0.0146569666668826,-0.0048386208739028,-3.625290961769417e-05,0.0009449667526799,10.578
7.327999999999999,-0.4268805875965907,0.6930369499968618,3.704246302151836,9.337558643451604,up,down,down,down,-0.0146569666668826,-0.0048386208739028,-3.625290961769417e-05,0.0009449667526799,10.594
7.343999999999999,-0.4162792211892566,0.6772423671252641,3.711068998556105,9.396881745903821,up,down,down,down,-0.0146569666668826,-0.0048386208739028,-3.625290961769417e-05,0.0009449667526799,10.61
7.375,-0.4068881524578547,0.3175946676798392,3.723978090094726,9.51212609961811,up,down,down,down,-0.0146569666668826,-0.0048386208739028,-3.625290961769417e-05,0.0009449667526799,10.641
7.391,-0.3986226947808565,0.5312480714792739,3.730499594806619,9.571762501143875,up,down,down,down,-0.0146569666668826,-0.0048386208739028,-3.625290961769417e-05,0.0009449667526799,10.657
7.406000000000001,-0.3905701796082522,0.5514913115071491,3.736491120677646,9.627765475303653,up,down,down,down,-0.0146569666668826,-0.0048386208739028,-3.625290961769417e-05,0.0009449667526799,10.672
7.422000000000001,-0.3824250050323084,0.5237303776633678,3.7427525000887516,9.687600004316336,up,down,down,down,-0.0146569666668826,-0.0048386208739028,-3.625290961769417e-05,0.0009449667526799,10.688
7.436999999999999,-0.3753780741008903,0.4844523620947911,3.7485086024953596,9.743785006379358,up,down,down,down,-0.0146569666668826,-0.0048386208739028,-3.625290961769417e-05,0.0009449667526799,10.703
7.452999999999999,-0.3660566468118347,0.5972461722328575,3.754517498196644,9.803809795231448,up,down,down,down,-0.0146569666668826,-0.0048386208739028,-3.625290961769417e-05,0.0009449667526799,10.719
7.468999999999999,-0.3569583871217965,0.583298197294269,3.760379036402095,9.863929547554791,up,down,down,down,-0.0146569666668826,-0.0048386208739028,-3.625290961769417e-05,0.0009449667526799,10.735
7.484,-0.348828290928461,0.5566633795558947,3.765745015800581,9.920376021739958,up,down,down,down,-0.0146569666668826,-0.0048386208739028,-3.625290961769417e-05,0.0009449667526799,10.75
7.5,-0.3399002163902179,0.572661625307081,3.771332261793113,9.98067322000726,up,down,down,down,-0.0146569666668826,-0.0048386208739028,-3.625290961769417e-05,0.0009449667526799,10.766
7.516,-0.3312186778300728,0.5572531266759501,3.776778630880858,10.041058687195209,up,down,down,down,-0.0146569666668826,-0.0048386208739028,-3.625290961769417e-05,0.0009449667526799,10.782
7.531000000000001,-0.321333794994338,0.6736491557158405,3.78174535374015,10.097748160873513,up,down,down,down,-0.0146569666668826,-0.0048386208739028,-3.625290961769417e-05,0.0009449667526799,10.797
7.547000000000001,-0.3143148741654738,0.4533395184708971,3.786907961027411,10.158297967438203,up,down,down,down,-0.0146569666668826,-0.0048386208739028,-3.625290961769417e-05,0.0009449667526799,10.813
7.561999999999999,-0.3059430138999702,0.5727809843671694,3.7916324745010104,10.215137564498308,up,down,down,down,-0.0146569666668826,-0.0048386208739028,-3.625290961769417e-05,0.0009449667526799,10.828
7.593999999999999,-0.2982542589117383,0.2549305600491276,3.8014544667339623,10.336628115651177,up,down,down,down,-0.0146569666668826,-0.0048386208739028,-3.625290961769417e-05,0.0009449667526799,10.86
7.609,-0.2903528081152303,0.5414203531007332,3.805941599049773,10.393684129938201,up,down,down,down,-0.0146569666668826,-0.0048386208739028,-3.625290961769417e-05,0.0009449667526799,10.875
7.625,-0.2827101339890845,0.4923240995509897,3.81060352052059,10.454617070941316,up,down,down,down,-0.0146569666668826,-0.0048386208739028,-3.625290961769417e-05,0.0009449667526799,10.891
7.641,-0.2759851144490569,0.4349706879186127,3.815150500442078,10.515623683155571,up,down,down,down,-0.0146569666668826,-0.0048386208739028,-3.625290961769417e-05,0.0009449667526799,10.907
7.656000000000001,-0.2680820101400628,0.5415305872664695,3.819303583189605,10.572882632576457,up,down,down,down,-0.0146569666668826,-0.0048386208739028,-3.625290961769417e-05,0.0009449667526799,10.922
7.672000000000001,-0.2603704921105141,0.4966268435136705,3.8236086211415916,10.63402651025766,up,down,down,down,-0.0146569666668826,-0.0048386208739028,-3.625290961769417e-05,0.0009449667526799,10.938
7.686999999999999,-0.2548783208893237,0.3808017147462714,3.827545566552199,10.691410710459,up,down,down,down,-0.0146569666668826,-0.0048386208739028,-3.625290961769417e-05,0.0009449667526799,10.953
7.702999999999999,-0.2475811832036392,0.4707280720221646,3.8316426605189253,10.752684796322125,up,down,down,down,-0.0146569666668826,-0.0048386208739028,-3.625290961769417e-05,0.0009449667526799,10.969
7.734,-0.2409244634802796,0.2293898609688002,3.8393644952896167,10.871586531077357,up,down,down,down,-0.0146569666668826,-0.0048386208739028,-3.625290961769417e-05,0.0009449667526799,11.0
7.766,-0.2324980477240502,0.2779824590490539,3.8470940913368508,10.994571028556487,up,down,down,down,-0.0146569666668826,-0.0048386208739028,-3.625290961769417e-05,0.0009449667526799,11.032
7.781000000000001,-0.2242565981375169,0.5640869391024137,3.8505923304939214,11.052304220513864,up,down,down,down,-0.0146569666668826,-0.0048386208739028,-3.625290961769417e-05,0.0009449667526799,11.047
7.797000000000001,-0.2175530098523222,0.4336312344915499,3.854204225291823,11.113943173006705,up,down,down,down,-0.0146569666668826,-0.0048386208739028,-3.625290961769417e-05,0.0009449667526799,11.063
7.811999999999999,-0.2104471963042105,0.4883778698743663,3.857486806151105,11.171781399536169,up,down,down,down,-0.0146569666668826,-0.0048386208739028,-3.625290961769417e-05,0.0009449667526799,11.078
7.827999999999999,-0.2035060329368541,0.4484796771266569,3.860875849919016,11.23352888083128,up,down,down,down,-0.0146569666668826,-0.0048386208739028,-3.625290961769417e-05,0.0009449667526799,11.094
7.843999999999999,-0.1991764148694042,0.285258095882502,3.8641747274354477,11.29532986549667,up,down,down,down,-0.0146569666668826,-0.0048386208739028,-3.625290961769417e-05,0.0009449667526799,11.11
7.859,-0.193882582866733,0.3675791001782822,3.867195249231578,11.35331568411532,up,down,down,down,-0.0146569666668826,-0.0048386208739028,-3.625290961769417e-05,0.0009449667526799,11.125
7.875,-0.1903557729487027,0.2350825865437785,3.870346574012084,11.415216598747822,up,down,down,down,-0.0146569666668826,-0.0048386208739028,-3.625290961769417e-05,0.0009449667526799,11.141
7.906000000000001,-0.186910490599912,0.12579510695045182,3.876344198344179,11.535291429559544,up,down,down,down,-0.0146569666668826,-0.0048386208739028,-3.625290961769417e-05,0.0009449667526799,11.172
7.922000000000001,-0.1832580390019327,0.2429351915405838,3.879382964514976,11.597337826908973,up,down,down,down,-0.0146569666668826,-0.0048386208739028,-3.625290961769417e-05,0.0009449667526799,11.188
7.936999999999999,-0.17968017239828,0.2531814069104204,3.882177580413586,11.655550074789577,up,down,down,down,-0.0146569666668826,-0.0048386208739028,-3.625290961769417e-05,0.0009449667526799,11.203
7.952999999999999,-0.1750864533750427,0.3017644056192099,3.885093131353755,11.717688820530269,up,down,down,down,-0.0146569666668826,-0.0048386208739028,-3.625290961769417e-05,0.0009449667526799,11.219
7.968999999999999,-0.1712363980960881,0.2552854216015483,3.887941132099507,11.779873674684449,up,down,down,down,-0.0146569666668826,-0.0048386208739028,-3.625290961769417e-05,0.0009449667526799,11.235
7.984,-0.1674957758816724,0.264031780961248,3.8905542027174476,11.838212933489222,up,down,down,down,-0.0146569666668826,-0.0048386208739028,-3.625290961769417e-05,0.0009449667526799,11.25
8.0,-0.16300942239969451,0.2950540592905011,3.893275662237682,11.900484152455416,up,down,down,down,-0.0146569666668826,-0.0048386208739028,-3.625290961769417e-05,0.0009449667526799,11.266
8.016,-0.1583398595943351,0.3065046420018487,3.8959238744276163,11.962798328795294,up,down,down,down,-0.0146569666668826,-0.0048386208739028,-3.625290961769417e-05,0.0009449667526799,11.282
8.031,-0.1544584244901231,0.2734193069476739,3.898342440871358,12.021255869953682,up,down,down,down,-0.0146569666668826,-0.0048386208739028,-3.625290961769417e-05,0.0009449667526799,11.297
8.062,-0.1506752737402994,0.136694087628939,3.9032220104410214,12.142181242789217,up,down,down,down,-0.0146569666668826,-0.0048386208739028,-3.625290961769417e-05,0.0009449667526799,11.328
8.078,-0.1455610093986195,0.3342984880218786,3.905669318640115,12.20465295346842,up,down,down,down,-0.0146569666668826,-0.0048386208739028,-3.625290961769417e-05,0.0009449667526799,11.344
8.094,-0.1409220998212604,0.3045888152518279,3.9080386014478563,12.267163196875678,up,down,down,down,-0.0146569666668826,-0.0048386208739028,-3.625290961769417e-05,0.0009449667526799,11.36
8.109,-0.1364007506679883,0.3160802435516758,3.9101911021396343,12.325800463446232,up,down,down,down,-0.0146569666668826,-0.0048386208739028,-3.625290961769417e-05,0.0009449667526799,11.375
8.125,-0.1315507178133633,0.3177840200809474,3.9124121318214677,12.388381869364474,up,down,down,down,-0.0146569666668826,-0.0048386208739028,-3.625290961769417e-05,0.0009449667526799,11.391
8.141,-0.1275112881543859,0.2671213203529706,3.914562045803192,12.450998242832025,up,down,down,down,-0.0146569666668826,-0.0048386208739028,-3.625290961769417e-05,0.0009449667526799,11.407
8.172,-0.12446847168843439,0.112812336536284,3.918617729327847,12.572413653186755,up,down,down,down,-0.0146569666668826,-0.0048386208739028,-3.625290961769417e-05,0.0009449667526799,11.438
8.187,-0.119954607568765,0.3155812413115311,3.9205234817353842,12.631207756063372,up,down,down,down,-0.0146569666668826,-0.0048386208739028,-3.625290961769417e-05,0.0009449667526799,11.453
8.203,-0.1178806962301291,0.144276425331625,3.922503582099758,12.693952552620607,up,down,down,down,-0.0146569666668826,-0.0048386208739028,-3.625290961769417e-05,0.0009449667526799,11.469
8.219,-0.115829662388105,0.1428465817933885,3.924450682902686,12.75672876678718,up,down,down,down,-0.0146569666668826,-0.0048386208739028,-3.625290961769417e-05,0.0009449667526799,11.485
8.234,-0.1122862228991686,0.2508862659293022,3.926234131355449,12.815609446687763,up,down,down,down,-0.0146569666668826,-0.0048386208739028,-3.625290961769417e-05,0.0009449667526799,11.5
8.25,-0.1096306101423714,0.1806327639667046,3.928086883953764,12.87844459485679,up,down,down,down,-0.0146569666668826,-0.0048386208739028,-3.625290961769417e-05,0.0009449667526799,11.516
8.266,-0.1069906714227571,0.1796531366427775,3.929897272140267,12.941309048152096,up,down,down,down,-0.0146569666668826,-0.0048386208739028,-3.625290961769417e-05,0.0009449667526799,11.532
8.281,-0.1040593634924054,0.2100774953569871,3.931552726715239,13.00027046693716,up,down,down,down,-0.0146569666668826,-0.0048386208739028,-3.625290961769417e-05,0.0009449667526799,11.547
8.297,-0.101857840241447,0.1522521698517862,3.9332774822790926,13.063189688655669,up,down,down,down,-0.0146569666668826,-0.0048386208739028,-3.625290961769417e-05,0.0009449667526799,11.563
8.312,-0.0996851880519252,0.1595004459683465,3.934861634304401,13.122201275823684,up,down,down,down,-0.0146569666668826,-0.0048386208739028,-3.625290961769417e-05,0.0009449667526799,11.578
8.328,-0.0978496552059749,0.1293777695387751,3.936519330984447,13.18517290359255,up,down,down,down,-0.0146569666668826,-0.0048386208739028,-3.625290961769417e-05,0.0009449667526799,11.594
8.344,-0.095091286734796,0.1870549961155662,3.938140276453955,13.248170760498612,up,down,down,down,-0.0146569666668826,-0.0048386208739028,-3.625290961769417e-05,0.0009449667526799,11.61
8.359,-0.0933604963190273,0.1300429943847864,3.939626244139967,13.307254553196712,up,down,down,down,-0.0146569666668826,-0.0048386208739028,-3.625290961769417e-05,0.0009449667526799,11.625
8.375,-0.0916992717532974,0.1184835020250027,3.9411841402185277,13.370301616318134,up,down,down,down,-0.0146569666668826,-0.0048386208739028,-3.625290961769417e-05,0.0009449667526799,11.641
8.391,-0.0886956722864376,0.20238193334561969,3.9427047177048293,13.433373307228075,up,down,down,down,-0.0146569666668826,-0.0048386208739028,-3.625290961769417e-05,0.0009449667526799,11.657
8.406,-0.0880659618798632,0.0566376604385107,3.9441030092741847,13.492524908974064,up,down,down,down,-0.0146569666668826,-0.0048386208739028,-3.625290961769417e-05,0.0009449667526799,11.672
8.437,-0.085760883630714,0.0890143295426648,3.9469473226266896,13.61483731295872,up,down,down,down,-0.0146569666668826,-0.0048386208739028,-3.625290961769417e-05,0.0009449667526799,11.703
8.453,-0.08457746885103751,0.0886203903966662,3.9483874473805263,13.678000571165333,up,down,down,down,-0.0146569666668826,-0.0048386208739028,-3.625290961769417e-05,0.0009449667526799,11.719
8.469,-0.0834469879466635,0.0853120231902546,3.94980906096889,13.741186723278682,up,down,down,down,-0.0146569666668826,-0.0048386208739028,-3.625290961769417e-05,0.0009449667526799,11.735
8.484,-0.0811061960914863,0.1707097570120244,3.9511157891622846,13.800444203448313,up,down,down,down,-0.0146569666668826,-0.0048386208739028,-3.625290961769417e-05,0.0009449667526799,11.75
8.5,-0.0786088558204678,0.1707407336055352,3.952470927511563,13.863673477228255,up,down,down,down,-0.0146569666668826,-0.0048386208739028,-3.625290961769417e-05,0.0009449667526799,11.766
8.516,-0.0761317210463695,0.1694778900480317,3.95378627006048,13.926924114855389,up,down,down,down,-0.0146569666668826,-0.0048386208739028,-3.625290961769417e-05,0.0009449667526799,11.782
8.531,-0.0737372952536681,0.174285352846965,3.954982866995838,13.986240427176956,up,down,down,down,-0.0146569666668826,-0.0048386208739028,-3.625290961769417e-05,0.0009449667526799,11.797
8.547,-0.0712397814398802,0.1707515800286282,3.9562201015433693,14.049530630971825,up,down,down,down,-0.0146569666668826,-0.0048386208739028,-3.625290961769417e-05,0.0009449667526799,11.813
8.562,-0.0675978993814734,0.2574491038940198,3.9573339634626383,14.108882830253009,up,down,down,down,-0.0146569666668826,-0.0048386208739028,-3.625290961769417e-05,0.0009449667526799,11.828
8.578,-0.0640295608283168,0.2376781262391721,3.9584644010782988,14.172209797215888,up,down,down,down,-0.0146569666668826,-0.0048386208739028,-3.625290961769417e-05,0.0009449667526799,11.844
8.594,-0.0627190718348096,0.0965625287610802,3.959555808073586,14.235554538935656,up,down,down,down,-0.0146569666668826,-0.0048386208739028,-3.625290961769417e-05,0.0009449667526799,11.86
8.609,-0.061310608704609096,0.1085545086802449,3.9605586099907404,14.294955940864789,up,down,down,down,-0.0146569666668826,-0.0048386208739028,-3.625290961769417e-05,0.0009449667526799,11.875
8.625,-0.0599377799085446,0.10045876642091969,3.961606015033628,14.358333837911536,up,down,down,down,-0.0146569666668826,-0.0048386208739028,-3.625290961769417e-05,0.0009449667526799,11.891
8.641,-0.0582584695124293,0.119613866424085,3.962629002962978,14.421728298102062,up,down,down,down,-0.0146569666668826,-0.0048386208739028,-3.625290961769417e-05,0.0009449667526799,11.907
8.656,-0.057350089223321604,0.0752156526073915,3.9635686464666056,14.481175324266431,up,down,down,down,-0.0146569666668826,-0.0048386208739028,-3.625290961769417e-05,0.0009449667526799,11.922
8.672,-0.0570623900393841,0.0326381656629802,3.9645613642346884,14.544600944398596,up,down,down,down,-0.0146569666668826,-0.0048386208739028,-3.625290961769417e-05,0.0009449667526799,11.938
8.703,-0.0567876634390121,0.0235191150659789,3.966476037310695,14.667533147962745,up,down,down,down,-0.0146569666668826,-0.0048386208739028,-3.625290961769417e-05,0.0009449667526799,11.969
8.719,-0.0556982614961576,0.0827445880952857,3.967453342644159,14.731005163048936,up,down,down,down,-0.0146569666668826,-0.0048386208739028,-3.625290961769417e-05,0.0009449667526799,11.985
8.734,-0.053879149409990404,0.1359311057446947,3.9683477525390636,14.790524215056456,up,down,down,down,-0.0146569666668826,-0.0048386208739028,-3.625290961769417e-05,0.0009449667526799,12.0
8.75,-0.0521513120334749,0.1226468026991009,3.9692734141645936,14.854025764436638,up,down,down,down,-0.0146569666668826,-0.0048386208739028,-3.625290961769417e-05,0.0009449667526799,12.016
8.766,-0.0507279348481227,0.1036180407513973,3.9701738660736283,14.917541922725098,up,down,down,down,-0.0146569666668826,-0.0048386208739028,-3.625290961769417e-05,0.0009449667526799,12.032
8.781,-0.0495249167241454,0.0948581749320311,3.9709983417735284,14.977101258077598,up,down,down,down,-0.0146569666668826,-0.0048386208739028,-3.625290961769417e-05,0.0009449667526799,12.047
8.797,-0.0483432190965569,0.0885130683911614,3.9718587047940774,15.040644694496692,up,down,down,down,-0.0146569666668826,-0.0048386208739028,-3.625290961769417e-05,0.0009449667526799,12.063
8.812,-0.0471795009983893,0.09223817321139689,3.972647704507898,15.100229036360098,up,down,down,down,-0.0146569666668826,-0.0048386208739028,-3.625290961769417e-05,0.0009449667526799,12.078
8.828,-0.0457282926306721,0.1053574896492057,3.9734683847909116,15.16379854512104,up,down,down,down,-0.0146569666668826,-0.0048386208739028,-3.625290961769417e-05,0.0009449667526799,12.094
8.844,-0.043638999518011104,0.1452377862081974,3.9742607410620843,15.22738095817442,up,down,down,down,-0.0146569666668826,-0.0048386208739028,-3.625290961769417e-05,0.0009449667526799,12.11
8.875,-0.0421242625432896,0.0635194497224135,3.975740068871126,15.350607094568586,up,down,down,down,-0.0146569666668826,-0.0048386208739028,-3.625290961769417e-05,0.0009449667526799,12.141
8.891,-0.0407992799818082,0.0974683767594695,3.9764808751453096,15.414225442167272,up,down,down,down,-0.0146569666668826,-0.0048386208739028,-3.625290961769417e-05,0.0009449667526799,12.157
8.906,-0.0395083392546205,0.1007196818127271,3.97715576160269,15.473878260736528,up,down,down,down,-0.0146569666668826,-0.0048386208739028,-3.625290961769417e-05,0.0009449667526799,12.172
8.922,-0.0386370496445654,0.0691125672953272,3.977858342647867,15.537518953617086,up,down,down,down,-0.0146569666668826,-0.0048386208739028,-3.625290961769417e-05,0.0009449667526799,12.188
8.937,-0.0384793209125629,0.025172215467048897,3.9785092947401544,15.597192254691135,up,down,down,down,-0.0146569666668826,-0.0048386208739028,-3.625290961769417e-05,0.0009449667526799,12.203
8.953,-0.0383193553692909,0.024654813121383998,3.979201102084391,15.660854517912286,up,down,down,down,-0.0146569666668826,-0.0048386208739028,-3.625290961769417e-05,0.0009449667526799,12.219
8.969,-0.037625102999001604,0.0580477398099641,3.97988607568532,15.724527795380997,up,down,down,down,-0.0146569666668826,-0.0048386208739028,-3.625290961769417e-05,0.0009449667526799,12.235
8.984,-0.0368235816869103,0.0680917208063022,3.9805170201335733,15.784231362393284,up,down,down,down,-0.0146569666668826,-0.0048386208739028,-3.625290961769417e-05,0.0009449667526799,12.25
9.0,-0.035286456706805004,0.1107272779234622,3.9811713183747055,15.847925449147905,up,down,down,down,-0.0146569666668826,-0.0048386208739028,-3.625290961769417e-05,0.0009449667526799,12.266
9.016,-0.033775493580098,0.1090921620860671,3.981801231910983,15.911629809596745,up,down,down,down,-0.0146569666668826,-0.0048386208739028,-3.625290961769417e-05,0.0009449667526799,12.282
9.031,-0.0333793168312813,0.041068749921332,3.982377472302177,15.97136169367199,up,down,down,down,-0.0146569666668826,-0.0048386208739028,-3.625290961769417e-05,0.0009449667526799,12.297
9.047,-0.032603582462922304,0.0631403646893189,3.9829827534305124,16.035085155524406,up,down,down,down,-0.0146569666668826,-0.0048386208739028,-3.625290961769417e-05,0.0009449667526799,12.313
9.062,-0.0318480224843594,0.0650276319044142,3.9835387197807264,16.09483461036713,up,down,down,down,-0.0146569666668826,-0.0048386208739028,-3.625290961769417e-05,0.0009449667526799,12.328
9.078,-0.0318878433347187,0.0121681635194225,3.9841260246412613,16.15857650836906,up,down,down,down,-0.0146569666668826,-0.0048386208739028,-3.625290961769417e-05,0.0009449667526799,12.344
9.094,-0.030641244349050502,0.0925694032711485,3.9847036752767133,16.222327726014957,up,down,down,down,-0.0146569666668826,-0.0048386208739028,-3.625290961769417e-05,0.0009449667526799,12.36
9.109,-0.029428732597898098,0.0954910834103684,3.9852267794169234,16.282102748218804,up,down,down,down,-0.0146569666668826,-0.0048386208739028,-3.625290961769417e-05,0.0009449667526799,12.375
9.125,-0.0287079928795091,0.0597031990661976,3.985769291154726,16.34587129682993,up,down,down,down,-0.0146569666668826,-0.0048386208739028,-3.625290961769417e-05,0.0009449667526799,12.391
9.141,-0.028488359995948898,0.0283840218893947,3.9863042799117117,16.409648465445017,up,down,down,down,-0.0146569666668826,-0.0048386208739028,-3.625290961769417e-05,0.0009449667526799,12.407
9.156,-0.028286523078856297,0.0281127611397244,3.986802670847881,16.46944731136936,up,down,down,down,-0.0146569666668826,-0.0048386208739028,-3.625290961769417e-05,0.0009449667526799,12.422
9.187,-0.028085766329168003,0.0211329908503739,3.9878264385807976,16.5930551864057,up,down,down,down,-0.0146569666668826,-0.0048386208739028,-3.625290961769417e-05,0.0009449667526799,12.453
9.203,-0.0262436312231564,0.1297904107926081,3.988338491695198,16.656865085894463,up,down,down,down,-0.0146569666668826,-0.0048386208739028,-3.625290961769417e-05,0.0009449667526799,12.469
9.219,-0.0263974047051043,0.0,3.988837037916606,16.720683070177913,up,down,down,down,-0.0146569666668826,-0.0048386208739028,-3.625290961769417e-05,0.0009449667526799,12.485
9.234,-0.0243767453859949,0.1493675879408402,3.9892904233553983,16.780519569931098,up,down,down,down,-0.0146569666668826,-0.0048386208739028,-3.625290961769417e-05,0.0009449667526799,12.5
9.25,-0.0240145578739703,0.0372936861684168,3.9897549717154597,16.84435251313822,up,down,down,down,-0.0146569666668826,-0.0048386208739028,-3.625290961769417e-05,0.0009449667526799,12.516
9.266,-0.023644869670810902,0.0377624793643458,3.9902136650698004,16.908192842279053,up,down,down,down,-0.0146569666668826,-0.0048386208739028,-3.625290961769417e-05,0.0009449667526799,12.532
9.281,-0.0236383556649997,0.0150912337209624,3.9906408685729273,16.96804979507502,up,down,down,down,-0.0146569666668826,-0.0048386208739028,-3.625290961769417e-05,0.0009449667526799,12.547
9.297,-0.0238729817242014,0.0,3.9910983772060233,17.03190428908781,up,down,down,down,-0.0146569666668826,-0.0048386208739028,-3.625290961769417e-05,0.0009449667526799,12.563
9.312,-0.0241349055521543,0.0,3.991531015673705,17.091774553328047,up,down,down,down,-0.0146569666668826,-0.0048386208739028,-3.625290961769417e-05,0.0009449667526799,12.578
9.328,-0.0243764109246474,0.0,3.9919965241395015,17.155643353693108,up,down,down,down,-0.0146569666668826,-0.0048386208739028,-3.625290961769417e-05,0.0009449667526799,12.594
9.344,-0.0236654968450729,0.059089096640286595,3.992458277335642,17.219519572151462,up,down,down,down,-0.0146569666668826,-0.0048386208739028,-3.625290961769417e-05,0.0009449667526799,12.61
9.359,-0.023107725240217702,0.0518417403238986,3.99288165581439,17.279410165443736,up,down,down,down,-0.0146569666668826,-0.0048386208739028,-3.625290961769417e-05,0.0009449667526799,12.625
9.391,-0.0225519961545224,0.0320235005948586,3.9937670472246714,17.407197704785467,up,down,down,down,-0.0146569666668826,-0.0048386208739028,-3.625290961769417e-05,0.0009449667526799,12.657
9.406,-0.020563779042536402,0.1472047741326139,3.994162994851758,17.46710772389469,up,down,down,down,-0.0146569666668826,-0.0048386208739028,-3.625290961769417e-05,0.0009449667526799,12.672
9.422,-0.0211203835305955,0.0201308138368151,3.994573886086326,17.531018198988747,up,down,down,down,-0.0146569666668826,-0.0048386208739028,-3.625290961769417e-05,0.0009449667526799,12.688
9.437,-0.0217019848244231,0.024116452921624502,3.9949676331620974,17.59094030417675,up,down,down,down,-0.0146569666668826,-0.0048386208739028,-3.625290961769417e-05,0.0009449667526799,12.703
9.453,-0.0222753447639992,0.021178029556622305,3.995396869732787,17.654863800246464,up,down,down,down,-0.0146569666668826,-0.0048386208739028,-3.625290961769417e-05,0.0009449667526799,12.719
9.469,-0.023256040485199102,0.0466365159081151,3.995838538748764,17.71879426356087,up,down,down,down,-0.0146569666668826,-0.0048386208739028,-3.625290961769417e-05,0.0009449667526799,12.735
9.5,-0.021695384730488602,0.0650007006898022,3.9966852830866992,17.84267950663952,up,down,down,down,-0.0146569666668826,-0.0048386208739028,-3.625290961769417e-05,0.0009449667526799,12.766
9.516,-0.0202676974989533,0.1038874186378388,3.9970984056785173,17.906630356196196,up,down,down,down,-0.0146569666668826,-0.0048386208739028,-3.625290961769417e-05,0.0009449667526799,12.782
9.531,-0.020478714585435,0.0,3.9974765830822596,17.96659021240555,up,down,down,down,-0.0146569666668826,-0.0048386208739028,-3.625290961769417e-05,0.0009449667526799,12.797
9.547,-0.0206618712574063,0.0,3.9978831257029848,18.030553670122384,up,down,down,down,-0.0146569666668826,-0.0048386208739028,-3.625290961769417e-05,0.0009449667526799,12.813
9.562,-0.021590362786602302,0.0472424686128591,3.998272596771424,18.09052538183458,up,down,down,down,-0.0146569666668826,-0.0048386208739028,-3.625290961769417e-05,0.0009449667526799,12.828
9.578,-0.021364174913577103,0.0287937087309573,3.9986936510070077,18.154501691863363,up,down,down,down,-0.0146569666668826,-0.0048386208739028,-3.625290961769417e-05,0.0009449667526799,12.844
9.594,-0.0207149824903219,0.055231493120334395,3.9991077022002224,18.21848468273557,up,down,down,down,-0.0146569666668826,-0.0048386208739028,-3.625290961769417e-05,0.0009449667526799,12.86
9.609,-0.020098832446503703,0.0557336362547616,3.9994863851253575,18.278474682184164,up,down,down,down,-0.0146569666668826,-0.0048386208739028,-3.625290961769417e-05,0.0009449667526799,12.875
9.641,-0.018752037408521702,0.056744311603818896,4.000262834911004,18.40647182979785,up,down,down,down,-0.0146569666668826,-0.0048386208739028,-3.625290961769417e-05,0.0009449667526799,12.907
9.656,-0.0174685820182532,0.1002206593514479,4.000607068869813,18.46647889786986,up,down,down,down,-0.0146569666668826,-0.0048386208739028,-3.625290961769417e-05,0.0009449667526799,12.922
9.672,-0.0169902693565263,0.0445515080248158,4.000960157614794,18.53049201572829,up,down,down,down,-0.0146569666668826,-0.0048386208739028,-3.625290961769417e-05,0.0009449667526799,12.938
9.687,-0.016850752504574,0.0239580901303658,4.001286544591861,18.59050940978848,up,down,down,down,-0.0146569666668826,-0.0048386208739028,-3.625290961769417e-05,0.0009449667526799,12.953
9.703,-0.0166876408911865,0.024851442503604798,4.001632269673009,18.65453334034915,up,down,down,down,-0.0146569666668826,-0.0048386208739028,-3.625290961769417e-05,0.0009449667526799,12.969
9.719,-0.015656116855002,0.0791272189284106,4.001968437668961,18.71856272605444,up,down,down,down,-0.0146569666668826,-0.0048386208739028,-3.625290961769417e-05,0.0009449667526799,12.985
9.734,-0.015171413470154601,0.0469705256567085,4.002272223459508,18.77859507480655,up,down,down,down,-0.0146569666668826,-0.0048386208739028,-3.625290961769417e-05,0.0009449667526799,13.0
9.766,-0.0142911757798867,0.0421643944877545,4.002898460755474,18.906678965847096,up,down,down,down,-0.0146569666668826,-0.0048386208739028,-3.625290961769417e-05,0.0009449667526799,13.032
9.781,-0.013440391074084401,0.071375947053704,4.003179026819987,18.96672509079756,up,down,down,down,-0.0146569666668826,-0.0048386208739028,-3.625290961769417e-05,0.0009449667526799,13.047
9.797,-0.0126692480224318,0.0628534073951701,4.0034653218667415,19.030778825633607,up,down,down,down,-0.0146569666668826,-0.0048386208739028,-3.625290961769417e-05,0.0009449667526799,13.063
9.812,-0.0119393925998033,0.0633139948421191,4.0037224659845165,19.090833277836133,up,down,down,down,-0.0146569666668826,-0.0048386208739028,-3.625290961769417e-05,0.0009449667526799,13.078
9.828,-0.0112048306231394,0.060567090208375196,4.0039850377042825,19.154895517912202,up,down,down,down,-0.0146569666668826,-0.0048386208739028,-3.625290961769417e-05,0.0009449667526799,13.094
9.844,-0.0104594139074781,0.0612455113957142,4.004235769594509,19.218961864417142,up,down,down,down,-0.0146569666668826,-0.0048386208739028,-3.625290961769417e-05,0.0009449667526799,13.11
9.859,0.0,0.0639968538365889,4.0044596893789235,19.27902762415309,up,down,down,down,-0.0146569666668826,-0.0048386208739028,-3.625290961769417e-05,0.0009449667526799,13.125
9.875,0.0,0.0631432000298368,4.004686410124634,19.343101372995672,up,down,down,down,-0.0146569666668826,-0.0048386208739028,-3.625290961769417e-05,0.0009449667526799,13.141
9.906,0.0,0.0333359836721951,4.005104681715904,19.4672542587594,up,down,down,down,-0.0146569666668826,-0.0048386208739028,-3.625290961769417e-05,0.0009449667526799,13.172
9.922,0.0,0.0703344641025717,4.005326810334449,19.53133829074236,up,down,down,down,-0.0146569666668826,-0.0048386208739028,-3.625290961769417e-05,0.0009449667526799,13.188
9.937,-0.0110459429032073,0.0734492781288256,4.005555166838565,19.591420449364797,up,down,down,down,-0.0146569666668826,-0.0048386208739028,-3.625290961769417e-05,0.0009449667526799,13.203
9.953,-0.010003462597579098,0.0798119857686416,4.005800980016554,19.65551187858619,up,down,down,down,-0.0146569666668826,-0.0048386208739028,-3.625290961769417e-05,0.0009449667526799,13.219
9.969,0.0,0.0765092920230423,4.006030536254452,19.71960711076291,up,down,down,down,-0.0146569666668826,-0.0048386208739028,-3.625290961769417e-05,0.0009449667526799,13.235
9.984,0.0,0.0886126997423353,4.0062300029284685,19.77969960860043,up,down,down,down,-0.0146569666668826,-0.0048386208739028,-3.625290961769417e-05,0.0009449667526799,13.25
10.0,0.0,0.0777745025167484,4.006425813648194,19.8438014351796,up,down,down,down,-0.0146569666668826,-0.0048386208739028,-3.625290961769417e-05,0.0009449667526799,13.266
10.031,0.0,0.0465578553746941,4.006774215391747,19.96800715946992,up,down,down,down,-0.0146569666668826,-0.0048386208739028,-3.625290961769417e-05,0.0009449667526799,13.297
10.047,0.0,0.0321720873988397,4.006952118345006,20.032117550186367,up,down,down,down,-0.0146569666668826,-0.0048386208739028,-3.625290961769417e-05,0.0009449667526799,13.313
10.062,0.0,0.016743630780137603,4.007128054417386,20.092223695275724,up,down,down,down,-0.0146569666668826,-0.0048386208739028,-3.625290961769417e-05,0.0009449667526799,13.328
10.078,0.0,0.0508867250890489,4.007327877225497,20.15633992277542,up,down,down,down,-0.0146569666668826,-0.0048386208739028,-3.625290961769417e-05,0.0009449667526799,13.344
10.094,0.0,0.048046490952057305,4.007544115668727,20.22045947876513,up,down,down,down,-0.0146569666668826,-0.0048386208739028,-3.625290961769417e-05,0.0009449667526799,13.36
10.109,0.0,0.0,4.007755649116123,20.28057477079466,up,down,down,down,-0.0146569666668826,-0.0048386208739028,-3.625290961769417e-05,0.0009449667526799,13.375
10.125,0.0,0.061369287989133395,4.0079766768076315,20.344701209448605,up,down,down,down,-0.0146569666668826,-0.0048386208739028,-3.625290961769417e-05,0.0009449667526799,13.391
10.141,0.0,0.059546712224379496,4.008185979434579,20.408831090745096,up,down,down,down,-0.0146569666668826,-0.0048386208739028,-3.625290961769417e-05,0.0009449667526799,13.407
10.156,0.0,0.0325511677142604,4.008374800780258,20.468955840390358,up,down,down,down,-0.0146569666668826,-0.0048386208739028,-3.625290961769417e-05,0.0009449667526799,13.422
10.172,0.0,0.0124655638734327,4.00857434341108,20.53309201359044,up,down,down,down,-0.0146569666668826,-0.0048386208739028,-3.625290961769417e-05,0.0009449667526799,13.438
10.187,0.0,0.0112869125659746,4.008762056726898,20.59322258038511,up,down,down,down,-0.0146569666668826,-0.0048386208739028,-3.625290961769417e-05,0.0009449667526799,13.453
10.203,0.0,0.0,4.008965102982359,20.65736497770934,up,down,down,down,-0.0146569666668826,-0.0048386208739028,-3.625290961769417e-05,0.0009449667526799,13.469
10.219,0.0,0.0543578181557378,4.0091654818409275,20.72151060243448,up,down,down,down,-0.0146569666668826,-0.0048386208739028,-3.625290961769417e-05,0.0009449667526799,13.485
10.234,0.0,0.0662438162112115,4.009342769398082,20.781649958112418,up,down,down,down,-0.0146569666668826,-0.0048386208739028,-3.625290961769417e-05,0.0009449667526799,13.5
