timestamps,aAcc,aJerk,aVelocity,aHeight,jerks_direction,accelerations_direction,velocities_direction,heights_direction,start_jerks,start_accelerations,start_velocities,start_heights,actual_timestamps
0.0,0.0,0.0,0.0,0.0,down,down,down,down,0.0226385538659723,0.0028764048619596,0.0,9.670117272990347e-06,3.234
0.016000000000000014,0.0,0.0752179977615562,0.0,0.0,down,down,down,down,0.0226385538659723,0.0028764048619596,0.0,9.670117272990347e-06,3.25
0.03100000000000014,0.0,0.0654526285374171,0.0,0.0,down,down,down,down,0.0226385538659723,0.0028764048619596,0.0,9.670117272990347e-06,3.265
0.04700000000000015,0.0,0.06357455615790811,0.0,0.0,down,down,down,down,0.0226385538659723,0.0028764048619596,0.0,9.670117272990347e-06,3.281
0.06199999999999983,0.0,0.0579068949905603,0.0,0.0,down,down,down,down,0.0226385538659723,0.0028764048619596,0.0,9.670117272990347e-06,3.296
0.09399999999999986,0.0,0.0183944309528061,0.0,0.0,down,down,down,down,0.0226385538659723,0.0028764048619596,0.0,9.670117272990347e-06,3.328
0.10899999999999999,0.0,0.013231427387620003,0.0,0.0,down,down,down,down,0.0226385538659723,0.0028764048619596,0.0,9.670117272990347e-06,3.343
0.125,0.0,0.0326624765760729,0.0,0.0,down,down,down,down,0.0226385538659723,0.0028764048619596,0.0,9.670117272990347e-06,3.359
0.14100000000000001,0.0,0.0309034021633846,0.0,0.0,down,down,down,down,0.0226385538659723,0.0028764048619596,0.0,9.670117272990347e-06,3.375
0.15600000000000014,0.0,0.062292360172758396,0.0,0.0,down,down,down,down,0.0226385538659723,0.0028764048619596,0.0,9.670117272990347e-06,3.39
0.17200000000000015,0.0,0.0,0.0,0.0,down,down,down,down,0.0226385538659723,0.0028764048619596,0.0,9.670117272990347e-06,3.406
0.18699999999999983,0.0,0.0,0.0,0.0,down,down,down,down,0.0226385538659723,0.0028764048619596,0.0,9.670117272990347e-06,3.421
0.20299999999999985,0.0,0.0,0.0,0.0,down,down,down,down,0.0226385538659723,0.0028764048619596,0.0,9.670117272990347e-06,3.437
0.21899999999999986,0.0,0.1692777083562856,0.0,0.0,down,down,down,down,0.0226385538659723,0.0028764048619596,0.0,9.670117272990347e-06,3.453
0.23399999999999999,0.0,0.2897721179504905,0.0,0.0,down,down,down,down,0.0226385538659723,0.0028764048619596,0.0,9.670117272990347e-06,3.468
0.25,0.0122114129854598,0.2626120719445566,0.0,0.0,down,down,down,down,0.0226385538659723,0.0028764048619596,0.0,9.670117272990347e-06,3.484
0.266,0.0183808662796138,0.3629522770186574,0.0,0.0,down,down,down,down,0.0226385538659723,0.0028764048619596,0.0,9.670117272990347e-06,3.5
0.28100000000000014,0.020929675332443,0.147282049655971,0.0,0.0,down,down,down,down,0.0226385538659723,0.0028764048619596,0.0,9.670117272990347e-06,3.515
0.29700000000000015,0.0233838640825734,0.1307482430171757,0.0,0.0,down,down,down,down,0.0226385538659723,0.0028764048619596,0.0,9.670117272990347e-06,3.531
0.31199999999999983,0.0234196446997661,0.0202531793864609,0.0,0.0,down,down,down,down,0.0226385538659723,0.0028764048619596,0.0,9.670117272990347e-06,3.546
0.32799999999999985,0.0233943538272161,0.0242192334003465,0.0,0.0,down,down,down,down,0.0226385538659723,0.0028764048619596,0.0,9.670117272990347e-06,3.562
0.359,0.0215401478878547,0.0824516486840805,0.0,0.0,down,down,down,down,0.0226385538659723,0.0028764048619596,0.0,9.670117272990347e-06,3.593
0.375,0.0197168893922121,0.13659220984363318,0.0,0.0,down,down,down,down,0.0226385538659723,0.0028764048619596,0.0,9.670117272990347e-06,3.609
0.391,0.0176542599271361,0.1515528954332266,0.0,0.0,down,down,down,down,0.0226385538659723,0.0028764048619596,0.0,9.670117272990347e-06,3.625
0.40600000000000014,0.0156265145287868,0.157821580422589,0.0,0.0,down,down,down,down,0.0226385538659723,0.0028764048619596,0.0,9.670117272990347e-06,3.64
0.42200000000000015,0.013406281480884599,0.1614031193598595,0.0,0.0,down,down,down,down,0.0226385538659723,0.0028764048619596,0.0,9.670117272990347e-06,3.656
0.43699999999999983,0.0121738017206993,0.1048038712116578,0.0,0.0,down,down,down,down,0.0226385538659723,0.0028764048619596,0.0,9.670117272990347e-06,3.671
0.45299999999999985,0.0109949725631732,0.09631537621135319,0.0,0.0,down,down,down,down,0.0226385538659723,0.0028764048619596,0.0,9.670117272990347e-06,3.687
0.46899999999999986,0.0,0.1022417324415546,0.0,0.0,down,down,down,down,0.0226385538659723,0.0028764048619596,0.0,9.670117272990347e-06,3.703
0.484,0.0,0.2027605152143048,0.0,0.0,down,down,down,down,0.0226385538659723,0.0028764048619596,0.0,9.670117272990347e-06,3.718
0.516,0.0,0.0164729899365668,0.0,0.0,down,down,down,down,0.0226385538659723,0.0028764048619596,0.0,9.670117272990347e-06,3.75
0.5310000000000001,0.0,0.08425157138958869,0.0,0.0,down,down,down,down,0.0226385538659723,0.0028764048619596,0.0,9.670117272990347e-06,3.765
0.5470000000000002,0.0,0.1573221654111999,0.0,0.0,down,down,down,down,0.0226385538659723,0.0028764048619596,0.0,9.670117272990347e-06,3.781
0.5619999999999998,0.0119983972687443,0.1657901589129562,0.0,0.0,down,down,down,down,0.0226385538659723,0.0028764048619596,0.0,9.670117272990347e-06,3.796
0.5779999999999998,0.0,0.1497144618761712,0.0,0.0,down,down,down,down,0.0226385538659723,0.0028764048619596,0.0,9.670117272990347e-06,3.812
0.609,0.0,0.0706873937134122,0.0,0.0,down,down,down,down,0.0226385538659723,0.0028764048619596,0.0,9.670117272990347e-06,3.843
0.625,0.0,0.1104052440783485,0.0,0.0,down,down,down,down,0.0226385538659723,0.0028764048619596,0.0,9.670117272990347e-06,3.859
0.641,0.0,0.1019285468195628,0.0,0.0,down,down,down,down,0.0226385538659723,0.0028764048619596,0.0,9.670117272990347e-06,3.875
0.6560000000000001,0.0,0.2391390300127712,0.0,0.0,down,down,down,down,0.0226385538659723,0.0028764048619596,0.0,9.670117272990347e-06,3.89
0.6720000000000002,0.0,0.1984195380912987,0.0,0.0,down,down,down,down,0.0226385538659723,0.0028764048619596,0.0,9.670117272990347e-06,3.906
0.6869999999999998,0.0,0.2067020622905907,0.0,0.0,down,down,down,down,0.0226385538659723,0.0028764048619596,0.0,9.670117272990347e-06,3.921
0.7029999999999998,0.0,0.1588503187639476,0.0,0.0,down,down,down,down,0.0226385538659723,0.0028764048619596,0.0,9.670117272990347e-06,3.937
0.7189999999999999,0.0,0.1510888773331718,0.0,0.0,down,down,down,down,0.0226385538659723,0.0028764048619596,0.0,9.670117272990347e-06,3.953
0.734,0.0,0.15554001283718039,0.0,0.0,down,down,down,down,0.0226385538659723,0.0028764048619596,0.0,9.670117272990347e-06,3.968
0.766,-0.0121433318911065,0.1131705179651663,0.0,0.0,down,down,down,down,0.0226385538659723,0.0028764048619596,0.0,9.670117272990347e-06,4.0
0.7809999999999997,-0.0150059409545004,0.2134791580922338,0.0,0.0,down,down,down,down,0.0226385538659723,0.0028764048619596,0.0,9.670117272990347e-06,4.015
0.7969999999999997,-0.0143588152796887,0.017806800809760902,0.0,0.0,down,down,down,down,0.0226385538659723,0.0028764048619596,0.0,9.670117272990347e-06,4.031
0.8120000000000003,-0.0133177032380569,0.046768915576146305,0.0,0.0,down,down,down,down,0.0226385538659723,0.0028764048619596,0.0,9.670117272990347e-06,4.046
0.8280000000000003,-0.0112315765368027,0.1077443649624143,0.0,0.0,down,down,down,down,0.0226385538659723,0.0028764048619596,0.0,9.670117272990347e-06,4.062
0.859,0.0,0.042717380616664594,0.0,0.0,down,down,down,down,0.0226385538659723,0.0028764048619596,0.0,9.670117272990347e-06,4.093
0.875,0.0,0.0468381836818965,0.0,0.0,down,down,down,down,0.0226385538659723,0.0028764048619596,0.0,9.670117272990347e-06,4.109
0.891,0.0,0.0647811804296294,0.0,0.0,down,down,down,down,0.0226385538659723,0.0028764048619596,0.0,9.670117272990347e-06,4.125
0.9059999999999997,0.0,0.1105386011788548,0.0,0.0,down,down,down,down,0.0226385538659723,0.0028764048619596,0.0,9.670117272990347e-06,4.14
0.9370000000000003,0.0,0.011867587374999801,0.0,0.0,down,down,down,down,0.0226385538659723,0.0028764048619596,0.0,9.670117272990347e-06,4.171
0.9530000000000003,0.0,0.0371316987578528,0.0,0.0,down,down,down,down,0.0226385538659723,0.0028764048619596,0.0,9.670117272990347e-06,4.187
0.9690000000000003,0.0,0.010323096334752202,0.0,0.0,down,down,down,down,0.0226385538659723,0.0028764048619596,0.0,9.670117272990347e-06,4.203
0.984,0.0,0.030276269063215698,0.0,0.0,down,down,down,down,0.0226385538659723,0.0028764048619596,0.0,9.670117272990347e-06,4.218
1.0,0.0,0.0283819041991816,0.0,0.0,down,down,down,down,0.0226385538659723,0.0028764048619596,0.0,9.670117272990347e-06,4.234
1.016,0.0,0.0,0.0,0.0,down,down,down,down,0.0226385538659723,0.0028764048619596,0.0,9.670117272990347e-06,4.25
1.0309999999999997,0.0,0.0,0.0,0.0,down,down,down,down,0.0226385538659723,0.0028764048619596,0.0,9.670117272990347e-06,4.265
1.0469999999999997,0.0,0.0,0.0,0.0,down,down,down,down,0.0226385538659723,0.0028764048619596,0.0,9.670117272990347e-06,4.281
1.0780000000000003,0.0,0.0,0.0,0.0,down,down,down,down,0.0226385538659723,0.0028764048619596,0.0,9.670117272990347e-06,4.312
1.0940000000000003,0.0,0.0773509847897812,0.0,0.0,down,down,down,down,0.0226385538659723,0.0028764048619596,0.0,9.670117272990347e-06,4.328
1.109,0.0,0.0760615776524098,0.0,0.0,down,down,down,down,0.0226385538659723,0.0028764048619596,0.0,9.670117272990347e-06,4.343
1.125,0.0,0.0,0.0,0.0,down,down,down,down,0.0226385538659723,0.0028764048619596,0.0,9.670117272990347e-06,4.359
1.141,0.0,0.0,0.0,0.0,down,down,down,down,0.0226385538659723,0.0028764048619596,0.0,9.670117272990347e-06,4.375
1.1559999999999997,0.0,0.13186209214946182,0.0,0.0,down,down,down,down,0.0226385538659723,0.0028764048619596,0.0,9.670117272990347e-06,4.39
1.1719999999999997,0.0,0.023386343900533298,0.0,0.0,down,down,down,down,0.0226385538659723,0.0028764048619596,0.0,9.670117272990347e-06,4.406
1.2030000000000003,0.0,0.0790956127397936,0.0,0.0,down,down,down,down,0.0226385538659723,0.0028764048619596,0.0,9.670117272990347e-06,4.437
1.2190000000000003,0.0,0.1295719346354749,0.0,0.0,down,down,down,down,0.0226385538659723,0.0028764048619596,0.0,9.670117272990347e-06,4.453
1.234,0.0,0.016135809518358198,0.0,0.0,down,down,down,down,0.0226385538659723,0.0028764048619596,0.0,9.670117272990347e-06,4.468
1.25,0.0,0.0637145103601354,0.0,0.0,down,down,down,down,0.0226385538659723,0.0028764048619596,0.0,9.670117272990347e-06,4.484
1.266,0.0,0.0367426602534415,0.0,0.0,down,down,down,down,0.0226385538659723,0.0028764048619596,0.0,9.670117272990347e-06,4.5
1.2809999999999997,0.0,0.1051783178196595,0.0,0.0,down,down,down,down,0.0226385538659723,0.0028764048619596,0.0,9.670117272990347e-06,4.515
1.2969999999999997,0.0,0.0,0.0,0.0,down,down,down,down,0.0226385538659723,0.0028764048619596,0.0,9.670117272990347e-06,4.531
1.3120000000000003,0.0,0.0,0.0,0.0,down,down,down,down,0.0226385538659723,0.0028764048619596,0.0,9.670117272990347e-06,4.546
1.3280000000000003,0.0,0.0503338968776966,0.0,0.0,down,down,down,down,0.0226385538659723,0.0028764048619596,0.0,9.670117272990347e-06,4.562
1.359,0.0,0.063921763921438,0.0,0.0,down,down,down,down,0.0226385538659723,0.0028764048619596,0.0,9.670117272990347e-06,4.593
1.375,-0.0104729000494341,0.0977400255209869,0.0,0.0,down,down,down,down,0.0226385538659723,0.0028764048619596,0.0,9.670117272990347e-06,4.609
1.391,-0.010508316533378699,0.0248520841125143,0.0,0.0,down,down,down,down,0.0226385538659723,0.0028764048619596,0.0,9.670117272990347e-06,4.625
1.4059999999999997,-0.0115637370542795,0.0929999219260268,0.0,0.0,down,down,down,down,0.0226385538659723,0.0028764048619596,0.0,9.670117272990347e-06,4.64
1.4219999999999997,-0.0125890645505819,0.0867215223848693,0.0,0.0,down,down,down,down,0.0226385538659723,0.0028764048619596,0.0,9.670117272990347e-06,4.656
1.4370000000000003,-0.0134323075879389,0.0788547563564405,0.0,0.0,down,down,down,down,0.0226385538659723,0.0028764048619596,0.0,9.670117272990347e-06,4.671
1.4530000000000003,-0.0144520304591164,0.0863712333145637,0.0,0.0,down,down,down,down,0.0226385538659723,0.0028764048619596,0.0,9.670117272990347e-06,4.687
1.4690000000000003,-0.0140530239011589,0.0,0.0,0.0,down,down,down,down,0.0226385538659723,0.0028764048619596,0.0,9.670117272990347e-06,4.703
1.484,-0.0136576645506298,0.0,0.0,0.0,down,down,down,down,0.0226385538659723,0.0028764048619596,0.0,9.670117272990347e-06,4.718
1.5,-0.0150905857226124,0.1121961271148828,0.0,0.0,down,down,down,down,0.0226385538659723,0.0028764048619596,0.0,9.670117272990347e-06,4.734
1.516,-0.0159182967924831,0.0743704957328893,0.0,0.0,down,down,down,down,0.0226385538659723,0.0028764048619596,0.0,9.670117272990347e-06,4.75
1.5309999999999997,-0.016743452108967,0.0776489082982382,0.0,0.0,down,down,down,down,0.0226385538659723,0.0028764048619596,0.0,9.670117272990347e-06,4.765
1.5469999999999997,-0.0186896721863671,0.14427730870347738,0.0,0.0,down,down,down,down,0.0226385538659723,0.0028764048619596,0.0,9.670117272990347e-06,4.781
1.5780000000000003,-0.0203289157262265,0.0755173777324015,0.0,0.0,down,down,down,down,0.0226385538659723,0.0028764048619596,0.0,9.670117272990347e-06,4.812
1.5940000000000003,-0.0219448598306968,0.123635060395366,0.0,0.0,down,down,down,down,0.0226385538659723,0.0028764048619596,0.0,9.670117272990347e-06,4.828
1.609,-0.0245050686459862,0.19331914155193589,0.0,0.0,down,down,down,down,0.0226385538659723,0.0028764048619596,0.0,9.670117272990347e-06,4.843
1.625,-0.0273052591552378,0.1976504606941984,0.0,0.0,down,down,down,down,0.0226385538659723,0.0028764048619596,0.0,9.670117272990347e-06,4.859
1.641,-0.0293344170994735,0.1494609253807065,0.0,0.0,down,down,down,down,0.0226385538659723,0.0028764048619596,0.0,9.670117272990347e-06,4.875
1.6559999999999997,-0.0322678210877071,0.2181988197482169,0.0,0.0,down,down,down,down,0.0226385538659723,0.0028764048619596,0.0,9.670117272990347e-06,4.89
1.6870000000000003,-0.0345937085047189,0.0976671802211897,0.0,0.0,down,down,down,down,0.0226385538659723,0.0028764048619596,0.0,9.670117272990347e-06,4.921
1.7030000000000003,-0.0384817242392134,0.2656395372718775,0.0,0.0,down,down,down,down,0.0226385538659723,0.0028764048619596,0.0,9.670117272990347e-06,4.937
1.7190000000000003,-0.0429207203181185,0.3000758087975394,0.0,0.0,down,down,down,down,0.0226385538659723,0.0028764048619596,0.0,9.670117272990347e-06,4.953
1.734,-0.0472736336166121,0.3128327737655539,0.0,0.0,down,down,down,down,0.0226385538659723,0.0028764048619596,0.0,9.670117272990347e-06,4.968
1.75,-0.0507925177690928,0.2425688133960155,0.0,0.0,down,down,down,down,0.0226385538659723,0.0028764048619596,0.0,9.670117272990347e-06,4.984
1.766,-0.0553202981063911,0.3056248249471146,0.0,0.0,down,down,down,down,0.0226385538659723,0.0028764048619596,0.0,9.670117272990347e-06,5.0
1.7809999999999997,-0.0615849671785735,0.4402831586781393,0.0,0.0,down,down,down,down,0.0226385538659723,0.0028764048619596,0.0,9.670117272990347e-06,5.015
1.7969999999999997,-0.0677041162077962,0.4050853681923923,0.0,0.0,down,down,down,down,0.0226385538659723,0.0028764048619596,0.0,9.670117272990347e-06,5.031
1.8280000000000003,-0.0717991942941011,0.1547378469725807,0.0,0.0,down,down,down,down,0.0226385538659723,0.0028764048619596,0.0,9.670117272990347e-06,5.062
1.8440000000000003,-0.076292551339101,0.3034733691784638,0.0,0.0,down,down,down,down,0.0226385538659723,0.0028764048619596,0.0,9.670117272990347e-06,5.078
1.859,-0.0806883641051694,0.3156927382705368,0.0,0.0,down,down,down,down,0.0226385538659723,0.0028764048619596,0.0,9.670117272990347e-06,5.093
1.875,-0.0850934800978819,0.2979583034105057,0.0101627421159576,0.0,down,down,down,down,0.0226385538659723,0.0028764048619596,0.0,9.670117272990347e-06,5.109
1.891,-0.0897695661958106,0.3148939349865151,0.0115156240085158,0.0,down,down,down,down,0.0226385538659723,0.0028764048619596,0.0,9.670117272990347e-06,5.125
1.9059999999999997,-0.0942891361405155,0.3239432168463071,0.0128529182031088,0.0,down,down,down,down,0.0226385538659723,0.0028764048619596,0.0,9.670117272990347e-06,5.14
1.9219999999999997,-0.0990983937116442,0.3232171520615164,0.0143539959641348,0.0,down,down,down,down,0.0226385538659723,0.0028764048619596,0.0,9.670117272990347e-06,5.156
1.9370000000000003,-0.1042924403445493,0.3689083293929601,0.0158362811466269,0.0,down,down,down,down,0.0226385538659723,0.0028764048619596,0.0,9.670117272990347e-06,5.171
1.9530000000000003,-0.1088754741022803,0.3090781637241632,0.0174956019844102,0.0,down,down,down,down,0.0226385538659723,0.0028764048619596,0.0,9.670117272990347e-06,5.187
1.9690000000000003,-0.1142698430798514,0.3597866149641634,0.0192347420440759,0.0,down,down,down,down,0.0226385538659723,0.0028764048619596,0.0,9.670117272990347e-06,5.203
2.0,-0.1218368579752713,0.2667358085569388,0.0228052273597095,0.0,down,down,down,down,0.0226385538659723,0.0028764048619596,0.0,9.670117272990347e-06,5.234
2.016,-0.12917689775212082,0.4813910399190653,0.0247673149277373,0.0,down,down,down,down,0.0226385538659723,0.0028764048619596,0.0,9.670117272990347e-06,5.25
2.0309999999999997,-0.1347844756145697,0.3964770780292416,0.026703879155058,0.0,down,down,down,down,0.0226385538659723,0.0028764048619596,0.0,9.670117272990347e-06,5.265
2.0620000000000003,-0.1399740315788911,0.1900435849731097,0.030873467465836,0.0,down,down,down,down,0.0226385538659723,0.0028764048619596,0.0,9.670117272990347e-06,5.296
2.0780000000000003,-0.14602692749925328,0.400944548888615,0.0331154526606698,0.0,down,down,down,down,0.0226385538659723,0.0028764048619596,0.0,9.670117272990347e-06,5.312
2.0940000000000003,-0.15161422781245543,0.3718448234411027,0.0354505594253721,0.0,down,down,down,down,0.0226385538659723,0.0028764048619596,0.0,9.670117272990347e-06,5.328
2.109,-0.1580288244370624,0.4502783288397795,0.0377297362443141,0.0,down,down,down,down,0.0226385538659723,0.0028764048619596,0.0,9.670117272990347e-06,5.343
2.125,-0.16428384477939412,0.4135773252617044,0.0402622151202544,0.0,down,down,down,down,0.0226385538659723,0.0028764048619596,0.0,9.670117272990347e-06,5.359
2.141,-0.16857005360893668,0.290526605712382,0.0428790238295697,0.0,down,down,down,down,0.0226385538659723,0.0028764048619596,0.0,9.670117272990347e-06,5.375
2.1559999999999997,-0.1740630278776844,0.3888368384491621,0.0454056258677899,0.0,down,down,down,down,0.0226385538659723,0.0028764048619596,0.0,9.670117272990347e-06,5.39
2.1719999999999997,-0.17942674713795093,0.357871007632626,0.0481875215901236,0.0,down,down,down,down,0.0226385538659723,0.0028764048619596,0.0,9.670117272990347e-06,5.406
2.1870000000000003,-0.1843516813668717,0.3509675024606811,0.0508727137309805,0.0,down,down,down,down,0.0226385538659723,0.0028764048619596,0.0,9.670117272990347e-06,5.421
2.2030000000000003,-0.18937801899328122,0.336784655516564,0.0538165288560704,0.01031278067002319,down,down,down,down,0.0226385538659723,0.0028764048619596,0.0,9.670117272990347e-06,5.437
2.2190000000000003,-0.19430878077904618,0.3308111654762854,0.0568400007764576,0.01119803290708339,down,down,down,down,0.0226385538659723,0.0028764048619596,0.0,9.670117272990347e-06,5.453
2.234,-0.2001933997948182,0.4149464882507789,0.0597556210578321,0.01207250007084059,down,down,down,down,0.0226385538659723,0.0028764048619596,0.0,9.670117272990347e-06,5.468
2.25,-0.20606192816277152,0.3894215768630578,0.0629596412037015,0.01305422216893289,down,down,down,down,0.0226385538659723,0.0028764048619596,0.0,9.670117272990347e-06,5.484
2.266,-0.2130781435435356,0.4611520151637234,0.0662667392995606,0.01408803321295899,down,down,down,down,0.0226385538659723,0.0028764048619596,0.0,9.670117272990347e-06,5.5
2.2809999999999997,-0.2199352849369411,0.4797813134263515,0.0694711939402347,0.01510606771225739,down,down,down,down,0.0226385538659723,0.0028764048619596,0.0,9.670117272990347e-06,5.515
2.2969999999999997,-0.22545911316093548,0.3678778178656246,0.0729883266472264,0.01624574387695709,down,down,down,down,0.0226385538659723,0.0028764048619596,0.0,9.670117272990347e-06,5.531
2.3280000000000003,-0.23163297704038038,0.2217954532028992,0.0799840854946262,0.018616816265155888,down,down,down,down,0.0226385538659723,0.0028764048619596,0.0,9.670117272990347e-06,5.562
2.3440000000000003,-0.23771953714101102,0.4030485601553831,0.083692883130286,0.01992623201415519,down,down,down,down,0.0226385538659723,0.0028764048619596,0.0,9.670117272990347e-06,5.578
2.359,-0.24322243463644527,0.3894983868949342,0.0872568018456874,0.02120835465147489,down,down,down,down,0.0226385538659723,0.0028764048619596,0.0,9.670117272990347e-06,5.593
2.375,-0.2499099595814548,0.4406088629290701,0.0911558385216393,0.02263565577441349,down,down,down,down,0.0226385538659723,0.0028764048619596,0.0,9.670117272990347e-06,5.609
2.391,-0.2564582305415381,0.4319054888711755,0.0951607615648319,0.02412618857510529,down,down,down,down,0.0226385538659723,0.0028764048619596,0.0,9.670117272990347e-06,5.625
2.4059999999999997,-0.261575551939833,0.3637933137523065,0.0990028688605127,0.02558241580329539,down,down,down,down,0.0226385538659723,0.0028764048619596,0.0,9.670117272990347e-06,5.64
2.4219999999999997,-0.26893609958822573,0.4826727818905136,0.1032009395949458,0.02720004627093899,down,down,down,down,0.0226385538659723,0.0028764048619596,0.0,9.670117272990347e-06,5.656
2.4370000000000003,-0.27614238914935463,0.5030578579412139,0.1072458821875484,0.02877839743430779,down,down,down,down,0.0226385538659723,0.0028764048619596,0.0,9.670117272990347e-06,5.671
2.4530000000000003,-0.2812888438309873,0.3442919714680134,0.1116593095735998,0.03052963896839699,down,down,down,down,0.0226385538659723,0.0028764048619596,0.0,9.670117272990347e-06,5.687
2.484,-0.2877694628424993,0.2316907800437837,0.120390544776318,0.034126411710820696,down,down,down,down,0.0226385538659723,0.0028764048619596,0.0,9.670117272990347e-06,5.718
2.5,-0.29254964847942583,0.3214001561738785,0.1249870751891021,0.03608943267054409,down,down,down,down,0.0226385538659723,0.0028764048619596,0.0,9.670117272990347e-06,5.734
2.5309999999999997,-0.2981405440024946,0.2029900223520642,0.134053604621851,0.04010456320761379,down,down,down,down,0.0226385538659723,0.0028764048619596,0.0,9.670117272990347e-06,5.765
2.5469999999999997,-0.3036221807726775,0.3652408520024016,0.138821683942261,0.042287565516126696,down,down,down,down,0.0226385538659723,0.0028764048619596,0.0,9.670117272990347e-06,5.781
2.5620000000000003,-0.3097942410277276,0.4341092375359651,0.1433791610328349,0.044404071853439996,down,down,down,down,0.0226385538659723,0.0028764048619596,0.0,9.670117272990347e-06,5.796
2.5940000000000003,-0.3151801440095596,0.1909480220482205,0.1532867062378488,0.049150725729770896,down,down,down,down,0.0226385538659723,0.0028764048619596,0.0,9.670117272990347e-06,5.828
2.609,-0.3203938272076723,0.3702174337401571,0.1580103649490485,0.05148545376367259,down,down,down,down,0.0226385538659723,0.0028764048619596,0.0,9.670117272990347e-06,5.843
2.625,-0.325127594028844,0.3184989801892076,0.1631285138411493,0.054054564793994196,down,down,down,down,0.0226385538659723,0.0028764048619596,0.0,9.670117272990347e-06,5.859
2.641,-0.329235247357456,0.2793668869042195,0.1683173940944483,0.05670613205747899,down,down,down,down,0.0226385538659723,0.0028764048619596,0.0,9.670117272990347e-06,5.875
2.6559999999999997,-0.3332393741151875,0.2895803377147474,0.1732428076825637,0.05926783357080649,down,down,down,down,0.0226385538659723,0.0028764048619596,0.0,9.670117272990347e-06,5.89
2.6719999999999997,-0.33810223651332194,0.3265674537493709,0.1785675180898004,0.06208231617698539,down,down,down,down,0.0226385538659723,0.0028764048619596,0.0,9.670117272990347e-06,5.906
2.6870000000000003,-0.3417374574608374,0.26498661703365967,0.1836231697216774,0.06479874633557159,down,down,down,down,0.0226385538659723,0.0028764048619596,0.0,9.670117272990347e-06,5.921
2.7030000000000003,-0.3458083024800711,0.2770663675680793,0.1890775133234133,0.06778035179993229,down,down,down,down,0.0226385538659723,0.0028764048619596,0.0,9.670117272990347e-06,5.937
2.7190000000000003,-0.3498012776128423,0.27219949966417156,0.1945963674863652,0.07084974284641059,down,down,down,down,0.0226385538659723,0.0028764048619596,0.0,9.670117272990347e-06,5.953
2.734,-0.3523789935511754,0.1944862830881835,0.1998195734471659,0.07380786240341199,down,down,down,down,0.0226385538659723,0.0028764048619596,0.0,9.670117272990347e-06,5.968
2.75,-0.3574021911963107,0.3365884066869326,0.2054518004473544,0.07705003339456819,down,down,down,down,0.0226385538659723,0.0028764048619596,0.0,9.670117272990347e-06,5.984
2.7809999999999997,-0.3623898234564748,0.1835299170970731,0.2165194081237517,0.08359058712742018,down,down,down,down,0.0226385538659723,0.0028764048619596,0.0,9.670117272990347e-06,6.015
2.7969999999999997,-0.3656734473566416,0.2278650476263963,0.2222978918124653,0.08710112552690999,down,down,down,down,0.0226385538659723,0.0028764048619596,0.0,9.670117272990347e-06,6.031
2.8120000000000003,-0.3687866583082044,0.2301859506368181,0.2277631965320225,0.09047658368949378,down,down,down,down,0.0226385538659723,0.0028764048619596,0.0,9.670117272990347e-06,6.046
2.8280000000000003,-0.3727361892977825,0.2694842407146011,0.233649356835079,0.09416788411643058,down,down,down,down,0.0226385538659723,0.0028764048619596,0.0,9.670117272990347e-06,6.062
2.8440000000000003,-0.37609495180928043,0.2325612108345917,0.2395939834861442,0.09795383083900039,down,down,down,down,0.0226385538659723,0.0028764048619596,0.0,9.670117272990347e-06,6.078
2.859,-0.3783243807010166,0.1712671466483863,0.2452089824070419,0.10158985308319919,down,down,down,down,0.0226385538659723,0.0028764048619596,0.0,9.670117272990347e-06,6.093
2.891,-0.3813498528508638,0.1171845585486995,0.2572717251882893,0.10962954440472449,down,down,down,down,0.0226385538659723,0.0028764048619596,0.0,9.670117272990347e-06,6.125
2.9059999999999997,-0.3834740892880699,0.1642543163463787,0.2629647586814018,0.11353131803374708,down,down,down,down,0.0226385538659723,0.0028764048619596,0.0,9.670117272990347e-06,6.14
2.9219999999999997,-0.385507953988986,0.1497550976732318,0.2690705925498269,0.11778760084359689,down,down,down,down,0.0226385538659723,0.0028764048619596,0.0,9.670117272990347e-06,6.156
2.9370000000000003,-0.3881227752922438,0.1969599740831484,0.274829676946507,0.12186685286481959,down,down,down,down,0.0226385538659723,0.0028764048619596,0.0,9.670117272990347e-06,6.171
2.9530000000000003,-0.3914391316151668,0.2299108240486622,0.2810201497239749,0.12631365147818338,down,down,down,down,0.0226385538659723,0.0028764048619596,0.0,9.670117272990347e-06,6.187
2.9690000000000003,-0.394559342558125,0.2176517378008611,0.2872621150395699,0.1308599095962918,down,down,down,down,0.0226385538659723,0.0028764048619596,0.0,9.670117272990347e-06,6.203
2.984,-0.3960261392226787,0.1204249981695495,0.2931483600799964,0.13521298815968838,down,down,down,down,0.0226385538659723,0.0028764048619596,0.0,9.670117272990347e-06,6.218
3.0,-0.3976860835339515,0.1263850733205228,0.2994520353842581,0.1399537913234025,down,down,down,down,0.0226385538659723,0.0028764048619596,0.0,9.670117272990347e-06,6.234
3.016,-0.4003104771131074,0.1866631525632154,0.3057899853916432,0.1447957274896097,down,down,down,down,0.0226385538659723,0.0028764048619596,0.0,9.670117272990347e-06,6.25
3.0469999999999997,-0.4028940825382321,0.1059806643538667,0.3181504875155181,0.1544668048196706,down,down,down,down,0.0226385538659723,0.0028764048619596,0.0,9.670117272990347e-06,6.281
3.0620000000000003,-0.4064418201768571,0.25915439644096583,0.3241773607129521,0.1592842636813843,down,down,down,down,0.0226385538659723,0.0028764048619596,0.0,9.670117272990347e-06,6.296
3.0780000000000003,-0.41108476628674673,0.3128226857340707,0.3306715509268697,0.16452305497450279,down,down,down,down,0.0226385538659723,0.0028764048619596,0.0,9.670117272990347e-06,6.312
3.0940000000000003,-0.41567335071960443,0.3094250809195783,0.3372395933851291,0.1698663441289988,down,down,down,down,0.0226385538659723,0.0028764048619596,0.0,9.670117272990347e-06,6.328
3.109,-0.4176988667593839,0.157672956517943,0.343446738943292,0.1749714916214619,down,down,down,down,0.0226385538659723,0.0028764048619596,0.0,9.670117272990347e-06,6.343
3.125,-0.4192890876102897,0.1220273570475825,0.350096620100458,0.1805198384938119,down,down,down,down,0.0226385538659723,0.0028764048619596,0.0,9.670117272990347e-06,6.359
3.141,-0.4208553961166892,0.1205328355159406,0.3567717534924825,0.1861747854825554,down,down,down,down,0.0226385538659723,0.0028764048619596,0.0,9.670117272990347e-06,6.375
3.1559999999999997,-0.4231851197293004,0.1779534613733882,0.3630589112883979,0.1915735154684119,down,down,down,down,0.0226385538659723,0.0028764048619596,0.0,9.670117272990347e-06,6.39
3.1719999999999997,-0.4254918695785008,0.1668104194409989,0.369802304725069,0.1974364051965197,down,down,down,down,0.0226385538659723,0.0028764048619596,0.0,9.670117272990347e-06,6.406
3.1870000000000003,-0.4269992274465064,0.123129078399675,0.3761528418798274,0.2030310687960566,down,down,down,down,0.0226385538659723,0.0028764048619596,0.0,9.670117272990347e-06,6.421
3.2030000000000003,-0.4285557798215205,0.1199230773043512,0.3829512594601802,0.2091039016067767,down,down,down,down,0.0226385538659723,0.0028764048619596,0.0,9.670117272990347e-06,6.437
3.2190000000000003,-0.4308339475351648,0.1650240359687414,0.3897803548012424,0.2152857545208681,down,down,down,down,0.0226385538659723,0.0028764048619596,0.0,9.670117272990347e-06,6.453
3.234,-0.43185767244090023,0.0908868809150027,0.3962073958781333,0.22118066265096328,down,down,down,down,0.0226385538659723,0.0028764048619596,0.0,9.670117272990347e-06,6.468
3.25,-0.4342252906755703,0.1706146935328554,0.4030900371052738,0.22757504211483048,down,down,down,down,0.0226385538659723,0.0028764048619596,0.0,9.670117272990347e-06,6.484
3.266,-0.4361650726891071,0.1438749297120177,0.4100071375343999,0.2340798195119479,down,down,down,down,0.0226385538659723,0.0028764048619596,0.0,9.670117272990347e-06,6.5
3.2809999999999997,-0.4379804069397117,0.1436608372396182,0.4165200825586865,0.24027877366264588,down,down,down,down,0.0226385538659723,0.0028764048619596,0.0,9.670117272990347e-06,6.515
3.3120000000000003,-0.4404853443479144,0.1034429863886378,0.4300471331529242,0.25340056550617607,down,down,down,down,0.0226385538659723,0.0028764048619596,0.0,9.670117272990347e-06,6.546
3.3280000000000003,-0.44128852104351424,0.0728370973409607,0.4370553015982643,0.26033738498418557,down,down,down,down,0.0226385538659723,0.0028764048619596,0.0,9.670117272990347e-06,6.562
3.359,-0.4426277117052972,0.0658382526331665,0.4506668346551499,0.2740970780961134,down,down,down,down,0.0226385538659723,0.0028764048619596,0.0,9.670117272990347e-06,6.593
3.375,-0.44388678342104804,0.1013305361003967,0.4577129281383694,0.28136411619846147,down,down,down,down,0.0226385538659723,0.0028764048619596,0.0,9.670117272990347e-06,6.609
3.391,-0.4458276822954054,0.14394473351331238,0.4647846213863096,0.2887440965946589,down,down,down,down,0.0226385538659723,0.0028764048619596,0.0,9.670117272990347e-06,6.625
3.4059999999999997,-0.44773484851324774,0.1497829683887923,0.471443194294445,0.29576580521226437,down,down,down,down,0.0226385538659723,0.0028764048619596,0.0,9.670117272990347e-06,6.64
3.4219999999999997,-0.4487729572641114,0.0875203507949561,0.4785692342628725,0.303365904640723,down,down,down,down,0.0226385538659723,0.0028764048619596,0.0,9.670117272990347e-06,6.656
3.4370000000000003,-0.4493335733048074,0.0600129565790312,0.4852618871692103,0.31059463805146387,down,down,down,down,0.0226385538659723,0.0028764048619596,0.0,9.670117272990347e-06,6.671
3.4530000000000003,-0.4498788661992563,0.0567193597690306,0.4924095642074514,0.3184160096624772,down,down,down,down,0.0226385538659723,0.0028764048619596,0.0,9.670117272990347e-06,6.687
3.4690000000000003,-0.4501909101554329,0.0421413011270076,0.4995640999404976,0.3263517989756608,down,down,down,down,0.0226385538659723,0.0028764048619596,0.0,9.670117272990347e-06,6.703
3.484,-0.4509503487291706,0.073267792115155,0.5062795133092021,0.33389562607503337,down,down,down,down,0.0226385538659723,0.0028764048619596,0.0,9.670117272990347e-06,6.718
3.5,-0.4519509110376418,0.0851736981454241,0.5134567009095452,0.3420535157887833,down,down,down,down,0.0226385538659723,0.0028764048619596,0.0,9.670117272990347e-06,6.734
3.516,-0.4529583551125409,0.0856038085471632,0.5206499525609554,0.3503263690165473,down,down,down,down,0.0226385538659723,0.0028764048619596,0.0,9.670117272990347e-06,6.75
3.5309999999999997,-0.4534994379969656,0.0587107461609585,0.5274052399363471,0.3581867829602769,down,down,down,down,0.0226385538659723,0.0028764048619596,0.0,9.670117272990347e-06,6.765
3.5620000000000003,-0.4539554195036874,0.037347634727964596,0.5413816216768867,0.3747529793152824,down,down,down,down,0.0226385538659723,0.0028764048619596,0.0,9.670117272990347e-06,6.796
3.5780000000000003,-0.4559784732858496,0.1490794152511075,0.5486150703414117,0.3834729528514288,down,down,down,down,0.0226385538659723,0.0028764048619596,0.0,9.670117272990347e-06,6.812
3.5940000000000003,-0.4572972190598427,0.1050601647405445,0.5558752534023859,0.3923088754413791,down,down,down,down,0.0226385538659723,0.0028764048619596,0.0,9.670117272990347e-06,6.828
3.625,-0.4585772323844512,0.0639293062726977,0.5699821388490516,0.4097596650212762,down,down,down,down,0.0226385538659723,0.0028764048619596,0.0,9.670117272990347e-06,6.859
3.641,-0.458689653435206,0.0296648695381484,0.5772742514578175,0.4189377161437312,down,down,down,down,0.0226385538659723,0.0028764048619596,0.0,9.670117272990347e-06,6.875
3.6559999999999997,-0.459572208250222,0.0814755415337054,0.5841180693475287,0.42764815854977106,down,down,down,down,0.0226385538659723,0.0028764048619596,0.0,9.670117272990347e-06,6.89
3.6719999999999997,-0.46053052602341893,0.0825334146907773,0.5914328687439265,0.43705256605450277,down,down,down,down,0.0226385538659723,0.0028764048619596,0.0,9.670117272990347e-06,6.906
3.6870000000000003,-0.4603671250237351,0.011745153887051699,0.5982964550538511,0.4459755359829864,down,down,down,down,0.0226385538659723,0.0028764048619596,0.0,9.670117272990347e-06,6.921
3.7030000000000003,-0.4603473262928208,0.0214011331838293,0.6056161481865922,0.45560683680891,down,down,down,down,0.0226385538659723,0.0028764048619596,0.0,9.670117272990347e-06,6.937
3.7190000000000003,-0.460379040012814,0.0246206613655485,0.6129359366392458,0.46535525348751666,down,down,down,down,0.0226385538659723,0.0028764048619596,0.0,9.670117272990347e-06,6.953
3.734,-0.4606832856166924,0.0429215941245346,0.6198007580085376,0.4746007786973749,down,down,down,down,0.0226385538659723,0.0028764048619596,0.0,9.670117272990347e-06,6.968
3.75,-0.461215003296088,0.0558709088281927,0.6271299218420485,0.48457622413617957,down,down,down,down,0.0226385538659723,0.0028764048619596,0.0,9.670117272990347e-06,6.984
3.766,-0.4616726605568359,0.0512421326627209,0.6344670006750806,0.4946689995163166,down,down,down,down,0.0226385538659723,0.0028764048619596,0.0,9.670117272990347e-06,7.0
3.7809999999999997,-0.46282058044630503,0.099166546497244,0.6413575539096745,0.5042376836757021,down,down,down,down,0.0226385538659723,0.0028764048619596,0.0,9.670117272990347e-06,7.015
3.7969999999999997,-0.4633117898468111,0.0533391413976013,0.6487205903942281,0.5145583088301333,down,down,down,down,0.0226385538659723,0.0028764048619596,0.0,9.670117272990347e-06,7.031
3.8280000000000003,-0.4636781875226638,0.0344578337321908,0.6629997664927345,0.5348899743618816,down,down,down,down,0.0226385538659723,0.0028764048619596,0.0,9.670117272990347e-06,7.062
3.8440000000000003,-0.4640182694897525,0.043893676809014695,0.6703753156710425,0.5455569750191918,down,down,down,down,0.0226385538659723,0.0028764048619596,0.0,9.670117272990347e-06,7.078
3.859,-0.466198918731397,0.1680151699756098,0.6773087985097715,0.5556646058755477,down,down,down,down,0.0226385538659723,0.0028764048619596,0.0,9.670117272990347e-06,7.093
3.875,-0.465987290194306,0.0,0.6847202657033858,0.566560838389253,down,down,down,down,0.0226385538659723,0.0028764048619596,0.0,9.670117272990347e-06,7.109
3.891,-0.4657616150479135,0.0,0.6921282344675322,0.5775756263906203,down,down,down,down,0.0226385538659723,0.0028764048619596,0.0,9.670117272990347e-06,7.125
3.9059999999999997,-0.4675863607763322,0.14428826909388281,0.6990851982132845,0.5880097271357262,down,down,down,down,0.0226385538659723,0.0028764048619596,0.0,9.670117272990347e-06,7.14
3.9219999999999997,-0.4685841703249131,0.0850016506522831,0.7065285399843031,0.5992546370413069,down,down,down,down,0.0226385538659723,0.0028764048619596,0.0,9.670117272990347e-06,7.156
3.9370000000000003,-0.469558737398879,0.0876096921303575,0.7135214657193024,0.6099050120840843,down,down,down,down,0.0226385538659723,0.0028764048619596,0.0,9.670117272990347e-06,7.171
3.9530000000000003,-0.4709852340630256,0.1117945953751363,0.7209997950132063,0.6213811821699444,down,down,down,down,0.0226385538659723,0.0028764048619596,0.0,9.670117272990347e-06,7.187
3.9690000000000003,-0.4707497928807278,0.0,0.728487652750965,0.6329770817520578,down,down,down,down,0.0226385538659723,0.0028764048619596,0.0,9.670117272990347e-06,7.203
3.984,-0.4703012250119265,0.0,0.7355023893122304,0.6439570070675316,down,down,down,down,0.0226385538659723,0.0028764048619596,0.0,9.670117272990347e-06,7.218
4.016,-0.4710498100326532,0.0460318357636823,0.750471960917361,0.667732596671205,down,down,down,down,0.0226385538659723,0.0028764048619596,0.0,9.670117272990347e-06,7.25
4.031,-0.4718562031363973,0.0763980941155791,0.7575006099431993,0.679042390952659,down,down,down,down,0.0226385538659723,0.0028764048619596,0.0,9.670117272990347e-06,7.265
4.062,-0.4721737704199284,0.0328826597863321,0.7720439059826019,0.7027503309495093,down,down,down,down,0.0226385538659723,0.0028764048619596,0.0,9.670117272990347e-06,7.296
4.078,-0.4716222706055273,0.011830184534100702,0.7795482518330141,0.7151630682120342,down,down,down,down,0.0226385538659723,0.0028764048619596,0.0,9.670117272990347e-06,7.312
4.094,-0.47103810319887174,0.013871909050000499,0.787043512345658,0.7276958023254636,down,down,down,down,0.0226385538659723,0.0028764048619596,0.0,9.670117272990347e-06,7.328
4.109,-0.4711656646800452,0.0311426526108753,0.7940668945318203,0.7395541303770444,down,down,down,down,0.0226385538659723,0.0028764048619596,0.0,9.670117272990347e-06,7.343
4.125,-0.4708790520831609,0.0,0.8015572297881346,0.7523191233716041,down,down,down,down,0.0226385538659723,0.0028764048619596,0.0,9.670117272990347e-06,7.359
4.141,-0.4712846218813808,0.0479866662547178,0.8090485167020596,0.7652039693435256,down,down,down,down,0.0226385538659723,0.0028764048619596,0.0,9.670117272990347e-06,7.375
4.156,-0.4715952348368031,0.043346084227454604,0.8160769695545164,0.7773924104904497,down,down,down,down,0.0226385538659723,0.0028764048619596,0.0,9.670117272990347e-06,7.39
4.172,-0.4741439193858916,0.1819313381840046,0.8235968603105066,0.7905098011293699,down,down,down,down,0.0226385538659723,0.0028764048619596,0.0,9.670117272990347e-06,7.406
4.187,-0.4755331861788683,0.1152563400644144,0.8306762925293132,0.802916849775669,down,down,down,down,0.0226385538659723,0.0028764048619596,0.0,9.670117272990347e-06,7.421
4.203,-0.47690953495196453,0.1086603521844863,0.8382498118205685,0.816268258610468,down,down,down,down,0.0226385538659723,0.0028764048619596,0.0,9.670117272990347e-06,7.437
4.219,-0.4763375525879425,0.013110343885402997,0.8458297660430963,0.8297408952333774,down,down,down,down,0.0226385538659723,0.0028764048619596,0.0,9.670117272990347e-06,7.453
4.234,-0.4768126654050117,0.0543127416705893,0.852935246605114,0.8424816328282386,down,down,down,down,0.0226385538659723,0.0028764048619596,0.0,9.670117272990347e-06,7.468
4.25,-0.4772769421794827,0.051655852270404604,0.8605219409879986,0.8561892903289835,down,down,down,down,0.0226385538659723,0.0028764048619596,0.0,9.670117272990347e-06,7.484
4.266,-0.4767300671074927,0.011541138133397404,0.8681079745845031,0.8700183296535635,down,down,down,down,0.0226385538659723,0.0028764048619596,0.0,9.670117272990347e-06,7.5
4.297,-0.47734112518740623,0.0423501048309228,0.8828069095143531,0.8971575103570956,down,down,down,down,0.0226385538659723,0.0028764048619596,0.0,9.670117272990347e-06,7.531
4.312,-0.4789514855005414,0.12999590807498268,0.8899359580215837,0.9104530818636156,down,down,down,down,0.0226385538659723,0.0028764048619596,0.0,9.670117272990347e-06,7.546
4.328,-0.4804485582346664,0.1162055997487863,0.8975651358936739,0.9247530906149378,down,down,down,down,0.0226385538659723,0.0028764048619596,0.0,9.670117272990347e-06,7.562
4.344,-0.47962147463765703,0.029054170947118103,0.9051996736788612,0.9391752090915179,down,down,down,down,0.0226385538659723,0.0028764048619596,0.0,9.670117272990347e-06,7.578
4.359,-0.4805656522732526,0.0855837295723484,0.9123579310577634,0.9528068911270422,down,down,down,down,0.0226385538659723,0.0028764048619596,0.0,9.670117272990347e-06,7.593
4.375,-0.4797142458527457,0.030574347415712702,0.91999414776498,0.9674657077576242,down,down,down,down,0.0226385538659723,0.0028764048619596,0.0,9.670117272990347e-06,7.609
4.391,-0.4801969839679323,0.052809686065136,0.927627415125754,0.9822466802607502,down,down,down,down,0.0226385538659723,0.0028764048619596,0.0,9.670117272990347e-06,7.625
4.406,-0.4806638638605527,0.053763880040666095,0.9347907254115382,0.9962148163147796,down,down,down,down,0.0226385538659723,0.0028764048619596,0.0,9.670117272990347e-06,7.64
4.422,-0.48095129288847,0.040602868110806004,0.942437624187739,1.0112326431115737,down,down,down,down,0.0226385538659723,0.0028764048619596,0.0,9.670117272990347e-06,7.656
4.453,-0.4813369397388154,0.0350787748448548,0.9572639232427416,1.0406780170967465,down,down,down,down,0.0226385538659723,0.0028764048619596,0.0,9.670117272990347e-06,7.687
4.469,-0.4817511179390212,0.0485246913788372,0.9649226052263729,1.0560555093244997,down,down,down,down,0.0226385538659723,0.0028764048619596,0.0,9.670117272990347e-06,7.703
4.484,-0.4817779749709778,0.0244290226630786,0.9721059273502684,1.0705832233188242,down,down,down,down,0.0226385538659723,0.0028764048619596,0.0,9.670117272990347e-06,7.718
4.5,-0.4812344830544876,0.011329690914663203,0.9797640045366808,1.0861981827739198,down,down,down,down,0.0226385538659723,0.0028764048619596,0.0,9.670117272990347e-06,7.734
4.516,-0.4806474450931048,0.014051318720453801,0.9874130374840702,1.1019355991100859,down,down,down,down,0.0226385538659723,0.0028764048619596,0.0,9.670117272990347e-06,7.75
4.531,-0.4807650092320106,0.030476163126354698,0.9945804848185792,1.1168005505273555,down,down,down,down,0.0226385538659723,0.0028764048619596,0.0,9.670117272990347e-06,7.765
4.547,-0.4804390680817238,0.0,1.0022240949592975,1.1327749871655786,down,down,down,down,0.0226385538659723,0.0028764048619596,0.0,9.670117272990347e-06,7.781
4.562,-0.4801306262380276,0.0,1.0093852215937666,1.147862057039727,down,down,down,down,0.0226385538659723,0.0028764048619596,0.0,9.670117272990347e-06,7.796
4.594,-0.4797270143653627,0.0100256828451939,1.0246508988878382,1.1804066349674327,down,down,down,down,0.0226385538659723,0.0028764048619596,0.0,9.670117272990347e-06,7.828
4.609,-0.4820844279845939,0.1797994618147258,1.0318213386325334,1.1958301767488348,down,down,down,down,0.0226385538659723,0.0028764048619596,0.0,9.670117272990347e-06,7.843
4.625,-0.4821765807767644,0.0283981033766255,1.039489404224833,1.212400662691694,down,down,down,down,0.0226385538659723,0.0028764048619596,0.0,9.670117272990347e-06,7.859
4.641,-0.482217618408546,0.0252034058523253,1.0471585353405242,1.2290938462082168,down,down,down,down,0.0226385538659723,0.0028764048619596,0.0,9.670117272990347e-06,7.875
4.656,-0.4810295408258049,0.0565666183167685,1.0543397429618522,1.2448550832954846,down,down,down,down,0.0226385538659723,0.0028764048619596,0.0,9.670117272990347e-06,7.89
4.672,-0.4823264379116789,0.1036946217330968,1.0620005683139606,1.261785805785691,down,down,down,down,0.0226385538659723,0.0028764048619596,0.0,9.670117272990347e-06,7.906
4.703,-0.4820804988196663,0.0147050347687903,1.076859707282576,1.294938140057438,down,down,down,down,0.0226385538659723,0.0028764048619596,0.0,9.670117272990347e-06,7.937
4.719,-0.4824252771610666,0.0441872002034936,1.0845297310126305,1.3122292555637998,down,down,down,down,0.0226385538659723,0.0028764048619596,0.0,9.670117272990347e-06,7.953
4.734,-0.4827954337282616,0.0473156583456373,1.091725740271371,1.3285511715984295,down,down,down,down,0.0226385538659723,0.0028764048619596,0.0,9.670117272990347e-06,7.968
4.766,-0.4840501609494119,0.0618487795269183,1.107103224830631,1.3637324350400613,down,down,down,down,0.0226385538659723,0.0028764048619596,0.0,9.670117272990347e-06,8.0
4.781000000000001,-0.4853092488939125,0.1065777501660152,1.1143302743315269,1.3803931862837786,down,down,down,down,0.0226385538659723,0.0028764048619596,0.0,9.670117272990347e-06,8.015
4.811999999999999,-0.4848060483818894,0.0,1.1292778928885805,1.4151691128756887,down,down,down,down,0.0226385538659723,0.0028764048619596,0.0,9.670117272990347e-06,8.046
4.827999999999999,-0.4848939454922476,0.0281321232633579,1.1369894703617822,1.4332992517816918,down,down,down,down,0.0226385538659723,0.0028764048619596,0.0,9.670117272990347e-06,8.062
4.843999999999999,-0.4849885601144699,0.028551967754863898,1.1447025079288446,1.4515527876080165,down,down,down,down,0.0226385538659723,0.0028764048619596,0.0,9.670117272990347e-06,8.078
4.859,-0.48454491982110603,0.0,1.1519308629554323,1.4687775378896493,down,down,down,down,0.0226385538659723,0.0028764048619596,0.0,9.670117272990347e-06,8.093
4.875,-0.4855643297189402,0.0863516724806111,1.1596457144739614,1.4872701505090846,down,down,down,down,0.0226385538659723,0.0028764048619596,0.0,9.670117272990347e-06,8.109
4.891,-0.4858223691928884,0.038766020987734795,1.1673707855874649,1.5058862825095758,down,down,down,down,0.0226385538659723,0.0028764048619596,0.0,9.670117272990347e-06,8.125
4.906000000000001,-0.4861017198002866,0.0412619276925144,1.1746170701819842,1.5234511914278472,down,down,down,down,0.0226385538659723,0.0028764048619596,0.0,9.670117272990347e-06,8.14
4.922000000000001,-0.4857954730238471,0.0,1.182346225246786,1.5423068977912775,down,down,down,down,0.0226385538659723,0.0028764048619596,0.0,9.670117272990347e-06,8.156
4.936999999999999,-0.4862284122754889,0.0515011706420935,1.189593258313601,1.560096443917979,down,down,down,down,0.0226385538659723,0.0028764048619596,0.0,9.670117272990347e-06,8.171
4.952999999999999,-0.4866102062032897,0.0465006743535222,1.19732994478364,1.579191829542757,down,down,down,down,0.0226385538659723,0.0028764048619596,0.0,9.670117272990347e-06,8.187
4.968999999999999,-0.4868897903686271,0.0401125641995569,1.205071922278424,1.5984110444792534,down,down,down,down,0.0226385538659723,0.0028764048619596,0.0,9.670117272990347e-06,8.203
4.984,-0.4865367120641028,0.0,1.21232947497374,1.6165415549586453,down,down,down,down,0.0226385538659723,0.0028764048619596,0.0,9.670117272990347e-06,8.218
5.0,-0.48617790922753734,0.0,1.220065169466282,1.6360007121141655,down,down,down,down,0.0226385538659723,0.0028764048619596,0.0,9.670117272990347e-06,8.234
5.016,-0.4882877472616122,0.1545034309956559,1.2278148722404036,1.655583752447819,down,down,down,down,0.0226385538659723,0.0028764048619596,0.0,9.670117272990347e-06,8.25
5.031000000000001,-0.4893547170011771,0.0937698698369617,1.2351040446494457,1.6740556443244938,down,down,down,down,0.0226385538659723,0.0028764048619596,0.0,9.670117272990347e-06,8.265
5.061999999999999,-0.490674320267102,0.065206401153872,1.2502053261763824,1.7125779395722924,down,down,down,down,0.0226385538659723,0.0028764048619596,0.0,9.670117272990347e-06,8.296
5.077999999999999,-0.49197070512752994,0.1036626076427181,1.258020463901748,1.7326437458929178,down,down,down,down,0.0226385538659723,0.0028764048619596,0.0,9.670117272990347e-06,8.312
5.093999999999999,-0.4911584897272867,0.028124908649229598,1.2658394749827953,1.752834625403994,down,down,down,down,0.0226385538659723,0.0028764048619596,0.0,9.670117272990347e-06,8.328
5.109,-0.4909762405290951,0.010488607319869999,1.273162339386789,1.7718771390117665,down,down,down,down,0.0226385538659723,0.0028764048619596,0.0,9.670117272990347e-06,8.343
5.125,-0.4908060255799604,0.0120001195450525,1.2809705750378702,1.7923102023271638,down,down,down,down,0.0226385538659723,0.0028764048619596,0.0,9.670117272990347e-06,8.359
5.141,-0.490254118907119,0.011855613186617597,1.2887730337159755,1.812868151197194,down,down,down,down,0.0226385538659723,0.0028764048619596,0.0,9.670117272990347e-06,8.375
5.156000000000001,-0.4907010234558715,0.052432190449472,1.2960870512107687,1.8322546018341457,down,down,down,down,0.0226385538659723,0.0028764048619596,0.0,9.670117272990347e-06,8.39
5.172000000000001,-0.4898213145651198,0.0323432518060107,1.3038852074371452,1.853054379903329,down,down,down,down,0.0226385538659723,0.0028764048619596,0.0,9.670117272990347e-06,8.406
5.186999999999999,-0.4890626662305877,0.0279380017695049,1.311183691220183,1.8726673966432574,down,down,down,down,0.0226385538659723,0.0028764048619596,0.0,9.670117272990347e-06,8.421
5.202999999999999,-0.48889552317023544,0.0121921125939561,1.3189613342575983,1.8937085568470797,down,down,down,down,0.0226385538659723,0.0028764048619596,0.0,9.670117272990347e-06,8.437
5.218999999999999,-0.488686648374383,0.0,1.326735969152164,1.914874135274358,down,down,down,down,0.0226385538659723,0.0028764048619596,0.0,9.670117272990347e-06,8.453
5.234,-0.4902423361260091,0.1263510706410395,1.3340347904629877,1.9348299159714726,down,down,down,down,0.0226385538659723,0.0028764048619596,0.0,9.670117272990347e-06,8.468
5.25,-0.4906656006586107,0.0490925871535762,1.3418360314794733,1.956236882547012,down,down,down,down,0.0226385538659723,0.0028764048619596,0.0,9.670117272990347e-06,8.484
5.266,-0.4910367216817963,0.0458336178150719,1.3496436275804051,1.9777687198194913,down,down,down,down,0.0226385538659723,0.0028764048619596,0.0,9.670117272990347e-06,8.5
5.281000000000001,-0.4914214153355391,0.0482847974488266,1.356968917535106,1.9980683139078577,down,down,down,down,0.0226385538659723,0.0028764048619596,0.0,9.670117272990347e-06,8.515
5.311999999999999,-0.4921791778811979,0.0470825069517389,1.3721255581792442,2.040369278281429,down,down,down,down,0.0226385538659723,0.0028764048619596,0.0,9.670117272990347e-06,8.546
5.327999999999999,-0.4929673529985425,0.071899498700012,1.3799607079484908,2.062385968410451,down,down,down,down,0.0226385538659723,0.0028764048619596,0.0,9.670117272990347e-06,8.562
5.343999999999999,-0.4940476984884707,0.0901601469864842,1.3878108058825955,2.0845281405210994,down,down,down,down,0.0226385538659723,0.0028764048619596,0.0,9.670117272990347e-06,8.578
5.359,-0.494468639151048,0.0507012647044546,1.3951815323419627,2.105400583057784,down,down,down,down,0.0226385538659723,0.0028764048619596,0.0,9.670117272990347e-06,8.593
5.391,-0.49488739204490173,0.0357245817989015,1.4109191838855153,2.1502981945174238,down,down,down,down,0.0226385538659723,0.0028764048619596,0.0,9.670117272990347e-06,8.625
5.406000000000001,-0.4947186201624198,0.0113870950338476,1.4182980829041412,2.171517324018347,down,down,down,down,0.0226385538659723,0.0028764048619596,0.0,9.670117272990347e-06,8.64
5.422000000000001,-0.4928029980890311,0.0970878257208207,1.4261522333723615,2.194272926548559,down,down,down,down,0.0226385538659723,0.0028764048619596,0.0,9.670117272990347e-06,8.656
5.436999999999999,-0.4908727332200282,0.10604577073423399,1.4334866552842496,2.2157202182134816,down,down,down,down,0.0226385538659723,0.0028764048619596,0.0,9.670117272990347e-06,8.671
5.452999999999999,-0.49128817527873453,0.0486036825351198,1.4412979200744482,2.2387184948163514,down,down,down,down,0.0226385538659723,0.0028764048619596,0.0,9.670117272990347e-06,8.687
5.468999999999999,-0.4924273039061422,0.0938340930789481,1.449121621430136,2.261841851148388,down,down,down,down,0.0226385538659723,0.0028764048619596,0.0,9.670117272990347e-06,8.703
5.484,-0.49352292325953684,0.0956798440922788,1.4564731020609494,2.283633811574572,down,down,down,down,0.0226385538659723,0.0028764048619596,0.0,9.670117272990347e-06,8.718
5.5,-0.4932054398570091,0.0,1.4643209064880904,2.307000163642965,down,down,down,down,0.0226385538659723,0.0028764048619596,0.0,9.670117272990347e-06,8.734
5.531000000000001,-0.4926956972869263,0.0,1.479513205563101,2.352629592379759,down,down,down,down,0.0226385538659723,0.0028764048619596,0.0,9.670117272990347e-06,8.765
5.547000000000001,-0.4924612694292705,0.0,1.4873484388190392,2.376364485534816,down,down,down,down,0.0226385538659723,0.0028764048619596,0.0,9.670117272990347e-06,8.781
5.561999999999999,-0.4922828666750849,0.0107450369202668,1.4946908737668918,2.3987297803792087,down,down,down,down,0.0226385538659723,0.0028764048619596,0.0,9.670117272990347e-06,8.796
5.577999999999999,-0.4920834418307524,0.010174501095194799,1.5025197817571472,2.422707465623401,down,down,down,down,0.0226385538659723,0.0028764048619596,0.0,9.670117272990347e-06,8.812
5.593999999999999,-0.4919311595728999,0.0131209127501863,1.510345876090585,2.446810390886183,down,down,down,down,0.0226385538659723,0.0028764048619596,0.0,9.670117272990347e-06,8.828
5.609,-0.4923745786257676,0.0521998240571518,1.517685023054146,2.4695206226297697,down,down,down,down,0.0226385538659723,0.0028764048619596,0.0,9.670117272990347e-06,8.843
5.625,-0.4927487011385274,0.0460212109134604,1.5255199868144689,2.4938662627087185,down,down,down,down,0.0226385538659723,0.0028764048619596,0.0,9.670117272990347e-06,8.859
5.641,-0.4932457050592322,0.0537012989100248,1.5333619195862596,2.518337317959925,down,down,down,down,0.0226385538659723,0.0028764048619596,0.0,9.670117272990347e-06,8.875
5.672000000000001,-0.4920057260240202,0.0173607698505431,1.5485441482173294,2.5661068620108813,down,down,down,down,0.0226385538659723,0.0028764048619596,0.0,9.670117272990347e-06,8.906
5.686999999999999,-0.4931143122763739,0.0965443040228889,1.5558894024316523,2.5893901136407464,down,down,down,down,0.0226385538659723,0.0028764048619596,0.0,9.670117272990347e-06,8.921
5.702999999999999,-0.4942923268371331,0.0962644639134201,1.563742633066769,2.614347169924734,down,down,down,down,0.0226385538659723,0.0028764048619596,0.0,9.670117272990347e-06,8.937
5.718999999999999,-0.493696117402612,0.0146245357915964,1.5716005181428956,2.639429915134411,down,down,down,down,0.0226385538659723,0.0028764048619596,0.0,9.670117272990347e-06,8.953
5.734,-0.4951202149420162,0.1175783898262487,1.578973494562551,2.663059220229703,down,down,down,down,0.0226385538659723,0.0028764048619596,0.0,9.670117272990347e-06,8.968
5.75,-0.4964975839472085,0.10872411669049489,1.5868604144758736,2.6883858915020102,down,down,down,down,0.0226385538659723,0.0028764048619596,0.0,9.670117272990347e-06,8.984
5.766,-0.4964600128830021,0.0202903623530704,1.594758052772724,2.7138388392399992,down,down,down,down,0.0226385538659723,0.0028764048619596,0.0,9.670117272990347e-06,9.0
5.797000000000001,-0.4954396343977443,0.010276881142343902,1.610043328754855,2.763513260653678,down,down,down,down,0.0226385538659723,0.0028764048619596,0.0,9.670117272990347e-06,9.031
5.811999999999999,-0.4943456202232035,0.0502957244367537,1.6174235720915822,2.787719262410024,down,down,down,down,0.0226385538659723,0.0028764048619596,0.0,9.670117272990347e-06,9.046
5.827999999999999,-0.4940941978022444,0.0,1.6252850681579945,2.813660931532021,down,down,down,down,0.0226385538659723,0.0028764048619596,0.0,9.670117272990347e-06,9.062
5.843999999999999,-0.4940966182005066,0.0227898287573635,1.6331445722082252,2.83972836865495,down,down,down,down,0.0226385538659723,0.0028764048619596,0.0,9.670117272990347e-06,9.078
5.859,-0.4945349251944755,0.0518590201305612,1.6405161627107585,2.8642808241668436,down,down,down,down,0.0226385538659723,0.0028764048619596,0.0,9.670117272990347e-06,9.093
5.875,-0.49499926633453123,0.051659875119458395,1.6483864137651991,2.8905920447786513,down,down,down,down,0.0226385538659723,0.0028764048619596,0.0,9.670117272990347e-06,9.109
5.891,-0.4956132721270911,0.0610139159009647,1.6562652915951008,2.917029258421534,down,down,down,down,0.0226385538659723,0.0028764048619596,0.0,9.670117272990347e-06,9.125
5.906000000000001,-0.4959060504437236,0.0421571083081339,1.6636585404414528,2.941928687161809,down,down,down,down,0.0226385538659723,0.0028764048619596,0.0,9.670117272990347e-06,9.14
5.922000000000001,-0.49616931763284633,0.039092753186142803,1.671549120908274,2.9686103484526067,down,down,down,down,0.0226385538659723,0.0028764048619596,0.0,9.670117272990347e-06,9.156
5.936999999999999,-0.4961556925549022,0.0217302153363648,1.6789484124117522,2.993739079952505,down,down,down,down,0.0226385538659723,0.0028764048619596,0.0,9.670117272990347e-06,9.171
5.952999999999999,-0.4969464691350928,0.07206209012788889,1.6868472072274807,3.020665444909618,down,down,down,down,0.0226385538659723,0.0028764048619596,0.0,9.670117272990347e-06,9.187
5.968999999999999,-0.497804296189166,0.0762527447455417,1.6947591908722834,3.0477182960944167,down,down,down,down,0.0226385538659723,0.0028764048619596,0.0,9.670117272990347e-06,9.203
6.0,-0.4980337001607075,0.0300386819802168,1.710105511264986,3.1004936989775453,down,down,down,down,0.0226385538659723,0.0028764048619596,0.0,9.670117272990347e-06,9.234
6.0,-0.4975116322545645,0.0226385538659723,1.710105511264986,3.1004936989775453,down,down,down,down,0.0226385538659723,0.0028764048619596,0.0,9.670117272990347e-06,9.234
6.016,-0.4969837711330456,0.010352766228960399,1.7180154520142956,3.1279186666837795,down,down,down,down,0.0226385538659723,0.0028764048619596,0.0,9.670117272990347e-06,9.25
6.047000000000001,-0.4977628809350687,0.0477711281247819,1.7333448565706309,3.1814147514668467,down,down,down,down,0.0226385538659723,0.0028764048619596,0.0,9.670117272990347e-06,9.281
6.061999999999999,-0.4963359611312441,0.0724894330556746,1.7407574518131983,3.2074705187797234,down,down,down,down,0.0226385538659723,0.0028764048619596,0.0,9.670117272990347e-06,9.296
6.077999999999999,-0.4948947014613747,0.0674401755008657,1.748641274636148,3.235385708591318,down,down,down,down,0.0226385538659723,0.0028764048619596,0.0,9.670117272990347e-06,9.312
6.093999999999999,-0.4946206876033176,0.0,1.756511375270874,3.2634269297905742,down,down,down,down,0.0226385538659723,0.0028764048619596,0.0,9.670117272990347e-06,9.328
6.109,-0.4953538468341634,0.07151583592235139,1.763893038206226,3.2898299628916536,down,down,down,down,0.0226385538659723,0.0028764048619596,0.0,9.670117272990347e-06,9.343
6.125,-0.4960035133923366,0.0632427137517987,1.7717778746102468,3.3181153301941855,down,down,down,down,0.0226385538659723,0.0028764048619596,0.0,9.670117272990347e-06,9.359
6.141,-0.4977444367930257,0.13144626640904078,1.7796818357339383,3.346527007876939,down,down,down,down,0.0226385538659723,0.0028764048619596,0.0,9.670117272990347e-06,9.375
6.156000000000001,-0.49627119445508683,0.0755776019966163,1.78709380689537,3.3732778251966598,down,down,down,down,0.0226385538659723,0.0028764048619596,0.0,9.670117272990347e-06,9.39
6.172000000000001,-0.4952610669893911,0.040494412740010796,1.794980042509135,3.401934415991896,down,down,down,down,0.0226385538659723,0.0028764048619596,0.0,9.670117272990347e-06,9.406
6.186999999999999,-0.4942714277679432,0.043337394230559795,1.8023583901468847,3.4289144542368137,down,down,down,down,0.0226385538659723,0.0028764048619596,0.0,9.670117272990347e-06,9.421
6.202999999999999,-0.4943103256563699,0.0250696718926412,1.810221021696488,3.4578150895315614,down,down,down,down,0.0226385538659723,0.0028764048619596,0.0,9.670117272990347e-06,9.437
6.218999999999999,-0.4927168978469076,0.0769506842254185,1.8180712170067224,3.4868414274411865,down,down,down,down,0.0226385538659723,0.0028764048619596,0.0,9.670117272990347e-06,9.453
6.25,-0.4911633096077778,0.027477195783374,1.8332321916715495,3.543436630275701,down,down,down,down,0.0226385538659723,0.0028764048619596,0.0,9.670117272990347e-06,9.484
6.266,-0.4926506779641766,0.115599076140893,1.841056681094334,3.572830941257828,down,down,down,down,0.0226385538659723,0.0028764048619596,0.0,9.670117272990347e-06,9.5
6.281000000000001,-0.4929232528908116,0.0408102156416393,1.8484053395028173,3.6005019064123074,down,down,down,down,0.0226385538659723,0.0028764048619596,0.0,9.670117272990347e-06,9.515
6.297000000000001,-0.493233868672462,0.042052040219120304,1.856248573997532,3.63013913772031,down,down,down,down,0.0226385538659723,0.0028764048619596,0.0,9.670117272990347e-06,9.531
6.311999999999999,-0.492820112362633,0.0,1.8636008327823648,3.658038008271157,down,down,down,down,0.0226385538659723,0.0028764048619596,0.0,9.670117272990347e-06,9.546
6.327999999999999,-0.4928988221726236,0.027557916990383798,1.871440561780856,3.6879183394276627,down,down,down,down,0.0226385538659723,0.0028764048619596,0.0,9.670117272990347e-06,9.562
6.343999999999999,-0.4952135164913613,0.1673069487870824,1.8792994380123764,3.717924259426009,down,down,down,down,0.0226385538659723,0.0028764048619596,0.0,9.670117272990347e-06,9.578
6.359,-0.4952734566196461,0.0266345624182926,1.88668494423778,3.746169142292886,down,down,down,down,0.0226385538659723,0.0028764048619596,0.0,9.670117272990347e-06,9.593
6.375,-0.4955785573680984,0.041707350644237695,1.8945657378718903,3.7764191477497633,down,down,down,down,0.0226385538659723,0.0028764048619596,0.0,9.670117272990347e-06,9.609
6.391,-0.4958630425392964,0.0404188770658508,1.9024512481933584,3.806795283638285,down,down,down,down,0.0226385538659723,0.0028764048619596,0.0,9.670117272990347e-06,9.625
6.406000000000001,-0.4972566401464799,0.115545061011535,1.9098564997405725,3.835387591747791,down,down,down,down,0.0226385538659723,0.0028764048619596,0.0,9.670117272990347e-06,9.64
6.422000000000001,-0.4944363976080126,0.1536266047882372,1.9177440215648167,3.866008395918234,down,down,down,down,0.0226385538659723,0.0028764048619596,0.0,9.670117272990347e-06,9.656
6.452999999999999,-0.4941306215856986,0.0127748112106828,1.9329776418115985,3.925694581700566,down,down,down,down,0.0226385538659723,0.0028764048619596,0.0,9.670117272990347e-06,9.687
6.468999999999999,-0.4971023065385935,0.2083688634219036,1.940861482758801,3.956685294697129,down,down,down,down,0.0226385538659723,0.0028764048619596,0.0,9.670117272990347e-06,9.703
6.484,-0.4964809693904541,0.018783922676652,1.94827021125534,3.9858537824022373,down,down,down,down,0.0226385538659723,0.0028764048619596,0.0,9.670117272990347e-06,9.718
6.516,-0.4957513916345473,0.0,1.9640538840761572,4.0484509679275416,down,down,down,down,0.0226385538659723,0.0028764048619596,0.0,9.670117272990347e-06,9.75
6.531000000000001,-0.4965832499025602,0.07809577173349741,1.9714532478147568,4.077967271416724,down,down,down,down,0.0226385538659723,0.0028764048619596,0.0,9.670117272990347e-06,9.765
6.547000000000001,-0.4982581387835161,0.12731910892571618,1.9793659564464536,4.109573825050814,down,down,down,down,0.0226385538659723,0.0028764048619596,0.0,9.670117272990347e-06,9.781
6.561999999999999,-0.49994226017855853,0.13491331353548008,1.9868093133657396,4.139320139574402,down,down,down,down,0.0226385538659723,0.0028764048619596,0.0,9.670117272990347e-06,9.796
6.577999999999999,-0.4993650597237824,0.0134364745575377,1.994757749447167,4.171172676076906,down,down,down,down,0.0226385538659723,0.0028764048619596,0.0,9.670117272990347e-06,9.812
6.593999999999999,-0.4994864940309771,0.0302281980656404,2.0027025393994147,4.203152358387679,down,down,down,down,0.0226385538659723,0.0028764048619596,0.0,9.670117272990347e-06,9.828
6.609,-0.4996009686641755,0.0302701960792032,2.0101525492967003,4.233248771552901,down,down,down,down,0.0226385538659723,0.0028764048619596,0.0,9.670117272990347e-06,9.843
6.625,-0.4988259114727196,0.025802520600026697,2.018093941860004,4.265474743482155,down,down,down,down,0.0226385538659723,0.0028764048619596,0.0,9.670117272990347e-06,9.859
6.641,-0.4993530345038017,0.0555837433086069,2.026033350950025,4.297827761824635,down,down,down,down,0.0226385538659723,0.0028764048619596,0.0,9.670117272990347e-06,9.875
6.656000000000001,-0.5003476325057985,0.0889450873324197,2.033487959879668,4.328274171655859,down,down,down,down,0.0226385538659723,0.0028764048619596,0.0,9.670117272990347e-06,9.89
6.672000000000001,-0.5012790628733086,0.0808529518353528,2.0414549509649094,4.360873714942615,down,down,down,down,0.0226385538659723,0.0028764048619596,0.0,9.670117272990347e-06,9.906
6.686999999999999,-0.5001335381284999,0.053729762454611696,2.0489223993994927,4.391551545070346,down,down,down,down,0.0226385538659723,0.0028764048619596,0.0,9.670117272990347e-06,9.921
6.702999999999999,-0.4988887170682723,0.0551627623982531,2.0568685549632755,4.424397872705248,down,down,down,down,0.0226385538659723,0.0028764048619596,0.0,9.670117272990347e-06,9.937
6.718999999999999,-0.4976881861899897,0.052394626026686,2.0647951477115503,4.457371182326647,down,down,down,down,0.0226385538659723,0.0028764048619596,0.0,9.670117272990347e-06,9.953
6.734,-0.4963406029051942,0.0672003317870617,2.072207217556835,4.488398700066162,down,down,down,down,0.0226385538659723,0.0028764048619596,0.0,9.670117272990347e-06,9.968
6.75,-0.4957302191318202,0.015510431969900602,2.0800977616553395,4.521617139899859,down,down,down,down,0.0226385538659723,0.0028764048619596,0.0,9.670117272990347e-06,9.984
6.781000000000001,-0.4943270512268824,0.022624926938471103,2.095354480795179,4.586336649657843,down,down,down,down,0.0226385538659723,0.0028764048619596,0.0,9.670117272990347e-06,10.015
6.797000000000001,-0.4946777990646911,0.044560293729012296,2.1032204971197204,4.619925249481162,down,down,down,down,0.0226385538659723,0.0028764048619596,0.0,9.670117272990347e-06,10.031
6.811999999999999,-0.4955604752997455,0.08148363620294011,2.110604138104524,4.651528934245341,down,down,down,down,0.0226385538659723,0.0028764048619596,0.0,9.670117272990347e-06,10.046
6.827999999999999,-0.4963723967750137,0.07338364607023509,2.1184935786033305,4.685361715979004,down,down,down,down,0.0226385538659723,0.0028764048619596,0.0,9.670117272990347e-06,10.062
6.843999999999999,-0.49360167358061524,0.1505316457839355,2.126367348688384,4.719320603397338,down,down,down,down,0.0226385538659723,0.0028764048619596,0.0,9.670117272990347e-06,10.078
6.859,-0.4920480024844771,0.0809395192098992,2.133716575185943,4.751271232826396,down,down,down,down,0.0226385538659723,0.0028764048619596,0.0,9.670117272990347e-06,10.093
6.875,-0.4906300978657967,0.0659804848015532,2.141531977510954,4.785473221247972,down,down,down,down,0.0226385538659723,0.0028764048619596,0.0,9.670117272990347e-06,10.109
6.891,-0.4892070216552113,0.066303709295612,2.1493246519893305,4.8198000742839735,down,down,down,down,0.0226385538659723,0.0028764048619596,0.0,9.670117272990347e-06,10.125
6.906000000000001,-0.4861388351820181,0.1819072110135652,2.156596599842681,4.8520944836727145,down,down,down,down,0.0226385538659723,0.0028764048619596,0.0,9.670117272990347e-06,10.14
6.922000000000001,-0.4830680458421543,0.1692857798755164,2.164304232413083,4.886661690330762,down,down,down,down,0.0226385538659723,0.0028764048619596,0.0,9.670117272990347e-06,10.156
6.936999999999999,-0.4816995734106601,0.0685929415669805,2.171496843484549,4.9191801983999905,down,down,down,down,0.0226385538659723,0.0028764048619596,0.0,9.670117272990347e-06,10.171
6.952999999999999,-0.4787643068770695,0.160815604483444,2.17913453204906,4.953985249404259,down,down,down,down,0.0226385538659723,0.0028764048619596,0.0,9.670117272990347e-06,10.187
6.968999999999999,-0.4743243157540178,0.2548608913247595,2.1867132185523173,4.98891203140907,down,down,down,down,0.0226385538659723,0.0028764048619596,0.0,9.670117272990347e-06,10.203
6.984,-0.4701039666833715,0.258718050843769,2.1937532845976686,5.021765530182696,down,down,down,down,0.0226385538659723,0.0028764048619596,0.0,9.670117272990347e-06,10.218
7.016,-0.4673537160458227,0.0633067785574259,2.208660562565753,5.092204151737311,down,down,down,down,0.0226385538659723,0.0028764048619596,0.0,9.670117272990347e-06,10.25
7.031000000000001,-0.4644277387137467,0.1724266016057537,2.2156057774035207,5.125386149287082,down,down,down,down,0.0226385538659723,0.0028764048619596,0.0,9.670117272990347e-06,10.265
7.047000000000001,-0.4614851224767058,0.161274960949087,2.222967057815253,5.160894731968832,down,down,down,down,0.0226385538659723,0.0028764048619596,0.0,9.670117272990347e-06,10.281
7.061999999999999,-0.4588101109020286,0.155695551112522,2.229826125992664,5.194290680847389,down,down,down,down,0.0226385538659723,0.0028764048619596,0.0,9.670117272990347e-06,10.296
7.077999999999999,-0.4564483103780237,0.12497397888433501,2.237102170885113,5.230026107222411,down,down,down,down,0.0226385538659723,0.0028764048619596,0.0,9.670117272990347e-06,10.312
7.093999999999999,-0.4523271696393465,0.2349327423013523,2.244326352247461,5.265877535407472,down,down,down,down,0.0226385538659723,0.0028764048619596,0.0,9.670117272990347e-06,10.328
7.109,-0.4482139240986118,0.2515778155163284,2.2510372643775662,5.2995927625321615,down,down,down,down,0.0226385538659723,0.0028764048619596,0.0,9.670117272990347e-06,10.343
7.125,-0.4454342234954502,0.1510927338316258,2.2581404270805274,5.335666184063825,down,down,down,down,0.0226385538659723,0.0028764048619596,0.0,9.670117272990347e-06,10.359
7.141,-0.4430506610744284,0.1263340974478887,2.265202283679295,5.371852925749904,down,down,down,down,0.0226385538659723,0.0028764048619596,0.0,9.670117272990347e-06,10.375
7.156000000000001,-0.4384893689285469,0.2814475891927844,2.2717706878313884,5.4058802230362355,down,down,down,down,0.0226385538659723,0.0028764048619596,0.0,9.670117272990347e-06,10.39
7.172000000000001,-0.43701845708436693,0.069293436395279,2.2787287279617003,5.44228421836258,down,down,down,down,0.0226385538659723,0.0028764048619596,0.0,9.670117272990347e-06,10.406
7.186999999999999,-0.4355360583999896,0.0761880250925205,2.285229740754903,5.476513906877952,down,down,down,down,0.0226385538659723,0.0028764048619596,0.0,9.670117272990347e-06,10.421
7.202999999999999,-0.4346026802903271,0.0356975779879365,2.292144828186634,5.513132903429486,down,down,down,down,0.0226385538659723,0.0028764048619596,0.0,9.670117272990347e-06,10.437
7.218999999999999,-0.4316325424488027,0.1629950612292984,2.299028687490756,5.549862291554904,down,down,down,down,0.0226385538659723,0.0028764048619596,0.0,9.670117272990347e-06,10.453
7.234,-0.4295310692691192,0.1174596581129268,2.305444268505711,5.584395838724879,down,down,down,down,0.0226385538659723,0.0028764048619596,0.0,9.670117272990347e-06,10.468
7.25,-0.42753156857185104,0.1023302397132885,2.3122547471306474,5.6213374308499695,down,down,down,down,0.0226385538659723,0.0028764048619596,0.0,9.670117272990347e-06,10.484
7.266,-0.42640982138304473,0.047470645434422004,2.3190402557724954,5.658387790873195,down,down,down,down,0.0226385538659723,0.0028764048619596,0.0,9.670117272990347e-06,10.5
7.297000000000001,-0.4239853372199231,0.055570612686335105,2.3321322121801207,5.730480964126461,down,down,down,down,0.0226385538659723,0.0028764048619596,0.0,9.670117272990347e-06,10.531
7.311999999999999,-0.4217424713760227,0.1268858357274019,2.3384320246716603,5.765510195902847,down,down,down,down,0.0226385538659723,0.0028764048619596,0.0,9.670117272990347e-06,10.546
7.327999999999999,-0.4183472431869628,0.1895632079502716,2.345106719910373,5.802978505859503,down,down,down,down,0.0226385538659723,0.0028764048619596,0.0,9.670117272990347e-06,10.562
7.343999999999999,-0.4147078095925263,0.2048260457863103,2.3517251378548174,5.840553160721624,down,down,down,down,0.0226385538659723,0.0028764048619596,0.0,9.670117272990347e-06,10.578
7.359,-0.4111562735929119,0.214130512774974,2.357875972405779,5.87587516904858,down,down,down,down,0.0226385538659723,0.0028764048619596,0.0,9.670117272990347e-06,10.593
7.375,-0.4071709905609086,0.2264416356342334,2.364376568041218,5.913653189372156,down,down,down,down,0.0226385538659723,0.0028764048619596,0.0,9.670117272990347e-06,10.609
7.391,-0.40360925429645533,0.1999699626623606,2.3708167875222856,5.951534736216664,down,down,down,down,0.0226385538659723,0.0028764048619596,0.0,9.670117272990347e-06,10.625
7.406000000000001,-0.39894737372280353,0.2881534843774692,2.376792816159501,5.987141808244279,down,down,down,down,0.0226385538659723,0.0028764048619596,0.0,9.670117272990347e-06,10.64
7.422000000000001,-0.3944497539566409,0.2584626815191891,2.383093970703145,6.02522090253918,down,down,down,down,0.0226385538659723,0.0028764048619596,0.0,9.670117272990347e-06,10.656
7.436999999999999,-0.3903209795323405,0.2526130744207415,2.3889366051313825,6.061011131857937,down,down,down,down,0.0226385538659723,0.0028764048619596,0.0,9.670117272990347e-06,10.671
7.452999999999999,-0.385500991975471,0.2786106684383724,2.3950971584256537,6.099283401966393,down,down,down,down,0.0226385538659723,0.0028764048619596,0.0,9.670117272990347e-06,10.687
7.468999999999999,-0.3807832379420883,0.2722210732204464,2.401181409787203,6.137653630512096,down,down,down,down,0.0226385538659723,0.0028764048619596,0.0,9.670117272990347e-06,10.703
7.484,-0.3761377382395707,0.2870614263018557,2.406815171035636,6.173713604868269,down,down,down,down,0.0226385538659723,0.0028764048619596,0.0,9.670117272990347e-06,10.718
7.516,-0.3704031982565094,0.1565658206046926,2.418667781063991,6.250921332101862,down,down,down,down,0.0226385538659723,0.0028764048619596,0.0,9.670117272990347e-06,10.75
7.531000000000001,-0.3672202236013486,0.1895597564780743,2.424156810654996,6.287242516539756,down,down,down,down,0.0226385538659723,0.0028764048619596,0.0,9.670117272990347e-06,10.765
7.547000000000001,-0.3641375229871197,0.1700302345233327,2.429961650149912,6.326075464226195,down,down,down,down,0.0226385538659723,0.0028764048619596,0.0,9.670117272990347e-06,10.781
7.561999999999999,-0.36074817562439593,0.203317936982298,2.4353551468165686,6.3625653402034406,down,down,down,down,0.0226385538659723,0.0028764048619596,0.0,9.670117272990347e-06,10.796
7.593999999999999,-0.35685793075542094,0.0989315982894977,2.446744799563063,6.440678939345514,down,down,down,down,0.0226385538659723,0.0028764048619596,0.0,9.670117272990347e-06,10.828
7.609,-0.35399637627359404,0.1681317449224804,2.4520330607928518,6.477419773298185,down,down,down,down,0.0226385538659723,0.0028764048619596,0.0,9.670117272990347e-06,10.843
7.625,-0.3512596763003301,0.1484051944630192,2.4576290867356514,6.516697070478413,down,down,down,down,0.0226385538659723,0.0028764048619596,0.0,9.670117272990347e-06,10.859
7.641,-0.3466766574648865,0.2638001233492557,2.463166554927982,6.556063435611722,down,down,down,down,0.0226385538659723,0.0028764048619596,0.0,9.670117272990347e-06,10.875
7.656000000000001,-0.3431126459439362,0.2149622141973731,2.468296828630619,6.593049410988413,down,down,down,down,0.0226385538659723,0.0028764048619596,0.0,9.670117272990347e-06,10.89
7.672000000000001,-0.3397230641377202,0.1892103090225248,2.4737134918334807,6.632585493552126,down,down,down,down,0.0226385538659723,0.0028764048619596,0.0,9.670117272990347e-06,10.906
7.686999999999999,-0.33587246294326073,0.23406819243134552,2.4787373122136582,6.669728874582477,down,down,down,down,0.0226385538659723,0.0028764048619596,0.0,9.670117272990347e-06,10.921
7.702999999999999,-0.3313560785780858,0.259635468957464,2.4840291180680376,6.70943100602473,down,down,down,down,0.0226385538659723,0.0028764048619596,0.0,9.670117272990347e-06,10.937
7.718999999999999,-0.3281529656411717,0.1775560046911594,2.489259167944,6.749217312312827,down,down,down,down,0.0226385538659723,0.0028764048619596,0.0,9.670117272990347e-06,10.953
7.734,-0.32506668475684464,0.1831135050891567,2.494115169249056,6.786592619841776,down,down,down,down,0.0226385538659723,0.0028764048619596,0.0,9.670117272990347e-06,10.968
7.75,-0.32042879525184453,0.2672295401965339,2.499233110611334,6.826539406080659,down,down,down,down,0.0226385538659723,0.0028764048619596,0.0,9.670117272990347e-06,10.984
7.781000000000001,-0.3153778632047537,0.1402947379756646,2.5089989452666908,6.90416700294677,down,down,down,down,0.0226385538659723,0.0028764048619596,0.0,9.670117272990347e-06,11.015
7.797000000000001,-0.3104404868590791,0.2859474677386895,2.51395946958941,6.944350670265619,down,down,down,down,0.0226385538659723,0.0028764048619596,0.0,9.670117272990347e-06,11.031
7.811999999999999,-0.305012515460973,0.3392262060077918,2.5185322210338805,6.98209435794529,down,down,down,down,0.0226385538659723,0.0028764048619596,0.0,9.670117272990347e-06,11.046
7.827999999999999,-0.3011946393471358,0.2159787032488534,2.523335855794554,7.022429302559918,down,down,down,down,0.0226385538659723,0.0028764048619596,0.0,9.670117272990347e-06,11.062
7.843999999999999,-0.297516678205385,0.2072340174934515,2.528079523857183,7.062840625597132,down,down,down,down,0.0226385538659723,0.0028764048619596,0.0,9.670117272990347e-06,11.078
7.859,-0.29255832188683323,0.307918534037468,2.532461940284945,7.100794686578199,down,down,down,down,0.0226385538659723,0.0028764048619596,0.0,9.670117272990347e-06,11.093
7.875,-0.2865568584866391,0.3524529086461611,2.537048839250142,7.14135077281448,down,down,down,down,0.0226385538659723,0.0028764048619596,0.0,9.670117272990347e-06,11.109
7.891,-0.2836619338739421,0.1582942344275916,2.541564567111235,7.181979680065371,down,down,down,down,0.0226385538659723,0.0028764048619596,0.0,9.670117272990347e-06,11.125
7.906000000000001,-0.2808156906121279,0.1671109969216306,2.545755003221952,7.220134576842872,down,down,down,down,0.0226385538659723,0.0028764048619596,0.0,9.670117272990347e-06,11.14
7.922000000000001,-0.27585966416452123,0.2871130991094481,2.550162383582373,7.260901915937307,down,down,down,down,0.0226385538659723,0.0028764048619596,0.0,9.670117272990347e-06,11.156
7.936999999999999,-0.2725822289478436,0.1958571272458826,2.5542325517077864,7.29918487795198,down,down,down,down,0.0226385538659723,0.0028764048619596,0.0,9.670117272990347e-06,11.171
7.952999999999999,-0.2700162496335796,0.137735153275531,2.5585273170586462,7.340086956902112,down,down,down,down,0.0226385538659723,0.0028764048619596,0.0,9.670117272990347e-06,11.187
7.968999999999999,-0.2650348720364856,0.2886975459523986,2.5627617035542154,7.381057269067014,down,down,down,down,0.0226385538659723,0.0028764048619596,0.0,9.670117272990347e-06,11.203
7.984,-0.2602010509269838,0.2996161867674696,2.566657826903512,7.419527915545449,down,down,down,down,0.0226385538659723,0.0028764048619596,0.0,9.670117272990347e-06,11.218
8.0,-0.255481061849192,0.2723607634960154,2.5707372613279302,7.4606270762513,down,down,down,down,0.0226385538659723,0.0028764048619596,0.0,9.670117272990347e-06,11.234
8.031,-0.2518527288528904,0.0944044460147225,2.578511766533092,7.540440436183147,down,down,down,down,0.0226385538659723,0.0028764048619596,0.0,9.670117272990347e-06,11.265
8.047,-0.24623783640859992,0.3282922239021821,2.582450468577393,7.581728134064032,down,down,down,down,0.0226385538659723,0.0028764048619596,0.0,9.670117272990347e-06,11.281
8.062,-0.24077026762418002,0.3418660317620501,2.5860598832847086,7.620491961702995,down,down,down,down,0.0226385538659723,0.0028764048619596,0.0,9.670117272990347e-06,11.296
8.078,-0.23638395280054603,0.2515061226111557,2.589831094570315,7.661899089525835,down,down,down,down,0.0226385538659723,0.0028764048619596,0.0,9.670117272990347e-06,11.312
8.094,-0.2312119145390028,0.3006138374804787,2.59352583903124,7.703365944994648,down,down,down,down,0.0226385538659723,0.0028764048619596,0.0,9.670117272990347e-06,11.328
8.109,-0.2261375970221184,0.3156492805929724,2.596912814295019,7.7422942348945964,down,down,down,down,0.0226385538659723,0.0028764048619596,0.0,9.670117272990347e-06,11.343
8.125,-0.2205052297847238,0.3293843984711883,2.6004399344316824,7.78387305688441,down,down,down,down,0.0226385538659723,0.0028764048619596,0.0,9.670117272990347e-06,11.359
8.141,-0.21705400082641008,0.1930632560286359,2.60389438579878,7.825507731446254,down,down,down,down,0.0226385538659723,0.0028764048619596,0.0,9.670117272990347e-06,11.375
8.156,-0.2137257138958013,0.19924724150794101,2.6070820875862672,7.864590054996643,down,down,down,down,0.0226385538659723,0.0028764048619596,0.0,9.670117272990347e-06,11.39
8.172,-0.20938279758259343,0.24879371570951642,2.610420933200303,7.906330079162936,down,down,down,down,0.0226385538659723,0.0028764048619596,0.0,9.670117272990347e-06,11.406
8.187,-0.20498284937988842,0.2706913263143888,2.613485529479592,7.945509377633033,down,down,down,down,0.0226385538659723,0.0028764048619596,0.0,9.670117272990347e-06,11.421
8.203,-0.20196712851216952,0.165844000366455,2.6166951068249373,7.987350822723469,down,down,down,down,0.0226385538659723,0.0028764048619596,0.0,9.670117272990347e-06,11.437
8.219,-0.19913835110673428,0.1541600339737269,2.619857928184097,8.02924324700354,down,down,down,down,0.0226385538659723,0.0028764048619596,0.0,9.670117272990347e-06,11.453
8.25,-0.1945347001514114,0.1258663156605697,2.625870691927878,8.110552040615278,down,down,down,down,0.0226385538659723,0.0028764048619596,0.0,9.670117272990347e-06,11.484
8.266,-0.19100323617355908,0.1980779447497969,2.6289089729406863,8.152590277934227,down,down,down,down,0.0226385538659723,0.0028764048619596,0.0,9.670117272990347e-06,11.5
8.281,-0.18758450372498808,0.2052769427054223,2.6317052349169963,8.19204488449316,down,down,down,down,0.0226385538659723,0.0028764048619596,0.0,9.670117272990347e-06,11.515
8.297,-0.1838424470255688,0.2112399898477333,2.634630628045209,8.234175571396857,down,down,down,down,0.0226385538659723,0.0028764048619596,0.0,9.670117272990347e-06,11.531
8.312,-0.18115246445632133,0.1566936174172062,2.6373249438083937,8.273715238185757,down,down,down,down,0.0226385538659723,0.0028764048619596,0.0,9.670117272990347e-06,11.546
8.328,-0.1785110618386767,0.1424491097368196,2.6401562295409624,8.315935087572552,down,down,down,down,0.0226385538659723,0.0028764048619596,0.0,9.670117272990347e-06,11.562
8.344,-0.17430388112965112,0.240310240448127,2.642932726606918,8.358199799221735,down,down,down,down,0.0226385538659723,0.0028764048619596,0.0,9.670117272990347e-06,11.578
8.359,-0.16964015138389488,0.2882767625177578,2.64546916077784,8.397862813377122,down,down,down,down,0.0226385538659723,0.0028764048619596,0.0,9.670117272990347e-06,11.593
8.375,-0.16524305690968433,0.2521798507721938,2.6481022039663977,8.440211384295075,down,down,down,down,0.0226385538659723,0.0028764048619596,0.0,9.670117272990347e-06,11.609
8.391,-0.15974683701047532,0.3208751898345905,2.650656100639968,8.482601450731927,down,down,down,down,0.0226385538659723,0.0028764048619596,0.0,9.670117272990347e-06,11.625
8.406,-0.15518748467180637,0.281318268711942,2.6529749619796554,8.522378683701575,down,down,down,down,0.0226385538659723,0.0028764048619596,0.0,9.670117272990347e-06,11.64
8.422,-0.15071662911848271,0.2567899182167597,2.6553761724121863,8.56484549277671,down,down,down,down,0.0226385538659723,0.0028764048619596,0.0,9.670117272990347e-06,11.656
8.437,-0.1443462999247167,0.4020500590517959,2.657545998307081,8.604692409057101,down,down,down,down,0.0226385538659723,0.0028764048619596,0.0,9.670117272990347e-06,11.671
8.453,-0.13768923418788498,0.3934280546860066,2.6597562601021902,8.647230827124375,down,down,down,down,0.0226385538659723,0.0028764048619596,0.0,9.670117272990347e-06,11.687
8.469,-0.1312381293795557,0.3805554966546107,2.6618616565329383,8.689803770457456,down,down,down,down,0.0226385538659723,0.0028764048619596,0.0,9.670117272990347e-06,11.703
8.484,-0.12709737464381732,0.2534117618499095,2.663756026740184,8.729745903082005,down,down,down,down,0.0226385538659723,0.0028764048619596,0.0,9.670117272990347e-06,11.718
8.516,-0.123125426197717,0.101484835074661,2.6676675465980657,8.815048680255417,down,down,down,down,0.0226385538659723,0.0028764048619596,0.0,9.670117272990347e-06,11.75
8.531,-0.1192524566841797,0.23555941370317302,2.6694422346467506,8.855077003614754,down,down,down,down,0.0226385538659723,0.0028764048619596,0.0,9.670117272990347e-06,11.765
8.547,-0.1153812881518128,0.2193094794069592,2.6712732821276477,8.89780272774895,down,down,down,down,0.0226385538659723,0.0028764048619596,0.0,9.670117272990347e-06,11.781
8.562,-0.1135583847482326,0.0988883397060478,2.672947183601468,8.937884381241915,down,down,down,down,0.0226385538659723,0.0028764048619596,0.0,9.670117272990347e-06,11.796
8.578,-0.1117965588209468,0.08747556658939,2.67470400067223,8.980665590716104,down,down,down,down,0.0226385538659723,0.0028764048619596,0.0,9.670117272990347e-06,11.812
8.594,-0.1100537909733443,0.0862844366091852,2.676432780992793,9.023474684969424,down,down,down,down,0.0226385538659723,0.0028764048619596,0.0,9.670117272990347e-06,11.828
8.609,-0.1073282963900954,0.15906108501728,2.6780200005750894,9.063633080831185,down,down,down,down,0.0226385538659723,0.0028764048619596,0.0,9.670117272990347e-06,11.843
8.625,-0.1044378594292307,0.1580137561880689,2.6796681073438524,9.106494585694536,down,down,down,down,0.0226385538659723,0.0028764048619596,0.0,9.670117272990347e-06,11.859
8.641,-0.1015811700017064,0.1559045353543008,2.6812702371015087,9.149382092450098,down,down,down,down,0.0226385538659723,0.0028764048619596,0.0,9.670117272990347e-06,11.875
8.656,-0.0998716248288911,0.0913311243217098,2.682737986989809,9.189612154130785,down,down,down,down,0.0226385538659723,0.0028764048619596,0.0,9.670117272990347e-06,11.89
8.672,-0.0970159719807348,0.1558397491437934,2.6842670652864946,9.232548194548997,down,down,down,down,0.0226385538659723,0.0028764048619596,0.0,9.670117272990347e-06,11.906
8.687,-0.0951431809394982,0.1022141822164784,2.685665112860467,9.272822685885094,down,down,down,down,0.0226385538659723,0.0028764048619596,0.0,9.670117272990347e-06,11.921
8.719,-0.093233828649847,0.0370287051856266,2.6885871000583137,9.358810721291794,down,down,down,down,0.0226385538659723,0.0028764048619596,0.0,9.670117272990347e-06,11.953
8.734,-0.089491292137982,0.2268638802583561,2.689914392391293,9.399149482485168,down,down,down,down,0.0226385538659723,0.0028764048619596,0.0,9.670117272990347e-06,11.968
8.75,-0.0858098056993625,0.2074543485477419,2.6912707786962007,9.442198963853869,down,down,down,down,0.0226385538659723,0.0028764048619596,0.0,9.670117272990347e-06,11.984
8.766,-0.0851474840104131,0.018756551693366298,2.692592414536088,9.485269869399726,down,down,down,down,0.0226385538659723,0.0028764048619596,0.0,9.670117272990347e-06,12.0
8.781,-0.0823230900350253,0.165654377826541,2.693805297768499,9.525667852242012,down,down,down,down,0.0226385538659723,0.0028764048619596,0.0,9.670117272990347e-06,12.015
8.797,-0.0795675837175728,0.149580590974807,2.6950544006807284,9.568778729829607,down,down,down,down,0.0226385538659723,0.0028764048619596,0.0,9.670117272990347e-06,12.031
8.812,-0.0762057072099917,0.2014865466394544,2.696179554289756,9.60921298449188,down,down,down,down,0.0226385538659723,0.0028764048619596,0.0,9.670117272990347e-06,12.046
8.828,-0.0736642618511247,0.1362017810632164,2.697332491564453,9.652361080858714,down,down,down,down,0.0226385538659723,0.0028764048619596,0.0,9.670117272990347e-06,12.062
8.844,-0.0709507268868847,0.1469573813990265,2.698443388996566,9.695527287903202,down,down,down,down,0.0226385538659723,0.0028764048619596,0.0,9.670117272990347e-06,12.078
8.859,-0.0683309854091937,0.1520108779800845,2.699444855765857,9.73601144973892,down,down,down,down,0.0226385538659723,0.0028764048619596,0.0,9.670117272990347e-06,12.093
8.875,-0.0688639039650009,0.0559459636039204,2.70049639240306,9.779210979724272,down,down,down,down,0.0226385538659723,0.0028764048619596,0.0,9.670117272990347e-06,12.109
8.891,-0.0674314390155039,0.0668905054775903,2.701540732669112,9.82242727672485,down,down,down,down,0.0226385538659723,0.0028764048619596,0.0,9.670117272990347e-06,12.125
8.906,-0.0660362586859513,0.0703734681042014,2.702498594328944,9.862957571677338,down,down,down,down,0.0226385538659723,0.0028764048619596,0.0,9.670117272990347e-06,12.14
8.922,-0.0652709852741946,0.0251910343688211,2.703503029802833,9.906205584670392,down,down,down,down,0.0226385538659723,0.0028764048619596,0.0,9.670117272990347e-06,12.156
8.937,-0.063733755331988,0.0798434422811365,2.70442741928445,9.946765063038544,down,down,down,down,0.0226385538659723,0.0028764048619596,0.0,9.670117272990347e-06,12.171
8.969,-0.0623771767944845,0.0197545254310149,2.7063531492428914,10.033337552134983,down,down,down,down,0.0226385538659723,0.0028764048619596,0.0,9.670117272990347e-06,12.203
8.984,-0.0615136369840971,0.0349307668265146,2.707239184273301,10.073939494636356,down,down,down,down,0.0226385538659723,0.0028764048619596,0.0,9.670117272990347e-06,12.218
9.016,-0.0622988654756433,0.0471769442267898,2.7091281393570745,10.160601371814442,down,down,down,down,0.0226385538659723,0.0028764048619596,0.0,9.670117272990347e-06,12.25
9.031,-0.0630320544829103,0.0715178210171066,2.7100249751838343,10.2012450201735,down,down,down,down,0.0226385538659723,0.0028764048619596,0.0,9.670117272990347e-06,12.265
9.047,-0.0621407807769269,0.0330660527579906,2.710980335388122,10.244613062658077,down,down,down,down,0.0226385538659723,0.0028764048619596,0.0,9.670117272990347e-06,12.281
9.062,-0.0613954540321248,0.027049895787505003,2.71186371107626,10.285284393006554,down,down,down,down,0.0226385538659723,0.0028764048619596,0.0,9.670117272990347e-06,12.296
9.078,-0.0606207388628607,0.025781144213032903,2.7127938181416287,10.328681653240297,down,down,down,down,0.0226385538659723,0.0028764048619596,0.0,9.670117272990347e-06,12.312
9.094,-0.0574547090458441,0.1752383096975672,2.713692399247107,10.372093542979409,down,down,down,down,0.0226385538659723,0.0028764048619596,0.0,9.670117272990347e-06,12.328
9.109,-0.0552137278013731,0.126760195765424,2.714494266450532,10.41280494297214,down,down,down,down,0.0226385538659723,0.0028764048619596,0.0,9.670117272990347e-06,12.343
9.125,-0.0529373942683104,0.11963229195044431,2.7153134529492977,10.45624340472734,down,down,down,down,0.0226385538659723,0.0028764048619596,0.0,9.670117272990347e-06,12.359
9.156,-0.0525184693018108,0.0,2.7168588502839137,10.540442075427457,down,down,down,down,0.0226385538659723,0.0028764048619596,0.0,9.670117272990347e-06,12.39
9.172,-0.0512126233418736,0.0589768186300965,2.717642676547272,10.583918087642104,down,down,down,down,0.0226385538659723,0.0028764048619596,0.0,9.670117272990347e-06,12.406
9.187,-0.0512387581663258,0.0243808754961143,2.7183679158356537,10.624688167084974,down,down,down,down,0.0226385538659723,0.0028764048619596,0.0,9.670117272990347e-06,12.421
9.203,-0.0515421985664357,0.041603578872839594,2.7191441410117245,10.668188263539752,down,down,down,down,0.0226385538659723,0.0028764048619596,0.0,9.670117272990347e-06,12.437
9.219,-0.0517044655735716,0.0327802418119693,2.7199240918470533,10.711700809402624,down,down,down,down,0.0226385538659723,0.0028764048619596,0.0,9.670117272990347e-06,12.453
9.234,-0.0489915598766632,0.1582218259279146,2.7206361659650007,10.752505011336217,down,down,down,down,0.0226385538659723,0.0028764048619596,0.0,9.670117272990347e-06,12.468
9.266,-0.0488998447406725,0.019772455866262598,2.722110383483295,10.839588956127388,down,down,down,down,0.0226385538659723,0.0028764048619596,0.0,9.670117272990347e-06,12.5
9.281,-0.0478686449046747,0.046108101867208595,2.7227930010827057,10.880425731511634,down,down,down,down,0.0226385538659723,0.0028764048619596,0.0,9.670117272990347e-06,12.515
9.297,-0.0467945149958257,0.044494565437092,2.7235042838841186,10.923996109791368,down,down,down,down,0.0226385538659723,0.0028764048619596,0.0,9.670117272990347e-06,12.531
9.312,-0.0461754453382727,0.0186327566375633,2.724158412513695,10.964853580014347,down,down,down,down,0.0226385538659723,0.0028764048619596,0.0,9.670117272990347e-06,12.546
9.328,-0.0473173715634356,0.0940089429386502,2.7248603325711174,11.008445729975028,down,down,down,down,0.0226385538659723,0.0028764048619596,0.0,9.670117272990347e-06,12.562
9.344,-0.0484872644300811,0.0957568580313149,2.725580747181274,11.052049258613048,down,down,down,down,0.0226385538659723,0.0028764048619596,0.0,9.670117272990347e-06,12.578
9.359,-0.0470982615672337,0.069961636990516,2.7262544925533247,11.092938022911058,down,down,down,down,0.0226385538659723,0.0028764048619596,0.0,9.670117272990347e-06,12.593
9.391,-0.045171937682479,0.0375590675326109,2.727638770785737,11.180200315124484,down,down,down,down,0.0226385538659723,0.0028764048619596,0.0,9.670117272990347e-06,12.625
9.406,-0.0438470138343376,0.0656897026767859,2.728263266849184,11.221119580406748,down,down,down,down,0.0226385538659723,0.0028764048619596,0.0,9.670117272990347e-06,12.64
9.422,-0.0437907838610982,0.0191241805385101,2.7289183467529563,11.264777033315566,down,down,down,down,0.0226385538659723,0.0028764048619596,0.0,9.670117272990347e-06,12.656
9.437,-0.0424977792793903,0.0635617515812273,2.7295223649035805,11.305715338652986,down,down,down,down,0.0226385538659723,0.0028764048619596,0.0,9.670117272990347e-06,12.671
9.453,-0.0411616136872652,0.060871795641848,2.7301456175695225,11.349392682512772,down,down,down,down,0.0226385538659723,0.0028764048619596,0.0,9.670117272990347e-06,12.687
9.469,-0.0398761260022357,0.057704426448368304,2.730747897009247,11.393079830629402,down,down,down,down,0.0226385538659723,0.0028764048619596,0.0,9.670117272990347e-06,12.703
9.5,-0.0399765995064544,0.025879634647221,2.731896445703911,11.477750817941457,down,down,down,down,0.0226385538659723,0.0028764048619596,0.0,9.670117272990347e-06,12.734
9.516,-0.0384844740195386,0.0706192890662648,2.7324781118143275,11.521465814401603,down,down,down,down,0.0226385538659723,0.0028764048619596,0.0,9.670117272990347e-06,12.75
9.531,-0.0360593697684681,0.1390350628720592,2.7329940445698084,11.562456855574485,down,down,down,down,0.0226385538659723,0.0028764048619596,0.0,9.670117272990347e-06,12.765
9.562,-0.0337308401541935,0.0524753046590158,2.7339866242728887,11.647195055941543,down,down,down,down,0.0226385538659723,0.0028764048619596,0.0,9.670117272990347e-06,12.796
9.578,-0.0332195698376071,0.0,2.734476205075032,11.690942758576329,down,down,down,down,0.0226385538659723,0.0028764048619596,0.0,9.670117272990347e-06,12.812
9.594,-0.0322170743512604,0.0400174140307019,2.734953675750752,11.734698197622933,down,down,down,down,0.0226385538659723,0.0028764048619596,0.0,9.670117272990347e-06,12.828
9.609,-0.0312380944192476,0.042626774934877903,2.735386443443601,11.775725748516892,down,down,down,down,0.0226385538659723,0.0028764048619596,0.0,9.670117272990347e-06,12.843
9.625,-0.0308843162648866,0.0,2.735837400251283,11.819495539266452,down,down,down,down,0.0226385538659723,0.0028764048619596,0.0,9.670117272990347e-06,12.859
9.641,-0.0293235061760998,0.0749120766831978,2.7362730403530198,11.863272422791287,down,down,down,down,0.0226385538659723,0.0028764048619596,0.0,9.670117272990347e-06,12.875
9.656,-0.027750447724097,0.0822320096008797,2.736657948934341,11.904319405210943,down,down,down,down,0.0226385538659723,0.0028764048619596,0.0,9.670117272990347e-06,12.89
9.672,-0.0284381333294927,0.0656189042032017,2.737061435104979,11.948109160283256,down,down,down,down,0.0226385538659723,0.0028764048619596,0.0,9.670117272990347e-06,12.906
9.687,-0.0294124353641027,0.0875920228399788,2.7374521682972515,11.98916801230877,down,down,down,down,0.0226385538659723,0.0028764048619596,0.0,9.670117272990347e-06,12.921
9.703,-0.0302846448023998,0.077151643759543,2.737883722460792,12.032970699434834,down,down,down,down,0.0226385538659723,0.0028764048619596,0.0,9.670117272990347e-06,12.937
9.719,-0.0287115410315123,0.0756804318144954,2.738309669469672,12.076780246570278,down,down,down,down,0.0226385538659723,0.0028764048619596,0.0,9.670117272990347e-06,12.953
9.75,-0.0279750407466519,0.0,2.739099142936513,12.161680083162576,down,down,down,down,0.0226385538659723,0.0028764048619596,0.0,9.670117272990347e-06,12.984
9.766,-0.028416224043724,0.0502125099329785,2.739504250577045,12.205508910310684,down,down,down,down,0.0226385538659723,0.0028764048619596,0.0,9.670117272990347e-06,13.0
9.781,-0.0288883087910232,0.0541108703525848,2.7398908885003763,12.246604373853764,down,down,down,down,0.0226385538659723,0.0028764048619596,0.0,9.670117272990347e-06,13.015
9.797,-0.02691184212226,0.1008906129317254,2.740291267229891,12.290445831099609,down,down,down,down,0.0226385538659723,0.0028764048619596,0.0,9.670117272990347e-06,13.031
9.812,-0.0274310605563527,0.057253116138825,2.740655692927051,12.331552933300781,down,down,down,down,0.0226385538659723,0.0028764048619596,0.0,9.670117272990347e-06,13.046
9.828,-0.0278735509736662,0.0502942049480647,2.7410521073415,12.375406595702929,down,down,down,down,0.0226385538659723,0.0028764048619596,0.0,9.670117272990347e-06,13.062
9.844,-0.0263712958500761,0.0712523913584117,2.741440043638298,12.419266532910767,down,down,down,down,0.0226385538659723,0.0028764048619596,0.0,9.670117272990347e-06,13.078
9.859,-0.02608855756079,0.0,2.7417903464659505,12.460390760836548,down,down,down,down,0.0226385538659723,0.0028764048619596,0.0,9.670117272990347e-06,13.093
9.875,-0.0257840787767165,0.0,2.742159305078859,12.504262358048909,down,down,down,down,0.0226385538659723,0.0028764048619596,0.0,9.670117272990347e-06,13.109
9.891,-0.0233394666074957,0.1301497067103251,2.742506270964141,12.548139682657252,down,down,down,down,0.0226385538659723,0.0028764048619596,0.0,9.670117272990347e-06,13.125
9.922,-0.0232815172024327,0.0207692182187793,2.7431397276624745,12.633167195635966,down,down,down,down,0.0226385538659723,0.0028764048619596,0.0,9.670117272990347e-06,13.156
9.937,-0.0232860689185816,0.0229420016092311,2.7434458384854525,12.674316587382073,down,down,down,down,0.0226385538659723,0.0028764048619596,0.0,9.670117272990347e-06,13.171
9.953,-0.0223228050737524,0.037565436435849,2.7437646869996,12.718214271585952,down,down,down,down,0.0226385538659723,0.0028764048619596,0.0,9.670117272990347e-06,13.187
9.969,-0.0213502876300335,0.0381437863664624,2.744068049263439,12.762116933476058,down,down,down,down,0.0226385538659723,0.0028764048619596,0.0,9.670117272990347e-06,13.203
9.984,-0.0205071630493485,0.0335697515130274,2.744338834070605,12.803279985101064,down,down,down,down,0.0226385538659723,0.0028764048619596,0.0,9.670117272990347e-06,13.218
10.016,-0.0212390745390411,0.0455107879188675,2.7449147289164366,12.891108042108856,down,down,down,down,0.0226385538659723,0.0028764048619596,0.0,9.670117272990347e-06,13.25
10.031,-0.021951647565574,0.0701434223014996,2.745195513259292,12.932283868925177,down,down,down,down,0.0226385538659723,0.0028764048619596,0.0,9.670117272990347e-06,13.265
10.047,-0.0214189718134445,0.010653680642125303,2.7454964557365327,12.976209404677144,down,down,down,down,0.0226385538659723,0.0028764048619596,0.0,9.670117272990347e-06,13.281
10.062,-0.0224338885767689,0.0902996714209401,2.74578220611653,13.017393994641038,down,down,down,down,0.0226385538659723,0.0028764048619596,0.0,9.670117272990347e-06,13.296
10.078,-0.0215949878157584,0.029792743697187797,2.7460884146498787,13.06132895960717,down,down,down,down,0.0226385538659723,0.0028764048619596,0.0,9.670117272990347e-06,13.312
10.094,-0.0207086568721699,0.0327571301083073,2.746380821329591,13.105268713495006,down,down,down,down,0.0226385538659723,0.0028764048619596,0.0,9.670117272990347e-06,13.328
10.109,-0.0207518446697516,0.0255177403714203,2.746648629018226,13.146466434372616,down,down,down,down,0.0226385538659723,0.0028764048619596,0.0,9.670117272990347e-06,13.343
10.125,-0.0197549695024576,0.0396661440899004,2.7469266610538123,13.190415036693192,down,down,down,down,0.0226385538659723,0.0028764048619596,0.0,9.670117272990347e-06,13.359
10.141,-0.0188560032419679,0.033546837414633,2.7471895263579764,13.234367966192487,down,down,down,down,0.0226385538659723,0.0028764048619596,0.0,9.670117272990347e-06,13.375
10.156,-0.0168606857537003,0.1103826120185323,2.7474142554525147,13.275577494556067,down,down,down,down,0.0226385538659723,0.0028764048619596,0.0,9.670117272990347e-06,13.39
10.187,-0.015882334626731102,0.0,2.747832603717691,13.360753820873203,down,down,down,down,0.0226385538659723,0.0028764048619596,0.0,9.670117272990347e-06,13.421
10.203,-0.0149097885133553,0.0381455782200168,2.7480329182250203,13.404720745048744,down,down,down,down,0.0226385538659723,0.0028764048619596,0.0,9.670117272990347e-06,13.437
10.219,-0.0154137136203526,0.0541338730533079,2.7482294837642987,13.44869084426466,down,down,down,down,0.0226385538659723,0.0028764048619596,0.0,9.670117272990347e-06,13.453
10.234,-0.0151398820906489,0.0,2.7484154896592017,13.489915681565341,down,down,down,down,0.0226385538659723,0.0028764048619596,0.0,9.670117272990347e-06,13.468
10.25,-0.0156010939629726,0.0514642958862054,2.748615394989839,13.533891928642532,down,down,down,down,0.0226385538659723,0.0028764048619596,0.0,9.670117272990347e-06,13.484
10.266,-0.0151854913107118,0.0,2.748815665194237,13.577871377124005,down,down,down,down,0.0226385538659723,0.0028764048619596,0.0,9.670117272990347e-06,13.5
10.281,-0.0132257612026087,0.10801012000756471,2.7489856035151576,13.619104886639327,down,down,down,down,0.0226385538659723,0.0028764048619596,0.0,9.670117272990347e-06,13.515
10.297,-0.0113424618384065,0.0950676563966634,2.7491361268216945,13.663089860482023,down,down,down,down,0.0226385538659723,0.0028764048619596,0.0,9.670117272990347e-06,13.531
10.312,-0.010071960763067201,0.062061517823322795,2.7492535889182763,13.704327783350069,down,down,down,down,0.0226385538659723,0.0028764048619596,0.0,9.670117272990347e-06,13.546
10.328,-0.0111379827456516,0.0892649277774991,2.749377245988555,13.748316830029323,down,down,down,down,0.0226385538659723,0.0028764048619596,0.0,9.670117272990347e-06,13.562
10.359,-0.0124532954916975,0.0650679972868071,2.749653742250513,13.83355181034703,down,down,down,down,0.0226385538659723,0.0028764048619596,0.0,9.670117272990347e-06,13.593
10.375,-0.0142745621475395,0.1364677198560924,2.7498215426338355,13.877547612626104,down,down,down,down,0.0226385538659723,0.0028764048619596,0.0,9.670117272990347e-06,13.609
10.391,-0.016463839271652903,0.1594683741230616,2.7500214273673977,13.921546356386115,down,down,down,down,0.0226385538659723,0.0028764048619596,0.0,9.670117272990347e-06,13.625
10.406,-0.0185696141652531,0.1630235467726468,2.750241032195245,13.962798324832836,down,down,down,down,0.0226385538659723,0.0028764048619596,0.0,9.670117272990347e-06,13.64
10.422,-0.0195723284114421,0.0853081942527865,2.750500145258067,14.006804254252462,down,down,down,down,0.0226385538659723,0.0028764048619596,0.0,9.670117272990347e-06,13.656
10.453,-0.0202466834045615,0.044391940740792696,2.7510281713904945,14.092077943160513,down,down,down,down,0.0226385538659723,0.0028764048619596,0.0,9.670117272990347e-06,13.687
10.469,-0.0210240306856732,0.0712227589354518,2.751312314625425,14.136096667048639,down,down,down,down,0.0226385538659723,0.0028764048619596,0.0,9.670117272990347e-06,13.703
10.484,-0.0204223183298601,0.017475603188231298,2.751580016170112,14.177368359529607,down,down,down,down,0.0226385538659723,0.0028764048619596,0.0,9.670117272990347e-06,13.718
10.5,-0.0197280853310601,0.0207510085590279,2.751855196921608,14.221395841234342,down,down,down,down,0.0226385538659723,0.0028764048619596,0.0,9.670117272990347e-06,13.734
10.516,-0.0190562416854156,0.019351673986811598,2.7521194490599483,14.265427638402194,down,down,down,down,0.0226385538659723,0.0028764048619596,0.0,9.670117272990347e-06,13.75
10.531,-0.0188591578700769,0.0,2.752360668483685,14.306711239283771,down,down,down,down,0.0226385538659723,0.0028764048619596,0.0,9.670117272990347e-06,13.765
10.547,-0.0186102976659156,0.0,2.752614401650182,14.350751039844845,down,down,down,down,0.0226385538659723,0.0028764048619596,0.0,9.670117272990347e-06,13.781
10.562,-0.0188687913634097,0.0398714670322462,2.7528523487449723,14.392042040472804,down,down,down,down,0.0226385538659723,0.0028764048619596,0.0,9.670117272990347e-06,13.796
10.578,-0.0189920938990049,0.030344962340666998,2.7531092133492803,14.43608973296956,down,down,down,down,0.0226385538659723,0.0028764048619596,0.0,9.670117272990347e-06,13.812
10.594,-0.0175037878475911,0.0703805743473839,2.7533551579254616,14.480141447939758,down,down,down,down,0.0226385538659723,0.0028764048619596,0.0,9.670117272990347e-06,13.828
10.609,-0.0156473371474596,0.1011248261427908,2.753560645289995,14.521443316463877,down,down,down,down,0.0226385538659723,0.0028764048619596,0.0,9.670117272990347e-06,13.843
10.625,-0.0138789912170231,0.0878830667863094,2.75375083343912,14.565501808293709,down,down,down,down,0.0226385538659723,0.0028764048619596,0.0,9.670117272990347e-06,13.859
10.641,-0.0117375460705044,0.11120176779144669,2.7539097432596287,14.609563092907301,down,down,down,down,0.0226385538659723,0.0028764048619596,0.0,9.670117272990347e-06,13.875
10.656,0.0,0.1557939185432055,2.75402258672461,14.650872585382185,down,down,down,down,0.0226385538659723,0.0028764048619596,0.0,9.670117272990347e-06,13.89
10.672,0.0,0.1405903779797545,2.754100647887293,14.694937571259079,down,down,down,down,0.0226385538659723,0.0028764048619596,0.0,9.670117272990347e-06,13.906
10.687,0.0,0.0388400322269475,2.754156065421802,14.736249496608892,down,down,down,down,0.0226385538659723,0.0028764048619596,0.0,9.670117272990347e-06,13.921
10.719,0.0,0.0545379513779419,2.754294510341753,14.82438470582111,down,down,down,down,0.0226385538659723,0.0028764048619596,0.0,9.670117272990347e-06,13.953
10.75,0.0,0.0606506451523777,2.754462715768985,14.909770442825828,down,down,down,down,0.0226385538659723,0.0028764048619596,0.0,9.670117272990347e-06,13.984
10.766,0.0,0.0114946350970868,2.754554589423815,14.95384258126737,down,down,down,down,0.0226385538659723,0.0028764048619596,0.0,9.670117272990347e-06,14.0
10.781,0.0,0.0154231354152475,2.754632343052498,14.995161483260944,down,down,down,down,0.0226385538659723,0.0028764048619596,0.0,9.670117272990347e-06,14.015
10.797,0.0,0.0908115958420107,2.7547194390030856,15.039236297517387,down,down,down,down,0.0226385538659723,0.0028764048619596,0.0,9.670117272990347e-06,14.031
10.812,0.0,0.052403972539189395,2.754800829937578,15.080557699534442,down,down,down,down,0.0226385538659723,0.0028764048619596,0.0,9.670117272990347e-06,14.046
10.828,0.0,0.0416983734560227,2.754870406704504,15.124635069427578,down,down,down,down,0.0226385538659723,0.0028764048619596,0.0,9.670117272990347e-06,14.062
10.844,0.0,0.0289515279063844,2.7549325564054103,15.168713493132458,down,down,down,down,0.0226385538659723,0.0028764048619596,0.0,9.670117272990347e-06,14.078
10.859,0.0,0.0269474259577814,2.7549860008841645,15.21003788231213,down,down,down,down,0.0226385538659723,0.0028764048619596,0.0,9.670117272990347e-06,14.093
10.875,0.0,0.1099842573593078,2.7550482382606374,15.254118156225289,down,down,down,down,0.0226385538659723,0.0028764048619596,0.0,9.670117272990347e-06,14.109
