timestamps,aAcc,aJerk,aVelocity,aHeight,jerks_direction,accelerations_direction,velocities_direction,heights_direction,start_jerks,start_accelerations,start_velocities,start_heights,actual_timestamps
0.0,0.0,0.0,0.0,0.0,down,up,up,down,0.0017767939850031,0.0051459866486816,-2.7590137506058423,-19.21773034172046,15.546
0.016000000000000014,0.0,0.0,0.0,0.044143560802307746,down,up,up,down,0.0017767939850031,0.0051459866486816,-2.7590137506058423,-19.21773034172046,15.562
0.03200000000000003,0.0,0.026735090126022997,0.0,0.08828582822604858,down,up,up,down,0.0017767939850031,0.0051459866486816,-2.7590137506058423,-19.21773034172046,15.578
0.0470000000000006,0.0,0.0375246886223521,0.0,0.12966804132514298,down,up,up,down,0.0017767939850031,0.0051459866486816,-2.7590137506058423,-19.21773034172046,15.593
0.06300000000000061,0.0,0.0301826129813167,0.0,0.1738077458848224,down,up,up,down,0.0017767939850031,0.0051459866486816,-2.7590137506058423,-19.21773034172046,15.609
0.07900000000000063,0.0,0.08531851737287291,0.0,0.21794606966645702,down,up,up,down,0.0017767939850031,0.0051459866486816,-2.7590137506058423,-19.21773034172046,15.625
0.0940000000000012,0.0,0.1329084367821794,0.0,0.25932472798623607,down,up,up,down,0.0017767939850031,0.0051459866486816,-2.7590137506058423,-19.21773034172046,15.64
0.11000000000000121,0.0,0.1513404443295781,0.0,0.3034613657594498,down,up,up,down,0.0017767939850031,0.0051459866486816,-2.7590137506058423,-19.21773034172046,15.656
0.125,0.0,0.1539739571801082,0.0,0.3448394115376985,down,up,up,down,0.0017767939850031,0.0051459866486816,-2.7590137506058423,-19.21773034172046,15.671
0.14100000000000001,0.0,0.0728684437907908,0.0,0.38897645626098765,down,up,up,down,0.0017767939850031,0.0051459866486816,-2.7590137506058423,-19.21773034172046,15.687
0.1720000000000006,0.0,0.031078130953870603,0.0,0.47449397061262744,down,up,up,down,0.0017767939850031,0.0051459866486816,-2.7590137506058423,-19.21773034172046,15.718
0.1880000000000006,0.0,0.057922088553758,0.0,0.5186329510340286,down,up,up,down,0.0017767939850031,0.0051459866486816,-2.7590137506058423,-19.21773034172046,15.734
0.20400000000000063,0.0,0.0463951963742323,0.0,0.562772367935441,down,up,up,down,0.0017767939850031,0.0051459866486816,-2.7590137506058423,-19.21773034172046,15.75
0.2190000000000012,0.0,0.0460476718609865,0.0,0.6041534534728576,down,up,up,down,0.0017767939850031,0.0051459866486816,-2.7590137506058423,-19.21773034172046,15.765
0.2350000000000012,0.0,0.0394232894374514,0.0,0.648293597395309,down,up,up,down,0.0017767939850031,0.0051459866486816,-2.7590137506058423,-19.21773034172046,15.781
0.25,0.0,0.0326564362716501,0.0,0.6896751932551481,down,up,up,down,0.0017767939850031,0.0051459866486816,-2.7590137506058423,-19.21773034172046,15.796
0.266,0.0,0.055895581115789204,0.0,0.7338157452105278,down,up,up,down,0.0017767939850031,0.0051459866486816,-2.7590137506058423,-19.21773034172046,15.812
0.28200000000000003,0.0,0.0,0.0,0.7779563879997582,down,up,up,down,0.0017767939850031,0.0051459866486816,-2.7590137506058423,-19.21773034172046,15.828
0.2970000000000006,0.0,0.17855673069527359,0.0,0.8193380983947485,down,up,up,down,0.0017767939850031,0.0051459866486816,-2.7590137506058423,-19.21773034172046,15.843
0.3290000000000006,0.0,0.0,0.0,0.9076173371691922,down,up,up,down,0.0017767939850031,0.0051459866486816,-2.7590137506058423,-19.21773034172046,15.875
0.3440000000000012,0.0,0.0,0.0,0.9489972386308594,down,up,up,down,0.0017767939850031,0.0051459866486816,-2.7590137506058423,-19.21773034172046,15.89
0.3600000000000012,0.0,0.0362752722467498,0.0,0.9931350326701924,down,up,up,down,0.0017767939850031,0.0051459866486816,-2.7590137506058423,-19.21773034172046,15.906
0.375,0.0,0.03130815710772,0.0,1.0345134440018136,down,up,up,down,0.0017767939850031,0.0051459866486816,-2.7590137506058423,-19.21773034172046,15.921
0.40700000000000003,0.0,0.0,0.0,1.1227849839314885,down,up,up,down,0.0017767939850031,0.0051459866486816,-2.7590137506058423,-19.21773034172046,15.953
0.4220000000000006,0.0,0.0,0.0,1.164161160043328,down,up,up,down,0.0017767939850031,0.0051459866486816,-2.7590137506058423,-19.21773034172046,15.968
0.4380000000000006,0.0,0.1370996861380144,0.0,1.208295084789782,down,up,up,down,0.0017767939850031,0.0051459866486816,-2.7590137506058423,-19.21773034172046,15.984
0.4540000000000006,0.0,0.1335123967411474,0.0,1.2524287224822181,down,up,up,down,0.0017767939850031,0.0051459866486816,-2.7590137506058423,-19.21773034172046,16.0
0.4690000000000012,0.0,0.0,0.0,1.2938041076508604,down,up,up,down,0.0017767939850031,0.0051459866486816,-2.7590137506058423,-19.21773034172046,16.015
0.48499999999999943,0.0,0.043397498477880596,0.0,1.337938121291728,down,up,up,down,0.0017767939850031,0.0051459866486816,-2.7590137506058423,-19.21773034172046,16.031
0.5,0.0,0.040577403194726795,0.0,1.379314112963904,down,up,up,down,0.0017767939850031,0.0051459866486816,-2.7590137506058423,-19.21773034172046,16.046
0.5160000000000018,0.0,0.0458436160604706,0.0,1.423449043798204,down,up,up,down,0.0017767939850031,0.0051459866486816,-2.7590137506058423,-19.21773034172046,16.062
0.5470000000000006,0.0,0.0210376235128923,0.0,1.5089625973994991,down,up,up,down,0.0017767939850031,0.0051459866486816,-2.7590137506058423,-19.21773034172046,16.093
0.5630000000000024,0.0,0.0,0.0,1.55309984028559,down,up,up,down,0.0017767939850031,0.0051459866486816,-2.7590137506058423,-19.21773034172046,16.109
0.5790000000000006,0.0,0.0226029619842603,0.0,1.5972379749596932,down,up,up,down,0.0017767939850031,0.0051459866486816,-2.7590137506058423,-19.21773034172046,16.125
0.5940000000000012,0.0,0.0,0.0,1.63861832119915,down,up,up,down,0.0017767939850031,0.0051459866486816,-2.7590137506058423,-19.21773034172046,16.14
0.6099999999999994,0.0,0.0,0.0,1.6827582786145001,down,up,up,down,0.0017767939850031,0.0051459866486816,-2.7590137506058423,-19.21773034172046,16.156
0.6410000000000018,0.0,0.0862636722037075,0.0,1.768281491328505,down,up,up,down,0.0017767939850031,0.0051459866486816,-2.7590137506058423,-19.21773034172046,16.187
0.657,0.0,0.1593896668418817,0.0,1.8124230447636087,down,up,up,down,0.0017767939850031,0.0051459866486816,-2.7590137506058423,-19.21773034172046,16.203
0.6720000000000006,0.0,0.1644331174964832,0.0,1.8538053930023395,down,up,up,down,0.0017767939850031,0.0051459866486816,-2.7590137506058423,-19.21773034172046,16.218
0.6880000000000024,0.0,0.0274436548716752,0.0,1.8979457246019038,down,up,up,down,0.0017767939850031,0.0051459866486816,-2.7590137506058423,-19.21773034172046,16.234
0.7040000000000006,0.0,0.0342947475695055,0.0,1.9420851198561877,down,up,up,down,0.0017767939850031,0.0051459866486816,-2.7590137506058423,-19.21773034172046,16.25
0.7190000000000012,0.0,0.034495313326658596,0.0,1.983465063499672,down,up,up,down,0.0017767939850031,0.0051459866486816,-2.7590137506058423,-19.21773034172046,16.265
0.7349999999999994,0.0,0.041651502261162696,0.0,2.0276030183011144,down,up,up,down,0.0017767939850031,0.0051459866486816,-2.7590137506058423,-19.21773034172046,16.281
0.75,0.0,0.0,0.0,2.068981833895446,down,up,up,down,0.0017767939850031,0.0051459866486816,-2.7590137506058423,-19.21773034172046,16.296
0.7660000000000018,0.0,0.0,0.0,2.113118709381549,down,up,up,down,0.0017767939850031,0.0051459866486816,-2.7590137506058423,-19.21773034172046,16.312
0.782,0.0,0.0,0.0,2.157255028628903,down,up,up,down,0.0017767939850031,0.0051459866486816,-2.7590137506058423,-19.21773034172046,16.328
0.8130000000000024,0.0,0.0,0.0,2.242767519485273,down,up,up,down,0.0017767939850031,0.0051459866486816,-2.7590137506058423,-19.21773034172046,16.359
0.8290000000000006,0.0,0.0465794532351174,0.0,2.286902177564624,down,up,up,down,0.0017767939850031,0.0051459866486816,-2.7590137506058423,-19.21773034172046,16.375
0.8440000000000012,0.0,0.0263557607306385,0.0,2.3282780092732054,down,up,up,down,0.0017767939850031,0.0051459866486816,-2.7590137506058423,-19.21773034172046,16.39
0.8599999999999994,0.0,0.030683250410176898,0.0,2.3724119148419085,down,up,up,down,0.0017767939850031,0.0051459866486816,-2.7590137506058423,-19.21773034172046,16.406
0.875,0.0,0.1100641912910088,0.0,2.4137873202122684,down,up,up,down,0.0017767939850031,0.0051459866486816,-2.7590137506058423,-19.21773034172046,16.421
0.8910000000000018,0.0,0.0332358881280377,0.0,2.457921215826456,down,up,up,down,0.0017767939850031,0.0051459866486816,-2.7590137506058423,-19.21773034172046,16.437
0.9220000000000006,0.0,0.0,0.0,2.5434314842243424,down,up,up,down,0.0017767939850031,0.0051459866486816,-2.7590137506058423,-19.21773034172046,16.468
0.9380000000000024,0.0,0.0,0.0,2.587566258322628,down,up,up,down,0.0017767939850031,0.0051459866486816,-2.7590137506058423,-19.21773034172046,16.484
0.9540000000000006,0.0,0.0130293541213373,0.0,2.6317012845320313,down,up,up,down,0.0017767939850031,0.0051459866486816,-2.7590137506058423,-19.21773034172046,16.5
0.9690000000000012,0.0,0.0659272080008964,0.0,2.673078007541349,down,up,up,down,0.0017767939850031,0.0051459866486816,-2.7590137506058423,-19.21773034172046,16.515
0.9849999999999994,0.0,0.062478466011319296,0.0,2.71721311280125,down,up,up,down,0.0017767939850031,0.0051459866486816,-2.7590137506058423,-19.21773034172046,16.531
1.0,0.0,0.07716522959994669,0.0,2.7585894727621962,down,up,up,down,0.0017767939850031,0.0051459866486816,-2.7590137506058423,-19.21773034172046,16.546
1.0160000000000018,0.0,0.0210154043226916,0.0,2.8027236947136984,down,up,up,down,0.0017767939850031,0.0051459866486816,-2.7590137506058423,-19.21773034172046,16.562
1.032,0.0,0.0215435538092861,0.0,2.8468571933838263,down,up,up,down,0.0017767939850031,0.0051459866486816,-2.7590137506058423,-19.21773034172046,16.578
1.0630000000000024,0.0,0.0,0.0,2.9323635735133706,down,up,up,down,0.0017767939850031,0.0051459866486816,-2.7590137506058423,-19.21773034172046,16.609
1.0790000000000006,0.0,0.022507336054408703,0.0,2.976494681196016,down,up,up,down,0.0017767939850031,0.0051459866486816,-2.7590137506058423,-19.21773034172046,16.625
1.0940000000000012,0.0,0.0221146306153415,0.0,3.0178667727534183,down,up,up,down,0.0017767939850031,0.0051459866486816,-2.7590137506058423,-19.21773034172046,16.64
1.1099999999999994,0.0,0.0411173129841277,0.0,3.061996096606105,down,up,up,down,0.0017767939850031,0.0051459866486816,-2.7590137506058423,-19.21773034172046,16.656
1.125,0.0,0.0452929631428178,0.0,3.103366574643811,down,up,up,down,0.0017767939850031,0.0051459866486816,-2.7590137506058423,-19.21773034172046,16.671
1.157,0.0,0.019350882211282897,0.0,3.191621686260614,down,up,up,down,0.0017767939850031,0.0051459866486816,-2.7590137506058423,-19.21773034172046,16.703
1.1720000000000006,0.0,0.0480221960406904,0.0,3.2329905143667084,down,up,up,down,0.0017767939850031,0.0051459866486816,-2.7590137506058423,-19.21773034172046,16.718
1.1880000000000024,0.0,0.1042966922969951,0.0,3.2771169882613904,down,up,up,down,0.0017767939850031,0.0051459866486816,-2.7590137506058423,-19.21773034172046,16.734
1.2040000000000006,0.0,0.021583703238300098,0.0,3.3212434469849903,down,up,up,down,0.0017767939850031,0.0051459866486816,-2.7590137506058423,-19.21773034172046,16.75
1.2190000000000012,0.0,0.021676345872206203,0.0,3.362612100061508,down,up,up,down,0.0017767939850031,0.0051459866486816,-2.7590137506058423,-19.21773034172046,16.765
1.2349999999999994,0.0,0.08454716495459999,0.0,3.406738654757639,down,up,up,down,0.0017767939850031,0.0051459866486816,-2.7590137506058423,-19.21773034172046,16.781
1.25,0.0,0.08730053100745269,0.0,3.4481070414056845,down,up,up,down,0.0017767939850031,0.0051459866486816,-2.7590137506058423,-19.21773034172046,16.796
1.2660000000000018,0.0,0.0851893625409121,0.0,3.4922326964144936,down,up,up,down,0.0017767939850031,0.0051459866486816,-2.7590137506058423,-19.21773034172046,16.812
1.282,0.0,0.1306676200441651,0.0,3.5363573135963797,down,up,up,down,0.0017767939850031,0.0051459866486816,-2.7590137506058423,-19.21773034172046,16.828
1.2970000000000006,0.0,0.1401122518974658,0.0,3.577722756676067,down,up,up,down,0.0017767939850031,0.0051459866486816,-2.7590137506058423,-19.21773034172046,16.843
1.3130000000000024,0.0,0.028738697686439097,0.0,3.6218440376231307,down,up,up,down,0.0017767939850031,0.0051459866486816,-2.7590137506058423,-19.21773034172046,16.859
1.3290000000000006,0.0,0.012893557855882599,0.0,3.6659633077712677,down,up,up,down,0.0017767939850031,0.0051459866486816,-2.7590137506058423,-19.21773034172046,16.875
1.3440000000000012,0.0,0.0118185971069029,0.0,3.707323284078022,down,up,up,down,0.0017767939850031,0.0051459866486816,-2.7590137506058423,-19.21773034172046,16.89
1.3599999999999994,0.0,0.1625605184842465,0.0,3.7514384206439395,down,up,up,down,0.0017767939850031,0.0051459866486816,-2.7590137506058423,-19.21773034172046,16.906
1.3910000000000018,0.0,0.03056469419163,0.0,3.836903747017015,down,up,up,down,0.0017767939850031,0.0051459866486816,-2.7590137506058423,-19.21773034172046,16.937
1.407,0.0,0.0104198656868907,0.0,3.8810105737343754,down,up,up,down,0.0017767939850031,0.0051459866486816,-2.7590137506058423,-19.21773034172046,16.953
1.4220000000000006,0.0,0.0109375355014815,0.0,3.9223579454718376,down,up,up,down,0.0017767939850031,0.0051459866486816,-2.7590137506058423,-19.21773034172046,16.968
1.4380000000000024,0.0,0.042999472008743,0.0,3.9664587623759466,down,up,up,down,0.0017767939850031,0.0051459866486816,-2.7590137506058423,-19.21773034172046,16.984
1.4540000000000006,0.0,0.0608564592994869,0.0,4.010556268559139,down,up,up,down,0.0017767939850031,0.0051459866486816,-2.7590137506058423,-19.21773034172046,17.0
1.4690000000000012,0.0,0.06288664519551039,0.0,4.051894462978257,down,up,up,down,0.0017767939850031,0.0051459866486816,-2.7590137506058423,-19.21773034172046,17.015
1.4849999999999994,0.0,0.0244446605523552,0.0,4.095984939810808,down,up,up,down,0.0017767939850031,0.0051459866486816,-2.7590137506058423,-19.21773034172046,17.031
1.5,0.0106999809638939,0.08992282210401459,0.0,4.137316298323576,down,up,up,down,0.0017767939850031,0.0051459866486816,-2.7590137506058423,-19.21773034172046,17.046
1.5160000000000018,0.0128585448172788,0.1331334468515428,0.0,4.181399095318788,down,up,up,down,0.0017767939850031,0.0051459866486816,-2.7590137506058423,-19.21773034172046,17.062
1.532,0.0137518618620742,0.0540555213147117,0.0,4.225477364129734,down,up,up,down,0.0017767939850031,0.0051459866486816,-2.7590137506058423,-19.21773034172046,17.078
1.5470000000000006,0.0164157602742989,0.1758164334966366,0.0,4.26679625114496,down,up,up,down,0.0017767939850031,0.0051459866486816,-2.7590137506058423,-19.21773034172046,17.093
1.5790000000000006,0.0189312128916903,0.0768311003084777,0.0,4.354926671389027,down,up,up,down,0.0017767939850031,0.0051459866486816,-2.7590137506058423,-19.21773034172046,17.125
1.5940000000000012,0.021575168242732,0.1744868960844423,0.0,4.396229471797422,down,up,up,down,0.0017767939850031,0.0051459866486816,-2.7590137506058423,-19.21773034172046,17.14
1.6099999999999994,0.0241780561819844,0.1609037022182861,0.0,4.440279157439118,down,up,up,down,0.0017767939850031,0.0051459866486816,-2.7590137506058423,-19.21773034172046,17.156
1.625,0.026472650532342698,0.1511961627055431,0.0,4.481568946990599,down,up,up,down,0.0017767939850031,0.0051459866486816,-2.7590137506058423,-19.21773034172046,17.171
1.6410000000000018,0.028254727185089402,0.10960299681165729,0.0,4.525603571379584,down,up,up,down,0.0017767939850031,0.0051459866486816,-2.7590137506058423,-19.21773034172046,17.187
1.6720000000000006,0.0299609893157022,0.0532639199057331,0.0,4.61089613476123,down,up,up,down,0.0017767939850031,0.0051459866486816,-2.7590137506058423,-19.21773034172046,17.218
1.7040000000000006,0.0325142064590071,0.07801124174327549,0.0,4.698904452852833,down,up,up,down,0.0017767939850031,0.0051459866486816,-2.7590137506058423,-19.21773034172046,17.25
1.7190000000000012,0.0357360708879337,0.2130141679434274,0.0,4.740145201896389,down,up,up,down,0.0017767939850031,0.0051459866486816,-2.7590137506058423,-19.21773034172046,17.265
1.7349999999999994,0.0388648017439923,0.19376888451867968,0.010604157242944723,4.784125188532336,down,up,up,down,0.0017767939850031,0.0051459866486816,-2.7590137506058423,-19.21773034172046,17.281
1.75,0.0419836035094487,0.206143323712084,0.01128771008207563,4.825346205786484,down,up,up,down,0.0017767939850031,0.0051459866486816,-2.7590137506058423,-19.21773034172046,17.296
1.7660000000000018,0.0455939522254897,0.22387000076753688,0.012070666314333955,4.869303558785013,down,up,up,down,0.0017767939850031,0.0051459866486816,-2.7590137506058423,-19.21773034172046,17.312
1.782,0.049154185084772,0.22073775972016568,0.01291098719919459,4.913247925566591,down,up,up,down,0.0017767939850031,0.0051459866486816,-2.7590137506058423,-19.21773034172046,17.328
1.7970000000000006,0.0512046582183032,0.13492141491706688,0.013740868323698141,4.954433242909257,down,up,up,down,0.0017767939850031,0.0051459866486816,-2.7590137506058423,-19.21773034172046,17.343
1.8290000000000006,0.0524078294316421,0.0358223064318376,0.015563339698854595,5.0422528156002855,down,up,up,down,0.0017767939850031,0.0051459866486816,-2.7590137506058423,-19.21773034172046,17.375
1.8440000000000012,0.0565733700466495,0.2759259136821464,0.016457888494672446,5.083397862647924,down,up,up,down,0.0017767939850031,0.0051459866486816,-2.7590137506058423,-19.21773034172046,17.39
1.8599999999999994,0.0600964853031911,0.2184179095488703,0.017473583123849945,5.1272706308846665,down,up,up,down,0.0017767939850031,0.0051459866486816,-2.7590137506058423,-19.21773034172046,17.406
1.875,0.0633309650604303,0.21385518983093718,0.018476478801307206,5.168386211679316,down,up,up,down,0.0017767939850031,0.0051459866486816,-2.7590137506058423,-19.21773034172046,17.421
1.8910000000000018,0.0664585956244341,0.1937001162652113,0.019597131073165297,5.212225842810017,down,up,up,down,0.0017767939850031,0.0051459866486816,-2.7590137506058423,-19.21773034172046,17.437
1.907,0.069553678532376,0.1916658877613879,0.020767565052798087,5.256047145250697,down,up,up,down,0.0017767939850031,0.0051459866486816,-2.7590137506058423,-19.21773034172046,17.453
1.9220000000000006,0.0729547776840924,0.22496314946274698,0.02191356827415225,5.297112243009835,down,up,up,down,0.0017767939850031,0.0051459866486816,-2.7590137506058423,-19.21773034172046,17.468
1.9380000000000024,0.0762140101832145,0.2019252372101039,0.023189254363469303,5.340895640438429,down,up,up,down,0.0017767939850031,0.0051459866486816,-2.7590137506058423,-19.21773034172046,17.484
1.9540000000000006,0.0781454728529169,0.11893962287141359,0.02450646601413764,5.384658294685099,down,up,up,down,0.0017767939850031,0.0051459866486816,-2.7590137506058423,-19.21773034172046,17.5
1.9849999999999994,0.0835026283981363,0.1710346752156302,0.02717153716963816,5.46938671190453,down,up,up,down,0.0017767939850031,0.0051459866486816,-2.7590137506058423,-19.21773034172046,17.531
2.0,0.0886695121313287,0.3426821215611443,0.028540018023339275,5.510354081499667,down,up,up,down,0.0017767939850031,0.0051459866486816,-2.7590137506058423,-19.21773034172046,17.546
2.016000000000002,0.0925545869729607,0.2410403836169646,0.030072146602553307,5.554029404192363,down,up,up,down,0.0017767939850031,0.0051459866486816,-2.7590137506058423,-19.21773034172046,17.562
2.032,0.097868423527446,0.3303379906703686,0.03167786647293491,5.597679624097449,down,up,up,down,0.0017767939850031,0.0051459866486816,-2.7590137506058423,-19.21773034172046,17.578
2.0470000000000006,0.103039828927347,0.34298356600838514,0.03326186816607635,5.638577782346744,down,up,up,down,0.0017767939850031,0.0051459866486816,-2.7590137506058423,-19.21773034172046,17.593
2.0630000000000024,0.1077932724763144,0.2953134278254224,0.035030868763684886,5.682175660461002,down,up,up,down,0.0017767939850031,0.0051459866486816,-2.7590137506058423,-19.21773034172046,17.609
2.094000000000001,0.1107103865870726,0.09232366120075,0.03857720106527651,5.76656416164743,down,up,up,down,0.0017767939850031,0.0051459866486816,-2.7590137506058423,-19.21773034172046,17.64
2.1099999999999994,0.113640275767505,0.1813412797920392,0.04045434215049193,5.8100761293113905,down,up,up,down,0.0017767939850031,0.0051459866486816,-2.7590137506058423,-19.21773034172046,17.656
2.125,0.1159748897572363,0.1538641386637468,0.04225364569165757,5.850841025661666,down,up,up,down,0.0017767939850031,0.0051459866486816,-2.7590137506058423,-19.21773034172046,17.671
2.141000000000002,0.12093746285360751,0.3083840245381596,0.044231280298923537,5.89429336626344,down,up,up,down,0.0017767939850031,0.0051459866486816,-2.7590137506058423,-19.21773034172046,17.687
2.157,0.1257834448532708,0.30109708099398974,0.046287383346957256,5.937713436963964,down,up,up,down,0.0017767939850031,0.0051459866486816,-2.7590137506058423,-19.21773034172046,17.703
2.1720000000000006,0.1305285815788028,0.3145656543837853,0.048286913344928184,5.978389335997857,down,up,up,down,0.0017767939850031,0.0051459866486816,-2.7590137506058423,-19.21773034172046,17.718
2.1880000000000024,0.1359255210666905,0.33553192400793813,0.05050088195247149,6.02174325364518,down,up,up,down,0.0017767939850031,0.0051459866486816,-2.7590137506058423,-19.21773034172046,17.734
2.2040000000000006,0.141386550619897,0.3395375530904399,0.05280171431234226,6.065061052884747,down,up,up,down,0.0017767939850031,0.0051459866486816,-2.7590137506058423,-19.21773034172046,17.75
2.219000000000001,0.1467456457808307,0.35549621674389614,0.05503989558507838,6.105637447069608,down,up,up,down,0.0017767939850031,0.0051459866486816,-2.7590137506058423,-19.21773034172046,17.765
2.2349999999999994,0.1494864351745928,0.169522543125147,0.05749208801910033,6.148881411210464,down,up,up,down,0.0017767939850031,0.0051459866486816,-2.7590137506058423,-19.21773034172046,17.781
2.25,0.1537294433611329,0.2810904184509934,0.05984339690784868,6.1893866013326,down,up,up,down,0.0017767939850031,0.0051459866486816,-2.7590137506058423,-19.21773034172046,17.796
2.266000000000002,0.1578339409816394,0.25475430729662224,0.062418239768970096,6.2325527282488835,down,up,up,down,0.0017767939850031,0.0051459866486816,-2.7590137506058423,-19.21773034172046,17.812
2.282,0.162188508985146,0.270383706234192,0.0650607551550828,6.275677116299178,down,up,up,down,0.0017767939850031,0.0051459866486816,-2.7590137506058423,-19.21773034172046,17.828
2.2970000000000006,0.1681377204105647,0.3948373010428958,0.06761539167528152,6.316067251457039,down,up,up,down,0.0017767939850031,0.0051459866486816,-2.7590137506058423,-19.21773034172046,17.843
2.3290000000000006,0.1740355539788804,0.1825305050248638,0.07325483563827051,6.402101767839408,down,up,up,down,0.0017767939850031,0.0051459866486816,-2.7590137506058423,-19.21773034172046,17.875
2.344000000000001,0.1786812535644344,0.30793651171858133,0.07597740149457533,6.442367732320001,down,up,up,down,0.0017767939850031,0.0051459866486816,-2.7590137506058423,-19.21773034172046,17.89
2.375,0.1837279478375197,0.1610197954693693,0.08175426970241428,6.525452317685225,down,up,up,down,0.0017767939850031,0.0051459866486816,-2.7590137506058423,-19.21773034172046,17.921
2.391000000000002,0.190166817216669,0.4006525422117819,0.08482776360922761,6.568263881428429,down,up,up,down,0.0017767939850031,0.0051459866486816,-2.7590137506058423,-19.21773034172046,17.937
2.407,0.1942277471035129,0.25203132394277,0.08798525591016748,6.611025597281962,down,up,up,down,0.0017767939850031,0.0051459866486816,-2.7590137506058423,-19.21773034172046,17.953
2.4220000000000006,0.198055293998367,0.25339299900526024,0.0910045685181613,6.65106837985784,down,up,up,down,0.0017767939850031,0.0051459866486816,-2.7590137506058423,-19.21773034172046,17.968
2.4380000000000024,0.2029468247680448,0.3039438791198216,0.0942949212546722,6.69373020394935,down,up,up,down,0.0017767939850031,0.0051459866486816,-2.7590137506058423,-19.21773034172046,17.984
2.4540000000000006,0.207564253224163,0.2868124845224183,0.09766134566498819,6.736338773823686,down,up,up,down,0.0017767939850031,0.0051459866486816,-2.7590137506058423,-19.21773034172046,18.0
2.469000000000001,0.2108773072601071,0.21909347507792598,0.1008768471683501,6.776234943636524,down,up,up,down,0.0017767939850031,0.0051459866486816,-2.7590137506058423,-19.21773034172046,18.015
2.4849999999999994,0.2140684604139231,0.1976702781285199,0.10435874909612153,6.8187372788761,down,up,up,down,0.0017767939850031,0.0051459866486816,-2.7590137506058423,-19.21773034172046,18.031
2.5,0.2179957263881924,0.2600409376329396,0.10767642029686764,6.85853222136474,down,up,up,down,0.0017767939850031,0.0051459866486816,-2.7590137506058423,-19.21773034172046,18.046
2.516000000000002,0.2211457908822236,0.1951022368919256,0.1112718882214101,6.90092485490629,down,up,up,down,0.0017767939850031,0.0051459866486816,-2.7590137506058423,-19.21773034172046,18.062
2.532,0.2242105984043281,0.18977367614654758,0.11491707512208116,6.9432595632092315,down,up,up,down,0.0017767939850031,0.0051459866486816,-2.7590137506058423,-19.21773034172046,18.078
2.5470000000000006,0.2283756147954072,0.27589096542026204,0.11838866152080962,6.9828949764435,down,up,up,down,0.0017767939850031,0.0051459866486816,-2.7590137506058423,-19.21773034172046,18.093
2.5630000000000024,0.2321877836727779,0.2364837608506377,0.12215550449493451,7.0251148431250705,down,up,up,down,0.0017767939850031,0.0051459866486816,-2.7590137506058423,-19.21773034172046,18.109
2.5790000000000006,0.2359471811039828,0.23318554546532919,0.12598291999952727,7.067273955738806,down,up,up,down,0.0017767939850031,0.0051459866486816,-2.7590137506058423,-19.21773034172046,18.125
2.6099999999999994,0.2400377273177252,0.1301763096841111,0.13352021166617245,7.1487810834667656,down,up,up,down,0.0017767939850031,0.0051459866486816,-2.7590137506058423,-19.21773034172046,18.156
2.625,0.2436157363038447,0.23675713842295348,0.13722480244306468,7.188135702120036,down,up,up,down,0.0017767939850031,0.0051459866486816,-2.7590137506058423,-19.21773034172046,18.171
2.641000000000002,0.2492298376351858,0.3491045392237766,0.1412499028209564,7.230052124487617,down,up,up,down,0.0017767939850031,0.0051459866486816,-2.7590137506058423,-19.21773034172046,18.187
2.6720000000000006,0.2548219972212227,0.1786154507258706,0.14922223184733951,7.311079232669044,down,up,up,down,0.0017767939850031,0.0051459866486816,-2.7590137506058423,-19.21773034172046,18.218
2.6880000000000024,0.2596661012575261,0.30097970828392684,0.15342047242154866,7.352802311044588,down,up,up,down,0.0017767939850031,0.0051459866486816,-2.7590137506058423,-19.21773034172046,18.234
2.7040000000000006,0.2643492459494663,0.2909197492612916,0.15769493098558307,7.394457607827018,down,up,up,down,0.0017767939850031,0.0051459866486816,-2.7590137506058423,-19.21773034172046,18.25
2.719000000000001,0.270268442324264,0.39283629766816625,0.16178175344736623,7.43344673895286,down,up,up,down,0.0017767939850031,0.0051459866486816,-2.7590137506058423,-19.21773034172046,18.265
2.7349999999999994,0.2756947242547269,0.3373658266689659,0.1662317945663765,7.47496685057844,down,up,up,down,0.0017767939850031,0.0051459866486816,-2.7590137506058423,-19.21773034172046,18.281
2.75,0.2807690583812139,0.3365121477807804,0.17048246273587653,7.513826699907764,down,up,up,down,0.0017767939850031,0.0051459866486816,-2.7590137506058423,-19.21773034172046,18.296
2.766000000000002,0.284746261135858,0.24679837818022418,0.17508892107839236,7.555206348846948,down,up,up,down,0.0017767939850031,0.0051459866486816,-2.7590137506058423,-19.21773034172046,18.312
2.782,0.2882583763036059,0.2177304039992688,0.17975529396428636,7.596511815136299,down,up,up,down,0.0017767939850031,0.0051459866486816,-2.7590137506058423,-19.21773034172046,18.328
2.7970000000000006,0.2917136143361727,0.2285724081861051,0.18418227369381457,7.635167489637947,down,up,up,down,0.0017767939850031,0.0051459866486816,-2.7590137506058423,-19.21773034172046,18.343
2.8130000000000024,0.2963192629491242,0.286076244324436,0.18896887249847705,7.676326500478112,down,up,up,down,0.0017767939850031,0.0051459866486816,-2.7590137506058423,-19.21773034172046,18.359
2.8290000000000006,0.3023282354458594,0.3737839870609854,0.19384038827201522,7.717408246401636,down,up,up,down,0.0017767939850031,0.0051459866486816,-2.7590137506058423,-19.21773034172046,18.375
2.844000000000001,0.3081478229409615,0.38619570568845824,0.1984961485096468,7.755850928634864,down,up,up,down,0.0017767939850031,0.0051459866486816,-2.7590137506058423,-19.21773034172046,18.39
2.875,0.3134454612954389,0.16911476583685459,0.2082903700014196,7.835075163866719,down,up,up,down,0.0017767939850031,0.0051459866486816,-2.7590137506058423,-19.21773034172046,18.421
2.891000000000002,0.3182698328982614,0.2997464311913664,0.2134264281413487,7.875845649491275,down,up,up,down,0.0017767939850031,0.0051459866486816,-2.7590137506058423,-19.21773034172046,18.437
2.9220000000000006,0.3224295433611548,0.1324074144954352,0.22351679405947822,7.954602455815937,down,up,up,down,0.0017767939850031,0.0051459866486816,-2.7590137506058423,-19.21773034172046,18.468
2.9380000000000024,0.3263761194305221,0.24488421035042698,0.2287895751481912,7.99512822487198,down,up,up,down,0.0017767939850031,0.0051459866486816,-2.7590137506058423,-19.21773034172046,18.484
2.9540000000000006,0.3294807113118665,0.19226019859904178,0.23411876558050926,8.035569178155836,down,up,up,down,0.0017767939850031,0.0051459866486816,-2.7590137506058423,-19.21773034172046,18.5
2.969000000000001,0.3325863685855577,0.2052670242610667,0.23916145847947012,8.073404782734475,down,up,up,down,0.0017767939850031,0.0051459866486816,-2.7590137506058423,-19.21773034172046,18.515
2.9849999999999994,0.3367544249574319,0.25872672925716494,0.24459852061419252,8.113678922911419,down,up,up,down,0.0017767939850031,0.0051459866486816,-2.7590137506058423,-19.21773034172046,18.531
3.0,0.3427775397839738,0.3997641944511111,0.24977220014948331,8.151356348764779,down,up,up,down,0.0017767939850031,0.0051459866486816,-2.7590137506058423,-19.21773034172046,18.546
3.016000000000002,0.3486519241450416,0.3653722285816931,0.2553859716472946,8.191459303400098,down,up,up,down,0.0017767939850031,0.0051459866486816,-2.7590137506058423,-19.21773034172046,18.562
3.032,0.3534519098735202,0.29822231404494354,0.2610851381058219,8.231471754531764,down,up,up,down,0.0017767939850031,0.0051459866486816,-2.7590137506058423,-19.21773034172046,18.578
3.0470000000000006,0.3575666593106863,0.2725398351593901,0.26649496717443366,8.268900110001248,down,up,up,down,0.0017767939850031,0.0051459866486816,-2.7590137506058423,-19.21773034172046,18.593
3.0630000000000024,0.3615817652842832,0.2491673293647743,0.27233049035757295,8.308733726350688,down,up,up,down,0.0017767939850031,0.0051459866486816,-2.7590137506058423,-19.21773034172046,18.609
3.0790000000000006,0.3657635232689884,0.25958308005910163,0.2782315884523774,8.348473449729898,down,up,up,down,0.0017767939850031,0.0051459866486816,-2.7590137506058423,-19.21773034172046,18.625
3.094000000000001,0.3700298841535829,0.282647264987955,0.2838272288077772,8.385643214859538,down,up,up,down,0.0017767939850031,0.0051459866486816,-2.7590137506058423,-19.21773034172046,18.64
3.125,0.3722220077420157,0.0689368701579929,0.2954916587182681,8.462193198371658,down,up,up,down,0.0017767939850031,0.0051459866486816,-2.7590137506058423,-19.21773034172046,18.671
3.141000000000002,0.3761050181977481,0.2409113594982422,0.30156061071216556,8.501561000225912,down,up,up,down,0.0017767939850031,0.0051459866486816,-2.7590137506058423,-19.21773034172046,18.687
3.157,0.3810995529158631,0.3103816258972226,0.3077005830674526,8.540831130685365,down,up,up,down,0.0017767939850031,0.0051459866486816,-2.7590137506058423,-19.21773034172046,18.703
3.1880000000000024,0.3827218166147581,0.0505542930761204,0.3196993398812875,8.616635858148442,down,up,up,down,0.0017767939850031,0.0051459866486816,-2.7590137506058423,-19.21773034172046,18.734
3.2040000000000006,0.3865261174314511,0.2359920070583374,0.3259356591400353,8.655614998165962,down,up,up,down,0.0017767939850031,0.0051459866486816,-2.7590137506058423,-19.21773034172046,18.75
3.219000000000001,0.3901786021998799,0.2417221905769024,0.33183813433700093,8.692066900973973,down,up,up,down,0.0017767939850031,0.0051459866486816,-2.7590137506058423,-19.21773034172046,18.765
3.2349999999999994,0.3943357217841825,0.258043180033941,0.3381965847152517,8.730850843231241,down,up,up,down,0.0017767939850031,0.0051459866486816,-2.7590137506058423,-19.21773034172046,18.781
3.25,0.3955368253505238,0.07829677710441299,0.3441978186184924,8.767118091465335,down,up,up,down,0.0017767939850031,0.0051459866486816,-2.7590137506058423,-19.21773034172046,18.796
3.266000000000002,0.3952853166032621,0.017496090688854597,0.35060673154050237,8.805703875073753,down,up,up,down,0.0017767939850031,0.0051459866486816,-2.7590137506058423,-19.21773034172046,18.812
3.282,0.3950343951397279,0.0174593854558939,0.3570116250208244,8.844187148230954,down,up,up,down,0.0017767939850031,0.0051459866486816,-2.7590137506058423,-19.21773034172046,18.828
3.2970000000000006,0.3962860385292917,0.08166609865257629,0.36302371807307265,8.880172089416838,down,up,up,down,0.0017767939850031,0.0051459866486816,-2.7590137506058423,-19.21773034172046,18.843
3.3130000000000024,0.399169073990496,0.1784129223402508,0.3694696947596108,8.91845636212387,down,up,up,down,0.0017767939850031,0.0051459866486816,-2.7590137506058423,-19.21773034172046,18.859
3.3290000000000006,0.4020155774683509,0.1761296733809456,0.37596150775766013,8.956637132513428,down,up,up,down,0.0017767939850031,0.0051459866486816,-2.7590137506058423,-19.21773034172046,18.875
3.3599999999999994,0.4028043157847847,0.0236663775128617,0.38859574168919186,9.030315921415777,down,up,up,down,0.0017767939850031,0.0051459866486816,-2.7590137506058423,-19.21773034172046,18.906
3.375,0.4042673963476115,0.0957619102034496,0.3947259693299152,9.065826214842222,down,up,up,down,0.0017767939850031,0.0051459866486816,-2.7590137506058423,-19.21773034172046,18.921
3.391000000000002,0.4057188980881179,0.08894206479663319,0.40128819547178063,9.103602321533504,down,up,up,down,0.0017767939850031,0.0051459866486816,-2.7590137506058423,-19.21773034172046,18.937
3.407,0.4070993726039642,0.08450286325540199,0.4078730774236954,9.14127325136003,down,up,up,down,0.0017767939850031,0.0051459866486816,-2.7590137506058423,-19.21773034172046,18.953
3.4220000000000006,0.4089892963716455,0.1242181238604099,0.41407093224074254,9.176493877546633,down,up,up,down,0.0017767939850031,0.0051459866486816,-2.7590137506058423,-19.21773034172046,18.968
3.4380000000000024,0.4124458955129544,0.2142606523467798,0.4207247495621993,9.213959732101912,down,up,up,down,0.0017767939850031,0.0051459866486816,-2.7590137506058423,-19.21773034172046,18.984
3.4540000000000006,0.4158369702557447,0.2101653774394154,0.42743334827472657,9.251318687328908,down,up,up,down,0.0017767939850031,0.0051459866486816,-2.7590137506058423,-19.21773034172046,19.0
3.469000000000001,0.4181681330630198,0.1536340598333295,0.4337655763493484,9.286244901653316,down,up,up,down,0.0017767939850031,0.0051459866486816,-2.7590137506058423,-19.21773034172046,19.015
3.4849999999999994,0.4204188886082018,0.1388954275888911,0.4405566083090964,9.323394544185739,down,up,up,down,0.0017767939850031,0.0051459866486816,-2.7590137506058423,-19.21773034172046,19.031
3.5,0.4238925153981103,0.22979832534222008,0.4469661336388744,9.358123329880218,down,up,up,down,0.0017767939850031,0.0051459866486816,-2.7590137506058423,-19.21773034172046,19.046
3.516000000000002,0.4268421705212759,0.1825766512128253,0.4538543469126095,9.395060986045504,down,up,up,down,0.0017767939850031,0.0051459866486816,-2.7590137506058423,-19.21773034172046,19.062
3.532,0.4296078726563781,0.1710795894589027,0.46078828304440833,9.431888065015539,down,up,up,down,0.0017767939850031,0.0051459866486816,-2.7590137506058423,-19.21773034172046,19.078
3.5470000000000006,0.4322237558171657,0.1726154167341667,0.46732921005769024,9.466312390076364,down,up,up,down,0.0017767939850031,0.0051459866486816,-2.7590137506058423,-19.21773034172046,19.093
3.5630000000000024,0.4341872137371219,0.1209393260122402,0.4743428336005042,9.502923233736794,down,up,up,down,0.0017767939850031,0.0051459866486816,-2.7590137506058423,-19.21773034172046,19.109
3.5790000000000006,0.4343423593112216,0.0,0.4813734059712691,9.539421723829907,down,up,up,down,0.0017767939850031,0.0051459866486816,-2.7590137506058423,-19.21773034172046,19.125
3.594000000000001,0.4344671331897078,0.0,0.48796666696475643,9.57353687954198,down,up,up,down,0.0017767939850031,0.0051459866486816,-2.7590137506058423,-19.21773034172046,19.14
3.6099999999999994,0.4358653429837762,0.0856113181442784,0.4950116625605223,9.609817272915468,down,up,up,down,0.0017767939850031,0.0051459866486816,-2.7590137506058423,-19.21773034172046,19.156
3.641000000000002,0.4366230188958351,0.022664364468507402,0.5086947577557663,9.679789249669351,down,up,up,down,0.0017767939850031,0.0051459866486816,-2.7590137506058423,-19.21773034172046,19.187
3.657,0.4374145452186102,0.047693601188447704,0.5157693940550598,9.715737756464556,down,up,up,down,0.0017767939850031,0.0051459866486816,-2.7590137506058423,-19.21773034172046,19.203
3.6720000000000006,0.4397829783173801,0.1561187459329832,0.5224255652813103,9.749336500528617,down,up,up,down,0.0017767939850031,0.0051459866486816,-2.7590137506058423,-19.21773034172046,19.218
3.6880000000000024,0.4392799073091584,0.033218731998853696,0.5295404041527023,9.785064992782846,down,up,up,down,0.0017767939850031,0.0051459866486816,-2.7590137506058423,-19.21773034172046,19.234
3.7040000000000006,0.4388003524649004,0.0317489717511307,0.5366473820172732,9.820679710503178,down,up,up,down,0.0017767939850031,0.0051459866486816,-2.7590137506058423,-19.21773034172046,19.25
3.719000000000001,0.441222180266319,0.15967839277622609,0.5433247408124875,9.85396512584104,down,up,up,down,0.0017767939850031,0.0051459866486816,-2.7590137506058423,-19.21773034172046,19.265
3.7349999999999994,0.4412102883072766,0.0,0.5504665363474541,9.889359015633449,down,up,up,down,0.0017767939850031,0.0051459866486816,-2.7590137506058423,-19.21773034172046,19.281
3.75,0.4435355667684977,0.1532417700963979,0.5571793200602535,9.922436877969481,down,up,up,down,0.0017767939850031,0.0051459866486816,-2.7590137506058423,-19.21773034172046,19.296
3.766000000000002,0.4458468707316658,0.1426797037129897,0.5643767153466341,9.957608649695924,down,up,up,down,0.0017767939850031,0.0051459866486816,-2.7590137506058423,-19.21773034172046,19.312
3.782,0.4483390072669593,0.1539817394708549,0.5716125381570016,9.992664955677586,down,up,up,down,0.0017767939850031,0.0051459866486816,-2.7590137506058423,-19.21773034172046,19.328
3.7970000000000006,0.4508125522275339,0.16312620338663159,0.5784333646529407,10.025424817665602,down,up,up,down,0.0017767939850031,0.0051459866486816,-2.7590137506058423,-19.21773034172046,19.343
3.8130000000000024,0.4531731536479189,0.1457607947890408,0.5857475860863239,10.060255590069385,down,up,up,down,0.0017767939850031,0.0051459866486816,-2.7590137506058423,-19.21773034172046,19.359
3.8290000000000006,0.4549800045324499,0.11115138629819869,0.5930951471381452,10.094969068213278,down,up,up,down,0.0017767939850031,0.0051459866486816,-2.7590137506058423,-19.21773034172046,19.375
3.844000000000001,0.4567383655837052,0.1154472760986767,0.6000102247137469,10.127405984183476,down,up,up,down,0.0017767939850031,0.0051459866486816,-2.7590137506058423,-19.21773034172046,19.39
3.875,0.4579909718101387,0.0386298584805961,0.6143480550294602,10.194112857116234,down,up,up,down,0.0017767939850031,0.0051459866486816,-2.7590137506058423,-19.21773034172046,19.421
3.891000000000002,0.4586098458950296,0.036902836320675,0.6217631973574811,10.228368187106835,down,up,up,down,0.0017767939850031,0.0051459866486816,-2.7590137506058423,-19.21773034172046,19.437
3.907,0.4596865652719586,0.06551816707306629,0.6291919044331951,10.2625047663022,down,up,up,down,0.0017767939850031,0.0051459866486816,-2.7590137506058423,-19.21773034172046,19.453
3.9220000000000006,0.4607861262568207,0.0715272716724661,0.6361726394193914,10.29439973848239,down,up,up,down,0.0017767939850031,0.0051459866486816,-2.7590137506058423,-19.21773034172046,19.468
3.9380000000000024,0.4602761376058328,0.0336510846717392,0.6436234733166724,10.328305589590205,down,up,up,down,0.0017767939850031,0.0051459866486816,-2.7590137506058423,-19.21773034172046,19.484
3.9540000000000006,0.4612835899642302,0.06118897841484051,0.6510782869236111,10.362092195517967,down,up,up,down,0.0017767939850031,0.0051459866486816,-2.7590137506058423,-19.21773034172046,19.5
3.969000000000001,0.4623259430398967,0.0677134110594255,0.6580825482208725,10.39365869551347,down,up,up,down,0.0017767939850031,0.0051459866486816,-2.7590137506058423,-19.21773034172046,19.515
3.9849999999999994,0.4630615794454709,0.0442004813633875,0.6655679841871334,10.4272137112639,down,up,up,down,0.0017767939850031,0.0051459866486816,-2.7590137506058423,-19.21773034172046,19.531
4.0,0.463541050121858,0.0301879177741353,0.6725946937086182,10.458562697438769,down,up,up,down,0.0017767939850031,0.0051459866486816,-2.7590137506058423,-19.21773034172046,19.546
4.016000000000002,0.465326649834644,0.10982318806411079,0.6801079710946505,10.49188529613004,down,up,up,down,0.0017767939850031,0.0051459866486816,-2.7590137506058423,-19.21773034172046,19.562
4.032,0.4670344298029771,0.10495945403583089,0.6876491955181296,10.525087458806826,down,up,up,down,0.0017767939850031,0.0051459866486816,-2.7590137506058423,-19.21773034172046,19.578
4.047000000000001,0.467847555018297,0.0524315537029843,0.6947380002040195,10.556104761097998,down,up,up,down,0.0017767939850031,0.0051459866486816,-2.7590137506058423,-19.21773034172046,19.593
4.063000000000002,0.4692523490623319,0.0860228337671701,0.7023171352230442,10.58907254002428,down,up,up,down,0.0017767939850031,0.0051459866486816,-2.7590137506058423,-19.21773034172046,19.609
4.079000000000001,0.4706419464070794,0.08507304006172689,0.7099186253731773,10.621918873949198,down,up,up,down,0.0017767939850031,0.0051459866486816,-2.7590137506058423,-19.21773034172046,19.625
4.094000000000001,0.4711470517522382,0.0318968956922486,0.7170592326591025,10.652601746273046,down,up,up,down,0.0017767939850031,0.0051459866486816,-2.7590137506058423,-19.21773034172046,19.64
4.125,0.472783279303723,0.0510047399338614,0.7318496783765789,10.715673084420775,down,up,up,down,0.0017767939850031,0.0051459866486816,-2.7590137506058423,-19.21773034172046,19.671
4.141000000000002,0.4743720715190438,0.0975227194725371,0.7395092569695407,10.7480464329477,down,up,up,down,0.0017767939850031,0.0051459866486816,-2.7590137506058423,-19.21773034172046,19.687
4.157,0.4735111012983779,0.0555874327766272,0.7471746581384582,10.780297181636527,down,up,up,down,0.0017767939850031,0.0051459866486816,-2.7590137506058423,-19.21773034172046,19.703
4.172000000000001,0.4742879602334859,0.0500138016888641,0.7543603408996775,10.81042087540283,down,up,up,down,0.0017767939850031,0.0051459866486816,-2.7590137506058423,-19.21773034172046,19.718
4.188000000000002,0.4749576945159184,0.0400815986670199,0.7620366419240543,10.84243391954994,down,up,up,down,0.0017767939850031,0.0051459866486816,-2.7590137506058423,-19.21773034172046,19.734
4.204000000000001,0.4755885981522727,0.0376546832871461,0.769723348051778,10.874324059639818,down,up,up,down,0.0017767939850031,0.0051459866486816,-2.7590137506058423,-19.21773034172046,19.75
4.234999999999999,0.477006708488803,0.0439687007417817,0.7846481008908233,10.935760728449988,down,up,up,down,0.0017767939850031,0.0051459866486816,-2.7590137506058423,-19.21773034172046,19.781
4.25,0.4783726132365284,0.0892835225300245,0.7918906356034938,10.965321894185362,down,up,up,down,0.0017767939850031,0.0051459866486816,-2.7590137506058423,-19.21773034172046,19.796
4.266000000000002,0.4796890390268977,0.08049981791306769,0.7996374646079811,10.996733889393369,down,up,up,down,0.0017767939850031,0.0051459866486816,-2.7590137506058423,-19.21773034172046,19.812
4.282,0.4803510359172467,0.0395980116618114,0.8074001209939119,11.028021808718243,down,up,up,down,0.0017767939850031,0.0051459866486816,-2.7590137506058423,-19.21773034172046,19.828
4.297000000000001,0.4811131256037022,0.0490291851120299,0.81468829200505,11.057241351879838,down,up,up,down,0.0017767939850031,0.0051459866486816,-2.7590137506058423,-19.21773034172046,19.843
4.313000000000002,0.4819202552061519,0.0486688061680952,0.8224748948379084,11.088288266394787,down,up,up,down,0.0017767939850031,0.0051459866486816,-2.7590137506058423,-19.21773034172046,19.859
4.329000000000001,0.4809244275573121,0.06401602203749521,0.8302599880863943,11.119210607341088,down,up,up,down,0.0017767939850031,0.0051459866486816,-2.7590137506058423,-19.21773034172046,19.875
4.344000000000001,0.4800133312443186,0.0625165481845651,0.8375442110771372,11.148087282106456,down,up,up,down,0.0017767939850031,0.0051459866486816,-2.7590137506058423,-19.21773034172046,19.89
4.359999999999999,0.4810156544639525,0.060868407242122106,0.8453147787491813,11.178768630197535,down,up,up,down,0.0017767939850031,0.0051459866486816,-2.7590137506058423,-19.21773034172046,19.906
4.391000000000002,0.482629271465365,0.0502753673508798,0.860410800687196,11.237859309985058,down,up,up,down,0.0017767939850031,0.0051459866486816,-2.7590137506058423,-19.21773034172046,19.937
4.407,0.4841876938920677,0.09562460768392489,0.8682276721964335,11.268174422211676,down,up,up,down,0.0017767939850031,0.0051459866486816,-2.7590137506058423,-19.21773034172046,19.953
4.422000000000001,0.4842326271152029,0.0,0.8755680144037183,11.296481160821262,down,up,up,down,0.0017767939850031,0.0051459866486816,-2.7590137506058423,-19.21773034172046,19.968
4.438000000000002,0.4832482853188224,0.0632981562587715,0.8833901974895704,11.326553715135816,down,up,up,down,0.0017767939850031,0.0051459866486816,-2.7590137506058423,-19.21773034172046,19.984
4.454000000000001,0.4822850913496399,0.0619764170589185,0.8911968002892963,11.356501239163272,down,up,up,down,0.0017767939850031,0.0051459866486816,-2.7590137506058423,-19.21773034172046,20.0
4.469000000000001,0.4830195145522147,0.0471847528533133,0.8985137746332903,11.384463616110441,down,up,up,down,0.0017767939850031,0.0051459866486816,-2.7590137506058423,-19.21773034172046,20.015
4.484999999999999,0.4830951977591873,0.0,0.9063250281181598,11.41416912569812,down,up,up,down,0.0017767939850031,0.0051459866486816,-2.7590137506058423,-19.21773034172046,20.031
4.5,0.4844304787467219,0.0872419385173041,0.9136586604916852,11.44190445429263,down,up,up,down,0.0017767939850031,0.0051459866486816,-2.7590137506058423,-19.21773034172046,20.046
4.516000000000002,0.4856968208616763,0.0773695881996352,0.921502014674932,11.471367388900997,down,up,up,down,0.0017767939850031,0.0051459866486816,-2.7590137506058423,-19.21773034172046,20.062
4.532,0.4863256623505823,0.0375257990716238,0.9293605303270078,11.500704708550671,down,up,up,down,0.0017767939850031,0.0051459866486816,-2.7590137506058423,-19.21773034172046,20.078
4.547000000000001,0.4862663705327747,0.0,0.9367321603733638,11.528094219629509,down,up,up,down,0.0017767939850031,0.0051459866486816,-2.7590137506058423,-19.21773034172046,20.093
4.563000000000002,0.4861845830030198,0.0,0.9445941037880299,11.557187829525915,down,up,up,down,0.0017767939850031,0.0051459866486816,-2.7590137506058423,-19.21773034172046,20.109
4.579000000000001,0.4873409377523749,0.07049537784970229,0.9524646437404511,11.586155579555378,down,up,up,down,0.0017767939850031,0.0051459866486816,-2.7590137506058423,-19.21773034172046,20.125
4.609999999999999,0.4873366218015906,0.0,0.9677316714996462,11.64192196293794,down,up,up,down,0.0017767939850031,0.0051459866486816,-2.7590137506058423,-19.21773034172046,20.156
4.625,0.4873043066929572,0.0,0.9751186682630859,11.668735791648803,down,up,up,down,0.0017767939850031,0.0051459866486816,-2.7590137506058423,-19.21773034172046,20.171
4.641000000000002,0.4873598462860062,0.0,0.9829983172732975,11.69721507577421,down,up,up,down,0.0017767939850031,0.0051459866486816,-2.7590137506058423,-19.21773034172046,20.187
4.657,0.4879929137796974,0.0377899243707003,0.9908834751402011,11.725568241444591,down,up,up,down,0.0017767939850031,0.0051459866486816,-2.7590137506058423,-19.21773034172046,20.203
4.672000000000001,0.4888697752326134,0.056680636209393905,0.998287135107524,11.752034668126822,down,up,up,down,0.0017767939850031,0.0051459866486816,-2.7590137506058423,-19.21773034172046,20.218
4.688000000000002,0.4883134981981332,0.0365441086400145,1.0061869370813494,11.780143095559009,down,up,up,down,0.0017767939850031,0.0051459866486816,-2.7590137506058423,-19.21773034172046,20.234
4.704000000000001,0.4897287647180341,0.086677363508818,1.0140936109710572,11.808125071184278,down,up,up,down,0.0017767939850031,0.0051459866486816,-2.7590137506058423,-19.21773034172046,20.25
4.734999999999999,0.4895546542701154,0.0,1.0294320295514818,11.861979850024959,down,up,up,down,0.0017767939850031,0.0051459866486816,-2.7590137506058423,-19.21773034172046,20.281
4.75,0.4893726345088591,0.0139114447354235,1.0368511740170547,11.887867932257283,down,up,up,down,0.0017767939850031,0.0051459866486816,-2.7590137506058423,-19.21773034172046,20.296
4.766000000000002,0.4892003977096593,0.0125415939349934,1.0447620940611828,11.91535924612235,down,up,up,down,0.0017767939850031,0.0051459866486816,-2.7590137506058423,-19.21773034172046,20.312
4.782,0.4903444083673776,0.06972387212239829,1.0526807882961766,11.942723923073189,down,up,up,down,0.0017767939850031,0.0051459866486816,-2.7590137506058423,-19.21773034172046,20.328
4.797000000000001,0.4900615533140851,0.020633797537836198,1.0601110228085182,11.968263190748988,down,up,up,down,0.0017767939850031,0.0051459866486816,-2.7590137506058423,-19.21773034172046,20.343
4.813000000000002,0.4911363230885506,0.0653963169190845,1.068042941606119,11.995382179043368,down,up,up,down,0.0017767939850031,0.0051459866486816,-2.7590137506058423,-19.21773034172046,20.359
4.829000000000001,0.4922056096193543,0.0650536141902378,1.0759920128541602,12.022374119417378,down,up,up,down,0.0017767939850031,0.0051459866486816,-2.7590137506058423,-19.21773034172046,20.375
4.844000000000001,0.4937939781177221,0.104114439239509,1.0834641995619188,12.047563404083338,down,up,up,down,0.0017767939850031,0.0051459866486816,-2.7590137506058423,-19.21773034172046,20.39
4.875,0.494717262410111,0.028006570285610002,1.0989456493762086,12.099265477693578,down,up,up,down,0.0017767939850031,0.0051459866486816,-2.7590137506058423,-19.21773034172046,20.421
4.891000000000002,0.4956760759696319,0.058149053485045,1.1069511318696263,12.125762523453307,down,up,up,down,0.0017767939850031,0.0051459866486816,-2.7590137506058423,-19.21773034172046,20.437
4.907,0.4965688652417164,0.054022535520282404,1.1149714271856952,12.152131362990556,down,up,up,down,0.0017767939850031,0.0051459866486816,-2.7590137506058423,-19.21773034172046,20.453
4.922000000000001,0.49714298172316695,0.0364976381116994,1.1225014558376623,12.17673552262697,down,up,up,down,0.0017767939850031,0.0051459866486816,-2.7590137506058423,-19.21773034172046,20.468
4.938000000000002,0.49767374406712683,0.0313958525124855,1.1305423254303644,12.202855392386521,down,up,up,down,0.0017767939850031,0.0051459866486816,-2.7590137506058423,-19.21773034172046,20.484
4.954000000000001,0.4972777673064517,0.0265253415272029,1.138584273307731,12.228846599606307,down,up,up,down,0.0017767939850031,0.0051459866486816,-2.7590137506058423,-19.21773034172046,20.5
4.969000000000001,0.4988850041470556,0.1053723287219216,1.1461326838933628,12.253096428686387,down,up,up,down,0.0017767939850031,0.0051459866486816,-2.7590137506058423,-19.21773034172046,20.515
4.984999999999999,0.49862940962143476,0.017751451836308,1.1541951349898887,12.27883802614501,down,up,up,down,0.0017767939850031,0.0051459866486816,-2.7590137506058423,-19.21773034172046,20.531
5.0,0.49836012362388615,0.0197291938215762,1.1617497462889592,12.302853645794507,down,up,up,down,0.0017767939850031,0.0051459866486816,-2.7590137506058423,-19.21773034172046,20.546
5.016000000000002,0.4993287331293885,0.058761300108888304,1.169813592929365,12.32834535909046,down,up,up,down,0.0017767939850031,0.0051459866486816,-2.7590137506058423,-19.21773034172046,20.562
5.032,0.49861340530219245,0.0464847831847628,1.1778794658231957,12.353708034630127,down,up,up,down,0.0017767939850031,0.0051459866486816,-2.7590137506058423,-19.21773034172046,20.578
5.047000000000001,0.49797687150521597,0.0442123804501001,1.185431082698982,12.377368411775297,down,up,up,down,0.0017767939850031,0.0051459866486816,-2.7590137506058423,-19.21773034172046,20.593
5.063000000000002,0.4992322657007726,0.07668534323727849,1.1934910915830095,12.40248125439074,down,up,up,down,0.0017767939850031,0.0051459866486816,-2.7590137506058423,-19.21773034172046,20.609
5.094000000000001,0.500657766560332,0.0442071047104629,1.209148912669165,12.450769760593609,down,up,up,down,0.0017767939850031,0.0051459866486816,-2.7590137506058423,-19.21773034172046,20.64
5.109999999999999,0.5009238482265275,0.014853310152215,1.2172439013738379,12.475502838090957,down,up,up,down,0.0017767939850031,0.0051459866486816,-2.7590137506058423,-19.21773034172046,20.656
5.125,0.5010574010443136,0.0,1.2248359505430997,12.49857244546067,down,up,up,down,0.0017767939850031,0.0051459866486816,-2.7590137506058423,-19.21773034172046,20.671
5.141000000000002,0.5007510798350072,0.0209218695666511,1.2329327541765138,12.523054515832609,down,up,up,down,0.0017767939850031,0.0051459866486816,-2.7590137506058423,-19.21773034172046,20.687
5.157,0.5004234466023387,0.022253871026785898,1.2410244861743909,12.547407077919491,down,up,up,down,0.0017767939850031,0.0051459866486816,-2.7590137506058423,-19.21773034172046,20.703
5.172000000000001,0.50070131572304,0.016747814061747402,1.248610111691562,12.570120024694585,down,up,up,down,0.0017767939850031,0.0051459866486816,-2.7590137506058423,-19.21773034172046,20.718
5.188000000000002,0.5000305791786257,0.0436978280108919,1.2566983026371552,12.594221777389656,down,up,up,down,0.0017767939850031,0.0051459866486816,-2.7590137506058423,-19.21773034172046,20.734
5.204000000000001,0.4994282446747498,0.039422700477252395,1.26477630901436,12.618194200506135,down,up,up,down,0.0017767939850031,0.0051459866486816,-2.7590137506058423,-19.21773034172046,20.75
5.219000000000001,0.49990258343315297,0.029845789908541802,1.2723484800248999,12.640550970847428,down,up,up,down,0.0017767939850031,0.0051459866486816,-2.7590137506058423,-19.21773034172046,20.765
5.234999999999999,0.5020635442512127,0.13328325714374428,1.2804465448327529,12.664272830658259,down,up,up,down,0.0017767939850031,0.0051459866486816,-2.7590137506058423,-19.21773034172046,20.781
5.25,0.5041763491204421,0.1390768639636168,1.2880705338327707,12.686394158827348,down,up,up,down,0.0017767939850031,0.0051459866486816,-2.7590137506058423,-19.21773034172046,20.796
5.282,0.503524730003015,0.0221398914045987,1.304358422671504,12.73320373554267,down,up,up,down,0.0017767939850031,0.0051459866486816,-2.7590137506058423,-19.21773034172046,20.828
5.297000000000001,0.5025166386484852,0.0689828842869898,1.3119809227361208,12.7549663967112,down,up,up,down,0.0017767939850031,0.0051459866486816,-2.7590137506058423,-19.21773034172046,20.843
5.313000000000002,0.5015900662886192,0.0596875664766171,1.3200961121619974,12.77805400044171,down,up,up,down,0.0017767939850031,0.0051459866486816,-2.7590137506058423,-19.21773034172046,20.859
5.329000000000001,0.5007534432850402,0.0540657317086967,1.3281971960249648,12.801011873985907,down,up,up,down,0.0017767939850031,0.0051459866486816,-2.7590137506058423,-19.21773034172046,20.875
5.359999999999999,0.5007386605410016,0.0,1.343879849220377,12.845124106053383,down,up,up,down,0.0017767939850031,0.0051459866486816,-2.7590137506058423,-19.21773034172046,20.906
5.375,0.5007091467450699,0.0,1.351467897574753,12.866294204211506,down,up,up,down,0.0017767939850031,0.0051459866486816,-2.7590137506058423,-19.21773034172046,20.921
5.391000000000002,0.4995171997413941,0.0762734817147362,1.3595520441330242,12.888750264687538,down,up,up,down,0.0017767939850031,0.0051459866486816,-2.7590137506058423,-19.21773034172046,20.937
5.407,0.49944001632835544,0.0,1.3676260376479605,12.911077060042977,down,up,up,down,0.0017767939850031,0.0051459866486816,-2.7590137506058423,-19.21773034172046,20.953
5.422000000000001,0.4992898658715692,0.0117868244374184,1.3751937015641904,12.931891118257973,down,up,up,down,0.0017767939850031,0.0051459866486816,-2.7590137506058423,-19.21773034172046,20.968
5.438000000000002,0.4986265937918084,0.0432312989700485,1.3832593690278772,12.95396771370293,down,up,up,down,0.0017767939850031,0.0051459866486816,-2.7590137506058423,-19.21773034172046,20.984
5.454000000000001,0.49897282318739045,0.0198625432388769,1.3913225001500886,12.975915278759196,down,up,up,down,0.0017767939850031,0.0051459866486816,-2.7590137506058423,-19.21773034172046,21.0
5.469000000000001,0.4993102807527485,0.0207203770388679,1.3988868132293704,12.996373915167936,down,up,up,down,0.0017767939850031,0.0051459866486816,-2.7590137506058423,-19.21773034172046,21.015
5.5,0.49930278832693453,0.0,1.414524841386214,13.038295460790174,down,up,up,down,0.0017767939850031,0.0051459866486816,-2.7590137506058423,-19.21773034172046,21.046
5.516000000000002,0.5005058334046542,0.07341352337246479,1.4226056461464465,13.059742636899607,down,up,up,down,0.0017767939850031,0.0051459866486816,-2.7590137506058423,-19.21773034172046,21.062
5.532,0.5015669579219573,0.0645434883464488,1.4307045642634373,13.081060375226016,down,up,up,down,0.0017767939850031,0.0051459866486816,-2.7590137506058423,-19.21773034172046,21.078
5.547000000000001,0.5005874601957458,0.0670766423990953,1.4382979121990507,13.100928062911635,down,up,up,down,0.0017767939850031,0.0051459866486816,-2.7590137506058423,-19.21773034172046,21.093
5.563000000000002,0.4996619103094009,0.059623661881556995,1.4463822429494717,13.121994841680142,down,up,up,down,0.0017767939850031,0.0051459866486816,-2.7590137506058423,-19.21773034172046,21.109
5.579000000000001,0.49876842607534577,0.0576195586134535,1.4544520214269274,13.142932387574824,down,up,up,down,0.0017767939850031,0.0051459866486816,-2.7590137506058423,-19.21773034172046,21.125
5.594000000000001,0.49778731516722097,0.0671841878599876,1.4620033792859775,13.162444178328563,down,up,up,down,0.0017767939850031,0.0051459866486816,-2.7590137506058423,-19.21773034172046,21.14
5.625,0.4951829517756714,0.08578851629305691,1.4775539440097007,13.202410466086263,down,up,up,down,0.0017767939850031,0.0051459866486816,-2.7590137506058423,-19.21773034172046,21.171
5.641000000000002,0.4926183230443364,0.162066089693423,1.4855386899946408,13.222849945023924,down,up,up,down,0.0017767939850031,0.0051459866486816,-2.7590137506058423,-19.21773034172046,21.187
5.657,0.4948132794501134,0.13540798137607749,1.4935204786009741,13.243161691684847,down,up,up,down,0.0017767939850031,0.0051459866486816,-2.7590137506058423,-19.21773034172046,21.203
5.672000000000001,0.4938368534082542,0.0668718634422815,1.5010125443971425,13.262087900271446,down,up,up,down,0.0017767939850031,0.0051459866486816,-2.7590137506058423,-19.21773034172046,21.218
5.688000000000002,0.492895495656322,0.0606116534807564,1.5089887389760388,13.28215211001416,down,up,up,down,0.0017767939850031,0.0051459866486816,-2.7590137506058423,-19.21773034172046,21.234
5.704000000000001,0.4927753165801913,0.0,1.516956441260309,13.30208876858196,down,up,up,down,0.0017767939850031,0.0051459866486816,-2.7590137506058423,-19.21773034172046,21.25
5.719000000000001,0.4920064075400585,0.0530373966605228,1.5244194939909412,13.320663655326662,down,up,up,down,0.0017767939850031,0.0051459866486816,-2.7590137506058423,-19.21773034172046,21.265
5.734999999999999,0.4912872606011813,0.0467234776648331,1.5323681791224493,13.340353573951447,down,up,up,down,0.0017767939850031,0.0051459866486816,-2.7590137506058423,-19.21773034172046,21.281
5.75,0.4915477964274135,0.0155922610971429,1.5398166318498943,13.358697394128242,down,up,up,down,0.0017767939850031,0.0051459866486816,-2.7590137506058423,-19.21773034172046,21.296
5.766000000000002,0.4921519345663601,0.0359818396991522,1.5477685654842241,13.378140932559262,down,up,up,down,0.0017767939850031,0.0051459866486816,-2.7590137506058423,-19.21773034172046,21.312
5.782,0.4926137249710205,0.027085106306277102,1.5557290265469013,13.397457171832706,down,up,up,down,0.0017767939850031,0.0051459866486816,-2.7590137506058423,-19.21773034172046,21.328
5.797000000000001,0.4929731464543447,0.022184638236612,1.563198117882322,13.415450424508577,down,up,up,down,0.0017767939850031,0.0051459866486816,-2.7590137506058423,-19.21773034172046,21.343
5.813000000000002,0.4931901243299297,0.011784323239054399,1.571169759834976,13.434519701496534,down,up,up,down,0.0017767939850031,0.0051459866486816,-2.7590137506058423,-19.21773034172046,21.359
5.844000000000001,0.4931823018711778,0.0,1.586618058027202,13.471103416588448,down,up,up,down,0.0017767939850031,0.0051459866486816,-2.7590137506058423,-19.21773034172046,21.39
5.859999999999999,0.4930157733276612,0.0121848279547929,1.5945899784151705,13.489797972306604,down,up,up,down,0.0017767939850031,0.0051459866486816,-2.7590137506058423,-19.21773034172046,21.406
5.875,0.4935597302147592,0.034486998488193005,1.6020664844914692,13.507208255093893,down,up,up,down,0.0017767939850031,0.0051459866486816,-2.7590137506058423,-19.21773034172046,21.421
5.891000000000002,0.4940962673129672,0.0317567746529932,1.6100500682580707,13.52565554268159,down,up,up,down,0.0017767939850031,0.0051459866486816,-2.7590137506058423,-19.21773034172046,21.437
5.922000000000001,0.4959401896033775,0.0577045702217832,1.6255551589263828,13.561033087929012,down,up,up,down,0.0017767939850031,0.0051459866486816,-2.7590137506058423,-19.21773034172046,21.468
5.938000000000002,0.49611146450827803,0.0,1.6335739079456557,13.57910427540373,down,up,up,down,0.0017767939850031,0.0051459866486816,-2.7590137506058423,-19.21773034172046,21.484
5.954000000000001,0.4963301305248873,0.0118898320530764,1.641595776492299,13.59704713793792,down,up,up,down,0.0017767939850031,0.0051459866486816,-2.7590137506058423,-19.21773034172046,21.5
5.969000000000001,0.4950320973881617,0.0883123364333736,1.6491081830013774,13.613752064500808,down,up,up,down,0.0017767939850031,0.0051459866486816,-2.7590137506058423,-19.21773034172046,21.515
5.984999999999999,0.49634800184656847,0.08046723466543039,1.6571215595816333,13.631446446569832,down,up,up,down,0.0017767939850031,0.0051459866486816,-2.7590137506058423,-19.21773034172046,21.531
6.0,0.4976403144343493,0.0843773785337164,1.6646536617534706,13.647918338668909,down,up,up,down,0.0017767939850031,0.0051459866486816,-2.7590137506058423,-19.21773034172046,21.546
6.032,0.4974284136913525,0.0,1.6807394329762397,13.682680489172618,down,up,up,down,0.0017767939850031,0.0051459866486816,-2.7590137506058423,-19.21773034172046,21.578
6.047000000000001,0.49933083921896326,0.125051574522377,1.6882923171727977,13.698797957305587,down,up,up,down,0.0017767939850031,0.0051459866486816,-2.7590137506058423,-19.21773034172046,21.593
6.063000000000002,0.501171739046395,0.1132794452294678,1.6963786735853004,13.715864809389217,down,up,up,down,0.0017767939850031,0.0051459866486816,-2.7590137506058423,-19.21773034172046,21.609
6.079000000000001,0.5009974952562377,0.012667030869835,1.7044783632460994,13.732802173104254,down,up,up,down,0.0017767939850031,0.0051459866486816,-2.7590137506058423,-19.21773034172046,21.625
6.094000000000001,0.5012417697827338,0.0145081744480704,1.7120723475336221,13.748563249032493,down,up,up,down,0.0017767939850031,0.0051459866486816,-2.7590137506058423,-19.21773034172046,21.64
6.109999999999999,0.5012160548717812,0.0,1.7201743459172363,13.76524949549458,down,up,up,down,0.0017767939850031,0.0051459866486816,-2.7590137506058423,-19.21773034172046,21.656
6.125,0.501080002109358,0.010846978146551601,1.7277687561443253,13.780775128488209,down,up,up,down,0.0017767939850031,0.0051459866486816,-2.7590137506058423,-19.21773034172046,21.671
6.141000000000002,0.5011107398494765,0.0,1.7358686178663758,13.797210249505817,down,up,up,down,0.0017767939850031,0.0051459866486816,-2.7590137506058423,-19.21773034172046,21.687
6.172000000000001,0.5019512645687492,0.025336906636696303,1.7515756045209667,13.828684290327594,down,up,up,down,0.0017767939850031,0.0051459866486816,-2.7590137506058423,-19.21773034172046,21.718
6.188000000000002,0.5008370748532034,0.07141365120660631,1.7596802470227222,13.84473846352494,down,up,up,down,0.0017767939850031,0.0051459866486816,-2.7590137506058423,-19.21773034172046,21.734
6.219000000000001,0.5013799116675433,0.0157340709937028,1.7753741358999022,13.87547454685842,down,up,up,down,0.0017767939850031,0.0051459866486816,-2.7590137506058423,-19.21773034172046,21.765
6.234999999999999,0.5015477841019358,0.0,1.7834798932524363,13.891147934634894,down,up,up,down,0.0017767939850031,0.0051459866486816,-2.7590137506058423,-19.21773034172046,21.781
6.25,0.5012769736386478,0.019830824870870997,1.7910782687352211,13.905723954679075,down,up,up,down,0.0017767939850031,0.0051459866486816,-2.7590137506058423,-19.21773034172046,21.796
6.266000000000002,0.5011635068926168,0.0,1.799180128365851,13.921146107511959,down,up,up,down,0.0017767939850031,0.0051459866486816,-2.7590137506058423,-19.21773034172046,21.812
6.282,0.5011227807386351,0.0,1.807280754453279,13.936438640459102,down,up,up,down,0.0017767939850031,0.0051459866486816,-2.7590137506058423,-19.21773034172046,21.828
6.297000000000001,0.5003626845068574,0.0524498761035179,1.8148690852423508,13.950657722920468,down,up,up,down,0.0017767939850031,0.0051459866486816,-2.7590137506058423,-19.21773034172046,21.843
6.313000000000002,0.5010285972770934,0.0398427541547407,1.822962551283002,13.965699289837957,down,up,up,down,0.0017767939850031,0.0051459866486816,-2.7590137506058423,-19.21773034172046,21.859
6.329000000000001,0.5022729924727027,0.07599790574059109,1.8310712997873786,13.980611239039085,down,up,up,down,0.0017767939850031,0.0051459866486816,-2.7590137506058423,-19.21773034172046,21.875
6.359999999999999,0.5033257973662018,0.0321846541923858,1.84681760661599,14.009133387258622,down,up,up,down,0.0017767939850031,0.0051459866486816,-2.7590137506058423,-19.21773034172046,21.906
6.375,0.5042966141986387,0.06294432817745689,1.8544519645024569,14.022759071734313,down,up,up,down,0.0017767939850031,0.0051459866486816,-2.7590137506058423,-19.21773034172046,21.921
6.391000000000002,0.5038934446443797,0.0269748911261883,1.8625998207595809,14.037166877461914,down,up,up,down,0.0017767939850031,0.0051459866486816,-2.7590137506058423,-19.21773034172046,21.937
6.407,0.5044053945217666,0.0302200733516814,1.870748547259288,14.051444310527458,down,up,up,down,0.0017767939850031,0.0051459866486816,-2.7590137506058423,-19.21773034172046,21.953
6.422000000000001,0.5055857446787133,0.0769132164781092,1.878400670603022,14.064710897652581,down,up,up,down,0.0017767939850031,0.0051459866486816,-2.7590137506058423,-19.21773034172046,21.968
6.438000000000002,0.5066815199512593,0.06670916054911459,1.8865811445064418,14.078735263141404,down,up,up,down,0.0017767939850031,0.0051459866486816,-2.7590137506058423,-19.21773034172046,21.984
6.454000000000001,0.5074475891260519,0.04610252943954,1.8947765131654384,14.092628621889723,down,up,up,down,0.0017767939850031,0.0051459866486816,-2.7590137506058423,-19.21773034172046,22.0
6.469000000000001,0.5068136362072657,0.0440403219040819,1.9024606621551685,14.105534549333903,down,up,up,down,0.0017767939850031,0.0051459866486816,-2.7590137506058423,-19.21773034172046,22.015
6.484999999999999,0.5062112908900911,0.0394233763084212,1.9106471973583254,14.119173906467488,down,up,up,down,0.0017767939850031,0.0051459866486816,-2.7590137506058423,-19.21773034172046,22.031
6.5,0.508063912185218,0.12173129235678329,1.9183314511811207,14.13184177286253,down,up,up,down,0.0017767939850031,0.0051459866486816,-2.7590137506058423,-19.21773034172046,22.046
6.516000000000002,0.5077129603219745,0.023711285437713697,1.9265400019475583,14.145227021247194,down,up,up,down,0.0017767939850031,0.0051459866486816,-2.7590137506058423,-19.21773034172046,22.062
6.532,0.5073345107802929,0.025429890340108598,1.9347427175027543,14.158480979501284,down,up,up,down,0.0017767939850031,0.0051459866486816,-2.7590137506058423,-19.21773034172046,22.078
6.547000000000001,0.508335944924541,0.06498548229820339,1.942437435720271,14.170787334611198,down,up,up,down,0.0017767939850031,0.0051459866486816,-2.7590137506058423,-19.21773034172046,22.093
6.563000000000002,0.5082528457001008,0.0,1.950652481831648,14.183786835280479,down,up,up,down,0.0017767939850031,0.0051459866486816,-2.7590137506058423,-19.21773034172046,22.109
6.594000000000001,0.5076572820528078,0.020988524542841298,1.9665586143979266,14.208599489557699,down,up,up,down,0.0017767939850031,0.0051459866486816,-2.7590137506058423,-19.21773034172046,22.14
6.609999999999999,0.5071034518160076,0.0363911837850208,1.974759036055255,14.221213168363768,down,up,up,down,0.0017767939850031,0.0051459866486816,-2.7590137506058423,-19.21773034172046,22.156
6.625,0.5087582944620799,0.1085460490864791,1.9824551889520712,14.232919267935301,down,up,up,down,0.0017767939850031,0.0051459866486816,-2.7590137506058423,-19.21773034172046,22.171
6.641000000000002,0.5067568006584793,0.1268701567100263,1.9906616454994155,14.245278553269387,down,up,up,down,0.0017767939850031,0.0051459866486816,-2.7590137506058423,-19.21773034172046,22.187
6.657,0.5070029425326155,0.013607073148510099,1.9988540592313222,14.257506647641236,down,up,up,down,0.0017767939850031,0.0051459866486816,-2.7590137506058423,-19.21773034172046,22.203
6.672000000000001,0.5064703425138202,0.0372834619046879,2.006532298668901,14.268851456216069,down,up,up,down,0.0017767939850031,0.0051459866486816,-2.7590137506058423,-19.21773034172046,22.218
6.704000000000001,0.5070320618052957,0.015776933873607003,2.0229130087107645,14.29266877131738,down,up,up,down,0.0017767939850031,0.0051459866486816,-2.7590137506058423,-19.21773034172046,22.25
6.719000000000001,0.506759645705186,0.0199378673256525,2.0305936363168238,14.30365267773876,down,up,up,down,0.0017767939850031,0.0051459866486816,-2.7590137506058423,-19.21773034172046,22.265
6.734999999999999,0.5093491590683783,0.16006779121453668,2.0388048425413903,14.315241709917586,down,up,up,down,0.0017767939850031,0.0051459866486816,-2.7590137506058423,-19.21773034172046,22.281
6.75,0.5118501059459124,0.1649529978505975,2.046541026828728,14.325986822156402,down,up,up,down,0.0017767939850031,0.0051459866486816,-2.7590137506058423,-19.21773034172046,22.296
6.766000000000002,0.5107274015014394,0.07194582176456041,2.0548039826746867,14.337320282090069,down,up,up,down,0.0017767939850031,0.0051459866486816,-2.7590137506058423,-19.21773034172046,22.312
6.782,0.5101285211812208,0.0392068139986695,2.063053165842526,14.34852164491162,down,up,up,down,0.0017767939850031,0.0051459866486816,-2.7590137506058423,-19.21773034172046,22.328
6.797000000000001,0.509597223890232,0.037196613384253396,2.0707782987302923,14.358903115186422,down,up,up,down,0.0017767939850031,0.0051459866486816,-2.7590137506058423,-19.21773034172046,22.343
6.829000000000001,0.5094975604258636,0.0,2.0872484868521077,14.380663126636485,down,up,up,down,0.0017767939850031,0.0051459866486816,-2.7590137506058423,-19.21773034172046,22.375
6.844000000000001,0.5105421634670151,0.06786340875842779,2.094975974581035,14.390681649434825,down,up,up,down,0.0017767939850031,0.0051459866486816,-2.7590137506058423,-19.21773034172046,22.39
6.859999999999999,0.5114956730830382,0.0578175570164497,2.103234613059813,14.401240184743394,down,up,up,down,0.0017767939850031,0.0051459866486816,-2.7590137506058423,-19.21773034172046,22.406
6.875,0.5105044667617431,0.0678572154046755,2.1109768039083794,14.411018805375221,down,up,up,down,0.0017767939850031,0.0051459866486816,-2.7590137506058423,-19.21773034172046,22.421
6.891000000000002,0.5103134914399146,0.0137127515992858,2.1192256833603724,14.421321405486765,down,up,up,down,0.0017767939850031,0.0051459866486816,-2.7590137506058423,-19.21773034172046,22.437
6.922000000000001,0.5108115823060544,0.014290653309830799,2.1352126475895434,14.44090703762582,down,up,up,down,0.0017767939850031,0.0051459866486816,-2.7590137506058423,-19.21773034172046,22.468
6.938000000000002,0.5104789588216185,0.022565761762241798,2.143465307704945,14.45082183399316,down,up,up,down,0.0017767939850031,0.0051459866486816,-2.7590137506058423,-19.21773034172046,22.484
6.954000000000001,0.5097270476335058,0.0487712432420511,2.151709291542964,14.460604657208869,down,up,up,down,0.0017767939850031,0.0051459866486816,-2.7590137506058423,-19.21773034172046,22.5
6.969000000000001,0.5090295820737865,0.048274497966293996,2.159427156065499,14.469656340110902,down,up,up,down,0.0017767939850031,0.0051459866486816,-2.7590137506058423,-19.21773034172046,22.515
6.984999999999999,0.5097661027012865,0.0442557452337563,2.1676598573300776,14.479183864013422,down,up,up,down,0.0017767939850031,0.0051459866486816,-2.7590137506058423,-19.21773034172046,22.531
7.0,0.5105505842081026,0.050521973136067704,2.1753894222816283,14.487996200675418,down,up,up,down,0.0017767939850031,0.0051459866486816,-2.7590137506058423,-19.21773034172046,22.546
7.016000000000002,0.5113330939322704,0.0471300637754804,2.1836468274931313,14.497268130686912,down,up,up,down,0.0017767939850031,0.0051459866486816,-2.7590137506058423,-19.21773034172046,22.562
7.032,0.5120281373164062,0.0416634175234847,2.191916053129499,14.506407847651623,down,up,up,down,0.0017767939850031,0.0051459866486816,-2.7590137506058423,-19.21773034172046,22.578
7.063000000000002,0.5140425014097456,0.06320269289690929,2.2079796736158643,14.523738890155862,down,up,up,down,0.0017767939850031,0.0051459866486816,-2.7590137506058423,-19.21773034172046,22.609
7.079000000000001,0.5160304759800987,0.1224716166620759,2.216302593221361,14.532488852030852,down,up,up,down,0.0017767939850031,0.0051459866486816,-2.7590137506058423,-19.21773034172046,22.625
7.109999999999999,0.5152323204146718,0.027523747708450497,2.232446692151589,14.54906266437635,down,up,up,down,0.0017767939850031,0.0051459866486816,-2.7590137506058423,-19.21773034172046,22.656
7.125,0.5144607063425646,0.0532177321254838,2.2402465796519984,14.556902671096914,down,up,up,down,0.0017767939850031,0.0051459866486816,-2.7590137506058423,-19.21773034172046,22.671
7.141000000000002,0.5140232224944619,0.0291195344914197,2.2485567868690746,14.565136464174437,down,up,up,down,0.0017767939850031,0.0051459866486816,-2.7590137506058423,-19.21773034172046,22.687
7.157,0.5139067204320451,0.0,2.2568625621988643,14.573237329391588,down,up,up,down,0.0017767939850031,0.0051459866486816,-2.7590137506058423,-19.21773034172046,22.703
7.172000000000001,0.5120958398521775,0.122502165976169,2.2646347712007264,14.580711305650176,down,up,up,down,0.0017767939850031,0.0051459866486816,-2.7590137506058423,-19.21773034172046,22.718
7.188000000000002,0.5103452514670153,0.1111885680576338,2.2728966357176597,14.588555274404527,down,up,up,down,0.0017767939850031,0.0051459866486816,-2.7590137506058423,-19.21773034172046,22.734
7.204000000000001,0.5094130508188783,0.0600393344935674,2.281137037922325,14.596267225025102,down,up,up,down,0.0017767939850031,0.0051459866486816,-2.7590137506058423,-19.21773034172046,22.75
7.219000000000001,0.5079924950508996,0.0964805118502479,2.2888447693160785,14.6033775677299,down,up,up,down,0.0017767939850031,0.0051459866486816,-2.7590137506058423,-19.21773034172046,22.765
7.234999999999999,0.5065930900935829,0.08923960381730761,2.2970437897836127,14.610834679266794,down,up,up,down,0.0017767939850031,0.0051459866486816,-2.7590137506058423,-19.21773034172046,22.781
7.25,0.5051448057125256,0.0983290860554836,2.304709013801889,14.617706739498992,down,up,up,down,0.0017767939850031,0.0051459866486816,-2.7590137506058423,-19.21773034172046,22.796
7.266000000000002,0.5027647406483489,0.150530860496034,2.312854625959156,14.624910450390601,down,up,up,down,0.0017767939850031,0.0051459866486816,-2.7590137506058423,-19.21773034172046,22.812
7.282,0.5005344884682952,0.1411675552383736,2.320963355578467,14.63198412654799,down,up,up,down,0.0017767939850031,0.0051459866486816,-2.7590137506058423,-19.21773034172046,22.828
7.297000000000001,0.4969513548540032,0.2406523682711251,2.328521689203115,14.63849819497122,down,up,up,down,0.0017767939850031,0.0051459866486816,-2.7590137506058423,-19.21773034172046,22.843
7.329000000000001,0.4933262916522434,0.1150600190399972,2.3445308031199725,14.652017795113437,down,up,up,down,0.0017767939850031,0.0051459866486816,-2.7590137506058423,-19.21773034172046,22.875
7.344000000000001,0.4857001955716953,0.5101831993548568,2.3519506915738826,14.658179390162324,down,up,up,down,0.0017767939850031,0.0051459866486816,-2.7590137506058423,-19.21773034172046,22.89
7.359999999999999,0.4808781518956628,0.30315452373706436,2.3597656541399994,14.664629879406306,down,up,up,down,0.0017767939850031,0.0051459866486816,-2.7590137506058423,-19.21773034172046,22.906
7.391000000000002,0.4732603287671306,0.2475130239376363,2.374714326176383,14.676774865980185,down,up,up,down,0.0017767939850031,0.0051459866486816,-2.7590137506058423,-19.21773034172046,22.937
7.407,0.4658865916841002,0.4626353616744577,2.382309837326371,14.682862892681854,down,up,up,down,0.0017767939850031,0.0051459866486816,-2.7590137506058423,-19.21773034172046,22.953
7.438000000000002,0.4593279993595693,0.2133442883246909,2.396810189073658,14.694315958541438,down,up,up,down,0.0017767939850031,0.0051459866486816,-2.7590137506058423,-19.21773034172046,22.984
7.454000000000001,0.4523297895178597,0.43916490909190276,2.4041857871710555,14.70005221074117,down,up,up,down,0.0017767939850031,0.0051459866486816,-2.7590137506058423,-19.21773034172046,23.0
7.469000000000001,0.4444124935591187,0.5295965245677179,2.4109885440938634,14.705323609515773,down,up,up,down,0.0017767939850031,0.0051459866486816,-2.7590137506058423,-19.21773034172046,23.015
7.484999999999999,0.4364335757737017,0.5004591555736229,2.418117648434904,14.710834979985236,down,up,up,down,0.0017767939850031,0.0051459866486816,-2.7590137506058423,-19.21773034172046,23.031
7.5,0.4286170356259582,0.5228794705012144,2.424682717820132,14.715899183497413,down,up,up,down,0.0017767939850031,0.0051459866486816,-2.7590137506058423,-19.21773034172046,23.046
7.516000000000002,0.4202502969807398,0.5246979593110958,2.431555992267365,14.721193493826405,down,up,up,down,0.0017767939850031,0.0051459866486816,-2.7590137506058423,-19.21773034172046,23.062
7.532,0.4121644836239291,0.5071401287857268,2.438297646298581,14.726378884727573,down,up,up,down,0.0017767939850031,0.0051459866486816,-2.7590137506058423,-19.21773034172046,23.078
7.547000000000001,0.4042955179603211,0.52637450489218,2.444498286110193,14.731143121493595,down,up,up,down,0.0017767939850031,0.0051459866486816,-2.7590137506058423,-19.21773034172046,23.093
7.563000000000002,0.3967617607932645,0.4726366169259892,2.450989080126601,14.736123442573394,down,up,up,down,0.0017767939850031,0.0051459866486816,-2.7590137506058423,-19.21773034172046,23.109
7.594000000000001,0.3897193256313755,0.22895212178788152,2.4633390625522917,14.74548078263065,down,up,up,down,0.0017767939850031,0.0051459866486816,-2.7590137506058423,-19.21773034172046,23.14
7.609999999999999,0.3828060047682342,0.4338593479313842,2.469601600981867,14.750161477332071,down,up,up,down,0.0017767939850031,0.0051459866486816,-2.7590137506058423,-19.21773034172046,23.156
7.625,0.3749948916783179,0.5225176666460722,2.4753622975049465,14.754459454352506,down,up,up,down,0.0017767939850031,0.0051459866486816,-2.7590137506058423,-19.21773034172046,23.171
7.641000000000002,0.3663276556388108,0.5434790464541319,2.481375213669863,14.7589497742728,down,up,up,down,0.0017767939850031,0.0051459866486816,-2.7590137506058423,-19.21773034172046,23.187
7.657,0.3581688052096297,0.5117049458088834,2.487253521143029,14.763344964403991,down,up,up,down,0.0017767939850031,0.0051459866486816,-2.7590137506058423,-19.21773034172046,23.203
7.672000000000001,0.3502254416155512,0.5313343669235453,2.4926436677939483,14.767380941746062,down,up,up,down,0.0017767939850031,0.0051459866486816,-2.7590137506058423,-19.21773034172046,23.218
7.688000000000002,0.3415902104789943,0.5414787400197523,2.498260528797084,14.77159792818302,down,up,up,down,0.0017767939850031,0.0051459866486816,-2.7590137506058423,-19.21773034172046,23.234
7.704000000000001,0.3348788168961984,0.42123889290978805,2.503754616802464,14.775726027027915,down,up,up,down,0.0017767939850031,0.0051459866486816,-2.7590137506058423,-19.21773034172046,23.25
7.719000000000001,0.3283105480442607,0.43966138411416855,2.508805726839248,14.779517030709691,down,up,up,down,0.0017767939850031,0.0051459866486816,-2.7590137506058423,-19.21773034172046,23.265
7.734999999999999,0.3209405392575455,0.46240234315475576,2.5140820713240406,14.783478148334076,down,up,up,down,0.0017767939850031,0.0051459866486816,-2.7590137506058423,-19.21773034172046,23.281
7.75,0.3132662501114414,0.5133960703919257,2.5189158120440385,14.7871158704679,down,up,up,down,0.0017767939850031,0.0051459866486816,-2.7590137506058423,-19.21773034172046,23.296
7.766000000000002,0.3058117650162817,0.4676821124324302,2.52395077195144,14.79091715780563,down,up,up,down,0.0017767939850031,0.0051459866486816,-2.7590137506058423,-19.21773034172046,23.312
7.782,0.298619530009061,0.4512914819363438,2.528868558098021,14.794638823174928,down,up,up,down,0.0017767939850031,0.0051459866486816,-2.7590137506058423,-19.21773034172046,23.328
7.797000000000001,0.2927103817967236,0.3957200081408185,2.5333807222362945,14.798057159831508,down,up,up,down,0.0017767939850031,0.0051459866486816,-2.7590137506058423,-19.21773034172046,23.343
7.829000000000001,0.2851103111525717,0.2392790016147501,2.5427905248962412,14.805126859896774,down,up,up,down,0.0017767939850031,0.0051459866486816,-2.7590137506058423,-19.21773034172046,23.375
7.844000000000001,0.2804278958178621,0.3139378162989638,2.5471092512482496,14.808337817834776,down,up,up,down,0.0017767939850031,0.0051459866486816,-2.7590137506058423,-19.21773034172046,23.39
7.859999999999999,0.2727242197712929,0.4832565468956302,2.5516168039593414,14.811692229402809,down,up,up,down,0.0017767939850031,0.0051459866486816,-2.7590137506058423,-19.21773034172046,23.406
7.875,0.265186614924719,0.5042837837565735,2.5557283250192917,14.814772347194555,down,up,up,down,0.0017767939850031,0.0051459866486816,-2.7590137506058423,-19.21773034172046,23.421
7.891000000000002,0.2599849240184024,0.3268824756297551,2.560012033117216,14.817990644339154,down,up,up,down,0.0017767939850031,0.0051459866486816,-2.7590137506058423,-19.21773034172046,23.437
7.907,0.2542976175343785,0.35723344923653816,2.564208629236017,14.821141099050024,down,up,up,down,0.0017767939850031,0.0051459866486816,-2.7590137506058423,-19.21773034172046,23.453
7.922000000000001,0.24869954491527219,0.3749816352587407,2.5680582977541198,14.824034303356683,down,up,up,down,0.0017767939850031,0.0051459866486816,-2.7590137506058423,-19.21773034172046,23.468
7.938000000000002,0.2438264262321663,0.30634671167908867,2.5720808413096785,14.827057410253865,down,up,up,down,0.0017767939850031,0.0051459866486816,-2.7590137506058423,-19.21773034172046,23.484
7.954000000000001,0.2372591450188057,0.412231869820085,2.576011861666065,14.830016888639754,down,up,up,down,0.0017767939850031,0.0051459866486816,-2.7590137506058423,-19.21773034172046,23.5
7.969000000000001,0.2306535942906418,0.4421468425292486,2.579598397010616,14.832735017958768,down,up,up,down,0.0017767939850031,0.0051459866486816,-2.7590137506058423,-19.21773034172046,23.515
7.984999999999999,0.2241821178256398,0.4062440730476734,2.5833194184939248,14.835575895444428,down,up,up,down,0.0017767939850031,0.0051459866486816,-2.7590137506058423,-19.21773034172046,23.531
8.0,0.2214602769992133,0.1832328490800934,2.5867389262548417,14.838185664117901,down,up,up,down,0.0017767939850031,0.0051459866486816,-2.7590137506058423,-19.21773034172046,23.546
8.016000000000002,0.2166462755925557,0.30265188190106646,2.590326114461955,14.84091336380186,down,up,up,down,0.0017767939850031,0.0051459866486816,-2.7590137506058423,-19.21773034172046,23.562
8.032,0.2119707083341584,0.2939997476348697,2.593837386119747,14.843584275806897,down,up,up,down,0.0017767939850031,0.0051459866486816,-2.7590137506058423,-19.21773034172046,23.578
8.047,0.2069037747070616,0.3395723691247742,2.597056134542287,14.846037780661021,down,up,up,down,0.0017767939850031,0.0051459866486816,-2.7590137506058423,-19.21773034172046,23.593
8.079,0.2027254471842674,0.1323495290723228,2.603774873665306,14.851112924549085,down,up,up,down,0.0017767939850031,0.0051459866486816,-2.7590137506058423,-19.21773034172046,23.625
8.094000000000001,0.1986303026479365,0.2747864297403836,2.6068622315887775,14.853418352518766,down,up,up,down,0.0017767939850031,0.0051459866486816,-2.7590137506058423,-19.21773034172046,23.64
8.11,0.194319034941218,0.27123102565494056,2.6100881620758694,14.855826969379144,down,up,up,down,0.0017767939850031,0.0051459866486816,-2.7590137506058423,-19.21773034172046,23.656
8.125,0.1896142745718503,0.31542748527617337,2.613044851696948,14.858038678034937,down,up,up,down,0.0017767939850031,0.0051459866486816,-2.7590137506058423,-19.21773034172046,23.671
8.141000000000002,0.186228033512382,0.2134168602017466,2.616133925948001,14.860349467823468,down,up,up,down,0.0017767939850031,0.0051459866486816,-2.7590137506058423,-19.21773034172046,23.687
8.157,0.1829015838969212,0.2096798949513261,2.619169298673654,14.86261126203619,down,up,up,down,0.0017767939850031,0.0051459866486816,-2.7590137506058423,-19.21773034172046,23.703
8.172,0.1799483151957428,0.19866137406355572,2.6219678627165792,14.864687939584847,down,up,up,down,0.0017767939850031,0.0051459866486816,-2.7590137506058423,-19.21773034172046,23.718
8.188000000000002,0.1736617118738603,0.3946895016026133,2.6248790787195153,14.866857384063053,down,up,up,down,0.0017767939850031,0.0051459866486816,-2.7590137506058423,-19.21773034172046,23.734
8.204,0.1693430531579896,0.27169296372695667,2.6277054526261487,14.86898092782198,down,up,up,down,0.0017767939850031,0.0051459866486816,-2.7590137506058423,-19.21773034172046,23.75
8.219000000000001,0.1646842687080507,0.3123624239809137,2.6302878473398743,14.870931184331319,down,up,up,down,0.0017767939850031,0.0051459866486816,-2.7590137506058423,-19.21773034172046,23.765
8.235,0.160205894745065,0.2816751666716383,2.6329693044338778,14.87296934712682,down,up,up,down,0.0017767939850031,0.0051459866486816,-2.7590137506058423,-19.21773034172046,23.781
8.25,0.1573068118958343,0.1950489839337154,2.6354278395334148,14.874841574806155,down,up,up,down,0.0017767939850031,0.0051459866486816,-2.7590137506058423,-19.21773034172046,23.796
8.266000000000002,0.1545732982979153,0.17262139385491881,2.638005216201344,14.876798330369972,down,up,up,down,0.0017767939850031,0.0051459866486816,-2.7590137506058423,-19.21773034172046,23.812
8.282,0.1517550507397462,0.1779172663705889,2.640538178780024,14.878714203219822,down,up,up,down,0.0017767939850031,0.0051459866486816,-2.7590137506058423,-19.21773034172046,23.828
8.297,0.1490678567540886,0.18092305969550582,2.642871540385958,14.88047383658516,down,up,up,down,0.0017767939850031,0.0051459866486816,-2.7590137506058423,-19.21773034172046,23.843
8.313000000000002,0.1469759973152626,0.1325180089116103,2.645322227004892,14.882312506455726,down,up,up,down,0.0017767939850031,0.0051459866486816,-2.7590137506058423,-19.21773034172046,23.859
8.344000000000001,0.1438696183617889,0.10198256667770901,2.6499898596339952,14.885764595381602,down,up,up,down,0.0017767939850031,0.0051459866486816,-2.7590137506058423,-19.21773034172046,23.89
8.36,0.1408959403073453,0.1876316723877483,2.652350319889727,14.887490093955108,down,up,up,down,0.0017767939850031,0.0051459866486816,-2.7590137506058423,-19.21773034172046,23.906
8.375,0.1379362184786963,0.1990915825615962,2.6545187508803525,14.889073782183424,down,up,up,down,0.0017767939850031,0.0051459866486816,-2.7590137506058423,-19.21773034172046,23.921
8.391000000000002,0.134052381324544,0.2445166161194948,2.6567769954651577,14.890727636222351,down,up,up,down,0.0017767939850031,0.0051459866486816,-2.7590137506058423,-19.21773034172046,23.937
8.407,0.1302223447954968,0.2411540770504745,2.6589735290604968,14.892345852035838,down,up,up,down,0.0017767939850031,0.0051459866486816,-2.7590137506058423,-19.21773034172046,23.953
8.422,0.1270041884098365,0.2163205530290192,2.660979917859267,14.893831407443031,down,up,up,down,0.0017767939850031,0.0051459866486816,-2.7590137506058423,-19.21773034172046,23.968
8.438000000000002,0.12407493705081579,0.1848550039237743,2.6630708866493316,14.895383221016658,down,up,up,down,0.0017767939850031,0.0051459866486816,-2.7590137506058423,-19.21773034172046,23.984
8.454,0.12288869604790159,0.0759168566671488,2.6651289315005,14.89690184248115,down,up,up,down,0.0017767939850031,0.0051459866486816,-2.7590137506058423,-19.21773034172046,24.0
8.469000000000001,0.12170160703504071,0.08091606150906071,2.667040548573352,14.898295777639682,down,up,up,down,0.0017767939850031,0.0051459866486816,-2.7590137506058423,-19.21773034172046,24.015
8.485,0.1195480084602653,0.1363767049084787,2.6690528812836933,14.899751250210521,down,up,up,down,0.0017767939850031,0.0051459866486816,-2.7590137506058423,-19.21773034172046,24.031
8.5,0.1161683721666708,0.22708588022462792,2.6708979439381255,14.901086825280444,down,up,up,down,0.0017767939850031,0.0051459866486816,-2.7590137506058423,-19.21773034172046,24.046
8.532,0.1128793557847149,0.10455855592112451,2.6747273791581057,14.90384526013029,down,up,up,down,0.0017767939850031,0.0051459866486816,-2.7590137506058423,-19.21773034172046,24.078
8.547,0.1104423634592475,0.1642429490161608,2.6764794818521658,14.905096414931798,down,up,up,down,0.0017767939850031,0.0051459866486816,-2.7590137506058423,-19.21773034172046,24.093
8.563000000000002,0.1078448601475638,0.1641207509652114,2.678308115427399,14.906402334163253,down,up,up,down,0.0017767939850031,0.0051459866486816,-2.7590137506058423,-19.21773034172046,24.109
8.579,0.1053006845585677,0.1607877682972775,2.680095615571427,14.90767932432496,down,up,up,down,0.0017767939850031,0.0051459866486816,-2.7590137506058423,-19.21773034172046,24.125
8.594000000000001,0.1030998308581452,0.1485003740131679,2.6817358092367827,14.908850794897987,down,up,up,down,0.0017767939850031,0.0051459866486816,-2.7590137506058423,-19.21773034172046,24.14
8.61,0.0998405695237636,0.2054806273838749,2.6834416682262168,14.91007359508798,down,up,up,down,0.0017767939850031,0.0051459866486816,-2.7590137506058423,-19.21773034172046,24.156
8.625,0.096647693153935,0.2146352186402328,2.6849925199960296,14.911195544935403,down,up,up,down,0.0017767939850031,0.0051459866486816,-2.7590137506058423,-19.21773034172046,24.171
8.641000000000002,0.0938256521739298,0.1781543552353127,2.686598642545032,14.91236703564477,down,up,up,down,0.0017767939850031,0.0051459866486816,-2.7590137506058423,-19.21773034172046,24.187
8.657,0.0910042519832803,0.17811430590061442,2.688159617564668,14.913513189573585,down,up,up,down,0.0017767939850031,0.0051459866486816,-2.7590137506058423,-19.21773034172046,24.203
8.672,0.088251666431427,0.1852824974418838,2.6895812267525088,14.914565339500292,down,up,up,down,0.0017767939850031,0.0051459866486816,-2.7590137506058423,-19.21773034172046,24.218
8.688000000000002,0.0855928953392499,0.16794998724605,2.691054319033053,14.9156644751437,down,up,up,down,0.0017767939850031,0.0051459866486816,-2.7590137506058423,-19.21773034172046,24.234
8.704,0.0826999929740299,0.1825831918112727,2.692482997925938,14.916740396617719,down,up,up,down,0.0017767939850031,0.0051459866486816,-2.7590137506058423,-19.21773034172046,24.25
8.719000000000001,0.0798669172327706,0.19064851006895261,2.693779439552219,14.917728634595719,down,up,up,down,0.0017767939850031,0.0051459866486816,-2.7590137506058423,-19.21773034172046,24.265
8.735,0.0781073734116244,0.1117482828066515,2.6951255696637535,14.918761614531682,down,up,up,down,0.0017767939850031,0.0051459866486816,-2.7590137506058423,-19.21773034172046,24.281
8.75,0.0761707801563034,0.1308830110064001,2.696359845615243,14.91971068017618,down,up,up,down,0.0017767939850031,0.0051459866486816,-2.7590137506058423,-19.21773034172046,24.296
8.766000000000002,0.0752390210410727,0.0600117386869147,2.697653459811201,14.920702793742464,down,up,up,down,0.0017767939850031,0.0051459866486816,-2.7590137506058423,-19.21773034172046,24.312
8.782,0.0743047202131226,0.0601705957318905,2.6989321455276136,14.921674328909447,down,up,up,down,0.0017767939850031,0.0051459866486816,-2.7590137506058423,-19.21773034172046,24.328
8.797,0.0729325174163566,0.0932569804360646,2.700113614609565,14.922566691967504,down,up,up,down,0.0017767939850031,0.0051459866486816,-2.7590137506058423,-19.21773034172046,24.343
8.829,0.0711222999308009,0.0583460904086172,2.702583163259877,14.924411983540978,down,up,up,down,0.0017767939850031,0.0051459866486816,-2.7590137506058423,-19.21773034172046,24.375
8.844000000000001,0.0693628751815094,0.1190717772711041,2.7037139918729496,14.925249961136572,down,up,up,down,0.0017767939850031,0.0051459866486816,-2.7590137506058423,-19.21773034172046,24.39
8.86,0.0679488250834907,0.0901549251111783,2.7048948212614485,14.92612531064119,down,up,up,down,0.0017767939850031,0.0051459866486816,-2.7590137506058423,-19.21773034172046,24.406
8.875,0.0667698584745011,0.0803745679176427,2.705982401187864,14.926928937731908,down,up,up,down,0.0017767939850031,0.0051459866486816,-2.7590137506058423,-19.21773034172046,24.421
8.891000000000002,0.0656136211292306,0.0740416280644002,2.7071238048110726,14.927768308093611,down,up,up,down,0.0017767939850031,0.0051459866486816,-2.7590137506058423,-19.21773034172046,24.437
8.907,0.064765294995011,0.0547971773737333,2.7082491719264454,14.928589544289402,down,up,up,down,0.0017767939850031,0.0051459866486816,-2.7590137506058423,-19.21773034172046,24.453
8.922,0.06305976940651441,0.1154784998847701,2.709285049709187,14.929343243886223,down,up,up,down,0.0017767939850031,0.0051459866486816,-2.7590137506058423,-19.21773034172046,24.468
8.938000000000002,0.0617623126097193,0.0828678437846915,2.710365962151696,14.930130255801032,down,up,up,down,0.0017767939850031,0.0051459866486816,-2.7590137506058423,-19.21773034172046,24.484
8.954,0.0605062488593954,0.0802807783802512,2.7114264464298277,14.930900136542071,down,up,up,down,0.0017767939850031,0.0051459866486816,-2.7590137506058423,-19.21773034172046,24.5
8.969000000000001,0.058250455007204494,0.1521630507977301,2.7123943115085574,14.93160668711662,down,up,up,down,0.0017767939850031,0.0051459866486816,-2.7590137506058423,-19.21773034172046,24.515
8.985,0.0563396101720972,0.1212045961792214,2.7133933678163706,14.93234460569171,down,up,up,down,0.0017767939850031,0.0051459866486816,-2.7590137506058423,-19.21773034172046,24.531
9.0,0.0550373680228108,0.08859293727075411,2.7143058849525628,14.93302206755503,down,up,up,down,0.0017767939850031,0.0051459866486816,-2.7590137506058423,-19.21773034172046,24.546
9.016000000000002,0.0545726830827817,0.0308196027368222,2.7152651011477866,14.933729719675917,down,up,up,down,0.0017767939850031,0.0051459866486816,-2.7590137506058423,-19.21773034172046,24.562
9.032,0.054101344792901,0.031235437102547697,2.7162168291571707,14.934422084243174,down,up,up,down,0.0017767939850031,0.0051459866486816,-2.7590137506058423,-19.21773034172046,24.578
9.063000000000002,0.0519487028856122,0.07121685551044331,2.718020130482297,14.935720837637547,down,up,up,down,0.0017767939850031,0.0051459866486816,-2.7590137506058423,-19.21773034172046,24.609
9.079,0.0504232674488527,0.09711650878248461,2.7189214420313514,14.936369525067128,down,up,up,down,0.0017767939850031,0.0051459866486816,-2.7590137506058423,-19.21773034172046,24.625
9.094000000000001,0.0503166924579439,0.0,2.7197541815303827,14.936964664149507,down,up,up,down,0.0017767939850031,0.0051459866486816,-2.7590137506058423,-19.21773034172046,24.64
9.11,0.0502057804963893,0.0,2.720640697100396,14.937585725130155,down,up,up,down,0.0017767939850031,0.0051459866486816,-2.7590137506058423,-19.21773034172046,24.656
9.125,0.0490758505992676,0.07710545379311251,2.721462499133344,14.93815515741749,down,up,up,down,0.0017767939850031,0.0051459866486816,-2.7590137506058423,-19.21773034172046,24.671
9.141000000000002,0.0481289499074133,0.060958087225891695,2.7223224733237763,14.93874909764753,down,up,up,down,0.0017767939850031,0.0051459866486816,-2.7590137506058423,-19.21773034172046,24.687
9.157,0.0471972714159019,0.0600066997044741,2.7231674188807418,14.93932939851959,down,up,up,down,0.0017767939850031,0.0051459866486816,-2.7590137506058423,-19.21773034172046,24.703
9.172,0.0464163991724433,0.0538349435489061,2.7244467112098842,14.939857498803,down,up,up,down,0.0017767939850031,0.0051459866486816,-2.7590137506058423,-19.21773034172046,24.718
9.188000000000002,0.0453915086201597,0.0658324535027214,2.7257635102586044,14.940400037040945,down,up,up,down,0.0017767939850031,0.0051459866486816,-2.7590137506058423,-19.21773034172046,24.734
9.204,0.0443805982399521,0.0649586927479862,2.727064022899864,14.940921636785369,down,up,up,down,0.0017767939850031,0.0051459866486816,-2.7590137506058423,-19.21773034172046,24.75
9.219000000000001,0.0427670543829741,0.10934638445019791,2.7282948200942663,14.941391651722,down,up,up,down,0.0017767939850031,0.0051459866486816,-2.7590137506058423,-19.21773034172046,24.765
9.235,0.0420407549290846,0.0471705098530998,2.7295556183551417,14.941873068224098,down,up,up,down,0.0017767939850031,0.0051459866486816,-2.7590137506058423,-19.21773034172046,24.781
9.25,0.0407949340694546,0.0848315179603324,2.730754075822361,14.942305951776852,down,up,up,down,0.0017767939850031,0.0051459866486816,-2.7590137506058423,-19.21773034172046,24.796
9.266000000000002,0.0395780803976819,0.077830148470789,2.7319793957244767,14.942748304014174,down,up,up,down,0.0017767939850031,0.0051459866486816,-2.7590137506058423,-19.21773034172046,24.812
9.282,0.0373039132142025,0.1439122429524807,2.7331767874597506,14.943171274558395,down,up,up,down,0.0017767939850031,0.0051459866486816,-2.7590137506058423,-19.21773034172046,24.828
9.313000000000002,0.0367746264217068,0.0188505614848648,2.7349845304102165,14.943944200400189,down,up,up,down,0.0017767939850031,0.0051459866486816,-2.7590137506058423,-19.21773034172046,24.859
9.329,0.0362815673305885,0.0325929871799,2.7361513157466137,14.944319333640628,down,up,up,down,0.0017767939850031,0.0051459866486816,-2.7590137506058423,-19.21773034172046,24.875
9.344000000000001,0.034385884338759,0.1281556601069661,2.737258511433864,14.944653966195865,down,up,up,down,0.0017767939850031,0.0051459866486816,-2.7590137506058423,-19.21773034172046,24.89
9.36,0.0342429365639684,0.010711029909411201,2.7383898777874647,14.944992999091788,down,up,up,down,0.0017767939850031,0.0051459866486816,-2.7590137506058423,-19.21773034172046,24.906
9.375,0.0330488817527871,0.08138044806375261,2.7394717562245705,14.945294243095788,down,up,up,down,0.0017767939850031,0.0051459866486816,-2.7590137506058423,-19.21773034172046,24.921
9.391000000000002,0.03285851892978,0.0136744704229459,2.7405813512164103,14.945598038245954,down,up,up,down,0.0017767939850031,0.0051459866486816,-2.7590137506058423,-19.21773034172046,24.937
9.407,0.0328635309764244,0.0,2.7416894634020386,14.945884091738698,down,up,up,down,0.0017767939850031,0.0051459866486816,-2.7590137506058423,-19.21773034172046,24.953
9.422,0.0328580310588062,0.0,2.742759564917033,14.946135930285394,down,up,up,down,0.0017767939850031,0.0051459866486816,-2.7590137506058423,-19.21773034172046,24.968
9.454,0.0320213582529387,0.0279228191683631,2.7444623067187788,14.946628820358605,down,up,up,down,0.0017767939850031,0.0051459866486816,-2.7590137506058423,-19.21773034172046,25.0
9.469000000000001,0.0311946153243809,0.0568929892221861,2.745513616320339,14.946839207194898,down,up,up,down,0.0017767939850031,0.0051459866486816,-2.7590137506058423,-19.21773034172046,25.015
9.485,0.030225065710434103,0.0623736448566845,2.746587309554996,14.94704661979759,down,up,up,down,0.0017767939850031,0.0051459866486816,-2.7590137506058423,-19.21773034172046,25.031
9.5,0.028399959609959703,0.1234505340166232,2.7476041870446295,14.947225389832177,down,up,up,down,0.0017767939850031,0.0051459866486816,-2.7590137506058423,-19.21773034172046,25.046
9.516000000000002,0.026669580896845298,0.109925463554643,2.748627079155063,14.947399759712276,down,up,up,down,0.0017767939850031,0.0051459866486816,-2.7590137506058423,-19.21773034172046,25.062
9.532,0.0262529619698881,0.0278154769198317,2.7496327952843758,14.947557900726451,down,up,up,down,0.0017767939850031,0.0051459866486816,-2.7590137506058423,-19.21773034172046,25.078
9.547,0.026911244146148698,0.0421086844323703,2.7506087166299764,14.94769129564618,down,up,up,down,0.0017767939850031,0.0051459866486816,-2.7590137506058423,-19.21773034172046,25.093
9.579,0.026987981846938,0.0,2.7521357758186236,14.947935823786388,down,up,up,down,0.0017767939850031,0.0051459866486816,-2.7590137506058423,-19.21773034172046,25.125
9.594000000000001,0.0270359292808812,0.0,2.7531181449518125,14.9480316256397,down,up,up,down,0.0017767939850031,0.0051459866486816,-2.7590137506058423,-19.21773034172046,25.14
9.61,0.026409340189911,0.040938612170647495,2.7541280428939574,14.948117876146625,down,up,up,down,0.0017767939850031,0.0051459866486816,-2.7590137506058423,-19.21773034172046,25.156
9.625,0.0254906685670572,0.0630215688419174,2.755094482759365,14.94818391346331,down,up,up,down,0.0017767939850031,0.0051459866486816,-2.7590137506058423,-19.21773034172046,25.171
9.641000000000002,0.0246310403819851,0.055503555552004896,2.7560777922173365,14.948238755273188,down,up,up,down,0.0017767939850031,0.0051459866486816,-2.7590137506058423,-19.21773034172046,25.187
9.657,0.0239652948350599,0.0433858906678341,2.7570488986854516,14.948277961755657,down,up,up,down,0.0017767939850031,0.0051459866486816,-2.7590137506058423,-19.21773034172046,25.203
9.672,0.023093761338490202,0.0598790270896445,2.7579790314064834,14.948300458539059,down,up,up,down,0.0017767939850031,0.0051459866486816,-2.7590137506058423,-19.21773034172046,25.218
9.688000000000002,0.022236733425764,0.055341038530386896,2.7589240111509765,14.948309454208292,down,up,up,down,0.0017767939850031,0.0051459866486816,-2.7590137506058423,-19.21773034172046,25.234
9.719000000000001,0.0217584566228534,0.0172050779498608,2.7592654621828387,14.948306943640397,down,up,up,down,0.0017767939850031,0.0051459866486816,-2.7590137506058423,-19.21773034172046,25.265
