timestamps,aAcc,aJerk,aVelocity,aHeight,jerks_direction,accelerations_direction,velocities_direction,heights_direction,start_jerks,start_accelerations,start_velocities,start_heights,actual_timestamps
0.0,0.0,0.0,0.0,0.0,down,up,up,down,0.0997479274817968,0.0038462620967489,-2.7244352625402706,-14.427329021463118,13.375
0.031000000000000583,0.0,0.0722000987577433,0.0,0.08445543984047177,down,up,up,down,0.0997479274817968,0.0038462620967489,-2.7244352625402706,-14.427329021463118,13.406
0.0470000000000006,0.0,0.047900902658382,0.0,0.12804362978472206,down,up,up,down,0.0997479274817968,0.0038462620967489,-2.7244352625402706,-14.427329021463118,13.422
0.06199999999999939,0.0,0.1456768569981742,0.0,0.16890636070528586,down,up,up,down,0.0997479274817968,0.0038462620967489,-2.7244352625402706,-14.427329021463118,13.437
0.0779999999999994,0.0,0.1108058834735635,0.0,0.212492043140454,down,up,up,down,0.0997479274817968,0.0038462620967489,-2.7244352625402706,-14.427329021463118,13.453
0.09299999999999997,0.0,0.1128822856576813,0.0,0.25335253652479217,down,up,up,down,0.0997479274817968,0.0038462620967489,-2.7244352625402706,-14.427329021463118,13.468
0.10899999999999999,0.0,0.047603440954224696,0.0,0.2969358897882426,down,up,up,down,0.0997479274817968,0.0038462620967489,-2.7244352625402706,-14.427329021463118,13.484
0.125,0.0,0.013616771496804903,0.0,0.34051785113385336,down,up,up,down,0.0997479274817968,0.0038462620967489,-2.7244352625402706,-14.427329021463118,13.5
0.14000000000000057,0.0,0.015305134561704403,0.0,0.3813743983882496,down,up,up,down,0.0997479274817968,0.0038462620967489,-2.7244352625402706,-14.427329021463118,13.515
0.1720000000000006,0.0,0.1174542799671217,0.0,0.46852935420691644,down,up,up,down,0.0997479274817968,0.0038462620967489,-2.7244352625402706,-14.427329021463118,13.547
0.1869999999999994,0.0,0.2286191860958714,0.0,0.5093806792619056,down,up,up,down,0.0997479274817968,0.0038462620967489,-2.7244352625402706,-14.427329021463118,13.562
0.2029999999999994,0.0,0.2142374197630079,0.0,0.5529540765577963,down,up,up,down,0.0997479274817968,0.0038462620967489,-2.7244352625402706,-14.427329021463118,13.578
0.21799999999999997,0.0,0.236961322926301,0.0,0.5938033020226055,down,up,up,down,0.0997479274817968,0.0038462620967489,-2.7244352625402706,-14.427329021463118,13.593
0.23399999999999999,0.0,0.07365956456761849,0.0,0.6373752730241229,down,up,up,down,0.0997479274817968,0.0038462620967489,-2.7244352625402706,-14.427329021463118,13.609
0.26500000000000057,0.0,0.08684952735518829,0.0,0.7217944847077735,down,up,up,down,0.0997479274817968,0.0038462620967489,-2.7244352625402706,-14.427329021463118,13.64
0.2810000000000006,0.0,0.0899713859415784,0.0,0.7653648378602878,down,up,up,down,0.0997479274817968,0.0038462620967489,-2.7244352625402706,-14.427329021463118,13.656
0.2970000000000006,0.0,0.0915779255789006,0.0,0.8089345449889951,down,up,up,down,0.0997479274817968,0.0038462620967489,-2.7244352625402706,-14.427329021463118,13.672
0.3279999999999994,0.0,0.0778463185618155,0.0,0.8933487673394733,down,up,up,down,0.0997479274817968,0.0038462620967489,-2.7244352625402706,-14.427329021463118,13.703
0.34299999999999997,0.0,0.1148958775565304,0.0,0.9341932983372256,down,up,up,down,0.0997479274817968,0.0038462620967489,-2.7244352625402706,-14.427329021463118,13.718
0.359,0.0,0.1127811240064778,0.0,0.9777600259039883,down,up,up,down,0.0997479274817968,0.0038462620967489,-2.7244352625402706,-14.427329021463118,13.734
0.375,0.0,0.1608928777787619,0.0,1.0213260593448865,down,up,up,down,0.0997479274817968,0.0038462620967489,-2.7244352625402706,-14.427329021463118,13.75
0.39000000000000057,0.0,0.014064332648392297,0.0,1.0621686132754906,down,up,up,down,0.0997479274817968,0.0038462620967489,-2.7244352625402706,-14.427329021463118,13.765
0.4060000000000006,0.0,0.0,0.0,1.1057331017669139,down,up,up,down,0.0997479274817968,0.0038462620967489,-2.7244352625402706,-14.427329021463118,13.781
0.4220000000000006,0.0,0.0675828856864235,0.0,1.1492963157021308,down,up,up,down,0.0997479274817968,0.0038462620967489,-2.7244352625402706,-14.427329021463118,13.797
0.4369999999999994,0.0,0.0532457735357186,0.0,1.1901354787688376,down,up,up,down,0.0997479274817968,0.0038462620967489,-2.7244352625402706,-14.427329021463118,13.812
0.4529999999999994,0.0,0.056942158553896394,0.0,1.2336956466550344,down,up,up,down,0.0997479274817968,0.0038462620967489,-2.7244352625402706,-14.427329021463118,13.828
0.46799999999999997,0.0,0.014854256967296198,0.0,1.2745315853927686,down,up,up,down,0.0997479274817968,0.0038462620967489,-2.7244352625402706,-14.427329021463118,13.843
0.5,0.0,0.1695317330254184,0.0,1.361642360945547,down,up,up,down,0.0997479274817968,0.0038462620967489,-2.7244352625402706,-14.427329021463118,13.875
0.5150000000000006,0.0,0.1880559400909737,0.0,1.4024730033245358,down,up,up,down,0.0997479274817968,0.0038462620967489,-2.7244352625402706,-14.427329021463118,13.89
0.5310000000000006,0.0,0.1768939217386964,0.0,1.4460243701152837,down,up,up,down,0.0997479274817968,0.0038462620967489,-2.7244352625402706,-14.427329021463118,13.906
0.5470000000000006,0.0,0.1646902295774353,0.0,1.4895746799516587,down,up,up,down,0.0997479274817968,0.0038462620967489,-2.7244352625402706,-14.427329021463118,13.922
0.5619999999999994,0.0,0.1618986992903722,0.0,1.5304023785238883,down,up,up,down,0.0997479274817968,0.0038462620967489,-2.7244352625402706,-14.427329021463118,13.937
0.5779999999999994,0.0,0.1571342155317621,0.0,1.5739514035689073,down,up,up,down,0.0997479274817968,0.0038462620967489,-2.7244352625402706,-14.427329021463118,13.953
0.593,0.0,0.0,0.0,1.6147781994386978,down,up,up,down,0.0997479274817968,0.0038462620967489,-2.7244352625402706,-14.427329021463118,13.968
0.609,0.0,0.0423603892214519,0.0,1.6583261494691168,down,up,up,down,0.0997479274817968,0.0038462620967489,-2.7244352625402706,-14.427329021463118,13.984
0.625,0.0,0.0427053371994112,0.0,1.7018731811614796,down,up,up,down,0.0997479274817968,0.0038462620967489,-2.7244352625402706,-14.427329021463118,14.0
0.6400000000000006,0.0,0.0366257439461119,0.0,1.7426974783178881,down,up,up,down,0.0997479274817968,0.0038462620967489,-2.7244352625402706,-14.427329021463118,14.015
0.6560000000000006,0.0,0.1779293173258531,0.0,1.786242181010726,down,up,up,down,0.0997479274817968,0.0038462620967489,-2.7244352625402706,-14.427329021463118,14.031
0.6720000000000006,0.0,0.1272681597096479,0.0,1.8297857573305958,down,up,up,down,0.0997479274817968,0.0038462620967489,-2.7244352625402706,-14.427329021463118,14.047
0.7029999999999994,0.0,0.0994552523093266,0.0,1.914148642749785,down,up,up,down,0.0997479274817968,0.0038462620967489,-2.7244352625402706,-14.427329021463118,14.078
0.718,0.0,0.1792247391744703,0.0,1.9549681626027056,down,up,up,down,0.0997479274817968,0.0038462620967489,-2.7244352625402706,-14.427329021463118,14.093
0.734,0.0,0.055105489874085395,0.0,1.9985082282221551,down,up,up,down,0.0997479274817968,0.0038462620967489,-2.7244352625402706,-14.427329021463118,14.109
0.7650000000000006,0.0,0.0933894906652461,0.0,2.082864751174723,down,up,up,down,0.0997479274817968,0.0038462620967489,-2.7244352625402706,-14.427329021463118,14.14
0.7810000000000006,0.0,0.0843298553458992,0.0,2.1264022999353624,down,up,up,down,0.0997479274817968,0.0038462620967489,-2.7244352625402706,-14.427329021463118,14.156
0.7970000000000006,0.0,0.1318567592242246,0.0,2.1699389419903614,down,up,up,down,0.0997479274817968,0.0038462620967489,-2.7244352625402706,-14.427329021463118,14.172
0.8119999999999994,0.0,0.0656381428192326,0.0,2.210753736084248,down,up,up,down,0.0997479274817968,0.0038462620967489,-2.7244352625402706,-14.427329021463118,14.187
0.8279999999999994,0.0,0.1733517111948133,0.0,2.2542886975218135,down,up,up,down,0.0997479274817968,0.0038462620967489,-2.7244352625402706,-14.427329021463118,14.203
0.843,0.0,0.17659036086454488,0.0,2.295102124665844,down,up,up,down,0.0997479274817968,0.0038462620967489,-2.7244352625402706,-14.427329021463118,14.218
0.859,0.0,0.1604670690044105,0.0,2.338636092886352,down,up,up,down,0.0997479274817968,0.0038462620967489,-2.7244352625402706,-14.427329021463118,14.234
0.875,0.0,0.1093446365563187,0.0,2.3821698991821467,down,up,up,down,0.0997479274817968,0.0038462620967489,-2.7244352625402706,-14.427329021463118,14.25
0.8900000000000006,0.0,0.1066906532231881,0.0,2.4229827754126294,down,up,up,down,0.0997479274817968,0.0038462620967489,-2.7244352625402706,-14.427329021463118,14.265
0.9060000000000006,0.0,0.0787503913950437,0.0,2.466516440064117,down,up,up,down,0.0997479274817968,0.0038462620967489,-2.7244352625402706,-14.427329021463118,14.281
0.9220000000000006,0.0,0.0678928555722934,0.0,2.5100499639844234,down,up,up,down,0.0997479274817968,0.0038462620967489,-2.7244352625402706,-14.427329021463118,14.297
0.9529999999999994,0.0,0.0833019176156796,0.0,2.5943953671516926,down,up,up,down,0.0997479274817968,0.0038462620967489,-2.7244352625402706,-14.427329021463118,14.328
0.968,0.0,0.1100484888237509,0.0,2.6352072005613056,down,up,up,down,0.0997479274817968,0.0038462620967489,-2.7244352625402706,-14.427329021463118,14.343
0.984,0.0,0.2504592021369542,0.0,2.678739627840317,down,up,up,down,0.0997479274817968,0.0038462620967489,-2.7244352625402706,-14.427329021463118,14.359
1.0,0.0,0.24866638005238662,0.0,2.722272319544045,down,up,up,down,0.0997479274817968,0.0038462620967489,-2.7244352625402706,-14.427329021463118,14.375
1.0150000000000006,0.0,0.032159934028929,0.0,2.7630848138225286,down,up,up,down,0.0997479274817968,0.0038462620967489,-2.7244352625402706,-14.427329021463118,14.39
1.0310000000000006,0.0,0.0812792620538127,0.0,2.8066187803911955,down,up,up,down,0.0997479274817968,0.0038462620967489,-2.7244352625402706,-14.427329021463118,14.406
1.0470000000000006,0.0,0.0800069773058131,0.0,2.850153286702044,down,up,up,down,0.0997479274817968,0.0038462620967489,-2.7244352625402706,-14.427329021463118,14.422
1.0619999999999994,0.0,0.138459275461414,0.0,2.8909673559248947,down,up,up,down,0.0997479274817968,0.0038462620967489,-2.7244352625402706,-14.427329021463118,14.437
1.0779999999999994,0.0,0.022241658994004404,0.0,2.934502793149859,down,up,up,down,0.0997479274817968,0.0038462620967489,-2.7244352625402706,-14.427329021463118,14.453
1.093,0.0,0.029783956583257706,0.0,2.975317372512725,down,up,up,down,0.0997479274817968,0.0038462620967489,-2.7244352625402706,-14.427329021463118,14.468
1.125,0.0,0.1007953741382626,0.0,3.0623875764537996,down,up,up,down,0.0997479274817968,0.0038462620967489,-2.7244352625402706,-14.427329021463118,14.5
1.1400000000000006,0.0,0.1082827317207874,0.0,3.1032012149652157,down,up,up,down,0.0997479274817968,0.0038462620967489,-2.7244352625402706,-14.427329021463118,14.515
1.1560000000000006,0.0,0.1036292772774725,0.0,3.14673542296409,down,up,up,down,0.0997479274817968,0.0038462620967489,-2.7244352625402706,-14.427329021463118,14.531
1.1720000000000006,0.0,0.1956842870302064,0.0,3.1902693942454956,down,up,up,down,0.0997479274817968,0.0038462620967489,-2.7244352625402706,-14.427329021463118,14.547
1.1869999999999994,0.0,0.032412510536541,0.0,3.231082399693202,down,up,up,down,0.0997479274817968,0.0038462620967489,-2.7244352625402706,-14.427329021463118,14.562
1.218,0.0,0.068749736881102,0.0,3.3154286166215083,down,up,up,down,0.0997479274817968,0.0038462620967489,-2.7244352625402706,-14.427329021463118,14.593
1.234,0.0,0.07876978923249109,0.0,3.3589615955517385,down,up,up,down,0.0997479274817968,0.0038462620967489,-2.7244352625402706,-14.427329021463118,14.609
1.25,0.0,0.019953826359109195,0.0,3.402493985731857,down,up,up,down,0.0997479274817968,0.0038462620967489,-2.7244352625402706,-14.427329021463118,14.625
1.2650000000000006,0.0,0.0,0.0,3.4433048202666203,down,up,up,down,0.0997479274817968,0.0038462620967489,-2.7244352625402706,-14.427329021463118,14.64
1.2810000000000006,0.0,0.011478222375460603,0.0,3.4868351872943197,down,up,up,down,0.0997479274817968,0.0038462620967489,-2.7244352625402706,-14.427329021463118,14.656
1.2970000000000006,0.0,0.07892019798072519,0.0,3.5303640377326833,down,up,up,down,0.0997479274817968,0.0038462620967489,-2.7244352625402706,-14.427329021463118,14.672
1.3119999999999994,0.0,0.0733497720849422,0.0,3.571170815168456,down,up,up,down,0.0997479274817968,0.0038462620967489,-2.7244352625402706,-14.427329021463118,14.687
1.343,0.0,0.0526955924903949,0.0,3.6554995812530127,down,up,up,down,0.0997479274817968,0.0038462620967489,-2.7244352625402706,-14.427329021463118,14.718
1.359,0.0,0.07020391219225709,0.0,3.699020960971696,down,up,up,down,0.0997479274817968,0.0038462620967489,-2.7244352625402706,-14.427329021463118,14.734
1.375,0.0,0.06457810850180042,0.0,3.742539504591919,down,up,up,down,0.0997479274817968,0.0038462620967489,-2.7244352625402706,-14.427329021463118,14.75
1.3900000000000006,0.0107047604563544,0.0450283839467937,0.0,3.783335058540919,down,up,up,down,0.0997479274817968,0.0038462620967489,-2.7244352625402706,-14.427329021463118,14.765
1.4060000000000006,0.0114238222511692,0.054806565305876,0.0,3.8268467106605595,down,up,up,down,0.0997479274817968,0.0038462620967489,-2.7244352625402706,-14.427329021463118,14.781
1.4220000000000006,0.013263488830995498,0.015231233757351303,0.0,3.870354381919894,down,up,up,down,0.0997479274817968,0.0038462620967489,-2.7244352625402706,-14.427329021463118,14.797
1.4369999999999994,0.015012105295895199,0.0168265035115229,0.0,3.911138857728753,down,up,up,down,0.0997479274817968,0.0038462620967489,-2.7244352625402706,-14.427329021463118,14.812
1.4529999999999994,0.0154748521998265,0.0708262459860886,0.0,3.9546376970176116,down,up,up,down,0.0997479274817968,0.0038462620967489,-2.7244352625402706,-14.427329021463118,14.828
1.468,0.0170552030742482,0.0,0.0,3.99541330556192,down,up,up,down,0.0997479274817968,0.0038462620967489,-2.7244352625402706,-14.427329021463118,14.843
1.5,0.0195862749703207,0.0206519307295316,0.0,4.082385094242332,down,up,up,down,0.0997479274817968,0.0038462620967489,-2.7244352625402706,-14.427329021463118,14.875
1.5150000000000006,0.021538856686334,0.030424186919085813,0.0,4.123145054112863,down,up,up,down,0.0997479274817968,0.0038462620967489,-2.7244352625402706,-14.427329021463118,14.89
1.5310000000000006,0.0234900030762031,0.022198721885025002,0.0,4.166616041413507,down,up,up,down,0.0997479274817968,0.0038462620967489,-2.7244352625402706,-14.427329021463118,14.906
1.5470000000000006,0.0260462163241915,0.060015400517476905,0.0,4.210079991905987,down,up,up,down,0.0997479274817968,0.0038462620967489,-2.7244352625402706,-14.427329021463118,14.922
1.5619999999999994,0.0262988995299694,0.0829023804299375,0.0,4.250820634650813,down,up,up,down,0.0997479274817968,0.0038462620967489,-2.7244352625402706,-14.427329021463118,14.937
1.5779999999999994,0.0287150264784693,0.0512600067994473,0.0,4.29426970477409,down,up,up,down,0.0997479274817968,0.0038462620967489,-2.7244352625402706,-14.427329021463118,14.953
1.593,0.031040623058036298,0.055291844489330014,0.0,4.334995651667873,down,up,up,down,0.0997479274817968,0.0038462620967489,-2.7244352625402706,-14.427329021463118,14.968
1.609,0.031480874292512395,0.0722322253270401,0.010186779111904354,4.3784281211001055,down,up,up,down,0.0997479274817968,0.0038462620967489,-2.7244352625402706,-14.427329021463118,14.984
1.625,0.0329469904117375,0.0,0.010763742223086403,4.421851481130071,down,up,up,down,0.0997479274817968,0.0038462620967489,-2.7244352625402706,-14.427329021463118,15.0
1.6400000000000006,0.034289583858141695,0.010241697721520601,0.011325710461561833,4.462552339173042,down,up,up,down,0.0997479274817968,0.0038462620967489,-2.7244352625402706,-14.427329021463118,15.015
1.6560000000000006,0.036659977384536205,0.04840166791786339,0.011954847145050795,4.505957058912832,down,up,up,down,0.0997479274817968,0.0038462620967489,-2.7244352625402706,-14.427329021463118,15.031
1.6720000000000006,0.0385307537830446,0.017175597424978803,0.012617913187940033,4.549351441030813,down,up,up,down,0.0997479274817968,0.0038462620967489,-2.7244352625402706,-14.427329021463118,15.047
1.6869999999999994,0.0403864812060242,0.023967234050184402,0.013267486381809412,4.590023829472139,down,up,up,down,0.0997479274817968,0.0038462620967489,-2.7244352625402706,-14.427329021463118,15.062
1.7029999999999994,0.0451414115123257,0.1974352166620451,0.01401324971710416,4.633396547783994,down,up,up,down,0.0997479274817968,0.0038462620967489,-2.7244352625402706,-14.427329021463118,15.078
1.734,0.047619315017025,0.019815556362464792,0.01557027510330844,4.717395496288026,down,up,up,down,0.0997479274817968,0.0038462620967489,-2.7244352625402706,-14.427329021463118,15.109
1.75,0.050594541929639206,0.0862037545565907,0.01641752615242975,4.760730558078626,down,up,up,down,0.0997479274817968,0.0038462620967489,-2.7244352625402706,-14.427329021463118,15.125
1.7650000000000006,0.0534816493817214,0.09272590265700952,0.017255791518716368,4.801344537134197,down,up,up,down,0.0997479274817968,0.0038462620967489,-2.7244352625402706,-14.427329021463118,15.14
1.7810000000000006,0.0573360745288181,0.14115364421174442,0.018203873503548795,4.844651824014663,down,up,up,down,0.0997479274817968,0.0038462620967489,-2.7244352625402706,-14.427329021463118,15.156
1.7970000000000006,0.0603147239119953,0.0864176589667753,0.019206620084622816,4.8879435042666035,down,up,up,down,0.0997479274817968,0.0038462620967489,-2.7244352625402706,-14.427329021463118,15.172
1.8119999999999994,0.0631756012936382,0.09097723129441711,0.020190491455116533,4.928514554868157,down,up,up,down,0.0997479274817968,0.0038462620967489,-2.7244352625402706,-14.427329021463118,15.187
1.8279999999999994,0.0681432892180638,0.21073256779480232,0.021302582772757983,4.9717735744749785,down,up,up,down,0.0997479274817968,0.0038462620967489,-2.7244352625402706,-14.427329021463118,15.203
1.843,0.07302359853729179,0.22560602713339112,0.022419028362374416,5.012312191329572,down,up,up,down,0.0997479274817968,0.0038462620967489,-2.7244352625402706,-14.427329021463118,15.218
1.859,0.0759371606850881,0.082349706755469,0.02367225462970124,5.055534425266282,down,up,up,down,0.0997479274817968,0.0038462620967489,-2.7244352625402706,-14.427329021463118,15.234
1.875,0.0795568026308065,0.1264796941256029,0.024977746529776468,5.098736189457652,down,up,up,down,0.0997479274817968,0.0038462620967489,-2.7244352625402706,-14.427329021463118,15.25
1.8900000000000006,0.08103325351664209,0.0,0.026239865882333735,5.139218586302663,down,up,up,down,0.0997479274817968,0.0038462620967489,-2.7244352625402706,-14.427329021463118,15.265
1.9060000000000006,0.08248478856686249,0.0,0.027609550412549755,5.18237875517295,down,up,up,down,0.0997479274817968,0.0038462620967489,-2.7244352625402706,-14.427329021463118,15.281
1.9220000000000006,0.0847139091477392,0.039572108822993904,0.02900868018781466,5.22551677352879,down,up,up,down,0.0997479274817968,0.0038462620967489,-2.7244352625402706,-14.427329021463118,15.297
1.9369999999999994,0.08796757294452999,0.1171629923042752,0.03036148523495763,5.265938026226221,down,up,up,down,0.0997479274817968,0.0038462620967489,-2.7244352625402706,-14.427329021463118,15.312
1.9529999999999994,0.0911265143061045,0.09768590761660699,0.031855778126510526,5.309031252319974,down,up,up,down,0.0997479274817968,0.0038462620967489,-2.7244352625402706,-14.427329021463118,15.328
1.968,0.0945240846345073,0.12675676107838268,0.0333058515500162,5.349409069035508,down,up,up,down,0.0997479274817968,0.0038462620967489,-2.7244352625402706,-14.427329021463118,15.343
2.0,0.0998401854707148,0.06638022364968689,0.036538760258795655,5.435473483647852,down,up,up,down,0.0997479274817968,0.0038462620967489,-2.7244352625402706,-14.427329021463118,15.375
2.0150000000000006,0.1050567859883174,0.2480254403583662,0.038133181476189826,5.475779973022947,down,up,up,down,0.0997479274817968,0.0038462620967489,-2.7244352625402706,-14.427329021463118,15.39
2.0310000000000006,0.1089021733773575,0.14058878433320643,0.03990639334466284,5.518746620625025,down,up,up,down,0.0997479274817968,0.0038462620967489,-2.7244352625402706,-14.427329021463118,15.406
2.0470000000000006,0.1126864625777487,0.13677014754265288,0.041740642625851976,5.561684408537905,down,up,up,down,0.0997479274817968,0.0038462620967489,-2.7244352625402706,-14.427329021463118,15.422
2.0619999999999994,0.1166198152765752,0.16247558577332782,0.04351813364121071,5.601911496654003,down,up,up,down,0.0997479274817968,0.0038462620967489,-2.7244352625402706,-14.427329021463118,15.437
2.0779999999999994,0.1204679188001343,0.1407585427406487,0.045476375707372174,5.644790504779854,down,up,up,down,0.0997479274817968,0.0038462620967489,-2.7244352625402706,-14.427329021463118,15.453
2.093,0.1226371238712343,0.0448657439248621,0.047357357458858385,5.684960780719214,down,up,up,down,0.0997479274817968,0.0038462620967489,-2.7244352625402706,-14.427329021463118,15.468
2.109,0.1276069068380199,0.2108635079423048,0.04942084989808082,5.727777519261005,down,up,up,down,0.0997479274817968,0.0038462620967489,-2.7244352625402706,-14.427329021463118,15.484
2.1400000000000006,0.1338205427411694,0.1006919403617315,0.05359220949155752,5.810638309979213,down,up,up,down,0.0997479274817968,0.0038462620967489,-2.7244352625402706,-14.427329021463118,15.515
2.1560000000000006,0.138584348124514,0.19798990897723623,0.055832988812031026,5.853353872593432,down,up,up,down,0.0997479274817968,0.0038462620967489,-2.7244352625402706,-14.427329021463118,15.531
2.1720000000000006,0.1431778442166554,0.18734557827704262,0.058148626544308524,5.896032983871224,down,up,up,down,0.0997479274817968,0.0038462620967489,-2.7244352625402706,-14.427329021463118,15.547
2.1869999999999994,0.14538853697131068,0.047631589495231094,0.06037056833466936,5.9360106188477335,down,up,up,down,0.0997479274817968,0.0038462620967489,-2.7244352625402706,-14.427329021463118,15.562
2.2029999999999994,0.14975360506030638,0.17306882808043594,0.0627932456644702,5.978616272536383,down,up,up,down,0.0997479274817968,0.0038462620967489,-2.7244352625402706,-14.427329021463118,15.578
2.234,0.1516903512136719,0.0372722451151698,0.06758486111171624,6.061052905020103,down,up,up,down,0.0997479274817968,0.0038462620967489,-2.7244352625402706,-14.427329021463118,15.609
2.25,0.1555877165164415,0.14383740394130468,0.07010462584710497,6.103542353325077,down,up,up,down,0.0997479274817968,0.0038462620967489,-2.7244352625402706,-14.427329021463118,15.625
2.2650000000000006,0.161503560198451,0.2946416513188203,0.07254050435391779,6.143339043786673,down,up,up,down,0.0997479274817968,0.0038462620967489,-2.7244352625402706,-14.427329021463118,15.64
2.2970000000000006,0.1683907116283195,0.11547555470159392,0.07794189309024224,6.2281132538288535,down,up,up,down,0.0997479274817968,0.0038462620967489,-2.7244352625402706,-14.427329021463118,15.672
2.3119999999999994,0.1719411882083684,0.13695051118815038,0.08055207627046856,6.267791077996749,down,up,up,down,0.0997479274817968,0.0038462620967489,-2.7244352625402706,-14.427329021463118,15.687
2.3279999999999994,0.1753696890508679,0.11453337517441921,0.08339210348209036,6.310070488759374,down,up,up,down,0.0997479274817968,0.0038462620967489,-2.7244352625402706,-14.427329021463118,15.703
2.343,0.1798528293929139,0.19912809532125852,0.08611396630187018,6.3496657221741,down,up,up,down,0.0997479274817968,0.0038462620967489,-2.7244352625402706,-14.427329021463118,15.718
2.375,0.1839583630471591,0.028549999213367497,0.09205802576800748,6.43399689870227,down,up,up,down,0.0997479274817968,0.0038462620967489,-2.7244352625402706,-14.427329021463118,15.75
2.3900000000000006,0.1879705294456482,0.1677298324174673,0.09490518639315448,6.473461203549169,down,up,up,down,0.0997479274817968,0.0038462620967489,-2.7244352625402706,-14.427329021463118,15.765
2.4060000000000006,0.1936256467109186,0.2536969015975996,0.09801949599595483,6.515508770290699,down,up,up,down,0.0997479274817968,0.0038462620967489,-2.7244352625402706,-14.427329021463118,15.781
2.4220000000000006,0.2000598198392947,0.30238789304171104,0.1012305199219048,6.5575057343640015,down,up,up,down,0.0997479274817968,0.0038462620967489,-2.7244352625402706,-14.427329021463118,15.797
2.4369999999999994,0.2062940713639368,0.31586884082770844,0.10433586803738004,6.596830515392407,down,up,up,down,0.0997479274817968,0.0038462620967489,-2.7244352625402706,-14.427329021463118,15.812
2.468,0.2109891554128094,0.05170639667538239,0.11092299217741841,6.677951496197826,down,up,up,down,0.0997479274817968,0.0038462620967489,-2.7244352625402706,-14.427329021463118,15.843
2.484,0.2173165538178275,0.2957144728318315,0.11441097804481215,6.7197397886366925,down,up,up,down,0.0997479274817968,0.0038462620967489,-2.7244352625402706,-14.427329021463118,15.859
2.5,0.2235757005855348,0.29144874549991134,0.11799965627358677,6.7614714677627905,down,up,up,down,0.0997479274817968,0.0038462620967489,-2.7244352625402706,-14.427329021463118,15.875
2.5150000000000006,0.22840736585349938,0.22236309038249263,0.12144722320333079,6.800542145104819,down,up,up,down,0.0997479274817968,0.0038462620967489,-2.7244352625402706,-14.427329021463118,15.89
2.5310000000000006,0.232820921947015,0.17609932836293302,0.12519858969928288,6.842159942802242,down,up,up,down,0.0997479274817968,0.0038462620967489,-2.7244352625402706,-14.427329021463118,15.906
2.5470000000000006,0.2363971845319597,0.12376848407724679,0.12901387474466253,6.883717207287335,down,up,up,down,0.0997479274817968,0.0038462620967489,-2.7244352625402706,-14.427329021463118,15.922
2.5619999999999994,0.2398895328715636,0.1330752951584805,0.1326437190566403,6.922621304271926,down,up,up,down,0.0997479274817968,0.0038462620967489,-2.7244352625402706,-14.427329021463118,15.937
2.5779999999999994,0.2425474078533441,0.0663692588794839,0.1365647547759874,6.964058600681911,down,up,up,down,0.0997479274817968,0.0038462620967489,-2.7244352625402706,-14.427329021463118,15.953
2.593,0.24587523806304828,0.12210741983180641,0.14028561855181154,7.002848751820059,down,up,up,down,0.0997479274817968,0.0038462620967489,-2.7244352625402706,-14.427329021463118,15.968
2.609,0.2516225273815334,0.25945765492352263,0.14432714086891618,7.0441628139453325,down,up,up,down,0.0997479274817968,0.0038462620967489,-2.7244352625402706,-14.427329021463118,15.984
2.625,0.2560353749583425,0.1760550460687681,0.14844994428118286,7.085411561464779,down,up,up,down,0.0997479274817968,0.0038462620967489,-2.7244352625402706,-14.427329021463118,16.0
2.655999999999999,0.26034253840894384,0.0391928289892194,0.1565730360633748,7.165141198408188,down,up,up,down,0.0997479274817968,0.0038462620967489,-2.7244352625402706,-14.427329021463118,16.031
2.6720000000000006,0.26349962162631974,0.0975697736041783,0.16082531353720597,7.206192975812025,down,up,up,down,0.0997479274817968,0.0038462620967489,-2.7244352625402706,-14.427329021463118,16.047
2.687000000000001,0.2685325833678399,0.2357828552861988,0.16487324900611355,7.244616765531058,down,up,up,down,0.0997479274817968,0.0038462620967489,-2.7244352625402706,-14.427329021463118,16.062
2.7029999999999994,0.27345341612164914,0.207804119631317,0.16927067719557698,7.285534578322084,down,up,up,down,0.0997479274817968,0.0038462620967489,-2.7244352625402706,-14.427329021463118,16.078
2.718,0.27774476647779,0.18634209626091303,0.17346235749652417,7.323830609500002,down,up,up,down,0.0997479274817968,0.0038462620967489,-2.7244352625402706,-14.427329021463118,16.093
2.75,0.28120063441952514,0.0,0.18252856429797726,7.405316683152575,down,up,up,down,0.0997479274817968,0.0038462620967489,-2.7244352625402706,-14.427329021463118,16.125
2.7650000000000006,0.28453504152773423,0.1225458797321342,0.1868292757990333,7.443413028289958,down,up,up,down,0.0997479274817968,0.0038462620967489,-2.7244352625402706,-14.427329021463118,16.14
2.780999999999999,0.2905542980878249,0.2764556075239149,0.1914915307095053,7.483977426038527,down,up,up,down,0.0997479274817968,0.0038462620967489,-2.7244352625402706,-14.427329021463118,16.156
2.7970000000000006,0.296672385626053,0.28263254365741464,0.19625088437276483,7.524466450918522,down,up,up,down,0.0997479274817968,0.0038462620967489,-2.7244352625402706,-14.427329021463118,16.172
2.8279999999999994,0.3027586237055662,0.09658233314767041,0.20566129914240383,7.602694305212774,down,up,up,down,0.0997479274817968,0.0038462620967489,-2.7244352625402706,-14.427329021463118,16.203
2.843,0.3073384208319379,0.2055718809429708,0.21029472090788648,7.640441164000505,down,up,up,down,0.0997479274817968,0.0038462620967489,-2.7244352625402706,-14.427329021463118,16.218
2.8590000000000018,0.314367181621357,0.33954962185684484,0.21532990592106138,7.680627131186521,down,up,up,down,0.0997479274817968,0.0038462620967489,-2.7244352625402706,-14.427329021463118,16.234
2.875,0.32123120455131204,0.3292535056404396,0.22047623320398957,7.720731646274162,down,up,up,down,0.0997479274817968,0.0038462620967489,-2.7244352625402706,-14.427329021463118,16.25
2.8900000000000006,0.325189937014212,0.16416757004486093,0.22538208569718243,7.758254237820504,down,up,up,down,0.0997479274817968,0.0038462620967489,-2.7244352625402706,-14.427329021463118,16.265
2.905999999999999,0.3295249921573352,0.1711930189634303,0.23068134532410278,7.798196694572971,down,up,up,down,0.0997479274817968,0.0038462620967489,-2.7244352625402706,-14.427329021463118,16.281
2.9220000000000006,0.3337583696443539,0.1648381654568415,0.2360491524120647,7.838053814791733,down,up,up,down,0.0997479274817968,0.0038462620967489,-2.7244352625402706,-14.427329021463118,16.297
2.937000000000001,0.3393219047766075,0.27115441466842943,0.2411549484016735,7.875341312973733,down,up,up,down,0.0997479274817968,0.0038462620967489,-2.7244352625402706,-14.427329021463118,16.312
2.9529999999999994,0.34306776784784543,0.134368514470599,0.24667560597621652,7.915029632739353,down,up,up,down,0.0997479274817968,0.0038462620967489,-2.7244352625402706,-14.427329021463118,16.328
2.968,0.346757003388305,0.1462011085488361,0.25190698569193914,7.952156792239949,down,up,up,down,0.0997479274817968,0.0038462620967489,-2.7244352625402706,-14.427329021463118,16.343
3.0,0.35004293693215704,0.0,0.26317886512416244,8.031097347028181,down,up,up,down,0.0997479274817968,0.0038462620967489,-2.7244352625402706,-14.427329021463118,16.375
3.0150000000000006,0.35408672254378193,0.16983777995985194,0.2685175315016828,8.067976152991593,down,up,up,down,0.0997479274817968,0.0038462620967489,-2.7244352625402706,-14.427329021463118,16.39
3.030999999999999,0.35691036545097893,0.0767297542180385,0.2742670483991887,8.107224840553025,down,up,up,down,0.0997479274817968,0.0038462620967489,-2.7244352625402706,-14.427329021463118,16.406
3.0470000000000006,0.35969269592976444,0.07414772744227811,0.2800614130837831,8.14638117706181,down,up,up,down,0.0997479274817968,0.0038462620967489,-2.7244352625402706,-14.427329021463118,16.422
3.062000000000001,0.3619978688749833,0.053930268866118306,0.28553178625127007,8.183005757004905,down,up,up,down,0.0997479274817968,0.0038462620967489,-2.7244352625402706,-14.427329021463118,16.437
3.0779999999999994,0.36425859071493794,0.0415471875153829,0.2914033781215366,8.221981239890562,down,up,up,down,0.0997479274817968,0.0038462620967489,-2.7244352625402706,-14.427329021463118,16.453
3.093,0.3664457128067725,0.046060211973836404,0.29694135432940083,8.258435183335285,down,up,up,down,0.0997479274817968,0.0038462620967489,-2.7244352625402706,-14.427329021463118,16.468
3.1090000000000018,0.3717932451599336,0.23447284459073453,0.30290880618668314,8.297227346251804,down,up,up,down,0.0997479274817968,0.0038462620967489,-2.7244352625402706,-14.427329021463118,16.484
3.125,0.37702626482639634,0.22731580167215942,0.3089609024601212,8.33592335278327,down,up,up,down,0.0997479274817968,0.0038462620967489,-2.7244352625402706,-14.427329021463118,16.5
3.1400000000000006,0.38062874007227354,0.14041708891000748,0.31470100892831265,8.372112417385962,down,up,up,down,0.0997479274817968,0.0038462620967489,-2.7244352625402706,-14.427329021463118,16.515
3.155999999999999,0.38396334047265773,0.10866459754224149,0.3208792857662188,8.410618739229045,down,up,up,down,0.0997479274817968,0.0038462620967489,-2.7244352625402706,-14.427329021463118,16.531
3.1720000000000006,0.388068219937587,0.1568070390762502,0.3271170784430497,8.449025732516018,down,up,up,down,0.0997479274817968,0.0038462620967489,-2.7244352625402706,-14.427329021463118,16.547
3.187000000000001,0.3920231879300059,0.1639166053461199,0.33302545793350813,8.484941192431299,down,up,up,down,0.0997479274817968,0.0038462620967489,-2.7244352625402706,-14.427329021463118,16.562
3.218,0.3966947037017513,0.05094612967128649,0.34536981937879885,8.558883558771702,down,up,up,down,0.0997479274817968,0.0038462620967489,-2.7244352625402706,-14.427329021463118,16.593
3.2340000000000018,0.39856665805050373,0.0172492193152166,0.35179345046636623,8.59689721681359,down,up,up,down,0.0997479274817968,0.0038462620967489,-2.7244352625402706,-14.427329021463118,16.609
3.25,0.400403892768809,0.015079242412298605,0.35824675506646786,8.634807859369966,down,up,up,down,0.0997479274817968,0.0038462620967489,-2.7244352625402706,-14.427329021463118,16.625
3.2650000000000006,0.4036259462431904,0.1150556374769567,0.36433467279050946,8.670255027599145,down,up,up,down,0.0997479274817968,0.0038462620967489,-2.7244352625402706,-14.427329021463118,16.64
3.280999999999999,0.4058631116515202,0.0400749105388276,0.37087212544721426,8.707964337413882,down,up,up,down,0.0997479274817968,0.0038462620967489,-2.7244352625402706,-14.427329021463118,16.656
3.2970000000000006,0.408044429590575,0.036584443709115996,0.3774449259706998,8.745568765203187,down,up,up,down,0.0997479274817968,0.0038462620967489,-2.7244352625402706,-14.427329021463118,16.672
3.312000000000001,0.4103701565039054,0.0553005334068858,0.38364072929785964,8.780727151726774,down,up,up,down,0.0997479274817968,0.0038462620967489,-2.7244352625402706,-14.427329021463118,16.687
3.3279999999999994,0.41282089531403454,0.053423248151291194,0.3902877979059505,8.818126687709787,down,up,up,down,0.0997479274817968,0.0038462620967489,-2.7244352625402706,-14.427329021463118,16.703
3.343,0.41525447922864,0.06249100015856131,0.3965560571464719,8.853091887735003,down,up,up,down,0.0997479274817968,0.0038462620967489,-2.7244352625402706,-14.427329021463118,16.718
3.3590000000000018,0.417644904856168,0.049653674238686704,0.4032807924126991,8.890284157139176,down,up,up,down,0.0997479274817968,0.0038462620967489,-2.7244352625402706,-14.427329021463118,16.734
3.375,0.4195571359322479,0.01976651477321391,0.4100399489325537,8.927368555409055,down,up,up,down,0.0997479274817968,0.0038462620967489,-2.7244352625402706,-14.427329021463118,16.75
3.3900000000000006,0.4233995152037036,0.15641069061524004,0.4164198177475247,8.962036636097059,down,up,up,down,0.0997479274817968,0.0038462620967489,-2.7244352625402706,-14.427329021463118,16.765
3.4220000000000006,0.4249478400509013,0.051362776006869094,0.4301164558186943,9.035673984121287,down,up,up,down,0.0997479274817968,0.0038462620967489,-2.7244352625402706,-14.427329021463118,16.797
3.437000000000001,0.42572855534916704,0.047700240930749996,0.4365542227156465,9.070040482970386,down,up,up,down,0.0997479274817968,0.0038462620967489,-2.7244352625402706,-14.427329021463118,16.812
3.4529999999999994,0.42642387971086754,0.0562901548755108,0.4434329823896741,9.106591549530185,down,up,up,down,0.0997479274817968,0.0038462620967489,-2.7244352625402706,-14.427329021463118,16.828
3.4840000000000018,0.4275075551892301,0.06479065398623429,0.456788153755626,9.177095615058692,down,up,up,down,0.0997479274817968,0.0038462620967489,-2.7244352625402706,-14.427329021463118,16.859
3.5,0.4276416046453929,0.091369836471621,0.46369088722784957,9.213322746931462,down,up,up,down,0.0997479274817968,0.0038462620967489,-2.7244352625402706,-14.427329021463118,16.875
3.5150000000000006,0.42778918320040843,0.0899093571474258,0.4701643120681456,9.247185361874847,down,up,up,down,0.0997479274817968,0.0038462620967489,-2.7244352625402706,-14.427329021463118,16.89
3.530999999999999,0.4309640747308362,0.09868279316995719,0.4770958783251422,9.28319824455234,down,up,up,down,0.0997479274817968,0.0038462620967489,-2.7244352625402706,-14.427329021463118,16.906
3.5470000000000006,0.43146396224919853,0.0685049575841513,0.4840568428145309,9.31909998698387,down,up,up,down,0.0997479274817968,0.0038462620967489,-2.7244352625402706,-14.427329021463118,16.922
3.562000000000001,0.43196415031956553,0.0664020561239979,0.4905902475902484,9.352656662743941,down,up,up,down,0.0997479274817968,0.0038462620967489,-2.7244352625402706,-14.427329021463118,16.937
3.5779999999999994,0.4328619689209568,0.0436342648948366,0.49757039673771963,9.38834234178996,down,up,up,down,0.0997479274817968,0.0038462620967489,-2.7244352625402706,-14.427329021463118,16.953
3.593,0.43364046501375964,0.047848187961613296,0.5041268589236814,9.421696141310603,down,up,up,down,0.0997479274817968,0.0038462620967489,-2.7244352625402706,-14.427329021463118,16.968
3.625,0.4355562203393043,0.039880573558526096,0.5181570862764264,9.492521526588687,down,up,up,down,0.0997479274817968,0.0038462620967489,-2.7244352625402706,-14.427329021463118,17.0
3.6400000000000006,0.436840054918454,0.014158955538485993,0.5247577522723108,9.525566194237681,down,up,up,down,0.0997479274817968,0.0038462620967489,-2.7244352625402706,-14.427329021463118,17.015
3.655999999999999,0.4391824324495045,0.0466506682088748,0.5318274723648022,9.560704476641222,down,up,up,down,0.0997479274817968,0.0038462620967489,-2.7244352625402706,-14.427329021463118,17.031
3.6720000000000006,0.44144734110563993,0.0418088635266554,0.5389340507467923,9.595729348656976,down,up,up,down,0.0997479274817968,0.0038462620967489,-2.7244352625402706,-14.427329021463118,17.047
3.687000000000001,0.44200568801467993,0.06252480021246509,0.5456176423966461,9.628461739896506,down,up,up,down,0.0997479274817968,0.0038462620967489,-2.7244352625402706,-14.427329021463118,17.062
3.7029999999999994,0.4437964974450566,0.012177661916758203,0.5527656000738705,9.663265638157382,down,up,up,down,0.0997479274817968,0.0038462620967489,-2.7244352625402706,-14.427329021463118,17.078
3.7340000000000018,0.4455262656218012,0.043948954038429196,0.5666693370264078,9.730371889771083,down,up,up,down,0.0997479274817968,0.0038462620967489,-2.7244352625402706,-14.427329021463118,17.109
3.75,0.4468657756202799,0.0160285525768651,0.5738700135498918,9.76483853916711,down,up,up,down,0.0997479274817968,0.0038462620967489,-2.7244352625402706,-14.427329021463118,17.125
3.7650000000000006,0.4468639999025115,0.0998663086663555,0.5806306807977641,9.797046312897612,down,up,up,down,0.0997479274817968,0.0038462620967489,-2.7244352625402706,-14.427329021463118,17.14
3.780999999999999,0.44686738775346424,0.0995361867972554,0.5878420720925588,9.831289495075128,down,up,up,down,0.0997479274817968,0.0038462620967489,-2.7244352625402706,-14.427329021463118,17.156
3.7970000000000006,0.44841515571896023,0.0,0.5950658726338873,9.865417195717965,down,up,up,down,0.0997479274817968,0.0038462620967489,-2.7244352625402706,-14.427329021463118,17.172
3.812000000000001,0.44829755832166474,0.10758775396816679,0.6018489119206434,9.897306863771911,down,up,up,down,0.0997479274817968,0.0038462620967489,-2.7244352625402706,-14.427329021463118,17.187
3.8279999999999994,0.4481659109909764,0.1079758856498143,0.6090821598686915,9.93121037939824,down,up,up,down,0.0997479274817968,0.0038462620967489,-2.7244352625402706,-14.427329021463118,17.203
3.843,0.4505244061585004,0.057485083686460894,0.6158800311787642,9.962889691903486,down,up,up,down,0.0997479274817968,0.0038462620967489,-2.7244352625402706,-14.427329021463118,17.218
3.875,0.45083249468959613,0.0901201608850543,0.63042482197943,10.030130742654245,down,up,up,down,0.0997479274817968,0.0038462620967489,-2.7244352625402706,-14.427329021463118,17.25
3.8900000000000006,0.4528584755672878,0.035317464364310006,0.6372601981878079,10.061489633941095,down,up,up,down,0.0997479274817968,0.0038462620967489,-2.7244352625402706,-14.427329021463118,17.265
3.905999999999999,0.4554404270259039,0.06162403868172471,0.6445881296021008,10.094825811519415,down,up,up,down,0.0997479274817968,0.0038462620967489,-2.7244352625402706,-14.427329021463118,17.281
3.9220000000000006,0.4579614450824146,0.0578157010501059,0.6519568847725163,10.128044415605066,down,up,up,down,0.0997479274817968,0.0038462620967489,-2.7244352625402706,-14.427329021463118,17.297
3.937000000000001,0.45993468300756574,0.0318012675282741,0.6588987996646427,10.159079526909894,down,up,up,down,0.0997479274817968,0.0038462620967489,-2.7244352625402706,-14.427329021463118,17.312
3.9529999999999994,0.46426658045831115,0.1709956631898179,0.666353949965917,10.192068469113492,down,up,up,down,0.0997479274817968,0.0038462620967489,-2.7244352625402706,-14.427329021463118,17.328
3.9840000000000018,0.4655780684729152,0.0574418624945703,0.6808857761493514,10.255643746497453,down,up,up,down,0.0997479274817968,0.0038462620967489,-2.7244352625402706,-14.427329021463118,17.359
4.0,0.4669319736385412,0.015128854630165903,0.6884073966797901,10.28828036531546,down,up,up,down,0.0997479274817968,0.0038462620967489,-2.7244352625402706,-14.427329021463118,17.375
4.015000000000001,0.4664781926252886,0.1299999950319657,0.6954656668582202,10.318767846277032,down,up,up,down,0.0997479274817968,0.0038462620967489,-2.7244352625402706,-14.427329021463118,17.39
4.030999999999999,0.4678333597012934,0.015049985231487303,0.7030016994703798,10.351171071547041,down,up,up,down,0.0997479274817968,0.0038462620967489,-2.7244352625402706,-14.427329021463118,17.406
4.047000000000001,0.4691794325381019,0.015618375181279301,0.7105593420018437,10.38345354741592,down,up,up,down,0.0997479274817968,0.0038462620967489,-2.7244352625402706,-14.427329021463118,17.422
4.062000000000001,0.4710032460716445,0.021839641421042708,0.7176684060228684,10.413608368243837,down,up,up,down,0.0997479274817968,0.0038462620967489,-2.7244352625402706,-14.427329021463118,17.437
4.077999999999999,0.47048997702971823,0.1318272426021927,0.7252618920012257,10.445655890060285,down,up,up,down,0.0997479274817968,0.0038462620967489,-2.7244352625402706,-14.427329021463118,17.453
4.093,0.46996175404168744,0.1349627933505148,0.7323729739157097,10.475590157504014,down,up,up,down,0.0997479274817968,0.0038462620967489,-2.7244352625402706,-14.427329021463118,17.468
4.109000000000002,0.4696293410538726,0.1205237392202216,0.739951242870019,10.507402527970376,down,up,up,down,0.0997479274817968,0.0038462620967489,-2.7244352625402706,-14.427329021463118,17.484
4.125,0.4701787285715434,0.0654112076273711,0.7475312476205667,10.539093632247093,down,up,up,down,0.0997479274817968,0.0038462620967489,-2.7244352625402706,-14.427329021463118,17.5
4.140000000000001,0.4699405043119037,0.11562954479111,0.7546398357986437,10.568693878059554,down,up,up,down,0.0997479274817968,0.0038462620967489,-2.7244352625402706,-14.427329021463118,17.515
4.155999999999999,0.46969815410187904,0.1148948156083366,0.7622184852595013,10.60014997569173,down,up,up,down,0.0997479274817968,0.0038462620967489,-2.7244352625402706,-14.427329021463118,17.531
4.172000000000001,0.4703197127056936,0.0609005147433937,0.7698001683875106,10.631484790663203,down,up,up,down,0.0997479274817968,0.0038462620967489,-2.7244352625402706,-14.427329021463118,17.547
4.202999999999999,0.4709974825785218,0.0778843831970156,0.7845098190394146,10.691850478996832,down,up,up,down,0.0997479274817968,0.0038462620967489,-2.7244352625402706,-14.427329021463118,17.578
4.218,0.470816003484119,0.1118465337753165,0.7916311141163357,10.720895950936269,down,up,up,down,0.0997479274817968,0.0038462620967489,-2.7244352625402706,-14.427329021463118,17.593
4.234000000000002,0.470858198422592,0.0971107438272336,0.7992260479251381,10.751760057840587,down,up,up,down,0.0997479274817968,0.0038462620967489,-2.7244352625402706,-14.427329021463118,17.609
4.265000000000001,0.46954932409354033,0.1419696800318529,0.8139215986491373,10.811213762457433,down,up,up,down,0.0997479274817968,0.0038462620967489,-2.7244352625402706,-14.427329021463118,17.64
4.280999999999999,0.47140946215555074,0.016510701393869898,0.821510809132677,10.84172126739582,down,up,up,down,0.0997479274817968,0.0038462620967489,-2.7244352625402706,-14.427329021463118,17.656
4.297000000000001,0.4721489394918522,0.053530593962963294,0.8291208165394051,10.872107178591092,down,up,up,down,0.0997479274817968,0.0038462620967489,-2.7244352625402706,-14.427329021463118,17.672
4.312000000000001,0.47290169714123753,0.049564084189444295,0.8362663902456047,10.900483303478305,down,up,up,down,0.0997479274817968,0.0038462620967489,-2.7244352625402706,-14.427329021463118,17.687
4.327999999999999,0.47402646652821734,0.0294498407955512,0.843903355748507,10.930632909710999,down,up,up,down,0.0997479274817968,0.0038462620967489,-2.7244352625402706,-14.427329021463118,17.703
4.343,0.4730852550312453,0.16249536061326209,0.8510643875916546,10.95878718057405,down,up,up,down,0.0997479274817968,0.0038462620967489,-2.7244352625402706,-14.427329021463118,17.718
4.359000000000002,0.4721343946279771,0.1591767026860523,0.8586876849824774,10.988700128194106,down,up,up,down,0.0997479274817968,0.0038462620967489,-2.7244352625402706,-14.427329021463118,17.734
4.375,0.47112733072201973,0.1626894216041409,0.8662953189788243,11.018491228363056,down,up,up,down,0.0997479274817968,0.0038462620967489,-2.7244352625402706,-14.427329021463118,17.75
4.390000000000001,0.47152942500901324,0.07294164168222719,0.8734229385782586,11.046309870369482,down,up,up,down,0.0997479274817968,0.0038462620967489,-2.7244352625402706,-14.427329021463118,17.765
4.405999999999999,0.4719268249196312,0.0749104330681732,0.8810321287712346,11.075865194031332,down,up,up,down,0.0997479274817968,0.0038462620967489,-2.7244352625402706,-14.427329021463118,17.781
4.422000000000001,0.4732000343349193,0.020172339026300792,0.8886546838388201,11.105298663731093,down,up,up,down,0.0997479274817968,0.0038462620967489,-2.7244352625402706,-14.427329021463118,17.797
4.452999999999999,0.4737290074560239,0.08268427841390359,0.9034513181115786,11.161978513839612,down,up,up,down,0.0997479274817968,0.0038462620967489,-2.7244352625402706,-14.427329021463118,17.828
4.468,0.4746920750047679,0.03554342423220069,0.9106221701614858,11.189239491615668,down,up,up,down,0.0997479274817968,0.0038462620967489,-2.7244352625402706,-14.427329021463118,17.843
4.484000000000002,0.475619969209765,0.0417545396694871,0.9182862067087505,11.218199188801359,down,up,up,down,0.0997479274817968,0.0038462620967489,-2.7244352625402706,-14.427329021463118,17.859
4.5,0.4773511646991722,0.0,0.9259715159735695,11.247036091220538,down,up,up,down,0.0997479274817968,0.0038462620967489,-2.7244352625402706,-14.427329021463118,17.875
4.515000000000001,0.4783372814257714,0.0340068123751856,0.9331968732509581,11.273958857239458,down,up,up,down,0.0997479274817968,0.0038462620967489,-2.7244352625402706,-14.427329021463118,17.89
4.530999999999999,0.479269517769426,0.0414831560033792,0.9409192678380669,11.302556892311385,down,up,up,down,0.0997479274817968,0.0038462620967489,-2.7244352625402706,-14.427329021463118,17.906
4.547000000000001,0.4800010587967539,0.0540266132738104,0.9486549726441449,11.331031262588178,down,up,up,down,0.0997479274817968,0.0038462620967489,-2.7244352625402706,-14.427329021463118,17.922
4.562000000000001,0.4807214490291987,0.0517219119854749,0.9559180853842915,11.357613493591069,down,up,up,down,0.0997479274817968,0.0038462620967489,-2.7244352625402706,-14.427329021463118,17.937
4.577999999999999,0.4814280635765017,0.0555845182753595,0.963676821678684,11.385847698535207,down,up,up,down,0.0997479274817968,0.0038462620967489,-2.7244352625402706,-14.427329021463118,17.953
4.593,0.4813949023752944,0.10195867422894479,0.9709556878547743,11.412204483651811,down,up,up,down,0.0997479274817968,0.0038462620967489,-2.7244352625402706,-14.427329021463118,17.968
4.609000000000002,0.4811440357799218,0.115427089692586,0.9787175395535646,11.440198062033192,down,up,up,down,0.0997479274817968,0.0038462620967489,-2.7244352625402706,-14.427329021463118,17.984
4.625,0.48093317128751434,0.1129269582572658,0.9864756974036513,11.468067480338176,down,up,up,down,0.0997479274817968,0.0038462620967489,-2.7244352625402706,-14.427329021463118,18.0
4.640000000000001,0.48112788121783373,0.0867672654605008,0.9937488492288931,11.494082325176533,down,up,up,down,0.0997479274817968,0.0038462620967489,-2.7244352625402706,-14.427329021463118,18.015
4.655999999999999,0.48259135944091913,0.0,1.0015201433477097,11.521711137436567,down,up,up,down,0.0997479274817968,0.0038462620967489,-2.7244352625402706,-14.427329021463118,18.031
4.672000000000001,0.4840146106220563,0.010794728660733402,1.0093145313017626,11.54921542424002,down,up,up,down,0.0997479274817968,0.0038462620967489,-2.7244352625402706,-14.427329021463118,18.047
4.687000000000001,0.4844915304487768,0.0679532723670987,1.0166360212912453,11.574887324033677,down,up,up,down,0.0997479274817968,0.0038462620967489,-2.7244352625402706,-14.427329021463118,18.062
4.702999999999999,0.48550138627822303,0.03663193814139999,1.0244575048186084,11.602149540025442,down,up,up,down,0.0997479274817968,0.0038462620967489,-2.7244352625402706,-14.427329021463118,18.078
4.734000000000002,0.4865149045712337,0.06705378899758441,1.0396429914517753,11.654613475472003,down,up,up,down,0.0997479274817968,0.0038462620967489,-2.7244352625402706,-14.427329021463118,18.109
4.75,0.4872473515552969,0.053969990977837196,1.0474946296943346,11.68150733870347,down,up,up,down,0.0997479274817968,0.0038462620967489,-2.7244352625402706,-14.427329021463118,18.125
4.765000000000001,0.4886550853106009,0.0,1.0548715919022804,11.706606120979602,down,up,up,down,0.0997479274817968,0.0038462620967489,-2.7244352625402706,-14.427329021463118,18.14
4.780999999999999,0.488451559136296,0.11246831337585869,1.0627499852514026,11.733256112563014,down,up,up,down,0.0997479274817968,0.0038462620967489,-2.7244352625402706,-14.427329021463118,18.156
4.797000000000001,0.4882763975807799,0.1106955247015525,1.0706253490986881,11.75978007408886,down,up,up,down,0.0997479274817968,0.0038462620967489,-2.7244352625402706,-14.427329021463118,18.172
4.812000000000001,0.4894258844780897,0.023115467661141698,1.0780158101455815,11.784531794332635,down,up,up,down,0.0997479274817968,0.0038462620967489,-2.7244352625402706,-14.427329021463118,18.187
4.827999999999999,0.49070281522145553,0.0199397560214276,1.0859183799367245,11.810811285012614,down,up,up,down,0.0997479274817968,0.0038462620967489,-2.7244352625402706,-14.427329021463118,18.203
4.843,0.4919643484662207,0.015645711164120696,1.0933460775958337,11.835333330519225,down,up,up,down,0.0997479274817968,0.0038462620967489,-2.7244352625402706,-14.427329021463118,18.218
4.859000000000002,0.4939568277229505,0.024782026063804904,1.101294987198896,11.86136716620152,down,up,up,down,0.0997479274817968,0.0038462620967489,-2.7244352625402706,-14.427329021463118,18.234
4.875,0.49326748649759733,0.1428317540663794,1.1092543219062074,11.887273735929321,down,up,up,down,0.0997479274817968,0.0038462620967489,-2.7244352625402706,-14.427329021463118,18.25
4.890000000000001,0.49262167345286134,0.1428021304641943,1.1167061845372874,11.911445561069096,down,up,up,down,0.0997479274817968,0.0038462620967489,-2.7244352625402706,-14.427329021463118,18.265
4.905999999999999,0.49321645812328013,0.0625738855806149,1.1246544297834438,11.937105640355172,down,up,up,down,0.0997479274817968,0.0038462620967489,-2.7244352625402706,-14.427329021463118,18.281
4.922000000000001,0.49357565719848934,0.0772979852812241,1.1326103068995668,11.962638486662359,down,up,up,down,0.0997479274817968,0.0038462620967489,-2.7244352625402706,-14.427329021463118,18.297
4.952999999999999,0.4941858469583789,0.08006438684019679,1.1480398443389968,12.011745902456903,down,up,up,down,0.0997479274817968,0.0038462620967489,-2.7244352625402706,-14.427329021463118,18.328
4.968,0.4947907218457087,0.0594229349931489,1.155514862536479,12.035335771093441,down,up,up,down,0.0997479274817968,0.0038462620967489,-2.7244352625402706,-14.427329021463118,18.343
4.984000000000002,0.4953867553509142,0.062495833406454794,1.1634978225476005,12.060374633813415,down,up,up,down,0.0997479274817968,0.0038462620967489,-2.7244352625402706,-14.427329021463118,18.359
5.0,0.4959763123937631,0.06290061230373589,1.171490267283105,12.085285693295413,down,up,up,down,0.0997479274817968,0.0038462620967489,-2.7244352625402706,-14.427329021463118,18.375
5.015000000000001,0.49631831133637416,0.0769479979743978,1.1789901708925328,12.108523618947201,down,up,up,down,0.0997479274817968,0.0038462620967489,-2.7244352625402706,-14.427329021463118,18.39
5.030999999999999,0.49579543693624833,0.1324275774896611,1.1869886210722609,12.13318675281212,down,up,up,down,0.0997479274817968,0.0038462620967489,-2.7244352625402706,-14.427329021463118,18.406
5.047000000000001,0.4960673051232548,0.0827561657938976,1.1949850632022858,12.157721927538573,down,up,up,down,0.0997479274817968,0.0038462620967489,-2.7244352625402706,-14.427329021463118,18.422
5.077999999999999,0.4958321311496459,0.1073341846949854,1.2104787385895144,12.20489473174955,down,up,up,down,0.0997479274817968,0.0038462620967489,-2.7244352625402706,-14.427329021463118,18.453
5.093,0.49619190174241556,0.07576322129715819,1.2179766127676563,12.227547845552474,down,up,up,down,0.0997479274817968,0.0038462620967489,-2.7244352625402706,-14.427329021463118,18.468
5.109000000000002,0.49649611087838974,0.080734856483413,1.2259796570621717,12.25158715959448,down,up,up,down,0.0997479274817968,0.0038462620967489,-2.7244352625402706,-14.427329021463118,18.484
5.125,0.4966069153149243,0.0928226501983867,1.2339860214652654,12.275498398366901,down,up,up,down,0.0997479274817968,0.0038462620967489,-2.7244352625402706,-14.427329021463118,18.5
5.140000000000001,0.4960420842201697,0.1374033337987674,1.2414885828932303,12.297798867772316,down,up,up,down,0.0997479274817968,0.0038462620967489,-2.7244352625402706,-14.427329021463118,18.515
5.172000000000001,0.49547568899644473,0.1174477782232006,1.2574759476517918,12.34499736368488,down,up,up,down,0.0997479274817968,0.0038462620967489,-2.7244352625402706,-14.427329021463118,18.547
5.187000000000001,0.4946752957270296,0.1531074787761392,1.2649597739686693,12.366945624710839,down,up,up,down,0.0997479274817968,0.0038462620967489,-2.7244352625402706,-14.427329021463118,18.562
5.218,0.4945739664156719,0.1030166149449467,1.2804123716568798,12.411949849592387,down,up,up,down,0.0997479274817968,0.0038462620967489,-2.7244352625402706,-14.427329021463118,18.593
5.234000000000002,0.49446522612877264,0.10654419541300429,1.288386225390784,12.434990425016652,down,up,up,down,0.0997479274817968,0.0038462620967489,-2.7244352625402706,-14.427329021463118,18.609
5.25,0.49310599666857874,0.1846997687439214,1.2963483353667102,12.457903512731233,down,up,up,down,0.0997479274817968,0.0038462620967489,-2.7244352625402706,-14.427329021463118,18.625
5.265000000000001,0.4927698410494266,0.1221583020919374,1.3038000980810465,12.479268928418483,down,up,up,down,0.0997479274817968,0.0038462620967489,-2.7244352625402706,-14.427329021463118,18.64
5.280999999999999,0.4925102807894338,0.11597044373135179,1.3117438792493046,12.501935540800483,down,up,up,down,0.0997479274817968,0.0038462620967489,-2.7244352625402706,-14.427329021463118,18.656
5.297000000000001,0.4929466081663546,0.0724774664242507,1.3196890745544998,12.52447504137069,down,up,up,down,0.0997479274817968,0.0038462620967489,-2.7244352625402706,-14.427329021463118,18.672
5.312000000000001,0.49363670792424774,0.053741276955589494,1.3271461433566307,12.545490306174466,down,up,up,down,0.0997479274817968,0.0038462620967489,-2.7244352625402706,-14.427329021463118,18.687
5.327999999999999,0.4943091843696231,0.0577181496458309,1.3351112506885288,12.567783211222745,down,up,up,down,0.0997479274817968,0.0038462620967489,-2.7244352625402706,-14.427329021463118,18.703
5.343,0.49440578257982903,0.09330804680140299,1.342584306872101,12.588567023479145,down,up,up,down,0.0997479274817968,0.0038462620967489,-2.7244352625402706,-14.427329021463118,18.718
5.359000000000002,0.49494742172782763,0.06589548073188489,1.3505606727001112,12.610612827843214,down,up,up,down,0.0997479274817968,0.0038462620967489,-2.7244352625402706,-14.427329021463118,18.734
5.375,0.49611011384954123,0.0270796698746886,1.3585506731782773,12.632530901276832,down,up,up,down,0.0997479274817968,0.0038462620967489,-2.7244352625402706,-14.427329021463118,18.75
5.405999999999999,0.4969580163138049,0.0723962350861963,1.3740624633208078,12.674632890799844,down,up,up,down,0.0997479274817968,0.0038462620967489,-2.7244352625402706,-14.427329021463118,18.781
5.422000000000001,0.49697569972905786,0.0986427140284851,1.3820754732426996,12.696174751507984,down,up,up,down,0.0997479274817968,0.0038462620967489,-2.7244352625402706,-14.427329021463118,18.797
5.452999999999999,0.49896271238847956,0.0356507449198042,1.39763175275552,12.737546782643763,down,up,up,down,0.0997479274817968,0.0038462620967489,-2.7244352625402706,-14.427329021463118,18.828
5.468,0.4986367512043196,0.1214786730924593,1.4051714426639175,12.757392287616218,down,up,up,down,0.0997479274817968,0.0038462620967489,-2.7244352625402706,-14.427329021463118,18.843
5.484000000000002,0.49832579062973903,0.1191829633930806,1.4132086831921389,12.778436210810016,down,up,up,down,0.0997479274817968,0.0038462620967489,-2.7244352625402706,-14.427329021463118,18.859
5.5,0.49861325721091465,0.08178126615831849,1.4212457357684112,12.799351539658973,down,up,up,down,0.0997479274817968,0.0038462620967489,-2.7244352625402706,-14.427329021463118,18.875
5.515000000000001,0.4995877577808071,0.0347812228223022,1.4287899373123005,12.818842801048971,down,up,up,down,0.0997479274817968,0.0038462620967489,-2.7244352625402706,-14.427329021463118,18.89
5.530999999999999,0.5003160502463883,0.0542296483829701,1.4368507079700652,12.839508640087354,down,up,up,down,0.0997479274817968,0.0038462620967489,-2.7244352625402706,-14.427329021463118,18.906
5.547000000000001,0.5009796193390096,0.058274859192968397,1.4449226135202973,12.860045417716082,down,up,up,down,0.0997479274817968,0.0038462620967489,-2.7244352625402706,-14.427329021463118,18.922
5.562000000000001,0.5021774507309208,0.019892501354386,1.4525039854772732,12.879181247161702,down,up,up,down,0.0997479274817968,0.0038462620967489,-2.7244352625402706,-14.427329021463118,18.937
5.577999999999999,0.5024261036799854,0.08420711816525639,1.4606023541061075,12.899467360645682,down,up,up,down,0.0997479274817968,0.0038462620967489,-2.7244352625402706,-14.427329021463118,18.953
5.593,0.5027073816502111,0.08099606280008409,1.4681985491775356,12.918367882809159,down,up,up,down,0.0997479274817968,0.0038462620967489,-2.7244352625402706,-14.427329021463118,18.968
5.609000000000002,0.5026651543592121,0.10238713316923449,1.4763030696591597,12.93840283405911,down,up,up,down,0.0997479274817968,0.0038462620967489,-2.7244352625402706,-14.427329021463118,18.984
5.625,0.5020388154121066,0.13889411167589538,1.4844022416108775,12.958308155769592,down,up,up,down,0.0997479274817968,0.0038462620967489,-2.7244352625402706,-14.427329021463118,19.0
5.640000000000001,0.5014626387583833,0.1381597043966844,1.4919861964486076,12.976851771422249,down,up,up,down,0.0997479274817968,0.0038462620967489,-2.7244352625402706,-14.427329021463118,19.015
5.655999999999999,0.5015186061492277,0.0962499655540178,1.5000715866014156,12.99650627335849,down,up,up,down,0.0997479274817968,0.0038462620967489,-2.7244352625402706,-14.427329021463118,19.031
5.687000000000001,0.4996552838281102,0.1598550991307445,1.5157090160210647,13.034219167156591,down,up,up,down,0.0997479274817968,0.0038462620967489,-2.7244352625402706,-14.427329021463118,19.062
5.702999999999999,0.4978456440857163,0.2128504113814279,1.5237505636379223,13.053494454719962,down,up,up,down,0.0997479274817968,0.0038462620967489,-2.7244352625402706,-14.427329021463118,19.078
5.718,0.49892119427676296,0.02804458141202229,1.5312840088570925,13.071448224364358,down,up,up,down,0.0997479274817968,0.0038462620967489,-2.7244352625402706,-14.427329021463118,19.093
5.734000000000002,0.4995703709983471,0.0591743823827917,1.5393334815728423,13.090474248641561,down,up,up,down,0.0997479274817968,0.0038462620967489,-2.7244352625402706,-14.427329021463118,19.109
5.75,0.5001802825345686,0.061628456467950496,1.5473930269946528,13.109371400773663,down,up,up,down,0.0997479274817968,0.0038462620967489,-2.7244352625402706,-14.427329021463118,19.125
5.765000000000001,0.4983407723301846,0.222381941107392,1.5549396288375898,13.126970434793025,down,up,up,down,0.0997479274817968,0.0038462620967489,-2.7244352625402706,-14.427329021463118,19.14
5.780999999999999,0.4986972939718656,0.0774653248767329,1.5629774735615534,13.145618062174472,down,up,up,down,0.0997479274817968,0.0038462620967489,-2.7244352625402706,-14.427329021463118,19.156
5.797000000000001,0.4990703753287066,0.076430342679237,1.5710211551095068,13.164137037345752,down,up,up,down,0.0997479274817968,0.0038462620967489,-2.7244352625402706,-14.427329021463118,19.172
5.812000000000001,0.49832880874939545,0.1491856994358699,1.578559342921544,13.181381712548623,down,up,up,down,0.0997479274817968,0.0038462620967489,-2.7244352625402706,-14.427329021463118,19.187
5.827999999999999,0.49872334500144977,0.075089411728399,1.586597300345098,13.19965142360313,down,up,up,down,0.0997479274817968,0.0038462620967489,-2.7244352625402706,-14.427329021463118,19.203
5.843,0.49925210433699807,0.0644973051119114,1.5941398101465878,13.216662424212549,down,up,up,down,0.0997479274817968,0.0038462620967489,-2.7244352625402706,-14.427329021463118,19.218
5.859000000000002,0.49973882876333786,0.0693276508355633,1.6021932778049395,13.234682723709588,down,up,up,down,0.0997479274817968,0.0038462620967489,-2.7244352625402706,-14.427329021463118,19.234
5.875,0.49924734004784466,0.1304659722001254,1.6102467073489757,13.252574168028994,down,up,up,down,0.0997479274817968,0.0038462620967489,-2.7244352625402706,-14.427329021463118,19.25
5.890000000000001,0.4997564104011084,0.06580990393088129,1.6177969294087946,13.269230369691416,down,up,up,down,0.0997479274817968,0.0038462620967489,-2.7244352625402706,-14.427329021463118,19.265
5.905999999999999,0.5002555905547564,0.0685491678787917,1.6258585656099886,13.286872089931906,down,up,up,down,0.0997479274817968,0.0038462620967489,-2.7244352625402706,-14.427329021463118,19.281
5.922000000000001,0.5010873360657603,0.047763833044062294,1.6339308492165017,13.304384738813942,down,up,up,down,0.0997479274817968,0.0038462620967489,-2.7244352625402706,-14.427329021463118,19.297
5.952999999999999,0.5019642272978581,0.07146111354315779,1.649597382573636,13.337947544359944,down,up,up,down,0.0997479274817968,0.0038462620967489,-2.7244352625402706,-14.427329021463118,19.328
5.968,0.5028295861012265,0.042057340590567996,1.657191030105581,13.354013160202959,down,up,up,down,0.0997479274817968,0.0038462620967489,-2.7244352625402706,-14.427329021463118,19.343
5.984000000000002,0.50349102464366,0.0584080185797076,1.6653031351850889,13.37102417108128,down,up,up,down,0.0997479274817968,0.0038462620967489,-2.7244352625402706,-14.427329021463118,19.359
6.015000000000001,0.5029617671793148,0.116820748912287,1.6810223875833437,13.403613618617113,down,up,up,down,0.0997479274817968,0.0038462620967489,-2.7244352625402706,-14.427329021463118,19.39
6.030999999999999,0.5024407320360674,0.1323126239347639,1.6891271477706138,13.420243386534922,down,up,up,down,0.0997479274817968,0.0038462620967489,-2.7244352625402706,-14.427329021463118,19.406
6.047000000000001,0.5026293897722188,0.0879568189723358,1.697229248938629,13.436743499561894,down,up,up,down,0.0997479274817968,0.0038462620967489,-2.7244352625402706,-14.427329021463118,19.422
6.062000000000001,0.5027563398110236,0.0912845915614767,1.7048273358419548,13.452094604114142,down,up,up,down,0.0997479274817968,0.0038462620967489,-2.7244352625402706,-14.427329021463118,19.437
6.077999999999999,0.5028520949758734,0.09376322967868869,1.712933743513797,13.46834347967994,down,up,up,down,0.0997479274817968,0.0038462620967489,-2.7244352625402706,-14.427329021463118,19.453
6.093,0.5039308230867495,0.0278327200900549,1.7205423093307182,13.48345893822171,down,up,up,down,0.0997479274817968,0.0038462620967489,-2.7244352625402706,-14.427329021463118,19.468
6.109000000000002,0.5035617231058752,0.1228166762864385,1.728663789893808,13.499456253628564,down,up,up,down,0.0997479274817968,0.0038462620967489,-2.7244352625402706,-14.427329021463118,19.484
6.125,0.5031519046828788,0.12536157891907249,1.7367790391096651,13.515323675197175,down,up,up,down,0.0997479274817968,0.0038462620967489,-2.7244352625402706,-14.427329021463118,19.5
6.140000000000001,0.5044205486557268,0.015171662625267895,1.744393526441156,13.530081409893649,down,up,up,down,0.0997479274817968,0.0038462620967489,-2.7244352625402706,-14.427329021463118,19.515
6.155999999999999,0.5040622733540127,0.12214013383893499,1.7525229292107813,13.54569704244908,down,up,up,down,0.0997479274817968,0.0038462620967489,-2.7244352625402706,-14.427329021463118,19.531
6.172000000000001,0.5045518980142686,0.0691463862158048,1.7606533827752766,13.561182596153833,down,up,up,down,0.0997479274817968,0.0038462620967489,-2.7244352625402706,-14.427329021463118,19.547
6.202999999999999,0.5050877164899462,0.0824634605244533,1.7764220309250907,13.590815420380226,down,up,up,down,0.0997479274817968,0.0038462620967489,-2.7244352625402706,-14.427329021463118,19.578
6.218,0.5068475841818537,0.017576585312032197,1.7840692396115805,13.604978264789308,down,up,up,down,0.0997479274817968,0.0038462620967489,-2.7244352625402706,-14.427329021463118,19.593
6.234000000000002,0.5085524047536741,0.0,1.7922539797166137,13.619958643235323,down,up,up,down,0.0997479274817968,0.0038462620967489,-2.7244352625402706,-14.427329021463118,19.609
6.25,0.5102156443359381,0.0,1.8004656643028776,13.634807850283812,down,up,up,down,0.0997479274817968,0.0038462620967489,-2.7244352625402706,-14.427329021463118,19.625
6.265000000000001,0.5116934921527926,0.0,1.8081876767579945,13.64860947916396,down,up,up,down,0.0997479274817968,0.0038462620967489,-2.7244352625402706,-14.427329021463118,19.64
6.280999999999999,0.5130761747364209,0.013330266005019797,1.8164473742866554,13.663203362956247,down,up,up,down,0.0997479274817968,0.0038462620967489,-2.7244352625402706,-14.427329021463118,19.656
6.297000000000001,0.513390049834067,0.0801307338789158,1.824720644276768,13.677664983008386,down,up,up,down,0.0997479274817968,0.0038462620967489,-2.7244352625402706,-14.427329021463118,19.672
6.312000000000001,0.5121681587692458,0.18120733180320558,1.8324700247727446,13.69110258192862,down,up,up,down,0.0997479274817968,0.0038462620967489,-2.7244352625402706,-14.427329021463118,19.687
6.327999999999999,0.5110498678773984,0.1696411082222701,1.8407173091794649,13.705308047457644,down,up,up,down,0.0997479274817968,0.0038462620967489,-2.7244352625402706,-14.427329021463118,19.703
6.359000000000002,0.5099277784891926,0.1359443593594002,1.8566616968231473,13.732456166003354,down,up,up,down,0.0997479274817968,0.0038462620967489,-2.7244352625402706,-14.427329021463118,19.734
6.375,0.5077773521247037,0.23414957526236918,1.8648648780616055,13.746274917604923,down,up,up,down,0.0997479274817968,0.0038462620967489,-2.7244352625402706,-14.427329021463118,19.75
6.390000000000001,0.5056943741554961,0.2386131254289604,1.8725236099401585,13.75911103288301,down,up,up,down,0.0997479274817968,0.0038462620967489,-2.7244352625402706,-14.427329021463118,19.765
6.405999999999999,0.5060604575148241,0.076867717523796,1.8806791887870682,13.77267637469384,down,up,up,down,0.0997479274817968,0.0038462620967489,-2.7244352625402706,-14.427329021463118,19.781
6.422000000000001,0.506149768524443,0.0941659893806129,1.888838410788931,13.786111198097872,down,up,up,down,0.0997479274817968,0.0038462620967489,-2.7244352625402706,-14.427329021463118,19.797
6.452999999999999,0.5063464017175293,0.0934049212532072,1.9046513355526804,13.811769600168324,down,up,up,down,0.0997479274817968,0.0038462620967489,-2.7244352625402706,-14.427329021463118,19.828
6.468,0.506343700028758,0.09992804006655459,1.9123042052472292,13.824008962550428,down,up,up,down,0.0997479274817968,0.0038462620967489,-2.7244352625402706,-14.427329021463118,19.843
6.484000000000002,0.5074694772966933,0.029386848235842797,1.9204762508593816,13.836937683102219,down,up,up,down,0.0997479274817968,0.0038462620967489,-2.7244352625402706,-14.427329021463118,19.859
6.5,0.5088371852423156,0.014266180880397203,1.9286682443532408,13.849735491341162,down,up,up,down,0.0997479274817968,0.0038462620967489,-2.7244352625402706,-14.427329021463118,19.875
6.515000000000001,0.5102125976640349,0.0,1.9363688116564899,13.861614242359193,down,up,up,down,0.0997479274817968,0.0038462620967489,-2.7244352625402706,-14.427329021463118,19.89
6.530999999999999,0.5120918812445138,0.0177072962981437,1.9446087876813052,13.874157385765136,down,up,up,down,0.0997479274817968,0.0038462620967489,-2.7244352625402706,-14.427329021463118,19.906
6.547000000000001,0.5122761516467397,0.088231027342679,1.9528652721379842,13.886568557487225,down,up,up,down,0.0997479274817968,0.0038462620967489,-2.7244352625402706,-14.427329021463118,19.922
6.562000000000001,0.5137088533681827,0.0,1.9606178536070478,13.898083962982247,down,up,up,down,0.0997479274817968,0.0038462620967489,-2.7244352625402706,-14.427329021463118,19.937
6.577999999999999,0.515090714388924,0.013381613685460703,1.9689097903426516,13.910238706031292,down,up,up,down,0.0997479274817968,0.0038462620967489,-2.7244352625402706,-14.427329021463118,19.953
6.593,0.5164279695286568,0.010597584832945692,1.9767038744034848,13.9215131324838,down,up,up,down,0.0997479274817968,0.0038462620967489,-2.7244352625402706,-14.427329021463118,19.968
6.625,0.5179211294013283,0.0530866814608121,1.9933765403734607,13.945173774248653,down,up,up,down,0.0997479274817968,0.0038462620967489,-2.7244352625402706,-14.427329021463118,20.0
6.640000000000001,0.5175893352098805,0.1218675402449825,2.001200562789496,13.956080974913037,down,up,up,down,0.0997479274817968,0.0038462620967489,-2.7244352625402706,-14.427329021463118,20.015
6.655999999999999,0.5172544219729663,0.1206800047889333,2.009540853040506,13.967586007787043,down,up,up,down,0.0997479274817968,0.0038462620967489,-2.7244352625402706,-14.427329021463118,20.031
6.672000000000001,0.5165421873423847,0.1442625918931465,2.017872766108578,13.97895766303449,down,up,up,down,0.0997479274817968,0.0038462620967489,-2.7244352625402706,-14.427329021463118,20.047
6.702999999999999,0.5161172419674732,0.1134558428015213,2.033998221387879,14.000611155867043,down,up,up,down,0.0997479274817968,0.0038462620967489,-2.7244352625402706,-14.427329021463118,20.078
6.718,0.5156430179421144,0.1313628625057151,2.041794117268653,14.010909242265223,down,up,up,down,0.0997479274817968,0.0038462620967489,-2.7244352625402706,-14.427329021463118,20.093
6.734000000000002,0.5169920057787892,0.015436187689630704,2.050116737651969,14.021764919626504,down,up,up,down,0.0997479274817968,0.0038462620967489,-2.7244352625402706,-14.427329021463118,20.109
6.75,0.5162836871550259,0.1440178414670082,2.0584444833889863,14.03248739405882,down,up,up,down,0.0997479274817968,0.0038462620967489,-2.7244352625402706,-14.427329021463118,20.125
6.780999999999999,0.5180077549439944,0.044132837515068996,2.0745952348665195,14.05288277156461,down,up,up,down,0.0997479274817968,0.0038462620967489,-2.7244352625402706,-14.427329021463118,20.156
6.797000000000001,0.5181827828402704,0.0888086839645486,2.0829462993623427,14.063213403491423,down,up,up,down,0.0997479274817968,0.0038462620967489,-2.7244352625402706,-14.427329021463118,20.172
6.812000000000001,0.5191570653753282,0.0347957584779444,2.0907840421554114,14.072776954868145,down,up,up,down,0.0997479274817968,0.0038462620967489,-2.7244352625402706,-14.427329021463118,20.187
6.827999999999999,0.5201013181499158,0.040732129070069095,2.0991596494171603,14.082848369536206,down,up,up,down,0.0997479274817968,0.0038462620967489,-2.7244352625402706,-14.427329021463118,20.203
6.843,0.5201101582045987,0.0991585905029346,2.1070189294212707,14.092168559133023,down,up,up,down,0.0997479274817968,0.0038462620967489,-2.7244352625402706,-14.427329021463118,20.218
6.859000000000002,0.5202296933829605,0.0922769788341834,2.11540318842752,14.101980146390877,down,up,up,down,0.0997479274817968,0.0038462620967489,-2.7244352625402706,-14.427329021463118,20.234
6.875,0.520328939858759,0.0935450227443894,2.123789197687001,14.111657571502606,down,up,up,down,0.0997479274817968,0.0038462620967489,-2.7244352625402706,-14.427329021463118,20.25
6.890000000000001,0.5214768562052329,0.023220171050211694,2.1316604350889325,14.120608228194891,down,up,up,down,0.0997479274817968,0.0038462620967489,-2.7244352625402706,-14.427329021463118,20.265
6.905999999999999,0.5219116565511862,0.0725729058597104,2.140069083384531,14.130025356247748,down,up,up,down,0.0997479274817968,0.0038462620967489,-2.7244352625402706,-14.427329021463118,20.281
6.922000000000001,0.5223266627056998,0.0738100428246985,2.148484530132135,14.13930789154026,down,up,up,down,0.0997479274817968,0.0038462620967489,-2.7244352625402706,-14.427329021463118,20.297
6.952999999999999,0.5234007635615702,0.0650995127763006,2.1648125393642763,14.156909280101813,down,up,up,down,0.0997479274817968,0.0038462620967489,-2.7244352625402706,-14.427329021463118,20.328
6.968,0.5248268017164791,0.0,2.172731940035313,14.16524422544442,down,up,up,down,0.0997479274817968,0.0038462620967489,-2.7244352625402706,-14.427329021463118,20.343
6.984000000000002,0.5248961513125662,0.0954135777263558,2.181191263853094,14.174003804013962,down,up,up,down,0.0997479274817968,0.0038462620967489,-2.7244352625402706,-14.427329021463118,20.359
7.0,0.5255423483122482,0.0593606150016645,2.18965631204364,14.182627987607427,down,up,up,down,0.0997479274817968,0.0038462620967489,-2.7244352625402706,-14.427329021463118,20.375
7.015000000000001,0.5263899814114784,0.043239054199786096,2.1976034984480193,14.190590067966843,down,up,up,down,0.0997479274817968,0.0038462620967489,-2.7244352625402706,-14.427329021463118,20.39
7.030999999999999,0.527283602319864,0.0438966207076889,2.206094427311417,14.198951448761411,down,up,up,down,0.0997479274817968,0.0038462620967489,-2.7244352625402706,-14.427329021463118,20.406
7.047000000000001,0.5266536238218135,0.13912158360995341,2.2145874653140996,14.207176957821053,down,up,up,down,0.0997479274817968,0.0038462620967489,-2.7244352625402706,-14.427329021463118,20.422
7.062000000000001,0.5269143837777756,0.0823639304176584,2.2225469193025478,14.214764978874532,down,up,up,down,0.0997479274817968,0.0038462620967489,-2.7244352625402706,-14.427329021463118,20.437
7.077999999999999,0.5272038128386535,0.0816586111769248,2.231041405069027,14.222727236480202,down,up,up,down,0.0997479274817968,0.0038462620967489,-2.7244352625402706,-14.427329021463118,20.453
7.093,0.5264047268918423,0.1530203239358759,2.2390011630484583,14.230068446157423,down,up,up,down,0.0997479274817968,0.0038462620967489,-2.7244352625402706,-14.427329021463118,20.468
7.109000000000002,0.5263948982437531,0.10036221798737059,2.247485100243093,14.237767520251735,down,up,up,down,0.0997479274817968,0.0038462620967489,-2.7244352625402706,-14.427329021463118,20.484
7.140000000000001,0.5254072894555543,0.1316062754882113,2.2639072682774306,14.252298431678414,down,up,up,down,0.0997479274817968,0.0038462620967489,-2.7244352625402706,-14.427329021463118,20.515
7.155999999999999,0.524470255355599,0.1583125587290076,2.2723678288294673,14.259599195102203,down,up,up,down,0.0997479274817968,0.0038462620967489,-2.7244352625402706,-14.427329021463118,20.531
7.172000000000001,0.5236960889555214,0.148133327486638,2.2808146997775047,14.266764699073994,down,up,up,down,0.0997479274817968,0.0038462620967489,-2.7244352625402706,-14.427329021463118,20.547
7.187000000000001,0.5229110181808335,0.1520859791276564,2.2887219470124793,14.273359703161175,down,up,up,down,0.0997479274817968,0.0038462620967489,-2.7244352625402706,-14.427329021463118,20.562
7.218,0.5219218329567462,0.1316571282588079,2.3050360903301104,14.286613946721113,down,up,up,down,0.0997479274817968,0.0038462620967489,-2.7244352625402706,-14.427329021463118,20.593
7.234000000000002,0.520328306680126,0.1993433197705505,2.313435631640754,14.293257137145991,down,up,up,down,0.0997479274817968,0.0038462620967489,-2.7244352625402706,-14.427329021463118,20.609
7.25,0.5187554425403925,0.1980519362151485,2.3218098418280655,14.299766137558885,down,up,up,down,0.0997479274817968,0.0038462620967489,-2.7244352625402706,-14.427329021463118,20.625
7.265000000000001,0.5171088066743083,0.2095236518874104,2.3296365176286273,14.305746818801063,down,up,up,down,0.0997479274817968,0.0038462620967489,-2.7244352625402706,-14.427329021463118,20.64
7.297000000000001,0.5138429505156364,0.20180593244029071,2.346254826130762,14.318114485702202,down,up,up,down,0.0997479274817968,0.0038462620967489,-2.7244352625402706,-14.427329021463118,20.672
7.312000000000001,0.5106143234702715,0.3149897305061202,2.353995949617108,14.3237291338222,down,up,up,down,0.0997479274817968,0.0038462620967489,-2.7244352625402706,-14.427329021463118,20.687
7.327999999999999,0.5061562583560378,0.3783769971214296,2.3621916544652657,14.329590597190181,down,up,up,down,0.0997479274817968,0.0038462620967489,-2.7244352625402706,-14.427329021463118,20.703
7.359000000000002,0.49984360436253017,0.3033819272723511,2.377903886462404,14.340576609444552,down,up,up,down,0.0997479274817968,0.0038462620967489,-2.7244352625402706,-14.427329021463118,20.734
7.375,0.4948207630834585,0.41367550742380627,2.385922741595519,14.34605696062073,down,up,up,down,0.0997479274817968,0.0038462620967489,-2.7244352625402706,-14.427329021463118,20.75
7.390000000000001,0.4880347432011086,0.5521492529717761,2.3933518518241046,14.351078930108192,down,up,up,down,0.0997479274817968,0.0038462620967489,-2.7244352625402706,-14.427329021463118,20.765
7.405999999999999,0.4822697096476887,0.4600625245705765,2.4011758276404422,14.356313672873123,down,up,up,down,0.0997479274817968,0.0038462620967489,-2.7244352625402706,-14.427329021463118,20.781
7.422000000000001,0.47598260104088663,0.4926922154068872,2.4089033863194995,14.361424003362083,down,up,up,down,0.0997479274817968,0.0038462620967489,-2.7244352625402706,-14.427329021463118,20.797
7.452999999999999,0.46868693554279883,0.3350919758072187,2.4236649982615455,14.370976686539825,down,up,up,down,0.0997479274817968,0.0038462620967489,-2.7244352625402706,-14.427329021463118,20.828
7.468,0.4615487319497316,0.5756281670195895,2.430699459699191,14.375435482043228,down,up,up,down,0.0997479274817968,0.0038462620967489,-2.7244352625402706,-14.427329021463118,20.843
7.484000000000002,0.45527865332501893,0.49162784152629907,2.4380956189749377,14.380076085614474,down,up,up,down,0.0997479274817968,0.0038462620967489,-2.7244352625402706,-14.427329021463118,20.859
7.5,0.44729865339068914,0.5984979233774606,2.4453777776222103,14.384599262642341,down,up,up,down,0.0997479274817968,0.0038462620967489,-2.7244352625402706,-14.427329021463118,20.875
7.515000000000001,0.4395388099908271,0.6170708208059119,2.4520867525290235,14.38873480760431,down,up,up,down,0.0997479274817968,0.0038462620967489,-2.7244352625402706,-14.427329021463118,20.89
7.530999999999999,0.4334197432626326,0.48218959799399586,2.4591319611485982,14.393036022095531,down,up,up,down,0.0997479274817968,0.0038462620967489,-2.7244352625402706,-14.427329021463118,20.906
7.547000000000001,0.42616084781532854,0.5534288929382504,2.466070146070771,14.397225369438422,down,up,up,down,0.0997479274817968,0.0038462620967489,-2.7244352625402706,-14.427329021463118,20.922
7.562000000000001,0.41910874037190743,0.5698884237098528,2.472467361913626,14.40105286706664,down,up,up,down,0.0997479274817968,0.0038462620967489,-2.7244352625402706,-14.427329021463118,20.937
7.577999999999999,0.4109709618579434,0.6083590846046043,2.4791695397250124,14.405030736054174,down,up,up,down,0.0997479274817968,0.0038462620967489,-2.7244352625402706,-14.427329021463118,20.953
7.593,0.40449692833828094,0.5313501621259451,2.4853432428329354,14.408663419123092,down,up,up,down,0.0997479274817968,0.0038462620967489,-2.7244352625402706,-14.427329021463118,20.968
7.609000000000002,0.3952376725305609,0.6784514154642336,2.491802659833435,14.41243721610241,down,up,up,down,0.0997479274817968,0.0038462620967489,-2.7244352625402706,-14.427329021463118,20.984
7.625,0.3862068539936257,0.6641740860403099,2.498115756239176,14.416108832974471,down,up,up,down,0.0997479274817968,0.0038462620967489,-2.7244352625402706,-14.427329021463118,21.0
7.640000000000001,0.3780039114704437,0.6466107623605754,2.503905030911608,14.419460206008948,down,up,up,down,0.0997479274817968,0.0038462620967489,-2.7244352625402706,-14.427329021463118,21.015
7.672000000000001,0.3694996648839962,0.3655056333082825,2.5159881685203747,14.426323843219324,down,up,up,down,0.0997479274817968,0.0038462620967489,-2.7244352625402706,-14.427329021463118,21.047
7.687000000000001,0.3614331802816651,0.6375135676371804,2.5215278587905687,14.42940900195259,down,up,up,down,0.0997479274817968,0.0038462620967489,-2.7244352625402706,-14.427329021463118,21.062
7.702999999999999,0.353808232282038,0.5763071774585428,2.5273113302846255,14.432609252640633,down,up,up,down,0.0997479274817968,0.0038462620967489,-2.7244352625402706,-14.427329021463118,21.078
7.718,0.3463546593292222,0.5966527910028306,2.5326202459031615,14.435526294757329,down,up,up,down,0.0997479274817968,0.0038462620967489,-2.7244352625402706,-14.427329021463118,21.093
7.734000000000002,0.3392447995885775,0.5441141612720413,2.5381665817680528,14.438550964336601,down,up,up,down,0.0997479274817968,0.0038462620967489,-2.7244352625402706,-14.427329021463118,21.109
7.75,0.33123367482082433,0.6004432254664289,2.543591949756875,14.441487860285049,down,up,up,down,0.0997479274817968,0.0038462620967489,-2.7244352625402706,-14.427329021463118,21.125
7.780999999999999,0.3238118426012556,0.3391618700485387,2.5538643894019164,14.446934780166837,down,up,up,down,0.0997479274817968,0.0038462620967489,-2.7244352625402706,-14.427329021463118,21.156
7.797000000000001,0.31596733893217543,0.5900294067992534,2.5590441630477323,14.449622475947885,down,up,up,down,0.0997479274817968,0.0038462620967489,-2.7244352625402706,-14.427329021463118,21.172
7.812000000000001,0.30938771880296134,0.5383892694293864,2.563792019912197,14.452067733513791,down,up,up,down,0.0997479274817968,0.0038462620967489,-2.7244352625402706,-14.427329021463118,21.187
7.827999999999999,0.30300948041854003,0.4983878265081725,2.5687527376995165,14.454598339653542,down,up,up,down,0.0997479274817968,0.0038462620967489,-2.7244352625402706,-14.427329021463118,21.203
7.843,0.2964419228721714,0.5375850972396881,2.5733063171556485,14.456899425680232,down,up,up,down,0.0997479274817968,0.0038462620967489,-2.7244352625402706,-14.427329021463118,21.218
7.859000000000002,0.28802244929446813,0.6259650260881898,2.5780435723265303,14.45927959076502,down,up,up,down,0.0997479274817968,0.0038462620967489,-2.7244352625402706,-14.427329021463118,21.234
7.875,0.27982910967741514,0.6118316535476683,2.5826479249918526,14.461585022987117,down,up,up,down,0.0997479274817968,0.0038462620967489,-2.7244352625402706,-14.427329021463118,21.25
7.890000000000001,0.27409813269589745,0.4818130595829623,2.5868600732411036,14.463680241938475,down,up,up,down,0.0997479274817968,0.0038462620967489,-2.7244352625402706,-14.427329021463118,21.265
7.922000000000001,0.26889154981416763,0.2624536425358534,2.5956709885483606,14.467941673351133,down,up,up,down,0.0997479274817968,0.0038462620967489,-2.7244352625402706,-14.427329021463118,21.297
7.937000000000001,0.2620517825361493,0.5557324126829976,2.5997107574724394,14.469842839194081,down,up,up,down,0.0997479274817968,0.0038462620967489,-2.7244352625402706,-14.427329021463118,21.312
7.952999999999999,0.2553788113954028,0.5168086237784988,2.6039117424174396,14.471804823395606,down,up,up,down,0.0997479274817968,0.0038462620967489,-2.7244352625402706,-14.427329021463118,21.328
7.968,0.25090093796543844,0.3982728228127467,2.6077665344690972,14.473583765257063,down,up,up,down,0.0997479274817968,0.0038462620967489,-2.7244352625402706,-14.427329021463118,21.343
7.984000000000002,0.2451795116294467,0.4573370734812385,2.611796718259405,14.475418223435883,down,up,up,down,0.0997479274817968,0.0038462620967489,-2.7244352625402706,-14.427329021463118,21.359
8.0,0.2396213245786037,0.44713461815952177,2.6157366651426166,14.477188920569306,down,up,up,down,0.0997479274817968,0.0038462620967489,-2.7244352625402706,-14.427329021463118,21.375
8.015,0.2350169629386479,0.4067053701455059,2.6193541462304473,14.478792268422113,down,up,up,down,0.0997479274817968,0.0038462620967489,-2.7244352625402706,-14.427329021463118,21.39
8.030999999999999,0.22941984186934938,0.44956799431298766,2.623131180862459,14.480443350006011,down,up,up,down,0.0997479274817968,0.0038462620967489,-2.7244352625402706,-14.427329021463118,21.406
8.047,0.22398190067284499,0.4396192522632853,2.626819934996345,14.482034705279789,down,up,up,down,0.0997479274817968,0.0038462620967489,-2.7244352625402706,-14.427329021463118,21.422
8.062000000000001,0.2188631383162126,0.44099875125728016,2.630198966720214,14.483473592455018,down,up,up,down,0.0997479274817968,0.0038462620967489,-2.7244352625402706,-14.427329021463118,21.437
8.078,0.2137752071576867,0.4177436248897008,2.6337216136775528,14.484953192012481,down,up,up,down,0.0997479274817968,0.0038462620967489,-2.7244352625402706,-14.427329021463118,21.453
8.109000000000002,0.2077333947481251,0.2946451019837686,2.6403742311320926,14.487662199556683,down,up,up,down,0.0997479274817968,0.0038462620967489,-2.7244352625402706,-14.427329021463118,21.484
8.125,0.2029677922415765,0.3975980841411146,2.643721380821558,14.488980398861694,down,up,up,down,0.0997479274817968,0.0038462620967489,-2.7244352625402706,-14.427329021463118,21.5
8.14,0.19868958475504608,0.38496175991714626,2.646791505080484,14.490168081155533,down,up,up,down,0.0997479274817968,0.0038462620967489,-2.7244352625402706,-14.427329021463118,21.515
8.155999999999999,0.19449673623125818,0.36180096021856767,2.649998535841922,14.4913847250288,down,up,up,down,0.0997479274817968,0.0038462620967489,-2.7244352625402706,-14.427329021463118,21.531
8.172,0.19266951684570088,0.2139491390791152,2.653157406060086,14.492550441694226,down,up,up,down,0.0997479274817968,0.0038462620967489,-2.7244352625402706,-14.427329021463118,21.547
8.187000000000001,0.1883332662354445,0.388831301498882,2.656072620864646,14.493597745430394,down,up,up,down,0.0997479274817968,0.0038462620967489,-2.7244352625402706,-14.427329021463118,21.562
8.218,0.1843775136479185,0.22735284966005997,2.6619688720778374,14.495625595428534,down,up,up,down,0.0997479274817968,0.0038462620967489,-2.7244352625402706,-14.427329021463118,21.593
8.234000000000002,0.1812688072827449,0.2940420753051234,2.664955582838831,14.496601163989846,down,up,up,down,0.0997479274817968,0.0038462620967489,-2.7244352625402706,-14.427329021463118,21.609
8.25,0.177551655687104,0.3320699022093786,2.667887686736137,14.49752938203389,down,up,up,down,0.0997479274817968,0.0038462620967489,-2.7244352625402706,-14.427329021463118,21.625
8.265,0.1739190411895653,0.3419222273177016,2.6705814108941635,14.498357392739772,down,up,up,down,0.0997479274817968,0.0038462620967489,-2.7244352625402706,-14.427329021463118,21.64
8.280999999999999,0.16977889122394,0.3585073003334055,2.6733925345470193,14.499196565376883,down,up,up,down,0.0997479274817968,0.0038462620967489,-2.7244352625402706,-14.427329021463118,21.656
8.297,0.1657070525868516,0.35423784229979177,2.6761379622910537,14.499991285602823,down,up,up,down,0.0997479274817968,0.0038462620967489,-2.7244352625402706,-14.427329021463118,21.672
8.312000000000001,0.1617034138613623,0.3666571758477444,2.678651234720867,14.500696895563339,down,up,up,down,0.0997479274817968,0.0038462620967489,-2.7244352625402706,-14.427329021463118,21.687
8.328,0.1580335644295588,0.3291135169695398,2.6812706707407417,14.501408484520292,down,up,up,down,0.0997479274817968,0.0038462620967489,-2.7244352625402706,-14.427329021463118,21.703
8.343,0.1554792633914897,0.2700346633530626,2.683679710880851,14.502037885596229,down,up,up,down,0.0997479274817968,0.0038462620967489,-2.7244352625402706,-14.427329021463118,21.718
8.375,0.1529999457730025,0.17722660305952131,2.688738458614579,14.503261123285592,down,up,up,down,0.0997479274817968,0.0038462620967489,-2.7244352625402706,-14.427329021463118,21.75
8.39,0.1492531974393377,0.34953114972611,2.6910630511201226,14.503779140900681,down,up,up,down,0.0997479274817968,0.0038462620967489,-2.7244352625402706,-14.427329021463118,21.765
8.405999999999999,0.1444334552843288,0.4009818121698869,2.6934740845354597,14.504293808016085,down,up,up,down,0.0997479274817968,0.0038462620967489,-2.7244352625402706,-14.427329021463118,21.781
8.437000000000001,0.1397432610616605,0.2510445153097934,2.6979980577638223,14.505183482949194,down,up,up,down,0.0997479274817968,0.0038462620967489,-2.7244352625402706,-14.427329021463118,21.812
8.453,0.1366626197066055,0.2922880121727577,2.700270845003516,14.5055882959277,down,up,up,down,0.0997479274817968,0.0038462620967489,-2.7244352625402706,-14.427329021463118,21.828
8.468,0.1332468844944064,0.32746360829505927,2.702352860216475,14.50593514707665,down,up,up,down,0.0997479274817968,0.0038462620967489,-2.7244352625402706,-14.427329021463118,21.843
8.484000000000002,0.1299352964789069,0.3067221784504903,2.7045198578578096,14.506271129532704,down,up,up,down,0.0997479274817968,0.0038462620967489,-2.7244352625402706,-14.427329021463118,21.859
8.5,0.1268325076347008,0.2936722302447004,2.7066355404842666,14.506572850546613,down,up,up,down,0.0997479274817968,0.0038462620967489,-2.7244352625402706,-14.427329021463118,21.875
8.515,0.12249655612174601,0.3888113616787758,2.708563202393891,14.50682538891313,down,up,up,down,0.0997479274817968,0.0038462620967489,-2.7244352625402706,-14.427329021463118,21.89
8.530999999999999,0.1182596965634648,0.3645516498743962,2.7105507926089203,14.507063441153752,down,up,up,down,0.0997479274817968,0.0038462620967489,-2.7244352625402706,-14.427329021463118,21.906
8.547,0.1163219136985845,0.220859356536804,2.712488985684565,14.507270087128047,down,up,up,down,0.0997479274817968,0.0038462620967489,-2.7244352625402706,-14.427329021463118,21.922
8.562000000000001,0.11383179007216529,0.2657561692430708,2.714272832394297,14.507435902430563,down,up,up,down,0.0997479274817968,0.0038462620967489,-2.7244352625402706,-14.427329021463118,21.937
8.578,0.1114319735237608,0.2497364617570938,2.716136482696612,14.507583592110477,down,up,up,down,0.0997479274817968,0.0038462620967489,-2.7244352625402706,-14.427329021463118,21.953
8.593,0.10739951730126229,0.3685783423150187,2.7178354128092512,14.507695331832286,down,up,up,down,0.0997479274817968,0.0038462620967489,-2.7244352625402706,-14.427329021463118,21.968
8.609000000000002,0.1042990645371767,0.2935262252371288,2.719590541657507,14.507786888397197,down,up,up,down,0.0997479274817968,0.0038462620967489,-2.7244352625402706,-14.427329021463118,21.984
8.625,0.1012514684093376,0.2902226854717624,2.721296486114627,14.507850756375666,down,up,up,down,0.0997479274817968,0.0038462620967489,-2.7244352625402706,-14.427329021463118,22.0
8.64,0.0989750533358702,0.2515089323796123,2.7228558789591673,14.50788614257572,down,up,up,down,0.0997479274817968,0.0038462620967489,-2.7244352625402706,-14.427329021463118,22.015
8.655999999999999,0.0960528658553504,0.2823846450143086,2.7244776425062445,14.50789843860464,down,up,up,down,0.0997479274817968,0.0038462620967489,-2.7244352625402706,-14.427329021463118,22.031
8.687000000000001,0.09324669024846349,0.19026972125233488,2.7275310197508533,14.507849797478402,down,up,up,down,0.0997479274817968,0.0038462620967489,-2.7244352625402706,-14.427329021463118,22.062
8.703,0.091820696243806,0.18887255277289922,2.729073099036339,14.507787928728748,down,up,up,down,0.0997479274817968,0.0038462620967489,-2.7244352625402706,-14.427329021463118,22.078
8.718,0.09066631550427219,0.1767066434507124,2.730499445555901,14.507707663582407,down,up,up,down,0.0997479274817968,0.0038462620967489,-2.7244352625402706,-14.427329021463118,22.093
8.734000000000002,0.08819417772497219,0.2542565386880294,2.731991869695283,14.507598697261043,down,up,up,down,0.0997479274817968,0.0038462620967489,-2.7244352625402706,-14.427329021463118,22.109
8.75,0.08579666280786749,0.249592609800858,2.7334453366130935,14.507466163811218,down,up,up,down,0.0997479274817968,0.0038462620967489,-2.7244352625402706,-14.427329021463118,22.125
8.765,0.0850882218036873,0.146977327760476,2.7347846671791314,14.507320967720881,down,up,up,down,0.0997479274817968,0.0038462620967489,-2.7244352625402706,-14.427329021463118,22.14
8.780999999999999,0.084257090940417,0.1516936064361929,2.7362009698746323,14.507144046825095,down,up,up,down,0.0997479274817968,0.0038462620967489,-2.7244352625402706,-14.427329021463118,22.156
8.797,0.08353785653989129,0.1447000775146537,2.737604869648023,14.506944564309562,down,up,up,down,0.0997479274817968,0.0038462620967489,-2.7244352625402706,-14.427329021463118,22.172
8.812000000000001,0.0816654675916606,0.2245738573638325,2.7389015885104606,14.506737294811474,down,up,up,down,0.0997479274817968,0.0038462620967489,-2.7244352625402706,-14.427329021463118,22.187
8.828,0.08100526721262649,0.1410104511714349,2.740264494582443,14.50649493034737,down,up,up,down,0.0997479274817968,0.0038462620967489,-2.7244352625402706,-14.427329021463118,22.203
8.843,0.08030394629749439,0.1465026551572674,2.74153200761522,14.506247985518995,down,up,up,down,0.0997479274817968,0.0038462620967489,-2.7244352625402706,-14.427329021463118,22.218
8.859000000000002,0.0777502738886309,0.259352453035748,2.742857981570257,14.505963829806154,down,up,up,down,0.0997479274817968,0.0038462620967489,-2.7244352625402706,-14.427329021463118,22.234
8.875,0.07523778424278589,0.2567785303471297,2.7441434262288564,14.505658782744407,down,up,up,down,0.0997479274817968,0.0038462620967489,-2.7244352625402706,-14.427329021463118,22.25
8.905999999999999,0.0723644303520104,0.192436762668106,2.7465504946800747,14.505010520109066,down,up,up,down,0.0997479274817968,0.0038462620967489,-2.7244352625402706,-14.427329021463118,22.281
8.922,0.06900153300995629,0.3099290113601534,2.7477429625805185,14.504647136651625,down,up,up,down,0.0997479274817968,0.0038462620967489,-2.7244352625402706,-14.427329021463118,22.297
8.937000000000001,0.0669637190248001,0.23560219315887387,2.748820395902231,14.504289440401108,down,up,up,down,0.0997479274817968,0.0038462620967489,-2.7244352625402706,-14.427329021463118,22.312
8.953,0.0649850351328638,0.2234156707278246,2.74993752612904,14.503890341225501,down,up,up,down,0.0997479274817968,0.0038462620967489,-2.7244352625402706,-14.427329021463118,22.328
8.968,0.0638758756003739,0.1736918963144547,2.7509616768909906,14.503500126140954,down,up,up,down,0.0997479274817968,0.0038462620967489,-2.7244352625402706,-14.427329021463118,22.343
9.0,0.06206092951223499,0.1564649927361381,2.7530997461598883,14.50261707177343,down,up,up,down,0.0997479274817968,0.0038462620967489,-2.7244352625402706,-14.427329021463118,22.375
9.015,0.0597322856267688,0.25499085317953507,2.7540708892048817,14.502179820946294,down,up,up,down,0.0997479274817968,0.0038462620967489,-2.7244352625402706,-14.427329021463118,22.39
9.030999999999999,0.0582673922872257,0.191303761203253,2.755076426821742,14.501697606618729,down,up,up,down,0.0997479274817968,0.0038462620967489,-2.7244352625402706,-14.427329021463118,22.406
9.047,0.056449363256749804,0.2133747418865277,2.7560557010596414,14.50119951379632,down,up,up,down,0.0997479274817968,0.0038462620967489,-2.7244352625402706,-14.427329021463118,22.422
9.062000000000001,0.0547229170444954,0.214844341632084,2.756947187093352,14.50071852107328,down,up,up,down,0.0997479274817968,0.0038462620967489,-2.7244352625402706,-14.427329021463118,22.437
9.078,0.054328819095046,0.1243790493223898,2.7578811411760165,14.50019085864776,down,up,up,down,0.0997479274817968,0.0038462620967489,-2.7244352625402706,-14.427329021463118,22.453
9.093,0.054976425411395,0.056574173058533794,2.758758624441266,14.499682589343736,down,up,up,down,0.0997479274817968,0.0038462620967489,-2.7244352625402706,-14.427329021463118,22.468
9.109000000000002,0.055614997539185806,0.059837169494874,2.7597048960184187,14.499125845380705,down,up,up,down,0.0997479274817968,0.0038462620967489,-2.7244352625402706,-14.427329021463118,22.484
9.14,0.054058943802623105,0.1499432093064002,2.761524076234216,14.498004289449538,down,up,up,down,0.0997479274817968,0.0038462620967489,-2.7244352625402706,-14.427329021463118,22.515
9.155999999999999,0.0534560677289307,0.1374276820875803,2.762445736520016,14.49740349514815,down,up,up,down,0.0997479274817968,0.0038462620967489,-2.7244352625402706,-14.427329021463118,22.531
9.172,0.0528799610523301,0.1357545947693286,2.7633579649438142,14.49678802973708,down,up,up,down,0.0997479274817968,0.0038462620967489,-2.7244352625402706,-14.427329021463118,22.547
9.187000000000001,0.0507652088019004,0.2407314108437697,2.7641929976491726,14.496197926455741,down,up,up,down,0.0997479274817968,0.0038462620967489,-2.7244352625402706,-14.427329021463118,22.562
9.218,0.050256073701625395,0.1161716403938961,2.7658780616529763,14.494939318175307,down,up,up,down,0.0997479274817968,0.0038462620967489,-2.7244352625402706,-14.427329021463118,22.593
9.234000000000002,0.049714033343150305,0.1336254498864835,2.7667393627028827,14.494269342981108,down,up,up,down,0.0997479274817968,0.0038462620967489,-2.7244352625402706,-14.427329021463118,22.609
9.25,0.0488653107922766,0.1527930869114126,2.7670895376495137,14.49358967597893,down,up,up,down,0.0997479274817968,0.0038462620967489,-2.7244352625402706,-14.427329021463118,22.625
9.265,0.046949601733919294,0.2274618647056087,2.7673658434249115,14.492947789558974,down,up,up,down,0.0997479274817968,0.0038462620967489,-2.7244352625402706,-14.427329021463118,22.64
9.280999999999999,0.045091522427402,0.2158778841391388,2.76766371261175,14.49225851731133,down,up,up,down,0.0997479274817968,0.0038462620967489,-2.7244352625402706,-14.427329021463118,22.656
9.297,0.04445632229064431,0.1394479360291532,2.7679416355630426,14.49156463872657,down,up,up,down,0.0997479274817968,0.0038462620967489,-2.7244352625402706,-14.427329021463118,22.672
9.312000000000001,0.043299289964046805,0.1768834159216254,2.768157496586404,14.490910424173562,down,up,up,down,0.0997479274817968,0.0038462620967489,-2.7244352625402706,-14.427329021463118,22.687
9.328,0.042134257200274305,0.1725624752175826,2.7684025051572663,14.490208908360254,down,up,up,down,0.0997479274817968,0.0038462620967489,-2.7244352625402706,-14.427329021463118,22.703
9.343,0.039840384495429204,0.2526727744714681,2.7685750089014354,14.489548105942918,down,up,up,down,0.0997479274817968,0.0038462620967489,-2.7244352625402706,-14.427329021463118,22.718
9.359000000000002,0.0383165788438387,0.19498578070619188,2.7687618048016978,14.488840375633933,down,up,up,down,0.0997479274817968,0.0038462620967489,-2.7244352625402706,-14.427329021463118,22.734
9.375,0.0390814070159049,0.0519461667276512,2.7689425288821234,14.48812970516511,down,up,up,down,0.0997479274817968,0.0038462620967489,-2.7244352625402706,-14.427329021463118,22.75
9.405999999999999,0.0407678260301481,0.045347314119112296,2.7697994261193366,14.486736698001335,down,up,up,down,0.0997479274817968,0.0038462620967489,-2.7244352625402706,-14.427329021463118,22.781
9.437000000000001,0.0429838658108377,0.0282627732660079,2.770716811467871,14.485316189457484,down,up,up,down,0.0997479274817968,0.0038462620967489,-2.7244352625402706,-14.427329021463118,22.812
9.453,0.043893342557629195,0.0429056308073264,2.7709733693283667,14.484573632211761,down,up,up,down,0.0997479274817968,0.0038462620967489,-2.7244352625402706,-14.427329021463118,22.828
9.468,0.044984477789377295,0.027005578698586497,2.7711976469124204,14.483873878528053,down,up,up,down,0.0997479274817968,0.0038462620967489,-2.7244352625402706,-14.427329021463118,22.843
9.484000000000002,0.0460583599167404,0.0326302945216147,2.7714875298076174,14.48312336131494,down,up,up,down,0.0997479274817968,0.0038462620967489,-2.7244352625402706,-14.427329021463118,22.859
9.5,0.0456799347084403,0.12339950300055649,2.7717829763581667,14.482368161466253,down,up,up,down,0.0997479274817968,0.0038462620967489,-2.7244352625402706,-14.427329021463118,22.875
9.515,0.043756280371773995,0.22799154992621212,2.7720114419027198,14.481656232267403,down,up,up,down,0.0997479274817968,0.0038462620967489,-2.7244352625402706,-14.427329021463118,22.89
9.530999999999999,0.041582439170799304,0.23561300254272638,2.772255691852608,14.480893059398005,down,up,up,down,0.0997479274817968,0.0038462620967489,-2.7244352625402706,-14.427329021463118,22.906
9.547,0.0394135701949523,0.23530223847221937,2.7724652001210823,14.480126256462858,down,up,up,down,0.0997479274817968,0.0038462620967489,-2.7244352625402706,-14.427329021463118,22.922
9.562000000000001,0.0365196197759641,0.2926779554143369,2.7725923929773155,14.479404853452726,down,up,up,down,0.0997479274817968,0.0038462620967489,-2.7244352625402706,-14.427329021463118,22.937
9.578,0.031839701909888204,0.39224279411157337,2.77270080774435,14.4786334720476,down,up,up,down,0.0997479274817968,0.0038462620967489,-2.7244352625402706,-14.427329021463118,22.953
9.593,0.0272643254441025,0.4047730252008287,2.772701781880956,14.47790948156351,down,up,up,down,0.0997479274817968,0.0038462620967489,-2.7244352625402706,-14.427329021463118,22.968
9.609000000000002,0.0237551627702644,0.3190705945966574,2.7726714779802193,14.477137459685265,down,up,up,down,0.0997479274817968,0.0038462620967489,-2.7244352625402706,-14.427329021463118,22.984
9.625,0.0207691907972834,0.2863711757931302,2.7725892130023078,14.47636633835805,down,up,up,down,0.0997479274817968,0.0038462620967489,-2.7244352625402706,-14.427329021463118,23.0
9.655999999999999,0.0178281660371696,0.1946196939370849,2.772806706158241,14.47487019474981,down,up,up,down,0.0997479274817968,0.0038462620967489,-2.7244352625402706,-14.427329021463118,23.031
9.672,0.016817550995194,0.1629113676052601,2.772645412088048,14.47409754200448,down,up,up,down,0.0997479274817968,0.0038462620967489,-2.7244352625402706,-14.427329021463118,23.047
9.687000000000001,0.0189705074333997,0.043782501731909604,2.7724715164577134,14.473375693978495,down,up,up,down,0.0997479274817968,0.0038462620967489,-2.7244352625402706,-14.427329021463118,23.062
9.703,0.0210189625125619,0.028280514965853612,2.772352972410829,14.472608062268192,down,up,up,down,0.0997479274817968,0.0038462620967489,-2.7244352625402706,-14.427329021463118,23.078
9.718,0.022141130783834898,0.024936709396934098,2.772234367042003,14.471890186160403,down,up,up,down,0.0997479274817968,0.0038462620967489,-2.7244352625402706,-14.427329021463118,23.093
9.734000000000002,0.0244700137279175,0.0458072565233507,2.7721687963916453,14.471125925053576,down,up,up,down,0.0997479274817968,0.0038462620967489,-2.7244352625402706,-14.427329021463118,23.109
9.765,0.0258461983558061,0.0553548749692604,2.7725679318039425,14.469639998905292,down,up,up,down,0.0997479274817968,0.0038462620967489,-2.7244352625402706,-14.427329021463118,23.14
