timestamps,aAcc,aJerk,aVelocity,aHeight,jerks_direction,accelerations_direction,velocities_direction,heights_direction,start_jerks,start_accelerations,start_velocities,start_heights,actual_timestamps
0.0,0.0,0.0,0.0,0.0,up,up,up,up,-0.0225183671988795,0.0055716483927383,0.0,2.4563473190747035e-05,3.015
0.016000000000000014,0.0,0.0148065505091979,0.0,0.0,up,up,up,up,-0.0225183671988795,0.0055716483927383,0.0,2.4563473190747035e-05,3.031
0.04699999999999971,0.0,0.0467529160018283,0.0,0.0,up,up,up,up,-0.0225183671988795,0.0055716483927383,0.0,2.4563473190747035e-05,3.062
0.06299999999999972,0.0,0.0362785487486284,0.0,0.0,up,up,up,up,-0.0225183671988795,0.0055716483927383,0.0,2.4563473190747035e-05,3.078
0.07899999999999974,0.0,0.0375682894669639,0.0,0.0,up,up,up,up,-0.0225183671988795,0.0055716483927383,0.0,2.4563473190747035e-05,3.094
0.09399999999999986,0.0,0.0767515669467156,0.0,0.0,up,up,up,up,-0.0225183671988795,0.0055716483927383,0.0,2.4563473190747035e-05,3.109
0.10999999999999988,0.0,0.0287733295681581,0.0,0.0,up,up,up,up,-0.0225183671988795,0.0055716483927383,0.0,2.4563473190747035e-05,3.125
0.125,0.0,0.0285527947424902,0.0,0.0,up,up,up,up,-0.0225183671988795,0.0055716483927383,0.0,2.4563473190747035e-05,3.14
0.14100000000000001,0.0,0.0553673966982838,0.0,0.0,up,up,up,up,-0.0225183671988795,0.0055716483927383,0.0,2.4563473190747035e-05,3.156
0.15700000000000003,0.0,0.0573928344385889,0.0,0.0,up,up,up,up,-0.0225183671988795,0.0055716483927383,0.0,2.4563473190747035e-05,3.172
0.1719999999999997,0.0,0.0540693485386142,0.0,0.0,up,up,up,up,-0.0225183671988795,0.0055716483927383,0.0,2.4563473190747035e-05,3.187
0.20399999999999974,0.0,0.0,0.0,0.0,up,up,up,up,-0.0225183671988795,0.0055716483927383,0.0,2.4563473190747035e-05,3.219
0.21899999999999986,0.0,0.013695582715555897,0.0,0.0,up,up,up,up,-0.0225183671988795,0.0055716483927383,0.0,2.4563473190747035e-05,3.234
0.23499999999999988,0.0,0.04702826287181,0.0,0.0,up,up,up,up,-0.0225183671988795,0.0055716483927383,0.0,2.4563473190747035e-05,3.25
0.25,0.0,0.0,0.0,0.0,up,up,up,up,-0.0225183671988795,0.0055716483927383,0.0,2.4563473190747035e-05,3.265
0.266,0.0,0.0,0.0,0.0,up,up,up,up,-0.0225183671988795,0.0055716483927383,0.0,2.4563473190747035e-05,3.281
0.2969999999999997,0.0,0.0438707928437176,0.0,0.0,up,up,up,up,-0.0225183671988795,0.0055716483927383,0.0,2.4563473190747035e-05,3.312
0.3129999999999997,0.0,0.010292402470776,0.0,0.0,up,up,up,up,-0.0225183671988795,0.0055716483927383,0.0,2.4563473190747035e-05,3.328
0.32899999999999974,0.0,0.0,0.0,0.0,up,up,up,up,-0.0225183671988795,0.0055716483927383,0.0,2.4563473190747035e-05,3.344
0.34399999999999986,0.0,0.0171584478520021,0.0,0.0,up,up,up,up,-0.0225183671988795,0.0055716483927383,0.0,2.4563473190747035e-05,3.359
0.375,0.0,0.0457367209874696,0.0,0.0,up,up,up,up,-0.0225183671988795,0.0055716483927383,0.0,2.4563473190747035e-05,3.39
0.391,0.0,0.06739987168999159,0.0,0.0,up,up,up,up,-0.0225183671988795,0.0055716483927383,0.0,2.4563473190747035e-05,3.406
0.40700000000000003,0.0,0.0176901086409145,0.0,0.0,up,up,up,up,-0.0225183671988795,0.0055716483927383,0.0,2.4563473190747035e-05,3.422
0.4219999999999997,0.0,0.0356026955853882,0.0,0.0,up,up,up,up,-0.0225183671988795,0.0055716483927383,0.0,2.4563473190747035e-05,3.437
0.4379999999999997,0.0,0.030957624394119802,0.0,0.0,up,up,up,up,-0.0225183671988795,0.0055716483927383,0.0,2.4563473190747035e-05,3.453
0.45399999999999974,0.0,0.010830642872690997,0.0,0.0,up,up,up,up,-0.0225183671988795,0.0055716483927383,0.0,2.4563473190747035e-05,3.469
0.46899999999999986,0.0,0.0170497735840767,0.0,0.0,up,up,up,up,-0.0225183671988795,0.0055716483927383,0.0,2.4563473190747035e-05,3.484
0.5,0.0,0.0,0.0,0.0,up,up,up,up,-0.0225183671988795,0.0055716483927383,0.0,2.4563473190747035e-05,3.515
0.516,0.0,0.023016530953075896,0.0,0.0,up,up,up,up,-0.0225183671988795,0.0055716483927383,0.0,2.4563473190747035e-05,3.531
0.532,0.0,0.12539639074529899,0.0,0.0,up,up,up,up,-0.0225183671988795,0.0055716483927383,0.0,2.4563473190747035e-05,3.547
0.5469999999999997,0.0,0.0,0.0,0.0,up,up,up,up,-0.0225183671988795,0.0055716483927383,0.0,2.4563473190747035e-05,3.562
0.5629999999999997,0.0,0.0,0.0,0.0,up,up,up,up,-0.0225183671988795,0.0055716483927383,0.0,2.4563473190747035e-05,3.578
0.5789999999999997,0.0,0.0539069682085355,0.0,0.0,up,up,up,up,-0.0225183671988795,0.0055716483927383,0.0,2.4563473190747035e-05,3.594
0.5939999999999999,0.0,0.059696589363747894,0.0,0.0,up,up,up,up,-0.0225183671988795,0.0055716483927383,0.0,2.4563473190747035e-05,3.609
0.6099999999999999,0.0,0.0,0.0,0.0,up,up,up,up,-0.0225183671988795,0.0055716483927383,0.0,2.4563473190747035e-05,3.625
0.625,0.0,0.08535084969452031,0.0,0.0,up,up,up,up,-0.0225183671988795,0.0055716483927383,0.0,2.4563473190747035e-05,3.64
0.641,-0.0111133551306607,0.1334341920415113,0.0,0.0,up,up,up,up,-0.0225183671988795,0.0055716483927383,0.0,2.4563473190747035e-05,3.656
0.657,-0.0135497041193256,0.1297534445926803,0.0,0.0,up,up,up,up,-0.0225183671988795,0.0055716483927383,0.0,2.4563473190747035e-05,3.672
0.6719999999999997,-0.012638475952460398,0.0832669116565664,0.0,0.0,up,up,up,up,-0.0225183671988795,0.0055716483927383,0.0,2.4563473190747035e-05,3.687
0.6879999999999997,-0.012478851069845299,0.0324949223623173,0.0,0.0,up,up,up,up,-0.0225183671988795,0.0055716483927383,0.0,2.4563473190747035e-05,3.703
0.7189999999999999,-0.0129162359010609,0.0,0.0,0.0,up,up,up,up,-0.0225183671988795,0.0055716483927383,0.0,2.4563473190747035e-05,3.734
0.7349999999999999,-0.011275747894280999,0.1250488676226269,0.0,0.0,up,up,up,up,-0.0225183671988795,0.0055716483927383,0.0,2.4563473190747035e-05,3.75
0.75,0.0,0.1299448655717098,0.0,0.0,up,up,up,up,-0.0225183671988795,0.0055716483927383,0.0,2.4563473190747035e-05,3.765
0.782,0.0,0.08636847108964071,0.0,0.0,up,up,up,up,-0.0225183671988795,0.0055716483927383,0.0,2.4563473190747035e-05,3.797
0.7969999999999997,0.0,0.1383342327853184,0.0,0.0,up,up,up,up,-0.0225183671988795,0.0055716483927383,0.0,2.4563473190747035e-05,3.812
0.8129999999999997,0.0,0.170325428097221,0.0,0.0,up,up,up,up,-0.0225183671988795,0.0055716483927383,0.0,2.4563473190747035e-05,3.828
0.8289999999999997,0.0,0.1660210257134731,0.0,0.0,up,up,up,up,-0.0225183671988795,0.0055716483927383,0.0,2.4563473190747035e-05,3.844
0.8439999999999999,0.0,0.1835702098517784,0.0,0.0,up,up,up,up,-0.0225183671988795,0.0055716483927383,0.0,2.4563473190747035e-05,3.859
0.8599999999999999,0.0,0.0424054892311488,0.0,0.0,up,up,up,up,-0.0225183671988795,0.0055716483927383,0.0,2.4563473190747035e-05,3.875
0.875,0.0,0.020513572139317,0.0,0.0,up,up,up,up,-0.0225183671988795,0.0055716483927383,0.0,2.4563473190747035e-05,3.89
0.891,0.0,0.036509844559688004,0.0,0.0,up,up,up,up,-0.0225183671988795,0.0055716483927383,0.0,2.4563473190747035e-05,3.906
0.9219999999999997,0.0,0.0302219822399536,0.0,0.0,up,up,up,up,-0.0225183671988795,0.0055716483927383,0.0,2.4563473190747035e-05,3.937
0.9379999999999997,0.0,0.0292670842717854,0.0,0.0,up,up,up,up,-0.0225183671988795,0.0055716483927383,0.0,2.4563473190747035e-05,3.953
0.9539999999999997,0.0,0.024276898785783402,0.0,0.0,up,up,up,up,-0.0225183671988795,0.0055716483927383,0.0,2.4563473190747035e-05,3.969
0.9689999999999999,0.0,0.031834337679844,0.0,0.0,up,up,up,up,-0.0225183671988795,0.0055716483927383,0.0,2.4563473190747035e-05,3.984
0.9849999999999999,0.0,0.0206778159536882,0.0,0.0,up,up,up,up,-0.0225183671988795,0.0055716483927383,0.0,2.4563473190747035e-05,4.0
1.0159999999999996,0.0,0.0,0.0,0.0,up,up,up,up,-0.0225183671988795,0.0055716483927383,0.0,2.4563473190747035e-05,4.031
1.0470000000000002,0.0,0.0,0.0,0.0,up,up,up,up,-0.0225183671988795,0.0055716483927383,0.0,2.4563473190747035e-05,4.062
1.0630000000000002,0.0,0.0649644408320679,0.0,0.0,up,up,up,up,-0.0225183671988795,0.0055716483927383,0.0,2.4563473190747035e-05,4.078
1.0790000000000002,0.0,0.06268479345275721,0.0,0.0,up,up,up,up,-0.0225183671988795,0.0055716483927383,0.0,2.4563473190747035e-05,4.094
1.0939999999999999,0.0,0.025077577855371402,0.0,0.0,up,up,up,up,-0.0225183671988795,0.0055716483927383,0.0,2.4563473190747035e-05,4.109
1.1099999999999999,0.0,0.050588118695212604,0.0,0.0,up,up,up,up,-0.0225183671988795,0.0055716483927383,0.0,2.4563473190747035e-05,4.125
1.1249999999999996,0.0,0.08522669191926119,0.0,0.0,up,up,up,up,-0.0225183671988795,0.0055716483927383,0.0,2.4563473190747035e-05,4.14
1.1409999999999996,0.0,0.0783787982588636,0.0,0.0,up,up,up,up,-0.0225183671988795,0.0055716483927383,0.0,2.4563473190747035e-05,4.156
1.1720000000000002,0.0,0.013030962114876001,0.0,0.0,up,up,up,up,-0.0225183671988795,0.0055716483927383,0.0,2.4563473190747035e-05,4.187
1.1880000000000002,0.0,0.0,0.0,0.0,up,up,up,up,-0.0225183671988795,0.0055716483927383,0.0,2.4563473190747035e-05,4.203
1.2040000000000002,0.0,0.0467395959342344,0.0,0.0,up,up,up,up,-0.0225183671988795,0.0055716483927383,0.0,2.4563473190747035e-05,4.219
1.2189999999999999,0.0,0.0325447153920554,0.0,0.0,up,up,up,up,-0.0225183671988795,0.0055716483927383,0.0,2.4563473190747035e-05,4.234
1.2349999999999999,0.0,0.028862423958083402,0.0,0.0,up,up,up,up,-0.0225183671988795,0.0055716483927383,0.0,2.4563473190747035e-05,4.25
1.2499999999999996,0.0,0.0,0.0,0.0,up,up,up,up,-0.0225183671988795,0.0055716483927383,0.0,2.4563473190747035e-05,4.265
1.2819999999999996,0.0,0.0546906481825572,0.0,0.0,up,up,up,up,-0.0225183671988795,0.0055716483927383,0.0,2.4563473190747035e-05,4.297
1.2970000000000002,0.0,0.0219393197395338,0.0,0.0,up,up,up,up,-0.0225183671988795,0.0055716483927383,0.0,2.4563473190747035e-05,4.312
1.3130000000000002,0.0,0.019073513423480702,0.0,0.0,up,up,up,up,-0.0225183671988795,0.0055716483927383,0.0,2.4563473190747035e-05,4.328
1.3290000000000002,0.0,0.09796746654108571,0.0,0.0,up,up,up,up,-0.0225183671988795,0.0055716483927383,0.0,2.4563473190747035e-05,4.344
1.3439999999999999,0.0,0.0996376198675851,0.0,0.0,up,up,up,up,-0.0225183671988795,0.0055716483927383,0.0,2.4563473190747035e-05,4.359
1.3599999999999999,0.0,0.0,0.0,0.0,up,up,up,up,-0.0225183671988795,0.0055716483927383,0.0,2.4563473190747035e-05,4.375
1.3909999999999996,0.0,0.0748648203564172,0.0,0.0,up,up,up,up,-0.0225183671988795,0.0055716483927383,0.0,2.4563473190747035e-05,4.406
1.4069999999999996,0.0,0.038412566789350996,0.0,0.0,up,up,up,up,-0.0225183671988795,0.0055716483927383,0.0,2.4563473190747035e-05,4.422
1.4380000000000002,0.0,0.0355114019749668,0.0,0.0,up,up,up,up,-0.0225183671988795,0.0055716483927383,0.0,2.4563473190747035e-05,4.453
1.4540000000000002,0.0,0.0461302196096115,0.0,0.0,up,up,up,up,-0.0225183671988795,0.0055716483927383,0.0,2.4563473190747035e-05,4.469
1.4689999999999999,0.0,0.0921513471173098,0.0,0.0,up,up,up,up,-0.0225183671988795,0.0055716483927383,0.0,2.4563473190747035e-05,4.484
1.4849999999999999,0.0,0.022365540761152502,0.0,0.0,up,up,up,up,-0.0225183671988795,0.0055716483927383,0.0,2.4563473190747035e-05,4.5
1.4999999999999996,0.0,0.0222306053164088,0.0,0.0,up,up,up,up,-0.0225183671988795,0.0055716483927383,0.0,2.4563473190747035e-05,4.515
1.5319999999999996,0.0,0.0731439796573786,0.0,0.0,up,up,up,up,-0.0225183671988795,0.0055716483927383,0.0,2.4563473190747035e-05,4.547
1.5470000000000002,0.0,0.1275038167501402,0.0,0.0,up,up,up,up,-0.0225183671988795,0.0055716483927383,0.0,2.4563473190747035e-05,4.562
1.5630000000000002,0.0,0.1179483663311365,0.0,0.0,up,up,up,up,-0.0225183671988795,0.0055716483927383,0.0,2.4563473190747035e-05,4.578
1.5790000000000002,0.0,0.0,0.0,0.0,up,up,up,up,-0.0225183671988795,0.0055716483927383,0.0,2.4563473190747035e-05,4.594
1.5939999999999999,0.0,0.1945813085303206,0.0,0.0,up,up,up,up,-0.0225183671988795,0.0055716483927383,0.0,2.4563473190747035e-05,4.609
1.6099999999999999,0.0,0.070391929215844,0.0,0.0,up,up,up,up,-0.0225183671988795,0.0055716483927383,0.0,2.4563473190747035e-05,4.625
1.6249999999999996,0.0,0.0734439115194153,0.0,0.0,up,up,up,up,-0.0225183671988795,0.0055716483927383,0.0,2.4563473190747035e-05,4.64
1.6409999999999996,0.010886502481945101,0.18778330096100082,0.0,0.0,up,up,up,up,-0.0225183671988795,0.0055716483927383,0.0,2.4563473190747035e-05,4.656
1.6569999999999996,0.013543629393144203,0.1885887991488177,0.0,0.0,up,up,up,up,-0.0225183671988795,0.0055716483927383,0.0,2.4563473190747035e-05,4.672
1.6720000000000002,0.015308742761805102,0.1401925917762697,0.0,0.0,up,up,up,up,-0.0225183671988795,0.0055716483927383,0.0,2.4563473190747035e-05,4.687
1.7040000000000002,0.0178267847929181,0.1012071806711623,0.0,0.0,up,up,up,up,-0.0225183671988795,0.0055716483927383,0.0,2.4563473190747035e-05,4.719
1.7189999999999999,0.020289195615912803,0.1866790887318629,0.0,0.0,up,up,up,up,-0.0225183671988795,0.0055716483927383,0.0,2.4563473190747035e-05,4.734
1.7349999999999999,0.021166046200775702,0.07732152875280851,0.0,0.0,up,up,up,up,-0.0225183671988795,0.0055716483927383,0.0,2.4563473190747035e-05,4.75
1.7499999999999996,0.0240047275278972,0.21176378900698392,0.0,0.0,up,up,up,up,-0.0225183671988795,0.0055716483927383,0.0,2.4563473190747035e-05,4.765
1.7819999999999996,0.027899938631319898,0.1442437141808395,0.0,0.0,up,up,up,up,-0.0225183671988795,0.0055716483927383,0.0,2.4563473190747035e-05,4.797
1.7970000000000002,0.031705469653548604,0.27622043534744933,0.0,0.0,up,up,up,up,-0.0225183671988795,0.0055716483927383,0.0,2.4563473190747035e-05,4.812
1.8130000000000002,0.036021000479054904,0.2922390437930221,0.0,0.0,up,up,up,up,-0.0225183671988795,0.0055716483927383,0.0,2.4563473190747035e-05,4.828
1.8290000000000002,0.0402085890468822,0.2842426526880858,0.0,0.0,up,up,up,up,-0.0225183671988795,0.0055716483927383,0.0,2.4563473190747035e-05,4.844
1.8439999999999999,0.0452402099779992,0.357959762606685,0.0,0.0,up,up,up,up,-0.0225183671988795,0.0055716483927383,0.0,2.4563473190747035e-05,4.859
1.8599999999999999,0.0509542025646681,0.3796429038656877,0.0,0.0,up,up,up,up,-0.0225183671988795,0.0055716483927383,0.0,2.4563473190747035e-05,4.875
1.8749999999999996,0.0565267155373892,0.3940192320469607,0.0,0.0,up,up,up,up,-0.0225183671988795,0.0055716483927383,0.0,2.4563473190747035e-05,4.89
1.8909999999999996,0.0626039939899652,0.4023482704848789,0.0,0.0,up,up,up,up,-0.0225183671988795,0.0055716483927383,0.0,2.4563473190747035e-05,4.906
1.9069999999999996,0.0677273223141573,0.342726387460882,0.0,0.0,up,up,up,up,-0.0225183671988795,0.0055716483927383,0.0,2.4563473190747035e-05,4.922
1.9380000000000002,0.072843999517616,0.1875724705362558,0.0,0.0,up,up,up,up,-0.0225183671988795,0.0055716483927383,0.0,2.4563473190747035e-05,4.953
1.9540000000000002,0.0786540757810741,0.3856481336650095,0.0,0.0,up,up,up,up,-0.0225183671988795,0.0055716483927383,0.0,2.4563473190747035e-05,4.969
1.9689999999999999,0.08592611089596511,0.5073207081916191,0.0111328735692445,0.0,up,up,up,up,-0.0225183671988795,0.0055716483927383,0.0,2.4563473190747035e-05,4.984
1.9849999999999999,0.0930181932928207,0.4657735170023578,0.0126535743770386,0.0,up,up,up,up,-0.0225183671988795,0.0055716483927383,0.0,2.4563473190747035e-05,5.0
2.0159999999999996,0.0995135877999332,0.2320472222670251,0.0158105380841511,0.0,up,up,up,up,-0.0225183671988795,0.0055716483927383,0.0,2.4563473190747035e-05,5.031
2.0319999999999996,0.104715298469472,0.3476252840450532,0.0175335155485902,0.0,up,up,up,up,-0.0225183671988795,0.0055716483927383,0.0,2.4563473190747035e-05,5.047
2.047,0.1097821421627075,0.3603079467479008,0.0192258210792227,0.0,up,up,up,up,-0.0225183671988795,0.0055716483927383,0.0,2.4563473190747035e-05,5.062
2.063,0.1148038385310315,0.3363743902191328,0.0211116552990564,0.0,up,up,up,up,-0.0225183671988795,0.0055716483927383,0.0,2.4563473190747035e-05,5.078
2.079,0.12071748875783689,0.3921215063742132,0.0230849722916512,0.0,up,up,up,up,-0.0225183671988795,0.0055716483927383,0.0,2.4563473190747035e-05,5.094
2.094,0.1266378230112988,0.4172073174296842,0.0250237118558107,0.0,up,up,up,up,-0.0225183671988795,0.0055716483927383,0.0,2.4563473190747035e-05,5.109
2.11,0.1324091636769485,0.3832271588019829,0.0271852341236005,0.0,up,up,up,up,-0.0225183671988795,0.0055716483927383,0.0,2.4563473190747035e-05,5.125
2.1249999999999996,0.1366825921345125,0.3074135977031566,0.0292869970180775,0.0,up,up,up,up,-0.0225183671988795,0.0055716483927383,0.0,2.4563473190747035e-05,5.14
2.1409999999999996,0.1417365157130597,0.3383885908580773,0.0316034962551419,0.0,up,up,up,up,-0.0225183671988795,0.0055716483927383,0.0,2.4563473190747035e-05,5.156
2.1569999999999996,0.1480421790930305,0.4166223284470503,0.0340108721878744,0.0,up,up,up,up,-0.0225183671988795,0.0055716483927383,0.0,2.4563473190747035e-05,5.172
2.172,0.1534264739474676,0.3814713574946754,0.0363554618115693,0.0,up,up,up,up,-0.0225183671988795,0.0055716483927383,0.0,2.4563473190747035e-05,5.187
2.188,0.1586749423036747,0.3505476394618211,0.0389414195158623,0.0,up,up,up,up,-0.0225183671988795,0.0055716483927383,0.0,2.4563473190747035e-05,5.203
2.204,0.1648113475931901,0.4060436977935931,0.041618456209321,0.0,up,up,up,up,-0.0225183671988795,0.0055716483927383,0.0,2.4563473190747035e-05,5.219
2.219,0.1707273856430956,0.4169209038592533,0.0442185714344842,0.0,up,up,up,up,-0.0225183671988795,0.0055716483927383,0.0,2.4563473190747035e-05,5.234
2.235,0.1760252133858309,0.35363260111983863,0.0470817386009994,0.0,up,up,up,up,-0.0225183671988795,0.0055716483927383,0.0,2.4563473190747035e-05,5.25
2.2499999999999996,0.1812137856458592,0.3684231845341017,0.0498446058196281,0.0,up,up,up,up,-0.0225183671988795,0.0055716483927383,0.0,2.4563473190747035e-05,5.265
2.2819999999999996,0.1868623695415508,0.1990366139392441,0.0559121170511943,0.010551389715480353,up,up,up,up,-0.0225183671988795,0.0055716483927383,0.0,2.4563473190747035e-05,5.297
2.297,0.1929244226202638,0.4266552391130637,0.0588440927182991,0.011412061288751652,up,up,up,up,-0.0225183671988795,0.0055716483927383,0.0,2.4563473190747035e-05,5.312
2.313,0.1988302342380646,0.3916315933114287,0.0620672763474495,0.012379352241277654,up,up,up,up,-0.0225183671988795,0.0055716483927383,0.0,2.4563473190747035e-05,5.328
2.329,0.2052922812392648,0.42639630477389373,0.065389402845552,0.013399005674821654,up,up,up,up,-0.0225183671988795,0.0055716483927383,0.0,2.4563473190747035e-05,5.344
2.344,0.2122097936764025,0.4836858630080676,0.0686042431333105,0.014403958019663052,up,up,up,up,-0.0225183671988795,0.0055716483927383,0.0,2.4563473190747035e-05,5.359
2.36,0.2189549226192665,0.4440889261278755,0.0721427072379597,0.015529933622633253,up,up,up,up,-0.0225183671988795,0.0055716483927383,0.0,2.4563473190747035e-05,5.375
2.3749999999999996,0.2251092109790509,0.4328042578511874,0.075556762965838,0.01663767964916165,up,up,up,up,-0.0225183671988795,0.0055716483927383,0.0,2.4563473190747035e-05,5.39
2.3909999999999996,0.2313673313618257,0.4136508911223,0.0792977216788489,0.01787651552631915,up,up,up,up,-0.0225183671988795,0.0055716483927383,0.0,2.4563473190747035e-05,5.406
2.4069999999999996,0.2386068574086764,0.4749887451270504,0.0831466615632967,0.01917607059225635,up,up,up,up,-0.0225183671988795,0.0055716483927383,0.0,2.4563473190747035e-05,5.422
2.422,0.2456559272524342,0.4924563567827116,0.0868622071741462,0.020451137107787253,up,up,up,up,-0.0225183671988795,0.0055716483927383,0.0,2.4563473190747035e-05,5.437
2.438,0.25282858338913355,0.4708093757425899,0.0909392296335626,0.02187354860224885,up,up,up,up,-0.0225183671988795,0.0055716483927383,0.0,2.4563473190747035e-05,5.453
2.454,0.25982514860358036,0.4598036931018043,0.0951296058637881,0.02336209928622775,up,up,up,up,-0.0225183671988795,0.0055716483927383,0.0,2.4563473190747035e-05,5.469
2.485,0.2662887325907928,0.23102107646380002,0.1034570921224757,0.02644019310501475,up,up,up,up,-0.0225183671988795,0.0055716483927383,0.0,2.4563473190747035e-05,5.5
2.4999999999999996,0.2725946681880736,0.4429140736842728,0.1075822923542082,0.02802298848858985,up,up,up,up,-0.0225183671988795,0.0055716483927383,0.0,2.4563473190747035e-05,5.515
2.5159999999999996,0.27789441693677835,0.3537526639929266,0.1120753514094908,0.029780249638699453,up,up,up,up,-0.0225183671988795,0.0055716483927383,0.0,2.4563473190747035e-05,5.531
2.5319999999999996,0.28172224146826075,0.2617574004165323,0.116641431051015,0.03160998389838355,up,up,up,up,-0.0225183671988795,0.0055716483927383,0.0,2.4563473190747035e-05,5.547
2.547,0.287051125947091,0.377777332454211,0.1209908060325213,0.033392225676510054,up,up,up,up,-0.0225183671988795,0.0055716483927383,0.0,2.4563473190747035e-05,5.562
2.563,0.29407286633637497,0.4613771415291321,0.1257289443450729,0.03536598367953085,up,up,up,up,-0.0225183671988795,0.0055716483927383,0.0,2.4563473190747035e-05,5.578
2.579,0.30093081450136516,0.451140127510766,0.1305781201660586,0.03741644019561995,up,up,up,up,-0.0225183671988795,0.0055716483927383,0.0,2.4563473190747035e-05,5.594
2.594,0.3048824206918877,0.285958779900384,0.135205294155899,0.03940981580303455,up,up,up,up,-0.0225183671988795,0.0055716483927383,0.0,2.4563473190747035e-05,5.609
2.61,0.31042514831682416,0.368938843757408,0.1402169010822525,0.04161319336493975,up,up,up,up,-0.0225183671988795,0.0055716483927383,0.0,2.4563473190747035e-05,5.625
2.6249999999999996,0.31583037252141116,0.3828666475046872,0.1449973922144302,0.04375230056466485,up,up,up,up,-0.0225183671988795,0.0055716483927383,0.0,2.4563473190747035e-05,5.64
2.6409999999999996,0.32177634248139775,0.3941414896980442,0.1501873923087365,0.046113778840850154,up,up,up,up,-0.0225183671988795,0.0055716483927383,0.0,2.4563473190747035e-05,5.656
2.6569999999999996,0.32629449920422715,0.3049031623757169,0.1554611054165053,0.04855896682265215,up,up,up,up,-0.0225183671988795,0.0055716483927383,0.0,2.4563473190747035e-05,5.672
2.672,0.3306804320198396,0.3149138882396945,0.1604719921265771,0.05092846505422535,up,up,up,up,-0.0225183671988795,0.0055716483927383,0.0,2.4563473190747035e-05,5.687
2.688,0.3363675572978302,0.3779636970732945,0.1658975224154023,0.05353942117056115,up,up,up,up,-0.0225183671988795,0.0055716483927383,0.0,2.4563473190747035e-05,5.703
2.704,0.3396831710080744,0.2297442240891378,0.1713950746161333,0.05623776194681345,up,up,up,up,-0.0225183671988795,0.0055716483927383,0.0,2.4563473190747035e-05,5.719
2.719,0.343171727100982,0.2550887733927283,0.1766000610778422,0.058847725464518254,up,up,up,up,-0.0225183671988795,0.0055716483927383,0.0,2.4563473190747035e-05,5.734
2.7499999999999996,0.34654142605188026,0.1312183333568878,0.1874633360518864,0.06449070812002895,up,up,up,up,-0.0225183671988795,0.0055716483927383,0.0,2.4563473190747035e-05,5.765
2.7659999999999996,0.349861996714699,0.2300540336250522,0.1931237098083028,0.06753540448691046,up,up,up,up,-0.0225183671988795,0.0055716483927383,0.0,2.4563473190747035e-05,5.781
2.7819999999999996,0.35266268843910537,0.19756159997427522,0.1988330536638171,0.07067105859468746,up,up,up,up,-0.0225183671988795,0.0055716483927383,0.0,2.4563473190747035e-05,5.797
2.797,0.35535991769275027,0.2023336507751997,0.2042267979356973,0.07369400748168385,up,up,up,up,-0.0225183671988795,0.0055716483927383,0.0,2.4563473190747035e-05,5.812
2.813,0.3586191056219566,0.2262176127742743,0.2100277764964987,0.07700804407714146,up,up,up,up,-0.0225183671988795,0.0055716483927383,0.0,2.4563473190747035e-05,5.828
2.829,0.36268069301234546,0.2763675790981834,0.215887321259857,0.08041536485919236,up,up,up,up,-0.0225183671988795,0.0055716483927383,0.0,2.4563473190747035e-05,5.844
2.844,0.36666091145099067,0.2878662631085696,0.221440958019223,0.08369532695378536,up,up,up,up,-0.0225183671988795,0.0055716483927383,0.0,2.4563473190747035e-05,5.859
2.86,0.36873265141418976,0.1520021148988227,0.2274132528964282,0.08728616064111056,up,up,up,up,-0.0225183671988795,0.0055716483927383,0.0,2.4563473190747035e-05,5.875
2.8749999999999996,0.37208724988616915,0.2461582653308433,0.2330529768820719,0.09073965736444926,up,up,up,up,-0.0225183671988795,0.0055716483927383,0.0,2.4563473190747035e-05,5.89
2.8909999999999996,0.3733497229041572,0.1014229308231285,0.2391056190386783,0.09451692613181525,up,up,up,up,-0.0225183671988795,0.0055716483927383,0.0,2.4563473190747035e-05,5.906
2.9069999999999996,0.37616437473592335,0.1984341066842676,0.2451908781940828,0.09839129810967735,up,up,up,up,-0.0225183671988795,0.0055716483927383,0.0,2.4563473190747035e-05,5.922
2.922,0.37854899555087235,0.1814930881954698,0.2509348031971251,0.10211224072011156,up,up,up,up,-0.0225183671988795,0.0055716483927383,0.0,2.4563473190747035e-05,5.937
2.954,0.380696793348097,0.089637048362149,0.2632610285680762,0.11033937402835475,up,up,up,up,-0.0225183671988795,0.0055716483927383,0.0,2.4563473190747035e-05,5.969
2.969,0.3825014471054314,0.1428286176878425,0.2690685900973686,0.11433184616834556,up,up,up,up,-0.0225183671988795,0.0055716483927383,0.0,2.4563473190747035e-05,5.984
2.985,0.3843260901165966,0.1365585553967075,0.2752923567694287,0.11868673374327995,up,up,up,up,-0.0225183671988795,0.0055716483927383,0.0,2.4563473190747035e-05,6.0
3.0159999999999996,0.3883195613706097,0.1513400205541407,0.2874410854676552,0.12740910209795467,up,up,up,up,-0.0225183671988795,0.0055716483927383,0.0,2.4563473190747035e-05,6.031
3.0319999999999996,0.39096556984611475,0.18789389691794892,0.2937645128916727,0.13205874688482927,up,up,up,up,-0.0225183671988795,0.0055716483927383,0.0,2.4563473190747035e-05,6.047
3.063,0.39493015465381376,0.1504081997052968,0.3061186177215967,0.14135693540933517,up,up,up,up,-0.0225183671988795,0.0055716483927383,0.0,2.4563473190747035e-05,6.078
3.079,0.3973598036003665,0.174371426358425,0.312546083761914,0.14630625302120326,up,up,up,up,-0.0225183671988795,0.0055716483927383,0.0,2.4563473190747035e-05,6.094
3.094,0.39855906881144426,0.10246938127072891,0.3185990500308935,0.15103984152464917,up,up,up,up,-0.0225183671988795,0.0055716483927383,0.0,2.4563473190747035e-05,6.109
3.11,0.39972692376339936,0.09550930169607619,0.3250744843457761,0.15618922979966257,up,up,up,up,-0.0225183671988795,0.0055716483927383,0.0,2.4563473190747035e-05,6.125
3.1249999999999996,0.400706468383568,0.08782134187678631,0.3311613095127693,0.16111099825360156,up,up,up,up,-0.0225183671988795,0.0055716483927383,0.0,2.4563473190747035e-05,6.14
3.1409999999999996,0.4045451645852883,0.2624368798063969,0.337692468950804,0.16646182848131016,up,up,up,up,-0.0225183671988795,0.0055716483927383,0.0,2.4563473190747035e-05,6.156
3.1569999999999996,0.40625178092052755,0.129181888151334,0.3442679908891343,0.17191751216002965,up,up,up,up,-0.0225183671988795,0.0055716483927383,0.0,2.4563473190747035e-05,6.172
3.172,0.4079506124608426,0.1357738032198769,0.3504580835653859,0.17712795771843876,up,up,up,up,-0.0225183671988795,0.0055716483927383,0.0,2.4563473190747035e-05,6.187
3.188,0.40924360699543527,0.10333052561092629,0.35708478369532,0.18278830065652435,up,up,up,up,-0.0225183671988795,0.0055716483927383,0.0,2.4563473190747035e-05,6.203
3.204,0.4100722560466359,0.0743089328989178,0.3637284569739403,0.18855480658187845,up,up,up,up,-0.0225183671988795,0.0055716483927383,0.0,2.4563473190747035e-05,6.219
3.219,0.4107964639252746,0.07079889244146009,0.3699685470996206,0.19405753411243007,up,up,up,up,-0.0225183671988795,0.0055716483927383,0.0,2.4563473190747035e-05,6.234
3.2499999999999996,0.4126114179707337,0.08106527189110779,0.3829040903691835,0.20572705999319646,up,up,up,up,-0.0225183671988795,0.0055716483927383,0.0,2.4563473190747035e-05,6.265
3.2659999999999996,0.41478348965648776,0.1582728475585082,0.3896123960044851,0.21190719188418575,up,up,up,up,-0.0225183671988795,0.0055716483927383,0.0,2.4563473190747035e-05,6.281
3.2819999999999996,0.41655221835328327,0.133063910748602,0.3963522280428471,0.21819490887656445,up,up,up,up,-0.0225183671988795,0.0055716483927383,0.0,2.4563473190747035e-05,6.297
3.297,0.4180869032281312,0.1248306921887335,0.402695596180599,0.22418776755824046,up,up,up,up,-0.0225183671988795,0.0055716483927383,0.0,2.4563473190747035e-05,6.312
3.313,0.41924598260542645,0.09496082827983651,0.4094834056415513,0.23068519957281766,up,up,up,up,-0.0225183671988795,0.0055716483927383,0.0,2.4563473190747035e-05,6.328
3.329,0.4203415277883505,0.0909899411316285,0.4162892520989853,0.23729138083474197,up,up,up,up,-0.0225183671988795,0.0055716483927383,0.0,2.4563473190747035e-05,6.344
3.344,0.421233807797691,0.0820037011549138,0.4226846418417715,0.24358368503929756,up,up,up,up,-0.0225183671988795,0.0055716483927383,0.0,2.4563473190747035e-05,6.359
3.36,0.4227243785272848,0.11567903779849181,0.4295254537066552,0.25040136580368494,up,up,up,up,-0.0225183671988795,0.0055716483927383,0.0,2.4563473190747035e-05,6.375
3.3749999999999996,0.42421374211852125,0.1218092732813166,0.4359610643373897,0.25689251468901514,up,up,up,up,-0.0225183671988795,0.0055716483927383,0.0,2.4563473190747035e-05,6.39
3.3909999999999996,0.42692249892958506,0.1918156678903637,0.4428593006400583,0.26392307760883477,up,up,up,up,-0.0225183671988795,0.0055716483927383,0.0,2.4563473190747035e-05,6.406
3.4069999999999996,0.42919365533937537,0.1644656428107771,0.4497973762484938,0.2710643310239432,up,up,up,up,-0.0225183671988795,0.0055716483927383,0.0,2.4563473190747035e-05,6.422
3.422,0.4314090284005801,0.1702099046125187,0.4563354711024348,0.27786032737907534,up,up,up,up,-0.0225183671988795,0.0055716483927383,0.0,2.4563473190747035e-05,6.437
3.438,0.43230051345060266,0.0782361828252898,0.4633342938115281,0.28521768549838705,up,up,up,up,-0.0225183671988795,0.0055716483927383,0.0,2.4563473190747035e-05,6.453
3.454,0.43496291582279417,0.18891851546084862,0.4703615476199991,0.29268725222983927,up,up,up,up,-0.0225183671988795,0.0055716483927383,0.0,2.4563473190747035e-05,6.469
3.469,0.43499217794730427,0.0244691754995564,0.4769697855491657,0.29979223722860787,up,up,up,up,-0.0225183671988795,0.0055716483927383,0.0,2.4563473190747035e-05,6.484
3.4999999999999996,0.43502966117754305,0.023727503658194902,0.4906278451557769,0.3147900005045344,up,up,up,up,-0.0225183671988795,0.0055716483927383,0.0,2.4563473190747035e-05,6.515
3.5159999999999996,0.43587873023646756,0.0755851833816579,0.4976842586613736,0.32269649733507155,up,up,up,up,-0.0225183671988795,0.0055716483927383,0.0,2.4563473190747035e-05,6.531
3.5319999999999996,0.4357533651688997,0.0146830504758868,0.5047464617989007,0.33071594309875374,up,up,up,up,-0.0225183671988795,0.0055716483927383,0.0,2.4563473190747035e-05,6.547
3.547,0.4355965763232473,0.012065777488719901,0.5113651610859832,0.33833678027039066,up,up,up,up,-0.0225183671988795,0.0055716483927383,0.0,2.4563473190747035e-05,6.562
3.563,0.4360038948033509,0.0479757722053587,0.5184271112292798,0.34657511844891276,up,up,up,up,-0.0225183671988795,0.0055716483927383,0.0,2.4563473190747035e-05,6.578
3.579,0.4362954820779202,0.0407425718594568,0.5254946526186137,0.35492649255969594,up,up,up,up,-0.0225183671988795,0.0055716483927383,0.0,2.4563473190747035e-05,6.594
3.594,0.43661055989290537,0.0435235548645591,0.5321250226592859,0.36285864012428004,up,up,up,up,-0.0225183671988795,0.0055716483927383,0.0,2.4563473190747035e-05,6.609
3.61,0.43752586503661206,0.079724938680551,0.5392072604330058,0.37142929838901834,up,up,up,up,-0.0225183671988795,0.0055716483927383,0.0,2.4563473190747035e-05,6.625
3.6249999999999996,0.4384530838043493,0.0843329517146914,0.5458606772752039,0.37956730792182974,up,up,up,up,-0.0225183671988795,0.0055716483927383,0.0,2.4563473190747035e-05,6.64
3.6409999999999996,0.4408675869835861,0.1734248159011831,0.5529843890157913,0.38835806845215776,up,up,up,up,-0.0225183671988795,0.0055716483927383,0.0,2.4563473190747035e-05,6.656
3.6569999999999996,0.443194836976824,0.1679714917762454,0.5601460347817584,0.39726311184253815,up,up,up,up,-0.0225183671988795,0.0055716483927383,0.0,2.4563473190747035e-05,6.672
3.672,0.44388298302414597,0.0683947703536801,0.566882693157657,0.40571582730208405,up,up,up,up,-0.0225183671988795,0.0055716483927383,0.0,2.4563473190747035e-05,6.687
3.704,0.4456857420291094,0.0788545861039858,0.5812940855070767,0.42408665576071986,up,up,up,up,-0.0225183671988795,0.0055716483927383,0.0,2.4563473190747035e-05,6.719
3.719,0.4461724724245695,0.0549670602295535,0.5880665968413703,0.43285686087833297,up,up,up,up,-0.0225183671988795,0.0055716483927383,0.0,2.4563473190747035e-05,6.734
3.735,0.44719343481436097,0.08632851656084409,0.5953026704735656,0.4423238150168525,up,up,up,up,-0.0225183671988795,0.0055716483927383,0.0,2.4563473190747035e-05,6.75
3.7659999999999996,0.44880220665065096,0.0744142328856556,0.609363324016448,0.46099613793144756,up,up,up,up,-0.0225183671988795,0.0055716483927383,0.0,2.4563473190747035e-05,6.781
3.7819999999999996,0.45017271198918785,0.10817495085743481,0.6166442697398505,0.470804198681498,up,up,up,up,-0.0225183671988795,0.0055716483927383,0.0,2.4563473190747035e-05,6.797
3.797,0.45098844154249035,0.07690033741904051,0.6234865531172294,0.48010517985292644,up,up,up,up,-0.0225183671988795,0.0055716483927383,0.0,2.4563473190747035e-05,6.812
3.813,0.45173757717023477,0.0693393439329094,0.6307975076412151,0.49013945233899403,up,up,up,up,-0.0225183671988795,0.0055716483927383,0.0,2.4563473190747035e-05,6.828
3.844,0.45182117294744195,0.025215005173304602,0.6449753893682139,0.5099139322426399,up,up,up,up,-0.0225183671988795,0.0055716483927383,0.0,2.4563473190747035e-05,6.859
3.86,0.4531435876153065,0.10516928394041289,0.6523042538269996,0.5202921693882017,up,up,up,up,-0.0225183671988795,0.0055716483927383,0.0,2.4563473190747035e-05,6.875
3.8749999999999996,0.4539943468575452,0.0792356500147908,0.659191363061437,0.5301283865148647,up,up,up,up,-0.0225183671988795,0.0055716483927383,0.0,2.4563473190747035e-05,6.89
3.8909999999999996,0.4543259635982065,0.04324441349021,0.6665470719193668,0.5407342939947112,up,up,up,up,-0.0225183671988795,0.0055716483927383,0.0,2.4563473190747035e-05,6.906
3.9069999999999996,0.4546459604204607,0.0425181685897703,0.6739079936857999,0.5514579345195525,up,up,up,up,-0.0225183671988795,0.0055716483927383,0.0,2.4563473190747035e-05,6.922
3.922,0.4565605389597654,0.1501569364858517,0.6808256171570429,0.5616184366008742,up,up,up,up,-0.0225183671988795,0.0055716483927383,0.0,2.4563473190747035e-05,6.937
3.938,0.45580575637493936,0.0246555443527438,0.6882136938940044,0.5725707510892826,up,up,up,up,-0.0225183671988795,0.0055716483927383,0.0,2.4563473190747035e-05,6.953
3.954,0.4556537219771642,0.013016217337928,0.6955945160951051,0.5836412167691954,up,up,up,up,-0.0225183671988795,0.0055716483927383,0.0,2.4563473190747035e-05,6.969
3.985,0.45547229216674806,0.0166657926693268,0.7098896904145106,0.6054262219700943,up,up,up,up,-0.0225183671988795,0.0055716483927383,0.0,2.4563473190747035e-05,7.0
3.9999999999999996,0.45629320928987666,0.0772461754074536,0.7168115064013262,0.6161264809462129,up,up,up,up,-0.0225183671988795,0.0055716483927383,0.0,2.4563473190747035e-05,7.015
4.016,0.45596112313320347,0.0,0.7241986874349946,0.6276545624969035,up,up,up,up,-0.0225183671988795,0.0055716483927383,0.0,2.4563473190747035e-05,7.031
4.032,0.45562560686273557,0.0,0.731580527649246,0.6393007962175775,up,up,up,up,-0.0225183671988795,0.0055716483927383,0.0,2.4563473190747035e-05,7.047
4.047000000000001,0.45575273292170065,0.030993437796548,0.7384994399235206,0.6503263959743737,up,up,up,up,-0.0225183671988795,0.0055716483927383,0.0,2.4563473190747035e-05,7.062
4.063000000000001,0.45689595778157077,0.0939699209407652,0.7458897758234306,0.6622015097003493,up,up,up,up,-0.0225183671988795,0.0055716483927383,0.0,2.4563473190747035e-05,7.078
4.079000000000001,0.4574284677540011,0.0558002404757708,0.753293517601999,0.6741949760477528,up,up,up,up,-0.0225183671988795,0.0055716483927383,0.0,2.4563473190747035e-05,7.094
4.093999999999999,0.45892802294858015,0.122488713504156,0.7602497660081593,0.6855465506748287,up,up,up,up,-0.0225183671988795,0.0055716483927383,0.0,2.4563473190747035e-05,7.109
4.109999999999999,0.45962285254891455,0.0659452172197795,0.7676873193864231,0.6977700473579854,up,up,up,up,-0.0225183671988795,0.0055716483927383,0.0,2.4563473190747035e-05,7.125
4.125,0.46028742447765936,0.06682316244853409,0.7746702211900133,0.7093377289123084,up,up,up,up,-0.0225183671988795,0.0055716483927383,0.0,2.4563473190747035e-05,7.14
4.157,0.4619729348729287,0.0751905670510456,0.7896046796881904,0.7343661273263596,up,up,up,up,-0.0225183671988795,0.0055716483927383,0.0,2.4563473190747035e-05,7.172
4.172000000000001,0.46356165368541546,0.1284329546979947,0.7966297638282693,0.7462628856527336,up,up,up,up,-0.0225183671988795,0.0055716483927383,0.0,2.4563473190747035e-05,7.187
4.188000000000001,0.46495559093161637,0.1096394450864325,0.8041470481594895,0.7590691001486357,up,up,up,up,-0.0225183671988795,0.0055716483927383,0.0,2.4563473190747035e-05,7.203
4.204000000000001,0.4658818693092855,0.0804107658031995,0.8116828942157005,0.7719957396876372,up,up,up,up,-0.0225183671988795,0.0055716483927383,0.0,2.4563473190747035e-05,7.219
4.218999999999999,0.4668237165605725,0.0853081839513466,0.8187617608356154,0.7842240746005218,up,up,up,up,-0.0225183671988795,0.0055716483927383,0.0,2.4563473190747035e-05,7.234
4.25,0.466323711538788,0.0,0.8333982670713302,0.8098325550330792,up,up,up,up,-0.0225183671988795,0.0055716483927383,0.0,2.4563473190747035e-05,7.265
4.266,0.4667417737998978,0.048647258518245196,0.8409519373283235,0.8232273566682764,up,up,up,up,-0.0225183671988795,0.0055716483927383,0.0,2.4563473190747035e-05,7.281
4.282,0.46725829126925517,0.0548007090337122,0.8485130842231605,0.8367430768406883,up,up,up,up,-0.0225183671988795,0.0055716483927383,0.0,2.4563473190747035e-05,7.297
4.297000000000001,0.46775606717516816,0.0557034275930812,0.855609266637385,0.8495239944721429,up,up,up,up,-0.0225183671988795,0.0055716483927383,0.0,2.4563473190747035e-05,7.312
4.313000000000001,0.4687925295330704,0.0872972645677684,0.8631908017853347,0.8632743950195246,up,up,up,up,-0.0225183671988795,0.0055716483927383,0.0,2.4563473190747035e-05,7.328
4.329000000000001,0.4690322013320838,0.0374978546372174,0.8707825460065397,0.8771461818018597,up,up,up,up,-0.0225183671988795,0.0055716483927383,0.0,2.4563473190747035e-05,7.344
4.343999999999999,0.46919168539551137,0.0331506380940519,0.8779027998828876,0.8902613218960301,up,up,up,up,-0.0225183671988795,0.0055716483927383,0.0,2.4563473190747035e-05,7.359
4.359999999999999,0.4688793547274149,0.0,0.8854965145781548,0.9043685164117184,up,up,up,up,-0.0225183671988795,0.0055716483927383,0.0,2.4563473190747035e-05,7.375
4.375,0.47054055627057956,0.1332651367431976,0.8926257386365307,0.9177044333108284,up,up,up,up,-0.0225183671988795,0.0055716483927383,0.0,2.4563473190747035e-05,7.39
4.391,0.4721034595985092,0.12019982519448141,0.9002560371377673,0.9320474875170228,up,up,up,up,-0.0225183671988795,0.0055716483927383,0.0,2.4563473190747035e-05,7.406
4.407,0.4711317469422039,0.0382136738202052,0.9078910651643768,0.94651266433544,up,up,up,up,-0.0225183671988795,0.0055716483927383,0.0,2.4563473190747035e-05,7.422
4.422000000000001,0.47165356556755716,0.0573062755557632,0.9150455297340914,0.9601846887971788,up,up,up,up,-0.0225183671988795,0.0055716483927383,0.0,2.4563473190747035e-05,7.437
4.438000000000001,0.4718772729463599,0.036500078374050005,0.9226829228164866,0.9748865164175836,up,up,up,up,-0.0225183671988795,0.0055716483927383,0.0,2.4563473190747035e-05,7.453
4.454000000000001,0.4720435711740141,0.0329120064272693,0.9303234359437332,0.9897105672876652,up,up,up,up,-0.0225183671988795,0.0055716483927383,0.0,2.4563473190747035e-05,7.469
4.468999999999999,0.47330520464767295,0.10662726544280249,0.9374971264882868,1.0037192215059052,up,up,up,up,-0.0225183671988795,0.0055716483927383,0.0,2.4563473190747035e-05,7.484
4.484999999999999,0.47242243418908636,0.0326547864627788,0.9451520939732648,1.0187804152695976,up,up,up,up,-0.0225183671988795,0.0055716483927383,0.0,2.4563473190747035e-05,7.5
4.516,0.4716075879456821,0.0,0.9599572804165284,1.048309610572639,up,up,up,up,-0.0225183671988795,0.0055716483927383,0.0,2.4563473190747035e-05,7.531
4.532,0.4711410499762519,0.0,0.9675884158941876,1.0637299761431247,up,up,up,up,-0.0225183671988795,0.0055716483927383,0.0,2.4563473190747035e-05,7.547
4.547000000000001,0.4706598829045508,0.0,0.974735497616685,1.0782974054944567,up,up,up,up,-0.0225183671988795,0.0055716483927383,0.0,2.4563473190747035e-05,7.562
4.563000000000001,0.47158919118854925,0.0806001349487862,0.9823626365837136,1.09395419056806,up,up,up,up,-0.0225183671988795,0.0055716483927383,0.0,2.4563473190747035e-05,7.578
4.579000000000001,0.47214189821974095,0.0570625566483608,0.9900016316732638,1.1097331047141157,up,up,up,up,-0.0225183671988795,0.0055716483927383,0.0,2.4563473190747035e-05,7.594
4.593999999999999,0.47304457326476707,0.08269670353395131,0.9971741049352884,1.1246369227386794,up,up,up,up,-0.0225183671988795,0.0055716483927383,0.0,2.4563473190747035e-05,7.609
4.609999999999999,0.47394868181179817,0.07902515138832669,1.004839197350185,1.1406530291569632,up,up,up,up,-0.0225183671988795,0.0055716483927383,0.0,2.4563473190747035e-05,7.625
4.625,0.475042821638775,0.09546102233066861,1.012040208351955,1.1557796246997287,up,up,up,up,-0.0225183671988795,0.0055716483927383,0.0,2.4563473190747035e-05,7.64
4.641,0.4742725873705549,0.025621274564876298,1.0197238779983135,1.1720337373905312,up,up,up,up,-0.0225183671988795,0.0055716483927383,0.0,2.4563473190747035e-05,7.656
4.657,0.47353188669375085,0.023775425101376396,1.027395460165112,1.1884106920958386,up,up,up,up,-0.0225183671988795,0.0055716483927383,0.0,2.4563473190747035e-05,7.672
4.672000000000001,0.47480743671357395,0.1075550351870867,1.034591579816558,1.2038755948957016,up,up,up,up,-0.0225183671988795,0.0055716483927383,0.0,2.4563473190747035e-05,7.687
4.688000000000001,0.47670128081004215,0.1408836232281419,1.0422927959310309,1.2204906699016824,up,up,up,up,-0.0225183671988795,0.0055716483927383,0.0,2.4563473190747035e-05,7.703
4.704000000000001,0.47855657349100156,0.1384741597588424,1.050024005139723,1.2372292043102484,up,up,up,up,-0.0225183671988795,0.0055716483927383,0.0,2.4563473190747035e-05,7.719
4.718999999999999,0.4797300453722518,0.1007498259488922,1.0572947295070882,1.2530340948200993,up,up,up,up,-0.0225183671988795,0.0055716483927383,0.0,2.4563473190747035e-05,7.734
4.75,0.48076017037528196,0.0557482060063067,1.0723550489513498,1.2860436663862045,up,up,up,up,-0.0225183671988795,0.0055716483927383,0.0,2.4563473190747035e-05,7.765
4.766,0.4808488861727991,0.0280631045436998,1.0801370677780182,1.3032636033200395,up,up,up,up,-0.0225183671988795,0.0055716483927383,0.0,2.4563473190747035e-05,7.781
4.782,0.4809045583305789,0.0259978770601167,1.0879202417083291,1.3206080617959304,up,up,up,up,-0.0225183671988795,0.0055716483927383,0.0,2.4563473190747035e-05,7.797
4.797000000000001,0.48032149501513466,0.0163525204974004,1.0952130118343133,1.336981561197501,up,up,up,up,-0.0225183671988795,0.0055716483927383,0.0,2.4563473190747035e-05,7.812
4.813000000000001,0.48168970726687205,0.1080316329324627,1.1029982478268532,1.3545672512747902,up,up,up,up,-0.0225183671988795,0.0055716483927383,0.0,2.4563473190747035e-05,7.828
4.829000000000001,0.4830376593203632,0.10676537054207569,1.1108052131338348,1.3722776789624758,up,up,up,up,-0.0225183671988795,0.0055716483927383,0.0,2.4563473190747035e-05,7.844
4.843999999999999,0.48413850777462747,0.095908264149833,1.1181426091129385,1.3889947876293263,up,up,up,up,-0.0225183671988795,0.0055716483927383,0.0,2.4563473190747035e-05,7.859
4.859999999999999,0.48406549154129946,0.017954852615879202,1.1259773874817496,1.4069477476020835,up,up,up,up,-0.0225183671988795,0.0055716483927383,0.0,2.4563473190747035e-05,7.875
4.891,0.4846386986358003,0.041008918634389796,1.1411650235296693,1.4420884549727604,up,up,up,up,-0.0225183671988795,0.0055716483927383,0.0,2.4563473190747035e-05,7.906
4.907,0.4847333865678163,0.028436362949883002,1.149009146585582,1.4604098483336825,up,up,up,up,-0.0225183671988795,0.0055716483927383,0.0,2.4563473190747035e-05,7.922
4.922000000000001,0.48390743271273357,0.0325452231399699,1.1563575274560776,1.4777000983889956,up,up,up,up,-0.0225183671988795,0.0055716483927383,0.0,2.4563473190747035e-05,7.937
4.938000000000001,0.4852702417480544,0.10769393190643081,1.1642000952260476,1.4962645593704529,up,up,up,up,-0.0225183671988795,0.0055716483927383,0.0,2.4563473190747035e-05,7.953
4.954000000000001,0.48671665218814836,0.11291901970475249,1.1720651367518211,1.5149546812262755,up,up,up,up,-0.0225183671988795,0.0055716483927383,0.0,2.4563473190747035e-05,7.969
4.968999999999999,0.48813120117256936,0.1168216328269521,1.1794600703779174,1.5325911202797482,up,up,up,up,-0.0225183671988795,0.0055716483927383,0.0,2.4563473190747035e-05,7.984
5.0,0.4883664596473097,0.0301073502550168,1.1947685052208008,1.569391663201529,up,up,up,up,-0.0225183671988795,0.0055716483927383,0.0,2.4563473190747035e-05,8.015
5.016,0.48914344500764706,0.0710799522199691,1.2026777308323242,1.588571233089954,up,up,up,up,-0.0225183671988795,0.0055716483927383,0.0,2.4563473190747035e-05,8.031
5.032,0.48989277370257517,0.0693514106318827,1.21059916695629,1.6078774482722629,up,up,up,up,-0.0225183671988795,0.0055716483927383,0.0,2.4563473190747035e-05,8.047
5.046999999999999,0.4884044292522188,0.0767045961582214,1.218019970704341,1.6260920918047161,up,up,up,up,-0.0225183671988795,0.0055716483927383,0.0,2.4563473190747035e-05,8.062
5.062999999999999,0.4884543179702643,0.025636412076727302,1.225923987056405,1.645643643466802,up,up,up,up,-0.0225183671988795,0.0055716483927383,0.0,2.4563473190747035e-05,8.078
5.078999999999999,0.48659718554340975,0.0935524094795323,1.2338135454587982,1.6653215437269238,up,up,up,up,-0.0225183671988795,0.0055716483927383,0.0,2.4563473190747035e-05,8.094
5.093999999999999,0.4847865862882302,0.0981882498130871,1.2411824984734268,1.6838840140564162,up,up,up,up,-0.0225183671988795,0.0055716483927383,0.0,2.4563473190747035e-05,8.109
5.109999999999999,0.4845892127899934,0.0101825235590804,1.2490266512403363,1.7038056872541263,up,up,up,up,-0.0225183671988795,0.0055716483927383,0.0,2.4563473190747035e-05,8.125
5.125,0.4834481866561103,0.053550041726658705,1.2563705064620734,1.7225961659368951,up,up,up,up,-0.0225183671988795,0.0055716483927383,0.0,2.4563473190747035e-05,8.14
5.141,0.482332472343753,0.047213777323447996,1.264185898108356,1.7427606171734586,up,up,up,up,-0.0225183671988795,0.0055716483927383,0.0,2.4563473190747035e-05,8.156
5.157,0.4834241108875297,0.09074577618492291,1.27200109714849,1.7630501131355134,up,up,up,up,-0.0225183671988795,0.0055716483927383,0.0,2.4563473190747035e-05,8.172
5.171999999999999,0.483183585808547,0.0,1.279334229599601,1.7821851280861225,up,up,up,up,-0.0225183671988795,0.0055716483927383,0.0,2.4563473190747035e-05,8.187
5.187999999999999,0.4829207376468201,0.0,1.2871522105615278,1.8027170196074116,up,up,up,up,-0.0225183671988795,0.0055716483927383,0.0,2.4563473190747035e-05,8.203
5.218999999999999,0.48256061299129455,0.0109014428270864,1.3022898925965938,1.8428533722063631,up,up,up,up,-0.0225183671988795,0.0055716483927383,0.0,2.4563473190747035e-05,8.234
5.234999999999999,0.48136128567234776,0.05243959023529449,1.3100904141601868,1.8637524146604172,up,up,up,up,-0.0225183671988795,0.0055716483927383,0.0,2.4563473190747035e-05,8.25
5.25,0.48070229921611585,0.021414063216575997,1.3173894657727416,1.8834585137599151,up,up,up,up,-0.0225183671988795,0.0055716483927383,0.0,2.4563473190747035e-05,8.265
5.266,0.48005753567263737,0.017779354268528696,1.3251646908261354,1.9045989470127063,up,up,up,up,-0.0225183671988795,0.0055716483927383,0.0,2.4563473190747035e-05,8.281
5.282,0.4795946426077738,0.0,1.3329310546266626,1.9258637129763287,up,up,up,up,-0.0225183671988795,0.0055716483927383,0.0,2.4563473190747035e-05,8.297
5.296999999999999,0.4787439189649004,0.0341965423260196,1.3402021685643482,1.9459122121502597,up,up,up,up,-0.0225183671988795,0.0055716483927383,0.0,2.4563473190747035e-05,8.312
5.312999999999999,0.4797212827381064,0.0836036030242549,1.347959036552256,1.9674175017911928,up,up,up,up,-0.0225183671988795,0.0055716483927383,0.0,2.4563473190747035e-05,8.328
5.328999999999999,0.47917845902780526,0.011408114694940498,1.3557193808606671,1.989046929130496,up,up,up,up,-0.0225183671988795,0.0055716483927383,0.0,2.4563473190747035e-05,8.344
5.343999999999999,0.4786963857857583,0.0,1.36298701692266,2.009437227113872,up,up,up,up,-0.0225183671988795,0.0055716483927383,0.0,2.4563473190747035e-05,8.359
5.359999999999999,0.47780778097279436,0.0330194336113662,1.3707281966310123,2.0313069488223015,up,up,up,up,-0.0225183671988795,0.0055716483927383,0.0,2.4563473190747035e-05,8.375
5.375,0.47781627450632597,0.0230846027676532,1.377978951772997,2.0519222524353324,up,up,up,up,-0.0225183671988795,0.0055716483927383,0.0,2.4563473190747035e-05,8.39
5.391,0.47880331882903,0.0842086373678808,1.3857210548939636,2.0740318524886683,up,up,up,up,-0.0225183671988795,0.0055716483927383,0.0,2.4563473190747035e-05,8.406
5.407,0.4797769326561472,0.0833692313937074,1.3934788432801288,2.0962654516740615,up,up,up,up,-0.0225183671988795,0.0055716483927383,0.0,2.4563473190747035e-05,8.422
5.421999999999999,0.48147492058631336,0.1357175625433005,1.400771806905338,2.1172223315504506,up,up,up,up,-0.0225183671988795,0.0055716483927383,0.0,2.4563473190747035e-05,8.437
5.437999999999999,0.4834162960167064,0.1438543315984397,1.4085800830124455,2.139697146669793,up,up,up,up,-0.0225183671988795,0.0055716483927383,0.0,2.4563473190747035e-05,8.453
5.453999999999999,0.48533086902915556,0.1421791804769568,1.4164192067070964,2.162297140987549,up,up,up,up,-0.0225183671988795,0.0055716483927383,0.0,2.4563473190747035e-05,8.469
5.468999999999999,0.4855231743493711,0.0353387218799139,1.4237841867583267,2.1835986664385403,up,up,up,up,-0.0225183671988795,0.0055716483927383,0.0,2.4563473190747035e-05,8.484
5.5,0.48556169479325106,0.023760962162749602,1.4390087233302125,2.2279719565449136,up,up,up,up,-0.0225183671988795,0.0055716483927383,0.0,2.4563473190747035e-05,8.515
5.516,0.48560201333447495,0.025038276025372102,1.446867179369518,2.2510589637665115,up,up,up,up,-0.0225183671988795,0.0055716483927383,0.0,2.4563473190747035e-05,8.531
5.532,0.4863045189602034,0.066424968806903,1.4547315780021592,2.274271753825485,up,up,up,up,-0.0225183671988795,0.0055716483927383,0.0,2.4563473190747035e-05,8.547
5.546999999999999,0.4854587233673975,0.0338680056548478,1.4621033770455067,2.2961480159883405,up,up,up,up,-0.0225183671988795,0.0055716483927383,0.0,2.4563473190747035e-05,8.562
5.562999999999999,0.4861260917829924,0.0642288931735603,1.4699652019409937,2.3196045646202323,up,up,up,up,-0.0225183671988795,0.0055716483927383,0.0,2.4563473190747035e-05,8.578
5.578999999999999,0.48676077251053235,0.0621859126701242,1.4778374432296255,2.3431869857815975,up,up,up,up,-0.0225183671988795,0.0055716483927383,0.0,2.4563473190747035e-05,8.594
5.593999999999999,0.4864765982383333,0.0,1.4852202982361336,2.3654099188425914,up,up,up,up,-0.0225183671988795,0.0055716483927383,0.0,2.4563473190747035e-05,8.609
5.609999999999999,0.4846701811673207,0.09038269973940721,1.4930786188456626,2.3892363101792458,up,up,up,up,-0.0225183671988795,0.0055716483927383,0.0,2.4563473190747035e-05,8.625
5.625,0.4855881785331811,0.0837181915895706,1.5004391312693075,2.4116876933051095,up,up,up,up,-0.0225183671988795,0.0055716483927383,0.0,2.4563473190747035e-05,8.64
5.657,0.4861587466266908,0.0403486201210591,1.5161653748204331,2.459953365402545,up,up,up,up,-0.0225183671988795,0.0055716483927383,0.0,2.4563473190747035e-05,8.672
5.671999999999999,0.48669164354918776,0.058044828698676804,1.523545327472643,2.4827511956697412,up,up,up,up,-0.0225183671988795,0.0055716483927383,0.0,2.4563473190747035e-05,8.687
5.687999999999999,0.4867037900994334,0.0232775265892305,1.5314216373161158,2.5071909313880507,up,up,up,up,-0.0225183671988795,0.0055716483927383,0.0,2.4563473190747035e-05,8.703
5.703999999999999,0.4856863034398949,0.04107454902227609,1.5392899044387145,2.531756623722089,up,up,up,up,-0.0225183671988795,0.0055716483927383,0.0,2.4563473190747035e-05,8.719
5.734999999999999,0.48469790741550156,0.0,1.554503580807148,2.5797104227434016,up,up,up,up,-0.0225183671988795,0.0055716483927383,0.0,2.4563473190747035e-05,8.75
5.75,0.48587827012548956,0.10120921453140999,1.561866476864597,2.60308319817594,up,up,up,up,-0.0225183671988795,0.0055716483927383,0.0,2.4563473190747035e-05,8.765
5.766,0.48412474416906015,0.08707700507795871,1.5697156473532372,2.6281358551696825,up,up,up,up,-0.0225183671988795,0.0055716483927383,0.0,2.4563473190747035e-05,8.781
5.782,0.4824227673219337,0.08385518574652501,1.577537173819449,2.653313877739064,up,up,up,up,-0.0225183671988795,0.0055716483927383,0.0,2.4563473190747035e-05,8.797
5.796999999999999,0.48331669325924237,0.0821134296861267,1.5848637944996984,2.6770318850014556,up,up,up,up,-0.0225183671988795,0.0055716483927383,0.0,2.4563473190747035e-05,8.812
5.812999999999999,0.48298153696062407,0.0,1.5926833267157412,2.702452261971179,up,up,up,up,-0.0225183671988795,0.0055716483927383,0.0,2.4563473190747035e-05,8.828
5.828999999999999,0.48265030634469497,0.0,1.6004975278364677,2.727997708807597,up,up,up,up,-0.0225183671988795,0.0055716483927383,0.0,2.4563473190747035e-05,8.844
5.843999999999999,0.48169637822745776,0.0410768406169359,1.60781370269665,2.7520600430365962,up,up,up,up,-0.0225183671988795,0.0055716483927383,0.0,2.4563473190747035e-05,8.859
5.859999999999999,0.4823697353932684,0.06460319006204371,1.6156153779798996,2.777847475682009,up,up,up,up,-0.0225183671988795,0.0055716483927383,0.0,2.4563473190747035e-05,8.875
5.875,0.48262824038759966,0.0397520334876343,1.6229364375241475,2.80213661429829,up,up,up,up,-0.0225183671988795,0.0055716483927383,0.0,2.4563473190747035e-05,8.89
5.891,0.4828553031465291,0.0367097896319647,1.6307494522467043,2.828166101416457,up,up,up,up,-0.0225183671988795,0.0055716483927383,0.0,2.4563473190747035e-05,8.906
5.907,0.4830306655922101,0.0334785200539457,1.638565686370898,2.854320622525398,up,up,up,up,-0.0225183671988795,0.0055716483927383,0.0,2.4563473190747035e-05,8.922
5.937999999999999,0.48330903138729836,0.0314979089759192,1.6537166727742547,2.905350999092146,up,up,up,up,-0.0225183671988795,0.0055716483927383,0.0,2.4563473190747035e-05,8.953
5.953999999999999,0.48356666965591627,0.038620758987498796,1.6615408247568844,2.9318730590723945,up,up,up,up,-0.0225183671988795,0.0055716483927383,0.0,2.4563473190747035e-05,8.969
5.968999999999999,0.48370318868516726,0.0316196358156156,1.6688789234203338,2.9568512071837256,up,up,up,up,-0.0225183671988795,0.0055716483927383,0.0,2.4563473190747035e-05,8.984
5.984999999999999,0.48401625126970416,0.042084778732435296,1.6767098253142567,2.983615917173602,up,up,up,up,-0.0225183671988795,0.0055716483927383,0.0,2.4563473190747035e-05,9.0
6.0,0.4842901966055156,0.040781389586303896,1.6840556983992123,3.008821658601454,up,up,up,up,-0.0225183671988795,0.0055716483927383,0.0,2.4563473190747035e-05,9.015
6.016,0.48486355816561577,0.0583534647051443,1.6918980748116652,3.0358292887871414,up,up,up,up,-0.0225183671988795,0.0055716483927383,0.0,2.4563473190747035e-05,9.031
6.032,0.48569694850977285,0.074605263708697,1.699751705239352,3.0629624870275496,up,up,up,up,-0.0225183671988795,0.0055716483927383,0.0,2.4563473190747035e-05,9.047
6.046999999999999,0.48485155446241995,0.0338412359579886,1.707114393737534,3.0885139827698738,up,up,up,up,-0.0225183671988795,0.0055716483927383,0.0,2.4563473190747035e-05,9.062
6.062999999999999,0.48666037036671916,0.1355693612175835,1.7149756355104508,3.1158907030038576,up,up,up,up,-0.0225183671988795,0.0055716483927383,0.0,2.4563473190747035e-05,9.078
6.078999999999999,0.48722661097245457,0.057908405057342,1.722855877735448,3.143393355109825,up,up,up,up,-0.0225183671988795,0.0055716483927383,0.0,2.4563473190747035e-05,9.094
6.109999999999999,0.4854540505666379,0.0346610007306919,1.7381051490894792,3.1970382510256123,up,up,up,up,-0.0225183671988795,0.0055716483927383,0.0,2.4563473190747035e-05,9.125
6.125,0.48660435343159675,0.0992052248628015,1.7454791618453571,3.2231651333576252,up,up,up,up,-0.0225183671988795,0.0055716483927383,0.0,2.4563473190747035e-05,9.14
6.141,0.4859319807414569,0.019504925934862097,1.7533485988930255,3.251155755443532,up,up,up,up,-0.0225183671988795,0.0055716483927383,0.0,2.4563473190747035e-05,9.156
6.157,0.48526261317424085,0.0193171057521222,1.761207302018635,3.2792722026508256,up,up,up,up,-0.0225183671988795,0.0055716483927383,0.0,2.4563473190747035e-05,9.172
6.171999999999999,0.48428675268449345,0.042538998784286,1.768562496988466,3.305745476143376,up,up,up,up,-0.0225183671988795,0.0055716483927383,0.0,2.4563473190747035e-05,9.187
6.187999999999999,0.48376331898736075,0.010196238871914301,1.7763960439361246,3.334105144470773,up,up,up,up,-0.0225183671988795,0.0055716483927383,0.0,2.4563473190747035e-05,9.203
6.218999999999999,0.48326586975841407,0.0,1.791557717461859,3.3894084277724428,up,up,up,up,-0.0225183671988795,0.0055716483927383,0.0,2.4563473190747035e-05,9.234
6.234999999999999,0.48275967661223085,0.0,1.7993750682071084,3.4181358900577945,up,up,up,up,-0.0225183671988795,0.0055716483927383,0.0,2.4563473190747035e-05,9.25
6.25,0.4818303388521877,0.0394374834706664,1.8066930680489828,3.4451814010797164,up,up,up,up,-0.0225183671988795,0.0055716483927383,0.0,2.4563473190747035e-05,9.265
6.266,0.48093667424931225,0.0333356704808349,1.8144843505280783,3.474150820428333,up,up,up,up,-0.0225183671988795,0.0055716483927383,0.0,2.4563473190747035e-05,9.281
6.282,0.48133637095502557,0.0474994113059658,1.822271681263997,3.5032448686826694,up,up,up,up,-0.0225183671988795,0.0055716483927383,0.0,2.4563473190747035e-05,9.297
6.296999999999999,0.4816557293166977,0.043808924643686,1.8295776967419253,3.5306337390177114,up,up,up,up,-0.0225183671988795,0.0055716483927383,0.0,2.4563473190747035e-05,9.312
6.312999999999999,0.4830671320883493,0.11073104042710671,1.8373846260074496,3.5599694375997064,up,up,up,up,-0.0225183671988795,0.0055716483927383,0.0,2.4563473190747035e-05,9.328
6.328999999999999,0.48444976370938875,0.10893284351384591,1.8452139075481155,3.5894302258681505,up,up,up,up,-0.0225183671988795,0.0055716483927383,0.0,2.4563473190747035e-05,9.344
6.343999999999999,0.48449984714280525,0.0258572627599796,1.852564604355398,3.6171635647074285,up,up,up,up,-0.0225183671988795,0.0055716483927383,0.0,2.4563473190747035e-05,9.359
6.359999999999999,0.48566132560740455,0.09511077123633199,1.8604150401116837,3.6468674018631653,up,up,up,up,-0.0225183671988795,0.0055716483927383,0.0,2.4563473190747035e-05,9.375
6.375,0.4867501560331356,0.09510706224761309,1.8677917009498788,3.674828952421129,up,up,up,up,-0.0225183671988795,0.0055716483927383,0.0,2.4563473190747035e-05,9.39
6.391,0.4861454419022522,0.015276265981330799,1.8756640121076456,3.704776598125588,up,up,up,up,-0.0225183671988795,0.0055716483927383,0.0,2.4563473190747035e-05,9.406
6.407,0.48820935825462897,0.1515131392224289,1.8835479968831847,3.7348502941975146,up,up,up,up,-0.0225183671988795,0.0055716483927383,0.0,2.4563473190747035e-05,9.422
6.421999999999999,0.49023573388699226,0.1576100760231102,1.8909699098001371,3.7631591784976375,up,up,up,up,-0.0225183671988795,0.0055716483927383,0.0,2.4563473190747035e-05,9.437
6.453999999999999,0.4898925797706646,0.0117948010636395,1.9068302555672276,3.823923981143515,up,up,up,up,-0.0225183671988795,0.0055716483927383,0.0,2.4563473190747035e-05,9.469
6.468999999999999,0.4884950710227561,0.07064888266168759,1.9142517376740693,3.852582096092826,up,up,up,up,-0.0225183671988795,0.0055716483927383,0.0,2.4563473190747035e-05,9.484
6.484999999999999,0.4871597157179118,0.0609413393538891,1.9221461223422784,3.8832732789729567,up,up,up,up,-0.0225183671988795,0.0055716483927383,0.0,2.4563473190747035e-05,9.5
6.5,0.4895876493018197,0.18438060612606771,1.9295553023058176,3.9121610396578186,up,up,up,up,-0.0225183671988795,0.0055716483927383,0.0,2.4563473190747035e-05,9.515
6.532,0.48809891891997026,0.0240044572339135,1.9453765801459344,3.9741599497770466,up,up,up,up,-0.0225183671988795,0.0055716483927383,0.0,2.4563473190747035e-05,9.547
6.546999999999999,0.48812570504473207,0.024304108849667102,1.95278183955156,4.003396137924775,up,up,up,up,-0.0225183671988795,0.0055716483927383,0.0,2.4563473190747035e-05,9.562
6.562999999999999,0.48851622595832117,0.0469259242981946,1.960684121373868,4.034703865612179,up,up,up,up,-0.0225183671988795,0.0055716483927383,0.0,2.4563473190747035e-05,9.578
6.578999999999999,0.48888414968537575,0.0455136001397939,1.9685924707533016,4.066138078349196,up,up,up,up,-0.0225183671988795,0.0055716483927383,0.0,2.4563473190747035e-05,9.594
6.593999999999999,0.48778588918375476,0.050698999575849994,1.9760010707707116,4.095722529910628,up,up,up,up,-0.0225183671988795,0.0055716483927383,0.0,2.4563473190747035e-05,9.609
6.609999999999999,0.48727994566234045,0.0,1.983890743823762,4.127401664427383,up,up,up,up,-0.0225183671988795,0.0055716483927383,0.0,2.4563473190747035e-05,9.625
6.625,0.4865543126234347,0.0258571687281737,1.9912780754867936,4.157215430572213,up,up,up,up,-0.0225183671988795,0.0055716483927383,0.0,2.4563473190747035e-05,9.64
6.641,0.48585290392762737,0.0213196762890741,1.9991464795934824,4.189138827012855,up,up,up,up,-0.0225183671988795,0.0055716483927383,0.0,2.4563473190747035e-05,9.656
6.657,0.48529212134678806,0.012530544103580302,2.007004786169961,4.221188037138963,up,up,up,up,-0.0225183671988795,0.0055716483927383,0.0,2.4563473190747035e-05,9.672
6.671999999999999,0.4857140779954925,0.0506488104458471,2.0143709073909184,4.251348354840667,up,up,up,up,-0.0225183671988795,0.0055716483927383,0.0,2.4563473190747035e-05,9.687
6.687999999999999,0.48616813634075307,0.0508970137776655,2.022235111479892,4.2836412029916335,up,up,up,up,-0.0225183671988795,0.0055716483927383,0.0,2.4563473190747035e-05,9.703
6.718999999999999,0.486118733546844,0.0209247286856834,2.037478279063325,4.346566760545055,up,up,up,up,-0.0225183671988795,0.0055716483927383,0.0,2.4563473190747035e-05,9.734
6.734999999999999,0.48606695722868665,0.019282347314046,2.045344910963813,4.379229346065272,up,up,up,up,-0.0225183671988795,0.0055716483927383,0.0,2.4563473190747035e-05,9.75
6.75,0.48602854686550145,0.0199576763198668,2.052719201970411,4.4099648269122795,up,up,up,up,-0.0225183671988795,0.0055716483927383,0.0,2.4563473190747035e-05,9.765
6.766,0.48424532012442795,0.08893330411821801,2.060570539280614,4.442871144842288,up,up,up,up,-0.0225183671988795,0.0055716483927383,0.0,2.4563473190747035e-05,9.781
6.782,0.4840377706093833,0.0,2.068405950380769,4.475902956759579,up,up,up,up,-0.0225183671988795,0.0055716483927383,0.0,2.4563473190747035e-05,9.797
6.796999999999999,0.482998038084773,0.046797134441813694,2.075742293671865,4.506984068589971,up,up,up,up,-0.0225183671988795,0.0055716483927383,0.0,2.4563473190747035e-05,9.812
6.812999999999999,0.4819653233619708,0.042026302976257694,2.083551146937723,4.540258416114848,up,up,up,up,-0.0225183671988795,0.0055716483927383,0.0,2.4563473190747035e-05,9.828
6.828999999999999,0.4805694000262122,0.0647268412860299,2.091340571099112,4.573657549859143,up,up,up,up,-0.0225183671988795,0.0055716483927383,0.0,2.4563473190747035e-05,9.844
6.843999999999999,0.4814705438835887,0.0825946243573103,2.098639445404327,4.60508239998292,up,up,up,up,-0.0225183671988795,0.0055716483927383,0.0,2.4563473190747035e-05,9.859
6.859999999999999,0.48043945111789027,0.0419249306572742,2.1064238717386226,4.638722906520065,up,up,up,up,-0.0225183671988795,0.0055716483927383,0.0,2.4563473190747035e-05,9.875
6.875,0.4801738825788427,0.0,2.1137120464672394,4.670373925906609,up,up,up,up,-0.0225183671988795,0.0055716483927383,0.0,2.4563473190747035e-05,9.89
6.891,0.47992482243338946,0.0,2.121481982481621,4.7042554781382,up,up,up,up,-0.0225183671988795,0.0055716483927383,0.0,2.4563473190747035e-05,9.906
6.907,0.4789268389594899,0.0398555999198433,2.129241942147048,4.738261269535229,up,up,up,up,-0.0225183671988795,0.0055716483927383,0.0,2.4563473190747035e-05,9.922
6.921999999999999,0.47551972510784785,0.20462255624394218,2.1364838661034438,4.770254213097106,up,up,up,up,-0.0225183671988795,0.0055716483927383,0.0,2.4563473190747035e-05,9.937
6.937999999999999,0.47372713301786545,0.08951863842501989,2.1441669873427327,4.804499419924675,up,up,up,up,-0.0225183671988795,0.0055716483927383,0.0,2.4563473190747035e-05,9.953
6.953999999999999,0.4719712819477558,0.0872223246829748,2.1518217210367414,4.838867329591711,up,up,up,up,-0.0225183671988795,0.0055716483927383,0.0,2.4563473190747035e-05,9.969
6.984999999999999,0.4687867777370461,0.08020757508207671,2.166576192062031,4.905802497244743,up,up,up,up,-0.0225183671988795,0.0055716483927383,0.0,2.4563473190747035e-05,10.0
7.0,0.4658564126072627,0.1728393081200062,2.1736695907155044,4.938354340615575,up,up,up,up,-0.0225183671988795,0.0055716483927383,0.0,2.4563473190747035e-05,10.015
7.016,0.46296611583028735,0.1581251813620751,2.1811893173172887,4.973193211879837,up,up,up,up,-0.0225183671988795,0.0055716483927383,0.0,2.4563473190747035e-05,10.031
7.032,0.46001310651723065,0.1620447148671674,2.1886622974703527,5.008152024798139,up,up,up,up,-0.0225183671988795,0.0055716483927383,0.0,2.4563473190747035e-05,10.047
7.046999999999999,0.4573869776473263,0.1525568907947559,2.195626372827477,5.041034189825369,up,up,up,up,-0.0225183671988795,0.0055716483927383,0.0,2.4563473190747035e-05,10.062
7.062999999999999,0.4548054388082843,0.1388278102412451,2.203013058533406,5.076223305276256,up,up,up,up,-0.0225183671988795,0.0055716483927383,0.0,2.4563473190747035e-05,10.078
7.078999999999999,0.45169074948192295,0.17214971569870688,2.2103541744140114,5.1115302431398355,up,up,up,up,-0.0225183671988795,0.0055716483927383,0.0,2.4563473190747035e-05,10.094
7.093999999999999,0.449306196315245,0.1364518439129785,2.2171952262333816,5.144736863644693,up,up,up,up,-0.0225183671988795,0.0055716483927383,0.0,2.4563473190747035e-05,10.109
7.109999999999999,0.4469172234053716,0.12679243966820708,2.2244541599654304,5.180270058734283,up,up,up,up,-0.0225183671988795,0.0055716483927383,0.0,2.4563473190747035e-05,10.125
7.125,0.4445855901103837,0.1329238524669724,2.23122400579269,5.213687644977471,up,up,up,up,-0.0225183671988795,0.0055716483927383,0.0,2.4563473190747035e-05,10.14
7.141,0.44134465838260617,0.18003986578721448,2.2384005941549177,5.2494446417770515,up,up,up,up,-0.0225183671988795,0.0055716483927383,0.0,2.4563473190747035e-05,10.156
7.157,0.43968255365874676,0.08136317804233381,2.2455379582255324,5.2853161501960955,up,up,up,up,-0.0225183671988795,0.0055716483927383,0.0,2.4563473190747035e-05,10.172
7.171999999999999,0.4380862863798516,0.08389945139414029,2.252204799251712,5.319049220877172,up,up,up,up,-0.0225183671988795,0.0055716483927383,0.0,2.4563473190747035e-05,10.187
7.203999999999999,0.4365691873938485,0.024890976113719196,2.266377579580659,5.39134653893849,up,up,up,up,-0.0225183671988795,0.0055716483927383,0.0,2.4563473190747035e-05,10.219
7.218999999999999,0.4330119866419971,0.21462834959120458,2.272983013111819,5.425391743383685,up,up,up,up,-0.0225183671988795,0.0055716483927383,0.0,2.4563473190747035e-05,10.234
7.234999999999999,0.43150716561685165,0.07153294687270631,2.2799883127041736,5.461815513990213,up,up,up,up,-0.0225183671988795,0.0055716483927383,0.0,2.4563473190747035e-05,10.25
7.25,0.42864261853471497,0.168451438276892,2.2865230108112016,5.49606434891658,up,up,up,up,-0.0225183671988795,0.0055716483927383,0.0,2.4563473190747035e-05,10.265
7.266,0.4246448375326733,0.2273429454287286,2.2934384568340245,5.532704040657742,up,up,up,up,-0.0225183671988795,0.0055716483927383,0.0,2.4563473190747035e-05,10.281
7.296999999999999,0.4220159572161127,0.0622842236579176,2.306734420252805,5.604006720252585,up,up,up,up,-0.0225183671988795,0.0055716483927383,0.0,2.4563473190747035e-05,10.312
7.312999999999999,0.4189371640674598,0.16990620459192599,2.313551191597357,5.640969005147386,up,up,up,up,-0.0225183671988795,0.0055716483927383,0.0,2.4563473190747035e-05,10.328
7.328999999999999,0.41593888273983026,0.16487421577796219,2.3203193463461,5.678039969450934,up,up,up,up,-0.0225183671988795,0.0055716483927383,0.0,2.4563473190747035e-05,10.344
7.343999999999999,0.412876979396005,0.1816085223894646,2.3266190400380093,5.712892007348816,up,up,up,up,-0.0225183671988795,0.0055716483927383,0.0,2.4563473190747035e-05,10.359
7.359999999999999,0.40935565823310865,0.1975642054821443,2.333286047513326,5.750171248049226,up,up,up,up,-0.0225183671988795,0.0055716483927383,0.0,2.4563473190747035e-05,10.375
7.375,0.40587982179826376,0.2092040617907675,2.3394838883394526,5.785217022568124,up,up,up,up,-0.0225183671988795,0.0055716483927383,0.0,2.4563473190747035e-05,10.39
7.391,0.4015107138979488,0.250550876570806,2.3460321589993063,5.822701150946834,up,up,up,up,-0.0225183671988795,0.0055716483927383,0.0,2.4563473190747035e-05,10.406
7.407,0.3993385971094395,0.11323893208295599,2.352528099861649,5.860289633017722,up,up,up,up,-0.0225183671988795,0.0055716483927383,0.0,2.4563473190747035e-05,10.422
7.421999999999999,0.3958156920403795,0.21234197073846908,2.3585753317561635,5.895622908754852,up,up,up,up,-0.0225183671988795,0.0055716483927383,0.0,2.4563473190747035e-05,10.437
7.437999999999999,0.39235144239382796,0.1939972357105931,2.364969815205921,5.933411269930549,up,up,up,up,-0.0225183671988795,0.0055716483927383,0.0,2.4563473190747035e-05,10.453
7.468999999999999,0.38797222830024586,0.1187466035618309,2.377237553201854,6.006915484140871,up,up,up,up,-0.0225183671988795,0.0055716483927383,0.0,2.4563473190747035e-05,10.484
7.484999999999999,0.38477014144257465,0.1776120614055706,2.3835086385340807,6.045001453674758,up,up,up,up,-0.0225183671988795,0.0055716483927383,0.0,2.4563473190747035e-05,10.5
7.5,0.38162022198504536,0.18747626330306538,2.389340140985679,6.080797819521158,up,up,up,up,-0.0225183671988795,0.0055716483927383,0.0,2.4563473190747035e-05,10.515
7.516,0.3762166988932539,0.315201826038088,2.395491982726989,6.11907647651086,up,up,up,up,-0.0225183671988795,0.0055716483927383,0.0,2.4563473190747035e-05,10.531
7.532,0.37455966807358365,0.08104605903050591,2.401587340037008,6.1574531110929716,up,up,up,up,-0.0225183671988795,0.0055716483927383,0.0,2.4563473190747035e-05,10.547
7.546999999999999,0.3725691566256622,0.11018239599589819,2.4072743809481425,6.193519574000358,up,up,up,up,-0.0225183671988795,0.0055716483927383,0.0,2.4563473190747035e-05,10.562
7.578999999999999,0.36990219853390555,0.060824073168515895,2.419332215379263,6.270745279541596,up,up,up,up,-0.0225183671988795,0.0055716483927383,0.0,2.4563473190747035e-05,10.594
7.593999999999999,0.36682488111491196,0.1826361274006814,2.4249412432025204,6.30707733048096,up,up,up,up,-0.0225183671988795,0.0055716483927383,0.0,2.4563473190747035e-05,10.609
7.609999999999999,0.36386109238581815,0.1627184283694868,2.43087587736481,6.345923867445499,up,up,up,up,-0.0225183671988795,0.0055716483927383,0.0,2.4563473190747035e-05,10.625
7.625,0.36094986562160086,0.1715634170822657,2.436395534275757,6.382428403032805,up,up,up,up,-0.0225183671988795,0.0055716483927383,0.0,2.4563473190747035e-05,10.64
7.641,0.3571150019589169,0.2171606117188658,2.442229199590685,6.421457400903737,up,up,up,up,-0.0225183671988795,0.0055716483927383,0.0,2.4563473190747035e-05,10.656
7.657,0.3531922440440703,0.22265400247903538,2.448000803932993,6.460579240931927,up,up,up,up,-0.0225183671988795,0.0055716483927383,0.0,2.4563473190747035e-05,10.672
7.671999999999999,0.3498023417226311,0.2034751208970859,2.4533568380521333,6.497339423246812,up,up,up,up,-0.0225183671988795,0.0055716483927383,0.0,2.4563473190747035e-05,10.687
7.687999999999999,0.34652162645154766,0.18252633724383419,2.459016576171811,6.536638410560603,up,up,up,up,-0.0225183671988795,0.0055716483927383,0.0,2.4563473190747035e-05,10.703
7.718999999999999,0.3422414563883916,0.11555163483841019,2.469865125056005,6.613036076929636,up,up,up,up,-0.0225183671988795,0.0055716483927383,0.0,2.4563473190747035e-05,10.734
7.734999999999999,0.33811437667244887,0.23542411504754068,2.475397118094776,6.652598174874843,up,up,up,up,-0.0225183671988795,0.0055716483927383,0.0,2.4563473190747035e-05,10.75
7.75,0.3325177910988249,0.3505873377093709,2.480510434078952,6.689767481516148,up,up,up,up,-0.0225183671988795,0.0055716483927383,0.0,2.4563473190747035e-05,10.765
7.766,0.32704579462213346,0.3194814125943319,2.485876089139003,6.729498573701892,up,up,up,up,-0.0225183671988795,0.0055716483927383,0.0,2.4563473190747035e-05,10.781
7.782,0.32110096600650456,0.34903342127792947,2.491150409598316,6.76931478569179,up,up,up,up,-0.0225183671988795,0.0055716483927383,0.0,2.4563473190747035e-05,10.797
7.796999999999999,0.31566793778742586,0.3396835140730597,2.496009751102661,6.8067184868970445,up,up,up,up,-0.0225183671988795,0.0055716483927383,0.0,2.4563473190747035e-05,10.812
7.812999999999999,0.3103709036776224,0.308546264663841,2.501107208208665,6.8466954225715355,up,up,up,up,-0.0225183671988795,0.0055716483927383,0.0,2.4563473190747035e-05,10.828
7.828999999999999,0.30480409869509906,0.32540694420882427,2.506117754601931,6.88675322227402,up,up,up,up,-0.0225183671988795,0.0055716483927383,0.0,2.4563473190747035e-05,10.844
7.843999999999999,0.301138590749666,0.22184882916331639,2.510745899498658,6.924379699679776,up,up,up,up,-0.0225183671988795,0.0055716483927383,0.0,2.4563473190747035e-05,10.859
7.859999999999999,0.2975769386237826,0.20008489066883528,2.5156247701079293,6.964590665036629,up,up,up,up,-0.0225183671988795,0.0055716483927383,0.0,2.4563473190747035e-05,10.875
7.875,0.2942331651493238,0.2003998644316987,2.520146920612119,7.002358952717031,up,up,up,up,-0.0225183671988795,0.0055716483927383,0.0,2.4563473190747035e-05,10.89
7.891,0.28986876369263115,0.25025672384440717,2.5249088824171384,7.042719399141266,up,up,up,up,-0.0225183671988795,0.0055716483927383,0.0,2.4563473190747035e-05,10.906
7.907,0.2867833446553121,0.1703203226335622,2.529611245658206,7.083155560165868,up,up,up,up,-0.0225183671988795,0.0055716483927383,0.0,2.4563473190747035e-05,10.922
7.937999999999999,0.2837787109833805,0.0744052996376274,2.53862767862078,7.16171326349219,up,up,up,up,-0.0225183671988795,0.0055716483927383,0.0,2.4563473190747035e-05,10.953
7.953999999999999,0.2812430215440341,0.13596222276027378,2.543236998855283,7.202368180911998,up,up,up,up,-0.0225183671988795,0.0055716483927383,0.0,2.4563473190747035e-05,10.969
7.968999999999999,0.2762789986489427,0.3084164924738644,2.5475019887326216,7.240548723318909,up,up,up,up,-0.0225183671988795,0.0055716483927383,0.0,2.4563473190747035e-05,10.984
7.984999999999999,0.27145610224697236,0.2789126579242647,2.551973015914073,7.281344523356083,up,up,up,up,-0.0225183671988795,0.0055716483927383,0.0,2.4563473190747035e-05,11.0
8.0,0.2666891177096016,0.295280601959161,2.556092679789638,7.319655016073862,up,up,up,up,-0.0225183671988795,0.0055716483927383,0.0,2.4563473190747035e-05,11.015
8.016,0.2642321247986264,0.13104368973707228,2.560429196103988,7.360587191081011,up,up,up,up,-0.0225183671988795,0.0055716483927383,0.0,2.4563473190747035e-05,11.031
8.032,0.26069524610623596,0.19853655107551949,2.5647177614455106,7.401588366741407,up,up,up,up,-0.0225183671988795,0.0055716483927383,0.0,2.4563473190747035e-05,11.047
8.062999999999999,0.25572571975122216,0.1377889345757653,2.572895007516476,7.481221364660315,up,up,up,up,-0.0225183671988795,0.0055716483927383,0.0,2.4563473190747035e-05,11.078
8.078999999999999,0.25088265337528887,0.2801732812969544,2.577037020875772,7.522420820887453,up,up,up,up,-0.0225183671988795,0.0055716483927383,0.0,2.4563473190747035e-05,11.094
8.094,0.2438288980706496,0.4477319864437195,2.580830932237508,7.561104830535803,up,up,up,up,-0.0225183671988795,0.0055716483927383,0.0,2.4563473190747035e-05,11.109
8.11,0.2372745637365661,0.3871275286813375,2.584768906306249,7.602429629244154,up,up,up,up,-0.0225183671988795,0.0055716483927383,0.0,2.4563473190747035e-05,11.125
8.125,0.2308812379103263,0.4037033545504283,2.588363649544492,7.641228123413036,up,up,up,up,-0.0225183671988795,0.0055716483927383,0.0,2.4563473190747035e-05,11.14
8.141,0.2253157485694022,0.32532471660887297,2.592102371810614,7.682671851583877,up,up,up,up,-0.0225183671988795,0.0055716483927383,0.0,2.4563473190747035e-05,11.156
8.157,0.2206631482674162,0.26826915167524507,2.5957593493595925,7.724174745353239,up,up,up,up,-0.0225183671988795,0.0055716483927383,0.0,2.4563473190747035e-05,11.172
8.171999999999999,0.2160942508018291,0.2820747971736174,2.599118604578502,7.763136330007772,up,up,up,up,-0.0225183671988795,0.0055716483927383,0.0,2.4563473190747035e-05,11.187
8.187999999999999,0.2131937456953974,0.1587632019531012,2.602642054924764,7.804750415283798,up,up,up,up,-0.0225183671988795,0.0055716483927383,0.0,2.4563473190747035e-05,11.203
8.219,0.2076302960453269,0.1569477505453266,2.6093375486719204,7.885536099139548,up,up,up,up,-0.0225183671988795,0.0055716483927383,0.0,2.4563473190747035e-05,11.234
8.235,0.2035546827636097,0.23220746290844768,2.612716174876676,7.927312528927937,up,up,up,up,-0.0225183671988795,0.0055716483927383,0.0,2.4563473190747035e-05,11.25
8.25,0.1996184544520645,0.23989685357078822,2.6158235481316843,7.966526576850501,up,up,up,up,-0.0225183671988795,0.0055716483927383,0.0,2.4563473190747035e-05,11.265
8.266,0.19401050588033011,0.32797841853452087,2.6190617261886278,8.008405659045062,up,up,up,up,-0.0225183671988795,0.0055716483927383,0.0,2.4563473190747035e-05,11.281
8.282,0.1887912511539281,0.30368505320124867,2.622213286619185,8.050335859147525,up,up,up,up,-0.0225183671988795,0.0055716483927383,0.0,2.4563473190747035e-05,11.297
8.296999999999999,0.1836207985716847,0.322178471617372,2.625089951718018,8.089690633435051,up,up,up,up,-0.0225183671988795,0.0055716483927383,0.0,2.4563473190747035e-05,11.312
8.312999999999999,0.1783793318667027,0.305073301862498,2.6280750991358093,8.131715953841882,up,up,up,up,-0.0225183671988795,0.0055716483927383,0.0,2.4563473190747035e-05,11.328
8.344,0.1732383213695066,0.14332068109776458,2.6336978938611457,8.213273435233337,up,up,up,up,-0.0225183671988795,0.0055716483927383,0.0,2.4563473190747035e-05,11.359
8.36,0.1698602150905533,0.1886132752357013,2.63653182852711,8.255435273012443,up,up,up,up,-0.0225183671988795,0.0055716483927383,0.0,2.4563473190747035e-05,11.375
8.375,0.1657741103259145,0.24988861711036187,2.6391326606936247,8.2950027566816,up,up,up,up,-0.0225183671988795,0.0055716483927383,0.0,2.4563473190747035e-05,11.39
8.391,0.1600727027591109,0.3338196057263449,2.6418285815725886,8.337250446619729,up,up,up,up,-0.0225183671988795,0.0055716483927383,0.0,2.4563473190747035e-05,11.406
8.407,0.1545418254134852,0.3231614669027289,2.6444346441722533,8.379540552425688,up,up,up,up,-0.0225183671988795,0.0055716483927383,0.0,2.4563473190747035e-05,11.422
8.421999999999999,0.1488769869542193,0.3551375300855448,2.6467938599909018,8.419224766206908,up,up,up,up,-0.0225183671988795,0.0055716483927383,0.0,2.4563473190747035e-05,11.437
8.437999999999999,0.1446261461540459,0.2431591828119546,2.649231031430052,8.461592965338275,up,up,up,up,-0.0225183671988795,0.0055716483927383,0.0,2.4563473190747035e-05,11.453
8.453999999999999,0.140429671606265,0.2397612920374288,2.6516006243464183,8.503999618584487,up,up,up,up,-0.0225183671988795,0.0055716483927383,0.0,2.4563473190747035e-05,11.469
8.469,0.1353629437360855,0.3152634908130728,2.653752643687377,8.543789768094742,up,up,up,up,-0.0225183671988795,0.0055716483927383,0.0,2.4563473190747035e-05,11.484
8.485,0.1305288053100746,0.2796152844268003,2.6559689240540303,8.586267540636673,up,up,up,up,-0.0225183671988795,0.0055716483927383,0.0,2.4563473190747035e-05,11.5
8.5,0.1258287255037996,0.29082028655277997,2.6579751802610256,8.626122121419037,up,up,up,up,-0.0225183671988795,0.0055716483927383,0.0,2.4563473190747035e-05,11.515
8.516,0.1229474871580312,0.15755902941164318,2.660054536336604,8.668666359151818,up,up,up,up,-0.0225183671988795,0.0055716483927383,0.0,2.4563473190747035e-05,11.531
8.532,0.1183570090813415,0.2643865125942242,2.662074118680803,8.711243388391956,up,up,up,up,-0.0225183671988795,0.0055716483927383,0.0,2.4563473190747035e-05,11.547
8.546999999999999,0.1139028759676606,0.2744238403798727,2.6638996425445614,8.751188191601143,up,up,up,up,-0.0225183671988795,0.0055716483927383,0.0,2.4563473190747035e-05,11.562
8.562999999999999,0.1095719944393086,0.2481617283231226,2.665776587882101,8.793825601444556,up,up,up,up,-0.0225183671988795,0.0055716483927383,0.0,2.4563473190747035e-05,11.578
8.594,0.1066278250520263,0.0724548388424818,2.669300406184392,8.876519294852589,up,up,up,up,-0.0225183671988795,0.0055716483927383,0.0,2.4563473190747035e-05,11.609
8.61,0.1037930046366249,0.1546579087637075,2.6710729191961846,8.919242281455633,up,up,up,up,-0.0225183671988795,0.0055716483927383,0.0,2.4563473190747035e-05,11.625
8.625,0.1031270598736285,0.021877950334213296,2.6727083944059027,8.95932064130765,up,up,up,up,-0.0225183671988795,0.0055716483927383,0.0,2.4563473190747035e-05,11.64
8.641,0.1011232961879518,0.1027168631559125,2.674431543628679,9.002097760811926,up,up,up,up,-0.0225183671988795,0.0055716483927383,0.0,2.4563473190747035e-05,11.656
8.657,0.0991621105588792,0.1000557346181615,2.6761229732569376,9.044902196947012,up,up,up,up,-0.0225183671988795,0.0055716483927383,0.0,2.4563473190747035e-05,11.672
8.687999999999999,0.0962669895532749,0.0708726329819078,2.6793248454088507,9.127911638136329,up,up,up,up,-0.0225183671988795,0.0055716483927383,0.0,2.4563473190747035e-05,11.703
8.703999999999999,0.0950475388375765,0.053697302532270404,2.680944508010261,9.17079379296368,up,up,up,up,-0.0225183671988795,0.0055716483927383,0.0,2.4563473190747035e-05,11.719
8.719,0.0918126392462196,0.1931416055582404,2.682429534071781,9.2110190982793,up,up,up,up,-0.0225183671988795,0.0055716483927383,0.0,2.4563473190747035e-05,11.734
8.735,0.0886777891234587,0.1734097654736718,2.6839626038730224,9.253950235382858,up,up,up,up,-0.0225183671988795,0.0055716483927383,0.0,2.4563473190747035e-05,11.75
8.75,0.0861778812003564,0.1441421610079331,2.6853575961263423,9.294220136882855,up,up,up,up,-0.0225183671988795,0.0055716483927383,0.0,2.4563473190747035e-05,11.765
8.766,0.0845479732107571,0.0793508821510821,2.686812549335915,9.337197498046553,up,up,up,up,-0.0225183671988795,0.0055716483927383,0.0,2.4563473190747035e-05,11.781
8.782,0.0829872059479318,0.07502958672770041,2.6882419771434685,9.380197934258389,up,up,up,up,-0.0225183671988795,0.0055716483927383,0.0,2.4563473190747035e-05,11.797
8.796999999999999,0.0812846448142804,0.0909857083778906,2.689557590750076,9.420531431017586,up,up,up,up,-0.0225183671988795,0.0055716483927383,0.0,2.4563473190747035e-05,11.812
8.812999999999999,0.07796341941531901,0.18505822023620788,2.690920721638197,9.463575257516693,up,up,up,up,-0.0225183671988795,0.0055716483927383,0.0,2.4563473190747035e-05,11.828
8.844,0.0740972112804066,0.10219802424990329,2.693450382514156,9.547033009631056,up,up,up,up,-0.0225183671988795,0.0055716483927383,0.0,2.4563473190747035e-05,11.859
8.86,0.0699620191636346,0.2359311400993731,2.694692002731992,9.590138148713024,up,up,up,up,-0.0225183671988795,0.0055716483927383,0.0,2.4563473190747035e-05,11.875
8.875,0.065875434295986,0.2499206239776814,2.69579435835883,9.630566796421208,up,up,up,up,-0.0225183671988795,0.0055716483927383,0.0,2.4563473190747035e-05,11.89
8.891,0.06201400487290701,0.218820971743557,2.696906620246465,9.673708404250048,up,up,up,up,-0.0225183671988795,0.0055716483927383,0.0,2.4563473190747035e-05,11.906
8.907,0.0603626833516913,0.08068922787710289,2.697974780126546,9.716867455453034,up,up,up,up,-0.0225183671988795,0.0055716483927383,0.0,2.4563473190747035e-05,11.922
8.921999999999999,0.0587614032288233,0.0842336409923275,2.698951785501791,9.757344404695244,up,up,up,up,-0.0225183671988795,0.0055716483927383,0.0,2.4563473190747035e-05,11.937
8.953999999999999,0.058124806483864006,0.0,2.701000257605761,9.843743637384964,up,up,up,up,-0.0225183671988795,0.0055716483927383,0.0,2.4563473190747035e-05,11.969
8.969,0.059362769070221005,0.105049206289343,2.701964989148308,9.88426587673562,up,up,up,up,-0.0225183671988795,0.0055716483927383,0.0,2.4563473190747035e-05,11.984
8.985,0.0597032233166513,0.0437967576007704,2.7030066634616867,9.927505649956501,up,up,up,up,-0.0225183671988795,0.0055716483927383,0.0,2.4563473190747035e-05,12.0
9.0,0.06007751473317491,0.0474711283004569,2.7039885937229515,9.96805811438539,up,up,up,up,-0.0225183671988795,0.0055716483927383,0.0,2.4563473190747035e-05,12.015
9.016,0.0591208233409138,0.037274844817444,2.705031326801828,10.011330273749584,up,up,up,up,-0.0225183671988795,0.0055716483927383,0.0,2.4563473190747035e-05,12.031
9.032,0.057811031444679,0.0593436263157962,2.706055928014397,10.054618971788116,up,up,up,up,-0.0225183671988795,0.0055716483927383,0.0,2.4563473190747035e-05,12.047
9.046999999999999,0.056523186762071104,0.06333794497498721,2.7069970093768387,10.095216868818547,up,up,up,up,-0.0225183671988795,0.0055716483927383,0.0,2.4563473190747035e-05,12.062
9.062999999999999,0.0555061771837693,0.041044731444980005,2.707982390662689,10.138536704018863,up,up,up,up,-0.0225183671988795,0.0055716483927383,0.0,2.4563473190747035e-05,12.078
9.078999999999999,0.0538232078937089,0.0826672134298953,2.7089461721175927,10.181872132521104,up,up,up,up,-0.0225183671988795,0.0055716483927383,0.0,2.4563473190747035e-05,12.094
9.094,0.0522630133890179,0.0814945997805182,2.7098253935031043,10.222512919263263,up,up,up,up,-0.0225183671988795,0.0055716483927383,0.0,2.4563473190747035e-05,12.109
9.11,0.0503622199867806,0.0962812204409488,2.7107355417443944,10.265877406745245,up,up,up,up,-0.0225183671988795,0.0055716483927383,0.0,2.4563473190747035e-05,12.125
9.125,0.0486493837465361,0.09167071548408559,2.711561703498285,10.306544636084565,up,up,up,up,-0.0225183671988795,0.0055716483927383,0.0,2.4563473190747035e-05,12.14
9.141,0.0463052167632299,0.12399206925775749,2.712410486676648,10.349936413605965,up,up,up,up,-0.0225183671988795,0.0055716483927383,0.0,2.4563473190747035e-05,12.156
9.157,0.0440431286704009,0.1188621386029339,2.7132224198144006,10.393341476857893,up,up,up,up,-0.0225183671988795,0.0055716483927383,0.0,2.4563473190747035e-05,12.172
9.187999999999999,0.041490919956261904,0.05981094616044529,2.714720918668289,10.477474598604372,up,up,up,up,-0.0225183671988795,0.0055716483927383,0.0,2.4563473190747035e-05,12.203
9.203999999999999,0.037612857792900904,0.2198605180111797,2.715442895264566,10.520915909115837,up,up,up,up,-0.0225183671988795,0.0055716483927383,0.0,2.4563473190747035e-05,12.219
9.219,0.0338630004033149,0.2274721254401775,2.716062538926929,10.561652199872272,up,up,up,up,-0.0225183671988795,0.0055716483927383,0.0,2.4563473190747035e-05,12.234
9.235,0.0306319732539731,0.1794208296349871,2.716667645090471,10.605114041344413,up,up,up,up,-0.0225183671988795,0.0055716483927383,0.0,2.4563473190747035e-05,12.25
9.25,0.03079431361828,0.0333410581526761,2.717211916967904,10.645868138059852,up,up,up,up,-0.0225183671988795,0.0055716483927383,0.0,2.4563473190747035e-05,12.265
9.266,0.031138663045300802,0.044040206387677805,2.7177965271554965,10.689348205612841,up,up,up,up,-0.0225183671988795,0.0055716483927383,0.0,2.4563473190747035e-05,12.281
9.282,0.0304482123678849,0.0206348001396148,2.718378368533086,10.732837604778348,up,up,up,up,-0.0225183671988795,0.0055716483927383,0.0,2.4563473190747035e-05,12.297
9.296999999999999,0.029614425276351504,0.0330674389033494,2.7189124130413087,10.773617285640153,up,up,up,up,-0.0225183671988795,0.0055716483927383,0.0,2.4563473190747035e-05,12.312
9.312999999999999,0.0287974754059857,0.028540999698985797,2.7194688546210517,10.817124335781452,up,up,up,up,-0.0225183671988795,0.0055716483927383,0.0,2.4563473190747035e-05,12.328
9.328999999999999,0.0280091474389952,0.0267521307380245,2.7200124539780948,10.860640186250244,up,up,up,up,-0.0225183671988795,0.0055716483927383,0.0,2.4563473190747035e-05,12.344
9.344,0.027534390471277703,0.0,2.720512605238313,10.901444124194368,up,up,up,up,-0.0225183671988795,0.0055716483927383,0.0,2.4563473190747035e-05,12.359
9.36,0.0270533362848156,0.0,2.7210384534266456,10.944976532663688,up,up,up,up,-0.0225183671988795,0.0055716483927383,0.0,2.4563473190747035e-05,12.375
9.375,0.027868579940475903,0.0768679442428991,2.721533942524226,10.985795825633323,up,up,up,up,-0.0225183671988795,0.0055716483927383,0.0,2.4563473190747035e-05,12.39
9.391,0.029128575053135902,0.10126806174012631,2.722079066138459,11.029344729702624,up,up,up,up,-0.0225183671988795,0.0055716483927383,0.0,2.4563473190747035e-05,12.406
9.407,0.030296349135557704,0.09550424735024551,2.7226436119062525,11.07290251112698,up,up,up,up,-0.0225183671988795,0.0055716483927383,0.0,2.4563473190747035e-05,12.422
9.437999999999999,0.03149588022562,0.0612129184912139,2.7237741125615256,11.157321985856228,up,up,up,up,-0.0225183671988795,0.0055716483927383,0.0,2.4563473190747035e-05,12.453
9.453999999999999,0.03133894622977,0.012709992458252101,2.7243659375474527,11.2009071062571,up,up,up,up,-0.0225183671988795,0.0055716483927383,0.0,2.4563473190747035e-05,12.469
9.469,0.0294758145332246,0.10169041257080869,2.7249056229790662,11.241776642961053,up,up,up,up,-0.0225183671988795,0.0055716483927383,0.0,2.4563473190747035e-05,12.484
9.485,0.027619811593357503,0.0934818165428139,2.725451534362363,11.285379500219783,up,up,up,up,-0.0225183671988795,0.0055716483927383,0.0,2.4563473190747035e-05,12.5
9.5,0.024805836626841403,0.16507996390218949,2.7259283014499056,11.326264848988377,up,up,up,up,-0.0225183671988795,0.0055716483927383,0.0,2.4563473190747035e-05,12.515
9.516,0.0237305825072909,0.044685015273023605,2.7264057391772627,11.369883521313392,up,up,up,up,-0.0225183671988795,0.0055716483927383,0.0,2.4563473190747035e-05,12.531
9.532,0.0226799949655163,0.0431433541620305,2.726866170171329,11.413509696588182,up,up,up,up,-0.0225183671988795,0.0055716483927383,0.0,2.4563473190747035e-05,12.547
9.546999999999999,0.020481521554812,0.12404652684808809,2.7272734562711225,11.454415743786496,up,up,up,up,-0.0225183671988795,0.0055716483927383,0.0,2.4563473190747035e-05,12.562
9.562999999999999,0.018959851649725603,0.0725860018690202,2.7276781336310427,11.498055356505715,up,up,up,up,-0.0225183671988795,0.0055716483927383,0.0,2.4563473190747035e-05,12.578
9.578999999999999,0.0174307852660612,0.07304828178014891,2.728058405100653,11.541701248815569,up,up,up,up,-0.0225183671988795,0.0055716483927383,0.0,2.4563473190747035e-05,12.594
9.594,0.0170995112742159,0.0,2.7284009570505963,11.582624694031704,up,up,up,up,-0.0225183671988795,0.0055716483927383,0.0,2.4563473190747035e-05,12.609
9.625,0.014896633618475302,0.0485422023411373,2.729069618396608,11.667215487951138,up,up,up,up,-0.0225183671988795,0.0055716483927383,0.0,2.4563473190747035e-05,12.64
9.641,0.014423035037797401,0.0,2.7293933221201416,11.710883191475272,up,up,up,up,-0.0225183671988795,0.0055716483927383,0.0,2.4563473190747035e-05,12.656
9.657,0.0146971741842279,0.039652063850784805,2.7297154301682016,11.75455606149358,up,up,up,up,-0.0225183671988795,0.0055716483927383,0.0,2.4563473190747035e-05,12.672
9.671999999999999,0.014971067501854,0.040777921707285,2.730021516706738,11.795504088595138,up,up,up,up,-0.0225183671988795,0.0055716483927383,0.0,2.4563473190747035e-05,12.687
9.703999999999999,0.015471308702142802,0.0381509047079044,2.73068688747457,11.882875423062039,up,up,up,up,-0.0225183671988795,0.0055716483927383,0.0,2.4563473190747035e-05,12.719
9.719,0.017757157768944203,0.174908304985634,2.731019675698994,11.923838222285843,up,up,up,up,-0.0225183671988795,0.0055716483927383,0.0,2.4563473190747035e-05,12.734
9.735,0.020020800063823802,0.1639960106288563,2.73141104573594,11.967537668057325,up,up,up,up,-0.0225183671988795,0.0055716483927383,0.0,2.4563473190747035e-05,12.75
9.75,0.020571467911429102,0.0592295570392293,2.7317990624716453,12.00851174386888,up,up,up,up,-0.0225183671988795,0.0055716483927383,0.0,2.4563473190747035e-05,12.765
9.766,0.0206702438603177,0.0286918640044188,2.732218142540103,12.052223881508976,up,up,up,up,-0.0225183671988795,0.0055716483927383,0.0,2.4563473190747035e-05,12.781
9.782,0.018976575161094203,0.0833359265025887,2.732624463466558,12.095942622357029,up,up,up,up,-0.0225183671988795,0.0055716483927383,0.0,2.4563473190747035e-05,12.797
9.796999999999999,0.017304634991882402,0.08894431074858239,2.7329801472685964,12.13693465693754,up,up,up,up,-0.0225183671988795,0.0055716483927383,0.0,2.4563473190747035e-05,12.812
9.812999999999999,0.0160829145236186,0.053839162067611294,2.733336394039004,12.180665189268,up,up,up,up,-0.0225183671988795,0.0055716483927383,0.0,2.4563473190747035e-05,12.828
9.844,0.0140974653818145,0.041528379310928794,2.733976911027713,12.265408545496536,up,up,up,up,-0.0225183671988795,0.0055716483927383,0.0,2.4563473190747035e-05,12.859
9.86,0.013514831193164802,0.013896269591725297,2.734286955774597,12.309154656430952,up,up,up,up,-0.0225183671988795,0.0055716483927383,0.0,2.4563473190747035e-05,12.875
9.875,0.012430946759666401,0.0497405950343433,2.734565123835134,12.350171047028029,up,up,up,up,-0.0225183671988795,0.0055716483927383,0.0,2.4563473190747035e-05,12.89
9.907,0.0113466799005018,0.011364972150015099,2.7351238586102644,12.437686070747153,up,up,up,up,-0.0225183671988795,0.0055716483927383,0.0,2.4563473190747035e-05,12.922
9.921999999999999,0.0,0.1203655495165514,2.735361559094033,12.478714711379933,up,up,up,up,-0.0225183671988795,0.0055716483927383,0.0,2.4563473190747035e-05,12.937
9.937999999999999,0.0,0.07883692268054379,2.735584986729608,12.52248228374652,up,up,up,up,-0.0225183671988795,0.0055716483927383,0.0,2.4563473190747035e-05,12.953
9.969,0.0,0.02835377522741,2.7359682975972097,12.607291359653589,up,up,up,up,-0.0225183671988795,0.0055716483927383,0.0,2.4563473190747035e-05,12.984
9.985,0.0,0.0642932460473164,2.736142407286542,12.651068245292661,up,up,up,up,-0.0225183671988795,0.0055716483927383,0.0,2.4563473190747035e-05,13.0
10.0,0.0,0.1220757303435919,2.736306417930055,12.692111611481785,up,up,up,up,-0.0225183671988795,0.0055716483927383,0.0,2.4563473190747035e-05,13.015
10.016,0.0,0.1434430277096033,2.736508787856592,12.735894133128076,up,up,up,up,-0.0225183671988795,0.0055716483927383,0.0,2.4563473190747035e-05,13.031
10.032,0.0,0.1261430346346215,2.7367399000971053,12.779680122631706,up,up,up,up,-0.0225183671988795,0.0055716483927383,0.0,2.4563473190747035e-05,13.047
10.046999999999999,0.011350218275611102,0.1324086536489793,2.736981365439905,12.820733032123231,up,up,up,up,-0.0225183671988795,0.0055716483927383,0.0,2.4563473190747035e-05,13.062
10.078999999999999,0.010374429697346702,0.0,2.73750725255604,12.908324850011164,up,up,up,up,-0.0225183671988795,0.0055716483927383,0.0,2.4563473190747035e-05,13.094
10.094,0.0,0.0534487299474261,2.7377378974289623,12.949389188636054,up,up,up,up,-0.0225183671988795,0.0055716483927383,0.0,2.4563473190747035e-05,13.109
10.125,0.0,0.010993303355074896,2.738180798791881,13.034265928427478,up,up,up,up,-0.0225183671988795,0.0055716483927383,0.0,2.4563473190747035e-05,13.14
10.141,0.0,0.08925765554604531,2.738386774818501,13.078078469016361,up,up,up,up,-0.0225183671988795,0.0055716483927383,0.0,2.4563473190747035e-05,13.156
10.157,0.0,0.0269572588426379,2.738572110634077,13.121894140099982,up,up,up,up,-0.0225183671988795,0.0055716483927383,0.0,2.4563473190747035e-05,13.172
10.187999999999999,0.0,0.0301736188660317,2.738922607169922,13.20679530822594,up,up,up,up,-0.0225183671988795,0.0055716483927383,0.0,2.4563473190747035e-05,13.203
10.203999999999999,0.0,0.0255033203595246,2.739105789184196,13.250619535396773,up,up,up,up,-0.0225183671988795,0.0055716483927383,0.0,2.4563473190747035e-05,13.219
10.219,0.0,0.0272428916998038,2.739278412025963,13.291707416905851,up,up,up,up,-0.0225183671988795,0.0055716483927383,0.0,2.4563473190747035e-05,13.234
10.235,0.0,0.0864583836008034,2.7394491609760188,13.335537237489866,up,up,up,up,-0.0225183671988795,0.0055716483927383,0.0,2.4563473190747035e-05,13.25
10.25,0.0,0.1090014186414549,2.739581364930693,13.376629966434168,up,up,up,up,-0.0225183671988795,0.0055716483927383,0.0,2.4563473190747035e-05,13.265
10.266,0.0,0.16639636427964918,2.739682419022416,13.420464076705793,up,up,up,up,-0.0225183671988795,0.0055716483927383,0.0,2.4563473190747035e-05,13.281
10.282,0.0,0.1575209741655777,2.739736246992815,13.464299426033914,up,up,up,up,-0.0225183671988795,0.0055716483927383,0.0,2.4563473190747035e-05,13.297
10.296999999999999,0.0,0.0871628199683836,2.739752766860544,13.505395593637811,up,up,up,up,-0.0225183671988795,0.0055716483927383,0.0,2.4563473190747035e-05,13.312
10.312999999999999,0.0,0.025438673104812598,2.739751087809169,13.54923162447517,up,up,up,up,-0.0225183671988795,0.0055716483927383,0.0,2.4563473190747035e-05,13.328
10.328999999999999,0.0,0.023268679538309398,2.7397374095146527,13.59306753245376,up,up,up,up,-0.0225183671988795,0.0055716483927383,0.0,2.4563473190747035e-05,13.344
10.344,0.0,0.2412399493845555,2.7397436978459315,13.634163640758967,up,up,up,up,-0.0225183671988795,0.0055716483927383,0.0,2.4563473190747035e-05,13.359
10.36,0.0,0.1689414892125074,2.739795394148776,13.677999953494924,up,up,up,up,-0.0225183671988795,0.0055716483927383,0.0,2.4563473190747035e-05,13.375
10.375,0.0,0.1756499969418415,2.7398786575156797,13.719097508882408,up,up,up,up,-0.0225183671988795,0.0055716483927383,0.0,2.4563473190747035e-05,13.39
10.407,0.0,0.0508019488961432,2.7401075188167083,13.806777287703724,up,up,up,up,-0.0225183671988795,0.0055716483927383,0.0,2.4563473190747035e-05,13.422
10.421999999999999,0.0,0.0432070708447732,2.740214191499393,13.847879700531093,up,up,up,up,-0.0225183671988795,0.0055716483927383,0.0,2.4563473190747035e-05,13.437
10.453999999999999,0.0,0.0,2.7404111325703084,13.935569705716208,up,up,up,up,-0.0225183671988795,0.0055716483927383,0.0,2.4563473190747035e-05,13.469
10.469,0.0,0.0445667210391547,2.7404989666931936,13.976676531460686,up,up,up,up,-0.0225183671988795,0.0055716483927383,0.0,2.4563473190747035e-05,13.484
10.485,0.0,0.0429718036854799,2.740597920266602,14.020525306556365,up,up,up,up,-0.0225183671988795,0.0055716483927383,0.0,2.4563473190747035e-05,13.5
10.5,0.0,0.012001625772127801,2.7406892601548423,14.061634960409528,up,up,up,up,-0.0225183671988795,0.0055716483927383,0.0,2.4563473190747035e-05,13.515
10.516,0.0,0.0,2.7407805870130697,14.105486719186871,up,up,up,up,-0.0225183671988795,0.0055716483927383,0.0,2.4563473190747035e-05,13.531
10.532,0.0,0.0,2.740867729343641,14.149339905717724,up,up,up,up,-0.0225183671988795,0.0055716483927383,0.0,2.4563473190747035e-05,13.547
10.546999999999999,0.0,0.1031072282446728,2.740933206863829,14.190453412739277,up,up,up,up,-0.0225183671988795,0.0055716483927383,0.0,2.4563473190747035e-05,13.562
10.562999999999999,0.0,0.1963466724800596,2.740959959755497,14.234308558072232,up,up,up,up,-0.0225183671988795,0.0055716483927383,0.0,2.4563473190747035e-05,13.578
10.578999999999999,0.0,0.1265475138473601,2.740939617489313,14.27816375469019,up,up,up,up,-0.0225183671988795,0.0055716483927383,0.0,2.4563473190747035e-05,13.594
10.594,-0.010387231357204998,0.1342592514390559,2.740885021226943,14.319277439480565,up,up,up,up,-0.0225183671988795,0.0055716483927383,0.0,2.4563473190747035e-05,13.609
10.61,-0.0112731292818856,0.03285025309366,2.740800884716114,14.36313092672811,up,up,up,up,-0.0225183671988795,0.0055716483927383,0.0,2.4563473190747035e-05,13.625
10.625,0.0,0.11088949613077281,2.7407253042547817,14.40424237314539,up,up,up,up,-0.0225183671988795,0.0055716483927383,0.0,2.4563473190747035e-05,13.64
10.657,0.0,0.0637363701906069,2.740606378625748,14.49194368007148,up,up,up,up,-0.0225183671988795,0.0055716483927383,0.0,2.4563473190747035e-05,13.672
10.671999999999999,0.0,0.1802879616041396,2.7405782736372277,14.533052564963448,up,up,up,up,-0.0225183671988795,0.0055716483927383,0.0,2.4563473190747035e-05,13.687
10.687999999999999,0.0,0.1642280823624642,2.7405853661776747,14.576901874081969,up,up,up,up,-0.0225183671988795,0.0055716483927383,0.0,2.4563473190747035e-05,13.703
10.703999999999999,0.0,0.0227737120371531,2.740610630245802,14.620751442053354,up,up,up,up,-0.0225183671988795,0.0055716483927383,0.0,2.4563473190747035e-05,13.719
10.735,0.0,0.013473987999958699,2.740642348376646,14.705710863222004,up,up,up,up,-0.0225183671988795,0.0055716483927383,0.0,2.4563473190747035e-05,13.75
10.75,0.0,0.0806559094559807,2.740637720530605,14.74682046373881,up,up,up,up,-0.0225183671988795,0.0055716483927383,0.0,2.4563473190747035e-05,13.765
10.766,0.0,0.0713156033318749,2.740608392500068,14.790670432643056,up,up,up,up,-0.0225183671988795,0.0055716483927383,0.0,2.4563473190747035e-05,13.781
10.782,0.0,0.0119292635035442,2.74056569831603,14.834519825369584,up,up,up,up,-0.0225183671988795,0.0055716483927383,0.0,2.4563473190747035e-05,13.797
10.796999999999999,0.0,0.11638520491471879,2.7405349618452943,14.87562808032079,up,up,up,up,-0.0225183671988795,0.0055716483927383,0.0,2.4563473190747035e-05,13.812
10.812999999999999,0.0,0.1015067713037976,2.740523550812761,14.919476548422056,up,up,up,up,-0.0225183671988795,0.0055716483927383,0.0,2.4563473190747035e-05,13.828
10.828999999999999,0.0,0.01166031842356,2.7405208604657094,14.963324903712284,up,up,up,up,-0.0225183671988795,0.0055716483927383,0.0,2.4563473190747035e-05,13.844
10.844,0.0,0.0107569262934725,2.7405157121373938,15.00443267800681,up,up,up,up,-0.0225183671988795,0.0055716483927383,0.0,2.4563473190747035e-05,13.859
10.86,0.0,0.09098321268422219,2.7404942810120567,15.048280757952005,up,up,up,up,-0.0225183671988795,0.0055716483927383,0.0,2.4563473190747035e-05,13.875
10.875,-0.010843668046859899,0.1791190782339357,2.740437884929856,15.089387749196572,up,up,up,up,-0.0225183671988795,0.0055716483927383,0.0,2.4563473190747035e-05,13.89
10.891,-0.010687762453931798,0.0322624667568861,2.7403547798601338,15.133234090514893,up,up,up,up,-0.0225183671988795,0.0055716483927383,0.0,2.4563473190747035e-05,13.906
10.907,-0.01054366737835,0.0315243094227403,2.7402740747957592,15.177079121352138,up,up,up,up,-0.0225183671988795,0.0055716483927383,0.0,2.4563473190747035e-05,13.922
10.937999999999999,-0.0119252873576129,0.0220500192289574,2.7400985270975267,15.262024896681481,up,up,up,up,-0.0225183671988795,0.0055716483927383,0.0,2.4563473190747035e-05,13.953
10.953999999999999,-0.0112859833217981,0.0624748694373046,2.740001983306376,15.305865700764713,up,up,up,up,-0.0225183671988795,0.0055716483927383,0.0,2.4563473190747035e-05,13.969
