timestamps,aAcc,aJerk,aVelocity,aHeight,jerks_direction,accelerations_direction,velocities_direction,heights_direction,start_jerks,start_accelerations,start_velocities,start_heights,actual_timestamps
0.0,0.0,0.0,0.0,0.0,down,down,down,down,-0.000809594708051,-0.0058611474614735,0.0,-3.3464743867323016e-06,4.297
0.016000000000000014,0.0,0.0,0.0,0.0,down,down,down,down,-0.000809594708051,-0.0058611474614735,0.0,-3.3464743867323016e-06,4.313
0.031000000000000583,0.0,0.0,0.0,0.0,down,down,down,down,-0.000809594708051,-0.0058611474614735,0.0,-3.3464743867323016e-06,4.328
0.0470000000000006,0.0,0.045530435249130405,0.0,0.0,down,down,down,down,-0.000809594708051,-0.0058611474614735,0.0,-3.3464743867323016e-06,4.344
0.06300000000000061,0.0,0.017215801700332,0.0,0.0,down,down,down,down,-0.000809594708051,-0.0058611474614735,0.0,-3.3464743867323016e-06,4.36
0.07800000000000029,0.0,0.0172344876223716,0.0,0.0,down,down,down,down,-0.000809594708051,-0.0058611474614735,0.0,-3.3464743867323016e-06,4.375
0.0940000000000003,0.0,0.05627668061547449,0.0,0.0,down,down,down,down,-0.000809594708051,-0.0058611474614735,0.0,-3.3464743867323016e-06,4.391
0.10899999999999999,0.0,0.0348522790646648,0.0,0.0,down,down,down,down,-0.000809594708051,-0.0058611474614735,0.0,-3.3464743867323016e-06,4.406
0.125,0.0,0.0301108521933991,0.0,0.0,down,down,down,down,-0.000809594708051,-0.0058611474614735,0.0,-3.3464743867323016e-06,4.422
0.14100000000000001,0.0,0.0332048656187521,0.0,0.0,down,down,down,down,-0.000809594708051,-0.0058611474614735,0.0,-3.3464743867323016e-06,4.438
0.15600000000000058,0.0,0.0739119507849262,0.0,0.0,down,down,down,down,-0.000809594708051,-0.0058611474614735,0.0,-3.3464743867323016e-06,4.453
0.1720000000000006,0.0,0.06585767785005621,0.0,0.0,down,down,down,down,-0.000809594708051,-0.0058611474614735,0.0,-3.3464743867323016e-06,4.469
0.1880000000000006,0.0,0.0651297940038596,0.0,0.0,down,down,down,down,-0.000809594708051,-0.0058611474614735,0.0,-3.3464743867323016e-06,4.485
0.2030000000000003,0.0,0.0677444362515946,0.0,0.0,down,down,down,down,-0.000809594708051,-0.0058611474614735,0.0,-3.3464743867323016e-06,4.5
0.2190000000000003,0.0,0.0,0.0,0.0,down,down,down,down,-0.000809594708051,-0.0058611474614735,0.0,-3.3464743867323016e-06,4.516
0.23399999999999999,0.0,0.0,0.0,0.0,down,down,down,down,-0.000809594708051,-0.0058611474614735,0.0,-3.3464743867323016e-06,4.531
0.25,0.0,0.0,0.0,0.0,down,down,down,down,-0.000809594708051,-0.0058611474614735,0.0,-3.3464743867323016e-06,4.547
0.266,0.0,0.0,0.0,0.0,down,down,down,down,-0.000809594708051,-0.0058611474614735,0.0,-3.3464743867323016e-06,4.563
0.2810000000000006,0.0,0.0,0.0,0.0,down,down,down,down,-0.000809594708051,-0.0058611474614735,0.0,-3.3464743867323016e-06,4.578
0.2970000000000006,0.0,0.0244594823582965,0.0,0.0,down,down,down,down,-0.000809594708051,-0.0058611474614735,0.0,-3.3464743867323016e-06,4.594
0.3130000000000006,0.0,0.0238826558301984,0.0,0.0,down,down,down,down,-0.000809594708051,-0.0058611474614735,0.0,-3.3464743867323016e-06,4.61
0.3280000000000003,0.0,0.0358827757080151,0.0,0.0,down,down,down,down,-0.000809594708051,-0.0058611474614735,0.0,-3.3464743867323016e-06,4.625
0.3440000000000003,0.0,0.032888723671464594,0.0,0.0,down,down,down,down,-0.000809594708051,-0.0058611474614735,0.0,-3.3464743867323016e-06,4.641
0.359,0.0,0.0347558482946437,0.0,0.0,down,down,down,down,-0.000809594708051,-0.0058611474614735,0.0,-3.3464743867323016e-06,4.656
0.375,0.0,0.0318579973787035,0.0,0.0,down,down,down,down,-0.000809594708051,-0.0058611474614735,0.0,-3.3464743867323016e-06,4.672
0.391,0.0,0.0293336035849244,0.0,0.0,down,down,down,down,-0.000809594708051,-0.0058611474614735,0.0,-3.3464743867323016e-06,4.688
0.4060000000000006,0.0,0.0,0.0,0.0,down,down,down,down,-0.000809594708051,-0.0058611474614735,0.0,-3.3464743867323016e-06,4.703
0.4220000000000006,0.0,0.0,0.0,0.0,down,down,down,down,-0.000809594708051,-0.0058611474614735,0.0,-3.3464743867323016e-06,4.719
0.4380000000000006,0.0,0.0,0.0,0.0,down,down,down,down,-0.000809594708051,-0.0058611474614735,0.0,-3.3464743867323016e-06,4.735
0.4530000000000003,0.0,0.0,0.0,0.0,down,down,down,down,-0.000809594708051,-0.0058611474614735,0.0,-3.3464743867323016e-06,4.75
0.4690000000000003,0.0,0.0,0.0,0.0,down,down,down,down,-0.000809594708051,-0.0058611474614735,0.0,-3.3464743867323016e-06,4.766
0.484,0.0,0.0,0.0,0.0,down,down,down,down,-0.000809594708051,-0.0058611474614735,0.0,-3.3464743867323016e-06,4.781
0.5,0.0,0.0614670064916776,0.0,0.0,down,down,down,down,-0.000809594708051,-0.0058611474614735,0.0,-3.3464743867323016e-06,4.797
0.516,0.0,0.0607253039454079,0.0,0.0,down,down,down,down,-0.000809594708051,-0.0058611474614735,0.0,-3.3464743867323016e-06,4.813
0.5310000000000006,0.0,0.0181214807845935,0.0,0.0,down,down,down,down,-0.000809594708051,-0.0058611474614735,0.0,-3.3464743867323016e-06,4.828
0.5470000000000006,0.0,0.0,0.0,0.0,down,down,down,down,-0.000809594708051,-0.0058611474614735,0.0,-3.3464743867323016e-06,4.844
0.5630000000000006,0.0,0.0124223740592953,0.0,0.0,down,down,down,down,-0.000809594708051,-0.0058611474614735,0.0,-3.3464743867323016e-06,4.86
0.5780000000000003,0.0,0.0,0.0,0.0,down,down,down,down,-0.000809594708051,-0.0058611474614735,0.0,-3.3464743867323016e-06,4.875
0.5940000000000003,0.0,0.0238186388971107,0.0,0.0,down,down,down,down,-0.000809594708051,-0.0058611474614735,0.0,-3.3464743867323016e-06,4.891
0.609,0.0,0.0257224701608759,0.0,0.0,down,down,down,down,-0.000809594708051,-0.0058611474614735,0.0,-3.3464743867323016e-06,4.906
0.625,0.0,0.0119087838620358,0.0,0.0,down,down,down,down,-0.000809594708051,-0.0058611474614735,0.0,-3.3464743867323016e-06,4.922
0.641,0.0,0.0202559521027544,0.0,0.0,down,down,down,down,-0.000809594708051,-0.0058611474614735,0.0,-3.3464743867323016e-06,4.938
0.6560000000000006,0.0,0.0553264255552925,0.0,0.0,down,down,down,down,-0.000809594708051,-0.0058611474614735,0.0,-3.3464743867323016e-06,4.953
0.6720000000000006,0.010354962483781,0.04859655446531869,0.0,0.0,down,down,down,down,-0.000809594708051,-0.0058611474614735,0.0,-3.3464743867323016e-06,4.969
0.6880000000000006,0.0,0.0513418369918472,0.0,0.0,down,down,down,down,-0.000809594708051,-0.0058611474614735,0.0,-3.3464743867323016e-06,4.985
0.7030000000000003,0.010206479532191799,0.046538925081996696,0.0,0.0,down,down,down,down,-0.000809594708051,-0.0058611474614735,0.0,-3.3464743867323016e-06,5.0
0.7190000000000003,0.0108503910528429,0.041054064748746594,0.0,0.0,down,down,down,down,-0.000809594708051,-0.0058611474614735,0.0,-3.3464743867323016e-06,5.016
0.734,0.01168113954904,0.056192827787860895,0.0,0.0,down,down,down,down,-0.000809594708051,-0.0058611474614735,0.0,-3.3464743867323016e-06,5.031
0.75,0.012307161570069,0.039935971022364396,0.0,0.0,down,down,down,down,-0.000809594708051,-0.0058611474614735,0.0,-3.3464743867323016e-06,5.047
0.766,0.0128721969340953,0.036124304959694695,0.0,0.0,down,down,down,down,-0.000809594708051,-0.0058611474614735,0.0,-3.3464743867323016e-06,5.063
0.7810000000000006,0.013330260397823899,0.0313471589566207,0.0,0.0,down,down,down,down,-0.000809594708051,-0.0058611474614735,0.0,-3.3464743867323016e-06,5.078
0.7970000000000006,0.0129512920740618,0.0228759255270772,0.0,0.0,down,down,down,down,-0.000809594708051,-0.0058611474614735,0.0,-3.3464743867323016e-06,5.094
0.8130000000000006,0.011624784868978,0.0820971056096908,0.0,0.0,down,down,down,down,-0.000809594708051,-0.0058611474614735,0.0,-3.3464743867323016e-06,5.11
0.8280000000000003,0.0103045434610179,0.08720649915595449,0.0,0.0,down,down,down,down,-0.000809594708051,-0.0058611474614735,0.0,-3.3464743867323016e-06,5.125
0.8440000000000003,0.011321751131989001,0.0643850741437466,0.0,0.0,down,down,down,down,-0.000809594708051,-0.0058611474614735,0.0,-3.3464743867323016e-06,5.141
0.859,0.0109423678881376,0.0244826215487128,0.0,0.0,down,down,down,down,-0.000809594708051,-0.0058611474614735,0.0,-3.3464743867323016e-06,5.156
0.875,0.0105495310770463,0.0237427059851525,0.0,0.0,down,down,down,down,-0.000809594708051,-0.0058611474614735,0.0,-3.3464743867323016e-06,5.172
0.891,0.0114196211943794,0.0551902270413683,0.0,0.0,down,down,down,down,-0.000809594708051,-0.0058611474614735,0.0,-3.3464743867323016e-06,5.188
0.9060000000000006,0.012550843525895299,0.0762244168091053,0.0,0.0,down,down,down,down,-0.000809594708051,-0.0058611474614735,0.0,-3.3464743867323016e-06,5.203
0.9220000000000006,0.0136472714594936,0.06933634055794591,0.0,0.0,down,down,down,down,-0.000809594708051,-0.0058611474614735,0.0,-3.3464743867323016e-06,5.219
0.9380000000000006,0.01591424848778,0.1424956589759494,0.0,0.0,down,down,down,down,-0.000809594708051,-0.0058611474614735,0.0,-3.3464743867323016e-06,5.235
0.9530000000000003,0.0181259333934259,0.14825525508445,0.0,0.0,down,down,down,down,-0.000809594708051,-0.0058611474614735,0.0,-3.3464743867323016e-06,5.25
0.9690000000000003,0.01664878195489,0.09151237020044159,0.0,0.0,down,down,down,down,-0.000809594708051,-0.0058611474614735,0.0,-3.3464743867323016e-06,5.266
0.984,0.0152076586002197,0.0952652956033031,0.0,0.0,down,down,down,down,-0.000809594708051,-0.0058611474614735,0.0,-3.3464743867323016e-06,5.281
1.0,0.0148746663022477,0.0200024239151997,0.0,0.0,down,down,down,down,-0.000809594708051,-0.0058611474614735,0.0,-3.3464743867323016e-06,5.297
1.016,0.014549795767640698,0.0194948137048901,0.0,0.0,down,down,down,down,-0.000809594708051,-0.0058611474614735,0.0,-3.3464743867323016e-06,5.313
1.0310000000000006,0.0134872243542821,0.070028499515848,0.0,0.0,down,down,down,down,-0.000809594708051,-0.0058611474614735,0.0,-3.3464743867323016e-06,5.328
1.0470000000000006,0.0124505693168596,0.0639813451308591,0.0,0.0,down,down,down,down,-0.000809594708051,-0.0058611474614735,0.0,-3.3464743867323016e-06,5.344
1.0630000000000006,0.0122642045295488,0.0108382044988753,0.0,0.0,down,down,down,down,-0.000809594708051,-0.0058611474614735,0.0,-3.3464743867323016e-06,5.36
1.0780000000000003,0.0123830882596855,0.0,0.0,0.0,down,down,down,down,-0.000809594708051,-0.0058611474614735,0.0,-3.3464743867323016e-06,5.375
1.0940000000000003,0.012491058418893398,0.0,0.0,0.0,down,down,down,down,-0.000809594708051,-0.0058611474614735,0.0,-3.3464743867323016e-06,5.391
1.109,0.011391826927637,0.07247250470904029,0.0,0.0,down,down,down,down,-0.000809594708051,-0.0058611474614735,0.0,-3.3464743867323016e-06,5.406
1.125,0.0103194059605583,0.06621671573436849,0.0,0.0,down,down,down,down,-0.000809594708051,-0.0058611474614735,0.0,-3.3464743867323016e-06,5.422
1.141,0.0110171434096669,0.04441818527733939,0.0,0.0,down,down,down,down,-0.000809594708051,-0.0058611474614735,0.0,-3.3464743867323016e-06,5.438
1.1560000000000006,0.0116978628722107,0.0461908922109677,0.0,0.0,down,down,down,down,-0.000809594708051,-0.0058611474614735,0.0,-3.3464743867323016e-06,5.453
1.1720000000000006,0.012407754544355401,0.045177824217090594,0.0,0.0,down,down,down,down,-0.000809594708051,-0.0058611474614735,0.0,-3.3464743867323016e-06,5.469
1.1880000000000006,0.0116160388202803,0.0486726380466429,0.0,0.0,down,down,down,down,-0.000809594708051,-0.0058611474614735,0.0,-3.3464743867323016e-06,5.485
1.2030000000000003,0.010858558598131899,0.0496890867685092,0.0,0.0,down,down,down,down,-0.000809594708051,-0.0058611474614735,0.0,-3.3464743867323016e-06,5.5
1.2190000000000003,0.0,0.1289726646218625,0.0,0.0,down,down,down,down,-0.000809594708051,-0.0058611474614735,0.0,-3.3464743867323016e-06,5.516
1.234,0.0,0.1726644760704018,0.0,0.0,down,down,down,down,-0.000809594708051,-0.0058611474614735,0.0,-3.3464743867323016e-06,5.531
1.25,0.0,0.1493429365320153,0.0,0.0,down,down,down,down,-0.000809594708051,-0.0058611474614735,0.0,-3.3464743867323016e-06,5.547
1.266,0.0,0.1439094201672874,0.0,0.0,down,down,down,down,-0.000809594708051,-0.0058611474614735,0.0,-3.3464743867323016e-06,5.563
1.2810000000000006,0.0,0.16855338297422098,0.0,0.0,down,down,down,down,-0.000809594708051,-0.0058611474614735,0.0,-3.3464743867323016e-06,5.578
1.2970000000000006,0.0,0.11254307256602919,0.0,0.0,down,down,down,down,-0.000809594708051,-0.0058611474614735,0.0,-3.3464743867323016e-06,5.594
1.3130000000000006,0.0,0.1114953280902941,0.0,0.0,down,down,down,down,-0.000809594708051,-0.0058611474614735,0.0,-3.3464743867323016e-06,5.61
1.3280000000000003,0.0,0.1076988271085364,0.0,0.0,down,down,down,down,-0.000809594708051,-0.0058611474614735,0.0,-3.3464743867323016e-06,5.625
1.3440000000000003,0.0,0.20102224256712808,0.0,0.0,down,down,down,down,-0.000809594708051,-0.0058611474614735,0.0,-3.3464743867323016e-06,5.641
1.359,-0.012751312366853902,0.2128835510345826,0.0,0.0,down,down,down,down,-0.000809594708051,-0.0058611474614735,0.0,-3.3464743867323016e-06,5.656
1.375,-0.0167843039096561,0.25125237671708145,0.0,0.0,down,down,down,down,-0.000809594708051,-0.0058611474614735,0.0,-3.3464743867323016e-06,5.672
1.391,-0.020614351548927,0.2385683827463845,0.0,0.0,down,down,down,down,-0.000809594708051,-0.0058611474614735,0.0,-3.3464743867323016e-06,5.688
1.4060000000000006,-0.024674472323706502,0.26986512361056963,0.0,0.0,down,down,down,down,-0.000809594708051,-0.0058611474614735,0.0,-3.3464743867323016e-06,5.703
1.4220000000000006,-0.028633886143900698,0.2466537690540836,0.0,0.0,down,down,down,down,-0.000809594708051,-0.0058611474614735,0.0,-3.3464743867323016e-06,5.719
1.4380000000000006,-0.0332113000666077,0.2852787754611395,0.0,0.0,down,down,down,down,-0.000809594708051,-0.0058611474614735,0.0,-3.3464743867323016e-06,5.735
1.4530000000000003,-0.0375123624260177,0.2859278959192863,0.0,0.0,down,down,down,down,-0.000809594708051,-0.0058611474614735,0.0,-3.3464743867323016e-06,5.75
1.4690000000000003,-0.041716736418958796,0.26196377985077113,0.0,0.0,down,down,down,down,-0.000809594708051,-0.0058611474614735,0.0,-3.3464743867323016e-06,5.766
1.484,-0.0455915194881645,0.25750927657233014,0.0,0.0,down,down,down,down,-0.000809594708051,-0.0058611474614735,0.0,-3.3464743867323016e-06,5.781
1.5,-0.0507561608160306,0.3219804882835795,0.0,0.0,down,down,down,down,-0.000809594708051,-0.0058611474614735,0.0,-3.3464743867323016e-06,5.797
1.516,-0.0558149381158444,0.3153639865303146,0.0,0.0,down,down,down,down,-0.000809594708051,-0.0058611474614735,0.0,-3.3464743867323016e-06,5.813
1.5310000000000006,-0.06024524486920419,0.29454418884925504,0.0,0.0,down,down,down,down,-0.000809594708051,-0.0058611474614735,0.0,-3.3464743867323016e-06,5.828
1.5470000000000006,-0.0667311274855429,0.4045580688131209,0.0,0.0,down,down,down,down,-0.000809594708051,-0.0058611474614735,0.0,-3.3464743867323016e-06,5.844
1.5630000000000006,-0.07196742240330431,0.32645883765203254,0.0,0.0,down,down,down,down,-0.000809594708051,-0.0058611474614735,0.0,-3.3464743867323016e-06,5.86
1.5780000000000003,-0.07706443759990131,0.33899141839842284,0.0,0.0,down,down,down,down,-0.000809594708051,-0.0058611474614735,0.0,-3.3464743867323016e-06,5.875
1.5940000000000003,-0.08224392625643341,0.32290844632520943,0.0,0.0,down,down,down,down,-0.000809594708051,-0.0058611474614735,0.0,-3.3464743867323016e-06,5.891
1.609,-0.0872970859213443,0.336067716286011,0.0,0.0,down,down,down,down,-0.000809594708051,-0.0058611474614735,0.0,-3.3464743867323016e-06,5.906
1.625,-0.0951135266038659,0.4877179479495504,0.0,0.0,down,down,down,down,-0.000809594708051,-0.0058611474614735,0.0,-3.3464743867323016e-06,5.922
1.641,-0.1027393223916918,0.4758026420310642,0.0114251871394803,0.0,down,down,down,down,-0.000809594708051,-0.0058611474614735,0.0,-3.3464743867323016e-06,5.938
1.6560000000000006,-0.1108943713328543,0.5428603347027677,0.0131153570543366,0.0,down,down,down,down,-0.000809594708051,-0.0058611474614735,0.0,-3.3464743867323016e-06,5.953
1.6720000000000006,-0.11885051664130411,0.49644948707006054,0.0150470945175134,0.0,down,down,down,down,-0.000809594708051,-0.0058611474614735,0.0,-3.3464743867323016e-06,5.969
1.6880000000000006,-0.1266200821755881,0.48478825118469754,0.0171046376674321,0.0,down,down,down,down,-0.000809594708051,-0.0058611474614735,0.0,-3.3464743867323016e-06,5.985
1.7030000000000003,-0.1364284635281515,0.6530824954628526,0.0191654189721322,0.0,down,down,down,down,-0.000809594708051,-0.0058611474614735,0.0,-3.3464743867323016e-06,6.0
1.7190000000000003,-0.14599761606723768,0.5972624389848353,0.0215186059682789,0.0,down,down,down,down,-0.000809594708051,-0.0058611474614735,0.0,-3.3464743867323016e-06,6.016
1.734,-0.1543817982072096,0.5581358812900903,0.0238593687872593,0.0,down,down,down,down,-0.000809594708051,-0.0058611474614735,0.0,-3.3464743867323016e-06,6.031
1.75,-0.16256148809986648,0.5104210235830072,0.0264886934370995,0.0,down,down,down,down,-0.000809594708051,-0.0058611474614735,0.0,-3.3464743867323016e-06,6.047
1.766,-0.17140091757134898,0.5516547472595997,0.0292541710418528,0.0,down,down,down,down,-0.000809594708051,-0.0058611474614735,0.0,-3.3464743867323016e-06,6.063
1.7810000000000006,-0.18002475120206188,0.5741126473394573,0.0319777807695756,0.0,down,down,down,down,-0.000809594708051,-0.0058611474614735,0.0,-3.3464743867323016e-06,6.078
1.7970000000000006,-0.1884279842989507,0.5243924738475011,0.0350191810129673,0.0,down,down,down,down,-0.000809594708051,-0.0058611474614735,0.0,-3.3464743867323016e-06,6.094
1.8130000000000006,-0.19635670851419468,0.4947356687446943,0.038191236914856,0.0,down,down,down,down,-0.000809594708051,-0.0058611474614735,0.0,-3.3464743867323016e-06,6.11
1.8280000000000003,-0.204253756747896,0.5256602875387134,0.0412837326162438,0.0,down,down,down,down,-0.000809594708051,-0.0058611474614735,0.0,-3.3464743867323016e-06,6.125
1.8440000000000003,-0.21197549979210709,0.4817993455551447,0.0447073450279474,0.0,down,down,down,down,-0.000809594708051,-0.0058611474614735,0.0,-3.3464743867323016e-06,6.141
1.859,-0.22061420246411959,0.5751039167594613,0.0480396850067911,0.0,down,down,down,down,-0.000809594708051,-0.0058611474614735,0.0,-3.3464743867323016e-06,6.156
1.875,-0.230090524787439,0.5914605504994115,0.0517391011841871,0.0,down,down,down,down,-0.000809594708051,-0.0058611474614735,0.0,-3.3464743867323016e-06,6.172
1.891,-0.2373937736991128,0.4556434622715596,0.0555727539314631,0.0,down,down,down,down,-0.000809594708051,-0.0058611474614735,0.0,-3.3464743867323016e-06,6.188
1.9060000000000006,-0.24454286674216877,0.4757966081623308,0.059275195946695,0.0,down,down,down,down,-0.000809594708051,-0.0058611474614735,0.0,-3.3464743867323016e-06,6.203
1.9220000000000006,-0.2537967785597922,0.5775598938934086,0.0633556914684943,0.010347899479163867,down,down,down,down,-0.000809594708051,-0.0058611474614735,0.0,-3.3464743867323016e-06,6.219
1.9380000000000006,-0.2634899609220032,0.6050143029301398,0.0675877637437322,0.011395447120861768,down,down,down,down,-0.000809594708051,-0.0058611474614735,0.0,-3.3464743867323016e-06,6.235
1.9530000000000003,-0.2728257732049855,0.6215778908241159,0.0716980489616067,0.012440090716151767,down,down,down,down,-0.000809594708051,-0.0058611474614735,0.0,-3.3464743867323016e-06,6.25
1.9690000000000003,-0.28179789594222104,0.5599480763691652,0.0762288166741679,0.013623505641237968,down,down,down,down,-0.000809594708051,-0.0058611474614735,0.0,-3.3464743867323016e-06,6.266
1.984,-0.29033227137324863,0.5681487673604706,0.0806077101409559,0.014799779592351367,down,down,down,down,-0.000809594708051,-0.0058611474614735,0.0,-3.3464743867323016e-06,6.281
2.0,-0.2987475940848832,0.5251480747691103,0.0854141274240046,0.016127954292871068,down,down,down,down,-0.000809594708051,-0.0058611474614735,0.0,-3.3464743867323016e-06,6.297
2.016,-0.3076553073435112,0.5559224839561946,0.0903591289948153,0.017534140344221568,down,down,down,down,-0.000809594708051,-0.0058611474614735,0.0,-3.3464743867323016e-06,6.313
2.0310000000000006,-0.3175949072091876,0.6618303963370162,0.0951364228158828,0.01892535698280187,down,down,down,down,-0.000809594708051,-0.0058611474614735,0.0,-3.3464743867323016e-06,6.328
2.0470000000000006,-0.3267858819239856,0.5736263249668245,0.1003852474883318,0.020489530345235568,down,down,down,down,-0.000809594708051,-0.0058611474614735,0.0,-3.3464743867323016e-06,6.344
2.0630000000000006,-0.33579251825784173,0.5621051761579561,0.10577965304917,0.02213884954953567,down,down,down,down,-0.000809594708051,-0.0058611474614735,0.0,-3.3464743867323016e-06,6.36
2.0780000000000003,-0.3456341024685231,0.655296019337388,0.1109782699165397,0.023764533971778367,down,down,down,down,-0.000809594708051,-0.0058611474614735,0.0,-3.3464743867323016e-06,6.375
2.0940000000000003,-0.3553764380936838,0.6080863818644917,0.1166801326004209,0.025585801191914066,down,down,down,down,-0.000809594708051,-0.0058611474614735,0.0,-3.3464743867323016e-06,6.391
2.109,-0.3648824181423934,0.6329224085392703,0.1221699912341135,0.027377177120673068,down,down,down,down,-0.000809594708051,-0.0058611474614735,0.0,-3.3464743867323016e-06,6.406
2.125,-0.3760059061049007,0.6944084029486536,0.1281908761874754,0.029380064060045768,down,down,down,down,-0.000809594708051,-0.0058611474614735,0.0,-3.3464743867323016e-06,6.422
2.141,-0.385553543523523,0.5959177439558423,0.1343771301438864,0.03148060811069667,down,down,down,down,-0.000809594708051,-0.0058611474614735,0.0,-3.3464743867323016e-06,6.438
2.1560000000000006,-0.3948304062170554,0.6176479181940889,0.1403179269788631,0.03354082103911737,down,down,down,down,-0.000809594708051,-0.0058611474614735,0.0,-3.3464743867323016e-06,6.453
2.1720000000000006,-0.4031555410552522,0.5195113326792452,0.1467955929164251,0.03583772919827967,down,down,down,down,-0.000809594708051,-0.0058611474614735,0.0,-3.3464743867323016e-06,6.469
2.1880000000000006,-0.4119513584500788,0.548928992468611,0.1534102264718514,0.03823937575338587,down,down,down,down,-0.000809594708051,-0.0058611474614735,0.0,-3.3464743867323016e-06,6.485
2.2030000000000003,-0.4205326437133242,0.5712760895083225,0.1597417736999989,0.040588015754674765,down,down,down,down,-0.000809594708051,-0.0058611474614735,0.0,-3.3464743867323016e-06,6.5
2.2190000000000003,-0.4288709586425821,0.5203350883705712,0.1666307808782297,0.04319899619130057,down,down,down,down,-0.000809594708051,-0.0058611474614735,0.0,-3.3464743867323016e-06,6.516
2.234,-0.43510192993282903,0.4145884913084149,0.1731984947544672,0.04574771575854577,down,down,down,down,-0.000809594708051,-0.0058611474614735,0.0,-3.3464743867323016e-06,6.531
2.25,-0.44346411692702514,0.5218270924292053,0.1803208014887297,0.048575870128491266,down,down,down,down,-0.000809594708051,-0.0058611474614735,0.0,-3.3464743867323016e-06,6.547
2.266,-0.4515717916831417,0.5059200775492375,0.1875748671169946,0.05151903547733707,down,down,down,down,-0.000809594708051,-0.0058611474614735,0.0,-3.3464743867323016e-06,6.563
2.2810000000000006,-0.4594817182744767,0.5265188447142581,0.1944956856535991,0.054384564623116666,down,down,down,down,-0.000809594708051,-0.0058611474614735,0.0,-3.3464743867323016e-06,6.578
2.2970000000000006,-0.46641253931962734,0.43236672061386344,0.2019966180737355,0.057556503052935366,down,down,down,down,-0.000809594708051,-0.0058611474614735,0.0,-3.3464743867323016e-06,6.594
2.3130000000000006,-0.47317431594904324,0.4218014446304427,0.2096070912752684,0.06084933272772737,down,down,down,down,-0.000809594708051,-0.0058611474614735,0.0,-3.3464743867323016e-06,6.61
2.3280000000000003,-0.48137890429943303,0.5461629619846168,0.216854157639054,0.06404779209458478,down,down,down,down,-0.000809594708051,-0.0058611474614735,0.0,-3.3464743867323016e-06,6.625
2.3440000000000003,-0.489383380738838,0.4994701827547573,0.2247140342787437,0.06758033762992717,down,down,down,down,-0.000809594708051,-0.0058611474614735,0.0,-3.3464743867323016e-06,6.641
2.359,-0.4987921251877908,0.6264400352221483,0.2322132677851154,0.07100729239540597,down,down,down,down,-0.000809594708051,-0.0058611474614735,0.0,-3.3464743867323016e-06,6.656
2.375,-0.5079713880648172,0.5728943351060996,0.2403611542505198,0.07478788777169107,down,down,down,down,-0.000809594708051,-0.0058611474614735,0.0,-3.3464743867323016e-06,6.672
2.391,-0.5169481050907089,0.5602352194101764,0.2486542885551476,0.07870001131413637,down,down,down,down,-0.000809594708051,-0.0058611474614735,0.0,-3.3464743867323016e-06,6.688
2.4060000000000006,-0.5247321876577634,0.5181292430955654,0.2565548079626836,0.08248907953802027,down,down,down,down,-0.000809594708051,-0.0058611474614735,0.0,-3.3464743867323016e-06,6.703
2.4220000000000006,-0.5323264145524523,0.4738295862100058,0.2651050551397489,0.08666235844283977,down,down,down,down,-0.000809594708051,-0.0058611474614735,0.0,-3.3464743867323016e-06,6.719
2.4380000000000006,-0.539740766934342,0.4625874291600548,0.2737753709510268,0.09097340185156598,down,down,down,down,-0.000809594708051,-0.0058611474614735,0.0,-3.3464743867323016e-06,6.735
2.4530000000000003,-0.5469742814532578,0.4814247065530086,0.2820136510258557,0.09514181951639247,down,down,down,down,-0.000809594708051,-0.0058611474614735,0.0,-3.3464743867323016e-06,6.75
2.4690000000000003,-0.5529805606639738,0.3745828559617023,0.2909070681221771,0.09972518526957677,down,down,down,down,-0.000809594708051,-0.0058611474614735,0.0,-3.3464743867323016e-06,6.766
2.484,-0.5588403452597942,0.38984271167998213,0.2993336421285273,0.10415199059645698,down,down,down,down,-0.000809594708051,-0.0058611474614735,0.0,-3.3464743867323016e-06,6.781
2.5,-0.5641605413919369,0.33170266355087,0.3084114275811247,0.10901395115413418,down,down,down,down,-0.000809594708051,-0.0058611474614735,0.0,-3.3464743867323016e-06,6.797
2.516,-0.5693509766428076,0.32359260847136784,0.3175732980847862,0.11402182895946147,down,down,down,down,-0.000809594708051,-0.0058611474614735,0.0,-3.3464743867323016e-06,6.813
2.5310000000000006,-0.573888269300067,0.3016765824425594,0.3262355096412802,0.11885039501740717,down,down,down,down,-0.000809594708051,-0.0058611474614735,0.0,-3.3464743867323016e-06,6.828
2.5470000000000006,-0.578303754785317,0.2751582481200775,0.3355468241933468,0.12414465368808418,down,down,down,down,-0.000809594708051,-0.0058611474614735,0.0,-3.3464743867323016e-06,6.844
2.5630000000000006,-0.5830628871968654,0.29663618101372063,0.3449315356885879,0.12958848056713965,down,down,down,down,-0.000809594708051,-0.0058611474614735,0.0,-3.3464743867323016e-06,6.86
2.5780000000000003,-0.5867494029319343,0.2449581209632176,0.3537930450764758,0.13482891492287757,down,down,down,down,-0.000809594708051,-0.0058611474614735,0.0,-3.3464743867323016e-06,6.875
2.5940000000000003,-0.5904073943975129,0.227814871890608,0.363304077814495,0.14056569190600535,down,down,down,down,-0.000809594708051,-0.0058611474614735,0.0,-3.3464743867323016e-06,6.891
2.609,-0.5941437556856323,0.2482811578332465,0.3722761286520405,0.14608254345450425,down,down,down,down,-0.000809594708051,-0.0058611474614735,0.0,-3.3464743867323016e-06,6.906
2.625,-0.5986551682520834,0.281153690695146,0.3819122984029258,0.15211605087094396,down,down,down,down,-0.000809594708051,-0.0058611474614735,0.0,-3.3464743867323016e-06,6.922
2.641,-0.6030647850787877,0.2747914569609654,0.3916198363889564,0.15830430794927905,down,down,down,down,-0.000809594708051,-0.0058611474614735,0.0,-3.3464743867323016e-06,6.938
2.6560000000000006,-0.6075541663862137,0.2984824924536739,0.4007873957368664,0.16424736219022296,down,down,down,down,-0.000809594708051,-0.0058611474614735,0.0,-3.3464743867323016e-06,6.953
2.6720000000000006,-0.6122117930190482,0.2902920698441001,0.410639301771492,0.17073877577028976,down,down,down,down,-0.000809594708051,-0.0058611474614735,0.0,-3.3464743867323016e-06,6.969
2.6880000000000006,-0.6170983296206228,0.30459894289036593,0.420567561111993,0.17738843067335766,down,down,down,down,-0.000809594708051,-0.0058611474614735,0.0,-3.3464743867323016e-06,6.985
2.7030000000000003,-0.6218533415989304,0.3161912038457905,0.4299476158580615,0.18376729450063295,down,down,down,down,-0.000809594708051,-0.0058611474614735,0.0,-3.3464743867323016e-06,7.0
2.7190000000000003,-0.6255280250528586,0.2288581211624673,0.4400204451506594,0.19072703898870266,down,down,down,down,-0.000809594708051,-0.0058611474614735,0.0,-3.3464743867323016e-06,7.016
2.734,-0.6301442251621091,0.30693707924198604,0.4495259042391936,0.19739863660912646,down,down,down,down,-0.000809594708051,-0.0058611474614735,0.0,-3.3464743867323016e-06,7.031
2.75,-0.6346676194125341,0.28190254594351294,0.4597381773551743,0.20467274926188145,down,down,down,down,-0.000809594708051,-0.0058611474614735,0.0,-3.3464743867323016e-06,7.047
2.766,-0.6387240693082604,0.25271852377484183,0.4700190892243243,0.21211080739451746,down,down,down,down,-0.000809594708051,-0.0058611474614735,0.0,-3.3464743867323016e-06,7.063
2.7810000000000006,-0.6422336961238245,0.23316552632954698,0.4797141896769873,0.21923380698627756,down,down,down,down,-0.000809594708051,-0.0058611474614735,0.0,-3.3464743867323016e-06,7.078
2.7970000000000006,-0.6456547106842728,0.2130038153199674,0.4901110752908357,0.22699240910602006,down,down,down,down,-0.000809594708051,-0.0058611474614735,0.0,-3.3464743867323016e-06,7.094
2.8130000000000006,-0.6494059975217771,0.23364583263596458,0.5005653393158684,0.23491782042287376,down,down,down,down,-0.000809594708051,-0.0058611474614735,0.0,-3.3464743867323016e-06,7.11
2.8280000000000003,-0.6522971926978071,0.1919367503606185,0.5104160304544372,0.24250018069615087,down,down,down,down,-0.000809594708051,-0.0058611474614735,0.0,-3.3464743867323016e-06,7.125
2.8440000000000003,-0.6547320059838652,0.1513662356705802,0.5209660424032742,0.25075123727901266,down,down,down,down,-0.000809594708051,-0.0058611474614735,0.0,-3.3464743867323016e-06,7.141
2.859,-0.65709142126188,0.15648475715961,0.5308926353195391,0.25864017736193357,down,down,down,down,-0.000809594708051,-0.0058611474614735,0.0,-3.3464743867323016e-06,7.156
2.875,-0.6600977207168698,0.1870841212288087,0.5415239268147527,0.2672195098590079,down,down,down,down,-0.000809594708051,-0.0058611474614735,0.0,-3.3464743867323016e-06,7.172
2.891,-0.6622740606334735,0.1352116500796807,0.552196679424939,0.2759692747089254,down,down,down,down,-0.000809594708051,-0.0058611474614735,0.0,-3.3464743867323016e-06,7.188
2.9060000000000006,-0.6643973190886961,0.1407409689734539,0.5622346319847777,0.2843275095444986,down,down,down,down,-0.000809594708051,-0.0058611474614735,0.0,-3.3464743867323016e-06,7.203
2.9220000000000006,-0.6661573028056936,0.10918938760429149,0.5729728473193164,0.2934091693789313,down,down,down,down,-0.000809594708051,-0.0058611474614735,0.0,-3.3464743867323016e-06,7.219
2.9380000000000006,-0.6678743600905702,0.1065064855967356,0.5837388789818702,0.3026628631893409,down,down,down,down,-0.000809594708051,-0.0058611474614735,0.0,-3.3464743867323016e-06,7.235
2.9530000000000003,-0.668859133418371,0.0648419604786691,0.5938522973951091,0.311494797012168,down,down,down,down,-0.000809594708051,-0.0058611474614735,0.0,-3.3464743867323016e-06,7.25
2.9690000000000003,-0.6721121480358506,0.2025038188844251,0.6046738460061265,0.3210830061593779,down,down,down,down,-0.000809594708051,-0.0058611474614735,0.0,-3.3464743867323016e-06,7.266
2.984,-0.6752858208333913,0.2107685917946642,0.6148672479845677,0.3302295643643079,down,down,down,down,-0.000809594708051,-0.0058611474614735,0.0,-3.3464743867323016e-06,7.281
3.0,-0.6774291157817719,0.1331463395657372,0.6257827458368727,0.3401547643148794,down,down,down,down,-0.000809594708051,-0.0058611474614735,0.0,-3.3464743867323016e-06,7.297
3.016,-0.6795201352436068,0.1298791216566286,0.6367321182044593,0.35025488322721,down,down,down,down,-0.000809594708051,-0.0058611474614735,0.0,-3.3464743867323016e-06,7.313
3.0310000000000006,-0.6820812893930023,0.1699340152516429,0.6470320461011564,0.3598831144595025,down,down,down,down,-0.000809594708051,-0.0058611474614735,0.0,-3.3464743867323016e-06,7.328
3.0470000000000006,-0.6845799763680224,0.1553583412307046,0.6580591145866281,0.37032384374500477,down,down,down,down,-0.000809594708051,-0.0058611474614735,0.0,-3.3464743867323016e-06,7.344
3.0630000000000006,-0.6876958045846565,0.1939296688315827,0.6691310991936331,0.38094136545524687,down,down,down,down,-0.000809594708051,-0.0058611474614735,0.0,-3.3464743867323016e-06,7.36
3.0780000000000003,-0.6907391903998211,0.20208279296959408,0.6795572788679386,0.39105652829070847,down,down,down,down,-0.000809594708051,-0.0058611474614735,0.0,-3.3464743867323016e-06,7.375
3.0940000000000003,-0.693124282566144,0.1482586656871287,0.6907219650110499,0.4020187622417404,down,down,down,down,-0.000809594708051,-0.0058611474614735,0.0,-3.3464743867323016e-06,7.391
3.109,-0.6960533248670108,0.1944598920164044,0.7012287142787205,0.4124583923364134,down,down,down,down,-0.000809594708051,-0.0058611474614735,0.0,-3.3464743867323016e-06,7.406
3.125,-0.6989109271117578,0.17779054558864069,0.7124822066539342,0.4237680797038747,down,down,down,down,-0.000809594708051,-0.0058611474614735,0.0,-3.3464743867323016e-06,7.422
3.141,-0.7019799892184208,0.1910067869583808,0.7237831123439593,0.4352582022558579,down,down,down,down,-0.000809594708051,-0.0058611474614735,0.0,-3.3464743867323016e-06,7.438
3.1560000000000006,-0.7043356496198233,0.1562344320521136,0.7344183968471687,0.4461947135747917,down,down,down,down,-0.000809594708051,-0.0058611474614735,0.0,-3.3464743867323016e-06,7.453
3.1720000000000006,-0.7071038057485187,0.1722001633354119,0.745803690849499,0.458036490276365,down,down,down,down,-0.000809594708051,-0.0058611474614735,0.0,-3.3464743867323016e-06,7.469
3.1880000000000006,-0.7096994289871682,0.16141685770754138,0.7572318950867681,0.4700607749638552,down,down,down,down,-0.000809594708051,-0.0058611474614735,0.0,-3.3464743867323016e-06,7.485
3.2030000000000003,-0.711667860821665,0.1304191942584049,0.7679800669722563,0.4814998646792977,down,down,down,down,-0.000809594708051,-0.0058611474614735,0.0,-3.3464743867323016e-06,7.5
3.2190000000000003,-0.7139966197884676,0.1447378407171128,0.7794791611765209,0.4938795385044879,down,down,down,down,-0.000809594708051,-0.0058611474614735,0.0,-3.3464743867323016e-06,7.516
3.234,-0.7162275328378894,0.1479179419200722,0.7902937595331405,0.5056528354098101,down,down,down,down,-0.000809594708051,-0.0058611474614735,0.0,-3.3464743867323016e-06,7.531
3.25,-0.7173244851609671,0.0677499254843061,0.801855954036515,0.5183900331183674,down,down,down,down,-0.000809594708051,-0.0058611474614735,0.0,-3.3464743867323016e-06,7.547
3.266,-0.719261247950378,0.1202380796301305,0.8134424182607893,0.5313124200967458,down,down,down,down,-0.000809594708051,-0.0058611474614735,0.0,-3.3464743867323016e-06,7.563
3.2810000000000006,-0.7210542035595734,0.1187207792383008,0.8243327013590365,0.543595733493895,down,down,down,down,-0.000809594708051,-0.0058611474614735,0.0,-3.3464743867323016e-06,7.578
3.2970000000000006,-0.7224181754726634,0.0844386498600746,0.835974258750678,0.5568781891747727,down,down,down,down,-0.000809594708051,-0.0058611474614735,0.0,-3.3464743867323016e-06,7.594
3.3130000000000006,-0.7244501876608905,0.1261911670561444,0.84764298401513,0.5703471271168992,down,down,down,down,-0.000809594708051,-0.0058611474614735,0.0,-3.3464743867323016e-06,7.61
3.3280000000000003,-0.7271476117147665,0.1790186755503503,0.8586178847223693,0.5831440836324301,down,down,down,down,-0.000809594708051,-0.0058611474614735,0.0,-3.3464743867323016e-06,7.625
3.3440000000000003,-0.7298265618230958,0.16662478706253028,0.8703674564700559,0.5969759663619695,down,down,down,down,-0.000809594708051,-0.0058611474614735,0.0,-3.3464743867323016e-06,7.641
3.359,-0.7312720356556285,0.09555532746079659,0.8814136131630682,0.6101143243842176,down,down,down,down,-0.000809594708051,-0.0058611474614735,0.0,-3.3464743867323016e-06,7.656
3.375,-0.73194193565441,0.041059155215794604,0.8932131032929321,0.6243113381158657,down,down,down,down,-0.000809594708051,-0.0058611474614735,0.0,-3.3464743867323016e-06,7.672
3.391,-0.7326022014439763,0.0404570171398389,0.9050232347491028,0.638697228820202,down,down,down,down,-0.000809594708051,-0.0058611474614735,0.0,-3.3464743867323016e-06,7.688
3.4060000000000006,-0.7338825454867149,0.0845466748078584,0.9161097875630057,0.6523557264875433,down,down,down,down,-0.000809594708051,-0.0058611474614735,0.0,-3.3464743867323016e-06,7.703
3.4220000000000006,-0.7360531336544726,0.1348521657767998,0.9279630513555186,0.6671083091988914,down,down,down,down,-0.000809594708051,-0.0058611474614735,0.0,-3.3464743867323016e-06,7.719
3.4380000000000006,-0.7381883691251315,0.1326426222081344,0.939850761737139,0.6820508197036327,down,down,down,down,-0.000809594708051,-0.0058611474614735,0.0,-3.3464743867323016e-06,7.735
3.4530000000000003,-0.7388332847157618,0.0421847780006359,0.9510163413528676,0.6962323229768075,down,down,down,down,-0.000809594708051,-0.0058611474614735,0.0,-3.3464743867323016e-06,7.75
3.4690000000000003,-0.7414417446277001,0.16221914978808968,0.9629523199469988,0.7115440722672064,down,down,down,down,-0.000809594708051,-0.0058611474614735,0.0,-3.3464743867323016e-06,7.766
3.484,-0.7420194491236317,0.0377040383540592,0.9741661961120558,0.726072461137649,down,down,down,down,-0.000809594708051,-0.0058611474614735,0.0,-3.3464743867323016e-06,7.781
3.5,-0.7425425598014109,0.0318848226531499,0.9861364705428396,0.7417548824708882,down,down,down,down,-0.000809594708051,-0.0058611474614735,0.0,-3.3464743867323016e-06,7.797
3.516,-0.7425916764206201,0.0,0.9981113227919995,0.7576288648175669,down,down,down,down,-0.000809594708051,-0.0058611474614735,0.0,-3.3464743867323016e-06,7.813
3.5310000000000006,-0.7440505475118792,0.0964484780425509,1.0093490566834158,0.7726848176636331,down,down,down,down,-0.000809594708051,-0.0058611474614735,0.0,-3.3464743867323016e-06,7.828
3.5470000000000006,-0.7454679627095172,0.087778855144327,1.0213589831245706,0.7889304819820969,down,down,down,down,-0.000809594708051,-0.0058611474614735,0.0,-3.3464743867323016e-06,7.844
3.5630000000000006,-0.7468508068047744,0.0856181612455264,1.0333913116400686,0.805368484340214,down,down,down,down,-0.000809594708051,-0.0058611474614735,0.0,-3.3464743867323016e-06,7.86
3.5780000000000003,-0.7490753130237345,0.1474908198892913,1.0446986747507043,0.8209541592381445,down,down,down,down,-0.000809594708051,-0.0058611474614735,0.0,-3.3464743867323016e-06,7.875
3.5940000000000003,-0.7512455629934519,0.1348310283992848,1.0567950201182257,0.837766108797096,down,down,down,down,-0.000809594708051,-0.0058611474614735,0.0,-3.3464743867323016e-06,7.891
3.609,-0.7523018989094831,0.0696127996940277,1.068159543294419,0.8537032680226905,down,down,down,down,-0.000809594708051,-0.0058611474614735,0.0,-3.3464743867323016e-06,7.906
3.625,-0.7515942228863431,0.045039346154296195,1.0802844906281694,0.8708908202940712,down,down,down,down,-0.000809594708051,-0.0058611474614735,0.0,-3.3464743867323016e-06,7.922
3.641,-0.7514821574057323,0.0,1.0924028800298895,0.8882723192593357,down,down,down,down,-0.000809594708051,-0.0058611474614735,0.0,-3.3464743867323016e-06,7.938
3.6560000000000006,-0.7513656183662346,0.0,1.103762155560102,0.9047435570262613,down,down,down,down,-0.000809594708051,-0.0058611474614735,0.0,-3.3464743867323016e-06,7.953
3.6720000000000006,-0.7512519217423358,0.0,1.1158768742403542,0.9225006692646649,down,down,down,down,-0.000809594708051,-0.0058611474614735,0.0,-3.3464743867323016e-06,7.969
3.6880000000000006,-0.7526804866738958,0.0884757135144465,1.1280021118670676,0.9404517011535245,down,down,down,down,-0.000809594708051,-0.0058611474614735,0.0,-3.3464743867323016e-06,7.985
3.7030000000000003,-0.7540742085583433,0.0921051975884529,1.1393906892932313,0.9574571471622263,down,down,down,down,-0.000809594708051,-0.0058611474614735,0.0,-3.3464743867323016e-06,8.0
3.7190000000000003,-0.75382465924198,0.0164064269807527,1.1515476585950175,0.9757846539453323,down,down,down,down,-0.000809594708051,-0.0058611474614735,0.0,-3.3464743867323016e-06,8.016
3.734000000000001,-0.7535811964943077,0.0170404445528767,1.1629411197249622,0.9931433197827328,down,down,down,down,-0.000809594708051,-0.0058611474614735,0.0,-3.3464743867323016e-06,8.031
3.750000000000001,-0.7532791026993363,0.0196904568937615,1.1750897804778948,1.0118475669843556,down,down,down,down,-0.000809594708051,-0.0058611474614735,0.0,-3.3464743867323016e-06,8.047
3.766000000000001,-0.7529311564980238,0.0225562322900828,1.1872332409108572,1.0307461511554656,down,down,down,down,-0.000809594708051,-0.0058611474614735,0.0,-3.3464743867323016e-06,8.063
3.7809999999999997,-0.7541976993192742,0.0836265933753146,1.198624624541408,1.0486400851463562,down,down,down,down,-0.000809594708051,-0.0058611474614735,0.0,-3.3464743867323016e-06,8.078
3.7969999999999997,-0.7538205603139706,0.0243807825395235,1.2107825489778576,1.0679153425345103,down,down,down,down,-0.000809594708051,-0.0058611474614735,0.0,-3.3464743867323016e-06,8.094
3.8129999999999997,-0.7534526198209922,0.0238058755192004,1.2229345127783209,1.0873850790285597,down,down,down,down,-0.000809594708051,-0.0058611474614735,0.0,-3.3464743867323016e-06,8.11
3.8280000000000003,-0.7530959449659865,0.0245879183750953,1.2343215442261457,1.105814499456094,down,down,down,down,-0.000809594708051,-0.0058611474614735,0.0,-3.3464743867323016e-06,8.125
3.8440000000000003,-0.755596089638969,0.1554494473533507,1.246484858862369,1.1256609506808022,down,down,down,down,-0.000809594708051,-0.0058611474614735,0.0,-3.3464743867323016e-06,8.141
3.859000000000001,-0.7568559318979738,0.0831798892256047,1.2579161662358185,1.1444439583690391,down,down,down,down,-0.000809594708051,-0.0058611474614735,0.0,-3.3464743867323016e-06,8.156
3.875000000000001,-0.7580727637664745,0.0752423970732385,1.2701293741605175,1.1646683226922099,down,down,down,down,-0.000809594708051,-0.0058611474614735,0.0,-3.3464743867323016e-06,8.172
3.891000000000001,-0.7567935775603446,0.08075873259116831,1.282342083250516,1.185088094351498,down,down,down,down,-0.000809594708051,-0.0058611474614735,0.0,-3.3464743867323016e-06,8.188
3.9059999999999997,-0.7573252406308716,0.034634609993751106,1.2937858915988711,1.204409054162867,down,down,down,down,-0.000809594708051,-0.0058611474614735,0.0,-3.3464743867323016e-06,8.203
3.9219999999999997,-0.7577809390249507,0.0276715549218931,1.306000519395501,1.2252073454508219,down,down,down,down,-0.000809594708051,-0.0058611474614735,0.0,-3.3464743867323016e-06,8.219
3.9379999999999997,-0.7589218143075095,0.0704951104518736,1.3182279197815443,1.2462011729642384,down,down,down,down,-0.000809594708051,-0.0058611474614735,0.0,-3.3464743867323016e-06,8.235
3.9530000000000003,-0.7588257446287604,0.0,1.3296989436854891,1.266060624440242,down,down,down,down,-0.000809594708051,-0.0058611474614735,0.0,-3.3464743867323016e-06,8.25
3.9690000000000003,-0.7593741085928728,0.0334631530489737,1.3419383208706457,1.287433722556691,down,down,down,down,-0.000809594708051,-0.0058611474614735,0.0,-3.3464743867323016e-06,8.266
3.984000000000001,-0.7599480667899475,0.0374542850969296,1.3534211543979393,1.3076489186212061,down,down,down,down,-0.000809594708051,-0.0058611474614735,0.0,-3.3464743867323016e-06,8.281
4.000000000000001,-0.7606002779643984,0.0399536036951309,1.3656793195153576,1.3294017224125125,down,down,down,down,-0.000809594708051,-0.0058611474614735,0.0,-3.3464743867323016e-06,8.297
4.016000000000001,-0.7624696554895821,0.1160265006159288,1.377957657342373,1.3513508182273744,down,down,down,down,-0.000809594708051,-0.0058611474614735,0.0,-3.3464743867323016e-06,8.313
4.031,-0.7642702810537899,0.1192321095724781,1.3894961240783696,1.3721067215880283,down,down,down,down,-0.000809594708051,-0.0058611474614735,0.0,-3.3464743867323016e-06,8.328
4.047,-0.7653867780663665,0.068971468577983,1.4018271589107143,1.394437307851941,down,down,down,down,-0.000809594708051,-0.0058611474614735,0.0,-3.3464743867323016e-06,8.344
4.063,-0.7644162347596685,0.0614685513766753,1.4141593613727064,1.4169652000142083,down,down,down,down,-0.000809594708051,-0.0058611474614735,0.0,-3.3464743867323016e-06,8.36
4.078,-0.7634783310560672,0.06333650828146531,1.4257064878282468,1.4382641938832164,down,down,down,down,-0.000809594708051,-0.0058611474614735,0.0,-3.3464743867323016e-06,8.375
4.094,-0.7646618788644767,0.07316214331754,1.4380253878669949,1.4611740488887783,down,down,down,down,-0.000809594708051,-0.0058611474614735,0.0,-3.3464743867323016e-06,8.391
4.109000000000001,-0.7651994913948138,0.035031240647756104,1.449587265355862,1.4828311437879507,down,down,down,down,-0.000809594708051,-0.0058611474614735,0.0,-3.3464743867323016e-06,8.406
4.125000000000001,-0.7669702065373977,0.1098601017034406,1.4619384012987031,1.5061233491211874,down,down,down,down,-0.000809594708051,-0.0058611474614735,0.0,-3.3464743867323016e-06,8.422
4.141000000000001,-0.7686559181880651,0.104547383458664,1.4743171886558906,1.5296133938408238,down,down,down,down,-0.000809594708051,-0.0058611474614735,0.0,-3.3464743867323016e-06,8.438
4.156,-0.7703535279760044,0.112364391154579,1.4859476767140425,1.5518153803310966,down,down,down,down,-0.000809594708051,-0.0058611474614735,0.0,-3.3464743867323016e-06,8.453
4.172,-0.7710987790660441,0.0457685984194267,1.4983730735297622,1.575689946333047,down,down,down,down,-0.000809594708051,-0.0058611474614735,0.0,-3.3464743867323016e-06,8.469
4.188,-0.7717407435345277,0.039313184572176106,1.5108095680699505,1.5997634074658447,down,down,down,down,-0.000809594708051,-0.0058611474614735,0.0,-3.3464743867323016e-06,8.485
4.203,-0.7725382511200839,0.0523575776623596,1.5224795777417826,1.6225130760594335,down,down,down,down,-0.000809594708051,-0.0058611474614735,0.0,-3.3464743867323016e-06,8.5
4.219,-0.7733163073011139,0.047818916606323605,1.5349401925685358,1.646972434221916,down,down,down,down,-0.000809594708051,-0.0058611474614735,0.0,-3.3464743867323016e-06,8.516
4.234000000000001,-0.7738516716498564,0.0348813618747784,1.5466318696225905,1.6700842246883505,down,down,down,down,-0.000809594708051,-0.0058611474614735,0.0,-3.3464743867323016e-06,8.531
4.250000000000001,-0.774373978331557,0.031834572898237205,1.559111453181825,1.6949301712707856,down,down,down,down,-0.000809594708051,-0.0058611474614735,0.0,-3.3464743867323016e-06,8.547
4.266000000000001,-0.7741280223132635,0.0161818458513928,1.5715932475463674,1.7199758088766113,down,down,down,down,-0.000809594708051,-0.0058611474614735,0.0,-3.3464743867323016e-06,8.563
4.281,-0.773888065222245,0.0168067341092882,1.583291285414805,1.7436374428738182,down,down,down,down,-0.000809594708051,-0.0058611474614735,0.0,-3.3464743867323016e-06,8.578
4.297,-0.774226595506658,0.0203485480677612,1.5957699810600197,1.769069933005617,down,down,down,down,-0.000809594708051,-0.0058611474614735,0.0,-3.3464743867323016e-06,8.594
4.313,-0.774556868954866,0.019832495804950098,1.6082540271350954,1.7947021250711777,down,down,down,down,-0.000809594708051,-0.0058611474614735,0.0,-3.3464743867323016e-06,8.61
4.328,-0.7741378441313814,0.0287445829403531,1.6199571546951648,1.8189137089349052,down,down,down,down,-0.000809594708051,-0.0058611474614735,0.0,-3.3464743867323016e-06,8.625
4.344,-0.7737823698285667,0.0230267386339687,1.632434294766228,1.844932840530597,down,down,down,down,-0.000809594708051,-0.0058611474614735,0.0,-3.3464743867323016e-06,8.641
4.359000000000001,-0.7734355656306989,0.0239298745659042,1.6441263464940952,1.8695070453400502,down,down,down,down,-0.000809594708051,-0.0058611474614735,0.0,-3.3464743867323016e-06,8.656
4.375000000000001,-0.773559265941021,0.0,1.6565960835060525,1.8959128247800512,down,down,down,down,-0.000809594708051,-0.0058611474614735,0.0,-3.3464743867323016e-06,8.672
4.391000000000001,-0.7736799491706031,0.0,1.669067775586329,1.9225181356527903,down,down,down,down,-0.000809594708051,-0.0058611474614735,0.0,-3.3464743867323016e-06,8.688
4.406,-0.7736089457048348,0.0,1.680760359509816,1.9476418466660093,down,down,down,down,-0.000809594708051,-0.0058611474614735,0.0,-3.3464743867323016e-06,8.703
4.422,-0.7735396740309161,0.0,1.6932313268270855,1.9746337801567044,down,down,down,down,-0.000809594708051,-0.0058611474614735,0.0,-3.3464743867323016e-06,8.719
4.438,-0.7737540543269185,0.0125891737920991,1.705703455013332,2.0018252584114276,down,down,down,down,-0.000809594708051,-0.0058611474614735,0.0,-3.3464743867323016e-06,8.735
4.453,-0.773963205835214,0.0131338391783211,1.7173992516764705,2.027498528711602,down,down,down,down,-0.000809594708051,-0.0058611474614735,0.0,-3.3464743867323016e-06,8.75
4.469,-0.7741805995662255,0.0127775134801667,1.7298781804790655,2.055076748168846,down,down,down,down,-0.000809594708051,-0.0058611474614735,0.0,-3.3464743867323016e-06,8.766
4.484000000000001,-0.7746685686067317,0.031721674659026804,1.7415824664522852,2.081112703020833,down,down,down,down,-0.000809594708051,-0.0058611474614735,0.0,-3.3464743867323016e-06,8.781
4.500000000000001,-0.773362038323894,0.0824677373854053,1.7540604896671137,2.109077846669788,down,down,down,down,-0.000809594708051,-0.0058611474614735,0.0,-3.3464743867323016e-06,8.797
4.516000000000001,-0.7721405881856694,0.07715022834708911,1.7665182890385738,2.137242476899434,down,down,down,down,-0.000809594708051,-0.0058611474614735,0.0,-3.3464743867323016e-06,8.813
4.531,-0.7732520494841514,0.073287825190751,1.7781966510330185,2.1638278389499686,down,down,down,down,-0.000809594708051,-0.0058611474614735,0.0,-3.3464743867323016e-06,8.828
4.547,-0.7726969214441742,0.0355050972066227,1.7906580211598286,2.1923786763275115,down,down,down,down,-0.000809594708051,-0.0058611474614735,0.0,-3.3464743867323016e-06,8.844
4.563,-0.7721405518799004,0.0355826924751666,1.803110499305805,2.221128824491237,down,down,down,down,-0.000809594708051,-0.0058611474614735,0.0,-3.3464743867323016e-06,8.86
4.578,-0.7722057546739781,0.0,1.8147810138168816,2.2482630108396577,down,down,down,down,-0.000809594708051,-0.0058611474614735,0.0,-3.3464743867323016e-06,8.875
4.594,-0.7716822419110906,0.033529142388521796,1.8272258961489456,2.2773990661193846,down,down,down,down,-0.000809594708051,-0.0058611474614735,0.0,-3.3464743867323016e-06,8.891
4.609000000000001,-0.771385975332379,0.0205606999554918,1.8388868249901944,2.304894911527929,down,down,down,down,-0.000809594708051,-0.0058611474614735,0.0,-3.3464743867323016e-06,8.906
4.625000000000001,-0.7710851297734803,0.0196124421392162,1.8513203721904248,2.334416569105374,down,down,down,down,-0.000809594708051,-0.0058611474614735,0.0,-3.3464743867323016e-06,8.922
4.641000000000001,-0.77203182039918,0.058358569398175804,1.8637590861511897,2.3641372047721068,down,down,down,down,-0.000809594708051,-0.0058611474614735,0.0,-3.3464743867323016e-06,8.938
4.656,-0.7723114332101791,0.0178312593585636,1.875429577765181,2.392181119751477,down,down,down,down,-0.000809594708051,-0.0058611474614735,0.0,-3.3464743867323016e-06,8.953
4.672,-0.7726268339272321,0.0189029501077576,1.887882862261664,2.422287619271692,down,down,down,down,-0.000809594708051,-0.0058611474614735,0.0,-3.3464743867323016e-06,8.969
4.688,-0.7724951172519853,0.0,1.9003376162304813,2.452593383099629,down,down,down,down,-0.000809594708051,-0.0058611474614735,0.0,-3.3464743867323016e-06,8.985
4.703,-0.7728955344991243,0.0258848884345491,1.9120159633305367,2.481186034946338,down,down,down,down,-0.000809594708051,-0.0058611474614735,0.0,-3.3464743867323016e-06,9.0
4.719,-0.7732891640855969,0.0237922544464864,1.9244792192785984,2.511877996407211,down,down,down,down,-0.000809594708051,-0.0058611474614735,0.0,-3.3464743867323016e-06,9.016
4.734000000000001,-0.7746851221322207,0.0922542750668685,1.9361769436371543,2.5408329176290803,down,down,down,down,-0.000809594708051,-0.0058611474614735,0.0,-3.3464743867323016e-06,9.031
4.750000000000001,-0.7755835903368952,0.0553446680841008,1.948672871696291,2.5719117161517477,down,down,down,down,-0.000809594708051,-0.0058611474614735,0.0,-3.3464743867323016e-06,9.047
4.766000000000001,-0.7758862258956044,0.0181051277112765,1.9611784085855344,2.6031905263940023,down,down,down,down,-0.000809594708051,-0.0058611474614735,0.0,-3.3464743867323016e-06,9.063
4.781,-0.7762143237661335,0.0210635966605587,1.9729070799199189,2.632696167557791,down,down,down,down,-0.000809594708051,-0.0058611474614735,0.0,-3.3464743867323016e-06,9.078
4.797,-0.7755104828970173,0.044799649027815594,1.985414656732608,2.664362741451011,down,down,down,down,-0.000809594708051,-0.0058611474614735,0.0,-3.3464743867323016e-06,9.094
4.813,-0.7743273648779124,0.0747544709021051,1.9979071378741893,2.6962293158078654,down,down,down,down,-0.000809594708051,-0.0058611474614735,0.0,-3.3464743867323016e-06,9.11
4.828,-0.7732576478781895,0.0721240613562425,2.009601942681781,2.7262856339120365,down,down,down,down,-0.000809594708051,-0.0058611474614735,0.0,-3.3464743867323016e-06,9.125
4.844,-0.7745810118522557,0.0819006536710853,2.0220784303190085,2.7585390768960427,down,down,down,down,-0.000809594708051,-0.0058611474614735,0.0,-3.3464743867323016e-06,9.141
4.859000000000001,-0.7758720986562225,0.0852628588897347,2.0337947458597445,2.7889581257173846,down,down,down,down,-0.000809594708051,-0.0058611474614735,0.0,-3.3464743867323016e-06,9.156
4.875000000000001,-0.774335810029836,0.0968276338572103,2.046290187488617,2.8215988051841716,down,down,down,down,-0.000809594708051,-0.0058611474614735,0.0,-3.3464743867323016e-06,9.172
4.891000000000001,-0.7728369918577515,0.0944857304633338,2.0587613482631006,2.8544392174701856,down,down,down,down,-0.000809594708051,-0.0058611474614735,0.0,-3.3464743867323016e-06,9.188
4.906,-0.7735412274545191,0.0461394450764653,2.070447102119864,2.8854082808480555,down,down,down,down,-0.000809594708051,-0.0058611474614735,0.0,-3.3464743867323016e-06,9.203
4.922,-0.7742282865733171,0.0421316002168215,2.08292303659147,2.918635241957746,down,down,down,down,-0.000809594708051,-0.0058611474614735,0.0,-3.3464743867323016e-06,9.219
4.938,-0.7749835063116103,0.046391638935272504,2.095410509293933,2.9520619103248293,down,down,down,down,-0.000809594708051,-0.0058611474614735,0.0,-3.3464743867323016e-06,9.235
4.953,-0.7757203060562877,0.048310388270443205,2.107128705098615,2.983580954432774,down,down,down,down,-0.000809594708051,-0.0058611474614735,0.0,-3.3464743867323016e-06,9.25
4.969,-0.7769150662091758,0.0738629148474556,2.1196435664361224,3.0173951326050528,down,down,down,down,-0.000809594708051,-0.0058611474614735,0.0,-3.3464743867323016e-06,9.266
4.984000000000001,-0.7780570678859996,0.0753238504135306,2.1313937746537586,3.0492779126632277,down,down,down,down,-0.000809594708051,-0.0058611474614735,0.0,-3.3464743867323016e-06,9.281
5.000000000000001,-0.7791712158633893,0.06882465387880729,2.1439453792831373,3.083480625894723,down,down,down,down,-0.000809594708051,-0.0058611474614735,0.0,-3.3464743867323016e-06,9.297
5.016000000000001,-0.7802613314916568,0.0673226320586639,2.156514618021361,3.117884305873159,down,down,down,down,-0.000809594708051,-0.0058611474614735,0.0,-3.3464743867323016e-06,9.313
5.031,-0.7813248589338678,0.0700922347726916,2.1683144316614738,3.1503205237457776,down,down,down,down,-0.000809594708051,-0.0058611474614735,0.0,-3.3464743867323016e-06,9.328
5.047,-0.7812988486980698,0.0,2.180909199681913,3.185114312796525,down,down,down,down,-0.000809594708051,-0.0058611474614735,0.0,-3.3464743867323016e-06,9.344
5.063,-0.781273472858267,0.0,2.1935035566137477,3.22010961484689,down,down,down,down,-0.000809594708051,-0.0058611474614735,0.0,-3.3464743867323016e-06,9.36
5.078,-0.7821799459765552,0.0596219465111584,2.205317374466931,3.253100771829997,down,down,down,down,-0.000809594708051,-0.0058611474614735,0.0,-3.3464743867323016e-06,9.375
5.094,-0.7836152707819563,0.0888982056295173,2.217937514560383,3.2884868109422154,down,down,down,down,-0.000809594708051,-0.0058611474614735,0.0,-3.3464743867323016e-06,9.391
5.109000000000001,-0.7849881416537149,0.0907151300758545,2.229789957365573,3.321844766981661,down,down,down,down,-0.000809594708051,-0.0058611474614735,0.0,-3.3464743867323016e-06,9.406
5.125000000000001,-0.7836997323476497,0.0813351763371271,2.242433238716967,3.3576225525503216,down,down,down,down,-0.000809594708051,-0.0058611474614735,0.0,-3.3464743867323016e-06,9.422
5.141000000000001,-0.7824427476588057,0.07937113776079731,2.2550561569164023,3.393602467715389,down,down,down,down,-0.000809594708051,-0.0058611474614735,0.0,-3.3464743867323016e-06,9.438
5.156,-0.7824468167273723,0.0,2.26688074586122,3.427516994486218,down,down,down,down,-0.000809594708051,-0.0058611474614735,0.0,-3.3464743867323016e-06,9.453
5.172,-0.7824507865503653,0.0,2.2794937050468254,3.4638879900934825,down,down,down,down,-0.000809594708051,-0.0058611474614735,0.0,-3.3464743867323016e-06,9.469
5.188,-0.784081141838744,0.10108761081562,2.2921197388333217,3.5004608976445235,down,down,down,down,-0.000809594708051,-0.0058611474614735,0.0,-3.3464743867323016e-06,9.485
5.203,-0.7826566328618602,0.0957768598336369,2.3039581893554986,3.534931482105941,down,down,down,down,-0.000809594708051,-0.0058611474614735,0.0,-3.3464743867323016e-06,9.5
5.219,-0.781237093532818,0.0895308027731854,2.3165631175260395,3.5718956525609933,down,down,down,down,-0.000809594708051,-0.0058611474614735,0.0,-3.3464743867323016e-06,9.516
5.234000000000001,-0.7807163105481171,0.035528460354778295,2.328365685268569,3.606732618581954,down,down,down,down,-0.000809594708051,-0.0058611474614735,0.0,-3.3464743867323016e-06,9.531
5.250000000000001,-0.7808928016191016,0.01022109722848,2.3409523365252904,3.644087162756305,down,down,down,down,-0.000809594708051,-0.0058611474614735,0.0,-3.3464743867323016e-06,9.547
5.266000000000001,-0.7810362287875724,0.0,2.3535415471279277,3.681643113825531,down,down,down,down,-0.000809594708051,-0.0058611474614735,0.0,-3.3464743867323016e-06,9.563
5.281,-0.7807024537967068,0.0230612607657608,2.3653425044592304,3.7170347442124316,down,down,down,down,-0.000809594708051,-0.0058611474614735,0.0,-3.3464743867323016e-06,9.578
5.297,-0.7822105878719051,0.0934487849918452,2.377939587151963,3.754981000945321,down,down,down,down,-0.000809594708051,-0.0058611474614735,0.0,-3.3464743867323016e-06,9.594
5.313,-0.7836606504445492,0.08981931608220689,2.390560335417878,3.7931290003258793,down,down,down,down,-0.000809594708051,-0.0058611474614735,0.0,-3.3464743867323016e-06,9.61
5.328,-0.7856234499800686,0.1300437076599017,2.402417883382985,3.8290763369668865,down,down,down,down,-0.000809594708051,-0.0058611474614735,0.0,-3.3464743867323016e-06,9.625
5.344,-0.7859021911363194,0.016611727557625,2.4150838668713,3.867616350968922,down,down,down,down,-0.000809594708051,-0.0058611474614735,0.0,-3.3464743867323016e-06,9.641
5.359000000000001,-0.7859531594115358,0.0,2.426960699212332,3.9039316852145505,down,down,down,down,-0.000809594708051,-0.0058611474614735,0.0,-3.3464743867323016e-06,9.656
5.375000000000001,-0.7860079889708446,0.0,2.439630166758774,3.9428644121423195,down,down,down,down,-0.000809594708051,-0.0058611474614735,0.0,-3.3464743867323016e-06,9.672
5.391000000000001,-0.7869238936614772,0.056434448456488304,2.452307400179216,3.9819999126778236,down,down,down,down,-0.000809594708051,-0.0058611474614735,0.0,-3.3464743867323016e-06,9.688
5.406,-0.7872968109663124,0.0240515589476337,2.4642019726758457,4.018873732974234,down,down,down,down,-0.000809594708051,-0.0058611474614735,0.0,-3.3464743867323016e-06,9.703
5.422,-0.7876693809740197,0.0224760307736549,2.476895480570752,4.058402512600207,down,down,down,down,-0.000809594708051,-0.0058611474614735,0.0,-3.3464743867323016e-06,9.719
5.438,-0.7878907416228992,0.0130254458469148,2.489593739910911,4.0981344263640604,down,down,down,down,-0.000809594708051,-0.0058611474614735,0.0,-3.3464743867323016e-06,9.735
5.453,-0.7872529457943004,0.04332931661463579,2.5014952347784627,4.135567593674232,down,down,down,down,-0.000809594708051,-0.0058611474614735,0.0,-3.3464743867323016e-06,9.75
5.469,-0.7866357706602952,0.039383040583373795,2.514180122869483,4.175692996535416,down,down,down,down,-0.000809594708051,-0.0058611474614735,0.0,-3.3464743867323016e-06,9.766
5.484000000000001,-0.7862685881790982,0.0252884267878532,2.526064822772701,4.213494833627734,down,down,down,down,-0.000809594708051,-0.0058611474614735,0.0,-3.3464743867323016e-06,9.781
5.500000000000001,-0.785775513053837,0.0316267900368759,2.538734953941948,4.254013231841451,down,down,down,down,-0.000809594708051,-0.0058611474614735,0.0,-3.3464743867323016e-06,9.797
5.516000000000001,-0.7850444047428163,0.0465038641468405,2.5513952916437046,4.294734273806137,down,down,down,down,-0.000809594708051,-0.0058611474614735,0.0,-3.3464743867323016e-06,9.813
5.531,-0.7844173175909753,0.042615404830788295,2.563254171773129,4.33309414478176,down,down,down,down,-0.000809594708051,-0.0058611474614735,0.0,-3.3464743867323016e-06,9.828
5.547,-0.7841866026642138,0.015229277630646,2.575896781494554,4.374207352407901,down,down,down,down,-0.000809594708051,-0.0058611474614735,0.0,-3.3464743867323016e-06,9.844
5.563,-0.7834524968771551,0.0466912063992185,2.5885316726502685,4.4155227800410595,down,down,down,down,-0.000809594708051,-0.0058611474614735,0.0,-3.3464743867323016e-06,9.86
5.578,-0.7826875057134811,0.051809005619649795,2.6003656398816206,4.45443950988505,down,down,down,down,-0.000809594708051,-0.0058611474614735,0.0,-3.3464743867323016e-06,9.875
5.594,-0.7824006263806763,0.018739553008351,2.6129801232977576,4.496146275990485,down,down,down,down,-0.000809594708051,-0.0058611474614735,0.0,-3.3464743867323016e-06,9.891
5.609000000000001,-0.7821207441047698,0.0194684131018151,2.624801950788321,4.535429641546132,down,down,down,down,-0.000809594708051,-0.0058611474614735,0.0,-3.3464743867323016e-06,9.906
5.625000000000001,-0.781304986112005,0.051794469255850094,2.637403134989439,4.577527282232355,down,down,down,down,-0.000809594708051,-0.0058611474614735,0.0,-3.3464743867323016e-06,9.922
5.641000000000001,-0.780509124655648,0.0505509357303644,2.649991426234964,4.61982643872215,down,down,down,down,-0.000809594708051,-0.0058611474614735,0.0,-3.3464743867323016e-06,9.938
5.656,-0.7806030154991214,0.0,2.6617876844980457,4.659664782052644,down,down,down,down,-0.000809594708051,-0.0058611474614735,0.0,-3.3464743867323016e-06,9.953
5.672,-0.7806946163220233,0.0,2.6743718439119983,4.702354058279925,down,down,down,down,-0.000809594708051,-0.0058611474614735,0.0,-3.3464743867323016e-06,9.969
5.688,-0.7803805696980711,0.0204375087050622,2.6869542237595425,4.745244666821297,down,down,down,down,-0.000809594708051,-0.0058611474614735,0.0,-3.3464743867323016e-06,9.985
5.703,-0.7816987877454978,0.0870716084537264,2.698757736152292,4.785637506520637,down,down,down,down,-0.000809594708051,-0.0058611474614735,0.0,-3.3464743867323016e-06,10.0
5.719,-0.7829848541332308,0.0795695545252606,2.711368983646705,4.8289185202790295,down,down,down,down,-0.000809594708051,-0.0058611474614735,0.0,-3.3464743867323016e-06,10.016
5.734000000000001,-0.7827796526115663,0.0144896961523489,2.723200134659214,4.869677788666325,down,down,down,down,-0.000809594708051,-0.0058611474614735,0.0,-3.3464743867323016e-06,10.031
5.750000000000001,-0.7825794560050633,0.0133218826144919,2.7358167858875304,4.913349924030699,down,down,down,down,-0.000809594708051,-0.0058611474614735,0.0,-3.3464743867323016e-06,10.047
5.766000000000001,-0.7812533728729464,0.0836897904653575,2.748421226877938,4.957223828132823,down,down,down,down,-0.000809594708051,-0.0058611474614735,0.0,-3.3464743867323016e-06,10.063
5.781,-0.7799596332318562,0.0870589041140673,2.7602182416356453,4.998538624146671,down,down,down,down,-0.000809594708051,-0.0058611474614735,0.0,-3.3464743867323016e-06,10.078
5.797,-0.7796106377514535,0.0226218122332254,2.7727885821628955,5.0428026787370595,down,down,down,down,-0.000809594708051,-0.0058611474614735,0.0,-3.3464743867323016e-06,10.094
5.813,-0.7792701543559383,0.0220898069277496,2.785353406859138,5.087267814649236,down,down,down,down,-0.000809594708051,-0.0058611474614735,0.0,-3.3464743867323016e-06,10.11
5.828,-0.7790279273757063,0.0169580600568516,2.797128559684048,5.1291364293983115,down,down,down,down,-0.000809594708051,-0.0058611474614735,0.0,-3.3464743867323016e-06,10.125
5.844,-0.778791608370602,0.0155795325270656,2.809684894329402,5.173990937030419,down,down,down,down,-0.000809594708051,-0.0058611474614735,0.0,-3.3464743867323016e-06,10.141
5.859000000000001,-0.7785921753087736,0.014105132163281,2.82145318991892,5.216224472662283,down,down,down,down,-0.000809594708051,-0.0058611474614735,0.0,-3.3464743867323016e-06,10.156
5.875000000000001,-0.779052294379227,0.0279478471952865,2.8340081240358077,5.261468163173921,down,down,down,down,-0.000809594708051,-0.0058611474614735,0.0,-3.3464743867323016e-06,10.172
5.891000000000001,-0.7794086227182789,0.0214609264826971,2.846569589731971,5.306912784884063,down,down,down,down,-0.000809594708051,-0.0058611474614735,0.0,-3.3464743867323016e-06,10.188
5.906,-0.7797728659614319,0.0234732881688165,2.85835136810899,5.349699692067867,down,down,down,down,-0.000809594708051,-0.0058611474614735,0.0,-3.3464743867323016e-06,10.203
5.922,-0.7795178892725777,0.0167456377614393,2.8709194725102454,5.395533858792821,down,down,down,down,-0.000809594708051,-0.0058611474614735,0.0,-3.3464743867323016e-06,10.219
5.938,-0.7799710299406383,0.0275116970457345,2.8834891622233347,5.4415691278706895,down,down,down,down,-0.000809594708051,-0.0058611474614735,0.0,-3.3464743867323016e-06,10.235
5.953,-0.7804118192704871,0.028576360615202,2.8952799508043405,5.484909896218399,down,down,down,down,-0.000809594708051,-0.0058611474614735,0.0,-3.3464743867323016e-06,10.25
5.969,-0.7808479484865637,0.026448481296737,2.9078638073057803,5.53133504628328,down,down,down,down,-0.000809594708051,-0.0058611474614735,0.0,-3.3464743867323016e-06,10.266
5.984000000000001,-0.7815264783687771,0.044425730772840406,2.919669532719118,5.575041546333468,down,down,down,down,-0.000809594708051,-0.0058611474614735,0.0,-3.3464743867323016e-06,10.281
6.000000000000001,-0.7815853390527839,0.0,2.932268205617874,5.621857048240164,down,down,down,down,-0.000809594708051,-0.0058611474614735,0.0,-3.3464743867323016e-06,10.297
6.016000000000001,-0.7816637987669673,0.0,2.944867977079816,5.668874137701746,down,down,down,down,-0.000809594708051,-0.0058611474614735,0.0,-3.3464743867323016e-06,10.313
6.031,-0.7821397538832945,0.0309207463804277,2.9566844209366137,5.713135780686866,down,down,down,down,-0.000809594708051,-0.0058611474614735,0.0,-3.3464743867323016e-06,10.328
6.047,-0.7815066913909413,0.040376000480124394,2.9692873708581917,5.760543555021224,down,down,down,down,-0.000809594708051,-0.0058611474614735,0.0,-3.3464743867323016e-06,10.344
6.063,-0.7808750399317291,0.040287810908812095,2.9818802030681564,5.8081528956126345,down,down,down,down,-0.000809594708051,-0.0058611474614735,0.0,-3.3464743867323016e-06,10.36
6.078,-0.7811240197167547,0.0157890576269872,2.9936831132274424,5.852969620484854,down,down,down,down,-0.000809594708051,-0.0058611474614735,0.0,-3.3464743867323016e-06,10.375
6.094,-0.7810839161207462,0.0,3.006274555073526,5.900969281831261,down,down,down,down,-0.000809594708051,-0.0058611474614735,0.0,-3.3464743867323016e-06,10.391
6.109000000000001,-0.7810477707450866,0.0,3.0180784599369423,5.946151929443841,down,down,down,down,-0.000809594708051,-0.0058611474614735,0.0,-3.3464743867323016e-06,10.406
6.125000000000001,-0.7809473616268862,0.0,3.030668199355301,5.994541902718179,down,down,down,down,-0.000809594708051,-0.0058611474614735,0.0,-3.3464743867323016e-06,10.422
6.141000000000001,-0.7802939562397847,0.041647431401892,3.0432519082576186,6.043133263579082,down,down,down,down,-0.000809594708051,-0.0058611474614735,0.0,-3.3464743867323016e-06,10.438
6.156,-0.7800559505388877,0.0166766414345221,3.05504244977038,6.088870471264289,down,down,down,down,-0.000809594708051,-0.0058611474614735,0.0,-3.3464743867323016e-06,10.453
6.172,-0.7798116323902883,0.0160794789955119,3.0676151687931967,6.1378517322127975,down,down,down,down,-0.000809594708051,-0.0058611474614735,0.0,-3.3464743867323016e-06,10.469
6.188,-0.7795732732209225,0.0157070427934112,3.08018402639747,6.187034125774323,down,down,down,down,-0.000809594708051,-0.0058611474614735,0.0,-3.3464743867323016e-06,10.485
6.203,-0.7810237269872397,0.0958873230464212,3.091976421110954,6.233325329130638,down,down,down,down,-0.000809594708051,-0.0058611474614735,0.0,-3.3464743867323016e-06,10.5
6.219,-0.7824165191147313,0.0862399132601776,3.104577721439153,6.282897762271039,down,down,down,down,-0.000809594708051,-0.0058611474614735,0.0,-3.3464743867323016e-06,10.516
6.234000000000001,-0.7846374602622302,0.14725314845853898,3.116418543496403,6.329555234258057,down,down,down,down,-0.000809594708051,-0.0058611474614735,0.0,-3.3464743867323016e-06,10.531
6.250000000000001,-0.7849501305314225,0.0187322971164639,3.129069022582136,6.379519134786686,down,down,down,down,-0.000809594708051,-0.0058611474614735,0.0,-3.3464743867323016e-06,10.547
6.266000000000001,-0.7852551746964879,0.0182556656085353,3.1417244433833424,6.42968548251441,down,down,down,down,-0.000809594708051,-0.0058611474614735,0.0,-3.3464743867323016e-06,10.563
6.281,-0.7853367228965561,0.0,3.153591799827212,6.476900354338485,down,down,down,down,-0.000809594708051,-0.0058611474614735,0.0,-3.3464743867323016e-06,10.578
6.297,-0.7854162821161347,0.0,3.166251602226697,6.527459101554917,down,down,down,down,-0.000809594708051,-0.0058611474614735,0.0,-3.3464743867323016e-06,10.594
6.313,-0.7837790582375225,0.1031360871213136,3.17889894330891,6.578220305919202,down,down,down,down,-0.000809594708051,-0.0058611474614735,0.0,-3.3464743867323016e-06,10.61
6.328,-0.7821817666486323,0.1072957006340613,3.1907315667074787,6.625992534744326,down,down,down,down,-0.000809594708051,-0.0058611474614735,0.0,-3.3464743867323016e-06,10.625
6.344,-0.7816007241473405,0.037124751038786,3.2033356049932302,6.677145072117932,down,down,down,down,-0.000809594708051,-0.0058611474614735,0.0,-3.3464743867323016e-06,10.641
6.359000000000001,-0.7810338534143729,0.03860097690588769,3.2151432815368657,6.72528366376691,down,down,down,down,-0.000809594708051,-0.0058611474614735,0.0,-3.3464743867323016e-06,10.656
6.375000000000001,-0.7806529982546843,0.0246130421885925,3.2277305547096016,6.776826654456881,down,down,down,down,-0.000809594708051,-0.0058611474614735,0.0,-3.3464743867323016e-06,10.672
6.391000000000001,-0.779667431755721,0.062407500893257695,3.240306896509068,6.828570954066631,down,down,down,down,-0.000809594708051,-0.0058611474614735,0.0,-3.3464743867323016e-06,10.688
6.406,-0.778705903464049,0.06491148081951971,3.252082613735137,6.877263875393458,down,down,down,down,-0.000809594708051,-0.0058611474614735,0.0,-3.3464743867323016e-06,10.703
6.422,-0.7789229292464716,0.0127545166933585,3.264637422756205,6.9293976356853895,down,down,down,down,-0.000809594708051,-0.0058611474614735,0.0,-3.3464743867323016e-06,10.719
6.438,-0.7791346617171283,0.0124236847079962,3.2771956618432974,6.981732300362186,down,down,down,down,-0.000809594708051,-0.0058611474614735,0.0,-3.3464743867323016e-06,10.735
6.453,-0.7794959448279678,0.023275946014581,3.2889733086043083,7.0309785676405445,down,down,down,down,-0.000809594708051,-0.0058611474614735,0.0,-3.3464743867323016e-06,10.75
6.469,-0.7798484161556144,0.0212198632698613,3.3015418418515603,7.083702688844191,down,down,down,down,-0.000809594708051,-0.0058611474614735,0.0,-3.3464743867323016e-06,10.766
6.484000000000001,-0.7788689778733887,0.06610548018976091,3.3133201395187,7.13331415370447,down,down,down,down,-0.000809594708051,-0.0058611474614735,0.0,-3.3464743867323016e-06,10.781
6.500000000000001,-0.7779134283297539,0.060531441185229594,3.3258681771277088,7.186427660237642,down,down,down,down,-0.000809594708051,-0.0058611474614735,0.0,-3.3464743867323016e-06,10.797
6.516000000000001,-0.7780824260852591,0.0,3.3384099223224126,7.239741885033243,down,down,down,down,-0.000809594708051,-0.0058611474614735,0.0,-3.3464743867323016e-06,10.813
6.531,-0.7792059354305306,0.074091028310055,3.3501775022457023,7.289906290717499,down,down,down,down,-0.000809594708051,-0.0058611474614735,0.0,-3.3464743867323016e-06,10.828
6.547,-0.7803032228993328,0.06777087209208779,3.362747353871725,7.3436096895664384,down,down,down,down,-0.000809594708051,-0.0058611474614735,0.0,-3.3464743867323016e-06,10.844
6.563,-0.779198837352583,0.0698336913799167,3.375317148713124,7.397514205587117,down,down,down,down,-0.000809594708051,-0.0058611474614735,0.0,-3.3464743867323016e-06,10.86
6.578,-0.7791702531380446,0.0,3.387092834103726,7.448232280458246,down,down,down,down,-0.000809594708051,-0.0058611474614735,0.0,-3.3464743867323016e-06,10.875
6.594,-0.7791318602974223,0.0,3.3996530293705933,7.50252624736604,down,down,down,down,-0.000809594708051,-0.0058611474614735,0.0,-3.3464743867323016e-06,10.891
6.609000000000001,-0.7800774874167954,0.062232213250151304,3.4114350166903726,7.553609407711498,down,down,down,down,-0.000809594708051,-0.0058611474614735,0.0,-3.3464743867323016e-06,10.906
6.625000000000001,-0.7783430594661401,0.1092113416240046,3.42399615942482,7.6082928571204205,down,down,down,down,-0.000809594708051,-0.0058611474614735,0.0,-3.3464743867323016e-06,10.922
6.641000000000001,-0.7783500721184496,0.0,3.43654348283688,7.663177174258514,down,down,down,down,-0.000809594708051,-0.0058611474614735,0.0,-3.3464743867323016e-06,10.938
6.656,-0.7783935576095172,0.0,3.448306977271761,7.714813552709325,down,down,down,down,-0.000809594708051,-0.0058611474614735,0.0,-3.3464743867323016e-06,10.953
6.672,-0.778309856749429,0.0,3.460854382946016,7.770086843591067,down,down,down,down,-0.000809594708051,-0.0058611474614735,0.0,-3.3464743867323016e-06,10.969
6.688,-0.7776115886292257,0.0444513522207533,3.473395532868429,7.825560842917583,down,down,down,down,-0.000809594708051,-0.0058611474614735,0.0,-3.3464743867323016e-06,10.985
6.703,-0.776936211815528,0.045834715621234694,3.485142558583687,7.877749878603476,down,down,down,down,-0.000809594708051,-0.0058611474614735,0.0,-3.3464743867323016e-06,11.0
6.719,-0.7778806117878504,0.058215403562100705,3.4976748715318977,7.933612418044401,down,down,down,down,-0.000809594708051,-0.0058611474614735,0.0,-3.3464743867323016e-06,11.016
6.734000000000001,-0.77951948355663,0.1084485232105873,3.509443289458904,7.986165804251834,down,down,down,down,-0.000809594708051,-0.0058611474614735,0.0,-3.3464743867323016e-06,11.031
6.750000000000001,-0.7810493185026638,0.0948050894190588,3.522021618234762,8.042417523513382,down,down,down,down,-0.000809594708051,-0.0058611474614735,0.0,-3.3464743867323016e-06,11.047
6.766000000000001,-0.7818153388006622,0.047066673916851307,3.5346183138525724,8.09887064297008,down,down,down,down,-0.000809594708051,-0.0058611474614735,0.0,-3.3464743867323016e-06,11.063
6.781,-0.7799875015635519,0.1226654105154161,3.546419752367225,8.151978428466725,down,down,down,down,-0.000809594708051,-0.0058611474614735,0.0,-3.3464743867323016e-06,11.078
6.797,-0.7796438324184153,0.0222889162790894,3.5589905813984646,8.208821711136851,down,down,down,down,-0.000809594708051,-0.0058611474614735,0.0,-3.3464743867323016e-06,11.094
6.813,-0.7792654892270826,0.0244560441663431,3.571555634331012,8.265866080862686,down,down,down,down,-0.000809594708051,-0.0058611474614735,0.0,-3.3464743867323016e-06,11.11
6.828,-0.7789134705325208,0.0242775076788372,3.583329893741132,8.31952772232323,down,down,down,down,-0.000809594708051,-0.0058611474614735,0.0,-3.3464743867323016e-06,11.125
6.844,-0.7784086835472338,0.0323587812884883,3.5958822493331533,8.376961419467824,down,down,down,down,-0.000809594708051,-0.0058611474614735,0.0,-3.3464743867323016e-06,11.141
6.859000000000001,-0.7779162084396366,0.0336412685478631,3.607642603234977,8.430987855862087,down,down,down,down,-0.000809594708051,-0.0058611474614735,0.0,-3.3464743867323016e-06,11.156
6.875000000000001,-0.7776910576473491,0.014881519226017501,3.6201812397230566,8.48881044660575,down,down,down,down,-0.000809594708051,-0.0058611474614735,0.0,-3.3464743867323016e-06,11.172
6.891000000000001,-0.7781751143258174,0.0294439476962172,3.6327219474582257,8.546833672103201,down,down,down,down,-0.000809594708051,-0.0058611474614735,0.0,-3.3464743867323016e-06,11.188
6.906,-0.7786194106148586,0.0288101578946974,3.644485823607202,8.601412730386187,down,down,down,down,-0.000809594708051,-0.0058611474614735,0.0,-3.3464743867323016e-06,11.203
6.922,-0.7810943346030151,0.15387315455173128,3.657057311928329,8.65982507547047,down,down,down,down,-0.000809594708051,-0.0058611474614735,0.0,-3.3464743867323016e-06,11.219
6.938,-0.7819509473187712,0.05272870002670511,3.6696554525430862,8.718438777586242,down,down,down,down,-0.000809594708051,-0.0058611474614735,0.0,-3.3464743867323016e-06,11.235
6.953,-0.7818029637526643,0.010675165781844,3.6814715240880447,8.773572229910977,down,down,down,down,-0.000809594708051,-0.0058611474614735,0.0,-3.3464743867323016e-06,11.25
6.969,-0.781658589541829,0.0,3.694072994873784,8.832576586062672,down,down,down,down,-0.000809594708051,-0.0058611474614735,0.0,-3.3464743867323016e-06,11.266
6.984000000000001,-0.7828433413223604,0.0781738573273764,3.705894676567188,8.888076343598481,down,down,down,down,-0.000809594708051,-0.0058611474614735,0.0,-3.3464743867323016e-06,11.281
7.000000000000001,-0.7839991967180017,0.0714313675195255,3.7185231952308944,8.947471686572866,down,down,down,down,-0.000809594708051,-0.0058611474614735,0.0,-3.3464743867323016e-06,11.297
7.016000000000001,-0.7847441021848437,0.045746996969575605,3.7311669199815007,9.007069207494565,down,down,down,down,-0.000809594708051,-0.0058611474614735,0.0,-3.3464743867323016e-06,11.313
7.031,-0.7854708392256652,0.047639541346718904,3.743031449254001,9.063125695263826,down,down,down,down,-0.000809594708051,-0.0058611474614735,0.0,-3.3464743867323016e-06,11.328
7.047,-0.7847701788048803,0.044600871007105296,3.755687155757629,9.123115444103922,down,down,down,down,-0.000809594708051,-0.0058611474614735,0.0,-3.3464743867323016e-06,11.344
7.063,-0.7840866076626495,0.043532791097477895,3.768331788408753,9.183307595657249,down,down,down,down,-0.000809594708051,-0.0058611474614735,0.0,-3.3464743867323016e-06,11.36
7.078,-0.7826312196424149,0.0978354627236869,3.780170089325464,9.23992135974026,down,down,down,down,-0.000809594708051,-0.0058611474614735,0.0,-3.3464743867323016e-06,11.375
7.094,-0.7812113288909651,0.08955276667366151,3.792774608073114,9.300504917319449,down,down,down,down,-0.000809594708051,-0.0058611474614735,0.0,-3.3464743867323016e-06,11.391
7.109000000000001,-0.7811278503461755,0.0,3.8045800691293152,9.35748507739847,down,down,down,down,-0.000809594708051,-0.0058611474614735,0.0,-3.3464743867323016e-06,11.406
7.125000000000001,-0.7824821423855682,0.0838336577539955,3.817182727430553,9.418459179770945,down,down,down,down,-0.000809594708051,-0.0058611474614735,0.0,-3.3464743867323016e-06,11.422
7.141000000000001,-0.783795535835072,0.0812774958859341,3.8298067272157015,9.479635095408117,down,down,down,down,-0.000809594708051,-0.0058611474614735,0.0,-3.3464743867323016e-06,11.438
7.156,-0.7838522916477616,0.0,3.841652003133744,9.537171035885734,down,down,down,down,-0.000809594708051,-0.0058611474614735,0.0,-3.3464743867323016e-06,11.453
7.172,-0.7852200859617736,0.08467754991769989,3.854298360514004,9.598738638794913,down,down,down,down,-0.000809594708051,-0.0058611474614735,0.0,-3.3464743867323016e-06,11.469
7.188,-0.7865451234918411,0.0820052509211688,3.866966260549016,9.660508755763418,down,down,down,down,-0.000809594708051,-0.0058611474614735,0.0,-3.3464743867323016e-06,11.485
7.203,-0.7874752951864982,0.0612018516024155,3.8788593309010255,9.718602447699295,down,down,down,down,-0.000809594708051,-0.0058611474614735,0.0,-3.3464743867323016e-06,11.5
7.219,-0.7879601687665102,0.0294950040427011,3.891556592972034,9.780765775090282,down,down,down,down,-0.000809594708051,-0.0058611474614735,0.0,-3.3464743867323016e-06,11.516
7.234000000000001,-0.7884417332481864,0.031294704070364006,3.903467524449067,9.839228455970941,down,down,down,down,-0.000809594708051,-0.0058611474614735,0.0,-3.3464743867323016e-06,11.531
7.250000000000001,-0.7880566691858527,0.0248760986039097,3.9161732900279222,9.901785582486758,down,down,down,down,-0.000809594708051,-0.0058611474614735,0.0,-3.3464743867323016e-06,11.547
7.266000000000001,-0.7867214535006096,0.0842605750357437,3.928865293368798,9.964545891153934,down,down,down,down,-0.000809594708051,-0.0058611474614735,0.0,-3.3464743867323016e-06,11.563
7.281,-0.7860617918453859,0.0447870383896336,3.940749084920814,10.0235679989911,down,down,down,down,-0.000809594708051,-0.0058611474614735,0.0,-3.3464743867323016e-06,11.578
7.297,-0.7854268872705853,0.040491130633091094,3.9534147727131255,10.086721309852171,down,down,down,down,-0.000809594708051,-0.0058611474614735,0.0,-3.3464743867323016e-06,11.594
7.313,-0.7848344568364852,0.037836496839305095,3.9660706418253655,10.15007719316848,down,down,down,down,-0.000809594708051,-0.0058611474614735,0.0,-3.3464743867323016e-06,11.61
7.328,-0.7853117732613574,0.031011500283423903,3.977934655763022,10.209657232900396,down,down,down,down,-0.000809594708051,-0.0058611474614735,0.0,-3.3464743867323016e-06,11.625
7.344,-0.7856968128535692,0.0232553798051871,3.990596502811325,10.273405482168991,down,down,down,down,-0.000809594708051,-0.0058611474614735,0.0,-3.3464743867323016e-06,11.641
7.359000000000001,-0.7855149857533342,0.0129314013903808,4.002468508512805,10.333353469753925,down,down,down,down,-0.000809594708051,-0.0058611474614735,0.0,-3.3464743867323016e-06,11.656
7.375000000000001,-0.7847572489220306,0.048168146664528795,4.015124464749591,10.397494213540025,down,down,down,down,-0.000809594708051,-0.0058611474614735,0.0,-3.3464743867323016e-06,11.672
7.391000000000001,-0.7839984147528548,0.0482367302815366,4.027768288418374,10.46183735556537,down,down,down,down,-0.000809594708051,-0.0058611474614735,0.0,-3.3464743867323016e-06,11.688
7.406,-0.7833192377324246,0.0460880627367338,4.039611088023935,10.522342700888682,down,down,down,down,-0.000809594708051,-0.0058611474614735,0.0,-3.3464743867323016e-06,11.703
7.422,-0.7846157660646896,0.0802234260585122,4.052248346413696,10.587077576364182,down,down,down,down,-0.000809594708051,-0.0058611474614735,0.0,-3.3464743867323016e-06,11.719
7.438,-0.7846770220276565,0.0,4.064896467077818,10.652014734872113,down,down,down,down,-0.000809594708051,-0.0058611474614735,0.0,-3.3464743867323016e-06,11.735
7.453,-0.7848001151140293,0.0,4.076755462818303,10.713077124346338,down,down,down,down,-0.000809594708051,-0.0058611474614735,0.0,-3.3464743867323016e-06,11.75
7.469,-0.7839151660920703,0.056118908580482296,4.089398963427335,10.778406359756303,down,down,down,down,-0.000809594708051,-0.0058611474614735,0.0,-3.3464743867323016e-06,11.766
7.484000000000001,-0.7830518011925972,0.0583672546729248,4.101239132893893,10.839836145478715,down,down,down,down,-0.000809594708051,-0.0058611474614735,0.0,-3.3464743867323016e-06,11.781
7.500000000000001,-0.7832099035694516,0.0,4.113863004891373,10.905556962580997,down,down,down,down,-0.000809594708051,-0.0058611474614735,0.0,-3.3464743867323016e-06,11.797
7.516000000000001,-0.78218519465878,0.0648539016250281,4.126479944036582,10.971479706172422,down,down,down,down,-0.000809594708051,-0.0058611474614735,0.0,-3.3464743867323016e-06,11.813
7.531,-0.7815774806607793,0.041323861241437394,4.1382960813134,11.03346552636254,down,down,down,down,-0.000809594708051,-0.0058611474614735,0.0,-3.3464743867323016e-06,11.828
7.547,-0.7810311044744883,0.034958106351234794,4.150890728353866,11.099779020839877,down,down,down,down,-0.000809594708051,-0.0058611474614735,0.0,-3.3464743867323016e-06,11.844
7.563,-0.7834942405395361,0.1531364093574349,4.163500709473362,11.166294152342498,down,down,down,down,-0.000809594708051,-0.0058611474614735,0.0,-3.3464743867323016e-06,11.86
7.578,-0.7845217067042364,0.0676881496052987,4.175348746289613,11.228835523260722,down,down,down,down,-0.000809594708051,-0.0058611474614735,0.0,-3.3464743867323016e-06,11.875
7.594,-0.7855241127185782,0.06184078118831591,4.188002891204379,11.295742336360673,down,down,down,down,-0.000809594708051,-0.0058611474614735,0.0,-3.3464743867323016e-06,11.891
7.609000000000001,-0.7848043801579757,0.048791765414884995,4.199868272112876,11.358651370085555,down,down,down,down,-0.000809594708051,-0.0058611474614735,0.0,-3.3464743867323016e-06,11.906
7.625000000000001,-0.7841022020500718,0.044695726452048494,4.212513303129923,11.425950422687498,down,down,down,down,-0.000809594708051,-0.0058611474614735,0.0,-3.3464743867323016e-06,11.922
7.641000000000001,-0.7852704556644686,0.0722062561917536,4.225162062751023,11.493451825614546,down,down,down,down,-0.000809594708051,-0.0058611474614735,0.0,-3.3464743867323016e-06,11.938
7.656,-0.7863765115871147,0.0729274668016963,4.237037332217331,11.556918321076804,down,down,down,down,-0.000809594708051,-0.0058611474614735,0.0,-3.3464743867323016e-06,11.953
7.672,-0.7874555905360375,0.06663283959962289,4.2497217673937,11.624812393873691,down,down,down,down,-0.000809594708051,-0.0058611474614735,0.0,-3.3464743867323016e-06,11.969
7.688,-0.7873640259233828,0.0,4.262414102684759,11.692909480834318,down,down,down,down,-0.000809594708051,-0.0058611474614735,0.0,-3.3464743867323016e-06,11.985
7.703,-0.7872746945939629,0.0,4.274311810300562,11.75693492518171,down,down,down,down,-0.000809594708051,-0.0058611474614735,0.0,-3.3464743867323016e-06,12.0
7.719,-0.7871904883581903,0.0,4.287001310123562,11.825425430145103,down,down,down,down,-0.000809594708051,-0.0058611474614735,0.0,-3.3464743867323016e-06,12.016
7.734000000000001,-0.7871083359330467,0.0,4.298896468517669,11.889819663484914,down,down,down,down,-0.000809594708051,-0.0058611474614735,0.0,-3.3464743867323016e-06,12.031
7.750000000000001,-0.7870674244245511,0.0,4.311583652959913,11.958703504456736,down,down,down,down,-0.000809594708051,-0.0058611474614735,0.0,-3.3464743867323016e-06,12.047
7.766000000000001,-0.7870275107577261,0.0,4.324270190800755,12.027790335206822,down,down,down,down,-0.000809594708051,-0.0058611474614735,0.0,-3.3464743867323016e-06,12.063
7.781,-0.7869345555184425,0.0,4.336162823509747,12.092743582814146,down,down,down,down,-0.000809594708051,-0.0058611474614735,0.0,-3.3464743867323016e-06,12.078
7.797,-0.7872843815979459,0.0210545352609115,4.348850353366062,12.162223688229153,down,down,down,down,-0.000809594708051,-0.0058611474614735,0.0,-3.3464743867323016e-06,12.094
7.813,-0.7879740121475224,0.0422923146404797,4.36154619887541,12.231906860647085,down,down,down,down,-0.000809594708051,-0.0058611474614735,0.0,-3.3464743867323016e-06,12.11
7.828,-0.788721894135879,0.049049204515722006,4.373459335384458,12.297419402154036,down,down,down,down,-0.000809594708051,-0.0058611474614735,0.0,-3.3464743867323016e-06,12.125
7.844,-0.7890212575685532,0.0179006198340881,4.386175058957478,12.367496477308771,down,down,down,down,-0.000809594708051,-0.0058611474614735,0.0,-3.3464743867323016e-06,12.141
7.859000000000001,-0.7891583292374219,0.0,4.398099323070445,12.433378535173983,down,down,down,down,-0.000809594708051,-0.0058611474614735,0.0,-3.3464743867323016e-06,12.156
7.875000000000001,-0.78934282369924,0.0107213091555814,4.410821110653322,12.503849898643773,down,down,down,down,-0.000809594708051,-0.0058611474614735,0.0,-3.3464743867323016e-06,12.172
7.891000000000001,-0.7883964950774073,0.0599551335725977,4.423536803562919,12.574524761957504,down,down,down,down,-0.000809594708051,-0.0058611474614735,0.0,-3.3464743867323016e-06,12.188
7.906,-0.7882880794453496,0.0,4.43544985508376,12.640967161897349,down,down,down,down,-0.000809594708051,-0.0058611474614735,0.0,-3.3464743867323016e-06,12.203
7.922,-0.7885358883127759,0.0146784595060901,4.448158225185209,12.7120360265395,down,down,down,down,-0.000809594708051,-0.0058611474614735,0.0,-3.3464743867323016e-06,12.219
7.938,-0.7888061331880146,0.0160807099943705,4.460870739716599,12.783308258258716,down,down,down,down,-0.000809594708051,-0.0058611474614735,0.0,-3.3464743867323016e-06,12.235
7.953,-0.7884767105908069,0.0227711011885632,4.472788278256862,12.85031070089352,down,down,down,down,-0.000809594708051,-0.0058611474614735,0.0,-3.3464743867323016e-06,12.25
7.969,-0.789352214779477,0.0539094170838306,4.485504688019208,12.921977044623729,down,down,down,down,-0.000809594708051,-0.0058611474614735,0.0,-3.3464743867323016e-06,12.266
7.984000000000001,-0.790276023697036,0.0607776664625429,4.497439817019705,12.989349128411524,down,down,down,down,-0.000809594708051,-0.0058611474614735,0.0,-3.3464743867323016e-06,12.281
8.0,-0.7912283821875371,0.0587128109482693,4.510185630626165,13.06141013199269,down,down,down,down,-0.000809594708051,-0.0058611474614735,0.0,-3.3464743867323016e-06,12.297
8.016000000000002,-0.7919525032396263,0.0444479710475232,4.522944856068967,13.133675175886252,down,down,down,down,-0.000809594708051,-0.0058611474614735,0.0,-3.3464743867323016e-06,12.313
8.030999999999999,-0.792602642494929,0.0425330223121299,4.534916936873897,13.201609139333318,down,down,down,down,-0.000809594708051,-0.0058611474614735,0.0,-3.3464743867323016e-06,12.328
8.047,-0.7928341596594138,0.013660228072254199,4.547694209650515,13.274270028505514,down,down,down,down,-0.000809594708051,-0.0058611474614735,0.0,-3.3464743867323016e-06,12.344
8.062999999999999,-0.7925702086315473,0.0173065339497123,4.560471222956226,13.347135351966365,down,down,down,down,-0.000809594708051,-0.0058611474614735,0.0,-3.3464743867323016e-06,12.36
8.078,-0.791168809881743,0.0942361780283322,4.572437182806998,13.415632165009594,down,down,down,down,-0.000809594708051,-0.0058611474614735,0.0,-3.3464743867323016e-06,12.375
8.094000000000001,-0.7898123548780217,0.0855880324406309,4.58517881048446,13.488893092955925,down,down,down,down,-0.000809594708051,-0.0058611474614735,0.0,-3.3464743867323016e-06,12.391
8.109000000000002,-0.7879510405133293,0.12489721902087231,4.597099953161818,13.557760183683277,down,down,down,down,-0.000809594708051,-0.0058611474614735,0.0,-3.3464743867323016e-06,12.406
8.125,-0.7878296287897514,0.0,4.609799976875626,13.631415383123578,down,down,down,down,-0.000809594708051,-0.0058611474614735,0.0,-3.3464743867323016e-06,12.422
8.141000000000002,-0.7876531574455151,0.0118390537228173,4.622497617524892,13.70527376387878,down,down,down,down,-0.000809594708051,-0.0058611474614735,0.0,-3.3464743867323016e-06,12.438
8.155999999999999,-0.7881896425470264,0.0349560787260368,4.634404355736757,13.774700528678238,down,down,down,down,-0.000809594708051,-0.0058611474614735,0.0,-3.3464743867323016e-06,12.453
8.172,-0.7885324846204452,0.0206180348806262,4.64711191111348,13.848952658813042,down,down,down,down,-0.000809594708051,-0.0058611474614735,0.0,-3.3464743867323016e-06,12.469
8.187999999999999,-0.7889078272127091,0.022649317308443,4.659825211967529,13.923408155797688,down,down,down,down,-0.000809594708051,-0.0058611474614735,0.0,-3.3464743867323016e-06,12.485
8.203,-0.7904664217825222,0.10309670994615229,4.671758436046916,13.9933950331578,down,down,down,down,-0.000809594708051,-0.0058611474614735,0.0,-3.3464743867323016e-06,12.5
8.219000000000001,-0.7906047440721481,0.0,4.684500783733137,14.06824510691604,down,down,down,down,-0.000809594708051,-0.0058611474614735,0.0,-3.3464743867323016e-06,12.516
8.234000000000002,-0.7907396926473941,0.0,4.696448784220456,14.138602228675694,down,down,down,down,-0.000809594708051,-0.0058611474614735,0.0,-3.3464743867323016e-06,12.531
8.25,-0.7909127857239363,0.0100087225758383,4.70919578240681,14.213847385208714,down,down,down,down,-0.000809594708051,-0.0058611474614735,0.0,-3.3464743867323016e-06,12.547
8.266000000000002,-0.7910816570181237,0.0,4.72194551630813,14.289296515598432,down,down,down,down,-0.000809594708051,-0.0058611474614735,0.0,-3.3464743867323016e-06,12.563
8.280999999999999,-0.7905985346431327,0.0330177530407896,4.733896034957511,14.360215327232918,down,down,down,down,-0.000809594708051,-0.0058611474614735,0.0,-3.3464743867323016e-06,12.578
8.297,-0.790127195740702,0.030268276109968,4.7466356191599655,14.436059580465857,down,down,down,down,-0.000809594708051,-0.0058611474614735,0.0,-3.3464743867323016e-06,12.594
8.312999999999999,-0.7905480067732215,0.0254910948244147,4.759374799139461,14.512107663812253,down,down,down,down,-0.000809594708051,-0.0058611474614735,0.0,-3.3464743867323016e-06,12.61
8.328,-0.7909585541220211,0.0265602285452572,4.771324015558098,14.58358790492249,down,down,down,down,-0.000809594708051,-0.0058611474614735,0.0,-3.3464743867323016e-06,12.625
8.344000000000001,-0.7914722998743963,0.0312995148153972,4.784077240749453,14.66003111497295,down,down,down,down,-0.000809594708051,-0.0058611474614735,0.0,-3.3464743867323016e-06,12.641
8.359000000000002,-0.7921307490151223,0.043087014673680105,4.796042180828048,14.73188201063478,down,down,down,down,-0.000809594708051,-0.0058611474614735,0.0,-3.3464743867323016e-06,12.656
8.375,-0.7927731384207083,0.0393397431410758,4.808815190286918,14.808720869603702,down,down,down,down,-0.000809594708051,-0.0058611474614735,0.0,-3.3464743867323016e-06,12.672
8.391000000000002,-0.792283344238177,0.031421731116254396,4.821589420507572,14.885764106490058,down,down,down,down,-0.000809594708051,-0.0058611474614735,0.0,-3.3464743867323016e-06,12.688
8.405999999999999,-0.7918054962552202,0.0326661269051737,4.833558004023194,14.958177712174033,down,down,down,down,-0.000809594708051,-0.0058611474614735,0.0,-3.3464743867323016e-06,12.703
8.422,-0.7917809796535896,0.0,4.846320474189849,15.035616739999737,down,down,down,down,-0.000809594708051,-0.0058611474614735,0.0,-3.3464743867323016e-06,12.719
8.437999999999999,-0.7917570610178527,0.0,4.859082556874604,15.113259964248254,down,down,down,down,-0.000809594708051,-0.0058611474614735,0.0,-3.3464743867323016e-06,12.735
8.453,-0.7899463045588072,0.1215266919777459,4.871033249328352,15.186235832794777,down,down,down,down,-0.000809594708051,-0.0058611474614735,0.0,-3.3464743867323016e-06,12.75
8.469000000000001,-0.7881563951949621,0.112678929948373,4.883751849285765,15.26427411358369,down,down,down,down,-0.000809594708051,-0.0058611474614735,0.0,-3.3464743867323016e-06,12.766
8.484000000000002,-0.7872129681737087,0.0637047294582742,4.895655036722953,15.33761966522876,down,down,down,down,-0.000809594708051,-0.0058611474614735,0.0,-3.3464743867323016e-06,12.781
8.5,-0.7854082146875091,0.1136066875955242,4.908329784545226,15.416051543798904,down,down,down,down,-0.000809594708051,-0.0058611474614735,0.0,-3.3464743867323016e-06,12.797
8.516000000000002,-0.7836289727731051,0.1120122143583033,4.920975860404295,15.4946859889585,down,down,down,down,-0.000809594708051,-0.0058611474614735,0.0,-3.3464743867323016e-06,12.813
8.530999999999999,-0.7842558508283483,0.0409822756414987,4.932822913793227,15.568589479764976,down,down,down,down,-0.000809594708051,-0.0058611474614735,0.0,-3.3464743867323016e-06,12.828
8.547,-0.7849269218009917,0.0411323410821618,4.945470154333645,15.64761582430999,down,down,down,down,-0.000809594708051,-0.0058611474614735,0.0,-3.3464743867323016e-06,12.844
8.562999999999999,-0.7858708384640832,0.058185196735172105,4.958130314775149,15.726844628062862,down,down,down,down,-0.000809594708051,-0.0058611474614735,0.0,-3.3464743867323016e-06,12.86
8.578,-0.7868497429165268,0.0644507021215151,4.970013636347426,15.801305707696285,down,down,down,down,-0.000809594708051,-0.0058611474614735,0.0,-3.3464743867323016e-06,12.875
8.594000000000001,-0.7868294442141438,0.0,4.982696848203855,15.880927391572696,down,down,down,down,-0.000809594708051,-0.0058611474614735,0.0,-3.3464743867323016e-06,12.891
8.609000000000002,-0.7862455189190066,0.039737947717194695,4.9945828276392765,15.955756989141522,down,down,down,down,-0.000809594708051,-0.0058611474614735,0.0,-3.3464743867323016e-06,12.906
8.625,-0.7856920020649626,0.03540439808580299,5.007252106166532,16.035771668611968,down,down,down,down,-0.000809594708051,-0.0058611474614735,0.0,-3.3464743867323016e-06,12.922
8.641000000000002,-0.7845133837657149,0.0744732384110323,5.019907527612561,16.1159889456822,down,down,down,down,-0.000809594708051,-0.0058611474614735,0.0,-3.3464743867323016e-06,12.938
8.655999999999999,-0.7849769350731944,0.030093825790588,5.031766622215773,16.19137650180591,down,down,down,down,-0.000809594708051,-0.0058611474614735,0.0,-3.3464743867323016e-06,12.953
8.672,-0.7850821659215655,0.0,5.044420873383115,16.2719860017707,down,down,down,down,-0.000809594708051,-0.0058611474614735,0.0,-3.3464743867323016e-06,12.969
8.687999999999999,-0.7851887360706266,0.0,5.057076818958436,16.352797983309433,down,down,down,down,-0.000809594708051,-0.0058611474614735,0.0,-3.3464743867323016e-06,12.985
8.703,-0.788565597096632,0.2243144736923024,5.068967893669113,16.428743318654142,down,down,down,down,-0.000809594708051,-0.0058611474614735,0.0,-3.3464743867323016e-06,13.0
8.719000000000001,-0.7906995882732081,0.1325648538279544,5.081695793511455,16.509948628151587,down,down,down,down,-0.000809594708051,-0.0058611474614735,0.0,-3.3464743867323016e-06,13.016
8.734000000000002,-0.7927148418058146,0.1335406407990482,5.09365931894897,16.586263791495043,down,down,down,down,-0.000809594708051,-0.0058611474614735,0.0,-3.3464743867323016e-06,13.031
8.75,-0.7934597859647284,0.0457494152240612,5.106442494330518,16.667864606001277,down,down,down,down,-0.000809594708051,-0.0058611474614735,0.0,-3.3464743867323016e-06,13.047
8.766000000000002,-0.7940197049134562,0.0341853395874337,5.119236108616927,16.749670034824856,down,down,down,down,-0.000809594708051,-0.0058611474614735,0.0,-3.3464743867323016e-06,13.063
8.780999999999999,-0.7946579146629099,0.0417377219222005,5.131239107975671,16.826548598949294,down,down,down,down,-0.000809594708051,-0.0058611474614735,0.0,-3.3464743867323016e-06,13.078
8.797,-0.7933206991451255,0.0843855645695777,5.144036715245519,16.908750805535064,down,down,down,down,-0.000809594708051,-0.0058611474614735,0.0,-3.3464743867323016e-06,13.094
8.812999999999999,-0.791224702005522,0.1318094159332703,5.156806856814107,16.991157554111542,down,down,down,down,-0.000809594708051,-0.0058611474614735,0.0,-3.3464743867323016e-06,13.11
8.828,-0.7889881806904137,0.1499110157152666,5.168746370646249,17.068599203317497,down,down,down,down,-0.000809594708051,-0.0058611474614735,0.0,-3.3464743867323016e-06,13.125
8.844000000000001,-0.7867595544942657,0.1400987319672973,5.18144613088711,17.151400743329763,down,down,down,down,-0.000809594708051,-0.0058611474614735,0.0,-3.3464743867323016e-06,13.141
8.859000000000002,-0.7865798267749861,0.012791442660027401,5.193334093458552,17.22921159501236,down,down,down,down,-0.000809594708051,-0.0058611474614735,0.0,-3.3464743867323016e-06,13.156
8.875,-0.7864044826586164,0.0117686019811546,5.206011746293404,17.312406361730375,down,down,down,down,-0.000809594708051,-0.0058611474614735,0.0,-3.3464743867323016e-06,13.172
8.891000000000002,-0.7871047350029486,0.042956176812714006,5.21869359839408,17.395804004487875,down,down,down,down,-0.000809594708051,-0.0058611474614735,0.0,-3.3464743867323016e-06,13.188
8.905999999999999,-0.7877879080218105,0.04473527321607881,5.230593210428687,17.47417365555404,down,down,down,down,-0.000809594708051,-0.0058611474614735,0.0,-3.3464743867323016e-06,13.203
8.922,-0.7875676003413298,0.0145788247380983,5.243289832854975,17.55796471990031,down,down,down,down,-0.000809594708051,-0.0058611474614735,0.0,-3.3464743867323016e-06,13.219
8.937999999999999,-0.787352666018908,0.0142429898594142,5.25598297334524,17.64195890234991,down,down,down,down,-0.000809594708051,-0.0058611474614735,0.0,-3.3464743867323016e-06,13.235
8.953,-0.784875078899134,0.1659820693596428,5.267862598644048,17.720887744139834,down,down,down,down,-0.000809594708051,-0.0058611474614735,0.0,-3.3464743867323016e-06,13.25
8.969000000000001,-0.7849382306565468,0.0,5.280514883479877,17.805274763996824,down,down,down,down,-0.000809594708051,-0.0058611474614735,0.0,-3.3464743867323016e-06,13.266
8.984000000000002,-0.7849998421271939,0.0,5.292377336237678,17.884571455644707,down,down,down,down,-0.000809594708051,-0.0058611474614735,0.0,-3.3464743867323016e-06,13.281
9.0,-0.7842948170227527,0.044873663735622696,5.305025471870261,17.96935067810957,down,down,down,down,-0.000809594708051,-0.0058611474614735,0.0,-3.3464743867323016e-06,13.297
9.016000000000002,-0.7836069876525668,0.043798930344673796,5.317662464667047,18.054332181601865,down,down,down,down,-0.000809594708051,-0.0058611474614735,0.0,-3.3464743867323016e-06,13.313
9.030999999999999,-0.7846813387377304,0.07081381096952989,5.329512544326895,18.134185994169318,down,down,down,down,-0.000809594708051,-0.0058611474614735,0.0,-3.3464743867323016e-06,13.328
9.047,-0.7857294861378908,0.0646996178019776,5.342169609285284,18.219559451398215,down,down,down,down,-0.000809594708051,-0.0058611474614735,0.0,-3.3464743867323016e-06,13.344
9.062999999999999,-0.7867500221531004,0.0629739062425472,5.354843223710995,18.305135554062186,down,down,down,down,-0.000809594708051,-0.0058611474614735,0.0,-3.3464743867323016e-06,13.36
9.078,-0.7887854586798025,0.1348861737387524,5.366747657029165,18.385547485667743,down,down,down,down,-0.000809594708051,-0.0058611474614735,0.0,-3.3464743867323016e-06,13.375
9.094000000000001,-0.7893977228678982,0.0374569170479289,5.37946690084093,18.471517202130702,down,down,down,down,-0.000809594708051,-0.0058611474614735,0.0,-3.3464743867323016e-06,13.391
9.109000000000002,-0.7894049569411196,0.0,5.39139583815142,18.552298672673146,down,down,down,down,-0.000809594708051,-0.0058611474614735,0.0,-3.3464743867323016e-06,13.406
9.125,-0.7894120145735305,0.0,5.40412015228292,18.63866280059662,down,down,down,down,-0.000809594708051,-0.0058611474614735,0.0,-3.3464743867323016e-06,13.422
9.141000000000002,-0.7892701521386042,0.0,5.416843387976001,18.725230508918692,down,down,down,down,-0.000809594708051,-0.0058611474614735,0.0,-3.3464743867323016e-06,13.438
9.155999999999999,-0.7891317497630671,0.0100364197438573,5.428769319452185,18.806572604224396,down,down,down,down,-0.000809594708051,-0.0058611474614735,0.0,-3.3464743867323016e-06,13.453
9.172,-0.7889635356694314,0.0113229755602794,5.4414878600950285,18.893534661660773,down,down,down,down,-0.000809594708051,-0.0058611474614735,0.0,-3.3464743867323016e-06,13.469
9.187999999999999,-0.7883211910486346,0.040956133507852197,5.4541999162681565,18.980700163871678,down,down,down,down,-0.000809594708051,-0.0058611474614735,0.0,-3.3464743867323016e-06,13.485
9.203,-0.7893080776933169,0.0649828482707646,5.466120052995644,19.06260256364116,down,down,down,down,-0.000809594708051,-0.0058611474614735,0.0,-3.3464743867323016e-06,13.5
9.219000000000001,-0.7902707442946025,0.059357067872301,5.47885046193093,19.150162327760572,down,down,down,down,-0.000809594708051,-0.0058611474614735,0.0,-3.3464743867323016e-06,13.516
9.234000000000002,-0.7909204354404517,0.0425031483485552,5.490797312990866,19.23243468607249,down,down,down,down,-0.000809594708051,-0.0058611474614735,0.0,-3.3464743867323016e-06,13.531
9.25,-0.7927429384766801,0.1130968450562264,5.503560398341587,19.320389547763142,down,down,down,down,-0.000809594708051,-0.0058611474614735,0.0,-3.3464743867323016e-06,13.547
9.266000000000002,-0.7945209902193416,0.1103186392082955,5.5163522881305385,19.408548849254924,down,down,down,down,-0.000809594708051,-0.0058611474614735,0.0,-3.3464743867323016e-06,13.563
9.280999999999999,-0.7943967230731933,0.0,5.528357088192154,19.491384169577337,down,down,down,down,-0.000809594708051,-0.0058611474614735,0.0,-3.3464743867323016e-06,13.578
9.297,-0.7942248440352203,0.0115520345813634,5.5411598390884045,19.57994030499558,down,down,down,down,-0.000809594708051,-0.0058611474614735,0.0,-3.3464743867323016e-06,13.594
9.312999999999999,-0.7915338006172289,0.1689998083325148,5.553939686605007,19.668701101201133,down,down,down,down,-0.000809594708051,-0.0058611474614735,0.0,-3.3464743867323016e-06,13.61
9.328,-0.7888448574881332,0.1800724699810931,5.56588044375272,19.752099752178815,down,down,down,down,-0.000809594708051,-0.0058611474614735,0.0,-3.3464743867323016e-06,13.625
9.344000000000001,-0.7884644754699918,0.0245834708418878,5.578592696775768,19.84125553730304,down,down,down,down,-0.000809594708051,-0.0058611474614735,0.0,-3.3464743867323016e-06,13.641
9.359000000000002,-0.7888024446372982,0.0217216831123774,5.590510115888495,19.925023808398027,down,down,down,down,-0.000809594708051,-0.0058611474614735,0.0,-3.3464743867323016e-06,13.656
9.375,-0.789115681351703,0.0187676999422459,5.603227239255791,20.014573707239183,down,down,down,down,-0.000809594708051,-0.0058611474614735,0.0,-3.3464743867323016e-06,13.672
9.391000000000002,-0.7904734477244874,0.0840508035909737,5.615957730647784,20.104327186998415,down,down,down,down,-0.000809594708051,-0.0058611474614735,0.0,-3.3464743867323016e-06,13.688
9.405999999999999,-0.7902347825466461,0.0167206065641331,5.627900959586738,20.188656127175165,down,down,down,down,-0.000809594708051,-0.0058611474614735,0.0,-3.3464743867323016e-06,13.703
9.422,-0.7900412827163256,0.0129033341030869,5.640636946468225,20.278804430423605,down,down,down,down,-0.000809594708051,-0.0058611474614735,0.0,-3.3464743867323016e-06,13.719
9.437999999999999,-0.7894819528860212,0.035767709102074594,5.653366910712427,20.369156461281055,down,down,down,down,-0.000809594708051,-0.0058611474614735,0.0,-3.3464743867323016e-06,13.735
9.453,-0.7885103673899608,0.0655819611120723,5.66528977032642,20.45404638638885,down,down,down,down,-0.000809594708051,-0.0058611474614735,0.0,-3.3464743867323016e-06,13.75
9.469000000000001,-0.7874004419564838,0.0701799343003627,5.677990835160575,20.544792631232742,down,down,down,down,-0.000809594708051,-0.0058611474614735,0.0,-3.3464743867323016e-06,13.766
9.484000000000002,-0.7862300001601544,0.07883904779667561,5.689880980688372,20.630051669851614,down,down,down,down,-0.000809594708051,-0.0058611474614735,0.0,-3.3464743867323016e-06,13.781
9.5,-0.7855254435285738,0.044844384181841196,5.702548802597265,20.721191108117896,down,down,down,down,-0.000809594708051,-0.0058611474614735,0.0,-3.3464743867323016e-06,13.797
9.516000000000002,-0.7868907038423566,0.0845191749033747,5.715221910135616,20.812533273819756,down,down,down,down,-0.000809594708051,-0.0058611474614735,0.0,-3.3464743867323016e-06,13.813
9.530999999999999,-0.7882184336571606,0.08770572627888949,5.727123145878784,20.89835086173986,down,down,down,down,-0.000809594708051,-0.0058611474614735,0.0,-3.3464743867323016e-06,13.828
9.547,-0.7895137798179449,0.080149540340968,5.739838781945968,20.99008655716246,down,down,down,down,-0.000809594708051,-0.0058611474614735,0.0,-3.3464743867323016e-06,13.844
9.562999999999999,-0.790531637873647,0.06280653377332969,5.752572923646884,21.082025850807202,down,down,down,down,-0.000809594708051,-0.0058611474614735,0.0,-3.3464743867323016e-06,13.86
9.578,-0.7915246701231134,0.06539255525637659,5.764526263168783,21.168404094708322,down,down,down,down,-0.000809594708051,-0.0058611474614735,0.0,-3.3464743867323016e-06,13.875
9.594000000000001,-0.7905622500694102,0.0609608480645061,5.777276736889706,21.260738518708788,down,down,down,down,-0.000809594708051,-0.0058611474614735,0.0,-3.3464743867323016e-06,13.891
9.609000000000002,-0.789623303675553,0.0634060209651929,5.789216045754716,21.347487214578624,down,down,down,down,-0.000809594708051,-0.0058611474614735,0.0,-3.3464743867323016e-06,13.906
9.625,-0.7889586236939775,0.042352093556519,5.801938479533056,21.440216450780934,down,down,down,down,-0.000809594708051,-0.0058611474614735,0.0,-3.3464743867323016e-06,13.922
9.641000000000002,-0.7882956634636039,0.0422446091064009,5.8146502921897,21.53314916095471,down,down,down,down,-0.000809594708051,-0.0058611474614735,0.0,-3.3464743867323016e-06,13.938
9.655999999999999,-0.7876488729949466,0.043928959285210595,5.826557793425061,21.620458221596813,down,down,down,down,-0.000809594708051,-0.0058611474614735,0.0,-3.3464743867323016e-06,13.953
9.672,-0.7872107849402036,0.0281900981294879,5.839250449047926,21.7137846875366,down,down,down,down,-0.000809594708051,-0.0058611474614735,0.0,-3.3464743867323016e-06,13.969
9.687999999999999,-0.7867833819599676,0.0275222809728025,5.851936180742511,21.807314180574924,down,down,down,down,-0.000809594708051,-0.0058611474614735,0.0,-3.3464743867323016e-06,13.985
9.703,-0.7869291004425404,0.0,5.863826941572452,21.895182403992294,down,down,down,down,-0.000809594708051,-0.0058611474614735,0.0,-3.3464743867323016e-06,14.0
9.719000000000001,-0.7870712648157828,0.0,5.876512722853903,21.989105121307702,down,down,down,down,-0.000809594708051,-0.0058611474614735,0.0,-3.3464743867323016e-06,14.016
9.734000000000002,-0.7862452303313018,0.055878560340118295,5.888400513779429,22.077341970582452,down,down,down,down,-0.000809594708051,-0.0058611474614735,0.0,-3.3464743867323016e-06,14.031
9.75,-0.7854393430293688,0.0511775510788624,5.901067768725698,22.171657716842496,down,down,down,down,-0.000809594708051,-0.0058611474614735,0.0,-3.3464743867323016e-06,14.047
9.766000000000002,-0.7865514287043603,0.06869575997892059,5.913737473258951,22.266176158778375,down,down,down,down,-0.000809594708051,-0.0058611474614735,0.0,-3.3464743867323016e-06,14.063
9.780999999999999,-0.7876363903384985,0.0715211809011669,5.9256317991136935,22.354971428321164,down,down,down,down,-0.000809594708051,-0.0058611474614735,0.0,-3.3464743867323016e-06,14.078
9.797,-0.7876707624576264,0.0,5.938328034695446,22.44988310699164,down,down,down,down,-0.000809594708051,-0.0058611474614735,0.0,-3.3464743867323016e-06,14.094
9.812999999999999,-0.7876886555970125,0.0,5.951024688399267,22.544997928776397,down,down,down,down,-0.000809594708051,-0.0058611474614735,0.0,-3.3464743867323016e-06,14.11
9.828,-0.7886181426553255,0.0611562091794781,5.962934906598082,22.63435262573888,down,down,down,down,-0.000809594708051,-0.0058611474614735,0.0,-3.3464743867323016e-06,14.125
9.844000000000001,-0.7886284957661563,0.0,5.9756466580648375,22.729861278256184,down,down,down,down,-0.000809594708051,-0.0058611474614735,0.0,-3.3464743867323016e-06,14.141
9.859000000000002,-0.7886645462394296,0.0,5.987564273091802,22.819585360239863,down,down,down,down,-0.000809594708051,-0.0058611474614735,0.0,-3.3464743867323016e-06,14.156
9.875,-0.7870405614671531,0.1023086429753348,6.000263692312839,22.9154879839631,down,down,down,down,-0.000809594708051,-0.0058611474614735,0.0,-3.3464743867323016e-06,14.172
9.891000000000002,-0.785456186079566,0.0998330564322412,6.012937444652596,23.011593593058823,down,down,down,down,-0.000809594708051,-0.0058611474614735,0.0,-3.3464743867323016e-06,14.188
9.905999999999999,-0.7839142272902874,0.10360684732663611,6.024795639964791,23.101876591193445,down,down,down,down,-0.000809594708051,-0.0058611474614735,0.0,-3.3464743867323016e-06,14.203
9.922,-0.7837392105840771,0.0117481388461903,6.037430645827169,23.198374401479782,down,down,down,down,-0.000809594708051,-0.0058611474614735,0.0,-3.3464743867323016e-06,14.219
9.937999999999999,-0.7857034068861158,0.1219526741693677,6.050079965126314,23.29507448636741,down,down,down,down,-0.000809594708051,-0.0058611474614735,0.0,-3.3464743867323016e-06,14.235
9.953,-0.7872064202393895,0.0993912955101872,6.061964706041678,23.385914821401176,down,down,down,down,-0.000809594708051,-0.0058611474614735,0.0,-3.3464743867323016e-06,14.25
9.969000000000001,-0.7887052645387397,0.092868174001337,6.074665777879287,23.483007865272544,down,down,down,down,-0.000809594708051,-0.0058611474614735,0.0,-3.3464743867323016e-06,14.266
9.984000000000002,-0.787223830821768,0.09957184250616301,6.086573163306413,23.574217157331436,down,down,down,down,-0.000809594708051,-0.0058611474614735,0.0,-3.3464743867323016e-06,14.281
10.0,-0.7869917837214865,0.0153125384756424,6.099260666582143,23.671703827970546,down,down,down,down,-0.000809594708051,-0.0058611474614735,0.0,-3.3464743867323016e-06,14.297
10.016000000000002,-0.7868547158177909,0.0,6.1119452169378405,23.769393475038704,down,down,down,down,-0.000809594708051,-0.0058611474614735,0.0,-3.3464743867323016e-06,14.313
10.030999999999999,-0.7839486732561004,0.19454576548743122,6.123814159567816,23.861161670362492,down,down,down,down,-0.000809594708051,-0.0058611474614735,0.0,-3.3464743867323016e-06,14.328
10.047,-0.7838552059313814,0.0,6.136450368960699,23.95924378659072,down,down,down,down,-0.000809594708051,-0.0058611474614735,0.0,-3.3464743867323016e-06,14.344
10.062999999999999,-0.7838274450066224,0.0,6.149085608527587,24.057528074410627,down,down,down,down,-0.000809594708051,-0.0058611474614735,0.0,-3.3464743867323016e-06,14.36
10.078,-0.783271630100817,0.037863921761740395,6.160926768802815,24.14985316724061,down,down,down,down,-0.000809594708051,-0.0058611474614735,0.0,-3.3464743867323016e-06,14.375
10.094000000000001,-0.7826122558759093,0.0420204837647818,6.173547618250012,24.24852896233703,down,down,down,down,-0.000809594708051,-0.0058611474614735,0.0,-3.3464743867323016e-06,14.391
10.109000000000002,-0.7835879060395198,0.0642337495326434,6.185382036676301,24.341220934748982,down,down,down,down,-0.000809594708051,-0.0058611474614735,0.0,-3.3464743867323016e-06,14.406
10.125,-0.7846612024214893,0.0662714291650435,6.198021807903372,24.44028816550562,down,down,down,down,-0.000809594708051,-0.0058611474614735,0.0,-3.3464743867323016e-06,14.422
10.141000000000002,-0.7847305601569162,0.0,6.210670720363384,24.539557705731756,down,down,down,down,-0.000809594708051,-0.0058611474614735,0.0,-3.3464743867323016e-06,14.438
10.155999999999999,-0.7848072986875484,0.0,6.222530171516638,24.632806712420848,down,down,down,down,-0.000809594708051,-0.0058611474614735,0.0,-3.3464743867323016e-06,14.453
10.172,-0.7849894532128713,0.0105750631246293,6.235182323891225,24.732468412384108,down,down,down,down,-0.000809594708051,-0.0058611474614735,0.0,-3.3464743867323016e-06,14.469
10.187999999999999,-0.7849775594872598,0.0,6.247835838352209,24.832332557682058,down,down,down,down,-0.000809594708051,-0.0058611474614735,0.0,-3.3464743867323016e-06,14.485
10.203,-0.7832608701048313,0.11525555353661511,6.259685543786072,24.9261389680481,down,down,down,down,-0.000809594708051,-0.0058611474614735,0.0,-3.3464743867323016e-06,14.5
10.219000000000001,-0.781586051195145,0.1054857765634407,6.272298097515856,25.026394837178515,down,down,down,down,-0.000809594708051,-0.0058611474614735,0.0,-3.3464743867323016e-06,14.516
10.234000000000002,-0.7824083435591814,0.054009896227707806,6.284115972688436,25.120567942705055,down,down,down,down,-0.000809594708051,-0.0058611474614735,0.0,-3.3464743867323016e-06,14.531
10.25,-0.7821612374107972,0.0162537289820629,6.29672630769558,25.221214680948123,down,down,down,down,-0.000809594708051,-0.0058611474614735,0.0,-3.3464743867323016e-06,14.547
10.266000000000002,-0.783638710276149,0.091532459376431,6.309346485636459,25.32206326329478,down,down,down,down,-0.000809594708051,-0.0058611474614735,0.0,-3.3464743867323016e-06,14.563
10.280999999999999,-0.7850970925035093,0.0964158871159827,6.321199921369227,25.41679236134732,down,down,down,down,-0.000809594708051,-0.0058611474614735,0.0,-3.3464743867323016e-06,14.578
10.297,-0.7852613755556171,0.0,6.333856567473084,25.518032813258053,down,down,down,down,-0.000809594708051,-0.0058611474614735,0.0,-3.3464743867323016e-06,14.594
10.312999999999999,-0.7854216517040148,0.0,6.346515810050544,25.61947579227824,down,down,down,down,-0.000809594708051,-0.0058611474614735,0.0,-3.3464743867323016e-06,14.61
10.328,-0.7858366071698574,0.0268541030147867,6.358388164204021,25.714762572085153,down,down,down,down,-0.000809594708051,-0.0058611474614735,0.0,-3.3464743867323016e-06,14.625
10.344000000000001,-0.7870882603617418,0.0774187297847284,6.371065341503657,25.816598200130812,down,down,down,down,-0.000809594708051,-0.0058611474614735,0.0,-3.3464743867323016e-06,14.641
10.359000000000002,-0.7883093854269952,0.0805987429755061,6.382968741058996,25.91225345575004,down,down,down,down,-0.000809594708051,-0.0058611474614735,0.0,-3.3464743867323016e-06,14.656
10.375,-0.7898900948244291,0.09798474263156269,6.39568811526039,26.014482710600596,down,down,down,down,-0.000809594708051,-0.0058611474614735,0.0,-3.3464743867323016e-06,14.672
10.391000000000002,-0.7914322503341219,0.09557512464775089,6.408432472381042,26.11691567530173,down,down,down,down,-0.000809594708051,-0.0058611474614735,0.0,-3.3464743867323016e-06,14.688
10.405999999999999,-0.7914661491551201,0.0,6.420392127589133,26.213131859801496,down,down,down,down,-0.000809594708051,-0.0058611474614735,0.0,-3.3464743867323016e-06,14.703
10.422,-0.7914992211756059,0.0,6.4331496289111625,26.315960193853503,down,down,down,down,-0.000809594708051,-0.0058611474614735,0.0,-3.3464743867323016e-06,14.719
10.437999999999999,-0.790817762792278,0.0434007436660442,6.445901943142289,26.418992606429928,down,down,down,down,-0.000809594708051,-0.0058611474614735,0.0,-3.3464743867323016e-06,14.735
10.453,-0.7901529253451295,0.0451320911846169,6.457847140515242,26.515770724557363,down,down,down,down,-0.000809594708051,-0.0058611474614735,0.0,-3.3464743867323016e-06,14.75
10.469000000000001,-0.7885359380634914,0.1018712998104296,6.470570429781895,26.61919806511974,down,down,down,down,-0.000809594708051,-0.0058611474614735,0.0,-3.3464743867323016e-06,14.766
10.484000000000002,-0.7889192032668878,0.0247414188517064,6.482489260553796,26.71634601279726,down,down,down,down,-0.000809594708051,-0.0058611474614735,0.0,-3.3464743867323016e-06,14.781
10.5,-0.7892644181829614,0.0207663375465517,6.495208507884778,26.82016759494477,down,down,down,down,-0.000809594708051,-0.0058611474614735,0.0,-3.3464743867323016e-06,14.797
10.516000000000002,-0.7919002832941261,0.1639319747397393,6.507951603855978,26.924192875838692,down,down,down,down,-0.000809594708051,-0.0058611474614735,0.0,-3.3464743867323016e-06,14.813
10.530999999999999,-0.7944718590123349,0.1706287865058803,6.519937312135197,27.021902042708618,down,down,down,down,-0.000809594708051,-0.0058611474614735,0.0,-3.3464743867323016e-06,14.828
10.547,-0.7969687169603433,0.15524402704247808,6.532762615102363,27.12632364212652,down,down,down,down,-0.000809594708051,-0.0058611474614735,0.0,-3.3464743867323016e-06,14.844
10.562999999999999,-0.7961786208022162,0.0501906045909937,6.545601572163847,27.23095055562465,down,down,down,down,-0.000809594708051,-0.0058611474614735,0.0,-3.3464743867323016e-06,14.86
10.578,-0.7940819844230679,0.1405853533179366,6.557616443914959,27.329224690745242,down,down,down,down,-0.000809594708051,-0.0058611474614735,0.0,-3.3464743867323016e-06,14.875
10.594000000000001,-0.7914858859334278,0.1630657503105534,6.570394765237194,27.43424878041846,down,down,down,down,-0.000809594708051,-0.0058611474614735,0.0,-3.3464743867323016e-06,14.891
10.609000000000002,-0.7888932293853302,0.1736533645812173,6.582335525814007,27.532894257601345,down,down,down,down,-0.000809594708051,-0.0058611474614735,0.0,-3.3464743867323016e-06,14.906
10.625,-0.7882412698083351,0.04155706827024799,6.59504638016694,27.6383133128492,down,down,down,down,-0.000809594708051,-0.0058611474614735,0.0,-3.3464743867323016e-06,14.922
10.641000000000002,-0.7890704306099431,0.0510129553924488,6.60775865212967,27.743935753107568,down,down,down,down,-0.000809594708051,-0.0058611474614735,0.0,-3.3464743867323016e-06,14.938
10.655999999999999,-0.7897483543066938,0.044385318408664706,6.619687710228466,27.843141600825245,down,down,down,down,-0.000809594708051,-0.0058611474614735,0.0,-3.3464743867323016e-06,14.953
10.672,-0.7913181399178751,0.0973020059907847,6.632430020541646,27.949158542671405,down,down,down,down,-0.000809594708051,-0.0058611474614735,0.0,-3.3464743867323016e-06,14.969
10.687999999999999,-0.7916783332444678,0.0217024882039896,6.645187770686328,28.055379485001225,down,down,down,down,-0.000809594708051,-0.0058611474614735,0.0,-3.3464743867323016e-06,14.985
10.703,-0.7920516810587089,0.0240802595746909,6.657153663005524,28.15514704575392,down,down,down,down,-0.000809594708051,-0.0058611474614735,0.0,-3.3464743867323016e-06,15.0
10.719000000000001,-0.7931736095716887,0.0693109373531842,6.669929243689952,28.261763709007486,down,down,down,down,-0.000809594708051,-0.0058611474614735,0.0,-3.3464743867323016e-06,15.016
10.734000000000002,-0.7914250461579472,0.11738048895748131,6.681901650819847,28.361902440716314,down,down,down,down,-0.000809594708051,-0.0058611474614735,0.0,-3.3464743867323016e-06,15.031
10.75,-0.7914487775787294,0.0,6.694658419769124,28.468914921281026,down,down,down,down,-0.000809594708051,-0.0058611474614735,0.0,-3.3464743867323016e-06,15.047
10.766000000000002,-0.7914732189370018,0.0,6.707415574100633,28.576131513231985,down,down,down,down,-0.000809594708051,-0.0058611474614735,0.0,-3.3464743867323016e-06,15.063
10.780999999999999,-0.7906906897507523,0.052978207124691694,6.7193697206277125,28.67683240294244,down,down,down,down,-0.000809594708051,-0.0058611474614735,0.0,-3.3464743867323016e-06,15.078
10.797,-0.7900043203664816,0.0437076812249691,6.732109059068034,28.78444423318001,down,down,down,down,-0.000809594708051,-0.0058611474614735,0.0,-3.3464743867323016e-06,15.094
10.812999999999999,-0.7893890474719055,0.039264150619055894,6.744837984370125,28.892259809527513,down,down,down,down,-0.000809594708051,-0.0058611474614735,0.0,-3.3464743867323016e-06,15.11
10.828,-0.7886831106570363,0.047872049032661894,6.756761442768015,28.993521805231055,down,down,down,down,-0.000809594708051,-0.0058611474614735,0.0,-3.3464743867323016e-06,15.125
10.844000000000001,-0.7900431937945368,0.0841956013857281,6.769485031563011,29.101731777025698,down,down,down,down,-0.000809594708051,-0.0058611474614735,0.0,-3.3464743867323016e-06,15.141
10.859000000000002,-0.7913701041725859,0.087651097161886,6.781433548509687,29.203363666376248,down,down,down,down,-0.000809594708051,-0.0058611474614735,0.0,-3.3464743867323016e-06,15.156
10.875,-0.7921899434429581,0.0504303596902122,6.794195807249995,29.31196870122233,down,down,down,down,-0.000809594708051,-0.0058611474614735,0.0,-3.3464743867323016e-06,15.172
10.891000000000002,-0.7937018817176221,0.0936865474584491,6.806976720210663,29.420778081442013,down,down,down,down,-0.000809594708051,-0.0058611474614735,0.0,-3.3464743867323016e-06,15.188
10.905999999999999,-0.7920399311623872,0.1116062983903853,6.818957701019184,29.522972589601224,down,down,down,down,-0.000809594708051,-0.0058611474614735,0.0,-3.3464743867323016e-06,15.203
10.922,-0.7905193039359305,0.0958487963615971,6.831711953259354,29.632177946835455,down,down,down,down,-0.000809594708051,-0.0058611474614735,0.0,-3.3464743867323016e-06,15.219
10.937999999999999,-0.7890357651784116,0.0935307670529848,6.844442172171653,29.741587179838902,down,down,down,down,-0.000809594708051,-0.0058611474614735,0.0,-3.3464743867323016e-06,15.235
10.953,-0.786966789683108,0.1387412943949527,6.856350108545037,29.84434312194428,down,down,down,down,-0.000809594708051,-0.0058611474614735,0.0,-3.3464743867323016e-06,15.25
10.969000000000001,-0.7849482770047623,0.1269666371046527,6.869019207437924,29.954146076472142,down,down,down,down,-0.000809594708051,-0.0058611474614735,0.0,-3.3464743867323016e-06,15.266
10.984000000000002,-0.7851385367247553,0.0118743866248138,6.880882775752817,30.057270341346076,down,down,down,down,-0.000809594708051,-0.0058611474614735,0.0,-3.3464743867323016e-06,15.281
11.0,-0.7853241559637728,0.0107916077305426,6.893540255653709,30.167465725597335,down,down,down,down,-0.000809594708051,-0.0058611474614735,0.0,-3.3464743867323016e-06,15.297
11.016000000000002,-0.7834883171798045,0.1155495187060704,6.906184533798241,30.277863523912945,down,down,down,down,-0.000809594708051,-0.0058611474614735,0.0,-3.3464743867323016e-06,15.313
11.030999999999999,-0.7816972549515421,0.1202137432588885,6.918011342801147,30.381544992987436,down,down,down,down,-0.000809594708051,-0.0058611474614735,0.0,-3.3464743867323016e-06,15.328
11.047,-0.7841788560007324,0.1542904708663472,6.930632130048149,30.492334140770232,down,down,down,down,-0.000809594708051,-0.0058611474614735,0.0,-3.3464743867323016e-06,15.344
11.062999999999999,-0.7865999301950649,0.1505075424377277,6.9432921386971,30.603325534920195,down,down,down,down,-0.000809594708051,-0.0058611474614735,0.0,-3.3464743867323016e-06,15.36
11.078,-0.7868637499900563,0.0167783916247049,6.955181033510411,30.70756408371176,down,down,down,down,-0.000809594708051,-0.0058611474614735,0.0,-3.3464743867323016e-06,15.375
11.094000000000001,-0.7871211351559017,0.0152769781572859,6.967866690950962,30.81894846550745,down,down,down,down,-0.000809594708051,-0.0058611474614735,0.0,-3.3464743867323016e-06,15.391
11.109000000000002,-0.7883083635154639,0.07833896259609249,6.97977032940292,30.923555743160104,down,down,down,down,-0.000809594708051,-0.0058611474614735,0.0,-3.3464743867323016e-06,15.406
11.125,-0.7873759000589705,0.059088560738884494,6.9924695818709,31.035333662450295,down,down,down,down,-0.000809594708051,-0.0058611474614735,0.0,-3.3464743867323016e-06,15.422
11.141000000000002,-0.7864226892555061,0.0603852699245786,7.0051537489448,31.14731464909682,down,down,down,down,-0.000809594708051,-0.0058611474614735,0.0,-3.3464743867323016e-06,15.438
11.155999999999999,-0.7864571274090971,0.0,7.017038264781705,31.25248108919976,down,down,down,down,-0.000809594708051,-0.0058611474614735,0.0,-3.3464743867323016e-06,15.453
11.172,-0.7875402105183938,0.0668830996229941,7.029724021844509,31.364855187492772,down,down,down,down,-0.000809594708051,-0.0058611474614735,0.0,-3.3464743867323016e-06,15.469
11.187999999999999,-0.7885584172813883,0.0628283279791031,7.042426589226291,31.47743239238134,down,down,down,down,-0.000809594708051,-0.0058611474614735,0.0,-3.3464743867323016e-06,15.485
11.203,-0.7881018771555618,0.0312456030964845,7.05433945864649,31.583158137740387,down,down,down,down,-0.000809594708051,-0.0058611474614735,0.0,-3.3464743867323016e-06,15.5
11.219000000000001,-0.7880668746784459,0.0,7.067042587020546,31.696129194105723,down,down,down,down,-0.000809594708051,-0.0058611474614735,0.0,-3.3464743867323016e-06,15.516
11.234000000000002,-0.7847534515249405,0.22170447160840712,7.078926656678994,31.802223963433473,down,down,down,down,-0.000809594708051,-0.0058611474614735,0.0,-3.3464743867323016e-06,15.531
11.25,-0.7814795028806857,0.205431384973975,7.091550298673623,31.915587779076294,down,down,down,down,-0.000809594708051,-0.0058611474614735,0.0,-3.3464743867323016e-06,15.547
11.266000000000002,-0.7800766481389446,0.0884880160668675,7.104136526241163,32.02915327367561,down,down,down,down,-0.000809594708051,-0.0058611474614735,0.0,-3.3464743867323016e-06,15.563
11.280999999999999,-0.7783443098102368,0.1162988166219125,7.115912600637703,32.13580364212719,down,down,down,down,-0.000809594708051,-0.0058611474614735,0.0,-3.3464743867323016e-06,15.578
11.297,-0.7766767658842132,0.1050310900845284,7.128446547602642,32.24975851531312,down,down,down,down,-0.000809594708051,-0.0058611474614735,0.0,-3.3464743867323016e-06,15.594
11.312999999999999,-0.7730180055813386,0.2294821136377131,7.140937884133749,32.36391359076701,down,down,down,down,-0.000809594708051,-0.0058611474614735,0.0,-3.3464743867323016e-06,15.61
11.328,-0.7692974110271004,0.248849231657257,7.152593166970235,32.471115073650296,down,down,down,down,-0.000809594708051,-0.0058611474614735,0.0,-3.3464743867323016e-06,15.625
11.344000000000001,-0.765635819135385,0.229659087940259,7.164966411170919,32.585655550275426,down,down,down,down,-0.000809594708051,-0.0058611474614735,0.0,-3.3464743867323016e-06,15.641
11.359000000000002,-0.7600245256362524,0.3748958279835425,7.176496780968629,32.693216524216474,down,down,down,down,-0.000809594708051,-0.0058611474614735,0.0,-3.3464743867323016e-06,15.656
11.375,-0.7571027310936743,0.1834217536191837,7.188727577381852,32.80813831908328,down,down,down,down,-0.000809594708051,-0.0058611474614735,0.0,-3.3464743867323016e-06,15.672
11.391000000000002,-0.7529660591487489,0.25935159126588797,7.200901906063175,32.92325535495084,down,down,down,down,-0.000809594708051,-0.0058611474614735,0.0,-3.3464743867323016e-06,15.688
11.405999999999999,-0.7489435921260147,0.26897406289035475,7.212254145659656,33.03135402533875,down,down,down,down,-0.000809594708051,-0.0058611474614735,0.0,-3.3464743867323016e-06,15.703
11.422,-0.7454166149101252,0.221245670701142,7.224302805675329,33.14684648094943,down,down,down,down,-0.000809594708051,-0.0058611474614735,0.0,-3.3464743867323016e-06,15.719
11.437999999999999,-0.7423902332311539,0.1899584496437565,7.236299038819843,33.26253129570539,down,down,down,down,-0.000809594708051,-0.0058611474614735,0.0,-3.3464743867323016e-06,15.735
11.453,-0.7394967184785665,0.1937105782138755,7.247501108169589,33.37115979680782,down,down,down,down,-0.000809594708051,-0.0058611474614735,0.0,-3.3464743867323016e-06,15.75
11.469000000000001,-0.7331225484680922,0.39919522036269095,7.259375840664545,33.487214812398484,down,down,down,down,-0.000809594708051,-0.0058611474614735,0.0,-3.3464743867323016e-06,15.766
11.484000000000002,-0.7284835944610305,0.31007319517882015,7.270425803948436,33.596188324733085,down,down,down,down,-0.000809594708051,-0.0058611474614735,0.0,-3.3464743867323016e-06,15.781
11.5,-0.723986068445088,0.28190497070446036,7.282139339611069,33.71260884588156,down,down,down,down,-0.000809594708051,-0.0058611474614735,0.0,-3.3464743867323016e-06,15.797
11.516000000000002,-0.7202960728813609,0.2314343174409924,7.293787375101064,33.82921625959926,down,down,down,down,-0.000809594708051,-0.0058611474614735,0.0,-3.3464743867323016e-06,15.813
11.530999999999999,-0.7155544995364239,0.31691448437054087,7.304644171606118,33.93870449619955,down,down,down,down,-0.000809594708051,-0.0058611474614735,0.0,-3.3464743867323016e-06,15.828
11.547,-0.7121545005261504,0.2133095328501474,7.316159621966002,34.055670926548125,down,down,down,down,-0.000809594708051,-0.0058611474614735,0.0,-3.3464743867323016e-06,15.844
11.562999999999999,-0.708865924015358,0.2063456266325755,7.327621563721718,34.17282117603363,down,down,down,down,-0.000809594708051,-0.0058611474614735,0.0,-3.3464743867323016e-06,15.86
11.578,-0.7034133279581206,0.364315998523861,7.338301575323442,34.28281559957647,down,down,down,down,-0.000809594708051,-0.0058611474614735,0.0,-3.3464743867323016e-06,15.875
11.594000000000001,-0.6980937220486202,0.33328496405182717,7.349607410082879,34.400318871459724,down,down,down,down,-0.000809594708051,-0.0058611474614735,0.0,-3.3464743867323016e-06,15.891
11.609000000000002,-0.6901704671589252,0.5290265873543664,7.360107308713858,34.510641731850704,down,down,down,down,-0.000809594708051,-0.0058611474614735,0.0,-3.3464743867323016e-06,15.906
11.625,-0.6824404623884918,0.4839348928601378,7.371181974509621,34.62849204611649,down,down,down,down,-0.000809594708051,-0.0058611474614735,0.0,-3.3464743867323016e-06,15.922
11.641000000000002,-0.6761318903081773,0.39509534972770277,7.382144331690578,34.746518656566096,down,down,down,down,-0.000809594708051,-0.0058611474614735,0.0,-3.3464743867323016e-06,15.938
11.655999999999999,-0.6699771858395779,0.4111232259480472,7.392328066973608,34.85732719955607,down,down,down,down,-0.000809594708051,-0.0058611474614735,0.0,-3.3464743867323016e-06,15.953
11.672,-0.6613569259884945,0.5395758354007624,7.403072518227616,34.975690404237675,down,down,down,down,-0.000809594708051,-0.0058611474614735,0.0,-3.3464743867323016e-06,15.969
11.687999999999999,-0.6529469163776814,0.526435195383867,7.4136807273259295,35.094224430202104,down,down,down,down,-0.000809594708051,-0.0058611474614735,0.0,-3.3464743867323016e-06,15.985
11.703,-0.6442469090877784,0.580810080701566,7.423497598228843,35.20550326764377,down,down,down,down,-0.000809594708051,-0.0058611474614735,0.0,-3.3464743867323016e-06,16.0
11.718999999999998,-0.6342892616457939,0.6231625598321484,7.433819665954093,35.32436180575722,down,down,down,down,-0.000809594708051,-0.0058611474614735,0.0,-3.3464743867323016e-06,16.016
11.733999999999998,-0.6245744836536141,0.6484614608533458,7.443349061255762,35.4359405712113,down,down,down,down,-0.000809594708051,-0.0058611474614735,0.0,-3.3464743867323016e-06,16.031
11.75,-0.6167886184144625,0.48742617215497086,7.453373744431691,35.55511435365681,down,down,down,down,-0.000809594708051,-0.0058611474614735,0.0,-3.3464743867323016e-06,16.047
11.765999999999998,-0.6091926523274848,0.47555747514421376,7.46327537295701,35.67444754659591,down,down,down,down,-0.000809594708051,-0.0058611474614735,0.0,-3.3464743867323016e-06,16.063
11.780999999999999,-0.601803690656702,0.4934070394268812,7.472445762741313,35.78646545511366,down,down,down,down,-0.000809594708051,-0.0058611474614735,0.0,-3.3464743867323016e-06,16.078
11.797,-0.5927446085838072,0.5670022242639159,7.482095927494622,35.90610178863555,down,down,down,down,-0.000809594708051,-0.0058611474614735,0.0,-3.3464743867323016e-06,16.094
11.812999999999999,-0.5822691425724803,0.6555262204160526,7.491589815863255,36.025891274582406,down,down,down,down,-0.000809594708051,-0.0058611474614735,0.0,-3.3464743867323016e-06,16.11
11.828,-0.571957406045085,0.6882586965343752,7.500334432189809,36.138330706442815,down,down,down,down,-0.000809594708051,-0.0058611474614735,0.0,-3.3464743867323016e-06,16.125
11.843999999999998,-0.5636976709605223,0.5170430374932823,7.509513451165236,36.25840948950964,down,down,down,down,-0.000809594708051,-0.0058611474614735,0.0,-3.3464743867323016e-06,16.141
11.858999999999998,-0.5541140880164016,0.6397151243160701,7.517984956569485,36.371115727567656,down,down,down,down,-0.000809594708051,-0.0058611474614735,0.0,-3.3464743867323016e-06,16.156
11.875,-0.5445646140957586,0.5976517147481705,7.526868164545767,36.491474552536594,down,down,down,down,-0.000809594708051,-0.0058611474614735,0.0,-3.3464743867323016e-06,16.172
11.890999999999998,-0.5352377916133727,0.5837359998572352,7.535600362150823,36.611974300750155,down,down,down,down,-0.000809594708051,-0.0058611474614735,0.0,-3.3464743867323016e-06,16.188
11.905999999999999,-0.5266543937646501,0.5730361179562053,7.54365247075308,36.72506869699694,down,down,down,down,-0.000809594708051,-0.0058611474614735,0.0,-3.3464743867323016e-06,16.203
11.922,-0.5199335467192016,0.42086253504853566,7.552118952636335,36.845834868384074,down,down,down,down,-0.000809594708051,-0.0058611474614735,0.0,-3.3464743867323016e-06,16.219
11.937999999999999,-0.5134047587950016,0.40885883997059436,7.560479437439832,36.96673565550467,down,down,down,down,-0.000809594708051,-0.0058611474614735,0.0,-3.3464743867323016e-06,16.235
11.953,-0.5043942582227833,0.6015096328559152,7.568200847279388,37.08020075764007,down,down,down,down,-0.000809594708051,-0.0058611474614735,0.0,-3.3464743867323016e-06,16.25
11.968999999999998,-0.49669201312994293,0.48219991301062537,7.576303315809593,37.20135679094477,down,down,down,down,-0.000809594708051,-0.0058611474614735,0.0,-3.3464743867323016e-06,16.266
11.983999999999998,-0.4892073260588604,0.4997887327802,7.583785478065431,37.31505745689884,down,down,down,down,-0.000809594708051,-0.0058611474614735,0.0,-3.3464743867323016e-06,16.281
12.0,-0.4814178563066936,0.4876514542184194,7.591644257883741,37.43646089478646,down,down,down,down,-0.000809594708051,-0.0058611474614735,0.0,-3.3464743867323016e-06,16.297
12.015999999999998,-0.4728628053464875,0.5355002797209939,7.599372281536349,37.55798902710179,down,down,down,down,-0.000809594708051,-0.0058611474614735,0.0,-3.3464743867323016e-06,16.313
12.030999999999999,-0.4633114638638106,0.6375656935531528,7.606481505767348,37.67203293050658,down,down,down,down,-0.000809594708051,-0.0058611474614735,0.0,-3.3464743867323016e-06,16.328
12.047,-0.4539444015428896,0.5862509897655476,7.613913331049987,37.79379608920113,down,down,down,down,-0.000809594708051,-0.0058611474614735,0.0,-3.3464743867323016e-06,16.344
12.062999999999999,-0.446281881738317,0.4797170824938883,7.621208919675619,37.915677067206936,down,down,down,down,-0.000809594708051,-0.0058611474614735,0.0,-3.3464743867323016e-06,16.36
12.078,-0.4356049715103226,0.7126036099076534,7.627910988286906,38.030045466516654,down,down,down,down,-0.000809594708051,-0.0058611474614735,0.0,-3.3464743867323016e-06,16.375
12.093999999999998,-0.4250993623485134,0.6574101673211985,7.63489040131716,38.152147877633475,down,down,down,down,-0.000809594708051,-0.0058611474614735,0.0,-3.3464743867323016e-06,16.391
12.108999999999998,-0.4148226979238317,0.6859205563534696,7.641277733981125,38.26671913864821,down,down,down,down,-0.000809594708051,-0.0058611474614735,0.0,-3.3464743867323016e-06,16.406
12.125,-0.4065699194208872,0.5166082511420232,7.647942653279268,38.38903290174631,down,down,down,down,-0.000809594708051,-0.0058611474614735,0.0,-3.3464743867323016e-06,16.422
12.140999999999998,-0.3985419157780151,0.5025598223876157,7.654477326320242,38.511452261583095,down,down,down,down,-0.000809594708051,-0.0058611474614735,0.0,-3.3464743867323016e-06,16.438
12.155999999999999,-0.3898415108149945,0.5808365922427359,7.660478119231612,38.62631442742474,down,down,down,down,-0.000809594708051,-0.0058611474614735,0.0,-3.3464743867323016e-06,16.453
12.172,-0.3795372797052004,0.6448240390701077,7.666726927915158,38.748932067801924,down,down,down,down,-0.000809594708051,-0.0058611474614735,0.0,-3.3464743867323016e-06,16.469
12.187999999999999,-0.3702875878390888,0.5789153363400881,7.672819305214895,38.87164843766695,down,down,down,down,-0.000809594708051,-0.0058611474614735,0.0,-3.3464743867323016e-06,16.485
12.203,-0.36120997369916813,0.6059838707027412,7.678393454138354,38.9867825333621,down,down,down,down,-0.000809594708051,-0.0058611474614735,0.0,-3.3464743867323016e-06,16.5
12.218999999999998,-0.3531333152693713,0.5056007465704115,7.684201978809486,39.10968329682567,down,down,down,down,-0.000809594708051,-0.0058611474614735,0.0,-3.3464743867323016e-06,16.516
12.233999999999998,-0.345253648508594,0.5261207120931795,7.689527798249743,39.22498627015362,down,down,down,down,-0.000809594708051,-0.0058611474614735,0.0,-3.3464743867323016e-06,16.531
12.25,-0.3371420831868531,0.5077824273168039,7.69508074246269,39.34806313847933,down,down,down,down,-0.000809594708051,-0.0058611474614735,0.0,-3.3464743867323016e-06,16.547
12.265999999999998,-0.3292283609217411,0.49541723627760537,7.7005054843749425,39.47122782829402,down,down,down,down,-0.000809594708051,-0.0058611474614735,0.0,-3.3464743867323016e-06,16.563
12.280999999999999,-0.3216564220458925,0.5056055197646062,7.705475037459122,39.58677268220778,down,down,down,down,-0.000809594708051,-0.0058611474614735,0.0,-3.3464743867323016e-06,16.578
12.297,-0.3143184625223228,0.4594320649311019,7.7106566148950515,39.710101735426626,down,down,down,down,-0.000809594708051,-0.0058611474614735,0.0,-3.3464743867323016e-06,16.594
12.312999999999999,-0.3071594776212781,0.44824615102339516,7.715722216775584,39.83351276607998,down,down,down,down,-0.000809594708051,-0.0058611474614735,0.0,-3.3464743867323016e-06,16.61
12.328,-0.2985776646510897,0.5729304593872594,7.720353162554549,39.949283331424965,down,down,down,down,-0.000809594708051,-0.0058611474614735,0.0,-3.3464743867323016e-06,16.625
12.343999999999998,-0.2902051641923703,0.5240908733780711,7.725157203544679,40.07284741435374,down,down,down,down,-0.000809594708051,-0.0058611474614735,0.0,-3.3464743867323016e-06,16.641
12.358999999999998,-0.2851836648262314,0.33557621911729335,7.729560536974241,40.18875779740763,down,down,down,down,-0.000809594708051,-0.0058611474614735,0.0,-3.3464743867323016e-06,16.656
12.375,-0.2802846410543901,0.30699858044810235,7.73417806178067,40.31246770619769,down,down,down,down,-0.000809594708051,-0.0058611474614735,0.0,-3.3464743867323016e-06,16.672
12.390999999999998,-0.2734665860989161,0.4269380294252191,7.738701849957279,40.436250745491584,down,down,down,down,-0.000809594708051,-0.0058611474614735,0.0,-3.3464743867323016e-06,16.688
12.405999999999999,-0.2668148251667458,0.44426032351939065,7.742841877753694,40.552362323449415,down,down,down,down,-0.000809594708051,-0.0058611474614735,0.0,-3.3464743867323016e-06,16.703
12.422,-0.259172630874268,0.4784467379878607,7.747143555761406,40.67628220691755,down,down,down,down,-0.000809594708051,-0.0058611474614735,0.0,-3.3464743867323016e-06,16.719
12.437999999999999,-0.2517168315645329,0.4667970515665433,7.7513244498202996,40.80026995096219,down,down,down,down,-0.000809594708051,-0.0058611474614735,0.0,-3.3464743867323016e-06,16.735
12.453,-0.2445002751783357,0.4819133537878478,7.755133995332793,40.91656838930084,down,down,down,down,-0.000809594708051,-0.0058611474614735,0.0,-3.3464743867323016e-06,16.75
12.468999999999998,-0.23761481417863808,0.4311509071891957,7.759084694407032,41.040682138818745,down,down,down,down,-0.000809594708051,-0.0058611474614735,0.0,-3.3464743867323016e-06,16.766
12.483999999999998,-0.23085080981090308,0.4517432192237042,7.762686103798876,41.157095419805295,down,down,down,down,-0.000809594708051,-0.0058611474614735,0.0,-3.3464743867323016e-06,16.781
12.5,-0.2255932377844481,0.32940784636144776,7.766431434539022,41.28132836011201,down,down,down,down,-0.000809594708051,-0.0058611474614735,0.0,-3.3464743867323016e-06,16.797
12.515999999999998,-0.2204638992220521,0.32139325485783987,7.770093669994457,41.405620560948265,down,down,down,down,-0.000809594708051,-0.0058611474614735,0.0,-3.3464743867323016e-06,16.813
12.530999999999999,-0.21547553517478768,0.3333671978589935,7.773451132964356,41.52219714697046,down,down,down,down,-0.000809594708051,-0.0058611474614735,0.0,-3.3464743867323016e-06,16.828
12.547,-0.2107227322650829,0.29785977656456847,7.776954497463259,41.646600392013895,down,down,down,down,-0.000809594708051,-0.0058611474614735,0.0,-3.3464743867323016e-06,16.844
12.562999999999999,-0.2055684013013881,0.32295527993900985,7.780378604891174,41.771059056832726,down,down,down,down,-0.000809594708051,-0.0058611474614735,0.0,-3.3464743867323016e-06,16.86
12.578,-0.2005294513523453,0.3367395913108955,7.783512255998,41.887788238289396,down,down,down,down,-0.000809594708051,-0.0058611474614735,0.0,-3.3464743867323016e-06,16.875
12.593999999999998,-0.1950304211511274,0.34449898228420706,7.78677051333741,42.012350500444064,down,down,down,down,-0.000809594708051,-0.0058611474614735,0.0,-3.3464743867323016e-06,16.891
12.608999999999998,-0.19059165248562948,0.29672750574123047,7.789750596101609,42.12917440876486,down,down,down,down,-0.000809594708051,-0.0058611474614735,0.0,-3.3464743867323016e-06,16.906
12.625,-0.1856799435556589,0.30779140283118006,7.792854547229323,42.253835249911525,down,down,down,down,-0.000809594708051,-0.0058611474614735,0.0,-3.3464743867323016e-06,16.922
12.640999999999998,-0.1810110059609845,0.2926181943752369,7.79588185318484,42.37854514111483,down,down,down,down,-0.000809594708051,-0.0058611474614735,0.0,-3.3464743867323016e-06,16.938
12.655999999999999,-0.17639973954854868,0.30822735553709335,7.798650350988083,42.495504132646126,down,down,down,down,-0.000809594708051,-0.0058611474614735,0.0,-3.3464743867323016e-06,16.953
12.672,-0.17050285631994028,0.3693647964960331,7.801519350114415,42.62030549025496,down,down,down,down,-0.000809594708051,-0.0058611474614735,0.0,-3.3464743867323016e-06,16.969
12.687999999999999,-0.16472903815507858,0.3616732300119448,7.804294983629599,42.7451520049249,down,down,down,down,-0.000809594708051,-0.0058611474614735,0.0,-3.3464743867323016e-06,16.985
12.703,-0.16236977741946929,0.1580936437486667,7.80683614195833,42.862235488366814,down,down,down,down,-0.000809594708051,-0.0058611474614735,0.0,-3.3464743867323016e-06,17.0
12.718999999999998,-0.1583349528737604,0.25298612881488586,7.80949555816006,42.98716614196774,down,down,down,down,-0.000809594708051,-0.0058611474614735,0.0,-3.3464743867323016e-06,17.016
12.733999999999998,-0.1543315827405039,0.2677009369251387,7.811928474389089,43.104326822211874,down,down,down,down,-0.000809594708051,-0.0058611474614735,0.0,-3.3464743867323016e-06,17.031
12.75,-0.1511277652205543,0.2010481897048774,7.8144659275321615,43.22933797742726,down,down,down,down,-0.000809594708051,-0.0058611474614735,0.0,-3.3464743867323016e-06,17.047
12.765999999999998,-0.14756218128598428,0.223658590618705,7.816949225463597,43.354389298651206,down,down,down,down,-0.000809594708051,-0.0058611474614735,0.0,-3.3464743867323016e-06,17.063
12.780999999999999,-0.1429914429050907,0.30552548676760616,7.819216294856952,43.47166054005361,down,down,down,down,-0.000809594708051,-0.0058611474614735,0.0,-3.3464743867323016e-06,17.078
12.797,-0.1385387870084607,0.2791005882473961,7.821562315055645,43.59678676893294,down,down,down,down,-0.000809594708051,-0.0058611474614735,0.0,-3.3464743867323016e-06,17.094
12.812999999999999,-0.1348143131303275,0.233589212091404,7.823842918216139,43.72195001079909,down,down,down,down,-0.000809594708051,-0.0058611474614735,0.0,-3.3464743867323016e-06,17.11
12.828,-0.1318025218356223,0.2015956810217227,7.825930461690305,43.83932331114839,down,down,down,down,-0.000809594708051,-0.0058611474614735,0.0,-3.3464743867323016e-06,17.125
12.843999999999998,-0.1288997152528584,0.182235006130813,7.828109857946396,43.96455563370547,down,down,down,down,-0.000809594708051,-0.0058611474614735,0.0,-3.3464743867323016e-06,17.141
12.858999999999998,-0.1260677088306502,0.1896100228552616,7.830110030838944,44.081992282871376,down,down,down,down,-0.000809594708051,-0.0058611474614735,0.0,-3.3464743867323016e-06,17.156
12.875,-0.1240024208373126,0.1298900942916369,7.832204370235671,44.20729079807998,down,down,down,down,-0.000809594708051,-0.0058611474614735,0.0,-3.3464743867323016e-06,17.172
12.890999999999998,-0.12198750572186161,0.1267417894237481,7.834266068007528,44.332622561585914,down,down,down,down,-0.000809594708051,-0.0058611474614735,0.0,-3.3464743867323016e-06,17.188
12.905999999999999,-0.11765005706655,0.28997283839548027,7.836151266940363,44.450150691598026,down,down,down,down,-0.000809594708051,-0.0058611474614735,0.0,-3.3464743867323016e-06,17.203
12.922,-0.1146014604122386,0.1913468856024955,7.838103057439577,44.57554472619308,down,down,down,down,-0.000809594708051,-0.0058611474614735,0.0,-3.3464743867323016e-06,17.219
12.937999999999999,-0.1139477822165845,0.0416644819364364,7.840025229739991,44.7009697524905,down,down,down,down,-0.000809594708051,-0.0058611474614735,0.0,-3.3464743867323016e-06,17.235
12.953,-0.1132991373674628,0.0440525846494918,7.841817498848794,44.81858357295492,down,down,down,down,-0.000809594708051,-0.0058611474614735,0.0,-3.3464743867323016e-06,17.25
12.968999999999998,-0.11011956060868941,0.19953314213141352,7.843698626791987,44.94406770196003,down,down,down,down,-0.000809594708051,-0.0058611474614735,0.0,-3.3464743867323016e-06,17.266
12.983999999999998,-0.106468472256438,0.2442154848581326,7.845410954250398,45.06173602381785,down,down,down,down,-0.000809594708051,-0.0058611474614735,0.0,-3.3464743867323016e-06,17.281
13.0,-0.102906434839607,0.2234369332599655,7.84717973186655,45.1872767493068,down,down,down,down,-0.000809594708051,-0.0058611474614735,0.0,-3.3464743867323016e-06,17.297
13.015999999999998,-0.1004933537917588,0.1516271601985806,7.848900708534985,45.31284539282999,down,down,down,down,-0.000809594708051,-0.0058611474614735,0.0,-3.3464743867323016e-06,17.313
13.030999999999999,-0.0981391283792235,0.15775795554372982,7.85047836936319,45.43059073591423,down,down,down,down,-0.000809594708051,-0.0058611474614735,0.0,-3.3464743867323016e-06,17.328
13.047,-0.09467616357586911,0.2172448949176765,7.8521146700582145,45.556211480229614,down,down,down,down,-0.000809594708051,-0.0058611474614735,0.0,-3.3464743867323016e-06,17.344
13.062999999999999,-0.091297661328694,0.2119659851565157,7.853696239016834,45.681857967502204,down,down,down,down,-0.000809594708051,-0.0058611474614735,0.0,-3.3464743867323016e-06,17.36
13.078,-0.0905349037370602,0.051660100816969,7.85514790046675,45.79967429854833,down,down,down,down,-0.000809594708051,-0.0058611474614735,0.0,-3.3464743867323016e-06,17.375
13.093999999999998,-0.08979074998912401,0.047319203954071,7.856684284055943,45.9253689560245,down,down,down,down,-0.000809594708051,-0.0058611474614735,0.0,-3.3464743867323016e-06,17.391
13.108999999999998,-0.08732195484746451,0.1653959374853475,7.858100546554139,46.043229842254085,down,down,down,down,-0.000809594708051,-0.0058611474614735,0.0,-3.3464743867323016e-06,17.406
13.125,-0.0849685982575644,0.1478943815767909,7.8595726493383635,46.16897122782123,down,down,down,down,-0.000809594708051,-0.0058611474614735,0.0,-3.3464743867323016e-06,17.422
13.140999999999998,-0.0804934687513069,0.2805051888491757,7.860990124233818,46.29473573000979,down,down,down,down,-0.000809594708051,-0.0058611474614735,0.0,-3.3464743867323016e-06,17.438
13.155999999999999,-0.07871438410418291,0.11941523784964321,7.862272100342157,46.41266019669412,down,down,down,down,-0.000809594708051,-0.0058611474614735,0.0,-3.3464743867323016e-06,17.453
13.172,-0.0769127954171083,0.11340888765019991,7.863610896137711,46.538467260665975,down,down,down,down,-0.000809594708051,-0.0058611474614735,0.0,-3.3464743867323016e-06,17.469
13.187999999999999,-0.0758635996560635,0.0663843297733573,7.86492688565768,46.66429556292032,down,down,down,down,-0.000809594708051,-0.0058611474614735,0.0,-3.3464743867323016e-06,17.485
13.203,-0.0739593497158158,0.127759590724562,7.866138474989891,46.78227855312518,down,down,down,down,-0.000809594708051,-0.0058611474614735,0.0,-3.3464743867323016e-06,17.5
13.218999999999998,-0.07211639814290481,0.1159940680150032,7.867400859332144,46.90814686779974,down,down,down,down,-0.000809594708051,-0.0058611474614735,0.0,-3.3464743867323016e-06,17.516
13.233999999999998,-0.07183622180271071,0.0194880173876543,7.868568421193658,47.02616663740369,down,down,down,down,-0.000809594708051,-0.0058611474614735,0.0,-3.3464743867323016e-06,17.531
13.25,-0.0699386049423332,0.1194106484816303,7.869796398167002,47.15207355595859,down,down,down,down,-0.000809594708051,-0.0058611474614735,0.0,-3.3464743867323016e-06,17.547
13.265999999999998,-0.0681992665459266,0.10951824448347601,7.870995279498292,47.2779998893799,down,down,down,down,-0.000809594708051,-0.0058611474614735,0.0,-3.3464743867323016e-06,17.563
13.280999999999999,-0.0664699403361553,0.1160980086927991,7.872093215761829,47.396073053094355,down,down,down,down,-0.000809594708051,-0.0058611474614735,0.0,-3.3464743867323016e-06,17.578
13.297,-0.0651517181849304,0.0831984791595981,7.873239967389382,47.52203571855958,down,down,down,down,-0.000809594708051,-0.0058611474614735,0.0,-3.3464743867323016e-06,17.594
13.312999999999999,-0.06281874687596921,0.1466203015181459,7.874357509469252,47.64801649837443,down,down,down,down,-0.000809594708051,-0.0058611474614735,0.0,-3.3464743867323016e-06,17.61
13.328,-0.0605359724876653,0.15299455392829991,7.875370587076402,47.766139459098525,down,down,down,down,-0.000809594708051,-0.0058611474614735,0.0,-3.3464743867323016e-06,17.625
13.343999999999998,-0.0581989834318204,0.146871410698373,7.876414245083141,47.89215373775579,down,down,down,down,-0.000809594708051,-0.0058611474614735,0.0,-3.3464743867323016e-06,17.641
13.358999999999998,-0.055119924296235495,0.2060802037470383,7.877352054103023,48.010306984999694,down,down,down,down,-0.000809594708051,-0.0058611474614735,0.0,-3.3464743867323016e-06,17.656
13.375,-0.0521858287776845,0.1841905646174718,7.878304278486999,48.136352235660425,down,down,down,down,-0.000809594708051,-0.0058611474614735,0.0,-3.3464743867323016e-06,17.672
13.390999999999998,-0.053280957959851,0.0676359791773682,7.879241791140283,48.26241260421743,down,down,down,down,-0.000809594708051,-0.0058611474614735,0.0,-3.3464743867323016e-06,17.688
13.405999999999999,-0.051287451678600694,0.1337100134580719,7.880113971424493,48.38060777243667,down,down,down,down,-0.000809594708051,-0.0058611474614735,0.0,-3.3464743867323016e-06,17.703
13.422,-0.050861803493958795,0.0274126062481641,7.881024943825258,48.50669688375868,down,down,down,down,-0.000809594708051,-0.0058611474614735,0.0,-3.3464743867323016e-06,17.719
13.437999999999999,-0.0505222984151211,0.0220286621354115,7.881929794999914,48.63280052166926,down,down,down,down,-0.000809594708051,-0.0058611474614735,0.0,-3.3464743867323016e-06,17.735
13.453,-0.049880408354610495,0.0436022654087506,7.8827707325126095,48.75103577562562,down,down,down,down,-0.000809594708051,-0.0058611474614735,0.0,-3.3464743867323016e-06,17.75
13.468999999999998,-0.0482484370071817,0.1028078039223668,7.883649541634887,48.87716713781878,down,down,down,down,-0.000809594708051,-0.0058611474614735,0.0,-3.3464743867323016e-06,17.766
13.483999999999998,-0.0466562698389588,0.1069540725895708,7.884449244148155,48.99542787871216,down,down,down,down,-0.000809594708051,-0.0058611474614735,0.0,-3.3464743867323016e-06,17.781
13.5,-0.042506946395725796,0.2601423099100872,7.885256328237416,49.12158552329126,down,down,down,down,-0.000809594708051,-0.0058611474614735,0.0,-3.3464743867323016e-06,17.797
13.515999999999998,-0.038458825963303495,0.2538171217344731,7.885997832775672,49.24775555657935,down,down,down,down,-0.000809594708051,-0.0058611474614735,0.0,-3.3464743867323016e-06,17.813
13.530999999999999,-0.0366500932638321,0.121391774672803,7.886649066881798,49.366050408326785,down,down,down,down,-0.000809594708051,-0.0058611474614735,0.0,-3.3464743867323016e-06,17.828
13.547,-0.035680112482941395,0.061433393513714296,7.887321486887156,49.49224217275695,down,down,down,down,-0.000809594708051,-0.0058611474614735,0.0,-3.3464743867323016e-06,17.844
13.562999999999999,-0.035385509351415996,0.0192222904283909,7.887983790221215,49.618444614973804,down,down,down,down,-0.000809594708051,-0.0058611474614735,0.0,-3.3464743867323016e-06,17.86
13.578,-0.0349927736110729,0.0269919773975861,7.888599544555356,49.73676898998463,down,down,down,down,-0.000809594708051,-0.0058611474614735,0.0,-3.3464743867323016e-06,17.875
13.593999999999998,-0.034609616791225796,0.0247568959484992,7.889250142037958,49.86299178747736,down,down,down,down,-0.000809594708051,-0.0058611474614735,0.0,-3.3464743867323016e-06,17.891
13.608999999999998,-0.0344856135118157,0.0,7.889856273477153,49.98133508559373,down,down,down,down,-0.000809594708051,-0.0058611474614735,0.0,-3.3464743867323016e-06,17.906
13.625,-0.0343646347026354,0.0,7.890500853822252,50.10757794261214,down,down,down,down,-0.000809594708051,-0.0058611474614735,0.0,-3.3464743867323016e-06,17.922
13.640999999999998,-0.0355192295584708,0.07135258378166659,7.891153703095725,50.233831179067465,down,down,down,down,-0.000809594708051,-0.0058611474614735,0.0,-3.3464743867323016e-06,17.938
13.655999999999999,-0.0366456635641637,0.0742860056714728,7.891782857006067,50.35220320326823,down,down,down,down,-0.000809594708051,-0.0058611474614735,0.0,-3.3464743867323016e-06,17.953
13.672,-0.0360112483185571,0.0404605475584584,7.892457890660513,50.478477129249576,down,down,down,down,-0.000809594708051,-0.0058611474614735,0.0,-3.3464743867323016e-06,17.969
13.687999999999999,-0.035392306615525795,0.039493451147513896,7.893122897459369,50.60476177555452,down,down,down,down,-0.000809594708051,-0.0058611474614735,0.0,-3.3464743867323016e-06,17.985
13.703,-0.0348432154035852,0.0374156755040881,7.893737581086435,50.72316322914362,down,down,down,down,-0.000809594708051,-0.0058611474614735,0.0,-3.3464743867323016e-06,18.0
13.718999999999998,-0.033477360783178894,0.086175508483453,7.894377924055313,50.849468153184745,down,down,down,down,-0.000809594708051,-0.0058611474614735,0.0,-3.3464743867323016e-06,18.016
13.733999999999998,-0.0321448196900996,0.08964566758000371,7.894958007620785,50.96788817267232,down,down,down,down,-0.000809594708051,-0.0058611474614735,0.0,-3.3464743867323016e-06,18.031
13.75,-0.0313853996525691,0.0482733470537012,7.89556002773491,51.09421231695518,down,down,down,down,-0.000809594708051,-0.0058611474614735,0.0,-3.3464743867323016e-06,18.047
13.765999999999998,-0.0306445020549795,0.047115694557403,7.896150045307954,51.22054599753951,down,down,down,down,-0.000809594708051,-0.0058611474614735,0.0,-3.3464743867323016e-06,18.063
13.780999999999999,-0.029835514299089,0.0547421117674193,7.896691562642532,51.33899230959914,down,down,down,down,-0.000809594708051,-0.0058611474614735,0.0,-3.3464743867323016e-06,18.078
13.797,-0.0284438336465325,0.08778963549282,7.89725157578548,51.46534385470658,down,down,down,down,-0.000809594708051,-0.0058611474614735,0.0,-3.3464743867323016e-06,18.094
13.812999999999999,-0.0271648424975215,0.0807465415212458,7.897790223554017,51.591704189101286,down,down,down,down,-0.000809594708051,-0.0058611474614735,0.0,-3.3464743867323016e-06,18.11
13.828,-0.025380430731909,0.1197703790822134,7.898272230315159,51.710174657505306,down,down,down,down,-0.000809594708051,-0.0058611474614735,0.0,-3.3464743867323016e-06,18.125
13.843999999999998,-0.023928890556693002,0.0915308556590598,7.8987604832448515,51.83655091921377,down,down,down,down,-0.000809594708051,-0.0058611474614735,0.0,-3.3464743867323016e-06,18.141
13.858999999999998,-0.0225162634960921,0.0949847320814453,7.89919673911217,51.95503559838146,down,down,down,down,-0.000809594708051,-0.0058611474614735,0.0,-3.3464743867323016e-06,18.156
13.875,-0.020658471441958502,0.1169215980913887,7.899635915351058,52.08142625961717,down,down,down,down,-0.000809594708051,-0.0058611474614735,0.0,-3.3464743867323016e-06,18.172
13.890999999999998,-0.0201536054142722,0.032363721438447596,7.900056190325292,52.20782379646256,down,down,down,down,-0.000809594708051,-0.0058611474614735,0.0,-3.3464743867323016e-06,18.188
13.905999999999999,-0.0216448863228891,0.0986091325330747,7.900457596225243,52.326327649861696,down,down,down,down,-0.000809594708051,-0.0058611474614735,0.0,-3.3464743867323016e-06,18.203
13.922,-0.023156029823876902,0.0936368741036758,7.900909781913801,52.452738588886824,down,down,down,down,-0.000809594708051,-0.0058611474614735,0.0,-3.3464743867323016e-06,18.219
13.937999999999999,-0.0238420183184154,0.0420646862006094,7.901379544658322,52.57915690349939,down,down,down,down,-0.000809594708051,-0.0058611474614735,0.0,-3.3464743867323016e-06,18.235
13.953,-0.023221725474341502,0.042162450979645695,7.90182043994869,52.69768090338395,down,down,down,down,-0.000809594708051,-0.0058611474614735,0.0,-3.3464743867323016e-06,18.25
13.968999999999998,-0.0226013252135644,0.0395846110066197,7.902280802713577,52.82411371332523,down,down,down,down,-0.000809594708051,-0.0058611474614735,0.0,-3.3464743867323016e-06,18.266
13.983999999999998,-0.021336694175305503,0.0851183305919752,7.9026982550709155,52.94265105625862,down,down,down,down,-0.000809594708051,-0.0058611474614735,0.0,-3.3464743867323016e-06,18.281
14.0,-0.0200059795554318,0.0839792584501525,7.903122774820145,53.069097624497765,down,down,down,down,-0.000809594708051,-0.0058611474614735,0.0,-3.3464743867323016e-06,18.297
14.015999999999998,-0.018630983766328803,0.0867468315269941,7.903525648886102,53.1955508118874,down,down,down,down,-0.000809594708051,-0.0058611474614735,0.0,-3.3464743867323016e-06,18.313
14.030999999999999,-0.01825084909167,0.0261519063519703,7.90389017984446,53.314106430602884,down,down,down,down,-0.000809594708051,-0.0058611474614735,0.0,-3.3464743867323016e-06,18.328
14.047,-0.0182953806694038,0.0,7.904276328041932,53.44057176266599,down,down,down,down,-0.000809594708051,-0.0058611474614735,0.0,-3.3464743867323016e-06,18.344
14.062999999999999,-0.0177105548640118,0.0373612075450541,7.904658153885583,53.56704323852139,down,down,down,down,-0.000809594708051,-0.0058611474614735,0.0,-3.3464743867323016e-06,18.36
14.078,-0.017220485415650803,0.033480891265445796,7.905008053899603,53.685615735079786,down,down,down,down,-0.000809594708051,-0.0058611474614735,0.0,-3.3464743867323016e-06,18.375
14.093999999999998,-0.015761296248406702,0.0920089176608229,7.905365686512298,53.81209872500307,down,down,down,down,-0.000809594708051,-0.0058611474614735,0.0,-3.3464743867323016e-06,18.391
14.108999999999998,-0.014265382877534101,0.1005371527662148,7.905678803817665,53.93068155868055,down,down,down,down,-0.000809594708051,-0.0058611474614735,0.0,-3.3464743867323016e-06,18.406
14.125,-0.012849272295517002,0.08931650608411501,7.905989499418433,54.05717490510645,down,down,down,down,-0.000809594708051,-0.0058611474614735,0.0,-3.3464743867323016e-06,18.422
14.140999999999998,-0.015310027168014901,0.1529875848230892,7.906308552173525,54.18367328951917,down,down,down,down,-0.000809594708051,-0.0058611474614735,0.0,-3.3464743867323016e-06,18.438
14.155999999999999,-0.0144240056826366,0.0598776937332692,7.906619474631827,54.302270249720216,down,down,down,down,-0.000809594708051,-0.0058611474614735,0.0,-3.3464743867323016e-06,18.453
14.172,-0.013597415238056302,0.052471497494316,7.906937424358577,54.428778704912155,down,down,down,down,-0.000809594708051,-0.0058611474614735,0.0,-3.3464743867323016e-06,18.469
14.187999999999999,-0.012396703139034002,0.07585410089695191,7.9072391556649775,54.55529211755233,down,down,down,down,-0.000809594708051,-0.0058611474614735,0.0,-3.3464743867323016e-06,18.485
14.203,-0.011225276700964001,0.0789046905793813,7.9075042377257,54.67390269300276,down,down,down,down,-0.000809594708051,-0.0058611474614735,0.0,-3.3464743867323016e-06,18.5
14.218999999999998,-0.0103201481976356,0.057380126166079494,7.907770379484273,54.80042488994042,down,down,down,down,-0.000809594708051,-0.0058611474614735,0.0,-3.3464743867323016e-06,18.516
14.233999999999998,0.0,0.0616679752349815,7.90800625235135,54.91904321467919,down,down,down,down,-0.000809594708051,-0.0058611474614735,0.0,-3.3464743867323016e-06,18.531
14.25,0.0,0.0101305283564101,7.908249353991062,55.045573259529945,down,down,down,down,-0.000809594708051,-0.0058611474614735,0.0,-3.3464743867323016e-06,18.547
14.265999999999998,0.0,0.016353034853479498,7.908489272990929,55.172107168545786,down,down,down,down,-0.000809594708051,-0.0058611474614735,0.0,-3.3464743867323016e-06,18.563
14.280999999999999,0.0,0.0169848820138922,7.908710512120664,55.290736166934124,down,down,down,down,-0.000809594708051,-0.0058611474614735,0.0,-3.3464743867323016e-06,18.578
14.297,0.0,0.0370057484118072,7.908939926383565,55.41727737044217,down,down,down,down,-0.000809594708051,-0.0058611474614735,0.0,-3.3464743867323016e-06,18.594
14.312999999999999,0.0,0.036122915394679996,7.909160187433743,55.543822171352694,down,down,down,down,-0.000809594708051,-0.0058611474614735,0.0,-3.3464743867323016e-06,18.61
14.328,0.0,0.1043966081040511,7.909350791030796,55.662461003691185,down,down,down,down,-0.000809594708051,-0.0058611474614735,0.0,-3.3464743867323016e-06,18.625
14.343999999999998,0.0,0.0443567572333598,7.909547452385761,55.789012189638505,down,down,down,down,-0.000809594708051,-0.0058611474614735,0.0,-3.3464743867323016e-06,18.641
14.358999999999998,0.0,0.0461927878001201,7.909742530136305,55.90765686450742,down,down,down,down,-0.000809594708051,-0.0058611474614735,0.0,-3.3464743867323016e-06,18.656
14.375,0.0,0.0296441286501381,7.90996015143271,56.03421448595999,down,down,down,down,-0.000809594708051,-0.0058611474614735,0.0,-3.3464743867323016e-06,18.672
14.390999999999998,0.0,0.0289013549097416,7.910185473807255,56.160775650961895,down,down,down,down,-0.000809594708051,-0.0058611474614735,0.0,-3.3464743867323016e-06,18.688
14.405999999999999,0.0,0.0461698967437955,7.910395175813367,56.27943000583405,down,down,down,down,-0.000809594708051,-0.0058611474614735,0.0,-3.3464743867323016e-06,18.703
14.422,0.0,0.0422976758382939,7.91060810424259,56.405998032074514,down,down,down,down,-0.000809594708051,-0.0058611474614735,0.0,-3.3464743867323016e-06,18.719
14.437999999999999,0.0,0.09566090980262991,7.910803581229096,56.53256932555827,down,down,down,down,-0.000809594708051,-0.0058611474614735,0.0,-3.3464743867323016e-06,18.735
14.453,0.0,0.09951665431863191,7.910964354201929,56.651232585074005,down,down,down,down,-0.000809594708051,-0.0058611474614735,0.0,-3.3464743867323016e-06,18.75
14.468999999999998,0.0,0.1653606712283165,7.911102937988002,56.77780912341151,down,down,down,down,-0.000809594708051,-0.0058611474614735,0.0,-3.3464743867323016e-06,18.766
14.483999999999998,0.0,0.0,7.911213353983205,56.8964764956013,down,down,down,down,-0.000809594708051,-0.0058611474614735,0.0,-3.3464743867323016e-06,18.781
14.5,0.0,0.0,7.911331141156904,57.02305685156244,down,down,down,down,-0.000809594708051,-0.0058611474614735,0.0,-3.3464743867323016e-06,18.797
14.515999999999998,0.0,0.059503874948025906,7.911456402753602,57.14963915191371,down,down,down,down,-0.000809594708051,-0.0058611474614735,0.0,-3.3464743867323016e-06,18.813
14.530999999999999,0.0,0.1177654818194126,7.911594412812974,57.26831203303046,down,down,down,down,-0.000809594708051,-0.0058611474614735,0.0,-3.3464743867323016e-06,18.828
14.547,0.0,0.0149166470868583,7.91175404684945,57.39489882070777,down,down,down,down,-0.000809594708051,-0.0058611474614735,0.0,-3.3464743867323016e-06,18.844
14.562999999999999,0.0,0.0127235476642407,7.911910350197242,57.521488135884134,down,down,down,down,-0.000809594708051,-0.0058611474614735,0.0,-3.3464743867323016e-06,18.86
14.578,0.0,0.0,7.912055977606859,57.64016788334267,down,down,down,down,-0.000809594708051,-0.0058611474614735,0.0,-3.3464743867323016e-06,18.875
14.593999999999998,0.0,0.0711683912416685,7.912221084234428,57.766762099837386,down,down,down,down,-0.000809594708051,-0.0058611474614735,0.0,-3.3464743867323016e-06,18.891
14.608999999999998,0.0,0.0687669676504477,7.912392336419353,57.885446700492295,down,down,down,down,-0.000809594708051,-0.0058611474614735,0.0,-3.3464743867323016e-06,18.906
14.625,0.0,0.012331642152084401,7.912581879782017,58.01204649422192,down,down,down,down,-0.000809594708051,-0.0058611474614735,0.0,-3.3464743867323016e-06,18.922
14.640999999999998,0.0,0.0271896914398915,7.912773532231236,58.13864933751801,down,down,down,down,-0.000809594708051,-0.0058611474614735,0.0,-3.3464743867323016e-06,18.938
14.655999999999999,0.0,0.0250156295527853,7.912959471654445,58.257342335047156,down,down,down,down,-0.000809594708051,-0.0058611474614735,0.0,-3.3464743867323016e-06,18.953
14.672,0.0,0.1544232643398806,7.9131412435164,58.383951140768545,down,down,down,down,-0.000809594708051,-0.0058611474614735,0.0,-3.3464743867323016e-06,18.969
14.687999999999999,0.0,0.05887954318129569,7.913295919875238,58.510562638075655,down,down,down,down,-0.000809594708051,-0.0058611474614735,0.0,-3.3464743867323016e-06,18.985
14.703,0.0,0.0134756897565807,7.913432535632138,58.629263101491965,down,down,down,down,-0.000809594708051,-0.0058611474614735,0.0,-3.3464743867323016e-06,19.0
14.718999999999998,0.0,0.0123107186659211,7.913575267030892,58.75587916391326,down,down,down,down,-0.000809594708051,-0.0058611474614735,0.0,-3.3464743867323016e-06,19.016
14.733999999999998,0.0,0.0,7.913707809739202,58.874583786989035,down,down,down,down,-0.000809594708051,-0.0058611474614735,0.0,-3.3464743867323016e-06,19.031
14.75,0.0,0.0212633731405652,7.913852133601927,59.00120426653578,down,down,down,down,-0.000809594708051,-0.0058611474614735,0.0,-3.3464743867323016e-06,19.047
