timestamps,aAcc,aJerk,aVelocity,aHeight,jerks_direction,accelerations_direction,velocities_direction,heights_direction,start_jerks,start_accelerations,start_velocities,start_heights,actual_timestamps
0.0,0.0,0.0,0.0,0.0,down,up,up,down,0.0099413135145043,0.0015659262842877,-7.910802925708111,-103.48952876674964,24.672
0.015999999999998238,0.0,0.0,0.0,0.12657263644111083,down,up,up,down,0.0099413135145043,0.0015659262842877,-7.910802925708111,-103.48952876674964,24.688
0.030999999999998806,0.0,0.0754604489396645,0.0,0.24523414753981854,down,up,up,down,0.0099413135145043,0.0015659262842877,-7.910802925708111,-103.48952876674964,24.703
0.0470000000000006,0.0,0.0698673520130787,0.0,0.37180624533858975,down,up,up,down,0.0099413135145043,0.0015659262842877,-7.910802925708111,-103.48952876674964,24.719
0.06299999999999883,0.0,0.0717689923045495,0.0,0.49837840153155355,down,up,up,down,0.0099413135145043,0.0015659262842877,-7.910802925708111,-103.48952876674964,24.735
0.0779999999999994,0.0,0.1323402294171214,0.0,0.6170401231462819,down,up,up,down,0.0099413135145043,0.0015659262842877,-7.910802925708111,-103.48952876674964,24.75
0.09399999999999764,0.0,0.08697251209090001,0.0,0.7436131721423322,down,up,up,down,0.0099413135145043,0.0015659262842877,-7.910802925708111,-103.48952876674964,24.766
0.10899999999999821,0.0,0.09178532371312001,0.0,0.8622757603926203,down,up,up,down,0.0099413135145043,0.0015659262842877,-7.910802925708111,-103.48952876674964,24.781
0.125,0.0,0.0315962451645743,0.0,0.9888492939502527,down,up,up,down,0.0099413135145043,0.0015659262842877,-7.910802925708111,-103.48952876674964,24.797
0.14099999999999824,0.0,0.15594335916537072,0.0,1.1154230356535635,down,up,up,down,0.0099413135145043,0.0015659262842877,-7.910802925708111,-103.48952876674964,24.813
0.1559999999999988,0.0,0.07203994606447289,0.0,1.2340864472575106,down,up,up,down,0.0099413135145043,0.0015659262842877,-7.910802925708111,-103.48952876674964,24.828
0.1720000000000006,0.0,0.06982829140133359,0.0,1.3606616470357409,down,up,up,down,0.0099413135145043,0.0015659262842877,-7.910802925708111,-103.48952876674964,24.844
0.18799999999999883,0.0,0.062342408824976,0.0,1.4872378740655563,down,up,up,down,0.0099413135145043,0.0015659262842877,-7.910802925708111,-103.48952876674964,24.86
0.2029999999999994,0.0,0.1592509140796973,0.0,1.6059040692548336,down,up,up,down,0.0099413135145043,0.0015659262842877,-7.910802925708111,-103.48952876674964,24.875
0.21899999999999764,0.0,0.1471837864494147,0.0,1.7324827451543001,down,up,up,down,0.0099413135145043,0.0015659262842877,-7.910802925708111,-103.48952876674964,24.891
0.2339999999999982,0.0,0.030409918710927,0.0,1.8511519062465993,down,up,up,down,0.0099413135145043,0.0015659262842877,-7.910802925708111,-103.48952876674964,24.906
0.25,0.0,0.0211606363370563,0.0,1.9777341385575795,down,up,up,down,0.0099413135145043,0.0015659262842877,-7.910802925708111,-103.48952876674964,24.922
0.26599999999999824,0.0,0.0188425106039157,0.0,2.104318092914312,down,up,up,down,0.0099413135145043,0.0015659262842877,-7.910802925708111,-103.48952876674964,24.938
0.2809999999999988,0.0,0.0863860155823474,0.0,2.2229920969921153,down,up,up,down,0.0099413135145043,0.0015659262842877,-7.910802925708111,-103.48952876674964,24.953
0.2970000000000006,0.0,0.0690527424107501,0.0,2.349579387744015,down,up,up,down,0.0099413135145043,0.0015659262842877,-7.910802925708111,-103.48952876674964,24.969
0.31299999999999883,0.0,0.0980138766325652,0.0,2.476168220601153,down,up,up,down,0.0099413135145043,0.0015659262842877,-7.910802925708111,-103.48952876674964,24.985
0.3279999999999994,0.0,0.0968618046892678,0.0,2.594846290811958,down,up,up,down,0.0099413135145043,0.0015659262842877,-7.910802925708111,-103.48952876674964,25.0
0.34399999999999764,0.0,0.07348070277957719,0.0,2.7214370905274166,down,up,up,down,0.0099413135145043,0.0015659262842877,-7.910802925708111,-103.48952876674964,25.016
0.3589999999999982,0.0,0.09874433783469669,0.0,2.8401167023353793,down,up,up,down,0.0099413135145043,0.0015659262842877,-7.910802925708111,-103.48952876674964,25.031
0.375,0.0,0.0896321175421943,0.0,2.966708828901602,down,up,up,down,0.0099413135145043,0.0015659262842877,-7.910802925708111,-103.48952876674964,25.047
0.39099999999999824,0.0,0.050931931313899,0.0,3.0933011496014586,down,up,up,down,0.0099413135145043,0.0015659262842877,-7.910802925708111,-103.48952876674964,25.063
0.4059999999999988,0.0,0.1387785131020312,0.0,3.211981531275498,down,up,up,down,0.0099413135145043,0.0015659262842877,-7.910802925708111,-103.48952876674964,25.078
0.4220000000000006,0.0,0.12760805306820341,0.0,3.3385743303375364,down,up,up,down,0.0099413135145043,0.0015659262842877,-7.910802925708111,-103.48952876674964,25.094
0.43799999999999883,0.0,0.12400846261185791,0.0,3.4651680075792797,down,up,up,down,0.0099413135145043,0.0015659262842877,-7.910802925708111,-103.48952876674964,25.11
0.4529999999999994,0.0,0.1012896705397176,0.0,3.5838506018807976,down,up,up,down,0.0099413135145043,0.0015659262842877,-7.910802925708111,-103.48952876674964,25.125
0.46899999999999764,0.0,0.08949947452686269,0.0,3.7104464438577622,down,up,up,down,0.0099413135145043,0.0015659262842877,-7.910802925708111,-103.48952876674964,25.141
0.4839999999999982,0.0,0.0927335461126956,0.0,3.8291311724726,down,up,up,down,0.0099413135145043,0.0015659262842877,-7.910802925708111,-103.48952876674964,25.156
0.5,0.0,0.0265562195370631,0.0,3.9557296756495504,down,up,up,down,0.0099413135145043,0.0015659262842877,-7.910802925708111,-103.48952876674964,25.172
0.5159999999999982,0.0,0.1494672759285907,0.0,4.082329632383278,down,up,up,down,0.0099413135145043,0.0015659262842877,-7.910802925708111,-103.48952876674964,25.188
0.5309999999999988,0.0,0.1524337888602757,0.0,4.201017998676122,down,up,up,down,0.0099413135145043,0.0015659262842877,-7.910802925708111,-103.48952876674964,25.203
0.5470000000000006,0.0,0.0147851727442233,0.0,4.327619389719231,down,up,up,down,0.0099413135145043,0.0015659262842877,-7.910802925708111,-103.48952876674964,25.219
0.5629999999999988,0.0,0.0382239579619423,0.0,4.454221012828157,down,up,up,down,0.0099413135145043,0.0015659262842877,-7.910802925708111,-103.48952876674964,25.235
0.5779999999999994,0.0,0.0383731430208119,0.0,4.5729100933523625,down,up,up,down,0.0099413135145043,0.0015659262842877,-7.910802925708111,-103.48952876674964,25.25
0.5939999999999976,0.0,0.0342487381945815,0.0,4.699511654692671,down,up,up,down,0.0099413135145043,0.0015659262842877,-7.910802925708111,-103.48952876674964,25.266
0.6089999999999982,0.0,0.0363727287352745,0.0,4.818200342296777,down,up,up,down,0.0099413135145043,0.0015659262842877,-7.910802925708111,-103.48952876674964,25.281
0.625,0.0,0.0324190909821684,0.0,4.944801136961203,down,up,up,down,0.0099413135145043,0.0015659262842877,-7.910802925708111,-103.48952876674964,25.297
0.6409999999999982,0.0,0.181492009057167,0.0,5.0714014915686505,down,up,up,down,0.0099413135145043,0.0015659262842877,-7.910802925708111,-103.48952876674964,25.313
0.6559999999999988,0.0,0.1884656145669789,0.0,5.1900893495245555,down,up,up,down,0.0099413135145043,0.0015659262842877,-7.910802925708111,-103.48952876674964,25.328
0.6720000000000006,0.0,0.0454640232746499,0.0,5.316690220255893,down,up,up,down,0.0099413135145043,0.0015659262842877,-7.910802925708111,-103.48952876674964,25.344
0.6879999999999988,0.0,0.0441126735968371,0.0,5.44329159453379,down,up,up,down,0.0099413135145043,0.0015659262842877,-7.910802925708111,-103.48952876674964,25.36
0.7029999999999994,0.0,0.0887341472955952,0.0,5.56198075627762,down,up,up,down,0.0099413135145043,0.0015659262842877,-7.910802925708111,-103.48952876674964,25.375
0.7189999999999976,0.0,0.08200792977775659,0.0,5.688583096780363,down,up,up,down,0.0099413135145043,0.0015659262842877,-7.910802925708111,-103.48952876674964,25.391
0.7339999999999982,0.0,0.06321002508837659,0.0,5.807273457959141,down,up,up,down,0.0099413135145043,0.0015659262842877,-7.910802925708111,-103.48952876674964,25.406
0.75,0.0,0.056495637634095604,0.0,5.933877086618651,down,up,up,down,0.0099413135145043,0.0015659262842877,-7.910802925708111,-103.48952876674964,25.422
0.7659999999999982,0.0,0.0728110488129699,0.0,6.0604810240512705,down,up,up,down,0.0099413135145043,0.0015659262842877,-7.910802925708111,-103.48952876674964,25.438
0.7809999999999988,0.0,0.019227660964803002,0.0,6.179172290435318,down,up,up,down,0.0099413135145043,0.0015659262842877,-7.910802925708111,-103.48952876674964,25.453
0.7970000000000006,0.0,0.07780551288926421,0.0,6.30577623119386,down,up,up,down,0.0099413135145043,0.0015659262842877,-7.910802925708111,-103.48952876674964,25.469
0.8129999999999988,0.0,0.11453339104407309,0.0,6.432379797118074,down,up,up,down,0.0099413135145043,0.0015659262842877,-7.910802925708111,-103.48952876674964,25.485
0.8279999999999994,0.0,0.1195933383838017,0.0,6.55106988105824,down,up,up,down,0.0099413135145043,0.0015659262842877,-7.910802925708111,-103.48952876674964,25.5
0.8439999999999976,0.0,0.1342980949087372,0.0,6.677671578712335,down,up,up,down,0.0099413135145043,0.0015659262842877,-7.910802925708111,-103.48952876674964,25.516
0.8589999999999982,0.0,0.1427263291144965,0.0,6.796359904458399,down,up,up,down,0.0099413135145043,0.0015659262842877,-7.910802925708111,-103.48952876674964,25.531
0.875,0.0,0.0,0.0,6.922960343230272,down,up,up,down,0.0099413135145043,0.0015659262842877,-7.910802925708111,-103.48952876674964,25.547
0.8909999999999982,0.0,0.010616034403335698,0.0,7.049560413362357,down,up,up,down,0.0099413135145043,0.0015659262842877,-7.910802925708111,-103.48952876674964,25.563
0.9059999999999988,0.0,0.011090530140826598,0.0,7.168247582176036,down,up,up,down,0.0099413135145043,0.0015659262842877,-7.910802925708111,-103.48952876674964,25.578
0.9220000000000006,0.0,0.0,0.0,7.294846733131521,down,up,up,down,0.0099413135145043,0.0015659262842877,-7.910802925708111,-103.48952876674964,25.594
0.9379999999999988,0.0,0.0,0.0,7.421445314373514,down,up,up,down,0.0099413135145043,0.0015659262842877,-7.910802925708111,-103.48952876674964,25.61
0.9529999999999994,0.0,0.0,0.0,7.540130921554763,down,up,up,down,0.0099413135145043,0.0015659262842877,-7.910802925708111,-103.48952876674964,25.625
0.9689999999999976,0.0,0.0,0.0,7.666728267181014,down,up,up,down,0.0099413135145043,0.0015659262842877,-7.910802925708111,-103.48952876674964,25.641
0.9839999999999982,0.0,0.0572444141915011,0.0,7.785412706607872,down,up,up,down,0.0099413135145043,0.0015659262842877,-7.910802925708111,-103.48952876674964,25.656
1.0,0.0,0.0900560802856619,0.0,7.9120089983016015,down,up,up,down,0.0099413135145043,0.0015659262842877,-7.910802925708111,-103.48952876674964,25.672
1.0159999999999982,0.0,0.0921575171466483,0.0,8.038605121551711,down,up,up,down,0.0099413135145043,0.0015659262842877,-7.910802925708111,-103.48952876674964,25.688
1.0309999999999988,0.0,0.0332194992774794,0.0,8.157289078721163,down,up,up,down,0.0099413135145043,0.0015659262842877,-7.910802925708111,-103.48952876674964,25.703
1.0470000000000006,0.0,0.10430146568395299,0.0,8.283885622940758,down,up,up,down,0.0099413135145043,0.0015659262842877,-7.910802925708111,-103.48952876674964,25.719
1.0629999999999988,0.0,0.09517752926347639,0.0,8.410482799866998,down,up,up,down,0.0099413135145043,0.0015659262842877,-7.910802925708111,-103.48952876674964,25.735
1.0779999999999994,0.0,0.1139617577525365,0.0,8.529168559366,down,up,up,down,0.0099413135145043,0.0015659262842877,-7.910802925708111,-103.48952876674964,25.75
1.0939999999999976,0.0,0.015732366340563398,0.0,8.65576793008222,down,up,up,down,0.0099413135145043,0.0015659262842877,-7.910802925708111,-103.48952876674964,25.766
1.1089999999999982,0.0,0.12687947423739168,0.0,8.774455916788256,down,up,up,down,0.0099413135145043,0.0015659262842877,-7.910802925708111,-103.48952876674964,25.781
1.125,0.0,0.1060570521770213,0.0,8.901057176610138,down,up,up,down,0.0099413135145043,0.0015659262842877,-7.910802925708111,-103.48952876674964,25.797
1.1409999999999982,0.0,0.08128380949236069,0.0,9.0276587467349,down,up,up,down,0.0099413135145043,0.0015659262842877,-7.910802925708111,-103.48952876674964,25.813
1.1559999999999988,0.0,0.0849921478259475,0.0,9.146347645624374,down,up,up,down,0.0099413135145043,0.0015659262842877,-7.910802925708111,-103.48952876674964,25.828
1.1720000000000006,0.0,0.0,0.0,9.272948780917034,down,up,up,down,0.0099413135145043,0.0015659262842877,-7.910802925708111,-103.48952876674964,25.844
1.1879999999999988,0.0,0.0,0.0,9.399549450246681,down,up,up,down,0.0099413135145043,0.0015659262842877,-7.910802925708111,-103.48952876674964,25.86
1.2029999999999994,0.0,0.020093721172885298,0.0,9.518237154652354,down,up,up,down,0.0099413135145043,0.0015659262842877,-7.910802925708111,-103.48952876674964,25.875
1.2189999999999976,0.0,0.0148450612711397,0.0,9.644836942786796,down,up,up,down,0.0099413135145043,0.0015659262842877,-7.910802925708111,-103.48952876674964,25.891
1.2339999999999982,0.0,0.061636881704415704,0.0,9.763523902144158,down,up,up,down,0.0099413135145043,0.0015659262842877,-7.910802925708111,-103.48952876674964,25.906
1.25,0.0,0.0968307413033889,0.0,9.890122955581077,down,up,up,down,0.0099413135145043,0.0015659262842877,-7.910802925708111,-103.48952876674964,25.922
1.2659999999999982,0.0,0.0942265448443795,0.0,10.016721353425595,down,up,up,down,0.0099413135145043,0.0015659262842877,-7.910802925708111,-103.48952876674964,25.938
1.2809999999999988,0.0,0.1439041376692882,0.0,10.135406336261482,down,up,up,down,0.0099413135145043,0.0015659262842877,-7.910802925708111,-103.48952876674964,25.953
1.2970000000000006,0.0,0.13077098939749598,0.0,10.2620020223263,down,up,up,down,0.0099413135145043,0.0015659262842877,-7.910802925708111,-103.48952876674964,25.969
1.3129999999999988,0.0108921621723059,0.218871155074822,0.0,10.388595366121763,down,up,up,down,0.0099413135145043,0.0015659262842877,-7.910802925708111,-103.48952876674964,25.985
1.3279999999999994,0.0144638689990657,0.2281724749361386,0.0,10.507273748175876,down,up,up,down,0.0099413135145043,0.0015659262842877,-7.910802925708111,-103.48952876674964,26.0
1.3439999999999976,0.0169801115932877,0.14732384862438838,0.0,10.633860100240597,down,up,up,down,0.0099413135145043,0.0015659262842877,-7.910802925708111,-103.48952876674964,26.016
1.3589999999999982,0.0194349824169198,0.15371674139429278,0.0,10.752530506235559,down,up,up,down,0.0099413135145043,0.0015659262842877,-7.910802925708111,-103.48952876674964,26.031
1.375,0.021379880627336,0.1116148246364953,0.0,10.879107087223602,down,up,up,down,0.0099413135145043,0.0015659262842877,-7.910802925708111,-103.48952876674964,26.047
1.3909999999999982,0.0233286909510468,0.11185933171743781,0.0,11.00567779383465,down,up,up,down,0.0099413135145043,0.0015659262842877,-7.910802925708111,-103.48952876674964,26.063
1.4059999999999988,0.028601577728038,0.3415844716182233,0.0,11.124331863612753,down,up,up,down,0.0099413135145043,0.0015659262842877,-7.910802925708111,-103.48952876674964,26.078
1.4220000000000006,0.0318800165350037,0.19496111192083318,0.0,11.25088882972156,down,up,up,down,0.0099413135145043,0.0015659262842877,-7.910802925708111,-103.48952876674964,26.094
1.4379999999999988,0.0350784934198494,0.1899634917883706,0.0,11.377437238786513,down,up,up,down,0.0099413135145043,0.0015659262842877,-7.910802925708111,-103.48952876674964,26.11
1.4529999999999994,0.0382430099855782,0.20102645753407458,0.0,11.496067866361912,down,up,up,down,0.0099413135145043,0.0015659262842877,-7.910802925708111,-103.48952876674964,26.125
1.4689999999999976,0.0436832002115732,0.3300705756102249,0.0,11.622597171524959,down,up,up,down,0.0099413135145043,0.0015659262842877,-7.910802925708111,-103.48952876674964,26.141
1.4839999999999982,0.0492941046758393,0.36411898410321764,0.0,11.741207885491434,down,up,up,down,0.0099413135145043,0.0015659262842877,-7.910802925708111,-103.48952876674964,26.156
1.5,0.0547232543340162,0.329380540121512,0.0,11.867713356290054,down,up,up,down,0.0099413135145043,0.0015659262842877,-7.910802925708111,-103.48952876674964,26.172
1.5159999999999982,0.059737818220297,0.3034689293780836,0.0,11.994204443591883,down,up,up,down,0.0099413135145043,0.0015659262842877,-7.910802925708111,-103.48952876674964,26.188
1.5309999999999988,0.0649256385265442,0.33591337356862955,0.0,12.11277559387571,down,up,up,down,0.0099413135145043,0.0015659262842877,-7.910802925708111,-103.48952876674964,26.203
1.5470000000000006,0.0699987290503721,0.3071268442247022,0.0,12.23923498419515,down,up,up,down,0.0099413135145043,0.0015659262842877,-7.910802925708111,-103.48952876674964,26.219
1.5629999999999988,0.0785958745070055,0.5273802775251405,0.0,12.365675828423292,down,up,up,down,0.0099413135145043,0.0015659262842877,-7.910802925708111,-103.48952876674964,26.235
1.5779999999999994,0.0847201905249904,0.3983464210178076,0.01010542665522074,12.48419565360446,down,up,up,down,0.0099413135145043,0.0015659262842877,-7.910802925708111,-103.48952876674964,26.25
1.5939999999999976,0.0916282988744488,0.4218154583266952,0.01154126939096578,12.610595326847402,down,up,up,down,0.0099413135145043,0.0015659262842877,-7.910802925708111,-103.48952876674964,26.266
1.6089999999999982,0.0983600473890771,0.4388419207940335,0.012989670882205928,12.729073388680973,down,up,up,down,0.0099413135145043,0.0015659262842877,-7.910802925708111,-103.48952876674964,26.281
1.625,0.1088341482539264,0.6446899905384995,0.014672279267898602,12.855424939891122,down,up,up,down,0.0099413135145043,0.0015659262842877,-7.910802925708111,-103.48952876674964,26.297
1.6409999999999982,0.1172079657990128,0.5134222830534584,0.016505671000870414,12.981748363100294,down,up,up,down,0.0099413135145043,0.0015659262842877,-7.910802925708111,-103.48952876674964,26.313
1.6559999999999988,0.1254101803258827,0.5368729882767994,0.018348795991071754,13.100148998483476,down,up,up,down,0.0099413135145043,0.0015659262842877,-7.910802925708111,-103.48952876674964,26.328
1.6720000000000006,0.1321770537486078,0.4129882754057661,0.020434548684216125,13.226411578537437,down,up,up,down,0.0099413135145043,0.0015659262842877,-7.910802925708111,-103.48952876674964,26.344
1.6879999999999988,0.1403126139008713,0.4985311960020183,0.022639520845959993,13.352639832792477,down,up,up,down,0.0099413135145043,0.0015659262842877,-7.910802925708111,-103.48952876674964,26.36
1.7029999999999994,0.148259639121175,0.5198603678390603,0.02482730163789082,13.470945875509472,down,up,up,down,0.0099413135145043,0.0015659262842877,-7.910802925708111,-103.48952876674964,26.375
1.7189999999999976,0.1542404764409682,0.3638610189726089,0.027272357382935652,13.597101925048634,down,up,up,down,0.0099413135145043,0.0015659262842877,-7.910802925708111,-103.48952876674964,26.391
1.7339999999999982,0.1614992100281985,0.4739742589674961,0.029663893925718554,13.715336947049451,down,up,up,down,0.0099413135145043,0.0015659262842877,-7.910802925708111,-103.48952876674964,26.406
1.75,0.1732806359288812,0.726397805278086,0.0323671875139242,13.841413545209278,down,up,up,down,0.0099413135145043,0.0015659262842877,-7.910802925708111,-103.48952876674964,26.422
1.7659999999999982,0.184779602205861,0.7087440787968106,0.03525672423955051,13.967445400726561,down,up,up,down,0.0099413135145043,0.0015659262842877,-7.910802925708111,-103.48952876674964,26.438
1.7809999999999988,0.1944819446415238,0.6368815155296588,0.03812467473517067,14.08555708411987,down,up,up,down,0.0099413135145043,0.0015659262842877,-7.910802925708111,-103.48952876674964,26.453
1.7970000000000006,0.2029339826014258,0.5183110589793125,0.04132905697366329,14.211494301077536,down,up,up,down,0.0099413135145043,0.0015659262842877,-7.910802925708111,-103.48952876674964,26.469
1.8129999999999988,0.2110845048274861,0.499466325614319,0.044666259693643795,14.337379185355516,down,up,up,down,0.0099413135145043,0.0015659262842877,-7.910802925708111,-103.48952876674964,26.485
1.8279999999999994,0.2218863501479955,0.7101817078527637,0.04793703000022376,14.455346704568441,down,up,up,down,0.0099413135145043,0.0015659262842877,-7.910802925708111,-103.48952876674964,26.5
1.8439999999999976,0.2288175014377387,0.42325564209449323,0.051567715633457745,14.581123513414681,down,up,up,down,0.0099413135145043,0.0015659262842877,-7.910802925708111,-103.48952876674964,26.516
1.8589999999999982,0.2355796002569992,0.44086527443617773,0.05507418279043286,14.69898574306211,down,up,up,down,0.0099413135145043,0.0015659262842877,-7.910802925708111,-103.48952876674964,26.531
1.875,0.242714749391876,0.4360055074152448,0.05892559240817263,14.824646591671879,down,up,up,down,0.0099413135145043,0.0015659262842877,-7.910802925708111,-103.48952876674964,26.547
1.8909999999999982,0.24967587049907358,0.42512875568539354,0.06288977218784808,14.950244915566444,down,up,up,down,0.0099413135145043,0.0015659262842877,-7.910802925708111,-103.48952876674964,26.563
1.9059999999999988,0.2591072536796144,0.6188175651881932,0.06672913451345241,15.067934817651803,down,up,up,down,0.0099413135145043,0.0015659262842877,-7.910802925708111,-103.48952876674964,26.578
1.9220000000000006,0.2683574292826983,0.5681946616781705,0.07097390679770044,15.193406040132643,down,up,up,down,0.0099413135145043,0.0015659262842877,-7.910802925708111,-103.48952876674964,26.594
1.9379999999999988,0.2773819908466813,0.5540937842344962,0.0753648769792834,15.318808176673741,down,up,up,down,0.0099413135145043,0.0015659262842877,-7.910802925708111,-103.48952876674964,26.61
1.9529999999999994,0.287249253185891,0.6478761757661213,0.0796231002037926,15.436307810730497,down,up,up,down,0.0099413135145043,0.0015659262842877,-7.910802925708111,-103.48952876674964,26.625
1.9689999999999976,0.2968758505899985,0.5917210242422762,0.08432115585454802,15.56156910349334,down,up,up,down,0.0099413135145043,0.0015659262842877,-7.910802925708111,-103.48952876674964,26.641
1.9839999999999982,0.3046783213227738,0.5102234020038287,0.08885630103815867,15.678932316452276,down,up,up,down,0.0099413135145043,0.0015659262842877,-7.910802925708111,-103.48952876674964,26.656
2.0,0.3122904878913353,0.46581909702054014,0.09381710633242069,15.804043776004661,down,up,up,down,0.0099413135145043,0.0015659262842877,-7.910802925708111,-103.48952876674964,26.672
2.0159999999999982,0.3234748039118412,0.689078437767188,0.09892828348739435,15.92907465969742,down,up,up,down,0.0099413135145043,0.0015659262842877,-7.910802925708111,-103.48952876674964,26.688
2.030999999999999,0.3343863317367255,0.7174938748110921,0.10388573089902309,16.046215598475158,down,up,up,down,0.0099413135145043,0.0015659262842877,-7.910802925708111,-103.48952876674964,26.703
2.0470000000000006,0.3413989891905214,0.4283497773476883,0.10931706828699017,16.171082822893,down,up,up,down,0.0099413135145043,0.0015659262842877,-7.910802925708111,-103.48952876674964,26.719
2.062999999999999,0.3482406062186137,0.41765975074130984,0.11485923987081126,16.29586225923906,down,up,up,down,0.0099413135145043,0.0015659262842877,-7.910802925708111,-103.48952876674964,26.735
2.0779999999999994,0.3559677312972856,0.5052003583969363,0.12016429129644468,16.412761626640915,down,up,up,down,0.0099413135145043,0.0015659262842877,-7.910802925708111,-103.48952876674964,26.75
2.0939999999999976,0.3635210245002174,0.46213951166878864,0.12594525616337382,16.53736559707255,down,up,up,down,0.0099413135145043,0.0015659262842877,-7.910802925708111,-103.48952876674964,26.766
2.108999999999998,0.3709366225304862,0.48443188850339763,0.13147717741036757,16.654096972706398,down,up,up,down,0.0099413135145043,0.0015659262842877,-7.910802925708111,-103.48952876674964,26.781
2.125,0.3811470698915454,0.6282116465516204,0.13751890177029313,16.77851785088427,down,up,up,down,0.0099413135145043,0.0015659262842877,-7.910802925708111,-103.48952876674964,26.797
2.1409999999999982,0.3910368423452671,0.6081694648431694,0.14372142788873532,16.902840775058323,down,up,up,down,0.0099413135145043,0.0015659262842877,-7.910802925708111,-103.48952876674964,26.813
2.155999999999999,0.4014003601622527,0.6809598742845118,0.14968819580180615,17.019302246766273,down,up,up,down,0.0099413135145043,0.0015659262842877,-7.910802925708111,-103.48952876674964,26.828
2.1720000000000006,0.4107528024173917,0.5745863274316166,0.1562104759229923,17.14342790420382,down,up,up,down,0.0099413135145043,0.0015659262842877,-7.910802925708111,-103.48952876674964,26.844
2.187999999999999,0.4216061542012693,0.6683931729779194,0.1628944023964891,17.267447911988597,down,up,up,down,0.0099413135145043,0.0015659262842877,-7.910802925708111,-103.48952876674964,26.86
2.2029999999999994,0.4321947900879799,0.695967745599513,0.16932139837292315,17.383618337368432,down,up,up,down,0.0099413135145043,0.0015659262842877,-7.910802925708111,-103.48952876674964,26.875
2.2189999999999976,0.4415132109503191,0.572459990381756,0.17633611720177722,17.507425924055156,down,up,up,down,0.0099413135145043,0.0015659262842877,-7.910802925708111,-103.48952876674964,26.891
2.233999999999998,0.4497866360858556,0.5416203621879099,0.18304435494881321,17.623392614399634,down,up,up,down,0.0099413135145043,0.0015659262842877,-7.910802925708111,-103.48952876674964,26.906
2.25,0.4578766691830758,0.49568575506170337,0.19033071621151443,17.746978460641714,down,up,up,down,0.0099413135145043,0.0015659262842877,-7.910802925708111,-103.48952876674964,26.922
2.2659999999999982,0.4665510898115066,0.5322099757624819,0.19775119310401923,17.8704466521785,down,up,up,down,0.0099413135145043,0.0015659262842877,-7.910802925708111,-103.48952876674964,26.938
2.280999999999999,0.4737440898461731,0.46959202212991064,0.20482689584571645,17.986089360397003,down,up,up,down,0.0099413135145043,0.0015659262842877,-7.910802925708111,-103.48952876674964,26.953
2.2970000000000006,0.4808416866350172,0.43365848578819793,0.21248863687811514,18.109323682946552,down,up,up,down,0.0099413135145043,0.0015659262842877,-7.910802925708111,-103.48952876674964,26.969
2.312999999999999,0.4872494113223667,0.39054147944488443,0.22025842048232214,18.232434553299,down,up,up,down,0.0099413135145043,0.0015659262842877,-7.910802925708111,-103.48952876674964,26.985
2.3279999999999994,0.493993433499572,0.4396601649658297,0.22764123071275133,18.347737349800653,down,up,up,down,0.0099413135145043,0.0015659262842877,-7.910802925708111,-103.48952876674964,27.0
2.3439999999999976,0.5005875533872022,0.4021911794624321,0.23562293342839347,18.470604083298838,down,up,up,down,0.0099413135145043,0.0015659262842877,-7.910802925708111,-103.48952876674964,27.016
2.358999999999998,0.5084738035844758,0.5158086996370508,0.24321438249994554,18.58567484731499,down,up,up,down,0.0099413135145043,0.0015659262842877,-7.910802925708111,-103.48952876674964,27.031
2.375,0.518666991768173,0.6271329479664987,0.25145656368331615,18.708290326556877,down,up,up,down,0.0099413135145043,0.0015659262842877,-7.910802925708111,-103.48952876674964,27.047
2.3909999999999982,0.525982868413374,0.4473009768106122,0.2598388173853161,18.83077281031963,down,up,up,down,0.0099413135145043,0.0015659262842877,-7.910802925708111,-103.48952876674964,27.063
2.405999999999999,0.5331461330261025,0.4676096606673727,0.26780577379037673,18.945477519771458,down,up,up,down,0.0099413135145043,0.0015659262842877,-7.910802925708111,-103.48952876674964,27.078
2.4220000000000006,0.539681920907503,0.3985454290729826,0.2764134530423954,19.06769661276816,down,up,up,down,0.0099413135145043,0.0015659262842877,-7.910802925708111,-103.48952876674964,27.094
2.437999999999999,0.5452643601356364,0.3389611382438713,0.28511807811128875,19.189777207330238,down,up,up,down,0.0099413135145043,0.0015659262842877,-7.910802925708111,-103.48952876674964,27.11
2.4529999999999994,0.5506758080105101,0.35082187814372784,0.2933611182666489,19.30410065724304,down,up,up,down,0.0099413135145043,0.0015659262842877,-7.910802925708111,-103.48952876674964,27.125
2.4689999999999976,0.5569524451267398,0.3823485062498965,0.30224719911229414,19.42590863751532,down,up,up,down,0.0099413135145043,0.0015659262842877,-7.910802925708111,-103.48952876674964,27.141
2.483999999999998,0.5629642981869836,0.3908488905017316,0.31067006358141214,19.539973801930714,down,up,up,down,0.0099413135145043,0.0015659262842877,-7.910802925708111,-103.48952876674964,27.156
2.5,0.5687792909230982,0.3534957324926195,0.3197490671148424,19.66150329569652,down,up,up,down,0.0099413135145043,0.0015659262842877,-7.910802925708111,-103.48952876674964,27.172
2.5159999999999982,0.5748880800702647,0.3718580081834442,0.32892346090333735,19.78288676228368,down,up,up,down,0.0099413135145043,0.0015659262842877,-7.910802925708111,-103.48952876674964,27.188
2.530999999999999,0.5808478743601828,0.38737830581335453,0.3376149694558306,19.896549767941593,down,up,up,down,0.0099413135145043,0.0015659262842877,-7.910802925708111,-103.48952876674964,27.203
2.5470000000000006,0.5873246405996522,0.3948565764522851,0.34698540439605896,20.017645811762137,down,up,up,down,0.0099413135145043,0.0015659262842877,-7.910802925708111,-103.48952876674964,27.219
2.562999999999999,0.5936434369308419,0.3849834571848956,0.35645820383685045,20.13859110970759,down,up,up,down,0.0099413135145043,0.0015659262842877,-7.910802925708111,-103.48952876674964,27.235
2.5779999999999994,0.5982448302416898,0.2968182405420152,0.3654208547349098,20.25183906065392,down,up,up,down,0.0099413135145043,0.0015659262842877,-7.910802925708111,-103.48952876674964,27.25
2.5939999999999976,0.6023065499100309,0.24391616575683697,0.37505032059667,20.37248813806258,down,up,up,down,0.0099413135145043,0.0015659262842877,-7.910802925708111,-103.48952876674964,27.266
2.608999999999998,0.606269203244997,0.2542355754832289,0.38413812763959765,20.485456268586432,down,up,up,down,0.0099413135145043,0.0015659262842877,-7.910802925708111,-103.48952876674964,27.281
2.625,0.6108359422566565,0.2754798747141821,0.39390002362416077,20.605804810187664,down,up,up,down,0.0099413135145043,0.0015659262842877,-7.910802925708111,-103.48952876674964,27.297
2.6409999999999982,0.615291297389982,0.26851838231837083,0.4037340963618812,20.725996584039095,down,up,up,down,0.0099413135145043,0.0015659262842877,-7.910802925708111,-103.48952876674964,27.313
2.655999999999999,0.6191572809499402,0.24779092381602938,0.4130159495936958,20.83853300258005,down,up,up,down,0.0099413135145043,0.0015659262842877,-7.910802925708111,-103.48952876674964,27.328
2.6720000000000006,0.6229289722279479,0.2257893913609502,0.42297769443966793,20.958417900239112,down,up,up,down,0.0099413135145043,0.0015659262842877,-7.910802925708111,-103.48952876674964,27.344
2.687999999999999,0.6257867133278125,0.1686675052270589,0.43299247474466185,21.078142985696957,down,up,up,down,0.0099413135145043,0.0015659262842877,-7.910802925708111,-103.48952876674964,27.36
2.7029999999999994,0.6290235409323639,0.2058471934555776,0.4424270405458781,21.190239383217914,down,up,up,down,0.0099413135145043,0.0015659262842877,-7.910802925708111,-103.48952876674964,27.375
2.7189999999999976,0.6318638461599573,0.1675777632101012,0.4525391944631645,21.309652500149156,down,up,up,down,0.0099413135145043,0.0015659262842877,-7.910802925708111,-103.48952876674964,27.391
2.733999999999998,0.6354268195476003,0.22759024566168648,0.46206736335023546,21.421454994851175,down,up,up,down,0.0099413135145043,0.0015659262842877,-7.910802925708111,-103.48952876674964,27.406
2.75,0.6389028911453032,0.2073131613419034,0.47228705585632813,21.540553006308883,down,up,up,down,0.0099413135145043,0.0015659262842877,-7.910802925708111,-103.48952876674964,27.422
2.7659999999999982,0.6425281569795231,0.2166378011242681,0.482563559061874,21.65948704820083,down,up,up,down,0.0099413135145043,0.0015659262842877,-7.910802925708111,-103.48952876674964,27.438
2.780999999999999,0.6459863405233115,0.220604256071377,0.4922509066874108,21.770837983593353,down,up,up,down,0.0099413135145043,0.0015659262842877,-7.910802925708111,-103.48952876674964,27.453
2.7970000000000006,0.6490868086045136,0.1838379415606067,0.5026365467009821,21.889451730777594,down,up,up,down,0.0099413135145043,0.0015659262842877,-7.910802925708111,-103.48952876674964,27.469
2.812999999999999,0.6511484515846142,0.1189113727417965,0.5130634836030428,22.00789897734647,down,up,up,down,0.0099413135145043,0.0015659262842877,-7.910802925708111,-103.48952876674964,27.485
2.8279999999999994,0.653155967780954,0.12389309957480818,0.5228692556425498,22.118791525687755,down,up,up,down,0.0099413135145043,0.0015659262842877,-7.910802925708111,-103.48952876674964,27.5
2.8439999999999976,0.6561052456648344,0.1743885542280435,0.5333684001706631,22.236914471252575,down,up,up,down,0.0099413135145043,0.0015659262842877,-7.910802925708111,-103.48952876674964,27.516
2.858999999999998,0.6589825899417914,0.18188163828261908,0.5432550478319778,22.34750183927818,down,up,up,down,0.0099413135145043,0.0015659262842877,-7.910802925708111,-103.48952876674964,27.531
2.875,0.6637335960592665,0.2869965688276589,0.5538618321405364,22.46529775104976,down,up,up,down,0.0099413135145043,0.0015659262842877,-7.910802925708111,-103.48952876674964,27.547
2.8909999999999982,0.6683176908618709,0.27656461164829943,0.5645432972564528,22.582923356825873,down,up,up,down,0.0099413135145043,0.0015659262842877,-7.910802925708111,-103.48952876674964,27.563
2.905999999999999,0.6722681345948427,0.2534216020169404,0.5746211798416425,22.693041667133272,down,up,up,down,0.0099413135145043,0.0015659262842877,-7.910802925708111,-103.48952876674964,27.578
2.9220000000000006,0.6764127729820455,0.2490985856856419,0.5854356819228075,22.81033405905052,down,up,up,down,0.0099413135145043,0.0015659262842877,-7.910802925708111,-103.48952876674964,27.594
2.937999999999999,0.6805081435083089,0.2460193443769869,0.596316104075278,22.927452891573836,down,up,up,down,0.0099413135145043,0.0015659262842877,-7.910802925708111,-103.48952876674964,27.61
2.9529999999999994,0.6826700346365868,0.13418476170401789,0.6065634293056297,23.03709333895911,down,up,up,down,0.0099413135145043,0.0015659262842877,-7.910802925708111,-103.48952876674964,27.625
2.9689999999999976,0.684285729760985,0.0910396317603934,0.6175241302413577,23.153873485294056,down,up,up,down,0.0099413135145043,0.0015659262842877,-7.910802925708111,-103.48952876674964,27.641
2.983999999999998,0.685849738069999,0.09432590708642791,0.6278236351443551,23.263195420939283,down,up,up,down,0.0099413135145043,0.0015659262842877,-7.910802925708111,-103.48952876674964,27.656
3.0,0.686212457728093,0.012728665116366798,0.6388251875312898,23.37963507716924,down,up,up,down,0.0099413135145043,0.0015659262842877,-7.910802925708111,-103.48952876674964,27.672
3.0159999999999982,0.6877616128819959,0.086880883604435,0.649842034916718,23.49589858620095,down,up,up,down,0.0099413135145043,0.0015659262842877,-7.910802925708111,-103.48952876674964,27.688
3.030999999999999,0.6886293029351851,0.0479046900314406,0.6601884556796112,23.604735401407112,down,up,up,down,0.0099413135145043,0.0015659262842877,-7.910802925708111,-103.48952876674964,27.703
3.0470000000000006,0.6896008423850475,0.0507799021018883,0.6712393516627229,23.72065682575972,down,up,up,down,0.0099413135145043,0.0015659262842877,-7.910802925708111,-103.48952876674964,27.719
3.062999999999999,0.692132643498157,0.1482962560548547,0.6823182743703358,23.836401211562773,down,up,up,down,0.0099413135145043,0.0015659262842877,-7.910802925708111,-103.48952876674964,27.735
3.0779999999999994,0.6935780229362472,0.08641731569150529,0.6927345932628581,23.94475035894115,down,up,up,down,0.0099413135145043,0.0015659262842877,-7.910802925708111,-103.48952876674964,27.75
3.0939999999999976,0.6950086021230693,0.07946988566188681,0.7038683410838802,24.060150382277698,down,up,up,down,0.0099413135145043,0.0015659262842877,-7.910802925708111,-103.48952876674964,27.766
3.108999999999998,0.697868371085903,0.1807099506744083,0.7143384072772125,24.168175875550617,down,up,up,down,0.0099413135145043,0.0015659262842877,-7.910802925708111,-103.48952876674964,27.781
3.125,0.700046875732502,0.12621522689791578,0.7255467840723098,24.283229640831152,down,up,up,down,0.0099413135145043,0.0015659262842877,-7.910802925708111,-103.48952876674964,27.797
3.1409999999999982,0.702162751973388,0.12230095154088139,0.736789515914503,24.398103797242598,down,up,up,down,0.0099413135145043,0.0015659262842877,-7.910802925708111,-103.48952876674964,27.813
3.155999999999999,0.7058757282675447,0.2375904394292722,0.7473732934105755,24.505634620058274,down,up,up,down,0.0099413135145043,0.0015659262842877,-7.910802925708111,-103.48952876674964,27.828
3.1720000000000006,0.709498144164284,0.2164596800316756,0.75872133921058,24.62015870980865,down,up,up,down,0.0099413135145043,0.0015659262842877,-7.910802925708111,-103.48952876674964,27.844
3.187999999999999,0.7117943340051891,0.1335705515420784,0.7701167338564829,24.734500852035424,down,up,up,down,0.0099413135145043,0.0015659262842877,-7.910802925708111,-103.48952876674964,27.86
3.2029999999999994,0.7140345192158293,0.1394043671948352,0.7808339391499057,24.841530765873514,down,up,up,down,0.0099413135145043,0.0015659262842877,-7.910802925708111,-103.48952876674964,27.875
3.2189999999999976,0.716369239977352,0.1359787340806834,0.7923022240439987,24.95551852337927,down,up,up,down,0.0099413135145043,0.0015659262842877,-7.910802925708111,-103.48952876674964,27.891
3.233999999999998,0.7160298757094257,0.032565598042927205,0.8030687063059139,25.06221528528728,down,up,up,down,0.0099413135145043,0.0015659262842877,-7.910802925708111,-103.48952876674964,27.906
3.25,0.7156987886187665,0.0306342566807026,0.814547590441089,25.175847201724636,down,up,up,down,0.0099413135145043,0.0015659262842877,-7.910802925708111,-103.48952876674964,27.922
3.2659999999999982,0.7191718949987749,0.20712783523604558,0.826051610730576,25.289295254926586,down,up,up,down,0.0099413135145043,0.0015659262842877,-7.910802925708111,-103.48952876674964,27.938
3.280999999999999,0.7225602914670759,0.2159517843722221,0.8368880910233356,25.395485251049067,down,up,up,down,0.0099413135145043,0.0015659262842877,-7.910802925708111,-103.48952876674964,27.953
3.2970000000000006,0.7234692972403938,0.046871547317856296,0.848481382553544,25.50857514207179,down,up,up,down,0.0099413135145043,0.0015659262842877,-7.910802925708111,-103.48952876674964,27.969
3.312999999999999,0.7243561321411924,0.0454858677854181,0.860089040809144,25.62147942549622,down,up,up,down,0.0099413135145043,0.0015659262842877,-7.910802925708111,-103.48952876674964,27.985
3.3279999999999994,0.7277148254495174,0.2139715737071502,0.8710030618853395,25.72715827861164,down,up,up,down,0.0099413135145043,0.0015659262842877,-7.910802925708111,-103.48952876674964,28.0
3.3439999999999976,0.730991599408858,0.1948570589443103,0.8826977681047534,25.83970151878303,down,up,up,down,0.0099413135145043,0.0015659262842877,-7.910802925708111,-103.48952876674964,28.016
3.358999999999998,0.732270388440833,0.0753112886171578,0.8936957219078909,25.945040611493553,down,up,up,down,0.0099413135145043,0.0015659262842877,-7.910802925708111,-103.48952876674964,28.031
3.375,0.7336304531215099,0.0750627290277888,0.905447983460939,26.05722030866194,down,up,up,down,0.0099413135145043,0.0015659262842877,-7.910802925708111,-103.48952876674964,28.047
3.3909999999999982,0.7338165639957666,0.0,0.9172126144184256,26.169211870690233,down,up,up,down,0.0099413135145043,0.0015659262842877,-7.910802925708111,-103.48952876674964,28.063
3.405999999999999,0.7338735124410967,0.0,0.9282437788859665,26.274032991626072,down,up,up,down,0.0099413135145043,0.0015659262842877,-7.910802925708111,-103.48952876674964,28.078
3.4220000000000006,0.7339253706897626,0.0,0.9400112247715633,26.385659798408156,down,up,up,down,0.0099413135145043,0.0015659262842877,-7.910802925708111,-103.48952876674964,28.094
3.437999999999999,0.7353894787706245,0.0815654415393775,0.951790798387794,26.497098229034194,down,up,up,down,0.0099413135145043,0.0015659262842877,-7.910802925708111,-103.48952876674964,28.11
3.4529999999999994,0.7360349710787926,0.0330915070300284,0.9628499706559293,26.601400467152004,down,up,up,down,0.0099413135145043,0.0015659262842877,-7.910802925708111,-103.48952876674964,28.125
3.4689999999999976,0.7366224067654947,0.026773416904385,0.9746562844992308,26.712473263922092,down,up,up,down,0.0099413135145043,0.0015659262842877,-7.910802925708111,-103.48952876674964,28.141
3.483999999999998,0.7371229523362022,0.023428391199324,0.9857328635867582,26.81643238919706,down,up,up,down,0.0099413135145043,0.0015659262842877,-7.910802925708111,-103.48952876674964,28.156
3.5,0.7383928866004421,0.0694295780004828,0.9975620451188014,26.927138876738766,down,up,up,down,0.0099413135145043,0.0015659262842877,-7.910802925708111,-103.48952876674964,28.172
3.5159999999999982,0.7397485464134466,0.0747874247982831,1.0094122314034601,27.03765592933793,down,up,up,down,0.0099413135145043,0.0015659262842877,-7.910802925708111,-103.48952876674964,28.188
3.530999999999999,0.7410356451033753,0.07586526581407321,1.0205416017341014,27.14109331947499,down,up,up,down,0.0099413135145043,0.0015659262842877,-7.910802925708111,-103.48952876674964,28.203
3.5470000000000006,0.7426915926708624,0.0935554094534281,1.032436474456845,27.251242341676814,down,up,up,down,0.0099413135145043,0.0015659262842877,-7.910802925708111,-103.48952876674964,28.219
3.562999999999999,0.7443332094776345,0.09265973690876361,1.044357727694579,27.361200834870928,down,up,up,down,0.0099413135145043,0.0015659262842877,-7.910802925708111,-103.48952876674964,28.235
3.5779999999999994,0.7459278206357869,0.09636609702898519,1.0555581743146956,27.464113509491497,down,up,up,down,0.0099413135145043,0.0015659262842877,-7.910802925708111,-103.48952876674964,28.25
3.5939999999999976,0.7475798987736813,0.09331357010390479,1.0675312908905186,27.573701640581177,down,up,up,down,0.0099413135145043,0.0015659262842877,-7.910802925708111,-103.48952876674964,28.266
3.608999999999998,0.7497694933779186,0.1360316601013168,1.0787849002259202,27.676266313033423,down,up,up,down,0.0099413135145043,0.0015659262842877,-7.910802925708111,-103.48952876674964,28.281
3.625,0.7519182581421404,0.12435648424934109,1.0908234570586304,27.785482292986487,down,up,up,down,0.0099413135145043,0.0015659262842877,-7.910802925708111,-103.48952876674964,28.297
3.6409999999999982,0.7512559755695207,0.0513339743032393,1.1028739057488712,27.894505560895354,down,up,up,down,0.0099413135145043,0.0015659262842877,-7.910802925708111,-103.48952876674964,28.313
3.655999999999999,0.7512391545636792,0.0110627139039409,1.114166108119135,27.99653980467697,down,up,up,down,0.0099413135145043,0.0015659262842877,-7.910802925708111,-103.48952876674964,28.328
3.6720000000000006,0.7498570471056283,0.09632302964267561,1.126199932553039,28.105189723162923,down,up,up,down,0.0099413135145043,0.0015659262842877,-7.910802925708111,-103.48952876674964,28.344
3.687999999999999,0.7484537123691553,0.0976497345440781,1.1382114734493847,28.213647278726214,down,up,up,down,0.0099413135145043,0.0015659262842877,-7.910802925708111,-103.48952876674964,28.36
3.7029999999999994,0.7486640609998965,0.0,1.149463345643917,28.31515176146864,down,up,up,down,0.0099413135145043,0.0015659262842877,-7.910802925708111,-103.48952876674964,28.375
3.7189999999999976,0.7494656514398343,0.0401580889816188,1.1614734381639824,28.423237114009495,down,up,up,down,0.0099413135145043,0.0015659262842877,-7.910802925708111,-103.48952876674964,28.391
3.733999999999998,0.750254899484851,0.042675222819938796,1.1727448311901822,28.52439252087497,down,up,up,down,0.0099413135145043,0.0015659262842877,-7.910802925708111,-103.48952876674964,28.406
3.75,0.7532333775626103,0.1762135663454314,1.184797792227112,28.632105026698966,down,up,up,down,0.0099413135145043,0.0015659262842877,-7.910802925708111,-103.48952876674964,28.422
3.7659999999999982,0.754844493035721,0.0907534035549229,1.196887470012446,28.739624391412363,down,up,up,down,0.0099413135145043,0.0015659262842877,-7.910802925708111,-103.48952876674964,28.438
3.780999999999999,0.7564163130094865,0.09484668473652791,1.2082454149520503,28.840247938660767,down,up,up,down,0.0099413135145043,0.0015659262842877,-7.910802925708111,-103.48952876674964,28.453
3.7970000000000006,0.7574655200936249,0.055634129244135806,1.2203815244374248,28.94739176995698,down,up,up,down,0.0099413135145043,0.0015659262842877,-7.910802925708111,-103.48952876674964,28.469
3.812999999999999,0.7584891367610762,0.054034728201210296,1.2325342165128097,29.054341290840696,down,up,up,down,0.0099413135145043,0.0015659262842877,-7.910802925708111,-103.48952876674964,28.485
3.8279999999999994,0.7588832022519263,0.016329719208833398,1.243937997949672,29.154429793117842,down,up,up,down,0.0099413135145043,0.0015659262842877,-7.910802925708111,-103.48952876674964,28.5
3.8439999999999976,0.7584234931798495,0.038673130519308596,1.2561015063336738,29.261002323894886,down,up,up,down,0.0099413135145043,0.0015659262842877,-7.910802925708111,-103.48952876674964,28.516
3.858999999999998,0.758596737388368,0.0,1.2675026469572002,29.360737336630834,down,up,up,down,0.0099413135145043,0.0015659262842877,-7.910802925708111,-103.48952876674964,28.531
3.875,0.7575377106733594,0.07613048320253249,1.279656777362244,29.46693290804761,down,up,up,down,0.0099413135145043,0.0015659262842877,-7.910802925708111,-103.48952876674964,28.547
3.8909999999999982,0.7564771188992854,0.0762282993941382,1.2917939508193728,29.572934149033486,down,up,up,down,0.0099413135145043,0.0015659262842877,-7.910802925708111,-103.48952876674964,28.563
3.905999999999999,0.7585748761095346,0.12990916716876938,1.303180329676203,29.6721338858154,down,up,up,down,0.0099413135145043,0.0015659262842877,-7.910802925708111,-103.48952876674964,28.578
3.9220000000000006,0.7606214685097772,0.11797071150064578,1.315358955253708,29.77775841834729,down,up,up,down,0.0099413135145043,0.0015659262842877,-7.910802925708111,-103.48952876674964,28.594
3.937999999999999,0.7601771593226427,0.0377106377104105,1.3275503990969142,29.883187990323805,down,up,up,down,0.0099413135145043,0.0015659262842877,-7.910802925708111,-103.48952876674964,28.61
3.9529999999999994,0.759743686944951,0.038839472027287,1.338973294338186,29.98185110650867,down,up,up,down,0.0099413135145043,0.0015659262842877,-7.910802925708111,-103.48952876674964,28.625
3.9689999999999976,0.760147899572809,0.0153219757266271,1.3511574818508754,30.086902907110485,down,up,up,down,0.0099413135145043,0.0015659262842877,-7.910802925708111,-103.48952876674964,28.641
3.983999999999998,0.7601620913791152,0.0,1.362583295677279,30.18521189516464,down,up,up,down,0.0099413135145043,0.0015659262842877,-7.910802925708111,-103.48952876674964,28.656
4.0,0.7601759370438028,0.0,1.3747710547252128,30.289885907172774,down,up,up,down,0.0099413135145043,0.0015659262842877,-7.910802925708111,-103.48952876674964,28.672
4.015999999999998,0.7607174822056955,0.023905259103789503,1.3869632568997563,30.39436487949108,down,up,up,down,0.0099413135145043,0.0015659262842877,-7.910802925708111,-103.48952876674964,28.688
4.030999999999999,0.7612458189490052,0.0252811360394787,1.398401470552681,30.49213668792082,down,up,up,down,0.0099413135145043,0.0015659262842877,-7.910802925708111,-103.48952876674964,28.703
4.047000000000001,0.7613154577312198,0.0,1.410607015586673,30.59623746684305,down,up,up,down,0.0099413135145043,0.0015659262842877,-7.910802925708111,-103.48952876674964,28.719
4.062999999999999,0.761374178198027,0.0,1.4228135874946544,30.700142948829708,down,up,up,down,0.0099413135145043,0.0015659262842877,-7.910802925708111,-103.48952876674964,28.735
4.077999999999999,0.7619565774119117,0.028885300744474096,1.434262057055994,30.797376925381215,down,up,up,down,0.0099413135145043,0.0015659262842877,-7.910802925708111,-103.48952876674964,28.75
4.093999999999998,0.7618845705168606,0.0144417444551952,1.4464778410599717,30.90090385300762,down,up,up,down,0.0099413135145043,0.0015659262842877,-7.910802925708111,-103.48952876674964,28.766
4.108999999999998,0.7618665679302552,0.0111414859548674,1.4579294634925901,30.99778284210909,down,up,up,down,0.0099413135145043,0.0015659262842877,-7.910802925708111,-103.48952876674964,28.781
4.125,0.7618524453722433,0.010823973390249101,1.47014427041956,31.100931099049134,down,up,up,down,0.0099413135145043,0.0015659262842877,-7.910802925708111,-103.48952876674964,28.797
4.140999999999998,0.7613474769446533,0.0415018402388801,1.482354924618642,31.20388395230016,down,up,up,down,0.0099413135145043,0.0015659262842877,-7.910802925708111,-103.48952876674964,28.813
4.155999999999999,0.762662270244407,0.0777115731357392,1.4938084866168246,31.300224770601503,down,up,up,down,0.0099413135145043,0.0015659262842877,-7.910802925708111,-103.48952876674964,28.828
4.172000000000001,0.7639349013228465,0.06959812888795211,1.5060463188099122,31.402798778969455,down,up,up,down,0.0099413135145043,0.0015659262842877,-7.910802925708111,-103.48952876674964,28.844
4.187999999999999,0.7652568780198479,0.07268223004809249,1.5183049078652013,31.505176815967374,down,up,up,down,0.0099413135145043,0.0015659262842877,-7.910802925708111,-103.48952876674964,28.86
4.202999999999999,0.7672902069832368,0.1256139507114189,1.529822499896989,31.600977904294794,down,up,up,down,0.0099413135145043,0.0015659262842877,-7.910802925708111,-103.48952876674964,28.875
4.218999999999998,0.7692645833708553,0.1134572107116685,1.5421399930403688,31.702975051162625,down,up,up,down,0.0099413135145043,0.0015659262842877,-7.910802925708111,-103.48952876674964,28.891
4.233999999999998,0.7725401709522544,0.208431191912088,1.553727017592057,31.79841809246851,down,up,up,down,0.0099413135145043,0.0015659262842877,-7.910802925708111,-103.48952876674964,28.906
4.25,0.7734055902295669,0.0441473913175234,1.5661196385020615,31.900032166031096,down,up,up,down,0.0099413135145043,0.0015659262842877,-7.910802925708111,-103.48952876674964,28.922
4.265999999999998,0.7742035960114073,0.0399340478505272,1.5785255668125364,32.0014478511999,down,up,up,down,0.0099413135145043,0.0015659262842877,-7.910802925708111,-103.48952876674964,28.938
4.280999999999999,0.7739434615170975,0.0272836131351595,1.5901601586382652,32.096344752144645,down,up,up,down,0.0099413135145043,0.0015659262842877,-7.910802925708111,-103.48952876674964,28.953
4.297000000000001,0.7728328795800579,0.0793526845794722,1.602559424187592,32.19737584229337,down,up,up,down,0.0099413135145043,0.0015659262842877,-7.910802925708111,-103.48952876674964,28.969
4.312999999999999,0.7735408817182687,0.0343088201236801,1.6149554690985255,32.29820856995839,down,up,up,down,0.0099413135145043,0.0015659262842877,-7.910802925708111,-103.48952876674964,28.985
4.327999999999999,0.7742410256549235,0.036734948929143196,1.6265873222980893,32.39255904290853,down,up,up,down,0.0099413135145043,0.0015659262842877,-7.910802925708111,-103.48952876674964,29.0
4.343999999999998,0.7744907897096969,0.0,1.6390022316415536,32.49300717328832,down,up,up,down,0.0099413135145043,0.0015659262842877,-7.910802925708111,-103.48952876674964,29.016
4.358999999999998,0.7755908845185093,0.06339834040632339,1.6506513330925294,32.58699681543844,down,up,up,down,0.0099413135145043,0.0015659262842877,-7.910802925708111,-103.48952876674964,29.031
4.375,0.7765821553562109,0.0520131138418364,1.6630937722320773,32.68705970140719,down,up,up,down,0.0099413135145043,0.0015659262842877,-7.910802925708111,-103.48952876674964,29.047
4.390999999999998,0.7775145463695985,0.0483331248222271,1.6755516006664308,32.78692338523531,down,up,up,down,0.0099413135145043,0.0015659262842877,-7.910802925708111,-103.48952876674964,29.063
4.405999999999999,0.7772653184467444,0.0265565083714429,1.6872359385468183,32.88036452257684,down,up,up,down,0.0099413135145043,0.0015659262842877,-7.910802925708111,-103.48952876674964,29.078
4.422000000000001,0.7770547575179858,0.023101371561915,1.6996955539750864,32.97984191744801,down,up,up,down,0.0099413135145043,0.0015659262842877,-7.910802925708111,-103.48952876674964,29.094
4.437999999999999,0.7786491021219373,0.08970522423247351,1.7121662396727526,33.079119869910144,down,up,up,down,0.0099413135145043,0.0015659262842877,-7.910802925708111,-103.48952876674964,29.11
4.452999999999999,0.7802045602721339,0.0937558964986012,1.7238811310349726,33.17201155851545,down,up,up,down,0.0099413135145043,0.0015659262842877,-7.910802925708111,-103.48952876674964,29.125
4.468999999999998,0.7790661449293026,0.0810922724414698,1.7363803514971314,33.27090231346652,down,up,up,down,0.0099413135145043,0.0015659262842877,-7.910802925708111,-103.48952876674964,29.141
4.483999999999998,0.778008652806097,0.08044078839487531,1.7480819013744116,33.363430890455604,down,up,up,down,0.0099413135145043,0.0015659262842877,-7.910802925708111,-103.48952876674964,29.156
4.5,0.7775073910786308,0.0412701714811401,1.760551084546039,33.46193467337959,down,up,up,down,0.0099413135145043,0.0015659262842877,-7.910802925708111,-103.48952876674964,29.172
4.515999999999998,0.7784669310357017,0.050029933802439,1.7730239339435006,33.56023892004298,down,up,up,down,0.0099413135145043,0.0015659262842877,-7.910802925708111,-103.48952876674964,29.188
4.530999999999999,0.7794251889521568,0.0539425475824997,1.7847316137376739,33.652217797321,down,up,up,down,0.0099413135145043,0.0015659262842877,-7.910802925708111,-103.48952876674964,29.203
4.547000000000001,0.7795802234189946,0.0,1.7972287118571932,33.75013496152759,down,up,up,down,0.0099413135145043,0.0015659262842877,-7.910802925708111,-103.48952876674964,29.219
4.562999999999999,0.7797314765573731,0.0,1.8097282602775513,33.84785215256183,down,up,up,down,0.0099413135145043,0.0015659262842877,-7.910802925708111,-103.48952876674964,29.235
4.577999999999999,0.7794662593363597,0.0276224615820608,1.8214457321910187,33.93928039150397,down,up,up,down,0.0099413135145043,0.0015659262842877,-7.910802925708111,-103.48952876674964,29.25
4.593999999999998,0.7792259177679206,0.0249626615419501,1.8339403244283998,34.03661014986231,down,up,up,down,0.0099413135145043,0.0015659262842877,-7.910802925708111,-103.48952876674964,29.266
4.608999999999998,0.7792630581971114,0.0,1.8456524806424026,34.12767524770992,down,up,up,down,0.0099413135145043,0.0015659262842877,-7.910802925708111,-103.48952876674964,29.281
4.625,0.7791061358604452,0.019748959556140602,1.8581444890154133,34.22461771876401,down,up,up,down,0.0099413135145043,0.0015659262842877,-7.910802925708111,-103.48952876674964,29.297
4.640999999999998,0.7788871443617893,0.0236282821804993,1.8706334900777382,34.32136034174259,down,up,up,down,0.0099413135145043,0.0015659262842877,-7.910802925708111,-103.48952876674964,29.313
4.655999999999999,0.7786734941191966,0.0241846630206822,1.8823386837606106,34.41187509432443,down,up,up,down,0.0099413135145043,0.0015659262842877,-7.910802925708111,-103.48952876674964,29.328
4.672000000000001,0.7786004941689644,0.014503810404019001,1.894821930487466,34.508230656221784,down,up,up,down,0.0099413135145043,0.0015659262842877,-7.910802925708111,-103.48952876674964,29.344
4.687999999999999,0.7785292747053223,0.0143925299921348,1.907304023459008,34.60438649540153,down,up,up,down,0.0099413135145043,0.0015659262842877,-7.910802925708111,-103.48952876674964,29.36
4.702999999999999,0.7783640252028565,0.0209579470122218,1.9190042121025837,34.69435122752044,down,up,up,down,0.0099413135145043,0.0015659262842877,-7.910802925708111,-103.48952876674964,29.375
4.718999999999998,0.7792416386503032,0.0449095269509164,1.9314901122339565,34.79012011973707,down,up,up,down,0.0099413135145043,0.0015659262842877,-7.910802925708111,-103.48952876674964,29.391
4.733999999999998,0.7790969999235919,0.019583895295252,1.9432011409175258,34.879721979224044,down,up,up,down,0.0099413135145043,0.0015659262842877,-7.910802925708111,-103.48952876674964,29.406
4.75,0.7790585118315665,0.0123468192660944,1.9556914398321172,34.975103685389385,down,up,up,down,0.0099413135145043,0.0015659262842877,-7.910802925708111,-103.48952876674964,29.422
4.765999999999998,0.7790209624734938,0.0122881483940453,1.968181130447105,35.07028555163846,down,up,up,down,0.0099413135145043,0.0015659262842877,-7.910802925708111,-103.48952876674964,29.438
4.780999999999999,0.7784542579659881,0.047721614014885,1.9798856834946656,35.15933709441951,down,up,up,down,0.0099413135145043,0.0015659262842877,-7.910802925708111,-103.48952876674964,29.453
4.797000000000001,0.777901375519642,0.0444964664111319,1.9923615833831008,35.254131963095844,down,up,up,down,0.0099413135145043,0.0015659262842877,-7.910802925708111,-103.48952876674964,29.469
4.812999999999999,0.777331765584842,0.0455419344395108,2.004828503332484,35.34872728921344,down,up,up,down,0.0099413135145043,0.0015659262842877,-7.910802925708111,-103.48952876674964,29.485
4.827999999999999,0.7784200282419178,0.06260953029054919,2.0165201306804494,35.43722921834397,down,up,up,down,0.0099413135145043,0.0015659262842877,-7.910802925708111,-103.48952876674964,29.5
4.843999999999998,0.7786612306420722,0.0,2.0290018355720685,35.53143788942528,down,up,up,down,0.0099413135145043,0.0015659262842877,-7.910802925708111,-103.48952876674964,29.516
4.858999999999998,0.7789079269953145,0.0,2.0407070931486135,35.619577116345496,down,up,up,down,0.0099413135145043,0.0015659262842877,-7.910802925708111,-103.48952876674964,29.531
4.875,0.7788259756677682,0.015063271486147,2.0531940191904683,35.71339875425814,down,up,up,down,0.0099413135145043,0.0015659262842877,-7.910802925708111,-103.48952876674964,29.547
4.890999999999998,0.7790449694962884,0.0,2.0656820415723276,35.807020592583356,down,up,up,down,0.0099413135145043,0.0015659262842877,-7.910802925708111,-103.48952876674964,29.563
4.905999999999999,0.7793099280822169,0.0,2.077393192198431,35.894609572215714,down,up,up,down,0.0099413135145043,0.0015659262842877,-7.910802925708111,-103.48952876674964,29.578
4.922000000000001,0.7794220280253441,0.0,2.0898881026678415,35.98784416866813,down,up,up,down,0.0099413135145043,0.0015659262842877,-7.910802925708111,-103.48952876674964,29.594
4.937999999999999,0.7782429591427302,0.08363311867787959,2.102374477385734,36.08087891483903,down,up,up,down,0.0099413135145043,0.0015659262842877,-7.910802925708111,-103.48952876674964,29.61
4.952999999999999,0.7787841697424245,0.0261393931317778,2.1140756697466374,36.16791758262117,down,up,up,down,0.0099413135145043,0.0015659262842877,-7.910802925708111,-103.48952876674964,29.625
4.968999999999998,0.7792591103983781,0.019742477482602598,2.1265650708083115,36.260565303508045,down,up,up,down,0.0099413135145043,0.0015659262842877,-7.910802925708111,-103.48952876674964,29.641
4.983999999999998,0.7785451840874114,0.057536400912288004,2.1382720919112197,36.347241068673284,down,up,up,down,0.0099413135145043,0.0015659262842877,-7.910802925708111,-103.48952876674964,29.656
5.0,0.778947807560856,0.015222653575784298,2.150757090664956,36.439501682024016,down,up,up,down,0.0099413135145043,0.0015659262842877,-7.910802925708111,-103.48952876674964,29.672
5.015999999999998,0.7793067628958426,0.012493394922156398,2.1632481820491565,36.53156248665361,down,up,up,down,0.0099413135145043,0.0015659262842877,-7.910802925708111,-103.48952876674964,29.688
5.030999999999999,0.7779912842169523,0.0976398921071848,2.174951406296767,36.617688033626635,down,up,up,down,0.0099413135145043,0.0015659262842877,-7.910802925708111,-103.48952876674964,29.703
5.047000000000001,0.7778438885924146,0.0191535400481091,2.1874231424997923,36.709361884047595,down,up,up,down,0.0099413135145043,0.0015659262842877,-7.910802925708111,-103.48952876674964,29.719
5.062999999999999,0.7777012559660204,0.0188558526641456,2.199892558476807,36.800836205251116,down,up,up,down,0.0099413135145043,0.0015659262842877,-7.910802925708111,-103.48952876674964,29.735
5.077999999999999,0.7782131843528255,0.024187245605836898,2.211585405673463,36.88641216440563,down,up,up,down,0.0099413135145043,0.0015659262842877,-7.910802925708111,-103.48952876674964,29.75
5.093999999999998,0.7796095371709697,0.07733073761951831,2.224073042266201,36.97749974363343,down,up,up,down,0.0099413135145043,0.0015659262842877,-7.910802925708111,-103.48952876674964,29.766
5.108999999999998,0.7795529457828092,0.013714072725204,2.235790249782619,37.06271281282868,down,up,up,down,0.0099413135145043,0.0015659262842877,-7.910802925708111,-103.48952876674964,29.781
5.125,0.7795132585802556,0.0124217636741072,2.2482878342380737,37.15341303496784,down,up,up,down,0.0099413135145043,0.0015659262842877,-7.910802925708111,-103.48952876674964,29.797
5.140999999999998,0.7782184020637164,0.09086984579821039,2.2607747423437727,37.24391338116651,down,up,up,down,0.0099413135145043,0.0015659262842877,-7.910802925708111,-103.48952876674964,29.813
5.155999999999999,0.7769551274134354,0.09415962353323279,2.2724620327091163,37.328576149239225,down,up,up,down,0.0099413135145043,0.0015659262842877,-7.910802925708111,-103.48952876674964,29.828
5.172000000000001,0.7764680797747623,0.0403817909315716,2.284914473187172,37.41868998400339,down,up,up,down,0.0099413135145043,0.0015659262842877,-7.910802925708111,-103.48952876674964,29.844
5.187999999999999,0.7759929113467887,0.039639340262855705,2.297359215936692,37.508604641301716,down,up,up,down,0.0099413135145043,0.0015659262842877,-7.910802925708111,-103.48952876674964,29.86
5.202999999999999,0.7753982036445972,0.0495884936606027,2.309018138193391,37.59271885503138,down,up,up,down,0.0099413135145043,0.0015659262842877,-7.910802925708111,-103.48952876674964,29.875
5.218999999999998,0.7748180010083132,0.0462039782822582,2.321444922651162,37.68224799735593,down,up,up,down,0.0099413135145043,0.0015659262842877,-7.910802925708111,-103.48952876674964,29.891
5.233999999999998,0.7740574764960879,0.0606429476628558,2.3330849776267097,37.76600106698946,down,up,up,down,0.0099413135145043,0.0015659262842877,-7.910802925708111,-103.48952876674964,29.906
5.25,0.7740725621900406,0.0,2.3454950727567487,37.855145273397724,down,up,up,down,0.0099413135145043,0.0015659262842877,-7.910802925708111,-103.48952876674964,29.922
5.265999999999998,0.7752583605123942,0.0641710816326006,2.3579147749589158,37.944090841427325,down,up,up,down,0.0099413135145043,0.0015659262842877,-7.910802925708111,-103.48952876674964,29.938
5.280999999999999,0.7763859730700506,0.0652328569959246,2.369575596355049,38.027296707528095,down,up,up,down,0.0099413135145043,0.0015659262842877,-7.910802925708111,-103.48952876674964,29.953
5.297000000000001,0.7774860828823993,0.058815549757278505,2.3820316276232187,38.115856696547596,down,up,up,down,0.0099413135145043,0.0015659262842877,-7.910802925708111,-103.48952876674964,29.969
5.312999999999999,0.7784751057881234,0.0518726180932595,2.39450437195313,38.20421725536231,down,up,up,down,0.0099413135145043,0.0015659262842877,-7.910802925708111,-103.48952876674964,29.985
5.327999999999999,0.7790094439445863,0.025681230249685397,2.40620899497039,38.28687394899602,down,up,up,down,0.0099413135145043,0.0015659262842877,-7.910802925708111,-103.48952876674964,30.0
5.343999999999998,0.7795043350907704,0.0209893831220099,2.41870216002322,38.37484750656738,down,up,up,down,0.0099413135145043,0.0015659262842877,-7.910802925708111,-103.48952876674964,30.016
5.358999999999998,0.7776483891634225,0.1336710420043626,2.4304042943493913,38.45714125204522,down,up,up,down,0.0099413135145043,0.0015659262842877,-7.910802925708111,-103.48952876674964,30.031
5.375,0.7770973344293015,0.0443822343970617,2.442867314958683,38.54472792598209,down,up,up,down,0.0099413135145043,0.0015659262842877,-7.910802925708111,-103.48952876674964,30.047
5.390999999999998,0.7766626649235011,0.037108157627032304,2.4553224497740525,38.632115254675554,down,up,up,down,0.0099413135145043,0.0015659262842877,-7.910802925708111,-103.48952876674964,30.063
5.405999999999999,0.7762385971129646,0.038212500883603104,2.4669926981335903,38.713859934951884,down,up,up,down,0.0099413135145043,0.0015659262842877,-7.910802925708111,-103.48952876674964,30.078
5.422000000000001,0.7765984212291883,0.0125476937494748,2.4794404491008777,38.80086131658534,down,up,up,down,0.0099413135145043,0.0015659262842877,-7.910802925708111,-103.48952876674964,30.094
5.437999999999999,0.7765739516749122,0.0114706606567639,2.4918908829046575,38.887663512740616,down,up,up,down,0.0099413135145043,0.0015659262842877,-7.910802925708111,-103.48952876674964,30.11
5.452999999999999,0.7765500789390334,0.0115328292397564,2.5035628020285268,38.96885965398924,down,up,up,down,0.0099413135145043,0.0015659262842877,-7.910802925708111,-103.48952876674964,30.125
5.468999999999998,0.7769516236759237,0.0151552325411458,2.5160158704699933,39.05527587142056,down,up,up,down,0.0099413135145043,0.0015659262842877,-7.910802925708111,-103.48952876674964,30.141
5.483999999999998,0.777343374638745,0.0161754173402474,2.5276965718516182,39.13611007198877,down,up,up,down,0.0099413135145043,0.0015659262842877,-7.910802925708111,-103.48952876674964,30.156
5.5,0.7776979222849771,0.012217914374999798,2.540161957047558,39.22214005056891,down,up,up,down,0.0099413135145043,0.0015659262842877,-7.910802925708111,-103.48952876674964,30.172
5.515999999999998,0.7783496759611399,0.030793291245673197,2.552635392654074,39.30797051858262,down,up,up,down,0.0099413135145043,0.0015659262842877,-7.910802925708111,-103.48952876674964,30.188
5.530999999999999,0.7784229077540452,0.0,2.5643346759262027,39.38825528695391,down,up,up,down,0.0099413135145043,0.0015659262842877,-7.910802925708111,-103.48952876674964,30.203
5.547000000000001,0.7785082658077229,0.0,2.576815180135247,39.473698934916754,down,up,up,down,0.0099413135145043,0.0015659262842877,-7.910802925708111,-103.48952876674964,30.219
5.562999999999999,0.7783795878566071,0.017983685459243802,2.589295337785109,39.558942897584714,down,up,up,down,0.0099413135145043,0.0015659262842877,-7.910802925708111,-103.48952876674964,30.235
5.577999999999999,0.7786866191348842,0.010527438370637299,2.60099682323181,39.638677750262715,down,up,up,down,0.0099413135145043,0.0015659262842877,-7.910802925708111,-103.48952876674964,30.25
5.593999999999998,0.7784106071611898,0.0271920618704076,2.6134786558627257,39.723534793241285,down,up,up,down,0.0099413135145043,0.0015659262842877,-7.910802925708111,-103.48952876674964,30.266
5.608999999999998,0.7781918601680378,0.0245244463913072,2.6251766632619598,39.802906922233475,down,up,up,down,0.0099413135145043,0.0015659262842877,-7.910802925708111,-103.48952876674964,30.281
5.625,0.7793896647446417,0.064921472523231,2.637662370281811,39.88737705677646,down,up,up,down,0.0099413135145043,0.0015659262842877,-7.910802925708111,-103.48952876674964,30.297
5.640999999999998,0.7798232635035891,0.0171586089197136,2.650161128528344,39.97164731559731,down,up,up,down,0.0099413135145043,0.0015659262842877,-7.910802925708111,-103.48952876674964,30.313
5.655999999999999,0.7802573242431858,0.0189960691252766,2.66188522183071,40.05046901185524,down,up,up,down,0.0099413135145043,0.0015659262842877,-7.910802925708111,-103.48952876674964,30.328
5.672000000000001,0.7803570109916045,0.0,2.6743951913331383,40.13435161536127,down,up,up,down,0.0099413135145043,0.0015659262842877,-7.910802925708111,-103.48952876674964,30.344
5.687999999999999,0.7797432414343461,0.0483019108431545,2.686901048173093,40.21803409225653,down,up,up,down,0.0099413135145043,0.0015659262842877,-7.910802925708111,-103.48952876674964,30.36
5.702999999999999,0.7791782466222692,0.0476076343196326,2.6986164482277823,40.29630475491915,down,up,up,down,0.0099413135145043,0.0015659262842877,-7.910802925708111,-103.48952876674964,30.375
5.718999999999998,0.7794740231082535,0.0,2.7111107212061736,40.379599784375,down,up,up,down,0.0099413135145043,0.0015659262842877,-7.910802925708111,-103.48952876674964,30.391
5.733999999999998,0.7787567596856011,0.0577588750246649,2.722820940971391,40.457507340794294,down,up,up,down,0.0099413135145043,0.0015659262842877,-7.910802925708111,-103.48952876674964,30.406
5.75,0.7782379674256124,0.0423658297637971,2.7353019536088317,40.54041520444899,down,up,up,down,0.0099413135145043,0.0015659262842877,-7.910802925708111,-103.48952876674964,30.422
5.765999999999998,0.7776388587335639,0.0473856067675389,2.7477740230386525,40.62312344344717,down,up,up,down,0.0099413135145043,0.0015659262842877,-7.910802925708111,-103.48952876674964,30.438
5.780999999999999,0.7781518134037935,0.0242556645008013,2.7594659419739473,40.70048118759517,down,up,up,down,0.0099413135145043,0.0015659262842877,-7.910802925708111,-103.48952876674964,30.453
5.797000000000001,0.7786522569845058,0.0213364102800127,2.7719454293576034,40.78280274343585,down,up,up,down,0.0099413135145043,0.0015659262842877,-7.910802925708111,-103.48952876674964,30.469
5.812999999999999,0.7806095275447422,0.11238809650028561,2.7844445784543845,40.864924470184675,down,up,up,down,0.0099413135145043,0.0015659262842877,-7.910802925708111,-103.48952876674964,30.485
5.827999999999999,0.7803745650134122,0.0256054822698397,2.7961754480428356,40.94173186387157,down,up,up,down,0.0099413135145043,0.0015659262842877,-7.910802925708111,-103.48952876674964,30.5
5.843999999999998,0.7804895408082242,0.0,2.808687415709956,41.023465807772865,down,up,up,down,0.0099413135145043,0.0015659262842877,-7.910802925708111,-103.48952876674964,30.516
5.858999999999998,0.7806458297438112,0.0,2.820419419883361,41.09990955039153,down,up,up,down,0.0099413135145043,0.0015659262842877,-7.910802925708111,-103.48952876674964,30.531
5.875,0.7806876493864845,0.0,2.8329351425369538,41.18125556070352,down,up,up,down,0.0099413135145043,0.0015659262842877,-7.910802925708111,-103.48952876674964,30.547
5.890999999999998,0.7807284490378734,0.0,2.8454515261448963,41.26240131416539,down,up,up,down,0.0099413135145043,0.0015659262842877,-7.910802925708111,-103.48952876674964,30.563
5.905999999999999,0.7805165380308505,0.0240687139826965,2.857184352442176,41.338293588961605,down,up,up,down,0.0099413135145043,0.0015659262842877,-7.910802925708111,-103.48952876674964,30.578
5.922000000000001,0.7803097955849729,0.0228627163818525,2.869696017931653,41.41905139280995,down,up,up,down,0.0099413135145043,0.0015659262842877,-7.910802925708111,-103.48952876674964,30.594
5.937999999999999,0.7793939782468744,0.067179897145669,2.882198702942855,41.499609081854274,down,up,up,down,0.0099413135145043,0.0015659262842877,-7.910802925708111,-103.48952876674964,30.61
5.952999999999999,0.7785004979170225,0.06950666883796369,2.8939064004083486,41.574950337464756,down,up,up,down,0.0099413135145043,0.0015659262842877,-7.910802925708111,-103.48952876674964,30.625
5.968999999999998,0.7792883209395658,0.0392976253944587,2.9063937657797485,41.65512078294661,down,up,up,down,0.0099413135145043,0.0015659262842877,-7.910802925708111,-103.48952876674964,30.641
5.983999999999998,0.7800569287664381,0.0412992082769783,2.9181123440468086,41.73009903100852,down,up,up,down,0.0099413135145043,0.0015659262842877,-7.910802925708111,-103.48952876674964,30.656
6.0,0.7806065246371219,0.024408428403230396,2.930622706494587,41.80988199741553,down,up,up,down,0.0099413135145043,0.0015659262842877,-7.910802925708111,-103.48952876674964,30.672
6.015999999999998,0.7811427157304713,0.023570629819840497,2.9431417552380745,41.889464728532985,down,up,up,down,0.0099413135145043,0.0015659262842877,-7.910802925708111,-103.48952876674964,30.688
6.030999999999999,0.7817580161772053,0.031078716267758696,2.954886999621647,41.96389155675716,down,up,up,down,0.0099413135145043,0.0015659262842877,-7.910802925708111,-103.48952876674964,30.703
6.047000000000001,0.7823583092959705,0.027577006408316097,2.967424985045982,42.04308590769115,down,up,up,down,0.0099413135145043,0.0015659262842877,-7.910802925708111,-103.48952876674964,30.719
6.062999999999999,0.7827919154876959,0.0171590734683354,2.9799712416647983,42.12207958468879,down,up,up,down,0.0099413135145043,0.0015659262842877,-7.910802925708111,-103.48952876674964,30.735
6.077999999999999,0.783969846987782,0.0685874531579034,2.9917454437776287,42.195953753433585,down,up,up,down,0.0099413135145043,0.0015659262842877,-7.910802925708111,-103.48952876674964,30.75
6.093999999999998,0.7850925783463083,0.06022939639339409,3.0043229980008483,42.274558052710674,down,up,up,down,0.0099413135145043,0.0015659262842877,-7.910802925708111,-103.48952876674964,30.766
6.108999999999998,0.7837065622523003,0.1023423864483683,3.0161124804496025,42.34806683050793,down,up,up,down,0.0099413135145043,0.0015659262842877,-7.910802925708111,-103.48952876674964,30.781
6.125,0.7838975048300405,0.0,3.028678367806811,42.426281350533216,down,up,up,down,0.0099413135145043,0.0015659262842877,-7.910802925708111,-103.48952876674964,30.797
6.140999999999998,0.7840765028927219,0.0,3.0412472146891405,42.504294792684576,down,up,up,down,0.0099413135145043,0.0015659262842877,-7.910802925708111,-103.48952876674964,30.813
6.155999999999999,0.7822866699251296,0.1292635113539848,3.0530184273795395,42.577249844254695,down,up,up,down,0.0099413135145043,0.0015659262842877,-7.910802925708111,-103.48952876674964,30.828
6.172000000000001,0.7823835481634767,0.0,3.065560843944798,42.65487405689545,down,up,up,down,0.0099413135145043,0.0015659262842877,-7.910802925708111,-103.48952876674964,30.844
6.187999999999999,0.782494798535101,0.0,3.078104925538934,42.73229757755091,down,up,up,down,0.0099413135145043,0.0015659262842877,-7.910802925708111,-103.48952876674964,30.86
6.202999999999999,0.7828515215689968,0.013840222078554,3.0898685118339797,42.80469982065624,down,up,up,down,0.0099413135145043,0.0015659262842877,-7.910802925708111,-103.48952876674964,30.875
6.218999999999998,0.7827962198530631,0.013397670760361401,3.1024187485859036,42.881734369384205,down,up,up,down,0.0099413135145043,0.0015659262842877,-7.910802925708111,-103.48952876674964,30.891
6.233999999999998,0.7829754506196629,0.0,3.114185525008714,42.95377188121786,down,up,up,down,0.0099413135145043,0.0015659262842877,-7.910802925708111,-103.48952876674964,30.906
6.25,0.78316987663354,0.0,3.126739742447289,43.03041732588956,down,up,up,down,0.0099413135145043,0.0015659262842877,-7.910802925708111,-103.48952876674964,30.922
6.265999999999998,0.7826107480312814,0.0448868511556704,3.139291042265155,43.10686192642318,down,up,up,down,0.0099413135145043,0.0015659262842877,-7.910802925708111,-103.48952876674964,30.938
6.280999999999999,0.7829799336324594,0.014671059897364398,3.1510564612718976,43.178346364032265,down,up,up,down,0.0099413135145043,0.0015659262842877,-7.910802925708111,-103.48952876674964,30.953
6.297000000000001,0.783309569397975,0.0106609218302177,3.1636118321166915,43.2544018644965,down,up,up,down,0.0099413135145043,0.0015659262842877,-7.910802925708111,-103.48952876674964,30.969
6.312999999999999,0.7821443114375253,0.0827699360426217,3.1761605179839227,43.33025653250705,down,up,up,down,0.0099413135145043,0.0015659262842877,-7.910802925708111,-103.48952876674964,30.985
6.327999999999999,0.7836400141275988,0.08977219915705759,3.187927389319926,43.40118791708788,down,up,up,down,0.0099413135145043,0.0015659262842877,-7.910802925708111,-103.48952876674964,31.0
6.343999999999998,0.7850964669138225,0.08108698562448999,3.200502335988804,43.476653326096724,down,up,up,down,0.0099413135145043,0.0015659262842877,-7.910802925708111,-103.48952876674964,31.016
6.358999999999998,0.7856686191323909,0.0282021677233898,3.2123065630284158,43.547219303239714,down,up,up,down,0.0099413135145043,0.0015659262842877,-7.910802925708111,-103.48952876674964,31.031
6.375,0.7854241246802776,0.0252222167715892,3.2249003597994674,43.622294494668424,down,up,up,down,0.0099413135145043,0.0015659262842877,-7.910802925708111,-103.48952876674964,31.047
6.390999999999998,0.7849576972353152,0.0390930288246569,3.2374884691953394,43.697168230847794,down,up,up,down,0.0099413135145043,0.0015659262842877,-7.910802925708111,-103.48952876674964,31.063
6.405999999999999,0.7844660842705924,0.042715511162688104,3.249282636450898,43.76717949144107,down,up,up,down,0.0099413135145043,0.0015659262842877,-7.910802925708111,-103.48952876674964,31.078
6.422000000000001,0.7855164863662569,0.055708817464521894,3.261867551836543,43.84166313674611,down,up,up,down,0.0099413135145043,0.0015659262842877,-7.910802925708111,-103.48952876674964,31.094
6.437999999999999,0.7871464425838912,0.09193095008764979,3.274473910088691,43.91594525186203,down,up,up,down,0.0099413135145043,0.0015659262842877,-7.910802925708111,-103.48952876674964,31.11
6.452999999999999,0.7887069919662526,0.0940953119762509,3.286316299742083,43.985401369173914,down,up,up,down,0.0099413135145043,0.0015659262842877,-7.910802925708111,-103.48952876674964,31.125
6.468999999999998,0.7885023292522462,0.0227327331399076,3.2989590291323783,44.05929201335424,down,up,up,down,0.0099413135145043,0.0015659262842877,-7.910802925708111,-103.48952876674964,31.141
6.483999999999998,0.7880312504529812,0.0413465667988365,3.310806519874431,44.12838081562232,down,up,up,down,0.0099413135145043,0.0015659262842877,-7.910802925708111,-103.48952876674964,31.156
6.5,0.787571661380527,0.038665630542884605,3.32343639798965,44.20187971909074,down,up,up,down,0.0099413135145043,0.0015659262842877,-7.910802925708111,-103.48952876674964,31.172
6.515999999999998,0.7870235909747656,0.0441957138745978,3.3360582148290394,44.2751766089995,down,up,up,down,0.0099413135145043,0.0015659262842877,-7.910802925708111,-103.48952876674964,31.188
6.530999999999999,0.7872306101033288,0.0,3.34788861023139,44.34370905169716,down,up,up,down,0.0099413135145043,0.0015659262842877,-7.910802925708111,-103.48952876674964,31.203
6.547000000000001,0.7874325799848538,0.0,3.360510970572646,44.41661470186206,down,up,up,down,0.0099413135145043,0.0015659262842877,-7.910802925708111,-103.48952876674964,31.219
6.562999999999999,0.7867840809046509,0.0504725060271915,3.3731297586803093,44.48931842283936,down,up,up,down,0.0099413135145043,0.0015659262842877,-7.910802925708111,-103.48952876674964,31.235
6.577999999999999,0.7861849547601985,0.0498830564779998,3.3849505153420605,44.55729486466983,down,up,up,down,0.0099413135145043,0.0015659262842877,-7.910802925708111,-103.48952876674964,31.25
6.593999999999998,0.7872909585559746,0.059183923721515104,3.3975633774691367,44.62960760033867,down,up,up,down,0.0099413135145043,0.0015659262842877,-7.910802925708111,-103.48952876674964,31.266
6.608999999999998,0.7882996824535127,0.057306946321362,3.409403796170973,44.69721739042198,down,up,up,down,0.0099413135145043,0.0015659262842877,-7.910802925708111,-103.48952876674964,31.281
6.625,0.788700701935225,0.015122404092513999,3.422044854066633,44.769138648031415,down,up,up,down,0.0099413135145043,0.0015659262842877,-7.910802925708111,-103.48952876674964,31.297
6.640999999999998,0.789091940453968,0.0145110939069364,3.434692250026294,44.840857598010004,down,up,up,down,0.0099413135145043,0.0015659262842877,-7.910802925708111,-103.48952876674964,31.313
6.655999999999999,0.7893335698624284,0.0,3.4465539302479318,44.90791029554357,down,up,up,down,0.0099413135145043,0.0015659262842877,-7.910802925708111,-103.48952876674964,31.328
6.672000000000001,0.7888839387685973,0.0380432568789458,3.45920472513753,44.97923707311183,down,up,up,down,0.0099413135145043,0.0015659262842877,-7.910802925708111,-103.48952876674964,31.344
6.687999999999999,0.7884452742868095,0.0373578436262419,3.4718484136625207,45.05036149481275,down,up,up,down,0.0099413135145043,0.0015659262842877,-7.910802925708111,-103.48952876674964,31.36
6.702999999999999,0.7884830423320839,0.0,3.4836988649314273,45.116856934108924,down,up,up,down,0.0099413135145043,0.0015659262842877,-7.910802925708111,-103.48952876674964,31.375
6.718999999999998,0.7885198892055225,0.0,3.4963399432042754,45.187589470455165,down,up,up,down,0.0099413135145043,0.0015659262842877,-7.910802925708111,-103.48952876674964,31.391
6.733999999999998,0.788540054868843,0.0,3.508191381679098,45.25371752940417,down,up,up,down,0.0099413135145043,0.0015659262842877,-7.910802925708111,-103.48952876674964,31.406
6.75,0.7888262776277024,0.0,3.520835367159621,45.3240581622248,down,up,up,down,0.0099413135145043,0.0015659262842877,-7.910802925708111,-103.48952876674964,31.422
6.765999999999998,0.7890464684614216,0.0,3.533483403948881,45.394196458867256,down,up,up,down,0.0099413135145043,0.0015659262842877,-7.910802925708111,-103.48952876674964,31.438
6.780999999999999,0.7892872746788555,0.0,3.5453443959166977,45.45976729425389,down,up,up,down,0.0099413135145043,0.0015659262842877,-7.910802925708111,-103.48952876674964,31.453
6.797000000000001,0.7890248864859455,0.0263405755713789,3.5579959480265657,45.5295134183137,down,up,up,down,0.0099413135145043,0.0015659262842877,-7.910802925708111,-103.48952876674964,31.469
6.812999999999999,0.7878652854405015,0.08241637885476169,3.570636124222524,45.59905720854702,down,up,up,down,0.0099413135145043,0.0015659262842877,-7.910802925708111,-103.48952876674964,31.485
6.827999999999999,0.7867302945452845,0.085607373195632,3.5824690799666827,45.664070963401215,down,up,up,down,0.0099413135145043,0.0015659262842877,-7.910802925708111,-103.48952876674964,31.5
6.843999999999998,0.786366376016943,0.032686221535850504,3.595078908151728,45.73322342630759,down,up,up,down,0.0099413135145043,0.0015659262842877,-7.910802925708111,-103.48952876674964,31.516
6.858999999999998,0.7859980172022869,0.0344985678249122,3.606895129995137,45.79787066490711,down,up,up,down,0.0099413135145043,0.0015659262842877,-7.910802925708111,-103.48952876674964,31.531
6.875,0.7857296111506926,0.0267166917391451,3.619494005842511,45.86663239863175,down,up,up,down,0.0099413135145043,0.0015659262842877,-7.910802925708111,-103.48952876674964,31.547
6.890999999999998,0.7854818815273301,0.0254244149746624,3.6320887526044823,45.935192583375496,down,up,up,down,0.0099413135145043,0.0015659262842877,-7.910802925708111,-103.48952876674964,31.563
6.905999999999999,0.786315333150549,0.0456221280334206,3.6439007206088307,45.99928470621201,down,up,up,down,0.0099413135145043,0.0015659262842877,-7.910802925708111,-103.48952876674964,31.578
6.922000000000001,0.785785273069548,0.043070068577062,3.6565025802791418,46.06745432661624,down,up,up,down,0.0099413135145043,0.0015659262842877,-7.910802925708111,-103.48952876674964,31.594
6.937999999999999,0.7852704749407948,0.0421161965615836,3.6690960810837714,46.135422384136675,down,up,up,down,0.0099413135145043,0.0015659262842877,-7.910802925708111,-103.48952876674964,31.61
6.952999999999999,0.7845216481573924,0.0598630990746609,3.680893010901273,46.19895950983242,down,up,up,down,0.0099413135145043,0.0015659262842877,-7.910802925708111,-103.48952876674964,31.625
6.968999999999998,0.7856568555341017,0.061009147529831394,3.6934794937513518,46.26653737660651,down,up,up,down,0.0099413135145043,0.0015659262842877,-7.910802925708111,-103.48952876674964,31.641
6.983999999999998,0.7861072448978081,0.0200846440659245,3.705291213398856,46.329708640188514,down,up,up,down,0.0099413135145043,0.0015659262842877,-7.910802925708111,-103.48952876674964,31.656
7.0,0.7864654533096065,0.012446712222889698,3.717896849805065,46.39689598249423,down,up,up,down,0.0099413135145043,0.0015659262842877,-7.910802925708111,-103.48952876674964,31.672
7.015999999999998,0.7860677084794503,0.0348003653992694,3.730502169919925,46.463881637147765,down,up,up,down,0.0099413135145043,0.0015659262842877,-7.910802925708111,-103.48952876674964,31.688
7.030999999999999,0.7861201756539149,0.0,3.74231706794519,46.5264975367494,down,up,up,down,0.0099413135145043,0.0015659262842877,-7.910802925708111,-103.48952876674964,31.703
7.047000000000001,0.7862184523741664,0.0,3.7549208317899643,46.59309248036287,down,up,up,down,0.0099413135145043,0.0015659262842877,-7.910802925708111,-103.48952876674964,31.719
7.062999999999999,0.7848231453263157,0.09714800400518481,3.7675142193921154,46.659485846764724,down,up,up,down,0.0099413135145043,0.0015659262842877,-7.910802925708111,-103.48952876674964,31.735
7.077999999999999,0.7853658502781844,0.0262390166100743,3.779314125753414,46.721546678061756,down,up,up,down,0.0099413135145043,0.0015659262842877,-7.910802925708111,-103.48952876674964,31.75
7.093999999999998,0.7858673790015871,0.0214042316981679,3.7919090464081995,46.78754973949579,down,up,up,down,0.0099413135145043,0.0015659262842877,-7.910802925708111,-103.48952876674964,31.766
7.108999999999998,0.7872614165637444,0.08299452396264409,3.8037310012692043,46.84924448302384,down,up,up,down,0.0099413135145043,0.0015659262842877,-7.910802925708111,-103.48952876674964,31.781
7.125,0.7886214532097515,0.07506097686093269,3.816363119047942,46.91485657687265,down,up,up,down,0.0099413135145043,0.0015659262842877,-7.910802925708111,-103.48952876674964,31.797
7.140999999999998,0.7902501684415686,0.0918533884740736,3.8290191468417003,46.98026636555686,down,up,up,down,0.0099413135145043,0.0015659262842877,-7.910802925708111,-103.48952876674964,31.813
7.155999999999999,0.7918391589116336,0.09599138448982489,3.840908305691114,47.04140395354848,down,up,up,down,0.0099413135145043,0.0015659262842877,-7.910802925708111,-103.48952876674964,31.828
7.172000000000001,0.7908762756788477,0.07012151556361801,3.853595083988388,47.10642077324239,down,up,up,down,0.0099413135145043,0.0015659262842877,-7.910802925708111,-103.48952876674964,31.844
7.187999999999999,0.7902225443275217,0.0507995229723812,3.866268929368986,47.17123470794685,down,up,up,down,0.0099413135145043,0.0015659262842877,-7.910802925708111,-103.48952876674964,31.86
7.202999999999999,0.7896942520860133,0.0451607962817303,3.8781417942363525,47.23181367140545,down,up,up,down,0.0099413135145043,0.0015659262842877,-7.910802925708111,-103.48952876674964,31.875
7.218999999999998,0.7891788450211266,0.0421542550699284,3.8907978338337568,47.296235001192215,down,up,up,down,0.0099413135145043,0.0015659262842877,-7.910802925708111,-103.48952876674964,31.891
7.233999999999998,0.7898386180705845,0.0340435564493585,3.902663953701209,47.356446081671336,down,up,up,down,0.0099413135145043,0.0015659262842877,-7.910802925708111,-103.48952876674964,31.906
7.25,0.790482299094446,0.030288750476833402,3.915331575859084,47.420474964246196,down,up,up,down,0.0099413135145043,0.0015659262842877,-7.910802925708111,-103.48952876674964,31.922
7.265999999999998,0.7902363249029403,0.025314700483614602,3.9280023796716113,47.48430113941326,down,up,up,down,0.0099413135145043,0.0015659262842877,-7.910802925708111,-103.48952876674964,31.938
7.280999999999999,0.7926093596418546,0.14826100241311438,3.939897211199962,47.543953936367345,down,up,up,down,0.0099413135145043,0.0015659262842877,-7.910802925708111,-103.48952876674964,31.953
7.297000000000001,0.7949245154846967,0.13475592666310648,3.9526225370215244,47.607386625192916,down,up,up,down,0.0099413135145043,0.0015659262842877,-7.910802925708111,-103.48952876674964,31.969
7.312999999999999,0.7946163082498927,0.0292042656897538,3.9653639184319482,47.670615580360604,down,up,up,down,0.0099413135145043,0.0015659262842877,-7.910802925708111,-103.48952876674964,31.985
7.327999999999999,0.794342643661226,0.0281856194256191,3.9773045994655463,47.729707610361984,down,up,up,down,0.0099413135145043,0.0015659262842877,-7.910802925708111,-103.48952876674964,32.0
7.343999999999998,0.7935660622471374,0.0584776518950433,3.9900329239333603,47.792541756986125,down,up,up,down,0.0099413135145043,0.0015659262842877,-7.910802925708111,-103.48952876674964,32.016
7.358999999999998,0.7935754151736187,0.0,4.0019599739082805,47.85126385413794,down,up,up,down,0.0099413135145043,0.0015659262842877,-7.910802925708111,-103.48952876674964,32.031
7.3749999999999964,0.7936053159452605,0.0,4.0146824745777785,47.91370356136137,down,up,up,down,0.0099413135145043,0.0015659262842877,-7.910802925708111,-103.48952876674964,32.047
7.391000000000002,0.794281744469636,0.0323354692589464,4.027410625881652,47.97593966336906,down,up,up,down,0.0099413135145043,0.0015659262842877,-7.910802925708111,-103.48952876674964,32.063
7.406000000000002,0.7947362654346879,0.0203600841556239,4.039351749850198,48.03410098943671,down,up,up,down,0.0099413135145043,0.0015659262842877,-7.910802925708111,-103.48952876674964,32.078
7.422000000000001,0.7951917974235503,0.0185294357893982,4.052096229173611,48.09594225241584,down,up,up,down,0.0099413135145043,0.0015659262842877,-7.910802925708111,-103.48952876674964,32.094
7.437999999999999,0.7956766739309806,0.020363468199895398,4.064848231764994,48.157579543539654,down,up,up,down,0.0099413135145043,0.0015659262842877,-7.910802925708111,-103.48952876674964,32.11
7.452999999999999,0.7961497241821327,0.021595369895632696,4.076810418645108,48.215179147547204,down,up,up,down,0.0099413135145043,0.0015659262842877,-7.910802925708111,-103.48952876674964,32.125
7.468999999999998,0.7967274299662304,0.0261652979916034,4.089578490698843,48.27642088308379,down,up,up,down,0.0099413135145043,0.0015659262842877,-7.910802925708111,-103.48952876674964,32.141
7.483999999999998,0.7972910453653501,0.0276330464268112,4.101557118158094,48.333649409902975,down,up,up,down,0.0099413135145043,0.0015659262842877,-7.910802925708111,-103.48952876674964,32.156
7.4999999999999964,0.7984211179505216,0.060688223058722505,4.114347870285167,48.394495016806744,down,up,up,down,0.0099413135145043,0.0015659262842877,-7.910802925708111,-103.48952876674964,32.172
7.516000000000002,0.7971468336730592,0.08958408085588121,4.1271374687187095,48.455135980906064,down,up,up,down,0.0099413135145043,0.0015659262842877,-7.910802925708111,-103.48952876674964,32.188
7.531000000000002,0.7959004627948811,0.09303270539303621,4.139108812336483,48.51180117768378,down,up,up,down,0.0099413135145043,0.0015659262842877,-7.910802925708111,-103.48952876674964,32.203
7.547000000000001,0.794687865980281,0.08572861442702359,4.151858573787232,48.5720462854061,down,up,up,down,0.0099413135145043,0.0015659262842877,-7.910802925708111,-103.48952876674964,32.219
7.562999999999999,0.7946953444405072,0.0,4.164598694291145,48.632087474072804,down,up,up,down,0.0099413135145043,0.0015659262842877,-7.910802925708111,-103.48952876674964,32.235
7.577999999999999,0.7946104608044813,0.0156002225828959,4.176541976724748,48.688190962925816,down,up,up,down,0.0099413135145043,0.0015659262842877,-7.910802925708111,-103.48952876674964,32.25
7.593999999999998,0.7934371466722734,0.08327344677750559,4.189271412405109,48.74783730262406,down,up,up,down,0.0099413135145043,0.0015659262842877,-7.910802925708111,-103.48952876674964,32.266
7.608999999999998,0.7935950370268792,0.0,4.201197642677117,48.80357082859659,down,up,up,down,0.0099413135145043,0.0015659262842877,-7.910802925708111,-103.48952876674964,32.281
7.6249999999999964,0.7933849731497649,0.02307030583415,4.213918537579078,48.86282274596586,down,up,up,down,0.0099413135145043,0.0015659262842877,-7.910802925708111,-103.48952876674964,32.297
7.641000000000002,0.7931984666645491,0.0215979688404871,4.226636259918146,48.92187115439724,down,up,up,down,0.0099413135145043,0.0015659262842877,-7.910802925708111,-103.48952876674964,32.313
7.656000000000002,0.7931551726593735,0.0128275805262077,4.2385574011073395,48.977044245825184,down,up,up,down,0.0099413135145043,0.0015659262842877,-7.910802925708111,-103.48952876674964,32.328
7.672000000000001,0.793684496075219,0.023141399975839298,4.251277173277764,49.03569841604143,down,up,up,down,0.0099413135145043,0.0015659262842877,-7.910802925708111,-103.48952876674964,32.344
7.687999999999999,0.7942052313350771,0.022604640226635803,4.264005345917593,49.09414900269918,down,up,up,down,0.0099413135145043,0.0015659262842877,-7.910802925708111,-103.48952876674964,32.36
7.702999999999999,0.7943922219464845,0.0,4.275943315711469,49.14876143162259,down,up,up,down,0.0099413135145043,0.0015659262842877,-7.910802925708111,-103.48952876674964,32.375
7.718999999999998,0.7947977834970352,0.015406283394918098,4.288681890575566,49.20681727678361,down,up,up,down,0.0099413135145043,0.0015659262842877,-7.910802925708111,-103.48952876674964,32.391
7.733999999999998,0.7951637678713723,0.0144576447746349,4.300630091105093,49.26105948080665,down,up,up,down,0.0099413135145043,0.0015659262842877,-7.910802925708111,-103.48952876674964,32.406
7.7499999999999964,0.795327052805634,0.0,4.313379072491056,49.318720254309184,down,up,up,down,0.0099413135145043,0.0015659262842877,-7.910802925708111,-103.48952876674964,32.422
7.766000000000002,0.7963192353718966,0.052070096876890896,4.32613729761703,49.376176970159676,down,up,up,down,0.0099413135145043,0.0015659262842877,-7.910802925708111,-103.48952876674964,32.438
7.781000000000002,0.7961098089404448,0.0239030756112925,4.338104004343637,49.429857204280594,down,up,up,down,0.0099413135145043,0.0015659262842877,-7.910802925708111,-103.48952876674964,32.453
7.797000000000001,0.7959081210580017,0.0225468061672009,4.350865202604172,49.48691829743633,down,up,up,down,0.0099413135145043,0.0015659262842877,-7.910802925708111,-103.48952876674964,32.469
7.812999999999999,0.7957936249645154,0.0170973193573949,4.3636238713929,49.54377523165569,down,up,up,down,0.0099413135145043,0.0015659262842877,-7.910802925708111,-103.48952876674964,32.485
7.827999999999999,0.7961045052885289,0.0107840414197279,4.375586596264062,49.59689319703388,down,up,up,down,0.0099413135145043,0.0015659262842877,-7.910802925708111,-103.48952876674964,32.5
7.843999999999998,0.7964133981934278,0.0,4.388351794312465,49.653354536720585,down,up,up,down,0.0099413135145043,0.0015659262842877,-7.910802925708111,-103.48952876674964,32.516
7.858999999999998,0.7967147571250361,0.0101492819260495,4.400323744371619,49.70610151406608,down,up,up,down,0.0099413135145043,0.0015659262842877,-7.910802925708111,-103.48952876674964,32.531
7.8749999999999964,0.794752182651127,0.1326022181338383,4.4130805347103745,49.76216712664474,down,up,up,down,0.0099413135145043,0.0015659262842877,-7.910802925708111,-103.48952876674964,32.547
7.891000000000002,0.792837475847314,0.12961048875277711,4.425806306798915,49.81802887872401,down,up,up,down,0.0099413135145043,0.0015659262842877,-7.910802925708111,-103.48952876674964,32.563
7.906000000000002,0.7920901798609048,0.0597610459417832,4.437716753110991,49.87021449966029,down,up,up,down,0.0099413135145043,0.0015659262842877,-7.910802925708111,-103.48952876674964,32.578
7.922000000000001,0.7922080174983535,0.0,4.450416193510413,49.92568228289865,down,up,up,down,0.0099413135145043,0.0015659262842877,-7.910802925708111,-103.48952876674964,32.594
7.937999999999999,0.7923229810470822,0.0,4.463117496319324,49.98094686019134,down,up,up,down,0.0099413135145043,0.0015659262842877,-7.910802925708111,-103.48952876674964,32.61
7.952999999999999,0.7940486126300623,0.10510079201749889,4.475038772166167,50.032572732063315,down,up,up,down,0.0099413135145043,0.0015659262842877,-7.910802925708111,-103.48952876674964,32.625
7.968999999999998,0.7957321556378485,0.0952801244721429,4.487782073132857,50.087443012112246,down,up,up,down,0.0099413135145043,0.0015659262842877,-7.910802925708111,-103.48952876674964,32.641
7.983999999999998,0.7986216249065965,0.1826899710686885,4.499763215381206,50.13869846633402,down,up,up,down,0.0099413135145043,0.0015659262842877,-7.910802925708111,-103.48952876674964,32.656
7.9999999999999964,0.801440619315132,0.166245837018984,4.512588768155526,50.19317249727705,down,up,up,down,0.0099413135145043,0.0015659262842877,-7.910802925708111,-103.48952876674964,32.672
8.016000000000002,0.8010067465040329,0.0370583642081876,4.5254334019026325,50.24744116672794,down,up,up,down,0.0099413135145043,0.0015659262842877,-7.910802925708111,-103.48952876674964,32.688
8.031000000000002,0.8005834559566178,0.0381606833421751,4.537468817315352,50.29813144396944,down,up,up,down,0.0099413135145043,0.0015659262842877,-7.910802925708111,-103.48952876674964,32.703
8.047,0.8001710526384063,0.0357165209027305,4.550299908204659,50.35200214097661,down,up,up,down,0.0099413135145043,0.0015659262842877,-7.910802925708111,-103.48952876674964,32.719
8.062999999999999,0.799798925279255,0.0331992734614608,4.563124722848548,50.4056675907395,down,up,up,down,0.0099413135145043,0.0015659262842877,-7.910802925708111,-103.48952876674964,32.735
8.078,0.8000752166776834,0.0,4.57514726780749,50.45579259469518,down,up,up,down,0.0099413135145043,0.0015659262842877,-7.910802925708111,-103.48952876674964,32.75
8.093999999999998,0.7995861742021848,0.040506468233172305,4.587969613755076,50.50906050645405,down,up,up,down,0.0099413135145043,0.0015659262842877,-7.910802925708111,-103.48952876674964,32.766
8.108999999999998,0.7974793803655142,0.15039423595920312,4.599971094308598,50.558812995029186,down,up,up,down,0.0099413135145043,0.0015659262842877,-7.910802925708111,-103.48952876674964,32.781
8.124999999999996,0.7954640214238804,0.1359012473666337,4.612739696343461,50.611684155515306,down,up,up,down,0.0099413135145043,0.0015659262842877,-7.910802925708111,-103.48952876674964,32.797
8.141000000000002,0.7935148316260197,0.1317656758807598,4.625476581988413,50.664351272100006,down,up,up,down,0.0099413135145043,0.0015659262842877,-7.910802925708111,-103.48952876674964,32.813
8.156000000000002,0.7923405505172259,0.08822672076742169,4.637393986248751,50.71354178672384,down,up,up,down,0.0099413135145043,0.0015659262842877,-7.910802925708111,-103.48952876674964,32.828
8.172,0.7911647384020508,0.08342957071295201,4.650087083380653,50.76581478497813,down,up,up,down,0.0099413135145043,0.0015659262842877,-7.910802925708111,-103.48952876674964,32.844
8.187999999999999,0.7904608163152513,0.0539364439394766,4.662765142638939,50.81788481398131,down,up,up,down,0.0099413135145043,0.0015659262842877,-7.910802925708111,-103.48952876674964,32.86
8.203,0.7909714128301797,0.0240984541473845,4.674649373251794,50.86651624899774,down,up,up,down,0.0099413135145043,0.0015659262842877,-7.910802925708111,-103.48952876674964,32.875
8.218999999999998,0.7914007525273341,0.0168924175576498,4.687333405395202,50.918193233579885,down,up,up,down,0.0099413135145043,0.0015659262842877,-7.910802925708111,-103.48952876674964,32.891
8.233999999999998,0.7907837989537168,0.0510715517556595,4.699223278425574,50.96645610233686,down,up,up,down,0.0099413135145043,0.0015659262842877,-7.910802925708111,-103.48952876674964,32.906
8.249999999999996,0.7888780667970803,0.1290495733042971,4.711885628172127,51.0177400778954,down,up,up,down,0.0099413135145043,0.0015659262842877,-7.910802925708111,-103.48952876674964,32.922
8.266000000000002,0.7881519401775794,0.0553242272332946,4.724526923048478,51.06882162429697,down,up,up,down,0.0099413135145043,0.0015659262842877,-7.910802925708111,-103.48952876674964,32.938
8.281000000000002,0.7874374507859638,0.0575739396222063,4.736367332374969,51.11652696126693,down,up,up,down,0.0099413135145043,0.0015659262842877,-7.910802925708111,-103.48952876674964,32.953
8.297,0.7881372716562414,0.0337974908778464,4.7489969849750535,51.16721689353945,down,up,up,down,0.0099413135145043,0.0015659262842877,-7.910802925708111,-103.48952876674964,32.969
8.312999999999999,0.7873835357598065,0.0570498070416909,4.761626206254929,51.21770475482093,down,up,up,down,0.0099413135145043,0.0015659262842877,-7.910802925708111,-103.48952876674964,32.985
8.328,0.78665341968094,0.0586157187722635,4.773454972314999,51.26485368986728,down,up,up,down,0.0099413135145043,0.0015659262842877,-7.910802925708111,-103.48952876674964,33.0
8.343999999999998,0.7857473784080078,0.0665688930727765,4.786059233520259,51.31495042303193,down,up,up,down,0.0099413135145043,0.0015659262842877,-7.910802925708111,-103.48952876674964,33.016
8.358999999999998,0.7859863896841546,0.0,4.797870725675215,51.361732992223594,down,up,up,down,0.0099413135145043,0.0015659262842877,-7.910802925708111,-103.48952876674964,33.031
8.374999999999996,0.7862396146214952,0.0,4.810473588530208,51.41143908452126,down,up,up,down,0.0099413135145043,0.0015659262842877,-7.910802925708111,-103.48952876674964,33.047
8.391000000000002,0.7865920328626927,0.0120848265603372,4.823081296530633,51.46094349225213,down,up,up,down,0.0099413135145043,0.0015659262842877,-7.910802925708111,-103.48952876674964,33.063
8.406000000000002,0.786890587517389,0.0,4.834905905077749,51.50717063212569,down,up,up,down,0.0099413135145043,0.0015659262842877,-7.910802925708111,-103.48952876674964,33.078
8.422,0.7865401730594836,0.0318422171335942,4.84751840598291,51.556284084448535,down,up,up,down,0.0099413135145043,0.0015659262842877,-7.910802925708111,-103.48952876674964,33.094
8.437999999999999,0.7862708768032185,0.026772329531078002,4.860125949202359,51.60519577641837,down,up,up,down,0.0099413135145043,0.0015659262842877,-7.910802925708111,-103.48952876674964,33.11
8.453,0.7866159751861481,0.0130652453474695,4.871946089486545,51.65086728001383,down,up,up,down,0.0099413135145043,0.0015659262842877,-7.910802925708111,-103.48952876674964,33.125
8.468999999999998,0.7870586242176376,0.017724250953592098,4.8845605411023225,51.69938807378044,down,up,up,down,0.0099413135145043,0.0015659262842877,-7.910802925708111,-103.48952876674964,33.141
8.483999999999998,0.787509609987822,0.020124404497789898,4.896393291753127,51.74469296391966,down,up,up,down,0.0099413135145043,0.0015659262842877,-7.910802925708111,-103.48952876674964,33.156
8.499999999999996,0.787949596105074,0.017557818813744498,4.909022020222418,51.79282248823519,down,up,up,down,0.0099413135145043,0.0015659262842877,-7.910802925708111,-103.48952876674964,33.172
8.516000000000002,0.786776842688214,0.08323840206822741,4.921644886553317,51.84074999979232,down,up,up,down,0.0099413135145043,0.0015659262842877,-7.910802925708111,-103.48952876674964,33.188
8.531000000000002,0.7848648287473079,0.1374089095749075,4.933455687983349,51.885498789368924,down,up,up,down,0.0099413135145043,0.0015659262842877,-7.910802925708111,-103.48952876674964,33.203
8.547,0.7830390033449035,0.1240554011647913,4.946023973460633,51.933035798888696,down,up,up,down,0.0099413135145043,0.0015659262842877,-7.910802925708111,-103.48952876674964,33.219
8.562999999999999,0.7821402873228269,0.066111064894297,4.958570462606522,51.98037189021149,down,up,up,down,0.0099413135145043,0.0015659262842877,-7.910802925708111,-103.48952876674964,33.235
8.578,0.7816298775477737,0.0439686318513852,4.9703222277373165,52.024567238919545,down,up,up,down,0.0099413135145043,0.0015659262842877,-7.910802925708111,-103.48952876674964,33.25
8.593999999999998,0.7810779636011418,0.0444359351790017,4.982848945287055,52.07151471634667,down,up,up,down,0.0099413135145043,0.0015659262842877,-7.910802925708111,-103.48952876674964,33.266
8.608999999999998,0.7805395109702804,0.0458381555719286,4.994584565240606,52.11534600890333,down,up,up,down,0.0099413135145043,0.0015659262842877,-7.910802925708111,-103.48952876674964,33.281
8.624999999999996,0.7807542480893925,0.0,5.0070999701336305,52.16190537943167,down,up,up,down,0.0099413135145043,0.0015659262842877,-7.910802925708111,-103.48952876674964,33.297
8.641000000000002,0.7814772235406302,0.0352446521878351,5.019622876727222,52.20826444346814,down,up,up,down,0.0099413135145043,0.0015659262842877,-7.910802925708111,-103.48952876674964,33.313
8.656000000000002,0.7821825654442769,0.0370814800619394,5.031373814038874,52.25154401217303,down,up,up,down,0.0099413135145043,0.0015659262842877,-7.910802925708111,-103.48952876674964,33.328
8.672,0.7825761034383163,0.0146548111129612,5.043916938210483,52.29751453296636,down,up,up,down,0.0099413135145043,0.0015659262842877,-7.910802925708111,-103.48952876674964,33.344
8.687999999999999,0.7829600429446959,0.0140549056342236,5.056466282202093,52.34328431401438,down,up,up,down,0.0099413135145043,0.0015659262842877,-7.910802925708111,-103.48952876674964,33.36
8.703,0.7832960174885599,0.0124569894097632,5.0682366915496075,52.38601108559688,down,up,up,down,0.0099413135145043,0.0015659262842877,-7.910802925708111,-103.48952876674964,33.375
8.718999999999998,0.7847842370150229,0.08307240688943979,5.080806388406184,52.431391587768545,down,up,up,down,0.0099413135145043,0.0015659262842877,-7.910802925708111,-103.48952876674964,33.391
8.733999999999998,0.7847818582136554,0.010099900272333701,5.092601623014664,52.47375307156851,down,up,up,down,0.0099413135145043,0.0015659262842877,-7.910802925708111,-103.48952876674964,33.406
8.749999999999996,0.7860263975105788,0.0678423925432145,5.105193143881005,52.51874356024466,down,up,up,down,0.0099413135145043,0.0015659262842877,-7.910802925708111,-103.48952876674964,33.422
8.766000000000002,0.7872917554832899,0.0691435597799131,5.117804743925509,52.56353242395356,down,up,up,down,0.0099413135145043,0.0015659262842877,-7.910802925708111,-103.48952876674964,33.438
8.781000000000002,0.7878038870568869,0.024200791391959298,5.129641450138825,52.605338621383694,down,up,up,down,0.0099413135145043,0.0015659262842877,-7.910802925708111,-103.48952876674964,33.453
8.797,0.7884889785507738,0.0328769048534352,5.142276847884233,52.64973612181085,down,up,up,down,0.0099413135145043,0.0015659262842877,-7.910802925708111,-103.48952876674964,33.469
8.812999999999999,0.7892317711104369,0.0364832214644402,5.15492366870207,52.69393136448947,down,up,up,down,0.0099413135145043,0.0015659262842877,-7.910802925708111,-103.48952876674964,33.485
8.828,0.788519185646475,0.0574470111119559,5.166780289772012,52.735180628686535,down,up,up,down,0.0099413135145043,0.0015659262842877,-7.910802925708111,-103.48952876674964,33.5
8.843999999999998,0.7892826338780647,0.0377742009598566,5.179427759148755,52.7789838111065,down,up,up,down,0.0099413135145043,0.0015659262842877,-7.910802925708111,-103.48952876674964,33.516
8.858999999999998,0.7900207559356058,0.0392668236548998,5.191296023466623,52.81986542662251,down,up,up,down,0.0099413135145043,0.0015659262842877,-7.910802925708111,-103.48952876674964,33.531
8.874999999999996,0.7879717740878363,0.1380026790001172,5.2039450185273575,52.86327634509787,down,up,up,down,0.0099413135145043,0.0015659262842877,-7.910802925708111,-103.48952876674964,33.547
8.891000000000002,0.7866924061768685,0.08990180794996011,5.216567386790028,52.90648509266667,down,up,up,down,0.0099413135145043,0.0015659262842877,-7.910802925708111,-103.48952876674964,33.563
8.906000000000002,0.7874831115780143,0.0427723798952127,5.228397192067455,52.94680990221086,down,up,up,down,0.0099413135145043,0.0015659262842877,-7.910802925708111,-103.48952876674964,33.578
8.922,0.7882040914027542,0.0351199255317408,5.241027744511848,52.989627349529556,down,up,up,down,0.0099413135145043,0.0015659262842877,-7.910802925708111,-103.48952876674964,33.594
8.937999999999999,0.7865409521940041,0.113887514061394,5.25365075968117,53.03224276830734,down,up,up,down,0.0099413135145043,0.0015659262842877,-7.910802925708111,-103.48952876674964,33.61
8.953,0.7871561024441309,0.031068703160615198,5.26547697648522,53.07201135417172,down,up,up,down,0.0099413135145043,0.0015659262842877,-7.910802925708111,-103.48952876674964,33.625
8.968999999999998,0.787747524079121,0.0270225386723773,5.278101260317953,53.114235575088614,down,up,up,down,0.0099413135145043,0.0015659262842877,-7.910802925708111,-103.48952876674964,33.641
8.983999999999998,0.7878741463086971,0.0,5.289941911740127,53.1536372951838,down,up,up,down,0.0099413135145043,0.0015659262842877,-7.910802925708111,-103.48952876674964,33.656
8.999999999999996,0.7875477378901792,0.0303418396718779,5.302570341634265,53.19547004396814,down,up,up,down,0.0099413135145043,0.0015659262842877,-7.910802925708111,-103.48952876674964,33.672
9.016000000000002,0.7872323266463805,0.0296545162519124,5.31519363697111,53.23710077895065,down,up,up,down,0.0099413135145043,0.0015659262842877,-7.910802925708111,-103.48952876674964,33.688
9.031000000000002,0.7868987661347777,0.0321786809546918,5.327023109061234,53.275946197241026,down,up,up,down,0.0099413135145043,0.0015659262842877,-7.910802925708111,-103.48952876674964,33.703
9.047,0.7866817033184557,0.0235077395346342,5.339636807637406,53.31718576471876,down,up,up,down,0.0099413135145043,0.0015659262842877,-7.910802925708111,-103.48952876674964,33.719
9.062999999999999,0.7847786561154049,0.1288817637051917,5.352233545333425,53.35822364870633,down,up,up,down,0.0099413135145043,0.0015659262842877,-7.910802925708111,-103.48952876674964,33.735
9.078,0.7829500481403198,0.1318485118535067,5.364014999509608,53.39651382850563,down,up,up,down,0.0099413135145043,0.0015659262842877,-7.910802925708111,-103.48952876674964,33.75
9.093999999999998,0.7823890492078167,0.045003746795949,5.37656276710894,53.437162053184,down,up,up,down,0.0099413135145043,0.0015659262842877,-7.910802925708111,-103.48952876674964,33.766
9.108999999999998,0.7818417331761065,0.0464290489618502,5.388317986871083,53.47508749141478,down,up,up,down,0.0099413135145043,0.0015659262842877,-7.910802925708111,-103.48952876674964,33.781
9.124999999999996,0.7806123959508149,0.0867748900952387,5.400842674724647,53.515347052933336,down,up,up,down,0.0099413135145043,0.0015659262842877,-7.910802925708111,-103.48952876674964,33.797
9.141000000000002,0.7811280211215976,0.022285259659406198,5.413361652881778,53.555406265123835,down,up,up,down,0.0099413135145043,0.0015659262842877,-7.910802925708111,-103.48952876674964,33.813
9.156000000000002,0.7813348515735505,0.0,5.425103613321257,53.59277981951293,down,up,up,down,0.0099413135145043,0.0015659262842877,-7.910802925708111,-103.48952876674964,33.828
9.172,0.7815395174532078,0.0,5.437631663094018,53.63245078411292,down,up,up,down,0.0099413135145043,0.0015659262842877,-7.910802925708111,-103.48952876674964,33.844
9.187999999999999,0.7802202663786435,0.09239450567478341,5.45015079618522,53.67192137125001,down,up,up,down,0.0099413135145043,0.0015659262842877,-7.910802925708111,-103.48952876674964,33.86
9.203,0.7802300654418417,0.0,5.4618776625681384,53.708743201694986,down,up,up,down,0.0099413135145043,0.0015659262842877,-7.910802925708111,-103.48952876674964,33.875
9.218999999999998,0.7802396255034978,0.0,5.474386474916248,53.747825935406425,down,up,up,down,0.0099413135145043,0.0015659262842877,-7.910802925708111,-103.48952876674964,33.891
9.233999999999998,0.7792711766094236,0.07450457311944941,5.486106294826359,53.78428428351894,down,up,up,down,0.0099413135145043,0.0015659262842877,-7.910802925708111,-103.48952876674964,33.906
9.249999999999996,0.778326348420082,0.0689930753483612,5.498592129847143,53.82297954293291,down,up,up,down,0.0099413135145043,0.0015659262842877,-7.910802925708111,-103.48952876674964,33.922
9.266000000000002,0.7793663672290947,0.055059862048769094,5.511078726392889,53.86147502289434,down,up,up,down,0.0099413135145043,0.0015659262842877,-7.910802925708111,-103.48952876674964,33.938
9.281000000000002,0.779904497488122,0.025934037087312296,5.522796746772533,53.89738300073121,down,up,up,down,0.0099413135145043,0.0015659262842877,-7.910802925708111,-103.48952876674964,33.953
9.297,0.7803850484808645,0.0200931235319101,5.535304117960832,53.93549104062468,down,up,up,down,0.0099413135145043,0.0015659262842877,-7.910802925708111,-103.48952876674964,33.969
9.312999999999999,0.779284211851671,0.07874360283911061,5.54780652686404,53.97339900227742,down,up,up,down,0.0099413135145043,0.0015659262842877,-7.910802925708111,-103.48952876674964,33.985
9.328,0.7795214490559488,0.0,5.559521058215111,54.00875608927494,down,up,up,down,0.0099413135145043,0.0015659262842877,-7.910802925708111,-103.48952876674964,34.0
9.343999999999998,0.7781931181815391,0.09296199316511619,5.572007829573559,54.04627670498395,down,up,up,down,0.0099413135145043,0.0015659262842877,-7.910802925708111,-103.48952876674964,34.016
9.358999999999998,0.776897185621138,0.0963368175412456,5.583694495746344,54.08127098142968,down,up,up,down,0.0099413135145043,0.0015659262842877,-7.910802925708111,-103.48952876674964,34.031
9.374999999999996,0.7774841879010896,0.026746328982479396,5.596154601555069,54.1184050354626,down,up,up,down,0.0099413135145043,0.0015659262842877,-7.910802925708111,-103.48952876674964,34.047
9.391000000000002,0.77847790613672,0.0521660762123702,5.6086273531279245,54.15533962663649,down,up,up,down,0.0099413135145043,0.0015659262842877,-7.910802925708111,-103.48952876674964,34.063
9.406000000000002,0.779369535945797,0.0495006737572993,5.620334697837809,54.18978445513987,down,up,up,down,0.0099413135145043,0.0015659262842877,-7.910802925708111,-103.48952876674964,34.078
9.422,0.7807144905793582,0.0741183510830738,5.632840424870556,54.22633190096953,down,up,up,down,0.0099413135145043,0.0015659262842877,-7.910802925708111,-103.48952876674964,34.094
9.437999999999999,0.7819134915326558,0.0649962460666047,5.645366503548001,54.26267909235351,down,up,up,down,0.0099413135145043,0.0015659262842877,-7.910802925708111,-103.48952876674964,34.11
9.453,0.7808134683820054,0.0832761902245272,5.657110444641625,54.29657255912771,down,up,up,down,0.0099413135145043,0.0015659262842877,-7.910802925708111,-103.48952876674964,34.125
9.468999999999998,0.7797402750642988,0.0770158958711748,5.669619929409743,54.33253156294661,down,up,up,down,0.0099413135145043,0.0015659262842877,-7.910802925708111,-103.48952876674964,34.141
9.483999999999998,0.77902038393872,0.0579340552197556,5.681334123246531,54.36606145143732,down,up,up,down,0.0099413135145043,0.0015659262842877,-7.910802925708111,-103.48952876674964,34.156
9.499999999999996,0.778322148181271,0.0535810483550706,5.693817918324037,54.401633081916074,down,up,up,down,0.0099413135145043,0.0015659262842877,-7.910802925708111,-103.48952876674964,34.172
9.516000000000002,0.7772428921281449,0.07739481683486221,5.706287493467066,54.437005085433086,down,up,up,down,0.0099413135145043,0.0015659262842877,-7.910802925708111,-103.48952876674964,34.188
9.531000000000002,0.7769555673919655,0.029096295926465402,5.717967470807731,54.46998521708666,down,up,up,down,0.0099413135145043,0.0015659262842877,-7.910802925708111,-103.48952876674964,34.203
9.547,0.7782538943662054,0.0712041223755,5.730434201322344,54.504970850520934,down,up,up,down,0.0099413135145043,0.0015659262842877,-7.910802925708111,-103.48952876674964,34.219
9.562999999999999,0.7795123680074028,0.068713289060339,5.74292138624188,54.539756852631754,down,up,up,down,0.0099413135145043,0.0015659262842877,-7.910802925708111,-103.48952876674964,34.235
9.578,0.78159194096928,0.12869688394397158,5.75465315745347,54.57218708743967,down,up,up,down,0.0099413135145043,0.0015659262842877,-7.910802925708111,-103.48952876674964,34.25
9.593999999999998,0.781984416618208,0.014588414543496499,5.7671868231347165,54.60658521440628,down,up,up,down,0.0099413135145043,0.0015659262842877,-7.910802925708111,-103.48952876674964,34.266
9.608999999999998,0.7824203731434185,0.019122454832865,5.778943347952194,54.63865128200875,down,up,up,down,0.0099413135145043,0.0015659262842877,-7.910802925708111,-103.48952876674964,34.281
9.624999999999996,0.7834542997640792,0.054679100276797,5.791495400156002,54.67266061883522,down,up,up,down,0.0099413135145043,0.0015659262842877,-7.910802925708111,-103.48952876674964,34.297
9.641000000000002,0.7839081028797228,0.01842138121321,5.804059354197705,54.70646902761173,down,up,up,down,0.0099413135145043,0.0015659262842877,-7.910802925708111,-103.48952876674964,34.313
9.656000000000002,0.7843008641166147,0.0162427689449556,5.815844410344441,54.73798179326333,down,up,up,down,0.0099413135145043,0.0015659262842877,-7.910802925708111,-103.48952876674964,34.328
9.672,0.784354940535172,0.0,5.828418711602204,54.77140053509906,down,up,up,down,0.0099413135145043,0.0015659262842877,-7.910802925708111,-103.48952876674964,34.344
9.687999999999999,0.785063416815186,0.0343384539863771,5.840999113281553,54.80461803931131,down,up,up,down,0.0099413135145043,0.0015659262842877,-7.910802925708111,-103.48952876674964,34.36
9.703,0.7868354881622803,0.10819677629178051,5.852811843963149,54.8355765010176,down,up,up,down,0.0099413135145043,0.0015659262842877,-7.910802925708111,-103.48952876674964,34.375
9.718999999999998,0.7885853285128466,0.09942370839589801,5.865440265317098,54.86840333095468,down,up,up,down,0.0099413135145043,0.0015659262842877,-7.910802925708111,-103.48952876674964,34.391
9.733999999999998,0.7889316316811588,0.013145564372974098,5.877295131412817,54.898994859364834,down,up,up,down,0.0099413135145043,0.0015659262842877,-7.910802925708111,-103.48952876674964,34.406
9.749999999999996,0.7899270289558213,0.0522710161519137,5.88995105551846,54.9314297366807,down,up,up,down,0.0099413135145043,0.0015659262842877,-7.910802925708111,-103.48952876674964,34.422
9.766000000000002,0.7909340281754496,0.0529961377122379,5.902622998796063,54.96366199105752,down,up,up,down,0.0099413135145043,0.0015659262842877,-7.910802925708111,-103.48952876674964,34.438
9.781000000000002,0.7917163842807664,0.0422157601732837,5.914516365783747,54.9936954897088,down,up,up,down,0.0099413135145043,0.0015659262842877,-7.910802925708111,-103.48952876674964,34.453
9.797,0.7911615966443932,0.0446155407878317,5.927204444451695,55.02553457003823,down,up,up,down,0.0099413135145043,0.0015659262842877,-7.910802925708111,-103.48952876674964,34.469
9.812999999999999,0.7906640349048946,0.0410389222331742,5.939884104324636,55.05717070845934,down,up,up,down,0.0099413135145043,0.0015659262842877,-7.910802925708111,-103.48952876674964,34.485
9.828,0.7894780143134401,0.089009352944798,5.951758658588038,55.086645431623126,down,up,up,down,0.0099413135145043,0.0015659262842877,-7.910802925708111,-103.48952876674964,34.5
9.843999999999998,0.7883209210534847,0.082259642261724,5.964406104891521,55.117888960326624,down,up,up,down,0.0099413135145043,0.0015659262842877,-7.910802925708111,-103.48952876674964,34.516
9.858999999999998,0.7872371125637265,0.08219521283171469,5.976246279037915,55.14699611133277,down,up,up,down,0.0099413135145043,0.0015659262842877,-7.910802925708111,-103.48952876674964,34.531
9.874999999999996,0.786183514300264,0.0757912049809189,5.988858698873374,55.177848118320796,down,up,up,down,0.0099413135145043,0.0015659262842877,-7.910802925708111,-103.48952876674964,34.547
9.891000000000002,0.786491205484845,0.0,6.001465151452208,55.20849837432952,down,up,up,down,0.0099413135145043,0.0015659262842877,-7.910802925708111,-103.48952876674964,34.563
9.906000000000002,0.7865936871049506,0.0,6.0132867770408955,55.237049778751455,down,up,up,down,0.0099413135145043,0.0015659262842877,-7.910802925708111,-103.48952876674964,34.578
9.922,0.7866936691733457,0.0,6.02589813071167,55.267309146300775,down,up,up,down,0.0099413135145043,0.0015659262842877,-7.910802925708111,-103.48952876674964,34.594
9.937999999999999,0.7845109323885069,0.1463623625669457,6.038492822344711,55.29736686548766,down,up,up,down,0.0099413135145043,0.0015659262842877,-7.910802925708111,-103.48952876674964,34.61
9.953,0.7823814330862255,0.1519079336665886,6.050268003980037,55.325363203175854,down,up,up,down,0.0099413135145043,0.0015659262842877,-7.910802925708111,-103.48952876674964,34.625
9.968999999999998,0.7826751479953362,0.0,6.062813511449237,55.355031397863755,down,up,up,down,0.0099413135145043,0.0015659262842877,-7.910802925708111,-103.48952876674964,34.641
9.983999999999998,0.7829616991261759,0.0,6.0745792766969124,55.38266299583829,down,up,up,down,0.0099413135145043,0.0015659262842877,-7.910802925708111,-103.48952876674964,34.656
9.999999999999996,0.7830222028488514,0.0,6.08713220273326,55.41194215081417,down,up,up,down,0.0099413135145043,0.0015659262842877,-7.910802925708111,-103.48952876674964,34.672
10.016000000000002,0.7810780073259416,0.1314535336963267,6.099670059235211,55.44102057952976,down,up,up,down,0.0099413135145043,0.0015659262842877,-7.910802925708111,-103.48952876674964,34.688
10.031000000000002,0.780301717093355,0.0616939956869369,6.111403896062621,55.468099568750645,down,up,up,down,0.0099413135145043,0.0015659262842877,-7.910802925708111,-103.48952876674964,34.703
10.047,0.7795291983514403,0.0582237348841815,6.123907598206727,55.49678992360781,down,up,up,down,0.0099413135145043,0.0015659262842877,-7.910802925708111,-103.48952876674964,34.719
10.062999999999999,0.7799034287838342,0.013448088510118798,6.1364081140443565,55.52528024472112,down,up,up,down,0.0099413135145043,0.0015659262842877,-7.910802925708111,-103.48952876674964,34.735
10.078,0.7818104589198764,0.1171940288883048,6.148144457096398,55.551808144323175,down,up,up,down,0.0099413135145043,0.0015659262842877,-7.910802925708111,-103.48952876674964,34.75
10.093999999999998,0.7836968537383218,0.10795836263834149,6.1606935704182115,55.5799102869144,down,up,up,down,0.0099413135145043,0.0015659262842877,-7.910802925708111,-103.48952876674964,34.766
10.108999999999998,0.7849416575679609,0.0730456084614323,6.172481848147273,55.60607351516079,down,up,up,down,0.0099413135145043,0.0015659262842877,-7.910802925708111,-103.48952876674964,34.781
10.124999999999996,0.7844493494660885,0.040710569881532405,6.185062031024093,55.63378601093875,down,up,up,down,0.0099413135145043,0.0015659262842877,-7.910802925708111,-103.48952876674964,34.797
10.141000000000002,0.7849419058175755,0.0208434584534253,6.197642215886915,55.66129722377481,down,up,up,down,0.0099413135145043,0.0015659262842877,-7.910802925708111,-103.48952876674964,34.813
10.156000000000002,0.7854191138008826,0.0218725520392999,6.209443412428318,55.68690612544806,down,up,up,down,0.0099413135145043,0.0015659262842877,-7.910802925708111,-103.48952876674964,34.828
10.172,0.7857089755242974,0.0,6.222037491963467,55.71402712502426,down,up,up,down,0.0099413135145043,0.0015659262842877,-7.910802925708111,-103.48952876674964,34.844
10.187999999999999,0.7852483505544914,0.038730374127384504,6.234630205392644,55.740946630256744,down,up,up,down,0.0099413135145043,0.0015659262842877,-7.910802925708111,-103.48952876674964,34.86
10.203,0.7848036216339498,0.039589908217275996,6.246429084078322,55.766000729471344,down,up,up,down,0.0099413135145043,0.0015659262842877,-7.910802925708111,-103.48952876674964,34.875
10.218999999999998,0.7851254138841206,0.010170702121173901,6.259013571183014,55.79253003504057,down,up,up,down,0.0099413135145043,0.0015659262842877,-7.910802925708111,-103.48952876674964,34.891
10.233999999999998,0.7850403215519499,0.015614135659216601,6.27081330309305,55.817218377369116,down,up,up,down,0.0099413135145043,0.0015659262842877,-7.910802925708111,-103.48952876674964,34.906
10.249999999999996,0.7849798830168968,0.013718721955324,6.283398519550148,55.84335752959929,down,up,up,down,0.0099413135145043,0.0015659262842877,-7.910802925708111,-103.48952876674964,34.922
10.266000000000002,0.7851382801956976,0.0,6.295984519676401,55.86929531209681,down,up,up,down,0.0099413135145043,0.0015659262842877,-7.910802925708111,-103.48952876674964,34.938
10.281000000000002,0.7845744965641579,0.0475268889504861,6.3077808543963645,55.89342911567688,down,up,up,down,0.0099413135145043,0.0015659262842877,-7.910802925708111,-103.48952876674964,34.953
10.297,0.7840559171818455,0.0423525249090308,6.3203549525268805,55.91897687603283,down,up,up,down,0.0099413135145043,0.0015659262842877,-7.910802925708111,-103.48952876674964,34.969
10.312999999999999,0.7835995400307283,0.0384648854593347,6.3329212510051285,55.944323513215906,down,up,up,down,0.0099413135145043,0.0015659262842877,-7.910802925708111,-103.48952876674964,34.985
10.328,0.7831449654829985,0.0402462833631559,6.344695323690746,55.96790343279132,down,up,up,down,0.0099413135145043,0.0015659262842877,-7.910802925708111,-103.48952876674964,35.0
10.343999999999998,0.783811421804371,0.0317122065712828,6.357256029609592,55.99286066877623,down,up,up,down,0.0099413135145043,0.0015659262842877,-7.910802925708111,-103.48952876674964,35.016
10.358999999999998,0.784466456005223,0.0337276332089607,6.369041602587428,56.01607548042038,down,up,up,down,0.0099413135145043,0.0015659262842877,-7.910802925708111,-103.48952876674964,35.031
10.374999999999996,0.7848693989791187,0.015242622353976401,6.381621344247851,56.04064302365704,down,up,up,down,0.0099413135145043,0.0015659262842877,-7.910802925708111,-103.48952876674964,35.047
10.391000000000002,0.7847721041292086,0.0160222416338808,6.39420353109327,56.065009271465655,down,up,up,down,0.0099413135145043,0.0015659262842877,-7.910802925708111,-103.48952876674964,35.063
10.406000000000002,0.7846663821726363,0.0169894439526589,6.405997808634798,56.08766980530332,down,up,up,down,0.0099413135145043,0.0015659262842877,-7.910802925708111,-103.48952876674964,35.078
10.422,0.7848230611756346,0.0,6.418578779002132,56.11164603941354,down,up,up,down,0.0099413135145043,0.0015659262842877,-7.910802925708111,-103.48952876674964,35.094
10.437999999999999,0.784815504946172,0.0104135778559155,6.431160942351654,56.13542096845403,down,up,up,down,0.0099413135145043,0.0015659262842877,-7.910802925708111,-103.48952876674964,35.11
10.453,0.7848081330149892,0.0104327755933597,6.442956608530627,56.15752713070803,down,up,up,down,0.0099413135145043,0.0015659262842877,-7.910802925708111,-103.48952876674964,35.125
10.468999999999998,0.786065380965514,0.068636683393307,6.455548651463018,56.1809119354394,down,up,up,down,0.0099413135145043,0.0015659262842877,-7.910802925708111,-103.48952876674964,35.141
10.483999999999998,0.7868060237041767,0.0394348690630071,6.467368675892306,56.20265209936984,down,up,up,down,0.0099413135145043,0.0015659262842877,-7.910802925708111,-103.48952876674964,35.156
10.499999999999996,0.7875286019857981,0.035219829086836,6.4799884077183725,56.225646089512296,down,up,up,down,0.0099413135145043,0.0015659262842877,-7.910802925708111,-103.48952876674964,35.172
10.516000000000002,0.787525508835552,0.010134635404889101,6.492613895425496,56.24843811789849,down,up,up,down,0.0099413135145043,0.0015659262842877,-7.910802925708111,-103.48952876674964,35.188
10.531000000000002,0.7870112424861535,0.0442257368077323,6.5044464099546735,56.26962220949376,down,up,up,down,0.0099413135145043,0.0015659262842877,-7.910802925708111,-103.48952876674964,35.203
10.547,0.7866790134352843,0.030705629193829,6.517060986822592,56.29202299713087,down,up,up,down,0.0099413135145043,0.0015659262842877,-7.910802925708111,-103.48952876674964,35.219
10.562999999999999,0.7863938842961105,0.027761884712874302,6.529670624824991,56.314221991049024,down,up,up,down,0.0099413135145043,0.0015659262842877,-7.910802925708111,-103.48952876674964,35.235
10.578,0.7861157095261859,0.0284862981761391,6.541487935672923,56.33485034573091,down,up,up,down,0.0099413135145043,0.0015659262842877,-7.910802925708111,-103.48952876674964,35.25
10.593999999999998,0.7844838233915823,0.11193419692724249,6.554077786756812,56.35665866676278,down,up,up,down,0.0099413135145043,0.0015659262842877,-7.910802925708111,-103.48952876674964,35.266
10.608999999999998,0.7848344556789169,0.013434172307798899,6.565871162744106,56.37692109352717,down,up,up,down,0.0099413135145043,0.0015659262842877,-7.910802925708111,-103.48952876674964,35.281
10.624999999999996,0.7851765359592431,0.011438704005887299,6.578456305497758,56.39833932059257,down,up,up,down,0.0099413135145043,0.0015659262842877,-7.910802925708111,-103.48952876674964,35.297
10.641000000000002,0.7847714968194595,0.0352562597509724,6.5910409445805405,56.41955618940328,down,up,up,down,0.0099413135145043,0.0015659262842877,-7.910802925708111,-103.48952876674964,35.313
10.656000000000002,0.7843763366830849,0.036285322606138495,6.602833042226075,56.43926417838786,down,up,up,down,0.0099413135145043,0.0015659262842877,-7.910802925708111,-103.48952876674964,35.328
10.672,0.7848508701111943,0.0197170257423317,6.615411914700976,56.46009106554378,down,up,up,down,0.0099413135145043,0.0015659262842877,-7.910802925708111,-103.48952876674964,35.344
10.687999999999999,0.7853138295532531,0.0189936516141785,6.627998287118839,56.48071663074056,down,up,up,down,0.0099413135145043,0.0015659262842877,-7.910802925708111,-103.48952876674964,35.36
10.703,0.7857825657684359,0.0213077674976765,6.639804998978017,56.49987014998045,down,up,up,down,0.0099413135145043,0.0015659262842877,-7.910802925708111,-103.48952876674964,35.375
10.718999999999998,0.7862398693930039,0.018640163021004,6.652406233279855,56.52010530693373,down,up,up,down,0.0099413135145043,0.0015659262842877,-7.910802925708111,-103.48952876674964,35.391
10.733999999999998,0.7866017431034233,0.014183600513454901,6.664226034267843,56.53889260881273,down,up,up,down,0.0099413135145043,0.0015659262842877,-7.910802925708111,-103.48952876674964,35.406
10.749999999999996,0.7869738984893395,0.013318398105258998,6.676839694221132,56.558736929796154,down,up,up,down,0.0099413135145043,0.0015659262842877,-7.910802925708111,-103.48952876674964,35.422
10.766000000000002,0.786768815044713,0.0227590288036595,6.689454690749957,56.578379421527714,down,up,up,down,0.0099413135145043,0.0015659262842877,-7.910802925708111,-103.48952876674964,35.438
10.781000000000002,0.7864669451929416,0.0300659702992625,6.701277447846005,56.59661097437386,down,up,up,down,0.0099413135145043,0.0015659262842877,-7.910802925708111,-103.48952876674964,35.453
10.797,0.7861242089988583,0.0313623256447138,6.713883231900086,56.61586253574721,down,up,up,down,0.0099413135145043,0.0015659262842877,-7.910802925708111,-103.48952876674964,35.469
10.812999999999999,0.7860802896834915,0.0126862707249256,6.726485922710092,56.63491242932166,down,up,up,down,0.0099413135145043,0.0015659262842877,-7.910802925708111,-103.48952876674964,35.485
10.828,0.785404176185521,0.0550155467125343,6.738295545098374,56.65258861219873,down,up,up,down,0.0099413135145043,0.0015659262842877,-7.910802925708111,-103.48952876674964,35.5
10.843999999999998,0.7847335230391401,0.0518571351633169,6.75088170151272,56.671248041037174,down,up,up,down,0.0099413135145043,0.0015659262842877,-7.910802925708111,-103.48952876674964,35.516
10.858999999999998,0.784020471990889,0.0574780500645788,6.762670845369709,56.68855844082118,down,up,up,down,0.0099413135145043,0.0015659262842877,-7.910802925708111,-103.48952876674964,35.531
10.874999999999996,0.7833651702667819,0.0508976712712028,6.775234985328318,56.706828040986935,down,up,up,down,0.0099413135145043,0.0015659262842877,-7.910802925708111,-103.48952876674964,35.547
10.891000000000002,0.7827727347156266,0.0469685354616975,6.787789143388729,56.72489669476853,down,up,up,down,0.0099413135145043,0.0015659262842877,-7.910802925708111,-103.48952876674964,35.563
10.906000000000002,0.7829281832579884,0.0,6.7995553891677964,56.74165365465997,down,up,up,down,0.0099413135145043,0.0015659262842877,-7.910802925708111,-103.48952876674964,35.578
10.922,0.7826853083526153,0.025120995100325498,6.812105351921229,56.75933321554258,down,up,up,down,0.0099413135145043,0.0015659262842877,-7.910802925708111,-103.48952876674964,35.594
10.937999999999999,0.7829167729756676,0.0,6.824655223392402,56.77681197775139,down,up,up,down,0.0099413135145043,0.0015659262842877,-7.910802925708111,-103.48952876674964,35.61
10.953,0.7831118180418297,0.0,6.8364239267192985,56.79301592801117,down,up,up,down,0.0099413135145043,0.0015659262842877,-7.910802925708111,-103.48952876674964,35.625
10.968999999999998,0.7836800569240143,0.0255736166220372,6.848983316539572,56.81010551687642,down,up,up,down,0.0099413135145043,0.0015659262842877,-7.910802925708111,-103.48952876674964,35.641
10.983999999999998,0.7837554383830643,0.0,6.86076257164864,56.82594446660063,down,up,up,down,0.0099413135145043,0.0015659262842877,-7.910802925708111,-103.48952876674964,35.656
10.999999999999996,0.7838134007534681,0.0,6.873328177182279,56.842644587421304,down,up,up,down,0.0099413135145043,0.0015659262842877,-7.910802925708111,-103.48952876674964,35.672
11.016000000000002,0.7847899949150232,0.0510958215826725,6.88590205916818,56.85914359234182,down,up,up,down,0.0099413135145043,0.0015659262842877,-7.910802925708111,-103.48952876674964,35.688
11.031000000000002,0.7848868257991288,0.0,6.897698124217801,56.87442863485204,down,up,up,down,0.0099413135145043,0.0015659262842877,-7.910802925708111,-103.48952876674964,35.703
11.047,0.7849276258379536,0.0,6.910281694651445,56.89053764311241,down,up,up,down,0.0099413135145043,0.0015659262842877,-7.910802925708111,-103.48952876674964,35.719
11.062999999999999,0.7847902249858549,0.0185288667706726,6.922864492278583,56.90644532042829,down,up,up,down,0.0099413135145043,0.0015659262842877,-7.910802925708111,-103.48952876674964,35.735
11.078,0.7844440344250252,0.033020684236486,6.934657238118429,56.92117595133594,down,up,up,down,0.0099413135145043,0.0015659262842877,-7.910802925708111,-103.48952876674964,35.75
11.093999999999998,0.7859419343153444,0.08367742963045799,6.947245380688899,56.936693577196806,down,up,up,down,0.0099413135145043,0.0015659262842877,-7.910802925708111,-103.48952876674964,35.766
11.108999999999998,0.7873881106341827,0.086470441074709,6.959068844920285,56.95105826439037,down,up,up,down,0.0099413135145043,0.0015659262842877,-7.910802925708111,-103.48952876674964,35.781
11.124999999999996,0.7866447000759269,0.0564044734054953,6.971686162226513,56.96618507114452,down,up,up,down,0.0099413135145043,0.0015659262842877,-7.910802925708111,-103.48952876674964,35.797
11.141000000000002,0.7874925154385828,0.0430471466514704,6.984304314771182,56.981109994139885,down,up,up,down,0.0099413135145043,0.0015659262842877,-7.910802925708111,-103.48952876674964,35.813
11.156000000000002,0.7883488307392099,0.0471463731939689,6.9961466137617805,56.9949186560615,down,up,up,down,0.0099413135145043,0.0015659262842877,-7.910802925708111,-103.48952876674964,35.828
11.172,0.7895497421717277,0.0651156510178646,7.008794857165615,57.009451971105406,down,up,up,down,0.0099413135145043,0.0015659262842877,-7.910802925708111,-103.48952876674964,35.844
11.187999999999999,0.7886661985010797,0.0651627929300118,7.021445639511545,57.023782893943306,down,up,up,down,0.0099413135145043,0.0015659262842877,-7.910802925708111,-103.48952876674964,35.86
11.203,0.7877304120785062,0.0723270750193962,7.033292102985157,57.037034404760206,down,up,up,down,0.0099413135145043,0.0015659262842877,-7.910802925708111,-103.48952876674964,35.875
11.218999999999998,0.7881699680404086,0.0175309341043969,7.045924360846655,57.050973519860875,down,up,up,down,0.0099413135145043,0.0015659262842877,-7.910802925708111,-103.48952876674964,35.891
11.233999999999998,0.7871727694141697,0.07642122193043019,7.057762920271829,57.06385790913812,down,up,up,down,0.0099413135145043,0.0015659262842877,-7.910802925708111,-103.48952876674964,35.906
11.249999999999996,0.7861998927056444,0.0707461077973425,7.070374956389335,57.07740565293615,down,up,up,down,0.0099413135145043,0.0015659262842877,-7.910802925708111,-103.48952876674964,35.922
11.266000000000002,0.7863270704523195,0.0,7.082980226915152,57.090751658281036,down,up,up,down,0.0099413135145043,0.0015659262842877,-7.910802925708111,-103.48952876674964,35.938
11.281000000000002,0.7864489317215018,0.0,7.09479953582572,57.10308035394611,down,up,up,down,0.0099413135145043,0.0015659262842877,-7.910802925708111,-103.48952876674964,35.953
11.297,0.7845554736703448,0.1282824417118252,7.107392625889402,57.116035663463705,down,up,up,down,0.0099413135145043,0.0015659262842877,-7.910802925708111,-103.48952876674964,35.969
11.312999999999999,0.7835539067107185,0.07253924849116039,7.1199625557529975,57.12878966882188,down,up,up,down,0.0099413135145043,0.0015659262842877,-7.910802925708111,-103.48952876674964,35.985
11.328,0.7825767682135218,0.07508387999427549,7.131732024709194,57.140564003354044,down,up,up,down,0.0099413135145043,0.0015659262842877,-7.910802925708111,-103.48952876674964,36.0
11.343999999999998,0.7812697893783618,0.0916274907120174,7.1442678519904765,57.15292885115177,down,up,up,down,0.0099413135145043,0.0015659262842877,-7.910802925708111,-103.48952876674964,36.016
11.358999999999998,0.7778187871549989,0.2400081284053569,7.155984505208742,57.1643390023584,down,up,up,down,0.0099413135145043,0.0015659262842877,-7.910802925708111,-103.48952876674964,36.031
11.374999999999996,0.77445195571757,0.2203682783538328,7.168427725972269,57.176316551320284,down,up,up,down,0.0099413135145043,0.0015659262842877,-7.910802925708111,-103.48952876674964,36.047
11.391000000000002,0.7710417561443865,0.2230787868383986,7.1808167304877175,57.188095442479934,down,up,up,down,0.0099413135145043,0.0015659262842877,-7.910802925708111,-103.48952876674964,36.063
11.406000000000002,0.7677147321705498,0.2317429117702808,7.192380893044344,57.198958504189065,down,up,up,down,0.0099413135145043,0.0015659262842877,-7.910802925708111,-103.48952876674964,36.078
11.422,0.7634374826761494,0.27726940691455476,7.204655165583665,57.21035506253138,down,up,up,down,0.0099413135145043,0.0015659262842877,-7.910802925708111,-103.48952876674964,36.094
11.437999999999999,0.759264556340149,0.2707492095145589,7.216861836716343,57.22155577332431,down,up,up,down,0.0099413135145043,0.0015659262842877,-7.910802925708111,-103.48952876674964,36.11
11.453,0.7538188221062345,0.37299026244212236,7.228233450948956,57.23187960255244,down,up,up,down,0.0099413135145043,0.0015659262842877,-7.910802925708111,-103.48952876674964,36.125
11.468999999999998,0.7484149876103405,0.34768096950791577,7.240276376247236,57.24270437074621,down,up,up,down,0.0099413135145043,0.0015659262842877,-7.910802925708111,-103.48952876674964,36.141
11.483999999999998,0.7431099274575139,0.3636119903695984,7.251486302004509,57.25267819454494,down,up,up,down,0.0099413135145043,0.0015659262842877,-7.910802925708111,-103.48952876674964,36.156
11.499999999999996,0.7371065691562677,0.3851512073424336,7.263353088797967,57.26313232622984,down,up,up,down,0.0099413135145043,0.0015659262842877,-7.910802925708111,-103.48952876674964,36.172
11.516000000000002,0.730508649624829,0.4223112842292874,7.275119065368768,57.273397395807834,down,up,up,down,0.0099413135145043,0.0015659262842877,-7.910802925708111,-103.48952876674964,36.188
11.531000000000002,0.7240542364366558,0.4402355260593674,7.2860517759084935,57.28285065838388,down,up,up,down,0.0099413135145043,0.0015659262842877,-7.910802925708111,-103.48952876674964,36.203
11.547,0.7181961903202492,0.3760691957899578,7.297614834143096,57.29275417231479,down,up,up,down,0.0099413135145043,0.0015659262842877,-7.910802925708111,-103.48952876674964,36.219
11.562999999999999,0.7121913125177457,0.3852461761710126,7.309082988986347,57.30247343654109,down,up,up,down,0.0099413135145043,0.0015659262842877,-7.910802925708111,-103.48952876674964,36.235
11.578,0.7052452720267617,0.47301067958008786,7.319737252264696,57.31141932861733,down,up,up,down,0.0099413135145043,0.0015659262842877,-7.910802925708111,-103.48952876674964,36.25
11.593999999999998,0.6984594636811643,0.4340543351143877,7.330991944970907,57.32078634185079,down,up,up,down,0.0099413135145043,0.0015659262842877,-7.910802925708111,-103.48952876674964,36.266
11.608999999999998,0.6911653673938023,0.4962143993386189,7.341437620098234,57.3294051639984,down,up,up,down,0.0099413135145043,0.0015659262842877,-7.910802925708111,-103.48952876674964,36.281
11.624999999999996,0.6848374313811494,0.4054373143053549,7.352470697308981,57.33842674427048,down,up,up,down,0.0099413135145043,0.0015659262842877,-7.910802925708111,-103.48952876674964,36.297
11.641000000000002,0.6786924188954799,0.3940045938687169,7.363403990931746,57.34727259357588,down,up,up,down,0.0099413135145043,0.0015659262842877,-7.910802925708111,-103.48952876674964,36.313
11.656000000000002,0.671432044991084,0.4939662404742148,7.37355341330516,57.35540745692971,down,up,up,down,0.0099413135145043,0.0015659262842877,-7.910802925708111,-103.48952876674964,36.328
11.672,0.6641002467981387,0.4681787005736342,7.384262726460022,57.36391777462292,down,up,up,down,0.0099413135145043,0.0015659262842877,-7.910802925708111,-103.48952876674964,36.344
11.687999999999999,0.6568824808982328,0.4610516822586771,7.39485564310214,57.37225767447775,down,up,up,down,0.0099413135145043,0.0015659262842877,-7.910802925708111,-103.48952876674964,36.36
11.703,0.6480686366953154,0.5975309270423027,7.404666265378356,57.37992330404977,down,up,up,down,0.0099413135145043,0.0015659262842877,-7.910802925708111,-103.48952876674964,36.375
11.718999999999998,0.6398444371532985,0.5239537848906184,7.414994624789693,57.38793886373976,down,up,up,down,0.0099413135145043,0.0015659262842877,-7.910802925708111,-103.48952876674964,36.391
11.733999999999998,0.6306201055044358,0.6248967567719954,7.424546597753891,57.39530434845632,down,up,up,down,0.0099413135145043,0.0015659262842877,-7.910802925708111,-103.48952876674964,36.406
11.749999999999996,0.6216348148288713,0.5715219807373492,7.434589691937105,57.403004104950114,down,up,up,down,0.0099413135145043,0.0015659262842877,-7.910802925708111,-103.48952876674964,36.422
11.766000000000002,0.6121266095867899,0.6042041411443935,7.444484838152982,57.41054435552071,down,up,up,down,0.0099413135145043,0.0015659262842877,-7.910802925708111,-103.48952876674964,36.438
11.781000000000002,0.6018192562874063,0.6970982001400511,7.453612921041303,57.41747066621237,down,up,up,down,0.0099413135145043,0.0015659262842877,-7.910802925708111,-103.48952876674964,36.453
11.797,0.5917370912163129,0.6400766304579103,7.46318642664188,57.424709118242234,down,up,up,down,0.0099413135145043,0.0015659262842877,-7.910802925708111,-103.48952876674964,36.469
11.812999999999999,0.5822508733847869,0.6028299279849467,7.472603385179236,57.431795646558996,down,up,up,down,0.0099413135145043,0.0015659262842877,-7.910802925708111,-103.48952876674964,36.485
11.828,0.572996026719883,0.6269310911747368,7.481291225824286,57.4383034808621,down,up,up,down,0.0099413135145043,0.0015659262842877,-7.910802925708111,-103.48952876674964,36.5
11.843999999999998,0.5644185917181179,0.5460310011248828,7.490415597592338,57.44510267308611,down,up,up,down,0.0099413135145043,0.0015659262842877,-7.910802925708111,-103.48952876674964,36.516
11.858999999999998,0.555629464880198,0.5958831027091408,7.49883944691109,57.451345304137945,down,up,up,down,0.0099413135145043,0.0015659262842877,-7.910802925708111,-103.48952876674964,36.531
11.874999999999996,0.5474616517553628,0.5204296338167653,7.507689230664722,57.457865921528665,down,up,up,down,0.0099413135145043,0.0015659262842877,-7.910802925708111,-103.48952876674964,36.547
11.891000000000002,0.5390620548130531,0.5349161224086808,7.516406475137821,57.46424600269357,down,up,up,down,0.0099413135145043,0.0015659262842877,-7.910802925708111,-103.48952876674964,36.563
11.906000000000002,0.5308673260888472,0.5562565617948771,7.52445443438885,57.47010158975773,down,up,up,down,0.0099413135145043,0.0015659262842877,-7.910802925708111,-103.48952876674964,36.578
11.922,0.5207668129495389,0.6412233847213473,7.532892562321704,57.47621566059537,down,up,up,down,0.0099413135145043,0.0015659262842877,-7.910802925708111,-103.48952876674964,36.594
11.937999999999999,0.5109126537892372,0.6258262610334243,7.541171052876162,57.482195998485125,down,up,up,down,0.0099413135145043,0.0015659262842877,-7.910802925708111,-103.48952876674964,36.61
11.953,0.5017581549942189,0.6202412331823668,7.548789572836303,57.48768333767789,down,up,up,down,0.0099413135145043,0.0015659262842877,-7.910802925708111,-103.48952876674964,36.625
11.968999999999998,0.4928269366576146,0.5681424595523392,7.556771308390065,57.49341169743941,down,up,up,down,0.0099413135145043,0.0015659262842877,-7.910802925708111,-103.48952876674964,36.641
11.983999999999998,0.4845612034279032,0.5609901954952407,7.564125208334971,57.49866701744959,down,up,up,down,0.0099413135145043,0.0015659262842877,-7.910802925708111,-103.48952876674964,36.656
11.999999999999996,0.4742277045901436,0.6557849908745562,7.571820574419664,57.504152297998886,down,up,up,down,0.0099413135145043,0.0015659262842877,-7.910802925708111,-103.48952876674964,36.672
12.016000000000002,0.4642170523184444,0.6356070804954936,7.579353187295483,57.5095157547165,down,up,up,down,0.0099413135145043,0.0015659262842877,-7.910802925708111,-103.48952876674964,36.688
12.031000000000002,0.4540728722123309,0.6862199872553794,7.5862638506237285,57.51443567081772,down,up,up,down,0.0099413135145043,0.0015659262842877,-7.910802925708111,-103.48952876674964,36.703
12.047,0.445001549208687,0.5768990012423094,7.593481500815645,57.51957055481752,down,up,up,down,0.0099413135145043,0.0015659262842877,-7.910802925708111,-103.48952876674964,36.719
12.062999999999999,0.4357184624076602,0.5901342385787396,7.600552315729123,57.5245911310965,down,up,up,down,0.0099413135145043,0.0015659262842877,-7.910802925708111,-103.48952876674964,36.735
12.078,0.4266504936214624,0.6144725659276725,7.607043571793606,57.5291962058257,down,up,up,down,0.0099413135145043,0.0015659262842877,-7.910802925708111,-103.48952876674964,36.75
12.093999999999998,0.4182375470214481,0.5357504760154521,7.613827730939297,57.53400208221517,down,up,up,down,0.0099413135145043,0.0015659262842877,-7.910802925708111,-103.48952876674964,36.766
12.108999999999998,0.4087889517544525,0.6398476646475202,7.620053918574381,57.53841001372943,down,up,up,down,0.0099413135145043,0.0015659262842877,-7.910802925708111,-103.48952876674964,36.781
12.124999999999996,0.3996182539515641,0.5831099261950977,7.626546231040577,57.54301005934384,down,up,up,down,0.0099413135145043,0.0015659262842877,-7.910802925708111,-103.48952876674964,36.797
12.141000000000002,0.3910997476597835,0.5423479567506094,7.632897029874019,57.547507360067854,down,up,up,down,0.0099413135145043,0.0015659262842877,-7.910802925708111,-103.48952876674964,36.813
12.156000000000002,0.3827890098141431,0.5639905032238436,7.638724684449338,57.551632241096044,down,up,up,down,0.0099413135145043,0.0015659262842877,-7.910802925708111,-103.48952876674964,36.828
12.172,0.3746531361106804,0.5184334199809786,7.644809276437284,57.55593681622027,down,up,up,down,0.0099413135145043,0.0015659262842877,-7.910802925708111,-103.48952876674964,36.844
12.187999999999999,0.3639266938751593,0.6803439532346472,7.650742969897719,57.56014524506092,down,up,up,down,0.0099413135145043,0.0015659262842877,-7.910802925708111,-103.48952876674964,36.86
12.203,0.3534898123087782,0.7057334179398859,7.656147082588363,57.56400561355291,down,up,up,down,0.0099413135145043,0.0015659262842877,-7.910802925708111,-103.48952876674964,36.875
12.218999999999998,0.3438746106929198,0.6108914145057194,7.6617510527929245,57.56803527528119,down,up,up,down,0.0099413135145043,0.0015659262842877,-7.910802925708111,-103.48952876674964,36.891
12.233999999999998,0.3344763732160168,0.6364904786413504,7.666862174066506,57.57173271996537,down,up,up,down,0.0099413135145043,0.0015659262842877,-7.910802925708111,-103.48952876674964,36.906
12.249999999999996,0.3260671643906062,0.5355168651027266,7.672171577187907,57.575593296766655,down,up,up,down,0.0099413135145043,0.0015659262842877,-7.910802925708111,-103.48952876674964,36.922
12.266000000000002,0.3184667679399542,0.4849660916800902,7.677352903467102,57.57936994773276,down,up,up,down,0.0099413135145043,0.0015659262842877,-7.910802925708111,-103.48952876674964,36.938
12.281000000000002,0.3110478478669361,0.5045359850490284,7.682097751979918,57.58283611170252,down,up,up,down,0.0099413135145043,0.0015659262842877,-7.910802925708111,-103.48952876674964,36.953
12.297,0.302026227336329,0.573792596677508,7.687027399402092,57.58645595730279,down,up,up,down,0.0099413135145043,0.0015659262842877,-7.910802925708111,-103.48952876674964,36.969
12.312999999999999,0.2944529662082261,0.48327013402099206,7.691824287770997,57.58999799061674,down,up,up,down,0.0099413135145043,0.0015659262842877,-7.910802925708111,-103.48952876674964,36.985
12.328,0.2870732065864612,0.5019252882988088,7.696209222961222,57.593249783171856,down,up,up,down,0.0099413135145043,0.0015659262842877,-7.910802925708111,-103.48952876674964,37.0
12.343999999999998,0.2784154237944723,0.5510527380138716,7.700758186824817,57.59664689070489,down,up,up,down,0.0099413135145043,0.0015659262842877,-7.910802925708111,-103.48952876674964,37.016
12.358999999999998,0.270456288176856,0.5405503546889041,7.704898213558867,57.599766511587646,down,up,up,down,0.0099413135145043,0.0015659262842877,-7.910802925708111,-103.48952876674964,37.031
12.374999999999996,0.2635344797251787,0.4425543417443854,7.709195194522631,57.603026611134325,down,up,up,down,0.0099413135145043,0.0015659262842877,-7.910802925708111,-103.48952876674964,37.047
12.391000000000002,0.2567936087193577,0.43124575137817556,7.713382874050737,57.60621883339708,down,up,up,down,0.0099413135145043,0.0015659262842877,-7.910802925708111,-103.48952876674964,37.063
12.406000000000002,0.2508315737377629,0.4074103122874729,7.71721355181343,57.609151404088706,down,up,up,down,0.0099413135145043,0.0015659262842877,-7.910802925708111,-103.48952876674964,37.078
12.422,0.2430066828902149,0.4989969914863084,7.7211893126870015,57.612217027984045,down,up,up,down,0.0099413135145043,0.0015659262842877,-7.910802925708111,-103.48952876674964,37.094
12.437999999999999,0.2353991492826744,0.485412163985839,7.725041614164933,57.615220027380545,down,up,up,down,0.0099413135145043,0.0015659262842877,-7.910802925708111,-103.48952876674964,37.11
12.453,0.2288360161492271,0.44748352241097117,7.728546866799937,57.61798015765892,down,up,up,down,0.0099413135145043,0.0015659262842877,-7.910802925708111,-103.48952876674964,37.125
12.468999999999998,0.2228336855987596,0.3850869729187646,7.732185279234469,57.62086714730198,down,up,up,down,0.0099413135145043,0.0015659262842877,-7.910802925708111,-103.48952876674964,37.141
12.483999999999998,0.2169777533544011,0.4003367964717256,7.735507353920882,57.623521496438926,down,up,up,down,0.0099413135145043,0.0015659262842877,-7.910802925708111,-103.48952876674964,37.156
12.499999999999996,0.2116118790447441,0.34530845786810116,7.738961125800624,57.62629859541248,down,up,up,down,0.0099413135145043,0.0015659262842877,-7.910802925708111,-103.48952876674964,37.172
12.516000000000002,0.20664929116482791,0.32010305600916406,7.74233226998285,57.62902109505755,down,up,up,down,0.0099413135145043,0.0015659262842877,-7.910802925708111,-103.48952876674964,37.188
12.531000000000002,0.2016029420491528,0.34636458789283425,7.745417650626219,57.63152501453861,down,up,up,down,0.0099413135145043,0.0015659262842877,-7.910802925708111,-103.48952876674964,37.203
12.547,0.1966977150289164,0.31651800227930826,7.7486291107033916,57.63414548725929,down,up,up,down,0.0099413135145043,0.0015659262842877,-7.910802925708111,-103.48952876674964,37.219
12.562999999999999,0.1919121276921008,0.30904052206551635,7.751763044265708,57.63671519683088,down,up,up,down,0.0099413135145043,0.0015659262842877,-7.910802925708111,-103.48952876674964,37.235
12.578,0.186463896199518,0.3731567463533424,7.75462435333916,57.639079335234456,down,up,up,down,0.0099413135145043,0.0015659262842877,-7.910802925708111,-103.48952876674964,37.25
12.593999999999998,0.1811485484018754,0.3421505508672061,7.757590307716519,57.641554464757334,down,up,up,down,0.0099413135145043,0.0015659262842877,-7.910802925708111,-103.48952876674964,37.266
12.608999999999998,0.1774917363575917,0.2537287831334082,7.7603035987464795,57.643832304344485,down,up,up,down,0.0099413135145043,0.0015659262842877,-7.910802925708111,-103.48952876674964,37.281
12.624999999999996,0.1739241148509745,0.23291765767810121,7.763139980376697,57.64621760252284,down,up,up,down,0.0099413135145043,0.0015659262842877,-7.910802925708111,-103.48952876674964,37.297
12.641000000000002,0.1691565334421252,0.30791515156748306,7.765909680383591,57.648558052048074,down,up,up,down,0.0099413135145043,0.0015659262842877,-7.910802925708111,-103.48952876674964,37.313
12.656000000000002,0.1645052345066613,0.3200279092120858,7.7684356325374715,57.650712506086776,down,up,up,down,0.0099413135145043,0.0015659262842877,-7.910802925708111,-103.48952876674964,37.328
12.672,0.1600369921953249,0.28920645797306427,7.771057025171635,57.65296941163642,down,up,up,down,0.0099413135145043,0.0015659262842877,-7.910802925708111,-103.48952876674964,37.344
12.687999999999999,0.1554548274344097,0.29632661107173697,7.773606014549221,57.65518495412998,down,up,up,down,0.0099413135145043,0.0015659262842877,-7.910802925708111,-103.48952876674964,37.36
12.703,0.1517431263699507,0.2573880511450915,7.775933488097019,57.65722545174576,down,up,up,down,0.0099413135145043,0.0015659262842877,-7.910802925708111,-103.48952876674964,37.375
12.718999999999998,0.1481408159408311,0.2350857153345057,7.778357614456053,57.659363969736674,down,up,up,down,0.0099413135145043,0.0015659262842877,-7.910802925708111,-103.48952876674964,37.391
12.733999999999998,0.1456320916206391,0.1771896015272981,7.780584400157029,57.661333948512706,down,up,up,down,0.0099413135145043,0.0015659262842877,-7.910802925708111,-103.48952876674964,37.406
12.749999999999996,0.1419026108273798,0.2430338630932361,7.782909732597161,57.663398842262,down,up,up,down,0.0099413135145043,0.0015659262842877,-7.910802925708111,-103.48952876674964,37.422
12.766000000000002,0.1382373476751422,0.2390202605292769,7.785175907085731,57.665427003955855,down,up,up,down,0.0099413135145043,0.0015659262842877,-7.910802925708111,-103.48952876674964,37.438
12.781000000000002,0.1350887635019671,0.2198469250595027,7.7872493418138236,57.66729585847473,down,up,up,down,0.0099413135145043,0.0015659262842877,-7.910802925708111,-103.48952876674964,37.453
12.797,0.1313278789050685,0.244996600820693,7.789405729773628,57.66925546471337,down,up,up,down,0.0099413135145043,0.0015659262842877,-7.910802925708111,-103.48952876674964,37.469
12.812999999999999,0.1276240249057761,0.24143218847030512,7.7915023998246635,57.671181046487916,down,up,up,down,0.0099413135145043,0.0015659262842877,-7.910802925708111,-103.48952876674964,37.485
12.828,0.1244582843015678,0.22099068712838071,7.793416506037983,57.67295619857957,down,up,up,down,0.0099413135145043,0.0015659262842877,-7.910802925708111,-103.48952876674964,37.5
12.843999999999998,0.1214951546944079,0.1951369139620211,7.795409188370499,57.67481843983562,down,up,up,down,0.0099413135145043,0.0015659262842877,-7.910802925708111,-103.48952876674964,37.516
12.858999999999998,0.1189958376101181,0.1765624524671475,7.797236359707047,57.676535642110665,down,up,up,down,0.0099413135145043,0.0015659262842877,-7.910802925708111,-103.48952876674964,37.531
12.874999999999996,0.1165017633711916,0.1658209534474313,7.799145395335446,57.67833743488164,down,up,up,down,0.0099413135145043,0.0015659262842877,-7.910802925708111,-103.48952876674964,37.547
12.891000000000002,0.1140427776748112,0.16362791953822592,7.801014806484363,57.68010900007842,down,up,up,down,0.0099413135145043,0.0015659262842877,-7.910802925708111,-103.48952876674964,37.563
12.906000000000002,0.1119776300657751,0.1476178207835716,7.802733448436682,57.6817429320521,down,up,up,down,0.0099413135145043,0.0015659262842877,-7.910802925708111,-103.48952876674964,37.578
12.922,0.1098765773456414,0.1412571085228764,7.8045333369165215,57.68345764458063,down,up,up,down,0.0099413135145043,0.0015659262842877,-7.910802925708111,-103.48952876674964,37.594
12.937999999999999,0.1066490582494986,0.2116612570234532,7.806290596821832,57.68514389992204,down,up,up,down,0.0099413135145043,0.0015659262842877,-7.910802925708111,-103.48952876674964,37.61
12.953,0.1044986281984084,0.1533033169205101,7.807897693364455,57.68669953163128,down,up,up,down,0.0099413135145043,0.0015659262842877,-7.910802925708111,-103.48952876674964,37.625
12.968999999999998,0.1023488700542856,0.1443011975221922,7.809577528171025,57.688332576670334,down,up,up,down,0.0099413135145043,0.0015659262842877,-7.910802925708111,-103.48952876674964,37.641
12.983999999999998,0.1002663946258125,0.1487730087460439,7.8111206315503905,57.68983938435805,down,up,up,down,0.0099413135145043,0.0015659262842877,-7.910802925708111,-103.48952876674964,37.656
12.999999999999996,0.0976014838687078,0.1764982358335615,7.812728629398895,57.691421437081786,down,up,up,down,0.0099413135145043,0.0015659262842877,-7.910802925708111,-103.48952876674964,37.672
13.016000000000002,0.0948651297414749,0.1809634464665061,7.814293417128326,57.69297810752089,down,up,up,down,0.0099413135145043,0.0015659262842877,-7.910802925708111,-103.48952876674964,37.688
13.031000000000002,0.0922376803638709,0.18510460535476111,7.81572017709838,57.6944150494498,down,up,up,down,0.0099413135145043,0.0015659262842877,-7.910802925708111,-103.48952876674964,37.703
13.047,0.0898719875995511,0.15779711128451182,7.817202109262635,57.695924517970255,down,up,up,down,0.0099413135145043,0.0015659262842877,-7.910802925708111,-103.48952876674964,37.719
13.062999999999999,0.0863760152414894,0.2284395858933814,7.818637148105912,57.69741065072263,down,up,up,down,0.0099413135145043,0.0015659262842877,-7.910802925708111,-103.48952876674964,37.735
13.078,0.0829599671176435,0.2376778551042212,7.819930656867871,57.69878343607094,down,up,up,down,0.0099413135145043,0.0015659262842877,-7.910802925708111,-103.48952876674964,37.75
13.093999999999998,0.081483527840172,0.1022187683564858,7.821271259648081,57.700226667550155,down,up,up,down,0.0099413135145043,0.0015659262842877,-7.910802925708111,-103.48952876674964,37.766
13.108999999999998,0.0792820837512309,0.1567042527772369,7.822500490629281,57.70156042330869,down,up,up,down,0.0099413135145043,0.0015659262842877,-7.910802925708111,-103.48952876674964,37.781
13.124999999999996,0.0777814715807157,0.10372957417171619,7.824282053892485,57.70295900976386,down,up,up,down,0.0099413135145043,0.0015659262842877,-7.910802925708111,-103.48952876674964,37.797
13.141000000000002,0.0763157046301633,0.10155174792400179,7.826039886122722,57.70432928105508,down,up,up,down,0.0099413135145043,0.0015659262842877,-7.910802925708111,-103.48952876674964,37.813
13.156000000000002,0.0748856880930387,0.1052757493228074,7.827697385462409,57.705588295403814,down,up,up,down,0.0099413135145043,0.0015659262842877,-7.910802925708111,-103.48952876674964,37.828
13.172,0.0722073259895684,0.177338944981415,7.829399184395619,57.70690436965627,down,up,up,down,0.0099413135145043,0.0015659262842877,-7.910802925708111,-103.48952876674964,37.844
13.187999999999999,0.0696053611414449,0.1725641165222392,7.831058740713216,57.70819355306672,down,up,up,down,0.0099413135145043,0.0015659262842877,-7.910802925708111,-103.48952876674964,37.86
13.203,0.0673362934227182,0.1612124947629454,7.832609292016711,57.70937808670688,down,up,up,down,0.0099413135145043,0.0015659262842877,-7.910802925708111,-103.48952876674964,37.875
13.218999999999998,0.0651225688190813,0.14829910124182522,7.834194017735194,57.7106165070402,down,up,up,down,0.0099413135145043,0.0015659262842877,-7.910802925708111,-103.48952876674964,37.891
13.233999999999998,0.0643872256417275,0.0589641920047556,7.835688830087914,57.71175442956714,down,up,up,down,0.0099413135145043,0.0015659262842877,-7.910802925708111,-103.48952876674964,37.906
13.249999999999996,0.0636781055873854,0.05426131691089,7.837238407558296,57.71294385847729,down,up,up,down,0.0099413135145043,0.0015659262842877,-7.910802925708111,-103.48952876674964,37.922
13.266000000000002,0.0608860969502558,0.184441853335045,7.838759975999146,57.714108718220146,down,up,up,down,0.0099413135145043,0.0015659262842877,-7.910802925708111,-103.48952876674964,37.938
13.281000000000002,0.0595112773236366,0.101595955289116,7.840186445200464,57.71517866394676,down,up,up,down,0.0099413135145043,0.0015659262842877,-7.910802925708111,-103.48952876674964,37.953
13.297,0.0581631653134025,0.09419831415414501,7.841652895562109,57.71629679603198,down,up,up,down,0.0099413135145043,0.0015659262842877,-7.910802925708111,-103.48952876674964,37.969
13.312999999999999,0.0568479340839065,0.0921432653580102,7.843098039177836,57.71739163536539,down,up,up,down,0.0099413135145043,0.0015659262842877,-7.910802925708111,-103.48952876674964,37.985
13.328,0.0547476506093094,0.1499602118209736,7.8444584949572995,57.718397005244995,down,up,up,down,0.0099413135145043,0.0015659262842877,-7.910802925708111,-103.48952876674964,38.0
13.343999999999998,0.0535405243017753,0.085386707735398,7.8458498551771365,57.719447385255236,down,up,up,down,0.0099413135145043,0.0015659262842877,-7.910802925708111,-103.48952876674964,38.016
13.358999999999998,0.0523628400993026,0.08845359367934541,7.847167619304409,57.72041179808225,down,up,up,down,0.0099413135145043,0.0015659262842877,-7.910802925708111,-103.48952876674964,38.031
13.374999999999996,0.0513823560460178,0.0712215668448091,7.8485226356941205,57.72141912285359,down,up,up,down,0.0099413135145043,0.0015659262842877,-7.910802925708111,-103.48952876674964,38.047
13.391000000000002,0.0504257862379358,0.0697269265196098,7.849862155652941,57.722404891334136,down,up,up,down,0.0099413135145043,0.0015659262842877,-7.910802925708111,-103.48952876674964,38.063
13.406000000000002,0.0496764785386805,0.0598951601315222,7.85113641153303,57.72330944596585,down,up,up,down,0.0099413135145043,0.0015659262842877,-7.910802925708111,-103.48952876674964,38.078
13.422,0.0489454466369672,0.055630807371591,7.852450441754984,57.72425359795086,down,up,up,down,0.0099413135145043,0.0015659262842877,-7.910802925708111,-103.48952876674964,38.094
13.437999999999999,0.0478553268266691,0.0780738016581469,7.853749902763241,57.725176842006064,down,up,up,down,0.0099413135145043,0.0015659262842877,-7.910802925708111,-103.48952876674964,38.11
13.453,0.046125906517396204,0.125236000799354,7.854978250907586,57.726023424739154,down,up,up,down,0.0099413135145043,0.0015659262842877,-7.910802925708111,-103.48952876674964,38.125
13.468999999999998,0.044399949810682,0.1178136076841581,7.8562275125787595,57.726906625442595,down,up,up,down,0.0099413135145043,0.0015659262842877,-7.910802925708111,-103.48952876674964,38.141
13.483999999999998,0.0443141540542307,0.0156610306112567,7.85741635725201,57.7277163403045,down,up,up,down,0.0099413135145043,0.0015659262842877,-7.910802925708111,-103.48952876674964,38.156
13.499999999999996,0.0438713019382799,0.0376195707614287,7.858646895720499,57.72856068109205,down,up,up,down,0.0099413135145043,0.0015659262842877,-7.910802925708111,-103.48952876674964,38.172
13.516000000000002,0.0434326286460483,0.037358394278975304,7.859870381985722,57.729385389681724,down,up,up,down,0.0099413135145043,0.0015659262842877,-7.910802925708111,-103.48952876674964,38.188
13.531000000000002,0.0428650601513603,0.0477792131603679,7.8610411035459675,57.73014059742586,down,up,up,down,0.0099413135145043,0.0015659262842877,-7.910802925708111,-103.48952876674964,38.203
13.547,0.0429249861683783,0.0,7.862252478737074,57.730927095578934,down,up,up,down,0.0099413135145043,0.0015659262842877,-7.910802925708111,-103.48952876674964,38.219
13.562999999999999,0.0429507557659097,0.0,7.863464539493097,57.73169420624443,down,up,up,down,0.0099413135145043,0.0015659262842877,-7.910802925708111,-103.48952876674964,38.235
13.578,0.0419707278692076,0.07527650662797111,7.864624939514624,57.73239557903749,down,up,up,down,0.0099413135145043,0.0015659262842877,-7.910802925708111,-103.48952876674964,38.25
13.593999999999998,0.0414318719947584,0.0436198056675855,7.865817215134085,57.73312488861161,down,up,up,down,0.0099413135145043,0.0015659262842877,-7.910802925708111,-103.48952876674964,38.266
13.608999999999998,0.0392104457340885,0.15803639755915871,7.866945521411315,57.733791211973156,down,up,up,down,0.0099413135145043,0.0015659262842877,-7.910802925708111,-103.48952876674964,38.281
13.624999999999996,0.0370594096903201,0.14438106625004582,7.868080735075259,57.73448384873258,down,up,up,down,0.0099413135145043,0.0015659262842877,-7.910802925708111,-103.48952876674964,38.297
13.641000000000002,0.0356844375172383,0.09587707433208811,7.8691877406734685,57.735158547737925,down,up,up,down,0.0099413135145043,0.0015659262842877,-7.910802925708111,-103.48952876674964,38.313
13.656000000000002,0.0342437235665258,0.105988910228663,7.870235690775861,57.73577491588769,down,up,up,down,0.0099413135145043,0.0015659262842877,-7.910802925708111,-103.48952876674964,38.328
13.672,0.0328682415354678,0.09590894045564399,7.871297641317225,57.736415496042284,down,up,up,down,0.0099413135145043,0.0015659262842877,-7.910802925708111,-103.48952876674964,38.344
13.687999999999999,0.0331914074695465,0.0102565573654212,7.872351173329814,57.737039152336436,down,up,up,down,0.0099413135145043,0.0015659262842877,-7.910802925708111,-103.48952876674964,38.36
13.703,0.0307016251304901,0.175926802784924,7.873353859968579,57.737608408472326,down,up,up,down,0.0099413135145043,0.0015659262842877,-7.910802925708111,-103.48952876674964,38.375
13.718999999999998,0.0282555404367439,0.16282160687365782,7.874350572113665,57.738199619827,down,up,up,down,0.0099413135145043,0.0015659262842877,-7.910802925708111,-103.48952876674964,38.391
13.733999999999998,0.0270135693219089,0.092739387836837,7.875288579331119,57.7387393700768,down,up,up,down,0.0099413135145043,0.0015659262842877,-7.910802925708111,-103.48952876674964,38.406
13.749999999999996,0.0268455897441839,0.0204400371223156,7.876244507424197,57.73929995219409,down,up,up,down,0.0099413135145043,0.0015659262842877,-7.910802925708111,-103.48952876674964,38.422
13.766000000000002,0.0265075752878978,0.0310672170323795,7.877196387565002,57.73984527184551,down,up,up,down,0.0099413135145043,0.0015659262842877,-7.910802925708111,-103.48952876674964,38.438
13.781000000000002,0.0261791321305154,0.0318375240066669,7.878115026764904,57.74034248012366,down,up,up,down,0.0099413135145043,0.0015659262842877,-7.910802925708111,-103.48952876674964,38.453
13.797,0.025858699781848002,0.0299683353062196,7.8790563842407515,57.740857955646945,down,up,up,down,0.0099413135145043,0.0015659262842877,-7.910802925708111,-103.48952876674964,38.469
