timestamps,aAcc,aJerk,aVelocity,aHeight,jerks_direction,accelerations_direction,velocities_direction,heights_direction,start_jerks,start_accelerations,start_velocities,start_heights,actual_timestamps
0.0,0.0,0.0,0.0,0.0,up,down,down,up,0.0349138253380454,0.011318090200131,2.762451464839144,15.03705253351009,13.547
0.016000000000000014,0.0,0.1395706201207101,0.0,0.04420056498441305,up,down,down,up,0.0349138253380454,0.011318090200131,2.762451464839144,15.03705253351009,13.563
0.030999999999998806,0.0,0.1460876597006052,0.0,0.08564084345759326,up,down,down,up,0.0349138253380454,0.011318090200131,2.762451464839144,15.03705253351009,13.578
0.04699999999999882,0.0,0.0789230968782916,0.0,0.12984584019482526,up,down,down,up,0.0349138253380454,0.011318090200131,2.762451464839144,15.03705253351009,13.594
0.06199999999999939,0.0,0.0469063446135208,0.0,0.17128974746565007,up,down,down,up,0.0349138253380454,0.011318090200131,2.762451464839144,15.03705253351009,13.609
0.0779999999999994,0.0,0.1426221079905419,0.0,0.21549824118842942,up,down,down,up,0.0349138253380454,0.011318090200131,2.762451464839144,15.03705253351009,13.625
0.09399999999999942,0.0,0.1474522654321129,0.0,0.25970810432808733,up,down,down,up,0.0349138253380454,0.011318090200131,2.762451464839144,15.03705253351009,13.641
0.10899999999999999,0.0,0.051220705165252504,0.0,0.30115586129216965,up,down,down,up,0.0349138253380454,0.011318090200131,2.762451464839144,15.03705253351009,13.656
0.125,0.0,0.11842077812784779,0.0,0.3453678443036967,up,down,down,up,0.0349138253380454,0.011318090200131,2.762451464839144,15.03705253351009,13.672
0.1559999999999988,0.0,0.0776312529397863,0.0,0.43103097607655805,up,down,down,up,0.0349138253380454,0.011318090200131,2.762451464839144,15.03705253351009,13.703
0.17199999999999882,0.0,0.1266560155239736,0.0,0.47524536210291934,up,down,down,up,0.0349138253380454,0.011318090200131,2.762451464839144,15.03705253351009,13.719
0.1869999999999994,0.0,0.0415575808555232,0.0,0.5166973708783331,up,down,down,up,0.0349138253380454,0.011318090200131,2.762451464839144,15.03705253351009,13.734
0.2029999999999994,0.0,0.03413815434405441,0.0,0.5609143198880293,up,down,down,up,0.0349138253380454,0.011318090200131,2.762451464839144,15.03705253351009,13.75
0.21899999999999942,0.0,0.0404678324442686,0.0,0.6051329938904928,up,down,down,up,0.0349138253380454,0.011318090200131,2.762451464839144,15.03705253351009,13.766
0.23399999999999999,0.0,0.0445853396634495,0.0,0.6465896133057978,up,down,down,up,0.0349138253380454,0.011318090200131,2.762451464839144,15.03705253351009,13.781
0.25,0.0,0.0408057864417221,0.0,0.6908116970993312,up,down,down,up,0.0349138253380454,0.011318090200131,2.762451464839144,15.03705253351009,13.797
0.266,0.0,0.0415359229852807,0.0,0.7350354975132039,up,down,down,up,0.0349138253380454,0.011318090200131,2.762451464839144,15.03705253351009,13.813
0.2809999999999988,0.0,0.042215296960874206,0.0,0.7764969169208982,up,down,down,up,0.0349138253380454,0.011318090200131,2.762451464839144,15.03705253351009,13.828
0.2969999999999988,0.0,0.0855143357290088,0.0,0.8207244092020982,up,down,down,up,0.0349138253380454,0.011318090200131,2.762451464839144,15.03705253351009,13.844
0.3119999999999994,0.0,0.10855952241129349,0.0,0.8621897575314872,up,down,down,up,0.0349138253380454,0.011318090200131,2.762451464839144,15.03705253351009,13.859
0.3439999999999994,0.0,0.057085775607978895,0.0,0.9506555716065712,up,down,down,up,0.0349138253380454,0.011318090200131,2.762451464839144,15.03705253351009,13.891
0.359,0.0,0.0221831407750502,0.0,0.9921268301905659,up,down,down,up,0.0349138253380454,0.011318090200131,2.762451464839144,15.03705253351009,13.906
0.375,0.0,0.30882873069482086,0.0,1.036364672155857,up,down,down,up,0.0349138253380454,0.011318090200131,2.762451464839144,15.03705253351009,13.922
0.4059999999999988,0.0,0.0387558746327853,0.0,1.1220791718066945,up,down,down,up,0.0349138253380454,0.011318090200131,2.762451464839144,15.03705253351009,13.953
0.4219999999999988,0.0,0.0438652428560448,0.0,1.166320508451582,up,down,down,up,0.0349138253380454,0.011318090200131,2.762451464839144,15.03705253351009,13.969
0.4369999999999994,0.0,0.030498459519846595,0.0,1.207797774779193,up,down,down,up,0.0349138253380454,0.011318090200131,2.762451464839144,15.03705253351009,13.984
0.4529999999999994,0.0,0.1003235761227737,0.0,1.2520413224122908,up,down,down,up,0.0349138253380454,0.011318090200131,2.762451464839144,15.03705253351009,14.0
0.4689999999999994,0.0,0.09596976714332231,0.0,1.2962859031712828,up,down,down,up,0.0349138253380454,0.011318090200131,2.762451464839144,15.03705253351009,14.016
0.484,0.0,0.08107526948923471,0.0,1.3377660612233608,up,down,down,up,0.0349138253380454,0.011318090200131,2.762451464839144,15.03705253351009,14.031
0.5,0.0,0.0547662221390687,0.0,1.3820127363189467,up,down,down,up,0.0349138253380454,0.011318090200131,2.762451464839144,15.03705253351009,14.047
0.516,0.0,0.055445175097257195,0.0,1.4262610034198335,up,down,down,up,0.0349138253380454,0.011318090200131,2.762451464839144,15.03705253351009,14.063
0.5309999999999988,0.0,0.2197561398407914,0.0,1.4677452924898144,up,down,down,up,0.0349138253380454,0.011318090200131,2.762451464839144,15.03705253351009,14.078
0.5469999999999988,0.0,0.013750254779787398,0.0,1.511996629533952,up,down,down,up,0.0349138253380454,0.011318090200131,2.762451464839144,15.03705253351009,14.094
0.5779999999999994,0.0,0.04555116846175589,0.0,1.5977382267752187,up,down,down,up,0.0349138253380454,0.011318090200131,2.762451464839144,15.03705253351009,14.125
0.5939999999999994,0.0,0.11890417935755948,0.0,1.6419948715746226,up,down,down,up,0.0349138253380454,0.011318090200131,2.762451464839144,15.03705253351009,14.141
0.609,0.0,0.0478095906428401,0.0,1.6834877874434522,up,down,down,up,0.0349138253380454,0.011318090200131,2.762451464839144,15.03705253351009,14.156
0.625,0.0,0.0149779827087748,0.0,1.7277495163282826,up,down,down,up,0.0349138253380454,0.011318090200131,2.762451464839144,15.03705253351009,14.172
0.641,0.0,0.0122127363002545,0.0,1.77201399974504,up,down,down,up,0.0349138253380454,0.011318090200131,2.762451464839144,15.03705253351009,14.188
0.6559999999999988,0.0,0.154277451716717,0.0,1.8135144139930173,up,down,down,up,0.0349138253380454,0.011318090200131,2.762451464839144,15.03705253351009,14.203
0.6719999999999988,0.0,0.1433971240215602,0.0,1.8577838306194732,up,down,down,up,0.0349138253380454,0.011318090200131,2.762451464839144,15.03705253351009,14.219
0.6869999999999994,0.0,0.21221861140137932,0.0,1.8992881269621886,up,down,down,up,0.0349138253380454,0.011318090200131,2.762451464839144,15.03705253351009,14.234
0.7029999999999994,0.0,0.1400210680257972,0.0,1.943560650058286,up,down,down,up,0.0349138253380454,0.011318090200131,2.762451464839144,15.03705253351009,14.25
0.7189999999999994,0.0,0.0,0.0,1.9878341488789726,up,down,down,up,0.0349138253380454,0.011318090200131,2.762451464839144,15.03705253351009,14.266
0.734,0.0,0.0,0.0,2.02934144026357,up,down,down,up,0.0349138253380454,0.011318090200131,2.762451464839144,15.03705253351009,14.281
0.75,0.0,0.0,0.0,2.0736169639395374,up,down,down,up,0.0349138253380454,0.011318090200131,2.762451464839144,15.03705253351009,14.297
0.7809999999999988,0.0,0.017282824420293198,0.0,2.1594043628341826,up,down,down,up,0.0349138253380454,0.011318090200131,2.762451464839144,15.03705253351009,14.328
0.7969999999999988,0.0,0.0884175518416351,0.0,2.203683796287491,up,down,down,up,0.0349138253380454,0.011318090200131,2.762451464839144,15.03705253351009,14.344
0.8119999999999994,0.0,0.0839749895098377,0.0,2.2451974473600824,up,down,down,up,0.0349138253380454,0.011318090200131,2.762451464839144,15.03705253351009,14.359
0.8279999999999994,0.0,0.0812250158035431,0.0,2.289480943012327,up,down,down,up,0.0349138253380454,0.011318090200131,2.762451464839144,15.03705253351009,14.375
0.8439999999999994,0.0,0.0,0.0,2.3337671570385137,up,down,down,up,0.0349138253380454,0.011318090200131,2.762451464839144,15.03705253351009,14.391
0.859,0.0,0.0911744456030979,0.0,2.3752880708744843,up,down,down,up,0.0349138253380454,0.011318090200131,2.762451464839144,15.03705253351009,14.406
0.891,0.0,0.0,0.0,2.4638743749616214,up,down,down,up,0.0349138253380454,0.011318090200131,2.762451464839144,15.03705253351009,14.438
0.9059999999999988,0.0,0.0343711110519322,0.0,2.5054032479238995,up,down,down,up,0.0349138253380454,0.011318090200131,2.762451464839144,15.03705253351009,14.453
0.9219999999999988,0.0,0.10732199879215348,0.0,2.549703943550343,up,down,down,up,0.0349138253380454,0.011318090200131,2.762451464839144,15.03705253351009,14.469
0.9369999999999994,0.0,0.0236611043894178,0.0,2.5912392387938876,up,down,down,up,0.0349138253380454,0.011318090200131,2.762451464839144,15.03705253351009,14.484
0.9529999999999994,0.0,0.016573757565252402,0.0,2.635547483856973,up,down,down,up,0.0349138253380454,0.011318090200131,2.762451464839144,15.03705253351009,14.5
0.9689999999999994,0.0,0.1869814045921678,0.0,2.679859788281915,up,down,down,up,0.0349138253380454,0.011318090200131,2.762451464839144,15.03705253351009,14.516
0.984,0.0,0.1713960405964039,0.0,2.7214059148483347,up,down,down,up,0.0349138253380454,0.011318090200131,2.762451464839144,15.03705253351009,14.531
1.0,0.0,0.170218748725137,0.0,2.7657247907831266,up,down,down,up,0.0349138253380454,0.011318090200131,2.762451464839144,15.03705253351009,14.547
1.016,0.0,0.11496065464478,0.0,2.8100462899350713,up,down,down,up,0.0349138253380454,0.011318090200131,2.762451464839144,15.03705253351009,14.563
1.0309999999999988,0.0,0.2120588227621912,0.0,2.8515996560186654,up,down,down,up,0.0349138253380454,0.011318090200131,2.762451464839144,15.03705253351009,14.578
1.0469999999999988,0.0,0.0444146195548444,0.0,2.895924906029899,up,down,down,up,0.0349138253380454,0.011318090200131,2.762451464839144,15.03705253351009,14.594
1.0619999999999994,0.0,0.0422781373736077,0.0,2.937481210936207,up,down,down,up,0.0349138253380454,0.011318090200131,2.762451464839144,15.03705253351009,14.609
1.0939999999999994,0.0,0.0715771470244929,0.0,3.0261387550948466,up,down,down,up,0.0349138253380454,0.011318090200131,2.762451464839144,15.03705253351009,14.641
1.109,0.0,0.1070600378247808,0.0,3.067698698762305,up,down,down,up,0.0349138253380454,0.011318090200131,2.762451464839144,15.03705253351009,14.656
1.125,0.0,0.011192944598503798,0.0,3.112030279944653,up,down,down,up,0.0349138253380454,0.011318090200131,2.762451464839144,15.03705253351009,14.672
1.141,0.0,0.0722220856116394,0.0,3.156362809736555,up,down,down,up,0.0349138253380454,0.011318090200131,2.762451464839144,15.03705253351009,14.688
1.1559999999999988,0.0,0.0740804530290752,0.0,3.197925338686078,up,down,down,up,0.0349138253380454,0.011318090200131,2.762451464839144,15.03705253351009,14.703
1.1719999999999988,0.0,0.0779612099396364,0.0,3.242259379835728,up,down,down,up,0.0349138253380454,0.011318090200131,2.762451464839144,15.03705253351009,14.719
1.1869999999999994,0.0,0.0489975139171366,0.0,3.2838230556265504,up,down,down,up,0.0349138253380454,0.011318090200131,2.762451464839144,15.03705253351009,14.734
1.2029999999999994,0.0,0.0627802960825318,0.0,3.328158089840846,up,down,down,up,0.0349138253380454,0.011318090200131,2.762451464839144,15.03705253351009,14.75
1.2189999999999994,0.0103474236406704,0.0629542921352088,0.0,3.3724934872213606,up,down,down,up,0.0349138253380454,0.011318090200131,2.762451464839144,15.03705253351009,14.766
1.234,0.010566765629466299,0.049536624591106,0.0,3.414058162526432,up,down,down,up,0.0349138253380454,0.011318090200131,2.762451464839144,15.03705253351009,14.781
1.25,0.0103393385899135,0.020699635365995,0.0,3.458394030229515,up,down,down,up,0.0349138253380454,0.011318090200131,2.762451464839144,15.03705253351009,14.797
1.266,0.0101758946166104,0.0246985770065989,0.0,3.502730144398095,up,down,down,up,0.0349138253380454,0.011318090200131,2.762451464839144,15.03705253351009,14.813
1.2809999999999988,0.0109421583784144,0.0859980761249827,0.0,3.5442954640826283,up,down,down,up,0.0349138253380454,0.011318090200131,2.762451464839144,15.03705253351009,14.828
1.2969999999999988,0.014162627082860799,0.236193119365957,0.0,3.5886317381763977,up,down,down,up,0.0349138253380454,0.011318090200131,2.762451464839144,15.03705253351009,14.844
1.3119999999999994,0.017345967682354302,0.2471365319709329,0.0,3.6301963479496937,up,down,down,up,0.0349138253380454,0.011318090200131,2.762451464839144,15.03705253351009,14.859
1.3279999999999994,0.019552972759743797,0.172851642674887,0.0,3.6745304865463684,up,down,down,up,0.0349138253380454,0.011318090200131,2.762451464839144,15.03705253351009,14.875
1.359,0.0218258316276322,0.10823185333444449,0.0,3.7604216085797706,up,down,down,up,0.0349138253380454,0.011318090200131,2.762451464839144,15.03705253351009,14.906
1.375,0.0223284798914739,0.0663293418281529,0.0,3.804748809028661,up,down,down,up,0.0349138253380454,0.011318090200131,2.762451464839144,15.03705253351009,14.922
1.391,0.0227733537244478,0.0627184398989121,0.0,3.849073194515354,up,down,down,up,0.0349138253380454,0.011318090200131,2.762451464839144,15.03705253351009,14.938
1.4059999999999988,0.0246721327133893,0.1614990912674909,0.0,3.8906245624464706,up,down,down,up,0.0349138253380454,0.011318090200131,2.762451464839144,15.03705253351009,14.953
1.4219999999999988,0.0261606399653614,0.1279455285863039,0.0,3.934942728432725,up,down,down,up,0.0349138253380454,0.011318090200131,2.762451464839144,15.03705253351009,14.969
1.4369999999999994,0.0288850145814087,0.216538799741188,0.0,3.976487494216391,up,down,down,up,0.0349138253380454,0.011318090200131,2.762451464839144,15.03705253351009,14.984
1.4529999999999994,0.0343973120926381,0.37943241978988196,0.0,4.020797365130482,up,down,down,up,0.0349138253380454,0.011318090200131,2.762451464839144,15.03705253351009,15.0
1.484,0.0396483925755787,0.2043035183361277,0.0,4.106630348766197,up,down,down,up,0.0349138253380454,0.011318090200131,2.762451464839144,15.03705253351009,15.031
1.5,0.042497484814202,0.21298209025200052,0.0,4.150921060144304,up,down,down,up,0.0349138253380454,0.011318090200131,2.762451464839144,15.03705253351009,15.047
1.5309999999999988,0.043463048707136895,0.06606104769078511,0.0,4.236711720561116,up,down,down,up,0.0349138253380454,0.011318090200131,2.762451464839144,15.03705253351009,15.078
1.5469999999999988,0.044675433214607,0.11068785705492509,0.0,4.280978726731744,up,down,down,up,0.0349138253380454,0.011318090200131,2.762451464839144,15.03705253351009,15.094
1.5619999999999994,0.0467248479668764,0.17154147548933252,0.0,4.322471246897949,up,down,down,up,0.0349138253380454,0.011318090200131,2.762451464839144,15.03705253351009,15.109
1.5779999999999994,0.0487288172299641,0.1601619042810308,0.0,4.366721148910157,up,down,down,up,0.0349138253380454,0.011318090200131,2.762451464839144,15.03705253351009,15.125
1.5939999999999994,0.049960863386273,0.1119167101073513,0.0,4.410961523179326,up,down,down,up,0.0349138253380454,0.011318090200131,2.762451464839144,15.03705253351009,15.141
1.625,0.053236245685455895,0.1405713188600722,0.0,4.496648462928702,up,down,down,up,0.0349138253380454,0.011318090200131,2.762451464839144,15.03705253351009,15.172
1.641,0.0563973308138833,0.23248164586475692,0.0,4.540858422830199,up,down,down,up,0.0349138253380454,0.011318090200131,2.762451464839144,15.03705253351009,15.188
1.6559999999999988,0.0596412681859791,0.251176316811118,0.0,4.582294786508031,up,down,down,up,0.0349138253380454,0.011318090200131,2.762451464839144,15.03705253351009,15.203
1.6719999999999988,0.0614908306693297,0.1505114805474548,0.0,4.626481666547162,up,down,down,up,0.0349138253380454,0.011318090200131,2.762451464839144,15.03705253351009,15.219
1.6869999999999994,0.0648678448891217,0.2600481066575018,0.0,4.66789512243839,up,down,down,up,0.0349138253380454,0.011318090200131,2.762451464839144,15.03705253351009,15.234
1.7029999999999994,0.0681327428035451,0.2389699449895086,0.0,4.712056188717254,up,down,down,up,0.0349138253380454,0.011318090200131,2.762451464839144,15.03705253351009,15.25
1.7189999999999994,0.0725643443881941,0.31188892437861127,0.0,4.756202635776015,up,down,down,up,0.0349138253380454,0.011318090200131,2.762451464839144,15.03705253351009,15.266
1.734,0.0765196239773579,0.2985991312822855,0.0,4.797575733551126,up,down,down,up,0.0349138253380454,0.011318090200131,2.762451464839144,15.03705253351009,15.281
1.75,0.0804069331315061,0.2778706474723111,0.0,4.841690856393191,up,down,down,up,0.0349138253380454,0.011318090200131,2.762451464839144,15.03705253351009,15.297
1.766,0.0859546647292822,0.38164705019905165,0.0,4.885788186224426,up,down,down,up,0.0349138253380454,0.011318090200131,2.762451464839144,15.03705253351009,15.313
1.7809999999999988,0.0895285059838392,0.2731699089751948,0.0,4.927112211772949,up,down,down,up,0.0349138253380454,0.011318090200131,2.762451464839144,15.03705253351009,15.328
1.7969999999999988,0.092958487962372,0.2492876989963475,0.0,4.971171771086558,up,down,down,up,0.0349138253380454,0.011318090200131,2.762451464839144,15.03705253351009,15.344
1.8119999999999994,0.0971276750613085,0.31285963193379707,0.010624285862181448,5.012458597832742,up,down,down,up,0.0349138253380454,0.011318090200131,2.762451464839144,15.03705253351009,15.359
1.8279999999999994,0.1017026790694418,0.3208515758463811,0.012033839252025391,5.056476556269255,up,down,down,up,0.0349138253380454,0.011318090200131,2.762451464839144,15.03705253351009,15.375
1.8439999999999994,0.1043810703081628,0.2023132777581036,0.013501419803843895,5.100471497634233,up,down,down,up,0.0349138253380454,0.011318090200131,2.762451464839144,15.03705253351009,15.391
1.875,0.1069283157044366,0.1170830316694575,0.01642585449083578,5.185643620292678,up,down,down,up,0.0349138253380454,0.011318090200131,2.762451464839144,15.03705253351009,15.422
1.891,0.109103318803564,0.17085151903351012,0.01797301812369767,5.229567652749191,up,down,down,up,0.0349138253380454,0.011318090200131,2.762451464839144,15.03705253351009,15.438
1.9059999999999988,0.1112697601872891,0.1793432509197247,0.01945604486312691,5.270723706749374,up,down,down,up,0.0349138253380454,0.011318090200131,2.762451464839144,15.03705253351009,15.453
1.9219999999999988,0.114906072918325,0.2621833710277907,0.021084362084769825,5.314598606931218,up,down,down,up,0.0349138253380454,0.011318090200131,2.762451464839144,15.03705253351009,15.469
1.9369999999999994,0.1178541295710359,0.2314509355187658,0.022660292250438197,5.355707293996295,up,down,down,up,0.0349138253380454,0.011318090200131,2.762451464839144,15.03705253351009,15.484
1.9529999999999994,0.1231085035037526,0.3633121961328364,0.024406903871834196,5.399529979864747,up,down,down,up,0.0349138253380454,0.011318090200131,2.762451464839144,15.03705253351009,15.5
1.9689999999999994,0.1282647781972289,0.35718099368031686,0.02623680068223999,5.443324053665732,up,down,down,up,0.0349138253380454,0.011318090200131,2.762451464839144,15.03705253351009,15.516
1.984,0.1325881446130167,0.32313825305722027,0.02802342625031473,5.48435387393633,up,down,down,up,0.0349138253380454,0.011318090200131,2.762451464839144,15.03705253351009,15.531
2.0,0.1358493528404913,0.2387393395552048,0.02998983678674083,5.5280889912694615,up,down,down,up,0.0349138253380454,0.011318090200131,2.762451464839144,15.03705253351009,15.547
2.016,0.1389547873737732,0.2290034836681662,0.03200718046525264,5.571792238568873,up,down,down,up,0.0349138253380454,0.011318090200131,2.762451464839144,15.03705253351009,15.563
2.030999999999999,0.1430270620023356,0.3063988005755613,0.03395227298257142,5.6127343146405995,up,down,down,up,0.0349138253380454,0.011318090200131,2.762451464839144,15.03705253351009,15.578
2.046999999999999,0.1481935519791991,0.3578194488920158,0.036100948451221804,5.656373112306559,up,down,down,up,0.0349138253380454,0.011318090200131,2.762451464839144,15.03705253351009,15.594
2.0619999999999994,0.1532408931050141,0.37140323372569606,0.038191935436351354,5.697252687649991,up,down,down,up,0.0349138253380454,0.011318090200131,2.762451464839144,15.03705253351009,15.609
2.0779999999999994,0.1584162667546031,0.35837467843735615,0.04050410327202636,5.740822342777749,up,down,down,up,0.0349138253380454,0.011318090200131,2.762451464839144,15.03705253351009,15.625
2.109,0.1634574575284712,0.1975328825595942,0.045142285202210086,5.825130819166409,up,down,down,up,0.0349138253380454,0.011318090200131,2.762451464839144,15.03705253351009,15.656
2.125,0.1690124873310469,0.38210318799902737,0.04762095531788413,5.868587936679676,up,down,down,up,0.0349138253380454,0.011318090200131,2.762451464839144,15.03705253351009,15.672
2.141,0.1744896802260082,0.37723838127312576,0.050187883215139006,5.912004689408837,up,down,down,up,0.0349138253380454,0.011318090200131,2.762451464839144,15.03705253351009,15.688
2.155999999999999,0.1794063586841136,0.36269238921176467,0.05267233215396239,5.952670009766154,up,down,down,up,0.0349138253380454,0.011318090200131,2.762451464839144,15.03705253351009,15.703
2.1869999999999994,0.1838635603376629,0.1786945238396345,0.05795215510259588,6.036591325623691,up,down,down,up,0.0349138253380454,0.011318090200131,2.762451464839144,15.03705253351009,15.734
2.2029999999999994,0.18753066108975588,0.2641076223438563,0.06074221943081293,6.079840994064851,up,down,down,up,0.0349138253380454,0.011318090200131,2.762451464839144,15.03705253351009,15.75
2.2189999999999994,0.191730806084866,0.2974228875324278,0.06359522172500798,6.123045517973031,up,down,down,up,0.0349138253380454,0.011318090200131,2.762451464839144,15.03705253351009,15.766
2.234,0.1957962606096383,0.3059441269895184,0.06633190337221473,6.1635078365073905,up,down,down,up,0.0349138253380454,0.011318090200131,2.762451464839144,15.03705253351009,15.781
2.25,0.1998505312329309,0.2883057392938368,0.06931598826375307,6.206621876811729,up,down,down,up,0.0349138253380454,0.011318090200131,2.762451464839144,15.03705253351009,15.797
2.266,0.2035307230257927,0.2649258123919027,0.07236194885462055,6.249687676752208,up,down,down,up,0.0349138253380454,0.011318090200131,2.762451464839144,15.03705253351009,15.813
2.280999999999999,0.2082146493480489,0.34717558015515226,0.07528026779442198,6.290017132099921,up,down,down,up,0.0349138253380454,0.011318090200131,2.762451464839144,15.03705253351009,15.828
2.296999999999999,0.2128291615731362,0.3233208394060046,0.0784675288385892,6.332986373164287,up,down,down,up,0.0349138253380454,0.011318090200131,2.762451464839144,15.03705253351009,15.844
2.3119999999999994,0.2164417534375164,0.2757532829633777,0.08151728934816704,6.373223259000474,up,down,down,up,0.0349138253380454,0.011318090200131,2.762451464839144,15.03705253351009,15.859
2.3279999999999994,0.2205547251924588,0.2919745600219456,0.08483217173400481,6.416091686749242,up,down,down,up,0.0349138253380454,0.011318090200131,2.762451464839144,15.03705253351009,15.875
2.359,0.2241863355185297,0.1520625455338804,0.09137479737882126,6.498996474138009,up,down,down,up,0.0349138253380454,0.011318090200131,2.762451464839144,15.03705253351009,15.906
2.375,0.2289793853352612,0.33447943888376097,0.09481903370244948,6.54170614692679,up,down,down,up,0.0349138253380454,0.011318090200131,2.762451464839144,15.03705253351009,15.922
2.391,0.2336137530051995,0.3245618047091888,0.09833868936597101,6.584360108579665,up,down,down,up,0.0349138253380454,0.011318090200131,2.762451464839144,15.03705253351009,15.938
2.405999999999999,0.2367318068702725,0.242784083009597,0.10169650971203525,6.624296616559162,up,down,down,up,0.0349138253380454,0.011318090200131,2.762451464839144,15.03705253351009,15.953
2.421999999999999,0.2432551106120807,0.4426203092010579,0.10535531560869105,6.666839425394022,up,down,down,up,0.0349138253380454,0.011318090200131,2.762451464839144,15.03705253351009,15.969
2.4369999999999994,0.2486040524839445,0.39150995012894807,0.10887448797890986,6.706669473839705,up,down,down,up,0.0349138253380454,0.011318090200131,2.762451464839144,15.03705253351009,15.984
2.4529999999999994,0.2537528294232273,0.3567123840432226,0.11271225359096526,6.749096003344571,up,down,down,up,0.0349138253380454,0.011318090200131,2.762451464839144,15.03705253351009,16.0
2.4689999999999976,0.2581347087559783,0.30878128363501467,0.1166262644531959,6.79146051863764,up,down,down,up,0.0349138253380454,0.011318090200131,2.762451464839144,15.03705253351009,16.016
2.483999999999998,0.2616394976367466,0.26856641738925097,0.12035479964814,6.831119932629468,up,down,down,up,0.0349138253380454,0.011318090200131,2.762451464839144,15.03705253351009,16.031
2.5,0.26508541161567034,0.2502834490207586,0.12438750947895771,6.87336121759388,up,down,down,up,0.0349138253380454,0.011318090200131,2.762451464839144,15.03705253351009,16.047
2.5159999999999982,0.2693117770232972,0.29906166331475487,0.12848159754486677,6.915537488175113,up,down,down,up,0.0349138253380454,0.011318090200131,2.762451464839144,15.03705253351009,16.063
2.530999999999999,0.27324474152711703,0.2971114589260186,0.13238100008099307,6.95501779066551,up,down,down,up,0.0349138253380454,0.011318090200131,2.762451464839144,15.03705253351009,16.078
2.5470000000000006,0.2771129524296842,0.2766770067484665,0.13660277218944605,6.997065143924777,up,down,down,up,0.0349138253380454,0.011318090200131,2.762451464839144,15.03705253351009,16.094
2.562000000000001,0.2809766206730798,0.2924917082310809,0.14061867263471495,7.036422755061187,up,down,down,up,0.0349138253380454,0.011318090200131,2.762451464839144,15.03705253351009,16.109
2.5779999999999994,0.2840056130580758,0.2242258494003154,0.14495744106136144,7.078337369589038,up,down,down,up,0.0349138253380454,0.011318090200131,2.762451464839144,15.03705253351009,16.125
2.5939999999999976,0.2885543106106193,0.31920742237204547,0.14935683100750863,7.1201820788499095,up,down,down,up,0.0349138253380454,0.011318090200131,2.762451464839144,15.03705253351009,16.141
2.608999999999998,0.2931374124161098,0.3404539457040662,0.15354974757720719,7.159347051483108,up,down,down,up,0.0349138253380454,0.011318090200131,2.762451464839144,15.03705253351009,16.156
2.6409999999999982,0.2956636517965911,0.1138588059780841,0.16260838571820635,7.242686968225238,up,down,down,up,0.0349138253380454,0.011318090200131,2.762451464839144,15.03705253351009,16.188
2.655999999999999,0.29874260055115615,0.24017707564237412,0.166896661257812,7.28165245234551,up,down,down,up,0.0349138253380454,0.011318090200131,2.762451464839144,15.03705253351009,16.203
2.6720000000000006,0.30341514314587303,0.3269477375078217,0.17153283376418704,7.323144239822758,up,down,down,up,0.0349138253380454,0.011318090200131,2.762451464839144,15.03705253351009,16.219
2.687000000000001,0.3074402887164424,0.30325686337599,0.17594447815015224,7.361974931955993,up,down,down,up,0.0349138253380454,0.011318090200131,2.762451464839144,15.03705253351009,16.234
2.7189999999999976,0.31209458875179225,0.18036070144274371,0.18549485730323934,7.444590349463587,up,down,down,up,0.0349138253380454,0.011318090200131,2.762451464839144,15.03705253351009,16.266
2.733999999999998,0.31612723769736023,0.30375708837590076,0.1900367496486064,7.483210634384035,up,down,down,up,0.0349138253380454,0.011318090200131,2.762451464839144,15.03705253351009,16.281
2.75,0.32208344971274083,0.4071770762992948,0.19496134570468548,7.5243298730586385,up,down,down,up,0.0349138253380454,0.011318090200131,2.762451464839144,15.03705253351009,16.297
2.7659999999999982,0.3279022383872227,0.3985881174931994,0.19998014176628276,7.565369564596294,up,down,down,up,0.0349138253380454,0.011318090200131,2.762451464839144,15.03705253351009,16.313
2.780999999999999,0.3333336202523699,0.3970059496811813,0.2047696393530778,7.603770713210489,up,down,down,up,0.0349138253380454,0.011318090200131,2.762451464839144,15.03705253351009,16.328
2.7970000000000006,0.3398396536986804,0.4415409157324068,0.20997393610148452,7.6446519880442825,up,down,down,up,0.0349138253380454,0.011318090200131,2.762451464839144,15.03705253351009,16.344
2.812000000000001,0.3461279007848893,0.45413029775195596,0.21494892140710986,7.682901838585556,up,down,down,up,0.0349138253380454,0.011318090200131,2.762451464839144,15.03705253351009,16.359
2.8279999999999994,0.35164293986760414,0.37960376800775697,0.22034999868912664,7.723618670662207,up,down,down,up,0.0349138253380454,0.011318090200131,2.762451464839144,15.03705253351009,16.375
2.8439999999999976,0.3584797809210815,0.4622163911804282,0.22584989101223352,7.764248294982012,up,down,down,up,0.0349138253380454,0.011318090200131,2.762451464839144,15.03705253351009,16.391
2.875,0.36516982789737884,0.2507217923153638,0.23671559915271656,7.842714525294477,up,down,down,up,0.0349138253380454,0.011318090200131,2.762451464839144,15.03705253351009,16.422
2.8909999999999982,0.37077195403146124,0.38504670871823377,0.24242204396494405,7.883080647586956,up,down,down,up,0.0349138253380454,0.011318090200131,2.762451464839144,15.03705253351009,16.438
2.905999999999999,0.3743352291710219,0.2724655013087479,0.24784057648596125,7.92084044990616,up,down,down,up,0.0349138253380454,0.011318090200131,2.762451464839144,15.03705253351009,16.453
2.9220000000000006,0.37846312116202613,0.29290707477577665,0.25368187384542384,7.961027493740945,up,down,down,up,0.0349138253380454,0.011318090200131,2.762451464839144,15.03705253351009,16.469
2.937000000000001,0.3825729695975148,0.30890372103727975,0.259219873173119,7.998617502610893,up,down,down,up,0.0349138253380454,0.011318090200131,2.762451464839144,15.03705253351009,16.484
2.9529999999999994,0.38599598942543334,0.2488525645829811,0.26518733540209993,8.038621468379715,up,down,down,up,0.0349138253380454,0.011318090200131,2.762451464839144,15.03705253351009,16.5
2.9689999999999976,0.3887924439391258,0.20969223244384472,0.2712045534258136,8.078529556706508,up,down,down,up,0.0349138253380454,0.011318090200131,2.762451464839144,15.03705253351009,16.516
2.983999999999998,0.3914622820277279,0.2129030312448456,0.27688669251756304,8.115855644334525,up,down,down,up,0.0349138253380454,0.011318090200131,2.762451464839144,15.03705253351009,16.531
3.0,0.3947252759672145,0.2388509465559345,0.2829951035383216,8.15557581340351,up,down,down,up,0.0349138253380454,0.011318090200131,2.762451464839144,15.03705253351009,16.547
3.0159999999999982,0.39606885227583344,0.1188873446267372,0.28914036712106306,8.195197953075654,up,down,down,up,0.0349138253380454,0.011318090200131,2.762451464839144,15.03705253351009,16.563
3.030999999999999,0.3978829759550137,0.155855403950055,0.2949252344797926,8.232254233036235,up,down,down,up,0.0349138253380454,0.011318090200131,2.762451464839144,15.03705253351009,16.578
3.062000000000001,0.4000373655703021,0.1044102645408938,0.30694213897723177,8.30856128415767,up,down,down,up,0.0349138253380454,0.011318090200131,2.762451464839144,15.03705253351009,16.609
3.0779999999999994,0.4016131922903855,0.1334029953432677,0.3131742539969147,8.3477995764513,up,down,down,up,0.0349138253380454,0.011318090200131,2.762451464839144,15.03705253351009,16.625
3.0939999999999976,0.4031033055042829,0.1280459012066406,0.31943089653606904,8.386937958684458,up,down,down,up,0.0349138253380454,0.011318090200131,2.762451464839144,15.03705253351009,16.641
3.125,0.40614256155588524,0.132954343131663,0.33162334667929905,8.46248261332464,up,down,down,up,0.0349138253380454,0.011318090200131,2.762451464839144,15.03705253351009,16.672
3.1409999999999982,0.4092183502303913,0.2271506174946969,0.33796514453038595,8.50132512883239,up,down,down,up,0.0349138253380454,0.011318090200131,2.762451464839144,15.03705253351009,16.688
3.155999999999999,0.41334270586989413,0.3098708679715518,0.343964581098136,8.53764742786276,up,down,down,up,0.0349138253380454,0.011318090200131,2.762451464839144,15.03705253351009,16.703
3.1720000000000006,0.416713807683525,0.2456076886899513,0.3504239437633623,8.5762915431013,up,down,down,up,0.0349138253380454,0.011318090200131,2.762451464839144,15.03705253351009,16.719
3.187000000000001,0.41994853470887594,0.25056229369477,0.3565291399783037,8.612426166945829,up,down,down,up,0.0349138253380454,0.011318090200131,2.762451464839144,15.03705253351009,16.734
3.2029999999999994,0.42342892615030603,0.2524382904274497,0.3630950702219744,8.650868396701641,up,down,down,up,0.0349138253380454,0.011318090200131,2.762451464839144,15.03705253351009,16.75
3.233999999999998,0.42612613774837443,0.121920651082189,0.3759123129161992,8.725049777673012,up,down,down,up,0.0349138253380454,0.011318090200131,2.762451464839144,15.03705253351009,16.781
3.25,0.4287548147045345,0.1992061350980327,0.3825702710926211,8.763181140438375,up,down,down,up,0.0349138253380454,0.011318090200131,2.762451464839144,15.03705253351009,16.797
3.2659999999999982,0.4304557422763508,0.1412217985765746,0.3892628661052653,8.80120569877821,up,down,down,up,0.0349138253380454,0.011318090200131,2.762451464839144,15.03705253351009,16.813
3.280999999999999,0.43377034889006255,0.2558875995854867,0.3955747904360116,8.83675618832674,up,down,down,up,0.0349138253380454,0.011318090200131,2.762451464839144,15.03705253351009,16.828
3.2970000000000006,0.4370718892277291,0.2412600964421853,0.40236043889775264,8.8745719299295,up,down,down,up,0.0349138253380454,0.011318090200131,2.762451464839144,15.03705253351009,16.844
3.312000000000001,0.4377232386483295,0.0783371200447378,0.4087516310038213,8.909925361377828,up,down,down,up,0.0349138253380454,0.011318090200131,2.762451464839144,15.03705253351009,16.859
3.3279999999999994,0.4398758093442313,0.1694494938319227,0.4155913339445587,8.947529841095667,up,down,down,up,0.0349138253380454,0.011318090200131,2.762451464839144,15.03705253351009,16.875
3.3439999999999976,0.44208506803995634,0.1729924938208712,0.42246593152042955,8.985024606409366,up,down,down,up,0.0349138253380454,0.011318090200131,2.762451464839144,15.03705253351009,16.891
3.358999999999998,0.44442638036614385,0.1910013137505398,0.42894499603047365,9.020075796425322,up,down,down,up,0.0349138253380454,0.011318090200131,2.762451464839144,15.03705253351009,16.906
3.3909999999999982,0.4447076757243397,0.0437043052816665,0.442808962041517,9.094526179971025,up,down,down,up,0.0349138253380454,0.011318090200131,2.762451464839144,15.03705253351009,16.938
3.405999999999999,0.4450963825073265,0.0608276108705016,0.44931272112525233,9.129272039319867,up,down,down,up,0.0349138253380454,0.011318090200131,2.762451464839144,15.03705253351009,16.953
3.4220000000000006,0.44553262184484405,0.0621787839328838,0.45625666371686835,9.16622670767856,up,down,down,up,0.0349138253380454,0.011318090200131,2.762451464839144,15.03705253351009,16.969
3.437000000000001,0.4459749662969069,0.06440345547557261,0.4627731992749302,9.20077075567871,up,down,down,up,0.0349138253380454,0.011318090200131,2.762451464839144,15.03705253351009,16.984
3.4529999999999994,0.44642432172278385,0.0629985394553531,0.4697313041358848,9.23750994308884,up,down,down,up,0.0349138253380454,0.011318090200131,2.762451464839144,15.03705253351009,17.0
3.4689999999999976,0.44804491137724684,0.1362006787419934,0.47670596855748215,9.274137668344716,up,down,down,up,0.0349138253380454,0.011318090200131,2.762451464839144,15.03705253351009,17.016
3.5,0.4488454695622081,0.0607382829174394,0.4902569086658408,9.344785739157773,up,down,down,up,0.0349138253380454,0.011318090200131,2.762451464839144,15.03705253351009,17.047
3.5159999999999982,0.4500735252524598,0.11166730597878821,0.4972671711811554,9.381084769956418,up,down,down,up,0.0349138253380454,0.011318090200131,2.762451464839144,15.03705253351009,17.063
3.530999999999999,0.4514071323297929,0.12382096382691521,0.5038585047600206,9.415013099359447,up,down,down,up,0.0349138253380454,0.011318090200131,2.762451464839144,15.03705253351009,17.078
3.5470000000000006,0.45282674722956345,0.1236397565736913,0.5109112863532941,9.45109416446797,up,down,down,up,0.0349138253380454,0.011318090200131,2.762451464839144,15.03705253351009,17.094
3.562000000000001,0.45418717865782543,0.1256092538888441,0.5175441194444477,9.484817520897076,up,down,down,up,0.0349138253380454,0.011318090200131,2.762451464839144,15.03705253351009,17.109
3.5779999999999994,0.45608976178582233,0.1538252708378615,0.5246452455247939,9.520679229414744,up,down,down,up,0.0349138253380454,0.011318090200131,2.762451464839144,15.03705253351009,17.125
3.608999999999998,0.45731580513775855,0.07446361088437631,0.5384521710159049,9.589837214868373,up,down,down,up,0.0349138253380454,0.011318090200131,2.762451464839144,15.03705253351009,17.156
3.625,0.4584313142146587,0.10463314264429799,0.5455970585275232,9.625364044469455,up,down,down,up,0.0349138253380454,0.011318090200131,2.762451464839144,15.03705253351009,17.172
3.6409999999999982,0.4598502741227381,0.1235988195930168,0.5527622217910193,9.66077639366433,up,down,down,up,0.0349138253380454,0.011318090200131,2.762451464839144,15.03705253351009,17.188
3.655999999999999,0.4639622038021453,0.3090424706318491,0.5595210440224543,9.693871041143316,up,down,down,up,0.0349138253380454,0.011318090200131,2.762451464839144,15.03705253351009,17.203
3.6720000000000006,0.46710563478553613,0.2313782617999528,0.5667884972879547,9.729059788250266,up,down,down,up,0.0349138253380454,0.011318090200131,2.762451464839144,15.03705253351009,17.219
3.687000000000001,0.47015728793097533,0.2383573683673179,0.5736481978553267,9.761943285009279,up,down,down,up,0.0349138253380454,0.011318090200131,2.762451464839144,15.03705253351009,17.234
3.7029999999999994,0.4719974094087237,0.1499214176973311,0.5810043459908414,9.79690528809593,up,down,down,up,0.0349138253380454,0.011318090200131,2.762451464839144,15.03705253351009,17.25
3.7189999999999976,0.47320870416366734,0.11061974752203099,0.5883849054562176,9.831749397521778,up,down,down,up,0.0349138253380454,0.011318090200131,2.762451464839144,15.03705253351009,17.266
3.733999999999998,0.4744177181845187,0.11551476006146791,0.5953223322708272,9.864308365211413,up,down,down,up,0.0349138253380454,0.011318090200131,2.762451464839144,15.03705253351009,17.281
3.75,0.475191506423771,0.0832755902913041,0.6027381166244918,9.898923105057678,up,down,down,up,0.0349138253380454,0.011318090200131,2.762451464839144,15.03705253351009,17.297
3.7659999999999982,0.4750426890045744,0.0256127366382576,0.6101589007447159,9.93341915235615,up,down,down,up,0.0349138253380454,0.011318090200131,2.762451464839144,15.03705253351009,17.313
3.780999999999999,0.4749190469670611,0.0266710228371625,0.6171138424115021,9.965651378755071,up,down,down,up,0.0349138253380454,0.011318090200131,2.762451464839144,15.03705253351009,17.328
3.7970000000000006,0.47692329479709794,0.1601793147153333,0.6245474917024141,9.99991731151959,up,down,down,up,0.0349138253380454,0.011318090200131,2.762451464839144,15.03705253351009,17.344
3.812000000000001,0.47735280260364193,0.0635476791076402,0.6315347910799178,10.031933466371308,up,down,down,up,0.0349138253380454,0.011318090200131,2.762451464839144,15.03705253351009,17.359
3.8279999999999994,0.4783489747914124,0.09717458707370741,0.6389993158558753,10.065968416953242,up,down,down,up,0.0349138253380454,0.011318090200131,2.762451464839144,15.03705253351009,17.375
3.858999999999998,0.47927233360806193,0.064699593617063,0.6534915853398631,10.131570803394718,up,down,down,up,0.0349138253380454,0.011318090200131,2.762451464839144,15.03705253351009,17.406
3.875,0.47729630710388443,0.08858783117303429,0.6609630450223571,10.165254389789252,up,down,down,up,0.0349138253380454,0.011318090200131,2.762451464839144,15.03705253351009,17.422
3.8909999999999982,0.47532123172048374,0.0885283861245115,0.668402895889749,10.198818685699377,up,down,down,up,0.0349138253380454,0.011318090200131,2.762451464839144,15.03705253351009,17.438
3.905999999999999,0.47610945231960494,0.0874618652794569,0.675368854667048,10.23017716954279,up,down,down,up,0.0349138253380454,0.011318090200131,2.762451464839144,15.03705253351009,17.453
3.9220000000000006,0.47661160872489633,0.0662986006687536,0.6828095337122027,10.26351096587319,up,down,down,up,0.0349138253380454,0.011318090200131,2.762451464839144,15.03705253351009,17.469
3.9529999999999994,0.47691910810194743,0.0448331600816296,0.6972383990268143,10.32775621832574,up,down,down,up,0.0349138253380454,0.011318090200131,2.762451464839144,15.03705253351009,17.5
3.9689999999999976,0.47754656425225045,0.07412983473198831,0.7046930349624443,10.360739990291249,up,down,down,up,0.0349138253380454,0.011318090200131,2.762451464839144,15.03705253351009,17.516
3.983999999999998,0.4781946159027796,0.078117268706655,0.7116913224606058,10.391553879583165,up,down,down,up,0.0349138253380454,0.011318090200131,2.762451464839144,15.03705253351009,17.531
4.0,0.47889161900906163,0.0784765194806697,0.719166922896699,10.424306237057737,up,down,down,up,0.0349138253380454,0.011318090200131,2.762451464839144,15.03705253351009,17.547
4.015999999999998,0.47953095034978505,0.0748720341332597,0.7266532140083672,10.456938899399917,up,down,down,up,0.0349138253380454,0.011318090200131,2.762451464839144,15.03705253351009,17.563
4.030999999999999,0.47971830213841565,0.0474039445800854,0.7336778120490273,10.487423188677079,up,down,down,up,0.0349138253380454,0.011318090200131,2.762451464839144,15.03705253351009,17.578
4.047000000000001,0.4798424212910212,0.0426712723758928,0.7411732083932616,10.519823603950966,up,down,down,up,0.0349138253380454,0.011318090200131,2.762451464839144,15.03705253351009,17.594
4.062000000000001,0.4809474962126411,0.1085854867793713,0.7482093614215373,10.550090006649947,up,down,down,up,0.0349138253380454,0.011318090200131,2.762451464839144,15.03705253351009,17.609
4.077999999999999,0.4827139640740387,0.1453180666754049,0.7557375636606283,10.582257654686709,up,down,down,up,0.0349138253380454,0.011318090200131,2.762451464839144,15.03705253351009,17.625
4.093999999999998,0.48440627747933174,0.1406834131688744,0.7632934361498513,10.614304630125647,up,down,down,up,0.0349138253380454,0.011318090200131,2.762451464839144,15.03705253351009,17.641
4.125,0.486714546487219,0.10937411591504859,0.7779949481251256,10.6760506555794,up,down,down,up,0.0349138253380454,0.011318090200131,2.762451464839144,15.03705253351009,17.672
4.140999999999998,0.48889839483190295,0.171404346880803,0.7856187622124757,10.707740969334127,up,down,down,up,0.0349138253380454,0.011318090200131,2.762451464839144,15.03705253351009,17.688
4.155999999999999,0.4884207488942883,0.0,0.79277888443742,10.737339758956841,up,down,down,up,0.0349138253380454,0.011318090200131,2.762451464839144,15.03705253351009,17.703
4.172000000000001,0.4878871383959264,0.0,0.8004082580925409,10.768793485254031,up,down,down,up,0.0349138253380454,0.011318090200131,2.762451464839144,15.03705253351009,17.719
4.187000000000001,0.4903446506349186,0.19874797460419022,0.8075752251572708,10.798170381102247,up,down,down,up,0.0349138253380454,0.011318090200131,2.762451464839144,15.03705253351009,17.734
4.202999999999999,0.49072642830500074,0.0587749297181775,0.815242704345587,10.829387061103647,up,down,down,up,0.0349138253380454,0.011318090200131,2.762451464839144,15.03705253351009,17.75
4.218999999999998,0.49108007655985364,0.0570168412663576,0.8229160669413031,10.860481014370775,up,down,down,up,0.0349138253380454,0.011318090200131,2.762451464839144,15.03705253351009,17.766
4.233999999999998,0.49037572514041544,0.012042935957836398,0.8301072141010533,10.889520111735544,up,down,down,up,0.0349138253380454,0.011318090200131,2.762451464839144,15.03705253351009,17.781
4.25,0.49016231963870455,0.021575981481116002,0.837770429016085,10.920376314028038,up,down,down,up,0.0349138253380454,0.011318090200131,2.762451464839144,15.03705253351009,17.797
4.265999999999998,0.49167374807555925,0.1293781026414745,0.8454440281145961,10.951109821808418,up,down,down,up,0.0349138253380454,0.011318090200131,2.762451464839144,15.03705253351009,17.813
4.280999999999999,0.4929810242253455,0.12206556865712989,0.8526591675538511,10.979810819813492,up,down,down,up,0.0349138253380454,0.011318090200131,2.762451464839144,15.03705253351009,17.828
4.297000000000001,0.49181936699391565,0.037689751626316,0.8603564812404041,11.010305918060569,up,down,down,up,0.0349138253380454,0.011318090200131,2.762451464839144,15.03705253351009,17.844
4.312000000000001,0.4906730911600689,0.0415045635850679,0.8675554033235571,11.038783350898926,up,down,down,up,0.0349138253380454,0.011318090200131,2.762451464839144,15.03705253351009,17.859
4.343999999999998,0.491095789468284,0.048123147469771,0.8829015265272049,11.099174486896159,up,down,down,up,0.0349138253380454,0.011318090200131,2.762451464839144,15.03705253351009,17.891
4.358999999999998,0.4914306713823801,0.0572392862777799,0.8901007036305832,11.12731374214256,up,down,down,up,0.0349138253380454,0.011318090200131,2.762451464839144,15.03705253351009,17.906
4.375,0.4917845459544735,0.0570309860938841,0.8977853359260763,11.157209877263538,up,down,down,up,0.0349138253380454,0.011318090200131,2.762451464839144,15.03705253351009,17.922
4.390999999999998,0.4918065616040933,0.0362898034392823,0.9054729753433424,11.186983034210806,up,down,down,up,0.0349138253380454,0.011318090200131,2.762451464839144,15.03705253351009,17.938
4.405999999999999,0.4924796364776379,0.0797854835743517,0.9126853504759536,11.21478361873975,up,down,down,up,0.0349138253380454,0.011318090200131,2.762451464839144,15.03705253351009,17.953
4.422000000000001,0.4931406431286564,0.0762267410266923,0.9203892232696029,11.244318245587214,up,down,down,up,0.0349138253380454,0.011318090200131,2.762451464839144,15.03705253351009,17.969
4.437000000000001,0.49296310100540264,0.0230776837877982,0.9276152299976064,11.2718949841603,up,down,down,up,0.0349138253380454,0.011318090200131,2.762451464839144,15.03705253351009,17.984
4.452999999999999,0.4941058085924847,0.1063330495306791,0.9353306918311868,11.301190640223092,up,down,down,up,0.0349138253380454,0.011318090200131,2.762451464839144,15.03705253351009,18.0
4.468999999999998,0.49492524841738283,0.0861288143941874,0.9430618508440625,11.330362723319114,up,down,down,up,0.0349138253380454,0.011318090200131,2.762451464839144,15.03705253351009,18.016
4.483999999999998,0.495705465904681,0.086928324491255,0.950321809848476,11.357599117836509,up,down,down,up,0.0349138253380454,0.011318090200131,2.762451464839144,15.03705253351009,18.031
4.5,0.49604020781649355,0.0558351948263234,0.958074685795044,11.38653116930879,up,down,down,up,0.0349138253380454,0.011318090200131,2.762451464839144,15.03705253351009,18.047
4.530999999999999,0.49669437332843985,0.0560159386266366,0.9731112110065863,11.442233783318377,up,down,down,up,0.0349138253380454,0.011318090200131,2.762451464839144,15.03705253351009,18.078
4.547000000000001,0.49735968999873303,0.076496117231368,0.9808825540700024,11.470801056635194,up,down,down,up,0.0349138253380454,0.011318090200131,2.762451464839144,15.03705253351009,18.094
4.562000000000001,0.49663428594499404,0.013446444911219303,0.9881677375365789,11.497469951420731,up,down,down,up,0.0349138253380454,0.011318090200131,2.762451464839144,15.03705253351009,18.109
4.577999999999999,0.4958995464514898,0.011007393005973504,0.9959269187525477,11.525796417607841,up,down,down,up,0.0349138253380454,0.011318090200131,2.762451464839144,15.03705253351009,18.125
4.593999999999998,0.4965438822325953,0.0751848116571407,1.0036853767388174,11.553998742681335,up,down,down,up,0.0349138253380454,0.011318090200131,2.762451464839144,15.03705253351009,18.141
4.625,0.49675019373625584,0.0415690351335472,1.0187305741201316,11.60828729085304,up,down,down,up,0.0349138253380454,0.011318090200131,2.762451464839144,15.03705253351009,18.172
4.640999999999998,0.49476734479453194,0.0890142335197156,1.0264816249851751,11.636124816697626,up,down,down,up,0.0349138253380454,0.011318090200131,2.762451464839144,15.03705253351009,18.188
4.655999999999999,0.4963784892876023,0.1423234582094031,1.0337454473877892,11.662109885627414,up,down,down,up,0.0349138253380454,0.011318090200131,2.762451464839144,15.03705253351009,18.203
4.672000000000001,0.49793988942913353,0.1325013341837323,1.041518904974322,11.68970699424595,up,down,down,up,0.0349138253380454,0.011318090200131,2.762451464839144,15.03705253351009,18.219
4.687000000000001,0.4995238721882255,0.1405126759441744,1.0488301118334507,11.715466148592478,up,down,down,up,0.0349138253380454,0.011318090200131,2.762451464839144,15.03705253351009,18.234
4.702999999999999,0.4999118940825048,0.059165193730506396,1.0566445085204135,11.74282157506707,up,down,down,up,0.0349138253380454,0.011318090200131,2.762451464839144,15.03705253351009,18.25
4.718999999999998,0.4988551118540999,0.031135063937267095,1.0644535551247034,11.770052013995334,up,down,down,up,0.0349138253380454,0.011318090200131,2.762451464839144,15.03705253351009,18.266
4.733999999999998,0.49780636189789,0.035002838409282595,1.0717587448248416,11.7954671937183,up,down,down,up,0.0349138253380454,0.011318090200131,2.762451464839144,15.03705253351009,18.281
4.75,0.4973645747560837,0.0,1.079539022874872,11.822456035014133,up,down,down,up,0.0349138253380454,0.011318090200131,2.762451464839144,15.03705253351009,18.297
4.765999999999998,0.4971272738764209,0.0200825203591199,1.087313868220729,11.84932043532279,up,down,down,up,0.0349138253380454,0.011318090200131,2.762451464839144,15.03705253351009,18.313
4.780999999999999,0.4978101994315675,0.08044219568114999,1.0946061279175372,11.874392807324346,up,down,down,up,0.0349138253380454,0.011318090200131,2.762451464839144,15.03705253351009,18.328
4.797000000000001,0.4985855642584766,0.0833741270198585,1.1023962045838562,11.901016012101758,up,down,down,up,0.0349138253380454,0.011318090200131,2.762451464839144,15.03705253351009,18.344
4.827999999999999,0.5000158202231296,0.0810511145204043,1.1175236652471165,11.952243249529394,up,down,down,up,0.0349138253380454,0.011318090200131,2.762451464839144,15.03705253351009,18.375
4.843999999999998,0.5020260527169639,0.1605533562027,1.1253589107874344,11.97849941235854,up,down,down,up,0.0349138253380454,0.011318090200131,2.762451464839144,15.03705253351009,18.391
4.858999999999998,0.504011935159017,0.1673059881415811,1.1327344243435027,12.00300048431764,up,down,down,up,0.0349138253380454,0.011318090200131,2.762451464839144,15.03705253351009,18.406
4.875,0.5033130511433778,0.0,1.1406119347907206,12.029012936882,up,down,down,up,0.0349138253380454,0.011318090200131,2.762451464839144,15.03705253351009,18.422
4.890999999999998,0.5034829957918133,0.045535365865269004,1.1484852137229993,12.054899383131312,up,down,down,up,0.0349138253380454,0.011318090200131,2.762451464839144,15.03705253351009,18.438
4.905999999999999,0.5037074664533011,0.0498785361038972,1.1558693708368362,12.0790534957197,up,down,down,up,0.0349138253380454,0.011318090200131,2.762451464839144,15.03705253351009,18.453
4.922000000000001,0.5040785792876291,0.0581083774835429,1.1637505697595623,12.104695759632358,up,down,down,up,0.0349138253380454,0.011318090200131,2.762451464839144,15.03705253351009,18.469
4.937000000000001,0.5051842025153287,0.10862204051801469,1.1711502692700828,12.128620775312227,up,down,down,up,0.0349138253380454,0.011318090200131,2.762451464839144,15.03705253351009,18.484
4.952999999999999,0.5052113520446236,0.0366106709189796,1.1790523442633594,12.15401837784138,up,down,down,up,0.0349138253380454,0.011318090200131,2.762451464839144,15.03705253351009,18.5
4.968999999999998,0.5053074077253344,0.0409173053824713,1.186955404898316,12.179289539285511,up,down,down,up,0.0349138253380454,0.011318090200131,2.762451464839144,15.03705253351009,18.516
4.983999999999998,0.5054084114164058,0.0416474047428021,1.1943660021888773,12.20286640070495,up,down,down,up,0.0349138253380454,0.011318090200131,2.762451464839144,15.03705253351009,18.531
5.0,0.5046946499931478,0.0,1.2022657372369525,12.227892570226969,up,down,down,up,0.0349138253380454,0.011318090200131,2.762451464839144,15.03705253351009,18.547
5.015999999999998,0.5039959560986932,0.0,1.2101541726424843,12.252792434385357,up,down,down,up,0.0349138253380454,0.011318090200131,2.762451464839144,15.03705253351009,18.563
5.030999999999999,0.5034770345117553,0.0,1.2175404487190609,12.276021496697732,up,down,down,up,0.0349138253380454,0.011318090200131,2.762451464839144,15.03705253351009,18.578
5.047000000000001,0.5029414764932855,0.0,1.2254107073639,12.300677110886502,up,down,down,up,0.0349138253380454,0.011318090200131,2.762451464839144,15.03705253351009,18.594
5.062000000000001,0.5017105682115907,0.0471467267749387,1.232775826346185,12.323677483856267,up,down,down,up,0.0349138253380454,0.011318090200131,2.762451464839144,15.03705253351009,18.609
5.077999999999999,0.5011818285648938,0.0,1.240617876077194,12.348089557674301,up,down,down,up,0.0349138253380454,0.011318090200131,2.762451464839144,15.03705253351009,18.625
5.108999999999998,0.5006659850071403,0.0182737105718038,1.2557956563913562,12.395031143331055,up,down,down,up,0.0349138253380454,0.011318090200131,2.762451464839144,15.03705253351009,18.656
5.125,0.5013975241375127,0.0806350209863142,1.263631075021312,12.41907495291718,up,down,down,up,0.0349138253380454,0.011318090200131,2.762451464839144,15.03705253351009,18.672
5.140999999999998,0.5010159137855189,0.011063178338430301,1.2714692930814933,12.442993373409786,up,down,down,up,0.0349138253380454,0.011318090200131,2.762451464839144,15.03705253351009,18.688
5.155999999999999,0.5026511300901005,0.1439282456434834,1.2788270245575588,12.46530292300008,up,down,down,up,0.0349138253380454,0.011318090200131,2.762451464839144,15.03705253351009,18.703
5.172000000000001,0.5042503207490262,0.1348632415208882,1.286701146721071,12.48897792106728,up,down,down,up,0.0349138253380454,0.011318090200131,2.762451464839144,15.03705253351009,18.719
5.187000000000001,0.5053837193764571,0.11047373383343531,1.2941036306690101,12.51105865720944,up,down,down,up,0.0349138253380454,0.011318090200131,2.762451464839144,15.03705253351009,18.734
5.202999999999999,0.5066791036079453,0.11587533980606851,1.3020190438096824,12.534488899251036,up,down,down,up,0.0349138253380454,0.011318090200131,2.762451464839144,15.03705253351009,18.75
5.218999999999998,0.5078175278284539,0.10606533911983959,1.3099539274179706,12.55779233891864,up,down,down,up,0.0349138253380454,0.011318090200131,2.762451464839144,15.03705253351009,18.766
5.233999999999998,0.5089141703044254,0.10802332373614401,1.3174096438009655,12.579523884107081,up,down,down,up,0.0349138253380454,0.011318090200131,2.762451464839144,15.03705253351009,18.781
5.25,0.5095678988038069,0.07577185654938459,1.32537641091063,12.602580819106821,up,down,down,up,0.0349138253380454,0.011318090200131,2.762451464839144,15.03705253351009,18.797
5.265999999999998,0.5086057643351082,0.025219578955633003,1.3333407107725384,12.62551030557078,up,down,down,up,0.0349138253380454,0.011318090200131,2.762451464839144,15.03705253351009,18.813
5.280999999999999,0.5077085275159713,0.024901962604411798,1.3407932966084197,12.646891072488012,up,down,down,up,0.0349138253380454,0.011318090200131,2.762451464839144,15.03705253351009,18.828
5.297000000000001,0.509187598662164,0.1273557719750802,1.3487473761746436,12.669573970543178,up,down,down,up,0.0349138253380454,0.011318090200131,2.762451464839144,15.03705253351009,18.844
5.312000000000001,0.5086483012320161,0.0,1.3562113740708484,12.69072355188892,up,down,down,up,0.0349138253380454,0.011318090200131,2.762451464839144,15.03705253351009,18.859
5.327999999999999,0.5081898018233114,0.0,1.364164989452088,12.71315976441816,up,down,down,up,0.0349138253380454,0.011318090200131,2.762451464839144,15.03705253351009,18.875
5.358999999999998,0.5085714185082092,0.047224040979909704,1.3795739275710222,12.756267806614316,up,down,down,up,0.0349138253380454,0.011318090200131,2.762451464839144,15.03705253351009,18.906
5.375,0.5085377323233561,0.0328084387847263,1.3875297113344733,12.7783302009405,up,down,down,up,0.0349138253380454,0.011318090200131,2.762451464839144,15.03705253351009,18.922
5.390999999999998,0.5080086882445992,0.0,1.395480993255814,12.8002653387412,up,down,down,up,0.0349138253380454,0.011318090200131,2.762451464839144,15.03705253351009,18.938
5.405999999999999,0.5074734216249847,0.0,1.4029273377268345,12.820714048231421,up,down,down,up,0.0349138253380454,0.011318090200131,2.762451464839144,15.03705253351009,18.953
5.422000000000001,0.5085367490319149,0.10137178827117979,1.4108743296488884,12.842402858329843,up,down,down,up,0.0349138253380454,0.011318090200131,2.762451464839144,15.03705253351009,18.969
5.437000000000001,0.5082874049343323,0.0182908854992065,1.4183307394506335,12.86262059228419,up,down,down,up,0.0349138253380454,0.011318090200131,2.762451464839144,15.03705253351009,18.984
5.452999999999999,0.5080124846111768,0.0177313051408205,1.4262800491237944,12.884062929413014,up,down,down,up,0.0349138253380454,0.011318090200131,2.762451464839144,15.03705253351009,19.0
5.468999999999998,0.5086515948723064,0.0748582166586508,1.4342322723164596,12.905378054278914,up,down,down,up,0.0349138253380454,0.011318090200131,2.762451464839144,15.03705253351009,19.016
5.483999999999998,0.5076317337915891,0.033076913376437096,1.441684625928437,12.925245449514664,up,down,down,up,0.0349138253380454,0.011318090200131,2.762451464839144,15.03705253351009,19.031
5.5,0.5093073752772613,0.139641418192548,1.4496390493577866,12.946314083549803,up,down,down,up,0.0349138253380454,0.011318090200131,2.762451464839144,15.03705253351009,19.047
5.515999999999998,0.5099657506906591,0.0760622886754092,1.457612144922327,12.96725529743299,up,down,down,up,0.0349138253380454,0.011318090200131,2.762451464839144,15.03705253351009,19.063
5.530999999999999,0.5103289705361361,0.0591284817031809,1.4650945839785265,12.986771768938818,up,down,down,up,0.0349138253380454,0.011318090200131,2.762451464839144,15.03705253351009,19.078
5.547000000000001,0.5106785183551493,0.0567605640263677,1.4730815544464555,13.007465583268841,up,down,down,up,0.0349138253380454,0.011318090200131,2.762451464839144,15.03705253351009,19.094
5.577999999999999,0.510586653509625,0.031950443224356,1.4885603038141548,13.047196129875816,up,down,down,up,0.0349138253380454,0.011318090200131,2.762451464839144,15.03705253351009,19.125
5.593999999999998,0.5108615535421438,0.052095077370474904,1.496550800027366,13.067514464482509,up,down,down,up,0.0349138253380454,0.011318090200131,2.762451464839144,15.03705253351009,19.141
5.608999999999998,0.5110506877055591,0.0475227695657289,1.504045370483722,13.086446765176264,up,down,down,up,0.0349138253380454,0.011318090200131,2.762451464839144,15.03705253351009,19.156
5.625,0.5112538560607386,0.047611847536764396,1.5120427173906512,13.106517283910692,up,down,down,up,0.0349138253380454,0.011318090200131,2.762451464839144,15.03705253351009,19.172
5.640999999999998,0.512289380104196,0.0996340780541409,1.5200499738367677,13.126459765818302,up,down,down,up,0.0349138253380454,0.011318090200131,2.762451464839144,15.03705253351009,19.188
5.655999999999999,0.5132334598173002,0.09785247287832119,1.5275716237831771,13.145039375808741,up,down,down,up,0.0349138253380454,0.011318090200131,2.762451464839144,15.03705253351009,19.203
5.672000000000001,0.5133560364822677,0.0425748668985139,1.5356032503103725,13.164733200253421,up,down,down,up,0.0349138253380454,0.011318090200131,2.762451464839144,15.03705253351009,19.219
5.687000000000001,0.5123049726261665,0.035157098402032495,1.543125936525684,13.18307950332474,up,down,down,up,0.0349138253380454,0.011318090200131,2.762451464839144,15.03705253351009,19.234
5.718999999999998,0.5113122782021263,0.0,1.5591416336525308,13.221841669076737,up,down,down,up,0.0349138253380454,0.011318090200131,2.762451464839144,15.03705253351009,19.266
5.733999999999998,0.5102667313028543,0.0347893012800889,1.5666337048708165,13.2398351260104,up,down,down,up,0.0349138253380454,0.011318090200131,2.762451464839144,15.03705253351009,19.281
5.75,0.5111203667937615,0.0882660435197408,1.5746237122123883,13.258904290111163,up,down,down,up,0.0349138253380454,0.011318090200131,2.762451464839144,15.03705253351009,19.297
5.765999999999998,0.5119892355986869,0.0892181256458905,1.582627499588325,13.277845503854186,up,down,down,up,0.0349138253380454,0.011318090200131,2.762451464839144,15.03705253351009,19.313
5.780999999999999,0.5111349377214135,0.0220393664801807,1.590131159535224,13.295486585883344,up,down,down,up,0.0349138253380454,0.011318090200131,2.762451464839144,15.03705253351009,19.328
5.797000000000001,0.5114338823825618,0.0535978666598136,1.598130620652855,13.314179715079268,up,down,down,up,0.0349138253380454,0.011318090200131,2.762451464839144,15.03705253351009,19.344
5.827999999999999,0.5112098023097075,0.0276854358911307,1.6136307369693805,13.350033409446132,up,down,down,up,0.0349138253380454,0.011318090200131,2.762451464839144,15.03705253351009,19.375
5.843999999999998,0.5122512154599138,0.10000214722594869,1.6216373356683342,13.36835048830246,up,down,down,up,0.0349138253380454,0.011318090200131,2.762451464839144,15.03705253351009,19.391
5.858999999999998,0.5127106439344312,0.0655423903058715,1.6291547782607902,13.38540631942058,up,down,down,up,0.0349138253380454,0.011318090200131,2.762451464839144,15.03705253351009,19.406
5.875,0.5130685373064753,0.057282161090796604,1.6371799222675163,13.403474865253786,up,down,down,up,0.0349138253380454,0.011318090200131,2.762451464839144,15.03705253351009,19.422
5.890999999999998,0.5140433230898668,0.09583793680002059,1.6452157277074841,13.421414923491406,up,down,down,up,0.0349138253380454,0.011318090200131,2.762451464839144,15.03705253351009,19.438
5.905999999999999,0.5135049783749553,0.0,1.652752568615469,13.438116933241572,up,down,down,up,0.0349138253380454,0.011318090200131,2.762451464839144,15.03705253351009,19.453
5.922000000000001,0.5129799057809449,0.0,1.660783358245515,13.455807869264108,up,down,down,up,0.0349138253380454,0.011318090200131,2.762451464839144,15.03705253351009,19.469
5.937000000000001,0.5136784787667422,0.081485357724533,1.6683135247766208,13.472276414614035,up,down,down,up,0.0349138253380454,0.011318090200131,2.762451464839144,15.03705253351009,19.484
5.952999999999999,0.5141353492334931,0.0634682295099806,1.6763549459574196,13.48971829028559,up,down,down,up,0.0349138253380454,0.011318090200131,2.762451464839144,15.03705253351009,19.5
5.968999999999998,0.5145776342560938,0.0625566392505913,1.6844035603821332,13.507031445672295,up,down,down,up,0.0349138253380454,0.011318090200131,2.762451464839144,15.03705253351009,19.516
5.983999999999998,0.5141246842014143,0.0,1.6919490564175628,13.523145573018885,up,down,down,up,0.0349138253380454,0.011318090200131,2.762451464839144,15.03705253351009,19.531
6.0,0.5146396832357548,0.0671012649843224,1.699998081913859,13.540209219349661,up,down,down,up,0.0349138253380454,0.011318090200131,2.762451464839144,15.03705253351009,19.547
6.015999999999998,0.5151546719706327,0.0671006212679161,1.708055347312307,13.557144015353279,up,down,down,up,0.0349138253380454,0.011318090200131,2.762451464839144,15.03705253351009,19.563
6.030999999999999,0.5156405188601417,0.0673036179719797,1.715616539890536,13.572903248171842,up,down,down,up,0.0349138253380454,0.011318090200131,2.762451464839144,15.03705253351009,19.578
6.047000000000001,0.5148197439443986,0.016384606895897103,1.7236791325497711,13.58958810622975,up,down,down,up,0.0349138253380454,0.011318090200131,2.762451464839144,15.03705253351009,19.594
6.062000000000001,0.5150611917369455,0.0510103448411766,1.7312334682143797,13.605113033696606,up,down,down,up,0.0349138253380454,0.011318090200131,2.762451464839144,15.03705253351009,19.609
6.093999999999998,0.5153095834843454,0.0426760674442924,1.747357221731514,13.637854029532319,up,down,down,up,0.0349138253380454,0.011318090200131,2.762451464839144,15.03705253351009,19.641
6.108999999999998,0.5142129176901039,0.0381972276113853,1.7549088691373207,13.65302380582339,up,down,down,up,0.0349138253380454,0.011318090200131,2.762451464839144,15.03705253351009,19.656
6.125,0.5151947565768714,0.0962787557610076,1.7629630410882553,13.669080053979014,up,down,down,up,0.0349138253380454,0.011318090200131,2.762451464839144,15.03705253351009,19.672
6.140999999999998,0.5137891254465109,0.05293812030949661,1.7710138227012393,13.685007462506123,up,down,down,up,0.0349138253380454,0.011318090200131,2.762451464839144,15.03705253351009,19.688
6.155999999999999,0.5150624016316437,0.11979890434689841,1.7785604378013238,13.699822427524941,up,down,down,up,0.0349138253380454,0.011318090200131,2.762451464839144,15.03705253351009,19.703
6.172000000000001,0.5148699015266373,0.022882568775141297,1.7866188067833888,13.715500217005692,up,down,down,up,0.0349138253380454,0.011318090200131,2.762451464839144,15.03705253351009,19.719
6.187000000000001,0.5147396161683807,0.0262281347876096,1.7941711068130997,13.73008106462631,up,down,down,up,0.0349138253380454,0.011318090200131,2.762451464839144,15.03705253351009,19.734
6.202999999999999,0.5159700990935842,0.1118190081632692,1.8022356950919924,13.74550903364849,up,down,down,up,0.0349138253380454,0.011318090200131,2.762451464839144,15.03705253351009,19.75
6.218999999999998,0.5149801543854461,0.0269577189205907,1.8103022076766218,13.760807953863766,up,down,down,up,0.0349138253380454,0.011318090200131,2.762451464839144,15.03705253351009,19.766
6.233999999999998,0.5140101059000538,0.029756073688104297,1.8178498632757614,13.775033585304213,up,down,down,up,0.0349138253380454,0.011318090200131,2.762451464839144,15.03705253351009,19.781
6.25,0.5149827334407496,0.0957030466315276,1.8259007165472865,13.790082804103056,up,down,down,up,0.0349138253380454,0.011318090200131,2.762451464839144,15.03705253351009,19.797
6.280999999999999,0.515801311909115,0.0613195823820921,1.8415270084540047,13.81887366977555,up,down,down,up,0.0349138253380454,0.011318090200131,2.762451464839144,15.03705253351009,19.828
6.297000000000001,0.5172885227190828,0.1278645009610175,1.8496106376878294,13.833543792043839,up,down,down,up,0.0349138253380454,0.011318090200131,2.762451464839144,15.03705253351009,19.844
6.312000000000001,0.5164051952713747,0.0239746711758208,1.857193569219756,13.84717953246462,up,down,down,up,0.0349138253380454,0.011318090200131,2.762451464839144,15.03705253351009,19.859
6.327999999999999,0.5167370598971422,0.0556553644485169,1.8652776178179011,13.861598986405747,up,down,down,up,0.0349138253380454,0.011318090200131,2.762451464839144,15.03705253351009,19.875
6.358999999999998,0.5170217698151144,0.0440980162403727,1.8809500188822366,13.889168453446905,up,down,down,up,0.0349138253380454,0.011318090200131,2.762451464839144,15.03705253351009,19.906
6.375,0.5189301945863977,0.154190373543237,1.8890565451542476,13.903207624372042,up,down,down,up,0.0349138253380454,0.011318090200131,2.762451464839144,15.03705253351009,19.922
6.390999999999998,0.5186468449356488,0.017204472166241498,1.8971760720272208,13.917116986872015,up,down,down,up,0.0349138253380454,0.011318090200131,2.762451464839144,15.03705253351009,19.938
6.405999999999999,0.5182997579933114,0.011774695848884499,1.9047834001961863,13.930039062802928,up,down,down,up,0.0349138253380454,0.011318090200131,2.762451464839144,15.03705253351009,19.953
6.422000000000001,0.5180561592881093,0.0196889062629175,1.9128931580912365,13.943696873774057,up,down,down,up,0.0349138253380454,0.011318090200131,2.762451464839144,15.03705253351009,19.969
6.437000000000001,0.518761350870175,0.0819265974757584,1.920499518064422,13.956383200675477,up,down,down,up,0.0349138253380454,0.011318090200131,2.762451464839144,15.03705253351009,19.984
6.452999999999999,0.5195527341538603,0.08437528056837709,1.9286249413014112,13.969789428437975,up,down,down,up,0.0349138253380454,0.011318090200131,2.762451464839144,15.03705253351009,20.0
6.468999999999998,0.5201809108263474,0.074174867368497,1.9367617210180499,13.983065558576842,up,down,down,up,0.0349138253380454,0.011318090200131,2.762451464839144,15.03705253351009,20.016
6.483999999999998,0.5203436773988112,0.0457649301689599,1.9443958840767368,13.995393648511227,up,down,down,up,0.0349138253380454,0.011318090200131,2.762451464839144,15.03705253351009,20.031
6.5,0.5196563698183762,0.0,1.9525347950112732,14.00841742651595,up,down,down,up,0.0349138253380454,0.011318090200131,2.762451464839144,15.03705253351009,20.047
6.515999999999998,0.5190737500513832,0.0,1.9606635465270283,14.021311063221065,up,down,down,up,0.0349138253380454,0.011318090200131,2.762451464839144,15.03705253351009,20.063
6.530999999999999,0.520041751124447,0.0994472302089574,1.9682871414328456,14.033280705033954,up,down,down,up,0.0349138253380454,0.011318090200131,2.762451464839144,15.03705253351009,20.078
6.547000000000001,0.5195411891351042,0.0,1.9764227155117207,14.04592224961583,up,down,down,up,0.0349138253380454,0.011318090200131,2.762451464839144,15.03705253351009,20.094
6.577999999999999,0.5190231589517288,0.0182031742614199,1.992169602110862,14.070045064102688,up,down,down,up,0.0349138253380454,0.011318090200131,2.762451464839144,15.03705253351009,20.125
6.593999999999998,0.5195152721285384,0.0656708988886512,2.000296820116301,14.082304556162297,up,down,down,up,0.0349138253380454,0.011318090200131,2.762451464839144,15.03705253351009,20.141
6.608999999999998,0.5192806314521813,0.019271113580903,2.007918018040155,14.09367971684871,up,down,down,up,0.0349138253380454,0.011318090200131,2.762451464839144,15.03705253351009,20.156
6.625,0.5193268040105855,0.0377996102383089,2.016045788080656,14.105687229837171,up,down,down,up,0.0349138253380454,0.011318090200131,2.762451464839144,15.03705253351009,20.172
6.640999999999998,0.5211669772353139,0.1499246518835832,2.02418864888742,14.117564577778852,up,down,down,up,0.0349138253380454,0.011318090200131,2.762451464839144,15.03705253351009,20.188
6.655999999999999,0.5219669638440257,0.0882462659188322,2.0318423820925133,14.12858111701909,up,down,down,up,0.0349138253380454,0.011318090200131,2.762451464839144,15.03705253351009,20.203
6.672000000000001,0.5226901783149883,0.0801147297732012,2.040018549786584,14.140205453001483,up,down,down,up,0.0349138253380454,0.011318090200131,2.762451464839144,15.03705253351009,20.219
6.687000000000001,0.522690647283225,0.03494508988715798,2.047689134625569,14.15098441734098,up,down,down,up,0.0349138253380454,0.011318090200131,2.762451464839144,15.03705253351009,20.234
6.702999999999999,0.5233982512891585,0.0791390757088942,2.055876756370945,14.162355113650433,up,down,down,up,0.0349138253380454,0.011318090200131,2.762451464839144,15.03705253351009,20.25
6.718999999999998,0.5240797875411615,0.0775098410882348,2.064075491238385,14.173594719106982,up,down,down,up,0.0349138253380454,0.011318090200131,2.762451464839144,15.03705253351009,20.266
6.733999999999998,0.5248206700453134,0.0843059922815062,2.0717724733172815,14.184012631345398,up,down,down,up,0.0349138253380454,0.011318090200131,2.762451464839144,15.03705253351009,20.281
6.75,0.5252498880756419,0.0617399522335718,2.079991948339048,14.194997739409578,up,down,down,up,0.0349138253380454,0.011318090200131,2.762451464839144,15.03705253351009,20.297
6.765999999999998,0.5256005960330529,0.0568330726762346,2.088217662768715,14.205851285958142,up,down,down,up,0.0349138253380454,0.011318090200131,2.762451464839144,15.03705253351009,20.313
6.780999999999999,0.5249930890687419,0.0,2.0959273440539765,14.215906970379558,up,down,down,up,0.0349138253380454,0.011318090200131,2.762451464839144,15.03705253351009,20.328
6.812000000000001,0.5256407849036221,0.0558072393664381,2.1118613083043454,14.23632224167802,up,down,down,up,0.0349138253380454,0.011318090200131,2.762451464839144,15.03705253351009,20.359
6.827999999999999,0.5276557216783465,0.1608473737583354,2.120106590913798,14.2466657219217,up,down,down,up,0.0349138253380454,0.011318090200131,2.762451464839144,15.03705253351009,20.375
6.843999999999998,0.5296273285121308,0.1581392524495763,2.128383765872119,14.256877022504836,up,down,down,up,0.0349138253380454,0.011318090200131,2.762451464839144,15.03705253351009,20.391
6.858999999999998,0.5296332438463568,0.0353081809531122,2.136158448811806,14.266329727867292,up,down,down,up,0.0349138253380454,0.011318090200131,2.762451464839144,15.03705253351009,20.406
6.875,0.5294536292396649,0.0236879124198021,2.144450054353293,14.276284083279398,up,down,down,up,0.0349138253380454,0.011318090200131,2.762451464839144,15.03705253351009,20.422
6.890999999999998,0.529242680122909,0.0217295055408003,2.1527385353849904,14.28610579799892,up,down,down,up,0.0349138253380454,0.011318090200131,2.762451464839144,15.03705253351009,20.438
6.905999999999999,0.5319254389217515,0.2137644119275385,2.1605275249248237,14.295193074519185,up,down,down,up,0.0349138253380454,0.011318090200131,2.762451464839144,15.03705253351009,20.453
6.922000000000001,0.5307073795393612,0.0412148860613385,2.1688474980293115,14.304757297772978,up,down,down,up,0.0349138253380454,0.011318090200131,2.762451464839144,15.03705253351009,20.469
6.937000000000001,0.5294771872582195,0.047098993404734106,2.1766291109272915,14.31360299517839,up,down,down,up,0.0349138253380454,0.011318090200131,2.762451464839144,15.03705253351009,20.484
6.952999999999999,0.5289368008059138,0.0,2.1849153333886018,14.32290986306129,up,down,down,up,0.0349138253380454,0.011318090200131,2.762451464839144,15.03705253351009,20.5
6.968999999999998,0.5287373028634227,0.0224452039323517,2.193195636774753,14.332084198737407,up,down,down,up,0.0349138253380454,0.011318090200131,2.762451464839144,15.03705253351009,20.516
6.983999999999998,0.5285416456753359,0.021870012798927002,2.2009554575357924,14.34056483750267,up,down,down,up,0.0349138253380454,0.011318090200131,2.762451464839144,15.03705253351009,20.531
7.015999999999998,0.5284064386223742,0.0306886049329935,2.2175044479981514,14.358267925888972,up,down,down,up,0.0349138253380454,0.011318090200131,2.762451464839144,15.03705253351009,20.563
7.030999999999999,0.5285429343794571,0.044013542476902,2.2252617969426636,14.366383951024508,up,down,down,up,0.0349138253380454,0.011318090200131,2.762451464839144,15.03705253351009,20.578
7.047000000000001,0.5286775930816389,0.0433299942244048,2.233538471719151,14.374912772312642,up,down,down,up,0.0349138253380454,0.011318090200131,2.762451464839144,15.03705253351009,20.594
7.062000000000001,0.5275947592306788,0.037275098059290794,2.241290743008492,14.382788325174774,up,down,down,up,0.0349138253380454,0.011318090200131,2.762451464839144,15.03705253351009,20.609
7.093999999999998,0.5264947397206877,0.0,2.257793996105308,14.399201416223805,up,down,down,up,0.0349138253380454,0.011318090200131,2.762451464839144,15.03705253351009,20.641
7.108999999999998,0.5252759838061144,0.046336568966839596,2.2655125051787577,14.406713389436758,up,down,down,up,0.0349138253380454,0.011318090200131,2.762451464839144,15.03705253351009,20.656
7.125,0.5239233348031859,0.049626737344978196,2.2737250102844317,14.41459871275048,up,down,down,up,0.0349138253380454,0.011318090200131,2.762451464839144,15.03705253351009,20.672
7.140999999999998,0.5201048219608672,0.20374322730690028,2.2818961460953413,14.422352966936868,up,down,down,up,0.0349138253380454,0.011318090200131,2.762451464839144,15.03705253351009,20.688
7.172000000000001,0.5193944083018581,0.011997255692594501,2.2976575233682106,14.4370058804702,up,down,down,up,0.0349138253380454,0.011318090200131,2.762451464839144,15.03705253351009,20.719
7.187000000000001,0.5154509894138711,0.22798076719441088,2.3052490924980766,14.443920852823792,up,down,down,up,0.0349138253380454,0.011318090200131,2.762451464839144,15.03705253351009,20.734
7.202999999999999,0.5116313987191495,0.2038105930820807,2.313284662159938,14.451171806223948,up,down,down,up,0.0349138253380454,0.011318090200131,2.762451464839144,15.03705253351009,20.75
7.218999999999998,0.508980934825427,0.1307401680196345,2.3212684713850917,14.458294604593013,up,down,down,up,0.0349138253380454,0.011318090200131,2.762451464839144,15.03705253351009,20.766
7.233999999999998,0.5043155416466937,0.27611238657749404,2.3286984236056307,14.464856624853175,up,down,down,up,0.0349138253380454,0.011318090200131,2.762451464839144,15.03705253351009,20.781
7.25,0.49974163757283374,0.2509551792781686,2.3365497915961857,14.47173386256899,up,down,down,up,0.0349138253380454,0.011318090200131,2.762451464839144,15.03705253351009,20.797
7.265999999999998,0.4942151879986517,0.3104892730483691,2.344320356757555,14.478486124819584,up,down,down,up,0.0349138253380454,0.011318090200131,2.762451464839144,15.03705253351009,20.813
7.280999999999999,0.48929553255507574,0.29306320423367394,2.351526915808706,14.484704042247921,up,down,down,up,0.0349138253380454,0.011318090200131,2.762451464839144,15.03705253351009,20.828
7.297000000000001,0.4826651877667113,0.37948272393468574,2.359121512128079,14.491218078261857,up,down,down,up,0.0349138253380454,0.011318090200131,2.762451464839144,15.03705253351009,20.844
7.327999999999999,0.4762226541089819,0.1729098410403303,2.373633412880948,14.503496372334231,up,down,down,up,0.0349138253380454,0.011318090200131,2.762451464839144,15.03705253351009,20.875
7.343999999999998,0.47132653614075254,0.27109354767632693,2.3810327169597425,14.509658266732933,up,down,down,up,0.0349138253380454,0.011318090200131,2.762451464839144,15.03705253351009,20.891
7.358999999999998,0.46568146576158925,0.34142419993949275,2.3878905056210087,14.515328114536166,up,down,down,up,0.0349138253380454,0.011318090200131,2.762451464839144,15.03705253351009,20.906
7.375,0.4602220823264708,0.30629763935681803,2.3951166445625116,14.521263280772123,up,down,down,up,0.0349138253380454,0.011318090200131,2.762451464839144,15.03705253351009,20.922
7.390999999999998,0.4536419703688671,0.37634317201222883,2.4022464675408717,14.527083599312723,up,down,down,up,0.0349138253380454,0.011318090200131,2.762451464839144,15.03705253351009,20.938
7.405999999999999,0.44632477654509184,0.4528990962469541,2.4088264467897247,14.53243732442783,up,down,down,up,0.0349138253380454,0.011318090200131,2.762451464839144,15.03705253351009,20.953
7.422000000000001,0.4391592074261633,0.4129342445949367,2.415729229218293,14.538040102457193,up,down,down,up,0.0349138253380454,0.011318090200131,2.762451464839144,15.03705253351009,20.969
7.437000000000001,0.43290936141440634,0.3817425754457417,2.422099972131596,14.543193155419656,up,down,down,up,0.0349138253380454,0.011318090200131,2.762451464839144,15.03705253351009,20.984
7.452999999999999,0.42681195067122774,0.346174346110659,2.428796653185078,14.548585205854549,up,down,down,up,0.0349138253380454,0.011318090200131,2.762451464839144,15.03705253351009,21.0
7.468999999999998,0.4186559303192555,0.4748374466602708,2.435379306789799,14.553871021612172,up,down,down,up,0.0349138253380454,0.011318090200131,2.762451464839144,15.03705253351009,21.016
7.483999999999998,0.41163883512671784,0.4328925208311156,2.4414367461776423,14.558731673187511,up,down,down,up,0.0349138253380454,0.011318090200131,2.762451464839144,15.03705253351009,21.031
7.5,0.4037704783105943,0.45685847566961973,2.447778931241939,14.563817171205576,up,down,down,up,0.0349138253380454,0.011318090200131,2.762451464839144,15.03705253351009,21.047
7.515999999999998,0.39614191287080114,0.4418715146490807,2.4539971409281875,14.568802186065641,up,down,down,up,0.0349138253380454,0.011318090200131,2.762451464839144,15.03705253351009,21.063
7.530999999999999,0.38838323167112415,0.4823315879737378,2.4597113081592505,14.573386144670073,up,down,down,up,0.0349138253380454,0.011318090200131,2.762451464839144,15.03705253351009,21.078
7.562000000000001,0.3809690837780301,0.2042522357294856,2.471285408252509,14.58259169097571,up,down,down,up,0.0349138253380454,0.011318090200131,2.762451464839144,15.03705253351009,21.109
7.577999999999999,0.3714775889686307,0.5583046002494805,2.4771238921912797,14.587203640009582,up,down,down,up,0.0349138253380454,0.011318090200131,2.762451464839144,15.03705253351009,21.125
7.593999999999998,0.3622852500575479,0.5396073566046955,2.4828129054602863,14.591723369065795,up,down,down,up,0.0349138253380454,0.011318090200131,2.762451464839144,15.03705253351009,21.141
7.608999999999998,0.35467626494933485,0.47235184854280626,2.4880203454698364,14.595878891656406,up,down,down,up,0.0349138253380454,0.011318090200131,2.762451464839144,15.03705253351009,21.156
7.625,0.3488152383748203,0.33140033556906884,2.493467188053228,14.600226214825648,up,down,down,up,0.0349138253380454,0.011318090200131,2.762451464839144,15.03705253351009,21.172
7.640999999999998,0.3430641897539565,0.3245267134659842,2.4988211340350555,14.604487131686367,up,down,down,up,0.0349138253380454,0.011318090200131,2.762451464839144,15.03705253351009,21.188
7.655999999999999,0.336828668969467,0.3807875602945737,2.5037505591224796,14.608404615960273,up,down,down,up,0.0349138253380454,0.011318090200131,2.762451464839144,15.03705253351009,21.203
7.687000000000001,0.3307258568632728,0.1619510813133629,2.5137467934766837,14.616269402405,up,down,down,up,0.0349138253380454,0.011318090200131,2.762451464839144,15.03705253351009,21.234
7.702999999999999,0.32309981984013975,0.4417134886078281,2.5187963094471084,14.620208281019037,up,down,down,up,0.0349138253380454,0.011318090200131,2.762451464839144,15.03705253351009,21.25
7.718999999999998,0.31573471628730043,0.42540514671445895,2.523725896292925,14.624067326810541,up,down,down,up,0.0349138253380454,0.011318090200131,2.762451464839144,15.03705253351009,21.266
7.733999999999998,0.3084854855530245,0.4483682236136675,2.5282377764537256,14.627614371237529,up,down,down,up,0.0349138253380454,0.011318090200131,2.762451464839144,15.03705253351009,21.281
7.75,0.3014333658074903,0.4058436587577936,2.5329360378214085,14.631324204160753,up,down,down,up,0.0349138253380454,0.011318090200131,2.762451464839144,15.03705253351009,21.297
7.765999999999998,0.29383943784115363,0.4397066725580458,2.537517130807395,14.634959802249151,up,down,down,up,0.0349138253380454,0.011318090200131,2.762451464839144,15.03705253351009,21.313
7.780999999999999,0.2892385660406393,0.27181096136290184,2.5417204444835066,14.638302292407053,up,down,down,up,0.0349138253380454,0.011318090200131,2.762451464839144,15.03705253351009,21.328
7.812000000000001,0.2820984865212671,0.1954113204481345,2.5502253080020125,14.64501312865354,up,down,down,up,0.0349138253380454,0.011318090200131,2.762451464839144,15.03705253351009,21.359
7.827999999999999,0.27775545810352215,0.236525450771049,2.5545230501158085,14.648374365226024,up,down,down,up,0.0349138253380454,0.011318090200131,2.762451464839144,15.03705253351009,21.375
7.843999999999998,0.27357755133736983,0.2262053475464997,2.558752624748133,14.65166738326454,up,down,down,up,0.0349138253380454,0.011318090200131,2.762451464839144,15.03705253351009,21.391
7.858999999999998,0.2670164169684258,0.40249513259153874,2.5626373081574245,14.654693730740332,up,down,down,up,0.0349138253380454,0.011318090200131,2.762451464839144,15.03705253351009,21.406
7.875,0.26134454560264325,0.3195781350233287,2.5666831064147915,14.657858390861184,up,down,down,up,0.0349138253380454,0.011318090200131,2.762451464839144,15.03705253351009,21.422
7.890999999999998,0.2564005775142489,0.2740841801866297,2.570643977956524,14.66095899762364,up,down,down,up,0.0349138253380454,0.011318090200131,2.762451464839144,15.03705253351009,21.438
7.905999999999999,0.2515801085480439,0.28645077240894423,2.5742840617489895,14.66380880929844,up,down,down,up,0.0349138253380454,0.011318090200131,2.762451464839144,15.03705253351009,21.453
7.922000000000001,0.24719477274710389,0.23916966222067557,2.5780931713561492,14.66678901487102,up,down,down,up,0.0349138253380454,0.011318090200131,2.762451464839144,15.03705253351009,21.469
7.937000000000001,0.2424373149701465,0.2822500264590994,2.5815956406610265,14.669528120753478,up,down,down,up,0.0349138253380454,0.011318090200131,2.762451464839144,15.03705253351009,21.484
7.952999999999999,0.2378105593493308,0.25425840096296864,2.58525653421238,14.672392526791919,up,down,down,up,0.0349138253380454,0.011318090200131,2.762451464839144,15.03705253351009,21.5
7.983999999999998,0.2321134355957745,0.1488643602605537,2.592189495337825,14.6777781087439,up,down,down,up,0.0349138253380454,0.011318090200131,2.762451464839144,15.03705253351009,21.531
8.0,0.226533264702807,0.3138468554723826,2.5956775794970115,14.680474395582644,up,down,down,up,0.0349138253380454,0.011318090200131,2.762451464839144,15.03705253351009,21.547
8.015999999999998,0.220956732146833,0.31361945941036873,2.5990764100286063,14.683115587103869,up,down,down,up,0.0349138253380454,0.011318090200131,2.762451464839144,15.03705253351009,21.563
8.030999999999999,0.2169602839542718,0.2315160541660228,2.602191016296363,14.685542853379017,up,down,down,up,0.0349138253380454,0.011318090200131,2.762451464839144,15.03705253351009,21.578
8.047,0.2131362458346347,0.2040885571392436,2.605450699091472,14.688080943093341,up,down,down,up,0.0349138253380454,0.011318090200131,2.762451464839144,15.03705253351009,21.594
8.078,0.2093884482596485,0.08598287062925669,2.611648971053729,14.692851893616107,up,down,down,up,0.0349138253380454,0.011318090200131,2.762451464839144,15.03705253351009,21.625
8.093999999999998,0.2049118853447086,0.24487135684573028,2.6147822842793618,14.695239667010869,up,down,down,up,0.0349138253380454,0.011318090200131,2.762451464839144,15.03705253351009,21.641
8.125,0.20055819047843199,0.1055279445418332,2.6207162096584167,14.699725435764838,up,down,down,up,0.0349138253380454,0.011318090200131,2.762451464839144,15.03705253351009,21.672
8.140999999999998,0.19629586616810168,0.23148144405763119,2.6237099526683867,14.701969249903653,up,down,down,up,0.0349138253380454,0.011318090200131,2.762451464839144,15.03705253351009,21.688
8.155999999999999,0.1904216969371201,0.35669745672738024,2.626440563038674,14.704029893008437,up,down,down,up,0.0349138253380454,0.011318090200131,2.762451464839144,15.03705253351009,21.703
8.172,0.1869327297629989,0.18314662304450338,2.6292783090090732,14.706183365469483,up,down,down,up,0.0349138253380454,0.011318090200131,2.762451464839144,15.03705253351009,21.719
8.187000000000001,0.1810136256079334,0.3596931183329709,2.6318681353213536,14.708161539109591,up,down,down,up,0.0349138253380454,0.011318090200131,2.762451464839144,15.03705253351009,21.734
8.203,0.1766889228077523,0.23538009967330667,2.6345486662654762,14.71022942813432,up,down,down,up,0.0349138253380454,0.011318090200131,2.762451464839144,15.03705253351009,21.75
8.218999999999998,0.17244034541858239,0.2306222614850987,2.6371606109680847,14.712254977353881,up,down,down,up,0.0349138253380454,0.011318090200131,2.762451464839144,15.03705253351009,21.766
8.233999999999998,0.1680693565500809,0.2564854325620444,2.6395446623798478,14.714116459776358,up,down,down,up,0.0349138253380454,0.011318090200131,2.762451464839144,15.03705253351009,21.781
8.25,0.1640933665892578,0.213585547213374,2.642020874721761,14.716063158916972,up,down,down,up,0.0349138253380454,0.011318090200131,2.762451464839144,15.03705253351009,21.797
8.265999999999998,0.16023592725712268,0.2061761329204258,2.6444344196293295,14.717970739999588,up,down,down,up,0.0349138253380454,0.011318090200131,2.762451464839144,15.03705253351009,21.813
8.280999999999999,0.1547220567811979,0.33267753972359243,2.6466268331566147,14.71972455257628,up,down,down,up,0.0349138253380454,0.011318090200131,2.762451464839144,15.03705253351009,21.828
8.297,0.1508012029120173,0.2101395414857158,2.648889929790959,14.72155964191012,up,down,down,up,0.0349138253380454,0.011318090200131,2.762451464839144,15.03705253351009,21.844
8.328,0.1469850795731061,0.0881869275300601,2.653154756373274,14.725013944684592,up,down,down,up,0.0349138253380454,0.011318090200131,2.762451464839144,15.03705253351009,21.875
8.358999999999998,0.1446182565597541,0.0414353041249254,2.657323747287129,14.728337523287868,up,down,down,up,0.0349138253380454,0.011318090200131,2.762451464839144,15.03705253351009,21.906
8.375,0.1406953393010893,0.210268503328476,2.6594251666108137,14.73000275541411,up,down,down,up,0.0349138253380454,0.011318090200131,2.762451464839144,15.03705253351009,21.922
8.390999999999998,0.1368627298933055,0.2046242626484715,2.6614645417211666,14.731634861184881,up,down,down,up,0.0349138253380454,0.011318090200131,2.762451464839144,15.03705253351009,21.938
8.405999999999999,0.1335844790875561,0.1836362283785726,2.6633231244355215,14.733135725661294,up,down,down,up,0.0349138253380454,0.011318090200131,2.762451464839144,15.03705253351009,21.953
8.422,0.1305604394648919,0.15408865107844438,2.665255194340739,14.73470632254851,up,down,down,up,0.0349138253380454,0.011318090200131,2.762451464839144,15.03705253351009,21.969
8.437000000000001,0.1275569516789455,0.16531869372503968,2.667021303421316,14.736151020787881,up,down,down,up,0.0349138253380454,0.011318090200131,2.762451464839144,15.03705253351009,21.984
8.453,0.124073074189546,0.18282851774944658,2.6688532541850614,14.737663247764457,up,down,down,up,0.0349138253380454,0.011318090200131,2.762451464839144,15.03705253351009,22.0
8.468999999999998,0.1204250872284777,0.19308535972875368,2.6706281500332034,14.739146619968137,up,down,down,up,0.0349138253380454,0.011318090200131,2.762451464839144,15.03705253351009,22.016
8.483999999999998,0.1168853775918136,0.2010668171062161,2.672238207166354,14.740511894261724,up,down,down,up,0.0349138253380454,0.011318090200131,2.762451464839144,15.03705253351009,22.031
8.5,0.1141045704605935,0.1388866203631905,2.6739050373075712,14.74194197174336,up,down,down,up,0.0349138253380454,0.011318090200131,2.762451464839144,15.03705253351009,22.047
8.515999999999998,0.1122475215072657,0.08115173424495689,2.675534764600112,14.743345676765527,up,down,down,up,0.0349138253380454,0.011318090200131,2.762451464839144,15.03705253351009,22.063
8.530999999999999,0.1103268583072089,0.09313038799906928,2.6770343010957185,14.7446381807454,up,down,down,up,0.0349138253380454,0.011318090200131,2.762451464839144,15.03705253351009,22.078
8.547,0.10846698699268299,0.08132813181981141,2.6786035624149154,14.745992301274738,up,down,down,up,0.0349138253380454,0.011318090200131,2.762451464839144,15.03705253351009,22.094
8.578,0.1067176949714169,0.021514949541506997,2.681588064189155,14.74854532647239,up,down,down,up,0.0349138253380454,0.011318090200131,2.762451464839144,15.03705253351009,22.125
8.593999999999998,0.105220062622191,0.0586881964885869,2.6831024768067016,14.749827025581846,up,down,down,up,0.0349138253380454,0.011318090200131,2.762451464839144,15.03705253351009,22.141
8.608999999999998,0.1030513555519546,0.10966664601103629,2.6844947410900057,14.751006818420207,up,down,down,up,0.0349138253380454,0.011318090200131,2.762451464839144,15.03705253351009,22.156
8.625,0.1022189507446994,0.017111475115399698,2.685955814097177,14.752242437416134,up,down,down,up,0.0349138253380454,0.011318090200131,2.762451464839144,15.03705253351009,22.172
8.640999999999998,0.10138166679559099,0.0174164214812369,2.687403529594297,14.753454786104031,up,down,down,up,0.0349138253380454,0.011318090200131,2.762451464839144,15.03705253351009,22.188
8.655999999999999,0.0987090927753157,0.1432577760136358,2.688734438938077,14.754570523312621,up,down,down,up,0.0349138253380454,0.011318090200131,2.762451464839144,15.03705253351009,22.203
8.672,0.09683788022168639,0.082036959263774,2.690117725278851,14.755738929436314,up,down,down,up,0.0349138253380454,0.011318090200131,2.762451464839144,15.03705253351009,22.219
8.687000000000001,0.09451221056788289,0.12013081824884408,2.691383079606771,14.756814445372259,up,down,down,up,0.0349138253380454,0.011318090200131,2.762451464839144,15.03705253351009,22.234
8.703,0.0922447942328154,0.1067996956036921,2.6926960462019744,14.757941035803215,up,down,down,up,0.0349138253380454,0.011318090200131,2.762451464839144,15.03705253351009,22.25
8.718999999999998,0.0896130718513833,0.1295688235014762,2.6939698196874455,14.759046932313526,up,down,down,up,0.0349138253380454,0.011318090200131,2.762451464839144,15.03705253351009,22.266
8.733999999999998,0.087043801210985,0.13637088402183858,2.6951249748824115,14.76006549332684,up,down,down,up,0.0349138253380454,0.011318090200131,2.762451464839144,15.03705253351009,22.281
8.75,0.08457098622356429,0.11963711137573038,2.6963168037386858,14.761133182535298,up,down,down,up,0.0349138253380454,0.011318090200131,2.762451464839144,15.03705253351009,22.297
8.765999999999998,0.0827955766678484,0.07604927189420849,2.697474646798615,14.76218207436843,up,down,down,up,0.0349138253380454,0.011318090200131,2.762451464839144,15.03705253351009,22.313
8.780999999999999,0.0817572462838053,0.03430820026482571,2.6985390216177505,14.763148743827893,up,down,down,up,0.0349138253380454,0.011318090200131,2.762451464839144,15.03705253351009,22.328
8.812000000000001,0.0807320645540556,0.0,2.7007067451395335,14.765096429853168,up,down,down,up,0.0349138253380454,0.011318090200131,2.762451464839144,15.03705253351009,22.359
8.828,0.0787873291079694,0.0866321400423554,2.701801810845627,14.766075584842708,up,down,down,up,0.0349138253380454,0.011318090200131,2.762451464839144,15.03705253351009,22.375
8.843999999999998,0.0763155501606877,0.1195723588670764,2.7028615444365744,14.767037501437878,up,down,down,up,0.0349138253380454,0.011318090200131,2.762451464839144,15.03705253351009,22.391
8.858999999999998,0.0745219961729332,0.08465644051224949,2.7038230546810746,14.767924138917087,up,down,down,up,0.0349138253380454,0.011318090200131,2.762451464839144,15.03705253351009,22.406
8.875,0.0727702270014488,0.0745717478797136,2.7048203030232676,14.768854215492878,up,down,down,up,0.0349138253380454,0.011318090200131,2.762451464839144,15.03705253351009,22.422
8.890999999999998,0.0698712995081648,0.1462691429922258,2.7057803457921423,14.769768633739782,up,down,down,up,0.0349138253380454,0.011318090200131,2.762451464839144,15.03705253351009,22.438
8.905999999999999,0.0678838086612073,0.0975855644591152,2.7066437377504107,14.7706122250858,up,down,down,up,0.0349138253380454,0.011318090200131,2.762451464839144,15.03705253351009,22.453
8.922,0.0659203764283499,0.087800689215531,2.707533081787925,14.77149803396692,up,down,down,up,0.0349138253380454,0.011318090200131,2.762451464839144,15.03705253351009,22.469
8.937000000000001,0.0641131746394999,0.0855662939186144,2.708338562067932,14.772315768610591,up,down,down,up,0.0349138253380454,0.011318090200131,2.762451464839144,15.03705253351009,22.484
8.953,0.0628643187071541,0.043139670433575895,2.7091732925715033,14.773174897210898,up,down,down,up,0.0349138253380454,0.011318090200131,2.762451464839144,15.03705253351009,22.5
8.968999999999998,0.0616184689177589,0.0429517864991654,2.7099880654293003,14.774020829784318,up,down,down,up,0.0349138253380454,0.011318090200131,2.762451464839144,15.03705253351009,22.516
8.983999999999998,0.060208588382048095,0.0590782103760032,2.711231997006047,14.77479845128864,up,down,down,up,0.0349138253380454,0.011318090200131,2.762451464839144,15.03705253351009,22.531
9.0,0.0587387507967135,0.056951023745355996,2.712502486276275,14.775607798859804,up,down,down,up,0.0349138253380454,0.011318090200131,2.762451464839144,15.03705253351009,22.547
9.030999999999999,0.057344428907596,0.010064300117358801,2.7144509147654876,14.777126016553675,up,down,down,up,0.0349138253380454,0.011318090200131,2.762451464839144,15.03705253351009,22.578
9.047,0.0571100950194302,0.0202679573276815,2.715685461513702,14.777884148980869,up,down,down,up,0.0349138253380454,0.011318090200131,2.762451464839144,15.03705253351009,22.594
9.062000000000001,0.0568168260648799,0.015362561701360501,2.7168701420688324,14.778576753926588,up,down,down,up,0.0349138253380454,0.011318090200131,2.762451464839144,15.03705253351009,22.609
9.093999999999998,0.0568057134516769,0.0345665561754527,2.718825923814693,14.780004063747304,up,down,down,up,0.0349138253380454,0.011318090200131,2.762451464839144,15.03705253351009,22.641
9.108999999999998,0.0563165422895969,0.0,2.7200045693797503,14.780649607020935,up,down,down,up,0.0349138253380454,0.011318090200131,2.762451464839144,15.03705253351009,22.656
9.125,0.0558622358092665,0.0,2.7212209101613394,14.78131902662203,up,down,down,up,0.0349138253380454,0.011318090200131,2.762451464839144,15.03705253351009,22.672
9.140999999999998,0.056132342934969,0.0517955206944549,2.722435777348091,14.78196899655938,up,down,down,up,0.0349138253380454,0.011318090200131,2.762451464839144,15.03705253351009,22.688
9.155999999999999,0.0553528066317453,0.0170552615435322,2.7236021446168395,14.782560484117228,up,down,down,up,0.0349138253380454,0.011318090200131,2.762451464839144,15.03705253351009,22.703
9.172,0.0539098283184759,0.055272319241285096,2.724795156253239,14.783172529147697,up,down,down,up,0.0349138253380454,0.011318090200131,2.762451464839144,15.03705253351009,22.719
9.187000000000001,0.0524373109766126,0.0632539974528353,2.7259229884449505,14.783728915035047,up,down,down,up,0.0349138253380454,0.011318090200131,2.762451464839144,15.03705253351009,22.734
9.203,0.0512451735321803,0.0395947649389854,2.7270713588778186,14.784304183693893,up,down,down,up,0.0349138253380454,0.011318090200131,2.762451464839144,15.03705253351009,22.75
9.218999999999998,0.0499154068559252,0.048196591927905104,2.7281995540777215,14.784861239827679,up,down,down,up,0.0349138253380454,0.011318090200131,2.762451464839144,15.03705253351009,22.766
9.233999999999998,0.0486138093542115,0.0518593414428618,2.7292687518462952,14.78536699950583,up,down,down,up,0.0349138253380454,0.011318090200131,2.762451464839144,15.03705253351009,22.781
9.25,0.049110997477080996,0.065988083017384,2.7303694608577436,14.785889117241629,up,down,down,up,0.0349138253380454,0.011318090200131,2.762451464839144,15.03705253351009,22.797
9.280999999999999,0.046717357248283395,0.042300375590913104,2.7320039395597826,14.786858324945166,up,down,down,up,0.0349138253380454,0.011318090200131,2.762451464839144,15.03705253351009,22.828
9.297,0.046197930677454396,0.0,2.7330661724199867,14.787336987486759,up,down,down,up,0.0349138253380454,0.011318090200131,2.762451464839144,15.03705253351009,22.844
9.312000000000001,0.044820484284441395,0.0569159341961484,2.734079039179199,14.78777017037235,up,down,down,up,0.0349138253380454,0.011318090200131,2.762451464839144,15.03705253351009,22.859
9.328,0.0434539387821412,0.0504952685557264,2.7351041451205296,14.788215928335378,up,down,down,up,0.0349138253380454,0.011318090200131,2.762451464839144,15.03705253351009,22.875
9.358999999999998,0.0421434226154938,0.0,2.7365800434259886,14.78904081882292,up,down,down,up,0.0349138253380454,0.011318090200131,2.762451464839144,15.03705253351009,22.906
9.375,0.0407568801830073,0.0517450766923569,2.7375621564051746,14.789446904661697,up,down,down,up,0.0349138253380454,0.011318090200131,2.762451464839144,15.03705253351009,22.922
9.390999999999998,0.0393816689887741,0.0510368743015338,2.738522175355347,14.78983745344504,up,down,down,up,0.0349138253380454,0.011318090200131,2.762451464839144,15.03705253351009,22.938
9.405999999999999,0.0371519696235153,0.1137327990125391,2.739426406291937,14.790189611055274,up,down,down,up,0.0349138253380454,0.011318090200131,2.762451464839144,15.03705253351009,22.953
9.437000000000001,0.038256855220628896,0.0705552962126761,2.740744382280817,14.790882959242408,up,down,down,up,0.0349138253380454,0.011318090200131,2.762451464839144,15.03705253351009,22.984
9.453,0.038314379574384,0.0385090974477368,2.741675862715975,14.791222820719861,up,down,down,up,0.0349138253380454,0.011318090200131,2.762451464839144,15.03705253351009,23.0
9.468999999999998,0.0368524650207557,0.056455834263734496,2.742596108029534,14.791547868391321,up,down,down,up,0.0349138253380454,0.011318090200131,2.762451464839144,15.03705253351009,23.016
9.483999999999998,0.0354532532026538,0.0583669625354094,2.743468629563208,14.791839154831967,up,down,down,up,0.0349138253380454,0.011318090200131,2.762451464839144,15.03705253351009,23.031
9.5,0.034082161280203,0.050779419815118305,2.7443438234358686,14.792135878645398,up,down,down,up,0.0349138253380454,0.011318090200131,2.762451464839144,15.03705253351009,23.047
9.515999999999998,0.0325377343226768,0.061612859507353505,2.7451956931574895,14.792418785950078,up,down,down,up,0.0349138253380454,0.011318090200131,2.762451464839144,15.03705253351009,23.063
9.547,0.0319917769659986,0.017302297703267,2.74634503978626,14.792935899999469,up,down,down,up,0.0349138253380454,0.011318090200131,2.762451464839144,15.03705253351009,23.094
9.562000000000001,0.0314280562528654,0.0,2.7471509171823993,14.793171452294791,up,down,down,up,0.0349138253380454,0.011318090200131,2.762451464839144,15.03705253351009,23.109
9.578,0.032927448837892,0.1286258619022198,2.7479846717799234,14.793409591020518,up,down,down,up,0.0349138253380454,0.011318090200131,2.762451464839144,15.03705253351009,23.125
9.593999999999998,0.032798563370469797,0.0268584836241583,2.748829390434388,14.79363430196023,up,down,down,up,0.0349138253380454,0.011318090200131,2.762451464839144,15.03705253351009,23.141
9.608999999999998,0.0326456137760756,0.024717185711768598,2.7496504504099852,14.79383247512648,up,down,down,up,0.0349138253380454,0.011318090200131,2.762451464839144,15.03705253351009,23.156
9.625,0.0321306768467354,0.0,2.7504875712917656,14.794030594390298,up,down,down,up,0.0349138253380454,0.011318090200131,2.762451464839144,15.03705253351009,23.172
9.640999999999998,0.0306815635082101,0.0556557583197936,2.751308979771403,14.794215445419217,up,down,down,up,0.0349138253380454,0.011318090200131,2.762451464839144,15.03705253351009,23.188
