timestamps,aAcc,aJerk,aVelocity,aHeight,jerks_direction,accelerations_direction,velocities_direction,heights_direction,start_jerks,start_accelerations,start_velocities,start_heights,actual_timestamps
0.0,0.0,0.0,0.0,0.0,up,down,down,down,0.1103011569785205,0.0039107231609474,0.0,5.4768031440557136e-05,2.797
0.01499999999999968,0.0,0.0852843206783428,0.0,0.0,up,down,down,down,0.1103011569785205,0.0039107231609474,0.0,5.4768031440557136e-05,2.812
0.030999999999999694,0.0,0.0890722615994876,0.0,0.0,up,down,down,down,0.1103011569785205,0.0039107231609474,0.0,5.4768031440557136e-05,2.828
0.04599999999999982,0.0,0.23253938378675498,0.0,0.0,up,down,down,down,0.1103011569785205,0.0039107231609474,0.0,5.4768031440557136e-05,2.843
0.06199999999999983,0.0,0.18075644654447198,0.0,0.0,up,down,down,down,0.1103011569785205,0.0039107231609474,0.0,5.4768031440557136e-05,2.859
0.07799999999999985,0.0,0.17891521486812478,0.0,0.0,up,down,down,down,0.1103011569785205,0.0039107231609474,0.0,5.4768031440557136e-05,2.875
0.09299999999999997,0.0,0.0808312181031836,0.0,0.0,up,down,down,down,0.1103011569785205,0.0039107231609474,0.0,5.4768031440557136e-05,2.89
0.10899999999999999,0.0,0.0670531568045529,0.0,0.0,up,down,down,down,0.1103011569785205,0.0039107231609474,0.0,5.4768031440557136e-05,2.906
0.13999999999999968,0.0,0.0562803726070933,0.0,0.0,up,down,down,down,0.1103011569785205,0.0039107231609474,0.0,5.4768031440557136e-05,2.937
0.1559999999999997,0.0,0.1527676025534495,0.0,0.0,up,down,down,down,0.1103011569785205,0.0039107231609474,0.0,5.4768031440557136e-05,2.953
0.17099999999999982,0.0,0.1575492627964816,0.0,0.0,up,down,down,down,0.1103011569785205,0.0039107231609474,0.0,5.4768031440557136e-05,2.968
0.18699999999999983,0.0,0.152644936437629,0.0,0.0,up,down,down,down,0.1103011569785205,0.0039107231609474,0.0,5.4768031440557136e-05,2.984
0.20299999999999985,0.0,0.0560486176983677,0.0,0.0,up,down,down,down,0.1103011569785205,0.0039107231609474,0.0,5.4768031440557136e-05,3.0
0.21799999999999997,0.0,0.1143530764962984,0.0,0.0,up,down,down,down,0.1103011569785205,0.0039107231609474,0.0,5.4768031440557136e-05,3.015
0.23399999999999999,0.0,0.1123729968525165,0.0,0.0,up,down,down,down,0.1103011569785205,0.0039107231609474,0.0,5.4768031440557136e-05,3.031
0.25,0.0,0.0647552409461793,0.0,0.0,up,down,down,down,0.1103011569785205,0.0039107231609474,0.0,5.4768031440557136e-05,3.047
0.2649999999999997,0.0,0.10767251311428369,0.0,0.0,up,down,down,down,0.1103011569785205,0.0039107231609474,0.0,5.4768031440557136e-05,3.062
0.2809999999999997,0.0,0.10551342213327419,0.0,0.0,up,down,down,down,0.1103011569785205,0.0039107231609474,0.0,5.4768031440557136e-05,3.078
0.2959999999999998,0.0,0.0956189684703457,0.0,0.0,up,down,down,down,0.1103011569785205,0.0039107231609474,0.0,5.4768031440557136e-05,3.093
0.31199999999999983,0.0,0.1655012851329294,0.0,0.0,up,down,down,down,0.1103011569785205,0.0039107231609474,0.0,5.4768031440557136e-05,3.109
0.32799999999999985,0.0,0.0835131847305437,0.0,0.0,up,down,down,down,0.1103011569785205,0.0039107231609474,0.0,5.4768031440557136e-05,3.125
0.34299999999999997,0.0,0.0832852129331043,0.0,0.0,up,down,down,down,0.1103011569785205,0.0039107231609474,0.0,5.4768031440557136e-05,3.14
0.375,0.0,0.1205133615244101,0.0,0.0,up,down,down,down,0.1103011569785205,0.0039107231609474,0.0,5.4768031440557136e-05,3.172
0.3899999999999997,0.0,0.1581177379263267,0.0,0.0,up,down,down,down,0.1103011569785205,0.0039107231609474,0.0,5.4768031440557136e-05,3.187
0.4059999999999997,0.0,0.1539588415419011,0.0,0.0,up,down,down,down,0.1103011569785205,0.0039107231609474,0.0,5.4768031440557136e-05,3.203
0.4209999999999998,0.0,0.1447141599966317,0.0,0.0,up,down,down,down,0.1103011569785205,0.0039107231609474,0.0,5.4768031440557136e-05,3.218
0.43699999999999983,0.0,0.1225295312370365,0.0,0.0,up,down,down,down,0.1103011569785205,0.0039107231609474,0.0,5.4768031440557136e-05,3.234
0.45299999999999985,0.0,0.0946099225930252,0.0,0.0,up,down,down,down,0.1103011569785205,0.0039107231609474,0.0,5.4768031440557136e-05,3.25
0.46799999999999997,0.0,0.095898607636924,0.0,0.0,up,down,down,down,0.1103011569785205,0.0039107231609474,0.0,5.4768031440557136e-05,3.265
0.484,0.0,0.1951590220875541,0.0,0.0,up,down,down,down,0.1103011569785205,0.0039107231609474,0.0,5.4768031440557136e-05,3.281
0.5,0.0,0.1948504626897438,0.0,0.0,up,down,down,down,0.1103011569785205,0.0039107231609474,0.0,5.4768031440557136e-05,3.297
0.5149999999999997,0.0,0.1893153793479075,0.0,0.0,up,down,down,down,0.1103011569785205,0.0039107231609474,0.0,5.4768031440557136e-05,3.312
0.5309999999999997,0.0,0.1484874190188499,0.0,0.0,up,down,down,down,0.1103011569785205,0.0039107231609474,0.0,5.4768031440557136e-05,3.328
0.5619999999999998,0.0,0.1303166470431943,0.0,0.0,up,down,down,down,0.1103011569785205,0.0039107231609474,0.0,5.4768031440557136e-05,3.359
0.5779999999999998,0.0,0.1067819302080774,0.0,0.0,up,down,down,down,0.1103011569785205,0.0039107231609474,0.0,5.4768031440557136e-05,3.375
0.593,0.0,0.08402515790251949,0.0,0.0,up,down,down,down,0.1103011569785205,0.0039107231609474,0.0,5.4768031440557136e-05,3.39
0.609,0.0,0.0854893082479213,0.0,0.0,up,down,down,down,0.1103011569785205,0.0039107231609474,0.0,5.4768031440557136e-05,3.406
0.625,0.0,0.1550150357773059,0.0,0.0,up,down,down,down,0.1103011569785205,0.0039107231609474,0.0,5.4768031440557136e-05,3.422
0.6399999999999997,0.0,0.1109970819621755,0.0,0.0,up,down,down,down,0.1103011569785205,0.0039107231609474,0.0,5.4768031440557136e-05,3.437
0.6559999999999997,0.0,0.102415774089537,0.0,0.0,up,down,down,down,0.1103011569785205,0.0039107231609474,0.0,5.4768031440557136e-05,3.453
0.6709999999999998,0.0,0.1009497000457345,0.0,0.0,up,down,down,down,0.1103011569785205,0.0039107231609474,0.0,5.4768031440557136e-05,3.468
0.6869999999999998,0.0,0.1263731729017613,0.0,0.0,up,down,down,down,0.1103011569785205,0.0039107231609474,0.0,5.4768031440557136e-05,3.484
0.7029999999999998,0.0,0.078199304100579,0.0,0.0,up,down,down,down,0.1103011569785205,0.0039107231609474,0.0,5.4768031440557136e-05,3.5
0.718,0.0,0.07840225164884229,0.0,0.0,up,down,down,down,0.1103011569785205,0.0039107231609474,0.0,5.4768031440557136e-05,3.515
0.734,0.0,0.0918408083231403,0.0,0.0,up,down,down,down,0.1103011569785205,0.0039107231609474,0.0,5.4768031440557136e-05,3.531
0.75,0.0,0.1199522994488332,0.0,0.0,up,down,down,down,0.1103011569785205,0.0039107231609474,0.0,5.4768031440557136e-05,3.547
0.7809999999999997,0.0,0.0674507739696382,0.0,0.0,up,down,down,down,0.1103011569785205,0.0039107231609474,0.0,5.4768031440557136e-05,3.578
0.7959999999999998,0.0,0.1311237140493449,0.0,0.0,up,down,down,down,0.1103011569785205,0.0039107231609474,0.0,5.4768031440557136e-05,3.593
0.8119999999999998,0.0,0.1056470122648978,0.0,0.0,up,down,down,down,0.1103011569785205,0.0039107231609474,0.0,5.4768031440557136e-05,3.609
0.8279999999999998,0.0,0.1058870304864178,0.0,0.0,up,down,down,down,0.1103011569785205,0.0039107231609474,0.0,5.4768031440557136e-05,3.625
0.843,0.0,0.0804545903576594,0.0,0.0,up,down,down,down,0.1103011569785205,0.0039107231609474,0.0,5.4768031440557136e-05,3.64
0.859,0.0,0.17697115996728718,0.0,0.0,up,down,down,down,0.1103011569785205,0.0039107231609474,0.0,5.4768031440557136e-05,3.656
0.875,0.0,0.17604312011254541,0.0,0.0,up,down,down,down,0.1103011569785205,0.0039107231609474,0.0,5.4768031440557136e-05,3.672
0.8899999999999997,0.0,0.0936325674900499,0.0,0.0,up,down,down,down,0.1103011569785205,0.0039107231609474,0.0,5.4768031440557136e-05,3.687
0.9059999999999997,0.0,0.0996517825446741,0.0,0.0,up,down,down,down,0.1103011569785205,0.0039107231609474,0.0,5.4768031440557136e-05,3.703
0.9209999999999998,0.0,0.1011763865889304,0.0,0.0,up,down,down,down,0.1103011569785205,0.0039107231609474,0.0,5.4768031440557136e-05,3.718
0.9369999999999998,0.0,0.1360817522086942,0.0,0.0,up,down,down,down,0.1103011569785205,0.0039107231609474,0.0,5.4768031440557136e-05,3.734
0.968,0.0,0.0912761480437354,0.0,0.0,up,down,down,down,0.1103011569785205,0.0039107231609474,0.0,5.4768031440557136e-05,3.765
0.984,0.0,0.0716963768945255,0.0,0.0,up,down,down,down,0.1103011569785205,0.0039107231609474,0.0,5.4768031440557136e-05,3.781
1.0149999999999997,0.0,0.101720691547472,0.0,0.0,up,down,down,down,0.1103011569785205,0.0039107231609474,0.0,5.4768031440557136e-05,3.812
1.0309999999999997,0.0,0.1315579524112652,0.0,0.0,up,down,down,down,0.1103011569785205,0.0039107231609474,0.0,5.4768031440557136e-05,3.828
1.0459999999999998,0.0,0.1316464789300916,0.0,0.0,up,down,down,down,0.1103011569785205,0.0039107231609474,0.0,5.4768031440557136e-05,3.843
1.0619999999999998,0.0,0.140806744772348,0.0,0.0,up,down,down,down,0.1103011569785205,0.0039107231609474,0.0,5.4768031440557136e-05,3.859
1.0779999999999998,0.0,0.056520139179783095,0.0,0.0,up,down,down,down,0.1103011569785205,0.0039107231609474,0.0,5.4768031440557136e-05,3.875
1.093,0.0,0.012144700510986095,0.0,0.0,up,down,down,down,0.1103011569785205,0.0039107231609474,0.0,5.4768031440557136e-05,3.89
1.109,0.0,0.0759156618588274,0.0,0.0,up,down,down,down,0.1103011569785205,0.0039107231609474,0.0,5.4768031440557136e-05,3.906
1.125,0.0,0.1337280069301226,0.0,0.0,up,down,down,down,0.1103011569785205,0.0039107231609474,0.0,5.4768031440557136e-05,3.922
1.1399999999999997,0.0,0.1346698388382383,0.0,0.0,up,down,down,down,0.1103011569785205,0.0039107231609474,0.0,5.4768031440557136e-05,3.937
1.1559999999999997,0.0,0.1206975915980511,0.0,0.0,up,down,down,down,0.1103011569785205,0.0039107231609474,0.0,5.4768031440557136e-05,3.953
1.1869999999999998,0.0,0.1086701816100538,0.0,0.0,up,down,down,down,0.1103011569785205,0.0039107231609474,0.0,5.4768031440557136e-05,3.984
1.2029999999999998,0.0,0.1071762204999382,0.0,0.0,up,down,down,down,0.1103011569785205,0.0039107231609474,0.0,5.4768031440557136e-05,4.0
1.2179999999999995,0.0,0.1707531699328554,0.0,0.0,up,down,down,down,0.1103011569785205,0.0039107231609474,0.0,5.4768031440557136e-05,4.015
1.2339999999999995,0.0,0.1567396710507871,0.0,0.0,up,down,down,down,0.1103011569785205,0.0039107231609474,0.0,5.4768031440557136e-05,4.031
1.2499999999999996,0.0,0.1563704387731455,0.0,0.0,up,down,down,down,0.1103011569785205,0.0039107231609474,0.0,5.4768031440557136e-05,4.047
1.2650000000000001,0.0,0.042580656004844994,0.0,0.0,up,down,down,down,0.1103011569785205,0.0039107231609474,0.0,5.4768031440557136e-05,4.062
1.2810000000000001,0.0,0.2379634898661551,0.0,0.0,up,down,down,down,0.1103011569785205,0.0039107231609474,0.0,5.4768031440557136e-05,4.078
1.2959999999999998,0.0,0.1093313886354992,0.0,0.0,up,down,down,down,0.1103011569785205,0.0039107231609474,0.0,5.4768031440557136e-05,4.093
1.3119999999999998,0.0,0.11038664659035458,0.0,0.0,up,down,down,down,0.1103011569785205,0.0039107231609474,0.0,5.4768031440557136e-05,4.109
1.3279999999999998,0.0,0.1591051332878733,0.0,0.0,up,down,down,down,0.1103011569785205,0.0039107231609474,0.0,5.4768031440557136e-05,4.125
1.3429999999999995,0.0,0.1070505431788177,0.0,0.0,up,down,down,down,0.1103011569785205,0.0039107231609474,0.0,5.4768031440557136e-05,4.14
1.3589999999999995,0.0,0.1088279490276677,0.0,0.0,up,down,down,down,0.1103011569785205,0.0039107231609474,0.0,5.4768031440557136e-05,4.156
1.3749999999999996,0.0,0.0941716330891129,0.0,0.0,up,down,down,down,0.1103011569785205,0.0039107231609474,0.0,5.4768031440557136e-05,4.172
1.3900000000000001,-0.0102162416206574,0.2263419060276782,0.0,0.0,up,down,down,down,0.1103011569785205,0.0039107231609474,0.0,5.4768031440557136e-05,4.187
1.4060000000000001,-0.011988593071274301,0.221073122642079,0.0,0.0,up,down,down,down,0.1103011569785205,0.0039107231609474,0.0,5.4768031440557136e-05,4.203
1.4209999999999998,-0.013199933270751502,0.19105717027699598,0.0,0.0,up,down,down,down,0.1103011569785205,0.0039107231609474,0.0,5.4768031440557136e-05,4.218
1.4529999999999998,-0.0154027278308763,0.1791384869824218,0.0,0.0,up,down,down,down,0.1103011569785205,0.0039107231609474,0.0,5.4768031440557136e-05,4.25
1.4679999999999995,-0.0175480958072302,0.2533256887354499,0.0,0.0,up,down,down,down,0.1103011569785205,0.0039107231609474,0.0,5.4768031440557136e-05,4.265
1.4839999999999995,-0.0199038436715141,0.2575353984962667,0.0,0.0,up,down,down,down,0.1103011569785205,0.0039107231609474,0.0,5.4768031440557136e-05,4.281
1.4999999999999996,-0.0219061131045616,0.2354429965439883,0.0,0.0,up,down,down,down,0.1103011569785205,0.0039107231609474,0.0,5.4768031440557136e-05,4.297
1.5150000000000001,-0.0238582463189,0.2404433712677424,0.0,0.0,up,down,down,down,0.1103011569785205,0.0039107231609474,0.0,5.4768031440557136e-05,4.312
1.5310000000000001,-0.0274497975933058,0.3347731116288829,0.0,0.0,up,down,down,down,0.1103011569785205,0.0039107231609474,0.0,5.4768031440557136e-05,4.328
1.5459999999999998,-0.0322709324171164,0.4317101452325623,0.0,0.0,up,down,down,down,0.1103011569785205,0.0039107231609474,0.0,5.4768031440557136e-05,4.343
1.5619999999999998,-0.03701374265502,0.4067267968475004,0.0,0.0,up,down,down,down,0.1103011569785205,0.0039107231609474,0.0,5.4768031440557136e-05,4.359
1.5779999999999998,-0.0402248626714402,0.3109961580047834,0.0,0.0,up,down,down,down,0.1103011569785205,0.0039107231609474,0.0,5.4768031440557136e-05,4.375
1.5929999999999995,-0.0440347414129593,0.3642930730797964,0.0,0.0,up,down,down,down,0.1103011569785205,0.0039107231609474,0.0,5.4768031440557136e-05,4.39
1.6089999999999995,-0.0494546668899164,0.449046499288341,0.0,0.0,up,down,down,down,0.1103011569785205,0.0039107231609474,0.0,5.4768031440557136e-05,4.406
1.6249999999999996,-0.0548257818214991,0.4459958402024396,0.0,0.0,up,down,down,down,0.1103011569785205,0.0039107231609474,0.0,5.4768031440557136e-05,4.422
1.6400000000000001,-0.0609027464599787,0.5154321328771391,0.0,0.0,up,down,down,down,0.1103011569785205,0.0039107231609474,0.0,5.4768031440557136e-05,4.437
1.6560000000000001,-0.0662132846511127,0.442209793924397,0.0,0.0,up,down,down,down,0.1103011569785205,0.0039107231609474,0.0,5.4768031440557136e-05,4.453
1.6709999999999998,-0.0714012484636405,0.4561654111470505,0.0,0.0,up,down,down,down,0.1103011569785205,0.0039107231609474,0.0,5.4768031440557136e-05,4.468
1.6869999999999998,-0.0774921028089785,0.4909795535621426,0.0,0.0,up,down,down,down,0.1103011569785205,0.0039107231609474,0.0,5.4768031440557136e-05,4.484
1.7179999999999995,-0.0827627540987005,0.28032216632439444,0.0,0.0,up,down,down,down,0.1103011569785205,0.0039107231609474,0.0,5.4768031440557136e-05,4.515
1.7339999999999995,-0.0878998276586475,0.4313682544752058,0.0,0.0,up,down,down,down,0.1103011569785205,0.0039107231609474,0.0,5.4768031440557136e-05,4.531
1.7499999999999996,-0.09547626835264279,0.5838287003532276,0.0,0.0,up,down,down,down,0.1103011569785205,0.0039107231609474,0.0,5.4768031440557136e-05,4.547
1.7650000000000001,-0.1019892728092717,0.5445014540870929,0.0,0.0,up,down,down,down,0.1103011569785205,0.0039107231609474,0.0,5.4768031440557136e-05,4.562
1.7810000000000001,-0.1093593765166467,0.5709326386894581,0.011450598027478,0.0,up,down,down,down,0.1103011569785205,0.0039107231609474,0.0,5.4768031440557136e-05,4.578
1.7959999999999998,-0.1174817027858221,0.6517895749235598,0.0130932452748323,0.0,up,down,down,down,0.1103011569785205,0.0039107231609474,0.0,5.4768031440557136e-05,4.593
1.8119999999999998,-0.125671712925488,0.6221767907076398,0.0149759010299476,0.0,up,down,down,down,0.1103011569785205,0.0039107231609474,0.0,5.4768031440557136e-05,4.609
1.8279999999999998,-0.133669507661521,0.6101633279805835,0.0169880592240685,0.0,up,down,down,down,0.1103011569785205,0.0039107231609474,0.0,5.4768031440557136e-05,4.625
1.8429999999999995,-0.1427570732789415,0.7161388648065683,0.0190025977337077,0.0,up,down,down,down,0.1103011569785205,0.0039107231609474,0.0,5.4768031440557136e-05,4.64
1.8589999999999995,-0.1501163673540322,0.5702570366716836,0.0212830136881964,0.0,up,down,down,down,0.1103011569785205,0.0039107231609474,0.0,5.4768031440557136e-05,4.656
1.8749999999999996,-0.1573172448901693,0.5603560029870941,0.0236799110155748,0.0,up,down,down,down,0.1103011569785205,0.0039107231609474,0.0,5.4768031440557136e-05,4.672
1.9060000000000001,-0.1651385395320499,0.3626009841359521,0.0285567432561299,0.0,up,down,down,down,0.1103011569785205,0.0039107231609474,0.0,5.4768031440557136e-05,4.703
1.9209999999999998,-0.1747518078985965,0.7511857147483098,0.0310472600144455,0.0,up,down,down,down,0.1103011569785205,0.0039107231609474,0.0,5.4768031440557136e-05,4.718
1.9369999999999998,-0.1839156594737829,0.6830418804276699,0.0338540281828494,0.0,up,down,down,down,0.1103011569785205,0.0039107231609474,0.0,5.4768031440557136e-05,4.734
1.9529999999999998,-0.1928843603648164,0.6708449626681151,0.036805856770983,0.0,up,down,down,down,0.1103011569785205,0.0039107231609474,0.0,5.4768031440557136e-05,4.75
1.9679999999999995,-0.20259291031376309,0.7575378202416446,0.0397132754536581,0.0,up,down,down,down,0.1103011569785205,0.0039107231609474,0.0,5.4768031440557136e-05,4.765
1.9839999999999995,-0.2129376755149152,0.756848982050528,0.0429749485697124,0.0,up,down,down,down,0.1103011569785205,0.0039107231609474,0.0,5.4768031440557136e-05,4.781
1.9999999999999996,-0.2229978882617355,0.7390644536547912,0.0463998615093504,0.0,up,down,down,down,0.1103011569785205,0.0039107231609474,0.0,5.4768031440557136e-05,4.797
2.015,-0.2322517192809829,0.7272232249283219,0.0497555727185067,0.0,up,down,down,down,0.1103011569785205,0.0039107231609474,0.0,5.4768031440557136e-05,4.812
2.046,-0.2424474665988824,0.4391962317494759,0.0569921776816552,0.0,up,down,down,down,0.1103011569785205,0.0039107231609474,0.0,5.4768031440557136e-05,4.843
2.062,-0.25238411833021773,0.7313418901869755,0.0608882587905129,0.010065237474656557,up,down,down,down,0.1103011569785205,0.0039107231609474,0.0,5.4768031440557136e-05,4.859
2.078,-0.26302309110348604,0.7752369553077891,0.0649489448954073,0.011071935104143957,up,down,down,down,0.1103011569785205,0.0039107231609474,0.0,5.4768031440557136e-05,4.875
2.0929999999999995,-0.2737248598701356,0.8237524080885038,0.0689158936802952,0.012075921393461657,up,down,down,down,0.1103011569785205,0.0039107231609474,0.0,5.4768031440557136e-05,4.89
2.1089999999999995,-0.2841645451817633,0.7627814889552547,0.0733164373501353,0.013213780041705156,up,down,down,down,0.1103011569785205,0.0039107231609474,0.0,5.4768031440557136e-05,4.906
2.1249999999999996,-0.2934727177174121,0.6920619404565669,0.0778749638827535,0.014423311251568257,up,down,down,down,0.1103011569785205,0.0039107231609474,0.0,5.4768031440557136e-05,4.922
2.14,-0.3031034674722015,0.7523511406311223,0.0822906244242616,0.015624553163870857,up,down,down,down,0.1103011569785205,0.0039107231609474,0.0,5.4768031440557136e-05,4.937
2.156,-0.312543643581197,0.7003121637907388,0.0871532297421136,0.01698010399720186,up,down,down,down,0.1103011569785205,0.0039107231609474,0.0,5.4768031440557136e-05,4.953
2.171,-0.32404563236942424,0.8771004095270222,0.0918689884643289,0.01832277063375016,up,down,down,down,0.1103011569785205,0.0039107231609474,0.0,5.4768031440557136e-05,4.968
2.187,-0.3358151249064604,0.8458944405432814,0.0970853029519609,0.01983440496508046,up,down,down,down,0.1103011569785205,0.0039107231609474,0.0,5.4768031440557136e-05,4.984
2.203,-0.34613843555346335,0.7555080724161993,0.1024783598650651,0.021430914267616757,up,down,down,down,0.1103011569785205,0.0039107231609474,0.0,5.4768031440557136e-05,5.0
2.2179999999999995,-0.35619185389201213,0.7805290462151202,0.1076871761884918,0.02300715578801836,up,down,down,down,0.1103011569785205,0.0039107231609474,0.0,5.4768031440557136e-05,5.015
2.2339999999999995,-0.3663537474976603,0.7454195073315344,0.1134049694290341,0.02477589295295856,up,down,down,down,0.1103011569785205,0.0039107231609474,0.0,5.4768031440557136e-05,5.031
2.265,-0.3763952214197878,0.4342196705955308,0.1247963460292654,0.02846801334256226,up,down,down,down,0.1103011569785205,0.0039107231609474,0.0,5.4768031440557136e-05,5.062
2.281,-0.3857671991996696,0.6960497682211291,0.1308310738236459,0.03051303270138556,up,down,down,down,0.1103011569785205,0.0039107231609474,0.0,5.4768031440557136e-05,5.078
2.296,-0.396176016721597,0.8042223251070326,0.136636987095641,0.03251904315828016,up,down,down,down,0.1103011569785205,0.0039107231609474,0.0,5.4768031440557136e-05,5.093
2.312,-0.40632463043441364,0.7445895140295582,0.142994420702314,0.03475609442066385,up,down,down,down,0.1103011569785205,0.0039107231609474,0.0,5.4768031440557136e-05,5.109
2.328,-0.41434224922064894,0.6114023311182265,0.1494971841689793,0.03709602725963416,up,down,down,down,0.1103011569785205,0.0039107231609474,0.0,5.4768031440557136e-05,5.125
2.3429999999999995,-0.42451287702738044,0.7883430107606352,0.1557299367684252,0.039385230666664654,up,down,down,down,0.1103011569785205,0.0039107231609474,0.0,5.4768031440557136e-05,5.14
2.3749999999999996,-0.4344758907223074,0.4216453349449863,0.1693486139112699,0.04458648747753975,up,down,down,down,0.1103011569785205,0.0039107231609474,0.0,5.4768031440557136e-05,5.172
2.39,-0.444222311218871,0.7600625234160693,0.1758801895784148,0.04717570350371245,up,down,down,down,0.1103011569785205,0.0039107231609474,0.0,5.4768031440557136e-05,5.187
2.406,-0.45295616234334973,0.6561668522584435,0.1829950457963374,0.050046705386710556,up,down,down,down,0.1103011569785205,0.0039107231609474,0.0,5.4768031440557136e-05,5.203
2.421,-0.4605554578488533,0.6169208573454336,0.1897877221003646,0.05284257614593575,up,down,down,down,0.1103011569785205,0.0039107231609474,0.0,5.4768031440557136e-05,5.218
2.437,-0.4679789135019554,0.5742671352974011,0.1971534255005959,0.055938105326743454,up,down,down,down,0.1103011569785205,0.0039107231609474,0.0,5.4768031440557136e-05,5.234
2.453,-0.4752063095578815,0.5620134104739044,0.2046363357144994,0.05915242341646416,up,down,down,down,0.1103011569785205,0.0039107231609474,0.0,5.4768031440557136e-05,5.25
2.4679999999999995,-0.48265417421994883,0.6068254677830152,0.2117616284954188,0.062275408148038454,up,down,down,down,0.1103011569785205,0.0039107231609474,0.0,5.4768031440557136e-05,5.265
2.4839999999999995,-0.4899085674803416,0.5637007357530694,0.219479558858446,0.06572533764686946,up,down,down,down,0.1103011569785205,0.0039107231609474,0.0,5.4768031440557136e-05,5.281
2.4999999999999996,-0.4980974222028624,0.6221045771360728,0.2273210352053364,0.06929974239937965,up,down,down,down,0.1103011569785205,0.0039107231609474,0.0,5.4768031440557136e-05,5.297
2.515,-0.5067384403996247,0.6863690367626465,0.2347986433274412,0.07276563998837565,up,down,down,down,0.1103011569785205,0.0039107231609474,0.0,5.4768031440557136e-05,5.312
2.531,-0.5151712240872879,0.6373501374574703,0.2429113490727613,0.07658731992757725,up,down,down,down,0.1103011569785205,0.0039107231609474,0.0,5.4768031440557136e-05,5.328
2.546,-0.5221736421993217,0.5771290311141195,0.2506327747224965,0.08028890085604165,up,down,down,down,0.1103011569785205,0.0039107231609474,0.0,5.4768031440557136e-05,5.343
2.578,-0.5312713824762838,0.3946055406335854,0.2673627519761559,0.08857682928322005,up,down,down,down,0.1103011569785205,0.0039107231609474,0.0,5.4768031440557136e-05,5.375
2.5929999999999995,-0.5401588874584089,0.702801489120206,0.2753398181532517,0.09264709855919055,up,down,down,down,0.1103011569785205,0.0039107231609474,0.0,5.4768031440557136e-05,5.39
2.6089999999999995,-0.5466990911001801,0.519063884589221,0.2839721104111453,0.09712159398770576,up,down,down,down,0.1103011569785205,0.0039107231609474,0.0,5.4768031440557136e-05,5.406
2.6249999999999996,-0.5519944679580941,0.4412622105981474,0.2926990873130364,0.10173496356949915,up,down,down,down,0.1103011569785205,0.0039107231609474,0.0,5.4768031440557136e-05,5.422
2.64,-0.5571959147954928,0.4570642794717506,0.3009593543362744,0.10618740188186916,up,down,down,down,0.1103011569785205,0.0039107231609474,0.0,5.4768031440557136e-05,5.437
2.656,-0.5635010542232237,0.5043723712117028,0.309862358517849,0.11107397558470215,up,down,down,down,0.1103011569785205,0.0039107231609474,0.0,5.4768031440557136e-05,5.453
2.671,-0.5702373297763241,0.5593861938518909,0.3183067355504312,0.11578524379021415,up,down,down,down,0.1103011569785205,0.0039107231609474,0.0,5.4768031440557136e-05,5.468
2.687,-0.5745941086499666,0.3825998365811763,0.3274028154872664,0.12095092019851575,up,down,down,down,0.1103011569785205,0.0039107231609474,0.0,5.4768031440557136e-05,5.484
2.703,-0.5788715255117634,0.3776397108408155,0.3365679689899851,0.12626268647433375,up,down,down,down,0.1103011569785205,0.0039107231609474,0.0,5.4768031440557136e-05,5.5
2.7179999999999995,-0.5837582462911008,0.4360825422676937,0.3452290314310922,0.13137616397749174,up,down,down,down,0.1103011569785205,0.0039107231609474,0.0,5.4768031440557136e-05,5.515
2.7339999999999995,-0.5886016654374142,0.4130148536231056,0.3545453391543451,0.13697435894217524,up,down,down,down,0.1103011569785205,0.0039107231609474,0.0,5.4768031440557136e-05,5.531
2.765,-0.5944207058353701,0.2980121375577391,0.3727609534910843,0.14824760647817956,up,down,down,down,0.1103011569785205,0.0039107231609474,0.0,5.4768031440557136e-05,5.562
2.781,-0.6003131973185276,0.47858187467586477,0.3822562531457403,0.15428774413127425,up,down,down,down,0.1103011569785205,0.0039107231609474,0.0,5.4768031440557136e-05,5.578
2.796,-0.6060484933705332,0.4926542271122368,0.3912453049784938,0.16008900581720586,up,down,down,down,0.1103011569785205,0.0039107231609474,0.0,5.4768031440557136e-05,5.593
2.812,-0.6116312250752358,0.4592218885224315,0.4009241711554848,0.16642636162627766,up,down,down,down,0.1103011569785205,0.0039107231609474,0.0,5.4768031440557136e-05,5.609
2.828,-0.6167600279945642,0.4308513394365439,0.4106887296094681,0.17291926483239725,up,down,down,down,0.1103011569785205,0.0039107231609474,0.0,5.4768031440557136e-05,5.625
2.8429999999999995,-0.6220435445072976,0.4625355911607546,0.4199210955558177,0.17914883852113675,up,down,down,down,0.1103011569785205,0.0039107231609474,0.0,5.4768031440557136e-05,5.64
2.8589999999999995,-0.627184932621434,0.4316379141120481,0.4298523518022724,0.18594702610000155,up,down,down,down,0.1103011569785205,0.0039107231609474,0.0,5.4768031440557136e-05,5.656
2.8749999999999996,-0.63136542770342,0.3715820996026405,0.4398581831142961,0.19290471037933404,up,down,down,down,0.1103011569785205,0.0039107231609474,0.0,5.4768031440557136e-05,5.672
2.89,-0.6338346808046982,0.2749180303970617,0.4492885230806931,0.19957331067579676,up,down,down,down,0.1103011569785205,0.0039107231609474,0.0,5.4768031440557136e-05,5.687
2.906,-0.6362768967073134,0.2629396508919687,0.4593868441302141,0.20684271361348405,up,down,down,down,0.1103011569785205,0.0039107231609474,0.0,5.4768031440557136e-05,5.703
2.921,-0.6396043644767673,0.3321323416087864,0.4688972927416803,0.21380484464002306,up,down,down,down,0.1103011569785205,0.0039107231609474,0.0,5.4768031440557136e-05,5.718
2.937,-0.6427440266241558,0.3065300411903002,0.4790935082999125,0.22138877104835586,up,down,down,down,0.1103011569785205,0.0039107231609474,0.0,5.4768031440557136e-05,5.734
2.953,-0.6457926448416345,0.3008397955709393,0.4893392301010637,0.22913623295556365,up,down,down,down,0.1103011569785205,0.0039107231609474,0.0,5.4768031440557136e-05,5.75
2.9839999999999995,-0.6486525856139451,0.20255731092402668,0.5092818987551352,0.24461486045283456,up,down,down,down,0.1103011569785205,0.0039107231609474,0.0,5.4768031440557136e-05,5.781
2.9999999999999996,-0.6521357260069607,0.3279974315419928,0.5196256336775272,0.25284612071229595,up,down,down,down,0.1103011569785205,0.0039107231609474,0.0,5.4768031440557136e-05,5.797
3.015,-0.6555020411899886,0.33472216918037057,0.5293742560840905,0.26071361988550834,up,down,down,down,0.1103011569785205,0.0039107231609474,0.0,5.4768031440557136e-05,5.812
3.031,-0.6587745193085563,0.31483103938900714,0.5398258969975037,0.26926722111016116,up,down,down,down,0.1103011569785205,0.0039107231609474,0.0,5.4768031440557136e-05,5.828
3.046,-0.6620346896160534,0.3276458441449941,0.5496733052170238,0.27743846512676995,up,down,down,down,0.1103011569785205,0.0039107231609474,0.0,5.4768031440557136e-05,5.843
3.062,-0.6652154366227769,0.3090978448987422,0.5602287346563594,0.28631768144575703,up,down,down,down,0.1103011569785205,0.0039107231609474,0.0,5.4768031440557136e-05,5.859
3.078,-0.6671421367581498,0.23071991543932552,0.5708250236728316,0.29536611151239056,up,down,down,down,0.1103011569785205,0.0039107231609474,0.0,5.4768031440557136e-05,5.875
3.0929999999999995,-0.6698901420283665,0.29350150832630306,0.5807941049163161,0.30400325497680897,up,down,down,down,0.1103011569785205,0.0039107231609474,0.0,5.4768031440557136e-05,5.89
3.1089999999999995,-0.6725389911158146,0.2758542249440274,0.5914709664108944,0.3133813755474267,up,down,down,down,0.1103011569785205,0.0039107231609474,0.0,5.4768031440557136e-05,5.906
3.1249999999999996,-0.6760750351836489,0.33130391121816116,0.602197307050715,0.32293072173511955,up,down,down,down,0.1103011569785205,0.0039107231609474,0.0,5.4768031440557136e-05,5.922
3.14,-0.6789134251963365,0.29952715782435313,0.612301059656151,0.33203945948542135,up,down,down,down,0.1103011569785205,0.0039107231609474,0.0,5.4768031440557136e-05,5.937
3.156,-0.6809315182318478,0.236431971697981,0.6231172476330014,0.34192280594373464,up,down,down,down,0.1103011569785205,0.0039107231609474,0.0,5.4768031440557136e-05,5.953
3.187,-0.6829002151561809,0.17380750937636308,0.6441354070825263,0.36156522209182507,up,down,down,down,0.1103011569785205,0.0039107231609474,0.0,5.4768031440557136e-05,5.984
3.203,-0.6856261879646102,0.28067445750534736,0.6550210467369174,0.37195847372238067,up,down,down,down,0.1103011569785205,0.0039107231609474,0.0,5.4768031440557136e-05,6.0
3.2179999999999995,-0.688427299248282,0.29704190922331686,0.6652677870435997,0.38186063997573433,up,down,down,down,0.1103011569785205,0.0039107231609474,0.0,5.4768031440557136e-05,6.015
3.2339999999999995,-0.6911211203111911,0.27866497341033614,0.6762416028295003,0.39259271509471916,up,down,down,down,0.1103011569785205,0.0039107231609474,0.0,5.4768031440557136e-05,6.031
3.2499999999999996,-0.6930130885165227,0.22854916981174228,0.6872521049295469,0.40350066475679147,up,down,down,down,0.1103011569785205,0.0039107231609474,0.0,5.4768031440557136e-05,6.047
3.281,-0.6964509470631501,0.2211998197729532,0.7086675650630428,0.42513741964167706,up,down,down,down,0.1103011569785205,0.0039107231609474,0.0,5.4768031440557136e-05,6.078
3.296,-0.6974189260064136,0.174833086529422,0.7190629282636501,0.43584539834162705,up,down,down,down,0.1103011569785205,0.0039107231609474,0.0,5.4768031440557136e-05,6.093
3.312,-0.6996907692737668,0.2522913611880947,0.7301772342553164,0.44743931964177874,up,down,down,down,0.1103011569785205,0.0039107231609474,0.0,5.4768031440557136e-05,6.109
3.328,-0.7008436433519947,0.1823557868677603,0.7413189379857474,0.45921128901970726,up,down,down,down,0.1103011569785205,0.0039107231609474,0.0,5.4768031440557136e-05,6.125
3.3429999999999995,-0.7019409345925904,0.1834539063515731,0.7517811614729174,0.47040953976564703,up,down,down,down,0.1103011569785205,0.0039107231609474,0.0,5.4768031440557136e-05,6.14
3.3749999999999996,-0.7032780762033592,0.1520868323150457,0.7741395225045024,0.49482427070928575,up,down,down,down,0.1103011569785205,0.0039107231609474,0.0,5.4768031440557136e-05,6.172
3.39,-0.7044917980844563,0.19121594905165268,0.7846391357142471,0.5065151106459269,up,down,down,down,0.1103011569785205,0.0039107231609474,0.0,5.4768031440557136e-05,6.187
3.406,-0.7068320420013201,0.2565664017825095,0.7958671548643582,0.5191591609705558,up,down,down,down,0.1103011569785205,0.0039107231609474,0.0,5.4768031440557136e-05,6.203
3.421,-0.7096362091606583,0.2972456342677363,0.8064320059006587,0.5311764046762932,up,down,down,down,0.1103011569785205,0.0039107231609474,0.0,5.4768031440557136e-05,6.218
3.437,-0.7123874128522711,0.2822513877043239,0.8177456233061869,0.544169825709948,up,down,down,down,0.1103011569785205,0.0039107231609474,0.0,5.4768031440557136e-05,6.234
3.453,-0.713439379104333,0.17604904773238478,0.8290896660712647,0.5573445080249676,up,down,down,down,0.1103011569785205,0.0039107231609474,0.0,5.4768031440557136e-05,6.25
3.4679999999999995,-0.714376976803548,0.1728076702595202,0.8397396278931594,0.5698607277297005,up,down,down,down,0.1103011569785205,0.0039107231609474,0.0,5.4768031440557136e-05,6.265
3.4839999999999995,-0.7157671115802913,0.19718458052497811,0.851118209029655,0.583387590425083,up,down,down,down,0.1103011569785205,0.0039107231609474,0.0,5.4768031440557136e-05,6.281
3.4999999999999996,-0.7170980726933571,0.1934862265451363,0.862518558933269,0.5970966845687864,up,down,down,down,0.1103011569785205,0.0039107231609474,0.0,5.4768031440557136e-05,6.297
3.515,-0.7189550971381582,0.2341027866319204,0.8732302968595915,0.6101148009872334,up,down,down,down,0.1103011569785205,0.0039107231609474,0.0,5.4768031440557136e-05,6.312
3.531,-0.7206464562214929,0.2160110996869411,0.8846845377158936,0.6241781196638373,up,down,down,down,0.1103011569785205,0.0039107231609474,0.0,5.4768031440557136e-05,6.328
3.546,-0.7223167303413671,0.2216527649701357,0.8954481007677006,0.637529114452464,up,down,down,down,0.1103011569785205,0.0039107231609474,0.0,5.4768031440557136e-05,6.343
3.562,-0.7246339542235276,0.255127649613551,0.9069611346736448,0.6519483883359948,up,down,down,down,0.1103011569785205,0.0039107231609474,0.0,5.4768031440557136e-05,6.359
3.5929999999999995,-0.7261069291395934,0.1578164768516111,0.9293263859477836,0.6804108449056266,up,down,down,down,0.1103011569785205,0.0039107231609474,0.0,5.4768031440557136e-05,6.39
3.6089999999999995,-0.7275486093366901,0.2004061692970624,0.9408930586850186,0.6953726004626891,up,down,down,down,0.1103011569785205,0.0039107231609474,0.0,5.4768031440557136e-05,6.406
3.6249999999999996,-0.7285055749578024,0.1701115082980429,0.9524789205887992,0.7105195762968797,up,down,down,down,0.1103011569785205,0.0039107231609474,0.0,5.4768031440557136e-05,6.422
3.64,-0.7321189768630632,0.3511946173292257,0.963374943880042,0.7248884802803965,up,down,down,down,0.1103011569785205,0.0039107231609474,0.0,5.4768031440557136e-05,6.437
3.656,-0.7343475659072425,0.2495879722397285,0.9750441046516294,0.74039583266865,up,down,down,down,0.1103011569785205,0.0039107231609474,0.0,5.4768031440557136e-05,6.453
3.671,-0.7365200994564276,0.2551367269241981,0.9860169512944424,0.7551037905882452,up,down,down,down,0.1103011569785205,0.0039107231609474,0.0,5.4768031440557136e-05,6.468
3.687,-0.7386425737817781,0.2429558023129272,0.997755681109773,0.7709739716474789,up,down,down,down,0.1103011569785205,0.0039107231609474,0.0,5.4768031440557136e-05,6.484
3.703,-0.7410304083665142,0.2595408185245282,1.0095304933963842,0.7870322610435282,up,down,down,down,0.1103011569785205,0.0039107231609474,0.0,5.4768031440557136e-05,6.5
3.7179999999999995,-0.7433619598541679,0.2657379228220989,1.0206047753106249,0.8022582755588304,up,down,down,down,0.1103011569785205,0.0039107231609474,0.0,5.4768031440557136e-05,6.515
3.7339999999999995,-0.7451619326109995,0.22279945428049758,1.032450394879771,0.8186827169203537,up,down,down,down,0.1103011569785205,0.0039107231609474,0.0,5.4768031440557136e-05,6.531
3.7499999999999996,-0.745266870095536,0.1168597497620548,1.044311253730848,0.8352968101092386,up,down,down,down,0.1103011569785205,0.0039107231609474,0.0,5.4768031440557136e-05,6.547
3.765,-0.745229882317691,0.10783530512218739,1.0554313185265336,0.8510448794011696,up,down,down,down,0.1103011569785205,0.0039107231609474,0.0,5.4768031440557136e-05,6.562
3.781,-0.7451962378806325,0.1081983796623608,1.067292155917545,0.8680266671967222,up,down,down,down,0.1103011569785205,0.0039107231609474,0.0,5.4768031440557136e-05,6.578
3.812,-0.7468692881431771,0.16427052028641148,1.0902979391529244,0.9014693136703141,up,down,down,down,0.1103011569785205,0.0039107231609474,0.0,5.4768031440557136e-05,6.609
3.828,-0.7484797997805082,0.2109581343117115,1.1021981602857387,0.9190092824658234,up,down,down,down,0.1103011569785205,0.0039107231609474,0.0,5.4768031440557136e-05,6.625
3.8429999999999995,-0.7494225923003288,0.1731539916332322,1.1133737673789306,0.9356260719233082,up,down,down,down,0.1103011569785205,0.0039107231609474,0.0,5.4768031440557136e-05,6.64
3.8589999999999995,-0.7502659408503405,0.1630104413542497,1.1253087040735608,0.9535355316949281,up,down,down,down,0.1103011569785205,0.0039107231609474,0.0,5.4768031440557136e-05,6.656
3.8749999999999996,-0.7511217033298578,0.1637863119483549,1.1372572336564273,0.971636059196768,up,down,down,down,0.1103011569785205,0.0039107231609474,0.0,5.4768031440557136e-05,6.672
3.89,-0.7535070057463322,0.26932131807680704,1.148483288127085,0.988779113110145,up,down,down,down,0.1103011569785205,0.0039107231609474,0.0,5.4768031440557136e-05,6.687
3.906,-0.7557256162043302,0.2489643106033943,1.1604945775321152,1.0072509360354187,up,down,down,down,0.1103011569785205,0.0039107231609474,0.0,5.4768031440557136e-05,6.703
3.921,-0.7579094746177066,0.2558917178702854,1.171788179865866,1.0247430567159033,up,down,down,down,0.1103011569785205,0.0039107231609474,0.0,5.4768031440557136e-05,6.718
3.937,-0.7579641135030659,0.1137160873134755,1.1838525970002571,1.0435881829308322,up,down,down,down,0.1103011569785205,0.0039107231609474,0.0,5.4768031440557136e-05,6.734
3.9679999999999995,-0.7579586519104993,0.1101249765731448,1.2072281674461778,1.0806499347797516,up,down,down,down,0.1103011569785205,0.0039107231609474,0.0,5.4768031440557136e-05,6.765
3.9839999999999995,-0.7579784496848028,0.1115385178724891,1.219293092688365,1.100062104860828,up,down,down,down,0.1103011569785205,0.0039107231609474,0.0,5.4768031440557136e-05,6.781
3.9999999999999996,-0.7576313701160213,0.0886086839296806,1.2313553996761963,1.1196672927997444,up,down,down,down,0.1103011569785205,0.0039107231609474,0.0,5.4768031440557136e-05,6.797
4.015000000000001,-0.7575927420448707,0.1077259522351456,1.2426609196699892,1.1382224151948415,up,down,down,down,0.1103011569785205,0.0039107231609474,0.0,5.4768031440557136e-05,6.812
4.031000000000001,-0.7575967663726217,0.1105526774629604,1.254719864166754,1.1582014614655354,up,down,down,down,0.1103011569785205,0.0039107231609474,0.0,5.4768031440557136e-05,6.828
4.045999999999999,-0.7588810037832054,0.1959169843507689,1.2660347865955082,1.1771071213462518,up,down,down,down,0.1103011569785205,0.0039107231609474,0.0,5.4768031440557136e-05,6.843
4.061999999999999,-0.7607039222376493,0.2242335603812593,1.2781288944331,1.1974604307944807,up,down,down,down,0.1103011569785205,0.0039107231609474,0.0,5.4768031440557136e-05,6.859
4.077999999999999,-0.7624478804588133,0.2192985458012717,1.2902515372840966,1.2180074742482183,up,down,down,down,0.1103011569785205,0.0039107231609474,0.0,5.4768031440557136e-05,6.875
4.093,-0.7636875053689334,0.1929428176531946,1.3016388918303905,1.2374466524665766,up,down,down,down,0.1103011569785205,0.0039107231609474,0.0,5.4768031440557136e-05,6.89
4.109,-0.7641488429612018,0.13913475649529589,1.313799011046456,1.2583701556895914,up,down,down,down,0.1103011569785205,0.0039107231609474,0.0,5.4768031440557136e-05,6.906
4.125,-0.7639375584574797,0.0970958754958894,1.3259611306872303,1.279488236823461,up,down,down,down,0.1103011569785205,0.0039107231609474,0.0,5.4768031440557136e-05,6.922
4.140000000000001,-0.7637066861058663,0.094909666870965,1.3373598016740418,1.2994631438161712,up,down,down,down,0.1103011569785205,0.0039107231609474,0.0,5.4768031440557136e-05,6.937
4.156000000000001,-0.7643219548398488,0.1487554528524225,1.3495214592310325,1.3209581939034118,up,down,down,down,0.1103011569785205,0.0039107231609474,0.0,5.4768031440557136e-05,6.953
4.170999999999999,-0.766881005385855,0.2809045267122739,1.3609468205853106,1.341286706002034,up,down,down,down,0.1103011569785205,0.0039107231609474,0.0,5.4768031440557136e-05,6.968
4.186999999999999,-0.769392636711574,0.2672781148359557,1.373174438151515,1.3631596760719285,up,down,down,down,0.1103011569785205,0.0039107231609474,0.0,5.4768031440557136e-05,6.984
4.202999999999999,-0.7707672847806606,0.19621666129643311,1.3854331459528777,1.3852285367447636,up,down,down,down,0.1103011569785205,0.0039107231609474,0.0,5.4768031440557136e-05,7.0
4.218,-0.770699821077498,0.10580357676768219,1.3969354883993994,1.4060963015024053,up,down,down,down,0.1103011569785205,0.0039107231609474,0.0,5.4768031440557136e-05,7.015
4.25,-0.7705978915470606,0.10711585915235129,1.421471108660242,1.4511908070553596,up,down,down,down,0.1103011569785205,0.0039107231609474,0.0,5.4768031440557136e-05,7.047
4.265000000000001,-0.7723500407460921,0.2271111035806193,1.4329845573050268,1.4725992245501,up,down,down,down,0.1103011569785205,0.0039107231609474,0.0,5.4768031440557136e-05,7.062
4.281000000000001,-0.7717624886590251,0.0735791515368289,1.445274885969693,1.4956253000962978,up,down,down,down,0.1103011569785205,0.0039107231609474,0.0,5.4768031440557136e-05,7.078
4.295999999999999,-0.7711728469080246,0.0709917069118188,1.456788240139031,1.5173907735421128,up,down,down,down,0.1103011569785205,0.0039107231609474,0.0,5.4768031440557136e-05,7.093
4.311999999999999,-0.7719176097710587,0.156848835918155,1.4690703922218886,1.5407976426010002,up,down,down,down,0.1103011569785205,0.0039107231609474,0.0,5.4768031440557136e-05,7.109
4.327999999999999,-0.7730933663883395,0.1837859455585675,1.4813679084605886,1.5644011490064598,up,down,down,down,0.1103011569785205,0.0039107231609474,0.0,5.4768031440557136e-05,7.125
4.343,-0.7742523452269872,0.1875664128883677,1.4929143404502891,1.5867082658732912,up,down,down,down,0.1103011569785205,0.0039107231609474,0.0,5.4768031440557136e-05,7.14
4.375,-0.7746032961881948,0.1212683745162589,1.5175708875717815,1.6348760295216442,up,down,down,down,0.1103011569785205,0.0039107231609474,0.0,5.4768031440557136e-05,7.172
4.390000000000001,-0.7752948440412943,0.1564043471851554,1.529136462776089,1.6577263346492543,up,down,down,down,0.1103011569785205,0.0039107231609474,0.0,5.4768031440557136e-05,7.187
4.406000000000001,-0.7755962861337249,0.1291412877554297,1.541481020246914,1.6822912745134382,up,down,down,down,0.1103011569785205,0.0039107231609474,0.0,5.4768031440557136e-05,7.203
4.420999999999999,-0.7758925901541573,0.1300547583406848,1.5530585259716587,1.705500321110077,up,down,down,down,0.1103011569785205,0.0039107231609474,0.0,5.4768031440557136e-05,7.218
4.436999999999999,-0.7759501916330418,0.1139012494087986,1.5654106966553811,1.7304480748910933,up,down,down,down,0.1103011569785205,0.0039107231609474,0.0,5.4768031440557136e-05,7.234
4.452999999999999,-0.7765395646430964,0.1471369701069312,1.5777680431350152,1.7555935048094164,up,down,down,down,0.1103011569785205,0.0039107231609474,0.0,5.4768031440557136e-05,7.25
4.468,-0.7771347202682932,0.1499781986583115,1.589361939424436,1.7793469796786119,up,down,down,down,0.1103011569785205,0.0039107231609474,0.0,5.4768031440557136e-05,7.265
4.484,-0.7774870045474493,0.13231892442577808,1.6017363416523869,1.8048757659272263,up,down,down,down,0.1103011569785205,0.0039107231609474,0.0,5.4768031440557136e-05,7.281
4.5,-0.7786170446448892,0.1809286630685134,1.6141226024753503,1.8306026374802487,up,down,down,down,0.1103011569785205,0.0039107231609474,0.0,5.4768031440557136e-05,7.297
4.515000000000001,-0.779728956981657,0.1844286460963692,1.6257515366401356,1.8549016935236156,up,down,down,down,0.1103011569785205,0.0039107231609474,0.0,5.4768031440557136e-05,7.312
4.531000000000001,-0.7794170554243678,0.0908073096479444,1.6381621331688088,1.881013002882087,up,down,down,down,0.1103011569785205,0.0039107231609474,0.0,5.4768031440557136e-05,7.328
4.545999999999999,-0.7789618949765966,0.079957127127109,1.6497913144494016,1.905672653739223,up,down,down,down,0.1103011569785205,0.0039107231609474,0.0,5.4768031440557136e-05,7.343
4.561999999999999,-0.7783624174334598,0.07283381053246879,1.6621873373781069,1.932168482953843,up,down,down,down,0.1103011569785205,0.0039107231609474,0.0,5.4768031440557136e-05,7.359
4.577999999999999,-0.7782856502758086,0.1055032096253238,1.6745779503492058,1.9588626052556615,up,down,down,down,0.1103011569785205,0.0039107231609474,0.0,5.4768031440557136e-05,7.375
4.609,-0.7768951619607183,0.0654466952014115,1.6985620205208822,2.0111462748041475,up,down,down,down,0.1103011569785205,0.0039107231609474,0.0,5.4768031440557136e-05,7.406
4.625,-0.7755500369921986,0.026230846446040304,1.7109190105419303,2.03842212305265,up,down,down,down,0.1103011569785205,0.0039107231609474,0.0,5.4768031440557136e-05,7.422
4.640000000000001,-0.7764070076666929,0.1674325352781387,1.7225000275294584,2.0641727658381863,up,down,down,down,0.1103011569785205,0.0039107231609474,0.0,5.4768031440557136e-05,7.437
4.656000000000001,-0.776185700609032,0.0964694658747156,1.734858197625089,2.0918316316394225,up,down,down,down,0.1103011569785205,0.0039107231609474,0.0,5.4768031440557136e-05,7.453
4.670999999999999,-0.7759507377356218,0.09463696541784139,1.7464405600652595,2.1179413723220994,up,down,down,down,0.1103011569785205,0.0039107231609474,0.0,5.4768031440557136e-05,7.468
4.686999999999999,-0.7769269228043214,0.17131272377224321,1.758801009779004,2.1459833048808536,up,down,down,down,0.1103011569785205,0.0039107231609474,0.0,5.4768031440557136e-05,7.484
4.702999999999999,-0.7775613447467276,0.14995252837890471,1.771174344348837,2.1742231077138765,up,down,down,down,0.1103011569785205,0.0039107231609474,0.0,5.4768031440557136e-05,7.5
4.718,-0.7781338048702491,0.1484651652132895,1.7827833971235498,2.2008777907749186,up,down,down,down,0.1103011569785205,0.0039107231609474,0.0,5.4768031440557136e-05,7.515
4.75,-0.7783786510212227,0.1179525991964468,1.807562453276663,2.2583233243813217,up,down,down,down,0.1103011569785205,0.0039107231609474,0.0,5.4768031440557136e-05,7.547
4.765000000000001,-0.7783823675094226,0.1105489228585109,1.8191795000682287,2.28552388903141,up,down,down,down,0.1103011569785205,0.0039107231609474,0.0,5.4768031440557136e-05,7.562
4.781000000000001,-0.7784135869061632,0.1122523692748121,1.8315712961329784,2.3147298954010194,up,down,down,down,0.1103011569785205,0.0039107231609474,0.0,5.4768031440557136e-05,7.578
4.795999999999999,-0.7780798187337581,0.0880499454848429,1.8431863358278635,2.3422905776407257,up,down,down,down,0.1103011569785205,0.0039107231609474,0.0,5.4768031440557136e-05,7.593
4.811999999999999,-0.7770558684278885,0.0463042628616739,1.8555648497545816,2.3718805871253847,up,down,down,down,0.1103011569785205,0.0039107231609474,0.0,5.4768031440557136e-05,7.609
4.827999999999999,-0.7760614817164129,0.0481519875112912,1.8679272169851608,2.4016685236593025,up,down,down,down,0.1103011569785205,0.0039107231609474,0.0,5.4768031440557136e-05,7.625
4.843,-0.7759765396832634,0.1046383547685564,1.879508841298244,2.429774294096427,up,down,down,down,0.1103011569785205,0.0039107231609474,0.0,5.4768031440557136e-05,7.64
4.859,-0.7767788376174511,0.1604447778652538,1.8918683127460745,2.4599453113287817,up,down,down,down,0.1103011569785205,0.0039107231609474,0.0,5.4768031440557136e-05,7.656
4.875,-0.7777728216733788,0.1724251604739988,1.904242154449826,2.490314195066349,up,down,down,down,0.1103011569785205,0.0039107231609474,0.0,5.4768031440557136e-05,7.672
4.890000000000001,-0.7787505523184457,0.1754831999829779,1.915857418907351,2.5189649418665288,up,down,down,down,0.1103011569785205,0.0039107231609474,0.0,5.4768031440557136e-05,7.687
4.906000000000001,-0.7785754286520259,0.0993559278272826,1.92825345518454,2.549717828859264,up,down,down,down,0.1103011569785205,0.0039107231609474,0.0,5.4768031440557136e-05,7.703
4.920999999999999,-0.7801670489080266,0.2164091740452348,1.9398853629188253,2.5787288699950386,up,down,down,down,0.1103011569785205,0.0039107231609474,0.0,5.4768031440557136e-05,7.718
4.952999999999999,-0.7817052655243657,0.1583704262391181,1.964750176808593,2.6412030386306773,up,down,down,down,0.1103011569785205,0.0039107231609474,0.0,5.4768031440557136e-05,7.75
4.968,-0.7827954327617679,0.18297897280533432,1.976425271198325,2.6707618544907286,up,down,down,down,0.1103011569785205,0.0039107231609474,0.0,5.4768031440557136e-05,7.765
4.984,-0.7820031200329591,0.060781611427973496,1.988881088050108,2.702484305364716,up,down,down,down,0.1103011569785205,0.0039107231609474,0.0,5.4768031440557136e-05,7.781
5.0,-0.7811989945332733,0.060043313248159196,2.001324133396063,2.734405947136285,up,down,down,down,0.1103011569785205,0.0039107231609474,0.0,5.4768031440557136e-05,7.797
5.015000000000001,-0.781218630098941,0.1116101946896965,2.012983604733392,2.764513255172257,up,down,down,down,0.1103011569785205,0.0039107231609474,0.0,5.4768031440557136e-05,7.812
5.031000000000001,-0.779835636879719,0.0238640807771473,2.0254094672986462,2.7968203997485133,up,down,down,down,0.1103011569785205,0.0039107231609474,0.0,5.4768031440557136e-05,7.828
5.045999999999999,-0.7808768273695037,0.1797138562975008,2.037056149933101,2.8272888918777506,up,down,down,down,0.1103011569785205,0.0039107231609474,0.0,5.4768031440557136e-05,7.843
5.061999999999999,-0.7818632938642036,0.1719553128972649,2.0494954993323957,2.8599813050718748,up,down,down,down,0.1103011569785205,0.0039107231609474,0.0,5.4768031440557136e-05,7.859
5.077999999999999,-0.7829484202590287,0.1781215566550862,2.061951421474806,2.8928728804383326,up,down,down,down,0.1103011569785205,0.0039107231609474,0.0,5.4768031440557136e-05,7.875
5.093,-0.7840034997920267,0.1806397925117215,2.0736449000277744,2.923889852849601,up,down,down,down,0.1103011569785205,0.0039107231609474,0.0,5.4768031440557136e-05,7.89
5.109,-0.7851002749050053,0.1788496015396877,2.086135158654776,2.9571680933190616,up,down,down,down,0.1103011569785205,0.0039107231609474,0.0,5.4768031440557136e-05,7.906
5.125,-0.7855247282669193,0.1368294920981448,2.098637587109576,2.990646275285177,up,down,down,down,0.1103011569785205,0.0039107231609474,0.0,5.4768031440557136e-05,7.922
5.140000000000001,-0.7863283513014157,0.1638760259449401,2.1103678243589243,3.022213815871191,up,down,down,down,0.1103011569785205,0.0039107231609474,0.0,5.4768031440557136e-05,7.937
5.156000000000001,-0.7864655991869984,0.1188791498274442,2.1228876043922567,3.056079859301201,up,down,down,down,0.1103011569785205,0.0039107231609474,0.0,5.4768031440557136e-05,7.953
5.170999999999999,-0.78704799827762,0.1491277630199561,2.134630295525827,3.0880112435505858,up,down,down,down,0.1103011569785205,0.0039107231609474,0.0,5.4768031440557136e-05,7.968
5.186999999999999,-0.787807295252847,0.1577572179302098,2.147166566303496,3.122265618445221,up,down,down,down,0.1103011569785205,0.0039107231609474,0.0,5.4768031440557136e-05,7.984
5.202999999999999,-0.788504303019316,0.15386414238283108,2.1597144875190977,3.1567206668758017,up,down,down,down,0.1103011569785205,0.0039107231609474,0.0,5.4768031440557136e-05,8.0
5.218,-0.7890766883093931,0.14846017631699848,2.171487684106649,3.1892046831629957,up,down,down,down,0.1103011569785205,0.0039107231609474,0.0,5.4768031440557136e-05,8.015
5.234,-0.7886748930142318,0.0851889510309344,2.184047125186663,3.224048961637342,up,down,down,down,0.1103011569785205,0.0039107231609474,0.0,5.4768031440557136e-05,8.031
5.25,-0.7882976944084685,0.086726244118318,2.196600334315469,3.259094141313359,up,down,down,down,0.1103011569785205,0.0039107231609474,0.0,5.4768031440557136e-05,8.047
5.280999999999999,-0.7880225477522913,0.101425458392158,2.2209120656509707,3.327565583512836,up,down,down,down,0.1103011569785205,0.0039107231609474,0.0,5.4768031440557136e-05,8.078
5.295999999999999,-0.7876947753963393,0.0884496665817181,2.2326712847271715,3.3609674586406735,up,down,down,down,0.1103011569785205,0.0039107231609474,0.0,5.4768031440557136e-05,8.093
5.311999999999999,-0.7873638455517913,0.0896180416942726,2.245209182124181,3.3967905023754845,up,down,down,down,0.1103011569785205,0.0039107231609474,0.0,5.4768031440557136e-05,8.109
5.327999999999999,-0.7874827788169227,0.1177344860492367,2.257745383548556,3.4328141389008664,up,down,down,down,0.1103011569785205,0.0039107231609474,0.0,5.4768031440557136e-05,8.125
5.343,-0.787219071386005,0.0927206615840047,2.269496986577664,3.4667684566768138,up,down,down,down,0.1103011569785205,0.0039107231609474,0.0,5.4768031440557136e-05,8.14
5.359,-0.7871101106918292,0.1034911135925353,2.282029048463712,3.5031806649571453,up,down,down,down,0.1103011569785205,0.0039107231609474,0.0,5.4768031440557136e-05,8.156
5.375,-0.7869671180658528,0.1013641178549962,2.294559094723198,3.5397933701026405,up,down,down,down,0.1103011569785205,0.0039107231609474,0.0,5.4768031440557136e-05,8.172
5.389999999999999,-0.7881692177101236,0.1904411332632442,2.306313956394103,3.5742999179860173,up,down,down,down,0.1103011569785205,0.0039107231609474,0.0,5.4768031440557136e-05,8.187
5.405999999999999,-0.7881844462117016,0.1112529383271442,2.3188622141349025,3.6113013273502497,up,down,down,down,0.1103011569785205,0.0039107231609474,0.0,5.4768031440557136e-05,8.203
5.420999999999999,-0.7882321252269744,0.1134797579967074,2.330626677573279,3.6461724940380615,up,down,down,down,0.1103011569785205,0.0039107231609474,0.0,5.4768031440557136e-05,8.218
5.436999999999999,-0.7895985338621276,0.1957016966755984,2.3431867512754168,3.6835630014688516,up,down,down,down,0.1103011569785205,0.0039107231609474,0.0,5.4768031440557136e-05,8.234
5.452999999999999,-0.7901585788021634,0.1453039657307585,2.355762236606156,3.721154593371905,up,down,down,down,0.1103011569785205,0.0039107231609474,0.0,5.4768031440557136e-05,8.25
5.468,-0.7906817636348702,0.1451801458256356,2.36755987832702,3.7565795092339047,up,down,down,down,0.1103011569785205,0.0039107231609474,0.0,5.4768031440557136e-05,8.265
5.484,-0.7924890241756817,0.2232549407792381,2.3801626730589294,3.7945612896449927,up,down,down,down,0.1103011569785205,0.0039107231609474,0.0,5.4768031440557136e-05,8.281
5.5,-0.7933192416503552,0.16218974914561352,2.3927865676149627,3.8327448835703835,up,down,down,down,0.1103011569785205,0.0039107231609474,0.0,5.4768031440557136e-05,8.297
5.514999999999999,-0.7939511304705142,0.1524270783224623,2.404632434558454,3.8687255260866813,up,down,down,down,0.1103011569785205,0.0039107231609474,0.0,5.4768031440557136e-05,8.312
5.545999999999999,-0.7945662291670725,0.1301430504158843,2.4291332212148475,3.9436488937511687,up,down,down,down,0.1103011569785205,0.0039107231609474,0.0,5.4768031440557136e-05,8.343
5.561999999999999,-0.7940512866668286,0.07811725071327211,2.441779589770944,3.982616196239055,up,down,down,down,0.1103011569785205,0.0039107231609474,0.0,5.4768031440557136e-05,8.359
5.577999999999999,-0.7934934205007558,0.07543452159897149,2.454417375857709,4.021785771964085,up,down,down,down,0.1103011569785205,0.0039107231609474,0.0,5.4768031440557136e-05,8.375
5.593,-0.7938405511380733,0.1334431994663533,2.4662637197975865,4.0586908801815005,up,down,down,down,0.1103011569785205,0.0039107231609474,0.0,5.4768031440557136e-05,8.39
5.609,-0.7925729836605964,0.031078189636213296,2.4788924565054007,4.098252129591924,up,down,down,down,0.1103011569785205,0.0039107231609474,0.0,5.4768031440557136e-05,8.406
5.625,-0.791330764776351,0.032662476713185604,2.491501114922321,4.138015278163346,up,down,down,down,0.1103011569785205,0.0039107231609474,0.0,5.4768031440557136e-05,8.422
5.639999999999999,-0.7905054768062545,0.055281958972082,2.5033062258867758,4.175476333219411,up,down,down,down,0.1103011569785205,0.0039107231609474,0.0,5.4768031440557136e-05,8.437
5.655999999999999,-0.789472493042279,0.0457396717300495,2.515883478074989,4.215629850851105,up,down,down,down,0.1103011569785205,0.0039107231609474,0.0,5.4768031440557136e-05,8.453
5.686999999999999,-0.790114474618461,0.1310102400811654,2.5402458436557414,4.293999855337932,up,down,down,down,0.1103011569785205,0.0039107231609474,0.0,5.4768031440557136e-05,8.484
5.702999999999999,-0.7907214627762471,0.1482379168401547,2.552829959584324,4.334744461763853,up,down,down,down,0.1103011569785205,0.0039107231609474,0.0,5.4768031440557136e-05,8.5
5.718,-0.7907225670582356,0.11037477577775501,2.564632128960669,4.373125427427942,up,down,down,down,0.1103011569785205,0.0039107231609474,0.0,5.4768031440557136e-05,8.515
5.734,-0.791967582845869,0.1881146437056056,2.5772310785893264,4.414260333088341,up,down,down,down,0.1103011569785205,0.0039107231609474,0.0,5.4768031440557136e-05,8.531
5.75,-0.7931021726454599,0.1812130194529524,2.589849065062682,4.455596974237557,up,down,down,down,0.1103011569785205,0.0039107231609474,0.0,5.4768031440557136e-05,8.547
5.764999999999999,-0.7940234525858649,0.171719819672194,2.6016938464045016,4.494533546073558,up,down,down,down,0.1103011569785205,0.0039107231609474,0.0,5.4768031440557136e-05,8.562
5.780999999999999,-0.7933914036318566,0.07079809735299761,2.6143305936836683,4.536261741594263,up,down,down,down,0.1103011569785205,0.0039107231609474,0.0,5.4768031440557136e-05,8.578
5.795999999999999,-0.7927529762639658,0.0677393324524708,2.626168015685473,4.575565481164533,up,down,down,down,0.1103011569785205,0.0039107231609474,0.0,5.4768031440557136e-05,8.593
5.811999999999999,-0.7949762879044968,0.2492581345117093,2.6388072782282457,4.617685283515843,up,down,down,down,0.1103011569785205,0.0039107231609474,0.0,5.4768031440557136e-05,8.609
5.827999999999999,-0.7947917059255083,0.0987647832917382,2.6514628506083104,4.660007444546535,up,down,down,down,0.1103011569785205,0.0039107231609474,0.0,5.4768031440557136e-05,8.625
5.843,-0.7945901182462585,0.096861978361866,2.6633245534421848,4.699868350076915,up,down,down,down,0.1103011569785205,0.0039107231609474,0.0,5.4768031440557136e-05,8.64
5.859,-0.7947221467840002,0.1185529405873796,2.6759764799918515,4.742582758344388,up,down,down,down,0.1103011569785205,0.0039107231609474,0.0,5.4768031440557136e-05,8.656
5.889999999999999,-0.7943178674968596,0.097259889651404,2.7004853677952143,4.825917916985084,up,down,down,down,0.1103011569785205,0.0039107231609474,0.0,5.4768031440557136e-05,8.687
5.905999999999999,-0.7939409150685695,0.0867416302103851,2.7131288664851625,4.8692268308593265,up,down,down,down,0.1103011569785205,0.0039107231609474,0.0,5.4768031440557136e-05,8.703
5.920999999999999,-0.7932408031296241,0.06362702771549769,2.724974068524235,4.910012602871898,up,down,down,down,0.1103011569785205,0.0039107231609474,0.0,5.4768031440557136e-05,8.718
5.936999999999999,-0.7930693793173145,0.0995871687091698,2.7376019784132355,4.953713211247398,up,down,down,down,0.1103011569785205,0.0039107231609474,0.0,5.4768031440557136e-05,8.734
5.952999999999999,-0.7929006170970023,0.0997535182090114,2.750227166813975,4.997615844409216,up,down,down,down,0.1103011569785205,0.0039107231609474,0.0,5.4768031440557136e-05,8.75
5.968,-0.7926891775671177,0.096205188319543,2.762060429426542,5.038958001381021,up,down,down,down,0.1103011569785205,0.0039107231609474,0.0,5.4768031440557136e-05,8.765
5.984,-0.7926196584625522,0.1059562129431812,2.774680328544204,5.0832519274447865,up,down,down,down,0.1103011569785205,0.0039107231609474,0.0,5.4768031440557136e-05,8.781
6.0,-0.7918868231880296,0.0644989523208572,2.787293808826833,5.127747720543755,up,down,down,down,0.1103011569785205,0.0039107231609474,0.0,5.4768031440557136e-05,8.797
6.014999999999999,-0.7911900078212213,0.0638467991912953,2.799108224211988,5.169645735791542,up,down,down,down,0.1103011569785205,0.0039107231609474,0.0,5.4768031440557136e-05,8.812
6.030999999999999,-0.7911298065285877,0.1065385761889192,2.811704211156211,5.214532235274488,up,down,down,down,0.1103011569785205,0.0039107231609474,0.0,5.4768031440557136e-05,8.828
6.045999999999999,-0.7921590234748379,0.1789156200618675,2.8235202165338227,5.256796418482165,up,down,down,down,0.1103011569785205,0.0039107231609474,0.0,5.4768031440557136e-05,8.843
6.061999999999999,-0.793107507910582,0.1695814342125288,2.836139777214331,5.30207369843215,up,down,down,down,0.1103011569785205,0.0039107231609474,0.0,5.4768031440557136e-05,8.859
6.077999999999999,-0.7921200331675173,0.0485839855369763,2.8487590259723805,5.347552888857644,up,down,down,down,0.1103011569785205,0.0039107231609474,0.0,5.4768031440557136e-05,8.875
6.109,-0.7928249439196495,0.1330402134989133,2.8732044406992427,5.436243322591055,up,down,down,down,0.1103011569785205,0.0039107231609474,0.0,5.4768031440557136e-05,8.906
6.125,-0.7926757707327674,0.1009778327983878,2.885825874845887,5.4823155651154165,up,down,down,down,0.1103011569785205,0.0039107231609474,0.0,5.4768031440557136e-05,8.922
6.139999999999999,-0.79216254813117,0.0760863168720269,2.897653501389952,5.5256916604371815,up,down,down,down,0.1103011569785205,0.0039107231609474,0.0,5.4768031440557136e-05,8.937
6.155999999999999,-0.7913760968346715,0.061147950947359996,2.910259238979103,5.572154962360134,up,down,down,down,0.1103011569785205,0.0039107231609474,0.0,5.4768031440557136e-05,8.953
6.170999999999999,-0.790606297506951,0.058981201797157295,2.922065446089252,5.6158973974981485,up,down,down,down,0.1103011569785205,0.0039107231609474,0.0,5.4768031440557136e-05,8.968
6.186999999999999,-0.790915950087907,0.1296544432882738,2.9346550524994357,5.662751161486858,up,down,down,down,0.1103011569785205,0.0039107231609474,0.0,5.4768031440557136e-05,8.984
6.202999999999999,-0.7907947942374403,0.1027289163243461,2.947246166883463,5.709806371241921,up,down,down,down,0.1103011569785205,0.0039107231609474,0.0,5.4768031440557136e-05,9.0
6.218,-0.7907259265767888,0.1057099796017537,2.959048911442156,5.754103584329365,up,down,down,down,0.1103011569785205,0.0039107231609474,0.0,5.4768031440557136e-05,9.015
6.234,-0.7911112397395872,0.1343832296534229,2.971641037202112,5.80154910391852,up,down,down,down,0.1103011569785205,0.0039107231609474,0.0,5.4768031440557136e-05,9.031
6.25,-0.7906958350897781,0.0843383663654551,2.984232922230172,5.849196095593978,up,down,down,down,0.1103011569785205,0.0039107231609474,0.0,5.4768031440557136e-05,9.047
6.264999999999999,-0.7902834103533447,0.0828061745496226,2.99603160572358,5.894048079553627,up,down,down,down,0.1103011569785205,0.0039107231609474,0.0,5.4768031440557136e-05,9.062
6.295999999999999,-0.7892605063289739,0.0773042529665607,3.0203933040141666,5.987302665654564,up,down,down,down,0.1103011569785205,0.0039107231609474,0.0,5.4768031440557136e-05,9.093
6.311999999999999,-0.7888183160392614,0.0826642638714902,3.032955363022537,6.035729454990857,up,down,down,down,0.1103011569785205,0.0039107231609474,0.0,5.4768031440557136e-05,9.109
6.327999999999999,-0.7879825921534263,0.058068414113821,3.0455071987175035,6.084357155484778,up,down,down,down,0.1103011569785205,0.0039107231609474,0.0,5.4768031440557136e-05,9.125
6.343,-0.7871374484886662,0.053958245994517796,3.0572619381749053,6.1301279240114726,up,down,down,down,0.1103011569785205,0.0039107231609474,0.0,5.4768031440557136e-05,9.14
6.359,-0.784922963525668,0.028104153208863197,3.069775849900445,6.179144226316075,up,down,down,down,0.1103011569785205,0.0039107231609474,0.0,5.4768031440557136e-05,9.156
6.375,-0.7830503325779183,0.0,3.082257064698698,6.228360489632869,up,down,down,down,0.1103011569785205,0.0039107231609474,0.0,5.4768031440557136e-05,9.172
6.389999999999999,-0.7811932609139571,0.0135036206189032,3.0939302308024725,6.274681894349124,up,down,down,down,0.1103011569785205,0.0039107231609474,0.0,5.4768031440557136e-05,9.187
6.405999999999999,-0.7798454396550927,0.026062328299492094,3.10635596883645,6.324284183946236,up,down,down,down,0.1103011569785205,0.0039107231609474,0.0,5.4768031440557136e-05,9.203
6.420999999999999,-0.7784639384613818,0.0182010773978019,3.1179846283249097,6.370966738424948,up,down,down,down,0.1103011569785205,0.0039107231609474,0.0,5.4768031440557136e-05,9.218
6.436999999999999,-0.7768359261970232,0.0,3.130364455671602,6.420953531096921,up,down,down,down,0.1103011569785205,0.0039107231609474,0.0,5.4768031440557136e-05,9.234
6.468,-0.774577318927097,0.03744285794864399,3.1542901285530367,6.518365677152404,up,down,down,down,0.1103011569785205,0.0039107231609474,0.0,5.4768031440557136e-05,9.265
6.484,-0.7719699444921382,0.05265974520640701,3.1665999350898155,6.568932797661547,up,down,down,down,0.1103011569785205,0.0039107231609474,0.0,5.4768031440557136e-05,9.281
6.5,-0.7693994992398583,0.050351671288972805,3.1788683190690965,6.619696543694818,up,down,down,down,0.1103011569785205,0.0039107231609474,0.0,5.4768031440557136e-05,9.297
6.514999999999999,-0.7679413666337531,0.013092316571501603,3.190339714715733,6.667465603948201,up,down,down,down,0.1103011569785205,0.0039107231609474,0.0,5.4768031440557136e-05,9.312
6.530999999999999,-0.7648799114936224,0.0810397892796465,3.2025397133701774,6.718608639372888,up,down,down,down,0.1103011569785205,0.0039107231609474,0.0,5.4768031440557136e-05,9.328
6.545999999999999,-0.7618956650681525,0.08864860471946559,3.2139318693469767,6.766732176243269,up,down,down,down,0.1103011569785205,0.0039107231609474,0.0,5.4768031440557136e-05,9.343
6.561999999999999,-0.7577840525734132,0.1466746239426885,3.226026735517534,6.818251845082185,up,down,down,down,0.1103011569785205,0.0039107231609474,0.0,5.4768031440557136e-05,9.359
6.577999999999999,-0.7521230523581437,0.24351135647582262,3.2380434207864117,6.869964406332616,up,down,down,down,0.1103011569785205,0.0039107231609474,0.0,5.4768031440557136e-05,9.375
6.593,-0.7465977823802241,0.2580501748827707,3.249225166199535,6.918618920735013,up,down,down,down,0.1103011569785205,0.0039107231609474,0.0,5.4768031440557136e-05,9.39
6.609,-0.7409885206105287,0.24027770362744483,3.261063285052886,6.970701228345032,up,down,down,down,0.1103011569785205,0.0039107231609474,0.0,5.4768031440557136e-05,9.406
6.625,-0.7350211125138149,0.2626618490660923,3.2728087905473053,7.022972204949833,up,down,down,down,0.1103011569785205,0.0039107231609474,0.0,5.4768031440557136e-05,9.422
6.655999999999999,-0.7291935126652938,0.0776859349092642,3.2953828848195914,7.124779175918016,up,down,down,down,0.1103011569785205,0.0039107231609474,0.0,5.4768031440557136e-05,9.453
6.670999999999999,-0.7227009717052173,0.32253490702656,3.3062134326049564,7.174291148298702,up,down,down,down,0.1103011569785205,0.0039107231609474,0.0,5.4768031440557136e-05,9.468
6.686999999999999,-0.7166846915044545,0.2657163555691564,3.317665946340058,7.227282183330263,up,down,down,down,0.1103011569785205,0.0039107231609474,0.0,5.4768031440557136e-05,9.484
6.702999999999999,-0.7108374337866898,0.2551524503817679,3.3290235517718125,7.280455699315158,up,down,down,down,0.1103011569785205,0.0039107231609474,0.0,5.4768031440557136e-05,9.5
6.718,-0.7057260905147889,0.2304550611481994,3.33958911735666,7.330470294333623,up,down,down,down,0.1103011569785205,0.0039107231609474,0.0,5.4768031440557136e-05,9.515
6.734,-0.6995613587477543,0.2749945784611405,3.350768845380185,7.383993158035518,up,down,down,down,0.1103011569785205,0.0039107231609474,0.0,5.4768031440557136e-05,9.531
6.75,-0.693556132111647,0.2650255077781824,3.361851213736485,7.4376941185084515,up,down,down,down,0.1103011569785205,0.0039107231609474,0.0,5.4768031440557136e-05,9.547
6.764999999999999,-0.6883930810136523,0.23390224955449068,3.3721571719875096,7.488199181401377,up,down,down,down,0.1103011569785205,0.0039107231609474,0.0,5.4768031440557136e-05,9.562
6.780999999999999,-0.6812978884166547,0.333148380333825,3.383052128172377,7.542240855802657,up,down,down,down,0.1103011569785205,0.0039107231609474,0.0,5.4768031440557136e-05,9.578
6.795999999999999,-0.674233343609334,0.3606684968428464,3.393159951565158,7.59306244640069,up,down,down,down,0.1103011569785205,0.0039107231609474,0.0,5.4768031440557136e-05,9.593
6.811999999999999,-0.667366683881415,0.3188650760164166,3.403830180214509,7.647438367454928,up,down,down,down,0.1103011569785205,0.0039107231609474,0.0,5.4768031440557136e-05,9.609
6.827999999999999,-0.6607247037304074,0.3048226024594533,3.414392339744828,7.701984147614603,up,down,down,down,0.1103011569785205,0.0039107231609474,0.0,5.4768031440557136e-05,9.625
6.843,-0.6535162276150643,0.3702639173776634,3.424190485882505,7.75327351880681,up,down,down,down,0.1103011569785205,0.0039107231609474,0.0,5.4768031440557136e-05,9.64
6.875,-0.6464939236558163,0.1091458417479817,3.444865505161689,7.863178414663517,up,down,down,down,0.1103011569785205,0.0039107231609474,0.0,5.4768031440557136e-05,9.672
6.889999999999999,-0.6381870956454225,0.44348737704777275,3.454441951959033,7.914923220591919,up,down,down,down,0.1103011569785205,0.0039107231609474,0.0,5.4768031440557136e-05,9.687
6.905999999999999,-0.6301163091195576,0.39412300088803554,3.464525807626578,7.970274962668604,up,down,down,down,0.1103011569785205,0.0039107231609474,0.0,5.4768031440557136e-05,9.703
6.920999999999999,-0.623676374064134,0.3190278467163711,3.473870591903042,8.022312935665077,up,down,down,down,0.1103011569785205,0.0039107231609474,0.0,5.4768031440557136e-05,9.718
6.936999999999999,-0.6152845097907313,0.41419036010914534,3.483719707403305,8.077973658059529,up,down,down,down,0.1103011569785205,0.0039107231609474,0.0,5.4768031440557136e-05,9.734
6.952999999999999,-0.6061813501988524,0.4586463175139106,3.493428862712647,8.133790846620457,up,down,down,down,0.1103011569785205,0.0039107231609474,0.0,5.4768031440557136e-05,9.75
6.984,-0.5973207915785714,0.17552331464344217,3.511961913492208,8.242374403651635,up,down,down,down,0.1103011569785205,0.0039107231609474,0.0,5.4768031440557136e-05,9.781
7.0,-0.587342137977048,0.5133646931166909,3.5213766453580777,8.298641112122437,up,down,down,down,0.1103011569785205,0.0039107231609474,0.0,5.4768031440557136e-05,9.797
7.014999999999999,-0.5786253883291472,0.47081548621491376,3.5300627409579595,8.351526907519803,up,down,down,down,0.1103011569785205,0.0039107231609474,0.0,5.4768031440557136e-05,9.812
7.030999999999999,-0.5700554421466624,0.4253204794267825,3.539189616031191,8.408080926375716,up,down,down,down,0.1103011569785205,0.0039107231609474,0.0,5.4768031440557136e-05,9.828
7.045999999999999,-0.5625587427887488,0.3894788002156957,3.547625561570793,8.461232040207733,up,down,down,down,0.1103011569785205,0.0039107231609474,0.0,5.4768031440557136e-05,9.843
7.061999999999999,-0.5527016992242029,0.5057640658056024,3.556485073536321,8.51806492528859,up,down,down,down,0.1103011569785205,0.0039107231609474,0.0,5.4768031440557136e-05,9.859
7.077999999999999,-0.5431198003069468,0.4885675253499806,3.565189073961995,8.575038318468577,up,down,down,down,0.1103011569785205,0.0039107231609474,0.0,5.4768031440557136e-05,9.875
7.093,-0.5350629799819426,0.42682019802173987,3.5732167839667475,8.628576362403045,up,down,down,down,0.1103011569785205,0.0039107231609474,0.0,5.4768031440557136e-05,9.89
7.109,-0.5261499397468139,0.44676385771702487,3.5816439157540025,8.68581524800081,up,down,down,down,0.1103011569785205,0.0039107231609474,0.0,5.4768031440557136e-05,9.906
7.125,-0.5175642073885545,0.4263071154126937,3.5899310573605105,8.743187847785727,up,down,down,down,0.1103011569785205,0.0039107231609474,0.0,5.4768031440557136e-05,9.922
7.139999999999999,-0.5085763247692316,0.488891017643049,3.597568450504279,8.797094094094708,up,down,down,down,0.1103011569785205,0.0039107231609474,0.0,5.4768031440557136e-05,9.937
7.155999999999999,-0.49764461632999435,0.57293062047381,3.6055556464624976,8.854719086870443,up,down,down,down,0.1103011569785205,0.0039107231609474,0.0,5.4768031440557136e-05,9.953
7.170999999999999,-0.48697338765904874,0.6011140877511598,3.6128816206450014,8.90885736637375,up,down,down,down,0.1103011569785205,0.0039107231609474,0.0,5.4768031440557136e-05,9.968
7.202999999999999,-0.478104382860744,0.1668552429684998,3.628197721832168,9.024714635853385,up,down,down,down,0.1103011569785205,0.0039107231609474,0.0,5.4768031440557136e-05,10.0
7.218,-0.4680116875098399,0.5625451997483993,3.635234931512533,9.079190380753472,up,down,down,down,0.1103011569785205,0.0039107231609474,0.0,5.4768031440557136e-05,10.015
7.234,-0.45816958425337434,0.5048302965505731,3.642581810116064,9.1374129146865,up,down,down,down,0.1103011569785205,0.0039107231609474,0.0,5.4768031440557136e-05,10.031
7.25,-0.44703577542267503,0.5855618949401892,3.649760881422897,9.195751656218812,up,down,down,down,0.1103011569785205,0.0039107231609474,0.0,5.4768031440557136e-05,10.047
7.264999999999999,-0.43620735534994104,0.6115935145371371,3.656326544056277,9.250547311909902,up,down,down,down,0.1103011569785205,0.0039107231609474,0.0,5.4768031440557136e-05,10.062
7.295999999999999,-0.42561376839435283,0.23142745449206042,3.669563539056324,9.364098608198148,up,down,down,down,0.1103011569785205,0.0039107231609474,0.0,5.4768031440557136e-05,10.093
7.311999999999999,-0.41512584634500094,0.5451939711059723,3.676226884403664,9.422864931585828,up,down,down,down,0.1103011569785205,0.0039107231609474,0.0,5.4768031440557136e-05,10.109
7.327999999999999,-0.4040550158956524,0.5816257461057622,3.682717759731014,9.481736488738903,up,down,down,down,0.1103011569785205,0.0039107231609474,0.0,5.4768031440557136e-05,10.125
7.343,-0.3932680157436898,0.6088321864856219,3.688639021620895,9.537021664599047,up,down,down,down,0.1103011569785205,0.0039107231609474,0.0,5.4768031440557136e-05,10.14
7.359,-0.3839898006976252,0.46958728340051836,3.69479451258185,9.596089132872669,up,down,down,down,0.1103011569785205,0.0039107231609474,0.0,5.4768031440557136e-05,10.156
7.375,-0.3739122393836815,0.5195464251429578,3.700795157331926,9.65525385023198,up,down,down,down,0.1103011569785205,0.0039107231609474,0.0,5.4768031440557136e-05,10.172
7.389999999999999,-0.36408926822177173,0.5445635871488507,3.706271507791553,9.7108068502204,up,down,down,down,0.1103011569785205,0.0039107231609474,0.0,5.4768031440557136e-05,10.187
7.405999999999999,-0.35538105647630225,0.43396207711332535,3.7119646988185617,9.770152739873282,up,down,down,down,0.1103011569785205,0.0039107231609474,0.0,5.4768031440557136e-05,10.203
7.420999999999999,-0.3471374266116971,0.439274167328468,3.717174926594308,9.825871287063881,up,down,down,down,0.1103011569785205,0.0039107231609474,0.0,5.4768031440557136e-05,10.218
7.436999999999999,-0.3385180947163171,0.42840708648272907,3.7225975991943567,9.88538946727019,up,down,down,down,0.1103011569785205,0.0039107231609474,0.0,5.4768031440557136e-05,10.234
7.452999999999999,-0.3301192486810684,0.41462672022451985,3.727884126370961,9.944993321074714,up,down,down,down,0.1103011569785205,0.0039107231609474,0.0,5.4768031440557136e-05,10.25
7.468,-0.32207219836416984,0.42616886414803,3.732716901376386,10.00094782878282,up,down,down,down,0.1103011569785205,0.0039107231609474,0.0,5.4768031440557136e-05,10.265
7.5,-0.31291966930545273,0.17571537610638882,3.742751628117949,10.12055532525473,up,down,down,down,0.1103011569785205,0.0039107231609474,0.0,5.4768031440557136e-05,10.297
7.514999999999999,-0.3042800851190534,0.46567112211481376,3.747321965428719,10.176730877206325,up,down,down,down,0.1103011569785205,0.0039107231609474,0.0,5.4768031440557136e-05,10.312
7.530999999999999,-0.2960604565593438,0.4034256280033285,3.7520621181915703,10.236725949875288,up,down,down,down,0.1103011569785205,0.0039107231609474,0.0,5.4768031440557136e-05,10.328
7.545999999999999,-0.288017699752995,0.4258826301113795,3.7563840435165,10.2930392960881,up,down,down,down,0.1103011569785205,0.0039107231609474,0.0,5.4768031440557136e-05,10.343
7.561999999999999,-0.27975573672168785,0.4060715324781802,3.760863659437722,10.353177277711731,up,down,down,down,0.1103011569785205,0.0039107231609474,0.0,5.4768031440557136e-05,10.359
7.577999999999999,-0.2721133262944501,0.3673494947238339,3.765216040371276,10.413385915310204,up,down,down,down,0.1103011569785205,0.0039107231609474,0.0,5.4768031440557136e-05,10.375
7.593,-0.2635721068074872,0.4591134754856552,3.7691750202721264,10.469893848265032,up,down,down,down,0.1103011569785205,0.0039107231609474,0.0,5.4768031440557136e-05,10.39
7.609,-0.2552638550870973,0.40896457554584453,3.773263136396708,10.530233353518383,up,down,down,down,0.1103011569785205,0.0039107231609474,0.0,5.4768031440557136e-05,10.406
7.625,-0.2505242379595191,0.1859249134951167,3.7772468695705057,10.590637433566119,up,down,down,down,0.1103011569785205,0.0039107231609474,0.0,5.4768031440557136e-05,10.422
7.639999999999999,-0.2437127309961812,0.3437993072440412,3.7808949859902583,10.64732349748282,up,down,down,down,0.1103011569785205,0.0039107231609474,0.0,5.4768031440557136e-05,10.437
7.655999999999999,-0.2370956581482701,0.3032658960159248,3.784678881532839,10.707848088423006,up,down,down,down,0.1103011569785205,0.0039107231609474,0.0,5.4768031440557136e-05,10.453
7.670999999999999,-0.2312808554209517,0.2773523581760235,3.788133044537194,10.764644177868531,up,down,down,down,0.1103011569785205,0.0039107231609474,0.0,5.4768031440557136e-05,10.468
7.686999999999999,-0.2266336596253708,0.18014858024528718,3.7917337890869898,10.825283112537528,up,down,down,down,0.1103011569785205,0.0039107231609474,0.0,5.4768031440557136e-05,10.484
7.702999999999999,-0.2221161569539695,0.17204275998405888,3.795261216049049,10.885979072578616,up,down,down,down,0.1103011569785205,0.0039107231609474,0.0,5.4768031440557136e-05,10.5
7.734,-0.2148607651239924,0.1237437407626732,3.801913125923269,11.003735274879189,up,down,down,down,0.1103011569785205,0.0039107231609474,0.0,5.4768031440557136e-05,10.531
7.75,-0.2087254229716623,0.2731577275421057,3.8052392438574585,11.064592493837434,up,down,down,down,0.1103011569785205,0.0039107231609474,0.0,5.4768031440557136e-05,10.547
7.764999999999999,-0.2047150308097211,0.1570583204842485,3.808281386413405,11.121693898564459,up,down,down,down,0.1103011569785205,0.0039107231609474,0.0,5.4768031440557136e-05,10.562
7.780999999999999,-0.19919881601633269,0.2344622676082595,3.8114501256174376,11.182651750660709,up,down,down,down,0.1103011569785205,0.0039107231609474,0.0,5.4768031440557136e-05,10.578
7.795999999999999,-0.1931883429690284,0.2903970461750835,3.8143343684624136,11.239845134366307,up,down,down,down,0.1103011569785205,0.0039107231609474,0.0,5.4768031440557136e-05,10.593
7.811999999999999,-0.1873176468620645,0.2566173497067223,3.817315844810487,11.300898336072493,up,down,down,down,0.1103011569785205,0.0039107231609474,0.0,5.4768031440557136e-05,10.609
7.827999999999999,-0.1824081438091393,0.1965427838293008,3.8202110795652815,11.361998551467495,up,down,down,down,0.1103011569785205,0.0039107231609474,0.0,5.4768031440557136e-05,10.625
7.859,-0.1776867476600969,0.042001944603490604,3.825671317965065,11.48050972862922,up,down,down,down,0.1103011569785205,0.0039107231609474,0.0,5.4768031440557136e-05,10.656
7.875,-0.1731266537122255,0.1747047147634404,3.8284152536054687,11.541742421201786,up,down,down,down,0.1103011569785205,0.0039107231609474,0.0,5.4768031440557136e-05,10.672
7.889999999999999,-0.1689394999494986,0.16884242720329773,3.830922088910517,11.599187451270652,up,down,down,down,0.1103011569785205,0.0039107231609474,0.0,5.4768031440557136e-05,10.687
7.905999999999999,-0.1636295283515636,0.2215720678924169,3.8335200695663514,11.660502988538468,up,down,down,down,0.1103011569785205,0.0039107231609474,0.0,5.4768031440557136e-05,10.703
7.920999999999999,-0.1601084705365742,0.12443603068742709,3.8358894437105975,11.718023559888046,up,down,down,down,0.1103011569785205,0.0039107231609474,0.0,5.4768031440557136e-05,10.718
7.936999999999999,-0.1566765371966454,0.10419467676703309,3.838361152201888,11.779417564655343,up,down,down,down,0.1103011569785205,0.0039107231609474,0.0,5.4768031440557136e-05,10.734
7.952999999999999,-0.1524911516829696,0.15128543762621388,3.8407719221423497,11.8408506292501,up,down,down,down,0.1103011569785205,0.0039107231609474,0.0,5.4768031440557136e-05,10.75
7.968,-0.1496682115101197,0.0778948545447988,3.842979456518884,11.89847876459006,up,down,down,down,0.1103011569785205,0.0039107231609474,0.0,5.4768031440557136e-05,10.765
7.984,-0.1468897319306101,0.0633538167408298,3.8452893484958346,11.959984915030178,up,down,down,down,0.1103011569785205,0.0039107231609474,0.0,5.4768031440557136e-05,10.781
8.0,-0.1441590773715102,0.06036475296522509,3.847555167399676,12.021527671157342,up,down,down,down,0.1103011569785205,0.0039107231609474,0.0,5.4768031440557136e-05,10.797
8.014999999999999,-0.1421566707965755,0.023192614683801405,3.8496438746635215,12.079256663972812,up,down,down,down,0.1103011569785205,0.0039107231609474,0.0,5.4768031440557136e-05,10.812
8.030999999999999,-0.1402506375182514,0.0,3.8518405615594657,12.140868539462597,up,down,down,down,0.1103011569785205,0.0039107231609474,0.0,5.4768031440557136e-05,10.828
8.062,-0.1377769268172776,0.030504037592270494,3.856028756388677,12.260340513890796,up,down,down,down,0.1103011569785205,0.0039107231609474,0.0,5.4768031440557136e-05,10.859
8.078,-0.1347466981927531,0.0790881320542613,3.8581463738181823,12.32205391493245,up,down,down,down,0.1103011569785205,0.0039107231609474,0.0,5.4768031440557136e-05,10.875
8.093,-0.13176853817057219,0.08824284450020439,3.860086577243493,12.379940662065415,up,down,down,down,0.1103011569785205,0.0039107231609474,0.0,5.4768031440557136e-05,10.89
8.109,-0.1279873561905659,0.1260227167718673,3.862102052827807,12.441718171105986,up,down,down,down,0.1103011569785205,0.0039107231609474,0.0,5.4768031440557136e-05,10.906
8.125,-0.1255860083548494,0.039783082753763716,3.864068068173595,12.503527532073997,up,down,down,down,0.1103011569785205,0.0039107231609474,0.0,5.4768031440557136e-05,10.922
8.139999999999999,-0.1232516178695295,0.04532487537615301,3.865875689522863,12.561502110256717,up,down,down,down,0.1103011569785205,0.0039107231609474,0.0,5.4768031440557136e-05,10.937
8.155999999999999,-0.1211261953779682,0.022537748744055897,3.867768140458268,12.623371260896565,up,down,down,down,0.1103011569785205,0.0039107231609474,0.0,5.4768031440557136e-05,10.953
8.171,-0.1172991056276302,0.14483815971067482,3.869497669368396,12.681400754470268,up,down,down,down,0.1103011569785205,0.0039107231609474,0.0,5.4768031440557136e-05,10.968
8.187,-0.1135704075432748,0.1227424732936909,3.871282053903188,12.74332699225644,up,down,down,down,0.1103011569785205,0.0039107231609474,0.0,5.4768031440557136e-05,10.984
8.203,-0.1112305825519559,0.035937904978911,3.8730178902533754,12.805281391809691,up,down,down,down,0.1103011569785205,0.0039107231609474,0.0,5.4768031440557136e-05,11.0
8.218,-0.1085985017429535,0.0651708969549625,3.874607947538172,12.863388585593132,up,down,down,down,0.1103011569785205,0.0039107231609474,0.0,5.4768031440557136e-05,11.015
8.234,-0.1041293574108425,0.1690203637784159,3.876247198840827,12.925395426764164,up,down,down,down,0.1103011569785205,0.0039107231609474,0.0,5.4768031440557136e-05,11.031
8.264999999999999,-0.0997481341382915,0.031028626007003707,3.879286067541849,13.045606192393091,up,down,down,down,0.1103011569785205,0.0039107231609474,0.0,5.4768031440557136e-05,11.062
8.280999999999999,-0.0979738231226185,0.0,3.880805271629361,13.107686923106462,up,down,down,down,0.1103011569785205,0.0039107231609474,0.0,5.4768031440557136e-05,11.078
8.296,-0.0958128226517817,0.033765541077259514,3.882200010625255,13.165909462723373,up,down,down,down,0.1103011569785205,0.0039107231609474,0.0,5.4768031440557136e-05,11.093
8.312,-0.0930012514670579,0.0654220420667205,3.883647951647631,13.228036246421556,up,down,down,down,0.1103011569785205,0.0039107231609474,0.0,5.4768031440557136e-05,11.109
8.328,-0.0923731606479947,0.0710454807870686,3.885068375373976,13.29018597703773,up,down,down,down,0.1103011569785205,0.0039107231609474,0.0,5.4768031440557136e-05,11.125
8.343,-0.0917664900667922,0.0698564515650254,3.8863907619069225,13.34847192056734,up,down,down,down,0.1103011569785205,0.0039107231609474,0.0,5.4768031440557136e-05,11.14
8.359,-0.091086150427488,0.0677799295220049,3.8877910114603016,13.410665374754275,up,down,down,down,0.1103011569785205,0.0039107231609474,0.0,5.4768031440557136e-05,11.156
8.375,-0.0905610182017681,0.07748039287103209,3.88918161723876,13.47288115578387,up,down,down,down,0.1103011569785205,0.0039107231609474,0.0,5.4768031440557136e-05,11.172
8.389999999999999,-0.0897569254982801,0.0566949767459813,3.890475340969096,13.531228582970424,up,down,down,down,0.1103011569785205,0.0039107231609474,0.0,5.4768031440557136e-05,11.187
8.405999999999999,-0.088944989763032,0.059555173525516196,3.891842384720612,13.593487124775942,up,down,down,down,0.1103011569785205,0.0039107231609474,0.0,5.4768031440557136e-05,11.203
8.421,-0.0861333746481704,0.07713985067891299,3.8930968116062816,13.651874168748396,up,down,down,down,0.1103011569785205,0.0039107231609474,0.0,5.4768031440557136e-05,11.218
8.437,-0.0857756022073789,0.0879403794290523,3.894409511850551,13.714174219336051,up,down,down,down,0.1103011569785205,0.0039107231609474,0.0,5.4768031440557136e-05,11.234
8.453,-0.0853950978020723,0.086519631646853,3.8957163058800512,13.776495225877897,up,down,down,down,0.1103011569785205,0.0039107231609474,0.0,5.4768031440557136e-05,11.25
8.484,-0.0833575400374026,0.0445734871504692,3.8982107393485737,13.897301095078944,up,down,down,down,0.1103011569785205,0.0039107231609474,0.0,5.4768031440557136e-05,11.281
8.5,-0.0825636699482376,0.0606842764057091,3.899475537457884,13.959682585293395,up,down,down,down,0.1103011569785205,0.0039107231609474,0.0,5.4768031440557136e-05,11.297
8.514999999999999,-0.08153626377983329,0.04180741241822469,3.90064762611343,14.018183509020176,up,down,down,down,0.1103011569785205,0.0039107231609474,0.0,5.4768031440557136e-05,11.312
8.530999999999999,-0.08051563811254239,0.04651205277284019,3.901881469757994,14.080603741787147,up,down,down,down,0.1103011569785205,0.0039107231609474,0.0,5.4768031440557136e-05,11.328
8.546,-0.077787309711569,0.0715874030863638,3.9030100810192607,14.13914042841798,up,down,down,down,0.1103011569785205,0.0039107231609474,0.0,5.4768031440557136e-05,11.343
8.562,-0.0764019256081738,0.023714650516315494,3.904181023331244,14.201597957252783,up,down,down,down,0.1103011569785205,0.0039107231609474,0.0,5.4768031440557136e-05,11.359
8.578,-0.0750231825498115,0.024129715830878404,3.905329852625932,14.264074044260441,up,down,down,down,0.1103011569785205,0.0039107231609474,0.0,5.4768031440557136e-05,11.375
8.593,-0.0717384714777224,0.10867958116074139,3.906371904183725,14.322661807436516,up,down,down,down,0.1103011569785205,0.0039107231609474,0.0,5.4768031440557136e-05,11.39
8.609,-0.0687341162342018,0.0774710457415172,3.9074331133148448,14.385172247576504,up,down,down,down,0.1103011569785205,0.0039107231609474,0.0,5.4768031440557136e-05,11.406
8.639999999999999,-0.0648719801989443,0.014283876416888608,3.909382775391569,14.506332893851448,up,down,down,down,0.1103011569785205,0.0039107231609474,0.0,5.4768031440557136e-05,11.437
8.655999999999999,-0.06318317611732731,0.0,3.910344645071524,14.568890713215152,up,down,down,down,0.1103011569785205,0.0039107231609474,0.0,5.4768031440557136e-05,11.453
8.671,-0.0615157887620725,0.0,3.911221226460705,14.627552457251646,up,down,down,down,0.1103011569785205,0.0039107231609474,0.0,5.4768031440557136e-05,11.468
8.687,-0.0591518395844871,0.03744566662056131,3.9121239959169034,14.690139219030668,up,down,down,down,0.1103011569785205,0.0039107231609474,0.0,5.4768031440557136e-05,11.484
8.703,-0.0579127015707623,0.0328550311207154,3.912997940675569,14.752740194523408,up,down,down,down,0.1103011569785205,0.0039107231609474,0.0,5.4768031440557136e-05,11.5
8.718,-0.0563306041890409,0.0,3.9137961046213534,14.811441149863137,up,down,down,down,0.1103011569785205,0.0039107231609474,0.0,5.4768031440557136e-05,11.515
8.734,-0.0548018278387676,0.014752635086434693,3.914622592507001,14.874068499440163,up,down,down,down,0.1103011569785205,0.0039107231609474,0.0,5.4768031440557136e-05,11.531
8.75,-0.0536880175330427,0.0406880128707154,3.9154279396994,14.936708903697816,up,down,down,down,0.1103011569785205,0.0039107231609474,0.0,5.4768031440557136e-05,11.547
8.764999999999999,-0.053496456358438096,0.0975304120048785,3.916173162406172,14.995445911963603,up,down,down,down,0.1103011569785205,0.0039107231609474,0.0,5.4768031440557136e-05,11.562
8.780999999999999,-0.0533137496355493,0.0988819867979717,3.9169650724835487,15.058111017842721,up,down,down,down,0.1103011569785205,0.0039107231609474,0.0,5.4768031440557136e-05,11.578
8.796,-0.0517237289440117,0.0,3.917694192725482,15.116870962331792,up,down,down,down,0.1103011569785205,0.0039107231609474,0.0,5.4768031440557136e-05,11.593
8.812,-0.0509407130252305,0.0613626620546981,3.91845293669066,15.17956013936712,up,down,down,down,0.1103011569785205,0.0039107231609474,0.0,5.4768031440557136e-05,11.609
8.828,-0.0508996524080291,0.1077348684034307,3.919205088043551,15.242261403564994,up,down,down,down,0.1103011569785205,0.0039107231609474,0.0,5.4768031440557136e-05,11.625
8.859,-0.0508729940434715,0.1094412097347264,3.92066133164556,15.363779333070175,up,down,down,down,0.1103011569785205,0.0039107231609474,0.0,5.4768031440557136e-05,11.656
8.875,-0.0504097318587426,0.08134727043296319,3.9214090218822015,15.4265158958984,up,down,down,down,0.1103011569785205,0.0039107231609474,0.0,5.4768031440557136e-05,11.672
8.889999999999999,-0.0493107111912944,0.037033112481970804,3.922098264357664,15.485342200545194,up,down,down,down,0.1103011569785205,0.0039107231609474,0.0,5.4768031440557136e-05,11.687
8.905999999999999,-0.046877996669611,0.04174350062668969,3.9228052024499753,15.548101428279656,up,down,down,down,0.1103011569785205,0.0039107231609474,0.0,5.4768031440557136e-05,11.703
8.921,-0.0452367371080661,0.0,3.9234374021058938,15.606948247813826,up,down,down,down,0.1103011569785205,0.0039107231609474,0.0,5.4768031440557136e-05,11.718
8.937,-0.0436643732565524,0.012028416258913502,3.924086039418236,15.669728435346018,up,down,down,down,0.1103011569785205,0.0039107231609474,0.0,5.4768031440557136e-05,11.734
8.953,-0.0429152567967747,0.0634813782424137,3.924716104888087,15.732518852500469,up,down,down,down,0.1103011569785205,0.0039107231609474,0.0,5.4768031440557136e-05,11.75
8.968,-0.0425486515018782,0.0858608039854204,3.925298423352913,15.791393961462278,up,down,down,down,0.1103011569785205,0.0039107231609474,0.0,5.4768031440557136e-05,11.765
8.984,-0.0420187066367176,0.07717960290598569,3.925912390647447,15.85420364797428,up,down,down,down,0.1103011569785205,0.0039107231609474,0.0,5.4768031440557136e-05,11.781
9.0,-0.0415351103477092,0.0800763889154954,3.926518249612747,15.91702309309636,up,down,down,down,0.1103011569785205,0.0039107231609474,0.0,5.4768031440557136e-05,11.797
9.014999999999999,-0.0400340958171571,0.010233521608374499,3.9270713578115695,15.975925015152038,up,down,down,down,0.1103011569785205,0.0039107231609474,0.0,5.4768031440557136e-05,11.812
9.030999999999999,-0.0376871443474477,0.03638330987831831,3.927630556162311,16.03876263046383,up,down,down,down,0.1103011569785205,0.0039107231609474,0.0,5.4768031440557136e-05,11.828
9.046,-0.0354156724647598,0.041130301867336905,3.928120166440989,16.097680760883357,up,down,down,down,0.1103011569785205,0.0039107231609474,0.0,5.4768031440557136e-05,11.843
9.078,-0.0363114262779404,0.1382934636404152,3.9291426568797214,16.223396966056487,up,down,down,down,0.1103011569785205,0.0039107231609474,0.0,5.4768031440557136e-05,11.875
9.093,-0.0356883600289083,0.0687634070430502,3.9296239944296087,16.28233771594131,up,down,down,down,0.1103011569785205,0.0039107231609474,0.0,5.4768031440557136e-05,11.89
9.109,-0.0355356374089179,0.1007559932291179,3.930131214838536,16.345215757615456,up,down,down,down,0.1103011569785205,0.0039107231609474,0.0,5.4768031440557136e-05,11.906
9.125,-0.0338908726097777,0.0,3.9306240553481104,16.40810179977695,up,down,down,down,0.1103011569785205,0.0039107231609474,0.0,5.4768031440557136e-05,11.922
9.139999999999999,-0.0324837046174923,0.016489957492822893,3.931063203829901,16.467064454220782,up,down,down,down,0.1103011569785205,0.0039107231609474,0.0,5.4768031440557136e-05,11.937
9.155999999999999,-0.031070041801751,0.021947230994689995,3.93150906223068,16.529965032349267,up,down,down,down,0.1103011569785205,0.0039107231609474,0.0,5.4768031440557136e-05,11.953
9.171,-0.0301892987181595,0.0515849514057535,3.931909846437165,16.588940674164277,up,down,down,down,0.1103011569785205,0.0039107231609474,0.0,5.4768031440557136e-05,11.968
9.187,-0.029478793705166498,0.0658945936664601,3.932324619605976,16.651854549892622,up,down,down,down,0.1103011569785205,0.0039107231609474,0.0,5.4768031440557136e-05,11.984
9.203,-0.0287693324159565,0.0659598264028949,3.93272803304437,16.714774971113826,up,down,down,down,0.1103011569785205,0.0039107231609474,0.0,5.4768031440557136e-05,12.0
9.218,-0.0274738982027784,0.023938876099982104,3.933091196426597,16.77376861533486,up,down,down,down,0.1103011569785205,0.0039107231609474,0.0,5.4768031440557136e-05,12.015
9.234,-0.0266843792590165,0.0609562229934024,3.933461891075716,16.836701040034878,up,down,down,down,0.1103011569785205,0.0039107231609474,0.0,5.4768031440557136e-05,12.031
9.264999999999999,-0.025894924114167397,0.0848348619833882,3.93415563786001,16.958649111733376,up,down,down,down,0.1103011569785205,0.0039107231609474,0.0,5.4768031440557136e-05,12.062
9.280999999999999,-0.0250555405010892,0.0578396811611315,3.934500670006357,17.021598362196308,up,down,down,down,0.1103011569785205,0.0039107231609474,0.0,5.4768031440557136e-05,12.078
9.296,-0.0246125729411285,0.0807699863144784,3.93481452000976,17.08061822612143,up,down,down,down,0.1103011569785205,0.0039107231609474,0.0,5.4768031440557136e-05,12.093
9.312,-0.0240038061093379,0.0722532299916034,3.935140879471589,17.14357786931728,up,down,down,down,0.1103011569785205,0.0039107231609474,0.0,5.4768031440557136e-05,12.109
9.328,-0.0233989327395942,0.0724965713695402,3.9354575298118046,17.206542656591548,up,down,down,down,0.1103011569785205,0.0039107231609474,0.0,5.4768031440557136e-05,12.125
9.343,-0.0220972886922989,0.0235248871588392,3.9357400906251296,17.26557663874483,up,down,down,down,0.1103011569785205,0.0039107231609474,0.0,5.4768031440557136e-05,12.14
9.359,-0.0222765405080202,0.1215043954611026,3.936032509688157,17.328550819547335,up,down,down,down,0.1103011569785205,0.0039107231609474,0.0,5.4768031440557136e-05,12.156
9.375,-0.0224466855789433,0.12093522391121139,3.9363277239262775,17.39152970141625,up,down,down,down,0.1103011569785205,0.0039107231609474,0.0,5.4768031440557136e-05,12.172
9.389999999999999,-0.0210939667560623,0.020119902119778904,3.936595617971376,17.450576626480476,up,down,down,down,0.1103011569785205,0.0039107231609474,0.0,5.4768031440557136e-05,12.187
9.421,-0.0204554971894576,0.0897053645074039,3.937118402244542,17.572619193793827,up,down,down,down,0.1103011569785205,0.0039107231609474,0.0,5.4768031440557136e-05,12.218
9.437,-0.0186284593466989,0.0,3.937368502326256,17.63561508903039,up,down,down,down,0.1103011569785205,0.0039107231609474,0.0,5.4768031440557136e-05,12.234
9.453,-0.0186733828423122,0.1131088754543484,3.937604345493193,17.698614871812946,up,down,down,down,0.1103011569785205,0.0039107231609474,0.0,5.4768031440557136e-05,12.25
9.468,-0.0188662288542573,0.1231575577748624,3.937827231733503,17.757680608642147,up,down,down,down,0.1103011569785205,0.0039107231609474,0.0,5.4768031440557136e-05,12.265
9.484,-0.0190863372766578,0.1240579333785517,3.9380682806919753,17.82068777274155,up,down,down,down,0.1103011569785205,0.0039107231609474,0.0,5.4768031440557136e-05,12.281
9.5,-0.0185917470742342,0.0793892693270459,3.938307133796208,17.883698776057457,up,down,down,down,0.1103011569785205,0.0039107231609474,0.0,5.4768031440557136e-05,12.297
9.514999999999999,-0.0181231726684067,0.0790628632566859,3.938523834846863,17.942775008322275,up,down,down,down,0.1103011569785205,0.0039107231609474,0.0,5.4768031440557136e-05,12.312
9.530999999999999,-0.0176357770645392,0.0798389317367975,3.938747334874152,18.005793177680044,up,down,down,down,0.1103011569785205,0.0039107231609474,0.0,5.4768031440557136e-05,12.328
9.546,-0.0167633815062746,0.052141453094218,3.9389466677160185,18.06487588269947,up,down,down,down,0.1103011569785205,0.0039107231609474,0.0,5.4768031440557136e-05,12.343
9.562,-0.0162796925602748,0.0800705978535321,3.939148440737976,18.127900643567102,up,down,down,down,0.1103011569785205,0.0039107231609474,0.0,5.4768031440557136e-05,12.359
9.578,-0.0157593247891085,0.0777781712806291,3.939342181306196,18.190928568543455,up,down,down,down,0.1103011569785205,0.0039107231609474,0.0,5.4768031440557136e-05,12.375
9.593,-0.0160144806108384,0.1273115450938437,3.939521823999281,18.25002004858325,up,down,down,down,0.1103011569785205,0.0039107231609474,0.0,5.4768031440557136e-05,12.39
9.625,-0.015493181916781298,0.0940105727892381,3.9399008034585727,18.37609081062257,up,down,down,down,0.1103011569785205,0.0039107231609474,0.0,5.4768031440557136e-05,12.422
9.639999999999999,-0.0150048718928914,0.0777471553858554,3.940070878014731,18.43519059823362,up,down,down,down,0.1103011569785205,0.0039107231609474,0.0,5.4768031440557136e-05,12.437
9.655999999999999,-0.0149588088430973,0.1074222163663929,3.940248015890044,18.49823314938486,up,down,down,down,0.1103011569785205,0.0039107231609474,0.0,5.4768031440557136e-05,12.453
9.671,-0.0156785599436019,0.15828456367882499,3.94041913530853,18.55733815301885,up,down,down,down,0.1103011569785205,0.0039107231609474,0.0,5.4768031440557136e-05,12.468
9.687,-0.016353209372756,0.15246674630065,3.940612817892486,18.62038640864446,up,down,down,down,0.1103011569785205,0.0039107231609474,0.0,5.4768031440557136e-05,12.484
9.703,-0.0174929055055787,0.1815321652799404,3.9408210152409375,18.683437879309526,up,down,down,down,0.1103011569785205,0.0039107231609474,0.0,5.4768031440557136e-05,12.5
9.718,-0.0174606305365258,0.1081494923749945,3.941024505913839,18.74255172071819,up,down,down,down,0.1103011569785205,0.0039107231609474,0.0,5.4768031440557136e-05,12.515
9.734,-0.0174151654910712,0.1074595916376042,3.941240940711484,18.805609844291197,up,down,down,down,0.1103011569785205,0.0039107231609474,0.0,5.4768031440557136e-05,12.531
9.75,-0.0175494624347702,0.1186947159597105,3.941458086164316,18.8686714365062,up,down,down,down,0.1103011569785205,0.0039107231609474,0.0,5.4768031440557136e-05,12.547
9.764999999999999,-0.0163751737827872,0.03201524684631479,3.941653860088533,18.927794776103088,up,down,down,down,0.1103011569785205,0.0039107231609474,0.0,5.4768031440557136e-05,12.562
9.780999999999999,-0.0157401539770347,0.07061241911898719,3.941848211140037,18.99086279267292,up,down,down,down,0.1103011569785205,0.0039107231609474,0.0,5.4768031440557136e-05,12.578
9.796,-0.015082168953115899,0.06643548871727001,3.942020717714599,19.04999180963933,up,down,down,down,0.1103011569785205,0.0039107231609474,0.0,5.4768031440557136e-05,12.593
9.812,-0.015047268541312699,0.1081198812408201,3.942199181643979,19.113065568834198,up,down,down,down,0.1103011569785205,0.0039107231609474,0.0,5.4768031440557136e-05,12.609
9.828,-0.014535919616315899,0.0783418491662191,3.9423732755786647,19.176142148491984,up,down,down,down,0.1103011569785205,0.0039107231609474,0.0,5.4768031440557136e-05,12.625
9.859,-0.014062784251048899,0.0950387258408776,3.94269532307062,19.29836071177105,up,down,down,down,0.1103011569785205,0.0039107231609474,0.0,5.4768031440557136e-05,12.656
9.875,-0.0128062313736538,0.0317666021413254,3.942847703625042,19.36144505598461,up,down,down,down,0.1103011569785205,0.0039107231609474,0.0,5.4768031440557136e-05,12.672
9.889999999999999,-0.012342820958391301,0.0794071292943485,3.942977660670118,19.420588746216822,up,down,down,down,0.1103011569785205,0.0039107231609474,0.0,5.4768031440557136e-05,12.687
9.905999999999999,-0.011870168277663799,0.08076036443305229,3.943108793013432,19.48367743784629,up,down,down,down,0.1103011569785205,0.0039107231609474,0.0,5.4768031440557136e-05,12.703
9.921,-0.010812840859609,0.039812662441539595,3.943220254734547,19.5428249057044,up,down,down,down,0.1103011569785205,0.0039107231609474,0.0,5.4768031440557136e-05,12.718
9.953,-0.0108929727855553,0.1128052796643407,3.94344240461172,19.66901150825394,up,down,down,down,0.1103011569785205,0.0039107231609474,0.0,5.4768031440557136e-05,12.75
9.968,-0.0109482189697871,0.1139842359273073,3.94354755270247,19.7281639329338,up,down,down,down,0.1103011569785205,0.0039107231609474,0.0,5.4768031440557136e-05,12.765
9.984,-0.0109301241038792,0.1091702278592787,3.943660007876484,19.791261593418437,up,down,down,down,0.1103011569785205,0.0039107231609474,0.0,5.4768031440557136e-05,12.781
10.0,-0.011432383286862701,0.1416923559149906,3.943776336365035,19.854361084172364,up,down,down,down,0.1103011569785205,0.0039107231609474,0.0,5.4768031440557136e-05,12.797
10.014999999999999,-0.0119068015425262,0.1419290406894245,3.943892719403841,19.913518602090623,up,down,down,down,0.1103011569785205,0.0039107231609474,0.0,5.4768031440557136e-05,12.812
10.030999999999999,-0.012695133314831901,0.1595718927476229,3.944026963312125,19.976621959552357,up,down,down,down,0.1103011569785205,0.0039107231609474,0.0,5.4768031440557136e-05,12.828
10.046,-0.0134931829216462,0.163504464099471,3.944164714836485,20.03578339713847,up,down,down,down,0.1103011569785205,0.0039107231609474,0.0,5.4768031440557136e-05,12.843
10.062,-0.014275605557715499,0.1592025717328525,3.944324293573744,20.09889130920575,up,down,down,down,0.1103011569785205,0.0039107231609474,0.0,5.4768031440557136e-05,12.859
10.078,-0.015299727799929299,0.17430879711688418,3.9444983246700303,20.1620018901517,up,down,down,down,0.1103011569785205,0.0039107231609474,0.0,5.4768031440557136e-05,12.875
10.093,-0.0156937693346801,0.1365705926285698,3.9446721150511257,20.22117066844961,up,down,down,down,0.1103011569785205,0.0039107231609474,0.0,5.4768031440557136e-05,12.89
10.109,-0.0157740040793292,0.1153158285190912,3.944861285667863,20.284286935655363,up,down,down,down,0.1103011569785205,0.0039107231609474,0.0,5.4768031440557136e-05,12.906
10.125,-0.0158569463336224,0.1154850478718437,3.945051761700591,20.34740624003431,up,down,down,down,0.1103011569785205,0.0039107231609474,0.0,5.4768031440557136e-05,12.922
10.139999999999999,-0.0151641072284327,0.0641118832992041,3.945225758754892,20.40658332143772,up,down,down,down,0.1103011569785205,0.0039107231609474,0.0,5.4768031440557136e-05,12.937
10.155999999999999,-0.0147882385071706,0.0868093618996423,3.9454028059502018,20.46970834995536,up,down,down,down,0.1103011569785205,0.0039107231609474,0.0,5.4768031440557136e-05,12.953
10.187,-0.0143854841114876,0.0973090796984225,3.945733766232802,20.5920209668242,up,down,down,down,0.1103011569785205,0.0039107231609474,0.0,5.4768031440557136e-05,12.984
10.203,-0.011915527834023599,0.04407111036297531,3.945881602757791,20.655153889776127,up,down,down,down,0.1103011569785205,0.0039107231609474,0.0,5.4768031440557136e-05,13.0
