timestamps,aAcc,aJerk,aVelocity,aHeight,jerks_direction,accelerations_direction,velocities_direction,heights_direction,start_jerks,start_accelerations,start_velocities,start_heights,actual_timestamps
0.0,0.0,0.0,0.0,0.0,up,up,up,up,-0.0338859688270083,-0.0123429251740621,0.0,0.0005924113790817,4.281
0.03200000000000003,0.0,0.0451687835950959,0.0,0.0,up,up,up,up,-0.0338859688270083,-0.0123429251740621,0.0,0.0005924113790817,4.313
0.0470000000000006,0.0,0.0857787420606812,0.0,0.0,up,up,up,up,-0.0338859688270083,-0.0123429251740621,0.0,0.0005924113790817,4.328
0.06300000000000061,0.0,0.0597743373008878,0.0,0.0,up,up,up,up,-0.0338859688270083,-0.0123429251740621,0.0,0.0005924113790817,4.344
0.07900000000000063,0.0,0.012387843801509698,0.0,0.0,up,up,up,up,-0.0338859688270083,-0.0123429251740621,0.0,0.0005924113790817,4.36
0.0940000000000003,0.0,0.013383443236018599,0.0,0.0,up,up,up,up,-0.0338859688270083,-0.0123429251740621,0.0,0.0005924113790817,4.375
0.11000000000000032,0.0,0.021795492917454196,0.0,0.0,up,up,up,up,-0.0338859688270083,-0.0123429251740621,0.0,0.0005924113790817,4.391
0.125,0.0,0.0,0.0,0.0,up,up,up,up,-0.0338859688270083,-0.0123429251740621,0.0,0.0005924113790817,4.406
0.14100000000000001,0.0,0.0,0.0,0.0,up,up,up,up,-0.0338859688270083,-0.0123429251740621,0.0,0.0005924113790817,4.422
0.15700000000000003,0.0,0.0752607026589739,0.0,0.0,up,up,up,up,-0.0338859688270083,-0.0123429251740621,0.0,0.0005924113790817,4.438
0.1720000000000006,0.0,0.0177640267060292,0.0,0.0,up,up,up,up,-0.0338859688270083,-0.0123429251740621,0.0,0.0005924113790817,4.453
0.20400000000000063,0.0,0.024942484292723298,0.0,0.0,up,up,up,up,-0.0338859688270083,-0.0123429251740621,0.0,0.0005924113790817,4.485
0.23500000000000032,0.0,0.0675957363100463,0.0,0.0,up,up,up,up,-0.0338859688270083,-0.0123429251740621,0.0,0.0005924113790817,4.516
0.25,0.0,0.0463712618634805,0.0,0.0,up,up,up,up,-0.0338859688270083,-0.0123429251740621,0.0,0.0005924113790817,4.531
0.28200000000000003,0.0,0.036651589502146295,0.0,0.0,up,up,up,up,-0.0338859688270083,-0.0123429251740621,0.0,0.0005924113790817,4.563
0.2970000000000006,0.0,0.1161659461940183,0.0,0.0,up,up,up,up,-0.0338859688270083,-0.0123429251740621,0.0,0.0005924113790817,4.578
0.3130000000000006,0.0,0.1084693898630645,0.0,0.0,up,up,up,up,-0.0338859688270083,-0.0123429251740621,0.0,0.0005924113790817,4.594
0.3290000000000006,0.0,0.0204529463072374,0.0,0.0,up,up,up,up,-0.0338859688270083,-0.0123429251740621,0.0,0.0005924113790817,4.61
0.3440000000000003,0.0,0.15114517375885178,0.0,0.0,up,up,up,up,-0.0338859688270083,-0.0123429251740621,0.0,0.0005924113790817,4.625
0.3600000000000003,0.0,0.1415623750716582,0.0,0.0,up,up,up,up,-0.0338859688270083,-0.0123429251740621,0.0,0.0005924113790817,4.641
0.375,0.0,0.0556556349421803,0.0,0.0,up,up,up,up,-0.0338859688270083,-0.0123429251740621,0.0,0.0005924113790817,4.656
0.391,0.0,0.0741232230649708,0.0,0.0,up,up,up,up,-0.0338859688270083,-0.0123429251740621,0.0,0.0005924113790817,4.672
0.40700000000000003,0.0,0.0729663451385148,0.0,0.0,up,up,up,up,-0.0338859688270083,-0.0123429251740621,0.0,0.0005924113790817,4.688
0.4380000000000006,0.0,0.0382623757505742,0.0,0.0,up,up,up,up,-0.0338859688270083,-0.0123429251740621,0.0,0.0005924113790817,4.719
0.4540000000000006,0.0,0.055718984510711396,0.0,0.0,up,up,up,up,-0.0338859688270083,-0.0123429251740621,0.0,0.0005924113790817,4.735
0.4690000000000003,0.0,0.0585824182260582,0.0,0.0,up,up,up,up,-0.0338859688270083,-0.0123429251740621,0.0,0.0005924113790817,4.75
0.4850000000000003,0.0,0.09486799394529169,0.0,0.0,up,up,up,up,-0.0338859688270083,-0.0123429251740621,0.0,0.0005924113790817,4.766
0.5,0.0,0.011268714917752505,0.0,0.0,up,up,up,up,-0.0338859688270083,-0.0123429251740621,0.0,0.0005924113790817,4.781
0.516,0.0,0.0,0.0,0.0,up,up,up,up,-0.0338859688270083,-0.0123429251740621,0.0,0.0005924113790817,4.797
0.5470000000000006,0.0,0.025416447525484897,0.0,0.0,up,up,up,up,-0.0338859688270083,-0.0123429251740621,0.0,0.0005924113790817,4.828
0.5630000000000006,0.0,0.1506516435384247,0.0,0.0,up,up,up,up,-0.0338859688270083,-0.0123429251740621,0.0,0.0005924113790817,4.844
0.5790000000000006,0.0,0.1477870985908463,0.0,0.0,up,up,up,up,-0.0338859688270083,-0.0123429251740621,0.0,0.0005924113790817,4.86
0.5940000000000003,0.0,0.0437104582335487,0.0,0.0,up,up,up,up,-0.0338859688270083,-0.0123429251740621,0.0,0.0005924113790817,4.875
0.6100000000000003,0.0,0.026531544093467297,0.0,0.0,up,up,up,up,-0.0338859688270083,-0.0123429251740621,0.0,0.0005924113790817,4.891
0.625,0.0,0.023554277817084298,0.0,0.0,up,up,up,up,-0.0338859688270083,-0.0123429251740621,0.0,0.0005924113790817,4.906
0.641,0.0,0.0929593727226679,0.0,0.0,up,up,up,up,-0.0338859688270083,-0.0123429251740621,0.0,0.0005924113790817,4.922
0.657,0.0,0.0282698183990064,0.0,0.0,up,up,up,up,-0.0338859688270083,-0.0123429251740621,0.0,0.0005924113790817,4.938
0.6720000000000006,0.0,0.0,0.0,0.0,up,up,up,up,-0.0338859688270083,-0.0123429251740621,0.0,0.0005924113790817,4.953
0.6880000000000006,0.0,0.010082951483947996,0.0,0.0,up,up,up,up,-0.0338859688270083,-0.0123429251740621,0.0,0.0005924113790817,4.969
0.7190000000000003,0.0,0.025389022425301,0.0,0.0,up,up,up,up,-0.0338859688270083,-0.0123429251740621,0.0,0.0005924113790817,5.0
0.7350000000000003,0.0,0.0416274198963068,0.0,0.0,up,up,up,up,-0.0338859688270083,-0.0123429251740621,0.0,0.0005924113790817,5.016
0.75,0.0,0.0755071472821589,0.0,0.0,up,up,up,up,-0.0338859688270083,-0.0123429251740621,0.0,0.0005924113790817,5.031
0.782,0.0,0.0368547020425997,0.0,0.0,up,up,up,up,-0.0338859688270083,-0.0123429251740621,0.0,0.0005924113790817,5.063
0.7970000000000006,0.0,0.0390864830700133,0.0,0.0,up,up,up,up,-0.0338859688270083,-0.0123429251740621,0.0,0.0005924113790817,5.078
0.8130000000000006,0.0,0.0,0.0,0.0,up,up,up,up,-0.0338859688270083,-0.0123429251740621,0.0,0.0005924113790817,5.094
0.8290000000000006,0.0,0.0703909390339589,0.0,0.0,up,up,up,up,-0.0338859688270083,-0.0123429251740621,0.0,0.0005924113790817,5.11
0.8600000000000003,0.0,0.0184784484501836,0.0,0.0,up,up,up,up,-0.0338859688270083,-0.0123429251740621,0.0,0.0005924113790817,5.141
0.875,0.0,0.0745530386523082,0.0,0.0,up,up,up,up,-0.0338859688270083,-0.0123429251740621,0.0,0.0005924113790817,5.156
0.891,0.0,0.0529601839641895,0.0,0.0,up,up,up,up,-0.0338859688270083,-0.0123429251740621,0.0,0.0005924113790817,5.172
0.907,0.0,0.0515567142060018,0.0,0.0,up,up,up,up,-0.0338859688270083,-0.0123429251740621,0.0,0.0005924113790817,5.188
0.9380000000000006,0.0,0.0416972408534588,0.0,0.0,up,up,up,up,-0.0338859688270083,-0.0123429251740621,0.0,0.0005924113790817,5.219
0.9540000000000006,0.0,0.0499285206450934,0.0,0.0,up,up,up,up,-0.0338859688270083,-0.0123429251740621,0.0,0.0005924113790817,5.235
0.9690000000000003,0.0,0.049111040526977,0.0,0.0,up,up,up,up,-0.0338859688270083,-0.0123429251740621,0.0,0.0005924113790817,5.25
0.9850000000000003,0.0,0.0334691419171314,0.0,0.0,up,up,up,up,-0.0338859688270083,-0.0123429251740621,0.0,0.0005924113790817,5.266
1.0,0.0,0.0561835144392132,0.0,0.0,up,up,up,up,-0.0338859688270083,-0.0123429251740621,0.0,0.0005924113790817,5.281
1.032,0.0,0.012039516356843898,0.0,0.0,up,up,up,up,-0.0338859688270083,-0.0123429251740621,0.0,0.0005924113790817,5.313
1.0630000000000006,0.0,0.0706357344986527,0.0,0.0,up,up,up,up,-0.0338859688270083,-0.0123429251740621,0.0,0.0005924113790817,5.344
1.0790000000000006,0.0,0.0391712267983963,0.0,0.0,up,up,up,up,-0.0338859688270083,-0.0123429251740621,0.0,0.0005924113790817,5.36
1.0940000000000003,0.0,0.0,0.0,0.0,up,up,up,up,-0.0338859688270083,-0.0123429251740621,0.0,0.0005924113790817,5.375
1.1100000000000003,0.0,0.0,0.0,0.0,up,up,up,up,-0.0338859688270083,-0.0123429251740621,0.0,0.0005924113790817,5.391
1.125,0.0,0.023567576685935003,0.0,0.0,up,up,up,up,-0.0338859688270083,-0.0123429251740621,0.0,0.0005924113790817,5.406
1.141,0.0,0.04128511966485711,0.0,0.0,up,up,up,up,-0.0338859688270083,-0.0123429251740621,0.0,0.0005924113790817,5.422
1.157,0.0,0.027058600038620102,0.0,0.0,up,up,up,up,-0.0338859688270083,-0.0123429251740621,0.0,0.0005924113790817,5.438
1.1720000000000006,0.0,0.0287122300202676,0.0,0.0,up,up,up,up,-0.0338859688270083,-0.0123429251740621,0.0,0.0005924113790817,5.453
1.1880000000000006,0.0,0.10919614637252471,0.0,0.0,up,up,up,up,-0.0338859688270083,-0.0123429251740621,0.0,0.0005924113790817,5.469
1.2040000000000006,0.0,0.0371839025091531,0.0,0.0,up,up,up,up,-0.0338859688270083,-0.0123429251740621,0.0,0.0005924113790817,5.485
1.2350000000000003,0.0,0.0346375607264924,0.0,0.0,up,up,up,up,-0.0338859688270083,-0.0123429251740621,0.0,0.0005924113790817,5.516
1.25,0.0,0.09975644330389109,0.0,0.0,up,up,up,up,-0.0338859688270083,-0.0123429251740621,0.0,0.0005924113790817,5.531
1.266,0.0,0.089316540400474,0.0,0.0,up,up,up,up,-0.0338859688270083,-0.0123429251740621,0.0,0.0005924113790817,5.547
1.282,-0.0115763135603828,0.0806909895869837,0.0,0.0,up,up,up,up,-0.0338859688270083,-0.0123429251740621,0.0,0.0005924113790817,5.563
1.3130000000000006,-0.0132392361691984,0.019756695973494505,0.0,0.0,up,up,up,up,-0.0338859688270083,-0.0123429251740621,0.0,0.0005924113790817,5.594
1.3290000000000006,-0.0148472200388827,0.0666130230282606,0.0,0.0,up,up,up,up,-0.0338859688270083,-0.0123429251740621,0.0,0.0005924113790817,5.61
1.3440000000000003,-0.013743030602791202,0.1074985978997748,0.0,0.0,up,up,up,up,-0.0338859688270083,-0.0123429251740621,0.0,0.0005924113790817,5.625
1.3600000000000003,-0.013610902875575003,0.04214395177801809,0.0,0.0,up,up,up,up,-0.0338859688270083,-0.0123429251740621,0.0,0.0005924113790817,5.641
1.391,-0.013515952174527602,0.0369488946672496,0.0,0.0,up,up,up,up,-0.0338859688270083,-0.0123429251740621,0.0,0.0005924113790817,5.672
1.407,-0.0131145425460719,0.0589740706054892,0.0,0.0,up,up,up,up,-0.0338859688270083,-0.0123429251740621,0.0,0.0005924113790817,5.688
1.4220000000000006,-0.0114009501071645,0.14812546475416,0.0,0.0,up,up,up,up,-0.0338859688270083,-0.0123429251740621,0.0,0.0005924113790817,5.703
1.4380000000000006,-0.010829838554030802,0.0695804408978656,0.0,0.0,up,up,up,up,-0.0338859688270083,-0.0123429251740621,0.0,0.0005924113790817,5.719
1.4540000000000006,-0.010032531777923702,0.0837176423337033,0.0,0.0,up,up,up,up,-0.0338859688270083,-0.0123429251740621,0.0,0.0005924113790817,5.735
1.4690000000000003,0.0,0.1862540454962926,0.0,0.0,up,up,up,up,-0.0338859688270083,-0.0123429251740621,0.0,0.0005924113790817,5.75
1.4850000000000003,0.0,0.17473455206205069,0.0,0.0,up,up,up,up,-0.0338859688270083,-0.0123429251740621,0.0,0.0005924113790817,5.766
1.5,0.0,0.14541994292176058,0.0,0.0,up,up,up,up,-0.0338859688270083,-0.0123429251740621,0.0,0.0005924113790817,5.781
1.516,0.0,0.029470201767223897,0.0,0.0,up,up,up,up,-0.0338859688270083,-0.0123429251740621,0.0,0.0005924113790817,5.797
1.532,0.0,0.029543726188553,0.0,0.0,up,up,up,up,-0.0338859688270083,-0.0123429251740621,0.0,0.0005924113790817,5.813
1.5630000000000006,0.0,0.0847949531799112,0.0,0.0,up,up,up,up,-0.0338859688270083,-0.0123429251740621,0.0,0.0005924113790817,5.844
1.5790000000000006,0.0,0.19098616318888922,0.0,0.0,up,up,up,up,-0.0338859688270083,-0.0123429251740621,0.0,0.0005924113790817,5.86
1.5940000000000003,0.0,0.1674689101658834,0.0,0.0,up,up,up,up,-0.0338859688270083,-0.0123429251740621,0.0,0.0005924113790817,5.875
1.625,0.0,0.1098147516364922,0.0,0.0,up,up,up,up,-0.0338859688270083,-0.0123429251740621,0.0,0.0005924113790817,5.906
1.641,0.0,0.1896898428085163,0.0,0.0,up,up,up,up,-0.0338859688270083,-0.0123429251740621,0.0,0.0005924113790817,5.922
1.657,0.0,0.18699986812085218,0.0,0.0,up,up,up,up,-0.0338859688270083,-0.0123429251740621,0.0,0.0005924113790817,5.938
1.6720000000000006,0.0120056664311062,0.2055003612715171,0.0,0.0,up,up,up,up,-0.0338859688270083,-0.0123429251740621,0.0,0.0005924113790817,5.953
1.6880000000000006,0.01524940414523,0.23661957595975158,0.0,0.0,up,up,up,up,-0.0338859688270083,-0.0123429251740621,0.0,0.0005924113790817,5.969
1.7040000000000006,0.0184460407380981,0.233675755881269,0.0,0.0,up,up,up,up,-0.0338859688270083,-0.0123429251740621,0.0,0.0005924113790817,5.985
1.7350000000000003,0.0220654330178984,0.1506405584979848,0.0,0.0,up,up,up,up,-0.0338859688270083,-0.0123429251740621,0.0,0.0005924113790817,6.016
1.75,0.0255808305742046,0.2682458059140969,0.0,0.0,up,up,up,up,-0.0338859688270083,-0.0123429251740621,0.0,0.0005924113790817,6.031
1.782,0.0265792762269665,0.0650873954758163,0.0,0.0,up,up,up,up,-0.0338859688270083,-0.0123429251740621,0.0,0.0005924113790817,6.063
1.8130000000000006,0.0296087570281517,0.1316111559620147,0.0,0.0,up,up,up,up,-0.0338859688270083,-0.0123429251740621,0.0,0.0005924113790817,6.094
1.8440000000000003,0.032285539550530304,0.1202337921295437,0.0,0.0,up,up,up,up,-0.0338859688270083,-0.0123429251740621,0.0,0.0005924113790817,6.125
1.8600000000000003,0.034895887607575504,0.19703272239233227,0.0,0.0,up,up,up,up,-0.0338859688270083,-0.0123429251740621,0.0,0.0005924113790817,6.141
1.875,0.037523621510366895,0.2090682290131029,0.0,0.0,up,up,up,up,-0.0338859688270083,-0.0123429251740621,0.0,0.0005924113790817,6.156
1.891,0.040421405373743696,0.21499746028805822,0.0,0.0,up,up,up,up,-0.0338859688270083,-0.0123429251740621,0.0,0.0005924113790817,6.172
1.907,0.0432523514624829,0.2108200993732105,0.0,0.0,up,up,up,up,-0.0338859688270083,-0.0123429251740621,0.0,0.0005924113790817,6.188
1.9380000000000006,0.046402415866294705,0.1355009495951297,0.0,0.0,up,up,up,up,-0.0338859688270083,-0.0123429251740621,0.0,0.0005924113790817,6.219
1.9540000000000006,0.04999373909231859,0.2583436704534984,0.0,0.0,up,up,up,up,-0.0338859688270083,-0.0123429251740621,0.0,0.0005924113790817,6.235
1.9690000000000003,0.0534970092750839,0.2674373143447003,0.0,0.0,up,up,up,up,-0.0338859688270083,-0.0123429251740621,0.0,0.0005924113790817,6.25
1.9850000000000003,0.0551900066753159,0.1396983063415074,0.0,0.0,up,up,up,up,-0.0338859688270083,-0.0123429251740621,0.0,0.0005924113790817,6.266
2.0,0.05920588974415959,0.30161150674992776,0.0,0.0,up,up,up,up,-0.0338859688270083,-0.0123429251740621,0.0,0.0005924113790817,6.281
2.016,0.0631161440092409,0.2782768603945888,0.0,0.0,up,up,up,up,-0.0338859688270083,-0.0123429251740621,0.0,0.0005924113790817,6.297
2.032,0.06623402038386669,0.2287532422411202,0.0,0.0,up,up,up,up,-0.0338859688270083,-0.0123429251740621,0.0,0.0005924113790817,6.313
2.0630000000000006,0.0687955668582525,0.116516500258806,0.0,0.0,up,up,up,up,-0.0338859688270083,-0.0123429251740621,0.0,0.0005924113790817,6.344
2.0790000000000006,0.0712812526871289,0.18924133313178482,0.0,0.0,up,up,up,up,-0.0338859688270083,-0.0123429251740621,0.0,0.0005924113790817,6.36
2.0940000000000003,0.0742165807630623,0.22957450722257522,0.0,0.0,up,up,up,up,-0.0338859688270083,-0.0123429251740621,0.0,0.0005924113790817,6.375
2.1100000000000003,0.0769223500949287,0.20299655206865758,0.0106032033407384,0.0,up,up,up,up,-0.0338859688270083,-0.0123429251740621,0.0,0.0005924113790817,6.391
2.125,0.0795687654158552,0.2103136568887764,0.0115917428294583,0.0,up,up,up,up,-0.0338859688270083,-0.0123429251740621,0.0,0.0005924113790817,6.406
2.141,0.0831484679171765,0.2576173751595916,0.0126959938933375,0.0,up,up,up,up,-0.0338859688270083,-0.0123429251740621,0.0,0.0005924113790817,6.422
2.157,0.0876741022675258,0.3167381157238361,0.0138650876520302,0.0,up,up,up,up,-0.0338859688270083,-0.0123429251740621,0.0,0.0005924113790817,6.438
2.1720000000000006,0.092099747015423,0.3289289520201434,0.0150282476440414,0.0,up,up,up,up,-0.0338859688270083,-0.0123429251740621,0.0,0.0005924113790817,6.453
2.1880000000000006,0.09508740050145541,0.2206143117040375,0.0163282580213914,0.0,up,up,up,up,-0.0338859688270083,-0.0123429251740621,0.0,0.0005924113790817,6.469
2.2040000000000006,0.09778291126910331,0.2023553918049985,0.0176737337127709,0.0,up,up,up,up,-0.0338859688270083,-0.0123429251740621,0.0,0.0005924113790817,6.485
2.2190000000000003,0.1003842020922594,0.2073053570374171,0.0189748431853702,0.0,up,up,up,up,-0.0338859688270083,-0.0123429251740621,0.0,0.0005924113790817,6.5
2.2350000000000003,0.1053419008496483,0.3437421411638167,0.0204231652061204,0.0,up,up,up,up,-0.0338859688270083,-0.0123429251740621,0.0,0.0005924113790817,6.516
2.25,0.1102779919293777,0.3629587074756397,0.0218551705243522,0.0,up,up,up,up,-0.0338859688270083,-0.0123429251740621,0.0,0.0005924113790817,6.531
2.282,0.1131073038837122,0.1223019673999631,0.0250343616517916,0.0,up,up,up,up,-0.0338859688270083,-0.0123429251740621,0.0,0.0005924113790817,6.563
2.2970000000000006,0.1163118325421397,0.24752121272216437,0.0265698612973747,0.0,up,up,up,up,-0.0338859688270083,-0.0123429251740621,0.0,0.0005924113790817,6.578
2.3130000000000006,0.1216786326438157,0.36931097518175837,0.0282762982160773,0.0,up,up,up,up,-0.0338859688270083,-0.0123429251740621,0.0,0.0005924113790817,6.594
2.3440000000000003,0.12691021231248809,0.20264660330031248,0.0317467946325041,0.0,up,up,up,up,-0.0338859688270083,-0.0123429251740621,0.0,0.0005924113790817,6.625
2.3600000000000003,0.1308043884516951,0.2772719775274494,0.0336110246358325,0.0,up,up,up,up,-0.0338859688270083,-0.0123429251740621,0.0,0.0005924113790817,6.641
2.375,0.1343840098323063,0.2725273942010925,0.0354147937453516,0.0,up,up,up,up,-0.0338859688270083,-0.0123429251740621,0.0,0.0005924113790817,6.656
2.391,0.1380499048716696,0.2630044087872156,0.0373967782601984,0.0,up,up,up,up,-0.0338859688270083,-0.0123429251740621,0.0,0.0005924113790817,6.672
2.4220000000000006,0.1434496951773578,0.2080727528814617,0.0413773913805625,0.0,up,up,up,up,-0.0338859688270083,-0.0123429251740621,0.0,0.0005924113790817,6.703
2.4380000000000006,0.1486156344579825,0.35675717386605166,0.0435164272148602,0.0,up,up,up,up,-0.0338859688270083,-0.0123429251740621,0.0,0.0005924113790817,6.719
2.4540000000000006,0.1536831555905102,0.3506060396099911,0.0457373307324631,0.0,up,up,up,up,-0.0338859688270083,-0.0123429251740621,0.0,0.0005924113790817,6.735
2.4690000000000003,0.1562115107261643,0.20244297787061732,0.0478763968522272,0.0106263575458563,up,up,up,up,-0.0338859688270083,-0.0123429251740621,0.0,0.0005924113790817,6.75
2.4850000000000003,0.1608290484092762,0.3224820740215021,0.0502152345225258,0.0114110905968543,up,up,up,up,-0.0338859688270083,-0.0123429251740621,0.0,0.0005924113790817,6.766
2.516,0.1637176821630372,0.1270677028193004,0.0548630781660007,0.0130398044435264,up,up,up,up,-0.0338859688270083,-0.0123429251740621,0.0,0.0005924113790817,6.797
2.532,0.1687030087772676,0.3454688822164046,0.0573249568907381,0.0139373087239803,up,up,up,up,-0.0338859688270083,-0.0123429251740621,0.0,0.0005924113790817,6.813
2.5470000000000006,0.1735627285899426,0.35786728967199377,0.0597068060433813,0.0148150469459863,up,up,up,up,-0.0338859688270083,-0.0123429251740621,0.0,0.0005924113790817,6.828
2.5630000000000006,0.17669741100032071,0.2298036194756441,0.0623114003573185,0.0157911925971919,up,up,up,up,-0.0338859688270083,-0.0123429251740621,0.0,0.0005924113790817,6.844
2.5790000000000006,0.1820385918943596,0.36770977470443916,0.0649838015776909,0.0168095542126719,up,up,up,up,-0.0338859688270083,-0.0123429251740621,0.0,0.0005924113790817,6.86
2.6100000000000003,0.1869842694863752,0.19342395566622228,0.0703210252486963,0.0189067790284809,up,up,up,up,-0.0338859688270083,-0.0123429251740621,0.0,0.0005924113790817,6.891
2.625,0.1908546082759077,0.291908554795845,0.0729696729543025,0.019981459265003398,up,up,up,up,-0.0338859688270083,-0.0123429251740621,0.0,0.0005924113790817,6.906
2.641,0.19479611478217151,0.2802301254684951,0.0758573919359821,0.0211720757841257,up,up,up,up,-0.0338859688270083,-0.0123429251740621,0.0,0.0005924113790817,6.922
2.657,0.1986549619331974,0.2750639157661276,0.0788075137469201,0.0224093950295889,up,up,up,up,-0.0338859688270083,-0.0123429251740621,0.0,0.0005924113790817,6.938
2.6720000000000006,0.2011610657064739,0.20095955371210428,0.0816209900766068,0.0236126088082654,up,up,up,up,-0.0338859688270083,-0.0123429251740621,0.0,0.0005924113790817,6.953
2.6880000000000006,0.2045524516601613,0.2458475909324691,0.0846692114127549,0.0249429304201803,up,up,up,up,-0.0338859688270083,-0.0123429251740621,0.0,0.0005924113790817,6.969
2.7040000000000006,0.2078265746221337,0.23851865395028188,0.0877707568202282,0.0263224501660441,up,up,up,up,-0.0338859688270083,-0.0123429251740621,0.0,0.0005924113790817,6.985
2.7350000000000003,0.2107524008458714,0.1282674599153226,0.0938761002595863,0.0291379764507812,up,up,up,up,-0.0338859688270083,-0.0123429251740621,0.0,0.0005924113790817,7.016
2.766,0.2126180982729018,0.09406975679573,0.1000557123155313,0.0321439195456955,up,up,up,up,-0.0338859688270083,-0.0123429251740621,0.0,0.0005924113790817,7.047
2.782,0.21464107627488,0.1603220939506494,0.1032762989091286,0.0337705756354928,up,up,up,up,-0.0338859688270083,-0.0123429251740621,0.0,0.0005924113790817,7.063
2.7970000000000006,0.21824406101076652,0.2740849512194321,0.1063377935611601,0.035342681329020104,up,up,up,up,-0.0338859688270083,-0.0123429251740621,0.0,0.0005924113790817,7.078
2.8130000000000006,0.2217488077848663,0.2529326422082482,0.1096602497087402,0.037070665675179304,up,up,up,up,-0.0338859688270083,-0.0123429251740621,0.0,0.0005924113790817,7.094
2.8440000000000003,0.2232466215210582,0.0822025409622295,0.116175048182586,0.040571112792494805,up,up,up,up,-0.0338859688270083,-0.0123429251740621,0.0,0.0005924113790817,7.125
2.8600000000000003,0.2262381902141328,0.22085901214417047,0.1195734398736826,0.0424571006969449,up,up,up,up,-0.0338859688270083,-0.0123429251740621,0.0,0.0005924113790817,7.141
2.875,0.2291433601889174,0.22756396714598748,0.1228036576240944,0.0442749289281782,up,up,up,up,-0.0338859688270083,-0.0123429251740621,0.0,0.0005924113790817,7.156
2.891,0.2308218942412807,0.13879434709971378,0.126285892856751,0.046267645332025,up,up,up,up,-0.0338859688270083,-0.0123429251740621,0.0,0.0005924113790817,7.172
2.907,0.2333297620534313,0.19062770708642202,0.1298016193043238,0.0483163454293136,up,up,up,up,-0.0338859688270083,-0.0123429251740621,0.0,0.0005924113790817,7.188
2.9220000000000006,0.23582209309414282,0.20004137154109852,0.1331351143403198,0.0502883709316485,up,up,up,up,-0.0338859688270083,-0.0123429251740621,0.0,0.0005924113790817,7.203
2.9380000000000006,0.23709028038581612,0.1131476745565912,0.1367209265253745,0.0524472192585741,up,up,up,up,-0.0338859688270083,-0.0123429251740621,0.0,0.0005924113790817,7.219
2.9540000000000006,0.2390786810595511,0.158161010935443,0.1403327914141524,0.0546636490020903,up,up,up,up,-0.0338859688270083,-0.0123429251740621,0.0,0.0005924113790817,7.235
2.9690000000000003,0.2410251275299781,0.1636490668554828,0.1437484261009629,0.0567942581334536,up,up,up,up,-0.0338859688270083,-0.0123429251740621,0.0,0.0005924113790817,7.25
3.0,0.2439513909232946,0.1282815621597987,0.1508829314565926,0.0613610441755957,up,up,up,up,-0.0338859688270083,-0.0123429251740621,0.0,0.0005924113790817,7.281
3.016,0.2449888606623371,0.0987278275171649,0.1545969666664927,0.06380488336058031,up,up,up,up,-0.0338859688270083,-0.0123429251740621,0.0,0.0005924113790817,7.297
3.032,0.2461437938105177,0.1060692905882959,0.1583285410994905,0.06630828742270821,up,up,up,up,-0.0338859688270083,-0.0123429251740621,0.0,0.0005924113790817,7.313
3.0470000000000006,0.2472825704835735,0.1098044136973874,0.1618440949540854,0.0687095821931101,up,up,up,up,-0.0338859688270083,-0.0123429251740621,0.0,0.0005924113790817,7.328
3.0630000000000006,0.2477524147351442,0.0632512345501773,0.1656068880330501,0.0713291900570072,up,up,up,up,-0.0338859688270083,-0.0123429251740621,0.0,0.0005924113790817,7.344
3.0790000000000006,0.2488582309500042,0.10299948225576169,0.1693822863957463,0.07400910345243761,up,up,up,up,-0.0338859688270083,-0.0123429251740621,0.0,0.0005924113790817,7.36
3.0940000000000003,0.2499186835442302,0.1045828084420721,0.1729379693768421,0.0765765053707319,up,up,up,up,-0.0338859688270083,-0.0123429251740621,0.0,0.0005924113790817,7.375
3.1100000000000003,0.2509881411430488,0.10072706875317079,0.1767477371715553,0.07937399102311911,up,up,up,up,-0.0338859688270083,-0.0123429251740621,0.0,0.0005924113790817,7.391
3.125,0.2506866380372816,0.013785761775864398,0.1803251541377968,0.0820520377079392,up,up,up,up,-0.0338859688270083,-0.0123429251740621,0.0,0.0005924113790817,7.406
3.141,0.2503759937073688,0.014470698207458998,0.184136168388969,0.0849677282881533,up,up,up,up,-0.0338859688270083,-0.0123429251740621,0.0,0.0005924113790817,7.422
3.157,0.2523614526525399,0.1579771529002021,0.1879605811570633,0.08794450228452161,up,up,up,up,-0.0338859688270083,-0.0123429251740621,0.0,0.0005924113790817,7.438
3.1720000000000006,0.252282831291188,0.028644544736878597,0.1915602694090305,0.0907909086637674,up,up,up,up,-0.0338859688270083,-0.0123429251740621,0.0,0.0005924113790817,7.453
3.2040000000000006,0.2545174976839295,0.1037192936001801,0.1992741010670624,0.09704425859138491,up,up,up,up,-0.0338859688270083,-0.0123429251740621,0.0,0.0005924113790817,7.485
3.2190000000000003,0.2552160435575654,0.0804556937360717,0.2029119587487626,0.1000606540400035,up,up,up,up,-0.0338859688270083,-0.0123429251740621,0.0,0.0005924113790817,7.5
3.2350000000000003,0.2556080339297075,0.0583853670858897,0.2068010645658758,0.1033383582265206,up,up,up,up,-0.0338859688270083,-0.0123429251740621,0.0,0.0005924113790817,7.516
3.266,0.2567646791850961,0.071197106097609,0.2143602109387592,0.1098663579968424,up,up,up,up,-0.0338859688270083,-0.0123429251740621,0.0,0.0005924113790817,7.547
3.282,0.2577319725828619,0.0943418061873707,0.2182786973501179,0.1133274692631534,up,up,up,up,-0.0338859688270083,-0.0123429251740621,0.0,0.0005924113790817,7.563
3.2970000000000006,0.2586817540285526,0.0972047318730518,0.2219666564220927,0.1166293094164451,up,up,up,up,-0.0338859688270083,-0.0123429251740621,0.0,0.0005924113790817,7.578
3.3130000000000006,0.2593847861864056,0.07782547869281731,0.2259137019410274,0.1202123522833501,up,up,up,up,-0.0338859688270083,-0.0123429251740621,0.0,0.0005924113790817,7.594
3.3290000000000006,0.26068963051259597,0.1154387392139139,0.2298768104718344,0.12385867638265301,up,up,up,up,-0.0338859688270083,-0.0123429251740621,0.0,0.0005924113790817,7.61
3.3440000000000003,0.2616606692538994,0.0986218849138984,0.2336092938424721,0.12733482216501021,up,up,up,up,-0.0338859688270083,-0.0123429251740621,0.0,0.0005924113790817,7.625
3.3600000000000003,0.2626109037170518,0.09327562277403659,0.2376059796234547,0.1311045443527377,up,up,up,up,-0.0338859688270083,-0.0123429251740621,0.0,0.0005924113790817,7.641
3.375,0.2628954646771486,0.0528566995001266,0.2413621335088002,0.1346968052012295,up,up,up,up,-0.0338859688270083,-0.0123429251740621,0.0,0.0005924113790817,7.656
3.391,0.2645745467325735,0.1388285972910635,0.245384406797293,0.1385907775236783,up,up,up,up,-0.0338859688270083,-0.0123429251740621,0.0,0.0005924113790817,7.672
3.407,0.2662391007062563,0.137920592182184,0.2494334291740186,0.1425493202114487,up,up,up,up,-0.0338859688270083,-0.0123429251740621,0.0,0.0005924113790817,7.688
3.4380000000000006,0.2676814875991624,0.0804145782755913,0.2573265676123569,0.15040410016163772,up,up,up,up,-0.0338859688270083,-0.0123429251740621,0.0,0.0005924113790817,7.719
3.4540000000000006,0.2689272546625858,0.1117464102909698,0.2614219507476659,0.1545540883085179,up,up,up,up,-0.0338859688270083,-0.0123429251740621,0.0,0.0005924113790817,7.735
3.4690000000000003,0.2689945160603315,0.038370062010055696,0.2652712201504767,0.1585042870902539,up,up,up,up,-0.0338859688270083,-0.0123429251740621,0.0,0.0005924113790817,7.75
3.4850000000000003,0.2699762929972067,0.09524702738170679,0.2693854998201521,0.1627815408500189,up,up,up,up,-0.0338859688270083,-0.0123429251740621,0.0,0.0005924113790817,7.766
3.5,0.2711571736341529,0.11261134462342409,0.2732588569422762,0.1668513735257371,up,up,up,up,-0.0338859688270083,-0.0123429251740621,0.0,0.0005924113790817,7.781
3.516,0.2723194625904295,0.10652902859429379,0.2774091832292879,0.1712567178471096,up,up,up,up,-0.0338859688270083,-0.0123429251740621,0.0,0.0005924113790817,7.797
3.5470000000000006,0.2720805905482546,0.0261804190794319,0.2854647533725417,0.1799812638644381,up,up,up,up,-0.0338859688270083,-0.0123429251740621,0.0,0.0005924113790817,7.828
3.5630000000000006,0.2718301450843157,0.0182331273308252,0.2896185524548173,0.184581930311057,up,up,up,up,-0.0338859688270083,-0.0123429251740621,0.0,0.0005924113790817,7.844
3.5790000000000006,0.27273482283065853,0.09042832797343581,0.2937775853953521,0.1892490994138583,up,up,up,up,-0.0338859688270083,-0.0123429251740621,0.0,0.0005924113790817,7.86
3.6100000000000003,0.2745782114835116,0.0933501189190427,0.3018783067468257,0.198481765742062,up,up,up,up,-0.0338859688270083,-0.0123429251740621,0.0,0.0005924113790817,7.891
3.625,0.2755021778396447,0.095483725902551,0.3058187657891384,0.2030394937860816,up,up,up,up,-0.0338859688270083,-0.0123429251740621,0.0,0.0005924113790817,7.906
3.641,0.2760319021654176,0.06699373918781559,0.3100335516263939,0.2079663123254059,up,up,up,up,-0.0338859688270083,-0.0123429251740621,0.0,0.0005924113790817,7.922
3.6720000000000006,0.2771275807790214,0.06923044023358249,0.3182248929316369,0.21770431821605551,up,up,up,up,-0.0338859688270083,-0.0123429251740621,0.0,0.0005924113790817,7.953
3.6880000000000006,0.2781971513168919,0.1007341274439138,0.3224700039856192,0.2228298773913936,up,up,up,up,-0.0338859688270083,-0.0123429251740621,0.0,0.0005924113790817,7.969
3.7040000000000006,0.2783587556377291,0.043986238879335,0.3267249644384712,0.2280234371387863,up,up,up,up,-0.0338859688270083,-0.0123429251740621,0.0,0.0005924113790817,7.985
3.7190000000000003,0.2782429486196243,0.026165500953349897,0.3307143333427903,0.2329542318721457,up,up,up,up,-0.0338859688270083,-0.0123429251740621,0.0,0.0005924113790817,8.0
3.750000000000001,0.2779638519100871,0.024882849164518696,0.3389529080706051,0.2433340741140535,up,up,up,up,-0.0338859688270083,-0.0123429251740621,0.0,0.0005924113790817,8.031
3.766000000000001,0.2775877117424272,0.010377208348267396,0.3431998337770402,0.2487912960488346,up,up,up,up,-0.0338859688270083,-0.0123429251740621,0.0,0.0005924113790817,8.047
3.782000000000001,0.2772507426194011,0.012825398637873,0.3474410546091498,0.2543164231559242,up,up,up,up,-0.0338859688270083,-0.0123429251740621,0.0,0.0005924113790817,8.063
3.7969999999999997,0.2778069909075284,0.07096918803550409,0.3514188437329906,0.25955787239348976,up,up,up,up,-0.0338859688270083,-0.0123429251740621,0.0,0.0005924113790817,8.078
3.8289999999999997,0.2771679746097515,0.013916709521478297,0.3599034695756971,0.2709390294064288,up,up,up,up,-0.0338859688270083,-0.0123429251740621,0.0,0.0005924113790817,8.11
3.8440000000000003,0.2765117210226808,0.0,0.3638709234153295,0.27636733735386176,up,up,up,up,-0.0338859688270083,-0.0123429251740621,0.0,0.0005924113790817,8.125
3.8600000000000003,0.2781907919770834,0.13882790347716828,0.3681110567165427,0.2822231931949167,up,up,up,up,-0.0338859688270083,-0.0123429251740621,0.0,0.0005924113790817,8.141
3.875000000000001,0.2792483354031692,0.1043888638993904,0.3721067062942838,0.2877748264174981,up,up,up,up,-0.0338859688270083,-0.0123429251740621,0.0,0.0005924113790817,8.156
3.891000000000001,0.28027176266336973,0.0978501725895425,0.3763853802760311,0.29376276311006067,up,up,up,up,-0.0338859688270083,-0.0123429251740621,0.0,0.0005924113790817,8.172
3.907000000000001,0.2820003717580963,0.1419240372474211,0.3806860705486178,0.2998193347166578,up,up,up,up,-0.0338859688270083,-0.0123429251740621,0.0,0.0005924113790817,8.188
3.9219999999999997,0.2826140183817163,0.07479574373500869,0.3847355345970552,0.30555999675524986,up,up,up,up,-0.0338859688270083,-0.0123429251740621,0.0,0.0005924113790817,8.203
3.9539999999999997,0.2838072319051807,0.0711738914352727,0.3934033009960755,0.31801021812473995,up,up,up,up,-0.0338859688270083,-0.0123429251740621,0.0,0.0005924113790817,8.235
3.9690000000000003,0.2847621480854201,0.0975470475096293,0.3974824274683943,0.32394186108822376,up,up,up,up,-0.0338859688270083,-0.0123429251740621,0.0,0.0005924113790817,8.25
3.9850000000000003,0.2855717394608898,0.0844854297938685,0.4018476117659798,0.33033650140209875,up,up,up,up,-0.0338859688270083,-0.0123429251740621,0.0,0.0005924113790817,8.266
4.016000000000001,0.2863540002670053,0.0591201883791185,0.4103298300513663,0.3429252517502678,up,up,up,up,-0.0338859688270083,-0.0123429251740621,0.0,0.0005924113790817,8.297
4.032000000000001,0.2878763142118838,0.1290305903819183,0.4147261857644125,0.34952569987679405,up,up,up,up,-0.0338859688270083,-0.0123429251740621,0.0,0.0005924113790817,8.313
4.047,0.2893846241340423,0.1344399636375794,0.4188704989243957,0.35577767501195956,up,up,up,up,-0.0338859688270083,-0.0123429251740621,0.0,0.0005924113790817,8.328
4.063,0.2894690367311465,0.0391617561460228,0.4233038414085322,0.36251506973462305,up,up,up,up,-0.0338859688270083,-0.0123429251740621,0.0,0.0005924113790817,8.344
4.079,0.2894041526665134,0.029830714787438397,0.4277373401209285,0.36932339918685875,up,up,up,up,-0.0338859688270083,-0.0123429251740621,0.0,0.0005924113790817,8.36
4.094,0.2893738743085663,0.0318674116305344,0.4318930314456308,0.3757706269736082,up,up,up,up,-0.0338859688270083,-0.0123429251740621,0.0,0.0005924113790817,8.375
4.11,0.2887880826794209,0.0,0.4363208402987497,0.38271633794756327,up,up,up,up,-0.0338859688270083,-0.0123429251740621,0.0,0.0005924113790817,8.391
4.125000000000001,0.29006856124531133,0.11925120655303299,0.4404771212505745,0.38929232265918345,up,up,up,up,-0.0338859688270083,-0.0123429251740621,0.0,0.0005924113790817,8.406
4.157000000000001,0.29062428749437963,0.051252414110392594,0.4493732332248396,0.4035299283307901,up,up,up,up,-0.0338859688270083,-0.0123429251740621,0.0,0.0005924113790817,8.438
4.172,0.2911864437122204,0.07136305001640039,0.4535516698312778,0.41030186510371036,up,up,up,up,-0.0338859688270083,-0.0123429251740621,0.0,0.0005924113790817,8.453
4.188,0.2918684877843205,0.0765137233332608,0.4580186224804651,0.4175944274422044,up,up,up,up,-0.0338859688270083,-0.0123429251740621,0.0,0.0005924113790817,8.469
4.204,0.2928020073553572,0.0922309420168027,0.4624984996387976,0.42495856441915847,up,up,up,up,-0.0338859688270083,-0.0123429251740621,0.0,0.0005924113790817,8.485
4.219,0.29371838836880393,0.0949780363901199,0.466712258729118,0.43192764510691806,up,up,up,up,-0.0338859688270083,-0.0123429251740621,0.0,0.0005924113790817,8.5
4.235,0.292209488378484,0.06042028056798471,0.4712021949403113,0.4394309607362736,up,up,up,up,-0.0338859688270083,-0.0123429251740621,0.0,0.0005924113790817,8.516
4.250000000000001,0.2922022644909514,0.0334043763248348,0.4754001392092213,0.4465304782423953,up,up,up,up,-0.0338859688270083,-0.0123429251740621,0.0,0.0005924113790817,8.531
4.282000000000001,0.2922520648296753,0.035442229412130995,0.4843564348727814,0.4618865834277074,up,up,up,up,-0.0338859688270083,-0.0123429251740621,0.0,0.0005924113790817,8.563
4.297,0.29229147891264873,0.0365135743585662,0.4885553675732376,0.46918342194605195,up,up,up,up,-0.0338859688270083,-0.0123429251740621,0.0,0.0005924113790817,8.578
4.313,0.292188715529198,0.027463257361338297,0.4930337223259873,0.47703613466524575,up,up,up,up,-0.0338859688270083,-0.0123429251740621,0.0,0.0005924113790817,8.594
4.329,0.2921641898160008,0.032353111752182,0.4975110587659639,0.48496049291398136,up,up,up,up,-0.0338859688270083,-0.0123429251740621,0.0,0.0005924113790817,8.61
4.36,0.2928595074296147,0.056315569266168,0.5061962953928746,0.5005179569034437,up,up,up,up,-0.0338859688270083,-0.0123429251740621,0.0,0.0005924113790817,8.641
4.375000000000001,0.2934813947949202,0.07534512651403599,0.5104087082819474,0.5081424944310051,up,up,up,up,-0.0338859688270083,-0.0123429251740621,0.0,0.0005924113790817,8.656
4.391000000000001,0.2925797245946189,0.022468418691822603,0.5148997104342782,0.516344961780735,up,up,up,up,-0.0338859688270083,-0.0123429251740621,0.0,0.0005924113790817,8.672
4.407000000000001,0.2908648264963052,0.0732951623175985,0.5193697800402204,0.524619117704531,up,up,up,up,-0.0338859688270083,-0.0123429251740621,0.0,0.0005924113790817,8.688
4.422,0.2914748308831445,0.07455292794963389,0.523552183592955,0.5324410324317791,up,up,up,up,-0.0338859688270083,-0.0123429251740621,0.0,0.0005924113790817,8.703
4.438,0.2921085662501816,0.07349442926682989,0.5280233639672366,0.5408536368122606,up,up,up,up,-0.0338859688270083,-0.0123429251740621,0.0,0.0005924113790817,8.719
4.454,0.2906408286006296,0.05784763426999111,0.5324878723232581,0.5493377267025846,up,up,up,up,-0.0338859688270083,-0.0123429251740621,0.0,0.0005924113790817,8.735
4.469,0.290454616887466,0.021471854616096398,0.5366609442868081,0.5573563428271604,up,up,up,up,-0.0338859688270083,-0.0123429251740621,0.0,0.0005924113790817,8.75
4.485,0.2902350248264476,0.0201614650133582,0.5411089746177344,0.5659785021783967,up,up,up,up,-0.0338859688270083,-0.0123429251740621,0.0,0.0005924113790817,8.766
4.500000000000001,0.2906571648004394,0.0620286337597989,0.5452805221623254,0.5741264234042475,up,up,up,up,-0.0338859688270083,-0.0123429251740621,0.0,0.0005924113790817,8.781
4.516000000000001,0.2903307870583642,0.013487359947306897,0.5497309389744108,0.5828865150933413,up,up,up,up,-0.0338859688270083,-0.0123429251740621,0.0,0.0005924113790817,8.797
4.532000000000001,0.2899808438448925,0.0120145179850269,0.5541759452188519,0.5917177701668874,up,up,up,up,-0.0338859688270083,-0.0123429251740621,0.0,0.0005924113790817,8.813
4.547,0.2903337562131494,0.0574134600441336,0.558343160841676,0.6000616634623407,up,up,up,up,-0.0338859688270083,-0.0123429251740621,0.0,0.0005924113790817,8.828
4.563,0.2888094720969629,0.0613817884346438,0.5627788198653719,0.6090306393079971,up,up,up,up,-0.0338859688270083,-0.0123429251740621,0.0,0.0005924113790817,8.844
4.579,0.2879108139890203,0.0222801629194073,0.5671950953512748,0.6180704306297302,up,up,up,up,-0.0338859688270083,-0.0123429251740621,0.0,0.0005924113790817,8.86
4.594,0.287016190854894,0.0257555734480727,0.5713219040099934,0.6266093081249401,up,up,up,up,-0.0338859688270083,-0.0123429251740621,0.0,0.0005924113790817,8.875
4.61,0.286596043151011,0.0,0.5757133150792556,0.6357855898776541,up,up,up,up,-0.0338859688270083,-0.0123429251740621,0.0,0.0005924113790817,8.891
4.625000000000001,0.2867374643605096,0.043314049460245196,0.5798281725079812,0.6444521510345587,up,up,up,up,-0.0338859688270083,-0.0123429251740621,0.0,0.0005924113790817,8.906
4.657000000000001,0.286597423041897,0.0295096776203658,0.5886065571008497,0.6631471067083,up,up,up,up,-0.0338859688270083,-0.0123429251740621,0.0,0.0005924113790817,8.938
4.672,0.2868576486394083,0.05123434199442729,0.5927223262608483,0.6720070733335121,up,up,up,up,-0.0338859688270083,-0.0123429251740621,0.0,0.0005924113790817,8.953
4.688,0.2870672479104357,0.046985923266219,0.597116238630462,0.6815257818526426,up,up,up,up,-0.0338859688270083,-0.0123429251740621,0.0,0.0005924113790817,8.969
4.704,0.2876184669204598,0.0683371569535135,0.6015162375463242,0.6911148416620568,up,up,up,up,-0.0338859688270083,-0.0123429251740621,0.0,0.0005924113790817,8.985
4.719,0.2876701082154262,0.0373287218247739,0.6056457579822326,0.7001685566285214,up,up,up,up,-0.0338859688270083,-0.0123429251740621,0.0,0.0005924113790817,9.0
4.735,0.2883919629974265,0.0790018927020247,0.6100567677491505,0.7098941768343725,up,up,up,up,-0.0338859688270083,-0.0123429251740621,0.0,0.0005924113790817,9.016
4.766000000000001,0.2889884371926037,0.053127071897238996,0.6186235332717003,0.728938721500196,up,up,up,up,-0.0338859688270083,-0.0123429251740621,0.0,0.0005924113790817,9.047
4.782000000000001,0.2898191529609519,0.0858057043487742,0.6230565071901437,0.7388721618238908,up,up,up,up,-0.0338859688270083,-0.0123429251740621,0.0,0.0005924113790817,9.063
4.797,0.290584665430428,0.0849201334587519,0.6272243919504678,0.7482492685674447,up,up,up,up,-0.0338859688270083,-0.0123429251740621,0.0,0.0005924113790817,9.078
4.829,0.2901516888021778,0.020355449194187795,0.6361212000126195,0.7684627980388541,up,up,up,up,-0.0338859688270083,-0.0123429251740621,0.0,0.0005924113790817,9.11
4.844,0.291344529520817,0.113408683402954,0.6402972777724312,0.7780359366222424,up,up,up,up,-0.0338859688270083,-0.0123429251740621,0.0,0.0005924113790817,9.125
4.86,0.2924919130252839,0.1055974378561869,0.644770482510015,0.7883164787045019,up,up,up,up,-0.0338859688270083,-0.0123429251740621,0.0,0.0005924113790817,9.141
4.875000000000001,0.2914212815091623,0.03748946558109051,0.6489646875914126,0.798019492480263,up,up,up,up,-0.0338859688270083,-0.0123429251740621,0.0,0.0005924113790817,9.156
4.891000000000001,0.2915905751277563,0.044466819989131295,0.653431295641723,0.8084386603461281,up,up,up,up,-0.0338859688270083,-0.0123429251740621,0.0,0.0005924113790817,9.172
4.907000000000001,0.2926580023991683,0.1006001732902556,0.6579077974591534,0.8189293730909352,up,up,up,up,-0.0338859688270083,-0.0123429251740621,0.0,0.0005924113790817,9.188
4.922,0.29368086051197473,0.10207650968077679,0.6621201950533757,0.8288295830347784,up,up,up,up,-0.0338859688270083,-0.0123429251740621,0.0,0.0005924113790817,9.203
4.938,0.295779423149062,0.1650461336449643,0.666638390519879,0.8394596517193644,up,up,up,up,-0.0338859688270083,-0.0123429251740621,0.0,0.0005924113790817,9.219
4.954,0.2956554079713491,0.026135020219953498,0.6711723823660574,0.8501621379024519,up,up,up,up,-0.0338859688270083,-0.0123429251740621,0.0,0.0005924113790817,9.235
4.969,0.294525276479554,0.0414561306259944,0.6754135936218284,0.8602615327223614,up,up,up,up,-0.0338859688270083,-0.0123429251740621,0.0,0.0005924113790817,9.25
4.985,0.2947954675336639,0.050772909708874395,0.6799306727711492,0.8711042868535053,up,up,up,up,-0.0338859688270083,-0.0123429251740621,0.0,0.0005924113790817,9.266
5.000000000000001,0.2950428921948056,0.0503809462364538,0.6841693165915019,0.8813350367737255,up,up,up,up,-0.0338859688270083,-0.0123429251740621,0.0,0.0005924113790817,9.281
5.032000000000001,0.2970780769714096,0.097485493095884,0.6932482784925914,0.9033737182950711,up,up,up,up,-0.0338859688270083,-0.0123429251740621,0.0,0.0005924113790817,9.313
5.047,0.2973807076654147,0.05406134842734629,0.6975215754997564,0.9138044922000127,up,up,up,up,-0.0338859688270083,-0.0123429251740621,0.0,0.0005924113790817,9.328
5.063,0.2976894468549229,0.0531821681712735,0.702084649933134,0.9250013420034758,up,up,up,up,-0.0338859688270083,-0.0123429251740621,0.0,0.0005924113790817,9.344
5.079,0.3000470470929937,0.18123598370642968,0.7066690550819323,0.9362713716435963,up,up,up,up,-0.0338859688270083,-0.0123429251740621,0.0,0.0005924113790817,9.36
5.11,0.3013182466062538,0.07489240473862549,0.7156075864538749,0.9583166595874019,up,up,up,up,-0.0338859688270083,-0.0123429251740621,0.0,0.0005924113790817,9.391
5.125000000000001,0.3025860196649592,0.1184041727406985,0.7199517245732983,0.9690833544201061,up,up,up,up,-0.0338859688270083,-0.0123429251740621,0.0,0.0005924113790817,9.406
5.141000000000001,0.3037386921943454,0.1059280019136471,0.7246048354653877,0.9806398069004155,up,up,up,up,-0.0338859688270083,-0.0123429251740621,0.0,0.0005924113790817,9.422
5.157000000000001,0.3050395497730171,0.11518956749399009,0.7292775745983416,0.9922708661809255,up,up,up,up,-0.0338859688270083,-0.0123429251740621,0.0,0.0005924113790817,9.438
5.172,0.30627594777025813,0.11631250197641199,0.7336772969523049,1.0032430277175546,up,up,up,up,-0.0338859688270083,-0.0123429251740621,0.0,0.0005924113790817,9.453
5.188,0.3054738542738189,0.0162448747004433,0.7383738085658725,1.0150194365617,up,up,up,up,-0.0338859688270083,-0.0123429251740621,0.0,0.0005924113790817,9.469
5.204,0.3063770243585981,0.09033409912571119,0.7430711287921469,1.0268709960605642,up,up,up,up,-0.0338859688270083,-0.0123429251740621,0.0,0.0005924113790817,9.485
5.235,0.3060221244082353,0.022437583331432295,0.752180684917637,1.0500473991730663,up,up,up,up,-0.0338859688270083,-0.0123429251740621,0.0,0.0005924113790817,9.516
5.250000000000001,0.3066820961278242,0.077884083466272,0.7565908226940466,1.0613631854801544,up,up,up,up,-0.0338859688270083,-0.0123429251740621,0.0,0.0005924113790817,9.531
5.282000000000001,0.3064648551749727,0.027097189050396396,0.7660062003093214,1.0857247378482082,up,up,up,up,-0.0338859688270083,-0.0123429251740621,0.0,0.0005924113790817,9.563
5.297,0.3072032500876478,0.0831122963386878,0.7704235672211798,1.0972479611046861,up,up,up,up,-0.0338859688270083,-0.0123429251740621,0.0,0.0005924113790817,9.578
5.313,0.3084493641927484,0.1117681003957932,0.775151301332638,1.1096125600531166,up,up,up,up,-0.0338859688270083,-0.0123429251740621,0.0,0.0005924113790817,9.594
5.329,0.3096402144939727,0.10831411265352969,0.7798985311593468,1.1220529587130526,up,up,up,up,-0.0338859688270083,-0.0123429251740621,0.0,0.0005924113790817,9.61
5.36,0.3088275746532236,0.0,0.7891021512107326,1.1463724692897892,up,up,up,up,-0.0338859688270083,-0.0123429251740621,0.0,0.0005924113790817,9.641
5.375000000000001,0.3087966607007608,0.031825038662822,0.7935491890982767,1.1582423543421072,up,up,up,up,-0.0338859688270083,-0.0123429251740621,0.0,0.0005924113790817,9.656
5.391000000000001,0.3088150120714523,0.035032929495227294,0.7982925956776694,1.1709770886203148,up,up,up,up,-0.0338859688270083,-0.0123429251740621,0.0,0.0005924113790817,9.672
5.407000000000001,0.3085997353760099,0.020431175361857595,0.8030344268544641,1.1837877048005718,up,up,up,up,-0.0338859688270083,-0.0123429251740621,0.0,0.0005924113790817,9.688
5.422,0.3099366374254675,0.12301277212418729,0.8074883057728639,1.1958666252952759,up,up,up,up,-0.0338859688270083,-0.0123429251740621,0.0,0.0005924113790817,9.703
5.438,0.3112890662152452,0.11841276818811469,0.8122606245992046,1.2088246167382524,up,up,up,up,-0.0338859688270083,-0.0123429251740621,0.0,0.0005924113790817,9.719
5.454,0.3107462748477729,0.0,0.8170394205249237,1.2218590170992454,up,up,up,up,-0.0338859688270083,-0.0123429251740621,0.0,0.0005924113790817,9.735
5.469,0.3114620979960047,0.0816075120424611,0.8215208394436413,1.23414821904901,up,up,up,up,-0.0338859688270083,-0.0123429251740621,0.0,0.0005924113790817,9.75
5.485,0.31216991229875113,0.0781243627486555,0.8263124087232143,1.247330885034345,up,up,up,up,-0.0338859688270083,-0.0123429251740621,0.0,0.0005924113790817,9.766
5.500000000000001,0.3119786583332509,0.021135704460326296,0.8308083791253436,1.2597592909432096,up,up,up,up,-0.0338859688270083,-0.0123429251740621,0.0,0.0005924113790817,9.781
5.516000000000001,0.3126136788301963,0.07357474988609669,0.8356076310198661,1.2730906190243714,up,up,up,up,-0.0338859688270083,-0.0123429251740621,0.0,0.0005924113790817,9.797
5.547,0.3124485589977173,0.028559522618007496,0.8449134650258026,1.2991386960130782,up,up,up,up,-0.0338859688270083,-0.0123429251740621,0.0,0.0005924113790817,9.828
5.563,0.3122891938687768,0.023925648268231098,0.8497138802459495,1.3126957147752525,up,up,up,up,-0.0338859688270083,-0.0123429251740621,0.0,0.0005924113790817,9.844
5.579,0.3140680466287691,0.1450642663265227,0.8545272513671449,1.326329643828157,up,up,up,up,-0.0338859688270083,-0.0123429251740621,0.0,0.0005924113790817,9.86
5.61,0.31579377514346163,0.08955463059128299,0.8639074789242187,1.3529653821476735,up,up,up,up,-0.0338859688270083,-0.0123429251740621,0.0,0.0005924113790817,9.891
5.625000000000001,0.3148487318509172,0.029116917342616705,0.8684521538490658,1.3659580793934738,up,up,up,up,-0.0338859688270083,-0.0123429251740621,0.0,0.0005924113790817,9.906
5.641000000000001,0.3150238050358975,0.0448280428882791,0.8732936473413754,1.3798920458029973,up,up,up,up,-0.0338859688270083,-0.0123429251740621,0.0,0.0005924113790817,9.922
5.657000000000001,0.3151634729037873,0.0426152105701189,0.8781376587621079,1.393903496251825,up,up,up,up,-0.0338859688270083,-0.0123429251740621,0.0,0.0005924113790817,9.938
5.672,0.3150553915583653,0.026680545798877697,0.8826791563679628,1.4071096223652995,up,up,up,up,-0.0338859688270083,-0.0123429251740621,0.0,0.0005924113790817,9.953
5.688,0.3146462086907675,0.0,0.8875192823671708,1.4212712098751803,up,up,up,up,-0.0338859688270083,-0.0123429251740621,0.0,0.0005924113790817,9.969
5.704,0.3142799592110279,0.010995376343281998,0.8923532049076002,1.4355101897733786,up,up,up,up,-0.0338859688270083,-0.0123429251740621,0.0,0.0005924113790817,9.985
5.735,0.3145070296517627,0.041210821753936394,0.9017167725545776,1.463318274424043,up,up,up,up,-0.0338859688270083,-0.0123429251740621,0.0,0.0005924113790817,10.016
5.750000000000001,0.3140106012917609,0.0,0.9062455109090434,1.4768779915500203,up,up,up,up,-0.0338859688270083,-0.0123429251740621,0.0,0.0005924113790817,10.031
5.766000000000001,0.3135373530080159,0.0,0.9110684077406566,1.491416502899218,up,up,up,up,-0.0338859688270083,-0.0123429251740621,0.0,0.0005924113790817,10.047
5.782000000000001,0.3126883948583074,0.019173915529768,0.915880726920802,1.5060320959765099,up,up,up,up,-0.0338859688270083,-0.0123429251740621,0.0,0.0005924113790817,10.063
5.797,0.3123832297666755,0.013541629384878698,0.9203836202278782,1.519804078580124,up,up,up,up,-0.0338859688270083,-0.0123429251740621,0.0,0.0005924113790817,10.078
5.813,0.312056930108163,0.013492240169977299,0.925181654704092,1.5345686007795796,up,up,up,up,-0.0338859688270083,-0.0123429251740621,0.0,0.0005924113790817,10.094
5.829,0.3113885268947101,0.0,0.92997173155733,1.5494098278696709,up,up,up,up,-0.0338859688270083,-0.0123429251740621,0.0,0.0005924113790817,10.11
5.86,0.31025739312245193,0.0,0.9392246126372,1.5783823712046867,up,up,up,up,-0.0338859688270083,-0.0123429251740621,0.0,0.0005924113790817,10.141
5.875000000000001,0.3091873365268966,0.03745113754333951,0.9436853042319596,1.592504195581206,up,up,up,up,-0.0338859688270083,-0.0123429251740621,0.0,0.0005924113790817,10.156
5.907000000000001,0.3097092529475134,0.0501958569712807,0.95319267605798,1.6228542432658453,up,up,up,up,-0.0338859688270083,-0.0123429251740621,0.0,0.0005924113790817,10.188
5.922,0.3102241958616165,0.0682154964338873,0.9576570330464372,1.637185616084127,up,up,up,up,-0.0338859688270083,-0.0123429251740621,0.0,0.0005924113790817,10.203
5.938,0.310473693821244,0.0494795913037255,0.9624251293611152,1.6525462733833873,up,up,up,up,-0.0338859688270083,-0.0123429251740621,0.0,0.0005924113790817,10.219
5.954,0.3096915086717224,0.015000603018088601,0.9671889641782738,1.6679831861317025,up,up,up,up,-0.0338859688270083,-0.0123429251740621,0.0,0.0005924113790817,10.235
5.969,0.3089378285133364,0.016359375065393804,0.971643540329551,1.6825244299155118,up,up,up,up,-0.0338859688270083,-0.0123429251740621,0.0,0.0005924113790817,10.25
6.000000000000001,0.3075755630502339,0.010058078369844806,0.9808168672183906,1.7127875662325054,up,up,up,up,-0.0338859688270083,-0.0123429251740621,0.0,0.0005924113790817,10.281
6.016000000000001,0.3078430213022134,0.050602109575726396,0.9855427290904252,1.728518443002976,up,up,up,up,-0.0338859688270083,-0.0123429251740621,0.0,0.0005924113790817,10.297
6.032000000000001,0.3081000762959203,0.0499519059336878,0.9902727870684253,1.7443249671322467,up,up,up,up,-0.0338859688270083,-0.0123429251740621,0.0,0.0005924113790817,10.313
6.047,0.3079261796277013,0.022292857612408297,0.9947078401102412,1.7592123218360856,up,up,up,up,-0.0338859688270083,-0.0123429251740621,0.0,0.0005924113790817,10.328
6.063,0.3070342304170754,0.021860856837107402,0.9994300365878144,1.77516542484967,up,up,up,up,-0.0338859688270083,-0.0123429251740621,0.0,0.0005924113790817,10.344
6.079,0.3061545060344688,0.021096805085906604,1.0041380596766418,1.7911939696197856,up,up,up,up,-0.0338859688270083,-0.0123429251740621,0.0,0.0005924113790817,10.36
6.094,0.306069242766311,0.028201750949819797,1.0085445939150368,1.8062890895217236,up,up,up,up,-0.0338859688270083,-0.0123429251740621,0.0,0.0005924113790817,10.375
6.11,0.3059102424185944,0.023948447094724497,1.013242942993731,1.8224633898169944,up,up,up,up,-0.0338859688270083,-0.0123429251740621,0.0,0.0005924113790817,10.391
6.125000000000001,0.3066998667129077,0.0865275884478919,1.0176523749346065,1.8376951047014571,up,up,up,up,-0.0338859688270083,-0.0123429251740621,0.0,0.0005924113790817,10.406
6.157000000000001,0.3078678461331918,0.0703853257108872,1.027090484734574,1.8704109904561639,up,up,up,up,-0.0338859688270083,-0.0123429251740621,0.0,0.0005924113790817,10.438
6.172,0.3066032782793755,0.0504185547607548,1.0315138742900571,1.8858505231488472,up,up,up,up,-0.0338859688270083,-0.0123429251740621,0.0,0.0005924113790817,10.453
6.188,0.3053797609164288,0.042583866357159106,1.0362122518008383,1.9023923321575749,up,up,up,up,-0.0338859688270083,-0.0123429251740621,0.0,0.0005924113790817,10.469
6.204,0.3038636491757618,0.060871014964680004,1.040888712278791,1.9190091398702116,up,up,up,up,-0.0338859688270083,-0.0123429251740621,0.0,0.0005924113790817,10.485
6.219,0.3016582384690824,0.1131414116182758,1.0452449825585166,1.934655142581492,up,up,up,up,-0.0338859688270083,-0.0123429251740621,0.0,0.0005924113790817,10.5
6.235,0.2995387471749566,0.0985822370558546,1.049857071640884,1.9514159590150875,up,up,up,up,-0.0338859688270083,-0.0123429251740621,0.0,0.0005924113790817,10.516
6.266000000000001,0.30018878949340433,0.054855075873707,1.0587702177788478,1.9840996820010939,up,up,up,up,-0.0338859688270083,-0.0123429251740621,0.0,0.0005924113790817,10.547
6.282000000000001,0.3006987668598349,0.0657595542289174,1.0633798314268887,2.00107688239474,up,up,up,up,-0.0338859688270083,-0.0123429251740621,0.0,0.0005924113790817,10.563
6.297,0.3012172789273801,0.068453439996696,1.0677090578926816,2.0170600490646353,up,up,up,up,-0.0338859688270083,-0.0123429251740621,0.0,0.0005924113790817,10.578
6.313,0.300649243149536,0.0,1.072326503266512,2.034180333553909,up,up,up,up,-0.0338859688270083,-0.0123429251740621,0.0,0.0005924113790817,10.594
6.344,0.3000770552248699,0.015428293837780698,1.0812551302109197,2.06756084887281,up,up,up,up,-0.0338859688270083,-0.0123429251740621,0.0,0.0005924113790817,10.625
6.36,0.2995181046637363,0.0,1.0858544046872434,2.084897725151995,up,up,up,up,-0.0338859688270083,-0.0123429251740621,0.0,0.0005924113790817,10.641
6.375000000000001,0.2986062815572285,0.0269022382735044,1.09015519370629,2.101217797139947,up,up,up,up,-0.0338859688270083,-0.0123429251740621,0.0,0.0005924113790817,10.656
6.391000000000001,0.2977489964519932,0.019694350250198202,1.0947285491275789,2.1186968670826185,up,up,up,up,-0.0338859688270083,-0.0123429251740621,0.0,0.0005924113790817,10.672
6.422,0.2967358644700226,0.0,1.1035604337914735,2.1527703463178622,up,up,up,up,-0.0338859688270083,-0.0123429251740621,0.0,0.0005924113790817,10.703
6.438,0.2948007053868018,0.087061473874294,1.1080952395475434,2.1704635917045745,up,up,up,up,-0.0338859688270083,-0.0123429251740621,0.0,0.0005924113790817,10.719
6.469,0.2937011182525655,0.0,1.1168343871335578,2.204950000918132,up,up,up,up,-0.0338859688270083,-0.0123429251740621,0.0,0.0005924113790817,10.75
6.485,0.2940432817301541,0.055271186176298295,1.1213388555306345,2.2228553868594454,up,up,up,up,-0.0338859688270083,-0.0123429251740621,0.0,0.0005924113790817,10.766
6.500000000000001,0.2948249399045952,0.0859965137897457,1.1255702233152844,2.2397072049507902,up,up,up,up,-0.0338859688270083,-0.0123429251740621,0.0,0.0005924113790817,10.781
6.516000000000001,0.2956384218137398,0.08472858814854209,1.1300964434062462,2.2577525382845627,up,up,up,up,-0.0338859688270083,-0.0123429251740621,0.0,0.0005924113790817,10.797
6.532000000000001,0.2959253697705488,0.0518202161275744,1.1346314669361357,2.275870361567302,up,up,up,up,-0.0338859688270083,-0.0123429251740621,0.0,0.0005924113790817,10.813
6.547,0.2970983848877146,0.11208697663807,1.1388940012184612,2.2929218025784595,up,up,up,up,-0.0338859688270083,-0.0123429251740621,0.0,0.0005924113790817,10.828
6.563,0.29820685602764563,0.1031654150726929,1.143458956342999,2.3111806262389516,up,up,up,up,-0.0338859688270083,-0.0123429251740621,0.0,0.0005924113790817,10.844
6.594,0.2994987036439429,0.0755584725785334,1.152340761837513,2.3467655218707506,up,up,up,up,-0.0338859688270083,-0.0123429251740621,0.0,0.0005924113790817,10.875
6.61,0.2981330110208464,0.0514698201165224,1.1569243287520463,2.3652396425954665,up,up,up,up,-0.0338859688270083,-0.0123429251740621,0.0,0.0005924113790817,10.891
6.625000000000001,0.29674933857003083,0.0583588612273621,1.1612008024963671,2.3826255810798305,up,up,up,up,-0.0338859688270083,-0.0123429251740621,0.0,0.0005924113790817,10.906
6.641000000000001,0.2971251590669812,0.057374749886408,1.1657543116746782,2.4012412219931982,up,up,up,up,-0.0338859688270083,-0.0123429251740621,0.0,0.0005924113790817,10.922
6.657000000000001,0.2972289778336172,0.0403746417417589,1.170311657967098,2.4199297497503323,up,up,up,up,-0.0338859688270083,-0.0123429251740621,0.0,0.0005924113790817,10.938
6.688,0.2973221014271594,0.036889955715465994,1.1791445690152438,2.4563463212685566,up,up,up,up,-0.0338859688270083,-0.0123429251740621,0.0,0.0005924113790817,10.969
6.704,0.2972494590495031,0.029345820223492698,1.183703654696272,2.475249107058249,up,up,up,up,-0.0338859688270083,-0.0123429251740621,0.0,0.0005924113790817,10.985
6.719,0.2971335587136803,0.026159279772150497,1.187976383451885,2.493036707344361,up,up,up,up,-0.0338859688270083,-0.0123429251740621,0.0,0.0005924113790817,11.0
6.735,0.2966233446471413,0.0,1.1925289518759867,2.5120807500269837,up,up,up,up,-0.0338859688270083,-0.0123429251740621,0.0,0.0005924113790817,11.016
6.750000000000001,0.2949319575975782,0.0788731678105324,1.1967804727652114,2.530000570711793,up,up,up,up,-0.0338859688270083,-0.0123429251740621,0.0,0.0005924113790817,11.031
6.766000000000001,0.29580265763903313,0.0883047214179427,1.2013088628843194,2.5491852853969896,up,up,up,up,-0.0338859688270083,-0.0123429251740621,0.0,0.0005924113790817,11.047
6.782000000000001,0.2967054961786424,0.09031337755258709,1.2058514413120758,2.568442567830561,up,up,up,up,-0.0338859688270083,-0.0123429251740621,0.0,0.0005924113790817,11.063
6.813,0.2965657556456555,0.029378209698401096,1.2146645150349562,2.6059605651539384,up,up,up,up,-0.0338859688270083,-0.0123429251740621,0.0,0.0005924113790817,11.094
6.829,0.2974652602961338,0.09010500948190059,1.2192192763597056,2.6254316354850955,up,up,up,up,-0.0338859688270083,-0.0123429251740621,0.0,0.0005924113790817,11.11
6.844,0.2983508779938155,0.0929271486724524,1.2235027535192695,2.6437520507091885,up,up,up,up,-0.0338859688270083,-0.0123429251740621,0.0,0.0005924113790817,11.125
6.86,0.2986265478710805,0.0511153361560718,1.2280810861234035,2.66336472142633,up,up,up,up,-0.0338859688270083,-0.0123429251740621,0.0,0.0005924113790817,11.141
6.875000000000001,0.298899491576984,0.052082215887239,1.2323773875416535,2.6818181599788184,up,up,up,up,-0.0338859688270083,-0.0123429251740621,0.0,0.0005924113790817,11.156
6.891000000000001,0.3000900311936405,0.1082946948680391,1.2369718169210335,2.7015729536145194,up,up,up,up,-0.0338859688270083,-0.0123429251740621,0.0,0.0005924113790817,11.172
6.907000000000001,0.3004764754100844,0.058038732354748795,1.2415788621710784,2.721401359047257,up,up,up,up,-0.0338859688270083,-0.0123429251740621,0.0,0.0005924113790817,11.188
6.938,0.3002924932250135,0.027951059631173496,1.250508150504526,2.7600287077437273,up,up,up,up,-0.0338859688270083,-0.0123429251740621,0.0,0.0005924113790817,11.219
6.954,0.3001294047571594,0.023692939586129197,1.2551140388855986,2.780073685258848,up,up,up,up,-0.0338859688270083,-0.0123429251740621,0.0,0.0005924113790817,11.235
6.969,0.3006330508740245,0.0674623766180098,1.2594346134252217,2.79893280015118,up,up,up,up,-0.0338859688270083,-0.0123429251740621,0.0,0.0005924113790817,11.25
6.985,0.3008990147115593,0.0505087086729367,1.2640493831471211,2.8191206721237587,up,up,up,up,-0.0338859688270083,-0.0123429251740621,0.0,0.0005924113790817,11.266
7.000000000000001,0.3011466356780481,0.0503940332595931,1.2683795816474326,2.8381138893597186,up,up,up,up,-0.0338859688270083,-0.0123429251740621,0.0,0.0005924113790817,11.281
7.016000000000001,0.2998727313666052,0.045733050638174,1.2729902497810048,2.858444848011146,up,up,up,up,-0.0338859688270083,-0.0123429251740621,0.0,0.0005924113790817,11.297
7.032000000000001,0.2987089679265242,0.0388492461780513,1.277581416572565,2.878849421341975,up,up,up,up,-0.0338859688270083,-0.0123429251740621,0.0,0.0005924113790817,11.313
7.047,0.2976039481358281,0.03978201721940461,1.2818686195654214,2.898045296613008,up,up,up,up,-0.0338859688270083,-0.0123429251740621,0.0,0.0005924113790817,11.328
7.063,0.2979067421148738,0.0528105925173611,1.286435218284642,2.9185917273158086,up,up,up,up,-0.0338859688270083,-0.0123429251740621,0.0,0.0005924113790817,11.344
7.079,0.2973017400466808,0.0,1.2909993993391495,2.939211204256799,up,up,up,up,-0.0338859688270083,-0.0123429251740621,0.0,0.0005924113790817,11.36
7.094,0.2980251637802098,0.0821142177289371,1.2952792072402404,2.958608293806145,up,up,up,up,-0.0338859688270083,-0.0123429251740621,0.0,0.0005924113790817,11.375
7.11,0.2987280369792753,0.0778155437686007,1.2998557460435312,2.9793693734324154,up,up,up,up,-0.0338859688270083,-0.0123429251740621,0.0,0.0005924113790817,11.391
7.125000000000001,0.30019599618577253,0.1317499159268197,1.3041625324146582,2.9988995105208525,up,up,up,up,-0.0338859688270083,-0.0123429251740621,0.0,0.0005924113790817,11.406
7.141000000000001,0.3006142182326154,0.06002484675469209,1.3087715273272202,3.0198029829987876,up,up,up,up,-0.0338859688270083,-0.0123429251740621,0.0,0.0005924113790817,11.422
7.172,0.3009874738381874,0.045926472232557,1.3177137228739215,3.060513504376903,up,up,up,up,-0.0338859688270083,-0.0123429251740621,0.0,0.0005924113790817,11.453
7.188,0.2998036497672753,0.04010303560499841,1.32232256505998,3.081633794680375,up,up,up,up,-0.0338859688270083,-0.0123429251740621,0.0,0.0005924113790817,11.469
7.204,0.2986412314697944,0.03876517476555301,1.3269126373070916,3.1028276762993117,up,up,up,up,-0.0338859688270083,-0.0123429251740621,0.0,0.0005924113790817,11.485
7.219,0.2986255230219363,0.0328387389698063,1.3312069940881688,3.122763573534777,up,up,up,up,-0.0338859688270083,-0.0123429251740621,0.0,0.0005924113790817,11.5
7.235,0.2979272672663757,0.0,1.3357819296076905,3.144099484924344,up,up,up,up,-0.0338859688270083,-0.0123429251740621,0.0,0.0005924113790817,11.516
7.250000000000001,0.2985797063797619,0.0773819097194195,1.3400705880324255,3.164168378806646,up,up,up,up,-0.0338859688270083,-0.0123429251740621,0.0,0.0005924113790817,11.531
7.266000000000001,0.2992161248917888,0.073662125828689,1.3446554678798128,3.1856461872539437,up,up,up,up,-0.0338859688270083,-0.0123429251740621,0.0,0.0005924113790817,11.547
7.282000000000001,0.2987846587106162,0.0,1.349241987345847,3.2071973668957487,up,up,up,up,-0.0338859688270083,-0.0123429251740621,0.0,0.0005924113790817,11.563
7.297,0.2969451394832063,0.0887486463336602,1.3535248169546894,3.227468117928001,up,up,up,up,-0.0338859688270083,-0.0123429251740621,0.0,0.0005924113790817,11.578
7.313,0.29514182251897303,0.07882134143757301,1.3580640258479215,3.249160828670422,up,up,up,up,-0.0338859688270083,-0.0123429251740621,0.0,0.0005924113790817,11.594
7.344,0.2960331035862165,0.0626369709961514,1.3668446065221564,3.291396912472159,up,up,up,up,-0.0338859688270083,-0.0123429251740621,0.0,0.0005924113790817,11.625
7.36,0.296882049179457,0.08694506840454311,1.3713904409414968,3.3133027928518684,up,up,up,up,-0.0338859688270083,-0.0123429251740621,0.0,0.0005924113790817,11.641
7.391000000000001,0.2969213409022266,0.035153443755060396,1.3802117628073671,3.3559526270099767,up,up,up,up,-0.0338859688270083,-0.0123429251740621,0.0,0.0005924113790817,11.672
7.407000000000001,0.2968403091398741,0.0288214836799756,1.384764369204919,3.3780724360660748,up,up,up,up,-0.0338859688270083,-0.0123429251740621,0.0,0.0005924113790817,11.688
7.422,0.296792651021299,0.030708760922001397,1.3890314725285164,3.398875904879074,up,up,up,up,-0.0338859688270083,-0.0123429251740621,0.0,0.0005924113790817,11.703
7.438,0.2967523506948772,0.0313671984256476,1.393582345739461,3.421136815425218,up,up,up,up,-0.0338859688270083,-0.0123429251740621,0.0,0.0005924113790817,11.719
7.454,0.2972066801175454,0.062281557743771296,1.3981365311831753,3.443470566440599,up,up,up,up,-0.0338859688270083,-0.0123429251740621,0.0,0.0005924113790817,11.735
7.469,0.2980529039259973,0.0903008893904658,1.402415834185891,3.4644747091808674,up,up,up,up,-0.0338859688270083,-0.0123429251740621,0.0,0.0005924113790817,11.75
7.485,0.2988537466988461,0.08393864213005531,1.4069936005881047,3.4869499846590597,up,up,up,up,-0.0338859688270083,-0.0123429251740621,0.0,0.0005924113790817,11.766
7.500000000000001,0.2991850620936489,0.0559736618138608,1.4112937477764378,3.5080871397717948,up,up,up,up,-0.0338859688270083,-0.0123429251740621,0.0,0.0005924113790817,11.781
7.516000000000001,0.2995285377345809,0.0553531963852555,1.4158859697722783,3.5307045775121844,up,up,up,up,-0.0338859688270083,-0.0123429251740621,0.0,0.0005924113790817,11.797
7.547,0.3001762113359696,0.054778665646000396,1.424798762702476,3.574735190865541,up,up,up,up,-0.0338859688270083,-0.0123429251740621,0.0,0.0005924113790817,11.828
7.563,0.2996566336408648,0.0,1.4293999386595055,3.597568780476437,up,up,up,up,-0.0338859688270083,-0.0123429251740621,0.0,0.0005924113790817,11.844
7.579,0.2991427287824493,0.0,1.4339928467561072,3.6204759227597623,up,up,up,up,-0.0338859688270083,-0.0123429251740621,0.0,0.0005924113790817,11.86
7.61,0.2972957104985045,0.0256952661389497,1.4428550118845662,3.6650670645686936,up,up,up,up,-0.0338859688270083,-0.0123429251740621,0.0,0.0005924113790817,11.891
7.625000000000001,0.2962068501859836,0.0387047186743875,1.4471211372120891,3.6867418856869194,up,up,up,up,-0.0338859688270083,-0.0123429251740621,0.0,0.0005924113790817,11.906
7.641000000000001,0.2951400881729515,0.03278665698749281,1.4516544259161757,3.7099320901919457,up,up,up,up,-0.0338859688270083,-0.0123429251740621,0.0,0.0005924113790817,11.922
7.657000000000001,0.2952223087450889,0.039024754585593194,1.456179838288735,3.733194764305585,up,up,up,up,-0.0338859688270083,-0.0123429251740621,0.0,0.0005924113790817,11.938
7.672,0.2946219666357006,0.0,1.4604185264764795,3.7550692520413222,up,up,up,up,-0.0338859688270083,-0.0123429251740621,0.0,0.0005924113790817,11.953
7.688,0.2939768824295061,0.0,1.4649298304662164,3.7784720388968642,up,up,up,up,-0.0338859688270083,-0.0123429251740621,0.0,0.0005924113790817,11.969
7.704,0.2943793765373215,0.059041850565467194,1.469439193735166,3.8019469910904755,up,up,up,up,-0.0338859688270083,-0.0123429251740621,0.0,0.0005924113790817,11.985
7.719,0.2950232540748594,0.0768111379962012,1.4736745695871467,3.8240203443153935,up,up,up,up,-0.0338859688270083,-0.0123429251740621,0.0,0.0005924113790817,12.0
7.750000000000001,0.2956781832560313,0.055012716606747794,1.4824478111853798,3.869840241217368,up,up,up,up,-0.0338859688270083,-0.0123429251740621,0.0,0.0005924113790817,12.031
7.766000000000001,0.2953514770568013,0.013466831375131397,1.4869785616650977,3.8935956522001725,up,up,up,up,-0.0338859688270083,-0.0123429251740621,0.0,0.0005924113790817,12.047
7.782000000000001,0.2960296299867195,0.0762705269468983,1.4915121237186606,3.9174235776832425,up,up,up,up,-0.0338859688270083,-0.0123429251740621,0.0,0.0005924113790817,12.063
7.813,0.2939105713553438,0.0344707612173729,1.5002735661590665,3.9637962558763453,up,up,up,up,-0.0338859688270083,-0.0123429251740621,0.0,0.0005924113790817,12.094
7.829,0.2945925126811612,0.07650730169059869,1.5047841040285732,3.9878367172378466,up,up,up,up,-0.0338859688270083,-0.0123429251740621,0.0,0.0005924113790817,12.11
7.844,0.2952454417233276,0.0774145716381003,1.509022744808996,4.010440268604129,up,up,up,up,-0.0338859688270083,-0.0123429251740621,0.0,0.0005924113790817,12.125
7.875000000000001,0.29496389550585,0.024803832779341797,1.5177883588556529,4.057355840710932,up,up,up,up,-0.0338859688270083,-0.0123429251740621,0.0,0.0005924113790817,12.156
7.891000000000001,0.2947066167890391,0.0178060490263261,1.5223082361512268,4.081676613470988,up,up,up,up,-0.0338859688270083,-0.0123429251740621,0.0,0.0005924113790817,12.172
7.907000000000001,0.2944800180450251,0.019723547326134398,1.5268242424271143,4.106069673299614,up,up,up,up,-0.0338859688270083,-0.0123429251740621,0.0,0.0005924113790817,12.188
7.938,0.2953856356357196,0.0630994394945745,1.5355845293787695,4.153537009262603,up,up,up,up,-0.0338859688270083,-0.0123429251740621,0.0,0.0005924113790817,12.219
7.954,0.2962242790339004,0.08630118121331129,1.5401199218933417,4.17814264487278,up,up,up,up,-0.0338859688270083,-0.0123429251740621,0.0,0.0005924113790817,12.235
7.969,0.2961678507705088,0.0301240846008955,1.5443777189892638,4.201276377179401,up,up,up,up,-0.0338859688270083,-0.0123429251740621,0.0,0.0005924113790817,12.25
7.985,0.2959879183771487,0.022640194242008,1.54891747833966,4.226022738758032,up,up,up,up,-0.0338859688270083,-0.0123429251740621,0.0,0.0005924113790817,12.266
8.0,0.2958601499238291,0.025368071939033197,1.5531711949743066,4.2492884038078875,up,up,up,up,-0.0338859688270083,-0.0123429251740621,0.0,0.0005924113790817,12.281
8.032,0.295310507400746,0.016709639980661696,1.5622349518859298,4.299134902157651,up,up,up,up,-0.0338859688270083,-0.0123429251740621,0.0,0.0005924113790817,12.313
8.047,0.2956405322996644,0.055887628754904994,1.5664819408060715,4.322600278852839,up,up,up,up,-0.0338859688270083,-0.0123429251740621,0.0,0.0005924113790817,12.328
8.062999999999999,0.2959571533882545,0.053674786863889296,1.57101723548879,4.347700272263198,up,up,up,up,-0.0338859688270083,-0.0123429251740621,0.0,0.0005924113790817,12.344
8.094000000000001,0.2953593860036907,0.014603149970110297,1.5798000111689694,4.396537939586395,up,up,up,up,-0.0338859688270083,-0.0123429251740621,0.0,0.0005924113790817,12.375
8.11,0.2949212459419197,0.0,1.5843247694217493,4.42185093783112,up,up,up,up,-0.0338859688270083,-0.0123429251740621,0.0,0.0005924113790817,12.391
8.125,0.294485049776199,0.0,1.5885601727620244,4.4456475748974995,up,up,up,up,-0.0338859688270083,-0.0123429251740621,0.0,0.0005924113790817,12.406
8.141000000000002,0.2950271475139772,0.0677670774381417,1.5930787835375608,4.471100686547897,up,up,up,up,-0.0338859688270083,-0.0123429251740621,0.0,0.0005924113790817,12.422
8.157,0.2952523866350809,0.0479634138959911,1.5976035330079683,4.496626145080261,up,up,up,up,-0.0338859688270083,-0.0123429251740621,0.0,0.0005924113790817,12.438
8.172,0.2979845357385375,0.21602924239079951,1.6018676660481592,4.52062217907318,up,up,up,up,-0.0338859688270083,-0.0123429251740621,0.0,0.0005924113790817,12.453
8.187999999999999,0.299000940099507,0.0974112413876021,1.6064460630520785,4.546288688905982,up,up,up,up,-0.0338859688270083,-0.0123429251740621,0.0,0.0005924113790817,12.469
8.204,0.2989507763351895,0.030750733557161698,1.6110321899807711,4.572028514930245,up,up,up,up,-0.0338859688270083,-0.0123429251740621,0.0,0.0005924113790817,12.485
8.219000000000001,0.2988752837693731,0.0288531311059149,1.6153307415539446,4.596226236916756,up,up,up,up,-0.0338859688270083,-0.0123429251740621,0.0,0.0005924113790817,12.5
8.235,0.3007347724686635,0.1501040125326596,1.619930135201064,4.622108323930796,up,up,up,up,-0.0338859688270083,-0.0123429251740621,0.0,0.0005924113790817,12.516
8.266000000000002,0.2993572675545532,0.010549673563644404,1.628848931141028,4.672464399459099,up,up,up,up,-0.0338859688270083,-0.0123429251740621,0.0,0.0005924113790817,12.547
8.282,0.3005260203916542,0.1069330211458169,1.633450510641813,4.698562794993362,up,up,up,up,-0.0338859688270083,-0.0123429251740621,0.0,0.0005924113790817,12.563
8.312999999999999,0.3006365502354988,0.0374514476607062,1.6423858998061376,4.749338259355303,up,up,up,up,-0.0338859688270083,-0.0123429251740621,0.0,0.0005924113790817,12.594
8.329,0.3007790721624683,0.042793589262602495,1.6469997379825363,4.775653344457613,up,up,up,up,-0.0338859688270083,-0.0123429251740621,0.0,0.0005924113790817,12.61
8.344000000000001,0.2992264279526662,0.06962364515979891,1.651314635355789,4.800390702257651,up,up,up,up,-0.0338859688270083,-0.0123429251740621,0.0,0.0005924113790817,12.625
8.375,0.2991067273297396,0.030024658410023098,1.6602061685822709,4.851719274718692,up,up,up,up,-0.0338859688270083,-0.0123429251740621,0.0,0.0005924113790817,12.656
8.391000000000002,0.2989956963846296,0.026946534757633197,1.6647935011692006,4.878319272076705,up,up,up,up,-0.0338859688270083,-0.0123429251740621,0.0,0.0005924113790817,12.672
8.407,0.2985721262743634,0.0,1.6693765569476875,4.9049926325416395,up,up,up,up,-0.0338859688270083,-0.0123429251740621,0.0,0.0005924113790817,12.688
8.422,0.2990846057494884,0.068051267168678,1.6736738385602552,4.930065510507947,up,up,up,up,-0.0338859688270083,-0.0123429251740621,0.0,0.0005924113790817,12.703
8.437999999999999,0.2995609024076167,0.0636545099600211,1.678265515822727,4.9568810253430104,up,up,up,up,-0.0338859688270083,-0.0123429251740621,0.0,0.0005924113790817,12.719
8.454,0.2988726790540905,0.0,1.6828554976716357,4.983769993450966,up,up,up,up,-0.0338859688270083,-0.0123429251740621,0.0,0.0005924113790817,12.735
8.469000000000001,0.3004897982138175,0.14169391280880111,1.6871655723735342,5.009045151476306,up,up,up,up,-0.0338859688270083,-0.0123429251740621,0.0,0.0005924113790817,12.75
8.5,0.3013254115066708,0.0608412363384048,1.696111077443806,5.061485939548476,up,up,up,up,-0.0338859688270083,-0.0123429251740621,0.0,0.0005924113790817,12.781
8.516000000000002,0.3025272230050451,0.1089991874754009,1.7007444117171149,5.088660783461763,up,up,up,up,-0.0338859688270083,-0.0123429251740621,0.0,0.0005924113790817,12.797
8.532,0.3039228735560701,0.121114128266076,1.7053985256868185,5.1159099269609944,up,up,up,up,-0.0338859688270083,-0.0123429251740621,0.0,0.0005924113790817,12.813
8.547,0.3052936338270235,0.1252699868905754,1.7097825056145803,5.141523784695753,up,up,up,up,-0.0338859688270083,-0.0123429251740621,0.0,0.0005924113790817,12.828
8.579,0.3060468271932848,0.0574232615226716,1.7191689793853353,5.196387008455752,up,up,up,up,-0.0338859688270083,-0.0123429251740621,0.0,0.0005924113790817,12.86
8.594000000000001,0.3068656951859374,0.08847716833718139,1.7235806794255688,5.222207630896835,up,up,up,up,-0.0338859688270083,-0.0123429251740621,0.0,0.0005924113790817,12.875
8.61,0.3060448203043755,0.017418711270610704,1.7282864767467063,5.249822568146214,up,up,up,up,-0.0338859688270083,-0.0123429251740621,0.0,0.0005924113790817,12.891
8.625,0.306421661995893,0.0590087482615091,1.7326948314863475,5.275779927957963,up,up,up,up,-0.0338859688270083,-0.0123429251740621,0.0,0.0005924113790817,12.906
8.641000000000002,0.3068066522589401,0.0579478602674494,1.7374031711976012,5.303540711979434,up,up,up,up,-0.0338859688270083,-0.0123429251740621,0.0,0.0005924113790817,12.922
8.672,0.3061767423649879,0.013566294828550297,1.7465217831338755,5.35754154877157,up,up,up,up,-0.0338859688270083,-0.0123429251740621,0.0,0.0005924113790817,12.953
8.687999999999999,0.3051145827672563,0.03249900603121621,1.751214626932149,5.385523440052098,up,up,up,up,-0.0338859688270083,-0.0123429251740621,0.0,0.0005924113790817,12.969
8.719000000000001,0.3058497901852828,0.05760233715044209,1.7603019440325174,5.439951946902052,up,up,up,up,-0.0338859688270083,-0.0123429251740621,0.0,0.0005924113790817,13.0
8.735,0.3055537698326418,0.015384696786947098,1.764995685709876,5.468154327939991,up,up,up,up,-0.0338859688270083,-0.0123429251740621,0.0,0.0005924113790817,13.016
8.75,0.305224150009602,0.011911313957688796,1.769391376231082,5.494662230904549,up,up,up,up,-0.0338859688270083,-0.0123429251740621,0.0,0.0005924113790817,13.031
8.766000000000002,0.3055254141804901,0.0527149795075183,1.7740798859418176,5.523010001001932,up,up,up,up,-0.0338859688270083,-0.0123429251740621,0.0,0.0005924113790817,13.047
8.797,0.3045356862855985,0.0,1.7831532023186458,5.578147113869967,up,up,up,up,-0.0338859688270083,-0.0123429251740621,0.0,0.0005924113790817,13.078
8.812999999999999,0.3034247113073984,0.035549967310499,1.7878193986966049,5.606714894678089,up,up,up,up,-0.0338859688270083,-0.0123429251740621,0.0,0.0005924113790817,13.094
8.829,0.3037567220340733,0.054636639244188295,1.7924793633605516,5.635357284774546,up,up,up,up,-0.0338859688270083,-0.0123429251740621,0.0,0.0005924113790817,13.11
8.844000000000001,0.3038465844435833,0.039876796127676896,1.7968512442815232,5.662277264331863,up,up,up,up,-0.0338859688270083,-0.0123429251740621,0.0,0.0005924113790817,13.125
8.875,0.3030545626712406,0.0,1.8058755813814071,5.7181195301296395,up,up,up,up,-0.0338859688270083,-0.0123429251740621,0.0,0.0005924113790817,13.156
8.891000000000002,0.3029156577295229,0.0252044099696487,1.8105258563418285,5.747050741631425,up,up,up,up,-0.0338859688270083,-0.0123429251740621,0.0,0.0005924113790817,13.172
8.907,0.3027731731767797,0.024980684280562895,1.8151738801862936,5.776056339523651,up,up,up,up,-0.0338859688270083,-0.0123429251740621,0.0,0.0005924113790817,13.188
8.922,0.3031540423332135,0.0592772459225943,1.8195331904250076,5.803316642553234,up,up,up,up,-0.0338859688270083,-0.0123429251740621,0.0,0.0005924113790817,13.203
8.937999999999999,0.3031841420391359,0.035767200447157095,1.824186409097201,5.8324663993494115,up,up,up,up,-0.0338859688270083,-0.0123429251740621,0.0,0.0005924113790817,13.219
8.969000000000001,0.3019212790376233,0.0,1.833182912443495,5.889155623833293,up,up,up,up,-0.0338859688270083,-0.0123429251740621,0.0,0.0005924113790817,13.25
8.985,0.3025843166286144,0.0753258182639499,1.83782147040604,5.918523658896089,up,up,up,up,-0.0338859688270083,-0.0123429251740621,0.0,0.0005924113790817,13.266
9.0,0.3028593927070329,0.052224374054906195,1.8421771543484464,5.946123648581749,up,up,up,up,-0.0338859688270083,-0.0123429251740621,0.0,0.0005924113790817,13.281
9.032,0.3031174009688744,0.041948727009555896,1.8514778094416915,6.005222128002392,up,up,up,up,-0.0338859688270083,-0.0123429251740621,0.0,0.0005924113790817,13.313
9.047,0.3025825515709073,0.0,1.8558354152081284,6.033026977187263,up,up,up,up,-0.0338859688270083,-0.0123429251740621,0.0,0.0005924113790817,13.328
9.062999999999999,0.3007312636107002,0.0818195286859328,1.8604644389267964,6.062757376020342,up,up,up,up,-0.0338859688270083,-0.0123429251740621,0.0,0.0005924113790817,13.344
9.079,0.298927789024674,0.07883119279963251,1.8650642245450944,6.092561605328117,up,up,up,up,-0.0338859688270083,-0.0123429251740621,0.0,0.0005924113790817,13.36
9.094000000000001,0.2990303330800881,0.040722239187948,1.8693637665832687,6.1205698152615815,up,up,up,up,-0.0338859688270083,-0.0123429251740621,0.0,0.0005924113790817,13.375
9.11,0.299282573164227,0.049650974085691496,1.8739527830304388,6.150516347658491,up,up,up,up,-0.0338859688270083,-0.0123429251740621,0.0,0.0005924113790817,13.391
9.125,0.2995240456741808,0.0499841361572587,1.878258688794116,6.178657933697176,up,up,up,up,-0.0338859688270083,-0.0123429251740621,0.0,0.0005924113790817,13.406
9.141000000000002,0.2982979110387376,0.04274744588819081,1.8828437776450344,6.208746753428689,up,up,up,up,-0.0338859688270083,-0.0123429251740621,0.0,0.0005924113790817,13.422
9.157,0.297910439933327,0.0,1.8874159576500265,6.23890883131105,up,up,up,up,-0.0338859688270083,-0.0123429251740621,0.0,0.0005924113790817,13.438
9.172,0.297753963822327,0.023454228093673896,1.8916982968005824,6.267252188219427,up,up,up,up,-0.0338859688270083,-0.0123429251740621,0.0,0.0005924113790817,13.453
9.187999999999999,0.2975797120014629,0.022995230023004798,1.896263479404388,6.297555882429067,up,up,up,up,-0.0338859688270083,-0.0123429251740621,0.0,0.0005924113790817,13.469
9.204,0.2988081467564587,0.110663141014245,1.9008370954716665,6.327932687028075,up,up,up,up,-0.0338859688270083,-0.0123429251740621,0.0,0.0005924113790817,13.485
9.219000000000001,0.2983509785633949,0.0,1.9051306450339545,6.356477445081868,up,up,up,up,-0.0338859688270083,-0.0123429251740621,0.0,0.0005924113790817,13.5
9.235,0.2978819434475568,0.0,1.909703021607257,6.386996114414998,up,up,up,up,-0.0338859688270083,-0.0123429251740621,0.0,0.0005924113790817,13.516
9.266000000000002,0.2988891084999796,0.0663751640664535,1.918570342232048,6.446334351554509,up,up,up,up,-0.0338859688270083,-0.0123429251740621,0.0,0.0005924113790817,13.547
9.282,0.2998877564407465,0.0963014651249377,1.923163070348789,6.477068218855155,up,up,up,up,-0.0338859688270083,-0.0123429251740621,0.0,0.0005924113790817,13.563
9.297,0.3004723082706793,0.07285609082252989,1.9274806269565132,6.505948046584943,up,up,up,up,-0.0338859688270083,-0.0123429251740621,0.0,0.0005924113790817,13.578
9.329,0.3011648704190417,0.0555285359633345,1.936711848209979,6.567775126187607,up,up,up,up,-0.0338859688270083,-0.0123429251740621,0.0,0.0005924113790817,13.61
9.344000000000001,0.3022595531999332,0.10686482088644089,1.9410523875095105,6.5968583579555045,up,up,up,up,-0.0338859688270083,-0.0123429251740621,0.0,0.0005924113790817,13.625
9.36,0.3038935028545157,0.1360078222384158,1.945704125155161,6.627952410056822,up,up,up,up,-0.0338859688270083,-0.0123429251740621,0.0,0.0005924113790817,13.641
9.375,0.3034309032764533,0.0,1.9500739143235328,6.657170745352914,up,up,up,up,-0.0338859688270083,-0.0123429251740621,0.0,0.0005924113790817,13.656
9.407,0.30299275711021423,0.020193901132038,1.9593817192841492,6.719722035490636,up,up,up,up,-0.0338859688270083,-0.0123429251740621,0.0,0.0005924113790817,13.688
9.422,0.3016994017442353,0.0523377222382556,1.9637317665979463,6.7491453866347495,up,up,up,up,-0.0338859688270083,-0.0123429251740621,0.0,0.0005924113790817,13.703
9.437999999999999,0.3004375916310842,0.044977163244940596,1.968351375742164,6.78060205177347,up,up,up,up,-0.0338859688270083,-0.0123429251740621,0.0,0.0005924113790817,13.719
9.454,0.3002000772275259,0.0190413186046186,1.972958990290248,6.812132534701729,up,up,up,up,-0.0338859688270083,-0.0123429251740621,0.0,0.0005924113790817,13.735
9.469000000000001,0.3001918510024701,0.033337553823287895,1.9772767858743625,6.841759303022965,up,up,up,up,-0.0338859688270083,-0.0123429251740621,0.0,0.0005924113790817,13.75
9.485,0.2993492172531713,0.018778640504168304,1.9818756276176224,6.8734325223309005,up,up,up,up,-0.0338859688270083,-0.0123429251740621,0.0,0.0005924113790817,13.766
9.5,0.2985072212565818,0.022247097612290705,1.9861744070288347,6.90319289759075,up,up,up,up,-0.0338859688270083,-0.0123429251740621,0.0,0.0005924113790817,13.781
9.516000000000002,0.298555233722837,0.036886747967957496,1.9907534198658847,6.935008320205908,up,up,up,up,-0.0338859688270083,-0.0123429251740621,0.0,0.0005924113790817,13.797
9.532,0.2986764657005967,0.0414629674369899,1.995333786658488,6.966897017858103,up,up,up,up,-0.0338859688270083,-0.0123429251740621,0.0,0.0005924113790817,13.813
9.547,0.298804799766641,0.0424415732299615,1.999629752271881,6.996859244400079,up,up,up,up,-0.0338859688270083,-0.0123429251740621,0.0,0.0005924113790817,13.828
9.579,0.298537757699453,0.025540904227384198,2.008792259585772,7.060993996589801,up,up,up,up,-0.0338859688270083,-0.0123429251740621,0.0,0.0005924113790817,13.86
9.594000000000001,0.2981363522175488,0.0,2.013082171532541,7.09115805482319,up,up,up,up,-0.0338859688270083,-0.0123429251740621,0.0,0.0005924113790817,13.875
9.61,0.2977492922987359,0.0,2.017651769885888,7.123403926354537,up,up,up,up,-0.0338859688270083,-0.0123429251740621,0.0,0.0005924113790817,13.891
9.625,0.2981720354178385,0.0620688434338485,2.021936035966151,7.153700834898428,up,up,up,up,-0.0338859688270083,-0.0123429251740621,0.0,0.0005924113790817,13.906
9.657,0.2980743699086581,0.030833921665119498,2.031081004845805,7.21854910755142,up,up,up,up,-0.0338859688270083,-0.0123429251740621,0.0,0.0005924113790817,13.938
9.672,0.2994049684004061,0.1225925349435482,2.0353769560055115,7.249047542257802,up,up,up,up,-0.0338859688270083,-0.0123429251740621,0.0,0.0005924113790817,13.953
9.687999999999999,0.2981902222016259,0.0420356685967508,2.039960230727542,7.2816502397516665,up,up,up,up,-0.0338859688270083,-0.0123429251740621,0.0,0.0005924113790817,13.969
9.704,0.2970175771792309,0.0394043450726792,2.0445244063198045,7.314326116848045,up,up,up,up,-0.0338859688270083,-0.0123429251740621,0.0,0.0005924113790817,13.985
9.735,0.2977943350437293,0.0589426741334071,2.0533613602788647,7.377843346230326,up,up,up,up,-0.0338859688270083,-0.0123429251740621,0.0,0.0005924113790817,14.016
9.75,0.2979518820659628,0.044389103642572696,2.0576443130295767,7.40867588878014,up,up,up,up,-0.0338859688270083,-0.0123429251740621,0.0,0.0005924113790817,14.031
9.766000000000002,0.2987432413465303,0.0833459238624773,2.062220387214092,7.44163480638209,up,up,up,up,-0.0338859688270083,-0.0123429251740621,0.0,0.0005924113790817,14.047
9.782,0.299539681528115,0.08366348017605549,2.066809163794304,7.4746670427901565,up,up,up,up,-0.0338859688270083,-0.0123429251740621,0.0,0.0005924113790817,14.063
9.797,0.2998604922721011,0.0552733517594129,2.0711195212201945,7.505701507927763,up,up,up,up,-0.0338859688270083,-0.0123429251740621,0.0,0.0005924113790817,14.078
9.829,0.3001341891765108,0.0424389970898115,2.0803244625178023,7.572124611667571,up,up,up,up,-0.0338859688270083,-0.0123429251740621,0.0,0.0005924113790817,14.11
9.844000000000001,0.298774023198975,0.05679176300870441,2.084631130233008,7.603361778613204,up,up,up,up,-0.0338859688270083,-0.0123429251740621,0.0,0.0005924113790817,14.125
9.86,0.2993261539461045,0.0683941405225991,2.089218444847384,7.636752575213847,up,up,up,up,-0.0338859688270083,-0.0123429251740621,0.0,0.0005924113790817,14.141
9.875,0.2998394194692864,0.06810367037246509,2.0935270427703885,7.668123166370981,up,up,up,up,-0.0338859688270083,-0.0123429251740621,0.0,0.0005924113790817,14.156
9.891000000000002,0.2993140973762855,0.0,2.098122784102368,7.701656364985964,up,up,up,up,-0.0338859688270083,-0.0123429251740621,0.0,0.0005924113790817,14.172
9.922,0.2999188846505785,0.0533952357396838,2.107028264643388,7.76683620624152,up,up,up,up,-0.0338859688270083,-0.0123429251740621,0.0,0.0005924113790817,14.203
9.937999999999999,0.3004549639790479,0.06739092685634829,2.1116337686296403,7.800585502507705,up,up,up,up,-0.0338859688270083,-0.0123429251740621,0.0,0.0005924113790817,14.219
9.954,0.2996757189366175,0.0148168463248936,2.1162373272901807,7.834408471275063,up,up,up,up,-0.0338859688270083,-0.0123429251740621,0.0,0.0005924113790817,14.235
9.985,0.2984436313162089,0.0,2.125125546538704,7.900149595819412,up,up,up,up,-0.0338859688270083,-0.0123429251740621,0.0,0.0005924113790817,14.266
10.0,0.2986462452350089,0.047393563413677994,2.129418576735227,7.932058676743968,up,up,up,up,-0.0338859688270083,-0.0123429251740621,0.0,0.0005924113790817,14.281
10.016000000000002,0.2981313192974326,0.0,2.133995310448701,7.96616598784144,up,up,up,up,-0.0338859688270083,-0.0123429251740621,0.0,0.0005924113790817,14.297
10.032,0.2976563817928799,0.0,2.138564125254639,8.000346463327068,up,up,up,up,-0.0338859688270083,-0.0123429251740621,0.0,0.0005924113790817,14.313
10.047,0.2992404089777416,0.1394877811511318,2.1428557073078074,8.032457112071283,up,up,up,up,-0.0338859688270083,-0.0123429251740621,0.0,0.0005924113790817,14.328
10.062999999999999,0.2991453346486974,0.0279438232617453,2.147445306454034,8.066779520181377,up,up,up,up,-0.0338859688270083,-0.0123429251740621,0.0,0.0005924113790817,14.344
10.079,0.2980785959870733,0.032785197524497905,2.152025611096335,8.10117528752178,up,up,up,up,-0.0338859688270083,-0.0123429251740621,0.0,0.0005924113790817,14.36
10.094000000000001,0.2970114034851558,0.037260197967485406,2.156303642214766,8.133487756921614,up,up,up,up,-0.0338859688270083,-0.0123429251740621,0.0,0.0005924113790817,14.375
10.11,0.2974338348007599,0.06028792605226099,2.1608617173182685,8.168025079797879,up,up,up,up,-0.0338859688270083,-0.0123429251740621,0.0,0.0005924113790817,14.391
10.141000000000002,0.2980904942792826,0.0550685326503198,2.169709713738613,8.235148936979261,up,up,up,up,-0.0338859688270083,-0.0123429251740621,0.0,0.0005924113790817,14.422
10.157,0.2987249106845073,0.0735369941535563,2.1742867501755385,8.269900908690575,up,up,up,up,-0.0338859688270083,-0.0123429251740621,0.0,0.0005924113790817,14.438
10.172,0.2984262196735727,0.013973234764699798,2.178580239775613,8.302547411115206,up,up,up,up,-0.0338859688270083,-0.0123429251740621,0.0,0.0005924113790817,14.453
10.204,0.298137353823682,0.024858911017922695,2.187730283345999,8.372408379485153,up,up,up,up,-0.0338859688270083,-0.0123429251740621,0.0,0.0005924113790817,14.485
10.219000000000001,0.2986435726201115,0.067633888588976,2.1920209964167165,8.405256514083375,up,up,up,up,-0.0338859688270083,-0.0123429251740621,0.0,0.0005924113790817,14.5
10.235,0.2996195425179646,0.09488408744282639,2.196609614535036,8.440365558970989,up,up,up,up,-0.0338859688270083,-0.0123429251740621,0.0,0.0005924113790817,14.516
10.25,0.3007279093719059,0.1077770924230944,2.2009270765466,8.473347084154103,up,up,up,up,-0.0338859688270083,-0.0123429251740621,0.0,0.0005924113790817,14.531
10.266000000000002,0.3018391819170158,0.10334050289637679,2.205550126474126,8.508598901778269,up,up,up,up,-0.0338859688270083,-0.0123429251740621,0.0,0.0005924113790817,14.547
10.282,0.3008841373094615,0.0258043191451389,2.210174426225153,8.543924698199863,up,up,up,up,-0.0338859688270083,-0.0123429251740621,0.0,0.0005924113790817,14.563
10.297,0.3007408938725486,0.024336406366150597,2.2145014700814065,8.57710976742216,up,up,up,up,-0.0338859688270083,-0.0123429251740621,0.0,0.0005924113790817,14.578
10.312999999999999,0.300563322496588,0.022787757829468396,2.2191144170095747,8.612578694518888,up,up,up,up,-0.0338859688270083,-0.0123429251740621,0.0,0.0005924113790817,14.594
10.329,0.29966459507220833,0.022284495196722,2.22371875354734,8.648121359883342,up,up,up,up,-0.0338859688270083,-0.0123429251740621,0.0,0.0005924113790817,14.61
10.344000000000001,0.29884624320951403,0.020670822019276204,2.228022440956842,8.681509418842126,up,up,up,up,-0.0338859688270083,-0.0123429251740621,0.0,0.0005924113790817,14.625
10.36,0.2992165140818059,0.057027898345252695,2.2326094562123875,8.717194474019479,up,up,up,up,-0.0338859688270083,-0.0123429251740621,0.0,0.0005924113790817,14.641
10.391000000000002,0.2998075846010621,0.0529527597707569,2.241511699061576,8.786543351926227,up,up,up,up,-0.0338859688270083,-0.0123429251740621,0.0,0.0005924113790817,14.672
10.407,0.2999541966452472,0.043049221588576395,2.2461123065087616,8.822444343970789,up,up,up,up,-0.0338859688270083,-0.0123429251740621,0.0,0.0005924113790817,14.688
10.422,0.3000862436060316,0.0426890995459685,2.250427465933035,8.856168392264099,up,up,up,up,-0.0338859688270083,-0.0123429251740621,0.0,0.0005924113790817,14.703
10.437999999999999,0.30028764496133853,0.046473553533688594,2.255032970238789,8.892212075753473,up,up,up,up,-0.0338859688270083,-0.0123429251740621,0.0,0.0005924113790817,14.719
10.454,0.3015845796266081,0.1149443854063575,2.2596504612327077,8.928329543205246,up,up,up,up,-0.0338859688270083,-0.0123429251740621,0.0,0.0005924113790817,14.735
10.485,0.3022339644870495,0.054833867550924495,2.268627017986073,8.998517844133138,up,up,up,up,-0.0338859688270083,-0.0123429251740621,0.0,0.0005924113790817,14.766
10.5,0.3036838373691708,0.1305441609684235,2.272986257622384,9.032579943700203,up,up,up,up,-0.0338859688270083,-0.0123429251740621,0.0,0.0005924113790817,14.781
10.516000000000002,0.3051471150743747,0.1253408254022542,2.277659418439147,9.068985109108695,up,up,up,up,-0.0338859688270083,-0.0123429251740621,0.0,0.0005924113790817,14.797
10.547,0.3060280937696866,0.0623046364177157,2.286750003495834,9.139733455148685,up,up,up,up,-0.0338859688270083,-0.0123429251740621,0.0,0.0005924113790817,14.828
10.562999999999999,0.3046941988161986,0.0494824657659924,2.291438295033736,9.176358961536923,up,up,up,up,-0.0338859688270083,-0.0123429251740621,0.0,0.0005924113790817,14.844
10.579,0.3033850414152343,0.04793636873325831,2.2961054421528027,9.213059311434415,up,up,up,up,-0.0338859688270083,-0.0123429251740621,0.0,0.0005924113790817,14.86
10.594000000000001,0.3042071808613595,0.08869526523535229,2.3004772399422664,9.247533681550127,up,up,up,up,-0.0338859688270083,-0.0123429251740621,0.0,0.0005924113790817,14.875
10.61,0.3016176660367868,0.12795870770878548,2.3051263519146667,9.284378510284983,up,up,up,up,-0.0338859688270083,-0.0123429251740621,0.0,0.0005924113790817,14.891
10.641000000000002,0.2990666419570757,0.04840513051850891,2.314054328008176,9.355975810823788,up,up,up,up,-0.0338859688270083,-0.0123429251740621,0.0,0.0005924113790817,14.922
10.657,0.2997599313879178,0.0772165582546341,2.318647453792151,9.393037425078191,up,up,up,up,-0.0338859688270083,-0.0123429251740621,0.0,0.0005924113790817,14.938
10.687999999999999,0.2996671326383229,0.0308924607755601,2.327555942604161,9.465053577722331,up,up,up,up,-0.0338859688270083,-0.0123429251740621,0.0,0.0005924113790817,14.969
10.704,0.2990182142144881,0.0,2.3321479385761985,9.502331208771775,up,up,up,up,-0.0338859688270083,-0.0123429251740621,0.0,0.0005924113790817,14.985
10.719000000000001,0.2997727439276367,0.0841879497035796,2.336453726884653,9.537345721262733,up,up,up,up,-0.0338859688270083,-0.0123429251740621,0.0,0.0005924113790817,15.0
10.735,0.3004706155291519,0.077502943921704,2.3410581869575227,9.574765816573471,up,up,up,up,-0.0338859688270083,-0.0123429251740621,0.0,0.0005924113790817,15.016
10.75,0.3017352139783042,0.11819253210383089,2.345389586801218,9.609914174876662,up,up,up,up,-0.0338859688270083,-0.0123429251740621,0.0,0.0005924113790817,15.031
10.782,0.3010105746500411,0.011240989818784398,2.3546385458137014,9.685114624998503,up,up,up,up,-0.0338859688270083,-0.0123429251740621,0.0,0.0005924113790817,15.063
10.797,0.3029552004337219,0.1635276877390734,2.3589831452492183,9.72046678768147,up,up,up,up,-0.0338859688270083,-0.0123429251740621,0.0,0.0005924113790817,15.078
10.812999999999999,0.3009252109445768,0.0929883742445617,2.36361670173746,9.758247586457363,up,up,up,up,-0.0338859688270083,-0.0123429251740621,0.0,0.0005924113790817,15.094
10.844000000000001,0.2989051489692098,0.031277320700957206,2.3725314416357275,9.83165788267965,up,up,up,up,-0.0338859688270083,-0.0123429251740621,0.0,0.0005924113790817,15.125
10.86,0.2982439782363073,0.0,2.377111147850586,9.869655023395543,up,up,up,up,-0.0338859688270083,-0.0123429251740621,0.0,0.0005924113790817,15.141
10.875,0.2981872718998559,0.030105546396916198,2.381399238348997,9.905343851292038,up,up,up,up,-0.0338859688270083,-0.0123429251740621,0.0,0.0005924113790817,15.156
10.907,0.29810705881432753,0.031379309904245395,2.390544974034854,9.98169495869018,up,up,up,up,-0.0338859688270083,-0.0123429251740621,0.0,0.0005924113790817,15.188
10.922,0.299820847109288,0.1481385218243838,2.3948442894516697,10.017585378166327,up,up,up,up,-0.0338859688270083,-0.0123429251740621,0.0,0.0005924113790817,15.203
10.937999999999999,0.3014788525755065,0.137511310465666,2.399457200246363,10.055939790083912,up,up,up,up,-0.0338859688270083,-0.0123429251740621,0.0,0.0005924113790817,15.219
10.954,0.3025825994075006,0.1028701458266395,2.404092205059442,10.094368185326358,up,up,up,up,-0.0338859688270083,-0.0123429251740621,0.0,0.0005924113790817,15.235
10.985,0.303702341084568,0.07000666808724659,2.4131069909566736,10.16903477286461,up,up,up,up,-0.0338859688270083,-0.0123429251740621,0.0,0.0005924113790817,15.266
11.0,0.3027224613094841,0.031439349511919706,2.4174700330970182,10.205264100545016,up,up,up,up,-0.0338859688270083,-0.0123429251740621,0.0,0.0005924113790817,15.281
11.016000000000002,0.3031799193719831,0.062477097733194,2.422119765339685,10.243980818932508,up,up,up,up,-0.0338859688270083,-0.0123429251740621,0.0,0.0005924113790817,15.297
11.032,0.3045239339387535,0.1178868792501625,2.426783909363386,10.282772048330132,up,up,up,up,-0.0338859688270083,-0.0123429251740621,0.0,0.0005924113790817,15.313
11.047,0.3058318837231937,0.12108262112302559,2.43117643411824,10.319206750906243,up,up,up,up,-0.0338859688270083,-0.0123429251740621,0.0,0.0005924113790817,15.328
11.079,0.3059696966246044,0.038192621996092094,2.440570285798234,10.397154698424908,up,up,up,up,-0.0338859688270083,-0.0123429251740621,0.0,0.0005924113790817,15.36
11.11,0.3061059939632784,0.0382826571713321,2.4496748283219505,10.472953497693771,up,up,up,up,-0.0338859688270083,-0.0123429251740621,0.0,0.0005924113790817,15.391
11.125,0.3076131364375491,0.1343621337783878,2.454092577922346,10.509731753240604,up,up,up,up,-0.0338859688270083,-0.0123429251740621,0.0,0.0005924113790817,15.406
11.141000000000002,0.3063151250519311,0.0472397427741182,2.458806517211477,10.549034946001674,up,up,up,up,-0.0338859688270083,-0.0123429251740621,0.0,0.0005924113790817,15.422
11.157,0.3087362278577199,0.1852048941888067,2.463529441231969,10.588413633669223,up,up,up,up,-0.0338859688270083,-0.0123429251740621,0.0,0.0005924113790817,15.438
11.172,0.3110613785832861,0.18889601719809812,2.4679927794026653,10.62540005032398,up,up,up,up,-0.0338859688270083,-0.0123429251740621,0.0,0.0005924113790817,15.453
11.187999999999999,0.3121553056013066,0.1022564074532944,2.472781026073357,10.66492624076779,up,up,up,up,-0.0338859688270083,-0.0123429251740621,0.0,0.0005924113790817,15.469
11.204,0.3121355446798386,0.0326509112352553,2.477577866072821,10.704529111904959,up,up,up,up,-0.0338859688270083,-0.0123429251740621,0.0,0.0005924113790817,15.485
11.219000000000001,0.3121520290866613,0.0349849292818529,2.4820748789984592,10.741726507492995,up,up,up,up,-0.0338859688270083,-0.0123429251740621,0.0,0.0005924113790817,15.5
11.235,0.3112595469124848,0.021894167059021502,2.4868646848036677,10.781478024003412,up,up,up,up,-0.0338859688270083,-0.0123429251740621,0.0,0.0005924113790817,15.516
11.25,0.3106093162786312,0.0,2.49134355739999,10.818814585819943,up,up,up,up,-0.0338859688270083,-0.0123429251740621,0.0,0.0005924113790817,15.531
11.282,0.3111297459965936,0.0501493975133333,2.5008964087908234,10.898690425278994,up,up,up,up,-0.0338859688270083,-0.0123429251740621,0.0,0.0005924113790817,15.563
11.297,0.3100219439974765,0.0399674977808034,2.505369902588168,10.936237422614333,up,up,up,up,-0.0338859688270083,-0.0123429251740621,0.0,0.0005924113790817,15.578
11.329,0.3132067575045258,0.13341139092230048,2.5149465882066298,11.01656248646705,up,up,up,up,-0.0338859688270083,-0.0123429251740621,0.0,0.0005924113790817,15.61
11.344000000000001,0.3122717938204591,0.028444943444106502,2.5194525334639564,11.054320479879578,up,up,up,up,-0.0338859688270083,-0.0123429251740621,0.0,0.0005924113790817,15.625
11.36,0.3128355130195874,0.0691184187725297,2.524255905115892,11.09467014738822,up,up,up,up,-0.0338859688270083,-0.0123429251740621,0.0,0.0005924113790817,15.641
11.391000000000002,0.3122526197766522,0.015082960990387497,2.5335621404938378,11.173066327095173,up,up,up,up,-0.0338859688270083,-0.0123429251740621,0.0,0.0005924113790817,15.672
11.407,0.3123782767211001,0.0417395278550009,2.538361700863035,11.213641717826027,up,up,up,up,-0.0338859688270083,-0.0123429251740621,0.0,0.0005924113790817,15.688
11.422,0.3125332148764617,0.0442151791844495,2.5428633931724054,11.25175090603129,up,up,up,up,-0.0338859688270083,-0.0123429251740621,0.0,0.0005924113790817,15.703
11.454,0.3110064383552515,0.0138257974608084,2.552445054018543,11.333275841186348,up,up,up,up,-0.0338859688270083,-0.0123429251740621,0.0,0.0005924113790817,15.735
11.469000000000001,0.3110032084252037,0.0336706401571507,2.5569249824917857,11.371596116460175,up,up,up,up,-0.0338859688270083,-0.0123429251740621,0.0,0.0005924113790817,15.75
11.485,0.3110648567837568,0.037738991236580595,2.5617040402106723,11.412545148641795,up,up,up,up,-0.0338859688270083,-0.0123429251740621,0.0,0.0005924113790817,15.766
11.5,0.3109466056489207,0.0260025598379353,2.5661839823013066,11.451004308810637,up,up,up,up,-0.0338859688270083,-0.0123429251740621,0.0,0.0005924113790817,15.781
11.516000000000002,0.3094496984236059,0.0596707327551675,2.570949665931102,11.492101377996494,up,up,up,up,-0.0338859688270083,-0.0123429251740621,0.0,0.0005924113790817,15.797
11.532,0.308010144132087,0.0560861743929212,2.575691857868762,11.533274510186894,up,up,up,up,-0.0338859688270083,-0.0123429251740621,0.0,0.0005924113790817,15.813
11.547,0.3081113999476965,0.0406363565343082,2.5801276255717496,11.571943156312697,up,up,up,up,-0.0338859688270083,-0.0123429251740621,0.0,0.0005924113790817,15.828
11.562999999999999,0.30814808116944903,0.0361785451865388,2.5848602146179016,11.613263059034216,up,up,up,up,-0.0338859688270083,-0.0123429251740621,0.0,0.0005924113790817,15.844
11.594000000000001,0.3081553748828725,0.0341212499051841,2.594030287506317,11.693535861817141,up,up,up,up,-0.0338859688270083,-0.0123429251740621,0.0,0.0005924113790817,15.875
11.61,0.3087314814045641,0.0698926264327332,2.598767895553832,11.735078247281622,up,up,up,up,-0.0338859688270083,-0.0123429251740621,0.0,0.0005924113790817,15.891
11.625,0.3084269513955888,0.013583968228660197,2.603211439922222,11.774093092297695,up,up,up,up,-0.0338859688270083,-0.0123429251740621,0.0,0.0005924113790817,15.906
11.641000000000002,0.3075496935674344,0.020942645432641502,2.6079417662791413,11.815782317947304,up,up,up,up,-0.0338859688270083,-0.0123429251740621,0.0,0.0005924113790817,15.922
11.657,0.3067066044300457,0.018807102259787302,2.612658329860336,11.857547118716418,up,up,up,up,-0.0338859688270083,-0.0123429251740621,0.0,0.0005924113790817,15.938
11.672,0.3068284977381505,0.042012189367332795,2.6170746992489864,11.89677011643474,up,up,up,up,-0.0338859688270083,-0.0123429251740621,0.0,0.0005924113790817,15.953
11.704,0.3066104050700549,0.027070572949017997,2.626494748088348,11.980667227592134,up,up,up,up,-0.0338859688270083,-0.0123429251740621,0.0,0.0005924113790817,15.985
11.719000000000001,0.3051605833342297,0.0627688135613344,2.630897886623769,12.02009767235248,up,up,up,up,-0.0338859688270083,-0.0123429251740621,0.0,0.0005924113790817,16.0
11.735,0.3037461231041565,0.0545177955525757,2.635571653472491,12.062229428673243,up,up,up,up,-0.0338859688270083,-0.0123429251740621,0.0,0.0005924113790817,16.016
11.75,0.3034449828483421,0.013809951772715597,2.639940442889524,12.10179576939596,up,up,up,up,-0.0338859688270083,-0.0123429251740621,0.0,0.0005924113790817,16.031
11.766000000000002,0.302963342924599,0.0,2.644594222692923,12.144072046720623,up,up,up,up,-0.0338859688270083,-0.0123429251740621,0.0,0.0005924113790817,16.047
11.782,0.3038723742180131,0.0907004246653977,2.6492514216272784,12.18642281187518,up,up,up,up,-0.0338859688270083,-0.0123429251740621,0.0,0.0005924113790817,16.063
11.797,0.3047692158729465,0.0936754124892267,2.6536310896753497,12.226194430709953,up,up,up,up,-0.0338859688270083,-0.0123429251740621,0.0,0.0005924113790817,16.078
11.829,0.3058563262725098,0.06785816881336229,2.663006124744107,12.311260626140664,up,up,up,up,-0.0338859688270083,-0.0123429251740621,0.0,0.0005924113790817,16.11
11.844000000000001,0.304945416166257,0.026841371589840804,2.667401993934787,12.351238687030754,up,up,up,up,-0.0338859688270083,-0.0123429251740621,0.0,0.0005924113790817,16.125
11.875,0.3047787322727622,0.028509069036852196,2.676470087555195,12.434068704293848,up,up,up,up,-0.0338859688270083,-0.0123429251740621,0.0,0.0005924113790817,16.156
11.891000000000002,0.3055306248482274,0.0808792547935819,2.6811550756093787,12.476929705599169,up,up,up,up,-0.0338859688270083,-0.0123429251740621,0.0,0.0005924113790817,16.172
11.907,0.3062591239941401,0.0794171654465548,2.6858519067973323,12.51986576145842,up,up,up,up,-0.0338859688270083,-0.0123429251740621,0.0,0.0005924113790817,16.188
11.922,0.3075492599991634,0.1198950358285555,2.690270325799671,12.560186678202896,up,up,up,up,-0.0338859688270083,-0.0123429251740621,0.0,0.0005924113790817,16.203
11.938000000000002,0.3080920592335872,0.0678109209784917,2.694997969550749,12.603268824565705,up,up,up,up,-0.0338859688270083,-0.0123429251740621,0.0,0.0005924113790817,16.219
11.954,0.307794699407296,0.015300979683806396,2.6997275768170903,12.646426628936643,up,up,up,up,-0.0338859688270083,-0.0123429251740621,0.0,0.0005924113790817,16.235
11.969000000000001,0.3074944879907235,0.013871874388846597,2.704157101844965,12.68695576402661,up,up,up,up,-0.0338859688270083,-0.0123429251740621,0.0,0.0005924113790817,16.25
11.985,0.3084208327163491,0.0917825141786136,2.708886937607836,12.730260116342226,up,up,up,up,-0.0338859688270083,-0.0123429251740621,0.0,0.0005924113790817,16.266
12.0,0.3096222922954776,0.1139832741022411,2.713337117167814,12.770926796753047,up,up,up,up,-0.0338859688270083,-0.0123429251740621,0.0,0.0005924113790817,16.281
12.016000000000002,0.3107891356444412,0.1068136781372222,2.7181029217885486,12.814378317064703,up,up,up,up,-0.0338859688270083,-0.0123429251740621,0.0,0.0005924113790817,16.297
12.047,0.3115763434814091,0.059279770019523795,2.727366956034603,12.89878310017096,up,up,up,up,-0.0338859688270083,-0.0123429251740621,0.0,0.0005924113790817,16.328
12.063000000000002,0.3123749061368404,0.0837961347914534,2.7321610792287645,12.94245932445307,up,up,up,up,-0.0338859688270083,-0.0123429251740621,0.0,0.0005924113790817,16.344
12.094000000000001,0.3128622366967803,0.049606309470234394,2.7414696242622894,13.02730060035718,up,up,up,up,-0.0338859688270083,-0.0123429251740621,0.0,0.0005924113790817,16.375
12.11,0.3123825255621621,0.0,2.7462740955575757,13.071202550115736,up,up,up,up,-0.0338859688270083,-0.0123429251740621,0.0,0.0005924113790817,16.391
12.125,0.3112533170050167,0.0413946016493547,2.7507662204992185,13.112430352486161,up,up,up,up,-0.0338859688270083,-0.0123429251740621,0.0,0.0005924113790817,16.406
12.141000000000002,0.3101559495913974,0.034699494524184596,2.755540007829205,13.156480802312794,up,up,up,up,-0.0338859688270083,-0.0123429251740621,0.0,0.0005924113790817,16.422
12.157,0.3105934681041553,0.0612308758743776,2.760308516367984,13.200607590506367,up,up,up,up,-0.0338859688270083,-0.0123429251740621,0.0,0.0005924113790817,16.438
12.172,0.3110144074838228,0.061948594138172094,2.764785431557283,13.242045795115809,up,up,up,up,-0.0338859688270083,-0.0123429251740621,0.0,0.0005924113790817,16.453
12.188000000000002,0.3114161143648086,0.0589926488886205,2.769567388929288,13.286320617679706,up,up,up,up,-0.0338859688270083,-0.0123429251740621,0.0,0.0005924113790817,16.469
12.204,0.3116558910949312,0.048872014459668794,2.77435447817018,13.330671992616498,up,up,up,up,-0.0338859688270083,-0.0123429251740621,0.0,0.0005924113790817,16.485
12.219000000000001,0.3119152376626264,0.0511757400066888,2.778846117758251,13.372320997085962,up,up,up,up,-0.0338859688270083,-0.0123429251740621,0.0,0.0005924113790817,16.5
12.235,0.3119908154335871,0.0386095795120511,2.783639879380235,13.416820885063068,up,up,up,up,-0.0338859688270083,-0.0123429251740621,0.0,0.0005924113790817,16.516
12.266000000000002,0.3116019370444558,0.021341504661484698,2.792922936363249,13.503257608707097,up,up,up,up,-0.0338859688270083,-0.0123429251740621,0.0,0.0005924113790817,16.547
12.297,0.3110483096081058,0.016027019267329797,2.802191384505968,13.589981880680567,up,up,up,up,-0.0338859688270083,-0.0123429251740621,0.0,0.0005924113790817,16.578
12.313000000000002,0.3089028642360869,0.10020436692415689,2.8069535070939367,13.63485503981337,up,up,up,up,-0.0338859688270083,-0.0123429251740621,0.0,0.0005924113790817,16.594
12.329,0.3064498333498253,0.1194284615643577,2.8116788418718386,13.679804098605091,up,up,up,up,-0.0338859688270083,-0.0123429251740621,0.0,0.0005924113790817,16.61
12.344000000000001,0.3067618287162226,0.054685659920157795,2.8160927854597237,13.722012385810078,up,up,up,up,-0.0338859688270083,-0.0123429251740621,0.0,0.0005924113790817,16.625
12.36,0.3066959833091722,0.0297706308863612,2.820802961153141,13.76710755178298,up,up,up,up,-0.0338859688270083,-0.0123429251740621,0.0,0.0005924113790817,16.641
12.391000000000002,0.3066048477463621,0.030946111962165,2.829926493354107,13.854693858327847,up,up,up,up,-0.0338859688270083,-0.0123429251740621,0.0,0.0005924113790817,16.672
12.407,0.305873712247271,0.011809999866190204,2.8346288350312703,13.900010300954925,up,up,up,up,-0.0338859688270083,-0.0123429251740621,0.0,0.0005924113790817,16.688
12.438000000000002,0.3079845289371832,0.1019768297919127,2.8437610070892343,13.9880253435078,up,up,up,up,-0.0338859688270083,-0.0123429251740621,0.0,0.0005924113790817,16.719
12.454,0.3100008595432086,0.15990663170361358,2.848507403394292,14.033563490791662,up,up,up,up,-0.0338859688270083,-0.0123429251740621,0.0,0.0005924113790817,16.735
12.469000000000001,0.3100880231690954,0.039696877219460594,2.852972926137024,14.07632459326315,up,up,up,up,-0.0338859688270083,-0.0123429251740621,0.0,0.0005924113790817,16.75
12.5,0.3104971561739358,0.0470838076928267,2.862209365736444,14.164909918787185,up,up,up,up,-0.0338859688270083,-0.0123429251740621,0.0,0.0005924113790817,16.781
12.516000000000002,0.31086344420046963,0.0567789704853696,2.866982763736655,14.210743455822975,up,up,up,up,-0.0338859688270083,-0.0123429251740621,0.0,0.0005924113790817,16.797
12.532,0.3095241512055651,0.0498198433545346,2.8717483776971178,14.25665330495444,up,up,up,up,-0.0338859688270083,-0.0123429251740621,0.0,0.0005924113790817,16.813
12.547,0.3082389365526197,0.051795008036015,2.876196456977693,14.299762891214503,up,up,up,up,-0.0338859688270083,-0.0123429251740621,0.0,0.0005924113790817,16.828
12.563000000000002,0.3081932635766922,0.0310314078315398,2.8809304277759438,14.345819906292537,up,up,up,up,-0.0338859688270083,-0.0123429251740621,0.0,0.0005924113790817,16.844
12.594000000000001,0.3090840258614662,0.0626202360777844,2.8901155950818387,14.43527111964683,up,up,up,up,-0.0338859688270083,-0.0123429251740621,0.0,0.0005924113790817,16.875
12.61,0.3099852935322804,0.0902151982529033,2.894870662834203,14.48155100971015,up,up,up,up,-0.0338859688270083,-0.0123429251740621,0.0,0.0005924113790817,16.891
12.625,0.3102811916144112,0.05361250763572879,2.8993375175951925,14.525007571063375,up,up,up,up,-0.0338859688270083,-0.0123429251740621,0.0,0.0005924113790817,16.906
12.641000000000002,0.309075447086105,0.04147306419212331,2.904094883902012,14.571435030275358,up,up,up,up,-0.0338859688270083,-0.0123429251740621,0.0,0.0005924113790817,16.922
12.672,0.3079250336573782,0.0,2.91327576067314,14.661604275266269,up,up,up,up,-0.0338859688270083,-0.0123429251740621,0.0,0.0005924113790817,16.953
12.688000000000002,0.306367218771852,0.06347746151836821,2.917992611889789,14.708254422246778,up,up,up,up,-0.0338859688270083,-0.0123429251740621,0.0,0.0005924113790817,16.969
12.719000000000001,0.3052659542939135,0.0,2.9270902953919125,14.79885320730964,up,up,up,up,-0.0338859688270083,-0.0123429251740621,0.0,0.0005924113790817,17.0
12.735,0.3058001301362569,0.0672719589734736,2.931781337264568,14.845724180370887,up,up,up,up,-0.0338859688270083,-0.0123429251740621,0.0,0.0005924113790817,17.016
12.75,0.3055513859559102,0.017303023470561996,2.9361813297576487,14.889733900373555,up,up,up,up,-0.0338859688270083,-0.0123429251740621,0.0,0.0005924113790817,17.031
12.766000000000002,0.305319592378563,0.019398870242806097,2.94087081078154,14.936750317497873,up,up,up,up,-0.0338859688270083,-0.0123429251740621,0.0,0.0005924113790817,17.047
12.797,0.3043091395363841,0.0,2.949937425445825,15.028057845159395,up,up,up,up,-0.0338859688270083,-0.0123429251740621,0.0,0.0005924113790817,17.078
12.813000000000002,0.3041903548537341,0.026461926161382297,2.954607934598162,15.07529420803975,up,up,up,up,-0.0338859688270083,-0.0123429251740621,0.0,0.0005924113790817,17.094
12.829,0.3036478744703554,0.0,2.959273153629969,15.12260525674557,up,up,up,up,-0.0338859688270083,-0.0123429251740621,0.0,0.0005924113790817,17.11
12.844000000000001,0.3031432340633575,0.0,2.963638943066361,15.167027097470795,up,up,up,up,-0.0338859688270083,-0.0123429251740621,0.0,0.0005924113790817,17.125
12.86,0.3026798092395228,0.0,2.968288040609999,15.2144825133402,up,up,up,up,-0.0338859688270083,-0.0123429251740621,0.0,0.0005924113790817,17.141
12.891000000000002,0.3035794731285097,0.0629073846007763,2.977302428806309,15.306639165616163,up,up,up,up,-0.0338859688270083,-0.0123429251740621,0.0,0.0005924113790817,17.172
12.907,0.3027889635546881,0.015520879536850302,2.9819558894969886,15.354313232162584,up,up,up,up,-0.0338859688270083,-0.0123429251740621,0.0,0.0005924113790817,17.188
12.922,0.30202885405015323,0.016787998141980905,2.9863068792514142,15.399075202928197,up,up,up,up,-0.0338859688270083,-0.0123429251740621,0.0,0.0005924113790817,17.203
12.954,0.3024786489986191,0.047942060966566495,2.9955840256946247,15.494785457407335,up,up,up,up,-0.0338859688270083,-0.0123429251740621,0.0,0.0005924113790817,17.235
12.969000000000001,0.3022399993236533,0.017975990495956596,2.999934271679431,15.53975184463764,up,up,up,up,-0.0338859688270083,-0.0123429251740621,0.0,0.0005924113790817,17.25
13.0,0.3033496180183519,0.0696801202689003,3.008938280067836,15.63288936918972,up,up,up,up,-0.0338859688270083,-0.0123429251740621,0.0,0.0005924113790817,17.281
13.016000000000002,0.3014605841205178,0.0841786497876112,3.0135792748821624,15.681069509629324,up,up,up,up,-0.0338859688270083,-0.0123429251740621,0.0,0.0005924113790817,17.297
13.032,0.29955579731933213,0.0851632062471088,3.018189919130896,15.729323663181423,up,up,up,up,-0.0338859688270083,-0.0123429251740621,0.0,0.0005924113790817,17.313
13.047,0.3003214829161855,0.08493167528390069,3.022503854855052,15.774628866486319,up,up,up,up,-0.0338859688270083,-0.0123429251740621,0.0,0.0005924113790817,17.328
13.063000000000002,0.2997252445113343,0.0,3.027106741871687,15.823025751260138,up,up,up,up,-0.0338859688270083,-0.0123429251740621,0.0,0.0005924113790817,17.344
13.094000000000001,0.2991467217632628,0.015223944695670098,3.036006626668547,15.917004008472508,up,up,up,up,-0.0338859688270083,-0.0123429251740621,0.0,0.0005924113790817,17.375
13.11,0.2992375115107588,0.0395603280455082,3.0405962137319533,15.965616831195707,up,up,up,up,-0.0338859688270083,-0.0123429251740621,0.0,0.0005924113790817,17.391
13.125,0.3007697772065132,0.1360370152106294,3.044911124519722,16.011258136232595,up,up,up,up,-0.0338859688270083,-0.0123429251740621,0.0,0.0005924113790817,17.406
13.141000000000002,0.3022982045865046,0.1294126800764582,3.0495381815712816,16.060013730681327,up,up,up,up,-0.0338859688270083,-0.0123429251740621,0.0,0.0005924113790817,17.422
13.157,0.3030092175931038,0.07832428173946679,3.054183154145933,16.10884350136706,up,up,up,up,-0.0338859688270083,-0.0123429251740621,0.0,0.0005924113790817,17.438
13.172,0.3037642720479709,0.0842229324848144,3.0585488114406303,16.15468899110896,up,up,up,up,-0.0338859688270083,-0.0123429251740621,0.0,0.0005924113790817,17.453
13.188000000000002,0.3062453652759487,0.1889542955755995,3.063231401736437,16.20366323281438,up,up,up,up,-0.0338859688270083,-0.0123429251740621,0.0,0.0005924113790817,17.469
13.204,0.3054092573449285,0.018370776861758704,3.0679271519146187,16.252712501243586,up,up,up,up,-0.0338859688270083,-0.0123429251740621,0.0,0.0005924113790817,17.485
13.235,0.3026181102507959,0.05615103420953191,3.076968945431956,16.347958390752453,up,up,up,up,-0.0338859688270083,-0.0123429251740621,0.0,0.0005924113790817,17.516
13.25,0.2999053391039492,0.14696544096276143,3.081302727424506,16.394145428298877,up,up,up,up,-0.0338859688270083,-0.0123429251740621,0.0,0.0005924113790817,17.531
13.266000000000002,0.3005776519271439,0.0759055202766715,3.08590910454997,16.443483122954678,up,up,up,up,-0.0338859688270083,-0.0123429251740621,0.0,0.0005924113790817,17.547
13.282,0.3014779446713635,0.09015426534074289,3.0905280625199727,16.49289462029123,up,up,up,up,-0.0338859688270083,-0.0123429251740621,0.0,0.0005924113790817,17.563
13.297,0.3023709231171452,0.09341786521244749,3.094871785150776,16.539285119148765,up,up,up,up,-0.0338859688270083,-0.0123429251740621,0.0,0.0005924113790817,17.578
13.329,0.3020673698404401,0.024399928929975195,3.1041478242325278,16.638469432898898,up,up,up,up,-0.0338859688270083,-0.0123429251740621,0.0,0.0005924113790817,17.61
13.344000000000001,0.3020774447365468,0.034557628567455895,3.108493766464244,16.685064244829125,up,up,up,up,-0.0338859688270083,-0.0123429251740621,0.0,0.0005924113790817,17.625
13.36,0.3012644824269088,0.016924175525372905,3.113123015078766,16.734837179081463,up,up,up,up,-0.0338859688270083,-0.0123429251740621,0.0,0.0005924113790817,17.641
13.375,0.3015925334169456,0.055756034829457,3.117459298819984,16.781566546435705,up,up,up,up,-0.0338859688270083,-0.0123429251740621,0.0,0.0005924113790817,17.656
13.407,0.3013578790389388,0.026553019514297796,3.1267115318137084,16.881473279725846,up,up,up,up,-0.0338859688270083,-0.0123429251740621,0.0,0.0005924113790817,17.688
13.422,0.3017144248870114,0.057655692031843495,3.1310494302155423,16.928406486941068,up,up,up,up,-0.0338859688270083,-0.0123429251740621,0.0,0.0005924113790817,17.703
13.438000000000002,0.3021613541635872,0.061819048612996294,3.1356829496451626,16.978540345979958,up,up,up,up,-0.0338859688270083,-0.0123429251740621,0.0,0.0005924113790817,17.719
13.454,0.3026016867705898,0.0614067567646739,3.1403235671698506,17.028748398114473,up,up,up,up,-0.0338859688270083,-0.0123429251740621,0.0,0.0005924113790817,17.735
13.469000000000001,0.3025136323810091,0.028015676188294897,3.144676788185877,17.075885900779642,up,up,up,up,-0.0338859688270083,-0.0123429251740621,0.0,0.0005924113790817,17.75
13.5,0.3028138600526731,0.043570732429071,3.153676733638203,17.17351038036791,up,up,up,up,-0.0338859688270083,-0.0123429251740621,0.0,0.0005924113790817,17.781
13.516000000000002,0.302636400453208,0.022794743860445596,3.158322848919465,17.224006377028378,up,up,up,up,-0.0338859688270083,-0.0123429251740621,0.0,0.0005924113790817,17.797
13.532,0.3014595312470085,0.0396683565604702,3.1629581295702818,17.27457662485629,up,up,up,up,-0.0338859688270083,-0.0123429251740621,0.0,0.0005924113790817,17.813
13.547,0.3017922140581674,0.0560648229042705,3.16729737378246,17.32205354113144,up,up,up,up,-0.0338859688270083,-0.0123429251740621,0.0,0.0005924113790817,17.828
13.563000000000002,0.3021211846827558,0.05444663286377879,3.1719311941696025,17.37276736967506,up,up,up,up,-0.0338859688270083,-0.0123429251740621,0.0,0.0005924113790817,17.844
13.579,0.301432923067253,0.0,3.176562140228817,17.423555316350242,up,up,up,up,-0.0338859688270083,-0.0123429251740621,0.0,0.0005924113790817,17.86
13.594000000000001,0.3000377137907986,0.05912798293661631,3.1808880261276418,17.471236192597917,up,up,up,up,-0.0338859688270083,-0.0123429251740621,0.0,0.0005924113790817,17.875
13.625,0.2986844076234032,0.0,3.189785588329165,17.569981633621993,up,up,up,up,-0.0338859688270083,-0.0123429251740621,0.0,0.0005924113790817,17.906
13.657,0.2976634722367244,0.0,3.198932180801357,17.672201117928083,up,up,up,up,-0.0338859688270083,-0.0123429251740621,0.0,0.0005924113790817,17.938
13.672,0.2989527291052329,0.11983642672757559,3.203221658433812,17.720217271722348,up,up,up,up,-0.0338859688270083,-0.0123429251740621,0.0,0.0005924113790817,17.953
13.704,0.3001023999415597,0.06981318246222,3.2124115668929902,17.822867403327578,up,up,up,up,-0.0338859688270083,-0.0123429251740621,0.0,0.0005924113790817,17.985
13.719000000000001,0.2998549736164619,0.017390880487157197,3.2167261033170647,17.871085935854154,up,up,up,up,-0.0338859688270083,-0.0123429251740621,0.0,0.0005924113790817,18.0
13.735,0.2996292921874257,0.0197808795122425,3.2213244906407104,17.92259034060581,up,up,up,up,-0.0338859688270083,-0.0123429251740621,0.0,0.0005924113790817,18.016
13.75,0.299719167724648,0.039877671308493595,3.22563446021244,17.97094253273721,up,up,up,up,-0.0338859688270083,-0.0123429251740621,0.0,0.0005924113790817,18.031
13.766000000000002,0.2995494906125682,0.023281149322020498,3.2302311226763534,18.02258945740033,up,up,up,up,-0.0338859688270083,-0.0123429251740621,0.0,0.0005924113790817,18.047
13.782,0.2993383402462779,0.020689070933865097,3.2348247385204387,18.074309904289898,up,up,up,up,-0.0338859688270083,-0.0123429251740621,0.0,0.0005924113790817,18.063
13.797,0.2996944596977116,0.057627265589251096,3.239132340642408,18.12286458238362,up,up,up,up,-0.0338859688270083,-0.0123429251740621,0.0,0.0005924113790817,18.078
13.813000000000002,0.2984928665437962,0.04121360329269111,3.2437203524495555,18.17472740392836,up,up,up,up,-0.0338859688270083,-0.0123429251740621,0.0,0.0005924113790817,18.094
13.829,0.2973205805399761,0.039381906411758,3.2482893732234404,18.22666348173374,up,up,up,up,-0.0338859688270083,-0.0123429251740621,0.0,0.0005924113790817,18.11
13.86,0.2969299801295388,0.021285955587096297,3.2571176262334216,18.32749729022532,up,up,up,up,-0.0338859688270083,-0.0123429251740621,0.0,0.0005924113790817,18.141
13.875,0.2987071653093576,0.15236498081491912,3.2613997609466026,18.37638617062917,up,up,up,up,-0.0338859688270083,-0.0123429251740621,0.0,0.0005924113790817,18.156
13.907,0.3002639286766335,0.08253482405438159,3.2705883248448084,18.48089798000184,up,up,up,up,-0.0338859688270083,-0.0123429251740621,0.0,0.0005924113790817,18.188
13.922,0.3005957883591641,0.0560099476623792,3.274909628844966,18.52998921465451,up,up,up,up,-0.0338859688270083,-0.0123429251740621,0.0,0.0005924113790817,18.203
13.938000000000002,0.3008768746095551,0.0514538594764455,3.279523923345931,18.582424683072038,up,up,up,up,-0.0338859688270083,-0.0123429251740621,0.0,0.0005924113790817,18.219
13.954,0.3004158046572769,0.0,3.28413677797728,18.63493396868262,up,up,up,up,-0.0338859688270083,-0.0123429251740621,0.0,0.0005924113790817,18.235
13.969000000000001,0.3015307406255871,0.108215033381022,3.2884662331892907,18.684228491266367,up,up,up,up,-0.0338859688270083,-0.0123429251740621,0.0,0.0005924113790817,18.25
13.985,0.3028880714793054,0.1187191471844084,3.2931040968833445,18.73688105390694,up,up,up,up,-0.0338859688270083,-0.0123429251740621,0.0,0.0005924113790817,18.266
14.0,0.3041970560020264,0.121151603675071,3.297472091461844,18.786310375319538,up,up,up,up,-0.0338859688270083,-0.0123429251740621,0.0,0.0005924113790817,18.281
14.016000000000002,0.3035384725881282,0.0,3.3021364888877804,18.839107243962342,up,up,up,up,-0.0338859688270083,-0.0123429251740621,0.0,0.0005924113790817,18.297
14.032,0.304793304639924,0.1123129720642527,3.3068056563028194,18.891978781123864,up,up,up,up,-0.0338859688270083,-0.0123429251740621,0.0,0.0005924113790817,18.313
14.047,0.3060427985529337,0.117185563027649,3.311201783199155,18.941613836920126,up,up,up,up,-0.0338859688270083,-0.0123429251740621,0.0,0.0005924113790817,18.328
14.079,0.303038936610239,0.0599847168821991,3.320552117356196,19.047721899329012,up,up,up,up,-0.0338859688270083,-0.0123429251740621,0.0,0.0005924113790817,18.36
14.094000000000001,0.3034951767366234,0.06430197725263,3.3249159793286864,19.09756291005415,up,up,up,up,-0.0338859688270083,-0.0123429251740621,0.0,0.0005924113790817,18.375
14.125,0.3040021279888343,0.0502392350273604,3.3339495568715347,19.20077532586525,up,up,up,up,-0.0338859688270083,-0.0123429251740621,0.0,0.0005924113790817,18.406
14.141000000000002,0.3043535660416676,0.055850847129089,3.3386189156209944,19.2541558736452,up,up,up,up,-0.0338859688270083,-0.0123429251740621,0.0,0.0005924113790817,18.422
14.157,0.3047348481399687,0.057716099970831394,3.343294136131662,19.30761117805921,up,up,up,up,-0.0338859688270083,-0.0123429251740621,0.0,0.0005924113790817,18.438
14.172,0.3043733666343922,0.0,3.347677303864859,19.35779346385919,up,up,up,up,-0.0338859688270083,-0.0123429251740621,0.0,0.0005924113790817,18.453
14.188000000000002,0.3053254923135604,0.09339382377501709,3.352357407933658,19.41139374155358,up,up,up,up,-0.0338859688270083,-0.0123429251740621,0.0,0.0005924113790817,18.469
14.204,0.30626468040629,0.09258522462261701,3.3570526425126315,19.46506902195714,up,up,up,up,-0.0338859688270083,-0.0123429251740621,0.0,0.0005924113790817,18.485
14.219000000000001,0.3069526345340172,0.07974957734214999,3.361466628497073,19.51545791648972,up,up,up,up,-0.0338859688270083,-0.0123429251740621,0.0,0.0005924113790817,18.5
14.235,0.3052239124843279,0.07415915927858631,3.366166554070434,19.569278981950255,up,up,up,up,-0.0338859688270083,-0.0123429251740621,0.0,0.0005924113790817,18.516
14.25,0.303549658134548,0.077730987824978,3.370547211972465,19.619804335195578,up,up,up,up,-0.0338859688270083,-0.0123429251740621,0.0,0.0005924113790817,18.531
14.266000000000002,0.301740251240524,0.0792019620494777,3.375192044444681,19.673770249246918,up,up,up,up,-0.0338859688270083,-0.0123429251740621,0.0,0.0005924113790817,18.547
14.297,0.3052181993363074,0.1460778428845413,3.3842172697482256,19.77854109361691,up,up,up,up,-0.0338859688270083,-0.0123429251740621,0.0,0.0005924113790817,18.578
14.313000000000002,0.3086101360106141,0.2458820109711536,3.3889304096282165,19.832726275051925,up,up,up,up,-0.0338859688270083,-0.0123429251740621,0.0,0.0005924113790817,18.594
14.329,0.309392018827463,0.0827536448800685,3.393676940064136,19.88698713384946,up,up,up,up,-0.0338859688270083,-0.0123429251740621,0.0,0.0005924113790817,18.61
14.36,0.3074652041940684,0.028269341927659,3.402855596340573,19.99233338816373,up,up,up,up,-0.0338859688270083,-0.0123429251740621,0.0,0.0005924113790817,18.641
14.375,0.3084784650097649,0.1014366898734408,3.4072900299819917,20.04340948036115,up,up,up,up,-0.0338859688270083,-0.0123429251740621,0.0,0.0005924113790817,18.656
14.407,0.3092231924049944,0.057158699927928894,3.416778282895057,20.152594573367182,up,up,up,up,-0.0338859688270083,-0.0123429251740621,0.0,0.0005924113790817,18.688
14.422,0.3090635650447151,0.023244144808388597,3.4212302896983195,20.203879637661636,up,up,up,up,-0.0338859688270083,-0.0123429251740621,0.0,0.0005924113790817,18.703
14.438000000000002,0.3083702090792322,0.0,3.4259722730885267,20.258657258163932,up,up,up,up,-0.0338859688270083,-0.0123429251740621,0.0,0.0005924113790817,18.719
14.454,0.3076140831761087,0.013371900118213202,3.430702660623784,20.31351065763362,up,up,up,up,-0.0338859688270083,-0.0123429251740621,0.0,0.0005924113790817,18.735
14.469000000000001,0.306892847986326,0.014196377158505302,3.4351263187298917,20.365004374978778,up,up,up,up,-0.0338859688270083,-0.0123429251740621,0.0,0.0005924113790817,18.75
14.5,0.3058266416227226,0.0,3.4442408401384355,20.471634565941233,up,up,up,up,-0.0338859688270083,-0.0123429251740621,0.0,0.0005924113790817,18.781
14.516000000000002,0.3080095176880064,0.17031572290722918,3.448954042610137,20.526780125003228,up,up,up,up,-0.0338859688270083,-0.0123429251740621,0.0,0.0005924113790817,18.797
14.532,0.3101123418245759,0.16531247736261528,3.453701530683452,20.58200136958957,up,up,up,up,-0.0338859688270083,-0.0123429251740621,0.0,0.0005924113790817,18.813
14.563000000000002,0.310187112569622,0.0362979283446254,3.4629335415461666,20.689209213209136,up,up,up,up,-0.0338859688270083,-0.0123429251740621,0.0,0.0005924113790817,18.844
14.579,0.3103014208406485,0.041030235766160994,3.4676999630106637,20.744654281245584,up,up,up,up,-0.0338859688270083,-0.0123429251740621,0.0,0.0005924113790817,18.86
14.594000000000001,0.3115977130012126,0.1203054461979483,3.4721790626368665,20.796703373937945,up,up,up,up,-0.0338859688270083,-0.0123429251740621,0.0,0.0005924113790817,18.875
14.61,0.311907257234461,0.05323248340503289,3.476969615595966,20.852296563363797,up,up,up,up,-0.0338859688270083,-0.0123429251740621,0.0,0.0005924113790817,18.891
14.625,0.3138389368861922,0.16266461227575302,3.4814775681742605,20.90448491724208,up,up,up,up,-0.0338859688270083,-0.0123429251740621,0.0,0.0005924113790817,18.906
14.641000000000002,0.3157387420910922,0.1526237941332426,3.486316702803294,20.960227271409902,up,up,up,up,-0.0338859688270083,-0.0123429251740621,0.0,0.0005924113790817,18.922
14.672,0.3158744689402155,0.0382642542825997,3.4957240768938838,21.068448903495206,up,up,up,up,-0.0338859688270083,-0.0123429251740621,0.0,0.0005924113790817,18.953
14.688000000000002,0.3160325286151302,0.043764698509173895,3.5005818460715417,21.124419350878934,up,up,up,up,-0.0338859688270083,-0.0123429251740621,0.0,0.0005924113790817,18.969
14.704,0.3161346440313615,0.0402681823414643,3.505441696649928,21.1804675392207,up,up,up,up,-0.0338859688270083,-0.0123429251740621,0.0,0.0005924113790817,18.985
14.719000000000001,0.315586834212354,0.0,3.509994463859145,21.23308331042452,up,up,up,up,-0.0338859688270083,-0.0123429251740621,0.0,0.0005924113790817,19.0
14.735,0.3151016378190849,0.0,3.514842484832611,21.289282006014048,up,up,up,up,-0.0338859688270083,-0.0123429251740621,0.0,0.0005924113790817,19.016
14.75,0.3158848020095828,0.0860969148601958,3.5193897392537155,21.342038747694698,up,up,up,up,-0.0338859688270083,-0.0123429251740621,0.0,0.0005924113790817,19.031
14.782,0.3152354586095125,0.013593987574812099,3.529092689818051,21.454814466559846,up,up,up,up,-0.0338859688270083,-0.0123429251740621,0.0,0.0005924113790817,19.063
14.797,0.3149518989153108,0.014981989213563397,3.5336339511218764,21.507784916366898,up,up,up,up,-0.0338859688270083,-0.0123429251740621,0.0,0.0005924113790817,19.078
14.813000000000002,0.3139662527567104,0.0277169160855108,3.538467809532468,21.564361730452138,up,up,up,up,-0.0338859688270083,-0.0123429251740621,0.0,0.0005924113790817,19.094
14.844000000000001,0.3153543095658353,0.0786619949278134,3.547839647568072,21.674199496037193,up,up,up,up,-0.0338859688270083,-0.0123429251740621,0.0,0.0005924113790817,19.125
14.86,0.3167369104586477,0.1202985246277922,3.5526988905254817,21.731003804341935,up,up,up,up,-0.0338859688270083,-0.0123429251740621,0.0,0.0005924113790817,19.141
14.875,0.31532644242988,0.0601452330908316,3.557254221794535,21.78432845268434,up,up,up,up,-0.0338859688270083,-0.0123429251740621,0.0,0.0005924113790817,19.156
14.891000000000002,0.3137401144772909,0.0652595282098038,3.562089267447008,21.84128320059828,up,up,up,up,-0.0338859688270083,-0.0123429251740621,0.0,0.0005924113790817,19.172
14.907,0.3139207499499044,0.0451756858653525,3.56691306755964,21.898315219278324,up,up,up,up,-0.0338859688270083,-0.0123429251740621,0.0,0.0005924113790817,19.188
14.922,0.3123723907035902,0.0693379809272634,3.5714251222369304,21.9518527557018,up,up,up,up,-0.0338859688270083,-0.0123429251740621,0.0,0.0005924113790817,19.203
14.938000000000002,0.3123082031765669,0.029874248388052096,3.576225080185188,22.009033957321183,up,up,up,up,-0.0338859688270083,-0.0123429251740621,0.0,0.0005924113790817,19.219
14.954,0.3122475794560628,0.0300969862955028,3.581024039643463,22.06629195027981,up,up,up,up,-0.0338859688270083,-0.0123429251740621,0.0,0.0005924113790817,19.235
14.969000000000001,0.3115659067683207,0.011558877022463804,3.585517496912535,22.120041011803973,up,up,up,up,-0.0338859688270083,-0.0123429251740621,0.0,0.0005924113790817,19.25
14.985,0.3104643101436526,0.034963820214757496,3.590296251845045,22.177447521794036,up,up,up,up,-0.0338859688270083,-0.0123429251740621,0.0,0.0005924113790817,19.266
15.0,0.3094266795522138,0.0352894039355756,3.594760290390153,22.2313354458608,up,up,up,up,-0.0338859688270083,-0.0123429251740621,0.0,0.0005924113790817,19.281
15.032,0.3082241832518839,0.0,3.604247730589449,22.346519574196474,up,up,up,up,-0.0338859688270083,-0.0123429251740621,0.0,0.0005924113790817,19.313
15.047,0.3063567583853004,0.0906090222785558,3.608671943774117,22.4006164717542,up,up,up,up,-0.0338859688270083,-0.0123429251740621,0.0,0.0005924113790817,19.328
15.063000000000002,0.3045988662104015,0.0759822921041579,3.613362101968098,22.458392744120147,up,up,up,up,-0.0338859688270083,-0.0123429251740621,0.0,0.0005924113790817,19.344
15.079,0.3029731734376213,0.0677198294717679,3.618025191482497,22.51624384246774,up,up,up,up,-0.0338859688270083,-0.0123429251740621,0.0,0.0005924113790817,19.36
15.094000000000001,0.3023483482013258,0.0,3.622379959017178,22.57054688109649,up,up,up,up,-0.0338859688270083,-0.0123429251740621,0.0,0.0005924113790817,19.375
15.11,0.2986472668793602,0.1974316137958647,3.626990437135038,22.6285418442657,up,up,up,up,-0.0338859688270083,-0.0123429251740621,0.0,0.0005924113790817,19.391
15.125,0.2950207234582311,0.20788359258159012,3.631257803184959,22.682978706068106,up,up,up,up,-0.0338859688270083,-0.0123429251740621,0.0,0.0005924113790817,19.406
15.141000000000002,0.2939014603934478,0.0360679727219452,3.635771693852988,22.741114942044415,up,up,up,up,-0.0338859688270083,-0.0123429251740621,0.0,0.0005924113790817,19.422
15.157,0.29124685999777,0.13202655590287088,3.640255393613333,22.799323158744144,up,up,up,up,-0.0338859688270083,-0.0123429251740621,0.0,0.0005924113790817,19.438
15.172,0.2867038442345198,0.26898174872299513,3.644404880017464,22.85395811079637,up,up,up,up,-0.0338859688270083,-0.0123429251740621,0.0,0.0005924113790817,19.453
15.204,0.2841909221621801,0.044642845933606096,3.653144222674241,22.97071889643944,up,up,up,up,-0.0338859688270083,-0.0123429251740621,0.0,0.0005924113790817,19.485
15.219000000000001,0.2816818970456154,0.1333823722772987,3.657203124940689,23.025546501546554,up,up,up,up,-0.0338859688270083,-0.0123429251740621,0.0,0.0005924113790817,19.5
15.235,0.2786608560766748,0.15492909173180153,3.661488380162882,23.084096033587375,up,up,up,up,-0.0338859688270083,-0.0123429251740621,0.0,0.0005924113790817,19.516
15.25,0.2760911069012675,0.13743064286680579,3.665463876007606,23.139048175508655,up,up,up,up,-0.0338859688270083,-0.0123429251740621,0.0,0.0005924113790817,19.531
15.282,0.2705450639269973,0.13942787411893498,3.673815081135288,23.256476638822942,up,up,up,up,-0.0338859688270083,-0.0123429251740621,0.0,0.0005924113790817,19.563
15.297,0.2682901867107308,0.11643917892408549,3.67767120163746,23.31161278594374,up,up,up,up,-0.0338859688270083,-0.0123429251740621,0.0,0.0005924113790817,19.578
15.313000000000002,0.2627298485562477,0.313635165828146,3.681721875116812,23.370487930557783,up,up,up,up,-0.0338859688270083,-0.0123429251740621,0.0,0.0005924113790817,19.594
15.329,0.2572843162982092,0.3064597973004326,3.6856845016328617,23.429427181571775,up,up,up,up,-0.0338859688270083,-0.0123429251740621,0.0,0.0005924113790817,19.61
15.344000000000001,0.254777213007733,0.1332542505380659,3.6893398192250455,23.48473986397821,up,up,up,up,-0.0338859688270083,-0.0123429251740621,0.0,0.0005924113790817,19.625
15.36,0.2531959409004596,0.0649435378775922,3.6932061176535256,23.543800231473238,up,up,up,up,-0.0338859688270083,-0.0123429251740621,0.0,0.0005924113790817,19.641
15.375,0.25163452280196796,0.070208571072423,3.696807202253683,23.599225331372544,up,up,up,up,-0.0338859688270083,-0.0123429251740621,0.0,0.0005924113790817,19.656
15.407,0.2468191415698495,0.1165946946766963,3.704387487278062,23.71764444640505,up,up,up,up,-0.0338859688270083,-0.0123429251740621,0.0,0.0005924113790817,19.688
15.438000000000002,0.2434502868045438,0.0747867655376829,3.7116040327374695,23.8325923149653,up,up,up,up,-0.0338859688270083,-0.0123429251740621,0.0,0.0005924113790817,19.719
15.454,0.2404829264806576,0.1515740514159012,3.7152780116409656,23.89200737132032,up,up,up,up,-0.0338859688270083,-0.0123429251740621,0.0,0.0005924113790817,19.735
15.469000000000001,0.2355378724292585,0.2957843012662533,3.718663023755179,23.947761929085797,up,up,up,up,-0.0338859688270083,-0.0123429251740621,0.0,0.0005924113790817,19.75
15.485,0.2307585709015676,0.2648203766537061,3.72219590849904,24.00728880054382,up,up,up,up,-0.0338859688270083,-0.0123429251740621,0.0,0.0005924113790817,19.766
15.516000000000002,0.2280960735252719,0.052001043311554404,3.7289255248072606,24.12278118276008,up,up,up,up,-0.0338859688270083,-0.0123429251740621,0.0,0.0005924113790817,19.797
15.532,0.22308696744358691,0.2791831612783407,3.7323375023322254,24.182471286977183,up,up,up,up,-0.0338859688270083,-0.0123429251740621,0.0,0.0005924113790817,19.813
15.547,0.2182111838058773,0.291166273686951,3.7354620945889865,24.238479783954094,up,up,up,up,-0.0338859688270083,-0.0123429251740621,0.0,0.0005924113790817,19.828
15.563000000000002,0.2135438516641201,0.2578222900327831,3.7387186480699617,24.298273229895372,up,up,up,up,-0.0338859688270083,-0.0123429251740621,0.0,0.0005924113790817,19.844
15.579,0.207788701835625,0.3258108954539764,3.7418918216951744,24.358118113653486,up,up,up,up,-0.0338859688270083,-0.0123429251740621,0.0,0.0005924113790817,19.86
15.594000000000001,0.2017306492693578,0.3699842022574588,3.744778072950851,24.414268137863335,up,up,up,up,-0.0338859688270083,-0.0123429251740621,0.0,0.0005924113790817,19.875
15.61,0.1971300546790821,0.2536511930652495,3.747771471779653,24.47420853422117,up,up,up,up,-0.0338859688270083,-0.0123429251740621,0.0,0.0005924113790817,19.891
15.625,0.19398308456844932,0.17591203854850418,3.750519676446399,24.53044571783287,up,up,up,up,-0.0338859688270083,-0.0123429251740621,0.0,0.0005924113790817,19.906
15.641000000000002,0.1908746431536148,0.1603916196001307,3.7534010514653904,24.59047708365617,up,up,up,up,-0.0338859688270083,-0.0123429251740621,0.0,0.0005924113790817,19.922
15.657,0.1877163078078325,0.16350999028440388,3.7562322922702966,24.65055415040605,up,up,up,up,-0.0338859688270083,-0.0123429251740621,0.0,0.0005924113790817,19.938
15.672,0.1838708973283829,0.22247472980295802,3.758834052431208,24.70691714799132,up,up,up,up,-0.0338859688270083,-0.0123429251740621,0.0,0.0005924113790817,19.953
15.688000000000002,0.1801552383298013,0.19834271858431668,3.761548774713688,24.767080210608484,up,up,up,up,-0.0338859688270083,-0.0123429251740621,0.0,0.0005924113790817,19.969
15.719000000000001,0.1775108536887,0.05141676153110081,3.766709968459579,24.883768221127664,up,up,up,up,-0.0338859688270083,-0.0123429251740621,0.0,0.0005924113790817,20.0
15.735,0.1738699522266831,0.19367037254907288,3.769323528104117,24.944056489100166,up,up,up,up,-0.0338859688270083,-0.0123429251740621,0.0,0.0005924113790817,20.016
15.75,0.1698652219359981,0.23309605055197702,3.7717163980327255,25.0006142885462,up,up,up,up,-0.0338859688270083,-0.0123429251740621,0.0,0.0005924113790817,20.031
15.766000000000002,0.1659682518221288,0.20967466328979928,3.774205579020006,25.06098166436262,up,up,up,up,-0.0338859688270083,-0.0123429251740621,0.0,0.0005924113790817,20.047
15.782,0.1605531039127008,0.3045607755122781,3.776620263063099,25.12138827109929,up,up,up,up,-0.0338859688270083,-0.0123429251740621,0.0,0.0005924113790817,20.063
15.813000000000002,0.157957220357769,0.04985221036433331,3.781174542408896,25.23853409058411,up,up,up,up,-0.0338859688270083,-0.0123429251740621,0.0,0.0005924113790817,20.094
15.829,0.1500430128367806,0.4607520012348193,3.7834410574716673,25.29905101538315,up,up,up,up,-0.0338859688270083,-0.0123429251740621,0.0,0.0005924113790817,20.11
15.844000000000001,0.1465841762716593,0.19670313551440688,3.78548061751237,25.35581792794553,up,up,up,up,-0.0338859688270083,-0.0123429251740621,0.0,0.0005924113790817,20.125
15.86,0.1430869264551635,0.18469214470400291,3.787600499531399,25.41640257688188,up,up,up,up,-0.0338859688270083,-0.0123429251740621,0.0,0.0005924113790817,20.141
15.875,0.1396841660165773,0.19296472707873158,3.789536138847327,25.473231101669718,up,up,up,up,-0.0338859688270083,-0.0123429251740621,0.0,0.0005924113790817,20.156
15.891000000000002,0.1374947025617707,0.1029554970983844,3.7915560829931687,25.53387983944445,up,up,up,up,-0.0338859688270083,-0.0123429251740621,0.0,0.0005924113790817,20.172
15.907,0.1364796984703833,0.029551786884713604,3.793550391398641,25.594560691239575,up,up,up,up,-0.0338859688270083,-0.0123429251740621,0.0,0.0005924113790817,20.188
15.938000000000002,0.1315692512473223,0.1245155544975279,3.7973225194388696,25.712219221357568,up,up,up,up,-0.0338859688270083,-0.0123429251740621,0.0,0.0005924113790817,20.219
15.954,0.1281841429308006,0.17768330095562268,3.799203059789509,25.772991425991385,up,up,up,up,-0.0338859688270083,-0.0123429251740621,0.0,0.0005924113790817,20.235
15.969000000000001,0.1248698189902501,0.18706896054301148,3.8009158206263054,25.829992317594506,up,up,up,up,-0.0338859688270083,-0.0123429251740621,0.0,0.0005924113790817,20.25
15.985,0.121065473517044,0.2038856232484043,3.8026858161635793,25.890821130688813,up,up,up,up,-0.0338859688270083,-0.0123429251740621,0.0,0.0005924113790817,20.266
16.016000000000002,0.1165365462154834,0.1122084602555778,3.8059860167890376,26.008755544099596,up,up,up,up,-0.0338859688270083,-0.0123429251740621,0.0,0.0005924113790817,20.297
16.032,0.1121225438161825,0.2419891811293282,3.8076178027065057,26.06966437465555,up,up,up,up,-0.0338859688270083,-0.0123429251740621,0.0,0.0005924113790817,20.313
16.047,0.1098148166505854,0.1199625088794611,3.809097189032396,26.126789737093596,up,up,up,up,-0.0338859688270083,-0.0123429251740621,0.0,0.0005924113790817,20.328
16.079,0.1056679841803571,0.0957025458676256,3.8121499402401207,26.248729691161955,up,up,up,up,-0.0338859688270083,-0.0123429251740621,0.0,0.0005924113790817,20.36
16.094,0.1016050448344856,0.23697665423108422,3.813519344080121,26.30592221079436,up,up,up,up,-0.0338859688270083,-0.0123429251740621,0.0,0.0005924113790817,20.375
16.11,0.10018611887091561,0.054796903896124,3.814936186586979,26.366949855039685,up,up,up,up,-0.0338859688270083,-0.0123429251740621,0.0,0.0005924113790817,20.391
16.125,0.0988529116287857,0.0549945139816503,3.816243835438116,26.42418370520488,up,up,up,up,-0.0338859688270083,-0.0123429251740621,0.0,0.0005924113790817,20.406
16.141000000000002,0.09627384584192271,0.12730564285190832,3.817607362695097,26.485254514789947,up,up,up,up,-0.0338859688270083,-0.0123429251740621,0.0,0.0005924113790817,20.422
16.157,0.0940469153868299,0.10529718461630781,3.8189324419821418,26.546346833227357,up,up,up,up,-0.0338859688270083,-0.0123429251740621,0.0,0.0005924113790817,20.438
16.188000000000002,0.0924762105206689,0.016781930081409303,3.821440919753312,26.66477262033426,up,up,up,up,-0.0338859688270083,-0.0123429251740621,0.0,0.0005924113790817,20.469
16.204,0.09096002374876551,0.0608757044169614,3.8227109228246814,26.725925835074882,up,up,up,up,-0.0338859688270083,-0.0123429251740621,0.0,0.0005924113790817,20.485
16.219,0.08765345023406461,0.18655226548637482,3.8238653800019424,26.783275157346083,up,up,up,up,-0.0338859688270083,-0.0123429251740621,0.0,0.0005924113790817,20.5
16.235,0.0833251225627265,0.2366345106316573,3.825035721781532,26.844466366160344,up,up,up,up,-0.0338859688270083,-0.0123429251740621,0.0,0.0005924113790817,20.516
16.25,0.0833734083703561,0.0371050226689822,3.826100816885919,26.901849890200356,up,up,up,up,-0.0338859688270083,-0.0123429251740621,0.0,0.0005924113790817,20.531
16.266000000000002,0.0800620746190414,0.17307239063013408,3.827210813947049,26.963076383247024,up,up,up,up,-0.0338859688270083,-0.0123429251740621,0.0,0.0005924113790817,20.547
16.282,0.0767977013142537,0.17013736272224428,3.8282682053517294,27.024320215401406,up,up,up,up,-0.0338859688270083,-0.0123429251740621,0.0,0.0005924113790817,20.563
16.297,0.0742006564402171,0.13925035610876302,3.829215549157278,27.081751343560224,up,up,up,up,-0.0338859688270083,-0.0123429251740621,0.0,0.0005924113790817,20.578
16.313000000000002,0.0722754656968032,0.0864384526363474,3.830189871331589,27.143026586924144,up,up,up,up,-0.0338859688270083,-0.0123429251740621,0.0,0.0005924113790817,20.594
16.329,0.0703066836028742,0.0891629120435629,3.8311330417232017,27.20431717022857,up,up,up,up,-0.0338859688270083,-0.0123429251740621,0.0,0.0005924113790817,20.61
16.344,0.0683895553572213,0.0939225808831823,3.831988119637792,27.261790578938783,up,up,up,up,-0.0338859688270083,-0.0123429251740621,0.0,0.0005924113790817,20.625
16.36,0.0683583970701775,0.0319385758867701,3.8328846164544257,27.32310956082752,up,up,up,up,-0.0338859688270083,-0.0123429251740621,0.0,0.0005924113790817,20.641
16.375,0.0664840969854481,0.0910673701549497,3.833710791282232,27.380609026385542,up,up,up,up,-0.0338859688270083,-0.0123429251740621,0.0,0.0005924113790817,20.656
16.407,0.0647177023172389,0.0213138645545278,3.835415046465505,27.503315039789506,up,up,up,up,-0.0338859688270083,-0.0123429251740621,0.0,0.0005924113790817,20.688
16.422,0.0631970378434711,0.06749166275750461,3.8361892631391,27.560852072111544,up,up,up,up,-0.0338859688270083,-0.0123429251740621,0.0,0.0005924113790817,20.703
16.454,0.0617165005923396,0.0123808202708513,3.8377929061485023,27.683635786820147,up,up,up,up,-0.0338859688270083,-0.0123429251740621,0.0,0.0005924113790817,20.735
16.469,0.06227919136870409,0.0713986872513072,3.838537729960599,27.741208266590967,up,up,up,up,-0.0338859688270083,-0.0123429251740621,0.0,0.0005924113790817,20.75
16.485,0.0616742345505336,0.0,3.839331870565168,27.802631223395167,up,up,up,up,-0.0338859688270083,-0.0123429251740621,0.0,0.0005924113790817,20.766
16.5,0.0630635513922701,0.1265070916094373,3.840082260082128,27.860226829375023,up,up,up,up,-0.0338859688270083,-0.0123429251740621,0.0,0.0005924113790817,20.781
16.516000000000002,0.0644192595176917,0.1186177266658506,3.840904635766623,27.92167472454182,up,up,up,up,-0.0338859688270083,-0.0123429251740621,0.0,0.0005924113790817,20.797
16.532,0.0629870830679397,0.0556250592825028,3.841726399704523,27.983135772825584,up,up,up,up,-0.0338859688270083,-0.0123429251740621,0.0,0.0005924113790817,20.813
16.547,0.0625477757353678,0.0,3.8424827672679367,28.04076734157788,up,up,up,up,-0.0338859688270083,-0.0123429251740621,0.0,0.0005924113790817,20.828
16.579,0.0618167643357629,0.011041862589356698,3.8440776263035046,28.163752307875022,up,up,up,up,-0.0338859688270083,-0.0123429251740621,0.0,0.0005924113790817,20.86
16.594,0.0616952949760136,0.0257880115103869,3.844818822870732,28.22141903124383,up,up,up,up,-0.0338859688270083,-0.0123429251740621,0.0,0.0005924113790817,20.875
16.61,0.061581823816158704,0.0267940213360739,3.845607553018284,28.282942442250935,up,up,up,up,-0.0338859688270083,-0.0123429251740621,0.0,0.0005924113790817,20.891
16.641000000000002,0.06093686641128569,0.013080891250460698,3.847123962036414,28.40217978073429,up,up,up,up,-0.0338859688270083,-0.0123429251740621,0.0,0.0005924113790817,20.922
16.657,0.060212400069723004,0.011393177520662004,3.847895669365477,28.463739937785498,up,up,up,up,-0.0338859688270083,-0.0123429251740621,0.0,0.0005924113790817,20.938
16.672,0.0595051686419374,0.013262793025364206,3.848608407253204,28.52146371836014,up,up,up,up,-0.0338859688270083,-0.0123429251740621,0.0,0.0005924113790817,20.953
16.688000000000002,0.056021790376055494,0.18382517279058308,3.8493351361225625,28.58304726670715,up,up,up,up,-0.0338859688270083,-0.0123429251740621,0.0,0.0005924113790817,20.969
16.719,0.0558917863761578,0.029692291410952996,3.850687165881826,28.70239761238821,up,up,up,up,-0.0338859688270083,-0.0123429251740621,0.0,0.0005924113790817,21.0
16.735,0.056405915378862304,0.06601903149603819,3.851388060693081,28.764014214200806,up,up,up,up,-0.0338859688270083,-0.0123429251740621,0.0,0.0005924113790817,21.016
16.75,0.054948794882099194,0.0632553976238582,3.852038077142427,28.821789910234575,up,up,up,up,-0.0338859688270083,-0.0123429251740621,0.0,0.0005924113790817,21.031
16.782,0.0549132924364865,0.032776517401612096,3.8534008969339535,28.9450769338198,up,up,up,up,-0.0338859688270083,-0.0123429251740621,0.0,0.0005924113790817,21.063
16.797,0.052235257773982996,0.14464967533988438,3.854019367182922,29.00288258580068,up,up,up,up,-0.0338859688270083,-0.0123429251740621,0.0,0.0005924113790817,21.078
16.813000000000002,0.0500951026132518,0.0998737287186756,3.854640523263235,29.064551864924255,up,up,up,up,-0.0338859688270083,-0.0123429251740621,0.0,0.0005924113790817,21.094
16.829,0.048008396541138795,0.09653316068007049,3.855227864453685,29.126230812025984,up,up,up,up,-0.0338859688270083,-0.0123429251740621,0.0,0.0005924113790817,21.11
16.844,0.0464561879153961,0.0695946062224997,3.855751204959498,29.184063155046584,up,up,up,up,-0.0338859688270083,-0.0123429251740621,0.0,0.0005924113790817,21.125
16.86,0.046514347322924296,0.0375209317975199,3.8562974824386194,29.245759544545763,up,up,up,up,-0.0338859688270083,-0.0123429251740621,0.0,0.0005924113790817,21.141
16.891000000000002,0.047437944606953,0.0636794296021249,3.8573711122831367,29.365321407763957,up,up,up,up,-0.0338859688270083,-0.0123429251740621,0.0,0.0005924113790817,21.172
16.922,0.0440009183263558,0.0769858466761303,3.858405783978207,29.484915949656003,up,up,up,up,-0.0338859688270083,-0.0123429251740621,0.0,0.0005924113790817,21.203
16.938000000000002,0.0405978621671678,0.17880504112221862,3.8588850874193694,29.54665427662719,up,up,up,up,-0.0338859688270083,-0.0123429251740621,0.0,0.0005924113790817,21.219
16.954,0.0401996958322996,0.0,3.859333981080581,29.608400029175183,up,up,up,up,-0.0338859688270083,-0.0123429251740621,0.0,0.0005924113790817,21.235
16.969,0.0372027429775805,0.1659108881542592,3.859729355494044,29.666293004199495,up,up,up,up,-0.0338859688270083,-0.0123429251740621,0.0,0.0005924113790817,21.25
17.0,0.034241516342955594,0.061637470999603,3.8604541108331167,29.78595584792756,up,up,up,up,-0.0338859688270083,-0.0123429251740621,0.0,0.0005924113790817,21.281
17.016000000000002,0.0327238522769608,0.06096803529765921,3.860792346979291,29.847725819590067,up,up,up,up,-0.0338859688270083,-0.0123429251740621,0.0,0.0005924113790817,21.297
17.047,0.0312333347070765,0.0141952431047443,3.861401052697148,29.967419817285048,up,up,up,up,-0.0338859688270083,-0.0123429251740621,0.0,0.0005924113790817,21.328
17.063000000000002,0.0318888299991915,0.074854424584188,3.861708543212013,30.02920469405233,up,up,up,up,-0.0338859688270083,-0.0123429251740621,0.0,0.0005924113790817,21.344
17.079,0.032003502177989404,0.041052980001878,3.862022195066645,30.09099453995855,up,up,up,up,-0.0338859688270083,-0.0123429251740621,0.0,0.0005924113790817,21.36
17.11,0.0319929313482436,0.0335449743190806,3.862631509105906,30.21072667237322,up,up,up,up,-0.0338859688270083,-0.0123429251740621,0.0,0.0005924113790817,21.391
17.125,0.030444479053480498,0.06934418415719311,3.862914645806308,30.268668268535063,up,up,up,up,-0.0338859688270083,-0.0123429251740621,0.0,0.0005924113790817,21.406
17.141000000000002,0.0303853872067723,0.030192728407741898,3.863203797933605,30.33047721608499,up,up,up,up,-0.0338859688270083,-0.0123429251740621,0.0,0.0005924113790817,21.422
17.157,0.030337163685054198,0.030871998719628497,3.8634920915379545,30.39229078320076,up,up,up,up,-0.0338859688270083,-0.0123429251740621,0.0,0.0005924113790817,21.438
17.172,0.0299697003158865,0.0,3.8637592491403514,30.450245168255847,up,up,up,up,-0.0338859688270083,-0.0123429251740621,0.0,0.0005924113790817,21.453
17.188000000000002,0.027399854620171,0.12672938715519239,3.864020718777054,30.512067407999194,up,up,up,up,-0.0338859688270083,-0.0123429251740621,0.0,0.0005924113790817,21.469
17.204,0.024939635795746498,0.119877707699539,3.864241947897596,30.57389350933258,up,up,up,up,-0.0338859688270083,-0.0123429251740621,0.0,0.0005924113790817,21.485
17.235,0.0239782422556444,0.0,3.864617544326997,30.69369083146206,up,up,up,up,-0.0338859688270083,-0.0123429251740621,0.0,0.0005924113790817,21.516
17.25,0.022957210283417198,0.034182829321472305,3.864784416343429,30.75166134616709,up,up,up,up,-0.0338859688270083,-0.0123429251740621,0.0,0.0005924113790817,21.531
17.266000000000002,0.0217449952837913,0.0418774686496001,3.8649445471851815,30.813499177875325,up,up,up,up,-0.0338859688270083,-0.0123429251740621,0.0,0.0005924113790817,21.547
17.282,0.022502129690170798,0.0812068692257309,3.865101037382188,30.875339542551856,up,up,up,up,-0.0338859688270083,-0.0123429251740621,0.0,0.0005924113790817,21.563
17.297,0.022150889526384797,0.010469957907945297,3.865250791148701,30.93331718126584,up,up,up,up,-0.0338859688270083,-0.0123429251740621,0.0,0.0005924113790817,21.578
17.313000000000002,0.0217892266762138,0.011282040691321497,3.865404825275537,30.99516242619724,up,up,up,up,-0.0338859688270083,-0.0123429251740621,0.0,0.0005924113790817,21.594
17.344,0.0218327426802566,0.0352897108929065,3.8656983351201664,31.11499452518337,up,up,up,up,-0.0338859688270083,-0.0123429251740621,0.0,0.0005924113790817,21.625
17.36,0.0214648608858976,0.010893356679562496,3.865847229145911,31.17684688969749,up,up,up,up,-0.0338859688270083,-0.0123429251740621,0.0,0.0005924113790817,21.641
17.375,0.0218004382202057,0.056257791114214896,3.865986575011596,31.234835643228674,up,up,up,up,-0.0338859688270083,-0.0123429251740621,0.0,0.0005924113790817,21.656
17.391000000000002,0.022289865439329697,0.0644751700222573,3.866141810638087,31.296692670313877,up,up,up,up,-0.0338859688270083,-0.0123429251740621,0.0,0.0005924113790817,21.672
17.422,0.0210824707871761,0.0,3.8664314511692015,31.416547555871887,up,up,up,up,-0.0338859688270083,-0.0123429251740621,0.0,0.0005924113790817,21.703
17.438000000000002,0.0223398186680974,0.1124702113845772,3.8665813426820583,31.478411658222704,up,up,up,up,-0.0338859688270083,-0.0123429251740621,0.0,0.0005924113790817,21.719
17.454,0.0218622806298185,0.0,3.866737472673657,31.540278208745544,up,up,up,up,-0.0338859688270083,-0.0123429251740621,0.0,0.0005924113790817,21.735
17.469,0.0214194808064185,0.0,3.866876942006818,31.59828031685565,up,up,up,up,-0.0338859688270083,-0.0123429251740621,0.0,0.0005924113790817,21.75
17.485,0.0216767376367208,0.0499645207209044,3.867024224951578,31.66015152619131,up,up,up,up,-0.0338859688270083,-0.0123429251740621,0.0,0.0005924113790817,21.766
17.5,0.021910204146371,0.0494504028036857,3.867165983137341,31.71815795275198,up,up,up,up,-0.0338859688270083,-0.0123429251740621,0.0,0.0005924113790817,21.781
17.516000000000002,0.0221147496564366,0.0466700632061104,3.867320695964978,31.780033846184807,up,up,up,up,-0.0338859688270083,-0.0123429251740621,0.0,0.0005924113790817,21.797
17.532,0.0198547443887946,0.107364360400634,3.867458965114555,31.84191208347344,up,up,up,up,-0.0338859688270083,-0.0123429251740621,0.0,0.0005924113790817,21.813
17.563000000000002,0.0202114945145073,0.0453940373983841,3.86769736113716,31.961807006530346,up,up,up,up,-0.0338859688270083,-0.0123429251740621,0.0,0.0005924113790817,21.844
17.579,0.0183519271834438,0.0823369893644742,3.867808381707959,32.0236910524731,up,up,up,up,-0.0338859688270083,-0.0123429251740621,0.0,0.0005924113790817,21.86
17.594,0.016548634613234997,0.0863335358535688,3.867884992043823,32.08170875277624,up,up,up,up,-0.0338859688270083,-0.0123429251740621,0.0,0.0005924113790817,21.875
17.625,0.0162710194970614,0.0249306424988262,3.8680110660021367,32.201615141675944,up,up,up,up,-0.0338859688270083,-0.0123429251740621,0.0,0.0005924113790817,21.906
17.641000000000002,0.0160287649105459,0.018745057169791298,3.868071977474613,32.26350380602376,up,up,up,up,-0.0338859688270083,-0.0123429251740621,0.0,0.0005924113790817,21.922
17.657,0.013788976160869298,0.10610082802779229,3.8681130326003994,32.32539328610436,up,up,up,up,-0.0338859688270083,-0.0123429251740621,0.0,0.0005924113790817,21.938
17.672,0.015384841704626898,0.1402770050775088,3.868146692356779,32.383415234041536,up,up,up,up,-0.0338859688270083,-0.0123429251740621,0.0,0.0005924113790817,21.953
17.688000000000002,0.0169653485126275,0.1326676443270342,3.868208007075732,32.445306071637006,up,up,up,up,-0.0338859688270083,-0.0123429251740621,0.0,0.0005924113790817,21.969
17.704,0.015255176079873999,0.0729998082200978,3.868268284469687,32.50719788196936,up,up,up,up,-0.0338859688270083,-0.0123429251740621,0.0,0.0005924113790817,21.985
17.719,0.0125555276558983,0.14609059277136033,3.8682917208700944,32.56522208200941,up,up,up,up,-0.0338859688270083,-0.0123429251740621,0.0,0.0005924113790817,22.0
17.75,0.014200229761483298,0.0869408754587839,3.868323804429668,32.68513962265156,up,up,up,up,-0.0338859688270083,-0.0123429251740621,0.0,0.0005924113790817,22.031
17.766000000000002,0.0141238446995508,0.029111902456225996,3.8683529102225713,32.74703303636878,up,up,up,up,-0.0338859688270083,-0.0123429251740621,0.0,0.0005924113790817,22.047
17.782,0.0161340524327275,0.15952395215056758,3.868397486596845,32.80892703954333,up,up,up,up,-0.0338859688270083,-0.0123429251740621,0.0,0.0005924113790817,22.063
17.797,0.0180606380123684,0.16232500746972822,3.868468802897572,32.86695353671454,up,up,up,up,-0.0338859688270083,-0.0123429251740621,0.0,0.0005924113790817,22.078
17.813000000000002,0.0191694050301069,0.1031839074356595,3.8685691564391274,32.92884984038924,up,up,up,up,-0.0338859688270083,-0.0123429251740621,0.0,0.0005924113790817,22.094
17.829,0.017741458183543498,0.055360709083216705,3.8686669565420506,32.99074772929308,up,up,up,up,-0.0338859688270083,-0.0123429251740621,0.0,0.0005924113790817,22.11
17.844,0.0163625287442634,0.058042660458327205,3.868737592566398,33.0487782634114,up,up,up,up,-0.0338859688270083,-0.0123429251740621,0.0,0.0005924113790817,22.125
17.86,0.0177456436065828,0.1203306477219769,3.86881297114242,33.110678667921064,up,up,up,up,-0.0338859688270083,-0.0123429251740621,0.0,0.0005924113790817,22.141
17.875,0.0182616122037106,0.068283875302199,3.8688978816833854,33.16871149931726,up,up,up,up,-0.0338859688270083,-0.0123429251740621,0.0,0.0005924113790817,22.156
17.891000000000002,0.017089380529679198,0.03937851079995,3.8689832028224687,33.23061454799331,up,up,up,up,-0.0338859688270083,-0.0123429251740621,0.0,0.0005924113790817,22.172
17.922,0.0166500852029489,0.0197151518357091,3.869123533860928,33.3505552024119,up,up,up,up,-0.0338859688270083,-0.0123429251740621,0.0,0.0005924113790817,22.203
17.938000000000002,0.0178813769790551,0.1108417048336338,3.8692022987556,33.41246180907284,up,up,up,up,-0.0338859688270083,-0.0123429251740621,0.0,0.0005924113790817,22.219
17.954,0.019020101496368,0.105056251159072,3.869300023780618,33.47436982765312,up,up,up,up,-0.0338859688270083,-0.0123429251740621,0.0,0.0005924113790817,22.235
17.969,0.0197622018389456,0.0833593249988464,3.8694057471780217,33.53241012093531,up,up,up,up,-0.0338859688270083,-0.0123429251740621,0.0,0.0005924113790817,22.25
17.985,0.0197073906871043,0.030460271836929897,3.869524017115445,33.594321559049654,up,up,up,up,-0.0338859688270083,-0.0123429251740621,0.0,0.0005924113790817,22.266
18.0,0.0195841334189346,0.025668817615691897,3.8696335596686295,33.65236524087554,up,up,up,up,-0.0338859688270083,-0.0123429251740621,0.0,0.0005924113790817,22.281
18.016000000000002,0.0205932469875484,0.09695556686536899,3.869757491909097,33.71428036928817,up,up,up,up,-0.0338859688270083,-0.0123429251740621,0.0,0.0005924113790817,22.297
18.032,0.0189447144545766,0.0691473144837414,3.869876308797848,33.77619743969382,up,up,up,up,-0.0338859688270083,-0.0123429251740621,0.0,0.0005924113790817,22.313
18.063000000000002,0.0196646933530892,0.057111094585477695,3.870092123938471,33.89616695040124,up,up,up,up,-0.0338859688270083,-0.0123429251740621,0.0,0.0005924113790817,22.344
18.079,0.020754067273052998,0.1019718388247518,3.870217987220695,33.9580894312905,up,up,up,up,-0.0338859688270083,-0.0123429251740621,0.0,0.0005924113790817,22.36
18.094,0.0224941310001049,0.1498902172971327,3.870357204830133,34.016143745230885,up,up,up,up,-0.0338859688270083,-0.0123429251740621,0.0,0.0005924113790817,22.375
18.125,0.0200899521438024,0.043668187827914304,3.870634627438468,34.13612911863105,up,up,up,up,-0.0338859688270083,-0.0123429251740621,0.0,0.0005924113790817,22.406
18.141000000000002,0.0211193863252407,0.0982256051668951,3.870766815343435,34.198060330173305,up,up,up,up,-0.0338859688270083,-0.0123429251740621,0.0,0.0005924113790817,22.422
18.157,0.0221176178278223,0.0962754377383653,3.8709152245738743,34.259993786492636,up,up,up,up,-0.0338859688270083,-0.0123429251740621,0.0,0.0005924113790817,22.438
18.172,0.0198391915747304,0.11800911471244831,3.871044756766783,34.31805848635269,up,up,up,up,-0.0338859688270083,-0.0123429251740621,0.0,0.0005924113790817,22.453
18.188000000000002,0.020073295754350698,0.0485174800532773,3.8711665698626314,34.37999617696573,up,up,up,up,-0.0338859688270083,-0.0123429251740621,0.0,0.0005924113790817,22.469
18.204,0.0197979685992901,0.016678021635717497,3.8712880531746743,34.441935813950025,up,up,up,up,-0.0338859688270083,-0.0123429251740621,0.0,0.0005924113790817,22.485
18.219,0.0195066719444714,0.014466191839092299,3.871397694101142,34.5000059570546,up,up,up,up,-0.0338859688270083,-0.0123429251740621,0.0,0.0005924113790817,22.5
18.25,0.0176337302240199,0.0265315060262679,3.8715907396543576,34.6200222777778,up,up,up,up,-0.0338859688270083,-0.0123429251740621,0.0,0.0005924113790817,22.531
18.266000000000002,0.0165036195815222,0.03674594632908901,3.871666351650017,34.68196833450824,up,up,up,up,-0.0338859688270083,-0.0123429251740621,0.0,0.0005924113790817,22.547
18.282,0.0154317389493154,0.03310657068592131,3.871724347715479,34.74391546010316,up,up,up,up,-0.0338859688270083,-0.0123429251740621,0.0,0.0005924113790817,22.563
18.297,0.015976614908661,0.0702110327833804,3.8717747664918014,34.80199170345972,up,up,up,up,-0.0338859688270083,-0.0123429251740621,0.0,0.0005924113790817,22.578
18.313000000000002,0.016714154230454498,0.0799821764390928,3.87183880584213,34.8639406120384,up,up,up,up,-0.0338859688270083,-0.0123429251740621,0.0,0.0005924113790817,22.594
18.329,0.0174004706405614,0.07678074445869851,3.871914236038313,34.92589063637344,up,up,up,up,-0.0338859688270083,-0.0123429251740621,0.0,0.0005924113790817,22.61
18.344,0.018226276613272998,0.0889397003411085,3.871996292765106,34.98396996533947,up,up,up,up,-0.0338859688270083,-0.0123429251740621,0.0,0.0005924113790817,22.625
18.36,0.0179470696400354,0.016435532999657797,3.872088192732348,35.04592264122344,up,up,up,up,-0.0338859688270083,-0.0123429251740621,0.0,0.0005924113790817,22.641
18.375,0.0176950154704247,0.0170823575196279,3.872170364493065,35.10400458040264,up,up,up,up,-0.0338859688270083,-0.0123429251740621,0.0,0.0005924113790817,22.656
18.391000000000002,0.0170064798754943,0.0,3.872250489653048,35.16595994723581,up,up,up,up,-0.0338859688270083,-0.0123429251740621,0.0,0.0005924113790817,22.672
18.422,0.0169890170814976,0.0333226528916337,3.872394789175485,35.28600194905765,up,up,up,up,-0.0338859688270083,-0.0123429251740621,0.0,0.0005924113790817,22.703
18.438000000000002,0.016522695254300397,0.0,3.872465396071387,35.347960830539634,up,up,up,up,-0.0338859688270083,-0.0123429251740621,0.0,0.0005924113790817,22.719
18.469,0.016663610727974197,0.038431629268098295,3.872597153133716,35.46800930005231,up,up,up,up,-0.0338859688270083,-0.0123429251740621,0.0,0.0005924113790817,22.75
18.485,0.0167656621752598,0.0402641842823583,3.872667100514157,35.52997141408149,up,up,up,up,-0.0338859688270083,-0.0123429251740621,0.0,0.0005924113790817,22.766
18.5,0.015856876450619898,0.0266997461489845,3.87272662567624,35.58806186702792,up,up,up,up,-0.0338859688270083,-0.0123429251740621,0.0,0.0005924113790817,22.781
18.532,0.0164650879648231,0.0528925786458584,3.872848803501317,35.71199107389476,up,up,up,up,-0.0338859688270083,-0.0123429251740621,0.0,0.0005924113790817,22.813
18.547,0.0170599840533931,0.07354570806500649,3.872915097663843,35.770084303153496,up,up,up,up,-0.0338859688270083,-0.0123429251740621,0.0,0.0005924113790817,22.828
18.563000000000002,0.0163933273331213,0.0,3.8729852373521503,35.83205150583363,up,up,up,up,-0.0338859688270083,-0.0123429251740621,0.0,0.0005924113790817,22.844
18.579,0.015435233023937999,0.0259949254969586,3.873042379032222,35.894019726764704,up,up,up,up,-0.0338859688270083,-0.0123429251740621,0.0,0.0005924113790817,22.86
18.594,0.014515280640551898,0.0274441900653924,3.873081864007095,35.9521156585875,up,up,up,up,-0.0338859688270083,-0.0123429251740621,0.0,0.0005924113790817,22.875
18.625,0.0136317291682512,0.0,3.873135511978736,36.07218202791528,up,up,up,up,-0.0338859688270083,-0.0123429251740621,0.0,0.0005924113790817,22.906
18.657,0.013670571397215099,0.0350997884821297,3.873177375182213,36.196123034109846,up,up,up,up,-0.0338859688270083,-0.0123429251740621,0.0,0.0005924113790817,22.938
18.672,0.013426927671058998,0.0176430537499322,3.873195462547614,36.25422083039283,up,up,up,up,-0.0338859688270083,-0.0123429251740621,0.0,0.0005924113790817,22.953
18.704,0.0141795056622395,0.0574040310514007,3.8732421918753768,36.3781638328636,up,up,up,up,-0.0338859688270083,-0.0123429251740621,0.0,0.0005924113790817,22.985
18.719,0.014342341487928598,0.0447416905396145,3.873270961851392,36.43626268151655,up,up,up,up,-0.0338859688270083,-0.0123429251740621,0.0,0.0005924113790817,23.0
18.735,0.0165192994676939,0.1699458425623513,3.873320368176252,36.49823541215677,up,up,up,up,-0.0338859688270083,-0.0123429251740621,0.0,0.0005924113790817,23.016
18.75,0.0186679302638061,0.1771280219011543,3.873399128521628,36.556335808382,up,up,up,up,-0.0338859688270083,-0.0123429251740621,0.0,0.0005924113790817,23.031
18.782,0.0207467339017703,0.09884858251338939,3.873634789542707,36.68028835107104,up,up,up,up,-0.0338859688270083,-0.0123429251740621,0.0,0.0005924113790817,23.063
18.797,0.020291799043754097,0.0,3.873757434662188,36.738393792752575,up,up,up,up,-0.0338859688270083,-0.0123429251740621,0.0,0.0005924113790817,23.078
