timestamps,aAcc,aJerk,aVelocity,aHeight,jerks_direction,accelerations_direction,velocities_direction,heights_direction,start_jerks,start_accelerations,start_velocities,start_heights,actual_timestamps
0.0,0.0,0.0,0.0,0.0,up,down,down,up,0.000353100683803,-0.0100646949087561,3.8355326719342617,91.68373064751684,37.313
0.030999999999998806,0.0,0.0,0.0,0.1188967030070387,up,down,down,up,0.000353100683803,-0.0100646949087561,3.8355326719342617,91.68373064751684,37.344
0.046999999999997044,0.0,0.0,0.0,0.1802589936864365,up,down,down,up,0.000353100683803,-0.0100646949087561,3.8355326719342617,91.68373064751684,37.36
0.07799999999999585,0.0,0.031190233549608898,0.0,0.2991410176804976,up,down,down,up,0.000353100683803,-0.0100646949087561,3.8355326719342617,91.68373064751684,37.391
0.09299999999999642,0.0,0.1033662870527824,0.0,0.3566610506995147,up,down,down,up,0.000353100683803,-0.0100646949087561,3.8355326719342617,91.68373064751684,37.406
0.10899999999999466,0.0,0.09688269814623861,0.0,0.4180134665172659,up,down,down,up,0.000353100683803,-0.0100646949087561,3.8355326719342617,91.68373064751684,37.422
0.125,0.0,0.024887955027522102,0.0,0.47936384065415893,up,down,down,up,0.000353100683803,-0.0100646949087561,3.8355326719342617,91.68373064751684,37.438
0.14000000000000057,0.0,0.0213722778762926,0.0,0.5368781170977854,up,down,down,up,0.000353100683803,-0.0100646949087561,3.8355326719342617,91.68373064751684,37.453
0.1559999999999988,0.0,0.020247399013187003,0.0,0.5982249546950555,up,down,down,up,0.000353100683803,-0.0100646949087561,3.8355326719342617,91.68373064751684,37.469
0.17199999999999704,0.0,0.0296697495398876,0.0,0.6595700444113959,up,down,down,up,0.000353100683803,-0.0100646949087561,3.8355326719342617,91.68373064751684,37.485
0.1869999999999976,0.0,0.029529579961302403,0.0,0.7170794693120399,up,down,down,up,0.000353100683803,-0.0100646949087561,3.8355326719342617,91.68373064751684,37.5
0.20299999999999585,0.0,0.026453808249285702,0.0,0.7784212075218448,up,down,down,up,0.000353100683803,-0.0100646949087561,3.8355326719342617,91.68373064751684,37.516
0.21799999999999642,0.0,0.093164578783637,0.0,0.8359275369208348,up,down,down,up,0.000353100683803,-0.0100646949087561,3.8355326719342617,91.68373064751684,37.531
0.23399999999999466,0.0,0.0494822484628007,0.0,0.8972657670395563,up,down,down,up,0.000353100683803,-0.0100646949087561,3.8355326719342617,91.68373064751684,37.547
0.25,0.0,0.1065862584612364,0.0,0.9586020070472472,up,down,down,up,0.000353100683803,-0.0100646949087561,3.8355326719342617,91.68373064751684,37.563
0.26500000000000057,0.0,0.10795834302168171,0.0,1.0161031660259567,up,down,down,up,0.000353100683803,-0.0100646949087561,3.8355326719342617,91.68373064751684,37.578
0.29699999999999704,0.0,0.0687814022766819,0.0,1.13876886961188,up,down,down,up,0.000353100683803,-0.0100646949087561,3.8355326719342617,91.68373064751684,37.61
0.3119999999999976,0.0,0.1421997316880255,0.0,1.1962672682959266,up,down,down,up,0.000353100683803,-0.0100646949087561,3.8355326719342617,91.68373064751684,37.625
0.32799999999999585,0.010013305064408163,0.0409255039607361,0.0,1.257598630992419,up,down,down,up,0.000353100683803,-0.0100646949087561,3.8355326719342617,91.68373064751684,37.641
0.3429999999999964,0.01007308408342127,0.0,0.0,1.315096735307364,up,down,down,up,0.000353100683803,-0.0100646949087561,3.8355326719342617,91.68373064751684,37.656
0.35899999999999466,0.010181295978835301,0.0,0.0,1.3764280519959584,up,down,down,up,0.000353100683803,-0.0100646949087561,3.8355326719342617,91.68373064751684,37.672
0.375,0.0,0.033939129611681704,0.0,1.4377593572168195,up,down,down,up,0.000353100683803,-0.0100646949087561,3.8355326719342617,91.68373064751684,37.688
0.39000000000000057,0.010374280599476501,0.048337638215358594,0.0,1.495257431356464,up,down,down,up,0.000353100683803,-0.0100646949087561,3.8355326719342617,91.68373064751684,37.703
0.4059999999999988,0.0,0.2374609435170909,0.0,1.5565885005959217,up,down,down,up,0.000353100683803,-0.0100646949087561,3.8355326719342617,91.68373064751684,37.719
0.42199999999999704,0.0,0.232035415956092,0.0,1.6179186834513217,up,down,down,up,0.000353100683803,-0.0100646949087561,3.8355326719342617,91.68373064751684,37.735
0.4369999999999976,0.0,0.014683673279650401,0.0,1.6754142682811164,up,down,down,up,0.000353100683803,-0.0100646949087561,3.8355326719342617,91.68373064751684,37.75
0.45299999999999585,0.0,0.0688583629130456,0.0,1.7367411391778376,up,down,down,up,0.000353100683803,-0.0100646949087561,3.8355326719342617,91.68373064751684,37.766
0.4679999999999964,0.0,0.0692269848192569,0.0,1.794233608476759,up,down,down,up,0.000353100683803,-0.0100646949087561,3.8355326719342617,91.68373064751684,37.781
0.5,0.0,0.0320082700189204,0.0,1.9168803978000852,up,down,down,up,0.000353100683803,-0.0100646949087561,3.8355326719342617,91.68373064751684,37.813
0.5150000000000006,0.0,0.0655954347327138,0.0,1.974369524344965,up,down,down,up,0.000353100683803,-0.0100646949087561,3.8355326719342617,91.68373064751684,37.828
0.5309999999999988,0.0,0.042077857986271595,0.0,2.0356904423473594,up,down,down,up,0.000353100683803,-0.0100646949087561,3.8355326719342617,91.68373064751684,37.844
0.5619999999999976,0.0,0.0,0.0,2.1544977964072984,up,down,down,up,0.000353100683803,-0.0100646949087561,3.8355326719342617,91.68373064751684,37.875
0.5779999999999959,0.0,0.08836897147591459,0.0,2.2158166907716037,up,down,down,up,0.000353100683803,-0.0100646949087561,3.8355326719342617,91.68373064751684,37.891
0.5929999999999964,0.0,0.0967899583330322,0.0,2.273302254388881,up,down,down,up,0.000353100683803,-0.0100646949087561,3.8355326719342617,91.68373064751684,37.906
0.6089999999999947,0.0,0.0489126470547607,0.0,2.334619004235904,up,down,down,up,0.000353100683803,-0.0100646949087561,3.8355326719342617,91.68373064751684,37.922
0.625,0.0,0.0487774388069187,0.0,2.395934591175063,up,down,down,up,0.000353100683803,-0.0100646949087561,3.8355326719342617,91.68373064751684,37.938
0.6400000000000006,0.0,0.09503064484252731,0.0,2.453417113979995,up,down,down,up,0.000353100683803,-0.0100646949087561,3.8355326719342617,91.68373064751684,37.953
0.6559999999999988,0.0,0.0,0.0,2.5147311502472007,up,down,down,up,0.000353100683803,-0.0100646949087561,3.8355326719342617,91.68373064751684,37.969
0.671999999999997,0.0,0.0,0.0,2.5760446180614878,up,down,down,up,0.000353100683803,-0.0100646949087561,3.8355326719342617,91.68373064751684,37.985
0.6869999999999976,0.0,0.101086136740665,0.0,2.633525406147598,up,down,down,up,0.000353100683803,-0.0100646949087561,3.8355326719342617,91.68373064751684,38.0
0.7179999999999964,0.0,0.0160783679111306,0.0,2.7523167230218633,up,down,down,up,0.000353100683803,-0.0100646949087561,3.8355326719342617,91.68373064751684,38.031
0.75,0.0,0.0136163796682894,0.0,2.874936829736356,up,down,down,up,0.000353100683803,-0.0100646949087561,3.8355326719342617,91.68373064751684,38.063
0.7809999999999988,0.0,0.013625733348589499,0.0,2.993722410904468,up,down,down,up,0.000353100683803,-0.0100646949087561,3.8355326719342617,91.68373064751684,38.094
0.796999999999997,0.0107702799667652,0.1856622692915294,0.0,3.055030380935605,up,down,down,up,0.000353100683803,-0.0100646949087561,3.8355326719342617,91.68373064751684,38.11
0.8279999999999959,0.011661854297610501,0.0284073616015304,0.0,3.173814932035839,up,down,down,up,0.000353100683803,-0.0100646949087561,3.8355326719342617,91.68373064751684,38.141
0.8429999999999964,0.0115230913885237,0.0,0.0,3.2312917672986003,up,down,down,up,0.000353100683803,-0.0100646949087561,3.8355326719342617,91.68373064751684,38.156
0.875,0.0121215607379453,0.0183490664856214,0.0,3.353910282432963,up,down,down,up,0.000353100683803,-0.0100646949087561,3.8355326719342617,91.68373064751684,38.188
0.8900000000000006,0.0125508266453184,0.0282646264743973,0.0,3.411388388777283,up,down,down,up,0.000353100683803,-0.0100646949087561,3.8355326719342617,91.68373064751684,38.203
0.921999999999997,0.0128897565354115,0.010238458381607399,0.0,3.5340102538037,up,down,down,up,0.000353100683803,-0.0100646949087561,3.8355326719342617,91.68373064751684,38.235
0.9369999999999976,0.012230660699977,0.044292823046097406,0.0,3.59149017112334,up,down,down,up,0.000353100683803,-0.0100646949087561,3.8355326719342617,91.68373064751684,38.25
0.9529999999999959,0.0116231803244026,0.0383206241572105,0.0,3.652802620757484,up,down,down,up,0.000353100683803,-0.0100646949087561,3.8355326719342617,91.68373064751684,38.266
0.9679999999999964,0.0113900760004845,0.0158933889450089,0.0,3.7102834279740478,up,down,down,up,0.000353100683803,-0.0100646949087561,3.8355326719342617,91.68373064751684,38.281
1.0,0.0102185656444326,0.0369627993104206,0.0,3.8329098747884984,up,down,down,up,0.000353100683803,-0.0100646949087561,3.8355326719342617,91.68373064751684,38.313
1.0150000000000006,0.0112300669735442,0.0670803212569712,0.0,3.8903912734504047,up,down,down,up,0.000353100683803,-0.0100646949087561,3.8355326719342617,91.68373064751684,38.328
1.0309999999999988,0.0117530757245435,0.0323349462536574,0.0,3.9517050271511778,up,down,down,up,0.000353100683803,-0.0100646949087561,3.8355326719342617,91.68373064751684,38.344
1.046999999999997,0.0119845401191866,0.014113423981389499,0.0,4.013019194418604,up,down,down,up,0.000353100683803,-0.0100646949087561,3.8355326719342617,91.68373064751684,38.36
1.0619999999999976,0.0121869515868002,0.013140997157101299,0.0,4.070501670093606,up,down,down,up,0.000353100683803,-0.0100646949087561,3.8355326719342617,91.68373064751684,38.375
1.0779999999999959,0.0112519757878874,0.0587890881158577,0.0,4.13181676515012,up,down,down,up,0.000353100683803,-0.0100646949087561,3.8355326719342617,91.68373064751684,38.391
1.0929999999999964,0.0128164303422816,0.1039438696091427,0.0,4.1893000869075365,up,down,down,up,0.000353100683803,-0.0100646949087561,3.8355326719342617,91.68373064751684,38.406
1.1089999999999947,0.0143152190980852,0.0933211965539297,0.0,4.2506163146010465,up,down,down,up,0.000353100683803,-0.0100646949087561,3.8355326719342617,91.68373064751684,38.422
1.125,0.013648467738544601,0.042025060655079105,0.0,4.311933491834182,up,down,down,up,0.000353100683803,-0.0100646949087561,3.8355326719342617,91.68373064751684,38.438
1.1400000000000006,0.0123354903119707,0.0878849291220583,0.0,4.369419144867521,up,down,down,up,0.000353100683803,-0.0100646949087561,3.8355326719342617,91.68373064751684,38.453
1.171999999999997,0.012650761181983801,0.0,0.0,4.492057150576741,up,down,down,up,0.000353100683803,-0.0100646949087561,3.8355326719342617,91.68373064751684,38.485
1.2029999999999959,0.0132488154893621,0.0189389737477541,0.0,4.610865309396644,up,down,down,up,0.000353100683803,-0.0100646949087561,3.8355326719342617,91.68373064751684,38.516
1.2179999999999964,0.013645826859445102,0.026114323988401102,0.0,4.66835417951016,up,down,down,up,0.000353100683803,-0.0100646949087561,3.8355326719342617,91.68373064751684,38.531
1.2339999999999947,0.014051706943552702,0.0250144045729235,0.0,4.729676531240926,up,down,down,up,0.000353100683803,-0.0100646949087561,3.8355326719342617,91.68373064751684,38.547
1.25,0.0117837989410993,0.14209735083709732,0.0,4.790999732524341,up,down,down,up,0.000353100683803,-0.0100646949087561,3.8355326719342617,91.68373064751684,38.563
1.2809999999999988,0.0114585350914335,0.010845482931087301,0.0,4.909814890454186,up,down,down,up,0.000353100683803,-0.0100646949087561,3.8355326719342617,91.68373064751684,38.594
1.296999999999997,0.0111298487367469,0.020895997851712998,0.0,4.971139386314803,up,down,down,up,0.000353100683803,-0.0100646949087561,3.8355326719342617,91.68373064751684,38.61
1.3119999999999976,0.010809739431381901,0.021693721041474098,0.0,5.0286313505474425,up,down,down,up,0.000353100683803,-0.0100646949087561,3.8355326719342617,91.68373064751684,38.625
1.3429999999999964,0.011995761136072002,0.037905663983623494,0.0,5.147448929999385,up,down,down,up,0.000353100683803,-0.0100646949087561,3.8355326719342617,91.68373064751684,38.656
1.3589999999999947,0.012783722897216401,0.048894509387725694,0.0,5.208774761740926,up,down,down,up,0.000353100683803,-0.0100646949087561,3.8355326719342617,91.68373064751684,38.672
1.375,0.0136140981222662,0.0515453508817925,0.0,5.27010129226808,up,down,down,up,0.000353100683803,-0.0100646949087561,3.8355326719342617,91.68373064751684,38.688
1.3900000000000006,0.0115589728273874,0.1373614536757201,0.0,5.327595574450257,up,down,down,up,0.000353100683803,-0.0100646949087561,3.8355326719342617,91.68373064751684,38.703
1.4059999999999988,0.011421515199915001,0.0,0.0,5.388923293869041,up,down,down,up,0.000353100683803,-0.0100646949087561,3.8355326719342617,91.68373064751684,38.719
1.421999999999997,0.0112828518248768,0.0,0.0,5.450251360556635,up,down,down,up,0.000353100683803,-0.0100646949087561,3.8355326719342617,91.68373064751684,38.735
1.4369999999999976,0.012396669887952001,0.0739014368545408,0.0,5.507746777269844,up,down,down,up,0.000353100683803,-0.0100646949087561,3.8355326719342617,91.68373064751684,38.75
1.4679999999999964,0.0139644351644835,0.0502199727527013,0.0,5.626572548349515,up,down,down,up,0.000353100683803,-0.0100646949087561,3.8355326719342617,91.68373064751684,38.781
1.4839999999999947,0.014822786633143101,0.053293866107423794,0.0,5.687903305418118,up,down,down,up,0.000353100683803,-0.0100646949087561,3.8355326719342617,91.68373064751684,38.797
1.5,0.0156087064906262,0.048766890408874795,0.0,5.749235275922601,up,down,down,up,0.000353100683803,-0.0100646949087561,3.8355326719342617,91.68373064751684,38.813
1.5150000000000006,0.0157839541370403,0.0113300757438017,0.0,5.806735249955722,up,down,down,up,0.000353100683803,-0.0100646949087561,3.8355326719342617,91.68373064751684,38.828
1.5309999999999988,0.0168531662681771,0.0664726575122584,0.0,5.868070031882041,up,down,down,up,0.000353100683803,-0.0100646949087561,3.8355326719342617,91.68373064751684,38.844
1.5619999999999976,0.0159297322569606,0.030141294594014698,0.0,5.986910762828359,up,down,down,up,0.000353100683803,-0.0100646949087561,3.8355326719342617,91.68373064751684,38.875
1.5779999999999959,0.0157314322205283,0.0127468529608222,0.0,6.0482502213531575,up,down,down,up,0.000353100683803,-0.0100646949087561,3.8355326719342617,91.68373064751684,38.891
1.5929999999999964,0.015566432110947501,0.011353107989186501,0.0,6.1057572838533645,up,down,down,up,0.000353100683803,-0.0100646949087561,3.8355326719342617,91.68373064751684,38.906
1.625,0.015977064392591903,0.012479158117582899,0.0,6.228443279415359,up,down,down,up,0.000353100683803,-0.0100646949087561,3.8355326719342617,91.68373064751684,38.938
1.6400000000000006,0.0123521712660234,0.2420126424550306,0.0,6.285954170769202,up,down,down,up,0.000353100683803,-0.0100646949087561,3.8355326719342617,91.68373064751684,38.953
1.6559999999999988,0.0,0.2224927166139222,0.0,6.347299678863365,up,down,down,up,0.000353100683803,-0.0100646949087561,3.8355326719342617,91.68373064751684,38.969
1.6869999999999976,0.0,0.0525998803577679,0.0,6.4661557295670065,up,down,down,up,0.000353100683803,-0.0100646949087561,3.8355326719342617,91.68373064751684,39.0
1.7029999999999959,0.0,0.24875064998577892,0.0,6.527499649182914,up,down,down,up,0.000353100683803,-0.0100646949087561,3.8355326719342617,91.68373064751684,39.016
1.7179999999999964,0.0,0.0,0.0,6.585008210580327,up,down,down,up,0.000353100683803,-0.0100646949087561,3.8355326719342617,91.68373064751684,39.031
1.7339999999999947,0.0,0.1808713879904086,0.0,6.646348767772608,up,down,down,up,0.000353100683803,-0.0100646949087561,3.8355326719342617,91.68373064751684,39.047
1.75,0.0,0.1785921843261942,0.0,6.707686801613164,up,down,down,up,0.000353100683803,-0.0100646949087561,3.8355326719342617,91.68373064751684,39.063
1.7809999999999988,0.0,0.0,0.0,6.826520277091845,up,down,down,up,0.000353100683803,-0.0100646949087561,3.8355326719342617,91.68373064751684,39.094
1.796999999999997,0.0,0.09307865462449999,0.0,6.887848750513484,up,down,down,up,0.000353100683803,-0.0100646949087561,3.8355326719342617,91.68373064751684,39.11
1.8119999999999976,0.0,0.0993116626499181,0.0,6.945340845970847,up,down,down,up,0.000353100683803,-0.0100646949087561,3.8355326719342617,91.68373064751684,39.125
1.8279999999999959,0.0,0.1820796749729879,0.0,7.006661705152098,up,down,down,up,0.000353100683803,-0.0100646949087561,3.8355326719342617,91.68373064751684,39.141
1.8429999999999964,-0.011592707498760298,0.18968916607484682,0.0,7.064145650303217,up,down,down,up,0.000353100683803,-0.0100646949087561,3.8355326719342617,91.68373064751684,39.156
1.8589999999999947,-0.014354135322479398,0.1729423396662677,0.0,7.125456481099675,up,down,down,up,0.000353100683803,-0.0100646949087561,3.8355326719342617,91.68373064751684,39.172
1.8900000000000006,-0.0151012845856595,0.024454689818639998,0.0,7.244228589564486,up,down,down,up,0.000353100683803,-0.0100646949087561,3.8355326719342617,91.68373064751684,39.203
1.921999999999997,-0.0189226089894668,0.1197694883027919,0.0,7.366805896093439,up,down,down,up,0.000353100683803,-0.0100646949087561,3.8355326719342617,91.68373064751684,39.235
1.9369999999999976,-0.021842913023590402,0.1950400362920415,0.0,7.424254084796118,up,down,down,up,0.000353100683803,-0.0100646949087561,3.8355326719342617,91.68373064751684,39.25
1.9529999999999959,-0.023534814421076102,0.1060969380266678,0.0,7.485524306595394,up,down,down,up,0.000353100683803,-0.0100646949087561,3.8355326719342617,91.68373064751684,39.266
1.9679999999999964,-0.0264551248049951,0.19504045961173191,0.0,7.542957264892962,up,down,down,up,0.000353100683803,-0.0100646949087561,3.8355326719342617,91.68373064751684,39.281
1.9839999999999947,-0.029318312039775297,0.17930230285758422,0.0,7.604210022136357,up,down,down,up,0.000353100683803,-0.0100646949087561,3.8355326719342617,91.68373064751684,39.297
2.0,-0.0311287623044177,0.11350624222391059,0.0,7.665452764705165,up,down,down,up,0.000353100683803,-0.0100646949087561,3.8355326719342617,91.68373064751684,39.313
2.0150000000000006,-0.0331937329307444,0.1380178091055785,0.0,7.722858250857001,up,down,down,up,0.000353100683803,-0.0100646949087561,3.8355326719342617,91.68373064751684,39.328
2.030999999999999,-0.0351756446036849,0.12422258024259679,0.0,7.784080038384758,up,down,down,up,0.000353100683803,-0.0100646949087561,3.8355326719342617,91.68373064751684,39.344
2.046999999999997,-0.0379406410194818,0.1731653766711328,0.010270911921864023,7.845290194268202,up,down,down,up,0.000353100683803,-0.0100646949087561,3.8355326719342617,91.68373064751684,39.36
2.0619999999999976,-0.040613045717970295,0.1785134139163633,0.011011034996026403,7.9026635697453145,up,down,down,up,0.000353100683803,-0.0100646949087561,3.8355326719342617,91.68373064751684,39.375
2.0929999999999964,-0.0422249653265397,0.0523505074118476,0.012607029709387874,8.021199002572345,up,down,down,up,0.000353100683803,-0.0100646949087561,3.8355326719342617,91.68373064751684,39.406
2.1089999999999947,-0.0482748650694962,0.3784718346186293,0.013492063471096216,8.082358732577845,up,down,down,up,0.000353100683803,-0.0100646949087561,3.8355326719342617,91.68373064751684,39.422
2.125,-0.049073260531400806,0.050252817052825804,0.014431883594443917,8.143503863752287,up,down,down,up,0.000353100683803,-0.0100646949087561,3.8355326719342617,91.68373064751684,39.438
2.1400000000000006,-0.0497998973537168,0.0487955555048675,0.015324402702213913,8.200813681684082,up,down,down,up,0.000353100683803,-0.0100646949087561,3.8355326719342617,91.68373064751684,39.453
2.155999999999999,-0.054564180693969205,0.2981208094496084,0.01632035044513458,8.261929046409847,up,down,down,up,0.000353100683803,-0.0100646949087561,3.8355326719342617,91.68373064751684,39.469
2.1869999999999976,-0.05907795536149331,0.1459587351200704,0.018393809096165725,8.380292489766916,up,down,down,up,0.000353100683803,-0.0100646949087561,3.8355326719342617,91.68373064751684,39.5
2.202999999999996,-0.0613097800897293,0.1398421461985696,0.01951794609831614,8.441357718476297,up,down,down,up,0.000353100683803,-0.0100646949087561,3.8355326719342617,91.68373064751684,39.516
2.2179999999999964,-0.0649964558583332,0.2461314852573816,0.020616213291557717,8.49858970235988,up,down,down,up,0.000353100683803,-0.0100646949087561,3.8355326719342617,91.68373064751684,39.531
2.2339999999999947,-0.0686144654070731,0.2264786974800729,0.021846135780221765,8.55961852631826,up,down,down,up,0.000353100683803,-0.0100646949087561,3.8355326719342617,91.68373064751684,39.547
2.25,-0.0729031953004675,0.2683987190208672,0.02313931218442189,8.620627165485516,up,down,down,up,0.000353100683803,-0.0100646949087561,3.8355326719342617,91.68373064751684,39.563
2.2650000000000006,-0.077898383661525,0.3333656580876238,0.02442129445026886,8.677803451014768,up,down,down,up,0.000353100683803,-0.0100646949087561,3.8355326719342617,91.68373064751684,39.578
2.280999999999999,-0.07949532072526111,0.1001616671673197,0.025841479203902562,8.73876987157648,up,down,down,up,0.000353100683803,-0.0100646949087561,3.8355326719342617,91.68373064751684,39.594
2.296999999999997,-0.08109616970024021,0.10040616162000339,0.027287246245846664,8.799713364523825,up,down,down,up,0.000353100683803,-0.0100646949087561,3.8355326719342617,91.68373064751684,39.61
2.3119999999999976,-0.0862963894165638,0.3470344151053681,0.028693660862854742,8.856826497799517,up,down,down,up,0.000353100683803,-0.0100646949087561,3.8355326719342617,91.68373064751684,39.625
2.327999999999996,-0.090226427570574,0.2459804853094652,0.03026687851729193,8.917723336235426,up,down,down,up,0.000353100683803,-0.0100646949087561,3.8355326719342617,91.68373064751684,39.641
2.3429999999999964,-0.0940666996168798,0.25637123710417803,0.03180004739482989,8.974790824370103,up,down,down,up,0.000353100683803,-0.0100646949087561,3.8355326719342617,91.68373064751684,39.656
2.3589999999999947,-0.09629826013516231,0.1398256330764776,0.03348400219138581,9.035637074724363,up,down,down,up,0.000353100683803,-0.0100646949087561,3.8355326719342617,91.68373064751684,39.672
2.3900000000000006,-0.1009301284252597,0.1497682068159496,0.03685304775624454,9.153448363280162,up,down,down,up,0.000353100683803,-0.0100646949087561,3.8355326719342617,91.68373064751684,39.703
2.405999999999999,-0.1054910497933168,0.2854106861874019,0.038665452300532976,9.21421273803064,up,down,down,up,0.000353100683803,-0.0100646949087561,3.8355326719342617,91.68373064751684,39.719
2.421999999999997,-0.110229555451495,0.2965097043199686,0.04055225226103154,9.274947519145087,up,down,down,up,0.000353100683803,-0.0100646949087561,3.8355326719342617,91.68373064751684,39.735
2.4369999999999976,-0.11300500119986981,0.1853828172421193,0.04237748185954793,9.331858536218206,up,down,down,up,0.000353100683803,-0.0100646949087561,3.8355326719342617,91.68373064751684,39.75
2.452999999999996,-0.1157097122647706,0.1693975422401202,0.04436823468580586,9.392533093236764,up,down,down,up,0.000353100683803,-0.0100646949087561,3.8355326719342617,91.68373064751684,39.766
2.4839999999999947,-0.1203783504696397,0.15095433309894002,0.04833960520035996,9.509997634548483,up,down,down,up,0.000353100683803,-0.0100646949087561,3.8355326719342617,91.68373064751684,39.797
2.5150000000000006,-0.1249710127697626,0.1485034974619327,0.052454525872742686,9.627336838346835,up,down,down,up,0.000353100683803,-0.0100646949087561,3.8355326719342617,91.68373064751684,39.828
2.530999999999999,-0.13115815280959708,0.3870493531735056,0.054664594315917636,9.687848408136261,up,down,down,up,0.000353100683803,-0.0100646949087561,3.8355326719342617,91.68373064751684,39.844
2.546999999999997,-0.13707248001702158,0.3699985511478726,0.05697147449707085,9.748323842336703,up,down,down,up,0.000353100683803,-0.0100646949087561,3.8355326719342617,91.68373064751684,39.86
2.5619999999999976,-0.14180625104072858,0.3159378355975896,0.059214035403636345,9.80498544109146,up,down,down,up,0.000353100683803,-0.0100646949087561,3.8355326719342617,91.68373064751684,39.875
2.577999999999996,-0.1448532829504288,0.1907925950400888,0.0616683467941046,9.865386904784799,up,down,down,up,0.000353100683803,-0.0100646949087561,3.8355326719342617,91.68373064751684,39.891
2.6089999999999947,-0.1491563705264625,0.13916237733005682,0.0665375019651675,9.982301226958995,up,down,down,up,0.000353100683803,-0.0100646949087561,3.8355326719342617,91.68373064751684,39.922
2.625,-0.15328085646473438,0.2581334718257081,0.06911803489963786,10.042584505415036,up,down,down,up,0.000353100683803,-0.0100646949087561,3.8355326719342617,91.68373064751684,39.938
2.6400000000000006,-0.1563175801678192,0.20280134755611742,0.0715909935980128,10.09906217778034,up,down,down,up,0.000353100683803,-0.0100646949087561,3.8355326719342617,91.68373064751684,39.953
2.655999999999999,-0.1581647386718075,0.1158005071830851,0.07426788726726974,10.15926382948436,up,down,down,up,0.000353100683803,-0.0100646949087561,3.8355326719342617,91.68373064751684,39.969
2.671999999999997,-0.1599678489059429,0.11304749031727629,0.076973983086432,10.219422417272483,up,down,down,up,0.000353100683803,-0.0100646949087561,3.8355326719342617,91.68373064751684,39.985
2.6869999999999976,-0.1614218854329117,0.09728886914838919,0.079535376517605,10.275781587154455,up,down,down,up,0.000353100683803,-0.0100646949087561,3.8355326719342617,91.68373064751684,40.0
2.702999999999996,-0.1628033010657237,0.08669157773456379,0.08229021312813378,10.335855505188235,up,down,down,up,0.000353100683803,-0.0100646949087561,3.8355326719342617,91.68373064751684,40.016
2.7179999999999964,-0.16463239045511818,0.1222923933100924,0.08489695123817231,10.3921345915345,up,down,down,up,0.000353100683803,-0.0100646949087561,3.8355326719342617,91.68373064751684,40.031
2.75,-0.1674328962992853,0.0878689083140161,0.09053206606332287,10.5120647727596,up,down,down,up,0.000353100683803,-0.0100646949087561,3.8355326719342617,91.68373064751684,40.063
2.7650000000000006,-0.17106188129369748,0.2422854336446085,0.09322174731890165,10.568219609238241,up,down,down,up,0.000353100683803,-0.0100646949087561,3.8355326719342617,91.68373064751684,40.078
2.796999999999997,-0.17402441171129188,0.09293217623363889,0.09906519824406113,10.687880063611118,up,down,down,up,0.000353100683803,-0.0100646949087561,3.8355326719342617,91.68373064751684,40.11
2.8119999999999976,-0.1784533707697307,0.2956170379130427,0.10185975203630004,10.743906116563025,up,down,down,up,0.000353100683803,-0.0100646949087561,3.8355326719342617,91.68373064751684,40.125
2.827999999999996,-0.1827836261115916,0.2709940595501411,0.10491068312988983,10.803620475832645,up,down,down,up,0.000353100683803,-0.0100646949087561,3.8355326719342617,91.68373064751684,40.141
2.8589999999999947,-0.18758983155827208,0.15539198606059682,0.11096347726594491,10.919175939176455,up,down,down,up,0.000353100683803,-0.0100646949087561,3.8355326719342617,91.68373064751684,40.172
2.875,-0.19015806730032028,0.16086783456176382,0.11414649557535439,10.978743582144688,up,down,down,up,0.000353100683803,-0.0100646949087561,3.8355326719342617,91.68373064751684,40.188
2.8900000000000006,-0.19270426474611568,0.1700995970701584,0.11716893348933377,11.03454170650572,up,down,down,up,0.000353100683803,-0.0100646949087561,3.8355326719342617,91.68373064751684,40.203
2.905999999999999,-0.1938565161334811,0.07236881239414909,0.12042245485491065,11.094009498149902,up,down,down,up,0.000353100683803,-0.0100646949087561,3.8355326719342617,91.68373064751684,40.219
2.921999999999997,-0.19548796325364928,0.10231854569432429,0.12369824580854827,11.153425055295514,up,down,down,up,0.000353100683803,-0.0100646949087561,3.8355326719342617,91.68373064751684,40.235
2.9369999999999976,-0.1971286975519373,0.10973538723633469,0.12679384118822057,11.209079354722064,up,down,down,up,0.000353100683803,-0.0100646949087561,3.8355326719342617,91.68373064751684,40.25
2.9679999999999964,-0.1989273037814581,0.0583726564747978,0.1332447147510596,11.323950269934954,up,down,down,up,0.000353100683803,-0.0100646949087561,3.8355326719342617,91.68373064751684,40.281
2.9839999999999947,-0.200265470917369,0.0839885466782466,0.1365992920671899,11.383160040631367,up,down,down,up,0.000353100683803,-0.0100646949087561,3.8355326719342617,91.68373064751684,40.297
3.0,-0.20294255397042169,0.1676707914995407,0.13998599138483359,11.442315881114723,up,down,down,up,0.000353100683803,-0.0100646949087561,3.8355326719342617,91.68373064751684,40.313
3.0150000000000006,-0.204499799800578,0.10416948936088309,0.14319277946174758,11.497725030412383,up,down,down,up,0.000353100683803,-0.0100646949087561,3.8355326719342617,91.68373064751684,40.328
3.030999999999999,-0.2081718404357176,0.2298556403800529,0.14665518770217778,11.556774769426,up,down,down,up,0.000353100683803,-0.0100646949087561,3.8355326719342617,91.68373064751684,40.344
3.046999999999997,-0.2117684615222491,0.2251419185920446,0.15017574523638189,11.615768644713441,up,down,down,up,0.000353100683803,-0.0100646949087561,3.8355326719342617,91.68373064751684,40.36
3.077999999999996,-0.2140923689960044,0.07531785790171959,0.15708859365158556,11.729907560290641,up,down,down,up,0.000353100683803,-0.0100646949087561,3.8355326719342617,91.68373064751684,40.391
3.0929999999999964,-0.215425546691181,0.08923161369557299,0.1604609484428705,11.785058928803963,up,down,down,up,0.000353100683803,-0.0100646949087561,3.8355326719342617,91.68373064751684,40.406
3.1089999999999947,-0.2167031667098272,0.08020435184919769,0.16407901326861873,11.843831131861208,up,down,down,up,0.000353100683803,-0.0100646949087561,3.8355326719342617,91.68373064751684,40.422
3.125,-0.216443456067772,0.0158788144446422,0.16770522136938082,11.902545380735063,up,down,down,up,0.000353100683803,-0.0100646949087561,3.8355326719342617,91.68373064751684,40.438
3.1400000000000006,-0.2190051922643477,0.17113551378884562,0.1711220566555034,11.957537166228875,up,down,down,up,0.000353100683803,-0.0100646949087561,3.8355326719342617,91.68373064751684,40.453
3.155999999999999,-0.22152884237179118,0.15808123239903832,0.17480736405113229,12.016138253614159,up,down,down,up,0.000353100683803,-0.0100646949087561,3.8355326719342617,91.68373064751684,40.469
3.171999999999997,-0.22245918627126748,0.0584995944010798,0.17852030339881653,12.074680155025519,up,down,down,up,0.000353100683803,-0.0100646949087561,3.8355326719342617,91.68373064751684,40.485
3.1869999999999976,-0.2231473868132064,0.046233136813058205,0.18201332312058183,12.129509142905647,up,down,down,up,0.000353100683803,-0.0100646949087561,3.8355326719342617,91.68373064751684,40.5
3.202999999999996,-0.2238763489419764,0.0459132337319361,0.18575054812516267,12.187935554686604,up,down,down,up,0.000353100683803,-0.0100646949087561,3.8355326719342617,91.68373064751684,40.516
3.2339999999999947,-0.2248961975891497,0.0332514441410076,0.19301852813856568,12.300966146834483,up,down,down,up,0.000353100683803,-0.0100646949087561,3.8355326719342617,91.68373064751684,40.547
3.25,-0.225508866974824,0.038644937288432706,0.19678280377362034,12.359216258930118,up,down,down,up,0.000353100683803,-0.0100646949087561,3.8355326719342617,91.68373064751684,40.563
3.2650000000000006,-0.2260509497242609,0.0364919506462616,0.20032047282249366,12.413770974434684,up,down,down,up,0.000353100683803,-0.0100646949087561,3.8355326719342617,91.68373064751684,40.578
3.296999999999997,-0.22589842648651628,0.0,0.20787373307894574,12.529976912642141,up,down,down,up,0.000353100683803,-0.0100646949087561,3.8355326719342617,91.68373064751684,40.61
3.3119999999999976,-0.2257763714414623,0.0,0.21141226448703687,12.584365257739407,up,down,down,up,0.000353100683803,-0.0100646949087561,3.8355326719342617,91.68373064751684,40.625
3.327999999999996,-0.22905395884916938,0.2052023136655203,0.21521194224790152,12.642320786836464,up,down,down,up,0.000353100683803,-0.0100646949087561,3.8355326719342617,91.68373064751684,40.641
3.3429999999999964,-0.23146323856759748,0.16097174857900232,0.21881679165215884,12.696598561411236,up,down,down,up,0.000353100683803,-0.0100646949087561,3.8355326719342617,91.68373064751684,40.656
3.3589999999999947,-0.2330869374576885,0.1018342813145056,0.22269422817890083,12.754434996003525,up,down,down,up,0.000353100683803,-0.0100646949087561,3.8355326719342617,91.68373064751684,40.672
3.375,-0.23472822042205618,0.1029332859567511,0.22659778456048008,12.81220918265258,up,down,down,up,0.000353100683803,-0.0100646949087561,3.8355326719342617,91.68373064751684,40.688
3.3900000000000006,-0.2345536878126922,0.0112824066071341,0.23026836929587224,12.866315676577685,up,down,down,up,0.000353100683803,-0.0100646949087561,3.8355326719342617,91.68373064751684,40.703
3.405999999999999,-0.23422943099416568,0.019912950474101403,0.23417966936486678,12.92396861501932,up,down,down,up,0.000353100683803,-0.0100646949087561,3.8355326719342617,91.68373064751684,40.719
3.421999999999997,-0.23506923931402568,0.0528411206750568,0.2380950938458719,12.98155893966458,up,down,down,up,0.000353100683803,-0.0100646949087561,3.8355326719342617,91.68373064751684,40.735
3.452999999999996,-0.2377476215681895,0.0867525282374784,0.24573576073171743,13.092961074248606,up,down,down,up,0.000353100683803,-0.0100646949087561,3.8355326719342617,91.68373064751684,40.766
3.4679999999999964,-0.240408191100574,0.177724402842761,0.2494728997503648,13.146779999374004,up,down,down,up,0.000353100683803,-0.0100646949087561,3.8355326719342617,91.68373064751684,40.781
3.5,-0.2385514979939192,0.057668558899153496,0.2574583250129576,13.261406145279679,up,down,down,up,0.000353100683803,-0.0100646949087561,3.8355326719342617,91.68373064751684,40.813
3.5150000000000006,-0.23968108496779908,0.07565889894245889,0.26119603980880157,13.315049227622566,up,down,down,up,0.000353100683803,-0.0100646949087561,3.8355326719342617,91.68373064751684,40.828
3.530999999999999,-0.2407891520847283,0.0696072954918877,0.26520083682376194,13.372206575360437,up,down,down,up,0.000353100683803,-0.0100646949087561,3.8355326719342617,91.68373064751684,40.844
3.546999999999997,-0.2405992402942534,0.011516386220879199,0.26921297908133335,13.429299787584142,up,down,down,up,0.000353100683803,-0.0100646949087561,3.8355326719342617,91.68373064751684,40.86
3.577999999999996,-0.24257357886602376,0.06404144170865439,0.277014163320489,13.539734779706876,up,down,down,up,0.000353100683803,-0.0100646949087561,3.8355326719342617,91.68373064751684,40.891
3.5929999999999964,-0.24392899965185677,0.09071448640600359,0.2808139030830046,13.593084059287861,up,down,down,up,0.000353100683803,-0.0100646949087561,3.8355326719342617,91.68373064751684,40.906
3.6089999999999947,-0.2445956916502432,0.0420213505829592,0.284883135731961,13.649927005728287,up,down,down,up,0.000353100683803,-0.0100646949087561,3.8355326719342617,91.68373064751684,40.922
3.625,-0.24516885381171788,0.0361757357759552,0.2889622872141979,13.70670476509568,up,down,down,up,0.000353100683803,-0.0100646949087561,3.8355326719342617,91.68373064751684,40.938
3.6400000000000006,-0.2482515199601636,0.2058641772468463,0.29281391044111915,13.759874433692275,up,down,down,up,0.000353100683803,-0.0100646949087561,3.8355326719342617,91.68373064751684,40.953
3.671999999999997,-0.2500397775840551,0.056236151430417006,0.3011086414389057,13.87310871836408,up,down,down,up,0.000353100683803,-0.0100646949087561,3.8355326719342617,91.68373064751684,40.985
3.6869999999999976,-0.2517741599647696,0.1159785927314352,0.30502321639415353,13.926095719509362,up,down,down,up,0.000353100683803,-0.0100646949087561,3.8355326719342617,91.68373064751684,41.0
3.702999999999996,-0.2500965175045203,0.1044995530817943,0.309199216932448,13.982550462793682,up,down,down,up,0.000353100683803,-0.0100646949087561,3.8355326719342617,91.68373064751684,41.016
3.7179999999999964,-0.2493374806413815,0.0502493568587762,0.31309594234217375,14.035416239178119,up,down,down,up,0.000353100683803,-0.0100646949087561,3.8355326719342617,91.68373064751684,41.031
3.75,-0.248603126994631,0.0225954507771495,0.32138506230143093,14.148001588605737,up,down,down,up,0.000353100683803,-0.0100646949087561,3.8355326719342617,91.68373064751684,41.063
3.7650000000000006,-0.24839088177900598,0.0137965803578643,0.32526348779086467,14.20068471455906,up,down,down,up,0.000353100683803,-0.0100646949087561,3.8355326719342617,91.68373064751684,41.078
3.796999999999997,-0.24816371335735,0.0,0.3335304315501255,14.312881057351476,up,down,down,up,0.000353100683803,-0.0100646949087561,3.8355326719342617,91.68373064751684,41.11
3.8119999999999976,-0.2493804606545887,0.0814695871663759,0.33741298327884595,14.365381971819275,up,down,down,up,0.000353100683803,-0.0100646949087561,3.8355326719342617,91.68373064751684,41.125
3.827999999999996,-0.25146670649697717,0.1307434658330972,0.34158079573459865,14.42131854433812,up,down,down,up,0.000353100683803,-0.0100646949087561,3.8355326719342617,91.68373064751684,41.141
3.8429999999999964,-0.2505660442828948,0.059691046921685295,0.345497011789079,14.473698450860724,up,down,down,up,0.000353100683803,-0.0100646949087561,3.8355326719342617,91.68373064751684,41.156
3.8589999999999947,-0.25115955034915777,0.0374472298252421,0.34967185166467507,14.529505622704022,up,down,down,up,0.000353100683803,-0.0100646949087561,3.8355326719342617,91.68373064751684,41.172
3.875,-0.2497135643305768,0.0900210254774746,0.35383987170065456,14.585246051668065,up,down,down,up,0.000353100683803,-0.0100646949087561,3.8355326719342617,91.68373064751684,41.188
3.8900000000000006,-0.2482483284001873,0.097329294675493,0.357725556319767,14.637442301036927,up,down,down,up,0.000353100683803,-0.0100646949087561,3.8355326719342617,91.68373064751684,41.203
3.905999999999999,-0.2506074500596381,0.1477982043994902,0.361877437665985,14.693053999835982,up,down,down,up,0.000353100683803,-0.0100646949087561,3.8355326719342617,91.68373064751684,41.219
3.921999999999997,-0.25313009596790437,0.1580184699504667,0.366068373152745,14.74859895610038,up,down,down,up,0.000353100683803,-0.0100646949087561,3.8355326719342617,91.68373064751684,41.235
3.9369999999999976,-0.2556423927971317,0.16783955596561442,0.37003513724211423,14.800611169851436,up,down,down,up,0.000353100683803,-0.0100646949087561,3.8355326719342617,91.68373064751684,41.25
3.9679999999999964,-0.25622756318236206,0.0192295647234949,0.3782811271019675,14.907913780584067,up,down,down,up,0.000353100683803,-0.0100646949087561,3.8355326719342617,91.68373064751684,41.281
3.9839999999999947,-0.25751897024294307,0.0810660419701213,0.3825521344879097,14.96319563724228,up,down,down,up,0.000353100683803,-0.0100646949087561,3.8355326719342617,91.68373064751684,41.297
4.0,-0.2566993908551183,0.0508706110552256,0.3868269164952358,15.0184091275854,up,down,down,up,0.000353100683803,-0.0100646949087561,3.8355326719342617,91.68373064751684,41.313
4.015000000000001,-0.2559300986306994,0.0509330476107887,0.3908226080900108,15.070109746230045,up,down,down,up,0.000353100683803,-0.0100646949087561,3.8355326719342617,91.68373064751684,41.328
4.030999999999999,-0.25787857852529866,0.1221330940962683,0.3950941126257983,15.125190935215244,up,down,down,up,0.000353100683803,-0.0100646949087561,3.8355326719342617,91.68373064751684,41.344
4.046999999999997,-0.2585189817936442,0.040378304955406105,0.39938632822688946,15.180203614439364,up,down,down,up,0.000353100683803,-0.0100646949087561,3.8355326719342617,91.68373064751684,41.36
4.077999999999996,-0.2597682707724403,0.0406527451610967,0.407731786183835,15.286594796495962,up,down,down,up,0.000353100683803,-0.0100646949087561,3.8355326719342617,91.68373064751684,41.391
4.092999999999996,-0.2602021722537078,0.029279866101637898,0.4117825349301625,15.337981429166618,up,down,down,up,0.000353100683803,-0.0100646949087561,3.8355326719342617,91.68373064751684,41.406
4.108999999999995,-0.2606073947752244,0.0256795082785892,0.41611004658493345,15.392726811265447,up,down,down,up,0.000353100683803,-0.0100646949087561,3.8355326719342617,91.68373064751684,41.422
4.125,-0.2625307343584496,0.1205618246353387,0.42045618673654417,15.447402804149846,up,down,down,up,0.000353100683803,-0.0100646949087561,3.8355326719342617,91.68373064751684,41.438
4.140000000000001,-0.2625906745853666,0.0,0.42454556772725427,15.498598281070358,up,down,down,up,0.000353100683803,-0.0100646949087561,3.8355326719342617,91.68373064751684,41.453
4.155999999999999,-0.2627321976847164,0.0,0.428909185823954,15.5531391657929,up,down,down,up,0.000353100683803,-0.0100646949087561,3.8355326719342617,91.68373064751684,41.469
4.171999999999997,-0.2617275607616172,0.062436707009901095,0.4332658990100646,15.607610287865157,up,down,down,up,0.000353100683803,-0.0100646949087561,3.8355326719342617,91.68373064751684,41.485
4.202999999999996,-0.2618198099213363,0.0,0.4416928887978213,15.712949939484105,up,down,down,up,0.000353100683803,-0.0100646949087561,3.8355326719342617,91.68373064751684,41.516
4.217999999999996,-0.2619245197957217,0.0,0.44577194169433065,15.763826943334436,up,down,down,up,0.000353100683803,-0.0100646949087561,3.8355326719342617,91.68373064751684,41.531
4.233999999999995,-0.2639492546526406,0.12689902924124802,0.4501399670084574,15.818028170815765,up,down,down,up,0.000353100683803,-0.0100646949087561,3.8355326719342617,91.68373064751684,41.547
4.25,-0.2651703935954668,0.0766742846104195,0.4545339593129838,15.872159302156163,up,down,down,up,0.000353100683803,-0.0100646949087561,3.8355326719342617,91.68373064751684,41.563
4.265000000000001,-0.266345869871385,0.0787181857450124,0.45867130171261694,15.922843252777483,up,down,down,up,0.000353100683803,-0.0100646949087561,3.8355326719342617,91.68373064751684,41.578
4.280999999999999,-0.26521970807519507,0.0700320115780773,0.4630848614547287,15.976837726223067,up,down,down,up,0.000353100683803,-0.0100646949087561,3.8355326719342617,91.68373064751684,41.594
4.296999999999997,-0.2656774130084525,0.0289596590123983,0.4674930735419376,16.030761625494037,up,down,down,up,0.000353100683803,-0.0100646949087561,3.8355326719342617,91.68373064751684,41.61
4.311999999999998,-0.2645531105609394,0.07460039581707141,0.4716207728923396,16.081251261724802,up,down,down,up,0.000353100683803,-0.0100646949087561,3.8355326719342617,91.68373064751684,41.625
4.327999999999996,-0.2634524669792633,0.0684371231709578,0.476005852631201,16.135038771471557,up,down,down,up,0.000353100683803,-0.0100646949087561,3.8355326719342617,91.68373064751684,41.641
4.342999999999996,-0.2645861423122327,0.0759314562150918,0.4801171126245185,16.185400839311157,up,down,down,up,0.000353100683803,-0.0100646949087561,3.8355326719342617,91.68373064751684,41.656
4.358999999999995,-0.2679464017863751,0.2103693178177276,0.48453840809584703,16.23905211789632,up,down,down,up,0.000353100683803,-0.0100646949087561,3.8355326719342617,91.68373064751684,41.672
4.375,-0.2711857927271222,0.20281503448042912,0.4890125007704964,16.292632233376366,up,down,down,up,0.000353100683803,-0.0100646949087561,3.8355326719342617,91.68373064751684,41.688
4.390000000000001,-0.2702183347839285,0.06414409552911121,0.4932240021504608,16.342798449683485,up,down,down,up,0.000353100683803,-0.0100646949087561,3.8355326719342617,91.68373064751684,41.703
4.405999999999999,-0.270750621917971,0.0336210465614641,0.4977127889226156,16.39623947810584,up,down,down,up,0.000353100683803,-0.0100646949087561,3.8355326719342617,91.68373064751684,41.719
4.421999999999997,-0.27129396117030247,0.0343118039545267,0.5022101807058612,16.44960861709974,up,down,down,up,0.000353100683803,-0.0100646949087561,3.8355326719342617,91.68373064751684,41.735
4.452999999999996,-0.2715964087796064,0.0101094751774765,0.510936986982256,16.552806348830515,up,down,down,up,0.000353100683803,-0.0100646949087561,3.8355326719342617,91.68373064751684,41.766
4.483999999999995,-0.2731643735684397,0.0509326100010102,0.5196927846508217,16.65573310020018,up,down,down,up,0.000353100683803,-0.0100646949087561,3.8355326719342617,91.68373064751684,41.797
4.5,-0.2738730191099244,0.044643447026578305,0.5242301189107903,16.708750239722647,up,down,down,up,0.000353100683803,-0.0100646949087561,3.8355326719342617,91.68373064751684,41.813
4.515000000000001,-0.2756736397744782,0.1203944783207168,0.5285026892760549,16.758387733740264,up,down,down,up,0.000353100683803,-0.0100646949087561,3.8355326719342617,91.68373064751684,41.828
4.546999999999997,-0.2774001251960368,0.054305770107515805,0.5376739397526622,16.864065953177686,up,down,down,up,0.000353100683803,-0.0100646949087561,3.8355326719342617,91.68373064751684,41.86
4.561999999999998,-0.27904909531848787,0.1102844421805409,0.5419982793301528,16.9135014016136,up,down,down,up,0.000353100683803,-0.0100646949087561,3.8355326719342617,91.68373064751684,41.875
4.577999999999996,-0.2780350978605899,0.06302174043482811,0.5466159879941248,16.966161010225917,up,down,down,up,0.000353100683803,-0.0100646949087561,3.8355326719342617,91.68373064751684,41.891
4.592999999999996,-0.27936272000066786,0.0888612433556648,0.5509474420517155,17.015462274579605,up,down,down,up,0.000353100683803,-0.0100646949087561,3.8355326719342617,91.68373064751684,41.906
4.608999999999995,-0.280264612847958,0.0567214036394431,0.5555854958330442,17.067978533827485,up,down,down,up,0.000353100683803,-0.0100646949087561,3.8355326719342617,91.68373064751684,41.922
4.640000000000001,-0.2781436102183577,0.0680663389807115,0.564552828832745,17.169517902625117,up,down,down,up,0.000353100683803,-0.0100646949087561,3.8355326719342617,91.68373064751684,41.953
4.655999999999999,-0.2760385667765864,0.1312121144269186,0.569147321367244,17.221816824174468,up,down,down,up,0.000353100683803,-0.0100646949087561,3.8355326719342617,91.68373064751684,41.969
4.671999999999997,-0.27841545264823436,0.1489084676618175,0.5737439886411817,17.274042216445338,up,down,down,up,0.000353100683803,-0.0100646949087561,3.8355326719342617,91.68373064751684,41.985
4.702999999999996,-0.2783568067688531,0.0,0.5826859642043183,17.375019065006185,up,down,down,up,0.000353100683803,-0.0100646949087561,3.8355326719342617,91.68373064751684,42.016
4.717999999999996,-0.2792934960175959,0.0627990505999869,0.5870193118988487,17.42377926551444,up,down,down,up,0.000353100683803,-0.0100646949087561,3.8355326719342617,91.68373064751684,42.031
4.733999999999995,-0.2804910406538444,0.07519964044933859,0.5916586233107592,17.475718364783674,up,down,down,up,0.000353100683803,-0.0100646949087561,3.8355326719342617,91.68373064751684,42.047
4.75,-0.28166039126157827,0.07343751366714929,0.5963168698846246,17.52758308358908,up,down,down,up,0.000353100683803,-0.0100646949087561,3.8355326719342617,91.68373064751684,42.063
4.765000000000001,-0.28294825570695187,0.08621073037536929,0.6007024051605199,17.576138429105285,up,down,down,up,0.000353100683803,-0.0100646949087561,3.8355326719342617,91.68373064751684,42.078
4.796999999999997,-0.2821518862480233,0.0245334449077178,0.6100660776688787,17.679503178881887,up,down,down,up,0.000353100683803,-0.0100646949087561,3.8355326719342617,91.68373064751684,42.11
4.811999999999998,-0.2830638222184519,0.0611488320457074,0.6144561659060086,17.727852252134085,up,down,down,up,0.000353100683803,-0.0100646949087561,3.8355326719342617,91.68373064751684,42.125
4.827999999999996,-0.2849304746435238,0.11701887725080899,0.619161155399444,17.779351836314603,up,down,down,up,0.000353100683803,-0.0100646949087561,3.8355326719342617,91.68373064751684,42.141
4.842999999999996,-0.28678130485093867,0.1237417811781279,0.623599964169284,17.827564117996843,up,down,down,up,0.000353100683803,-0.0100646949087561,3.8355326719342617,91.68373064751684,42.156
4.875,-0.28526182390103116,0.0471306790008011,0.6330747244663968,17.930194368480585,up,down,down,up,0.000353100683803,-0.0100646949087561,3.8355326719342617,91.68373064751684,42.188
4.905999999999999,-0.28447022778957637,0.025182257750225402,0.6422175768097724,18.029328850640766,up,down,down,up,0.000353100683803,-0.0100646949087561,3.8355326719342617,91.68373064751684,42.219
4.921999999999997,-0.2842602017300245,0.012773528038191699,0.6469284553644687,18.080384205134322,up,down,down,up,0.000353100683803,-0.0100646949087561,3.8355326719342617,91.68373064751684,42.235
4.936999999999998,-0.2829289377660356,0.08839783024878431,0.6513333443343208,18.128180231715604,up,down,down,up,0.000353100683803,-0.0100646949087561,3.8355326719342617,91.68373064751684,42.25
4.952999999999996,-0.28306205840868337,0.0,0.6560223074222575,18.179089909252482,up,down,down,up,0.000353100683803,-0.0100646949087561,3.8355326719342617,91.68373064751684,42.266
4.967999999999996,-0.2832350575338883,0.0118863756974594,0.6604205062154587,18.226749578229217,up,down,down,up,0.000353100683803,-0.0100646949087561,3.8355326719342617,91.68373064751684,42.281
5.0,-0.2833965443115521,0.0,0.669808682082067,18.328202956718357,up,down,down,up,0.000353100683803,-0.0100646949087561,3.8355326719342617,91.68373064751684,42.313
5.015000000000001,-0.2835369025308996,0.0,0.674211653357017,18.3756557942816,up,down,down,up,0.000353100683803,-0.0100646949087561,3.8355326719342617,91.68373064751684,42.328
5.030999999999999,-0.2856039129142669,0.1295412496442746,0.6789258149991175,18.4261992172857,up,down,down,up,0.000353100683803,-0.0100646949087561,3.8355326719342617,91.68373064751684,42.344
5.046999999999997,-0.2865150857555232,0.057301403262328104,0.683663802107016,18.476667023099807,up,down,down,up,0.000353100683803,-0.0100646949087561,3.8355326719342617,91.68373064751684,42.36
5.061999999999998,-0.2880148805732166,0.10033942186335619,0.6881237472781132,18.5239116065584,up,down,down,up,0.000353100683803,-0.0100646949087561,3.8355326719342617,91.68373064751684,42.375
5.077999999999996,-0.2894821341863701,0.09205645150590519,0.6929047585147297,18.57423190126302,up,down,down,up,0.000353100683803,-0.0100646949087561,3.8355326719342617,91.68373064751684,42.391
5.092999999999996,-0.2918724244357485,0.1597057839756919,0.697415888128027,18.621337486492195,up,down,down,up,0.000353100683803,-0.0100646949087561,3.8355326719342617,91.68373064751684,42.406
5.125,-0.2902390979258005,0.0506883527520651,0.7070517427228933,18.721603049900523,up,down,down,up,0.000353100683803,-0.0100646949087561,3.8355326719342617,91.68373064751684,42.438
5.140000000000001,-0.2886514877128939,0.10548758017663651,0.7115443925388152,18.768496568965062,up,down,down,up,0.000353100683803,-0.0100646949087561,3.8355326719342617,91.68373064751684,42.453
5.155999999999999,-0.2885395411712431,0.0,0.7163229558884279,18.818442152928583,up,down,down,up,0.000353100683803,-0.0100646949087561,3.8355326719342617,91.68373064751684,42.469
5.171999999999997,-0.2892039177649775,0.041876637792208606,0.7211059386784573,18.868311244522985,up,down,down,up,0.000353100683803,-0.0100646949087561,3.8355326719342617,91.68373064751684,42.485
5.186999999999998,-0.2898610308316006,0.044160638458673504,0.7255998962165631,18.914993940840276,up,down,down,up,0.000353100683803,-0.0100646949087561,3.8355326719342617,91.68373064751684,42.5
5.202999999999996,-0.2893581656693645,0.0310759719559552,0.7303946849071106,18.964714506942244,up,down,down,up,0.000353100683803,-0.0100646949087561,3.8355326719342617,91.68373064751684,42.516
5.217999999999996,-0.2888937981509283,0.0306047338786057,0.7348825450593943,19.011257917796527,up,down,down,up,0.000353100683803,-0.0100646949087561,3.8355326719342617,91.68373064751684,42.531
5.233999999999995,-0.290814570452703,0.12040136954473339,0.7396812471267635,19.060829930209962,up,down,down,up,0.000353100683803,-0.0100646949087561,3.8355326719342617,91.68373064751684,42.547
5.25,-0.2897188590030595,0.0681288649188921,0.7444865496809507,19.11032511058646,up,down,down,up,0.000353100683803,-0.0100646949087561,3.8355326719342617,91.68373064751684,42.563
5.265000000000001,-0.2886498722229192,0.0709126846588833,0.7489752855887772,19.15665713690096,up,down,down,up,0.000353100683803,-0.0100646949087561,3.8355326719342617,91.68373064751684,42.578
5.280999999999999,-0.2864446818413331,0.13747129816534118,0.7537370771398306,19.206003960750067,up,down,down,up,0.000353100683803,-0.0100646949087561,3.8355326719342617,91.68373064751684,42.594
5.296999999999997,-0.28709461930186997,0.040974191967362204,0.758486426667516,19.25527469547056,up,down,down,up,0.000353100683803,-0.0100646949087561,3.8355326719342617,91.68373064751684,42.61
5.311999999999998,-0.2864540086381755,0.042354276895826895,0.7629390118006976,19.301396994761035,up,down,down,up,0.000353100683803,-0.0100646949087561,3.8355326719342617,91.68373064751684,42.625
5.342999999999996,-0.2858224328866435,0.0200203106559414,0.7721213021865037,19.396505072724196,up,down,down,up,0.000353100683803,-0.0100646949087561,3.8355326719342617,91.68373064751684,42.656
5.358999999999995,-0.2850066133548986,0.0506356200502601,0.7768489696749756,19.445481833300263,up,down,down,up,0.000353100683803,-0.0100646949087561,3.8355326719342617,91.68373064751684,42.672
5.375,-0.2860897614793992,0.0680498584650685,0.7815787757921915,19.494382934087497,up,down,down,up,0.000353100683803,-0.0100646949087561,3.8355326719342617,91.68373064751684,42.688
5.405999999999999,-0.2865318336176586,0.014613492240559,0.790766416058367,19.58891309644376,up,down,down,up,0.000353100683803,-0.0100646949087561,3.8355326719342617,91.68373064751684,42.719
5.421999999999997,-0.28403688465920857,0.1555812092193415,0.7954920009231214,19.63759155185886,up,down,down,up,0.000353100683803,-0.0100646949087561,3.8355326719342617,91.68373064751684,42.735
5.436999999999998,-0.2838483062390367,0.0122187939943189,0.7999021102784898,19.683159086103885,up,down,down,up,0.000353100683803,-0.0100646949087561,3.8355326719342617,91.68373064751684,42.75
5.452999999999996,-0.2836534653787304,0.011824453085342,0.8046031595699716,19.731691566696043,up,down,down,up,0.000353100683803,-0.0100646949087561,3.8355326719342617,91.68373064751684,42.766
5.467999999999996,-0.2854691849542359,0.1214010723841667,0.8090225498711003,19.777122363954234,up,down,down,up,0.000353100683803,-0.0100646949087561,3.8355326719342617,91.68373064751684,42.781
5.483999999999995,-0.28531161652860426,0.0,0.8137498314015028,19.825508707655004,up,down,down,up,0.000353100683803,-0.0100646949087561,3.8355326719342617,91.68373064751684,42.797
5.5,-0.2851575121933223,0.0,0.81847461954982,19.873819434798364,up,down,down,up,0.000353100683803,-0.0100646949087561,3.8355326719342617,91.68373064751684,42.813
5.530999999999999,-0.285867364881824,0.0232515745064379,0.8276375106866558,19.967206209609643,up,down,down,up,0.000353100683803,-0.0100646949087561,3.8355326719342617,91.68373064751684,42.844
5.546999999999997,-0.2869170053322581,0.06595562883594129,0.8323808207669079,20.015294585708958,up,down,down,up,0.000353100683803,-0.0100646949087561,3.8355326719342617,91.68373064751684,42.86
5.561999999999998,-0.2879469660543315,0.06901714882202689,0.836843270975939,20.06030839509988,up,down,down,up,0.000353100683803,-0.0100646949087561,3.8355326719342617,91.68373064751684,42.875
5.577999999999996,-0.2876246558473526,0.019791287252382102,0.8416088790696921,20.108249300650485,up,down,down,up,0.000353100683803,-0.0100646949087561,3.8355326719342617,91.68373064751684,42.891
5.608999999999995,-0.2869141599232777,0.0225661226734528,0.8508262362563079,20.20091806919288,up,down,down,up,0.000353100683803,-0.0100646949087561,3.8355326719342617,91.68373064751684,42.922
5.625,-0.28611880601696177,0.049356518460924696,0.8555715351023716,20.24863540977296,up,down,down,up,0.000353100683803,-0.0100646949087561,3.8355326719342617,91.68373064751684,42.938
5.640000000000001,-0.28575345868597957,0.0240033880483391,0.8600115475112751,20.293301526732407,up,down,down,up,0.000353100683803,-0.0100646949087561,3.8355326719342617,91.68373064751684,42.953
5.655999999999999,-0.2854146491717735,0.020822493954078203,0.8647419274926769,20.340872021683325,up,down,down,up,0.000353100683803,-0.0100646949087561,3.8355326719342617,91.68373064751684,42.969
5.671999999999997,-0.2857272772174291,0.0198923535372783,0.8694720980223303,20.38836683223012,up,down,down,up,0.000353100683803,-0.0100646949087561,3.8355326719342617,91.68373064751684,42.985
5.702999999999996,-0.2847560355944232,0.0309772742518717,0.8786265949130851,20.480172815319605,up,down,down,up,0.000353100683803,-0.0100646949087561,3.8355326719342617,91.68373064751684,43.016
5.717999999999996,-0.2838620507511998,0.059245888864424695,0.8830422009843089,20.52449328942936,up,down,down,up,0.000353100683803,-0.0100646949087561,3.8355326719342617,91.68373064751684,43.031
5.733999999999995,-0.2810030781521462,0.17833268675706318,0.8877221571340752,20.571695697315363,up,down,down,up,0.000353100683803,-0.0100646949087561,3.8355326719342617,91.68373064751684,43.047
5.75,-0.2809226829093916,0.0,0.892378598341109,20.618823414022515,up,down,down,up,0.000353100683803,-0.0100646949087561,3.8355326719342617,91.68373064751684,43.063
5.780999999999999,-0.2808599279035029,0.0,0.90139823435088,20.709921385945762,up,down,down,up,0.000353100683803,-0.0100646949087561,3.8355326719342617,91.68373064751684,43.094
5.796999999999997,-0.2802478864532656,0.0378994899560324,0.9060481319842735,20.75683033776602,up,down,down,up,0.000353100683803,-0.0100646949087561,3.8355326719342617,91.68373064751684,43.11
5.827999999999996,-0.27970907525609867,0.0170279056764209,0.9150394704329399,20.847504992758516,up,down,down,up,0.000353100683803,-0.0100646949087561,3.8355326719342617,91.68373064751684,43.141
5.842999999999996,-0.27887503781479067,0.055249395403398495,0.9193798217046032,20.891279838146502,up,down,down,up,0.000353100683803,-0.0100646949087561,3.8355326719342617,91.68373064751684,43.156
5.858999999999995,-0.2780784126278455,0.0494359735002725,0.9239964844266839,20.9379013504484,up,down,down,up,0.000353100683803,-0.0100646949087561,3.8355326719342617,91.68373064751684,43.172
5.890000000000001,-0.2772964315506883,0.0248720953535216,0.9329168000536243,21.02802070736894,up,down,down,up,0.000353100683803,-0.0100646949087561,3.8355326719342617,91.68373064751684,43.203
5.905999999999999,-0.27721848302678787,0.0,0.9375139544887836,21.074425784083544,up,down,down,up,0.000353100683803,-0.0100646949087561,3.8355326719342617,91.68373064751684,43.219
5.921999999999997,-0.27742883778572397,0.0135002731173075,0.9421121681738232,21.120757297853203,up,down,down,up,0.000353100683803,-0.0100646949087561,3.8355326719342617,91.68373064751684,43.235
5.936999999999998,-0.2774204480020135,0.0,0.9464245082408627,21.1641262628591,up,down,down,up,0.000353100683803,-0.0100646949087561,3.8355326719342617,91.68373064751684,43.25
5.952999999999996,-0.2756044258054136,0.11314828660370521,0.9510097423498616,21.210315311605328,up,down,down,up,0.000353100683803,-0.0100646949087561,3.8355326719342617,91.68373064751684,43.266
5.967999999999996,-0.2738988098893636,0.1133546270528598,0.9552819870412037,21.253551113713897,up,down,down,up,0.000353100683803,-0.0100646949087561,3.8355326719342617,91.68373064751684,43.281
5.983999999999995,-0.2729683297223709,0.0578019097532477,0.9598179592766374,21.299598836894276,up,down,down,up,0.000353100683803,-0.0100646949087561,3.8355326719342617,91.68373064751684,43.297
6.015000000000001,-0.27263901716577976,0.0102698850126813,0.9685868786955769,21.38861007473568,up,down,down,up,0.000353100683803,-0.0100646949087561,3.8355326719342617,91.68373064751684,43.328
6.030999999999999,-0.2740352638349944,0.0876185175097227,0.9731213080621228,21.43444493199256,up,down,down,up,0.000353100683803,-0.0100646949087561,3.8355326719342617,91.68373064751684,43.344
6.046999999999997,-0.2753777856309832,0.0842607129331132,0.9776776475763902,21.480207063098405,up,down,down,up,0.000353100683803,-0.0100646949087561,3.8355326719342617,91.68373064751684,43.36
6.061999999999998,-0.2764506901399635,0.0718800679491565,0.981967331568304,21.52304271583384,up,down,down,up,0.000353100683803,-0.0100646949087561,3.8355326719342617,91.68373064751684,43.375
6.077999999999996,-0.2771735102718367,0.045529358925882404,0.9865573602901376,21.568663041049916,up,down,down,up,0.000353100683803,-0.0100646949087561,3.8355326719342617,91.68373064751684,43.391
6.108999999999995,-0.2770449948549505,0.0,0.9954597526617746,21.65684328862912,up,down,down,up,0.000353100683803,-0.0100646949087561,3.8355326719342617,91.68373064751684,43.422
6.125,-0.27684481462183896,0.012158163885663,1.0000519062561306,21.702247718108737,up,down,down,up,0.000353100683803,-0.0100646949087561,3.8355326719342617,91.68373064751684,43.438
6.140000000000001,-0.2766940307797352,0.0,1.0043544180202737,21.744747660755678,up,down,down,up,0.000353100683803,-0.0100646949087561,3.8355326719342617,91.68373064751684,43.453
6.155999999999999,-0.2761007874187822,0.036724609375764196,1.0089378116844014,21.790009845669005,up,down,down,up,0.000353100683803,-0.0100646949087561,3.8355326719342617,91.68373064751684,43.469
6.171999999999997,-0.27823713950487416,0.1338751060645661,1.0135335502183302,21.835198597524723,up,down,down,up,0.000353100683803,-0.0100646949087561,3.8355326719342617,91.68373064751684,43.485
6.202999999999996,-0.2784903198237086,0.0,1.022474831380094,21.922541980439874,up,down,down,up,0.000353100683803,-0.0100646949087561,3.8355326719342617,91.68373064751684,43.516
6.217999999999996,-0.27635523063571027,0.1419861785160794,1.0267871434321716,21.964705505707798,up,down,down,up,0.000353100683803,-0.0100646949087561,3.8355326719342617,91.68373064751684,43.531
6.233999999999995,-0.2773342167916351,0.061539735429112404,1.0313776941301298,22.009608709758254,up,down,down,up,0.000353100683803,-0.0100646949087561,3.8355326719342617,91.68373064751684,43.547
6.265000000000001,-0.2770888842021826,0.0,1.0402832577377072,22.096399477834282,up,down,down,up,0.000353100683803,-0.0100646949087561,3.8355326719342617,91.68373064751684,43.578
6.280999999999999,-0.2793723400368116,0.14306909034812912,1.044895982650159,22.141086566662125,up,down,down,up,0.000353100683803,-0.0100646949087561,3.8355326719342617,91.68373064751684,43.594
6.311999999999998,-0.2781781469062033,0.038169258368079495,1.0538500207399468,22.227457516439543,up,down,down,up,0.000353100683803,-0.0100646949087561,3.8355326719342617,91.68373064751684,43.625
6.327999999999996,-0.27867239684648837,0.031243721951626998,1.058465860208508,22.27192751214288,up,down,down,up,0.000353100683803,-0.0100646949087561,3.8355326719342617,91.68373064751684,43.641
6.358999999999995,-0.2788626483191834,0.0,1.067419658950747,22.35787779942588,up,down,down,up,0.000353100683803,-0.0100646949087561,3.8355326719342617,91.68373064751684,43.672
6.375,-0.2777027629694473,0.072139733674679,1.0720332173595977,22.402130699166364,up,down,down,up,0.000353100683803,-0.0100646949087561,3.8355326719342617,91.68373064751684,43.688
6.390000000000001,-0.28005552333457656,0.1572037916924113,1.0763673749305087,22.4435506848032,up,down,down,up,0.000353100683803,-0.0100646949087561,3.8355326719342617,91.68373064751684,43.703
6.405999999999999,-0.2823792155031164,0.1455838612175622,1.08102788795975,22.487660045451022,up,down,down,up,0.000353100683803,-0.0100646949087561,3.8355326719342617,91.68373064751684,43.719
6.436999999999998,-0.2799584332089893,0.07773665073965551,1.0900561270569589,22.57290975604822,up,down,down,up,0.000353100683803,-0.0100646949087561,3.8355326719342617,91.68373064751684,43.75
6.452999999999996,-0.280305845633345,0.0220663772060337,1.0946992764062373,22.61680023557146,up,down,down,up,0.000353100683803,-0.0100646949087561,3.8355326719342617,91.68373064751684,43.766
6.467999999999996,-0.2806393997926353,0.022590044636493598,1.0990573361705636,22.657880051056168,up,down,down,up,0.000353100683803,-0.0100646949087561,3.8355326719342617,91.68373064751684,43.781
6.483999999999995,-0.2810888838582298,0.028445854783457198,1.1037121975583095,22.701626417537284,up,down,down,up,0.000353100683803,-0.0100646949087561,3.8355326719342617,91.68373064751684,43.797
6.5,-0.28198609136300057,0.056428569731962204,1.1083778324786215,22.745298220047943,up,down,down,up,0.000353100683803,-0.0100646949087561,3.8355326719342617,91.68373064751684,43.813
6.530999999999999,-0.2808942486728832,0.034867631255469794,1.1174144832913488,22.829699951983486,up,down,down,up,0.000353100683803,-0.0100646949087561,3.8355326719342617,91.68373064751684,43.844
6.546999999999997,-0.2813840660243639,0.0309666851513489,1.1220737449274663,22.873152568908665,up,down,down,up,0.000353100683803,-0.0100646949087561,3.8355326719342617,91.68373064751684,43.86
6.561999999999998,-0.2818281804400602,0.029960728396892598,1.1264488071995808,22.913821639846716,up,down,down,up,0.000353100683803,-0.0100646949087561,3.8355326719342617,91.68373064751684,43.875
6.592999999999996,-0.2833185813682793,0.0484305499811938,1.1355205875497814,22.997662627058077,up,down,down,up,0.000353100683803,-0.0100646949087561,3.8355326719342617,91.68373064751684,43.906
6.608999999999995,-0.2822917092265858,0.0638264081720479,1.1402065049930799,23.040825333068682,up,down,down,up,0.000353100683803,-0.0100646949087561,3.8355326719342617,91.68373064751684,43.922
6.625,-0.2812582971128439,0.0642351564250417,1.1448759401623367,23.083913196258408,up,down,down,up,0.000353100683803,-0.0100646949087561,3.8355326719342617,91.68373064751684,43.938
6.640000000000001,-0.2812694213174627,0.0,1.1492458684741957,23.12424027277264,up,down,down,up,0.000353100683803,-0.0100646949087561,3.8355326719342617,91.68373064751684,43.953
6.671999999999997,-0.2831043231031903,0.057693781487794804,1.1585979186220055,23.210051817681006,up,down,down,up,0.000353100683803,-0.0100646949087561,3.8355326719342617,91.68373064751684,43.985
6.686999999999998,-0.2848863561492561,0.1191553037548541,1.1630088191400305,23.250172757226807,up,down,down,up,0.000353100683803,-0.0100646949087561,3.8355326719342617,91.68373064751684,44.0
6.702999999999996,-0.2839738732043547,0.056677083372542396,1.1677207360933988,23.292895443535883,up,down,down,up,0.000353100683803,-0.0100646949087561,3.8355326719342617,91.68373064751684,44.016
6.733999999999995,-0.28308404183359137,0.028351137082754902,1.1768221393186575,23.375456541796964,up,down,down,up,0.000353100683803,-0.0100646949087561,3.8355326719342617,91.68373064751684,44.047
6.75,-0.2835360511545453,0.0286036832434126,1.1815161351811048,23.417958358351925,up,down,down,up,0.000353100683803,-0.0100646949087561,3.8355326719342617,91.68373064751684,44.063
6.765000000000001,-0.2837063709881829,0.011707756259641001,1.185921423770807,23.457735566738805,up,down,down,up,0.000353100683803,-0.0100646949087561,3.8355326719342617,91.68373064751684,44.078
6.780999999999999,-0.28385721726644597,0.0,1.1906229675953837,23.500091734358804,up,down,down,up,0.000353100683803,-0.0100646949087561,3.8355326719342617,91.68373064751684,44.094
6.796999999999997,-0.283470690837806,0.023804801106200302,1.1953226259787573,23.542372692361155,up,down,down,up,0.000353100683803,-0.0100646949087561,3.8355326719342617,91.68373064751684,44.11
6.811999999999998,-0.2821263861192822,0.0892672138844441,1.199715574479567,23.58194289593672,up,down,down,up,0.000353100683803,-0.0100646949087561,3.8355326719342617,91.68373064751684,44.125
6.842999999999996,-0.2808418569959912,0.041083322648167,1.2087535877900248,23.66351313675152,up,down,down,up,0.000353100683803,-0.0100646949087561,3.8355326719342617,91.68373064751684,44.156
6.858999999999995,-0.280708516097489,0.0,1.213407025893312,23.705504374593005,up,down,down,up,0.000353100683803,-0.0100646949087561,3.8355326719342617,91.68373064751684,44.172
6.890000000000001,-0.2780736170504952,0.0846436427675926,1.222380154499279,23.786651186126875,up,down,down,up,0.000353100683803,-0.0100646949087561,3.8355326719342617,91.68373064751684,44.203
6.905999999999999,-0.2775788552418597,0.0305695123559192,1.2269864093961576,23.828424776366674,up,down,down,up,0.000353100683803,-0.0100646949087561,3.8355326719342617,91.68373064751684,44.219
6.936999999999998,-0.2793492097796815,0.0574613115812831,1.235930799946162,23.90915107245182,up,down,down,up,0.000353100683803,-0.0100646949087561,3.8355326719342617,91.68373064751684,44.25
6.952999999999996,-0.28046455464791187,0.07006215494821029,1.2405703451801227,23.95070758604176,up,down,down,up,0.000353100683803,-0.0100646949087561,3.8355326719342617,91.68373064751684,44.266
6.967999999999996,-0.28268985292314147,0.14870631903243392,1.244944973660537,23.989599211229475,up,down,down,up,0.000353100683803,-0.0100646949087561,3.8355326719342617,91.68373064751684,44.281
6.983999999999995,-0.2860283648476028,0.20901009596265901,1.2496557545212426,24.031010928154956,up,down,down,up,0.000353100683803,-0.0100646949087561,3.8355326719342617,91.68373064751684,44.297
7.015000000000001,-0.28225347881858026,0.1214174163814169,1.2587761286402417,24.111031746795945,up,down,down,up,0.000353100683803,-0.0100646949087561,3.8355326719342617,91.68373064751684,44.328
7.030999999999999,-0.2818409648072411,0.0254290250248952,1.2634499193077877,24.152222461163305,up,down,down,up,0.000353100683803,-0.0100646949087561,3.8355326719342617,91.68373064751684,44.344
7.046999999999997,-0.28145388197587456,0.0238395762766102,1.2681173132005927,24.193338446054184,up,down,down,up,0.000353100683803,-0.0100646949087561,3.8355326719342617,91.68373064751684,44.36
7.061999999999998,-0.28033095845763256,0.07450846719899061,1.2724816699274752,24.23181694375974,up,down,down,up,0.000353100683803,-0.0100646949087561,3.8355326719342617,91.68373064751684,44.375
7.077999999999996,-0.2805197065549124,0.012149856763789001,1.2771295103661156,24.27278857706834,up,down,down,up,0.000353100683803,-0.0100646949087561,3.8355326719342617,91.68373064751684,44.391
7.092999999999996,-0.28070144921392887,0.012469277951568701,1.2814896394580129,24.311131923523675,up,down,down,up,0.000353100683803,-0.0100646949087561,3.8355326719342617,91.68373064751684,44.406
7.108999999999995,-0.2793429875162748,0.0845507554195862,1.2861310300703939,24.351959480918396,up,down,down,up,0.000353100683803,-0.0100646949087561,3.8355326719342617,91.68373064751684,44.422
7.125,-0.2809590774799578,0.1013587234139573,1.2907744817089055,24.39271275957512,up,down,down,up,0.000353100683803,-0.0100646949087561,3.8355326719342617,91.68373064751684,44.438
7.140000000000001,-0.27869265280427596,0.1507418776949801,1.2951228401096686,24.4308515197405,up,down,down,up,0.000353100683803,-0.0100646949087561,3.8355326719342617,91.68373064751684,44.453
7.155999999999999,-0.2764970587866334,0.13687152541887318,1.2997253929209354,24.471461256627208,up,down,down,up,0.000353100683803,-0.0100646949087561,3.8355326719342617,91.68373064751684,44.469
7.171999999999997,-0.2753160333976546,0.07346098612737981,1.3043009327769495,24.511997568772557,up,down,down,up,0.000353100683803,-0.0100646949087561,3.8355326719342617,91.68373064751684,44.485
7.186999999999998,-0.2768041515826028,0.0995609796803463,1.3085928045879327,24.549933855821337,up,down,down,up,0.000353100683803,-0.0100646949087561,3.8355326719342617,91.68373064751684,44.5
7.202999999999996,-0.2782361053864389,0.08985021342356869,1.3131941617622247,24.59032808284148,up,down,down,up,0.000353100683803,-0.0100646949087561,3.8355326719342617,91.68373064751684,44.516
7.233999999999995,-0.27905760888704206,0.0268532136064869,1.3221442198756348,24.668381850756035,up,down,down,up,0.000353100683803,-0.0100646949087561,3.8355326719342617,91.68373064751684,44.547
7.25,-0.2750480196588719,0.2502462260767498,1.3267381000225438,24.70855931494782,up,down,down,up,0.000353100683803,-0.0100646949087561,3.8355326719342617,91.68373064751684,44.563
7.265000000000001,-0.2711016314118293,0.2627394491190217,1.3309851928292056,24.74615938033044,up,down,down,up,0.000353100683803,-0.0100646949087561,3.8355326719342617,91.68373064751684,44.578
7.280999999999999,-0.27143530059976767,0.0212074249299498,1.3354865234038376,24.786196129351538,up,down,down,up,0.000353100683803,-0.0100646949087561,3.8355326719342617,91.68373064751684,44.594
7.296999999999997,-0.27024162814749,0.0742514275835576,1.3399809739523558,24.82616091212364,up,down,down,up,0.000353100683803,-0.0100646949087561,3.8355326719342617,91.68373064751684,44.61
7.311999999999998,-0.2705676947371725,0.022090873329301,1.3441880142976217,24.863562634790767,up,down,down,up,0.000353100683803,-0.0100646949087561,3.8355326719342617,91.68373064751684,44.625
7.327999999999996,-0.2709258771338235,0.0227395004744913,1.3486809979911296,24.903388205443406,up,down,down,up,0.000353100683803,-0.0100646949087561,3.8355326719342617,91.68373064751684,44.641
7.342999999999996,-0.2719700052300738,0.0699616404338216,1.35290368753249,24.940659310380994,up,down,down,up,0.000353100683803,-0.0100646949087561,3.8355326719342617,91.68373064751684,44.656
7.358999999999995,-0.2741265994053208,0.1351402366367585,1.357433495488113,24.98034513566776,up,down,down,up,0.000353100683803,-0.0100646949087561,3.8355326719342617,91.68373064751684,44.672
7.375,-0.27622464423887827,0.1314809027811008,1.3619973405558081,25.019958211730383,up,down,down,up,0.000353100683803,-0.0100646949087561,3.8355326719342617,91.68373064751684,44.688
7.390000000000001,-0.2753643289772505,0.057001250091379796,1.3662852282785605,25.05702908254314,up,down,down,up,0.000353100683803,-0.0100646949087561,3.8355326719342617,91.68373064751684,44.703
7.405999999999999,-0.27492906981890997,0.026850596712483,1.3708486105874695,25.096500534583157,up,down,down,up,0.000353100683803,-0.0100646949087561,3.8355326719342617,91.68373064751684,44.719
7.421999999999997,-0.2769124655059017,0.1243153311207969,1.3754243779886077,25.135898873425475,up,down,down,up,0.000353100683803,-0.0100646949087561,3.8355326719342617,91.68373064751684,44.735
7.452999999999996,-0.2757987144462995,0.0355743528517534,1.3843034068200377,25.212024605590926,up,down,down,up,0.000353100683803,-0.0100646949087561,3.8355326719342617,91.68373064751684,44.766
7.467999999999996,-0.276489541265816,0.046408221984900404,1.3885965391615107,25.248760846075086,up,down,down,up,0.000353100683803,-0.0100646949087561,3.8355326719342617,91.68373064751684,44.781
7.5,-0.2772127040805632,0.0229519386446526,1.3977778453241338,25.326915901425195,up,down,down,up,0.000353100683803,-0.0100646949087561,3.8355326719342617,91.68373064751684,44.813
7.515000000000001,-0.27669781682720007,0.0339727162070708,1.4020831446545734,25.363449934079384,up,down,down,up,0.000353100683803,-0.0100646949087561,3.8355326719342617,91.68373064751684,44.828
7.546999999999997,-0.2766832041084762,0.0,1.4112593112266234,25.441173500287178,up,down,down,up,0.000353100683803,-0.0100646949087561,3.8355326719342617,91.68373064751684,44.86
7.561999999999998,-0.27725582143584226,0.038527589174877,1.4155648243418373,25.477505309349425,up,down,down,up,0.000353100683803,-0.0100646949087561,3.8355326719342617,91.68373064751684,44.875
7.577999999999996,-0.2778179568681658,0.035486565204027404,1.4201664496868087,25.51618798190816,up,down,down,up,0.000353100683803,-0.0100646949087561,3.8355326719342617,91.68373064751684,44.891
7.592999999999996,-0.2787116084149357,0.059929870468460905,1.4244913918500637,25.55238603817564,up,down,down,up,0.000353100683803,-0.0100646949087561,3.8355326719342617,91.68373064751684,44.906
7.608999999999995,-0.2799544063927577,0.078027974297687,1.4291217550870647,25.59092565575108,up,down,down,up,0.000353100683803,-0.0100646949087561,3.8355326719342617,91.68373064751684,44.922
7.625,-0.279817982849167,0.0,1.433760969319542,25.6293911167068,up,down,down,up,0.000353100683803,-0.0100646949087561,3.8355326719342617,91.68373064751684,44.938
7.640000000000001,-0.2797003972670371,0.0,1.438108327594045,25.665385087058965,up,down,down,up,0.000353100683803,-0.0100646949087561,3.8355326719342617,91.68373064751684,44.953
7.655999999999999,-0.28057543139468066,0.0550427336615314,1.442751569341878,25.703706730634423,up,down,down,up,0.000353100683803,-0.0100646949087561,3.8355326719342617,91.68373064751684,44.969
7.686999999999998,-0.28061538881430087,0.0,1.4517620325972889,25.77774328263432,up,down,down,up,0.000353100683803,-0.0100646949087561,3.8355326719342617,91.68373064751684,45.0
7.702999999999996,-0.2806786896480294,0.0,1.456413420343527,25.815846401761718,up,down,down,up,0.000353100683803,-0.0100646949087561,3.8355326719342617,91.68373064751684,45.016
7.717999999999996,-0.279285908352362,0.0924989856940157,1.4607641252521617,25.85150056024878,up,down,down,up,0.000353100683803,-0.0100646949087561,3.8355326719342617,91.68373064751684,45.031
7.733999999999995,-0.2806830342966507,0.087673472201853,1.465404911911894,25.8894597307024,up,down,down,up,0.000353100683803,-0.0100646949087561,3.8355326719342617,91.68373064751684,45.047
7.75,-0.28033956802082477,0.021113541555310502,1.4700541278489752,25.927344581135287,up,down,down,up,0.000353100683803,-0.0100646949087561,3.8355326719342617,91.68373064751684,45.063
7.765000000000001,-0.281312166512576,0.0651930001338833,1.4744174862816073,25.962794034108327,up,down,down,up,0.000353100683803,-0.0100646949087561,3.8355326719342617,91.68373064751684,45.078
7.780999999999999,-0.27940706568183776,0.1187157012373506,1.4790642752577017,26.000534702766956,up,down,down,up,0.000353100683803,-0.0100646949087561,3.8355326719342617,91.68373064751684,45.094
7.811999999999998,-0.2797843386666959,0.0125231969695493,1.4880437475672754,26.073446041243116,up,down,down,up,0.000353100683803,-0.0100646949087561,3.8355326719342617,91.68373064751684,45.125
7.842999999999996,-0.2795986206710577,0.0,1.4970261889791816,26.14607897005662,up,down,down,up,0.000353100683803,-0.0100646949087561,3.8355326719342617,91.68373064751684,45.156
7.858999999999995,-0.27922902861455867,0.0227464028473871,1.5016578452920055,26.183458020533408,up,down,down,up,0.000353100683803,-0.0100646949087561,3.8355326719342617,91.68373064751684,45.172
7.875,-0.27746803130214737,0.1097092313418668,1.506272456889881,26.220763100866904,up,down,down,up,0.000353100683803,-0.0100646949087561,3.8355326719342617,91.68373064751684,45.188
7.890000000000001,-0.2757540681639235,0.11391110853112041,1.510572593059508,26.255669753071302,up,down,down,up,0.000353100683803,-0.0100646949087561,3.8355326719342617,91.68373064751684,45.203
7.905999999999999,-0.2769758949305974,0.07671727360093189,1.5151554678828036,26.292832451334704,up,down,down,up,0.000353100683803,-0.0100646949087561,3.8355326719342617,91.68373064751684,45.219
7.921999999999997,-0.2769233367074051,0.0,1.5197476968544472,26.329921748767745,up,down,down,up,0.000353100683803,-0.0100646949087561,3.8355326719342617,91.68373064751684,45.235
7.952999999999996,-0.27668795237854127,0.0,1.52864067737745,26.401573241797124,up,down,down,up,0.000353100683803,-0.0100646949087561,3.8355326719342617,91.68373064751684,45.266
7.967999999999996,-0.2765054794078186,0.0118117640310441,1.5329405985394797,26.436144372306742,up,down,down,up,0.000353100683803,-0.0100646949087561,3.8355326719342617,91.68373064751684,45.281
7.983999999999995,-0.2780499585126819,0.0968830447377716,1.5375380771613831,26.472949065652088,up,down,down,up,0.000353100683803,-0.0100646949087561,3.8355326719342617,91.68373064751684,45.297
8.0,-0.2769891690219329,0.06594624248799101,1.5421394253002019,26.50968016838334,up,down,down,up,0.000353100683803,-0.0100646949087561,3.8355326719342617,91.68373064751684,45.313
8.015,-0.2759347531609429,0.0699412900488594,1.546437325140205,26.544048832834036,up,down,down,up,0.000353100683803,-0.0100646949087561,3.8355326719342617,91.68373064751684,45.328
8.030999999999999,-0.2754110884085624,0.0323759463399834,1.5510091269913007,26.580637783967944,up,down,down,up,0.000353100683803,-0.0100646949087561,3.8355326719342617,91.68373064751684,45.344
8.061999999999998,-0.2750594008258549,0.010991660048695,1.5598534251166054,26.651320927240235,up,down,down,up,0.000353100683803,-0.0100646949087561,3.8355326719342617,91.68373064751684,45.375
8.077999999999996,-0.2747153926723645,0.021147408909352402,1.5644126585831306,26.687695321321584,up,down,down,up,0.000353100683803,-0.0100646949087561,3.8355326719342617,91.68373064751684,45.391
8.092999999999996,-0.275973771288248,0.0842450084093675,1.5686937977364668,26.7217300129782,up,down,down,up,0.000353100683803,-0.0100646949087561,3.8355326719342617,91.68373064751684,45.406
8.108999999999995,-0.2771007307030065,0.0707880641062162,1.5732794288709364,26.757962749916274,up,down,down,up,0.000353100683803,-0.0100646949087561,3.8355326719342617,91.68373064751684,45.422
8.125,-0.27887900144440897,0.11149502202141989,1.5778883018466572,26.794121930821504,up,down,down,up,0.000353100683803,-0.0100646949087561,3.8355326719342617,91.68373064751684,45.438
8.155999999999999,-0.2792438945080314,0.0121238446716233,1.5868512122760912,26.863969981182564,up,down,down,up,0.000353100683803,-0.0100646949087561,3.8355326719342617,91.68373064751684,45.469
8.171999999999997,-0.2796571442944434,0.0261812123345555,1.5914834557050503,26.89991182658966,up,down,down,up,0.000353100683803,-0.0100646949087561,3.8355326719342617,91.68373064751684,45.485
8.186999999999998,-0.2800174360844654,0.0243725533519394,1.5958319854815235,26.933539950859767,up,down,down,up,0.000353100683803,-0.0100646949087561,3.8355326719342617,91.68373064751684,45.5
8.202999999999996,-0.2790818217761704,0.058122793584642694,1.600465814662948,26.969338091209565,up,down,down,up,0.000353100683803,-0.0100646949087561,3.8355326719342617,91.68373064751684,45.516
8.217999999999996,-0.281238863716661,0.14415589671650422,1.6048191902277757,27.002831443751887,up,down,down,up,0.000353100683803,-0.0100646949087561,3.8355326719342617,91.68373064751684,45.531
8.233999999999995,-0.2833790337766775,0.1341137294348517,1.6094971685262616,27.038485435632808,up,down,down,up,0.000353100683803,-0.0100646949087561,3.8355326719342617,91.68373064751684,45.547
8.25,-0.28392649572896117,0.0345694727015173,1.6141966478808487,27.074064407852504,up,down,down,up,0.000353100683803,-0.0100646949087561,3.8355326719342617,91.68373064751684,45.563
8.280999999999999,-0.2849357061040135,0.0329082740725882,1.623326017551431,27.14278431936826,up,down,down,up,0.000353100683803,-0.0100646949087561,3.8355326719342617,91.68373064751684,45.594
8.296999999999997,-0.28612895077650796,0.07493089271471659,1.628055569925015,27.1781417894194,up,down,down,up,0.000353100683803,-0.0100646949087561,3.8355326719342617,91.68373064751684,45.61
8.311999999999998,-0.28524443873659777,0.058614368643536995,1.6324918407699949,27.211220673918206,up,down,down,up,0.000353100683803,-0.0100646949087561,3.8355326719342617,91.68373064751684,45.625
8.327999999999996,-0.284392933433681,0.0528659807485014,1.6372099748658968,27.246431582144083,up,down,down,up,0.000353100683803,-0.0100646949087561,3.8355326719342617,91.68373064751684,45.641
8.342999999999996,-0.2858882093009126,0.1000381584992343,1.6416380538600377,27.27937321200764,up,down,down,up,0.000353100683803,-0.0100646949087561,3.8355326719342617,91.68373064751684,45.656
8.358999999999995,-0.2839075398986229,0.1234387369593163,1.6463574549721733,27.314437770687917,up,down,down,up,0.000353100683803,-0.0100646949087561,3.8355326719342617,91.68373064751684,45.672
8.39,-0.28325244953663287,0.0207788464771595,1.655460440350593,27.3821611061404,up,down,down,up,0.000353100683803,-0.0100646949087561,3.8355326719342617,91.68373064751684,45.703
8.405999999999999,-0.2826683583125718,0.036152600820020496,1.660148841931926,27.417004754633084,up,down,down,up,0.000353100683803,-0.0100646949087561,3.8355326719342617,91.68373064751684,45.719
8.421999999999997,-0.2828553227487039,0.0120383779420596,1.664834066498956,27.4517734141166,up,down,down,up,0.000353100683803,-0.0100646949087561,3.8355326719342617,91.68373064751684,45.735
8.436999999999998,-0.2830255836032532,0.0117038243204224,1.6692291437202273,27.484300930118962,up,down,down,up,0.000353100683803,-0.0100646949087561,3.8355326719342617,91.68373064751684,45.75
8.452999999999996,-0.2831787981131413,0.0,1.6739198138924976,27.518924261208994,up,down,down,up,0.000353100683803,-0.0100646949087561,3.8355326719342617,91.68373064751684,45.766
8.467999999999996,-0.28300488070722096,0.011241393044217899,1.6783171619072816,27.551315473969524,up,down,down,up,0.000353100683803,-0.0100646949087561,3.8355326719342617,91.68373064751684,45.781
8.483999999999995,-0.2828413971311381,0.0,1.6830049672485283,27.58579341968722,up,down,down,up,0.000353100683803,-0.0100646949087561,3.8355326719342617,91.68373064751684,45.797
8.5,-0.28222694968853906,0.038049864478626995,1.6876865491416275,27.62019641030706,up,down,down,up,0.000353100683803,-0.0100646949087561,3.8355326719342617,91.68373064751684,45.813
8.530999999999999,-0.2824566939079372,0.0,1.696751151159544,27.686639138782354,up,down,down,up,0.000353100683803,-0.0100646949087561,3.8355326719342617,91.68373064751684,45.844
8.546999999999997,-0.280891873866997,0.0974481518749679,1.701418974820283,27.720822300525455,up,down,down,up,0.000353100683803,-0.0100646949087561,3.8355326719342617,91.68373064751684,45.86
8.561999999999998,-0.2816488498294501,0.050818164847338004,1.7057890006716376,27.75280123078828,up,down,down,up,0.000353100683803,-0.0100646949087561,3.8355326719342617,91.68373064751684,45.875
8.577999999999996,-0.28278256919869627,0.0712105612616996,1.710465487142403,27.786839717636724,up,down,down,up,0.000353100683803,-0.0100646949087561,3.8355326719342617,91.68373064751684,45.891
8.608999999999995,-0.2838546062147014,0.0349349399097756,1.7195603689034815,27.852575829697955,up,down,down,up,0.000353100683803,-0.0100646949087561,3.8355326719342617,91.68373064751684,45.922
8.625,-0.2845902065480282,0.04632812151671,1.7242689625241252,27.886393717797475,up,down,down,up,0.000353100683803,-0.0100646949087561,3.8355326719342617,91.68373064751684,45.938
8.64,-0.2851515803183311,0.037778018703999106,1.7286929963492543,27.91802949318496,up,down,down,up,0.000353100683803,-0.0100646949087561,3.8355326719342617,91.68373064751684,45.953
8.655999999999999,-0.2856659555554924,0.0325015530063844,1.7334205717547846,27.951701107391088,up,down,down,up,0.000353100683803,-0.0100646949087561,3.8355326719342617,91.68373064751684,45.969
8.671999999999997,-0.2844121075297501,0.0780124009250958,1.738142231378006,27.98529712771696,up,down,down,up,0.000353100683803,-0.0100646949087561,3.8355326719342617,91.68373064751684,45.985
8.686999999999998,-0.281206558125847,0.2133501929097331,1.7425353417940546,28.016725035997183,up,down,down,up,0.000353100683803,-0.0100646949087561,3.8355326719342617,91.68373064751684,46.0
8.717999999999996,-0.27804371245407467,0.1016741790507904,1.7515157265302146,28.081468757268127,up,down,down,up,0.000353100683803,-0.0100646949087561,3.8355326719342617,91.68373064751684,46.031
8.733999999999995,-0.2774814430190507,0.034788739005202095,1.7561209628925392,28.114776186503676,up,down,down,up,0.000353100683803,-0.0100646949087561,3.8355326719342617,91.68373064751684,46.047
8.75,-0.2787209674162892,0.0778233755111841,1.7607316172945637,28.148009888613117,up,down,down,up,0.000353100683803,-0.0100646949087561,3.8355326719342617,91.68373064751684,46.063
8.765,-0.2798859434457271,0.07801816931299209,1.7650721395496607,28.1790993505158,up,down,down,up,0.000353100683803,-0.0100646949087561,3.8355326719342617,91.68373064751684,46.078
8.796999999999997,-0.2794144847355647,0.0143799840087739,1.7743430166376402,28.245205753518704,up,down,down,up,0.000353100683803,-0.0100646949087561,3.8355326719342617,91.68373064751684,46.11
8.811999999999998,-0.2797230016851078,0.020920897320012,1.7786875182094266,28.276091014586356,up,down,down,up,0.000353100683803,-0.0100646949087561,3.8355326719342617,91.68373064751684,46.125
8.842999999999996,-0.27903573551700767,0.021816775706523902,1.7876602841782305,28.339714136479316,up,down,down,up,0.000353100683803,-0.0100646949087561,3.8355326719342617,91.68373064751684,46.156
8.858999999999995,-0.2794482974222561,0.026138219761831397,1.7922891915602843,28.372443063424356,up,down,down,up,0.000353100683803,-0.0100646949087561,3.8355326719342617,91.68373064751684,46.172
8.875,-0.2798758635353949,0.0270759827549669,1.7969248199664873,28.405097874083097,up,down,down,up,0.000353100683803,-0.0100646949087561,3.8355326719342617,91.68373064751684,46.188
8.89,-0.2811847191867099,0.0876101441047996,1.8012837447605348,28.435644299926665,up,down,down,up,0.000353100683803,-0.0100646949087561,3.8355326719342617,91.68373064751684,46.203
8.921999999999997,-0.2819178317423337,0.023262868047049398,1.8106154558124787,28.500590958219405,up,down,down,up,0.000353100683803,-0.0100646949087561,3.8355326719342617,91.68373064751684,46.235
8.936999999999998,-0.2817260829470847,0.0124301523327944,1.814993755596281,28.530931879212844,up,down,down,up,0.000353100683803,-0.0100646949087561,3.8355326719342617,91.68373064751684,46.25
8.952999999999996,-0.27972707857627377,0.1245846724918925,1.819646416007008,28.56322328059096,up,down,down,up,0.000353100683803,-0.0100646949087561,3.8355326719342617,91.68373064751684,46.266
8.967999999999996,-0.2777910775188577,0.1287136364772649,1.8239787726013548,28.593429081755417,up,down,down,up,0.000353100683803,-0.0100646949087561,3.8355326719342617,91.68373064751684,46.281
8.983999999999995,-0.2777138332433183,0.0,1.8285838470059939,28.625577103549503,up,down,down,up,0.000353100683803,-0.0100646949087561,3.8355326719342617,91.68373064751684,46.297
9.0,-0.279477486609606,0.1105814360767473,1.8332024126833608,28.65765133622294,up,down,down,up,0.000353100683803,-0.0100646949087561,3.8355326719342617,91.68373064751684,46.313
9.015,-0.2798997152124745,0.0285016742083724,1.8375487121206588,28.687653692865922,up,down,down,up,0.000353100683803,-0.0100646949087561,3.8355326719342617,91.68373064751684,46.328
9.046999999999997,-0.2803337860604085,0.013917814681742201,1.8468345183781045,28.751440606679836,up,down,down,up,0.000353100683803,-0.0100646949087561,3.8355326719342617,91.68373064751684,46.36
9.061999999999998,-0.2795913382169122,0.0491434222159489,1.8511849272338157,28.78123845091676,up,down,down,up,0.000353100683803,-0.0100646949087561,3.8355326719342617,91.68373064751684,46.375
9.077999999999996,-0.2788613015441595,0.0452741913632477,1.8558135834704441,28.812950985582077,up,down,down,up,0.000353100683803,-0.0100646949087561,3.8355326719342617,91.68373064751684,46.391
9.092999999999996,-0.2791415331316199,0.0190352065144941,1.8601495751541437,28.842614251971398,up,down,down,up,0.000353100683803,-0.0100646949087561,3.8355326719342617,91.68373064751684,46.406
9.125,-0.28019215717507967,0.033185102041917804,1.869420984436132,28.905678168519884,up,down,down,up,0.000353100683803,-0.0100646949087561,3.8355326719342617,91.68373064751684,46.438
9.14,-0.2806720573539377,0.0323464459410029,1.8737784364687313,28.935137162942098,up,down,down,up,0.000353100683803,-0.0100646949087561,3.8355326719342617,91.68373064751684,46.453
9.155999999999999,-0.280268297502925,0.024881890004494003,1.8784269944261258,28.966488042245885,up,down,down,up,0.000353100683803,-0.0100646949087561,3.8355326719342617,91.68373064751684,46.469
9.171999999999997,-0.2799927150388104,0.0168708033233564,1.8830701176449993,28.997764588100267,up,down,down,up,0.000353100683803,-0.0100646949087561,3.8355326719342617,91.68373064751684,46.485
9.186999999999998,-0.2796906010527263,0.0197878317218063,1.887418712939317,29.02701891194988,up,down,down,up,0.000353100683803,-0.0100646949087561,3.8355326719342617,91.68373064751684,46.5
9.202999999999996,-0.2798218829661839,0.0,1.892055847930008,29.058151638213886,up,down,down,up,0.000353100683803,-0.0100646949087561,3.8355326719342617,91.68373064751684,46.516
9.217999999999996,-0.2813695292270016,0.10352951807164669,1.8964157539450885,29.087271091278836,up,down,down,up,0.000353100683803,-0.0100646949087561,3.8355326719342617,91.68373064751684,46.531
9.233999999999995,-0.28286676311127756,0.093930218451065,1.9010906794023337,29.118259562562997,up,down,down,up,0.000353100683803,-0.0100646949087561,3.8355326719342617,91.68373064751684,46.547
9.25,-0.2816976636678259,0.072715614531902,1.9057682299351086,29.149173214039237,up,down,down,up,0.000353100683803,-0.0100646949087561,3.8355326719342617,91.68373064751684,46.563
9.265,-0.28249227858290027,0.053327428355426004,1.9101506249256208,29.178086812706795,up,down,down,up,0.000353100683803,-0.0100646949087561,3.8355326719342617,91.68373064751684,46.578
9.280999999999999,-0.2833683313704292,0.0551063999043647,1.9148385449237868,29.208855422098964,up,down,down,up,0.000353100683803,-0.0100646949087561,3.8355326719342617,91.68373064751684,46.594
9.311999999999998,-0.2829659491412518,0.0126269712251469,1.923928731813889,29.268256042139484,up,down,down,up,0.000353100683803,-0.0100646949087561,3.8355326719342617,91.68373064751684,46.625
9.327999999999996,-0.2833614915912826,0.0250745038107317,1.9286203864582887,29.298804171944255,up,down,down,up,0.000353100683803,-0.0100646949087561,3.8355326719342617,91.68373064751684,46.641
9.342999999999996,-0.2834522262857231,0.0,1.9330224597659977,29.327374840676583,up,down,down,up,0.000353100683803,-0.0100646949087561,3.8355326719342617,91.68373064751684,46.656
9.375,-0.2836699817549544,0.0,1.9424184853317297,29.38810483105692,up,down,down,up,0.000353100683803,-0.0100646949087561,3.8355326719342617,91.68373064751684,46.688
9.39,-0.2829774286904581,0.045817103615950996,1.9468193113337018,29.41646853766096,up,down,down,up,0.000353100683803,-0.0100646949087561,3.8355326719342617,91.68373064751684,46.703
9.421999999999997,-0.28132918578465477,0.0511544901225571,1.956170287402383,29.476757749583058,up,down,down,up,0.000353100683803,-0.0100646949087561,3.8355326719342617,91.68373064751684,46.735
9.436999999999998,-0.2810046452591238,0.0212829343515956,1.9605387615588428,29.504915421794863,up,down,down,up,0.000353100683803,-0.0100646949087561,3.8355326719342617,91.68373064751684,46.75
9.452999999999996,-0.2807052001865298,0.0183622163533203,1.9651934754409477,29.534878086649798,up,down,down,up,0.000353100683803,-0.0100646949087561,3.8355326719342617,91.68373064751684,46.766
9.483999999999995,-0.2816709006163123,0.0315047274509816,1.9742223105455627,29.592718654796982,up,down,down,up,0.000353100683803,-0.0100646949087561,3.8355326719342617,91.68373064751684,46.797
9.5,-0.2801320758800064,0.095823445335287,1.9788777694760749,29.622462376907762,up,down,down,up,0.000353100683803,-0.0100646949087561,3.8355326719342617,91.68373064751684,46.813
9.515,-0.2787113124644609,0.0943644603525549,1.9832200653122898,29.650279633225864,up,down,down,up,0.000353100683803,-0.0100646949087561,3.8355326719342617,91.68373064751684,46.828
9.530999999999999,-0.28050418451745257,0.112407603995791,1.9878548244066847,29.679879556859063,up,down,down,up,0.000353100683803,-0.0100646949087561,3.8355326719342617,91.68373064751684,46.844
9.561999999999998,-0.2809024734146366,0.0132011296252252,1.9968686331468029,29.73701785609694,up,down,down,up,0.000353100683803,-0.0100646949087561,3.8355326719342617,91.68373064751684,46.875
9.577999999999996,-0.2797084841275162,0.074271229761233,2.00151455592568,29.7663993133353,up,down,down,up,0.000353100683803,-0.0100646949087561,3.8355326719342617,91.68373064751684,46.891
9.592999999999996,-0.2784905523068613,0.0808423540265194,2.0058520191225693,29.793877054101458,up,down,down,up,0.000353100683803,-0.0100646949087561,3.8355326719342617,91.68373064751684,46.906
9.625,-0.2781789903727745,0.0,2.015080802042525,29.852279174464726,up,down,down,up,0.000353100683803,-0.0100646949087561,3.8355326719342617,91.68373064751684,46.938
9.64,-0.2790352610993292,0.057437815787447305,2.019410879352197,29.879553476933268,up,down,down,up,0.000353100683803,-0.0100646949087561,3.8355326719342617,91.68373064751684,46.953
9.655999999999999,-0.27855803283747177,0.0294736656822925,2.0240326608222308,29.908574451362824,up,down,down,up,0.000353100683803,-0.0100646949087561,3.8355326719342617,91.68373064751684,46.969
9.671999999999997,-0.27812724584565457,0.0265710863047749,2.0286471781702353,29.937521535401842,up,down,down,up,0.000353100683803,-0.0100646949087561,3.8355326719342617,91.68373064751684,46.985
9.686999999999998,-0.27740323506867,0.0479142844485008,2.0329646272007245,29.964592436940563,up,down,down,up,0.000353100683803,-0.0100646949087561,3.8355326719342617,91.68373064751684,47.0
9.717999999999996,-0.27948977311783096,0.0676607796890002,2.0419084743697864,30.02033341669616,up,down,down,up,0.000353100683803,-0.0100646949087561,3.8355326719342617,91.68373064751684,47.031
9.75,-0.279536419971123,0.0,2.051174963696291,30.07758112718902,up,down,down,up,0.000353100683803,-0.0100646949087561,3.8355326719342617,91.68373064751684,47.063
9.765,-0.28015369221988357,0.0415045839345023,2.055523609961355,30.104313877965595,up,down,down,up,0.000353100683803,-0.0100646949087561,3.8355326719342617,91.68373064751684,47.078
9.780999999999999,-0.2807943394268655,0.040393551120181205,2.0601722293330686,30.132756834002194,up,down,down,up,0.000353100683803,-0.0100646949087561,3.8355326719342617,91.68373064751684,47.094
9.796999999999997,-0.2806730003921132,0.0,2.06482500317016,30.161125378893118,up,down,down,up,0.000353100683803,-0.0100646949087561,3.8355326719342617,91.68373064751684,47.11
9.811999999999998,-0.281722884099068,0.0703453478141204,2.069193942727475,30.1876532268779,up,down,down,up,0.000353100683803,-0.0100646949087561,3.8355326719342617,91.68373064751684,47.125
9.827999999999996,-0.2809276366716418,0.049349863530340196,2.0738561820121806,30.215877348630926,up,down,down,up,0.000353100683803,-0.0100646949087561,3.8355326719342617,91.68373064751684,47.141
9.842999999999996,-0.28024209067430667,0.0453499658052065,2.078215925390907,30.2422697979044,up,down,down,up,0.000353100683803,-0.0100646949087561,3.8355326719342617,91.68373064751684,47.156
9.858999999999995,-0.281490452216783,0.0783756970885814,2.082870820852575,30.2703496266854,up,down,down,up,0.000353100683803,-0.0100646949087561,3.8355326719342617,91.68373064751684,47.172
9.875,-0.2826756011641969,0.0744249098971501,2.0875451843981647,30.298354821394355,up,down,down,up,0.000353100683803,-0.0100646949087561,3.8355326719342617,91.68373064751684,47.188
9.905999999999999,-0.2826023099885245,0.0,2.096618997563203,30.352401789403928,up,down,down,up,0.000353100683803,-0.0100646949087561,3.8355326719342617,91.68373064751684,47.219
9.921999999999997,-0.2839852011528592,0.0867837984547353,2.101312732770874,30.3801868583122,up,down,down,up,0.000353100683803,-0.0100646949087561,3.8355326719342617,91.68373064751684,47.235
9.936999999999998,-0.2844135633800527,0.028910582496698298,2.105726693928502,30.40616705269096,up,down,down,up,0.000353100683803,-0.0100646949087561,3.8355326719342617,91.68373064751684,47.25
9.952999999999996,-0.2840969829903682,0.0194331736714815,2.110435813418005,30.433806275383162,up,down,down,up,0.000353100683803,-0.0100646949087561,3.8355326719342617,91.68373064751684,47.266
9.967999999999996,-0.2841473081680324,0.0,2.1148486160253244,30.459649632241337,up,down,down,up,0.000353100683803,-0.0100646949087561,3.8355326719342617,91.68373064751684,47.281
10.0,-0.2841955289451708,0.0,2.1242641716562174,30.51456087314034,up,down,down,up,0.000353100683803,-0.0100646949087561,3.8355326719342617,91.68373064751684,47.313
10.015,-0.2845272077871801,0.022465023484425698,2.128680562605341,30.540196777712396,up,down,down,up,0.000353100683803,-0.0100646949087561,3.8355326719342617,91.68373064751684,47.328
10.030999999999999,-0.28372343035284686,0.0498829889620301,2.133387602829001,30.567468755139885,up,down,down,up,0.000353100683803,-0.0100646949087561,3.8355326719342617,91.68373064751684,47.344
10.046999999999997,-0.2829681820126773,0.0468499205768022,2.138082170846465,30.594665519701394,up,down,down,up,0.000353100683803,-0.0100646949087561,3.8355326719342617,91.68373064751684,47.36
10.061999999999998,-0.2823086828492638,0.043613510210425796,2.1424727177565606,30.6200943481159,up,down,down,up,0.000353100683803,-0.0100646949087561,3.8355326719342617,91.68373064751684,47.375
10.077999999999996,-0.2826018485937585,0.018675959714722,2.1471530371266443,30.647145864827777,up,down,down,up,0.000353100683803,-0.0100646949087561,3.8355326719342617,91.68373064751684,47.391
10.092999999999996,-0.2815651171489506,0.0687623289700523,2.1515352597933464,30.672438692679876,up,down,down,up,0.000353100683803,-0.0100646949087561,3.8355326719342617,91.68373064751684,47.406
10.108999999999995,-0.2805722042546144,0.061703955212218095,2.1561933934831146,30.69934538620464,up,down,down,up,0.000353100683803,-0.0100646949087561,3.8355326719342617,91.68373064751684,47.422
10.125,-0.2797236731222786,0.0526800950871699,2.1608367956206713,30.726177667442755,up,down,down,up,0.000353100683803,-0.0100646949087561,3.8355326719342617,91.68373064751684,47.438
10.155999999999999,-0.2788994052702396,0.0262361848658408,2.1698074588779264,30.777954194328004,up,down,down,up,0.000353100683803,-0.0100646949087561,3.8355326719342617,91.68373064751684,47.469
10.171999999999997,-0.27925608355840487,0.0226454936941312,2.174433737907095,30.804568787504635,up,down,down,up,0.000353100683803,-0.0100646949087561,3.8355326719342617,91.68373064751684,47.485
10.186999999999998,-0.27990242136747057,0.0434422879548517,2.1787783971176706,30.82945268657096,up,down,down,up,0.000353100683803,-0.0100646949087561,3.8355326719342617,91.68373064751684,47.5
10.202999999999996,-0.2805078857880084,0.0381946269674178,2.183422714693454,30.855923600427445,up,down,down,up,0.000353100683803,-0.0100646949087561,3.8355326719342617,91.68373064751684,47.516
10.217999999999996,-0.2795450379351881,0.0638367561708814,2.187774082045009,30.880672614530923,up,down,down,up,0.000353100683803,-0.0100646949087561,3.8355326719342617,91.68373064751684,47.531
10.233999999999995,-0.2792161242615752,0.0202040039170038,2.192405206461123,30.906999702973806,up,down,down,up,0.000353100683803,-0.0100646949087561,3.8355326719342617,91.68373064751684,47.547
10.25,-0.28182705014209297,0.16353596821611172,2.197054586974894,30.93325254737728,up,down,down,up,0.000353100683803,-0.0100646949087561,3.8355326719342617,91.68373064751684,47.563
10.265,-0.2844077283778131,0.17239831639846692,2.2014523182374246,30.957796735667202,up,down,down,up,0.000353100683803,-0.0100646949087561,3.8355326719342617,91.68373064751684,47.578
10.280999999999999,-0.2845654925189756,0.0102133595064622,2.2061651391231387,30.983904318759258,up,down,down,up,0.000353100683803,-0.0100646949087561,3.8355326719342617,91.68373064751684,47.594
10.296999999999997,-0.2847217205696886,0.010117353853368101,2.2108804719463877,31.009936476621647,up,down,down,up,0.000353100683803,-0.0100646949087561,3.8355326719342617,91.68373064751684,47.61
10.327999999999996,-0.2841085311141232,0.019427204334437502,2.220009346389658,31.060159197267396,up,down,down,up,0.000353100683803,-0.0100646949087561,3.8355326719342617,91.68373064751684,47.641
10.358999999999995,-0.2848005588942204,0.022676577461134398,2.229139442826958,31.110098903864497,up,down,down,up,0.000353100683803,-0.0100646949087561,3.8355326719342617,91.68373064751684,47.672
10.375,-0.2854155639721104,0.038790918051910005,2.233862206928431,31.135763413417408,up,down,down,up,0.000353100683803,-0.0100646949087561,3.8355326719342617,91.68373064751684,47.688
10.39,-0.2853378240708953,0.0,2.238293827762385,31.15975523323624,up,down,down,up,0.000353100683803,-0.0100646949087561,3.8355326719342617,91.68373064751684,47.703
10.405999999999999,-0.28464836029541196,0.0427383852839073,2.243014752355855,31.185273287346234,up,down,down,up,0.000353100683803,-0.0100646949087561,3.8355326719342617,91.68373064751684,47.719
10.421999999999997,-0.2839553665073069,0.0429590110727677,2.2477246172888163,31.21071589514004,up,down,down,up,0.000353100683803,-0.0100646949087561,3.8355326719342617,91.68373064751684,47.735
10.436999999999998,-0.2841165263432171,0.011097089744478601,2.2521361269088267,31.234499929637565,up,down,down,up,0.000353100683803,-0.0100646949087561,3.8355326719342617,91.68373064751684,47.75
10.452999999999996,-0.2856674852021524,0.0972880293672701,2.2568554341197293,31.259796519900277,up,down,down,up,0.000353100683803,-0.0100646949087561,3.8355326719342617,91.68373064751684,47.766
10.483999999999995,-0.2872575860367786,0.051646675994327006,2.266047778266104,31.308593032938262,up,down,down,up,0.000353100683803,-0.0100646949087561,3.8355326719342617,91.68373064751684,47.797
10.5,-0.2854946146044526,0.10983261383653231,2.2707908309897755,31.333666846815177,up,down,down,up,0.000353100683803,-0.0100646949087561,3.8355326719342617,91.68373064751684,47.813
10.515,-0.28629642764068036,0.0538073030989828,2.2752302342302455,31.357104678905046,up,down,down,up,0.000353100683803,-0.0100646949087561,3.8355326719342617,91.68373064751684,47.828
10.530999999999999,-0.2889030033055438,0.163264079737786,2.2799928647963545,31.382031416863782,up,down,down,up,0.000353100683803,-0.0100646949087561,3.8355326719342617,91.68373064751684,47.844
10.546999999999997,-0.28914991695773656,0.0157852039458521,2.2847783232770005,31.40688177011016,up,down,down,up,0.000353100683803,-0.0100646949087561,3.8355326719342617,91.68373064751684,47.86
10.561999999999998,-0.2888238950148665,0.021381695507530402,2.2892640972904266,31.430109442034905,up,down,down,up,0.000353100683803,-0.0100646949087561,3.8355326719342617,91.68373064751684,47.875
10.592999999999996,-0.2885546046539425,0.0,2.298525469577464,31.47790021657842,up,down,down,up,0.000353100683803,-0.0100646949087561,3.8355326719342617,91.68373064751684,47.906
10.608999999999995,-0.2865488094032927,0.12500910248182398,2.3032873320084617,31.502454236916677,up,down,down,up,0.000353100683803,-0.0100646949087561,3.8355326719342617,91.68373064751684,47.922
10.625,-0.2873453736161853,0.0501383639895768,2.3080395205911595,31.52693214484684,up,down,down,up,0.000353100683803,-0.0100646949087561,3.8355326719342617,91.68373064751684,47.938
10.64,-0.28651769006088657,0.054825803002776195,2.312494463992369,31.549811130041476,up,down,down,up,0.000353100683803,-0.0100646949087561,3.8355326719342617,91.68373064751684,47.953
10.655999999999999,-0.2863412493720876,0.0106744423661333,2.317238370626372,31.574141790115476,up,down,down,up,0.000353100683803,-0.0100646949087561,3.8355326719342617,91.68373064751684,47.969
10.686999999999998,-0.2862052770877366,0.0,2.3264248473286706,31.621066523067114,up,down,down,up,0.000353100683803,-0.0100646949087561,3.8355326719342617,91.68373064751684,48.0
10.702999999999996,-0.2870138225013932,0.0508871890373462,2.331171635243923,31.64517427395748,up,down,down,up,0.000353100683803,-0.0100646949087561,3.8355326719342617,91.68373064751684,48.016
10.717999999999996,-0.2878663804122148,0.057190294738575204,2.3356342071894067,31.667706220218264,up,down,down,up,0.000353100683803,-0.0100646949087561,3.8355326719342617,91.68373064751684,48.031
10.733999999999995,-0.2879852942325343,0.0,2.3404020557051046,31.69166645286606,up,down,down,up,0.000353100683803,-0.0100646949087561,3.8355326719342617,91.68373064751684,48.047
10.75,-0.2881465904861713,0.0104341165361142,2.3451721459013957,31.715550382004167,up,down,down,up,0.000353100683803,-0.0100646949087561,3.8355326719342617,91.68373064751684,48.063
10.765,-0.28968766220065056,0.1030912149824163,2.3496568732201784,31.737872154439756,up,down,down,up,0.000353100683803,-0.0100646949087561,3.8355326719342617,91.68373064751684,48.078
10.780999999999999,-0.28955258123248667,0.0,2.354451830286183,31.761607807562683,up,down,down,up,0.000353100683803,-0.0100646949087561,3.8355326719342617,91.68373064751684,48.094
10.796999999999997,-0.289439476849589,0.0,2.3592448018693792,31.785266757256366,up,down,down,up,0.000353100683803,-0.0100646949087561,3.8355326719342617,91.68373064751684,48.11
10.811999999999998,-0.2912952512608964,0.1240713947709626,2.3637512827538396,31.807377276700706,up,down,down,up,0.000353100683803,-0.0100646949087561,3.8355326719342617,91.68373064751684,48.125
10.827999999999996,-0.2924681123129194,0.0736569164352464,2.3685824247809695,31.83088712979138,up,down,down,up,0.000353100683803,-0.0100646949087561,3.8355326719342617,91.68373064751684,48.141
10.842999999999996,-0.2936593228589857,0.07976713708821999,2.37312935096839,31.852857281552275,up,down,down,up,0.000353100683803,-0.0100646949087561,3.8355326719342617,91.68373064751684,48.156
10.858999999999995,-0.29462691669695756,0.060827715557050105,2.3779966760033773,31.876216796087448,up,down,down,up,0.000353100683803,-0.0100646949087561,3.8355326719342617,91.68373064751684,48.172
10.89,-0.2952173639213705,0.0193997853422808,2.3874512678951345,31.921253865786994,up,down,down,up,0.000353100683803,-0.0100646949087561,3.8355326719342617,91.68373064751684,48.203
10.905999999999999,-0.2958337036769887,0.0388743354099482,2.3923407115544606,31.94438405270236,up,down,down,up,0.000353100683803,-0.0100646949087561,3.8355326719342617,91.68373064751684,48.219
10.921999999999997,-0.29526692494908957,0.0350705698098958,2.397230551702009,31.96743600534724,up,down,down,up,0.000353100683803,-0.0100646949087561,3.8355326719342617,91.68373064751684,48.235
10.936999999999998,-0.294446053022881,0.0543716943967689,2.4018043694604305,31.98897623351752,up,down,down,up,0.000353100683803,-0.0100646949087561,3.8355326719342617,91.68373064751684,48.25
10.952999999999996,-0.29364949820543457,0.0494315754066055,2.4066701689887964,32.01187695996089,up,down,down,up,0.000353100683803,-0.0100646949087561,3.8355326719342617,91.68373064751684,48.266
10.967999999999996,-0.2932763203194675,0.024525425047331,2.4112230830513646,32.03327575064961,up,down,down,up,0.000353100683803,-0.0100646949087561,3.8355326719342617,91.68373064751684,48.281
10.983999999999995,-0.29344417658460037,0.0108441172546058,2.416077882145137,32.05602586567896,up,down,down,up,0.000353100683803,-0.0100646949087561,3.8355326719342617,91.68373064751684,48.297
11.0,-0.293556987237464,0.0,2.4209349265742555,32.07869828596016,up,down,down,up,0.000353100683803,-0.0100646949087561,3.8355326719342617,91.68373064751684,48.313
11.030999999999999,-0.2920722748534495,0.047540847187633795,2.4303241856788356,32.122405282550204,up,down,down,up,0.000353100683803,-0.0100646949087561,3.8355326719342617,91.68373064751684,48.344
11.046999999999997,-0.2936705090131362,0.1002427356642352,2.4351711630683077,32.144849842511164,up,down,down,up,0.000353100683803,-0.0100646949087561,3.8355326719342617,91.68373064751684,48.36
11.061999999999998,-0.2951878030561286,0.1015060368832918,2.439738570832459,32.165821009585926,up,down,down,up,0.000353100683803,-0.0100646949087561,3.8355326719342617,91.68373064751684,48.375
11.077999999999996,-0.2955624768968886,0.0237702157313026,2.4446256081906226,32.18811461890468,up,down,down,up,0.000353100683803,-0.0100646949087561,3.8355326719342617,91.68373064751684,48.391
11.092999999999996,-0.2953684542559661,0.012581742044363,2.4492085605979006,32.208943852717795,up,down,down,up,0.000353100683803,-0.0100646949087561,3.8355326719342617,91.68373064751684,48.406
11.125,-0.2959081514856603,0.017218639111746998,2.4589910565268482,32.2531497043457,up,down,down,up,0.000353100683803,-0.0100646949087561,3.8355326719342617,91.68373064751684,48.438
11.155999999999999,-0.2951904010689166,0.022800138565995002,2.4684650896336153,32.295675646910155,up,down,down,up,0.000353100683803,-0.0100646949087561,3.8355326719342617,91.68373064751684,48.469
11.171999999999997,-0.29469411887234287,0.0306645366020576,2.4733452009116847,32.317509687336766,up,down,down,up,0.000353100683803,-0.0100646949087561,3.8355326719342617,91.68373064751684,48.485
11.186999999999998,-0.29523371680258137,0.0363262960330349,2.4779206301028784,32.337908183683155,up,down,down,up,0.000353100683803,-0.0100646949087561,3.8355326719342617,91.68373064751684,48.5
11.202999999999996,-0.293945196867611,0.0801793952518538,2.4827950965307792,32.359590980621036,up,down,down,up,0.000353100683803,-0.0100646949087561,3.8355326719342617,91.68373064751684,48.516
11.233999999999995,-0.2926867123254091,0.0402431748710985,2.492199896665442,32.40138007105644,up,down,down,up,0.000353100683803,-0.0100646949087561,3.8355326719342617,91.68373064751684,48.547
11.25,-0.2933991850631088,0.0448826467900192,2.497049618963092,32.42283459768238,up,down,down,up,0.000353100683803,-0.0100646949087561,3.8355326719342617,91.68373064751684,48.563
11.265,-0.2914577213686798,0.12907781227812848,2.5015870161849616,32.44287781299781,up,down,down,up,0.000353100683803,-0.0100646949087561,3.8355326719342617,91.68373064751684,48.578
11.280999999999999,-0.2926869701064146,0.07718114679223509,2.5064212088353024,32.46418226994858,up,down,down,up,0.000353100683803,-0.0100646949087561,3.8355326719342617,91.68373064751684,48.594
11.296999999999997,-0.2939509283678828,0.0793504920255735,2.511275347141636,32.485409220251725,up,down,down,up,0.000353100683803,-0.0100646949087561,3.8355326719342617,91.68373064751684,48.61
11.311999999999998,-0.2951221035358707,0.0784314452163284,2.5158443653045457,32.50523881248738,up,down,down,up,0.000353100683803,-0.0100646949087561,3.8355326719342617,91.68373064751684,48.625
11.327999999999996,-0.2945031130014968,0.038333807714567694,2.5207224021553842,32.526314801098636,up,down,down,up,0.000353100683803,-0.0100646949087561,3.8355326719342617,91.68373064751684,48.641
11.342999999999996,-0.2935664962155311,0.0620880183805734,2.5252838946481435,32.54600274395165,up,down,down,up,0.000353100683803,-0.0100646949087561,3.8355326719342617,91.68373064751684,48.656
11.375,-0.2948393685542748,0.0401303612695368,2.535020458721542,32.5877749197996,up,down,down,up,0.000353100683803,-0.0100646949087561,3.8355326719342617,91.68373064751684,48.688
11.39,-0.296068469643803,0.08229317331901509,2.539603237931659,32.60724823215374,up,down,down,up,0.000353100683803,-0.0100646949087561,3.8355326719342617,91.68373064751684,48.703
11.405999999999999,-0.2963996962571187,0.0210547640160396,2.5445040183774057,32.627943896854205,up,down,down,up,0.000353100683803,-0.0100646949087561,3.8355326719342617,91.68373064751684,48.719
11.436999999999998,-0.29575601036320087,0.0204109604103214,2.5539944373721917,32.66781868362004,up,down,down,up,0.000353100683803,-0.0100646949087561,3.8355326719342617,91.68373064751684,48.75
11.452999999999996,-0.2950686523757576,0.042606773531411,2.558882069792643,32.68828419431367,up,down,down,up,0.000353100683803,-0.0100646949087561,3.8355326719342617,91.68373064751684,48.766
11.467999999999996,-0.2947561780938824,0.020478518107876,2.5634567264447967,32.7073996434209,up,down,down,up,0.000353100683803,-0.0100646949087561,3.8355326719342617,91.68373064751684,48.781
11.483999999999995,-0.2944260945071467,0.0202771234871803,2.5683312197441444,32.727713862602315,up,down,down,up,0.000353100683803,-0.0100646949087561,3.8355326719342617,91.68373064751684,48.797
11.5,-0.2952220074925745,0.050097662273024104,2.573209439678684,32.7479500600779,up,down,down,up,0.000353100683803,-0.0100646949087561,3.8355326719342617,91.68373064751684,48.813
11.530999999999999,-0.2966367842383591,0.0459910602252437,2.5826952564926846,32.78693505011721,up,down,down,up,0.000353100683803,-0.0100646949087561,3.8355326719342617,91.68373064751684,48.844
11.546999999999997,-0.2979701108846591,0.0836860160775644,2.5876131467722083,32.80694110564204,up,down,down,up,0.000353100683803,-0.0100646949087561,3.8355326719342617,91.68373064751684,48.86
11.561999999999998,-0.2987982705366808,0.0555637441519111,2.5922398800565,32.825625198019836,up,down,down,up,0.000353100683803,-0.0100646949087561,3.8355326719342617,91.68373064751684,48.875
11.577999999999996,-0.2997526401253712,0.060001199976962,2.597189322460336,32.84547828715064,up,down,down,up,0.000353100683803,-0.0100646949087561,3.8355326719342617,91.68373064751684,48.891
11.592999999999996,-0.30069753599094007,0.0633461583883936,2.6018436692048397,32.86401852979216,up,down,down,up,0.000353100683803,-0.0100646949087561,3.8355326719342617,91.68373064751684,48.906
11.608999999999995,-0.301657645214327,0.0603599271454878,2.6068235457730213,32.88371771482328,up,down,down,up,0.000353100683803,-0.0100646949087561,3.8355326719342617,91.68373064751684,48.922
11.64,-0.3017521331447437,0.0,2.61648840287976,32.92165789244916,up,down,down,up,0.000353100683803,-0.0100646949087561,3.8355326719342617,91.68373064751684,48.953
11.655999999999999,-0.3006284308546281,0.0698782924484298,2.621468482510295,32.941122760116954,up,down,down,up,0.000353100683803,-0.0100646949087561,3.8355326719342617,91.68373064751684,48.969
11.671999999999997,-0.2997054746303256,0.0573316633351093,2.6264321888727142,32.960508077496854,up,down,down,up,0.000353100683803,-0.0100646949087561,3.8355326719342617,91.68373064751684,48.985
11.686999999999998,-0.2978467099955609,0.1235645416338425,2.63106480068104,32.97860984015422,up,down,down,up,0.000353100683803,-0.0100646949087561,3.8355326719342617,91.68373064751684,49.0
11.702999999999996,-0.2960161812976328,0.1140549429367159,2.6359767389299247,32.99784203058829,up,down,down,up,0.000353100683803,-0.0100646949087561,3.8355326719342617,91.68373064751684,49.016
11.717999999999996,-0.2954725824529234,0.035886822296818,2.6405638750816856,33.0158009660622,up,down,down,up,0.000353100683803,-0.0100646949087561,3.8355326719342617,91.68373064751684,49.031
11.733999999999995,-0.2960083363997424,0.033837722359989705,2.645456757551046,33.034881323752074,up,down,down,up,0.000353100683803,-0.0100646949087561,3.8355326719342617,91.68373064751684,49.047
11.75,-0.2965119659952649,0.0318299504039503,2.650357955088748,33.053883328801916,up,down,down,up,0.000353100683803,-0.0100646949087561,3.8355326719342617,91.68373064751684,49.063
11.765,-0.29627876435318967,0.0151936754545422,2.654954855989993,33.07162647279786,up,down,down,up,0.000353100683803,-0.0100646949087561,3.8355326719342617,91.68373064751684,49.078
11.780999999999999,-0.2956375026483862,0.03972575586642,2.659851221244545,33.090476546930915,up,down,down,up,0.000353100683803,-0.0100646949087561,3.8355326719342617,91.68373064751684,49.094
11.796999999999997,-0.2949823157980962,0.0405960774593252,2.664737214910657,33.109248362192645,up,down,down,up,0.000353100683803,-0.0100646949087561,3.8355326719342617,91.68373064751684,49.11
11.811999999999998,-0.2932148343374817,0.1174789966904966,2.669299663960305,33.12677607568013,up,down,down,up,0.000353100683803,-0.0100646949087561,3.8355326719342617,91.68373064751684,49.125
11.842999999999996,-0.2911525752260698,0.0661713867810992,2.678669364350711,33.162784068571256,up,down,down,up,0.000353100683803,-0.0100646949087561,3.8355326719342617,91.68373064751684,49.156
11.858999999999995,-0.29116636346558167,0.0,2.683488950978784,33.181255324799565,up,down,down,up,0.000353100683803,-0.0100646949087561,3.8355326719342617,91.68373064751684,49.172
11.875,-0.291138547459795,0.0,2.6883084253847285,33.199649468539604,up,down,down,up,0.000353100683803,-0.0100646949087561,3.8355326719342617,91.68373064751684,49.188
11.89,-0.2891297819943884,0.1335645970099669,2.6928114082792662,33.21682405986614,up,down,down,up,0.000353100683803,-0.0100646949087561,3.8355326719342617,91.68373064751684,49.203
11.905999999999999,-0.28933483573677776,0.013168959583144301,2.6976001603396553,33.23506929006814,up,down,down,up,0.000353100683803,-0.0100646949087561,3.8355326719342617,91.68373064751684,49.219
11.921999999999997,-0.2895673879595755,0.014887614608662201,2.7023924132477655,33.2532378722304,up,down,down,up,0.000353100683803,-0.0100646949087561,3.8355326719342617,91.68373064751684,49.235
11.936999999999998,-0.2901112883734971,0.0366131282785753,2.7068909737438953,33.270201236906956,up,down,down,up,0.000353100683803,-0.0100646949087561,3.8355326719342617,91.68373064751684,49.25
11.952999999999996,-0.2896133712112743,0.0307667219551257,2.711689806139113,33.28822111341884,up,down,down,up,0.000353100683803,-0.0100646949087561,3.8355326719342617,91.68373064751684,49.266
11.967999999999996,-0.2898019207470722,0.0129230697369913,2.716186391252432,33.30504503201742,up,down,down,up,0.000353100683803,-0.0100646949087561,3.8355326719342617,91.68373064751684,49.281
12.0,-0.2882782597734455,0.0472613047420248,2.725757744377842,33.34071097134924,up,down,down,up,0.000353100683803,-0.0100646949087561,3.8355326719342617,91.68373064751684,49.313
12.015,-0.28661869701137377,0.1102844167876386,2.7302204419773592,33.3573241250306,up,down,down,up,0.000353100683803,-0.0100646949087561,3.8355326719342617,91.68373064751684,49.328
12.030999999999999,-0.2850201671960538,0.09955501277371101,2.7349545880095585,33.37497124754164,up,down,down,up,0.000353100683803,-0.0100646949087561,3.8355326719342617,91.68373064751684,49.344
12.046999999999997,-0.2860686390165288,0.0658825894635022,2.7396843335777987,33.39254265891988,up,down,down,up,0.000353100683803,-0.0100646949087561,3.8355326719342617,91.68373064751684,49.36
12.061999999999998,-0.2858463418545867,0.014466710112337,2.7441246663579637,33.40894708149938,up,down,down,up,0.000353100683803,-0.0100646949087561,3.8355326719342617,91.68373064751684,49.375
12.092999999999996,-0.28569767378006716,0.0,2.7532956041424717,33.4426385801366,up,down,down,up,0.000353100683803,-0.0100646949087561,3.8355326719342617,91.68373064751684,49.406
12.108999999999995,-0.2851987287437652,0.0308309640850748,2.758023810481202,33.45991654757054,up,down,down,up,0.000353100683803,-0.0100646949087561,3.8355326719342617,91.68373064751684,49.422
12.125,-0.2846968334650893,0.031015354233433098,2.7627440100974145,33.47711892775686,up,down,down,up,0.000353100683803,-0.0100646949087561,3.8355326719342617,91.68373064751684,49.438
12.14,-0.2838001069503236,0.0594286669672406,2.7671587075741617,33.49317764745334,up,down,down,up,0.000353100683803,-0.0100646949087561,3.8355326719342617,91.68373064751684,49.453
12.155999999999999,-0.2841381486306585,0.0214807057047372,2.771863248737349,33.5102339945538,up,down,down,up,0.000353100683803,-0.0100646949087561,3.8355326719342617,91.68373064751684,49.469
12.171999999999997,-0.283925151114401,0.012959244082290499,2.776568790253849,33.5272150609928,up,down,down,up,0.000353100683803,-0.0100646949087561,3.8355326719342617,91.68373064751684,49.485
12.186999999999998,-0.2836850381343119,0.015654431322135003,2.780976837096846,33.543066458866676,up,down,down,up,0.000353100683803,-0.0100646949087561,3.8355326719342617,91.68373064751684,49.5
12.202999999999996,-0.28507142408090047,0.0870022223455985,2.785687923913107,33.55990166352956,up,down,down,up,0.000353100683803,-0.0100646949087561,3.8355326719342617,91.68373064751684,49.516
12.217999999999996,-0.28591355079359637,0.056494881530194205,2.7901212816482976,33.57561608456686,up,down,down,up,0.000353100683803,-0.0100646949087561,3.8355326719342617,91.68373064751684,49.531
12.233999999999995,-0.2867109280899954,0.0501891817087428,2.7948633125979057,33.59230473056384,up,down,down,up,0.000353100683803,-0.0100646949087561,3.8355326719342617,91.68373064751684,49.547
12.265,-0.2866163491877849,0.0,2.8040618909378843,33.624422902739,up,down,down,up,0.000353100683803,-0.0100646949087561,3.8355326719342617,91.68373064751684,49.578
12.280999999999999,-0.2865304260979542,0.0,2.8088081002587098,33.640888465560366,up,down,down,up,0.000353100683803,-0.0100646949087561,3.8355326719342617,91.68373064751684,49.594
12.296999999999997,-0.28622613059647156,0.018665368158867702,2.8135511878308046,33.6572781140066,up,down,down,up,0.000353100683803,-0.0100646949087561,3.8355326719342617,91.68373064751684,49.61
12.311999999999998,-0.2836665343697114,0.17028664776686808,2.817976353241683,33.672574647527554,up,down,down,up,0.000353100683803,-0.0100646949087561,3.8355326719342617,91.68373064751684,49.625
12.342999999999996,-0.2834384702003146,0.0,2.827078486354689,33.7039778103438,up,down,down,up,0.000353100683803,-0.0100646949087561,3.8355326719342617,91.68373064751684,49.656
12.358999999999995,-0.2832151124690601,0.013606757519603599,2.8317727501345837,33.72007552320282,up,down,down,up,0.000353100683803,-0.0100646949087561,3.8355326719342617,91.68373064751684,49.672
12.375,-0.2825535258480585,0.040996063128781596,2.836459934359662,33.736098184477825,up,down,down,up,0.000353100683803,-0.0100646949087561,3.8355326719342617,91.68373064751684,49.688
12.39,-0.28193139218152297,0.0411224770852299,2.840844541668516,33.751051390986646,up,down,down,up,0.000353100683803,-0.0100646949087561,3.8355326719342617,91.68373064751684,49.703
12.405999999999999,-0.28421951891007247,0.1433610212181624,2.845534784075788,33.76692887913164,up,down,down,up,0.000353100683803,-0.0100646949087561,3.8355326719342617,91.68373064751684,49.719
12.436999999999998,-0.2841482430851539,0.0,2.8546564899288853,33.79747742721452,up,down,down,up,0.000353100683803,-0.0100646949087561,3.8355326719342617,91.68373064751684,49.75
12.452999999999996,-0.2857029133077696,0.0975199895972939,2.8593763342985685,33.813133687371646,up,down,down,up,0.000353100683803,-0.0100646949087561,3.8355326719342617,91.68373064751684,49.766
12.467999999999996,-0.2871423558045052,0.0963159337995104,2.863823644240542,33.827742677611624,up,down,down,up,0.000353100683803,-0.0100646949087561,3.8355326719342617,91.68373064751684,49.781
12.483999999999995,-0.28598027556187416,0.0722769144806482,2.8685696604100124,33.843252053925355,up,down,down,up,0.000353100683803,-0.0100646949087561,3.8355326719342617,91.68373064751684,49.797
12.5,-0.2848354163976819,0.0712005970781899,2.8732972210642305,33.85868564162452,up,down,down,up,0.000353100683803,-0.0100646949087561,3.8355326719342617,91.68373064751684,49.813
12.530999999999999,-0.2853884660053243,0.018193410607754097,2.8824476967836485,33.88837310822784,up,down,down,up,0.000353100683803,-0.0100646949087561,3.8355326719342617,91.68373064751684,49.844
12.546999999999997,-0.285303079975245,0.0,2.8871742642700324,33.90358465529036,up,down,down,up,0.000353100683803,-0.0100646949087561,3.8355326719342617,91.68373064751684,49.86
12.561999999999998,-0.285187413811844,0.0,2.8916039133970672,33.91777680903688,up,down,down,up,0.000353100683803,-0.0100646949087561,3.8355326719342617,91.68373064751684,49.875
12.577999999999996,-0.2840107096256368,0.0731909109541544,2.8963185335031065,33.93284195221264,up,down,down,up,0.000353100683803,-0.0100646949087561,3.8355326719342617,91.68373064751684,49.891
12.592999999999996,-0.2848600291077475,0.0569743994911771,2.900736034467238,33.94689703303186,up,down,down,up,0.000353100683803,-0.0100646949087561,3.8355326719342617,91.68373064751684,49.906
12.608999999999995,-0.2857105093608788,0.0535081165045138,2.905461633893527,33.96181597443592,up,down,down,up,0.000353100683803,-0.0100646949087561,3.8355326719342617,91.68373064751684,49.922
12.625,-0.2859767187106748,0.0169911850460501,2.910196166836641,33.97665923478104,up,down,down,up,0.000353100683803,-0.0100646949087561,3.8355326719342617,91.68373064751684,49.938
12.64,-0.2864728332563456,0.0334274037285203,2.9146405089000256,33.99050594979202,up,down,down,up,0.000353100683803,-0.0100646949087561,3.8355326719342617,91.68373064751684,49.953
12.655999999999999,-0.28690390714653097,0.0272952188203918,2.9193885579417875,34.005202240008245,up,down,down,up,0.000353100683803,-0.0100646949087561,3.8355326719342617,91.68373064751684,49.969
12.686999999999998,-0.28618090118750317,0.022969672188060602,2.9285833780131365,34.0334601878309,up,down,down,up,0.000353100683803,-0.0100646949087561,3.8355326719342617,91.68373064751684,50.0
12.702999999999996,-0.2859992507032399,0.011000054582656299,2.933321854346802,34.04793346872296,up,down,down,up,0.000353100683803,-0.0100646949087561,3.8355326719342617,91.68373064751684,50.016
12.717999999999996,-0.2857956795750028,0.013218307865336499,2.9377612867475205,34.06143333524376,up,down,down,up,0.000353100683803,-0.0100646949087561,3.8355326719342617,91.68373064751684,50.031
12.75,-0.285959710072639,0.0,2.947231443218964,34.0900104970662,up,down,down,up,0.000353100683803,-0.0100646949087561,3.8355326719342617,91.68373064751684,50.063
12.765,-0.2860881832251021,0.0,2.951672772842328,34.10330170552476,up,down,down,up,0.000353100683803,-0.0100646949087561,3.8355326719342617,91.68373064751684,50.078
12.780999999999999,-0.2871263178259725,0.0652365132382052,2.9564195239692768,34.117405489901216,up,down,down,up,0.000353100683803,-0.0100646949087561,3.8355326719342617,91.68373064751684,50.094
12.796999999999997,-0.2875426303157056,0.0263726312921291,2.9611779106729497,34.131433233175045,up,down,down,up,0.000353100683803,-0.0100646949087561,3.8355326719342617,91.68373064751684,50.11
12.811999999999998,-0.2884632395534635,0.061727049867656,2.9656489251206,34.1445150219856,up,down,down,up,0.000353100683803,-0.0100646949087561,3.8355326719342617,91.68373064751684,50.125
12.842999999999996,-0.2880875986280725,0.0117643485223586,2.974897468654585,34.171338065712035,up,down,down,up,0.000353100683803,-0.0100646949087561,3.8355326719342617,91.68373064751684,50.156
12.858999999999995,-0.2872593965000921,0.0514095323149779,2.9796612797341497,34.18507011847588,up,down,down,up,0.000353100683803,-0.0100646949087561,3.8355326719342617,91.68373064751684,50.172
12.875,-0.28649689512945287,0.047303234981128296,2.9844123651857277,34.198726052067485,up,down,down,up,0.000353100683803,-0.0100646949087561,3.8355326719342617,91.68373064751684,50.188
12.89,-0.28668548843726427,0.0129259878712293,2.98886220348611,34.211459482881466,up,down,down,up,0.000353100683803,-0.0100646949087561,3.8355326719342617,91.68373064751684,50.203
12.905999999999999,-0.2871259271908855,0.0278805227851315,2.993613729929675,34.22496819816509,up,down,down,up,0.000353100683803,-0.0100646949087561,3.8355326719342617,91.68373064751684,50.219
12.921999999999997,-0.2875938190138055,0.0295963396163032,2.9983725230178515,34.23840083089246,up,down,down,up,0.000353100683803,-0.0100646949087561,3.8355326719342617,91.68373064751684,50.235
12.936999999999998,-0.2874996419098093,0.0,3.00283669439841,34.250924751840856,up,down,down,up,0.000353100683803,-0.0100646949087561,3.8355326719342617,91.68373064751684,50.25
12.967999999999996,-0.2869490059912039,0.017409348303468002,3.012052653983047,34.276595479770904,up,down,down,up,0.000353100683803,-0.0100646949087561,3.8355326719342617,91.68373064751684,50.281
12.983999999999995,-0.2863978785865982,0.034092362104058395,3.016800464178209,34.289733177576565,up,down,down,up,0.000353100683803,-0.0100646949087561,3.8355326719342617,91.68373064751684,50.297
13.015,-0.2866706501734058,0.0,3.025995031916162,34.314971360217086,up,down,down,up,0.000353100683803,-0.0100646949087561,3.8355326719342617,91.68373064751684,50.328
13.030999999999999,-0.2869301264872171,0.0165703702970104,3.030744873247987,34.3278859637267,up,down,down,up,0.000353100683803,-0.0100646949087561,3.8355326719342617,91.68373064751684,50.344
13.046999999999997,-0.2872138752271774,0.0180873969313229,3.035499060380242,34.34072453500862,up,down,down,up,0.000353100683803,-0.0100646949087561,3.8355326719342617,91.68373064751684,50.36
13.061999999999998,-0.2887716665280458,0.10420585407502679,3.039969922367037,34.352691507717026,up,down,down,up,0.000353100683803,-0.0100646949087561,3.8355326719342617,91.68373064751684,50.375
13.077999999999996,-0.2903022180759578,0.096012572428316,3.044763548562409,34.36538216270054,up,down,down,up,0.000353100683803,-0.0100646949087561,3.8355326719342617,91.68373064751684,50.391
13.092999999999996,-0.29152224962794376,0.0816885374828607,3.0492782024938196,34.37720983964664,up,down,down,up,0.000353100683803,-0.0100646949087561,3.8355326719342617,91.68373064751684,50.406
13.108999999999995,-0.29051020749672857,0.0628995325171537,3.0540954972693566,34.38975137279948,up,down,down,up,0.000353100683803,-0.0100646949087561,3.8355326719342617,91.68373064751684,50.422
13.14,-0.2903160385381405,0.0,3.0634103096250707,34.413831545622585,up,down,down,up,0.000353100683803,-0.0100646949087561,3.8355326719342617,91.68373064751684,50.453
13.155999999999999,-0.2922320323235255,0.1201027122703776,3.0682317293105035,34.42614693206204,up,down,down,up,0.000353100683803,-0.0100646949087561,3.8355326719342617,91.68373064751684,50.469
13.171999999999997,-0.2912616139523383,0.060298047515401396,3.07306071359925,34.438385115269725,up,down,down,up,0.000353100683803,-0.0100646949087561,3.8355326719342617,91.68373064751684,50.485
13.186999999999998,-0.2903507362286782,0.0603720808935389,3.077573776649239,34.44978834667188,up,down,down,up,0.000353100683803,-0.0100646949087561,3.8355326719342617,91.68373064751684,50.5
13.202999999999996,-0.29017896964210976,0.010382310976721099,3.0823790494147447,34.461877246814325,up,down,down,up,0.000353100683803,-0.0100646949087561,3.8355326719342617,91.68373064751684,50.516
13.217999999999996,-0.28975162996883347,0.0281362108679525,3.0868794993354585,34.4731407977777,up,down,down,up,0.000353100683803,-0.0100646949087561,3.8355326719342617,91.68373064751684,50.531
13.25,-0.2893648032939052,0.011735232907704599,3.0964674325047437,34.49694429237016,up,down,down,up,0.000353100683803,-0.0100646949087561,3.8355326719342617,91.68373064751684,50.563
13.265,-0.2896494534064207,0.0193297748515056,3.1009610098536275,34.50799656913148,up,down,down,up,0.000353100683803,-0.0100646949087561,3.8355326719342617,91.68373064751684,50.578
13.280999999999999,-0.28912756451995847,0.032264954720088494,3.105752261115578,34.519711385714686,up,down,down,up,0.000353100683803,-0.0100646949087561,3.8355326719342617,91.68373064751684,50.594
13.296999999999997,-0.2882837543782806,0.052385033171070995,3.1105325867853035,34.531349629682424,up,down,down,up,0.000353100683803,-0.0100646949087561,3.8355326719342617,91.68373064751684,50.61
13.311999999999998,-0.2898436485805238,0.1043460475000142,3.115019512731126,34.54219097901506,up,down,down,up,0.000353100683803,-0.0100646949087561,3.8355326719342617,91.68373064751684,50.625
13.342999999999996,-0.2884760799349291,0.0437620169160287,3.1242954740652866,34.56438310954968,up,down,down,up,0.000353100683803,-0.0100646949087561,3.8355326719342617,91.68373064751684,50.656
13.358999999999995,-0.2871179720330588,0.08452864318309991,3.1290612615995705,34.57572477841532,up,down,down,up,0.000353100683803,-0.0100646949087561,3.8355326719342617,91.68373064751684,50.672
13.375,-0.28631948555766057,0.049552304028571796,3.133809796378838,34.58699033270244,up,down,down,up,0.000353100683803,-0.0100646949087561,3.8355326719342617,91.68373064751684,50.688
13.39,-0.2875332976272045,0.0812739053200641,3.138264662676356,34.59748276433852,up,down,down,up,0.000353100683803,-0.0100646949087561,3.8355326719342617,91.68373064751684,50.703
13.405999999999999,-0.2866444988600332,0.055196822264408994,3.143019120166793,34.608601016826725,up,down,down,up,0.000353100683803,-0.0100646949087561,3.8355326719342617,91.68373064751684,50.719
13.421999999999997,-0.287161343576873,0.032655895486292205,3.147770602024828,34.61964322180012,up,down,down,up,0.000353100683803,-0.0100646949087561,3.8355326719342617,91.68373064751684,50.735
13.436999999999998,-0.28863386517009637,0.0985212068986939,3.152240036514062,34.629926132090105,up,down,down,up,0.000353100683803,-0.0100646949087561,3.8355326719342617,91.68373064751684,50.75
13.467999999999996,-0.2901020785358242,0.0477148221588944,3.161522449183675,34.65096432639176,up,down,down,up,0.000353100683803,-0.0100646949087561,3.8355326719342617,91.68373064751684,50.781
13.483999999999995,-0.2908734835906515,0.048565916610515306,3.166331288799226,34.66171001923884,up,down,down,up,0.000353100683803,-0.0100646949087561,3.8355326719342617,91.68373064751684,50.797
13.5,-0.2922089382387707,0.0838190161912275,3.171156983292403,34.67237863581306,up,down,down,up,0.000353100683803,-0.0100646949087561,3.8355326719342617,91.68373064751684,50.813
13.515,-0.2935305856529098,0.08846292829307249,3.175701000145222,34.6823101910163,up,down,down,up,0.000353100683803,-0.0100646949087561,3.8355326719342617,91.68373064751684,50.828
13.530999999999999,-0.2924119319973979,0.0695627527856979,3.180549575404964,34.69282870916284,up,down,down,up,0.000353100683803,-0.0100646949087561,3.8355326719342617,91.68373064751684,50.844
13.546999999999997,-0.2918190821061853,0.036700017516992596,3.1853844586363325,34.70326975964146,up,down,down,up,0.000353100683803,-0.0100646949087561,3.8355326719342617,91.68373064751684,50.86
13.561999999999998,-0.2920636606063685,0.0166583340293506,3.1899145496303083,34.712988007158486,up,down,down,up,0.000353100683803,-0.0100646949087561,3.8355326719342617,91.68373064751684,50.875
13.592999999999996,-0.2918041551125104,0.0,3.1992765063161217,34.73285705862126,up,down,down,up,0.000353100683803,-0.0100646949087561,3.8355326719342617,91.68373064751684,50.906
13.608999999999995,-0.2903820029627511,0.0885314086761611,3.2040950306992637,34.74299860907608,up,down,down,up,0.000353100683803,-0.0100646949087561,3.8355326719342617,91.68373064751684,50.922
13.625,-0.2889510639950111,0.0890805847999201,3.2088907303534673,34.753063245738616,up,down,down,up,0.000353100683803,-0.0100646949087561,3.8355326719342617,91.68373064751684,50.938
13.64,-0.2893985098014121,0.030182821110534597,3.2133793225805722,34.76242921042062,up,down,down,up,0.000353100683803,-0.0100646949087561,3.8355326719342617,91.68373064751684,50.953
13.671999999999997,-0.2871197763053477,0.0708573210682152,3.222925685395359,34.78218537579488,up,down,down,up,0.000353100683803,-0.0100646949087561,3.8355326719342617,91.68373064751684,50.985
13.686999999999998,-0.2876222544808318,0.033851645716075004,3.227387221049887,34.79134101907556,up,down,down,up,0.000353100683803,-0.0100646949087561,3.8355326719342617,91.68373064751684,51.0
13.702999999999996,-0.28759805645762,0.0,3.2321500186559344,34.801033243908876,up,down,down,up,0.000353100683803,-0.0100646949087561,3.8355326719342617,91.68373064751684,51.016
13.717999999999996,-0.2878475751689234,0.0169876814373629,3.236616831316765,34.81005048261308,up,down,down,up,0.000353100683803,-0.0100646949087561,3.8355326719342617,91.68373064751684,51.031
13.733999999999995,-0.288078559489529,0.0147896207216572,3.241385275512572,34.81959498850941,up,down,down,up,0.000353100683803,-0.0100646949087561,3.8355326719342617,91.68373064751684,51.047
13.75,-0.2877797130682396,0.0183248006467789,3.246153176811576,34.829063203641766,up,down,down,up,0.000353100683803,-0.0100646949087561,3.8355326719342617,91.68373064751684,51.063
13.765,-0.2870841838171075,0.0460155160583381,3.2506156264618475,34.837870427696245,up,down,down,up,0.000353100683803,-0.0100646949087561,3.8355326719342617,91.68373064751684,51.078
13.780999999999999,-0.28642231582952077,0.041013648540371296,3.2553647135775603,34.84719110772686,up,down,down,up,0.000353100683803,-0.0100646949087561,3.8355326719342617,91.68373064751684,51.094
13.796999999999997,-0.2862610798854544,0.0,3.2601072158618196,34.85643585504228,up,down,down,up,0.000353100683803,-0.0100646949087561,3.8355326719342617,91.68373064751684,51.11
13.811999999999998,-0.2858667492782061,0.0259356064660793,3.264549145004179,34.865033922414796,up,down,down,up,0.000353100683803,-0.0100646949087561,3.8355326719342617,91.68373064751684,51.125
13.842999999999996,-0.28784461632610636,0.06415526351929769,3.2737536767132167,34.882591741508165,up,down,down,up,0.000353100683803,-0.0100646949087561,3.8355326719342617,91.68373064751684,51.156
13.875,-0.2868428459286072,0.030952224238042104,3.2832707463463735,34.9004163962411,up,down,down,up,0.000353100683803,-0.0100646949087561,3.8355326719342617,91.68373064751684,51.188
13.89,-0.2876035329440807,0.0510655683820339,3.28773006461155,34.90866688023792,up,down,down,up,0.000353100683803,-0.0100646949087561,3.8355326719342617,91.68373064751684,51.203
13.905999999999999,-0.28836386787645907,0.047874033957456305,3.292498838936654,34.9173935717605,up,down,down,up,0.000353100683803,-0.0100646949087561,3.8355326719342617,91.68373064751684,51.219
13.936999999999998,-0.2892256650441976,0.028153009320529398,3.301763482239095,34.93408401861224,up,down,down,up,0.000353100683803,-0.0100646949087561,3.8355326719342617,91.68373064751684,51.25
13.952999999999996,-0.2900501553149031,0.051883742602903904,3.3065587239205074,34.942585963713924,up,down,down,up,0.000353100683803,-0.0100646949087561,3.8355326719342617,91.68373064751684,51.266
13.967999999999996,-0.2908651438115424,0.054685667126421,3.311066559087587,34.950486764170364,up,down,down,up,0.000353100683803,-0.0100646949087561,3.8355326719342617,91.68373064751684,51.281
13.983999999999995,-0.2917987170043351,0.058701425233349105,3.315888905092654,34.95883964320787,up,down,down,up,0.000353100683803,-0.0100646949087561,3.8355326719342617,91.68373064751684,51.297
14.0,-0.292156027416695,0.0226850014562942,3.3207215781665638,34.96711528209276,up,down,down,up,0.000353100683803,-0.0100646949087561,3.8355326719342617,91.68373064751684,51.313
14.015,-0.2919142199316056,0.015767398322156102,3.325253075445307,34.974803462269676,up,down,down,up,0.000353100683803,-0.0100646949087561,3.8355326719342617,91.68373064751684,51.328
14.046999999999997,-0.2925984726954632,0.0217359995543531,3.334927348764418,34.9909776209842,up,down,down,up,0.000353100683803,-0.0100646949087561,3.8355326719342617,91.68373064751684,51.36
14.061999999999998,-0.2933138033784424,0.0480418128824173,3.339472661258604,34.99845261098804,up,down,down,up,0.000353100683803,-0.0100646949087561,3.8355326719342617,91.68373064751684,51.375
14.077999999999996,-0.2933016338407466,0.0,3.344326619874897,35.00635073948992,up,down,down,up,0.000353100683803,-0.0100646949087561,3.8355326719342617,91.68373064751684,51.391
14.108999999999995,-0.2932625854475628,0.0,3.3537303708160366,35.021432368964184,up,down,down,up,0.000353100683803,-0.0100646949087561,3.8355326719342617,91.68373064751684,51.422
14.125,-0.2942168526802665,0.059994802727760706,3.3585912414396013,35.02910231881708,up,down,down,up,0.000353100683803,-0.0100646949087561,3.8355326719342617,91.68373064751684,51.438
14.155999999999999,-0.294350900826311,0.0,3.3680260471611243,35.043741263673766,up,down,down,up,0.000353100683803,-0.0100646949087561,3.8355326719342617,91.68373064751684,51.469
14.171999999999997,-0.29467113430262337,0.020367692953329,3.3728992585606954,35.051182383978926,up,down,down,up,0.000353100683803,-0.0100646949087561,3.8355326719342617,91.68373064751684,51.485
14.186999999999998,-0.2959863191791677,0.0880320924534164,3.3774801598854403,35.058087528419605,up,down,down,up,0.000353100683803,-0.0100646949087561,3.8355326719342617,91.68373064751684,51.5
14.202999999999996,-0.29606490677960556,0.0,3.38237760481165,35.06537718905297,up,down,down,up,0.000353100683803,-0.0100646949087561,3.8355326719342617,91.68373064751684,51.516
14.217999999999996,-0.29615616866793637,0.0,3.3869702333011382,35.07214007034614,up,down,down,up,0.000353100683803,-0.0100646949087561,3.8355326719342617,91.68373064751684,51.531
14.233999999999995,-0.2968356597945619,0.042821296097899204,3.3918752030473778,35.0792778296063,up,down,down,up,0.000353100683803,-0.0100646949087561,3.8355326719342617,91.68373064751684,51.547
14.25,-0.2977940787012799,0.0602542823536576,3.396793276073886,35.08633700452428,up,down,down,up,0.000353100683803,-0.0100646949087561,3.8355326719342617,91.68373064751684,51.563
14.265,-0.2987021650035296,0.0608921875004473,3.401417968325304,35.092883410270304,up,down,down,up,0.000353100683803,-0.0100646949087561,3.8355326719342617,91.68373064751684,51.578
14.280999999999999,-0.29870297008091207,0.0,3.406358244524519,35.09978972331844,up,down,down,up,0.000353100683803,-0.0100646949087561,3.8355326719342617,91.68373064751684,51.594
14.296999999999997,-0.3008452454286222,0.1342453099156961,3.4113156653671344,35.10661685479026,up,down,down,up,0.000353100683803,-0.0100646949087561,3.8355326719342617,91.68373064751684,51.61
14.311999999999998,-0.3029404394849511,0.1400327044390619,3.415995028427618,35.1129450146658,up,down,down,up,0.000353100683803,-0.0100646949087561,3.8355326719342617,91.68373064751684,51.625
14.327999999999996,-0.30201057897093087,0.057763181442467094,3.4209956716938046,35.119617611815784,up,down,down,up,0.000353100683803,-0.0100646949087561,3.8355326719342617,91.68373064751684,51.641
14.342999999999996,-0.3013734197090035,0.0421241834446902,3.4256720221075354,35.125800594191276,up,down,down,up,0.000353100683803,-0.0100646949087561,3.8355326719342617,91.68373064751684,51.656
14.358999999999995,-0.3002728163408364,0.06843460982664741,3.4306462271144738,35.132318570948456,up,down,down,up,0.000353100683803,-0.0100646949087561,3.8355326719342617,91.68373064751684,51.672
14.375,-0.2991839880766243,0.0676986658294294,3.4356029166683553,35.13875710054914,up,down,down,up,0.000353100683803,-0.0100646949087561,3.8355326719342617,91.68373064751684,51.688
14.405999999999999,-0.2991644240649123,0.0,3.4451893225987202,35.151006333670466,up,down,down,up,0.000353100683803,-0.0100646949087561,3.8355326719342617,91.68373064751684,51.719
14.421999999999997,-0.2991308981330505,0.0,3.4501367202948434,35.15721224807827,up,down,down,up,0.000353100683803,-0.0100646949087561,3.8355326719342617,91.68373064751684,51.735
14.436999999999998,-0.2992265869095157,0.0,3.454775371856294,35.16295839746614,up,down,down,up,0.000353100683803,-0.0100646949087561,3.8355326719342617,91.68373064751684,51.75
14.452999999999996,-0.2997607011948187,0.033735243515246205,3.4597283052796683,35.169010890799996,up,down,down,up,0.000353100683803,-0.0100646949087561,3.8355326719342617,91.68373064751684,51.766
14.467999999999996,-0.3002888827905217,0.035565207064001805,3.46437964758319,35.17461307123254,up,down,down,up,0.000353100683803,-0.0100646949087561,3.8355326719342617,91.68373064751684,51.781
14.5,-0.2999670435462001,0.0,3.474305812641659,35.186331149370844,up,down,down,up,0.000353100683803,-0.0100646949087561,3.8355326719342617,91.68373064751684,51.813
14.515,-0.2991569489368509,0.053653206606143,3.4789502130089134,35.191714719257476,up,down,down,up,0.000353100683803,-0.0100646949087561,3.8355326719342617,91.68373064751684,51.828
14.546999999999997,-0.2980118245600974,0.035432036089748195,3.4888269836219434,35.20296732961329,up,down,down,up,0.000353100683803,-0.0100646949087561,3.8355326719342617,91.68373064751684,51.86
14.561999999999998,-0.2983271481311363,0.0213746720863966,3.4934504963407593,35.208133238592566,up,down,down,up,0.000353100683803,-0.0100646949087561,3.8355326719342617,91.68373064751684,51.875
14.592999999999996,-0.2974911277273123,0.0266152994395536,3.5029976851587366,35.21858980460928,up,down,down,up,0.000353100683803,-0.0100646949087561,3.8355326719342617,91.68373064751684,51.906
14.608999999999995,-0.2970170550607368,0.029276440977169502,3.50791478573958,35.223871027593034,up,down,down,up,0.000353100683803,-0.0100646949087561,3.8355326719342617,91.68373064751684,51.922
14.625,-0.2965324248723658,0.029936286089372502,3.5128242166975867,35.22907363832448,up,down,down,up,0.000353100683803,-0.0100646949087561,3.8355326719342617,91.68373064751684,51.938
14.655999999999999,-0.2952368495922606,0.0414396502873326,3.5223086459939594,35.23893059178272,up,down,down,up,0.000353100683803,-0.0100646949087561,3.8355326719342617,91.68373064751684,51.969
14.671999999999997,-0.2952213483426558,0.0,3.5271933466959786,35.243903098592156,up,down,down,up,0.000353100683803,-0.0100646949087561,3.8355326719342617,91.68373064751684,51.985
14.686999999999998,-0.29553760875828067,0.0214371283921238,3.531775009297867,35.24849382600122,up,down,down,up,0.000353100683803,-0.0100646949087561,3.8355326719342617,91.68373064751684,52.0
14.702999999999996,-0.2942335837587536,0.0811484617866489,3.5366542139565427,35.25331491496614,up,down,down,up,0.000353100683803,-0.0100646949087561,3.8355326719342617,91.68373064751684,52.016
14.717999999999996,-0.2929613642470202,0.0844615334317535,3.5412091464902176,35.2577639298418,up,down,down,up,0.000353100683803,-0.0100646949087561,3.8355326719342617,91.68373064751684,52.031
14.75,-0.2924038617099179,0.0170688536006417,3.55089706034261,35.267027276034355,up,down,down,up,0.000353100683803,-0.0100646949087561,3.8355326719342617,91.68373064751684,52.063
14.765,-0.291433849762532,0.0643143624752535,3.555426813602285,35.2712628370588,up,down,down,up,0.000353100683803,-0.0100646949087561,3.8355326719342617,91.68373064751684,52.078
14.780999999999999,-0.2909077109478311,0.0325305752350051,3.560246581206507,35.27570597265128,up,down,down,up,0.000353100683803,-0.0100646949087561,3.8355326719342617,91.68373064751684,52.094
14.796999999999997,-0.28997279901043,0.058078895403774596,3.565054660404713,35.28007208546934,up,down,down,up,0.000353100683803,-0.0100646949087561,3.8355326719342617,91.68373064751684,52.11
14.827999999999996,-0.2888115446961468,0.0371067159059776,3.5743378232743357,35.288313014802284,up,down,down,up,0.000353100683803,-0.0100646949087561,3.8355326719342617,91.68373064751684,52.141
14.842999999999996,-0.2893168183708852,0.034038012333028604,3.5788247564209703,35.292197285533604,up,down,down,up,0.000353100683803,-0.0100646949087561,3.8355326719342617,91.68373064751684,52.156
14.858999999999995,-0.2898241250911103,0.0320597706978709,3.583618919087206,35.296266258880465,up,down,down,up,0.000353100683803,-0.0100646949087561,3.8355326719342617,91.68373064751684,52.172
14.875,-0.290764197295248,0.059107613442390905,3.5884246607848382,35.300258432992436,up,down,down,up,0.000353100683803,-0.0100646949087561,3.8355326719342617,91.68373064751684,52.188
14.89,-0.2898987855858213,0.057341013277972495,3.592930603580078,35.30393125858872,up,down,down,up,0.000353100683803,-0.0100646949087561,3.8355326719342617,91.68373064751684,52.203
14.905999999999999,-0.289102657978761,0.0494048747574694,3.597723650247134,35.30777454730904,up,down,down,up,0.000353100683803,-0.0100646949087561,3.8355326719342617,91.68373064751684,52.219
14.936999999999998,-0.2883788978586175,0.0229939999659889,3.6069866199047844,35.31500305095166,up,down,down,up,0.000353100683803,-0.0100646949087561,3.8355326719342617,91.68373064751684,52.25
14.952999999999996,-0.28767172309680866,0.0438453219292528,3.6117560599909675,35.318621632263444,up,down,down,up,0.000353100683803,-0.0100646949087561,3.8355326719342617,91.68373064751684,52.266
14.967999999999996,-0.2862012210279481,0.0976803705735645,3.6162110774955347,35.321944868811315,up,down,down,up,0.000353100683803,-0.0100646949087561,3.8355326719342617,91.68373064751684,52.281
15.0,-0.2856901537833192,0.015617750710848399,3.6256834097295965,35.328811602517604,up,down,down,up,0.000353100683803,-0.0100646949087561,3.8355326719342617,91.68373064751684,52.313
15.015,-0.28521270427070716,0.0314768668236679,3.630116151588633,35.331926095886715,up,down,down,up,0.000353100683803,-0.0100646949087561,3.8355326719342617,91.68373064751684,52.328
15.030999999999999,-0.2813396507206001,0.24171274619791308,3.634809605547103,35.335175212580594,up,down,down,up,0.000353100683803,-0.0100646949087561,3.8355326719342617,91.68373064751684,52.344
15.046999999999997,-0.2797143041640009,0.10123105910365711,3.6394590723047195,35.338349585908716,up,down,down,up,0.000353100683803,-0.0100646949087561,3.8355326719342617,91.68373064751684,52.36
15.077999999999996,-0.2781175042722559,0.0511565732434568,3.6484174708776522,35.344289012319365,up,down,down,up,0.000353100683803,-0.0100646949087561,3.8355326719342617,91.68373064751684,52.391
15.092999999999996,-0.27492458544788617,0.2125081542741745,3.652716256974185,35.347063499439486,up,down,down,up,0.000353100683803,-0.0100646949087561,3.8355326719342617,91.68373064751684,52.406
15.108999999999995,-0.27378117124623996,0.07111028691909291,3.6572669381462775,35.349952156629485,up,down,down,up,0.000353100683803,-0.0100646949087561,3.8355326719342617,91.68373064751684,52.422
15.125,-0.27262874127954007,0.071673772234913,3.6617992525650256,35.352768149854725,up,down,down,up,0.000353100683803,-0.0100646949087561,3.8355326719342617,91.68373064751684,52.438
15.14,-0.2720030925550337,0.041356814283290896,3.666034961742416,35.355342383326445,up,down,down,up,0.000353100683803,-0.0100646949087561,3.8355326719342617,91.68373064751684,52.453
15.155999999999999,-0.2698173576675167,0.13625532978602098,3.6705305604627365,35.35801838189974,up,down,down,up,0.000353100683803,-0.0100646949087561,3.8355326719342617,91.68373064751684,52.469
15.171999999999997,-0.2676948365255658,0.1323044706881418,3.6749916931348205,35.360622726621926,up,down,down,up,0.000353100683803,-0.0100646949087561,3.8355326719342617,91.68373064751684,52.485
15.186999999999998,-0.26329891055565297,0.29270863064371216,3.6791251166615613,35.36299984062744,up,down,down,up,0.000353100683803,-0.0100646949087561,3.8355326719342617,91.68373064751684,52.5
15.217999999999996,-0.2614124281748147,0.0605011696658192,3.6875701479540544,35.36771757685587,up,down,down,up,0.000353100683803,-0.0100646949087561,3.8355326719342617,91.68373064751684,52.531
15.233999999999995,-0.2595797318176718,0.1141904216376404,3.691899120352534,35.370050345460356,up,down,down,up,0.000353100683803,-0.0100646949087561,3.8355326719342617,91.68373064751684,52.547
15.25,-0.2581764380267338,0.0873527612497967,3.696202204829831,35.37231405760984,up,down,down,up,0.000353100683803,-0.0100646949087561,3.8355326719342617,91.68373064751684,52.563
15.280999999999999,-0.25677895499949877,0.0447269969689396,3.7044960189639085,35.376504747971,up,down,down,up,0.000353100683803,-0.0100646949087561,3.8355326719342617,91.68373064751684,52.594
15.296999999999997,-0.2541560009077149,0.16358153005271028,3.708744533729706,35.3785673463004,up,down,down,up,0.000353100683803,-0.0100646949087561,3.8355326719342617,91.68373064751684,52.61
15.311999999999998,-0.2502688323572944,0.25879146934421937,3.712678690402825,35.38043966219844,up,down,down,up,0.000353100683803,-0.0100646949087561,3.8355326719342617,91.68373064751684,52.625
15.327999999999996,-0.24647357900206757,0.23685023401789748,3.7168136648122396,35.382372246107636,up,down,down,up,0.000353100683803,-0.0100646949087561,3.8355326719342617,91.68373064751684,52.641
15.358999999999995,-0.2446403437414571,0.0587835206262161,3.7247379361569353,35.38592970912261,up,down,down,up,0.000353100683803,-0.0100646949087561,3.8355326719342617,91.68373064751684,52.672
15.375,-0.24124793954913137,0.2116721613364806,3.7287860775418014,35.38767003976396,up,down,down,up,0.000353100683803,-0.0100646949087561,3.8355326719342617,91.68373064751684,52.688
15.39,-0.2378632444108178,0.22529324187043048,3.7325303818451325,35.389243156397555,up,down,down,up,0.000353100683803,-0.0100646949087561,3.8355326719342617,91.68373064751684,52.703
15.405999999999999,-0.23676085816627618,0.0685460396000558,3.7364884097842888,35.39085952881548,up,down,down,up,0.000353100683803,-0.0100646949087561,3.8355326719342617,91.68373064751684,52.719
15.421999999999997,-0.2328347798438166,0.24502679446994288,3.7404062100069093,35.392412894608086,up,down,down,up,0.000353100683803,-0.0100646949087561,3.8355326719342617,91.68373064751684,52.735
15.436999999999998,-0.2290141522429963,0.2543554060375446,3.744021047421192,35.3938126802564,up,down,down,up,0.000353100683803,-0.0100646949087561,3.8355326719342617,91.68373064751684,52.75
15.467999999999996,-0.22594874318239458,0.09853106256141721,3.7513849778424566,35.396535399694756,up,down,down,up,0.000353100683803,-0.0100646949087561,3.8355326719342617,91.68373064751684,52.781
15.483999999999995,-0.2223819427183287,0.2225719283203389,3.7551326584482023,35.3978517813554,up,down,down,up,0.000353100683803,-0.0100646949087561,3.8355326719342617,91.68373064751684,52.797
15.5,-0.21888316249780898,0.2183206630986082,3.7588238144084727,35.39910865232348,up,down,down,up,0.000353100683803,-0.0100646949087561,3.8355326719342617,91.68373064751684,52.813
15.515,-0.2136487047761389,0.34861074742752257,3.7622187738366586,35.400233822990685,up,down,down,up,0.000353100683803,-0.0100646949087561,3.8355326719342617,91.68373064751684,52.828
15.530999999999999,-0.2092239221052168,0.276195816248856,3.7657627899702493,35.401378493231164,up,down,down,up,0.000353100683803,-0.0100646949087561,3.8355326719342617,91.68373064751684,52.844
15.546999999999997,-0.20494086684950658,0.2673378527981181,3.7692371434004266,35.40246701651516,up,down,down,up,0.000353100683803,-0.0100646949087561,3.8355326719342617,91.68373064751684,52.86
15.561999999999998,-0.20382281971901509,0.07418337468229161,3.772453841473322,35.4034373242076,up,down,down,up,0.000353100683803,-0.0100646949087561,3.8355326719342617,91.68373064751684,52.875
15.577999999999996,-0.20063447572653278,0.19891839884635928,3.7758505349554263,35.40441941194712,up,down,down,up,0.000353100683803,-0.0100646949087561,3.8355326719342617,91.68373064751684,52.891
15.592999999999996,-0.1975090567628364,0.2080081635626189,3.778987581872728,35.405291116149925,up,down,down,up,0.000353100683803,-0.0100646949087561,3.8355326719342617,91.68373064751684,52.906
15.625,-0.1931044674707732,0.1372903146931572,3.7855594684975467,35.4069954088459,up,down,down,up,0.000353100683803,-0.0100646949087561,3.8355326719342617,91.68373064751684,52.938
15.64,-0.1882518414386532,0.323155301457518,3.788570611237999,35.4077224233269,up,down,down,up,0.000353100683803,-0.0100646949087561,3.8355326719342617,91.68373064751684,52.953
15.655999999999999,-0.183553389536435,0.2933001432048657,3.7917060882043394,35.40844873248233,up,down,down,up,0.000353100683803,-0.0100646949087561,3.8355326719342617,91.68373064751684,52.969
15.686999999999998,-0.179090815507827,0.1436009002390395,3.7976390789246963,35.40971539522178,up,down,down,up,0.000353100683803,-0.0100646949087561,3.8355326719342617,91.68373064751684,53.0
15.702999999999996,-0.1744030172172533,0.2926342924770888,3.800628064705037,35.4102977808237,up,down,down,up,0.000353100683803,-0.0100646949087561,3.8355326719342617,91.68373064751684,53.016
15.717999999999996,-0.17049930838218688,0.2598941549872812,3.803365802570664,35.410800816898146,up,down,down,up,0.000353100683803,-0.0100646949087561,3.8355326719342617,91.68373064751684,53.031
15.733999999999995,-0.1666101447492619,0.24271962637403738,3.8062237133142554,35.411292623522,up,down,down,up,0.000353100683803,-0.0100646949087561,3.8355326719342617,91.68373064751684,53.047
15.765,-0.1627988030608823,0.1225934053929348,3.8116415575474853,35.41211722465364,up,down,down,up,0.000353100683803,-0.0100646949087561,3.8355326719342617,91.68373064751684,53.078
15.780999999999999,-0.1578062942076031,0.3116787026461798,3.814367433444173,35.41247767547664,up,down,down,up,0.000353100683803,-0.0100646949087561,3.8355326719342617,91.68373064751684,53.094
15.796999999999997,-0.1536016382119314,0.26243789904570447,3.817019732022069,35.412795100903836,up,down,down,up,0.000353100683803,-0.0100646949087561,3.8355326719342617,91.68373064751684,53.11
15.811999999999998,-0.1475003979929781,0.4063962472464021,3.8194289677172373,35.413054725734824,up,down,down,up,0.000353100683803,-0.0100646949087561,3.8355326719342617,91.68373064751684,53.125
15.827999999999996,-0.14209335095696038,0.33758733906733956,3.8219067528273767,35.413292562721395,up,down,down,up,0.000353100683803,-0.0100646949087561,3.8355326719342617,91.68373064751684,53.141
15.842999999999996,-0.1369268262122283,0.34408188229832487,3.824150374579777,35.413480124344886,up,down,down,up,0.000353100683803,-0.0100646949087561,3.8355326719342617,91.68373064751684,53.156
15.858999999999995,-0.13187242529308388,0.3155469567627594,3.8264618037103593,35.413643749669504,up,down,down,up,0.000353100683803,-0.0100646949087561,3.8355326719342617,91.68373064751684,53.172
15.89,-0.12962885523630518,0.07202012695420461,3.830827079100737,35.413857284815876,up,down,down,up,0.000353100683803,-0.0100646949087561,3.8355326719342617,91.68373064751684,53.203
15.905999999999999,-0.12737634737662878,0.140428640545991,3.8330441558401804,35.413914837687315,up,down,down,up,0.000353100683803,-0.0100646949087561,3.8355326719342617,91.68373064751684,53.219
15.921999999999997,-0.12419820337740901,0.1982808992674554,3.8352177873647526,35.413937264892624,up,down,down,up,0.000353100683803,-0.0100646949087561,3.8355326719342617,91.68373064751684,53.235
15.936999999999998,-0.1210711174579391,0.2081192939475133,3.837208277694649,35.4139270594837,up,down,down,up,0.000353100683803,-0.0100646949087561,3.8355326719342617,91.68373064751684,53.25
15.952999999999996,-0.1191820553078529,0.1177132836965986,3.839291338195315,35.41388358530752,up,down,down,up,0.000353100683803,-0.0100646949087561,3.8355326719342617,91.68373064751684,53.266
15.983999999999995,-0.11733018252066431,0.0593847311609918,3.8432692834238287,35.413705408502395,up,down,down,up,0.000353100683803,-0.0100646949087561,3.8355326719342617,91.68373064751684,53.297
16.0,-0.1135225263464666,0.2376254102034775,3.845277140213306,35.41356555986424,up,down,down,up,0.000353100683803,-0.0100646949087561,3.8355326719342617,91.68373064751684,53.313
16.015,-0.1086846351848756,0.3221729767555811,3.8470946643484227,35.41340576140904,up,down,down,up,0.000353100683803,-0.0100646949087561,3.8355326719342617,91.68373064751684,53.328
16.031,-0.1039521877555654,0.2954248636481187,3.848956794050486,35.413205872492796,up,down,down,up,0.000353100683803,-0.0100646949087561,3.8355326719342617,91.68373064751684,53.344
16.061999999999998,-0.1006081821753142,0.1075180470662387,3.852439485326586,35.412735742992425,up,down,down,up,0.000353100683803,-0.0100646949087561,3.8355326719342617,91.68373064751684,53.375
16.077999999999996,-0.0978608951475604,0.17135233855083098,3.854188273063709,35.412451243676244,up,down,down,up,0.000353100683803,-0.0100646949087561,3.8355326719342617,91.68373064751684,53.391
16.092999999999996,-0.09515717340584301,0.1798950154306836,3.855786879001491,35.41215942011476,up,down,down,up,0.000353100683803,-0.0100646949087561,3.8355326719342617,91.68373064751684,53.406
16.108999999999995,-0.0928703588493711,0.14257280909570258,3.8574521343780726,35.411822030758685,up,down,down,up,0.000353100683803,-0.0100646949087561,3.8355326719342617,91.68373064751684,53.422
16.125,-0.0889943501188491,0.24189744497374568,3.859068087168359,35.411458391737256,up,down,down,up,0.000353100683803,-0.0100646949087561,3.8355326719342617,91.68373064751684,53.438
16.14,-0.08524802545271021,0.24940187705878009,3.860525875408777,35.41109442709694,up,down,down,up,0.000353100683803,-0.0100646949087561,3.8355326719342617,91.68373064751684,53.453
16.156,-0.0823249394245487,0.18233977607631038,3.8620274942463353,35.41068252289064,up,down,down,up,0.000353100683803,-0.0100646949087561,3.8355326719342617,91.68373064751684,53.469
16.171999999999997,-0.0802453346077687,0.1296222003649572,3.863489091557134,35.41024691295516,up,down,down,up,0.000353100683803,-0.0100646949087561,3.8355326719342617,91.68373064751684,53.485
16.186999999999998,-0.0782164990909866,0.1349026004350001,3.8648285257335058,35.409817520904525,up,down,down,up,0.000353100683803,-0.0100646949087561,3.8355326719342617,91.68373064751684,53.5
16.202999999999996,-0.0759443886323528,0.141653802980828,3.8662228479538325,35.40933763266597,up,down,down,up,0.000353100683803,-0.0100646949087561,3.8355326719342617,91.68373064751684,53.516
16.217999999999996,-0.0738852077022667,0.1369256279885956,3.8674975403499734,35.4088677198327,up,down,down,up,0.000353100683803,-0.0100646949087561,3.8355326719342617,91.68373064751684,53.531
16.25,-0.0721464249118533,0.0539838615166095,3.8701561167088796,35.40780230682164,up,down,down,up,0.000353100683803,-0.0100646949087561,3.8355326719342617,91.68373064751684,53.563
16.265,-0.0689037145249909,0.215827591773683,3.8713649631782876,35.40727388880153,up,down,down,up,0.000353100683803,-0.0100646949087561,3.8355326719342617,91.68373064751684,53.578
16.281,-0.0685229040201137,0.0234475558710283,3.8726254112451883,35.406690488557075,up,down,down,up,0.000353100683803,-0.0100646949087561,3.8355326719342617,91.68373064751684,53.594
16.296999999999997,-0.0682161784019009,0.018817250454497,3.8738803590231043,35.406086965145875,up,down,down,up,0.000353100683803,-0.0100646949087561,3.8355326719342617,91.68373064751684,53.61
16.311999999999998,-0.0670197930503989,0.07940592274966171,3.875045599232628,35.405503010537956,up,down,down,up,0.000353100683803,-0.0100646949087561,3.8355326719342617,91.68373064751684,53.625
16.327999999999996,-0.0627927361599863,0.26383795496701257,3.876245134584851,35.40486120741838,up,down,down,up,0.000353100683803,-0.0100646949087561,3.8355326719342617,91.68373064751684,53.641
16.342999999999996,-0.05868956007587481,0.2731919715902854,3.877307222230251,35.40424255482128,up,down,down,up,0.000353100683803,-0.0100646949087561,3.8355326719342617,91.68373064751684,53.656
16.358999999999995,-0.057723052964213706,0.060053593795024195,3.878399558253112,35.40356542332836,up,down,down,up,0.000353100683803,-0.0100646949087561,3.8355326719342617,91.68373064751684,53.672
16.375,-0.055107226529829204,0.1631360514651746,3.879463235607605,35.402871043728425,up,down,down,up,0.000353100683803,-0.0100646949087561,3.8355326719342617,91.68373064751684,53.688
16.39,-0.0542011204684983,0.0600539700715882,3.8804340186337236,35.402204804400625,up,down,down,up,0.000353100683803,-0.0100646949087561,3.8355326719342617,91.68373064751684,53.703
16.406,-0.05330770303257991,0.0554854890610974,3.881455124340272,35.40147821400778,up,down,down,up,0.000353100683803,-0.0100646949087561,3.8355326719342617,91.68373064751684,53.719
16.421999999999997,-0.051899220359485895,0.0876770663845825,3.882457814845949,35.400735433245245,up,down,down,up,0.000353100683803,-0.0100646949087561,3.8355326719342617,91.68373064751684,53.735
16.436999999999998,-0.051512380523130105,0.0254362217399153,3.8833843722762,35.40002460692084,up,down,down,up,0.000353100683803,-0.0100646949087561,3.8355326719342617,91.68373064751684,53.75
16.467999999999996,-0.0511425597813258,0.0115766006647252,3.88528752939309,35.39851170527493,up,down,down,up,0.000353100683803,-0.0100646949087561,3.8355326719342617,91.68373064751684,53.781
16.483999999999995,-0.049937170611206894,0.07498372244863781,3.8862572023547703,35.3977078701719,up,down,down,up,0.000353100683803,-0.0100646949087561,3.8355326719342617,91.68373064751684,53.797
16.5,-0.048369831859071497,0.0976055713246222,3.8872046934930733,35.39688869775608,up,down,down,up,0.000353100683803,-0.0100646949087561,3.8355326719342617,91.68373064751684,53.813
16.515,-0.0446181279868334,0.2497604907987282,3.888053073615549,35.396107254581764,up,down,down,up,0.000353100683803,-0.0100646949087561,3.8355326719342617,91.68373064751684,53.828
16.531,-0.0427114600966991,0.1188136424496021,3.888912745438757,35.39526005078028,up,down,down,up,0.000353100683803,-0.0100646949087561,3.8355326719342617,91.68373064751684,53.844
16.561999999999998,-0.0428000396622643,0.0,3.8905501792271924,35.39357988827793,up,down,down,up,0.000353100683803,-0.0100646949087561,3.8355326719342617,91.68373064751684,53.875
16.577999999999996,-0.039417219798739495,0.21107314078652298,3.8913689524214203,35.39269305797568,up,down,down,up,0.000353100683803,-0.0100646949087561,3.8355326719342617,91.68373064751684,53.891
16.592999999999996,-0.0376551061774109,0.1171211407380998,3.892097965289873,35.39185004617187,up,down,down,up,0.000353100683803,-0.0100646949087561,3.8355326719342617,91.68373064751684,53.906
16.625,-0.0359459290821285,0.053058683543766,3.8935976520911058,35.39001596179568,up,down,down,up,0.000353100683803,-0.0100646949087561,3.8355326719342617,91.68373064751684,53.938
16.64,-0.0353502731083708,0.039357297566706,3.894283344031166,35.38913984440376,up,down,down,up,0.000353100683803,-0.0100646949087561,3.8355326719342617,91.68373064751684,53.953
16.656,-0.035238985996995695,0.0,3.8950090932225487,35.38819402765668,up,down,down,up,0.000353100683803,-0.0100646949087561,3.8355326719342617,91.68373064751684,53.969
16.671999999999997,-0.034907488980565005,0.020365462843121702,3.8957313001409095,35.38723662726072,up,down,down,up,0.000353100683803,-0.0100646949087561,3.8355326719342617,91.68373064751684,53.985
16.686999999999998,-0.0336605904620875,0.0827734672146924,3.8963965311603608,35.38632865860498,up,down,down,up,0.000353100683803,-0.0100646949087561,3.8355326719342617,91.68373064751684,54.0
16.717999999999996,-0.0339591883810329,0.0,3.8977566432746005,35.3844207972312,up,down,down,up,0.000353100683803,-0.0100646949087561,3.8355326719342617,91.68373064751684,54.031
16.733999999999995,-0.034227188529685704,0.017103109974605,3.8984631694084264,35.38341956148068,up,down,down,up,0.000353100683803,-0.0100646949087561,3.8355326719342617,91.68373064751684,54.047
16.75,-0.0347867177988572,0.0353236800070148,3.899176315777595,35.38240696835014,up,down,down,up,0.000353100683803,-0.0100646949087561,3.8355326719342617,91.68373064751684,54.063
16.765,-0.0338320432399577,0.0632918699094963,3.8998419269090174,35.381447321609,up,down,down,up,0.000353100683803,-0.0100646949087561,3.8355326719342617,91.68373064751684,54.078
16.781,-0.0328347020367748,0.061980724515138495,3.900536295989771,35.38041281857676,up,down,down,up,0.000353100683803,-0.0100646949087561,3.8355326719342617,91.68373064751684,54.094
16.796999999999997,-0.031615891154333,0.0758225794688179,3.9012129358538403,35.379367347472964,up,down,down,up,0.000353100683803,-0.0100646949087561,3.8355326719342617,91.68373064751684,54.11
16.811999999999998,-0.0305011549517147,0.07396264615741151,3.901829784123267,35.378377517152146,up,down,down,up,0.000353100683803,-0.0100646949087561,3.8355326719342617,91.68373064751684,54.125
16.827999999999996,-0.027927159660331196,0.16052160502768148,3.9024582457587034,35.37731173566404,up,down,down,up,0.000353100683803,-0.0100646949087561,3.8355326719342617,91.68373064751684,54.141
16.842999999999996,-0.0277085199901848,0.014222877325960299,3.9030264837797137,35.37630359027152,up,down,down,up,0.000353100683803,-0.0100646949087561,3.8355326719342617,91.68373064751684,54.156
16.875,-0.027419909257892196,0.0,3.904230608884763,35.374124522290785,up,down,down,up,0.000353100683803,-0.0100646949087561,3.8355326719342617,91.68373064751684,54.188
16.89,-0.0270943026126975,0.0213540089958397,3.9047904358974237,35.373089854533916,up,down,down,up,0.000353100683803,-0.0100646949087561,3.8355326719342617,91.68373064751684,54.203
16.906,-0.0262637367588248,0.0515572651832499,3.905378335330936,35.37197702711504,up,down,down,up,0.000353100683803,-0.0100646949087561,3.8355326719342617,91.68373064751684,54.219
16.921999999999997,-0.025917807818599297,0.021267458080289903,3.9059568228060955,35.3708548686009,up,down,down,up,0.000353100683803,-0.0100646949087561,3.8355326719342617,91.68373064751684,54.235
16.936999999999998,-0.025616750996603,0.0197173541159513,3.9064943024208407,35.369794475240724,up,down,down,up,0.000353100683803,-0.0100646949087561,3.8355326719342617,91.68373064751684,54.25
16.952999999999996,-0.0236857216314395,0.12033623463893141,3.9070497573204053,35.368654645513715,up,down,down,up,0.000353100683803,-0.0100646949087561,3.8355326719342617,91.68373064751684,54.266
16.967999999999996,-0.023577627036066997,0.0,3.907555202859043,35.367578098391405,up,down,down,up,0.000353100683803,-0.0100646949087561,3.8355326719342617,91.68373064751684,54.281
16.983999999999995,-0.0235110925999767,0.0,3.9080929477346715,35.366421435937596,up,down,down,up,0.000353100683803,-0.0100646949087561,3.8355326719342617,91.68373064751684,54.297
17.0,-0.023780531339483,0.0171930219029446,3.908632315844727,35.3652561565799,up,down,down,up,0.000353100683803,-0.0100646949087561,3.8355326719342617,91.68373064751684,54.313
17.015,-0.021842283836544896,0.128863399512068,3.9091254573821788,35.36415596335972,up,down,down,up,0.000353100683803,-0.0100646949087561,3.8355326719342617,91.68373064751684,54.328
17.031,-0.0216245449530597,0.013255579534023199,3.909634227131036,35.36297440863456,up,down,down,up,0.000353100683803,-0.0100646949087561,3.8355326719342617,91.68373064751684,54.344
17.061999999999998,-0.023079625690423097,0.047291188985851405,3.910639147318181,35.36066168416056,up,down,down,up,0.000353100683803,-0.0100646949087561,3.8355326719342617,91.68373064751684,54.375
17.092999999999996,-0.0223631047363444,0.022760478480027,3.9116555151819674,35.35831762972177,up,down,down,up,0.000353100683803,-0.0100646949087561,3.8355326719342617,91.68373064751684,54.406
17.108999999999995,-0.0210545857854037,0.0814293337500029,3.9121638918246813,35.357095597216656,up,down,down,up,0.000353100683803,-0.0100646949087561,3.8355326719342617,91.68373064751684,54.422
17.125,-0.0196853958741237,0.0852212687711677,3.912150846796498,35.35586960205865,up,down,down,up,0.000353100683803,-0.0100646949087561,3.8355326719342617,91.68373064751684,54.438
17.14,-0.0183995213560859,0.08537186718537661,3.912087454099356,35.35472080488093,up,down,down,up,0.000353100683803,-0.0100646949087561,3.8355326719342617,91.68373064751684,54.453
17.171999999999997,-0.0160564237968615,0.07286869804196941,3.9124608194588832,35.352265078005885,up,down,down,up,0.000353100683803,-0.0100646949087561,3.8355326719342617,91.68373064751684,54.485
17.186999999999998,-0.0158338154407947,0.014487456387316399,3.912350966676797,35.35111197968888,up,down,down,up,0.000353100683803,-0.0100646949087561,3.8355326719342617,91.68373064751684,54.5
17.202999999999996,-0.013992868053065901,0.11470611104925811,3.9122506152632877,35.34988368978432,up,down,down,up,0.000353100683803,-0.0100646949087561,3.8355326719342617,91.68373064751684,54.516
17.217999999999996,-0.0125984350251169,0.0926091011794567,3.9121010204600055,35.348734042595396,up,down,down,up,0.000353100683803,-0.0100646949087561,3.8355326719342617,91.68373064751684,54.531
17.233999999999995,-0.013853097789905199,0.0787695234830772,3.9119736678410657,35.34750996783994,up,down,down,up,0.000353100683803,-0.0100646949087561,3.8355326719342617,91.68373064751684,54.547
17.25,-0.0151229780649693,0.0797206178752851,3.911866511566445,35.34628776915562,up,down,down,up,0.000353100683803,-0.0100646949087561,3.8355326719342617,91.68373064751684,54.563
17.265,-0.0150041805821211,0.0,3.9117434356799294,35.34514368463029,up,down,down,up,0.000353100683803,-0.0100646949087561,3.8355326719342617,91.68373064751684,54.578
17.281,-0.010438135933062798,0.285024689882372,3.911608009330591,35.343925395821145,up,down,down,up,0.000353100683803,-0.0100646949087561,3.8355326719342617,91.68373064751684,54.594
17.296999999999997,0.0,0.2741353528970284,3.9114009201020017,35.342709847136646,up,down,down,up,0.000353100683803,-0.0100646949087561,3.8355326719342617,91.68373064751684,54.61
17.327999999999996,0.0,0.0,3.9114015448991855,35.34035792175908,up,down,down,up,0.000353100683803,-0.0100646949087561,3.8355326719342617,91.68373064751684,54.641
17.342999999999996,0.0,0.0851486808163165,3.911134736325177,35.339221889728904,up,down,down,up,0.000353100683803,-0.0100646949087561,3.8355326719342617,91.68373064751684,54.656
17.358999999999995,0.0,0.0355415080879369,3.9108686191225313,35.338014385636285,up,down,down,up,0.000353100683803,-0.0100646949087561,3.8355326719342617,91.68373064751684,54.672
17.39,0.0,0.040421959293080095,3.9107932727631116,35.335680139142,up,down,down,up,0.000353100683803,-0.0100646949087561,3.8355326719342617,91.68373064751684,54.703
17.406,0.0,0.039180631124406604,3.910507306544691,35.33447825725848,up,down,down,up,0.000353100683803,-0.0100646949087561,3.8355326719342617,91.68373064751684,54.719
17.421999999999997,0.0,0.0382902120459368,3.9102311662004214,35.333280872227476,up,down,down,up,0.000353100683803,-0.0100646949087561,3.8355326719342617,91.68373064751684,54.735
17.436999999999998,0.0,0.0550175370075675,3.909951736830118,35.33216249053376,up,down,down,up,0.000353100683803,-0.0100646949087561,3.8355326719342617,91.68373064751684,54.75
17.452999999999996,0.0,0.1327275903440098,3.9096765375723694,35.33097398708948,up,down,down,up,0.000353100683803,-0.0100646949087561,3.8355326719342617,91.68373064751684,54.766
17.467999999999996,0.0,0.14108519791987528,3.9093554067767133,35.32986423758588,up,down,down,up,0.000353100683803,-0.0100646949087561,3.8355326719342617,91.68373064751684,54.781
17.483999999999995,0.0,0.19671534139455948,3.9090040032382616,35.328685885056714,up,down,down,up,0.000353100683803,-0.0100646949087561,3.8355326719342617,91.68373064751684,54.797
17.5,0.0,0.0616648451705408,3.908635222842518,35.32751329399905,up,down,down,up,0.000353100683803,-0.0100646949087561,3.8355326719342617,91.68373064751684,54.813
17.515,0.0,0.10721277588831721,3.9082534974697327,35.3264196186757,up,down,down,up,0.000353100683803,-0.0100646949087561,3.8355326719342617,91.68373064751684,54.828
17.531,0.0,0.1034593532206589,3.907853461172807,35.325259285757525,up,down,down,up,0.000353100683803,-0.0100646949087561,3.8355326719342617,91.68373064751684,54.844
17.546999999999997,0.0,0.0707986124825001,3.9074310294624954,35.32410553258336,up,down,down,up,0.000353100683803,-0.0100646949087561,3.8355326719342617,91.68373064751684,54.86
17.561999999999998,0.0,0.1010630736630546,3.9069838022088845,35.32303041142484,up,down,down,up,0.000353100683803,-0.0100646949087561,3.8355326719342617,91.68373064751684,54.875
17.592999999999996,0.0,0.0247692439157662,3.9065810185810435,35.32082166953258,up,down,down,up,0.000353100683803,-0.0100646949087561,3.8355326719342617,91.68373064751684,54.906
17.608999999999995,0.0,0.134218005312562,3.9061543846844393,35.3196883090574,up,down,down,up,0.000353100683803,-0.0100646949087561,3.8355326719342617,91.68373064751684,54.922
17.64,0.0,0.046909264168735205,3.905852100242671,35.31750372137098,up,down,down,up,0.000353100683803,-0.0100646949087561,3.8355326719342617,91.68373064751684,54.953
17.656,0.0,0.036029700302146694,3.9054610359124213,35.31638173903268,up,down,down,up,0.000353100683803,-0.0100646949087561,3.8355326719342617,91.68373064751684,54.969
17.671999999999997,0.0,0.015354216571063301,3.9050672347264794,35.31526603561852,up,down,down,up,0.000353100683803,-0.0100646949087561,3.8355326719342617,91.68373064751684,54.985
17.686999999999998,0.0,0.0128880936922938,3.904670006435279,35.31422599638884,up,down,down,up,0.000353100683803,-0.0100646949087561,3.8355326719342617,91.68373064751684,55.0
17.702999999999996,0.0,0.12706866293112098,3.9042648238047497,35.313123040497885,up,down,down,up,0.000353100683803,-0.0100646949087561,3.8355326719342617,91.68373064751684,55.016
17.717999999999996,0.0,0.0,3.9038392291235704,35.31209525017992,up,down,down,up,0.000353100683803,-0.0100646949087561,3.8355326719342617,91.68373064751684,55.031
17.733999999999995,0.0,0.0,3.903420187664403,35.311005697596556,up,down,down,up,0.000353100683803,-0.0100646949087561,3.8355326719342617,91.68373064751684,55.047
17.75,0.0,0.045546919829260506,3.903007665591829,35.309922797521466,up,down,down,up,0.000353100683803,-0.0100646949087561,3.8355326719342617,91.68373064751684,55.063
17.765,0.0,0.06912744454693591,3.9025872828457495,35.308913825487195,up,down,down,up,0.000353100683803,-0.0100646949087561,3.8355326719342617,91.68373064751684,55.078
17.781,0.0,0.059224898863015095,3.9021562442672284,35.30784440002124,up,down,down,up,0.000353100683803,-0.0100646949087561,3.8355326719342617,91.68373064751684,55.094
17.796999999999997,0.0,0.0111347751978754,3.9017161092566526,35.306781943944,up,down,down,up,0.000353100683803,-0.0100646949087561,3.8355326719342617,91.68373064751684,55.11
17.827999999999996,0.0,0.0515805639667616,3.9013042945545786,35.304736640514875,up,down,down,up,0.000353100683803,-0.0100646949087561,3.8355326719342617,91.68373064751684,55.141
17.842999999999996,0.0,0.038702971994137005,3.9008392046435176,35.303753554349925,up,down,down,up,0.000353100683803,-0.0100646949087561,3.8355326719342617,91.68373064751684,55.156
17.875,0.0,0.0344995481273941,3.9004050389128446,35.301670691954925,up,down,down,up,0.000353100683803,-0.0100646949087561,3.8355326719342617,91.68373064751684,55.188
