timestamps,aAcc,aJerk,aVelocity,aHeight,jerks_direction,accelerations_direction,velocities_direction,heights_direction,start_jerks,start_accelerations,start_velocities,start_heights,actual_timestamps
0.0,0.0,0.0,0.0,0.0,down,up,up,down,0.0769771196986734,-0.0058111732025842,-4.93061312117326,-25.698146201151296,14.297
0.016000000000000014,0.0,0.012563491737060992,0.0,0.07889048780938879,down,up,up,down,0.0769771196986734,-0.0058111732025842,-4.93061312117326,-25.698146201151296,14.313
0.030999999999998806,0.0,0.0,0.0,0.15285143688853253,down,up,up,down,0.0769771196986734,-0.0058111732025842,-4.93061312117326,-25.698146201151296,14.328
0.04699999999999882,0.0,0.0,0.0,0.23174402912549397,down,up,up,down,0.0769771196986734,-0.0058111732025842,-4.93061312117326,-25.698146201151296,14.344
0.06199999999999939,0.0,0.0548656107601805,0.0,0.30570646880068253,down,up,up,down,0.0769771196986734,-0.0058111732025842,-4.93061312117326,-25.698146201151296,14.359
0.0779999999999994,0.0,0.0717072864200307,0.0,0.38460028335899565,down,up,up,down,0.0769771196986734,-0.0058111732025842,-4.93061312117326,-25.698146201151296,14.375
0.09399999999999942,0.0,0.0708513895206763,0.0,0.46349462365425254,down,up,up,down,0.0769771196986734,-0.0058111732025842,-4.93061312117326,-25.698146201151296,14.391
0.10899999999999999,0.0,0.07060237609883849,0.0,0.5374585236672651,down,up,up,down,0.0769771196986734,-0.0058111732025842,-4.93061312117326,-25.698146201151296,14.406
0.125,0.0,0.1001477444050323,0.0,0.6163538419475536,down,up,up,down,0.0769771196986734,-0.0058111732025842,-4.93061312117326,-25.698146201151296,14.422
0.14100000000000001,0.0,0.08702621309020199,0.0,0.6952497187416355,down,up,up,down,0.0769771196986734,-0.0058111732025842,-4.93061312117326,-25.698146201151296,14.438
0.1559999999999988,0.0,0.087434712821511,0.0,0.769215159242183,down,up,up,down,0.0769771196986734,-0.0058111732025842,-4.93061312117326,-25.698146201151296,14.453
0.17199999999999882,0.0,0.1526931665862816,0.0,0.8481123300846853,down,up,up,down,0.0769771196986734,-0.0058111732025842,-4.93061312117326,-25.698146201151296,14.469
0.1869999999999994,0.0,0.1557710546710802,0.0,0.9220792965086879,down,up,up,down,0.0769771196986734,-0.0058111732025842,-4.93061312117326,-25.698146201151296,14.484
0.2029999999999994,0.0,0.10364265980755669,0.0,1.0009785768271549,down,up,up,down,0.0769771196986734,-0.0058111732025842,-4.93061312117326,-25.698146201151296,14.5
0.21899999999999942,0.0,0.1029922807805893,0.0,1.0798792316718142,down,up,up,down,0.0769771196986734,-0.0058111732025842,-4.93061312117326,-25.698146201151296,14.516
0.23399999999999999,0.0,0.0826035960591679,0.0,1.1538499210917053,down,up,up,down,0.0769771196986734,-0.0058111732025842,-4.93061312117326,-25.698146201151296,14.531
0.25,0.0,0.08212328710155409,0.0,1.2327534463881804,down,up,up,down,0.0769771196986734,-0.0058111732025842,-4.93061312117326,-25.698146201151296,14.547
0.266,0.0,0.1244071855013294,0.0,1.311658539418012,down,up,up,down,0.0769771196986734,-0.0058111732025842,-4.93061312117326,-25.698146201151296,14.563
0.2809999999999988,0.0,0.1263352369567577,0.0,1.3856336211826843,down,up,up,down,0.0769771196986734,-0.0058111732025842,-4.93061312117326,-25.698146201151296,14.578
0.2969999999999988,0.0,0.0643667972229922,0.0,1.4645421663405003,down,up,up,down,0.0769771196986734,-0.0058111732025842,-4.93061312117326,-25.698146201151296,14.594
0.3119999999999994,0.0,0.04291746912013819,0.0,1.538520596956225,down,up,up,down,0.0769771196986734,-0.0058111732025842,-4.93061312117326,-25.698146201151296,14.609
0.3279999999999994,0.0,0.0443543466209784,0.0,1.617432592065395,down,up,up,down,0.0769771196986734,-0.0058111732025842,-4.93061312117326,-25.698146201151296,14.625
0.3439999999999994,0.0,0.0,0.0,1.6963461429782143,down,up,up,down,0.0769771196986734,-0.0058111732025842,-4.93061312117326,-25.698146201151296,14.641
0.359,0.0,0.0685830164508075,0.0,1.7703288478155947,down,up,up,down,0.0769771196986734,-0.0058111732025842,-4.93061312117326,-25.698146201151296,14.656
0.375,0.0,0.0668096654039551,0.0,1.8492449709127428,down,up,up,down,0.0769771196986734,-0.0058111732025842,-4.93061312117326,-25.698146201151296,14.672
0.391,0.0,0.06929870092187149,0.0,1.9281623357324342,down,up,up,down,0.0769771196986734,-0.0058111732025842,-4.93061312117326,-25.698146201151296,14.688
0.4059999999999988,0.0,0.017576589031411995,0.0,2.0021484193607506,down,up,up,down,0.0769771196986734,-0.0058111732025842,-4.93061312117326,-25.698146201151296,14.703
0.4219999999999988,0.0,0.022647366039629795,0.0,2.0810678554027575,down,up,up,down,0.0769771196986734,-0.0058111732025842,-4.93061312117326,-25.698146201151296,14.719
0.4369999999999994,0.0,0.020311350638041695,0.0,2.155055518628707,down,up,up,down,0.0769771196986734,-0.0058111732025842,-4.93061312117326,-25.698146201151296,14.734
0.4529999999999994,0.0,0.12632818789137779,0.0,2.2339763169056006,down,up,up,down,0.0769771196986734,-0.0058111732025842,-4.93061312117326,-25.698146201151296,14.75
0.4689999999999994,0.0,0.09443547844500949,0.0,2.312897824160043,down,up,up,down,0.0769771196986734,-0.0058111732025842,-4.93061312117326,-25.698146201151296,14.766
0.484,0.0,0.09288341113573499,0.0,2.3868874723729405,down,up,up,down,0.0769771196986734,-0.0058111732025842,-4.93061312117326,-25.698146201151296,14.781
0.5,0.0,0.1206602252368237,0.0,2.4658106411215996,down,up,up,down,0.0769771196986734,-0.0058111732025842,-4.93061312117326,-25.698146201151296,14.797
0.516,0.0,0.12793208630290628,0.0,2.544734870467927,down,up,up,down,0.0769771196986734,-0.0058111732025842,-4.93061312117326,-25.698146201151296,14.813
0.5309999999999988,0.0,0.12950296998861188,0.0,2.6187274769097826,down,up,up,down,0.0769771196986734,-0.0058111732025842,-4.93061312117326,-25.698146201151296,14.828
0.5469999999999988,0.0,0.1033628073806579,0.0,2.6976543213525552,down,up,up,down,0.0769771196986734,-0.0058111732025842,-4.93061312117326,-25.698146201151296,14.844
0.5619999999999994,0.0,0.039879806388059595,0.0,2.7716496087529627,down,up,up,down,0.0769771196986734,-0.0058111732025842,-4.93061312117326,-25.698146201151296,14.859
0.5779999999999994,0.0,0.0710863456809818,0.0,2.850579327190996,down,up,up,down,0.0769771196986734,-0.0058111732025842,-4.93061312117326,-25.698146201151296,14.875
0.5939999999999994,0.0,0.07106477740703719,0.0,2.929510450662523,down,up,up,down,0.0769771196986734,-0.0058111732025842,-4.93061312117326,-25.698146201151296,14.891
0.609,0.0,0.14181762677896648,0.0,3.0035096933840535,down,up,up,down,0.0769771196986734,-0.0058111732025842,-4.93061312117326,-25.698146201151296,14.906
0.625,0.0,0.1580749684053637,0.0,3.0824438225355237,down,up,up,down,0.0769771196986734,-0.0058111732025842,-4.93061312117326,-25.698146201151296,14.922
0.641,0.0,0.1508271079428967,0.0,3.161379906268145,down,up,up,down,0.0769771196986734,-0.0058111732025842,-4.93061312117326,-25.698146201151296,14.938
0.6559999999999988,0.0,0.10213889063665499,0.0,3.2353844917208896,down,up,up,down,0.0769771196986734,-0.0058111732025842,-4.93061312117326,-25.698146201151296,14.953
0.6719999999999988,0.0,0.1333679944260922,0.0,3.3143250386313916,down,up,up,down,0.0769771196986734,-0.0058111732025842,-4.93061312117326,-25.698146201151296,14.969
0.6869999999999994,0.0,0.1350506928523394,0.0,3.3883341503692286,down,up,up,down,0.0769771196986734,-0.0058111732025842,-4.93061312117326,-25.698146201151296,14.984
0.7029999999999994,0.0,0.0645034127229049,0.0,3.4672798649718786,down,up,up,down,0.0769771196986734,-0.0058111732025842,-4.93061312117326,-25.698146201151296,15.0
0.7189999999999994,0.0,0.0517458840848528,0.0,3.5462283305117666,down,up,up,down,0.0769771196986734,-0.0058111732025842,-4.93061312117326,-25.698146201151296,15.016
0.734,0.0,0.07628230411618199,0.0,3.620244957005255,down,up,up,down,0.0769771196986734,-0.0058111732025842,-4.93061312117326,-25.698146201151296,15.031
0.75,0.0,0.0763416176415843,0.0,3.6991986001632107,down,up,up,down,0.0769771196986734,-0.0058111732025842,-4.93061312117326,-25.698146201151296,15.047
0.766,0.0,0.07942771582647429,0.0,3.7781549018640277,down,up,up,down,0.0769771196986734,-0.0058111732025842,-4.93061312117326,-25.698146201151296,15.063
0.7809999999999988,0.0,0.0977682157458467,0.0,3.8521788706415343,down,up,up,down,0.0769771196986734,-0.0058111732025842,-4.93061312117326,-25.698146201151296,15.078
0.7969999999999988,0.0,0.054937227175422196,0.0,3.931140388858875,down,up,up,down,0.0769771196986734,-0.0058111732025842,-4.93061312117326,-25.698146201151296,15.094
0.8119999999999994,0.0,0.052662605891400496,0.0,4.005169224094189,down,up,up,down,0.0769771196986734,-0.0058111732025842,-4.93061312117326,-25.698146201151296,15.109
0.8279999999999994,0.0,0.04659486140679009,0.0,4.084135787348032,down,up,up,down,0.0769771196986734,-0.0058111732025842,-4.93061312117326,-25.698146201151296,15.125
0.8439999999999994,0.0,0.04733589209682249,0.0,4.163104788529974,down,up,up,down,0.0769771196986734,-0.0058111732025842,-4.93061312117326,-25.698146201151296,15.141
0.859,0.0,0.04975239821904309,0.0,4.237140335802163,down,up,up,down,0.0769771196986734,-0.0058111732025842,-4.93061312117326,-25.698146201151296,15.156
0.875,0.0,0.05207645980875859,0.0,4.3161137273451935,down,up,up,down,0.0769771196986734,-0.0058111732025842,-4.93061312117326,-25.698146201151296,15.172
0.891,0.0,0.110980984411979,0.0,4.395089061140183,down,up,up,down,0.0769771196986734,-0.0058111732025842,-4.93061312117326,-25.698146201151296,15.188
0.9059999999999988,0.0,0.11862155774977722,0.0,4.469129668374947,down,up,up,down,0.0769771196986734,-0.0058111732025842,-4.93061312117326,-25.698146201151296,15.203
0.9219999999999988,0.0,0.0996634580622268,0.0,4.548106881115633,down,up,up,down,0.0769771196986734,-0.0058111732025842,-4.93061312117326,-25.698146201151296,15.219
0.9369999999999994,0.0,0.06042275008793181,0.0,4.622147948849083,down,up,up,down,0.0769771196986734,-0.0058111732025842,-4.93061312117326,-25.698146201151296,15.234
0.9529999999999994,0.0104113086243432,0.0486934929109228,0.0,4.701124440565344,down,up,up,down,0.0769771196986734,-0.0058111732025842,-4.93061312117326,-25.698146201151296,15.25
0.9689999999999994,0.0130288062110927,0.0866164794731671,0.0,4.78009971581379,down,up,up,down,0.0769771196986734,-0.0058111732025842,-4.93061312117326,-25.698146201151296,15.266
0.984,0.015582462393288199,0.0932666257810199,0.0,4.854137371666237,down,up,up,down,0.0769771196986734,-0.0058111732025842,-4.93061312117326,-25.698146201151296,15.281
1.0,0.0188366579602944,0.1264101032392161,0.0,4.9331083929133115,down,up,up,down,0.0769771196986734,-0.0058111732025842,-4.93061312117326,-25.698146201151296,15.297
1.016,0.022024091899623798,0.1222375015094145,0.0,5.012076083909033,down,up,up,down,0.0769771196986734,-0.0058111732025842,-4.93061312117326,-25.698146201151296,15.313
1.0309999999999988,0.0252522955905173,0.13823645969424353,0.0,5.086104534373501,down,up,up,down,0.0769771196986734,-0.0058111732025842,-4.93061312117326,-25.698146201151296,15.328
1.0469999999999988,0.027920245887619398,0.08976977387020742,0.0,5.165063416413982,down,up,up,down,0.0769771196986734,-0.0058111732025842,-4.93061312117326,-25.698146201151296,15.344
1.0619999999999994,0.0326660688565584,0.239411078230581,0.0,5.2390821210920215,down,up,up,down,0.0769771196986734,-0.0058111732025842,-4.93061312117326,-25.698146201151296,15.359
1.0779999999999994,0.0373063301756583,0.2130392127450696,0.0,5.31802873384045,down,up,up,down,0.0769771196986734,-0.0058111732025842,-4.93061312117326,-25.698146201151296,15.375
1.0939999999999994,0.0416265036861957,0.1930337247099122,0.0,5.3969673043143125,down,up,up,down,0.0769771196986734,-0.0058111732025842,-4.93061312117326,-25.698146201151296,15.391
1.109,0.0454965085720981,0.1810232060281428,0.0,5.470963928591868,down,up,up,down,0.0769771196986734,-0.0058111732025842,-4.93061312117326,-25.698146201151296,15.406
1.125,0.0493251135516405,0.1623106915227266,0.0,5.549883806360988,down,up,up,down,0.0769771196986734,-0.0058111732025842,-4.93061312117326,-25.698146201151296,15.422
1.141,0.0560546987198477,0.3436219533142767,0.0,5.628792358898647,down,up,up,down,0.0769771196986734,-0.0058111732025842,-4.93061312117326,-25.698146201151296,15.438
1.1559999999999988,0.062243975487723,0.3356413314930454,0.0,5.702757500911304,down,up,up,down,0.0769771196986734,-0.0058111732025842,-4.93061312117326,-25.698146201151296,15.453
1.1719999999999988,0.0682564990663915,0.2988056039681106,0.0,5.781639643611609,down,up,up,down,0.0769771196986734,-0.0058111732025842,-4.93061312117326,-25.698146201151296,15.469
1.1869999999999994,0.07270434383716651,0.21954586501964723,0.0,5.855577244415031,down,up,up,down,0.0769771196986734,-0.0058111732025842,-4.93061312117326,-25.698146201151296,15.484
1.2029999999999994,0.0782913793872007,0.27221260217846743,0.0,5.934427338399438,down,up,up,down,0.0769771196986734,-0.0058111732025842,-4.93061312117326,-25.698146201151296,15.5
1.2189999999999994,0.0845166830908716,0.3121043617807515,0.0,6.013258836601899,down,up,up,down,0.0769771196986734,-0.0058111732025842,-4.93061312117326,-25.698146201151296,15.516
1.234,0.0905863367925476,0.3276664604130448,0.0,6.087145099235865,down,up,up,down,0.0769771196986734,-0.0058111732025842,-4.93061312117326,-25.698146201151296,15.531
1.25,0.0971364828841422,0.3324070110259921,0.0,6.165936033441394,down,up,up,down,0.0769771196986734,-0.0058111732025842,-4.93061312117326,-25.698146201151296,15.547
1.266,0.1033063394460355,0.30863891541965643,0.0,6.2447036127061715,down,up,up,down,0.0769771196986734,-0.0058111732025842,-4.93061312117326,-25.698146201151296,15.563
1.2809999999999988,0.10932627067608701,0.3243516289714597,0.0,6.318525582211009,down,up,up,down,0.0769771196986734,-0.0058111732025842,-4.93061312117326,-25.698146201151296,15.578
1.2969999999999988,0.1152485260535715,0.293163841394106,0.011605895608742145,6.397243326776859,down,up,up,down,0.0769771196986734,-0.0058111732025842,-4.93061312117326,-25.698146201151296,15.594
1.3119999999999994,0.1222617959321307,0.39057420553858985,0.013300055425596646,6.471015728961703,down,up,up,down,0.0769771196986734,-0.0058111732025842,-4.93061312117326,-25.698146201151296,15.609
1.3279999999999994,0.1290954864873032,0.3501285399996054,0.015217934913710707,6.549677394977763,down,up,up,down,0.0769771196986734,-0.0058111732025842,-4.93061312117326,-25.698146201151296,15.625
1.3439999999999994,0.1372181428491518,0.43068890291686446,0.017255465177161255,6.62830741771581,down,up,up,down,0.0769771196986734,-0.0058111732025842,-4.93061312117326,-25.698146201151296,15.641
1.359,0.1451426856411987,0.4513257331044337,0.01928600379279999,6.701992553516135,down,up,up,down,0.0769771196986734,-0.0058111732025842,-4.93061312117326,-25.698146201151296,15.656
1.375,0.1527304851638184,0.3972603504650559,0.0215760103879985,6.780555467341458,down,up,up,down,0.0769771196986734,-0.0058111732025842,-4.93061312117326,-25.698146201151296,15.672
1.391,0.1601545103066452,0.3870244517280016,0.023986111580520664,6.859080780304481,down,up,up,down,0.0769771196986734,-0.0058111732025842,-4.93061312117326,-25.698146201151296,15.688
1.4059999999999988,0.1677400763366473,0.428727282301511,0.02635815338230607,6.932662395134855,down,up,up,down,0.0769771196986734,-0.0058111732025842,-4.93061312117326,-25.698146201151296,15.703
1.4219999999999988,0.1754718029667453,0.4062557946824526,0.029010869645492043,7.011109252889405,down,up,up,down,0.0769771196986734,-0.0058111732025842,-4.93061312117326,-25.698146201151296,15.719
1.4369999999999994,0.1830149508985473,0.4258994090881073,0.031612352701443136,7.0846137755394025,down,up,up,down,0.0769771196986734,-0.0058111732025842,-4.93061312117326,-25.698146201151296,15.734
1.4529999999999994,0.1919282640107339,0.4801049498129869,0.034518919649475954,7.1629745352993694,down,up,up,down,0.0769771196986734,-0.0058111732025842,-4.93061312117326,-25.698146201151296,15.75
1.4689999999999994,0.2006241792421351,0.46651758226390305,0.03756636042425754,7.24128766299755,down,up,up,down,0.0769771196986734,-0.0058111732025842,-4.93061312117326,-25.698146201151296,15.766
1.484,0.2076884729626548,0.3939757950026183,0.04054153771775493,7.314661050579083,down,up,up,down,0.0769771196986734,-0.0058111732025842,-4.93061312117326,-25.698146201151296,15.781
1.5,0.2145804668363328,0.3537724974062014,0.043826710464905716,7.392875914532397,down,up,up,down,0.0769771196986734,-0.0058111732025842,-4.93061312117326,-25.698146201151296,15.797
1.516,0.2229481576067797,0.4460035534542547,0.047233960689209376,7.471037239101939,down,up,up,down,0.0769771196986734,-0.0058111732025842,-4.93061312117326,-25.698146201151296,15.813
1.5309999999999988,0.2338836124647939,0.6520532041690041,0.05057303136670743,7.544262883479114,down,up,up,down,0.0769771196986734,-0.0058111732025842,-4.93061312117326,-25.698146201151296,15.828
1.5469999999999988,0.2437430814672615,0.5392396929555505,0.05430106614692232,7.6223137006377755,down,up,up,down,0.0769771196986734,-0.0058111732025842,-4.93061312117326,-25.698146201151296,15.844
1.5619999999999994,0.2533213504797372,0.5615741477996834,0.05794188178848625,7.695431075345859,down,up,up,down,0.0769771196986734,-0.0058111732025842,-4.93061312117326,-25.698146201151296,15.859
1.5779999999999994,0.26170727579818365,0.44714321270422597,0.061969132027467566,7.773361597174102,down,up,up,down,0.0769771196986734,-0.0058111732025842,-4.93061312117326,-25.698146201151296,15.875
1.5939999999999994,0.2713898902017496,0.5281862805242006,0.06614093058422643,7.851226526611981,down,up,up,down,0.0769771196986734,-0.0058111732025842,-4.93061312117326,-25.698146201151296,15.891
1.609,0.2808323249942396,0.5525185331339669,0.07019542960015812,7.924163200728202,down,up,up,down,0.0769771196986734,-0.0058111732025842,-4.93061312117326,-25.698146201151296,15.906
1.625,0.29087892265929566,0.550935234367333,0.07467614081014506,8.001894038103693,down,up,up,down,0.0769771196986734,-0.0058111732025842,-4.93061312117326,-25.698146201151296,15.922
1.641,0.29988057186071676,0.48562595539014497,0.07930923799506395,8.079551965012023,down,up,up,down,0.0769771196986734,-0.0058111732025842,-4.93061312117326,-25.698146201151296,15.938
1.6559999999999988,0.30862706889920577,0.5061226828673039,0.08378587770272361,8.152287948461883,down,up,up,down,0.0769771196986734,-0.0058111732025842,-4.93061312117326,-25.698146201151296,15.953
1.6719999999999988,0.3179277834669544,0.5043175407856144,0.08870533775041167,8.229797828677029,down,up,up,down,0.0769771196986734,-0.0058111732025842,-4.93061312117326,-25.698146201151296,15.969
1.6869999999999994,0.32700165133792847,0.5279474050329093,0.09345514091341034,8.302390821904652,down,up,up,down,0.0769771196986734,-0.0058111732025842,-4.93061312117326,-25.698146201151296,15.984
1.7029999999999994,0.33747442640175845,0.5775713217907037,0.09867797076408635,8.379743566950005,down,up,up,down,0.0769771196986734,-0.0058111732025842,-4.93061312117326,-25.698146201151296,16.0
1.7189999999999976,0.34769176792744705,0.5616067256569306,0.10406632154747797,8.457011422550273,down,up,up,down,0.0769771196986734,-0.0058111732025842,-4.93061312117326,-25.698146201151296,16.016
1.7339999999999982,0.35711351497796945,0.5511393503361331,0.10926519357122988,8.529370633004483,down,up,up,down,0.0769771196986734,-0.0058111732025842,-4.93061312117326,-25.698146201151296,16.031
1.75,0.36463679316984166,0.3932277672932834,0.11494621726517185,8.60646675165657,down,up,up,down,0.0769771196986734,-0.0058111732025842,-4.93061312117326,-25.698146201151296,16.047
1.7659999999999982,0.37198704914197817,0.38241387855991255,0.12074622923242462,8.683471022023355,down,up,up,down,0.0769771196986734,-0.0058111732025842,-4.93061312117326,-25.698146201151296,16.063
1.7809999999999988,0.3825882218001658,0.6297677241804737,0.12631837616645214,8.755577234300468,down,up,up,down,0.0769771196986734,-0.0058111732025842,-4.93061312117326,-25.698146201151296,16.078
1.7970000000000006,0.3917802864924232,0.49752692356735095,0.13242034546155157,8.832397134466227,down,up,up,down,0.0769771196986734,-0.0058111732025842,-4.93061312117326,-25.698146201151296,16.094
1.8120000000000012,0.40077516939694907,0.5226817406030293,0.13827734378268364,8.904326098614497,down,up,up,down,0.0769771196986734,-0.0058111732025842,-4.93061312117326,-25.698146201151296,16.109
1.8279999999999994,0.4099509966034239,0.49651208070606523,0.14467017433944562,8.980952328408286,down,up,up,down,0.0769771196986734,-0.0058111732025842,-4.93061312117326,-25.698146201151296,16.125
1.8439999999999976,0.42058370460498107,0.5875671303987207,0.1512214731778707,9.057475005166914,down,up,up,down,0.0769771196986734,-0.0058111732025842,-4.93061312117326,-25.698146201151296,16.141
1.8589999999999982,0.4306958442610326,0.5971655240380684,0.15751890219632703,9.129118649169207,down,up,up,down,0.0769771196986734,-0.0058111732025842,-4.93061312117326,-25.698146201151296,16.156
1.875,0.44059928885398475,0.5419881673607715,0.16439628449000665,9.205433137614499,down,up,up,down,0.0769771196986734,-0.0058111732025842,-4.93061312117326,-25.698146201151296,16.172
1.8909999999999982,0.45056152114240416,0.5456623983276087,0.17143259219873563,9.281636316539753,down,up,up,down,0.0769771196986734,-0.0058111732025842,-4.93061312117326,-25.698146201151296,16.188
1.9059999999999988,0.4592960510196827,0.5053248721198724,0.1781693563919129,9.352973498742926,down,up,up,down,0.0769771196986734,-0.0058111732025842,-4.93061312117326,-25.698146201151296,16.203
1.9220000000000006,0.4678770619644704,0.45933606435049734,0.18549376252454586,9.428954003730375,down,up,up,down,0.0769771196986734,-0.0058111732025842,-4.93061312117326,-25.698146201151296,16.219
1.9370000000000012,0.4750954705389779,0.4042501186018088,0.19247888892028353,9.500078405662137,down,up,up,down,0.0769771196986734,-0.0058111732025842,-4.93061312117326,-25.698146201151296,16.234
1.9529999999999994,0.4833581836043076,0.4394424468844874,0.2000535393821874,9.575827956174479,down,up,up,down,0.0769771196986734,-0.0058111732025842,-4.93061312117326,-25.698146201151296,16.25
1.9689999999999976,0.4914321111040091,0.42764334903272494,0.2077588829686121,9.651455266734438,down,up,up,down,0.0769771196986734,-0.0058111732025842,-4.93061312117326,-25.698146201151296,16.266
1.9839999999999982,0.4978468698670201,0.35067346450204423,0.21509130772785667,9.722243087121818,down,up,up,down,0.0769771196986734,-0.0058111732025842,-4.93061312117326,-25.698146201151296,16.281
2.0,0.5040706341442877,0.3120081476305057,0.223013668988707,9.797628057246868,down,up,up,down,0.0769771196986734,-0.0058111732025842,-4.93061312117326,-25.698146201151296,16.297
2.0159999999999982,0.5106116418154069,0.3318358597463218,0.23103814842514225,9.872885452646322,down,up,up,down,0.0769771196986734,-0.0058111732025842,-4.93061312117326,-25.698146201151296,16.313
2.030999999999999,0.5169949009086884,0.34857348652007875,0.23865802989753426,9.943321928126501,down,up,up,down,0.0769771196986734,-0.0058111732025842,-4.93061312117326,-25.698146201151296,16.328
2.0470000000000006,0.5241616587727601,0.3709452468057594,0.24689430360374587,10.018327319397272,down,up,up,down,0.0769771196986734,-0.0058111732025842,-4.93061312117326,-25.698146201151296,16.344
2.062000000000001,0.5307543932957123,0.362538515164788,0.254719006396221,10.088524416389873,down,up,up,down,0.0769771196986734,-0.0058111732025842,-4.93061312117326,-25.698146201151296,16.359
2.0779999999999994,0.5371818619184302,0.32473966922124115,0.26316951766669217,10.163271118136137,down,up,up,down,0.0769771196986734,-0.0058111732025842,-4.93061312117326,-25.698146201151296,16.375
2.0939999999999976,0.5443940419545806,0.373784132560778,0.2717291461264342,10.237881738764557,down,up,up,down,0.0769771196986734,-0.0058111732025842,-4.93061312117326,-25.698146201151296,16.391
2.108999999999998,0.55143031516058,0.39210776070127024,0.2798606612067598,10.307704012027159,down,up,up,down,0.0769771196986734,-0.0058111732025842,-4.93061312117326,-25.698146201151296,16.406
2.125,0.5598568598294466,0.4496819221054238,0.28865797983544006,10.382045672837599,down,up,up,down,0.0769771196986734,-0.0058111732025842,-4.93061312117326,-25.698146201151296,16.422
2.1409999999999982,0.5680413644674437,0.43455442017620394,0.29758818685857324,10.45624551344281,down,up,up,down,0.0769771196986734,-0.0058111732025842,-4.93061312117326,-25.698146201151296,16.438
2.155999999999999,0.5760262470410992,0.455348385211672,0.3060815263468486,10.525677187411361,down,up,up,down,0.0769771196986734,-0.0058111732025842,-4.93061312117326,-25.698146201151296,16.453
2.1720000000000006,0.5821255829114768,0.3042313721998831,0.31525376221522894,10.599596315041651,down,up,up,down,0.0769771196986734,-0.0058111732025842,-4.93061312117326,-25.698146201151296,16.469
2.187000000000001,0.5880761544923326,0.3197276523583702,0.32394310764771905,10.668761535335278,down,up,up,down,0.0769771196986734,-0.0058111732025842,-4.93061312117326,-25.698146201151296,16.484
2.2029999999999994,0.594005387906737,0.2935999687016375,0.33330678121566937,10.742393346163134,down,up,up,down,0.0769771196986734,-0.0058111732025842,-4.93061312117326,-25.698146201151296,16.5
2.2189999999999976,0.5997900058720108,0.2845615031309822,0.34276416559465694,10.815874588527414,down,up,up,down,0.0769771196986734,-0.0058111732025842,-4.93061312117326,-25.698146201151296,16.516
2.233999999999998,0.6054279234220042,0.2988840503008745,0.3517161324663238,10.884625183109556,down,up,up,down,0.0769771196986734,-0.0058111732025842,-4.93061312117326,-25.698146201151296,16.531
2.25,0.6109199564323403,0.26627494344729274,0.36135393673391825,10.957810432494732,down,up,up,down,0.0769771196986734,-0.0058111732025842,-4.93061312117326,-25.698146201151296,16.547
2.2659999999999982,0.6163984999314173,0.2654318489936736,0.3710795056135856,11.030840774894713,down,up,up,down,0.0769771196986734,-0.0058111732025842,-4.93061312117326,-25.698146201151296,16.563
2.280999999999999,0.6218829309211439,0.288651612949754,0.38027944874694164,11.099164779554613,down,up,up,down,0.0769771196986734,-0.0058111732025842,-4.93061312117326,-25.698146201151296,16.578
2.2970000000000006,0.6271819356443639,0.25421067550253823,0.3901789889082252,11.171890921992151,down,up,up,down,0.0769771196986734,-0.0058111732025842,-4.93061312117326,-25.698146201151296,16.594
2.312000000000001,0.6321830628100961,0.2564313580167939,0.3995370587985949,11.239927248451949,down,up,up,down,0.0769771196986734,-0.0058111732025842,-4.93061312117326,-25.698146201151296,16.609
2.3279999999999994,0.636571662816383,0.1973103806942903,0.40959411783236366,11.31234400897766,down,up,up,down,0.0769771196986734,-0.0058111732025842,-4.93061312117326,-25.698146201151296,16.625
2.3439999999999976,0.6415576437994338,0.2346466917420364,0.4197261735140483,11.384599256585666,down,up,up,down,0.0769771196986734,-0.0058111732025842,-4.93061312117326,-25.698146201151296,16.641
2.358999999999998,0.6463860006134484,0.2449133345689552,0.4292985832491061,11.452190767727537,down,up,up,down,0.0769771196986734,-0.0058111732025842,-4.93061312117326,-25.698146201151296,16.656
2.375,0.649580272874127,0.122664896593716,0.4395733346657664,11.524129602323,down,up,up,down,0.0769771196986734,-0.0058111732025842,-4.93061312117326,-25.698146201151296,16.672
2.3909999999999982,0.6535845638078025,0.17329106365607244,0.4499056745879795,11.595903580187745,down,up,up,down,0.0769771196986734,-0.0058111732025842,-4.93061312117326,-25.698146201151296,16.688
2.405999999999999,0.6575448957878648,0.18704501230546944,0.4596519779369084,11.663041094611401,down,up,up,down,0.0769771196986734,-0.0058111732025842,-4.93061312117326,-25.698146201151296,16.703
2.4220000000000006,0.6613428018112159,0.16039200676074128,0.470110100746461,11.734492807920716,down,up,up,down,0.0769771196986734,-0.0058111732025842,-4.93061312117326,-25.698146201151296,16.719
2.437000000000001,0.6645120592363581,0.13430670864413802,0.47996684460627925,11.80132642764817,down,up,up,down,0.0769771196986734,-0.0058111732025842,-4.93061312117326,-25.698146201151296,16.734
2.4529999999999994,0.6675711546338706,0.11421634264587761,0.4905305315459989,11.872452258577717,down,up,up,down,0.0769771196986734,-0.0058111732025842,-4.93061312117326,-25.698146201151296,16.75
2.4689999999999976,0.669899816673002,0.0685642577470552,0.5011373205452117,11.943408725699754,down,up,up,down,0.0769771196986734,-0.0058111732025842,-4.93061312117326,-25.698146201151296,16.766
2.483999999999998,0.6725475166976816,0.09953621527996141,0.5111185079474536,12.009776003803665,down,up,up,down,0.0769771196986734,-0.0058111732025842,-4.93061312117326,-25.698146201151296,16.781
2.5,0.675773741293863,0.1246619175626404,0.5218120992401456,12.080402368884947,down,up,up,down,0.0769771196986734,-0.0058111732025842,-4.93061312117326,-25.698146201151296,16.797
2.5159999999999982,0.6789135379475563,0.11926017115717562,0.5325566187028343,12.15085722908016,down,up,up,down,0.0769771196986734,-0.0058111732025842,-4.93061312117326,-25.698146201151296,16.813
2.530999999999999,0.6808268284518862,0.050575580589987,0.5426675038527922,12.216752244978593,down,up,up,down,0.0769771196986734,-0.0058111732025842,-4.93061312117326,-25.698146201151296,16.828
2.5470000000000006,0.6824986505902187,0.0275117639470962,0.553481128913889,12.286872865855237,down,up,up,down,0.0769771196986734,-0.0058111732025842,-4.93061312117326,-25.698146201151296,16.844
2.562000000000001,0.6841075505849242,0.030282879948354602,0.563643507824664,12.352453627897297,down,up,up,down,0.0769771196986734,-0.0058111732025842,-4.93061312117326,-25.698146201151296,16.859
2.5779999999999994,0.6843325375282417,0.06291543574132699,0.5744980497583265,12.422238305375394,down,up,up,down,0.0769771196986734,-0.0058111732025842,-4.93061312117326,-25.698146201151296,16.875
2.5939999999999976,0.6874402275825878,0.11725350869797792,0.5853792531079707,12.49184909689123,down,up,up,down,0.0769771196986734,-0.0058111732025842,-4.93061312117326,-25.698146201151296,16.891
2.608999999999998,0.6904712536739889,0.1250912863947219,0.5956264216193556,12.556950751148385,down,up,up,down,0.0769771196986734,-0.0058111732025842,-4.93061312117326,-25.698146201151296,16.906
2.625,0.6933486588819874,0.1028607058012131,0.6066040021485639,12.626222717697011,down,up,up,down,0.0769771196986734,-0.0058111732025842,-4.93061312117326,-25.698146201151296,16.922
2.6409999999999982,0.6938717407334652,0.04428450398130299,0.6176087865742446,12.695318825325991,down,up,up,down,0.0769771196986734,-0.0058111732025842,-4.93061312117326,-25.698146201151296,16.938
2.655999999999999,0.6948645187396688,0.010791919285104895,0.6279371409222545,12.759936427687371,down,up,up,down,0.0769771196986734,-0.0058111732025842,-4.93061312117326,-25.698146201151296,16.953
2.6720000000000006,0.6958126135452093,0.017721194352400195,0.6389695792092933,12.828690983865101,down,up,up,down,0.0769771196986734,-0.0058111732025842,-4.93061312117326,-25.698146201151296,16.969
2.687000000000001,0.698341076859977,0.0915871012858367,0.6493385642892937,12.892987869606465,down,up,up,down,0.0769771196986734,-0.0058111732025842,-4.93061312117326,-25.698146201151296,16.984
2.7029999999999994,0.7011811623945955,0.10052822621499942,0.6604417634320878,12.961399436923458,down,up,up,down,0.0769771196986734,-0.0058111732025842,-4.93061312117326,-25.698146201151296,17.0
2.7189999999999976,0.7039256977673939,0.09455634110124521,0.671589639542141,13.02963299563843,down,up,up,down,0.0769771196986734,-0.0058111732025842,-4.93061312117326,-25.698146201151296,17.016
2.733999999999998,0.7067023158681812,0.1081307536871416,0.6820821820463694,13.093439653794114,down,up,up,down,0.0769771196986734,-0.0058111732025842,-4.93061312117326,-25.698146201151296,17.031
2.75,0.7094112115762669,0.09232886205665981,0.6933181114946851,13.161326261384566,down,up,up,down,0.0769771196986734,-0.0058111732025842,-4.93061312117326,-25.698146201151296,17.047
2.7659999999999982,0.7116299993795535,0.06169711800675802,0.704593462411089,13.229032778732083,down,up,up,down,0.0769771196986734,-0.0058111732025842,-4.93061312117326,-25.698146201151296,17.063
2.780999999999999,0.7138051504762774,0.06803295341624362,0.7151970584369698,13.292343546643323,down,up,up,down,0.0769771196986734,-0.0058111732025842,-4.93061312117326,-25.698146201151296,17.078
2.7970000000000006,0.7162401557167754,0.0752107078324346,0.7265444421152738,13.359699424577684,down,up,up,down,0.0769771196986734,-0.0058111732025842,-4.93061312117326,-25.698146201151296,17.094
2.812000000000001,0.7179978820852478,0.04020463819948811,0.7372140598007508,13.422680432630912,down,up,up,down,0.0769771196986734,-0.0058111732025842,-4.93061312117326,-25.698146201151296,17.109
2.8279999999999994,0.7197082345082623,0.02991990673974,0.7486227299622561,13.489683548251577,down,up,up,down,0.0769771196986734,-0.0058111732025842,-4.93061312117326,-25.698146201151296,17.125
2.8439999999999976,0.7213768710185205,0.027312662192480602,0.7600584320352279,13.556503908894356,down,up,up,down,0.0769771196986734,-0.0058111732025842,-4.93061312117326,-25.698146201151296,17.141
2.858999999999998,0.7230455453520238,0.0342678358682065,0.7708044325599683,13.618981634227495,down,up,up,down,0.0769771196986734,-0.0058111732025842,-4.93061312117326,-25.698146201151296,17.156
2.875,0.7246735203115388,0.02477131527099921,0.7822932063140371,13.68544666305528,down,up,up,down,0.0769771196986734,-0.0058111732025842,-4.93061312117326,-25.698146201151296,17.172
2.8909999999999982,0.7262889789603441,0.023989045851669,0.7938079275369692,13.75172766392324,down,up,up,down,0.0769771196986734,-0.0058111732025842,-4.93061312117326,-25.698146201151296,17.188
2.905999999999999,0.728213779579164,0.05134292155598462,0.8046295306279774,13.813698579804601,down,up,up,down,0.0769771196986734,-0.0058111732025842,-4.93061312117326,-25.698146201151296,17.203
2.9220000000000006,0.729677594420682,0.014511307896193204,0.8161996828487359,13.879621756035576,down,up,up,down,0.0769771196986734,-0.0058111732025842,-4.93061312117326,-25.698146201151296,17.219
2.937000000000001,0.7310006463760351,0.011226343991529511,0.8270676020566716,13.941256448216386,down,up,up,down,0.0769771196986734,-0.0058111732025842,-4.93061312117326,-25.698146201151296,17.234
2.9529999999999994,0.7322914287715018,0.0,0.8386809598866103,14.006820269659599,down,up,up,down,0.0769771196986734,-0.0058111732025842,-4.93061312117326,-25.698146201151296,17.25
2.9689999999999976,0.7337203752052835,0.0123320324126973,0.8503160755471821,14.072198103314896,down,up,up,down,0.0769771196986734,-0.0058111732025842,-4.93061312117326,-25.698146201151296,17.266
2.983999999999998,0.735114469287021,0.015962485750483507,0.861245169282836,14.133320590796274,down,up,up,down,0.0769771196986734,-0.0058111732025842,-4.93061312117326,-25.698146201151296,17.281
3.0,0.7364778447264725,0.0,0.8729249290237036,14.19833703994859,down,up,up,down,0.0769771196986734,-0.0058111732025842,-4.93061312117326,-25.698146201151296,17.297
3.0159999999999982,0.7384621321962309,0.047040847161242,0.8846314700678422,14.26316639869463,down,up,up,down,0.0769771196986734,-0.0058111732025842,-4.93061312117326,-25.698146201151296,17.313
3.030999999999999,0.7392038495876053,0.027529293607048096,0.8956267973331826,14.323773658506724,down,up,up,down,0.0769771196986734,-0.0058111732025842,-4.93061312117326,-25.698146201151296,17.328
3.0470000000000006,0.7399089817838788,0.032906357431588394,0.9073667212129148,14.388239520297134,down,up,up,down,0.0769771196986734,-0.0058111732025842,-4.93061312117326,-25.698146201151296,17.344
3.062000000000001,0.7418203940478437,0.05045036456565251,0.9183925239336137,14.448505522776145,down,up,up,down,0.0769771196986734,-0.0058111732025842,-4.93061312117326,-25.698146201151296,17.359
3.0779999999999994,0.7438247787040825,0.048296921316262606,0.9301847065443756,14.512606714871076,down,up,up,down,0.0769771196986734,-0.0058111732025842,-4.93061312117326,-25.698146201151296,17.375
3.0939999999999976,0.745231779970373,0.010960459444496501,0.9420041802425292,14.576519013715547,down,up,up,down,0.0769771196986734,-0.0058111732025842,-4.93061312117326,-25.698146201151296,17.391
3.108999999999998,0.7465589107728919,0.011498267135916201,0.9531054428250658,14.636264888360145,down,up,up,down,0.0769771196986734,-0.0058111732025842,-4.93061312117326,-25.698146201151296,17.406
3.125,0.7477769876025756,0.0,0.9649671512408289,14.699810117546392,down,up,up,down,0.0769771196986734,-0.0058111732025842,-4.93061312117326,-25.698146201151296,17.422
3.1409999999999982,0.7499851761159685,0.06103466238839701,0.976856269779335,14.763165340116991,down,up,up,down,0.0769771196986734,-0.0058111732025842,-4.93061312117326,-25.698146201151296,17.438
3.155999999999999,0.7521772894778741,0.06916377109502851,0.9880353206732502,14.822387850006216,down,up,up,down,0.0769771196986734,-0.0058111732025842,-4.93061312117326,-25.698146201151296,17.453
3.1720000000000006,0.7541512897162636,0.046397895200653405,0.9999929705355632,14.885373433615314,down,up,up,down,0.0769771196986734,-0.0058111732025842,-4.93061312117326,-25.698146201151296,17.469
3.187000000000001,0.7553782924948765,0.0,1.0112272748041078,14.944248478592861,down,up,up,down,0.0769771196986734,-0.0058111732025842,-4.93061312117326,-25.698146201151296,17.484
3.2029999999999994,0.7565983586089898,0.0,1.023230109241696,15.00686262945927,down,up,up,down,0.0769771196986734,-0.0058111732025842,-4.93061312117326,-25.698146201151296,17.5
3.2189999999999976,0.7573203394761644,0.03185331550025809,1.035248480055135,15.069284610683667,down,up,up,down,0.0769771196986734,-0.0058111732025842,-4.93061312117326,-25.698146201151296,17.516
3.233999999999998,0.7587735221466153,0.019901724998050513,1.0465320164192673,15.127630453777705,down,up,up,down,0.0769771196986734,-0.0058111732025842,-4.93061312117326,-25.698146201151296,17.531
3.25,0.7612973484566793,0.0807620246803077,1.0585996046128536,15.189679210748224,down,up,up,down,0.0769771196986734,-0.0058111732025842,-4.93061312117326,-25.698146201151296,17.547
3.2659999999999982,0.7637651500621095,0.07726048064073442,1.0707071258297618,15.251534566843446,down,up,up,down,0.0769771196986734,-0.0058111732025842,-4.93061312117326,-25.698146201151296,17.563
3.280999999999999,0.7670231256139582,0.14022125042456512,1.0821008702992936,15.30934770369008,down,up,up,down,0.0769771196986734,-0.0058111732025842,-4.93061312117326,-25.698146201151296,17.578
3.2970000000000006,0.767465202059947,0.049347341824382496,1.0942837981494442,15.37082643628127,down,up,up,down,0.0769771196986734,-0.0058111732025842,-4.93061312117326,-25.698146201151296,17.594
3.312000000000001,0.7678669978184657,0.05019073579742579,1.105711622050495,15.42828566744737,down,up,up,down,0.0769771196986734,-0.0058111732025842,-4.93061312117326,-25.698146201151296,17.609
3.3279999999999994,0.7675513246117996,0.0967066951153026,1.117901989858694,15.489386568490865,down,up,up,down,0.0769771196986734,-0.0058111732025842,-4.93061312117326,-25.698146201151296,17.625
3.3439999999999976,0.7670257003593192,0.10982863547870719,1.1300856272872202,15.550292477492455,down,up,up,down,0.0769771196986734,-0.0058111732025842,-4.93061312117326,-25.698146201151296,17.641
3.358999999999998,0.7665345060180327,0.10972340911776648,1.141500161237012,15.607214780896122,down,up,up,down,0.0769771196986734,-0.0058111732025842,-4.93061312117326,-25.698146201151296,17.656
3.375,0.7672954204514414,0.029419967610638496,1.1536778218775279,15.667743166969984,down,up,up,down,0.0769771196986734,-0.0058111732025842,-4.93061312117326,-25.698146201151296,17.672
3.3909999999999982,0.766640557669456,0.1179060435727618,1.165856330931252,15.728076703686277,down,up,up,down,0.0769771196986734,-0.0058111732025842,-4.93061312117326,-25.698146201151296,17.688
3.405999999999999,0.7666946237111957,0.07337271691603149,1.177269177193569,15.784462459192945,down,up,up,down,0.0769771196986734,-0.0058111732025842,-4.93061312117326,-25.698146201151296,17.703
3.4220000000000006,0.7667810363064492,0.0715763324953273,1.1894440037024703,15.844418563684556,down,up,up,down,0.0769771196986734,-0.0058111732025842,-4.93061312117326,-25.698146201151296,17.719
3.437000000000001,0.7668494275430965,0.0724177039221897,1.200859064583303,15.900450487490012,down,up,up,down,0.0769771196986734,-0.0058111732025842,-4.93061312117326,-25.698146201151296,17.734
3.4529999999999994,0.7676176016607225,0.02896623734704469,1.213041822045691,15.960029090335745,down,up,up,down,0.0769771196986734,-0.0058111732025842,-4.93061312117326,-25.698146201151296,17.75
3.4689999999999976,0.7683573670496421,0.03074178289119199,1.225236643024132,16.019412672553955,down,up,up,down,0.0769771196986734,-0.0058111732025842,-4.93061312117326,-25.698146201151296,17.766
3.483999999999998,0.7690790893802947,0.028862297655168796,1.2366802488493183,16.074907492682506,down,up,up,down,0.0769771196986734,-0.0058111732025842,-4.93061312117326,-25.698146201151296,17.781
3.5,0.7690818614077183,0.07680386798469829,1.2488925576843823,16.133912720169015,down,up,up,down,0.0769771196986734,-0.0058111732025842,-4.93061312117326,-25.698146201151296,17.797
3.5159999999999982,0.7697522366996415,0.035078663953464796,1.2611102516979984,16.192722507632723,down,up,up,down,0.0769771196986734,-0.0058111732025842,-4.93061312117326,-25.698146201151296,17.813
3.530999999999999,0.7704392734898632,0.031174667017232496,1.2725745204263812,16.247679068659394,down,up,up,down,0.0769771196986734,-0.0058111732025842,-4.93061312117326,-25.698146201151296,17.828
3.5470000000000006,0.7696591372953402,0.12573563185635508,1.284802328941423,16.30610986380323,down,up,up,down,0.0769771196986734,-0.0058111732025842,-4.93061312117326,-25.698146201151296,17.844
3.562000000000001,0.7694980532165036,0.08771605828778209,1.2962588402722233,16.360711101851727,down,up,up,down,0.0769771196986734,-0.0058111732025842,-4.93061312117326,-25.698146201151296,17.859
3.5779999999999994,0.7696220611272951,0.06922662527419819,1.308478822415731,16.418763010488995,down,up,up,down,0.0769771196986734,-0.0058111732025842,-4.93061312117326,-25.698146201151296,17.875
3.5939999999999976,0.769751306879371,0.0688992601939322,1.320700830588542,16.47661938320372,down,up,up,down,0.0769771196986734,-0.0058111732025842,-4.93061312117326,-25.698146201151296,17.891
3.608999999999998,0.7709965426415034,0.0,1.3321692718619103,16.530682054252942,down,up,up,down,0.0769771196986734,-0.0058111732025842,-4.93061312117326,-25.698146201151296,17.906
3.625,0.7722114067996823,0.0,1.3444219566861997,16.588159134363337,down,up,up,down,0.0769771196986734,-0.0058111732025842,-4.93061312117326,-25.698146201151296,17.922
3.6409999999999982,0.7733928365071544,0.0,1.3566938118614118,16.64544001815372,down,up,up,down,0.0769771196986734,-0.0058111732025842,-4.93061312117326,-25.698146201151296,17.938
3.655999999999999,0.7742617832984954,0.019047333609277392,1.3682140539119159,16.698962405978023,down,up,up,down,0.0769771196986734,-0.0058111732025842,-4.93061312117326,-25.698146201151296,17.953
3.6720000000000006,0.7741707667623902,0.0826656532052487,1.3805085355411628,16.755862435201173,down,up,up,down,0.0769771196986734,-0.0058111732025842,-4.93061312117326,-25.698146201151296,17.969
3.687000000000001,0.7740786465701922,0.0831184658452033,1.3920332385431187,16.80902756871314,down,up,up,down,0.0769771196986734,-0.0058111732025842,-4.93061312117326,-25.698146201151296,17.984
3.7029999999999994,0.7748314735236635,0.02992543510670939,1.4043315407326267,16.865546460417704,down,up,up,down,0.0769771196986734,-0.0058111732025842,-4.93061312117326,-25.698146201151296,18.0
3.7189999999999976,0.7755328381410534,0.03314183111179989,1.4166414764547017,16.92186848621897,down,up,up,down,0.0769771196986734,-0.0058111732025842,-4.93061312117326,-25.698146201151296,18.016
3.733999999999998,0.7754851974515978,0.08015316566238119,1.428186944123608,16.97449146988223,down,up,up,down,0.0769771196986734,-0.0058111732025842,-4.93061312117326,-25.698146201151296,18.031
3.75,0.7754095552823727,0.08170475527524629,1.44050112337424,17.030431775281023,down,up,up,down,0.0769771196986734,-0.0058111732025842,-4.93061312117326,-25.698146201151296,18.047
3.7659999999999982,0.7759518088615492,0.04308627100013299,1.4528190355161485,17.08617502394867,down,up,up,down,0.0769771196986734,-0.0058111732025842,-4.93061312117326,-25.698146201151296,18.063
3.780999999999999,0.7755401306821045,0.10442233166165649,1.4643680574646876,17.138255317568913,down,up,up,down,0.0769771196986734,-0.0058111732025842,-4.93061312117326,-25.698146201151296,18.078
3.7970000000000006,0.7751057310250821,0.104127098262571,1.4766802455871053,17.193616741083275,down,up,up,down,0.0769771196986734,-0.0058111732025842,-4.93061312117326,-25.698146201151296,18.094
3.812000000000001,0.7761174258687208,0.0,1.4882272516657706,17.24533913167148,down,up,up,down,0.0769771196986734,-0.0058111732025842,-4.93061312117326,-25.698146201151296,18.109
3.8279999999999994,0.7758293358904246,0.09498274334218869,1.500549846988601,17.30031872482101,down,up,up,down,0.0769771196986734,-0.0058111732025842,-4.93061312117326,-25.698146201151296,18.125
3.8439999999999976,0.7755471097278049,0.09461625486240259,1.5128678797823039,17.35510119294561,down,up,up,down,0.0769771196986734,-0.0058111732025842,-4.93061312117326,-25.698146201151296,18.141
3.858999999999998,0.7763274203614808,0.02495641078694899,1.524419771159935,17.406280732381155,down,up,up,down,0.0769771196986734,-0.0058111732025842,-4.93061312117326,-25.698146201151296,18.156
3.875,0.7771159438960263,0.027694398789584893,1.536754339302755,17.460681149436226,down,up,up,down,0.0769771196986734,-0.0058111732025842,-4.93061312117326,-25.698146201151296,18.172
3.8909999999999982,0.7778605631511758,0.030438416251827097,1.54910117258789,17.51488411527987,down,up,up,down,0.0769771196986734,-0.0058111732025842,-4.93061312117326,-25.698146201151296,18.188
3.905999999999999,0.7785615412246186,0.030245248135820094,1.5606871707726704,17.565519899522265,down,up,up,down,0.0769771196986734,-0.0058111732025842,-4.93061312117326,-25.698146201151296,18.203
3.9220000000000006,0.778910454238586,0.05517005632571749,1.5730539679651359,17.619339780351147,down,up,up,down,0.0769771196986734,-0.0058111732025842,-4.93061312117326,-25.698146201151296,18.219
3.937000000000001,0.7788132287870811,0.0834588164656606,1.58464972798979,17.66961619944908,down,up,up,down,0.0769771196986734,-0.0058111732025842,-4.93061312117326,-25.698146201151296,18.234
3.9529999999999994,0.7787283782927313,0.082280275595537,1.597017082075186,17.723052674907336,down,up,up,down,0.0769771196986734,-0.0058111732025842,-4.93061312117326,-25.698146201151296,18.25
3.9689999999999976,0.780262796826701,0.01892403867443891,1.6093960327048986,17.776291179927853,down,up,up,down,0.0769771196986734,-0.0058111732025842,-4.93061312117326,-25.698146201151296,18.266
3.983999999999998,0.7808259731334867,0.039432032579627796,1.621017030881562,17.826022278768555,down,up,up,down,0.0769771196986734,-0.0058111732025842,-4.93061312117326,-25.698146201151296,18.281
4.0,0.7813942887733737,0.0414573922057388,1.633421814205577,17.878876577946635,down,up,up,down,0.0769771196986734,-0.0058111732025842,-4.93061312117326,-25.698146201151296,18.297
4.015999999999998,0.7822843825212863,0.02134626045412969,1.6458382648046914,17.93153230725332,down,up,up,down,0.0769771196986734,-0.0058111732025842,-4.93061312117326,-25.698146201151296,18.313
4.030999999999999,0.7824164675000008,0.0681714544510384,1.6574863535818123,17.98071656943302,down,up,up,down,0.0769771196986734,-0.0058111732025842,-4.93061312117326,-25.698146201151296,18.328
4.047000000000001,0.783484988676946,0.010194546139604299,1.669920586459988,18.032987123851463,down,up,up,down,0.0769771196986734,-0.0058111732025842,-4.93061312117326,-25.698146201151296,18.344
4.062000000000001,0.7844952352086895,0.0,1.6815932705410925,18.081809966741552,down,up,up,down,0.0769771196986734,-0.0058111732025842,-4.93061312117326,-25.698146201151296,18.359
4.077999999999999,0.7849175039129807,0.05058532568047149,1.694055593682823,18.133694585766527,down,up,up,down,0.0769771196986734,-0.0058111732025842,-4.93061312117326,-25.698146201151296,18.375
4.093999999999998,0.7853294733805817,0.0512290279736065,1.706524590729929,18.18537975422999,down,up,up,down,0.0769771196986734,-0.0058111732025842,-4.93061312117326,-25.698146201151296,18.391
4.108999999999998,0.7854314985398964,0.0701754424110285,1.718218130421294,18.233653380638955,down,up,up,down,0.0769771196986734,-0.0058111732025842,-4.93061312117326,-25.698146201151296,18.406
4.125,0.7855310352806909,0.0707560733990149,1.7306928519206188,18.284951902719,down,up,up,down,0.0769771196986734,-0.0058111732025842,-4.93061312117326,-25.698146201151296,18.422
4.140999999999998,0.7862989399119938,0.028983080242234394,1.7431745129509175,18.336050773738798,down,up,up,down,0.0769771196986734,-0.0058111732025842,-4.93061312117326,-25.698146201151296,18.438
4.155999999999999,0.7870481151620455,0.027032103028562494,1.7548874482659347,18.38377450584727,down,up,up,down,0.0769771196986734,-0.0058111732025842,-4.93061312117326,-25.698146201151296,18.453
4.172000000000001,0.7884468559833556,0.010444181633197103,1.7673984292638578,18.43448602876581,down,up,up,down,0.0769771196986734,-0.0058111732025842,-4.93061312117326,-25.698146201151296,18.469
4.187000000000001,0.7898114811748779,0.013997893069473202,1.7791481991945064,18.48184612586997,down,up,up,down,0.0769771196986734,-0.0058111732025842,-4.93061312117326,-25.698146201151296,18.484
4.202999999999999,0.7893833184968989,0.1037372870723613,1.791688778820638,18.532169239984626,down,up,up,down,0.0769771196986734,-0.0058111732025842,-4.93061312117326,-25.698146201151296,18.5
4.218999999999998,0.7889655988110656,0.1030846000632551,1.804222591387859,18.582291758961716,down,up,up,down,0.0769771196986734,-0.0058111732025842,-4.93061312117326,-25.698146201151296,18.516
4.233999999999998,0.7885573294951022,0.1041950740962386,1.8159668457521163,18.629099535000776,down,up,up,down,0.0769771196986734,-0.0058111732025842,-4.93061312117326,-25.698146201151296,18.531
4.25,0.7881915500734314,0.09983833355309009,1.828487858017425,18.678833707309387,down,up,up,down,0.0769771196986734,-0.0058111732025842,-4.93061312117326,-25.698146201151296,18.547
4.265999999999998,0.787813195542089,0.1006242779075819,1.8410029172111066,18.72836759104633,down,up,up,down,0.0769771196986734,-0.0058111732025842,-4.93061312117326,-25.698146201151296,18.563
4.280999999999999,0.7874487822433912,0.1012713396118552,1.8527302144464595,18.7746237893765,down,up,up,down,0.0769771196986734,-0.0058111732025842,-4.93061312117326,-25.698146201151296,18.578
4.297000000000001,0.7871813714196899,0.09369029618000259,1.8652342769045238,18.82376988338447,down,up,up,down,0.0769771196986734,-0.0058111732025842,-4.93061312117326,-25.698146201151296,18.594
4.312000000000001,0.7871392856018619,0.07978284088721009,1.8769545142341477,18.86966266426853,down,up,up,down,0.0769771196986734,-0.0058111732025842,-4.93061312117326,-25.698146201151296,18.609
4.327999999999999,0.7870840676663436,0.08042824066856219,1.8894553222890504,18.918421195515116,down,up,up,down,0.0769771196986734,-0.0058111732025842,-4.93061312117326,-25.698146201151296,18.625
4.343999999999998,0.7851689075923057,0.1966746243260562,1.901940367319877,18.96697983993701,down,up,up,down,0.0769771196986734,-0.0058111732025842,-4.93061312117326,-25.698146201151296,18.641
4.358999999999998,0.7842117352147165,0.1407886115379502,1.9136235545428915,19.01232230734064,down,up,up,down,0.0769771196986734,-0.0058111732025842,-4.93061312117326,-25.698146201151296,18.656
4.375,0.783277908504873,0.1353412890638883,1.9260704929214079,19.060494564899706,down,up,up,down,0.0769771196986734,-0.0058111732025842,-4.93061312117326,-25.698146201151296,18.672
4.390999999999998,0.7823729187678604,0.1335389782619661,1.9385027207683474,19.10846778912895,down,up,up,down,0.0769771196986734,-0.0058111732025842,-4.93061312117326,-25.698146201151296,18.688
4.405999999999999,0.7825997855439563,0.06185266795895089,1.9501528484526478,19.153262069177394,down,up,up,down,0.0769771196986734,-0.0058111732025842,-4.93061312117326,-25.698146201151296,18.703
4.422000000000001,0.7830742503867824,0.04732306702204589,1.962585261968854,19.200849974232803,down,up,up,down,0.0769771196986734,-0.0058111732025842,-4.93061312117326,-25.698146201151296,18.719
4.437000000000001,0.7835262552631636,0.04684346127326149,1.9742475981631902,19.245282924599415,down,up,up,down,0.0769771196986734,-0.0058111732025842,-4.93061312117326,-25.698146201151296,18.734
4.452999999999999,0.7842161540947233,0.03385844272618199,1.9866965586668104,19.292485181283546,down,up,up,down,0.0769771196986734,-0.0058111732025842,-4.93061312117326,-25.698146201151296,18.75
4.468999999999998,0.7842371362128268,0.07566573731720959,1.9991512062180279,19.339488209103237,down,up,up,down,0.0769771196986734,-0.0058111732025842,-4.93061312117326,-25.698146201151296,18.766
4.483999999999998,0.7835097459661994,0.1254698028071635,2.010822140236332,19.38337260582243,down,up,up,down,0.0769771196986734,-0.0058111732025842,-4.93061312117326,-25.698146201151296,18.781
4.5,0.7828180842790003,0.1202059751486079,2.023259784107054,19.429989760366468,down,up,up,down,0.0769771196986734,-0.0058111732025842,-4.93061312117326,-25.698146201151296,18.797
4.515999999999998,0.7822919443957089,0.1098608624043908,2.035687685565209,19.47640799054784,down,up,up,down,0.0769771196986734,-0.0058111732025842,-4.93061312117326,-25.698146201151296,18.813
4.530999999999999,0.7830049458202576,0.02944369139543089,2.0473402446437903,19.519744477888878,down,up,up,down,0.0769771196986734,-0.0058111732025842,-4.93061312117326,-25.698146201151296,18.828
4.547000000000001,0.7837372084367881,0.031210706165523794,2.0597812031066067,19.56577731624565,down,up,up,down,0.0769771196986734,-0.0058111732025842,-4.93061312117326,-25.698146201151296,18.844
4.562000000000001,0.7842919546018264,0.039994042029450394,2.071454254231358,19.608752247133218,down,up,up,down,0.0769771196986734,-0.0058111732025842,-4.93061312117326,-25.698146201151296,18.859
4.577999999999999,0.7854154251683915,0.0,2.0839189344982763,19.654399071562146,down,up,up,down,0.0769771196986734,-0.0058111732025842,-4.93061312117326,-25.698146201151296,18.875
4.593999999999998,0.7865133640612728,0.0,2.096401386040871,19.6998463189366,down,up,up,down,0.0769771196986734,-0.0058111732025842,-4.93061312117326,-25.698146201151296,18.891
4.608999999999998,0.7879974039872194,0.02195887536442881,2.108123049203197,19.74227158248987,down,up,up,down,0.0769771196986734,-0.0058111732025842,-4.93061312117326,-25.698146201151296,18.906
4.625,0.7892579362578757,0.0,2.120648113153918,19.78733122312979,down,up,up,down,0.0769771196986734,-0.0058111732025842,-4.93061312117326,-25.698146201151296,18.922
4.640999999999998,0.7902930237533975,0.012284151228551587,2.1331915420627654,19.83219031582682,down,up,up,down,0.0769771196986734,-0.0058111732025842,-4.93061312117326,-25.698146201151296,18.938
4.655999999999999,0.7913220688452468,0.0,2.1449664876592163,19.87406332742151,down,up,up,down,0.0769771196986734,-0.0058111732025842,-4.93061312117326,-25.698146201151296,18.953
4.672000000000001,0.7914957878469532,0.06611968209202629,2.157536051741515,19.91853311704508,down,up,up,down,0.0769771196986734,-0.0058111732025842,-4.93061312117326,-25.698146201151296,18.969
4.687000000000001,0.7907743388770426,0.1250737176927085,2.169315910093906,19.960040924148913,down,up,up,down,0.0769771196986734,-0.0058111732025842,-4.93061312117326,-25.698146201151296,18.984
4.702999999999999,0.7900753613498955,0.1206632151453715,2.181869728924479,20.004121248975537,down,up,up,down,0.0769771196986734,-0.0058111732025842,-4.93061312117326,-25.698146201151296,19.0
4.718999999999998,0.7893934320551174,0.11959770062231379,2.194412500500476,20.048000801078906,down,up,up,down,0.0769771196986734,-0.0058111732025842,-4.93061312117326,-25.698146201151296,19.016
4.733999999999998,0.7902289842322591,0.021273641222561694,2.2061725010245934,20.08895561038507,down,up,up,down,0.0769771196986734,-0.0058111732025842,-4.93061312117326,-25.698146201151296,19.031
4.75,0.7911785826364407,0.01762721943732829,2.218730782788303,20.132446194053344,down,up,up,down,0.0769771196986734,-0.0058111732025842,-4.93061312117326,-25.698146201151296,19.047
4.765999999999998,0.7914937805288654,0.05727725142212539,2.231299182922383,20.175735764266427,down,up,up,down,0.0769771196986734,-0.0058111732025842,-4.93061312117326,-25.698146201151296,19.063
4.780999999999999,0.7918935443330478,0.0503261994198488,2.243087420260808,20.216137061560154,down,up,up,down,0.0769771196986734,-0.0058111732025842,-4.93061312117326,-25.698146201151296,19.078
4.797000000000001,0.7929613427592254,0.010239718062584294,2.255673280586307,20.259036785892157,down,up,up,down,0.0769771196986734,-0.0058111732025842,-4.93061312117326,-25.698146201151296,19.094
4.812000000000001,0.7940030973213491,0.0,2.267488346288873,20.29907227050819,down,up,up,down,0.0769771196986734,-0.0058111732025842,-4.93061312117326,-25.698146201151296,19.109
4.827999999999999,0.7950279626602973,0.012923036014404587,2.2801076159974834,20.341581312748666,down,up,up,down,0.0769771196986734,-0.0058111732025842,-4.93061312117326,-25.698146201151296,19.125
4.843999999999998,0.7960271769221413,0.014526228333415492,2.2927430783429,20.3838883171327,down,up,up,down,0.0769771196986734,-0.0058111732025842,-4.93061312117326,-25.698146201151296,19.141
4.858999999999998,0.7970020201044291,0.011987574212822594,2.304603629722561,20.423367413639816,down,up,up,down,0.0769771196986734,-0.0058111732025842,-4.93061312117326,-25.698146201151296,19.156
4.875,0.7963212302821104,0.11952648359358559,2.3172572369544135,20.465282336645174,down,up,up,down,0.0769771196986734,-0.0058111732025842,-4.93061312117326,-25.698146201151296,19.172
4.890999999999998,0.7956570450896051,0.118488694230261,2.3299000843861446,20.506994888013217,down,up,up,down,0.0769771196986734,-0.0058111732025842,-4.93061312117326,-25.698146201151296,19.188
4.905999999999999,0.7962513084510102,0.03735956227166749,2.341752229439661,20.54591669247712,down,up,up,down,0.0769771196986734,-0.0058111732025842,-4.93061312117326,-25.698146201151296,19.203
4.922000000000001,0.7968312230029645,0.040732460201535294,2.354403910920053,20.587237253293026,down,up,up,down,0.0769771196986734,-0.0058111732025842,-4.93061312117326,-25.698146201151296,19.219
4.937000000000001,0.7962518489842657,0.115602054278591,2.3662648663619192,20.625791434281005,down,up,up,down,0.0769771196986734,-0.0058111732025842,-4.93061312117326,-25.698146201151296,19.234
4.952999999999999,0.7944064799042855,0.1923126871974504,2.378897154221785,20.666719948055103,down,up,up,down,0.0769771196986734,-0.0058111732025842,-4.93061312117326,-25.698146201151296,19.25
4.968999999999998,0.7926061198262565,0.1894996245754966,2.391500276248387,20.707446578550112,down,up,up,down,0.0769771196986734,-0.0058111732025842,-4.93061312117326,-25.698146201151296,19.266
4.983999999999998,0.7908648311878571,0.1930630289252954,2.403289140782954,20.745444854739986,down,up,up,down,0.0769771196986734,-0.0058111732025842,-4.93061312117326,-25.698146201151296,19.281
5.0,0.7916996346973945,0.024801900352594795,2.415856677738796,20.785781498130582,down,up,up,down,0.0769771196986734,-0.0058111732025842,-4.93061312117326,-25.698146201151296,19.297
5.015999999999998,0.790380806337632,0.15940389218383821,2.428420342495834,20.82591709190747,down,up,up,down,0.0769771196986734,-0.0058111732025842,-4.93061312117326,-25.698146201151296,19.313
5.030999999999999,0.7891138603834181,0.1614401833129261,2.4401793848982036,20.863361790769616,down,up,up,down,0.0769771196986734,-0.0058111732025842,-4.93061312117326,-25.698146201151296,19.328
5.047000000000001,0.7892199397120886,0.0703471616567704,2.452713076527728,20.903108461016984,down,up,up,down,0.0769771196986734,-0.0058111732025842,-4.93061312117326,-25.698146201151296,19.344
5.062000000000001,0.7887897445641147,0.1056567962302678,2.464460981561761,20.94018885239891,down,up,up,down,0.0769771196986734,-0.0058111732025842,-4.93061312117326,-25.698146201151296,19.359
5.077999999999999,0.7883844908688625,0.1023054756519341,2.476985396673982,20.979547091311794,down,up,up,down,0.0769771196986734,-0.0058111732025842,-4.93061312117326,-25.698146201151296,19.375
5.093999999999998,0.787816710359852,0.1124634015118346,2.489502027512569,21.01870500185707,down,up,up,down,0.0769771196986734,-0.0058111732025842,-4.93061312117326,-25.698146201151296,19.391
5.108999999999998,0.7863518693504136,0.17463318699456598,2.501221124262358,21.055233775036363,down,up,up,down,0.0769771196986734,-0.0058111732025842,-4.93061312117326,-25.698146201151296,19.406
5.125,0.7873195501765319,0.016497068066285793,2.5137175168473336,21.094004075846264,down,up,up,down,0.0769771196986734,-0.0058111732025842,-4.93061312117326,-25.698146201151296,19.422
5.140999999999998,0.7882494147625126,0.018860583074869194,2.5262290897956032,21.132574312931887,down,up,up,down,0.0769771196986734,-0.0058111732025842,-4.93061312117326,-25.698146201151296,19.438
5.155999999999999,0.7889552115193296,0.029924002577546994,2.5379709568946787,21.168552009399306,down,up,up,down,0.0769771196986734,-0.0058111732025842,-4.93061312117326,-25.698146201151296,19.453
5.172000000000001,0.788713430523197,0.0920884319569585,2.550499327259779,21.206734057064857,down,up,up,down,0.0769771196986734,-0.0058111732025842,-4.93061312117326,-25.698146201151296,19.469
5.187000000000001,0.7885138909333945,0.09027975901883649,2.562241364572665,21.242347698693706,down,up,up,down,0.0769771196986734,-0.0058111732025842,-4.93061312117326,-25.698146201151296,19.484
5.202999999999999,0.7889409157666128,0.05028806762252519,2.5747680242550226,21.280141433521855,down,up,up,down,0.0769771196986734,-0.0058111732025842,-4.93061312117326,-25.698146201151296,19.5
5.218999999999998,0.7911693069706852,0.0622973305558648,2.5873159272656783,21.317734571848455,down,up,up,down,0.0769771196986734,-0.0058111732025842,-4.93061312117326,-25.698146201151296,19.516
5.233999999999998,0.793341679269531,0.0678477002243754,2.599112592064442,21.352795554771077,down,up,up,down,0.0769771196986734,-0.0058111732025842,-4.93061312117326,-25.698146201151296,19.531
5.25,0.793738157836067,0.052197209290175094,2.611716251990047,21.389998733957427,down,up,up,down,0.0769771196986734,-0.0058111732025842,-4.93061312117326,-25.698146201151296,19.547
5.265999999999998,0.7941567383931111,0.05081583488341909,2.6243264323886373,21.427000202421155,down,up,up,down,0.0769771196986734,-0.0058111732025842,-4.93061312117326,-25.698146201151296,19.563
5.280999999999999,0.7947116214583828,0.03998491534722559,2.6361557774894853,21.461505782664666,down,up,up,down,0.0769771196986734,-0.0058111732025842,-4.93061312117326,-25.698146201151296,19.578
5.297000000000001,0.7953033821418333,0.03999207698302389,2.648782918747047,21.49811608303355,down,up,up,down,0.0769771196986734,-0.0058111732025842,-4.93061312117326,-25.698146201151296,19.594
5.312000000000001,0.7943983832568441,0.1373103786979499,2.660618514389499,21.53225476910263,down,up,up,down,0.0769771196986734,-0.0058111732025842,-4.93061312117326,-25.698146201151296,19.609
5.327999999999999,0.7947335853839216,0.05602698675632779,2.673238591367382,21.568473722195343,down,up,up,down,0.0769771196986734,-0.0058111732025842,-4.93061312117326,-25.698146201151296,19.625
5.343999999999998,0.7950448494917789,0.057523112957589294,2.685863840075145,21.60449071268257,down,up,up,down,0.0769771196986734,-0.0058111732025842,-4.93061312117326,-25.698146201151296,19.641
5.358999999999998,0.7952733363570593,0.061744662013311996,2.697704058870973,21.638073150258073,down,up,up,down,0.0769771196986734,-0.0058111732025842,-4.93061312117326,-25.698146201151296,19.656
5.375,0.7954368581192844,0.0667570095596048,2.710336761655544,21.67369863363264,down,up,up,down,0.0769771196986734,-0.0058111732025842,-4.93061312117326,-25.698146201151296,19.672
5.390999999999998,0.7955854860819719,0.0676878720307073,2.7229719616379113,21.709121973785066,down,up,up,down,0.0769771196986734,-0.0058111732025842,-4.93061312117326,-25.698146201151296,19.688
5.405999999999999,0.7957304889723992,0.06731026033685429,2.73481966385278,21.74214773341147,down,up,up,down,0.0769771196986734,-0.0058111732025842,-4.93061312117326,-25.698146201151296,19.703
5.422000000000001,0.7962408695006483,0.04507833668310549,2.747462455949325,21.777179286391835,down,up,up,down,0.0769771196986734,-0.0058111732025842,-4.93061312117326,-25.698146201151296,19.719
5.437000000000001,0.7967388017233289,0.04378163818663639,2.759322635885467,21.809837595020674,down,up,up,down,0.0769771196986734,-0.0058111732025842,-4.93061312117326,-25.698146201151296,19.734
5.452999999999999,0.7967147140436558,0.07848259967824239,2.77197728524036,21.844477005590434,down,up,up,down,0.0769771196986734,-0.0058111732025842,-4.93061312117326,-25.698146201151296,19.75
5.468999999999998,0.7966912138683656,0.0784458806543098,2.7846315538924133,21.87891394481614,down,up,up,down,0.0769771196986734,-0.0058111732025842,-4.93061312117326,-25.698146201151296,19.766
5.483999999999998,0.7971847089162195,0.0440774498417482,2.7964984557152595,21.911014666561684,down,up,up,down,0.0769771196986734,-0.0058111732025842,-4.93061312117326,-25.698146201151296,19.781
5.5,0.7963332388489607,0.1301939989023443,2.809153620526141,21.945059259890527,down,up,up,down,0.0769771196986734,-0.0058111732025842,-4.93061312117326,-25.698146201151296,19.797
5.515999999999998,0.7954652329688726,0.13122748720418329,2.821795029529441,21.978901480628856,down,up,up,down,0.0769771196986734,-0.0058111732025842,-4.93061312117326,-25.698146201151296,19.813
5.530999999999999,0.79551430986589,0.07370532656418119,2.8336402085026635,22.01044491316121,down,up,up,down,0.0769771196986734,-0.0058111732025842,-4.93061312117326,-25.698146201151296,19.828
5.547000000000001,0.7955926108277324,0.0720833095835266,2.8462760850969726,22.04389539275119,down,up,up,down,0.0769771196986734,-0.0058111732025842,-4.93061312117326,-25.698146201151296,19.844
5.562000000000001,0.7956690020100171,0.07188437421302349,2.8581233795952175,22.075071593583594,down,up,up,down,0.0769771196986734,-0.0058111732025842,-4.93061312117326,-25.698146201151296,19.859
5.577999999999999,0.7954308271657203,0.0918630474672237,2.87075919945738,22.108130342889943,down,up,up,down,0.0769771196986734,-0.0058111732025842,-4.93061312117326,-25.698146201151296,19.875
5.593999999999998,0.7966449022800147,0.0,2.883402826521704,22.140986856620877,down,up,up,down,0.0769771196986734,-0.0058111732025842,-4.93061312117326,-25.698146201151296,19.891
5.608999999999998,0.7978293658061569,0.0,2.895274215934312,22.171605975620054,down,up,up,down,0.0769771196986734,-0.0058111732025842,-4.93061312117326,-25.698146201151296,19.906
5.625,0.798679542303187,0.023841088634296896,2.9079533084279467,22.20406996536392,down,up,up,down,0.0769771196986734,-0.0058111732025842,-4.93061312117326,-25.698146201151296,19.922
5.640999999999998,0.7995089827880938,0.025137089391996492,2.920645837857436,22.236330982132415,down,up,up,down,0.0769771196986734,-0.0058111732025842,-4.93061312117326,-25.698146201151296,19.938
5.655999999999999,0.7987037388778438,0.1306600470486675,2.932545265671896,22.266391245673546,down,up,up,down,0.0769771196986734,-0.0058111732025842,-4.93061312117326,-25.698146201151296,19.953
5.672000000000001,0.7979181350629662,0.1260773581285234,2.9452252618921833,22.29825889139181,down,up,up,down,0.0769771196986734,-0.0058111732025842,-4.93061312117326,-25.698146201151296,19.969
5.687000000000001,0.7978283436430081,0.08296321436254099,2.957106192884439,22.327950602298586,down,up,up,down,0.0769771196986734,-0.0058111732025842,-4.93061312117326,-25.698146201151296,19.984
5.702999999999999,0.7973453084731047,0.107166817817642,2.9697746033301256,22.359425365867637,down,up,up,down,0.0769771196986734,-0.0058111732025842,-4.93061312117326,-25.698146201151296,20.0
5.718999999999998,0.7968882087466705,0.105545852600811,2.982435492696641,22.39069749503819,down,up,up,down,0.0769771196986734,-0.0058111732025842,-4.93061312117326,-25.698146201151296,20.016
5.733999999999998,0.7973444471985064,0.0465612229096183,2.994305070018192,22.419831137635427,down,up,up,down,0.0769771196986734,-0.0058111732025842,-4.93061312117326,-25.698146201151296,20.031
5.75,0.7973002307761908,0.07974064609339539,3.006969248670749,22.450710753024694,down,up,up,down,0.0769771196986734,-0.0058111732025842,-4.93061312117326,-25.698146201151296,20.047
5.765999999999998,0.7975888795266729,0.0589365727935422,3.019635382781929,22.481387725911844,down,up,up,down,0.0769771196986734,-0.0058111732025842,-4.93061312117326,-25.698146201151296,20.063
5.780999999999999,0.7978436899334688,0.0599897592456162,3.031513959454842,22.50996330266267,down,up,up,down,0.0769771196986734,-0.0058111732025842,-4.93061312117326,-25.698146201151296,20.078
5.797000000000001,0.7984764638593232,0.0374287493327729,3.0441915419139445,22.540247468590493,down,up,up,down,0.0769771196986734,-0.0058111732025842,-4.93061312117326,-25.698146201151296,20.094
5.812000000000001,0.798481441095097,0.0766453039804234,3.056081558603064,22.568454617154217,down,up,up,down,0.0769771196986734,-0.0058111732025842,-4.93061312117326,-25.698146201151296,20.109
5.827999999999999,0.7985005877871955,0.07578045144251959,3.06876443606288,22.598345659135667,down,up,up,down,0.0769771196986734,-0.0058111732025842,-4.93061312117326,-25.698146201151296,20.125
5.843999999999998,0.7987794579049491,0.059547737339069894,3.0814496976571744,22.62803375600467,down,up,up,down,0.0769771196986734,-0.0058111732025842,-4.93061312117326,-25.698146201151296,20.141
5.858999999999998,0.7965687475170603,0.2243578122245865,3.0933276415998012,22.65568212277784,down,up,up,down,0.0769771196986734,-0.0058111732025842,-4.93061312117326,-25.698146201151296,20.156
5.875,0.7943994069251267,0.21256090669451022,3.1059624080640993,22.6849776123193,down,up,up,down,0.0769771196986734,-0.0058111732025842,-4.93061312117326,-25.698146201151296,20.172
5.890999999999998,0.79479401676355,0.052314004797213196,3.1185829766823656,22.714071059180107,down,up,up,down,0.0769771196986734,-0.0058111732025842,-4.93061312117326,-25.698146201151296,20.188
5.905999999999999,0.7950480088335893,0.060044315029388194,3.130419624276306,22.74116273649051,down,up,up,down,0.0769771196986734,-0.0058111732025842,-4.93061312117326,-25.698146201151296,20.203
5.922000000000001,0.7956461697935352,0.039592059702057994,3.143052198934083,22.7698647718436,down,up,up,down,0.0769771196986734,-0.0058111732025842,-4.93061312117326,-25.698146201151296,20.219
5.937000000000001,0.7962225225455873,0.038553602895198595,3.1549040465285882,22.79658929682023,down,up,up,down,0.0769771196986734,-0.0058111732025842,-4.93061312117326,-25.698146201151296,20.234
5.952999999999999,0.7969351372759624,0.03243869905022519,3.167556329035918,22.82489942375448,down,up,up,down,0.0769771196986734,-0.0058111732025842,-4.93061312117326,-25.698146201151296,20.25
5.968999999999998,0.7960560050228568,0.1319228855177827,3.1802072794030654,22.853007124825737,down,up,up,down,0.0769771196986734,-0.0058111732025842,-4.93061312117326,-25.698146201151296,20.266
5.983999999999998,0.795194609781534,0.13440346912019,3.1920544914160605,22.879174358362192,down,up,up,down,0.0769771196986734,-0.0058111732025842,-4.93061312117326,-25.698146201151296,20.281
6.0,0.7953140886783013,0.069509688650716,3.204685582232499,22.906890247711786,down,up,up,down,0.0769771196986734,-0.0058111732025842,-4.93061312117326,-25.698146201151296,20.297
6.015999999999998,0.7960403420413352,0.031586284509050294,3.2173234389070133,22.93440398548143,down,up,up,down,0.0769771196986734,-0.0058111732025842,-4.93061312117326,-25.698146201151296,20.313
6.030999999999999,0.796734415873173,0.030705530909493392,3.2291820819933337,22.960014390892276,down,up,up,down,0.0769771196986734,-0.0058111732025842,-4.93061312117326,-25.698146201151296,20.328
6.047000000000001,0.7974115610749662,0.034655544586597295,3.241842271037679,22.9871360060068,down,up,up,down,0.0769771196986734,-0.0058111732025842,-4.93061312117326,-25.698146201151296,20.344
6.062000000000001,0.7975571120449362,0.0672737217006784,3.25371736848804,23.012378505527955,down,up,up,down,0.0769771196986734,-0.0058111732025842,-4.93061312117326,-25.698146201151296,20.359
6.077999999999999,0.7973236148756796,0.0915706927772112,3.2663834355321617,23.039107509034565,down,up,up,down,0.0769771196986734,-0.0058111732025842,-4.93061312117326,-25.698146201151296,20.375
6.093999999999998,0.7970762553414729,0.09243709058659609,3.2790456557226566,23.065633886243297,down,up,up,down,0.0769771196986734,-0.0058111732025842,-4.93061312117326,-25.698146201151296,20.391
6.108999999999998,0.796652915196585,0.1051997960245305,3.2909114569036535,23.0903184047162,down,up,up,down,0.0769771196986734,-0.0058111732025842,-4.93061312117326,-25.698146201151296,20.406
6.125,0.7962399004210851,0.10279054316741619,3.303561620657355,23.116452430034485,down,up,up,down,0.0769771196986734,-0.0058111732025842,-4.93061312117326,-25.698146201151296,20.422
6.140999999999998,0.7965626589108793,0.056804714086531295,3.316211062360768,23.14238405850911,down,up,up,down,0.0769771196986734,-0.0058111732025842,-4.93061312117326,-25.698146201151296,20.438
6.155999999999999,0.7968775452423865,0.05598469759819259,3.3280746962938794,23.166511112136796,down,up,up,down,0.0769771196986734,-0.0058111732025842,-4.93061312117326,-25.698146201151296,20.453
6.172000000000001,0.7969119352602404,0.0748277435828062,3.3407320333666606,23.192050468238286,down,up,up,down,0.0769771196986734,-0.0058111732025842,-4.93061312117326,-25.698146201151296,20.469
6.187000000000001,0.7969454864971705,0.07474037057000339,3.3525987964318027,23.215809683832397,down,up,up,down,0.0769771196986734,-0.0058111732025842,-4.93061312117326,-25.698146201151296,20.484
6.202999999999999,0.7975672339734067,0.03811790243390519,3.3652619194243245,23.240956608044314,down,up,up,down,0.0769771196986734,-0.0058111732025842,-4.93061312117326,-25.698146201151296,20.5
6.218999999999998,0.7981738168770515,0.039065688220869796,3.377934869059885,23.26590084367521,down,up,up,down,0.0769771196986734,-0.0058111732025842,-4.93061312117326,-25.698146201151296,20.516
6.233999999999998,0.797676016004976,0.1101638445037065,3.3898165752084624,23.289101904660797,down,up,up,down,0.0769771196986734,-0.0058111732025842,-4.93061312117326,-25.698146201151296,20.531
6.25,0.7979113562072441,0.06226835705691759,3.4024882954149205,23.313653275634586,down,up,up,down,0.0769771196986734,-0.0058111732025842,-4.93061312117326,-25.698146201151296,20.547
6.265999999999998,0.7981272366200097,0.0634845939008184,3.4151636253862954,23.338001870206945,down,up,up,down,0.0769771196986734,-0.0058111732025842,-4.93061312117326,-25.698146201151296,20.563
6.280999999999999,0.7973053905327844,0.1317668588470281,3.4270422024919034,23.360644523315457,down,up,up,down,0.0769771196986734,-0.0058111732025842,-4.93061312117326,-25.698146201151296,20.578
6.297000000000001,0.7978233033466821,0.04460756883007199,3.439710253271699,23.384600313608125,down,up,up,down,0.0769771196986734,-0.0058111732025842,-4.93061312117326,-25.698146201151296,20.594
6.312000000000001,0.798376213573201,0.04011643793074599,3.45159458205056,23.4068747241608,down,up,up,down,0.0769771196986734,-0.0058111732025842,-4.93061312117326,-25.698146201151296,20.609
6.327999999999999,0.7988232752901306,0.04903576239056709,3.4642791991902238,23.430437543849656,down,up,up,down,0.0769771196986734,-0.0058111732025842,-4.93061312117326,-25.698146201151296,20.625
6.343999999999998,0.8002578788060396,0.012685600045646506,3.4769788696517505,23.453797289237684,down,up,up,down,0.0769771196986734,-0.0058111732025842,-4.93061312117326,-25.698146201151296,20.641
6.358999999999998,0.7992385903794669,0.14492968147018598,3.4888879255726035,23.4755124850911,down,up,up,down,0.0769771196986734,-0.0058111732025842,-4.93061312117326,-25.698146201151296,20.656
6.375,0.7982441626462257,0.139128853026242,3.501574808825569,23.498478593154694,down,up,up,down,0.0769771196986734,-0.0058111732025842,-4.93061312117326,-25.698146201151296,20.672
6.390999999999998,0.7986260683312753,0.05310801438307149,3.514256791902146,23.521241750287643,down,up,up,down,0.0769771196986734,-0.0058111732025842,-4.93061312117326,-25.698146201151296,20.688
6.405999999999999,0.7985219856520905,0.083915964977654,3.526148234708983,23.542397909405665,down,up,up,down,0.0769771196986734,-0.0058111732025842,-4.93061312117326,-25.698146201151296,20.703
6.422000000000001,0.7983859727356729,0.08547792697477409,3.5388305196048453,23.56476788930992,down,up,up,down,0.0769771196986734,-0.0058111732025842,-4.93061312117326,-25.698146201151296,20.719
6.437000000000001,0.7986360258661359,0.06030691100114059,3.55072101699632,23.585555449603014,down,up,up,down,0.0769771196986734,-0.0058111732025842,-4.93061312117326,-25.698146201151296,20.734
6.452999999999999,0.7989691794292514,0.05615502200395409,3.563408879867441,23.60753222036687,down,up,up,down,0.0769771196986734,-0.0058111732025842,-4.93061312117326,-25.698146201151296,20.75
6.468999999999998,0.7992681168332235,0.05829353195041309,3.576101799466298,23.62930594487097,down,up,up,down,0.0769771196986734,-0.0058111732025842,-4.93061312117326,-25.698146201151296,20.766
6.483999999999998,0.798390757721055,0.1354677271765687,3.5879970734274167,23.649534400141867,down,up,up,down,0.0769771196986734,-0.0058111732025842,-4.93061312117326,-25.698146201151296,20.781
6.5,0.7983326752415961,0.08060727466485619,3.6006778821198777,23.670914810436265,down,up,up,down,0.0769771196986734,-0.0058111732025842,-4.93061312117326,-25.698146201151296,20.797
6.515999999999998,0.798303932145659,0.0787735631947451,3.613357996207733,23.692092333348413,down,up,up,down,0.0769771196986734,-0.0058111732025842,-4.93061312117326,-25.698146201151296,20.813
6.530999999999999,0.7983518546831795,0.07378228386397319,3.625245747010911,23.711762002091874,down,up,up,down,0.0769771196986734,-0.0058111732025842,-4.93061312117326,-25.698146201151296,20.828
6.547000000000001,0.7980976341174894,0.09286590505430489,3.6379243641500763,23.73254645114136,down,up,up,down,0.0769771196986734,-0.0058111732025842,-4.93061312117326,-25.698146201151296,20.844
6.562000000000001,0.798317592171001,0.062313249464567094,3.649810310749202,23.751847637897214,down,up,up,down,0.0769771196986734,-0.0058111732025842,-4.93061312117326,-25.698146201151296,20.859
6.577999999999999,0.7985311070602953,0.06363243911777629,3.66249212157181,23.772239028377413,down,up,up,down,0.0769771196986734,-0.0058111732025842,-4.93061312117326,-25.698146201151296,20.875
6.593999999999998,0.7985206097271645,0.0776332030193449,3.6751755565348665,23.792427496891328,down,up,up,down,0.0769771196986734,-0.0058111732025842,-4.93061312117326,-25.698146201151296,20.891
6.608999999999998,0.7979375847760223,0.11584544977482279,3.687061825395602,23.811169913344457,down,up,up,down,0.0769771196986734,-0.0058111732025842,-4.93061312117326,-25.698146201151296,20.906
6.625,0.7973894013418067,0.11123858433714379,3.699731462513305,23.830965376979954,down,up,up,down,0.0769771196986734,-0.0058111732025842,-4.93061312117326,-25.698146201151296,20.922
6.640999999999998,0.7979715755564721,0.040591231282079296,3.712401371557248,23.850558124246156,down,up,up,down,0.0769771196986734,-0.0058111732025842,-4.93061312117326,-25.698146201151296,20.938
6.655999999999999,0.799002148191377,0.0,3.724291506887319,23.868742124475425,down,up,up,down,0.0769771196986734,-0.0058111732025842,-4.93061312117326,-25.698146201151296,20.953
6.672000000000001,0.8000007550156311,0.014564193182804691,3.736990551341735,23.887941677948376,down,up,up,down,0.0769771196986734,-0.0058111732025842,-4.93061312117326,-25.698146201151296,20.969
6.687000000000001,0.7996611526228871,0.0996172792149391,3.748900848050986,23.905756689270525,down,up,up,down,0.0769771196986734,-0.0058111732025842,-4.93061312117326,-25.698146201151296,20.984
6.702999999999999,0.7993298332153315,0.0976845826709004,3.7615997971664483,23.924562494047557,down,up,up,down,0.0769771196986734,-0.0058111732025842,-4.93061312117326,-25.698146201151296,21.0
6.718999999999998,0.7996797237864416,0.055108959004288395,3.7742988948512197,23.94316511445019,down,up,up,down,0.0769771196986734,-0.0058111732025842,-4.93061312117326,-25.698146201151296,21.016
6.733999999999998,0.800042098302363,0.052818818637250395,3.7862096409188477,23.960420497249515,down,up,up,down,0.0769771196986734,-0.0058111732025842,-4.93061312117326,-25.698146201151296,21.031
6.75,0.7988172416603588,0.1535306598239219,3.7989075368673095,23.978629369765997,down,up,up,down,0.0769771196986734,-0.0058111732025842,-4.93061312117326,-25.698146201151296,21.047
6.765999999999998,0.7984836252308333,0.09782814654402329,3.8115929650311964,23.996635175689576,down,up,up,down,0.0769771196986734,-0.0058111732025842,-4.93061312117326,-25.698146201151296,21.063
6.780999999999999,0.7981493645919232,0.0992611622926769,3.823480544856829,24.013331321183017,down,up,up,down,0.0769771196986734,-0.0058111732025842,-4.93061312117326,-25.698146201151296,21.078
6.797000000000001,0.7978232566515241,0.0973588659736156,3.8361553470555365,24.030944043986494,down,up,up,down,0.0769771196986734,-0.0058111732025842,-4.93061312117326,-25.698146201151296,21.094
6.812000000000001,0.7985617044754728,0.027747264768760792,3.8480410666659504,24.047271767701183,down,up,up,down,0.0769771196986734,-0.0058111732025842,-4.93061312117326,-25.698146201151296,21.109
6.827999999999999,0.7992821413768868,0.031949813360294094,3.860730838661527,24.064491402397337,down,up,up,down,0.0769771196986734,-0.0058111732025842,-4.93061312117326,-25.698146201151296,21.125
6.843999999999998,0.7999595628739299,0.034638276133476,3.8734317935242903,24.081507911278614,down,up,up,down,0.0769771196986734,-0.0058111732025842,-4.93061312117326,-25.698146201151296,21.141
6.858999999999998,0.7995344735469557,0.10531640816361619,3.8853408311994087,24.09727631341078,down,up,up,down,0.0769771196986734,-0.0058111732025842,-4.93061312117326,-25.698146201151296,21.156
6.875,0.7987168394885841,0.12807924834689588,3.8980338629324534,24.113899125796507,down,up,up,down,0.0769771196986734,-0.0058111732025842,-4.93061312117326,-25.698146201151296,21.172
6.890999999999998,0.8001175206742771,0.010565454407150704,3.910731559042513,24.130318812359477,down,up,up,down,0.0769771196986734,-0.0058111732025842,-4.93061312117326,-25.698146201151296,21.188
6.905999999999999,0.8014840389042223,0.01412409563100031,3.922656403141314,24.145527599460706,down,up,up,down,0.0769771196986734,-0.0058111732025842,-4.93061312117326,-25.698146201151296,21.203
6.922000000000001,0.8016453275022942,0.06689658231917689,3.935388459301326,24.161553050499933,down,up,up,down,0.0769771196986734,-0.0058111732025842,-4.93061312117326,-25.698146201151296,21.219
6.937000000000001,0.8018026822321217,0.06648680437684219,3.947327151776296,24.176391880234448,down,up,up,down,0.0769771196986734,-0.0058111732025842,-4.93061312117326,-25.698146201151296,21.234
6.952999999999999,0.801911949550897,0.0701479122752194,3.9600638900593172,24.192022561838535,down,up,up,down,0.0769771196986734,-0.0058111732025842,-4.93061312117326,-25.698146201151296,21.25
6.968999999999998,0.802209016565321,0.05841043129717129,3.972803879017004,24.207449429624695,down,up,up,down,0.0769771196986734,-0.0058111732025842,-4.93061312117326,-25.698146201151296,21.266
6.983999999999998,0.8018711190381004,0.09950362151337759,3.9847473124359913,24.221726992506397,down,up,up,down,0.0769771196986734,-0.0058111732025842,-4.93061312117326,-25.698146201151296,21.281
7.0,0.8015645313408973,0.09613885077386139,3.997481818867784,24.236758969394742,down,up,up,down,0.0769771196986734,-0.0058111732025842,-4.93061312117326,-25.698146201151296,21.297
7.015999999999998,0.8018815857538754,0.057161218887544794,4.0102164090332995,24.251587193510304,down,up,up,down,0.0769771196986734,-0.0058111732025842,-4.93061312117326,-25.698146201151296,21.313
7.030999999999999,0.8012877251045597,0.1165678296530491,4.022153011266699,24.265303619675656,down,up,up,down,0.0769771196986734,-0.0058111732025842,-4.93061312117326,-25.698146201151296,21.328
7.047000000000001,0.8023785355702077,0.0,4.0348893625808575,24.279737090623648,down,up,up,down,0.0769771196986734,-0.0058111732025842,-4.93061312117326,-25.698146201151296,21.344
7.062000000000001,0.803412729571848,0.0,4.046845629471385,24.293083275000853,down,up,up,down,0.0769771196986734,-0.0058111732025842,-4.93061312117326,-25.698146201151296,21.359
7.077999999999999,0.8036073103059457,0.06481582381756419,4.059608811019164,24.307121449415696,down,up,up,down,0.0769771196986734,-0.0058111732025842,-4.93061312117326,-25.698146201151296,21.375
7.093999999999998,0.8034824745315915,0.0847793555958106,4.072372550526621,24.320955408462098,down,up,up,down,0.0769771196986734,-0.0058111732025842,-4.93061312117326,-25.698146201151296,21.391
7.108999999999998,0.8033422952587993,0.08632240455148599,4.084336568702011,24.333739286885482,down,up,up,down,0.0769771196986734,-0.0058111732025842,-4.93061312117326,-25.698146201151296,21.406
7.125,0.8022213822430987,0.1470341831799536,4.0970880993507865,24.347177699479836,down,up,up,down,0.0769771196986734,-0.0058111732025842,-4.93061312117326,-25.698146201151296,21.422
7.140999999999998,0.8014548631850146,0.12488456082893579,4.109824530542968,24.360412208379458,down,up,up,down,0.0769771196986734,-0.0058111732025842,-4.93061312117326,-25.698146201151296,21.438
7.155999999999999,0.800729849645112,0.1253113556921795,4.121753748291156,24.372634568105802,down,up,up,down,0.0769771196986734,-0.0058111732025842,-4.93061312117326,-25.698146201151296,21.453
7.172000000000001,0.7987718703384824,0.1993508263630068,4.134456783279785,24.385474693792005,down,up,up,down,0.0769771196986734,-0.0058111732025842,-4.93061312117326,-25.698146201151296,21.469
7.187000000000001,0.7982091628310409,0.11449095352810348,4.146346973430518,24.39732786243428,down,up,up,down,0.0769771196986734,-0.0058111732025842,-4.93061312117326,-25.698146201151296,21.484
7.202999999999999,0.7953986438092996,0.2526345585575266,4.159002857112398,24.4097748737287,down,up,up,down,0.0769771196986734,-0.0058111732025842,-4.93061312117326,-25.698146201151296,21.5
7.218999999999998,0.7926548450009906,0.24846454521800437,4.171614306251637,24.42201974636057,down,up,up,down,0.0769771196986734,-0.0058111732025842,-4.93061312117326,-25.698146201151296,21.516
7.233999999999998,0.7904953328328225,0.2209445975765426,4.183400764987353,24.433316330143874,down,up,up,down,0.0769771196986734,-0.0058111732025842,-4.93061312117326,-25.698146201151296,21.531
7.25,0.7880703495694678,0.2285385736583263,4.195936311675331,24.44517144346935,down,up,up,down,0.0769771196986734,-0.0058111732025842,-4.93061312117326,-25.698146201151296,21.547
7.265999999999998,0.7856962433438567,0.22535875879938172,4.208433465647396,24.456826295189536,down,up,up,down,0.0769771196986734,-0.0058111732025842,-4.93061312117326,-25.698146201151296,21.563
7.280999999999999,0.7818927290403809,0.3305447399303843,4.220103215342238,24.467571466899713,down,up,up,down,0.0769771196986734,-0.0058111732025842,-4.93061312117326,-25.698146201151296,21.578
7.297000000000001,0.7772158422832262,0.36928254202081057,4.232483105141587,24.478840586274615,down,up,up,down,0.0769771196986734,-0.0058111732025842,-4.93061312117326,-25.698146201151296,21.594
7.312000000000001,0.7726924855578438,0.3785342347241552,4.244020250002357,24.489226007928636,down,up,up,down,0.0769771196986734,-0.0058111732025842,-4.93061312117326,-25.698146201151296,21.609
7.327999999999999,0.7676198943270104,0.39401407162579377,4.256249770270194,24.500113657705235,down,up,up,down,0.0769771196986734,-0.0058111732025842,-4.93061312117326,-25.698146201151296,21.625
7.343999999999998,0.7625706967795461,0.3925519664152235,4.268398316227803,24.510806282952018,down,up,up,down,0.0769771196986734,-0.0058111732025842,-4.93061312117326,-25.698146201151296,21.641
7.358999999999998,0.7564875288569296,0.4825216478730939,4.279704085322038,24.52065471175799,down,up,up,down,0.0769771196986734,-0.0058111732025842,-4.93061312117326,-25.698146201151296,21.656
7.375,0.7505407183033145,0.448652779299577,4.29166733252808,24.530973550353963,down,up,up,down,0.0769771196986734,-0.0058111732025842,-4.93061312117326,-25.698146201151296,21.672
7.390999999999998,0.7457453419990382,0.37668813871597445,4.303544642239256,24.541101664494597,down,up,up,down,0.0769771196986734,-0.0058111732025842,-4.93061312117326,-25.698146201151296,21.688
7.405999999999999,0.7406333730041367,0.41777505269209486,4.3146053150037424,24.550424736632877,down,up,up,down,0.0769771196986734,-0.0058111732025842,-4.93061312117326,-25.698146201151296,21.703
7.422000000000001,0.7356739015349837,0.3869440865207004,4.326322794428815,24.560187121696195,down,up,up,down,0.0769771196986734,-0.0058111732025842,-4.93061312117326,-25.698146201151296,21.719
7.437000000000001,0.7302619897861929,0.43777123628470926,4.337230146015686,24.569169671460457,down,up,up,down,0.0769771196986734,-0.0058111732025842,-4.93061312117326,-25.698146201151296,21.734
7.452999999999999,0.7249820758849327,0.40697173852747587,4.348779119769812,24.578571407272946,down,up,up,down,0.0769771196986734,-0.0058111732025842,-4.93061312117326,-25.698146201151296,21.75
7.468999999999998,0.7190524714169405,0.4475773989482253,4.360238417376984,24.587789076914532,down,up,up,down,0.0769771196986734,-0.0058111732025842,-4.93061312117326,-25.698146201151296,21.766
7.483999999999998,0.7132484074500826,0.4639147174891889,4.370893506370448,24.596264784304026,down,up,up,down,0.0769771196986734,-0.0058111732025842,-4.93061312117326,-25.698146201151296,21.781
7.5,0.7051523054440024,0.5829834950786249,4.382147733302361,24.605130264325417,down,up,up,down,0.0769771196986734,-0.0058111732025842,-4.93061312117326,-25.698146201151296,21.797
7.515999999999998,0.6977951561491035,0.5367989506299081,4.393278334223863,24.61381666572398,down,up,up,down,0.0769771196986734,-0.0058111732025842,-4.93061312117326,-25.698146201151296,21.813
7.530999999999999,0.6906174495199336,0.5554908949766441,4.403604261168343,24.621799243076147,down,up,up,down,0.0769771196986734,-0.0058111732025842,-4.93061312117326,-25.698146201151296,21.828
7.547000000000001,0.6836414778645138,0.5129753481623655,4.414505353816178,24.630144176095037,down,up,up,down,0.0769771196986734,-0.0058111732025842,-4.93061312117326,-25.698146201151296,21.844
7.562000000000001,0.6762366538368826,0.5706320548740685,4.424617272205899,24.63780995321747,down,up,up,down,0.0769771196986734,-0.0058111732025842,-4.93061312117326,-25.698146201151296,21.859
7.577999999999999,0.6690124352733394,0.5284907799201707,4.435286286147538,24.645820534689413,down,up,up,down,0.0769771196986734,-0.0058111732025842,-4.93061312117326,-25.698146201151296,21.875
7.593999999999998,0.6614222771639023,0.5513620015385434,4.445836785075794,24.6536613600584,down,up,up,down,0.0769771196986734,-0.0058111732025842,-4.93061312117326,-25.698146201151296,21.891
7.608999999999998,0.6540172448620128,0.5706459398246208,4.45561541389295,24.660859665383732,down,up,up,down,0.0769771196986734,-0.0058111732025842,-4.93061312117326,-25.698146201151296,21.906
7.625,0.6466164637638324,0.5395259383348986,4.4659275047907165,24.66837713197304,down,up,up,down,0.0769771196986734,-0.0058111732025842,-4.93061312117326,-25.698146201151296,21.922
7.640999999999998,0.6394129287657647,0.5271980570779539,4.4761227611597105,24.675730539784205,down,up,up,down,0.0769771196986734,-0.0058111732025842,-4.93061312117326,-25.698146201151296,21.938
7.655999999999999,0.6344307055601276,0.4091253334078025,4.4855894208191165,24.68247689523696,down,up,up,down,0.0769771196986734,-0.0058111732025842,-4.93061312117326,-25.698146201151296,21.953
7.672000000000001,0.6264317947656614,0.5769090443527575,4.495583342050482,24.689517323072785,down,up,up,down,0.0769771196986734,-0.0058111732025842,-4.93061312117326,-25.698146201151296,21.969
7.687000000000001,0.6170753337373504,0.7007411882527166,4.504822477916217,24.695973476240624,down,up,up,down,0.0769771196986734,-0.0058111732025842,-4.93061312117326,-25.698146201151296,21.984
7.702999999999999,0.607981295271461,0.6453545238168171,4.514529952177044,24.70270846673865,down,up,up,down,0.0769771196986734,-0.0058111732025842,-4.93061312117326,-25.698146201151296,22.0
7.718999999999998,0.5995516153283748,0.6038321161416251,4.524097236690601,24.709289259166482,down,up,up,down,0.0769771196986734,-0.0058111732025842,-4.93061312117326,-25.698146201151296,22.016
7.733999999999998,0.5897806313255706,0.7283760532189276,4.532930060942467,24.71532075125183,down,up,up,down,0.0769771196986734,-0.0058111732025842,-4.93061312117326,-25.698146201151296,22.031
7.75,0.5802510089795393,0.6725785163255614,4.542197335293667,24.721609542020715,down,up,up,down,0.0769771196986734,-0.0058111732025842,-4.93061312117326,-25.698146201151296,22.047
7.765999999999998,0.5715031637136646,0.6237174488159015,4.551318389903971,24.727751226157906,down,up,up,down,0.0769771196986734,-0.0058111732025842,-4.93061312117326,-25.698146201151296,22.063
7.780999999999999,0.5626719762462268,0.665722950861173,4.559737535855632,24.73337750353231,down,up,up,down,0.0769771196986734,-0.0058111732025842,-4.93061312117326,-25.698146201151296,22.078
7.797000000000001,0.5539855942641071,0.6198759935810929,4.568577817648474,24.739240790643052,down,up,up,down,0.0769771196986734,-0.0058111732025842,-4.93061312117326,-25.698146201151296,22.094
7.812000000000001,0.544748964605107,0.6927524302986549,4.576731159241954,24.744610170133974,down,up,up,down,0.0769771196986734,-0.0058111732025842,-4.93061312117326,-25.698146201151296,22.109
7.827999999999999,0.5352687458265634,0.6694907933577173,4.585278322154165,24.750203904221586,down,up,up,down,0.0769771196986734,-0.0058111732025842,-4.93061312117326,-25.698146201151296,22.125
7.843999999999998,0.5266031887101884,0.6185744394721677,4.593680318859217,24.755662045032246,down,up,up,down,0.0769771196986734,-0.0058111732025842,-4.93061312117326,-25.698146201151296,22.141
7.858999999999998,0.5181658652672886,0.6394653492253071,4.60142891916601,24.760657922564654,down,up,up,down,0.0769771196986734,-0.0058111732025842,-4.93061312117326,-25.698146201151296,22.156
7.875,0.5094483189854325,0.6218237623146161,4.609556853868791,24.765859846319145,down,up,up,down,0.0769771196986734,-0.0058111732025842,-4.93061312117326,-25.698146201151296,22.172
7.890999999999998,0.4990320151237543,0.7279961110536354,4.617531717770422,24.770932947684805,down,up,up,down,0.0769771196986734,-0.0058111732025842,-4.93061312117326,-25.698146201151296,22.188
7.905999999999999,0.48887641050738556,0.7540174274565586,4.624853863364618,24.775574252643892,down,up,up,down,0.0769771196986734,-0.0058111732025842,-4.93061312117326,-25.698146201151296,22.203
7.922000000000001,0.4800613837523179,0.6279162918903451,4.632512386947455,24.78040513258017,down,up,up,down,0.0769771196986734,-0.0058111732025842,-4.93061312117326,-25.698146201151296,22.219
7.937000000000001,0.47056078122570166,0.710350621473064,4.639554885586752,24.784823824853767,down,up,up,down,0.0769771196986734,-0.0058111732025842,-4.93061312117326,-25.698146201151296,22.234
7.952999999999999,0.46128462660819897,0.6567367832926523,4.6469166700781805,24.78942186234722,down,up,up,down,0.0769771196986734,-0.0058111732025842,-4.93061312117326,-25.698146201151296,22.25
7.968999999999998,0.4523227160320288,0.6370965307093751,4.65413255004806,24.793903278524986,down,up,up,down,0.0769771196986734,-0.0058111732025842,-4.93061312117326,-25.698146201151296,22.266
7.983999999999998,0.44466638619957866,0.5873991085286624,4.660772800716758,24.79800068521184,down,up,up,down,0.0769771196986734,-0.0058111732025842,-4.93061312117326,-25.698146201151296,22.281
8.0,0.4346092159701537,0.7055502590376644,4.667714026762876,24.802262600530774,down,up,up,down,0.0769771196986734,-0.0058111732025842,-4.93061312117326,-25.698146201151296,22.297
8.015999999999998,0.4247973425755925,0.6902192068588117,4.6744963004599995,24.80641472785176,down,up,up,down,0.0769771196986734,-0.0058111732025842,-4.93061312117326,-25.698146201151296,22.313
8.030999999999999,0.4151324654644294,0.721302260442859,4.680708606422262,24.810209887867742,down,up,up,down,0.0769771196986734,-0.0058111732025842,-4.93061312117326,-25.698146201151296,22.328
8.047,0.4057033170632954,0.6662988947694798,4.687182313911243,24.81415657044385,down,up,up,down,0.0769771196986734,-0.0058111732025842,-4.93061312117326,-25.698146201151296,22.344
8.062000000000001,0.39788568815235675,0.5981523804278952,4.6931220638523214,24.817763484428227,down,up,up,down,0.0769771196986734,-0.0058111732025842,-4.93061312117326,-25.698146201151296,22.359
8.078,0.3868411576896856,0.7672602736156979,4.699306899847816,24.82151386265739,down,up,up,down,0.0769771196986734,-0.0058111732025842,-4.93061312117326,-25.698146201151296,22.375
8.093999999999998,0.37679721916365755,0.7047232775754944,4.7053230280914,24.82516663317265,down,up,up,down,0.0769771196986734,-0.0058111732025842,-4.93061312117326,-25.698146201151296,22.391
8.108999999999998,0.3669703517856443,0.7321016115662021,4.710814117275482,24.828504801399994,down,up,up,down,0.0769771196986734,-0.0058111732025842,-4.93061312117326,-25.698146201151296,22.406
8.125,0.3566674211159685,0.720910286553339,4.716510240687454,24.83197601647506,down,up,up,down,0.0769771196986734,-0.0058111732025842,-4.93061312117326,-25.698146201151296,22.422
8.140999999999998,0.34778251285976747,0.6322838857112989,4.722052861388018,24.83535732159723,down,up,up,down,0.0769771196986734,-0.0058111732025842,-4.93061312117326,-25.698146201151296,22.438
8.155999999999999,0.3391143096829853,0.6548573314841305,4.72711741995905,24.838447741304726,down,up,up,down,0.0769771196986734,-0.0058111732025842,-4.93061312117326,-25.698146201151296,22.453
8.172,0.33115693543106406,0.5743130104436941,4.732386611148722,24.841661518994634,down,up,up,down,0.0769771196986734,-0.0058111732025842,-4.93061312117326,-25.698146201151296,22.469
8.187000000000001,0.32339364347797056,0.59452991657155,4.737208572892501,24.844598751931926,down,up,up,down,0.0769771196986734,-0.0058111732025842,-4.93061312117326,-25.698146201151296,22.484
8.203,0.3150422149022737,0.5989414056797889,4.742223080988301,24.847653108639655,down,up,up,down,0.0769771196986734,-0.0058111732025842,-4.93061312117326,-25.698146201151296,22.5
8.218999999999998,0.3073708021992302,0.556440413638945,4.7471094063538715,24.85062825867969,down,up,up,down,0.0769771196986734,-0.0058111732025842,-4.93061312117326,-25.698146201151296,22.516
8.233999999999998,0.29987645476043656,0.5766002822848961,4.75157659318303,24.853347310500766,down,up,up,down,0.0769771196986734,-0.0058111732025842,-4.93061312117326,-25.698146201151296,22.531
8.25,0.2935093470046722,0.474921354433899,4.75623070082591,24.85617466208747,down,up,up,down,0.0769771196986734,-0.0058111732025842,-4.93061312117326,-25.698146201151296,22.547
8.265999999999998,0.2864124707752981,0.5205318840346073,4.760777096596908,24.858928409646857,down,up,up,down,0.0769771196986734,-0.0058111732025842,-4.93061312117326,-25.698146201151296,22.563
8.280999999999999,0.27953494118335687,0.5354790924947368,4.764934534588559,24.861444769230566,down,up,up,down,0.0769771196986734,-0.0058111732025842,-4.93061312117326,-25.698146201151296,22.578
8.297,0.27172685049466755,0.5649827877416976,4.769251650150743,24.864061089691425,down,up,up,down,0.0769771196986734,-0.0058111732025842,-4.93061312117326,-25.698146201151296,22.594
8.312000000000001,0.2645202784507833,0.557415255957609,4.773186336019795,24.866452001612743,down,up,up,down,0.0769771196986734,-0.0058111732025842,-4.93061312117326,-25.698146201151296,22.609
8.328,0.25748947645675085,0.516402244325746,4.777269435287813,24.868938165381053,down,up,up,down,0.0769771196986734,-0.0058111732025842,-4.93061312117326,-25.698146201151296,22.625
8.343999999999998,0.250599688526444,0.5075888653429035,4.781241169836437,24.871359890478836,down,up,up,down,0.0769771196986734,-0.0058111732025842,-4.93061312117326,-25.698146201151296,22.641
8.358999999999998,0.2429475128445356,0.5871221651592105,4.784855606248681,24.873573361475792,down,up,up,down,0.0769771196986734,-0.0058111732025842,-4.93061312117326,-25.698146201151296,22.656
8.375,0.2365799405966306,0.4749503851926959,4.78859884710497,24.875875535787735,down,up,up,down,0.0769771196986734,-0.0058111732025842,-4.93061312117326,-25.698146201151296,22.672
8.390999999999998,0.2303528270701117,0.46617171510614336,4.792241330475061,24.87811862430587,down,up,up,down,0.0769771196986734,-0.0058111732025842,-4.93061312117326,-25.698146201151296,22.688
8.405999999999999,0.2244187022474228,0.47258544121125556,4.795564949346904,24.8801692740248,down,up,up,down,0.0769771196986734,-0.0058111732025842,-4.93061312117326,-25.698146201151296,22.703
8.422,0.2196596632180422,0.3744170590349259,4.799024597499387,24.882302367588807,down,up,up,down,0.0769771196986734,-0.0058111732025842,-4.93061312117326,-25.698146201151296,22.719
8.437000000000001,0.2149902763750314,0.3882695758993795,4.802197304448296,24.884252400141797,down,up,up,down,0.0769771196986734,-0.0058111732025842,-4.93061312117326,-25.698146201151296,22.734
8.453,0.2094618051074625,0.4225065739217706,4.805499942328915,24.88628063210635,down,up,up,down,0.0769771196986734,-0.0058111732025842,-4.93061312117326,-25.698146201151296,22.75
8.468999999999998,0.2027673494144667,0.4953806005109544,4.808704796793848,24.88825680413214,down,up,up,down,0.0769771196986734,-0.0058111732025842,-4.93061312117326,-25.698146201151296,22.766
8.483999999999998,0.1979788428903059,0.39621088797605136,4.811623225638096,24.890063540781497,down,up,up,down,0.0769771196986734,-0.0058111732025842,-4.93061312117326,-25.698146201151296,22.781
8.5,0.1932878289240579,0.37016549258913656,4.81466038024137,24.891943081873237,down,up,up,down,0.0769771196986734,-0.0058111732025842,-4.93061312117326,-25.698146201151296,22.797
8.515999999999998,0.1886395030071329,0.36749748950651717,4.817622820125577,24.893774626209073,down,up,up,down,0.0769771196986734,-0.0058111732025842,-4.93061312117326,-25.698146201151296,22.813
8.530999999999999,0.1842251630384143,0.3712664509465722,4.820332137522881,24.8954491608443,down,up,up,down,0.0769771196986734,-0.0058111732025842,-4.93061312117326,-25.698146201151296,22.828
8.547,0.1799532785092025,0.3439699027743803,4.82315258628402,24.89719109299262,down,up,up,down,0.0769771196986734,-0.0058111732025842,-4.93061312117326,-25.698146201151296,22.844
8.562000000000001,0.1752078432265839,0.39333947187323576,4.825729127099,24.89878367695985,down,up,up,down,0.0769771196986734,-0.0058111732025842,-4.93061312117326,-25.698146201151296,22.859
8.578,0.1717428856607518,0.2935369675632031,4.828411754158857,24.90044035984856,down,up,up,down,0.0769771196986734,-0.0058111732025842,-4.93061312117326,-25.698146201151296,22.875
8.593999999999998,0.167904977332041,0.3168463902431236,4.831035958291558,24.902054588087736,down,up,up,down,0.0769771196986734,-0.0058111732025842,-4.93061312117326,-25.698146201151296,22.891
8.608999999999998,0.1641524861579827,0.3271431979692167,4.833439221669694,24.903530221055618,down,up,up,down,0.0769771196986734,-0.0058111732025842,-4.93061312117326,-25.698146201151296,22.906
8.625,0.16110714885047792,0.2673107014177009,4.835948319978521,24.905064930661204,down,up,up,down,0.0769771196986734,-0.0058111732025842,-4.93061312117326,-25.698146201151296,22.922
8.640999999999998,0.1568766331839021,0.3413843488596925,4.838399211463554,24.90655996034844,down,up,up,down,0.0769771196986734,-0.0058111732025842,-4.93061312117326,-25.698146201151296,22.938
8.655999999999999,0.1527512500167009,0.35200266417874526,4.8406342529895205,24.90792640618264,down,up,up,down,0.0769771196986734,-0.0058111732025842,-4.93061312117326,-25.698146201151296,22.953
8.672,0.14872648595113871,0.3285248737962815,4.842953096106021,24.90934751732864,down,up,up,down,0.0769771196986734,-0.0058111732025842,-4.93061312117326,-25.698146201151296,22.969
8.687000000000001,0.1458444794708099,0.2691108850539174,4.845075210748647,24.910646501844838,down,up,up,down,0.0769771196986734,-0.0058111732025842,-4.93061312117326,-25.698146201151296,22.984
8.703,0.1430314821678243,0.2527894511352905,4.847293239670515,24.911997364180266,down,up,up,down,0.0769771196986734,-0.0058111732025842,-4.93061312117326,-25.698146201151296,23.0
8.718999999999998,0.1397488247565891,0.2821432079008981,4.849462503354669,24.913313128174835,down,up,up,down,0.0769771196986734,-0.0058111732025842,-4.93061312117326,-25.698146201151296,23.016
8.733999999999998,0.1372021794928527,0.2467534706144256,4.851452468288501,24.914515462705104,down,up,up,down,0.0769771196986734,-0.0058111732025842,-4.93061312117326,-25.698146201151296,23.031
8.75,0.135296026525303,0.1961116801705164,4.853539475165405,24.915765337096246,down,up,up,down,0.0769771196986734,-0.0058111732025842,-4.93061312117326,-25.698146201151296,23.047
8.765999999999998,0.133458785672344,0.1918046730086234,4.8555965348917445,24.91698205895456,down,up,up,down,0.0769771196986734,-0.0058111732025842,-4.93061312117326,-25.698146201151296,23.063
8.780999999999999,0.1316663555718981,0.1964724597283982,4.857497805853038,24.91809304821657,down,up,up,down,0.0769771196986734,-0.0058111732025842,-4.93061312117326,-25.698146201151296,23.078
8.797,0.1269464019030478,0.3719742240017811,4.859473729141596,24.919247085875384,down,up,up,down,0.0769771196986734,-0.0058111732025842,-4.93061312117326,-25.698146201151296,23.094
8.812000000000001,0.12230211046284001,0.3865965490458508,4.861255925386302,24.920300810284026,down,up,up,down,0.0769771196986734,-0.0058111732025842,-4.93061312117326,-25.698146201151296,23.109
8.828,0.1177710944236131,0.36016562215038567,4.8630835322541515,24.921395904561678,down,up,up,down,0.0769771196986734,-0.0058111732025842,-4.93061312117326,-25.698146201151296,23.125
8.843999999999998,0.1160196809179207,0.1864404638044612,4.864860879685643,24.922462159204933,down,up,up,down,0.0769771196986734,-0.0058111732025842,-4.93061312117326,-25.698146201151296,23.141
8.858999999999998,0.114310984814807,0.1908901932395783,4.866501192080599,24.923436140484284,down,up,up,down,0.0769771196986734,-0.0058111732025842,-4.93061312117326,-25.698146201151296,23.156
8.875,0.1118484550690474,0.23088522880863527,4.868217488828429,24.92444820097578,down,up,up,down,0.0769771196986734,-0.0058111732025842,-4.93061312117326,-25.698146201151296,23.172
8.890999999999998,0.1094459870244025,0.22713137248899207,4.869894865593935,24.925433112079176,down,up,up,down,0.0769771196986734,-0.0058111732025842,-4.93061312117326,-25.698146201151296,23.188
8.905999999999999,0.10709557718576851,0.23367110894093357,4.871431759727472,24.926332359206867,down,up,up,down,0.0769771196986734,-0.0058111732025842,-4.93061312117326,-25.698146201151296,23.203
8.922,0.1048024944163702,0.22029479278605257,4.873033965529048,24.92726644334359,down,up,up,down,0.0769771196986734,-0.0058111732025842,-4.93061312117326,-25.698146201151296,23.219
8.937000000000001,0.1025904708639355,0.22444535652765257,4.874502245170612,24.928119118580945,down,up,up,down,0.0769771196986734,-0.0058111732025842,-4.93061312117326,-25.698146201151296,23.234
8.953,0.1011475853185643,0.1671574662843831,4.876039170848831,24.929004597191565,down,up,up,down,0.0769771196986734,-0.0058111732025842,-4.93061312117326,-25.698146201151296,23.25
8.968999999999998,0.097936587575674,0.2776644786293356,4.8775388654607434,24.92986578283986,down,up,up,down,0.0769771196986734,-0.0058111732025842,-4.93061312117326,-25.698146201151296,23.266
8.983999999999998,0.09480128942170821,0.285996996629722,4.878897231940185,24.930651708926952,down,up,up,down,0.0769771196986734,-0.0058111732025842,-4.93061312117326,-25.698146201151296,23.281
9.0,0.09274604543932151,0.20542986859782497,4.880304631847832,24.931467903955422,down,up,up,down,0.0769771196986734,-0.0058111732025842,-4.93061312117326,-25.698146201151296,23.297
9.015999999999998,0.09092732724675111,0.19064700673433588,4.881681040058079,24.932261828518946,down,up,up,down,0.0769771196986734,-0.0058111732025842,-4.93061312117326,-25.698146201151296,23.313
9.030999999999999,0.0891499602060842,0.1954682557431281,4.882944452115936,24.93298633414524,down,up,up,down,0.0769771196986734,-0.0058111732025842,-4.93061312117326,-25.698146201151296,23.328
9.047,0.08725647993147401,0.1953196368617993,4.8842627248657955,24.93373848666816,down,up,up,down,0.0769771196986734,-0.0058111732025842,-4.93061312117326,-25.698146201151296,23.344
9.062000000000001,0.08421999942689941,0.2794091533369732,4.885961630862945,24.934421000817792,down,up,up,down,0.0769771196986734,-0.0058111732025842,-4.93061312117326,-25.698146201151296,23.359
9.078,0.0821627928180176,0.2055525327537973,4.887699714429663,24.935121519994226,down,up,up,down,0.0769771196986734,-0.0058111732025842,-4.93061312117326,-25.698146201151296,23.375
9.093999999999998,0.0802081018888713,0.1991453027703338,4.8894057028160764,24.93579448659503,down,up,up,down,0.0769771196986734,-0.0058111732025842,-4.93061312117326,-25.698146201151296,23.391
9.108999999999998,0.0786132105756837,0.1833032072445076,4.891009695061522,24.936400567928544,down,up,up,down,0.0769771196986734,-0.0058111732025842,-4.93061312117326,-25.698146201151296,23.406
9.125,0.0766083449196449,0.202281223201081,4.892658488734243,24.93702103239695,down,up,up,down,0.0769771196986734,-0.0058111732025842,-4.93061312117326,-25.698146201151296,23.422
9.140999999999998,0.0746668414260262,0.1983210880498597,4.894275711453767,24.937615368734214,down,up,up,down,0.0769771196986734,-0.0058111732025842,-4.93061312117326,-25.698146201151296,23.438
9.155999999999999,0.07328687183677281,0.1689750923155598,4.895798196705199,24.938149011240625,down,up,up,down,0.0769771196986734,-0.0058111732025842,-4.93061312117326,-25.698146201151296,23.453
9.172,0.0709915661543227,0.2204337248517934,4.897359445437886,24.938693560042246,down,up,up,down,0.0769771196986734,-0.0058111732025842,-4.93061312117326,-25.698146201151296,23.469
9.187000000000001,0.0687606914450444,0.22570210031722077,4.898820419771844,24.939181407870777,down,up,up,down,0.0769771196986734,-0.0058111732025842,-4.93061312117326,-25.698146201151296,23.484
9.203,0.06713548656092509,0.17855242495613538,4.900314610424649,24.939678137567967,down,up,up,down,0.0769771196986734,-0.0058111732025842,-4.93061312117326,-25.698146201151296,23.5
9.218999999999998,0.06501259666369019,0.20965773827587358,4.901778816319205,24.940151200092785,down,up,up,down,0.0769771196986734,-0.0058111732025842,-4.93061312117326,-25.698146201151296,23.516
9.233999999999998,0.0638887334054611,0.1519013369139444,4.903158408696685,24.940573367722763,down,up,up,down,0.0769771196986734,-0.0058111732025842,-4.93061312117326,-25.698146201151296,23.531
9.25,0.0628045055726022,0.1447413592523462,4.904578975837269,24.94100127858526,down,up,up,down,0.0769771196986734,-0.0058111732025842,-4.93061312117326,-25.698146201151296,23.547
9.265999999999998,0.060035129089154406,0.2500631499141782,4.905968714143321,24.94140670700419,down,up,up,down,0.0769771196986734,-0.0058111732025842,-4.93061312117326,-25.698146201151296,23.563
9.280999999999999,0.0584707351082513,0.18127005175887828,4.907270340526763,24.941766610911763,down,up,up,down,0.0769771196986734,-0.0058111732025842,-4.93061312117326,-25.698146201151296,23.578
9.297,0.0569857333771909,0.1697897278899358,4.908601013503405,24.942129450018292,down,up,up,down,0.0769771196986734,-0.0058111732025842,-4.93061312117326,-25.698146201151296,23.594
9.312000000000001,0.054342758993676805,0.253175411932942,4.909848809598148,24.94245027316262,down,up,up,down,0.0769771196986734,-0.0058111732025842,-4.93061312117326,-25.698146201151296,23.609
9.328,0.053021379600929404,0.1595633317453916,4.911114743935663,24.942772374673126,down,up,up,down,0.0769771196986734,-0.0058111732025842,-4.93061312117326,-25.698146201151296,23.625
9.343999999999998,0.051739227112644504,0.15711165021648799,4.91235985001813,24.94307438786027,down,up,up,down,0.0769771196986734,-0.0058111732025842,-4.93061312117326,-25.698146201151296,23.641
9.358999999999998,0.0516529675017362,0.0827277604258969,4.9135481238797,24.943339274873637,down,up,up,down,0.0769771196986734,-0.0058111732025842,-4.93061312117326,-25.698146201151296,23.656
9.375,0.049112454824070804,0.23575916205274428,4.914761268487065,24.943602609673476,down,up,up,down,0.0769771196986734,-0.0058111732025842,-4.93061312117326,-25.698146201151296,23.672
9.390999999999998,0.0469007262952877,0.21521015274762867,4.9159363951647785,24.94384683830303,down,up,up,down,0.0769771196986734,-0.0058111732025842,-4.93061312117326,-25.698146201151296,23.688
