timestamps,aAcc,aJerk,aVelocity,aHeight,jerks_direction,accelerations_direction,velocities_direction,heights_direction,start_jerks,start_accelerations,start_velocities,start_heights,actual_timestamps
0.0,0.0,0.0,0.0,0.0,down,down,down,up,-0.0883343872496346,-0.0057897836922826,3.6754311208473207,48.72060798485486,20.187
0.015999999999998238,0.0,0.0,0.0,0.058806068510534715,down,down,down,up,-0.0883343872496346,-0.0057897836922826,3.6754311208473207,48.72060798485486,20.203
0.030999999999998806,0.0,0.0,0.0,0.11393509713355598,down,down,down,up,-0.0883343872496346,-0.0057897836922826,3.6754311208473207,48.72060798485486,20.218
0.0470000000000006,0.0,0.0262199178291371,0.0,0.17273729722577258,down,down,down,up,-0.0883343872496346,-0.0057897836922826,3.6754311208473207,48.72060798485486,20.234
0.06299999999999883,0.0,0.027734904888149406,0.0,0.2315370612267884,down,down,down,up,-0.0883343872496346,-0.0057897836922826,3.6754311208473207,48.72060798485486,20.25
0.0779999999999994,0.0,0.020679182877980803,0.0,0.2866594017645525,down,down,down,up,-0.0883343872496346,-0.0057897836922826,3.6754311208473207,48.72060798485486,20.265
0.09399999999999764,0.0,0.024138289235070304,0.0,0.3454537065553964,down,down,down,up,-0.0883343872496346,-0.0057897836922826,3.6754311208473207,48.72060798485486,20.281
0.10899999999999821,0.0,0.25235248686347433,0.0,0.400570653253709,down,down,down,up,-0.0883343872496346,-0.0057897836922826,3.6754311208473207,48.72060798485486,20.296
0.125,0.0,0.238029272837088,0.0,0.4593595705514275,down,down,down,up,-0.0883343872496346,-0.0057897836922826,3.6754311208473207,48.72060798485486,20.312
0.14099999999999824,0.0,0.2343781780667138,0.0,0.5181465184889618,down,down,down,up,-0.0883343872496346,-0.0057897836922826,3.6754311208473207,48.72060798485486,20.328
0.1559999999999988,0.0,0.1589500066497851,0.0,0.5732579596596636,down,down,down,up,-0.0883343872496346,-0.0057897836922826,3.6754311208473207,48.72060798485486,20.343
0.1720000000000006,0.0,0.1529218440181441,0.0,0.6320424374879821,down,down,down,up,-0.0883343872496346,-0.0057897836922826,3.6754311208473207,48.72060798485486,20.359
0.18799999999999883,0.0,0.2012071921854178,0.0,0.6908261330486098,down,down,down,up,-0.0883343872496346,-0.0057897836922826,3.6754311208473207,48.72060798485486,20.375
0.2029999999999994,0.0,0.2057955175893027,0.0,0.7459355029101431,down,down,down,up,-0.0883343872496346,-0.0057897836922826,3.6754311208473207,48.72060798485486,20.39
0.21899999999999764,0.0,0.09790395750119091,0.0,0.8047188139604629,down,down,down,up,-0.0883343872496346,-0.0057897836922826,3.6754311208473207,48.72060798485486,20.406
0.2339999999999982,0.0,0.2212159104428918,0.0,0.8598283807701392,down,down,down,up,-0.0883343872496346,-0.0057897836922826,3.6754311208473207,48.72060798485486,20.421
0.25,0.0101972805635916,0.2097189879534987,0.0,0.9186125348100589,down,down,down,up,-0.0883343872496346,-0.0057897836922826,3.6754311208473207,48.72060798485486,20.437
0.26599999999999824,0.0,0.014464414857955105,0.0,0.9773976172284762,down,down,down,up,-0.0883343872496346,-0.0057897836922826,3.6754311208473207,48.72060798485486,20.453
0.2809999999999988,0.0,0.0157151346175336,0.0,1.0325093915851582,down,down,down,up,-0.0883343872496346,-0.0057897836922826,3.6754311208473207,48.72060798485486,20.468
0.2970000000000006,0.0,0.1118355608420315,0.0,1.0912959034543732,down,down,down,up,-0.0883343872496346,-0.0057897836922826,3.6754311208473207,48.72060798485486,20.484
0.31299999999999883,0.0,0.1112623614861678,0.0,1.1500830578872936,down,down,down,up,-0.0883343872496346,-0.0057897836922826,3.6754311208473207,48.72060798485486,20.5
0.3279999999999994,0.0,0.1601175733308705,0.0,1.2051967231278695,down,down,down,up,-0.0883343872496346,-0.0057897836922826,3.6754311208473207,48.72060798485486,20.515
0.34399999999999764,0.0108037447953747,0.15446303869026412,0.0,1.2639856168925547,down,down,down,up,-0.0883343872496346,-0.0057897836922826,3.6754311208473207,48.72060798485486,20.531
0.3589999999999982,0.011319836593596401,0.1227405071310767,0.0,1.3191013360895667,down,down,down,up,-0.0883343872496346,-0.0057897836922826,3.6754311208473207,48.72060798485486,20.546
0.375,0.0122821901167674,0.1484814824478209,0.0,1.3778928386446267,down,down,down,up,-0.0883343872496346,-0.0057897836922826,3.6754311208473207,48.72060798485486,20.562
0.39099999999999824,0.0121924985947909,0.082728667126098,0.0,1.4366859359248352,down,down,down,up,-0.0883343872496346,-0.0057897836922826,3.6754311208473207,48.72060798485486,20.578
0.4059999999999988,0.0120541385262064,0.07911038267733661,0.0,1.4918059508549888,down,down,down,up,-0.0883343872496346,-0.0057897836922826,3.6754311208473207,48.72060798485486,20.593
0.4220000000000006,0.0111902184408662,0.0343393819158784,0.0,1.5506021400178724,down,down,down,up,-0.0883343872496346,-0.0057897836922826,3.6754311208473207,48.72060798485486,20.609
0.43799999999999883,0.010990496915701,0.07585179192680641,0.0,1.6093997542007514,down,down,down,up,-0.0883343872496346,-0.0057897836922826,3.6754311208473207,48.72060798485486,20.625
0.4529999999999994,0.010799055596843,0.0755716326591048,0.0,1.66452372787775,down,down,down,up,-0.0883343872496346,-0.0057897836922826,3.6754311208473207,48.72060798485486,20.64
0.46899999999999764,0.011075662495482301,0.10562231841459191,0.0,1.7233239046219566,down,down,down,up,-0.0883343872496346,-0.0057897836922826,3.6754311208473207,48.72060798485486,20.656
0.4839999999999982,0.0112916546392742,0.102733863502425,0.0,1.7784502948396224,down,down,down,up,-0.0883343872496346,-0.0057897836922826,3.6754311208473207,48.72060798485486,20.671
0.5,0.0115023319855608,0.1015017213925492,0.0,1.83725314272629,down,down,down,up,-0.0883343872496346,-0.0057897836922826,3.6754311208473207,48.72060798485486,20.687
0.5159999999999982,0.0117133279906997,0.10152163757081431,0.0,1.8960574530456995,down,down,down,up,-0.0883343872496346,-0.0057897836922826,3.6754311208473207,48.72060798485486,20.703
0.5309999999999988,0.011292080365754,0.06025121225325811,0.0,1.951187834839267,down,down,down,up,-0.0883343872496346,-0.0057897836922826,3.6754311208473207,48.72060798485486,20.718
0.5470000000000006,0.011270628102272001,0.08699362078200691,0.0,2.0099949638905628,down,down,down,up,-0.0883343872496346,-0.0057897836922826,3.6754311208473207,48.72060798485486,20.734
0.5629999999999988,0.011292017187560701,0.0896712050801787,0.0,2.0688034987798645,down,down,down,up,-0.0883343872496346,-0.0057897836922826,3.6754311208473207,48.72060798485486,20.75
0.5779999999999994,0.0114875590236262,0.10137050965400181,0.0,2.1239377892237528,down,down,down,up,-0.0883343872496346,-0.0057897836922826,3.6754311208473207,48.72060798485486,20.765
0.5939999999999976,0.0133004874355541,0.20164241299514252,0.0,2.1827492163737574,down,down,down,up,-0.0883343872496346,-0.0057897836922826,3.6754311208473207,48.72060798485486,20.781
0.6089999999999982,0.0151045474151042,0.20860505255297213,0.0,2.2378866682681817,down,down,down,up,-0.0883343872496346,-0.0057897836922826,3.6754311208473207,48.72060798485486,20.796
0.625,0.0132974120288479,0.024611574391372695,0.0,2.29670203645005,down,down,down,up,-0.0883343872496346,-0.0057897836922826,3.6754311208473207,48.72060798485486,20.812
0.6409999999999982,0.011826916122927699,0.0,0.0,2.3555193481296826,down,down,down,up,-0.0883343872496346,-0.0057897836922826,3.6754311208473207,48.72060798485486,20.828
0.6559999999999988,0.0114868407291001,0.0656626943277933,0.0,2.410662050563154,down,down,down,up,-0.0883343872496346,-0.0057897836922826,3.6754311208473207,48.72060798485486,20.843
0.6720000000000006,0.0111502465970153,0.0672972539943398,0.0,2.469482344891503,down,down,down,up,-0.0883343872496346,-0.0057897836922826,3.6754311208473207,48.72060798485486,20.859
0.6879999999999988,0.0,0.01136842368289899,0.0,2.5283039309446877,down,down,down,up,-0.0883343872496346,-0.0057897836922826,3.6754311208473207,48.72060798485486,20.875
0.7029999999999994,0.010889405084784,0.1772946180955633,0.0,2.5834502140576205,down,down,down,up,-0.0883343872496346,-0.0057897836922826,3.6754311208473207,48.72060798485486,20.89
0.7189999999999976,0.0122420193249989,0.1728727772630772,0.0,2.642274187253939,down,down,down,up,-0.0883343872496346,-0.0057897836922826,3.6754311208473207,48.72060798485486,20.906
0.7339999999999982,0.0120554618482308,0.0758972221317617,0.0,2.6974230706195925,down,down,down,up,-0.0883343872496346,-0.0057897836922826,3.6754311208473207,48.72060798485486,20.921
0.75,0.012304358230291801,0.10389041112844831,0.0,2.7562501272206035,down,down,down,up,-0.0883343872496346,-0.0057897836922826,3.6754311208473207,48.72060798485486,20.937
0.7659999999999982,0.0125471839688876,0.1035109959118736,0.0,2.8150788511641736,down,down,down,up,-0.0883343872496346,-0.0057897836922826,3.6754311208473207,48.72060798485486,20.953
0.7809999999999988,0.0108495043127482,0.02484425649298959,0.0,2.870232240892804,down,down,down,up,-0.0883343872496346,-0.0057897836922826,3.6754311208473207,48.72060798485486,20.968
0.7970000000000006,0.0,0.015182664953925992,0.0,2.929063773940051,down,down,down,up,-0.0883343872496346,-0.0057897836922826,3.6754311208473207,48.72060798485486,20.984
0.8129999999999988,0.0,0.07648607153479278,0.0,2.987896115495232,down,down,down,up,-0.0883343872496346,-0.0057897836922826,3.6754311208473207,48.72060798485486,21.0
0.8279999999999994,0.0,0.0,0.0,3.043051705486363,down,down,down,up,-0.0883343872496346,-0.0057897836922826,3.6754311208473207,48.72060798485486,21.015
0.8439999999999976,0.0,0.015720096979903106,0.0,3.1018842278618592,down,down,down,up,-0.0883343872496346,-0.0057897836922826,3.6754311208473207,48.72060798485486,21.031
0.8589999999999982,0.0,0.1462173268045568,0.0,3.1570394688437986,down,down,down,up,-0.0883343872496346,-0.0057897836922826,3.6754311208473207,48.72060798485486,21.046
0.875,0.0,0.08174977921903341,0.0,3.215871490598694,down,down,down,up,-0.0883343872496346,-0.0057897836922826,3.6754311208473207,48.72060798485486,21.062
0.8909999999999982,0.0,0.0819103794149517,0.0,3.2747033034001234,down,down,down,up,-0.0883343872496346,-0.0057897836922826,3.6754311208473207,48.72060798485486,21.078
0.9059999999999988,0.0,0.07932800906606881,0.0,3.329857912650553,down,down,down,up,-0.0883343872496346,-0.0057897836922826,3.6754311208473207,48.72060798485486,21.093
0.9220000000000006,0.0,0.0800968462281082,0.0,3.3886892339443406,down,down,down,up,-0.0883343872496346,-0.0057897836922826,3.6754311208473207,48.72060798485486,21.109
0.9379999999999988,0.0,0.081053222480854,0.0,3.4475202524613593,down,down,down,up,-0.0883343872496346,-0.0057897836922826,3.6754311208473207,48.72060798485486,21.125
0.9529999999999994,0.0,0.02205445909059439,0.0,3.50267394321223,down,down,down,up,-0.0883343872496346,-0.0057897836922826,3.6754311208473207,48.72060798485486,21.14
0.9689999999999976,0.0,0.0845608144184226,0.0,3.561503908363747,down,down,down,up,-0.0883343872496346,-0.0057897836922826,3.6754311208473207,48.72060798485486,21.156
0.9839999999999982,0.0,0.16208059069197672,0.0,3.6166563645623313,down,down,down,up,-0.0883343872496346,-0.0057897836922826,3.6754311208473207,48.72060798485486,21.171
1.0,0.0,0.1557851830809967,0.0,3.6754851794326413,down,down,down,up,-0.0883343872496346,-0.0057897836922826,3.6754311208473207,48.72060798485486,21.187
1.0159999999999982,0.0,0.1320409762177681,0.0,3.734313756523278,down,down,down,up,-0.0883343872496346,-0.0057897836922826,3.6754311208473207,48.72060798485486,21.203
1.0309999999999988,0.0,0.036198080471934506,0.0,3.789465430315822,down,down,down,up,-0.0883343872496346,-0.0057897836922826,3.6754311208473207,48.72060798485486,21.218
1.0470000000000006,0.0,0.0411724494014897,0.0,3.8482936536759524,down,down,down,up,-0.0883343872496346,-0.0057897836922826,3.6754311208473207,48.72060798485486,21.234
1.0629999999999988,0.0,0.1082214211518473,0.0,3.907121517872099,down,down,down,up,-0.0883343872496346,-0.0057897836922826,3.6754311208473207,48.72060798485486,21.25
1.0779999999999994,0.0,0.086157726320625,0.0,3.9622723050582636,down,down,down,up,-0.0883343872496346,-0.0057897836922826,3.6754311208473207,48.72060798485486,21.265
1.0939999999999976,0.0,0.0884355982167973,0.0,4.021099469814693,down,down,down,up,-0.0883343872496346,-0.0057897836922826,3.6754311208473207,48.72060798485486,21.281
1.1089999999999982,0.0,0.0,0.0,4.076249539542765,down,down,down,up,-0.0883343872496346,-0.0057897836922826,3.6754311208473207,48.72060798485486,21.296
1.125,0.0,0.2506599871777423,0.0,4.135075851735479,down,down,down,up,-0.0883343872496346,-0.0057897836922826,3.6754311208473207,48.72060798485486,21.312
1.1409999999999982,0.0,0.04654412408535949,0.0,4.193901827243273,down,down,down,up,-0.0883343872496346,-0.0057897836922826,3.6754311208473207,48.72060798485486,21.328
1.1559999999999988,0.0,0.04978292934696149,0.0,4.249050661102203,down,down,down,up,-0.0883343872496346,-0.0057897836922826,3.6754311208473207,48.72060798485486,21.343
1.1720000000000006,0.0,0.1180070153530145,0.0,4.307875158244045,down,down,down,up,-0.0883343872496346,-0.0057897836922826,3.6754311208473207,48.72060798485486,21.359
1.1879999999999988,0.0,0.08554583587004991,0.0,4.36669862850394,down,down,down,up,-0.0883343872496346,-0.0057897836922826,3.6754311208473207,48.72060798485486,21.375
1.2029999999999994,0.0,0.08122264751800301,0.0,4.421844715747184,down,down,down,up,-0.0883343872496346,-0.0057897836922826,3.6754311208473207,48.72060798485486,21.39
1.2189999999999976,0.0,0.05319006332951451,0.0,4.480666070175133,down,down,down,up,-0.0883343872496346,-0.0057897836922826,3.6754311208473207,48.72060798485486,21.406
1.2339999999999982,0.0,0.029198302835601507,0.0,4.535809711843704,down,down,down,up,-0.0883343872496346,-0.0057897836922826,3.6754311208473207,48.72060798485486,21.421
1.25,0.0,0.030895638982061303,0.0,4.594627809029085,down,down,down,up,-0.0883343872496346,-0.0057897836922826,3.6754311208473207,48.72060798485486,21.437
1.2659999999999982,0.0,0.0,0.0,4.653443799752367,down,down,down,up,-0.0883343872496346,-0.0057897836922826,3.6754311208473207,48.72060798485486,21.453
1.2809999999999988,0.0,0.07037199054631971,0.0,4.708581646990005,down,down,down,up,-0.0883343872496346,-0.0057897836922826,3.6754311208473207,48.72060798485486,21.468
1.2970000000000006,0.0,0.0,0.0,4.767392849320153,down,down,down,up,-0.0883343872496346,-0.0057897836922826,3.6754311208473207,48.72060798485486,21.484
1.3129999999999988,0.0,0.0,0.0,4.82620119079089,down,down,down,up,-0.0883343872496346,-0.0057897836922826,3.6754311208473207,48.72060798485486,21.5
1.3279999999999994,0.0,0.1136299573157736,0.0,4.881331006102549,down,down,down,up,-0.0883343872496346,-0.0057897836922826,3.6754311208473207,48.72060798485486,21.515
1.3439999999999976,-0.012736699121527202,0.0963890986334395,0.0,4.940132273461089,down,down,down,up,-0.0883343872496346,-0.0057897836922826,3.6754311208473207,48.72060798485486,21.531
1.3589999999999982,-0.0160642945439111,0.1335053075759518,0.0,4.995254144359784,down,down,down,up,-0.0883343872496346,-0.0057897836922826,3.6754311208473207,48.72060798485486,21.546
1.375,-0.0187456268966582,0.07924888479703629,0.0,5.05404541489078,down,down,down,up,-0.0883343872496346,-0.0057897836922826,3.6754311208473207,48.72060798485486,21.562
1.3909999999999982,-0.020636948799564802,0.029873231682043394,0.0,5.112830454917322,down,down,down,up,-0.0883343872496346,-0.0057897836922826,3.6754311208473207,48.72060798485486,21.578
1.4059999999999988,-0.022482140899962103,0.03467841944351009,0.0,5.167935295414175,down,down,down,up,-0.0883343872496346,-0.0057897836922826,3.6754311208473207,48.72060798485486,21.593
1.4220000000000006,-0.027610567098424403,0.23219225015422462,0.0,5.226706562999091,down,down,down,up,-0.0883343872496346,-0.0057897836922826,3.6754311208473207,48.72060798485486,21.609
1.4379999999999988,-0.0326139097310705,0.2243745272907825,0.0,5.2854692880995415,down,down,down,up,-0.0883343872496346,-0.0057897836922826,3.6754311208473207,48.72060798485486,21.625
1.4529999999999994,-0.0379116007518405,0.2648450141350217,0.0,5.340550416227941,down,down,down,up,-0.0883343872496346,-0.0057897836922826,3.6754311208473207,48.72060798485486,21.64
1.4689999999999976,-0.0430800797964946,0.23469555304127637,0.0,5.399292768700356,down,down,down,up,-0.0883343872496346,-0.0057897836922826,3.6754311208473207,48.72060798485486,21.656
1.4839999999999982,-0.0465658665108837,0.14405139370963319,0.0,5.454352475933227,down,down,down,up,-0.0883343872496346,-0.0057897836922826,3.6754311208473207,48.72060798485486,21.671
1.5,-0.0499666340371175,0.12421358313995098,0.0,5.513069837611795,down,down,down,up,-0.0883343872496346,-0.0057897836922826,3.6754311208473207,48.72060798485486,21.687
1.5159999999999982,-0.0552925232811106,0.2445336904999727,0.0,5.571772802439625,down,down,down,up,-0.0883343872496346,-0.0057897836922826,3.6754311208473207,48.72060798485486,21.703
1.5309999999999988,-0.06048851278744401,0.2580649131725773,0.0,5.626792657608284,down,down,down,up,-0.0883343872496346,-0.0057897836922826,3.6754311208473207,48.72060798485486,21.718
1.5470000000000006,-0.0638032988979411,0.118839744656416,0.0,5.685464165717065,down,down,down,up,-0.0883343872496346,-0.0057897836922826,3.6754311208473207,48.72060798485486,21.734
1.5629999999999988,-0.0705968670252571,0.3362636207076563,0.010173187431591568,5.744117635354641,down,down,down,up,-0.0883343872496346,-0.0057897836922826,3.6754311208473207,48.72060798485486,21.75
1.5779999999999994,-0.0772441217952533,0.3548159307501006,0.011368841603129898,5.7990875369495924,down,down,down,up,-0.0883343872496346,-0.0057897836922826,3.6754311208473207,48.72060798485486,21.765
1.5939999999999976,-0.0844215953608352,0.3602577105992803,0.012754803879455157,5.857701445719286,down,down,down,up,-0.0883343872496346,-0.0057897836922826,3.6754311208473207,48.72060798485486,21.781
1.6089999999999982,-0.0923410493199306,0.4396292100233744,0.01416737046994454,5.9126309962243795,down,down,down,up,-0.0883343872496346,-0.0057897836922826,3.6754311208473207,48.72060798485486,21.796
1.625,-0.1005317857007668,0.42358663655257234,0.015802989689187807,5.971198131276672,down,down,down,up,-0.0883343872496346,-0.0057897836922826,3.6754311208473207,48.72060798485486,21.812
1.6409999999999982,-0.1084769215738906,0.40823660482065327,0.017567695886460566,6.029738063725624,down,down,down,up,-0.0883343872496346,-0.0057897836922826,3.6754311208473207,48.72060798485486,21.828
1.6559999999999988,-0.118089753126009,0.5525210495582378,0.01935379270209525,6.084592619373915,down,down,down,up,-0.0883343872496346,-0.0057897836922826,3.6754311208473207,48.72060798485486,21.843
1.6720000000000006,-0.1257950073912611,0.39324400432856377,0.021397507325308762,6.143073506907264,down,down,down,up,-0.0883343872496346,-0.0057897836922826,3.6754311208473207,48.72060798485486,21.859
1.6879999999999988,-0.13328415411309358,0.3797372828649507,0.023562777156419745,6.2015207225649505,down,down,down,up,-0.0883343872496346,-0.0057897836922826,3.6754311208473207,48.72060798485486,21.875
1.7029999999999994,-0.14003724836655,0.3618718963141071,0.025699534430401627,6.256282722040758,down,down,down,up,-0.0883343872496346,-0.0057897836922826,3.6754311208473207,48.72060798485486,21.89
1.7189999999999976,-0.14862066381962258,0.4481290785674631,0.028101434266967207,6.314659212224733,down,down,down,up,-0.0883343872496346,-0.0057897836922826,3.6754311208473207,48.72060798485486,21.906
1.7339999999999982,-0.1570347168157689,0.47260247916009623,0.0304806963771167,6.369351313057614,down,down,down,up,-0.0883343872496346,-0.0057897836922826,3.6754311208473207,48.72060798485486,21.921
1.75,-0.1661567110161642,0.48179025027500644,0.033158864338849625,6.427649094505455,down,down,down,up,-0.0883343872496346,-0.0057897836922826,3.6754311208473207,48.72060798485486,21.937
1.7659999999999982,-0.17471931441176738,0.4468283249756255,0.0359785090813487,6.485902893451637,down,down,down,up,-0.0883343872496346,-0.0057897836922826,3.6754311208473207,48.72060798485486,21.953
1.7809999999999988,-0.1827419587637014,0.4465085695459454,0.0387463153855494,6.54047392408085,down,down,down,up,-0.0883343872496346,-0.0057897836922826,3.6754311208473207,48.72060798485486,21.968
1.7970000000000006,-0.19056612259553068,0.4006758522396398,0.041825416575500096,6.5986362481587335,down,down,down,up,-0.0883343872496346,-0.0057897836922826,3.6754311208473207,48.72060798485486,21.984
1.8129999999999988,-0.1997255184968392,0.48412785658221236,0.045040386243315744,6.65674821966973,down,down,down,up,-0.0883343872496346,-0.0057897836922826,3.6754311208473207,48.72060798485486,22.0
1.8279999999999994,-0.2095715345798031,0.5680666849479319,0.0481969608967745,6.711180406378894,down,down,down,up,-0.0883343872496346,-0.0057897836922826,3.6754311208473207,48.72060798485486,22.015
1.8439999999999976,-0.2192231519288388,0.5148916970651659,0.0517199549279197,6.769187968985854,down,down,down,up,-0.0883343872496346,-0.0057897836922826,3.6754311208473207,48.72060798485486,22.031
1.8589999999999982,-0.229095734498566,0.569837784065489,0.055169193331509714,6.823517767186615,down,down,down,up,-0.0883343872496346,-0.0057897836922826,3.6754311208473207,48.72060798485486,22.046
1.875,-0.2383182699983184,0.4880740814848248,0.059001141906561916,6.8814113024382735,down,down,down,up,-0.0883343872496346,-0.0057897836922826,3.6754311208473207,48.72060798485486,22.062
1.8909999999999982,-0.24732027082409758,0.4742906643616259,0.06297888677221675,6.939242360142394,down,down,down,up,-0.0883343872496346,-0.0057897836922826,3.6754311208473207,48.72060798485486,22.078
1.9059999999999988,-0.25871635534895177,0.6714045810739492,0.06686100822389962,6.993400027742638,down,down,down,up,-0.0883343872496346,-0.0057897836922826,3.6754311208473207,48.72060798485486,22.093
1.9220000000000006,-0.2679257942470539,0.4872555438816827,0.0711667819597448,7.051102703354729,down,down,down,up,-0.0883343872496346,-0.0057897836922826,3.6754311208473207,48.72060798485486,22.109
1.9379999999999988,-0.27758555548370367,0.5154006900410444,0.07562350929666684,7.108735278958228,down,down,down,up,-0.0883343872496346,-0.0057897836922826,3.6754311208473207,48.72060798485486,22.125
1.9529999999999994,-0.28700892161324276,0.539890021386281,0.07994481463027814,7.16269998334149,down,down,down,up,-0.0883343872496346,-0.0057897836922826,3.6754311208473207,48.72060798485486,22.14
1.9689999999999976,-0.2978134607856831,0.5869493110279577,0.08471603022854568,7.220189594516171,down,down,down,up,-0.0883343872496346,-0.0057897836922826,3.6754311208473207,48.72060798485486,22.156
1.9839999999999982,-0.3089561552797413,0.6545119123542203,0.0893536491044209,7.2740155387338845,down,down,down,up,-0.0883343872496346,-0.0057897836922826,3.6754311208473207,48.72060798485486,22.171
2.0,-0.3198020952296563,0.5895368596199775,0.09447635164757262,7.33135179666143,down,down,down,up,-0.0883343872496346,-0.0057897836922826,3.6754311208473207,48.72060798485486,22.187
2.0159999999999982,-0.32938474602730317,0.5105812876033603,0.09976248291670453,7.388604783918467,down,down,down,up,-0.0883343872496346,-0.0057897836922826,3.6754311208473207,48.72060798485486,22.203
2.030999999999999,-0.3387336736347635,0.5349274532476959,0.10486021781955435,7.442201580475654,down,down,down,up,-0.0883343872496346,-0.0057897836922826,3.6754311208473207,48.72060798485486,22.218
2.0470000000000006,-0.3482240396837764,0.5048134908136038,0.1104485160651798,7.499286008538142,down,down,down,up,-0.0883343872496346,-0.0057897836922826,3.6754311208473207,48.72060798485486,22.234
2.062999999999999,-0.3574682954797588,0.4894315999993306,0.1161866912855638,7.55627982481289,down,down,down,up,-0.0883343872496346,-0.0057897836922826,3.6754311208473207,48.72060798485486,22.25
2.0779999999999994,-0.366192394849465,0.493272237397423,0.12170099321841699,7.609627133991822,down,down,down,up,-0.0883343872496346,-0.0057897836922826,3.6754311208473207,48.72060798485486,22.265
2.0939999999999976,-0.3747037113077152,0.4436228913910619,0.12772079860675056,7.666438657590774,down,down,down,up,-0.0883343872496346,-0.0057897836922826,3.6754311208473207,48.72060798485486,22.281
2.108999999999998,-0.3835504733384152,0.5014497481303435,0.13349455174698122,7.71961100927583,down,down,down,up,-0.0883343872496346,-0.0057897836922826,3.6754311208473207,48.72060798485486,22.296
2.125,-0.3921814606854408,0.4511023219394056,0.13979304375824864,7.77623160644535,down,down,down,up,-0.0883343872496346,-0.0057897836922826,3.6754311208473207,48.72060798485486,22.312
2.1409999999999982,-0.40051268435180276,0.43236709189804556,0.14622723345762267,7.832750342161184,down,down,down,up,-0.0883343872496346,-0.0057897836922826,3.6754311208473207,48.72060798485486,22.328
2.155999999999999,-0.40864070744093617,0.45353381869257203,0.1523827306514529,7.885642234243072,down,down,down,up,-0.0883343872496346,-0.0057897836922826,3.6754311208473207,48.72060798485486,22.343
2.1720000000000006,-0.4179656064164945,0.49447179872269564,0.1590882177013886,7.941957364589811,down,down,down,up,-0.0883343872496346,-0.0057897836922826,3.6754311208473207,48.72060798485486,22.359
2.187999999999999,-0.4270630688316733,0.48025701369909835,0.16594108364244997,7.998164028112612,down,down,down,up,-0.0883343872496346,-0.0057897836922826,3.6754311208473207,48.72060798485486,22.375
2.2029999999999994,-0.43512398770090327,0.4490602040323446,0.17249433332182873,8.050757229298092,down,down,down,up,-0.0883343872496346,-0.0057897836922826,3.6754311208473207,48.72060798485486,22.39
2.2189999999999976,-0.4429670092942893,0.4018544623370452,0.17961169783686604,8.106747278982375,down,down,down,up,-0.0883343872496346,-0.0057897836922826,3.6754311208473207,48.72060798485486,22.406
2.233999999999998,-0.4517257606142114,0.4955823674118165,0.18640874036656419,8.15913359250856,down,down,down,up,-0.0883343872496346,-0.0057897836922826,3.6754311208473207,48.72060798485486,22.421
2.25,-0.45888167831916427,0.3589104693098741,0.19378623641710835,8.214898930627854,down,down,down,up,-0.0883343872496346,-0.0057897836922826,3.6754311208473207,48.72060798485486,22.437
2.2659999999999982,-0.4664360671972308,0.3838149176295721,0.2012814149203157,8.270545287350707,down,down,down,up,-0.0883343872496346,-0.0057897836922826,3.6754311208473207,48.72060798485486,22.453
2.280999999999999,-0.4737918854235837,0.4020534945072064,0.20841997132035583,8.322603993766613,down,down,down,up,-0.0883343872496346,-0.0057897836922826,3.6754311208473207,48.72060798485486,22.468
2.2970000000000006,-0.4822503846719784,0.4403218157749751,0.21616094602019764,8.378014244361452,down,down,down,up,-0.0883343872496346,-0.0057897836922826,3.6754311208473207,48.72060798485486,22.484
2.312999999999999,-0.4902594225434101,0.4122304797149019,0.22403366101699662,8.433299585438704,down,down,down,up,-0.0883343872496346,-0.0057897836922826,3.6754311208473207,48.72060798485486,22.5
2.3279999999999994,-0.4980585101990567,0.4316047897934544,0.23153289226794982,8.485014303101785,down,down,down,up,-0.0883343872496346,-0.0057897836922826,3.6754311208473207,48.72060798485486,22.515
2.3439999999999976,-0.5041832212608989,0.2944600541155383,0.23964346265870518,8.540051790195918,down,down,down,up,-0.0883343872496346,-0.0057897836922826,3.6754311208473207,48.72060798485486,22.531
2.358999999999998,-0.5117735331067178,0.41768640247160826,0.24734998507184702,8.59153080615065,down,down,down,up,-0.0883343872496346,-0.0057897836922826,3.6754311208473207,48.72060798485486,22.546
2.375,-0.5192440824995136,0.3785749498000499,0.2556907625357745,8.64631337810335,down,down,down,up,-0.0883343872496346,-0.0057897836922826,3.6754311208473207,48.72060798485486,22.562
2.3909999999999982,-0.5267273007987417,0.3793667564521766,0.26415117014123624,8.700961540575484,down,down,down,up,-0.0883343872496346,-0.0057897836922826,3.6754311208473207,48.72060798485486,22.578
2.405999999999999,-0.5347685405230412,0.4477482610369775,0.27219923570653437,8.752070379344339,down,down,down,up,-0.0883343872496346,-0.0057897836922826,3.6754311208473207,48.72060798485486,22.593
2.4220000000000006,-0.5415073848748887,0.3328433847407846,0.2809020796487953,8.806452466755061,down,down,down,up,-0.0883343872496346,-0.0057897836922826,3.6754311208473207,48.72060798485486,22.609
2.437999999999999,-0.5481195951895154,0.3249287574145775,0.28971173202838596,8.860694454195198,down,down,down,up,-0.0883343872496346,-0.0057897836922826,3.6754311208473207,48.72060798485486,22.625
2.4529999999999994,-0.5517328023350939,0.15254608912226,0.29804747176520463,8.911417726979465,down,down,down,up,-0.0883343872496346,-0.0057897836922826,3.6754311208473207,48.72060798485486,22.64
2.4689999999999976,-0.5572886205843482,0.2589042533287992,0.307012279687636,8.965384146901378,down,down,down,up,-0.0883343872496346,-0.0057897836922826,3.6754311208473207,48.72060798485486,22.656
2.483999999999998,-0.5626759502322739,0.270820922612062,0.3154988607241447,9.015846780160999,down,down,down,up,-0.0883343872496346,-0.0057897836922826,3.6754311208473207,48.72060798485486,22.671
2.5,-0.567601959394514,0.2195411853903349,0.32463372054023676,9.069532617444452,down,down,down,up,-0.0883343872496346,-0.0057897836922826,3.6754311208473207,48.72060798485486,22.687
2.5159999999999982,-0.573636319114824,0.28881309526978677,0.33385626330738694,9.12307159550722,down,down,down,up,-0.0883343872496346,-0.0057897836922826,3.6754311208473207,48.72060798485486,22.703
2.530999999999999,-0.5795252433349313,0.304260560757499,0.34259182178114456,9.173129701681773,down,down,down,up,-0.0883343872496346,-0.0057897836922826,3.6754311208473207,48.72060798485486,22.718
2.5470000000000006,-0.5868633889360099,0.37029971281772617,0.3520155673783898,9.226379740502054,down,down,down,up,-0.0883343872496346,-0.0057897836922826,3.6754311208473207,48.72060798485486,22.734
2.562999999999999,-0.5910483208936698,0.17322386010413787,0.3615314975961028,9.279478261915813,down,down,down,up,-0.0883343872496346,-0.0057897836922826,3.6754311208473207,48.72060798485486,22.75
2.5779999999999994,-0.5947465833374111,0.158216442333115,0.37051180613322066,9.329119403950557,down,down,down,up,-0.0883343872496346,-0.0057897836922826,3.6754311208473207,48.72060798485486,22.765
2.5939999999999976,-0.5982616728254017,0.1313587057497963,0.3801485087215988,9.381921019365272,down,down,down,up,-0.0883343872496346,-0.0057897836922826,3.6754311208473207,48.72060798485486,22.781
2.608999999999998,-0.6014142834536927,0.12183965463642979,0.3892329251490767,9.431282125423955,down,down,down,up,-0.0883343872496346,-0.0057897836922826,3.6754311208473207,48.72060798485486,22.796
2.625,-0.6037990539386887,0.06071376806259671,0.39896726838729357,9.483783421809228,down,down,down,up,-0.0883343872496346,-0.0057897836922826,3.6754311208473207,48.72060798485486,22.812
2.6409999999999982,-0.60615870867146,0.05914403354858991,0.40873956702725023,9.536128665059465,down,down,down,up,-0.0883343872496346,-0.0057897836922826,3.6754311208473207,48.72060798485486,22.828
2.655999999999999,-0.61157497461104,0.2727500087223517,0.41795941640725376,9.58505988949642,down,down,down,up,-0.0883343872496346,-0.0057897836922826,3.6754311208473207,48.72060798485486,22.843
2.6720000000000006,-0.6163733953247182,0.2115669073552191,0.427875639905817,9.637100106979481,down,down,down,up,-0.0883343872496346,-0.0057897836922826,3.6754311208473207,48.72060798485486,22.859
2.687999999999999,-0.6210312576601283,0.2027820087135288,0.43786751366877175,9.688981059684437,down,down,down,up,-0.0883343872496346,-0.0057897836922826,3.6754311208473207,48.72060798485486,22.875
2.7029999999999994,-0.6255755135971147,0.21461600854944557,0.4473039112085857,9.737473740810572,down,down,down,up,-0.0883343872496346,-0.0057897836922826,3.6754311208473207,48.72060798485486,22.89
2.7189999999999976,-0.6273866563387022,0.0248620340995932,0.45742024510714785,9.789042845493597,down,down,down,up,-0.0883343872496346,-0.0057897836922826,3.6754311208473207,48.72060798485486,22.906
2.733999999999998,-0.6307846849582682,0.13820085405476099,0.46694337692225973,9.837241585141086,down,down,down,up,-0.0883343872496346,-0.0057897836922826,3.6754311208473207,48.72060798485486,22.921
2.75,-0.6340693868871289,0.11695948330413339,0.47715484603610037,9.888495697290985,down,down,down,up,-0.0883343872496346,-0.0057897836922826,3.6754311208473207,48.72060798485486,22.937
2.7659999999999982,-0.6368362225181806,0.0845928396911178,0.48741472745041836,9.93958603863664,down,down,down,up,-0.0883343872496346,-0.0057897836922826,3.6754311208473207,48.72060798485486,22.953
2.780999999999999,-0.639535574353353,0.09162240176184769,0.4970743626823393,9.987333837273354,down,down,down,up,-0.0883343872496346,-0.0057897836922826,3.6754311208473207,48.72060798485486,22.968
2.7970000000000006,-0.6412829554872027,0.020876933615962892,0.5074135474601409,10.038104831925779,down,down,down,up,-0.0883343872496346,-0.0057897836922826,3.6754311208473207,48.72060798485486,22.984
2.812999999999999,-0.6430020377737354,0.019108255658672496,0.5177804639453041,10.088710177768085,down,down,down,up,-0.0883343872496346,-0.0057897836922826,3.6754311208473207,48.72060798485486,23.0
2.8279999999999994,-0.6477698235705028,0.22951799920151328,0.5275480996607707,10.13600168035375,down,down,down,up,-0.0883343872496346,-0.0057897836922826,3.6754311208473207,48.72060798485486,23.015
2.8439999999999976,-0.6507885951569695,0.10033883690455389,0.5380292035496659,10.186283959861619,down,down,down,up,-0.0883343872496346,-0.0057897836922826,3.6754311208473207,48.72060798485486,23.031
2.858999999999998,-0.6527280163581343,0.040960359494676996,0.5478924248914137,10.233271014461025,down,down,down,up,-0.0883343872496346,-0.0057897836922826,3.6754311208473207,48.72060798485486,23.046
2.875,-0.6546201346031727,0.029923003065254097,0.5584438466381818,10.28322722222235,down,down,down,up,-0.0883343872496346,-0.0057897836922826,3.6754311208473207,48.72060798485486,23.062
2.8909999999999982,-0.6591516036449062,0.19488242785874127,0.5690466570832418,10.333014196126129,down,down,down,up,-0.0883343872496346,-0.0057897836922826,3.6754311208473207,48.72060798485486,23.078
2.905999999999999,-0.6636305543522739,0.2102623265748675,0.5790543700236053,10.379534905235545,down,down,down,up,-0.0883343872496346,-0.0057897836922826,3.6754311208473207,48.72060798485486,23.093
2.9220000000000006,-0.6679617614259304,0.1823660548538681,0.5897997450889085,10.4289909702482,down,down,down,up,-0.0883343872496346,-0.0057897836922826,3.6754311208473207,48.72060798485486,23.109
2.937999999999999,-0.6689397969768099,0.0272071653196594,0.6005875940952059,10.478274769468278,down,down,down,up,-0.0883343872496346,-0.0057897836922826,3.6754311208473207,48.72060798485486,23.125
2.9529999999999994,-0.6742341691779964,0.2646237594961152,0.6107482455967514,10.524321217483305,down,down,down,up,-0.0883343872496346,-0.0057897836922826,3.6754311208473207,48.72060798485486,23.14
2.9689999999999976,-0.679436665184218,0.23682161313924988,0.6216702488107244,10.573268767461592,down,down,down,up,-0.0883343872496346,-0.0057897836922826,3.6754311208473207,48.72060798485486,23.156
2.983999999999998,-0.6818475159625913,0.07238899797524789,0.63196672692471,10.618997956956285,down,down,down,up,-0.0883343872496346,-0.0057897836922826,3.6754311208473207,48.72060798485486,23.171
3.0,-0.6825284969730313,0.045773074097139,0.6429743715672727,10.667605326101913,down,down,down,up,-0.0883343872496346,-0.0057897836922826,3.6754311208473207,48.72060798485486,23.187
3.0159999999999982,-0.683192868690533,0.046811154905775906,0.6539927790316566,10.716036486830674,down,down,down,up,-0.0883343872496346,-0.0057897836922826,3.6754311208473207,48.72060798485486,23.203
3.030999999999999,-0.6856312171882736,0.0742221792663996,0.6643458064311325,10.761280414252418,down,down,down,up,-0.0883343872496346,-0.0057897836922826,3.6754311208473207,48.72060798485486,23.218
3.0470000000000006,-0.6878887873729927,0.052763749295297785,0.6754266030067004,10.809369132910469,down,down,down,up,-0.0883343872496346,-0.0057897836922826,3.6754311208473207,48.72060798485486,23.234
3.062999999999999,-0.6899062690717771,0.037758218924401205,0.6865415999973341,10.857280285219993,down,down,down,up,-0.0883343872496346,-0.0057897836922826,3.6754311208473207,48.72060798485486,23.25
3.0779999999999994,-0.6918450905036605,0.04092037487592029,0.6969915819495345,10.902035253168101,down,down,down,up,-0.0883343872496346,-0.0057897836922826,3.6754311208473207,48.72060798485486,23.265
3.0939999999999976,-0.6922895254733988,0.06055720164098541,0.7081572954164264,10.949600960082734,down,down,down,up,-0.0883343872496346,-0.0057897836922826,3.6754311208473207,48.72060798485486,23.281
3.108999999999998,-0.6959734506457204,0.1572606242384576,0.7186561144927044,10.994031326321121,down,down,down,up,-0.0883343872496346,-0.0057897836922826,3.6754311208473207,48.72060798485486,23.296
3.125,-0.6995490767954761,0.135142247110072,0.7299129312513117,11.041249671888728,down,down,down,up,-0.0883343872496346,-0.0057897836922826,3.6754311208473207,48.72060798485486,23.312
3.1409999999999982,-0.7011700786163165,0.012978226552905398,0.7412113210336813,11.088287575804003,down,down,down,up,-0.0883343872496346,-0.0057897836922826,3.6754311208473207,48.72060798485486,23.328
3.155999999999999,-0.7023080067170452,0.012472513867727006,0.7518242534290662,11.132221275808242,down,down,down,up,-0.0883343872496346,-0.0057897836922826,3.6754311208473207,48.72060798485486,23.343
3.1720000000000006,-0.7034153831011808,0.019123363241167007,0.7631626770866897,11.178908278297676,down,down,down,up,-0.0883343872496346,-0.0057897836922826,3.6754311208473207,48.72060798485486,23.359
3.187999999999999,-0.7071228056791058,0.1433795238707035,0.7745396191360077,11.225413557861444,down,down,down,up,-0.0883343872496346,-0.0057897836922826,3.6754311208473207,48.72060798485486,23.375
3.2029999999999994,-0.7092445392646046,0.05311451845028209,0.7852492209784696,11.268846608373295,down,down,down,up,-0.0883343872496346,-0.0057897836922826,3.6754311208473207,48.72060798485486,23.39
3.2189999999999976,-0.7113908028579453,0.045807087334173296,0.7967069402545253,11.314997857016984,down,down,down,up,-0.0883343872496346,-0.0057897836922826,3.6754311208473207,48.72060798485486,23.406
3.233999999999998,-0.7134526068584305,0.0491192127827047,0.8074801125827826,11.358097920933425,down,down,down,up,-0.0883343872496346,-0.0057897836922826,3.6754311208473207,48.72060798485486,23.421
3.25,-0.7135812440511736,0.0802945627031892,0.8189890199291372,11.403893065806884,down,down,down,up,-0.0883343872496346,-0.0057897836922826,3.6754311208473207,48.72060798485486,23.437
3.2659999999999982,-0.7156571813286751,0.04141169259421959,0.8305155638712511,11.449503927070033,down,down,down,up,-0.0883343872496346,-0.0057897836922826,3.6754311208473207,48.72060798485486,23.453
3.280999999999999,-0.7176384146296525,0.0437478328155228,0.8413521275963234,11.492096386196735,down,down,down,up,-0.0883343872496346,-0.0057897836922826,3.6754311208473207,48.72060798485486,23.468
3.2970000000000006,-0.7191277413278351,0.0,0.8529388933830613,11.537348955962464,down,down,down,up,-0.0883343872496346,-0.0057897836922826,3.6754311208473207,48.72060798485486,23.484
3.312999999999999,-0.7207331804451106,0.012005557580095694,0.8645504172963201,11.58241593941058,down,down,down,up,-0.0883343872496346,-0.0057897836922826,3.6754311208473207,48.72060798485486,23.5
3.3279999999999994,-0.7222826054332999,0.0149606119629834,0.8754598824457926,11.624497328975224,down,down,down,up,-0.0883343872496346,-0.0057897836922826,3.6754311208473207,48.72060798485486,23.515
3.3439999999999976,-0.7261805023577158,0.1552841705263853,0.8871402238471959,11.66920342605843,down,down,down,up,-0.0883343872496346,-0.0057897836922826,3.6754311208473207,48.72060798485486,23.531
3.358999999999998,-0.728445492697814,0.06266496875690589,0.8981367655654973,11.710945315450545,down,down,down,up,-0.0883343872496346,-0.0057897836922826,3.6754311208473207,48.72060798485486,23.546
3.375,-0.73065523937108,0.04977477982947559,0.9099022079611263,11.755287901595892,down,down,down,up,-0.0883343872496346,-0.0057897836922826,3.6754311208473207,48.72060798485486,23.562
3.3909999999999982,-0.7314658840028355,0.03766909776490981,0.9216918134871928,11.799442047357864,down,down,down,up,-0.0883343872496346,-0.0057897836922826,3.6754311208473207,48.72060798485486,23.578
3.405999999999999,-0.7322567568143051,0.03560953315166251,0.9327565800487059,11.84066515121905,down,down,down,up,-0.0883343872496346,-0.0057897836922826,3.6754311208473207,48.72060798485486,23.593
3.4220000000000006,-0.7344106897730552,0.04628642267223179,0.9445825561604826,11.88445333606294,down,down,down,up,-0.0883343872496346,-0.0057897836922826,3.6754311208473207,48.72060798485486,23.609
3.437999999999999,-0.7365120877815913,0.04300298828388219,0.9564425749199956,11.928052032947853,down,down,down,up,-0.0883343872496346,-0.0057897836922826,3.6754311208473207,48.72060798485486,23.625
3.4529999999999994,-0.7368333034273641,0.0669200108647815,0.967579512109447,11.968753334107838,down,down,down,up,-0.0883343872496346,-0.0057897836922826,3.6754311208473207,48.72060798485486,23.64
3.4689999999999976,-0.7384309952585487,0.011521352199415899,0.9794742630380093,12.01198380184021,down,down,down,up,-0.0883343872496346,-0.0057897836922826,3.6754311208473207,48.72060798485486,23.656
3.483999999999998,-0.7395426181452863,0.014226194800463707,0.9906459118939228,12.052339367340934,down,down,down,up,-0.0883343872496346,-0.0057897836922826,3.6754311208473207,48.72060798485486,23.671
3.5,-0.7406291166173294,0.02042823274694741,1.0025799223111016,12.095200458600864,down,down,down,up,-0.0883343872496346,-0.0057897836922826,3.6754311208473207,48.72060798485486,23.687
3.5159999999999982,-0.7416891151266399,0.022084480417721805,1.0145311047041288,12.13787046831829,down,down,down,up,-0.0883343872496346,-0.0057897836922826,3.6754311208473207,48.72060798485486,23.703
3.530999999999999,-0.744042974067158,0.0685895421182324,1.0257609421284668,12.177699744779758,down,down,down,up,-0.0883343872496346,-0.0057897836922826,3.6754311208473207,48.72060798485486,23.718
3.5470000000000006,-0.7447315001343605,0.04530150804948391,1.0377637744611565,12.219998444980604,down,down,down,up,-0.0883343872496346,-0.0057897836922826,3.6754311208473207,48.72060798485486,23.734
3.562999999999999,-0.7453858735333531,0.04743604981259591,1.049777349989574,12.26210501391855,down,down,down,up,-0.0883343872496346,-0.0057897836922826,3.6754311208473207,48.72060798485486,23.75
3.5779999999999994,-0.744572918931958,0.142531360675971,1.0610388876884485,12.301405358948678,down,down,down,up,-0.0883343872496346,-0.0057897836922826,3.6754311208473207,48.72060798485486,23.765
3.5939999999999976,-0.7458545064997876,0.0,1.0730549436309778,12.343139506231672,down,down,down,up,-0.0883343872496346,-0.0057897836922826,3.6754311208473207,48.72060798485486,23.781
3.608999999999998,-0.7471320188109268,0.0,1.0843391893261929,12.382090517047203,down,down,down,up,-0.0883343872496346,-0.0057897836922826,3.6754311208473207,48.72060798485486,23.796
3.625,-0.749842133544652,0.08104778360817,1.0964076190841157,12.423451440513482,down,down,down,up,-0.0883343872496346,-0.0057897836922826,3.6754311208473207,48.72060798485486,23.812
3.6409999999999982,-0.7497766269122189,0.0924285517767037,1.1084972057068452,12.464619099848704,down,down,down,up,-0.0883343872496346,-0.0057897836922826,3.6754311208473207,48.72060798485486,23.828
3.655999999999999,-0.7499436950096358,0.07719651408851211,1.1198319548766436,12.503038097957038,down,down,down,up,-0.0883343872496346,-0.0057897836922826,3.6754311208473207,48.72060798485486,23.843
3.6720000000000006,-0.7501066882754089,0.078147308138812,1.1319249944820018,12.543830940295727,down,down,down,up,-0.0883343872496346,-0.0057897836922826,3.6754311208473207,48.72060798485486,23.859
3.687999999999999,-0.7486917992937717,0.1767649486019705,1.1440080189216304,12.58443037412205,down,down,down,up,-0.0883343872496346,-0.0057897836922826,3.6754311208473207,48.72060798485486,23.875
3.7029999999999994,-0.7473114197994911,0.180359686868338,1.1553148898202146,12.6223169191192,down,down,down,up,-0.0883343872496346,-0.0057897836922826,3.6754311208473207,48.72060798485486,23.89
3.7189999999999976,-0.7459541725106985,0.1731623427991818,1.1673536510977711,12.662542468725398,down,down,down,up,-0.0883343872496346,-0.0057897836922826,3.6754311208473207,48.72060798485486,23.906
3.733999999999998,-0.7447252226637834,0.1702643770439733,1.1786205933169644,12.700079128705006,down,down,down,up,-0.0883343872496346,-0.0057897836922826,3.6754311208473207,48.72060798485486,23.921
3.75,-0.7454320964075319,0.044154778265354605,1.1906344884086129,12.73993198598476,down,down,down,up,-0.0883343872496346,-0.0057897836922826,3.6754311208473207,48.72060798485486,23.937
3.7659999999999982,-0.7460561442412602,0.049331397641613504,1.2026590308728782,12.77959253576406,down,down,down,up,-0.0883343872496346,-0.0057897836922826,3.6754311208473207,48.72060798485486,23.953
3.780999999999999,-0.7492056448914771,0.12163232276481789,1.2139603410467585,12.816599357287373,down,down,down,up,-0.0883343872496346,-0.0057897836922826,3.6754311208473207,48.72060798485486,23.968
3.7970000000000006,-0.7502548277630671,0.022760457775270207,1.2260486613670727,12.855886183201626,down,down,down,up,-0.0883343872496346,-0.0057897836922826,3.6754311208473207,48.72060798485486,23.984
3.812999999999999,-0.751222522056331,0.027853493920632202,1.2381531167047028,12.894979466910598,down,down,down,up,-0.0883343872496346,-0.0057897836922826,3.6754311208473207,48.72060798485486,24.0
3.8279999999999994,-0.7521569070503632,0.026042054314157008,1.249515309178388,12.931453420529195,down,down,down,up,-0.0883343872496346,-0.0057897836922826,3.6754311208473207,48.72060798485486,24.015
3.8439999999999976,-0.7543040910914273,0.04586461531688418,1.261659633702597,12.970170918919699,down,down,down,up,-0.0883343872496346,-0.0057897836922826,3.6754311208473207,48.72060798485486,24.031
3.858999999999998,-0.7543494396638729,0.08531114908659161,1.2730613819386467,13.006291978115101,down,down,down,up,-0.0883343872496346,-0.0057897836922826,3.6754311208473207,48.72060798485486,24.046
3.875,-0.7544032524802643,0.08497108622517341,1.2852240400148776,13.044632592673032,down,down,down,up,-0.0883343872496346,-0.0057897836922826,3.6754311208473207,48.72060798485486,24.062
3.8909999999999982,-0.754002854488837,0.11335926171384521,1.2973839254097057,13.08277862688319,down,down,down,up,-0.0883343872496346,-0.0057897836922826,3.6754311208473207,48.72060798485486,24.078
3.905999999999999,-0.7544045313595441,0.06155592920249331,1.308783827558953,13.118363835548635,down,down,down,up,-0.0883343872496346,-0.0057897836922826,3.6754311208473207,48.72060798485486,24.093
3.9220000000000006,-0.754805522084567,0.0632724669357084,1.3209501445255842,13.156132861705522,down,down,down,up,-0.0883343872496346,-0.0057897836922826,3.6754311208473207,48.72060798485486,24.109
3.937999999999999,-0.7538398022795879,0.1486918750608324,1.3331119436595729,13.193707262933593,down,down,down,up,-0.0883343872496346,-0.0057897836922826,3.6754311208473207,48.72060798485486,24.125
3.9529999999999994,-0.7542233138479074,0.0627669493616686,1.344509263785914,13.228756570690464,down,down,down,up,-0.0883343872496346,-0.0057897836922826,3.6754311208473207,48.72060798485486,24.14
3.9689999999999976,-0.7528859289025932,0.17192094633178212,1.3566587742669927,13.265954124319592,down,down,down,up,-0.0883343872496346,-0.0057897836922826,3.6754311208473207,48.72060798485486,24.156
3.983999999999998,-0.7515987827575189,0.1741441302545848,1.3680292563598284,13.3006504309026,down,down,down,up,-0.0883343872496346,-0.0057897836922826,3.6754311208473207,48.72060798485486,24.171
4.0,-0.7522377125399712,0.048401275846371605,1.3801525848612863,13.337471874106392,down,down,down,up,-0.0883343872496346,-0.0057897836922826,3.6754311208473207,48.72060798485486,24.187
4.015999999999998,-0.7528610586691916,0.0493752541733531,1.3922860115700346,13.37409926326849,down,down,down,up,-0.0883343872496346,-0.0057897836922826,3.6754311208473207,48.72060798485486,24.203
4.030999999999999,-0.7535451010630557,0.0427315609920295,1.4036709045234117,13.408261053210502,down,down,down,up,-0.0883343872496346,-0.0057897836922826,3.6754311208473207,48.72060798485486,24.218
4.047000000000001,-0.7541219858340754,0.052279089060907905,1.4158248777576663,13.444511984885814,down,down,down,up,-0.0883343872496346,-0.0057897836922826,3.6754311208473207,48.72060798485486,24.234
4.062999999999999,-0.7561791822661893,0.04024038975749719,1.4279999236415435,13.480568284408172,down,down,down,up,-0.0883343872496346,-0.0057897836922826,3.6754311208473207,48.72060798485486,24.25
4.077999999999999,-0.7581869671793183,0.04551794029229558,1.439444516517769,13.514193917919691,down,down,down,up,-0.0883343872496346,-0.0057897836922826,3.6754311208473207,48.72060798485486,24.265
4.093999999999998,-0.7601457817287117,0.03409152208746599,1.4516838150481086,13.549871789200715,down,down,down,up,-0.0883343872496346,-0.0057897836922826,3.6754311208473207,48.72060798485486,24.281
4.108999999999998,-0.7606055850728951,0.0576808309707435,1.4631762970545052,13.583141805172659,down,down,down,up,-0.0883343872496346,-0.0057897836922826,3.6754311208473207,48.72060798485486,24.296
4.125,-0.7612605351161151,0.047400009548387606,1.4754438625550956,13.618439741829341,down,down,down,up,-0.0883343872496346,-0.0057897836922826,3.6754311208473207,48.72060798485486,24.312
4.140999999999998,-0.7618995107680374,0.048398409004487705,1.4877217794612436,13.653541314626764,down,down,down,up,-0.0883343872496346,-0.0057897836922826,3.6754311208473207,48.72060798485486,24.328
4.155999999999999,-0.7624960320016677,0.04856630500761631,1.4992415927874005,13.686270556147612,down,down,down,up,-0.0883343872496346,-0.0057897836922826,3.6754311208473207,48.72060798485486,24.343
4.172000000000001,-0.7626445668813703,0.07905095726822531,1.5115353541175431,13.720991238505931,down,down,down,up,-0.0883343872496346,-0.0057897836922826,3.6754311208473207,48.72060798485486,24.359
4.187999999999999,-0.7627894789591282,0.07927738238976441,1.5238314630233423,13.755515201902355,down,down,down,up,-0.0883343872496346,-0.0057897836922826,3.6754311208473207,48.72060798485486,24.375
4.202999999999999,-0.7629495772271594,0.077661169380888,1.5353613527001242,13.787702722597139,down,down,down,up,-0.0883343872496346,-0.0057897836922826,3.6754311208473207,48.72060798485486,24.39
4.218999999999998,-0.7640590135936628,0.018994614343164407,1.5476700579657665,13.821845369245374,down,down,down,up,-0.0883343872496346,-0.0057897836922826,3.6754311208473207,48.72060798485486,24.406
4.233999999999998,-0.7646728191471227,0.04741401701897541,1.5592223934667064,13.853675142672344,down,down,down,up,-0.0883343872496346,-0.0057897836922826,3.6754311208473207,48.72060798485486,24.421
4.25,-0.7652716538334251,0.05090721935573911,1.5715545857896287,13.887435824771849,down,down,down,up,-0.0883343872496346,-0.0057897836922826,3.6754311208473207,48.72060798485486,24.437
4.265999999999998,-0.7666766958050532,0.0,1.5839028091258118,13.920999063546077,down,down,down,up,-0.0883343872496346,-0.0057897836922826,3.6754311208473207,48.72060798485486,24.453
4.280999999999999,-0.7683587182419008,0.0238004418735394,1.5955024214865485,13.952284991129197,down,down,down,up,-0.0883343872496346,-0.0057897836922826,3.6754311208473207,48.72060798485486,24.468
4.297000000000001,-0.7688486852883846,0.057711446844404206,1.6078927172538688,13.985464727952838,down,down,down,up,-0.0883343872496346,-0.0057897836922826,3.6754311208473207,48.72060798485486,24.484
4.312999999999999,-0.7692627071510608,0.06245802083236611,1.6202902449324594,14.018446162188901,down,down,down,up,-0.0883343872496346,-0.0057897836922826,3.6754311208473207,48.72060798485486,24.5
4.327999999999999,-0.7692573316701471,0.088692752643883,1.6319159919790036,14.049186082224779,down,down,down,up,-0.0883343872496346,-0.0057897836922826,3.6754311208473207,48.72060798485486,24.515
4.343999999999998,-0.7686459505613535,0.1265457065492357,1.6443118547759301,14.081783157384294,down,down,down,up,-0.0883343872496346,-0.0057897836922826,3.6754311208473207,48.72060798485486,24.531
4.358999999999998,-0.7680158549477235,0.1303407614916352,1.6559236650726326,14.11216285779814,down,down,down,up,-0.0883343872496346,-0.0057897836922826,3.6754311208473207,48.72060798485486,24.546
4.375,-0.7680151431610406,0.08837887391731758,1.6683045495965816,14.144375930014348,down,down,down,up,-0.0883343872496346,-0.0057897836922826,3.6754311208473207,48.72060798485486,24.562
4.390999999999998,-0.7690284583207118,0.0250021897701789,1.6806935349475138,14.176390843271548,down,down,down,up,-0.0883343872496346,-0.0057897836922826,3.6754311208473207,48.72060798485486,24.578
4.405999999999999,-0.7700524309669438,0.020069544167504103,1.6923234883725564,14.206224682409356,down,down,down,up,-0.0883343872496346,-0.0057897836922826,3.6754311208473207,48.72060798485486,24.593
4.422000000000001,-0.7707805198127106,0.04282883438921441,1.7047427885178714,14.237855050127791,down,down,down,up,-0.0883343872496346,-0.0057897836922826,3.6754311208473207,48.72060798485486,24.609
4.437999999999999,-0.7695449233639772,0.1655591652954799,1.71715802860236,14.269286741524382,down,down,down,up,-0.0883343872496346,-0.0057897836922826,3.6754311208473207,48.72060798485486,24.625
4.452999999999999,-0.771000948637692,0.0,1.728798969397757,14.298573530852103,down,down,down,up,-0.0883343872496346,-0.0057897836922826,3.6754311208473207,48.72060798485486,24.64
4.468999999999998,-0.7723976405869594,0.0,1.7412387946506296,14.329620126673262,down,down,down,up,-0.0883343872496346,-0.0057897836922826,3.6754311208473207,48.72060798485486,24.656
4.483999999999998,-0.7707572380579341,0.1976945558513177,1.752899302995851,14.358545557753622,down,down,down,up,-0.0883343872496346,-0.0057897836922826,3.6754311208473207,48.72060798485486,24.671
4.5,-0.7706539128575188,0.0947922122755855,1.7653232287422527,14.389206675433279,down,down,down,up,-0.0883343872496346,-0.0057897836922826,3.6754311208473207,48.72060798485486,24.687
4.515999999999998,-0.7705320763085749,0.0959491715586311,1.7777453531946568,14.41966902471134,down,down,down,up,-0.0883343872496346,-0.0057897836922826,3.6754311208473207,48.72060798485486,24.703
4.530999999999999,-0.7703381548103662,0.1012624871302166,1.7893887266834332,14.448046985924975,down,down,down,up,-0.0883343872496346,-0.0057897836922826,3.6754311208473207,48.72060798485486,24.718
4.547000000000001,-0.770567249524648,0.07401596760702471,1.8018086064571914,14.478124305193404,down,down,down,up,-0.0883343872496346,-0.0057897836922826,3.6754311208473207,48.72060798485486,24.734
4.562999999999999,-0.7708015960727314,0.07368772799442,1.8142321937610455,14.508002876725214,down,down,down,up,-0.0883343872496346,-0.0057897836922826,3.6754311208473207,48.72060798485486,24.75
4.577999999999999,-0.7699820439211288,0.1429711973564702,1.8258749178163842,14.535833540201104,down,down,down,up,-0.0883343872496346,-0.0057897836922826,3.6754311208473207,48.72060798485486,24.765
4.593999999999998,-0.7705395688477862,0.05348907933354371,1.8382917272576107,14.56532710497406,down,down,down,up,-0.0883343872496346,-0.0057897836922826,3.6754311208473207,48.72060798485486,24.781
4.608999999999998,-0.7699162477475882,0.1298891272628348,1.8499319926374607,14.59279689388756,down,down,down,up,-0.0883343872496346,-0.0057897836922826,3.6754311208473207,48.72060798485486,24.796
4.625,-0.7692822095145414,0.1279617768150521,1.8623382168346356,14.621905630145342,down,down,down,up,-0.0883343872496346,-0.0057897836922826,3.6754311208473207,48.72060798485486,24.812
4.640999999999998,-0.7695856042122778,0.06937221864110531,1.8747417958835253,14.650815887977153,down,down,down,up,-0.0883343872496346,-0.0057897836922826,3.6754311208473207,48.72060798485486,24.828
4.655999999999999,-0.7701803958332968,0.04868161251504,1.8863768876392517,14.67773896466344,down,down,down,up,-0.0883343872496346,-0.0057897836922826,3.6754311208473207,48.72060798485486,24.843
4.672000000000001,-0.7707678580864049,0.0516179964303807,1.898797110209687,14.706264470614208,down,down,down,up,-0.0883343872496346,-0.0057897836922826,3.6754311208473207,48.72060798485486,24.859
4.687999999999999,-0.7704674992935684,0.10710681180191911,1.9112196296078021,14.734591234629221,down,down,down,up,-0.0883343872496346,-0.0057897836922826,3.6754311208473207,48.72060798485486,24.875
4.702999999999999,-0.7697470722791061,0.1363628548804519,1.922858085649982,14.760967118577504,down,down,down,up,-0.0883343872496346,-0.0057897836922826,3.6754311208473207,48.72060798485486,24.89
4.718999999999998,-0.7711430629242778,0.0,1.935277843270684,14.788908929079689,down,down,down,up,-0.0883343872496346,-0.0057897836922826,3.6754311208473207,48.72060798485486,24.906
4.733999999999998,-0.7725050050171288,0.0,1.9469420505356294,14.814923746688855,down,down,down,up,-0.0883343872496346,-0.0057897836922826,3.6754311208473207,48.72060798485486,24.921
4.75,-0.7738785559726314,0.0,1.9594057555626254,14.842479862173619,down,down,down,up,-0.0883343872496346,-0.0057897836922826,3.6754311208473207,48.72060798485486,24.937
4.765999999999998,-0.7740960299323324,0.0747422647683236,1.9718821887889404,14.86983645655237,down,down,down,up,-0.0883343872496346,-0.0057897836922826,3.6754311208473207,48.72060798485486,24.953
4.780999999999999,-0.7754090830994099,0.0,1.983590323892063,14.895301879519984,down,down,down,up,-0.0883343872496346,-0.0057897836922826,3.6754311208473207,48.72060798485486,24.968
4.797000000000001,-0.7766979163229487,0.0,1.9960998164265198,14.922271256330987,down,down,down,up,-0.0883343872496346,-0.0057897836922826,3.6754311208473207,48.72060798485486,24.984
4.812999999999999,-0.7772117027682769,0.0562227344166199,2.008623729918325,14.94904036589378,down,down,down,up,-0.0883343872496346,-0.0057897836922826,3.6754311208473207,48.72060798485486,25.0
4.827999999999999,-0.7776845083807108,0.05681401308737571,2.020372298257327,14.97395436249517,down,down,down,up,-0.0883343872496346,-0.0057897836922826,3.6754311208473207,48.72060798485486,25.015
4.843999999999998,-0.7781457821489398,0.059504776735317705,2.032911577120639,15.000334989425703,down,down,down,up,-0.0883343872496346,-0.0057897836922826,3.6754311208473207,48.72060798485486,25.031
4.858999999999998,-0.778095567645659,0.0916820208016877,2.0446702339994833,15.024884592655013,down,down,down,up,-0.0883343872496346,-0.0057897836922826,3.6754311208473207,48.72060798485486,25.046
4.875,-0.7780465778863591,0.09139624720587801,2.0572120077028173,15.050876432654952,down,down,down,up,-0.0883343872496346,-0.0057897836922826,3.6754311208473207,48.72060798485486,25.062
4.890999999999998,-0.7784980558972024,0.060117011571923305,2.069757001312161,15.076667578516393,down,down,down,up,-0.0883343872496346,-0.0057897836922826,3.6754311208473207,48.72060798485486,25.078
4.905999999999999,-0.7789719468815496,0.056741654959826804,2.0815248730883864,15.100664431271092,down,down,down,up,-0.0883343872496346,-0.0057897836922826,3.6754311208473207,48.72060798485486,25.093
4.922000000000001,-0.7791552183280342,0.07687992184434421,2.0940825269491405,15.126066470004353,down,down,down,up,-0.0883343872496346,-0.0057897836922826,3.6754311208473207,48.72060798485486,25.109
4.937999999999999,-0.7793636874150157,0.0753050693132916,2.1066433147341606,15.151267561204442,down,down,down,up,-0.0883343872496346,-0.0057897836922826,3.6754311208473207,48.72060798485486,25.125
4.952999999999999,-0.7795670718901208,0.0747754222426325,2.1184221421843334,15.174711037090262,down,down,down,up,-0.0883343872496346,-0.0057897836922826,3.6754311208473207,48.72060798485486,25.14
4.968999999999998,-0.7796567739909791,0.0827280059459874,2.1309885694904573,15.199522649330419,down,down,down,up,-0.0883343872496346,-0.0057897836922826,3.6754311208473207,48.72060798485486,25.156
4.983999999999998,-0.779055950934625,0.1283892576732408,2.142765761682784,15.222600958659328,down,down,down,up,-0.0883343872496346,-0.0057897836922826,3.6754311208473207,48.72060798485486,25.171
5.0,-0.7785465329909639,0.1201730087284501,2.1553192180932665,15.24702317675468,down,down,down,up,-0.0883343872496346,-0.0057897836922826,3.6754311208473207,48.72060798485486,25.187
5.015999999999998,-0.7787834648154331,0.0735261482203039,2.167870494614793,15.271244556986574,down,down,down,up,-0.0883343872496346,-0.0057897836922826,3.6754311208473207,48.72060798485486,25.203
5.030999999999999,-0.7802623840920689,0.010260231192747798,2.1796501852369836,15.293769618700402,down,down,down,up,-0.0883343872496346,-0.0057897836922826,3.6754311208473207,48.72060798485486,25.218
5.047000000000001,-0.7811816845755591,0.030878107031503302,2.1922343743254027,15.317601440157468,down,down,down,up,-0.0883343872496346,-0.0057897836922826,3.6754311208473207,48.72060798485486,25.234
5.062999999999999,-0.7820765733176104,0.032403840871426205,2.204833076927623,15.341231798480997,down,down,down,up,-0.0883343872496346,-0.0057897836922826,3.6754311208473207,48.72060798485486,25.25
5.077999999999999,-0.7833839183388208,0.0,2.216660877370431,15.363202060636475,down,down,down,up,-0.0883343872496346,-0.0057897836922826,3.6754311208473207,48.72060798485486,25.265
5.093999999999998,-0.7828567994666537,0.121279316760086,2.22928343965195,15.386441404033853,down,down,down,up,-0.0883343872496346,-0.0057897836922826,3.6754311208473207,48.72060798485486,25.281
5.108999999999998,-0.7823600996874999,0.12144770585988571,2.2411094131509914,15.408044924450543,down,down,down,up,-0.0883343872496346,-0.0057897836922826,3.6754311208473207,48.72060798485486,25.296
5.125,-0.7824484098746202,0.0828150005546165,2.253720517766566,15.430893182936764,down,down,down,up,-0.0883343872496346,-0.0057897836922826,3.6754311208473207,48.72060798485486,25.312
5.140999999999998,-0.7828595061161591,0.0626408721534506,2.266335617633567,15.453539631787116,down,down,down,up,-0.0883343872496346,-0.0057897836922826,3.6754311208473207,48.72060798485486,25.328
5.155999999999999,-0.7832435914658761,0.0627286972685015,2.278168237620817,15.47458731968542,down,down,down,up,-0.0883343872496346,-0.0057897836922826,3.6754311208473207,48.72060798485486,25.343
5.172000000000001,-0.7839853512297809,0.04197440200559101,2.2907987057014605,15.496842482072402,down,down,down,up,-0.0883343872496346,-0.0057897836922826,3.6754311208473207,48.72060798485486,25.359
5.187999999999999,-0.7829861638813825,0.1507835965245366,2.303427114361425,15.518895573445455,down,down,down,up,-0.0883343872496346,-0.0057897836922826,3.6754311208473207,48.72060798485486,25.375
5.202999999999999,-0.7832228550996342,0.07255497269952521,2.3152605287591674,15.539386882934757,down,down,down,up,-0.0883343872496346,-0.0057897836922826,3.6754311208473207,48.72060798485486,25.39
5.218999999999998,-0.7834597530185495,0.0735282673174239,2.327886626163188,15.561048603628926,down,down,down,up,-0.0883343872496346,-0.0057897836922826,3.6754311208473207,48.72060798485486,25.406
5.233999999999998,-0.7832031688336089,0.1054399995790124,2.3397234448324635,15.581172994909174,down,down,down,up,-0.0883343872496346,-0.0057897836922826,3.6754311208473207,48.72060798485486,25.421
5.25,-0.7843250086970867,0.01821939578227981,2.352356306791787,15.602443254829744,down,down,down,up,-0.0883343872496346,-0.0057897836922826,3.6754311208473207,48.72060798485486,25.437
5.265999999999998,-0.7854038946346319,0.020904016153049904,2.365006774557516,15.6235112481125,down,down,down,up,-0.0883343872496346,-0.0057897836922826,3.6754311208473207,48.72060798485486,25.453
5.280999999999999,-0.7859567047786468,0.05148037764864471,2.3768788258085003,15.64307857292247,down,down,down,up,-0.0883343872496346,-0.0057897836922826,3.6754311208473207,48.72060798485486,25.468
5.297000000000001,-0.7843754858334525,0.18716057132426422,2.389534119872475,15.663754167290584,down,down,down,up,-0.0883343872496346,-0.0057897836922826,3.6754311208473207,48.72060798485486,25.484
5.312999999999999,-0.78277171345718,0.1885701607666779,2.402163934005875,15.684227480793119,down,down,down,up,-0.0883343872496346,-0.0057897836922826,3.6754311208473207,48.72060798485486,25.5
5.327999999999999,-0.7827510106327847,0.0897145755426517,2.4139922011919346,15.703237776591841,down,down,down,up,-0.0883343872496346,-0.0057897836922826,3.6754311208473207,48.72060798485486,25.515
5.343999999999998,-0.7810123686594644,0.1969995105821652,2.426594944765348,15.72331997735774,down,down,down,up,-0.0883343872496346,-0.0057897836922826,3.6754311208473207,48.72060798485486,25.531
5.358999999999998,-0.780637011072349,0.1133582263906661,2.4383941618687213,15.741964025870693,down,down,down,up,-0.0883343872496346,-0.0057897836922826,3.6754311208473207,48.72060798485486,25.546
5.375,-0.7802548132159332,0.11222175327561941,2.450973933002105,15.76165597904528,down,down,down,up,-0.0883343872496346,-0.0057897836922826,3.6754311208473207,48.72060798485486,25.562
5.390999999999998,-0.7798819372584554,0.11163913459199361,2.4635476635449756,15.781146704206456,down,down,down,up,-0.0883343872496346,-0.0057897836922826,3.6754311208473207,48.72060798485486,25.578
5.405999999999999,-0.7801376451750565,0.07128719280956791,2.4753346571686117,15.799236553613817,down,down,down,up,-0.0883343872496346,-0.0057897836922826,3.6754311208473207,48.72060798485486,25.593
5.422000000000001,-0.7803871163132038,0.07274244111542841,2.4879114917995957,15.818337482355624,down,down,down,up,-0.0883343872496346,-0.0057897836922826,3.6754311208473207,48.72060798485486,25.609
5.437999999999999,-0.7806359777124535,0.07278054979652461,2.500492313090876,15.837237149850061,down,down,down,up,-0.0883343872496346,-0.0057897836922826,3.6754311208473207,48.72060798485486,25.625
5.452999999999999,-0.7809870721289319,0.064928092817742,2.5122913327200713,15.854772739319195,down,down,down,up,-0.0883343872496346,-0.0057897836922826,3.6754311208473207,48.72060798485486,25.64
5.468999999999998,-0.7803374970519991,0.1289328295579429,2.5248745658125937,15.87328231006449,down,down,down,up,-0.0883343872496346,-0.0057897836922826,3.6754311208473207,48.72060798485486,25.656
5.483999999999998,-0.7797037652696251,0.13058317274122722,2.5366617220353906,15.890452254718333,down,down,down,up,-0.0883343872496346,-0.0057897836922826,3.6754311208473207,48.72060798485486,25.671
5.5,-0.7792283276291344,0.1180492397803024,2.5492258153176586,15.908572052353072,down,down,down,up,-0.0883343872496346,-0.0057897836922826,3.6754311208473207,48.72060798485486,25.687
5.515999999999998,-0.7780070515128586,0.164664144516878,2.5617763348898697,15.92649093308497,down,down,down,up,-0.0883343872496346,-0.0057897836922826,3.6754311208473207,48.72060798485486,25.703
5.530999999999999,-0.7767321509545316,0.1733277578047659,2.57352372566376,15.943107649443526,down,down,down,up,-0.0883343872496346,-0.0057897836922826,3.6754311208473207,48.72060798485486,25.718
5.547000000000001,-0.7754580690028928,0.167964509227051,2.586033883962497,15.960638086500076,down,down,down,up,-0.0883343872496346,-0.0057897836922826,3.6754311208473207,48.72060798485486,25.734
5.562999999999999,-0.7756754240029374,0.07474969974684531,2.5985355884456185,15.977968428654371,down,down,down,up,-0.0883343872496346,-0.0057897836922826,3.6754311208473207,48.72060798485486,25.75
5.577999999999999,-0.7754617055194953,0.10258228614577361,2.6102559636724214,15.9940339588262,down,down,down,up,-0.0883343872496346,-0.0057897836922826,3.6754311208473207,48.72060798485486,25.765
5.593999999999998,-0.7752729340787728,0.10013260229479151,2.622754477328283,16.010976773231754,down,down,down,up,-0.0883343872496346,-0.0057897836922826,3.6754311208473207,48.72060798485486,25.781
5.608999999999998,-0.7764200981717996,0.011856781047855508,2.634479021825547,16.026678988800803,down,down,down,up,-0.0883343872496346,-0.0057897836922826,3.6754311208473207,48.72060798485486,25.796
5.625,-0.7775487925453392,0.017790988903419208,2.647003409490362,16.043234027283837,down,down,down,up,-0.0883343872496346,-0.0057897836922826,3.6754311208473207,48.72060798485486,25.812
5.640999999999998,-0.7786303289840949,0.020738359827393,2.6595454790016726,16.05958853410946,down,down,down,up,-0.0883343872496346,-0.0057897836922826,3.6754311208473207,48.72060798485486,25.828
5.655999999999999,-0.7802183246361719,0.017531989555495495,2.671323690659209,16.07473848214972,down,down,down,up,-0.0883343872496346,-0.0057897836922826,3.6754311208473207,48.72060798485486,25.843
5.672000000000001,-0.7805517994854921,0.0674922091671229,2.6839024881912605,16.090703570652472,down,down,down,up,-0.0883343872496346,-0.0057897836922826,3.6754311208473207,48.72060798485486,25.859
5.687999999999999,-0.7805104289007528,0.09092004879584091,2.696483622557426,16.106467379700042,down,down,down,up,-0.0883343872496346,-0.0057897836922826,3.6754311208473207,48.72060798485486,25.875
5.702999999999999,-0.7804981406573416,0.08915360347705201,2.708278033584496,16.121063134091692,down,down,down,up,-0.0883343872496346,-0.0057897836922826,3.6754311208473207,48.72060798485486,25.89
5.718999999999998,-0.7797919283555858,0.1324726561093786,2.7208529906756747,16.136436983831167,down,down,down,up,-0.0883343872496346,-0.0057897836922826,3.6754311208473207,48.72060798485486,25.906
5.733999999999998,-0.7797658797538941,0.0900709606957439,2.73263652099188,16.15066727930637,down,down,down,up,-0.0883343872496346,-0.0057897836922826,3.6754311208473207,48.72060798485486,25.921
5.75,-0.7797132108697352,0.0916261925095649,2.745204990255947,16.16565144514994,down,down,down,up,-0.0883343872496346,-0.0057897836922826,3.6754311208473207,48.72060798485486,25.937
5.765999999999998,-0.7799326719974645,0.07461806676655171,2.75777479385796,16.180434504810584,down,down,down,up,-0.0883343872496346,-0.0057897836922826,3.6754311208473207,48.72060798485486,25.953
5.780999999999999,-0.7809448127659843,0.02085833601498771,2.7695682217490707,16.19411089900624,down,down,down,up,-0.0883343872496346,-0.0057897836922826,3.6754311208473207,48.72060798485486,25.968
5.797000000000001,-0.7819673896045513,0.024423334839204905,2.782164155907113,16.208503937918543,down,down,down,up,-0.0883343872496346,-0.0057897836922826,3.6754311208473207,48.72060798485486,25.984
5.812999999999999,-0.7812172472811075,0.1352182824648726,2.7947622695412733,16.22269542444851,down,down,down,up,-0.0883343872496346,-0.0057897836922826,3.6754311208473207,48.72060798485486,26.0
5.827999999999999,-0.7817359924572341,0.0537513755078626,2.8065712655946955,16.235816889747703,down,down,down,up,-0.0883343872496346,-0.0057897836922826,3.6754311208473207,48.72060798485486,26.015
5.843999999999998,-0.7818986268479265,0.0781697378313574,2.819172979088212,16.249617833723796,down,down,down,up,-0.0883343872496346,-0.0057897836922826,3.6754311208473207,48.72060798485486,26.031
5.858999999999998,-0.7820433415457676,0.0786867407268982,2.8309893906065495,16.262373082763794,down,down,down,up,-0.0883343872496346,-0.0057897836922826,3.6754311208473207,48.72060798485486,26.046
5.875,-0.7817368384806384,0.10749082882021051,2.8435922685858386,16.275783327423817,down,down,down,up,-0.0883343872496346,-0.0057897836922826,3.6754311208473207,48.72060798485486,26.062
5.890999999999998,-0.7800522417420998,0.19362168340830882,2.8561792177666954,16.28899205346655,down,down,down,up,-0.0883343872496346,-0.0057897836922826,3.6754311208473207,48.72060798485486,26.078
5.905999999999999,-0.7784033261948925,0.1982620903967806,2.8679544812816076,16.3011925175364,down,down,down,up,-0.0883343872496346,-0.0057897836922826,3.6754311208473207,48.72060798485486,26.093
5.922000000000001,-0.77762314107388,0.13709595731291171,2.8804953295588356,16.314011816983232,down,down,down,up,-0.0883343872496346,-0.0057897836922826,3.6754311208473207,48.72060798485486,26.109
5.937999999999999,-0.7759677853085664,0.19179412258174688,2.8930166935089705,16.326630618732246,down,down,down,up,-0.0883343872496346,-0.0057897836922826,3.6754311208473207,48.72060798485486,26.125
5.952999999999999,-0.7743602324904783,0.19550457512217112,2.904731000397848,16.338278977840652,down,down,down,up,-0.0883343872496346,-0.0057897836922826,3.6754311208473207,48.72060798485486,26.14
5.968999999999998,-0.773974321011874,0.1124538546624015,2.917210313364942,16.350510345264105,down,down,down,up,-0.0883343872496346,-0.0057897836922826,3.6754311208473207,48.72060798485486,26.156
5.983999999999998,-0.7732971587185472,0.1334785401380873,2.9289016962183045,16.361795972004934,down,down,down,up,-0.0883343872496346,-0.0057897836922826,3.6754311208473207,48.72060798485486,26.171
6.0,-0.7727101104552824,0.12502490370368252,2.9413623909107733,16.373640757241454,down,down,down,up,-0.0883343872496346,-0.0057897836922826,3.6754311208473207,48.72060798485486,26.187
6.015999999999998,-0.7721288344867859,0.12466413528066621,2.953813739009385,16.385286246135642,down,down,down,up,-0.0883343872496346,-0.0057897836922826,3.6754311208473207,48.72060798485486,26.203
6.030999999999999,-0.7709114246047958,0.1694950460489748,2.9654733877079567,16.39602305949797,down,down,down,up,-0.0883343872496346,-0.0057897836922826,3.6754311208473207,48.72060798485486,26.218
6.047000000000001,-0.7685991224151839,0.2328532741003603,2.977882108623194,16.407283113460885,down,down,down,up,-0.0883343872496346,-0.0057897836922826,3.6754311208473207,48.72060798485486,26.234
6.062999999999999,-0.7663272718760067,0.23032504594822661,2.990254156316599,16.418344921274915,down,down,down,up,-0.0883343872496346,-0.0057897836922826,3.6754311208473207,48.72060798485486,26.25
6.077999999999999,-0.7641108323255904,0.2360970239440478,3.0018192888534956,16.42853583724885,down,down,down,up,-0.0883343872496346,-0.0057897836922826,3.6754311208473207,48.72060798485486,26.265
6.093999999999998,-0.7591477931735505,0.3985243342521614,3.014097994396564,16.439215396916403,down,down,down,up,-0.0883343872496346,-0.0057897836922826,3.6754311208473207,48.72060798485486,26.281
6.108999999999998,-0.7543058037569265,0.4111336816912263,3.025535743128927,16.449049610697678,down,down,down,up,-0.0883343872496346,-0.0057897836922826,3.6754311208473207,48.72060798485486,26.296
6.125,-0.752032618529075,0.2304084639903356,3.037679087046293,16.459350789989834,down,down,down,up,-0.0883343872496346,-0.0057897836922826,3.6754311208473207,48.72060798485486,26.312
6.140999999999998,-0.7498148768433649,0.22694324260653082,3.0497865035483476,16.46945796319863,down,down,down,up,-0.0883343872496346,-0.0057897836922826,3.6754311208473207,48.72060798485486,26.328
6.155999999999999,-0.7463842080919553,0.31704563734360103,3.0610948434407472,16.478757819908914,down,down,down,up,-0.0883343872496346,-0.0057897836922826,3.6754311208473207,48.72060798485486,26.343
6.172000000000001,-0.7430372141881404,0.29752150623804097,3.073102851358066,16.488491136284075,down,down,down,up,-0.0883343872496346,-0.0057897836922826,3.6754311208473207,48.72060798485486,26.359
6.187999999999999,-0.7387325308351934,0.3573770968088505,3.0850496458573278,16.498032814239913,down,down,down,up,-0.0883343872496346,-0.0057897836922826,3.6754311208473207,48.72060798485486,26.375
6.202999999999999,-0.7345328397591474,0.3683137923193579,3.0961859828921696,16.506805013837003,down,down,down,up,-0.0883343872496346,-0.0057897836922826,3.6754311208473207,48.72060798485486,26.39
6.218999999999998,-0.7301351358861191,0.363190879313933,3.107995963236407,16.51597845620153,down,down,down,up,-0.0883343872496346,-0.0057897836922826,3.6754311208473207,48.72060798485486,26.406
6.233999999999998,-0.7258446930831647,0.3743639074465858,3.1190026587090616,16.524407433349644,down,down,down,up,-0.0883343872496346,-0.0057897836922826,3.6754311208473207,48.72060798485486,26.421
6.25,-0.7207558716643111,0.406385725927948,3.130668099766119,16.533216965215395,down,down,down,up,-0.0883343872496346,-0.0057897836922826,3.6754311208473207,48.72060798485486,26.437
6.265999999999998,-0.7129367092948887,0.5770320353385867,3.142230276952868,16.5418406761352,down,down,down,up,-0.0883343872496346,-0.0057897836922826,3.6754311208473207,48.72060798485486,26.453
6.280999999999999,-0.7052985173726968,0.597547182062412,3.1529538879082595,16.549758261711453,down,down,down,up,-0.0883343872496346,-0.0057897836922826,3.6754311208473207,48.72060798485486,26.468
6.297000000000001,-0.6979568561246802,0.5471882152506211,3.164272567435316,16.558027348002263,down,down,down,up,-0.0883343872496346,-0.0057897836922826,3.6754311208473207,48.72060798485486,26.484
6.312999999999999,-0.6920004362539257,0.4606106291718293,3.1754848623134193,16.56611618649783,down,down,down,up,-0.0883343872496346,-0.0057897836922826,3.6754311208473207,48.72060798485486,26.5
6.327999999999999,-0.686638154055979,0.4458198671127314,3.1859114984961283,16.57353718060447,down,down,down,up,-0.0883343872496346,-0.0057897836922826,3.6754311208473207,48.72060798485486,26.515
6.343999999999998,-0.6813984606717814,0.4158152237620212,3.196948427953026,16.58128119912643,down,down,down,up,-0.0883343872496346,-0.0057897836922826,3.6754311208473207,48.72060798485486,26.531
6.358999999999998,-0.6769584657435993,0.384334049128433,3.207222951656526,16.588381380592075,down,down,down,up,-0.0883343872496346,-0.0057897836922826,3.6754311208473207,48.72060798485486,26.546
6.375,-0.6723394922260458,0.3770202320966942,3.21810997185936,16.59578561513751,down,down,down,up,-0.0883343872496346,-0.0057897836922826,3.6754311208473207,48.72060798485486,26.562
6.390999999999998,-0.6678186858300706,0.3708847869981148,3.2289238738228847,16.603016242305607,down,down,down,up,-0.0883343872496346,-0.0057897836922826,3.6754311208473207,48.72060798485486,26.578
6.405999999999999,-0.6617380940292606,0.4937071739702858,3.238982396427214,16.609638412091435,down,down,down,up,-0.0883343872496346,-0.0057897836922826,3.6754311208473207,48.72060798485486,26.593
6.422000000000001,-0.654434264064964,0.544823760018126,3.249604411831046,16.61653661555892,down,down,down,up,-0.0883343872496346,-0.0057897836922826,3.6754311208473207,48.72060798485486,26.609
6.437999999999999,-0.6473466435566931,0.5313106690166103,3.2601112956310945,16.623265787832786,down,down,down,up,-0.0883343872496346,-0.0057897836922826,3.6754311208473207,48.72060798485486,26.625
6.452999999999999,-0.6398774546772278,0.5862803125473056,3.2698523231232333,16.629422527504836,down,down,down,up,-0.0883343872496346,-0.0057897836922826,3.6754311208473207,48.72060798485486,26.64
6.468999999999998,-0.6311648596701592,0.6328715751914794,3.280113298177088,16.635829700467987,down,down,down,up,-0.0883343872496346,-0.0057897836922826,3.6754311208473207,48.72060798485486,26.656
6.483999999999998,-0.6215880472816303,0.7267885464848718,3.289595791734611,16.641688349106353,down,down,down,up,-0.0883343872496346,-0.0057897836922826,3.6754311208473207,48.72060798485486,26.671
6.5,-0.6122404002870693,0.6725623244096337,3.299559055854238,16.647782008259206,down,down,down,up,-0.0883343872496346,-0.0057897836922826,3.6754311208473207,48.72060798485486,26.687
6.515999999999998,-0.6036318272352422,0.6263702029888846,3.309378670213492,16.653717404384217,down,down,down,up,-0.0883343872496346,-0.0057897836922826,3.6754311208473207,48.72060798485486,26.703
6.530999999999999,-0.5944711166678954,0.6990484250727312,3.3184512890481503,16.65914014650246,down,down,down,up,-0.0883343872496346,-0.0057897836922826,3.6754311208473207,48.72060798485486,26.718
6.547000000000001,-0.5855387454668258,0.6466075873164221,3.3279840044843056,16.664775562087762,down,down,down,up,-0.0883343872496346,-0.0057897836922826,3.6754311208473207,48.72060798485486,26.734
6.562999999999999,-0.5782248560802953,0.5454524739078441,3.337386749835758,16.670259493986755,down,down,down,up,-0.0883343872496346,-0.0057897836922826,3.6754311208473207,48.72060798485486,26.75
6.577999999999999,-0.5692554911292796,0.6862920506506542,3.346079699195214,16.675264962431733,down,down,down,up,-0.0883343872496346,-0.0057897836922826,3.6754311208473207,48.72060798485486,26.765
6.593999999999998,-0.5604826735718548,0.6366354845887495,3.355210241051899,16.680461540843318,down,down,down,up,-0.0883343872496346,-0.0057897836922826,3.6754311208473207,48.72060798485486,26.781
6.608999999999998,-0.5508660059247356,0.7294455637242246,3.363632202903508,16.685201689326355,down,down,down,up,-0.0883343872496346,-0.0057897836922826,3.6754311208473207,48.72060798485486,26.796
6.625,-0.5403817697454177,0.7435991484569249,3.372454821647947,16.690119891063496,down,down,down,up,-0.0883343872496346,-0.0057897836922826,3.6754311208473207,48.72060798485486,26.812
6.640999999999998,-0.5289955986862173,0.7999700784497429,3.3811024771344753,16.694898330606797,down,down,down,up,-0.0883343872496346,-0.0057897836922826,3.6754311208473207,48.72060798485486,26.828
6.655999999999999,-0.5178871391162653,0.8288983585797391,3.3890409444233787,16.69925372175782,down,down,down,up,-0.0883343872496346,-0.0057897836922826,3.6754311208473207,48.72060798485486,26.843
6.672000000000001,-0.5065553432214537,0.7965716306752798,3.3973291208211576,16.703769659169417,down,down,down,up,-0.0883343872496346,-0.0057897836922826,3.6754311208473207,48.72060798485486,26.859
6.687999999999999,-0.4949869320716758,0.8113600841108268,3.4054340955625784,16.708154451371904,down,down,down,up,-0.0883343872496346,-0.0057897836922826,3.6754311208473207,48.72060798485486,26.875
6.702999999999999,-0.48370313387234637,0.8405876005382363,3.412861117812543,16.712148704084306,down,down,down,up,-0.0883343872496346,-0.0057897836922826,3.6754311208473207,48.72060798485486,26.89
6.718999999999998,-0.47269455026324536,0.77637086281852,3.4206049358247035,16.71628787358876,down,down,down,up,-0.0883343872496346,-0.0057897836922826,3.6754311208473207,48.72060798485486,26.906
6.733999999999998,-0.4627095791687328,0.7539991268837809,3.427707313550828,16.720056998531156,down,down,down,up,-0.0883343872496346,-0.0057897836922826,3.6754311208473207,48.72060798485486,26.921
6.75,-0.4519098404477547,0.7633180573106947,3.4351169054468373,16.72396130271273,down,down,down,up,-0.0883343872496346,-0.0057897836922826,3.6754311208473207,48.72060798485486,26.937
6.765999999999998,-0.4429235232476501,0.6499792122562318,3.442368208895476,16.727748319731553,down,down,down,up,-0.0883343872496346,-0.0057897836922826,3.6754311208473207,48.72060798485486,26.953
6.780999999999999,-0.4319102780570408,0.8225507332902275,3.449016309160646,16.731194402658836,down,down,down,up,-0.0883343872496346,-0.0057897836922826,3.6754311208473207,48.72060798485486,26.968
6.797000000000001,-0.4215608745995248,0.7351721033443125,3.4559367149209756,16.734761676399735,down,down,down,up,-0.0883343872496346,-0.0057897836922826,3.6754311208473207,48.72060798485486,26.984
6.812999999999999,-0.4114373956614728,0.7210518208779536,3.4626933376221394,16.738219533912947,down,down,down,up,-0.0883343872496346,-0.0057897836922826,3.6754311208473207,48.72060798485486,27.0
6.827999999999999,-0.4015608308438612,0.7467720417570474,3.4688776710763136,16.74136421816042,down,down,down,up,-0.0883343872496346,-0.0057897836922826,3.6754311208473207,48.72060798485486,27.015
6.843999999999998,-0.3917467703930538,0.7017131654251684,3.475316768425285,16.744617560577957,down,down,down,up,-0.0883343872496346,-0.0057897836922826,3.6754311208473207,48.72060798485486,27.031
6.858999999999998,-0.38217207727031527,0.7266472620988443,3.4812080065381448,16.747575091578447,down,down,down,up,-0.0883343872496346,-0.0057897836922826,3.6754311208473207,48.72060798485486,27.046
6.875,-0.3717442038382064,0.7400764767563632,3.48733197332609,16.750633669673086,down,down,down,up,-0.0883343872496346,-0.0057897836922826,3.6754311208473207,48.72060798485486,27.062
6.890999999999998,-0.3615706687824894,0.7241803282320205,3.4932911288461317,16.753595582789266,down,down,down,up,-0.0883343872496346,-0.0057897836922826,3.6754311208473207,48.72060798485486,27.078
6.905999999999999,-0.35064675857793587,0.8165950675531751,3.498719606306719,16.75628696908833,down,down,down,up,-0.0883343872496346,-0.0057897836922826,3.6754311208473207,48.72060798485486,27.093
6.922000000000001,-0.3399892852076399,0.7544264728930594,3.504337331196081,16.75906941152187,down,down,down,up,-0.0883343872496346,-0.0057897836922826,3.6754311208473207,48.72060798485486,27.109
6.937999999999999,-0.3295830694761382,0.7387228704685618,3.5097865465726272,16.761763318433275,down,down,down,up,-0.0883343872496346,-0.0057897836922826,3.6754311208473207,48.72060798485486,27.125
6.952999999999999,-0.32172785752745986,0.6120151838281702,3.5147582252805383,16.764210699457088,down,down,down,up,-0.0883343872496346,-0.0057897836922826,3.6754311208473207,48.72060798485486,27.14
6.968999999999998,-0.31261453103814857,0.657917292831653,3.519925600928139,16.76674012678098,down,down,down,up,-0.0883343872496346,-0.0057897836922826,3.6754311208473207,48.72060798485486,27.156
6.983999999999998,-0.3036939008339026,0.6830430675326746,3.524634760922564,16.76903739087981,down,down,down,up,-0.0883343872496346,-0.0057897836922826,3.6754311208473207,48.72060798485486,27.171
7.0,-0.2957984828824536,0.5817980092151414,3.529523336531372,16.771411024033732,down,down,down,up,-0.0883343872496346,-0.0057897836922826,3.6754311208473207,48.72060798485486,27.187
7.015999999999998,-0.2882328490648352,0.5611865008508388,3.5342882237260262,16.773707429485235,down,down,down,up,-0.0883343872496346,-0.0057897836922826,3.6754311208473207,48.72060798485486,27.203
7.030999999999999,-0.28083008724383346,0.5818518419830656,3.538643042503726,16.775791911801228,down,down,down,up,-0.0883343872496346,-0.0057897836922826,3.6754311208473207,48.72060798485486,27.218
7.047000000000001,-0.2733123628664896,0.5581921608335746,3.5431688186436854,16.777944314845605,down,down,down,up,-0.0883343872496346,-0.0057897836922826,3.6754311208473207,48.72060798485486,27.234
7.062999999999999,-0.2663399735366543,0.524108720364385,3.5475786738739865,16.780025232839016,down,down,down,up,-0.0883343872496346,-0.0057897836922826,3.6754311208473207,48.72060798485486,27.25
7.077999999999999,-0.2597579608903385,0.527135230337342,3.551611255137573,16.781912775184132,down,down,down,up,-0.0883343872496346,-0.0057897836922826,3.6754311208473207,48.72060798485486,27.265
7.093999999999998,-0.25332744475363006,0.490241645793955,3.555808574921801,16.783860314477216,down,down,down,up,-0.0883343872496346,-0.0057897836922826,3.6754311208473207,48.72060798485486,27.281
7.108999999999998,-0.24686648209961787,0.5190652308504311,3.559646876128585,16.78562586540705,down,down,down,up,-0.0883343872496346,-0.0057897836922826,3.6754311208473207,48.72060798485486,27.296
7.125,-0.2398274774590572,0.5282721772846242,3.563633064344131,16.78744652381682,down,down,down,up,-0.0883343872496346,-0.0057897836922826,3.6754311208473207,48.72060798485486,27.312
7.140999999999998,-0.23298049881939067,0.5162705522288409,3.567508164693435,16.789204291918075,down,down,down,up,-0.0883343872496346,-0.0057897836922826,3.6754311208473207,48.72060798485486,27.328
7.155999999999999,-0.22729685208094708,0.467244169812525,3.5710470915805717,16.790796594308723,down,down,down,up,-0.0883343872496346,-0.0057897836922826,3.6754311208473207,48.72060798485486,27.343
7.172000000000001,-0.22074895049972199,0.4975782360761569,3.574724094540294,16.792437322753308,down,down,down,up,-0.0883343872496346,-0.0057897836922826,3.6754311208473207,48.72060798485486,27.359
7.187999999999999,-0.21433965701592858,0.4889152299867648,3.5782974399394956,16.79402004841102,down,down,down,up,-0.0883343872496346,-0.0057897836922826,3.6754311208473207,48.72060798485486,27.375
7.202999999999999,-0.20902152807881968,0.442876316390216,3.5815594955830905,16.795452588207304,down,down,down,up,-0.0883343872496346,-0.0057897836922826,3.6754311208473207,48.72060798485486,27.39
7.218999999999998,-0.20467464128042678,0.3600148121492208,3.5849617014770403,16.796927316564386,down,down,down,up,-0.0883343872496346,-0.0057897836922826,3.6754311208473207,48.72060798485486,27.406
7.233999999999998,-0.20071894410846808,0.3520475320468753,3.588089000122842,16.7982609031151,down,down,down,up,-0.0883343872496346,-0.0057897836922826,3.6754311208473207,48.72060798485486,27.421
7.25,-0.19687483636333877,0.328591121320184,3.591362386905693,16.799632189952426,down,down,down,up,-0.0883343872496346,-0.0057897836922826,3.6754311208473207,48.72060798485486,27.437
7.265999999999998,-0.19258204115128308,0.3566340880031467,3.594570678464886,16.800951623363012,down,down,down,up,-0.0883343872496346,-0.0057897836922826,3.6754311208473207,48.72060798485486,27.453
7.280999999999999,-0.18718899258850288,0.4478709581016358,3.597505807973319,16.802142516527432,down,down,down,up,-0.0883343872496346,-0.0057897836922826,3.6754311208473207,48.72060798485486,27.468
7.297000000000001,-0.18189047764905728,0.4194915709649446,3.6005510802742964,16.803364959355015,down,down,down,up,-0.0883343872496346,-0.0057897836922826,3.6754311208473207,48.72060798485486,27.484
7.312999999999999,-0.17672119478130638,0.4114145664841064,3.603512610192815,16.804539347764837,down,down,down,up,-0.0883343872496346,-0.0057897836922826,3.6754311208473207,48.72060798485486,27.5
7.327999999999999,-0.17419497475509257,0.2567490556638763,3.6062313282197227,16.80559773503945,down,down,down,up,-0.0883343872496346,-0.0057897836922826,3.6754311208473207,48.72060798485486,27.515
7.343999999999998,-0.17173036985146878,0.242372193726144,3.6090913675156515,16.80668205140713,down,down,down,up,-0.0883343872496346,-0.0057897836922826,3.6754311208473207,48.72060798485486,27.531
7.358999999999998,-0.16773411225013748,0.3547515606717088,3.6117241978867978,16.807657401479325,down,down,down,up,-0.0883343872496346,-0.0057897836922826,3.6754311208473207,48.72060798485486,27.546
7.375,-0.1637979715091032,0.3343431835642521,3.6144690910959487,16.808654753101017,down,down,down,up,-0.0883343872496346,-0.0057897836922826,3.6754311208473207,48.72060798485486,27.562
7.390999999999998,-0.1599578342007764,0.3283429690200844,3.6171517740807038,16.809608684113165,down,down,down,up,-0.0883343872496346,-0.0057897836922826,3.6754311208473207,48.72060798485486,27.578
7.405999999999999,-0.15657765911744198,0.31367939280525514,3.6196126370359747,16.810464417842503,down,down,down,up,-0.0883343872496346,-0.0057897836922826,3.6754311208473207,48.72060798485486,27.593
7.422000000000001,-0.1535586094625252,0.2770249906819089,3.6221863637236913,16.81133692376998,down,down,down,up,-0.0883343872496346,-0.0057897836922826,3.6754311208473207,48.72060798485486,27.609
7.437999999999999,-0.148675502921126,0.39352854608712,3.6246968731618368,16.81216875580845,down,down,down,up,-0.0883343872496346,-0.0057897836922826,3.6754311208473207,48.72060798485486,27.625
7.452999999999999,-0.143911496539273,0.4059348127064916,3.626978122413174,16.812912660154346,down,down,down,up,-0.0883343872496346,-0.0057897836922826,3.6754311208473207,48.72060798485486,27.64
7.468999999999998,-0.13921188824671837,0.3820599055343268,3.629335746030538,16.81366904714036,down,down,down,up,-0.0883343872496346,-0.0057897836922826,3.6754311208473207,48.72060798485486,27.656
7.483999999999998,-0.1383225013503609,0.1476268470068014,3.6315041007079008,16.81434421510253,down,down,down,up,-0.0883343872496346,-0.0057897836922826,3.6754311208473207,48.72060798485486,27.671
7.5,-0.1356220637382837,0.2571117380044386,3.6337882937676866,16.81502877388028,down,down,down,up,-0.0883343872496346,-0.0057897836922826,3.6754311208473207,48.72060798485486,27.687
7.515999999999998,-0.13297615144368888,0.2537039056618256,3.6360297160282187,16.815677127735462,down,down,down,up,-0.0883343872496346,-0.0057897836922826,3.6754311208473207,48.72060798485486,27.703
7.530999999999999,-0.13093783189070868,0.224222357448315,3.6380959176586107,16.816252652295525,down,down,down,up,-0.0883343872496346,-0.0057897836922826,3.6754311208473207,48.72060798485486,27.718
7.547000000000001,-0.1269246480217437,0.3391583790599182,3.6402514540369872,16.816832771255513,down,down,down,up,-0.0883343872496346,-0.0057897836922826,3.6754311208473207,48.72060798485486,27.734
7.562999999999999,-0.1251488002618331,0.19932487224405782,3.642360678162332,16.81737877213147,down,down,down,up,-0.0883343872496346,-0.0057897836922826,3.6754311208473207,48.72060798485486,27.75
7.577999999999999,-0.1234162658619198,0.20383668057718202,3.644311762913645,16.817860195636108,down,down,down,up,-0.0883343872496346,-0.0057897836922826,3.6754311208473207,48.72060798485486,27.765
7.593999999999998,-0.1188152318745157,0.3758990114624212,3.6463422514346124,16.818341861454876,down,down,down,up,-0.0883343872496346,-0.0057897836922826,3.6754311208473207,48.72060798485486,27.781
7.608999999999998,-0.1143264182282682,0.3875886303327923,3.6481776605657674,16.818764428927587,down,down,down,up,-0.0883343872496346,-0.0057897836922826,3.6754311208473207,48.72060798485486,27.796
7.625,-0.1132871157930868,0.153290789448462,3.650091205377015,16.819185175933605,down,down,down,up,-0.0883343872496346,-0.0057897836922826,3.6754311208473207,48.72060798485486,27.812
7.640999999999998,-0.1122731621977877,0.1517064869558353,3.6519883241400186,16.819575437631023,down,down,down,up,-0.0883343872496346,-0.0057897836922826,3.6754311208473207,48.72060798485486,27.828
7.655999999999999,-0.1090074059542392,0.3060514701528612,3.653734775156543,16.819913981199015,down,down,down,up,-0.0883343872496346,-0.0057897836922826,3.6754311208473207,48.72060798485486,27.843
7.672000000000001,-0.1058079810350812,0.2882984446969893,3.6555459347915344,16.82024663345299,down,down,down,up,-0.0883343872496346,-0.0057897836922826,3.6754311208473207,48.72060798485486,27.859
7.687999999999999,-0.103462182203641,0.23494681421466002,3.6573127326365205,16.82055066204712,down,down,down,up,-0.0883343872496346,-0.0057897836922826,3.6754311208473207,48.72060798485486,27.875
7.702999999999999,-0.1015138266880538,0.2182247549554465,3.6589368994585922,16.82081025661912,down,down,down,up,-0.0883343872496346,-0.0057897836922826,3.6754311208473207,48.72060798485486,27.89
7.718999999999998,-0.0974817110591904,0.3403416140536254,3.6606215002996465,16.82106068735461,down,down,down,up,-0.0883343872496346,-0.0057897836922826,3.6754311208473207,48.72060798485486,27.906
7.733999999999998,-0.0935653252611353,0.3494267737866306,3.6621411998274334,16.821271433916372,down,down,down,up,-0.0883343872496346,-0.0057897836922826,3.6754311208473207,48.72060798485486,27.921
7.75,-0.09178037784803911,0.1998936005681349,3.663716601991384,16.821471469435373,down,down,down,up,-0.0883343872496346,-0.0057897836922826,3.6754311208473207,48.72060798485486,27.937
7.765999999999998,-0.0894071870025553,0.23665881509238962,3.6652587390492646,16.82164656464061,down,down,down,up,-0.0883343872496346,-0.0057897836922826,3.6754311208473207,48.72060798485486,27.953
7.780999999999999,-0.0871108289222349,0.2414249259376528,3.666669470924085,16.821788569878514,down,down,down,up,-0.0883343872496346,-0.0057897836922826,3.6754311208473207,48.72060798485486,27.968
7.797000000000001,-0.0855155158323911,0.1880414553648635,3.6681431182211988,16.821916967098907,down,down,down,up,-0.0883343872496346,-0.0057897836922826,3.6754311208473207,48.72060798485486,27.984
7.812999999999999,-0.082087431173699,0.3025896784179109,3.669576578336324,16.822022107460008,down,down,down,up,-0.0883343872496346,-0.0057897836922826,3.6754311208473207,48.72060798485486,28.0
7.827999999999999,-0.0787474646392195,0.3109988228815957,3.670869686810305,16.822100227284118,down,down,down,up,-0.0883343872496346,-0.0057897836922826,3.6754311208473207,48.72060798485486,28.015
7.843999999999998,-0.0757089010165047,0.2782446136693316,3.672197974274627,16.822162583928993,down,down,down,up,-0.0883343872496346,-0.0057897836922826,3.6754311208473207,48.72060798485486,28.031
7.858999999999998,-0.0731013692771789,0.2621698365380085,3.673400898057214,16.82220205919922,down,down,down,up,-0.0883343872496346,-0.0057897836922826,3.6754311208473207,48.72060798485486,28.046
7.875,-0.0707062102060068,0.2380318291978778,3.675143995232156,16.822220597986465,down,down,down,up,-0.0883343872496346,-0.0057897836922826,3.6754311208473207,48.72060798485486,28.062
7.890999999999998,-0.0683828624400054,0.2335436226247383,3.6758493443524003,16.822219549203346,down,down,down,up,-0.0883343872496346,-0.0057897836922826,3.6754311208473207,48.72060798485486,28.078
7.905999999999999,-0.0661610307922711,0.2364564970985798,3.6764452703070267,16.822208806406117,down,down,down,up,-0.0883343872496346,-0.0057897836922826,3.6754311208473207,48.72060798485486,28.093
7.922000000000001,-0.0641993108385037,0.2109418843600815,3.6770807895791497,16.822187495860582,down,down,down,up,-0.0883343872496346,-0.0057897836922826,3.6754311208473207,48.72060798485486,28.109
7.937999999999999,-0.0622956841879177,0.2073110529112774,3.6776853860784375,16.822156264388873,down,down,down,up,-0.0883343872496346,-0.0057897836922826,3.6754311208473207,48.72060798485486,28.125
7.952999999999999,-0.0626419393545117,0.0652507094766999,3.67820926501039,16.822118521318423,down,down,down,up,-0.0883343872496346,-0.0057897836922826,3.6754311208473207,48.72060798485486,28.14
7.968999999999998,-0.0602552275021786,0.2375038780204684,3.67878507888432,16.82206946450082,down,down,down,up,-0.0883343872496346,-0.0057897836922826,3.6754311208473207,48.72060798485486,28.156
7.983999999999998,-0.057903017062654896,0.2451484165512097,3.6792581124739403,16.82201560737834,down,down,down,up,-0.0883343872496346,-0.0057897836922826,3.6754311208473207,48.72060798485486,28.171
8.0,-0.0551396209951367,0.2610466414695019,3.6797550901174794,16.82195039969117,down,down,down,up,-0.0883343872496346,-0.0057897836922826,3.6754311208473207,48.72060798485486,28.187
8.015999999999998,-0.0546889572072544,0.11650087399228001,3.680226355282175,16.821877446061528,down,down,down,up,-0.0883343872496346,-0.0057897836922826,3.6754311208473207,48.72060798485486,28.203
8.030999999999999,-0.0542492852190755,0.1176458531282306,3.680630238855757,16.821802488418207,down,down,down,up,-0.0883343872496346,-0.0057897836922826,3.6754311208473207,48.72060798485486,28.218
8.047,-0.053636377343579504,0.1266411294681271,3.6810859606953343,16.82171565675535,down,down,down,up,-0.0883343872496346,-0.0057897836922826,3.6754311208473207,48.72060798485486,28.234
8.062999999999999,-0.0530384184406572,0.125706818682286,3.6815319956006847,16.821621611038545,down,down,down,up,-0.0883343872496346,-0.0057897836922826,3.6754311208473207,48.72060798485486,28.25
8.078,-0.0545691732264953,0.013715931806233789,3.6819258992935726,16.82152714363955,down,down,down,up,-0.0883343872496346,-0.0057897836922826,3.6754311208473207,48.72060798485486,28.265
8.093999999999998,-0.0560625925297505,0.0,3.682403589958699,16.821419405659093,down,down,down,up,-0.0883343872496346,-0.0057897836922826,3.6754311208473207,48.72060798485486,28.281
8.108999999999998,-0.052329988710035004,0.337174641897319,3.682803381073382,16.82131182018906,down,down,down,up,-0.0883343872496346,-0.0057897836922826,3.6754311208473207,48.72060798485486,28.296
8.125,-0.048688424007872703,0.3159321811347572,3.6832041649142018,16.82119065775472,down,down,down,up,-0.0883343872496346,-0.0057897836922826,3.6754311208473207,48.72060798485486,28.312
8.140999999999998,-0.048866960482870404,0.0771758575622728,3.683577244529204,16.821063304412725,down,down,down,up,-0.0883343872496346,-0.0057897836922826,3.6754311208473207,48.72060798485486,28.328
8.155999999999999,-0.0447442512417258,0.3631816699926016,3.683866175372523,16.820938945576167,down,down,down,up,-0.0883343872496346,-0.0057897836922826,3.6754311208473207,48.72060798485486,28.343
8.172,-0.0407220958845116,0.3397190970754923,3.684142542688609,16.820801773765233,down,down,down,up,-0.0883343872496346,-0.0057897836922826,3.6754311208473207,48.72060798485486,28.359
8.187999999999999,-0.0389509725221,0.1990295974003709,3.6843725637749385,16.820660550847087,down,down,down,up,-0.0883343872496346,-0.0057897836922826,3.6754311208473207,48.72060798485486,28.375
8.203,-0.03722304729048,0.20352940269096492,3.684530715678917,16.82052524306389,down,down,down,up,-0.0883343872496346,-0.0057897836922826,3.6754311208473207,48.72060798485486,28.39
8.218999999999998,-0.0355221648230551,0.1946395414637054,3.684705313914902,16.820378252760698,down,down,down,up,-0.0883343872496346,-0.0057897836922826,3.6754311208473207,48.72060798485486,28.406
8.233999999999998,-0.035853435080785104,0.0662497034009652,3.684827477669565,16.82023822363653,down,down,down,up,-0.0883343872496346,-0.0057897836922826,3.6754311208473207,48.72060798485486,28.421
8.25,-0.0337967314320906,0.2168783652930252,3.6849773155407446,16.82008668322441,down,down,down,up,-0.0883343872496346,-0.0057897836922826,3.6754311208473207,48.72060798485486,28.437
8.265999999999998,-0.0317313374100099,0.217421513629694,3.685094176630558,16.8199330092206,down,down,down,up,-0.0883343872496346,-0.0057897836922826,3.6754311208473207,48.72060798485486,28.453
8.280999999999999,-0.0313402645072518,0.11440591410017241,3.6851540604003215,16.81978761425558,down,down,down,up,-0.0883343872496346,-0.0057897836922826,3.6754311208473207,48.72060798485486,28.468
8.297,-0.0302557877905585,0.1561141820429593,3.685239465357781,16.81963136398307,down,down,down,up,-0.0883343872496346,-0.0057897836922826,3.6754311208473207,48.72060798485486,28.484
8.312999999999999,-0.0291923595792234,0.15479865045808522,3.6853076870758152,16.819473884697153,down,down,down,up,-0.0883343872496346,-0.0057897836922826,3.6754311208473207,48.72060798485486,28.5
8.328,-0.0275978252463301,0.1946366761091879,3.6853204602173912,16.81932564040516,down,down,down,up,-0.0883343872496346,-0.0057897836922826,3.6754311208473207,48.72060798485486,28.515
8.343999999999998,-0.026337812497582,0.16708518404639922,3.685344581858419,16.819167218002114,down,down,down,up,-0.0883343872496346,-0.0057897836922826,3.6754311208473207,48.72060798485486,28.531
8.358999999999998,-0.0252251348185819,0.16251289918296702,3.6853181507186745,16.8190187143205,down,down,down,up,-0.0883343872496346,-0.0057897836922826,3.6754311208473207,48.72060798485486,28.546
8.375,-0.024132923304883102,0.1565976068558064,3.685305651722739,16.818860621834524,down,down,down,up,-0.0883343872496346,-0.0057897836922826,3.6754311208473207,48.72060798485486,28.562
8.390999999999998,-0.0252473195513385,0.01868462184615921,3.685293330204665,16.818702727912658,down,down,down,up,-0.0883343872496346,-0.0057897836922826,3.6754311208473207,48.72060798485486,28.578
8.405999999999999,-0.0227020559890612,0.2580186247347852,3.6852397972766022,16.81855519626925,down,down,down,up,-0.0883343872496346,-0.0057897836922826,3.6754311208473207,48.72060798485486,28.593
8.422,-0.0201553957192893,0.24750065411036082,3.685175293429346,16.818398773477163,down,down,down,up,-0.0883343872496346,-0.0057897836922826,3.6754311208473207,48.72060798485486,28.609
8.437999999999999,-0.019817498697907603,0.10945295108599001,3.68508771312376,16.8182435673583,down,down,down,up,-0.0883343872496346,-0.0057897836922826,3.6754311208473207,48.72060798485486,28.625
8.453,-0.0187720452977498,0.15803128059348692,3.6849639814591115,16.81809964646164,down,down,down,up,-0.0883343872496346,-0.0057897836922826,3.6754311208473207,48.72060798485486,28.64
8.468999999999998,-0.017725964405960002,0.1537144429865051,3.6848486020758178,16.817948043726922,down,down,down,up,-0.0883343872496346,-0.0057897836922826,3.6754311208473207,48.72060798485486,28.656
8.483999999999998,-0.0170425172798989,0.1338975289870364,3.684696212443846,16.81780792443073,down,down,down,up,-0.0883343872496346,-0.0057897836922826,3.6754311208473207,48.72060798485486,28.671
8.5,-0.0136532253496125,0.3001651328925156,3.6845344149239585,16.817660977345348,down,down,down,up,-0.0883343872496346,-0.0057897836922826,3.6754311208473207,48.72060798485486,28.687
8.515999999999998,-0.015585474247878102,0.0324311688919785,3.6843609610598147,16.817516712271036,down,down,down,up,-0.0883343872496346,-0.0057897836922826,3.6754311208473207,48.72060798485486,28.703
8.530999999999999,-0.0175332658281349,0.04151838476748171,3.684196198365769,16.817384000388053,down,down,down,up,-0.0883343872496346,-0.0057897836922826,3.6754311208473207,48.72060798485486,28.718
8.547,-0.017365753881295,0.0988038839271232,3.684068027062521,16.817244784518188,down,down,down,up,-0.0883343872496346,-0.0057897836922826,3.6754311208473207,48.72060798485486,28.734
8.562999999999999,-0.0178659583721892,0.057071606568746006,3.6839425172996254,16.817107598096847,down,down,down,up,-0.0883343872496346,-0.0057897836922826,3.6754311208473207,48.72060798485486,28.75
8.578,-0.018404324695755103,0.052443299011912504,3.683801391178019,16.81698098559597,down,down,down,up,-0.0883343872496346,-0.0057897836922826,3.6754311208473207,48.72060798485486,28.765
8.593999999999998,-0.019530099900809002,0.017973436933753806,3.6836975031138683,16.816847892375186,down,down,down,up,-0.0883343872496346,-0.0057897836922826,3.6754311208473207,48.72060798485486,28.781
8.608999999999998,-0.0216525022516958,0.05315910280947919,3.683593219385396,16.816724678769155,down,down,down,up,-0.0883343872496346,-0.0057897836922826,3.6754311208473207,48.72060798485486,28.796
