timestamps,acc_x,acc_y,acc_z,aAcc,aStages,aJerk,aVelocity,avStages,aHeight
0.047,0.1497006,-0.2889045,9.7971489,-0.02169474463387644,0,0.0,0.0,0,0.0
0.063,0.17069399999999998,-0.2798793,9.7971489,-0.021692763096581302,0,0.0001238460809460662,0.0,0,0.0
0.078,0.17069399999999998,-0.2814489,9.856989900000002,-0.02023101530492255,0,0.09744985277725013,-0.0001615283998549408,0,-1.211462998912056e-06
0.11,0.1990449,-0.35178660000000006,9.7986204,-0.020159336806413464,0,0.0022399530784089627,-0.00030777403363631706,0,-8.720301934772182e-06
0.125,0.1990449,-0.3847482,9.821085300000002,-0.019511828173930823,0,0.04316724216550938,-0.00010530777098889926,0,-1.1818415469461304e-05
0.141,0.16166880000000003,-0.3173535,9.806076000000001,-0.01932138770422398,0,0.011902529356677693,0.0,0,-1.2660877637372497e-05
0.156,0.2140542,-0.3173535,9.8255979,-0.01863534964827096,0,0.04573587039686795,-0.00020064902815784954,0,-1.416574534855637e-05
0.172,0.1870767,-0.287433,9.8255979,-0.018001910305416757,0,0.039589958928387715,0.0,0,-1.5770937573819166e-05
0.203,0.16765290000000002,-0.2350476,9.862974000000001,-0.016515200962006205,0,0.0479583659164694,-0.0005287623324324075,0,-2.396675372652149e-05
0.219,0.16912439999999998,-0.315882,9.862974000000001,-0.015009105988402993,0,0.0941309358502008,-0.0002809567880356807,0,-3.044450669026619e-05
0.235,0.16912439999999998,-0.2889045,9.7268112,-0.016879011946672406,0,-0.11686912239183843,-3.606173151628374e-05,0,-3.2980654846681905e-05
0.25,0.1930608,-0.2889045,9.8689581,-0.015227628469220988,0,0.11009223183009444,0.0,0,-3.3251117833054035e-05
0.266,0.1482291,-0.3008727,9.8689581,-0.01362670127037724,0,0.10005794992773423,-7.696172552270827e-06,0,-3.33126872134722e-05
0.281,0.1482291,-0.2724237,9.7372098,-0.015296730459271046,0,-0.11133527925958703,0.0,0,-3.337040850761423e-05
0.297,0.1661814,-0.2948886,9.8285409,-0.014676753610498139,0,0.03874855304830681,0.0,0,-3.337040850761423e-05
0.313,0.21258269999999999,-0.2948886,9.871999200000001,-0.012990867608232648,0,0.10536787514159308,-0.0001857507528326332,0,-3.48564145302753e-05
0.328,0.1332198,-0.33226469999999997,9.871999200000001,-0.011351042907511655,0,0.10932164671473278,0.0,0,-3.624954517652005e-05
0.344,0.1332198,-0.31284090000000003,9.843550200000001,-0.010460149010631525,0,0.055680868555008235,-4.2804617045859306e-05,0,-3.659198211288692e-05
0.36,0.1586277,-0.31284090000000003,9.8046045,-0.010531093437284866,0,-0.004434026665833808,0.0,0,-3.6934419049253796e-05
0.375,0.1511721,-0.2798793,9.8046045,-0.010627465013111959,0,-0.006424771721806142,0.0,0,-3.6934419049253796e-05
0.391,0.1511721,-0.3338343,9.7986204,-0.01082617664384955,0,-0.012419476921099449,-4.105287826285976e-05,0,-3.726284207535667e-05
0.406,0.1526436,-0.3338343,9.7956774,-0.011091215789948095,0,-0.017669276406569626,0.0,0,-3.757073866232812e-05
0.438,0.1392039,-0.3487455,9.891423,-0.009008446846653584,0,0.06508652947795351,-2.7027923701967993e-05,0,-3.800318544155961e-05
0.453,0.1392039,-0.29783160000000003,9.7821396,-0.009680999424542591,0,-0.044836838525933786,0.0,0,-3.820589486932437e-05
0.469,0.15568469999999998,-0.29783160000000003,9.7821396,-0.010331092949455112,0,-0.04063084530703264,0.0,0,-3.820589486932437e-05
0.485,0.1122264,-0.3173535,9.7821396,-0.010964873748376291,0,-0.039611299932573694,0.0,0,-3.820589486932437e-05
0.5,0.1122264,-0.2889045,9.7612443,-0.012114071926548675,0,-0.07661321187815884,-0.0001707553358725085,0,-3.9486559888368186e-05
0.516,0.1990449,-0.2889045,9.8240283,-0.011671162688628556,0,0.027681827370007437,0.0,0,-4.0852602575348256e-05
0.547,0.1631403,-0.29783160000000003,9.8240283,-0.011248690868308486,0,0.013628123236131261,-0.00021629494292645102,0,-4.420517419070825e-05
0.563,0.1631403,-0.2918475,9.7507476,-0.012627193177754847,0,-0.0861563943403981,0.0,0,-4.593553373411985e-05
0.578,0.18109260000000002,-0.2918475,9.862974000000001,-0.011228797203495233,0,0.0932263982839742,-8.622194315433158e-05,0,-4.658219830777733e-05
0.594,0.1406754,-0.3039138,9.862974000000001,-0.009871695824461568,0,0.084818836189604,0.0,0,-4.727197385301199e-05
0.61,0.21101310000000004,-0.344331,9.827069400000001,-0.009359743543095433,0,0.0319970175853834,0.0,0,-4.727197385301199e-05
0.625,0.1511721,-0.35777070000000005,9.803133,-0.009458810032684895,0,-0.006604432639297399,-5.001655413679369e-05,0,-4.764709800903794e-05
0.656,0.142245,-0.3173535,9.803133,-0.009592637120169556,0,-0.0043170028220858485,0.0,0,-4.842235459815824e-05
0.672,0.142245,-0.34580249999999996,9.9093753,-0.007110333657024626,0,0.155143966446558,0.0,0,-4.842235459815824e-05
0.688,0.1287072,-0.34580249999999996,9.8464932,-0.0062257260782843105,0,0.05528797367127003,-8.562622910606235e-05,0,-4.910736443100674e-05
0.703,0.1571562,-0.2918475,9.8464932,-0.005395212033876717,0,0.05536760296050616,0.0,0,-4.9749561149302204e-05
0.719,0.1571562,-0.315882,9.8495343,-0.004492749261149953,0,0.056403923295422716,0.0,0,-4.9749561149302204e-05
0.735,0.1586277,-0.315882,9.839037600000001,-0.0038675750036851753,0,0.03907339109154858,0.0,0,-4.9749561149302204e-05
0.75,0.1287072,-0.2889045,9.839037600000001,-0.003288509504631776,0,0.038604366603559925,0.0,0,-4.9749561149302204e-05
0.766,0.1497006,-0.290376,9.7268112,-0.005450975378478162,0,-0.13515411711539904,0.0,0,-4.9749561149302204e-05
0.781,0.1497006,-0.32932170000000005,9.9033912,-0.0032265513152065495,0,0.14829493755144071,-7.437512506057453e-06,0,-4.980534249309763e-05
0.797,0.16166880000000003,-0.32932170000000005,9.7222986,-0.0054656045698511235,0,-0.13994082841528577,0.0,0,-4.986484259314609e-05
0.813,0.20355750000000003,-0.318825,9.7222986,-0.0076393983527331955,0,-0.13586211143013033,0.0,0,-4.986484259314609e-05
0.828,0.20355750000000003,-0.2784078,9.827069400000001,-0.007236633644437163,0,0.02685098055306883,0.0,0,-4.986484259314609e-05
0.844,0.17510850000000003,-0.2784078,9.8689581,-0.005835946895247801,0,0.08754292182433501,0.0,0,-4.986484259314609e-05
0.86,0.1946304,-0.3218661,9.8689581,-0.004428294563252777,0,0.08797827074968892,0.0,0,-4.986484259314609e-05
0.875,0.1946304,-0.3143124,9.7806681,-0.0052128008646938895,0,-0.052300420096074114,-5.238781464105523e-05,0,-5.0257751202954005e-05
0.891,0.1930608,-0.3143124,9.9048627,-0.002951919486541499,0,0.14130508613452428,0.0,0,-5.067685372008245e-05
0.906,0.1392039,-0.3008727,9.9048627,-0.0007783735136523973,0,0.14490306485927332,0.0,0,-5.067685372008245e-05
0.922,0.113796,-0.2843919,9.7895952,-0.00148766428947944,0,-0.044330673489190134,0.0,0,-5.067685372008245e-05
0.938,0.113796,-0.3173535,9.895935600000001,0.0004371877230653354,0,0.12030325078404919,0.0,0,-5.067685372008245e-05
0.953,0.1870767,-0.3173535,9.8046045,0.00011621403630357463,0,-0.021398245784117365,0.0,0,-5.067685372008245e-05
0.969,0.21709530000000002,-0.3023442,9.8046045,-0.00019341173225306818,0,-0.01935161053479016,0.0,0,-5.067685372008245e-05
0.985,0.21709530000000002,-0.35178660000000006,9.839037600000001,0.00038379810365896105,0,0.03607561474450179,0.0,0,-5.067685372008245e-05
1.0,0.1856052,-0.35178660000000006,9.7895952,-0.0002736978107797938,0,-0.04383306096258362,0.0,0,-5.067685372008245e-05
1.016,0.1212516,-0.2006145,9.7895952,-0.0010437128587348354,0,-0.04812594049719006,0.0,0,-5.067685372008245e-05
1.047,0.1212516,-0.3487455,9.842078700000002,-0.0004144433714063922,0,0.020299015720272418,0.0,0,-5.067685372008245e-05
1.063,0.11673900000000001,-0.3487455,9.862974000000001,0.0007074350838571775,0,0.07011740345397305,0.0,0,-5.067685372008245e-05
1.078,0.18266220000000002,-0.287433,9.862974000000001,0.0017781417470139615,0,0.07138044421045169,0.0,0,-5.067685372008245e-05
1.094,0.1990449,-0.40417200000000003,9.806076000000001,0.0015439034024673504,0,-0.014639896534163187,0.0,0,-5.067685372008245e-05
1.11,0.1990449,-0.2889045,9.866015100000002,0.0026771099654254726,0,0.07082541018488257,0.0,0,-5.067685372008245e-05
1.125,0.1437165,-0.2889045,9.9048627,0.004706247635439809,0,0.13527584466762327,0.0,0,-5.067685372008245e-05
1.141,0.11978010000000001,-0.3053853,9.833053500000002,0.004939708215248473,0,0.0145912862380415,0.0,0,-5.067685372008245e-05
1.172,0.17069399999999998,-0.3053853,9.803133,0.0044565000943439514,0,-0.01558735873885557,0.0,0,-5.067685372008245e-05
1.188,0.1377324,-0.3248091,9.803133,0.003987656617475466,0,-0.02930271730428033,0.0,0,-5.067685372008245e-05
1.203,0.1377324,-0.2784078,9.7507476,0.0022184002994531937,0,-0.11795042120148383,0.0,0,-5.067685372008245e-05
1.219,0.17069399999999998,-0.2784078,9.7806681,0.0012343651442545678,0,-0.061502197199914066,0.0,0,-5.067685372008245e-05
1.235,0.1796211,-0.287433,9.7806681,0.00028459170647110454,0,-0.0593608398614664,0.0,0,-5.067685372008245e-05
1.25,0.1406754,-0.3218661,9.7986204,-0.00019383809566342336,0,-0.03189532014230207,0.0,0,-5.067685372008245e-05
1.266,0.1406754,-0.3622833,9.821085300000002,-7.871427701999778e-05,0,0.007195238665214093,0.0,0,-5.067685372008245e-05
1.281,0.19011780000000003,-0.3622833,9.883967400000001,0.0015862826991792645,0,0.11099979841328488,0.0,0,-5.067685372008245e-05
1.297,0.18266220000000002,-0.318825,9.883967400000001,0.0031707506039317934,0,0.09902924404703298,0.0,0,-5.067685372008245e-05
1.313,0.18266220000000002,-0.1870767,9.746235,0.001276243490481832,0,-0.11840669459062247,0.0,0,-5.067685372008245e-05
1.328,0.1437165,-0.1870767,9.7941078,0.0005793332133485762,0,-0.04646068514221667,0.0,0,-5.067685372008245e-05
1.344,0.1392039,-0.3008727,9.7941078,-3.305907438999611e-05,0,-0.03827451798366074,0.0,0,-5.067685372008245e-05
1.36,0.1392039,-0.3831786,9.8809263,0.0015552467235817602,0,0.09926911237323469,0.0,0,-5.067685372008245e-05
1.375,0.15421320000000002,-0.3831786,9.8076456,0.0013244811889965291,0,-0.01538436897234884,0.0,0,-5.067685372008245e-05
1.391,0.1317483,-0.3008727,9.8375661,0.0017507662715523509,0,0.026642817659738836,0.0,0,-5.067685372008245e-05
1.406,0.18413369999999998,-0.2963601,9.8375661,0.002183816248011894,0,0.02886999843063639,3.525965526614272e-06,0,-5.065040897863284e-05
1.422,0.18413369999999998,-0.3876912,9.9213435,0.00472511579390833,0,0.1588312216185271,0.0,0,-5.0622201254419926e-05
1.438,0.1930608,-0.3876912,9.771642900000002,0.0035608604658250442,0,-0.07276595800520529,0.0,0,-5.0622201254419926e-05
1.453,0.2065986,-0.31284090000000003,9.771642900000002,0.0023663648136018622,0,-0.0796330434815448,0.0,0,-5.0622201254419926e-05
1.469,0.2065986,-0.2948886,9.8240283,0.002464227645635475,0,0.006116427002100794,0.0,0,-5.0622201254419926e-05
1.5,0.145188,-0.2514303,9.866015100000002,0.003527068049745452,0,0.03428517432612838,0.0,0,-5.0622201254419926e-05
1.516,0.145188,-0.315882,9.7986204,0.0029664112094707207,0,-0.035041052517170684,0.0,0,-5.0622201254419926e-05
1.531,0.11978010000000001,-0.315882,9.783611100000002,0.002045192442434285,0,-0.06141458446909612,0.0,0,-5.0622201254419926e-05
1.547,0.205029,-0.2754648,9.8120601,0.0018446148230353288,0,-0.012536101212434748,0.0,0,-5.0622201254419926e-05
1.563,0.1721655,-0.40113090000000007,9.8120601,0.0017391258435122126,0,-0.006593061220194756,0.0,0,-5.0622201254419926e-05
1.578,0.1721655,-0.36826739999999997,9.9258561,0.004377972993886203,0,0.1759231433582646,0.0,0,-5.0622201254419926e-05
1.594,0.1781496,-0.36826739999999997,9.8016615,0.003928496852410035,0,-0.028092258842260496,6.270248945786094e-05,0,-5.0120581338757035e-05
1.61,0.1796211,-0.2365191,9.8016615,0.003391567490449887,0,-0.03355808512250921,0.0,0,-4.9618961423094143e-05
1.625,0.1796211,-0.31136939999999996,9.8076456,0.003064584516240032,0,-0.021798864947323818,0.0,0,-4.9618961423094143e-05
1.641,0.2006145,-0.31136939999999996,9.8809263,0.004541565765988409,0,0.09231132810927348,0.0,0,-4.9618961423094143e-05
1.656,0.19011780000000003,-0.2889045,9.8809263,0.005960831945184708,0,0.09461774527975389,0.0,0,-4.9618961423094143e-05
1.672,0.19011780000000003,-0.2679111,9.747706500000001,0.004083618487966234,0,-0.11732584107615451,0.0,0,-4.9618961423094143e-05
1.688,0.09584369999999999,-0.2679111,9.839037600000001,0.004445128183661495,0,0.022594355980953808,0.0,0,-4.9618961423094143e-05
1.703,0.0973152,-0.2738952,9.7806681,0.0033791678196664066,0,-0.07106402426633866,1.6569126205727425e-05,0,-4.949469297655119e-05
1.735,0.2260224,-0.37572300000000003,9.7806681,0.002473477353646558,0,-0.028302827063120237,0.0,0,-4.922958695725955e-05
1.75,0.2260224,-0.3831786,9.8016615,0.002108430962058705,0,-0.02433642610585704,0.0,0,-4.922958695725955e-05
1.766,0.18864630000000002,-0.3831786,9.7507476,0.000492404812437286,0,-0.1010016343513386,0.0,0,-4.922958695725955e-05
1.781,0.16019730000000001,-0.2559429,9.7507476,-0.0011982407966666386,0,-0.11270970727359571,0.0,0,-4.922958695725955e-05
1.797,0.16019730000000001,-0.32333760000000006,9.7821396,-0.0020337157652807747,0,-0.052217185538383455,0.0,0,-4.922958695725955e-05
1.813,0.17667810000000003,-0.32333760000000006,9.9153594,0.0004050951855791851,0,0.15242568442874735,0.0,0,-4.922958695725955e-05
1.828,0.0628821,-0.2829204,9.7911648,-0.000307034508745474,0,-0.04747531295497688,0.0,0,-4.922958695725955e-05
1.844,0.16765290000000002,-0.2829204,9.8091171,-0.0005341120596398241,0,-0.01419234693089687,0.0,0,-4.922958695725955e-05
1.86,0.15421320000000002,-0.31136939999999996,9.7701714,-0.0016893163327509342,0,-0.07220026706944431,0.0,0,-4.922958695725955e-05
1.875,0.19011780000000003,-0.2934171,9.7701714,-0.002814466600352006,0,-0.07501001784007193,0.0,0,-4.922958695725955e-05
1.906,0.19011780000000003,-0.347274,9.888480000000001,-0.0009858980303665277,0,0.05898608290275752,0.0,0,-4.922958695725955e-05
1.922,0.1272357,-0.2679111,9.776155500000002,-0.002025074466091681,0,-0.06494852723282202,0.0,0,-4.922958695725955e-05
1.953,0.1272357,-0.2604555,9.7895952,-0.002716163178350328,0,-0.02229318426640788,0.0,0,-4.922958695725955e-05
1.969,0.1107549,-0.2604555,9.842078700000002,-0.002115726468844059,0,0.03752729434414178,0.0,0,-4.922958695725955e-05
1.985,0.1511721,-0.318825,9.842078700000002,-0.001474950085592397,0,0.04004852395322885,0.0,0,-4.922958695725955e-05
2.0,0.1511721,-0.3023442,9.848062800000001,-0.0007166117963333107,0,0.050555885950606075,0.0,0,-4.922958695725955e-05
2.016,0.1915893,-0.3023442,9.8046045,-0.0010188811808600207,0,-0.018891836532919353,0.0,0,-4.922958695725955e-05
2.031,0.19757340000000004,-0.3248091,9.8016615,-0.0013650985502664525,0,-0.023081157960428603,0.0,0,-4.922958695725955e-05
2.047,0.173637,-0.2829204,9.8016615,-0.001745571793065892,0,-0.023779577674964948,0.0,0,-4.922958695725955e-05
2.063,0.173637,-0.33824879999999996,9.831582000000001,-0.0013448113211413926,0,0.025047529495281197,0.0,0,-4.922958695725955e-05
2.078,0.1915893,-0.33824879999999996,9.8091171,-0.0014931944170104572,0,-0.009892206391271186,0.0,0,-4.922958695725955e-05
2.094,0.1511721,-0.3202965,9.8091171,-0.0016698568467781172,0,-0.01104140186047874,0.0,0,-4.922958695725955e-05
2.11,0.1511721,-0.29783160000000003,9.8704296,-0.0003648976731422948,0,0.08155994835223883,0.0,0,-4.922958695725955e-05
2.125,0.142245,-0.29783160000000003,9.845021700000002,0.00028564096819039264,0,0.04336924275551214,0.0,0,-4.922958695725955e-05
2.141,0.1571562,-0.34580249999999996,9.845021700000002,0.0009640604153933197,0,0.042401215450182904,0.0,0,-4.922958695725955e-05
2.156,0.1571562,-0.36826739999999997,9.8584614,0.001973315390104702,0,0.06728366498075825,0.0,0,-4.922958695725955e-05
2.172,0.1332198,-0.344331,9.7612443,0.0005588079354410525,0,-0.088406715916478,0.0,0,-4.922958695725955e-05
2.203,0.1392039,-0.3248091,9.855518400000001,0.0014624044863484897,0,0.02914827583572407,0.0,0,-4.922958695725955e-05
2.219,0.1392039,-0.2843919,9.800091900000002,0.0009623476965110456,0,-0.03125354936484023,0.0,0,-4.922958695725955e-05
2.235,0.1302768,-0.2843919,9.7941078,0.0003256160356936988,0,-0.03979572880108414,0.0,0,-4.922958695725955e-05
2.25,0.15421320000000002,-0.2694807,9.7941078,-0.0002973891896029812,0,-0.04153368168644499,0.0,0,-4.922958695725955e-05
2.266,0.15421320000000002,-0.3487455,9.7926363,-0.0008800839045903786,0,-0.0364184196867123,0.0,0,-4.922958695725955e-05
2.281,0.1406754,-0.3487455,9.8105886,-0.0010159953241011266,0,-0.009060761300716461,0.0,0,-4.922958695725955e-05
2.297,0.1870767,-0.315882,9.8105886,-0.00115683219119056,0,-0.008802304193089574,0.0,0,-4.922958695725955e-05
2.313,0.1870767,-0.3248091,9.800091900000002,-0.0015429596247464872,0,-0.024132964597245433,0.0,0,-4.922958695725955e-05
2.328,0.2080701,-0.344331,9.7806681,-0.0023664638416711625,0,-0.05490028112831286,0.0,0,-4.922958695725955e-05
2.344,0.2260224,-0.344331,9.7941078,-0.002832666589988264,0,-0.029137671769818827,0.0,0,-4.922958695725955e-05
2.36,0.1870767,-0.34580249999999996,9.7941078,-0.0033062507072205705,0,-0.029599007327019117,0.0,0,-4.922958695725955e-05
2.375,0.1870767,-0.290376,9.7926363,-0.003848026002616578,0,-0.03611835302640021,0.0,0,-4.922958695725955e-05
2.391,0.16166880000000003,-0.290376,9.8464932,-0.003074784246042128,0,0.04832760978590307,0.0,0,-4.922958695725955e-05
2.406,0.1406754,-0.2889045,9.8464932,-0.0023293140694082837,0,0.049698011775589225,-4.017899780742011e-05,0,-4.95309294408152e-05
2.422,0.1406754,-0.318825,9.818044200000001,-0.002272960975139071,0,0.0035220683918257803,0.0,0,-4.985236142327456e-05
2.438,0.10928340000000002,-0.318825,9.830012400000001,-0.0019359872247637355,0,0.02106085939845846,0.0,0,-4.985236142327456e-05
2.453,0.1586277,-0.3053853,9.830012400000001,-0.0016012429866059108,0,0.022316282543855457,0.0,0,-4.985236142327456e-05
2.485,0.1586277,-0.3427614,9.803133,-0.001899740146276585,0,-0.009328036239708562,0.0,0,-4.985236142327456e-05
2.5,0.20954160000000002,-0.3367773,9.8524773,-0.0009701705130495952,0,0.06197130888179881,0.0,0,-4.985236142327456e-05
2.516,0.1497006,-0.3367773,9.7791966,-0.0018759377637760366,0,-0.05661045317040254,0.0,0,-4.985236142327456e-05
2.531,0.11673900000000001,-0.2934171,9.7791966,-0.002804613357280772,0,-0.06191170623364851,0.0,0,-4.985236142327456e-05
2.547,0.11673900000000001,-0.32932170000000005,9.860031000000001,-0.001712447693492436,0,0.06826035398677094,0.0,0,-4.985236142327456e-05
2.563,0.205029,-0.32932170000000005,9.7821396,-0.0025101179169606525,0,-0.04985438896676349,0.0,0,-4.985236142327456e-05
2.578,0.16166880000000003,-0.2994012,9.7821396,-0.0033315769265342965,0,-0.05476393397157744,0.0,0,-4.985236142327456e-05
2.594,0.16166880000000003,-0.2769363,9.851005800000001,-0.002470364317620266,0,0.05382578805712685,0.0,0,-4.985236142327456e-05
2.61,0.1990449,-0.2769363,9.8854389,-0.0007741454755834098,0,0.10601367762730342,0.0,0,-4.985236142327456e-05
2.625,0.1646118,-0.3008727,9.8854389,0.000882315853406368,0,0.11043075526598427,0.0,0,-4.985236142327456e-05
2.641,0.1646118,-0.3218661,9.843550200000001,0.0014935032006331284,0,0.03819920920167249,0.0,0,-4.985236142327456e-05
2.672,0.11821050000000001,-0.3218661,9.8151012,0.0013800792865090727,0,-0.0036588359394856486,0.0,0,-4.985236142327456e-05
2.688,0.1856052,-0.3218661,9.8151012,0.001294845548533985,0,-0.005327108623442984,0.0,0,-4.985236142327456e-05
2.703,0.1856052,-0.2694807,9.818044200000001,0.0012449661431510606,0,-0.0033252936921950274,0.0,0,-4.985236142327456e-05
2.719,0.1661814,-0.2694807,9.855518400000001,0.002101352303160553,0,0.05352413500059323,0.0,0,-4.985236142327456e-05
2.735,0.1721655,-0.2889045,9.855518400000001,0.0029527682916690168,0,0.05321349928177894,0.0,0,-4.985236142327456e-05
2.75,0.1721655,-0.3248091,9.7956774,0.002352150596481195,0,-0.04004117967918778,0.0,0,-4.985236142327456e-05
2.766,0.15421320000000002,-0.3248091,9.7701714,0.0011372148569535057,0,-0.07593348372048052,0.0,0,-4.985236142327456e-05
2.781,0.1856052,-0.2934171,9.7701714,-5.899015799748497e-05,0,-0.07974700099673204,0.0,0,-4.985236142327456e-05
2.797,0.17510850000000003,-0.344331,9.836094600000001,0.0004163945655886181,0,0.029711545224131414,0.0,0,-4.985236142327456e-05
2.813,0.17510850000000003,-0.3891627,9.845021700000002,0.0011384497843671681,0,0.04512845117365934,0.0,0,-4.985236142327456e-05
2.828,0.16765290000000002,-0.3891627,9.8644455,0.0023130452086164155,0,0.07830636161661816,0.0,0,-4.985236142327456e-05
2.844,0.1511721,-0.36071369999999997,9.8644455,0.0034261503917836222,0,0.06956907394795037,0.0,0,-4.985236142327456e-05
2.86,0.1511721,-0.2963601,9.803133,0.0029652945118137097,0,-0.028803492498119507,0.0,0,-4.985236142327456e-05
2.875,0.1377324,-0.2963601,9.7911648,0.0022191064965184637,0,-0.049745867686349324,0.0,0,-4.985236142327456e-05
2.891,0.1107549,-0.2843919,9.7911648,0.0014741205247315037,0,-0.04656162323668496,0.0,0,-4.985236142327456e-05
2.906,0.1107549,-0.2843919,9.8405091,0.0019502431311977375,0,0.03174150709774866,0.0,0,-4.985236142327456e-05
2.922,0.1272357,-0.2843919,9.851005800000001,0.002675500384633267,0,0.04532857833972055,0.0,0,-4.985236142327456e-05
2.938,0.1586277,-0.34128990000000003,9.851005800000001,0.0034382150666889544,0,0.04766966762848042,0.0,0,-4.985236142327456e-05
2.953,0.1406754,-0.3532581,9.7701714,0.002215871461052288,0,-0.08148957370911285,0.0,0,-4.985236142327456e-05
2.969,0.1406754,-0.3427614,9.8809263,0.0037136490629237073,0,0.09361110011696364,0.0,0,-4.985236142327456e-05
2.985,0.1796211,-0.3427614,9.806076000000001,0.003366071974644669,0,-0.02172356801743989,0.0,0,-4.985236142327456e-05
3.016,0.21709530000000002,-0.3547296,9.806076000000001,0.0030558182164384107,0,-0.010008185748588926,0.0,0,-4.985236142327456e-05
3.031,0.21709530000000002,-0.2918475,9.851005800000001,0.0037977071745167734,0,0.04945926387189044,0.0,0,-4.985236142327456e-05
3.047,0.1526436,-0.2918475,9.7971489,0.0031791733303201397,0,-0.03865836526228957,0.0,0,-4.985236142327456e-05
3.063,0.08377740000000002,-0.3083283,9.7971489,0.0025677759567610536,0,-0.038212335847442845,6.553462696423998e-06,0,-4.979993372170317e-05
3.078,0.08377740000000002,-0.2575125,9.8255979,0.0026291294991516168,0,0.004090236159370962,0.0,0,-4.975078275147999e-05
3.094,0.18413369999999998,-0.2575125,9.8689581,0.0037793618850443522,0,0.0718895241182959,0.0,0,-4.975078275147999e-05
3.11,0.1721655,-0.3008727,9.8689581,0.00492617503660675,0,0.07167582197264981,0.0,0,-4.975078275147999e-05
3.125,0.1930608,-0.318825,9.833053500000002,0.005193083457847081,0,0.01779389474935522,0.0,0,-4.975078275147999e-05
3.141,0.1930608,-0.30685680000000004,9.821085300000002,0.005152492426585553,0,-0.002536939453845475,0.0,0,-4.975078275147999e-05
3.156,0.1497006,-0.30685680000000004,9.871999200000001,0.006335505027619703,0,0.07886750673560936,0.0,0,-4.975078275147999e-05
3.172,0.16166880000000003,-0.3262806,9.871999200000001,0.007509446436110068,0,0.0733713380306477,2.2021118462786995e-05,0,-4.957461380377769e-05
3.188,0.16166880000000003,-0.3487455,9.8464932,0.008051849340324324,0,0.033900181513391,0.0,0,-4.9398444856075395e-05
3.203,0.15421320000000002,-0.3487455,9.8225568,0.007994731995836446,0,-0.0038078229658586203,0.0,0,-4.9398444856075395e-05
3.219,0.15568469999999998,-0.2604555,9.8225568,0.007872836575415931,0,-0.0076184637762821625,0.0,0,-4.9398444856075395e-05
3.235,0.15568469999999998,-0.30685680000000004,9.8584614,0.008661765881912586,0,0.049308081656040906,2.607821292411293e-05,0,-4.918981915268249e-05
3.25,0.1796211,-0.30685680000000004,9.8255979,0.008640348893061756,0,-0.0014277992567220466,0.0,0,-4.8994232555751646e-05
3.281,0.1511721,-0.290376,9.806076000000001,0.008119692620367047,0,-0.016795363635313098,0.0,0,-4.8994232555751646e-05
3.297,0.1511721,-0.3083283,9.845021700000002,0.008574409671721739,0,0.028419815709668204,4.917753553127825e-05,0,-4.860081227150142e-05
3.313,0.173637,-0.3083283,9.854046900000002,0.009247053927238014,0,0.04204026596976714,0.0,0,-4.820739198725119e-05
3.328,0.19610190000000002,-0.3262806,9.854046900000002,0.00992765407564633,0,0.04537334322722209,0.0,0,-4.820739198725119e-05
3.344,0.19610190000000002,-0.3218661,9.8764137,0.011133249839302195,0,0.07534973522849146,4.046785664174948e-06,0,-4.8175017701937794e-05
3.36,0.145188,-0.3218661,9.8120601,0.010719408298319522,0,-0.025865096311417066,0.0,0,-4.81426434166244e-05
3.375,0.1511721,-0.2754648,9.8120601,0.01028343474976623,0,-0.029064903236885913,0.0,0,-4.81426434166244e-05
3.391,0.1511721,-0.3083283,9.8584614,0.011012976215880599,0,0.045596341632148055,6.7606613509667984e-06,0,-4.8088558125816665e-05
3.406,0.1586277,-0.3083283,9.8285409,0.010998263484301773,0,-0.0009808487719216823,0.0,0,-4.8037853165684416e-05
3.422,0.1272357,-0.2843919,9.7327953,0.008621112762101646,0,-0.14857192013750783,0.0,0,-4.8037853165684416e-05
3.438,0.16765290000000002,-0.31284090000000003,9.7327953,0.006338143099510418,0,-0.1426856039119516,0.0,0,-4.8037853165684416e-05
3.453,0.16765290000000002,-0.3083283,9.8375661,0.006661088943118898,0,0.021529722907232443,4.596825628617844e-05,0,-4.769309124353809e-05
3.469,0.1870767,-0.3083283,9.783611100000002,0.005669606564429941,0,-0.06196764866805976,0.0,0,-4.732534519324866e-05
3.485,0.16166880000000003,-0.33226469999999997,9.783611100000002,0.004710369067321807,0,-0.059952343569258326,0.0,0,-4.732534519324866e-05
3.5,0.16166880000000003,-0.3023442,9.8120601,0.004444328886931359,0,-0.0177360120260297,0.0,0,-4.732534519324866e-05
3.516,0.1526436,-0.3023442,9.834525,0.004728852928446159,0,0.01778275259467497,0.0,0,-4.732534519324866e-05
3.531,0.11673900000000001,-0.3023442,9.834525,0.00499445048788516,0,0.01770650396259995,0.0,0,-4.732534519324866e-05
3.547,0.11673900000000001,-0.3248091,9.8225568,0.004979303179039718,0,-0.0009467068028401462,2.2414119538387983e-05,0,-4.7146032236941556e-05
3.563,0.1302768,-0.3248091,9.8120601,0.004712819938085033,0,-0.01665520255966778,0.0,0,-4.6966719280634454e-05
3.578,0.11673900000000001,-0.3173535,9.7536906,0.0030199391153757915,0,-0.11285872151395186,0.0,0,-4.6966719280634454e-05
3.61,0.15568469999999998,-0.3202965,9.7536906,0.001383949955343411,0,-0.051124661251011845,0.0,0,-4.6966719280634454e-05
3.625,0.15568469999999998,-0.315882,9.830012400000001,0.0016446584593463598,0,0.01738056693352978,0.0,0,-4.6966719280634454e-05
3.641,0.17069399999999998,-0.2798793,9.8285409,0.0018426178898742762,0,0.012372464407994766,0.0,0,-4.6966719280634454e-05
3.656,0.17069399999999998,-0.3039138,9.821085300000002,0.0018714188633293105,0,0.0019200648970022704,0.0,0,-4.6966719280634454e-05
3.672,0.1571562,-0.3039138,9.860031000000001,0.002843331023004936,0,0.060744509979726524,0.0,0,-4.6966719280634454e-05
3.688,0.18266220000000002,-0.3083283,9.860031000000001,0.003805592013097936,0,0.060141311880812454,0.0,0,-4.6966719280634454e-05
3.703,0.18266220000000002,-0.3262806,9.836094600000001,0.004175070024713179,0,0.02463186744101672,0.0,0,-4.6966719280634454e-05
3.719,0.1721655,-0.3262806,9.7507476,0.00245076313525594,0,-0.10776918059107733,1.0648086003645432e-05,0,-4.688153459260529e-05
3.735,0.1526436,-0.29783160000000003,9.851005800000001,0.003182292826480193,0,0.045720605701515774,0.0,0,-4.679634990457613e-05
3.75,0.1497006,-0.30685680000000004,9.851005800000001,0.0039016315389588385,0,0.047955914165242634,0.0,0,-4.679634990457613e-05
3.766,0.1497006,-0.33824879999999996,9.800091900000002,0.003387555714896351,0,-0.03212973900390545,0.0,0,-4.679634990457613e-05
3.797,0.11673900000000001,-0.33824879999999996,9.8105886,0.003130944057962992,0,-0.00827779538494702,0.0,0,-4.679634990457613e-05
3.813,0.1466595,-0.31284090000000003,9.8105886,0.00286983101385907,0,-0.016319565256495125,0.0,0,-4.679634990457613e-05
3.828,0.1466595,-0.32333760000000006,9.8255979,0.002989223508766514,0,0.007959499660496456,0.0,0,-4.679634990457613e-05
3.844,0.10477080000000001,-0.32333760000000006,9.827069400000001,0.0031285089659913723,0,0.008705341076553623,0.0,0,-4.679634990457613e-05
3.86,0.18266220000000002,-0.3143124,9.827069400000001,0.003285025882558301,0,0.009782307285433047,0.0,0,-4.679634990457613e-05
3.875,0.18266220000000002,-0.3338343,9.8644455,0.004364348214460634,0,0.07195482212682158,1.7761764756860088e-05,0,-4.666313666889968e-05
3.891,0.145188,-0.3338343,9.8405091,0.004818751178310876,0,0.028400185240640117,0.0,0,-4.6521042550844796e-05
3.906,0.17069399999999998,-0.3039138,9.818044200000001,0.004700837051526463,0,-0.00786094178562747,0.0,0,-4.6521042550844796e-05
3.922,0.1392039,-0.3039138,9.818044200000001,0.004573684775419196,0,-0.007947017256704207,0.0,0,-4.6521042550844796e-05
3.938,0.18109260000000002,-0.2994012,9.771642900000002,0.0033318916677576027,0,-0.07761206922884949,0.0,0,-4.6521042550844796e-05
3.953,0.18266220000000002,-0.29783160000000003,9.771642900000002,0.0021199291342828275,0,-0.0807975022316534,0.0,0,-4.6521042550844796e-05
3.969,0.18266220000000002,-0.3771945,9.645976800000001,-0.002057841972680663,0,-0.26111069418521793,0.0,0,-4.6521042550844796e-05
4.0,0.15421320000000002,-0.3771945,9.2447478,-0.01592279585590539,0,-0.4472565768782151,0.0,0,-4.6521042550844796e-05
4.016,0.1946304,-0.35178660000000006,9.2447478,-0.029455408575637776,0,-0.8457882949832732,0.0,0,-4.6521042550844796e-05
4.031,0.1946304,-0.3098979,9.042661800000001,-0.047619472398531926,0,-1.2109375881929691,-0.00037833751800977816,0,-4.935857393591807e-05
4.047,0.2140542,-0.24103170000000002,8.9902764,-0.06665781937274495,1,-1.189896685888313,-0.0012925558521799927,0,-6.272572089743625e-05
4.063,0.1796211,-0.24103170000000002,9.1265373,-0.0819285850000302,1,-0.9544228517053268,-0.0024812470871621944,0,-9.291614441217378e-05
4.078,0.1466595,-0.258984,9.1265373,-0.09682926786403279,1,-0.993378857600135,-0.0038219309836427175,1,-0.00014018997994321241
4.094,0.1466595,-0.2649681,9.3839517,-0.10508729126870975,1,-0.5161264627923097,-0.005437263456704658,1,-0.0002142635354659915
4.11,0.20355750000000003,-0.2649681,9.4603716,-0.11125528920224426,1,-0.3854998708459064,-0.007168004100472292,1,-0.0003151056759234072
4.125,0.20954160000000002,-0.32333760000000006,9.4603716,-0.1172254303107465,1,-0.39800940723349165,-0.008881609496819686,1,-0.00043547777790309446
4.141,0.20954160000000002,-0.35178660000000006,9.401904,-0.12444991819571882,1,-0.45153049281076957,-0.01081501228487141,1,-0.0005930507521566234
4.156,0.1661814,-0.35178660000000006,9.3031173,-0.1339266610060985,1,-0.6317828540253262,-0.012752836628885,1,-0.0007698096190097926
4.172,0.09878670000000002,-0.36071369999999997,9.3031173,-0.1431873219372335,1,-0.5787913081959356,-0.014969748492431656,1,-0.000991590299980326
4.188,0.09878670000000002,-0.3427614,9.1474326,-0.1560330073631473,1,-0.8028553391196118,-0.017363511126834704,1,-0.001250256376934457
4.203,0.1392039,-0.3876912,9.139977,-0.16869051591419115,1,-0.8438339034028921,-0.019798937551414833,1,-0.0015289747420213391
4.219,0.0823059,-0.3876912,9.0786645,-0.18255011806069987,1,-0.8662251341567943,-0.022608862623213963,1,-0.0018682371434183697
4.235,0.11821050000000001,-0.2994012,9.0786645,-0.19614344104342152,1,-0.849582686420102,-0.025638411096046938,1,-0.002254215333172457
4.25,0.11821050000000001,-0.2738952,9.1220247,-0.20836785200914143,1,-0.8149607310480115,-0.028672245793941092,1,-0.0026615452598473584
4.266,0.2425032,-0.2738952,9.273196800000001,-0.2165499973337539,1,-0.5113840827882794,-0.03207158858868426,1,-0.003147495934908362
4.281,0.18266220000000002,-0.2829204,9.273196800000001,-0.22455940906126592,1,-0.5339607818341459,-0.035379909136646834,1,-0.0036533821678483343
4.313,0.1526436,-0.21552570000000001,9.318126600000001,-0.2313354463904389,1,-0.2117511665366554,-0.04267422682387412,1,-0.004902248343216671
4.328,0.1257642,-0.2994012,9.318126600000001,-0.2378995073399821,1,-0.4376040633028637,-0.04619348897685241,1,-0.005568756211722145
4.344,0.1257642,-0.3907323,9.3360789,-0.24378360513028952,1,-0.36775611189421265,-0.050046953876614585,1,-0.006338679754549882
4.36,0.11526750000000001,-0.3592422,9.325582200000001,-0.24981411988292912,1,-0.3769071720399749,-0.053995735676720336,1,-0.007171021270976562
4.375,0.09584369999999999,-0.3592422,9.2418048,-0.2577446213681398,1,-0.5287000990140569,-0.05780242623610327,1,-0.008009507485322722
4.391,0.1870767,-0.3712104,9.2418048,-0.26543614150209294,1,-0.4807200083720704,-0.061987872339065136,1,-0.00896782987392407
4.406,0.1870767,-0.3307932,9.2059002,-0.2738524484171805,1,-0.561087127672515,-0.0660325367634596,1,-0.009927982942192985
4.422,0.2260224,-0.3307932,9.1280088,-0.2839401646617894,1,-0.6304822652880565,-0.07049487766809137,1,-0.011020202257645394
4.453,0.2215098,-0.2918475,9.1280088,-0.2938169033429787,1,-0.3186044735867464,-0.07945011222216544,1,-0.013344349600944418
4.469,0.2215098,-0.2918475,9.0861201,-0.3044735957423139,1,-0.6660432749584494,-0.08423643621484779,1,-0.014653841988440525
4.485,0.19757340000000004,-0.2918475,9.0861201,-0.3148838220622441,1,-0.6506391449956345,-0.08919129555728426,1,-0.016041263842617583
4.5,0.1122264,-0.2889045,9.0861201,-0.32507789685798016,1,-0.6796049863824202,-0.09399100844918584,1,-0.01741513112266608
4.516,0.1122264,-0.2769363,9.0576711,-0.3357259218441584,1,-0.6655015616361387,-0.09927743899880295,1,-0.018961278702249992
4.531,0.1212516,-0.37572300000000003,8.9842923,-0.3478126769973766,1,-0.8057836768812319,-0.10440397849011436,1,-0.02048888933341684
4.547,0.1406754,-0.37572300000000003,9.0875916,-0.35708071886490345,1,-0.5792526167204265,-0.1100431256570126,1,-0.022204466166593856
4.563,0.1646118,-0.36973890000000004,9.0875916,-0.36611889473334536,1,-0.5648859917776189,-0.1158287225657986,1,-0.024011440952376346
4.578,0.1646118,-0.3503151,9.1010313,-0.374627877227681,1,-0.5672654996223536,-0.1213843233555065,1,-0.0257905387967862
4.594,0.1437165,-0.3503151,9.2133558,-0.3802006661103974,1,-0.34829930516977436,-0.12742295170221113,1,-0.027780996997247943
4.61,0.16765290000000002,-0.3307932,9.2133558,-0.3856452615387962,1,-0.34028721427492553,-0.1335497191234047,1,-0.02986877836385287
4.641,0.1272357,-0.30685680000000004,9.0591426,-0.3947518278645372,1,-0.2937602040561651,-0.14564587400915624,1,-0.034196310057407524
4.656,0.1796211,-0.3143124,9.0591426,-0.4036084295435387,1,-0.5904401119334449,-0.15163357593971669,1,-0.03642590593202402
4.672,0.1511721,-0.315882,9.000773100000002,-0.41368292162709075,1,-0.6296557552220022,-0.15817190674908171,1,-0.03890434979353441
4.688,0.1511721,-0.3039138,8.9978301,-0.423593466916369,1,-0.6194090805798907,-0.1648701178574294,1,-0.0414886859903865
4.703,0.17667810000000003,-0.3039138,8.9783082,-0.43372674651811316,1,-0.6755519734495844,-0.17130001945818824,1,-0.04400996202025373
4.719,0.15568469999999998,-0.2889045,8.9783082,-0.44363442060853586,1,-0.6192296306514183,-0.17831890879520143,1,-0.04680691344628085
4.735,0.15568469999999998,-0.290376,9.0906327,-0.4505614852057107,1,-0.4329415373234276,-0.1854724760417154,1,-0.04971724452497619
4.75,0.261927,-0.290376,9.066598200000001,-0.457845788386658,1,-0.48562021206316397,-0.19228553059365802,1,-0.05255042957474143
4.766,0.16166880000000003,-0.3008727,9.066598200000001,-0.4650011613406644,1,-0.44721080962539755,-0.1996683061914766,1,-0.05568606026902251
4.781,0.16166880000000003,-0.3083283,9.0411903,-0.472595155453547,1,-0.5062662741921868,-0.20670027856743303,1,-0.058733824654714266
4.797,0.17069399999999998,-0.3083283,9.1130976,-0.47824737101739423,1,-0.3532634727404501,-0.21430701877920058,1,-0.062101883033487335
4.828,0.1362609,-0.3173535,9.0861201,-0.48442582451395033,1,-0.199304951501806,-0.2292284533099367,1,-0.0689766828508691
4.844,0.1362609,-0.318825,9.1026009,-0.49005064956369715,1,-0.3515515656091758,-0.2370242651025579,1,-0.07270670459816905
4.86,0.1302768,-0.318825,9.051687,-0.49678132859011725,1,-0.4206674391512562,-0.2449189209277884,1,-0.07656225008641182
4.875,0.20208600000000002,-0.36071369999999997,9.051687,-0.5032774016761952,1,-0.4330715390718701,-0.2524193614047856,1,-0.08029228720390605
4.891,0.20208600000000002,-0.2963601,9.0471744,-0.5097819286537728,1,-0.40653293609860214,-0.26052383604742535,1,-0.08439583278352374
4.906,0.1661814,-0.2963601,9.0651267,-0.5157080654674857,1,-0.3950757875808685,-0.2682150110033346,1,-0.08836137413640435
4.922,0.21258269999999999,-0.258984,9.0651267,-0.521493939334011,1,-0.3616171166578305,-0.2765126270417466,1,-0.09271919524076501
4.938,0.21258269999999999,-0.290376,9.150473700000001,-0.5250355003293041,1,-0.2213475622058201,-0.28488486255905315,1,-0.09721037515757142
4.953,0.17510850000000003,-0.290376,9.0906327,-0.5299685590465657,1,-0.3288705811507591,-0.29279739300437246,1,-0.10154299207429728
4.969,0.1631403,-0.3023442,9.0906327,-0.5347772164977052,1,-0.30054109069621554,-0.30131535920872665,1,-0.10629589409200207
4.985,0.1526436,-0.2948886,9.0890631,-0.5395172598646205,1,-0.29625271043220963,-0.3099097150196253,1,-0.1111856946858289
5.0,0.1526436,-0.33981839999999996,9.0816075,-0.5442851498242618,1,-0.3178593306427588,-0.31803823309229173,1,-0.11589530429666817
5.016,0.1511721,-0.33981839999999996,9.1310499,-0.5477324419777378,1,-0.2154557595922533,-0.32677437382670776,1,-0.12105380515202016
5.031,0.16912439999999998,-0.33530580000000004,9.1310499,-0.5510920461610258,1,-0.22397361221920187,-0.3350155574877483,1,-0.12601722963687848
5.047,0.16912439999999998,-0.3487455,9.1100565,-0.55486901345291,1,-0.23606045574275902,-0.3438632459646598,1,-0.13144826006449775
5.063,0.21101310000000004,-0.3487455,9.1010313,-0.5587524706236344,1,-0.2427160731702791,-0.35277221783727214,1,-0.1370213437749132
5.094,0.1661814,-0.33226469999999997,9.1010313,-0.5625788733385537,1,-0.12343234564255565,-0.3701528536686864,1,-0.1482266823832558
5.11,0.1661814,-0.3338343,9.011269799999999,-0.5684980004877467,1,-0.36994544682455965,-0.3792014686592968,1,-0.15422151696187966
5.125,0.20208600000000002,-0.3338343,9.0471744,-0.573379975249086,1,-0.325464984089296,-0.3877655534773229,1,-0.1599737696279042
5.141,0.2006145,-0.3008727,9.0471744,-0.5781718515425407,1,-0.2994922683409171,-0.3969779680916559,1,-0.16625171780045603
5.156,0.15568469999999998,-0.3173535,9.154986300000001,-0.580227113863959,1,-0.13701748809455513,-0.4056659603322045,1,-0.17227154726363486
5.172,0.15568469999999998,-0.3248091,9.1280088,-0.5828833527244353,1,-0.16601492877976728,-0.41497084406491164,1,-0.1788366416988118
5.188,0.173637,-0.3248091,9.0966168,-0.5862319468279971,1,-0.20928713147261283,-0.4243237664613311,1,-0.18555099858302176
5.203,0.20355750000000003,-0.32333760000000006,9.0966168,-0.5894850282376538,1,-0.21687209397710805,-0.4331416437743238,1,-0.19198198915978942
5.219,0.20355750000000003,-0.2994012,9.1010313,-0.5925711473699717,1,-0.19288244576987063,-0.4425980931791848,1,-0.1989879070554175
5.235,0.16765290000000002,-0.33226469999999997,9.083079,-0.596009541229515,1,-0.21489961622145318,-0.4521067386879807,1,-0.20614554571035482
5.25,0.16765290000000002,-0.3173535,9.0636552,-0.5998504477045277,1,-0.256060431667517,-0.4610756886049858,1,-0.21299441391505192
5.266,0.1302768,-0.3173535,9.145961100000001,-0.6016066075047366,1,-0.10975998751305828,-0.47068734504665993,1,-0.22044851818426509
5.281,0.16019730000000001,-0.2664396,9.145961100000001,-0.6033479600955349,1,-0.11609017271989104,-0.47972450430366176,1,-0.22757660705439234
5.297,0.15568469999999998,-0.29783160000000003,9.1205532,-0.6056444216030492,1,-0.14352884421964238,-0.48939644335725047,1,-0.23532957463567963
5.328,0.15568469999999998,-0.287433,9.1490022,-0.607199569807813,1,-0.050166071121410916,-0.5081955252241196,1,-0.25079225014869116
5.344,0.2080701,-0.287433,9.1894194,-0.6077063573147576,1,-0.03167421918404131,-0.5179147726411002,1,-0.25900113253161294
5.36,0.1946304,-0.2858634,9.1894194,-0.6082091546432302,1,-0.03142483302953633,-0.5276420967367641,1,-0.26736558748663586
5.375,0.1946304,-0.318825,9.1385055,-0.6099140302233792,1,-0.11365837200993435,-0.5367780206232635,1,-0.2753487383668359
5.391,0.1032993,-0.318825,9.0966168,-0.6126345936573738,1,-0.17003521462466406,-0.5465584096143096,1,-0.28401542980873645
5.406,0.17510850000000003,-0.3173535,9.0966168,-0.6152632736463737,1,-0.17524533259999367,-0.5557676436190875,1,-0.29228287520798674
5.422,0.17510850000000003,-0.3338343,9.1145691,-0.617375977464949,1,-0.1320439886609569,-0.565628757627978,1,-0.3012540464179633
5.453,0.19610190000000002,-0.2963601,9.1010313,-0.6197882449947638,1,-0.07781508160692843,-0.5848048030761039,1,-0.3190857666088769
5.469,0.1856052,-0.2889045,9.1010313,-0.622152884253758,1,-0.1477899536871384,-0.5947403321100921,1,-0.3285221276903665
5.485,0.1856052,-0.3278502,9.0576711,-0.6254843451298129,1,-0.2082163047534278,-0.6047214299451608,1,-0.3381178217868085
5.5,0.1406754,-0.3278502,9.0890631,-0.6279892049667364,1,-0.16699065579490363,-0.6141224815708847,1,-0.3472591511231786
5.516,0.1571562,-0.33530580000000004,9.0890631,-0.6304197614665839,1,-0.1519097812404667,-0.6241897533023513,1,-0.3571656490021645
5.531,0.1571562,-0.2738952,9.0756234,-0.6331687959888619,1,-0.18326896815187307,-0.6336666674832669,1,-0.36659957215805644
5.547,0.1257642,-0.2738952,9.199916100000001,-0.6328328265883094,1,0.020998087534529458,-0.6437946804638843,1,-0.37681926294163365
5.563,0.1586277,-0.315882,9.199916100000001,-0.6324598665649983,1,0.023310001456944264,-0.6539170220091108,1,-0.3872009565614176
5.578,0.1586277,-0.3173535,9.0816075,-0.6349781732358082,1,-0.16788711138731882,-0.6634228073076173,1,-0.3970810052812935
5.594,0.16019730000000001,-0.3173535,9.0816075,-0.6374343863128846,1,-0.15351331731727744,-0.6736021077840069,1,-0.4077772046020265
5.61,0.11673900000000001,-0.3262806,9.1294803,-0.6386723464948503,1,-0.07737251137285288,-0.6838109616464687,1,-0.4186365091574703
5.625,0.11821050000000001,-0.31136939999999996,9.1294803,-0.639892343148091,1,-0.08133311021604739,-0.6934001968187906,1,-0.42896559284595953
5.641,0.11821050000000001,-0.3427614,9.0471744,-0.6430610391916396,1,-0.19804350272178955,-0.7036638238775085,1,-0.44014210501152995
5.656,0.1631403,-0.3427614,9.0935757,-0.6450046756400063,1,-0.12957576322444966,-0.7133243167387456,1,-0.4507695160661516
5.672,0.1796211,-0.3023442,9.0935757,-0.646928274698487,1,-0.12022494115504478,-0.7236597803414536,1,-0.4622653888427932
5.688,0.1796211,-0.3262806,9.1205532,-0.6481273553757276,1,-0.07494254232753843,-0.7340202253820474,1,-0.47392682888858123
5.703,0.16166880000000003,-0.3262806,8.9978301,-0.652296206978157,1,-0.27792344016195036,-0.7437734020997019,1,-0.4850102810946948
5.735,0.1482291,-0.33530580000000004,8.9978301,-0.6563609335241711,1,-0.12702270456294007,-0.7647119163477392,1,-0.5091460461898538
5.75,0.1482291,-0.315882,9.240333300000001,-0.6544332636946386,1,0.12851132196883733,-0.7745428728268801,1,-0.5206904571086632
5.766,0.18109260000000002,-0.315882,9.2043306,-0.6534157684307935,1,0.06359345399031818,-0.7850056650838835,1,-0.5331668454119494
5.781,0.1377324,-0.2858634,9.165483,-0.6534122478784905,1,0.0002347034868677206,-0.7948068752062029,1,-0.5450154394641248
5.797,0.1078119,-0.3202965,9.165483,-0.6533908288116663,1,0.0013386916765112378,-0.8052612998197242,1,-0.5578159848643323
5.813,0.1078119,-0.2994012,9.1878498,-0.6528419460926571,1,0.034305169938075836,-0.8157111620189588,1,-0.5707837645590418
5.828,0.16765290000000002,-0.2994012,9.032263200000001,-0.656076691250755,1,-0.21564967720651526,-0.8255280517990348,1,-0.5830930586626772
5.844,0.2664396,-0.3173535,9.032263200000001,-0.659159756469812,1,-0.19269157619106175,-0.8360499433807993,1,-0.596385682624116
5.86,0.2664396,-0.32333760000000006,9.1339929,-0.659683877212867,1,-0.03275754644094239,-0.8466006924502607,1,-0.6098468877107645
5.875,0.19757340000000004,-0.32333760000000006,9.1878498,-0.6589253771448629,1,0.050566671200277954,-0.8564902618579435,1,-0.6226200698680757
5.891,0.1437165,-0.2858634,9.1878498,-0.6582400358926375,1,0.04283382826408829,-0.8670275851622435,1,-0.6364082126442372
5.906,0.1437165,-0.3307932,9.2552445,-0.6558921434084102,1,0.15652616561515584,-0.8768835765070012,1,-0.6494875463567562
5.922,0.0928026,-0.3307932,9.223852500000001,-0.6543825020982101,1,0.09435258188750231,-0.8873657736710542,1,-0.6636015411581807
5.938,0.15568469999999998,-0.2694807,9.3525597,-0.6498002256828741,1,0.2863922759585022,-0.8977992354933029,1,-0.6778828612314955
5.953,0.20208600000000002,-0.34580249999999996,9.3525597,-0.6452468942135496,1,0.30355543128828594,-0.9075120888925264,1,-0.6914226961643898
5.969,0.20208600000000002,-0.32932170000000005,9.1863783,-0.6448688030716774,1,0.023630696367016292,-0.9178330144708082,1,-0.7060254569912965
5.985,0.22455090000000003,-0.32932170000000005,9.3510882,-0.6404736170271299,1,0.2746991277842168,-0.9281157538315987,1,-0.7207930471377157
6.016,0.19011780000000003,-0.29783160000000003,9.321069600000001,-0.6369616083994103,1,0.11329060089418207,-0.9479159998257098,1,-0.7498715393194038
6.031,0.0973152,-0.29783160000000003,9.3360789,-0.6332042613145017,1,0.2504898056605788,-0.957442243848564,1,-0.7641617261469605
6.047,0.058369500000000005,-0.3143124,9.3360789,-0.6295333017734741,1,0.22943497131422388,-0.9675441443532679,1,-0.7795616172525752
6.063,0.058369500000000005,-0.37572300000000003,9.3614868,-0.6252773716205748,1,0.265995634556204,-0.9775826297404202,1,-0.7951226314453247
6.078,0.11821050000000001,-0.37572300000000003,9.3525597,-0.6213290327179486,1,0.2632225935084065,-0.9869321777729595,1,-0.8098564925016756
6.094,0.2769363,-0.2694807,9.301645800000001,-0.6187253255186302,1,0.16273169995739675,-0.9968526126388522,1,-0.82572677082497
6.125,0.3053853,-0.2634966,9.301645800000001,-0.6161676008586419,1,0.08250724709640019,-1.0159934529976997,1,-0.8569258848423362
6.141,0.20208600000000002,-0.2784078,9.3974895,-0.6113942764548153,1,0.29833277523916263,-1.0258139480162074,1,-0.8732603440504475
6.156,0.1287072,-0.31136939999999996,9.3974895,-0.6067436425384525,1,0.31004226109085853,-1.0349499824086568,1,-0.8887160735286337
6.172,0.1287072,-0.32932170000000005,9.5366934,-0.5987986713585514,1,0.49656069874381936,-1.0445943209198327,1,-0.9053524279552616
6.188,0.04188870000000001,-0.32932170000000005,9.544149,-0.5908846733460358,1,0.49462487578222314,-1.0541117876774695,1,-0.92214207682404
6.203,0.113796,-0.2679111,9.544149,-0.5831962415595875,1,0.5125621190965333,-1.062917394539262,1,-0.9380197956906662
6.219,0.113796,-0.318825,9.5247252,-0.5761306357273153,1,0.44160036451701373,-1.0721920095575572,1,-0.9551006709234408
6.235,0.17510850000000003,-0.318825,9.5276682,-0.5691429692586976,1,0.4367291542886061,-1.0813541983974453,1,-0.9723290405870808
6.25,0.20355750000000003,-0.2575125,9.5052033,-0.5629047528369444,1,0.4158810947835523,-1.0898445563131625,1,-0.9886130312474101
6.266,0.1796211,-0.29783160000000003,9.5052033,-0.5568017387819157,1,0.3814383784392913,-1.0988022082461133,1,-1.0061222053638843
6.281,0.1796211,-0.2994012,9.4752828,-0.5515756517480224,1,0.34840580225956597,-1.1071150386750876,1,-1.022666584715793
6.297,0.18413369999999998,-0.2994012,9.6070311,-0.5432637242639817,1,0.5194954677525394,-1.1158737536831838,1,-1.0404504950546591
6.313,0.1287072,-0.3053853,9.6070311,-0.5351719325530162,1,0.5057369819353448,-1.1245012389377198,1,-1.0583734949956265
6.328,0.1287072,-0.37268190000000007,9.5666139,-0.5282045713341041,1,0.4644907479274531,-1.1324765627168736,1,-1.0753008285080365
6.344,0.1362609,-0.37268190000000007,9.5740695,-0.521222908721283,1,0.4363539133013235,-1.1408719825573166,1,-1.09348761687023
6.36,0.1586277,-0.3278502,9.5740695,-0.5144431081368168,1,0.42373753652913365,-1.1491573106921813,1,-1.1118078512162262
6.375,0.1586277,-0.3173535,9.5830947,-0.5076173130748494,1,0.45505300413117333,-1.1568227638512687,1,-1.1291027017753017
6.391,0.1302768,-0.3173535,9.707289300000001,-0.49794119477651044,1,0.604757393646182,-1.1648672319140796,1,-1.1476762217414245
6.406,0.2065986,-0.2544714,9.5860377,-0.4914695946734593,1,0.43144000687008555,-1.1722878128349543,1,-1.165204884577042
6.438,0.1661814,-0.3278502,9.5860377,-0.48512066905640516,1,0.19840392553294156,-1.1879132570546322,1,-1.2029681016952753
6.453,0.1661814,-0.3338343,9.6444072,-0.4774989848927085,1,0.5081122775797597,-1.195132904459251,1,-1.2208409479066302
6.469,0.142245,-0.3338343,9.7656588,-0.4671172329046076,1,0.648859499256304,-1.2026898342016294,1,-1.2400235298159172
6.485,0.11526750000000001,-0.2724237,9.7656588,-0.45704383078226307,1,0.6295876326465327,-1.2100831227111244,1,-1.2593257134712192
6.5,0.11526750000000001,-0.2709522,9.681881400000002,-0.4492595344259023,1,0.5189530904240642,-1.2168803979501854,1,-1.2775279398761787
6.516,0.1332198,-0.2709522,9.747706500000001,-0.44005476733404336,1,0.5752979432411814,-1.223994912364265,1,-1.2970549423586943
6.531,0.18109260000000002,-0.2709522,9.747706500000001,-0.4310556915654917,1,0.5999383845701217,-1.2305282408060114,1,-1.3154638660074711
6.547,0.18109260000000002,-0.3338343,9.759674700000001,-0.42193687176467165,1,0.5699262375512543,-1.2373521813126527,1,-1.3352069093844205
6.563,0.16912439999999998,-0.3338343,9.800091900000002,-0.41206063126927717,1,0.6172650309621547,-1.2440241613369243,1,-1.3550579201256172
6.578,0.2215098,-0.2889045,9.7986204,-0.40247048638712535,1,0.6393429921434304,-1.2501331447193476,1,-1.3737640999210399
6.594,0.1586277,-0.33981839999999996,9.7986204,-0.3931041650100884,1,0.5853950860648099,-1.2564977419305252,1,-1.3938171470142389
6.61,0.1586277,-0.3622833,9.848062800000001,-0.38274173936148514,1,0.6476516030377016,-1.2627045091654978,1,-1.4139707650230071
6.625,0.17667810000000003,-0.3622833,9.8285409,-0.373100311903821,1,0.642761830510958,-1.2683733245499875,1,-1.4329538487758728
6.641,0.1497006,-0.30685680000000004,9.8285409,-0.3637509435262487,1,0.5843355235982667,-1.2742681345934281,1,-1.4532949804490203
6.656,0.1497006,-0.3098979,9.973728900000001,-0.3510882494451977,1,0.84417960540342,-1.279629428540714,1,-1.472449212172526
6.672,0.1032993,-0.3098979,9.895935600000001,-0.3406451203682952,1,0.6526955673064044,-1.2851632954992218,1,-1.4929675539648455
6.688,0.1332198,-0.315882,9.895935600000001,-0.3304433736563439,1,0.6376091694969549,-1.290532003451419,1,-1.5135731163564505
6.703,0.1332198,-0.2559429,9.7806681,-0.32334286041122695,1,0.4733675496744459,-1.295435400206926,1,-1.5329678718838888
6.719,0.16019730000000001,-0.2559429,9.723770100000001,-0.3177927566008112,1,0.34688148815098485,-1.3005644851430223,1,-1.5537358709666884
6.735,0.19011780000000003,-0.290376,9.821085300000002,-0.30996925779928297,1,0.4889686750955131,-1.305586581258223,1,-1.5745850794978984
6.75,0.23799060000000002,-0.3023442,9.821085300000002,-0.30230234237910203,1,0.5111276946787403,-1.3101786182595607,1,-1.5942033184942814
6.766,0.23799060000000002,-0.34580249999999996,9.866015100000002,-0.2936926243984619,1,0.5381073737900084,-1.3149465779937812,1,-1.6152043200643083
6.781,0.1631403,-0.34580249999999996,9.999234900000001,-0.2820831231403407,1,0.7739667505414307,-1.3192648961003222,1,-1.6349609061200137
6.797,0.1646118,-0.34580249999999996,9.999234900000001,-0.2707561926796078,1,0.7079331537958027,-1.3236876106268818,1,-1.6561045261738314
6.813,0.1646118,-0.3218661,9.8794548,-0.26264454176275187,1,0.5069781823034964,-1.3279548165024206,1,-1.677317665590866
6.828,0.1377324,-0.3218661,9.777627,-0.25722279189897357,1,0.3614499909185398,-1.3318538215048836,1,-1.6972662303759214
6.844,0.1437165,-0.2709522,9.777627,-0.2519688043703976,1,0.32837422053599824,-1.3359273542750385,1,-1.7186084797821608
6.86,0.1437165,-0.2484873,9.836094600000001,-0.24543208198424082,1,0.4085451491347976,-1.3399065613658756,1,-1.740015151107288
6.875,0.0973152,-0.2484873,9.8196138,-0.23947047550052325,1,0.39744043224784675,-1.3435433305470112,1,-1.7601410252966343
6.906,0.1287072,-0.24701580000000004,9.9273276,-0.23102024982082625,1,0.27258792515151875,-1.350835936789492,1,-1.8019039039403497
6.922,0.15421320000000002,-0.3338343,9.8165727,-0.2254048191234066,1,0.35096441858872807,-1.3544873373410458,1,-1.823546490133394
6.938,0.18864630000000002,-0.3338343,9.860031000000001,-0.21885254026498302,1,0.40951742865147317,-1.3580413962161528,1,-1.8452467200018516
6.953,0.23053500000000002,-0.3278502,9.860031000000001,-0.21244326634738364,1,0.4272849278399424,-1.3612761147657457,1,-1.8656416013342167
6.969,0.23053500000000002,-0.3053853,9.7732125,-0.20832381447458914,1,0.257465742049656,-1.3646422514123215,1,-1.8874489482636414
6.985,0.1392039,-0.3053853,9.8405091,-0.2027065252610214,1,0.3510805758479837,-1.3679304941302064,1,-1.9093095302279817
7.0,0.11821050000000001,-0.2260224,9.8405091,-0.1972851784916898,1,0.3614231179554472,-1.3709304319083517,1,-1.9298509871732703
7.016,0.11821050000000001,-0.3023442,9.8165727,-0.19252960313710688,1,0.2972234596614329,-1.3740489501613822,1,-1.9518108222298283
7.031,0.1062423,-0.3023442,9.895935600000001,-0.18595869469765347,1,0.4380605626302363,-1.3768876123951428,1,-1.9724428464490018
7.047,0.145188,-0.39818790000000004,9.8644455,-0.18022065787528518,1,0.3586273013980176,-1.3798170472157263,1,-1.9944964837258887
7.063,0.20954160000000002,-0.3562992,9.8644455,-0.17463341336398486,1,0.3492027819562701,-1.3826558797856405,1,-2.0165962671418995
7.078,0.20954160000000002,-0.3592422,9.8076456,-0.170563968727949,1,0.2712963090690476,-1.38524486015133,1,-2.0373555226914277
7.094,0.18266220000000002,-0.3592422,9.834525,-0.16595183208843878,1,0.28825853996938794,-1.3879369865578612,1,-2.0595409774651015
7.11,0.142245,-0.261927,9.834525,-0.1615433702080331,1,0.275528867525354,-1.390556948176233,1,-2.0817689289429744
7.125,0.142245,-0.2664396,9.7821396,-0.15851656387779123,1,0.20178708868279646,-1.3929573976818765,1,-2.1026452865369096
7.141,0.0868185,-0.2664396,9.8375661,-0.1542280884457803,1,0.2680297145006836,-1.395459354900465,1,-2.1249526205575684
7.172,0.1406754,-0.2649681,9.8375661,-0.15002999721004429,1,0.1354222979269691,-1.4001753552281302,1,-2.1682849585645614
7.188,0.1406754,-0.2963601,9.7971489,-0.14689770093533205,1,0.19576851716951432,-1.4025507768132932,1,-2.1907067676208927
7.203,0.17667810000000003,-0.3039138,9.8405091,-0.1427650591347227,1,0.27550945337394617,-1.4047232475138187,1,-2.211761322803347
7.219,0.20954160000000002,-0.3039138,9.8165727,-0.1393008977314647,1,0.21651008770362504,-1.4069797751687483,1,-2.2342549469848074
7.235,0.18109260000000002,-0.318825,9.8165727,-0.13592349661709946,1,0.2110875696478274,-1.4091815703235369,1,-2.2567842377487457
7.25,0.18109260000000002,-0.2544714,9.8644455,-0.1315072349976134,1,0.2944174412990763,-1.4111873008106472,1,-2.2779370042822515
7.266,0.1856052,-0.2544714,9.7971489,-0.12883718107121922,1,0.16687837039963668,-1.413270056139198,1,-2.3005326631378504
7.281,0.11978010000000001,-0.3202965,9.7971489,-0.12621019053094962,1,0.1751327026846439,-1.4151829114262142,1,-2.3217460603945907
7.297,0.11978010000000001,-0.31136939999999996,9.848062800000001,-0.1224132010920389,1,0.2373118399319194,-1.4171718985591981,1,-2.344404898874474
7.313,0.1212516,-0.31136939999999996,9.7686999,-0.12064294038638046,1,0.11064129410365266,-1.4191163476910256,1,-2.3670952048444756
7.328,0.1497006,-0.2829204,9.7686999,-0.11892733379086451,1,0.11437377303439236,-1.420913124747355,1,-2.388395425887764
7.344,0.1497006,-0.31284090000000003,9.874942200000001,-0.11464166950483978,1,0.26785401787654517,-1.4227816767737207,1,-2.411144984299933
7.375,0.18864630000000002,-0.2963601,9.910846800000002,-0.10958149161773711,1,0.16323154474524898,-1.4262571357711207,1,-2.4553050858943775
7.391,0.16019730000000001,-0.2963601,9.910846800000002,-0.1046569369631225,1,0.30778466591341286,-1.4279710431997676,1,-2.4781389113261447
7.406,0.16019730000000001,-0.3008727,9.7327953,-0.10418928553826845,1,0.031176761656937613,-1.429537389868528,1,-2.4995702245741565
7.422,0.09878670000000002,-0.3008727,9.821085300000002,-0.10160067101026904,1,0.16178840799996305,-1.4311837095209163,1,-2.522455993369272
7.438,0.17510850000000003,-0.3622833,9.821085300000002,-0.09899871890780965,1,0.1626220064037119,-1.4327885046402609,1,-2.5453677710825615
7.453,0.17510850000000003,-0.3652263,9.788123700000002,-0.09726082902507471,1,0.11585932551565782,-1.4342604512497577,1,-2.5668706382517374
7.469,0.1631403,-0.3652263,9.854046900000002,-0.09396381524301312,1,0.20606336137884965,-1.4357902484039025,1,-2.589831043848967
7.485,0.1482291,-0.2784078,9.854046900000002,-0.09082206725105912,1,0.1963592494971243,-1.437268535463855,1,-2.6128155141199088
7.5,0.1482291,-0.2829204,9.845021700000002,-0.08797382522667618,1,0.18988280162553345,-1.438609504657438,1,-2.634384599420818
7.516,0.20954160000000002,-0.3547296,9.7552602,-0.08729859248729177,1,0.042202046211525755,-1.44001168399915,1,-2.657413568930071
7.531,0.11978010000000001,-0.3547296,9.8240283,-0.08500070707927776,1,0.15319236053427066,-1.441303928745899,1,-2.6790234360256586
7.547,0.1406754,-0.2889045,9.8240283,-0.08280467585009177,1,0.1372519518241243,-1.442646371809334,1,-2.7020950384301003
7.563,0.1406754,-0.2963601,9.7911648,-0.08145789341438103,1,0.08417390223192094,-1.4439604723634498,1,-2.7251878931834828
7.578,0.1586277,-0.2963601,9.845021700000002,-0.07882445703835472,1,0.17556242506841402,-1.4451625899918454,1,-2.746856316151148
7.594,0.205029,-0.2814489,9.845021700000002,-0.07624502733579419,1,0.1612143564100331,-1.4464031458668387,1,-2.7699888420380177
7.61,0.205029,-0.30685680000000004,9.803133,-0.07473096256293132,1,0.09462904830392907,-1.4476109537860284,1,-2.7931409548352404
7.625,0.17069399999999998,-0.30685680000000004,9.8495343,-0.07213884643899071,2,0.17280774159604456,-1.448712477353543,1,-2.8148633805687866
7.641,0.1437165,-0.3053853,9.8495343,-0.06962156295602462,2,0.15733021768538066,-1.449846560628703,1,-2.8380518528726446
7.656,0.1437165,-0.318825,9.7656588,-0.06919974046919464,2,0.028121499121999356,-1.4508877204043922,1,-2.859807359980392
7.688,0.1257642,-0.30685680000000004,9.8076456,-0.06778010863802386,2,0.0443634947240867,-1.4530793979901078,1,-2.906270833874704
7.703,0.16019730000000001,-0.30685680000000004,9.8495343,-0.06536182324223994,2,0.16121902638558894,-1.4540779624792097,1,-2.928074514078225
7.719,0.1437165,-0.3039138,9.8495343,-0.06301094245719163,2,0.14693004906551885,-1.4551049446048052,1,-2.951347977334897
7.735,0.1437165,-0.2499588,9.975298500000001,-0.05768825979702363,2,0.33266766626049965,-1.456070538222839,1,-2.9746373811975184
7.75,0.19011780000000003,-0.290376,9.961760700000001,-0.05277977617982543,2,0.3272322411465537,-1.4568990484926654,1,-2.9964846530978844
7.766,0.19011780000000003,-0.33530580000000004,10.047107700000002,-0.045876529931485166,2,0.4314528905212663,-1.4576882989415558,1,-3.019801351877358
7.781,0.1930608,-0.33530580000000004,10.0755567,-0.03844692221095691,2,0.4953071813685608,-1.4583207248326242,1,-3.041671419555664
7.797,0.1915893,-0.3278502,10.0755567,-0.03120518902419711,2,0.45260832417248725,-1.4588779417225055,1,-3.0650090088881052
7.813,0.1915893,-0.3262806,10.0576044,-0.024578877312400493,2,0.4141444819872882,-1.4593242142531984,1,-3.088354626135911
7.828,0.1482291,-0.2784078,10.0425951,-0.01853301806308849,2,0.40305728328745155,-1.4596475534685145,1,-3.1102469143938247
7.844,0.11978010000000001,-0.2784078,10.024642799999999,-0.013081534605875689,2,0.34071771607579987,-1.459900469889866,1,-3.1336032985806916
7.86,0.1661814,-0.3622833,10.024642799999999,-0.007681549646340713,2,0.3374990599709357,-1.460066574563884,1,-3.1569630349363216
7.891,0.1661814,-0.3248091,10.047107700000002,-0.0018970093508503538,2,0.18659807404807793,-1.4602150422283404,1,-3.2022273999966004
7.906,0.1661814,-0.3248091,10.1638467,0.006591883265830489,2,0.5659261744454016,-1.4601798306739782,1,-3.2241303615433674
7.922,0.17667810000000003,-0.3173535,10.1638467,0.014872304232930844,2,0.5175263104437717,-1.460008117173988,1,-3.2474918651261513
7.938,0.17667810000000003,-0.2664396,10.223785800000002,0.024376331299077236,2,0.594001691634149,-1.459694128089732,1,-3.270849483088261
7.953,0.1856052,-0.2664396,10.1399103,0.03160770430546833,2,0.48209153375938807,-1.4592742478226979,1,-3.292741745907605
7.969,0.10477080000000001,-0.30685680000000004,10.1399103,0.038662340135331874,2,0.440914739366471,-1.4587120874671715,1,-3.316085636589924
7.985,0.10477080000000001,-0.32333760000000006,10.282155300000001,0.04902486593303834,2,0.6476578623566537,-1.4580105898186246,1,-3.3394194180082106
8.0,0.11978010000000001,-0.3307932,10.2087765,0.057355750744401135,2,0.5553923207575314,-1.4572127351935438,1,-3.3612835929458016
8.016,0.11526750000000001,-0.3307932,10.2252573,0.06588391161280605,3,0.5330100542753065,-1.4562268178946862,1,-3.3845911093705077
8.031,0.2290635,-0.2994012,10.2252573,0.07422719178163817,3,0.5562186779221204,-1.4551759846192278,1,-3.4064266303893627
8.047,0.2290635,-0.3039138,10.2341844,0.08258780571947177,3,0.5225383711145999,-1.453921464639219,1,-3.42969940998343
8.063,0.18413369999999998,-0.3039138,10.271658600000002,0.09163585096330351,3,0.565502827739483,-1.4525276753857568,1,-3.45295100310363
8.078,0.16019730000000001,-0.2634966,10.271658600000002,0.10042621854896616,3,0.5860245057108906,-1.451087209864415,1,-3.4747281147430042
8.094,0.16019730000000001,-0.33226469999999997,10.226728800000002,0.1079556618176305,3,0.47059020429152065,-1.4494201548214822,1,-3.4979321736604914
8.11,0.12272310000000002,-0.33226469999999997,10.3644612,0.11864616559720353,3,0.6681564862233141,-1.4476073402021636,1,-3.5211083936206804
8.125,0.17069399999999998,-0.3262806,10.3644612,0.12908784290038255,3,0.6961118202119083,-1.4457493351384316,1,-3.542808568685736
8.141,0.18109260000000002,-0.347274,10.295595000000002,0.13761731560199308,3,0.5330920438506577,-1.4436156938704126,1,-3.5659234889178064
8.156,0.18109260000000002,-0.3622833,10.412334,0.1487964744721264,3,0.7452772580088598,-1.4414675904448566,1,-3.5875616135501716
8.172,0.1302768,-0.3622833,10.3824135,0.15895518414738596,3,0.6349193547037218,-1.4390055771759005,1,-3.6106053988911375
8.188,0.18413369999999998,-0.3592422,10.3824135,0.1688834202118752,3,0.6205147540305761,-1.4363828683410265,1,-3.633608506455273
8.219,0.18266220000000002,-0.2798793,10.3629897,0.17803582462929768,3,0.29523885217493034,-1.4310056200459884,1,-3.67805302802527
8.235,0.16765290000000002,-0.2215098,10.3629897,0.18692439004349204,3,0.5555353383871471,-1.4280859383286062,1,-3.7009257604922667
8.25,0.16765290000000002,-0.23053500000000002,10.4318559,0.19727999303176347,3,0.6903735325514024,-1.4252044054555417,1,-3.7223254380706488
8.266,0.113796,-0.23053500000000002,10.3644612,0.2057220352930358,3,0.5276276413295196,-1.4219803892289433,1,-3.7451029164281247
8.281,0.113796,-0.290376,10.3644612,0.21399483782223427,3,0.5515201686132115,-1.4188325126805788,1,-3.766409013192447
8.297,0.10477080000000001,-0.2889045,10.469232,0.22461681618023732,3,0.66387364737519,-1.415323619448559,1,-3.78908226224948
8.313,0.10477080000000001,-0.2948886,10.475216099999999,0.23512967803084805,3,0.6570538656631703,-1.4116456474948702,1,-3.8116980163850274
8.328,0.1721655,-0.2948886,10.557522,0.2474142500097294,3,0.8189714652588214,-1.4080265680345663,1,-3.8328455580014964
8.36,0.1586277,-0.29783160000000003,10.605492900000002,0.2605654694983528,3,0.4109756090194812,-1.399898892522437,1,-3.8777723653704084
8.375,0.2080701,-0.29783160000000003,10.5530094,0.27213743291704695,3,0.7714642279129144,-1.3959036207543214,1,-3.898740884219985
8.391,0.1482291,-0.2948886,10.5530094,0.28340051289433,3,0.7039424985801894,-1.3914593171878304,1,-3.921039787723522
8.406,0.1482291,-0.2814489,10.611477,0.29580533191788305,3,0.826987934903506,-1.3871152733517387,1,-3.9418790971525697
8.422,0.1302768,-0.2814489,10.6009803,0.30764594321636274,3,0.7400382061549797,-1.3822876631506646,1,-3.964034320644589
8.438,0.1302768,-0.31284090000000003,10.6009803,0.319219210416513,3,0.723329200009392,-1.3772727419216015,1,-3.986110803885167
8.453,0.12272310000000002,-0.318825,10.707222600000001,0.333102296035344,3,0.9255390412554748,-1.372380330623213,1,-4.006733201929252
8.469,0.12272310000000002,-0.2948886,10.635413400000001,0.3448793864445516,3,0.7360681505754745,-1.3669564771633738,1,-4.028647896391544
8.485,0.1721655,-0.2948886,10.683286200000001,0.3575529714726944,3,0.7920990642589214,-1.3613370183000357,1,-4.050474244355252
8.5,0.23053500000000002,-0.290376,10.683286200000001,0.36994124839094233,3,0.8258851278831656,-1.3558808116510583,1,-4.070853378079886
8.531,0.23053500000000002,-0.3098979,10.6818147,0.3820048738332602,3,0.3891492078166982,-1.344225646756583,1,-4.112705028185205
8.547,0.20355750000000003,-0.3098979,10.596467700000002,0.3916805319022192,3,0.6047286293099358,-1.3380361635106992,1,-4.134163122667344
8.563,0.1482291,-0.2784078,10.596467700000002,0.40107650039826126,3,0.587248031002629,-1.3316941072522954,1,-4.155520964833448
8.578,0.1482291,-0.3262806,10.7206623,0.4133040232263223,3,0.8151681885374693,-1.3255862533251115,1,-4.175450567537776
8.594,0.13469129999999999,-0.3262806,10.665333900000002,0.42388022081267174,3,0.6610123491468384,-1.3188887793727995,1,-4.19660636779936
8.61,0.1122264,-0.2784078,10.665333900000002,0.43415903802642397,3,0.6424260758595141,-1.3120244653020867,1,-4.217653673756759
8.625,0.1631403,-0.2634966,10.732728600000002,0.4458370250897179,3,0.7785324708862322,-1.3054244948287155,1,-4.237284540957741
8.641,0.1631403,-0.2200383,10.663862400000001,0.45552720212034536,3,0.6056360644142161,-1.298213581011035,1,-4.258113645564459
8.656,0.1287072,-0.2200383,10.575474300000002,0.46281435820549177,3,0.4858104056764087,-1.291326019308591,1,-4.277535192566856
8.672,0.1571562,-0.2889045,10.575474300000002,0.46997355430037935,3,0.44744975593047315,-1.283863716008544,1,-4.298136710449393
8.688,0.1571562,-0.3008727,10.6189326,0.47802568658049616,3,0.5032582675073001,-1.276279722081497,1,-4.318617857954114
8.703,0.1870767,-0.3008727,10.599410700000002,0.4854173688722003,3,0.49277881944698443,-1.2690538991656024,1,-4.337707860113466
8.719,0.1287072,-0.3218661,10.599410700000002,0.4926226041106254,3,0.4503272024015677,-1.2612295793817399,1,-4.357950127941844
8.735,0.1287072,-0.3218661,10.630900800000001,0.500419743926031,3,0.48732123846284514,-1.2532852405974466,1,-4.378066246501678
8.75,0.1511721,-0.3218661,10.674261000000001,0.5090908953670805,3,0.5780767627366163,-1.245713910802748,1,-4.39680874013718
8.766,0.18413369999999998,-0.2529999,10.674261000000001,0.5175179688491518,3,0.5266920926294545,-1.237501039889018,1,-4.4166744597427146
8.781,0.1946304,-0.2858634,10.641397500000002,0.5249631393322787,3,0.496344698875106,-1.229682431577657,1,-4.435178335778716
8.797,0.1946304,-0.2260224,10.5650757,0.530330860998145,3,0.3354826041166434,-1.2212400795750138,1,-4.454785715867937
8.813,0.1661814,-0.2260224,10.6234452,0.5369789660919153,3,0.41550656836064587,-1.2127016009582934,1,-4.4742572493122035
8.844,0.2006145,-0.29783160000000003,10.620404100000002,0.5434484462214506,3,0.20869290740437252,-1.1959549760674368,1,-4.511591426256101
8.86,0.11821050000000001,-0.29783160000000003,10.5814584,0.548780520205991,3,0.33325462403377387,-1.1872171443360173,1,-4.530656803219329
8.875,0.1392039,-0.3218661,10.5814584,0.5540059254032688,3,0.3483603464851712,-1.1789462459939475,1,-4.5484030286468045
8.891,0.1392039,-0.2934171,10.6787736,0.5614561529164153,3,0.46563921957165594,-1.17002254936739,1,-4.567194779009696
8.906,0.08377740000000002,-0.2934171,10.6907418,0.5690023480358803,3,0.5030796746309865,-1.1615441106102473,1,-4.584681528959528
8.922,0.1466595,-0.2814489,10.6907418,0.5763731670810852,3,0.4606761903253039,-1.1523811064893117,1,-4.603192930696325
8.938,0.16912439999999998,-0.2769363,10.5949962,0.5812352518323252,3,0.30388029695249646,-1.1431202391380044,1,-4.6215569414613435
8.953,0.16912439999999998,-0.2994012,10.6608213,0.5875982950392054,3,0.4242028804587136,-1.1343539875364685,1,-4.638637998161401
8.969,0.19610190000000002,-0.2994012,10.687798800000001,0.5944750251317057,3,0.42979563078127075,-1.1248974009751012,1,-4.656712009269493
8.985,0.16912439999999998,-0.3278502,10.687798800000001,0.6011931437128712,3,0.4198824113228468,-1.1153320556243445,1,-4.674633844922289
9.0,0.16912439999999998,-0.3427614,10.654837200000001,0.6069553823103497,3,0.38414923983188454,-1.10627094167917,1,-4.691295867402066
9.016,0.1526436,-0.3427614,10.6009803,0.6112582476758668,3,0.2689290853448154,-1.0965252326392803,1,-4.708918236796613
9.031,0.1032993,-0.258984,10.6009803,0.6153836782930249,3,0.2750287078105288,-1.0873254181945131,1,-4.725297116677867
9.047,0.1032993,-0.261927,10.5919551,0.6191902024479621,3,0.23790775968357525,-1.0774488271485851,1,-4.742615310640612
9.063,0.1437165,-0.261927,10.656308700000002,0.6244843547602574,3,0.33088451951845926,-1.0674994306909193,1,-4.759774896703328
9.078,0.1437165,-0.24103170000000002,10.656308700000002,0.6296373587700312,3,0.343533600651615,-1.0580935178394428,1,-4.775716843817304
9.094,0.16765290000000002,-0.3248091,10.6459101,0.6344739546616598,3,0.30228724322678396,-1.0479806273319894,1,-4.792565436978675
9.125,0.16765290000000002,-0.3367773,10.608435900000002,0.6382882168170649,3,0.12304071469048626,-1.0282528136740687,1,-4.82474705531427
9.141,0.1526436,-0.3367773,10.663862400000001,0.6433549748336045,3,0.3166723760337217,-1.0179996681408634,1,-4.841117075168789
9.156,0.1721655,-0.34580249999999996,10.663862400000001,0.6483124408226075,3,0.33049773260019016,-1.0083121625234415,1,-4.856314413898772
9.172,0.1721655,-0.2843919,10.6189326,0.6520094460863355,3,0.23106282898299726,-0.9979095874281698,1,-4.872364187898385
9.188,0.16019730000000001,-0.2694807,10.6039233,0.6552363131563936,3,0.2016791918786341,-0.9874516213542279,1,-4.888247077568645
9.203,0.16019730000000001,-0.261927,10.6368849,0.6591834674053683,3,0.26314361659832963,-0.9775934730000155,1,-4.9029849157763
9.219,0.1466595,-0.261927,10.5740028,0.6614964930940577,3,0.14456410554308782,-0.9670280333160202,1,-4.918541887826828
9.235,0.173637,-0.2963601,10.5740028,0.6637852248679881,3,0.14304573587065036,-0.9564257795723238,1,-4.933929518329935
9.266,0.1870767,-0.3367773,10.6024518,0.6667466361918564,3,0.0955293975441366,-0.9358025357258958,1,-4.9632590572170585
9.281,0.1870767,-0.3173535,10.6578783,0.6709722676747614,3,0.2817087655269894,-0.9257696439468958,1,-4.977220848564605
9.297,0.18864630000000002,-0.3173535,10.560563100000001,0.6727234037657599,3,0.10944600568740794,-0.9150200785753716,1,-4.991947166344783
9.313,0.1930608,-0.3218661,10.560563100000001,0.6744371028118739,3,0.10710619038212234,-0.9042427945227505,1,-5.006501269329568
9.344,0.0973152,-0.2575125,10.6249167,0.6776029495054825,3,0.10212408689060531,-0.8832861737118323,1,-5.034207968337203
9.36,0.15568469999999998,-0.23200650000000003,10.6249167,0.6806941985573864,3,0.19320306574399632,-0.8724197965273293,1,-5.048253616099116
9.375,0.15568469999999998,-0.3173535,10.6249167,0.6837638424302686,3,0.20464292485879962,-0.8621863612199214,1,-5.061263162282221
9.391,0.15421320000000002,-0.3173535,10.675830600000001,0.6879992153512919,3,0.26471080756396126,-0.851212256757669,1,-5.074970351226042
9.406,0.1930608,-0.315882,10.635413400000001,0.6911604335630521,3,0.21074788078400442,-0.8408685593908111,1,-5.087660957347156
9.422,0.1497006,-0.3053853,10.635413400000001,0.6942200431816765,3,0.19122560116402437,-0.8297855155768532,1,-5.101026189946897
9.438,0.1497006,-0.2843919,10.5785154,0.6958037183383148,3,0.09897969728989145,-0.8186653254846933,1,-5.11421379667539
9.453,0.1571562,-0.2843919,10.5680187,0.6970955071956979,3,0.08611925715888193,-0.808218581293189,1,-5.126415425976223
9.469,0.1377324,-0.2484873,10.5680187,0.6983271126227386,3,0.076975339190044,-0.7970552003346415,1,-5.139257616229245
9.485,0.1377324,-0.3053853,10.506608100000001,0.698067966418364,3,-0.0161966377734135,-0.7858840397023127,1,-5.151921130149541
9.5,0.18266220000000002,-0.3053853,10.4257737,0.6958614083770147,3,-0.1471038694232799,-0.775429569391347,1,-5.163630982217744
9.516,0.20355750000000003,-0.30685680000000004,10.4257737,0.6937191560675977,3,-0.1338907693385626,-0.7643129248757901,1,-5.175948922171881
9.531,0.20355750000000003,-0.287433,10.463247899999999,0.6925291451120632,3,-0.07933406370229726,-0.7539160626169422,1,-5.187335639578077
9.547,0.16019730000000001,-0.287433,10.5500664,0.6934662720223272,3,0.058570431891502524,-0.742828099279867,1,-5.199309592873251
9.563,0.1586277,-0.30685680000000004,10.644340500000002,0.6966914481623263,3,0.20157350874994134,-0.7317068375183898,1,-5.211105872367638
9.578,0.1392039,-0.2694807,10.644340500000002,0.6998066686045181,3,0.20768136281280425,-0.7212331016426393,1,-5.222002921911344
9.594,0.1392039,-0.315882,10.583028,0.7013823758194757,3,0.09848170093484923,-0.7100235892872474,1,-5.233452975438784
9.61,0.15568469999999998,-0.315882,10.5216174,0.7014282623354813,3,0.0028679072503479093,-0.6988011041820077,1,-5.244723572986538
9.625,0.1362609,-0.31136939999999996,10.5216174,0.7014631816126826,3,0.0023279518134225506,-0.688279418352396,1,-5.2551266769055465
9.641,0.1362609,-0.33226469999999997,10.469232,0.7002358832522777,3,-0.07670614752530718,-0.6770658258334763,1,-5.266049438859033
9.656,0.17069399999999998,-0.33226469999999997,10.3914387,0.6971546413640244,3,-0.20541612588354666,-0.6665853968988537,1,-5.276126823029526
9.672,0.1482291,-0.2994012,10.3914387,0.6941158006641253,3,-0.1899275437436952,-0.6554552333626285,1,-5.286703148071618
9.688,0.1482291,-0.2784078,10.3210029,0.6894196991931967,3,-0.2935063419330361,-0.6443869493637698,1,-5.297101885533429
9.703,0.1511721,-0.2784078,10.3419963,0.6853509710234711,3,-0.2712485446483944,-0.6340761693371456,1,-5.306690358923685
9.719,0.17069399999999998,-0.2889045,10.440783000000001,0.6838040806011492,3,-0.09668065139512008,-0.6231229289241487,1,-5.316747951709775
9.75,0.1915893,-0.2769363,10.440783000000001,0.682295850726133,3,-0.048652576613424835,-0.6019483799885754,1,-5.335736556997923
9.766,0.1915893,-0.3202965,10.485712800000002,0.6819497891189865,3,-0.021628850446653282,-0.5910344148698145,1,-5.34528041935679
9.781,0.1482291,-0.3202965,10.380942000000001,0.6790411171214661,3,-0.19391146650135457,-0.5808269830730106,1,-5.354069379841362
9.797,0.1915893,-0.2994012,10.380942000000001,0.6762054850395458,3,-0.17722700512001738,-0.5699850102557225,1,-5.363275875787992
9.813,0.1915893,-0.2679111,10.3659327,0.6730521432694268,3,-0.19708386063244082,-0.5591909492292506,1,-5.372309283463872
9.828,0.17510850000000003,-0.2679111,10.1848401,0.6655538544517281,3,-0.4998859211799503,-0.5491514042463428,1,-5.380621851114939
9.844,0.1781496,-0.2814489,10.1848401,0.6582486368911997,3,-0.45657609753302314,-0.5385609843155994,1,-5.389323550223435
9.86,0.1781496,-0.29783160000000003,10.2013209,0.6515346903344277,3,-0.41962165979825233,-0.5280827176977944,1,-5.397856699839542
9.875,0.18266220000000002,-0.29783160000000003,10.2881394,0.6471027378917693,3,-0.29546349617721357,-0.5183429369860975,1,-5.4057048922496715
9.891,0.1526436,-0.33226469999999997,10.220744700000001,0.6411499309855149,3,-0.372050431640902,-0.5080369156350791,1,-5.413915931070641
9.906,0.1526436,-0.31284090000000003,10.1982798,0.6347797664652166,3,-0.4246776346865346,-0.4984674429041981,1,-5.421464713759686
9.922,0.16765290000000002,-0.31284090000000003,10.193767200000002,0.628460720340394,3,-0.39494038280141164,-0.488361519009753,1,-5.429359345454998
9.953,0.1392039,-0.29783160000000003,10.193767200000002,0.6222744003490028,3,-0.1995587093997234,-0.4689751246390681,1,-5.444198063431554
9.969,0.1392039,-0.3008727,10.088996400000001,0.6136871221622702,3,-0.5367048866707909,-0.45908743245897793,1,-5.451622563888339
9.985,0.1661814,-0.3008727,10.1054772,0.605720980615903,3,-0.49788384664795027,-0.44933216763675254,1,-5.458889920689105
10.0,0.1317483,-0.3008727,10.1054772,0.5979367620891622,3,-0.5189479017826948,-0.44030473456646424,1,-5.465562197455629
10.016,0.1631403,-0.3039138,10.0965501,0.590138178715268,3,-0.4874114608683917,-0.4308001350400288,1,-5.472531036412481
10.047,0.145188,-0.31284090000000003,10.062117,0.5816904287531219,3,-0.27250806329502825,-0.4126367916242684,1,-5.485604308775778
10.063,0.1661814,-0.3202965,10.062117,0.5734623565350105,3,-0.5142545136319616,-0.40339556934196336,1,-5.492132567663508
10.078,0.1661814,-0.3248091,10.047107700000002,0.565072655216321,3,-0.5593134212460148,-0.3948565567538291,1,-5.498119458609226
10.094,0.1586277,-0.3248091,10.056132900000001,0.5571045892731803,3,-0.49800412144629336,-0.3858791387979131,1,-5.50436534417364
10.11,0.1526436,-0.33530580000000004,10.056132900000001,0.549337006346569,3,-0.48547393291320473,-0.3770276060329551,1,-5.510468598132286
10.125,0.1526436,-0.3039138,9.957248100000001,0.5393241245474432,3,-0.6675254532750313,-0.3688626475512497,1,-5.516062775034168
10.141,0.1586277,-0.3039138,9.9932508,0.5304353358691962,3,-0.5555492923904333,-0.3603045718679166,1,-5.521896112789522
10.156,0.1631403,-0.2784078,9.9932508,0.521747002646066,3,-0.5792222148753267,-0.3524132043290518,1,-5.5272414961109995
10.172,0.1631403,-0.2948886,9.9707859,0.5127344915267553,3,-0.5632819449569165,-0.3441373523756692,1,-5.532813900564637
10.188,0.1990449,-0.2738952,9.9258561,0.5028478829872256,3,-0.6179130337206068,-0.33601269337955736,1,-5.538255100930679
10.203,0.1257642,-0.2738952,9.855518400000001,0.49145842480954904,3,-0.7592972118451651,-0.32855539607108214,1,-5.543239361601558
10.235,0.20208600000000002,-0.3008727,9.855518400000001,0.48039687848870116,3,-0.34567332252649596,-0.3130057112183101,1,-5.553504339318189
10.25,0.20208600000000002,-0.3098979,9.831582000000001,0.4690285394565912,3,-0.7578892688073037,-0.30588502058372014,1,-5.5581460198067045
10.266,0.15568469999999998,-0.3039138,9.839037600000001,0.45809407976635086,3,-0.6834037306400192,-0.29846803962993657,1,-5.562980844288414
10.281,0.15568469999999998,-0.2829204,9.833053500000002,0.4472651781123549,3,-0.7219267769330373,-0.291677845195846,1,-5.567406938424607
10.297,0.1497006,-0.2829204,9.9184005,0.4387786723981346,3,-0.5304066071387665,-0.28458949439176207,1,-5.572017077141308
10.313,0.19011780000000003,-0.3173535,9.9184005,0.43054142995302236,3,-0.5148276528195157,-0.2776349335729528,1,-5.576514872565026
10.344,0.19011780000000003,-0.2889045,9.7911648,0.41938250277220135,3,-0.35996539292972385,-0.26446111261571237,1,-5.58491736128095
10.36,0.205029,-0.33226469999999997,9.7612443,0.40780741426794265,3,-0.7234430315161682,-0.2578435932793912,1,-5.589095798928111
10.375,0.20355750000000003,-0.3023442,9.7612443,0.3964901898913631,3,-0.7544816251052754,-0.2518113612481962,1,-5.592918211087068
10.391,0.20355750000000003,-0.3307932,9.740250900000001,0.38495985352740014,3,-0.7206460227476834,-0.24555976090084608,1,-5.596897180064261
10.406,0.16019730000000001,-0.3307932,9.747706500000001,0.3738727267429809,3,-0.7391417856279223,-0.239868516548818,1,-5.600537892145133
10.422,0.0777933,-0.31136939999999996,9.747706500000001,0.36301590251341054,3,-0.6785515143481463,-0.23397340751476686,1,-5.604328627537642
10.438,0.0777933,-0.318825,9.7672284,0.35290562859040975,3,-0.6318921201875488,-0.2282460352659363,1,-5.6080263830798875
10.453,0.2006145,-0.318825,9.8584614,0.3453081704560237,3,-0.5064972089591114,-0.22300943177308846,1,-5.61141079908268
10.469,0.18864630000000002,-0.3083283,9.8584614,0.3378821195881141,3,-0.4641281792443493,-0.21754390945273536,1,-5.614935225812487
10.485,0.18864630000000002,-0.3008727,9.8824959,0.33121740540315514,3,-0.4165446365599342,-0.2121911132528052,1,-5.618373105994131
10.5,0.16765290000000002,-0.2918475,9.856989900000002,0.324077687189396,3,-0.4759812142505912,-0.2072764000583609,1,-5.6215191123439645
10.516,0.029920500000000003,-0.2918475,9.7013052,0.3132829784626754,3,-0.6746692954200378,-0.20217751473314433,1,-5.624794743662297
10.547,0.12272310000000002,-0.258984,9.7013052,0.3027466090725177,3,-0.33988288355346696,-0.19262905612634865,1,-5.630914245510619
10.563,0.12272310000000002,-0.3083283,9.7866522,0.2945828239358921,3,-0.5102365710391017,-0.18785042066228136,1,-5.633958081324928
10.578,0.2274939,-0.3083283,9.845021700000002,0.2880864102127614,3,-0.43309424820874826,-0.1834804014061668,1,-5.636743062490441
10.594,0.2274939,-0.29783160000000003,9.845021700000002,0.28174056992791563,3,-0.396615017802859,-0.1789217855650414,1,-5.639642279986211
10.61,0.2274939,-0.4176117,9.834525,0.27539983969442794,3,-0.3962956395929803,-0.17446466228806265,1,-5.642469371569036
10.625,0.1466595,-0.4176117,9.719257500000001,0.2663677724227682,3,-0.6021378181106256,-0.17040140519718353,1,-5.645055867075175
10.641,0.11673900000000001,-0.2948886,9.719257500000001,0.25743649000099467,3,-0.5582051513608461,-0.16621097109779343,1,-5.647748766085535
10.656,0.11673900000000001,-0.2634966,9.8689581,0.2523507146582933,3,-0.33905168951341264,-0.16238756706284863,1,-5.6502132551217406
10.672,0.23347800000000002,-0.1915893,9.8928945,0.24798260353804302,3,-0.27300694501564116,-0.15838490051727794,1,-5.652779434862381
10.688,0.1392039,-0.1915893,9.7612443,0.24046768901716042,3,-0.46968215755516196,-0.1544772981768363,1,-5.655282332451934
10.719,0.0823059,-0.40417200000000003,9.7941078,0.23407929832967334,3,-0.20607711895120434,-0.14712181987296066,1,-5.659957118781706
10.735,0.1406754,-0.40417200000000003,9.8584614,0.22943102665406911,3,-0.2905169797252635,-0.14341373727309073,1,-5.662281403238874
10.75,0.2350476,-0.3562992,9.8584614,0.22489495576480678,3,-0.3024047259508108,-0.14000629240494902,1,-5.66440705346146
10.766,0.2350476,-0.261927,9.7536906,0.21784366430512137,3,-0.4407057162303381,-0.1364643834443896,1,-5.666618818868255
10.781,0.23200650000000003,-0.261927,9.7417224,0.21067086139265534,3,-0.4781868608310502,-0.13325052450165614,1,-5.66864168067785
10.797,0.1362609,-0.2350476,9.7417224,0.20361217370135876,3,-0.4411679807060361,-0.12993626022090402,1,-5.670747174955631
10.813,0.1362609,-0.2679111,9.7627158,0.1972581230217081,3,-0.3971281674781665,-0.12672929784711948,1,-5.672800499420175
10.828,0.0718092,-0.2889045,9.8375661,0.1928816757405709,3,-0.29176315207583514,-0.1238032493564026,1,-5.674679493524201
10.844,0.16166880000000003,-0.2889045,9.8046045,0.1878344808043746,3,-0.3154496835122697,-0.12075752010404305,1,-5.676635979679885
10.86,0.1631403,-0.3503151,9.8046045,0.18295977524156903,3,-0.30466909767534717,-0.1177911660556755,1,-5.678544369169162
10.875,0.1631403,-0.2934171,9.898878600000002,0.18045647295661915,3,-0.16688681899665248,-0.11506554419418898,1,-5.680290794496036
10.891,0.18864630000000002,-0.2934171,9.871999200000001,0.17737008694382972,3,-0.19289912579933938,-0.11220293171498538,1,-5.6821089423033095
10.906,0.2006145,-0.3278502,9.871999200000001,0.17439113774707948,3,-0.19859661311667487,-0.10956472252980347,1,-5.683772199710146
10.922,0.2006145,-0.36071369999999997,9.945279900000001,0.17329856223282292,3,-0.06828596964103534,-0.10678320492996425,1,-5.685502983129823
10.953,0.1257642,-0.2724237,9.949792500000001,0.17224421155028047,3,-0.0340113123400803,-0.10142729193632635,1,-5.688730245831251
10.969,0.1257642,-0.2544714,10.0320984,0.17321063943766468,3,0.060401742961513294,-0.09866365312842279,1,-5.690330973391769
10.985,0.20208600000000002,-0.2918475,10.06506,0.175012146884729,3,0.11259421544151928,-0.09587787083784363,1,-5.691887305583499
11.0,0.20355750000000003,-0.2918475,9.979713000000002,0.17469011444524973,3,-0.021468829298616415,-0.09325510387786869,1,-5.6933058028938675
11.016,0.18413369999999998,-0.3278502,9.979713000000002,0.17439398578058096,3,-0.018508041541798175,-0.09046243107606204,1,-5.694775543173499
11.031,0.18413369999999998,-0.3143124,9.978241500000001,0.17405859737023732,3,-0.022359227356241816,-0.0878490367024308,1,-5.696112879181838
11.047,0.16912439999999998,-0.3143124,10.048579199999999,0.17543937808795462,3,0.08629879485733119,-0.08505305289876526,1,-5.697496095898647
11.063,0.10477080000000001,-0.2918475,10.048579199999999,0.17674858461181664,3,0.08182540774137596,-0.0822355491971671,1,-5.698834404715415
11.078,0.10477080000000001,-0.2798793,10.0516203,0.17809169925925872,3,0.08954097649614579,-0.07957424706813425,1,-5.7000479781874045
11.11,0.1482291,-0.2798793,9.9693144,0.17740893133742475,3,-0.021336497557311578,-0.0738862369785873,1,-5.702503345932152
11.125,0.2529999,-0.3008727,9.9693144,0.17680911034612734,3,-0.03998806608649223,-0.07122960166596057,1,-5.703591714721987
11.141,0.2529999,-0.347274,9.9124164,0.1748742156679839,3,-0.12093091738396555,-0.06841613505784767,1,-5.704708880615777
11.156,0.16019730000000001,-0.3202965,9.7941078,0.17003356413813364,3,-0.3227101019900043,-0.0658293267093017,1,-5.705715721579031
11.172,0.0898596,-0.3202965,9.7627158,0.1645238748491611,3,-0.3443555805607842,-0.06315286719740333,1,-5.706747579130284
11.188,0.1631403,-0.2649681,9.7627158,0.159131287177404,3,-0.3370367294848184,-0.06056362590119081,1,-5.707737311075073
11.203,0.1631403,-0.32932170000000005,9.740250900000001,0.15337043478601586,3,-0.38405682609257275,-0.05821986298646535,1,-5.708628187241731
11.219,0.1526436,-0.32932170000000005,9.731225700000001,0.14752596980461696,3,-0.36527906133743093,-0.05581269174974029,1,-5.70954044767962
11.235,0.17510850000000003,-0.2858634,9.731225700000001,0.14179979151503197,3,-0.35788614309906175,-0.0534980856591831,1,-5.710414933898892
11.25,0.17510850000000003,-0.2784078,9.771642900000002,0.13719323214356827,3,-0.3071039580975686,-0.05140563798174352,1,-5.711201711826199
11.266,0.1032993,-0.2784078,9.8151012,0.13373356174695772,3,-0.21622939978815905,-0.049238223630619304,1,-5.712006862719098
11.281,0.2065986,-0.258984,9.771642900000002,0.1293257126708145,3,-0.29385660507620365,-0.04726527907248594,1,-5.712730638989371
11.313,0.1526436,-0.3053853,9.836094600000001,0.12660489960152432,3,-0.08502540841531785,-0.04317038927612852,1,-5.714177609682949
11.328,0.1002582,-0.3053853,9.827069400000001,0.12371402209907068,3,-0.19272516683025873,-0.04129299736337421,1,-5.714811085082745
11.344,0.1796211,-0.3951468000000001,9.827069400000001,0.12099917202341004,3,-0.16967812972878957,-0.039335291810394364,1,-5.7154561113961355
11.36,0.1796211,-0.37268190000000007,9.800091900000002,0.11767174803087244,3,-0.20796399953360004,-0.0374259244499601,1,-5.716070201126218
11.375,0.173637,-0.37268190000000007,9.806076000000001,0.11456867795567582,3,-0.20687133834643298,-0.03568412125506092,1,-5.716618526469006
11.391,0.173637,-0.2738952,9.806076000000001,0.11146191448859533,3,-0.19417271669253094,-0.033875876515506755,1,-5.71717500645117
11.406,0.173637,-0.2814489,9.862974000000001,0.10982311189265737,3,-0.10925350639585989,-0.0322162388176473,1,-5.717670697316169
11.422,0.1377324,-0.2814489,9.7941078,0.10653165394002073,3,-0.20571612203978942,-0.030485400690985875,1,-5.718172310432238
11.438,0.1377324,-0.318825,9.7941078,0.10334839556430708,3,-0.1989536484821029,-0.028806360294951254,1,-5.718646644520126
11.453,0.1002582,-0.3023442,9.827069400000001,0.10102245755927264,3,-0.15506253366897546,-0.027273578896524528,1,-5.719067244064062
11.469,0.1002582,-0.344331,9.8076456,0.09831348892532255,3,-0.16931053962188067,-0.025678891324647766,1,-5.719490863825832
11.485,0.2065986,-0.344331,9.862974000000001,0.09705948670774234,3,-0.07837513859876293,-0.024115907519583247,1,-5.719889222216586
11.5,0.19610190000000002,-0.2664396,9.862974000000001,0.09577206506586933,3,-0.08582810945819741,-0.022669670881281103,1,-5.720240114054592
11.516,0.19610190000000002,-0.29783160000000003,9.7821396,0.09256765994123306,3,-0.20027532028976652,-0.021162953081224282,1,-5.720590775046292
11.531,0.145188,-0.29783160000000003,9.836094600000001,0.09073498725954465,3,-0.12217817877922255,-0.019788183227218398,1,-5.720897908568605
11.547,0.09878670000000002,-0.2948886,9.836094600000001,0.08893082397313101,3,-0.11276020540085242,-0.01835085673735699,1,-5.721203020888321
11.563,0.09878670000000002,-0.33530580000000004,9.759674700000001,0.08533951133673767,3,-0.22445703977458356,-0.01695669405487804,1,-5.72148548129466
11.578,0.1437165,-0.33530580000000004,9.9048627,0.08538813277054302,3,0.003241428920357024,-0.01567623672407354,1,-5.721730228275502
11.594,0.2784078,-0.30685680000000004,9.9048627,0.08548304149313779,3,0.0059317951621728985,-0.014309267329964091,1,-5.721970112307934
11.61,0.2575125,-0.2798793,9.855518400000001,0.08433975711532149,3,-0.07145527361351871,-0.012950684941096417,1,-5.722188191926103
11.641,0.1212516,-0.2994012,9.839037600000001,0.08277276561354796,3,-0.05054811296043547,-0.010360440838798892,1,-5.722549514375691
11.656,0.0449298,-0.3083283,9.839037600000001,0.08123500206904488,3,-0.10251756963353471,-0.009130382581179399,1,-5.722695695551341
11.672,0.0449298,-0.290376,9.7851807,0.07840843502344796,3,-0.17666044034980716,-0.007853235084439456,1,-5.722831564492666
11.688,0.1362609,-0.290376,9.834525,0.07687429907534238,3,-0.09588349675659905,-0.006610973211649131,1,-5.722947278159035
11.703,0.2649681,-0.32333760000000006,9.834525,0.07546663831536904,3,-0.09384405066489684,-0.005468416181218887,1,-5.723037873579481
11.719,0.2649681,-0.1946304,9.783611100000002,0.07276959739305688,3,-0.16856505764450955,-0.004282526295551479,1,-5.723115881119296
11.735,0.261927,-0.1946304,9.818044200000001,0.07097570836087108,0,-0.11211806451161256,-0.0026325638495200555,1,-5.723171201840456
11.75,0.0254079,-0.318825,9.818044200000001,0.06922036884190774,0,-0.11702263459755151,-0.001081093270499176,1,-5.723199054268856
11.766,0.0793629,-0.3817071,9.806076000000001,0.06727786243543221,0,-0.12140665040472054,0.0,1,-5.72320770301502
11.781,0.0793629,-0.3367773,9.856989900000002,0.06658365065112726,0,-0.04628078562032854,0.0005148539278687788,1,-5.723203841610561
11.797,0.1930608,-0.3367773,9.8046045,0.06466796770332195,0,-0.11973018423783166,0.0010648668747043734,1,-5.72319120384414
11.813,0.23347800000000002,-0.24544620000000003,9.8046045,0.06275434227594978,0,-0.11960158921076036,0.001584245354538548,1,-5.723170010946306
11.844,0.23347800000000002,-0.2889045,9.7866522,0.06047870902786734,0,-0.07340752413169452,0.00299435764974764,1,-5.723099042599739
11.86,0.21258269999999999,-0.2889045,9.8704296,0.06028896459533506,0,-0.011859027033267456,0.0034604990387332606,1,-5.723047403746231
11.875,0.10928340000000002,-0.3817071,9.8704296,0.060139634550099075,0,-0.00995533634906527,0.0038637135323240494,1,-5.722992472151948
11.891,0.10928340000000002,-0.3098979,9.7971489,0.058146290970325865,0,-0.12458397373582553,0.00431000093648745,1,-5.722927082436198
11.906,0.1122264,-0.3098979,9.8120601,0.05656585902101341,0,-0.1053621299541597,0.004670342061422528,1,-5.722859729863713
11.922,0.18864630000000002,-0.287433,9.8120601,0.05503586603958155,0,-0.09562456133949118,0.005063155861907288,1,-5.722781861880327
11.938,0.1990449,-0.2814489,9.8495343,0.05445741248074043,0,-0.03615334742756989,0.005439102090069864,1,-5.722697843816711
11.953,0.1990449,-0.2559429,9.774684,0.052051485295454114,0,-0.16039514568576732,0.005737918823391256,1,-5.72261401615986
11.969,0.20954160000000002,-0.2559429,9.8076456,0.050513070157068185,0,-0.09615094614912048,0.006058435267011435,1,-5.722519645327137
11.985,0.1392039,-0.33981839999999996,9.8076456,0.04904378991514058,0,-0.09183001512047531,0.006354890147589106,1,-5.72242033872382
12.0,0.1392039,-0.31284090000000003,9.834525,0.04824366390883306,0,-0.05334173375383279,0.006584546051268937,1,-5.722323292952328
12.016,0.1856052,-0.31284090000000003,9.8824959,0.04865095664414909,0,0.02545579595725209,0.0068597030156927925,1,-5.722215738959793
12.031,0.1781496,-0.3143124,9.8824959,0.04904610905595774,0,0.026343494120575833,0.0070924310084436205,1,-5.722111097954612
12.047,0.1781496,-0.258984,9.777627,0.04683603294447991,0,-0.1381297569673644,0.007359488144447122,1,-5.72199548260139
12.063,0.1990449,-0.258984,9.831582000000001,0.04600493208126899,0,-0.051943803950682495,0.0076022158646531154,1,-5.721875788969317
12.078,0.1721655,-0.3592422,9.831582000000001,0.04525856406123374,0,-0.049757868002353906,0.00778669208572183,1,-5.7217603721596895
12.11,0.0703377,-0.2934171,9.771642900000002,0.042985297858907145,0,-0.07103956882270605,0.008698593876444085,1,-5.721496607584295
12.125,0.1392039,-0.2934171,9.862974000000001,0.043011847052834895,0,0.0017699462618499043,0.008843572463282174,1,-5.721365041336747
12.141,0.22455090000000003,-0.3053853,9.862974000000001,0.04308496585411348,0,0.004569925079911381,0.00903234696653776,1,-5.7212220339813085
12.156,0.22455090000000003,-0.2499588,9.777627,0.04103785061342968,0,-0.13647434937891445,0.00916326809004436,1,-5.721085566868384
12.172,0.2230794,-0.2499588,9.7971489,0.039515709139207544,0,-0.09513384213888357,0.009307696568065457,1,-5.720937799151119
12.188,0.1272357,-0.32333760000000006,9.7971489,0.038041257561316044,0,-0.09215322361821868,0.009428152301669646,1,-5.720787912360161
12.203,0.1272357,-0.3218661,9.8076456,0.036857444798384265,0,-0.078920850862125,0.009489892569367352,1,-5.720646027023628
12.219,0.020993400000000002,-0.3218661,9.7342668,0.03389418266203137,0,-0.1852038835220558,0.009555905589050676,1,-5.720493660638361
12.235,0.1631403,-0.3143124,9.7342668,0.03102994959048999,0,-0.17901456697133594,0.009575298647070848,1,-5.720340611004472
12.25,0.2814489,-0.33530580000000004,9.9093753,0.03258519042611496,0,0.10368272237499417,0.009552412197195402,1,-5.72019715317314
12.266,0.2814489,-0.2738952,9.7806681,0.030919792917899258,0,-0.10408734426348144,0.009560452063947514,1,-5.7200442502590505
12.281,0.2215098,-0.2738952,9.8689581,0.031409485058313535,0,0.03264614269428392,0.009527921648769127,1,-5.719901087456205
12.297,0.08829,-0.33824879999999996,9.8689581,0.03188491454984366,0,0.029714343220632572,0.009534276845634383,1,-5.719748589868249
12.313,0.08829,-0.2484873,9.7866522,0.03027696150189385,0,-0.1004970654968628,0.009531571854048283,1,-5.719596063078652
12.328,0.0449298,-0.2484873,9.898878600000002,0.031437360207748455,0,0.07735991372364649,0.009494429266870563,1,-5.719453368070245
12.344,0.20355750000000003,-0.33824879999999996,9.898878600000002,0.032682836843966,0,0.07784228976359657,0.009507390843284273,1,-5.719301353509364
12.36,0.20355750000000003,-0.2709522,9.740250900000001,0.029980797550077654,0,-0.16887745586802158,0.00950869991843662,1,-5.71914922478327
12.375,0.23053500000000002,-0.2709522,9.8405091,0.02980302367959986,0,-0.01185159136518576,0.00945707857765922,1,-5.719006981444549
12.391,0.1990449,-0.3278502,9.8405091,0.02965502644736695,0,-0.00924982701455689,0.009432742978674954,1,-5.718855862872099
12.422,0.0389457,-0.2829204,9.7941078,0.028298199260625267,0,-0.04376861892715023,0.009831017977148852,1,-5.718557274577283
12.438,0.0389457,-0.3039138,9.8196138,0.027611592356144854,0,-0.04291293153002581,0.009778296310083014,1,-5.718400400062985
12.453,0.10928340000000002,-0.3039138,9.901919700000002,0.02896105872394017,0,0.08996442451969495,0.009702591193183618,1,-5.71825429340671
12.469,0.24544620000000003,-0.3487455,9.901919700000002,0.030373064892886603,0,0.08825038555915202,0.009677264182118228,1,-5.718099254563708
12.485,0.24544620000000003,-0.2634966,9.7851807,0.028841013191046372,0,-0.09575323136501437,0.009650976806789696,1,-5.717944628635797
12.5,0.2694807,-0.2634966,9.8704296,0.029439455837938056,0,0.039896176459444065,0.009588080324507094,1,-5.717800335707312
12.516,0.1212516,-0.2738952,9.8704296,0.029958686210591168,0,0.032451898290819486,0.00956326546089533,1,-5.717647124941029
12.531,0.1212516,-0.3202965,9.871999200000001,0.030537559130095815,0,0.038591527966975014,0.009516987300950498,1,-5.717504023045315
12.547,0.0973152,-0.3202965,9.9288972,0.03248281764148686,0,0.12157865696194026,0.009521150315123156,1,-5.7173517179443865
12.563,0.1107549,-0.37268190000000007,9.8165727,0.03169112112875361,0,-0.04948103204582828,0.009534541825285084,1,-5.717199272407263
12.578,0.2230794,-0.36071369999999997,9.8165727,0.03095438295174624,0,-0.049115878467161804,0.009504383105888796,1,-5.717056480470279
12.594,0.2230794,-0.2065986,9.8105886,0.029981191033183308,0,-0.06082449491018321,0.009491867697768233,1,-5.716904510463849
12.61,0.19610190000000002,-0.2065986,9.7956774,0.02865415040050756,0,-0.0829400395422341,0.00946095042923776,1,-5.716752887918833
12.625,0.11673900000000001,-0.35777070000000005,9.7627158,0.026631391777751645,0,-0.1348505748503893,0.009375591995574716,1,-5.716611613850647
12.641,0.1062423,-0.35777070000000005,9.874942200000001,0.02739030119723651,0,0.047431838717804056,0.009307765539374624,1,-5.716462146990367
12.672,0.2140542,-0.33530580000000004,9.874942200000001,0.02815409988161477,0,0.024638667238007877,0.009668703756096832,1,-5.716168011716287
12.688,0.2140542,-0.2664396,9.771642900000002,0.02633015734668298,0,-0.11399640843323668,0.009604577813923217,1,-5.716013825463727
12.703,0.23200650000000003,-0.2664396,9.743193900000001,0.02386726508789394,0,-0.1641928172526159,0.00948105848218251,1,-5.715870683191506
12.719,0.1571562,-0.22455090000000003,9.877983300000002,0.024688538022816786,0,0.05132955843267779,0.009369504907068192,1,-5.715719878684392
12.735,0.08377740000000002,-0.3532581,9.877983300000002,0.025559729422258926,0,0.054449462465133665,0.009271491046628798,1,-5.715570750716762
12.75,0.08377740000000002,-0.33530580000000004,9.8644455,0.026064433046926183,0,0.033646908311149235,0.009158672265147702,1,-5.7154325244919235
12.766,0.1511721,-0.33530580000000004,9.8524773,0.02628468519983862,0,0.01376575955702729,0.009077465211121821,1,-5.715286635392113
12.781,0.24544620000000003,-0.2963601,9.8524773,0.026515385115587264,0,0.015379994383242382,0.008973465738487528,1,-5.715151253409991
12.797,0.24544620000000003,-0.3039138,9.7417224,0.02404687224908031,0,-0.15428205415668458,0.008877963797404867,1,-5.715008441973704
12.813,0.1781496,-0.3039138,9.8584614,0.024448362047152727,0,0.02509311237952614,0.008765925671774734,1,-5.71486729085795
12.828,0.15421320000000002,-0.37425150000000007,9.8584614,0.02488918845082644,0,0.02938842691158309,0.008635957300509547,1,-5.714736776735658
12.844,0.15421320000000002,-0.31284090000000003,9.877983300000002,0.025742952264847574,0,0.05336023837632093,0.008541014426234943,1,-5.714599360961844
12.86,0.18413369999999998,-0.31284090000000003,9.806076000000001,0.024835737868349028,0,-0.05670089978115906,0.008445643947300518,1,-5.714463467694856
12.875,0.19610190000000002,-0.2559429,9.839037600000001,0.024719592787603162,0,-0.007743005383057465,0.008317308927220171,1,-5.714337745548296
12.891,0.16765290000000002,-0.2679111,9.839037600000001,0.02460122756395755,0,-0.007397826477850693,0.008211875490032654,1,-5.714205512072958
12.906,0.16765290000000002,-0.3083283,9.851005800000001,0.024806321764819117,0,0.013672946724103907,0.00808243210999849,1,-5.714083304765958
12.922,0.1870767,-0.3083283,9.8225568,0.024321525700800706,0,-0.030299754001150675,0.007975454889723448,1,-5.71395484166996
12.938,0.11673900000000001,-0.33530580000000004,9.8225568,0.02384358353638838,0,-0.02987138527577035,0.007860775763620959,1,-5.713828151824733
12.953,0.11673900000000001,-0.3307932,9.8046045,0.022935987516053302,0,-0.060506401355676705,0.007711622546514245,1,-5.713711358837407
12.969,0.1332198,-0.3307932,9.827069400000001,0.022603211727302508,0,-0.020798486796924625,0.0075759361404610925,1,-5.713589058367911
12.985,0.1287072,-0.33226469999999997,9.827069400000001,0.022278296599084868,0,-0.020307195513602477,0.007434988207072189,1,-5.713468970973131
13.016,0.1332198,-0.24397470000000002,9.8076456,0.02142610824940583,0,-0.027489946763839465,0.007612406482223805,1,-5.713235736355447
13.047,0.1511721,-0.3053853,9.8196138,0.02093470956429222,0,-0.01585157048753547,0.0077689991583361345,1,-5.712997324568018
13.063,0.1511721,-0.3053853,9.8375661,0.0208928942741462,0,-0.0026134556341261806,0.0076036199890436446,1,-5.712874343614839
13.078,0.1497006,-0.3053853,9.7926363,0.0197563588841998,0,-0.07576902599643294,0.0074084893877312125,1,-5.712761752794513
13.094,0.145188,-0.3532581,9.7926363,0.018685127882728025,0,-0.06695193759198576,0.007216021281866637,1,-5.712644756709157
13.11,0.145188,-0.3053853,9.8584614,0.01920532459815405,0,0.032512294714126505,0.007019144901713695,1,-5.712530875379688
13.125,0.16912439999999998,-0.3053853,9.8584614,0.019722134674497127,0,0.03445400508953717,0.0068111008462585915,1,-5.7124271485365785
13.156,0.1721655,-0.3202965,9.8584614,0.020239156144249648,0,0.016678111927500367,0.006930500853949174,1,-5.712214153710225
13.172,0.21101310000000004,-0.31284090000000003,9.8240283,0.01991691796758488,0,-0.02013988604154802,0.006751749446843848,1,-5.712104695707819
13.188,0.21101310000000004,-0.3008727,9.7986204,0.01897415735540875,0,-0.05892253826100807,0.006562878049427796,1,-5.711998178687849
13.203,0.1362609,-0.3008727,9.8165727,0.01845971576314831,0,-0.03429610615069873,0.006343632097816951,1,-5.711901379861745
13.219,0.17667810000000003,-0.32932170000000005,9.8165727,0.017995782226071455,0,-0.028995846067303408,0.0061352760817307075,1,-5.711801548596308
13.235,0.17667810000000003,-0.3307932,9.8076456,0.017326794692761993,0,-0.041811720831841336,0.005917856697081378,1,-5.711705123534077
13.25,0.1915893,-0.3307932,9.8151012,0.016862652940698553,0,-0.030942783470894863,0.005674277554332342,1,-5.711618182527192
13.266,0.21709530000000002,-0.2889045,9.8151012,0.0163905442697736,0,-0.029506791932809556,0.005440303132016121,1,-5.711529265881701
13.281,0.21709530000000002,-0.37268190000000007,9.827069400000001,0.016290386158875236,0,-0.0066772073932239405,0.005185410110230992,1,-5.711449573032384
13.297,0.15568469999999998,-0.37268190000000007,9.7911648,0.015289306892359633,0,-0.06256745415722514,0.00493804765464087,1,-5.711368585370265
13.313,0.1511721,-0.3053853,9.7911648,0.014254126853403548,0,-0.06469875243475526,0.004674395124606975,1,-5.711291685828032
13.328,0.1870767,-0.290376,9.854046900000002,0.014780944030752252,0,0.0351211451565831,0.004392158156238127,1,-5.711223686678426
