timestamps,acc_x,acc_y,acc_z,aAcc,aStages,aJerk,aVelocity,avStages,aHeight
0.046,0.23347800000000002,-0.34580249999999996,9.7941078,-0.01924405779597471,0,0.0,0.0,0,0.0
0.062,0.21258269999999999,-0.33530580000000004,9.833053500000002,-0.018315428902369035,0,0.05803930585035477,0.0,0,0.0
0.078,0.21258269999999999,-0.3562992,9.821085300000002,-0.01768310543876339,0,0.039520216475352754,-8.846416831580933e-05,0,-7.077133465264746e-07
0.093,0.2230794,-0.4101561,9.8405091,-0.016536108522842596,0,0.07646646106138633,0.0,0,-1.3711946088950445e-06
0.109,0.2230794,-0.4101561,9.8405091,-0.015417087141457841,0,0.06993883633654718,-0.0001007338383422578,0,-2.1770653156331067e-06
0.125,0.2350476,-0.4101561,9.800091900000002,-0.015303216959537735,0,0.007116886370006625,0.0,0,-2.9829360223711693e-06
0.14,0.20954160000000002,-0.37268190000000007,9.800091900000002,-0.01524268730287126,0,0.004035310444431651,-7.559055311829005e-05,0,-3.5498651707583454e-06
0.156,0.20954160000000002,-0.4176117,9.8016615,-0.015101255126136692,0,0.008839511045910527,0.0,0,-4.154589595704665e-06
0.171,0.2365191,-0.4116276,9.8151012,-0.014627070287957622,0,0.031612322545271326,-4.130453315606122e-05,0,-4.464373594375124e-06
0.187,0.2365191,-0.3487455,9.8105886,-0.014333759014551362,0,0.01833195458789129,0.0,0,-4.794809859623614e-06
0.203,0.2365191,-0.3487455,9.8225568,-0.013755962924385301,0,0.03611225563537875,0.0,0,-4.794809859623614e-06
0.218,0.2365191,-0.3487455,9.8225568,-0.01319225942178548,0,0.03758023350665481,-0.00019982061068390738,0,-6.293464439752918e-06
0.234,0.1870767,-0.3338343,9.8225568,-0.01268091127201565,0,0.03195925936061436,0.0,0,-7.892029325224178e-06
0.25,0.1870767,-0.3218661,9.862974000000001,-0.011206689919877277,0,0.09213883450864832,-9.790678576945995e-05,0,-8.675283611379857e-06
0.265,0.2754648,-0.3262806,9.843550200000001,-0.010187688722394839,0,0.06793341316549585,0.0,0,-9.409584504650807e-06
0.281,0.2918475,-0.3262806,9.839037600000001,-0.009291992574452124,0,0.05598100924641964,0.0,0,-9.409584504650807e-06
0.296,0.19011780000000003,-0.3817071,9.7536906,-0.010509928702536087,0,-0.08119574187226442,-6.271648553868824e-05,0,-9.879958146190967e-06
0.312,0.1856052,-0.3817071,9.818044200000001,-0.010132151241020182,0,0.02361109134474402,0.0,0,-1.0381690030500472e-05
0.328,0.2529999,-0.37425150000000007,9.818044200000001,-0.00973390169436783,0,0.02489059666577196,0.0,0,-1.0381690030500472e-05
0.343,0.2529999,-0.37425150000000007,9.818044200000001,-0.009345365551292062,0,0.025902409538384533,-2.9876052912692318e-05,0,-1.0605760427345666e-05
0.359,0.2529999,-0.3503151,9.8016615,-0.009387017651395269,0,-0.002603256256450421,0.0,0,-1.0844768850647204e-05
0.375,0.1930608,-0.3503151,9.7971489,-0.009570860951866322,0,-0.011490206279440852,0.0,0,-1.0844768850647204e-05
0.39,0.1511721,-0.4027005000000001,9.7971489,-0.009719094869252487,0,-0.009882261159077635,0.0,0,-1.0844768850647204e-05
0.406,0.1511721,-0.3876912,9.7821396,-0.010244216685403984,0,-0.032820113509468535,-0.00013577930845592653,0,-1.1931003318294617e-05
0.421,0.1721655,-0.3248091,9.7911648,-0.010583913772697073,0,-0.02264647248620602,0.0,0,-1.2949348131714063e-05
0.437,0.2350476,-0.3248091,9.833053500000002,-0.009862633005445431,0,0.04508004795322758,0.0,0,-1.2949348131714063e-05
0.453,0.2709522,-0.36375480000000004,9.833053500000002,-0.0091032069111332,0,0.04746413089451447,-0.00010728938044945319,0,-1.380766317530969e-05
0.468,0.2709522,-0.32932170000000005,9.834525,-0.008356014745389828,0,0.04981281104955803,0.0,0,-1.4612333528680589e-05
0.484,0.22455090000000003,-0.32932170000000005,9.8196138,-0.008018921502470633,0,0.02106832768244976,0.0,0,-1.4612333528680589e-05
0.5,0.24103170000000002,-0.3503151,9.8196138,-0.007662825088575076,0,0.022256025868472286,0.0,0,-1.4612333528680589e-05
0.515,0.24103170000000002,-0.34580249999999996,9.8151012,-0.007429273663587921,0,0.015570094999143658,-0.00010787774622584775,0,-1.542141662537445e-05
0.531,0.1915893,-0.34580249999999996,9.855518400000001,-0.006242982165129973,0,0.07414321865362165,0.0,0,-1.6284438595181233e-05
0.546,0.20355750000000003,-0.2934171,9.855518400000001,-0.0051211817495833145,0,0.07478669436977718,0.0,0,-1.6284438595181233e-05
0.562,0.20355750000000003,-0.3173535,9.8046045,-0.005249554707388526,0,-0.008023309862825727,0.0,0,-1.6284438595181233e-05
0.578,0.21552570000000001,-0.3907323,9.836094600000001,-0.00453673454426351,0,0.044551260195313795,0.0,0,-1.6284438595181233e-05
0.593,0.18109260000000002,-0.3907323,9.803133,-0.004661385008098762,0,-0.00831003092235012,-3.272912452764731e-05,0,-1.652990702913859e-05
0.625,0.1721655,-0.3817071,9.8091171,-0.004649758152453387,0,0.0003633392389179587,0.0,0,-1.7053573021580948e-05
0.64,0.24544620000000003,-0.3817071,9.7986204,-0.004856148916603686,0,-0.01375938427668661,0.0,0,-1.7053573021580948e-05
0.656,0.2679111,-0.4116276,9.7986204,-0.005013661237281752,0,-0.009844520042379115,0.0,0,-1.7053573021580948e-05
0.671,0.2679111,-0.3712104,9.8091171,-0.0049509257538780105,0,0.004182365560249457,0.0,0,-1.7053573021580948e-05
0.687,0.21856680000000003,-0.3712104,9.777627,-0.005686843038176903,0,-0.045994830268680745,0.0,0,-1.7053573021580948e-05
0.703,0.261927,-0.3218661,9.777627,-0.0064214650951548435,0,-0.04591387856112156,-8.866321718228529e-05,0,-1.7762878759039226e-05
0.718,0.261927,-0.3218661,9.777627,-0.007138169540986894,0,-0.047780296388803316,0.0,0,-1.8427852887906365e-05
0.734,0.2679111,-0.3262806,9.8464932,-0.0061517662853880495,0,0.06165020347492772,0.0,0,-1.8427852887906365e-05
0.75,0.2529999,-0.3262806,9.8928945,-0.004068283080792767,0,0.13021770028720503,0.0,0,-1.8427852887906365e-05
0.765,0.2934171,-0.33226469999999997,9.8928945,-0.0020035646058964574,0,0.13764789832642055,0.0,0,-1.8427852887906365e-05
0.781,0.2934171,-0.33226469999999997,9.8928945,1.0794881807996148e-05,0,0.12589746798152823,0.0,0,-1.8427852887906365e-05
0.796,0.2934171,-0.3307932,9.8165727,0.00011518582564740143,0,0.006959396255960346,0.0,0,-1.8427852887906365e-05
0.812,0.2484873,-0.3307932,9.8405091,0.0007701103806976306,0,0.04093278469063929,0.0,0,-1.8427852887906365e-05
0.828,0.205029,-0.3652263,9.8405091,0.001414332132592122,0,0.04026385949340596,0.0,0,-1.8427852887906365e-05
0.843,0.205029,-0.3532581,9.7986204,0.0010114011356510133,0,-0.02686206646274056,0.0,0,-1.8427852887906365e-05
0.859,0.1631403,-0.3532581,9.8495343,0.0018399491259657452,0,0.051784249394670696,0.0,0,-1.8427852887906365e-05
0.875,0.20355750000000003,-0.3652263,9.8495343,0.002677261397982633,0,0.05233201700105545,0.0,0,-1.8427852887906365e-05
0.89,0.20355750000000003,-0.40113090000000007,9.871999200000001,0.004075541931900517,0,0.09321870226119218,0.0,0,-1.8427852887906365e-05
0.906,0.18109260000000002,-0.34580249999999996,9.8495343,0.0048305521870943835,0,0.04718814094961661,0.0,0,-1.8427852887906365e-05
0.921,0.1631403,-0.34580249999999996,9.7372098,0.0028219657145989174,0,-0.13390576483303096,0.0,0,-1.8427852887906365e-05
0.937,0.2230794,-0.3817071,9.7372098,0.0009240213596388713,0,-0.11862152218500277,0.0,0,-1.8427852887906365e-05
0.953,0.2230794,-0.3532581,9.827069400000001,0.0012359080940118616,0,0.019492920898312012,0.0,0,-1.8427852887906365e-05
0.968,0.24544620000000003,-0.3532581,9.8151012,0.0012615526905808139,0,0.001709639771263481,0.0,0,-1.8427852887906365e-05
0.984,0.17069399999999998,-0.37572300000000003,9.8151012,0.00126828572254567,0,0.00042081449780351183,0.0,0,-1.8427852887906365e-05
1.0,0.17069399999999998,-0.3622833,9.8091171,0.0011167091590618128,0,-0.009473535217741072,0.0,0,-1.8427852887906365e-05
1.015,0.24103170000000002,-0.3622833,9.842078700000002,0.001807955293593011,0,0.046083075635413515,0.0,0,-1.8427852887906365e-05
1.031,0.24103170000000002,-0.35178660000000006,9.842078700000002,0.0024730632792433482,0,0.04156924910314604,0.0,0,-1.8427852887906365e-05
1.046,0.287433,-0.3427614,9.8240283,0.0027047450007398055,0,0.015445448099763691,0.0,0,-1.8427852887906365e-05
1.062,0.287433,-0.3562992,9.7582032,0.0013387731178333695,0,-0.08537324268165218,0.0,0,-1.8427852887906365e-05
1.078,0.1930608,-0.3562992,9.8091171,0.0011902423667429218,0,-0.00928317194315297,0.0,0,-1.8427852887906365e-05
1.093,0.21709530000000002,-0.36973890000000004,9.8091171,0.0010696993001388932,0,-0.008036204440268625,0.0,0,-1.8427852887906365e-05
1.109,0.21709530000000002,-0.36071369999999997,9.777627,0.00017656541816357674,0,-0.05582086762345723,0.0,0,-1.8427852887906365e-05
1.125,0.2514303,-0.36071369999999997,9.8076456,5.6684177730303986e-05,0,-0.00749257752707954,0.0,0,-1.8427852887906365e-05
1.14,0.2664396,-0.37572300000000003,9.8076456,-3.688861763251339e-05,0,-0.006238186357521199,0.0,0,-1.8427852887906365e-05
1.156,0.2664396,-0.33530580000000004,9.834525,0.0004910967502826935,0,0.0329990854947004,0.0,0,-1.8427852887906365e-05
1.171,0.1856052,-0.33530580000000004,9.752219100000001,-0.0010449942209103114,0,-0.10240606474619947,0.0,0,-1.8427852887906365e-05
1.187,0.1990449,-0.33981839999999996,9.752219100000001,-0.002533353435811847,0,-0.0930224509313459,0.0,0,-1.8427852887906365e-05
1.203,0.2065986,-0.34580249999999996,9.7672284,-0.0036106873681074347,0,-0.06733337076847418,0.0,0,-1.8427852887906365e-05
1.218,0.2065986,-0.33981839999999996,9.7986204,-0.0039018365838590086,0,-0.019409947716771715,0.0,0,-1.8427852887906365e-05
1.234,0.2394621,-0.33981839999999996,9.8196138,-0.003656080995225963,0,0.015359724289565321,0.0,0,-1.8427852887906365e-05
1.25,0.16912439999999998,-0.37268190000000007,9.8196138,-0.0034229253009012695,0,0.014572230895293347,0.0,0,-1.8427852887906365e-05
1.265,0.16912439999999998,-0.40113090000000007,9.8120601,-0.003352197511764743,0,0.0047151859424351345,0.0,0,-1.8427852887906365e-05
1.281,0.1796211,-0.40113090000000007,9.8136297,-0.0032404049718568473,0,0.00698703374424347,0.0,0,-1.8427852887906365e-05
1.296,0.21552570000000001,-0.3547296,9.8136297,-0.0031572680959524035,0,0.005542458393629537,0.0,0,-1.8427852887906365e-05
1.312,0.21552570000000001,-0.37866600000000006,9.7701714,-0.004113275266670158,0,-0.05975044816985958,0.0,0,-1.8427852887906365e-05
1.328,0.23053500000000002,-0.37866600000000006,9.848062800000001,-0.0031397639182699777,0,0.0608444592750112,0.0,0,-1.8427852887906365e-05
1.343,0.2215098,-0.3652263,9.848062800000001,-0.002207412271969744,0,0.06215677642001597,0.0,0,-1.8427852887906365e-05
1.359,0.2694807,-0.36826739999999997,9.7536906,-0.0035651741312161533,0,-0.0848601162029005,0.0,0,-1.8427852887906365e-05
1.375,0.2694807,-0.35178660000000006,9.854046900000002,-0.0024594236505404155,0,0.06910940504223356,-3.0106138358996365e-05,0,-1.8668701994778335e-05
1.39,0.2514303,-0.35178660000000006,9.7971489,-0.002778681933037319,0,-0.02128388549979372,0.0,0,-1.8894498032470806e-05
1.406,0.23053500000000002,-0.3547296,9.7971489,-0.0031000915186254474,0,-0.020088099099258,0.0,0,-1.8894498032470806e-05
1.421,0.23053500000000002,-0.3532581,9.8240283,-0.0027599674957894393,0,0.022674934855733683,0.0,0,-1.8894498032470806e-05
1.437,0.23053500000000002,-0.3532581,9.8240283,-0.0024281391808269603,0,0.02073926968515492,0.0,0,-1.8894498032470806e-05
1.453,0.2290635,-0.3532581,9.806076000000001,-0.0025427016844581374,0,-0.007160156476948559,0.0,0,-1.8894498032470806e-05
1.468,0.19757340000000004,-0.3487455,9.8225568,-0.0022734635506189704,0,0.017949208922611246,0.0,0,-1.8894498032470806e-05
1.484,0.19757340000000004,-0.3487455,9.8225568,-0.0020107922005312417,0,0.01641695938048303,0.0,0,-1.8894498032470806e-05
1.5,0.2350476,-0.3487455,9.877983300000002,-0.0003837816294236518,0,0.10168816069422427,0.0,0,-1.8894498032470806e-05
1.515,0.19011780000000003,-0.3367773,9.877983300000002,0.0011698612619142068,0,0.10357619275585792,0.0,0,-1.8894498032470806e-05
1.531,0.16912439999999998,-0.3831786,9.833053500000002,0.001622655887118185,0,0.02829966407524862,0.0,0,-1.8894498032470806e-05
1.546,0.16912439999999998,-0.3936753,9.8076456,0.00145539471831313,0,-0.011150744587003584,0.0,0,-1.8894498032470806e-05
1.562,0.1990449,-0.33981839999999996,9.855518400000001,0.00242351516329542,0,0.06050752781139307,0.0,0,-1.8894498032470806e-05
1.578,0.1990449,-0.36375480000000004,9.8151012,0.002403933848768247,0,-0.0012238321579483003,0.0,0,-1.8894498032470806e-05
1.593,0.1990449,-0.36375480000000004,9.8151012,0.0023848301272781924,0,-0.0012735814326703203,0.0,0,-1.8894498032470806e-05
1.609,0.2544714,-0.36375480000000004,9.7866522,0.001704227271346781,0,-0.04253767849571318,0.0,0,-1.8894498032470806e-05
1.625,0.258984,-0.3562992,9.7791966,0.000854766141262786,0,-0.053091320630249635,0.0,0,-1.8894498032470806e-05
1.64,0.22455090000000003,-0.3562992,9.8105886,0.0007702326024858763,0,-0.005635569251794018,0.0,0,-1.8894498032470806e-05
1.656,0.22455090000000003,-0.3562992,9.8105886,0.0006877608573372385,0,-0.005154484071789862,0.0,0,-1.8894498032470806e-05
1.671,0.21101310000000004,-0.39220380000000005,9.8105886,0.0006333522105617106,0,-0.003627243118368491,0.0,0,-1.8894498032470806e-05
1.687,0.24544620000000003,-0.3652263,9.7791966,-0.00019047306257213847,0,-0.05148907957086552,0.0,0,-1.8894498032470806e-05
1.703,0.24544620000000003,-0.3936753,9.803133,-0.0003841496296459468,0,-0.01210478544211301,0.0,0,-1.8894498032470806e-05
1.718,0.2394621,-0.3936753,9.830012400000001,7.816593042697662e-05,0,0.030821037338195096,0.0,0,-1.8894498032470806e-05
1.734,0.19757340000000004,-0.37425150000000007,9.830012400000001,0.00048803081166148843,0,0.025616555077156964,0.0,0,-1.8894498032470806e-05
1.75,0.19757340000000004,-0.3771945,9.7686999,-0.0006033770115809745,0,-0.06821298895265387,0.0,0,-1.8894498032470806e-05
1.765,0.173637,-0.3771945,9.7866522,-0.00124178068404035,0,-0.042560244830625316,0.0,0,-1.8894498032470806e-05
1.781,0.21709530000000002,-0.37866600000000006,9.7866522,-0.0018420894593482728,0,-0.03751929845674514,0.0,0,-1.8894498032470806e-05
1.796,0.21709530000000002,-0.3562992,9.839037600000001,-0.0011716821488931828,0,0.044693820697005636,0.0,0,-1.8894498032470806e-05
1.812,0.18266220000000002,-0.3562992,9.8136297,-0.0011538636570858074,0,0.0011136557379609602,0.0,0,-1.8894498032470806e-05
1.828,0.19757340000000004,-0.37572300000000003,9.8584614,-1.934762304856008e-05,0,0.07090725212732789,0.0,0,-1.8894498032470806e-05
1.843,0.24701580000000004,-0.3831786,9.8584614,0.0011216540010678955,0,0.07606677494109754,0.0,0,-1.8894498032470806e-05
1.859,0.24701580000000004,-0.347274,9.833053500000002,0.0015832907293624743,0,0.02885229551841115,0.0,0,-1.8894498032470806e-05
1.875,0.2006145,-0.347274,9.8105886,0.001460462543724006,0,-0.007676761602404263,0.0,0,-1.8894498032470806e-05
1.906,0.20954160000000002,-0.36826739999999997,9.8704296,0.002822019382227481,0,0.04392118833882189,0.0,0,-1.8894498032470806e-05
1.921,0.21101310000000004,-0.36826739999999997,9.8196138,0.0029128718651545427,0,0.006056832195137405,0.0,0,-1.8894498032470806e-05
1.937,0.2858634,-0.33824879999999996,9.8196138,0.0030213382813020218,0,0.006779151009217437,0.0,0,-1.8894498032470806e-05
1.953,0.2858634,-0.3622833,9.8464932,0.0038029213764421144,0,0.048848943446255746,0.0,0,-1.8894498032470806e-05
1.968,0.2140542,-0.3622833,9.827069400000001,0.0040477063768058485,0,0.01631900002424905,0.0,0,-1.8894498032470806e-05
1.984,0.19757340000000004,-0.36071369999999997,9.7986204,0.0035834334297408788,0,-0.029017059191560588,0.0,0,-1.8894498032470806e-05
2.0,0.21856680000000003,-0.3547296,9.7986204,0.0031360237471140806,0,-0.02796310516417486,0.0,0,-1.8894498032470806e-05
2.015,0.21856680000000003,-0.34128990000000003,9.821085300000002,0.003235351991046187,0,0.006621882928807036,0.0,0,-1.8894498032470806e-05
2.031,0.21856680000000003,-0.34128990000000003,9.821085300000002,0.003332257594880872,0,0.0060566002396678035,0.0,0,-1.8894498032470806e-05
2.046,0.21101310000000004,-0.315882,9.777627,0.002342893547774949,0,-0.06595760314039627,0.0,0,-1.8894498032470806e-05
2.062,0.21101310000000004,-0.3503151,9.874942200000001,0.0037777363914646145,0,0.089677677730604,0.0,0,-1.8894498032470806e-05
2.078,0.18864630000000002,-0.3503151,9.854046900000002,0.004657325463194084,0,0.054974316983091805,2.2525522788032284e-05,0,-1.8714293850166548e-05
2.093,0.18864630000000002,-0.3503151,9.854046900000002,0.005515461142929112,0,0.05720904531566807,0.0,0,-1.8545352429256303e-05
2.109,0.21709530000000002,-0.33824879999999996,9.854046900000002,0.006356666358030338,0,0.052575325943826585,0.0,0,-1.8545352429256303e-05
2.125,0.16019730000000001,-0.33981839999999996,9.776155500000002,0.005253723825767054,0,-0.06893390826645523,0.0,0,-1.8545352429256303e-05
2.14,0.18864630000000002,-0.3907323,9.827069400000001,0.005476997717922316,0,0.014884926143684037,0.0,0,-1.8545352429256303e-05
2.156,0.18864630000000002,-0.3907323,9.827069400000001,0.005694825905392165,0,0.013614261716865516,0.0,0,-1.8545352429256303e-05
2.171,0.17510850000000003,-0.3907323,9.827069400000001,0.0059012359866272845,0,0.013760672082341623,4.350702856634192e-05,0,-1.8219049715008744e-05
2.187,0.17510850000000003,-0.37425150000000007,9.8524773,0.006706139608954942,0,0.05030647639547854,0.0,0,-1.7870993486478008e-05
2.203,0.2514303,-0.37425150000000007,9.834525,0.00709426498368515,0,0.024257835920637995,0.0,0,-1.7870993486478008e-05
2.218,0.2394621,-0.36669779999999996,9.834525,0.007458712739927265,0,0.024296517082807428,0.0,0,-1.7870993486478008e-05
2.234,0.2679111,-0.347274,9.7941078,0.006830170544667169,0,-0.03928388720375594,0.0,0,-1.7870993486478008e-05
2.25,0.2604555,-0.35178660000000006,9.7941078,0.006215982543452014,0,-0.03838675007594713,8.259689398092303e-05,0,-1.7210218334630624e-05
2.265,0.2604555,-0.3936753,9.7911648,0.005583917124301507,0,-0.04213769461003346,0.0,0,-1.6590741629773698e-05
2.281,0.2604555,-0.3936753,9.7911648,0.004967267934887332,0,-0.038540574338385945,0.0,0,-1.6590741629773698e-05
2.296,0.23200650000000003,-0.3936753,9.806076000000001,0.004711521712703615,0,-0.017049748145581498,0.0,0,-1.6590741629773698e-05
2.312,0.21552570000000001,-0.3592422,9.834525,0.005113887980712661,0,0.0251478917505654,0.0,0,-1.6590741629773698e-05
2.328,0.205029,-0.347274,9.834525,0.005490494958321435,0,0.023537936100548308,0.0,0,-1.6590741629773698e-05
2.343,0.205029,-0.3532581,9.831582000000001,0.005791391615904473,0,0.020059777172202403,7.61490346858143e-05,0,-1.6019623869630087e-05
2.359,0.21552570000000001,-0.3532581,9.7701714,0.004593934039844427,0,-0.0748410985037528,0.0,0,-1.541043159214357e-05
2.375,0.16765290000000002,-0.36669779999999996,9.7701714,0.0034148729985776782,0,-0.07369131507917175,0.0,0,-1.541043159214357e-05
2.39,0.16765290000000002,-0.36973890000000004,9.8854389,0.005076369317038143,0,0.11076642123069673,0.0,0,-1.541043159214357e-05
2.406,0.16912439999999998,-0.36973890000000004,9.871999200000001,0.0063704318954815875,0,0.08087891115271521,0.0,0,-1.541043159214357e-05
2.421,0.22455090000000003,-0.4161402,9.871999200000001,0.0077048621907707115,0,0.0889620196859435,0.0,0,-1.541043159214357e-05
2.437,0.22455090000000003,-0.4056435,9.889951500000002,0.0094334811728789,0,0.10803868638176163,0.00012123227586254655,0,-1.4440573385243198e-05
2.453,0.20208600000000002,-0.4056435,9.8105886,0.009174498088812655,0,-0.01618644275414026,0.0,0,-1.3470715178342825e-05
2.468,0.2425032,-0.37572300000000003,9.800091900000002,0.008659362775178536,0,-0.03434235424227429,0.0,0,-1.3470715178342825e-05
2.484,0.2290635,-0.34580249999999996,9.800091900000002,0.008122074399386392,0,-0.03358052348700899,3.81015638325332e-05,0,-1.316590266768256e-05
2.5,0.2290635,-0.3817071,9.834525,0.008469333564146808,0,0.02170369779752599,0.0,0,-1.2861090157022294e-05
2.515,0.23200650000000003,-0.3817071,9.771642900000002,0.007277683858699646,0,-0.07944331369647681,0.0,0,-1.2861090157022294e-05
2.531,0.2425032,-0.36669779999999996,9.771642900000002,0.006107303916106588,0,-0.07314874641206608,0.0,0,-1.2861090157022294e-05
2.546,0.24701580000000004,-0.315882,9.806076000000001,0.00576410381762571,0,-0.02288000656539236,0.0,0,-1.2861090157022294e-05
2.562,0.24701580000000004,-0.315882,9.806076000000001,0.005429274453254251,0,-0.02092683527321613,7.459794458062859e-05,0,-1.2264306600377265e-05
2.578,0.22455090000000003,-0.3427614,9.806076000000001,0.005111446614225912,0,-0.019864239939271205,0.0,0,-1.1667523043732236e-05
2.593,0.22455090000000003,-0.36826739999999997,9.8225568,0.005225486873795759,0,0.007602683971323106,0.0,0,-1.1667523043732236e-05
2.609,0.2260224,-0.3847482,9.842078700000002,0.005828614878444327,0,0.03769550029053544,0.0,0,-1.1667523043732236e-05
2.625,0.2006145,-0.3847482,9.854046900000002,0.006695238678082305,0,0.05416398747737356,0.0,0,-1.1667523043732236e-05
2.64,0.2140542,-0.3847482,9.854046900000002,0.007547615570144828,0,0.05682512613750106,3.1895763612470665e-05,0,-1.1428304816638704e-05
2.656,0.2140542,-0.3891627,9.8076456,0.007252840852853382,0,-0.018423419830715364,0.0,0,-1.1173138707738939e-05
2.671,0.21258269999999999,-0.3891627,9.833053500000002,0.007583549994542693,0,0.02204727611262124,0.0,0,-1.1173138707738939e-05
2.687,0.2080701,-0.42506730000000004,9.833053500000002,0.007940059277899536,0,0.022281830209802657,0.0,0,-1.1173138707738939e-05
2.703,0.2080701,-0.3951468000000001,9.7986204,0.007418506164523109,0,-0.03259706958602668,8.62974407084445e-06,0,-1.1104100755172183e-05
2.718,0.1915893,-0.3951468000000001,9.800091900000002,0.006937338825931505,0,-0.03207782257277332,0.0,0,-1.1039377674640848e-05
2.734,0.1946304,-0.3278502,9.800091900000002,0.006408874776575146,0,-0.033029003084772385,0.0,0,-1.1039377674640848e-05
2.75,0.1946304,-0.3098979,9.7895952,0.005623224802359772,0,-0.04910312338846086,0.0,0,-1.1039377674640848e-05
2.765,0.23053500000000002,-0.318825,9.834525,0.005977694609905271,0,0.02363132050303306,0.0,0,-1.1039377674640848e-05
2.781,0.21856680000000003,-0.318825,9.845021700000002,0.006572678701749268,0,0.03718650574024981,6.73496903601245e-06,0,-1.0985497922352749e-05
2.796,0.258984,-0.2889045,9.845021700000002,0.007154534416811131,0,0.03879038100412503,0.0,0,-1.0934985654582656e-05
2.812,0.258984,-0.3427614,9.806076000000001,0.006815314053190136,0,-0.02120127272631221,0.0,0,-1.0934985654582656e-05
2.828,0.23053500000000002,-0.3427614,9.8495343,0.0075260876340159655,0,0.04442334880161432,0.0,0,-1.0934985654582656e-05
2.843,0.23053500000000002,-0.3427614,9.8495343,0.008219525273846173,0,0.046229175988680135,0.0,0,-1.0934985654582656e-05
2.859,0.23200650000000003,-0.3712104,9.8495343,0.008922017159367357,0,0.04390574284507394,9.140350495754831e-05,0,-1.0203757614922268e-05
2.875,0.23200650000000003,-0.3951468000000001,9.8764137,0.010284952634250999,0,0.08518346718022755,0.0,0,-9.472529575261881e-06
2.89,0.2006145,-0.3712104,9.860031000000001,0.011176051950156918,0,0.0594066210603941,0.0,0,-9.472529575261881e-06
2.906,0.2006145,-0.3712104,9.860031000000001,0.012045417136405945,0,0.05433532414056414,9.178855038206e-05,0,-8.738221172205401e-06
2.921,0.2006145,-0.34580249999999996,9.8674866,0.013052760371827787,0,0.06715621569479094,0.0,0,-8.049807044339965e-06
2.937,0.23053500000000002,-0.3547296,9.8674866,0.014059185831362342,0,0.0629015912209096,0.0,0,-8.049807044339965e-06
2.953,0.24701580000000004,-0.3547296,9.9184005,0.016291400899866915,0,0.13951344178153569,0.0002397251451691628,0,-6.132005882986661e-06
2.968,0.2140542,-0.3592422,9.9184005,0.018454460506770687,0,0.14420397379358363,3.191057189478458e-07,0,-4.331674001325817e-06
2.984,0.2140542,-0.33981839999999996,10.005219,0.02266388712911649,0,0.2630891638966124,0.0,0,-4.329121155574234e-06
3.0,0.21101310000000004,-0.33981839999999996,9.9947223,0.026513257965273596,0,0.24058567725981894,0.00022268304756116637,0,-2.5476567750849013e-06
3.015,0.21552570000000001,-0.3592422,9.9947223,0.030287642184479324,0,0.25162561461371313,0.00014868979868431706,0,2.3763957175624767e-07
3.031,0.21552570000000001,-0.33981839999999996,10.0770282,0.03595926361248658,0,0.3544763392504532,0.00017866504506004396,0,2.856478321711138e-06
3.046,0.2200383,-0.33981839999999996,10.0994931,0.04204241330354819,0,0.4055433127374491,0.00026367762193029234,0,6.174048324138589e-06
3.062,0.2260224,-0.3622833,10.0994931,0.0479994432016273,0,0.37231436862994427,0.0004840124739716972,0,1.215556909135451e-05
3.078,0.2260224,-0.3503151,10.1593341,0.0552591924493413,0,0.4537343279821245,0.0008100815591794478,0,2.250832135656368e-05
3.093,0.24544620000000003,-0.36375480000000004,10.166887800000001,0.06254843253439724,0,0.4859493390037251,0.0011936387465574924,0,3.753622364959086e-05
3.109,0.21258269999999999,-0.36375480000000004,10.2132891,0.07077262002485618,0,0.5140117181536836,0.0017602071670315207,0,6.116699095830298e-05
3.125,0.2065986,-0.3652263,10.2132891,0.07879450470531069,0,0.5013677925284061,0.002456744164872855,0,9.490260161353802e-05
3.14,0.2065986,-0.36669779999999996,10.2013209,0.08633035912052378,0,0.5023902943475355,0.0031951806435666233,0,0.00013729203767683446
3.156,0.2260224,-0.36669779999999996,10.2761712,0.0955164524808847,1,0.5741308350225566,0.004649955136377892,0,0.00020005312391639063
3.171,0.19610190000000002,-0.3712104,10.2761712,0.10446746722382727,1,0.5967343161961844,0.0061498345341632,0,0.0002810515464454471
3.187,0.19610190000000002,-0.36375480000000004,10.3584771,0.11519951961047958,1,0.670753274165769,0.007907170428837654,0,0.00039350758614945403
3.203,0.21709530000000002,-0.36375480000000004,10.437840000000001,0.1276140949107738,1,0.7759109562683879,0.009849679345007686,0,0.0005355623843402168
3.218,0.2350476,-0.344331,10.437840000000001,0.13971929533239624,1,0.8070133614414894,0.011854679771831477,0,0.0006983450777165119
3.234,0.2350476,-0.3712104,10.632372300000002,0.15629226845535804,1,1.0358108201851115,0.014222772282133513,0,0.000906964694148232
3.25,0.23799060000000002,-0.33981839999999996,10.6698465,0.1733503498628366,1,1.0661300879674087,0.016859913228679073,0,0.0011556261782347328
3.265,0.2738952,-0.33981839999999996,10.663862400000001,0.1898675385412556,1,1.1011459118945912,0.019584047391709783,0,0.0014289558828876514
3.281,0.1946304,-0.3202965,10.663862400000001,0.205924703098896,1,1.0035727848525235,0.022750385324831,0,0.001767631344619978
3.296,0.1946304,-0.36071369999999997,10.642869000000001,0.22111002942961022,1,1.0123550887143038,0.02595314581879473,0,0.002132907828197163
3.312,0.21709530000000002,-0.36071369999999997,10.608435900000002,0.23509639900108148,1,0.8741480982169528,0.029602797246240264,0,0.0025773553727174436
3.328,0.2260224,-0.38023560000000006,10.608435900000002,0.24876279570397486,1,0.8541497939308355,0.033473670803880716,0,0.003081967117118412
3.343,0.2260224,-0.38023560000000006,10.608435900000002,0.26209586565801857,1,0.8888713302695732,0.0373051107640957,0,0.0036128079788782393
3.375,0.19610190000000002,-0.3503151,10.722231899999999,0.27783767101028367,1,0.49193141725828404,0.04594404735078854,0,0.004944794508716388
3.39,0.18413369999999998,-0.4101561,10.719190800000002,0.29316796784440413,1,1.0220197889413556,0.050226589642198734,0,0.0056660742861637985
3.406,0.205029,-0.37572300000000003,10.7701047,0.3093436564537253,1,1.0109805380825723,0.05504668263658377,0,0.006508260464394059
3.421,0.2140542,-0.37572300000000003,10.8614358,0.3273549049869704,1,1.2007499022163652,0.05982192184738888,0,0.007369774998023835
3.437,0.2140542,-0.37572300000000003,10.8614358,0.3449268547755011,1,1.0982468617831689,0.06520017592548866,0,0.008369951780206856
3.453,0.23347800000000002,-0.39671639999999997,10.8614358,0.36209816430558206,1,1.0732068456300583,0.07085637607813733,0,0.009458404196235864
3.468,0.23347800000000002,-0.37572300000000003,10.819547100000001,0.3778116437339314,1,1.0475652952232801,0.07640569963843373,0,0.010562869764110156
3.484,0.2200383,-0.37572300000000003,10.8853722,0.3947392027734242,1,1.0579724399683013,0.08258610641049258,0,0.011834804212501568
3.5,0.21709530000000002,-0.3487455,10.8853722,0.4112305749025911,1,1.0307107580729271,0.0890338646319007,0,0.013207763980840715
3.515,0.21709530000000002,-0.344331,10.888315200000001,0.4273880235039069,1,1.0771632400877142,0.09532350411994948,0,0.014590444246479603
3.531,0.2559429,-0.344331,10.9347165,0.44430281993837006,1,1.0571747771539455,0.1022970308674877,0,0.0161714085263791
3.546,0.22455090000000003,-0.36071369999999997,10.9347165,0.4608011229864868,1,1.0998868698744717,0.10908531043942399,0,0.017756776086180905
3.562,0.2350476,-0.36973890000000004,10.876347,0.4754872523718632,1,0.9178830865860236,0.11657561744229078,0,0.019562063509234624
3.578,0.2350476,-0.36973890000000004,10.876347,0.4898151834795481,1,0.8954956942303075,0.1242980369291021,0,0.021489052744205768
3.593,0.21856680000000003,-0.36973890000000004,10.9198053,0.5048444134093959,1,1.0019486619898441,0.13175798390576923,0,0.02340947290046732
3.609,0.2425032,-0.38621970000000005,10.880859599999999,0.5185842294567564,1,0.8587385029600317,0.13994541304869845,0,0.025583100076103062
3.625,0.22455090000000003,-0.38621970000000005,10.9272609,0.5331103289809782,1,0.9078812202638612,0.14835896951620034,0,0.027889535136622255
3.64,0.21101310000000004,-0.36071369999999997,10.9272609,0.5472543126889136,1,0.942932247195682,0.15646170432872458,0,0.030175690190459212
3.656,0.21101310000000004,-0.36071369999999997,10.9272609,0.5610533211844615,1,0.8624380309717453,0.1653281653997116,0,0.032750009148286706
3.671,0.21101310000000004,-0.37268190000000007,10.8748755,0.5732488492457772,1,0.8130352040877334,0.17383543167793822,0,0.035293736126369026
3.687,0.24544620000000003,-0.37268190000000007,10.9198053,0.5862594677241866,1,0.8131636549005831,0.18311149821369793,0,0.038149311565502116
3.703,0.2529999,-0.3278502,10.9198053,0.5989219089051581,1,0.7914025738107171,0.1925929492267327,0,0.041154947145025565
3.718,0.2529999,-0.36375480000000004,10.948254300000002,0.6119965296015728,1,0.8716413797609754,0.20167483751553325,0,0.044111955545592586
3.734,0.21101310000000004,-0.347274,10.942270200000001,0.6245716759923532,1,0.7859466494237737,0.21156738316028467,0,0.04741789331099913
3.75,0.2559429,-0.347274,10.9063656,0.6359884368462811,1,0.7135475533704965,0.22165186406299375,0,0.05088364728878536
3.765,0.2365191,-0.3547296,10.9063656,0.6471219003848852,1,0.7422309025735941,0.2312751915922276,0,0.05428060020619955
3.781,0.2365191,-0.41908320000000004,10.8958689,0.657783681737806,1,0.666361334557552,0.24171443624920913,0,0.058064517228931044
3.796,0.2140542,-0.41908320000000004,10.873404,0.6676266883404338,1,0.6562004401752023,0.25165501402479573,0,0.061764788105986
3.812,0.2394621,-0.344331,10.873404,0.6771785843751879,1,0.5969935021721268,0.26241345620652073,0,0.06587733586783653
3.828,0.2394621,-0.3951468000000001,10.9272609,0.6878520219573936,1,0.6670898488878579,0.2733337010571814,0,0.07016331312594616
3.843,0.21101310000000004,-0.3951468000000001,10.9078371,0.6977774887247055,1,0.6616977844874529,0.2837259223872972,0,0.07434126030177979
3.859,0.258984,-0.4027005000000001,10.9078371,0.707492787022117,1,0.6072061435882231,0.2949680845932718,0,0.07897081235762435
3.875,0.258984,-0.3098979,10.945213200000001,0.7178082423971599,1,0.6447159609401781,0.306370492828626,0,0.08378152097699954
3.89,0.2274939,-0.3503151,10.9511973,0.7280306024755827,1,0.6814906718948484,0.31721428416517167,0,0.08845840680445305
3.906,0.2514303,-0.3503151,10.942270200000001,0.7377988275635019,1,0.6105140679949489,0.3289409196054843,0,0.09362764843461831
3.921,0.24544620000000003,-0.3143124,10.942270200000001,0.747298842932679,1,0.6333343579451539,0.3400791521342054,0,0.09864529897266587
3.937,0.24544620000000003,-0.37572300000000003,10.9138212,0.7559210487835379,1,0.5388878656786829,0.3521049112679352,0,0.104182771479883
3.953,0.21709530000000002,-0.37572300000000003,10.9347165,0.7648275557641835,1,0.5566566862903461,0.36427090010431695,0,0.10991377797086102
3.968,0.2260224,-0.41466870000000006,10.9347165,0.7735555398418317,1,0.5818656051765411,0.37580877332136214,0,0.11546437552155366
3.984,0.2260224,-0.344331,10.9856304,0.783252081624159,1,0.6060338613954602,0.38826323429309006,0,0.12157695158246928
4.0,0.19610190000000002,-0.344331,10.969149600000001,0.7922964020479402,1,0.5652700264863192,0.40086762216246685,0,0.12788999843411375
4.015,0.19610190000000002,-0.344331,10.969149600000001,0.8011201292906538,1,0.5882484828475879,0.41281824614750606,0,0.1339926424464384
4.031,0.21552570000000001,-0.35178660000000006,10.924317900000002,0.8086506123698509,1,0.4706551924498199,0.4256964120807901,0,0.14070075971226478
4.046,0.23799060000000002,-0.3427614,10.918333800000001,0.8158559504798113,1,0.4803558739973404,0.43788021130216304,0,0.14717758438763717
4.062,0.23799060000000002,-0.3427614,10.918333800000001,0.8228855486358704,1,0.43934988475369213,0.4509901432950885,0,0.15428854722441518
4.078,0.2575125,-0.3427614,10.9497258,0.8305195600776791,1,0.4771257151130466,0.4642173841647969,0,0.16161020744409427
4.093,0.2260224,-0.3218661,10.8643788,0.8358546913398115,1,0.3556754174754985,0.4767151910504278,1,0.1686672017582083
4.109,0.20355750000000003,-0.3218661,10.9198053,0.8423999120779655,1,0.40907629613462465,0.49014122787777004,1,0.1764020531096339
4.125,0.20355750000000003,-0.3218661,10.9198053,0.84878549328592,1,0.3990988254971569,0.5036707111206817,1,0.1843525486216215
4.14,0.2215098,-0.3936753,10.9198053,0.8550811859547967,1,0.419712844591785,0.5164497112149868,1,0.19200345178913886
4.156,0.2215098,-0.40417200000000003,10.9107801,0.8610127389760844,1,0.3707220638304861,0.5301784626144339,1,0.20037647717977422
4.171,0.20355750000000003,-0.4056435,10.936286100000002,0.8674139903133771,1,0.42675008915282614,0.5431416630841054,1,0.20842637812251358
4.187,0.20355750000000003,-0.37572300000000003,10.901853000000001,0.872793875473624,1,0.336242822515431,0.5570633260104014,1,0.21722801803526964
4.203,0.1990449,-0.33530580000000004,10.8942993,0.8778242699739192,1,0.31439965626844896,0.5710682711739817,1,0.2262530708127447
4.218,0.1990449,-0.33530580000000004,10.8942993,0.882731971925427,1,0.3271801301005272,0.5842724429882266,1,0.23491812616896107
4.234,0.23053500000000002,-0.2994012,10.9257894,0.888277203983348,1,0.34657700362006294,0.5984405163954968,1,0.24437982984403087
4.25,0.23053500000000002,-0.32932170000000005,10.9767033,0.8949491369565852,1,0.4169958108273249,0.6127063271230162,1,0.25406900459217896
4.281,0.24397470000000002,-0.32932170000000005,10.8509391,0.898400161346137,1,0.11132336740489801,0.6405032412467081,1,0.27349375290190947
4.281,0.24397470000000002,-0.32932170000000005,10.8509391,0.9017670144091152,1,0.0,0.6405032412467081,1,0.27349375290190947
4.296,0.19011780000000003,-0.33530580000000004,10.8509391,0.9050299586430235,1,0.2175296155938765,0.6540542185445997,1,0.2832029338503447
4.312,0.19011780000000003,-0.3218661,10.901853000000001,0.9094444682588136,1,0.2759068509868843,0.6685700139598144,1,0.29378392771038
4.328,0.20355750000000003,-0.3218661,10.936286100000002,0.9145965432542091,1,0.32200468721221814,0.6831623420519186,1,0.30459778655847386
4.343,0.2290635,-0.344331,10.936286100000002,0.9196519320508632,1,0.33702591977694146,0.6969192056167064,1,0.31494839816598835
4.359,0.23799060000000002,-0.3338343,10.9527669,0.9249824214914462,1,0.33315559003643774,0.7116762804450448,1,0.32621716205448237
4.375,0.23799060000000002,-0.3173535,10.8942993,0.9287458579866037,1,0.23521478094734571,0.7265061066808692,1,0.3377226211514897
4.39,0.2499588,-0.3173535,10.921276800000001,0.9330815731388409,1,0.2890476768158185,0.7404698124143098,1,0.3487249405447033
4.406,0.22455090000000003,-0.40113090000000007,10.921276800000001,0.9373652480375245,1,0.26772968116772744,0.7554333869837206,1,0.3606921661398876
4.421,0.22455090000000003,-0.3771945,10.9078371,0.9411961245676199,1,0.25539176867301666,0.7695225972782598,1,0.3721293360218529
4.437,0.2394621,-0.3771945,10.9167642,0.9451588461244604,1,0.2476700973025323,0.7846134370437965,1,0.38456242429642934
4.453,0.2006145,-0.34128990000000003,10.9167642,0.9489770361316978,1,0.2386368754523358,0.7997665241018458,1,0.3972374639855945
4.468,0.2006145,-0.4101561,10.9392291,0.9533073111623338,1,0.2886850020424054,0.8140336567065507,1,0.4093409653416572
4.484,0.23347800000000002,-0.4101561,10.9317735,0.9573661842372516,1,0.25367956718236306,0.8293190446697474,1,0.4224877869526676
4.5,0.21709530000000002,-0.37268190000000007,10.9317735,0.9612851341976487,1,0.24493437252481853,0.8446682552172265,1,0.4358796853517634
4.515,0.24397470000000002,-0.37866600000000006,10.9317735,0.9651273259815873,1,0.25614611892924755,0.8591163486685706,1,0.4486580698809066
4.531,0.24397470000000002,-0.40417200000000003,10.9107801,0.9683865041332673,1,0.20369863447999828,0.8745844593094894,1,0.46252767634473113
4.546,0.2694807,-0.40417200000000003,10.909308600000001,0.9715449591166436,1,0.21056366555841216,0.8891339452838642,1,0.47575556437918176
4.562,0.21101310000000004,-0.2694807,10.909308600000001,0.9744936429697226,1,0.18429274081743757,0.9047022541005552,1,0.4901062539742571
4.578,0.21101310000000004,-0.32932170000000005,10.9078371,0.977374574141205,1,0.1800581982176473,0.9203171998374426,1,0.5047064096057611
4.593,0.20954160000000002,-0.32932170000000005,10.810521900000001,0.9778125377094131,1,0.029197571213876148,0.934981103176322,1,0.518621146878364
4.609,0.23200650000000003,-0.3367773,10.810521900000001,0.9782565997912247,1,0.027753880113223748,0.9506296562763271,1,0.5337060329539852
4.625,0.23200650000000003,-0.3487455,10.879388100000002,0.9803774915819279,1,0.13255573691894884,0.9662987290073124,1,0.5490414600362543
4.64,0.1946304,-0.3487455,10.948254300000002,0.9841073323274117,1,0.2486560496989233,0.9810323651866322,1,0.5636464432427086
4.656,0.17510850000000003,-0.4027005000000001,10.948254300000002,0.9877832958009982,1,0.22974771709916,0.9968074902116595,1,0.5794691620858949
4.671,0.23053500000000002,-0.347274,10.9511973,0.9914200877891872,1,0.24245279921259102,1.0116515155885863,1,0.5945326046293974
4.687,0.23053500000000002,-0.37866600000000006,10.8853722,0.9933893667838216,1,0.12307993716464949,1.0275299912251705,1,0.6108460566839075
4.703,0.2200383,-0.37866600000000006,10.8599643,0.9946861175700317,1,0.08104692413812835,1.0434345951000015,1,0.6274137733745089
4.718,0.21856680000000003,-0.44910180000000005,10.8599643,0.9960159276756784,1,0.08865400704311525,1.058364860439344,1,0.6431772692910537
4.734,0.21856680000000003,-0.3532581,10.9407006,0.9991947745599212,1,0.1986779302651785,1.0743265460572289,1,0.6602388005430263
4.75,0.23347800000000002,-0.3532581,10.909308600000001,1.001538512379529,1,0.14648361372548976,1.0903324123527445,1,0.6775560722103061
4.765,0.23347800000000002,-0.3532581,10.909308600000001,1.0038250858620739,1,0.1524382321696563,1.1053726393395562,1,0.694023860097998
4.781,0.2843919,-0.3876912,10.8748755,1.0052748194172167,1,0.09060834719643021,1.1214454385817905,1,0.7118384047213688
4.796,0.21552570000000001,-0.3876912,10.9257894,1.0078913969898924,1,0.17443850484503592,1.1365441852048443,1,0.7287733268997693
4.812,0.21552570000000001,-0.3876912,10.9257894,1.0104441555973818,1,0.15954741296808614,1.1526908696255425,1,0.7470872073384124
4.828,0.2080701,-0.3817071,10.9257894,1.012925994665796,1,0.1551149417758911,1.168877830827648,1,0.7656597569420379
4.843,0.2814489,-0.3562992,10.873404,1.0140898635392936,1,0.07759125823317632,1.1840804497641857,1,0.7833069440464763
4.859,0.2230794,-0.347274,10.904796,1.0159503358783724,1,0.11627952119241937,1.200320771359527,1,0.802382153815466
4.875,0.19011780000000003,-0.31136939999999996,10.904796,1.0177237796516572,1,0.11084023583030057,1.2165901642837673,1,0.8217174413006123
4.89,0.19011780000000003,-0.36826739999999997,10.9198053,1.0198630034091103,1,0.14261491716354463,1.2318720651567228,1,0.8400809080214156
4.906,0.19011780000000003,-0.36826739999999997,10.9198053,1.0219500509773578,1,0.13044047301546946,1.2482065695918145,1,0.8599215370994039
4.921,0.1646118,-0.36826739999999997,10.903324500000002,1.0235744012794594,1,0.10829002014010378,1.2635480029837411,1,0.8787596963937213
4.953,0.23799060000000002,-0.31284090000000003,10.9407006,1.026060980245699,1,0.0777055926949876,1.2963421690881438,1,0.9197179391468715
4.968,0.2274939,-0.31284090000000003,10.8404424,1.026037687176494,1,-0.0015528712803340595,1.31173290909381,1,0.9392785022332357
4.968,0.2274939,-0.31284090000000003,10.8404424,1.0260149622309278,1,0.0,1.31173290909381,1,0.9392785022332357
4.984,0.16912439999999998,-0.3951468000000001,10.8404424,1.0260322735575365,1,0.0010819579130405535,1.3281492869801177,1,0.9603975598018272
5.0,0.2200383,-0.38023560000000006,10.897340400000001,1.0274450621912834,1,0.08829928960918379,1.3445771056661082,1,0.9817793709429969
5.015,0.2200383,-0.34580249999999996,10.8703629,1.0281379150775134,1,0.04619019241533431,1.3599939779956238,1,1.0020636540704595
5.031,0.287433,-0.34580249999999996,10.8988119,1.0295454946881861,1,0.08797372566704534,1.3764554452737494,1,1.0239552494566144
5.046,0.2484873,-0.42957990000000007,10.8988119,1.0309680281373463,1,0.09483556327734391,1.3919092966949416,1,1.0447179850213804
5.062,0.2484873,-0.37572300000000003,10.912349700000002,1.0326372906930477,1,0.10432890973133259,1.4084181392455848,1,1.0671206045089046
5.078,0.2274939,-0.37572300000000003,10.879388100000002,1.033451392645249,1,0.05088137201258997,1.4249468487122912,1,1.0897875244125677
5.093,0.2365191,-0.37572300000000003,10.879388100000002,1.034250328866273,1,0.053262414734927384,1.4404546116236272,1,1.1112780353650866
5.109,0.2365191,-0.3262806,10.9511973,1.0367411534351767,1,0.1556765355564814,1.4570225434820387,1,1.134457852605932
5.125,0.24103170000000002,-0.3262806,10.909308600000001,1.0381526516096589,1,0.08821863590513504,1.4736216939223974,1,1.1579030065051674
5.14,0.2604555,-0.318825,10.909308600000001,1.0395352314762558,1,0.09217199110646568,1.4892043530455414,1,1.1801242018574265
5.156,0.2604555,-0.37572300000000003,10.880859599999999,1.0402349630007262,1,0.04373322027939604,1.5058425146013572,1,1.2040845767986017
5.171,0.18864630000000002,-0.318825,10.8629073,1.040399642993446,1,0.010978666181315627,1.521447274146314,1,1.2267892502142101
5.187,0.21856680000000003,-0.318825,10.789528500000001,1.0387853892624186,1,-0.10089085818920643,1.538080754404361,1,1.2512654744426155
5.203,0.18864630000000002,-0.31284090000000003,10.789528500000001,1.0371924748652823,1,-0.09955714982101674,1.5546885773173826,1,1.2760076290963895
5.218,0.18864630000000002,-0.35178660000000006,10.7715762,1.0352300889777144,1,-0.13082572583786406,1.5702317465462048,1,1.299444531525366
5.234,0.2274939,-0.35178660000000006,10.816506,1.0344288798242598,1,-0.050075572090912915,1.5867890182966207,1,1.3247006976441087
5.25,0.2215098,-0.3907323,10.687798800000001,1.030540298337673,1,-0.2430363429116731,1.603308771721916,1,1.3502214799642571
5.265,0.2679111,-0.3907323,10.6923114,1.0268824042265727,1,-0.24385960740669124,1.6187394419911476,1,1.3743868415671046
5.281,0.2679111,-0.3907323,10.6923114,1.0233137270450126,1,-0.2230423238475108,1.6351410110413203,1,1.4004178851913642
5.296,0.2948886,-0.37572300000000003,10.6923114,1.0198362826767209,1,-0.2318296245527693,1.6504646361142339,1,1.4250599275450317
5.312,0.22455090000000003,-0.33226469999999997,10.5919551,1.013920976918067,1,-0.3697066099158649,1.6667346941909922,1,1.4515975221874735
5.328,0.22455090000000003,-0.34580249999999996,10.572531300000001,1.0076871160247869,1,-0.38961630583000917,1.682907558934535,1,1.4783946602124778
5.343,0.2230794,-0.34580249999999996,10.554579000000002,1.001167012206345,1,-0.4346735878961376,1.6979739648962682,1,1.5037512716412083
5.359,0.2230794,-0.33981839999999996,10.554579000000002,0.994801198322472,1,-0.397863367742057,1.7139417105804988,1,1.5310465970450224
5.375,0.2230794,-0.40417200000000003,10.5500664,0.9885359634529625,1,-0.39157717934434866,1.7298084078747022,1,1.5585965979926641
5.39,0.18109260000000002,-0.40417200000000003,10.454222699999999,0.9800683659233744,1,-0.5645065019725476,1.7445729403450245,1,1.5846544581043116
5.406,0.18109260000000002,-0.40417200000000003,10.454222699999999,0.9718072951627992,1,-0.5163169225359527,1.760187945633714,1,1.6126925451921414
5.421,0.1661814,-0.3876912,10.454222699999999,0.9637264677240864,1,-0.5387218292474959,1.774704448855366,1,1.6392042381508105
5.437,0.17510850000000003,-0.3218661,10.3150188,0.9523987340681046,1,-0.7079833534988638,1.7900334504697035,1,1.667722141345411
5.468,0.2080701,-0.36071369999999997,10.3150188,0.9413935351674887,1,-0.35500641614890377,1.819387230642855,1,1.7236681619026553
5.468,0.21101310000000004,-0.3847482,10.259690400000002,0.9293311297997526,1,0.0,1.819387230642855,1,1.7236681619026553
5.484,0.21101310000000004,-0.3847482,10.259690400000002,0.9175629294409848,1,-0.7355125224229868,1.8341623831167808,1,1.7528965588127323
5.5,0.21101310000000004,-0.32932170000000005,10.313547300000002,0.9073473866927841,1,-0.6384714217625426,1.848761665645851,1,1.7823599512028334
5.515,0.2290635,-0.290376,10.241738100000001,0.895611560756489,1,-0.7823883957530291,1.8622838577517202,1,1.8101927926283146
5.531,0.2290635,-0.290376,10.241738100000001,0.8841619744771769,1,-0.7155991424570012,1.8765220460335896,1,1.840103239858597
5.546,0.2365191,-0.3427614,10.1308851,0.8703337655326706,1,-0.9218805963003861,1.889680764083664,1,1.8683497609344775
5.562,0.24701580000000004,-0.3248091,10.1308851,0.8568345202134715,1,-0.8437028324499433,1.9034981103696331,1,1.8986951919301038
5.578,0.24701580000000004,-0.34128990000000003,10.088996400000001,0.842656938717715,1,-0.8860988434847831,1.9170940420410827,1,1.9292599291493895
5.593,0.24701580000000004,-0.34128990000000003,10.088996400000001,0.8288251518925875,1,-0.9221191216751812,1.9296301577206596,1,1.958110360647602
5.609,0.18266220000000002,-0.34128990000000003,10.0440666,0.8142022894328811,1,-0.9139289037316526,1.9427743772512633,1,1.9890895969273774
5.625,0.22455090000000003,-0.3936753,10.0440666,0.8000034805524852,1,-0.8874255550247448,1.9556880234111462,1,2.0202772961326767
5.64,0.2394621,-0.2994012,9.955776600000002,0.7839282806589658,1,-1.0716799929013132,1.9675675116202318,1,2.0497017126454113
5.656,0.2394621,-0.4340925,9.9064323,0.7671640335499585,1,-1.0477654443129527,1.979976250133903,1,2.0812820627394446
5.671,0.19610190000000002,-0.4340925,10.012674599999999,0.7533737660143114,1,-0.9193511690431092,1.9913802836306358,1,2.11106723674268
5.687,0.2499588,-0.41309910000000005,10.012674599999999,0.7399274354714489,1,-0.8403956589289044,2.0033266932425193,1,2.143024892557665
5.703,0.2499588,-0.37425150000000007,9.975298500000001,0.725861161726364,1,-0.879142109067809,2.015053002020102,1,2.1751719301197663
5.718,0.2274939,-0.37425150000000007,9.843550200000001,0.7089146288942061,1,-1.1297688554772145,2.025813820449756,1,2.2054784312882894
5.734,0.19757340000000004,-0.39671639999999997,9.843550200000001,0.692387121191544,1,-1.0329692314163799,2.037024234450442,1,2.237981135727491
5.75,0.19757340000000004,-0.3278502,9.9093753,0.6778052452965699,1,-0.911367243435878,2.0479857733823468,1,2.2706612157901533
5.765,0.21101310000000004,-0.35178660000000006,9.8944641,0.6632424058262352,1,-0.970855964689005,2.0580436307657677,1,2.3014564363212635
5.781,0.21101310000000004,-0.35178660000000006,9.8944641,0.6490347575624948,1,-0.8879780164837695,2.0685418480728774,1,2.3344691201519727
5.796,0.1915893,-0.39818790000000004,9.877983300000002,0.6348052897154997,1,-0.9486311897996436,2.078170648427463,1,2.3655694638757265
5.812,0.1915893,-0.2889045,9.843550200000001,0.6199909420802641,1,-0.9258967272022237,2.088209018281829,1,2.398900501209401
5.828,0.24701580000000004,-0.2889045,9.8151012,0.6048746576069259,1,-0.944767779583632,2.0980079430793266,1,2.4323902369002903
5.843,0.2200383,-0.3652263,9.8151012,0.5901733989199727,1,-0.9800839124635721,2.106970803503278,1,2.463927577499659
5.859,0.2200383,-0.35178660000000006,9.8136297,0.5757828871548476,1,-0.899406985320316,2.1162984537918765,1,2.4977137315580205
5.875,0.2215098,-0.35178660000000006,9.777627,0.5608668452452221,1,-0.9322526193515915,2.125391651651077,1,2.531647252401564
5.89,0.23053500000000002,-0.3098979,9.777627,0.546285152452187,1,-0.9721128528690285,2.1336952916338077,1,2.5635904044762
5.906,0.23053500000000002,-0.34128990000000003,9.8151012,0.5329977840087956,1,-0.8304605277119618,2.1423295551254955,1,2.5977986032502747
5.921,0.18413369999999998,-0.34128990000000003,9.821085300000002,0.5201564506203038,1,-0.8560888925660879,2.150228211885214,1,2.6299927865028563
5.937,0.1856052,-0.37572300000000003,9.821085300000002,0.5076596266392919,1,-0.7810514988132449,2.158450740503291,1,2.6644622181219644
5.953,0.2200383,-0.3562992,9.839037600000001,0.4959047559377652,1,-0.734679418845418,2.166479255563907,1,2.699061658090502
5.968,0.2200383,-0.44154810000000005,9.8285409,0.4842651056910352,1,-0.775976683115348,2.173830529526123,1,2.7316139814786764
5.984,0.205029,-0.44154810000000005,9.7866522,0.47188102374069985,1,-0.7740051218959592,2.181479698561577,1,2.766456463303378
6.0,0.23347800000000002,-0.33981839999999996,9.7866522,0.45971557629336957,1,-0.7603404654581418,2.1889324713618494,1,2.8014197606627658
6.015,0.23347800000000002,-0.3592422,9.821085300000002,0.44870278238416184,1,-0.7341862606138643,2.1957456090519307,1,2.8343048462658684
6.031,0.2798793,-0.3592422,9.877983300000002,0.4393744169471212,1,-0.5830228398150389,2.202850226646581,1,2.8694936129514566
6.046,0.2065986,-0.39220380000000005,9.877983300000002,0.43026015359549064,1,-0.6076175567753482,2.2093724859256505,1,2.9025852832957497
6.062,0.2065986,-0.3532581,9.8704296,0.4211483012965953,1,-0.5694907686809575,2.216183753564787,1,2.937989733211673
6.078,0.2065986,-0.3532581,9.8704296,0.41225868929767273,1,-0.5556007499326605,2.222851009489541,1,2.973502011316108
6.093,0.19757340000000004,-0.315882,9.7895952,0.40158036179994205,1,-0.711888499848727,2.228954802372773,1,3.0068905549050746
6.109,0.1796211,-0.3831786,9.8136297,0.39179827031904146,1,-0.6113807175562863,2.235301831429725,1,3.0426046079754947
6.125,0.1796211,-0.3278502,9.845021700000002,0.38297102541951134,1,-0.5517028062206326,2.2414999857956333,1,3.0784190225132977
6.14,0.1796211,-0.3278502,9.845021700000002,0.3743590791760685,1,-0.5741297495628694,2.2471799615801,1,3.112084122118615
6.156,0.1661814,-0.3278502,9.8046045,0.36496633138000867,1,-0.5870467372537375,2.253094564864549,1,3.148086318330172
6.171,0.1990449,-0.39671639999999997,9.806076000000001,0.3559154552598738,1,-0.603391741342303,2.258501178264348,1,3.18192328640364
6.187,0.1990449,-0.39671639999999997,9.806076000000001,0.3470853322158405,1,-0.5518826902520808,2.2641251845641537,1,3.2181042973062683
6.203,0.19610190000000002,-0.39671639999999997,9.8405091,0.3393081140484977,1,-0.48607613545892336,2.2696163321342686,1,3.254374229439856
6.218,0.2694807,-0.2963601,9.8405091,0.33167676551547665,1,-0.5087565688680811,2.2746487187309983,1,3.2884562173213445
6.234,0.2694807,-0.40711500000000006,9.842078700000002,0.3243662402994314,1,-0.4569078260028277,2.2798970627775175,1,3.324892583573413
6.25,0.1930608,-0.40711500000000006,9.8151012,0.31653297467662256,1,-0.48957910142555194,2.285024256497326,1,3.3614119541276115
6.265,0.20208600000000002,-0.4235958000000001,9.8151012,0.3089121824442671,1,-0.5080528154903745,2.2897150951757324,1,3.3957224992651587
6.281,0.20208600000000002,-0.33530580000000004,9.8091171,0.30124825536602806,1,-0.47899544238993963,2.294596378678215,1,3.4323969910559904
6.296,0.20208600000000002,-0.3652263,9.839037600000001,0.2945264003903283,1,-0.44812366504663437,2.299064688596388,1,3.4668494490605513
6.312,0.2290635,-0.3652263,9.8375661,0.28794704048298847,1,-0.41120999420873844,2.3037244761233744,1,3.5036717623783096
6.328,0.2140542,-0.3562992,9.8375661,0.28151193828686516,1,-0.40219388725770655,2.3082801479535333,1,3.540567799370925
6.343,0.2140542,-0.44311770000000006,9.9138879,0.27717893496170554,1,-0.28886688834398105,2.3124703295028977,1,3.575223427951847
6.359,0.2200383,-0.44311770000000006,9.8464932,0.27131308988355407,1,-0.3666153173844663,2.3168582657016596,1,3.6122580567134834
6.375,0.19011780000000003,-0.3652263,9.8464932,0.26549723304962036,1,-0.3634910521208564,2.321152748285125,1,3.649362144825378
6.39,0.19011780000000003,-0.3307932,9.8225568,0.2592101920773455,1,-0.41913606481833143,2.325088053973577,1,3.6842089508423173
6.406,0.2544714,-0.3307932,9.783611100000002,0.2521629503869036,1,-0.44045260565261884,2.329179039113291,1,3.721443087587012
6.421,0.2484873,-0.3652263,9.874942200000001,0.24753903084365803,1,-0.3082613028830278,2.3329268039725206,1,3.756408881410157
6.437,0.2529999,-0.3847482,9.874942200000001,0.2430487436930644,1,-0.2806429469121017,2.336851506168814,1,3.7937671078912873
6.453,0.2529999,-0.3173535,9.8674866,0.23842790612858522,1,-0.2888023477799481,2.3407033193673876,1,3.831187546495577
6.468,0.23200650000000003,-0.3173535,9.774684,0.23164553159122114,1,-0.4521583024909481,2.3442288701502862,1,3.866324537916959
6.484,0.21258269999999999,-0.3053853,9.774684,0.22500852359153356,1,-0.41481299998047355,2.3478821025917482,1,3.9038614256988953
6.5,0.21258269999999999,-0.32932170000000005,9.839037600000001,0.22012068173033583,1,-0.30549011632485773,2.351443136234323,1,3.941456027609504
6.515,0.24544620000000003,-0.32932170000000005,9.8046045,0.21453159859674287,1,-0.3726055422395389,2.3547030283367762,1,3.9767521238437866
6.531,0.2006145,-0.40113090000000007,9.8046045,0.20911916452658375,1,-0.33827712938494486,2.358092234441763,1,4.014454485946015
6.546,0.2006145,-0.43556400000000006,9.8165727,0.2041660944836856,1,-0.3302046695265297,2.3611918738843403,1,4.049849116758462
6.562,0.20954160000000002,-0.43556400000000006,9.8165727,0.19933837425114298,1,-0.3017325145339142,2.364419909634219,1,4.08765401102661
6.578,0.20355750000000003,-0.2994012,9.8495343,0.1953045267274227,1,-0.25211547023251657,2.3675770528420474,1,4.125509986726421
6.593,0.23200650000000003,-0.37572300000000003,9.8495343,0.19144813894114954,1,-0.2570925190848838,2.370477697834562,1,4.161045397356494
6.609,0.23200650000000003,-0.4460607,9.8136297,0.1868827154591024,1,-0.2853389676279458,2.373504344669764,1,4.198997253696529
6.625,0.2260224,-0.4460607,9.827069400000001,0.18275261559283607,1,-0.2581312416416457,2.3764614273181794,1,4.2369969798724325
6.64,0.2274939,-0.3891627,9.827069400000001,0.17866517197639098,1,-0.27249624109634485,2.3791720607249487,1,4.272664231032755
6.656,0.2274939,-0.3173535,9.759674700000001,0.17297205187943732,1,-0.3558200060596036,2.3819851585157954,1,4.310753488786681
6.671,0.2230794,-0.3173535,9.7806681,0.16792693597150077,1,-0.33634106052909046,2.3845419009246775,1,4.346502441732486
6.687,0.2484873,-0.3503151,9.7806681,0.16304721407285427,1,-0.3049826186654056,2.3871896941250323,1,4.384676294492884
6.703,0.2484873,-0.3547296,9.836094600000001,0.1596409365996827,1,-0.21289234207322297,2.3897711993304127,1,4.422891981640528
6.718,0.21709530000000002,-0.3547296,9.8405091,0.15640720970697863,1,-0.21558179284694257,2.3921415604277128,1,4.458756327338713
6.734,0.17667810000000003,-0.4056435,9.8464932,0.1534263872598185,1,-0.18630140294750835,2.394620229203447,1,4.497050421655762
6.75,0.17667810000000003,-0.4056435,9.8464932,0.15051826779917477,1,-0.1817574662902331,2.397051786443919,1,4.53538379778094
6.765,0.23053500000000002,-0.2963601,9.8464932,0.1476132829944259,1,-0.19366565364992933,2.399287773074871,1,4.571356344477331
6.781,0.23053500000000002,-0.34580249999999996,9.8151012,0.14405346768363536,1,-0.2224884569244077,2.4016211070802953,1,4.609763615518572
6.796,0.1870767,-0.34580249999999996,9.7791966,0.13968292912457692,1,-0.291369237270552,2.403749130056357,1,4.645803892297098
6.812,0.2006145,-0.44910180000000005,9.7791966,0.13552782030640742,1,-0.2596943011355932,2.405950816051805,1,4.684281491865963
6.828,0.2290635,-0.36973890000000004,9.7701714,0.1311884241087924,1,-0.2712122623509392,2.4080845460071267,1,4.722793774762435
6.843,0.2290635,-0.36973890000000004,9.7701714,0.12695486684282642,1,-0.28223715106440406,2.410020620689264,1,4.758929563512657
6.859,0.2365191,-0.3592422,9.827069400000001,0.12420577489449336,1,-0.1718182467708161,2.4120299058231622,1,4.7975059677247565
6.875,0.2230794,-0.3592422,9.831582000000001,0.12162603755966295,1,-0.1612335834269006,2.4139965603227953,1,4.836114179453924
6.89,0.21101310000000004,-0.36071369999999997,9.845021700000002,0.11943154462687211,1,-0.14629952885272557,2.4158044921891944,1,4.8723376873477635
6.906,0.21101310000000004,-0.36071369999999997,9.845021700000002,0.11729057591195335,1,-0.13381054468242215,2.417698269153505,1,4.911005709438506
6.921,0.17069399999999998,-0.41309910000000005,9.845021700000002,0.11523294499929904,1,-0.13717539417694932,2.4194421955603396,1,4.947284262923861
6.937,0.17069399999999998,-0.344331,9.776155500000002,0.11148266117305994,1,-0.2343927391399434,2.4212559204097186,1,4.986009847851622
6.953,0.23347800000000002,-0.344331,9.8464932,0.10956948895908525,1,-0.119573263373418,2.4230243376107756,1,5.024764089915786
6.968,0.2200383,-0.31284090000000003,9.8464932,0.1076698272828267,1,-0.12664411175057244,2.42465363248259,1,5.061121674691486
6.984,0.2200383,-0.44753220000000005,9.8704296,0.1065262831870939,1,-0.07147150598330036,2.4263672013663493,1,5.099929841362277
7.0,0.1990449,-0.44753220000000005,9.848062800000001,0.10485491416802084,2,-0.10446056369206581,2.42805825094519,1,5.138765244980769
7.015,0.24397470000000002,-0.35777070000000005,9.848062800000001,0.10315951751478991,2,-0.11302644354873104,2.429618359182811,1,5.175197819556728
7.031,0.24397470000000002,-0.3083283,9.843550200000001,0.10135474967355584,2,-0.11279799007712911,2.431254473320318,1,5.214084802216753
7.046,0.2274939,-0.3083283,9.843550200000001,0.09958438160331973,2,-0.11802453801573665,2.4327615168048946,1,5.2505649221426935
7.062,0.19011780000000003,-0.3487455,9.7986204,0.09677579285268578,2,-0.17553679691462137,2.4343323982005427,1,5.289501673462737
7.078,0.2200383,-0.3173535,9.7986204,0.09402496407537164,2,-0.1719267985821336,2.4358588042559672,1,5.328463203082388
7.093,0.2200383,-0.3891627,9.7791966,0.09093105620129016,2,-0.20626052493876978,2.437245974408042,1,5.3650114889223675
7.109,0.1870767,-0.3891627,9.777627,0.08785764638061089,2,-0.19208811379245444,2.4386762840286975,1,5.404018866989861
7.125,0.1990449,-0.34580249999999996,9.777627,0.08482524462254126,2,-0.1895251098793514,2.4400577471567226,1,5.4430487392393445
7.14,0.1990449,-0.3008727,9.7612443,0.08143128661014387,2,-0.22626386749316424,2.441304671140968,1,5.479658957376577
7.156,0.2230794,-0.3008727,9.8405091,0.08006465189390255,2,-0.08541466976508254,2.4425966386490003,1,5.518730167854897
7.171,0.18266220000000002,-0.4386051,9.8405091,0.0788371474504963,2,-0.08183362956041333,2.4437884021440834,1,5.555378055660846
7.187,0.18266220000000002,-0.40113090000000007,9.7941078,0.07647002611286524,2,-0.14794508360194122,2.4450308595325905,1,5.59448860975426
7.203,0.2529999,-0.40113090000000007,9.848062800000001,0.07551319745877372,2,-0.059801790880720185,2.4462467253211635,1,5.63361883043309
7.218,0.1930608,-0.3427614,9.7806681,0.07285045932189327,2,-0.17751587579203373,2.4473594527470186,1,5.6703208767686
7.234,0.17667810000000003,-0.3622833,9.8255979,0.07135719062931756,2,-0.09332929328598186,2.4485131139466283,1,5.7094878573021495
7.25,0.23200650000000003,-0.3622833,9.8615025,0.07080326960766925,2,-0.03462006385301916,2.449650397628524,1,5.7486731653947505
7.265,0.23200650000000003,-0.3622833,9.8615025,0.07026285885484285,2,-0.036027383521761,2.450708393591993,1,5.785425856328904
7.281,0.1661814,-0.37268190000000007,9.8615025,0.06971268747383697,2,-0.03438571131286758,2.451828197962622,1,5.824646149061341
7.296,0.1661814,-0.36826739999999997,9.7806681,0.06720198889564877,2,-0.16737990521254015,2.4528550580353934,1,5.861431273481327
7.312,0.18413369999999998,-0.36826739999999997,9.6967926,0.06271644351938299,2,-0.2803465860166108,2.453894405494714,1,5.900685269189568
7.328,0.2649681,-0.2798793,9.6967926,0.05831393157081344,2,-0.2751569967855969,2.4548626484954355,1,5.939955325621489
7.343,0.2649681,-0.37572300000000003,9.708858900000001,0.054391717179976595,2,-0.2614809593891284,2.4557079408610663,1,5.976784605041662
7.359,0.2499588,-0.45351630000000004,9.6444072,0.04906665050658887,2,-0.33281666708673247,2.4565356078025586,1,6.016082553430971
7.375,0.23347800000000002,-0.45351630000000004,9.641464200000001,0.043789722894022276,2,-0.32980797578541193,2.4572784587897636,1,6.05539306596371
7.39,0.2350476,-0.3652263,9.641464200000001,0.03855110724537525,2,-0.3492410432431426,2.457896015015809,1,6.0922568745172505
7.406,0.2350476,-0.3652263,9.641464200000001,0.03344026271011025,2,-0.31942778345406236,2.458471945975453,1,6.131587818205181
7.421,0.1781496,-0.36071369999999997,9.4992192,0.024953895508282642,2,-0.5657578134551522,2.458909902162091,1,6.1684681820662135
7.437,0.21258269999999999,-0.347274,9.4992192,0.016679565163512322,2,-0.5171456465481445,2.4592429698474656,1,6.20781340504229
7.453,0.21258269999999999,-0.3547296,9.4647861,0.007774726658125175,2,-0.5565524065866962,2.4594386041820386,1,6.247162857634526
7.468,0.21258269999999999,-0.3547296,9.4647861,-0.0009129206642040089,2,-0.5791764881552913,2.459490067726993,1,6.284054822673843
7.484,0.2140542,-0.3547296,9.4678272,-0.009313763791128693,2,-0.5250526954327923,2.4594082542513505,1,6.32340600924967
7.5,0.1856052,-0.42663690000000004,9.4678272,-0.017452044969186176,2,-0.5086425736285922,2.459194127781268,1,6.362754828305931
7.515,0.1856052,-0.31284090000000003,9.4438908,-0.02608349902381235,2,-0.575430270308424,2.4588676112013204,1,6.3996402913483
7.531,0.258984,-0.30685680000000004,9.3869928,-0.03585361755890126,2,-0.6106324084430564,2.4583721142686588,1,6.43897820915206
7.546,0.2559429,-0.30685680000000004,9.334607400000001,-0.046664003236884355,2,-0.7206923785321788,2.4577532321126903,1,6.475849149249921
7.562,0.2350476,-0.33824879999999996,9.3510882,-0.05679609897992499,2,-0.6332559839400392,2.456925551294956,1,6.5151665795171825
7.578,0.2499588,-0.33824879999999996,9.1923624,-0.07053903192978694,2,-0.8589333093663712,2.455906870247678,1,6.554469238889523
7.593,0.2499588,-0.33824879999999996,9.1923624,-0.08394677139306772,2,-0.8938492975520709,2.4547482267227565,1,6.591299152116801
7.609,0.21709530000000002,-0.34580249999999996,9.1923624,-0.09704098702845165,3,-0.818388477211495,2.4533003246553844,1,6.6305635405278265
7.625,0.21709530000000002,-0.36375480000000004,9.225324,-0.10899585740104278,3,-0.747179398286945,2.4516520298999485,1,6.669803159364269
7.64,0.1946304,-0.36375480000000004,9.1983465,-0.12132868888336468,3,-0.8221887654881438,2.4499245958028153,1,6.70656498405704
7.656,0.21258269999999999,-0.36826739999999997,9.1983465,-0.1333466625324089,3,-0.7511233530652632,2.447887192991489,1,6.745747478367394
7.671,0.21258269999999999,-0.4235958000000001,8.96634,-0.15066450291402056,3,-1.1545226921074003,2.445757109250641,1,6.782449810634212
7.687,0.1571562,-0.3562992,8.9783082,-0.16736746512751566,3,-1.0439351383434428,2.4432128535063087,1,6.821561570336268
7.703,0.2350476,-0.3562992,8.9019864,-0.18548097537611952,3,-1.13209439053774,2.4403900659822795,1,6.860630393692177
7.718,0.2200383,-0.315882,8.9019864,-0.20319921947030117,3,-1.181216272945469,2.4374749645209315,1,6.897214381420951
7.734,0.2200383,-0.4235958000000001,8.8990434,-0.22044800014256793,3,-1.0780487920166717,2.4340857867640286,1,6.93618686743123
7.75,0.19011780000000003,-0.4235958000000001,8.903457900000001,-0.2371853482793309,3,-1.046084258547685,2.4304247199766533,1,6.975102951485155
7.765,0.2425032,-0.3831786,8.903457900000001,-0.2535280714507895,3,-1.0895148780972614,2.4267443693286777,1,7.011531719654944
7.781,0.2425032,-0.3218661,8.8600977,-0.2705878116480225,3,-1.0662337623270615,2.422551442263887,1,7.050326086147685
7.796,0.19011780000000003,-0.3218661,8.8391043,-0.28777420217924465,3,-1.1457593687481014,2.4183637271601826,1,7.086632949918367
7.812,0.1990449,-0.33226469999999997,8.8391043,-0.3045272478130574,3,-1.0470653521132958,2.4136253155602443,1,7.12528886226013
7.828,0.21552570000000001,-0.3248091,8.8061427,-0.3216721753420817,3,-1.071557970564018,2.4086157201750034,1,7.163866790546012
7.843,0.21552570000000001,-0.3876912,8.8345917,-0.3376439554327373,3,-1.0647853393770617,2.4036708491941923,1,7.19995893981628
7.859,0.1526436,-0.3876912,8.8465599,-0.3529665160218052,3,-0.9576600368167423,2.398145965422556,1,7.238373474333215
7.875,0.17069399999999998,-0.3771945,8.8465599,-0.36791837455709775,3,-0.934491158455785,2.3923788862979247,1,7.276697673146979
7.89,0.17069399999999998,-0.3652263,8.8106553,-0.38339259965101924,3,-1.0316150062614546,2.386744053991364,1,7.312541095199148
7.906,0.2425032,-0.3652263,8.8286076,-0.39801106130857455,3,-0.9136538535972064,2.3804928247036874,1,7.350678990228708
7.921,0.21258269999999999,-0.3338343,8.8286076,-0.4123220417576867,3,-0.9540653632741082,2.3744153264306904,1,7.386340801362217
7.937,0.21258269999999999,-0.45802890000000007,8.7657255,-0.4276794962536954,3,-0.9598409060005411,2.3676953141265993,1,7.4242776864866755
7.953,0.23799060000000002,-0.45802890000000007,8.773279200000001,-0.4424625604201431,3,-0.9239415104029806,2.3607341776732085,1,7.462105122421074
7.968,0.287433,-0.42957990000000007,8.773279200000001,-0.45688405376675867,3,-0.9614328897743923,2.3539890780668067,1,7.497465546839123
7.984,0.2080701,-0.33824879999999996,8.7493428,-0.47168895016227985,3,-0.9253060247200732,2.3465604940353746,1,7.535069943415941
8.0,0.2080701,-0.35178660000000006,8.740317600000001,-0.48633963153343984,3,-0.9156675856974986,2.3388962653818086,1,7.572553597491279
8.015,0.19757340000000004,-0.35178660000000006,8.7477732,-0.5004572631378714,3,-0.941175440295403,2.3314952886717735,1,7.607581534146682
8.031,0.1856052,-0.3023442,8.7477732,-0.5142819941418697,3,-0.8640456877498918,2.3233773746135356,1,7.644820515452965
8.046,0.1856052,-0.33824879999999996,8.732862,-0.5281008350629239,3,-0.9212560614036897,2.3155595033945002,1,7.679612542038022
8.062,0.1915893,-0.33824879999999996,8.735805,-0.541507772624966,3,-0.8379335976276262,2.307002634532997,1,7.716593039141443
8.078,0.18413369999999998,-0.39220380000000005,8.735805,-0.5545366605858533,3,-0.8143054975554557,2.2982342790673105,1,7.753434934450245
8.093,0.18413369999999998,-0.39220380000000005,8.735805,-0.5672477707915959,3,-0.8474073470494793,2.2898208958319795,1,7.787845348261991
8.109,0.18413369999999998,-0.35178660000000006,8.735805,-0.579690784023132,3,-0.7776883269710038,2.2806453873934616,1,7.824409078527794
8.125,0.21709530000000002,-0.34580249999999996,8.830177200000001,-0.5895184100552928,3,-0.6142266270100499,2.271291713840834,1,7.860824575337668
8.14,0.173637,-0.36973890000000004,8.789760000000001,-0.6000908626487771,3,-0.7048301728989247,2.2623696442955534,1,7.894827035523693
8.156,0.173637,-0.4027005000000001,8.7193242,-0.6120859614930207,3,-0.7496936777652279,2.252672229702419,1,7.9309473705156766
8.171,0.173637,-0.4027005000000001,8.7193242,-0.6237884969508194,3,-0.7801690305199726,2.2434031712640907,1,7.964667936022923
8.187,0.21709530000000002,-0.4027005000000001,8.7867189,-0.6335403539720019,3,-0.6094910638239076,2.233344540456708,1,8.000481917716689
8.203,0.21101310000000004,-0.45351630000000004,8.7867189,-0.6429976721993,3,-0.5910823892061318,2.223132236247338,1,8.036133731930322
8.218,0.21101310000000004,-0.3562992,8.8106553,-0.6517502728842306,3,-0.5835067123286816,2.213421626659211,1,8.069407885902123
8.234,0.2604555,-0.3562992,8.7986871,-0.6605487098756555,3,-0.5499023119640563,2.202923234797132,1,8.104738644793773
8.25,0.2260224,-0.37572300000000003,8.7986871,-0.6691360562581945,3,-0.5367091489086868,2.192285756668061,1,8.139900316725495
8.265,0.2260224,-0.33981839999999996,8.752285800000001,-0.6786800395166601,3,-0.6362655505643503,2.1821771359497495,1,8.17270878842013
8.281,0.2274939,-0.33981839999999996,8.7718077,-0.6875146876736782,3,-0.5521655098136287,2.1712475781322267,1,8.207536186132785
8.296,0.16912439999999998,-0.4056435,8.7718077,-0.6960978635313069,3,-0.5722117238419586,2.16087048399819,1,8.24002707159876
8.312,0.173637,-0.37268190000000007,8.7986871,-0.7038502925247752,3,-0.4845268120917674,2.1496708987497413,1,8.274511402660744
8.328,0.173637,-0.3202965,8.773279200000001,-0.7120830767604698,3,-0.5145490147309135,2.1383434317954593,1,8.308815517305106
8.343,0.20355750000000003,-0.3202965,8.8166394,-0.7190428051509254,3,-0.46398189269702683,2.127609987681123,1,8.340810167951181
8.359,0.1856052,-0.35178660000000006,8.8166394,-0.7258131927341616,3,-0.4231492239522568,2.1160511396980426,1,8.374759456970214
8.375,0.1856052,-0.41309910000000005,8.8001586,-0.732755097339151,3,-0.43386903781184,2.1043825933774563,1,8.408522926834818
8.39,0.20208600000000002,-0.41309910000000005,8.8091838,-0.7392990174897953,3,-0.43626134337627087,2.093342187516239,1,8.440005862691523
8.406,0.22455090000000003,-0.33226469999999997,8.8091838,-0.7457533870112663,3,-0.40339809509193325,2.08146176828023,1,8.473404294337895
8.421,0.22455090000000003,-0.3262806,8.830177200000001,-0.7515442642316419,3,-0.3860584813584067,2.070232035895909,1,8.504541997869213
8.437,0.18413369999999998,-0.3262806,8.8031997,-0.7578740857894033,3,-0.39561384736008753,2.058156689095741,1,8.537569107669146
8.453,0.2215098,-0.3891627,8.8031997,-0.7639662868712769,3,-0.3807625676170986,2.0459819661144554,1,8.570402216910828
8.468,0.2425032,-0.38023560000000006,8.813696400000001,-0.7696502410931245,3,-0.37893028145649515,2.034479842154722,1,8.601005680472849
8.484,0.2425032,-0.3936753,8.7537573,-0.7766410979758422,3,-0.43692855516985724,2.0221095114421703,1,8.633458395301624
8.5,0.19757340000000004,-0.3936753,8.8166394,-0.7819571696889849,3,-0.33225448207141434,2.009640725300852,1,8.665712397195568
8.515,0.19011780000000003,-0.36375480000000004,8.8166394,-0.7871788849564876,3,-0.34811435116683365,1.9978722048910116,1,8.695768744172009
8.531,0.19011780000000003,-0.3487455,8.8106553,-0.7924338235447248,3,-0.3284336617648262,1.985235303223003,1,8.727633604236921
8.546,0.20355750000000003,-0.3487455,8.830177200000001,-0.7970776314592403,3,-0.3095871943010558,1.9733139673104743,1,8.75732272376592
8.562,0.22455090000000003,-0.3503151,8.8286076,-0.8016325035350746,3,-0.2846795047396486,1.9605242862305197,1,8.788793429794248
8.578,0.22455090000000003,-0.3503151,8.8286076,-0.8060762811700357,3,-0.2777361021850664,1.9476626159528787,1,8.820058925011715
8.593,0.1870767,-0.3503151,8.792703,-0.8113077925110321,3,-0.3487674227330814,1.9355322354002702,1,8.849182886396864
8.609,0.1856052,-0.4116276,8.792703,-0.8163477473248726,3,-0.314997175865028,1.922510991081583,1,8.88004723220872
8.625,0.21258269999999999,-0.37268190000000007,8.7941745,-0.8212563608866841,3,-0.306788347613218,1.9094101582158904,1,8.910702601403099
8.64,0.21258269999999999,-0.3367773,8.7537573,-0.8270653083940864,3,-0.3872631671601421,1.8970477456962842,1,8.93925103568244
8.656,0.16912439999999998,-0.3367773,8.8077123,-0.8314408960938078,3,-0.2734742312325842,1.883779696060381,1,8.969497655216493
8.671,0.2260224,-0.3907323,8.8077123,-0.835624378041155,3,-0.2788987964898351,1.8712767065043698,1,8.997660578235726
8.687,0.2260224,-0.39220380000000005,8.8735374,-0.8381008410414665,3,-0.1547789375194729,1.8578869047517088,1,9.027493887125775
8.703,0.18109260000000002,-0.39220380000000005,8.7941745,-0.8424753799887306,3,-0.27340868420400155,1.8444422949834671,1,9.057112520723656
8.718,0.1796211,-0.3891627,8.7941745,-0.8467472492685566,3,-0.2847912853217249,1.831773125264037,1,9.084684136375513
8.734,0.1796211,-0.3487455,8.7747507,-0.8514295191068921,3,-0.29264186489597027,1.8181877111170335,1,9.113883823066562
8.75,0.21101310000000004,-0.3487455,8.7747507,-0.8559805621372423,3,-0.2844401893968837,1.8045284304670803,1,9.142865552199234
8.765,0.21101310000000004,-0.3487455,8.7747507,-0.8604206041180724,3,-0.2960027987219985,1.791655421720165,1,9.16983693109064
8.781,0.21856680000000003,-0.3547296,8.7747507,-0.8647420034452971,3,-0.27008745795153977,1.777854120859658,1,9.198393007431278
8.796,0.24397470000000002,-0.41466870000000006,8.821152,-0.867747631266587,3,-0.20037518808601554,1.76486044859932,1,9.224963366702218
8.812,0.24397470000000002,-0.34128990000000003,8.8121268,-0.870976417301943,3,-0.20179912720974508,1.7509506562107717,1,9.253089855540699
8.828,0.2200383,-0.34128990000000003,8.8031997,-0.8743593094465538,3,-0.2114307590381779,1.7369879703967837,1,9.28099336455356
8.843,0.21552570000000001,-0.347274,8.8031997,-0.8776567100105233,3,-0.2198267042646205,1.7238478502508552,1,9.306949633208419
8.859,0.21552570000000001,-0.3592422,8.821152,-0.8804246183184077,3,-0.17299426924277644,1.7097831996242236,1,9.334418681607419
8.875,0.19011780000000003,-0.3592422,8.8061427,-0.8835049416026841,3,-0.1925202052672768,1.6956717631448548,1,9.361662321309572
8.89,0.2274939,-0.36669779999999996,8.8570566,-0.8852407345227213,3,-0.11571952800247741,1.6824061705739137,1,9.386997905812464
8.906,0.2274939,-0.36669779999999996,8.8570566,-0.8869341910300736,3,-0.10584103170951921,1.6682287711694914,1,9.413802985346411
8.921,0.23053500000000002,-0.36669779999999996,8.8570566,-0.8885844281259114,3,-0.11001580638919425,1.6549123815258227,1,9.438726543991624
8.937,0.1870767,-0.34580249999999996,8.8570566,-0.8902398535164444,3,-0.10346408690831134,1.6406817872726838,1,9.465091297342012
8.953,0.1661814,-0.35178660000000006,8.7912315,-0.8934632459897145,3,-0.20146202957937992,1.6264121624766346,1,9.491228048940005
8.968,0.1661814,-0.37425150000000007,8.8226235,-0.8958205845983489,3,-0.15715590724228787,1.6129925337472235,1,9.515523584161686
8.984,0.22455090000000003,-0.3876912,8.7941745,-0.8987677837305341,3,-0.184199945761576,1.5986358268005925,1,9.54121661104607
9.0,0.22455090000000003,-0.39220380000000005,8.8481295,-0.9003239740836033,3,-0.09726189706682478,1.5842430927380793,1,9.566679642402379
9.015,0.22455090000000003,-0.39220380000000005,8.8481295,-0.9018422085744024,3,-0.10121563271993822,1.5707268463681436,1,9.590341916945677
9.031,0.1781496,-0.39220380000000005,8.858626200000002,-0.9030934205295775,3,-0.07820074719844243,1.5562873613353119,1,9.615358030607306
9.046,0.21552570000000001,-0.33530580000000004,8.858626200000002,-0.9043508033039114,3,-0.08382551828892998,1.5427315296565618,1,9.638600672289742
9.062,0.21552570000000001,-0.3218661,8.7957441,-0.907121900123677,3,-0.1731935512353509,1.528239748029141,1,9.663168442511228
9.078,0.2604555,-0.3218661,8.8405758,-0.9087035363479021,3,-0.0988522640140709,1.5137131445373684,1,9.68750406565176
9.093,0.2080701,-0.37866600000000006,8.8405758,-0.9102255887045683,3,-0.10147015711107196,1.5000711760994743,1,9.710107448056537
9.109,0.19610190000000002,-0.37425150000000007,8.8121268,-0.912414846730206,3,-0.13682862660235873,1.485490052615996,1,9.73399193788626
9.125,0.19610190000000002,-0.40417200000000003,8.884034100000001,-0.9127669349918577,3,-0.02200551635322954,1.4708885983622195,1,9.757642967094087
9.14,0.19610190000000002,-0.40417200000000003,8.8391043,-0.9142048790803212,3,-0.09586293923089895,1.4571863097566777,1,9.77960352890498
9.156,0.2140542,-0.32333760000000006,8.8391043,-0.9156786484613466,3,-0.09211058631408689,1.4425472415363443,1,9.802801397315324
9.171,0.2140542,-0.34580249999999996,8.8391043,-0.9170957536158486,3,-0.09447367696680736,1.4288014335207664,1,9.82433651237825
9.187,0.2065986,-0.34580249999999996,8.8166394,-0.9190299725307973,3,-0.1208886821842946,1.4141124277115933,1,9.847079823268109
9.203,0.21709530000000002,-0.37866600000000006,8.8166394,-0.920877976173303,3,-0.1155002276566063,1.3993931641219606,1,9.869587868002776
9.218,0.21709530000000002,-0.3202965,8.8061427,-0.9229930471605048,3,-0.14100473248011208,1.3855641314469564,1,9.890475047719544
9.234,0.23347800000000002,-0.3202965,8.8241931,-0.9246065094844198,3,-0.10084139524468841,1.370783334993797,1,9.91252582745107
9.25,0.21101310000000004,-0.3338343,8.830177200000001,-0.9260363713131969,3,-0.08936636429857084,1.355978191947416,1,9.9343399196666
9.265,0.2200383,-0.4027005000000001,8.830177200000001,-0.9273560228394295,3,-0.08797676841550268,1.342077748991271,1,9.954575339223641
9.281,0.2200383,-0.3936753,8.849601,-0.9281802651247322,3,-0.05151514283141529,1.3272334586875576,1,9.975929828885072
9.296,0.1930608,-0.3936753,8.854113600000002,-0.9288898133682331,3,-0.047303216233396506,1.3133054330988614,1,9.995733870573469
9.312,0.2215098,-0.40113090000000007,8.854113600000002,-0.9295576805139945,3,-0.04174169661008694,1.2984378531478036,1,10.016627816863442
9.328,0.2215098,-0.34128990000000003,8.875008900000001,-0.9297612709424605,3,-0.012724401779129467,1.2835633015361518,1,10.037283826100914
9.343,0.21856680000000003,-0.34128990000000003,8.8481295,-0.9306165841090923,3,-0.05702087777545038,1.2696104676232647,1,10.05643262936961
9.359,0.21856680000000003,-0.36973890000000004,8.8481295,-0.9314231872237411,3,-0.050412694665546945,1.254714149452602,1,10.076627226306217
9.375,0.21856680000000003,-0.347274,8.8405758,-0.9324163314164586,3,-0.06207151204484779,1.2398034333034804,1,10.096583366968265
9.39,0.21856680000000003,-0.347274,8.8405758,-0.9333852525800843,3,-0.06459474424170955,1.2258099214235059,1,10.115075467128717
9.406,0.2140542,-0.34580249999999996,8.884034100000001,-0.93327579281571,3,0.006841235273391527,1.2108766330603395,1,10.134568959564588
9.421,0.2140542,-0.34580249999999996,8.884034100000001,-0.9331690028016855,3,0.007119334268306077,1.1968782970932101,1,10.152627121540737
9.437,0.17510850000000003,-0.36973890000000004,8.884034100000001,-0.9330621143037696,3,0.006680531119740423,1.1819484481563665,1,10.171657735502734
9.453,0.18266220000000002,-0.347274,8.880993,-0.9330503162820492,3,0.0007373763575291286,1.16701954871168,1,10.190449479477678
9.468,0.18266220000000002,-0.347274,8.880993,-0.9330388060169561,3,0.0007673510062033693,1.1530238802944368,1,10.207849805195224
9.484,0.2215098,-0.37572300000000003,8.880993,-0.9329778263013484,3,0.0038112322254812946,1.1380957472358904,1,10.226178762215467
9.5,0.2215098,-0.39220380000000005,8.825664600000001,-0.93424870657398,3,-0.07943001703947232,1.1231579349728877,1,10.244268791673138
9.515,0.19610190000000002,-0.39220380000000005,8.8690248,-0.9344469634597985,3,-0.013217125721235326,1.1091427174476338,1,10.261011046566292
9.531,0.1915893,-0.33981839999999996,8.8690248,-0.9346954585735752,3,-0.01553094461104186,1.0941895780713669,1,10.278637704930444
9.546,0.1915893,-0.3503151,8.8391043,-0.935656969209191,3,-0.06410070904105723,1.0801619348629972,1,10.294945341277451
9.562,0.2230794,-0.3503151,8.8361613,-0.9366487330429258,3,-0.061985239608430776,1.0651834892449803,1,10.312108104670315
9.578,0.205029,-0.37572300000000003,8.87805,-0.9365810451408834,3,0.004230493877654947,1.05019765101951,1,10.329031153792432
9.593,0.21709530000000002,-0.4235958000000001,8.87805,-0.9364555262158696,3,0.008367928334251611,1.0361498767343338,1,10.344678760250586
9.609,0.21709530000000002,-0.3652263,8.8929612,-0.9360329605641802,3,0.026410353230588133,1.0211699688400935,1,10.361137319015182
9.625,0.16765290000000002,-0.3652263,8.8974738,-0.9355368084740903,3,0.03100950563061919,1.0061974106877873,1,10.377356258051405
9.64,0.1915893,-0.3951468000000001,8.8974738,-0.9350098368848805,3,0.03513143928065062,0.9921683108475945,1,10.39234400096292
9.656,0.1915893,-0.40113090000000007,8.940932100000001,-0.9334305507765954,3,0.09870538176781621,0.9772207877463027,1,10.408099113751671
9.671,0.2425032,-0.40113090000000007,8.9469162,-0.9317139240127208,3,0.11444178425831782,0.963232204185384,1,10.422652511191158
9.687,0.2274939,-0.37572300000000003,8.9469162,-0.9300756388951097,3,0.10239281985069394,0.9483378876821213,1,10.437945071926098
9.703,0.2274939,-0.318825,9.042661800000001,-0.9261980717254428,3,0.24234794810418214,0.9334876979971569,1,10.452999676611531
9.718,0.2140542,-0.318825,9.0471744,-0.9223131107480906,3,0.25899739849013265,0.9196238641286049,1,10.466898013327475
9.734,0.2006145,-0.347274,9.0471744,-0.9185048906025592,3,0.23801375909571187,0.9048973201177997,1,10.481494182801447
9.75,0.2290635,-0.3143124,9.0875916,-0.9138175792213392,3,0.29295696132625143,0.8902387403592085,1,10.495855271285263
9.765,0.2290635,-0.3487455,9.1385055,-0.9079734814501581,3,0.389606518078726,0.8765753074041718,1,10.509106376643489
9.781,0.21709530000000002,-0.3487455,9.0770949,-0.9037753393433068,3,0.26238388167820736,0.8620813168378241,1,10.523015629637426
9.796,0.21552570000000001,-0.33226469999999997,9.0770949,-0.8996955664199593,3,0.2719848615565213,0.8485552850446006,1,10.535845404151543
9.812,0.21552570000000001,-0.38621970000000005,9.0606141,-0.8960647672249937,3,0.2269249496853474,0.834189202375441,1,10.549307360050904
9.828,0.1870767,-0.38621970000000005,9.154986300000001,-0.8902387122534225,3,0.36412843572319853,0.8198987745396137,1,10.562540063866225
9.843,0.2080701,-0.37425150000000007,9.154986300000001,-0.8845558286558859,3,0.37885890650242954,0.8065878154827933,1,10.574738713291394
9.859,0.2080701,-0.36973890000000004,9.174410100000001,-0.8785427749580084,3,0.3758158561173449,0.7924830266538821,1,10.587531280028488
9.875,0.20954160000000002,-0.36973890000000004,9.202859100000001,-0.8719824280677688,3,0.4100216806399711,0.7784788250296759,1,10.600098974841956
9.89,0.19757340000000004,-0.42957990000000007,9.202859100000001,-0.8655252297382656,3,0.4304798886335303,0.7654475175961302,1,10.61167842241165
9.906,0.1946304,-0.38023560000000006,9.1729386,-0.8600089218285589,3,0.3447692443566682,0.7516432443835955,1,10.623815148507488
9.921,0.1946304,-0.344331,9.3286233,-0.8508679882401005,3,0.6093955725639468,0.7388116675580816,1,10.634993560347048
9.937,0.23200650000000003,-0.344331,9.3121425,-0.8423307504724882,3,0.5335773604757672,0.7252660776483809,1,10.6467061823087
9.953,0.2140542,-0.3487455,9.3121425,-0.8340082118460472,3,0.5201586641525586,0.7118553659498326,1,10.658203153857485
9.968,0.2140542,-0.37866600000000006,9.377967600000002,-0.8242564347225816,3,0.6501184748976849,0.6994183811005674,1,10.668787706960364
9.984,0.1870767,-0.37866600000000006,9.436337100000001,-0.81333434983177,3,0.6826303056757238,0.6863176548241327,1,10.679873595247761
10.0,0.20355750000000003,-0.38023560000000006,9.436337100000001,-0.8026688077551256,3,0.6665963797902735,0.6733896295634375,1,10.690751253522862
10.015,0.20355750000000003,-0.39818790000000004,9.3719835,-0.7938131886313631,3,0.5903746082508134,0.6614160145905383,1,10.700762295854018
10.031,0.2200383,-0.39818790000000004,9.4453623,-0.7833768483320398,3,0.6522712687077042,0.648798494294831,1,10.711244011925102
10.046,0.18413369999999998,-0.40417200000000003,9.4438908,-0.7732434264677206,3,0.6755614576213346,0.6371238422338338,1,10.720888429449065
10.062,0.2065986,-0.39671639999999997,9.4438908,-0.7633535409588603,3,0.6181178443037666,0.6248310664944211,1,10.730984068718891
10.078,0.2065986,-0.3487455,9.5022603,-0.7523286586217246,3,0.689055146070982,0.6127056088977764,1,10.74088436212203
10.093,0.2065986,-0.3487455,9.5022603,-0.7415726758537886,3,0.7170655178623722,0.6015013488892096,1,10.749990914305432
10.109,0.1870767,-0.3487455,9.4288815,-0.7328770531910997,3,0.5434764164180534,0.5897057510568504,1,10.759520571105
10.125,0.19610190000000002,-0.3622833,9.4288815,-0.7243766117785224,3,0.5312775882860827,0.5780477217370934,1,10.76886259888735
10.14,0.19610190000000002,-0.39671639999999997,9.488722500000002,-0.7145917890097575,3,0.652321517917636,0.5672554587311809,1,10.777452372740862
10.156,0.2529999,-0.39671639999999997,9.544149,-0.7036626006963118,3,0.6830742695903552,0.5559094236135323,1,10.78643769179962
10.171,0.2260224,-0.3173535,9.544149,-0.6930888107100976,3,0.7049193324143345,0.5454337880279851,1,10.79469776588693
10.187,0.2260224,-0.3547296,9.5366934,-0.6829225172815026,3,0.635393339287193,0.5344256974040523,1,10.803336641770386
10.203,0.21856680000000003,-0.3547296,9.645976800000001,-0.6703454796006412,3,0.7860648550538356,0.5235995534289951,1,10.81180084377705
10.218,0.1990449,-0.3173535,9.6444072,-0.6581554829151735,3,0.8126664456978171,0.5136357962101261,1,10.819580108899343
10.234,0.19757340000000004,-0.36375480000000004,9.6444072,-0.6462236111250785,3,0.7457419868809316,0.5032007634578041,1,10.827714801376686
10.25,0.19757340000000004,-0.36375480000000004,9.6444072,-0.6345827605981551,3,0.7275531579327137,0.4929543124840176,2,10.835684041984221
10.265,0.23053500000000002,-0.36375480000000004,9.6159582,-0.6239011924179181,3,0.7121045453491078,0.4835156828363967,2,10.843007566949124
10.281,0.2006145,-0.347274,9.6159582,-0.6135113427404413,3,0.6493656048422997,0.4736163825551298,2,10.850664623472257
10.296,0.2006145,-0.40417200000000003,9.6369516,-0.602809261200429,3,0.7134721026675432,0.46449397802557396,2,10.857700451176612
10.312,0.18266220000000002,-0.40417200000000003,9.6235119,-0.5927043543359929,3,0.6315566790272559,0.4549298691012826,2,10.865055841953627
10.328,0.2260224,-0.3622833,9.6235119,-0.5828641191884234,3,0.6150146967230924,0.44552532131308725,2,10.872259483476942
10.343,0.2260224,-0.38621970000000005,9.6474483,-0.572658023018656,3,0.6804064113178022,0.4368589052465338,2,10.87887736517614
10.359,0.2260224,-0.38621970000000005,9.687865500000001,-0.5617161250229508,3,0.6838686247315756,0.42778391206220095,2,10.885794507714609
10.375,0.2499588,-0.37425150000000007,9.704346300000001,-0.5506366823161795,3,0.6924651691732058,0.4188850896034879,2,10.892567859727935
10.39,0.2754648,-0.3367773,9.704346300000001,-0.5398440956434314,3,0.7195057781831775,0.41070648376879054,2,10.898789796528227
10.406,0.2754648,-0.34580249999999996,9.735738300000001,-0.5285421413402691,3,0.7063721439476416,0.40215939387292093,2,10.90529272354936
10.421,0.19610190000000002,-0.34580249999999996,9.728282700000001,-0.5177443721470496,3,0.7198512795480252,0.39431224502176665,2,10.911266260841069
10.437,0.1915893,-0.318825,9.728282700000001,-0.507234613574127,3,0.6568599108076606,0.3861124131359972,2,10.917509658106331
10.453,0.1915893,-0.3338343,9.776155500000002,-0.4958021990181116,3,0.714525909750962,0.37808811863525926,2,10.9236232623605
10.468,0.23200650000000003,-0.3338343,9.7806681,-0.48451731612573035,3,0.7523255261587233,0.37073572227168017,2,10.929239441167303
10.484,0.2499588,-0.31136939999999996,9.7806681,-0.4735149523246971,3,0.6876477375645778,0.36307146412407676,2,10.93510989865847
10.5,0.2499588,-0.3891627,9.800091900000002,-0.46223983188372664,3,0.7046950275606527,0.35558542585040936,2,10.940859153778264
10.515,0.21856680000000003,-0.3891627,9.8091171,-0.45103809805110195,3,0.7467822555082839,0.3487358413758979,2,10.946141563282461
10.531,0.1796211,-0.3891627,9.714843,-0.44242599303047037,3,0.5382565637894738,0.3415881286472453,2,10.951664155042646
10.546,0.2065986,-0.4056435,9.714843,-0.4339944471827515,3,0.5621030565146372,0.33501497534564667,2,10.956738678322592
10.562,0.2065986,-0.40711500000000006,9.711801900000001,-0.42584114050712074,3,0.5095816672269211,0.3281362906441277,2,10.962043888450511
10.578,0.2290635,-0.40711500000000006,9.777627,-0.4162707704404838,3,0.59814812916481,0.3213993953565468,2,10.967240173938515
10.593,0.2274939,-0.3592422,9.777627,-0.4069804278269782,3,0.6193561742336823,0.3152250113695406,2,10.972014856988961
10.609,0.2274939,-0.3143124,9.8105886,-0.3971510799768261,3,0.6143342406345059,0.3087919593071102,2,10.977006992754374
10.625,0.2080701,-0.3143124,9.7582032,-0.388848726557832,3,0.5188970886871309,0.3025039608548329,2,10.981897360115669
10.64,0.2140542,-0.3367773,9.7582032,-0.3807274502546285,3,0.5414184202135444,0.2967321395287392,2,10.986391630868546
10.656,0.2140542,-0.34580249999999996,9.716314500000001,-0.3738173471915953,3,0.431881441439574,0.29069578114916944,2,10.99109105423397
10.671,0.2215098,-0.34580249999999996,9.8105886,-0.36477437401384627,3,0.6028648785166517,0.28515634324012906,2,10.99540994516689
10.687,0.23200650000000003,-0.36826739999999997,9.818044200000001,-0.355744461847495,3,0.5643695103969554,0.2793921925532383,2,10.999926333453237
10.703,0.1571562,-0.38023560000000006,9.818044200000001,-0.3469598224702164,3,0.5490399610799108,0.2737705582786966,2,11.004351635459892
10.718,0.1571562,-0.38023560000000006,9.818044200000001,-0.3383894425899445,3,0.5713586586847699,0.2686304387907452,2,11.008419642937913
10.734,0.1287072,-0.315882,9.7552602,-0.3316241808442939,3,0.4228288591031633,0.2632703298032713,2,11.012674849086665
10.75,0.2006145,-0.33824879999999996,9.7552602,-0.3249760661235772,3,0.4155071700447928,0.25801752782752835,2,11.016845151947711
10.765,0.2006145,-0.34580249999999996,9.8405091,-0.3164061336692292,3,0.5713288302898454,0.2532071613290821,2,11.020679337116386
10.781,0.2006145,-0.34580249999999996,9.8405091,-0.3080452239576701,3,0.5225568569724444,0.24821155046806692,2,11.024690686810763
10.796,0.2484873,-0.34580249999999996,9.8225568,-0.30029906899299874,3,0.5164103309781315,0.24364896827093724,2,11.028379640701305
10.812,0.18109260000000002,-0.3652263,9.8225568,-0.29276062534224856,3,0.4711527281718859,0.23890449071625525,2,11.032240068373202
10.828,0.18109260000000002,-0.3652263,9.8151012,-0.28558773354968814,3,0.4483057370350259,0.23427770384511978,2,11.036025525929693
10.843,0.142245,-0.37268190000000007,9.8046045,-0.27885435974025086,3,0.4488915872958018,0.2300443881454451,2,11.039507941619622
10.859,0.18864630000000002,-0.37268190000000007,9.776155500000002,-0.2729593811979516,3,0.3684361588937032,0.22562987821793948,2,11.043153335750528
10.875,0.2798793,-0.37572300000000003,9.7656588,-0.26740780292851163,3,0.3469736418399979,0.22130694074492777,2,11.04672883030223
10.89,0.2798793,-0.37572300000000003,9.7656588,-0.2619916290071078,3,0.361078261426907,0.21733644500541047,2,11.050018655695357
10.906,0.261927,-0.37572300000000003,9.7732125,-0.25653565522602406,3,0.3409983613177345,0.21318822673154542,2,11.053462853069252
10.921,0.2724237,-0.315882,9.7732125,-0.2512573526535249,3,0.3518868381666398,0.2093797791724491,2,11.056632113113531
10.937,0.2724237,-0.3008727,9.7582032,-0.24648509471294844,3,0.298266121286028,0.20539783959351732,2,11.05995033406366
10.953,0.2918475,-0.3008727,9.836094600000001,-0.23991749431336196,3,0.4104750249741547,0.20150661888130683,2,11.063205569731458
10.968,0.2394621,-0.3547296,9.836094600000001,-0.23350081907209486,3,0.42777834941779047,0.19795598153091576,2,11.06620153923455
10.984,0.2394621,-0.2889045,9.7911648,-0.2283881811176105,3,0.31953987215527196,0.1942608695293981,2,11.069339274043033
11.0,0.1990449,-0.315882,9.8285409,-0.22249104092182748,3,0.36857126223643866,0.19065383575308262,2,11.072418591685294
11.015,0.21552570000000001,-0.315882,9.843550200000001,-0.21636345791629275,3,0.4085055337022999,0.1873624270117966,2,11.07525371365603
11.031,0.2006145,-0.36973890000000004,9.843550200000001,-0.2103473006760801,3,0.37600982751329026,0.1839487409430576,2,11.07822420299967
11.046,0.2006145,-0.3847482,9.827069400000001,-0.20486544264916695,3,0.3654572017942391,0.1808346453681185,2,11.080960078397002
11.062,0.1062423,-0.3847482,9.7986204,-0.2002464979291183,3,0.28868404500304007,0.17759374984349222,2,11.083827505558695
11.078,0.10477080000000001,-0.4027005000000001,9.7986204,-0.19572301776271495,3,0.2827175104002097,0.17442599371795756,2,11.086643663507186
11.093,0.10477080000000001,-0.4161402,9.7851807,-0.19162366581584145,3,0.27329012979155615,0.17152089359111827,2,11.089238265162004
11.109,0.1287072,-0.4161402,9.8076456,-0.18706995628583023,3,0.2846068456257009,0.1684913446143049,2,11.091958363067647
11.125,0.1392039,-0.39818790000000004,9.8076456,-0.1826419798631722,3,0.276748526416126,0.16553364912511287,2,11.094630563017562
11.14,0.1392039,-0.36071369999999997,9.788123700000002,-0.1788331086079431,3,0.2539247503485975,0.1628225859615794,2,11.097093234780711
11.156,0.1526436,-0.35777070000000005,9.883967400000001,-0.17277906056878756,3,0.3783780024472213,0.16000968860816556,2,11.099675892977269
11.171,0.2230794,-0.35777070000000005,9.8944641,-0.16658426251719227,3,0.41298653677305225,0.1574644636850209,2,11.102056949119467
11.203,0.2754648,-0.33226469999999997,9.8734707,-0.16104161689085394,3,0.17320767582307256,0.15222244961449216,2,11.107011939732258
11.203,0.2754648,-0.33226469999999997,9.8734707,-0.1556341577432061,3,0.0,0.15222244961449216,2,11.107011939732258
11.218,0.2918475,-0.33226469999999997,9.7582032,-0.15315567289399645,3,0.16523232328063708,0.14990652588471307,2,11.109277907048503
11.234,0.2559429,-0.3173535,9.7582032,-0.15077428965791206,3,0.14883645225527417,0.1474750861842978,2,11.111656959945055
11.25,0.2559429,-0.33824879999999996,9.833053500000002,-0.146609976521912,3,0.2602695710000045,0.1450960120548592,2,11.113997528730968
11.265,0.3143124,-0.33824879999999996,9.839037600000001,-0.14236019952226187,3,0.2833184666433308,0.1429287357345278,2,11.116157714339389
11.281,0.2784078,-0.3248091,9.839037600000001,-0.13825146009495093,3,0.2567962142069333,0.1406838424575901,2,11.118426614964926
11.296,0.2784078,-0.33530580000000004,9.886910400000001,-0.13306786281140326,3,0.3455731522365391,0.13864894753579263,2,11.120521610889877
11.312,0.2365191,-0.33530580000000004,9.845021700000002,-0.129058068791295,3,0.250612126256766,0.13655194008297103,2,11.122723217990828
11.328,0.2065986,-0.40417200000000003,9.8464932,-0.12506360932785476,3,0.24965371646501455,0.13451896665801782,2,11.124891785244756
11.343,0.1930608,-0.43262100000000003,9.8464932,-0.12114381778202166,3,0.2613194363888639,0.13267241095469368,2,11.12689572057685
11.359,0.1930608,-0.37572300000000003,9.8136297,-0.11817734519028811,3,0.18540453698334664,0.1307578416509152,2,11.129003162597696
11.375,0.173637,-0.37572300000000003,9.8375661,-0.11470877137601931,3,0.21678586339179942,0.12889475271838474,2,11.13108038335265
11.39,0.173637,-0.37572300000000003,9.8375661,-0.11132479692307484,3,0.2255982968629562,0.12719950095614146,2,11.13300109025521
11.406,0.19610190000000002,-0.3652263,9.8196138,-0.10846017573692102,3,0.17903882413461397,0.1254412211748615,2,11.135022216032258
11.421,0.19610190000000002,-0.3652263,9.8196138,-0.10566542336018436,0,0.1863168251157919,0.12333527918163334,2,11.136888039784932
11.437,0.1497006,-0.3652263,9.818044200000001,-0.10299699817163166,0,0.16677657428454382,0.12116597980937882,2,11.13884404985686
11.453,0.18109260000000002,-0.344331,9.818044200000001,-0.10039916979013519,0,0.16236427384352922,0.11903881046568468,2,11.14076568817906
11.468,0.18109260000000002,-0.3831786,9.8615025,-0.0967706518745306,0,0.24190119437363017,0.11706003680319962,2,11.142536429533576
11.484,0.2140542,-0.3771945,9.7971489,-0.09478823869448938,0,0.12390082375257616,0.11502756567864744,2,11.144393130353432
11.5,0.18266220000000002,-0.3771945,9.7627158,-0.09370872596744206,0,0.06746954544045719,0.113019589961352,2,11.146217507598552
11.515,0.258984,-0.3143124,9.7627158,-0.09266774382684062,0,0.0693988093734269,0.11112176643789481,2,11.147898567771547
11.531,0.258984,-0.31284090000000003,9.877983300000002,-0.08884430204840754,0,0.2389651111520672,0.10916967007089284,2,11.149660899263617
11.546,0.2814489,-0.31284090000000003,9.8928945,-0.08473578062894305,0,0.2739014279643217,0.10736781945081282,2,11.15128493043503
11.562,0.2769363,-0.36826739999999997,9.8928945,-0.08068407955482293,0,0.2532313171325071,0.10554446056934269,2,11.152988228675191
11.578,0.2769363,-0.36669779999999996,9.8405091,-0.07800893021765631,0,0.16719683357291334,0.10377491649116286,2,11.154662783691675
11.593,0.2365191,-0.36669779999999996,9.7612443,-0.0773560943198266,0,0.0435223931886462,0.10210967880713169,2,11.156206918156412
11.609,0.2694807,-0.3547296,9.7612443,-0.0767091413195864,0,0.040434562515012616,0.10037715692201639,2,11.157826812842245
11.625,0.2694807,-0.33530580000000004,9.8091171,-0.07492819329927869,0,0.11130925126923143,0.09866405824506547,2,11.159419142563582
11.64,0.2559429,-0.3592422,9.7612443,-0.07434531384024012,0,0.03885863060256956,0.09704450694151903,2,11.160886956802482
11.656,0.20954160000000002,-0.3592422,9.851005800000001,-0.07161627104779633,0,0.17056517452773687,0.09537681426241473,2,11.162426327372113
11.671,0.2290635,-0.36973890000000004,9.851005800000001,-0.06893373636729372,0,0.17883564536685526,0.09382268920680165,2,11.163845323648133
11.687,0.2290635,-0.3876912,9.8764137,-0.06568075297365894,0,0.20331146210217346,0.09224577329207402,2,11.165333871348123
11.703,0.1870767,-0.3876912,9.7686999,-0.06515331021271642,0,0.03296517255890749,0.09069910078658301,2,11.166797430340752
11.718,0.1437165,-0.3173535,9.7686999,-0.06471848286560444,0,0.028988489807464022,0.08922506233849557,2,11.16814686156419
11.734,0.1437165,-0.4116276,9.7941078,-0.0635894465899014,0,0.07056476723144016,0.08769859890285152,2,11.169562250854122
11.75,0.1631403,-0.4116276,9.7447635,-0.06368281904991413,0,-0.005835778750795656,0.086180420777733,2,11.170953283011567
11.765,0.1646118,-0.3547296,9.7447635,-0.0638278296950272,0,-0.009667376340871304,0.0847240909121459,2,11.172235066849241
11.781,0.1646118,-0.38023560000000006,9.856989900000002,-0.06121107730064779,0,0.16354702464871348,0.0832237796561805,2,11.173578649813788
11.796,0.2140542,-0.3622833,9.9153594,-0.0572291243373666,0,0.2654635308854339,0.08183547814389545,2,11.174816594247288
11.812,0.19610190000000002,-0.3622833,9.788123700000002,-0.05645394052944397,0,0.04844898799516435,0.08042601362496096,2,11.176114686181439
11.828,0.1915893,-0.3652263,9.788123700000002,-0.05569717622033288,0,0.04729776931944314,0.07902880469096274,2,11.177390324727966
11.843,0.1915893,-0.36375480000000004,9.845021700000002,-0.053573664251921116,0,0.14156746456077876,0.0777092733874208,2,11.178565860313554
11.859,0.23347800000000002,-0.36375480000000004,9.8464932,-0.05144405390375972,0,0.13310064676008693,0.07636913164217535,2,11.179798487553791
11.875,0.2274939,-0.32333760000000006,9.8464932,-0.04940416259045044,0,0.1274932070818301,0.07506234591022166,2,11.18100993937421
11.89,0.2274939,-0.3622833,9.871999200000001,-0.0467594697703948,0,0.17631285467036922,0.0738411186675153,2,11.182126715358542
11.906,0.24701580000000004,-0.3622833,9.8824959,-0.04391208426107518,0,0.17796159433247621,0.07261574623526354,2,11.183298370277765
11.921,0.24397470000000002,-0.3592422,9.8824959,-0.041138693024697304,0,0.18489274909187325,0.0714778654056203,2,11.184379072365072
11.937,0.24397470000000002,-0.3307932,9.7941078,-0.04061107629856764,0,0.03297604538310403,0.07032386725103418,2,11.185513486226325
11.968,0.23799060000000002,-0.39220380000000005,9.839037600000001,-0.038950032219622344,0,0.05358206706275045,0.06859067006900221,2,11.187666661554786
11.984,0.21552570000000001,-0.40417200000000003,9.839037600000001,-0.03733031487232097,0,0.10123233420633584,0.06748042729226666,2,11.188755230333676
12.0,0.21552570000000001,-0.33981839999999996,9.830012400000001,-0.0360293323031744,0,0.08131141057166051,0.0663935501148627,2,11.189826222152933
12.015,0.21258269999999999,-0.33981839999999996,9.8674866,-0.033848393942493615,0,0.14539589071204675,0.06536946716802017,2,11.190814444782553
12.031,0.19757340000000004,-0.3847482,9.8674866,-0.03168805269396735,0,0.13502132803289146,0.06434517559492849,2,11.191852161924658
12.046,0.19757340000000004,-0.36973890000000004,9.8734707,-0.029448563089513158,0,0.14929930696362484,0.06338665097655242,2,11.192810150623943
12.062,0.2065986,-0.36973890000000004,9.776155500000002,-0.029630532751310668,0,-0.011373103862344348,0.06241401820982584,2,11.193816555977435
12.078,0.2065986,-0.36973890000000004,9.776155500000002,-0.029808064128673095,0,-0.011095711085151717,0.06143850943478597,2,11.194807376198591
12.093,0.1796211,-0.3532581,9.7701714,-0.03015493602798358,0,-0.02312479328736484,0.060488786933611025,2,11.195721830921354
12.109,0.1796211,-0.3532581,9.7701714,-0.030493347637065682,0,-0.021150725567631295,0.059503600664290626,2,11.196681770022137
12.125,0.17510850000000003,-0.4027005000000001,9.8464932,-0.02891924653740041,0,0.09838131872907932,0.05852829991089489,2,11.197626025226738
12.14,0.2484873,-0.4027005000000001,9.866015100000002,-0.02686948634544528,0,0.13665067946367015,0.05760988441427353,2,11.198497061609176
12.156,0.2575125,-0.3307932,9.866015100000002,-0.024929209352752224,0,0.12126731204331598,0.05669549484868795,2,11.19941150464328
12.171,0.2575125,-0.318825,9.8225568,-0.024104899071037522,0,0.05495401878098455,0.055827739035509555,2,11.20025542889741
12.187,0.1856052,-0.318825,9.771642900000002,-0.02458114551578028,0,-0.02976540279642223,0.05493825067881501,2,11.201141556815125
12.203,0.2394621,-0.3652263,9.771642900000002,-0.024977651011068858,0,-0.02478159345553619,0.054041780306600215,2,11.20201339706301
12.218,0.2394621,-0.3712104,9.740250900000001,-0.026123866159185383,0,-0.07641434320776544,0.05315851892782329,2,11.202817399307268
12.234,0.23053500000000002,-0.3712104,9.776155500000002,-0.026372527423125902,0,-0.015541328996282452,0.0522385477791648,2,11.203660575840924
12.25,0.1930608,-0.34580249999999996,9.776155500000002,-0.02665761234038122,0,-0.017817807328457374,0.05131430666105674,2,11.204488998676446
12.265,0.1930608,-0.36071369999999997,9.8375661,-0.02542609560282827,0,0.0821011158368603,0.05042367885148265,2,11.20525203356779
12.281,0.2604555,-0.3936753,9.830012400000001,-0.024339995436829298,0,0.06788126037493564,0.04952555012316538,2,11.206051627399587
12.296,0.20355750000000003,-0.3936753,9.8240283,-0.023458909120696703,0,0.05873908774217776,0.048667058338983965,2,11.206788071963054
12.312,0.2350476,-0.36071369999999997,9.8240283,-0.02261302130599141,0,0.052867988419080754,0.047798482895570454,2,11.20755979629293
