timestamps,acc_x,acc_y,acc_z,aAcc,aStages,aJerk,aVelocity,avStages,aHeight
0.062,0.1272357,-0.318825,9.7268112,-0.05104364416708407,0,0.0,0.0,0,0.0
0.078,0.17667810000000003,-0.318825,9.747706500000001,-0.050515532543604635,0,0.03300697646746453,-0.00031247341368550964,0,-2.499787309484077e-06
0.093,0.15421320000000002,-0.3562992,9.747706500000001,-0.04997796625224993,0,0.0358377527569805,-0.0005661746546544188,0,-9.08964782203354e-06
0.109,0.15421320000000002,-0.2738952,9.7986204,-0.04827727710157781,0,0.10629307191700743,-0.0008522166014850409,0,-2.0436777871149216e-05
0.14,0.1526436,-0.3053853,9.818044200000001,-0.046122512470279986,0,0.06950853649347813,-0.0018154133398488375,0,-6.178504196182435e-05
0.156,0.19610190000000002,-0.2694807,9.7851807,-0.044828197174085815,0,0.08089470601213573,-0.002043019017003763,0,-9.265250081664513e-05
0.172,0.19610190000000002,-0.2798793,9.749178,-0.04443591290067772,0,0.024517767088005925,-0.0022571318976018703,0,-0.00012705370813349018
0.187,0.09878670000000002,-0.2798793,9.8105886,-0.04259194386988696,0,0.12293126871938387,-0.002409840823381106,0,-0.00016205600354086253
0.203,0.0688662,-0.35777070000000005,9.8105886,-0.04073747752066481,0,0.1159041468263843,-0.00257647619450552,0,-0.00020194653968395556
0.218,0.0688662,-0.2918475,9.7926363,-0.03941910131961457,0,0.08789174673668289,-0.0026776505358076133,0,-0.00024135249016130403
0.234,0.0823059,-0.2918475,9.7732125,-0.038603875480587746,0,0.05095161493917639,-0.0028018343502092323,0,-0.0002851883692494388
0.25,0.0733788,-0.35178660000000006,9.7732125,-0.03776215514060688,0,0.05260752124880423,-0.0029127625951787884,0,-0.00033090514481254297
0.265,0.0733788,-0.3367773,9.7672284,-0.03709971507708687,0,0.04416267090133389,-0.002974226621811492,0,-0.0003750575639399701
0.281,0.08083440000000001,-0.3367773,9.806076000000001,-0.03550508776655725,0,0.09966420690810099,-0.003055065044560645,0,-0.0004232918972709473
0.297,0.0703377,-0.3532581,9.806076000000001,-0.03393719213049806,0,0.0979934772536997,-0.003110603283737085,1,-0.000472617243897329
0.312,0.09584369999999999,-0.3173535,9.771642900000002,-0.03327154588573933,0,0.044376416317248826,-0.0031146688188588663,1,-0.0005193067846667986
0.328,0.09584369999999999,-0.31284090000000003,9.7582032,-0.03295329571825789,0,0.019890635467589828,-0.0031444675516908447,1,-0.0005693798756311964
0.359,0.1930608,-0.3039138,9.743193900000001,-0.03298043674455897,0,-0.0008755169774542178,-0.0036664404048645034,1,-0.0006749489489578042
0.375,0.1930608,-0.3008727,9.827069400000001,-0.030964836295090947,0,0.12597502809175143,-0.0036780025891817035,1,-0.000733704492910174
0.39,0.1856052,-0.3008727,9.777627,-0.030207026756521316,0,0.05052063590464206,-0.003636791562068795,1,-0.0007885654490445528
0.406,0.2006145,-0.2858634,9.777627,-0.029471451685717298,0,0.04597344192525106,-0.0036142193896067033,1,-0.0008465735366579569
0.422,0.2006145,-0.2769363,9.690808500000001,-0.03087629886553067,0,-0.08780294873833605,-0.003597001394016685,1,-0.0009042633029269438
0.437,0.1511721,-0.2769363,9.747706500000001,-0.030881731365289156,0,-0.00036216665056561665,-0.0035601866207478337,1,-0.0009579422130376778
0.468,0.1257642,-0.3278502,9.8105886,-0.029324606667172404,0,0.05022982897150808,-0.003993384860250988,1,-0.0010750225709931596
0.484,0.1257642,-0.3083283,9.7941078,-0.028222628273383066,0,0.0688736496118338,-0.0039537627397754314,1,-0.0011385997517933707
0.5,0.1032993,-0.3083283,9.7791966,-0.027517418404146454,0,0.04407561682728818,-0.0038996831131956696,1,-0.0012014273186171395
0.531,0.0389457,-0.2963601,9.7791966,-0.026849838725684805,0,0.021534828337472545,-0.004242375598708055,1,-0.0013276292286516474
0.547,0.0389457,-0.315882,9.7806681,-0.026147772775702904,0,0.043879121873868734,-0.004166356490719156,1,-0.0013948990853670652
0.562,0.0614106,-0.315882,9.752219100000001,-0.02615352255207881,0,-0.0003833184250604893,-0.004058616205677518,1,-0.0014565863805900403
0.578,0.0823059,-0.3562992,9.752219100000001,-0.0261214272493433,0,0.00200595642096958,-0.003976815804088891,1,-0.0015208698366681712
0.593,0.0823059,-0.36973890000000004,9.714843,-0.02698884430357751,0,-0.057827803615613925,-0.003875142840735799,1,-0.0015797595265043564
0.609,0.09878670000000002,-0.36973890000000004,9.771642900000002,-0.026447065263045744,0,0.03386119003323526,-0.003802630117268783,1,-0.001641181710168393
0.625,0.0823059,-0.33530580000000004,9.771642900000002,-0.025952499275284424,0,0.030910374235082444,-0.003721826633575426,1,-0.0017013773641751469
0.64,0.142245,-0.32333760000000006,9.836094600000001,-0.023892067392747407,0,0.13736212550246768,-0.003595660883585664,1,-0.0017562585205538551
0.656,0.142245,-0.3278502,9.7732125,-0.023410940928485502,0,0.03007040401636904,-0.0034740849501555264,1,-0.0018128164872237846
0.672,0.1721655,-0.2994012,9.774684,-0.022916202823381582,0,0.03092113156899498,-0.0033447021001704645,1,-0.0018673667836263926
0.687,0.1721655,-0.3367773,9.776155500000002,-0.022368022613118654,0,0.0365453473508618,-0.0031843337909442148,1,-0.0019163345528097526
0.703,0.1721655,-0.3367773,9.776155500000002,-0.021833212651886313,0,0.03342562257702151,-0.0030379436730642523,1,-0.00196611277252182
0.718,0.173637,-0.3173535,9.7791966,-0.021252528279102734,0,0.03871229151890528,-0.002861086730046669,1,-0.002010355500545152
0.734,0.173637,-0.2829204,9.7851807,-0.020565896604619383,0,0.04291447965520941,-0.002695634129116447,1,-0.002054809267418457
0.75,0.1646118,-0.2829204,9.843550200000001,-0.01847695928270099,0,0.1305585826198995,-0.002507976976215008,1,-0.0020964381562611086
0.781,0.1107549,-0.3023442,9.771642900000002,-0.018196150924723042,0,0.009058334128320841,-0.0025764101844300813,1,-0.0021752461572511076
0.797,0.0793629,-0.3503151,9.771642900000002,-0.017890585597617914,0,0.019097832944070508,-0.0023651040766088077,1,-0.0022147782713394185
0.812,0.0793629,-0.3173535,9.7956774,-0.01703404173305323,0,0.05710292430431228,-0.0021270387815888418,1,-0.002248469342775901
0.828,0.0973152,-0.3173535,9.774684,-0.016706182501485145,0,0.02049120197300537,-0.001896960575465146,1,-0.0022806613376323325
0.843,0.0823059,-0.30685680000000004,9.774684,-0.01639785165553498,0,0.020555389730011087,-0.0016452408316427977,1,-0.002307227848185642
0.875,0.059841000000000005,-0.3307932,9.747706500000001,-0.01673958898030392,0,-0.010679291399029447,-0.0016754398818162202,1,-0.0023603587396009867
0.89,0.1032993,-0.3592422,9.747706500000001,-0.017039583931639513,0,-0.01999966342237275,-0.0014287836786557964,1,-0.0023836404163045267
0.906,0.1032993,-0.347274,9.7627158,-0.01697700489402365,0,0.003911189850991367,-0.0012009163892611014,1,-0.002404678016847862
0.922,0.1078119,-0.347274,9.8375661,-0.015090401295708489,0,0.11791272489469751,-0.0009574556387789588,1,-0.0024219449930721823
0.937,0.1377324,-0.3039138,9.7732125,-0.01484438294242274,0,0.01640122355238322,-0.000681966520564944,1,-0.0024342406592672617
0.953,0.1646118,-0.2889045,9.7732125,-0.014605326487187043,0,0.014941028452231199,-0.0004175641960018207,1,-0.0024430369049997956
0.984,0.1646118,-0.3248091,9.845021700000002,-0.012594384158571614,0,0.06486910737469118,-0.00033915971101108194,1,-0.0024547661255584956
1.0,0.17667810000000003,-0.2798793,9.8046045,-0.011646250624451682,0,0.05925834588249573,-3.308478927526934e-05,1,-0.0024577440815607863
1.015,0.17667810000000003,-0.3262806,9.7821396,-0.011233812004434185,0,0.02749590800116663,0.0,1,-0.002457992217480351
1.031,0.1257642,-0.3262806,9.8016615,-0.010374776159101984,0,0.05368974033326252,0.0,1,-0.002457992217480351
1.047,0.16166880000000003,-0.3427614,9.8016615,-0.009510151661446642,0,0.05403903110345882,-3.663338686459017e-05,1,-0.0024582852845752676
1.062,0.16166880000000003,-0.33530580000000004,9.7806681,-0.009184565321691096,0,0.021705755983702876,0.0,1,-0.0024585600349767522
1.078,0.1302768,-0.33530580000000004,9.818044200000001,-0.00796734069440852,0,0.07607653920516093,0.0,1,-0.0024585600349767522
1.093,0.13469129999999999,-0.32333760000000006,9.8285409,-0.006532282949555324,0,0.09567051632354706,0.0,1,-0.0024585600349767522
1.109,0.0973152,-0.3248091,9.8285409,-0.005141796809875032,0,0.08690538373001813,-1.6198827772092445e-05,1,-0.002458689625598929
1.14,0.1302768,-0.3487455,9.711801900000001,-0.0066011593342469865,0,-0.04707621046361156,0.0,1,-0.0024589407074293965
1.156,0.1032993,-0.34580249999999996,9.711801900000001,-0.008035399462789528,0,-0.08964000803390873,0.0,1,-0.0024589407074293965
1.172,0.1032993,-0.33530580000000004,9.7986204,-0.0073274734837536215,0,0.044245373689744086,0.0,1,-0.0024589407074293965
1.187,0.059841000000000005,-0.33530580000000004,9.7986204,-0.00664563229425319,0,0.0454560793000284,-4.300839528967315e-05,1,-0.002459263270394069
1.203,0.1212516,-0.3307932,9.7986204,-0.005970327749862392,0,0.042206534024424834,0.0,1,-0.0024596073375563864
1.218,0.1212516,-0.34580249999999996,9.8076456,-0.005078890396724489,0,0.05942915687586057,0.0,1,-0.0024596073375563864
1.234,0.1212516,-0.2858634,9.818044200000001,-0.004002747822390518,0,0.06725891089587316,0.0,1,-0.0024596073375563864
1.25,0.13469129999999999,-0.2858634,9.7971489,-0.0034579593095553918,0,0.034049282052195345,0.0,1,-0.0024596073375563864
1.281,0.1257642,-0.290376,9.7971489,-0.0029261159092524025,0,0.017156238719451312,0.0,1,-0.0024596073375563864
1.297,0.1257642,-0.2963601,9.7701714,-0.003060508005125584,0,-0.008399505992073834,-5.990131757029754e-06,1,-0.002459655258610443
1.312,0.11978010000000001,-0.2963601,9.7956774,-0.0025716895671958895,0,0.03258789586197936,0.0,1,-0.0024597001845986207
1.328,0.1482291,-0.344331,9.7956774,-0.0020470685361839713,0,0.03278881443824486,0.0,1,-0.0024597001845986207
1.343,0.1482291,-0.3202965,9.7686999,-0.0022126761952652174,0,-0.011040510605416477,0.0,1,-0.0024597001845986207
1.359,0.1437165,-0.37866600000000006,9.740250900000001,-0.003018275391445613,0,-0.05034994976127467,0.0,1,-0.0024597001845986207
1.39,0.1437165,-0.31284090000000003,9.803133,-0.0023284153895222204,0,0.022253548449141753,0.0,1,-0.0024597001845986207
1.406,0.1272357,-0.3202965,9.7327953,-0.0033695511315414706,0,-0.06507098387620308,0.0,1,-0.0024597001845986207
1.422,0.113796,-0.3202965,9.7612443,-0.0036958932447763715,0,-0.02039638207718129,0.0,1,-0.0024597001845986207
1.437,0.11673900000000001,-0.31136939999999996,9.7612443,-0.0040204694515892925,0,-0.021638413787527885,0.0,1,-0.0024597001845986207
1.453,0.11673900000000001,-0.32932170000000005,9.771642900000002,-0.004069305922131505,0,-0.0030522794088883006,0.0,1,-0.0024597001845986207
1.484,0.113796,-0.32932170000000005,9.8136297,-0.0030943767731592686,0,0.03144932738620127,-7.75863758296011e-05,1,-0.0024609027734239794
1.5,0.113796,-0.3248091,9.806076000000001,-0.002331015563553862,0,0.04771007560033787,0.0,1,-0.002461523464430616
1.515,0.09878670000000002,-0.3248091,9.8255979,-0.0011143792173715639,0,0.08110908974548707,0.0,1,-0.002461523464430616
1.531,0.10477080000000001,-0.36375480000000004,9.8255979,0.00010735531185801506,0,0.07635840807684861,0.0,1,-0.002461523464430616
1.547,0.10477080000000001,-0.315882,9.777627,8.958742220954719e-05,0,-0.001110493103029241,0.0,1,-0.002461523464430616
1.562,0.1122264,-0.2858634,9.7536906,-0.0005317741570163292,0,-0.04142410528172475,0.0,1,-0.002461523464430616
1.578,0.09584369999999999,-0.2858634,9.764187300000001,-0.0008863455159016098,0,-0.022160709930330015,0.0,1,-0.002461523464430616
1.593,0.1107549,-0.29783160000000003,9.764187300000001,-0.0012197025245370696,0,-0.022223800575697464,0.0,1,-0.002461523464430616
1.609,0.1107549,-0.2889045,9.8136297,-0.00034615713881613885,0,0.054596586607558124,0.0,1,-0.002461523464430616
1.625,0.16912439999999998,-0.2889045,9.7672284,-0.0006047058728722021,0,-0.01615929587850394,0.0,1,-0.002461523464430616
1.64,0.1272357,-0.36071369999999997,9.7672284,-0.0008142331896934252,0,-0.013968487788081628,0.0,1,-0.002461523464430616
1.656,0.1272357,-0.3307932,9.7627158,-0.001154456003870763,0,-0.021263925886083595,0.0,1,-0.002461523464430616
1.672,0.1511721,-0.3307932,9.7507476,-0.001769766589761801,0,-0.038456911618189836,0.0,1,-0.002461523464430616
1.687,0.1122264,-0.3278502,9.7507476,-0.0023853136364486716,0,-0.04103646977912437,0.0,1,-0.002461523464430616
1.703,0.1272357,-0.3262806,9.7656588,-0.002619184520398221,0,-0.014616930246846837,0.0,1,-0.002461523464430616
1.718,0.1272357,-0.34580249999999996,9.759674700000001,-0.00297682777173236,0,-0.023842883422276074,0.0,1,-0.002461523464430616
1.734,0.11526750000000001,-0.34580249999999996,9.740250900000001,-0.003802792530915866,0,-0.05162279744896909,0.0,1,-0.002461523464430616
1.75,0.1107549,-0.3427614,9.740250900000001,-0.004612507871044613,0,-0.050607208758046654,0.0,1,-0.002461523464430616
1.765,0.1107549,-0.3427614,9.776155500000002,-0.00452734813595157,0,0.005677315672869591,-5.696392644832099e-05,1,-0.0024619506938789787
1.781,0.15568469999999998,-0.3427614,9.8734707,-0.0020575420218769125,0,0.15436288212966595,0.0,1,-0.0024624064052905653
1.812,0.1272357,-0.32932170000000005,9.8734707,0.00033094139231870656,0,0.07704785207082608,0.0,1,-0.0024624064052905653
1.843,0.12272310000000002,-0.31284090000000003,9.743193900000001,-0.0005289067094711442,0,-0.02773703554160816,0.0,1,-0.0024624064052905653
1.859,0.1586277,-0.3218661,9.743193900000001,-0.001347981617524141,0,-0.051192181753312256,0.0,1,-0.0024624064052905653
1.875,0.16166880000000003,-0.2843919,9.803133,-0.0007131684589705145,0,0.03967582240960162,0.0,1,-0.0024624064052905653
1.89,0.16166880000000003,-0.34580249999999996,9.7536906,-0.001250720868469557,0,-0.0358368272999364,0.0,1,-0.0024624064052905653
1.906,0.1078119,-0.34580249999999996,9.783611100000002,-0.001064028147856888,0,0.011668295038291799,0.0,1,-0.0024624064052905653
1.922,0.1032993,-0.2918475,9.7058178,-0.002822375557153478,0,-0.10989671308103678,0.0,1,-0.0024624064052905653
1.937,0.1332198,-0.2918475,9.8165727,-0.001829068178349047,0,0.06622049192029486,0.0,1,-0.0024624064052905653
1.953,0.15421320000000002,-0.3278502,9.8165727,-0.0008247962248812968,0,0.06276699709173433,0.0,1,-0.0024624064052905653
1.968,0.15421320000000002,-0.3338343,9.681881400000002,-0.0031229222061011086,0,-0.15320839874798844,0.0,1,-0.0024624064052905653
2.0,0.1377324,-0.3338343,9.8120601,-0.002198139426733192,0,0.028899461855247364,0.0,1,-0.0024624064052905653
2.015,0.08534699999999999,-0.31136939999999996,9.8120601,-0.0013284315427828375,0,0.057980525596689834,0.0,1,-0.0024624064052905653
2.031,0.1646118,-0.31136939999999996,9.8120601,-0.00045532571498796415,0,0.054569114237179535,0.0,1,-0.0024624064052905653
2.047,0.1646118,-0.31284090000000003,9.774684,-0.0005133931588030549,0,-0.00362921523844317,0.0,1,-0.0024624064052905653
2.062,0.09427410000000001,-0.31284090000000003,9.740250900000001,-0.0014321103277676883,0,-0.0612478112643102,0.0,1,-0.0024624064052905653
2.078,0.12272310000000002,-0.31284090000000003,9.740250900000001,-0.002320694985336047,0,-0.05553654109802237,0.0,1,-0.0024624064052905653
2.093,0.12272310000000002,-0.2798793,9.7656588,-0.00259265367357564,0,-0.018130579215972716,-3.6111061359020424e-05,1,-0.002462677238250758
2.109,0.1526436,-0.2798793,9.806076000000001,-0.0018624329980223564,0,0.045638792222080185,0.0,1,-0.0024629661267416302
2.125,0.18413369999999998,-0.2829204,9.806076000000001,-0.0011347137772013127,0,0.04548245130131519,0.0,1,-0.0024629661267416302
2.14,0.18413369999999998,-0.33530580000000004,9.7956774,-0.0006379262486859716,0,0.033119168567689136,0.0,1,-0.0024629661267416302
2.156,0.09133110000000001,-0.33530580000000004,9.7686999,-0.0008426320370364948,0,-0.01279411177190769,0.0,1,-0.0024629661267416302
2.187,0.1257642,-0.2754648,9.7866522,-0.0006409691158282271,0,0.006505255522847408,0.0,1,-0.0024629661267416302
2.203,0.1257642,-0.3083283,9.8120601,0.00019901694869339792,0,0.05249912903260152,0.0,1,-0.0024629661267416302
2.218,0.059841000000000005,-0.3083283,9.771642900000002,1.803779861120347e-05,0,-0.012065276672146196,0.0,1,-0.0024629661267416302
2.25,0.08377740000000002,-0.3547296,9.771642900000002,-0.00011586552391307237,0,-0.004184478828883616,0.0,1,-0.0024629661267416302
2.265,0.11673900000000001,-0.32333760000000006,9.7507476,-0.0007741330872601537,0,-0.043884504223138394,0.0,1,-0.0024629661267416302
2.281,0.1257642,-0.3427614,9.7507476,-0.0013974389501907325,0,-0.03895661643316114,0.0,1,-0.0024629661267416302
2.297,0.1257642,-0.3053853,9.7327953,-0.0024734306112623727,0,-0.06724947881697746,0.0,1,-0.0024629661267416302
2.312,0.10182780000000001,-0.3053853,9.7911648,-0.002107127815401455,0,0.02442018639072837,0.0,1,-0.0024629661267416302
2.343,0.1796211,-0.2575125,9.8076456,-0.0013542845450640328,0,0.024285266785078027,0.0,1,-0.0024629661267416302
2.359,0.1796211,-0.3143124,9.7791966,-0.001272845742251505,0,0.00508992517578299,0.0,1,-0.0024629661267416302
2.375,0.18266220000000002,-0.3143124,9.834525,0.00015652665734577909,0,0.08933577497483017,0.0,1,-0.0024629661267416302
2.39,0.09878670000000002,-0.2889045,9.834525,0.0015027860895866496,0,0.08975062881605729,0.0,1,-0.0024629661267416302
2.406,0.09878670000000002,-0.3218661,9.7327953,0.00036141662422117804,0,-0.0713355915853419,0.0,1,-0.0024629661267416302
2.437,0.1302768,-0.2738952,9.7656588,2.2289701259836647e-05,0,-0.010939578160043378,0.0,1,-0.0024629661267416302
2.453,0.1302768,-0.2948886,9.8105886,0.0008015926580569044,0,0.04870643479981669,0.0,1,-0.0024629661267416302
2.468,0.10477080000000001,-0.2948886,9.7791966,0.0007891718090355937,0,-0.0008280566014207056,0.0,1,-0.0024629661267416302
2.5,0.1406754,-0.33530580000000004,9.821085300000002,0.0018407542346015049,0,0.0328619507989347,0.0,1,-0.0024629661267416302
2.515,0.0194238,-0.29783160000000003,9.821085300000002,0.002813152573780897,0,0.06482655594529228,0.0,1,-0.0024629661267416302
2.531,0.0194238,-0.3307932,9.7941078,0.003129937265097027,0,0.0197990432072581,0.0,1,-0.0024629661267416302
2.547,0.1377324,-0.3307932,9.827069400000001,0.004265537876133152,0,0.07097503818975774,0.0,1,-0.0024629661267416302
2.562,0.0823059,-0.3083283,9.827069400000001,0.0053405080588575515,0,0.07166467884829483,0.0,1,-0.0024629661267416302
2.578,0.0823059,-0.3532581,9.735738300000001,0.004200067272167374,0,-0.07127754916813604,0.0,1,-0.0024629661267416302
2.593,0.10477080000000001,-0.3532581,9.7851807,0.0042977565264266104,0,0.006512616950615726,0.0,1,-0.0024629661267416302
2.609,0.1212516,-0.3278502,9.7895952,0.004483751459300578,0,0.011624683304622952,0.0,1,-0.0024629661267416302
2.625,0.1497006,-0.3278502,9.8076456,0.0051147622014013905,0,0.039438171381300756,0.0,1,-0.0024629661267416302
2.64,0.145188,-0.2754648,9.8091171,0.005725325601844133,0,0.040704226696182524,0.0,1,-0.0024629661267416302
2.672,0.142245,-0.3173535,9.7672284,0.005329770027410419,0,-0.012361111701053574,3.254017199094336e-05,1,-0.002462445483989775
2.687,0.13469129999999999,-0.3173535,9.7252416,0.003917823694262523,0,-0.09412975554319504,0.0,1,-0.002462201432699843
2.703,0.1062423,-0.3039138,9.7252416,0.0025212610236859945,0,-0.08728516691103297,0.0,1,-0.002462201432699843
2.718,0.1062423,-0.33530580000000004,9.830012400000001,0.003737641782624479,0,0.0810920505958983,0.0,1,-0.002462201432699843
2.734,0.1122264,-0.33530580000000004,9.7956774,0.00408907967159422,0,0.0219648680606088,0.0,1,-0.002462201432699843
2.765,0.1497006,-0.3262806,9.7956774,0.00443672901820058,0,0.01121449505181802,0.0,1,-0.002462201432699843
2.781,0.1497006,-0.3307932,9.836094600000001,0.005764699668073803,0,0.08299816561707633,0.0,1,-0.002462201432699843
2.797,0.08083440000000001,-0.33981839999999996,9.8225568,0.0067181271078951,0,0.05958921498883102,7.65894237179203e-05,1,-0.0024615887173101
2.812,0.1257642,-0.33981839999999996,9.735738300000001,0.005543744921657989,0,-0.07829214574914238,0.0,1,-0.0024610142966322154
2.828,0.0823059,-0.32932170000000005,9.735738300000001,0.004377894609618238,0,-0.07286564450248438,0.0,1,-0.0024610142966322154
2.843,0.0823059,-0.3367773,9.7926363,0.0046335786555466996,0,0.017045603061897292,0.0,1,-0.0024610142966322154
2.859,0.0823059,-0.3367773,9.7656588,0.004225451802518876,0,-0.025507928314238957,0.0,1,-0.0024610142966322154
2.875,0.1257642,-0.3218661,9.7656588,0.0038263073380786494,0,-0.024946529027514132,0.0,1,-0.0024610142966322154
2.89,0.1257642,-0.3098979,9.783611100000002,0.0038650666266413225,0,0.0025839525708448506,8.484251203220994e-06,1,-0.0024609506647481913
2.906,0.1406754,-0.3098979,9.7851807,0.0039460896154039915,0,0.005063936797666808,0.0,1,-0.0024608827907385655
2.922,0.1437165,-0.290376,9.7851807,0.004011617519962485,0,0.00409549403490583,0.0,1,-0.0024608827907385655
2.937,0.1437165,-0.3053853,9.777627,0.003902558043961335,0,-0.007270631733410145,0.0,1,-0.0024608827907385655
2.968,0.1392039,-0.2843919,9.7627158,0.0034156360444299594,0,-0.015707161275205595,0.0,1,-0.0024608827907385655
2.984,0.11978010000000001,-0.2843919,9.7806681,0.003371952410841317,0,-0.0027302270992901586,0.0,1,-0.0024608827907385655
3.0,0.1437165,-0.29783160000000003,9.7806681,0.003346945527342271,0,-0.0015629302186903602,0.0,1,-0.0024608827907385655
3.015,0.1437165,-0.3008727,9.7911648,0.003580686031705582,0,0.015582700290887283,0.0,1,-0.0024608827907385655
3.031,0.0777933,-0.33981839999999996,9.8136297,0.0043691865273309816,0,0.04928128097658742,3.103159163479752e-05,1,-0.002460634538005487
3.047,0.0777933,-0.2963601,9.7926363,0.004592333827813988,0,0.013946706280187892,0.0,1,-0.0024603862852724087
3.062,0.11978010000000001,-0.2963601,9.7268112,0.003215734062504083,0,-0.09177331768732895,0.0,1,-0.0024603862852724087
3.078,0.11526750000000001,-0.3083283,9.7268112,0.0018804492872739331,0,-0.0834552984518843,0.0,1,-0.0024603862852724087
3.093,0.11526750000000001,-0.2948886,9.752219100000001,0.00118695138728242,0,-0.04623319333276716,0.0,1,-0.0024603862852724087
3.109,0.1107549,-0.3218661,9.843550200000001,0.0027561326475193937,0,0.09807382876481077,0.0,1,-0.0024603862852724087
3.125,0.1482291,-0.3218661,9.7956774,0.0031321877241108353,0,0.023503442286965083,0.0,1,-0.0024603862852724087
3.14,0.10182780000000001,-0.29783160000000003,9.7956774,0.003466102481764821,0,0.02226098384359887,0.0,1,-0.0024603862852724087
3.156,0.10182780000000001,-0.290376,9.7672284,0.0030928811273227552,0,-0.0233263346526291,0.0,1,-0.0024603862852724087
3.172,0.08083440000000001,-0.290376,9.776155500000002,0.0029416077818069652,0,-0.009454584094736864,0.0,1,-0.0024603862852724087
3.203,0.09133110000000001,-0.3008727,9.776155500000002,0.0028040151839672234,0,-0.0044384708980562335,4.300258342149546e-05,1,-0.0024597197452293756
3.218,0.09133110000000001,-0.2918475,9.8584614,0.004669596559871536,0,0.12437209172695315,0.0,1,-0.0024593972258537145
3.25,0.1661814,-0.33530580000000004,9.759674700000001,0.004139519765898214,0,-0.016564899811666298,0.0,1,-0.0024593972258537145
3.265,0.1661814,-0.33226469999999997,9.788123700000002,0.004313214116400843,0,0.011579623366841834,0.0,1,-0.0024593972258537145
3.281,0.15568469999999998,-0.3218661,9.843550200000001,0.005820966654480841,0,0.09423453362999981,0.0,1,-0.0024593972258537145
3.297,0.11673900000000001,-0.3218661,9.8076456,0.00640361793927724,0,0.03641570529977486,0.0,1,-0.0024593972258537145
3.312,0.1392039,-0.3202965,9.8076456,0.0069779506436589145,0,0.03828884695877914,8.262792411898451e-05,1,-0.002458777516422822
3.328,0.1392039,-0.32932170000000005,9.8136297,0.007691417486233476,0,0.04459167766091006,0.0,1,-0.00245811649302987
3.343,0.1377324,-0.32932170000000005,9.8120601,0.008348719008225203,0,0.043820101466114744,0.0,1,-0.00245811649302987
3.359,0.1526436,-0.34580249999999996,9.8120601,0.009009185674612397,0,0.04127916664919958,0.0,1,-0.00245811649302987
3.375,0.1526436,-0.2948886,9.8824959,0.011329997934186764,0,0.14505076622339783,0.00012186059919965962,1,-0.002457141608236273
3.39,0.142245,-0.2948886,9.8165727,0.01198342775712291,0,0.04356198819574276,0.0,1,-0.0024562276537422757
3.406,0.1406754,-0.3202965,9.9048627,0.014791835937243647,0,0.17552551125754584,1.0913401439414244e-05,1,-0.00245614034653076
3.437,0.1406754,-0.3248091,9.7895952,0.014725740468829684,0,-0.0021321118843213925,0.0,1,-0.0024559711888084493
3.453,0.1078119,-0.3143124,9.746235,0.013585784106828314,0,-0.07124727262508561,0.00019492803233881265,1,-0.0024544117645497387
3.484,0.1078119,-0.3202965,9.7956774,0.013683572026227608,0,0.003154449012880462,0.00011760305240118146,1,-0.002449567532736269
3.5,0.1287072,-0.3202965,9.7552602,0.012799952507918988,0,-0.055226219894288726,0.0,1,-0.0024486267083170593
3.531,0.1332198,-0.3143124,9.7806681,0.012553943700849501,0,-0.007935767969983402,0.00022245663991026648,1,-0.00244517863039845
3.547,0.1287072,-0.3143124,9.699833700000001,0.010342089085757067,0,-0.13824091344327705,0.0,1,-0.002443398977279168
3.562,0.1272357,-0.31284090000000003,9.699833700000001,0.008182549372133252,0,-0.14396931424159073,4.455969063729345e-05,1,-0.0024430647795993885
3.578,0.16912439999999998,-0.33824879999999996,9.735738300000001,0.006987122267252843,0,-0.07471419405502548,0.0,1,-0.00244270830207429
3.593,0.16912439999999998,-0.2918475,9.723770100000001,0.005492521606873524,0,-0.09964004402528713,0.0,1,-0.00244270830207429
3.609,0.1437165,-0.2918475,9.764187300000001,0.005009648009997036,0,-0.030179599804780438,0.0,1,-0.00244270830207429
3.625,0.11821050000000001,-0.344331,9.764187300000001,0.004571888532725055,0,-0.027359967329498833,0.0,1,-0.00244270830207429
3.64,0.11821050000000001,-0.3023442,9.774684,0.004366791439254669,0,-0.013673139564692254,0.0,1,-0.00244270830207429
3.656,0.145188,-0.3023442,9.8285409,0.0054883716154066065,0,0.07009876100949602,6.606544631220998e-05,1,-0.0024421797785037923
3.672,0.1631403,-0.3278502,9.8285409,0.006609391167112122,0,0.07006372198159466,0.0,1,-0.0024416512549332945
3.687,0.1631403,-0.29783160000000003,9.7612443,0.006039384332405362,0,-0.03800045564711814,0.0,1,-0.0024416512549332945
3.718,0.0928026,-0.29783160000000003,9.7507476,0.005204915170876845,0,-0.026918360049306884,0.0,1,-0.0024416512549332945
3.734,0.09878670000000002,-0.31136939999999996,9.7507476,0.0044025412241008866,0,-0.05014837167349735,8.859658279434385e-06,1,-0.002441580377667059
3.75,0.1406754,-0.3487455,9.7297542,0.0031514590173706836,0,-0.07819263792063762,0.0,1,-0.0024415095004008238
3.765,0.1406754,-0.3262806,9.747706500000001,0.002349467457085197,0,-0.05346610401903199,0.0,1,-0.0024415095004008238
3.781,0.13469129999999999,-0.3262806,9.806076000000001,0.0029876958358823202,0,0.03988927367482017,0.0,1,-0.0024415095004008238
3.797,0.0973152,-0.3008727,9.806076000000001,0.0035797746005226116,0,0.03700492279001818,0.0,1,-0.0024415095004008238
3.812,0.10928340000000002,-0.3562992,9.7372098,0.002527313168762646,0,-0.07016409545066588,0.0,1,-0.0024415095004008238
3.828,0.15568469999999998,-0.3307932,9.7372098,0.0014939759059373614,0,-0.06458357892658023,0.0,1,-0.0024415095004008238
3.843,0.15568469999999998,-0.3173535,9.7866522,0.001680062052091813,0,0.012405743076963339,0.0,1,-0.0024415095004008238
3.859,0.1511721,-0.3173535,9.7656588,0.001348181668385351,0,-0.020742523981653865,0.0,1,-0.0024415095004008238
3.875,0.12272310000000002,-0.31284090000000003,9.7417224,0.0004276539163132753,0,-0.057532984504504676,0.0,1,-0.0024415095004008238
3.89,0.1302768,-0.33981839999999996,9.7417224,-0.0004460039641536184,0,-0.05824385869779243,0.0,1,-0.0024415095004008238
3.906,0.1302768,-0.2963601,9.8136297,0.00041993452472688375,0,0.05412115555503134,0.0,1,-0.0024415095004008238
3.922,0.10928340000000002,-0.2963601,9.8285409,0.001622006104675222,0,0.07512947374677108,0.0,1,-0.0024415095004008238
3.937,0.12272310000000002,-0.2963601,9.8285409,0.0027986257319554397,0,0.07844130848534951,0.0,1,-0.0024415095004008238
3.953,0.12272310000000002,-0.2814489,9.8196138,0.0037182344876178774,0,0.05747554722890231,0.0,1,-0.0024415095004008238
3.984,0.09584369999999999,-0.2814489,9.8854389,0.006212880744786986,0,0.08047245990868056,0.00010120831939305908,1,-0.002439940771450231
4.0,0.1317483,-0.32932170000000005,9.8854389,0.008692808467367641,0,0.1549954826612908,0.0,1,-0.0024391311048950867
4.015,0.1317483,-0.29783160000000003,9.7986204,0.008971535139279396,0,0.018581778127450755,0.0,1,-0.0024391311048950867
4.031,0.1466595,-0.29783160000000003,9.7821396,0.00884688758362806,0,-0.0077904722282084934,0.0,1,-0.0024391311048950867
4.047,0.142245,-0.3278502,9.8091171,0.009404642138889585,0,0.034859659703845275,0.00014149602970354655,1,-0.0024379991366574585
4.062,0.1482291,-0.3307932,9.8091171,0.009953360776533415,0,0.036581242509587296,0.0,1,-0.0024369379164346817
4.078,0.1482291,-0.3023442,9.8495343,0.011451524236138155,0,0.09363521622529616,0.0,1,-0.0024369379164346817
4.093,0.16019730000000001,-0.3023442,9.827069400000001,0.01237012145759131,0,0.061239814763544946,0.0001365824743735644,1,-0.00243591354787688
4.109,0.11673900000000001,-0.2769363,9.827069400000001,0.01323313134694537,0,0.053938118084628735,0.0,1,-0.0024348208880818917
4.125,0.11673900000000001,-0.3173535,9.7821396,0.0130096863735929,0,-0.013965310834529442,5.135103857416279e-05,1,-0.0024344100797732983
4.14,0.1257642,-0.3173535,9.747706500000001,0.011955099145126269,0,-0.07030581523111018,0.0,1,-0.002434024946983992
4.172,0.1437165,-0.2798793,9.752219100000001,0.01101430449083729,0,-0.029399832946530563,0.00010609738813996752,1,-0.0024323273887737525
4.187,0.1466595,-0.2798793,9.6967926,0.008746371362828853,0,-0.1511955418672234,0.0,1,-0.0024315316583627027
4.203,0.1302768,-0.2889045,9.7387794,0.007558027510665255,0,-0.07427149076022481,0.0,1,-0.0024315316583627027
4.234,0.10182780000000001,-0.2934171,9.695321100000001,0.005334274690127927,0,-0.07173396195281774,8.456833214271278e-05,1,-0.0024302208492144907
4.25,0.1272357,-0.2934171,9.681881400000002,0.002844457391828925,0,-0.15561358114368748,0.0,1,-0.002429544302557349
4.265,0.0658251,-0.34580249999999996,9.681881400000002,0.000442595420881986,0,-0.16012413139646603,0.0,1,-0.002429544302557349
4.297,0.1362609,-0.3367773,9.690808500000001,-0.0016729408740641105,0,-0.06611050921706546,0.0,1,-0.002429544302557349
4.312,0.08083440000000001,-0.3307932,9.690808500000001,-0.0037570349518372126,0,-0.1389396051848682,0.0,1,-0.002429544302557349
4.328,0.08083440000000001,-0.2963601,9.7222986,-0.0050497907807667275,0,-0.08079723930809461,0.0,1,-0.002429544302557349
4.343,0.1257642,-0.33530580000000004,9.707289300000001,-0.006634371872307199,0,-0.10563873943603366,0.0,1,-0.002429544302557349
4.359,0.10477080000000001,-0.33530580000000004,9.7058178,-0.008222247410920147,0,-0.09924222116330919,0.0,1,-0.002429544302557349
4.375,0.1032993,-0.34128990000000003,9.7058178,-0.009766694864824288,0,-0.09652796586900872,0.0,1,-0.002429544302557349
4.39,0.1032993,-0.2934171,9.6938496,-0.01160338578755038,0,-0.12244606151507541,0.0,1,-0.002429544302557349
4.406,0.1661814,-0.2934171,9.689337,-0.013483970242607057,0,-0.11753652844104223,-0.0001675840324162031,1,-0.0024308849748166787
4.422,0.1122264,-0.3307932,9.689337,-0.01530823546253579,0,-0.11401657624554574,0.0,1,-0.0024322256470760083
4.437,0.1122264,-0.30685680000000004,9.6309675,-0.018530037689009404,0,-0.21478681509823275,-0.00015170872669394457,1,-0.002433363462526213
4.453,0.1002582,-0.30685680000000004,9.632439,-0.02164060756519426,0,-0.19441061726155323,0.0,1,-0.002434577132339765
4.484,0.1032993,-0.29783160000000003,9.632439,-0.024681432162203976,0,-0.09809111603257248,-0.0006910655045022389,1,-0.0024452886476595496
4.5,0.1032993,-0.3503151,9.6429357,-0.02734921671649282,0,-0.16673653464305258,-0.0006073106955318116,1,-0.002455675657259822
4.515,0.1466595,-0.3053853,9.560629800000001,-0.031981681218523406,0,-0.3088309668020457,-0.0005522924300444226,1,-0.0024643726807016438
4.531,0.1107549,-0.3053853,9.5037318,-0.03789989176505948,0,-0.36988815915850426,-0.0006113450139130843,1,-0.002473681780253304
4.547,0.113796,-0.3173535,9.5037318,-0.04366332205448131,0,-0.36021439308886427,-0.0007638507244694111,1,-0.002484683346160364
4.562,0.113796,-0.33824879999999996,9.4962762,-0.04945032984769959,1,-0.3858005195478707,-0.0014622031137357925,1,-0.0025013787499469035
4.578,0.145188,-0.33824879999999996,9.5142285,-0.05464822509840239,1,-0.3248684531689247,-0.0022949915533046084,1,-0.002531436307283227
4.593,0.11526750000000001,-0.3143124,9.5142285,-0.05974933207304112,1,-0.3400737983092556,-0.003152973232090417,1,-0.0025722960431736885
4.609,0.11526750000000001,-0.3173535,9.5157,-0.0646876934295495,1,-0.3086475847817735,-0.004148469436111142,1,-0.002630707584519301
4.625,0.1257642,-0.3173535,9.5456205,-0.06877306593365873,1,-0.2553357815068267,-0.005216155511016809,1,-0.0027056245840963245
4.64,0.113796,-0.2858634,9.5022603,-0.07384372409220674,1,-0.33804387723654145,-0.0062857814362107765,1,-0.0027918891112005293
4.656,0.113796,-0.2858634,9.5022603,-0.07879070766152196,1,-0.3091864730822011,-0.007506856890240606,1,-0.0029022302178121403
4.672,0.113796,-0.33824879999999996,9.4633146,-0.0845243223325447,1,-0.3583509169389206,-0.008813377130193138,1,-0.00303279208997561
4.687,0.10477080000000001,-0.3023442,9.4633146,-0.09015025396350573,1,-0.3750621087307214,-0.010123436452413564,1,-0.003174818191845166
4.703,0.10477080000000001,-0.3278502,9.4453623,-0.09605583782082938,1,-0.3690989910827277,-0.011613085186688243,1,-0.0033487103649579805
4.734,0.1317483,-0.3278502,9.4647861,-0.10133572962699411,1,-0.17031909052144448,-0.014672654482129475,1,-0.003756139329824651
4.75,0.11978010000000001,-0.3143124,9.4647861,-0.10650191362411654,1,-0.32288649982015166,-0.016335355628138364,1,-0.004004203410706794
4.765,0.11978010000000001,-0.35777070000000005,9.4738113,-0.11128453443376429,1,-0.318841387309857,-0.017968753988572436,1,-0.004261484232832119
4.781,0.145188,-0.35777070000000005,9.4393782,-0.11678097943883792,1,-0.34352781281710126,-0.019793278099553252,1,-0.0045635804895371255
4.797,0.1078119,-0.3248091,9.4393782,-0.12218461808400605,1,-0.3377274153230078,-0.021705002879736007,1,-0.00489556673737144
4.812,0.1586277,-0.3053853,9.488722500000002,-0.1262520594179133,1,-0.27116275559380576,-0.023568277961000472,1,-0.005235116343676976
4.828,0.1586277,-0.34580249999999996,9.3600153,-0.13332313866559353,1,-0.44194245298001494,-0.025644879545668527,1,-0.005628821603730329
4.843,0.1107549,-0.34580249999999996,9.4199544,-0.13877770414236856,1,-0.3636376984516765,-0.027685635866728196,1,-0.0060288004693232955
4.859,0.145188,-0.3098979,9.4199544,-0.1441182872903699,1,-0.3337864467500837,-0.029948803798190107,1,-0.006489875986642643
4.875,0.145188,-0.3218661,9.401904,-0.14975877446707386,1,-0.35253044854399695,-0.03229982029224966,1,-0.006987864979366161
4.89,0.13469129999999999,-0.3218661,9.3735531,-0.15595650499744096,1,-0.4131820353578152,-0.03459268488823347,1,-0.007489558768219774
4.906,0.1287072,-0.2829204,9.3735531,-0.16203574559967393,1,-0.3799525376395604,-0.037136622893010396,1,-0.008063393230469725
4.922,0.1287072,-0.3248091,9.3600153,-0.1682635735114122,1,-0.3892392444836409,-0.03977901744589908,1,-0.008678718353181002
4.937,0.1511721,-0.3248091,9.3480471,-0.1746230105722706,1,-0.4239624707238771,-0.0423506668265268,1,-0.00929469098522422
4.968,0.1362609,-0.3562992,9.3480471,-0.1808049677554493,1,-0.1994179736509281,-0.04785980049060641,1,-0.01069295322863977
4.984,0.1482291,-0.3248091,9.3614868,-0.18653210673148202,1,-0.35794618600204464,-0.05079849708650186,1,-0.011482219609256637
5.0,0.13469129999999999,-0.3248091,9.330094800000001,-0.19288966246403305,1,-0.3973472332844393,-0.053833871240065986,1,-0.01231927855586918
5.015,0.1586277,-0.3427614,9.330094800000001,-0.19906733334319426,1,-0.41184472527742294,-0.05677354870862013,1,-0.013148834205484308
5.031,0.1586277,-0.3592422,9.304686900000002,-0.20569837508495148,1,-0.4144401088598256,-0.06001167437604529,1,-0.014083115990161632
5.062,0.10182780000000001,-0.31136939999999996,9.253773,-0.21347013340332488,1,-0.2507018812378469,-0.0665087862576137,1,-0.016044183129983382
5.078,0.10182780000000001,-0.35178660000000006,9.330094800000001,-0.2191569760717087,1,-0.3554276667739883,-0.06996980313341397,1,-0.017136011845111605
5.093,0.1078119,-0.35178660000000006,9.2507319,-0.22663764101525885,1,-0.49871099623668746,-0.07331326276156616,1,-0.018210634839323933
5.109,0.1032993,-0.2963601,9.2507319,-0.23398443222942333,1,-0.4591744508852798,-0.07699823934752362,1,-0.01941312685619665
5.125,0.08377740000000002,-0.3202965,9.253773,-0.24106327245541692,1,-0.44242751412459885,-0.08079862098500235,1,-0.02067550173885686
5.14,0.08377740000000002,-0.34128990000000003,9.268684200000001,-0.247587740622512,1,-0.43496454447301364,-0.08446350358308674,1,-0.021914967673117503
5.156,0.10182780000000001,-0.34128990000000003,9.2702538,-0.2539104158928964,1,-0.395167204399027,-0.08847548883521002,1,-0.02329847961246388
5.172,0.1332198,-0.3503151,9.2702538,-0.2600609755858212,1,-0.384409980807798,-0.09258725996703976,1,-0.024746981602881878
5.187,0.1332198,-0.32932170000000005,9.2298366,-0.2670653358294661,1,-0.46695734957631063,-0.09654070730265456,1,-0.026165441357404638
5.218,0.16765290000000002,-0.32932170000000005,9.2327796,-0.2738134571704318,1,-0.21768133357954073,-0.1049243285941529,1,-0.02928814941380512
5.234,0.11673900000000001,-0.33530580000000004,9.2327796,-0.28041085148730005,1,-0.41233714480426414,-0.10935812306341477,1,-0.031002409027065664
5.25,0.11673900000000001,-0.30685680000000004,9.235820700000001,-0.2867973213452153,1,-0.39915436611970245,-0.1138957884460749,1,-0.03278844031914158
5.265,0.11821050000000001,-0.30685680000000004,9.252301500000002,-0.2926258507906745,1,-0.38856862969728806,-0.11824146223709397,1,-0.03452946969926531
5.281,0.10928340000000002,-0.35777070000000005,9.3001743,-0.2971036455158398,1,-0.2798621703228308,-0.12295929820754609,1,-0.03645907578282243
5.297,0.113796,-0.31284090000000003,9.3001743,-0.3015103874790288,1,-0.27542137269931355,-0.12774821047150503,1,-0.03846473585225484
5.312,0.15568469999999998,-0.3202965,9.2612286,-0.30673786711140316,1,-0.3484986421582771,-0.13231007238093345,1,-0.0404151729736482
5.328,0.16019730000000001,-0.3262806,9.2612286,-0.3118308805630825,1,-0.3183133407299585,-0.13725862236232933,1,-0.04257172253159431
5.343,0.16019730000000001,-0.3532581,9.2597571,-0.3168114130469064,1,-0.3320354989216009,-0.14197343956440414,1,-0.044665962996044764
5.359,0.1257642,-0.3532581,9.3271518,-0.32004098930493186,1,-0.20184851612659022,-0.14706825878321886,1,-0.04697829658282575
5.39,0.08829,-0.3039138,9.3271518,-0.3232446456225855,1,-0.10334375218237601,-0.15703918612459528,1,-0.05169196197889682
5.406,0.08829,-0.31136939999999996,9.235820700000001,-0.32859040440095555,1,-0.334109923648129,-0.1622538665247836,1,-0.05424630640009185
5.422,0.09584369999999999,-0.31136939999999996,9.318126600000001,-0.33179771916230294,1,-0.20045717258421175,-0.16753697151328967,1,-0.05688463310439644
5.437,0.13469129999999999,-0.32932170000000005,9.3241107,-0.334754203265172,1,-0.19709894019126478,-0.17253611093149593,1,-0.059435181222732426
5.453,0.13469129999999999,-0.3248091,9.2657412,-0.33906506467900144,1,-0.2694288383643382,-0.1779266650750493,1,-0.06223888343078479
5.484,0.1078119,-0.3248091,9.3076299,-0.3422583736958007,1,-0.10300996828384816,-0.18848717836985865,1,-0.06791829800418081
5.5,0.145188,-0.3098979,9.3076299,-0.34537380772393966,1,-0.19471462675868506,-0.19398823582121658,1,-0.07097810131770942
5.515,0.145188,-0.3008727,9.282222,-0.3490397782059702,1,-0.24439803213537487,-0.19919633771569079,1,-0.07392698561923616
5.531,0.17069399999999998,-0.3008727,9.318126600000001,-0.3517306398029767,1,-0.1681788498129054,-0.20480250105976236,1,-0.07715897632943979
5.547,0.1362609,-0.3427614,9.318126600000001,-0.3543344338754597,1,-0.16273712953018812,-0.21045102164918986,1,-0.08048100451111141
5.562,0.1362609,-0.344331,9.330094800000001,-0.35658163307371993,1,-0.14981327988400892,-0.2157828921513089,1,-0.08367775886461527
5.578,0.1287072,-0.344331,9.282222,-0.3599433559859797,1,-0.210107682016236,-0.22151509206378653,1,-0.08717614273833604
5.609,0.142245,-0.3173535,9.325582200000001,-0.36218487720572234,1,-0.07230713612073095,-0.2327080796782578,1,-0.09421660190033766
5.625,0.142245,-0.3008727,9.3150855,-0.3646408963664083,1,-0.15350119754287114,-0.23852268586683484,1,-0.09798644802469841
5.64,0.16765290000000002,-0.3008727,9.2882061,-0.36768185726127633,1,-0.20273072632454098,-0.24401510651904235,1,-0.10160548146759242
5.656,0.1122264,-0.33981839999999996,9.2882061,-0.3706362635505176,1,-0.18465039307757874,-0.2499216514855367,1,-0.10555697553162906
5.672,0.1122264,-0.2604555,9.2657412,-0.37412879105488805,1,-0.2182829690231534,-0.25587977192237993,1,-0.10960338691889239
5.687,0.11978010000000001,-0.2604555,9.2746683,-0.37731619937968297,1,-0.21249388831965302,-0.26151560935063944,1,-0.11348385227844018
5.718,0.19011780000000003,-0.3023442,9.2746683,-0.38036624281430775,1,-0.098388497891123,-0.27325968720464616,1,-0.12177286937504703
5.734,0.19011780000000003,-0.31284090000000003,9.304686900000002,-0.38260181749609856,1,-0.13972341761192542,-0.2793634316871294,1,-0.12619385432618124
5.75,0.1511721,-0.31284090000000003,9.256716,-0.3859694767864479,1,-0.2104787056468325,-0.28551200204138977,1,-0.1307128577960094
5.765,0.1002582,-0.3039138,9.306158400000001,-0.38807390481861503,1,-0.1402952021444796,-0.29131732740342764,1,-0.13503907776684546
5.781,0.1466595,-0.3367773,9.2882061,-0.39052194838361665,1,-0.1530027228126006,-0.2975460942290455,1,-0.13974998513990525
5.797,0.10928340000000002,-0.3367773,9.3031173,-0.3925594098819811,1,-0.12734134364777983,-0.30381074509517025,1,-0.14456083985449897
5.812,0.1302768,-0.3098979,9.3031173,-0.3945633592390525,1,-0.13359662380475343,-0.30971416586357825,1,-0.14916227668668974
5.828,0.1302768,-0.36375480000000004,9.301645800000001,-0.39650676784374106,1,-0.12146303779303469,-0.3160427268802406,1,-0.1541683318286403
5.859,0.1437165,-0.3083283,9.276237900000002,-0.39906604343953944,1,-0.0825572772838196,-0.32837410545513135,1,-0.16415679272983846
5.875,0.1437165,-0.33824879999999996,9.2927187,-0.401135826665195,1,-0.12936145160347123,-0.3347757204159692,1,-0.16946199133680728
5.89,0.1032993,-0.33824879999999996,9.2717253,-0.4036798822927796,1,-0.16960370850564632,-0.34081183823315386,1,-0.1745288980266756
5.906,0.1362609,-0.34580249999999996,9.3315663,-0.4046863458383658,1,-0.06290397159913746,-0.347278768058203,1,-0.18003362287700644
5.922,0.1257642,-0.33824879999999996,9.3315663,-0.4056786006762252,1,-0.062015927366210144,-0.35376168763031973,1,-0.18564194652251464
5.937,0.1257642,-0.2918475,9.264269700000002,-0.4083252606936423,1,-0.17644400116113268,-0.359866716590594,1,-0.1909941595541717
5.953,0.1302768,-0.2918475,9.2387637,-0.4115275746644116,1,-0.20014462317308174,-0.36642553927345844,1,-0.19680449760108412
5.984,0.1377324,-0.35777070000000005,9.2387637,-0.41459266029778696,1,-0.09887373010888405,-0.3792304029153724,1,-0.2083621647050109
6.0,0.1377324,-0.30685680000000004,9.33912,-0.4151815092629274,1,-0.036803060321277635,-0.38586859627185816,1,-0.21448295669850875
6.015,0.1078119,-0.30685680000000004,9.306158400000001,-0.4165690362333052,1,-0.09250179802518903,-0.3921067253630798,1,-0.22031777161077065
6.031,0.1571562,-0.3427614,9.306158400000001,-0.4178750567097005,1,-0.08162627977470464,-0.3987822781066238,1,-0.22664488363852828
6.047,0.1571562,-0.3248091,9.2627001,-0.4202240744608652,1,-0.1468136094477933,-0.40548707115598837,1,-0.23307903843262917
6.062,0.1466595,-0.3248091,9.2987028,-0.4216425267109454,1,-0.09456348333867597,-0.41180107066477717,1,-0.23920869949628515
6.078,0.1332198,-0.31284090000000003,9.289677600000001,-0.4232612935436304,1,-0.10117292704281403,-0.41856030122681376,1,-0.24585159047141789
6.093,0.1406754,-0.3338343,9.280652400000001,-0.4250400497400566,1,-0.11858374642841593,-0.4249225613014413,1,-0.2521777119403797
6.125,0.1032993,-0.3338343,9.2612286,-0.427260810339412,1,-0.06939876872985579,-0.4385593750627128,1,-0.2659934229222062
6.14,0.13469129999999999,-0.2889045,9.2612286,-0.42945439394237184,1,-0.14623890686399296,-0.44498473909482605,1,-0.2726200037783876
6.156,0.13469129999999999,-0.2963601,9.273196800000001,-0.43129700576695384,1,-0.11516323903637539,-0.4518707502925007,1,-0.27979484769348617
6.172,0.1661814,-0.2963601,9.2672127,-0.4332280797046657,1,-0.12069212110699101,-0.45878695097627364,1,-0.28708010930363637
6.187,0.1062423,-0.2769363,9.2672127,-0.4351481745090364,1,-0.12800632029137649,-0.46529977288287666,1,-0.29401075973258023
6.203,0.1062423,-0.3262806,9.2627001,-0.43709227972073705,1,-0.12150657573128931,-0.47227769651671486,1,-0.30151137948777695
6.234,0.1466595,-0.3367773,9.2882061,-0.4383447531661755,1,-0.04040236920769202,-0.4858469705264629,1,-0.3163623118269461
6.25,0.1377324,-0.315882,9.2882061,-0.439587901863824,1,-0.07769679360303254,-0.4928704317667037,1,-0.3241920510452914
6.265,0.1377324,-0.31284090000000003,9.3360789,-0.43963639512191044,1,-0.0032328838724283294,-0.49946461399409725,1,-0.33163456388849727
6.281,0.1511721,-0.31284090000000003,9.3764961,-0.4386935308903208,1,0.05892901447435145,-0.5064912534021953,1,-0.33968221082766764
6.297,0.17510850000000003,-0.315882,9.3764961,-0.43776102789233384,1,0.058281437374185736,-0.5135028898724565,1,-0.34784216397386486
6.312,0.17510850000000003,-0.2889045,9.289677600000001,-0.4389886128314693,1,-0.08183899594235956,-0.5200785121778853,1,-0.3555940244892427
6.328,0.1107549,-0.2889045,9.2447478,-0.44130563050477534,1,-0.14481360458162826,-0.5271208661245752,1,-0.3639716195156624
6.343,0.1302768,-0.32932170000000005,9.2447478,-0.44352699245763993,1,-0.148090796857643,-0.5337571107967932,1,-0.3719282043425725
6.359,0.1302768,-0.318825,9.2597571,-0.4453373159810319,1,-0.11314522021199637,-0.5408680252643026,1,-0.3805252054310613
6.375,0.1406754,-0.318825,9.2927187,-0.446296402414772,1,-0.059942902108756024,-0.548001095011469,1,-0.3892361583932675
6.39,0.1332198,-0.32932170000000005,9.2597571,-0.4480292050789174,1,-0.11552017760969836,-0.5547085370676715,1,-0.39750648063386085
6.406,0.173637,-0.3053853,9.2597571,-0.4497234164340629,1,-0.10588820969659175,-0.5618905580397754,1,-0.4064392733947204
6.422,0.173637,-0.33981839999999996,9.207371700000001,-0.45262367236930245,1,-0.181265995952473,-0.5691093347502023,1,-0.41548727253704026
6.453,0.1257642,-0.33981839999999996,9.2956617,-0.4533203942344972,1,-0.022474898877249915,-0.5831514677825614,1,-0.4333473149762984
6.468,0.1332198,-0.2754648,9.2956617,-0.4540495038021479,1,-0.048607304510048355,-0.5899567420178361,1,-0.4421456265498012
6.484,0.1332198,-0.37572300000000003,9.235820700000001,-0.45613342945435065,1,-0.13024535326267006,-0.5972382054838881,1,-0.451643186129815
6.5,0.1362609,-0.37572300000000003,9.3001743,-0.4565973039835285,1,-0.02899215807361519,-0.6045400513513911,1,-0.4612574121844973
6.515,0.15568469999999998,-0.2694807,9.3001743,-0.4571322530052253,1,-0.03566326811312195,-0.6113930230288066,1,-0.47037691024234857
6.531,0.15568469999999998,-0.34580249999999996,9.2492604,-0.45883338590192047,1,-0.1063208060434472,-0.6187207481400637,1,-0.4802178204116995
6.547,0.11978010000000001,-0.2738952,9.330094800000001,-0.4585942220025192,1,0.014947743712578884,-0.6260601690032992,1,-0.4901760677488464
6.562,0.1062423,-0.2738952,9.2746683,-0.45971608099902994,1,-0.07479059976737973,-0.632947496275811,1,-0.4996186252384401
6.578,0.11821050000000001,-0.3338343,9.2746683,-0.4607591800294113,1,-0.06519368939883469,-0.6403112983640386,1,-0.5098046955955589
6.593,0.15421320000000002,-0.3532581,9.2507319,-0.46232972687674945,1,-0.1047031231558789,-0.6472344651658346,1,-0.5194612888220327
6.609,0.1317483,-0.38023560000000006,9.2507319,-0.46384436642793503,1,-0.09466497194909876,-0.6546438579122721,1,-0.5298763154066576
6.64,0.0928026,-0.3023442,9.264269700000002,-0.4650736217494469,1,-0.039653397468124824,-0.6690420867290213,1,-0.5503934475485974
6.656,0.113796,-0.344331,9.264269700000002,-0.4662314722358598,1,-0.07236565540080779,-0.6764925274809038,1,-0.5611577244622769
6.672,0.113796,-0.2994012,9.2911491,-0.46674392453818037,1,-0.0320282688950346,-0.6839563306550962,1,-0.5720413153273649
6.703,0.1317483,-0.2889045,9.3150855,-0.4666627212847718,1,0.0026194597873724045,-0.6984241336653523,1,-0.5934682125243322
6.718,0.1122264,-0.2889045,9.2746683,-0.4675749682735386,1,-0.0608164659177877,-0.7054309163370395,1,-0.6039971253993499
6.734,0.18864630000000002,-0.31136939999999996,9.2746683,-0.46841703311866745,1,-0.05262905282055192,-0.7129188523481771,1,-0.6153439235488316
6.75,0.18864630000000002,-0.31136939999999996,9.301645800000001,-0.4685810768521179,1,-0.010252733340654343,-0.7204148372279434,1,-0.6268105930654406
6.765,0.1257642,-0.31136939999999996,9.3121425,-0.46851117150394117,1,0.004660356545116528,-0.7274430290906138,1,-0.6376695270628295
6.781,0.16019730000000001,-0.290376,9.3121425,-0.4684466175356654,1,0.004034623017235003,-0.7349386914029307,1,-0.649368580826778
6.797,0.16019730000000001,-0.31136939999999996,9.280652400000001,-0.4691346124122244,1,-0.04299967978493853,-0.7424393412425138,1,-0.6611876050879415
6.812,0.1631403,-0.31136939999999996,9.2447478,-0.4706796694257793,1,-0.10300380090365581,-0.7494879483562991,1,-0.672377059759933
6.828,0.1032993,-0.3367773,9.2447478,-0.47218635134708187,1,-0.09416762008140891,-0.7570308765224819,1,-0.6844292103589633
6.843,0.1032993,-0.290376,9.304686900000002,-0.47223352555182174,1,-0.0031449469826583926,-0.7641140255992236,1,-0.6958377971248758
6.859,0.12272310000000002,-0.3098979,9.2298366,-0.4740828863479347,1,-0.11558504975706087,-0.7716845568944216,1,-0.7081241857848249
6.89,0.0928026,-0.32333760000000006,9.321069600000001,-0.4736606851565792,1,0.013619393269532326,-0.7863745822527415,1,-0.7322741024416057
6.906,0.0928026,-0.3023442,9.268684200000001,-0.4745429099946854,1,-0.05513905238163636,-0.7939602110139516,1,-0.7449167807877393
6.922,0.1212516,-0.3023442,9.2836935,-0.4750297546549742,1,-0.03042779126805059,-0.801556792331149,1,-0.7576809168145001
6.937,0.1257642,-0.3039138,9.2836935,-0.4755020124799323,1,-0.03148385499720399,-0.808685780584661,1,-0.7697577361113691
6.953,0.1257642,-0.3487455,9.268684200000001,-0.4762901317483692,1,-0.04925745427730717,-0.8163001177384874,1,-0.7827576232979543
6.968,0.09427410000000001,-0.3487455,9.2672127,-0.477104001260777,1,-0.05425796749385486,-0.8234505737360559,1,-0.7950557534840131
6.984,0.1437165,-0.3083283,9.2672127,-0.47791746949356373,1,-0.05084176454916984,-0.8310907455020906,1,-0.8082920840379183
7.0,0.1437165,-0.34580249999999996,9.273196800000001,-0.4785330285834153,1,-0.038472443115722364,-0.8387423494867065,1,-0.8216507487978287
7.031,0.1272357,-0.37572300000000003,9.3121425,-0.47816204445066646,1,0.011967230088672072,-0.8535711231187346,1,-0.8478816076232129
7.047,0.1107549,-0.3907323,9.3121425,-0.477790189002123,1,0.02324096553396602,-0.861218740986357,1,-0.8615999265360536
7.062,0.1107549,-0.34580249999999996,9.306158400000001,-0.4776165464666029,1,0.011576169034673036,-0.8683842915023727,1,-0.8745719492797195
7.078,0.11821050000000001,-0.34580249999999996,9.2507319,-0.47879572228485046,1,-0.07369848864047228,-0.8760355896523844,1,-0.8885273083289575
7.093,0.11821050000000001,-0.32333760000000006,9.2507319,-0.4799659398523932,1,-0.07801450450285259,-0.8832263021184136,1,-0.9017217725172383
7.109,0.11821050000000001,-0.30685680000000004,9.256716,-0.48097543675360654,1,-0.06309355632583274,-0.8909138331312616,1,-0.9159148935992357
7.125,0.11526750000000001,-0.30685680000000004,9.2597571,-0.481887089729252,1,-0.05697831097783985,-0.8986167333431245,1,-0.9302311381310309
7.156,0.1302768,-0.3307932,9.2597571,-0.4827515690532138,1,-0.027886429805220627,-0.9135686325542526,1,-0.9583200113024399
7.172,0.1302768,-0.2948886,9.2777094,-0.48318693357523657,1,-0.027210282626421976,-0.9212961405752802,1,-0.9729989294874762
7.187,0.1317483,-0.35178660000000006,9.304686900000002,-0.48290539199130755,1,0.018769438928600123,-0.9285418330170295,1,-0.9868727142894191
7.203,0.1497006,-0.35178660000000006,9.2882061,-0.4830257317815949,1,-0.007521236892960019,-0.9362692820072127,1,-1.001791203209613
7.218,0.1062423,-0.32932170000000005,9.2882061,-0.48317780346562067,1,-0.01013811226838397,-0.9435158085215667,1,-1.0158895913885786
7.234,0.1062423,-0.3098979,9.286734599999999,-0.4833783252183981,1,-0.012532609548587804,-0.9512482575510388,1,-1.0310477039171595
7.25,0.11526750000000001,-0.3098979,9.280652400000001,-0.4837195849267868,1,-0.021328731774294934,-0.9589850408322003,1,-1.0463295703042255
7.265,0.1257642,-0.3098979,9.280652400000001,-0.48404919879673436,1,-0.02197425799650479,-0.9662433067101265,1,-1.0607687829107926
7.281,0.1257642,-0.3278502,9.2582856,-0.4849008797911729,1,-0.0532300621524095,-0.9739949073388298,1,-1.0762906886231842
7.297,0.1526436,-0.3278502,9.321069600000001,-0.48419178009530306,1,0.04431873099186574,-0.9817476486179215,1,-1.0919366290708383
7.312,0.1302768,-0.3202965,9.321069600000001,-0.48351464965575097,1,0.04514202930347077,-0.9890054468410547,1,-1.1067172772867813
7.328,0.1302768,-0.34580249999999996,9.2672127,-0.4841443687868505,1,-0.03935744569372176,-0.9967467189885955,1,-1.1226032946134186
7.343,0.1466595,-0.31284090000000003,9.322639200000001,-0.4834303779195661,1,0.047599391152294925,-1.0040035295888934,1,-1.1376089214777494
7.359,0.145188,-0.31284090000000003,9.228267,-0.48503453425293586,1,-0.10025977083560891,-1.0117512488862734,1,-1.1537349597055508
7.375,0.1062423,-0.3622833,9.2372922,-0.4863484747277962,1,-0.08212127967877063,-1.0195223129581192,1,-1.169985148200306
7.39,0.09133110000000001,-0.3622833,9.2836935,-0.4865034350151358,1,-0.010330685822642478,-1.026818702281191,1,-1.1853327058146006
7.406,0.0718092,-0.2814489,9.2836935,-0.4867271067447465,1,-0.013979483100667866,-1.03460454661527,1,-1.2018240918057723
7.422,0.0718092,-0.3173535,9.2612286,-0.48746468376570995,1,-0.04609856381021511,-1.0423980809393536,1,-1.2184401128262092
7.437,0.1317483,-0.3173535,9.2927187,-0.48740069041154044,1,0.0042662236113006026,-1.0497095712456832,1,-1.2341309202175976
7.468,0.11526750000000001,-0.3173535,9.2927187,-0.487343596807845,1,0.0018417291514656645,-1.0648181076975836,1,-1.266906099241218
7.484,0.1107549,-0.3622833,9.318126600000001,-0.4866299978564754,1,0.04459993446059847,-1.0726098964548982,1,-1.2840055232744378
7.5,0.1107549,-0.36973890000000004,9.2492604,-0.48760488066397834,1,-0.0609301754689317,-1.0804037754830618,1,-1.3012296326499415
7.515,0.10477080000000001,-0.36973890000000004,9.219339900000001,-0.4892868220362896,1,-0.11212942482075289,-1.0877304632533136,1,-1.317490639440464
7.531,0.10182780000000001,-0.3143124,9.219339900000001,-0.49097865875432767,1,-0.10573979487737963,-1.0955725870996385,1,-1.3349570638432875
7.547,0.10182780000000001,-0.33530580000000004,9.2882061,-0.4909327434894326,1,0.002869704055941111,-1.1034278783175886,1,-1.3525490675666254
7.562,0.1078119,-0.33530580000000004,9.280652400000001,-0.49107040631921883,1,-0.009177521985747825,-1.1107929019411538,1,-1.3691557234185665
7.578,0.08534699999999999,-0.2889045,9.280652400000001,-0.4912484462495339,1,-0.01112749564469161,-1.1186514527617037,1,-1.3869912782561893
7.593,0.08534699999999999,-0.2664396,9.280652400000001,-0.49143852930411214,1,-0.012672203638549494,-1.126021605078356,1,-1.4038263261899895
7.609,0.11821050000000001,-0.2664396,9.297133200000001,-0.49121341698375076,1,0.014069520022585979,-1.1338828206486589,1,-1.4219055615958056
7.625,0.09133110000000001,-0.33981839999999996,9.297133200000001,-0.49094286068807236,1,0.01690976847990021,-1.1417400708700334,1,-1.4401105447279552
7.64,0.1721655,-0.32333760000000006,9.202859100000001,-0.49296287803693595,1,-0.1346678232575755,-1.1491193639104709,1,-1.4572919904888086
7.672,0.1287072,-0.318825,9.273196800000001,-0.4932404110951598,1,-0.008672908069495826,-1.1648986165365844,1,-1.4943162781759616
7.687,0.1482291,-0.31284090000000003,9.273196800000001,-0.4935090377032054,1,-0.01790844053637318,-1.1722992374025725,1,-1.5118452620805058
7.703,0.1482291,-0.34580249999999996,9.2552445,-0.4941800838529087,1,-0.04194038435645361,-1.1802007503750214,1,-1.5306652619827266
7.718,0.1362609,-0.34580249999999996,9.33912,-0.49279513467472036,1,0.09232994521255675,-1.1876030645139783,1,-1.5484237905943936
7.734,0.173637,-0.2963601,9.33912,-0.49147028008763627,1,0.08280341169275555,-1.1954771878320771,1,-1.5674884326131622
7.75,0.173637,-0.2484873,9.280652400000001,-0.49163706213952096,1,-0.010423878242793441,-1.2033420465698943,1,-1.586678986488378
7.765,0.142245,-0.2484873,9.2746683,-0.491958684181526,1,-0.021441469467002587,-1.210719014667302,1,-1.6047844444476564
7.797,0.1302768,-0.33981839999999996,9.33912,-0.49063534998273894,1,0.04135419371209533,-1.2264405192139303,1,-1.6437789969897563
7.812,0.1302768,-0.347274,9.294190200000001,-0.490432589530549,1,0.013517363479327532,-1.2337985287602802,1,-1.6622307898495636
7.828,0.0777933,-0.347274,9.3331359,-0.4892998897893186,1,0.0707937338269015,-1.2416363885948392,1,-1.6820342691884047
7.843,0.11821050000000001,-0.3202965,9.3331359,-0.48820798843589586,1,0.07279342356151766,-1.248967697681528,1,-1.700713799835477
7.859,0.11821050000000001,-0.290376,9.310671000000001,-0.4877141934642317,1,0.03086218572900809,-1.256775075136729,1,-1.7207597420180232
7.875,0.1212516,-0.290376,9.2372922,-0.48902018642024103,1,-0.08162455975058151,-1.2645889501758047,1,-1.7409306542205234
7.89,0.1257642,-0.344331,9.2372922,-0.4902476749256248,1,-0.0818325670255877,-1.2719334591358986,1,-1.7599545722903607
7.906,0.1257642,-0.3278502,9.240333300000001,-0.4913857193480471,1,-0.07112777640139172,-1.279786526290088,1,-1.7803683321737687
7.937,0.1002582,-0.3278502,9.2597571,-0.4920301834521297,1,-0.020789164647825,-1.295029472783491,1,-1.82027798015941
7.953,0.1078119,-0.3487455,9.2836935,-0.49205489205661834,1,-0.0015442877805416076,-1.302902153387561,1,-1.8410614331687785
7.968,0.1302768,-0.2994012,9.2836935,-0.49211395991092033,1,-0.003937856953465833,-1.3102834197773174,1,-1.8606603249675147
7.984,0.1302768,-0.30685680000000004,9.2882061,-0.49205566075034035,1,0.0036436975362485993,-1.3181567767426075,1,-1.881687846539674
8.0,0.1122264,-0.30685680000000004,9.268684200000001,-0.49248037607931927,1,-0.02654470806118245,-1.3260330650372447,1,-1.902841365273913
8.015,0.13469129999999999,-0.3008727,9.268684200000001,-0.49289222066851046,1,-0.027456305946078317,-1.3334233595128537,1,-1.9227872884580395
8.031,0.13469129999999999,-0.33824879999999996,9.2418048,-0.493917700686362,1,-0.06409250111572001,-1.3413178388836928,1,-1.944185218045212
8.047,0.1661814,-0.33824879999999996,9.354031200000001,-0.4921706933472585,1,0.10918795869396804,-1.3492065460359617,1,-1.9657094131245691
8.062,0.1781496,-0.3562992,9.354031200000001,-0.4904445972023286,1,0.11507307632867005,-1.356576160715083,1,-1.9860027834252003
8.078,0.1781496,-0.2994012,9.294190200000001,-0.4902677204527883,1,0.01105479684626597,-1.364421859256324,1,-2.0077707675849714
8.093,0.11978010000000001,-0.2994012,9.252301500000002,-0.49113901916198266,1,-0.058086580612953444,-1.371782409803435,1,-2.0282922996029202
8.109,0.16912439999999998,-0.3367773,9.2777094,-0.49131977901052437,1,-0.01129749053385697,-1.3796420801888152,1,-2.0503036955228584
8.125,0.15568469999999998,-0.29783160000000003,9.2777094,-0.49153432694993704,1,-0.013409246213291747,-1.387504913036499,1,-2.072440871468661
8.14,0.15568469999999998,-0.3023442,9.2672127,-0.49199592943055137,1,-0.030773498707620934,-1.3948813899593528,1,-2.0933087687411307
8.172,0.1317483,-0.2738952,9.2927187,-0.49185511726522435,1,0.004400380166469371,-1.4106230067064853,1,-2.1381968390877844
8.187,0.1317483,-0.2499588,9.2927187,-0.49173418689693804,1,0.008062024552421278,-1.417999926487701,1,-2.159411511086739
8.203,0.0928026,-0.2499588,9.2956617,-0.4915559267867664,1,0.011141256885727192,-1.4258662473971706,1,-2.182162440477818
8.234,0.173637,-0.32932170000000005,9.2791809,-0.4916951477839451,1,-0.00449099990898922,-1.441106639053017,1,-2.2266005202177968
8.25,0.1062423,-0.32932170000000005,9.2447478,-0.49269499055894883,1,-0.06249017343773472,-1.44898176015976,1,-2.249721227411499
8.265,0.12272310000000002,-0.3173535,9.256716,-0.49338396498346704,1,-0.04593162830121207,-1.4563773523263286,1,-2.2715114207551457
8.281,0.1287072,-0.3996594,9.256716,-0.4939764731871694,1,-0.03703176273139871,-1.4642762358316936,1,-2.29487664946041
8.297,0.1287072,-0.3712104,9.309101400000001,-0.49330684428679206,1,0.041851806273585056,-1.4721745023714854,1,-2.3183682553660354
8.312,0.1437165,-0.3712104,9.310671000000001,-0.4926099481122641,1,0.046459744968533744,-1.4795688783144778,1,-2.3405063307211784
8.328,0.09133110000000001,-0.3307932,9.310671000000001,-0.49198329765920334,1,0.03916565331629759,-1.4874456242806495,1,-2.3642424467419394
8.343,0.09133110000000001,-0.3173535,9.2267955,-0.4934277801083926,1,-0.09629882994594742,-1.4948362073639068,1,-2.3866095604792745
8.359,0.11673900000000001,-0.3173535,9.321069600000001,-0.49253220717085,1,0.05597330859641309,-1.5027238872621407,1,-2.410590041236283
8.375,0.1571562,-0.3173535,9.321069600000001,-0.4916440040399088,1,0.05551269568382362,-1.5105972969518267,1,-2.4346966107099948
8.39,0.1571562,-0.2679111,9.285165000000001,-0.4916905337945572,1,-0.003101983643223961,-1.5179723059855854,1,-2.457410882732026
8.422,0.10928340000000002,-0.3008727,9.225324,-0.4931867266591077,1,-0.0467560270172029,-1.533730342152844,1,-2.5062381251022408
8.437,0.0718092,-0.3008727,9.2882061,-0.4931225385562019,1,0.004279206860384348,-1.5411276616419582,1,-2.5292995601307
8.453,0.18864630000000002,-0.36375480000000004,9.2882061,-0.49296516047801475,1,0.009836129886697789,-1.549016363234232,1,-2.5540207123297094
8.468,0.1721655,-0.3248091,9.2418048,-0.4939854492394762,1,-0.06801925076409274,-1.5564184928071134,1,-2.5773114737500205
8.484,0.1571562,-0.3262806,9.2418048,-0.49498610701348156,1,-0.06254111087533593,-1.5643302652571371,1,-2.6022774638145343
8.5,0.1571562,-0.32932170000000005,9.310671000000001,-0.4942813643017896,1,0.04404641948074768,-1.5722444050276594,1,-2.6273700611768125
8.515,0.1497006,-0.32932170000000005,9.286734599999999,-0.494180178064342,1,0.006745749163172576,-1.5796578665954057,1,-2.6510093282139864
8.531,0.142245,-0.2798793,9.286734599999999,-0.49412384325404624,1,0.003520925643485381,-1.5875642987659528,1,-2.6763471055368773
8.547,0.142245,-0.2784078,9.2746683,-0.4943640938018703,1,-0.015015659239003817,-1.5954722022624002,1,-2.701811397545104
8.578,0.1212516,-0.2934171,9.297133200000001,-0.4940468707523422,1,0.01023300159768044,-1.6107925722129899,1,-2.7515085015494707
8.593,0.1287072,-0.3218661,9.297133200000001,-0.493711996196728,1,0.022324970374279576,-1.6182007637151081,1,-2.7757259515689325
8.609,0.1287072,-0.3262806,9.286734599999999,-0.49363498272508366,1,0.00481334197777183,-1.6260995395464826,1,-2.8016803539950255
8.625,0.1257642,-0.3262806,9.301645800000001,-0.49319739970895604,1,0.027348938507976126,-1.633994198605955,1,-2.827761103900245
8.64,0.0748503,-0.3338343,9.301645800000001,-0.49277733867691786,1,0.028004068802544073,-1.6413890091438492,1,-2.8523264779583695
8.656,0.0748503,-0.20208600000000002,9.297133200000001,-0.4925700834917439,1,0.012953449073371802,-1.6492717885211985,1,-2.87865176433969
8.672,0.0030411,-0.20208600000000002,9.2746683,-0.49292301291418106,1,-0.022058088902321395,-1.6571557332924458,1,-2.905103184514199
8.703,0.059841000000000005,-0.20208600000000002,9.2746683,-0.4932626390946293,1,-0.010955683240266526,-1.6724416108985818,1,-2.9567119433491578
8.718,0.1392039,-0.39818790000000004,9.313614000000001,-0.4924696242838049,1,0.052867654054957226,-1.6798346028739204,1,-2.9818540149524524
8.734,0.1392039,-0.3562992,9.268684200000001,-0.4928322163574599,1,-0.02266200460343535,-1.6877170175990506,1,-3.008794427916236
8.75,0.08377740000000002,-0.3562992,9.2657412,-0.4932739372928925,1,-0.027607558464537416,-1.6956058668282534,1,-3.035861010991655
8.765,0.1032993,-0.318825,9.2657412,-0.4937333557247481,1,-0.030627895457038576,-1.703008421525886,1,-3.0613506181543118
8.781,0.1032993,-0.3008727,9.301645800000001,-0.49332099362761994,1,0.02577263107050862,-1.710904856320705,1,-3.0886619243770843
8.797,0.17667810000000003,-0.3008727,9.2717253,-0.49362102506085215,1,-0.018751964577012874,-1.7188003924702129,1,-3.116099566367412
8.812,0.10182780000000001,-0.3202965,9.2717253,-0.4939252801649108,1,-0.02028367360391004,-1.7262069897594055,1,-3.1419371217341316
8.828,0.10182780000000001,-0.3338343,9.306158400000001,-0.4933712352024884,1,0.03462781015139968,-1.7341053618823445,1,-3.1696196205472655
8.843,0.1257642,-0.3338343,9.256716,-0.49402859218387185,1,-0.04382379875889649,-1.7415108605877425,1,-3.195686742215792
8.859,0.19757340000000004,-0.3262806,9.256716,-0.49464591528356827,1,-0.03858269373102626,-1.7494202566474821,1,-3.223614191153674
8.875,0.11673900000000001,-0.2994012,9.301645800000001,-0.49420857815030494,1,0.027333570828957907,-1.757331092594953,1,-3.2516682019476137
8.89,0.11673900000000001,-0.3503151,9.2432763,-0.4951610868967453,1,-0.06350058309602243,-1.7647513650828062,1,-3.278083820380198
8.922,0.1571562,-0.37866600000000006,9.2836935,-0.4950637069699244,1,0.003043122713153321,-1.7805949617846728,1,-3.334809361610078
8.937,0.1571562,-0.31284090000000003,9.2987028,-0.49466262435618447,1,0.026738840915998475,-1.788017909269618,1,-3.3615739581429827
8.953,0.1257642,-0.31284090000000003,9.2372922,-0.4957797934566557,1,-0.06982306877945094,-1.7959414486121208,1,-3.3902456330060367
8.968,0.08083440000000001,-0.2843919,9.2372922,-0.49690438000980386,1,-0.07497243687654229,-1.8033865799131195,1,-3.417240593219977
8.984,0.08083440000000001,-0.3487455,9.3360789,-0.4955401368099839,1,0.08526519998874875,-1.8113261360476778,1,-3.4461582949476637
9.0,0.11673900000000001,-0.3487455,9.3121425,-0.49478326969985,1,0.047304194383368484,-1.8192487232997565,1,-3.475202893822443
9.015,0.1272357,-0.35178660000000006,9.3121425,-0.494038723912519,1,0.049636385822062354,-1.8266648882518495,1,-3.502547245909081
9.031,0.10477080000000001,-0.33530580000000004,9.3600153,-0.4921671730208814,1,0.1169719307273497,-1.8345545354273167,1,-3.5318370012985145
9.047,0.10477080000000001,-0.30685680000000004,9.2987028,-0.4918595810723918,1,0.01922449678060099,-1.842426749460063,1,-3.5612528515776134
9.062,0.11673900000000001,-0.30685680000000004,9.365999400000002,-0.4899156509568705,1,0.12959534103476358,-1.849790063700282,1,-3.5889444776763137
9.078,0.2080701,-0.2738952,9.365999400000002,-0.4880054414276067,1,0.11938809557898711,-1.8576134324393578,1,-3.6186037056454308
9.093,0.2080701,-0.2829204,9.240333300000001,-0.4891981286672351,1,-0.0795124826418902,-1.8649424592150694,1,-3.64652287483284
9.109,0.145188,-0.2829204,9.3241107,-0.4883488704674299,1,0.05307863748782444,-1.8727628352081467,1,-3.676424517188226
9.125,0.1062423,-0.2754648,9.3241107,-0.4875385682233606,1,0.05064389025433154,-1.880569934717673,1,-3.7064511793476327
9.156,0.1062423,-0.3143124,9.3031173,-0.4872297898467348,1,0.009960592794380317,-1.8956788442677597,1,-3.764983035421908
9.172,0.1466595,-0.3143124,9.3195981,-0.48651346030580456,1,0.044770596308141244,-1.90346879026898,1,-3.795376216498202
9.187,0.18109260000000002,-0.2889045,9.3195981,-0.4858198863938732,1,0.046238260795428164,-1.910761290369227,1,-3.8239829421029863
9.203,0.10182780000000001,-0.3173535,9.268684200000001,-0.4863910051465261,1,-0.03569492204080756,-1.9185389775015502,1,-3.8546173442459524
9.218,0.10182780000000001,-0.30685680000000004,9.3195981,-0.4857157578929012,1,0.04501648357499088,-1.9258297782243463,1,-3.883450109913898
9.234,0.15421320000000002,-0.30685680000000004,9.2746683,-0.4861345419327687,1,-0.02617400249171895,-1.9336045806229516,1,-3.914325584784676
9.25,0.1287072,-0.3367773,9.2746683,-0.4865272896918853,1,-0.024546734944785854,-1.9413858752759487,1,-3.9453255084318672
9.265,0.10928340000000002,-0.3338343,9.3076299,-0.486115757697414,1,0.027435466298085867,-1.9486806981313687,1,-3.974501007732423
9.281,0.1287072,-0.31284090000000003,9.3076299,-0.4857259858022971,1,0.024360743444806744,-1.9564554320793663,1,-4.005742096774109
9.297,0.1287072,-0.3053853,9.253773,-0.48666450204980016,1,-0.058657265468942066,-1.9642345559821832,1,-4.037107616678601
9.312,0.1002582,-0.3053853,9.2372922,-0.4879904346448214,1,-0.0883955063347557,-1.9715444680073924,1,-4.066625959358521
9.328,0.1257642,-0.287433,9.2987028,-0.4877935009430452,1,0.012308356361012674,-1.9793507394920944,1,-4.098233121018517
9.343,0.1302768,-0.31284090000000003,9.2987028,-0.48757986605796333,1,0.01424232567212341,-1.986666039744599,1,-4.127978246862793
9.375,0.18864630000000002,-0.33824879999999996,9.3451041,-0.48619460404225023,1,0.0432894379910342,-2.0022464312661965,1,-4.191800846398966
9.39,0.08534699999999999,-0.3098979,9.3451041,-0.4849039994966251,1,0.08604030304167201,-2.0095296707927384,1,-4.2218891671644085
9.422,0.08534699999999999,-0.3008727,9.318126600000001,-0.48430968100226934,1,0.018572452948617518,-2.025037089680721,1,-4.286442235331984
9.437,0.0928026,-0.3008727,9.297133200000001,-0.484239862190579,1,0.004654587446022064,-2.0323012112546666,1,-4.316872272588997
9.453,0.1406754,-0.35777070000000005,9.297133200000001,-0.4841079736304774,1,0.008243035006350034,-2.040047993941235,1,-4.349451066230564
9.468,0.1406754,-0.3367773,9.3195981,-0.4834509085638583,1,0.04380433777460576,-2.047304685557693,1,-4.380106211326807
9.484,0.113796,-0.3367773,9.2597571,-0.4842772824275201,1,-0.05164836647886246,-2.055046511085624,1,-4.412925020899954
9.5,0.08083440000000001,-0.3622833,9.337550400000001,-0.48317259136116775,1,0.06904319164702238,-2.0627861100759333,1,-4.445867681869247
9.515,0.113796,-0.30685680000000004,9.337550400000001,-0.48213487543357303,1,0.06918106183964523,-2.070025916076894,1,-4.4768637720653945
9.531,0.113796,-0.33824879999999996,9.3735531,-0.4802185623510873,1,0.11976956765535884,-2.0777247435791715,1,-4.5100457773426434
9.547,0.15568469999999998,-0.33824879999999996,9.3614868,-0.4786283813870327,1,0.09938631025341307,-2.0853955191290763,1,-4.54335073944431
9.562,0.1437165,-0.36375480000000004,9.3614868,-0.4770583436760756,1,0.10466918073048144,-2.092563169567049,1,-4.574685429609528
9.578,0.1437165,-0.2918475,9.286734599999999,-0.47741008219029446,1,-0.02198365713867998,-2.10019891697398,1,-4.608227526301857
9.593,0.08829,-0.2918475,9.3031173,-0.47737075530573314,1,0.0026217923040878525,-2.1073597732552005,1,-4.639784216478577
9.609,0.11821050000000001,-0.32932170000000005,9.3031173,-0.47729379825779716,1,0.004809815495998566,-2.1149970896837087,1,-4.673563071382088
9.625,0.11821050000000001,-0.33981839999999996,9.346575600000001,-0.47615034729478367,1,0.07146568518834322,-2.1226246428481295,1,-4.707464045242343
9.64,0.19757340000000004,-0.33981839999999996,9.2987028,-0.4761687051533787,1,-0.0012238572396701395,-2.129767035741491,1,-4.739356982831766
9.656,0.0973152,-0.3053853,9.377967600000002,-0.47432232531530794,1,0.11539873987942419,-2.1373709639852403,1,-4.77349408682958
9.672,0.08829,-0.2798793,9.377967600000002,-0.4725425579620133,1,0.11123545958091609,-2.144945883051459,1,-4.807752621605874
9.703,0.08829,-0.31136939999999996,9.449874900000001,-0.46902920017582694,1,0.11333412213504736,-2.159540245302595,1,-4.87447215659536
9.718,0.10928340000000002,-0.31136939999999996,9.3360789,-0.4683699854652694,1,0.04394764737049972,-2.1665707391949036,1,-4.906917988979092
9.734,0.10928340000000002,-0.3503151,9.370512000000002,-0.4668540251798028,1,0.09474751784166449,-2.174052531280064,1,-4.9416429751428925
9.75,0.0673947,-0.3503151,9.4169133,-0.46425374024723176,1,0.16251780828568915,-2.1815013934034804,1,-4.976487406540361
9.765,0.09584369999999999,-0.39220380000000005,9.4169133,-0.46167062138149007,1,0.17220792438277321,-2.188445826115696,1,-5.009262010686756
9.781,0.09584369999999999,-0.3278502,9.421425900000001,-0.45910047591481806,1,0.16063409166700002,-2.1958119948940666,1,-5.044336073254835
9.797,0.1272357,-0.3278502,9.4228974,-0.4565480931962185,1,0.15952391991247414,-2.203137183446955,1,-5.079527666681563
9.812,0.15421320000000002,-0.32932170000000005,9.3810087,-0.45506780585616724,1,0.09868582267009021,-2.2099743026898473,1,-5.112626002827587
9.843,0.1302768,-0.38621970000000005,9.3810087,-0.4535795869089192,1,0.04800706281445211,-2.2240583372777065,1,-5.181353508747085
9.859,0.11978010000000001,-0.2604555,9.4199544,-0.4512872730344384,1,0.14326961715505057,-2.2312972721572533,1,-5.216996353622565
9.875,0.16765290000000002,-0.344331,9.4199544,-0.44896743783377424,1,0.14498970004150888,-2.2384993098441988,1,-5.252754726278576
9.89,0.16765290000000002,-0.31284090000000003,9.4707702,-0.4454924188992315,1,0.23166792896950572,-2.2452077587696966,1,-5.286382529293181
9.906,0.11673900000000001,-0.31284090000000003,9.4797954,-0.4419007985836494,1,0.22447626972388315,-2.2523069045095596,1,-5.322362646599416
9.937,0.007455600000000001,-0.3039138,9.4797954,-0.4384213077297545,1,0.11224164044822604,-2.2659518971574166,1,-5.392395658025252
9.953,0.007455600000000001,-0.3338343,9.5171715,-0.4340910996355145,1,0.2706380058900002,-2.2729319964163386,1,-5.428706729173841
9.968,0.1002582,-0.36375480000000004,9.4723398,-0.4309195736617646,1,0.21143506491665348,-2.2794195764660685,1,-5.4628493659704604
9.984,0.113796,-0.36375480000000004,9.4004325,-0.4295740819006202,1,0.08409323507152504,-2.2863035257105677,1,-5.499375150787873
10.0,0.0134397,-0.3817071,9.4004325,-0.42826061132102033,1,0.08209191122499064,-2.293166203256341,1,-5.536010908619609
10.015,0.0134397,-0.3023442,9.4438908,-0.42599014503641364,1,0.15136441897377415,-2.299573083929022,1,-5.570456453273501
10.031,0.0973152,-0.3023442,9.488722500000002,-0.4226702254157697,1,0.2074949762902454,-2.3063623668926394,1,-5.607303936880074
10.047,0.2065986,-0.37425150000000007,9.5231556,-0.4184871638044534,1,0.2614413507072697,-2.3130916260064014,1,-5.644259568823267
10.062,0.21856680000000003,-0.37425150000000007,9.5261967,-0.41432552206677364,1,0.27744278251200527,-2.319337721150435,1,-5.67900278892694
10.078,0.1990449,-0.290376,9.5261967,-0.41034711441427874,1,0.24865047828093156,-2.3259351022422834,1,-5.7161649715140825
10.109,0.1990449,-0.20954160000000002,9.5381649,-0.4062256705498726,1,0.13294980207761556,-2.338591980409228,1,-5.788465141295182
10.125,0.19011780000000003,-0.2948886,9.4707702,-0.40379683044167614,1,0.15180250676227733,-2.3450721604171605,1,-5.825934454421794
10.14,0.2140542,-0.2948886,9.4692987,-0.40145064555894194,1,0.1564123255156069,-2.3511115164871654,1,-5.861155831998578
10.172,0.08829,-0.2634966,9.488722500000002,-0.3987596393953208,1,0.08409394261316143,-2.3639148810464334,1,-5.936596254359116
10.187,0.0733788,-0.2634966,9.4857795,-0.39620911515088864,1,0.170034949628823,-2.3698771467055297,1,-5.972099694567253
10.203,0.1377324,-0.39818790000000004,9.4857795,-0.39358884650518533,1,0.16376679035645644,-2.3761955303987783,1,-6.0100682759840875
10.218,0.1377324,-0.33981839999999996,9.5666139,-0.38911770785001565,1,0.29807591034463415,-2.3820658295564425,1,-6.045755236183753
10.234,0.0464013,-0.33981839999999996,9.4947066,-0.3865297464529984,1,0.16174758731357639,-2.3882710091908668,1,-6.0839179308937315
10.25,0.0898596,-0.3143124,9.4947066,-0.38401872107908197,1,0.1569390858697782,-2.3944353969311236,1,-6.122179582142707
10.265,0.1062423,-0.3817071,9.581623200000001,-0.37938652125726513,1,0.30881332145444435,-2.4001609362486462,1,-6.158139054641557
10.281,0.1062423,-0.3712104,9.632439,-0.3736389424221134,1,0.35922367719698445,-2.4061851399580814,1,-6.1965898232512115
10.297,0.09878670000000002,-0.3712104,9.5291397,-0.37055095463156107,1,0.19299923690951887,-2.4121386591345106,1,-6.235136413643953
10.312,0.09427410000000001,-0.33981839999999996,9.5291397,-0.36756794165598805,1,0.19886753170488392,-2.417674550856667,1,-6.271360012718883
10.328,0.09427410000000001,-0.287433,9.4977477,-0.3654649836727195,1,0.13143487395428355,-2.4235388142592966,1,-6.310089719639811
10.343,0.1437165,-0.287433,9.560629800000001,-0.36186537852125156,1,0.23997367676452125,-2.428993791975752,1,-6.346483714186576
10.359,0.1586277,-0.31284090000000003,9.560629800000001,-0.3583283791924714,1,0.22106245804875949,-2.4347553420374615,1,-6.3853937072586815
10.375,0.1586277,-0.2724237,9.577110600000001,-0.35450605000573177,1,0.2388955741712271,-2.4404580174710473,1,-6.424395414134749
10.406,0.1257642,-0.2724237,9.5920218,-0.3504253334802847,1,0.13163601694990265,-2.4513844539150806,1,-6.500218972441235
10.422,0.1257642,-0.2394621,9.5920218,-0.34646558860533183,1,0.24748405468455448,-2.4569595812917657,1,-6.539485724722891
10.437,0.2215098,-0.3487455,9.5830947,-0.3426960377187722,1,0.25130339243732785,-2.462128293489196,1,-6.576378883783745
10.453,0.2215098,-0.4520448,9.5471901,-0.33978779206382903,1,0.181765353433949,-2.4675881641274566,1,-6.615816615444678
10.468,0.1302768,-0.4520448,9.5711265,-0.33640831307208785,1,0.2252985994494035,-2.4726596349159764,1,-6.652868473937505
10.484,0.113796,-0.33981839999999996,9.5711265,-0.3332295046783216,1,0.198675524610392,-2.47801673745798,1,-6.692473884916497
10.5,0.113796,-0.36071369999999997,9.539636400000001,-0.3308770413065609,1,0.14702896073504043,-2.4833295898258587,1,-6.732164655534768
10.515,0.09584369999999999,-0.36071369999999997,9.5426775,-0.32851264601652375,1,0.15762635266913935,-2.488275012480782,1,-6.769451690052069
10.531,0.1646118,-0.36071369999999997,9.5426775,-0.3261830480062784,1,0.14559987564033414,-2.4935125780329646,1,-6.809305990776179
10.547,0.1646118,-0.35777070000000005,9.6189993,-0.32205303274657027,1,0.25812595373175795,-2.4986984666789875,1,-6.849243679133874
10.562,0.11673900000000001,-0.2784078,9.690808500000001,-0.3163541943598265,1,0.3799225591162831,-2.503486520882285,1,-6.886760066540581
10.578,0.17069399999999998,-0.2604555,9.7806681,-0.30859643606328113,1,0.48485989353408376,-2.50848612592567,1,-6.926855847715045
10.593,0.17069399999999998,-0.2934171,9.6563754,-0.30403482229440826,1,0.30410758459151344,-2.5130808603633525,1,-6.964517600112214
10.609,0.09427410000000001,-0.2934171,9.695321100000001,-0.2986606117877635,1,0.335888156665298,-2.5179024238360097,1,-7.004765466385809
10.625,0.1511721,-0.2918475,9.695321100000001,-0.29340107774943647,1,0.32872087739543837,-2.522638917352307,1,-7.045089797115316
10.64,0.1511721,-0.2709522,9.6923781,-0.28835635273053484,1,0.33631500126009595,-2.527002098080907,1,-7.082962104731067
10.672,0.11978010000000001,-0.2709522,9.6384231,-0.2847607245106598,1,0.11236338187109442,-2.536171971316766,1,-7.163972889841429
10.687,0.0718092,-0.18266220000000002,9.6384231,-0.2813150752489637,1,0.22970995077975878,-2.540417539814963,1,-7.202047311174914
10.703,0.0718092,-0.3023442,9.752219100000001,-0.27510596131742915,1,0.38806962072090967,-2.544868908107494,1,-7.242729602758294
10.718,0.08534699999999999,-0.3023442,9.689337,-0.2705785394733553,1,0.30182812293824474,-2.548961541863425,1,-7.280933331133077
10.734,0.10182780000000001,-0.3487455,9.731225700000001,-0.2650987000009497,1,0.3424899670253498,-2.5532469597792193,1,-7.321750999146218
10.75,0.13469129999999999,-0.3143124,9.731225700000001,-0.2597713737366014,1,0.33295789152176763,-2.5574459203691196,1,-7.3626365421874045
10.765,0.13469129999999999,-0.3712104,9.7268112,-0.2546327188729727,1,0.34257699090856997,-2.5613039510636915,1,-7.401027166223152
10.781,0.1437165,-0.3712104,9.6804099,-0.2507470373338858,1,0.24285509619292855,-2.5653469891133462,1,-7.442040373744568
10.797,0.15568469999999998,-0.3907323,9.6804099,-0.24693289656840633,1,0.23838379784246722,-2.569328428584565,1,-7.483117777086152
10.812,0.15568469999999998,-0.2829204,9.657945000000002,-0.24385082867388697,1,0.20547119296797448,-2.5730093065238817,1,-7.521685310099462
10.828,0.11821050000000001,-0.2829204,9.690808500000001,-0.2400557401865413,1,0.2371930304591039,-2.576880559074765,1,-7.562884429024251
10.859,0.15568469999999998,-0.33226469999999997,9.740250900000001,-0.23509707591798445,1,0.15995691188892747,-2.5842454277243854,1,-7.64288188181964
10.875,0.0269775,-0.33226469999999997,9.7672284,-0.22963116702959852,1,0.34161930552412095,-2.587963253667966,1,-7.684259551270778
10.89,0.0898596,-0.3023442,9.7866522,-0.22383959458502822,1,0.38610482963800485,-2.591364284380076,1,-7.72310450780614
10.906,0.08534699999999999,-0.3143124,9.7866522,-0.21818107308363643,1,0.3536575938369865,-2.5949004497214254,1,-7.764594625678953
10.922,0.08534699999999999,-0.3143124,9.7895952,-0.21258882351812858,1,0.3495155978442407,-2.5983466088942397,1,-7.806140602147878
10.937,0.15568469999999998,-0.3143124,9.771642900000002,-0.20754944306681367,1,0.3359586967543545,-2.6014976458936268,1,-7.845139434058784
10.953,0.1406754,-0.3248091,9.771642900000002,-0.202630155025167,1,0.3074555026029155,-2.6047790826783626,1,-7.88678964788736
10.968,0.1406754,-0.315882,9.764187300000001,-0.19801971313065891,1,0.307362792967195,-2.6077839566895316,1,-7.925883870682621
10.984,0.0928026,-0.315882,9.7536906,-0.1937915441870608,1,0.2642605589748823,-2.6109184467480735,1,-7.9676334899101215
11.0,0.1272357,-0.39671639999999997,9.7536906,-0.18958506769469885,1,0.26290478077262125,-2.6139854596431276,1,-8.009432721161252
11.015,0.1272357,-0.29783160000000003,9.871999200000001,-0.18268299172793157,1,0.46013839778446824,-2.6167774700887976,1,-8.048663443134243
11.031,0.08083440000000001,-0.29783160000000003,9.818044200000001,-0.1772765092175419,1,0.3379051568993538,-2.6196571460963614,1,-8.090554920063724
11.047,0.12272310000000002,-0.2709522,9.818044200000001,-0.17201028706629629,1,0.3291388844528506,-2.622451440466632,1,-8.132491788756228
11.062,0.11978010000000001,-0.2843919,9.7387794,-0.1687964549410257,1,0.2142554750180572,-2.6250074910316865,1,-8.171847730742462
11.078,0.11978010000000001,-0.2934171,9.711801900000001,-0.1663121208927567,1,0.15527087801681091,-2.627688359638357,1,-8.213869297547822
11.093,0.08534699999999999,-0.2934171,9.7701714,-0.16247429867665986,1,0.2558548144064472,-2.6301542577851276,1,-8.253303117178499
11.125,0.1856052,-0.33981839999999996,9.7701714,-0.15865954347179212,1,0.11921110015211667,-2.635292399259503,1,-8.337550263691213
11.14,0.15568469999999998,-0.4027005000000001,9.7327953,-0.15580305733644906,1,0.19043240902286354,-2.637650868765565,1,-8.377097338201402
11.172,0.1377324,-0.34580249999999996,9.7327953,-0.15307615325145463,1,0.08521575265607588,-2.6425929361349714,1,-8.46158123907981
11.187,0.1377324,-0.315882,9.7686999,-0.14956537328729524,1,0.23405199761064438,-2.644862747584012,1,-8.5012371567077
11.203,0.1990449,-0.315882,9.8225568,-0.14480183220748621,1,0.29772131748806413,-2.6472176852279703,1,-8.543573800170197
11.218,0.173637,-0.32333760000000006,9.8674866,-0.13906522214654515,1,0.3824406707293896,-2.649346688135626,1,-8.583298032970426
11.234,0.19011780000000003,-0.20954160000000002,9.8674866,-0.1335360268186463,1,0.3455747079936785,-2.651527498127347,1,-8.62570502646053
11.25,0.19011780000000003,-0.2754648,9.7582032,-0.1307660936786892,1,0.1731208212473188,-2.6536419150913257,1,-8.66814638176628
11.265,0.1317483,-0.2754648,9.7895952,-0.12732190096840412,1,0.229612847352329,-2.655577575051179,1,-8.70796552794235
11.281,0.1122264,-0.34128990000000003,9.7986204,-0.12369711935507866,1,0.22654885083284151,-2.657585727213767,1,-8.750470834360469
11.297,-0.0239364,-0.34128990000000003,9.803133,-0.12006570310725628,1,0.22696351548889807,-2.659535829793466,1,-8.793007806816526
11.312,0.058369500000000005,-0.33530580000000004,9.803133,-0.11652436824845402,1,0.23608899058683624,-2.6613102553286336,1,-8.832914152454938
11.328,0.058369500000000005,-0.40868460000000006,9.8944641,-0.11077591058191771,1,0.3592786041585191,-2.6631286575592767,1,-8.875509663758042
11.343,0.0449298,-0.40868460000000006,9.728282700000001,-0.10921901934852052,1,0.10379274889314241,-2.664778619533755,1,-8.91546896833624
11.359,-0.0254079,-0.4027005000000001,9.821085300000002,-0.10544635024770876,1,0.2357918188007344,-2.666495942490525,1,-8.958119164832434
11.375,0.029920500000000003,-0.347274,9.821085300000002,-0.10181696641728166,1,0.22683648940169368,-2.668154049023845,1,-9.000796364764549
11.39,0.029920500000000003,-0.36071369999999997,9.740250900000001,-0.10023451869313682,1,0.10549651494298547,-2.6696694351621733,1,-9.040830040895946
11.422,0.053856900000000006,-0.36071369999999997,9.6684417,-0.1004383665558315,1,-0.006370245709208516,-2.672880201326157,1,-9.126310835079758
11.437,0.0673947,-0.347274,9.6684417,-0.1006471669778719,1,-0.013920028136028561,-2.6743883428276596,1,-9.166415349160909
11.453,0.0673947,-0.2394621,9.827069400000001,-0.09706291419547775,1,0.22401579889963477,-2.6759700234770465,1,-9.209218216091347
11.468,0.16019730000000001,-0.2394621,9.8165727,-0.09379578829987345,1,0.21780839304027808,-2.6774014637457615,1,-9.24936850224552
11.484,0.1870767,-0.2754648,9.8165727,-0.090573738853438,1,0.20137809040221538,-2.678876419962988,1,-9.292218725315191
11.5,0.1870767,-0.287433,9.8165727,-0.08742191172202318,1,0.19698919571342605,-2.680300385167592,1,-9.335092139756236
11.515,0.18413369999999998,-0.287433,9.7911648,-0.08496764435595594,1,0.16361782440447661,-2.681593306838177,1,-9.375306342446281
11.531,0.15568469999999998,-0.2948886,9.7941078,-0.08250812790398498,1,0.15371977824818459,-2.6829331130162566,1,-9.418222553805117
11.547,0.0793629,-0.2679111,9.7941078,-0.08014982137930815,1,0.147394157792302,-2.6842343766105228,1,-9.461159893722131
11.562,0.0793629,-0.33530580000000004,9.719257500000001,-0.07962292028694762,1,0.035126739490704974,-2.6854326721730195,1,-9.501432396588005
11.578,0.1078119,-0.33530580000000004,9.707289300000001,-0.07939390892839349,1,0.014313209909633239,-2.686704806806742,1,-9.544409496419842
11.593,0.0733788,-0.37268190000000007,9.707289300000001,-0.07914509560175453,1,0.01658755510926287,-2.687893849340718,1,-9.584718986340949
11.609,0.0733788,-0.3098979,9.8240283,-0.0761103742107423,1,0.18967008693826487,-2.689135893099218,1,-9.62773522428047
11.625,0.0777933,-0.3098979,9.7536906,-0.07486348293363498,1,0.07793070481920676,-2.690343683956373,1,-9.670771060896914
11.656,0.12272310000000002,-0.33226469999999997,9.862974000000001,-0.07095408614067544,1,0.12610957396643444,-2.6926038562770245,1,-9.754206747770533
11.687,0.17069399999999998,-0.36973890000000004,9.9124164,-0.06588525600074568,1,0.1635106496751598,-2.6947248660802163,1,-9.837710342967068
11.703,0.19610190000000002,-0.36973890000000004,9.843550200000001,-0.06260675790189119,1,0.20490613117840598,-2.6957528021914374,1,-9.88083416431324
11.718,0.1511721,-0.31284090000000003,9.843550200000001,-0.05947561763484366,1,0.20874268446982724,-2.696668420007963,1,-9.921277323479737
11.734,0.145188,-0.31284090000000003,9.788123700000002,-0.05777407455200212,1,0.10634644267759609,-2.6976064175454577,1,-9.964431522180165
11.75,0.1392039,-0.2754648,9.788123700000002,-0.056143532146574415,1,0.1019089003392314,-2.6985177583990465,1,-10.007600515587722
11.781,0.1406754,-0.2843919,9.8136297,-0.053924250626796066,1,0.07158972644446152,-2.7002238090320336,1,-10.091281009882906
11.797,0.1437165,-0.2200383,9.8136297,-0.05179834538324535,2,0.1328690777219198,-2.701069589800114,1,-10.134491357073562
11.812,0.1437165,-0.34580249999999996,9.7672284,-0.05076681988522225,2,0.06876836653487889,-2.7018388285396275,1,-10.175013170211107
11.828,0.0763218,-0.290376,9.8091171,-0.0488017623572361,2,0.12281609549913408,-2.7026353771975673,1,-10.218248963857006
11.843,0.1122264,-0.290376,9.7103304,-0.0492844275935127,2,-0.032177682418438956,-2.703371023622198,1,-10.258794011863156
11.859,0.2065986,-0.39818790000000004,9.7103304,-0.04962440482393404,2,-0.02124857690133373,-2.7041622942815375,1,-10.302054278406386
11.875,0.2065986,-0.33981839999999996,9.7327953,-0.049462672072015934,2,0.010108296994881796,-2.704954990896705,1,-10.345327216687812
11.89,0.0389457,-0.33981839999999996,9.777627,-0.04826364299928443,2,0.07993527151543067,-2.70568793825974,1,-10.385907038656487
11.922,0.11526750000000001,-0.290376,9.777627,-0.0471180272326599,2,0.03580049270701654,-2.7072140449834508,1,-10.472513470388378
11.937,0.11526750000000001,-0.2694807,9.7507476,-0.046670237041567475,2,0.029852679406163946,-2.7079174569655073,1,-10.513126956652991
11.953,0.10182780000000001,-0.2694807,9.856989900000002,-0.043646858447859316,2,0.18896116210675978,-2.7086399937294225,1,-10.556459416258551
11.968,0.1257642,-0.23200650000000003,9.856989900000002,-0.040713724944023255,2,0.1955422335890633,-2.709272698104862,1,-10.59709376144731
11.984,0.1257642,-0.2754648,9.7926363,-0.03939371245818535,2,0.08250078036486912,-2.7099135576040796,1,-10.640447251492981
12.0,0.0658251,-0.2889045,9.8105886,-0.03767308733028685,2,0.1075390704936562,-2.7105300920023874,1,-10.683810800689832
12.015,0.10182780000000001,-0.2889045,9.8240283,-0.03565929106071053,2,0.1342530846384161,-2.71108008484032,1,-10.724472877016154
12.031,0.173637,-0.3907323,9.8240283,-0.03358422646733494,2,0.12969153708597403,-2.7116340329805446,1,-10.767854589958722
12.047,0.173637,-0.41466870000000006,9.7686999,-0.032883920139189726,2,0.04376914550907603,-2.712165778153397,1,-10.811244988447793
12.062,0.113796,-0.41466870000000006,9.7701714,-0.03218628979753646,2,0.0465086894435548,-2.7126538047279225,1,-10.8519311353194
12.078,0.11526750000000001,-0.3338343,9.7701714,-0.031580715319572406,2,0.03784840487275339,-2.7131639407688595,1,-10.895337677283376
12.093,0.2350476,-0.40711500000000006,9.8120601,-0.0298493702812479,2,0.11542300255496266,-2.713624666410866,1,-10.936038591837224
12.109,0.1406754,-0.3592422,9.8120601,-0.028249834676145724,2,0.09997097531888591,-2.714089460050525,1,-10.979460304848915
12.125,0.1406754,-0.2365191,9.7672284,-0.02787315435797133,2,0.023542519885899595,-2.714538443962798,1,-11.022889328081021
12.156,0.16912439999999998,-0.3143124,9.7058178,-0.028938002757437076,2,-0.03434994836986211,-2.715419016898087,1,-11.107053668724367
12.172,0.16765290000000002,-0.3143124,9.7208271,-0.0296116669487958,2,-0.04210401195992027,-2.715887414255737,1,-11.150504120173597
12.187,0.113796,-0.2350476,9.7208271,-0.030342507161259746,2,-0.04872268083093364,-2.7163370705615626,1,-11.191245803809723
12.203,0.113796,-0.3083283,9.669913200000002,-0.0322466805402275,2,-0.11901083618548458,-2.7168377840631743,1,-11.234711202646722
12.218,0.08829,-0.3083283,9.776155500000002,-0.0315210404375037,2,0.048376006848251586,-2.7173160419705074,1,-11.275467356341975
12.234,0.1122264,-0.3338343,9.776155500000002,-0.030786695556066945,2,0.045896555089797134,-2.717814503858456,1,-11.318948400708607
12.25,0.1122264,-0.36973890000000004,9.7656588,-0.0302945890482178,2,0.03075665674057146,-2.7183031541352904,1,-11.362437341972557
12.265,0.1062423,-0.36973890000000004,9.7851807,-0.029340340818515998,2,0.06361654864678452,-2.718750416109291,1,-11.403215243749393
12.281,0.08083440000000001,-0.40417200000000003,9.7851807,-0.02838210224315496,2,0.05988991096006474,-2.7192121956537845,1,-11.446718944643498
12.297,0.08083440000000001,-0.3278502,9.7941078,-0.027299208043515932,2,0.06768088747743922,-2.7196576461360777,1,-11.490229903377816
12.312,0.1317483,-0.35777070000000005,9.806076000000001,-0.025912045683968543,2,0.09247749063650006,-2.7200567305390337,1,-11.531027761202877
12.328,0.1631403,-0.35777070000000005,9.842078700000002,-0.023669800969186028,2,0.1401402946739071,-2.720453385312259,1,-11.574551842129686
12.343,0.0928026,-0.37866600000000006,9.842078700000002,-0.021485482001738276,2,0.14562126449651125,-2.720792049934541,1,-11.61536118289404
12.359,0.0928026,-0.3053853,9.8255979,-0.019818269920314435,2,0.10420075508898997,-2.7211224799499174,1,-11.658896499133116
12.375,0.1317483,-0.3053853,9.821085300000002,-0.018290873609281277,2,0.09546226943957228,-2.721427353098154,1,-11.7024368977975
12.406,0.09427410000000001,-0.2215098,9.821085300000002,-0.016866096207527548,2,0.045960561346893636,-2.7219722861303146,1,-11.786809592205543
12.422,0.09427410000000001,-0.1332198,9.934881299999999,-0.01273981730009055,2,0.25789243171481213,-2.7222091334383753,1,-11.830363043562093
12.437,0.2080701,-0.1332198,9.854046900000002,-0.010642912074368738,2,0.13979368171479875,-2.7223845039086836,1,-11.871197495842193
12.453,0.1930608,-0.20208600000000002,9.854046900000002,-0.008576032367011877,2,0.12917998170980372,-2.722538255464215,1,-11.914756877917176
12.468,0.1062423,-0.290376,9.8196138,-0.007377340496221407,2,0.07991279138602825,-2.722657905760689,1,-11.955595849126365
12.484,0.0868185,-0.290376,9.687865500000001,-0.009424362824677956,2,-0.1279388955285342,-2.7227923193872563,1,-11.999159450927548
12.5,0.0688662,-0.4176117,9.687865500000001,-0.011311660537593582,2,-0.11795610705722648,-2.7229582075741545,1,-12.04272545514324
12.515,0.0688662,-0.287433,9.717786,-0.012538950017090045,2,-0.08181929863309442,-2.7231370871533147,1,-12.083571169853697
12.531,0.0449298,-0.287433,9.711801900000001,-0.013885610565688822,2,-0.0841662842874235,-2.723348483637977,1,-12.127143054420026
12.547,0.13469129999999999,-0.4176117,9.711801900000001,-0.015064028894711257,2,-0.0736511455639021,-2.72358008075366,1,-12.17071848293516
12.562,0.13469129999999999,-0.40113090000000007,9.7986204,-0.014115097359590933,2,0.06326210234135997,-2.723798924200567,1,-12.211573825472312
12.578,0.0823059,-0.40113090000000007,9.8016615,-0.013129336926745339,2,0.061610027052849625,-2.7240168796748576,1,-12.255156351903315
12.593,0.1511721,-0.33824879999999996,9.8016615,-0.012205431461596916,2,0.06159369767655916,-2.7242068904377703,1,-12.29601803017916
12.609,0.16019730000000001,-0.3652263,9.707289300000001,-0.013576812061959487,2,-0.08571128752266059,-2.724413148385959,1,-12.33960699048975
12.64,0.16019730000000001,-0.2738952,9.777627,-0.013273380847428129,2,0.009788103694559744,-2.7248293263760544,1,-12.424070248848563
12.656,0.09878670000000002,-0.2738952,9.711801900000001,-0.014601951504310762,2,-0.08303566605516448,-2.725052329034868,1,-12.467669302091851
12.672,0.10182780000000001,-0.2948886,9.711801900000001,-0.015882365551794564,2,-0.08002587796773757,-2.725296203571317,1,-12.511272090352701
12.687,0.10182780000000001,-0.24103170000000002,9.788123700000002,-0.015306940061762475,2,0.038361699335475674,-2.7255301233634186,1,-12.552153287804709
12.703,0.1497006,-0.24103170000000002,9.8375661,-0.013525144309719295,2,0.11136223450269868,-2.7257607800383905,1,-12.595763615031924
12.718,0.18109260000000002,-0.261927,9.8375661,-0.011760918272729626,2,0.11761506913264014,-2.725950425507759,1,-12.636651449073522
12.734,0.18109260000000002,-0.2769363,9.886910400000001,-0.00882685868179145,2,0.18337872443363584,-2.726115127723395,1,-12.68026797349937
12.75,0.1302768,-0.2769363,9.922913099999999,-0.005106172059337055,2,0.23254291390339946,-2.7262265919693243,1,-12.723886707256913
12.765,0.1212516,-0.3083283,9.922913099999999,-0.0014564543171999844,2,0.24331451614246216,-2.7262758116671484,1,-12.764780475284187
12.781,0.20208600000000002,-0.36973890000000004,9.8225568,-0.0002580057344410136,2,0.0749030364224356,-2.7262895273475616,1,-12.808400997996305
12.797,0.20208600000000002,-0.32333760000000006,9.8255979,0.0009454355558755623,2,0.07521508064478592,-2.72628402790899,1,-12.852021586438358
12.812,0.11526750000000001,-0.32333760000000006,9.806076000000001,0.0016094983057666212,2,0.04427084999274083,-2.7262648659050277,1,-12.89291570314196
12.828,0.1482291,-0.290376,9.806076000000001,0.0022430166635061255,2,0.03959489735871898,-2.7262340457852736,1,-12.93653569443548
12.843,0.1482291,-0.3039138,9.7372098,0.0011924244097105685,2,-0.07003948358636782,-2.7262082799772247,1,-12.977429011878701
12.875,0.0703377,-0.2963601,9.771642900000002,0.00097989292151901,2,-0.006641609005986198,-2.726173522899925,1,-13.064667120724735
12.89,0.0703377,-0.34580249999999996,9.7791966,0.0009962637003244623,2,0.0010913852536967817,-2.726158701725261,1,-13.105559612409426
12.906,0.08829,-0.34580249999999996,9.7866522,0.0011975071276850713,2,0.01257771421003805,-2.726141151558637,1,-13.149178011235698
12.922,0.0703377,-0.3487455,9.7866522,0.001392841381727905,2,0.0122083908776771,-2.7261204287705616,1,-13.192796103878331
12.937,0.0614106,-0.35178660000000006,9.7387794,0.00041775079021100225,2,-0.06500603943446542,-2.726106849329272,1,-13.233687808464076
12.953,0.0614106,-0.3817071,9.7342668,-0.0006160719895635935,2,-0.06461392373591218,-2.7261084358988668,1,-13.2773055307459
12.968,0.09133110000000001,-0.3817071,9.8165727,0.0003868861659306333,2,0.06686387703294593,-2.726110154792544,1,-13.318197170176088
12.984,0.1122264,-0.33981839999999996,9.8165727,0.001333142540064003,2,0.059141023383335545,-2.7260963945628958,1,-13.361814822570931
13.0,0.1122264,-0.33226469999999997,9.783611100000002,0.0014465896179753912,2,0.007090442369461763,-2.7260741567056312,1,-13.405432186981079
13.015,0.1526436,-0.33226469999999997,9.862974000000001,0.0035049456375695343,2,0.13722373463960433,-2.7260370201912147,1,-13.446323020807807
13.031,0.1406754,-0.2514303,9.862974000000001,0.005450452957173724,2,0.12159420747526173,-2.725965377002457,1,-13.489939039985355
13.047,0.1406754,-0.19011780000000003,9.854046900000002,0.0070973754838252745,2,0.10293265791572183,-2.7258649943749287,1,-13.533553682956374
13.062,0.2230794,-0.19011780000000003,9.7806681,0.006952282043446445,2,-0.009672896025256082,-2.725759621943474,1,-13.574440867578758
13.078,0.1466595,-0.23799060000000002,9.7956774,0.007166986433555067,2,0.013419024381788868,-2.725646667795658,1,-13.61805211789667
13.093,0.0614106,-0.2679111,9.7956774,0.007373217419276656,2,0.01374873238143877,-2.7255376162667617,1,-13.65893600002714
13.109,0.0614106,-0.34580249999999996,9.771642900000002,0.0070480699226393995,2,-0.020321718539828542,-2.7254222459680264,1,-13.702543678925018
13.14,0.08083440000000001,-0.34580249999999996,9.776155500000002,0.006844289617397692,2,-0.006573558233603345,-2.7252069143951556,1,-13.787028430910649
13.156,0.0688662,-0.34580249999999996,9.776155500000002,0.006643246062710162,2,-0.012565222167970614,-2.725099014109715,1,-13.830630878338688
13.172,0.0688662,-0.38023560000000006,9.7627158,0.0061507278365855456,2,-0.030782389132788496,-2.7249966623185204,1,-13.874231643750115
13.187,0.0464013,-0.38023560000000006,9.783611100000002,0.006176240563490865,2,0.0017008484603547387,-2.72490421005552,1,-13.915105900292916
13.203,0.1032993,-0.4505733,9.783611100000002,0.006284510778947094,2,0.006766888466014359,-2.7248045240447807,1,-13.958703570165719
13.218,0.1032993,-0.36071369999999997,9.7507476,0.005498395149251323,2,-0.05240770864638279,-2.7247161522503194,1,-13.999574975237934
13.234,0.1526436,-0.36071369999999997,9.7821396,0.0055122797176334615,2,0.0008677855238836677,-2.7246280668513845,1,-14.043169728990748
13.25,0.142245,-0.2649681,9.6563754,0.0023814171787730487,2,-0.19567890867877563,-2.724564917276213,1,-14.086763272863768
13.265,0.142245,-0.2260224,9.719257500000001,0.0008359056506250795,2,-0.10303410187652738,-2.7245407873549925,1,-14.127631565648503
13.281,0.11526750000000001,-0.2260224,9.7372098,-0.00024291192957193175,2,-0.06742609876231315,-2.724536043405224,1,-14.171224180294585
13.297,0.08083440000000001,-0.3083283,9.7372098,-0.0012488122373142119,2,-0.06286876923389245,-2.7245479771985592,1,-14.214816852459416
13.312,0.08083440000000001,-0.3367773,9.860031000000001,0.0007865628657626189,2,0.1356916735384663,-2.724551444068846,1,-14.255685098118919
13.328,0.11673900000000001,-0.3367773,9.7941078,0.0011742365693088175,2,0.02422960647163739,-2.7245357576733653,1,-14.299277795732857
13.343,0.1122264,-0.39818790000000004,9.7941078,0.0016073250282708784,2,0.02887256393080297,-2.7245148959613834,1,-14.340145675635119
13.359,0.1122264,-0.36071369999999997,9.8046045,0.0022502952570402357,2,0.040185639298084795,-2.724484034999101,1,-14.383737667082803
13.375,0.1078119,-0.3831786,9.843550200000001,0.003846262096748987,2,0.09974792748179687,-2.7244352625402706,1,-14.427329021463118
13.406,0.0614106,-0.3831786,9.8151012,0.004700244787194663,2,0.027547828724053546,-2.7243027916835696,1,-14.51178446130359
13.422,0.1646118,-0.347274,9.8151012,0.005529797184369301,2,0.05184702482341481,-2.7242209513477973,1,-14.55537265124784
13.437,0.1646118,-0.3847482,9.752219100000001,0.004840863241623694,2,-0.04592892951637746,-2.7241431713946023,1,-14.596235382168405
13.453,0.11821050000000001,-0.3847482,9.7732125,0.004663935945755426,2,-0.011057955991766722,-2.7240671330011033,1,-14.639821064603572
13.468,0.1511721,-0.34580249999999996,9.7732125,0.00446692057311715,2,-0.01313435817588458,-2.7239986515772117,1,-14.68068155798791
13.484,0.1511721,-0.2575125,9.818044200000001,0.005301232357558305,2,0.05214448652757215,-2.723920506353766,1,-14.724264911251359
13.5,0.19011780000000003,-0.2575125,9.8405091,0.006679330853318177,2,0.08613115598499191,-2.723824661848079,1,-14.767846872596973
13.515,0.0973152,-0.173637,9.8405091,0.007945972747119612,2,0.08444279292009244,-2.723714972071076,1,-14.808703419851367
13.547,0.09427410000000001,-0.2215098,9.7656588,0.007379369467589214,2,-0.01770635248532491,-2.7234697665956404,1,-14.895858375670034
13.562,0.1122264,-0.2215098,9.708858900000001,0.00544630058837825,2,-0.12887125861407464,-2.7233735740702207,1,-14.936709700725025
13.578,0.1571562,-0.2829204,9.708858900000001,0.003614468711878871,2,-0.1144894922812111,-2.723301087915819,1,-14.980283098020914
13.593,0.1571562,-0.3562992,9.695321100000001,0.001556267780211229,2,-0.13721339544450425,-2.7232623073921283,1,-15.021132323485725
13.609,0.09133110000000001,-0.3562992,9.7956774,0.001973681586838083,2,0.02608836291417835,-2.723234067797192,1,-15.064704294487239
13.64,0.0748503,-0.35178660000000006,9.7956774,0.002373531990762956,2,0.012898400126608561,-2.7231666859867394,1,-15.149123506170891
13.656,0.1915893,-0.37572300000000003,9.783611100000002,0.002529956655406451,2,0.009776541540218444,-2.72312745807757,1,-15.192693859323406
13.672,0.142245,-0.37425150000000007,9.783611100000002,0.002660676685852792,2,0.008170001902896289,-2.72308593301084,1,-15.236263566452113
13.703,0.15421320000000002,-0.2829204,9.8091171,0.003339626562372189,2,0.02190160891998139,-2.7229929283104926,1,-15.320677788802591
13.718,0.1107549,-0.2829204,9.7732125,0.003112407311251175,2,-0.015147950074733666,-2.7229445380564403,1,-15.361522319800345
13.734,0.142245,-0.287433,9.7732125,0.0029038761668562785,2,-0.013033196524681033,-2.7228964077886153,1,-15.405089047367106
13.75,0.142245,-0.3248091,9.740250900000001,0.0019255569621048352,2,-0.06114495029696515,-2.7228577723235836,1,-15.448655080808004
13.765,0.1362609,-0.3248091,9.8495343,0.0036327408640577374,2,0.11381226013018918,-2.7228160850898875,1,-15.489497634738607
13.781,0.1107549,-0.2784078,9.8495343,0.005255853086136852,2,0.1014445138799446,-2.722744976338286,1,-15.533062123230032
13.797,0.1107549,-0.3143124,9.8046045,0.0057704937548628266,2,0.032165041795373356,-2.7226567655635576,1,-15.576625337165247
13.812,0.1526436,-0.3143124,9.8120601,0.006468026064053944,2,0.04650215394607827,-2.722564976664916,1,-15.617464500231957
13.828,0.1272357,-0.3307932,9.8120601,0.0071529183669003515,2,0.04280576892790041,-2.722456009109468,1,-15.661024668118152
13.843,0.0898596,-0.2858634,9.856989900000002,0.008871951133636813,2,0.11460218444909308,-2.722335822588214,1,-15.701860606855886
13.875,0.0898596,-0.3262806,9.695321100000001,0.006638869356240917,2,-0.06978380554362168,-2.7220876494603763,1,-15.788971382408663
13.89,0.1406754,-0.3262806,9.7297542,0.005314249167103213,2,-0.08830801260917692,-2.721998001071451,1,-15.829802024787654
13.906,0.09584369999999999,-0.40417200000000003,9.7297542,0.004079913258992818,2,-0.07714599425689965,-2.7219228477720425,1,-15.873353391578402
13.922,0.09584369999999999,-0.34580249999999996,9.7387794,0.003040836425462601,2,-0.0649423020956385,-2.721865881774567,1,-15.916903701414775
13.937,0.1302768,-0.34580249999999996,9.7417224,0.002108574848334044,2,-0.06215077180857547,-2.7218272611900134,1,-15.957731399987006
13.953,0.1002582,-0.34580249999999996,9.7417224,0.0011903942395345979,2,-0.057386288049965324,-2.7218008694373106,1,-16.001280425032025
13.968,0.1002582,-0.3503151,9.839037600000001,0.0026704372124140008,2,0.09866953152528979,-2.721771913201421,1,-16.042107220901816
13.984,0.1661814,-0.3503151,9.8165727,0.0035886378245795214,2,0.05738753826034499,-2.721721840601125,1,-16.085655170932235
14.0,0.11673900000000001,-0.3876912,9.8165727,0.004501319269097692,2,0.057042590282385626,-2.721657120944376,1,-16.129202202624597
14.015,0.10182780000000001,-0.33226469999999997,9.821085300000002,0.0054481520221330015,2,0.0631221835356849,-2.7215824999096916,1,-16.170026499781006
14.031,0.10182780000000001,-0.3039138,9.7327953,0.004197249784628099,2,-0.07818138984405636,-2.7215053366952375,1,-16.213571202473844
14.047,0.0868185,-0.2798793,9.7656588,0.00375692606898248,2,-0.027520232227851136,-2.721441703288409,1,-16.257114778793714
14.078,0.0868185,-0.36973890000000004,9.7806681,0.0037659989993290566,2,0.0002926751724702182,-2.7213250979498502,1,-16.341477664212903
14.093,0.11526750000000001,-0.3218661,9.7327953,0.002573846823938908,2,-0.07947681169267357,-2.721277549106176,1,-16.382297184065823
14.109,0.11526750000000001,-0.24397470000000002,9.8120601,0.0032881258256622914,2,0.04464243760771143,-2.721230653324979,1,-16.425837249685273
14.14,0.145188,-0.24397470000000002,9.7911648,0.003485237366975369,2,0.006358436816550768,-2.721125666195493,1,-16.51019377263784
14.156,0.18864630000000002,-0.29783160000000003,9.7911648,0.003731926521149731,2,0.015418072135897617,-2.7210679288843878,1,-16.55373132139848
14.172,0.17667810000000003,-0.3218661,9.759674700000001,0.0032181852132708855,2,-0.03210883174242782,-2.7210123279905125,1,-16.59726796345348
14.187,0.17667810000000003,-0.2575125,9.803133,0.0037298319832093085,2,0.034109784662564285,-2.720960217861539,1,-16.638082757547366
14.203,0.18109260000000002,-0.2575125,9.7342668,0.0025521714438010434,2,-0.0736037837130165,-2.720909961834123,1,-16.68161771898493
14.218,0.1586277,-0.2664396,9.7342668,0.001399534943059777,2,-0.07684243338274818,-2.720880324036221,1,-16.72243114612896
14.234,0.1586277,-0.2769363,9.740250900000001,0.0004280286786979559,2,-0.06071914152261376,-2.720865703527247,1,-16.76596511434947
14.25,0.1332198,-0.2769363,9.7732125,0.0002744813335056051,2,-0.009596709074521917,-2.7208600834471492,1,-16.809498920645265
14.265,0.1796211,-0.3143124,9.7732125,0.00017034044738473142,2,-0.006942725741391316,-2.7208567472837926,1,-16.850311796875747
14.281,0.1796211,-0.3143124,9.7911648,0.0005063010247727817,2,0.020997536086753126,-2.7208513341520155,1,-16.893845461527235
14.297,0.059841000000000005,-0.3143124,9.800091900000002,0.0010159821753248366,2,0.0318550719095034,-2.7208391558864147,1,-16.93737898544754
14.328,0.15421320000000002,-0.29783160000000003,9.800091900000002,0.001525808481174451,2,0.016446009866117228,-2.720799758131239,1,-17.02172438861481
14.343,0.0269775,-0.33824879999999996,9.7732125,0.0013713000610451331,2,-0.010300561341954135,-2.7207780298171724,1,-17.062536222024423
14.359,0.0434583,-0.33824879999999996,9.6804099,-0.0010400803334373876,2,-0.1507112746551574,-2.7207753800593517,1,-17.106068649303435
14.375,0.0673947,-0.2963601,9.6804099,-0.0034227755745668276,2,-0.14891845257058986,-2.7208110829066157,1,-17.149601341007163
14.39,0.0673947,-0.2724237,9.818044200000001,-0.0024089556727737715,2,0.06758799345286784,-2.720854820890971,1,-17.190413835285646
14.406,0.0673947,-0.2724237,9.7895952,-0.0021134570259260244,2,0.01846866542798418,-2.7208910001925606,1,-17.233947801854313
14.422,0.0134397,-0.3173535,9.7895952,-0.0017976018231102842,2,0.019740950175983745,-2.720922288663353,1,-17.277482308165162
14.437,0.0134397,-0.344331,9.752219100000001,-0.0023782720428044968,2,-0.03871134797961729,-2.7209536077173473,1,-17.318296377388013
14.453,0.0224649,-0.344331,9.855518400000001,-0.0004264386591916747,2,0.12198958647580127,-2.7209760454029635,1,-17.361831814612977
14.468,0.08377740000000002,-0.37866600000000006,9.855518400000001,0.001516539601784217,2,0.12953188406505453,-2.720967869645894,1,-17.402646393975843
14.5,0.145188,-0.3652263,9.776155500000002,0.0014830213087773103,2,-0.0010474466564658327,-2.7209198766713247,1,-17.489716597916917
14.515,0.0464013,-0.3652263,9.7732125,0.0013549992451924453,2,-0.008534804238990678,-2.72089859151717,1,-17.530530236428334
14.531,0.1946304,-0.3847482,9.7732125,0.0012928976484616328,2,-0.003881349795675778,-2.720877408342021,1,-17.574064444427208
14.547,0.1946304,-0.3262806,9.714843,-0.00024208410431292293,2,-0.09593635954840965,-2.720869001833668,1,-17.617598415708613
14.562,0.1781496,-0.3262806,9.818044200000001,0.000767947149865833,2,0.06733541694525581,-2.720865057860826,1,-17.65841142115632
14.593,0.2215098,-0.2634966,9.818044200000001,0.0017288910584873918,2,0.03099819060069486,-2.7208263568685966,1,-17.742757638084626
14.609,0.2215098,-0.2889045,9.7926363,0.0020645412704762833,2,0.020978138249305705,-2.720796009409965,1,-17.786290617014856
14.625,0.2215098,-0.2889045,9.831582000000001,0.0033412468884392865,2,0.07979410112268763,-2.7207527631046933,1,-17.829823007194975
14.64,0.1631403,-0.23799060000000002,9.842078700000002,0.004781629720151059,2,0.09602552211411455,-2.7206918415301287,1,-17.870633841729738
14.656,0.173637,-0.2425032,9.842078700000002,0.006193945001852441,2,0.08826970510633628,-2.7206040369323525,1,-17.914164208757438
14.672,0.0763218,-0.3083283,9.7986204,0.006527188673869588,2,0.020827729501071684,-2.7205022678629467,1,-17.9576930591958
14.687,0.1377324,-0.37268190000000007,9.7986204,0.006923161004822376,2,0.026398155396854618,-2.7204013902403563,1,-17.998499836631574
14.718,0.1377324,-0.347274,9.843550200000001,0.008381783389555864,2,0.04705233499140195,-2.7201641636022433,1,-18.082828602716134
14.734,0.0748503,-0.347274,9.8974071,0.011101012824340728,2,0.1699518396740539,-2.7200083012325322,1,-18.126349982434814
14.75,0.0224649,-0.3262806,9.8974071,0.013730229400078287,2,0.16432603598359727,-2.719809651294737,1,-18.169868526055033
14.765,0.0224649,-0.3338343,9.8255979,0.014551022553103365,2,0.05471954353500319,-2.719597541905088,1,-18.210664080004033
14.781,0.1526436,-0.3338343,9.821085300000002,0.0152700843479181,2,0.04494136217592089,-2.71935897304988,1,-18.254175732123674
14.797,0.0554265,-0.32932170000000005,9.8689581,0.01710975092774447,2,0.1149791612391481,-2.7190999343676747,1,-18.297683403383015
14.812,0.0793629,-0.2604555,9.8689581,0.018858367392644126,2,0.11657443099331971,-2.718830173480272,1,-18.33846787919187
14.828,0.0793629,-0.2575125,9.818044200000001,0.01932111429657546,2,0.02892168149570826,-2.7185247376267583,1,-18.381966718480726
14.843,0.18266220000000002,-0.2575125,9.862974000000001,0.020901465170997113,2,0.10535672496143964,-2.7182230682807513,1,-18.422742327025034
14.875,0.1062423,-0.2499588,9.9048627,0.023432537067069603,2,0.07909599675226524,-2.717513724244942,1,-18.509714115705446
14.89,0.1856052,-0.2499588,9.8824959,0.025385118783082916,2,0.1301721144008826,-2.717147591826066,1,-18.55047407557598
14.906,0.1257642,-0.344331,9.8824959,0.027336265172952068,2,0.12194664936682187,-2.716725820754418,1,-18.593945062876625
14.922,0.1257642,-0.3817071,9.907903800000001,0.02989247842094045,2,0.1597633279992737,-2.716267990805667,1,-18.637409013369105
14.937,0.1796211,-0.3817071,9.8151012,0.03014516162671832,2,0.01684554705185939,-2.7158177085053095,1,-18.678149656113934
14.953,0.1497006,-0.37572300000000003,9.9048627,0.03256128857521823,2,0.15100793428124412,-2.715316056903694,1,-18.721598726237207
14.968,0.0344331,-0.36973890000000004,9.9048627,0.03488688515478522,2,0.15503977197112684,-2.7148101956007187,1,-18.76232467313099
14.984,0.0344331,-0.4027005000000001,9.8285409,0.03532713638926133,2,0.027515702154756714,-2.714248483428366,1,-18.805757142563223
15.0,0.11821050000000001,-0.4027005000000001,9.8704296,0.03679325250848642,2,0.09163225745156814,-2.713671520317184,1,-18.84918050259319
15.015,0.058369500000000005,-0.318825,9.8704296,0.03813584595489061,2,0.08950622976027624,-2.7131095520787087,1,-18.88988136063616
15.031,0.058369500000000005,-0.3202965,9.9138879,0.04050623948128518,2,0.1481495953996602,-2.7124804153952193,1,-18.93328608037595
15.047,0.17069399999999998,-0.3202965,9.8944641,0.04237701587979359,2,0.11692352490677561,-2.7118173493523305,1,-18.97668046249393
15.062,0.15568469999999998,-0.36375480000000004,9.8944641,0.04423274330277316,2,0.12371516153198127,-2.711167776158461,1,-19.017352850935257
15.078,0.15568469999999998,-0.30685680000000004,10.0171872,0.04898767360907463,2,0.2971831441438419,-2.7104220128231664,1,-19.06072556924711
15.109,0.1302768,-0.30685680000000004,9.9288972,0.051465577113773975,3,0.07993237111933209,-2.708864987436962,1,-19.144724517751143
15.125,0.16765290000000002,-0.3053853,9.951264,0.05444080402638818,3,0.18595168203838758,-2.708017736387841,1,-19.188059579541743
15.14,0.09427410000000001,-0.315882,9.951264,0.057327911478470384,3,0.19247383013880637,-2.707179471021554,1,-19.228673558597315
15.156,0.09427410000000001,-0.3338343,9.9932508,0.061182336625567046,3,0.2409015716935412,-2.706231389036722,1,-19.27198084547778
15.172,0.1631403,-0.3338343,9.9602892,0.0641609860087442,3,0.18616558644857212,-2.7052286424556473,1,-19.31527252572972
15.187,0.1362609,-0.287433,9.9602892,0.06702186339038718,3,0.19072515877621396,-2.704244771085154,1,-19.355843576331274
15.203,0.0823059,-0.33824879999999996,10.048579199999999,0.07198955131481277,3,0.3104804952765991,-2.7031326797675126,1,-19.399102595938096
15.218,0.1990449,-0.3307932,10.048579199999999,0.07686986063404078,3,0.32535395461518796,-2.702016234177896,1,-19.43964121279269
15.234,0.1990449,-0.34580249999999996,9.9722574,0.07978342278183703,3,0.18209763423726583,-2.7007630079105693,1,-19.482863446729397
15.25,0.13469129999999999,-0.34580249999999996,10.005219,0.08340306472755543,3,0.22622762160739976,-2.699457516010494,1,-19.526065210920766
15.265,0.1437165,-0.32932170000000005,9.9213435,0.08487951561339102,3,0.09843005905570225,-2.698195396657937,1,-19.56654760776578
15.281,0.1437165,-0.3427614,9.9213435,0.08633105066361146,3,0.09072094063877759,-2.696825712127721,1,-19.609707776636068
15.297,0.1437165,-0.3098979,9.955776600000002,0.08856017124448812,3,0.13932003630479073,-2.695426582352456,1,-19.652845794991908
15.312,0.08534699999999999,-0.3098979,10.0007064,0.09181383504127894,3,0.216910919786072,-2.694073777305313,1,-19.69326704768934
15.328,0.1032993,-0.2829204,10.0007064,0.0949727764028534,3,0.1974338350984038,-2.69257948441376,1,-19.73636027378309
15.343,0.1032993,-0.2649681,10.0141461,0.09837034673125622,3,0.2265046885601795,-2.6911294109902544,1,-19.776738090498622
15.375,0.0658251,-0.2649681,10.0965501,0.1036864475674637,3,0.1661281511314837,-2.687896502281475,1,-19.86280250511097
15.39,0.11978010000000001,-0.2918475,10.0965501,0.10890304808506635,3,0.34777336784016305,-2.6863020810640807,1,-19.903108994486065
15.406,0.11978010000000001,-0.33824879999999996,10.0440666,0.1127484354741064,3,0.24033671181500327,-2.6845288691956073,1,-19.946075642088143
15.422,0.09878670000000002,-0.33824879999999996,10.0456362,0.1165327246744976,3,0.23651807502444977,-2.6826946199144186,1,-19.989013430001023
15.437,0.0928026,-0.3218661,10.056132900000001,0.12046607737332415,3,0.26222351325512466,-2.68091712889906,1,-20.02924051811712
15.453,0.1392039,-0.318825,10.056132900000001,0.12431418089688329,3,0.24050647022244553,-2.6789588868328984,1,-20.072119526242975
15.468,0.1392039,-0.34580249999999996,9.990209700000001,0.12648338596798325,3,0.14461367140665896,-2.6770779050814117,1,-20.112289802182335
15.484,0.16166880000000003,-0.34580249999999996,10.1069487,0.13145316893476888,3,0.3106114354241016,-2.6750144126421898,1,-20.155106540724123
15.515,0.17510850000000003,-0.31136939999999996,10.1638467,0.13766680483791838,3,0.20043986784352832,-2.670843053048713,1,-20.237967331442334
15.531,0.2065986,-0.31136939999999996,10.109989800000001,0.1424306102212629,3,0.297737836459033,-2.6686022737282395,1,-20.28068289405655
15.547,0.16166880000000003,-0.261927,10.109989800000001,0.14702410631340435,3,0.28709350575883946,-2.666286635995962,1,-20.323362005334342
15.562,0.16166880000000003,-0.1796211,10.0186587,0.1492347990680596,3,0.14737951697702795,-2.664064694205601,1,-20.36333964031085
15.578,0.1032993,-0.1796211,10.109989800000001,0.15359986715705531,3,0.2728167555622327,-2.6616420168758004,1,-20.4059452939995
15.609,0.1287072,-0.31284090000000003,10.011203100000001,0.1555366133104208,3,0.06247568236662709,-2.6568504014285543,1,-20.48838192648322
15.625,0.1287072,-0.2634966,10.0949805,0.15943397861319042,3,0.24358533142310157,-2.6543306366931656,1,-20.530871374788195
15.64,0.11821050000000001,-0.2634966,10.181799000000002,0.1653498222951999,3,0.3943895788006171,-2.651894758186353,1,-20.57066806524979
15.672,0.113796,-0.3427614,10.2252573,0.1722369737250684,3,0.21522348218339074,-2.6464933694500283,1,-20.65544227529197
15.687,0.1362609,-0.3427614,10.0949805,0.17578745030511733,3,0.23669843866994722,-2.643883186269802,1,-20.695120099459867
15.703,0.1406754,-0.2948886,10.0949805,0.1792159511476168,3,0.21428130265621606,-2.64104315905818,1,-20.73739951022249
15.718,0.1406754,-0.3503151,10.1399103,0.1836990914896628,3,0.2988760228030553,-2.6383212962384004,1,-20.776994743637218
15.75,0.1437165,-0.2858634,10.1308851,0.18780462514390805,3,0.12829792669516438,-2.632377236772263,1,-20.86132592016539
15.765,0.08534699999999999,-0.3173535,10.1308851,0.19181679154239717,3,0.26747775989926414,-2.6295300761471156,1,-20.900790225012287
15.781,0.08534699999999999,-0.347274,10.2013209,0.19747190880766752,3,0.35344482907939645,-2.6264157665443153,1,-20.942837791753817
15.797,0.1107549,-0.347274,10.238697000000002,0.20390608193604365,3,0.4021358205235078,-2.623204742618366,1,-20.98483475582712
15.812,0.11526750000000001,-0.2889045,10.238697000000002,0.21014033346068572,3,0.4156167683095052,-2.6200993945028905,1,-21.024159536855525
15.843,0.11526750000000001,-0.2889045,10.181799000000002,0.21483541750955837,3,0.15145432415717922,-2.6135122703628517,1,-21.105280517660944
15.859,0.0898596,-0.2889045,10.253706300000001,0.22116281591457643,3,0.39546240031362834,-2.6100242844954584,1,-21.14706881009981
15.875,0.1392039,-0.38023560000000006,10.253706300000001,0.22742196268228376,3,0.3911966729817081,-2.6064356062666834,1,-21.18880048922591
15.89,0.1392039,-0.2934171,10.2042639,0.2322536279502483,3,0.3221110178642894,-2.6029880393369393,1,-21.227871166567937
15.906,0.1107549,-0.2934171,10.1922957,0.23666718404376397,3,0.2758472558447298,-2.5992366728409873,1,-21.26948896426536
15.922,0.10928340000000002,-0.3847482,10.1593341,0.24024344662870867,3,0.2235164115590436,-2.5954213877956076,1,-21.311046228750453
15.937,0.1062423,-0.3891627,10.1593341,0.24373579496831255,3,0.23282322264027736,-2.5917915434836303,1,-21.349950325735044
15.953,0.1062423,-0.4056435,10.1279421,0.24639366995009304,3,0.16611718636128078,-2.587870507764283,1,-21.39138762214503
15.968,0.09133110000000001,-0.33226469999999997,10.1609037,0.24972150015979722,3,0.22185534731360324,-2.584149643988459,1,-21.430177773283177
15.984,0.09133110000000001,-0.2559429,10.265674500000001,0.25546878947828233,3,0.3592055824053194,-2.5801081216713544,1,-21.471491835408454
16.0,0.1332198,-0.2559429,10.2162321,0.2598816370550914,3,0.27580297355056493,-2.5759853182590873,1,-21.512740582927897
16.031,0.1032993,-0.2724237,10.2162321,0.2641888005056927,3,0.13894075647101622,-2.5678622264768953,1,-21.592470219871302
16.047,0.1032993,-0.290376,10.1728719,0.26734588372306867,3,0.19731770108597513,-2.5636099490030646,1,-21.633521997275146
16.062,0.0643536,-0.2754648,10.253706300000001,0.2723788454645888,3,0.33553078276799564,-2.559562013534157,1,-21.671945786994176
16.078,0.1107549,-0.2769363,10.253706300000001,0.27729967821839807,3,0.3075520471131138,-2.5551645853446936,1,-21.7128635997852
16.093,0.1107549,-0.37268190000000007,10.2297699,0.2815910285745389,3,0.28609002374270986,-2.5509729050437464,1,-21.751159630963116
16.125,0.113796,-0.37268190000000007,10.1997513,0.285046896516274,3,0.10799587317922289,-2.5419066982422933,1,-21.832645704615693
16.14,0.13469129999999999,-0.3202965,10.1997513,0.2883813036244831,3,0.22229380721393105,-2.5376059867412373,1,-21.870742049753073
16.156,0.13469129999999999,-0.3098979,10.313547300000002,0.29440056018457383,3,0.3762035350057117,-2.5329437318307653,1,-21.911306447501644
16.172,0.0973152,-0.3098979,10.324044,0.3005186477228019,3,0.3823804711392114,-2.5281843781675057,1,-21.951795472381637
16.203,0.1781496,-0.33530580000000004,10.326987,0.30660488580231515,3,0.19633026062946726,-2.5187739633978667,1,-22.030023326675895
16.218,0.15421320000000002,-0.33530580000000004,10.271658600000002,0.31118468292868684,3,0.3053198084247676,-2.514140541632384,1,-22.067770185463623
16.234,0.1511721,-0.29783160000000003,10.3779009,0.3182134437181059,3,0.4392975493386416,-2.509105356619209,1,-22.10795615264964
16.25,0.1661814,-0.2994012,10.3779009,0.3250774666480609,3,0.42900143312223643,-2.5039590293362806,1,-22.148060667737276
16.265,0.1661814,-0.2963601,10.265674500000001,0.32903619911096094,3,0.26391549752665777,-2.4990531768430877,1,-22.18558325928362
16.281,0.1646118,-0.2963601,10.2850983,0.3333712542540841,3,0.27094094644522715,-2.493753917216168,1,-22.225525716036092
16.297,0.1362609,-0.315882,10.2850983,0.3376046317411028,3,0.2645860929386383,-2.488386110128206,1,-22.26538283625485
16.312,0.1362609,-0.2140542,10.3465089,0.3431681668733564,3,0.37090234215022627,-2.483280314138597,1,-22.302670334436854
16.328,0.1272357,-0.2140542,10.277642700000001,0.3469140299445943,3,0.2341164419523958,-2.477759656564054,1,-22.34235865420247
16.343,0.0658251,-0.2948886,10.277642700000001,0.35060326548505394,3,0.24594903603063298,-2.4725282768483314,1,-22.379485813703067
16.375,0.0658251,-0.3622833,10.2626334,0.3538891990289059,3,0.10268542324537434,-2.461256397416108,1,-22.4584263684913
16.39,0.056898,-0.3622833,10.2970665,0.3579329846405308,3,0.2695857074416487,-2.4559177310385873,1,-22.49530517445471
16.406,0.0090252,-0.2829204,10.253706300000001,0.36075662754772786,3,0.17647768169983535,-2.450168214141082,1,-22.534553862016143
16.422,0.050913900000000005,-0.3173535,10.253706300000001,0.36353895802651337,3,0.17389565492407497,-2.4443738494564875,1,-22.573710198524928
16.437,0.1437165,-0.3262806,10.235754000000002,0.3658441309717322,3,0.15367819634791513,-2.4389034762890005,1,-22.610334778468022
16.453,0.1002582,-0.3562992,10.235754000000002,0.3681048528116868,3,0.14129511499717975,-2.433031884418734,1,-22.64931026135368
16.468,0.1002582,-0.3338343,10.235754000000002,0.3702919749035214,3,0.14580813945563323,-2.4274939082108697,1,-22.685764204798403
16.484,0.11821050000000001,-0.3338343,10.367404200000001,0.3756395072566825,3,0.3342207720725313,-2.4215264563535874,1,-22.72455636771492
16.5,0.1392039,-0.34580249999999996,10.367404200000001,0.3808725269231452,3,0.32706372915395626,-2.4154743600801494,1,-22.763252374246388
16.515,0.1392039,-0.33530580000000004,10.306091700000001,0.3844750021690224,3,0.24016501639180432,-2.409734253611958,1,-22.79944143884908
16.531,0.1511721,-0.33530580000000004,10.298538,0.38780960256940666,3,0.20841252502403837,-2.4035559767740513,1,-22.837947760692163
16.547,0.16765290000000002,-0.2918475,10.3345407,0.3919144820343359,3,0.25655496655804705,-2.397318184097221,1,-22.876354753979136
16.562,0.1002582,-0.24701580000000004,10.3345407,0.3958694500267548,3,0.26366453282791674,-2.3914098046067624,1,-22.912270213894416
16.593,0.1002582,-0.2664396,10.367404200000001,0.4005409657985002,3,0.15069405715308337,-2.3790654431614713,1,-22.98621258023482
16.609,0.1497006,-0.2664396,10.256649300000001,0.4024129201472526,3,0.11699714679701347,-2.3726418120739043,1,-23.024226238276707
16.625,0.0868185,-0.3083283,10.256649300000001,0.40425015486555793,3,0.11482716989409546,-2.3661885074738027,1,-23.062136880833084
16.64,0.0868185,-0.3173535,10.3150188,0.40747220833993936,3,0.21480356495875355,-2.360100589749761,1,-23.097584049062263
16.656,0.1078119,-0.3173535,10.277642700000001,0.4097093737482691,3,0.13982283802062442,-2.3535631370930563,1,-23.135293358877
16.672,0.1272357,-0.3083283,10.277642700000001,0.41189069168732395,3,0.13633237119091285,-2.346990336569571,1,-23.172897786666304
16.687,0.1272357,-0.32932170000000005,10.2850983,0.4142164186006543,3,0.15504846088868268,-2.340794533242411,1,-23.208056173189895
16.703,0.1272357,-0.32932170000000005,10.292553900000001,0.4166671574107834,3,0.15317117563308802,-2.33414746463432,1,-23.245455709172905
16.718,0.0748503,-0.3503151,10.294123500000001,0.4191007413253889,3,0.1622389276403581,-2.3278792053937987,1,-23.280420909198117
16.734,0.113796,-0.3592422,10.294123500000001,0.4214911669529169,3,0.1494016017204835,-2.3211544701275715,1,-23.317613178602294
16.75,0.113796,-0.2889045,10.2791142,0.42340339802899685,3,0.11951444225501079,-2.314395313607717,1,-23.354697576872173
16.765,0.13469129999999999,-0.2889045,10.359948600000001,0.42724577730045254,3,0.2561586180970368,-2.308015444792746,1,-23.389365657560177
16.797,0.145188,-0.3202965,10.268617500000001,0.42879410214765024,3,0.04838515147492779,-2.2943188067215763,1,-23.463003005584405
16.812,0.1437165,-0.3202965,10.238697000000002,0.42957481744591597,3,0.052047686551046884,-2.287881039824624,1,-23.497369504433504
16.828,0.1107549,-0.2350476,10.238697000000002,0.43027014180761647,3,0.04345777260628604,-2.2810022801505965,1,-23.533920570993303
16.859,0.1392039,-0.3367773,10.2521367,0.431353817285979,3,0.03495727349556258,-2.2676471087846446,1,-23.604424636521806
16.875,0.09584369999999999,-0.3367773,10.214760600000002,0.4314878667421418,3,0.008378091010175871,-2.2607443753124206,1,-23.64065176839458
16.89,0.12272310000000002,-0.3487455,10.214760600000002,0.43163544529715736,3,0.009838570334371001,-2.2542709504721254,1,-23.674514383337964
16.906,0.12272310000000002,-0.3532581,10.338955200000001,0.4348103368275851,3,0.19843072065175402,-2.2473393842151284,1,-23.710527266015458
16.922,0.09133110000000001,-0.3532581,10.232712900000001,0.43531022434594746,3,0.03124296989764558,-2.2403784197257393,1,-23.746429008446988
16.937,0.16166880000000003,-0.3427614,10.232712900000001,0.43581041241631446,3,0.03334587135779891,-2.233845014950022,1,-23.77998568420706
16.953,0.16166880000000003,-0.30685680000000004,10.250665200000002,0.43670823101770573,3,0.05611366258696023,-2.226864865802551,1,-23.815671363253074
16.968,0.0673947,-0.30685680000000004,10.247722200000002,0.4374867271105085,3,0.051899739520183556,-2.220308403616589,1,-23.849025162773717
17.0,0.11978010000000001,-0.3248091,10.294123500000001,0.4394024824360532,3,0.05986735392327075,-2.206278176263844,1,-23.919850548051805
17.015,0.1257642,-0.3202965,10.270187100000001,0.4406863170152029,3,0.08558897194331089,-2.1996775102679593,1,-23.952895215700796
17.031,0.11526750000000001,-0.3202965,10.3150188,0.4430286945462534,3,0.14639859569067162,-2.1926077901754684,1,-23.98803349810434
17.047,0.11978010000000001,-0.290376,10.3150188,0.44529360320238887,3,0.14155679100845223,-2.1855012117934782,1,-24.023058370120093
17.062,0.11978010000000001,-0.3278502,10.2461526,0.44585195011142886,3,0.03722312726933174,-2.1788176201436245,1,-24.055790761359624
17.078,0.1362609,-0.3278502,10.2970665,0.44764275954180555,3,0.11192558939855501,-2.1716696624663996,1,-24.0905946596205
17.109,0.1032993,-0.3173535,10.2970665,0.4493725277185501,3,0.055798973443367636,-2.157765925513863,1,-24.157700911234198
17.125,0.1032993,-0.2889045,10.283626800000002,0.45071203771702884,3,0.08371937490493175,-2.150565248990379,1,-24.192167560630228
17.14,0.11978010000000001,-0.2889045,10.2297699,0.45071026199926045,3,-0.00011838118455879043,-2.1438045817425064,1,-24.224375334360726
17.156,0.0373761,-0.3173535,10.2297699,0.4507136498502131,3,0.00021174068454146266,-2.1365931904477113,1,-24.258618516538245
17.172,0.0733788,-0.32932170000000005,10.292553900000001,0.45226141781570917,3,0.09673549784349228,-2.1293693899063832,1,-24.292746217181083
17.187,0.1272357,-0.32932170000000005,10.2252573,0.4521438204184136,3,-0.007839826486370011,-2.122586350619627,1,-24.32463588523503
17.203,0.0703377,-0.3248091,10.2252573,0.45201217308772534,3,-0.008227958168017597,-2.115353102671579,1,-24.358539400861353
17.218,0.0703377,-0.3338343,10.326987,0.4543706682552493,3,0.15723301116825772,-2.1085552313615064,1,-24.390218713366604
17.25,0.142245,-0.3278502,10.244681100000001,0.45467875678634506,3,0.009627766596742573,-2.0940104405608406,1,-24.457459764117363
17.265,0.142245,-0.290376,10.316588399999999,0.45670473766403674,3,0.13506539184610689,-2.0871750643524627,1,-24.488818655404213
17.281,0.09133110000000001,-0.290376,10.3419963,0.4592866891226528,3,0.16137196616352156,-2.07984713293817,1,-24.522154832982533
17.297,0.11978010000000001,-0.2829204,10.3419963,0.46180770717916353,3,0.15756362853190278,-2.0724783777677542,1,-24.555373437068184
17.312,0.11978010000000001,-0.318825,10.3210029,0.46378094510431467,3,0.13154919501007095,-2.065536462875628,1,-24.58640854837301
17.328,0.12272310000000002,-0.258984,10.4213592,0.46811284255506,3,0.27074359067161474,-2.0580813125743536,1,-24.619397490576606
17.359,0.1406754,-0.258984,10.301579100000001,0.46942433056966415,3,0.042306064987226555,-2.043549486390919,1,-24.68297276796057
17.375,0.1796211,-0.3427614,10.301579100000001,0.4707782357352901,3,0.08461907285163095,-2.0360278658604805,1,-24.715609386778578
17.39,0.1796211,-0.31136939999999996,10.2297699,0.47032445472203754,3,-0.030252067550168998,-2.0289695956820504,1,-24.74609686774015
17.406,0.09878670000000002,-0.31136939999999996,10.3046202,0.47167962179804235,3,0.08469794225030958,-2.0214335630698907,1,-24.778500093010162
17.422,0.1287072,-0.33226469999999997,10.3046202,0.4730256946348508,3,0.08412955230051758,-2.013875920538427,1,-24.810782568879034
17.437,0.1287072,-0.3338343,10.325515500000002,0.47484950816839344,3,0.12158756890283952,-2.006766856517402,1,-24.840937389706955
17.453,0.145188,-0.3338343,10.2312414,0.47433623912646716,3,-0.03207931512039595,-1.9991733705390446,1,-24.872984911523403
17.468,0.1032993,-0.3143124,10.2312414,0.47380801613843637,3,-0.03521486586871806,-1.992062288624561,1,-24.90291917896713
17.484,0.1032993,-0.315882,10.238697000000002,0.47347560315062154,3,-0.020775811738424806,-1.9844840196702513,1,-24.934731549433494
17.5,0.16019730000000001,-0.2889045,10.2746016,0.4740249906682923,3,0.034336719854425775,-1.9769040149197041,1,-24.96642265371021
17.515,0.13469129999999999,-0.2889045,10.2432096,0.4737867664086526,3,-0.015881617309313246,-1.9697954267416269,1,-24.99602289952267
17.531,0.0793629,-0.2948886,10.2432096,0.47354441619862797,3,-0.015146888126539863,-1.9622167772807695,1,-25.027478997154848
17.547,0.0793629,-0.3202965,10.277642700000001,0.4741659748024425,3,0.03884741273840318,-1.9546350941527602,1,-25.05881381212632
17.578,0.1078119,-0.31136939999999996,10.280585700000001,0.4748437446752707,3,0.021863544284781274,-1.9399254435008562,1,-25.11917950045995
17.593,0.1078119,-0.30685680000000004,10.2461526,0.4746622655808679,3,-0.012098606293519762,-1.9328041484239349,1,-25.148224972399387
17.609,0.10477080000000001,-0.30685680000000004,10.2551778,0.4747044605193409,3,0.002637183654563262,-1.9252092146151323,1,-25.179089079303704
17.64,0.0733788,-0.3173535,10.1997513,0.4733955861902892,3,-0.04222175255005615,-1.9105136638911335,1,-25.23854278392055
17.656,0.0733788,-0.2604555,10.3300281,0.47525572425229967,3,0.11625862887566678,-1.9029244534075938,1,-25.26905028885894
17.672,0.1497006,-0.2604555,10.2850983,0.4759952015886011,3,0.04621733351883355,-1.8953144460008657,1,-25.29943620005421
17.687,0.09584369999999999,-0.3278502,10.2850983,0.4767479592379864,3,0.0501838432923525,-1.8881688722946661,1,-25.327812324941426
17.703,0.09584369999999999,-0.31284090000000003,10.301579100000001,0.4778727286249662,3,0.07029808668624568,-1.8805319067917634,1,-25.357961931174113
17.718,0.11978010000000001,-0.31284090000000003,10.2177036,0.4769315171279942,3,-0.06274743313146539,-1.873370874948616,1,-25.38611620203717
17.734,0.1032993,-0.2724237,10.2177036,0.475980656724726,3,-0.059428775204255505,-1.8657475775577934,1,-25.416029149657223
17.75,0.1032993,-0.31284090000000003,10.2132891,0.4749735928187686,3,-0.06294149412234412,-1.8581399435614463,1,-25.445820249826173
17.765,0.0928026,-0.31284090000000003,10.270187100000001,0.47537568710576217,3,0.02680628579956962,-1.851012323962012,1,-25.4736388918326
17.781,0.1392039,-0.3023442,10.270187100000001,0.4757730870163801,3,0.024837494413623665,-1.8434031337690358,1,-25.503194215494446
17.797,0.1437165,-0.3143124,10.306091700000001,0.4770462964316682,3,0.07957558845549603,-1.8357805787014505,1,-25.532627685194214
17.828,0.1437165,-0.33530580000000004,10.2761712,0.47757526955277285,3,0.017063649067893236,-1.8209839444286922,1,-25.58930753530273
17.843,0.16912439999999998,-0.33530580000000004,10.294123500000001,0.47853833710151683,3,0.06420450324959616,-1.8138130923787847,1,-25.616568513078786
17.859,0.16019730000000001,-0.3248091,10.294123500000001,0.4794662313065139,3,0.057993387812309734,-1.8061490558315196,1,-25.645528210264473
17.875,0.16019730000000001,-0.30685680000000004,10.328556599999999,0.48119742679592115,3,0.1081997180879654,-1.798463746566701,1,-25.674365112683656
17.89,0.1332198,-0.30685680000000004,10.3001076,0.48218354352252035,3,0.06574111510661128,-1.7912383892893124,1,-25.701287878702576
17.906,0.056898,-0.2889045,10.3001076,0.48311577986617493,3,0.058264771478417667,-1.7835159947022037,1,-25.729885913774506
17.922,0.056898,-0.29783160000000003,10.292553900000001,0.4838473208935028,3,0.04572131420798641,-1.7757802898961255,1,-25.758360284051296
17.937,0.09427410000000001,-0.29783160000000003,10.292553900000001,0.48456771112594765,3,0.04802601549632193,-1.7685171771559793,1,-25.784942515054187
17.953,0.1212516,-0.2934171,10.292553900000001,0.4852743256732506,3,0.04416340920643733,-1.7607584408615866,1,-25.813176719998324
17.968,0.08829,-0.3143124,10.2626334,0.48524116447204335,3,-0.0022107467471480045,-1.7534795746854965,1,-25.83953350511493
17.984,0.09427410000000001,-0.31136939999999996,10.253706300000001,0.4849902978766707,3,-0.015679162210789264,-1.745717722986706,1,-25.86752708349631
18.0,0.1078119,-0.3503151,10.253706300000001,0.4847794333842632,3,-0.013179030775469011,-1.7379595651366193,1,-25.895396501801294
18.015,0.1078119,-0.3023442,10.271658600000002,0.48497414331458266,3,0.012980662021296023,-1.7306864133113777,1,-25.921411346639655
18.031,0.0928026,-0.3023442,10.324044,0.486437621537668,3,0.0914673889428442,-1.7229151191925607,1,-25.949040158899685
18.047,0.1302768,-0.2814489,10.324044,0.4878608727188052,3,0.08895319882106349,-1.715120731238508,1,-25.976544445703137
18.062,0.1302768,-0.2843919,10.2865698,0.4883377925455257,3,0.031794655114698124,-1.7077992412490253,1,-26.002216345496795
18.078,0.11978010000000001,-0.2843919,10.3090347,0.4893476483749719,3,0.06311598934039682,-1.6999777577216622,1,-26.029478561488556
18.109,0.1287072,-0.3202965,10.3090347,0.4903611666679826,3,0.032694138484212425,-1.6847922710884953,1,-26.081942496935117
18.125,0.1377324,-0.315882,10.298538,0.49109361365204585,3,0.04577793650395961,-1.676940632845936,1,-26.10883636016659
18.14,0.1377324,-0.258984,10.328556599999999,0.49250134740734985,3,0.09384891702026366,-1.6695636706379902,1,-26.13393514244272
18.156,0.1107549,-0.258984,10.264203,0.4922978212330449,3,-0.01272038589406195,-1.661685277288868,1,-26.16058513402613
18.172,0.113796,-0.2934171,10.264203,0.4921226596775288,3,-0.010947597219755797,-1.6538099134415825,1,-26.18710909555198
18.187,0.113796,-0.3039138,10.3180599,0.49327214657483864,3,0.07663245982065513,-1.6464194523946893,1,-26.211860815795752
18.203,0.145188,-0.3039138,10.324044,0.4945490773182044,3,0.07980817146036924,-1.6385168826035459,1,-26.238140306475735
18.218,0.1317483,-0.3307932,10.324044,0.4958106105629696,3,0.08410221631767612,-1.6310891849444369,1,-26.262662351982346
18.234,0.1317483,-0.3262806,10.355436000000001,0.49780308981969945,3,0.12452995354560176,-1.6231402753413746,1,-26.288696187664634
18.25,0.10477080000000001,-0.3262806,10.247722200000002,0.4971137485943462,3,-0.043083826584582624,-1.6151809406340631,1,-26.314602757392436
18.265,0.113796,-0.3562992,10.247722200000002,0.4964679355496102,3,-0.04305420298239755,-1.6077290780029831,1,-26.338774582532213
18.281,0.0673947,-0.3023442,10.3001076,0.49706272022002906,3,0.037174041901181995,-1.5997808327568268,1,-26.36443466181829
18.297,0.0673947,-0.3008727,10.2910824,0.49742191929523827,3,0.022449942200572767,-1.5918249556407038,1,-26.389967508125473
18.328,0.08829,-0.3008727,10.301579100000001,0.49803210905512785,3,0.019683540641600078,-1.5763954182012738,1,-26.43907492392002
18.343,0.10182780000000001,-0.3098979,10.301579100000001,0.4986369839424576,3,0.04032499248864799,-1.5689204000037917,1,-26.46266479255656
18.359,0.13469129999999999,-0.3053853,10.301579100000001,0.49923301744766313,3,0.03725209407534207,-1.5609374399926699,1,-26.487703655276533
18.375,0.1287072,-0.318825,10.301579100000001,0.49982257449051204,3,0.0368473151780609,-1.5529449952571655,1,-26.51261471475853
18.39,0.1287072,-0.3008727,10.292553900000001,0.500164573433123,3,0.022799929507399088,-1.5454450916477378,1,-26.53585264041032
18.406,0.0464013,-0.3008727,10.2581208,0.49964169903299727,3,-0.03267965000786437,-1.5374466414680097,1,-26.560515774275242
18.422,-0.0134397,-0.32333760000000006,10.289610900000001,0.4999135672200037,3,0.016991761687899273,-1.5294501993379848,1,-26.585050949001694
18.453,0.15421320000000002,-0.3008727,10.268617500000001,0.49967839324639485,3,-0.007586257213188603,-1.5139565239507562,1,-26.632223753212667
18.468,0.16912439999999998,-0.3008727,10.292553900000001,0.5000381638391644,3,0.0239847061846386,-1.5064586497726142,1,-26.65487686701559
18.484,0.1392039,-0.24544620000000003,10.292553900000001,0.5003423729751386,3,0.01901307099838388,-1.4984556054780989,1,-26.6789161810576
18.5,0.1392039,-0.2948886,10.283626800000002,0.5004531774116732,3,0.006925277283410177,-1.4904492410750052,1,-26.70282741983002
18.515,0.1915893,-0.2948886,10.2551778,0.4998883463169186,3,-0.03765540631697063,-1.4829466796470405,1,-26.725127889235434
18.547,0.10477080000000001,-0.315882,10.2551778,0.49932195109319366,3,-0.017699850741403882,-1.4669593148884787,1,-26.772326385148002
18.562,0.11821050000000001,-0.2709522,10.2461526,0.4985215578237785,3,-0.05335955129434246,-1.4594754885716013,1,-26.794274646173953
18.593,0.1078119,-0.30685680000000004,10.2731301,0.49842022851242085,3,-0.0032686874631499717,-1.4440228908833908,1,-26.839278871055505
18.609,0.0224649,-0.31136939999999996,10.2731301,0.4983114882255215,3,-0.0067962679312075945,-1.4360490371494863,1,-26.86231944647977
18.625,0.0224649,-0.2948886,10.2222162,0.49695225876532767,3,-0.08495184126212466,-1.4280869271735603,1,-26.88523253419435
18.64,0.0658251,-0.2948886,10.2626334,0.49661610314617555,3,-0.02241037461014069,-1.4206351644592239,1,-26.906597949881597
18.656,0.1287072,-0.36375480000000004,10.2626334,0.4963565428861827,3,-0.016222516249555074,-1.412691383290966,1,-26.929264562263597
18.672,0.1287072,-0.3143124,10.292553900000001,0.4967928702631035,3,0.027270461057546103,-1.4047461879857708,1,-26.951804062833812
18.687,0.15421320000000002,-0.3143124,10.3030506,0.4974829700209966,3,0.04600665052620737,-1.3972891191836398,1,-26.972819327637584
18.703,0.1317483,-0.32333760000000006,10.3030506,0.498155446466372,3,0.04202977783596592,-1.3893240118517418,1,-26.995112232685866
18.718,0.1317483,-0.3532581,10.2791142,0.4982520446765779,3,0.006439880680393858,-1.3818509556681695,1,-27.015896044942266
18.734,0.16019730000000001,-0.3532581,10.2970665,0.49879368382457656,3,0.03385244674991193,-1.3738745898401594,1,-27.037941849306335
18.75,0.1332198,-0.287433,10.325515500000002,0.49995637594629017,3,0.07266825760710828,-1.3658845893619933,1,-27.05985992273995
18.781,0.1332198,-0.3427614,10.3120758,0.5008042784105537,3,0.02735169239560052,-1.3503727992194627,1,-27.10196191226296
18.797,0.1122264,-0.3427614,10.2791142,0.5008219618258067,3,0.0011052134533117027,-1.342359789297571,1,-27.1235037729711
18.828,0.10182780000000001,-0.29783160000000003,10.361420100000002,0.5028089744852284,3,0.06409718256199261,-1.3268035097847506,1,-27.164875804106877
18.843,0.0928026,-0.29783160000000003,10.268617500000001,0.5024830133010685,3,-0.02173074561066256,-1.319263819876353,1,-27.184721309079336
18.859,0.1406754,-0.2889045,10.268617500000001,0.5021720527264879,3,-0.01943503591128386,-1.3112265793481317,1,-27.205765232273134
18.875,0.1406754,-0.2994012,10.292553900000001,0.5024595193076635,3,0.01796666132347833,-1.3031895267718594,1,-27.22668056112209
18.89,0.142245,-0.2994012,10.3210029,0.503434019877556,3,0.0649667046594946,-1.29564532522797,1,-27.24617182251209
18.906,0.1287072,-0.34580249999999996,10.3106043,0.5041623123431371,3,0.04551827909882679,-1.2875845545702054,1,-27.266837661550472
18.922,0.1212516,-0.2858634,10.3106043,0.5048258814357585,3,0.041473068288828484,-1.2795126490199733,1,-27.287374439179196
18.937,0.1212516,-0.2934171,10.3329711,0.5060237128276697,3,0.07985542612741085,-1.2719312770629974,1,-27.30651026862482
18.953,0.08534699999999999,-0.2934171,10.295595000000002,0.5062723657767343,3,0.015540809316540496,-1.263832908434163,1,-27.326796382108796
18.968,0.11673900000000001,-0.33530580000000004,10.295595000000002,0.50655364374696,3,0.018751864681712742,-1.256236713362735,1,-27.345696904272273
18.984,0.11673900000000001,-0.3023442,10.283626800000002,0.506511416455961,3,-0.0026392056874377334,-1.2481321928811107,1,-27.365731855522228
19.0,0.1107549,-0.3023442,10.259690400000002,0.5058850775088555,3,-0.039146184194098634,-1.240033020929393,1,-27.38563717723271
19.015,0.1287072,-0.34128990000000003,10.259690400000002,0.5053089008551321,3,-0.03841177691488768,-1.232449066091663,1,-27.404180792885366
19.031,0.1287072,-0.2918475,10.2865698,0.5053648682459766,3,0.0034979619277790107,-1.224363675938855,1,-27.423835294821608
19.062,0.1497006,-0.3023442,10.207305,0.5035015459248591,3,-0.06010717164894775,-1.208726246519206,1,-27.46154818861971
19.078,0.1107549,-0.32932170000000005,10.207305,0.5016919061824652,3,-0.1131024838996311,-1.2006846989023483,1,-27.48082347618308
19.093,0.1107549,-0.32333760000000006,10.324044,0.5027674563735118,3,0.07170334606977456,-1.193151253683178,1,-27.498777245827473
19.109,0.11673900000000001,-0.32333760000000006,10.307563200000002,0.503416633095096,3,0.04057354509900514,-1.1851017809674282,1,-27.51780327010468
19.125,0.1107549,-0.2934171,10.307563200000002,0.5040265446313175,3,0.038119471013846364,-1.1770422355456178,1,-27.53670042223678
19.14,0.1107549,-0.30685680000000004,10.207305,0.5021870344269335,3,-0.12263401362559524,-1.1694956337026807,1,-27.554299456256143
19.156,0.1062423,-0.30685680000000004,10.295595000000002,0.5025435560686144,3,0.022282602605063994,-1.1614577889787172,1,-27.57294708363759
19.172,0.1317483,-0.3307932,10.295595000000002,0.5029166374254554,3,0.0233175848025598,-1.1534141074307638,1,-27.59146605880887
19.187,0.1317483,-0.3173535,10.250665200000002,0.5021750708461443,3,-0.04943777195407319,-1.1458759196187265,1,-27.60871073401174
19.203,0.0793629,-0.3173535,10.2970665,0.5025696070981986,3,0.024658515753397888,-1.1378379621951726,1,-27.62698044506625
19.218,0.09133110000000001,-0.31136939999999996,10.3030506,0.503098366433747,3,0.0352506223698854,-1.1302954523936828,1,-27.643991445675667
19.234,0.09427410000000001,-0.2679111,10.3030506,0.5035850908600867,3,0.030420276646233518,-1.1222419847353313,1,-27.662011745172702
19.25,0.09427410000000001,-0.2963601,10.2626334,0.5030936021445935,3,-0.03071804471832867,-1.1141885551912947,1,-27.679903189492112
19.265,0.1078119,-0.2963601,10.3030506,0.5036026724978573,3,0.03393802355091551,-1.106638333131476,1,-27.696559391154533
19.281,0.1377324,-0.287433,10.3030506,0.5041018526515053,3,0.031198759603005104,-1.098576696930282,1,-27.714201111395024
19.297,0.1377324,-0.3083283,10.316588399999999,0.5049335981625092,3,0.05198409443773451,-1.090504413323769,1,-27.73171376027706
19.328,0.11673900000000001,-0.3083283,10.3195314,0.5058104893946069,3,0.028286813938639032,-1.0748378799666343,1,-27.76527656582306
19.343,0.1482291,-0.3083283,10.3195314,0.5066758481979754,3,0.05769058689122886,-1.0672442324346896,1,-27.781342181666073
19.359,0.1482291,-0.30685680000000004,10.3120758,0.5073372867404089,3,0.0413399089020892,-1.0591321273551817,1,-27.798353192544393
19.39,0.11821050000000001,-0.35777070000000005,10.2626334,0.5068080292760637,3,-0.01707282143049029,-1.043412874956927,1,-27.83094264008023
19.406,0.16912439999999998,-0.3307932,10.2626334,0.5062869941328163,3,-0.03256469645296715,-1.0353081147696568,1,-27.84757240799804
19.422,0.16912439999999998,-0.33530580000000004,10.2910824,0.5064756518689677,3,0.011791108509461091,-1.0272060136016417,1,-27.86407252102501
19.437,0.1032993,-0.33530580000000004,10.289610900000001,0.5066026019077725,3,0.008463335920320163,-1.0196079266983158,1,-27.87942362557726
19.453,0.11526750000000001,-0.2934171,10.289610900000001,0.5066983570726222,3,0.005984697803108167,-1.0115015190264736,1,-27.895672501143057
19.468,0.11526750000000001,-0.34128990000000003,10.328556599999999,0.5077770851834984,3,0.07191520739174197,-1.0038929532095524,1,-27.91078795968483
19.484,0.11978010000000001,-0.34128990000000003,10.270187100000001,0.5074079852026241,3,-0.023068748804641798,-0.9957714726464626,1,-27.926785275091678
19.5,0.09427410000000001,-0.2829204,10.270187100000001,0.5069981667796277,3,-0.02561365143727572,-0.9876562234306054,1,-27.942652696660293
19.515,0.09427410000000001,-0.3218661,10.337483700000002,0.5082668107524757,3,0.08457626485652897,-0.9800417360991143,1,-27.957410431356767
19.531,0.1272357,-0.3218661,10.271658600000002,0.5079085354507615,3,-0.022392206357138258,-0.9719123333294892,1,-27.973026063912194
19.547,0.1122264,-0.2769363,10.307563200000002,0.5083981601110175,3,0.030601541265992033,-0.9637818797649941,1,-27.98851161761695
19.578,0.18413369999999998,-0.32333760000000006,10.307563200000002,0.5089339785866951,3,0.017284466957343557,-0.9480132316151801,1,-28.018144441843344
19.593,0.0628821,-0.3173535,10.359948600000001,0.5106938462786026,3,0.11732451279382901,-0.9403660229286901,1,-28.032307286252422
19.609,0.08083440000000001,-0.2963601,10.359948600000001,0.512398666850423,3,0.10655128573876434,-0.932181282823657,1,-28.04728766469844
19.625,0.08083440000000001,-0.2963601,10.359948600000001,0.514061906432687,3,0.10395247389151131,-0.923969598237393,1,-28.06213687174693
19.64,0.1078119,-0.38023560000000006,10.351021500000002,0.5155397542495415,3,0.0985231877902929,-0.9162475857822759,1,-28.07593850062708
19.656,0.11673900000000001,-0.3039138,10.351021500000002,0.5169224368331697,3,0.08641766147677707,-0.9079878882536152,1,-28.090532384419365
19.672,0.11673900000000001,-0.287433,10.3090347,0.5172363119308159,3,0.01961719360288108,-0.8997146182635024,1,-28.104994004471504
19.687,0.1332198,-0.287433,10.2461526,0.5160144208659947,3,-0.08145940432140884,-0.891965237767526,1,-28.118431603391738
19.703,0.15421320000000002,-0.3262806,10.247722200000002,0.5148961299741472,3,-0.06989318074047339,-0.8837179533608058,1,-28.13263706892076
19.734,0.0658251,-0.315882,10.247722200000002,0.5137740405859414,3,-0.03619643187760349,-0.8677735657171233,1,-28.159785187466472
19.75,0.11821050000000001,-0.3053853,10.2042639,0.5116236142214525,3,-0.13440164778057243,-0.8595703844786651,1,-28.173603939068038
19.765,0.13469129999999999,-0.318825,10.2042639,0.509540636252245,3,-0.13886519794716362,-0.851911652600112,1,-28.18644005434613
19.781,0.13469129999999999,-0.24701580000000004,10.3046202,0.509906719611573,3,0.02288020995800085,-0.8437560737532024,1,-28.200005396156953
19.797,0.0898596,-0.24701580000000004,10.294123500000001,0.5099960306211919,3,0.005581938101183945,-0.8355968517513394,1,-28.21344021956099
19.828,0.1466595,-0.37425150000000007,10.294123500000001,0.5101926638142782,3,0.0063430062285896255,-0.8197839269875902,1,-28.23909862163144
19.843,0.1466595,-0.3622833,10.2865698,0.5101899621255068,3,-0.00018011258475780095,-0.8121310572930415,1,-28.251337984013546
19.859,0.1392039,-0.3622833,10.3329711,0.5113157393934422,3,0.07036107924595404,-0.803959011680889,1,-28.264266704565337
19.875,0.049442400000000004,-0.2575125,10.3479804,0.5126834473390645,3,0.0854817466013996,-0.7957670181870299,1,-28.27706451280428
19.89,0.11821050000000001,-0.2994012,10.3479804,0.5140588597607838,3,0.09169416144795295,-0.7880664508837807,1,-28.28894326382231
19.906,0.11821050000000001,-0.3338343,10.368973800000001,0.5159381433412626,3,0.1174552237799405,-0.7798264748589653,1,-28.301486407228253
19.922,0.0673947,-0.2918475,10.3030506,0.5161224137434886,3,0.011516900139117813,-0.7715699904022864,1,-28.313897578950346
19.937,0.0673947,-0.3083283,10.3539645,0.5175551154649316,3,0.0955134480961999,-0.7638174089332229,1,-28.325412984445364
19.953,0.1466595,-0.3083283,10.352492999999999,0.5189369764856728,3,0.08636631379633615,-0.755525472197619,1,-28.33756772749441
19.968,0.1571562,-0.287433,10.352492999999999,0.5202742316254056,3,0.08915034264885116,-0.7477313881367856,1,-28.34884215394692
20.0,0.0973152,-0.3218661,10.359948600000001,0.5217673914980772,3,0.04666124602098472,-0.7310587221668099,1,-28.372502795711775
20.015,0.1078119,-0.318825,10.2865698,0.5214355973066294,3,-0.022119612763185723,-0.7232346997507743,1,-28.383409996376155
20.031,0.11526750000000001,-0.3008727,10.2865698,0.5211006840697152,3,-0.020932077307136504,-0.7148944094997645,1,-28.394915029250157
20.047,0.11526750000000001,-0.36669779999999996,10.268617500000001,0.5203884494391335,3,-0.04451466441134978,-0.7065624964316928,1,-28.40628668449761
20.078,0.1586277,-0.36669779999999996,10.2791142,0.5199635040642221,3,-0.013707915319724564,-0.6904370411523914,1,-28.42794017733016
20.093,0.0928026,-0.3173535,10.2791142,0.5194892800388633,3,-0.031614935023918385,-0.6826411452716179,1,-28.43823826372834
20.109,0.0928026,-0.2994012,10.3539645,0.5208382678755381,3,0.08431173979216611,-0.6743185248883018,1,-28.44909394108962
20.125,0.15421320000000002,-0.2994012,10.270187100000001,0.5201299492517748,3,-0.0442699139852114,-0.6659907791512842,1,-28.45981641552194
20.156,0.142245,-0.4027005000000001,10.3659327,0.5218540170407433,3,0.055615089966727864,-0.6498400276737508,1,-28.480211793027728
20.172,0.1257642,-0.3083283,10.307563200000002,0.5220290449370193,3,0.010939243517248284,-0.6414889631779278,1,-28.49054242495454
20.187,0.1257642,-0.3083283,10.340524799999999,0.5230033274720771,3,0.06495216900385249,-0.6336512203848593,1,-28.500105976331263
20.203,0.0823059,-0.3143124,10.340524799999999,0.5239475802466647,3,0.05901579841172772,-0.6252756131231103,1,-28.510177390999324
20.218,0.0823059,-0.315882,10.3030506,0.5239564203013476,3,0.0005893369788622981,-0.6174163331189999,1,-28.51949758059614
20.234,0.0868185,-0.315882,10.307563200000002,0.5240759554797094,3,0.007470948647613492,-0.6090320741127505,1,-28.529309167853995
20.25,0.08083440000000001,-0.2934171,10.307563200000002,0.5241752019555079,3,0.006202904737407495,-0.6006460648532697,1,-28.538986592965724
20.265,0.08083440000000001,-0.3338343,10.349451900000002,0.5253231183019818,3,0.07652775643158514,-0.5927748274513381,1,-28.54793724965801
20.281,0.11673900000000001,-0.3338343,10.3210029,0.5257579186479351,3,0.0271750216220864,-0.5843661791557397,1,-28.557354377710865
20.297,0.1212516,-0.3202965,10.3210029,0.5261729248024487,3,0.025937884657098325,-0.5759507324081358,1,-28.56663691300338
20.328,0.1212516,-0.33530580000000004,10.3479804,0.527247025658319,3,0.03464841470549621,-0.5596227231759945,1,-28.58423830156493
20.343,0.1212516,-0.3039138,10.3644612,0.528673063813228,3,0.09506921032725889,-0.5517033225049576,1,-28.592573246907538
20.359,0.11978010000000001,-0.3427614,10.3090347,0.528742413409315,3,0.004334349755441073,-0.5432439986871763,1,-28.601332825477076
20.375,0.11978010000000001,-0.2843919,10.3345407,0.5293886104089971,3,0.040387312480132394,-0.5347789504966307,1,-28.609957009070545
20.39,0.11821050000000001,-0.2843919,10.3434678,0.5302362435082273,3,0.056508873282010784,-0.5268317640922512,1,-28.61791908942996
20.406,0.11673900000000001,-0.3712104,10.3434678,0.5311298644166129,3,0.05585130677410792,-0.5183408352288534,1,-28.62628047022453
20.422,0.11673900000000001,-0.2664396,10.2850983,0.5304998859185623,3,-0.03937365612815661,-0.5098477972261711,1,-28.63450597928417
20.437,0.11673900000000001,-0.2664396,10.3210029,0.5307606458745244,3,0.017383997064138446,-0.5018883432377227,1,-28.64209400033765
20.453,0.0763218,-0.32932170000000005,10.3210029,0.5310500749354023,3,0.018089316304872087,-0.4933938574712434,1,-28.65005625794332
20.468,0.0763218,-0.2963601,10.277642700000001,0.5302509889885911,3,-0.05327239645407916,-0.48543409949181227,1,-28.65739746762054
20.484,0.1586277,-0.3202965,10.307563200000002,0.530241160340502,3,-0.0006142905055738646,-0.4769501622971776,1,-28.665096541714853
20.515,0.031392,-0.3202965,10.268617500000001,0.5292535515523031,3,-0.03185834800641454,-0.4605279942628398,1,-28.67962745314153
20.531,0.1526436,-0.3202965,10.268617500000001,0.5283165174523479,3,-0.0585646312472108,-0.45206743371080355,1,-28.68692821656532
20.547,0.1317483,-0.3218661,10.2746016,0.5275423510522703,3,-0.04838540000484129,-0.4436205627627657,1,-28.69409372053711
20.562,0.09427410000000001,-0.2948886,10.2746016,0.5267572802775824,3,-0.0523380516458596,-0.43571331552779147,1,-28.700688724624293
20.593,0.09427410000000001,-0.33530580000000004,10.264203,0.5257680950534951,3,-0.031909200777011155,-0.4193991722101604,1,-28.71394296818423
20.609,0.18266220000000002,-0.33530580000000004,10.237225500000001,0.5241745687768748,3,-0.09959539228875376,-0.41099963089951647,1,-28.72058615860911
20.625,0.145188,-0.3307932,10.237225500000001,0.5226017046371414,3,-0.09830400873335171,-0.40262542071220525,1,-28.727095159022003
20.64,0.145188,-0.2784078,10.2341844,0.5209550687710571,3,-0.10977572440561366,-0.39479874491164346,1,-28.73307584026418
20.672,0.1302768,-0.31284090000000003,10.1653182,0.5176892126123853,3,-0.10205800495849394,-0.3781804364095084,1,-28.74544350716532
20.687,0.1078119,-0.2604555,10.1653182,0.5144605855670203,3,-0.2152418030243234,-0.37043931292316257,1,-28.751058155285314
20.703,0.1078119,-0.318825,10.109989800000001,0.5100025204527867,3,-0.2786290696396328,-0.362243608075005,1,-28.7569196186533
20.734,0.0688662,-0.33824879999999996,10.0291554,0.503689866459279,3,-0.20363399979055438,-0.34653137607786677,1,-28.76790563090767
20.75,0.0688662,-0.29783160000000003,10.0770282,0.49866702518020745,3,-0.31392757994200954,-0.33851252094475176,1,-28.773385982083852
20.765,0.11673900000000001,-0.29783160000000003,9.999234900000001,0.4918810052978575,3,-0.45240132548997936,-0.331083410716166,1,-28.77840795157131
20.781,0.0898596,-0.3278502,10.033668,0.48611597174443766,3,-0.3603145970887797,-0.3232594348998285,1,-28.783642694336237
20.797,0.08829,-0.3218661,10.0066905,0.4798288631376355,3,-0.3929442879250904,-0.31553187622077106,1,-28.7887530248252
20.828,0.10928340000000002,-0.3218661,9.958817699999999,0.4725331976395477,3,-0.23534404832542197,-0.3007702642787253,1,-28.798305708002943
20.843,0.10477080000000001,-0.2963601,9.958817699999999,0.46539499404648055,3,-0.4758802395377927,-0.2937358028410798,1,-28.802764503506342
20.859,0.10477080000000001,-0.34580249999999996,9.985697100000001,0.4591249154217678,3,-0.3918799140445023,-0.286339643565333,1,-28.807405107077592
20.875,0.09427410000000001,-0.34580249999999996,9.9093753,0.45114491548743807,3,-0.4987499958956637,-0.27905748491806015,1,-28.81192828410546
20.89,0.1721655,-0.34580249999999996,9.9093753,0.44338507208757605,3,-0.5173228933241151,-0.27234851001124727,1,-28.816063829067428
20.906,0.1721655,-0.287433,9.9707859,0.43726600535938154,3,-0.3824416705121991,-0.2653033013916724,1,-28.82036504355865
20.922,0.1406754,-0.287433,9.9184005,0.43000710991207747,3,-0.4536809654564536,-0.25836511646949994,1,-28.82455439090154
20.937,0.20355750000000003,-0.2918475,9.9184005,0.42295500246865636,3,-0.470140496228056,-0.2519679006266442,1,-28.828381888529762
20.953,0.20355750000000003,-0.3173535,9.866015100000002,0.41481722395469234,3,-0.5086111571228075,-0.24526572281525816,1,-28.832359757517295
20.968,0.1332198,-0.3173535,9.9273276,0.40834319043502987,3,-0.4316022346441483,-0.239092019707335,1,-28.835992440586214
20.984,0.12272310000000002,-0.287433,9.8076456,0.39908393462730984,3,-0.5787034879824368,-0.23263260270683556,1,-28.839766237565527
21.0,0.10928340000000002,-0.2963601,9.8076456,0.39005311609037463,3,-0.5644261585585131,-0.22631950630109476,1,-28.84343785443759
21.015,0.10928340000000002,-0.2798793,9.833053500000002,0.38185017356719264,3,-0.5468628348787785,-0.22053023162866278,1,-28.846789227472062
21.047,0.1002582,-0.3427614,9.8105886,0.3733459269807451,3,-0.2657577058264857,-0.20844709401989578,1,-28.853652864682438
21.062,0.1002582,-0.3547296,9.8196138,0.36527944237841403,3,-0.5377656401553835,-0.20290740374970187,1,-28.85673802341571
21.078,0.0554265,-0.3547296,9.830012400000001,0.35765449437878694,3,-0.476559249976746,-0.1971239322556449,1,-28.85993827410375
21.093,0.1032993,-0.3262806,9.830012400000001,0.35020092142597115,3,-0.49690486352103386,-0.191815016637109,1,-28.862855316220447
21.109,0.1032993,-0.3427614,9.836094600000001,0.34309106168532644,3,-0.44436623379024454,-0.186268680772218,1,-28.865879985799722
21.125,0.1302768,-0.3143124,9.7926363,0.3350799369175732,3,-0.5006952979846321,-0.1808433127833954,1,-28.868816881748167
21.156,0.1032993,-0.3143124,9.8091171,0.3276581046980045,3,-0.23941394256674192,-0.17057087313835434,1,-28.874263801629954
21.172,0.1317483,-0.2754648,9.7851807,0.3198136010289243,3,-0.4902814793174566,-0.16539109949253833,1,-28.876951497411003
21.187,0.17510850000000003,-0.2754648,9.8285409,0.3132339808997102,3,-0.4386413419475895,-0.1606432426280734,1,-28.87939675497691
21.203,0.1946304,-0.318825,9.8285409,0.3068557425152889,3,-0.3986398990263757,-0.15568252484075396,1,-28.88192736111666
21.218,0.1946304,-0.2425032,9.8165727,0.3002881849689203,3,-0.43783716975789133,-0.1511289453846222,1,-28.88422844714335
21.234,0.18266220000000002,-0.2425032,9.7342668,0.29186871139121706,3,-0.526217098606393,-0.14639169021374057,1,-28.886608612228137
21.25,0.1317483,-0.3023442,9.7342668,0.283675371774164,3,-0.5120837260658715,-0.14178733754841802,1,-28.888914044450235
21.265,0.1317483,-0.347274,9.8255979,0.2779443947926463,3,-0.3820651321011655,-0.1375751892991668,1,-28.891009263401592
21.297,0.09878670000000002,-0.33824879999999996,9.842078700000002,0.2727378119109165,3,-0.1627057150540566,-0.1287642739919098,1,-28.89527069481425
21.312,0.0614106,-0.33824879999999996,9.7701714,0.26589804463289823,3,-0.45598448520120083,-0.12472450506783103,1,-28.8971718606572
21.328,0.0688662,-0.3367773,9.7701714,0.25922507349215174,3,-0.417060696296702,-0.1205235201228311,1,-28.899133844858724
21.343,0.0688662,-0.3218661,9.854046900000002,0.2547472000621873,3,-0.29852489533094995,-0.1166687280711734,1,-28.90091278672018
21.359,0.058369500000000005,-0.3218661,9.7986204,0.2490257737261956,3,-0.35758914599944175,-0.1126385442808659,1,-28.902747244898997
21.375,0.1362609,-0.3278502,9.7986204,0.24346758667535262,3,-0.34738669067772504,-0.10869859739765395,1,-28.904517942032424
21.39,0.1362609,-0.3008727,9.833053500000002,0.2388632250353968,3,-0.30695744266370917,-0.1050811163098232,1,-28.90612128988523
21.406,0.1032993,-0.3008727,9.788123700000002,0.23326610396609837,3,-0.34982006683119093,-0.10130408167781166,1,-28.907772371469132
21.422,0.1332198,-0.318825,9.788123700000002,0.22782816276959394,3,-0.33987132478148857,-0.09761532754392571,1,-28.909363726742907
21.437,0.1332198,-0.3218661,9.7956774,0.2227094004129615,3,-0.3412508237754834,-0.09423629582005642,1,-28.910802613918136
21.453,0.15421320000000002,-0.33226469999999997,9.7911648,0.2176214692544356,3,-0.31799569740790407,-0.09071364886271763,1,-28.9122822134756
21.484,0.08377740000000002,-0.2889045,9.749178,0.211579656844874,3,-0.19489717450197183,-0.08406103140817782,1,-28.914991221019797
21.5,0.08377740000000002,-0.33226469999999997,9.7941078,0.20681405433832545,3,-0.29785015665931786,-0.08071388171871259,1,-28.91630942032481
21.515,0.1062423,-0.33226469999999997,9.8091171,0.20253584685179504,3,-0.28521383243534953,-0.07764375745978658,1,-28.91749710261865
21.531,0.10182780000000001,-0.3098979,9.8091171,0.19834299832800717,3,-0.26205303273677094,-0.07443672669834851,1,-28.918713746491914
21.547,0.10182780000000001,-0.31136939999999996,9.901919700000002,0.19651577894244987,3,-0.11420121159731843,-0.0712778564801845,1,-28.919879463157343
21.562,0.1032993,-0.31136939999999996,9.7971489,0.19217952833219343,3,-0.2890833740170852,-0.06836264167562457,1,-28.920926766893512
21.593,0.11978010000000001,-0.32932170000000005,9.8076456,0.18822377574466742,3,-0.1276049221782632,-0.06246639046243346,1,-28.92295461689165
21.609,0.1332198,-0.3053853,9.839037600000001,0.18511506937949385,3,-0.19429414782332668,-0.059479679701439844,1,-28.923930185452964
21.625,0.1586277,-0.3053853,9.8105886,0.18139791778385295,3,-0.23232197472758181,-0.05654757580413339,1,-28.92485840349701
21.64,0.16019730000000001,-0.2963601,9.8105886,0.17776530328631424,3,-0.24217429983590488,-0.05385385164610704,1,-28.925686414202886
21.656,0.16019730000000001,-0.3262806,9.7851807,0.17362515332068895,3,-0.2587593728516087,-0.051042727993251324,1,-28.92652558684
21.672,0.173637,-0.3262806,9.783611100000002,0.16955331468360058,3,-0.25448991481799504,-0.048297300249216704,1,-28.92732030706594
21.687,0.1287072,-0.3083283,9.783611100000002,0.1655496759581112,3,-0.26690924836594765,-0.04578402781940377,1,-28.928025917026456
21.703,0.1287072,-0.2814489,9.7941078,0.16187982652630772,3,-0.22936558948774305,-0.04316459179952871,1,-28.928737505983406
21.718,0.1362609,-0.2814489,9.836094600000001,0.15932552548823864,3,-0.17028673587126586,-0.04075555165941952,1,-28.929366907059347
21.75,0.113796,-0.3083283,9.836094600000001,0.15684620786975145,3,-0.07747867557772452,-0.035696803925691675,1,-28.93059014474871
21.765,0.0898596,-0.344331,9.7806681,0.1530994595360866,3,-0.2497832222443132,-0.033372211420147804,1,-28.931108162363802
21.781,0.1002582,-0.344331,9.7327953,0.1482797173810777,3,-0.3012338846880901,-0.030961178004810755,1,-28.931622829479203
21.812,0.15421320000000002,-0.33824879999999996,9.7327953,0.14358952315840945,3,-0.15129658782799665,-0.026437204776448363,1,-28.932512504412312
21.828,0.15421320000000002,-0.290376,9.7956774,0.1405088818033544,3,-0.19254008469096096,-0.024164417536754502,1,-28.932917317390817
21.843,0.1302768,-0.290376,9.7791966,0.13709314659115535,3,-0.2277156808132625,-0.022082402323795602,1,-28.933264168539772
21.859,0.1482291,-0.3098979,9.7791966,0.13378155857565588,3,-0.2069742509686935,-0.01991540468246087,1,-28.933600150995822
21.875,0.1482291,-0.2858634,9.7851807,0.13067876973144976,3,-0.19392430276290365,-0.01779972205600426,1,-28.93390187200973
21.89,0.1646118,-0.2858634,9.731225700000001,0.1263428182184949,3,-0.28906343419697905,-0.015872060146379603,1,-28.934154410376248
21.906,0.1586277,-0.2798793,9.731225700000001,0.12210595866021379,3,-0.26480372239259947,-0.013884469931350153,1,-28.93439246261687
21.922,0.1586277,-0.3338343,9.8196138,0.12016817579533345,3,-0.12111142905500726,-0.01194627685570556,1,-28.934599108591165
21.937,0.1062423,-0.2889045,9.7971489,0.11767805216891425,3,-0.16600824176127404,-0.010162430145973636,1,-28.934764923893677
21.953,0.1437165,-0.31284090000000003,9.7971489,0.11527823562050976,3,-0.149988534275297,-0.008298779843658448,1,-28.934912613573594
21.968,0.1437165,-0.34128990000000003,9.7268112,0.11124577939801128,3,-0.2688304148332219,-0.0065998497310194755,1,-28.935024353295404
21.984,0.1272357,-0.34128990000000003,9.7612443,0.10814532663392562,3,-0.19377829775533204,-0.0048447208827637825,1,-28.935115909860315
22.0,0.1287072,-0.31284090000000003,9.7612443,0.1050977305060865,3,-0.1904747579899656,-0.0031387764256438746,1,-28.935179777838783
22.015,0.1287072,-0.2679111,9.7911648,0.10282131543261919,3,-0.15176100489781555,-0.0015793835811035253,1,-28.935215164038834
22.031,0.10182780000000001,-0.2679111,9.7627158,0.09989912795209932,3,-0.1826367175325118,4.237996597404245e-05,1,-28.935227460067754
22.062,0.08083440000000001,-0.3338343,9.7627158,0.09709295234521242,3,-0.09052179377053814,0.0030957572105826054,1,-28.935178818941516
22.078,0.08083440000000001,-0.2858634,9.818044200000001,0.09566695834055494,3,-0.08912462529110247,0.0046378364960685745,1,-28.935116950191862
22.093,0.0434583,-0.2664396,9.8285409,0.09451257760102116,3,-0.07695871596891561,0.006064183015630449,1,-28.935036685045525
22.109,0.0658251,-0.2664396,9.7732125,0.09204043982172117,3,-0.15450861120623263,0.007556607155012555,1,-28.934927718724158
22.125,0.1122264,-0.2724237,9.7732125,0.08964292490461645,3,-0.1498446823190612,0.009010074072823096,1,-28.934795185274336
22.14,0.1122264,-0.3083283,9.839037600000001,0.08893448390043623,3,-0.047229400278679265,0.01034940463886104,1,-28.934649989184
22.156,0.1317483,-0.3083283,9.833053500000002,0.08810335303716599,3,-0.05194567895439611,0.011765707334361702,1,-28.934473068288213
22.172,0.21258269999999999,-0.37572300000000003,9.833053500000002,0.0873841186366402,3,-0.044952150032856984,0.01316960710775231,2,-28.934273585772676
22.187,0.21258269999999999,-0.3712104,9.7851807,0.08551172968840959,3,-0.12482592988203578,0.014466325970190232,2,-28.934066316274592
22.203,0.21258269999999999,-0.3712104,9.833053500000002,0.08485152930937545,3,-0.04126252368963811,0.01582923204217236,2,-28.933823951810492
22.218,0.1796211,-0.32333760000000006,9.833053500000002,0.08415020839424336,3,-0.04675472767547066,0.01709674507494955,2,-28.933577006982112
22.234,0.1796211,-0.3547296,9.7552602,0.08159653598537986,3,-0.15960452555395122,0.018422719029986684,2,-28.93329285126927
22.25,0.145188,-0.3023442,9.7567317,0.07908404633953481,3,-0.15703060286533296,0.01970816368858586,2,-28.932987804207524
22.281,0.1317483,-0.3278502,9.7387794,0.07621069244875933,3,-0.09268883518630926,0.02211523213980433,2,-28.932339541572183
22.297,0.1317483,-0.31284090000000003,9.716314500000001,0.07284779510670525,3,-0.21018108387835668,0.02330770004024818,2,-28.931976158114743
22.312,0.1377324,-0.31284090000000003,9.7672284,0.07080998112154901,3,-0.13585426567707712,0.02438513336196013,2,-28.931618461864225
22.328,0.113796,-0.3338343,9.7672284,0.06883129722961279,3,-0.12366774324602788,0.0255022635887693,2,-28.93121936268862
22.343,0.113796,-0.31136939999999996,9.8016615,0.06772213769712288,3,-0.07394396883265798,0.026526414350719854,2,-28.930829147604072
22.375,0.10928340000000002,-0.3547296,9.7701714,0.06590719160898395,3,-0.056717065254341344,0.02866448361961757,2,-28.92994609323655
22.39,0.10928340000000002,-0.3427614,9.747706500000001,0.06357854772351779,3,-0.15524292569773837,0.02963562666461137,2,-28.929508842409415
22.406,0.1661814,-0.2754648,9.7821396,0.06211365438397465,3,-0.09155583372145625,0.0306411642814712,2,-28.929026628081846
22.422,0.08534699999999999,-0.2754648,9.7672284,0.06029562535349875,3,-0.11362681440473094,0.031620438519371095,2,-28.92852853525944
22.437,0.0673947,-0.34128990000000003,9.7672284,0.058569179141244376,3,-0.1150964141502872,0.0325119245530817,2,-28.928047542536394
22.453,0.0673947,-0.2634966,9.8225568,0.05817508119179493,3,-0.024631121840593066,0.03344587863574591,3,-28.927519880110882
22.468,0.11526750000000001,-0.2634966,9.8644455,0.0588226875081439,3,0.04317375442326302,0.03432336190099549,3,-28.927011610806858
22.484,0.11821050000000001,-0.2724237,9.8644455,0.05946125963593474,3,0.03991075798692287,0.035269633478148224,3,-28.926454866843823
22.515,0.11821050000000001,-0.33226469999999997,9.7732125,0.05790520589937209,3,-0.050195281824603415,0.037088813693945406,3,-28.925333310912656
22.531,0.1317483,-0.33226469999999997,9.8105886,0.05730232982567962,3,-0.037679754605783586,0.03801047397974572,3,-28.924732516611268
22.547,0.0973152,-0.35777070000000005,9.8105886,0.05672622314907905,3,-0.036006667287531845,0.03892270240354389,3,-28.924117051200202
22.562,0.113796,-0.32932170000000005,9.747706500000001,0.05461147089864937,3,-0.14098348336197297,0.03975773510890189,3,-28.92352694791886
22.593,0.1377324,-0.34580249999999996,9.8105886,0.05410233579837431,3,-0.01642371291209934,0.04144279911270569,3,-28.922268339638425
22.609,0.1332198,-0.290376,9.8105886,0.053560295439899264,3,-0.03387752240468676,0.04230410016261198,3,-28.921598364444222
22.625,0.1332198,-0.3008727,9.7971489,0.052711572889025504,0,-0.05304515942961581,0.04265427510924328,3,-28.920918697442048
22.64,0.15421320000000002,-0.3008727,9.752219100000001,0.05079586383066825,0,-0.1277139372238119,0.04293058088464101,3,-28.920276811022095
22.656,0.1586277,-0.31284090000000003,9.752219100000001,0.048937784524150985,0,-0.11612995665734208,0.04322845007147948,3,-28.919587538774447
22.672,0.1586277,-0.3262806,9.800091900000002,0.04830258438739321,0,-0.03970000854735645,0.04350637302277192,3,-28.918893660189692
22.687,0.18266220000000002,-0.3262806,9.777627,0.04714555206079574,0,-0.07713548843982865,0.04372223404613336,3,-28.918239445636676
22.703,0.1002582,-0.3173535,9.777627,0.04598051929702329,0,-0.0728145477357858,0.043967242616995826,3,-28.91753792982337
22.718,0.1002582,-0.32932170000000005,9.7297542,0.043686646592178136,0,-0.15292484698967132,0.04413974636116486,3,-28.916877127406035
22.734,0.11821050000000001,-0.3039138,9.759674700000001,0.04216284094058764,0,-0.09523785322439515,0.044326542261427064,3,-28.916169397097054
22.75,0.0928026,-0.24103170000000002,9.854046900000002,0.04292766911265389,0,0.0478017607541456,0.044507266341852925,3,-28.915458726628227
22.781,0.0928026,-0.2290635,9.8928945,0.044614088126897045,0,0.05440061336268457,0.04536416357906591,3,-28.914065719464453
22.812,0.09584369999999999,-0.315882,9.9138879,0.04683012790758667,0,0.07148515421578898,0.046281548927600516,3,-28.9126452109206
22.828,0.09584369999999999,-0.34580249999999996,9.8615025,0.0477396046543781,0,0.056842296674470424,0.04653810678809615,3,-28.911902653674876
22.843,0.1646118,-0.34580249999999996,9.8689581,0.048830739886126295,0,0.07274234878321038,0.04676238437214996,3,-28.911202899991174
22.859,0.1406754,-0.36669779999999996,9.8689581,0.04990462201348933,0,0.06711763296018218,0.04705226726734697,3,-28.910452382778058
22.875,0.1392039,-0.43556400000000006,9.8076456,0.049526196805189215,0,-0.02365157551875979,0.04734771381789631,3,-28.909697182929374
22.89,0.1392039,-0.33824879999999996,9.747706500000001,0.04760254246852291,0,-0.12824362244441534,0.04757617936244918,3,-28.90898525373052
22.906,0.12272310000000002,-0.33824879999999996,9.735738300000001,0.04542870126754828,0,-0.13586507506092968,0.04782042931233767,3,-28.908222080861123
22.922,0.0823059,-0.290376,9.735738300000001,0.04325983229170127,0,-0.13555431099042262,0.04802993758081174,3,-28.907455277925976
22.937,0.0823059,-0.2724237,9.704346300000001,0.04036588187271306,0,-0.19293002793254013,0.048157130437044865,3,-28.906733874915844
22.953,0.1002582,-0.2724237,9.6280245,0.03568596400663715,0,-0.29249486662977664,0.04826554520407961,3,-28.905962493510714
22.968,0.10182780000000001,-0.2575125,9.6280245,0.031110587540851498,0,-0.3050250977190319,0.04826651934068579,3,-28.905238503026627
22.984,0.10182780000000001,-0.3173535,9.6654006,0.027601424867013336,0,-0.2193226671148606,0.04823621543994876,3,-28.904466481148383
23.0,0.10182780000000001,-0.3173535,9.683352900000001,0.02461545289403233,0,-0.1866232483113334,0.048153950462037076,3,-28.903695359821167
23.031,0.09427410000000001,-0.2829204,9.683352900000001,0.02167442813391851,0,-0.09487176645528815,0.048371443617970286,3,-28.902199216212928
23.047,0.1377324,-0.3547296,9.7567317,0.020663813091942984,0,-0.06316344012346335,0.04821014954777722,3,-28.901426563467602
23.062,0.1437165,-0.3547296,9.8854389,0.02281676953014866,0,0.1435304292137064,0.048036253917442914,3,-28.900704715441613
23.078,0.1317483,-0.2948886,9.8854389,0.024865224609310843,0,0.12802844244765044,0.047917709870558545,3,-28.89993708373131
23.093,0.1317483,-0.2934171,9.8495343,0.025987392880583826,0,0.0748112180848627,0.047799104501732775,3,-28.899219207623517
23.109,0.1078119,-0.2934171,9.900448200000001,0.028316275824666448,0,0.14555518400514758,0.047733533851374826,3,-28.898454946516694
23.14,0.1062423,-0.3173535,9.862974000000001,0.029692460452555025,0,0.04439305251253645,0.048132669263671726,3,-28.89696902036841
23.156,0.1272357,-0.3173535,9.9048627,0.03206220138451066,0,0.14810880824724337,0.04812670655836819,3,-28.89619894536183
23.172,0.1466595,-0.32333760000000006,9.9048627,0.034385407481824615,0,0.14520038108210606,0.04815828742929894,3,-28.89542866540993
23.187,0.1257642,-0.2994012,9.8734707,0.035861357515287295,0,0.09839666889750832,0.04818513816677729,3,-28.89470608971796
23.203,0.1257642,-0.3712104,9.855518400000001,0.0369232330364202,0,0.06636722007081385,0.04826741489119089,3,-28.893934469293498
23.218,0.12272310000000002,-0.3712104,9.7252416,0.034783322612179646,0,-0.14266069494936487,0.04830521405855541,3,-28.893210174576375
23.234,0.113796,-0.2858634,9.7252416,0.03262268365293863,0,-0.13503993495254818,0.048344462108676406,3,-28.892436977167037
23.25,0.113796,-0.2948886,9.7222986,0.030449569773931984,0,-0.13581961743793056,0.048349040136091315,3,-28.89166342914908
23.265,0.10477080000000001,-0.2948886,9.740250900000001,0.028764620366128923,0,-0.11232996052019976,0.04829314656214179,3,-28.890938612748844
23.297,0.0373761,-0.36071369999999997,9.6773688,0.025630138136246927,0,-0.0979525696838123,0.04866346269817981,3,-28.88938730700068
23.328,0.11526750000000001,-0.36071369999999997,9.6728562,0.022477099439999648,0,-0.10171092568540001,0.048909124880611596,3,-28.887874931893208
23.343,0.1332198,-0.2769363,9.731225700000001,0.020762209668745868,0,-0.11432598475024769,0.04873341969892721,3,-28.887142612808862
23.359,0.1332198,-0.35178660000000006,9.731225700000001,0.01914808524895406,0,-0.10088277623697664,0.04855270205826884,3,-28.886364323834805
23.375,0.1332198,-0.35777070000000005,9.716314500000001,0.017215239005848204,0,-0.12080289019412936,0.04834360865230723,3,-28.88558915334912
23.39,0.1272357,-0.35777070000000005,9.7297542,0.015655128504979743,0,-0.10400736672456014,0.04809013640863845,3,-28.88486590026116
23.406,0.10182780000000001,-0.3532581,9.7297542,0.014121761498532948,0,-0.09583543790293526,0.04782835152866652,3,-28.884098552357663
23.422,0.10182780000000001,-0.2769363,9.854046900000002,0.015595698087137677,0,0.09212103678778528,0.04756609120535191,3,-28.88333539681579
23.437,0.142245,-0.2769363,9.7222986,0.013834138701168897,0,-0.11743729239791426,0.04728681498126422,3,-28.88262400001939
23.453,0.145188,-0.2634966,9.7222986,0.012107498603073807,0,-0.10791500613095495,0.04699434807969813,3,-28.881869750714902
23.468,0.145188,-0.2948886,9.842078700000002,0.013364765315513338,0,0.08381778082929889,0.04668539005908755,3,-28.88116715267886
23.484,0.0868185,-0.2948886,9.8674866,0.015193999606285757,0,0.1143271431732634,0.04641386017846197,3,-28.88042235867696
23.5,0.1661814,-0.3503151,9.854046900000002,0.016720042934553092,0,0.09537770801671892,0.046169172518788645,3,-28.879681694415382
23.515,0.10928340000000002,-0.30685680000000004,9.854046900000002,0.018154160183085466,0,0.09560781656882131,0.04593072904217095,3,-28.878990945153674
23.547,0.10928340000000002,-0.3307932,9.8644455,0.01982564327702896,0,0.052233846685734116,0.046038405897532775,3,-28.87751943899464
23.562,0.09584369999999999,-0.3202965,9.845021700000002,0.02097102952294705,0,0.07635908306120308,0.0458443809435326,3,-28.87683031809333
23.578,0.09584369999999999,-0.2604555,9.821085300000002,0.021461869630392982,0,0.03067750671537422,0.045683844136759286,3,-28.876098092292686
23.593,0.050913900000000005,-0.2604555,9.8165727,0.021822530223820635,0,0.02404403956184262,0.0455084771356659,3,-28.87541414988314
23.625,0.1212516,-0.3487455,9.716314500000001,0.019812636698105734,0,-0.0628091726785906,0.04567463980641673,3,-28.873955220012068
23.64,0.0973152,-0.3487455,9.695321100000001,0.01733352496513163,0,-0.16527411553160068,0.04545323601889102,3,-28.87327176094338
23.656,0.1062423,-0.31136939999999996,9.743193900000001,0.016053110280104477,0,-0.08002591781420591,0.04522032910085287,3,-28.87254637242242
23.672,0.15568469999999998,-0.32333760000000006,9.743193900000001,0.014829626447792066,0,-0.07646773951951712,0.044967390994676074,3,-28.871824870661655
23.687,0.15568469999999998,-0.33824879999999996,9.749178,0.013794169891509611,0,-0.06903043708549436,0.04468206946722085,3,-28.87115249970819
23.703,0.1511721,-0.33824879999999996,9.686394000000002,0.0112520321371683,0,-0.15888360964634946,0.04438243908345024,3,-28.870439983639788
