timestamps,acc_x,acc_y,acc_z,aAcc,aStages,aJerk,aVelocity,avStages,aHeight
0.062,0.1332198,-0.2994012,9.771642900000002,0.004310380684943382,0,0.0,0.0,0,0.0
0.078,0.052385400000000006,-0.2994012,9.7791966,0.004475813790815408,0,0.010339569117001624,0.0,0,0.0
0.093,0.053856900000000006,-0.2215098,9.7791966,0.00458682760031337,0,0.007400920633197454,0.0,0,0.0
0.109,0.053856900000000006,-0.2814489,9.690808500000001,0.0025778412386827654,0,-0.1255616476019128,0.0,0,0.0
0.125,0.0643536,-0.2814489,9.7821396,0.0028460244230679166,0,0.01676144902407195,0.0,0,0.0
0.14,0.049442400000000004,-0.2664396,9.7656588,0.002693487986755727,0,-0.010169095754145957,0.0,0,0.0
0.156,-0.007455600000000001,-0.2529999,9.7656588,0.0025329750390685746,0,-0.010032059230447041,0.0,0,0.0
0.171,-0.007455600000000001,-0.2918475,9.7387794,0.0017474967589272694,0,-0.05236521867608696,0.0,0,0.0
0.187,0.0703377,-0.2918475,9.746235,0.0011690569217268632,0,-0.03615248982502542,0.0,0,0.0
0.218,0.0718092,-0.24397470000000002,9.746235,0.0005729034783943376,0,-0.01923075623653308,0.0,0,0.0
0.234,0.0718092,-0.21709530000000002,9.7417224,-0.00013424526895278177,0,-0.04419679670919492,0.0,0,0.0
0.25,0.0868185,-0.2575125,9.777627,7.822099973786578e-05,0,0.013279141793165482,0.0,0,0.0
0.265,0.0868185,-0.2843919,9.7701714,0.00012190514153687104,0,0.0029122761199336816,0.0,0,0.0
0.296,0.1032993,-0.2843919,9.7986204,0.0008619794621598231,0,0.023873365181385574,0.0,0,0.0
0.312,0.1212516,-0.2529999,9.8136297,0.001933962418823043,0,0.06699893479145119,0.0,0,0.0
0.328,0.1526436,-0.2724237,9.8136297,0.0030031557727205893,0,0.06682458461859658,0.0,0,0.0
0.343,0.1526436,-0.2604555,9.7686999,0.0029430215904859836,0,-0.0040089454823070475,3.10350834007968e-05,0,2.327631255059762e-07
0.359,0.0823059,-0.2604555,9.7627158,0.002717835839112226,0,-0.014074109460859888,0.0,0,4.810437927123499e-07
0.375,0.08829,-0.23053500000000002,9.7627158,0.0024810728019595274,0,-0.014797689822043644,0.0,0,4.810437927123499e-07
0.39,0.08829,-0.2889045,9.716314500000001,0.001156747946335912,0,-0.08828832370824094,0.0,0,4.810437927123499e-07
0.406,0.0673947,-0.2889045,9.7582032,0.0008818444069493836,0,-0.017181471211658014,0.0,0,4.810437927123499e-07
0.421,0.0389457,-0.23053500000000002,9.7417224,0.0001701343394096,0,-0.04744733783598571,0.0,0,4.810437927123499e-07
0.437,0.053856900000000006,-0.23053500000000002,9.8046045,0.0010107748168106667,0,0.05254002983756662,0.0,0,4.810437927123499e-07
0.453,0.0119682,-0.2679111,9.7911648,0.001522973104391312,0,0.0320123929737903,0.0,0,4.810437927123499e-07
0.468,0.0434583,-0.2679111,9.7911648,0.0020248518445651342,0,0.033458582678254786,0.0,0,4.810437927123499e-07
0.484,0.0434583,-0.2274939,9.8046045,0.0028172649677493666,0,0.04952582019901465,0.0,0,4.810437927123499e-07
0.5,0.0733788,-0.2274939,9.7567317,0.0024274171371381215,0,-0.024365489413202802,0.0,0,4.810437927123499e-07
0.515,0.08377740000000002,-0.2634966,9.7567317,0.0020712067428334535,0,-0.023747359620311177,0.0,0,4.810437927123499e-07
0.531,0.08377740000000002,-0.2604555,9.7971489,0.0027070931937416276,0,0.039742903181760846,0.0,0,4.810437927123499e-07
0.562,0.08377740000000002,-0.2604555,9.7447635,0.002050278140989903,0,-0.02118758234682981,0.0,0,4.810437927123499e-07
0.578,0.1107549,-0.261927,9.7447635,0.0014170094811341016,0,-0.03957929124098782,0.0,0,4.810437927123499e-07
0.593,0.1107549,-0.2754648,9.7552602,0.0010641852641235516,0,-0.02352161446736998,0.0,0,4.810437927123499e-07
0.609,0.1392039,-0.2769363,9.723770100000001,-3.779508038448398e-05,0,-0.06887377153175217,6.679499393577593e-06,0,5.344797878609707e-07
0.625,0.08829,-0.2769363,9.764187300000001,-0.0001420702656851347,0,-0.006517199081290664,0.0,0,5.879157830095916e-07
0.64,0.0628821,-0.2215098,9.764187300000001,-0.00028309051077357594,0,-0.009401349672562741,0.0,0,5.879157830095916e-07
0.656,0.0628821,-0.2664396,9.749178,-0.000759235256889923,0,-0.029759046632271663,0.0,0,5.879157830095916e-07
0.671,0.0718092,-0.2664396,9.7612443,-0.0009280809168465964,0,-0.011256377330444886,0.0,0,5.879157830095916e-07
0.703,0.0628821,-0.2529999,9.8674866,0.0014873333601439498,0,0.07548169615595476,0.0,0,5.879157830095916e-07
0.718,0.0658251,-0.2529999,9.7986204,0.002165232956615526,0,0.045193306431438374,0.0,0,5.879157830095916e-07
0.734,0.059841000000000005,-0.2843919,9.7986204,0.002846650263752082,0,0.04258858169603471,0.0,0,5.879157830095916e-07
0.75,0.059841000000000005,-0.2769363,9.7672284,0.0027409036400225517,0,-0.006609163983095628,0.0,0,5.879157830095916e-07
0.765,0.0434583,-0.24701580000000004,9.8136297,0.0037474253797249446,0,0.0671014493134928,0.0,0,5.879157830095916e-07
0.781,0.0793629,-0.24701580000000004,9.7612443,0.003457631956090168,0,-0.018112088977173518,0.0,0,5.879157830095916e-07
0.796,0.09133110000000001,-0.258984,9.7612443,0.0031850210483650443,0,-0.018174060515008233,0.0,0,5.879157830095916e-07
0.812,0.09133110000000001,-0.2559429,9.7507476,0.0026611857435128172,0,-0.032739706553264164,0.0,0,5.879157830095916e-07
0.828,0.0628821,-0.2559429,9.719257500000001,0.0013768720472278062,0,-0.08026960601781367,0.0,0,5.879157830095916e-07
0.843,0.0793629,-0.2829204,9.719257500000001,0.00014505620165827793,0,-0.0821210563713018,0.0,0,5.879157830095916e-07
0.875,0.1302768,-0.2499588,9.831582000000001,0.0016731257739284189,0,0.04775217413344186,0.0,0,5.879157830095916e-07
0.89,0.10477080000000001,-0.2559429,9.831582000000001,0.003160245625375424,0,0.09914132342980025,0.0,0,5.879157830095916e-07
0.906,0.10477080000000001,-0.24397470000000002,9.743193900000001,0.002448661173728439,0,-0.044474028227936516,0.0,0,5.879157830095916e-07
0.921,0.08534699999999999,-0.287433,9.764187300000001,0.002290498270493657,0,-0.010544193548985456,0.0,0,5.879157830095916e-07
0.937,0.0748503,-0.287433,9.711801900000001,0.000856995026582652,0,-0.08959395274443774,1.9743672919748153e-05,0,7.458651663675769e-07
0.953,0.0554265,-0.2738952,9.711801900000001,-0.000554258896084292,0,-0.08820337016668453,0.0,0,9.038145497255612e-07
0.968,0.0554265,-0.2709522,9.746235,-0.0010936120771258828,0,-0.03595687873610602,0.0,0,9.038145497255612e-07
0.984,0.0703377,-0.2709522,9.7552602,-0.0013974285961637634,0,-0.018988532439867516,0.0,0,9.038145497255612e-07
1.0,0.058369500000000005,-0.24544620000000003,9.7552602,-0.001712219241229107,0,-0.019674415316583965,0.0,0,9.038145497255612e-07
1.031,0.058369500000000005,-0.2664396,9.6804099,-0.003830801378011728,0,-0.06834135925105246,0.0,0,9.038145497255612e-07
1.046,0.0763218,-0.2664396,9.707289300000001,-0.005239338520549808,0,-0.09390247616920455,0.0,0,9.038145497255612e-07
1.062,0.0643536,-0.2140542,9.707289300000001,-0.0066472466518927575,0,-0.08799425820893428,0.0,0,9.038145497255612e-07
1.078,0.0643536,-0.2604555,9.8240283,-0.005146945024090854,0,0.09376885173761887,0.0,0,9.038145497255612e-07
1.093,0.0478728,-0.2889045,9.7895952,-0.004505595769657589,0,0.042756616962217976,0.0,0,9.038145497255612e-07
1.109,0.0554265,-0.2889045,9.717786,-0.005629565434151829,0,-0.07024810403088994,-3.186340762924419e-05,0,6.489072886916075e-07
1.125,0.0254079,-0.2738952,9.717786,-0.006739761141130174,0,-0.06938723168614652,0.0,0,3.9400002765765374e-07
1.14,0.0254079,-0.23799060000000002,9.800091900000002,-0.005839077689431704,0,0.06004556344656503,0.0,0,3.9400002765765374e-07
1.156,0.0823059,-0.23799060000000002,9.800091900000002,-0.0049527380380567365,0,0.055396228210935435,0.0,0,3.9400002765765374e-07
1.171,0.10477080000000001,-0.2934171,9.800091900000002,-0.004046151865324532,0,0.06043907818214646,0.0,0,3.9400002765765374e-07
1.187,0.10477080000000001,-0.2260224,9.7895952,-0.003461156714415381,0,0.03656219693182191,0.0,0,3.9400002765765374e-07
1.203,0.0628821,-0.2260224,9.771642900000002,-0.0033369105450642422,0,0.007765385584446165,0.0,0,3.9400002765765374e-07
1.218,0.10477080000000001,-0.2918475,9.746235,-0.0037837996065412938,0,-0.029792604098470298,-4.6833844406778905e-05,0,4.274619460681424e-08
1.25,0.1062423,-0.24397470000000002,9.689337,-0.005638719159279049,0,-0.05796623602305479,0.0,0,-7.06595315901649e-07
1.265,0.09133110000000001,-0.24397470000000002,9.719257500000001,-0.006722597862799162,0,-0.07225858023467471,0.0,0,-7.06595315901649e-07
1.281,0.049442400000000004,-0.2425032,9.719257500000001,-0.007788334836522637,0,-0.0666085608577171,0.0,0,-7.06595315901649e-07
1.312,0.053856900000000006,-0.2604555,9.7971489,-0.006917095858662847,0,0.02810448315676728,-0.0001343256596954411,0,-2.7886430411809953e-06
1.328,0.09878670000000002,-0.2664396,9.7971489,-0.006054649912201171,0,0.05390287165385472,0.0,0,-3.863248318744525e-06
1.343,0.09878670000000002,-0.2948886,9.7971489,-0.005193370523489449,0,0.05741862591411518,0.0,0,-3.863248318744525e-06
1.359,0.0658251,-0.2948886,9.7297542,-0.006002835170635379,0,-0.05059154044662058,0.0,0,-3.863248318744525e-06
1.375,0.0643536,-0.2754648,9.7297542,-0.00680667601875129,0,-0.05024005300724439,-1.4505514198124778e-05,0,-3.979292432329524e-06
1.39,0.12272310000000002,-0.2604555,9.7627158,-0.006783717190860017,0,0.0015305885260848702,0.0,0,-4.088083788815459e-06
1.406,0.12272310000000002,-0.2484873,9.776155500000002,-0.006441258156170804,0,0.021403689668075803,0.0,1,-4.088083788815459e-06
1.421,0.0973152,-0.2484873,9.7582032,-0.006551820764105543,0,-0.007370840528982527,0.0,1,-4.088083788815459e-06
1.437,0.0748503,-0.24544620000000003,9.7582032,-0.006666395088519295,0,-0.007160895275859496,0.0,1,-4.088083788815459e-06
1.453,0.0748503,-0.2544714,9.7612443,-0.006698392537233033,0,-0.0019998405446086647,-3.2345385775546086e-05,1,-4.346846875019828e-06
1.468,0.0733788,-0.2544714,9.746235,-0.007095827578025293,0,-0.02649566938615084,0.0,1,-4.589437268336422e-06
1.484,0.08829,-0.2769363,9.746235,-0.0074656223626714535,0,-0.023112174040384993,0.0,1,-4.589437268336422e-06
1.515,0.08829,-0.3173535,9.7342668,-0.008088098750656414,0,-0.020079883483385873,0.0,1,-4.589437268336422e-06
1.531,0.052385400000000006,-0.3173535,9.717786,-0.009103468126408387,0,-0.06346058598449827,-0.0001309088484386569,1,-5.6367080558456775e-06
1.546,0.0793629,-0.287433,9.717786,-0.010112311362282966,0,-0.06725621572497138,0.0,1,-6.6185244191356125e-06
1.562,0.0614106,-0.2784078,9.777627,-0.00964721181020245,0,0.029068722005032275,0.0,1,-6.6185244191356125e-06
1.578,0.0614106,-0.2858634,9.8091171,-0.008420502142763908,0,0.07666935421490877,-7.764509160745761e-05,1,-7.239685151995274e-06
1.593,0.0793629,-0.2858634,9.771642900000002,-0.008134157223082639,0,0.019089661312084758,0.0,1,-7.822023339051202e-06
1.609,0.10182780000000001,-0.258984,9.771642900000002,-0.007867988008998239,0,0.016635575880274964,0.0,1,-7.822023339051202e-06
1.625,0.059841000000000005,-0.19610190000000002,9.7821396,-0.007396521600357531,0,0.029466650540044242,0.0,1,-7.822023339051202e-06
1.64,0.10477080000000001,-0.24544620000000003,9.7821396,-0.006900182428278612,0,0.033089278138594816,-5.916355579757039e-05,1,-8.265750007532977e-06
1.656,0.10477080000000001,-0.23200650000000003,9.7941078,-0.006132137276704697,0,0.04800282197336965,0.0,1,-8.739058453913541e-06
1.671,0.0718092,-0.23200650000000003,9.776155500000002,-0.005827795981721451,0,0.020289419665549552,0.0,1,-8.739058453913541e-06
1.687,0.1122264,-0.2559429,9.776155500000002,-0.0055070377785391145,0,0.020047387698896007,0.0,1,-8.739058453913541e-06
1.703,0.031392,-0.3098979,9.7686999,-0.005352263085905307,0,0.00967341828961298,0.0,1,-8.739058453913541e-06
1.718,0.031392,-0.258984,9.8105886,-0.004216093013768685,0,0.0757446714757753,-2.4373606208275694e-06,1,-8.757338658569747e-06
1.734,0.0777933,-0.258984,9.788123700000002,-0.0036490548530263567,0,0.03543988504639547,0.0,1,-8.776837543536367e-06
1.75,0.09133110000000001,-0.2544714,9.788123700000002,-0.003095881074203888,0,0.03457336117640428,0.0,1,-8.776837543536367e-06
1.781,0.09133110000000001,-0.2694807,9.854046900000002,-0.0009391967139311674,0,0.06957046323460407,0.0,1,-8.776837543536367e-06
1.796,0.10182780000000001,-0.2694807,9.7971489,-0.00021976626066511074,0,0.04796203021773671,0.0,1,-8.776837543536367e-06
1.812,0.1032993,-0.20355750000000003,9.7971489,0.0004436894445412065,0,0.04146598157539479,0.0,1,-8.776837543536367e-06
1.828,0.1032993,-0.2948886,9.731225700000001,-0.00045945297437199883,0,-0.056446401182075286,0.0,1,-8.776837543536367e-06
1.843,0.050913900000000005,-0.2948886,9.774684,-0.000291226556694113,0,0.011215094511859128,0.0,1,-8.776837543536367e-06
1.859,0.08083440000000001,-0.2694807,9.7387794,-0.0010154277098894937,0,-0.04526257207471125,0.0,1,-8.776837543536367e-06
1.875,0.056898,-0.2754648,9.7387794,-0.0017220102430428597,0,-0.04416140832208533,0.0,1,-8.776837543536367e-06
1.89,0.056898,-0.23799060000000002,9.7387794,-0.0024354446663039653,0,-0.04756229488407402,0.0,1,-8.776837543536367e-06
1.921,0.0614106,-0.2814489,9.776155500000002,-0.002191337812748273,0,0.007874414630828748,0.0,1,-8.776837543536367e-06
1.937,0.0614106,-0.2649681,9.7208271,-0.003313362034525369,0,-0.07012651386106844,0.0,1,-8.776837543536367e-06
1.953,0.04041720000000001,-0.2649681,9.8196138,-0.0020021750933807425,0,0.08194918382153908,0.0,1,-8.776837543536367e-06
1.968,0.11526750000000001,-0.2080701,9.8196138,-0.0007419159670014608,0,0.08401727509195266,0.0,1,-8.776837543536367e-06
1.984,0.11526750000000001,-0.2559429,9.8046045,0.0001492520712265133,0,0.05569800238924833,0.0,1,-8.776837543536367e-06
2.0,0.0733788,-0.2559429,9.803133,0.0009729822950763634,0,0.05148313899061558,0.0,1,-8.776837543536367e-06
2.031,0.08377740000000002,-0.2889045,9.7672284,0.0009256768996444009,0,-0.0015259804978052331,0.0,1,-8.776837543536367e-06
2.046,0.1002582,-0.2694807,9.848062800000001,0.002840498730012797,0,0.12765478869122912,0.0,1,-8.776837543536367e-06
2.062,0.1332198,-0.2694807,9.7536906,0.0024174642639263055,0,-0.026439654130405697,0.0,1,-8.776837543536367e-06
2.078,0.0449298,-0.2604555,9.7536906,0.001979112665168259,0,-0.02739697492237789,0.0,1,-8.776837543536367e-06
2.093,0.0449298,-0.2769363,9.759674700000001,0.0017084151418860216,0,-0.018046501552149003,0.0,1,-8.776837543536367e-06
2.109,-0.0045126,-0.2769363,9.747706500000001,0.0011500343317791817,0,-0.03489880063167747,0.0,1,-8.776837543536367e-06
2.125,0.08534699999999999,-0.23053500000000002,9.747706500000001,0.0005849079147388636,0,-0.035320401065019845,0.0,1,-8.776837543536367e-06
2.14,0.08534699999999999,-0.2575125,9.7387794,-0.0001676184868149022,0,-0.050168426770250636,0.0,1,-8.776837543536367e-06
2.156,-0.0045126,-0.2575125,9.690808500000001,-0.0020804940527341387,0,-0.11955472286995217,0.0,1,-8.776837543536367e-06
2.171,0.0344331,-0.3218661,9.821085300000002,-0.0007226141428589017,0,0.09052532732501772,0.0,1,-8.776837543536367e-06
2.187,0.056898,-0.2575125,9.821085300000002,0.0005584162379879132,0,0.08006439880292586,0.0,1,-8.776837543536367e-06
2.203,0.056898,-0.1990449,9.8225568,0.0018109474300569417,0,0.07828319950431421,0.0,1,-8.776837543536367e-06
2.218,0.11821050000000001,-0.1990449,9.7582032,0.001477093992260592,0,-0.022256895853089802,0.0,1,-8.776837543536367e-06
2.234,0.08829,-0.2798793,9.7582032,0.0011920283291306788,0,-0.01781660394561955,0.0,1,-8.776837543536367e-06
2.265,0.08829,-0.2889045,9.759674700000001,0.0009562009115082759,0,-0.007607336052335543,0.0,1,-8.776837543536367e-06
2.281,0.0928026,-0.2889045,9.8165727,0.0021142357176895388,0,0.07237717538632886,0.0,1,-8.776837543536367e-06
2.296,0.173637,-0.2604555,9.8165727,0.0032513625828016757,0,0.07580845767414407,0.0,1,-8.776837543536367e-06
2.312,0.173637,-0.2994012,9.746235,0.002673345791217585,0,-0.03612604947400563,0.0,1,-8.776837543536367e-06
2.343,0.0389457,-0.2814489,9.7507476,0.0021705942355527696,0,-0.01621779211821978,0.0,1,-8.776837543536367e-06
2.359,0.08534699999999999,-0.2575125,9.7507476,0.0016711868227314852,0,-0.03121296330133025,0.0,1,-8.776837543536367e-06
2.375,0.08534699999999999,-0.2575125,9.731225700000001,0.0007080007239910202,0,-0.06019913117127901,0.0,1,-8.776837543536367e-06
2.39,0.0673947,-0.2575125,9.7911648,0.0012262579287760644,0,0.03455048031900266,0.0,1,-8.776837543536367e-06
2.406,0.0090252,-0.24397470000000002,9.7911648,0.0017178678108784595,0,0.030725617631399665,0.0,1,-8.776837543536367e-06
2.421,0.0434583,-0.2604555,9.7447635,0.001078762654262988,0,-0.04260701044103234,0.0,1,-8.776837543536367e-06
2.437,0.0868185,-0.2948886,9.7447635,0.0004862318570122426,0,-0.037033174828171554,0.0,1,-8.776837543536367e-06
2.453,0.0868185,-0.2724237,9.8016615,0.0012793737107283931,0,0.04957136585725937,0.0,1,-8.776837543536367e-06
2.468,0.0718092,-0.2724237,9.707289300000001,-0.00025059191808018966,0,-0.101997708587238,0.0,1,-8.776837543536367e-06
2.484,0.09427410000000001,-0.258984,9.7895952,0.0002591345191387262,0,0.031857902326182214,0.0,1,-8.776837543536367e-06
2.5,0.09133110000000001,-0.2499588,9.7895952,0.0007500286038322201,0,0.030680880293343343,0.0,1,-8.776837543536367e-06
2.531,0.09133110000000001,-0.2290635,9.7387794,-2.252955864534556e-05,0,-0.0249212310476633,0.0,1,-8.776837543536367e-06
2.546,0.0973152,-0.2290635,9.8285409,0.0014137651690244724,0,0.09575298184465657,0.0,1,-8.776837543536367e-06
2.562,0.1002582,-0.2604555,9.8285409,0.002834809770380531,0,0.08881528758475357,0.0,1,-8.776837543536367e-06
2.578,0.1002582,-0.24544620000000003,9.7447635,0.002169175008248203,0,-0.04160217263327045,0.0,1,-8.776837543536367e-06
2.593,0.09133110000000001,-0.24544620000000003,9.7866522,0.0025389440489487214,0,0.024651269380034348,0.0,1,-8.776837543536367e-06
2.609,0.0718092,-0.22455090000000003,9.7866522,0.0028834934138277646,0,0.02153433530494018,0.0,1,-8.776837543536367e-06
2.625,0.0718092,-0.258984,9.7372098,0.0020349238082140175,0,-0.05303560035085914,0.0,1,-8.776837543536367e-06
2.64,0.0703377,-0.258984,9.7956774,0.0026322901057120873,0,0.039824419833204325,0.0,1,-8.776837543536367e-06
2.656,0.0793629,-0.2604555,9.821085300000002,0.0038371853399752354,0,0.07530595214144668,0.0,1,-8.776837543536367e-06
2.671,0.0478728,-0.2754648,9.821085300000002,0.005017703919444116,0,0.07870123863126041,3.3244741199102076e-05,1,-8.527501984543107e-06
2.687,0.0478728,-0.2499588,9.7582032,0.004619602819444069,0,-0.02488131875000297,0.0,1,-8.261544054950291e-06
2.703,0.0269775,-0.2499588,9.7732125,0.00459521679178998,0,-0.0015241267283805358,0.0,1,-8.261544054950291e-06
2.718,0.08829,-0.2290635,9.7732125,0.004567755701030407,0,-0.0018307393839715133,0.0,1,-8.261544054950291e-06
2.734,0.08829,-0.2664396,9.8225568,0.005767091367081534,0,0.07495847912819535,0.0,1,-8.261544054950291e-06
2.75,0.053856900000000006,-0.2664396,9.743193900000001,0.004996166875720576,0,-0.04818278071005984,0.0,1,-8.261544054950291e-06
2.781,0.0614106,-0.2604555,9.743193900000001,0.004241189865359374,0,-0.02435409710842576,6.47479176702861e-05,1,-7.257951331060852e-06
2.796,0.0614106,-0.2649681,9.7866522,0.00456714109341938,0,0.02173008187066755,0.0,1,-6.772341948533717e-06
2.812,0.0718092,-0.24544620000000003,9.747706500000001,0.003924886276376327,0,-0.040140926065190784,0.0,1,-6.772341948533717e-06
2.828,0.058369500000000005,-0.2514303,9.747706500000001,0.003299826741230305,0,-0.03906622094662634,0.0,1,-6.772341948533717e-06
2.859,0.10182780000000001,-0.24544620000000003,9.7552602,0.0028791689496276973,0,-0.013569606180729221,0.0,1,-6.772341948533717e-06
2.875,0.10182780000000001,-0.29783160000000003,9.7552602,0.0025043330901901584,0,-0.023427241214846163,0.0,1,-6.772341948533717e-06
2.89,0.10182780000000001,-0.2889045,9.7686999,0.002459731302629109,0,-0.002973452504069934,0.0,1,-6.772341948533717e-06
2.906,0.0898596,-0.2889045,9.7791966,0.0026692492600712825,0,0.013094872340135831,0.0,1,-6.772341948533717e-06
2.921,0.0703377,-0.2784078,9.7791966,0.0028623361593762553,0,0.012872459953665129,1.5135990580789592e-05,1,-6.658822019177797e-06
2.937,0.0703377,-0.2425032,9.752219100000001,0.0023696308989737958,0,-0.030794078775153694,0.0,1,-6.5377340945314805e-06
2.953,0.028449,-0.2425032,9.803133,0.003125185331116498,0,0.04722215200891884,0.0,1,-6.5377340945314805e-06
2.968,0.0898596,-0.2529999,9.719257500000001,0.0018328442295842962,0,-0.0861560734354794,0.0,1,-6.5377340945314805e-06
2.984,0.0688662,-0.24701580000000004,9.719257500000001,0.0005640911484299238,0,-0.0792970675721482,0.0,1,-6.5377340945314805e-06
3.0,0.0688662,-0.2738952,9.7926363,0.0011328224414839383,0,0.03554570581587587,0.0,1,-6.5377340945314805e-06
3.031,0.058369500000000005,-0.2738952,9.7567317,0.0008106569479782166,0,-0.01039243527437807,0.0,1,-6.5377340945314805e-06
3.046,0.0763218,-0.2484873,9.7567317,0.00048278695069114974,0,-0.02185799981913826,0.0,1,-6.5377340945314805e-06
3.062,0.0763218,-0.258984,9.776155500000002,0.0006431396510215848,0,0.01002204377065218,0.0,1,-6.5377340945314805e-06
3.078,0.0928026,-0.258984,9.776155500000002,0.0008030569425958589,0,0.009994830723392125,0.0,1,-6.5377340945314805e-06
3.093,0.0614106,-0.2634966,9.776155500000002,0.0009559772434819536,0,0.010194686725739558,0.0,1,-6.5377340945314805e-06
3.109,0.0614106,-0.2514303,9.827069400000001,0.002338789701040511,0,0.08642577859740977,0.0,1,-6.5377340945314805e-06
3.125,0.0898596,-0.2664396,9.771642900000002,0.0023515461216501166,0,0.000797276288100334,0.0,1,-6.5377340945314805e-06
3.14,0.1257642,-0.2664396,9.800091900000002,0.0030672129503663825,0,0.047711121914417336,0.0,1,-6.5377340945314805e-06
3.156,0.059841000000000005,-0.2634966,9.800091900000002,0.003748264925830469,0,0.04256574846650537,0.0,1,-6.5377340945314805e-06
3.171,0.059841000000000005,-0.2679111,9.7552602,0.0033225985595422003,0,-0.02837775775255185,0.0,1,-6.5377340945314805e-06
3.187,0.0748503,-0.2679111,9.743193900000001,0.0026156602539249008,0,-0.04418364410108118,4.063656907337017e-06,1,-6.505224839272784e-06
3.203,0.050913900000000005,-0.2274939,9.743193900000001,0.0018971446794679991,0,-0.04490722340355631,0.0,1,-6.472715584014088e-06
3.218,0.0718092,-0.2425032,9.7895952,0.002339549114195094,0,0.02949362898180609,0.0,1,-6.472715584014088e-06
3.234,0.0628821,-0.2604555,9.7895952,0.0027809098472495464,0,0.02758504581590324,0.0,1,-6.472715584014088e-06
3.25,0.0628821,-0.2604555,9.7895952,0.0032115056843746714,0,0.026912239820320292,0.0,1,-6.472715584014088e-06
3.281,0.0658251,-0.2784078,9.806076000000001,0.0040459164359667454,0,0.02691647585780872,0.0,1,-6.472715584014088e-06
3.296,0.052385400000000006,-0.2604555,9.9093753,0.007364555416392804,0,0.2212425986950753,0.0,1,-6.472715584014088e-06
3.312,0.0344331,-0.2559429,9.9093753,0.01059746773192316,0,0.2020570197206471,2.6090627160196486e-06,1,-6.451843082285931e-06
3.328,0.0344331,-0.2215098,9.967744800000002,0.015154586530929492,0,0.2848199249378955,0.0,1,-6.430970580557774e-06
3.343,0.0898596,-0.2215098,9.9168309,0.018367538683474294,0,0.21419681016965164,0.0,1,-6.430970580557774e-06
3.359,0.11673900000000001,-0.2679111,9.9168309,0.021536869713932205,0,0.1980831894036193,0.00027927670310612385,1,-4.196756955708782e-06
3.375,0.11673900000000001,-0.2694807,9.836094600000001,0.022661628760852537,0,0.07029744043252067,0.00013286469090440216,1,-8.996258036245711e-07
3.39,0.1107549,-0.2694807,9.8151012,0.023245458376036865,0,0.03892197434562155,0.0,1,9.685937815845329e-08
3.406,0.0703377,-0.2514303,9.8151012,0.0237942797620061,0,0.03430133662307708,0.0003534857495354196,1,2.9247453744418126e-06
3.421,0.0703377,-0.23053500000000002,9.7821396,0.02351350816655895,0,-0.018718106363143666,0.00020829415899964975,1,7.138094688454743e-06
3.437,0.0733788,-0.23347800000000002,9.695321100000001,0.021124975225747633,0,-0.14928330880070714,6.540202613810296e-05,1,9.327664169556767e-06
3.453,0.0973152,-0.23347800000000002,9.6204708,0.01697484551680617,0,-0.25938310680884125,0.0,1,9.850880378661591e-06
3.468,0.0614106,-0.20355750000000003,9.6204708,0.012902145504805063,0,-0.2715133341334049,9.4278024740619e-05,1,1.055796556421624e-05
3.484,0.0614106,-0.2559429,9.7342668,0.011733769429115526,0,-0.07302350473059598,0.0,1,1.1312189762141193e-05
3.515,0.058369500000000005,-0.2559429,9.717786,0.01019160975509692,0,-0.04974708625866449,0.00013120872156727886,1,1.3345924946434025e-05
3.531,0.052385400000000006,-0.2559429,9.717786,0.008686232306882147,0,-0.09408609051342323,0.0,1,1.4395594718972257e-05
3.546,0.052385400000000006,-0.3008727,9.6684417,0.006046030671944536,0,-0.17601344232917784,0.0,1,1.4395594718972257e-05
3.562,0.0449298,-0.3008727,9.716314500000001,0.00463636407162582,0,-0.08810416251991962,0.0,1,1.4395594718972257e-05
3.578,0.0658251,-0.2529999,9.716314500000001,0.0032307171837402393,0,-0.08785293049284873,4.111923839580055e-05,1,1.4724548626138661e-05
3.593,0.0614106,-0.2918475,9.8016615,0.003965867220642849,0,0.049010002460173584,0.0,1,1.5032942914107168e-05
3.609,0.1406754,-0.2918475,9.831582000000001,0.0054323776991456185,0,0.091656904906423,0.0,1,1.5032942914107168e-05
3.625,0.1406754,-0.2918475,9.831582000000001,0.0068631196293917895,0,0.0894213706403856,0.0,1,1.5032942914107168e-05
3.64,0.09878670000000002,-0.261927,9.716314500000001,0.005415736383138636,0,-0.09649221641687608,0.0,1,1.5032942914107168e-05
3.656,0.09878670000000002,-0.261927,9.641464200000001,0.002178801195940494,0,-0.20230844919988372,0.0,1,1.5032942914107168e-05
3.671,0.0823059,-0.2829204,9.641464200000001,-0.0009684964005582941,0,-0.20981983976659035,0.0,1,1.5032942914107168e-05
3.687,0.0823059,-0.2274939,9.683352900000001,-0.003053444693501106,0,-0.13030926830892564,0.0,1,1.5032942914107168e-05
3.703,0.0868185,-0.2274939,9.711801900000001,-0.004392920317293658,0,-0.08371722648703443,0.0,1,1.5032942914107168e-05
3.718,0.11978010000000001,-0.2544714,9.711801900000001,-0.005674856921860538,0,-0.08546244030445796,0.0,1,1.5032942914107168e-05
3.75,0.11978010000000001,-0.2365191,9.6474483,-0.008505602244554211,0,-0.0884607913341772,0.0,1,1.5032942914107168e-05
3.765,0.0973152,-0.2948886,9.6444072,-0.01130841033005936,0,-0.18685387236700834,0.0,1,1.5032942914107168e-05
3.796,0.0673947,-0.24544620000000003,9.6444072,-0.014082852556439818,0,-0.08949813633485437,-5.743227738202322e-06,1,1.4943922884165033e-05
3.812,0.0673947,-0.290376,9.657945000000002,-0.016429163685019788,0,-0.14664444553624797,0.0,1,1.4897977062259414e-05
3.828,0.0150093,-0.290376,9.714843,-0.017336564692577383,0,-0.056712562972349674,-1.9965184690657126e-05,1,1.4738255584734158e-05
3.843,0.0614106,-0.2679111,9.714843,-0.018233121785733886,0,-0.059770472877099676,0.0,1,1.4588516699554228e-05
3.859,0.0614106,-0.2529999,9.7342668,-0.018643976892278147,0,-0.0256784441590163,-8.175462270209113e-05,1,1.3934479717937499e-05
3.875,0.0658251,-0.2529999,9.747706500000001,-0.01871642814092489,0,-0.004528203040421448,0.0,1,1.328044273632077e-05
3.89,0.08083440000000001,-0.3083283,9.747706500000001,-0.01874552178130351,0,-0.0019395760252412543,-0.00016160248738443126,1,1.2068424080937525e-05
3.906,0.08083440000000001,-0.24701580000000004,9.7686999,-0.018304632808359145,0,0.027555560809022748,0.0,1,1.0775604181862073e-05
3.921,0.04188870000000001,-0.21258269999999999,9.7956774,-0.017242385998354592,0,0.07081645400030499,-0.0002246063651520796,1,9.091056443221512e-06
3.937,0.053856900000000006,-0.21258269999999999,9.862974000000001,-0.01456364928583298,0,0.16742104453260062,0.0,1,7.294205522004874e-06
3.953,0.0643536,-0.24103170000000002,9.862974000000001,-0.011932762057670132,0,0.16443045176017787,-0.0001910259381736057,1,5.765998016616027e-06
3.968,0.0643536,-0.2664396,9.860031000000001,-0.009421858635448643,0,0.1673935614814312,0.0,1,4.333303480313972e-06
3.984,0.0748503,-0.2664396,9.8495343,-0.007226306417402739,0,0.1372220136278689,0.0,1,4.333303480313972e-06
4.015,0.08829,-0.2065986,9.8495343,-0.005116627157306652,0,0.0680541696805196,-0.00017568638420280237,1,1.6101645251705617e-06
4.031,0.059841000000000005,-0.24544620000000003,9.752219100000001,-0.0054146365654954565,0,-0.018625588011800236,0.0,1,2.0467345154814156e-07
4.046,0.0973152,-0.2994012,9.752219100000001,-0.005661270616101888,0,-0.016442270040428128,0.0,1,2.0467345154814156e-07
4.062,0.0973152,-0.2559429,9.7417224,-0.006187971394805203,0,-0.03291879866895717,0.0,1,2.0467345154814156e-07
4.078,0.09878670000000002,-0.2425032,9.788123700000002,-0.0055785152691267825,0,0.038091007854901236,-3.19316272459156e-05,1,-5.077956641918347e-08
4.093,0.0344331,-0.2425032,9.6804099,-0.007620936294898684,0,-0.13616140171812965,0.0,1,-2.9026677076354536e-07
4.109,0.08829,-0.2694807,9.6804099,-0.009587825304866016,0,-0.12293056312295814,0.0,1,-2.9026677076354536e-07
4.125,0.08829,-0.23799060000000002,9.6563754,-0.012112870603822046,0,-0.15781533118475174,0.0,1,-2.9026677076354536e-07
4.14,0.0718092,-0.23799060000000002,9.678840300000001,-0.01403191722920738,0,-0.12793644169235835,-0.0001382890827914436,1,-1.3274348916993502e-06
4.156,0.0673947,-0.21709530000000002,9.678840300000001,-0.015916909578544747,0,-0.1178120218335853,0.0,1,-2.4337475540309e-06
4.171,0.0673947,-0.2664396,9.6923781,-0.017395816630923377,0,-0.09859380349190498,-0.0001277251438244805,1,-3.3916861327145402e-06
4.187,0.056898,-0.2664396,9.689337,-0.01891443755141964,0,-0.09491380753101622,0.0,1,-4.413487283310385e-06
4.203,0.0703377,-0.2140542,9.689337,-0.02042553723649121,0,-0.09444373031697309,-0.00023292697558651224,1,-6.2769030880024845e-06
4.234,0.04188870000000001,-0.2499588,9.645976800000001,-0.0229400383153866,0,-0.08111293802888443,-0.00040509339664061145,1,-1.6166218857522804e-05
4.25,0.04188870000000001,-0.2604555,9.6384231,-0.025570606667578488,0,-0.16441052201199277,-0.00029317855650433204,1,-2.1752394482682357e-05
4.265,0.09427410000000001,-0.261927,9.6280245,-0.02838053970740617,0,-0.18732886932184956,-0.00019781215431670905,1,-2.5434824813840086e-05
4.296,0.09427410000000001,-0.2634966,9.6444072,-0.030721483992540044,0,-0.0755143317785106,-0.0006138935216658914,1,-3.801626279157063e-05
4.312,0.09133110000000001,-0.2634966,9.6099741,-0.03384550205721837,0,-0.1952511290423951,-0.0006304294100639598,1,-4.797084624540945e-05
4.328,0.0643536,-0.2709522,9.6099741,-0.03689359772196532,0,-0.19050597904668437,-0.0006963422082974283,1,-5.858501919230056e-05
4.343,0.0643536,-0.287433,9.5575887,-0.04113276623603568,0,-0.2826112342713632,-0.0007815399379824234,1,-6.966913528939922e-05
4.359,0.058369500000000005,-0.287433,9.5097159,-0.04643655410020919,1,-0.3314867415108444,-0.0014820945006723822,1,-8.777821079863769e-05
4.375,0.0777933,-0.2604555,9.5157,-0.05148064315702605,1,-0.31525556605105337,-0.002265432078730265,1,-0.00011775842343385889
4.406,0.0777933,-0.2664396,9.5711265,-0.055046372085159945,1,-0.11502351381077189,-0.00391660081498413,1,-0.00021357993328643108
4.421,0.11526750000000001,-0.2664396,9.5052033,-0.06012305649719707,1,-0.3384456274691288,-0.00478037152935184,1,-0.0002788072258689533
4.437,0.09427410000000001,-0.20355750000000003,9.5171715,-0.06482763897795962,1,-0.2940364050476593,-0.005779977093153095,1,-0.00036329001484899286
4.453,0.0763218,-0.20355750000000003,9.4692987,-0.07058872205896627,1,-0.36006769256291504,-0.006863307981448501,1,-0.0004644362954458057
4.468,0.056898,-0.2604555,9.4692987,-0.07617863224394661,1,-0.37266067899869726,-0.007964063138720324,1,-0.0005756415788470696
4.484,0.056898,-0.2664396,9.437906700000001,-0.08239348496146803,1,-0.3884282948450887,-0.009232640076363641,1,-0.0007132152045677414
4.515,0.08083440000000001,-0.2664396,9.42741,-0.08870840337132613,1,-0.20370704547929538,-0.011884719345521925,1,-0.0010405342756069644
4.531,0.10928340000000002,-0.2889045,9.42741,-0.09484617568571174,1,-0.38361076964910057,-0.013353155977978228,1,-0.0012424372781949659
4.546,0.1002582,-0.2754648,9.365999400000002,-0.10234358929573695,1,-0.4998275740016614,-0.01483207921533915,1,-0.0014538265421448543
4.562,0.1002582,-0.2350476,9.4288815,-0.1081518506416792,1,-0.36301633412139067,-0.01651604273483848,1,-0.0017046115177462755
4.578,0.0718092,-0.2350476,9.4633146,-0.11298522853456028,1,-0.3020861183050669,-0.018285139368248396,1,-0.0019830209745709706
4.593,0.08377740000000002,-0.2514303,9.4633146,-0.11768805365499269,1,-0.3135216746955005,-0.020015188984670005,1,-0.0022702734372178524
4.609,0.08377740000000002,-0.261927,9.3915054,-0.12401993367594422,1,-0.3957425013094703,-0.0219488528833175,1,-0.002605985772161753
4.625,0.0868185,-0.261927,9.4647861,-0.12841013510360888,1,-0.2743875892290413,-0.023968293433553924,1,-0.0029733229426967245
4.64,0.0718092,-0.2559429,9.4647861,-0.13270031622933764,1,-0.2860120750485904,-0.025926621818550988,1,-0.0033475348070875033
4.656,0.0718092,-0.2575125,9.454387500000001,-0.1371383439649705,1,-0.2773767334770525,-0.028085331100105457,1,-0.0037796304304367552
4.687,0.09427410000000001,-0.261927,9.406416600000002,-0.14262987243408354,1,-0.17714607964880472,-0.032421738454290874,1,-0.004717490008529916
4.703,0.11526750000000001,-0.24701580000000004,9.3435345,-0.1495246569418729,1,-0.4309240317368342,-0.034758974689298526,1,-0.0052549357136786315
4.718,0.11526750000000001,-0.261927,9.382480200000002,-0.15529192359220012,1,-0.38448444335515686,-0.037045099043304025,1,-0.005793466266673139
4.734,0.0554265,-0.261927,9.394448400000002,-0.16064000727636696,1,-0.3342552302604271,-0.039572554490252564,1,-0.006406407494941592
4.765,0.04188870000000001,-0.23347800000000002,9.394448400000002,-0.1658776482501061,1,-0.1689561604431995,-0.044633578150912845,1,-0.007711602550879644
4.781,0.04188870000000001,-0.2514303,9.3555027,-0.17192578955723903,1,-0.37800883169580823,-0.04733600565337161,1,-0.00844735922131392
4.796,0.11673900000000001,-0.2604555,9.2956617,-0.17926377837912355,1,-0.48919925479228293,-0.049969927412894424,1,-0.009177153719310943
4.812,0.11673900000000001,-0.2738952,9.3241107,-0.1857198514746745,1,-0.40350456847193483,-0.05288979645172481,1,-0.010000031510227898
4.828,0.08534699999999999,-0.2738952,9.321069600000001,-0.1921008906179278,1,-0.3988149464533294,-0.05591236238846563,1,-0.010870448780949421
4.843,0.08377740000000002,-0.290376,9.321069600000001,-0.19831448078422653,1,-0.41423934441992505,-0.058840477673981734,1,-0.011731095081417758
4.859,0.08083440000000001,-0.2559429,9.276237900000002,-0.20549475455942812,1,-0.44876711095009864,-0.06207095155673098,1,-0.012698386515263461
4.875,0.08083440000000001,-0.3023442,9.2372922,-0.21341521254713314,1,-0.49502862423156335,-0.06542223129358347,1,-0.013718331978065977
4.89,0.0478728,-0.3023442,9.2791809,-0.22012696870798898,1,-0.4474504107237323,-0.06867379765299682,1,-0.014724052195165309
4.906,0.08083440000000001,-0.2290635,9.2791809,-0.22672060699853347,1,-0.41210239315903024,-0.072248578258649,1,-0.015851431202458476
4.921,0.08083440000000001,-0.24701580000000004,9.2791809,-0.23314219648167978,1,-0.42810596554307084,-0.07569754928475073,1,-0.016961027159034015
4.937,0.0748503,-0.24701580000000004,9.2088432,-0.24112327105360443,1,-0.49881716074529026,-0.079491673025033,1,-0.018202540937512286
4.953,0.0898596,-0.21856680000000003,9.2088432,-0.24892394686881758,1,-0.4875422384508217,-0.08341205076841238,1,-0.01950577072785985
4.968,0.0898596,-0.24701580000000004,9.2267955,-0.25607914507879315,1,-0.47701321399838126,-0.08719957395801937,1,-0.020785357913308062
5.0,0.08534699999999999,-0.24701580000000004,9.276237900000002,-0.2618554395059203,1,-0.18050920084772254,-0.0954865273113748,1,-0.023708335533618372
5.015,0.0973152,-0.2948886,9.276237900000002,-0.26745388674894244,1,-0.3732298162014856,-0.09945634725828618,1,-0.025170407092890798
5.031,0.0793629,-0.261927,9.306158400000001,-0.2722146190488637,1,-0.2975457687450775,-0.10377369530466864,1,-0.026796247433394437
5.046,0.0793629,-0.24544620000000003,9.2447478,-0.2783674298123451,1,-0.4101873842320776,-0.10790306067112786,1,-0.028383823103212972
5.062,0.09427410000000001,-0.24544620000000003,9.2507319,-0.2842208632381098,1,-0.3658395891102947,-0.1124037670155315,1,-0.03014627772470625
5.078,0.0688662,-0.2499588,9.2507319,-0.28993404624629093,1,-0.3570739380113205,-0.11699700629140669,1,-0.031981483911161755
5.093,0.0688662,-0.19757340000000004,9.2327796,-0.29597652824241294,1,-0.40283213307480903,-0.1213913356000719,1,-0.03376939647534781
5.109,0.050913900000000005,-0.19757340000000004,9.2612286,-0.3011807629705636,1,-0.32526467050941726,-0.12616859392977572,1,-0.03574987591158659
5.125,0.1302768,-0.3039138,9.2267955,-0.30700824163581686,1,-0.36421741657832707,-0.13103410596662676,1,-0.03780749751075781
5.14,0.1078119,-0.3039138,9.286734599999999,-0.3112396085876643,1,-0.2820911301231692,-0.13567096484330277,1,-0.039807785541832244
5.156,0.10477080000000001,-0.2738952,9.286734599999999,-0.31539138448594883,1,-0.2594859936427827,-0.14068401278789167,1,-0.0420186253628818
5.187,0.0748503,-0.2829204,9.2507319,-0.32032003284899346,1,-0.15898865687240443,-0.15053753975658346,1,-0.04653255942732125
5.203,0.10182780000000001,-0.24544620000000003,9.1849068,-0.32675310360921017,1,-0.4020669225135439,-0.1557141248482491,1,-0.04898257274415991
5.218,0.0628821,-0.2544714,9.1849068,-0.3330317956903901,1,-0.4185794720786707,-0.160662511592996,1,-0.051355397517469197
5.234,0.0628821,-0.2889045,9.2298366,-0.3380372341510949,1,-0.3128399037940485,-0.1660310638317279,1,-0.05396894612086699
5.265,0.0868185,-0.2889045,9.2492604,-0.3424423578071796,1,-0.14210076309950775,-0.17657849750708104,1,-0.059279394321618474
5.281,0.10182780000000001,-0.315882,9.2492604,-0.3467148088868921,1,-0.2670281924820326,-0.1820917548406336,1,-0.062148756340400194
5.296,0.10182780000000001,-0.2694807,9.2133558,-0.35179414197103576,1,-0.33862220560956424,-0.18733057197206826,1,-0.06491942379149557
5.312,0.08083440000000001,-0.2694807,9.2746683,-0.35525992751019686,1,-0.21661159619756878,-0.19298700452791812,1,-0.06796196440349546
5.328,0.0389457,-0.2514303,9.2013876,-0.36044679116955436,1,-0.3241789787098434,-0.19871265827735612,1,-0.07109556170593766
5.343,0.08534699999999999,-0.2694807,9.2013876,-0.36548704888423345,1,-0.3360171809786129,-0.2041571620777594,1,-0.07411708535860095
5.359,0.08534699999999999,-0.2544714,9.318126600000001,-0.3675686943546079,1,-0.13010284189840504,-0.21002160802367015,1,-0.0774305155194124
5.375,0.1122264,-0.2544714,9.2882061,-0.3703220630454691,1,-0.17208554317882357,-0.21592473408287077,1,-0.08083808625626472
5.39,0.0614106,-0.2963601,9.2882061,-0.3729895756074022,1,-0.1778341707955434,-0.22149957137276718,1,-0.08411876854718194
5.406,0.0614106,-0.2634966,9.256716,-0.3763838969396467,1,-0.21214508326528028,-0.2274945591531436,1,-0.08771072159138922
5.421,0.10182780000000001,-0.2634966,9.2791809,-0.3791390718167946,1,-0.18367832514318883,-0.2331609814188171,1,-0.09116563814567906
5.437,0.1466595,-0.2679111,9.2791809,-0.3818093322823195,1,-0.16689127909530463,-0.23924856865161004,1,-0.09494491454624249
5.453,0.1466595,-0.2963601,9.2791809,-0.3843933793253971,1,-0.16150294019234832,-0.24537819034447178,1,-0.09882192861821114
5.484,0.0763218,-0.2963601,9.294190200000001,-0.3865691194302965,1,-0.07018516467417502,-0.25732810907518494,1,-0.10661387625921574
5.5,0.09584369999999999,-0.2634966,9.301645800000001,-0.3885297531111025,1,-0.12253960505037564,-0.26352890005551616,1,-0.11078073233226135
5.515,0.1406754,-0.2559429,9.301645800000001,-0.39043381282547607,1,-0.1269373142915743,-0.2693711268000404,1,-0.11477748253367794
5.531,0.09878670000000002,-0.31284090000000003,9.3166551,-0.3918963162737068,1,-0.0914064655144208,-0.2756297678328338,1,-0.11913748969074094
5.546,0.0733788,-0.2484873,9.3166551,-0.39337613228599544,1,-0.09865440081923875,-0.28151931119703183,1,-0.12331610778346509
5.562,0.0733788,-0.2843919,9.247788900000002,-0.39647364540009455,1,-0.19359456963119454,-0.28783810941852056,1,-0.12787096714838952
5.578,0.0464013,-0.2843919,9.3001743,-0.39822279215796996,1,-0.10932167236721292,-0.29419568091898507,1,-0.13252723747108958
5.609,0.09878670000000002,-0.2425032,9.235820700000001,-0.40151721032804666,1,-0.10627155387344286,-0.3065916509575182,1,-0.1418394411151753
5.625,0.0868185,-0.2425032,9.2612286,-0.4041147441142723,1,-0.16234586163910145,-0.31303670659305677,1,-0.1467964679755799
5.64,0.0777933,-0.24701580000000004,9.297133200000001,-0.4057725902022842,1,-0.11052307253412862,-0.31911086160043084,1,-0.15153757473703097
5.656,0.10182780000000001,-0.2963601,9.297133200000001,-0.4073491875764752,1,-0.09853733588693894,-0.3256158358226609,1,-0.15669538831641572
5.671,0.10182780000000001,-0.2604555,9.268684200000001,-0.40960710536206335,1,-0.15052785237253752,-0.3317430080197002,1,-0.1616255796452336
5.687,0.08377740000000002,-0.2604555,9.228267,-0.4127997123445297,1,-0.19953793640414813,-0.33832226256135295,1,-0.16698610180988205
5.718,0.0614106,-0.258984,9.228267,-0.4159197501061911,1,-0.10064637940843212,-0.351167414229339,1,-0.17767319180013766
5.734,0.0614106,-0.2798793,9.2492604,-0.4184370283373333,1,-0.15732988944638912,-0.3578422684568872,1,-0.18334526926162747
5.75,0.08829,-0.2798793,9.2432763,-0.42103348689045106,1,-0.16227865956985874,-0.3645580325787095,1,-0.18912447166991225
5.765,0.0688662,-0.2544714,9.2432763,-0.42358854707841154,1,-0.1703373458640355,-0.37089269783347584,1,-0.19464035214800351
5.781,0.0688662,-0.2784078,9.2717253,-0.4253709222932507,1,-0.11139845092744673,-0.37768437358844914,1,-0.2006289687193789
5.796,0.0868185,-0.2784078,9.2463174,-0.42772554830804665,1,-0.15697506765305863,-0.3840825971179591,1,-0.2063422209996772
5.812,0.0973152,-0.24103170000000002,9.2746683,-0.42935457808898114,1,-0.10181436130840539,-0.39093923812913534,1,-0.21254239568165395
5.828,0.0823059,-0.2499588,9.2746683,-0.43094165793027983,1,-0.09919249008116796,-0.39782160801728944,1,-0.21885248245082536
5.843,0.0823059,-0.2394621,9.2208114,-0.4338098716459591,1,-0.19121424771195383,-0.4043072444891111,1,-0.22486844884462323
5.859,0.08534699999999999,-0.2394621,9.256716,-0.4357320642635205,1,-0.12013703859758962,-0.41126357997638696,1,-0.2313930154403472
5.875,0.0763218,-0.2963601,9.256716,-0.4375691491224263,1,-0.11481780368161044,-0.41824998968347454,1,-0.2380291239976261
5.89,0.0763218,-0.2350476,9.2552445,-0.43944020970997144,1,-0.12473737250301327,-0.4248275598747174,1,-0.2443522056193124
5.906,0.0673947,-0.2350476,9.2657412,-0.4410113967053757,1,-0.09819918721276624,-0.43187117272604014,1,-0.25120579548011845
5.921,0.0733788,-0.2484873,9.2657412,-0.4425346038090616,1,-0.10154714024572413,-0.4384977677298987,1,-0.25773356253353824
5.937,0.0733788,-0.24397470000000002,9.273196800000001,-0.44384180800222417,1,-0.08170026207265917,-0.445588779024389,1,-0.26480625490757254
5.968,0.029920500000000003,-0.3053853,9.2911491,-0.444641062061649,1,-0.0257823890137043,-0.4593602635103789,1,-0.2788329650668613
5.984,0.0614106,-0.2754648,9.2911491,-0.44543984888905186,1,-0.04992417671267897,-0.4664809107979845,1,-0.2862396944613282
6.0,0.0614106,-0.2889045,9.297133200000001,-0.44606332225359324,1,-0.03896708528383638,-0.47361293616712563,1,-0.2937604452370491
6.015,0.08534699999999999,-0.2889045,9.306158400000001,-0.44644697201364814,1,-0.0255766506703268,-0.4803067633741298,1,-0.3009148429836083
6.031,0.0823059,-0.2724237,9.306158400000001,-0.4468340492715317,1,-0.02419232861772256,-0.48745301154441123,1,-0.3086569211829567
6.046,0.0823059,-0.2604555,9.285165000000001,-0.4477318525378422,1,-0.05985355108736466,-0.4941622558079818,1,-0.3160190356880999
6.062,0.09584369999999999,-0.2604555,9.1639134,-0.45156061045029183,1,-0.23929736952810177,-0.5013565955118875,1,-0.32398318649865887
6.078,0.058369500000000005,-0.2575125,9.1639134,-0.4553056989693509,1,-0.23406803244119237,-0.5086115259872447,1,-0.3320629314706519
6.093,0.058369500000000005,-0.2575125,9.252301500000002,-0.45680452235136215,1,-0.09992155880075136,-0.5154523526471498,1,-0.3397434105604097
6.109,0.1032993,-0.2604555,9.2507319,-0.4582934761478832,1,-0.09305961228256435,-0.5227731366351438,1,-0.348049214474668
6.125,0.0614106,-0.2604555,9.2208114,-0.460484667680106,1,-0.13694947076392505,-0.5301233617857677,1,-0.35647238646203533
6.14,0.1032993,-0.2634966,9.2208114,-0.4626111881457451,1,-0.14176803104260993,-0.5370465807044614,1,-0.3644761610307119
6.156,0.1032993,-0.23200650000000003,9.280652400000001,-0.46324748318407316,1,-0.03976843989550446,-0.5444534500750999,1,-0.3731281612769484
6.171,0.0777933,-0.23200650000000003,9.2672127,-0.4642020096214594,1,-0.06363509582574756,-0.5514093212711417,1,-0.38134713206204557
6.187,0.0748503,-0.2814489,9.2672127,-0.4651004527616962,1,-0.056152696264799525,-0.558843740970207,1,-0.39022915655997636
6.203,0.0748503,-0.23200650000000003,9.3001743,-0.4652067113452123,1,-0.006641161469755901,-0.5662861982830623,1,-0.3992301960740025
6.234,0.0673947,-0.23200650000000003,9.2387637,-0.4668090794404982,1,-0.05168929339632022,-0.5807324430402406,1,-0.41700898501451356
6.25,0.0478728,-0.24103170000000002,9.2387637,-0.4683697012123744,1,-0.09753886074226328,-0.5882138732854636,1,-0.4263605555451192
6.265,0.0478728,-0.24103170000000002,9.2298366,-0.47010991612842545,1,-0.11601432773673784,-0.5952524704155194,1,-0.4352365531228764
6.281,0.09878670000000002,-0.2948886,9.2507319,-0.4712503540174886,1,-0.07127736806644684,-0.6027833525766868,1,-0.4448208397068141
6.296,0.028449,-0.2948886,9.2882061,-0.47146122954755576,1,-0.014058368671143207,-0.6098536894534249,1,-0.45391561752204024
6.312,0.0643536,-0.2814489,9.3166551,-0.4709792099310395,1,0.03012622603226764,-0.6173932129692536,1,-0.4637335927414217
6.328,0.1257642,-0.2814489,9.310671000000001,-0.47063954608871406,1,0.021228990145338838,-0.6249261630174117,1,-0.473672147749315
6.343,0.08534699999999999,-0.2664396,9.310671000000001,-0.47033010271753284,1,0.020629558078748254,-0.6319834353834584,1,-0.4830989697373213
6.359,0.08534699999999999,-0.2274939,9.247788900000002,-0.4715865770884431,1,-0.07852964818189083,-0.6395187688219062,1,-0.49327098737096425
6.375,0.056898,-0.2274939,9.231308100000001,-0.47321958174154233,1,-0.10206279081870208,-0.647077218092546,1,-0.5035637552662798
6.39,0.08083440000000001,-0.2544714,9.231308100000001,-0.4747912329621222,1,-0.1047767480386619,-0.6541872992028234,1,-0.5133232391459949
6.406,0.08083440000000001,-0.21856680000000003,9.231308100000001,-0.4763469801918703,1,-0.09723420185925305,-0.6617964049080554,1,-0.5238511087788819
6.421,0.08377740000000002,-0.2200383,9.2298366,-0.47789916880759975,1,-0.10347924104862789,-0.6689532510255517,1,-0.5338317311983843
6.437,0.0703377,-0.2200383,9.346575600000001,-0.47656982255320024,1,0.08308414089996934,-0.6765890029564381,1,-0.5445960692302403
6.453,0.1062423,-0.3053853,9.346575600000001,-0.47520614707294406,1,0.08522971751601098,-0.6842032107134473,1,-0.5554824069395994
6.468,0.1062423,-0.2948886,9.264269700000002,-0.47589027149664354,1,-0.045608294913299145,-0.691336433852719,1,-0.5657989542738454
6.5,0.0373761,-0.2948886,9.2372922,-0.4772283706818712,1,-0.041815599538363966,-0.7065863321275753,1,-0.5881657185295301
6.515,0.0464013,-0.2694807,9.2372922,-0.4785517575220464,1,-0.08822578934501449,-0.7137546830891045,1,-0.598818276143655
6.531,0.0464013,-0.2889045,9.294190200000001,-0.4784414898316456,1,0.006891730650049326,-0.7214106290679341,1,-0.6102995986409113
6.546,0.1078119,-0.2889045,9.2702538,-0.47890498459763187,1,-0.030899651065751037,-0.728590727626154,1,-0.6211746088161174
6.562,0.1032993,-0.20355750000000003,9.2702538,-0.479413694787322,1,-0.03179438685563249,-0.7362572770612336,1,-0.6328933928536166
6.578,0.1032993,-0.2604555,9.3076299,-0.47896408149902925,1,0.028100830518296125,-0.7439242992715244,1,-0.6447348454642786
6.593,0.0868185,-0.31136939999999996,9.334607400000001,-0.4778338194006153,1,0.07535080656093071,-0.7511002835282715,1,-0.6559475298352768
6.609,0.04188870000000001,-0.31136939999999996,9.2597571,-0.478563250733286,1,-0.04558945829191692,-0.7587514600893427,1,-0.6680263437842178
6.625,0.0703377,-0.258984,9.2597571,-0.4793100183931429,1,-0.04667297874105798,-0.7664144462423541,1,-0.6802276710348714
6.64,0.0703377,-0.2814489,9.2717253,-0.4797308257129682,1,-0.02805382132168729,-0.7736072525731498,1,-0.6917778337759874
6.656,0.0329616,-0.2814489,9.2927187,-0.4796346495888901,1,0.006011007754880277,-0.7812821763755646,1,-0.7042169492075772
6.671,0.1062423,-0.2724237,9.2927187,-0.47953399555861154,1,0.00671026868523913,-0.7884759412141712,1,-0.7159901350895006
6.703,0.08377740000000002,-0.2365191,9.2387637,-0.4807808599167114,1,-0.03896451119062002,-0.8038409789017764,1,-0.7414672058113558
6.718,0.1078119,-0.3008727,9.2387637,-0.4819456101794195,1,-0.07765001751387667,-0.8110614274274972,1,-0.7535789738588251
6.734,0.1078119,-0.2260224,9.294190200000001,-0.4817826125999378,1,0.010187348717605174,-0.8187712532097321,1,-0.7666176353039229
6.75,0.08083440000000001,-0.2394621,9.2418048,-0.48289927805704025,1,-0.0697915910689017,-0.8264887083349879,1,-0.7797797149962806
6.765,0.0643536,-0.2394621,9.2672127,-0.4833723815165456,1,-0.031540230633690866,-0.8337357457817897,1,-0.7922313984021562
6.781,0.0554265,-0.2394621,9.2672127,-0.4838353524913206,1,-0.028935685923436847,-0.8414734076538526,1,-0.8056330716296414
6.812,0.0478728,-0.2290635,9.2746683,-0.48411268110440275,1,-0.00894608429297279,-0.8564766021745865,1,-0.8319512967819827
6.828,0.0434583,-0.2484873,9.2746683,-0.48437158307678274,1,-0.01618137327374923,-0.864224476288036,1,-0.8457169054096837
6.843,0.0434583,-0.258984,9.2432763,-0.48538251973723234,1,-0.06739577736330822,-0.871497632059141,1,-0.8587348212222873
6.859,0.08083440000000001,-0.258984,9.2492604,-0.48621678194878903,1,-0.052141388222293146,-0.8792704264726292,1,-0.8727409656905415
6.875,0.0434583,-0.2889045,9.2492604,-0.48701521442005635,1,-0.04990202945420737,-0.8870562824435799,1,-0.8868715793618712
6.89,0.0434583,-0.2559429,9.2342511,-0.48818377744833796,1,-0.07790420188544236,-0.8943702748825927,1,-0.9002322785418172
6.906,0.0703377,-0.31136939999999996,9.253773,-0.4888024353587497,1,-0.03866611940073202,-0.9021861645850494,1,-0.9146047300575584
6.921,0.0898596,-0.31136939999999996,9.3241107,-0.48768737463353773,1,0.07433738168079365,-0.9095098381599919,1,-0.9281924500781467
6.937,0.11526750000000001,-0.24701580000000004,9.3241107,-0.4866396718234931,1,0.06548142562778908,-0.9173044545316481,1,-0.9428069644196798
6.953,0.11526750000000001,-0.2604555,9.1803942,-0.4891122270781292,1,-0.1545347034147547,-0.925110469722861,1,-0.9575462838137159
6.984,0.1122264,-0.2604555,9.313614000000001,-0.4882776584768873,1,0.02692156778199606,-0.9402600129489637,1,-0.9864595262951289
7.0,0.0688662,-0.2679111,9.313614000000001,-0.4874685664183698,1,0.05056825365734592,-0.9480659827481257,1,-1.0015661342607056
7.015,0.0688662,-0.2260224,9.240333300000001,-0.48849304419522,1,-0.06829851845668272,-0.9553856948277275,1,-1.0158420218425241
7.031,0.0928026,-0.2260224,9.2327796,-0.4896716013871334,1,-0.07365982449458734,-0.9632110119923863,1,-1.0311907954970851
7.062,0.1062423,-0.2544714,9.2222829,-0.4910557358304466,1,-0.044649498171392736,-0.9784122857192591,1,-1.0612859566116162
7.078,0.0748503,-0.2514303,9.2746683,-0.49113847968476065,1,-0.0051714908946287564,-0.9862698394433808,1,-1.0770034136129174
7.093,0.0658251,-0.2514303,9.2672127,-0.49140264663113875,1,-0.017611129758540185,-0.99363889789075,1,-1.091852729142923
7.109,0.1002582,-0.24701580000000004,9.2672127,-0.4916557423713179,1,-0.01581848376119853,-1.0015033650027696,1,-1.1078138672460711
7.125,0.1002582,-0.2963601,9.322639200000001,-0.49051629795747154,1,0.07121527586539937,-1.0093607413254,1,-1.1239007800966965
7.14,0.052385400000000006,-0.2963601,9.264269700000002,-0.4908370991815705,1,-0.021386748273263343,-1.0167208918039425,1,-1.1390963923451662
7.156,0.056898,-0.290376,9.2702538,-0.49100816730113017,1,-0.010691757472480736,-1.0245756539358042,1,-1.1554267647110843
7.171,0.0658251,-0.290376,9.2327796,-0.4920871544418137,1,-0.07193247604556738,-1.0319488688488765,1,-1.17085069863197
7.187,0.0389457,-0.2649681,9.2327796,-0.493162171432207,1,-0.06718856189957817,-1.0398308634558686,1,-1.187424936490408
7.203,0.0733788,-0.2843919,9.2372922,-0.4940817666191748,1,-0.05747469918548904,-1.0477288149602797,1,-1.204125413917737
7.234,0.0733788,-0.2829204,9.2911491,-0.4936671045501786,1,0.013376195774071349,-1.0630389224634045,1,-1.236842313847804
7.25,0.0628821,-0.2829204,9.252301500000002,-0.4942114724639435,1,-0.03402299461030542,-1.0709419510795175,1,-1.2539141608361473
7.265,0.0254079,-0.2814489,9.252301500000002,-0.4947480160557731,1,-0.03576957278864352,-1.0783591472434153,1,-1.270033919073569
7.281,0.0254079,-0.3262806,9.273196800000001,-0.49472625778557777,1,0.0013598918872093067,-1.0862749414341462,1,-1.2873509917829895
7.296,0.04188870000000001,-0.3262806,9.1923624,-0.4966738930322947,1,-0.1298423497811236,-1.0937104425652804,1,-1.3037008821629859
7.312,0.04041720000000001,-0.318825,9.1923624,-0.4985805623268451,1,-0.11916683090940061,-1.1016724782081535,1,-1.3212639455291733
7.328,0.04041720000000001,-0.2230794,9.256716,-0.49894040345007085,1,-0.022490070201608404,-1.1096526459343687,1,-1.3389545465223134
7.343,0.0703377,-0.2230794,9.268684200000001,-0.49899528925083203,1,-0.003659053384079018,-1.1171371636296255,1,-1.355655470094043
7.359,0.09133110000000001,-0.2843919,9.268684200000001,-0.4990034516232935,1,-0.0005101482788427698,-1.1251211535566186,1,-1.373593536631533
7.375,0.049442400000000004,-0.2634966,9.3241107,-0.497682921726879,1,0.08253311852590699,-1.13309464454342,1,-1.3916592630163334
7.39,0.049442400000000004,-0.2634966,9.235820700000001,-0.4985471164187114,1,-0.05761297945549519,-1.1405663698295119,1,-1.40871172062413
7.406,0.059841000000000005,-0.2634966,9.2298366,-0.4995346245100176,1,-0.06171925570663811,-1.1485510237569416,1,-1.4270246597728216
7.421,0.10182780000000001,-0.2784078,9.2298366,-0.5004784111102651,1,-0.06291910668316564,-1.156051121524094,1,-1.44430917586243
7.437,0.10182780000000001,-0.261927,9.3121425,-0.49940439955642546,1,0.06712572211498008,-1.1640501840094275,1,-1.4628699863066983
7.468,0.1272357,-0.261927,9.247788900000002,-0.4999177929566869,1,-0.016561077427789315,-1.1795396779933807,1,-1.4991956291677415
7.484,0.1032993,-0.2215098,9.247788900000002,-0.5004516938987624,1,-0.03336880887971902,-1.1875426338882242,1,-1.5181322876627943
7.5,0.0928026,-0.31284090000000003,9.3614868,-0.49813954495462553,1,0.14450930900855571,-1.1955313637990514,1,-1.5371968796442925
7.531,0.1032993,-0.24701580000000004,9.3614868,-0.4959290929495843,1,0.07130490338842713,-1.2109394276865666,1,-1.5744971769123193
7.546,0.1032993,-0.23053500000000002,9.33912,-0.4943281358831122,1,0.10673047109813726,-1.218366356902812,1,-1.5927169702967403
7.562,0.0673947,-0.2798793,9.2222829,-0.49558966707076557,1,-0.07884569922833588,-1.226285699326443,1,-1.6122741867465744
7.578,0.0733788,-0.287433,9.2222829,-0.49681365196135907,1,-0.07649905566209363,-1.2342249258787001,1,-1.6319582717482155
7.593,0.0733788,-0.24701580000000004,9.2222829,-0.49803633467337605,1,-0.08151218080113347,-1.2416863007784604,1,-1.6505276059481437
7.609,0.0718092,-0.24701580000000004,9.253773,-0.498461743466839,1,-0.0265880495914361,-1.2496582854035823,1,-1.6704583626376002
7.625,0.0868185,-0.3143124,9.253773,-0.4988238828332978,1,-0.022633710403674435,-1.2576365704139834,1,-1.6905167214841408
7.64,0.0868185,-0.23799060000000002,9.2208114,-0.5000363523844555,1,-0.08083130341051668,-1.2651280221781163,1,-1.7094374559285812
7.656,0.0554265,-0.23799060000000002,9.2717253,-0.499983784075706,1,0.0032855192968472805,-1.2731281832697976,1,-1.7297435055721646
7.671,0.11673900000000001,-0.2889045,9.2717253,-0.4998833514561287,1,0.006695507971817214,-1.2806271867862866,1,-1.748896670847586
7.687,0.04041720000000001,-0.2994012,9.240333300000001,-0.5005582692045163,1,-0.04218235927422317,-1.2886307197515718,1,-1.7694507340998888
7.718,0.04041720000000001,-0.2365191,9.2882061,-0.500093944352864,1,0.014978221021040943,-1.3041408290617111,1,-1.8096386931064943
7.734,0.0464013,-0.2365191,9.2702538,-0.5000779759368026,1,0.0009980260038400237,-1.3121422044240285,1,-1.8305689573743802
7.75,0.0763218,-0.24544620000000003,9.2702538,-0.5000519102525711,1,0.0016291052644667999,-1.3201432435135436,1,-1.851627240957881
7.765,0.0763218,-0.22455090000000003,9.2597571,-0.5002953282370459,1,-0.01622786563165388,-1.3276458478022155,1,-1.8714856591427487
7.781,0.0643536,-0.22455090000000003,9.2672127,-0.5003532397114885,1,-0.0036194671526601466,-1.3356510363458038,1,-1.8927920342159328
7.796,0.08534699999999999,-0.3023442,9.2672127,-0.5003516898971672,1,0.00010332095475480766,-1.343156323317869,1,-1.912883089413411
7.812,0.08534699999999999,-0.2784078,9.2702538,-0.5002943245962896,1,0.00358533130484506,-1.3511614914338166,1,-1.9344376319314245
7.828,0.0478728,-0.2769363,9.2657412,-0.5003560101098063,1,-0.003855344594794193,-1.3591666941114653,1,-1.9561202574157868
7.859,0.1287072,-0.3008727,9.2657412,-0.5003792214604506,1,-0.0007487532465872113,-1.3746780902008042,1,-1.9984948515726266
7.875,0.1287072,-0.2948886,9.2911491,-0.49978722340422976,1,0.03699987851379923,-1.3826794217597216,1,-2.020553711668311
7.89,0.0868185,-0.2948886,9.3001743,-0.49900150081696637,1,0.05238150581756067,-1.3901703371913805,1,-2.041350084860444
7.906,0.0733788,-0.2814489,9.3001743,-0.498247915577279,1,0.04709907748046134,-1.3981483325225346,1,-2.0636566342181553
7.937,0.1212516,-0.20954160000000002,9.297133200000001,-0.4976209223201451,1,0.02022558893980252,-1.413584299509945,1,-2.1072384900146597
7.953,0.052385400000000006,-0.2529999,9.297133200000001,-0.4969985434986661,1,0.0388986763424359,-1.4215412552364954,1,-2.1299194944526314
7.968,0.052385400000000006,-0.2065986,9.310671000000001,-0.4960892053770607,1,0.060622541440363276,-1.4289894133530632,1,-2.1512984744670525
7.984,0.0628821,-0.2065986,9.247788900000002,-0.49673375645307694,1,-0.040284442251015094,-1.4369319970477044,1,-2.1742258457502586
8.0,0.1032993,-0.24544620000000003,9.286734599999999,-0.4963810797493373,1,0.022042293983726126,-1.4448769157373236,1,-2.197280317052539
8.015,0.059841000000000005,-0.2784078,9.286734599999999,-0.4960236462546028,1,0.023828899648965344,-1.4523199511823535,1,-2.2190092935544374
8.031,0.059841000000000005,-0.23347800000000002,9.286734599999999,-0.4957051201228513,1,0.019907883234471218,-1.4602537813133731,1,-2.242309883414403
8.046,0.0823059,-0.23347800000000002,9.2717253,-0.4957561212588768,1,-0.0034000757350348835,-1.4676897406237355,1,-2.2642694598289297
8.062,0.0673947,-0.3098979,9.2717253,-0.49575422123673185,1,0.00011875138405947883,-1.4756218233637004,1,-2.287815952340829
8.078,0.0673947,-0.2798793,9.33912,-0.4941326545186264,1,0.10134791988158912,-1.4835409183697432,1,-2.3114892542746968
8.093,0.0628821,-0.2798793,9.228267,-0.49525384741192546,1,-0.07474619288659977,-1.4909613171342226,1,-2.333798021040977
8.125,0.0763218,-0.2559429,9.2492604,-0.49585034401254013,1,-0.018640518769208452,-1.506818984197014,1,-2.381762505862277
8.14,0.04188870000000001,-0.2559429,9.223852500000001,-0.4970571172273974,1,-0.08045154765714982,-1.514265790156314,1,-2.404420641669928
8.156,0.010496700000000001,-0.2694807,9.1849068,-0.4991767173858541,1,-0.1324750099035431,-1.52223566083322,1,-2.4287126532778442
8.171,0.10182780000000001,-0.24701580000000004,9.1849068,-0.5012464041211118,1,-0.1379791156838543,-1.5297388342445215,1,-2.4516024619909254
8.187,0.10182780000000001,-0.2425032,9.2746683,-0.5010801259437674,1,0.01039238608402381,-1.5377574464850405,1,-2.476142432236762
8.218,0.10182780000000001,-0.2425032,9.2927187,-0.5004778262486358,1,0.019429022423599368,-1.553281594744023,1,-2.524053537375813
8.234,0.1107549,-0.2559429,9.2927187,-0.49987893985419873,1,0.03743039965231617,-1.5612844488728457,1,-2.548970065724748
8.25,0.1107549,-0.31136939999999996,9.3001743,-0.49907168854567097,1,0.05045320678298544,-1.5692760539000445,1,-2.574014549746931
8.265,0.0628821,-0.31136939999999996,9.2791809,-0.4988067547283812,1,0.01766225448598324,-1.5767601422246003,1,-2.597609821217867
8.281,0.173637,-0.2260224,9.2791809,-0.49857411911602156,1,0.01453972577247774,-1.5847391892153555,1,-2.6229018158693864
8.296,0.173637,-0.2365191,9.2777094,-0.49837665208121784,1,0.013164468986915872,-1.5922163199993342,1,-2.6467289821884945
8.312,0.11821050000000001,-0.2365191,9.2387637,-0.4991547623647552,1,-0.04863189272108488,-1.600196571314902,1,-2.6722682853190083
8.328,0.0703377,-0.2604555,9.2148273,-0.500493673497445,1,-0.08368194579311254,-1.6081937588017996,1,-2.697935407959942
8.343,0.0703377,-0.2529999,9.247788900000002,-0.5010013759797882,1,-0.03384683215621336,-1.615704971672879,1,-2.722114648438503
8.359,0.0658251,-0.2529999,9.2507319,-0.5014257535932831,1,-0.02652360084343106,-1.6237243887094637,1,-2.7480300833215616
8.375,0.0359046,-0.2679111,9.2507319,-0.5018335560363596,1,-0.025487652692279792,-1.6317504631865007,1,-2.7740738821367295
8.39,0.0359046,-0.2634966,9.256716,-0.5020886099221507,1,-0.017003592386069803,-1.6392798794311898,1,-2.798606609706363
8.406,-0.020993400000000002,-0.2634966,9.1983465,-0.5037616228369455,1,-0.10456330717467645,-1.6473266812932625,1,-2.8248994621921586
8.421,0.0464013,-0.30685680000000004,9.1983465,-0.505358789769268,1,-0.10647779548817392,-1.6548950843878085,1,-2.849666125434765
8.437,0.0464013,-0.2814489,9.231308100000001,-0.5061332519278157,1,-0.0484038849092316,-1.6629870207213853,1,-2.8762091822756384
8.468,0.052385400000000006,-0.2829204,9.2956617,-0.5053181042295769,1,0.026295087039959527,-1.678664516741825,1,-2.9280047811063192
8.484,0.0748503,-0.2829204,9.280652400000001,-0.5048849890169969,1,0.027069700786253013,-1.6867461414877976,1,-2.9549280663721564
8.5,0.1078119,-0.2365191,9.280652400000001,-0.5044861872266626,1,0.024925111895890396,-1.694821110897747,1,-2.9819806043912407
8.515,0.1078119,-0.2274939,9.2133558,-0.5057433856884259,1,-0.08381323078421743,-1.7023978326946103,1,-3.0074597464681845
8.531,0.1362609,-0.2274939,9.2746683,-0.5054659216718029,1,0.0173415010389366,-1.7104875071534922,1,-3.0347628291869695
8.546,0.1482291,-0.1946304,9.2746683,-0.5052089836199709,1,0.01712920345546958,-1.71806756894318,1,-3.0604769922576924
8.562,0.1482291,-0.2514303,9.337550400000001,-0.503392056216688,1,0.11355796270517961,-1.7261363772618732,1,-3.0880306238273327
8.578,0.0718092,-0.2514303,9.2627001,-0.5034662916442869,1,-0.004639714224929921,-1.734191244044761,1,-3.115713244797786
8.593,0.1032993,-0.23799060000000002,9.2627001,-0.503540116066878,1,-0.004921628172738037,-1.7417437921025951,1,-3.141782757568892
8.609,0.1032993,-0.2350476,9.264269700000002,-0.5035757038354021,1,-0.002224235532755079,-1.7498007186618134,1,-3.1697151136550072
8.625,0.08534699999999999,-0.3008727,9.285165000000001,-0.5030591124087938,1,0.032286964163019655,-1.757853797191767,1,-3.197776349781836
8.64,0.11526750000000001,-0.3008727,9.285165000000001,-0.5025472417217802,1,0.034124712467567174,-1.7653958448477465,1,-3.2242007220971334
8.656,-0.0045126,-0.3023442,9.285165000000001,-0.5020641045229013,1,0.030196074929933453,-1.773432735617704,1,-3.252511350740857
8.671,-0.0045126,-0.261927,9.2791809,-0.5017685865427151,1,0.01970119867908378,-1.7809614808006955,1,-3.279169307363993
8.703,-0.029920500000000003,-0.20208600000000002,9.195403500000001,-0.5035584595467952,1,-0.055933531377505515,-1.7970467135381276,1,-3.336417438473414
8.718,-0.029920500000000003,-0.2514303,9.2013876,-0.5051291092768455,1,-0.10470998200334787,-1.8046118703043053,1,-3.363429877852233
8.734,0.0389457,-0.2514303,9.2418048,-0.5056752166695588,1,-0.034131712044582735,-1.8126983049118766,1,-3.3923683592539624
8.75,0.056898,-0.2559429,9.2418048,-0.5062027147508097,1,-0.03296863007817838,-1.8207933283632396,1,-3.4214362923201636
8.765,0.056898,-0.2858634,9.2836935,-0.5056747949270086,1,0.03519465492007005,-1.8283824096858234,1,-3.4488051103555324
8.781,0.1287072,-0.2948886,9.231308100000001,-0.5064122930846828,1,-0.04609363485463809,-1.836479106389917,1,-3.4781240024841384
8.796,0.1122264,-0.2948886,9.2342511,-0.5070653073915654,1,-0.04353428712550899,-1.8440801883934883,1,-3.505728197195012
8.812,0.0793629,-0.2575125,9.2342511,-0.5077379584385895,1,-0.04204069043900468,-1.8521986145201295,1,-3.535298427618321
8.828,0.0793629,-0.31136939999999996,9.2552445,-0.5078420370174612,1,-0.00650491117948348,-1.8603232544837778,1,-3.564998602570352
8.843,0.17510850000000003,-0.31136939999999996,9.252301500000002,-0.5079832219938538,1,-0.00941233175950593,-1.867941943926363,1,-3.592960591558429
8.859,0.08534699999999999,-0.2484873,9.252301500000002,-0.5081981363591375,1,-0.013432147830227935,-1.8760713947931869,1,-3.6229126982681854
8.875,0.08534699999999999,-0.19610190000000002,9.264269700000002,-0.5081466668423253,1,0.003216844800757454,-1.8842021532187985,1,-3.6529948866522814
8.89,0.1526436,-0.19610190000000002,9.2387637,-0.5086972497488897,1,-0.03670552710429199,-1.8918284825932328,1,-3.6813151164208726
8.906,0.08829,-0.19757340000000004,9.2387637,-0.5092540993262471,1,-0.03480309858483463,-1.899972093385834,1,-3.711649521028705
8.921,0.08829,-0.1990449,9.2927187,-0.5084809846640539,1,0.05154097747955137,-1.9076051065157607,1,-3.7402063500279645
8.953,0.0239364,-0.2724237,9.2791809,-0.5080208630493619,1,0.014378800459124973,-1.9238691360791753,1,-3.8015099379094837
8.968,0.0329616,-0.2724237,9.2208114,-0.5089943096135539,1,-0.06489643761279486,-1.9314967498741475,1,-3.830425182054135
8.984,0.0179523,-0.2963601,9.2208114,-0.5099270261802236,1,-0.058294785416856905,-1.9396481205604978,1,-3.861394341017612
9.0,0.0179523,-0.37572300000000003,9.223852500000001,-0.5106923860128187,1,-0.04783498953719874,-1.947813075858042,1,-3.8924940305889604
9.015,0.0389457,-0.37572300000000003,9.3480471,-0.5084108671949146,1,0.15210125452693898,-1.9554563502571003,1,-3.921768551284825
9.031,0.08829,-0.2934171,9.3480471,-0.5062486093907363,1,0.13514111276113894,-1.9635736260697856,1,-3.95312079109544
9.046,0.08829,-0.2948886,9.321069600000001,-0.5047955911698327,1,0.09686788139358123,-1.9711564575739893,1,-3.982631266722766
9.062,0.1437165,-0.2948886,9.3166551,-0.5034688019480971,1,0.08292432635847995,-1.9792225727189328,1,-4.01423429896511
9.078,0.11673900000000001,-0.2829204,9.3166551,-0.5021926120799449,1,0.07976186675950896,-1.9872678640311572,1,-4.045966222459111
9.093,0.11673900000000001,-0.2634966,9.3315663,-0.500597920157718,1,0.1063127948151255,-1.9947887930229398,1,-4.075831647387018
9.109,0.1392039,-0.20355750000000003,9.342063000000001,-0.4988152547007427,1,0.11141659106095315,-2.002784098421805,1,-4.107812230518576
9.125,0.145188,-0.20355750000000003,9.3510882,-0.49685379999820434,1,0.12259091890864926,-2.0107494508593966,1,-4.139920498912826
9.14,0.1437165,-0.23053500000000002,9.3510882,-0.4949254733823416,1,0.1285551077241771,-2.018187795409751,1,-4.170137528259845
9.156,0.08829,-0.23053500000000002,9.4049451,-0.4917478149489991,1,0.19860365208390612,-2.026081181716402,1,-4.202491680076855
9.171,0.0359046,-0.20208600000000002,9.4049451,-0.4886720483549105,1,0.20505110627258927,-2.033434330691181,1,-4.232938046419909
9.187,0.0359046,-0.2140542,9.4199544,-0.4852988608829296,1,0.21082421699880596,-2.0412260979650836,1,-4.2655353298491585
9.218,0.0434583,-0.2140542,9.4633146,-0.4809498874141731,1,0.14028946673407838,-2.0562029535636888,1,-4.3290454801478555
9.234,0.0224649,-0.2649681,9.4633146,-0.47667735040816517,1,0.26703356287549584,-2.0638639714662674,1,-4.362006015548095
9.25,0.0224649,-0.2994012,9.3690405,-0.47478219035082425,1,0.11844750358380718,-2.0714756477923393,1,-4.395088732502164
9.281,0.0449298,-0.3053853,9.454387500000001,-0.4708460602598148,1,0.12697193841965762,-2.0861328856768044,1,-4.459531664770937
9.296,0.0359046,-0.2529999,9.454387500000001,-0.467044587898636,1,0.2534314907452725,-2.093167065537992,1,-4.4908764144050455
9.312,0.0359046,-0.2604555,9.4528179,-0.46336916650881044,1,0.2297138368640981,-2.1006103755732517,1,-4.524426633933936
9.328,0.09133110000000001,-0.2604555,9.5187411,-0.4581670924057146,1,0.3251296314434879,-2.1079826656445677,1,-4.558095378263678
9.343,0.0973152,-0.3053853,9.5187411,-0.4530578973328492,1,0.34061300485768353,-2.114816853067607,1,-4.589766374654021
9.359,0.0973152,-0.2604555,9.4618431,-0.44949303281661024,1,0.22280403226493364,-2.1220372605088027,1,-4.623661207562632
9.375,0.10928340000000002,-0.2604555,9.4738113,-0.4457201532217745,1,0.23580497467723371,-2.12919896599711,1,-4.6576710973746795
9.39,0.11673900000000001,-0.24103170000000002,9.4738113,-0.44204966031304593,1,0.24469952724856153,-2.1358572395986215,1,-4.6896590189166485
9.406,0.1586277,-0.2604555,9.556117200000001,-0.4364348866453316,1,0.35092335423214627,-2.1428851159742885,1,-4.723888957761232
9.437,0.1466595,-0.23200650000000003,9.572598000000001,-0.4305777847825869,1,0.18893876976596485,-2.156323812381421,1,-4.790526696150742
9.453,0.0733788,-0.2274939,9.572598000000001,-0.4248867143711266,1,0.3556919007162703,-2.1631675283746503,1,-4.825082626876791
9.468,0.0733788,-0.23347800000000002,9.5052033,-0.4209741698585816,1,0.26083630083632137,-2.1695114850063733,1,-4.85757771947715
9.5,0.020993400000000002,-0.23347800000000002,9.589078800000001,-0.4151182665340407,1,0.18299697889190264,-2.1828889639886553,1,-4.927216126661071
9.515,-0.0269775,-0.2514303,9.589078800000001,-0.40939375768255815,1,0.38163392343215674,-2.18907280417028,1,-4.960005839922264
9.531,-0.0059841,-0.29783160000000003,9.5366934,-0.4050544243513574,1,0.27120833320004567,-2.1955883896265513,1,-4.995083129472639
9.546,-0.031392,-0.2724237,9.5366934,-0.4008382341613199,1,0.28107934600252227,-2.201632584565396,1,-5.028062286779076
9.562,0.052385400000000006,-0.3023442,9.613015200000001,-0.3948400967507357,1,0.3748835881615117,-2.2079980112126925,1,-5.0633393315453015
9.578,0.052385400000000006,-0.3173535,9.6474483,-0.3881370984288033,1,0.41893739512077716,-2.214261828774129,1,-5.098717410265196
9.593,0.059841000000000005,-0.3173535,9.6399927,-0.3817782728135839,1,0.42392170768127646,-2.220036194058447,1,-5.131974645436442
9.609,0.0868185,-0.2529999,9.6399927,-0.37561594867894144,1,0.38514525841515346,-2.226095347830387,1,-5.167543697771553
9.625,0.0868185,-0.24701580000000004,9.6519609,-0.36931590909442136,1,0.3937524740325046,-2.232054802692574,1,-5.203208898975737
9.64,0.173637,-0.24701580000000004,9.6923781,-0.362155665460536,1,0.47734957559233815,-2.237540839501736,1,-5.236730866292195
9.656,0.1377324,-0.23799060000000002,9.6923781,-0.3551896271676913,1,0.4353773933027934,-2.243279601842762,1,-5.272577429822951
9.671,0.1377324,-0.20954160000000002,9.6923781,-0.34840950577850904,1,0.4520080926121877,-2.248556595339858,1,-5.306266201301818
9.703,0.19757340000000004,-0.20954160000000002,9.6354801,-0.34315665706809995,1,0.16415152220028414,-2.2596216539454037,1,-5.378397053290382
9.718,0.0673947,-0.23200650000000003,9.6354801,-0.3380630166483858,1,0.33957602798093134,-2.2647308014982777,1,-5.412329696706212
9.734,0.0194238,-0.1915893,9.6684417,-0.33231676264913546,1,0.3591408749531452,-2.2700938397326578,1,-5.448608293836059
9.75,0.0194238,-0.2634966,9.6967926,-0.32597816905877686,1,0.3961620993974121,-2.2753601991863213,1,-5.484971926147411
9.765,0.0614106,-0.2634966,9.645976800000001,-0.321028833566821,1,0.3299556994637118,-2.2802127517060136,1,-5.519138723279105
9.781,-0.0164808,-0.3278502,9.645976800000001,-0.31615654711819907,1,0.3045179030388698,-2.2853102347514938,1,-5.555662907170765
9.796,-0.0164808,-0.2948886,9.678840300000001,-0.3106278597552983,1,0.36857915752674947,-2.2900111178030444,1,-5.589977817314922
9.812,0.059841000000000005,-0.2948886,9.7058178,-0.304572179772439,1,0.3784799989287043,-2.2949327181192665,1,-5.6266573680023
9.828,0.031392,-0.31284090000000003,9.7058178,-0.2986537573887791,1,0.3699013989787444,-2.2997585256165562,1,-5.663414897952187
9.843,0.031392,-0.2559429,9.711801900000001,-0.2927744296210104,1,0.39195518451789657,-2.30419423701913,1,-5.697944543671956
9.859,0.0464013,-0.2559429,9.728282700000001,-0.2866352075506242,1,0.38370137939913695,-2.308829514116503,1,-5.734848733681041
9.875,0.052385400000000006,-0.2858634,9.728282700000001,-0.28062466818094123,1,0.3756587106051864,-2.3133675931223556,1,-5.771826310538952
9.89,0.12272310000000002,-0.22455090000000003,9.7208271,-0.27496628927632294,1,0.3772252603078716,-2.317534525303285,1,-5.806558076427145
9.921,0.0688662,-0.23200650000000003,9.7821396,-0.2679596247494196,1,0.22602143635172967,-2.3259498769706837,1,-5.878532084662389
9.937,0.1317483,-0.19011780000000003,9.7821396,-0.2611301697395181,1,0.4268409381188439,-2.3301825953265953,1,-5.915781144440767
9.953,0.1317483,-0.1915893,9.8240283,-0.25344519842322377,1,0.48031070726839387,-2.3342991982718972,1,-5.953096998789555
9.968,0.12272310000000002,-0.1915893,9.7956774,-0.24664181507119842,1,0.4535588901350061,-2.3380498508731056,1,-5.9881396166581435
10.0,0.0823059,-0.2260224,9.851005800000001,-0.2386477158523892,1,0.24981560058778807,-2.345814483367883,1,-6.063081446006
10.015,0.13469129999999999,-0.2260224,9.7986204,-0.23211176156393343,1,0.43573028589703483,-2.3493451794485054,1,-6.098295143477124
10.031,0.10928340000000002,-0.2829204,9.7986204,-0.225706907457079,1,0.4003033816784015,-2.3530077288006734,1,-6.135913966743117
10.046,0.0464013,-0.2738952,9.777627,-0.21998852781507594,1,0.3812253094669012,-2.3563504445652144,1,-6.1712341530433585
10.062,0.0464013,-0.20954160000000002,9.764187300000001,-0.2147761298578299,1,0.3257748723278772,-2.3598285618265975,1,-6.208963585094493
10.078,0.0554265,-0.20954160000000002,9.7895952,-0.20907016337307205,1,0.3566229052973654,-2.3632193321724446,1,-6.246747968246485
10.093,-0.0090252,-0.2889045,9.7895952,-0.2034578293547824,1,0.3741556012192954,-2.3663132921179035,1,-6.282219462928664
10.109,-0.0090252,-0.3008727,9.7701714,-0.19844711948622162,1,0.31316936678504853,-2.3695285317086316,1,-6.3201061975192765
10.125,0.0150093,-0.3008727,9.8136297,-0.19249898534097198,1,0.37175838407810213,-2.3726561005472493,1,-6.358043674577323
10.14,0.08829,-0.2738952,9.8136297,-0.18670578498770674,1,0.3862133568843353,-2.3755001363247144,1,-6.393654846353864
10.156,0.08829,-0.2769363,9.8689581,-0.17970291652711623,1,0.4376792787869062,-2.378431405936833,1,-6.4316862986919565
10.187,0.0359046,-0.2769363,9.827069400000001,-0.1739001509616056,1,0.18718598598422095,-2.383912253482908,1,-6.5055026254129595
10.203,0.113796,-0.2484873,9.831582000000001,-0.16813297331504096,1,0.36044860291029013,-2.3866485184771213,1,-6.54366711158864
10.218,0.0823059,-0.287433,9.831582000000001,-0.16248823666131607,1,0.3763157769149785,-2.389128177551944,1,-6.579485436808859
10.234,0.0119682,-0.20208600000000002,9.8974071,-0.15543605191026622,1,0.44076154694061526,-2.391671571860517,1,-6.617731834804159
10.25,0.0449298,-0.30685680000000004,9.8974071,-0.14848788332134966,1,0.43426053680728455,-2.3941029633423696,1,-6.656018031085782
10.265,0.0449298,-0.3083283,9.8944641,-0.14177981234185566,1,0.4472047319662495,-2.396279971059844,1,-6.6919459030938
10.281,0.0868185,-0.3083283,10.008162,-0.13245687036584464,1,0.5826838735006884,-2.3984738645215056,1,-6.730303933778451
10.312,0.059841000000000005,-0.3053853,10.002177900000001,-0.12351421874668844,1,0.2884726328760174,-2.4024414164027497,1,-6.804718120632774
10.328,0.0748503,-0.3053853,9.9648018,-0.115698377345689,1,0.4884900875624649,-2.4043551171714888,1,-6.843172492901369
10.343,0.0658251,-0.2664396,9.978241500000001,-0.10777428853158355,1,0.5282725876070097,-2.4060311621655686,1,-6.879250389996398
10.359,0.0164808,-0.2918475,9.978241500000001,-0.1000311024225784,1,0.4839491318128215,-2.407693605293202,1,-6.917760188136068
10.375,0.0164808,-0.2575125,9.9423369,-0.09337524687316723,1,0.41599097183819783,-2.409240856087568,1,-6.956295663827114
10.39,0.0344331,-0.2575125,9.9184005,-0.0874642234496843,1,0.39406822823218046,-2.4105971521149896,1,-6.992444448888635
10.406,0.010496700000000001,-0.2350476,9.9184005,-0.08171229429783544,1,0.35949557199055315,-2.4119505642569696,1,-7.03102483061961
10.437,0.010496700000000001,-0.23200650000000003,9.8854389,-0.07690612243657569,1,0.15503780197612713,-2.414409149716353,1,-7.105833406186194
10.453,0.049442400000000004,-0.23200650000000003,9.955776600000002,-0.07049923188518825,1,0.4004306594617143,-2.4155883925509274,1,-7.144473386524332
10.468,0.0973152,-0.2829204,9.955776600000002,-0.0642079020470927,1,0.4194219892063541,-2.4165986960554195,1,-7.180714789688881
10.484,0.0973152,-0.2514303,9.967744800000002,-0.05779882196798525,1,0.40056750494421556,-2.41757474984754,1,-7.219388177256105
10.515,0.0329616,-0.2559429,10.104005700000002,-0.04823117593028314,1,0.30863374315167497,-2.4192182148149635,1,-7.294358468208375
10.531,0.08829,-0.2604555,10.104005700000002,-0.03888598125962517,1,0.5840746669161229,-2.4199151520724826,1,-7.333071535143475
10.546,0.08829,-0.24397470000000002,9.9363528,-0.03386647349441674,1,0.33463385101392235,-2.420460795483138,1,-7.369374354750139
10.562,0.049442400000000004,-0.24397470000000002,10.0994931,-0.02499815374994796,1,0.5542699840292982,-2.4209317125010927,1,-7.408105494814013
10.578,0.056898,-0.20355750000000003,10.0994931,-0.016367012917402946,1,0.539446302034063,-2.4212626338344316,1,-7.446843049584697
10.593,0.056898,-0.2798793,10.0396521,-0.009360798567161766,1,0.46708095668272764,-2.421455592420566,1,-7.48316343628161
10.609,0.0464013,-0.2798793,9.991681200000002,-0.0036963369149667358,1,0.354028853262189,-2.4215600495044227,1,-7.52190756141701
10.625,0.0628821,-0.2394621,9.991681200000002,0.0018065544423588875,1,0.3439307098328511,-2.4215751677642037,1,-7.5606526431551595
10.64,0.0628821,-0.32333760000000006,10.1384388,0.010810357827478967,1,0.6002535590079825,-2.42148054092218,1,-7.596975560970309
10.656,0.0777933,-0.32333760000000006,10.15335,0.019960570661384125,1,0.5718883021190718,-2.421234373494269,1,-7.635717280285641
10.671,0.1272357,-0.2934171,10.1683593,0.0292435231368664,1,0.6188634983655349,-2.420865342790782,1,-7.6720330281577755
10.703,0.1377324,-0.1586277,10.220744700000001,0.039507768340342864,1,0.3207576626086392,-2.4197653221271467,1,-7.749483118796462
10.718,0.11978010000000001,-0.1586277,10.133926200000001,0.047399030599846625,1,0.5260841506335642,-2.4191135211350954,1,-7.78577471012093
10.734,0.1032993,-0.2065986,10.133926200000001,0.055114478739492156,1,0.48221550872784524,-2.418293413060381,1,-7.8244739655944935
10.75,0.1032993,-0.3023442,10.1294136,0.06259035461680718,1,0.4672422423321883,-2.41735177439353,1,-7.863159127094125
10.765,0.12272310000000002,-0.3023442,10.2312414,0.07237150496196598,1,0.6520766896772291,-2.4163395604466893,1,-7.899411812105428
10.781,0.0688662,-0.2604555,10.2312414,0.0818737087669561,1,0.5938877378118818,-2.415105598736858,1,-7.938063373378896
10.796,0.0688662,-0.2694807,10.171302299999999,0.08968846412622433,1,0.5209836906179242,-2.413818882440159,1,-7.974280306987721
10.828,0.0643536,-0.2694807,10.1264706,0.09621884630931277,1,0.20407444322151339,-2.410844365473191,1,-8.051474918954334
10.843,0.049442400000000004,-0.29783160000000003,10.244681100000001,0.10548918694166787,1,0.61802270882365,-2.4093315552238086,1,-8.087626238359563
10.859,0.049442400000000004,-0.2784078,10.181799000000002,0.11298698114980432,1,0.468612138008528,-2.407583745879077,1,-8.126161560768386
10.875,-0.04188870000000001,-0.2784078,10.202792400000002,0.12081291525082705,1,0.48912088131391984,-2.4057133467078717,1,-8.164667937509082
10.89,-0.0224649,-0.2484873,10.202792400000002,0.1284276423015509,1,0.5076484700482379,-2.4038440425262286,1,-8.200739617928338
10.906,-0.0224649,-0.2514303,10.181799000000002,0.13534652514752388,1,0.43243017787331045,-2.4017338491866362,1,-8.239184241062041
10.921,-0.0164808,-0.2514303,10.2401685,0.1435195887909071,1,0.5448709095589249,-2.3996423533320983,1,-8.275194562580928
10.937,-0.028449,-0.30685680000000004,10.2401685,0.15153078705832357,1,0.5006998917135292,-2.3972819503253047,1,-8.313569957010188
10.968,-0.028449,-0.2559429,10.2013209,0.15836527679483048,1,0.22046741085505747,-2.392478561335581,1,-8.387811244940933
10.984,-0.04041720000000001,-0.2559429,10.2013209,0.16503405663539006,1,0.41679874003497336,-2.389891366668139,1,-8.426070204364962
11.0,0.0449298,-0.258984,10.271658600000002,0.1732575033056225,1,0.5139654168895276,-2.3871850341886107,1,-8.464286815571816
11.015,0.0150093,-0.2769363,10.271658600000002,0.18128966827603143,1,0.5354776646939082,-2.384525930401748,1,-8.500074647806246
11.031,0.0763218,-0.21101310000000004,10.294123500000001,0.18964218782073594,1,0.5220324715440312,-2.381558475552974,1,-8.538203323053883
11.046,0.1078119,-0.3173535,10.294123500000001,0.19786439099865483,1,0.5481468785279698,-2.378652176211829,1,-8.573904902942116
11.062,0.1078119,-0.2889045,10.295595000000002,0.2059015042929584,1,0.5023195808939724,-2.375422049049496,1,-8.611937496744208
11.078,0.145188,-0.2889045,10.3001076,0.21386379516497556,1,0.4976431795010723,-2.3720639266538326,1,-8.649917384549834
11.109,0.1437165,-0.2484873,10.3001076,0.2216056761310341,1,0.24973809567930322,-2.365314149848744,1,-8.723346744735625
11.125,0.0389457,-0.2484873,10.3314996,0.22990151094293942,1,0.5184896757440822,-2.3617020923521523,1,-8.761162874673232
11.14,0.0703377,-0.2814489,10.3106043,0.23751022738451688,1,0.5072477627718113,-2.358196504314696,1,-8.796562114148236
11.156,0.056898,-0.2709522,10.3106043,0.2449244879893442,1,0.4633912878017062,-2.3543370265917054,1,-8.834262382395487
11.187,0.056898,-0.2140542,10.289610900000001,0.25161336708277027,1,0.21577029333633352,-2.346640689838088,1,-8.907127537000145
11.203,0.0090252,-0.2140542,10.316588399999999,0.2587932088489282,1,0.44874011038487055,-2.342557437230634,1,-8.944641122016694
11.218,0.1002582,-0.24701580000000004,10.316588399999999,0.26582767499089144,1,0.468964409464198,-2.338622780601835,1,-8.979749973650438
11.234,0.1002582,-0.2649681,10.313547300000002,0.27262728463426633,1,0.42497560271093043,-2.3343151409248337,1,-9.017133477022652
11.25,0.059841000000000005,-0.2649681,10.256649300000001,0.27786612930704635,1,0.3274277920487509,-2.3299111936133032,1,-9.054447287698958
11.265,0.08083440000000001,-0.2634966,10.256649300000001,0.28297978316431127,1,0.34091025715098183,-2.325704849269768,1,-9.089364408020582
11.281,0.08083440000000001,-0.258984,10.2581208,0.2880017890967821,1,0.3138753707794259,-2.321136996691679,1,-9.126539142788275
11.296,0.0254079,-0.205029,10.2626334,0.29297459453581354,1,0.33152036260212314,-2.316779673814435,1,-9.161323517817067
11.328,-0.010496700000000001,-0.2350476,10.1518785,0.2951405487539276,1,0.06768606931606408,-2.307369831521799,1,-9.235309909902446
11.343,-0.010496700000000001,-0.2889045,10.226728800000002,0.2991124439939963,1,0.26479301600456934,-2.3029129340761894,1,-9.269887030644432
11.359,0.0703377,-0.2889045,10.2865698,0.3044521532665527,1,0.3337318295347777,-2.2980844172981048,1,-9.306695009455426
11.375,0.058369500000000005,-0.2754648,10.2865698,0.30965081156289465,1,0.3249161435213696,-2.293171593579469,1,-9.343425057542447
11.39,0.058369500000000005,-0.2260224,10.210248,0.3128322629092821,1,0.2120967564258237,-2.288502970520928,1,-9.377787616773201
11.421,0.0090252,-0.2260224,10.3001076,0.31812331144008077,1,0.17067898486447908,-2.2787231591185133,1,-9.44857962178261
11.437,0.0793629,-0.2649681,10.3001076,0.3233153018369741,1,0.3244993998058329,-2.273591650212297,1,-9.484998140257256
11.453,0.0793629,-0.24701580000000004,10.282155300000001,0.32793205781716495,1,0.28854724876192756,-2.2683816713350637,1,-9.521333926829634
11.468,0.0703377,-0.2529999,10.2252573,0.3310508545184252,1,0.20791978008400888,-2.2634392994925467,1,-9.555322584110842
11.484,0.1332198,-0.23200650000000003,10.2252573,0.3340967045347245,1,0.19036562601870682,-2.2581181190201214,1,-9.591495043458943
11.5,0.1332198,-0.3023442,10.338955200000001,0.3398847607312927,1,0.36175351228551167,-2.252726267297993,1,-9.627581798549489
11.515,0.0763218,-0.3023442,10.3180599,0.3450081792958528,1,0.3415612376373278,-2.2475895702477895,1,-9.661334167331084
11.531,0.056898,-0.1781496,10.3180599,0.34993307012351416,1,0.3078056767288337,-2.2420300402524345,1,-9.697251124215086
11.546,0.056898,-0.261927,10.3210029,0.35485316261227773,1,0.3280061659175979,-2.2367441435069164,1,-9.730841930593279
11.562,0.0389457,-0.261927,10.289610900000001,0.3588858145906979,1,0.2520407486512608,-2.231034231689293,1,-9.766584157594849
11.578,0.0373761,-0.2230794,10.289610900000001,0.36279764313638374,1,0.24448928410536452,-2.225260764027476,1,-9.802234517560583
11.593,0.0373761,-0.18413369999999998,10.259690400000002,0.36586562263016553,1,0.2045319662521117,-2.219795789534227,1,-9.835572441712298
11.609,0.0359046,-0.2484873,10.253706300000001,0.3687458202442322,1,0.18001235087916606,-2.2139188979912316,1,-9.871042159212502
11.625,0.056898,-0.2484873,10.238697000000002,0.371192118307043,1,0.15289362892567646,-2.2079993944828216,1,-9.906417505552295
11.64,0.058369500000000005,-0.34128990000000003,10.238697000000002,0.37364411507016726,1,0.1634664508749433,-2.202413122732492,1,-9.93949559943141
11.656,0.058369500000000005,-0.2604555,10.326987,0.37813108667984885,1,0.2804357256050991,-2.196398921118492,1,-9.974686095782218
11.687,0.0777933,-0.2604555,10.306091700000001,0.38200227748630056,1,0.12487712278876957,-2.184616853973917,1,-10.042591840296147
11.703,-0.0059841,-0.31284090000000003,10.306091700000001,0.38580745591717047,1,0.2378236519293695,-2.1784743761066894,1,-10.077496570136793
11.718,-0.0059841,-0.2724237,10.2087765,0.3871191415747077,1,0.08744571050248028,-2.1726774266255,1,-10.110130208657285
11.734,0.031392,-0.2724237,10.264203,0.3897513499396865,1,0.1645130228111745,-2.166462462693385,1,-10.144843327771836
11.75,0.0359046,-0.2724237,10.264203,0.3923197187836003,1,0.16052305274460985,-2.1602058941435986,1,-10.179456674626532
11.765,0.0359046,-0.23347800000000002,10.2581208,0.3946537355279762,1,0.1556011162917237,-2.1543035932362615,1,-10.211815495781883
11.781,0.0554265,-0.2559429,10.259690400000002,0.39698428152883736,1,0.1456591250538207,-2.147970489099807,1,-10.24623368844057
11.796,0.0703377,-0.2559429,10.249193700000001,0.3990042819184261,1,0.1346666926392586,-2.142000574873953,1,-10.278408471420372
11.812,0.0763218,-0.2529999,10.3030506,0.40228742510089965,1,0.20519644890459857,-2.1355902412177983,1,-10.312629197949105
11.843,0.11526750000000001,-0.2529999,10.267146,0.4046239182178226,1,0.07537074570719104,-2.1230831153963576,1,-10.378638634976626
11.859,0.1212516,-0.3098979,10.267146,0.40694312909300656,1,0.1449506796989962,-2.116590579017871,1,-10.41255602453194
11.875,0.0763218,-0.24397470000000002,10.259690400000002,0.4089700954571249,1,0.12668539775739773,-2.1100632732214697,1,-10.446369255349854
11.906,0.0733788,-0.21258269999999999,10.259690400000002,0.41093006882383953,1,0.06322494731337323,-2.0973548206751147,1,-10.511584235805252
11.937,0.0928026,-0.2484873,10.292553900000001,0.4136670273421732,1,0.0882889844623797,-2.084573565684542,1,-10.576404125793823
11.953,0.0179523,-0.2484873,10.283626800000002,0.4161097410665775,1,0.15266960777526858,-2.0779353515372723,1,-10.609704197131599
11.968,0.0254079,-0.2215098,10.283626800000002,0.4184782274915815,1,0.1578990950002593,-2.0716759417730857,1,-10.640826281831428
11.984,0.0254079,-0.3023442,10.171302299999999,0.41810072845762747,1,-0.02359368962212558,-2.064983310125492,1,-10.673919555846616
12.0,0.0014715,-0.3023442,10.207305,0.4186093939464808,1,0.031791593053331874,-2.0582896291462593,1,-10.70690573936079
12.015,0.0614106,-0.2709522,10.207305,0.4190886612174598,1,0.03195115139860029,-2.0520068937325298,1,-10.737732963282383
12.031,0.0614106,-0.258984,10.202792400000002,0.4194386382080424,1,0.021873561911411855,-2.0452986753371256,1,-10.77051140783494
12.046,0.0239364,-0.258984,10.1848401,0.41933853906506435,1,-0.006673276198536434,-2.0390078465075776,1,-10.801143706748773
12.062,0.0373761,-0.2918475,10.1848401,0.4192635348831839,1,-0.004687761367527794,-2.0322990299159915,1,-10.833714161760161
12.078,0.0373761,-0.3053853,10.211719500000001,0.41985533391212293,1,0.03698743930868883,-2.0255860789656293,1,-10.866177242631215
12.093,0.0777933,-0.2425032,10.190824200000002,0.4198876446240192,1,0.0021540474597495194,-2.019288006626608,1,-10.896513798273158
12.125,0.11978010000000001,-0.2425032,10.3090347,0.4228112705975189,1,0.09136331167186587,-2.0058048239830635,1,-10.960915283562914
12.14,0.0643536,-0.2559429,10.3090347,0.42565944148497614,1,0.18987805916380998,-1.999441293642445,1,-10.990954629445106
12.156,0.1032993,-0.24103170000000002,10.2177036,0.42621024176646394,1,0.03442501759298719,-1.9926263361764358,1,-11.022891170483657
12.187,0.1332198,-0.261927,10.2177036,0.4267685897868567,1,0.018011226464284075,-1.9794051642873596,1,-11.084457658740844
12.203,0.1332198,-0.2065986,10.2865698,0.4289615716202757,1,0.13706136458868634,-1.9725593229961025,1,-11.116073374639111
12.218,0.11526750000000001,-0.2065986,10.3106043,0.4316818316599722,1,0.18135066931309302,-1.9661044974715003,1,-11.14561335329262
12.234,0.059841000000000005,-0.23347800000000002,10.3106043,0.4343382546576411,1,0.16602643735430508,-1.9591763367809594,1,-11.177015599966639
12.25,0.053856900000000006,-0.2798793,10.277642700000001,0.4361536138730955,1,0.11345995096589946,-1.9522124018327134,1,-11.208306709875549
12.265,0.053856900000000006,-0.2843919,10.3419963,0.43949669803169833,1,0.2228722772401815,-1.9456450244934271,1,-11.237540640572997
12.281,0.0777933,-0.2843919,10.2626334,0.4408270696872627,1,0.08314822847277352,-1.9386024343516755,1,-11.268614620243758
12.296,0.0329616,-0.2544714,10.2626334,0.4420999429311916,1,0.08485821626193249,-1.9319804817570376,1,-11.29764399211457
12.312,0.08377740000000002,-0.2649681,10.2551778,0.4431735170142641,1,0.06709838019203213,-1.924898294077474,1,-11.328499022321246
12.328,0.04041720000000001,-0.19011780000000003,10.2551778,0.4441740084135599,1,0.06253071245598812,-1.9177995138740513,1,-11.359240604784858
12.343,0.04041720000000001,-0.2260224,10.2791142,0.44575153022443104,1,0.10516812072473726,-1.911125072334266,1,-11.387957539181421
12.359,0.04041720000000001,-0.2260224,10.235754000000002,0.4462332748969118,1,0.030109042030046468,-1.9039891938932954,1,-11.418478453311241
12.375,0.0973152,-0.24701580000000004,10.235754000000002,0.44672443195782385,1,0.030697316307004535,-1.8968455322384574,1,-11.448885131120296
12.406,0.0973152,-0.2709522,10.2581208,0.4477636923101489,1,0.03352452749435564,-1.8829809663123036,1,-11.507472441847833
12.421,0.0777933,-0.205029,10.2341844,0.44815256957396166,1,0.025925150920852694,-1.8762615943481733,1,-11.535666761052784
12.437,0.0733788,-0.2604555,10.2341844,0.44856190180224687,1,0.02558326426782551,-1.8690878785771636,1,-11.565629556836187
12.453,0.0733788,-0.2200383,10.226728800000002,0.4487563188926291,1,0.01215106814889121,-1.8619093328116045,1,-11.595477534527298
12.468,0.049442400000000004,-0.2200383,10.256649300000001,0.44967208065153486,1,0.061050783927046416,-1.8551711198150231,1,-11.623355637921998
12.484,0.0748503,-0.23200650000000003,10.256649300000001,0.450575691625124,1,0.056475685849322006,-1.84796913763681,1,-11.652980759981613
12.5,0.0748503,-0.2260224,10.2312414,0.4508344677351541,1,0.016173506876882,-1.8407578563619278,1,-11.682490575933603
12.531,0.0658251,-0.2260224,10.2731301,0.4521068256805112,1,0.04104380468893704,-1.8267622663139846,1,-11.739337137835081
12.546,0.0763218,-0.2394621,10.2731301,0.45335734554376295,1,0.08336799088345694,-1.819971285029803,1,-11.766687639470158
12.562,0.0763218,-0.2754648,10.270187100000001,0.45452761182446366,1,0.07314164254379467,-1.8127082053708572,1,-11.795749075393363
12.578,0.0628821,-0.24397470000000002,10.270187100000001,0.4556476979348396,1,0.07000538189849687,-1.8054268028927827,1,-11.824694155459472
12.593,0.0748503,-0.24397470000000002,10.259690400000002,0.4564864836540323,1,0.05591904794617881,-1.7985857965308658,1,-11.85172424995515
12.609,0.0614106,-0.2604555,10.259690400000002,0.45731251360391845,1,0.05162687186788246,-1.791275404552802,1,-11.88044313956382
12.64,0.08534699999999999,-0.2274939,10.271658600000002,0.45839528455934975,1,0.0349280953364929,-1.777081933681271,1,-11.935752678306448
12.656,0.056898,-0.2679111,10.271658600000002,0.4594706082832687,1,0.0672077327449338,-1.7697390065385301,1,-11.964127245828207
12.671,0.056898,-0.2484873,10.2177036,0.4591922314451402,1,-0.018558455875233502,-1.7628490352405677,1,-11.990621656141549
12.687,0.09584369999999999,-0.2484873,10.270187100000001,0.4602073947920875,1,0.06344770918420556,-1.75549383823067,1,-12.01876839912932
12.703,0.0673947,-0.2260224,10.270187100000001,0.4611796313453844,1,0.06076478458105766,-1.7481227420215701,1,-12.046797331771337
12.718,0.0658251,-0.2365191,10.3090347,0.46308090301358185,1,0.12675144454649012,-1.7411907880138777,1,-12.072967183246604
12.734,0.0658251,-0.2529999,10.292553900000001,0.4645435016567916,1,0.09141241520060897,-1.7337697927765148,1,-12.100766867892927
12.75,0.10928340000000002,-0.2529999,10.2401685,0.46470220813235485,1,0.009919154722703985,-1.7263358270982017,1,-12.128447712851925
12.765,0.0763218,-0.2529999,10.2401685,0.46484976044551907,1,0.009836820877613763,-1.7193641873338674,1,-12.154290462960166
12.781,0.0763218,-0.2215098,10.253706300000001,0.465306028172753,1,0.028516732952121846,-1.7119229410249213,1,-12.181740759987036
12.796,0.0643536,-0.2215098,10.3180599,0.4673183709848967,1,0.13415618747625654,-1.7049282580312395,1,-12.207367143979955
12.812,0.0254079,-0.2679111,10.3180599,0.46930433491144896,1,0.12412274540951607,-1.6974352763840688,1,-12.234586052255278
12.828,0.0254079,-0.2754648,10.2312414,0.46912995288833415,1,-0.01089887644467601,-1.6899278020816706,1,-12.261684956883004
12.843,0.0269775,-0.2754648,10.267146,0.469835324855028,1,0.04702479777958797,-1.6828855624985952,1,-12.286981057117357
12.859,0.0748503,-0.2544714,10.267146,0.47051607112961946,1,0.04254664216196687,-1.675362751330718,1,-12.313847043627991
12.875,0.059841000000000005,-0.2769363,10.268617500000001,0.47122786473014955,1,0.04448710003313035,-1.66782879984384,1,-12.340592576037388
12.906,0.059841000000000005,-0.2514303,10.313547300000002,0.47300180157983185,1,0.05722376934458926,-1.653193240016035,1,-12.392068417655217
12.921,0.0718092,-0.2514303,10.3030506,0.47447839940668857,1,0.09843985512378914,-1.6460871385086366,1,-12.41681302049415
12.937,0.0643536,-0.2829204,10.3030506,0.4759376911816382,1,0.09120573593435202,-1.63848380978393,1,-12.44308958808049
12.953,0.0643536,-0.23799060000000002,10.3030506,0.477333697467758,1,0.0872503928824874,-1.6308576386747349,1,-12.469244319668158
12.968,0.049442400000000004,-0.23799060000000002,10.268617500000001,0.4778540496429926,1,0.03469014501563911,-1.6236937305714039,1,-12.493653454937505
12.984,0.0478728,-0.2694807,10.268617500000001,0.47838050133459475,1,0.03290323072513421,-1.616043854163583,1,-12.519571355615385
13.0,0.0478728,-0.261927,10.307563200000002,0.4798389243545653,1,0.09115143874816037,-1.6083780987580698,1,-12.545366731238758
13.015,0.056898,-0.261927,10.3180599,0.48151882508684807,1,0.11199338215217886,-1.601167915637259,1,-12.569438326346724
13.031,0.09427410000000001,-0.24701580000000004,10.3180599,0.48315546197567727,1,0.102289805551825,-1.5934505213407586,1,-12.594995273842548
13.046,0.0898596,-0.24544620000000003,10.256649300000001,0.4832529708980271,1,0.006500594823322627,-1.5862024580942065,1,-12.618842671188307
13.062,0.0898596,-0.2499588,10.3001076,0.48441036352615185,1,0.07233703925779704,-1.578461151418813,1,-12.644159980064412
13.078,0.029920500000000003,-0.23799060000000002,10.247722200000002,0.48424677241927405,1,-0.01022444417986267,-1.5707118943312495,1,-12.669353364430412
13.093,0.029920500000000003,-0.2260224,10.280585700000001,0.48488191544508297,1,0.04234286838725941,-1.5634434291722665,1,-12.692859529356689
13.109,0.053856900000000006,-0.2260224,10.277642700000001,0.4854321832031925,1,0.03439173488184452,-1.5556809163830803,1,-12.71781252412113
13.125,0.0359046,-0.2738952,10.277642700000001,0.485995507052678,1,0.035207740592846336,-1.5479094948610332,1,-12.742641247411084
13.156,0.0359046,-0.2514303,10.2252573,0.4852537920825082,1,-0.023926289360316898,-1.5328551307244376,1,-12.79039309910766
13.171,0.04188870000000001,-0.2514303,10.3150188,0.48671935363705465,1,0.0977041036364391,-1.5255653321315414,1,-12.81333125257908
13.187,0.058369500000000005,-0.24103170000000002,10.3150188,0.48814507021298326,1,0.08910728599553766,-1.5177664167407412,1,-12.837677906570057
13.203,0.059841000000000005,-0.2514303,10.298538,0.48914042686650205,1,0.062209790844924784,-1.5099481327641053,1,-12.861899622966096
13.218,0.059841000000000005,-0.22455090000000003,10.2791142,0.4896227301612779,1,0.032153552985054255,-1.5026074090863968,1,-12.884493789529975
13.234,0.09427410000000001,-0.22455090000000003,10.1743434,0.4875449030107184,1,-0.12986419690996776,-1.4947900680210209,1,-12.908472969346834
13.25,0.049442400000000004,-0.2484873,10.1743434,0.48552360180142173,1,-0.12633132558104154,-1.4870055199825238,1,-12.932327334050862
13.265,0.049442400000000004,-0.2350476,10.2581208,0.48558660034290213,1,0.004199902765359631,-1.479722193466441,1,-12.95457779190173
13.281,0.0733788,-0.2350476,10.324044,0.487258979239261,1,0.10452368102242805,-1.4719394288297838,1,-12.9781910848801
13.296,0.0823059,-0.2260224,10.324044,0.48888729559866206,1,0.10855442396008094,-1.4646183317685,1,-13.000215268084585
13.312,0.0823059,-0.261927,10.268617500000001,0.48914519976390913,1,0.016119010327941816,-1.4567940718055994,1,-13.023586567313178
13.328,0.10182780000000001,-0.261927,10.2626334,0.48925518205542673,1,0.006873893219849763,-1.4489668687510446,1,-13.046832654837631
13.343,0.0239364,-0.2559429,10.3030506,0.4903326415086493,1,0.0718306302148355,-1.4416199600743138,1,-13.068512056053823
13.359,0.0823059,-0.2484873,10.3030506,0.4913867092021924,1,0.06587923084644393,-1.433766205268627,1,-13.091515145376567
13.39,0.0823059,-0.3338343,10.265674500000001,0.491562765211345,1,0.005679226101696768,-1.418530488415217,1,-13.135725744128667
13.406,0.0643536,-0.23053500000000002,10.2581208,0.49147798674769305,1,-0.005298653978247354,-1.4106661623995447,1,-13.158359317335185
13.421,0.0643536,-0.31284090000000003,10.2791142,0.4919602105079921,1,0.03214825068660591,-1.4032903759201276,1,-13.17946399137258
13.453,0.09584369999999999,-0.2484873,10.2282003,0.4911524321365732,1,-0.02524307410683988,-1.3875605736378145,1,-13.224117606565509
13.468,0.09584369999999999,-0.2484873,10.2282003,0.49036435567665215,1,-0.05253843066140282,-1.380199197729215,1,-13.244875804850762
13.484,0.08377740000000002,-0.21101310000000004,10.235754000000002,0.48975658368268604,1,-0.03798574962288189,-1.3723582302143402,1,-13.26689626427431
13.5,0.0823059,-0.3008727,10.270187100000001,0.49005757112954207,1,0.018811715428501668,-1.3645197169758423,1,-13.288791287851831
13.515,0.0748503,-0.23053500000000002,10.270187100000001,0.4903054593063807,1,0.016525878455907955,-1.3571669942475726,1,-13.309203938186007
13.531,0.0748503,-0.2274939,10.2881394,0.49098339008272873,1,0.04237067352175213,-1.3493166834524597,1,-13.330855807607607
13.546,0.0777933,-0.2274939,10.1982798,0.4894542242512685,1,-0.10194438876402374,-1.3419634013449553,1,-13.351040408243586
13.562,0.0973152,-0.2724237,10.1982798,0.4879932915593379,1,-0.09130829324566206,-1.3341438212184704,1,-13.372449266024093
13.578,0.0973152,-0.2499588,10.235754000000002,0.4874676536086504,1,-0.0328523719179685,-1.3263401336571266,1,-13.393733137663098
13.593,0.08377740000000002,-0.2499588,10.210248,0.4863300253726983,1,-0.07584188239680331,-1.3190366510647662,1,-13.413573463548513
13.609,0.020993400000000002,-0.287433,10.210248,0.4852363347862543,1,-0.06835566165275248,-1.3112641201834945,1,-13.434615869718499
13.64,0.020993400000000002,-0.2784078,10.210248,0.4841632223394594,1,-0.03461653054176922,-1.2962384270480456,1,-13.47503215920059
13.656,0.0449298,-0.2784078,10.283626800000002,0.48490721678817117,1,0.04649965304448496,-1.2884858635350245,1,-13.495709953525253
13.671,0.04188870000000001,-0.2604555,10.207305,0.48376039354606526,1,-0.07645488280706682,-1.2812208564575183,1,-13.514982753925196
13.687,0.059841000000000005,-0.261927,10.207305,0.4826446408721612,1,-0.06973454211900426,-1.2734896161821725,1,-13.535420437706314
13.703,0.059841000000000005,-0.2724237,10.270187100000001,0.48309594147851165,1,0.02820628789690358,-1.2657636915233672,1,-13.555734464167958
13.718,0.08083440000000001,-0.2724237,10.2312414,0.482590209870839,1,-0.0337154405115083,-1.2585210453882467,1,-13.574666599694796
13.734,0.1272357,-0.2784078,10.267146,0.48298757527864034,1,0.024835337987583174,-1.250796423107051,1,-13.594741139442759
13.765,0.0763218,-0.2784078,10.256649300000001,0.483107028128801,1,0.003853317747118765,-1.2358219567542355,1,-13.633283724330608
13.796,0.04041720000000001,-0.2559429,10.2312414,0.48258481113296625,1,-0.016845709543057672,-1.2208537332456786,1,-13.671362197525605
13.812,0.0748503,-0.2858634,10.2731301,0.4831206274469704,1,0.033488519625257646,-1.2131280897370391,1,-13.690834052109468
13.828,0.052385400000000006,-0.261927,10.2731301,0.4836244238224978,1,0.03148727347046518,-1.2053941293268833,1,-13.71018222986198
13.843,0.052385400000000006,-0.21856680000000003,10.268617500000001,0.4839811703651904,1,0.023783102846170863,-1.1981370873704753,1,-13.728208713987211
13.859,0.0748503,-0.21856680000000003,10.250665200000002,0.4838948595240833,1,-0.005394427569194166,-1.1903940791313612,1,-13.747316963319225
13.89,0.1078119,-0.2290635,10.250665200000002,0.48382340312856087,1,-0.0023050450168521468,-1.175394446060245,1,-13.783986685459695
13.89,0.1078119,-0.23799060000000002,10.306091700000001,0.48511007765898917,1,0.0,-1.175394446060245,1,-13.783986685459695
13.921,0.0359046,-0.23799060000000002,10.2746016,0.48558530383364307,1,0.015329876601739227,-1.1603486676471098,1,-13.820190703722158
13.937,0.0628821,-0.2215098,10.2746016,0.48604311535621214,1,0.028613220160567086,-1.152575640293591,1,-13.838694098185684
13.953,0.0628821,-0.2664396,10.3090347,0.48735530900326296,1,0.08201210294067611,-1.1447884528987151,1,-13.857073010931222
13.968,0.0733788,-0.23347800000000002,10.249193700000001,0.48715857964252685,1,-0.013115290715740453,-1.1374795987338715,1,-13.874190021318467
13.984,0.0973152,-0.23347800000000002,10.249193700000001,0.4869715086625739,1,-0.011691936247060209,-1.1296865580274307,1,-13.892327350572558
14.0,0.059841000000000005,-0.34580249999999996,10.249193700000001,0.4868593827861094,1,-0.007007867279029683,-1.1218959108958413,1,-13.910340010323944
14.015,0.059841000000000005,-0.2260224,10.244681100000001,0.4865584939007519,1,-0.020059259023833154,-1.1145952768206895,1,-13.927113694231819
14.031,0.04188870000000001,-0.2260224,10.3090347,0.48783197783674837,1,0.0795927459997791,-1.1068001530467895,1,-13.94488485767076
14.046,0.0554265,-0.24544620000000003,10.3090347,0.4890867894279367,1,0.08365410607922959,-1.099473262292305,1,-13.961431908285801
14.062,0.0554265,-0.258984,10.2581208,0.4890776807737023,1,-0.0005692908896515187,-1.0916479465306919,1,-13.978960877956386
14.078,0.09584369999999999,-0.258984,10.2461526,0.48878425866076647,1,-0.01833888205848842,-1.083825051015216,1,-13.996364661936752
14.093,0.08377740000000002,-0.2499588,10.2461526,0.48848994932393097,1,-0.019620622455699024,-1.0764954944553307,1,-14.012567066027781
14.109,0.08377740000000002,-0.24397470000000002,10.253706300000001,0.48838347969678253,1,-0.006654351696777632,-1.0686805070231649,1,-14.02972847403961
14.14,0.0554265,-0.23799060000000002,10.289610900000001,0.48914695958385046,1,0.024628383453803745,-1.0535287852143147,1,-14.06262271806929
14.156,0.0688662,-0.23799060000000002,10.264203,0.4892742723756296,1,0.007957049486195793,-1.0457014153586388,1,-14.079416559673874
14.171,0.1032993,-0.2709522,10.264203,0.48942544550096656,1,0.010078208355798644,-1.038361167474565,1,-14.095047029045121
14.187,0.1032993,-0.258984,10.1997513,0.487993989512157,1,-0.08946599930059743,-1.03054181199446,1,-14.111598252880873
14.203,0.052385400000000006,-0.258984,10.2791142,0.4885230095835773,1,0.03306375446376905,-1.0227296760016942,1,-14.128024424784842
14.218,0.113796,-0.2604555,10.294123500000001,0.4894180772906047,1,0.05967118046849162,-1.0153951178501375,1,-14.143310360738731
14.25,0.0763218,-0.2604555,10.307563200000002,0.49061056080543786,1,0.03726510983853567,-0.9997146596406008,1,-14.175552117178583
14.265,0.0449298,-0.21856680000000003,10.316588399999999,0.49196579939964025,1,0.09034923961348927,-0.9923453369390625,1,-14.190492567152932
14.281,0.0478728,-0.2604555,10.301579100000001,0.4929460590523682,1,0.06126622829549783,-0.9844660420714464,1,-14.206307058185015
14.296,0.0643536,-0.2604555,10.232712900000001,0.4922255085024414,1,-0.04803670332845805,-0.977077255314786,1,-14.22101863291541
14.312,0.0030411,-0.2664396,10.232712900000001,0.49152136583137285,1,-0.04400891694178451,-0.9692072803201154,1,-14.236588909200488
14.328,0.0030411,-0.2559429,10.3046202,0.4925811566141043,1,0.06623692392071495,-0.9613344601405516,1,-14.252033243124174
14.343,0.09878670000000002,-0.2559429,10.277642700000001,0.49296887913097187,1,0.025848167791171255,-0.9539428348724632,1,-14.266397822836772
14.359,0.1032993,-0.31136939999999996,10.277642700000001,0.4933855210692393,1,0.0260401211417127,-0.9460519996708615,1,-14.281597781513119
14.375,0.1032993,-0.21101310000000004,10.307563200000002,0.4944593981288623,1,0.0671173162264393,-0.9381492403172766,1,-14.296671391433025
14.406,-0.0030411,-0.21101310000000004,10.2850983,0.4949466628175596,1,0.015718215764429017,-0.9228134463726068,1,-14.325516313076719
14.421,0.0614106,-0.19757340000000004,10.2850983,0.4954199930198957,1,0.0315553468224083,-0.9153856964538264,1,-14.339302806647916
14.437,0.0614106,-0.2948886,10.268617500000001,0.4955367863871345,1,0.007299585452424922,-0.9074580422185702,1,-14.353885556557296
14.453,0.059841000000000005,-0.24103170000000002,10.237225500000001,0.4948508055326091,1,-0.04287380340783905,-0.8995349414832122,1,-14.36834150042691
14.468,0.04041720000000001,-0.24103170000000002,10.2626334,0.4947987655443047,1,-0.0034693325536256352,-0.8921125697001351,1,-14.381778856760786
14.484,0.113796,-0.2514303,10.2626334,0.4947675205443005,1,-0.0019528125002610235,-0.8841960394114262,1,-14.395989325633678
14.5,0.0973152,-0.2784078,10.2252573,0.49383864884165973,1,-0.058054481415048494,-0.8762871900563385,1,-14.41007319146942
14.531,0.0733788,-0.24103170000000002,10.2252573,0.49290441491695347,1,-0.030136578216330482,-0.8609926725680797,1,-14.437001029340099
14.546,0.0733788,-0.2559429,10.3106043,0.49408273708625394,1,0.07855481128670445,-0.8535902689280562,1,-14.449860401401319
14.562,0.0614106,-0.2559429,10.282155300000001,0.494536760838141,1,0.028376484492942364,-0.8456813129446611,1,-14.4634545740563
14.578,0.0763218,-0.2575125,10.282155300000001,0.4949831014159578,1,0.02789628611354897,-0.8377651540466283,1,-14.47692214579223
14.593,0.0763218,-0.2634966,10.264203,0.49498454722570884,1,9.638731673551712e-05,-0.8303403966818156,1,-14.489432937422693
14.609,0.09427410000000001,-0.2948886,10.241738100000001,0.49446273817925146,1,-0.03261306540358608,-0.8224248183985758,1,-14.502655059143336
14.625,0.0628821,-0.2948886,10.250665200000002,0.4941654243349287,1,-0.01858211527017149,-0.8145157930984623,1,-14.515750584035313
14.656,0.0688662,-0.23347800000000002,10.250665200000002,0.49383771117790154,1,-0.010571392162166779,-0.7992017444980132,1,-14.540763205868059
14.671,0.0928026,-0.2738952,10.2731301,0.49409468846544513,1,0.017131819169574153,-0.7917922515006887,1,-14.552695660838047
14.687,0.08377740000000002,-0.2724237,10.2731301,0.49434255298605656,1,0.015491532538214323,-0.7838847535690766,1,-14.565301076878605
14.703,0.08377740000000002,-0.3262806,10.253706300000001,0.494149135072087,1,-0.012088619623096254,-0.7759768200646114,1,-14.577779969467674
14.718,0.053856900000000006,-0.3262806,10.2850983,0.49472080132546026,1,0.03811108355821439,-0.7685602955416295,1,-14.58936399783472
14.734,0.0434583,-0.2200383,10.2850983,0.49520852997300224,1,0.03048304047137404,-0.7606408608912418,1,-14.601597607086184
14.75,0.0434583,-0.2709522,10.2013209,0.49367137627325164,1,-0.09607210623441267,-0.7527298216412718,1,-14.613704572546444
14.781,0.0658251,-0.2604555,10.2865698,0.4942464961119626,1,0.0185522528616431,-0.7374170946193007,1,-14.636801849748483
14.796,0.0733788,-0.2559429,10.2865698,0.4948060730894177,1,0.037305131830344535,-0.729999200350291,1,-14.647807471960755
14.812,0.0733788,-0.3008727,10.292553900000001,0.495527537100239,1,0.04509150067633079,-0.7220765314687737,1,-14.659424077815308
14.828,0.1032993,-0.3008727,10.3314996,0.49718710844495284,1,0.10372320904461486,-0.7141348143044122,1,-14.670913768581492
14.843,0.058369500000000005,-0.3008727,10.3314996,0.4987976323554424,1,0.1073682606992991,-0.7066649287484089,1,-14.68156976665439
14.859,0.058369500000000005,-0.261927,10.2761712,0.4989939971410777,1,0.012272799102208676,-0.6986825957124367,1,-14.692812546850076
14.875,0.0733788,-0.261927,10.351021500000002,0.501012900900049,1,0.12618148493570558,-0.6906825405281077,1,-14.70392746794
14.906,0.1437165,-0.2425032,10.351021500000002,0.5029890077071038,1,0.06374538087273215,-0.6751205109446966,1,-14.725097415237828
14.921,-0.0090252,-0.2754648,10.2551778,0.5025759795700342,1,-0.027535209137972874,-0.6675787735401186,1,-14.735167659871463
14.937,-0.0090252,-0.22455090000000003,10.277642700000001,0.5026905540258468,1,0.007160903488290232,-0.6595366412713516,1,-14.745784583189955
14.953,0.1362609,-0.22455090000000003,10.1922957,0.5007433131751053,1,-0.12170255317134326,-0.651509170333744,1,-14.756272949682796
14.968,0.0763218,-0.3278502,10.1922957,0.4988965725639982,1,-0.12311604074047018,-0.6440118711907005,1,-14.76598935749423
14.984,0.0763218,-0.1781496,10.3030506,0.49970512997252037,1,0.05053483803263421,-0.6360230575704083,1,-14.776229636924318
15.0,0.0373761,-0.1781496,10.250665200000002,0.499211233819171,1,-0.030868509584336373,-0.6280317266600748,1,-14.786342075198162
15.015,0.0748503,-0.3008727,10.2432096,0.49862254198674805,1,-0.039246122161527744,-0.6205479733415301,1,-14.795706422948173
15.031,0.0373761,-0.3008727,10.2761712,0.49884679439858637,1,0.014015775739895086,-0.6125682186504474,1,-14.80557135248411
15.062,0.08377740000000002,-0.2679111,10.2013209,0.49722507464649546,1,-0.0523135403900314,-0.5971291046802493,1,-14.824321660995736
15.078,0.08377740000000002,-0.24397470000000002,10.2297699,0.49632192364086336,1,-0.056446937852006,-0.5891807286939504,1,-14.83381213966273
15.093,0.0823059,-0.24397470000000002,10.1863116,0.4943808879502285,1,-0.1294023793756526,-0.5817504576070169,1,-14.842594123559987
15.109,0.1002582,-0.2065986,10.1863116,0.4924709612600324,1,-0.11937041813725446,-0.5738556428133348,1,-14.85183897236335
15.14,0.1002582,-0.344331,10.169830800000002,0.49029670212991583,1,-0.07013739129408242,-0.5586227440307903,1,-14.869392387359435
15.156,0.09427410000000001,-0.344331,10.1683593,0.4881382104983203,1,-0.13490572697472103,-0.5507952647297644,1,-14.878267731429519
15.187,0.0703377,-0.20208600000000002,10.148935500000002,0.4854608169725889,1,-0.08636753308811221,-0.5357044798039658,1,-14.89510847746979
15.203,0.09133110000000001,-0.20208600000000002,10.145894400000001,0.4827786475818989,1,-0.16763558691812439,-0.52795856408753,1,-14.903617781820923
15.218,0.0554265,-0.3083283,10.145894400000001,0.4802207226373252,1,-0.170528329638243,-0.5207360688108855,1,-14.911482991567661
15.234,0.0373761,-0.2934171,10.1234295,0.4771647022120842,1,-0.19100127657756244,-0.5130769854120902,1,-14.919753496001444
15.25,0.0373761,-0.2230794,10.081540799999999,0.4731180503361472,1,-0.2529157422460624,-0.5054747233917044,1,-14.927901909671874
15.265,0.0164808,-0.2230794,9.991681200000002,0.46697758291328384,1,-0.4093644948575404,-0.4984240061423332,1,-14.93543115014338
15.281,0.0344331,-0.2784078,9.991681200000002,0.4610218526538894,1,-0.37223314121215234,-0.4910000106577954,1,-14.94334654227778
15.296,0.0344331,-0.2814489,10.133926200000001,0.45868147499652956,1,-0.15602517715733508,-0.4841022357004178,1,-14.950659809125465
15.312,0.0194238,-0.2814489,10.0860534,0.4552300324056784,1,-0.2157151619281981,-0.47679094364120017,1,-14.958346954560199
15.328,0.08083440000000001,-0.2514303,10.0860534,0.4518508788484752,1,-0.21119709732519956,-0.46953429635116695,1,-14.965917556480138
15.343,0.08083440000000001,-0.2559429,9.9827541,0.44603831678583816,1,-0.3875041375091205,-0.46280012738390935,1,-14.972910064658151
15.359,0.11526750000000001,-0.2559429,9.9842256,0.4404116463316008,1,-0.3516669033898353,-0.45570852767896985,1,-14.980258133898655
15.375,0.10928340000000002,-0.2604555,9.9842256,0.43492341629131204,1,-0.3430143775180469,-0.44870584717798656,1,-14.98749344889751
15.406,0.1287072,-0.2843919,9.934881299999999,0.42838768309204944,1,-0.2108301032020152,-0.4353245251375442,1,-15.001195919668401
15.421,0.13469129999999999,-0.261927,9.901919700000002,0.4211946465280487,1,-0.47953577093342004,-0.428952657665394,1,-15.007677998539423
15.453,0.12272310000000002,-0.2290635,9.901919700000002,0.41415339236057314,1,-0.22003919273361186,-0.41558708904317604,1,-15.02119063448676
15.468,0.09427410000000001,-0.2934171,9.8524773,0.4061123438854448,1,-0.5360698983418677,-0.40943509602133066,1,-15.027378300874744
15.484,0.0614106,-0.21856680000000003,9.8524773,0.398213671865447,1,-0.49366700124986407,-0.4030004878953235,1,-15.033877785546078
15.5,0.0614106,-0.2664396,9.8225568,0.3898068938153312,1,-0.5254236281322373,-0.39669632336987726,1,-15.0402753600362
15.515,-0.0014715,-0.2664396,9.898878600000002,0.383461309522767,1,-0.4230389528375943,-0.3908968118448413,1,-15.04618230855031
15.531,-0.0059841,-0.2994012,9.898878600000002,0.3772935050929398,1,-0.38548777686420144,-0.38481077332791563,1,-15.052387969231692
15.546,0.0,-0.2499588,9.7612443,0.3678867920779201,1,-0.6271142010013651,-0.3792219210991346,1,-15.058118214439894
15.562,0.0,-0.2889045,9.8105886,0.359938715603878,1,-0.49675477962762793,-0.3733993170376802,1,-15.064139184344988
15.578,0.0449298,-0.2889045,9.8120601,0.35222287721479617,1,-0.48223989931761535,-0.3677020242951308,1,-15.07006799507565
15.593,0.0688662,-0.2814489,9.8120601,0.34469333116277845,1,-0.5019697368011624,-0.3624751527322988,1,-15.075544323903356
15.625,0.0688662,-0.2394621,9.8704296,0.3387434498239763,1,-0.1859337918375668,-0.3515401642365107,1,-15.086968568974857
15.64,0.1078119,-0.2394621,9.7686999,0.3304668607966299,1,-0.5517726018230726,-0.34652108690685596,1,-15.092204028358433
15.656,0.09133110000000001,-0.2738952,9.7686999,0.32241010247433444,1,-0.5035473951434661,-0.3412980712006882,1,-15.097706581623292
15.671,0.09133110000000001,-0.24701580000000004,9.776155500000002,0.31471415570733186,1,-0.5130631178002134,-0.3365196392643261,1,-15.10279021445178
15.687,0.1317483,-0.24701580000000004,9.833053500000002,0.3086043485215697,1,-0.3818629491101341,-0.3315330912304949,1,-15.108134636295738
15.703,0.1511721,-0.2230794,9.833053500000002,0.3026364238818875,1,-0.37299528998013776,-0.3266431650512672,1,-15.113400046345992
15.718,0.11821050000000001,-0.2769363,9.7806681,0.2955593440332631,1,-0.4718053232416074,-0.32215669679190345,1,-15.118266045309817
15.734,0.11821050000000001,-0.2604555,9.8196138,0.28959332867621157,1,-0.3728759598157213,-0.31747547541022764,1,-15.123383102687434
15.75,0.0389457,-0.2604555,9.806076000000001,0.28342729007525946,1,-0.3853774125595063,-0.31289131046021584,1,-15.128426036974398
15.765,0.08083440000000001,-0.287433,9.806076000000001,0.27743625400731275,1,-0.39940240452976544,-0.3086848338795964,1,-15.133087858056946
15.781,0.08083440000000001,-0.2724237,9.8120601,0.27172678754918955,1,-0.3568416536326998,-0.3042915295471444,1,-15.13799166896436
15.796,0.0194238,-0.24103170000000002,9.830012400000001,0.2665666293573796,1,-0.3440105461206895,-0.3002543289203454,1,-15.142525762902867
15.812,0.0194238,-0.258984,9.7821396,0.26037624125594583,1,-0.386899256339612,-0.2960387859554388,1,-15.147296107821873
15.828,0.031392,-0.258984,9.7911648,0.2545576448173268,1,-0.3636622774136896,-0.29191931486685263,1,-15.151999772628452
15.843,0.031392,-0.258984,9.7911648,0.24888096536501614,1,-0.3784452968206957,-0.2881435252904849,1,-15.156350243929632
15.859,0.0464013,-0.2694807,9.8240283,0.2441523391997098,1,-0.29553913533164583,-0.28419925885396713,1,-15.160928986202787
15.875,0.0464013,-0.22455090000000003,9.8285409,0.23962153385617135,1,-0.28317533397115263,-0.28032906786952005,1,-15.165445212816575
15.906,0.10928340000000002,-0.22455090000000003,9.777627,0.23397197968903427,1,-0.18224368281087022,-0.27298836840956925,1,-15.174021633078901
15.921,0.0434583,-0.2679111,9.777627,0.2284743071827613,1,-0.366511500418228,-0.26952002125803104,1,-15.178090446001407
15.937,0.0434583,-0.24544620000000003,9.7582032,0.2226227484052945,1,-0.3657224235916742,-0.26591124481332656,1,-15.182373896129977
15.953,0.09878670000000002,-0.24544620000000003,9.848062800000001,0.21911464251254031,1,-0.21925661829713652,-0.26237734568598386,1,-15.186600204853972
15.968,0.08083440000000001,-0.2843919,9.848062800000001,0.2157136510842026,1,-0.22673276188917263,-0.2591161334840082,1,-15.190511405947747
15.984,0.08083440000000001,-0.2544714,9.7895952,0.21095014113958754,1,-0.29771937153844047,-0.2557028231462179,1,-15.194629957600789
16.0,0.0658251,-0.2544714,9.8016615,0.2065942673194474,1,-0.27224211375875806,-0.2523624678785456,1,-15.198694479928987
16.015,0.09427410000000001,-0.2274939,9.827069400000001,0.20295363740782868,1,-0.2427086607745729,-0.2492908585930909,1,-15.202456879877523
16.031,0.0329616,-0.2814489,9.827069400000001,0.19942619056647182,1,-0.2204654275848282,-0.2460718199692969,1,-15.206419781306023
16.046,0.0329616,-0.2829204,9.8196138,0.19580404166489274,1,-0.24147659343859623,-0.24310759322756154,1,-15.210088626905
16.062,0.0688662,-0.2829204,9.7911648,0.19158120415319502,1,-0.2639273444810779,-0.2400085112610165,1,-15.21395355574091
16.093,0.052385400000000006,-0.2604555,9.7911648,0.18744367692705133,1,-0.13346862019818867,-0.2341336256042729,1,-15.22130275886232
16.109,0.052385400000000006,-0.2514303,9.7866522,0.18329128733791755,1,-0.25952434932083196,-0.23116774589015282,1,-15.225025169834277
16.125,0.050913900000000005,-0.2514303,9.7627158,0.17865637251905753,1,-0.2896821761787835,-0.22827216461129735,1,-15.228700689118288
16.14,0.0763218,-0.2679111,9.7627158,0.1741492288150681,1,-0.3004762469326162,-0.2256261226012913,1,-15.232104926272383
16.156,0.0763218,-0.2575125,9.6967926,0.16813792250567872,1,-0.37570664433687867,-0.22288782539072563,1,-15.235693037856318
16.171,0.056898,-0.2575125,9.818044200000001,0.16522625677735547,1,-0.1941110485548755,-0.22038759404610278,1,-15.239017603502095
16.187,0.09133110000000001,-0.2784078,9.723770100000001,0.1601075132026306,1,-0.31992147342026794,-0.2177849238862626,1,-15.242522983645554
16.218,0.031392,-0.2769363,9.803133,0.15703826339521854,1,-0.09900805830361922,-0.21286916434899614,1,-15.2491981220132
16.234,0.0658251,-0.2769363,9.7507476,0.1527708844039104,1,-0.2667111869567286,-0.21039069116660283,1,-15.252584200857324
16.25,0.050913900000000005,-0.2365191,9.7926363,0.14960082888817716,1,-0.19812846973334924,-0.2079717174602664,1,-15.25593110012634
16.265,0.11821050000000001,-0.2365191,9.7612443,0.14575688216124227,1,-0.2562631151289828,-0.20575653462739568,1,-15.259034062016998
16.281,0.09133110000000001,-0.2575125,9.7612443,0.1420126086776996,1,-0.2340170927214427,-0.2034543787006844,1,-15.262307749323622
16.296,0.09133110000000001,-0.2784078,9.836094600000001,0.1401984448452982,1,-0.12094425549342244,-0.20133779579926184,1,-15.26534369063237
16.312,0.0793629,-0.2784078,9.8225568,0.13809595003973385,1,-0.13140592534775702,-0.19911144064018133,1,-15.268547284523887
16.328,0.0823059,-0.2260224,9.8196138,0.13594077167709173,1,-0.13469864766514722,-0.19691914686644696,1,-15.27171552922394
16.359,0.09133110000000001,-0.2889045,9.8196138,0.13388030130972162,1,-0.0664667860441922,-0.19273692023515104,1,-15.277755198264014
16.375,0.09133110000000001,-0.23347800000000002,9.716314500000001,0.12931547688734568,1,-0.28530152639852735,-0.19063135400957473,1,-15.280822144457971
16.39,0.059841000000000005,-0.23347800000000002,9.771642900000002,0.12620507717768348,1,-0.20735998064413907,-0.18871494985408693,1,-15.28366724173695
16.406,0.09133110000000001,-0.2499588,9.771642900000002,0.12318642001878288,1,-0.18866607243130798,-0.18671981787651543,1,-15.286670719878794
16.421,0.09133110000000001,-0.2394621,9.777627,0.12038088303478034,1,-0.1870357989334958,-0.18489306310361364,1,-15.289457816486145
16.437,0.0688662,-0.2394621,9.759674700000001,0.11720156805753312,1,-0.19870718607792878,-0.18299240349487492,1,-15.292400900218933
16.453,0.0763218,-0.24701580000000004,9.759674700000001,0.11410573962278114,1,-0.19348927717202002,-0.18114194503343262,1,-15.29531397500716
16.468,0.0763218,-0.2754648,9.7507476,0.11088634447913748,1,-0.2146263429095696,-0.17945450440266816,1,-15.298018448377931
16.484,0.0868185,-0.2754648,9.7372098,0.10741756666931224,1,-0.2167986131140533,-0.17770807311348036,1,-15.300875748998061
16.5,0.0763218,-0.2514303,9.8091171,0.10576859849899733,1,-0.10306051064469271,-0.17600258379213407,1,-15.303705434253306
16.515,0.0703377,-0.2544714,9.7971489,0.1038688688807774,1,-0.12664864121465763,-0.1744303027867857,1,-15.306333680902648
16.546,0.08829,-0.2544714,9.7791966,0.10158132228371386,1,-0.0737918257117299,-0.1712458248237362,1,-15.311691660880612
16.562,0.0329616,-0.24701580000000004,9.7791966,0.09933654550574289,1,-0.14029854862316987,-0.1696384818814204,1,-15.314418735334254
16.578,0.0329616,-0.2738952,9.707289300000001,0.09541083997163824,1,-0.24535659588156772,-0.1680805027976015,1,-15.317120487211685
16.609,0.0823059,-0.2738952,9.6967926,0.09133211993796664,1,-0.13157161398939649,-0.1651859869190024,1,-15.322286117802292
16.625,0.0823059,-0.2350476,9.7911648,0.0896290347545925,1,-0.10644282396089562,-0.16373829768146209,1,-15.324917512079097
16.64,0.0823059,-0.2350476,9.7911648,0.08796748823422718,1,-0.11076976802435048,-0.1624063237590459,1,-15.3273635967399
16.656,0.059841000000000005,-0.2514303,9.7656588,0.08573053411313047,1,-0.13980963256855924,-0.1610167395802672,1,-15.329950981246615
16.671,0.0718092,-0.2499588,9.7656588,0.0835491857321049,1,-0.14542322540169927,-0.15974714168142787,1,-15.332356710356077
16.687,0.0718092,-0.2215098,9.7971489,0.08217213038990678,1,-0.08606595888737281,-0.1584213711524516,1,-15.334902058458749
16.703,0.09427410000000001,-0.2215098,9.7791966,0.08039557606588232,1,-0.11103464525154096,-0.15712082950080544,1,-15.337426396063975
16.718,0.0973152,-0.2843919,9.7791966,0.07870273453888466,1,-0.11285610179984026,-0.15592759217126964,1,-15.339774259226516
16.734,0.0973152,-0.2394621,9.708858900000001,0.07530689219299269,1,-0.212240146618224,-0.15469551515741448,1,-15.342259244085145
16.75,0.0688662,-0.2394621,9.806076000000001,0.07435831496113643,1,-0.05928607699102293,-0.15349819350018157,1,-15.344724793754406
16.765,0.04041720000000001,-0.2738952,9.806076000000001,0.07345098377081882,1,-0.060488746021171456,-0.15238962375969187,1,-15.347018952383854
16.781,0.04041720000000001,-0.2994012,9.752219100000001,0.07127100313694612,1,-0.1362487896170589,-0.15123184786442986,1,-15.349447924156847
16.796,0.0973152,-0.2994012,9.7926363,0.07013926186211172,1,-0.07544941832229027,-0.15017127087693688,1,-15.351708447547407
16.812,0.0793629,-0.2559429,9.855518400000001,0.07053427344993679,1,0.02468822423906393,-0.14904588259444038,1,-15.35410218477518
16.828,0.0733788,-0.2544714,9.855518400000001,0.07091759098733164,1,0.02395734608718045,-0.14791426767894236,1,-15.356477865977366
16.843,0.0733788,-0.2514303,9.7342668,0.06833335697590748,1,-0.17228226742827066,-0.14686988556921804,1,-15.358688747126727
16.875,0.11526750000000001,-0.2514303,9.7656588,0.06658739974055905,1,-0.054561163604638314,-0.14471115346175456,1,-15.363354043751222
16.89,0.0373761,-0.2575125,9.752219100000001,0.06454536797764732,1,-0.13613545086077708,-0.14372765770386797,1,-15.365517334834964
16.906,0.0688662,-0.2575125,9.7971489,0.06365276550205401,1,-0.05578765472458783,-0.14270207263603046,1,-15.367808772677682
16.921,0.08534699999999999,-0.2934171,9.7971489,0.06280970808814779,1,-0.05620382759374607,-0.14175360408410392,1,-15.369942190253083
16.937,0.08534699999999999,-0.23347800000000002,9.7327953,0.06037882568042541,1,-0.15193015048263167,-0.14076809581395522,1,-15.372202363852267
16.953,0.0688662,-0.2694807,9.7058178,0.057369011868258823,1,-0.1881133632604322,-0.13982611311356585,1,-15.374447117523687
16.968,0.0673947,-0.2694807,9.759674700000001,0.05574540456128574,1,-0.10824048713153489,-0.13897775499034423,1,-15.376538146534466
16.984,0.0688662,-0.2260224,9.759674700000001,0.05413474998801604,1,-0.1006659108293449,-0.13809871375394972,1,-15.37875475828442
17.015,0.0688662,-0.2499588,9.8136297,0.05389312549469416,1,-0.007794338494254468,-0.13642428168396778,1,-15.383009864713708
17.031,0.049442400000000004,-0.2604555,9.8136297,0.05366119508278899,1,-0.014495650744074592,-0.13556384711934802,1,-15.385185769744135
17.046,0.049442400000000004,-0.2604555,9.830012400000001,0.053834354082619384,1,0.011543933322025678,-0.13475763050060743,1,-15.387213180826285
17.062,0.0823059,-0.2604555,9.714843,0.051200746055689805,2,-0.16460050168308027,-0.13391734969950086,1,-15.389362580667886
17.078,0.1078119,-0.2274939,9.714843,0.0486172748278868,2,-0.16146695173770545,-0.13311880553243233,1,-15.391498869909741
17.093,0.1078119,-0.261927,9.8405091,0.04918170336757477,2,0.03762856931252968,-0.13238531319596633,1,-15.393490150800204
17.125,0.09584369999999999,-0.23053500000000002,9.746235,0.047411573010784025,2,-0.05531657364971072,-0.1308398207739126,1,-15.397701752943723
17.14,0.052385400000000006,-0.23053500000000002,9.7686999,0.04622432232788931,2,-0.07915004552631126,-0.13013755155887252,1,-15.39965908323622
17.156,0.0628821,-0.2934171,9.7686999,0.04510865402464326,2,-0.06972926895288602,-0.12940688774805234,1,-15.401735438750675
17.171,0.0628821,-0.287433,9.821085300000002,0.045292976525946216,2,0.012288166753530077,-0.1287288755189229,1,-15.403671456975177
17.187,0.056898,-0.287433,9.7507476,0.04375712856702485,2,-0.09599049743257462,-0.12801647467817906,1,-15.405725419776754
17.203,0.0179523,-0.20208600000000002,9.7507476,0.04220286072644086,2,-0.09714174003651004,-0.1273287947638314,1,-15.40776818193229
17.218,0.0179523,-0.23799060000000002,9.7252416,0.04008434776218017,2,-0.14123419761737385,-0.12671164070016672,1,-15.40967348519827
17.234,0.0329616,-0.23799060000000002,9.788123700000002,0.03955170874713687,2,-0.03328993844020261,-0.1260745522480921,1,-15.411695774741856
17.25,0.0898596,-0.2724237,9.788123700000002,0.03906265357401928,2,-0.030565948319852855,-0.12544563734952294,1,-15.413707936258637
17.265,0.0898596,-0.2724237,9.8105886,0.039133216348217204,2,0.0047041849465281034,-0.12485916832510613,1,-15.415585222301198
17.281,0.0748503,-0.2724237,9.800091900000002,0.038943075441622454,2,-0.011883806662173122,-0.12423455799078748,1,-15.417577972111724
17.296,0.0733788,-0.2724237,9.7372098,0.037224230320905605,2,-0.1145896747144523,-0.12366330319756849,1,-15.419437206070636
17.312,0.0763218,-0.2694807,9.7372098,0.035545863235521225,2,-0.10489794283651202,-0.123081142449117,1,-15.42141116163581
17.328,0.0763218,-0.2575125,9.7567317,0.034376499057431786,2,-0.07308526113059793,-0.12252176355077343,1,-15.423375984883808
17.359,0.0733788,-0.2649681,9.7342668,0.03269226608128406,2,-0.05433009600476122,-0.12148219769112326,1,-15.427158046283058
17.375,0.0733788,-0.2664396,9.746235,0.031341881107730174,2,-0.0843990608471272,-0.12096992451361119,1,-15.429097663260695
17.39,0.0554265,-0.2664396,9.8091171,0.03155465615780706,2,0.014185003338458494,-0.12049820048411963,1,-15.430908674198179
17.406,0.04041720000000001,-0.2575125,9.8091171,0.03175464079859047,2,0.012499040048964672,-0.1199917261084685,1,-15.43283259361092
17.437,0.0793629,-0.23347800000000002,9.8091171,0.031940879204785944,2,0.006007690522434103,-0.11900444554841608,1,-15.436537034271602
17.453,0.08829,-0.23347800000000002,9.776155500000002,0.031320754907435244,2,-0.03875776858442297,-0.11849835247551838,1,-15.438437056655793
17.468,0.09584369999999999,-0.2260224,9.776155500000002,0.03071321792489634,2,-0.04050246550259201,-0.11803309767927586,1,-15.440211042531955
17.484,0.09584369999999999,-0.2529999,9.8076456,0.03090437190477857,2,0.011947123742638061,-0.11754015696063841,1,-15.442095628569074
17.5,0.059841000000000005,-0.2529999,9.7417224,0.029476582129930762,2,-0.08923686092799793,-0.1170571093283608,1,-15.443972406699386
17.515,0.0777933,-0.2575125,9.7417224,0.028089591338533282,2,-0.0924660527598285,-0.1166253630273473,1,-15.445725025242053
17.531,0.0777933,-0.2994012,9.7297542,0.026473860113013004,2,-0.10098320159502851,-0.11618885541573498,1,-15.447587538989598
17.546,0.0718092,-0.2994012,9.723770100000001,0.024750534863180462,2,-0.11488834998883174,-0.11580467245341351,1,-15.449327490448617
17.562,0.0464013,-0.2365191,9.723770100000001,0.0230232289117005,2,-0.10795662196748558,-0.11542248234321442,1,-15.45117730768699
17.578,0.053856900000000006,-0.2634966,9.764187300000001,0.022341311289922672,2,-0.04261985136111893,-0.11505956602160147,1,-15.453021164073908
17.609,0.053856900000000006,-0.3053853,9.7627158,0.021669902984267964,2,-0.02165833244047281,-0.11437739220035147,1,-15.456577436926349
17.625,0.0554265,-0.3053853,9.771642900000002,0.021232708947527712,2,-0.027324627296268732,-0.11403417130489714,1,-15.45840472943439
17.64,0.052385400000000006,-0.2290635,9.771642900000002,0.020754882843444733,2,-0.03185507360553073,-0.11371926436646483,1,-15.460112880201926
17.656,0.052385400000000006,-0.2484873,9.723770100000001,0.019133050553730158,2,-0.10136451810717212,-0.11340016089928746,1,-15.461929835604051
17.671,0.058369500000000005,-0.2065986,9.839037600000001,0.020338430682699027,2,0.08035867526458824,-0.11310412479001423,1,-15.463628617746721
17.687,0.058369500000000005,-0.3008727,9.7911648,0.020406627066297034,2,0.004262273974874964,-0.11277816432802223,1,-15.465435676059666
17.703,0.0194238,-0.3008727,9.7895952,0.020431123574848442,2,0.0015310317844631793,-0.1124514623228931,1,-15.467237513072874
17.718,0.1032993,-0.2080701,9.7895952,0.020409025784223545,2,-0.001473186041659783,-0.11214516120270006,1,-15.468921987749315
17.75,0.09878670000000002,-0.2604555,9.7941078,0.02052691465175549,2,0.0036840271103732967,-0.1114901861557244,1,-15.47250015330705
17.765,0.04188870000000001,-0.20355750000000003,9.759674700000001,0.019759459580393823,2,-0.05116367142410918,-0.11118803834898326,1,-15.474170239990837
17.781,0.0359046,-0.2649681,9.759674700000001,0.01904608295852661,2,-0.044586038866705674,-0.11087759400867193,1,-15.475946765049699
17.796,0.0359046,-0.2350476,9.7701714,0.018587359208764198,2,-0.030581583317493045,-0.11059534319241725,1,-15.477607812078707
17.812,0.0763218,-0.2350476,9.8091171,0.019095076382876996,2,0.031732323382046346,-0.11029388370768409,1,-15.479374925893909
17.828,0.0554265,-0.2709522,9.8091171,0.01960956771685396,2,0.03215570837356373,-0.10998424655488627,1,-15.481137150936009
17.843,0.0554265,-0.2858634,9.728282700000001,0.018151133145526188,2,-0.09722897142184773,-0.10970104129841841,1,-15.48278479059491
17.875,0.0718092,-0.2858634,9.788123700000002,0.018189753239436612,2,0.0012068779347007552,-0.109119587116259,1,-15.486285920649545
17.89,0.0239364,-0.2394621,9.788123700000002,0.018191364200450977,2,0.00010739740095762396,-0.10884672873545984,1,-15.487920668018432
17.906,0.1437165,-0.2575125,9.7911648,0.018303258001456157,2,0.006993362562824561,-0.10855477175784461,1,-15.489659880022378
17.921,0.1437165,-0.2365191,9.8240283,0.019200740201251065,2,0.05983214665299159,-0.1082734917713243,1,-15.491286091998846
17.937,0.08534699999999999,-0.2365191,9.800091900000002,0.019476118231660067,2,0.017211126900560664,-0.10796407690386098,1,-15.493015992548248
17.953,0.09427410000000001,-0.24544620000000003,9.800091900000002,0.019752126612287313,2,0.01725052378920479,-0.10765025094510944,1,-15.494740907171039
17.968,0.09427410000000001,-0.23200650000000003,9.774684,0.019393918681521072,2,-0.023880528717748505,-0.10735665560540586,1,-15.496353458970168
17.984,0.09427410000000001,-0.23200650000000003,9.716314500000001,0.017621270997397076,2,-0.11079048025773734,-0.10706053408797449,1,-15.498068796487715
18.0,0.0389457,-0.2769363,9.716314500000001,0.015911300502340353,2,-0.10687315594105695,-0.10679227351597662,1,-15.499779618948546
18.015,0.0389457,-0.2814489,9.7821396,0.01585100672623163,2,-0.00401958507391464,-0.10655405621176231,1,-15.501379716421503
18.031,0.050913900000000005,-0.2814489,9.7926363,0.016049431530074543,2,0.012401550240183334,-0.10629885270571189,1,-15.503082539692842
18.046,0.0224649,-0.2559429,9.7926363,0.016223355109325155,2,0.011594905283373707,-0.10605680680591638,1,-15.50467520713918
18.062,0.0030411,-0.2754648,9.749178,0.015345796855342542,2,-0.054847390873907186,-0.10580425359019902,1,-15.506370095622348
18.078,0.0030411,-0.23053500000000002,9.7971489,0.015630910367871564,2,0.017819594533065884,-0.10555643993241333,1,-15.508060981170528
18.109,0.0389457,-0.23053500000000002,9.7732125,0.01532729781223452,2,-0.00979395340764587,-0.10507658770562164,1,-15.511325793098917
18.125,-0.010496700000000001,-0.2604555,9.7732125,0.015047661162906678,2,-0.017477290582992005,-0.10483358803382054,1,-15.513005074504832
18.14,-0.010496700000000001,-0.2694807,9.774684,0.014816687318621291,2,-0.015398256285691886,-0.10460960542020907,1,-15.514575898455737
18.156,0.08829,-0.2694807,9.7866522,0.014892715758932695,2,0.004751777519463286,-0.10437193019558866,1,-15.516247750740664
