timestamps,acc_x,acc_y,acc_z,aAcc,aStages,aJerk,aVelocity,avStages,aHeight
0.047,0.1107549,-0.34580249999999996,9.8196138,-0.00266814477434707,0,0.0,0.0,0,0.0
0.063,0.08083440000000001,-0.35777070000000005,9.8196138,-0.0026648087401142107,0,0.00020850213955370123,0.0,0,0.0
0.079,0.08083440000000001,-0.36669779999999996,9.818044200000001,-0.0026917828048311776,0,-0.0016858790448104344,0.0,0,0.0
0.094,0.10477080000000001,-0.36669779999999996,9.851005800000001,-0.0019092470395065675,0,0.052169051021640676,0.0,0,0.0
0.11,0.09427410000000001,-0.36826739999999997,9.851005800000001,-0.0011469550208236257,0,0.047643251167683864,0.0,0,0.0
0.125,0.09427410000000001,-0.3307932,9.8196138,-0.001200854726429057,0,-0.0035933137070287557,0.0,0,0.0
0.141,0.0733788,-0.3307932,9.7656588,-0.0025729763527415628,0,-0.08575760164453168,0.0,0,0.0
0.157,0.020993400000000002,-0.3023442,9.7821396,-0.0035385051802752088,0,-0.06034555172085282,0.0,0,0.0
0.172,0.0643536,-0.34580249999999996,9.7821396,-0.004440777908801152,0,-0.06015151523506296,0.0,0,0.0
0.188,0.0643536,-0.33981839999999996,9.8615025,-0.0033916741262416394,0,0.0655689864099695,0.0,0,0.0
0.204,0.08829,-0.33981839999999996,9.818044200000001,-0.0034229271158068286,0,-0.0019533118478243256,0.0,0,0.0
0.219,0.09878670000000002,-0.38023560000000006,9.818044200000001,-0.003414857786228964,0,0.000537955305190962,0.0,0,0.0
0.235,0.09878670000000002,-0.35178660000000006,9.866015100000002,-0.0022636169174781173,0,0.07195255429692798,-1.4897008572050015e-05,0,-1.1917606857640002e-07
0.25,0.08377740000000002,-0.35178660000000006,9.8196138,-0.002274815803856356,0,-0.0007465924252159078,0.0,0,-2.3090363286677525e-07
0.266,0.0688662,-0.36826739999999997,9.8196138,-0.0022738387492662326,0,6.106591188270721e-05,0.0,0,-2.3090363286677525e-07
0.282,0.0688662,-0.34128990000000003,9.8240283,-0.0021890391041434754,0,0.005299977820172344,0.0,0,-2.3090363286677525e-07
0.297,0.0614106,-0.34128990000000003,9.831582000000001,-0.0019233907046150023,0,0.017709893301898188,0.0,0,-2.3090363286677525e-07
0.313,0.0973152,-0.3427614,9.818044200000001,-0.001985882560935792,0,-0.0039057410200493657,0.0,0,-2.3090363286677525e-07
0.329,0.0973152,-0.3427614,9.818044200000001,-0.0020468502256392185,0,-0.00381047904396414,0.0,0,-2.3090363286677525e-07
0.344,0.0763218,-0.35777070000000005,9.8196138,-0.0020595478496474584,0,-0.0008465082672159975,0.0,0,-2.3090363286677525e-07
0.36,0.0763218,-0.35777070000000005,9.803133,-0.00247362738815049,0,-0.02587997115643945,0.0,0,-2.3090363286677525e-07
0.375,0.0643536,-0.3427614,9.803133,-0.002892771853181486,0,-0.027942964335399716,0.0,0,-2.3090363286677525e-07
0.391,0.0643536,-0.3307932,9.821085300000002,-0.002874112389504191,0,0.0011662164798309494,0.0,0,-2.3090363286677525e-07
0.407,0.0643536,-0.3307932,9.821085300000002,-0.0028559080346983734,0,0.001137772175363597,0.0,0,-2.3090363286677525e-07
0.422,0.09133110000000001,-0.39818790000000004,9.839037600000001,-0.0023344917393419706,0,0.03476108635709349,0.0,0,-2.3090363286677525e-07
0.438,0.09133110000000001,-0.32932170000000005,9.8046045,-0.0027271693540829034,0,-0.024542350921308277,0.0,0,-2.3090363286677525e-07
0.469,0.0763218,-0.32932170000000005,9.7956774,-0.003331002190886778,0,-0.019478478606576623,-8.801635032887312e-05,0,-1.5951570629643073e-06
0.485,0.0928026,-0.34580249999999996,9.8151012,-0.0034293605323778564,0,-0.006147396343192385,0.0,0,-2.2992878655952927e-06
0.5,0.08377740000000002,-0.34128990000000003,9.8151012,-0.0035311486134546044,0,-0.006785872071783192,0.0,0,-2.2992878655952927e-06
0.516,0.08377740000000002,-0.33824879999999996,9.8225568,-0.0034512905893127055,0,0.0049911265088686775,0.0,0,-2.2992878655952927e-06
0.532,0.0703377,-0.33824879999999996,9.845021700000002,-0.0028283637222763502,0,0.03893292918977217,0.0,0,-2.2992878655952927e-06
0.547,0.0733788,-0.33226469999999997,9.845021700000002,-0.0022250563466084117,0,0.04022049171119587,0.0,0,-2.2992878655952927e-06
0.563,0.0733788,-0.34128990000000003,9.8076456,-0.002539975794251248,0,-0.019682465477677387,0.0,0,-2.2992878655952927e-06
0.579,0.08083440000000001,-0.34128990000000003,9.833053500000002,-0.0022264755294170158,0,0.019593766552139496,0.0,0,-2.2992878655952927e-06
0.594,0.0628821,-0.3532581,9.833053500000002,-0.001913516755804423,0,0.020863918240839496,0.0,0,-2.2992878655952927e-06
0.61,0.0628821,-0.3173535,9.8151012,-0.0020756588569437184,0,-0.010133881321205953,0.0,0,-2.2992878655952927e-06
0.625,0.0688662,-0.344331,9.8016615,-0.0025382889777390005,0,-0.030842008053018777,-1.2120292857709884e-05,0,-2.390190062028117e-06
0.641,0.1002582,-0.344331,9.8285409,-0.0023278762454630453,0,0.013150795767247191,0.0,0,-2.487152404889796e-06
0.657,0.08377740000000002,-0.37572300000000003,9.8285409,-0.00209832962049461,0,0.014346664060527191,0.0,0,-2.487152404889796e-06
0.672,0.08377740000000002,-0.344331,9.8615025,-0.0010989873590894206,0,0.06662281742701257,0.0,0,-2.487152404889796e-06
0.688,0.08829,-0.344331,9.8255979,-0.000998211209161326,0,0.00629850937050595,0.0,0,-2.487152404889796e-06
0.704,0.0014715,-0.32333760000000006,9.8255979,-0.0009269459989003082,0,0.004454075641313611,0.0,0,-2.487152404889796e-06
0.719,0.0014715,-0.3248091,9.874942200000001,0.0003466298624523745,0,0.0849050574235121,0.0,0,-2.487152404889796e-06
0.735,0.059841000000000005,-0.3248091,9.862974000000001,0.0013018161162516861,0,0.05969914086245692,0.0,0,-2.487152404889796e-06
0.75,0.0703377,-0.35178660000000006,9.862974000000001,0.0022579487213345573,0,0.06374217367219136,0.0,0,-2.487152404889796e-06
0.766,0.0703377,-0.38023560000000006,9.7941078,0.0015381272306029814,0,-0.04498884317072345,0.0,0,-2.487152404889796e-06
0.782,0.0643536,-0.36375480000000004,9.7582032,-5.5494027789038114e-05,0,-0.09960132864950114,0.0,0,-2.487152404889796e-06
0.797,0.053856900000000006,-0.36375480000000004,9.8734707,0.0011976356291913959,0,0.08354197713202886,0.0,0,-2.487152404889796e-06
0.813,0.10477080000000001,-0.3039138,9.8734707,0.00238085190184556,0,0.07395101704088569,0.0,0,-2.487152404889796e-06
0.829,0.10477080000000001,-0.344331,9.855518400000001,0.0031299810879907852,0,0.046820574134076545,0.0,0,-2.487152404889796e-06
0.844,0.08377740000000002,-0.344331,9.833053500000002,0.003308374406110204,0,0.011892887874627897,0.0,0,-2.487152404889796e-06
0.86,0.08083440000000001,-0.344331,9.833053500000002,0.0034818162303960065,0,0.010840114017862657,0.0,0,-2.487152404889796e-06
0.875,0.08083440000000001,-0.3562992,9.7536906,0.0017270855169169153,0,-0.11698204756527265,0.0,0,-2.487152404889796e-06
0.891,0.0643536,-0.3562992,9.7956774,0.0010355299171340704,0,-0.04322222498642776,0.0,0,-2.487152404889796e-06
0.907,0.0643536,-0.3562992,9.7956774,0.0003608415271028065,0,-0.04216802437695396,0.0,0,-2.487152404889796e-06
0.922,0.0777933,-0.3771945,9.8285409,0.0005249845645813878,0,0.010942869165238742,0.0,0,-2.487152404889796e-06
0.938,0.0777933,-0.3771945,9.8285409,0.0006851241133407626,0,0.01000872179746099,0.0,0,-2.487152404889796e-06
0.954,0.056898,-0.34128990000000003,9.821085300000002,0.0006241506471873493,0,-0.003810841634588332,0.0,0,-2.487152404889796e-06
0.969,0.056898,-0.34128990000000003,9.821085300000002,0.0005646643387446915,0,-0.003965753896177183,0.0,0,-2.487152404889796e-06
0.985,0.09133110000000001,-0.35777070000000005,9.866015100000002,0.0016223376537904954,0,0.06610458219036269,0.0,0,-2.487152404889796e-06
1.0,0.0763218,-0.35777070000000005,9.8928945,0.003306251954990458,0,0.11226095341333073,0.0,0,-2.487152404889796e-06
1.016,0.113796,-0.347274,9.8928945,0.004948755017954554,0,0.10265644143525589,0.0,0,-2.487152404889796e-06
1.032,0.113796,-0.3532581,9.752219100000001,0.0031277004150727095,0,-0.11381591268011516,0.0,0,-2.487152404889796e-06
1.047,0.09584369999999999,-0.3532581,9.8105886,0.0027690094660446363,0,-0.023912729935205036,0.0,0,-2.487152404889796e-06
1.079,0.0688662,-0.344331,9.8105886,0.0024058113830545125,0,-0.011349940093441358,3.9223067341882844e-05,0,-1.85958332741967e-06
1.094,0.0688662,-0.33824879999999996,9.7701714,0.0010611411673373539,0,-0.08964468104780983,0.0,0,-1.5654103223555461e-06
1.11,0.0703377,-0.33981839999999996,9.8405091,0.0014653311872994124,0,0.025261876247628635,0.0,0,-1.5654103223555461e-06
1.125,0.058369500000000005,-0.33981839999999996,9.8584614,0.002295348051230661,0,0.05533445759541695,0.0,0,-1.5654103223555461e-06
1.141,0.0643536,-0.3622833,9.8584614,0.003125526800619838,0,0.05188617183682349,0.0,0,-1.5654103223555461e-06
1.172,0.0703377,-0.3487455,9.774684,0.0018825438111420567,0,-0.04009622546702531,0.0,0,-1.5654103223555461e-06
1.204,0.10477080000000001,-0.3427614,9.774684,0.0006722357635275955,0,-0.03782212648795188,0.0,0,-1.5654103223555461e-06
1.219,0.08083440000000001,-0.3427614,9.7701714,-0.000624083776433082,0,-0.08642130266404445,0.0,0,-1.5654103223555461e-06
1.235,0.09133110000000001,-0.3907323,9.818044200000001,-0.0006759943668743773,0,-0.003244411902580954,0.0,0,-1.5654103223555461e-06
1.25,0.0434583,-0.3503151,9.8225568,-0.000661830658586382,0,0.0009442472191996922,0.0,0,-1.5654103223555461e-06
1.266,0.0643536,-0.3503151,9.752219100000001,-0.002359636113846264,0,-0.10611284095374253,0.0,0,-1.5654103223555461e-06
1.282,0.04188870000000001,-0.36826739999999997,9.752219100000001,-0.004002893718277889,0,-0.10270360027697646,0.0,0,-1.5654103223555461e-06
1.297,0.04188870000000001,-0.315882,9.7941078,-0.0046297278683180565,0,-0.04178894333601144,0.0,0,-1.5654103223555461e-06
1.329,0.0763218,-0.315882,9.764187300000001,-0.005965573600237306,0,-0.041745179122476515,0.0,0,-1.5654103223555461e-06
1.344,0.09133110000000001,-0.3503151,9.764187300000001,-0.007237064323922127,0,-0.084766048245654,0.0,0,-1.5654103223555461e-06
1.36,0.09133110000000001,-0.36826739999999997,9.855518400000001,-0.006235519353925412,0,0.06259656062479463,0.0,0,-1.5654103223555461e-06
1.375,0.059841000000000005,-0.36826739999999997,9.877983300000002,-0.00471675544535799,0,0.1012509272378288,0.0,0,-1.5654103223555461e-06
1.391,0.0478728,-0.3427614,9.877983300000002,-0.0032589998593692826,0,0.0911097241242941,0.0,0,-1.5654103223555461e-06
1.407,0.0478728,-0.347274,9.8076456,-0.003547423997298793,0,-0.01802650862059439,0.0,0,-1.5654103223555461e-06
1.422,0.1062423,-0.3562992,9.901919700000002,-0.001512011734215335,0,0.13569415087223144,0.0,0,-1.5654103223555461e-06
1.438,0.0658251,-0.3562992,9.889951500000002,0.00017348527302196715,0,0.10534356295233128,-9.757907894964498e-06,0,-1.6434735855152622e-06
1.454,0.0703377,-0.3278502,9.889951500000002,0.0017946447987355896,0,0.10132247035710132,0.0,0,-1.7215368486749783e-06
1.469,0.0703377,-0.33824879999999996,9.8196138,0.001670299351799187,0,-0.008289696462426763,0.0,0,-1.7215368486749783e-06
1.485,0.0823059,-0.33824879999999996,9.8136297,0.0014053921505308153,0,-0.01655670007927322,0.0,0,-1.7215368486749783e-06
1.5,0.0777933,-0.3427614,9.8136297,0.0011498653494470545,0,-0.01703512007225083,0.0,0,-1.7215368486749783e-06
1.516,0.0777933,-0.3083283,9.740250900000001,-0.000916053302324471,0,-0.12911991573572024,0.0,0,-1.7215368486749783e-06
1.532,0.09584369999999999,-0.3083283,9.7612443,-0.00241590801763536,0,-0.09374091970693046,0.0,0,-1.7215368486749783e-06
1.547,0.09584369999999999,-0.33530580000000004,9.7612443,-0.0038575006505396914,0,-0.09610617552695606,0.0,0,-1.7215368486749783e-06
1.579,0.10477080000000001,-0.3622833,9.8240283,-0.003708018483601805,0,0.004671317716808949,0.0,0,-1.7215368486749783e-06
1.594,0.0973152,-0.3622833,9.839037600000001,-0.003198236869309312,0,0.03398544095283256,0.0,0,-1.7215368486749783e-06
1.61,0.0748503,-0.36973890000000004,9.839037600000001,-0.0026989196656526104,0,0.03120732522854383,0.0,0,-1.7215368486749783e-06
1.625,0.0748503,-0.3307932,9.866015100000002,-0.001587976084460152,0,0.07406290541283105,0.0,0,-1.7215368486749783e-06
1.641,0.0658251,-0.3307932,9.856989900000002,-0.0007256953108569775,0,0.05389254835019836,0.0,0,-1.7215368486749783e-06
1.657,0.0658251,-0.3307932,9.856989900000002,0.00011555422436515528,0,0.05257809595138325,0.0,0,-1.7215368486749783e-06
1.672,0.08534699999999999,-0.3008727,9.856989900000002,0.0009165645242177334,0,0.053400686656838885,0.0,0,-1.7215368486749783e-06
1.704,0.0554265,-0.3367773,9.8105886,0.0005900814347814531,0,-0.010202596544883749,0.0,0,-1.7215368486749783e-06
1.719,0.1107549,-0.36071369999999997,9.8076456,0.00023199500880721757,0,-0.023872428398282172,0.0,0,-1.7215368486749783e-06
1.735,0.1107549,-0.3202965,9.842078700000002,0.0006877729350414086,0,0.028486120389636913,0.0,0,-1.7215368486749783e-06
1.766,0.1062423,-0.3202965,9.7911648,-0.00010984764677424153,0,-0.025729696187601684,0.0,0,-1.7215368486749783e-06
1.782,0.08534699999999999,-0.3622833,9.7911648,-0.000857324612585586,0,-0.04671731036320899,0.0,0,-1.7215368486749783e-06
1.797,0.08534699999999999,-0.33824879999999996,9.7656588,-0.002229229064747429,0,-0.09146029681079013,0.0,0,-1.7215368486749783e-06
1.813,0.0748503,-0.35178660000000006,9.803133,-0.0026447250746812756,0,-0.025968500620865396,0.0,0,-1.7215368486749783e-06
1.829,0.0748503,-0.3487455,9.845021700000002,-0.0020317326082928133,0,0.03831202914927886,0.0,0,-1.7215368486749783e-06
1.844,0.0928026,-0.3487455,9.8405091,-0.0015399549487682407,0,0.0327851773016379,0.0,0,-1.7215368486749783e-06
1.86,0.0823059,-0.33981839999999996,9.8405091,-0.0010700609793179439,0,0.029368373090643524,0.0,0,-1.7215368486749783e-06
1.875,0.0748503,-0.33981839999999996,9.8495343,-0.00039308951536298764,0,0.04513143093033071,0.0,0,-1.7215368486749783e-06
1.907,0.0748503,-0.318825,9.901919700000002,0.0015272512504722613,0,0.060010648932351474,0.0,0,-1.7215368486749783e-06
1.922,0.0643536,-0.318825,9.7941078,0.0007708303472142575,0,-0.05042806021720058,0.0,0,-1.7215368486749783e-06
1.938,0.08083440000000001,-0.3532581,9.7941078,6.463362997344291e-05,0,-0.04413729482755087,0.0,0,-1.7215368486749783e-06
1.954,0.08083440000000001,-0.33981839999999996,9.788123700000002,-0.0007817902327769133,0,-0.052901491421897213,0.0,0,-1.7215368486749783e-06
1.985,0.0718092,-0.3847482,9.818044200000001,-0.0008395663977776024,0,-0.0018637472580867388,0.0,0,-1.7215368486749783e-06
2.0,0.0718092,-0.33981839999999996,9.723770100000001,-0.0032342581761959366,0,-0.15964611856122332,0.0,0,-1.7215368486749783e-06
2.016,0.1032993,-0.33981839999999996,9.830012400000001,-0.002974064308201463,0,0.016262116749654595,0.0,0,-1.7215368486749783e-06
2.032,0.0703377,-0.34580249999999996,9.830012400000001,-0.0027222257595944654,0,0.015739909287937323,0.0,0,-1.7215368486749783e-06
2.063,0.0628821,-0.38023560000000006,9.8644455,-0.001607578910872931,0,0.035956349958759015,-6.496365306190612e-05,0,-2.7284734711345277e-06
2.079,0.031392,-0.38023560000000006,9.774684,-0.0027114401072161343,0,-0.06899132477145015,0.0,0,-3.248182695629777e-06
2.094,0.1122264,-0.347274,9.774684,-0.0038038004281446547,0,-0.07282402139523625,0.0,0,-3.248182695629777e-06
2.11,0.1122264,-0.3218661,9.845021700000002,-0.0031761964851941826,0,0.03922524643440447,0.0,0,-3.248182695629777e-06
2.125,0.08377740000000002,-0.3218661,9.834525,-0.002826674052125,0,0.023301495537945315,0.0,0,-3.248182695629777e-06
2.141,0.0973152,-0.318825,9.834525,-0.002485052942638788,0,0.021351319342888236,0.0,0,-3.248182695629777e-06
2.157,0.0973152,-0.347274,9.8076456,-0.0027834338047281193,0,-0.01864880388058319,0.0,0,-3.248182695629777e-06
2.172,0.0628821,-0.347274,9.8016615,-0.0032272506194850337,0,-0.029587787650460714,0.0,0,-3.248182695629777e-06
2.188,0.0868185,-0.37866600000000006,9.8016615,-0.0036274543681713567,0,-0.025012734292895168,0.0,0,-3.248182695629777e-06
2.204,0.0973152,-0.3503151,9.836094600000001,-0.0032019325889596217,0,0.02659511120073341,0.0,0,-3.248182695629777e-06
2.219,0.0973152,-0.3173535,9.7612443,-0.004638628304762804,0,-0.09577971438688086,-4.7240398938288696e-05,0,-3.6024856876669348e-06
2.25,0.020993400000000002,-0.3173535,9.788123700000002,-0.0053963090132587155,0,-0.024441313177287354,0.0,0,-4.334711871210413e-06
2.266,0.0703377,-0.3817071,9.788123700000002,-0.0060738854373045825,0,-0.042348526502866655,0.0,0,-4.334711871210413e-06
2.282,0.10477080000000001,-0.3503151,9.8255979,-0.005842668038573251,0,0.014451087420708207,0.0,0,-4.334711871210413e-06
2.297,0.1062423,-0.3367773,9.8255979,-0.005628242147860618,0,0.014295059380842072,0.0,0,-4.334711871210413e-06
2.313,0.1062423,-0.3712104,9.818044200000001,-0.005572904755981156,0,0.0034585869924663695,-6.55169124081415e-05,0,-4.858847170475545e-06
2.329,0.1062423,-0.3712104,9.818044200000001,-0.005518917056587469,0,0.0033742312121054466,0.0,0,-5.382982469740678e-06
2.344,0.0628821,-0.3712104,9.743193900000001,-0.007299613956053719,0,-0.11871312663108585,0.0,0,-5.382982469740678e-06
2.36,0.0928026,-0.3083283,9.7926363,-0.007879244773452143,0,-0.03622692608740149,0.0,0,-5.382982469740678e-06
2.375,0.09878670000000002,-0.3847482,9.7926363,-0.008377397360769478,0,-0.033210172487822084,0.0,0,-5.382982469740678e-06
2.391,0.09878670000000002,-0.38023560000000006,9.830012400000001,-0.007956813101026583,0,0.026286516233930943,-0.0001244198390405759,0,-6.378341182065286e-06
2.407,0.0554265,-0.38023560000000006,9.8704296,-0.006569739909629391,0,0.08669207446232444,0.0,0,-7.373699894389894e-06
2.422,0.0434583,-0.36669779999999996,9.843550200000001,-0.005885578770842059,0,0.04561074258582172,0.0,0,-7.373699894389894e-06
2.438,0.0868185,-0.36669779999999996,9.860031000000001,-0.004809434213637331,0,0.06725903482529544,0.0,0,-7.373699894389894e-06
2.454,0.04041720000000001,-0.35178660000000006,9.860031000000001,-0.0037800757232169246,0,0.06433490565127536,0.0,0,-7.373699894389894e-06
2.469,0.04041720000000001,-0.33981839999999996,9.783611100000002,-0.004648824327611933,0,-0.057916573626335156,-5.1540086981245216e-05,0,-7.760250546749226e-06
2.485,0.0344331,-0.33981839999999996,9.8151012,-0.004729356819959563,0,-0.005033280771726818,0.0,0,-8.172571242599189e-06
2.5,0.058369500000000005,-0.344331,9.856989900000002,-0.0037803010642427637,0,0.06327038371445273,0.0,0,-8.172571242599189e-06
2.516,0.09878670000000002,-0.3547296,9.856989900000002,-0.002837552110637631,0,0.05892180960032073,0.0,0,-8.172571242599189e-06
2.532,0.09878670000000002,-0.37425150000000007,9.8091171,-0.0030669288309503884,0,-0.014336045019547316,0.0,0,-8.172571242599189e-06
2.563,0.0673947,-0.37425150000000007,9.8285409,-0.002823795428467335,0,0.007843012983324267,0.0,0,-8.172571242599189e-06
2.579,0.0643536,-0.318825,9.8285409,-0.002634722638074294,0,0.011817049399565061,0.0,0,-8.172571242599189e-06
2.594,0.0643536,-0.3487455,9.836094600000001,-0.002241375827811254,0,0.026223120684203224,0.0,0,-8.172571242599189e-06
2.61,0.0643536,-0.3487455,9.8615025,-0.0012383193168528095,0,0.06269103193490272,0.0,0,-8.172571242599189e-06
2.625,0.08083440000000001,-0.39220380000000005,9.8615025,-0.00021697970382383858,0,0.06808930753526417,-8.640560849194207e-07,0,-8.179051663236085e-06
2.641,0.08083440000000001,-0.2994012,9.7612443,-0.0017439707145765482,0,-0.09543693817204427,0.0,0,-8.18596411191544e-06
2.657,0.0793629,-0.2994012,9.8165727,-0.0018852142882970213,0,-0.008827723357529562,0.0,0,-8.18596411191544e-06
2.672,0.08377740000000002,-0.347274,9.8225568,-0.0018378245567376439,0,0.003159315437291802,0.0,0,-8.18596411191544e-06
2.688,0.0973152,-0.33226469999999997,9.8225568,-0.0018012037387684643,0,0.0022888011230737227,0.0,0,-8.18596411191544e-06
2.704,0.0973152,-0.37572300000000003,9.888480000000001,-0.00012066559833101564,0,0.10503363377734044,0.0,0,-8.18596411191544e-06
2.735,0.0614106,-0.33824879999999996,9.8151012,-0.0003097519078920641,0,-0.006099558372937106,0.0,0,-8.18596411191544e-06
2.75,0.0614106,-0.3053853,9.8240283,-0.00030286815625224506,0,0.00045891677598793116,0.0,0,-8.18596411191544e-06
2.766,0.0718092,-0.3053853,9.7567317,-0.00193497199292203,0,-0.10200648979186146,0.0,0,-8.18596411191544e-06
2.782,0.1302768,-0.3278502,9.7567317,-0.003494738249960605,0,-0.09748539106491086,0.0,0,-8.18596411191544e-06
2.797,0.1302768,-0.3622833,9.8105886,-0.0036742132454623544,0,-0.011964999700116526,0.0,0,-8.18596411191544e-06
2.829,0.09878670000000002,-0.315882,9.7806681,-0.004626713415268213,0,-0.02976563030643306,0.0,0,-8.18596411191544e-06
2.844,0.0643536,-0.33530580000000004,9.7806681,-0.005547220234371153,0,-0.061367121273530625,0.0,0,-8.18596411191544e-06
2.86,0.0643536,-0.34128990000000003,9.833053500000002,-0.005163338286047647,0,0.02399262177021908,-3.91725701407164e-05,0,-8.499344673041172e-06
2.875,0.1078119,-0.34128990000000003,9.7956774,-0.0056905525461399264,0,-0.03514761733948498,0.0,0,-8.793138949096548e-06
2.891,0.08829,-0.37572300000000003,9.7956774,-0.006178956140210801,0,-0.03052522462942961,0.0,0,-8.793138949096548e-06
2.907,0.08829,-0.33530580000000004,9.7956774,-0.006691199482384391,0,-0.03201520888584938,0.0,0,-8.793138949096548e-06
2.922,0.08083440000000001,-0.33530580000000004,9.764187300000001,-0.007960091912456946,0,-0.08459282867150293,0.0,0,-8.793138949096548e-06
2.938,0.0658251,-0.34580249999999996,9.764187300000001,-0.009191859636977995,0,-0.07698548278256549,-6.559436371048229e-05,0,-9.317893858780407e-06
2.954,0.0658251,-0.36071369999999997,9.843550200000001,-0.008446107241706358,0,0.04660952470447728,0.0,0,-9.842648768464266e-06
2.985,0.059841000000000005,-0.347274,9.831582000000001,-0.00802297557284426,0,0.013649408672971033,0.0,0,-9.842648768464266e-06
3.0,0.08083440000000001,-0.36669779999999996,9.831582000000001,-0.007589313296206157,0,0.028910818442539937,-7.90610488833679e-05,0,-1.043560663508953e-05
3.016,0.08083440000000001,-0.36375480000000004,9.860031000000001,-0.006475511098258835,0,0.06961263737170759,0.0,0,-1.1068095026156475e-05
3.032,0.1078119,-0.36375480000000004,9.831582000000001,-0.006075948398054365,0,0.02497266876277935,0.0,0,-1.1068095026156475e-05
3.047,0.0718092,-0.35178660000000006,9.831582000000001,-0.005704761969022698,0,0.024745761935444255,0.0,0,-1.1068095026156475e-05
3.063,0.0718092,-0.3592422,9.7911648,-0.006321156662693284,0,-0.03852466835441156,0.0,0,-1.1068095026156475e-05
3.079,0.08534699999999999,-0.3592422,9.821085300000002,-0.006190617799674669,0,0.008158678938663393,-7.664819251534255e-05,0,-1.1681280566279216e-05
3.094,0.09878670000000002,-0.34580249999999996,9.821085300000002,-0.006071950033213369,0,0.007911184430753506,0.0,0,-1.2256142010144273e-05
3.11,0.09878670000000002,-0.3262806,9.833053500000002,-0.005680726314009732,0,0.024451482450227303,0.0,0,-1.2256142010144273e-05
3.125,0.08377740000000002,-0.3262806,9.8375661,-0.00519244209915648,0,0.032552280990216516,0.0,0,-1.2256142010144273e-05
3.157,0.053856900000000006,-0.347274,9.843550200000001,-0.0045577902804101456,0,0.01983286933582294,-1.9134321159984535e-07,0,-1.225920350152987e-05
3.172,0.0628821,-0.34580249999999996,9.8644455,-0.003429258426338677,0,0.07523545693809727,0.0,0,-1.2260638575616869e-05
3.188,0.0703377,-0.34580249999999996,9.8196138,-0.0034197785335674524,0,0.0005924932982015457,0.0,0,-1.2260638575616869e-05
3.204,0.0614106,-0.3532581,9.8196138,-0.0034055210417225368,0,0.0008910932403072273,0.0,0,-1.2260638575616869e-05
3.219,0.0614106,-0.33824879999999996,9.8285409,-0.00318689197365174,0,0.014575271204720108,0.0,0,-1.2260638575616869e-05
3.235,0.0464013,-0.33824879999999996,9.854046900000002,-0.0023538783862573354,0,0.05206334921215023,0.0,0,-1.2260638575616869e-05
3.25,0.0868185,-0.33226469999999997,9.854046900000002,-0.0015394853347956428,0,0.054292870097445725,0.0,0,-1.2260638575616869e-05
3.266,0.0868185,-0.344331,9.8196138,-0.0015741433081402079,0,-0.0021661233340353175,0.0,0,-1.2260638575616869e-05
3.282,0.04188870000000001,-0.34580249999999996,9.8405091,-0.001104550899848178,0,0.029349525518251846,0.0,0,-1.2260638575616869e-05
3.297,0.059841000000000005,-0.34580249999999996,9.8495343,-0.00042416301518422017,0,0.045359192310930135,0.0,0,-1.2260638575616869e-05
3.329,0.0777933,-0.3053853,9.8495343,0.0002101193314949512,0,0.01982132333372409,0.0,0,-1.2260638575616869e-05
3.344,0.0777933,-0.3278502,9.8196138,0.0001171946685918357,0,-0.0061949775268745,0.0,0,-1.2260638575616869e-05
3.36,0.1078119,-0.3278502,9.8285409,0.0002510516669271823,0,0.008366062395959155,0.0,0,-1.2260638575616869e-05
3.375,0.1062423,-0.3427614,9.8285409,0.000393626696078897,0,0.009505001943447569,0.0,0,-1.2260638575616869e-05
3.407,0.0389457,-0.37572300000000003,9.8196138,0.00033240029319792086,0,-0.0019133250900305026,0.0,0,-1.2260638575616869e-05
3.422,0.1078119,-0.3307932,9.8196138,0.0002458142739421021,0,-0.005772401283721204,0.0,0,-1.2260638575616869e-05
3.454,0.0628821,-0.3487455,9.8285409,0.000384555063630998,0,0.004335649677777994,0.0,0,-1.2260638575616869e-05
3.469,0.0628821,-0.3487455,9.833053500000002,0.0006299039090134073,0,0.01635658969216097,0.0,0,-1.2260638575616869e-05
3.485,0.0554265,-0.34128990000000003,9.833053500000002,0.0008617989651131808,0,0.014493441006235829,0.0,0,-1.2260638575616869e-05
3.516,0.0703377,-0.3427614,9.8136297,0.0006181589961880007,0,-0.007859353836296094,0.0,0,-1.2260638575616869e-05
3.532,0.0928026,-0.347274,9.8136297,0.0003888797730020599,0,-0.014329951449121291,0.0,0,-1.2260638575616869e-05
3.547,0.0928026,-0.3532581,9.788123700000002,-0.00045126750083746003,0,-0.05600981825596753,0.0,0,-1.2260638575616869e-05
3.563,0.0673947,-0.3532581,9.848062800000001,0.00018495840437715572,0,0.03976411907591345,0.0,0,-1.2260638575616869e-05
3.579,0.04188870000000001,-0.30685680000000004,9.848062800000001,0.0007643087300071016,0,0.036209395351871586,0.0,0,-1.2260638575616869e-05
3.594,0.04188870000000001,-0.3218661,9.839037600000001,0.0011212009534826706,0,0.02379281489837177,0.0,0,-1.2260638575616869e-05
3.61,0.0733788,-0.3367773,9.8196138,0.0010125905839810656,0,-0.006788148093850304,0.0,0,-1.2260638575616869e-05
3.641,0.0703377,-0.3847482,9.854046900000002,0.0017882106397557607,0,0.0250200017991836,0.0,0,-1.2260638575616869e-05
3.657,0.0703377,-0.3847482,9.854046900000002,0.002544913133194271,0,0.04729390583990685,0.0,0,-1.2260638575616869e-05
3.672,0.053856900000000006,-0.34128990000000003,9.883967400000001,0.003970928521560779,0,0.09506769255776644,0.0,0,-1.2260638575616869e-05
3.688,0.0733788,-0.3083283,9.883967400000001,0.0053388215590892685,0,0.08549331484553051,0.0,0,-1.2260638575616869e-05
3.719,0.0733788,-0.3503151,9.8016615,0.004701317074294664,0,-0.020564660799826148,0.0,0,-1.2260638575616869e-05
3.735,0.0628821,-0.3503151,9.848062800000001,0.0052085802593371255,0,0.03170394906515381,0.0,0,-1.2260638575616869e-05
3.75,0.052385400000000006,-0.34128990000000003,9.8255979,0.005146662098205468,0,-0.004127877408777147,0.0,0,-1.2260638575616869e-05
3.766,0.0763218,-0.3592422,9.8046045,0.004593998040551384,0,-0.034541503603380236,0.0,0,-1.2260638575616869e-05
3.782,0.056898,-0.3592422,9.854046900000002,0.005256684717672044,0,0.04141791732004126,0.0,0,-1.2260638575616869e-05
3.797,0.0898596,-0.32333760000000006,9.854046900000002,0.005878880058753921,0,0.041479689405458126,2.357032007160864e-05,0,-1.2083861175079802e-05
3.813,0.0898596,-0.3487455,9.7941078,0.005046071892119031,0,-0.052050510414680624,0.0,0,-1.1895298614506934e-05
3.829,0.1107549,-0.3487455,9.7686999,0.0036195203571747214,0,-0.08915947093401924,0.0,0,-1.1895298614506934e-05
3.844,0.0777933,-0.36375480000000004,9.7686999,0.0022333506551461824,0,-0.09241131346857125,0.0,0,-1.1895298614506934e-05
3.86,0.0777933,-0.37572300000000003,9.7866522,0.0013295544459630548,0,-0.05648726307394542,0.0,0,-1.1895298614506934e-05
3.891,0.0658251,-0.37572300000000003,9.851005800000001,0.0020140787312072916,0,0.022081428556265603,0.0,0,-1.1895298614506934e-05
3.907,0.0973152,-0.3427614,9.800091900000002,0.001417978644239426,0,-0.03725625543549157,0.0,0,-1.1895298614506934e-05
3.922,0.0733788,-0.36071369999999997,9.860031000000001,0.002307946729651178,0,0.059331205694116304,0.0,0,-1.1895298614506934e-05
3.938,0.0658251,-0.36071369999999997,9.827069400000001,0.0023715243651789564,0,0.003973602220486146,0.0,0,-1.1895298614506934e-05
3.969,0.0928026,-0.3367773,9.827069400000001,0.0024181535778105,0,0.0015041681494046516,0.0,0,-1.1895298614506934e-05
3.985,0.0928026,-0.3338343,9.800091900000002,0.0018036197745647797,0,-0.03840836270285749,5.371624322094565e-06,0,-1.1852325619930177e-05
4.0,0.0733788,-0.3338343,9.8136297,0.0015300502194364185,0,-0.0182379703418906,0.0,0,-1.1812038437514468e-05
4.016,0.052385400000000006,-0.3652263,9.8136297,0.0012871267538603348,0,-0.015182716598505216,0.0,0,-1.1812038437514468e-05
4.032,0.052385400000000006,-0.35777070000000005,9.788123700000002,0.0004217597959339514,0,-0.054085434870398914,0.0,0,-1.1812038437514468e-05
4.047,0.11526750000000001,-0.35777070000000005,9.836094600000001,0.0007597892667821071,0,0.022535298056544195,0.0,0,-1.1812038437514468e-05
4.063,0.0643536,-0.3278502,9.836094600000001,0.0010528254857469221,0,0.01831476368530092,0.0,0,-1.1812038437514468e-05
4.079,0.0643536,-0.3218661,9.803133,0.0005304040761764384,0,-0.03265133809815521,0.0,0,-1.1812038437514468e-05
4.094,0.0898596,-0.3218661,9.831582000000001,0.0007190913852017644,0,0.01257915393502126,0.0,0,-1.1812038437514468e-05
4.11,0.0777933,-0.3218661,9.803133,0.0002071850458111868,0,-0.03199414621191107,0.0,0,-1.1812038437514468e-05
4.141,0.0777933,-0.3592422,9.7926363,-0.0005164242382136308,0,-0.023342234968542732,0.0,0,-1.1812038437514468e-05
4.157,0.052385400000000006,-0.3592422,9.7971489,-0.0011165127930947705,0,-0.037505534680071194,0.0,0,-1.1812038437514468e-05
4.172,0.059841000000000005,-0.33530580000000004,9.7971489,-0.0017216050052173415,0,-0.04033948080817226,0.0,0,-1.1812038437514468e-05
4.204,0.08829,-0.36826739999999997,9.827069400000001,-0.0015486237269950465,0,0.0054056649444467145,0.0,0,-1.1812038437514468e-05
4.219,0.050913900000000005,-0.39220380000000005,9.827069400000001,-0.0013637413160587641,0,0.012325494062418355,0.0,0,-1.1812038437514468e-05
4.235,0.050913900000000005,-0.33530580000000004,9.821085300000002,-0.001380567552530465,0,-0.001051639779481305,0.0,0,-1.1812038437514468e-05
4.25,0.0777933,-0.33824879999999996,9.8524773,-0.0006250478440339435,0,0.05036798056643584,0.0,0,-1.1812038437514468e-05
4.266,0.0928026,-0.33824879999999996,9.8225568,-0.0006140929697160402,0,0.0006846796448689567,0.0,0,-1.1812038437514468e-05
4.282,0.11526750000000001,-0.347274,9.8225568,-0.0005899295459972365,0,0.0015102139824252334,0.0,0,-1.1812038437514468e-05
4.297,0.11526750000000001,-0.3712104,9.8285409,-0.0003991796750870691,0,0.012716658060678097,0.0,0,-1.1812038437514468e-05
4.313,0.053856900000000006,-0.3712104,9.8524773,0.00035743159923917744,0,0.047288204645390366,0.0,0,-1.1812038437514468e-05
4.329,0.050913900000000005,-0.35178660000000006,9.8524773,0.0010778370231481205,0,0.0450253389943089,0.0,0,-1.1812038437514468e-05
4.344,0.050913900000000005,-0.3367773,9.7911648,0.0002733589138834702,0,-0.05363187395097465,0.0,0,-1.1812038437514468e-05
4.36,0.0748503,-0.3367773,9.8524773,0.0009867545280055623,0,0.04458722588263071,0.0,0,-1.1812038437514468e-05
4.375,0.08534699999999999,-0.33981839999999996,9.8524773,0.0016873755709294613,0,0.04670806952826093,0.0,0,-1.1812038437514468e-05
4.407,0.08534699999999999,-0.33226469999999997,9.851005800000001,0.002328759863308605,0,0.020043259136848218,0.0,0,-1.1812038437514468e-05
4.422,0.059841000000000005,-0.37572300000000003,9.731225700000001,6.872034390248416e-05,0,-0.1506693012937446,0.0,0,-1.1812038437514468e-05
4.438,0.08534699999999999,-0.3503151,9.7941078,-0.0006219950954520215,0,-0.04316971495965656,0.0,0,-1.1812038437514468e-05
4.454,0.08534699999999999,-0.3262806,9.843550200000001,-0.00011089767148675378,0,0.0319435889978292,0.0,0,-1.1812038437514468e-05
4.469,0.0673947,-0.3262806,9.8076456,-0.0004908801455894007,0,-0.025332164940175504,0.0,0,-1.1812038437514468e-05
4.485,0.053856900000000006,-0.3367773,9.8076456,-0.0008549855496866599,0,-0.022756587756078674,0.0,0,-1.1812038437514468e-05
4.5,0.053856900000000006,-0.36669779999999996,9.7866522,-0.001695723589437037,0,-0.056049202650026345,0.0,0,-1.1812038437514468e-05
4.516,0.049442400000000004,-0.36669779999999996,9.7895952,-0.002444794401386119,0,-0.046816925746817575,0.0,0,-1.1812038437514468e-05
4.532,0.0823059,-0.3262806,9.7895952,-0.003205072857303648,0,-0.047517403494845525,0.0,0,-1.1812038437514468e-05
4.547,0.09878670000000002,-0.3367773,9.8091171,-0.0034585887027827056,0,-0.016901056365270867,0.0,0,-1.1812038437514468e-05
4.563,0.09878670000000002,-0.37572300000000003,9.7686999,-0.004656457174665007,0,-0.0748667794926438,0.0,0,-1.1812038437514468e-05
4.594,0.053856900000000006,-0.37572300000000003,9.8046045,-0.0049586004130333095,0,-0.009746556076396656,0.0,0,-1.1812038437514468e-05
4.61,0.1032993,-0.32932170000000005,9.8046045,-0.005284379839062936,0,-0.02036121412685164,0.0,0,-1.1812038437514468e-05
4.625,0.1032993,-0.35777070000000005,9.8091171,-0.005467932575680123,0,-0.012236849107812755,0.0,0,-1.1812038437514468e-05
4.641,0.08534699999999999,-0.35777070000000005,9.834525,-0.005031945028402873,0,0.027249221704828106,-5.775788110707822e-05,0,-1.2274101486371093e-05
4.657,0.059841000000000005,-0.32333760000000006,9.834525,-0.004640244251142178,0,0.02448129857879342,0.0,0,-1.2736164535227719e-05
4.672,0.059841000000000005,-0.3847482,9.8405091,-0.0040583723484282075,0,0.03879146018093221,0.0,0,-1.2736164535227719e-05
4.688,0.052385400000000006,-0.3847482,9.7986204,-0.004512606315318024,0,-0.02838962293061351,0.0,0,-1.2736164535227719e-05
4.704,0.09878670000000002,-0.32932170000000005,9.7986204,-0.004996261170489902,0,-0.030228428448242334,0.0,0,-1.2736164535227719e-05
4.719,0.0763218,-0.36375480000000004,9.891423,-0.0031814637899323372,0,0.12098649203716638,0.0,0,-1.2736164535227719e-05
4.735,0.0763218,-0.3562992,9.8091171,-0.0034236327606649297,0,-0.015135560670787016,0.0,0,-1.2736164535227719e-05
4.766,0.0554265,-0.3278502,9.7447635,-0.00525619105716757,0,-0.059114783758150255,-9.372476782099591e-05,0,-1.418889843645314e-05
4.797,0.0898596,-0.3278502,9.839037600000001,-0.0047398120861466,0,0.016657386161966933,0.0,0,-1.564163233767856e-05
4.813,0.056898,-0.3487455,9.839037600000001,-0.004224507491970897,0,0.0322065371359814,0.0,0,-1.564163233767856e-05
4.829,0.056898,-0.3652263,9.831582000000001,-0.003888912215341378,0,0.020974704789344916,0.0,0,-1.564163233767856e-05
4.844,0.0628821,-0.3652263,9.8644455,-0.002759631909039939,0,0.0752853537534264,0.0,0,-1.564163233767856e-05
4.86,0.020993400000000002,-0.34580249999999996,9.8644455,-0.0016792984173559233,0,0.06752084323025093,0.0,0,-1.564163233767856e-05
4.875,0.0973152,-0.3771945,9.7821396,-0.002592004550267646,0,-0.060847075527449467,-2.695026627008365e-06,0,-1.5661845037381125e-05
4.891,0.0973152,-0.36826739999999997,9.7851807,-0.0034166224828826586,0,-0.051538620788438246,0.0,0,-1.5683405250397193e-05
4.907,0.0898596,-0.36826739999999997,9.806076000000001,-0.003713605377727802,0,-0.01856143092782146,0.0,0,-1.5683405250397193e-05
4.922,0.08377740000000002,-0.3218661,9.806076000000001,-0.004044455855451545,0,-0.02205669851491668,0.0,0,-1.5683405250397193e-05
4.938,0.08377740000000002,-0.347274,9.7866522,-0.00481954293982767,0,-0.04844294277350776,0.0,0,-1.5683405250397193e-05
4.969,0.0703377,-0.3562992,9.8136297,-0.004912861023441906,0,-0.003010260761749477,0.0,0,-1.5683405250397193e-05
4.985,0.0703377,-0.37572300000000003,9.8046045,-0.005206206553541648,0,-0.018334095631233876,0.0,0,-1.5683405250397193e-05
5.0,0.0703377,-0.37572300000000003,9.8165727,-0.0052007113203487165,0,0.00036634887952877025,-4.676000148889567e-05,0,-1.6034105261563903e-05
5.016,0.10477080000000001,-0.315882,9.8165727,-0.005239244613299832,0,-0.00240833080944469,0.0,0,-1.640818527347507e-05
5.032,0.10182780000000001,-0.3427614,9.7941078,-0.0058031733894896576,0,-0.03524554851186409,0.0,0,-1.640818527347507e-05
5.047,0.10182780000000001,-0.3487455,9.783611100000002,-0.0066040397335775936,0,-0.053391089605863536,0.0,0,-1.640818527347507e-05
5.063,0.10182780000000001,-0.3487455,9.783611100000002,-0.00738537275219997,0,-0.048833313663898495,0.0,0,-1.640818527347507e-05
5.079,0.0389457,-0.3487455,9.7941078,-0.007902822843519175,0,-0.032340630707450274,-4.589395605537547e-05,0,-1.6775336921918073e-05
5.094,0.08377740000000002,-0.33981839999999996,9.7941078,-0.00840845480027852,0,-0.03370879711728838,0.0,0,-1.7119541592333403e-05
5.11,0.08377740000000002,-0.3278502,9.854046900000002,-0.00745063505515553,0,0.0598637340701868,0.0,0,-1.7119541592333403e-05
5.125,0.0733788,-0.3278502,9.8644455,-0.00626472076575979,0,0.07906095262638434,0.0,0,-1.7119541592333403e-05
5.141,0.09427410000000001,-0.3338343,9.8644455,-0.005098510768513975,0,0.07288812482786337,0.0,0,-1.7119541592333403e-05
5.157,0.09427410000000001,-0.3083283,9.821085300000002,-0.005037981045393991,0,0.003783107694999007,-6.99642126696532e-05,0,-1.7679255293690628e-05
5.172,0.08083440000000001,-0.3083283,9.845021700000002,-0.004398340252722122,0,0.04264271951145887,0.0,0,-1.8203986888713015e-05
5.188,0.0688662,-0.32333760000000006,9.8105886,-0.00460413788749392,0,-0.012862352173237378,0.0,0,-1.8203986888713015e-05
5.204,0.0688662,-0.3202965,9.8196138,-0.004587343499625973,0,0.0010496492417466632,0.0,0,-1.8203986888713015e-05
5.235,0.08083440000000001,-0.3202965,9.7926363,-0.005226349680338416,0,-0.020613102603626792,0.0,0,-1.8203986888713015e-05
5.25,0.0554265,-0.38023560000000006,9.7926363,-0.005801823172483012,0,-0.03836489947630721,-2.1111839309818567e-05,0,-1.836232568353665e-05
5.266,0.0554265,-0.37866600000000006,9.8584614,-0.004760469204969198,0,0.06508462296961331,0.0,0,-1.85312203980152e-05
5.282,0.0868185,-0.37866600000000006,9.8584614,-0.0037389945982049255,0,0.06384216292276695,0.0,0,-1.85312203980152e-05
5.297,0.09584369999999999,-0.3592422,9.8584614,-0.002758113237602444,0,0.06539209070683348,0.0,0,-1.85312203980152e-05
5.313,0.059841000000000005,-0.3218661,9.806076000000001,-0.003116541216149571,0,-0.0224017486591954,0.0,0,-1.85312203980152e-05
5.344,0.08083440000000001,-0.2963601,9.860031000000001,-0.0021668221770063667,0,0.03063609803687698,0.0,0,-1.85312203980152e-05
5.36,0.0673947,-0.36826739999999997,9.860031000000001,-0.0011836553374564573,0,0.06144792747186928,0.0,0,-1.85312203980152e-05
5.375,0.0673947,-0.39220380000000005,9.843550200000001,-0.0006036147966437255,0,0.03866936938751628,0.0,0,-1.85312203980152e-05
5.391,0.0718092,-0.39220380000000005,9.7911648,-0.001313601083991145,0,-0.04437414295921367,0.0,0,-1.85312203980152e-05
5.407,0.08083440000000001,-0.3532581,9.7911648,-0.002040689398155493,0,-0.04544301963527171,0.0,0,-1.85312203980152e-05
5.422,0.08083440000000001,-0.3307932,9.827069400000001,-0.001893976916605311,0,0.009780832103345669,0.0,0,-1.85312203980152e-05
5.438,0.0329616,-0.3307932,9.783611100000002,-0.002816949204394348,0,-0.05768576798681475,-8.013690997281386e-07,0,-1.8537631350813025e-05
5.454,0.08083440000000001,-0.35178660000000006,9.783611100000002,-0.00369277323040329,0,-0.05473900162555884,0.0,0,-1.854404230361085e-05
5.469,0.08083440000000001,-0.3652263,9.851005800000001,-0.00289265125562288,0,0.05334146498535865,0.0,0,-1.854404230361085e-05
5.485,0.08534699999999999,-0.3652263,9.8105886,-0.003096185462803547,0,-0.012720887948791658,0.0,0,-1.854404230361085e-05
5.5,0.0898596,-0.3218661,9.8495343,-0.00238143602879326,0,0.04764996226735346,0.0,0,-1.854404230361085e-05
5.516,0.0718092,-0.31284090000000003,9.8495343,-0.0016948192389065753,0,0.04291354936791777,0.0,0,-1.854404230361085e-05
5.532,0.0718092,-0.34580249999999996,9.886910400000001,-8.705606098402541e-05,0,0.10048519862015928,0.0,0,-1.854404230361085e-05
5.563,0.09584369999999999,-0.3248091,9.8615025,0.000849765228679189,0,0.030220041602039473,0.0,0,-1.854404230361085e-05
5.579,0.09584369999999999,-0.34128990000000003,9.8704296,0.0019948982047814923,0,0.07157081100639388,0.0,0,-1.854404230361085e-05
5.594,0.09878670000000002,-0.34128990000000003,9.845021700000002,0.0024935056076866857,0,0.03324049352701164,0.0,0,-1.854404230361085e-05
5.61,0.0703377,-0.34128990000000003,9.845021700000002,0.002973995706280874,0,0.03003063116213675,0.0,0,-1.854404230361085e-05
5.625,0.0703377,-0.37572300000000003,9.8285409,0.0030716603438474266,0,0.0065109758377703,0.0,0,-1.854404230361085e-05
5.641,0.056898,-0.37572300000000003,9.8375661,0.003384785386664646,0,0.019570315176076197,0.0,0,-1.854404230361085e-05
5.657,0.0449298,-0.35178660000000006,9.836094600000001,0.0036313244552506063,0,0.015408691786622505,0.0,0,-1.854404230361085e-05
5.672,0.0389457,-0.35178660000000006,9.836094600000001,0.0038712284825326293,0,0.015993601818801873,0.0,0,-1.854404230361085e-05
5.688,0.0389457,-0.35178660000000006,9.836094600000001,0.004105281192074983,0,0.014628294346397107,0.0,0,-1.854404230361085e-05
5.704,0.058369500000000005,-0.3367773,9.834525,0.004284902073576902,0,0.011226305093869893,0.0,0,-1.854404230361085e-05
5.719,0.09427410000000001,-0.36071369999999997,9.834525,0.004487622771257804,0,0.013514713178726328,0.0,0,-1.854404230361085e-05
5.735,0.09427410000000001,-0.3367773,9.830012400000001,0.004554716320713581,0,0.004193346840986042,0.0,0,-1.854404230361085e-05
5.75,0.09427410000000001,-0.3367773,9.830012400000001,0.0046201734421327245,0,0.00436380809460966,0.0,0,-1.854404230361085e-05
5.766,0.0628821,-0.33226469999999997,9.8240283,0.004528306803420534,0,-0.0057416649195118855,0.0,0,-1.854404230361085e-05
5.782,0.0628821,-0.33981839999999996,9.8196138,0.004337374870225119,0,-0.011933245824713435,6.523778013159745e-05,0,-1.802214006255807e-05
5.797,0.10928340000000002,-0.33981839999999996,9.7806681,0.003211749121499352,0,-0.0750417165817194,0.0,0,-1.75328567115711e-05
5.813,0.10182780000000001,-0.3876912,9.839037600000001,0.003577468844124354,0,0.022857482664062602,0.0,0,-1.75328567115711e-05
5.829,0.0823059,-0.3771945,9.839037600000001,0.003919873290961107,0,0.021400277927297023,0.0,0,-1.75328567115711e-05
5.844,0.0823059,-0.2918475,9.821085300000002,0.0037455433844737485,0,-0.011621993765823442,0.0,0,-1.75328567115711e-05
5.875,0.0763218,-0.2918475,9.8375661,0.003976068843913438,0,0.007436305143215877,0.0,0,-1.75328567115711e-05
5.891,0.09427410000000001,-0.3427614,9.8375661,0.004244797211434559,0,0.016795522970070018,0.0,0,-1.75328567115711e-05
5.907,0.09427410000000001,-0.315882,9.874942200000001,0.005396140631052759,0,0.07195896372613746,5.6218736663648725e-05,0,-1.708310681826191e-05
5.922,0.0928026,-0.315882,9.776155500000002,0.004110982537120833,0,-0.08567720626213024,0.0,0,-1.6661466293284555e-05
5.938,0.053856900000000006,-0.3202965,9.776155500000002,0.0028535500495774357,0,-0.07858953047146226,0.0,0,-1.6661466293284555e-05
5.954,0.052385400000000006,-0.33226469999999997,9.8165727,0.0026215333940360352,0,-0.014501040971337519,0.0,0,-1.6661466293284555e-05
5.985,0.0793629,-0.37268190000000007,9.8225568,0.002580803907559215,0,-0.0013138544024780526,0.0,0,-1.6661466293284555e-05
6.0,0.10477080000000001,-0.347274,9.8225568,0.0025241774266167027,0,-0.0037750987295008874,0.0,0,-1.6661466293284555e-05
6.016,0.10477080000000001,-0.344331,9.806076000000001,0.002064706058861887,0,-0.028716960484675955,0.0,0,-1.6661466293284555e-05
6.032,0.0628821,-0.344331,9.891423,0.0036880340258811373,0,0.10145799793870305,0.0,0,-1.6661466293284555e-05
6.047,0.08829,-0.33981839999999996,9.891423,0.005272697247262315,0,0.10564421475874741,0.0,0,-1.6661466293284555e-05
6.079,0.0733788,-0.35178660000000006,9.8764137,0.006460099630539062,0,0.03710632447739833,0.000183625900003656,0,-1.3723451893226056e-05
6.094,0.0928026,-0.3202965,9.8764137,0.007596407623021051,0,0.07575386616546304,0.0,0,-1.2346257643198583e-05
6.11,0.0928026,-0.3338343,9.8464932,0.007986610585971832,0,0.02438768518442378,0.0,0,-1.2346257643198583e-05
6.125,0.08377740000000002,-0.3338343,9.8375661,0.008147722690633685,0,0.010740806977457133,3.472134965184365e-05,0,-1.2085847520809762e-05
6.141,0.0614106,-0.3338343,9.8255979,0.008009148538182131,0,-0.008660884528222106,0.0,0,-1.1808076723595013e-05
6.157,0.09584369999999999,-0.31284090000000003,9.8255979,0.007863830779548664,0,-0.009082359914591711,0.0,0,-1.1808076723595013e-05
6.172,0.09584369999999999,-0.3562992,9.771642900000002,0.006443083503571145,0,-0.09471648506516993,0.0,0,-1.1808076723595013e-05
6.188,0.0554265,-0.3562992,9.8794548,0.007677153208003773,0,0.07712935652703916,1.1223904840212615e-05,0,-1.1718285484873313e-05
6.204,0.0868185,-0.37572300000000003,9.8794548,0.008904170597036298,0,0.07668858681453276,0.0,0,-1.1628494246151612e-05
6.235,0.08083440000000001,-0.3367773,9.8120601,0.008423036701989517,0,-0.015520448227315237,0.0,0,-1.1628494246151612e-05
6.25,0.08377740000000002,-0.36669779999999996,9.8120601,0.007980382090448046,0,-0.029510307436098688,3.5471849358715765e-05,0,-1.1362455375961249e-05
6.266,0.08377740000000002,-0.3173535,9.8464932,0.008345963019797509,0,0.0228488080843414,0.0,0,-1.1078680581091522e-05
6.282,0.08377740000000002,-0.3173535,9.8464932,0.008702627341115488,0,0.02229152008237365,0.0,0,-1.1078680581091522e-05
6.297,0.04041720000000001,-0.3173535,9.833053500000002,0.008716302116086538,0,0.0009116516647367428,0.0,0,-1.1078680581091522e-05
6.313,0.09427410000000001,-0.347274,9.8644455,0.009528430739640825,0,0.050758038972142885,7.907116690281622e-05,0,-1.0446111245868992e-05
6.329,0.0688662,-0.3592422,9.8644455,0.010326076906455484,0,0.04985288542591611,0.0,0,-9.813541910646462e-06
6.344,0.0688662,-0.3622833,9.8151012,0.009904303888946586,0,-0.02811820116725876,0.0,0,-9.813541910646462e-06
6.36,0.0777933,-0.3218661,9.9184005,0.011978186520547496,0,0.12961766447505674,6.469500731305991e-05,0,-9.295981852141982e-06
6.375,0.0777933,-0.37425150000000007,9.834525,0.012002081229216088,0,0.0015929805779062044,0.0,0,-8.810769297294044e-06
6.407,0.0777933,-0.37425150000000007,9.7911648,0.010968628767910715,0,-0.03229538941579288,0.00011207837539031242,0,-7.017515291049043e-06
6.407,0.0777933,-0.37425150000000007,9.7911648,0.009960382464198503,0,0.0,0.0,0,-7.017515291049043e-06
6.422,0.0718092,-0.3278502,9.7911648,0.008935063411733779,0,-0.06835460349764971,0.0,0,-7.017515291049043e-06
6.438,0.0718092,-0.33530580000000004,9.7821396,0.007720914765046771,0,-0.07588429041793791,0.0,0,-7.017515291049043e-06
6.454,0.10928340000000002,-0.3532581,9.8120601,0.007289483489589799,0,-0.02696445471606077,7.12523091113762e-06,0,-6.960513443759942e-06
6.469,0.0777933,-0.3262806,9.8120601,0.006838487940802551,0,-0.03006636991914869,0.0,0,-6.907074211926408e-06
6.485,0.0777933,-0.347274,9.821085300000002,0.006636038138177369,0,-0.012653112664073863,0.0,0,-6.907074211926408e-06
6.516,0.04041720000000001,-0.347274,9.8105886,0.006177188574572057,0,-0.014801598825977967,0.0,0,-6.907074211926408e-06
6.532,0.04041720000000001,-0.3307932,9.8105886,0.005715647598691476,0,-0.028846310992536293,1.4628928704645341e-05,0,-6.7900427822892446e-06
6.547,0.04041720000000001,-0.32932170000000005,9.8091171,0.005228287224845474,0,-0.03249069158973415,0.0,0,-6.6803258170044064e-06
6.579,0.04188870000000001,-0.34580249999999996,9.818044200000001,0.004984386036591459,0,-0.00762191213293794,0.0,0,-6.6803258170044064e-06
6.594,0.04188870000000001,-0.3143124,9.8151012,0.004648885522808399,0,-0.022366700918869834,0.0,0,-6.6803258170044064e-06
6.61,0.08534699999999999,-0.3592422,9.8405091,0.004985279786920316,0,0.021024641506994773,0.0,0,-6.6803258170044064e-06
6.625,0.0614106,-0.3592422,9.821085300000002,0.004835692942855019,0,-0.009972456271020011,0.0,0,-6.6803258170044064e-06
6.641,0.0748503,-0.3202965,9.821085300000002,0.0046591851506097015,0,-0.011031737015332322,5.9050391458525045e-05,0,-6.2079226853362055e-06
6.657,0.0748503,-0.36375480000000004,9.843550200000001,0.005071406604269413,0,0.025763840853731932,0.0,0,-5.7355195536680046e-06
6.672,0.0793629,-0.36375480000000004,9.843550200000001,0.005474435411541023,0,0.026868587151441265,0.0,0,-5.7355195536680046e-06
6.688,0.059841000000000005,-0.33226469999999997,9.843550200000001,0.005837133641408698,0,0.022668639366729672,0.0,0,-5.7355195536680046e-06
6.704,0.059841000000000005,-0.3023442,9.783611100000002,0.004706265543873656,0,-0.0706792560959401,0.0,0,-5.7355195536680046e-06
6.719,0.0823059,-0.3532581,9.818044200000001,0.0044877969627687975,0,-0.014564572073656655,0.0,0,-5.7355195536680046e-06
6.735,0.0823059,-0.3532581,9.818044200000001,0.0042746568836431464,0,-0.013321254945353177,2.9883786093108655e-05,0,-5.496449264923135e-06
6.766,0.08377740000000002,-0.3248091,9.783611100000002,0.0032037328382781283,0,-0.03454593694725899,0.0,0,-5.033250580479956e-06
6.782,0.058369500000000005,-0.3248091,9.834525,0.0033955298596897165,0,0.011987313838224257,0.0,0,-5.033250580479956e-06
6.797,0.1107549,-0.3503151,9.834525,0.003614967776586653,0,0.014629194459796062,0.0,0,-5.033250580479956e-06
6.813,0.1107549,-0.3652263,9.803133,0.0030771937745939226,0,-0.03361087512454561,0.0,0,-5.033250580479956e-06
6.829,0.0763218,-0.3652263,9.7866522,0.0021428493336212995,0,-0.0583965275607889,0.0,0,-5.033250580479956e-06
6.844,0.08534699999999999,-0.31284090000000003,9.7866522,0.001188876597074895,0,-0.06359818243642457,0.0,0,-5.033250580479956e-06
6.86,0.08534699999999999,-0.3532581,9.800091900000002,0.0006192700832716724,0,-0.03560040711270137,0.0,0,-5.033250580479956e-06
6.875,0.0733788,-0.3532581,9.831582000000001,0.0008287270064144536,0,0.01396379487618571,0.0,0,-5.033250580479956e-06
6.891,0.09584369999999999,-0.3307932,9.831582000000001,0.0010187384713589154,0,0.011875716559028849,0.0,0,-5.033250580479956e-06
6.907,0.0673947,-0.36071369999999997,9.8046045,0.000566477609426741,0,-0.028266303870760876,0.0,0,-5.033250580479956e-06
6.922,0.0673947,-0.34580249999999996,9.877983300000002,0.0019007337895082799,0,0.08895041200543782,0.0,0,-5.033250580479956e-06
6.938,0.0868185,-0.34580249999999996,9.8165727,0.0017093040961455586,0,-0.011964355835170071,0.0,0,-5.033250580479956e-06
6.954,0.0554265,-0.36826739999999997,9.8165727,0.0015369145614041457,0,-0.010774345921338292,0.0,0,-5.033250580479956e-06
6.969,0.0554265,-0.3098979,9.7656588,7.842354307285859e-05,0,-0.09723273455541545,9.713020099199818e-06,0,-4.960402929735954e-06
6.985,0.0614106,-0.3098979,9.7911648,-0.0007218487448259481,0,-0.050017017993675375,0.0,0,-4.882698768942355e-06
7.0,0.0329616,-0.2948886,9.7911648,-0.001517245137558021,0,-0.05302642618213932,0.0,0,-4.882698768942355e-06
7.016,0.0329616,-0.3098979,9.8196138,-0.0015884130880259306,0,-0.004447996904244351,0.0,0,-4.882698768942355e-06
7.032,0.0868185,-0.3098979,9.836094600000001,-0.0012480824485958664,0,0.021270664964379,0.0,0,-4.882698768942355e-06
7.047,0.0823059,-0.37572300000000003,9.836094600000001,-0.0008610794860928195,0,0.025800197500203677,0.0,0,-4.882698768942355e-06
7.063,0.0673947,-0.3143124,9.843550200000001,-0.0003570389383718009,0,0.031502534232563634,0.0,0,-4.882698768942355e-06
7.079,0.0673947,-0.3532581,9.8734707,0.0008961818579962255,0,0.07832629977300158,0.0,0,-4.882698768942355e-06
7.094,0.0239364,-0.3532581,9.8689581,0.002003944423011106,0,0.07385083766765589,0.0,0,-4.882698768942355e-06
7.11,0.0464013,-0.36375480000000004,9.8689581,0.003095933714694965,0,0.06824933073024114,0.0,0,-4.882698768942355e-06
7.125,0.0464013,-0.33530580000000004,9.7941078,0.002312193695502174,0,-0.052249334612853866,0.0,0,-4.882698768942355e-06
7.141,0.059841000000000005,-0.33530580000000004,9.8120601,0.0019869430480774497,0,-0.02032816546404524,0.0,0,-4.882698768942355e-06
7.157,0.058369500000000005,-0.3367773,9.8120601,0.0016706377002435602,0,-0.019769084239618078,0.0,0,-4.882698768942355e-06
7.172,0.058369500000000005,-0.33824879999999996,9.855518400000001,0.0024225943291291685,0,0.05013044192570829,0.0,0,-4.882698768942355e-06
7.188,0.0614106,-0.33824879999999996,9.800091900000002,0.0018056214891490896,0,-0.0385608024987549,0.0,0,-4.882698768942355e-06
7.204,0.08534699999999999,-0.34128990000000003,9.800091900000002,0.001210635332318688,0,-0.03718663480190006,0.0,0,-4.882698768942355e-06
7.219,0.11673900000000001,-0.3218661,9.8240283,0.0012054909398067082,0,-0.0003429595007986433,0.0,0,-4.882698768942355e-06
7.235,0.11673900000000001,-0.3218661,9.8240283,0.001200472020283172,0,-0.0003136824702210103,0.0,0,-4.882698768942355e-06
7.25,0.08534699999999999,-0.37268190000000007,9.7986204,0.0006122535548716002,0,-0.039214564360772294,0.0,0,-4.882698768942355e-06
7.266,0.04188870000000001,-0.33981839999999996,9.7986204,2.3827005026788584e-06,0,-0.03811692839805755,0.0,0,-4.882698768942355e-06
7.297,0.04188870000000001,-0.3338343,9.8255979,5.997393821743913e-05,0,0.0018577818617664787,0.0,0,-4.882698768942355e-06
7.329,0.0823059,-0.3622833,9.855518400000001,0.0008761990835797207,0,0.025507035792571273,0.0,0,-4.882698768942355e-06
7.344,0.0823059,-0.35777070000000005,9.851005800000001,0.0015585113472198486,0,0.04548748424267347,0.0,0,-4.882698768942355e-06
7.36,0.059841000000000005,-0.35777070000000005,9.7895952,0.0007234326391678536,0,-0.05219241925324964,0.0,0,-4.882698768942355e-06
7.375,0.0748503,-0.3547296,9.7895952,-9.145900385121308e-05,0,-0.05432610953460561,0.0,0,-4.882698768942355e-06
7.391,0.0703377,-0.34128990000000003,9.774684,-0.00126239332080047,0,-0.07318339480932849,0.0,0,-4.882698768942355e-06
7.407,0.0703377,-0.3248091,9.831582000000001,-0.0010314968637992195,0,0.014431028562578151,0.0,0,-4.882698768942355e-06
7.422,0.0793629,-0.37572300000000003,9.8046045,-0.0014178306020333764,0,-0.025755582548944347,0.0,0,-4.882698768942355e-06
7.454,0.0793629,-0.3562992,9.8375661,-0.0010090273269085515,0,0.012775102347650768,0.0,0,-4.882698768942355e-06
7.469,0.0718092,-0.3562992,9.7866522,-0.0018525608081318978,0,-0.056235565414887626,0.0,0,-4.882698768942355e-06
7.485,0.0703377,-0.3622833,9.7866522,-0.002670426207894039,0,-0.051116587485133765,0.0,0,-4.882698768942355e-06
7.5,0.0703377,-0.35178660000000006,9.818044200000001,-0.0027125309162556732,0,-0.002806980557442352,0.0,0,-4.882698768942355e-06
7.516,0.0688662,-0.35178660000000006,9.851005800000001,-0.0019504549959332707,0,0.04762974502015012,0.0,0,-4.882698768942355e-06
7.532,0.08534699999999999,-0.3592422,9.851005800000001,-0.0011972639808472962,0,0.04707443844287336,0.0,0,-4.882698768942355e-06
7.563,0.10182780000000001,-0.34580249999999996,9.8151012,-0.0013454836550614857,0,-0.004781279813360998,0.0,0,-4.882698768942355e-06
7.579,0.10182780000000001,-0.34580249999999996,9.827069400000001,-0.0011983773373813733,0,0.009194144855007016,0.0,0,-4.882698768942355e-06
7.594,0.0823059,-0.3248091,9.749178,-0.002975455051387854,0,-0.11847184760042756,0.0,0,-4.882698768942355e-06
7.61,0.0823059,-0.34580249999999996,9.7971489,-0.003522341117621508,0,-0.03418037913960334,0.0,0,-4.882698768942355e-06
7.625,0.049442400000000004,-0.34580249999999996,9.7806681,-0.004462989510493287,0,-0.06270989285811994,0.0,0,-4.882698768942355e-06
7.641,0.0688662,-0.3427614,9.7806681,-0.005380441048851381,0,-0.05734072114738082,0.0,0,-4.882698768942355e-06
7.657,0.0688662,-0.344331,9.836094600000001,-0.004923171567282836,0,0.02857934259803405,0.0,0,-4.882698768942355e-06
7.672,0.0718092,-0.344331,9.931840200000002,-0.002142760833752533,0,0.18536071556869083,0.0,0,-4.882698768942355e-06
7.688,0.0718092,-0.344331,9.931840200000002,0.0005698350038372269,0,0.16953723984935984,0.0,0,-4.882698768942355e-06
7.704,0.08829,-0.3008727,9.827069400000001,0.000630998982355635,0,0.0038227486574005064,0.0,0,-4.882698768942355e-06
7.719,0.08829,-0.3622833,9.7866522,-0.0002438950415442065,0,-0.05832626825998722,0.0,0,-4.882698768942355e-06
7.735,0.1078119,-0.3622833,9.788123700000002,-0.0010568197722502504,0,-0.050807795669127694,0.0,0,-4.882698768942355e-06
7.75,0.058369500000000005,-0.33530580000000004,9.788123700000002,-0.001883578302209088,0,-0.05511723533059035,0.0,0,-4.882698768942355e-06
7.766,0.058369500000000005,-0.3278502,9.747706500000001,-0.003681541407527078,0,-0.11237269408237428,0.0,0,-4.882698768942355e-06
7.782,0.0777933,-0.3278502,9.862974000000001,-0.0026226010076975115,0,0.06618377498934785,-3.9953945692068615e-06,0,-4.91466192549601e-06
7.797,0.08083440000000001,-0.3487455,9.862974000000001,-0.0015714225806622295,0,0.07007856180235363,0.0,0,-4.944627384765061e-06
7.829,0.08083440000000001,-0.33824879999999996,9.8584614,-0.0006647882650696602,0,0.028332322362267768,0.0,0,-4.944627384765061e-06
7.844,0.113796,-0.34580249999999996,9.848062800000001,-1.9400046889828104e-05,0,0.04302588121198717,0.0,0,-4.944627384765061e-06
7.875,0.059841000000000005,-0.3487455,9.848062800000001,0.0006011828525185337,0,0.020018803206721544,0.0,0,-4.944627384765061e-06
7.891,0.059841000000000005,-0.33530580000000004,9.8464932,0.0011569921186289633,0,0.03473807913190183,0.0,0,-4.944627384765061e-06
7.907,0.0928026,-0.33530580000000004,9.856989900000002,0.0019613303183199093,0,0.05027113748068408,0.0,0,-4.944627384765061e-06
7.922,0.0777933,-0.33981839999999996,9.856989900000002,0.0027466514700460465,0,0.05235474344841026,0.0,0,-4.944627384765061e-06
7.938,0.0777933,-0.3262806,9.8405091,0.003099930835650966,0,0.02207996035030744,0.0,0,-4.944627384765061e-06
7.954,0.0898596,-0.3262806,9.7911648,0.0022442943378724323,0,-0.0534772811111583,0.0,0,-4.944627384765061e-06
7.969,0.113796,-0.3622833,9.7911648,0.0014464504884106333,0,-0.05318958996411792,0.0,0,-4.944627384765061e-06
7.985,0.113796,-0.36375480000000004,9.8046045,0.0009969457418410599,0,-0.028094046660598313,0.0,0,-4.944627384765061e-06
8.0,0.0868185,-0.3622833,9.836094600000001,0.0013178491555461136,0,0.021393560913670704,0.0,0,-4.944627384765061e-06
8.016,0.0254079,-0.3622833,9.6713847,-0.002392145718934202,0,-0.23187467965501954,0.0,0,-4.944627384765061e-06
8.032,0.0733788,-0.3083283,9.6713847,-0.006051277543550171,0,-0.22869573903849785,0.0,0,-4.944627384765061e-06
8.047,0.0733788,-0.3248091,9.764187300000001,-0.007345861858135905,0,-0.08630562097237898,0.0,0,-4.944627384765061e-06
8.063,0.0658251,-0.3248091,9.833053500000002,-0.0069314799757851375,0,0.025898867646922927,0.0,0,-4.944627384765061e-06
8.079,0.0733788,-0.3487455,9.833053500000002,-0.006505918538772804,0,0.026597589813270848,0.0,0,-4.944627384765061e-06
8.094,0.0733788,-0.3622833,9.7895952,-0.0071380138229102386,0,-0.04213968560916573,0.0,0,-4.944627384765061e-06
8.11,0.09584369999999999,-0.3622833,9.7926363,-0.007675840968126124,0,-0.03361419657599282,0.0,0,-4.944627384765061e-06
8.125,0.1107549,-0.3098979,9.7926363,-0.008240539400498292,0,-0.03764656215814312,-7.745811429830073e-05,0,-5.525563242002338e-06
8.141,0.1107549,-0.34128990000000003,9.883967400000001,-0.006539915384598416,0,0.10628900099374218,0.0,0,-6.145228156388744e-06
8.157,0.0373761,-0.34580249999999996,9.8674866,-0.0052920712843089746,0,0.07799025626809002,0.0,0,-6.145228156388744e-06
8.172,0.0658251,-0.34580249999999996,9.949792500000001,-0.002064840785156008,0,0.21514869994352295,0.0,0,-6.145228156388744e-06
8.188,0.0763218,-0.32932170000000005,9.949792500000001,0.0010718751762421874,0,0.19604474758738705,0.0,0,-6.145228156388744e-06
8.204,0.0763218,-0.3338343,9.954305100000001,0.004245749916803376,0,0.19836717128507414,0.0,0,-6.145228156388744e-06
8.219,0.052385400000000006,-0.3338343,9.891423,0.005805619791843242,0,0.10399132500266607,0.0,0,-6.145228156388744e-06
8.235,0.0359046,-0.3143124,9.891423,0.00731005966292031,0,0.09402749194231666,0.0,0,-6.145228156388744e-06
8.25,0.0359046,-0.3278502,9.907903800000001,0.009190266170545414,0,0.12534710050833553,0.0,0,-6.145228156388744e-06
8.266,0.1032993,-0.3278502,9.9243846,0.011437884081747285,0,0.14047611945011684,0.0,0,-6.145228156388744e-06
8.282,0.0718092,-0.3652263,9.9243846,0.013655721428470713,0,0.13861483417021414,0.0,0,-6.145228156388744e-06
8.297,0.0718092,-0.35777070000000005,9.8464932,0.013914348816914668,0,0.01724182589626301,6.567551456616687e-05,0,-5.652661797142474e-06
8.313,0.0733788,-0.3278502,9.8240283,0.013593954147854248,0,-0.02002466681627622,0.0,0,-5.127257680613138e-06
8.329,0.0973152,-0.3278502,9.8764137,0.014563366209269901,0,0.06058825383847827,1.1000501141311333e-05,0,-5.039253671482647e-06
8.344,0.058369500000000005,-0.3338343,9.8764137,0.01550653807065494,0,0.06287812409234102,0.0,0,-4.956749912922819e-06
8.375,0.058369500000000005,-0.2994012,9.871999200000001,0.016292177385761164,0,0.02534320371310351,0.0002294048728151872,0,-1.4009743842873505e-06
8.391,0.058369500000000005,-0.2994012,9.9258561,0.018371614457013408,0,0.12996481695326512,6.715207557385361e-06,0,4.879862586932318e-07
8.407,0.0673947,-0.33981839999999996,9.9138879,0.020141722740724788,0,0.11063176773196116,0.0,0,5.417079191523148e-07
8.422,0.1078119,-0.33981839999999996,9.9273276,0.022204949100059324,0,0.1375484239556305,0.00013242194394518306,0,1.5348724987412253e-06
8.438,0.0478728,-0.3712104,9.9273276,0.024233798281549923,0,0.12680307384316236,3.931922998056878e-06,0,2.6257034342871455e-06
8.454,0.0478728,-0.34128990000000003,9.907903800000001,0.025713526747347615,0,0.09248302911235565,0.0,0,2.6571588182716007e-06
8.469,0.0194238,-0.33981839999999996,9.934881299999999,0.027811177245794738,0,0.13984336656315283,0.00030494580317777346,0,4.944252342104717e-06
8.485,0.113796,-0.33981839999999996,9.954305100000001,0.030346532407689253,0,0.15845969761840703,0.00027020748040564556,0,9.545478610772074e-06
8.5,0.10477080000000001,-0.3847482,9.954305100000001,0.032857488850458694,0,0.16739709618462303,0.0002442376398417729,0,1.3403817012627857e-05
8.516,0.10477080000000001,-0.2948886,9.9153594,0.034283006901873136,0,0.08909487821340259,0.0002813616058604286,0,1.7608610978245473e-05
8.532,0.0703377,-0.2948886,9.949792500000001,0.03650578473718369,0,0.1389236147069094,0.00034767193897288287,0,2.2640879336911967e-05
8.547,0.0868185,-0.36375480000000004,9.949792500000001,0.03873308274760312,0,0.1484865340279565,0.0004119634451088066,0,2.8338144717524855e-05
8.563,0.0868185,-0.3487455,10.0141461,0.04246154153728554,0,0.2330286743551511,0.0005615204393879156,0,3.612601579349864e-05
8.579,0.10182780000000001,-0.3487455,10.0291554,0.046468348342008525,0,0.2504254252951863,0.0007729595584222682,0,4.6801855775980124e-05
8.61,0.056898,-0.3532581,10.0291554,0.05037261158723716,0,0.12594397565254142,0.0017739944373255175,0,8.627964271006928e-05
8.625,0.056898,-0.3817071,10.059075900000002,0.05493628630032532,0,0.3042449808725326,0.0020638111714822664,0,0.00011506318477612874
8.641,0.0673947,-0.40868460000000006,10.092037500000002,0.06021932555944254,0,0.3301899536948258,0.0024850560663604074,0,0.00015145412267887019
8.657,0.029920500000000003,-0.40868460000000006,10.0755567,0.06496746786392471,0,0.2967588940301355,0.0029865504137473473,0,0.00019522697451973225
8.672,0.0748503,-0.3248091,10.0755567,0.06953108223565607,0,0.3042409581154126,0.00349528953949424,0,0.000243840774169046
8.688,0.0748503,-0.3338343,10.060547399999999,0.07362471048038799,1,0.2558517652957446,0.004640535881222593,0,0.00030892737753478075
8.704,0.0703377,-0.3338343,10.1069487,0.07874879224585385,1,0.32025511034161597,0.005859523903032529,0,0.0003929278558088218
8.719,0.0673947,-0.3173535,10.1069487,0.0837344651676446,1,0.3323781947860769,0.007078148333633669,0,0.0004899603975838105
8.735,0.0673947,-0.3532581,10.1264706,0.08910341573873204,1,0.33555941069296463,0.008460851380884683,0,0.0006142723952999574
8.75,0.09427410000000001,-0.3532581,10.1159739,0.09409079603120674,1,0.33249201949830054,0.009834807969159275,0,0.0007514898404252922
8.766,0.053856900000000006,-0.3338343,10.1159739,0.09893324049413899,1,0.3026527789332653,0.011379000261362043,0,0.000921200306269463
8.782,0.053856900000000006,-0.3338343,10.190824200000002,0.10548218199755688,1,0.40930884396361794,0.013014323641295612,0,0.0011163468974907244
8.813,0.0614106,-0.3562992,10.1997513,0.11210857398862473,1,0.21375458035702335,0.01638698035908149,0,0.001572067109496578
8.829,0.0554265,-0.3503151,10.1997513,0.11856745868941765,1,0.4036802937995573,0.01823238862050583,0,0.0018490220613332766
8.844,0.0554265,-0.33824879999999996,10.249193700000001,0.126064116775634,1,0.4997772057477974,0.02006712543649357,0,0.002136268416760749
8.86,0.0777933,-0.33824879999999996,10.256649300000001,0.13356321276866012,1,0.4686934995641319,0.02214414407284792,0,0.0024739585728354814
8.875,0.09427410000000001,-0.32932170000000005,10.256649300000001,0.14087569205688943,1,0.487498619215269,0.02420243585903962,0,0.0028215579223246513
8.891,0.09427410000000001,-0.3278502,10.2401685,0.147606920812013,1,0.42070179719522166,0.02651029676199084,0,0.0032272597832928955
8.907,0.08083440000000001,-0.3278502,10.2551778,0.15453705401240114,1,0.43313332502425933,0.028927448560586155,0,0.003670761745873512
8.922,0.0928026,-0.37572300000000003,10.2551778,0.16134065772251205,1,0.4535735806740432,0.031296531398598094,0,0.004122441595567411
8.938,0.0928026,-0.33824879999999996,10.3479804,0.17020869087182255,1,0.5542520718319062,0.033948926187352776,0,0.004644405256255018
8.969,0.0777933,-0.37425150000000007,10.3539645,0.17903348097047989,1,0.28467064834379585,0.03936217985090826,0,0.00578072739984802
8.985,0.0733788,-0.33226469999999997,10.3539645,0.18760732875287012,1,0.535865486399389,0.04229530632869506,0,0.006433987289284847
9.0,0.0733788,-0.3771945,10.3180599,0.19513446194225992,1,0.5018088792926344,0.04516586975890865,0,0.0070899461099419
9.032,0.052385400000000006,-0.3771945,10.3943817,0.20433513818874083,1,0.28752113270252816,0.05155738336100467,0,0.008637518159860514
9.047,0.0614106,-0.35777070000000005,10.3943817,0.21329587361596936,1,0.5973823618152125,0.05468961594954011,0,0.00943437065468963
9.063,0.0614106,-0.3173535,10.4362704,0.2230272421311188,1,0.6082105321968395,0.05818020087551683,0,0.010337329189290086
9.079,0.049442400000000004,-0.3173535,10.4333274,0.23244796411867696,1,0.5887951242223849,0.06182400252551519,0,0.011297362816498343
9.094,0.0733788,-0.3173535,10.4333274,0.24164234708384846,1,0.612958864344816,0.06537967985953384,0,0.012251390434386134
9.11,0.0928026,-0.3173535,10.463247899999999,0.25134565103195783,1,0.6064564967568348,0.0693235838444603,0,0.013329016544018088
9.141,0.0688662,-0.3173535,10.461776400000002,0.2607719079800024,1,0.30407280477562504,0.07726140600914583,0,0.015601083886749027
9.157,0.08534699999999999,-0.3622833,10.461776400000002,0.2700067926557441,1,0.5771802922338581,0.0815076356142318,0,0.01687123621973605
9.172,0.08534699999999999,-0.3248091,10.4257737,0.27810877817355184,1,0.5401323678538275,0.08561850239545167,0,0.018124682254808722
9.188,0.0658251,-0.32932170000000005,10.4572638,0.2867808093202715,1,0.5420019466699784,0.09013761909540226,0,0.019530731226735557
9.204,0.0658251,-0.35178660000000006,10.5321141,0.29708371797589983,1,0.64393179097677,0.09480853531377163,0,0.021010300462008948
9.219,0.0973152,-0.35178660000000006,10.3779009,0.30338227376770455,1,0.41990371945368155,0.0993120302518483,0,0.02246620470375098
9.235,0.0793629,-0.35178660000000006,10.3779009,0.3095234813511176,1,0.383825473963317,0.10421527629279888,0,0.02409442315610816
9.266,0.0793629,-0.34580249999999996,10.4482386,0.3172245596143952,1,0.24842187946056288,0.11392987092776449,0,0.027475672938026958
9.282,0.0733788,-0.3367773,10.542610800000002,0.32703007478259316,1,0.6128446980123708,0.11908390800294041,0,0.029339783169472597
9.297,0.04041720000000001,-0.3367773,10.5440823,0.3366279661736691,1,0.6398594260717037,0.12406134331011257,0,0.031163372554320563
9.313,0.04041720000000001,-0.34580249999999996,10.5440823,0.3459988839156498,1,0.5856823588737953,0.12952235811082713,0,0.03319204216568808
9.329,0.04041720000000001,-0.3547296,10.5201459,0.3545649921167424,1,0.5353817625682873,0.13512686911908628,0,0.035309235983527386
9.344,0.0464013,-0.3547296,10.5814584,0.3644173406520217,1,0.656823235685338,0.14051923661485158,0,0.037376581776531755
9.36,0.0194238,-0.3143124,10.5814584,0.37399619372657256,1,0.5986783171594284,0.14642654488988033,0,0.03967214802856961
9.375,0.0194238,-0.34580249999999996,10.560563100000001,0.38285599348287214,1,0.5906533170866163,0.15210293629395139,0,0.04191111913744843
9.391,0.0554265,-0.34580249999999996,10.572531300000001,0.39179455790242557,1,0.5586602762220889,0.15830014070503376,0,0.04439434375344031
9.407,0.0733788,-0.3367773,10.572531300000001,0.4005106723110803,1,0.5447571505409194,0.16463858254674182,0,0.04697785353945452
9.422,0.0733788,-0.35777070000000005,10.575474300000002,0.40910274548743075,1,0.5728048784233428,0.1707106831802309,0,0.04949297303240691
9.438,0.10182780000000001,-0.3427614,10.629429300000002,0.41879411051227144,1,0.6057103140525427,0.1773338580282285,0,0.05227732936207459
9.454,0.1002582,-0.3427614,10.548594900000001,0.4262782866628374,1,0.46776100941037196,0.1840944372056294,0,0.05516875572394546
9.469,0.1062423,-0.3771945,10.548594900000001,0.43360999137612666,1,0.48878031421932305,0.1905435992909211,0,0.05797854099766936
9.485,0.1062423,-0.3338343,10.6218756,0.4425136095218942,1,0.5564761341104725,0.19755258809810528,0,0.061083310496781576
9.5,0.0777933,-0.3338343,10.6009803,0.45068468257554173,1,0.5447382035764796,0.2042515752888363,0,0.06409684172218374
9.532,0.0898596,-0.37425150000000007,10.6009803,0.4586916899641942,1,0.25021898089538896,0.2188015972494721,0,0.07086569248279669
9.547,0.0898596,-0.33824879999999996,10.608435900000002,0.46665565780287466,1,0.5309311892453449,0.22574170235772537,0,0.07419976722985079
9.563,0.0344331,-0.33824879999999996,10.584499500000002,0.4738339528607671,1,0.448643441118279,0.23326561924303452,0,0.07787182580265688
9.579,0.0434583,-0.3248091,10.617461100000002,0.48163127251681104,1,0.48733247850274397,0.24090934104605516,0,0.0816652254849696
9.594,0.1002582,-0.34580249999999996,10.632372300000002,0.48962742578967955,1,0.5330768848579437,0.24819378128335323,0,0.08533349890243987
9.61,0.0478728,-0.34580249999999996,10.5171048,0.4946097837665775,1,0.31139737355612124,0.2560676789598033,0,0.08936759058438512
9.625,0.059841000000000005,-0.33981839999999996,10.5171048,0.49946735998194214,1,0.3238384143576307,0.2635232575379175,0,0.09326452260811817
9.641,0.059841000000000005,-0.3218661,10.584499500000002,0.5058356741554455,1,0.39801963584395994,0.2715656818110166,0,0.09754523412290965
9.657,0.059841000000000005,-0.3218661,10.584499500000002,0.5120486635930082,1,0.3883118398476656,0.27970875651300425,0,0.10195542962950183
9.672,0.0658251,-0.3218661,10.596467700000002,0.5184027496819894,1,0.42360573926540046,0.28743714211256705,0,0.10620902386919377
9.704,0.0688662,-0.35178660000000006,10.6278597,0.5253907360210643,1,0.21837457309609157,0.30413783788381593,0,0.11567422354913591
9.719,0.053856900000000006,-0.3338343,10.6278597,0.5321920551986175,1,0.4534212785035773,0.3120697088179629,0,0.12029578014939887
9.735,0.058369500000000005,-0.3503151,10.677302100000002,0.5400462431177342,1,0.4908867449447958,0.32064761520449375,0,0.12535751874157852
9.766,0.058369500000000005,-0.34580249999999996,10.6234452,0.5463924082096998,1,0.20471500296662895,0.3374874143000693,0,0.13555861169889943
9.766,0.058369500000000005,-0.34580249999999996,10.6234452,0.5525837887872278,1,0.0,0.3374874143000693,0,0.13555861169889943
9.797,0.0643536,-0.37268190000000007,10.6398279,0.5590464846301746,1,0.20847405944989242,0.35471768353803934,0,0.14628779071539033
9.813,0.0643536,-0.3218661,10.5560505,0.5632687510890584,1,0.2638916536802369,0.3636962054237932,0,0.152035101827085
9.829,0.0628821,-0.3218661,10.6398279,0.5694301928142789,1,0.38509010782627995,0.37275779697501993,0,0.1579267338462755
9.844,0.0823059,-0.33981839999999996,10.6398279,0.5754581944207882,1,0.4018667737673185,0.3813444598792822,0,0.16358250077268233
9.86,0.0823059,-0.3503151,10.6459101,0.5814957316483316,1,0.3773460767214628,0.3906000912878352,0,0.16975805718201928
9.875,0.04188870000000001,-0.3503151,10.656308700000002,0.5876337503938238,1,0.4092012496994676,0.39936856240315166,0,0.1756828220847019
9.891,0.09584369999999999,-0.3503151,10.656308700000002,0.5936305610371768,1,0.37480066520956223,0.40881867689459966,0,0.18214831999908393
9.907,0.0973152,-0.35178660000000006,10.6682769,0.5997743511650668,1,0.38398688299312556,0.41836591619221764,0,0.18876579674377847
9.922,0.0973152,-0.3622833,10.6368849,0.6050116714754221,1,0.3491546873570059,0.42740181136202166,0,0.1951090547004355
9.938,0.0688662,-0.3622833,10.641397500000002,0.6102258326619676,1,0.32588507415909324,0.4371237113951208,0,0.20202525888249265
9.954,0.0614106,-0.3173535,10.629429300000002,0.6149849582185531,1,0.2974453472865954,0.446925397722165,0,0.20909765175543094
9.969,0.0269775,-0.3173535,10.644340500000002,0.6199880422363861,1,0.3335389345222271,0.4561876952255763,0,0.21587099995253844
9.985,0.0688662,-0.36973890000000004,10.644340500000002,0.6249149124958091,1,0.3079293912139344,0.46614691886343385,0,0.22324967686525055
10.0,0.0688662,-0.290376,10.605492900000002,0.6287144956177517,1,0.2533055414628316,0.4755491394242859,1,0.2303123973024087
10.032,0.049442400000000004,-0.290376,10.6398279,0.6332558818265301,1,0.14191831902432547,0.4957406654633945,1,0.2458530341806116
10.047,0.0777933,-0.3427614,10.6398279,0.6377286329168772,1,0.29818340602312604,0.5052730493239709,1,0.2533606370415171
10.063,0.028449,-0.32333760000000006,10.6099074,0.6413420368453515,1,0.22583774552964433,0.5155056146820687,1,0.2615268663535654
10.079,0.028449,-0.3202965,10.61442,0.6449750731335406,1,0.22706476801181966,0.5257961515618998,1,0.2698572804835172
10.094,0.09878670000000002,-0.3202965,10.6218756,0.6487115294526244,1,0.249097087938941,0.5354988010812953,1,0.27781699262834053
10.11,0.020993400000000002,-0.40711500000000006,10.6218756,0.6524186229254703,1,0.2316933420528631,0.5459078423003201,1,0.2864682457753935
10.125,0.020993400000000002,-0.3053853,10.6218756,0.6559521292723556,1,0.23556708979234559,0.5557206229418041,1,0.29473045926470975
10.141,0.0449298,-0.3053853,10.5904836,0.6586359289729007,1,0.16773748128406915,0.5662373274077662,1,0.3037061228675063
10.157,0.0763218,-0.3547296,10.5904836,0.6612961402810793,1,0.16626320676116343,0.5767967839617981,1,0.31285039575846285
10.172,0.0763218,-0.3817071,10.6009803,0.6641701758828873,1,0.1916023734538587,0.5867377813330282,1,0.3215769049981744
10.188,0.0973152,-0.3817071,10.653365700000002,0.6682551194188022,1,0.25530897099468297,0.5973971836954417,1,0.33104998471840213
10.204,0.1122264,-0.36071369999999997,10.653365700000002,0.6722261746981033,1,0.2481909549563175,0.6081210340483769,1,0.3406941304603527
10.219,0.0194238,-0.32932170000000005,10.638356400000001,0.6756957095372247,1,0.23130232260811062,0.6182304481801411,1,0.34989176657706583
10.235,0.0194238,-0.34128990000000003,10.6278597,0.6788339326212025,1,0.1961389427486136,0.6290666853174085,1,0.3598701436450462
10.266,0.1107549,-0.3367773,10.635413400000001,0.6820898740673353,1,0.10503036923008956,0.6501610043210813,1,0.3796981728344432
10.297,0.1107549,-0.31136939999999996,10.6009803,0.6844081037514975,1,0.07478160271490751,0.6713417229772736,1,0.4001814651075681
10.313,0.09584369999999999,-0.31136939999999996,10.572531300000001,0.6859726993188495,1,0.09778722295949996,0.6823047694018364,1,0.41101063704660096
10.329,0.0134397,-0.3562992,10.572531300000001,0.6875233360402078,1,0.09691479508489023,0.6932927376847089,1,0.4220154171032933
10.344,0.0733788,-0.29783160000000003,10.583028,0.6892539680840155,1,0.11537546958719229,0.7036185674656398,1,0.4324922518919201
10.36,0.0628821,-0.33530580000000004,10.583028,0.6909680698706548,1,0.1071313616649582,0.7146603437692771,1,0.4438384831817994
10.375,0.0868185,-0.3592422,10.6099074,0.6933188344471439,1,0.15671763843259964,0.725042495551661,1,0.45463625447670686
10.391,0.0868185,-0.3338343,10.5814584,0.6948985234766649,1,0.09873056434506192,0.7361482344150515,1,0.46632578031644056
10.407,0.058369500000000005,-0.3338343,10.6024518,0.6969466978983192,1,0.12801090135339244,0.7472829961860514,1,0.47819323016124937
10.422,0.0373761,-0.37572300000000003,10.6024518,0.6989767739000161,1,0.13533840011312234,0.7577524222245393,1,0.48948099579932924
10.438,0.0373761,-0.3083283,10.5740028,0.7002107576364942,1,0.07712398352988085,0.7689459224768314,1,0.5016945825569402
10.454,0.0733788,-0.3083283,10.6278597,0.7027322372299469,1,0.15759247459079515,0.7801694664357629,1,0.514087505668241
10.469,0.1317483,-0.3487455,10.6278597,0.7052364061129186,1,0.1669445921981247,0.7907292312608335,1,0.5258692459009645
10.485,0.1317483,-0.4056435,10.611477,0.7073294595738648,1,0.1308158413091397,0.8020297581863278,1,0.5386113178165418
10.516,0.1002582,-0.4056435,10.626388200000001,0.7097264799220078,1,0.07732323703686729,0.8239941252485142,1,0.5638146880097823
10.532,0.0643536,-0.2829204,10.626388200000001,0.7119613354029646,1,0.1396784675598005,0.8353676277711141,1,0.5770895820339393
10.547,0.0269775,-0.33530580000000004,10.638356400000001,0.7144666785435021,1,0.1670228760358283,0.846065837875713,1,0.589700333026291
10.563,0.0269775,-0.34580249999999996,10.6099074,0.7162255985756456,1,0.1099325020089691,0.8575113760926661,1,0.603328950738038
10.579,0.0134397,-0.34580249999999996,10.5949962,0.717577495314714,1,0.08449354619177722,0.8689818008437891,1,0.6171408961535297
10.594,0.0718092,-0.3218661,10.5949962,0.7188837576126552,1,0.0870841531960853,0.8797552602407435,1,0.6302564241116627
10.61,0.0718092,-0.3173535,10.596467700000002,0.7201907145892328,1,0.08168481103609786,0.8912678560183586,1,0.6444246090417356
10.625,0.0224649,-0.3173535,10.635413400000001,0.7224099121701677,1,0.14794650539565554,0.9020873607190545,1,0.6578747731672667
10.641,0.029920500000000003,-0.33824879999999996,10.635413400000001,0.7245911310951012,1,0.13632618280834385,0.9136633690651766,1,0.6724007790055406
10.657,0.029920500000000003,-0.3652263,10.630900800000001,0.7266309006199503,1,0.12748559530306725,0.925273145318897,1,0.6871122711206132
10.672,0.050913900000000005,-0.3652263,10.605492900000002,0.7280035336842534,1,0.09150887095353856,0.936182903576179,1,0.7010731914873268
10.688,0.1212516,-0.3487455,10.605492900000002,0.7293430819499402,1,0.08372176660542678,0.9478416765012525,1,0.7161453881279463
10.704,0.0763218,-0.2934171,10.583028,0.7300512212539996,1,0.04425870650370807,0.959516830926884,1,0.7314042561873714
10.719,0.0763218,-0.35777070000000005,10.6039233,0.7312996922020467,1,0.08323139653648286,0.9704769627778035,1,0.7458792096401554
10.735,0.0658251,-0.33824879999999996,10.6039233,0.7325003798510572,1,0.07504297806315556,0.9821873633542283,1,0.7615005242492117
10.766,0.0658251,-0.318825,10.6099074,0.7338029966910238,1,0.04201989806343711,1.004915065690631,1,0.7923006118994076
10.782,0.1032993,-0.318825,10.5230889,0.7329646635181373,1,-0.05239582330540666,1.0166492069723043,1,0.8084731260807111
10.797,0.0449298,-0.3817071,10.5230889,0.732187776896545,1,-0.051792441439481654,1.0276378502754149,1,0.8238052790100696
10.813,0.0449298,-0.3936753,10.677302100000002,0.7351992582431564,1,0.18821758416320816,1.0393769465565326,1,0.8403413973847252
10.829,0.0254079,-0.3936753,10.585971,0.735909665728748,1,0.04440046784948133,1.0511458179483077,1,0.857065579500764
10.86,0.08083440000000001,-0.31136939999999996,10.653365700000002,0.7381857339109548,1,0.07342155426473554,1.0739942966427223,1,0.8900052512769236
10.875,0.08083440000000001,-0.3338343,10.641397500000002,0.7401311166768103,1,0.1296921843903645,1.0850816730221309,1,0.9061983210494107
10.891,0.0718092,-0.3338343,10.5919551,0.7408221841946983,1,0.043191719867996484,1.0969292994291029,1,0.9236544088290206
10.907,0.0643536,-0.3173535,10.5919551,0.7414828777735618,1,0.04129334867897235,1.108787739924849,1,0.9413001451438523
10.922,0.0643536,-0.3098979,10.654837200000001,0.7436551044687896,1,0.14481511301517874,1.119926274791667,1,0.9580155002542268
10.938,0.0763218,-0.3098979,10.5785154,0.7439156094535164,1,0.016281561545428133,1.1318268405030454,1,0.9760295251765845
10.954,0.0733788,-0.3307932,10.5785154,0.7441846788396926,1,0.016816836636013285,1.143731642809391,1,0.994233993043084
10.969,0.0733788,-0.3307932,10.575474300000002,0.7443730504177264,1,0.012558105202251178,1.1548958257788209,1,1.0114736990574942
11.0,0.052385400000000006,-0.3307932,10.6278597,0.7458308401391651,1,0.04702547488511941,1.177993986082453,1,1.0476334911413445
11.016,0.020993400000000002,-0.36375480000000004,10.647381600000001,0.7477525523024351,1,0.1201070102043732,1.189942653221986,1,1.06657698425578
11.032,0.056898,-0.31284090000000003,10.605492900000002,0.7485699411624687,1,0.05108680375209835,1.201913233169705,1,1.0857118313469134
11.047,0.0150093,-0.31284090000000003,10.6923114,0.7514805407596956,1,0.19403997314845586,1.2131636117841218,1,1.1038249076840678
11.079,0.0554265,-0.347274,10.6923114,0.7543493074155929,1,0.08964895799679065,1.2372568893549265,1,1.1430316357022927
11.094,0.0554265,-0.36826739999999997,10.611477,0.7551948604511125,1,0.05637020236797695,1.2485784706139258,1,1.1616754009020576
11.11,0.0823059,-0.36826739999999997,10.653365700000002,0.7570450750262037,1,0.11563841094319728,1.2606763900977442,1,1.181749439787751
11.125,0.0643536,-0.318825,10.6069644,0.7576770739159908,1,0.042133259319142094,1.272036806214811,1,1.200744788760096
11.141,0.0359046,-0.318825,10.659349800000001,0.7595674918547655,1,0.11815112117341531,1.2841747627409772,1,1.2211944813117424
11.157,0.08829,-0.347274,10.596467700000002,0.7599080718748752,1,0.021286251256857885,1.2963305672508143,1,1.2418385239516767
11.172,0.0658251,-0.3143124,10.596467700000002,0.7602112786475974,1,0.020213784848147225,1.3077314623797334,1,1.2613689891739066
11.188,0.0658251,-0.31136939999999996,10.6039233,0.7606867339139836,1,0.029715954149134277,1.319898646480226,1,1.2823900300447864
11.204,0.053856900000000006,-0.31136939999999996,10.5979392,0.7610030572689279,1,0.019770209684022415,1.3320721648096894,1,1.3036057965351058
11.219,0.049442400000000004,-0.36375480000000004,10.5979392,0.7613518163691442,1,0.023250606681085605,1.343489826361974,1,1.3236725114688916
11.235,0.049442400000000004,-0.3098979,10.61442,0.7620521370794009,1,0.043770044391044885,1.3556770579895623,1,1.345265846543704
11.266,0.0628821,-0.3098979,10.620404100000002,0.7628829994233008,1,0.02680201109354633,1.3793135526053546,1,1.387658201007926
11.282,0.0793629,-0.315882,10.620404100000002,0.7637005855211587,1,0.05109913111611681,1.3915262212849102,1,1.409824919199048
11.297,0.0793629,-0.32932170000000005,10.6249167,0.7646181901878659,1,0.06117364444714473,1.4029886121027284,1,1.430783780449456
11.313,0.0928026,-0.32932170000000005,10.663862400000001,0.7664654734790712,1,0.11545520570033209,1.415237281412064,1,1.4533295875975745
11.329,0.0464013,-0.347274,10.654837200000001,0.7680541934886129,1,0.09929500059635546,1.4275134387478055,1,1.4760715933588535
11.344,0.0464013,-0.347274,10.5440823,0.7669042997821958,1,-0.07665958042781683,1.4390256274473356,1,1.4975706363553154
11.36,0.0373761,-0.347274,10.620404100000002,0.7676420724026016,1,0.04611078877536641,1.451301998424814,1,1.5206932573622927
11.391,0.0014715,-0.3307932,10.620404100000002,0.7683474242944239,1,0.0227532868329771,1.4751098356236185,1,1.5660526407900441
11.407,0.0014715,-0.35777070000000005,10.572531300000001,0.7678899269751263,1,-0.028593582456104525,1.487399734433775,1,1.5897527173505033
11.422,0.0373761,-0.35777070000000005,10.5814584,0.7676628044086478,1,-0.015141504431899377,1.4989163799191538,1,1.6121500882081512
11.438,0.15421320000000002,-0.347274,10.5814584,0.767458480027706,1,-0.012770273808859743,1.5111973501946447,1,1.6362309980490617
11.454,0.15421320000000002,-0.318825,10.4647194,0.7643916312028676,1,-0.19167805155240175,1.5234521510844894,1,1.6605081940592947
11.469,0.2230794,-0.318825,10.52613,0.7629266346887711,1,-0.09766643427310678,1.5349070380786758,1,1.6834458879780165
11.485,0.0763218,-0.32932170000000005,10.560563100000001,0.7622937717455152,1,-0.03955393395349557,1.5471088013301502,1,1.7081020146932873
11.516,0.0239364,-0.37425150000000007,10.5904836,0.7624360762222686,1,0.004590466992046753,1.5707421139736513,1,1.756428703880497
11.532,0.0045126,-0.37425150000000007,10.4782572,0.7598387707324026,1,-0.1623315931166268,1.5829203127492886,1,1.7816580032942806
11.547,0.0059841,-0.34580249999999996,10.4782572,0.7572810049507535,1,-0.1705177187766018,1.5942987110669127,1,1.805487145972903
11.563,0.0059841,-0.287433,10.482671700000001,0.7548502559307337,1,-0.15192181375123223,1.6063957611539645,1,1.83109270175067
11.579,0.0898596,-0.287433,10.4197896,0.7509550685410957,1,-0.24344921185237545,1.6184422037497392,1,1.8568914054698995
11.61,0.020993400000000002,-0.2918475,10.4197896,0.7471489463536969,1,-0.12277813507738672,1.6416628159806077,1,1.9074230332757178
11.625,0.0673947,-0.3053853,10.4243022,0.7435599271853128,1,-0.23926794455892797,1.6528431325321506,1,1.9321318278895645
11.641,0.1212516,-0.33226469999999997,10.416846600000001,0.7399086265041053,1,-0.22820629257547223,1.664710880961666,1,1.958672259997515
11.657,0.0703377,-0.30685680000000004,10.416846600000001,0.7363159669968109,1,-0.224541219205898,1.6765206777096733,1,1.9854021124668857
11.672,0.0703377,-0.290376,10.407821400000001,0.7325793788991941,1,-0.24910587317444313,1.6875373928038937,1,2.0106325479957383
11.688,0.0703377,-0.290376,10.407821400000001,0.7289339270966408,1,-0.22784073765957905,1.6992294992518604,1,2.0377266831321843
11.704,0.0254079,-0.35178660000000006,10.3704453,0.7245074483230027,1,-0.2766549233523816,1.7108570302552175,1,2.065007375368241
11.719,0.0254079,-0.33530580000000004,10.4257737,0.721524391594869,1,-0.19887044854226293,1.7217022690546007,1,2.0907515701130626
11.75,0.0389457,-0.33530580000000004,10.328556599999999,0.716245215633796,1,-0.1702959987442897,1.7439876979666453,1,2.144469764601893
11.766,0.1107549,-0.36669779999999996,10.328556599999999,0.7111334888742249,1,-0.3194829224731907,1.7554067276027094,1,2.1724649200064476
11.782,0.1107549,-0.36826739999999997,10.298538,0.7054161469817011,1,-0.3573338682827384,1.766739124689557,1,2.200642086824786
11.797,0.1078119,-0.36826739999999997,10.3314996,0.7006408770393655,1,-0.3183513294890259,1.7772845523697154,1,2.2272222644027315
11.813,0.0703377,-0.35777070000000005,10.4153751,0.6980096935276805,1,-0.16444896948031293,1.7884737569342517,1,2.255748330877163
11.829,0.08534699999999999,-0.3876912,10.4153751,0.6954715178665332,1,-0.1586359788217083,1.7996216066254054,1,2.28445309378564
11.844,0.08534699999999999,-0.33981839999999996,10.3225725,0.6906923091256871,1,-0.3186139160564277,1.8100178353278462,1,2.311525389600287
11.86,0.08829,-0.31284090000000003,10.2626334,0.6845482791471831,1,-0.38400187365650285,1.8210197600340292,1,2.340573690363182
11.875,0.08829,-0.287433,10.202792400000002,0.6770770814891787,1,-0.49807984386694204,1.8312319502388024,1,2.3679655781902293
11.907,0.09133110000000001,-0.287433,10.2746016,0.6715394453385723,1,-0.17305112970644726,1.8528098146680465,1,2.426910246428739
11.922,0.0554265,-0.3367773,10.2746016,0.6661671629662536,1,-0.35815215815457263,1.8628426142303331,1,2.454777639645478
11.938,0.0554265,-0.2709522,10.238697000000002,0.6600030484443771,1,-0.38525715761727997,1.8734519759216182,1,2.4846679963666936
11.954,0.0718092,-0.2709522,10.210248,0.653298142590879,1,-0.4190566158436267,1.8839583854499002,1,2.5147272792576656
11.969,0.020993400000000002,-0.29783160000000003,10.1638467,0.6456381407715348,1,-0.5106667879563231,1.8937004075751176,1,2.543059720205351
11.985,0.028449,-0.4056435,10.1638467,0.6382563547272841,1,-0.46136162776566586,1.9039715635391081,1,2.573441095974265
12.0,0.1107549,-0.3876912,10.178856000000001,0.6314170666439711,1,-0.4559525388875175,1.9134941141993929,1,2.6020720885573048
12.032,0.1272357,-0.3083283,10.178856000000001,0.6246831503594379,1,-0.21043488389166345,1.9335917176714474,1,2.6636254618672384
12.047,0.1272357,-0.3652263,10.190824200000002,0.6184510593989163,1,-0.41547273070142254,1.9429152242446355,1,2.69269926393161
12.063,0.1287072,-0.3652263,10.1384388,0.6110946545461307,1,-0.45977530329910327,1.9527515899561958,1,2.723864598445217
12.079,0.0373761,-0.33226469999999997,10.1384388,0.6038718034748047,1,-0.4514281919578696,1.9624713216203633,1,2.7551863817378295
12.094,0.0373761,-0.3248091,10.098021600000001,0.5958339588529675,1,-0.5358563081225237,1.971469114837821,1,2.7846909350112634
12.11,0.0703377,-0.3248091,10.1234295,0.5886158150654897,1,-0.45113398671736654,1.9809447130291686,1,2.8163102456341993
12.125,0.08534699999999999,-0.3427614,10.1953368,0.5833437430125361,1,-0.3514714701968898,1.9897344097147542,1,2.84609033905478
12.141,0.09133110000000001,-0.3622833,10.1953368,0.5782179750025662,1,-0.32036050062311777,1.9990269034588732,1,2.878000429560169
12.157,0.09133110000000001,-0.3503151,10.0320984,0.5692281550469254,1,-0.561863747227553,2.0082064724992685,1,2.910058296567834
12.188,0.0763218,-0.3039138,10.0276839,0.5603100422327643,1,-0.2876810585213206,2.025714314557104,1,2.972584068767209
12.204,0.0763218,-0.32932170000000005,10.0665315,0.5525759673899344,1,-0.4833796776768646,2.034617402634086,1,3.0050667225047385
12.219,0.09427410000000001,-0.32932170000000005,9.990209700000001,0.5431738143090623,1,-0.6268102053915245,2.0428355259968276,1,3.0356476194694677
12.235,0.0449298,-0.3278502,9.990209700000001,0.5339914220674089,1,-0.5738995151033371,2.0514528478878393,1,3.068401926460545
12.25,0.0449298,-0.33226469999999997,10.0501488,0.5264976573861144,1,-0.4995843120862797,2.059406515983741,1,3.099233371689583
12.266,0.0179523,-0.33981839999999996,10.0770282,0.5198459875387993,1,-0.41572936545719547,2.0677772651431403,1,3.132250841938598
12.297,0.0658251,-0.33981839999999996,9.967744800000002,0.5106975438400472,1,-0.2951110870565144,2.083750689879513,1,3.1965995252414503
12.313,0.0868185,-0.3562992,9.967744800000002,0.5017901782374494,1,-0.5567103501623589,2.091850591656133,1,3.2300043354937356
12.329,0.0763218,-0.3262806,9.967744800000002,0.4930729184381146,1,-0.5448287374584244,2.0998094964295375,1,3.263537616198421
12.344,0.0658251,-0.3307932,9.967744800000002,0.48457007590796586,1,-0.5668561686766302,2.1071418188871327,1,3.2950897510632937
12.36,0.0658251,-0.3023442,9.957248100000001,0.4759967006242025,1,-0.5358359552352083,2.11482635309939,1,3.3288654964391857
12.375,0.142245,-0.3023442,10.003649400000002,0.4687830015355825,1,-0.48091327257464966,2.1219122008655886,1,3.3606410355939245
12.391,0.13469129999999999,-0.3562992,10.003649400000002,0.46178599216566774,1,-0.43731308561967236,2.1293567528151987,1,3.3946511872233707
12.422,0.13469129999999999,-0.315882,9.860031000000001,0.4514257483001778,1,-0.33420141501579853,2.1435115347924194,1,3.46088064568129
12.438,0.0823059,-0.3143124,9.8734707,0.4416305390777371,1,-0.6122005764025434,2.1506559850914426,1,3.495233985840361
12.454,0.04188870000000001,-0.3143124,9.851005800000001,0.43152039936457776,1,-0.6318837320724574,2.157641192598981,1,3.5297003632618846
12.469,0.0658251,-0.347274,9.8196138,0.4209218541825681,1,-0.7065696788006999,2.1640345095005844,1,3.5621129310276287
12.485,0.0643536,-0.347274,9.9033912,0.4126236143200046,1,-0.5186399914102187,2.170702873248605,1,3.5967908300896223
12.5,0.04188870000000001,-0.37268190000000007,9.9033912,0.4045473439107852,1,-0.5384180272812751,2.176831655435336,1,3.629397339054753
12.532,0.04188870000000001,-0.3712104,9.845021700000002,0.3952440801307837,1,-0.2907269931250453,2.1896283182200014,1,3.6992606986332386
12.547,0.0628821,-0.3712104,9.7941078,0.3849295571243996,1,-0.6876348670922496,2.1954796204994156,1,3.7321490081736353
12.563,0.11978010000000001,-0.3532581,9.7941078,0.3748633569512929,1,-0.629137510819166,2.201557963812021,1,3.7673253088481267
12.579,0.11978010000000001,-0.3592422,9.800091900000002,0.3651938236087453,1,-0.604345833909225,2.2074784212565013,1,3.8025975999286747
12.594,0.11978010000000001,-0.36071369999999997,9.764187300000001,0.35488638821347074,1,-0.6871623596850265,2.2128790228451676,1,3.835750280759435
12.61,0.1362609,-0.2934171,9.827069400000001,0.3463135500659007,1,-0.535802384223127,2.2184886223514027,1,3.8712012219210075
12.641,0.1362609,-0.36826739999999997,9.843550200000001,0.3384128771336403,1,-0.2548604171696848,2.2291018819729955,1,3.940138874738037
12.657,0.1272357,-0.36826739999999997,9.862974000000001,0.33117534089952905,1,-0.4523460146319543,2.2344585877172607,1,3.975847358495559
12.672,0.09133110000000001,-0.3098979,9.862974000000001,0.3240557213300388,1,-0.47464130463266563,2.2393728206839825,1,4.009401094058569
12.688,0.09133110000000001,-0.3098979,9.8854389,0.317657382354648,1,-0.3998961859619229,2.2445065255134597,1,4.045272128828149
12.704,0.056898,-0.3098979,9.711801900000001,0.3071759463387007,1,-0.6550897509967063,2.2495051921430065,1,4.081224222569401
12.735,0.0763218,-0.318825,9.8644455,0.3006813746698711,1,-0.20950231189773733,2.258926980618639,1,4.151104921247204
12.75,0.0763218,-0.3427614,9.855518400000001,0.29414717697092563,1,-0.4356131799296819,2.263388194755945,1,4.185022285062515
12.766,0.058369500000000005,-0.3427614,9.8151012,0.28678418984597087,1,-0.4601866953096719,2.2680356456904804,1,4.221273675786087
12.782,0.0254079,-0.3771945,9.8151012,0.279628139615518,1,-0.44725313940330264,2.2725669443261722,1,4.25759849650622
12.797,0.0254079,-0.36826739999999997,9.845021700000002,0.27336761895094774,1,-0.41736804430466945,2.276714412515421,1,4.291718106682533
12.813,0.007455600000000001,-0.36826739999999997,9.776155500000002,0.2655805828431781,1,-0.4866897567356028,2.281025998129774,1,4.328180029967695
12.829,0.0673947,-0.3262806,9.776155500000002,0.2579527133360582,1,-0.476741844194994,2.2852142644992077,1,4.3647099520687265
12.844,0.0673947,-0.3083283,9.788123700000002,0.25078844111178533,1,-0.4776181482848951,2.2890298231575663,1,4.399016782726149
12.86,0.0673947,-0.3083283,9.8105886,0.2443465476665505,1,-0.40261834032717625,2.292990903067793,1,4.435672948535952
12.875,0.1287072,-0.3083283,9.8105886,0.23807671127414132,1,-0.41798909282726343,2.2966090775098484,1,4.470094948390286
12.891,0.1062423,-0.3173535,9.831582000000001,0.23247199299832566,1,-0.3502948922384782,2.3003734671440283,1,4.506870808747517
12.907,0.1062423,-0.33824879999999996,9.862974000000001,0.2277861197777593,1,-0.2928670762853966,2.3040555320462373,1,4.543706240741039
12.922,0.1212516,-0.33824879999999996,9.7536906,0.22055509341176105,1,-0.4820684243998658,2.3074180911451587,1,4.578292292914976
12.938,0.1122264,-0.3098979,9.7536906,0.21347483979929827,1,-0.4425158507789236,2.3108903306108473,1,4.615238760289024
12.954,0.1122264,-0.3218661,9.7821396,0.20727017933116088,1,-0.3877912792585866,2.314256290763891,1,4.652239933260022
12.985,0.09133110000000001,-0.3218661,9.759674700000001,0.20066394916145747,1,-0.2131041990226988,2.3205792697555263,1,4.72407988444807
13.0,0.0090252,-0.35777070000000005,9.759674700000001,0.19423900418148676,1,-0.428329665331364,2.3235410419055986,1,4.758910786785529
13.016,0.0090252,-0.3907323,9.8136297,0.18931649845396414,1,-0.3076566079701634,2.3266094859266824,1,4.796111991008187
13.032,0.0119682,-0.3907323,9.8734707,0.18597251756607314,1,-0.20899880549318775,2.3296117980548425,1,4.83336176128004
13.047,-0.053856900000000006,-0.35777070000000005,9.8285409,0.18158793891372582,1,-0.2923052434898099,2.332368501478441,1,4.868326613526541
13.063,-0.053856900000000006,-0.3847482,9.800091900000002,0.17664180262599594,1,-0.30913351798311756,2.335234339410759,1,4.905667436253655
13.079,0.0628821,-0.3847482,9.8151012,0.17218340546835975,1,-0.2786498223522613,2.338024941075514,1,4.943053510497545
13.094,0.056898,-0.33530580000000004,9.8151012,0.16778865645472152,1,-0.29298326757590576,2.340574731539937,1,4.978143008042157
13.125,0.056898,-0.34580249999999996,9.7536906,0.16201311430545573,1,-0.18630781126663484,2.3456866589867196,1,5.050780059595322
13.141,0.11978010000000001,-0.34580249999999996,9.8375661,0.1584366381777862,1,-0.22352975797934585,2.3482502570065855,1,5.088331554923268
13.157,0.17667810000000003,-0.3487455,9.8375661,0.15497081997330575,1,-0.21661363778002743,2.3507575166717944,1,5.125923617112695
13.172,0.17667810000000003,-0.3652263,9.888480000000001,0.15284486184094348,1,-0.14173054215747938,2.3530661342854016,1,5.161202294494876
13.188,0.09133110000000001,-0.2784078,9.854046900000002,0.14983423297644904,1,-0.18816430403090206,2.355487567043941,1,5.198870724105511
13.204,0.0239364,-0.2829204,9.803133,0.14564927310085451,1,-0.26155999222465787,2.357851435092559,1,5.236577436122603
13.219,0.0239364,-0.32333760000000006,9.8405091,0.14250796871770888,1,-0.20942029220972605,2.360012614406198,1,5.271961416493841
13.25,-0.0179523,-0.32333760000000006,9.743193900000001,0.13707072657749286,1,-0.1753949077489004,2.364346084183274,1,5.345188976321979
13.266,0.0224649,-0.347274,9.743193900000001,0.1317864079108393,1,-0.3302699166658482,2.3664969412591805,1,5.383035720525519
13.282,0.0224649,-0.34580249999999996,9.764187300000001,0.12714141065199058,1,-0.29031232867804374,2.3685683638076833,1,5.420916242966054
13.297,0.09878670000000002,-0.34580249999999996,9.821085300000002,0.12400807772450939,1,-0.20888886183207153,2.370451984970507,1,5.456458895581891
13.313,0.0763218,-0.38023560000000006,9.7821396,0.12002815435329417,1,-0.24874521070095112,2.3724042748271295,1,5.494401745660272
13.329,0.1511721,-0.38023560000000006,9.8375661,0.11751720434606838,1,-0.15693437545161157,2.3743046376967243,1,5.532375416960463
13.36,0.0673947,-0.3622833,9.8375661,0.11502830414652898,1,-0.08028710321095152,2.3779090930783595,1,5.606034729787473
13.375,0.0673947,-0.36973890000000004,9.731225700000001,0.11001511260795205,1,-0.33421276923844956,2.379596918704018,1,5.6417160248758425
13.391,0.1586277,-0.344331,9.8136297,0.1071356396593437,1,-0.17996705928802187,2.3813341247221564,1,5.679803473223252
13.407,0.13469129999999999,-0.344331,9.843550200000001,0.10504693177354874,1,-0.1305442428621849,2.3830315852936197,1,5.717918398903379
13.422,0.0449298,-0.3202965,9.843550200000001,0.10296942785428342,1,-0.13850026128434884,2.3845917079908285,1,5.753675573603013
13.438,0.0449298,-0.34580249999999996,9.7941078,0.0997584782958878,1,-0.20068434739972646,2.38621353124003,1,5.791842015516861
13.469,0.0793629,-0.36826739999999997,9.7926363,0.09661526653383667,1,-0.10139392780810466,2.3892573242848907,1,5.865861813777494
13.485,0.0793629,-0.3307932,9.8196138,0.09417370886348841,1,-0.1525973543967661,2.390783636088069,1,5.904102141460478
13.5,0.0269775,-0.3307932,9.774684,0.09068956659704419,1,-0.23227615109627275,2.3921701106540234,1,5.939974294561045
13.516,-0.0119682,-0.3427614,9.774684,0.0872997259451811,1,-0.21186504074144333,2.393594024994361,1,5.978260407646232
13.532,0.11526750000000001,-0.3907323,9.8165727,0.08507361013612247,1,-0.13913223806616404,2.3949730116830112,1,6.016568943939651
13.547,0.11526750000000001,-0.2889045,9.833053500000002,0.08321764332733395,1,-0.12373112058589683,2.396235196083987,1,6.052503005497905
13.579,0.09878670000000002,-0.3652263,9.8704296,0.08237539093938295,1,-0.02632038712346849,2.3988846846322547,1,6.129224923589365
13.594,0.09878670000000002,-0.344331,9.821085300000002,0.08033265197815886,1,-0.1361825974149502,2.400104994954136,1,6.165217346186259
13.61,0.0673947,-0.344331,9.7926363,0.07763982794512714,2,-0.16830150206448277,2.4013687747935224,1,6.203629136344241
13.625,0.0973152,-0.34580249999999996,9.7926363,0.0750200796316225,2,-0.17464988756696964,2.402513724100348,1,6.2396582550859465
13.641,0.0973152,-0.33226469999999997,9.833053500000002,0.07343797577337341,2,-0.09888149114056768,2.403701388543588,1,6.278107975987098
13.657,0.0973152,-0.33226469999999997,9.833053500000002,0.07189445981410714,2,-0.09646974745414197,2.4048640480282875,1,6.316576499479673
13.672,0.1078119,-0.33226469999999997,9.8734707,0.07137642575587755,2,-0.03453560388197125,2.4059385796700625,1,6.352657519187412
13.704,0.049442400000000004,-0.3338343,9.8464932,0.07020338418886851,2,-0.03665754896903236,2.4082038566291786,1,6.4296837981682
13.735,0.1078119,-0.3338343,9.746235,0.06662655919124738,2,-0.11538145153616995,2.41032472075157,1,6.504370991117598
13.75,0.0673947,-0.3532581,9.746235,0.06314480728139138,2,-0.23211679399039128,2.411298006000115,1,6.540533161568238
13.766,0.050913900000000005,-0.3951468000000001,9.831582000000001,0.06186464744790143,2,-0.0800099895931216,2.4122980816379496,1,6.579121930269342
13.782,0.0898596,-0.37268190000000007,9.831582000000001,0.06060112713767829,2,-0.07897001938894636,2.413277807834634,1,6.617726537385123
13.797,0.0898596,-0.3023442,9.7971489,0.05847016951544859,2,-0.14206384148197468,2.4141708425595327,1,6.653932402263081
13.813,0.0763218,-0.3023442,9.836094600000001,0.05733780376552389,2,-0.0707728593702938,2.4150973063457806,1,6.692566547454323
13.829,0.0733788,-0.3338343,9.836094600000001,0.05625733502616548,2,-0.0675292962099005,2.416006067456114,1,6.731215374444738
13.86,0.08083440000000001,-0.3592422,9.8644455,0.0559174652485499,2,-0.01096354121340609,2.417744776860372,1,6.806138512531641
13.875,0.08083440000000001,-0.2814489,9.788123700000002,0.05366362115943524,2,-0.15025627260763863,2.418566635008432,1,6.842410848120658
13.891,0.145188,-0.2694807,9.8091171,0.051986435849824986,2,-0.10482408185064064,2.4194118354645058,1,6.881114675884442
13.907,0.145188,-0.33824879999999996,9.8091171,0.050402084723236484,2,-0.09902194541178125,2.42023094362909,1,6.91983181811719
13.922,0.0973152,-0.33824879999999996,9.830012400000001,0.04935126721933969,2,-0.07005450025978367,2.4209790937686595,1,6.9561408933976745
13.938,0.0973152,-0.33824879999999996,9.830012400000001,0.04832607941066058,2,-0.06407423804244411,2.4217605125416997,1,6.994882810248157
13.954,0.08534699999999999,-0.2814489,9.830012400000001,0.04727954166036952,2,-0.06540860939319154,2.422525357510268,1,7.033637097208572
13.969,0.08534699999999999,-0.33530580000000004,9.8615025,0.04706729307496893,2,-0.014149905693373628,2.423232958770783,1,7.069980284580677
13.985,0.0478728,-0.33530580000000004,9.854046900000002,0.046672314661819314,2,-0.024686150821850973,2.423982875632677,1,7.1087580112559055
14.0,0.050913900000000005,-0.37572300000000003,9.716314500000001,0.042966075271912985,2,-0.24708262599374595,2.4246551635571802,1,7.145122796549831
14.016,0.050913900000000005,-0.38023560000000006,9.7672284,0.040595350978810174,2,-0.14817026831892552,2.425323654967186,1,7.183922627098026
14.032,0.050913900000000005,-0.38023560000000006,9.7672284,0.03828244922944002,2,-0.14455635933563457,2.425954677368852,1,7.222732853756714
14.047,0.0554265,-0.38023560000000006,9.839037600000001,0.03777665837613853,2,-0.03371939022009812,2.426525120675894,1,7.259126452242051
14.079,0.08377740000000002,-0.3712104,9.7686999,0.035565429464700316,2,-0.06910090348244408,2.4276985940813476,1,7.336794031678167
14.094,0.0777933,-0.3712104,9.856989900000002,0.0355587347934847,2,-0.0004463114143741961,2.428232025313284,1,7.373213511323624
14.11,0.08534699999999999,-0.35178660000000006,9.856989900000002,0.03553636472142507,2,-0.0013981295037268624,2.428800786109403,1,7.412069773815006
14.125,0.08534699999999999,-0.3218661,9.7971489,0.03403091923567558,2,-0.10036303238329555,2.4293225407390815,1,7.448505698766371
14.141,0.09133110000000001,-0.3218661,9.833053500000002,0.03343872082013277,2,-0.03701240097142563,2.429862297859528,1,7.48737917747516
14.157,0.1062423,-0.30685680000000004,9.866015100000002,0.03365642588961926,2,0.013606566842905276,2.4303990590332063,1,7.526261268330302
14.172,0.08083440000000001,-0.33226469999999997,9.866015100000002,0.033883009913484585,2,0.015105601591021313,2.4309056048017297,1,7.562721053309065
14.188,0.08083440000000001,-0.36071369999999997,9.9048627,0.03507526093451041,2,0.07451568881411401,2.431457270968514,1,7.601619956315227
14.204,0.0793629,-0.36071369999999997,9.854046900000002,0.03499959808195818,2,-0.004728928284514207,2.4320178698406454,1,7.640527757441701
14.235,0.0673947,-0.3338343,9.889951500000002,0.035775720334944694,2,0.02503620170924325,2.4331148872761075,1,7.715937315177007
14.25,0.08534699999999999,-0.3338343,9.7791966,0.03383660948979106,2,-0.12927405634357078,2.433636979749793,1,7.752437954179703
14.266,0.08534699999999999,-0.3338343,9.7791966,0.03194479403110506,2,-0.1182384661678747,2.43416323097796,1,7.791380355865525
14.282,0.056898,-0.32932170000000005,9.7791966,0.030090347372571102,2,-0.11590291615837235,2.4346595121091896,1,7.830330937810222
14.297,0.0359046,-0.33226469999999997,9.8584614,0.030213298548112277,2,0.00819674503607802,2.435111789453595,1,7.866854222571945
14.313,0.04188870000000001,-0.37425150000000007,9.8824959,0.0309562790439184,2,0.04643628098788262,2.4356011460743314,1,7.905819926056168
14.329,0.11821050000000001,-0.35777070000000005,9.8824959,0.031681328886152826,2,0.04531561513965161,2.436102246937772,1,7.944793553200265
14.344,0.11821050000000001,-0.34128990000000003,9.8809263,0.03233622995704799,2,0.043660071393014456,2.436582378629096,1,7.981338687892014
14.36,0.0868185,-0.34128990000000003,9.8105886,0.031252761980898214,2,-0.06771674850936099,2.4370910905645995,1,8.020328075645564
14.375,0.08829,-0.37268190000000007,9.8105886,0.030223881202372738,2,-0.0685920519016958,2.437552165388474,1,8.056887900065213
14.391,0.08829,-0.3083283,9.8524773,0.03018678523048024,2,-0.0023184982432811175,2.438035450719937,1,8.09589260099408
14.422,0.0718092,-0.3262806,9.821085300000002,0.02939620634963802,2,-0.0255025445432969,2.438958987089429,1,8.171486014780127
14.438,0.0718092,-0.318825,9.833053500000002,0.02891068700883359,2,-0.03034495880027685,2.4394254422362964,1,8.210513090214732
14.454,0.0733788,-0.318825,9.8689581,0.029312531481956228,2,0.025115279570164774,2.439891227984223,1,8.249547623576497
14.469,0.0449298,-0.2889045,9.845021700000002,0.029094401425620475,2,-0.014542003755718,2.4403292799810297,1,8.286149277386233
14.485,0.0643536,-0.3053853,9.845021700000002,0.028896346444186705,2,-0.012378436339610655,2.4407932059639883,1,8.325198257273794
14.5,0.0643536,-0.3547296,9.752219100000001,0.026481499287115184,2,-0.16098981047142857,2.441208539806973,1,8.361813270367078
14.532,0.053856900000000006,-0.3547296,9.8240283,0.02587426864153386,2,-0.018975957674416382,2.442046232093831,1,8.43994534671749
14.547,0.0688662,-0.39671639999999997,9.8240283,0.025323269675471494,2,-0.03673326440415634,2.4424302136312086,1,8.47657892006043
14.563,0.058369500000000005,-0.3248091,9.7627158,0.02322511440050512,2,-0.13113470468539823,2.4428186007038164,1,8.515660910575109
14.579,0.0329616,-0.3487455,9.7627158,0.02119536391015764,2,-0.1268594056467175,2.4431739645303017,1,8.554748851096981
14.594,0.0329616,-0.4116276,9.833053500000002,0.02098883243170313,2,-0.013768765230301645,2.4434903460028656,1,8.591398833425977
14.625,0.0478728,-0.4116276,9.8120601,0.020277252796731204,2,-0.022954181773287508,2.4441299703239063,1,8.667156948329044
14.641,0.0928026,-0.3547296,9.888480000000001,0.021399336749384545,2,0.07013024704083376,2.4444633830402753,1,8.706265695155958
14.657,0.1856052,-0.3503151,9.888480000000001,0.02252205733164736,2,0.07017003639142588,2.4448147541929237,1,8.745379920253823
14.672,0.1856052,-0.33530580000000004,9.848062800000001,0.022619670397123315,2,0.006507537698396713,2.4451533171508895,1,8.782054680788903
14.688,0.1362609,-0.33530580000000004,9.827069400000001,0.022183561344563785,2,-0.02725681578497061,2.4455117430048228,1,8.821180001270148
14.704,0.1377324,-0.3652263,9.827069400000001,0.021784581126453872,2,-0.024936263631869494,2.445863488144591,1,8.860311003119344
14.719,0.1377324,-0.3248091,9.843550200000001,0.021762459423277036,2,-0.0014747802117891953,2.446190090948714,1,8.897001404962541
14.735,0.0150093,-0.3248091,9.759674700000001,0.019673048908673607,2,-0.1305881571627142,2.4465215750153697,1,8.936143098290254
14.766,0.0688662,-0.3622833,9.8076456,0.018841585372250336,2,-0.026821404400750187,2.447118551846724,1,9.011994520256618
14.782,0.0464013,-0.3622833,9.901919700000002,0.020324974501260584,2,0.09271182056314045,2.447431884325712,1,9.051150923745997
14.797,0.0359046,-0.3338343,9.833053500000002,0.020068053222694004,2,-0.017128085237771335,2.4477348320336416,1,9.087864674118693
14.813,0.08083440000000001,-0.2709522,9.833053500000002,0.019776757808680046,2,-0.01820596337587242,2.4480535905218925,1,9.127030981499137
14.829,0.08083440000000001,-0.36669779999999996,9.8674866,0.020407464052148327,2,0.03941914021676759,2.448375064296779,1,9.166202410737688
14.844,0.1406754,-0.36669779999999996,9.806076000000001,0.019542529953437082,2,-0.05766227324742099,2.448674689251821,1,9.2029302838893
14.875,0.0718092,-0.290376,9.8165727,0.01887407612247749,2,-0.021563026805147732,2.449270146645998,1,9.278848428845718
14.907,0.1032993,-0.290376,9.7971489,0.017755255598251196,2,-0.034963141382071655,2.4498562159535293,1,9.35723445064731
14.922,0.17510850000000003,-0.34580249999999996,9.7732125,0.016149099694034774,2,-0.10707706028109074,2.4501104986182214,1,9.3939842010066
14.938,0.08083440000000001,-0.34580249999999996,9.719257500000001,0.013236929027913291,2,-0.18201066663259252,2.450345586847997,1,9.433187849690329
14.954,0.113796,-0.29783160000000003,9.836094600000001,0.01321328553730261,2,-0.0014777181631675505,2.4505571885645185,1,9.47239507189363
14.969,0.0329616,-0.3652263,9.836094600000001,0.013230889623669029,2,0.001173605757761322,2.450755519878226,1,9.509154917206947
14.985,0.0329616,-0.3218661,9.8524773,0.013610511853105578,2,0.023726389339784305,2.45097025109004,1,9.548368723374693
15.0,0.010496700000000001,-0.3218661,9.833053500000002,0.013506169379271071,2,-0.0069561649223001815,2.451173626199283,1,9.585134802454364
15.016,-0.0045126,-0.4056435,9.833053500000002,0.013479797977540287,2,-0.0016482126081740474,2.451389513938137,1,9.624355307575463
15.047,-0.0045126,-0.3771945,9.888480000000001,0.014777348595368167,2,0.04185647154283407,2.451827499710017,1,9.700355171287011
15.063,0.08083440000000001,-0.3173535,9.889951500000002,0.016035925524532146,2,0.07866105807274863,2.4520740059029764,1,9.739586383331915
15.079,0.08083440000000001,-0.2963601,9.845021700000002,0.01615260854378775,2,0.007292688703475208,2.452331514175523,1,9.778821627492542
15.094,0.10928340000000002,-0.2963601,9.8076456,0.015362000469881565,2,-0.05270720492708324,2.4525678737431256,1,9.815608372901929
15.11,0.1062423,-0.3532581,9.7895952,0.014195850514491681,2,-0.07288437221186765,2.4528043365510004,1,9.854851350584282
15.125,0.1332198,-0.2829204,9.7895952,0.013010477019523847,2,-0.07902489966451928,2.4530083840075054,1,9.891644945988471
15.157,0.1332198,-0.3008727,9.821085300000002,0.012634682888789328,2,-0.011743566585453714,2.453418706566038,1,9.970147779437648
15.172,0.1482291,-0.3008727,9.771642900000002,0.011068090951052767,2,-0.10443946251576679,2.453596477369837,1,10.006950393317169
15.188,0.0658251,-0.3262806,9.771642900000002,0.009537582861758764,2,-0.09565675558087508,2.4537613227603394,1,10.04620925571821
15.204,0.0658251,-0.2858634,9.851005800000001,0.009948358784996003,2,0.0256734952023274,2.4539172102935134,1,10.085470683982642
15.219,0.1107549,-0.2858634,9.8016615,0.00915599860887717,2,-0.052824011741259835,2.4540604929739676,1,10.122280516757145
15.235,0.0928026,-0.3487455,9.8016615,0.008428041369947792,2,-0.04549732743308606,2.454201165293798,1,10.161546610023288
15.25,0.0928026,-0.34128990000000003,9.8136297,0.008003160238468254,2,-0.02832540876530143,2.454324399305861,1,10.198360551757787
15.266,0.0389457,-0.34580249999999996,9.8285409,0.007947140496577632,2,-0.003501233868163919,2.4544520017117413,1,10.237630762965928
15.282,0.0703377,-0.36071369999999997,9.8285409,0.007909803979025298,2,-0.002333532347020826,2.454578857267546,1,10.276903009837762
15.297,0.0703377,-0.3218661,9.8734707,0.008935733823788539,2,0.06839532298421343,2.4547051988010673,1,10.313722640258277
15.329,0.0119682,-0.3218661,9.7552602,0.0070490789198753845,2,-0.05895796574728601,2.454960955804966,1,10.392277298731974
15.344,0.0763218,-0.3307932,9.7552602,0.005222818122520678,2,-0.12175071982365689,2.455052995032784,1,10.429102403363254
15.36,0.0763218,-0.3487455,9.7567317,0.003492207208621423,2,-0.10816318211870336,2.455122715235433,1,10.4683838090454
15.375,0.0554265,-0.3487455,9.827069400000001,0.003514806842256135,2,0.0015066422423140955,2.4551752678408145,1,10.505211043918473
15.391,0.1392039,-0.315882,9.827069400000001,0.0035299891321791677,2,0.0009488931201895303,2.45523162620861,1,10.54449429907087
15.407,0.1392039,-0.344331,9.7911648,0.0026929991688522392,2,-0.05231187270793298,2.455281410115018,1,10.583778403361459
15.422,0.23200650000000003,-0.344331,9.845021700000002,0.003231706198086215,2,0.03591380194893035,2.4553258454052704,1,10.620607957777862
15.438,0.1946304,-0.32333760000000006,9.8255979,0.0032467862714398166,2,0.0009425045846001004,2.4553776733450268,1,10.659893585927865
15.454,0.10182780000000001,-0.3248091,9.8255979,0.0032285574562909147,2,-0.0011393009468063642,2.4554294760948485,1,10.699180043123384
15.485,0.0688662,-0.32932170000000005,9.839037600000001,0.0035350615367200078,2,0.009887228400938867,2.4555343121892403,1,10.775299981841785
15.5,0.0344331,-0.3936753,9.839037600000001,0.0038873132932959464,2,0.02348345043839502,2.4555899800004655,1,10.812133414033209
15.516,0.0344331,-0.3487455,9.874942200000001,0.0050648277836540245,2,0.07359465564737981,2.455661597129081,1,10.851423426650245
15.532,-0.0090252,-0.3487455,9.8689581,0.006066397034844684,2,0.06259807819941615,2.455750646927629,1,10.890714724602699
15.547,-0.020993400000000002,-0.37572300000000003,9.8689581,0.007068116163210902,2,0.06678127522441205,2.4558491557766144,1,10.927551723122981
15.563,-0.020993400000000002,-0.3427614,9.866015100000002,0.007944421077752395,2,0.05476905715884323,2.455969256074542,1,10.96684627041779
15.594,0.0045126,-0.3427614,9.8375661,0.008105375023149008,2,0.005192062754729669,2.456218027914106,1,11.042985173319611
15.61,0.1122264,-0.3831786,9.8375661,0.008314325821091373,2,0.013059424871397761,2.45634938552086,1,11.08228571262709
15.625,0.08829,-0.3907323,9.7941078,0.007460399188529365,2,-0.05692844217079835,2.456467695958432,1,11.119131840738186
15.641,0.1032993,-0.3907323,9.800091900000002,0.006776707219536604,2,-0.04273074806204754,2.456581592809697,1,11.158436235048331
15.657,0.1032993,-0.3907323,9.800091900000002,0.006109690664422018,2,-0.04168853469466157,2.4566846839927683,1,11.197742365262751
15.672,0.1437165,-0.347274,9.800091900000002,0.005431477509084459,2,-0.04521421035583557,2.4567712427540696,1,11.234593284713354
15.688,0.11821050000000001,-0.37866600000000006,9.7387794,0.0032956396514904895,2,-0.133489866099623,2.4568410596913544,1,11.273902183132916
15.704,0.11673900000000001,-0.33981839999999996,9.7387794,0.001176537874084005,2,-0.13244386108790518,2.456876837111559,1,11.31321192630734
15.719,0.11673900000000001,-0.3622833,9.830012400000001,0.0013523713963561335,2,0.011722234818142848,2.4568958039310873,1,11.350065221115155
15.75,0.10477080000000001,-0.3622833,9.8794548,0.0027256599409462012,2,0.044299630470646514,2.4569590134168156,1,11.42622997078405
15.766,0.12272310000000002,-0.34128990000000003,9.8584614,0.003540583001083064,2,0.05093269125855388,2.457009143360352,1,11.465541716038267
15.782,0.08377740000000002,-0.3712104,9.855518400000001,0.004280313934286184,2,0.04623318332519495,2.4570717105358346,1,11.504854362869436
15.797,0.0134397,-0.3712104,9.856989900000002,0.005029412276920553,2,0.04993988950895604,2.4571415334824187,1,11.541710962199573
15.813,-0.0179523,-0.36826739999999997,9.856989900000002,0.0057577244530921945,2,0.045519511010727556,2.457227830576259,1,11.581025917112044
15.844,-0.0179523,-0.3307932,9.8165727,0.005450655834625451,2,-0.009905439305379212,2.4574015604707187,1,11.657202672673268
15.86,0.0733788,-0.3307932,9.806076000000001,0.004901497218353867,2,-0.03432241351697393,2.4574843776951427,1,11.696521760178594
15.875,0.0673947,-0.3592422,9.818044200000001,0.004680788455646123,2,-0.014713917513849055,2.4575562448376975,1,11.733384564847592
15.891,0.053856900000000006,-0.3592422,9.8704296,0.005740249015538268,2,0.06621628499325899,2.457639613137467,1,11.772706131711393
15.907,0.1377324,-0.33824879999999996,9.843550200000001,0.006120485309457635,2,0.023764768369960422,2.457734499012067,1,11.81202912460859
15.922,0.1317483,-0.36826739999999997,9.843550200000001,0.006515707044666641,2,0.026348115680599398,2.457829270454723,1,11.848895852879592
15.954,0.1317483,-0.35178660000000006,9.8120601,0.006119107551320724,2,-0.0123937341670599,2.4580314274882586,1,11.92754962404668
15.969,0.1990449,-0.35178660000000006,9.8136297,0.005798077723413897,2,-0.021401988527123515,2.4581208063778193,1,11.964420765800673
15.985,0.1002582,-0.3023442,9.8136297,0.005407998196965025,2,-0.024379970403054486,2.458210454985182,1,12.003751415891577
16.0,0.1002582,-0.3039138,9.776155500000002,0.004115097265815493,2,-0.08619339540996554,2.458281878201153,1,12.040625108390476
16.016,0.0628821,-0.3039138,9.7895952,0.003173760894146227,2,-0.05883352322933559,2.458340189066433,1,12.079958084928611
16.032,-0.0329616,-0.3487455,9.7895952,0.002288242461315093,2,-0.05534490205193967,2.4583838850932764,1,12.119291877521894
16.047,-0.0329616,-0.38023560000000006,9.818044200000001,0.002146251309598668,2,-0.009466076781094653,2.458417143796558,1,12.156167885238569
16.063,-0.0254079,-0.3532581,9.8464932,0.002676042951772928,2,0.03311197763589489,2.458455722150649,1,12.195502868166143
16.079,0.0554265,-0.3532581,9.8375661,0.0029783256260671465,2,0.01889266714338655,2.4585009570992717,1,12.234838521600146
16.094,0.0614106,-0.3098979,9.8375661,0.003238477145291796,2,0.017343434614975978,2.458547583120057,1,12.271716385651793
16.125,0.09584369999999999,-0.3592422,9.8225568,0.0031740787339149534,2,-0.002077368108930485,2.458646977736185,1,12.347932901345061
16.141,0.1062423,-0.2948886,9.8225568,0.0030616268393419688,2,-0.007028243410812315,2.4586968633807706,1,12.387271652073991
16.157,0.1062423,-0.2829204,9.8809263,0.004366313183089332,2,0.08154289648420107,2.4587562869009503,1,12.42661127727625
16.172,0.1272357,-0.2829204,9.8105886,0.00393052172199404,2,-0.02905276407301835,2.4588185131627385,1,12.463493088276728
16.188,0.1212516,-0.3712104,9.8105886,0.003575256321978415,2,-0.022204087500979023,2.4588785593870903,1,12.502834664857122
16.204,0.1212516,-0.315882,9.8076456,0.0031096951303339893,2,-0.029097574477773353,2.458932038998709,1,12.542177149644212
16.219,0.08534699999999999,-0.3143124,9.8464932,0.003592024053094889,2,0.032155261517392085,2.458982301892585,1,12.579061507200898
16.235,0.007455600000000001,-0.3143124,9.7327953,0.001281950428223766,2,-0.14437960155446108,2.4590212936884357,1,12.618405535965541
16.266,0.020993400000000002,-0.3338343,9.7327953,-0.0009554522557930767,2,-0.07217428012957834,2.4590263544101085,1,12.694635274511066
16.282,0.0030411,-0.3907323,9.8225568,-0.000899645324468068,2,0.003487933207812653,2.4590115136294664,1,12.733979577455386
16.297,0.053856900000000006,-0.40868460000000006,9.8225568,-0.0008238098781312431,2,0.005055696422454804,2.4589985877154468,1,12.770864653215474
16.313,0.053856900000000006,-0.3173535,9.8704296,0.000334913545575688,2,0.07242021398169117,2.4589946765447865,1,12.810208599329552
16.329,0.0973152,-0.3173535,9.8225568,0.0003065216042390517,2,-0.001774496333539567,2.458999808025985,1,12.849552555206124
16.344,0.1571562,-0.3652263,9.8225568,0.0003382567319540897,2,0.0021156751810024496,2.4590046438635067,1,12.886437588595296
16.36,0.1571562,-0.40113090000000007,9.907903800000001,0.002483001425488851,2,0.13404654334593735,2.459027213928766,1,12.92578184345763
16.391,0.0643536,-0.2814489,9.834525,0.0026607063691201915,2,0.005732417536495075,2.4591069413995825,1,13.002012922865216
16.407,0.0793629,-0.3592422,9.834525,0.002898520482478517,2,0.014863382084893685,2.459151415214395,1,13.041358989718132
16.422,0.0793629,-0.3532581,9.7686999,0.0015208547945952944,2,-0.09184437919221138,2.459184560528973,1,13.078246509536209
16.438,0.09584369999999999,-0.3532581,9.8091171,0.0011654899156692267,2,-0.02221030493288168,2.4592060512866554,1,13.11759363443073
16.454,0.0673947,-0.3083283,9.8091171,0.0007760894499533322,2,-0.02433752910724068,2.4592215839215803,1,13.1569410555124
16.469,0.0673947,-0.31284090000000003,9.8405091,0.0011649223411112075,2,0.025922192743857375,2.4592361415100132,1,13.193829488453138
16.5,0.0194238,-0.31284090000000003,9.7941078,0.00040795024971629346,2,-0.0244184545611272,2.459260521035171,1,13.270066186722586
16.516,0.0658251,-0.34128990000000003,9.7941078,-0.0003024783177689727,2,-0.04440178546783403,2.4592613648106267,1,13.309414361809347
16.532,0.0658251,-0.3173535,9.8674866,0.0007735566783910741,2,0.0672521872599954,2.4592651334375115,1,13.348762573795337
16.547,0.10182780000000001,-0.3831786,9.9184005,0.003128559779298712,2,0.1570002067271699,2.459294399310944,1,13.385651770290952
16.563,0.059841000000000005,-0.3831786,9.8734707,0.004322775993299999,2,0.07463851337508864,2.459354009997125,1,13.425000957565413
16.579,0.0658251,-0.34580249999999996,9.8734707,0.005455163588312217,2,0.07077422468825574,2.459432233513778,1,13.464351247513504
16.594,0.0658251,-0.3202965,9.845021700000002,0.005845463203797863,2,0.0260199743657087,2.459516988214719,1,13.50124336667647
16.61,0.0928026,-0.3202965,9.851005800000001,0.006377411298180036,2,0.03324675589888948,2.459614771210735,1,13.540596420751868
16.625,0.09133110000000001,-0.34580249999999996,9.851005800000001,0.006917069180087054,2,0.03597719212713321,2.459714479814322,1,13.577491390134558
16.641,0.1107549,-0.35178660000000006,9.848062800000001,0.007381854750432737,2,0.029049098146608367,2.459828871205766,1,13.616847736942715
16.672,0.1317483,-0.3098979,9.848062800000001,0.007807303527901155,2,0.013724154111883404,2.46006430315908,1,13.693106081145375
16.688,0.0793629,-0.37866600000000006,9.8225568,0.007645669732985638,2,-0.010102112182220903,2.460187926945167,1,13.732468098986205
16.704,0.0793629,-0.33226469999999997,9.783611100000002,0.006497731428034115,2,-0.07174614405946218,2.4603010741544553,1,13.771832010995006
16.719,0.11673900000000001,-0.33226469999999997,9.7627158,0.004877611124671333,2,-0.10800802022418138,2.4603863892236006,1,13.808737166970342
16.735,0.0239364,-0.3083283,9.7627158,0.003261564755074886,2,-0.10100289809978905,2.4604515026306384,1,13.848103870105172
16.766,0.0658251,-0.35777070000000005,9.7507476,0.0014390379482787097,2,-0.05879118731600796,2.4605243619725403,1,13.924378996006519
16.782,0.0373761,-0.34580249999999996,9.7507476,-0.00035323091764816184,2,-0.11201680412041694,2.4605330484287853,1,13.963747455289734
16.797,0.0373761,-0.33981839999999996,9.686394000000002,-0.0036755438220108516,2,-0.22148752695750426,2.460502832618238,1,14.000655224397589
16.813,0.0090252,-0.33981839999999996,9.7013052,-0.006555015517886176,2,-0.17996698099222758,2.4604209881435186,1,14.040022614963679
16.829,0.1002582,-0.33226469999999997,9.7013052,-0.009358108578725322,2,-0.17519331630242702,2.460293683150746,1,14.079388332334037
16.844,0.028449,-0.3143124,9.7058178,-0.012009022543750802,2,-0.1767275976683587,2.4601334296673274,1,14.116291535680174
16.86,0.028449,-0.3262806,9.681881400000002,-0.015169133981602911,2,-0.19750696486577857,2.4599160044151245,1,14.15565193115283
16.875,0.09133110000000001,-0.3262806,9.6758973,-0.018388552255514057,2,-0.21462788492740156,2.4596643217683463,1,14.192548783599207
16.907,0.0733788,-0.3173535,9.624983400000001,-0.022781505908161748,2,-0.13727980164524023,2.4590056008377275,1,14.271247502360904
16.922,0.1437165,-0.3173535,9.6264549,-0.027012111959377805,2,-0.2820404034143931,2.458632148703721,1,14.308129785482466
16.938,0.1317483,-0.3338343,9.6264549,-0.031130119583551163,2,-0.2573754765108633,2.4581670108513776,1,14.347464178758901
16.954,0.1317483,-0.3547296,9.6280245,-0.035091221076218204,2,-0.24756884329166234,2.4576372401260995,1,14.386790612766726
16.969,0.113796,-0.3547296,9.572598000000001,-0.040312138678576304,2,-0.3480611734905268,2.4570717149279386,1,14.423650929929632
16.985,0.1062423,-0.3248091,9.575541,-0.04536198232503352,2,-0.31561522790361096,2.45638632195991,1,14.46295859422473
17.016,0.0793629,-0.3262806,9.575541,-0.05029378944861307,2,-0.15909055237353986,2.4549036574974186,1,14.539083588906315
17.032,0.0793629,-0.37425150000000007,9.5261967,-0.05626509541229652,2,-0.3732066227301738,2.454051186418531,1,14.578355227657648
17.047,0.0449298,-0.37425150000000007,9.541206,-0.061730439563808304,2,-0.3643562767674386,2.45316621990621,1,14.615159358205085
17.063,0.0373761,-0.4027005000000001,9.541206,-0.06703504863545717,2,-0.33153806697809085,2.452136096000616,1,14.654401776732335
17.079,0.0373761,-0.3622833,9.551604600000001,-0.07199632345610496,3,-0.310079676290452,2.4510238450238835,1,14.693627056260535
17.094,0.058369500000000005,-0.3622833,9.5247252,-0.0774891376073974,3,-0.3661876100861485,2.449902704065907,1,14.73038400537871
17.11,0.0389457,-0.35178660000000006,9.5247252,-0.082859989085307,3,-0.33567821736938763,2.448619911052366,1,14.769572186299651
17.125,0.0389457,-0.39818790000000004,9.5247252,-0.08805532275478356,3,-0.3463555779650905,2.447338046213565,1,14.806291870979146
17.141,0.09584369999999999,-0.35777070000000005,9.5276682,-0.09308149118723463,3,-0.3141355270282266,2.4458889517020292,1,14.845437686962466
17.172,0.1586277,-0.3307932,9.5276682,-0.09798839429891615,3,-0.1582871971510046,2.442927368476994,1,14.921214339925246
17.188,0.1586277,-0.3487455,9.5591583,-0.10199258118646348,3,-0.25026168047173597,2.441327520673111,1,14.960288379038444
17.204,0.1571562,-0.3487455,9.551604600000001,-0.10608378645425276,3,-0.25570032923680125,2.439662909731985,1,14.999336302481689
17.219,0.1272357,-0.33530580000000004,9.449874900000001,-0.11257723747765525,3,-0.4328967348934826,2.4380229520524956,1,15.035918946445074
17.235,0.142245,-0.33530580000000004,9.3869928,-0.12043965990430117,3,-0.4914014016654242,2.4361588168734403,1,15.074912400596476
17.266,0.0673947,-0.3562992,9.3869928,-0.12811183798494774,3,-0.24748961550473775,2.432306268656157,1,15.150373609422182
17.282,0.0673947,-0.318825,9.487251,-0.1331858704619755,3,-0.3171270298141993,2.4302158869885813,1,15.189273786667345
17.297,0.0269775,-0.318825,9.3331359,-0.1418977798726786,3,-0.580793960713518,2.4281527596110712,1,15.225711551516843
17.313,-0.0179523,-0.3817071,9.398961,-0.1487360594428928,3,-0.4273924731384353,2.425827688896547,1,15.2645433951049
17.329,-0.020993400000000002,-0.39220380000000005,9.398961,-0.155396866880956,3,-0.41630046487890265,2.423394625485956,1,15.303337173619964
17.344,-0.020993400000000002,-0.3278502,9.401904,-0.16188355784034592,3,-0.43244606395931146,2.421015022300546,1,15.339670245978365
17.375,0.1631403,-0.35777070000000005,9.42741,-0.1675299672895516,3,-0.1821422402969648,2.4159091126610326,1,15.414642570070267
17.391,0.1631403,-0.42957990000000007,9.3630564,-0.17453332275056432,3,-0.437709716313343,2.413172606340712,1,15.453275223822278
17.407,0.15421320000000002,-0.42957990000000007,9.365999400000002,-0.18129785484119232,3,-0.4227832556642024,2.4103259569199778,1,15.491863212328367
17.422,0.1317483,-0.3907323,9.365999400000002,-0.18794720230296136,3,-0.44328983078458584,2.4075566189913964,1,15.527997331647704
17.438,0.1317483,-0.34580249999999996,9.2836935,-0.19648330334580066,3,-0.5335063151775153,2.4044811749462065,1,15.566493633999201
17.454,0.113796,-0.34580249999999996,9.2746683,-0.20503695038778602,3,-0.534602940124025,2.4012690129163374,1,15.604939635502106
17.469,0.113796,-0.37572300000000003,9.2717253,-0.21342532549394733,3,-0.5592250070773992,2.3981305458472244,1,15.640935132192833
17.485,0.1317483,-0.34128990000000003,9.2717253,-0.2216357592794509,3,-0.5131521115940295,2.3946500571690374,1,15.679277377016959
17.5,0.1317483,-0.2484873,9.253773,-0.23015554356694956,3,-0.5679856191665562,2.3912616223976895,1,15.71517171461371
17.532,0.0434583,-0.3173535,9.225324,-0.23913003875452254,3,-0.2804529746116555,2.3837530530805457,1,15.791571949421362
17.563,0.0434583,-0.3592422,9.247788900000002,-0.2473006996851268,3,-0.26356970743885716,2.3762133766347313,1,15.865351429081946
17.579,0.0179523,-0.3891627,9.253773,-0.2550988106687466,3,-0.4873819364761843,2.3721941805519,1,15.903338689539442
17.594,0.0179523,-0.3487455,9.223852500000001,-0.2634752439207748,3,-0.558428883468525,2.3683048751424787,1,15.938892432457152
17.61,0.0777933,-0.3487455,9.2987028,-0.26981554451832857,3,-0.396268787347153,2.3640385488349662,1,15.976751179848968
17.625,0.1392039,-0.2889045,9.1594989,-0.27942691745636594,3,-0.6407581958691342,2.359919230370156,1,16.01218086319301
17.641,0.142245,-0.3307932,9.1594989,-0.28876819040329593,3,-0.5838295591831887,2.355373669507279,1,16.049903206392024
17.657,0.142245,-0.3307932,9.1594989,-0.29788162742469204,3,-0.5695898138371931,2.3506804709646545,1,16.087551639515805
17.672,0.0643536,-0.3338343,9.0696393,-0.3089816806818124,3,-0.7400035504746639,2.3461289961538556,1,16.122777710519195
17.688,0.0643536,-0.3338343,9.0696393,-0.31981100093266157,3,-0.6768325156781464,2.3410986547009403,1,16.16027553172603
17.704,0.0763218,-0.39220380000000005,9.0097983,-0.3317751075029314,3,-0.7477566606417791,2.3358859658334548,1,16.197691408690307
17.719,0.058369500000000005,-0.39220380000000005,9.0875916,-0.34155509791675875,3,-0.6519993609218004,2.3308359892928068,1,16.232691823353754
17.735,0.1032993,-0.3907323,9.0875916,-0.35108835837021957,3,-0.5958287783413664,2.3252948416425117,1,16.269940870001232
17.75,0.1032993,-0.3202965,9.0770949,-0.3607120931038281,3,-0.6415823155738796,2.319956338256456,1,16.304780253850474
17.782,0.0554265,-0.3338343,9.044231400000001,-0.3709004055020415,3,-0.31838476244416797,2.308250538278762,1,16.37883156387504
17.797,0.0373761,-0.3338343,9.000773100000002,-0.3819017042744548,3,-0.7334199181608584,2.302604522455438,1,16.413412976830546
17.813,0.0554265,-0.3173535,9.000773100000002,-0.3926469417570484,3,-0.6715773426621736,2.2964081332871866,1,16.450205078076483
17.829,0.0554265,-0.36375480000000004,9.0636552,-0.4015548725862068,3,-0.5567456768223388,2.2900545187724397,1,16.486896779292962
17.844,0.1078119,-0.36375480000000004,9.0337347,-0.4109631684950301,3,-0.6272197272548633,2.2839606334643303,1,16.52120189293474
17.86,0.059841000000000005,-0.42663690000000004,9.0352062,-0.42004996319754717,3,-0.5679246689073784,2.2773125284107905,1,16.55769207822974
17.875,0.052385400000000006,-0.42663690000000004,9.080136,-0.42782163993756583,3,-0.5181117826678912,2.270953491387277,1,16.591804073378224
17.907,0.0703377,-0.344331,9.080136,-0.435485951663356,3,-0.23950974143094306,2.2571405699216625,1,16.66425357835917
17.922,0.0703377,-0.3039138,9.0038142,-0.444858894245284,3,-0.6248628387951763,2.2505379835773476,1,16.698061167510414
17.938,0.145188,-0.344331,8.976836700000002,-0.454603353776589,3,-0.6090287207066285,2.2433422855931733,1,16.734012209663774
17.954,0.0673947,-0.36375480000000004,8.9858619,-0.4638939818060184,3,-0.5806642518392707,2.2359943069085118,1,16.769846902403792
17.985,0.0673947,-0.36375480000000004,8.9962605,-0.4727045991806804,3,-0.2842134636987866,2.2214770289032186,1,16.838937708108872
18.0,0.0329616,-0.36375480000000004,9.011269799999999,-0.48093922419456625,3,-0.5489750009257014,2.214324700227904,1,16.872206221077356
18.016,0.0763218,-0.3847482,9.011269799999999,-0.4889453508291357,3,-0.500382914660646,2.206565623627715,1,16.907573343668197
18.032,0.0763218,-0.3307932,8.9978301,-0.49713597532681497,3,-0.5119140311048969,2.1986769730184665,1,16.94281528444137
18.047,0.1122264,-0.3307932,9.0606141,-0.5035874874934017,3,-0.4301008111057625,2.1911715470473148,1,16.975739148341866
18.063,0.1362609,-0.37268190000000007,9.0606141,-0.5098339859273366,3,-0.3904061521209798,2.1830641752599496,1,17.01073303412032
18.079,0.1362609,-0.33981839999999996,9.0681678,-0.5157755320479556,3,-0.37134663253864114,2.174859299116146,1,17.045596421915334
18.094,0.0703377,-0.3487455,9.1414485,-0.5197962328297727,3,-0.2680467187878002,2.167092510879563,1,17.078161060490302
18.11,0.12272310000000002,-0.3487455,9.0980883,-0.5247620842786809,3,-0.3103657155567938,2.1587360443426964,1,17.112767688932077
18.125,0.0868185,-0.3562992,9.0980883,-0.5296097609466237,3,-0.3231784445295101,2.150828255503506,1,17.145089421180923
18.141,0.0868185,-0.37425150000000007,9.0217665,-0.5361814729045165,3,-0.4107319973683418,2.142301925632698,1,17.17943446263001
18.157,0.09584369999999999,-0.37425150000000007,8.9678115,-0.5439054362638274,3,-0.48274770995687816,2.1336612303593503,1,17.21364216787795
18.172,0.0150093,-0.3503151,8.9678115,-0.5514767505948885,3,-0.5047542887373925,2.1254458639579097,1,17.24558547108533
18.188,0.0150093,-0.3817071,9.0082287,-0.5578472790942488,3,-0.3981580312100602,2.1165712717203977,1,17.279521608170754
18.219,0.09133110000000001,-0.37268190000000007,9.044231400000001,-0.5631833380125162,3,-0.17213093284732184,2.0991952971552417,1,17.34486598998833
18.235,0.09133110000000001,-0.3367773,8.96634,-0.5703219338032834,3,-0.44616223692300255,2.0901272549807164,1,17.378380570405415
18.25,0.1062423,-0.3053853,8.991846,-0.5766881174527363,3,-0.4244122432968406,2.081524679596296,1,17.409667959914746
18.266,0.1406754,-0.3053853,9.006757200000001,-0.5825240708805719,3,-0.3647470892397655,2.0722509820896304,1,17.44289816520823
18.282,0.1272357,-0.3547296,9.006757200000001,-0.58817848642488,3,-0.3534009715192181,2.062885361631186,1,17.475979255958002
18.297,0.1272357,-0.3712104,9.0097983,-0.5936047019388422,3,-0.3617477009307971,2.054021987718458,1,17.506856061078125
18.313,0.09878670000000002,-0.3712104,9.0082287,-0.5989455142484932,3,-0.3338007693532242,2.0444815859889602,1,17.53964408966778
18.329,0.09878670000000002,-0.3712104,9.0082287,-0.6041560628432752,3,-0.32565928717383746,2.034856773372225,1,17.572278796542676
18.344,0.0748503,-0.35777070000000005,9.0082287,-0.6092583984997706,3,-0.34015571043301557,2.025756164912152,1,17.60273339357981
18.36,0.0748503,-0.3248091,9.032263200000001,-0.6136809150119849,3,-0.2764072820134216,2.0159726504040587,1,17.635067224102336
18.375,0.0643536,-0.3248091,8.994789,-0.6189109255346708,3,-0.3486673681790469,2.0067282115999583,1,17.665237480567367
18.391,0.049442400000000004,-0.36826739999999997,8.9693811,-0.6245940436013449,3,-0.35519487916717024,1.9967801718468727,1,17.697265547634938
18.422,0.09427410000000001,-0.3053853,9.0038142,-0.6293480465730301,3,-0.15335493457048083,1.9773440694491693,1,17.75886447337503
18.454,0.1287072,-0.30685680000000004,9.0172539,-0.6336469120732637,3,-0.13433954688230043,1.9571361501108286,1,17.82181615688799
18.469,0.1287072,-0.3278502,9.0201969,-0.6377511938321483,3,-0.27361878392562655,1.9476006643165378,1,17.851101682996198
18.485,0.09878670000000002,-0.3278502,9.0861201,-0.6401578328106297,3,-0.15041493615510207,1.9373773921033968,1,17.882181507447555
18.5,0.113796,-0.34128990000000003,9.0172539,-0.6441677710927785,3,-0.26732921880990956,1.9277449500741208,1,17.911169925013887
18.516,0.059841000000000005,-0.34128990000000003,9.080136,-0.6465599800313679,3,-0.14951305866185963,1.9174191280651287,1,17.941931237638997
18.532,0.059841000000000005,-0.36071369999999997,9.080136,-0.6488755431546611,3,-0.14472269520580716,1.9070556438796393,1,17.972527035814558
18.563,0.0643536,-0.38621970000000005,9.054630000000001,-0.6517298307684527,3,-0.09207379399328045,1.8868962605838318,1,18.03133329033374
18.579,0.0643536,-0.3307932,9.0711108,-0.6541662903749295,3,-0.15227872540478044,1.8764490916146834,1,18.061440053151333
18.594,0.04188870000000001,-0.3307932,9.030693600000001,-0.6575316477349968,3,-0.2243571573378167,1.8666113570788585,1,18.089513006516537
18.61,0.0898596,-0.37572300000000003,9.030693600000001,-0.6607635626422308,3,-0.20199468170214457,1.856064995395842,1,18.11929441733633
18.625,0.0898596,-0.33981839999999996,9.0591426,-0.6632579603346684,3,-0.16629317949583666,1.8461348339735149,1,18.147060916056603
18.641,0.1062423,-0.33981839999999996,9.0337347,-0.6663064230345057,3,-0.19052891873985056,1.8354983189065626,1,18.17651398127964
18.657,0.08083440000000001,-0.3039138,9.0337347,-0.6693181250461109,3,-0.18823137572530182,1.8248133225219165,1,18.205796474411073
18.672,0.08083440000000001,-0.37572300000000003,9.1026009,-0.6705123803147082,3,-0.07961701790648289,1.81476459373171,1,18.233093308782976
18.688,0.1466595,-0.37572300000000003,9.0681678,-0.6724964691741384,3,-0.12400555371440392,1.8040205229358004,1,18.262043589716313
18.719,0.12272310000000002,-0.33824879999999996,9.0247095,-0.6755359001561505,3,-0.09804616071006003,1.7831260212111792,1,18.317644361150595
18.735,0.12272310000000002,-0.3891627,9.1205532,-0.6761159077313934,3,-0.03625047345268539,1.77231280674808,1,18.346087871774266
18.75,0.0254079,-0.3891627,9.0816075,-0.6776500494380393,3,-0.10227611377638927,1.762159562069309,1,18.372596414540396
18.766,0.0748503,-0.36375480000000004,9.0816075,-0.6791657884419813,3,-0.0947336877463838,1.75130503536627,1,18.400704131319877
18.782,0.0748503,-0.3173535,9.0651267,-0.6810886776972502,3,-0.12018057845429629,1.740422999637155,1,18.428637955599907
18.797,0.050913900000000005,-0.3173535,9.0247095,-0.6839538779398602,3,-0.19101334950732238,1.7301851804698762,1,18.45466751695071
18.813,0.11978010000000001,-0.3173535,9.0247095,-0.6867333212493403,3,-0.17371520684252542,1.719219682876364,1,18.482262755857477
18.844,0.11978010000000001,-0.2963601,9.0352062,-0.6892065149496407,3,-0.07978044194516856,1.697892615415278,1,18.535227996481
18.86,0.1272357,-0.347274,9.023238,-0.6918643673360076,3,-0.16611577414795295,1.686844048356994,1,18.562305889791176
18.875,0.11821050000000001,-0.3771945,9.066598200000001,-0.6933745579591388,3,-0.10067937487540819,1.67645475641728,1,18.587530630826983
18.891,0.11821050000000001,-0.3712104,9.066598200000001,-0.6948539329224879,3,-0.0924609352093255,1.6653489284902283,1,18.61426506030624
18.907,0.1257642,-0.3712104,9.0606141,-0.696440566428338,3,-0.0991645941156194,1.6542185724954204,1,18.64082160031413
18.922,0.1002582,-0.34128990000000003,9.0606141,-0.6980249232205278,3,-0.10562378614598418,1.6437600813230535,1,18.66555644021777
18.954,0.0793629,-0.3427614,9.030693600000001,-0.7003035481232338,3,-0.0712070282095633,1.6213868257815534,1,18.717798790731443
18.969,0.0434583,-0.36973890000000004,9.030693600000001,-0.702506611130687,3,-0.14687086716354175,1.6108657495871486,1,18.74204068504671
18.985,0.0434583,-0.3427614,9.083079,-0.7034051132532202,3,-0.05615638265832953,1.5996184557920785,1,18.767724558689743
19.016,0.0449298,-0.3427614,8.9842923,-0.7066891956232801,3,-0.10593814096967984,1.5777619940044936,1,18.816973955661588
19.032,0.0628821,-0.3367773,9.026181000000001,-0.7088751317878899,3,-0.13662101028809184,1.566437479385203,1,18.84212755144871
19.047,0.0628821,-0.3652263,9.0531585,-0.7103233550724806,3,-0.09654821897271038,1.5557934907337498,1,18.865544283724603
19.063,0.0703377,-0.3652263,9.006757200000001,-0.7128656992262563,3,-0.15889650961100152,1.5444079782993612,1,18.890345895476866
19.079,0.0823059,-0.37268190000000007,9.006757200000001,-0.7153361210042544,3,-0.15440136112486116,1.5329823637375157,1,18.914965018213163
19.094,0.0823059,-0.36826739999999997,9.1010313,-0.7154533397599714,3,-0.007814583714467638,1.5222514427817837,1,18.937879271762057
19.11,0.10182780000000001,-0.36826739999999997,9.002244600000001,-0.7179701748944787,3,-0.1573021959067229,1.5107840546645495,1,18.962143555741626
19.141,0.11526750000000001,-0.3218661,9.002244600000001,-0.7204650202436778,3,-0.08047888223223154,1.4884883091399088,1,19.008632277380592
19.157,0.11526750000000001,-0.34580249999999996,9.023238,-0.7223657666103076,3,-0.1187966479143521,1.4769456628450757,1,19.032355749156473
19.172,0.0703377,-0.34580249999999996,9.0352062,-0.723939730409084,3,-0.10493091991842202,1.4660983716174298,1,19.054428579414942
19.188,0.1032993,-0.3307932,9.0352062,-0.7254812822209438,3,-0.09634698824124661,1.4545030035163908,1,19.07779339041601
19.204,0.0643536,-0.33981839999999996,8.972324100000002,-0.7285184579750883,3,-0.18982348463401175,1.4428710055948213,1,19.1009723824889
19.219,0.0643536,-0.33226469999999997,9.0201969,-0.7303216476088288,3,-0.12021264224936126,1.4319297048029416,1,19.122533387816887
19.235,0.1377324,-0.33226469999999997,9.0247095,-0.7319508476818513,3,-0.10182500456391586,1.4202315248406174,1,19.145350677654033
19.25,0.0793629,-0.35777070000000005,8.9737956,-0.7347744310051976,3,-0.18823888822308038,1.4092310852504641,1,19.166571647229716
19.282,0.0777933,-0.35777070000000005,9.027750600000001,-0.7362145931905371,3,-0.04500506829185898,1.3856952608633324,1,19.211290468767537
19.297,0.10182780000000001,-0.3338343,9.056199600000001,-0.7369427857196307,3,-0.04854616860623941,1.3746465805215058,1,19.231993032577925
19.329,0.0763218,-0.3338343,9.042661800000001,-0.7379892858962389,3,-0.03270313051900728,1.351047667375652,1,19.27560414054428
19.344,0.08083440000000001,-0.318825,9.042661800000001,-0.7390225078554753,3,-0.06888146394908977,1.3399700789225137,1,19.29578677364152
19.36,0.11978010000000001,-0.3173535,9.0471744,-0.7399112751263086,3,-0.05554795442708817,1.3281386086586608,1,19.31713164314217
19.375,0.11978010000000001,-0.37425150000000007,8.9962605,-0.7419659918832604,3,-0.1369811171301142,1.3170245291560887,1,19.33697036667578
19.391,0.0763218,-0.37425150000000007,9.000773100000002,-0.7438721710691212,3,-0.1191361991163118,1.305137823852471,1,19.357947665499843
19.407,0.1002582,-0.3307932,9.000773100000002,-0.7457676161891715,3,-0.11846532000313388,1.2932207055544032,1,19.378734533735102
19.438,0.058369500000000005,-0.3338343,9.0651267,-0.746054594332449,3,-0.009257359460564689,1.270097461291319,1,19.41846596532121
19.454,0.1078119,-0.36826739999999997,9.0651267,-0.7462910315185791,3,-0.014777324133128945,1.2581586962845095,1,19.438692014581818
19.469,0.1078119,-0.37268190000000007,9.0636552,-0.7465531630399589,3,-0.01747543475865077,1.24696236482532,1,19.457480422540144
19.485,0.16166880000000003,-0.37268190000000007,9.0576711,-0.746935199284497,3,-0.023877265283636505,1.2350144579267257,1,19.47733623712216
19.5,0.1377324,-0.33824879999999996,9.0576711,-0.7473504867943017,3,-0.027685833986977944,1.2238073152811344,1,19.49577740042122
19.516,0.1002582,-0.3173535,9.026181000000001,-0.7485536060773743,3,-0.07519495519204551,1.2118400825381623,1,19.51526257960377
19.532,0.1002582,-0.33981839999999996,9.0172539,-0.7499250154227646,3,-0.08571308408688179,1.19985225356616,1,19.534556118292606
19.563,0.09133110000000001,-0.33981839999999996,8.9588844,-0.7526878436710263,3,-0.0891234918794126,1.1765617542502071,1,19.57139053541376
19.579,0.09878670000000002,-0.3592422,9.0591426,-0.7529196562807385,3,-0.014488288107015789,1.1645168942505917,1,19.590119164601766
19.594,0.0928026,-0.3592422,9.051687,-0.753329048442172,3,-0.027292810762227674,1.1532200289651695,1,19.607502191525885
19.61,0.0239364,-0.3532581,9.051687,-0.7537450177398526,3,-0.025998081105041513,1.1411634364357146,1,19.62585725924909
19.641,0.0239364,-0.3876912,8.9873334,-0.7556846435663918,3,-0.06256857504965307,1.1177672766854687,1,19.66087068530247
19.657,0.0554265,-0.3876912,9.0217665,-0.7567345349795982,3,-0.06561821332539507,1.1056679232570994,1,19.67865816690201
19.672,0.0763218,-0.35178660000000006,9.0217665,-0.7577909598168393,3,-0.070428322482738,1.0943089820461256,1,19.695157993691787
19.688,0.09584369999999999,-0.3487455,9.108585,-0.7567041150232967,3,0.06792779959641974,1.0821930214474058,1,19.712570009719734
19.704,0.1122264,-0.37866600000000006,9.0337347,-0.7574339934075667,3,-0.04561739901686779,1.0700799165799575,1,19.729788193223953
19.719,0.08377740000000002,-0.3338343,9.0337347,-0.758196675868632,3,-0.05084549740435588,1.0587126865603855,1,19.745754137747507
19.75,0.08377740000000002,-0.3817071,9.0980883,-0.7573264082977271,3,0.028073147448546713,1.035222078755808,1,19.778210126609906
19.766,0.1317483,-0.3817071,9.0038142,-0.7587606048095665,3,-0.08963728198997255,1.023093382650951,1,19.79467665030116
19.797,0.0823059,-0.35777070000000005,9.006757200000001,-0.7601263735504382,3,-0.044057056157147834,0.9995506344863692,1,19.82602763256679
19.813,0.1122264,-0.35777070000000005,9.0741519,-0.759808595460612,3,0.019861130614142707,0.9873911547342822,1,19.841923166880555
19.829,0.1317483,-0.34580249999999996,9.0711108,-0.7595775911400953,3,0.014437770032292347,0.9752360652414751,1,19.857624184640365
19.844,0.04188870000000001,-0.33824879999999996,9.072680400000001,-0.7593418667866043,3,0.015714956899396167,0.9638441693070244,1,19.872167286399478
19.875,0.0554265,-0.33824879999999996,9.0890631,-0.75871082851104,3,0.020356073405301486,0.9403143525299118,1,19.90168174348795
19.891,0.0478728,-0.3053853,9.0890631,-0.758124589895159,3,0.036639913492568385,0.9281796691826636,1,19.916629695661648
19.907,0.0478728,-0.37572300000000003,9.157929300000001,-0.7558101990641735,3,0.1446494269365777,0.9160681908709876,1,19.93138367854208
19.922,0.0449298,-0.37572300000000003,9.171467100000001,-0.753222711022298,3,0.17249920279169173,0.9047504440453386,1,19.945039818303954
19.938,0.0688662,-0.3831786,9.1100565,-0.7521836597011191,3,0.06494070757368679,0.8927071930795526,1,19.959419479400953
19.969,0.08534699999999999,-0.3831786,9.107015400000002,-0.751240656361249,3,0.030419462576451697,0.8694041161805841,1,19.986732204694487
19.985,0.08083440000000001,-0.3532581,9.1729386,-0.7487445167717564,3,0.15600872434331,0.8574042347955214,1,20.000546671502295
20.0,0.0614106,-0.3503151,9.1729386,-0.7463156797713673,3,0.1619224666926002,0.8461912833214476,1,20.013323637888174
20.016,0.0614106,-0.33226469999999997,9.1160406,-0.7453492608355141,3,0.06040118349082801,0.8342579637965938,1,20.02676723186512
20.032,0.08083440000000001,-0.33226469999999997,9.196875,-0.7424325222469115,3,0.18229616178764466,0.822355709531933,1,20.04002014125175
20.047,0.0359046,-0.3367773,9.196875,-0.7395898732187565,3,0.18950993521032675,0.8112405415659402,1,20.052272113134983
20.063,0.0359046,-0.36826739999999997,9.2043306,-0.7366054420202452,3,0.1865269499069716,0.7994309790440295,1,20.06515748529986
20.094,0.052385400000000006,-0.3338343,9.219339900000001,-0.7333580481922546,3,0.10475463961259407,0.776646544945734,1,20.089586686921702
20.11,0.052385400000000006,-0.3532581,9.2552445,-0.7292971497040117,3,0.25380615551520735,0.7649453033625652,1,20.101919421708168
20.125,0.1078119,-0.3532581,9.2507319,-0.7254335827631362,3,0.2575711293916922,0.7540348228690611,1,20.113311772654907
20.141,0.0748503,-0.33824879999999996,9.240333300000001,-0.7219392992594571,3,0.2183927189799669,0.7424558398128817,1,20.125283697956363
20.157,0.0718092,-0.3592422,9.240333300000001,-0.718511519722103,3,0.21423622108460538,0.7309322332610279,1,20.137070802540954
20.172,0.0718092,-0.3996594,9.3360789,-0.7127938690127369,3,0.38117671395772823,0.7201974428455161,1,20.147954275111754
20.204,0.0449298,-0.3427614,9.2882061,-0.7084417276018034,3,0.13600441909167305,0.6974576732996834,1,20.170636756970076
20.219,0.0449298,-0.36375480000000004,9.3750246,-0.702060383212018,3,0.42542295931900564,0.6868789074685794,1,20.181019281325838
20.235,0.09878670000000002,-0.36375480000000004,9.3241107,-0.697065415343193,3,0.31218549180159866,0.6756859010801389,1,20.191919799794228
20.25,0.0733788,-0.33824879999999996,9.3241107,-0.6922213938986275,3,0.3229347629710229,0.6652662500108248,1,20.20197694092741
20.266,0.0733788,-0.32932170000000005,9.346575600000001,-0.6869557416724739,3,0.3291032641346366,0.6542328329262572,1,20.212532933590904
20.282,0.1032993,-0.3503151,9.322639200000001,-0.6823763926036168,3,0.28620931680353306,0.6432781758520473,1,20.22291302166113
20.297,0.0793629,-0.3503151,9.3166551,-0.6780602954964685,3,0.2877398071432097,0.6330749006912962,1,20.23248566973521
20.313,0.050913900000000005,-0.35178660000000006,9.3166551,-0.6738529654614638,3,0.26295812718782463,0.622259594603634,1,20.242528345697565
20.329,0.050913900000000005,-0.38621970000000005,9.382480200000002,-0.6681109183602505,3,0.35887794382579036,0.6115238835330591,1,20.252398613522658
20.344,0.0898596,-0.38621970000000005,9.4408497,-0.6610794169552605,3,0.4687667603326477,0.6015549560181924,1,20.261496704819294
20.375,0.1107549,-0.318825,9.4348656,-0.6544211973103771,3,0.21478127886721618,0.5811646964970758,1,20.27982885943328
20.391,0.049442400000000004,-0.318825,9.449874900000001,-0.647572194169971,3,0.42806269627542465,0.5707487493652341,1,20.289044167000178
20.407,0.08829,-0.36071369999999997,9.449874900000001,-0.6408466302252247,3,0.4203477465465984,0.5604413987700714,1,20.29809368818526
20.422,0.08829,-0.347274,9.5157,-0.6326930293516035,3,0.5435733915747233,0.5508898513232448,1,20.306428672560962
20.438,0.053856900000000006,-0.3367773,9.5157,-0.6247537612089182,3,0.49620425891788633,0.5408302769987616,1,20.31516243358754
20.469,0.0898596,-0.3367773,9.4917636,-0.6175849293537752,3,0.23125264048846803,0.5215740272950384,1,20.331629700304095
20.485,0.0478728,-0.3622833,9.4917636,-0.6105754794992926,3,0.43809061590521053,0.511748744024215,1,20.339896282474648
20.5,0.0478728,-0.37268190000000007,9.535123800000001,-0.6026704380634644,3,0.5270027623885235,0.502649399642494,1,20.347504268552147
20.516,0.1032993,-0.37268190000000007,9.5216841,-0.5952750225709433,3,0.4622134682826194,0.49306583595741915,2,20.355469990436944
20.532,0.0673947,-0.2948886,9.551604600000001,-0.5874048954915221,3,0.4918829424637732,0.48360439661291843,2,20.363283352297508
20.547,0.09427410000000001,-0.2948886,9.544149,-0.5799029257158779,3,0.5001313183762619,0.4748495879538626,2,20.370471757181758
20.563,0.0868185,-0.36375480000000004,9.544149,-0.5725277353903913,3,0.46094939534296414,0.46563014266501346,2,20.377995595026707
20.579,0.0868185,-0.3562992,9.581623200000001,-0.5644259486240699,3,0.5063616728950271,0.45653451319289673,2,20.38537291227357
20.61,0.0868185,-0.35777070000000005,9.6204708,-0.5555736234144444,3,0.28555887772986693,0.4391745198263004,2,20.399256402285367
20.625,0.058369500000000005,-0.35777070000000005,9.698362200000002,-0.5450439868274692,3,0.701975772464983,0.43091988774948575,2,20.405782110342187
20.641,0.058369500000000005,-0.3173535,9.6773688,-0.5353172108861468,3,0.6079234963327188,0.42227699816777775,2,20.412607685429524
20.657,0.058369500000000005,-0.3173535,9.6773688,-0.5258276733824179,3,0.5930960939829923,0.41378783909362826,2,20.419296204127615
20.672,0.059841000000000005,-0.3173535,9.6280245,-0.5177722154302291,3,0.537030530145897,0.4059608399275331,2,20.425444319220276
20.688,0.04041720000000001,-0.3278502,9.6280245,-0.5099071239534556,3,0.4915682172983979,0.39773940521246454,2,20.431873921181396
20.704,0.04041720000000001,-0.36826739999999997,9.707289300000001,-0.5002663811115085,3,0.60254642762163,0.3896580171719439,2,20.438173100560473
20.719,0.08829,-0.36826739999999997,9.746235,-0.48990386742398506,3,0.6908342458348664,0.38223174030792745,2,20.443962273741572
20.735,0.0777933,-0.35777070000000005,9.746235,-0.47980580668393635,3,0.6311287962531138,0.3744740629150649,2,20.450015920167356
20.766,0.0823059,-0.37425150000000007,9.6728562,-0.47172638692116386,3,0.2606264439604129,0.35972531391418644,2,20.46139601050821
20.782,0.0628821,-0.37425150000000007,9.698362200000002,-0.4632259582931546,3,0.5312767892505192,0.35224569515247106,2,20.467091778580745
20.797,0.0703377,-0.36375480000000004,9.698362200000002,-0.4549413428519724,3,0.5523076960787922,0.34535944039388233,2,20.472323817097344
20.813,0.0703377,-0.3503151,9.716314500000001,-0.4464332855692206,3,0.5317535801720482,0.33814844336651356,2,20.477791880167427
20.829,0.1032993,-0.3503151,9.752219100000001,-0.43725045714916,3,0.5739267762537216,0.3310789734247657,2,20.48314569950176
20.844,0.0643536,-0.3262806,9.752219100000001,-0.4283200819711226,3,0.5953583452024713,0.32458719438136335,2,20.488063195760304
20.86,0.0643536,-0.37866600000000006,9.821085300000002,-0.4178830013444266,3,0.6523175391685728,0.3178175697148397,2,20.493202433873073
20.875,0.0688662,-0.37866600000000006,9.7911648,-0.40842894459575696,3,0.6302704499112838,0.3116202301202881,2,20.497923217371838
20.891,0.1032993,-0.32932170000000005,9.7911648,-0.3992415782895531,3,0.5742103941378052,0.30515886593720637,2,20.502857450140297
20.922,0.0688662,-0.36071369999999997,9.8225568,-0.38949358845035675,3,0.31445128513534176,0.29293347085273685,2,20.51212788136054
20.938,0.0823059,-0.37425150000000007,9.831582000000001,-0.3797485300744814,3,0.609066148492277,0.2867795339045388,2,20.5167655853986
20.954,0.0793629,-0.3278502,9.831582000000001,-0.37028212899102897,3,0.5916500677157104,0.28077928863201407,2,20.52130605597889
20.969,0.0793629,-0.3173535,9.833053500000002,-0.36101914118931866,3,0.6175325201139973,0.27529452910566127,2,20.52547660961192
20.985,0.08083440000000001,-0.3173535,9.8105886,-0.35252940779344044,3,0.530608337242447,0.2695861407137998,2,20.529835654970476
21.0,0.09427410000000001,-0.33226469999999997,9.8105886,-0.34423178346599137,3,0.5531749551632504,0.26436043177935387,2,20.533840254264174
21.016,0.09427410000000001,-0.33824879999999996,9.7791966,-0.3368967226978796,3,0.4584412980070346,0.2589114037300435,2,20.53802642894825
21.032,0.0868185,-0.33824879999999996,9.7986204,-0.32926879843389933,3,0.4767452664987148,0.25358207956098866,2,20.54212637681458
21.063,0.09584369999999999,-0.34580249999999996,9.7986204,-0.3218184440061833,3,0.24033401379730027,0.24349022730316777,2,20.54983099757097
21.079,0.0748503,-0.3652263,9.7806681,-0.314974629397641,3,0.42773841303384785,0.2383958827159366,2,20.553686086451126
21.094,0.08377740000000002,-0.32333760000000006,9.8764137,-0.3059980011524175,3,0.598441883014877,0.233738587986811,2,20.557227094981396
21.11,0.058369500000000005,-0.36973890000000004,9.8764137,-0.2972050875006076,3,0.5495571032381791,0.2289129632775873,2,20.56092830739151
21.125,0.058369500000000005,-0.3592422,9.7926363,-0.29067803028579675,3,0.43513714765403944,0.22450383989418912,2,20.5643289334153
21.141,0.0194238,-0.3592422,9.7866522,-0.28445979522723874,3,0.3886396911599183,0.21990273729008533,2,20.567884186032774
21.157,0.0554265,-0.3248091,9.7866522,-0.27841920089338146,3,0.3775371458660381,0.21539970532111988,2,20.571366605573665
21.188,0.0554265,-0.344331,9.831582000000001,-0.2714145135035331,3,0.2259576577370534,0.20687728274796802,2,20.577911898888736
21.204,0.09427410000000001,-0.344331,9.834525,-0.2645017299911334,3,0.43204896952493016,0.20258995280001021,2,20.58118763677312
21.219,0.0614106,-0.3262806,9.834525,-0.25777889261973286,3,0.4481891580933536,0.19867284813042857,2,20.5841971077801
21.235,0.0973152,-0.38023560000000006,9.851005800000001,-0.25076407541778245,3,0.43842607512194876,0.1946045043861289,2,20.58734332660023
21.25,0.0478728,-0.3098979,9.8464932,-0.24409929419774024,3,0.4443187480027975,0.19089302911401232,2,20.590234558101482
21.266,0.0434583,-0.36375480000000004,9.8464932,-0.23755265987372098,3,0.4091646452512483,0.18703981348144105,2,20.593258020842246
21.282,0.0434583,-0.3248091,9.821085300000002,-0.23181825297447745,3,0.358400431202681,0.18328484617865504,2,20.596220618119528
21.313,0.08083440000000001,-0.3248091,9.843550200000001,-0.22567033721802865,3,0.19831986311125913,0.17619377303067146,2,20.601792536717273
21.329,0.09584369999999999,-0.3592422,9.843550200000001,-0.2196399253180008,3,0.376900743751698,0.17263129093038282,2,20.60458313722896
21.344,0.09584369999999999,-0.3218661,9.854046900000002,-0.21353224662010462,3,0.4071785798597306,0.1693824996408469,2,20.607148240658244
21.36,0.0688662,-0.3218661,9.8225568,-0.20834665341958747,3,0.32409957503235737,0.16600746844052974,2,20.609831360402893
21.375,0.0898596,-0.35178660000000006,9.8225568,-0.20325839460894635,3,0.3392172540427286,0.16292043058031563,2,20.61229831964555
21.391,0.056898,-0.33530580000000004,9.843550200000001,-0.19780256347926084,3,0.34098944560538175,0.15971194291561033,2,20.614879378633518
21.407,0.056898,-0.36375480000000004,9.8016615,-0.1934761374039553,3,0.2704016297065656,0.15658171330854426,2,20.61740972788331
21.422,0.059841000000000005,-0.36375480000000004,9.803133,-0.1892189418697292,3,0.28381303561506255,0.15371150021399152,2,20.61973692698473
21.454,0.09427410000000001,-0.3218661,9.833053500000002,-0.18436534466308885,3,0.15167491270751107,0.14773415162946643,2,20.624560057414225
21.469,0.1272357,-0.3218661,9.8255979,-0.17980280936974147,3,0.3041690195564805,0.1450028904742201,2,20.626755585230004
21.485,0.0688662,-0.3562992,9.8255979,-0.1753367890938673,3,0.2791262672421665,0.14216177368651153,2,20.62905290254329
21.5,0.0688662,-0.3427614,9.830012400000001,-0.17088383175986976,3,0.29686382226649083,0.1395651190301084,2,20.631165854238663
21.516,0.0763218,-0.3427614,9.7806681,-0.16774088955013156,3,0.19643388810865967,0.1368561212596287,2,20.63337722416098
21.532,0.050913900000000005,-0.36071369999999997,9.800091900000002,-0.1641894729443134,3,0.22196353786360937,0.13420067835967284,2,20.635545678557936
21.547,0.10928340000000002,-0.3487455,9.800091900000002,-0.16072360721215162,3,0.23105771547744378,0.13176383025849925,2,20.637540412372573
21.563,0.10928340000000002,-0.3338343,9.8105886,-0.1570990788683293,3,0.22653302148891993,0.1292212487698557,2,20.6396282930048
21.579,0.0748503,-0.3338343,9.8375661,-0.15291324091382918,3,0.261614872156228,0.12674115021159815,2,20.641675992196653
21.594,0.08083440000000001,-0.3427614,9.8375661,-0.1488208595257703,3,0.2728254258705828,0.12447814445830108,2,20.64356013690668
21.61,0.08083440000000001,-0.3248091,9.834525,-0.14491727000119425,3,0.24397434528602902,0.12212823942208562,2,20.64553298797772
21.625,0.052385400000000006,-0.3248091,9.7821396,-0.14239056145925133,3,0.16844723612952187,0.1199734306861322,2,20.647348750503532
21.641,0.10182780000000001,-0.30685680000000004,9.7821396,-0.13993010900041902,3,0.15377827867703614,0.11771486532245506,2,20.6492502568716
21.657,0.10182780000000001,-0.30685680000000004,9.7821396,-0.13752966757716756,3,0.15002758895319976,0.11549518710983414,2,20.65111593729106
21.672,0.08534699999999999,-0.3831786,9.8375661,-0.1337752205876015,3,0.25029646597106137,0.11346040044859829,2,20.652833104197747
21.688,0.11526750000000001,-0.35178660000000006,9.8674866,-0.1294042360904406,3,0.2731865310725857,0.11135496479517418,2,20.654631627119695
21.704,0.1122264,-0.37268190000000007,9.8674866,-0.12512202033351016,3,0.2676384848081226,0.10931875474378236,2,20.656397016876006
21.735,0.1122264,-0.3592422,9.834525,-0.12175975232883829,3,0.10846025821522597,0.1054920872675161,2,20.65972658492718
21.75,0.056898,-0.3592422,9.842078700000002,-0.11830697529329903,3,0.23018513570260835,0.10369158681035001,2,20.661295462482766
21.766,0.1078119,-0.3817071,9.842078700000002,-0.1149074196147879,3,0.21247222990696932,0.10182587165108552,2,20.662939602150455
21.782,0.1078119,-0.3427614,9.8495343,-0.11144399173964104,3,0.2164642421966547,0.10001506036024989,2,20.664554329606545
21.797,0.0614106,-0.3427614,9.8255979,-0.10865820275245319,3,0.1857192658125158,0.09836429390155912,2,20.666042174763508
21.813,0.0658251,-0.36669779999999996,9.8255979,-0.10591860012610965,3,0.1712251641464901,0.09664767947853081,2,20.66760227055055
21.829,0.0658251,-0.33981839999999996,9.8285409,-0.10319763580786123,3,0.1700602698905072,0.09497474959105885,2,20.669135249983107
21.844,0.0673947,-0.33981839999999996,9.839037600000001,-0.10028691883368168,3,0.19404779827862934,0.09344861543124722,2,20.670548425220773
21.86,0.0703377,-0.34580249999999996,9.8076456,-0.09820677575939385,3,0.13000894214300385,0.09186066587450278,2,20.672030899471217
21.875,0.058369500000000005,-0.3532581,9.8165727,-0.09595521626685866,3,0.1501039661690072,0.09040445093430584,2,20.673397887847283
21.891,0.0793629,-0.3532581,9.806076000000001,-0.09401082612921385,3,0.12152438360281353,0.08888472259513742,2,20.674832201235517
21.922,0.11526750000000001,-0.34128990000000003,9.806076000000001,-0.09211550604149288,3,0.061139357668413906,0.08599976444649125,2,20.677542910784663
21.938,0.11526750000000001,-0.2918475,9.843550200000001,-0.08939178148177795,3,0.17023278498220148,0.08454770614630525,2,20.678907290549404
21.954,0.0973152,-0.2918475,9.8165727,-0.08739688073301899,3,0.12468129679742139,0.08313339684858671,2,20.68024873937336
21.969,0.056898,-0.32333760000000006,9.8046045,-0.08572606563446428,3,0.11138767323697658,0.08183497475083054,2,20.68148600216036
22.0,0.11821050000000001,-0.32333760000000006,9.8091171,-0.08397266028815942,3,0.056561462784029896,0.07920464449902997,2,20.683982116258733
22.016,0.09878670000000002,-0.3098979,9.803133,-0.08242370592726544,3,0.09680964755588395,0.07787347356930673,2,20.68523874120328
22.032,0.0868185,-0.33226469999999997,9.803133,-0.08089743534181792,3,0.09539191159045933,0.07656690443915391,2,20.686474264227346
22.047,0.0868185,-0.3622833,9.8285409,-0.07876321248105356,0,0.14228152405095246,0.07486944958048233,2,20.687610036882493
22.063,0.08377740000000002,-0.3622833,9.8240283,-0.07679167178829083,0,0.12322129329768419,0.07312501050632772,2,20.688793992563188
22.079,0.09133110000000001,-0.3307932,9.8240283,-0.07489365129459102,0,0.11862628085622444,0.07141152792166452,2,20.689950284870612
22.11,0.049442400000000004,-0.37572300000000003,9.8689581,-0.07191482251135639,0,0.09609125107208863,0.06863599657767243,2,20.692121021500352
22.125,0.09427410000000001,-0.3771945,9.8689581,-0.06899932436465583,0,0.1943665431133631,0.06707914047610229,2,20.693138885028254
22.141,0.09427410000000001,-0.3712104,9.8240283,-0.06725548658346803,0,0.10898986132424994,0.06548910198851741,2,20.69419943096797
22.157,0.0733788,-0.3712104,9.7656588,-0.06698111201492019,0,0.01714841053423818,0.06391520919973019,2,20.695234665457477
22.172,0.08377740000000002,-0.34580249999999996,9.839037600000001,-0.06494557511733667,0,0.13570245983889564,0.06242575904623823,2,20.696182222719322
22.188,0.08083440000000001,-0.344331,9.839037600000001,-0.06296154342834193,0,0.12400198056218537,0.060902502097872915,2,20.697168848808474
22.204,0.08083440000000001,-0.3547296,9.7866522,-0.062293714166969494,0,0.04173932883577235,0.05940046003711032,2,20.698131272505552
22.219,0.052385400000000006,-0.3547296,9.7926363,-0.06150103703315146,0,0.05284514225453344,0.057971999403109375,2,20.699011565951356
22.235,0.1002582,-0.35777070000000005,9.7926363,-0.0607159030426736,0,0.049070874404871644,0.05649426388250288,2,20.69992729605764
22.266,0.1002582,-0.31136939999999996,9.842078700000002,-0.05878331704235329,0,0.062341483881302825,0.05414202597118503,2,20.701642158550374
22.282,0.12272310000000002,-0.31136939999999996,9.8225568,-0.05736753222675084,0,0.08848655097514321,0.05271281917703209,2,20.70249699731156
22.297,0.0763218,-0.3367773,9.851005800000001,-0.05528385426248761,0,0.13891186428421012,0.05136793377836277,2,20.703277602958725
22.313,0.1002582,-0.3367773,9.8076456,-0.05430265925609845,0,0.06132468789932908,0.04999124167021418,2,20.704088476362312
22.329,0.0703377,-0.3278502,9.7806681,-0.05401671433460109,0,0.017871557593583054,0.04862468668148849,2,20.704877403789126
22.344,0.0643536,-0.3427614,9.7806681,-0.05372628753279507,0,0.019361786787067316,0.04731661416748298,2,20.705596963545492
22.36,0.0643536,-0.33981839999999996,9.806076000000001,-0.0528261286718017,0,0.05625992881209194,0.045964194837846306,2,20.706343210017536
22.375,0.0763218,-0.33981839999999996,9.821085300000002,-0.05157998224321325,0,0.08307642857255992,0.04468114900598366,2,20.707023050096364
22.391,0.0823059,-0.34580249999999996,9.821085300000002,-0.05035796035582152,0,0.07637636796199174,0.04336564546519146,2,20.707727424452134
22.407,0.0823059,-0.33824879999999996,9.776155500000002,-0.050267313772613065,0,0.005665411450527712,0.0420606432721639,2,20.708410834762034
22.438,0.0478728,-0.33824879999999996,9.788123700000002,-0.04989273670550176,0,0.01208313119713929,0.04000816248975318,2,20.709682901251345
22.469,0.113796,-0.33530580000000004,9.839037600000001,-0.048275498768960645,0,0.05216896569487074,0.03798655483989889,2,20.710891819369955
22.485,0.09133110000000001,-0.33530580000000004,9.874942200000001,-0.04582823548600068,0,0.15295395518501473,0.03673372496585929,2,20.7114895816084
22.5,0.10182780000000001,-0.3487455,9.8974071,-0.04287925832828421,0,0.19659847718109058,0.03556841876225213,2,20.71203184768636
22.516,0.10182780000000001,-0.3218661,9.8240283,-0.041813082736897655,0,0.06663597446166693,0.03439088003373074,2,20.71259152207673
22.532,0.0973152,-0.3218661,9.8016615,-0.04131923802237658,0,0.0308652946575637,0.03322582146765647,2,20.71313245568874
22.547,0.08083440000000001,-0.37572300000000003,9.8016615,-0.04079437633739147,0,0.03499077899900613,0.0321099693599582,2,20.713622474119948
22.563,0.08083440000000001,-0.3847482,9.8285409,-0.03961871366889014,0,0.07347891678134132,0.030966664639908013,2,20.714127087191947
22.579,0.0614106,-0.3847482,9.8196138,-0.038692714315061494,0,0.05787495961428376,0.029840173216036332,2,20.714613541894796
22.61,0.0344331,-0.3098979,9.8196138,-0.03785704040482685,0,0.02695722291079609,0.02815365201787811,2,20.715512446185922
22.625,0.0344331,-0.32333760000000006,9.7686999,-0.03827230365199874,0,-0.02768421647812516,0.027082681937451898,2,20.715926718690586
22.641,0.1122264,-0.32333760000000006,9.833053500000002,-0.03709456002776257,0,0.07360897651476883,0.025979747028013873,2,20.71635121812231
22.657,0.1062423,-0.3996594,9.7866522,-0.03700951200158009,0,0.005315501636404223,0.02488691445177907,2,20.716758151414147
22.672,0.1002582,-0.3562992,9.7866522,-0.03696888933302667,0,0.002708177903561564,0.023832076441769497,2,20.717123543845847
22.688,0.1002582,-0.3367773,9.8120601,-0.036326799062932125,0,0.04013064188091329,0.02274571093460189,2,20.71749616614486
22.704,0.056898,-0.3367773,9.8196138,-0.03552470842456401,0,0.05013066489800149,0.02167089887470186,2,20.717851499023332
22.719,0.04188870000000001,-0.34580249999999996,9.8196138,-0.034736375249718066,0,0.052555544989727705,0.020643940747144728,2,20.718168860320496
22.735,0.04188870000000001,-0.3562992,9.856989900000002,-0.033047116324453896,0,0.10557868282902225,0.019601672814551413,2,20.71849082522899
22.766,0.09427410000000001,-0.3173535,9.806076000000001,-0.03266377760949091,0,0.012365764998806558,0.018083153958575307,2,20.719074940043974
22.782,0.09427410000000001,-0.32932170000000005,9.7851807,-0.03278949931205766,0,-0.007857606410421,0.01705952774320286,2,20.719356081497587
22.797,0.09584369999999999,-0.32932170000000005,9.8225568,-0.032000728125940014,0,0.05258474574117419,0.01607360103741786,2,20.71960457996344
22.813,0.0718092,-0.36071369999999997,9.818044200000001,-0.03131930484892109,0,0.042588954813687324,0.015067040773619027,2,20.71985370509793
22.829,0.09584369999999999,-0.3053853,9.818044200000001,-0.030695248577774947,0,0.0390035169466297,0.014070924346205403,2,20.720086808818888
22.844,0.09584369999999999,-0.3338343,9.800091900000002,-0.030501424976787206,0,0.012921573399182273,0.01311194929454617,2,20.720290680371193
22.86,0.0688662,-0.3338343,9.848062800000001,-0.029148536458786012,0,0.08455553237508394,0.012134749603061636,2,20.720492653962374
22.891,0.10928340000000002,-0.4101561,9.848062800000001,-0.027749473810402492,0,0.04513105317366367,0.01075283044388925,2,20.720847411453104
22.907,0.10928340000000002,-0.3262806,9.8495343,-0.026425097696197497,0,0.08277350713780292,0.009819433871836404,2,20.72101198956763
22.922,0.0823059,-0.3262806,9.8524773,-0.025067680436917428,0,0.09049448395200119,0.00893323803583803,2,20.721152634606938
22.938,0.08083440000000001,-0.36973890000000004,9.8854389,-0.022902901718115487,0,0.1352986699251362,0.008049473378597807,2,20.721288496298254
22.954,0.0688662,-0.3143124,9.860031000000001,-0.021459250969396493,0,0.09022817179492704,0.007194576157097669,2,20.721410448694538
22.969,0.11526750000000001,-0.3143124,9.7791966,-0.022010675479950947,0,-0.03676163403696225,0.006368551708727549,2,20.72151217215353
22.985,0.049442400000000004,-0.33226469999999997,9.7791966,-0.022547696557660757,0,-0.03356381735686679,0.005512084732426696,2,20.72160721724506
23.0,0.049442400000000004,-0.3547296,9.845021700000002,-0.021447963932649472,0,0.07331550833408287,0.0046821172787493565,2,20.721683673760147
23.016,0.0628821,-0.3547296,9.848062800000001,-0.020299061757951264,0,0.07180638591864588,0.003848141073224586,2,20.721751915826964
23.047,0.1406754,-0.3173535,9.8016615,-0.020320704609115836,0,-0.0006981564891796776,0.002718534694534995,2,20.721853699301363
23.063,0.0777933,-0.3173535,9.9184005,-0.017513171374604397,0,0.17547082715698425,0.0019158636866652649,2,20.72189077448841
23.079,0.053856900000000006,-0.32932170000000005,9.9184005,-0.01476847615491117,0,0.1715434512308075,0.001157610506429113,2,20.721915362281955
23.11,0.053856900000000006,-0.35777070000000005,9.866015100000002,-0.013343544427165455,0,0.04596553960470226,0.0002218741874069445,2,20.72193674429471
23.125,0.0928026,-0.3098979,9.7372098,-0.015125679161331007,0,-0.118808982277699,0.0,2,20.721938408351114
23.141,0.0748503,-0.3098979,9.839037600000001,-0.014385826140344449,0,0.04624081381166499,0.0,2,20.721938408351114
23.157,0.1078119,-0.34580249999999996,9.931840200000002,-0.011365437413532575,0,0.18877429542572097,0.0,2,20.721938408351114
23.172,0.0748503,-0.34580249999999996,9.8046045,-0.01152742176087962,0,-0.010798956489802518,-0.00010544358415930403,2,20.721937617524233
23.204,0.0673947,-0.3218661,9.8046045,-0.011706639658802587,0,-0.005600559310092729,0.0,2,20.721935930426888
23.219,0.0673947,-0.36375480000000004,9.836094600000001,-0.011078280209593672,0,0.041890629947259415,-0.00014807546588719743,2,20.721934819860895
23.235,0.056898,-0.36375480000000004,9.8225568,-0.01079682188195008,0,0.017591145477726382,0.0,2,20.72193363525717
23.25,0.0763218,-0.3936753,9.8225568,-0.010490903088754777,0,0.020394586213019452,0.0,2,20.72193363525717
23.266,0.0763218,-0.36669779999999996,9.8255979,-0.010143774282232343,0,0.021695550407654533,-0.00014781163886770253,2,20.721932452764058
23.282,0.0763218,-0.287433,9.7911648,-0.010708873376341188,0,-0.03531869338179887,0.0,2,20.721931270270947
23.313,0.04188870000000001,-0.3248091,9.7911648,-0.011236769653040213,0,-0.017028912151582098,-0.00015479028709170948,2,20.721928871021497
23.329,0.04188870000000001,-0.37425150000000007,9.7866522,-0.011818751096431157,0,-0.03637384021192994,0.0,2,20.7219276326992
23.344,0.08083440000000001,-0.37425150000000007,9.8704296,-0.0103387840990532,0,0.09866446649186007,-5.415967053643694e-06,2,20.721927592079446
23.36,0.0928026,-0.347274,9.8704296,-0.008916380464103923,0,0.08890022718433957,0.0,2,20.721927548751708
23.375,0.0928026,-0.3503151,9.8524773,-0.007963615880795416,0,0.06351763888723143,0.0,2,20.721927548751708
23.391,0.0464013,-0.3503151,9.783611100000002,-0.008720655753407414,0,-0.04731499203825506,0.0,2,20.721927548751708
23.407,0.0733788,-0.3907323,9.783611100000002,-0.009417900378316801,0,-0.04357778905683186,-6.463987827305326e-05,2,20.72192703163268
23.422,0.0733788,-0.3173535,9.7971489,-0.009832852208683462,0,-0.027663455357776357,0.0,2,20.721926546833593
23.454,0.09584369999999999,-0.3143124,9.7686999,-0.010928830608175844,0,-0.03424932498413688,-4.1207447745311016e-05,2,20.72192588751443
23.469,0.10477080000000001,-0.3562992,9.7686999,-0.011960715506237563,0,-0.06879232653744533,0.0,2,20.721925578458574
23.485,0.10477080000000001,-0.3562992,9.8584614,-0.010779693669162427,0,0.07381386481720412,0.0,2,20.721925578458574
23.5,0.0718092,-0.3562992,9.8240283,-0.01047393166885513,0,0.020384133353819025,-5.420450704173366e-05,2,20.72192517192477
23.516,0.0464013,-0.3248091,9.8240283,-0.010205961659478291,0,0.016748125586054277,0.0,2,20.721924738288713
23.532,0.0464013,-0.34580249999999996,9.774684,-0.011129818933316216,0,-0.057741079614863834,0.0,2,20.721924738288713
23.563,0.08377740000000002,-0.3951468000000001,9.8734707,-0.009572098462305334,0,0.05024904745196586,-0.00021120961804288116,2,20.721921464539633
23.579,0.08377740000000002,-0.3083283,9.8809263,-0.007946006844662179,0,0.10163072610268581,0.0,2,20.721919774862688
23.594,0.0673947,-0.36669779999999996,9.851005800000001,-0.0070432795409978155,0,0.06018182024428862,0.0,2,20.721919774862688
23.61,0.052385400000000006,-0.36669779999999996,9.7297542,-0.009120035571191565,0,-0.12979725188712363,-9.308062928859231e-05,2,20.721919030217652
23.625,0.0434583,-0.3876912,9.7297542,-0.011127375666820427,0,-0.13382267304191908,0.0,2,20.72191833211293
23.641,0.0434583,-0.3831786,9.8016615,-0.011337642109445767,0,-0.013141652664085183,0.0,2,20.72191833211293
23.657,0.0434583,-0.3831786,9.8016615,-0.01154278010224985,0,-0.012821124550253757,-0.00010769973347738229,2,20.721917470515063
23.672,0.0673947,-0.33530580000000004,9.877983300000002,-0.00992199719119391,0,0.10805219407039192,0.0,2,20.72191666276706
23.688,0.0673947,-0.3592422,9.866015100000002,-0.008611941377060006,0,0.081878488383378,0.0,2,20.72191666276706
23.704,0.0868185,-0.3592422,9.843550200000001,-0.00787767764173175,0,0.045891483458010834,-4.88740238745837e-05,2,20.72191627177487
23.719,0.053856900000000006,-0.36375480000000004,9.843550200000001,-0.0071630241857914,0,0.047643563729354896,0.0,2,20.721915905219692
23.735,0.0673947,-0.32333760000000006,9.8689581,-0.00587879461270191,0,0.08026434831810199,0.0,2,20.721915905219692
23.75,0.0673947,-0.3487455,9.8165727,-0.00588166079853103,0,-0.0001910790552746679,0.0,2,20.721915905219692
23.766,0.0733788,-0.3487455,9.8240283,-0.0057016869700881045,0,0.01124836427768407,0.0,2,20.721915905219692
23.797,0.08829,-0.3907323,9.8240283,-0.00548459911474275,0,0.007002834043398009,-0.00012027147001702695,2,20.721914041011907
23.813,0.08829,-0.33530580000000004,9.7956774,-0.006013777994121838,0,-0.03307367996119668,0.0,2,20.721913078840146
23.829,0.0748503,-0.30685680000000004,9.874942200000001,-0.004623217306987115,0,0.08691004294591047,0.0,2,20.721913078840146
23.844,0.0748503,-0.32333760000000006,9.8584614,-0.003655496759279231,0,0.06451470318052317,0.0,2,20.721913078840146
23.86,0.058369500000000005,-0.32333760000000006,9.834525,-0.003297583470118326,0,0.02236958057255902,0.0,2,20.721913078840146
23.891,0.0777933,-0.34580249999999996,9.8928945,-0.0015037649341902437,0,0.05786511406219843,0.0,2,20.721913078840146
23.907,0.0658251,-0.318825,9.8405091,-0.0010549029430979573,0,0.02805387444326476,-9.959689914077613e-06,2,20.721912999162626
23.922,0.0673947,-0.318825,9.827069400000001,-0.0009443475414574465,0,0.007370360109367108,0.0,2,20.721912924464952
23.954,0.0928026,-0.344331,9.827069400000001,-0.0008104628555383186,0,0.004183896434972741,0.0,2,20.721912924464952
23.969,0.050913900000000005,-0.33530580000000004,9.8495343,-0.0001473178062099123,0,0.04420966995522541,0.0,2,20.721912924464952
24.0,0.0449298,-0.36669779999999996,9.8495343,0.000526210947112915,0,0.021726733978156557,0.0,2,20.721912924464952
24.016,0.0449298,-0.4235958000000001,9.803133,0.000108263940527209,0,-0.026121687911609504,0.0,2,20.721912924464952
24.032,0.10182780000000001,-0.4235958000000001,9.7926363,-0.0005448759247528301,0,-0.04082124157999788,0.0,2,20.721912924464952
24.047,0.0928026,-0.39671639999999997,9.7926363,-0.001211704653139023,0,-0.04445524855907784,0.0,2,20.721912924464952
24.063,0.0928026,-0.34128990000000003,9.7986204,-0.0017673126373694004,0,-0.03472549901440241,0.0,2,20.721912924464952
24.079,0.0703377,-0.35178660000000006,9.836094600000001,-0.0013914839192850081,0,0.023489294880271884,0.0,2,20.721912924464952
24.11,0.0643536,-0.3547296,9.7926363,-0.0020824882788055277,0,-0.022290463210340197,0.0,2,20.721912924464952
24.125,0.0643536,-0.33824879999999996,9.803133,-0.0025149933129213764,0,-0.02883366894105549,0.0,2,20.721912924464952
24.141,0.0718092,-0.33824879999999996,9.7851807,-0.003373275683346222,0,-0.053642648151558746,0.0,2,20.721912924464952
24.157,0.0733788,-0.36071369999999997,9.7851807,-0.004190784217039223,0,-0.05109428335580685,0.0,2,20.721912924464952
24.172,0.0733788,-0.3367773,9.7986204,-0.004681552301240899,0,-0.03271787228011049,0.0,2,20.721912924464952
24.188,0.0777933,-0.3367773,9.7895952,-0.005379510257476738,0,-0.043622372264744774,0.0,2,20.721912924464952
24.204,0.09584369999999999,-0.2738952,9.7895952,-0.0061043533757398905,0,-0.04530269489144193,-4.988375366763234e-05,2,20.721912525394924
24.219,0.08377740000000002,-0.32333760000000006,9.834525,-0.0056822358500756565,0,0.028141168377614535,0.0,2,20.72191215126677
24.25,0.08377740000000002,-0.37572300000000003,9.8105886,-0.005808400481372544,0,-0.004069826816028796,0.0,2,20.72191215126677
24.266,0.11978010000000001,-0.3503151,9.8689581,-0.004522658921803924,0,0.08035884747304764,0.0,2,20.72191215126677
24.282,0.11978010000000001,-0.3562992,9.783611100000002,-0.005343168216818128,0,-0.051281830938382046,0.0,2,20.72191215126677
24.297,0.0777933,-0.3562992,9.877983300000002,-0.0038538191265296007,0,0.09928993935256475,-4.6940533408191404e-05,2,20.72191179921277
24.313,0.0823059,-0.3771945,9.877983300000002,-0.0023809961725387296,0,0.09205143462443958,0.0,2,20.721911423688503
24.329,0.0823059,-0.37425150000000007,9.848062800000001,-0.0016760420726100733,0,0.044059631245536086,0.0,2,20.721911423688503
24.344,0.0823059,-0.37425150000000007,9.8016615,-0.002119161173814277,0,-0.029541273413612446,0.0,2,20.721911423688503
24.375,0.08829,-0.36669779999999996,9.8016615,-0.0025571616807376074,0,-0.014129048610430564,0.0,2,20.721911423688503
24.391,0.08829,-0.3427614,9.8120601,-0.0027521338894622716,0,-0.012185763045292852,0.0,2,20.721911423688503
24.407,0.0614106,-0.3427614,9.8120601,-0.0029473486204452115,0,-0.012200920686432382,0.0,2,20.721911423688503
24.422,0.0898596,-0.318825,9.8120601,-0.0031521268469809627,0,-0.013651881769049561,0.0,2,20.721911423688503
24.438,0.0898596,-0.3487455,9.842078700000002,-0.00259543093729242,0,0.034793494355537746,0.0,2,20.721911423688503
24.454,0.09133110000000001,-0.3487455,9.806076000000001,-0.002929506820878558,0,-0.020879742724131286,0.0,2,20.721911423688503
24.469,0.0718092,-0.35777070000000005,9.806076000000001,-0.00325146800639331,0,-0.021464079034315985,-5.759565463066274e-07,2,20.72191141936883
24.485,0.0718092,-0.3248091,9.8136297,-0.0034094083255915564,0,-0.009871269949891492,0.0,2,20.721911414761177
24.5,0.0673947,-0.3248091,9.856989900000002,-0.0025072948215090207,0,0.060140900272166765,0.0,2,20.721911414761177
24.532,0.1062423,-0.3307932,9.934881299999999,0.00028462772938375736,0,0.08724757971539923,0.0,2,20.721911414761177
24.547,0.08083440000000001,-0.3487455,9.934881299999999,0.003017588927960446,0,0.18219741323843902,0.0,2,20.721911414761177
24.563,0.08083440000000001,-0.347274,9.7672284,0.0015962170878847104,0,-0.08883574000474327,0.0,2,20.721911414761177
24.579,0.08083440000000001,-0.347274,9.788123700000002,0.0007188157919966187,0,-0.054837580992999596,0.0,2,20.721911414761177
24.594,0.058369500000000005,-0.3547296,9.788123700000002,-0.00013456252203347674,0,-0.056891887602004206,0.0,2,20.721911414761177
24.61,0.058369500000000005,-0.37866600000000006,9.831582000000001,0.00011388031890291472,0,0.015527677558526177,0.0,2,20.721911414761177
24.625,0.0449298,-0.36071369999999997,9.895935600000001,0.0019066252986679189,0,0.11951633198432908,0.0,2,20.721911414761177
24.657,0.0449298,-0.3547296,9.8165727,0.0017159643408604097,0,-0.005958154931484655,0.0,2,20.721911414761177
24.672,0.0733788,-0.3547296,9.818044200000001,0.0015699979632000094,0,-0.00973109184402632,0.0,2,20.721911414761177
24.688,0.08377740000000002,-0.3562992,9.848062800000001,0.0021626597740116438,0,0.03704136317573123,0.0,2,20.721911414761177
24.704,0.08377740000000002,-0.33824879999999996,9.848062800000001,0.00272535188582701,0,0.035168256988456444,0.0,2,20.721911414761177
24.719,0.08377740000000002,-0.3202965,9.866015100000002,0.0036973027171285366,0,0.064796722086766,0.0,2,20.721911414761177
