timestamps,acc_x,acc_y,acc_z,aAcc,aStages,aJerk,aVelocity,avStages,aHeight
0.062,0.1466595,-0.2709522,9.719257500000001,-0.02736951126256315,0,0.0,0.0,0,0.0
0.078,0.2006145,-0.3248091,9.719257500000001,-0.027305782258068234,0,0.0039830627809323005,0.0,0,0.0
0.093,0.20954160000000002,-0.4027005000000001,9.818044200000001,-0.02476114761613779,0,0.16964230946202957,-0.00032790432222159626,0,-2.459282416661972e-06
0.125,0.2140542,-0.3487455,9.8405091,-0.02177906686105935,0,0.09319002359620132,-0.0005725477538567505,0,-1.686651563391552e-05
0.14,0.1915893,-0.3427614,9.8405091,-0.018886127567096622,0,0.1928626195975149,-0.0003775367120679206,0,-2.399214912835056e-05
0.156,0.1915893,-0.3218661,9.7612443,-0.018012822692702102,0,0.054581554649657575,-0.00017272831414631012,0,-2.8394269338064404e-05
0.172,0.173637,-0.3218661,9.8524773,-0.014945354109377362,0,0.19171678645779638,0.0,0,-2.9776095851234882e-05
0.187,0.173637,-0.3248091,9.8524773,-0.01195034778091042,0,0.19966708856446266,-0.00013811149274010415,0,-3.0811932046785665e-05
0.203,0.173637,-0.3278502,9.777627,-0.010850249689019265,0,0.06875613074319714,0.0,0,-3.19168239887065e-05
0.218,0.18266220000000002,-0.3278502,9.7656588,-0.010064667693523432,0,0.052372133033055525,0.0,0,-3.19168239887065e-05
0.25,0.1631403,-0.2889045,9.8165727,-0.008095556575018037,0,0.06153472245329361,-0.0002679417411652757,0,-3.620389184735091e-05
0.281,0.1915893,-0.32932170000000005,9.7686999,-0.007297669703078213,0,0.025738286191607188,-6.536748475767604e-06,0,-4.045830843678709e-05
0.297,0.1856052,-0.3307932,9.7686999,-0.006520847462152091,0,0.048551390057882796,0.0,0,-4.051060242459323e-05
0.312,0.1856052,-0.34128990000000003,9.7701714,-0.005718310057179821,0,0.05350249366481795,0.0,0,-4.051060242459323e-05
0.328,0.20208600000000002,-0.34128990000000003,9.7732125,-0.004853265700186071,0,0.05406527231210929,0.0,0,-4.051060242459323e-05
0.359,0.205029,-0.36669779999999996,9.7672284,-0.004131218509858314,0,0.023291844849282504,0.0,0,-4.051060242459323e-05
0.375,0.20355750000000003,-0.36669779999999996,9.7956774,-0.0027342911473873244,0,0.08730796015443679,0.0,0,-4.051060242459323e-05
0.39,0.205029,-0.35178660000000006,9.7956774,-0.0013840132048432707,0,0.09001852950293683,-1.8522038406908713e-05,0,-4.064951771264505e-05
0.406,0.1571562,-0.31284090000000003,9.7806681,-0.00048628573551035004,0,0.056107966833307495,0.0,0,-4.079769401990032e-05
0.422,0.1571562,-0.3173535,9.743193900000001,-0.0005203145555050526,0,-0.002126801249668914,0.0,0,-4.079769401990032e-05
0.437,0.1856052,-0.3173535,9.8076456,0.0010295654972463097,0,0.10332533685009072,0.0,0,-4.079769401990032e-05
0.468,0.1511721,-0.2889045,9.8076456,0.0025058009351681676,0,0.04762049799747924,0.0,0,-4.079769401990032e-05
0.484,0.1511721,-0.3562992,9.803133,0.00389008536144253,0,0.08651777664214788,0.0,0,-4.079769401990032e-05
0.5,0.20355750000000003,-0.3562992,9.7582032,0.004168818925565532,0,0.017420847757687583,0.0,0,-4.079769401990032e-05
0.515,0.19011780000000003,-0.3173535,9.7582032,0.004401385708133532,0,0.015504452171199987,0.0,0,-4.079769401990032e-05
0.531,0.19011780000000003,-0.3278502,9.833053500000002,0.006460989950257456,0,0.12872526513274518,0.0,0,-4.079769401990032e-05
0.547,0.1646118,-0.3278502,9.834525,0.008495012147225367,0,0.1271263873104943,0.0,0,-4.079769401990032e-05
0.562,0.17510850000000003,-0.35178660000000006,9.834525,0.010504000482157494,0,0.13393255566214168,4.603480569667943e-05,0,-4.045243297717522e-05
0.578,0.1646118,-0.34128990000000003,9.7536906,0.010480459434742073,0,-0.0014713154634638048,0.0,0,-4.0084154531601787e-05
0.593,0.1646118,-0.34580249999999996,9.7986204,0.01155637512060359,0,0.07172771239076774,0.0,0,-4.0084154531601787e-05
0.609,0.16912439999999998,-0.34580249999999996,9.7806681,0.012170399016795841,0,0.03837649351201563,6.900093729616304e-05,0,-3.953214703323248e-05
0.64,0.1466595,-0.318825,9.743193900000001,0.011824852526174823,0,-0.01114666098777477,0.0,0,-3.846263250514195e-05
0.656,0.18266220000000002,-0.318825,9.7447635,0.011540819871166619,0,-0.01775204093801273,0.00012785271539093998,0,-3.743981078201443e-05
0.672,0.17667810000000003,-0.315882,9.7447635,0.011258689679126022,0,-0.017633137002537307,0.0,0,-3.6416989058886907e-05
0.687,0.17667810000000003,-0.3083283,9.764187300000001,0.011450981130902704,0,0.012819430118445503,0.0,0,-3.6416989058886907e-05
0.703,0.1482291,-0.3083283,9.7941078,0.0123563675128473,0,0.05658664887153753,0.00017103011201849557,0,-3.504874816273895e-05
0.718,0.2065986,-0.3248091,9.7941078,0.013278425586443987,0,0.061470538239779125,0.0,0,-3.376602232260023e-05
0.734,0.19757340000000004,-0.36375480000000004,9.7582032,0.013331881172007343,0,0.0033409740977097227,7.617351433079119e-05,0,-3.31566342079539e-05
0.75,0.19757340000000004,-0.3503151,9.8196138,0.01486860680259916,0,0.09604535191198851,0.0,0,-3.254724609330757e-05
0.765,0.1930608,-0.3503151,9.800091900000002,0.015889915340187244,0,0.06808723583920552,3.246633419854176e-05,0,-3.230374858681851e-05
0.781,0.17069399999999998,-0.36071369999999997,9.800091900000002,0.016885390937190436,0,0.06221722481269948,0.0,0,-3.204401791323017e-05
0.797,0.17069399999999998,-0.34580249999999996,9.851005800000001,0.01908433457766101,0,0.13743397752941078,8.242658853637504e-05,0,-3.138460520493917e-05
0.812,0.1317483,-0.34580249999999996,9.8165727,0.020375836769414235,0,0.08610014611688155,0.0,0,-3.076640579091636e-05
0.843,0.19011780000000003,-0.2963601,9.8165727,0.021619745998641804,0,0.04012610416863136,0.0005293094065443068,0,-2.2562109989479627e-05
0.859,0.2080701,-0.3278502,9.7866522,0.022137395595759557,0,0.03235309981985954,0.0003793665392995173,0,-1.5292702422729027e-05
0.875,0.18109260000000002,-0.315882,9.7866522,0.022619753698741363,0,0.030147381436362836,0.00023742373365552571,0,-1.0358380239088677e-05
0.89,0.1990449,-0.31284090000000003,9.7567317,0.022367220436361634,0,-0.016835550825315203,7.482603966879782e-05,0,-8.016506939156249e-06
0.906,0.1990449,-0.33824879999999996,9.8076456,0.023382312085354684,0,0.06344322806206554,0.0,0,-7.417898621805866e-06
0.922,0.1856052,-0.33824879999999996,9.839037600000001,0.025131291092382213,0,0.10931118793922047,0.0003289311252644249,0,-4.786449619690464e-06
0.937,0.205029,-0.3173535,9.839037600000001,0.026830042911738516,0,0.11325012129042013,0.0002186411302953304,0,-6.796577029922954e-07
0.968,0.205029,-0.3053853,9.8255979,0.028150562168496762,0,0.04259739537929837,0.000570840509038975,0,1.1557307706689404e-05
0.984,0.15568469999999998,-0.3053853,9.743193900000001,0.02740817511337923,0,-0.04639919094484575,0.0005153104072939826,0,2.0246515037353073e-05
1.0,0.16019730000000001,-0.3427614,9.743193900000001,0.026715978814477737,0,-0.043262268681343266,0.00044830363871683826,0,2.7955427405439646e-05
1.015,0.16019730000000001,-0.261927,9.7567317,0.026309549767047358,0,-0.027095269828692103,0.00034599510307827507,0,3.391266796890296e-05
1.031,0.2006145,-0.318825,9.7567317,0.025972526154751208,0,-0.021063975768509362,0.0002642517104526638,0,3.8794642477150476e-05
1.047,0.16166880000000003,-0.31284090000000003,9.714843,0.024600370079467027,0,-0.08575975470526125,0.00016883488032640864,0,4.225933520338306e-05
1.062,0.16166880000000003,-0.2858634,9.746235,0.024006641323140343,0,-0.03958191708844524,3.338746584596701e-05,0,4.377600279967589e-05
1.078,0.19757340000000004,-0.2858634,9.7342668,0.023151801703857444,0,-0.05342747620518113,0.0,0,4.4043102526443625e-05
1.093,0.23200650000000003,-0.33824879999999996,9.7342668,0.022377257312378163,0,-0.05163629276528577,0.0002521229526837136,0,4.5934024671571465e-05
1.125,0.23200650000000003,-0.32932170000000005,9.7821396,0.022780780293180314,0,0.012610093150067215,0.00047465155437264933,0,5.756241678447328e-05
1.14,0.17667810000000003,-0.32932170000000005,9.777627,0.023036310734926957,0,0.01703536278310965,0.00031827973708345274,0,6.350940147039402e-05
1.156,0.17069399999999998,-0.31284090000000003,9.777627,0.023269827000911292,0,0.014594766624020915,0.0001887288389701581,0,6.756547007882291e-05
1.172,0.17069399999999998,-0.344331,9.8091171,0.024290900784734504,0,0.0638171114889507,6.921466125532454e-05,0,6.962901808062677e-05
1.187,0.2065986,-0.344331,9.8091171,0.025303898475929287,0,0.067533179412985,0.0,0,7.01481280400417e-05
1.203,0.18266220000000002,-0.32932170000000005,9.8091171,0.026268053474209907,0,0.060259687392538674,0.0003537512713114189,0,7.297813821053306e-05
1.218,0.17069399999999998,-0.35178660000000006,9.7732125,0.02634742267742496,0,0.0052912802143368146,0.00024836734244867813,0,7.749402781373375e-05
1.234,0.16019730000000001,-0.3367773,9.731225700000001,0.02538431894972959,0,-0.060193982980960514,0.00016222127546591456,0,8.07787367570505e-05
1.265,0.16765290000000002,-0.2994012,9.731225700000001,0.024417988569076954,0,-0.031171947762988334,0.0004341570420074137,0,9.002260067788707e-05
1.281,0.16765290000000002,-0.3278502,9.7612443,0.024229214102723162,0,-0.011798404147111963,0.00032333466338181453,0,9.60825343210009e-05
1.297,0.19011780000000003,-0.3278502,9.759674700000001,0.02401682374934211,0,-0.013274397086315825,0.00020930296619833463,0,0.00010034363535764209
1.312,0.21856680000000003,-0.3173535,9.759674700000001,0.023815674477633664,0,-0.013409951447229562,6.804670290065651e-05,0,0.00010242375787588455
1.328,0.21856680000000003,-0.3039138,9.860031000000001,0.02605494029558031,0,0.1399541136216652,0.0,0,0.0001029681314990898
1.343,0.1466595,-0.3039138,9.830012400000001,0.027475397799806345,0,0.09469716694840301,0.00036848915680176564,0,0.00010573180017510302
1.359,0.18109260000000002,-0.33530580000000004,9.7851807,0.027807447564320853,0,0.020753110282156744,0.0003107519197147815,0,0.0001111657287872354
1.375,0.1856052,-0.2843919,9.7851807,0.028094164364240726,0,0.01791979999499203,0.0002579648151432752,0,0.00011571546266609986
1.39,0.1856052,-0.3562992,9.7612443,0.027847941425061862,0,-0.01641486261192437,0.0001775306085630389,0,0.0001189816783438972
1.406,0.1646118,-0.3562992,9.7866522,0.02821775188604647,0,0.02311315381153809,0.00012605615505190473,0,0.00012141037245281675
1.422,0.1466595,-0.318825,9.7866522,0.02854008122197449,0,0.02014558349550109,8.011881991607309e-05,0,0.00012305977225256058
1.437,0.1466595,-0.3053853,9.719257500000001,0.027201319202667662,0,-0.08925080128712108,0.0,0,0.00012366066340193115
1.453,0.1781496,-0.3053853,9.8046045,0.02798830581749634,0,0.0491866634267923,0.0004396963232622046,0,0.00012717823398802878
1.468,0.173637,-0.33981839999999996,9.8046045,0.02878173813844853,0,0.052895488063479816,0.00036547165293178765,0,0.00013321699380948367
1.484,0.173637,-0.3248091,9.7895952,0.029177597642073394,0,0.024741218976553882,0.000329146339175964,0,0.00013877393774634568
1.5,0.18109260000000002,-0.3248091,9.764187300000001,0.02894783720370775,0,-0.014360027397852792,0.00029414981794221445,0,0.0001437603070032911
1.531,0.2140542,-0.32333760000000006,9.777627,0.029066285156803318,0,0.0038209017127602825,0.0006933687145301323,0,0.00015906684425661245
1.547,0.1631403,-0.3202965,9.777627,0.029155469407434964,0,0.0055740156644779,0.000659142751044037,0,0.00016988693598120582
1.562,0.1930608,-0.3202965,9.7851807,0.02943986397001197,0,0.018959637505133586,0.0005986077513748934,0,0.00017932006474934788
1.578,0.16765290000000002,-0.3248091,9.7851807,0.029709533530871468,0,0.016854347553718604,0.0005718029313819604,0,0.00018868335021140272
1.593,0.16765290000000002,-0.32333760000000006,9.774684,0.029715598249213215,0,0.000404314556116487,0.0005174914197325939,0,0.00019685305784476184
1.609,0.1406754,-0.32333760000000006,9.776155500000002,0.029747011298338677,0,0.001963315570341349,0.0004931922961130086,0,0.00020493852757152666
1.625,0.1661814,-0.3039138,9.776155500000002,0.029772226674317892,0,0.0015759609987009413,0.0004693461998942594,0,0.0002126388355395848
1.64,0.1661814,-0.3173535,9.7821396,0.029953091754602923,0,0.012057672019002139,0.0004172860881111631,0,0.00021928857769962543
1.656,0.1946304,-0.3173535,9.855518400000001,0.031930775114350496,0,0.1236052099842232,0.00041235702306278944,0,0.00022592572258901705
1.672,0.19757340000000004,-0.33981839999999996,9.821085300000002,0.033040741496805026,0,0.06937289890340809,0.0004321291559520354,0,0.00023268161202113567
1.703,0.17069399999999998,-0.3248091,9.821085300000002,0.034098975392934605,0,0.034136577294502396,0.0009727947677430028,0,0.0002544579328384089
1.734,0.1946304,-0.35178660000000006,9.8584614,0.036075748662861784,0,0.06376687967507046,0.0015605029906078428,0,0.00029372404809284685
1.75,0.1511721,-0.34580249999999996,9.8584614,0.03798057270016386,0,0.11905150233137973,0.0016529535615120495,0,0.000319431700509806
1.765,0.1511721,-0.32932170000000005,9.8046045,0.03851249186192618,0,0.0354612774508214,0.0017266515457277213,0,0.0003447787388141041
1.781,0.21101310000000004,-0.32932170000000005,9.752219100000001,0.03778170354673627,0,-0.045674269699369455,0.001837005108997021,0,0.00037328799205190203
1.797,0.1482291,-0.3338343,9.7986204,0.038175245168005745,0,0.024596351329342327,0.0019446606987149565,0,0.00040354131851359787
1.812,0.17510850000000003,-0.3338343,9.7895952,0.03835003326071096,0,0.011652539513680815,0.0020186002869303377,0,0.0004332657759059378
1.828,0.2080701,-0.315882,9.8120601,0.0390692778305759,0,0.04495278561655876,0.002137954775660632,0,0.0004665182164066656
1.843,0.17667810000000003,-0.3173535,9.8120601,0.039757136434873885,0,0.04585724028653271,0.0022291528826515004,0,0.0004992715238440064
1.859,0.17667810000000003,-0.3712104,9.7791966,0.039673428746271,0,-0.00523173053768033,0.0023645974041006605,0,0.0005360215261380237
1.89,0.18864630000000002,-0.3712104,9.7627158,0.03919560404846045,0,-0.01541369992937253,0.0030870674124189946,0,0.0006205223307940781
1.906,0.1526436,-0.3487455,9.7627158,0.03869391100632669,0,-0.03135581513336036,0.0032101835328572923,0,0.0006709003383562884
1.922,0.1526436,-0.3547296,9.834525,0.03995979408537309,0,0.07911769244040016,0.003339413173590892,0,0.0007232971120078739
1.937,0.16765290000000002,-0.3547296,9.7791966,0.039852364215313685,0,-0.007161991337293649,0.0034380043608460494,0,0.0007741277435161514
1.953,0.21101310000000004,-0.3367773,9.7791966,0.03975254481196977,0,-0.006238712708994671,0.003574843633064318,0,0.0008302305274674344
1.968,0.21101310000000004,-0.315882,9.7552602,0.03905479325497474,0,-0.04651677046633563,0.003665898668566398,0,0.0008845360947296644
1.984,0.1721655,-0.315882,9.7895952,0.03919233698571922,0,0.00859648317153016,0.0037918757104919505,0,0.0009441982897621313
2.0,0.20355750000000003,-0.3262806,9.8375661,0.040518645309656875,0,0.08289427024610323,0.00392956356885496,0,0.0010059698039969066
2.015,0.1781496,-0.3173535,9.8375661,0.04179347317135118,0,0.08498852411295299,0.004046904457462523,0,0.0010657933141942882
2.031,0.1781496,-0.3278502,9.7582032,0.04111131894693543,0,-0.0426346390259846,0.0042101427944088166,0,0.001131849692209259
2.047,0.1377324,-0.3278502,9.8076456,0.041634974651046264,0,0.03272848150692728,0.00437211314319267,0,0.001200507739710071
2.062,0.1796211,-0.3278502,9.8076456,0.04216237641037246,0,0.03516011728841381,0.004500593276153299,0,0.0012670530378551643
2.078,0.1796211,-0.3278502,9.7612443,0.04154600081596804,0,-0.03852347465027602,0.004670260293964022,0,0.001340419866416103
2.093,0.1930608,-0.3278502,9.7612443,0.040950911721644445,0,-0.03967260628823951,0.004788987137996123,0,0.0014113642221558046
2.109,0.16765290000000002,-0.3427614,9.7612443,0.04037137895947929,0,-0.03622079763532234,0.0049395654634451155,0,0.0014891926429673346
2.125,0.16765290000000002,-0.3712104,9.7956774,0.04067044083801363,0,0.01869136740839659,0.005087900021825062,0,0.0015694123668494962
2.14,0.1661814,-0.3248091,9.7821396,0.04059146044600759,0,-0.005265359467069623,0.005197364281455223,0,0.001646551849124099
2.156,0.19011780000000003,-0.3248091,9.8615025,0.04245929198301468,0,0.11673947106294315,0.0053617703008874,0,0.00173102492578284
2.172,0.1511721,-0.3307932,9.8615025,0.044269989242986085,0,0.11316857874821275,0.005555604550695405,0,0.0018183639245955025
2.203,0.1511721,-0.2918475,9.800091900000002,0.04450957109127884,0,0.007728446719121305,0.006431687735876497,0,0.002004166955037365
2.218,0.20355750000000003,-0.2918475,9.7252416,0.042942013733060946,0,-0.10450382388119227,0.006587574622059049,0,0.0021018114227218825
2.234,0.18266220000000002,-0.3338343,9.7252416,0.04143549555657877,0,-0.09415738603013582,0.006762594696376169,0,0.0022086127772693643
2.25,0.18266220000000002,-0.2948886,9.7447635,0.04041088046649399,0,-0.06403844313029866,0.006917365704560752,0,0.00231805246047686
2.265,0.15421320000000002,-0.2948886,9.7895952,0.040492091619624304,0,0.005414076875354067,0.007024137995206646,0,0.002422613738225116
2.281,0.20954160000000002,-0.3248091,9.7895952,0.04061945851327309,0,0.007960430853048976,0.007173030396269826,0,0.002536191085356928
2.297,0.16019730000000001,-0.3278502,9.818044200000001,0.04141687665363669,0,0.0498386337727252,0.007329321077605103,0,0.0026522098971479276
2.312,0.17510850000000003,-0.3278502,9.783611100000002,0.0413618231079429,0,-0.0036702363795864156,0.007450161325816933,0,0.0027630560151735905
2.343,0.1526436,-0.3652263,9.783611100000002,0.041331206349241256,0,-0.0009876373774722659,0.008231903282403294,0,0.003006128016601005
2.359,0.1526436,-0.3652263,9.833053500000002,0.04250626766882348,0,0.0734413324738891,0.008402603074547814,0,0.003139204067456614
2.375,0.1721655,-0.3652263,9.776155500000002,0.04227394573838339,0,-0.01452012065250584,0.008580844781805472,0,0.0032750716503074403
2.39,0.18109260000000002,-0.287433,9.776155500000002,0.04198793185206995,0,-0.019067592420895903,0.008712808863733879,0,0.0034047740526489865
2.406,0.18109260000000002,-0.3652263,9.7297542,0.04064143107112095,0,-0.08415629880931245,0.008873843767119409,0,0.003545467273695813
2.422,0.1482291,-0.3652263,9.8105886,0.041284186540439194,0,0.04017221683239033,0.009029248708011889,0,0.0036886920134968637
2.437,0.145188,-0.3083283,9.8105886,0.04186255138748862,0,0.03855765646996272,0.009152849242471332,0,0.003825057748125485
2.453,0.145188,-0.33226469999999997,9.7252416,0.04036565659300351,0,-0.09355592465531962,0.00931067490631527,0,0.0039727659413157776
2.468,0.16765290000000002,-0.2994012,9.8016615,0.04075081465968289,0,0.02567720444529184,0.009419048440710426,0,0.004113238866418472
2.484,0.1631403,-0.318825,9.7552602,0.040008672896997055,0,-0.04638386016786451,0.009565124341163862,0,0.004265112248673466
2.5,0.1631403,-0.31284090000000003,9.7447635,0.0390240603308154,0,-0.06153828538635325,0.009697386206986361,0,0.004419212333058668
2.515,0.1631403,-0.31284090000000003,9.7447635,0.0380634627052725,0,-0.06403984170285965,0.009775542629757022,0,0.004565259299334244
2.531,0.1990449,-0.33981839999999996,9.7686999,0.03774791428902091,0,-0.019721776015724207,0.009882033645711372,0,0.0047225199095379915
2.547,0.1990449,-0.33824879999999996,9.764187300000001,0.03732875994526097,0,-0.026197146484996357,0.009982647039585624,0,0.004881437355020368
2.578,0.2260224,-0.33824879999999996,9.8016615,0.037847354713242964,0,0.016728863483290314,0.010647876816792426,0,0.005201210474794224
2.593,0.16166880000000003,-0.3173535,9.8016615,0.03830525152920394,0,0.030526454397398324,0.010719021363610776,0,0.00536146221114725
2.609,0.16166880000000003,-0.3218661,9.831582000000001,0.03948484420788567,0,0.073724542417608,0.010841342129507492,0,0.005533945119092196
2.625,0.1915893,-0.36973890000000004,9.800091900000002,0.03992244214516383,0,0.02734987107988471,0.010976600420331897,0,0.005708488659490912
2.64,0.1526436,-0.36973890000000004,9.7342668,0.03872855315515622,0,-0.07959259933383986,0.0110664828850843,0,0.005873811784281534
2.656,0.16019730000000001,-0.344331,9.7342668,0.037544030133622286,0,-0.07403268884587082,0.01117666355139453,0,0.006051756955773365
2.672,0.16019730000000001,-0.344331,9.803133,0.038066793450306946,0,0.03267270729279123,0.01128155014006596,0,0.006231422665305049
2.687,0.17069399999999998,-0.344331,9.7627158,0.03759609834517974,0,-0.03137967367514771,0.011349021828532105,0,0.006401151955069531
2.703,0.1497006,-0.2918475,9.7627158,0.03708680731388547,0,-0.03183068945589171,0.011446485073804621,0,0.006583516010288225
2.718,0.1497006,-0.3547296,9.7701714,0.036822394930409175,0,-0.01762749223175305,0.011500804090636835,0,0.006755620679021537
2.734,0.21856680000000003,-0.3547296,9.8091171,0.0375450967248927,0,0.04516886215522038,0.01159574402387925,0,0.006940393063937666
2.75,0.21856680000000003,-0.3173535,9.8091171,0.03821896766248578,0,0.04211693359956744,0.011701856538978275,0,0.007126773868440526
2.765,0.21856680000000003,-0.32932170000000005,9.800091900000002,0.03866606906628611,0,0.029806760253355206,0.011778494314444068,0,0.007302876499841195
2.781,0.19757340000000004,-0.318825,9.8016615,0.039121198109789646,0,0.028445565218970768,0.011900792451852674,0,0.007492310793971569
2.812,0.1781496,-0.318825,9.854046900000002,0.0408329641998435,0,0.05521826096947979,0.01264008196765197,0,0.007872694347473888
2.828,0.1870767,-0.31136939999999996,9.854046900000002,0.042501201397898924,0,0.1042648248784638,0.012806755292433913,0,0.008076269045554575
2.843,0.1870767,-0.33530580000000004,9.8105886,0.043088741394861074,0,0.03916933313080966,0.012948679863379622,0,0.008269434809223177
2.859,0.1482291,-0.32333760000000006,9.764187300000001,0.04250498665189184,0,-0.036484671435577064,0.013133429687753648,0,0.008478091685632244
2.875,0.1482291,-0.33530580000000004,9.8644455,0.04438892604902733,0,0.11774621232096816,0.013328580989361002,0,0.008689787771049161
2.89,0.1721655,-0.33530580000000004,9.8076456,0.044852042705604944,0,0.030874443771840496,0.013497888255020754,0,0.008890986290382026
2.906,0.17069399999999998,-0.3218661,9.8076456,0.04529226256932262,0,0.0275137414823545,0.013719042697220171,0,0.009108721737999953
2.922,0.17069399999999998,-0.34128990000000003,9.8046045,0.04566363334973289,0,0.0232106737756421,0.01394668986457262,0,0.009330047598494295
2.937,0.20355750000000003,-0.3218661,9.788123700000002,0.045623555871561194,0,-0.0026718318781131342,0.014131343783732306,0,0.009540632850856578
2.953,0.2006145,-0.3218661,9.731225700000001,0.04419626561385215,0,-0.08920564110681531,0.014349902355615618,0,0.009768482819971362
2.968,0.20208600000000002,-0.3173535,9.731225700000001,0.04280091719209267,0,-0.09302322811729784,0.014502381226660213,0,0.009984874946838432
2.984,0.20208600000000002,-0.32333760000000006,9.8046045,0.043232767524273186,0,0.02699064576128227,0.014690650704391142,0,0.010218419202286843
3.0,0.205029,-0.32333760000000006,9.8196138,0.04402137617961621,0,0.049288040958939086,0.014888683854022255,0,0.01045505387875415
3.015,0.1631403,-0.30685680000000004,9.8196138,0.044758721039872995,0,0.04915632401711848,0.015054534583168425,0,0.010679628017033082
3.031,0.1631403,-0.34580249999999996,9.7582032,0.04401294916157994,0,-0.04661074239331593,0.015264707944780048,0,0.01092218195725667
3.047,0.1721655,-0.34580249999999996,9.7582032,0.04328914584760568,0,-0.045237707123391105,0.015463124704853531,0,0.011168004618453738
3.078,0.1586277,-0.3622833,9.7582032,0.0425919766404661,0,-0.022489329262567342,0.016294282103418628,0,0.011660244423981952
3.093,0.18413369999999998,-0.33530580000000004,9.7941078,0.042774280648838925,0,0.012153600558188196,0.016434529033088424,0,0.011905710507505758
3.109,0.18413369999999998,-0.3547296,9.764187300000001,0.04223965421759246,0,-0.033414151952904064,0.01661464051201987,0,0.012170103863866624
3.125,0.1796211,-0.3547296,9.833053500000002,0.043394301231733934,0,0.07216543838384208,0.016799712155614488,0,0.012437418685207698
3.14,0.1856052,-0.31284090000000003,9.833053500000002,0.04448883964846928,0,0.07296922778235584,0.016958835712216014,0,0.012690607794216428
3.156,0.18266220000000002,-0.2994012,9.8046045,0.04485170470145583,0,0.02267906581165933,0.01717356006701541,0,0.01296366696045028
3.172,0.18413369999999998,-0.2843919,9.8046045,0.0451954983242544,0,0.021487101424910705,0.017393937691221092,0,0.013240206942516174
3.187,0.18413369999999998,-0.33824879999999996,9.8120601,0.04575429161085509,0,0.037252885773380096,0.017576061115734398,0,0.013502481933568334
3.218,0.19011780000000003,-0.33824879999999996,9.7956774,0.04590297165293045,0,0.00479613038952757,0.018496748696323076,0,0.014061610485655227
3.234,0.145188,-0.34580249999999996,9.7956774,0.04603571205325707,0,0.008296275020414072,0.01873225816597257,0,0.014359442540553592
3.25,0.1586277,-0.3248091,9.774684,0.04564109498772417,0,-0.02466356659580613,0.018965672622300422,0,0.014661025986859776
3.265,0.1586277,-0.3562992,9.764187300000001,0.0450270288814707,0,-0.040937740416897975,0.01914568355131939,0,0.014946861158161927
3.281,0.1571562,-0.3562992,9.788123700000002,0.04501071210627572,0,-0.001019798449686248,0.01936598547922136,0,0.015254954510406253
3.297,0.16912439999999998,-0.38621970000000005,9.788123700000002,0.04502731043748298,0,0.0010373957004539127,0.019586289659571432,0,0.015566572711516596
3.328,0.17510850000000003,-0.344331,9.8076456,0.045483747857776535,0,0.01472378775140511,0.02048921106314794,0,0.01618774297271874
3.343,0.1661814,-0.3023442,9.8076456,0.045891529022025424,0,0.027185410949925656,0.020674525639746463,0,0.01649647099799045
3.359,0.1661814,-0.30685680000000004,9.7851807,0.04574520337058452,0,-0.009145353215056487,0.020907619498887337,0,0.01682912815909952
3.375,0.1990449,-0.30685680000000004,9.771642900000002,0.045287435843947677,0,-0.028610470414802667,0.02113588061260359,0,0.01716547615999145
3.39,0.20954160000000002,-0.31284090000000003,9.771642900000002,0.04485080671181052,0,-0.02910860880914351,0.021311917431771785,0,0.017483834645324266
3.406,0.16765290000000002,-0.3008727,9.735738300000001,0.04352078477736576,0,-0.08312637090279733,0.02151889016368519,0,0.01782648110608792
3.422,0.16765290000000002,-0.2858634,9.788123700000002,0.04348913496002638,0,-0.001978113583711581,0.021714969521584332,0,0.01817235198357008
3.437,0.20355750000000003,-0.2858634,9.7806681,0.04329312564108179,0,-0.013067287929639609,0.021865836476092623,0,0.01849920802855265
3.453,0.18109260000000002,-0.3218661,9.7806681,0.04311839275086449,0,-0.010920805638581211,0.0220571286232282,0,0.018850591749347216
3.468,0.18109260000000002,-0.34580249999999996,9.704346300000001,0.04110781850309486,0,-0.1340382831846406,0.022188825207632906,0,0.01918243640307868
3.484,0.1631403,-0.34580249999999996,9.8255979,0.0420936144515629,0,0.06161224677925231,0.02235443667127017,0,0.019538782498109905
3.5,0.1526436,-0.347274,9.8255979,0.0430525204904022,0,0.059931627427456335,0.02253560575080589,0,0.019897902837486513
3.515,0.1526436,-0.3487455,9.7342668,0.0417634067383883,0,-0.08594091680092622,0.022671725205021823,0,0.020236957819655222
3.531,0.20355750000000003,-0.3487455,9.845021700000002,0.0432274804953785,0,0.0915046098118876,0.02285165230289196,0,0.020601144839718533
3.547,0.1661814,-0.347274,9.845021700000002,0.044637472984039306,0,0.08812453054130023,0.02305457193072731,0,0.020968394633587486
3.578,0.17069399999999998,-0.35178660000000006,9.7417224,0.04350137229379136,0,-0.03664840936283724,0.023920724032533675,0,0.021696511721018025
3.593,0.17069399999999998,-0.347274,9.871999200000001,0.04556404764140254,0,0.1375116898407439,0.024088714682047638,0,0.022056582511377387
3.609,0.1661814,-0.347274,9.7971489,0.04575031750996317,0,0.011641866785039302,0.024319229603258566,0,0.022443846065659835
3.625,0.17510850000000003,-0.347274,9.7971489,0.04593583370985854,0,0.011594762493460909,0.02455271881301714,0,0.022834821652990042
3.64,0.17510850000000003,-0.33824879999999996,9.800091900000002,0.04618085606071176,0,0.016334823390214463,0.024743593986296428,0,0.023204543998984896
3.656,0.19757340000000004,-0.3367773,9.839037600000001,0.04737822252386081,0,0.07483540394681569,0.02499206661497301,0,0.02360242928379505
3.672,0.19757340000000004,-0.34580249999999996,9.8105886,0.047860705757900135,0,0.030155202127457564,0.0252539780412271,0,0.02400439764104465
3.687,0.16019730000000001,-0.34580249999999996,9.8196138,0.048534773038964474,0,0.04493781873762355,0.02547694413220357,0,0.024384879557345373
3.703,0.1586277,-0.34128990000000003,9.8196138,0.049187930841668503,0,0.04082236266900182,0.025758725763248627,0,0.02479476491650899
3.718,0.1915893,-0.34580249999999996,9.8196138,0.04984333088698634,0,0.043693336354521856,0.026001460226213538,0,0.02518296631142996
3.734,0.1915893,-0.29783160000000003,9.7447635,0.04862000661787391,0,-0.07645776681952647,0.026289166926252425,0,0.02560129132864969
3.75,0.19757340000000004,-0.29783160000000003,9.740250900000001,0.047319442529650146,0,-0.08128525551398529,0.02655668251943262,0,0.02602405812421517
3.781,0.1511721,-0.3143124,9.740250900000001,0.04604297510603139,0,-0.04117636850383061,0.027503799992785696,0,0.026861995603154557
3.797,0.1511721,-0.315882,9.7656588,0.04541818447410684,0,-0.039049414495284616,0.027735489269426802,0,0.027303909917252258
3.812,0.1781496,-0.315882,9.776155500000002,0.04507556063888529,0,-0.02284158901477015,0.02791419235777423,0,0.027721282529456256
3.828,0.1796211,-0.318825,9.776155500000002,0.04474427827295813,0,-0.020705147870447842,0.028132751069068984,0,0.028169658076871003
3.843,0.1796211,-0.3503151,9.8120601,0.045322356551066534,0,0.03853855187389348,0.028308250830249168,0,0.028592965591115894
3.859,0.1437165,-0.3503151,9.723770100000001,0.043720119194116336,0,-0.10013983480938729,0.028520590636210624,0,0.029047596322847574
3.875,0.18413369999999998,-0.3338343,9.723770100000001,0.042159436439442644,0,-0.09754267216710569,0.028707627081279094,0,0.02950542206458749
3.89,0.16765290000000002,-0.3248091,9.788123700000002,0.042190602999662374,0,0.002077770681315373,0.028840252377072384,0,0.02993703116052513
3.922,0.1870767,-0.3248091,9.7672284,0.041720320442696135,0,-0.014696329905194969,0.02968282715215012,0,0.030873400432992693
3.937,0.18109260000000002,-0.33226469999999997,9.7672284,0.04126487149931535,0,-0.030363262892053138,0.029805216091715186,0,0.031319560757321674
3.953,0.18109260000000002,-0.3218661,9.752219100000001,0.04044622574423862,0,-0.05116535969229558,0.029958904869663613,0,0.03179767372501271
3.968,0.1317483,-0.3218661,9.7372098,0.039262408624905376,0,-0.07892114128888211,0.0300567196274322,0,0.03224779090874093
3.984,0.15568469999999998,-0.344331,9.7372098,0.03813480675860603,0,-0.07047511664370891,0.03017589735050029,0,0.03272965184456439
4.0,0.15568469999999998,-0.30685680000000004,9.800091900000002,0.03853692497673755,0,0.02513238863321996,0.03028927120438303,0,0.03321337319300346
4.015,0.19757340000000004,-0.30685680000000004,9.783611100000002,0.03854594543865808,0,0.000601364128035218,0.030367392732498485,0,0.03366829817253006
4.031,0.145188,-0.30685680000000004,9.783611100000002,0.03853237890045946,0,-0.0008479086374135739,0.030484019327211426,0,0.03415510946900774
4.047,0.18413369999999998,-0.318825,9.7536906,0.03781519719074389,0,-0.04482385685722341,0.030594799935941053,0,0.034643740023112955
4.062,0.18413369999999998,-0.3622833,9.830012400000001,0.03901239353206165,0,0.07981308942118119,0.03067100686636212,0,0.03510323357413025
4.078,0.1856052,-0.3622833,9.827069400000001,0.04010934535597954,0,0.06855948899486813,0.030803980777466433,0,0.035595033475280875
4.093,0.1796211,-0.3592422,9.827069400000001,0.0411741116643114,0,0.0709844205554585,0.030913606705118613,0,0.036057915381400255
4.109,0.1796211,-0.3427614,9.843550200000001,0.04260022203447278,0,0.08913189813508629,0.03108380137470887,0,0.03655389464603887
4.125,0.1870767,-0.3427614,9.8046045,0.04304578804276815,0,0.027847875518460772,0.03126896945532681,0,0.03705271681267916
4.14,0.1796211,-0.33530580000000004,9.8046045,0.04347080555004901,0,0.028334500485391,0.031417843907272924,0,0.03752286791289865
4.156,0.1796211,-0.3427614,9.7821396,0.04334424281133664,0,-0.007910171169522855,0.031612364294164,0,0.038027109578510146
4.187,0.18413369999999998,-0.3083283,9.777627,0.04308489372314028,0,-0.008366099619237228,0.03245201591044841,0,0.03902010747168166
4.203,0.1990449,-0.30685680000000004,9.777627,0.042837863381231855,0,-0.0154393963692767,0.03263939796728338,0,0.039540838782703515
4.218,0.1990449,-0.3427614,9.749178,0.04193262026032052,0,-0.060349541394090385,0.032775176594595,0,0.040031448091917596
4.234,0.1915893,-0.3427614,9.7701714,0.04155743633021558,0,-0.023448995631558646,0.03294309704731929,0,0.04055719428105291
4.25,0.2065986,-0.318825,9.7701714,0.041179106247403396,0,-0.02364563017576147,0.03310498938794024,0,0.04108557897253499
4.265,0.2065986,-0.3562992,9.8405091,0.04255559913944573,0,0.09176619280282435,0.03323299967834159,0,0.04158311389053209
4.281,0.18864630000000002,-0.3562992,9.7567317,0.041848109376630305,0,-0.04421811017596418,0.0334082293464702,0,0.04211624372273059
4.297,0.1796211,-0.3592422,9.7567317,0.04115635454289901,0,-0.0432346771082059,0.03357226505782643,0,0.04265208767796496
4.312,0.1796211,-0.347274,9.7732125,0.0408725604350213,0,-0.018919607191846658,0.033687481920160856,0,0.04315653578029988
4.343,0.1796211,-0.347274,9.8615025,0.04274739706634456,0,0.060478601010428415,0.03448359126143202,0,0.04421318741461456
4.359,0.20208600000000002,-0.32932170000000005,9.7612443,0.0421286649062349,0,-0.03867076000685362,0.03466259975721267,0,0.044766356942763715
4.375,0.20208600000000002,-0.3143124,9.856989900000002,0.043846529553649205,0,0.10736654046339379,0.03485040131289174,0,0.04532246095132455
4.39,0.20208600000000002,-0.3143124,9.7686999,0.043370640076897615,0,-0.03172596511677333,0.03500453008512083,0,0.04584637293680963
4.406,0.1870767,-0.2664396,9.7686999,0.042864384807771216,0,-0.0316409543203999,0.035194410284198174,0,0.04640796445976419
4.422,0.1870767,-0.29783160000000003,9.8016615,0.04319600001997337,0,0.020725950762634487,0.035382893362820134,0,0.04697258288894034
4.453,0.15421320000000002,-0.29783160000000003,9.8120601,0.04375905702352689,0,0.01816312914688754,0.03623069674699442,0,0.04808259353564248
4.468,0.1571562,-0.33981839999999996,9.8120601,0.0443427725222012,0,0.038914366578288076,0.03639146046858735,0,0.048627259714759334
4.484,0.1571562,-0.3532581,9.827069400000001,0.04528961642044749,0,0.0591777436403928,0.036608519580128535,0,0.04921125955514906
4.5,0.1856052,-0.3562992,9.8016615,0.045608947157655066,0,0.01995817107547369,0.03683570808875336,0,0.04979881337650011
4.531,0.1930608,-0.315882,9.8016615,0.04589022367131257,0,0.00907343592443565,0.03775394523660233,0,0.05095495300304311
4.547,0.1930608,-0.31136939999999996,9.764187300000001,0.045247755923760735,0,-0.04015423422198957,0.03798304907336292,0,0.05156084895752283
4.562,0.1661814,-0.31136939999999996,9.803133,0.04555818366848463,0,0.020695182981592262,0.03816409362030479,0,0.05213195252772536
4.578,0.1856052,-0.315882,9.803133,0.04587305342137604,0,0.019679359555713188,0.03839554351702368,0,0.05274442962482399
4.593,0.1856052,-0.3262806,9.788123700000002,0.04582273243610402,0,-0.0033547323514682864,0.038583261910954764,0,0.05332177066553381
4.609,0.1661814,-0.3262806,9.7387794,0.044562457530822996,0,-0.07876718158006384,0.03880634343069017,0,0.05394088750826697
4.625,0.1466595,-0.33226469999999997,9.7387794,0.043330210062443086,0,-0.07701546677374431,0.03900948477143629,0,0.054563414133883985
4.64,0.1466595,-0.3143124,9.803133,0.04368210384612503,0,0.02345958557879681,0.03916207712575054,0,0.055149700848112874
4.656,0.16912439999999998,-0.32932170000000005,9.7895952,0.04371628889916934,0,0.0021365658152694405,0.03936126426771289,0,0.05577788757926058
4.672,0.16912439999999998,-0.32932170000000005,9.7806681,0.04353206169050239,0,-0.011514200541684606,0.039559251072430274,0,0.05640925170198173
4.687,0.1856052,-0.3248091,9.7806681,0.04335593412587002,0,-0.011741837642157341,0.03971091104105309,0,0.05700377791783288
4.718,0.1990449,-0.344331,9.8464932,0.044810991341893924,0,0.04693732954915862,0.04057749838580341,0,0.05824824826394914
4.734,0.16765290000000002,-0.3202965,9.8464932,0.046196543389006806,0,0.086597002944555,0.040805558663650626,0,0.05889931272034477
4.75,0.16765290000000002,-0.32932170000000005,9.8091171,0.04664458944968253,0,0.028002878792232597,0.04104828772636013,0,0.05955414349146486
4.765,0.1930608,-0.32932170000000005,9.7971489,0.046801407260694816,0,0.0104545207341528,0.04124913270168795,0,0.06017137414467521
4.781,0.1990449,-0.3248091,9.7971489,0.046953647199677206,0,0.009514996186399385,0.04149917313737092,0,0.06083336059138768
4.797,0.1990449,-0.2934171,9.854046900000002,0.04846488688493977,0,0.09445248032891032,0.041762521410047854,0,0.06149945414776703
4.812,0.17510850000000003,-0.33824879999999996,9.836094600000001,0.04952567960383192,0,0.070719514592807,0.04199745065871366,0,0.06212765393828276
4.828,0.17510850000000003,-0.33824879999999996,9.9138879,0.05245658704784084,0,0.18318171525055754,0.042313308791927046,0,0.06280214001388788
4.843,0.1437165,-0.35777070000000005,9.9138879,0.05532040828862428,0,0.19092141605223323,0.04262163625695051,0,0.06343915210175445
4.859,0.1437165,-0.3562992,9.8824959,0.05734800623375769,0,0.1267248715708379,0.04302298357312956,0,0.0641243090603951
4.875,0.1646118,-0.3562992,9.997665300000001,0.06214091719293258,0,0.29955693494843033,0.04347889496054308,0,0.06481632408866447
4.89,0.173637,-0.34128990000000003,9.997665300000001,0.0668078867629962,0,0.31113130467091515,0.04394601099021253,0,0.06547201088329513
4.906,0.173637,-0.318825,10.005219,0.07152706684389898,0,0.2949487550564231,0.04455269061906769,0,0.06618000049616937
4.937,0.1856052,-0.318825,10.0186587,0.07646395726010269,0,0.1592545295549554,0.04634655149267977,0,0.06758893874890148
4.953,0.18413369999999998,-0.3023442,10.0186587,0.08126732064556386,1,0.3002102115913227,0.04760840171592509,0,0.06834057837457032
4.968,0.18413369999999998,-0.287433,10.0530918,0.08678217682425249,1,0.36765707857924995,0.04886877294694869,0,0.06906415718454186
4.984,0.1721655,-0.31284090000000003,10.005219,0.0910089549648081,1,0.26417363378472536,0.05029110200126119,0,0.06985743618412754
5.0,0.18266220000000002,-0.3307932,10.0576044,0.09642803902522168,1,0.33869275377584857,0.051790597953181416,0,0.07067408978376308
5.015,0.18266220000000002,-0.37425150000000007,10.06506,0.10193376153227085,1,0.36704816713661925,0.05327831145736259,0,0.07146210660434214
5.031,0.21101310000000004,-0.37425150000000007,10.1683593,0.10983593534474778,1,0.49388586327980777,0.054972469032378735,0,0.07232811284826007
5.047,0.2006145,-0.315882,10.1683593,0.117491969672054,1,0.47850214545663805,0.05679109227251314,0,0.07322222133869921
5.078,0.2006145,-0.318825,10.270187100000001,0.12744542948780335,1,0.32107934889513445,0.060587621959490995,0,0.07504159140929531
5.093,0.20954160000000002,-0.3338343,10.202792400000002,0.13552953453272032,1,0.5389403363278092,0.06255993418964487,0,0.07596519808041381
5.125,0.20954160000000002,-0.3547296,10.271658600000002,0.14511195497514784,1,0.2994506388258597,0.06705019802177076,0,0.07803896019579647
5.14,0.17667810000000003,-0.3173535,10.249193700000001,0.15386821541381757,1,0.5837506959113276,0.06929254929968795,0,0.07906153080070738
5.156,0.1796211,-0.3173535,10.283626800000002,0.16325145783343942,1,0.5864526512263651,0.07182950668566601,0,0.08019050724859021
5.172,0.1870767,-0.2994012,10.283626800000002,0.17239595859846446,1,0.5715312978140646,0.07451468601712125,0,0.08136126079021251
5.187,0.1870767,-0.2994012,10.2731301,0.1810615565757594,1,0.5777065318196405,0.07716561738092803,0,0.08249886306569792
5.203,0.18864630000000002,-0.2994012,10.3570056,0.19156103923097945,1,0.6562176659512525,0.08014659814738195,0,0.0837573607899244
5.218,0.15421320000000002,-0.3098979,10.301579100000001,0.20044696292475628,1,0.592394912918468,0.0830866581635499,0,0.08498161021225636
5.25,0.173637,-0.3098979,10.3090347,0.2093054269945398,1,0.27682700218073486,0.08964269640225864,0,0.08774527988530931
5.265,0.2006145,-0.3023442,10.3090347,0.21795429978876157,1,0.5765915196147972,0.09284714435313332,0,0.08911395369097472
5.281,0.20954160000000002,-0.3307932,10.395853200000001,0.2285338574431126,1,0.6612223533969391,0.09641904961098832,0,0.09062808324268769
5.297,0.20954160000000002,-0.3262806,10.3090347,0.23673586079331166,1,0.5126252093874402,0.10014120735687973,0,0.09220056529843064
5.312,0.17667810000000003,-0.3262806,10.3764294,0.24636552715726978,1,0.6419777575971839,0.10376446776650922,0,0.09372985786185611
5.328,0.16166880000000003,-0.36826739999999997,10.3764294,0.25578860860070485,1,0.5889425902146911,0.10778170085257302,0,0.09542222721080877
5.343,0.16166880000000003,-0.34128990000000003,10.4572638,0.266929653898341,1,0.7427363531757595,0.11170208782131577,0,0.0970683556258629
5.359,0.17510850000000003,-0.34128990000000003,10.437840000000001,0.2773308090476707,1,0.6500721968331064,0.11605617152488387,0,0.0988904217006325
5.375,0.1930608,-0.344331,10.437840000000001,0.28748842874178315,1,0.634851230882027,0.12057472542719952,0,0.10078346887624917
5.39,0.1930608,-0.32333760000000006,10.440783000000001,0.297453670185325,1,0.6643494295694694,0.12496179116915274,0,0.10262499275072177
5.406,0.16912439999999998,-0.32333760000000006,10.475216099999999,0.3080050581828999,1,0.6594617498484329,0.12980546099609852,0,0.10466313076804379
5.422,0.21552570000000001,-0.3143124,10.475216099999999,0.31831316526178277,1,0.6442566924301779,0.13481600678365602,0,0.10678010251028183
5.437,0.11978010000000001,-0.3592422,10.4003658,0.32654329603132837,1,0.5486753846363522,0.13965243024335455,0,0.10883861578798448
5.468,0.1406754,-0.33824879999999996,10.473744600000002,0.3363505361057868,1,0.3163625830470494,0.14992728464147975,0,0.11332710136869938
5.484,0.1482291,-0.3218661,10.473744600000002,0.3459085302703695,1,0.5973746352864179,0.15538535717248902,0,0.11576960250321112
5.5,0.1482291,-0.3143124,10.5380982,0.3567965524919412,1,0.6805013888482309,0.1610069978345875,0,0.11830074134326773
5.515,0.1796211,-0.3143124,10.529073,0.3672109196872757,1,0.6942911463556486,0.1664370538759315,0,0.12075657173109658
5.531,0.2215098,-0.318825,10.529073,0.37739403427579,1,0.6364446617821423,0.172393893507636,0,0.12346721931016512
5.562,0.2215098,-0.3083283,10.4333274,0.3849874325298721,1,0.2449483307768379,0.18421080624312397,0,0.128994592156302
5.578,0.1946304,-0.3083283,10.529073,0.3947164065589508,1,0.6080608768174173,0.19044843695583458,0,0.13199186610189367
5.593,0.1482291,-0.3098979,10.529073,0.4041907957558255,1,0.6316259464583275,0.1964402409731953,0,0.13489353118636133
5.609,0.17667810000000003,-0.3202965,10.563506100000001,0.4142917148460157,1,0.6313074431368854,0.20298810105801002,0,0.13808895792261097
5.625,0.17667810000000003,-0.31284090000000003,10.530642600000002,0.42333973961572546,1,0.5655015481068609,0.20968915269370397,0,0.1413903759526247
5.64,0.16166880000000003,-0.31284090000000003,10.4902254,0.4311759706331273,1,0.5224154011601331,0.21609802052057026,0,0.14458377975173167
5.656,0.20208600000000002,-0.37425150000000007,10.4902254,0.4388871719916718,1,0.4819500849090326,0.22305852566156864,0,0.1480970321211888
5.672,0.1526436,-0.36375480000000004,10.536626700000001,0.44751186614777616,1,0.5390433847565208,0.2301497179666842,0,0.15172269807021482
5.687,0.17667810000000003,-0.3262806,10.536626700000001,0.45590544782079334,1,0.5595721115344575,0.23692534782144875,0,0.15522576106362596
5.703,0.17667810000000003,-0.33226469999999997,10.551537900000001,0.4644623226162299,1,0.5348046747147834,0.24428828998494495,0,0.15907547016607712
5.718,0.1946304,-0.33226469999999997,10.5949962,0.47387744858006897,1,0.6276750642559527,0.251325838268917,0,0.162792576127981
5.734,0.1437165,-0.33981839999999996,10.6278597,0.4838500260804359,1,0.623286093772934,0.25898765806620105,0,0.16687508409866195
5.765,0.16166880000000003,-0.37572300000000003,10.6278597,0.49361511666741364,1,0.31500292216057474,0.2741383677787926,0,0.17513853749925926
5.781,0.16166880000000003,-0.318825,10.6009803,0.5024414941889379,1,0.5516485950952661,0.2821068206656434,0,0.17958849900681476
5.797,0.142245,-0.318825,10.5770439,0.5104623095321941,1,0.5013009589535096,0.2902100510954125,0,0.1841670339809032
5.812,0.1990449,-0.33824879999999996,10.5770439,0.5183245385247783,1,0.5241485995055977,0.2979259524558401,0,0.18857805400753777
5.828,0.1990449,-0.3053853,10.5111207,0.5243637106285473,1,0.37744825648555713,0.3062674584490667,0,0.19341160129477702
5.843,0.1856052,-0.3053853,10.5814584,0.5319641611589816,1,0.5066967020289671,0.314189917487473,0,0.19806503161430097
5.859,0.205029,-0.3248091,10.5814584,0.5394020729963582,1,0.4648694898360391,0.3227608473607157,0,0.20316063773308649
5.875,0.205029,-0.3562992,10.5934266,0.5469749614295161,1,0.47330552707236473,0.3314518636361227,0,0.2083943394210612
5.89,0.1586277,-0.3562992,10.548594900000001,0.5532510210492187,1,0.41840397464685414,0.33970355850471307,0,0.21342800508711735
5.906,0.16166880000000003,-0.35178660000000006,10.5904836,0.5603924307095127,1,0.44633810376837296,0.3486127061187829,0,0.21893453520410533
5.922,0.16765290000000002,-0.344331,10.5904836,0.567355955038332,1,0.4352202705512061,0.3576346932047657,0,0.22458451439869373
5.953,0.1497006,-0.30685680000000004,10.61442,0.5746985091668595,1,0.23685658479120417,0.3753365373999465,0,0.23594556847306697
5.968,0.19610190000000002,-0.3278502,10.61442,0.5818957011524706,1,0.4798127990407492,0.3840109939773414,0,0.2416406749583965
5.984,0.19610190000000002,-0.3202965,10.6099074,0.5888017358874826,1,0.43162717093825315,0.39337657347366206,0,0.24785977549800453
6.0,0.1915893,-0.3202965,10.587442500000002,0.594989736135421,1,0.38675001549615085,0.4028469052498464,0,0.2542295633277926
6.015,0.21258269999999999,-0.2934171,10.587442500000002,0.6010175873035113,1,0.4018567445393577,0.41181696017563924,0,0.2603395423184836
6.031,0.21258269999999999,-0.3202965,10.629429300000002,0.607940803639087,1,0.4327010209734801,0.42148862730318104,0,0.2670059870183142
6.047,0.1511721,-0.3202965,10.587442500000002,0.6136460496974987,1,0.356577878650732,0.4312613221298749,0,0.27382798661377866
6.062,0.19610190000000002,-0.3262806,10.596467700000002,0.6194545436326404,1,0.3872329290094328,0.4405095765798523,0,0.2803662683541019
6.078,0.20355750000000003,-0.2994012,10.596467700000002,0.6251054507791558,1,0.3531816966572118,0.4504660565351477,0,0.2874940734190219
6.093,0.20355750000000003,-0.32333760000000006,10.563506100000001,0.6298322575733444,1,0.3151204529459118,0.45987808934779234,0,0.2943216545131438
6.109,0.17667810000000003,-0.32333760000000006,10.6099074,0.6355630388925153,1,0.3581738324481828,0.47000125171952034,0,0.3017606892416823
6.125,0.145188,-0.34580249999999996,10.6099074,0.6411596697665232,1,0.34978942962549076,0.4802150333887938,0,0.30936241952254884
6.14,0.145188,-0.3307932,10.5230889,0.6444918440484724,1,0.2221449521299519,0.4898574197424071,0,0.3166379629210327
6.156,0.145188,-0.3307932,10.6024518,0.6496772951874128,1,0.3240906961837761,0.5002107728562953,0,0.3245585084618223
6.172,0.1466595,-0.31136939999999996,10.6024518,0.654722426604815,1,0.31532071358764097,0.5106459706306332,0,0.33264536240971776
6.203,0.1466595,-0.3307932,10.5949962,0.6594771069998,1,0.15337678693499535,0.5310160634015051,0,0.34879112393721623
6.218,0.1302768,-0.3307932,10.611477,0.6645123453712536,1,0.335682558096913,0.5409459842942878,0,0.35683083929493453
6.234,0.15568469999999998,-0.3532581,10.587442500000002,0.6688649487783778,1,0.2720377129452609,0.5516130026474848,0,0.3655713111904687
6.25,0.19610190000000002,-0.34580249999999996,10.587442500000002,0.6731217579313089,1,0.26605057205819604,0.5623488963011624,0,0.3744830063820579
6.265,0.19610190000000002,-0.3307932,10.599410700000002,0.67755476834167,1,0.29553402735741624,0.5724789702482095,0,0.382994215381178
6.281,0.19011780000000003,-0.3098979,10.6368849,0.6827750753620894,1,0.32626918877620675,0.5833616089978396,0,0.3922409400151464
6.297,0.19011780000000003,-0.2948886,10.560563100000001,0.685997168337078,1,0.20138081093679078,0.5943117869474329,0,0.4016623271827086
6.312,0.1870767,-0.2948886,10.548594900000001,0.6888476021122614,1,0.1900289183455493,0.6046231227258033,0,0.4106543390052582
6.328,0.20355750000000003,-0.2350476,10.548594900000001,0.6915993085038288,1,0.17198164947296296,0.615666698010732,0,0.4204166575711505
6.343,0.20355750000000003,-0.3083283,10.5335856,0.6939640544704488,1,0.15764973110800756,0.626058423233039,0,0.42972959598047855
6.359,0.142245,-0.3083283,10.5770439,0.6973060017606851,1,0.208871705639768,0.637188583682888,0,0.439835572035806
6.375,0.18413369999999998,-0.3173535,10.6009803,0.7011721640287885,1,0.2416351417564575,0.6483764090092038,0,0.4501200919773427
6.39,0.15568469999999998,-0.33824879999999996,10.6009803,0.7049486645986196,1,0.2517667046554149,0.6589223152239091,0,0.4599248324090908
6.422,0.15568469999999998,-0.3367773,10.6069644,0.7087777778304858,1,0.11965978849581826,0.6815419383027748,0,0.4813722604655178
6.453,0.16166880000000003,-0.3173535,10.5620346,0.7114058517632493,1,0.08477657847624169,0.703554784561478,0,0.5028412596699141
6.468,0.16166880000000003,-0.37268190000000007,10.5904836,0.7147072459538109,1,0.22009294603743962,0.7142506327943557,0,0.5134748003000826
6.484,0.18413369999999998,-0.37268190000000007,10.629429300000002,0.7188862239846454,1,0.2611861269271596,0.7257193805538634,0,0.5249945604068684
6.5,0.205029,-0.3427614,10.629429300000002,0.7229480568159534,1,0.2538645519567504,0.7372540548002682,1,0.5366983478897015
6.515,0.205029,-0.3143124,10.5919551,0.7259759544762261,1,0.2018598440181824,0.7481209848849593,1,0.5478386606873404
6.531,0.16166880000000003,-0.3487455,10.5620346,0.7282086891249584,1,0.1395459155457689,0.7597544620337687,1,0.5599016642626903
6.547,0.20954160000000002,-0.3487455,10.5814584,0.7308808718014745,1,0.16701141728225885,0.7714271785211803,1,0.5721511173871299
6.562,0.20355750000000003,-0.3173535,10.6069644,0.7340826538015488,1,0.21345213333827592,0.7824144049632034,1,0.5838049292632632
6.593,0.173637,-0.3173535,10.659349800000001,0.7384703296723512,1,0.14153793131620637,0.8052389762070485,1,0.6084135566714018
6.609,0.16765290000000002,-0.33981839999999996,10.659349800000001,0.7427655340738966,1,0.2684502750965876,0.8170888631170186,1,0.6213921793859944
6.625,0.16765290000000002,-0.35178660000000006,10.5171048,0.7434983983158698,1,0.045804015123329614,0.8289789745761367,1,0.6345607220875397
6.64,0.15421320000000002,-0.35178660000000006,10.656308700000002,0.7476013597589866,1,0.2735307628744542,0.8401622227616978,1,0.6470792810675732
6.656,0.18266220000000002,-0.31136939999999996,10.656308700000002,0.7515845553620881,1,0.2489497251938475,0.8521557100826664,1,0.6606178245303281
6.672,0.18266220000000002,-0.3262806,10.5530094,0.7529635442757634,1,0.08618680710470442,0.8641920948797692,1,0.6743486069700276
6.687,0.16019730000000001,-0.3262806,10.596467700000002,0.7553593368261531,1,0.15971950335930635,0.8755045164880341,1,0.6873963315552867
6.703,0.1990449,-0.3592422,10.5770439,0.7572653381820196,1,0.11912508474165573,0.8876055138880994,1,0.7015012117982957
6.718,0.18266220000000002,-0.3083283,10.5770439,0.7590784842337897,1,0.12087640345134097,0.8989780925562176,1,0.7149005888466278
6.734,0.18266220000000002,-0.32932170000000005,10.524658500000001,0.7595859526127562,1,0.031716773685408456,0.9111274080509899,1,0.7293814328514855
6.75,0.173637,-0.32932170000000005,10.560563100000001,0.7609524964468157,1,0.08540898962872127,0.9232917156434666,1,0.7440567858410412
6.765,0.19610190000000002,-0.31284090000000003,10.560563100000001,0.7622830818918,1,0.08870569633229006,0.9347159824810058,1,0.7579918435769745
6.781,0.19610190000000002,-0.31136939999999996,10.642869000000001,0.7655864068129699,1,0.20645780757311252,0.9469389383906439,1,0.7730450829439477
6.797,0.1856052,-0.31136939999999996,10.6608213,0.7692421821532331,1,0.22848595876645542,0.9592175671023735,1,0.7882943349878918
6.812,0.18109260000000002,-0.3143124,10.6608213,0.772809005597372,1,0.23778822960924656,0.9707829510105035,1,0.8027693388737389
6.843,0.19757340000000004,-0.315882,10.5799869,0.7743267402183598,1,0.048959181322187885,0.9947635550706471,1,0.8332353097179964
6.859,0.21709530000000002,-0.315882,10.5380982,0.7747957787361237,1,0.029314907360244974,1.0071565352222829,1,0.8492506704403399
6.875,0.20355750000000003,-0.347274,10.5380982,0.7752708661823515,1,0.029692965389238574,1.0195570683816306,1,0.8654643792691712
6.89,0.20355750000000003,-0.40113090000000007,10.5740028,0.7766559005054372,1,0.09233562153904706,1.031196519131789,1,0.8808450311755215
6.906,0.15421320000000002,-0.40113090000000007,10.5500664,0.7774034786328183,1,0.04672363296132072,1.0436289941648949,1,0.897443635281895
6.937,0.16019730000000001,-0.3712104,10.6218756,0.7798584728988462,1,0.07919336342025367,1.067766554413636,1,0.9301702662848628
6.953,0.15568469999999998,-0.3712104,10.5650757,0.7808675895183779,1,0.0630697887207265,1.0802523629129739,1,0.9473544176234756
6.968,0.17069399999999998,-0.36669779999999996,10.5650757,0.7818539030985523,1,0.0657542386782964,1.0919727741076006,1,0.9636461061511296
6.984,0.17069399999999998,-0.3532581,10.5890121,0.7833884127316217,1,0.09590685206684038,1.104494712634242,1,0.9812178460450643
7.0,0.19011780000000003,-0.3367773,10.554579000000002,0.784041202452519,1,0.040799357556076075,1.117034149555715,1,0.998990076942584
7.015,0.1870767,-0.3367773,10.527601500000001,0.7840191971715704,1,-0.0014670187299022862,1.1287946025528954,1,1.0158337925833982
7.031,0.22455090000000003,-0.3218661,10.527601500000001,0.784004216117971,1,-0.0009363158499642301,1.1413387898592118,1,1.0339948597226951
7.062,0.22455090000000003,-0.3307932,10.596467700000002,0.785674806218509,1,0.05389000324316188,1.1656688147054277,1,1.0697534775934476
7.078,0.1406754,-0.3307932,10.5665472,0.7865400701948406,1,0.05407899852072346,1.1782465337167345,1,1.0885048003808249
7.093,0.1646118,-0.33824879999999996,10.5665472,0.7873984122273932,1,0.05722280217016976,1.190051072334901,1,1.1062670324262118
7.109,0.1646118,-0.315882,10.611477,0.7893141727268933,1,0.11973503121875939,1.2026647730145352,1,1.1254087591890074
7.125,0.1990449,-0.315882,10.583028,0.7905041416389196,1,0.07437305700164203,1.2153033195294618,1,1.1447525039293593
7.14,0.21856680000000003,-0.347274,10.583028,0.7916984473805186,1,0.0796203827732728,1.2271698389471073,1,1.1630710526179333
7.156,0.21856680000000003,-0.2694807,10.5665472,0.7924066167905544,1,0.04426058812723173,1.239842679460476,1,1.182807152765194
7.172,0.10928340000000002,-0.3487455,10.5770439,0.7933685749598993,1,0.06012238558406041,1.2525288809944797,1,1.2027461252488336
7.187,0.1062423,-0.36071369999999997,10.5770439,0.7943160993816019,1,0.06316829478016689,1.2644365160520414,1,1.2216233657266833
7.203,0.1062423,-0.35178660000000006,10.5949962,0.7956707817704061,1,0.08466764930026287,1.2771564111012574,1,1.2419561091439097
7.234,0.1571562,-0.35178660000000006,10.536626700000001,0.7955851486885415,1,-0.002762357479503255,1.3018208780233709,1,1.281930257125341
7.25,0.1721655,-0.3532581,10.536626700000001,0.7955085211898592,1,-0.004789218667644586,1.314549627382398,1,1.3028612211685873
7.265,0.1721655,-0.3427614,10.5904836,0.7967380303288607,1,0.08196727593343842,1.326491476518788,1,1.3226690294478458
7.281,0.2065986,-0.3427614,10.632372300000002,0.7989735090273911,1,0.13971741865814724,1.339257168833638,1,1.3439950186106653
7.297,0.1870767,-0.2963601,10.632372300000002,0.8011116608305997,1,0.1336344877005401,1.352057850192502,1,1.3655255387628744
7.312,0.1870767,-0.3592422,10.5694902,0.8017123261180785,1,0.0400443524985864,1.3640790300946175,1,1.3858965653650286
7.328,0.1796211,-0.32932170000000005,10.5979392,0.8029648766787378,1,0.07828441004120716,1.376916447716992,1,1.4078245291875215
7.343,0.20355750000000003,-0.32932170000000005,10.585971,0.8039057120790147,1,0.06272236001846107,1.3889679771326748,1,1.4285686623738936
7.359,0.21258269999999999,-0.3098979,10.585971,0.8048136299847553,1,0.056744869108782355,1.401837731869185,1,1.4508951080459085
7.375,0.21258269999999999,-0.3367773,10.5814584,0.8056094290753677,1,0.04973744316327795,1.414721116341666,1,1.4734275788315954
7.39,0.1661814,-0.3367773,10.61442,0.8071690138122651,1,0.10397231579316453,1.426816954663323,1,1.4947391143641324
7.406,0.17667810000000003,-0.35178660000000006,10.61442,0.8087065581661772,1,0.09609652211950417,1.4397439592391506,1,1.5176716016753522
7.422,0.17667810000000003,-0.3592422,10.5694902,0.8091176209081254,1,0.025691421371765142,1.452686552671745,1,1.5408110457706394
7.437,0.1332198,-0.3592422,10.5904836,0.8100148280956478,1,0.0598138125014909,1.4648300460392738,1,1.5626924202609729
7.453,0.1796211,-0.3592422,10.5904836,0.8109068563918367,1,0.055751768511802476,1.4777974195151737,1,1.5862334399854086
7.468,0.16912439999999998,-0.3083283,10.5216174,0.810055069507694,1,-0.056785792276179144,1.4899546339594198,1,1.6084915803864674
7.484,0.16912439999999998,-0.2934171,10.5216174,0.8092136636106062,1,-0.05258786856798809,1.5029087838243662,1,1.6324344877287378
7.515,0.21258269999999999,-0.2934171,10.608435900000002,0.8105282760911372,1,0.04240685421067773,1.528014783889743,1,1.679413803028306
7.531,0.24544620000000003,-0.2934171,10.608435900000002,0.8118281179908085,1,0.08124011872945307,1.5409936350423987,1,1.703965870379763
7.547,0.24544620000000003,-0.2918475,10.518674400000002,0.8109073213545432,1,-0.057549789766575495,1.5539755185571615,1,1.7287256236085595
7.562,0.2230794,-0.2918475,10.572531300000001,0.8113096279628795,1,0.026820440555751595,1.5661421456770426,1,1.7521265060903168
7.578,0.24103170000000002,-0.31284090000000003,10.572531300000001,0.8117263597362943,1,0.026045735838420268,1.579126433578636,1,1.7772886547243623
7.593,0.19011780000000003,-0.344331,10.654837200000001,0.8141375622008056,1,0.16074683096742473,1.591320412993164,1,1.8010670060736502
7.609,0.145188,-0.3936753,10.654837200000001,0.8165143748197057,1,0.14855078868125635,1.604365628489328,1,1.8266324944055101
7.64,0.173637,-0.3248091,10.6024518,0.8175100712150574,1,0.03211923855973213,1.6296930074028666,1,1.8767604032618386
7.656,0.173637,-0.32932170000000005,10.611477,0.8187048668727659,1,0.07467472860678274,1.6427827269075692,1,1.9029402091363221
7.672,0.113796,-0.32932170000000005,10.6024518,0.8196307571849761,1,0.0578681445131401,1.6558894119000311,1,1.929329586246783
7.687,0.11673900000000001,-0.347274,10.6024518,0.8205488078629664,1,0.06120337853267922,1.6681907586378912,1,1.9542601875258183
7.703,0.11673900000000001,-0.33824879999999996,10.629429300000002,0.822094969178524,1,0.09663508222235154,1.6813319088542231,1,1.9810563688657552
7.718,0.173637,-0.33824879999999996,10.6249167,0.823512370221211,1,0.09449340284580607,1.693673963899721,1,2.0063689129114093
7.734,0.1571562,-0.3173535,10.6249167,0.8248732326974046,1,0.0850539047621001,1.7068610487230698,1,2.0335731930123915
7.75,0.1571562,-0.3248091,10.5230889,0.8237242354948524,1,-0.07181232515951479,1.7200498284686079,1,2.0609884800299247
7.765,0.17069399999999998,-0.3248091,10.560563100000001,0.8235218548399565,1,-0.013492043659724406,1.7324041741461187,1,2.0868818850495345
7.781,0.2514303,-0.30685680000000004,10.560563100000001,0.8233506538490207,1,-0.010700061933488483,1.7455791542156305,1,2.1147057516764285
7.797,0.19757340000000004,-0.30685680000000004,10.5814584,0.8236650598458759,1,0.019650374803448206,1.7587552799251898,1,2.142740427149555
7.812,0.19757340000000004,-0.32932170000000005,10.5919551,0.8242441070354971,1,0.03860314597474566,1.7711145986768004,1,2.169214451239071
7.828,0.2200383,-0.32932170000000005,10.5799869,0.8245281221615386,1,0.01775094537759257,1.7843047765103768,1,2.1976578062405685
7.859,0.1946304,-0.3173535,10.6009803,0.8252958767432581,1,0.024766276829662027,1.8098770484934008,1,2.2533676245281264
7.875,0.17510850000000003,-0.3487455,10.6069644,0.8262065015046911,1,0.056914047589562373,1.8230890675193845,1,2.2824313534562286
7.89,0.17510850000000003,-0.40417200000000003,10.587442500000002,0.8266671258620679,1,0.03070829049178835,1.835485619724635,1,2.309870663610558
7.906,0.1930608,-0.40417200000000003,10.554579000000002,0.8263232917061618,1,-0.02148963474413177,1.8487095430651808,1,2.339344224912877
7.937,0.1466595,-0.3652263,10.554579000000002,0.8259350499047482,1,-0.012523929077858266,1.8743195473601504,1,2.3970511758144704
7.953,0.1406754,-0.3847482,10.5470253,0.8253870986739429,1,-0.034246951925331864,1.887530124548778,1,2.427145973189742
7.968,0.1406754,-0.2814489,10.542610800000002,0.8246653656812857,1,-0.048115532843814965,1.8999055180314366,1,2.455551740509093
7.984,0.21258269999999999,-0.2814489,10.6009803,0.825413459303725,1,0.04675585140245793,1.9131061486313108,1,2.486055833842395
8.0,0.16166880000000003,-0.3218661,10.6009803,0.8261494344397331,1,0.0459984460005058,1.9263186517812527,1,2.5167712322456954
8.015,0.16166880000000003,-0.3278502,10.5470253,0.8255567390185323,1,-0.03951302808005003,1.9387064480821847,1,2.5457589204946722
8.031,0.1990449,-0.3278502,10.5500664,0.8250682027505913,1,-0.030533516746311634,1.9519114476163322,1,2.5768838636602602
8.047,0.18864630000000002,-0.3053853,10.5500664,0.824570491263227,1,-0.031106967960270432,1.9651085571684366,1,2.6082200236985384
8.062,0.18864630000000002,-0.3278502,10.5710598,0.8246130588140765,1,0.002837836723301963,1.97747743379401,1,2.6377894186307542
8.078,0.11821050000000001,-0.3278502,10.572531300000001,0.824665539353564,1,0.0032800337179672537,1.9906716625793452,1,2.6695346114017413
8.093,0.145188,-0.3338343,10.572531300000001,0.8247294962901819,1,0.004263795774524538,2.0030421253466697,1,2.6994874648111877
8.109,0.20355750000000003,-0.3262806,10.6099074,0.825720622654039,1,0.06194539774106994,2.0162457262982234,1,2.731641767624347
8.14,0.20355750000000003,-0.318825,10.587442500000002,0.826134474761437,1,0.013350067980579482,2.041849480308164,1,2.794542243326747
8.156,0.18266220000000002,-0.2889045,10.5589935,0.8258144943528283,1,-0.019998775538043728,2.055065072061078,1,2.827317559745701
8.172,0.18266220000000002,-0.34128990000000003,10.5934266,0.8263796936968273,1,0.035324958999938226,2.0682826255654754,1,2.8603043413267137
8.187,0.1107549,-0.34128990000000003,10.651894200000001,0.8283320600344499,1,0.1301577558415195,2.080692963718459,1,2.891421658246341
8.203,0.1392039,-0.3817071,10.651894200000001,0.8302783771721494,1,0.12164482110621477,2.0939618472161117,1,2.9248188967338176
8.218,0.1392039,-0.3338343,10.575474300000002,0.8302752122984476,1,-0.0002109915801184945,2.1064159991371416,1,2.956321730581468
8.234,0.2006145,-0.3338343,10.5770439,0.8303344309117282,1,0.003701163330038778,2.119700876282823,1,2.990130665584828
8.25,0.173637,-0.318825,10.5770439,0.8303692842234085,1,0.002178331980018376,2.1329865060039044,1,3.0241521646431218
8.265,0.21258269999999999,-0.3083283,10.626388200000001,0.8316158033619381,1,0.08310127590196872,2.145451394160795,1,3.0562404488943584
8.281,0.21258269999999999,-0.32932170000000005,10.5814584,0.8317521713889047,1,0.008523001685412084,2.158758337958802,1,3.090674126751315
8.297,0.16912439999999998,-0.32932170000000005,10.608435900000002,0.8325236941981355,1,0.04822017557692955,2.1720725448834983,1,3.1253207738140536
8.312,0.1915893,-0.2814489,10.608435900000002,0.8332521158576185,1,0.04856144396553373,2.1845658634589156,1,3.157995561876619
8.328,0.1915893,-0.318825,10.554579000000002,0.8326757760802561,1,-0.03602123608514859,2.1978932865944185,1,3.193055235077046
8.343,0.1631403,-0.318825,10.539569700000001,0.8317359704239369,1,-0.0626537104212801,2.2103763746932006,1,3.2261172575367043
8.359,0.19610190000000002,-0.2963601,10.539569700000001,0.8308167984524513,1,-0.05744824821785061,2.2236767968442117,1,3.261589682909004
8.375,0.19610190000000002,-0.287433,10.6069644,0.831556902226092,1,0.046256485852547116,2.2369757864496402,1,3.297274903575355
8.406,0.1586277,-0.287433,10.5710598,0.8313883775172535,1,-0.005436280930275596,2.2627514382856626,1,3.3670206755587535
8.422,0.18413369999999998,-0.34128990000000003,10.548594900000001,0.8307255283539696,1,-0.0414280727052407,2.2760483495326325,1,3.4033310738613
8.437,0.1586277,-0.41908320000000004,10.548594900000001,0.8301370781750368,1,-0.03923001192885857,2.288504819081599,1,3.4375652226259037
8.453,0.1586277,-0.3592422,10.5949962,0.8306401365716152,1,0.03144114978614884,2.3017910367995724,1,3.474287589472953
8.468,0.18413369999999998,-0.3592422,10.5665472,0.8304476073796696,1,-0.01283527946303734,2.3142491948792077,1,3.508907891210545
8.484,0.2365191,-0.3143124,10.5665472,0.8302502862297132,1,-0.012332571872275534,2.327534778028083,1,3.5460421629938037
8.5,0.1915893,-0.40113090000000007,10.5560505,0.829851435828779,1,-0.024928150058389754,2.340815591804551,1,3.583388965952465
8.515,0.20208600000000002,-0.3547296,10.5560505,0.8294265977983013,1,-0.028322535365176187,2.3532601770567543,1,3.618594534218926
8.547,0.20208600000000002,-0.2858634,10.629429300000002,0.8307499398034022,1,0.04135443765940213,2.3798230016583815,1,3.6943238650783683
8.562,0.23053500000000002,-0.2858634,10.5949962,0.8312157883648315,1,0.031056570761954692,2.392287744619642,1,3.7301146956754505
8.578,0.205029,-0.33824879999999996,10.5335856,0.8301983326551294,1,-0.06359098185637618,2.4055790575878016,1,3.76849763009311
8.593,0.22455090000000003,-0.3622833,10.5335856,0.8292348724966079,1,-0.06423067723476798,2.4180248066264403,1,3.8046746590747182
8.609,0.22455090000000003,-0.3278502,10.6129485,0.8302017354247777,1,0.060428933010614416,2.4313002994898114,1,3.843469259923648
8.625,0.1915893,-0.3278502,10.5530094,0.8296682762724785,1,-0.03334119701869917,2.4445792595833895,1,3.882476296396234
8.64,0.1870767,-0.2948886,10.5530094,0.8291221484836964,1,-0.03640851925214249,2.457020187769061,1,3.9192382922513787
8.656,0.1870767,-0.2889045,10.587442500000002,0.8294246928156337,1,0.0189090207460829,2.470288562499456,1,3.958656762253527
8.672,0.1990449,-0.2889045,10.5919551,0.8298351811112745,1,0.025655518477551962,2.483562641490871,1,3.9982875718854496
8.687,0.16765290000000002,-0.2679111,10.5919551,0.8302089583209682,1,0.024918480646246733,2.496012972536612,1,4.035634388990653
8.718,0.1781496,-0.3023442,10.4902254,0.8281205542112655,1,-0.06736787450653678,2.521717079980862,1,4.113409204804675
8.734,0.18109260000000002,-0.3547296,10.596467700000002,0.8287137334294705,1,0.03707370113781302,2.534971754281988,1,4.153862715478778
8.75,0.1511721,-0.258984,10.596467700000002,0.8292134218469354,1,0.031230526091552385,2.5482351715241993,1,4.1945283708852275
8.765,0.1511721,-0.2889045,10.6278597,0.8304850781502786,1,0.08477708688954674,2.560682910274179,1,4.232845256498717
8.781,0.1946304,-0.2889045,10.548594900000001,0.8298107115319961,1,-0.04214791364265388,2.5739652765916374,1,4.273922441993643
8.812,0.18864630000000002,-0.3143124,10.6218756,0.8309541147518047,1,0.036883974832535214,2.599707131399035,1,4.354114364317495
8.828,0.1646118,-0.3143124,10.6218756,0.8320598877805896,1,0.06911081429905591,2.6130112434192942,1,4.395816111316042
8.843,0.1856052,-0.32932170000000005,10.6218756,0.8331582116771976,1,0.07322159310719871,2.6255003791652283,1,4.435104948485427
8.859,0.1856052,-0.32333760000000006,10.554579000000002,0.8325849020181924,1,-0.035831853687828784,2.6388263240747913,1,4.4772195621113475
8.875,0.19757340000000004,-0.32333760000000006,10.641397500000002,0.8341470431181026,1,0.09763381874439139,2.6521601796358816,1,4.5195474541410325
8.89,0.2006145,-0.2798793,10.5380982,0.8331242810809876,1,-0.068184135807667,2.664664714567375,1,4.559423640847559
8.906,0.17667810000000003,-0.3202965,10.5380982,0.8321440750732325,1,-0.06126287548469106,2.677986861416609,1,4.602164853455431
8.922,0.17667810000000003,-0.29783160000000003,10.596467700000002,0.8325945985622507,1,0.02815771806363718,2.6913047708056927,1,4.6451191865132095
8.953,0.1661814,-0.29783160000000003,10.5694902,0.8323723476186622,1,-0.00716938527704931,2.717111758471496,1,4.728949642717002
8.968,0.18109260000000002,-0.3098979,10.5694902,0.8321699451283493,1,-0.013493499354192277,2.729595825667099,1,4.769799949598044
8.984,0.18109260000000002,-0.3143124,10.575474300000002,0.8321215246527682,1,-0.0030262797238167468,2.742910157425348,1,4.813579997462783
9.0,0.142245,-0.3143124,10.5530094,0.8315121762254769,1,-0.03808427670570765,2.756219227032374,1,4.857573032538445
9.015,0.16166880000000003,-0.34128990000000003,10.5530094,0.8309449343263857,1,-0.037816126606077666,2.7686876553615134,1,4.899009834156401
9.031,0.16166880000000003,-0.3547296,10.539569700000001,0.8300747564834037,1,-0.054386115186377766,2.7819758128879917,1,4.943415141902397
9.047,0.18109260000000002,-0.3083283,10.5949962,0.8305490165446212,1,0.02964125382609592,2.7952608030722157,1,4.988033034830079
9.062,0.20954160000000002,-0.3083283,10.5201459,0.8292000132166049,1,-0.08993355520109735,2.807708920795424,1,5.030055307759083
9.078,0.20954160000000002,-0.4027005000000001,10.5201459,0.8279616368166387,1,-0.07739852499788473,2.82096621399569,1,5.075084708837412
9.093,0.20954160000000002,-0.344331,10.551537900000001,0.8274680592777237,1,-0.03290516926099815,2.833381936716398,1,5.117492319967755
9.109,0.2290635,-0.344331,10.6009803,0.8282014002634632,1,0.04583381160871976,2.8466272923927276,1,5.162932393800628
9.125,0.1781496,-0.3083283,10.6009803,0.8288660070459422,1,0.041537923904932904,2.859883831651203,1,5.20858448279298
9.14,0.1781496,-0.35777070000000005,10.6069644,0.82969811585202,1,0.05547392040518918,2.872323062572938,1,5.251576034499663
9.156,0.2649681,-0.35777070000000005,10.6338438,0.8312091449974073,1,0.09443932158670335,2.8856103206597337,1,5.297639501565524
9.172,0.19011780000000003,-0.36826739999999997,10.6024518,0.8318879439667111,1,0.04242493558148649,2.8989150973714466,1,5.343915704909774
9.203,0.1497006,-0.3487455,10.472175,0.8293428875154287,1,-0.08209859520265912,2.924664175259419,1,5.434181183635549
9.218,0.18109260000000002,-0.3487455,10.596467700000002,0.8299014123357118,1,0.03723498801886981,2.9371085075083028,1,5.478144478756309
9.234,0.11526750000000001,-0.33824879999999996,10.596467700000002,0.8304155837660971,1,0.03213571439908411,2.9503910434771172,1,5.525244475164192
9.25,0.11526750000000001,-0.3248091,10.554579000000002,0.8298858308594639,1,-0.033109556664578904,2.963673454794122,1,5.572556991150362
9.265,0.16019730000000001,-0.3248091,10.548594900000001,0.8292374233020645,1,-0.04322717049328945,2.976116879200334,1,5.617105418655322
9.281,0.15421320000000002,-0.31284090000000003,10.548594900000001,0.8285938389388274,1,-0.040224022702317584,2.9893795292982612,1,5.6648293899233115
9.297,0.15421320000000002,-0.2889045,10.5680187,0.8284228319339171,1,-0.01068793780689691,3.0026356626652433,1,5.712765511459019
9.312,0.1332198,-0.2889045,10.6099074,0.8292702506286762,1,0.056494579650613067,3.0150683607844617,1,5.757898291634889
9.328,0.18109260000000002,-0.3503151,10.6099074,0.8301593800763971,1,0.05557059048255648,3.0283437978301024,1,5.806245588903805
9.343,0.18109260000000002,-0.29783160000000003,10.557522,0.8297107477100525,1,-0.02990882442297391,3.040792823788501,1,5.851764113565947
9.375,0.1497006,-0.31284090000000003,10.599410700000002,0.8302927778397127,1,0.01818844155188069,3.0673528801972973,1,5.94949444482972
9.39,0.20954160000000002,-0.3173535,10.599410700000002,0.8308886013493311,1,0.03972156730789172,3.0798117405412158,1,5.995598179485261
9.406,0.20954160000000002,-0.3173535,10.575474300000002,0.8308864541923899,1,-0.00013419730882091574,3.0931059409855495,1,6.044981520937474
9.422,0.2544714,-0.3173535,10.572531300000001,0.8308366562377572,1,-0.0031123721645487353,3.106399725868991,1,6.094577566272311
9.437,0.17069399999999998,-0.36826739999999997,10.572531300000001,0.8307872526414908,1,-0.0032935730844251337,3.118861905185584,1,6.141267028505217
9.453,0.17069399999999998,-0.36375480000000004,10.6158915,0.8317920525089164,1,0.06279999171410194,3.1321625396267874,1,6.191275224063716
9.468,0.19610190000000002,-0.36375480000000004,10.554579000000002,0.8312887545596279,1,-0.033553196619231715,3.144635645679802,1,6.2383512104535175
9.5,0.1721655,-0.3338343,10.596467700000002,0.8317844863356161,1,0.015491617999630045,3.171244817534126,1,6.33940529786494
9.515,0.11526750000000001,-0.3218661,10.530642600000002,0.8306356398422352,1,-0.07658976622538863,3.18371296848046,1,6.387067481260051
9.531,0.1870767,-0.3218661,10.4886558,0.8285165158931775,1,-0.13244524681610403,3.1969861857263435,1,6.438113074493706
9.547,0.1631403,-0.2948886,10.4886558,0.8264200022206634,1,-0.13103210453213598,3.210225677871254,1,6.489370769402487
9.562,0.1631403,-0.3173535,10.5890121,0.8268369187261317,1,0.027794433697894156,3.2226251047783543,1,6.537617150272355
9.578,0.16019730000000001,-0.3173535,10.5979392,0.8274601828910999,1,0.03895401031051012,3.235859481591292,1,6.589285026963312
9.593,0.1721655,-0.2664396,10.5979392,0.8280386350401994,1,0.03856347660662934,3.2482757227257775,1,6.637916040995692
9.609,0.1721655,-0.31136939999999996,10.4812002,0.8257871652213407,1,-0.14071686367866917,3.2615063291278696,1,6.6899942974105215
9.625,0.17069399999999998,-0.31136939999999996,10.529073,0.8247569854289374,1,-0.06438623702520457,3.274710682333072,1,6.742284033502209
9.64,0.20355750000000003,-0.36071369999999997,10.529073,0.8238045530566271,1,-0.06349549148734701,3.2870748938717145,1,6.791497425323747
9.672,0.20355750000000003,-0.33824879999999996,10.5440823,0.8232230012428268,1,-0.018173494181261667,3.313427334740506,1,6.8971054609815425
9.687,0.19757340000000004,-0.3487455,10.5380982,0.8225153454638399,1,-0.04717705193246408,3.3257703723408047,1,6.946899443784648
9.703,0.2350476,-0.3487455,10.4797287,0.8204211890033779,1,-0.1308847787788724,3.3389138646165426,1,7.000216917680307
9.718,0.19757340000000004,-0.36375480000000004,10.4797287,0.8183716933955996,1,-0.13663304051855082,3.3512048112345356,1,7.0503928077491915
9.734,0.19757340000000004,-0.33530580000000004,10.473744600000002,0.8162032065060103,1,-0.13553043059932868,3.3642814104337484,1,7.104116697522538
9.75,0.1482291,-0.33530580000000004,10.5111207,0.8149788109373564,1,-0.07652472304087159,3.3773308665732955,1,7.158049595738595
9.765,0.1946304,-0.3248091,10.454222699999999,0.8124078393547922,1,-0.17139810550426957,3.389536266450487,1,7.2088010992362745
9.781,0.20208600000000002,-0.3248091,10.4587353,0.8100130122473423,1,-0.14967669421561677,3.402515633263304,1,7.263137514433985
9.812,0.10477080000000001,-0.3427614,10.4587353,0.8076557631784045,1,-0.07604029254638554,3.4275894992824023,1,7.369004143988439
9.828,0.1856052,-0.2889045,10.4602068,0.8053795875553558,1,-0.14226097644054456,3.4404937820882724,1,7.423948810239405
9.843,0.1856052,-0.261927,10.4197896,0.8021562927695047,1,-0.21488631905672775,3.4525503011907093,1,7.475646640863999
9.859,0.1781496,-0.261927,10.4213592,0.7990467075814127,1,-0.1943490742557506,3.4653599251935168,1,7.530989922675073
9.875,0.21258269999999999,-0.2394621,10.4213592,0.7960155280343031,1,-0.18944872169435173,3.4781204230784426,1,7.586537765461249
9.89,0.21258269999999999,-0.2889045,10.4138055,0.7929047060508996,1,-0.2073881322268929,3.490037324834082,1,7.638798948570595
9.906,0.1466595,-0.2889045,10.3883976,0.7892226349180049,1,-0.23012944580591535,3.502694343561833,1,7.694740801917762
9.922,0.16166880000000003,-0.29783160000000003,10.3883976,0.7856419459572646,1,-0.22379306004627322,3.515293260208835,1,7.7508847027479275
9.937,0.16166880000000003,-0.3218661,10.3704453,0.7817284678787697,1,-0.26089853856634415,3.5270485383126045,1,7.803702266236834
9.953,0.21258269999999999,-0.3218661,10.3479804,0.7773852883091337,1,-0.271448723102252,3.5395214483621076,1,7.860234826130232
9.968,0.1631403,-0.4235958000000001,10.3479804,0.7732154639600228,1,-0.2779882899407121,3.5511509540041266,1,7.913414869147981
9.984,0.1631403,-0.36071369999999997,10.295595000000002,0.767812515294592,1,-0.33768429158942376,3.5634791778381634,1,7.970331910202719
10.0,0.142245,-0.34128990000000003,10.328556599999999,0.7633210776763022,1,-0.28071485114311545,3.5757282465819307,1,8.02744556959808
10.015,0.17510850000000003,-0.34128990000000003,10.259690400000002,0.7572729947827526,1,-0.4032055262366269,3.587132702125374,1,8.081167026713388
10.047,0.18266220000000002,-0.37572300000000003,10.259690400000002,0.7514049599725574,1,-0.18337608781859843,3.611271549401459,1,8.196341494737817
10.062,0.17069399999999998,-0.40113090000000007,10.1803275,0.7437645450368198,1,-0.5093609957158836,3.6224853206890284,1,8.250594671263492
10.078,0.17510850000000003,-0.40417200000000003,10.1803275,0.7363152396344965,1,-0.4655815876452026,3.6343259589663988,1,8.308649161500735
10.093,0.17510850000000003,-0.35777070000000005,10.2177036,0.7299162260469672,1,-0.426600905835275,3.64532269495901,1,8.363246526405177
10.109,0.1287072,-0.35777070000000005,10.2162321,0.7236206070456355,1,-0.3934761875832301,3.656950989623751,1,8.421664715881839
10.125,0.17069399999999998,-0.37572300000000003,10.2162321,0.7175092409976287,1,-0.38196037800042293,3.6684800284080974,1,8.480268164026095
10.14,0.2065986,-0.35777070000000005,10.1159739,0.7091040791086609,1,-0.5603441259311642,3.679179628308895,1,8.535375611451474
10.156,0.2065986,-0.31136939999999996,10.1997513,0.7029084889995083,1,-0.38722438182203744,3.6904757288537606,1,8.594332854308776
10.172,0.18864630000000002,-0.31136939999999996,10.100964600000001,0.6944476493255891,1,-0.5288024796199493,3.7016545779603613,1,8.653469896763289
10.187,0.19011780000000003,-0.2394621,10.100964600000001,0.6861460499843517,1,-0.5534399560825393,3.712009030705185,1,8.709072373828276
10.203,0.19011780000000003,-0.3039138,10.056132900000001,0.6769964228740353,1,-0.5718516943947755,3.7229141704880524,1,8.768551759437822
10.218,0.1781496,-0.3039138,10.0875249,0.6688298063634228,1,-0.5444411007074764,3.7330078672073337,1,8.82447117472054
10.25,0.258984,-0.2889045,10.0875249,0.6608943153669085,1,-0.24798409364107354,3.754283453155019,1,8.944267835846338
10.265,0.1946304,-0.2604555,10.0216998,0.6514935707239555,1,-0.6267163095301715,3.7641263623007006,1,9.000655909462258
10.281,0.1930608,-0.2738952,10.0216998,0.6423301066872931,1,-0.5727165022914033,3.7744769517199908,1,9.060964735974425
10.297,0.173637,-0.290376,10.0576044,0.6342680144930704,1,-0.5038807621389192,3.7846897366894336,1,9.1214380694817
10.312,0.173637,-0.33530580000000004,9.9827541,0.6246123011497833,1,-0.6437142228858569,3.7941313390567544,1,9.178279227549792
10.328,0.1437165,-0.33530580000000004,10.0440666,0.6166749366728936,1,-0.49608527980560213,3.804061636959336,1,9.23906477135792
10.343,0.1272357,-0.2814489,10.0440666,0.6088854402837214,1,-0.5192997592781308,3.813253339786511,1,9.296194633683516
10.359,0.1272357,-0.33824879999999996,9.991681200000002,0.6000517825733063,1,-0.552103606900944,3.822924837569367,1,9.357284059102364
10.375,0.10477080000000001,-0.33824879999999996,9.951264,0.5904420582348777,1,-0.6006077711517838,3.8324487882958325,1,9.418527048109285
10.39,0.1571562,-0.40868460000000006,9.951264,0.5811479412744909,1,-0.6196077973590995,3.841235713292153,1,9.476079681871196
10.406,0.1571562,-0.3562992,9.9378243,0.5717038960343377,1,-0.5902528275095736,3.850458527990624,1,9.537613235801459
10.422,0.1646118,-0.3562992,9.9213435,0.5620914778849055,1,-0.6007761343395085,3.8595288909819776,1,9.59929313515324
10.437,0.1990449,-0.2843919,9.9213435,0.5526723004718921,1,-0.6279451608676144,3.867889619319653,1,9.657248773980497
10.468,0.21552570000000001,-0.31136939999999996,9.9633303,0.5445343204230557,1,-0.2625154854463295,3.884896321943526,1,9.777416956070079
10.484,0.21552570000000001,-0.38621970000000005,9.9693144,0.5368044942326513,1,-0.48311413690027516,3.8935470324607793,1,9.839644502905314
10.5,0.2858634,-0.38621970000000005,9.8704296,0.5268972946794097,1,-0.6191999720775992,3.902056646772083,1,9.902009332339176
10.515,0.21709530000000002,-0.34128990000000003,9.8704296,0.5171486992560919,1,-0.6499063615544988,3.9098869917266064,1,9.960598909627919
10.531,0.21709530000000002,-0.3847482,9.883967400000001,0.5080066827141625,1,-0.5713760338705848,3.918088234782376,1,10.02322271143999
10.547,0.2065986,-0.3847482,9.8196138,0.49751410012575903,1,-0.655786411775216,3.926132401045102,1,10.08597647652661
10.562,0.1856052,-0.38621970000000005,9.8196138,0.4872686261149539,1,-0.6830316007203957,3.9335182714919132,1,10.144923856570633
10.578,0.1856052,-0.38023560000000006,9.842078700000002,0.4778147685644747,1,-0.5908660969049512,3.941238938649355,1,10.207921914251763
10.593,0.1437165,-0.3262806,9.8016615,0.46754208037226697,1,-0.684845879480489,3.948329115016387,1,10.267093674654259
10.609,0.1437165,-0.3262806,9.8016615,0.45751994555060094,1,-0.6263834263541262,3.9557296112237768,1,10.33032614446418
10.64,0.18109260000000002,-0.3487455,9.848062800000001,0.4489070350052575,1,-0.2778358240433306,3.969779229422405,1,10.453171531494199
10.656,0.1781496,-0.3487455,9.7866522,0.43900625801000714,1,-0.6187985622031483,3.9768825357665336,1,10.51674482561571
10.672,0.1721655,-0.3143124,9.7866522,0.42931592415969,1,-0.605645865644821,3.9838291132238974,1,10.580430518807633
10.687,0.1721655,-0.2769363,9.7821396,0.4197244174624135,1,-0.6394337798184839,3.9901969157860684,1,10.640235714025202
10.703,0.1377324,-0.2769363,9.7627158,0.4098800399296607,1,-0.6152735957970495,3.996833751445211,1,10.704131959363053
10.718,0.19011780000000003,-0.3891627,9.7627158,0.40039051661754854,1,-0.6326348874741207,4.0029107806193185,1,10.76413004335354
10.734,0.19011780000000003,-0.34128990000000003,9.683352900000001,0.3891546827946524,1,-0.7022396139310099,4.009227142214616,1,10.82822714673621
10.75,0.0928026,-0.34128990000000003,9.678840300000001,0.378048255195532,1,-0.694151724945024,4.015364765718537,1,10.892423881999676
10.765,0.1646118,-0.3039138,9.678840300000001,0.36720562642634214,1,-0.7228419179459622,4.020954169830702,1,10.952696274016297
10.781,0.2200383,-0.2889045,9.678840300000001,0.35664309299796493,1,-0.6601583392735749,4.026744959586097,1,11.017077867051631
10.812,0.2200383,-0.3367773,9.752219100000001,0.34816408759337314,1,-0.2735163033739392,4.037669470885262,1,11.142076290723931
10.828,0.20208600000000002,-0.3367773,9.831582000000001,0.341816543906452,1,-0.39672148043257105,4.04318931593726,1,11.206723161018513
10.843,0.2575125,-0.2738952,9.831582000000001,0.3356077966185076,1,-0.41391648586294466,4.048269998491198,1,11.267409105876729
10.859,0.2575125,-0.290376,9.830012400000001,0.3295237556634305,1,-0.3802525596923175,4.0535910509094535,1,11.332223994271933
10.875,0.2484873,-0.290376,9.8105886,0.3231090519242361,1,-0.4009189836996493,4.058812113370155,1,11.39712321958617
10.89,0.21709530000000002,-0.36973890000000004,9.821085300000002,0.31715349144759486,1,-0.3970373651094018,4.063614082445444,1,11.45804141605479
10.906,0.2140542,-0.36973890000000004,9.800091900000002,0.3108300126526107,1,-0.3952174246865111,4.068637950478245,1,11.52309943231818
10.922,0.1377324,-0.2963601,9.800091900000002,0.3045666027075562,1,-0.39146312156590446,4.073561123401126,1,11.588237024909215
10.937,0.0748503,-0.3652263,9.821085300000002,0.29900765904631044,1,-0.37059624408308073,4.07808793036428,1,11.649374392812451
10.953,0.0748503,-0.41466870000000006,9.7342668,0.29151658027998373,1,-0.4681924228954189,4.08281212427889,1,11.714661593249597
10.968,0.1781496,-0.41466870000000006,9.7417224,0.2844225684438353,1,-0.47293412240987803,4.087131667894319,1,11.775936171690898
10.984,0.1078119,-0.43262100000000003,9.7417224,0.2774954498958735,1,-0.4329449092476119,4.0916270120410365,1,11.84136624113038
11.0,0.1078119,-0.3218661,9.7507476,0.27085275725996105,1,-0.4151682897445271,4.0960137976982836,1,11.906867367608296
11.031,0.1392039,-0.3218661,9.6623595,0.26222737192050793,1,-0.27823823675654696,4.104276539700581,1,12.03397186783798
11.047,0.1631403,-0.37425150000000007,9.6623595,0.253867478367086,1,-0.52249334708887,4.108405298502881,1,12.099673322543609
11.062,0.1631403,-0.35777070000000005,9.6773688,0.24606204925163055,1,-0.5203619410304055,4.112154769960021,1,12.161327523057075
11.078,0.20954160000000002,-0.35777070000000005,9.6594165,0.2380313105845815,1,-0.5019211666905661,4.116027516838711,1,12.227152981351464
11.093,0.1796211,-0.2604555,9.6594165,0.23010585276315432,1,-0.5283638547617915,4.119538545563819,1,12.288919726819486
11.109,0.20954160000000002,-0.258984,9.7132734,0.22370023335994027,1,-0.4003512127008776,4.123168994252804,1,12.354861387138019
11.125,0.20954160000000002,-0.2649681,9.708858900000001,0.21734717709087548,1,-0.3970660168165493,4.126697373536411,1,12.420860318080333
11.14,0.205029,-0.287433,9.719257500000001,0.21141575972569804,1,-0.39542782434514756,4.129913095562535,1,12.482784896598577
11.156,0.205029,-0.29783160000000003,9.7327953,0.2059666044735593,1,-0.3405722032586708,4.133252154476129,1,12.548890218598887
11.172,0.20954160000000002,-0.29783160000000003,9.743193900000001,0.20090614514513305,1,-0.3162787080266402,4.136507136473079,1,12.615048292926481
11.187,0.13469129999999999,-0.33530580000000004,9.743193900000001,0.19596656052218187,1,-0.32930564153010566,4.139483681765584,1,12.677118224063266
11.218,0.13469129999999999,-0.39818790000000004,9.6429357,0.18876211204330673,1,-0.23240156383467744,4.145446976190349,1,12.805534649261585
11.234,0.1406754,-0.39818790000000004,9.641464200000001,0.18169960791268913,1,-0.44140650816359944,4.148410669949997,1,12.871885510430708
11.25,0.2140542,-0.35777070000000005,9.634008600000001,0.17462196903609595,1,-0.4423524297870736,4.151261242565587,1,12.938282885730834
11.265,0.1437165,-0.318825,9.634008600000001,0.16765179732444224,1,-0.4646781141102294,4.153828295813291,1,13.000571057268678
11.281,0.1437165,-0.34128990000000003,9.629496000000001,0.16076040621983267,1,-0.4307119440380976,4.156455593441645,1,13.067053328382718
11.297,0.16166880000000003,-0.34128990000000003,9.4917636,0.1506873265900044,1,-0.6295674768642673,4.1589471753041245,1,13.133576550532684
11.312,0.19011780000000003,-0.3427614,9.4917636,0.14087407183568246,1,-0.6542169836215148,4.161133885792317,1,13.195977158490903
11.328,0.19011780000000003,-0.22455090000000003,9.4947066,0.13128580582562677,1,-0.5992666256284801,4.163311164813607,1,13.26257271889575
11.343,0.1796211,-0.22455090000000003,9.5111874,0.12232820427498581,1,-0.5971734367093746,4.165213269889362,1,13.325036652156026
11.359,0.1392039,-0.2814489,9.5111874,0.11360946297170216,1,-0.5449213314552277,4.167100771227336,1,13.39169516448496
11.375,0.1392039,-0.3532581,9.535123800000001,0.10574512514583034,1,-0.49152111411698796,4.168855607932276,1,13.458382815518236
11.39,0.22455090000000003,-0.3532581,9.4857795,0.09690991618921174,1,-0.5890139304412177,4.170375520742288,1,13.520927048983298
11.406,0.1946304,-0.3278502,9.433394100000001,0.08697520536288472,1,-0.6209194266454382,4.171846601714705,1,13.587664825962953
11.422,0.20208600000000002,-0.33530580000000004,9.433394100000001,0.07729301137299949,2,-0.6051371243678266,4.173160747448592,1,13.65442488475626
11.437,0.20208600000000002,-0.3532581,9.437906700000001,0.06797289554876151,2,-0.6213410549492483,4.174250241750506,1,13.717030467175249
11.453,0.24397470000000002,-0.3532581,9.3899358,0.0577354123664815,2,-0.6398426988925004,4.175255908213828,1,13.783826516374964
11.484,0.24397470000000002,-0.3907323,9.3899358,0.04778379281366796,2,-0.3210199855746243,4.17689145589412,1,13.913284800518639
11.5,0.24397470000000002,-0.3083283,9.4319226,0.03902333443188333,2,-0.547528648861539,4.177585912912084,1,13.980120619469089
11.515,0.2200383,-0.3083283,9.4183848,0.030132273198228532,2,-0.5927374155769639,4.17810457996931,1,14.042788298165702
11.531,0.1946304,-0.3098979,9.4183848,0.021445691187562232,2,-0.5429113756666433,4.178517203684397,1,14.109641272434931
11.547,0.1930608,-0.3262806,9.3525597,0.011379492223582588,2,-0.6291374352487272,4.178779805151686,1,14.17649964850562
11.562,0.1511721,-0.2948886,9.297133200000001,0.00016360088300615416,2,-0.7477260893718225,4.178866378349985,1,14.239181994881879
11.578,0.15568469999999998,-0.2738952,9.297133200000001,-0.010792570133181911,2,-0.6847606885117535,4.178781346595984,1,14.306043176681447
11.593,0.15568469999999998,-0.3023442,9.3510882,-0.0201449262302269,2,-0.6234904064696424,4.1785493153732585,1,14.368723156646219
11.609,0.09133110000000001,-0.3023442,9.280652400000001,-0.03100685424110239,2,-0.6788705006797174,4.178140101129488,1,14.435576671978241
11.625,0.18413369999999998,-0.35178660000000006,9.280652400000001,-0.041527823795256325,2,-0.6575605971346205,4.177559823705197,1,14.502422271376918
11.64,0.18413369999999998,-0.318825,9.2222829,-0.05324372599206484,2,-0.7810601464538713,4.176849037081792,1,14.565080337832823
11.656,0.205029,-0.318825,9.318126600000001,-0.06232743100773419,2,-0.567731563479334,4.175924467825793,1,14.631902525872084
11.687,0.1646118,-0.2858634,9.318126600000001,-0.07123518705868648,2,-0.2873469693855687,4.173854247245764,1,14.761324095955688
11.703,0.1646118,-0.34580249999999996,9.2911491,-0.08053359699585805,3,-0.5811506210732226,4.1726400969733275,1,14.82809605070944
11.718,0.17069399999999998,-0.34580249999999996,9.2777094,-0.08993005708124002,3,-0.6264306723587746,4.171361619567749,1,14.8906760635835
11.734,0.23347800000000002,-0.3951468000000001,9.2463174,-0.09978072669798621,3,-0.6156668510466362,4.169843933297515,1,14.957405708006423
11.75,0.16912439999999998,-0.36826739999999997,9.2463174,-0.10945230508368553,3,-0.6044736491062069,4.168170069043262,1,15.02410982002515
11.765,0.16912439999999998,-0.3622833,9.207371700000001,-0.11984275634127428,3,-0.6926967505058905,4.166450356082574,1,15.086619473213595
11.781,0.1212516,-0.3622833,9.2582856,-0.12875743660924144,3,-0.5571675167479468,4.1644615545389705,1,15.153266768498568
11.797,0.2425032,-0.39671639999999997,9.2582856,-0.137362261527338,3,-0.5378015573810342,4.162332596953878,1,15.219881121710511
11.812,0.2425032,-0.40417200000000003,9.178922700000001,-0.1476825127464334,3,-0.6880167479397494,4.160194761146824,1,15.282300076896261
11.828,0.1781496,-0.37866600000000006,9.1594989,-0.1582867297279975,3,-0.6627635613477562,4.157747007207029,1,15.348843611043092
11.843,0.1781496,-0.2934171,9.150473700000001,-0.16892849574827018,3,-0.709451068018151,4.155292893015957,1,15.411191410294768
11.875,0.16912439999999998,-0.3487455,9.0471744,-0.1817847786126645,3,-0.4017588395123225,4.149681480626183,1,15.544071000273043
11.89,0.1646118,-0.3487455,9.014212800000001,-0.19513273121538965,3,-0.8898635068483092,4.146854599302472,1,15.60629502087251
11.906,0.2080701,-0.3487455,9.014212800000001,-0.2081332337495656,3,-0.8125314083859961,4.143628471582752,1,15.672618885439592
11.922,0.2080701,-0.290376,9.108585,-0.21856710050388983,3,-0.6521166721452637,4.140214868908725,1,15.738889632163524
11.937,0.20954160000000002,-0.290376,9.0846486,-0.2293290234088623,3,-0.7174615269982221,4.136855647979379,1,15.800967661040179
11.953,0.18266220000000002,-0.31136939999999996,9.0846486,-0.23982565635079744,3,-0.6560395588709461,4.133102410541302,1,15.867127325508344
11.968,0.18266220000000002,-0.290376,9.0502155,-0.25092245038930727,3,-0.7397862692339604,4.129421799740752,1,15.929096257085462
11.984,0.1856052,-0.290376,9.0038142,-0.2628780467006244,3,-0.7472247694573213,4.125311395764032,1,15.9951341226495
12.0,0.1511721,-0.3503151,9.0038142,-0.2745057653375671,3,-0.7267324148089165,4.121012325267727,1,16.061104712417755
12.031,0.18266220000000002,-0.3532581,9.0502155,-0.2847022116587201,3,-0.3289176232629944,4.112344601624284,1,16.188721744784583
12.047,0.16765290000000002,-0.3532581,9.0038142,-0.2957877212942268,3,-0.6928443522191678,4.107700682160661,1,16.254482107054862
12.062,0.16912439999999998,-0.3083283,9.0038142,-0.30664240834778944,3,-0.7236458035709001,4.103182456188346,1,16.316063730592475
12.078,0.16912439999999998,-0.290376,8.988804900000002,-0.3176127193751892,3,-0.6856444392124844,4.098188415166562,1,16.381674697563316
12.093,0.2274939,-0.290376,9.018725400000001,-0.32755492121426855,3,-0.6628134559385979,4.093349657862141,1,16.443111233111033
12.109,0.1437165,-0.33530580000000004,9.018725400000001,-0.33725866639392166,3,-0.6064840737283189,4.088031149161275,1,16.50856227956722
12.125,0.1437165,-0.315882,9.014212800000001,-0.3468528068892418,3,-0.5996337809575086,4.08255825737501,1,16.57392699481951
12.14,0.21101310000000004,-0.315882,8.9813493,-0.35698150958815056,3,-0.6752468465938913,4.0772795000014295,1,16.635125777999836
12.156,0.1915893,-0.33530580000000004,8.9813493,-0.36685662047936596,3,-0.6171944307009619,4.07148879496089,1,16.700315924359533
12.172,0.1915893,-0.2784078,8.9019864,-0.37847254976679956,3,-0.7259955804645994,4.06552616159892,1,16.76541204401201
12.187,0.21101310000000004,-0.2575125,9.0052857,-0.3872920331081975,3,-0.5879655560932424,4.059782927227358,1,16.826351862178203
12.203,0.24397470000000002,-0.2575125,8.976836700000002,-0.3965694511436446,3,-0.5798386272154449,4.053512035353344,1,16.89125822187885
12.218,0.19757340000000004,-0.3143124,8.976836700000002,-0.40560431384650464,3,-0.6023241801906455,4.047495732115918,1,16.95201578013487
12.25,0.19757340000000004,-0.3248091,9.014212800000001,-0.41349890909529385,3,-0.24670610152466277,4.034390080548849,1,17.081325953137508
12.265,0.2260224,-0.3248091,8.988804900000002,-0.4218037719142522,3,-0.5536575212638704,4.028125310441276,1,17.141794818569938
12.281,0.1526436,-0.3547296,8.988804900000002,-0.4299161802915563,3,-0.5070255235815053,4.02131155082363,1,17.206190313460056
12.297,0.1526436,-0.38023560000000006,9.0411903,-0.4365289421563965,3,-0.41329761655251,4.014379989844047,1,17.2704758457854
12.312,0.0673947,-0.38023560000000006,8.9933175,-0.4441722542664408,3,-0.5095541406696624,4.007774730870876,1,17.330642006190754
12.328,0.1406754,-0.39818790000000004,8.9933175,-0.4515895585297969,3,-0.46358151645975415,4.000608636368506,1,17.39470907312867
12.343,0.11978010000000001,-0.3907323,8.994789,-0.4588054391211056,3,-0.48105870608723056,3.993780673886118,1,17.45466699295558
12.359,0.16019730000000001,-0.3907323,8.955843300000002,-0.4667788423108341,3,-0.49833769935803085,3.9863759996346557,1,17.518508246343746
12.375,0.11526750000000001,-0.33226469999999997,8.955843300000002,-0.4746321168274399,3,-0.49082965728786077,3.978844711961543,1,17.582230012036515
12.39,0.11526750000000001,-0.3173535,9.0127413,-0.48092025133439087,3,-0.41920896713004957,3.971678069200323,1,17.641858932895232
12.406,0.1721655,-0.3173535,8.9933175,-0.48750627500310983,3,-0.41162647929493495,3.9639306569896156,1,17.705343802704753
12.422,0.21552570000000001,-0.3053853,8.9933175,-0.49391898583010807,3,-0.4007944266873894,3.956079254902943,1,17.768703881999894
12.453,0.21552570000000001,-0.2559429,8.96634,-0.500870425527479,3,-0.22423999023777919,3.9406600190268875,1,17.8911033407458
12.468,0.173637,-0.2559429,8.964868500000001,-0.5077103442247655,3,-0.45599457981908315,3.933095663253739,1,17.95015650836291
12.484,0.20954160000000002,-0.2529999,8.964868500000001,-0.5143667685449973,3,-0.4160265200144893,3.924919046351573,1,18.01302062603975
12.5,0.20954160000000002,-0.2948886,8.9858619,-0.5203180255852473,3,-0.3719535650156255,3.9166415679985236,1,18.07575311095455
12.515,0.2529999,-0.2829204,8.9993016,-0.5257787440107116,3,-0.3640478950309362,3.9087958422265463,1,18.13444389153124
12.531,0.1930608,-0.2829204,8.963397,-0.5320175619148841,3,-0.3899261190107858,3.900333471779134,1,18.196916926043286
12.547,0.21258269999999999,-0.344331,8.963397,-0.5380410865273113,3,-0.3764702882766976,3.8917730025915884,1,18.259253777838254
12.562,0.21258269999999999,-0.32932170000000005,9.0217665,-0.5425091430969964,3,-0.29787043797902896,3.8836688758694,1,18.317569591926706
12.578,0.1796211,-0.32932170000000005,8.991846,-0.5476148179758464,3,-0.319104679928128,3.8749478841808167,1,18.379638526007106
12.593,0.11978010000000001,-0.37425150000000007,8.991846,-0.5525774074736507,3,-0.3308392998536048,3.8666964424899453,1,18.437700858457138
12.609,0.11978010000000001,-0.344331,9.002244600000001,-0.5571946755869934,3,-0.28857925708392046,3.8578182658254603,1,18.499496976123663
12.64,0.1332198,-0.3532581,8.9753652,-0.5623413136841044,3,-0.1660205837777718,3.840465457991758,1,18.61882037384283
12.656,0.1332198,-0.3831786,9.0157824,-0.566347728990614,3,-0.2504009566568486,3.83143594565036,1,18.680195585071967
12.672,0.173637,-0.3202965,9.0292221,-0.5699719164798669,3,-0.22651171807830364,3.822345388486596,1,18.741425835745062
12.687,0.2140542,-0.3202965,9.0038142,-0.5741057038643511,3,-0.27558582563230366,3.813764806334015,1,18.79869666220621
12.703,0.1946304,-0.30685680000000004,9.0038142,-0.5781608160768972,3,-0.25344451328412876,3.804546674174485,1,18.85964315405028
12.718,0.1946304,-0.34580249999999996,8.9858619,-0.5825200618102411,3,-0.29061638222291547,3.795841567590331,1,18.916646065863517
12.734,0.21709530000000002,-0.34580249999999996,9.042661800000001,-0.5853764998551956,3,-0.17852737780965616,3.7864983950970075,1,18.977304785565018
12.75,0.2140542,-0.318825,9.042661800000001,-0.5881891928149532,3,-0.1757933099848506,3.7771098695556464,1,19.03781365168224
12.765,0.2140542,-0.2798793,9.0606141,-0.5905271735542375,3,-0.15586538261894492,3.768269496807877,1,19.094403996929966
12.797,0.1856052,-0.2798793,9.0711108,-0.5925675810603117,3,-0.06376273456482057,3.749339980734044,1,19.214685748570638
12.812,0.19610190000000002,-0.35777070000000005,9.0711108,-0.5944861246576512,3,-0.127902906489307,3.74043707794116,1,19.270859076510696
12.828,0.19610190000000002,-0.3098979,9.006757200000001,-0.5979691159655367,3,-0.21768695674284613,3.730897436016175,1,19.330629752622354
12.843,0.1437165,-0.30685680000000004,9.0127413,-0.6012479280525707,3,-0.21858747246892207,3.7219033081860387,1,19.386525758203874
12.859,0.1497006,-0.30685680000000004,8.96634,-0.6055753186156085,3,-0.2704619101898673,3.7122487222126934,1,19.445998974447065
12.875,0.19011780000000003,-0.3173535,8.9469162,-0.610242940521541,3,-0.29172636912078137,3.7025221761395963,1,19.50531714163388
12.89,0.1377324,-0.3173535,8.976836700000002,-0.6140908839413868,3,-0.2565295613230392,3.693339672456124,1,19.56078610549835
12.906,0.0898596,-0.3098979,8.976836700000002,-0.6178661151297931,3,-0.23595194927539231,3.6834840164635545,1,19.619800695009708
12.922,0.0898596,-0.34580249999999996,8.994789,-0.6210797922763103,3,-0.20085482165732566,3.673572449204306,1,19.678657146735052
12.937,0.1437165,-0.34580249999999996,8.9229798,-0.6259479614465135,3,-0.32454461134691104,3.6642197410513853,1,19.733690588161966
12.953,0.1511721,-0.2529999,8.9229798,-0.6307702866422353,3,-0.3013953247326115,3.654165995066675,1,19.79223767405091
12.968,0.1511721,-0.2889045,9.0157824,-0.6331864345530249,3,-0.16107652738596656,3.64468631965771,1,19.846979066411343
12.984,0.22455090000000003,-0.3173535,8.9424036,-0.6372711295724987,3,-0.25529343871710775,3.634522659144706,1,19.90521273824176
13.0,0.1781496,-0.3173535,9.0352062,-0.639020032894285,3,-0.10930645761164638,3.6243123298449715,1,19.96328341815368
13.015,0.2065986,-0.2484873,9.0352062,-0.6407640743331164,3,-0.11626942925542527,3.6147139490407656,1,20.017576115245326
13.047,0.1586277,-0.2934171,8.988804900000002,-0.643587333697976,3,-0.08822685515186271,3.594164326512268,1,20.132918167654175
13.062,0.1511721,-0.32333760000000006,8.988804900000002,-0.6463198468327498,3,-0.182167542318264,3.5844900226582883,1,20.18675807527295
13.078,0.1511721,-0.3503151,8.9737956,-0.6493268287439378,3,-0.18793636944924846,3.574124849253675,1,20.244026994248248
13.093,0.1511721,-0.3503151,9.0576711,-0.6502165552139463,3,-0.0593150980005652,3.56437827387399,1,20.297565767671706
13.109,0.13469129999999999,-0.3008727,9.0576711,-0.6511342343893443,3,-0.05735494846237361,3.5539674675571638,1,20.354512533603156
13.14,0.13469129999999999,-0.4221243,9.0217665,-0.6527862822108066,3,-0.05329186520846133,3.533756699549861,1,20.46437225819332
13.156,0.1482291,-0.3712104,8.964868500000001,-0.6558337916427472,3,-0.1904693394962907,3.5232877389590325,1,20.52082861370139
13.172,0.1990449,-0.3712104,9.030693600000001,-0.6571792571077459,3,-0.08409159156241845,3.5127836345690286,1,20.577117184689616
13.187,0.1302768,-0.344331,9.030693600000001,-0.6585484074602377,3,-0.0912766901661236,3.5029156770847694,1,20.629734929527014
13.203,0.1302768,-0.33981839999999996,8.991846,-0.6608350602391067,3,-0.14291579867931045,3.4923606093431747,1,20.685697139818437
13.218,0.16019730000000001,-0.33981839999999996,8.9737956,-0.6634940328096466,3,-0.17726483803598864,3.482428141145309,1,20.738008055447104
13.234,0.2350476,-0.344331,8.9737956,-0.6660437961507419,3,-0.15936020881845966,3.4717918385136257,1,20.793641815284374
13.25,0.2350476,-0.315882,9.0097983,-0.6676795948701919,3,-0.10223741996562276,3.461122051385458,1,20.84910512640357
13.265,0.19011780000000003,-0.315882,8.9828208,-0.6699587650103211,3,-0.15194467600861014,3.451089763686354,1,20.90094671501661
13.281,0.1781496,-0.33530580000000004,8.9828208,-0.6721711672495019,3,-0.1382751399487957,3.440352724228275,1,20.956078254919927
13.297,0.1661814,-0.3098979,8.9873334,-0.6742474564622754,3,-0.12976807579834204,3.429581375238581,1,21.01103772771566
13.312,0.1661814,-0.32932170000000005,8.994789,-0.6760745792874125,3,-0.12180818834248948,3.419453959970459,1,21.062405492729724
13.328,0.2006145,-0.32932170000000005,9.0172539,-0.6772926067473986,3,-0.07612671624912519,3.4086270224821806,1,21.117030140589346
13.343,0.1631403,-0.3143124,9.0172539,-0.6785124001805993,3,-0.08131956221338209,3.39845848493022,1,21.16808328189494
13.359,0.1631403,-0.36669779999999996,8.976836700000002,-0.6806390433740557,3,-0.1329151995910215,3.387585273381783,1,21.222371631961437
13.375,0.17069399999999998,-0.36669779999999996,9.0756234,-0.6803033788235577,3,0.020979034406121127,3.376697734004202,1,21.276485896020525
13.406,0.1631403,-0.3053853,9.0247095,-0.6812755047706744,3,-0.03135890151989324,3.355593261308491,1,21.380836406447873
13.422,0.18109260000000002,-0.3053853,8.9962605,-0.6829089158898309,3,-0.10208819494728062,3.344679785943207,1,21.434438590825888
13.437,0.2200383,-0.3562992,8.9962605,-0.6844357046617784,3,-0.1017859181298383,3.334424701289071,1,21.484531874480126
13.453,0.1497006,-0.38621970000000005,9.042661800000001,-0.6847998394546284,3,-0.022758424553126468,3.32347081693614,1,21.537795038625926
13.468,0.1497006,-0.3338343,9.0457029,-0.6851318033233067,3,-0.022130924578551606,3.3131963296153053,1,21.587570042225064
13.484,0.2260224,-0.3338343,8.994789,-0.6866576096132473,3,-0.09536289312128679,3.302222014311813,1,21.64049338897648
13.5,0.21552570000000001,-0.3143124,8.994789,-0.6881696177026679,3,-0.09450050558879033,3.2912233964932858,1,21.693240952262922
13.515,0.21552570000000001,-0.2948886,8.9813493,-0.6899883041420125,3,-0.12124576262296705,3.2808872120794503,1,21.74253178182722
13.531,0.1870767,-0.2948886,9.006757200000001,-0.6911589338807573,3,-0.07316435867155129,3.269838034175268,1,21.79493758379726
13.547,0.17510850000000003,-0.36669779999999996,9.006757200000001,-0.6922426068272465,3,-0.0677295591555715,3.258770821849604,1,21.84716645464546
13.562,0.17510850000000003,-0.3427614,9.0217665,-0.6929570727766592,3,-0.04763106329418467,3.2483818242525757,1,21.895970099491223
13.593,0.1511721,-0.3427614,9.0651267,-0.6926080008440589,3,0.011260384922588606,3.226905565611454,1,21.996337054034118
13.609,0.20208600000000002,-0.315882,9.0651267,-0.6922670640741266,3,0.021308548120768638,3.2158265650921085,1,22.047878911079746
13.625,0.113796,-0.33981839999999996,9.051687,-0.6922783752466479,3,-0.0007069482825805544,3.2047502015775424,1,22.099243525213105
13.64,0.113796,-0.33226469999999997,9.0217665,-0.6930254627892865,3,-0.049805836175899766,3.1943604227922724,1,22.14723685489588
13.656,0.15568469999999998,-0.33226469999999997,8.9678115,-0.695053964000957,3,-0.12678132572940803,3.1832557873779503,1,22.19825778457724
13.672,0.1526436,-0.3532581,8.960355900000001,-0.6971963866880184,3,-0.13390141794133992,3.1721177845724386,1,22.249100773152843
13.687,0.1482291,-0.3532581,9.027750600000001,-0.6976460771637054,3,-0.02997936504580191,3.1616564660935516,1,22.296604080032836
13.703,0.1646118,-0.34580249999999996,9.027750600000001,-0.6980849166430243,3,-0.027427467457430386,3.1504906181430976,1,22.34710125670673
13.718,0.1646118,-0.33530580000000004,9.0038142,-0.6991060162034266,3,-0.06807330402681779,3.1400116861467486,1,22.394280023988905
13.75,0.18109260000000002,-0.33530580000000004,8.991846,-0.7003861466276877,3,-0.04000407575815986,3.117619811541451,1,22.494402127951915
13.765,0.2274939,-0.2829204,9.026181000000001,-0.7008164892561481,3,-0.028689508564027102,3.1071107917723215,1,22.54108760747677
13.781,0.21856680000000003,-0.3262806,9.026181000000001,-0.7012060533733244,3,-0.02434775732351733,3.0958946114312855,1,22.590711650702396
13.797,0.21856680000000003,-0.347274,8.9678115,-0.702989198233789,3,-0.11144655377903757,3.0846610494184286,1,22.640156095989195
13.812,0.21552570000000001,-0.347274,9.0411903,-0.702942759123065,3,0.0030959407149332334,3.074116559738253,1,22.686346928057866
13.828,0.21856680000000003,-0.3053853,9.0366777,-0.703042483579134,3,-0.006232778504311471,3.0628686777966356,1,22.735442809958144
13.859,0.24701580000000004,-0.3053853,9.0097983,-0.7037768919457132,3,-0.023690592470297332,3.0410629774760003,1,22.830053750614873
13.875,0.1646118,-0.3083283,9.0097983,-0.704536817997349,3,-0.04749537822723578,3.029796467796456,1,22.878620626177053
13.89,0.1646118,-0.34580249999999996,8.9543718,-0.7065956959754534,3,-0.13725853187361708,3.0192129739416593,1,22.92398819699009
13.906,0.16765290000000002,-0.34580249999999996,8.9693811,-0.708237238159013,3,-0.10259638647247539,3.0078943104685836,1,22.972205055265373
13.922,0.17069399999999998,-0.3712104,9.026181000000001,-0.7084286623080374,3,-0.01196400931402496,2.996560983264847,1,23.02024069761524
13.937,0.19610190000000002,-0.36375480000000004,9.026181000000001,-0.7086102349092016,3,-0.012104840077617524,2.9859331915357186,1,23.06510940392624
13.953,0.19610190000000002,-0.3173535,8.9902764,-0.709705010392998,3,-0.06842346773727742,2.9745866695733008,1,23.112793562815114
13.968,0.17667810000000003,-0.3173535,8.9873334,-0.7108546197671508,3,-0.07664062494351444,2.9639324723470994,1,23.157332456379518
13.984,0.1257642,-0.3143124,8.9873334,-0.7119996731763933,3,-0.07156583807765841,2.952549638003551,1,23.204664313262324
14.0,0.1257642,-0.3307932,9.0471744,-0.7116439687092324,3,0.02223152919755831,2.941160488868466,1,23.2518139942773
14.031,0.2230794,-0.3487455,8.937891,-0.7138974209493849,3,-0.07269200774685342,2.9190645973287572,1,23.342647483113357
14.047,0.2230794,-0.35178660000000006,9.0711108,-0.7128472153201706,3,0.06563785182589482,2.9076506402386006,1,23.389261205013895
14.062,0.18266220000000002,-0.35178660000000006,9.032263200000001,-0.712791244187482,3,0.003731408845908691,2.896958351792294,1,23.432795772454124
14.078,0.1482291,-0.3218661,8.9424036,-0.7149691947148611,3,-0.13612190796119517,2.8855362682810752,1,23.47905572941471
14.093,0.1497006,-0.37866600000000006,8.9424036,-0.7170392130724164,3,-0.13800122383701277,2.8747962052226703,1,23.52225822296599
14.109,0.1497006,-0.36669779999999996,8.9618274,-0.7185976081905725,3,-0.09739969488475878,2.8633111106525666,1,23.568163081492994
14.125,0.11978010000000001,-0.36669779999999996,8.9813493,-0.719653250906525,3,-0.0659776697470304,2.85180510377979,1,23.61388401120845
14.14,0.1511721,-0.3098979,8.9813493,-0.7207237453313287,3,-0.07136629498690861,2.8410022763080054,1,23.656580066559112
14.156,0.1511721,-0.318825,9.0457029,-0.7201921161451672,3,0.03322682413509079,2.8294749494161935,1,23.701943884364905
14.172,0.1571562,-0.318825,9.0038142,-0.7206918520335783,3,-0.031233493025695197,2.8179478776707634,1,23.7471232669816
14.187,0.1796211,-0.3008727,9.0038142,-0.7211842164403883,3,-0.03282429378733581,2.8071338071572094,1,23.789311379617807
14.203,0.1796211,-0.3173535,9.0352062,-0.7208857491035268,3,0.018654208553847678,2.795597247432858,1,23.834133228054526
14.218,0.173637,-0.2994012,9.002244600000001,-0.7214156955223423,3,-0.03532976125436807,2.7847799865981635,1,23.87598605730976
14.234,0.21258269999999999,-0.2994012,8.960355900000001,-0.7229331787096136,3,-0.0948426992044559,2.773225195604308,1,23.92045009876738
14.25,0.2006145,-0.344331,8.960355900000001,-0.7243810462801594,3,-0.09049172315911394,2.7616466818043897,1,23.96472907378665
14.281,0.2006145,-0.2798793,8.9993016,-0.7248991106101244,3,-0.016711752579513524,2.7391828393725897,1,24.049991931364893
14.297,0.19610190000000002,-0.2798793,8.9902764,-0.7256269315521156,3,-0.045488808874449796,2.727578631035292,1,24.093726023128156
14.312,0.1721655,-0.2829204,8.9902764,-0.7263466297236363,3,-0.047979878101386056,2.7166888293257245,1,24.13455802908086
14.328,0.1721655,-0.36826739999999997,9.0411903,-0.7257329074127554,3,0.038357644430053704,2.7050721930286334,1,24.177932117259694
14.343,0.1990449,-0.36826739999999997,9.0486459,-0.7249390598631269,3,0.0529231699752329,2.694192153274064,1,24.218426599856965
14.359,0.2274939,-0.3218661,9.0486459,-0.7241913517260592,3,0.046731758566731466,2.6825991099813504,1,24.26144092996301
14.375,0.2274939,-0.3248091,9.0082287,-0.7244441537120281,3,-0.015800124123055412,2.6710100259378455,1,24.30426980305036
14.39,0.21258269999999999,-0.3307932,9.0366777,-0.7240011387934988,3,0.029534327901950347,2.6601466862440537,1,24.344253478391725
14.406,0.18266220000000002,-0.3307932,9.0591426,-0.7230374266913753,3,0.060232006382721026,2.6485703777201746,1,24.386723214903437
14.422,0.12272310000000002,-0.36973890000000004,9.014212800000001,-0.7231799763176117,3,-0.008909351639774235,2.6370006384961027,1,24.429007783033168
14.437,0.1586277,-0.36973890000000004,9.026181000000001,-0.7230137784330744,3,0.01107985896915498,2.6261541853354733,1,24.4684814442119
14.453,0.1646118,-0.3817071,9.026181000000001,-0.7228368849894817,3,0.011055840224538638,2.6145873800280928,1,24.510407376734808
14.484,0.1646118,-0.3338343,8.9469162,-0.7246421747875118,3,-0.05823515477516259,2.592151454601549,1,24.59111182867157
14.5,0.1406754,-0.3338343,8.9708526,-0.725830047300752,3,-0.07424203207750939,2.580547676824843,1,24.63249342172298
14.515,0.16166880000000003,-0.290376,8.9708526,-0.7270171746406646,3,-0.07914182266084124,2.569651322660282,1,24.67111991421912
14.531,0.16166880000000003,-0.2948886,8.9993016,-0.7274783673051903,3,-0.028824541532856938,2.558015358324715,1,24.712141247667
14.547,0.1661814,-0.3039138,8.9618274,-0.7288323155219221,3,-0.08462176354573352,2.5463648728620982,1,24.752976289516493
14.562,0.20208600000000002,-0.3039138,9.051687,-0.7279453614632949,3,0.059130270575148365,2.53543904028471,1,24.791089818865093
14.578,0.1721655,-0.3053853,9.051687,-0.7270939081701968,3,0.05321583081863141,2.5237987261276422,1,24.831563720996392
14.593,0.1721655,-0.3248091,9.0217665,-0.7269759085010374,3,0.007866644610624656,2.5128932025026076,1,24.86933891046112
14.609,0.1511721,-0.3248091,8.9708526,-0.728110773939088,3,-0.07092908987815776,2.5012525090430864,1,24.909452076153485
14.625,0.1586277,-0.344331,8.9708526,-0.7291970795722715,3,-0.06789410207397312,2.4895940462149957,1,24.94937884859555
14.64,0.1586277,-0.3173535,8.936419500000001,-0.731120309178376,3,-0.12821530707362652,2.4786416657993655,1,24.98664061643566
14.672,0.1946304,-0.3367773,9.0711108,-0.7296798737425618,3,0.04501360736919309,2.4552688628726305,1,25.065583184894415
14.687,0.15568469999999998,-0.33981839999999996,9.0052857,-0.7298942518350398,3,-0.014291872831863102,2.4443220569307993,1,25.10233011679294
14.703,0.15568469999999998,-0.3262806,8.960355900000001,-0.7312105650782499,3,-0.08226957770063319,2.432633218395493,1,25.14134575899555
14.718,0.2559429,-0.3262806,9.0457029,-0.7303592290545993,3,0.056755734910039005,2.4216714449394963,1,25.17775304397056
14.734,0.1930608,-0.31136939999999996,9.0457029,-0.729579492894004,3,0.048733510037202124,2.4099919351639074,1,25.21640635101139
14.75,0.1930608,-0.3143124,8.9693811,-0.7306762426212376,3,-0.06854685795210086,2.3983098892797856,1,25.25487276560694
14.765,0.173637,-0.3143124,8.9962605,-0.731100846707534,3,-0.02830693908641883,2.3873465611098195,1,25.290765188984864
14.781,0.1781496,-0.2858634,8.9962605,-0.7315360726166684,3,-0.027201619320904567,2.375645465755226,1,25.328869125199784
14.797,0.1781496,-0.3278502,9.0366777,-0.7309408378138205,3,0.03720217517799714,2.363945650471782,1,25.3667858541296
14.812,0.1856052,-0.3278502,8.972324100000002,-0.7319246921488034,3,-0.06559028899886772,2.352974158997063,1,25.40216275270061
14.828,0.17069399999999998,-0.35777070000000005,8.972324100000002,-0.7328639077345382,3,-0.05870097410842762,2.3412558501979963,1,25.43971659277417
14.843,0.16019730000000001,-0.36375480000000004,8.963397,-0.7339965896268392,3,-0.07551212615339578,2.3302543964677858,1,25.474752919624166
14.859,0.16019730000000001,-0.3532581,9.002244600000001,-0.734165254836137,3,-0.01054157558111334,2.318509101712082,1,25.511943027609604
14.89,0.17069399999999998,-0.3532581,8.9902764,-0.7346167356414455,3,-0.014563896945433119,2.295742980859679,1,25.58346393488947
14.906,0.18413369999999998,-0.36669779999999996,8.9902764,-0.7350376301967199,3,-0.026305909704649164,2.2839857459329735,1,25.62010176470381
14.922,0.18413369999999998,-0.3039138,9.0097983,-0.7350295465982608,3,0.0005052249036907592,2.2722252085186136,1,25.656551452339425
14.937,0.19610190000000002,-0.3039138,9.011269799999999,-0.7349796440651346,3,0.0033268355417469617,2.261200139588639,1,25.690552142450226
14.953,0.1377324,-0.3173535,9.011269799999999,-0.7349460177456741,3,0.0021016449662791797,2.2494407342941525,1,25.726637269441287
14.968,0.1377324,-0.3367773,9.0038142,-0.7350777257634089,3,-0.00878053451565075,2.238415556217834,1,25.760296191620128
14.984,0.173637,-0.3367773,9.032263200000001,-0.7344978257948949,3,0.036243748032127564,2.2266589518053674,1,25.796016787684312
15.0,0.1930608,-0.3202965,8.994789,-0.7348502888718098,3,-0.022028942307183975,2.214904166888034,1,25.83154929263386
15.015,0.1930608,-0.33981839999999996,8.9902764,-0.7352866589100024,3,-0.029091335879507896,2.2038781397796696,1,25.86469015993387
15.031,0.17667810000000003,-0.33981839999999996,9.023238,-0.7349173792420096,3,0.02307997924955172,2.1921165074744535,1,25.8998581171119
15.047,0.2080701,-0.31284090000000003,9.023238,-0.7345645725109566,3,0.02205042069081118,2.18036065186043,1,25.93483793438658
15.062,0.2080701,-0.3173535,9.0201969,-0.734290638338928,3,0.018262278135240756,2.1693442377790566,1,25.967460721058874
15.078,0.1870767,-0.3173535,8.9693811,-0.7352729627436965,3,-0.061395275298026186,2.1575877289703955,1,26.00207617679287
15.093,0.18413369999999998,-0.2948886,8.9693811,-0.7362514977290093,3,-0.06523566568752168,2.1465512955168498,1,26.034357219476526
15.125,0.205029,-0.36669779999999996,9.0217665,-0.7358542844630893,3,0.012412914560000477,2.1229976030017763,1,26.102670001852825
15.156,0.1406754,-0.33226469999999997,9.0681678,-0.734398466556323,3,0.04696186796020231,2.100208685360975,1,26.16812969932245
15.172,0.1392039,-0.2918475,9.0681678,-0.7330126087790241,3,0.08661611108118353,2.0884693967582924,1,26.201639123979405
15.187,0.1392039,-0.31284090000000003,9.0531585,-0.7320093113973627,3,0.06688649211076426,2.0774817323569703,1,26.232883757447766
15.203,0.15568469999999998,-0.31284090000000003,9.014212800000001,-0.7319731280236361,3,0.0022614608579107887,2.0657698728416025,1,26.266029770289354
15.218,0.1302768,-0.38023560000000006,9.014212800000001,-0.7318845107953749,3,0.005907815217416862,2.0547909405504594,1,26.296933976389795
15.234,0.1302768,-0.3771945,9.0127413,-0.7318370232572526,3,0.002967971132639133,2.0430811682780385,1,26.329716953260423
15.25,0.17069399999999998,-0.3771945,8.9902764,-0.7323215967988652,3,-0.03028584635078599,2.0313678993175897,1,26.36231254580119
15.265,0.2200383,-0.3592422,8.9902764,-0.7327861405013518,3,-0.03096958016577272,2.0203795912878375,1,26.39270065198073
15.281,0.2200383,-0.33226469999999997,9.0366777,-0.7321339984275816,3,0.040758879610636144,2.008660230176406,1,26.424932970552444
15.297,0.1796211,-0.33226469999999997,8.9618274,-0.7333435522073835,3,-0.07559711123761297,1.9969364097713276,1,26.456977743672027
15.312,0.1915893,-0.3173535,9.0337347,-0.73277838424492,3,0.03767786416423102,1.985940495247941,1,26.48684932045967
15.328,0.1631403,-0.32932170000000005,9.0337347,-0.7322301735320824,3,0.03426316955235095,1.9742204267857302,1,26.518530607835938
15.343,0.1631403,-0.3487455,8.9708526,-0.7332098784224552,3,-0.06531365935818427,1.9632296263960756,1,26.548061483234804
15.375,0.21258269999999999,-0.3039138,9.0397188,-0.7325019574144864,3,0.022122531499024746,1.939778237022695,1,26.610509609049505
15.39,0.21258269999999999,-0.3427614,9.011269799999999,-0.7324706293111021,3,0.0020885402256235054,1.9287909426222576,1,26.639523877896842
15.406,0.1930608,-0.3427614,8.9797797,-0.7332180895130858,3,-0.04671626262398028,1.9170654328716692,1,26.670290728900792
15.422,0.1721655,-0.2798793,8.9797797,-0.7340108036234003,3,-0.04954463189466014,1.9053276017265826,1,26.700869873177577
15.437,0.1721655,-0.318825,8.964868500000001,-0.7351159323695349,3,-0.07367524974230952,1.8943091512066412,1,26.729367148824576
15.453,0.1631403,-0.318825,8.964868500000001,-0.7361982200501238,3,-0.0676429800368083,1.8825386379872888,1,26.759581931138126
15.468,0.142245,-0.3278502,9.066598200000001,-0.7347755858267195,3,0.0948422815602813,1.8715063344432121,1,26.787737268431357
15.484,0.19011780000000003,-0.3218661,9.066598200000001,-0.7333714912472171,3,0.08775591121890072,1.8597611578266207,1,26.817587408369516
15.5,0.19011780000000003,-0.2948886,9.0741519,-0.7318399058931391,3,0.09572408462987783,1.8480394666494977,1,26.847249813365323
15.515,0.1930608,-0.2948886,9.011269799999999,-0.7318767078688353,3,-0.002453465046414656,1.8370615920462825,1,26.87488807130554
15.531,0.1406754,-0.32932170000000005,9.011269799999999,-0.731907188840129,3,-0.001905060705853499,1.8253513208726109,1,26.90418737460889
15.562,0.1406754,-0.3367773,8.9978301,-0.7322577395924252,3,-0.011308088783751592,1.8026567644819071,1,26.960421499931886
15.578,0.1930608,-0.3367773,8.960355900000001,-0.7334892176906891,3,-0.07696738114149053,1.7909307888236423,1,26.98917020035833
15.593,0.17510850000000003,-0.344331,8.960355900000001,-0.7346926512093432,3,-0.08022890124360704,1.7799194248068917,1,27.01595157696056
15.609,0.17510850000000003,-0.3278502,8.9618274,-0.7358459371743233,3,-0.07208037281125616,1.7681551160998223,1,27.044336173287814
15.625,0.1870767,-0.3487455,9.0082287,-0.7358153375112337,3,0.0019124789431002025,1.7563818259023378,1,27.07253246882383
15.64,0.1946304,-0.33981839999999996,9.018725400000001,-0.7355341223409919,3,0.018747678016120754,1.7453467049534457,1,27.09879543280525
15.656,0.1946304,-0.3023442,9.0127413,-0.7354381156223937,3,0.0060004199123886385,1.7335789270497386,1,27.126626837861277
15.672,0.2215098,-0.3023442,8.9828208,-0.7360584638522703,3,-0.038771764367284654,1.7218069544139414,1,27.154269924912988
15.687,0.2080701,-0.2934171,8.9828208,-0.7366787274074742,3,-0.04135090368026654,1.7107614254794943,1,27.180014187762186
15.703,0.2080701,-0.3427614,9.051687,-0.7355632779817647,3,0.06971558910684456,1.6989834894363804,1,27.207292147081514
15.718,0.1915893,-0.3427614,8.9797797,-0.7362360756749116,3,-0.044853179543123366,1.687944994283955,1,27.232694110709417
15.734,0.1078119,-0.34128990000000003,8.9797797,-0.7369278641126886,3,-0.04323677736106642,1.6761596827656542,1,27.259606948125814
15.75,0.1078119,-0.32932170000000005,9.027750600000001,-0.7364445147322698,3,0.030209336276176807,1.6643727037348945,1,27.286331207217817
15.765,0.09584369999999999,-0.32932170000000005,9.0337347,-0.7358303960022656,3,0.040941248666942785,1.6533306419043852,1,27.31121398231011
15.797,0.1990449,-0.32932170000000005,9.0352062,-0.7351543485012115,3,0.02112648440794061,1.6297948859923295,1,27.363743990756458
15.812,0.1392039,-0.3532581,9.0352062,-0.7345000527847354,3,0.04361971443174535,1.6187724779826858,1,27.388108245986267
15.828,0.1392039,-0.3053853,9.0292221,-0.7340500936663545,3,0.028122444898803754,1.607024076811077,1,27.413914618424617
15.843,0.1257642,-0.3053853,9.095047200000002,-0.7320114905396125,3,0.1359068751161341,1.596028614929532,1,27.43793751361267
15.859,0.19011780000000003,-0.318825,9.095047200000002,-0.7299841323998724,3,0.12670988373375536,1.584332649946016,1,27.463380403731676
15.875,0.19011780000000003,-0.2784078,9.002244600000001,-0.7303004722656397,3,-0.019771241610455608,1.5726503731086918,1,27.488636267916114
15.89,0.1930608,-0.2784078,9.0038142,-0.7305693140909746,3,-0.017922788355661398,1.5616938497110169,1,27.51214384958726
15.906,0.2215098,-0.31136939999999996,9.0038142,-0.7307893280554545,3,-0.013750872779993971,1.5500029805738453,1,27.53703742422954
15.922,0.2215098,-0.2963601,9.030693600000001,-0.7303612757761222,3,0.026753267458268202,1.5383137757431926,1,27.561743958280076
15.937,0.19610190000000002,-0.318825,9.0486459,-0.7295018473336459,3,0.05729522949842653,1.5273648023198703,1,27.584736547615545
15.953,0.21709530000000002,-0.318825,9.0816075,-0.7278484854160432,3,0.10333511985016743,1.5157059996578728,1,27.60908111403137
15.968,0.1946304,-0.3023442,9.0816075,-0.7262615948957709,3,0.10579270135148114,1.5048001740555337,1,27.63173491033422
15.984,0.1946304,-0.29783160000000003,8.988804900000002,-0.7269787682284399,3,-0.044823333291810166,1.49317425115054,1,27.655718705735868
16.0,0.18266220000000002,-0.29783160000000003,8.9753652,-0.7280121208786738,3,-0.06458454063962277,1.481534324037683,1,27.679516374337375
16.015,0.142245,-0.34128990000000003,8.9753652,-0.7290003894423887,3,-0.06588457091431826,1.4706067302102745,1,27.701657432244236
16.031,0.142245,-0.34128990000000003,9.145961100000001,-0.7258071387875109,3,0.19957816592988098,1.4589682699844366,1,27.725094032245792
16.062,0.1362609,-0.3817071,9.0576711,-0.7248063466753383,3,0.03228361652169537,1.4364837609597607,1,27.76997353872543
16.078,0.1362609,-0.3278502,9.0875916,-0.723152160063135,3,0.103386663262717,1.4249000929058542,1,27.792864609556354
16.093,0.142245,-0.3248091,9.0411903,-0.7226696202029608,3,0.03216932401161303,1.414056429553858,1,27.814156783474804
16.109,0.17510850000000003,-0.3248091,9.1265373,-0.720104874601585,3,0.1602966000859672,1.4025142335954204,1,27.836689348780002
16.125,0.1482291,-0.33226469999999997,9.1265373,-0.717607746985383,3,0.15607047601264354,1.3910125326227258,1,27.859037562909744
16.14,0.1482291,-0.3427614,9.1175121,-0.7153820073413044,3,0.14838264293856587,1.3802651094652754,1,27.879822145225404
16.156,0.16765290000000002,-0.3427614,9.174410100000001,-0.7118158044052709,3,0.22288768350211774,1.368847526971304,1,27.901815046316894
16.172,0.1781496,-0.34128990000000003,9.174410100000001,-0.7083330981635054,3,0.2176691401103193,1.3574863357507525,1,27.923625717218673
16.187,0.1781496,-0.3427614,9.1265373,-0.7061005893509087,3,0.14883392083977662,1.346878083094394,1,27.943908450360013
16.203,0.19011780000000003,-0.3427614,9.108585,-0.7043541048386022,3,0.10915528201916971,1.3355944455408792,1,27.965368230589092
16.218,0.1781496,-0.2769363,9.108585,-0.7027106851377543,3,0.10956131338985682,1.3250414596160562,1,27.98532299987777
16.234,0.1781496,-0.3039138,9.1878498,-0.6991545277785391,3,0.22225983495091928,1.3138265379127247,1,28.006433943858003
16.25,0.1586277,-0.3202965,9.1220247,-0.6972845306491688,3,0.1168748205856569,1.3026550254453042,1,28.027365796364865
16.265,0.18109260000000002,-0.3202965,9.1564578,-0.6946107965246195,3,0.17824894163661315,1.2922158104915005,1,28.046827327634393
16.297,0.2080701,-0.3143124,9.1564578,-0.6919933579091282,3,0.08179495673410468,1.2700301440205606,1,28.087823262906586
16.312,0.2080701,-0.3262806,9.1774512,-0.6889179785850814,3,0.20502528826977748,1.2596733089968537,1,28.106796038804216
16.328,0.1526436,-0.31284090000000003,9.1938339,-0.6855562676392726,3,0.21010693411307552,1.2486775150270601,1,28.126862845396406
16.343,0.1526436,-0.3532581,9.1983465,-0.6821309004937888,3,0.22835780969891162,1.2384198612660617,1,28.145516075718604
16.359,0.1721655,-0.3532581,9.2013876,-0.6787065740777152,3,0.2140204010045759,1.2275331614694884,1,28.16524369990049
16.375,0.1870767,-0.344331,9.2013876,-0.6753669207786146,3,0.20872833119380896,1.216700573510639,1,28.18479756978033
16.39,0.2006145,-0.33824879999999996,9.33912,-0.668750962061754,3,0.4410639144573569,1.206619689389336,1,28.20297247175208
16.422,0.2006145,-0.3218661,9.2327796,-0.6649019853584814,3,0.12028052197726724,1.1852812422306123,1,28.241242886658
16.437,0.1571562,-0.3218661,9.276237900000002,-0.6601082409645418,3,0.3195829595959644,1.1753436655331893,1,28.25894757346623
16.453,0.1870767,-0.3367773,9.276237900000002,-0.6554049863660492,3,0.293953412405822,1.1648195597145456,1,28.27766887926821
16.468,0.1870767,-0.29783160000000003,9.301645800000001,-0.6502296507628031,3,0.34502237354972104,1.1550272999360789,1,28.29506773071559
16.484,0.1796211,-0.29783160000000003,9.3480471,-0.6440531721216729,3,0.38602991507059714,1.1446730373530019,1,28.313465333413905
16.5,0.1317483,-0.33824879999999996,9.3480471,-0.6380132569786348,3,0.37749469643992556,1.1344165059202005,1,28.33169804976009
16.515,0.1317483,-0.3008727,9.2777094,-0.6338662863994315,3,0.2764647052802037,1.1248774093448646,1,28.348642754124576
16.531,0.18864630000000002,-0.3008727,9.3360789,-0.6283739043806147,3,0.34327387617609123,1.1147794878186252,1,28.36656000930188
16.547,0.1571562,-0.3173535,9.3360789,-0.6230163972485254,3,0.33484419575554175,1.104768365405591,1,28.384316392127676
16.562,0.18109260000000002,-0.3202965,9.3480471,-0.6174848624140186,3,0.36876898896710986,1.0954646059581217,1,28.400818139412905
16.578,0.18109260000000002,-0.33824879999999996,9.322639200000001,-0.6126920145938861,3,0.29955298875831116,1.0856231909420595,1,28.418266841788103
16.593,0.1870767,-0.33824879999999996,9.4453623,-0.6050224758097293,3,0.511302585610432,1.076490332264032,1,28.43448269321215
16.625,0.18109260000000002,-0.34128990000000003,9.4453623,-0.5975401751887031,3,0.23382189440707116,1.057249329848057,1,28.468622527805945
16.64,0.21258269999999999,-0.34128990000000003,9.4438908,-0.5902602355103355,3,0.48532931189115475,1.0483408267678138,1,28.484414453980563
16.656,0.1466595,-0.33530580000000004,9.4438908,-0.5831936356769845,3,0.4416624895844865,1.0389531957983162,1,28.50111280616109
16.672,0.1466595,-0.3487455,9.436337100000001,-0.5764716182407135,3,0.42012608976688975,1.0296758737669736,1,28.517661838717615
16.687,0.20954160000000002,-0.3487455,9.5187411,-0.5678766261501256,3,0.5729994727058378,1.021093261934042,1,28.533042607235373
16.703,0.1661814,-0.36071369999999997,9.5187411,-0.5595012528424732,3,0.5234608317283306,1.0120742389021022,1,28.54930794724206
16.718,0.1631403,-0.3307932,9.5187411,-0.5513579252223977,3,0.5428885080050144,1.0037427950666153,1,28.564426574996826
16.734,0.1631403,-0.34580249999999996,9.4797954,-0.5443493414757619,3,0.4380364841646898,0.9949771369330291,1,28.580416334452824
16.75,0.173637,-0.34580249999999996,9.4513464,-0.5382004539192558,3,0.3843054722816742,0.9863167385698699,1,28.596266685456847
16.765,0.18266220000000002,-0.3427614,9.4513464,-0.5322000931365363,3,0.4000240521812837,0.9782887344669511,1,28.611001226504623
16.781,0.18266220000000002,-0.3173535,9.4992192,-0.5252009481815048,3,0.4374465596895176,0.9698295261364076,1,28.626586172589448
16.797,0.1856052,-0.3173535,9.4812669,-0.5188086565062875,3,0.3995182297010344,0.9614774492989044,1,28.642036628392933
16.812,0.1631403,-0.344331,9.4812669,-0.512559401424749,3,0.4166170054358847,0.9537421888644213,1,28.65640077567916
16.828,0.1631403,-0.3307932,9.5366934,-0.5051234637553392,3,0.46474610433816077,0.9456007259429815,1,28.671595518997616
16.859,0.15421320000000002,-0.3307932,9.5546457,-0.49743496924496,3,0.24801595194769818,0.9300610702314758,1,28.70066827683832
16.875,0.1272357,-0.3592422,9.593591400000001,-0.48896950244823323,3,0.5290916747954816,0.922169834457931,1,28.715486124075834
16.906,0.1272357,-0.3278502,9.683352900000001,-0.47855005962512287,3,0.3361110588100245,0.9071732812457947,1,28.743840942369243
16.922,0.1990449,-0.3278502,9.629496000000001,-0.46966781137684954,3,0.5551405155170208,0.899587538277778,1,28.75829502892543
16.937,0.1287072,-0.32333760000000006,9.629496000000001,-0.4610350965535872,3,0.5755143215508004,0.8926072664682996,1,28.77173648996103
16.953,0.21258269999999999,-0.3248091,9.5980059,-0.4533429283975039,3,0.48076050975525997,0.8852922422686917,1,28.785959686030925
16.968,0.18266220000000002,-0.32333760000000006,9.5980059,-0.44585459910961944,3,0.49922195252561136,0.878548260812388,1,28.799188489804035
16.984,0.18266220000000002,-0.3278502,9.6354801,-0.4376318714839389,3,0.5139204766049768,0.8714803690476387,1,28.813188718842916
17.0,0.1781496,-0.3278502,9.6654006,-0.42888253393374853,3,0.5468335968869578,0.864548253804298,1,28.82707694782573
17.015,0.1586277,-0.3278502,9.6654006,-0.42035488411427124,3,0.5685099879651311,0.8581789731689377,1,28.83999740202803
17.031,0.17069399999999998,-0.3427614,9.7132734,-0.41085088980730866,3,0.5939996441852268,0.8515293269775658,1,28.8536750684292
17.047,0.17069399999999998,-0.3143124,9.6144867,-0.40400993567647525,3,0.42755963317704027,0.8450104403736948,1,28.867247386568014
17.062,0.2140542,-0.3143124,9.707289300000001,-0.39505296256189126,3,0.5971315409722433,0.8390174686369068,1,28.879877595885596
17.078,0.19757340000000004,-0.3547296,9.707289300000001,-0.38628902469562476,3,0.5477461166417167,0.8327667327388474,1,28.8932518694966
17.109,0.1511721,-0.3173535,9.7507476,-0.37673142160166684,3,0.30830977722442565,0.8209399158212385,1,28.91888432254928
17.14,0.173637,-0.32333760000000006,9.7507476,-0.3673930191339565,3,0.30123878928099024,0.8094059869898368,1,28.944154684042854
17.156,0.173637,-0.315882,9.714843,-0.35916346089364026,3,0.5143473900198214,0.8035935351496166,1,28.95705868021997
17.172,0.18266220000000002,-0.315882,9.723770100000001,-0.3509130088755157,3,0.5156532511327283,0.7979129233914627,1,28.9698707318883
17.187,0.22455090000000003,-0.3173535,9.723770100000001,-0.34284124278299544,3,0.5381177395013296,0.7927097665040237,1,28.981800402062515
17.203,0.205029,-0.2963601,9.7447635,-0.3344813216917011,3,0.5224950682059546,0.7872911859882267,1,28.99444040968245
17.218,0.205029,-0.32932170000000005,9.719257500000001,-0.32692111473518004,3,0.5040137971013837,0.7823306677150249,1,29.006212573585227
17.234,0.1870767,-0.32932170000000005,9.7447635,-0.31893250157693664,3,0.49928832239015636,0.7771638387845274,1,29.018688529637224
17.25,0.20954160000000002,-0.3996594,9.7447635,-0.31106348281422136,3,0.4918136726697595,0.7721238709093987,1,29.031082831314773
17.265,0.20954160000000002,-0.31284090000000003,9.7986204,-0.30215112492880536,3,0.5941571923610441,0.7675247613513259,1,29.042630196056727
17.281,0.173637,-0.3547296,9.7612443,-0.29434934490971365,3,0.48761125119328547,0.7627527575926182,1,29.054872416208276
17.312,0.173637,-0.3278502,9.8046045,-0.2857039504274237,3,0.2788836929770742,0.7537619315148919,1,29.078378393889444
17.328,0.1392039,-0.3278502,9.7866522,-0.27772038031300106,3,0.49897313215146955,0.749254536868969,1,29.090402525636513
17.343,0.11978010000000001,-0.347274,9.7866522,-0.2699214660616409,3,0.5199276167573234,0.7451472230211591,1,29.10161053883569
17.359,0.1796211,-0.3278502,9.7806681,-0.2624526357547978,3,0.4668018941776408,0.7408882302066271,2,29.113498822461512
17.375,0.1796211,-0.2694807,9.818044200000001,-0.2542983024137886,3,0.5096458338131333,0.7367542227012789,2,29.125319962084774
17.39,0.16019730000000001,-0.2694807,9.834525,-0.24594928327636545,3,0.5566012758281883,0.7330023658086026,2,29.1363431364986
17.406,0.21101310000000004,-0.2514303,9.834525,-0.23779217342562653,3,0.5098193656712386,0.7291324341549871,2,29.148040214898305
17.422,0.21101310000000004,-0.3008727,9.7447635,-0.23198794085254626,3,0.3627645358174763,0.7253741932407612,2,29.159676267917472
17.437,0.19011780000000003,-0.3008727,9.7612443,-0.22593405372777653,3,0.40359247498463335,0.7219397782814087,2,29.17053112270389
17.453,0.1781496,-0.3023442,9.7612443,-0.22003221701734255,3,0.3688647944021646,0.7183720481154481,2,29.182053617315063
17.468,0.1781496,-0.3547296,9.7941078,-0.21343046647907116,3,0.4401167025514093,0.7151210779892249,2,29.192804815760848
17.484,0.1870767,-0.3547296,9.7507476,-0.2080423543700327,3,0.33675700681486515,0.7117492954224317,2,29.204219778748143
17.5,0.1661814,-0.318825,9.776155500000002,-0.20220582249901042,3,0.3647832419389332,0.7084673100074798,2,29.21558151159158
17.515,0.1721655,-0.38621970000000005,9.776155500000002,-0.19644989563748183,3,0.383728457435225,0.705477392121456,2,29.226186096857546
17.547,0.1721655,-0.3951468000000001,9.759674700000001,-0.19122724419369064,3,0.16320785761847464,0.6992745578841573,2,29.248662128057635
17.562,0.16765290000000002,-0.3951468000000001,9.7806681,-0.18562234806332079,3,0.37365974202464264,0.6964481859422296,2,29.259130048636333
17.578,0.16765290000000002,-0.37268190000000007,9.7806681,-0.18017564432916622,3,0.34041898338469795,0.69352180200309,2,29.270249808539894
17.593,0.16765290000000002,-0.33530580000000004,9.8046045,-0.174311367414413,3,0.39095179431686644,0.690863149415013,2,29.280632695675532
17.609,0.16019730000000001,-0.33530580000000004,9.8240283,-0.16811974774680927,3,0.3869762292251899,0.688123700493723,2,29.291664590474802
17.625,0.21856680000000003,-0.3053853,9.8240283,-0.16207549813477762,3,0.37776560075201965,0.6854821385266705,2,29.302653437186965
17.64,0.21856680000000003,-0.3547296,9.777627,-0.15726898526157562,3,0.3204341915467876,0.6830870549011978,2,29.312917706137675
17.656,0.21552570000000001,-0.3547296,9.8196138,-0.151558198701629,3,0.3569241599967026,0.6806164374294924,2,29.32382733407632
17.672,0.15421320000000002,-0.3039138,9.7701714,-0.1472615504302901,3,0.26854051695865183,0.6782258794364368,2,29.33469807261125
17.687,0.15421320000000002,-0.3039138,9.783611100000002,-0.1427420998640141,3,0.301296704418389,0.6760508520592294,2,29.34485514809747
17.703,0.18266220000000002,-0.3039138,9.774684,-0.13853853247539405,3,0.2627229617887817,0.6738006070005144,2,29.355653959769946
17.718,0.1571562,-0.3173535,9.774684,-0.13443788730757866,3,0.2733763445210154,0.671753283852142,2,29.36574561395134
17.734,0.1571562,-0.347274,9.8016615,-0.12975497577524386,3,0.2926819707708922,0.6696397409474791,2,29.37647675814974
17.75,0.18864630000000002,-0.347274,9.7417224,-0.1266334788759682,3,0.19509355620474994,0.6675886333102696,2,29.3871745851438
17.765,0.1526436,-0.35777070000000005,9.7417224,-0.12359422850590285,3,0.20261669133768304,0.6657119255049055,2,29.397174339334914
17.781,0.1526436,-0.3427614,9.7297542,-0.12093394936272617,3,0.16626744644856084,0.6637557000819567,2,29.40781008033961
17.812,0.15421320000000002,-0.3427614,9.719257500000001,-0.11859377790476344,3,0.07548940186975958,0.6600430203093104,2,29.428328960505674
17.828,0.2080701,-0.33824879999999996,9.776155500000002,-0.11490346844582078,3,0.23064434118394192,0.6581750423385059,2,29.438874705006857
17.843,0.17510850000000003,-0.2889045,9.776155500000002,-0.1113574869401095,3,0.23639876704740984,0.6564780851731113,2,29.448734603463194
17.859,0.17510850000000003,-0.347274,9.7986204,-0.10730421106905297,3,0.2533297419410046,0.6547287915890379,2,29.459224258477292
17.875,0.18109260000000002,-0.347274,9.746235,-0.10462381260867737,3,0.1675249037734934,0.6530333673996161,2,29.4696863557492
17.89,0.1856052,-0.3547296,9.746235,-0.10200017734088007,3,0.17490901785314653,0.6514836874749944,2,29.47947023366076
17.906,0.1856052,-0.3487455,9.7806681,-0.0986066511707655,3,0.21209538563218394,0.6498788328469014,2,29.48988113382333
17.922,0.19757340000000004,-0.3487455,9.827069400000001,-0.09415938626575304,3,0.2779540565632477,0.6483367045474091,2,29.500266858122487
17.937,0.1377324,-0.3338343,9.827069400000001,-0.08985809386343746,3,0.28675282682102793,0.6469565734464401,2,29.50998155770744
17.953,0.1377324,-0.3891627,9.7327953,-0.08790943048220079,3,0.12179146132730533,0.6455344332516751,2,29.520321485761023
17.968,0.2080701,-0.3891627,9.800091900000002,-0.0843381408642987,3,0.23808597452679736,0.6442425764665763,2,29.52999481333391
17.984,0.19011780000000003,-0.3367773,9.752219100000001,-0.08207684006745275,0,0.1413312998028557,0.6424112566191222,2,29.540288043998597
18.0,0.18864630000000002,-0.33226469999999997,9.752219100000001,-0.07987516184387111,0,0.13760488897386752,0.6406156406038318,2,29.550552259176378
18.015,0.18864630000000002,-0.33824879999999996,9.7552602,-0.07764805470348968,0,0.14847380935875668,0.6389342164797266,2,29.560148883104503
18.031,0.20208600000000002,-0.33824879999999996,9.783611100000002,-0.07477778414200564,0,0.1793919100927719,0.6372148097689628,2,29.57035807531449
18.047,0.1721655,-0.2994012,9.783611100000002,-0.07202232283149002,0,0.17221633190720748,0.6355404089131748,2,29.58054011706395
18.062,0.1721655,-0.3338343,9.7986204,-0.06894109627535627,0,0.20541510374224173,0.6339831832698735,2,29.590061544005323
18.078,0.19011780000000003,-0.3338343,9.7222986,-0.06778700018544903,0,0.07213100561921054,0.6323893584981872,2,29.600192524339466
18.093,0.16166880000000003,-0.3039138,9.7222986,-0.06669751568773918,0,0.07263229984732039,0.6308807246291384,2,29.609667049962923
18.109,0.16166880000000003,-0.2604555,9.7732125,-0.0644241626362625,0,0.1420845657172772,0.6293317512025463,2,29.619748749769578
18.14,0.17069399999999998,-0.32333760000000006,9.7806681,-0.061975019544515675,0,0.07900461586280366,0.6268725638787443,2,29.639219916653335
18.156,0.1362609,-0.32333760000000006,9.8644455,-0.05755673262713401,0,0.27614293233638443,0.6254163098613713,2,29.649238227643256
18.172,0.16765290000000002,-0.36071369999999997,9.8644455,-0.053202837616742826,0,0.27211843814941855,0.6240302332994202,2,29.65923379998854
18.187,0.16765290000000002,-0.3262806,9.7926363,-0.05073458285142962,0,0.16455031768754075,0.6227507026459089,2,29.668584657008132
18.203,0.19757340000000004,-0.30685680000000004,9.7372098,-0.049679157213866176,0,0.06596410234772258,0.6214473927253867,2,29.6785382417711
18.218,0.19757340000000004,-0.3307932,9.7821396,-0.04753537625732207,0,0.1429187304362683,0.6202182837243528,2,29.687850734344472
18.234,0.23053500000000002,-0.3307932,9.7866522,-0.04531633487313691,0,0.13869008651155704,0.6189754700353092,2,29.69776428437455
18.25,0.18413369999999998,-0.32932170000000005,9.7866522,-0.04317658320286455,0,0.13373447939203728,0.6177675266907013,2,29.707658228348357
18.265,0.18413369999999998,-0.34580249999999996,9.704346300000001,-0.04308100730550635,0,0.006371726490546569,0.6166205947618886,2,29.71691613925925
18.281,0.18864630000000002,-0.2889045,9.7821396,-0.04113479107455653,0,0.12163851443437686,0.6154468683748482,2,29.726772678964345
18.297,0.145188,-0.2889045,9.7686999,-0.03958173793183484,0,0.09706582142009502,0.614301136142797,2,29.736610663000487
18.312,0.1915893,-0.3173535,9.7686999,-0.03802555021421661,0,0.10374584784121135,0.6132190814817017,2,29.74581706463267
18.328,0.1915893,-0.35178660000000006,9.818044200000001,-0.03527606315308596,0,0.17184294132068462,0.6121326685747633,2,29.755619878633123
18.343,0.1482291,-0.35178660000000006,9.839037600000001,-0.03210027589926234,0,0.2117191502548996,0.6111273460318708,2,29.764794328742674
18.359,0.1631403,-0.3098979,9.839037600000001,-0.029030526699655113,0,0.1918593249754304,0.6101382996110795,2,29.774564453907818
18.375,0.1631403,-0.3173535,9.8225568,-0.026431562975036016,0,0.16243523278871144,0.609194602893682,2,29.784319117127854
18.406,0.1781496,-0.3173535,9.8794548,-0.02250282305467266,0,0.12673354581817764,0.6079361199102216,2,29.803184643331313
18.422,0.21552570000000001,-0.347274,9.8794548,-0.018627228773050675,0,0.242224642601347,0.6071070794955998,2,29.81290498892656
18.437,0.21552570000000001,-0.344331,9.776155500000002,-0.0173660170796186,0,0.08408077956213507,0.6063371301517049,2,29.822005820498916
18.453,0.1870767,-0.36071369999999997,9.7971489,-0.015623852505196822,0,0.10888528590137314,0.6055732111950264,2,29.831701103229687
18.468,0.1482291,-0.3592422,9.7971489,-0.01394169810786039,0,0.11214362648909126,0.6048514695654285,2,29.84077928833539
18.484,0.1482291,-0.3592422,9.6923781,-0.014853927528204025,0,-0.05701433877147083,0.60412110456034,2,29.850451068928397
18.5,0.1646118,-0.3592422,9.7672284,-0.01391335084696621,0,0.05878604257736989,0.6033909663333387,2,29.860111165495546
18.531,0.1796211,-0.3262806,9.7672284,-0.013017459977319845,0,0.028899705472464506,0.6024735387655623,2,29.878802065324578
18.547,0.1796211,-0.37425150000000007,9.7132734,-0.013416277737901439,0,-0.024926110036346802,0.6017620688638405,2,29.888435950185613
18.562,0.16912439999999998,-0.37425150000000007,9.8046045,-0.011584342291767413,0,0.12212902974226374,0.601074564213618,2,29.897457224933696
18.578,0.17510850000000003,-0.3008727,9.8046045,-0.009856099955893427,0,0.10801514599213603,0.6004030406756369,2,29.907069045772808
18.593,0.17510850000000003,-0.2994012,9.8120601,-0.007989377539635356,0,0.12444816108386668,0.5997691995944204,2,29.916070337574833
18.609,0.1586277,-0.3173535,9.7567317,-0.007509851040694571,0,0.029970406183795737,0.5991452057657778,2,29.925661652817716
18.625,0.19757340000000004,-0.3173535,9.883967400000001,-0.00392362926756995,0,0.22413886082031345,0.5985537379233118,2,29.93524324436723
18.64,0.16019730000000001,-0.3083283,9.883967400000001,-0.00044832685002660355,0,0.23168682783621433,0.5980209482524299,2,29.944217554513546
18.656,0.16019730000000001,-0.34580249999999996,9.8674866,0.0025707646494161907,0,0.18869321871519543,0.5975379277548251,2,29.953782025521605
18.672,0.1661814,-0.34580249999999996,9.8809263,0.005846182157485558,0,0.20471359425431254,0.5971052633292804,2,29.96333917105028
18.687,0.19011780000000003,-0.318825,9.8809263,0.009030116521181242,0,0.21226229091303755,0.5967168355693704,2,29.97229283679202
18.703,0.19011780000000003,-0.34128990000000003,9.8046045,0.010294640214247863,0,0.07903273081667254,0.5963714336232538,2,29.98183754294556
18.734,0.19610190000000002,-0.34128990000000003,9.771642900000002,0.010727902045797322,0,0.013976188114497598,0.5961972830282847,2,30.00032235805366
18.75,0.2065986,-0.33226469999999997,9.7806681,0.01136823788517205,0,0.04002098996092492,0.5958740521477325,2,30.009858928735067
18.765,0.205029,-0.36669779999999996,9.702776700000001,0.010124107810838723,0,-0.08294200495555201,0.5955352447404526,2,30.01879449846173
18.797,0.2006145,-0.3771945,9.704346300000001,0.008956124511476204,0,-0.03649947810507866,0.5953405284576097,2,30.037848510832898
18.812,0.2006145,-0.37572300000000003,9.783611100000002,0.009746681096906684,0,0.052703772362029985,0.5949807994996725,2,30.046775920792577
18.828,0.17510850000000003,-0.37572300000000003,9.8809263,0.012877456332267556,0,0.19567345221007604,0.594661792599106,2,30.056293061529367
18.843,0.21258269999999999,-0.3936753,9.8809263,0.015966816484189295,0,0.20595734346144143,0.5943781246452295,2,30.0652108609087
18.859,0.21258269999999999,-0.3083283,9.8240283,0.017520189930442243,0,0.09708584039079839,0.5941460206965467,2,30.074719054071434
18.875,0.1482291,-0.3083283,9.783611100000002,0.0180216859648894,0,0.03134350215295079,0.5939303557037093,2,30.084223665082636
18.89,0.16912439999999998,-0.287433,9.783611100000002,0.018503703389477266,0,0.032134494972523193,0.5937042961238671,2,30.093130924971344
18.906,0.16912439999999998,-0.2754648,9.871999200000001,0.02112021379952722,0,0.1635319006281402,0.5935212874613791,2,30.102628729640024
18.937,0.15568469999999998,-0.3367773,9.818044200000001,0.022398818477959992,0,0.0412453122075056,0.5936958324616802,2,30.12103059499883
18.953,0.1721655,-0.3023442,9.818044200000001,0.023625627824829465,0,0.0766755841793505,0.5935640280321025,2,30.130528673882782
18.968,0.1721655,-0.2679111,9.7567317,0.023303503508566692,0,-0.021474954417517383,0.5934159965171031,2,30.1394310240669
19.0,0.1631403,-0.2679111,9.7507476,0.022839577116883447,0,-0.014497699740101387,0.5936542858071103,2,30.15842414858409
19.015,0.2006145,-0.2724237,9.7507476,0.022407052953834494,0,-0.028834944203262436,0.5934936355326408,2,30.167327757994137
19.031,0.2006145,-0.315882,9.7552602,0.022127015268546657,0,-0.017502355330491756,0.5933499080784198,2,30.176822506343026
19.047,0.16765290000000002,-0.315882,9.735738300000001,0.02136282013578672,0,-0.047762195797490734,0.5931978267616546,2,30.186314888221748
19.062,0.1990449,-0.30685680000000004,9.735738300000001,0.020624638014073327,0,-0.049212141447557686,0.5930127326977785,2,30.195211467417693
19.078,0.1990449,-0.3547296,9.7582032,0.020491549738691717,0,-0.00831801721135153,0.5928416621998007,2,30.204698302576872
19.093,0.1497006,-0.35777070000000005,9.749178,0.020122971850966564,0,-0.024571859181675884,0.5926462711117232,2,30.21358946207671
19.109,0.2080701,-0.35777070000000005,9.803133,0.021104281632002397,0,0.06133186131473269,0.592476089139587,2,30.22307044095872
19.125,0.16765290000000002,-0.38023560000000006,9.803133,0.022063389078629925,0,0.05994421541422706,0.5923214305052721,2,30.232548821115877
19.14,0.16765290000000002,-0.3876912,9.764187300000001,0.022057208418299723,0,-0.0004120440220134313,0.5921523349864991,2,30.241432374357064
19.156,0.173637,-0.3876912,9.866015100000002,0.024535008854094542,0,0.15486252723719324,0.5920250727246783,2,30.250905793618752
19.172,0.1646118,-0.3592422,9.866015100000002,0.026922361670223438,0,0.1492095510080393,0.591936731688873,2,30.26037748805406
19.187,0.1646118,-0.3427614,9.7582032,0.026609610287335883,0,-0.020850092192502875,0.5918382214785547,2,30.269255800202817
19.203,0.20954160000000002,-0.3427614,9.7536906,0.026215508676580512,0,-0.024631350672213385,0.5917608224302661,2,30.278724592554088
19.218,0.2200383,-0.3262806,9.7536906,0.025822877583674853,0,-0.02617540619370966,0.5916511103272181,2,30.28760018204977
19.234,0.2140542,-0.34580249999999996,9.8046045,0.02669369835474633,0,0.054426298191961334,0.5915712429347255,2,30.297065960875866
19.265,0.18109260000000002,-0.37866600000000006,9.7447635,0.026098488130577024,0,-0.019200329811913865,0.591889521825248,2,30.315409602729645
19.281,0.15568469999999998,-0.2889045,9.7447635,0.025432160979065088,0,-0.0416454469695006,0.5918017670181251,2,30.32487913304039
19.297,0.15568469999999998,-0.3262806,9.7821396,0.02572183051503707,0,0.018104345998246812,0.5917109989500781,2,30.33434723516814
19.312,0.11526750000000001,-0.3262806,9.776155500000002,0.025844929029531727,0,0.008206567632976839,0.5915977496466623,2,30.343222050782614
19.328,0.1332198,-0.3218661,9.776155500000002,0.02596701937505763,0,0.007630646595369891,0.5915122452338991,2,30.35268693074166
19.343,0.1332198,-0.32932170000000005,9.7552602,0.02558287968556172,0,-0.02560931263305972,0.5913988694768538,2,30.36155876410199
