timestamps,acc_x,acc_y,acc_z,aAcc,aStages,aJerk,aVelocity,avStages,aHeight
0.015,0.1406754,-0.2080701,9.731225700000001,-0.010760200056205704,0,0.0,0.0,0,0.0
0.031,0.1406754,-0.21856680000000003,9.678840300000001,-0.011782486385092383,0,-0.06389289555541744,0.0,0,0.0
0.046,0.13469129999999999,-0.18864630000000002,9.7911648,-0.010596916850106552,0,0.0790379689990554,0.0,0,0.0
0.062,0.1526436,-0.18864630000000002,9.806076000000001,-0.009137143399426506,0,0.0912358406675029,-6.059497790641163e-06,0,-4.8475982325129306e-08
0.078,0.17510850000000003,-0.1781496,9.806076000000001,-0.0077024820646443,0,0.08966633342388786,0.0,0,-9.695196465025861e-08
0.093,0.17510850000000003,-0.2604555,9.7926363,-0.006523263054917905,0,0.07861460064842637,0.0,0,-9.695196465025861e-08
0.109,0.19011780000000003,-0.2604555,9.717786,-0.006828532537497267,0,-0.01907934266121014,0.0,0,-9.695196465025861e-08
0.125,0.1646118,-0.2290635,9.717786,-0.007152435502563392,0,-0.020243935316632822,0.0,0,-9.695196465025861e-08
0.14,0.15421320000000002,-0.1870767,9.759674700000001,-0.00666985907902351,0,0.03217176156932545,-6.979890832163279e-05,0,-6.20443777062505e-07
0.156,0.1332198,-0.20954160000000002,9.759674700000001,-0.0061938570186885755,0,0.02975012877093344,0.0,0,-1.1788350436355667e-06
0.187,0.1332198,-0.205029,9.728282700000001,-0.006344402717690656,0,-0.004856312871034851,0.0,0,-1.1788350436355667e-06
0.203,0.1511721,-0.1930608,9.719257500000001,-0.006668561393547989,0,-0.02025991724108332,0.0,0,-1.1788350436355667e-06
0.218,0.1392039,-0.1930608,9.7627158,-0.006137999214411494,0,0.03537081194243308,-6.720458046681282e-05,0,-1.6828693971366623e-06
0.234,0.1332198,-0.23347800000000002,9.7627158,-0.005602170336905132,0,0.033489304844147555,0.0,0,-2.2205060408711654e-06
0.25,0.1332198,-0.19610190000000002,9.7686999,-0.004975665532073847,0,0.03915655030195534,0.0,0,-2.2205060408711654e-06
0.265,0.1332198,-0.19610190000000002,9.7013052,-0.005682518163540706,0,-0.047123508764457214,0.0,0,-2.2205060408711654e-06
0.281,0.1287072,-0.2260224,9.7013052,-0.006363945451269615,0,-0.042589205483056745,0.0,0,-2.2205060408711654e-06
0.296,0.1287072,-0.23200650000000003,9.806076000000001,-0.004975672767399075,0,0.09255151225803622,-7.103847104784379e-06,0,-2.273784894157048e-06
0.312,0.1946304,-0.23200650000000003,9.749178,-0.004708431662079349,0,0.016702569082482896,0.0,0,-2.330615670995323e-06
0.343,0.16765290000000002,-0.2484873,9.7252416,-0.004917413617199884,0,-0.006741353390985,0.0,0,-2.330615670995323e-06
0.359,0.1511721,-0.1856052,9.7582032,-0.004508988770608013,0,0.025526552911991972,0.0,0,-2.330615670995323e-06
0.375,0.1466595,-0.1856052,9.776155500000002,-0.0037580194565478564,0,0.04693558212875977,0.0,0,-2.330615670995323e-06
0.39,0.1661814,-0.20355750000000003,9.776155500000002,-0.003008648520111734,0,0.04995806242907477,0.0,0,-2.330615670995323e-06
0.406,0.1661814,-0.1946304,9.7252416,-0.003275502711643341,0,-0.01667838697072542,0.0,0,-2.330615670995323e-06
0.421,0.15568469999999998,-0.1946304,9.7536906,-0.0029828882159712578,0,0.019507633044805607,-2.328572092524751e-05,0,-2.5052585779346788e-06
0.437,0.1212516,-0.21856680000000003,9.7536906,-0.002695654871377684,0,0.017952084037098342,0.0,0,-2.691544345336659e-06
0.453,0.1212516,-0.18413369999999998,9.7342668,-0.002808748493855262,0,-0.007068351404848621,0.0,0,-2.691544345336659e-06
0.468,0.1287072,-0.18413369999999998,9.7372098,-0.0028600576318495996,0,-0.003420609199622501,0.0,0,-2.691544345336659e-06
0.484,0.13469129999999999,-0.21258269999999999,9.7372098,-0.0028974140817901173,0,-0.002334778121282361,0.0,0,-2.691544345336659e-06
0.5,0.13469129999999999,-0.23200650000000003,9.7447635,-0.002777290748918304,0,0.007507708304488318,0.0,0,-2.691544345336659e-06
0.515,0.18864630000000002,-0.1661814,9.704346300000001,-0.003460567345918264,0,-0.04555177313333062,0.0,0,-2.691544345336659e-06
0.531,0.18413369999999998,-0.1661814,9.728282700000001,-0.003662956943541573,0,-0.012649349851456815,0.0,0,-2.691544345336659e-06
0.562,0.19011780000000003,-0.1946304,9.728282700000001,-0.0038487811113068204,0,-0.005994327992427325,0.0,0,-2.691544345336659e-06
0.578,0.19011780000000003,-0.2260224,9.719257500000001,-0.004194542659345046,0,-0.02161009675238925,-3.127341088579247e-05,0,-2.9417316324229974e-06
0.593,0.1466595,-0.2260224,9.714843,-0.004634807156671528,0,-0.02935096648843206,0.0,0,-3.176282214066441e-06
0.609,0.1526436,-0.20208600000000002,9.714843,-0.0050749697804715055,0,-0.02751016398749859,0.0,0,-3.176282214066441e-06
0.625,0.1302768,-0.2065986,9.771642900000002,-0.004397651432473282,0,0.042332396749888944,0.0,0,-3.176282214066441e-06
0.64,0.1272357,-0.205029,9.771642900000002,-0.003735047327097618,0,0.044173607025044206,0.0,0,-3.176282214066441e-06
0.671,0.1272357,-0.2274939,9.833053500000002,-0.001871986083836319,0,0.0600987497826225,0.0,0,-3.176282214066441e-06
0.687,0.1317483,-0.2065986,9.743193900000001,-0.001814732337171776,0,0.0035783591665339257,0.0,0,-3.176282214066441e-06
0.703,0.1332198,-0.2065986,9.699833700000001,-0.0026081373168089783,0,-0.04958781122732544,0.0,0,-3.176282214066441e-06
0.718,0.1466595,-0.2394621,9.699833700000001,-0.0033673739434032512,0,-0.050615775106284816,-8.550017324379742e-06,0,-3.2404073439992892e-06
0.734,0.1466595,-0.1796211,9.771642900000002,-0.0027294378233850836,0,0.039871007501135446,0.0,0,-3.3088074825943273e-06
0.75,0.1511721,-0.1796211,9.7686999,-0.0021603514342967145,0,0.03556789931802303,0.0,0,-3.3088074825943273e-06
0.765,0.1497006,-0.1946304,9.7686999,-0.0015972319953565517,0,0.03754129592934415,0.0,0,-3.3088074825943273e-06
0.781,0.1497006,-0.16912439999999998,9.743193900000001,-0.0015544464574865913,0,0.002674096116872524,0.0,0,-3.3088074825943273e-06
0.796,0.1377324,-0.16912439999999998,9.771642900000002,-0.0009582762359912067,0,0.039744681433025605,0.0,0,-3.3088074825943273e-06
0.812,0.15421320000000002,-0.2350476,9.7821396,-0.0001365137482292056,0,0.05136015548512502,0.0,0,-3.3088074825943273e-06
0.828,0.13469129999999999,-0.2080701,9.743193900000001,-0.00011188631223646439,0,0.0015392147495463342,0.0,0,-3.3088074825943273e-06
0.859,0.1392039,-0.2080701,9.7536906,0.00011925132494639001,0,0.007456052812350135,0.0,0,-3.3088074825943273e-06
0.875,0.1032993,-0.2065986,9.7536906,0.00033649455741446843,0,0.013577702029254889,0.0,0,-3.3088074825943273e-06
0.89,0.1032993,-0.1721655,9.747706500000001,0.00041906172902983485,0,0.00550447810769109,0.0,0,-3.3088074825943273e-06
0.906,0.1466595,-0.1721655,9.7222986,1.2848354430161635e-05,0,-0.025388335912479555,0.0,0,-3.3088074825943273e-06
0.921,0.1392039,-0.1930608,9.7222986,-0.0003798552259421939,0,-0.026180238691490346,0.0,0,-3.3088074825943273e-06
0.937,0.1392039,-0.17667810000000003,9.7342668,-0.0005363572920380477,0,-0.009781379130990855,0.0,0,-3.3088074825943273e-06
0.953,0.16019730000000001,-0.17667810000000003,9.747706500000001,-0.00042001747644171417,0,0.007271238474770891,0.0,0,-3.3088074825943273e-06
0.968,0.1437165,-0.1930608,9.747706500000001,-0.0003049045260361538,0,0.007674196693704016,0.0,0,-3.3088074825943273e-06
0.984,0.1661814,-0.17667810000000003,9.7507476,-0.00013152828555895724,0,0.010836015029824776,0.0,0,-3.3088074825943273e-06
1.0,0.1661814,-0.2230794,9.7672284,0.00038011390761027997,0,0.0319776370730773,0.0,0,-3.3088074825943273e-06
1.015,0.173637,-0.2230794,9.7627158,0.0007958206224376596,0,0.027713780988492157,0.0,0,-3.3088074825943273e-06
1.046,0.1571562,-0.20954160000000002,9.6967926,-0.0001001191939593582,0,-0.028901284399903672,0.0,0,-3.3088074825943273e-06
1.062,0.1287072,-0.20954160000000002,9.7911648,0.0008631351468668669,0,0.06020339630163901,0.0,0,-3.3088074825943273e-06
1.078,0.1661814,-0.2080701,9.7911648,0.001817948365170352,0,0.05967582614396777,0.0,0,-3.3088074825943273e-06
1.093,0.1661814,-0.173637,9.747706500000001,0.001889017914669111,0,0.004737969966583964,0.0,0,-3.3088074825943273e-06
1.109,0.1392039,-0.173637,9.7268112,0.0015408054410137595,0,-0.021763279603459453,0.0,0,-3.3088074825943273e-06
1.125,0.10928340000000002,-0.19757340000000004,9.7268112,0.001200882350746113,0,-0.021245193141727885,0.0,0,-3.3088074825943273e-06
1.14,0.10928340000000002,-0.21552570000000001,9.7552602,0.001432749095712893,0,0.01545778299778543,0.0,0,-3.3088074825943273e-06
1.156,0.1002582,-0.1930608,9.7507476,0.0015604869425303036,0,0.007983615426088157,0.0,0,-3.3088074825943273e-06
1.171,0.13469129999999999,-0.1930608,9.7507476,0.0016938520863956086,0,0.008891009591020257,0.0,0,-3.3088074825943273e-06
1.187,0.145188,-0.2290635,9.7507476,0.0018428303691742087,0,0.0093111426736625,0.0,0,-3.3088074825943273e-06
1.203,0.145188,-0.23200650000000003,9.687865500000001,0.0007577575179791296,0,-0.06781705319969239,0.0,0,-3.3088074825943273e-06
1.218,0.10182780000000001,-0.23200650000000003,9.7701714,0.0012964198326308463,0,0.035910820976781346,0.0,0,-3.3088074825943273e-06
1.234,0.1511721,-0.2200383,9.7701714,0.0018316160007287863,0,0.03344976050612122,0.0,0,-3.3088074825943273e-06
1.25,0.1511721,-0.19757340000000004,9.8120601,0.0031679894617564486,0,0.08352334131422882,0.0,0,-3.3088074825943273e-06
1.265,0.16765290000000002,-0.19757340000000004,9.7686999,0.0036335055182306064,0,0.031034403764944058,0.0,0,-3.3088074825943273e-06
1.296,0.1062423,-0.17510850000000003,9.7686999,0.004064617868964504,0,0.013906850023674056,0.0,0,-3.3088074825943273e-06
1.312,0.1497006,-0.1721655,9.8016615,0.005143542057826522,0,0.06743276180387608,0.0,0,-3.3088074825943273e-06
1.328,0.1497006,-0.1781496,9.711801900000001,0.004441955062468139,0,-0.0438491872098989,0.0,0,-3.3088074825943273e-06
1.343,0.1332198,-0.18109260000000002,9.7387794,0.004279315290036223,0,-0.01084265149546115,1.6832277881106625e-05,0,-3.1825653984860282e-06
1.359,0.1332198,-0.21101310000000004,9.717786,0.003720171565502639,0,-0.03494648278334897,0.0,0,-3.0479071754371753e-06
1.375,0.16765290000000002,-0.21101310000000004,9.7701714,0.004209211552554493,0,0.03056499919074082,0.0,0,-3.0479071754371753e-06
1.406,0.1646118,-0.2200383,9.7447635,0.0041935545581974765,0,-0.0005050643340972973,0.0,0,-3.0479071754371753e-06
1.437,0.1586277,-0.2200383,9.7806681,0.004879999460211337,0,0.022143383935930894,0.0,0,-3.0479071754371753e-06
1.453,0.1212516,-0.1915893,9.7806681,0.005530768011775322,0,0.040673034472749024,0.0,0,-3.0479071754371753e-06
1.468,0.145188,-0.20355750000000003,9.740250900000001,0.00538767206785451,0,-0.009539729594720887,8.032064004498364e-05,0,-2.445502375099802e-06
1.484,0.145188,-0.24103170000000002,9.7536906,0.005527558989522063,0,0.008742932604222091,0.0,0,-1.8029372547399324e-06
1.5,0.11673900000000001,-0.24103170000000002,9.771642900000002,0.006009089570149229,0,0.0300956612891978,0.0,0,-1.8029372547399324e-06
1.515,0.1497006,-0.21856680000000003,9.771642900000002,0.006479631295022159,0,0.031369448324862235,0.0,0,-1.8029372547399324e-06
1.531,0.1497006,-0.21709530000000002,9.746235,0.006442291422567692,0,-0.0023337420284041933,0.0,0,-1.8029372547399324e-06
1.546,0.1466595,-0.21709530000000002,9.749178,0.006462462489585263,0,0.0013447378011714175,5.376211955201819e-05,0,-1.3997213580997926e-06
1.562,0.11526750000000001,-0.18109260000000002,9.749178,0.006459559966536688,0,-0.00018140769053598388,0.0,0,-9.696244016836468e-07
1.578,0.11526750000000001,-0.17069399999999998,9.7342668,0.006160725439844583,0,-0.01867715791825651,0.0,0,-9.696244016836468e-07
1.593,0.1362609,-0.17069399999999998,9.740250900000001,0.005990373158709872,0,-0.011356818742314164,0.0,0,-9.696244016836468e-07
1.609,0.1796211,-0.2274939,9.740250900000001,0.005859899555757053,0,-0.008154600184551157,0.0,0,-9.696244016836468e-07
1.64,0.22455090000000003,-0.1796211,9.7582032,0.0060824986499827816,0,0.0071806159427654495,0.00012914317584590464,0,1.03209482392787e-06
1.656,0.1796211,-0.1796211,9.759674700000001,0.006311338829030788,0,0.014302511190500399,0.0,0,2.065240230695108e-06
1.671,0.1406754,-0.19757340000000004,9.759674700000001,0.00652996528307348,0,0.014575096936179338,0.0,0,2.065240230695108e-06
1.687,0.1406754,-0.23799060000000002,9.7058178,0.005706390876017764,0,-0.051473400440982205,0.0,0,2.065240230695108e-06
1.703,0.1661814,-0.23799060000000002,9.740250900000001,0.005581725575495966,0,-0.007791581282612363,1.279943740363585e-05,0,2.167635729924195e-06
1.718,0.1377324,-0.1990449,9.740250900000001,0.005433679934707669,0,-0.009869709385886521,0.0,0,2.263631510451463e-06
1.734,0.1377324,-0.18864630000000002,9.7536906,0.00554792845531793,0,0.0071405325381412805,0.0,0,2.263631510451463e-06
1.75,0.1302768,-0.18864630000000002,9.740250900000001,0.005394478250071444,0,-0.00959063782790536,0.0,0,2.263631510451463e-06
1.765,0.1571562,-0.17069399999999998,9.740250900000001,0.005245319889205291,0,-0.009943890724410256,0.0,0,2.263631510451463e-06
1.781,0.12272310000000002,-0.2484873,9.7536906,0.005385617867377235,0,0.00876862363574648,0.0,0,2.263631510451463e-06
1.796,0.12272310000000002,-0.19757340000000004,9.7387794,0.005208051852621409,0,-0.011837734317054939,1.51056104907084e-05,0,2.376923589131777e-06
1.812,0.1661814,-0.19757340000000004,9.7103304,0.0044889757299202415,0,-0.04494225766882294,0.0,0,2.4977684730574444e-06
1.828,0.15421320000000002,-0.23053500000000002,9.7103304,0.0037943708316028335,0,-0.04341280614483796,0.0,0,2.4977684730574444e-06
1.843,0.15421320000000002,-0.2065986,9.740250900000001,0.0036892958394290076,0,-0.007004999478255104,0.0,0,2.4977684730574444e-06
1.859,0.1661814,-0.2065986,9.717786,0.00314981461241004,0,-0.03371757668868544,0.0,0,2.4977684730574444e-06
1.89,0.1392039,-0.21709530000000002,9.717786,0.002617088085383301,0,-0.01718472667828195,0.0,0,2.4977684730574444e-06
1.906,0.1392039,-0.1946304,9.7252416,0.002231622842479908,0,-0.024091577681462063,0.0,0,2.4977684730574444e-06
1.921,0.1406754,-0.1946304,9.752219100000001,0.0023829406270117204,0,0.010087852302120753,0.0,0,2.4977684730574444e-06
1.937,0.1482291,-0.20208600000000002,9.752219100000001,0.002536457067728648,0,0.009594777544807967,0.0,0,2.4977684730574444e-06
1.953,0.1631403,-0.1915893,9.7536906,0.002716319861235661,0,0.011241424594188299,1.3952289540204547e-05,0,2.609386789379081e-06
1.968,0.1631403,-0.2350476,9.7208271,0.0022671808724350484,0,-0.029942599253374363,0.0,0,2.714028960930614e-06
1.984,0.1781496,-0.2140542,9.6713847,0.0008534487099698396,0,-0.08835826015407547,0.0,0,2.714028960930614e-06
2.0,0.1781496,-0.19757340000000004,9.735738300000001,0.0007219239324598448,0,-0.008220298594374668,0.0,0,2.714028960930614e-06
2.015,0.1497006,-0.19757340000000004,9.7821396,0.0014931250621383896,0,0.05141340864523589,0.0,0,2.714028960930614e-06
2.031,0.1571562,-0.19011780000000003,9.7821396,0.002248600783003596,0,0.04721723255407535,0.0,0,2.714028960930614e-06
2.062,0.1571562,-0.20355750000000003,9.7297542,0.001967756123224973,0,-0.009059505154149217,0.0,0,2.714028960930614e-06
2.078,0.1661814,-0.20355750000000003,9.806076000000001,0.0031913222439001743,0,0.07647288254220001,0.0,0,2.714028960930614e-06
2.093,0.1511721,-0.20355750000000003,9.806076000000001,0.004386136314669997,0,0.0796542713846542,0.0,0,2.714028960930614e-06
2.125,0.1257642,-0.21709530000000002,9.7552602,0.0045601211665822206,0,0.005437026622256974,0.0,0,2.714028960930614e-06
2.14,0.1406754,-0.21709530000000002,9.6773688,0.003207944614114666,0,-0.09014510349783621,3.0094829011652335e-07,0,2.716286073106488e-06
2.156,0.16765290000000002,-0.19757340000000004,9.6773688,0.0018825069661367877,0,-0.08283985299861733,0.0,0,2.7186936594274203e-06
2.171,0.1796211,-0.2215098,9.719257500000001,0.0014184179021263787,0,-0.030939270934027922,0.0,0,2.7186936594274203e-06
2.187,0.1497006,-0.2006145,9.719257500000001,0.0009445992461927233,0,-0.02961366599585344,0.0,0,2.7186936594274203e-06
2.203,0.1497006,-0.19610190000000002,9.800091900000002,0.0020627479850254815,0,0.06988429617704733,0.0,0,2.7186936594274203e-06
2.218,0.1362609,-0.19610190000000002,9.743193900000001,0.002039814602683876,0,-0.001528892156107026,0.0,0,2.7186936594274203e-06
2.234,0.15568469999999998,-0.23200650000000003,9.743193900000001,0.00203849626962338,0,-8.239581628100005e-05,0.0,0,2.7186936594274203e-06
2.25,0.1631403,-0.1930608,9.749178,0.0021402390936646754,0,0.006358926502580958,0.0,0,2.7186936594274203e-06
2.281,0.1631403,-0.2604555,9.728282700000001,0.0018612024832744822,0,-0.00900118098032877,0.0,0,2.7186936594274203e-06
2.296,0.16019730000000001,-0.2604555,9.7297542,0.0016155173745620033,0,-0.016379007247498946,0.0,0,2.7186936594274203e-06
2.312,0.1257642,-0.2065986,9.7297542,0.0013393963411694187,0,-0.01725756458703652,0.0,0,2.7186936594274203e-06
2.328,0.1257642,-0.22455090000000003,9.7417224,0.0013110746359235037,0,-0.0017701065778696885,0.0,0,2.7186936594274203e-06
2.343,0.11978010000000001,-0.22455090000000003,9.8016615,0.002456708085714965,0,0.0763755633194301,0.0,0,2.7186936594274203e-06
2.359,0.1406754,-0.21709530000000002,9.8016615,0.0035820274521647377,0,0.07033246040311074,0.0,0,2.7186936594274203e-06
2.39,0.1497006,-0.2290635,9.8405091,0.00545466319542065,0,0.060407604621158205,5.514778244480878e-05,0,3.5734842873219602e-06
2.406,0.1796211,-0.23053500000000002,9.7342668,0.00521881261977164,0,-0.014740660978063133,0.0,0,4.014666546880431e-06
2.421,0.1392039,-0.2006145,9.7342668,0.004961625758237886,0,-0.01714579076891727,0.0,0,4.014666546880431e-06
2.437,0.1392039,-0.2230794,9.6654006,0.0033692431154257463,0,-0.09952391517575868,0.0,0,4.014666546880431e-06
2.453,0.1631403,-0.2230794,9.690808500000001,0.0023134126714960956,0,-0.06598940274560311,0.0,0,4.014666546880431e-06
2.468,0.1631403,-0.19610190000000002,9.690808500000001,0.0012668486325715378,0,-0.06977093592830327,0.0,0,4.014666546880431e-06
2.484,0.1631403,-0.23200650000000003,9.7732125,0.0018714288835450787,0,0.037786265685846275,0.0,0,4.014666546880431e-06
2.5,0.173637,-0.23200650000000003,9.783611100000002,0.0026715038933051716,0,0.05000468811000576,0.0,0,4.014666546880431e-06
2.515,0.1511721,-0.1870767,9.783611100000002,0.003429720484902532,0,0.050547772773156946,0.0,0,4.014666546880431e-06
2.531,0.1511721,-0.2200383,9.6474483,0.001517661158933592,0,-0.11950370787305864,2.6369521975901783e-06,0,4.035762164461153e-06
2.546,0.1511721,-0.2200383,9.6280245,-0.0007376196017876424,0,-0.15035205071475216,0.0,0,4.055539305943078e-06
2.562,0.1392039,-0.24544620000000003,9.7956774,0.000345746680224579,0,0.06771039262576378,0.0,0,4.055539305943078e-06
2.578,0.173637,-0.19757340000000004,9.7956774,0.001397429243166215,0,0.0657301601838522,0.0,0,4.055539305943078e-06
2.593,0.173637,-0.1661814,9.803133,0.0025632100417141146,0,0.07771871990319267,0.0,0,4.055539305943078e-06
2.625,0.15421320000000002,-0.1661814,9.708858900000001,0.0018517527454253724,0,-0.022233040509023173,0.0,0,4.055539305943078e-06
2.64,0.1002582,-0.2215098,9.708858900000001,0.0011620392298663518,0,-0.04598090103726766,0.0,0,4.055539305943078e-06
2.656,0.1002582,-0.18109260000000002,9.7103304,0.000498268950472891,0,-0.041485642462091264,0.0,0,4.055539305943078e-06
2.671,0.12272310000000002,-0.18109260000000002,9.699833700000001,-0.00035319528878652307,0,-0.05676428261729548,0.0,0,4.055539305943078e-06
2.687,0.15568469999999998,-0.20355750000000003,9.7956774,0.0007086786228800435,0,0.06636711947916035,0.0,0,4.055539305943078e-06
2.703,0.1317483,-0.20355750000000003,9.7732125,0.0013024947672519716,0,0.03711350902324547,0.0,0,4.055539305943078e-06
2.718,0.1406754,-0.19757340000000004,9.657945000000002,-0.0003747440146959491,0,-0.11181591879652712,0.0,0,4.055539305943078e-06
2.734,0.1571562,-0.205029,9.657945000000002,-0.002011068757898471,0,-0.10227029645015752,0.0,0,4.055539305943078e-06
2.75,0.1571562,-0.2140542,9.699833700000001,-0.002790432534039766,0,-0.04871023600883091,0.0,0,4.055539305943078e-06
2.765,0.1661814,-0.2140542,9.686394000000002,-0.0038149868997674474,0,-0.06830362438184485,0.0,0,4.055539305943078e-06
2.781,0.1497006,-0.21552570000000001,9.686394000000002,-0.004824079567084638,0,-0.06306829170732436,0.0,0,4.055539305943078e-06
2.796,0.1497006,-0.20355750000000003,9.774684,-0.004087867758492791,0,0.049080787239457496,0.0,0,4.055539305943078e-06
2.828,0.1332198,-0.20355750000000003,9.7297542,-0.004251469158839782,0,-0.005112543760843464,0.0,0,4.055539305943078e-06
2.843,0.1272357,-0.2230794,9.7297542,-0.004405043163423272,0,-0.010238266972232575,0.0,0,4.055539305943078e-06
2.859,0.1272357,-0.2006145,9.669913200000002,-0.005738194806843566,0,-0.0833219777137683,0.0,0,4.055539305943078e-06
2.875,0.145188,-0.24544620000000003,9.695321100000001,-0.006522004124306591,0,-0.04898808234143899,0.0,0,4.055539305943078e-06
2.89,0.1406754,-0.24544620000000003,9.7701714,-0.005824715187422669,0,0.046485929125594405,-3.066518881039704e-05,0,3.825550389865098e-06
2.906,0.1437165,-0.21258269999999999,9.7701714,-0.005155329724775726,0,0.04183659141543391,0.0,0,3.5802288793819215e-06
2.921,0.1437165,-0.2260224,9.776155500000002,-0.0043758652598313574,0,0.05196429766295899,0.0,0,3.5802288793819215e-06
2.937,0.1317483,-0.2260224,9.7686999,-0.003761125259455156,0,0.038421250023512564,0.0,0,3.5802288793819215e-06
2.953,0.1721655,-0.23200650000000003,9.7686999,-0.0031433665754274642,0,0.03860991775173069,0.0,0,3.5802288793819215e-06
2.968,0.1721655,-0.21709530000000002,9.7926363,-0.002075285820188455,0,0.07120538368260003,0.0,0,3.5802288793819215e-06
2.984,0.16765290000000002,-0.21709530000000002,9.735738300000001,-0.002144889552809559,0,-0.004350233288819002,0.0,0,3.5802288793819215e-06
3.0,0.1511721,-0.16912439999999998,9.735738300000001,-0.002237068858875091,0,-0.0057612066290957335,0.0,0,3.5802288793819215e-06
3.031,0.17510850000000003,-0.1870767,9.7567317,-0.0019016479541615894,0,0.010820029184306452,0.0,0,3.5802288793819215e-06
3.046,0.1212516,-0.1870767,9.7387794,-0.0019407511672184796,0,-0.002606880870459405,-1.1246436582888243e-05,0,3.4958806050102615e-06
3.062,0.18864630000000002,-0.24103170000000002,9.7387794,-0.0019348261038683034,0,0.00037031645938601055,0.0,0,3.4059091123471555e-06
3.078,0.18864630000000002,-0.2065986,9.7268112,-0.0021791002852360464,0,-0.015267136335483919,0.0,0,3.4059091123471555e-06
3.093,0.1392039,-0.2065986,9.7656588,-0.0016734479911786337,0,0.033710152937160565,0.0,0,3.4059091123471555e-06
3.109,0.1257642,-0.1946304,9.7656588,-0.0011861037494416138,0,0.03045901510856372,0.0,0,3.4059091123471555e-06
3.125,0.1257642,-0.2215098,9.731225700000001,-0.0013720177993477023,0,-0.011619628119130521,0.0,0,3.4059091123471555e-06
3.14,0.1526436,-0.2215098,9.740250900000001,-0.0013698526778540554,0,0.00014434143290979168,0.0,0,3.4059091123471555e-06
3.156,0.1586277,-0.20355750000000003,9.740250900000001,-0.0013735338482110393,0,-0.00023007314731149343,0.0,0,3.4059091123471555e-06
3.171,0.1586277,-0.2350476,9.7327953,-0.0015093724928991747,0,-0.00905590964587589,0.0,0,3.4059091123471555e-06
3.203,0.1406754,-0.20208600000000002,9.7612443,-0.0011048209642456897,0,0.012642235270421399,0.0,0,3.4059091123471555e-06
3.218,0.1317483,-0.20208600000000002,9.7851807,-0.0002414453836596664,0,0.05755837203906774,0.0,0,3.4059091123471555e-06
3.234,0.1437165,-0.23347800000000002,9.7507476,-5.2895143731745975e-05,0,0.011784389995495016,0.0,0,3.4059091123471555e-06
3.25,0.1437165,-0.23347800000000002,9.776155500000002,0.0006299558460955978,0,0.042678186864208954,0.0,0,3.4059091123471555e-06
3.265,0.13469129999999999,-0.1930608,9.776155500000002,0.0012796160734040996,0,0.043310681820566424,0.0,0,3.4059091123471555e-06
3.281,0.13469129999999999,-0.2080701,9.7103304,0.0006323030185608758,0,-0.04045706592770145,0.0,0,3.4059091123471555e-06
3.296,0.15568469999999998,-0.2080701,9.7372098,0.0005306939525233645,0,-0.006773937735834231,0.0,0,3.4059091123471555e-06
3.312,0.1497006,-0.1915893,9.7372098,0.0004226082386722396,0,-0.006755357115695298,0.0,0,3.4059091123471555e-06
3.328,0.1497006,-0.17510850000000003,9.690808500000001,-0.0005990148809793538,0,-0.06385144497822454,0.0,0,3.4059091123471555e-06
3.343,0.18109260000000002,-0.21856680000000003,9.7387794,-0.0006325977859447107,0,-0.002238860331023773,0.0,0,3.4059091123471555e-06
3.359,0.1482291,-0.21856680000000003,9.7507476,-0.0004418284852150123,0,0.011923081295606142,0.0,0,3.4059091123471555e-06
3.375,0.18413369999999998,-0.2274939,9.7507476,-0.00023880412024723796,0,0.012689022810485884,0.0,0,3.4059091123471555e-06
3.39,0.18413369999999998,-0.18109260000000002,9.7732125,0.00038151883564552236,0,0.04135486372618368,0.0,0,3.4059091123471555e-06
3.406,0.1287072,-0.18109260000000002,9.803133,0.0015588151193437483,0,0.07358101773113905,0.0,0,3.4059091123471555e-06
3.437,0.1362609,-0.19757340000000004,9.803133,0.0027212677406911467,0,0.03749847165636806,0.0,0,3.4059091123471555e-06
3.453,0.1362609,-0.2200383,9.783611100000002,0.0034876577390825503,0,0.04789937489946268,0.0,0,3.4059091123471555e-06
3.468,0.1272357,-0.23053500000000002,9.7208271,0.0030107656263744786,0,-0.03179280751387118,0.0,0,3.4059091123471555e-06
3.484,0.1272357,-0.16765290000000002,9.728282700000001,0.0026641330108443384,0,-0.021664538470633744,0.0,0,3.4059091123471555e-06
3.5,0.1586277,-0.20208600000000002,9.7417224,0.0026095963970416136,0,-0.003408538362670296,0.0,0,3.4059091123471555e-06
3.515,0.1781496,-0.20208600000000002,9.704346300000001,0.0018301596666532305,0,-0.05196244869255844,0.0,0,3.4059091123471555e-06
3.531,0.1466595,-0.2274939,9.704346300000001,0.0010666992367927008,0,-0.04771627686628306,0.0,0,3.4059091123471555e-06
3.562,0.1466595,-0.205029,9.7701714,0.0015986518262529614,0,0.017159760950331157,0.0,0,3.4059091123471555e-06
3.578,0.13469129999999999,-0.205029,9.7342668,0.001413007036395797,0,-0.01160279936607277,0.0,0,3.4059091123471555e-06
3.593,0.17667810000000003,-0.19757340000000004,9.7342668,0.0012411426836127504,0,-0.011457623518869677,0.0,0,3.4059091123471555e-06
3.609,0.17667810000000003,-0.2080701,9.7536906,0.001457644440920447,0,0.013531359831731026,0.0,0,3.4059091123471555e-06
3.625,0.1646118,-0.2080701,9.728282700000001,0.0011677538950607413,0,-0.018118159116231585,0.0,0,3.4059091123471555e-06
3.64,0.16765290000000002,-0.18413369999999998,9.728282700000001,0.0008751077956983266,0,-0.01950973995749415,0.0,0,3.4059091123471555e-06
3.656,0.16765290000000002,-0.18413369999999998,9.7252416,0.0005285899760369972,0,-0.02165736372883307,0.0,0,3.4059091123471555e-06
3.671,0.1796211,-0.2080701,9.743193900000001,0.0005543810520016734,0,0.0017194050643117849,0.0,0,3.4059091123471555e-06
3.687,0.1377324,-0.2080701,9.7791966,0.0012719996431016511,0,0.044851161943748566,0.0,0,3.4059091123471555e-06
3.703,0.1212516,-0.142245,9.7791966,0.0019481573566313415,0,0.04225985709560561,0.0,0,3.4059091123471555e-06
3.718,0.1212516,-0.1930608,9.735738300000001,0.0017762440732322915,0,-0.011460885559936572,0.0,0,3.4059091123471555e-06
3.75,0.1511721,-0.2215098,9.7268112,0.0014528051893485383,0,-0.010107465121367279,0.0,0,3.4059091123471555e-06
3.765,0.1511721,-0.2080701,9.7895952,0.002360522637021134,0,0.06051449651150588,0.0,0,3.4059091123471555e-06
3.781,0.1870767,-0.2080701,9.743193900000001,0.002353143343185593,0,-0.0004612058647213142,0.0,0,3.4059091123471555e-06
3.812,0.1796211,-0.1990449,9.759674700000001,0.0026624939704245065,0,0.009979052491577952,1.2090877061769756e-05,0,3.5933177068045848e-06
3.828,0.15568469999999998,-0.1856052,9.7582032,0.0029236839641697543,0,0.01632437460907797,0.0,0,3.690044723298743e-06
3.843,0.1212516,-0.1856052,9.747706500000001,0.0029644103534245403,0,0.002715092616985711,0.0,0,3.690044723298743e-06
3.859,0.1661814,-0.21856680000000003,9.747706500000001,0.0030307173125869724,0,0.004144184947652004,0.0,0,3.690044723298743e-06
3.875,0.1661814,-0.1990449,9.7806681,0.003733605729260958,0,0.043930526042124066,0.0,0,3.690044723298743e-06
3.89,0.1377324,-0.1990449,9.749178,0.0037967849345772464,0,0.004211947021085851,0.0,0,3.690044723298743e-06
3.906,0.1870767,-0.1870767,9.749178,0.0038701918002388425,0,0.004587929103849748,0.0,0,3.690044723298743e-06
3.937,0.1870767,-0.19610190000000002,9.752219100000001,0.004005242077436577,0,0.004356460554765677,0.0,0,3.690044723298743e-06
3.953,0.142245,-0.19610190000000002,9.7552602,0.004182418165393997,0,0.011073505497338754,8.400864487285997e-06,0,3.757251639197031e-06
3.968,0.1526436,-0.2080701,9.7552602,0.004364060664492797,0,0.012109499939919879,0.0,0,3.820258122851676e-06
3.984,0.1526436,-0.2080701,9.716314500000001,0.00377876848396852,0,-0.03658076128276729,0.0,0,3.820258122851676e-06
4.0,0.16166880000000003,-0.21856680000000003,9.7851807,0.004562123954650943,0,0.0489597169176514,0.0,0,3.820258122851676e-06
4.015,0.145188,-0.258984,9.7851807,0.005344384780503475,0,0.052150721723503254,0.0,0,3.820258122851676e-06
4.031,0.145188,-0.20208600000000002,9.8091171,0.006554223112727797,0,0.07561489576402007,0.0,0,3.820258122851676e-06
4.046,0.1257642,-0.20208600000000002,9.6923781,0.00544676232547836,0,-0.07383071914995966,0.0,0,3.820258122851676e-06
4.062,0.1571562,-0.21856680000000003,9.6923781,0.004377007088482543,0,-0.06685970231223853,4.245445316582684e-05,0,4.1598937481782915e-06
4.093,0.1571562,-0.1930608,9.7956774,0.005342427211488143,0,0.03114258461308419,0.0,0,4.817937772248601e-06
4.109,0.1631403,-0.1930608,9.731225700000001,0.0050274996555597085,0,-0.019682972245527158,0.0,0,4.817937772248601e-06
4.125,0.18413369999999998,-0.16019730000000001,9.731225700000001,0.004714397468296383,0,-0.019568886703957827,0.0,0,4.817937772248601e-06
4.14,0.1212516,-0.21552570000000001,9.7387794,0.004557094755194058,0,-0.01048684754015524,0.0,0,4.817937772248601e-06
4.171,0.1497006,-0.21552570000000001,9.759674700000001,0.004820197058295506,0,0.008487171067788481,6.888449152787218e-05,0,5.88564739093064e-06
4.187,0.1571562,-0.2274939,9.759674700000001,0.005085761945327505,0,0.016597805439499944,0.0,0,6.4367233231536185e-06
4.203,0.1571562,-0.23200650000000003,9.7327953,0.004821372428038373,0,-0.016524344830570734,0.0,0,6.4367233231536185e-06
4.218,0.145188,-0.23200650000000003,9.749178,0.004879626226905742,0,0.003883586591158033,0.0,0,6.4367233231536185e-06
4.234,0.17069399999999998,-0.1856052,9.749178,0.004925357530968455,0,0.0028582065039195444,0.0,0,6.4367233231536185e-06
4.25,0.17069399999999998,-0.2140542,9.7013052,0.004043311118040904,0,-0.05512790080797187,0.0,0,6.4367233231536185e-06
4.265,0.16912439999999998,-0.18864630000000002,9.6923781,0.0029927032698893186,0,-0.0700405232101072,3.1060556204050987e-06,0,6.460018740306656e-06
4.281,0.16912439999999998,-0.1915893,9.723770100000001,0.002579143349644042,0,-0.025847495015329767,0.0,0,6.484867185269897e-06
4.312,0.16019730000000001,-0.19610190000000002,9.759674700000001,0.0028762667079806903,0,0.009584624462472349,0.0,0,6.484867185269897e-06
4.328,0.1631403,-0.19610190000000002,9.714843,0.0022897682418125953,0,-0.0366561541355059,0.0,0,6.484867185269897e-06
4.343,0.1586277,-0.2274939,9.714843,0.0017267193764443078,0,-0.0375365910245533,0.0,0,6.484867185269897e-06
4.359,0.1586277,-0.2065986,9.728282700000001,0.0014289895211039294,0,-0.018608115958773635,0.0,0,6.484867185269897e-06
4.375,0.1362609,-0.2065986,9.6773688,0.00013246560138036045,0,-0.08103274498272299,0.0,0,6.484867185269897e-06
4.39,0.145188,-0.24103170000000002,9.6773688,-0.001120482843766979,0,-0.08352989634315774,0.0,0,6.484867185269897e-06
4.406,0.145188,-0.20355750000000003,9.681881400000002,-0.0022772829414297036,0,-0.07230000610392022,0.0,0,6.484867185269897e-06
4.421,0.18266220000000002,-0.20355750000000003,9.7103304,-0.002841362700191752,0,-0.037605317250801795,0.0,0,6.484867185269897e-06
4.437,0.145188,-0.21552570000000001,9.7103304,-0.003401719628381983,0,-0.03502230801188941,0.0,0,6.484867185269897e-06
4.453,0.145188,-0.2230794,9.7132734,-0.0038900611456096357,0,-0.030521344826728275,0.0,0,6.484867185269897e-06
4.468,0.1661814,-0.2065986,9.632439,-0.005953770073293896,0,-0.1375805951789536,0.0,0,6.484867185269897e-06
4.484,0.1062423,-0.2065986,9.657945000000002,-0.0074936554448790105,0,-0.09624283572406958,0.0,0,6.484867185269897e-06
4.5,0.16912439999999998,-0.20355750000000003,9.657945000000002,-0.008987041226582448,0,-0.09333661135646479,0.0,0,6.484867185269897e-06
4.515,0.16912439999999998,-0.21258269999999999,9.698362200000002,-0.009655151766823522,0,-0.04454070268273919,0.0,0,6.484867185269897e-06
4.546,0.18266220000000002,-0.21101310000000004,9.687865500000001,-0.010511754016388153,0,-0.027632330631116604,-0.00020548926811594708,0,3.2997835294726575e-06
4.562,0.18266220000000002,-0.1437165,9.6519609,-0.012079518227222863,0,-0.0979852631771693,0.0,0,1.6558693845450795e-06
4.578,0.1721655,-0.1437165,9.6503913,-0.013651092228382566,0,-0.09822337507248138,-9.206432970967904e-05,0,9.193547468676465e-07
4.593,0.1302768,-0.1781496,9.6503913,-0.015193461925250062,0,-0.10282464645783526,0.0,0,2.2887227404506845e-07
4.609,0.1302768,-0.20208600000000002,9.6099741,-0.01748859267989822,0,-0.1434456721655096,-6.98549227031043e-05,0,-3.2996710757976644e-07
4.625,0.1466595,-0.23053500000000002,9.5785821,-0.0203368224311955,0,-0.17801435945607996,0.0,0,-8.888064892046013e-07
4.656,0.1482291,-0.21709530000000002,9.5307093,-0.02407321340297308,0,-0.12052874102508446,-0.0005608137990214617,0,-9.581420374037172e-06
4.671,0.1482291,-0.20355750000000003,9.5022603,-0.028299825985460103,0,-0.28177417216579076,-0.00045361159443472457,0,-1.7189610824958858e-05
4.687,0.1661814,-0.20355750000000003,9.512757,-0.03223200328712217,0,-0.24576108135387886,-0.00043786622861538343,0,-2.4321433409359728e-05
4.703,0.1586277,-0.24701580000000004,9.512757,-0.036069434759708585,0,-0.23983946703665082,-0.0004842777329900302,1,-3.1698585102203044e-05
4.734,0.1497006,-0.2006145,9.4513464,-0.041059565668366105,0,-0.16097196479540546,-0.0011797772396251764,1,-5.749143717773849e-05
4.75,0.1646118,-0.2350476,9.4513464,-0.04593143673921496,0,-0.3044919419280531,-0.0013757052588858247,1,-7.793529716582651e-05
4.765,0.1646118,-0.2290635,9.4259385,-0.05120863230367867,0,-0.35181303763092153,-0.0016042557767075119,1,-0.00010028500493277606
4.781,0.1526436,-0.21856680000000003,9.394448400000002,-0.05700839130230051,0,-0.36248493741386467,-0.0019699919655553465,1,-0.00012887898687087896
4.812,0.1466595,-0.21856680000000003,9.3614868,-0.06334234938495875,0,-0.20432122847284268,-0.0033354284462078975,1,-0.00021111300325321077
4.828,0.1466595,-0.24103170000000002,9.3614868,-0.06954130400254677,0,-0.3874346635992506,-0.003898497673307942,1,-0.0002689844122093375
4.843,0.1466595,-0.2080701,9.3166551,-0.07651293339228715,1,-0.46477529264936895,-0.004993904453769172,1,-0.0003356774281624144
4.859,0.1257642,-0.2080701,9.3630564,-0.08244433080719915,1,-0.3707123384319996,-0.0062655625673650635,1,-0.0004257531643314884
4.875,0.1511721,-0.18864630000000002,9.3630564,-0.0882601269650749,1,-0.3634872598672342,-0.007631198229543256,1,-0.000536927250706755
4.89,0.1511721,-0.2006145,9.304686900000002,-0.09510109724065252,1,-0.4560646850385176,-0.009006407411086183,1,-0.0006617092930114732
4.906,0.1511721,-0.2006145,9.225324,-0.10336349450390969,1,-0.5163998289535727,-0.010594124145042683,1,-0.0008185135454605042
4.921,0.16912439999999998,-0.2260224,9.225324,-0.1114462608627278,1,-0.5388510905878533,-0.012205197310292525,1,-0.0009895084563755247
4.937,0.16912439999999998,-0.2230794,9.195403500000001,-0.11995835122579912,1,-0.5320056476919572,-0.014056434207000743,1,-0.001199601508513871
4.953,0.1990449,-0.1796211,9.2148273,-0.127929751422462,1,-0.49821251229142893,-0.016039539028186833,1,-0.0014403692943953717
4.968,0.1571562,-0.1796211,9.247788900000002,-0.13511462832410714,1,-0.4789917934430205,-0.01801237187628606,1,-0.0016957586261789129
4.984,0.1302768,-0.2394621,9.247788900000002,-0.1421402364965374,1,-0.43910051077689044,-0.020230410794851217,1,-0.002001700887548011
5.0,0.1302768,-0.21552570000000001,9.211884300000001,-0.1497433785499691,1,-0.4751963783394815,-0.022565479715223272,1,-0.0023440680116286073
5.015,0.1122264,-0.21552570000000001,9.1175121,-0.1590518815016484,1,-0.620566863445299,-0.024881444165610354,1,-0.002699919940734852
5.031,0.1122264,-0.21709530000000002,9.1175121,-0.1681771348848624,1,-0.5703283364508754,-0.027499276296702443,1,-0.0031189657044333545
5.046,0.1122264,-0.21552570000000001,9.1639134,-0.1762146835391274,1,-0.5358365769509784,-0.030082214934882466,1,-0.0035508268886702576
5.062,0.145188,-0.21552570000000001,9.1534167,-0.1842912940974557,1,-0.5047881598955191,-0.03296626275597513,1,-0.004055214710197119
5.093,0.19011780000000003,-0.2065986,9.030693600000001,-0.19460263406359957,1,-0.3326238698756117,-0.03883911864247143,1,-0.00516819812187303
5.109,0.1497006,-0.21258269999999999,9.0411903,-0.20451824021868248,1,-0.6197253846926815,-0.04203208563672969,1,-0.005815167756106639
5.125,0.13469129999999999,-0.21258269999999999,9.002244600000001,-0.2150073937369843,1,-0.6555720948938631,-0.04538829070837502,1,-0.006514530766867477
5.14,0.13469129999999999,-0.205029,9.002244600000001,-0.22529431170265468,1,-0.6857945310447069,-0.04869055349917224,1,-0.0072201220984240665
5.156,0.13469129999999999,-0.2006145,8.9873334,-0.2356737458905389,1,-0.6487146367427638,-0.052378297959917795,1,-0.008028672910096787
5.171,0.15421320000000002,-0.2006145,9.026181000000001,-0.24508209446099727,1,-0.6272232380305335,-0.05598396676255445,1,-0.00884138989551536
5.187,0.16019730000000001,-0.1946304,9.026181000000001,-0.25430649080389855,1,-0.5765247714313299,-0.059979075444673624,1,-0.009769094233173185
5.203,0.16019730000000001,-0.1796211,8.9828208,-0.2642060120765066,1,-0.6187200795380038,-0.06412717546771687,1,-0.01076194424047231
5.218,0.15421320000000002,-0.1796211,8.9828208,-0.27391347780868536,1,-0.6471643821452626,-0.06816307164185573,1,-0.011754121093794083
5.234,0.1466595,-0.19757340000000004,8.9828208,-0.2834256928150065,1,-0.5945134378950717,-0.07262178500684527,1,-0.012880399946983692
5.25,0.1466595,-0.2200383,8.9828208,-0.2927411587801476,1,-0.5822166228213183,-0.07723111981960651,1,-0.014079223185595307
5.265,0.1856052,-0.21258269999999999,8.9618274,-0.3022748024459059,1,-0.6355762443838977,-0.08169373952880181,1,-0.015271159630708344
5.281,0.1796211,-0.21258269999999999,9.095047200000002,-0.3090129889739277,1,-0.42113665800136385,-0.08658404186016048,1,-0.016617381881820045
5.296,0.15421320000000002,-0.21856680000000003,9.095047200000002,-0.31562541332613847,1,-0.4408282901473677,-0.09126882987741115,1,-0.017951278419851883
5.312,0.15421320000000002,-0.18413369999999998,8.948387700000001,-0.3249977812971725,1,-0.5857729981896259,-0.09639381543439765,1,-0.019452579582346356
5.328,0.17069399999999998,-0.18413369999999998,8.936419500000001,-0.33441509101532674,1,-0.5885818573846396,-0.10166911841289765,1,-0.02103708305312472
5.359,0.1332198,-0.2215098,8.936419500000001,-0.34364361062785953,1,-0.2976941810494479,-0.11217902828836693,1,-0.02435172932699429
5.375,0.1332198,-0.1915893,8.936419500000001,-0.35270473372083266,1,-0.5663201933108203,-0.11774981504315647,1,-0.026191160073646476
5.39,0.16166880000000003,-0.1915893,8.9783082,-0.36075796184893605,1,-0.5368818752069038,-0.12310078525992962,1,-0.027997539575919585
5.406,0.1466595,-0.2290635,8.9783082,-0.3686411288526017,1,-0.49269793772910253,-0.12893597798554193,1,-0.03001383368188336
5.421,0.1466595,-0.20355750000000003,8.9828208,-0.376293320114641,1,-0.5101460841359347,-0.13452298635279647,1,-0.031989775914420975
5.437,0.1646118,-0.17510850000000003,8.9978301,-0.3835069299459377,1,-0.45085061445604385,-0.1406013883532811,1,-0.034190770912069596
5.453,0.1212516,-0.22455090000000003,8.9978301,-0.3905710746519393,1,-0.44150904412509867,-0.14679401239006412,1,-0.03648993411801636
5.468,0.1212516,-0.2200383,8.882562600000002,-0.39975814696536816,1,-0.6124714875619368,-0.1527214815521938,1,-0.038736300322583246
5.484,0.1511721,-0.2200383,8.9543718,-0.40734869477625857,1,-0.4744092381806504,-0.15917833628612682,1,-0.04123149886528981
5.515,0.1856052,-0.20954160000000002,8.9543718,-0.41478265242573187,1,-0.239805085466883,-0.17192137216775755,1,-0.04636354434632497
5.531,0.1856052,-0.2425032,8.9783082,-0.4215854719481893,1,-0.42517622015358875,-0.17861231716274892,1,-0.04916781386096902
5.546,0.1497006,-0.2425032,8.9019864,-0.42976378793178505,1,-0.5452210655730295,-0.18499743661184898,1,-0.051894887014278614
5.562,0.18266220000000002,-0.1930608,8.9019864,-0.43779339128114714,1,-0.5018502093351302,-0.19193789404555245,1,-0.05491036965953783
5.578,0.18266220000000002,-0.20954160000000002,8.9333784,-0.4450430167776531,1,-0.45310159353162366,-0.19900058531002285,1,-0.05803787749438243
5.593,0.1571562,-0.20954160000000002,8.955843300000002,-0.4517197009481446,1,-0.44511227803277603,-0.20572630569296618,1,-0.061073329176904785
5.609,0.1571562,-0.20954160000000002,8.8990434,-0.45937871422546195,1,-0.47868832983233256,-0.21301509301435503,1,-0.06442326036656336
5.625,0.1511721,-0.2006145,8.8990434,-0.46689361474577673,1,-0.46968128251967345,-0.22042527164612494,1,-0.0678907832838472
5.64,0.10928340000000002,-0.22455090000000003,8.9050275,-0.4741446825735114,1,-0.4834045218489875,-0.22748305887601944,1,-0.07125009576276321
5.671,0.1646118,-0.2215098,8.9050275,-0.48123838879394754,1,-0.22882923291729076,-0.24229149648221532,1,-0.078531601370816
5.687,0.1646118,-0.21258269999999999,8.9498592,-0.48731861254541897,1,-0.38001398446696444,-0.25003995249293026,1,-0.08247025296261716
5.703,0.1571562,-0.21258269999999999,8.9019864,-0.49422051386746446,1,-0.4313688326278427,-0.25789226550423333,1,-0.08653371070659448
5.718,0.17667810000000003,-0.23200650000000003,8.9019864,-0.500970404003402,1,-0.44999267572917756,-0.26535619738826466,1,-0.09045807417828813
5.734,0.1796211,-0.2858634,8.9304354,-0.5069986677213674,1,-0.3767664823728364,-0.2734199499620628,1,-0.09476828335709075
5.75,0.1796211,-0.2215098,8.931906900000001,-0.5129157149373711,1,-0.3698154510002324,-0.28157926502333275,1,-0.09920827707697392
5.765,0.1586277,-0.2215098,8.9184672,-0.5189879329137064,1,-0.40481453175569404,-0.28931854238221566,1,-0.10349001063251545
5.781,0.1482291,-0.21709530000000002,8.9184672,-0.5249467213938566,1,-0.37242428000938654,-0.29767001961667616,1,-0.10818591912850659
5.796,0.1482291,-0.2274939,8.960355900000001,-0.5299626226180116,1,-0.3343934149436588,-0.3055818396967655,1,-0.11271030807335757
5.812,0.18266220000000002,-0.2274939,8.9574129,-0.5349253880506932,1,-0.3101728395425993,-0.31410094378211517,1,-0.11766777034118861
5.828,0.16166880000000003,-0.1990449,8.9574129,-0.5398120275837943,1,-0.3054149708188178,-0.3226988431071911,1,-0.12276216863630307
5.843,0.16166880000000003,-0.24103170000000002,8.9797797,-0.5441443012573934,1,-0.28881824490661406,-0.33082851557349985,1,-0.12766362382640814
5.859,0.18413369999999998,-0.24103170000000002,8.9304354,-0.5493501324046104,1,-0.3253644467010594,-0.33957647104279587,1,-0.1330268637193385
5.89,0.1377324,-0.1915893,8.9304354,-0.5544937477423044,1,-0.16592307540948648,-0.3566860511850729,1,-0.14381893281387037
5.906,0.1466595,-0.2290635,8.8974738,-0.5601624286790123,1,-0.35429255854424435,-0.36560330059644347,1,-0.14959724762812251
5.921,0.1466595,-0.20355750000000003,8.9214102,-0.565262957141428,1,-0.3400352308277011,-0.3740439909900971,1,-0.15514460231502178
5.937,0.11821050000000001,-0.20355750000000003,8.9259228,-0.5701833012618582,1,-0.3075215075268864,-0.38312756105732343,1,-0.16120197473140116
5.953,0.145188,-0.21101310000000004,8.9259228,-0.5749959725920561,1,-0.3007919581373694,-0.39228899524815475,1,-0.167405307181845
5.968,0.1661814,-0.2260224,8.888546700000001,-0.5804324012912119,1,-0.36242857994372285,-0.40095470805227906,1,-0.1733546349565981
5.984,0.16765290000000002,-0.23053500000000002,8.888546700000001,-0.5857594205119163,1,-0.3329387012940274,-0.4102842426267041,1,-0.17984454656202997
6.015,0.16765290000000002,-0.20355750000000003,8.9693811,-0.5894106015581801,1,-0.11778003375044727,-0.4284993779687904,1,-0.19284569268126
6.031,0.1466595,-0.20355750000000003,8.948387700000001,-0.5934088742597918,1,-0.24989204385072994,-0.43796193377533416,1,-0.199777383175213
6.046,0.1856052,-0.2559429,8.948387700000001,-0.5972882201009533,1,-0.25862305607742037,-0.4468921619830401,1,-0.20641378889340106
6.062,0.1781496,-0.2575125,8.955843300000002,-0.6009474884868009,1,-0.22870427411547636,-0.45647804765174216,1,-0.21364075057047932
6.078,0.1781496,-0.23799060000000002,8.940932100000001,-0.6048378047882856,1,-0.24314476884279546,-0.46612432999794284,1,-0.22102156959167682
6.093,0.1272357,-0.2140542,8.9543718,-0.6084173190708846,1,-0.23863428550660176,-0.47522374342688645,1,-0.22808168014236288
6.109,0.1272357,-0.18413369999999998,8.9737956,-0.6115589464040454,1,-0.1963517083225506,-0.4849835535506859,1,-0.23576333851818346
6.125,0.173637,-0.18413369999999998,8.9454447,-0.6151794046023085,1,-0.2262786373914414,-0.4947974603587367,1,-0.24360158662945885
6.156,0.1362609,-0.2290635,8.9454447,-0.6187212245012361,1,-0.11425225480411906,-0.5139229201098419,1,-0.2592367525267217
6.171,0.1362609,-0.19011780000000003,8.9933175,-0.6212731186167613,1,-0.1701262743683365,-0.5232228776832272,1,-0.26701534601017
6.187,0.173637,-0.19011780000000003,8.8929612,-0.6257293090700795,1,-0.27851190333238995,-0.5331988971047219,1,-0.2754667202084736
6.203,0.1497006,-0.1930608,8.8929612,-0.6301054094739946,1,-0.2735062752446946,-0.5432455748530745,1,-0.284078275984136
6.218,0.1287072,-0.20355750000000003,8.9933175,-0.6324304996507149,1,-0.15500601178135154,-0.5527145941715096,1,-0.29229797725182016
6.234,0.1287072,-0.24701580000000004,8.9693811,-0.6351577783215934,1,-0.1704549169299073,-0.5628553003952881,1,-0.30122253640835456
6.25,0.15421320000000002,-0.24701580000000004,8.928963900000001,-0.638615772227423,1,-0.2161246191143549,-0.5730454887996802,1,-0.3103097427219143
6.265,0.18864630000000002,-0.2006145,8.928963900000001,-0.6420158007695118,1,-0.22666856947258898,-0.582650225597157,1,-0.3189774605798904
6.281,0.18864630000000002,-0.2230794,8.9229798,-0.6454559889161828,1,-0.21501175916693852,-0.5929499999146425,1,-0.3283822623839848
6.296,0.17069399999999998,-0.2230794,8.934948,-0.648601252059887,1,-0.2096842095802663,-0.6026554292219634,1,-0.3373493031025097
6.312,0.1406754,-0.2290635,8.934948,-0.6516921270296638,1,-0.19317968561105553,-0.6130577762546797,1,-0.34707500874632286
6.328,0.1406754,-0.21101310000000004,8.9229798,-0.654965684986399,1,-0.20459737229594468,-0.6235110387508083,1,-0.35696755926636675
6.343,0.1856052,-0.21101310000000004,8.937891,-0.6578667239236342,1,-0.1934025958156879,-0.6333572818176333,1,-0.3663940716706299
6.359,0.15421320000000002,-0.2274939,8.937891,-0.6607146519316345,1,-0.1779955005000165,-0.6439059328244755,1,-0.37661217738776676
6.375,0.1586277,-0.2260224,8.955843300000002,-0.6631541173976245,1,-0.15246659162437823,-0.6544968829791096,1,-0.38699939991419546
6.39,0.1586277,-0.2230794,8.9618274,-0.6654299158290033,1,-0.1517198954252577,-0.6644612632283091,1,-0.3968915860107509
6.421,0.17667810000000003,-0.2215098,9.0038142,-0.6668323745284859,1,-0.04524060320911279,-0.6851113287288506,1,-0.41780996118608726
6.437,0.17667810000000003,-0.24701580000000004,8.927394300000001,-0.6696918992785807,1,-0.17872029688092966,-0.6958035229193071,1,-0.42885727999927253
6.453,0.1511721,-0.24701580000000004,8.960355900000001,-0.671858565690945,1,-0.1354166507727682,-0.7065359266390634,1,-0.4400759955957395
6.468,0.145188,-0.1915893,8.960355900000001,-0.6740112753005718,1,-0.14351397397512095,-0.7166299504464996,1,-0.450749739673881
6.484,0.145188,-0.19757340000000004,8.906499,-0.6771748479620943,1,-0.19772329134515304,-0.7274394394326009,1,-0.4623022947929138
6.5,0.1392039,-0.19757340000000004,8.9902764,-0.6786361671272179,1,-0.09133244782022479,-0.7382859275533155,1,-0.4740280977288011
6.515,0.1571562,-0.1586277,8.9902764,-0.6800781560033897,1,-0.09613259174479288,-0.7484762849767947,1,-0.4851788143227767
6.531,0.1497006,-0.1796211,9.0217665,-0.6808693785484774,1,-0.049451409067979804,-0.7593638652532096,1,-0.49724153552461675
6.546,0.1497006,-0.2260224,8.960355900000001,-0.6828282231544396,1,-0.130589640397474,-0.7695915972659819,1,-0.5087087014935111
6.562,0.1796211,-0.2260224,8.963397,-0.6846782846924189,1,-0.11562884612370529,-0.7805316493287568,1,-0.5211096874662691
6.578,0.1257642,-0.2394621,8.963397,-0.6865032118760279,1,-0.11405794897556544,-0.7915011013013045,1,-0.5336859494713095
6.593,0.1257642,-0.2230794,8.964868500000001,-0.6882717996836529,1,-0.11790585384166988,-0.8018119138880019,1,-0.5456357970852291
6.609,0.1362609,-0.2230794,8.9393625,-0.6905026073038556,1,-0.13942547626266666,-0.812842109143902,1,-0.5585530292694844
6.625,0.1586277,-0.18413369999999998,8.9393625,-0.692699828942505,1,-0.13732635241558977,-0.8239077286338728,1,-0.5716470279717065
6.656,0.1586277,-0.1781496,8.9469162,-0.69470828544363,1,-0.0647889193911268,-0.8454125544068577,1,-0.5975214923588376
6.671,0.1392039,-0.2200383,8.9393625,-0.6968134760053672,1,-0.14034603744914817,-0.8558489676177256,1,-0.6102809537740224
6.687,0.1437165,-0.17510850000000003,8.9842923,-0.6980147571679112,1,-0.07508007265899501,-0.8670075934831117,1,-0.6240638062628291
6.703,0.1437165,-0.1870767,8.907970500000001,-0.7006837410450419,1,-0.16681149232067302,-0.8781971814688154,1,-0.6380254444624445
6.718,0.1362609,-0.1870767,8.9214102,-0.7030392536966001,1,-0.15703417677055004,-0.8887251039293775,1,-0.6512773616029306
6.734,0.16912439999999998,-0.20208600000000002,8.9214102,-0.7053311389019168,1,-0.14324282533229024,-0.8999920670701657,1,-0.6655870989709269
6.75,0.16912439999999998,-0.23347800000000002,8.960355900000001,-0.7067998220925045,1,-0.0917926994117301,-0.911289114758121,1,-0.6800773484255532
6.765,0.19757340000000004,-0.23347800000000002,8.928963900000001,-0.708843469407002,1,-0.13624315429984132,-0.9219064394443671,1,-0.6938263150820716
6.781,0.1661814,-0.17510850000000003,8.928963900000001,-0.7108857507063533,1,-0.1276425812094527,-0.9332642732052739,1,-0.7086676807832687
6.796,0.1661814,-0.205029,8.9229798,-0.7129927878756703,1,-0.14046914462113058,-0.9439433622446395,1,-0.7227467380491436
6.812,0.1437165,-0.205029,8.9469162,-0.7145969995586743,1,-0.100263230187747,-0.9553640805441143,1,-0.7379411975914536
6.828,0.20208600000000002,-0.258984,8.9469162,-0.7161202308131696,1,-0.09520195340595441,-0.966809818387089,1,-0.7533185887829033
6.843,0.17667810000000003,-0.2274939,8.955843300000002,-0.7174659599438282,1,-0.08971527537724647,-0.9775617148177662,1,-0.7679013752819394
6.859,0.17667810000000003,-0.20355750000000003,8.9498592,-0.7189138737782681,1,-0.090494614652492,-0.989052753487543,1,-0.7836342910283819
6.89,0.1631403,-0.20355750000000003,8.9902764,-0.7195462751267367,1,-0.02040004349898883,-1.0113488857955704,1,-0.8146405164372699
6.906,0.10928340000000002,-0.19757340000000004,8.9902764,-0.7201848869928735,1,-0.039913241633549,-1.0228667350925273,1,-0.8309142414043746
6.921,0.10928340000000002,-0.2065986,8.9543718,-0.7215107735213646,1,-0.08839243523273549,-1.0336794525463846,1,-0.8463383378116671
6.937,0.1302768,-0.2065986,8.9304354,-0.7232743241167299,1,-0.11022191221032863,-1.0452377333274894,1,-0.8629696752986581
6.953,0.1661814,-0.21552570000000001,8.9304354,-0.7249874796650602,1,-0.10707222177064314,-1.0568238277577438,1,-0.87978616778734
6.968,0.1661814,-0.21101310000000004,8.976836700000002,-0.725759735716391,1,-0.05148373675538774,-1.0677044318731044,1,-0.895720129734571
6.984,0.1212516,-0.21101310000000004,8.96634,-0.726736689882971,1,-0.06105963541125353,-1.0793244032778992,1,-0.912896360415779
7.0,0.1870767,-0.2140542,8.96634,-0.7276708932854028,1,-0.05838771265198601,-1.0909596639432462,1,-0.9302586329535483
7.031,0.1212516,-0.22455090000000003,9.0052857,-0.727840595462359,1,-0.005474263772781385,-1.1135200920188362,1,-0.9644280691709602
7.046,0.17510850000000003,-0.22455090000000003,8.976836700000002,-0.7285471454034642,1,-0.04710332940701118,-1.1244430000753303,1,-0.9812127923616671
7.062,0.1571562,-0.2425032,8.976836700000002,-0.7292372000453291,1,-0.04312841511655559,-1.1361052748389207,1,-0.9992971785609812
7.078,0.1571562,-0.2575125,8.9259228,-0.7309032775735584,1,-0.10412984551433348,-1.1477863986598718,1,-1.0175683119489716
7.093,0.18413369999999998,-0.2575125,8.896002300000001,-0.733112886763335,1,-0.1473072793184384,-1.1587665198923982,1,-1.0348674588381133
7.109,0.18266220000000002,-0.2350476,8.896002300000001,-0.7352919521169721,1,-0.13619158460231862,-1.1705137586034406,1,-1.05350170106608
7.125,0.18266220000000002,-0.17667810000000003,8.960355900000001,-0.7361934383781037,1,-0.0563428913207264,-1.1822856417274012,1,-1.0723240962687268
7.14,0.15568469999999998,-0.17667810000000003,8.988804900000002,-0.7365296001851558,1,-0.0224107871368067,-1.1933310645166255,1,-1.0901412215655566
7.171,0.15421320000000002,-0.18864630000000002,8.9993016,-0.7366491585469763,1,-0.003856721349049527,-1.216165335276974,1,-1.1274884157623581
7.187,0.15421320000000002,-0.1796211,8.964868500000001,-0.7374449166272967,1,-0.049734880020024755,-1.227958087878368,1,-1.1470414031476008
7.218,0.18109260000000002,-0.1796211,8.9574129,-0.738361348011912,1,-0.029562302729525432,-1.2508330849802756,1,-1.1854626663269094
7.234,0.17069399999999998,-0.19011780000000003,8.9574129,-0.739259566232942,1,-0.056138638814373594,-1.2626540522942344,1,-1.2055705634251055
7.25,0.17069399999999998,-0.19757340000000004,8.9393625,-0.7404907888626369,1,-0.07695141435593016,-1.2744920551349992,1,-1.2258677322845393
7.265,0.205029,-0.19757340000000004,8.924451300000001,-0.7419759563992496,1,-0.09901116910751968,-1.285610555724463,1,-1.2450685018659848
7.281,0.1078119,-0.2274939,8.9678115,-0.7426015696854655,1,-0.03910083038849429,-1.2974871759331408,1,-1.2657332837192456
7.296,0.1317483,-0.2274939,8.9828208,-0.7429144759517392,1,-0.020860417751577306,-1.3086285462754201,1,-1.2852791516358106
7.312,0.1930608,-0.23799060000000002,8.9828208,-0.7431941925541015,1,-0.017482287647641023,-1.320517415623467,1,-1.3063123193310018
7.328,0.1032993,-0.2738952,9.0127413,-0.742891027574597,1,0.01894781121902776,-1.3324060973844964,1,-1.3275357074350655
7.343,0.1032993,-0.1915893,8.96634,-0.7435450281124094,1,-0.04360003585416051,-1.3435543678021487,1,-1.347605410923965
7.359,0.1392039,-0.1915893,8.927394300000001,-0.7449400616323469,1,-0.08718959499609538,-1.3554622485201067,1,-1.3691975438545432
7.375,0.1212516,-0.2649681,8.927394300000001,-0.7462760994481741,1,-0.0835023634891962,-1.3673919778087509,1,-1.3909803776651741
7.39,0.1212516,-0.24544620000000003,8.963397,-0.7468912726087584,1,-0.04101154403895741,-1.3785907330991776,1,-1.4115752479969832
7.406,0.1586277,-0.24544620000000003,8.907970500000001,-0.7485691608595353,1,-0.10486801567355365,-1.390554416566924,1,-1.433728409194312
7.437,0.15421320000000002,-0.1856052,8.9469162,-0.7494806823231794,1,-0.02940391818206878,-1.4137741891362565,1,-1.4771955025827121
7.453,0.15568469999999998,-0.1856052,8.9259228,-0.7507853154303739,1,-0.08153956919965115,-1.425776317118285,1,-1.4999119066327484
7.484,0.1856052,-0.1721655,8.9259228,-0.7520584350584585,1,-0.04106837509950457,-1.4490703952508617,1,-1.5444720306744697
7.5,0.1781496,-0.21709530000000002,8.976836700000002,-0.7522925470397848,1,-0.014631998832892444,-1.4611052031076477,1,-1.5677534354613378
7.515,0.1781496,-0.24103170000000002,8.9873334,-0.7523043954377648,1,-0.0007898931986716375,-1.472389680176229,1,-1.5897546470859665
7.531,0.16166880000000003,-0.24103170000000002,8.8945308,-0.7541408184306828,1,-0.1147764370573733,-1.4844412418871766,1,-1.6134092944624738
7.546,0.1526436,-0.19610190000000002,8.8945308,-0.7559659968550765,1,-0.12167856162624004,-1.4957670430018202,1,-1.6357608565991422
7.562,0.1526436,-0.2260224,9.000773100000002,-0.7556592567297962,1,0.01917125783001959,-1.507860045030499,1,-1.6597898733034007
7.578,0.16166880000000003,-0.2260224,8.9184672,-0.7569685081809165,1,-0.08182821569502334,-1.5199610671497847,1,-1.684012442200843
7.593,0.1466595,-0.2215098,8.9184672,-0.7582593919365745,1,-0.08605891704386857,-1.5313252764006657,1,-1.706897089777471
7.609,0.1466595,-0.23200650000000003,9.002244600000001,-0.7578778096351435,1,0.023848893839439868,-1.5434543740132396,1,-1.7314953269807822
7.625,0.11673900000000001,-0.23200650000000003,8.9469162,-0.7585967049827183,1,-0.044930959223421454,-1.5555861701301825,1,-1.7562876513339296
7.64,0.1571562,-0.2200383,8.9469162,-0.7592953049989042,1,-0.046573334412396666,-1.5669703602050444,1,-1.7797068253114434
7.656,0.18109260000000002,-0.16912439999999998,8.8929612,-0.7610505745164513,1,-0.1097043448466949,-1.5791331272411673,1,-1.804875653211013
7.671,0.18109260000000002,-0.20208600000000002,8.9678115,-0.7612909678032729,1,-0.01602621912143752,-1.5905506888085656,1,-1.828648281831387
7.687,0.1586277,-0.20208600000000002,8.9214102,-0.762444441562117,1,-0.0720921099277571,-1.6027405720834889,1,-1.8541946119185233
7.703,0.1781496,-0.1870767,8.9214102,-0.7635744924956178,1,-0.07062818334380154,-1.6149487235559508,1,-1.879936126283639
7.734,0.1212516,-0.19757340000000004,8.9902764,-0.7633467981617699,1,0.007344978511224259,-1.6386160035611401,1,-1.9303663795539534
7.75,0.18864630000000002,-0.205029,8.9902764,-0.7630975300307448,1,0.015579258189069009,-1.6508275581866803,1,-1.956681928047936
7.765,0.18864630000000002,-0.2499588,8.9184672,-0.7642380322472739,1,-0.07603348110194637,-1.662282574903765,1,-1.9815302540461137
7.781,0.205029,-0.2499588,8.9574129,-0.7645859442713956,1,-0.02174450150760341,-1.6745131667159145,1,-2.008224619979071
7.796,0.10928340000000002,-0.2215098,8.9574129,-0.7649746283481598,1,-0.02591227178427759,-1.6859848710105616,1,-2.0334283552620205
7.812,0.1392039,-0.2200383,8.972324100000002,-0.7650560145689553,1,-0.005086638799722816,-1.6982251161538986,1,-2.0605020351593364
7.828,0.1392039,-0.2365191,8.9574129,-0.7654198263660543,1,-0.02273823731868683,-1.7104689228813788,1,-2.0877715874716185
7.843,0.1482291,-0.2365191,8.9454447,-0.7660082232364207,1,-0.039226458024426245,-1.721954633253397,1,-2.1135147641426286
7.859,0.145188,-0.23200650000000003,8.9454447,-0.7665883764560899,1,-0.03625957622932493,-1.7342154060509372,1,-2.141164124457063
7.875,0.145188,-0.2365191,8.943875100000001,-0.7671855997180099,1,-0.037326453870001296,-1.74648559786033,1,-2.1690097324883535
7.89,0.1526436,-0.2365191,8.9708526,-0.7672399702999737,1,-0.0036247054642521274,-1.7579937896354647,1,-2.1952933278945714
7.906,0.1497006,-0.2425032,8.9708526,-0.7672911155838484,1,-0.0031965802421707293,-1.7702700383225354,1,-2.2235194385182355
7.921,0.1497006,-0.21552570000000001,8.912483100000001,-0.7684987631238265,1,-0.080509835998533,-1.7817884624128433,1,-2.250159877273752
7.937,0.16019730000000001,-0.21552570000000001,9.014212800000001,-0.7676853492680511,1,0.050838365985961205,-1.7940779353119782,1,-2.2787668084555506
7.953,0.1437165,-0.2140542,8.9978301,-0.7672151149970112,1,0.029389641939991912,-1.8063571390260988,1,-2.3075702890502554
7.968,0.11978010000000001,-0.1915893,8.9978301,-0.7667708962399278,1,0.029614583805563813,-1.8178620341103757,1,-2.3347519328487785
7.984,0.11978010000000001,-0.19610190000000002,8.9678115,-0.7669218895453742,1,-0.009437081590402121,-1.8301315763966581,1,-2.363935881732835
8.015,0.10928340000000002,-0.19610190000000002,8.972324100000002,-0.7669840952852063,1,-0.002006636768776296,-1.8539071191615326,1,-2.421038481513988
8.031,0.1078119,-0.21258269999999999,8.972324100000002,-0.7670380729796253,1,-0.003373605901191287,-1.8661792965076514,1,-2.4507991728393415
8.046,0.1078119,-0.21101310000000004,8.9588844,-0.7673551500699034,1,-0.021138472685205818,-1.8776872456805218,1,-2.4788781719057504
8.062,0.145188,-0.21101310000000004,8.924451300000001,-0.7683305477846485,1,-0.06096235717156778,-1.8899727312633583,1,-2.5090194517213016
8.078,0.15421320000000002,-0.21258269999999999,8.924451300000001,-0.7692831227758496,1,-0.05953593695007248,-1.9022736406278422,1,-2.539357422696431
8.093,0.15421320000000002,-0.2484873,8.9618274,-0.7694663695519548,1,-0.012216451740342896,-1.9138142618203011,1,-2.5679780819647933
8.109,0.17069399999999998,-0.2484873,8.972324100000002,-0.769434467150699,1,0.0019939000784896504,-1.9261254685139224,1,-2.5986975998074673
8.125,0.173637,-0.2215098,8.943875100000001,-0.7699734792019353,1,-0.03368825320226862,-1.9384407320847434,1,-2.6296141294122566
8.14,0.18109260000000002,-0.21101310000000004,8.943875100000001,-0.7705039989716074,1,-0.035367984644806054,-1.9499943131710455,1,-2.658777392251676
8.156,0.18109260000000002,-0.2365191,8.943875100000001,-0.7710116104777569,1,-0.031725719134345604,-1.9623264380466405,1,-2.6900759582614175
8.171,0.1497006,-0.21856680000000003,8.952900300000001,-0.7713527097862958,1,-0.02273995390259333,-1.97389417044862,1,-2.7195976128251296
8.187,0.1497006,-0.2499588,8.9393625,-0.7719363290249817,1,-0.03647620241786772,-1.9862404827591102,1,-2.7512786900507913
8.203,0.16019730000000001,-0.2499588,8.9454447,-0.77238574602117,1,-0.02808856226177434,-1.9985950593594788,1,-2.78315737438774
8.234,0.1930608,-0.23799060000000002,8.96634,-0.7724105592929025,1,-0.0008004281204008481,-2.0225394020918466,1,-2.845484958540237
8.265,0.1497006,-0.2484873,8.9588844,-0.7725916589638935,1,-0.005841924870677403,-2.0464869364748273,1,-2.9085548667880214
8.281,0.1526436,-0.2484873,8.952900300000001,-0.7728855075825756,1,-0.01836553866763067,-2.058850753807199,1,-2.9413975683102778
8.296,0.20208600000000002,-0.2425032,8.952900300000001,-0.7731576152589206,1,-0.01814051175633489,-2.0704460772285094,1,-2.972367294543043
8.328,0.12272310000000002,-0.258984,8.9259228,-0.7739722531644659,1,-0.02545743454829272,-2.0952001551232837,1,-3.039017634260672
8.343,0.15568469999999998,-0.2200383,8.9259228,-0.7747813242280746,1,-0.053938070907238816,-2.1068158069537284,1,-3.070532753976251
8.359,0.15568469999999998,-0.22455090000000003,8.964868500000001,-0.7748090433973243,1,-0.0017324480781066838,-2.1192125298947317,1,-3.1043409806710387
8.375,0.13469129999999999,-0.22455090000000003,8.9514288,-0.77510629363187,1,-0.01857813965910891,-2.1316118525909653,1,-3.1383475757309243
8.39,0.1078119,-0.2006145,8.9514288,-0.7754159938135707,1,-0.020646678780048142,-2.1432407697468068,1,-3.1704089703984586
8.406,0.1078119,-0.1856052,9.014212800000001,-0.7744952609426949,1,0.057545804429737175,-2.155640059784857,1,-3.204800017034712
8.421,0.1406754,-0.2006145,8.988804900000002,-0.7740754099566587,1,0.02799006573575239,-2.1672543398166013,1,-3.2372217250317203
8.437,0.1272357,-0.2006145,8.9858619,-0.7737254028179485,1,0.02187544616938373,-2.1796367463187982,1,-3.2719968537208035
8.453,0.1511721,-0.2350476,8.9858619,-0.7733586307520284,1,0.022923254120010818,-2.192013418587358,1,-3.3069700550400527
8.468,0.1511721,-0.2499588,8.8855056,-0.7749578837769686,1,-0.10661686832934525,-2.2036257924463256,1,-3.3399373491228066
8.484,0.1212516,-0.2499588,8.9873334,-0.774539108464996,1,0.026173456998290743,-2.216021768384261,1,-3.375294529609451
8.5,0.142245,-0.1915893,8.9873334,-0.7741506156436913,1,0.02428080133154429,-2.228411286177131,1,-3.4108499940459422
8.531,0.1482291,-0.19011780000000003,8.96634,-0.7741799442798598,1,-0.0009460850376953826,-2.2524104098559463,1,-3.480302730334456
8.546,0.1332198,-0.21101310000000004,8.96634,-0.7742041537867923,1,-0.0016139671288330126,-2.2640232905914455,1,-3.5141759830878088
8.562,0.1332198,-0.2559429,8.896002300000001,-0.7755834102807295,1,-0.08620353087107616,-2.276421591103986,1,-3.550499542141372
8.578,0.1107549,-0.18266220000000002,8.948387700000001,-0.7759501970736213,1,-0.022924174555738454,-2.2888338599628204,1,-3.5870215857499064
8.593,0.1302768,-0.18266220000000002,8.976836700000002,-0.7757469894121733,1,0.01354717742986552,-2.3004715888614644,1,-3.62144137661609
8.609,0.19610190000000002,-0.19757340000000004,8.976836700000002,-0.7755181224720378,1,0.014304183758473409,-2.312881709756538,1,-3.658348203005034
8.625,0.19610190000000002,-0.21258269999999999,8.882562600000002,-0.7771345660700621,1,-0.10102772487652337,-2.3253029312648748,1,-3.695453680133205
8.64,0.16912439999999998,-0.21258269999999999,8.9902764,-0.7766191240564915,1,0.034362800904710514,-2.3369560839408243,1,-3.730420622747249
8.656,0.19011780000000003,-0.2215098,8.9902764,-0.7761013447038341,1,0.03236120954108743,-2.349377847690907,1,-3.767911294200303
8.671,0.19011780000000003,-0.23200650000000003,8.931906900000001,-0.7767323888075701,1,-0.04206960691573971,-2.3610241006922412,1,-3.8032393088131737
8.687,0.16765290000000002,-0.23200650000000003,8.9050275,-0.7778866525130415,1,-0.07214148159195848,-2.373461053022806,1,-3.841115190042894
8.703,0.1946304,-0.23799060000000002,8.9050275,-0.7790044348305933,1,-0.06986139484699277,-2.385916181721555,1,-3.879190207920849
8.718,0.19011780000000003,-0.2065986,8.9229798,-0.7797657358278034,1,-0.05075339981400188,-2.3976069580014934,1,-3.915066631468773
8.734,0.19011780000000003,-0.2738952,8.9214102,-0.7805073575287391,1,-0.04635135630848271,-2.4100891427483457,1,-3.953528200274772
8.765,0.1437165,-0.2738952,9.032263200000001,-0.7790791502032963,1,0.04607120404654102,-2.434262733618193,1,-4.028615654358455
8.781,0.16166880000000003,-0.20208600000000002,9.032263200000001,-0.7777100806161332,1,0.08556684919769346,-2.446717047464748,1,-4.067663492607118
8.796,0.16166880000000003,-0.1930608,8.960355900000001,-0.7777811199904257,1,-0.004735958286162072,-2.4583832314692966,1,-4.10445174469912
8.812,0.1377324,-0.1930608,9.014212800000001,-0.776802954623216,1,0.061135335450601624,-2.4708199040662056,1,-4.143885369783404
8.828,0.11821050000000001,-0.20355750000000003,9.014212800000001,-0.7758448749700104,1,0.059879978325350025,-2.4832410867029515,1,-4.183517857709557
8.843,0.0777933,-0.2140542,8.9678115,-0.7758189659379209,1,0.0017272688059695258,-2.4948785655097616,1,-4.220853755101154
8.859,0.13469129999999999,-0.1915893,8.9678115,-0.7757903112184703,1,0.0017909199656607185,-2.507291439727013,1,-4.260871115143048
8.875,0.1437165,-0.21101310000000004,8.903457900000001,-0.7770122470048406,1,-0.07637098664814428,-2.5197138601927995,1,-4.301087157542407
8.906,0.1437165,-0.23200650000000003,8.934948,-0.7775828225731178,1,-0.018405663492813223,-2.5438100837712585,1,-4.379571778673851
8.937,0.09878670000000002,-0.21258269999999999,8.909442,-0.7786635775826394,1,-0.03486306482327679,-2.567931902973672,1,-4.458803779468394
8.953,0.09878670000000002,-0.2394621,8.928963900000001,-0.7793271548506784,1,-0.04147357925243785,-2.580395828833139,1,-4.499990401322849
8.968,0.17069399999999998,-0.2394621,8.9933175,-0.7786952981883015,1,0.04212377749178919,-2.5920809972309318,1,-4.538783977518331
8.984,0.1946304,-0.2499588,8.9933175,-0.7780607065212592,1,0.03966197919014199,-2.6045350452686082,1,-4.580356905858327
9.0,0.1946304,-0.2499588,8.884034100000001,-0.7795800250416871,1,-0.09495740752674112,-2.616996171121112,1,-4.622129155589445
9.015,0.1661814,-0.2499588,8.960355900000001,-0.779585214030531,1,-0.0003459325895960188,-2.628689910414154,1,-4.66147180120096
9.031,0.1646118,-0.2575125,8.960355900000001,-0.7795866772709044,1,-9.145252333198065e-05,-2.6411632855445655,1,-4.70363062676863
9.046,0.18413369999999998,-0.24103170000000002,8.9019864,-0.7807334922739795,1,-0.07645433353834742,-2.6528656868161513,1,-4.743335844061333
9.062,0.18413369999999998,-0.2365191,8.988804900000002,-0.7801588240571942,1,0.035916763549081986,-2.6653528253468006,1,-4.785881592158637
9.078,0.1377324,-0.2365191,8.9618274,-0.7801404296854848,1,0.0011496482318351642,-2.677835219376742,1,-4.828627096516425
9.109,0.1781496,-0.205029,8.9618274,-0.7801236396086519,1,0.0005416153817052207,-2.7020193124508016,1,-4.912014841759754
9.14,0.18109260000000002,-0.21856680000000003,8.888546700000001,-0.7815359027125783,1,-0.045556874320205346,-2.726225035356781,1,-4.996152629150773
9.156,0.1466595,-0.21101310000000004,8.888546700000001,-0.782936493789494,1,-0.08753694230723133,-2.7387408145287977,1,-5.039872355949857
9.171,0.1332198,-0.21709530000000002,8.9169957,-0.7837533032747626,1,-0.05445396568457248,-2.7504909880067787,1,-5.0810415944688705
9.187,0.18109260000000002,-0.2649681,8.9169957,-0.7845122021920687,1,-0.047431182331636415,-2.7630371120505135,1,-5.125149819269329
9.203,0.1511721,-0.2274939,9.0247095,-0.7831763669323042,1,0.08348970373528435,-2.7755786206035085,1,-5.169458745130561
9.218,0.1511721,-0.1915893,8.936419500000001,-0.7836136015805053,1,-0.029148976546739726,-2.787329545367355,1,-5.211180556375345
9.234,0.1990449,-0.1915893,8.9618274,-0.7835259205170058,1,0.005480066468721562,-2.799866661544135,1,-5.255878126030637
9.265,0.1721655,-0.1946304,8.909442,-0.78447631562954,1,-0.03065790685594305,-2.824170696204407,1,-5.343050705075741
9.281,0.18266220000000002,-0.1946304,8.884034100000001,-0.7859019489344998,1,-0.08910208155998847,-2.8367337223209192,1,-5.388337940423943
9.296,0.1406754,-0.21101310000000004,8.884034100000001,-0.7873072733367561,1,-0.09368829348375884,-2.8485327914879526,1,-5.430977439277506
9.328,0.1721655,-0.2529999,8.964868500000001,-0.7870686301948755,1,0.007457598183768781,-2.8737228059444586,1,-5.522533528836425
9.343,0.1257642,-0.2215098,9.0741519,-0.7847241521573025,1,0.15629853583819298,-2.8855112518121,1,-5.5657277842696
9.359,0.1392039,-0.20954160000000002,9.0741519,-0.7824273699246618,1,0.14354888954004594,-2.898048463988756,1,-5.6119962619960075
9.375,0.1392039,-0.1930608,9.0337347,-0.7809750092824075,1,0.09077254014089312,-2.9105556830224124,1,-5.6584650951720965
9.39,0.1362609,-0.1930608,9.0337347,-0.7795520058067282,1,0.0948668983786132,-2.9222596356355814,1,-5.702211210062033
9.406,0.10928340000000002,-0.20208600000000002,9.0337347,-0.7781602218546961,1,0.08698649700200614,-2.934721333456873,1,-5.749067057814773
9.421,0.10928340000000002,-0.21709530000000002,9.042661800000001,-0.7766139241813104,1,0.10308651155905936,-2.946382139552142,1,-5.793175333862337
9.437,0.113796,-0.21709530000000002,9.0770949,-0.7744219431874875,1,0.13699881211393083,-2.9587904264910927,1,-5.840416714390683
9.468,0.10928340000000002,-0.1990449,9.0770949,-0.7722821393350792,1,0.0690259307228473,-2.982764339770193,1,-5.932510813267735
9.484,0.10928340000000002,-0.2350476,9.023238,-0.7712230033464635,1,0.06619599928847636,-2.995112380911645,1,-5.980333827033189
9.5,0.09584369999999999,-0.2350476,9.1010313,-0.7686628681233518,1,0.16000845144448203,-3.0074314678834035,1,-6.02835417782355
9.515,0.1287072,-0.21709530000000002,9.0502155,-0.7671497289489242,1,0.10087594496183856,-3.018950062361446,1,-6.073552039300388
9.546,0.1287072,-0.1946304,9.0980883,-0.764737903069765,1,0.07780083481159086,-3.0426943206577346,1,-6.1675075272371815
9.562,0.1332198,-0.1946304,9.0486459,-0.7633412260981398,1,0.08729231072657209,-3.054918953691078,1,-6.216288433431972
9.578,0.1392039,-0.145188,9.0486459,-0.7619883676732222,1,0.08455365155735077,-3.067121590441249,1,-6.2652647577850304
9.593,0.1392039,-0.20208600000000002,9.1280088,-0.7590850656419459,1,0.19355346875174675,-3.078529641191113,1,-6.311357142022275
9.609,0.1107549,-0.20208600000000002,9.1894194,-0.7550425777228771,1,0.25265549494180006,-3.090642662338032,1,-6.3607105204505086
9.625,0.1497006,-0.1915893,9.1894194,-0.7510729430908363,1,0.2481021645025503,-3.1026915865045415,1,-6.410257194441249
9.64,0.1497006,-0.23200650000000003,9.171467100000001,-0.7475147331123058,1,0.23721399856869188,-3.1139309940760653,1,-6.456881863795606
9.656,0.16765290000000002,-0.23200650000000003,9.1983465,-0.743493413412704,1,0.2513324812251081,-3.1258590592482656,1,-6.5068001842222
9.671,0.18109260000000002,-0.16912439999999998,9.207371700000001,-0.7393959222297237,1,0.27316607886537575,-3.136980729265583,1,-6.5537714826360505
9.687,0.1482291,-0.21552570000000001,9.207371700000001,-0.735371296080455,1,0.25153913432929254,-3.1487788670120644,1,-6.604057559406272
9.703,0.1482291,-0.23053500000000002,9.1938339,-0.7316837877102813,1,0.230469273135858,-3.1605153076823904,1,-6.654531912803828
9.718,0.15568469999999998,-0.23053500000000002,9.2702538,-0.7265684186737804,1,0.34102460243338,-3.1714521992302713,1,-6.702021669105674
9.734,0.1406754,-0.2290635,9.2702538,-0.7215587680935958,1,0.31310316126154064,-3.1830372167244105,1,-6.752857584433312
9.75,0.1406754,-0.2529999,9.2088432,-0.7178386872164673,1,0.23250505482053077,-3.194552396366891,1,-6.803878301338043
9.765,0.18413369999999998,-0.2529999,9.273196800000001,-0.7129154168292207,1,0.3282180258164278,-3.205283052147234,1,-6.8518770672019
9.781,0.1646118,-0.2843919,9.273196800000001,-0.7080780500400206,1,0.3023354243250062,-3.216650999882188,1,-6.903252539618135
9.796,0.1646118,-0.2604555,9.2702538,-0.7034069875875808,1,0.3114041634960088,-3.2272371376643942,1,-6.951581700649731
9.812,0.15421320000000002,-0.2604555,9.4004325,-0.6962798360879123,1,0.4454469687292791,-3.238434632253798,1,-7.003307074809077
9.828,0.11526750000000001,-0.24544620000000003,9.3630564,-0.6900438473639454,1,0.38974929524793167,-3.249525221721413,1,-7.055210753640878
9.843,0.10928340000000002,-0.23799060000000002,9.3630564,-0.6839353118584803,1,0.40723570036432355,-3.2598300654155814,1,-7.1040309182944075
9.875,0.10928340000000002,-0.1721655,9.349518600000001,-0.6782401965262199,1,0.17797235413313778,-3.2816248735497364,1,-7.208694197317852
9.89,0.10182780000000001,-0.1721655,9.3555027,-0.6725410917270978,1,0.37994031994146343,-3.2917557332116365,1,-7.257994551868564
9.906,0.11526750000000001,-0.20355750000000003,9.3555027,-0.6669383206787405,1,0.350173190522329,-3.3024715685108834,1,-7.310748370282345
9.921,0.11526750000000001,-0.2080701,9.4288815,-0.6600051231681316,1,0.46221316737395957,-3.3124236443397344,1,-7.36036008437872
9.937,0.1062423,-0.18266220000000002,9.4034736,-0.6537183371494457,1,0.3929241261678703,-3.322933432022275,1,-7.413442940989616
9.953,0.1062423,-0.18864630000000002,9.5276682,-0.6451179540310505,1,0.5375239448996978,-3.333324122351719,1,-7.466693001424608
9.968,0.16166880000000003,-0.18864630000000002,9.4393782,-0.638401513220682,1,0.44776272069122275,-3.3429505183561075,1,-7.516765061229918
9.984,0.145188,-0.2290635,9.4797954,-0.6310123212530403,1,0.4618244979776028,-3.353105829031897,1,-7.5703335120090225
10.0,0.18109260000000002,-0.1870767,9.4797954,-0.6237739673369784,1,0.4523971197538664,-3.363144119340617,1,-7.6240635115960025
10.015,0.18109260000000002,-0.2200383,9.5052033,-0.6161656999334983,1,0.5072178268986531,-3.372443666845146,1,-7.674580419992398
10.031,0.1497006,-0.2200383,9.5007888,-0.608803845244811,1,0.46011591804295776,-3.3822434232065723,1,-7.728617916712811
10.046,0.1781496,-0.205029,9.5007888,-0.6015833007888478,1,0.4813696303975859,-3.391321326801824,1,-7.77941965233787
10.062,0.1781496,-0.20355750000000003,9.5261967,-0.5940069629529035,1,0.4735211147465219,-3.400886048911758,1,-7.833757311343579
10.093,0.1721655,-0.20355750000000003,9.556117200000001,-0.5859948897667309,1,0.2584539737474979,-3.419176077628913,1,-7.939468274304962
10.109,0.1856052,-0.19610190000000002,9.556117200000001,-0.5781380407444807,1,0.49105306389063363,-3.4284891410730025,1,-7.994249596054577
10.125,0.1856052,-0.20208600000000002,9.5501331,-0.5705500909162424,1,0.47424686426489293,-3.4376786461262885,1,-8.049178938352172
10.14,0.1332198,-0.20208600000000002,9.6773688,-0.5606340364683113,1,0.6610702965287142,-3.446162527081673,1,-8.100807747151235
10.156,0.16019730000000001,-0.21856680000000003,9.581623200000001,-0.5527739989760843,1,0.491252343264192,-3.4550697913652284,1,-8.15601760569881
10.171,0.1078119,-0.18864630000000002,9.6369516,-0.5440103098932134,1,0.584245938858103,-3.4632956736817473,1,-8.207905346686658
10.203,0.1437165,-0.18864630000000002,9.6070311,-0.5359957712655152,1,0.2504543321155681,-3.480575770980287,1,-8.31900728980125
10.218,0.1302768,-0.23200650000000003,9.7507476,-0.5253066237239477,1,0.7126098361044783,-3.4885355389427084,1,-8.371275624625675
10.234,0.1212516,-0.23200650000000003,9.695321100000001,-0.5159157493753792,1,0.5869296467855273,-3.496865317927503,1,-8.427158831480636
10.25,0.1437165,-0.261927,9.695321100000001,-0.5066880551734769,1,0.576730887618892,-3.505046148363894,1,-8.483174123210967
10.265,0.1437165,-0.2065986,9.708858900000001,-0.4974021408628193,1,0.6190609540438177,-3.512576824834167,1,-8.535806295509953
10.296,0.18266220000000002,-0.2065986,9.7013052,-0.48843352454839106,1,0.2893102036912449,-3.52785727764804,1,-8.644933024098423
10.312,0.1317483,-0.2215098,9.749178,-0.4787121329292461,1,0.6075869761965608,-3.535594442907861,1,-8.70144063786287
10.343,0.1466595,-0.1661814,9.740250900000001,-0.4693737435407801,1,0.3012383673698648,-3.5502897739931467,1,-8.811271843224837
10.375,0.17510850000000003,-0.1870767,9.6804099,-0.4613747659662266,1,0.24996804920479598,-3.5651817501452587,1,-8.925119387611051
10.39,0.17510850000000003,-0.1661814,9.6938496,-0.45327666249446175,1,0.5398735647843044,-3.572041635858714,1,-8.978648563006082
10.406,0.0928026,-0.1661814,9.7058178,-0.4451250153852264,1,0.5094779443272075,-3.5792288492817517,1,-9.035858726887206
10.421,0.1526436,-0.173637,9.7058178,-0.4371158132679973,1,0.5339468078153169,-3.5858456554966502,1,-9.08959678567304
10.437,0.1526436,-0.1870767,9.6639291,-0.43007985082564204,1,0.439747652647204,-3.5927832208093995,1,-9.147025816683488
10.453,0.1078119,-0.1870767,9.7447635,-0.42160909486841547,1,0.5294222473266603,-3.599596732374952,1,-9.204564856308963
10.468,0.1631403,-0.24397470000000002,9.7103304,-0.41393954056891324,1,0.5113036199667955,-3.605863347140732,1,-9.258605806905333
10.484,0.1526436,-0.24701580000000004,9.7103304,-0.4064222079506443,1,0.4698332886418073,-3.6124262411288885,1,-9.31635212361149
10.5,0.1526436,-0.2274939,9.848062800000001,-0.39636204655400675,1,0.6287600872898474,-3.6188485151649257,1,-9.37420232166184
10.515,0.1257642,-0.2274939,9.7791966,-0.38785643457144303,1,0.5670407988375599,-3.624730153773367,1,-9.42852916167888
10.531,0.1392039,-0.2709522,9.7791966,-0.3794923234051115,1,0.522756947895719,-3.6308689438371795,1,-9.486573954459764
10.546,0.1392039,-0.20954160000000002,9.731225700000001,-0.37226207765163366,1,0.48201638356522947,-3.6365071018451047,1,-9.541079274802378
10.562,0.1482291,-0.20954160000000002,9.827069400000001,-0.363292347549498,1,0.5606081313834772,-3.6423915372467137,1,-9.599310463915113
10.578,0.142245,-0.173637,9.827069400000001,-0.3545139494564058,1,0.5486498808182634,-3.648133987622761,1,-9.657634668114069
10.593,0.142245,-0.1497006,9.845021700000002,-0.34556346793440973,1,0.5966987681330486,-3.6533845682531925,1,-9.71239605728314
10.625,0.11526750000000001,-0.1497006,9.719257500000001,-0.33926090755059946,1,0.1969550119940709,-3.6643417582609525,1,-9.829479678507367
10.64,0.1482291,-0.17069399999999998,9.7447635,-0.3325664018970631,1,0.44630037690240665,-3.66938046308181,1,-9.884482595167439
10.656,0.1272357,-0.17069399999999998,9.7447635,-0.3260089776333075,1,0.40983901648472504,-3.674649066118053,1,-9.943234831401037
10.671,0.1437165,-0.2230794,9.7956774,-0.31855694844451676,1,0.4968019459194221,-3.679483310563636,1,-9.998390824226146
10.687,0.1526436,-0.2200383,9.7956774,-0.31124973879246554,1,0.45670060325320133,-3.684521764061532,1,-10.057302864823146
10.703,0.1526436,-0.2843919,9.7417224,-0.3051106975838689,1,0.3836900755372904,-3.689452647552543,1,-10.11629466011606
10.718,0.1721655,-0.2843919,9.711801900000001,-0.29967198606528633,1,0.36258076790548965,-3.693988517679912,1,-10.171670468855305
10.734,0.21258269999999999,-0.258984,9.711801900000001,-0.2943381560372842,1,0.3333643767501335,-3.6987405988167326,1,-10.230812301787278
10.75,0.21258269999999999,-0.2350476,9.7971489,-0.28744825366851856,1,0.43061889804785164,-3.703394890094379,1,-10.290029385698567
10.765,0.19011780000000003,-0.2350476,9.774684,-0.2811427739813528,1,0.42036531247770215,-3.707659322801753,1,-10.34561229229529
10.781,0.16019730000000001,-0.261927,9.7252416,-0.2759270256615505,1,0.32598426998764446,-3.7121158811988963,1,-10.404970493927294
10.796,0.1437165,-0.20954160000000002,9.7252416,-0.27084348150222404,1,0.33890294395512305,-3.7162166600026243,1,-10.460682987986301
10.812,0.1437165,-0.1946304,9.788123700000002,-0.2646330847159959,1,0.38814979913925873,-3.72050047253237,1,-10.52017672504658
10.843,0.1930608,-0.1946304,9.6923781,-0.2604044429078769,1,0.13640780026190047,-3.7286385542105402,1,-10.635638379961097
10.859,0.205029,-0.15421320000000002,9.6923781,-0.25626815439693473,1,0.2585180319338851,-3.7327719349889787,1,-10.695329663874693
10.875,0.205029,-0.173637,9.7986204,-0.2501241394568865,1,0.3840009337530145,-3.736823073339809,1,-10.755086423941323
10.89,0.1631403,-0.173637,9.7732125,-0.24461406722632262,1,0.36733814870424464,-3.7405336098899333,1,-10.81116659906555
10.906,0.16765290000000002,-0.17069399999999998,9.7732125,-0.239211554893636,1,0.3376570207929139,-3.744404214866893,1,-10.871046101663604
10.921,0.16765290000000002,-0.20355750000000003,9.8016615,-0.23334501924856887,1,0.3911023763378393,-3.7479483891729592,1,-10.927238746193899
10.937,0.1721655,-0.205029,9.7208271,-0.2291757716971503,1,0.26057797196366006,-3.751648555500525,1,-10.987235521751286
10.953,0.19011780000000003,-0.205029,9.7327953,-0.2248471435948982,1,0.2705392563907558,-3.7552807388228615,1,-11.047290956105872
10.968,0.17069399999999998,-0.1781496,9.7327953,-0.22062081859057336,1,0.2817550002883126,-3.7586217485392526,1,-11.10364522476109
10.984,0.17069399999999998,-0.2065986,9.6804099,-0.21749311431107898,1,0.19548151746839865,-3.762126660002466,1,-11.163811212029424
11.0,0.1257642,-0.2065986,9.7656588,-0.21276919251989668,1,0.29524511194889386,-3.7655687584571136,1,-11.2240327753771
11.015,0.1122264,-0.18413369999999998,9.7656588,-0.2081499399786182,1,0.30795016941855397,-3.7687256519508527,1,-11.280539983455162
11.031,0.1122264,-0.2484873,9.743193900000001,-0.20403363632172322,1,0.25726897855593545,-3.7720231205612555,1,-11.340865973635259
11.062,0.1721655,-0.2290635,9.7732125,-0.19940188255972302,1,0.1494114116774316,-3.778276371103918,1,-11.457895615756064
11.078,0.1721655,-0.20954160000000002,9.7552602,-0.19522140349734407,1,0.26127994139868416,-3.781433357392374,1,-11.518373293584034
11.093,0.1661814,-0.1946304,9.752219100000001,-0.1911905921079704,1,0.26872075929156763,-3.7843314473594143,1,-11.575116529619674
11.109,0.0777933,-0.1946304,9.7567317,-0.18717202685646406,1,0.25116032821914636,-3.78735834831113,1,-11.635690047985038
11.125,0.12272310000000002,-0.2215098,9.7567317,-0.18321197032279102,1,0.24750353335456476,-3.790321420288564,1,-11.696311486133837
11.14,0.12272310000000002,-0.2290635,9.7582032,-0.17929730046735237,1,0.2609779903625665,-3.79304023981949,1,-11.75318669858465
11.171,0.113796,-0.19011780000000003,9.7342668,-0.1759471262283352,1,0.10807013674249379,-3.798546528433273,1,-11.870856293492562
11.187,0.113796,-0.2350476,9.7268112,-0.17278954396054047,1,0.19734889173717002,-3.801336421794784,1,-11.931655357094385
11.218,0.0718092,-0.2350476,9.716314500000001,-0.16990747905662218,1,0.0929698356102657,-3.8066482256515504,1,-12.049579119129806
11.234,0.11673900000000001,-0.21552570000000001,9.7672284,-0.16608425675188876,1,0.23895139404583854,-3.8093361595380184,1,-12.110506994211322
11.25,0.13469129999999999,-0.20355750000000003,9.7806681,-0.16207306184299775,1,0.25069968180568813,-3.8119614180867774,1,-12.171477374832321
11.265,0.16166880000000003,-0.20355750000000003,9.7536906,-0.15866128975987337,1,0.2274514722082831,-3.814366925723799,1,-12.228674837410903
11.281,0.17510850000000003,-0.1856052,9.7536906,-0.15531888715625186,1,0.20890016272634407,-3.816878767139128,1,-12.289724802953806
11.296,0.17510850000000003,-0.16166880000000003,9.783611100000002,-0.15146387253404647,1,0.25700097481371326,-3.8191796378368053,1,-12.346995240991122
11.312,0.1631403,-0.16166880000000003,9.7941078,-0.14748274088959512,1,0.2488207277782093,-3.8215712107441946,1,-12.40812124777977
11.328,0.17069399999999998,-0.21101310000000004,9.7941078,-0.14355874517792877,1,0.24524973197914668,-3.8238995426327347,1,-12.469285013806784
11.343,0.17069399999999998,-0.1497006,9.6713847,-0.14213950257148333,1,0.09461617376302553,-3.8260422794908555,1,-12.526659577472714
11.359,0.1571562,-0.1497006,9.7372098,-0.13946222072727288,1,0.1673301152631533,-3.8282950932772457,1,-12.58789427645486
11.375,0.18864630000000002,-0.19757340000000004,9.7372098,-0.1368097406522697,1,0.1657800046876988,-3.830505268968282,1,-12.649164679352824
11.39,0.18864630000000002,-0.19757340000000004,9.740250900000001,-0.13414966402321227,1,0.17733844193715517,-3.832537464503348,1,-12.706637499853864
11.421,0.16765290000000002,-0.258984,9.686394000000002,-0.13257654848085743,1,0.05074566265660974,-3.836671720797161,1,-12.825510242226017
11.437,0.1930608,-0.2394621,9.686394000000002,-0.13103485055232333,1,0.09635612053338063,-3.8387806119894265,1,-12.88691386088831
11.468,0.1930608,-0.24397470000000002,9.716314500000001,-0.12893480008221125,1,0.06774356355200131,-3.8428101415742617,1,-13.005978517568549
11.484,0.2080701,-0.24397470000000002,9.771642900000002,-0.12578557164871818,1,0.19682677709331725,-3.844847904548109,1,-13.067479781937529
11.5,0.1781496,-0.2559429,9.771642900000002,-0.12270368104723595,1,0.19261816259263914,-3.8468358185696765,1,-13.129013251722471
11.515,0.1781496,-0.2484873,9.806076000000001,-0.11901116132078116,1,0.24616798176364338,-3.848648679887437,1,-13.186729385460902
11.531,0.17069399999999998,-0.2484873,9.764187300000001,-0.11621460049657806,1,0.17478505151269347,-3.8505304859819756,1,-13.248322818787857
11.546,0.18109260000000002,-0.2290635,9.764187300000001,-0.11347851221871785,1,0.182405885190695,-3.85225318432734,1,-13.306093696315171
11.562,0.205029,-0.2215098,9.728282700000001,-0.11149388721336706,1,0.12403906283442445,-3.854052963522797,1,-13.367744145497973
11.578,0.1721655,-0.2215098,9.7536906,-0.10906267551301063,1,0.15195073127227662,-3.855817416024608,1,-13.429423108534353
11.593,0.1526436,-0.22455090000000003,9.7536906,-0.10668414266949178,1,0.1585688562345843,-3.857435517160977,1,-13.487272505533246
11.609,0.1526436,-0.22455090000000003,9.7536906,-0.10435224772486684,1,0.1457434340390583,-3.859123808284132,1,-13.549004980136807
11.64,0.1002582,-0.20954160000000002,9.8046045,-0.10108790487983477,1,0.10530138209780691,-3.862308130649505,1,-13.66868717519028
11.656,0.1287072,-0.173637,9.8046045,-0.097894810394628,1,0.19956840532542303,-3.863899992371701,1,-13.73049684017445
11.687,0.0703377,-0.1332198,9.7268112,-0.09631351740034688,1,0.05100945142842499,-3.866910221452523,1,-13.85032439848872
11.703,0.1302768,-0.18413369999999998,9.7268112,-0.0947348298959696,1,0.09866796902358024,-3.8684386082308935,1,-13.912207189126187
11.718,0.0763218,-0.17510850000000003,9.719257500000001,-0.09334968022425727,1,0.09234331144748496,-3.8698492420567954,1,-13.970244348003346
11.734,0.0763218,-0.19610190000000002,9.8105886,-0.09019344097205995,1,0.19726495326233257,-3.871317587026366,1,-14.032173682636012
11.75,0.09584369999999999,-0.19610190000000002,9.7911648,-0.08747649526237389,1,0.1698091068553785,-3.8727389465162414,1,-14.094126134904354
11.765,0.11673900000000001,-0.15421320000000002,9.7911648,-0.08482306632260972,1,0.17689526265093786,-3.8740311932281286,1,-14.15222691095244
11.781,0.11673900000000001,-0.2200383,9.7851807,-0.08231430187690769,1,0.15679777785637658,-3.8753682921737247,1,-14.214222106835654
11.796,0.1482291,-0.2200383,9.7222986,-0.08107889839994264,1,0.08236023179767642,-3.876593741175801,1,-14.272361822085772
11.812,0.10928340000000002,-0.22455090000000003,9.7222986,-0.07987580578735631,1,0.07519328828664566,-3.8778813788092994,1,-14.334397623045653
11.828,0.10928340000000002,-0.2290635,9.7656588,-0.07784432800450958,1,0.12696736142792087,-3.879143139879634,1,-14.396453819195164
11.843,0.1406754,-0.2290635,9.7806681,-0.07555061974954924,2,0.15291388366401662,-3.8802936019877894,1,-14.454649594759172
11.859,0.18266220000000002,-0.23200650000000003,9.7806681,-0.07328692405692117,2,0.1414809807892546,-3.881484302338241,1,-14.51674381799378
11.89,0.18266220000000002,-0.24397470000000002,9.704346300000001,-0.07255768119498818,2,0.02352396328816047,-3.8837448937196455,1,-14.63710487053268
11.906,0.2006145,-0.2649681,9.7732125,-0.07047546937246629,2,0.13013823890761766,-3.884889158924185,1,-14.699253942953831
11.921,0.173637,-0.2649681,9.6594165,-0.0706743167907895,2,-0.013256494554881827,-3.8859477823204096,1,-14.75753522001316
11.937,0.1392039,-0.19757340000000004,9.6594165,-0.07091181956575099,2,-0.014843923435092762,-3.887080471411262,1,-14.819719446043013
11.953,0.1392039,-0.16166880000000003,9.800091900000002,-0.06840007488476019,2,0.15698404256192497,-3.888194966566866,1,-14.881921649546838
11.968,0.18864630000000002,-0.16166880000000003,9.735738300000001,-0.06718279592219822,2,0.08115193083746111,-3.889211838097918,1,-14.940252200581826
11.984,0.16019730000000001,-0.21552570000000001,9.735738300000001,-0.0659789258240231,2,0.07524188113594558,-3.890277131871888,1,-15.002488112341585
12.0,0.1377324,-0.1526436,9.7208271,-0.06512101638791101,2,0.05361933975700501,-3.8913259314095834,1,-15.064740936847837
12.015,0.1631403,-0.2080701,9.7208271,-0.06425206308393783,2,0.05793022026487685,-3.8922962295056225,1,-15.123118103054704
12.031,0.1631403,-0.1915893,9.690808500000001,-0.06399519102703621,2,0.016054503556350838,-3.8933222075385103,1,-15.185403050551058
12.046,0.1212516,-0.23200650000000003,9.6923781,-0.06370732374080568,2,0.019191152415370644,-3.894279976399269,1,-15.243810066930585
12.062,0.17069399999999998,-0.23200650000000003,9.681881400000002,-0.06361623291191876,2,0.00569317680543246,-3.895298564852491,1,-15.3061266952606
12.093,0.1646118,-0.1915893,9.681881400000002,-0.06354632205239241,2,0.0022551890169788397,-3.897269584454438,1,-15.42691150157486
12.109,0.1646118,-0.2709522,9.731225700000001,-0.062473607311689605,2,0.06704467129392538,-3.8982777438893503,1,-15.48927588020161
12.125,0.205029,-0.2709522,9.764187300000001,-0.06076096972563505,2,0.1070398491284096,-3.899263620505649,1,-15.55165621111677
12.14,0.0898596,-0.1466595,9.764187300000001,-0.05916809815980173,2,0.10619143772221733,-3.9001630885147898,1,-15.610151911434425
12.156,0.0898596,-0.18413369999999998,9.777627,-0.05733054943853766,2,0.11484679507900432,-3.9010950776955764,1,-15.672561976764108
12.171,0.17510850000000003,-0.18413369999999998,9.6623595,-0.0577657635216422,2,-0.029014272206971694,-3.9019583000427778,1,-15.73108487709714
12.187,0.08534699999999999,-0.19610190000000002,9.7895952,-0.0557173276735039,2,0.12802724050864345,-3.902866164772339,1,-15.793523472815663
12.218,0.08534699999999999,-0.2140542,9.714843,-0.05516700548816189,2,0.01775232855941939,-3.9045848719363447,1,-15.914538963884649
12.234,0.11978010000000001,-0.21258269999999999,9.7536906,-0.05385950304600229,2,0.0817189026349751,-3.905457084004618,1,-15.977019299532177
12.265,0.11978010000000001,-0.21552570000000001,9.747706500000001,-0.05269366969109157,2,0.03760752757776436,-3.907108658182043,1,-16.098114068536074
12.281,0.1466595,-0.21552570000000001,9.7956774,-0.050603223884699844,2,0.13065286289948286,-3.9079350333306495,1,-16.160634418068174
12.296,0.0823059,-0.21258269999999999,9.7956774,-0.04856977034444654,2,0.13556356935023126,-3.908678830787368,1,-16.219259022049055
12.328,0.0973152,-0.173637,9.7926363,-0.04664815859601035,2,0.06005036713863093,-3.9102023176504153,1,-16.34436112042406
12.343,0.09878670000000002,-0.09133110000000001,9.7926363,-0.044785766942119665,2,0.12415944359270747,-3.9108880720919514,1,-16.403019298347132
12.359,0.1302768,-0.2140542,9.803133,-0.04270940926866729,2,0.12977235459077352,-3.9115880335016375,1,-16.46559910719188
12.375,0.1302768,-0.18864630000000002,9.764187300000001,-0.041447425624477674,2,0.07887397776185072,-3.912261288180783,1,-16.52818990176534
12.406,0.11526750000000001,-0.21709530000000002,9.7821396,-0.03985040501792092,2,0.05151679375989432,-3.91352140455574,1,-16.64948953350276
12.421,0.11526750000000001,-0.2350476,9.764187300000001,-0.03862844586509695,2,0.08146394352160459,-3.914109995937362,1,-16.708196769006452
12.437,0.17510850000000003,-0.2350476,9.7851807,-0.0370015563013979,2,0.10168059773119066,-3.914715035954694,1,-16.77082736926159
12.468,0.15568469999999998,-0.23347800000000002,9.7851807,-0.03541373782367252,2,0.05121995089436607,-3.9158374730136325,1,-16.8922009331506
12.484,0.1377324,-0.2394621,9.764187300000001,-0.03427096511631689,2,0.07142329420972697,-3.9163949506371525,1,-16.954858792539806
12.5,0.16019730000000001,-0.24397470000000002,9.764187300000001,-0.03314169285639146,2,0.07057951624533924,-3.9169342519009342,1,-17.01752542616011
12.515,0.205029,-0.290376,9.7342668,-0.03257953718411777,2,0.03747704481824456,-3.917427161126238,1,-17.076283136757816
12.531,0.205029,-0.2230794,9.735738300000001,-0.0320343462388486,2,0.03407443407932306,-3.917944072193622,1,-17.138966106624373
12.546,0.17667810000000003,-0.2230794,9.800091900000002,-0.030249437730541118,2,0.11899390055384165,-3.9184112005733924,1,-17.197738771170123
12.562,0.18413369999999998,-0.2529999,9.800091900000002,-0.028482594094876745,2,0.11042772722902318,-3.918881056827996,1,-17.260437109229333
12.578,0.18413369999999998,-0.2215098,9.7866522,-0.02702874523194332,2,0.09086555393333909,-3.9193251475426103,1,-17.323142758864297
12.609,0.18266220000000002,-0.2215098,9.7926363,-0.025486658803721696,2,0.04974472349101916,-3.920139136305163,1,-17.44465445526394
12.625,0.1915893,-0.1392039,9.7926363,-0.024001178093103093,2,0.0928425444136626,-3.9205350390003377,1,-17.507379848666385
12.64,0.1915893,-0.2080701,9.6967926,-0.024399387046118548,2,-0.026547263534362684,-3.920898043238882,1,-17.566190596783184
12.656,0.18864630000000002,-0.2080701,9.8016615,-0.02273551870194268,2,0.1039917715109916,-3.9212751224848663,1,-17.628927982108973
12.671,0.1796211,-0.21101310000000004,9.8016615,-0.02110636518788489,2,0.10861023427052813,-3.92160393661404,1,-17.68774957505221
12.687,0.1856052,-0.2544714,9.7268112,-0.020953636189728897,2,0.009545562384749564,-3.921940416625061,1,-17.750497929878122
12.703,0.1856052,-0.2215098,9.707289300000001,-0.021202320905842953,2,-0.015542794757128484,-3.9222776642818253,1,-17.81325167452538
12.718,0.11526750000000001,-0.2215098,9.747706500000001,-0.020675261408367618,2,0.035137299831687674,-3.9225917461491817,1,-17.872088195103615
12.734,0.1257642,-0.1990449,9.747706500000001,-0.02016549183174554,2,0.031860598538879764,-3.9229184721751027,1,-17.934852276850208
12.75,0.1257642,-0.18109260000000002,9.7297542,-0.020024495264920006,2,0.008812285426595947,-3.923239992071876,1,-17.997621544564183
12.765,0.0973152,-0.18109260000000002,9.7447635,-0.019598422137564242,2,0.02840487515704985,-3.9235371639523944,1,-18.056472373234367
12.781,0.142245,-0.1990449,9.7567317,-0.018928416876548226,2,0.041875328813500944,-3.9238453786645073,1,-18.119251433575304
12.812,0.142245,-0.1990449,9.7732125,-0.01794849740357307,2,0.03161030557984492,-3.9244169708358494,1,-18.240899499992555
12.828,0.11821050000000001,-0.20355750000000003,9.7732125,-0.016992247789083592,2,0.05976560090559241,-3.9246964967973907,1,-18.30369240773362
12.859,0.1317483,-0.18413369999999998,9.707289300000001,-0.017351169260493293,2,-0.011578111980957883,-3.925228819761659,1,-18.42536625014029
12.875,0.1377324,-0.18413369999999998,9.678840300000001,-0.018259091485363754,2,-0.056745139054403766,-3.925513701847626,1,-18.488172190313165
12.89,0.19011780000000003,-0.2843919,9.678840300000001,-0.019084263659742362,2,-0.0550114782919051,-3.925793777011214,1,-18.54705699640461
12.906,0.19011780000000003,-0.24397470000000002,9.702776700000001,-0.019445772495844338,2,-0.022594302256373468,-3.9261020173004586,1,-18.609872162759103
12.921,0.17069399999999998,-0.24397470000000002,9.7986204,-0.01792885826063184,2,0.10112761568084123,-3.926382327031132,1,-18.668765795341585
12.937,0.15421320000000002,-0.2365191,9.7986204,-0.016450625459119905,2,0.09238955009449593,-3.9266573629008903,1,-18.731590112861042
12.953,0.15421320000000002,-0.18864630000000002,9.7821396,-0.015344788022130018,2,0.06911483981186789,-3.9269117262087403,1,-18.794418665573918
12.968,0.145188,-0.18864630000000002,9.698362200000002,-0.015905544764860835,2,-0.03738378284871971,-3.9271461037046427,1,-18.85332409929827
12.984,0.1870767,-0.2274939,9.731225700000001,-0.015780819836058058,2,0.007795308050173581,-3.92739959462145,1,-18.91616046488488
13.0,0.16019730000000001,-0.18266220000000002,9.731225700000001,-0.015686459360832572,2,0.005897529701592847,-3.9276513328550253,1,-18.97900087230469
13.015,0.16019730000000001,-0.16019730000000001,9.7791966,-0.014661354347087041,2,0.06834033424969947,-3.9278789414578346,1,-19.03791734936204
13.031,0.1497006,-0.16019730000000001,9.7297542,-0.01462882372448071,2,0.0020331639128956507,-3.928113262882407,1,-19.10076528699676
13.046,0.1661814,-0.18413369999999998,9.7297542,-0.014583384333844762,2,0.003029292709063476,-3.9283323544428446,1,-19.159688629126695
13.078,0.1661814,-0.1466595,9.7612443,-0.01393402965182311,2,0.020292333813176616,-3.928788633066615,1,-19.285402564926848
13.093,0.1915893,-0.1466595,9.695321100000001,-0.01458049442138254,2,-0.04309765130396033,-3.929002491997164,1,-19.34433599836483
13.109,0.19610190000000002,-0.1661814,9.695321100000001,-0.015206341285979974,2,-0.03911542903733963,-3.929240786682823,1,-19.40720194459427
13.125,0.1646118,-0.23053500000000002,9.7327953,-0.015071116249838923,2,0.008451564758815693,-3.9294830063431094,1,-19.47007173493848
13.14,0.18109260000000002,-0.23200650000000003,9.7132734,-0.015314727894628177,2,-0.016240776319283015,-3.929710900174193,1,-19.52901568923736
13.156,0.18413369999999998,-0.19610190000000002,9.7132734,-0.015567950235501726,2,-0.0158263963045968,-3.929957961599234,1,-19.59189304013155
13.171,0.18413369999999998,-0.261927,9.7567317,-0.014934127316521995,2,0.042254861265318855,-3.930186727180874,1,-19.650844125297393
13.187,0.19011780000000003,-0.261927,9.8285409,-0.012903228001629685,2,0.12693120718076922,-3.9304094260234193,1,-19.713728894523026
13.203,0.1392039,-0.173637,9.8285409,-0.01096721293261993,2,0.12100094181310961,-3.9306003895508934,1,-19.77661697304762
13.234,0.1466595,-0.18413369999999998,9.723770100000001,-0.011117022682114452,2,-0.004832572564339352,-3.930942695202922,1,-19.898470890861308
13.25,0.0763218,-0.2065986,9.723770100000001,-0.011270856229698367,2,-0.009614596723994664,-3.931121798234216,1,-19.961367406808805
13.265,0.0763218,-0.19011780000000003,9.7627158,-0.010664791528501638,2,0.04040431341311374,-3.9312863155924025,1,-20.020335467662505
13.281,0.0898596,-0.173637,9.7686999,-0.009957058918402595,2,0.044233288131190165,-3.9314512903959775,1,-20.083237368510414
13.296,0.11978010000000001,-0.173637,9.7806681,-0.00902229367971863,2,0.06231768257893606,-3.9315936355404633,1,-20.142210205454933
13.328,0.1362609,-0.23200650000000003,9.6639291,-0.010366026329307942,2,-0.041991645299666,-3.9319038486606077,1,-20.26802616520215
13.343,0.11821050000000001,-0.23200650000000003,9.731225700000001,-0.010369003618555084,2,-0.00019848594980941627,-3.9320593613852166,1,-20.327005889277498
13.375,0.10477080000000001,-0.3023442,9.774684,-0.00948542631451943,2,0.02761179075111417,-3.932377032264146,1,-20.452836871575887
13.39,0.1362609,-0.3023442,9.717786,-0.0097265672284923,2,-0.016076060931524083,-3.9325211222157184,1,-20.511823607734488
13.421,0.15568469999999998,-0.24701580000000004,9.717786,-0.009987910674945866,2,-0.008430433756566963,-3.9328266966232217,1,-20.63373649892649
13.437,0.15568469999999998,-0.2274939,9.7013052,-0.010576493971706569,2,-0.0367864560475439,-3.932991211860395,1,-20.69666304219436
13.453,0.1497006,-0.2065986,9.7387794,-0.01043001027569268,2,0.009155231000868005,-3.933159263894374,1,-20.7595922460004
13.468,0.17667810000000003,-0.1526436,9.7387794,-0.010297044240685338,2,0.008864402333822498,-3.933314716803247,1,-20.81859080085563
13.5,0.17667810000000003,-0.1915893,9.7701714,-0.009537883836099326,2,0.023723762643312864,-3.9336320756524756,1,-20.944461949534922
13.515,0.15568469999999998,-0.1915893,9.7552602,-0.009092891134542924,2,0.029666180103758974,-3.9337718064647555,1,-21.003467478650805
13.531,0.1482291,-0.1796211,9.7552602,-0.008663363784899403,2,0.026845459352720067,-3.933913856504111,1,-21.066408963954554
13.546,0.1526436,-0.1915893,9.7208271,-0.0089114058800277,2,-0.016536139675221197,-3.934045667276598,1,-21.125418660382906
13.562,0.1526436,-0.1915893,9.7208271,-0.009154584404663879,2,-0.015198657789761136,-3.934190195198876,1,-21.18836454728271
13.593,0.16912439999999998,-0.2649681,9.7851807,-0.008092694418982305,2,0.03425451566714692,-3.9344575280206424,1,-21.310328586992615
13.609,0.16912439999999998,-0.20954160000000002,9.7552602,-0.007664418582354671,2,0.026767239789227102,-3.934583584924653,1,-21.373280915896178
13.625,0.1332198,-0.20954160000000002,9.708858900000001,-0.00816497958471274,2,-0.031285062647379264,-3.9347102201099897,1,-21.436235266336453
13.64,0.11821050000000001,-0.2529999,9.708858900000001,-0.008639244425856063,2,-0.03161765607622038,-3.934836251790069,1,-21.495256864875707
13.656,0.11821050000000001,-0.2290635,9.7552602,-0.008206346896615813,2,0.027056095577515624,-3.934971016520649,1,-21.558215323022193
13.671,0.11673900000000001,-0.2290635,9.764187300000001,-0.007607304410916171,2,0.039936165713312634,-3.9350896189054554,1,-21.617240777787885
13.687,0.10477080000000001,-0.20954160000000002,9.764187300000001,-0.007031263396633847,2,0.03600256339264526,-3.9352067274479157,1,-21.68020314855871
13.703,0.10477080000000001,-0.21101310000000004,9.719257500000001,-0.007346615079683261,2,-0.019709480190588363,-3.935321750475726,1,-21.7431673763821
13.718,0.1437165,-0.21101310000000004,9.7986204,-0.006090421658281997,2,0.08374622809341441,-3.935422528251261,1,-21.802197958472554
13.734,0.142245,-0.23347800000000002,9.7986204,-0.004849293134872923,2,0.07757053271306706,-3.935510045969606,1,-21.865165419066322
13.75,0.142245,-0.19610190000000002,9.717786,-0.005233059599650147,2,-0.0239854040485765,-3.9355907047914824,1,-21.928134225072412
13.765,0.142245,-0.1915893,9.752219100000001,-0.004936109605077732,2,0.019796666304826932,-3.935666973560518,1,-21.987168657660053
13.781,0.15568469999999998,-0.1915893,9.759674700000001,-0.004494816637778953,2,0.02758081045617364,-3.9357424209704606,1,-22.0501399328163
13.796,0.1990449,-0.2365191,9.759674700000001,-0.004027417840784864,2,0.03115991979960848,-3.93580633772905,1,-22.109176548506543
13.812,0.1990449,-0.17667810000000003,9.695321100000001,-0.004855374378957222,2,-0.05174728363577236,-3.9358774000668078,1,-22.17215001840891
13.828,0.18109260000000002,-0.17667810000000003,9.749178,-0.004618334523636136,2,0.014814990957567872,-3.9359531897380284,1,-22.235124663127348
13.859,0.2290635,-0.2065986,9.747706500000001,-0.004383475854625729,2,0.007576086097109764,-3.9360927177988914,1,-22.357141374694173
13.875,0.1856052,-0.2065986,9.731225700000001,-0.004494360406761544,2,-0.006930284508488421,-3.9361637404889827,1,-22.420119426360476
13.89,0.1946304,-0.2260224,9.731225700000001,-0.004591152720127667,2,-0.006452820891074624,-3.9362318818374344,1,-22.479162393527925
13.906,0.1946304,-0.16912439999999998,9.708858900000001,-0.005147099354744,2,-0.034746664663520804,-3.9363097878540336,1,-22.54214272688546
13.921,0.17510850000000003,-0.20355750000000003,9.749178,-0.00489620792953005,2,0.01672609501426471,-3.9363851126586655,1,-22.6011879386393
13.937,0.1930608,-0.20355750000000003,9.7058178,-0.005493438601465783,2,-0.037326916995983304,-3.9364682298309135,1,-22.664170765379215
13.953,0.1856052,-0.1631403,9.7058178,-0.00609677468294656,2,-0.03770850509254849,-3.9365609515371887,1,-22.72715499883016
13.968,0.1856052,-0.145188,9.7701714,-0.005432404061270546,2,0.044291374778399235,-3.93664742037777,1,-22.78620406161952
13.984,0.1377324,-0.145188,9.728282700000001,-0.005617763043970214,2,-0.011584936418729253,-3.936735821714612,1,-22.84919112755626
14.0,0.17510850000000003,-0.2290635,9.728282700000001,-0.005756083374304666,2,-0.008645020645903216,-3.936826812485958,1,-22.912179628629865
14.015,0.17510850000000003,-0.1511721,9.7252416,-0.005981140687913111,2,-0.015003820907229131,-3.936914841666425,1,-22.97123269103601
14.031,0.08534699999999999,-0.1511721,9.7327953,-0.006077259730178142,2,-0.006007440141564397,-3.9370113088697694,1,-23.0342241002403
14.046,0.145188,-0.21552570000000001,9.7327953,-0.006133836752198363,2,-0.0037718014680150425,-3.937102892093387,1,-23.09327995674752
14.078,0.145188,-0.2200383,9.774684,-0.005366278021677218,2,0.023986210328785763,-3.937286893929769,1,-23.21927019332389
14.093,0.142245,-0.24397470000000002,9.7732125,-0.004632322806045863,2,0.04893034770875511,-3.937361883435977,1,-23.278330059154136
14.109,0.1122264,-0.24397470000000002,9.7507476,-0.004360740355648929,2,0.016973903149808386,-3.9374338279412706,1,-23.341328424845155
14.125,0.1362609,-0.24397470000000002,9.7507476,-0.004088480584929499,2,0.01701623566996434,-3.937501421708795,1,-23.404327906842354
14.14,0.1362609,-0.2604555,9.764187300000001,-0.0035498000720242118,2,0.03591203419368447,-3.9375587088137225,1,-23.463390857821274
14.156,0.08829,-0.2634966,9.7507476,-0.0032943105586582533,2,0.01596809458537239,-3.937613461698768,1,-23.526392235185373
14.187,0.08829,-0.1870767,9.7222986,-0.003636137933332506,2,-0.011026689505621483,-3.937720883650394,1,-23.64845991753828
14.203,0.11978010000000001,-0.1870767,9.7387794,-0.003641588496344994,2,-0.0003406601882804946,-3.937779105461831,1,-23.711463917451177
14.234,0.1586277,-0.1497006,9.8076456,-0.002298734034210881,2,0.04331788587529316,-3.937871180461055,1,-23.833536496882985
14.265,0.15568469999999998,-0.1586277,9.723770100000001,-0.0026245756043294932,2,-0.010511018390922782,-3.9379474917604522,1,-23.955611686302422
14.281,0.1212516,-0.18109260000000002,9.7911648,-0.0016248121136435145,2,0.06248521816787361,-3.937981486862196,1,-24.018619118131404
14.312,0.1781496,-0.18109260000000002,9.7732125,-0.0009794865353516258,2,0.020816954138448824,-3.9380218534912554,1,-24.14069716990688
14.328,0.173637,-0.20355750000000003,9.7732125,-0.0003397411017402874,2,0.039984089600708615,-3.938032407312352,1,-24.203705603993306
14.343,0.1781496,-0.21552570000000001,9.6938496,-0.0012614119544505087,2,-0.06144472351401242,-3.9380444159602734,1,-24.262776180167855
14.375,0.1721655,-0.24701580000000004,9.6938496,-0.0021524057479709313,2,-0.027843556047513183,-3.938099037043512,1,-24.388794475415914
14.39,0.1721655,-0.19610190000000002,9.731225700000001,-0.002316136139393521,2,-0.010915359428172226,-3.9381325511076675,1,-24.44786621232705
14.421,0.2260224,-0.23200650000000003,9.7342668,-0.0023799853846888652,2,-0.002059653074043444,-3.9382053409912907,1,-24.56994944965458
14.453,0.18109260000000002,-0.2394621,9.731225700000001,-0.002517058342670353,2,-0.0042835299369214895,-3.9382836936909285,1,-24.695973274209496
14.468,0.24544620000000003,-0.2394621,9.6938496,-0.003356212759856092,2,-0.05594362781238048,-3.9383277432241974,1,-24.755047859986362
14.484,0.1915893,-0.17667810000000003,9.6938496,-0.0042291166519987655,2,-0.054556493258917045,-3.9383884258594923,1,-24.81806158933903
14.5,0.1915893,-0.2260224,9.690808500000001,-0.005124418063907399,2,-0.055956338244289534,-3.9384632541372198,1,-24.881076402779005
14.515,0.19610190000000002,-0.2260224,9.6804099,-0.006204192344695159,2,-0.07198495205251458,-3.9385482187152845,1,-24.9401539888254
14.531,0.1497006,-0.16912439999999998,9.6804099,-0.007301800291372729,2,-0.06860049666734808,-3.938656266656373,1,-25.003171624708376
14.546,0.1377324,-0.23347800000000002,9.6623595,-0.008708928999782373,2,-0.09380858056065049,-3.9387763471260566,1,-25.06225236931174
14.562,0.1377324,-0.2215098,9.771642900000002,-0.007951949892625265,2,0.047311194197319176,-3.938909634157196,1,-25.125273857162007
14.578,0.145188,-0.2215098,9.827069400000001,-0.006121300578426414,2,0.1144155821374281,-3.939022220160964,1,-25.188297311996553
14.593,0.10477080000000001,-0.1571562,9.827069400000001,-0.004360926889555472,2,0.11735824592472502,-3.939100836866974,1,-25.247383234924264
14.609,0.10477080000000001,-0.18109260000000002,9.752219100000001,-0.004094312497707975,2,0.016663399490468564,-3.939168478782072,1,-25.310409389449458
14.625,0.1482291,-0.18109260000000002,9.7911648,-0.0030584531895954115,2,0.06474120675703515,-3.9392257009075706,1,-25.373436542886974
14.656,0.0733788,-0.1870767,9.7911648,-0.0020573042728102564,2,0.03229512634790762,-3.939304995148238,1,-25.49555376867584
14.671,0.0733788,-0.18413369999999998,9.735738300000001,-0.002163449610863566,2,-0.007076355870221204,-3.9393366508023657,1,-25.554643581020464
14.687,0.10477080000000001,-0.18413369999999998,9.7567317,-0.0018503451990010689,2,0.019569025741406048,-3.9393687611608446,1,-25.61767322431617
14.703,0.1377324,-0.205029,9.7567317,-0.0015271816376873915,2,0.02019772258210482,-3.9393957813755383,1,-25.68070334065646
14.718,0.1661814,-0.21856680000000003,9.7656588,-0.0010209376673699921,2,0.03374959802115868,-3.9394148922703263,1,-25.739794420708808
14.734,0.1661814,-0.2080701,9.740250900000001,-0.0010271226782183618,2,-0.00038656317802310237,-3.939431276753091,1,-25.802825190060997
14.75,0.16765290000000002,-0.21856680000000003,9.735738300000001,-0.0011166333199685852,2,-0.005594415109388956,-3.9394484268010763,1,-25.86585622768943
14.765,0.16765290000000002,-0.23799060000000002,9.707289300000001,-0.0017530360370461295,2,-0.04242684780516802,-3.939469949321254,1,-25.92494811551035
14.781,0.18109260000000002,-0.23799060000000002,9.7732125,-0.0010802258320978808,2,0.04205063780926551,-3.939492615416207,1,-25.98797981602825
14.812,0.1511721,-0.2350476,9.7732125,-0.0004319722916488189,2,0.020911404530615706,-3.939516054487125,1,-26.110104450411747
14.828,0.1511721,-0.2604555,9.7821396,0.0003911522838855319,2,0.05144528597089688,-3.939516381047187,1,-26.17313670989602
14.843,0.18266220000000002,-0.2604555,9.731225700000001,0.000210886252103748,2,-0.012017735452118471,-3.939511865758167,1,-26.232229421747064
14.859,0.0688662,-0.20355750000000003,9.731225700000001,-2.1258985338334924e-05,2,-0.014509077340130171,-3.9395103487400327,1,-26.29526159946305
14.875,0.0688662,-0.1466595,9.7447635,-3.513699756041433e-06,2,0.001109080348893342,-3.9395105469215133,1,-26.358293766628343
14.89,0.0688662,-0.19011780000000003,9.7387794,-8.870436989205643e-05,2,-0.005679378009067451,-3.9395112385570354,1,-26.417386430019434
14.906,0.1392039,-0.19011780000000003,9.7372098,-0.00018826277589489848,2,-0.006222400375177623,-3.9395134542942016,1,-26.480418627562244
14.921,0.1511721,-0.1332198,9.7372098,-0.000300889468331178,2,-0.007508446162419241,-3.9395171229360333,1,-26.539511356891467
14.937,0.1511721,-0.21709530000000002,9.683352900000001,-0.0014373582187001688,2,-0.07102929689806185,-3.9395310289175294,1,-26.602543742106295
14.953,0.1661814,-0.21709530000000002,9.759674700000001,-0.001050808138367998,2,0.024159380020760658,-3.939550934248386,1,-26.665576397811623
14.968,0.1482291,-0.2140542,9.759674700000001,-0.0006788219532847251,2,0.024799079005550582,-3.9395639064740733,1,-26.724669759117045
14.984,0.1482291,-0.19011780000000003,9.7686999,-0.0001469338943245191,2,0.033243003685012845,-3.939570512520854,1,-26.787702834469005
15.0,0.1302768,-0.19011780000000003,9.8046045,0.0010733252299477414,2,0.07626619526701621,-3.939563101390169,1,-26.850735903380293
15.015,0.173637,-0.2365191,9.8046045,0.002302617747645286,2,0.08195283451316653,-3.9395377818178368,1,-26.909829160004357
15.046,0.1915893,-0.2080701,9.834525,0.004088151326500977,2,0.05759785738244388,-3.9394387248971876,1,-27.031953295858436
15.062,0.1497006,-0.2080701,9.8151012,0.005443698835522426,2,0.08472171931384047,-3.9393624700958916,1,-27.094983705418382
15.078,0.1511721,-0.2649681,9.8151012,0.0067999822306124,2,0.08476771219312333,-3.9392645206473627,1,-27.158012721344328
15.093,0.1511721,-0.24103170000000002,9.827069400000001,0.008352151450957024,2,0.10347794802297099,-3.939150879644751,1,-27.21710083684652
15.109,0.1511721,-0.24103170000000002,9.851005800000001,0.01034303104940193,2,0.1244299749028065,-3.939001318184748,1,-27.280126054429157
15.125,0.1661814,-0.2425032,9.851005800000001,0.012300320053181935,2,0.1223305627362502,-3.9388201713759274,1,-27.34314862634564
15.14,0.1661814,-0.19011780000000003,9.8225568,0.013639045027323604,2,0.08924833160944126,-3.938625626137824,1,-27.402229469826995
15.156,0.16166880000000003,-0.19011780000000003,9.8764137,0.01600572315212645,2,0.14791738280017772,-3.938388467992388,1,-27.46524558258004
15.171,0.1781496,-0.23200650000000003,9.8764137,0.018349098894784532,2,0.1562250495105514,-3.9381308068270364,1,-27.52431947714118
15.203,0.1781496,-0.20355750000000003,9.8644455,0.02039964817487494,2,0.06407966500282519,-3.937510826873922,1,-27.650329743280395
15.218,0.145188,-0.21101310000000004,9.8644455,0.022402472861125844,2,0.13352164575005518,-3.9371898109661516,1,-27.709389998064196
15.234,0.1661814,-0.24701580000000004,9.862974000000001,0.024360063299866397,2,0.12234940242128445,-3.9368157106768638,1,-27.77238204223734
15.25,0.1661814,-0.19011780000000003,9.9124164,0.0272236990245478,2,0.17897723279258743,-3.9364030405782686,1,-27.835367792247382
15.265,0.16166880000000003,-0.19011780000000003,9.886910400000001,0.02952976342558955,2,0.15373762673611097,-3.9359773896098926,1,-27.894410645473794
15.281,0.1646118,-0.23053500000000002,9.886910400000001,0.031808415472641016,2,0.14241575294071648,-3.9354866841787066,1,-27.957382358064102
15.296,0.1646118,-0.2065986,9.889951500000002,0.034091624615907534,2,0.15221394288444678,-3.9349924338780427,1,-28.016410951449522
15.328,0.1437165,-0.2065986,9.991681200000002,0.038317741605064626,2,0.132066155911159,-3.933833884018507,1,-28.142312172535867
15.343,0.1511721,-0.173637,9.991681200000002,0.04245085610953758,2,0.27554096696485336,-3.9332281195356478,1,-28.201315137562524
15.359,0.1511721,-0.16765290000000002,10.0141461,0.046941301845926375,2,0.28065285852429933,-3.932512982272004,1,-28.264241066376986
15.375,0.1272357,-0.21552570000000001,9.97677,0.050622495881375684,2,0.2300746272155816,-3.931732471890186,1,-28.32715503001028
15.39,0.16166880000000003,-0.21552570000000001,10.0097316,0.05488735297481462,2,0.2843238062292515,-3.930941148023764,1,-28.386125082159637
15.421,0.113796,-0.17667810000000003,10.0396521,0.059627302090685674,2,0.15290158438294318,-3.929166170870249,1,-28.50795674560249
15.437,0.15421320000000002,-0.2649681,10.068101100000002,0.06488051396044447,2,0.32832574185992475,-3.92817010834184,1,-28.570815435836185
15.453,0.15421320000000002,-0.1781496,10.0665315,0.06996250606848164,2,0.31762450675232284,-3.9270913641816088,1,-28.63365752761637
15.468,0.1466595,-0.1781496,10.0994931,0.07558877515592677,3,0.3750846058296607,-3.9259997295724256,1,-28.69255571081953
15.484,0.145188,-0.24397470000000002,10.0994931,0.08113127282751442,3,0.34640610447422804,-3.924745969188558,1,-28.755361676409617
15.515,0.13469129999999999,-0.1721655,10.181799000000002,0.08814671046856581,3,0.22630444003391162,-3.9221221604474685,1,-28.876988132418976
15.531,0.1497006,-0.1721655,10.2192732,0.09576330414073908,3,0.4760371045108287,-3.920650880330594,1,-28.9397303167452
15.562,0.1466595,-0.20954160000000002,10.2192732,0.10324337147169516,3,0.24129249454697946,-3.9175662768586013,1,-29.06122268268163
15.578,0.1466595,-0.24544620000000003,10.1413818,0.1090657571635969,3,0.36389910574385864,-3.915867803829519,1,-29.123890155327135
15.593,0.1586277,-0.24544620000000003,10.202792400000002,0.11598114191662923,3,0.4610256502021377,-3.914179952086417,1,-29.182615513496508
15.609,0.1571562,-0.24544620000000003,10.202792400000002,0.12276048456291555,3,0.42370891539289485,-3.912270019074581,1,-29.245227113265795
15.625,0.1571562,-0.145188,10.1953368,0.1292231214698436,3,0.40391480668300306,-3.910254150226319,1,-29.3078073066202
15.64,0.18413369999999998,-0.145188,10.2222162,0.13609479961403181,3,0.4581118762791966,-3.90826426581819,1,-29.366446194740536
15.656,0.21709530000000002,-0.21552570000000001,10.2222162,0.14286874335055444,3,0.4233714835326637,-3.9060325574744734,1,-29.42896056932688
15.671,0.21709530000000002,-0.1586277,10.2222162,0.14948945531052438,3,0.44138079733136476,-3.9038398709845157,1,-29.487534612540315
15.687,0.17069399999999998,-0.24544620000000003,10.2910824,0.15734647537627033,3,0.49106375410912184,-3.901385183539021,1,-29.549976412976505
15.703,0.16166880000000003,-0.24544620000000003,10.324044,0.1656926230767013,3,0.5216342312769346,-3.8988008707513973,1,-29.612377901410827
15.734,0.1392039,-0.1646118,10.324044,0.17383723720421607,3,0.26272948798434254,-3.893538157917043,1,-29.73315915635519
15.75,0.1392039,-0.21709530000000002,10.316588399999999,0.1816950294134081,3,0.49111201307450125,-3.890693899784102,1,-29.795433012816797
15.765,0.15421320000000002,-0.1915893,10.289610900000001,0.18886420825357142,3,0.4779452560108703,-3.8879147055015997,1,-29.85377257735644
15.781,0.15421320000000002,-0.23799060000000002,10.337483700000002,0.19685012853398476,3,0.49912001752583324,-3.884828990807299,1,-29.915954526926914
15.796,0.1631403,-0.23799060000000002,10.295595000000002,0.20386112193299866,3,0.46739955993429755,-3.881823656428797,1,-29.97420442178118
15.812,0.1257642,-0.23200650000000003,10.295595000000002,0.21072168889672227,3,0.42878543523272544,-3.878506993942159,1,-30.036287066984148
15.828,0.1257642,-0.21856680000000003,10.3314996,0.21814577179621786,3,0.46400518121847384,-3.8750760542566156,1,-30.098315731369738
15.843,0.1257642,-0.2230794,10.359948600000001,0.22598382778729587,3,0.5225370660718474,-3.8717450822597392,1,-30.156416889893613
15.859,0.1497006,-0.2230794,10.395853200000001,0.23437821014362825,3,0.5246488972707737,-3.868062185956292,1,-30.218335348039343
15.89,0.10182780000000001,-0.2274939,10.395853200000001,0.24259851976892222,3,0.2651712782352842,-3.860669046642647,1,-30.33813068214463
15.906,0.10182780000000001,-0.19610190000000002,10.430286299999999,0.2513201165695005,3,0.5450998000361413,-3.85671769755194,1,-30.399869776098186
15.921,0.0733788,-0.16765290000000002,10.3779009,0.25882928642525194,3,0.5006113237168037,-3.85289157702948,1,-30.457691845657543
15.937,0.0733788,-0.21552570000000001,10.52613,0.26911430710622497,3,0.6428137925608141,-3.848668028281228,1,-30.519304322500027
15.968,0.11526750000000001,-0.21552570000000001,10.4438241,0.27759161596453197,3,0.2734615760744141,-3.8401940864736313,1,-30.63848168527873
15.984,0.1466595,-0.21709530000000002,10.5021936,0.2870551987324603,3,0.5914739229955218,-3.8356769119560554,1,-30.699888653266168
16.0,0.1466595,-0.2215098,10.418318099999999,0.2946909404768636,3,0.4772338590252052,-3.831022942842381,1,-30.761222252104556
16.015,0.15568469999999998,-0.2215098,10.4572638,0.3029429131420489,3,0.5501315110123319,-3.826540688940239,1,-30.818653979342926
16.031,0.1915893,-0.22455090000000003,10.4572638,0.3110460391544976,3,0.5064453757780976,-3.8216287773218673,1,-30.879839335073015
16.046,0.1915893,-0.19011780000000003,10.5111207,0.32003256684670234,3,0.5991018461469613,-3.8168956877768583,1,-30.937128268561256
16.078,0.20208600000000002,-0.19011780000000003,10.4482386,0.3276141906421852,3,0.2369257436088399,-3.806533339657036,1,-31.0591031330002
16.093,0.173637,-0.173637,10.4482386,0.3350315050090078,3,0.49448762445482,-3.801563496939652,1,-31.11616385927468
16.109,0.173637,-0.173637,10.503665100000001,0.343389877508681,3,0.5223982812295161,-3.7961361258795097,1,-31.17694545625724
16.125,0.16912439999999998,-0.173637,10.6039233,0.3535482458109911,3,0.6348980188944509,-3.7905606208929528,1,-31.237639030231414
16.14,0.1302768,-0.1482291,10.6039233,0.36348911990413413,3,0.6627249395428441,-3.785182840650089,1,-31.29445710619299
16.156,0.1377324,-0.1781496,10.5350571,0.3718959375316473,3,0.5254261017196306,-3.7792997601906033,1,-31.354972966999707
16.171,0.1377324,-0.21709530000000002,10.5710598,0.38085796252244286,3,0.597468332719682,-3.7736541059401976,1,-31.41162012099569
16.187,0.1272357,-0.21709530000000002,10.5216174,0.38867249983745467,3,0.4884085821881831,-3.7674978622413176,1,-31.471949336741147
16.203,0.11978010000000001,-0.2215098,10.5216174,0.39633389902576077,3,0.47883744926918437,-3.7612178110504124,1,-31.532179062127476
16.218,0.11978010000000001,-0.17510850000000003,10.5410412,0.40420871219629184,3,0.5249875447020514,-3.755213741466247,1,-31.588552298771354
16.234,0.11821050000000001,-0.205029,10.5410412,0.4119393460560996,3,0.4831646162379314,-3.748684557000227,1,-31.648583485159094
16.25,0.11821050000000001,-0.2365191,10.5560505,0.4198255348625377,3,0.4928868004024355,-3.7420304379528786,1,-31.708509205118713
16.281,0.145188,-0.2365191,10.548594900000001,0.427417552173905,3,0.24490378423766335,-3.728898170103814,1,-31.82430859854359
16.296,0.16166880000000003,-0.19011780000000003,10.587442500000002,0.43560851728033434,3,0.5460643404286033,-3.722425474582907,1,-31.88019352587874
16.312,0.1990449,-0.1915893,10.560563100000001,0.44312500839895463,3,0.4697806949137158,-3.715395606377472,1,-31.939696094526433
16.343,0.173637,-0.1915893,10.473744600000002,0.4487835202459767,3,0.18253264022652446,-3.701571024183476,1,-32.05465907730012
16.359,0.18109260000000002,-0.173637,10.473744600000002,0.4543274202109533,3,0.3464937478109998,-3.69434613665982,1,-32.113826414586875
16.375,0.18109260000000002,-0.1511721,10.557522,0.46139806887821067,3,0.4419155417036345,-3.687020332747107,1,-32.172877346342126
16.39,0.1796211,-0.1511721,10.5141618,0.4674795955927671,3,0.40543511430374585,-3.6800537502635744,1,-32.228130401964705
16.406,0.20208600000000002,-0.17667810000000003,10.5141618,0.47345766518556154,3,0.37362934954969457,-3.6725262521773487,1,-32.286951041984224
16.421,0.20208600000000002,-0.205029,10.5710598,0.48044383626777076,3,0.4657447388139307,-3.6653719909164484,1,-32.34198527880743
16.437,0.1571562,-0.205029,10.5410412,0.486689635430551,3,0.3903624476737207,-3.657634923142861,1,-32.40056933411991
16.468,0.19011780000000003,-0.1856052,10.5230889,0.49246466215441664,3,0.1862911846408346,-3.642458031530295,1,-32.51372077491734
16.484,0.16019730000000001,-0.21709530000000002,10.5740028,0.499126486934264,3,0.41636404874041194,-3.6345253023375843,1,-32.57193664158829
16.5,0.15568469999999998,-0.21709530000000002,10.494639900000001,0.5041007313492347,3,0.31089027593570556,-3.626499484591317,1,-32.63002483988371
16.515,0.142245,-0.23053500000000002,10.494639900000001,0.5089793204560529,3,0.3252392737878646,-3.6189013842027773,1,-32.684365346399666
16.531,0.142245,-0.15421320000000002,10.4871843,0.5135886672469319,3,0.2880841744299685,-3.610720840301154,1,-32.74220232419569
16.546,0.1302768,-0.15421320000000002,10.485712800000002,0.5180757385847734,3,0.29913808918942475,-3.602983357257416,1,-32.796305105677376
16.562,0.1526436,-0.24397470000000002,10.485712800000002,0.5225141516211487,3,0.2774008147734231,-3.5946586381357677,1,-32.85388624164053
16.578,0.1526436,-0.2065986,10.508177700000001,0.5272901530046123,3,0.2985000864665128,-3.5862602036987625,1,-32.9113335923752
16.593,0.15421320000000002,-0.2065986,10.5350571,0.53249984544588,3,0.347312829417832,-3.5783117787103835,1,-32.96506788224327
16.609,0.11673900000000001,-0.1511721,10.5350571,0.5375794907040063,3,0.31747782863285945,-3.5697511440211835,1,-33.02225238562513
16.625,0.10928340000000002,-0.1781496,10.497681000000002,0.541833513364196,3,0.2658764162618858,-3.5611158399886387,1,-33.0792993214972
16.64,0.10928340000000002,-0.1796211,10.506608100000001,0.5461796214933319,3,0.2897405419423776,-3.552955741477207,1,-33.1326548583582
16.656,0.0733788,-0.1796211,10.4962095,0.5502305338434947,3,0.25318202188520667,-3.5441844602345136,1,-33.189431979971886
16.671,0.1571562,-0.1990449,10.4962095,0.5542269205694161,3,0.266425781728083,-3.5359010293264164,1,-33.242532621143596
16.687,0.1571562,-0.1915893,10.463247899999999,0.5574961019474376,3,0.20432383612631821,-3.5270072451462804,1,-33.299035887339386
16.703,0.11978010000000001,-0.1915893,10.5051366,0.5615126420401388,3,0.2510337557938557,-3.5180551751943807,1,-33.355396386702104
16.734,0.1362609,-0.21101310000000004,10.5051366,0.5654616597140567,3,0.1273876669005666,-3.5005870735171896,1,-33.46418534155714
16.75,0.1362609,-0.24701580000000004,10.572531300000001,0.5706696217676068,3,0.3254976283469183,-3.491498023265337,1,-33.52012202233139
16.765,0.11821050000000001,-0.24701580000000004,10.575474300000002,0.5758288955477084,3,0.34395158534009457,-3.482899284385472,1,-33.57243000213877
16.781,0.09427410000000001,-0.19757340000000004,10.4916969,0.5792195816041694,3,0.2119178785288345,-3.4736588965682578,1,-33.628082467586395
16.796,0.09427410000000001,-0.2200383,10.5141618,0.5829929219945793,3,0.25155602602731614,-3.464942302791267,1,-33.680121976581596
16.812,0.09427410000000001,-0.2200383,10.5141618,0.5866922753185104,3,0.23120958274566916,-3.4555848212127613,1,-33.735486193573635
16.828,0.10477080000000001,-0.21258269999999999,10.4902254,0.5898488114709632,3,0.19728350952832271,-3.4461724925184467,1,-33.79070025208348
16.843,0.10477080000000001,-0.18109260000000002,10.506608100000001,0.5932530371998119,3,0.22694838192323716,-3.4372992286534156,1,-33.84232628999227
16.875,0.11526750000000001,-0.18109260000000002,10.472175,0.5959176506858821,3,0.08326917143969263,-3.4182724976472447,1,-33.952015437613085
16.89,0.0868185,-0.1482291,10.472175,0.598514505198084,3,0.17312363414678872,-3.4093142564781145,1,-34.003222338269026
16.906,0.0868185,-0.1915893,10.4902254,0.601428091182731,3,0.18209912404045578,-3.399714715707069,1,-34.0576945700465
16.921,0.1511721,-0.1915893,10.4766876,0.6040334830546836,3,0.17369279146350233,-3.390673753900288,1,-34.10862248356856
16.937,0.16019730000000001,-0.145188,10.4766876,0.6065757980142674,3,0.15889468497396916,-3.3809888796517353,1,-34.162795784636984
16.953,0.11526750000000001,-0.17069399999999998,10.4931684,0.6093873127882325,3,0.17571967337283992,-3.3712611747653165,1,-34.21681378507231
16.968,0.11526750000000001,-0.18864630000000002,10.5650757,0.6135593621908111,3,0.2781366268385586,-3.3620890747029732,1,-34.267313911943326
16.984,0.16166880000000003,-0.18864630000000002,10.494639900000001,0.6162808183144364,3,0.17009100772656144,-3.3522503532589303,1,-34.32102862736703
17.0,0.1631403,-0.2065986,10.494639900000001,0.6189559855011879,3,0.16719794917198946,-3.3423684588284064,1,-34.37458557786372
17.015,0.1631403,-0.21258269999999999,10.5500664,0.6226674828793577,3,0.2474331585446427,-3.333056282815552,1,-34.42465126342605
17.031,0.1870767,-0.21258269999999999,10.5500664,0.626313993199016,3,0.22790689497867178,-3.323064431006926,1,-34.47790022913662
17.046,0.205029,-0.2080701,10.5500664,0.6298937789122601,3,0.2386523808829257,-3.313642872716091,1,-34.52767553391455
17.062,0.205029,-0.18864630000000002,10.524658500000001,0.6328981945433831,3,0.18777597694517154,-3.3035405369284447,1,-34.58061300119171
17.078,0.15421320000000002,-0.18864630000000002,10.506608100000001,0.6354728658304065,3,0.16091695543897885,-3.2933935684454556,1,-34.633388474034696
17.093,0.18109260000000002,-0.19757340000000004,10.506608100000001,0.6380086771809754,3,0.16905409003792068,-3.2838424568728697,1,-34.68271774422458
17.125,0.16019730000000001,-0.1946304,10.5125922,0.6406043392007135,3,0.08111443811681378,-3.2633846486107627,1,-34.78747337791232
17.14,0.11978010000000001,-0.2006145,10.475216099999999,0.6424080776687511,3,0.12024923120250264,-3.2537620554842412,1,-34.836351978193036
17.171,0.1257642,-0.1856052,10.475216099999999,0.6441723994828852,3,0.05691360690755402,-3.2338200580883916,1,-34.936909500953405
17.187,0.1257642,-0.2230794,10.554579000000002,0.6474721306205264,3,0.20623319610255564,-3.223486901847563,1,-34.9885679566329
17.203,0.11978010000000001,-0.2230794,10.4572638,0.6487982094585529,3,0.08287992737666475,-3.2131167391269315,1,-35.04006078576069
17.218,0.113796,-0.21856680000000003,10.518674400000002,0.6512989059789476,3,0.1667131013596364,-3.2033660107611497,1,-35.08818440638485
17.234,0.1107549,-0.21856680000000003,10.539569700000001,0.6541595337973938,3,0.17878923865286775,-3.192922343242938,1,-35.13935471321689
17.25,0.1437165,-0.2274939,10.5171048,0.6565352294268525,3,0.14848097684118625,-3.182436785137145,1,-35.19035758624393
17.265,0.1526436,-0.2394621,10.5171048,0.6588720160147439,3,0.15578577252608622,-3.1725712307963327,1,-35.23802014636343
17.296,0.10182780000000001,-0.23200650000000003,10.5201459,0.6612072693942306,3,0.07533075417699327,-3.1521100018724946,1,-35.3360527054698
17.312,0.1257642,-0.21856680000000003,10.5201459,0.663496167200643,3,0.14305611290075856,-3.1415123743797344,1,-35.38640168447982
17.328,0.1257642,-0.2290635,10.5710598,0.6667425675104752,3,0.2029000193645382,-3.1308704645020464,1,-35.43658074719087
17.359,0.1002582,-0.2290635,10.5125922,0.6687738667337193,3,0.06552578139496522,-3.1101699597712598,1,-35.53331687376711
17.375,0.1497006,-0.21101310000000004,10.5125922,0.6707694527369856,3,0.12472412520415907,-3.0994536132154953,1,-35.582993862351
17.39,0.1497006,-0.1466595,10.5216174,0.6728813786952426,3,0.14079506388379018,-3.0893762319797533,1,-35.62941008618997
17.406,0.0868185,-0.1466595,10.5230889,0.6749668874610446,3,0.13034429786264226,-3.078593445850504,1,-35.678753843612604
17.421,0.12272310000000002,-0.1466595,10.530642600000002,0.6771665995285403,3,0.14664747116637417,-3.068452444698082,1,-35.72485668779172
17.437,0.12272310000000002,-0.20355750000000003,10.4962095,0.678666741260967,3,0.0937588582766608,-3.057605777971765,1,-35.773865153573084
17.453,0.1497006,-0.20355750000000003,10.515633300000001,0.6805250798726323,3,0.11614616322909335,-3.046732243402697,1,-35.82269985774408
17.484,0.1437165,-0.1870767,10.515633300000001,0.6823393433010629,3,0.05852462672356351,-3.025607844843503,1,-35.9168211291119
17.5,0.1437165,-0.2200383,10.485712800000002,0.6835440475413659,3,0.07529401501894237,-3.014680777716765,1,-35.965143438092376
17.515,0.1466595,-0.2200383,10.527601500000001,0.6855470159310055,3,0.13353122597597145,-3.004412594740722,1,-36.01028663838581
17.531,0.18864630000000002,-0.20355750000000003,10.527601500000001,0.6875173175894354,3,0.1231438536518772,-2.9934280800725594,1,-36.058269363784305
17.546,0.18864630000000002,-0.1990449,10.524658500000001,0.6893896082588995,3,0.1248193779642719,-2.9831012781286965,1,-36.10309333397082
17.562,0.1287072,-0.1990449,10.4916969,0.6905613318300361,3,0.07323272319602904,-2.972061670607984,1,-36.15073463756072
17.578,0.1796211,-0.20208600000000002,10.4991525,0.6918720245641499,3,0.08191829588211977,-2.9610022037568315,1,-36.19819914855563
17.593,0.1796211,-0.21709530000000002,10.5096492,0.6933686340521348,3,0.09977396586565704,-2.950612898817209,1,-36.24253626182494
17.609,0.1571562,-0.21709530000000002,10.515633300000001,0.6949461402224042,3,0.09859413564182747,-2.9395063806230115,1,-36.28965721606046
17.625,0.1287072,-0.1721655,10.515633300000001,0.6964688334594911,3,0.09516832731793982,-2.9283750608335577,1,-36.33660026759211
17.656,0.1287072,-0.23200650000000003,10.536626700000001,0.6983957177346802,3,0.062157557264169064,-2.9067546602900487,1,-36.427044778269526
17.671,0.1257642,-0.23200650000000003,10.485712800000002,0.6992861260835568,3,0.059360556591767616,-2.8962720464614113,1,-36.47056747857016
17.687,0.15568469999999998,-0.19757340000000004,10.485712800000002,0.7001531207962319,3,0.05418716954219087,-2.8850765324863716,1,-36.51681826720175
17.703,0.15568469999999998,-0.17510850000000003,10.4602068,0.7004952972967331,3,0.021386031281325348,-2.8738713451416293,1,-36.56288985022277
17.718,0.1646118,-0.17510850000000003,10.5216174,0.7020372572511349,3,0.10279733029344687,-2.86335235098252,1,-36.6059190279437
17.734,0.08377740000000002,-0.173637,10.5350571,0.7037932791790897,3,0.10975137049716747,-2.8521057066910767,1,-36.65164269240509
17.75,0.1661814,-0.1870767,10.5350571,0.7055385435498724,3,0.10907902317393117,-2.8408310521092464,1,-36.69718618647549
17.765,0.1661814,-0.1946304,10.5141618,0.7068426787897142,3,0.08694234932277949,-2.830238192941699,1,-36.73971920581337
17.781,0.1466595,-0.1946304,10.5096492,0.7080270910744701,3,0.07402576779725593,-2.8189192347827867,1,-36.784912465235166
17.796,0.13469129999999999,-0.173637,10.5096492,0.7091779289295861,3,0.07672252367439297,-2.808290197132756,1,-36.82711653597453
17.812,0.13469129999999999,-0.20355750000000003,10.452751200000002,0.7092013821073717,3,0.0014658236116014713,-2.796943162644459,1,-36.871958402852755
17.843,0.1287072,-0.20355750000000003,10.548594900000001,0.7111016916004012,3,0.06130030622675847,-2.7749284650019894,1,-36.95832241308127
17.859,0.145188,-0.2200383,10.539569700000001,0.7127985113523447,3,0.10605123449646182,-2.763537263378366,1,-37.002630138908316
17.875,0.0718092,-0.23347800000000002,10.494639900000001,0.7135721819432526,3,0.048354411931744494,-2.7521262978320027,1,-37.04675544739799
17.89,0.1526436,-0.23347800000000002,10.508177700000001,0.7146129800647678,3,0.06938654143434748,-2.741414909116942,1,-37.08795700645011
17.906,0.09878670000000002,-0.1377324,10.508177700000001,0.7155875879376072,3,0.060912992052470964,-2.7299733045729244,1,-37.13172811215963
17.937,0.09878670000000002,-0.1870767,10.5620346,0.717613841472561,3,0.06536301725656862,-2.707758682417065,1,-37.21601295795798
17.953,0.08829,-0.1870767,10.5321141,0.7190119785038718,3,0.0873835644569317,-2.696265675857255,1,-37.25924515282417
17.968,0.1377324,-0.2065986,10.5321141,0.7204002533215661,3,0.09255165451295141,-2.6854700841185637,1,-37.29960817102399
17.984,0.1377324,-0.20355750000000003,10.5350571,0.7218178364792323,3,0.08859894735412496,-2.673932339400156,1,-37.34248339041215
18.0,0.1586277,-0.20355750000000003,10.557522,0.7236537414281283,3,0.11474405930601715,-2.6623685667768986,1,-37.38517379766156
18.015,0.1571562,-0.19011780000000003,10.557522,0.7254483050478235,3,0.11963757464634285,-2.6515003014283285,1,-37.4250278141731
18.031,0.1571562,-0.1781496,10.5111207,0.7262939911833453,3,0.05285538347011314,-2.6398863630584803,1,-37.467358907488986
18.046,0.1332198,-0.18413369999999998,10.5904836,0.7286744098788098,3,0.15869457969763198,-2.6289741000505136,1,-37.506875360962304
18.062,0.18109260000000002,-0.18413369999999998,10.585971,0.7309336234443116,3,0.14120084784384287,-2.6172972357839273,1,-37.548845531648986
18.078,0.13469129999999999,-0.1856052,10.5321141,0.7320797070897953,3,0.07163022784274176,-2.6055931291396557,1,-37.59062865456837
18.093,0.1661814,-0.1856052,10.5171048,0.7329179180875123,3,0.055880733181129245,-2.5946056469508254,1,-37.62963014538905
18.109,0.1646118,-0.1796211,10.5171048,0.7337371729182038,3,0.05120342691821693,-2.5828724062227786,1,-37.67104996981445
18.125,0.1646118,-0.17667810000000003,10.5096492,0.7343932370178958,3,0.04100400623075381,-2.571127362943291,1,-37.71228196796777
18.14,0.1930608,-0.17667810000000003,10.4647194,0.7341652242402379,3,-0.015200851843861938,-2.560113174483855,1,-37.75076627199847
18.171,0.19757340000000004,-0.22455090000000003,10.4647194,0.7339613217496535,3,-0.006577499696272511,-2.5373572130210125,1,-37.8297770630048
18.187,0.19757340000000004,-0.24103170000000002,10.5665472,0.7357643501109603,3,0.11268927258166599,-2.5255994076461263,1,-37.87028071597014
18.203,0.16912439999999998,-0.1482291,10.518674400000002,0.736550373949969,3,0.04912648993805044,-2.51382088985364,1,-37.91059607835013
18.218,0.1915893,-0.2394621,10.5171048,0.7373307284844515,3,0.05202363563216079,-2.5027667815853816,1,-37.948220485885926
18.234,0.1915893,-0.1796211,10.542610800000002,0.7385723749813664,3,0.07760290605717499,-2.490959556757654,1,-37.98817029659268
18.25,0.1586277,-0.1796211,10.466190899999999,0.7382809040016252,3,-0.018216936233830035,-2.479144730525791,1,-38.02793113089094
18.265,0.1466595,-0.2350476,10.466190899999999,0.7380132493549727,3,-0.017843643110163315,-2.468072524375616,1,-38.0650352603027
18.296,0.1466595,-0.1990449,10.530642600000002,0.7389996163823085,3,0.03181829120438149,-2.445178824956689,1,-38.14119065621735
18.312,0.1586277,-0.1990449,10.4886558,0.7391470142426346,3,0.009212366270382546,-2.433353651911688,1,-38.180218916032295
18.328,0.13469129999999999,-0.1631403,10.508177700000001,0.7396555134536449,3,0.03178120068814477,-2.421523231690119,1,-38.219057931101105
18.359,0.1586277,-0.1721655,10.5141618,0.7402807200248294,3,0.02016795390917517,-2.398584220071201,1,-38.29376959660341
18.375,0.1212516,-0.1721655,10.548594900000001,0.7415589395645874,3,0.07988872123488636,-2.386729502794487,1,-38.332052106386335
18.39,0.1406754,-0.23200650000000003,10.548594900000001,0.7428392958809162,3,0.0853570877552524,-2.375596516028645,1,-38.36776955152751
18.406,0.1406754,-0.23053500000000002,10.5455538,0.7440343049254512,3,0.07468806528344298,-2.3637015272221955,1,-38.40568393587351
18.421,0.1497006,-0.23053500000000002,10.469232,0.7437123239377517,3,-0.021465399179968037,-2.352543427505721,1,-38.44105577303397
18.437,0.11526750000000001,-0.18109260000000002,10.469232,0.7433690615719719,3,-0.021453897861232016,-2.3406467764216417,1,-38.478601294665395
18.453,0.11526750000000001,-0.2425032,10.518674400000002,0.7440260250681394,3,0.04106021851047367,-2.3287476157285223,1,-38.515956449802594
18.468,0.12272310000000002,-0.2425032,10.500624,0.7443179490549792,3,0.019461599122649147,-2.3175850359225985,1,-38.55080394468998
18.5,0.08829,-0.19011780000000003,10.500624,0.7445762133835441,3,0.008070760267653292,-2.293762729323582,1,-38.62458550893392
18.515,0.11821050000000001,-0.173637,10.506608100000001,0.7449468969538025,3,0.02471223801722432,-2.2825913059960516,1,-38.65890816419882
18.531,0.1586277,-0.173637,10.4871843,0.744939987302141,3,-0.0004318532288439179,-2.2706722109220054,1,-38.69533427233416
18.546,0.16019730000000001,-0.2065986,10.4871843,0.7449453941445157,3,0.0003604561583140609,-2.259498070561155,1,-38.72931054944528
18.562,0.16019730000000001,-0.1990449,10.494639900000001,0.7450939762626287,3,0.009286382382066654,-2.2475777555978964,1,-38.76536715605456
18.578,0.1332198,-0.1990449,10.469232,0.7447341882747232,3,-0.022486749244101913,-2.235659130281599,1,-38.801233051141594
18.593,0.1332198,-0.2230794,10.469232,0.7443909530542037,3,-0.02288234803463172,-2.2244906917216314,1,-38.83468417480662
18.625,0.1332198,-0.21709530000000002,10.5410412,0.7454595918508282,3,0.03339496239451731,-2.200653083003151,1,-38.90548647520222
18.64,0.16166880000000003,-0.21709530000000002,10.508177700000001,0.7458709078122183,3,0.027421064092672417,-2.1894681042556776,1,-38.93841238410666
18.656,0.13469129999999999,-0.19757340000000004,10.508177700000001,0.7462591513713477,3,0.024265222445587938,-2.1775310637822103,1,-38.97334837745096
18.671,0.1526436,-0.18266220000000002,10.5201459,0.7468739157314026,3,0.04098429067032646,-2.1663325657789394,1,-39.00592735467267
18.687,0.1526436,-0.1856052,10.5051366,0.747183412513543,3,0.019343548883774597,-2.1543801071529787,1,-39.04049305605613
18.703,0.1586277,-0.1856052,10.4916969,0.7472251263212755,3,0.0026071129832774915,-2.1424248388423015,1,-39.07486749562408
18.718,0.1002582,-0.17510850000000003,10.4916969,0.7472483676906645,3,0.0015494246259350442,-2.1312162876372116,1,-39.10691980407268
18.734,0.1002582,-0.1511721,10.5321141,0.7480562327106917,3,0.050491563751692184,-2.1192538508339993,1,-39.14092356518046
18.75,0.1377324,-0.1511721,10.530642600000002,0.7488277102195902,3,0.048217344306161515,-2.1072787792905583,1,-39.17473582622145
18.765,0.1406754,-0.20355750000000003,10.530642600000002,0.7496021195948668,3,0.05162729168510598,-2.0960405555669492,1,-39.20626072123288
18.781,0.1466595,-0.18864630000000002,10.5530094,0.7507959537234488,3,0.07461463303638216,-2.084037370980404,1,-39.239701344645255
18.796,0.1466595,-0.18413369999999998,10.5530094,0.7519648169359137,3,0.07792421416432364,-2.0727666652004584,1,-39.270877374916616
18.812,0.1796211,-0.2215098,10.4393115,0.7509062822402086,3,-0.06615841848155815,-2.060743696407048,1,-39.303945457809476
18.843,0.1796211,-0.20355750000000003,10.52613,0.7515630921449663,3,0.021187416282507063,-2.0374554211040787,1,-39.367467544130896
18.859,0.1107549,-0.20355750000000003,10.469232,0.751073028382164,3,-0.03062898517513725,-2.0254343321398602,1,-39.39997066215685
18.875,0.142245,-0.1870767,10.469232,0.7505940052167581,3,-0.029938947837874173,-2.01342099587107,1,-39.43228150478094
18.89,0.142245,-0.1990449,10.508177700000001,0.7508921345665893,3,0.019875289988745905,-2.0021598498226947,1,-39.46239836112364
18.906,0.11526750000000001,-0.1946304,10.5470253,0.7519378592921164,3,0.06535779534545148,-1.990137209871828,1,-39.494336737601195
18.937,0.11526750000000001,-0.21101310000000004,10.5814584,0.7536442394319458,3,0.055044520639653156,-1.9668006873416033,1,-39.55566927500801
18.953,0.1392039,-0.21101310000000004,10.5455538,0.7546189928878917,3,0.06092209099662465,-1.954734581483046,1,-39.5870415571586
18.968,0.09427410000000001,-0.173637,10.5455538,0.7555515208371713,3,0.062168529951968324,-1.9434083026301074,1,-39.61627762878945
18.984,0.12272310000000002,-0.1870767,10.6009803,0.7575625589025137,3,0.1256898790838871,-1.9313033899921885,1,-39.64727532233043
19.0,0.12272310000000002,-0.1870767,10.52613,0.758066840995463,3,0.03151763080933359,-1.9191783547930061,1,-39.678079176288705
19.015,0.16166880000000003,-0.1870767,10.5321141,0.7586888514895129,3,0.04146736626999668,-1.9078026870993683,1,-39.7067815341029
19.031,0.145188,-0.2140542,10.5321141,0.7593040298726752,3,0.03844864894764634,-1.895658744048472,1,-39.73720922555208
19.046,0.145188,-0.23347800000000002,10.5410412,0.760090216708285,3,0.05241245570731972,-1.8842632871991143,1,-39.76555864078644
19.062,0.1497006,-0.23347800000000002,10.5216174,0.7604814985332631,3,0.024455114061125476,-1.8720987134771805,1,-39.79560953679185
19.078,0.1392039,-0.19011780000000003,10.5216174,0.7608451740939994,3,0.02272972254602463,-1.8599281000961638,1,-39.825465751300435
19.093,0.1392039,-0.2065986,10.529073,0.7613539566720533,3,0.03391883853692324,-1.848511606615418,1,-39.85327904910077
19.109,0.15421320000000002,-0.2065986,10.4228307,0.759774310800859,3,-0.09872786694963281,-1.8363425804756333,1,-39.8827578825975
19.14,0.13469129999999999,-0.21101310000000004,10.4228307,0.7582220684527492,3,-0.050072333809995484,-1.8128136365972032,1,-39.93931980396213
19.156,0.1302768,-0.20355750000000003,10.5111207,0.7584269709460738,3,0.012806405832789547,-1.800680444282014,1,-39.96822775660916
19.171,0.142245,-0.20355750000000003,10.4962095,0.7583386022789043,3,-0.005891244477969588,-1.7893047024828261,1,-39.9951526452099
19.187,0.17510850000000003,-0.1856052,10.4962095,0.7582551813018625,3,-0.0052138110651072924,-1.7771719522141787,1,-40.02368445844748
19.203,0.17510850000000003,-0.18109260000000002,10.518674400000002,0.7586122125633192,3,0.022314453841046036,-1.7650370130632587,1,-40.052022130169696
19.218,0.1437165,-0.18109260000000002,10.563506100000001,0.7598317588032906,3,0.08130308266475268,-1.7536486832780087,1,-40.07841227289226
19.234,0.13469129999999999,-0.205029,10.563506100000001,0.7610336365502661,3,0.07511735918596377,-1.7414817601151789,1,-40.10637331643941
19.25,0.13469129999999999,-0.19610190000000002,10.5470253,0.7618855546007257,3,0.053244878153730114,-1.7292984065859722,1,-40.13413955777302
19.281,0.1482291,-0.19610190000000002,10.508177700000001,0.7619628176272766,3,0.0024923556951893444,-1.705678756816439,1,-40.187381703805755
19.296,0.1437165,-0.20208600000000002,10.508177700000001,0.7620395593803657,3,0.0051161168726089985,-1.6942487389888814,1,-40.212881160024295
19.312,0.1392039,-0.2006145,10.5171048,0.7622880468473081,3,0.01553046668389783,-1.6820541181390587,1,-40.23989158288132
19.328,0.1392039,-0.173637,10.506608100000001,0.7623164810775336,3,0.0017771393890921598,-1.6698572819156614,1,-40.266706874081756
19.343,0.11673900000000001,-0.173637,10.572531300000001,0.7636313508474011,3,0.08765798465782997,-1.6584126731762239,1,-40.291668898744945
19.359,0.10928340000000002,-0.17667810000000003,10.515633300000001,0.7638044336583469,3,0.010817675684114857,-1.6461931869001765,1,-40.31810574562556
19.375,0.13469129999999999,-0.17667810000000003,10.4797287,0.7632760466554611,3,-0.033024187680367495,-1.6339765430576674,1,-40.34434710346522
19.39,0.1317483,-0.1571562,10.4797287,0.7627511912251865,3,-0.03499036201830431,-1.622531338773562,1,-40.36877091257895
19.406,0.1317483,-0.205029,10.5979392,0.7645700774424196,3,0.11368038857707682,-1.6103127686242225,1,-40.39463366543813
19.421,0.11978010000000001,-0.205029,10.4902254,0.7642390152191645,3,-0.022070814883670777,-1.5988467004292601,1,-40.41870236145603
19.437,0.15421320000000002,-0.1990449,10.5335856,0.764770956210393,3,0.033246311951780794,-1.5866146206578222,1,-40.444186052024726
19.453,0.18413369999999998,-0.16166880000000003,10.5335856,0.765289341940731,3,0.032399108146123026,-1.5743741382726146,1,-40.46947396209617
19.468,0.18413369999999998,-0.2065986,10.5321141,0.7657841155420204,3,0.032984906752629856,-1.5628910873414936,1,-40.493003451288274
19.5,0.17667810000000003,-0.2065986,10.4452956,0.7645649324092112,3,-0.03809947290028811,-1.538405502574274,1,-40.542624196726926
19.515,0.1466595,-0.15421320000000002,10.4452956,0.7633428113307765,3,-0.08147473856230812,-1.5269461944962237,1,-40.565614334454956
19.531,0.1466595,-0.1526436,10.4931684,0.7630826919687994,3,-0.016257460123571668,-1.5147347904698285,1,-40.58994778233468
19.546,0.10928340000000002,-0.1526436,10.5111207,0.7631706864753216,3,0.005866300434812658,-1.5032878901314972,1,-40.61258295243919
19.562,0.10477080000000001,-0.21552570000000001,10.5111207,0.7632776439281272,3,0.006684840800352061,-1.4910763034882684,1,-40.63653786598815
19.578,0.10477080000000001,-0.16765290000000002,10.5785154,0.7646866307881375,3,0.08806167875064912,-1.4788525892905395,1,-40.660297297130384
19.593,0.145188,-0.16765290000000002,10.5335856,0.765196569399917,3,0.03399590745196561,-1.4673784652891286,1,-40.68239403003973
19.609,0.11978010000000001,-0.2274939,10.4991525,0.7650372900625015,3,-0.009954958588463955,-1.455136594413428,1,-40.70577415051736
19.625,0.113796,-0.20355750000000003,10.4991525,0.7648701970548739,3,-0.010443312976727888,-1.4428973345164904,1,-40.728958421948796
19.64,0.113796,-0.19610190000000002,10.5201459,0.7651151381951458,3,0.01632940935145593,-1.4314224445021149,1,-40.75051582029144
19.656,0.1362609,-0.19610190000000002,10.4782572,0.7645393756415952,3,-0.03598515959691136,-1.4191852083914223,1,-40.77332068151458
19.671,0.16166880000000003,-0.17510850000000003,10.4782572,0.7639746937678158,3,-0.03764545825196184,-1.4077213528708512,1,-40.79452248072405
19.687,0.16166880000000003,-0.1586277,10.5021936,0.763885170904393,3,-0.005595178963923515,-1.3954984739534722,1,-40.81694823933864
19.718,0.1646118,-0.1930608,10.4842413,0.763457698128855,3,-0.013789444372194305,-1.3718246594834578,1,-40.85984174790691
19.734,0.1646118,-0.1990449,10.5141618,0.763627299676136,3,0.010600096705058938,-1.3596079795010165,1,-40.88169320901879
19.75,0.1646118,-0.1990449,10.5814584,0.7651127214153544,3,0.09283885870115995,-1.347378059332286,1,-40.90334909732945
19.765,0.11673900000000001,-0.21709530000000002,10.466190899999999,0.7643039716898539,3,-0.05391664836669732,-1.3359074341339965,1,-40.923473738530454
19.781,0.1002582,-0.21709530000000002,10.466190899999999,0.7635077307128046,3,-0.049765061065581914,-1.3236849405147766,1,-40.94475047752764
19.796,0.1002582,-0.16912439999999998,10.563506100000001,0.7646175588386992,3,0.07398854172630066,-1.3122240008431398,1,-40.96451979458783
19.812,0.09584369999999999,-0.16912439999999998,10.503665100000001,0.7645316691406112,3,-0.005368106130498272,-1.299990807019304,1,-40.985417513050734
19.828,0.0898596,-0.23347800000000002,10.503665100000001,0.7644706039441704,3,-0.0038165747775491293,-1.2877587888346271,1,-41.006119509817566
19.843,0.0898596,-0.2140542,10.5230889,0.7647833905789714,3,0.0208524423200621,-1.2762893838757032,1,-41.025349871112894
19.859,0.1437165,-0.2140542,10.557522,0.765776717853381,3,0.06208295465059271,-1.264044903008243,1,-41.04567254540797
19.875,0.1571562,-0.21552570000000001,10.557522,0.7667549087902437,3,0.06113693355392476,-1.2517846499950953,1,-41.06579918183199
19.89,0.1571562,-0.18413369999999998,10.500624,0.7665869200423341,3,-0.011199249860637936,-1.2402845862788505,1,-41.08448970110405
19.921,0.09878670000000002,-0.18413369999999998,10.536626700000001,0.7671140764035727,3,0.017005043910922193,-1.2165122208339398,1,-41.1225700516143
19.937,0.1466595,-0.1946304,10.5440823,0.767791674552095,3,0.04234988428263945,-1.2042329748262932,1,-41.14193601317958
19.953,0.16765290000000002,-0.2006145,10.5051366,0.7677009128531331,3,-0.005672606185114851,-1.1919490341270527,1,-41.161105469251204
19.968,0.1646118,-0.2006145,10.530642600000002,0.7681109535759649,3,0.027336048188785284,-1.1804304451288339,1,-41.17889831534563
19.984,0.1377324,-0.21258269999999999,10.530642600000002,0.7685099931213202,3,0.02493997158470039,-1.1681374775552542,1,-41.1976868587271
20.0,0.1377324,-0.1631403,10.3898691,0.7661242280964071,3,-0.14911031405708242,-1.1558604037855138,1,-41.21627884177783
20.015,0.142245,-0.1631403,10.475216099999999,0.7654595452291524,3,-0.044312191150314324,-1.1443735254855716,1,-41.23353059624736
20.031,0.142245,-0.19757340000000004,10.475216099999999,0.7648195170851064,3,-0.04000175900287669,-1.1321312929870588,1,-41.25174263479514
20.062,0.142245,-0.2006145,10.452751200000002,0.7637528048982567,3,-0.03441007054353698,-1.1084384219963148,1,-41.28647146537739
20.078,0.1631403,-0.2350476,10.4153751,0.7619944678362867,3,-0.10989606637313953,-1.0962324438144397,1,-41.304108832303875
20.093,0.16912439999999998,-0.2350476,10.4318559,0.760595507154294,3,-0.09326404546617205,-1.08481301900201,1,-41.320466673275
20.109,0.1511721,-0.17069399999999998,10.4318559,0.75919404326023,3,-0.0875914933789925,-1.0726547025986923,1,-41.337726415047804
20.125,0.1511721,-0.23200650000000003,10.4213592,0.7576375114461964,3,-0.09728323837711012,-1.0605200501610423,1,-41.35479181306988
20.14,0.0973152,-0.23200650000000003,10.437840000000001,0.756421973015792,3,-0.08103589536029361,-1.049164604027577,1,-41.370614447976294
20.156,0.11821050000000001,-0.19757340000000004,10.437840000000001,0.7552206077928112,3,-0.07508532643630544,-1.0370714633811096,1,-41.38730433651556
20.171,0.1646118,-0.21101310000000004,10.3749579,0.7528277030267798,3,-0.15952698440208585,-1.025761101049962,1,-41.402775580748795
20.187,0.1302768,-0.1915893,10.3749579,0.7504647655205012,3,-0.14768359414239499,-1.0137347613015826,1,-41.41909154764761
20.203,0.1302768,-0.18266220000000002,10.289610900000001,0.7464719276067431,3,-0.24955236960991195,-1.0017592677565659,1,-41.43521549988007
20.218,0.18266220000000002,-0.173637,10.2881394,0.7425410887165551,3,-0.2620559260125215,-0.9905916701341407,1,-41.45015813191425
20.234,0.1362609,-0.173637,10.316588399999999,0.7392309224421805,3,-0.2068853921483917,-0.9787374940448695,1,-41.465912765227685
20.265,0.1661814,-0.18413369999999998,10.316588399999999,0.735997826569248,3,-0.10429341525589186,-0.9558714484351932,1,-41.495899203836125
20.281,0.1661814,-0.20954160000000002,10.3001076,0.7325145829292552,3,-0.21770272749957087,-0.9441233491592065,1,-41.51109916221688
20.296,0.15568469999999998,-0.20954160000000002,10.232712900000001,0.7277753857492772,3,-0.31594647866518466,-0.9331711743941171,1,-41.52517887114353
20.328,0.10928340000000002,-0.1631403,10.2761712,0.7239527406240658,3,-0.11945766016285819,-0.9099435243721437,1,-41.55466870632379
20.328,0.12272310000000002,-0.1631403,10.2626334,0.7199426289381137,3,0.0,-0.9099435243721437,1,-41.55466870632379
20.359,0.1272357,-0.19610190000000002,10.2626334,0.7160235335368625,3,-0.12642243229841382,-0.8876860488537798,1,-41.58253196470879
20.375,0.1272357,-0.20954160000000002,10.268617500000001,0.7123037916272885,3,-0.2324838693484022,-0.8762594302524678,1,-41.59664352854164
20.39,0.11978010000000001,-0.1870767,10.244681100000001,0.708177492269769,3,-0.27508662383462384,-0.8656058206232394,1,-41.60970751792321
20.406,0.1482291,-0.1870767,10.270187100000001,0.7046393777598556,3,-0.22113215686961,-0.8543032856630037,1,-41.6234667907735
20.421,0.1511721,-0.1946304,10.270187100000001,0.7011742305756403,3,-0.231009812281012,-0.8437596836004871,1,-41.636202263042975
20.437,0.1511721,-0.20355750000000003,10.1893527,0.6961959181326414,3,-0.3111445276873999,-0.8325807224108196,1,-41.64961298629107
20.453,0.11821050000000001,-0.20355750000000003,10.249193700000001,0.6924797205032185,3,-0.23226235183895555,-0.821471317301734,1,-41.66284540260877
20.468,0.1078119,-0.2274939,10.249193700000001,0.6888440086975809,3,-0.24238078704249735,-0.8111113893327275,1,-41.67508977290853
20.484,0.1078119,-0.2215098,10.237225500000001,0.6850424132164932,3,-0.23759971756795567,-0.8001202979574137,1,-41.68797962640685
20.5,0.1317483,-0.2215098,10.1758149,0.6801171029644539,3,-0.30783189075248635,-0.7891990218279673,1,-41.70069418096513
20.515,0.1317483,-0.21552570000000001,10.1758149,0.6752858485304927,3,-0.32208362893073866,-0.7790334996917548,1,-41.71245592487653
20.546,0.1317483,-0.18266220000000002,10.1609037,0.6702444156772156,3,-0.16262686623475053,-0.7581777805965362,1,-41.736282699720995
20.562,0.1317483,-0.21258269999999999,10.181799000000002,0.6657228297322231,3,-0.28259912156200107,-0.7474900426332595,1,-41.74832804230684
20.578,0.1392039,-0.21258269999999999,10.112932800000001,0.6599419524107901,3,-0.3613048325895994,-0.7368847243761165,1,-41.76020304044291
20.593,0.1362609,-0.205029,10.112932800000001,0.6542705827553661,3,-0.37809131036158766,-0.72702813036237,1,-41.77118238685345
20.609,0.1362609,-0.2274939,10.092037500000002,0.6483102624069108,3,-0.37252002177841353,-0.7166074836010706,1,-41.78273147176515
20.625,0.1392039,-0.2140542,10.150407,0.6436059713957345,3,-0.2940181881985517,-0.7062721537306506,1,-41.79411450886381
20.64,0.1392039,-0.2230794,10.1114613,0.6382343466045945,3,-0.3581083194093165,-0.6966583513456477,1,-41.80463648765188
20.656,0.17667810000000003,-0.2230794,10.081540799999999,0.6323930773854762,3,-0.365079326194935,-0.6864933319537282,1,-41.81570170111827
20.671,0.16166880000000003,-0.2006145,10.081540799999999,0.6266521533599434,3,-0.3827282683688411,-0.6770504927231372,1,-41.82592827980335
20.687,0.16166880000000003,-0.16912439999999998,10.0875249,0.6211297810783147,3,-0.34514826760175277,-0.6670682372476301,1,-41.83668122964312
20.718,0.1946304,-0.173637,10.0965501,0.6159055096167947,3,-0.16852488585549188,-0.6478941902418567,1,-41.85706314726921
20.734,0.145188,-0.173637,10.0380825,0.6096212312412526,3,-0.3927673984713391,-0.6380899763149912,1,-41.86735102060167
20.75,0.1482291,-0.2290635,10.0380825,0.6034828380487944,3,-0.38364957452867504,-0.6283851437606719,1,-41.877482821562275
20.765,0.1482291,-0.18413369999999998,10.0784997,0.5982389549216869,3,-0.3495922084738235,-0.619372230313393,1,-41.88684100186783
20.781,0.1497006,-0.18413369999999998,10.0306269,0.5921598983645939,3,-0.3799410348183515,-0.6098490394871038,1,-41.89667477202623
20.796,0.11978010000000001,-0.1990449,10.0306269,0.5861977433775856,3,-0.3974769991338757,-0.6010113571740371,1,-41.90575622500119
20.812,0.18413369999999998,-0.21101310000000004,10.0097316,0.5799668463434138,3,-0.38943106463569327,-0.591682040456268,1,-41.915297772182235
20.828,0.11821050000000001,-0.18864630000000002,10.0097316,0.5738298557962249,3,-0.3835619091993459,-0.582451666839152,1,-41.9246908418406
20.843,0.11821050000000001,-0.23799060000000002,9.967744800000002,0.5670108320475613,3,-0.4546015832442235,-0.5738953616803232,1,-41.933363444554494
20.875,0.1212516,-0.1796211,10.0380825,0.5616811096409453,3,-0.16655382520674986,-0.5558362906133071,1,-41.95143915099119
20.89,0.173637,-0.1796211,9.945279900000001,0.5546518847285693,3,-0.4686149941583828,-0.5474637931555354,1,-41.95971390161946
20.906,0.1466595,-0.22455090000000003,9.945279900000001,0.547769867846073,3,-0.4301260551560689,-0.5386444191349392,1,-41.968402767317784
20.921,0.1466595,-0.17510850000000003,9.9378243,0.5408571696550482,3,-0.46084654606830266,-0.5304797163536805,1,-41.97642119833395
20.937,0.16912439999999998,-0.17510850000000003,9.9408654,0.5341466225940295,3,-0.41940919131362187,-0.5218796860156869,1,-41.98484007355291
20.953,0.1631403,-0.2290635,9.9408654,0.5275871938240506,3,-0.4099642981237224,-0.5133858154843431,1,-41.99312219756491
20.968,0.1392039,-0.2140542,9.8854389,0.5200562559195419,3,-0.5020625269672317,-0.505528489611266,1,-42.00076405485313
21.0,0.1392039,-0.20954160000000002,9.8854389,0.5126710883313166,3,-0.23078648713203956,-0.4890048521032518,1,-42.016676588320564
21.015,0.11978010000000001,-0.2215098,9.955776600000002,0.5068095817835818,3,-0.39076710318230273,-0.48135874707738974,1,-42.02395431531442
21.031,0.11978010000000001,-0.18413369999999998,9.9378243,0.5006961607468217,3,-0.38208881479755197,-0.4732987011371474,1,-42.03159157490013
21.046,0.16019730000000001,-0.18413369999999998,9.8674866,0.49333501921351086,3,-0.49074276888736806,-0.46584346728744463,1,-42.03863514116332
21.062,0.145188,-0.1631403,9.8674866,0.48610641944616795,3,-0.45178748545888153,-0.45800793577816634,1,-42.04602595238784
21.078,0.145188,-0.1930608,9.874942200000001,0.4791762875894019,3,-0.433133241047926,-0.45028567412188264,1,-42.05329230126704
21.093,0.1466595,-0.1930608,9.895935600000001,0.47279397845477433,3,-0.4254872756418213,-0.44314589712655106,1,-42.0599930380514
21.125,0.1482291,-0.2499588,9.895935600000001,0.46656223444718137,3,-0.19474200023728,-0.4281161977201198,1,-42.07393323156895
21.14,0.1482291,-0.18413369999999998,9.888480000000001,0.46027823662408807,3,-0.41893318820620423,-0.42116489418708497,1,-42.080302839758254
21.156,0.1661814,-0.21709530000000002,9.839037600000001,0.4531670697452075,3,-0.4444479299300853,-0.41385733173613143,1,-42.086983017565636
21.171,0.10477080000000001,-0.20208600000000002,9.895935600000001,0.4472878461815277,3,-0.3919482375786357,-0.40710391986668065,1,-42.093140226952656
21.187,0.10477080000000001,-0.2006145,9.8151012,0.4399387441375957,3,-0.4593188777456999,-0.4000061071441269,1,-42.09959710716874
21.203,0.11821050000000001,-0.2006145,9.8405091,0.43323478904512847,3,-0.4189971932792486,-0.39302071887866585,1,-42.105941321776925
21.218,0.1511721,-0.20208600000000002,9.8405091,0.4266717178196391,3,-0.4375380816992755,-0.3865714200771799,1,-42.1117882628191
21.25,0.1511721,-0.1586277,9.788123700000002,0.4191948122675164,3,-0.2336532985038329,-0.3730375555957854,1,-42.123942006429864
21.265,0.16765290000000002,-0.1586277,9.8196138,0.4124870561943883,3,-0.44718373820852464,-0.3667999415823209,1,-42.1294907876587
21.281,0.19757340000000004,-0.2274939,9.8196138,0.4059482692918088,3,-0.40867418141126216,-0.360252458978432,1,-42.13530720686319
21.296,0.1571562,-0.205029,9.8405091,0.3999232587370365,3,-0.40166737031814054,-0.35420842251821544,1,-42.140665663474415
21.312,0.1317483,-0.24701580000000004,9.8405091,0.3940279774841571,3,-0.36845507830492213,-0.3478568126284452,1,-42.14628218535559
21.343,0.1631403,-0.16912439999999998,9.8225568,0.38787332205047953,3,-0.19853727205412208,-0.3357373424856588,1,-42.15687789475986
21.359,0.1631403,-0.2679111,9.7372098,0.38020980989506015,3,-0.4789695097136578,-0.3295926774300938,1,-42.16220053491919
21.375,0.10477080000000001,-0.2679111,9.752219100000001,0.37297499707207926,3,-0.4521758014363551,-0.3235671989743573,1,-42.16742581393042
21.39,0.0777933,-0.2274939,9.752219100000001,0.36585697231493164,3,-0.47453498380982356,-0.31802595920395454,1,-42.17223776261676
21.406,0.0777933,-0.17069399999999998,9.7821396,0.359442353587081,3,-0.40091367049070986,-0.31222356459673906,1,-42.17727975880717
21.421,0.15421320000000002,-0.18109260000000002,9.836094600000001,0.35423257246507767,3,-0.3473187414668749,-0.30687100265134765,1,-42.18192296806153
21.437,0.15421320000000002,-0.2140542,9.759674700000001,0.3476400352489293,3,-0.412033576009228,-0.30125602178963495,1,-42.18678798425706
21.453,0.142245,-0.2140542,9.7911648,0.34179044023112226,3,-0.3655996886129789,-0.29574057798579517,1,-42.19156395705526
21.468,0.1646118,-0.20355750000000003,9.7911648,0.33605802537472584,3,-0.3821609904264133,-0.29065671449375113,1,-42.19596193674886
21.484,0.1781496,-0.2080701,9.723770100000001,0.32912357028132355,3,-0.43340344333759473,-0.28533526172850215,1,-42.20056987255864
21.515,0.1781496,-0.19757340000000004,9.774684,0.3233187338312433,3,-0.18725278871227272,-0.2752224060147578,1,-42.20925851640866
21.531,0.1856052,-0.19757340000000004,9.774684,0.31763043679987746,3,-0.3555185644604056,-0.27009481264970936,1,-42.213621054157976
21.546,0.1661814,-0.21856680000000003,9.774684,0.3120555831190561,3,-0.37165691205474155,-0.26537216750031717,1,-42.2176370565091
21.562,0.1661814,-0.20355750000000003,9.7417224,0.3059376162831846,3,-0.3823729272419268,-0.2604282219050987,1,-42.22184345962434
21.578,0.1482291,-0.20355750000000003,9.7447635,0.29999354063985884,3,-0.3715047277079018,-0.25558077264971485,1,-42.225971531580775
21.593,0.1437165,-0.19610190000000002,9.7447635,0.29416169367193845,3,-0.3887897978613442,-0.2511246083923762,1,-42.22977182193859
21.609,0.1437165,-0.1856052,9.7507476,0.28855746815377614,3,-0.3502640948851051,-0.24646285509776994,1,-42.233752521646515
21.625,0.1302768,-0.1856052,9.8076456,0.28417477521569445,3,-0.2739183086301357,-0.2418809971508147,1,-42.237659272464505
21.64,0.10182780000000001,-0.1930608,9.8076456,0.27987423987947047,3,-0.286702355748255,-0.2376506295376008,1,-42.24125575966467
21.656,0.10928340000000002,-0.2215098,9.7732125,0.2749964439388872,3,-0.3048622462864861,-0.23321166406705443,1,-42.245022658013504
21.671,0.10928340000000002,-0.1946304,9.7582032,0.26990885040949664,3,-0.3391729019593597,-0.2291248743594414,1,-42.248490182051704
21.703,0.1362609,-0.2006145,9.747706500000001,0.26472428846618534,3,-0.1620175607284778,-0.22057074413743047,1,-42.25568531194765
21.718,0.1362609,-0.20355750000000003,9.708858900000001,0.2588811042729873,3,-0.38954561287985656,-0.2166437036918865,1,-42.25896442030637
21.734,0.1392039,-0.20355750000000003,9.7507476,0.25397439406412126,3,-0.3066693880540917,-0.21254085970518918,1,-42.262397896813546
21.75,0.1586277,-0.2274939,9.7507476,0.24918007865320035,3,-0.29964471318258934,-0.20851562392345105,1,-42.265766348682575
21.765,0.1586277,-0.1946304,9.7806681,0.24505230907896092,3,-0.2751846382826187,-0.2048088810154597,1,-42.26886628246962
21.796,0.1392039,-0.20355750000000003,9.746235,0.24032829766124308,3,-0.1523874650876779,-0.1972854816109868,1,-42.275098745090325
21.812,0.1631403,-0.21552570000000001,9.7536906,0.23585536688936592,3,-0.27955817324229115,-0.1934760122945815,1,-42.27822483704157
21.828,0.1631403,-0.205029,9.7627158,0.23164260607143916,3,-0.2632975511204517,-0.18973602851089547,1,-42.281290533368015
21.843,0.1586277,-0.205029,9.7732125,0.2277167359937291,3,-0.26172467184732734,-0.18629083344540656,1,-42.28411073483269
21.859,0.173637,-0.1781496,9.7732125,0.2238625163171264,3,-0.24088872978764245,-0.18267819942691932,1,-42.28706248709567
21.89,0.173637,-0.23200650000000003,9.7627158,0.21990029313333181,3,-0.12781365109015258,-0.1757998758804375,1,-42.29261889726293
21.906,0.15568469999999998,-0.2140542,9.7627158,0.21600178759501532,3,-0.24365659614480803,-0.17231265923461112,1,-42.295403797543855
21.921,0.15568469999999998,-0.2200383,9.728282700000001,0.21150743025625118,3,-0.2996238225842641,-0.1691063401007265,1,-42.29796444003887
21.937,0.1302768,-0.2200383,9.7103304,0.2067419939511339,3,-0.2978397690697965,-0.16576034470706705,1,-42.30064337351733
21.953,0.1212516,-0.1946304,9.7103304,0.20205707223308877,3,-0.292807607377853,-0.16248995217759363,1,-42.303269375892405
21.968,0.1362609,-0.2215098,9.7268112,0.1978022399309154,3,-0.2836554868115482,-0.15949100733636348,1,-42.30568423308876
22.0,0.1287072,-0.2274939,9.7387794,0.1938661123017429,3,-0.12300398841164062,-0.15322431370064094,1,-42.31068767822536
22.015,0.0973152,-0.19757340000000004,9.7387794,0.1899872237320963,3,-0.258592571309762,-0.15034541368038704,1,-42.31296445118071
22.046,0.0973152,-0.2230794,9.7672284,0.18675283959579225,3,-0.1043349721388446,-0.14450594269880498,1,-42.31753464720459
22.062,0.1631403,-0.1990449,9.749178,0.18323509131874793,3,-0.21985926731524535,-0.14154603925148834,1,-42.31982306306019
22.078,0.1631403,-0.2065986,9.759674700000001,0.179995141453686,3,-0.20249686656639299,-0.1386401973893092,1,-42.322064552953314
22.093,0.18266220000000002,-0.2065986,9.7387794,0.1764159508036265,3,-0.2386127100039587,-0.13596711419737925,1,-42.32412410779021
22.109,0.1122264,-0.2559429,9.6938496,0.17202839404387404,3,-0.27422229748449695,-0.13317955943859894,1,-42.3262772811793
22.14,0.16166880000000003,-0.21552570000000001,9.6938496,0.16772129403446456,3,-0.13893870998095637,-0.1279134392733849,1,-42.330324222659335
22.156,0.16166880000000003,-0.2140542,9.7582032,0.16475936355014298,3,-0.18512065527011942,-0.12525359401270833,1,-42.33234955892562
22.171,0.1002582,-0.2140542,9.716314500000001,0.16101824993185865,3,-0.24940757455227927,-0.12281026191159322,1,-42.334210037845054
22.187,0.1437165,-0.20355750000000003,9.716314500000001,0.15735676477941674,3,-0.2288428220275939,-0.12026326179390273,1,-42.3361546260347
22.203,0.1437165,-0.2230794,9.7612443,0.15465612396608996,3,-0.1687900508329418,-0.11776715868393896,1,-42.33805886939852
22.218,0.1107549,-0.2230794,9.771642900000002,0.15220384321383307,3,-0.1634853834837869,-0.11546570893008945,1,-42.339808115905626
22.234,0.11673900000000001,-0.2290635,9.771642900000002,0.14980372547886311,3,-0.15000735843560528,-0.11304964838054761,1,-42.34163623876411
22.25,0.11673900000000001,-0.2290635,9.788123700000002,0.14777371021437347,3,-0.126875954030617,-0.11066902889500198,1,-42.34342598818231
22.265,0.142245,-0.2290635,9.855518400000001,0.14711108010002683,3,-0.04417534095644104,-0.1084573929676439,1,-42.34506943634628
22.281,0.1497006,-0.2230794,9.7552602,0.14449580706708787,3,-0.16345456455870291,-0.10612453787030723,1,-42.346786091792985
22.296,0.18109260000000002,-0.1946304,9.7552602,0.1419303078184857,3,-0.1710332832401379,-0.10397634200866535,1,-42.34836184839208
22.312,0.18109260000000002,-0.205029,9.7507476,0.13933083994080242,3,-0.1624667423551869,-0.10172625282659079,1,-42.35000746915076
22.328,0.1377324,-0.205029,9.7447635,0.13665114963484193,3,-0.16748064412254918,-0.09951839690998587,1,-42.35161742634865
22.343,0.17510850000000003,-0.2230794,9.7447635,0.13404353320157902,3,-0.17384109555085372,-0.09748818678871264,1,-42.35309497572639
22.375,0.1915893,-0.1796211,9.740250900000001,0.1313870740503642,3,-0.083014348475463,-0.09324129707268154,1,-42.35614664746817
22.39,0.17069399999999998,-0.2274939,9.740250900000001,0.12879469523271503,3,-0.17282525450993858,-0.09128993380305837,1,-42.35753063169974
22.406,0.17069399999999998,-0.2215098,9.707289300000001,0.12560440528871553,3,-0.19939312149999086,-0.08925474099888715,1,-42.35897498909815
22.421,0.1377324,-0.2215098,9.771642900000002,0.12372778960590303,3,-0.1251077121874952,-0.08738474953717744,1,-42.36029978527717
22.437,0.1212516,-0.19011780000000003,9.7821396,0.12207649174139945,3,-0.10320611653146194,-0.0854183152863988,1,-42.36168220979576
22.453,0.0823059,-0.19757340000000004,9.7821396,0.12045252510552906,3,-0.10149791474191046,-0.08347808315162358,1,-42.36303338098326
22.468,0.0823059,-0.1930608,9.7656588,0.11853555619933331,3,-0.12779792707971172,-0.08168567254183705,1,-42.36427210915096
22.484,0.142245,-0.1930608,9.717786,0.11573128535767552,3,-0.17526692760359266,-0.07981153780938077,1,-42.36556408683377
22.5,0.15421320000000002,-0.2215098,9.717786,0.11299747305886854,3,-0.17086326867545515,-0.07798170774204863,1,-42.366826432798184
22.515,0.15421320000000002,-0.2200383,9.7387794,0.11072808804678402,3,-0.1512923341389618,-0.07630376603375617,1,-42.367983573851504
22.531,0.1511721,-0.2200383,9.806076000000001,0.1098213152875065,3,-0.05667329745485186,-0.07453937080708205,1,-42.36919031894623
22.546,0.1377324,-0.24103170000000002,9.806076000000001,0.10893811551613197,3,-0.05887998475829917,-0.0728986750760547,1,-42.370296104290354
22.578,0.1377324,-0.20954160000000002,9.764187300000001,0.10723697556219847,3,-0.05316062356042201,-0.06943987361880141,1,-42.37257352106947
22.593,0.1482291,-0.20954160000000002,9.7567317,0.10542606642872521,3,-0.1207272755648794,-0.06784490080386943,1,-42.37360315687764
22.609,0.1646118,-0.16912439999999998,9.7971489,0.10443270322832454,3,-0.06208520002503464,-0.06616603064661285,1,-42.37467524432925
22.625,0.1362609,-0.2215098,9.7971489,0.10347075566998676,3,-0.060121722396118085,-0.06450280297542654,1,-42.37572059499822
22.64,0.1362609,-0.20355750000000003,9.818044200000001,0.10292962019009622,3,-0.036075698659368105,-0.06295480015647587,1,-42.37667652702171
22.656,0.11821050000000001,-0.20355750000000003,9.7252416,0.10057537880599376,3,-0.1471400865064194,-0.06132676016450732,1,-42.37767077950428
22.671,0.19757340000000004,-0.2274939,9.7252416,0.0983029508169917,3,-0.1514951992667988,-0.059835172692334876,1,-42.378579494000704
22.687,0.19757340000000004,-0.1990449,9.698362200000002,0.0955360255004809,3,-0.17293283228190523,-0.058284460881794925,1,-42.379524451069294
22.703,0.17069399999999998,-0.1990449,9.7252416,0.0933402060560411,3,-0.137238715277503,-0.056773451029342906,1,-42.38044491436458
22.718,0.19757340000000004,-0.2514303,9.7252416,0.09122119477311941,3,-0.14126741886144065,-0.055389240523124154,1,-42.381286134551225
22.734,0.19757340000000004,-0.21856680000000003,9.6938496,0.08851292357287655,3,-0.16926695001515996,-0.053951367576356025,1,-42.38216085941602
22.75,0.173637,-0.2484873,9.7372098,0.08671268656100573,3,-0.11251481324193864,-0.05254956269528512,1,-42.38301286685819
22.765,0.1511721,-0.17510850000000003,9.7567317,0.08529179500459705,3,-0.09472610376057485,-0.05125952908354305,1,-42.38379143504653
22.781,0.1511721,-0.19757340000000004,9.7926363,0.08461095813896158,3,-0.04255230410222157,-0.04990030705839473,1,-42.384600713735665
22.812,0.12272310000000002,-0.19757340000000004,9.7686999,0.0834664638220648,3,-0.036919171512796625,-0.047295107017998626,1,-42.38610724265385
22.828,0.1362609,-0.24397470000000002,9.7686999,0.08236848322835577,3,-0.06862378710682161,-0.045968427441595405,1,-42.38685335092953
22.859,0.11821050000000001,-0.2290635,9.740250900000001,0.08072271835327172,3,-0.053089189518836434,-0.04344051381707999,1,-42.388239189519034
22.875,0.1302768,-0.23200650000000003,9.740250900000001,0.07911360551417168,3,-0.10056955244376328,-0.04216182322614058,1,-42.388924008215376
22.89,0.1302768,-0.18413369999999998,9.707289300000001,0.07686986624396575,3,-0.14958261801372336,-0.04099194718795451,1,-42.38954766149348
22.906,0.173637,-0.23347800000000002,9.728282700000001,0.07511568133178059,0,-0.10963655701158412,-0.03927606280734867,1,-42.39018980557344
22.921,0.16765290000000002,-0.1721655,9.7612443,0.07401488926623401,0,-0.0733861377031029,-0.03765758352786352,1,-42.390766807920954
22.953,0.16765290000000002,-0.19610190000000002,9.783611100000002,0.07338294395485612,0,-0.019748290980559063,-0.03479921819632607,1,-42.39192611674854
22.968,0.1466595,-0.19610190000000002,9.806076000000001,0.073197130367749,0,-0.012387572473807519,-0.03319986763890649,1,-42.39243610989231
22.984,0.1406754,-0.1946304,9.806076000000001,0.07301266698627984,0,-0.011528961341821062,-0.03153018926007413,1,-42.3929539503475
23.0,0.1406754,-0.21101310000000004,9.7971489,0.07266347988909594,0,-0.021824193573996193,-0.02986478008507125,1,-42.393445110102256
23.015,0.1781496,-0.21101310000000004,9.7342668,0.07110060154001019,0,-0.10419188993904606,-0.028286549474352912,1,-42.39388124507395
23.031,0.1482291,-0.21856680000000003,9.7342668,0.06956180323833472,0,-0.09617489385472748,-0.026661250236126276,1,-42.39432082747163
23.046,0.1482291,-0.258984,9.7552602,0.06848405112631362,0,-0.07185014080140407,-0.025125906328391373,1,-42.39470923114587
23.078,0.1122264,-0.2365191,9.7821396,0.06793368700336444,0,-0.017198878842161744,-0.02244322251831652,1,-42.39547033720741
23.093,0.10182780000000001,-0.21258269999999999,9.7821396,0.06738111391050872,0,-0.03683820619038019,-0.020928361511462434,1,-42.39579562408764
23.125,0.16019730000000001,-0.2559429,9.7791966,0.06681737243725294,0,-0.017616921039242932,-0.018281185729898244,1,-42.3964229768435
23.14,0.1511721,-0.19011780000000003,9.7791966,0.06623244386945792,0,-0.03899523785299971,-0.016783312107597873,1,-42.39668596057729
23.156,0.1511721,-0.2065986,9.717786,0.0644618226597089,0,-0.11066382560932617,-0.015237757975364655,1,-42.39694212913795
23.171,0.12272310000000002,-0.2065986,9.803133,0.0643910246047863,0,-0.004719870328173491,-0.013771361620880905,1,-42.39715969753492
23.187,0.16019730000000001,-0.19610190000000002,9.803133,0.0643279884289143,0,-0.003939760991999556,-0.012241609516611185,1,-42.397367801304014
23.203,0.16019730000000001,-0.1990449,9.7268112,0.06277135700982406,0,-0.09728946369315056,-0.01072481475310139,1,-42.397551532698174
23.218,0.17667810000000003,-0.1990449,9.723770100000001,0.06119123465837184,0,-0.10534149009681053,-0.009295095315589884,1,-42.39770168202369
23.234,0.11978010000000001,-0.20355750000000003,9.723770100000001,0.059626925017115084,0,-0.0977693525785363,-0.007828550038185878,1,-42.39783867118652
23.25,0.15568469999999998,-0.2394621,9.723770100000001,0.05811928820723189,0,-0.09422730061771006,-0.006386580332391204,1,-42.397952392229485
23.265,0.15568469999999998,-0.20355750000000003,9.788123700000002,0.05788658176809314,0,-0.015513762609249568,-0.005016536307576234,1,-42.398037915604284
23.281,0.142245,-0.20355750000000003,9.735738300000001,0.05662759647839799,0,-0.07868658060595535,-0.003600422881604407,1,-42.398106851277795
23.296,0.13469129999999999,-0.205029,9.735738300000001,0.055391796558595274,0,-0.08238666132017794,-0.0022602774338269255,1,-42.39815080653016
23.312,0.13469129999999999,-0.205029,9.7821396,0.05508977010288518,0,-0.01887665348187861,-0.0008764249005349836,1,-42.398175900148836
23.328,0.11673900000000001,-0.205029,9.683352900000001,0.052852718072875504,0,-0.13981575187562031,0.0,1,-42.39818291154804
23.359,0.11821050000000001,-0.23799060000000002,9.683352900000001,0.0506746592022953,0,-0.07025996356709793,0.0010917893526362762,1,-42.398165988813076
23.375,0.11821050000000001,-0.1870767,9.7806681,0.05042505109935469,0,-0.015600506433790014,0.001400587035049384,1,-42.39814604980197
23.39,0.17069399999999998,-0.1870767,9.7866522,0.05031282755642508,0,-0.007481569528640554,0.00165612112496776,1,-42.39812312449077
23.406,0.15568469999999998,-0.21258269999999999,9.7806681,0.05009081420364758,0,-0.013875834548594953,0.001959350259048252,1,-42.398094200719704
23.421,0.1212516,-0.19610190000000002,9.7806681,0.04985684936730905,0,-0.015597655755901368,0.002208957735830455,1,-42.398062938409744
23.437,0.1212516,-0.20208600000000002,9.7327953,0.04869145122528096,0,-0.07283738387674783,0.002497344140571263,1,-42.398025287994734
23.453,0.15421320000000002,-0.20208600000000002,9.8016615,0.048907907782423266,0,0.013528534821395757,0.00277813901263281,1,-42.39798308412951
23.468,0.11978010000000001,-0.20355750000000003,9.8016615,0.049111283289555274,0,0.013558367142133399,0.0030132829456726755,1,-42.39793964846482
23.484,0.142245,-0.23799060000000002,9.7552602,0.04842229496657424,0,-0.043061770186309696,0.003293551571721798,1,-42.39788919378868
23.5,0.15568469999999998,-0.20954160000000002,9.7552602,0.04773804826447581,0,-0.04276541888115686,0.003562834317570114,1,-42.397834342701564
23.515,0.15568469999999998,-0.1646118,9.764187300000001,0.04722532299967064,0,-0.03418168432034333,0.003775059602051238,1,-42.39777930849717
23.546,0.1257642,-0.1646118,9.728282700000001,0.046010345109152695,0,-0.03919283517799967,0.0047202124577379444,1,-42.397647631780245
23.562,0.16912439999999998,-0.21709530000000002,9.7387794,0.045057990319314456,0,-0.059522174364883274,0.004948759141165764,1,-42.39757028000746
23.578,0.18864630000000002,-0.2140542,9.7387794,0.0441300179314581,0,-0.05799827424102872,0.005162263207171865,1,-42.39748939182867
23.593,0.18864630000000002,-0.2200383,9.7686999,0.043809272594362625,0,-0.021383022473030776,0.005321807886115545,1,-42.39741076129547
23.609,0.16912439999999998,-0.2200383,9.7222986,0.042578349070067745,0,-0.0769327202684214,0.005512908859431067,1,-42.39732408356151
23.625,0.0928026,-0.23347800000000002,9.7222986,0.041357554215162295,0,-0.07629967843159899,0.005684396085712832,1,-42.39723450512194
23.64,0.0928026,-0.1856052,9.8091171,0.04184241040260339,0,0.032323745829405184,0.0058083958203460975,2,-42.39714830918265
23.671,0.1721655,-0.23200650000000003,9.764187300000001,0.041477538449038676,0,-0.011770063018217099,0.0065998550275465015,2,-42.396955981294504
23.687,0.1721655,-0.1930608,9.771642900000002,0.04124934248840795,0,-0.014262247539418918,0.006761670075046147,2,-42.396849089093685
23.703,0.1526436,-0.1930608,9.7701714,0.04099041745169352,0,-0.016182814794653673,0.006919588154566888,2,-42.39673963902785
23.718,0.1078119,-0.19610190000000002,9.723770100000001,0.03981645329363381,0,-0.07826427720397729,0.0070256396851568655,2,-42.396635049819054
23.734,0.1586277,-0.1856052,9.723770100000001,0.038675116507119967,0,-0.07133354915710745,0.007153572243562965,2,-42.39652161612362
23.75,0.1586277,-0.21101310000000004,9.7701714,0.03847581159766733,0,-0.012456556840791095,0.007270779668401197,2,-42.396406221308325
23.765,0.1661814,-0.21101310000000004,9.7103304,0.03710996862787219,0,-0.09105619798633915,0.007337673020092764,2,-42.39629665791316
23.781,0.1257642,-0.205029,9.7103304,0.0357564848771883,0,-0.0845927344177526,0.007420604648133183,2,-42.396178591691815
23.796,0.1257642,-0.205029,9.743193900000001,0.03507372544782861,0,-0.04551729529064439,0.007451831225570832,2,-42.396067048422765
23.812,0.1646118,-0.205029,9.746235,0.03447530810120547,0,-0.03740108416394187,0.007508223493963163,2,-42.39594736798501
23.828,0.17069399999999998,-0.2200383,9.746235,0.033897090352841275,0,-0.03613860927276623,0.007555202681595478,2,-42.3958268605756
