timestamps,acc_x,acc_y,acc_z,aAcc,aStages,aJerk,aVelocity,avStages,aHeight
0.016,0.052385400000000006,-0.24397470000000002,9.777627,0.01672269376661717,0,0.0,0.0,0,0.0
0.031,0.08083440000000001,-0.24544620000000003,9.777627,0.01672721452323067,0,0.0003013837742334621,0.0,0,0.0
0.047,0.08083440000000001,-0.1915893,9.7627158,0.016415742477843054,0,-0.01946700283672609,1.6017968182448607e-05,0,1.2814374545958887e-07
0.062,0.0703377,-0.1915893,9.8240283,0.017310729481810228,0,0.05966580026447825,0.0,0,2.482785068279534e-07
0.078,0.0718092,-0.2889045,9.743193900000001,0.016650769307263502,0,-0.04124751090917034,4.06584981924381e-05,0,5.735464923674581e-07
0.094,0.1497006,-0.20208600000000002,9.7791966,0.01668392933984464,0,0.0020725020363210334,0.0,0,8.988144779069629e-07
0.109,0.1002582,-0.20208600000000002,9.777627,0.01667328477773644,0,-0.000709637473879828,5.751519325116134e-05,0,1.3301784272906729e-06
0.125,0.1062423,-0.2784078,9.777627,0.01670084487123802,0,0.0017225058438485874,0.0,0,1.7902999732999636e-06
0.141,0.1062423,-0.2784078,9.777627,0.016727864570748707,0,0.0016887312194180397,9.19379059788508e-05,0,2.5258032211307694e-06
0.172,0.0777933,-0.2604555,9.800091900000002,0.017179729769699392,0,0.014576296740344677,0.00011750561825579634,0,5.7721778467678e-06
0.187,0.053856900000000006,-0.2679111,9.800091900000002,0.017623522928142066,0,0.029586210562844877,0.0,0,6.653469983686273e-06
0.203,0.053856900000000006,-0.3023442,9.7656588,0.01740342255681604,0,-0.013756273207876634,0.00015874557736927268,0,7.923434602640454e-06
0.219,0.0164808,-0.3023442,9.7387794,0.016658206714977197,0,-0.046575990114927676,0.0,0,9.193399221594635e-06
0.25,-0.0239364,-0.2679111,9.747706500000001,0.0160831222218345,0,-0.018551112682022478,0.00043872921006419966,0,1.5993701977589732e-05
0.266,-0.0239364,-0.3083283,9.8016615,0.016600139919230372,0,0.03231360608724196,0.00020019530719271855,1,2.1105098115645083e-05
0.281,0.0164808,-0.3083283,9.7447635,0.015991628075441966,0,-0.040567456252560384,0.0,1,2.2606562919590475e-05
0.297,0.0868185,-0.2664396,9.7447635,0.01537814307543961,0,-0.03834281250014736,0.00019559173635981357,1,2.417129681046898e-05
0.312,0.0868185,-0.3023442,9.7866522,0.015618144828273728,0,0.016000116855607857,0.0,1,2.5638234833167585e-05
0.328,0.09427410000000001,-0.3023442,9.7252416,0.014651297050518153,0,-0.060427986109723386,0.00017021943066799876,1,2.6999990278511577e-05
0.344,0.09427410000000001,-0.2559429,9.7252416,0.013677304294700932,0,-0.060874547238576486,0.0,1,2.8361745723855562e-05
0.359,0.09427410000000001,-0.2200383,9.803133,0.014232010813408635,0,0.03698043458051355,0.00010616810474057235,1,2.9158006509409857e-05
0.391,0.113796,-0.2200383,9.8120601,0.01495488709764814,0,0.022589883882484486,7.315847131748009e-05,1,3.2027231726338696e-05
0.406,0.1272357,-0.2769363,9.7612443,0.01469916139323324,0,-0.017048380294326634,0.0,1,3.25759202612198e-05
0.422,0.1122264,-0.2365191,9.7612443,0.014424007234129732,0,-0.017197134943969284,2.8549184017992793e-05,1,3.2804313733363744e-05
0.437,0.1122264,-0.23347800000000002,9.749178,0.013916302465609931,0,-0.03384698456798671,0.0,1,3.301843261349869e-05
0.453,0.0718092,-0.23347800000000002,9.764187300000001,0.01370528302200924,0,-0.013188715225043156,0.0,1,3.301843261349869e-05
0.469,0.0628821,-0.2843919,9.7672284,0.013583261331925556,0,-0.007626355630230306,0.00018038254549847255,1,3.4461492977486463e-05
0.484,0.049442400000000004,-0.2843919,9.7342668,0.012816094748512086,0,-0.05114443889423129,0.0,1,3.581436206872501e-05
0.5,0.0464013,-0.2858634,9.7342668,0.012064521983226939,0,-0.04697329783032163,7.742264995566628e-05,1,3.643374326837034e-05
0.531,0.04041720000000001,-0.3278502,9.747706500000001,0.01161647414278022,0,-0.014453156143442543,0.0,1,3.763379434268317e-05
0.547,0.04041720000000001,-0.24701580000000004,9.746235,0.011101652294657427,0,-0.032176365507674526,0.0001262231014082793,1,3.864357915394941e-05
0.562,0.0478728,-0.23200650000000003,9.746235,0.010590356851665206,0,-0.03408636286614805,0.0,1,3.9590252414511505e-05
0.578,0.0478728,-0.24701580000000004,9.7222986,0.009627132416081707,0,-0.060201527223969015,0.0,1,3.9590252414511505e-05
0.594,0.0898596,-0.24701580000000004,9.704346300000001,0.008336747120276655,0,-0.08064908098781569,9.436412043854064e-05,1,4.034516537801983e-05
0.609,0.0898596,-0.23200650000000003,9.704346300000001,0.00706440245838813,0,-0.08482297745923491,0.0,1,4.105289628130889e-05
0.641,0.0898596,-0.2200383,9.8151012,0.007982562765002754,0,0.02869250958170697,0.0,1,4.105289628130889e-05
0.656,0.145188,-0.2200383,9.7701714,0.008015048261302837,0,0.002165699753338873,7.060626855007364e-05,1,4.158244329543444e-05
0.672,0.08829,-0.24397470000000002,9.7701714,0.008044712416749533,0,0.0018540097154184903,0.0,1,4.214729344383503e-05
0.687,0.08829,-0.29783160000000003,9.764187300000001,0.007985787180706083,0,-0.003928349069563331,0.0,1,4.214729344383503e-05
0.703,0.1032993,-0.21709530000000002,9.7552602,0.007714189814317152,0,-0.016974835399308323,0.0,1,4.214729344383503e-05
0.719,0.09584369999999999,-0.21709530000000002,9.7507476,0.007357970025296368,0,-0.022263736813798986,6.54901956325029e-05,1,4.267121500889505e-05
0.734,0.04041720000000001,-0.2260224,9.7507476,0.00700511965162498,0,-0.02352335824475913,0.0,1,4.316239147613882e-05
0.75,0.04041720000000001,-0.2738952,9.7806681,0.007269683541721861,0,0.01653524313105502,0.0,1,4.316239147613882e-05
0.781,0.007455600000000001,-0.3008727,9.7342668,0.006633617840083872,0,-0.02051824843993511,2.912965174175705e-06,1,4.3207542436338544e-05
0.797,0.007455600000000001,-0.3023442,9.7567317,0.006451193848100445,0,-0.011401499498964175,0.0,1,4.3230846157731947e-05
0.812,0.0628821,-0.3023442,9.7132734,0.005424567195126073,0,-0.06844177686495806,0.0,1,4.3230846157731947e-05
0.828,0.0359046,-0.3023442,9.7132734,0.00441538192677271,0,-0.06307407927208558,0.0,1,4.3230846157731947e-05
0.844,0.0359046,-0.2350476,9.746235,0.004035609865617573,0,-0.02373575382219604,0.0,1,4.3230846157731947e-05
0.859,0.059841000000000005,-0.2350476,9.7672284,0.004077097146396369,0,0.0027658187185863855,0.0,1,4.3230846157731947e-05
0.875,0.1078119,-0.29783160000000003,9.708858900000001,0.003015513188721286,0,-0.06634899735469263,0.0,1,4.3230846157731947e-05
0.891,0.056898,-0.2649681,9.708858900000001,0.0019476123065356177,0,-0.06674380513660422,2.7838305126197394e-07,1,4.3233073222142045e-05
0.922,0.056898,-0.2230794,9.711801900000001,0.0009377034014423913,0,-0.0325777066159105,0.0,1,4.3237388159436606e-05
0.937,0.08083440000000001,-0.2230794,9.728282700000001,0.00027398046056248404,0,-0.04424819605866044,0.0,1,4.3237388159436606e-05
0.953,0.1302768,-0.2963601,9.803133,0.0011389779470238892,0,0.05406234290383815,0.0,1,4.3237388159436606e-05
0.969,0.10182780000000001,-0.2963601,9.800091900000002,0.0019208155476508892,0,0.04886485003918746,0.0,1,4.3237388159436606e-05
0.984,0.09878670000000002,-0.2604555,9.800091900000002,0.002666722042912184,0,0.04972709968408628,0.0,1,4.3237388159436606e-05
1.0,0.09878670000000002,-0.24544620000000003,9.6938496,0.0013079943751996836,0,-0.0849204792320312,0.0,1,4.3237388159436606e-05
1.016,0.0464013,-0.24701580000000004,9.7686999,0.001436164191492395,0,0.008010613518294456,0.0,1,4.3237388159436606e-05
1.031,0.09878670000000002,-0.24701580000000004,9.749178,0.0011868111523796188,0,-0.01662353594085186,0.0,1,4.3237388159436606e-05
1.047,0.0373761,-0.20208600000000002,9.749178,0.000913655765398147,0,-0.017072211686341973,0.0,1,4.3237388159436606e-05
1.062,0.0373761,-0.2080701,9.7851807,0.0013540939994811652,0,0.029362548938867635,0.0,1,4.3237388159436606e-05
1.078,0.0733788,-0.2080701,9.7536906,0.0011725947853911123,0,-0.011343700880628294,0.0,1,4.3237388159436606e-05
1.094,0.056898,-0.2858634,9.7536906,0.0010311060601182476,0,-0.008843045329554036,0.0,1,4.3237388159436606e-05
1.109,0.056898,-0.23347800000000002,9.776155500000002,0.001305410765384707,0,0.01828698035109741,0.0,1,4.3237388159436606e-05
1.141,0.0554265,-0.23347800000000002,9.764187300000001,0.001339571404468387,0,0.0010675199713650043,0.0,1,4.3237388159436606e-05
1.156,0.0748503,-0.24397470000000002,9.764187300000001,0.0013806326317382656,0,0.00273741515132525,0.0,1,4.3237388159436606e-05
1.172,0.0748503,-0.2260224,9.7791966,0.0017066322551215762,0,0.0203749764614569,0.0,1,4.3237388159436606e-05
1.187,0.1002582,-0.2649681,9.740250900000001,0.00128654232184644,0,-0.028005995551675517,0.0,1,4.3237388159436606e-05
1.203,0.08377740000000002,-0.2649681,9.7612443,0.0012831060511313552,0,-0.00021476691969279907,0.0,1,4.3237388159436606e-05
1.219,0.11821050000000001,-0.2529999,9.7612443,0.0012804960792056619,0,-0.00016312324535583387,0.0,1,4.3237388159436606e-05
1.234,0.11821050000000001,-0.2724237,9.7821396,0.0016977058562801517,0,0.027813985138299503,0.0,1,4.3237388159436606e-05
1.25,0.0777933,-0.2724237,9.7656588,0.001775781711732094,0,0.004879740965746389,0.0,1,4.3237388159436606e-05
1.266,0.0643536,-0.2694807,9.7656588,0.0018488091455104438,0,0.004564214611146862,1.693443876392073e-05,1,4.337286366954797e-05
1.281,0.0793629,-0.24544620000000003,9.7582032,0.0017640123330746604,0,-0.005653120829052264,0.0,1,4.349987196027738e-05
1.312,0.10477080000000001,-0.2529999,9.7507476,0.001543227509833045,0,-0.007122091072310143,0.0,1,4.349987196027738e-05
1.328,0.0478728,-0.20208600000000002,9.735738300000001,0.0010005195457232219,0,-0.03391924775686392,0.0,1,4.349987196027738e-05
1.344,0.09427410000000001,-0.20208600000000002,9.7701714,0.001150075696402908,0,0.009347259417480372,0.0,1,4.349987196027738e-05
1.359,0.031392,-0.2604555,9.7701714,0.0013158555606729294,0,0.011051990951334835,0.0,1,4.349987196027738e-05
1.375,0.031392,-0.23200650000000003,9.698362200000002,5.671448316846295e-05,0,-0.07869631734402908,0.0,1,4.349987196027738e-05
1.406,0.052385400000000006,-0.23200650000000003,9.818044200000001,0.0011700489189561125,0,0.03591401405766621,0.0,1,4.349987196027738e-05
1.422,0.1332198,-0.258984,9.818044200000001,0.002289751276304486,0,0.06998139733427328,0.0,1,4.349987196027738e-05
1.437,0.1332198,-0.2080701,9.759674700000001,0.0022196266882996696,0,-0.004674972533654378,0.0,1,4.349987196027738e-05
1.453,0.08829,-0.2080701,9.7342668,0.001642822302597935,0,-0.03605027410635838,0.0,1,4.349987196027738e-05
1.469,0.10928340000000002,-0.290376,9.7342668,0.0011228061622627905,0,-0.0325010087709465,0.0,1,4.349987196027738e-05
1.484,0.10928340000000002,-0.2664396,9.7507476,0.0009225810830510994,0,-0.013348338614112826,0.0,1,4.349987196027738e-05
1.5,0.0777933,-0.24701580000000004,9.7567317,0.0008276313975965621,0,-0.005934355340908576,0.0,1,4.349987196027738e-05
1.516,0.10928340000000002,-0.24701580000000004,9.7851807,0.0012980713578354397,0,0.02940249751492982,0.0,1,4.349987196027738e-05
1.531,0.0898596,-0.2559429,9.7851807,0.0017599098066725105,0,0.030789229922471587,0.0,1,4.349987196027738e-05
1.547,0.0898596,-0.2604555,9.7582032,0.0016862660053487133,0,-0.004602737582737322,0.0,1,4.349987196027738e-05
1.562,0.0823059,-0.2604555,9.7791966,0.002024234603510422,0,0.022531239877447058,0.0,1,4.349987196027738e-05
1.578,0.1062423,-0.2529999,9.7791966,0.0023562628765070315,0,0.02075176706228808,0.0,1,4.349987196027738e-05
1.609,0.1062423,-0.2634966,9.728282700000001,0.0016893252708101159,0,-0.021514116312803786,1.829213140272165e-05,1,4.378339999701956e-05
1.625,0.0614106,-0.2679111,9.7552602,0.001559016725474649,0,-0.008144284083466673,0.0,1,4.3929737048241334e-05
1.641,0.0614106,-0.24701580000000004,9.776155500000002,0.0018300266793378483,0,0.016938122116449947,0.0,1,4.3929737048241334e-05
1.656,0.0748503,-0.23799060000000002,9.747706500000001,0.001535528908245709,0,-0.01963318473947608,0.0,1,4.3929737048241334e-05
1.672,0.0763218,-0.23799060000000002,9.7851807,0.001981577016536562,0,0.027878006768178285,0.0,1,4.3929737048241334e-05
1.687,0.052385400000000006,-0.258984,9.7851807,0.0024262430216275277,0,0.029644400339397466,0.0,1,4.3929737048241334e-05
1.703,0.052385400000000006,-0.2918475,9.728282700000001,0.001765187325588613,0,-0.04131598100243213,0.0,1,4.3929737048241334e-05
1.734,0.09584369999999999,-0.261927,9.740250900000001,0.0013414661219339763,0,-0.013668425924343157,0.0,1,4.3929737048241334e-05
1.75,0.09584369999999999,-0.2664396,9.752219100000001,0.0011630236851551956,0,-0.011152652298673783,0.0,1,4.3929737048241334e-05
1.766,0.113796,-0.2664396,9.764187300000001,0.0012264291803383287,0,0.003962843448945815,0.0,1,4.3929737048241334e-05
1.781,0.0434583,-0.2694807,9.764187300000001,0.001279125865059072,0,0.0035131123147162423,0.0,1,4.3929737048241334e-05
1.797,0.0434583,-0.2215098,9.7956774,0.001924436489304071,0,0.04033191401531241,0.0,1,4.3929737048241334e-05
1.812,0.0793629,-0.21856680000000003,9.7732125,0.002119846536226433,0,0.013027336461490683,0.0,1,4.3929737048241334e-05
1.828,0.10182780000000001,-0.21856680000000003,9.7911648,0.0026674060304241465,0,0.03422246838735707,0.0,1,4.3929737048241334e-05
1.844,0.09584369999999999,-0.2544714,9.7911648,0.0032200455657491744,0,0.03453997095781422,0.0,1,4.3929737048241334e-05
1.875,0.09584369999999999,-0.2425032,9.743193900000001,0.002815624738378375,0,-0.013045833140993566,3.236729918128928e-05,1,4.4431430185551313e-05
1.891,0.031392,-0.2425032,9.764187300000001,0.002822390832687205,0,0.00042288089430186877,0.0,1,4.469036857900163e-05
1.906,0.0703377,-0.23053500000000002,9.764187300000001,0.0028273183884675035,0,0.00032850371868657386,0.0,1,4.469036857900163e-05
1.922,0.0703377,-0.24701580000000004,9.749178,0.002545851118226139,0,-0.017591704390085266,0.0,1,4.469036857900163e-05
1.937,0.0688662,-0.24701580000000004,9.7806681,0.002886937038448778,0,0.02273906134817575,0.0,1,4.469036857900163e-05
1.953,0.0898596,-0.2694807,9.7806681,0.003236300017697147,0,0.02183518620302303,0.0,1,4.469036857900163e-05
1.969,0.0898596,-0.290376,9.686394000000002,0.0017429225694076678,0,-0.09333609051809236,0.0,1,4.469036857900163e-05
1.984,0.052385400000000006,-0.2798793,9.7567317,0.001645958085333632,0,-0.0064642989382690955,0.0,1,4.469036857900163e-05
2.0,0.0389457,-0.2798793,9.747706500000001,0.0013727715228650794,0,-0.01707416015428452,0.0,1,4.469036857900163e-05
2.016,0.0703377,-0.24103170000000002,9.747706500000001,0.0010880454755923807,0,-0.01779537795454365,0.0,1,4.469036857900163e-05
2.031,0.0179523,-0.24397470000000002,9.752219100000001,0.0008941416710541716,0,-0.012926920302547166,0.0,1,4.469036857900163e-05
2.047,0.0748503,-0.2649681,9.752219100000001,0.0007200835427187968,0,-0.010878633020960916,0.0,1,4.469036857900163e-05
2.078,0.0748503,-0.2575125,9.714843,-0.0001870629359803644,0,-0.0292627896354571,0.0,1,4.469036857900163e-05
2.094,0.11978010000000001,-0.2140542,9.7372098,-0.000649849293225202,0,-0.028924147327802328,0.0,1,4.469036857900163e-05
2.109,0.08083440000000001,-0.2575125,9.7895952,-6.402614550360397e-05,0,0.03905487651477288,0.0,1,4.469036857900163e-05
2.125,0.08083440000000001,-0.23799060000000002,9.8016615,0.0007371426638496104,0,0.050073050584575854,0.0,1,4.469036857900163e-05
2.156,0.0823059,-0.23799060000000002,9.7732125,0.0009652033318481301,0,0.007356795741887702,0.0,1,4.469036857900163e-05
2.172,0.0658251,-0.1721655,9.7732125,0.00115926735815286,0,0.012129001644045612,0.0,1,4.469036857900163e-05
2.187,0.0658251,-0.2350476,9.777627,0.0014617386462116855,0,0.020164752537255456,0.0,1,4.469036857900163e-05
2.203,0.0478728,-0.2350476,9.717786,0.0005832352932717555,0,-0.054906459558745575,0.0,1,4.469036857900163e-05
2.219,0.0703377,-0.2769363,9.717786,-0.0002537358985144067,0,-0.05231069948663509,0.0,1,4.469036857900163e-05
2.234,0.0703377,-0.261927,9.689337,-0.001640057972696951,0,-0.09242147161216886,0.0,1,4.469036857900163e-05
2.25,0.0329616,-0.261927,9.740250900000001,-0.00200515898755782,0,-0.022818813428804298,0.0,1,4.469036857900163e-05
2.266,0.020993400000000002,-0.2544714,9.740250900000001,-0.0023676247439698983,0,-0.022654109775754862,0.0,1,4.469036857900163e-05
2.281,0.058369500000000005,-0.3008727,9.7895952,-0.0017270135572093892,0,0.042707412450700255,0.0,1,4.469036857900163e-05
2.297,0.058369500000000005,-0.2260224,9.7911648,-0.001107676336527419,0,0.03870857629262311,0.0,1,4.469036857900163e-05
2.312,0.1002582,-0.2260224,9.7612443,-0.001080320537464985,0,0.00182371993749564,0.0,1,4.469036857900163e-05
2.328,0.0703377,-0.20954160000000002,9.7612443,-0.0010658340272904354,0,0.0009054068859093426,0.0,1,4.469036857900163e-05
2.359,0.0703377,-0.2889045,9.764187300000001,-0.0009542356514256056,0,0.00359994760854288,0.0,1,4.469036857900163e-05
2.375,0.08829,-0.2889045,9.7582032,-0.0009592466466692429,0,-0.0003131872027273272,0.0,1,4.469036857900163e-05
2.391,0.1212516,-0.2274939,9.7582032,-0.000989070800152092,0,-0.0018640095926780714,0.0,1,4.469036857900163e-05
2.406,0.1212516,-0.23200650000000003,9.711801900000001,-0.0019257282844886703,0,-0.062443832289104696,0.0,1,4.469036857900163e-05
2.422,0.10928340000000002,-0.23200650000000003,9.7327953,-0.002435312045550475,0,-0.03184898506636277,0.0,1,4.469036857900163e-05
2.437,0.0973152,-0.2843919,9.7327953,-0.002910155417863436,0,-0.03165622482086473,0.0,1,4.469036857900163e-05
2.453,0.052385400000000006,-0.2514303,9.8016615,-0.0020503927459305515,0,0.053735166995805224,0.0,1,4.469036857900163e-05
2.469,0.052385400000000006,-0.261927,9.7582032,-0.0020539061660098668,0,-0.00021958875495720046,0.0,1,4.469036857900163e-05
2.484,0.029920500000000003,-0.2634966,9.7536906,-0.0021468290828110526,0,-0.006194861120079003,0.0,1,4.469036857900163e-05
2.5,0.029920500000000003,-0.2858634,9.7552602,-0.002194821119037016,0,-0.0029995022641227083,0.0,1,4.469036857900163e-05
2.516,0.050913900000000005,-0.2858634,9.774684,-0.0018594768662278938,0,0.020959015800570118,0.0,1,4.469036857900163e-05
2.531,0.0434583,-0.2634966,9.774684,-0.0015437325729461548,0,0.021049619552115754,0.0,1,4.469036857900163e-05
2.547,0.0434583,-0.23200650000000003,9.7507476,-0.0017190283144490337,0,-0.010955983843929918,0.0,1,4.469036857900163e-05
2.562,0.050913900000000005,-0.23200650000000003,9.788123700000002,-0.0011575314654219682,0,0.037433123268471834,0.0,1,4.469036857900163e-05
2.578,0.0748503,-0.2679111,9.788123700000002,-0.0005860581719616675,0,0.035717080841268754,0.0,1,4.469036857900163e-05
2.609,0.0777933,-0.2350476,9.7507476,-0.0007745195887221001,0,-0.006079400540659089,0.0,1,4.469036857900163e-05
2.625,0.0777933,-0.2559429,9.833053500000002,0.0006642653345103611,0,0.08992405770202874,0.0,1,4.469036857900163e-05
2.641,0.11673900000000001,-0.2559429,9.8405091,0.002228518091737186,0,0.09776579732667648,0.0,1,4.469036857900163e-05
2.656,0.113796,-0.2274939,9.8405091,0.0037477264625387363,0,0.10128055805343585,0.0,1,4.469036857900163e-05
2.672,0.113796,-0.2575125,9.7686999,0.003844202724877732,0,0.0060297663961872364,0.0,1,4.469036857900163e-05
2.687,0.0688662,-0.2575125,9.7582032,0.003724812988894044,0,-0.007959315732246048,0.0,1,4.469036857900163e-05
2.703,0.0793629,-0.23200650000000003,9.7582032,0.0035967870456214968,0,-0.008001621454534195,0.0,1,4.469036857900163e-05
2.719,0.0793629,-0.287433,9.735738300000001,0.0030599034572027506,0,-0.03355522427617161,0.0,1,4.469036857900163e-05
2.734,0.0673947,-0.287433,9.821085300000002,0.004204487464122053,0,0.0763056004612862,0.0,1,4.469036857900163e-05
2.75,0.0703377,-0.2829204,9.821085300000002,0.005324464971934617,0,0.0699985942382852,0.0,1,4.469036857900163e-05
2.766,0.050913900000000005,-0.2769363,9.704346300000001,0.0041287406399970195,0,-0.07473277074609978,0.0,1,4.469036857900163e-05
2.781,0.050913900000000005,-0.2843919,9.7791966,0.004427695959789091,0,0.019930354652804592,0.0,1,4.469036857900163e-05
2.797,0.08534699999999999,-0.2843919,9.7672284,0.004490928688991147,0,0.003952045575128512,7.545445730372177e-06,1,4.4750732144844605e-05
2.812,0.04041720000000001,-0.24103170000000002,9.7672284,0.0045243927663687344,0,0.0022309384918392065,0.0,1,4.4807322987822394e-05
2.828,0.04041720000000001,-0.23799060000000002,9.759674700000001,0.004407672395553064,0,-0.007295023175979403,0.0,1,4.4807322987822394e-05
2.844,0.049442400000000004,-0.23799060000000002,9.7507476,0.0041190682229999,0,-0.018037760784572737,0.0,1,4.4807322987822394e-05
2.875,0.0554265,-0.261927,9.7866522,0.004552528568552816,0,0.013982591792029493,0.0,1,4.4807322987822394e-05
2.906,0.0673947,-0.2738952,9.747706500000001,0.004222060321538379,0,-0.01066026603272373,0.0,1,4.4807322987822394e-05
2.922,0.08083440000000001,-0.2784078,9.747706500000001,0.003902580242954201,0,-0.019967504911511096,5.024380547078919e-05,1,4.5209273431588705e-05
2.937,0.08083440000000001,-0.2544714,9.8165727,0.004926355874278698,0,0.06825170875496794,0.0,1,4.558610197261962e-05
2.953,0.1122264,-0.2544714,9.8524773,0.006639838309586921,0,0.1070926522067638,0.0,1,4.558610197261962e-05
2.969,0.0628821,-0.2948886,9.8524773,0.008333213349807522,0,0.1058359400137875,0.0,1,4.558610197261962e-05
2.984,0.0628821,-0.2514303,9.8046045,0.009031413324693816,0,0.04654666499241916,0.0,1,4.558610197261962e-05
3.0,0.0628821,-0.2514303,9.7941078,0.009510177404148834,0,0.02992275496593863,0.00010734221898561595,1,4.644483972450455e-05
3.016,0.10477080000000001,-0.2425032,9.7941078,0.009982169006290675,0,0.029499475133865055,0.0,1,4.730357747638948e-05
3.031,0.10477080000000001,-0.2575125,9.743193900000001,0.00945450767690481,0,-0.03517742195905734,0.0,1,4.730357747638948e-05
3.047,0.0614106,-0.2575125,9.699833700000001,0.008080059956855123,0,-0.0859029825031054,4.933260646317744e-05,1,4.76982383280949e-05
3.062,0.059841000000000005,-0.2843919,9.771642900000002,0.008154482858568457,0,0.004961526780889009,0.0,1,4.8068232876568724e-05
3.078,0.04188870000000001,-0.2829204,9.771642900000002,0.008224777776639769,0,0.004393432379456993,0.0,1,4.8068232876568724e-05
3.094,0.04188870000000001,-0.2544714,9.7612443,0.00807453848695161,0,-0.009389955605509917,0.0,1,4.8068232876568724e-05
3.109,0.0643536,-0.2544714,9.7447635,0.007606605398843058,0,-0.031195539207236538,5.012887191271041e-05,1,4.844419941591406e-05
3.141,0.0673947,-0.2694807,9.7447635,0.007156159261509032,0,-0.014076441791688309,0.0,1,4.924626136651743e-05
3.156,0.0673947,-0.23200650000000003,9.7582032,0.006959087914129469,0,-0.013138089825304069,0.0,1,4.924626136651743e-05
3.172,0.0329616,-0.23200650000000003,9.735738300000001,0.006322048988874229,0,-0.039814932828452464,0.0,1,4.924626136651743e-05
3.187,0.0898596,-0.2604555,9.735738300000001,0.005718639122118674,0,-0.04022732445037122,8.87517163521076e-05,1,4.991189923915822e-05
3.203,0.0898596,-0.21258269999999999,9.7507476,0.005398481795394261,0,-0.020009832920275788,0.0,1,5.062191296997508e-05
3.219,0.0673947,-0.2634966,9.777627,0.00563225708457793,0,0.014610955573979277,0.0,1,5.062191296997508e-05
3.234,0.0688662,-0.2529999,9.777627,0.005856215455795066,0,0.014930558081142322,0.0,1,5.062191296997508e-05
3.25,0.0688662,-0.3053853,9.7552602,0.005666760026313611,0,-0.011840964342590955,0.0,1,5.062191296997508e-05
3.266,0.0643536,-0.3053853,9.774684,0.005861080007701247,0,0.01214499883672725,3.6504662913773925e-05,1,5.091395027328527e-05
3.281,0.08377740000000002,-0.2575125,9.774684,0.006027458346730796,0,0.011091889268636523,0.0,1,5.118773524513858e-05
3.297,0.08377740000000002,-0.2484873,9.752219100000001,0.005745666214746592,0,-0.01761200824901275,0.0,1,5.118773524513858e-05
3.328,0.0748503,-0.287433,9.735738300000001,0.005165947291668971,0,-0.018700610421858933,0.0,1,5.118773524513858e-05
3.344,0.0748503,-0.2499588,9.7672284,0.005194556419256813,0,0.0017880704742401206,0.0,1,5.118773524513858e-05
3.375,0.0329616,-0.2499588,9.7252416,0.004395077817957116,0,-0.025789632299990106,0.00012050706677749559,1,5.305559478018977e-05
3.391,0.0718092,-0.2709522,9.7791966,0.004683901210276176,0,0.018051462019941216,0.0,1,5.401965131440973e-05
3.406,0.0194238,-0.2679111,9.7791966,0.004960629691360907,0,0.018448565405648612,0.0,1,5.401965131440973e-05
3.422,0.0194238,-0.2604555,9.821085300000002,0.006049039854328697,0,0.06802563518548682,0.0,1,5.401965131440973e-05
3.437,0.0673947,-0.2604555,9.8016615,0.006739548888111457,0,0.046033935585518326,0.0,1,5.401965131440973e-05
3.453,0.056898,-0.2829204,9.8016615,0.007427418850600276,0,0.042991872655551114,6.280039460914572e-05,1,5.4522054471282896e-05
3.469,0.056898,-0.2514303,9.7806681,0.007673484387890284,0,0.015379096080625473,0.0,1,5.502445762815606e-05
3.5,0.058369500000000005,-0.2634966,9.7372098,0.007069322975498338,0,-0.01948907781909494,0.0,1,5.502445762815606e-05
3.516,0.058369500000000005,-0.2784078,9.7342668,0.006427459108454769,0,-0.04011649169022299,2.0095391321219708e-05,1,5.5185220758725815e-05
3.531,0.0643536,-0.2784078,9.7701714,0.006502629879056698,0,0.005011384706795218,0.0,1,5.533593619363496e-05
3.547,0.10928340000000002,-0.2365191,9.7372098,0.005916441000913153,0,-0.03663680488397155,0.0,1,5.533593619363496e-05
3.578,0.0733788,-0.2604555,9.776155500000002,0.006110465612655602,0,0.006258858443304879,0.0,1,5.533593619363496e-05
3.594,0.031392,-0.2604555,9.731225700000001,0.0054156179917743685,0,-0.04342797630507707,0.0,1,5.533593619363496e-05
3.609,0.0793629,-0.2664396,9.731225700000001,0.004742920795331784,0,-0.04484647976283858,7.123838801636334e-05,1,5.587022410375769e-05
3.625,0.0793629,-0.2649681,9.7582032,0.004611383878687647,0,-0.008221057290258564,0.0,1,5.64401312078886e-05
3.641,0.0823059,-0.2649681,9.7672284,0.004659797227141382,0,0.00302583427835845,0.0,1,5.64401312078886e-05
3.656,0.0928026,-0.23053500000000002,9.7672284,0.00469198600900711,0,0.0021459187910484743,0.0,1,5.64401312078886e-05
3.672,0.0928026,-0.2679111,9.749178,0.004388456526807971,0,-0.018970592637446142,0.0,1,5.64401312078886e-05
3.703,0.0344331,-0.2499588,9.783611100000002,0.00474900103617415,0,0.01163046804407039,4.654781039011013e-06,1,5.651228031399327e-05
3.719,0.0688662,-0.20355750000000003,9.783611100000002,0.00508495793750896,0,0.020997306333425652,0.0,1,5.654951856230536e-05
3.734,0.0688662,-0.2559429,9.788123700000002,0.00552689111687954,0,0.029462211958038383,0.0,1,5.654951856230536e-05
3.75,0.058369500000000005,-0.2559429,9.7672284,0.0055492575373286,0,0.00139790127806627,0.0,1,5.654951856230536e-05
3.766,0.0763218,-0.24397470000000002,9.7672284,0.00556760817050872,0,0.0011469145737574838,0.0,1,5.654951856230536e-05
3.781,0.0763218,-0.22455090000000003,9.6923781,0.004109250038528245,0,-0.09722387546536419,0.0,1,5.654951856230536e-05
3.797,0.09878670000000002,-0.22455090000000003,9.7582032,0.0039737427932351466,0,-0.008469202830818638,0.0,1,5.654951856230536e-05
3.812,0.08083440000000001,-0.2559429,9.7582032,0.0038528030294351368,0,-0.008062650920000827,3.639890852466174e-05,1,5.682251037624031e-05
3.828,0.08083440000000001,-0.2738952,9.7686999,0.003949516821354138,0,0.006044611994937549,0.0,1,5.7113701644437606e-05
3.859,0.09427410000000001,-0.2664396,9.7732125,0.004131099181920561,0,0.005857495502142668,0.0,1,5.7113701644437606e-05
3.875,0.04041720000000001,-0.2664396,9.7656588,0.004153791711297927,0,0.00141828308608538,0.0,1,5.7113701644437606e-05
3.891,0.0823059,-0.2843919,9.7656588,0.004191121243808382,0,0.002333095781903436,0.0,1,5.7113701644437606e-05
3.906,0.0823059,-0.23200650000000003,9.7732125,0.00434863640993477,0,0.010501011075092406,0.0,1,5.7113701644437606e-05
3.922,0.029920500000000003,-0.2350476,9.777627,0.004585125140197377,0,0.014780545641412943,0.0,1,5.7113701644437606e-05
3.937,0.029920500000000003,-0.2634966,9.8016615,0.005302285254327188,0,0.04781067427532176,6.677929893139992e-05,1,5.761454638642309e-05
3.953,0.029920500000000003,-0.2634966,9.8016615,0.006005383405435438,0,0.04394363444426559,0.0,1,5.814878077787429e-05
3.969,0.0478728,-0.2514303,9.7851807,0.006366836577930357,0,0.022590823280932405,0.0,1,5.814878077787429e-05
3.984,0.0478728,-0.2634966,9.7627158,0.006287102393491395,0,-0.005315612295930761,0.0,1,5.814878077787429e-05
4.0,0.0614106,-0.2260224,9.7567317,0.00607469966555918,0,-0.013275170495763421,0.0,1,5.814878077787429e-05
4.016,0.0673947,-0.2260224,9.7926363,0.006571042891728496,0,0.031021451635582203,5.118330729279516e-05,1,5.855824723621665e-05
4.031,0.0718092,-0.2754648,9.7926363,0.00708308336783503,0,0.03413603174043636,0.0,1,5.8942122040912606e-05
4.062,0.0868185,-0.2575125,9.771642900000002,0.007166414634417251,0,0.0026881053736199675,0.0,1,5.8942122040912606e-05
4.078,0.058369500000000005,-0.2529999,9.771642900000002,0.007241658895178915,0,0.0047027662976040175,0.0,1,5.8942122040912606e-05
4.094,0.058369500000000005,-0.2514303,9.7806681,0.007491536744824501,0,0.015617365602849084,0.00010758662663123281,1,5.980281505396247e-05
4.109,0.0777933,-0.2514303,9.777627,0.007679557346984112,0,0.012534706810640995,0.0,1,6.0609714753696694e-05
4.141,0.0658251,-0.258984,9.777627,0.007866032891788777,0,0.005827360775145779,0.0,1,6.0609714753696694e-05
4.156,0.0658251,-0.24544620000000003,9.7821396,0.008130459745157026,0,0.01762845689121699,9.007297091725291e-05,1,6.128526203557608e-05
4.172,0.04188870000000001,-0.2694807,9.6967926,0.00672670283843857,0,-0.08773480666990344,0.0,1,6.20058458029141e-05
4.187,0.0614106,-0.2694807,9.6728562,0.004883358470253896,0,-0.12288962454564027,0.0,1,6.20058458029141e-05
4.203,0.0928026,-0.2784078,9.6728562,0.003086017813348718,0,-0.1123337910565735,0.0,1,6.20058458029141e-05
4.219,0.0928026,-0.24544620000000003,9.711801900000001,0.002069786807146201,0,-0.06351443788765726,0.0,1,6.20058458029141e-05
4.234,0.059841000000000005,-0.24544620000000003,9.777627,0.002358659278728581,0,0.019258164772159067,0.0,1,6.20058458029141e-05
4.25,0.0868185,-0.2694807,9.777627,0.0026582378613362323,0,0.018723661412978192,0.0,1,6.20058458029141e-05
4.266,0.0868185,-0.2529999,9.6758973,0.0009493655364156695,0,-0.10680452030753508,3.2165285805893506e-06,1,6.203157803155882e-05
4.281,0.0658251,-0.2529999,9.7851807,0.0014127936408598885,0,0.03089520696294859,0.0,1,6.205570199591324e-05
4.297,0.0614106,-0.2425032,9.7851807,0.0018613630258723646,0,0.028035586563279733,0.0,1,6.205570199591324e-05
4.328,0.0777933,-0.2784078,9.7656588,0.0019395376426860622,0,0.0025217618326998765,0.0,1,6.205570199591324e-05
4.344,0.0793629,-0.2784078,9.6474483,-0.0003003957318092887,0,-0.13999583590595932,0.0,1,6.205570199591324e-05
4.359,0.08377740000000002,-0.2425032,9.6474483,-0.0025146760890173425,0,-0.14761869048054008,0.0,1,6.205570199591324e-05
4.375,0.08377740000000002,-0.23799060000000002,9.678840300000001,-0.004072422158600375,0,-0.09735912934893945,0.0,1,6.205570199591324e-05
4.391,0.08829,-0.23799060000000002,9.6474483,-0.006214155097554297,0,-0.13385830868462,0.0,1,6.205570199591324e-05
4.406,0.09427410000000001,-0.2724237,9.6474483,-0.008294930385082111,0,-0.13871835250185724,0.0,1,6.205570199591324e-05
4.422,0.09427410000000001,-0.261927,9.6204708,-0.010869353487661826,0,-0.16090144391123204,0.0,1,6.205570199591324e-05
4.437,0.10182780000000001,-0.261927,9.629496000000001,-0.013214899478036557,0,-0.1563697326916428,0.0,1,6.205570199591324e-05
4.469,0.0688662,-0.2484873,9.5830947,-0.016436663541036012,0,-0.10068012696873288,-0.00045413868894232266,1,5.478948297283607e-05
4.484,0.0688662,-0.2798793,9.5920218,-0.019403331839074056,0,-0.19777788653587383,-0.00022293865429314245,1,4.971140289857019e-05
4.5,0.0748503,-0.2798793,9.5666139,-0.02280891798328888,0,-0.21284913401342623,-6.063665287204742e-05,1,4.744280044124867e-05
4.516,0.0777933,-0.2994012,9.5666139,-0.026135684286629157,0,-0.2079228939587672,0.0,1,4.6957707218272285e-05
4.531,0.0777933,-0.2784078,9.535123800000001,-0.03002681519074457,0,-0.2594087269410331,-0.0003734122171116824,1,4.415711558993472e-05
4.547,0.0478728,-0.2784078,9.584566200000001,-0.03287647783293757,0,-0.17810391513706209,-0.00037663856130113913,1,3.815670936263214e-05
4.562,0.11978010000000001,-0.2274939,9.584566200000001,-0.03568427472383995,0,-0.18718645939348497,-0.00039084420547699046,1,3.2400588611795957e-05
4.594,0.11978010000000001,-0.2529999,9.560629800000001,-0.03889362638093452,0,-0.1002922392842053,-0.0010840906231533816,1,8.801631353709983e-06
4.609,0.0478728,-0.2529999,9.5037318,-0.043167647175671675,0,-0.2849347196491497,-0.0011995501748279158,1,-8.325674631149382e-06
4.625,0.1032993,-0.24103170000000002,9.5037318,-0.0473553204193955,1,-0.26172957773273864,-0.0019237339155884527,1,-3.331194735448035e-05
4.641,0.0673947,-0.24544620000000003,9.5007888,-0.05152267299054536,1,-0.2604595356968662,-0.0027147578628679797,1,-7.041988158213184e-05
4.656,0.0673947,-0.21856680000000003,9.5366934,-0.05491737031593047,1,-0.2263131550256788,-0.0035130581876665298,1,-0.00011712850196113967
4.672,0.09878670000000002,-0.21856680000000003,9.4917636,-0.05912084027188591,1,-0.26271687224721485,-0.0044253638723690605,1,-0.00018063587844142443
4.687,0.0449298,-0.2544714,9.4917636,-0.06323234440415249,1,-0.27410027548442795,-0.005343012757439383,1,-0.00025389870316499055
4.703,0.0449298,-0.2889045,9.5097159,-0.06689207421018573,1,-0.22873311287707734,-0.0063840081063540905,1,-0.00034771487007533844
4.719,0.056898,-0.2889045,9.4902921,-0.07085946481679173,1,-0.24796191291287495,-0.007486020418569911,1,-0.00045867509827473055
4.734,0.0628821,-0.258984,9.4902921,-0.07476525074859275,1,-0.2603857287867402,-0.008578205785310272,1,-0.0005791567948038294
4.75,0.0628821,-0.2394621,9.424368900000001,-0.07989667019589852,1,-0.3207137154566106,-0.009815501152866203,1,-0.0007263064503092413
4.766,0.0868185,-0.2394621,9.437906700000001,-0.08465839699335298,1,-0.2976079248409033,-0.011131941690380216,1,-0.0008938859930552128
4.781,0.0703377,-0.2798793,9.437906700000001,-0.08930765068920365,1,-0.3099502463900516,-0.012436687047999363,1,-0.0010706507085930558
4.797,0.0703377,-0.2544714,9.398961,-0.09464318107875513,1,-0.3334706493469672,-0.013908293702143033,2,-0.0012814105545941952
4.812,0.0703377,-0.2634966,9.430353,-0.09925394771652485,1,-0.3073844425179693,-0.015362522168107691,2,-0.001500941673621084
4.844,0.0464013,-0.2814489,9.449874900000001,-0.10338443705982314,1,-0.12907779197807157,-0.018604736324529265,2,-0.002044417809503276
4.859,0.0464013,-0.2499588,9.4139703,-0.10815504652301122,1,-0.31804063087921214,-0.02019128245140049,3,-0.0023353879503227428
4.875,0.0823059,-0.2499588,9.3735531,-0.1136194871599745,1,-0.3415275398102044,-0.02196547872086438,3,-0.002672642039700862
4.891,0.0748503,-0.2394621,9.3735531,-0.11898337808493942,1,-0.33524318281030724,-0.02382630164282369,3,-0.003038976282610367
4.906,0.0748503,-0.2858634,9.3884643,-0.12392437909398879,1,-0.3294000672699652,-0.025648109821665613,3,-0.0034100343685940287
4.922,0.0718092,-0.2858634,9.3451041,-0.1296187426308002,1,-0.3558977210507127,-0.027676454795463927,3,-0.0038366308855310653
4.937,0.0628821,-0.3039138,9.3451041,-0.13519155022108542,1,-0.3715205060190008,-0.029662531991853147,3,-0.0042666732864359595
4.953,0.0434583,-0.2575125,9.3150855,-0.14127293963335674,1,-0.3800868382669572,-0.031874247910688686,3,-0.004758967525656295
4.969,0.0434583,-0.2798793,9.3735531,-0.14607654376306023,1,-0.30022525810646766,-0.03417304377786002,3,-0.005287345859164684
4.984,0.08083440000000001,-0.2798793,9.3614868,-0.15101758277938337,1,-0.32940260108821673,-0.0364012497269283,3,-0.005816653060450585
5.016,0.058369500000000005,-0.23200650000000003,9.3614868,-0.15589066551174113,1,-0.15228383538617982,-0.0413117816995863,3,-0.00706006156327482
5.031,0.058369500000000005,-0.31136939999999996,9.3480471,-0.16088642847427614,1,-0.3330508641690078,-0.043687609904481374,3,-0.007697557000305314
5.047,0.0703377,-0.31136939999999996,9.3001743,-0.1667207534542392,1,-0.36464531124769073,-0.046308467359909504,3,-0.008417525618420442
5.062,0.0434583,-0.2679111,9.3001743,-0.17247042739531615,1,-0.3833115960717821,-0.04885240121628127,3,-0.0091312321327419
5.078,0.0434583,-0.2934171,9.330094800000001,-0.17750589767763714,1,-0.31471689264506136,-0.0516522118168649,3,-0.009935269037007071
5.094,0.0554265,-0.2934171,9.294190200000001,-0.18314504039759427,1,-0.3524464199973206,-0.05453741932146675,3,-0.010784786086113725
5.109,0.0763218,-0.2769363,9.2882061,-0.1887978989712451,1,-0.37685723824339684,-0.057326991366732985,3,-0.011623769166275204
5.125,0.053856900000000006,-0.23200650000000003,9.2882061,-0.19436712937193334,1,-0.3480769000430147,-0.06039231159347841,3,-0.012565523589956896
5.141,0.053856900000000006,-0.24701580000000004,9.2582856,-0.20040603139288393,1,-0.37743137630941137,-0.06355049687959695,3,-0.0135570660577415
5.156,0.0733788,-0.24701580000000004,9.2657412,-0.20617776260944254,1,-0.3847820811039153,-0.06659987533461434,3,-0.014533193849348064
5.172,0.0793629,-0.23799060000000002,9.2657412,-0.21183998566029416,1,-0.35388894067822607,-0.06994401732077223,3,-0.015625544990591156
5.187,0.0793629,-0.2889045,9.2447478,-0.21777423269490193,1,-0.395616468973836,-0.07316612395843632,3,-0.01669887105018526
5.219,0.0793629,-0.2724237,9.2463174,-0.22357116577293468,1,-0.1811541586885233,-0.08022765033392172,3,-0.01915317143886299
5.234,0.0793629,-0.30685680000000004,9.240333300000001,-0.22935056174970292,1,-0.385293065117891,-0.08362456329034143,3,-0.020382063041044937
5.25,0.09133110000000001,-0.2994012,9.2298366,-0.23522496243417024,1,-0.36715004277920704,-0.08734116748381242,3,-0.02174978888723817
5.266,0.09878670000000002,-0.2664396,9.2298366,-0.24100247468164682,1,-0.3610945154672859,-0.09115098698073895,3,-0.023177726122954583
5.281,0.09878670000000002,-0.2754648,9.2208114,-0.2468383856491645,1,-0.3890607311678534,-0.09480979343321996,3,-0.024572431976059246
5.297,0.0478728,-0.2754648,9.3001743,-0.2510123758699514,1,-0.26087438879918134,-0.09879259952537289,3,-0.02612125111972799
5.312,0.059841000000000005,-0.261927,9.3001743,-0.2551108305988219,1,-0.2732303152580225,-0.10258852357388884,3,-0.02763160954297251
5.328,0.059841000000000005,-0.24544620000000003,9.199916100000001,-0.2611028490984797,1,-0.37450115622861235,-0.10671823301146725,3,-0.02930606359565536
5.359,0.0793629,-0.24544620000000003,9.196875,-0.26703408819223284,1,-0.19133029334687765,-0.11490435553947322,3,-0.032741213718194905
5.375,0.08083440000000001,-0.290376,9.196875,-0.2728231258057683,1,-0.36181485084596476,-0.11922321325145722,3,-0.03461423426852235
5.391,0.08083440000000001,-0.2754648,9.2492604,-0.27748097507532776,1,-0.29111557934746707,-0.12362564605850598,3,-0.03655702514300206
5.406,0.0928026,-0.2754648,9.1983465,-0.2830431087055043,1,-0.37080890867844435,-0.12782957668686215,3,-0.03844293931359228
5.422,0.0748503,-0.2499588,9.280652400000001,-0.28690046663410484,1,-0.24108487053753325,-0.13238912528957902,3,-0.04052468892940381
5.437,0.09133110000000001,-0.2829204,9.280652400000001,-0.29066075171429695,1,-0.2506856720127975,-0.13672083442719218,3,-0.04254301362727967
5.453,0.09133110000000001,-0.2784078,9.2702538,-0.2945537726942966,1,-0.24331381124997864,-0.14140255062246093,3,-0.0447680007076769
5.469,0.10182780000000001,-0.2784078,9.2657412,-0.2984567538856062,1,-0.2439363244568502,-0.14614663483510018,3,-0.04706839419133739
5.484,0.0763218,-0.2724237,9.2657412,-0.30229149747111883,1,-0.25564957236751296,-0.15065224672027552,3,-0.04929438580300266
5.5,0.0763218,-0.2575125,9.252301500000002,-0.30632281998498634,1,-0.251957657116719,-0.15552116125992438,3,-0.05174377306684426
5.516,0.0658251,-0.2575125,9.3150855,-0.30904612273965704,1,-0.17020642216691848,-0.16044411280172152,3,-0.05427149525933743
5.531,0.08534699999999999,-0.23799060000000002,9.3150855,-0.3117230994112159,1,-0.17846511143726124,-0.16509988196785297,3,-0.05671307522010919
5.547,0.08534699999999999,-0.29783160000000003,9.3195981,-0.3142254216101481,1,-0.1563951374332627,-0.1701074701360239,3,-0.059394734036940205
5.562,0.0748503,-0.2575125,9.253773,-0.31799414039321583,1,-0.2512479188711722,-0.1748491168510493,3,-0.061981908439343356
5.594,0.09133110000000001,-0.2575125,9.268684200000001,-0.3213938130306211,1,-0.10623976991891428,-0.18507932410583072,3,-0.06774076349465344
5.609,0.0464013,-0.2544714,9.285165000000001,-0.3244119872006088,1,-0.20121161133251966,-0.18992286760756485,3,-0.07055327993250385
5.625,0.0748503,-0.2544714,9.285165000000001,-0.32736734072627627,1,-0.18470959535421533,-0.19513710223097994,3,-0.0736337596912122
5.641,0.10477080000000001,-0.24397470000000002,9.285165000000001,-0.33026459593999746,1,-0.1810784508575745,-0.20039815772431013,3,-0.07679804177085453
5.656,0.10477080000000001,-0.23347800000000002,9.225324,-0.3342832364841559,1,-0.2679093696105696,-0.20538226646749116,3,-0.07984139495229298
5.672,0.09427410000000001,-0.23347800000000002,9.231308100000001,-0.33810800802504914,1,-0.23904822130582626,-0.2107613964235648,3,-0.08317054425542143
5.687,0.0673947,-0.258984,9.231308100000001,-0.3418490627405735,1,-0.2494036477016124,-0.21586107445430716,3,-0.08637021278700559
5.703,0.0673947,-0.21856680000000003,9.2612286,-0.3449507574490891,1,-0.19385591928222629,-0.22135547301582448,3,-0.08986794516676665
5.719,0.0928026,-0.2769363,9.2746683,-0.3476933299924312,1,-0.17141078395888062,-0.22689662571535665,3,-0.0934539619566161
5.734,0.08083440000000001,-0.2769363,9.2612286,-0.3506477181888492,1,-0.19695921309453907,-0.23213418357671614,3,-0.09689669302630656
5.75,0.0434583,-0.2738952,9.2612286,-0.3535508651774393,1,-0.18144668678687897,-0.23776777224364645,3,-0.10065590867286947
5.766,0.0434583,-0.2484873,9.2612286,-0.35641113236076194,1,-0.17876669895766623,-0.24344746822395208,3,-0.10450563059661026
5.781,0.020993400000000002,-0.2484873,9.2597571,-0.3592456905431387,1,-0.18897054549178852,-0.24881489439573118,3,-0.1081975983162578
5.797,0.09878670000000002,-0.2604555,9.2597571,-0.3620083610326166,1,-0.1726669055923667,-0.2545849268083372,3,-0.11222479688589035
5.812,0.09878670000000002,-0.2484873,9.253773,-0.3648405941625992,1,-0.1888155419988327,-0.26003629397230155,3,-0.11608445604174529
5.844,0.059841000000000005,-0.2484873,9.3001743,-0.3667143515494633,1,-0.05855491833950394,-0.2717411731036946,3,-0.12459289551496124
5.859,0.0658251,-0.2664396,9.3001743,-0.36854083531252435,1,-0.1217655842040725,-0.2772555870051594,3,-0.12871037121577755
5.875,0.0658251,-0.261927,9.2582856,-0.3711550174428364,1,-0.16338638314450357,-0.2831731538272023,3,-0.13319380114243645
5.891,0.056898,-0.315882,9.2463174,-0.3739206340544179,1,-0.17285103822384223,-0.28913375903918037,3,-0.13777225644536753
5.906,0.0688662,-0.315882,9.2717253,-0.37613253722794404,1,-0.14746021156841335,-0.29475915782379797,3,-0.14215145332183976
5.922,0.0643536,-0.29783160000000003,9.2717253,-0.37831341198287305,1,-0.13630467218306286,-0.30079472541748453,3,-0.14691588438777003
5.937,0.0643536,-0.2889045,9.253773,-0.3808088863940977,1,-0.16636496074830456,-0.30648814265531205,3,-0.15147050589831618
5.953,0.1032993,-0.2889045,9.2657412,-0.38301397419089334,1,-0.13781798729972639,-0.31259872553999196,3,-0.15642320084387862
5.969,0.0733788,-0.2798793,9.2657412,-0.3851868441560651,1,-0.13580437282323377,-0.3187443320867676,3,-0.1614739453048927
5.984,0.0733788,-0.258984,9.2612286,-0.3874174621402542,1,-0.14870786561261046,-0.3245388643839899,3,-0.1662985692784233
6.0,0.08534699999999999,-0.258984,9.2582856,-0.38966001327488264,1,-0.14015944591427842,-0.330755484187311,3,-0.1715409240669937
6.016,0.0823059,-0.2484873,9.219339900000001,-0.3926281056974492,1,-0.1855057764104105,-0.33701378913908964,3,-0.17688307825360491
6.031,0.0359046,-0.2829204,9.2582856,-0.3947611032867666,1,-0.14219983928782956,-0.34291920820647115,3,-0.1819825757336965
6.047,0.09878670000000002,-0.2829204,9.2746683,-0.39652225146850206,1,-0.11007176135846554,-0.3492494750445133,3,-0.18751992519970437
6.062,0.059841000000000005,-0.24397470000000002,9.2746683,-0.3982770764795127,1,-0.11698833406737238,-0.35521047000412365,3,-0.19280337478756934
6.078,0.059841000000000005,-0.2694807,9.2507319,-0.4004527881317852,1,-0.13598197826703007,-0.361600308921014,3,-0.19853786101897045
6.109,0.08377740000000002,-0.2694807,9.2582856,-0.40243415419666917,1,-0.06391503435109648,-0.37404505652710496,3,-0.2099403641834162
6.125,0.0763218,-0.24544620000000003,9.2582856,-0.4043910332155445,1,-0.12230493867970693,-0.3804996580264027,3,-0.21597672189984427
6.141,0.0763218,-0.2843919,9.3121425,-0.40523221371358353,1,-0.05257378112744066,-0.3869766440018357,3,-0.22211653231607018
6.156,0.0658251,-0.2843919,9.228267,-0.4077022734337241,1,-0.1646706480093757,-0.39307365265544036,3,-0.22796690954099963
6.172,0.0898596,-0.2679111,9.228267,-0.4101295928350712,1,-0.15170746258419396,-0.39961630758559075,3,-0.23430842922292788
6.187,0.0898596,-0.2798793,9.2746683,-0.41159298560978286,1,-0.09755951831410536,-0.40577922692392737,3,-0.2403488957317495
6.203,0.0389457,-0.2843919,9.3271518,-0.41200332441014353,1,-0.02564617502254227,-0.4123679974040868,3,-0.24689407352637363
6.219,0.059841000000000005,-0.2843919,9.276237900000002,-0.41340127355699074,1,-0.08737182167795057,-0.4189712341878239,3,-0.2535447873791089
6.234,0.050913900000000005,-0.261927,9.276237900000002,-0.4147858217213507,1,-0.09230321095733234,-0.4251826374024113,3,-0.25987594141603554
6.25,0.050913900000000005,-0.3023442,9.2612286,-0.4164132689516151,1,-0.10171545189152632,-0.43183223012779504,3,-0.26673206035627717
6.266,0.08534699999999999,-0.3023442,9.2432763,-0.4183556445545644,1,-0.121398475184331,-0.4385103814358445,3,-0.2736948012487863
6.281,0.04188870000000001,-0.3098979,9.2432763,-0.42026089344149753,1,-0.12701659246220995,-0.44480000547081483,3,-0.2803196291505861
6.297,0.04188870000000001,-0.2215098,9.211884300000001,-0.4227939277204502,1,-0.1583146424345426,-0.4515444440401104,3,-0.28749038474667354
6.328,0.0673947,-0.2215098,9.2418048,-0.42468783720409853,1,-0.06109385431123482,-0.4646804113964412,3,-0.30169187000594033
6.344,0.0614106,-0.3039138,9.2418048,-0.4264995181610516,1,-0.11323005980956581,-0.4714899102393624,3,-0.30918123257902674
6.359,0.0614106,-0.23347800000000002,9.2327796,-0.4284927160048877,1,-0.13287985625574378,-0.47790235199560677,3,-0.31630167454578884
6.375,0.09878670000000002,-0.3278502,9.2882061,-0.4292982031001955,1,-0.050342943456738135,-0.4847646793484474,3,-0.32400301079654126
6.391,0.0733788,-0.2274939,9.2418048,-0.4310608350370835,1,-0.11016449605549807,-0.4916475516535457,3,-0.3318143086445572
6.406,0.0733788,-0.2575125,9.166954500000001,-0.4342404989364059,1,-0.2119775932881678,-0.49813731165834674,3,-0.3392376951193962
6.422,0.056898,-0.2575125,9.2746683,-0.4352489398155335,1,-0.06302755494547169,-0.5050932271683617,3,-0.34726353943000987
6.437,0.0868185,-0.3039138,9.2746683,-0.4362055401926863,1,-0.06377335847685349,-0.5116291357684228,3,-0.35488895715203606
6.453,0.0868185,-0.2934171,9.268684200000001,-0.43726727921817954,1,-0.06635868909332648,-0.5186169183237093,3,-0.3631309255847731
6.469,0.0658251,-0.2934171,9.2178684,-0.43930744894365326,1,-0.12751060784210722,-0.5256295161490039,3,-0.3714848970605548
6.484,0.08377740000000002,-0.2829204,9.2178684,-0.4413111912790786,1,-0.13358282236169147,-0.5322341559506742,3,-0.37941887460130225
6.5,0.0748503,-0.261927,9.2702538,-0.44226259061010964,1,-0.0594624581894409,-0.5393027462057878,3,-0.38799116981855397
6.516,0.0748503,-0.2843919,9.2552445,-0.4434765133777674,1,-0.07587017297860925,-0.5463886590376908,3,-0.3966767010605018
6.531,0.0718092,-0.2843919,9.282222,-0.4441384000336708,1,-0.04412577706022678,-0.5530457708882764,3,-0.40492245928494636
6.562,0.058369500000000005,-0.2499588,9.282222,-0.44480858051165306,1,-0.02161872509620234,-0.5668244490867292,3,-0.42228044769455925
6.578,0.058369500000000005,-0.2559429,9.297133200000001,-0.4451701641278323,1,-0.022598976011201068,-0.5739442790438452,3,-0.43140659751960386
6.594,0.058369500000000005,-0.2559429,9.240333300000001,-0.4466379349664038,1,-0.09173567741072022,-0.5810787438365991,3,-0.4406467817026474
6.609,0.058369500000000005,-0.2499588,9.240333300000001,-0.44808013672971647,1,-0.09614678422084652,-0.5877891293743198,3,-0.44941329075172914
6.625,0.058369500000000005,-0.2484873,9.2432763,-0.4494371540422417,1,-0.08481358203282767,-0.5949692677004955,3,-0.4588753579283277
6.656,0.08377740000000002,-0.2814489,9.306158400000001,-0.44951285052274415,1,-0.0024418219516913016,-0.6089029927712527,3,-0.4775353779656396
6.672,0.08377740000000002,-0.2724237,9.2717253,-0.45026716762875907,1,-0.04714481912593267,-0.6161012329164648,3,-0.48733541177114137
6.687,0.0703377,-0.290376,9.282222,-0.4507924940797121,1,-0.03502176339686836,-0.6228591803792786,3,-0.4966276148708598
6.703,0.11978010000000001,-0.290376,9.219339900000001,-0.4525298694071669,1,-0.10858595796592309,-0.6300857592871736,3,-0.5066511743881914
6.719,0.0673947,-0.2709522,9.276237900000002,-0.4531400496353797,1,-0.03813626426329982,-0.637331118639514,3,-0.5167905094116049
6.75,0.09427410000000001,-0.2709522,9.301645800000001,-0.45323571823750974,1,-0.003086083939679425,-0.6513799430415437,3,-0.5367655308676611
6.766,0.0643536,-0.2709522,9.301645800000001,-0.453334511184881,1,-0.006174559210703196,-0.6586325048769228,3,-0.5472456304510088
6.781,0.0643536,-0.2484873,9.2267955,-0.4549107511026893,1,-0.10508266118722281,-0.6654443443440794,3,-0.5571762068201661
6.797,0.0703377,-0.2544714,9.2836935,-0.45533683811778225,1,-0.02663043844330912,-0.6727263250578431,3,-0.5678815721753815
6.828,0.0733788,-0.2784078,9.301645800000001,-0.4553888080808193,1,-0.0016764504205491317,-0.6868425725739217,3,-0.5889548900886742
6.844,0.0733788,-0.258984,9.2267955,-0.4569177897289798,1,-0.0955613530100318,-0.6941410253564001,3,-0.6000027588721167
6.859,0.0973152,-0.258984,9.301645800000001,-0.45694545296955624,1,-0.0018442160384306225,-0.7009949996766389,3,-0.6104662790598643
6.875,0.1062423,-0.2575125,9.301645800000001,-0.4569714600512338,1,-0.0016254426048467592,-0.7083063349808052,3,-0.6217406897371238
6.891,0.1062423,-0.2798793,9.285165000000001,-0.45730727993354314,1,-0.020988742644334462,-0.7156205649006834,3,-0.6331321049361758
6.906,0.0718092,-0.2798793,9.171467100000001,-0.4598712638182665,1,-0.17093225898155978,-0.7224994039788218,3,-0.6439180047027718
6.922,0.0658251,-0.2679111,9.171467100000001,-0.46239285834737487,1,-0.15759965806927387,-0.729877516956147,3,-0.6555370200702516
6.937,0.0658251,-0.2709522,9.3451041,-0.4614601550134232,1,0.0621802222634429,-0.7368064145563532,3,-0.6665371495565958
6.953,0.0928026,-0.2709522,9.2222829,-0.4629483661233653,1,-0.09301319437138292,-0.7442016827254475,3,-0.6783852143348502
6.969,0.0928026,-0.2499588,9.2222829,-0.4644190167888915,1,-0.09191566659538788,-0.7516206217887456,3,-0.6903517927709638
6.984,0.0868185,-0.2604555,9.2327796,-0.46565055360963115,1,-0.08210245471597645,-0.7585961435667343,3,-0.7016784185111297
7.0,0.0868185,-0.258984,9.2836935,-0.4658608763742027,1,-0.013145172785722347,-0.766048235006605,3,-0.7138755735397164
7.016,0.0254079,-0.258984,9.235820700000001,-0.46701266214300574,1,-0.07198661055018978,-0.7735112233147426,3,-0.7261920492062872
7.031,-0.0928026,-0.2709522,9.235820700000001,-0.46812668123135737,1,-0.07426793922344328,-0.7805247683900502,3,-0.7378473191440729
7.047,-0.0928026,-0.3173535,9.2882061,-0.4681633849622173,1,-0.002293983178747181,-0.7880150889195988,3,-0.75039563800255
7.062,0.09133110000000001,-0.3173535,9.252301500000002,-0.4689032203214101,1,-0.049322357279515006,-0.7950430884592263,3,-0.7622685743328916
7.094,0.1466595,-0.3338343,9.252301500000002,-0.46960324235269013,1,-0.021875688477501744,-0.8100591918620119,3,-0.7879502108180315
7.109,0.1466595,-0.1586277,9.3555027,-0.4683579096550474,1,0.08302217984284906,-0.8170939005020698,3,-0.8001538590107619
7.125,0.10928340000000002,-0.1586277,9.280652400000001,-0.4686143569438652,1,-0.016027955551112236,-0.8245896786348611,3,-0.8132873276438574
7.141,0.1721655,-0.2649681,9.280652400000001,-0.4687995210900038,1,-0.01157275913366006,-0.832088989659132,3,-0.8265407569902093
7.156,0.11821050000000001,-0.2575125,9.309101400000001,-0.4684441448926897,1,0.023691746487605327,-0.8391183171540021,3,-0.8390748117913076
7.187,0.0673947,-0.2575125,9.2387637,-0.4694842683656191,1,-0.033552370094495056,-0.8536562075595061,3,-0.8653128169243675
7.203,0.0898596,-0.2738952,9.2432763,-0.47040257651642214,1,-0.05739425942519189,-0.8611753023185624,3,-0.879031469003392
7.219,0.0119682,-0.2738952,9.2627001,-0.47093059556303807,1,-0.033001190413495224,-0.8687059676951981,3,-0.8928705191635021
7.234,0.0777933,-0.2559429,9.2627001,-0.4714520734572023,1,-0.034765192944283076,-0.8757738377128498,3,-0.9059541177040622
7.25,0.0777933,-0.2798793,9.2492604,-0.4722131512443859,1,-0.047567361698974645,-0.8833231595104625,3,-0.9200268936818488
7.266,0.08534699999999999,-0.2798793,9.2298366,-0.4733386683595633,1,-0.07034481969858668,-0.8908875740672941,3,-0.9342205795504708
7.281,0.04188870000000001,-0.2604555,9.2298366,-0.47445913029023323,1,-0.07469746204466472,-0.8979960575571675,3,-0.947637206787654
7.297,0.09584369999999999,-0.23200650000000003,9.207371700000001,-0.47600493256757126,1,-0.09661264233362657,-0.9055997700600299,3,-0.9620659734085916
7.312,0.09584369999999999,-0.24103170000000002,9.252301500000002,-0.4766352520896895,1,-0.042021301474546933,-0.9127445714449596,3,-0.9757035559698795
7.344,0.10477080000000001,-0.24103170000000002,9.2836935,-0.47663603341079863,1,-2.4416284660766487e-05,-0.9279969120129674,3,-1.0051554197052064
7.359,0.0733788,-0.2664396,9.2836935,-0.47662909221342886,1,0.00046274649131799154,-0.935146400455149,3,-1.019128994548717
7.375,0.0733788,-0.2604555,9.252301500000002,-0.47724088257635167,1,-0.03823689768267521,-0.9427773602534673,3,-1.0341523846343859
7.391,0.10182780000000001,-0.2604555,9.3405915,-0.4761050040557624,1,0.07099240753682949,-0.9504041273465241,3,-1.0492978365351857
7.406,0.1406754,-0.3023442,9.3405915,-0.4749567841164275,1,0.0765479959556612,-0.9575370907578155,3,-1.063607395670968
7.422,0.1406754,-0.23347800000000002,9.2612286,-0.4754252555720768,1,-0.029279465978082595,-0.9651401470753235,3,-1.0789888135736332
7.437,0.052385400000000006,-0.23347800000000002,9.280652400000001,-0.4755218465335673,1,-0.006439397432700145,-0.9722722503411161,3,-1.093519406554257
7.453,0.0554265,-0.2365191,9.280652400000001,-0.47561468793137607,1,-0.00580258736304628,-0.9798813426168357,3,-1.1091366352979206
7.469,0.04041720000000001,-0.2814489,9.252301500000002,-0.4762382920582784,1,-0.03897525793139508,-0.987496166456753,3,-1.1248756553705093
7.484,0.04041720000000001,-0.2499588,9.2463174,-0.4769846842671015,1,-0.0497594805882084,-0.9946453387791931,3,-1.1397417166597785
7.5,0.0389457,-0.2499588,9.1938339,-0.4787452662104563,1,-0.11003637145967628,-1.0022911783830137,3,-1.1557172087970762
7.531,0.08829,-0.2484873,9.1938339,-0.48046541643008034,1,-0.05548871676206561,-1.017158943963942,3,-1.1870186856934537
7.547,0.0224649,-0.2738952,9.223852500000001,-0.4815571237130172,1,-0.06823170518355232,-1.0248551242850867,3,-1.203354798239446
7.562,0.08377740000000002,-0.290376,9.223852500000001,-0.4826106250979656,1,-0.07023342566322525,-1.0320863824011695,3,-1.2187818595395934
7.578,0.08377740000000002,-0.2604555,9.2702538,-0.4827515472368926,1,-0.008807633682939011,-1.0398092797798484,3,-1.2353570248370416
7.594,0.0554265,-0.2604555,9.2552445,-0.4831880566395981,1,-0.027281837669090845,-1.0475367966108604,3,-1.2520557934481673
7.625,0.0777933,-0.2575125,9.2657412,-0.4834087352183545,1,-0.007118663830851872,-1.0625190468846586,3,-1.2847616590223476
7.641,0.0777933,-0.2694807,9.207371700000001,-0.48476238886496503,1,-0.0846033529131595,-1.0702644158773251,3,-1.3018239267244436
7.656,0.04188870000000001,-0.2694807,9.225324,-0.48574222189227,1,-0.0653222018203332,-1.0775432004580043,3,-1.3179324838469582
7.672,0.1437165,-0.2634966,9.225324,-0.4866861548574679,1,-0.058995810324868836,-1.0853226274720023,3,-1.3352354104703983
7.703,0.1437165,-0.2350476,9.2627001,-0.4868941051728797,1,-0.006708074690701956,-1.1004131215024728,3,-1.3691143145795033
7.719,0.1302768,-0.261927,9.282222,-0.4867051494893726,1,0.011809730219192172,-1.1082019155397709,3,-1.3867832348758413
7.734,0.1302768,-0.290376,9.2492604,-0.48714923719927405,1,-0.029605847326764155,-1.1155058234399355,3,-1.4034610429181889
7.75,0.0898596,-0.290376,9.318126600000001,-0.4862444483811217,1,0.05654930113452301,-1.1232929729245786,3,-1.421371433289105
7.766,0.0643536,-0.2230794,9.2552445,-0.4866304743356942,1,-0.02412662216078052,-1.131075972306313,3,-1.4394063848509522
7.781,0.11978010000000001,-0.29783160000000003,9.2552445,-0.4869568963920923,1,-0.02176147042654055,-1.1383778775867712,3,-1.45642728872515
7.797,0.11978010000000001,-0.2350476,9.2911491,-0.48660861279040724,1,0.021767725105314974,-1.1461664016602313,3,-1.474703642959126
7.828,0.0748503,-0.2350476,9.2463174,-0.4871551239011396,1,-0.017629390668784814,-1.1612597395789506,3,-1.510468748148334
7.844,0.10182780000000001,-0.20208600000000002,9.2463174,-0.48770113953221284,1,-0.03412597694207872,-1.1690585896864174,3,-1.529111294782457
7.859,0.10182780000000001,-0.2994012,9.207371700000001,-0.4889479194962796,1,-0.0831186642711182,-1.176383457629131,3,-1.5467021101373233
7.875,0.0703377,-0.23347800000000002,9.2387637,-0.489598096007386,1,-0.040636031944152294,-1.1842118257531604,3,-1.5655868724043815
7.891,0.0703377,-0.2499588,9.223852500000001,-0.49051933315741003,1,-0.05757732187650073,-1.1920527651864787,3,-1.5845969891318987
7.906,0.0733788,-0.2499588,9.2162988,-0.4915700951574493,1,-0.07005080000262048,-1.19941843589884,3,-1.6025330231400383
7.922,0.056898,-0.2274939,9.2582856,-0.49179093736605495,1,-0.013802638037851965,-1.207285324159028,3,-1.6217866532205012
7.937,0.09133110000000001,-0.2529999,9.2582856,-0.4919890736186723,1,-0.01320908350782159,-1.2146636742414136,3,-1.639951270708505
7.953,0.09133110000000001,-0.2798793,9.178922700000001,-0.49372350658635966,1,-0.10840206048046132,-1.2225493748830538,3,-1.659448975101501
7.969,0.04041720000000001,-0.2798793,9.256716,-0.4939064505462749,1,-0.011433997494703075,-1.230450414540115,3,-1.6790729734168863
7.984,0.0329616,-0.24397470000000002,9.256716,-0.49410629902851255,1,-0.013323232149176363,-1.2378605101619258,3,-1.6975853053521512
8.0,0.0329616,-0.2559429,9.297133200000001,-0.49350370677853483,1,0.037662015623607346,-1.2457613902083822,3,-1.7174542805551136
8.031,0.08083440000000001,-0.2425032,9.280652400000001,-0.49323727964713093,1,0.008594423593674074,-1.2610558754979804,3,-1.756309948173563
8.047,0.08083440000000001,-0.2994012,9.268684200000001,-0.4931780596030997,1,0.0037012527519530956,-1.2689471982119822,3,-1.7765499727632426
8.078,0.0359046,-0.2994012,9.3360789,-0.49180477471756845,1,0.044299512436493126,-1.284214432143952,3,-1.816123978033758
8.094,0.10182780000000001,-0.261927,9.2492604,-0.49217251116331795,1,-0.022983527859343746,-1.2920862504309991,3,-1.8367343834943575
8.109,0.1437165,-0.3143124,9.2492604,-0.4924901628452698,1,-0.021176778796789746,-1.299471220486064,3,-1.8561710645262361
8.125,0.1437165,-0.2604555,9.247788900000002,-0.49286321571545066,1,-0.02331580438630352,-1.3073540475145498,3,-1.8770256666702412
8.141,0.0628821,-0.2604555,9.2777094,-0.4926602189338105,1,0.01268729885250951,-1.3152382349917437,3,-1.8980064049302916
8.172,0.1212516,-0.2065986,9.330094800000001,-0.4914495957583007,1,0.03905236050031524,-1.3304919371194717,3,-1.9390152225980162
8.187,0.08829,-0.2065986,9.268684200000001,-0.4914737437659209,1,-0.0016098671746790547,-1.3378638621659027,3,-1.9590278910926548
8.203,0.1122264,-0.1856052,9.268684200000001,-0.4915010496089014,1,-0.0017066151862810115,-1.3457276605129014,3,-1.9804966232740853
8.219,0.1122264,-0.2754648,9.2627001,-0.4916012880882672,1,-0.006264904960362467,-1.3535924792144787,3,-2.0020911843919045
8.234,0.0718092,-0.2754648,9.2447478,-0.49205926948057055,1,-0.030532092820222356,-1.3609699333962453,3,-2.0224504024864856
8.25,0.08829,-0.2798793,9.231308100000001,-0.4927662661284238,1,-0.04418729049082688,-1.3688485376811173,3,-2.0442889502551043
8.266,0.0928026,-0.258984,9.231308100000001,-0.4934704850917182,1,-0.04401368520590139,-1.3767384316908784,3,-2.06625364601008
8.281,0.0928026,-0.2829204,9.225324,-0.4942644009036101,1,-0.052927720792792725,-1.3841464433358437,3,-2.0869602825727815
8.297,0.08377740000000002,-0.2829204,9.247788900000002,-0.494604178839003,1,-0.021236120962053722,-1.3920573919737846,3,-2.1091699132552586
8.328,0.0464013,-0.31284090000000003,9.247788900000002,-0.4949235626983519,1,-0.010302705140288517,-1.4073950719676132,3,-2.1525614264463484
8.344,0.0464013,-0.2754648,9.2597571,-0.49502541916349685,1,-0.0063660290715583595,-1.415314663822508,3,-2.1751431043326694
8.359,0.0748503,-0.2754648,9.2672127,-0.4949755090613941,1,0.0033273401401836765,-1.422739670784195,3,-2.1964285118422207
8.375,0.09427410000000001,-0.2649681,9.2612286,-0.4950463836811245,1,-0.004429663733152007,-1.4306598459261353,3,-2.219255707975903
8.391,0.007455600000000001,-0.24544620000000003,9.2492604,-0.4953703462655348,1,-0.02024766152564082,-1.4385831797657085,3,-2.242209652181438
8.406,0.058369500000000005,-0.24544620000000003,9.2552445,-0.4955671138416431,1,-0.013117838407220457,-1.4460152107165125,3,-2.2638441401100557
8.422,0.142245,-0.2484873,9.2552445,-0.4957406161543698,1,-0.01084389454542033,-1.4539456725564806,3,-2.2870438271762397
8.437,0.142245,-0.24701580000000004,9.2088432,-0.4968208844993711,1,-0.07201788966675918,-1.461389883811383,3,-2.308908843848997
8.453,0.0733788,-0.24701580000000004,9.2702538,-0.49669211160030713,1,0.008048306191499315,-1.4693379877801804,3,-2.3323546668217294
8.469,0.11526750000000001,-0.287433,9.2702538,-0.49653467688347774,1,0.009839669801836584,-1.4772838020880508,3,-2.355927641140675
8.484,0.11526750000000001,-0.2724237,9.289677600000001,-0.49600854570462083,1,0.03507541192379297,-1.4847278762574618,3,-2.3781427287282675
8.5,0.1272357,-0.2724237,9.2717253,-0.4958414907060096,1,0.010440937413203058,-1.492662676548747,3,-2.401961853150717
8.531,0.10477080000000001,-0.23347800000000002,9.2717253,-0.4957040441603979,1,0.004433759535859674,-1.5080316323391765,3,-2.448472614938481
8.547,0.10477080000000001,-0.24397470000000002,9.2582856,-0.4958274107721472,1,-0.007710413234329742,-1.515963883978637,3,-2.4726645790690234
8.562,0.11978010000000001,-0.2784078,9.2627001,-0.49583924032233107,1,-0.0007886366789241748,-1.523401383861845,3,-2.495459818577825
8.578,0.1078119,-0.2784078,9.247788900000002,-0.4961459438947351,1,-0.019168973275252004,-1.5313372653355815,3,-2.5198977277714043
8.594,0.0059841,-0.2694807,9.247788900000002,-0.49646409504077305,1,-0.01988444662737175,-1.5392781456470654,3,-2.5444626510592654
8.609,0.0059841,-0.2365191,9.225324,-0.4972340266402533,1,-0.05132877329868103,-1.5467308815596734,3,-2.5676077187633166
8.625,0.09133110000000001,-0.2365191,9.2791809,-0.49692441681651367,1,0.019350613983726266,-1.5546841491073276,3,-2.592419039008653
8.641,0.0359046,-0.3202965,9.2791809,-0.49657906266570784,1,0.021584634425364492,-1.5626321769431852,3,-2.617357569617057
8.656,0.0359046,-0.33824879999999996,9.2133558,-0.49751781289983477,1,-0.06258334894179285,-1.570087903509927,3,-2.640852970220456
8.672,0.08377740000000002,-0.33824879999999996,9.3315663,-0.4961158459435975,1,0.08762293476483043,-1.5780369727806747,3,-2.666037969230781
8.687,0.1302768,-0.24397470000000002,9.195403500000001,-0.4974572210708281,1,-0.08942500848205043,-1.5854887707832823,3,-2.689764412307509
8.703,0.10182780000000001,-0.2290635,9.2627001,-0.49746779450540224,1,-0.0006608396608820394,-1.5934481709078923,3,-2.7151959078410384
8.719,0.10182780000000001,-0.2290635,9.2627001,-0.49747816061772987,1,-0.0006478820204769414,-1.6014077385488774,3,-2.7407547551166926
8.75,0.0868185,-0.23053500000000002,9.2432763,-0.49787132765122166,1,-0.012682807531993068,-1.6168356556170465,3,-2.7906375277262656
8.766,0.0868185,-0.2664396,9.304686900000002,-0.497034287187228,1,0.05231502899960545,-1.624794900535754,3,-2.816570572175488
8.781,0.0973152,-0.261927,9.3076299,-0.4961564549143471,1,0.05852215152538791,-1.6322438311015162,3,-2.840998362662768
8.797,0.0973152,-0.2559429,9.2672127,-0.4960912477323767,1,0.004075448873153139,-1.64018181272269,3,-2.8671777678133616
8.828,0.08534699999999999,-0.2559429,9.280652400000001,-0.4957662187921539,1,0.010484804523316323,-1.6555556034538195,3,-2.9182616977640956
8.844,0.1377324,-0.2709522,9.280652400000001,-0.4954268736661209,1,0.02120907037705953,-1.6634851481934856,3,-2.944814023777274
8.859,0.0928026,-0.2829204,9.223852500000001,-0.4962112668400671,1,-0.052292878263077026,-1.6709224342472824,3,-2.9698220806455806
8.875,0.0928026,-0.2559429,9.240333300000001,-0.49667271124636336,1,-0.028840275393515722,-1.6788655060719737,3,-2.9966203841681347
8.891,0.0673947,-0.2559429,9.2612286,-0.496719880250426,1,-0.0029480627539157896,-1.686812646803948,3,-3.023545809391142
8.906,0.053856900000000006,-0.2514303,9.2612286,-0.4967702841268995,1,-0.003360258431565309,-1.6942638230367781,3,-3.0489038829149484
8.937,0.1302768,-0.261927,9.2552445,-0.49691638519566084,1,-0.0047129377019788764,-1.7096659664112772,3,-3.1016647946513913
8.953,0.08377740000000002,-0.3218661,9.2552445,-0.49703311370893033,1,-0.007295532079343297,-1.7176175624025138,3,-3.1290830628819015
8.984,0.0269775,-0.2934171,9.304686900000002,-0.49620377411415717,1,0.02675289015397239,-1.733012734163772,3,-3.18256783247868
9.0,0.0614106,-0.2290635,9.304686900000002,-0.4954229035533224,1,0.048804410052172245,-1.7409457475851118,3,-3.210359500332671
9.016,0.0389457,-0.3098979,9.2148273,-0.49637478625403375,1,-0.059492668794458525,-1.7488801291035707,3,-3.23827810734618
9.031,0.0389457,-0.2889045,9.2657412,-0.4963235566331239,1,0.0034153080606575403,-1.7563253666752248,3,-3.264567148564522
9.047,0.0030411,-0.2889045,9.2013876,-0.4975361438342585,1,-0.07578670007091219,-1.764276244278964,3,-3.2927319614521555
9.078,0.0793629,-0.2948886,9.2013876,-0.49871453695318735,1,-0.038012681255771355,-1.7797181298311686,3,-3.3476638742508604
9.094,0.0793629,-0.31136939999999996,9.253773,-0.49883264209415046,1,-0.007381571310194339,-1.7876985072635474,3,-3.376203207347618
9.109,0.1406754,-0.31136939999999996,9.289677600000001,-0.4982306132331491,1,0.04013525740008901,-1.7951764816785025,3,-3.4030747697646846
9.125,0.053856900000000006,-0.2499588,9.289677600000001,-0.4976945639268777,1,0.033503081641961224,-1.8031438830957827,3,-3.431861332682879
9.141,0.053856900000000006,-0.24397470000000002,9.247788900000002,-0.49799319241709483,1,-0.01866428063856949,-1.8111093851465345,3,-3.4607753588288177
9.156,0.12272310000000002,-0.23053500000000002,9.2178684,-0.498866278783618,1,-0.058205757768209,-1.81858583118054,3,-3.487998072951272
9.172,0.0703377,-0.21709530000000002,9.2791809,-0.4985375547452886,1,0.020545252395587337,-1.8265650618487714,3,-3.5171592800955063
9.203,0.0703377,-0.2215098,9.2492604,-0.49879972313640053,1,-0.008457044874578639,-1.842023789655937,3,-3.574022407293827
9.219,0.11526750000000001,-0.23053500000000002,9.2657412,-0.49872056409313004,1,0.004947440204405846,-1.8500039519537732,3,-3.6035586292267046
9.234,0.11526750000000001,-0.2934171,9.2702538,-0.49851968192168705,1,0.01339214476286511,-1.8574832537988846,3,-3.6313647832698503
9.25,0.10928340000000002,-0.2934171,9.2777094,-0.4981780539030929,1,0.021351751162135262,-1.8654568356854828,3,-3.6611483039857253
9.266,0.0194238,-0.2798793,9.2777094,-0.4978635369193185,1,0.01965731148589887,-1.8734251684120622,3,-3.6910593600185058
9.281,0.0194238,-0.3023442,9.2597571,-0.4978931903184609,1,-0.001976893276160203,-1.8808933438663458,3,-3.7192167488605947
9.297,0.0643536,-0.3023442,9.2103147,-0.4988871953381224,1,-0.06212531372884461,-1.8888675869515985,3,-3.749374836307138
9.328,0.0194238,-0.2604555,9.2103147,-0.4998907970858859,1,-0.032374249927855536,-1.90434864583417,3,-3.8081696879153153
9.344,0.031392,-0.3023442,9.256716,-0.49993965401584717,1,-0.0030535581225787896,-1.912347289442984,3,-3.8387032553975327
9.359,0.031392,-0.32932170000000005,9.313614000000001,-0.4988545758248062,1,0.07233854606939578,-1.9198382461667893,3,-3.867444646914607
9.375,0.0898596,-0.32932170000000005,9.309101400000001,-0.49787173898423376,1,0.06142730253577694,-1.9278120566852617,3,-3.8982258493374236
9.391,0.09427410000000001,-0.2649681,9.309101400000001,-0.49694757272416545,1,0.05776039125426897,-1.9357706111789288,3,-3.929134510680337
9.406,0.09427410000000001,-0.3098979,9.223852500000001,-0.4976848669942022,1,-0.04915295133578282,-1.9432303544768168,3,-3.958227017922756
9.422,0.1212516,-0.3098979,9.2627001,-0.49764030394672076,1,0.0027851904675912894,-1.9511929558443442,3,-3.989382404405325
9.437,0.10477080000000001,-0.261927,9.2627001,-0.49762957284791653,1,0.0007154065869486324,-1.9586574799203034,3,-4.018706282673557
9.453,0.10477080000000001,-0.1781496,9.2463174,-0.4979792103087064,1,-0.021852341299366508,-1.9666223501855564,3,-4.050108521314404
9.469,0.1002582,-0.1781496,9.174410100000001,-0.49973257280081995,1,-0.10958515575709694,-1.9746040444504327,3,-4.081638332471492
9.5,0.113796,-0.2604555,9.3076299,-0.49879897914774673,1,0.03011592429268385,-1.9900812835056358,3,-4.143090955054812
9.516,0.113796,-0.2889045,9.2836935,-0.49833631713220683,1,0.028916375971244055,-1.9980583658758757,3,-4.174996072249864
9.531,0.08377740000000002,-0.2889045,9.2327796,-0.49888677199876774,1,-0.03669699110405942,-2.0055375390443606,3,-4.205023041536767
9.562,0.0868185,-0.24701580000000004,9.2582856,-0.49894979237030057,1,-0.0020329152107365057,-2.0210040057920855,3,-4.2674344354817295
9.594,0.029920500000000003,-0.24701580000000004,9.2927187,-0.49834369202068096,1,0.018940635925612775,-2.036960701542341,3,-4.3323618707990805
9.609,0.007455600000000001,-0.3039138,9.2882061,-0.4978057400078235,1,0.035863467523828345,-2.0444318222825553,3,-4.362972314727768
9.625,0.0030411,-0.3039138,9.294190200000001,-0.4971611123904083,1,0.04028922608845239,-2.0523915571017413,3,-4.395746901762843
9.641,0.1212516,-0.2889045,9.3451041,-0.4955252670936776,1,0.10224033104566645,-2.060333048137614,3,-4.428648698604758
9.656,0.09133110000000001,-0.3248091,9.3451041,-0.49390506302998105,1,0.10801360424643337,-2.0677537756135416,3,-4.459609349782893
9.672,0.09133110000000001,-0.31284090000000003,9.346575600000001,-0.4922957934284433,1,0.10057935009610822,-2.075643382465209,3,-4.492756527047523
9.687,0.1466595,-0.31284090000000003,9.3645279,-0.49035250900939964,1,0.1295522946029223,-2.0830132447334924,3,-4.5239464517515104
9.703,0.0389457,-0.15568469999999998,9.3645279,-0.48854530456084966,1,0.11295027803437376,-2.0908444272420543,3,-4.557337313127315
9.719,0.0389457,-0.1437165,9.3690405,-0.4866888152313713,1,0.11603058309239679,-2.098646300200392,3,-4.590853238946854
9.734,0.0554265,-0.1437165,9.358543800000001,-0.48507289014874644,1,0.10772833884165388,-2.105934512990743,3,-4.622387595045789
9.75,0.1078119,-0.2290635,9.358543800000001,-0.4834463724206284,1,0.10165735800737864,-2.113682667091298,3,-4.656144532486445
9.781,0.1078119,-0.2140542,9.3600153,-0.4818298687011833,1,0.052145281272421795,-2.128644448828686,3,-4.721900602783206
9.797,0.0748503,-0.2140542,9.337550400000001,-0.480691724267718,1,0.07113402709157939,-2.1363446215724373,3,-4.756020515346416
9.812,0.0014715,-0.258984,9.306158400000001,-0.48017475904478424,1,0.03446434819558697,-2.1435511201972806,3,-4.788119733409686
9.828,0.010496700000000001,-0.3053853,9.306158400000001,-0.4796402412517633,1,0.03340736206380865,-2.151229640199653,3,-4.822477979492861
9.844,0.010496700000000001,-0.290376,9.382480200000002,-0.4776298367224019,1,0.12565028308508797,-2.1588878008234467,3,-4.856958919021046
9.859,0.029920500000000003,-0.290376,9.3839517,-0.4756291929771965,1,0.1333762496803527,-2.166037243546194,3,-4.889395856853819
9.875,0.0464013,-0.3831786,9.3839517,-0.473601202563783,1,0.12674940083834396,-2.1736310867105217,3,-4.924113203495873
9.891,0.0464013,-0.33530580000000004,9.3884643,-0.4715604601544854,1,0.12754640058110212,-2.181192380012268,3,-4.958951791229655
9.906,0.050913900000000005,-0.33530580000000004,9.487251,-0.4676235293719966,1,0.2624620521659101,-2.188236259933717,3,-4.991722506029251
9.922,0.11526750000000001,-0.30685680000000004,9.3810087,-0.46585354181787686,1,0.11062422213248259,-2.195704076503236,3,-5.026794028720746
9.937,0.1332198,-0.30685680000000004,9.4183848,-0.463381199754469,1,0.16482280422720333,-2.2026733370650278,3,-5.059781859322506
9.953,0.1257642,-0.17510850000000003,9.3959199,-0.4614657845008683,1,0.11971345335004535,-2.2100721129390704,3,-5.095083822922539
9.984,0.0973152,-0.21101310000000004,9.4348656,-0.45881667635106815,1,0.08545510160645413,-2.224336491082276,3,-5.163817156284871
10.0,0.1661814,-0.21101310000000004,9.4573305,-0.4557603520900102,1,0.19102026631612185,-2.2316531073098043,3,-5.199465073072008
10.016,0.1497006,-0.2575125,9.4573305,-0.4527467756794952,1,0.18834852565718913,-2.2389211643319604,3,-5.235229667245142
10.031,0.1497006,-0.2365191,9.487251,-0.44921661499742704,1,0.23534404547119966,-2.2456858897620378,3,-5.268864220150848
10.062,0.09133110000000001,-0.2365191,9.5381649,-0.4447722485301746,1,0.14336666023395508,-2.259542717146715,3,-5.3386952635579314
10.078,0.1526436,-0.2649681,9.5381649,-0.44038499971775025,1,0.2742030507765223,-2.2666239751326986,3,-5.374904597096167
10.109,0.11673900000000001,-0.3083283,9.448305300000001,-0.4378290661055946,1,0.08244947135985876,-2.280236293152961,3,-5.445380931254596
10.141,0.10477080000000001,-0.2559429,9.455859,-0.4352086061056273,1,0.0818893749989779,-2.2942048959083405,3,-5.518571990279577
10.156,0.10477080000000001,-0.2425032,9.4707702,-0.4323542077644742,1,0.19029322274353186,-2.3007116170123667,3,-5.553033864126483
10.172,0.09878670000000002,-0.2425032,9.476754300000001,-0.42943974798953555,1,0.1821537359336654,-2.307605968658399,3,-5.58990040481185
10.187,0.08377740000000002,-0.21709530000000002,9.476754300000001,-0.4265973447247564,1,0.18949355098529103,-2.314026246853756,3,-5.624562646428188
10.203,0.08377740000000002,-0.2575125,9.5635728,-0.4220892020835869,1,0.2817589150730934,-2.3208157392282227,3,-5.661641382316844
10.219,0.052385400000000006,-0.2575125,9.478323900000001,-0.41934474524668985,1,0.17152855230606598,-2.327547210806865,3,-5.698828285917125
10.234,0.09878670000000002,-0.2709522,9.478323900000001,-0.41663950553747675,1,0.18034931394753337,-2.333817092687746,3,-5.733788518193336
10.25,0.09878670000000002,-0.2829204,9.5635728,-0.41230973679014404,1,0.270610546708294,-2.340448686626367,3,-5.7711826444278485
10.266,0.0673947,-0.2649681,9.565142400000001,-0.4080495255526593,1,0.26626320234279777,-2.3470115607251096,3,-5.80868232640666
10.297,0.08377740000000002,-0.2604555,9.4962762,-0.40522250128872983,1,0.09119433109449651,-2.3596172771411514,3,-5.881635073393588
10.312,0.08377740000000002,-0.2425032,9.4917636,-0.40254867708241804,1,0.17825494708746717,-2.3656755609789344,3,-5.917074769679486
10.344,0.056898,-0.2425032,9.5426775,-0.398933215024325,1,0.11298318931540753,-2.3784992712526423,3,-5.992981566995192
10.359,0.0973152,-0.2679111,9.5037318,-0.39613222439588824,1,0.18673270856244295,-2.3844622620482943,3,-6.0287037784949495
10.375,0.1212516,-0.2679111,9.575541,-0.3919734057020321,1,0.259926168366009,-2.3907671070890775,3,-6.066905613448048
10.391,0.09133110000000001,-0.2544714,9.575541,-0.3879098269086718,1,0.2539736745850172,-2.397006172949963,3,-6.105207799688361
10.406,0.09133110000000001,-0.2679111,9.541206,-0.38459168132198407,1,0.22120970577917484,-2.4027999342616932,3,-6.141206345492449
10.422,0.0928026,-0.23200650000000003,9.5171715,-0.3818278582308512,1,0.17273894319580468,-2.4089312905781157,3,-6.179700195291168
10.437,0.056898,-0.23200650000000003,9.5321808,-0.3788295553265417,1,0.19988686028731403,-2.4146362211797956,3,-6.215876951629349
10.453,0.04188870000000001,-0.21552570000000001,9.5321808,-0.3758991509784302,1,0.1831502717569709,-2.4206740508302356,3,-6.254559433805429
10.469,0.04188870000000001,-0.287433,9.5007888,-0.3736042645622355,1,0.14343040101216772,-2.4266700781545607,3,-6.293338186837308
10.484,0.007455600000000001,-0.287433,9.5785821,-0.3698314619627183,1,0.25152017330113563,-2.432245846103498,3,-6.329780056269245
10.5,0.0344331,-0.20954160000000002,9.5785821,-0.36617108657841335,1,0.22877346151906044,-2.438133866491827,3,-6.368743093970007
10.516,0.0344331,-0.205029,9.5950629,-0.36226132062117244,1,0.24436037232755647,-2.4439613257494237,3,-6.407799855507937
10.547,0.08377740000000002,-0.205029,9.629496000000001,-0.35774727858695954,1,0.1456142591681555,-2.45512145903715,3,-6.4837356386721305
10.562,0.1032993,-0.2634966,9.629496000000001,-0.35329015017044085,1,0.2971418944346029,-2.4604542397528304,3,-6.5206024564130525
10.578,0.059841000000000005,-0.3143124,9.575541,-0.3499551064984363,1,0.20844022950028387,-2.4660802018061814,3,-6.560014731945524
10.609,0.0793629,-0.3143124,9.698362200000002,-0.3442757777182113,1,0.18320415420080413,-2.4768407805115396,3,-6.63663000717145
10.625,0.0628821,-0.3367773,9.593591400000001,-0.34074843448610714,1,0.22045895200650792,-2.4823209742091743,3,-6.676303301209216
10.641,0.09878670000000002,-0.3367773,9.6444072,-0.33628860115242,1,0.27873958335544713,-2.4877372704942826,3,-6.716063767166843
10.656,0.0359046,-0.2948886,9.6444072,-0.33195170242267125,1,0.2891265819832383,-2.492749072771096,3,-6.753417414741334
10.687,0.1002582,-0.2350476,9.632439,-0.32795774837565617,1,0.12883722732307207,-2.50297766925847,3,-6.8308511792427895
10.703,0.0703377,-0.30685680000000004,9.632439,-0.32400771108398274,1,0.24687733072958884,-2.508193392934147,3,-6.8709405477403305
10.719,0.0254079,-0.23053500000000002,9.6399927,-0.3200331609243179,1,0.2484093849790534,-2.5133457199102134,3,-6.911112860643086
10.734,0.0254079,-0.19610190000000002,9.601047000000001,-0.3169149595504699,1,0.20788009158985848,-2.5181228308137746,3,-6.9488488747735175
10.766,0.0,-0.19610190000000002,9.605559600000001,-0.3137700945330888,1,0.09827703179315908,-2.5282137916791116,3,-7.0295902607334035
10.781,0.0224649,-0.23200650000000003,9.605559600000001,-0.31067069402956093,1,0.20662670023518287,-2.532897097593332,3,-7.067548592402948
10.797,0.0224649,-0.2754648,9.6654006,-0.3064366942347867,1,0.26462498717338945,-2.537833956699447,3,-7.108114440837291
10.812,0.052385400000000006,-0.2754648,9.669913200000002,-0.30219499817158635,1,0.2827797375467128,-2.542398694392494,3,-7.146216185720477
10.828,0.0928026,-0.258984,9.669913200000002,-0.29803945218583294,1,0.25972162410958766,-2.5472005699953533,3,-7.18693297983558
10.844,0.0928026,-0.2948886,9.687865500000001,-0.2935934080869771,1,0.2778777561784904,-2.5519336328775357,3,-7.2277260534585634
10.859,0.056898,-0.2948886,9.776155500000002,-0.2875096252429472,1,0.4055855229353102,-2.55629190562751,3,-7.2660377449973526
10.875,0.1661814,-0.2814489,9.776155500000002,-0.28152846053549396,1,0.37382279421582754,-2.560844210313738,3,-7.306974833924882
10.891,0.11673900000000001,-0.2649681,9.7686999,-0.2758337451455848,1,0.35591971186932325,-2.5653031079591866,3,-7.347984012471065
10.906,0.11673900000000001,-0.261927,9.7103304,-0.2713963024876307,1,0.2958295105302617,-2.569407333316436,3,-7.386494340780634
10.922,0.059841000000000005,-0.261927,9.7132734,-0.26699832443146754,1,0.2748736285101969,-2.573714490331789,3,-7.427639315369819
10.937,0.11821050000000001,-0.2798793,9.7132734,-0.2626662828755961,1,0.2888027703914508,-2.5776869748865914,3,-7.466274826358954
10.953,0.11821050000000001,-0.2679111,9.728282700000001,-0.2581316308835824,1,0.28341574950085907,-2.581853358196665,3,-7.50755114902362
10.969,0.031392,-0.2679111,9.774684,-0.25278949589055877,1,0.3338834370639751,-2.585940727210858,3,-7.548893501706881
10.984,0.1078119,-0.2230794,9.774684,-0.24756351265225973,1,0.3483988825532559,-2.5896933747749293,3,-7.5877107574717755
11.0,0.1078119,-0.2858634,9.716314500000001,-0.24355190159982243,1,0.2507256907773312,-2.593622298088946,3,-7.629177282854687
11.016,0.0748503,-0.2858634,9.818044200000001,-0.23763123411124454,1,0.37004171803611785,-2.5974717631746342,3,-7.670706035344796
11.031,0.08083440000000001,-0.3202965,9.818044200000001,-0.23180489699195483,1,0.3884224746192989,-2.6009925341579083,3,-7.709694517574791
11.062,0.1377324,-0.2559429,9.7327953,-0.22778820972594005,1,0.12957055696822384,-2.6081162273120353,3,-7.790435703377572
11.078,0.1377324,-0.2514303,9.6429357,-0.22561376829520263,1,0.13590258942108846,-2.6117434431362043,3,-7.832194580741158
11.094,0.1781496,-0.2290635,9.6668721,-0.223010780878365,1,0.16268671355235118,-2.6153324395295927,3,-7.874011187802484
11.109,0.1781496,-0.2769363,9.740250900000001,-0.2189963057682931,1,0.2676316740047841,-2.6186474926794427,3,-7.913266037294053
11.125,0.10477080000000001,-0.2769363,9.759674700000001,-0.2147007478124472,1,0.268472372240369,-2.622117069108089,3,-7.955192153788354
11.141,0.1377324,-0.2140542,9.759674700000001,-0.2105123922467591,1,0.26177222285550505,-2.6255187742285626,3,-7.997173240535047
11.156,0.1377324,-0.2858634,9.714843,-0.20724870207142487,1,0.21757934502227394,-2.628651982435949,3,-8.036579521210033
11.187,0.0658251,-0.1721655,9.800091900000002,-0.20244505884069675,1,0.15495623324930038,-2.6350022357300866,3,-8.118166161591603
11.203,0.13469129999999999,-0.1915893,9.7582032,-0.19853583868225932,1,0.24432625990233858,-2.63821008291027,3,-8.160351860140725
11.219,0.13469129999999999,-0.2934171,9.7552602,-0.19471134640532917,1,0.23903076730813466,-2.641356060390971,3,-8.202588389287135
11.234,0.0868185,-0.2934171,9.740250900000001,-0.19126665093469875,1,0.22964636470868605,-2.6442508953710213,3,-8.242230441455352
11.25,0.0628821,-0.3307932,9.740250900000001,-0.187869633007832,1,0.21231362042917182,-2.6472839856425616,3,-8.28456272050346
11.281,0.0628821,-0.2544714,9.7387794,-0.1846130046546932,1,0.10505252752060382,-2.653057466526331,3,-8.36671801301208
11.297,0.0928026,-0.2544714,9.848062800000001,-0.1792735515643411,1,0.3337158181470065,-2.6559685589760833,3,-8.4091902212161
11.312,0.1002582,-0.2215098,9.848062800000001,-0.174052974637819,1,0.34803846176816894,-2.6586185079225992,3,-8.449049624217837
11.328,0.1002582,-0.23200650000000003,9.7612443,-0.17063178258666056,1,0.21382450319740157,-2.661375985980395,3,-8.491609580169062
11.344,0.1078119,-0.23200650000000003,9.777627,-0.1669549753723878,1,0.22980045089204795,-2.6640766800440674,3,-8.534213201497257
11.359,0.028449,-0.2754648,9.777627,-0.163338996597437,1,0.24106525166337686,-2.6665538848338413,3,-8.574192930733844
11.375,0.0703377,-0.24103170000000002,9.708858900000001,-0.16115554419786626,1,0.13646577497317114,-2.6691498411602037,3,-8.616878560541796
11.391,0.0703377,-0.2529999,9.714843,-0.15889164369131414,1,0.1414937816595073,-2.6717102186633173,3,-8.659605441020384
11.406,0.0329616,-0.2529999,9.7536906,-0.1559145721965436,1,0.1984714329846962,-2.674071265282476,3,-8.699698802149978
11.422,0.0,-0.205029,9.7536906,-0.1530190454061504,1,0.1809704243995734,-2.6765427342232977,3,-8.742503714146025
11.453,0.056898,-0.17510850000000003,9.7222986,-0.15080388986142346,1,0.0714566304750658,-2.6812519897199447,3,-8.825549532367143
11.469,0.09584369999999999,-0.3503151,9.7222986,-0.14853338292643414,1,0.14190668343683197,-2.6836466879022476,3,-8.86846872178812
11.484,0.09584369999999999,-0.344331,9.8016615,-0.14475649130756452,1,0.2517927745912989,-2.6858463619590025,3,-8.908739919662082
11.5,0.0628821,-0.344331,9.803133,-0.14103005148116843,1,0.23290248914975534,-2.688132654301312,3,-8.951731751792165
11.531,0.0344331,-0.2994012,9.7627158,-0.13820047369180166,1,0.0912767028827972,-2.6924607274414933,3,-9.03513094920918
11.547,0.0344331,-0.20355750000000003,9.7941078,-0.13485937749753774,1,0.2088185121414952,-2.6946452062510082,3,-9.07822779667872
11.562,-0.0224649,-0.20355750000000003,9.6563754,-0.13428451117579598,1,0.03832442144945319,-2.696663785416058,3,-9.11866261411622
11.578,-0.0224649,-0.21552570000000001,9.6563754,-0.1337158256466502,1,0.03554284557161221,-2.6988077881106376,3,-9.161826386704433
11.609,0.0344331,-0.21258269999999999,9.8136297,-0.13007621504994482,1,0.11740679344210642,-2.702896564741435,3,-9.245552804173641
11.625,0.020993400000000002,-0.24103170000000002,9.8136297,-0.12649582474263887,1,0.2237743942066215,-2.7049491410597755,3,-9.28881556982005
11.641,0.020993400000000002,-0.205029,9.831582000000001,-0.12264974904315018,1,0.24037973121804312,-2.706942305650062,3,-9.332110701393729
11.656,0.0449298,-0.205029,9.8136297,-0.11922943896483496,1,0.22802067188767303,-2.708756399560122,3,-9.372728441682806
11.672,0.0344331,-0.258984,9.8136297,-0.11585202200597244,1,0.21108855992890677,-2.7106370512478883,3,-9.41608358928927
11.687,0.0703377,-0.3532581,9.7132734,-0.11444587378090887,1,0.09374321500424587,-2.7123642854662897,3,-9.456756099314623
11.703,0.0703377,-0.3023442,9.731225700000001,-0.11274914110690304,1,0.10604579212536426,-2.7141818455853923,3,-9.500168468363036
11.719,0.1287072,-0.3023442,9.6563754,-0.11254078950581814,1,0.013021975067806212,-2.715984165030294,3,-9.543609796447962
11.734,0.1497006,-0.33530580000000004,9.6563754,-0.11230926782470618,1,0.015434778740796544,-2.717670540460273,3,-9.584362206739142
11.766,0.1497006,-0.2575125,9.8165727,-0.10898942513202314,1,0.10374508414634488,-2.7212113195475807,3,-9.671384316499267
11.781,0.1930608,-0.2575125,9.7327953,-0.10736164610042387,1,0.1085186021066142,-2.722833952581824,3,-9.71221465604024
11.797,0.1526436,-0.2529999,9.7327953,-0.10578217113766542,1,0.09871718517240327,-2.724539103119729,3,-9.755793640485853
11.812,0.1526436,-0.17510850000000003,9.8495343,-0.10197888739228134,1,0.2535522496922923,-2.7260973110587035,3,-9.796673413592188
11.828,0.1362609,-0.17510850000000003,9.749178,-0.10022215406683799,1,0.10979583284020923,-2.7277149193903765,3,-9.84030391143578
11.859,0.0628821,-0.19011780000000003,9.657945000000002,-0.10029754824845227,1,-0.0024320703746543277,-2.7308229747762636,3,-9.924911248795365
11.875,0.0628821,-0.1631403,9.717786,-0.09920797444158858,1,0.06809836292898103,-2.732419018957784,3,-9.968617184745238
11.891,0.0434583,-0.2604555,9.7536906,-0.09739651849885433,1,0.11321599642088999,-2.7339918549013076,3,-10.01234847173611
11.906,0.0434583,-0.31284090000000003,9.7941078,-0.09479832705818048,1,0.17321276271158398,-2.7354333162429856,3,-10.053369160519695
11.922,0.029920500000000003,-0.31284090000000003,9.8375661,-0.09140038729027289,1,0.21237123549422401,-2.736922905957773,3,-10.097148010297301
11.953,0.020993400000000002,-0.3053853,9.8375661,-0.08807411772782459,1,0.10729901814349778,-2.7397047607855534,3,-10.18203573913182
11.969,0.0464013,-0.30685680000000004,9.759674700000001,-0.08633698295977865,1,0.10857092300287076,-2.7411000495910542,3,-10.225882177614833
11.984,0.0090252,-0.2664396,9.740250900000001,-0.0850399721594286,1,0.08646738669000015,-2.742385376754448,3,-10.267008318312426
12.0,-0.0045126,-0.2649681,9.740250900000001,-0.08376924119567164,1,0.07942068523480998,-2.743735850461289,3,-10.310897288130151
12.016,-0.0045126,-0.29783160000000003,9.717786,-0.08294509978071396,1,0.05150883843485494,-2.7450695651891,3,-10.354807731455354
12.047,0.052385400000000006,-0.2140542,9.8076456,-0.08041611562961215,1,0.08158013390650845,-2.74760166402796,3,-10.43994413550822
12.078,0.052385400000000006,-0.2544714,9.777627,-0.078506188762276,1,0.06161054410762023,-2.7500649597460343,3,-10.525157968176714
12.094,0.0150093,-0.2544714,9.821085300000002,-0.07578440093036498,1,0.17011173949443834,-2.7512992844635753,3,-10.569168882130391
12.109,0.09427410000000001,-0.2080701,9.821085300000002,-0.0731287554387059,1,0.17704303277726574,-2.7524161331363435,3,-10.610446747762392
12.125,0.09427410000000001,-0.2649681,9.8151012,-0.07061560985937732,1,0.15707159870803608,-2.753566088058728,3,-10.654494605531953
12.156,0.10182780000000001,-0.3622833,9.7507476,-0.0693502289406176,1,0.04081873931482883,-2.755735558560128,3,-10.739888781054548
12.172,0.1406754,-0.2544714,9.7507476,-0.06816700938333398,1,0.07395122233022626,-2.7568356964667196,3,-10.783989351094762
12.187,0.1406754,-0.2963601,9.6938496,-0.06809881496714176,1,0.004546294412814581,-2.757857690149348,3,-10.82534955149438
12.203,0.11673900000000001,-0.2963601,9.716314500000001,-0.06759793458498642,1,0.03130502388470899,-2.7589432641457647,3,-10.869483959128742
12.219,0.1272357,-0.2499588,9.716314500000001,-0.06712985888104583,1,0.02925473149628652,-2.760021086493493,3,-10.913635673933856
12.234,0.1272357,-0.24397470000000002,9.7941078,-0.06514918992338359,1,0.13204459717747807,-2.761013179359526,3,-10.955043430927756
12.25,0.059841000000000005,-0.24397470000000002,9.771642900000002,-0.06366031674473405,1,0.09305457366559625,-2.762043655412871,3,-10.999227885605935
12.266,0.08534699999999999,-0.23200650000000003,9.771642900000002,-0.06220263656578595,1,0.09110501118425587,-2.763050559039355,3,-11.043428639321553
12.297,0.08534699999999999,-0.2529999,9.8495343,-0.059236609313478183,1,0.09567829846153911,-2.764932867350484,3,-11.129112382430597
12.312,-0.031392,-0.258984,9.690808500000001,-0.05944311983031625,1,-0.013767367789205471,-2.765822965319062,3,-11.170593051175615
12.328,0.0014715,-0.1796211,9.690808500000001,-0.059681781494322905,1,-0.014916354000416007,-2.7667759645296592,3,-11.214853842614405
12.344,0.0014715,-0.3278502,9.746235,-0.05875351556188946,1,0.05801662077709042,-2.7677234469061087,3,-11.25912983790589
12.359,0.0359046,-0.3278502,9.7926363,-0.05693284567976242,1,0.12137799214179774,-2.768591094615421,3,-11.300652196967302
12.375,0.0928026,-0.347274,9.7926363,-0.055127427677994945,1,0.11283862511046729,-2.769487576802283,3,-11.344956826338644
12.391,0.0928026,-0.2634966,9.8405091,-0.05247030763598204,1,0.16607000262580648,-2.770348358684795,3,-11.38927551382254
12.406,0.1107549,-0.2634966,9.8240283,-0.05018466523121745,2,0.15237616031763337,-2.771118270981299,3,-11.430836513545037
12.422,0.113796,-0.290376,9.8240283,-0.04792830776606749,2,0.1410223415718724,-2.7719031747652774,3,-11.47518068511101
12.437,0.113796,-0.21258269999999999,9.7986204,-0.0462532673660192,2,0.11166936000322825,-2.7726095365787677,3,-11.516764530446087
12.453,0.10477080000000001,-0.1930608,9.731225700000001,-0.045942095542573114,2,0.019448238965380487,-2.7733470994820366,3,-11.561132183534573
12.469,0.08083440000000001,-0.1930608,9.6923781,-0.04640304076651702,2,-0.02880907649649431,-2.774085860572509,3,-11.605511647215009
12.484,0.0614106,-0.21258269999999999,9.6923781,-0.04684973380540214,2,-0.02977953592567323,-2.7747852563817985,3,-11.647128180592167
12.5,0.0614106,-0.3053853,9.7297542,-0.04650657709798445,2,0.021447294213605677,-2.7755321068690257,3,-11.691530719498173
12.531,0.08377740000000002,-0.3053853,9.7656588,-0.04546323795103646,2,0.033656101514450525,-2.7769576390022856,3,-11.77759431055918
12.547,0.04041720000000001,-0.2290635,9.7656588,-0.044486693801625066,2,0.06103400933821218,-2.777677238456307,3,-11.82203138957885
12.562,0.04041720000000001,-0.21856680000000003,9.7732125,-0.04338593990306805,2,0.07338359323714033,-2.778336283209092,3,-11.863701490991337
12.578,0.09878670000000002,-0.21856680000000003,9.747706500000001,-0.04279858760952138,2,0.03670951834666699,-2.7790257594291927,3,-11.908160387332444
12.594,0.08377740000000002,-0.3039138,9.747706500000001,-0.04218067604180398,2,0.03861947298233744,-2.779705593538403,3,-11.952630238156186
12.609,0.08377740000000002,-0.2918475,9.7222986,-0.04208005880645338,2,0.006707815690039573,-2.780337549049765,3,-11.994330561725599
12.625,0.029920500000000003,-0.2274939,9.7806681,-0.040877092798352166,2,0.0751853755063258,-2.7810012062626033,3,-12.038821271768098
12.641,0.1078119,-0.2274939,9.6489198,-0.042269396961224004,2,-0.08701901017948979,-2.78166637818068,3,-12.083322612443645
12.656,0.0658251,-0.36071369999999997,9.6489198,-0.04356222724651282,2,-0.08618868568591774,-2.7823101153622383,3,-12.125052436145218
12.672,0.0748503,-0.2484873,9.735738300000001,-0.043196134075106585,2,0.022880823212889624,-2.783004182252811,3,-12.169574950526139
12.687,0.10928340000000002,-0.2664396,9.735738300000001,-0.042821531857830664,2,0.024973481151730086,-2.7836493147473083,3,-12.211324851753636
12.703,0.10928340000000002,-0.2649681,9.8255979,-0.040693865024024944,2,0.13297917711285734,-2.784317437922363,3,-12.255868585774992
12.719,0.1002582,-0.2649681,9.842078700000002,-0.038286784413298136,2,0.15044253817042538,-2.7849492831178617,3,-12.300422719543315
12.734,0.0688662,-0.2709522,9.842078700000002,-0.03592899460856813,2,0.1571859869819943,-2.785505901460526,3,-12.342201133427654
12.75,0.0688662,-0.2634966,9.7208271,-0.03599796489221774,2,-0.00431064272810033,-2.7860813171365324,3,-12.38677383117643
12.766,0.050913900000000005,-0.21709530000000002,9.7268112,-0.03597292970528265,2,0.001564699183442818,-2.7866570842933123,3,-12.43135573838787
12.797,0.0733788,-0.21709530000000002,9.707289300000001,-0.03632824775549004,2,-0.011461872587334854,-2.7877777525439544,3,-12.51775947835885
12.812,0.031392,-0.258984,9.707289300000001,-0.03666090572392555,2,-0.022177197895702615,-2.78832517119505,3,-12.559580250286889
12.828,0.031392,-0.33530580000000004,9.7297542,-0.03650103024159712,2,0.009992217645526926,-2.788910466682774,3,-12.604198135389911
12.844,0.0628821,-0.33530580000000004,9.7986204,-0.03499180585555273,2,0.09432652412777456,-2.7894824093715513,3,-12.648825278398347
12.859,0.0928026,-0.2918475,9.7986204,-0.03353477081930656,2,0.0971356690830742,-2.7899963586966128,3,-12.69067136915886
12.875,0.0928026,-0.2814489,9.7417224,-0.033227401159367176,2,0.0192106037462114,-2.790530456072442,3,-12.735315583677012
12.891,0.09133110000000001,-0.2814489,9.708858900000001,-0.03357041521568327,2,-0.021438378519755812,-2.7910648386034422,3,-12.77996834603442
12.922,0.10182780000000001,-0.2814489,9.708858900000001,-0.033904657084118384,2,-0.010781995755971233,-2.792110702224089,3,-12.866507566917248
12.937,0.0329616,-0.2065986,9.747706500000001,-0.033517048777726544,2,0.025840553759458085,-2.792616365018053,3,-12.90839301992156
12.953,0.0733788,-0.2065986,9.7851807,-0.032398115750329026,2,0.06993331421234478,-2.793143686334277,3,-12.953079100332378
12.984,0.0434583,-0.2484873,9.7851807,-0.03128553018615143,2,0.03588985690895393,-2.7941307828462927,3,-13.039681854604678
13.0,0.0434583,-0.23347800000000002,9.7686999,-0.030525063218707515,2,0.04752918546524483,-2.7946252675935317,3,-13.084391903008196
13.016,0.0973152,-0.19610190000000002,9.7791966,-0.029582243958238053,2,0.05892620377934138,-2.795106126050947,3,-13.129109754157351
13.031,0.0973152,-0.36375480000000004,9.818044200000001,-0.027802703237330917,2,0.11863604806047122,-2.795536513154914,3,-13.171039573951397
13.047,0.058369500000000005,-0.36375480000000004,9.749178,-0.027413466959377075,2,0.02432726737211508,-2.7959782425164876,3,-13.215771691996768
13.062,0.10477080000000001,-0.3262806,9.7612443,-0.02681379355798086,2,0.03997822675975101,-2.7963849469703677,3,-13.257714415917915
13.078,0.1212516,-0.3023442,9.7612443,-0.026237243280204936,2,0.036034392360995114,-2.796809355265073,3,-13.302459970335798
13.094,0.1212516,-0.3023442,9.699833700000001,-0.02687545313304085,2,-0.03988811580224457,-2.797234256836379,3,-13.347212319232609
13.109,0.0777933,-0.3023442,9.686394000000002,-0.027773274273730664,2,-0.059854742712651995,-2.7976441222919295,3,-13.389173907076072
13.125,0.1062423,-0.2140542,9.686394000000002,-0.028694321116368826,2,-0.0575654276648851,-2.79809586305505,3,-13.433939826958849
13.141,0.1062423,-0.18864630000000002,9.783611100000002,-0.02770191488016671,2,0.06202538976263211,-2.798547032943022,3,-13.478712970126834
13.156,0.1287072,-0.18864630000000002,9.717786,-0.02801401426334671,2,-0.020806625545332403,-2.7989649024115986,3,-13.520694309641994
13.172,0.0793629,-0.2394621,9.717786,-0.028308408181732858,2,-0.018399619899134283,-2.799415481791159,3,-13.565481352715617
13.187,0.0793629,-0.23347800000000002,9.8136297,-0.026721194577101315,2,0.10581424030877808,-2.7998282038118503,3,-13.607475680357636
13.203,0.010496700000000001,-0.23347800000000002,9.7536906,-0.0263462244016317,2,0.02343563596685081,-2.8002527431636803,3,-13.652276327933441
13.219,-0.0359046,-0.18266220000000002,9.7911648,-0.025264017291688035,2,0.06763794437147913,-2.800665625097227,3,-13.697083674879527
13.234,0.0254079,-0.22455090000000003,9.7911648,-0.024186598167762696,2,0.07182794159501983,-2.801036504713173,3,-13.739096440853107
13.25,0.0254079,-0.41466870000000006,9.6923781,-0.024943925550356738,2,-0.047332961412127575,-2.801429548902918,3,-13.783916169282035
13.281,0.1362609,-0.41466870000000006,9.7268112,-0.02499381549016455,2,-0.0016093528970261733,-2.802203583889046,3,-13.870772482840312
13.297,0.13469129999999999,-0.34128990000000003,9.7268112,-0.025099018602880108,2,-0.006575194544722323,-2.80260432656179,3,-13.91561094612392
13.312,0.13469129999999999,-0.2709522,9.845021700000002,-0.022928792400515263,2,0.1446817468243346,-2.8029645351443158,3,-13.957652712586713
13.328,0.1212516,-0.2709522,9.7701714,-0.022271524649465135,2,0.04107923444063296,-2.8033261376807155,3,-14.002503037969314
13.344,0.20954160000000002,-0.16019730000000001,9.827069400000001,-0.020530503997848726,2,0.1088137907260255,-2.803668553909894,3,-14.047358995502039
13.375,0.08534699999999999,-0.16019730000000001,9.7132734,-0.021091057749655917,2,-0.018082379090554216,-2.8043136881169803,3,-14.134282720253458
13.391,-0.007455600000000001,-0.19757340000000004,9.690808500000001,-0.02207481735069905,2,-0.061484975065195735,-2.804659015117783,3,-14.179154501879335
13.406,-0.0119682,-0.19011780000000003,9.690808500000001,-0.023042122512716645,2,-0.06448701080117059,-2.804997392166759,3,-14.221226924933971
13.422,-0.0119682,-0.205029,9.716314500000001,-0.02348449559822363,2,-0.02764831784418662,-2.8053696051116463,3,-14.266109860912199
13.437,0.0059841,-0.205029,9.6668721,-0.024887544844721887,2,-0.09353661643322458,-2.805732395414968,3,-14.308193125916144
13.469,0.0434583,-0.3652263,9.836094600000001,-0.02285287017190818,2,0.06358358352542831,-2.806496242055234,3,-14.397988784115668
13.484,0.0373761,-0.3652263,9.7791966,-0.02197344699827397,2,0.05862821157561167,-2.8068324394340105,3,-14.44008874922684
13.5,0.13469129999999999,-0.3622833,9.7791966,-0.021096637644946625,2,0.05480058458295906,-2.8071770001111562,3,-14.485000824743201
13.516,0.13469129999999999,-0.258984,9.7806681,-0.020272479849447578,2,0.05150986221869042,-2.8075079530511116,3,-14.529918304368499
13.531,0.08829,-0.258984,9.714843,-0.020765028941495345,2,-0.03283660613651656,-2.807815734367044,3,-14.572033232024136
13.547,0.0449298,-0.21856680000000003,9.6744258,-0.022065503788272878,2,-0.08127967792359574,-2.8081583786288817,3,-14.616961024928104
13.562,0.0554265,-0.21856680000000003,9.6744258,-0.02333941190482669,2,-0.084927207770261,-2.80849891549658,3,-14.659085954634042
13.578,0.0554265,-0.21101310000000004,9.702776700000001,-0.02403586980688388,2,-0.04352861887857436,-2.808877917750274,3,-14.704024969300017
13.594,0.0464013,-0.21101310000000004,9.7103304,-0.024571524948061807,2,-0.033478446323620376,-2.8092667769083133,3,-14.748970126857285
13.609,0.142245,-0.2484873,9.7103304,-0.025061048997326196,2,-0.03263493661762472,-2.8096390212129037,3,-14.791111920343196
13.625,0.142245,-0.3143124,9.764187300000001,-0.0244482356183795,2,0.03830083618416854,-2.8100350954898294,3,-14.836069313276818
13.656,0.049442400000000004,-0.2858634,9.7851807,-0.023470970801053426,2,0.03152467152664694,-2.8107778431893307,3,-14.923191913826347
13.672,0.049442400000000004,-0.287433,9.7956774,-0.022306240484107676,2,0.07279564480910931,-2.811144060879612,3,-14.968167289058899
13.687,0.0254079,-0.2754648,9.7417224,-0.022230404698511563,2,0.005055719039741224,-2.811478085718482,3,-15.010336955158381
13.703,0.0269775,-0.2754648,9.7208271,-0.022565519313847204,2,-0.020944663458477546,-2.8118364531105806,3,-15.055323471469015
13.734,0.0703377,-0.2829204,9.7208271,-0.022885612307312897,2,-0.010325580434376988,-2.8125409456507087,3,-15.142501321149815
13.75,0.0703377,-0.2829204,9.704346300000001,-0.023522436433209393,2,-0.03980150786853095,-2.8129122100406327,3,-15.187504946395347
13.766,0.0868185,-0.2829204,9.8091171,-0.022090773361986393,2,0.08947894195143738,-2.813277115718994,3,-15.232514461001424
13.781,0.15421320000000002,-0.2365191,9.8091171,-0.020695032950337477,2,0.09304936077659086,-2.813598009266337,3,-15.274716024438815
13.797,0.15421320000000002,-0.2544714,9.7956774,-0.019581256310585715,2,0.06961103998448509,-2.813920219580424,3,-15.31973617026959
13.812,0.11526750000000001,-0.2544714,9.764187300000001,-0.0191170190122687,2,0.030949153221136907,-2.8142104566453456,3,-15.36194715034128
13.828,0.1362609,-0.2274939,9.728282700000001,-0.01937338591521076,2,-0.01602293143387888,-2.8145183798847655,3,-15.406976981033521
13.844,0.0703377,-0.23053500000000002,9.7656588,-0.01890440289471229,2,0.02931143878115436,-2.814824602195245,3,-15.452011724890161
13.859,0.0359046,-0.23053500000000002,9.716314500000001,-0.019415545001455925,2,-0.034076140449574306,-2.8151120018044664,3,-15.49423624942016
13.891,-0.0030411,-0.2814489,9.716314500000001,-0.01989166286284494,2,-0.014878683168406667,-2.815740917130295,3,-15.584329896123116
13.906,-0.0030411,-0.2499588,9.7417224,-0.019877293961830134,2,0.0009579267343203068,-2.8160391843064803,3,-15.626568246883894
13.922,0.0134397,-0.2499588,9.8091171,-0.01854200273238149,2,0.08345570184054012,-2.816346538680034,3,-15.671627332667786
13.937,0.058369500000000005,-0.32333760000000006,9.759674700000001,-0.018156556234528054,2,0.02569643319023118,-2.8166217778722857,3,-15.713874595041924
13.953,0.0823059,-0.32333760000000006,9.7986204,-0.017012089828849497,2,0.07152915035490974,-2.816903127040793,3,-15.758942794281229
13.969,0.09878670000000002,-0.2484873,9.7986204,-0.01592988324554412,2,0.0676379114565861,-2.817166662825388,3,-15.804015352600159
14.0,0.09878670000000002,-0.2484873,9.7895952,-0.015045795184750688,2,0.028518969703013364,-2.817646785841058,3,-15.89135496105449
14.016,0.058369500000000005,-0.2260224,9.714843,-0.015661382782649724,2,-0.03847422486868975,-2.817892443264797,3,-15.936439274887338
14.031,0.0643536,-0.2260224,9.7866522,-0.014856544367681579,2,0.053655894331207654,-2.8181213277184245,3,-15.978709378169713
14.047,0.0329616,-0.18864630000000002,9.7866522,-0.014086068998206969,2,0.0481547105921631,-2.8183528686253516,3,-16.023801171740462
14.062,0.0329616,-0.20208600000000002,9.7417224,-0.014206224306484216,2,-0.008010353885150494,-2.818565060825137,3,-16.06607805621134
14.078,0.11978010000000001,-0.20208600000000002,9.7627158,-0.013899165649602807,2,0.019191166055088065,-2.8187899039447855,3,-16.1111768959295
14.094,0.08534699999999999,-0.2664396,9.7627158,-0.013574950267001284,2,0.020263461412595146,-2.819009696872118,3,-16.156279292736034
14.109,0.08534699999999999,-0.19011780000000003,9.8734707,-0.011120897584024902,2,0.16360351219841926,-2.819194915731001,3,-16.198565827330558
14.125,0.08083440000000001,-0.19011780000000003,9.723770100000001,-0.011650361715931368,2,-0.03309150824415405,-2.8193770858054004,3,-16.24367440334285
14.141,0.0703377,-0.2754648,9.723770100000001,-0.012130993024301873,2,-0.03003945677315653,-2.8195673366433223,3,-16.288785958722443
14.156,0.0703377,-0.318825,9.7656588,-0.01175534568178449,2,0.025043156167824536,-2.819746484183618,3,-16.331080812378648
14.172,0.052385400000000006,-0.3307932,9.7552602,-0.011585247939112975,2,0.010631108916969714,-2.8199332089325853,3,-16.37619824992358
14.187,0.0643536,-0.3307932,9.7701714,-0.01112487971496634,2,0.030691214943111438,-2.820103534889991,3,-16.418498525502244
14.219,0.0554265,-0.2484873,9.803133,-0.01007634406862934,2,0.032766738948031254,-2.8204427544705286,3,-16.508747266132012
14.234,0.145188,-0.2484873,9.7552602,-0.00996864207836623,2,0.007180132684207017,-2.820593091866631,3,-16.55105503497954
14.266,0.08829,-0.2065986,9.7866522,-0.009280182504200596,2,0.021514361692676044,-2.820901073059952,3,-16.641318941618366
14.281,0.1032993,-0.2065986,9.7851807,-0.008631187129244822,2,0.04326635833038331,-2.821035408332203,3,-16.68363346522881
14.312,0.050913900000000005,-0.20355750000000003,9.7851807,-0.008004258485989624,2,0.020223504621136194,-2.821293257739239,3,-16.771089559552912
14.328,0.007455600000000001,-0.1646118,9.7417224,-0.008258529184301366,2,-0.0158919186444839,-2.8214233600406016,3,-16.81623129249515
14.344,0.031392,-0.1646118,9.728282700000001,-0.00877036300420464,2,-0.031989613743954565,-2.8215595911781097,3,-16.8613751561049
14.359,0.0733788,-0.3262806,9.728282700000001,-0.009187779818597974,2,-0.027827787626221234,-2.821694277249281,3,-16.903699560118106
14.375,0.0733788,-0.34128990000000003,9.8196138,-0.007797255821193616,2,0.0869077498377723,-2.821830157534399,3,-16.948847755596375
14.391,0.0898596,-0.34128990000000003,9.8405091,-0.006021864748593231,2,0.11096194203752398,-2.8219407104989576,3,-16.993997922540643
14.406,0.08083440000000001,-0.33824879999999996,9.8405091,-0.004284876671388105,2,0.11579920514700401,-2.8220180110596074,3,-17.036327612952334
14.422,0.08083440000000001,-0.2080701,9.7866522,-0.0037085151943134775,2,0.03602259231716417,-2.822081958194533,3,-17.081480412706366
14.437,0.11978010000000001,-0.2080701,9.7821396,-0.0032240859862380233,2,0.032295280538366215,-2.822133952703387,3,-17.123812032038096
14.453,0.0823059,-0.20355750000000003,9.7821396,-0.002758604298316314,2,0.029092605495106814,-2.8221818142256634,3,-17.16896655817353
14.469,0.0434583,-0.1990449,9.719257500000001,-0.0035416787695670138,2,-0.0489421544531687,-2.8222322164902063,3,-17.214121870419255
14.484,0.0434583,-0.2649681,9.6773688,-0.005099584877774177,2,-0.10386040721380695,-2.8222970259675613,3,-17.25645583973769
14.516,0.053856900000000006,-0.2649681,9.7627158,-0.004953095549460329,2,0.004577791509807745,-2.822457868854397,3,-17.34677191805484
14.531,0.0703377,-0.2140542,9.7627158,-0.004831907641273503,2,0.008079193879121436,-2.8225312563783276,3,-17.389109336494087
14.547,0.0703377,-0.2604555,9.747706500000001,-0.00498517984985547,2,-0.009579513036372935,-2.8226097930782568,3,-17.43427046488974
14.562,0.0359046,-0.2604555,9.731225700000001,-0.005462159955104795,2,-0.031798673683290896,-2.822688148126794,3,-17.476610199448775
14.578,0.0449298,-0.23200650000000003,9.731225700000001,-0.005943162812251046,2,-0.03006267857164066,-2.8227793907089325,3,-17.52177393975946
14.594,0.0449298,-0.2649681,9.777627,-0.005488752083413928,2,0.02840067055231985,-2.822870846028098,3,-17.566939141653357
14.609,0.0614106,-0.2649681,9.8405091,-0.003808986135013015,2,0.11198439656005663,-2.822940579064736,3,-17.609282727341554
14.625,0.04188870000000001,-0.3487455,9.8405091,-0.0021129667661217155,2,0.10600121055570612,-2.822987954687945,3,-17.654450155611578
14.641,0.10182780000000001,-0.2784078,9.743193900000001,-0.002392817000089309,2,-0.017490639622974577,-2.8230240009580747,3,-17.699618251256744
14.656,0.10182780000000001,-0.2889045,9.707289300000001,-0.003364853609326701,2,-0.06480244061582369,-2.8230671834876455,3,-17.741963935140088
14.672,0.10182780000000001,-0.2575125,9.8405091,-0.0017240415899344441,2,0.10255075121201597,-2.8231078946492394,3,-17.787133335765184
14.687,0.10182780000000001,-0.2604555,9.788123700000002,-0.0011406322126656931,2,0.03889395848458653,-2.823129379702759,3,-17.82948011532282
14.703,0.1122264,-0.2604555,9.8524773,0.0006948757163591779,2,0.11471924556405434,-2.8231329457547294,3,-17.87465021392648
14.719,0.08534699999999999,-0.20954160000000002,9.8524773,0.002465307215082646,2,0.11065196867021666,-2.823107664291278,3,-17.91982013880685
14.734,0.08534699999999999,-0.2604555,9.818044200000001,0.003549931267915696,2,0.07230827018886725,-2.823062550002655,3,-17.962166415414053
14.766,0.0718092,-0.2604555,9.7582032,0.003438258293510188,2,-0.0034897804501721166,-2.822950738969672,3,-18.05250262803761
14.781,-0.0119682,-0.2260224,9.7582032,0.0033069158793690434,2,-0.008756160942742638,-2.8229001501633757,3,-18.094846509706112
14.797,-0.0030411,-0.1781496,9.749178,0.0029816437685763475,2,-0.020329506924543477,-2.822849841686192,3,-18.140012509640908
14.828,0.007455600000000001,-0.2814489,9.774684,0.0032104347546795253,2,0.007380354390425376,-2.8227538644690817,3,-18.227519367086312
14.844,0.0614106,-0.38023560000000006,9.774684,0.003503986350823496,2,0.01834697475899814,-2.8227001491002377,3,-18.272682999194867
14.859,0.0614106,-0.3173535,9.8405091,0.0050378018319214846,2,0.1022543654065287,-2.8226360856888673,3,-18.31502302095579
14.875,0.0898596,-0.3173535,9.8255979,0.006253615498394538,2,0.07598835415456577,-2.822545754350225,3,-18.3601844756761
14.891,0.1406754,-0.2544714,9.8255979,0.007421412534259986,2,0.07298731474159041,-2.8224363541259634,3,-18.40534433254391
14.922,0.0373761,-0.2889045,9.708858900000001,0.00627864572844139,2,-0.036863445348986265,-2.8222240032228916,3,-18.49283656808282
14.937,0.0449298,-0.2738952,9.708858900000001,0.005150387368109577,2,-0.07521722402212692,-2.8221382854746673,3,-18.535169285248045
14.953,0.0344331,-0.173637,9.7103304,0.004026963823310581,2,-0.07021397154993719,-2.822064866665136,3,-18.580322910465163
14.984,0.052385400000000006,-0.21856680000000003,9.728282700000001,0.003296840886394037,2,-0.023552352803759044,-2.8219513476921354,3,-18.667805161787705
15.0,0.0464013,-0.2559429,9.728282700000001,0.0025983061655185935,2,-0.043658420054715166,-2.82190418651572,3,-18.71295600606137
15.016,0.0464013,-0.24103170000000002,9.746235,0.002257896715715191,2,-0.021275590612712652,-2.8218653368926705,3,-18.758106162248637
15.031,0.0777933,-0.24103170000000002,9.8016615,0.003014511879781523,2,0.050441010937753564,-2.821825793828204,3,-18.800433845729046
15.062,0.0703377,-0.3143124,9.8016615,0.0037958748912121365,2,0.025205258433246572,-2.8217202328332536,3,-18.887908809142296
15.078,0.0703377,-0.3023442,9.759674700000001,0.0037316826680307003,2,-0.004012013948839762,-2.8216600123727797,3,-18.933055851103944
15.094,0.052385400000000006,-0.31136939999999996,9.708858900000001,0.0026762337596881736,2,-0.06596555677140786,-2.821608749041358,3,-18.978202001195257
15.109,0.0763218,-0.2575125,9.752219100000001,0.0024635416551870293,2,-0.014179473633409082,-2.8215702007257466,3,-19.020525843318513
15.125,0.0763218,-0.287433,9.7536906,0.0023002440910886435,2,-0.010206097756149104,-2.8215320904397765,3,-19.065670661647836
15.141,0.09427410000000001,-0.287433,9.848062800000001,0.003992779874751662,2,0.10578348647893855,-2.82148174624805,3,-19.11081477234134
15.156,0.09427410000000001,-0.23200650000000003,9.848062800000001,0.005623478402508653,2,0.10871323518379526,-2.8214096243109705,3,-19.153136457620533
15.172,0.09427410000000001,-0.23799060000000002,9.8405091,0.0070769397114816,2,0.09084133181080914,-2.821308020966059,3,-19.19827819878275
15.187,0.145188,-0.23799060000000002,9.833053500000002,0.008367914346949945,2,0.08606497569789659,-2.8211921845606205,3,-19.240596950324196
15.203,0.0658251,-0.145188,9.833053500000002,0.009581438039274914,2,0.07584523077031051,-2.8210485897415305,3,-19.285734876518614
15.219,0.0658251,-0.1392039,9.7132734,0.008421132635190176,2,-0.07251908775529607,-2.8209045691761347,3,-19.330870501789956
15.234,0.0179523,-0.1392039,9.7372098,0.007748823000037319,2,-0.04482064234352209,-2.8207832945088707,3,-19.373183160767596
15.266,0.1032993,-0.2948886,9.707289300000001,0.00658176186067827,2,-0.03647066060497025,-2.820554005151099,3,-19.463444557562156
15.281,0.0777933,-0.3487455,9.707289300000001,0.005467910428915701,2,-0.0742567621175018,-2.820463632608927,3,-19.505752189845357
15.297,0.0777933,-0.2829204,9.8076456,0.006300811089239744,2,0.05205629127025264,-2.820369482836782,3,-19.55087885476892
15.312,0.11673900000000001,-0.2829204,9.723770100000001,0.005481139597049989,2,-0.05464476614598808,-2.8202811182066347,3,-19.593183734276742
15.328,0.1287072,-0.3592422,9.723770100000001,0.004729883746193764,2,-0.04695349067851402,-2.8201994300198887,3,-19.638307578662555
15.344,0.1287072,-0.2514303,9.877983300000002,0.006949550671949467,2,0.13872918285973135,-2.8201059945445435,3,-19.68343002205907
15.359,0.09584369999999999,-0.2514303,9.834525,0.008266567212382725,2,0.0878011026955472,-2.819991873660411,3,-19.72573075607061
15.375,0.0777933,-0.16912439999999998,9.834525,0.009520139424386898,2,0.07834826325026072,-2.819849580007317,3,-19.77084948769995
15.391,0.0777933,-0.24103170000000002,9.7507476,0.009136380768197228,2,-0.023984916011854353,-2.8197003278457764,3,-19.815965886962775
15.406,0.0868185,-0.24103170000000002,9.7222986,0.008204009510727417,2,-0.06215808383131836,-2.8195702749186844,3,-19.85826041648351
15.422,0.0628821,-0.2514303,9.735738300000001,0.0075549001031767204,2,-0.040569337971918494,-2.819444203641773,3,-19.903372532311995
15.437,-0.0059841,-0.20355750000000003,9.7387794,0.0069522622433240144,2,-0.04017585732351697,-2.8193353999241744,3,-19.945663379338736
15.469,0.0688662,-0.20355750000000003,9.7552602,0.0066892523782211555,2,-0.008219058284464335,-2.8191171356902296,3,-20.035878619908566
15.484,0.08377740000000002,-0.2934171,9.7552602,0.0064785504746982525,2,-0.014046793568192998,-2.819018377168833,3,-20.07816463625501
15.516,0.0703377,-0.3262806,9.7911648,0.006993957094799441,2,0.01610645687816213,-2.818802817047721,3,-20.168369775362475
15.531,0.031392,-0.33226469999999997,9.7911648,0.007499236554044941,2,0.033685297283032066,-2.8186941180953546,3,-20.21065100237605
15.547,0.031392,-0.23200650000000003,9.7297542,0.006734203430211139,2,-0.04781457023961262,-2.8185802505754807,3,-20.255749197325418
15.562,0.1272357,-0.23200650000000003,9.6758973,0.004943860085759866,2,-0.11935622296342781,-2.818492665099111,3,-20.298027244192973
15.578,0.031392,-0.21856680000000003,9.6354801,0.002374801045673891,2,-0.16056619000537328,-2.818434115810059,3,-20.343122658440247
15.594,0.028449,-0.24544620000000003,9.6354801,-0.00013137675066587917,2,-0.1566361122712355,-2.818416168415699,3,-20.388217460714053
15.609,0.028449,-0.1946304,9.7821396,0.0002639249689480039,2,0.02635344797425787,-2.818415174304062,3,-20.430493695784453
15.625,0.050913900000000005,-0.1946304,9.7552602,0.00012632682742008683,2,-0.008599883845494809,-2.818412052289691,3,-20.475588313597203
15.641,0.08534699999999999,-0.3143124,9.7552602,5.733174224786808e-05,2,-0.0043121928232636685,-2.8184105830211337,3,-20.52068289467969
15.656,0.08534699999999999,-0.21258269999999999,9.818044200000001,0.0011665653911165919,2,0.07394890992457878,-2.8184014037926333,3,-20.562958984580796
15.672,0.0329616,-0.21258269999999999,9.803133,0.0019555560110777748,2,0.04931191374757389,-2.8183764268214158,3,-20.60805320722571
15.687,0.0389457,-0.2274939,9.803133,0.0027360673496374943,2,0.05203408923731883,-2.81834123964621,3,-20.65032858972421
15.703,0.0389457,-0.2814489,9.764187300000001,0.0027654078426770923,2,0.0018337808149748707,-2.818297227844672,3,-20.695421697464138
15.734,0.056898,-0.2814489,9.7252416,0.0020325900440205658,2,-0.023639283827629445,-2.818222858877428,3,-20.782787758808333
15.75,0.0898596,-0.2754648,9.7567317,0.0019328374280718208,2,-0.006234538496796555,-2.818191135457651,3,-20.827879070763014
15.781,0.0898596,-0.33226469999999997,9.7701714,0.002133068173399977,2,0.006459056300908136,-2.818128113920828,3,-20.91524201912838
15.797,0.1631403,-0.33226469999999997,9.806076000000001,0.003051473341232125,2,0.05740032298950921,-2.818086637588711,3,-20.960331737140457
15.812,0.1526436,-0.2963601,9.806076000000001,0.003926007720504998,2,0.058302291951529576,-2.818034306480748,3,-21.002602644220975
15.828,0.1526436,-0.21856680000000003,9.8524773,0.00565285921319969,2,0.10792821829341816,-2.817957675545278,3,-21.047690580077184
15.844,0.1257642,-0.1526436,9.788123700000002,0.006052483102026329,2,0.024976493051664918,-2.8178640328067566,3,-21.092777153744
15.859,0.1257642,-0.1781496,9.6804099,0.004341214638913016,2,-0.11408456420754991,-2.8177860800736996,3,-21.135044529590605
15.875,0.0733788,-0.1781496,9.743193900000001,0.0038837541909231277,2,-0.02859127799936798,-2.8177202803230608,3,-21.180128580473777
15.891,-0.0239364,-0.1287072,9.699833700000001,0.002565035722058795,2,-0.08241990430402073,-2.817668690003757,3,-21.225211692236392
15.922,0.1078119,-0.2798793,9.7686999,0.002695429411915029,2,0.004206248059878441,-2.8175871527941805,3,-21.312558157799764
15.937,0.1122264,-0.2798793,9.8120601,0.0036740377866255614,2,0.06524055831404074,-2.8175393817901915,3,-21.354821606809143
15.953,0.0478728,-0.32932170000000005,9.8120601,0.004653248362926021,2,0.06120066101877869,-2.817472763500995,3,-21.399901703971473
15.969,0.0478728,-0.3847482,9.714843,0.0037480611404294706,2,-0.05657420140603437,-2.817405553024968,3,-21.44498073050368
16.0,0.1122264,-0.3847482,9.7447635,0.003457190956529743,2,-0.009382909158055546,-2.817293871617465,3,-21.532318571585638
16.016,0.059841000000000005,-0.33226469999999997,9.7447635,0.003125129661860626,2,-0.020753830916822102,-2.817241213052518,3,-21.57739485226299
16.031,0.059841000000000005,-0.2814489,9.7372098,0.0026201727532821906,2,-0.03366379390522776,-2.8171981232844043,3,-21.61965314728552
16.062,0.0673947,-0.2559429,9.7866522,0.003081391898293262,2,0.014878036935839882,-2.817109749032305,3,-21.706984919306436
16.078,0.0614106,-0.24397470000000002,9.7866522,0.0035268040688478663,2,0.02783826065966584,-2.8170568834645677,3,-21.752058252366407
16.094,0.0614106,-0.23799060000000002,9.803133,0.004283645630826172,2,0.04730259762363879,-2.8169943998669704,3,-21.797130662633066
16.109,0.1107549,-0.23799060000000002,9.7956774,0.004888004560909209,2,0.04029059533886765,-2.8169256124905324,3,-21.83938506272575
16.141,0.0449298,-0.1571562,9.752219100000001,0.004586294511062405,2,-0.009428439057713662,-2.816774023705381,3,-21.929524256904873
16.156,0.0658251,-0.1571562,9.6967926,0.003206199193728665,2,-0.09200635448891255,-2.816715580002595,3,-21.971775428932684
16.172,0.04188870000000001,-0.23347800000000002,9.6967926,0.001880694846628117,2,-0.08284402169377497,-2.816674884850272,3,-22.01684255265151
16.187,0.04188870000000001,-0.2784078,9.7132734,0.0009274424709193596,2,-0.06355015838058142,-2.8166538238203906,3,-22.059092517966544
16.203,0.020993400000000002,-0.2784078,9.704346300000001,-0.0001834131760034552,2,-0.06942847793268357,-2.8166478715860315,3,-22.104158931529792
16.219,0.0434583,-0.3053853,9.7821396,0.00026947327461535053,2,0.02830540316367219,-2.8166471831052426,3,-22.149225291967326
16.25,0.1212516,-0.2559429,9.7821396,0.000698513099955278,2,0.013839994365804645,-2.8166321793164366,3,-22.23654112208486
16.266,0.0748503,-0.344331,9.8046045,0.0016033758235121098,2,0.05655392022230822,-2.816613764205049,3,-22.281607089633024
16.281,0.09584369999999999,-0.2829204,9.8046045,0.002455581507726734,2,0.05681371228097279,-2.8165833220250645,3,-22.32385606777975
16.297,0.09584369999999999,-0.1781496,9.774684,0.002656239057262866,2,0.012541096846006834,-2.8165424274605444,3,-22.368921073775642
16.312,0.0868185,-0.1781496,9.716314500000001,0.001707045568139165,2,-0.06327956594157766,-2.816509702825854,3,-22.411168964752793
16.328,0.0389457,-0.2200383,9.716314500000001,0.000787216171142191,2,-0.0574893373123172,-2.81648974873194,3,-22.456232960365252
16.344,0.0389457,-0.24544620000000003,9.7582032,0.0007184324194628999,2,-0.004298984479955211,-2.816477703543215,3,-22.50129669998346
16.359,0.0014715,-0.2350476,9.7208271,-8.819356479250473e-05,2,-0.05377506561702494,-2.8164729767518053,3,-22.543543830085675
16.375,0.1107549,-0.2350476,9.723770100000001,-0.0008089527634389526,2,-0.045047449915407954,-2.816480153922431,3,-22.588607455131065
16.391,0.1212516,-0.2529999,9.723770100000001,-0.0015042946191208273,2,-0.043458865980121955,-2.8164986599014914,3,-22.63367128564165
16.406,0.1212516,-0.2934171,9.836094600000001,3.7535361688156854e-05,2,0.10278866538726171,-2.8165096605959223,3,-22.675918848045384
16.422,0.09584369999999999,-0.2934171,9.855518400000001,0.0019243100653145717,2,0.11792341897663773,-2.8164939658325063,3,-22.720982877056816
16.437,0.145188,-0.2080701,9.855518400000001,0.0037433567324036687,2,0.1212697778059352,-2.8164514583315237,3,-22.76322996773805
16.453,0.145188,-0.23200650000000003,9.7417224,0.0033067865634563987,2,-0.027285635559207384,-2.8163950571851566,3,-22.80829273986218
16.469,0.0868185,-0.23200650000000003,9.759674700000001,0.0032170452569229013,2,-0.005608831658342955,-2.8163428665305936,3,-22.853354643251908
16.5,0.0434583,-0.2679111,9.759674700000001,0.003141415486554777,2,-0.0024396700118750657,-2.8162443103890697,3,-22.94065974449416
16.516,0.0434583,-0.23200650000000003,9.7866522,0.0035780604310673425,2,0.027290309032038336,-2.8161905545817287,3,-22.98571922341392
16.531,0.0748503,-0.2604555,9.746235,0.003231703792453189,2,-0.023090442574276036,-2.8161394813500524,3,-23.02796169868341
16.547,0.0628821,-0.2604555,9.743193900000001,0.002830874044281728,2,-0.025051859260713488,-2.8160909807273584,3,-23.073019542380035
16.562,0.0628821,-0.2798793,9.743193900000001,0.002448460191176949,2,-0.02549425687365099,-2.8160513857205927,3,-23.115260610128395
16.578,0.0628821,-0.24103170000000002,9.7627158,0.0024358476760930614,2,-0.0007882821927430486,-2.8160123112576545,3,-23.160317119704217
16.594,0.0373761,-0.24103170000000002,9.806076000000001,0.00327085125202764,2,0.05218772349590532,-2.8159666576662294,3,-23.20537295145561
16.609,0.0763218,-0.290376,9.806076000000001,0.004120113545983628,2,0.056617486263730386,-2.8159112254302445,3,-23.247612035578836
16.625,0.0359046,-0.2889045,9.660888,0.0021017880525864285,2,-0.12614534333733887,-2.815861450217456,3,-23.292666216984014
16.641,0.09584369999999999,-0.2230794,9.660888,9.686107914319564e-05,2,-0.12530793584021585,-2.8158438610244025,3,-23.337719859473943
16.656,0.09584369999999999,-0.37268190000000007,9.6938496,-0.001132561234451046,2,-0.08196148757294634,-2.8158516287755675,3,-23.379957575647445
16.687,0.1272357,-0.24544620000000003,9.759674700000001,-0.0011201253704697933,2,0.0004011569026210255,-2.8158865454179436,3,-23.46724951734745
16.703,0.08083440000000001,-0.19610190000000002,9.8196138,3.5492261410752235e-05,2,0.07222610199254205,-2.815895222482816,3,-23.512303771490654
16.719,0.08083440000000001,-0.2575125,9.8016615,0.0008443816990482134,2,0.050555589852335665,-2.8158881834911322,3,-23.55735803873845
16.75,0.09133110000000001,-0.2575125,9.749178,0.0006105309652983948,2,-0.007543572056446051,-2.815865632344835,3,-23.644650222883904
16.766,0.0733788,-0.2365191,9.749178,0.0003678671656235366,2,-0.015166487479680307,-2.8158578051597876,3,-23.689704010383934
16.781,0.0733788,-0.1317483,9.7911648,0.0009143422660589096,2,0.036431673362356816,-2.81584818858905,3,-23.73194180533705
16.797,-0.050913900000000005,-0.1317483,9.6713847,-0.0009010754315319502,2,-0.11346360609941604,-2.815848082454374,3,-23.776995375505404
16.812,-0.0150093,-0.23200650000000003,9.6713847,-0.0026463337429483147,2,-0.11635055409441988,-2.8158746880231824,3,-23.819233296283986
16.828,-0.0150093,-0.31284090000000003,9.7297542,-0.0031688395521900503,2,-0.03265661307761207,-2.8159212094095434,3,-23.864287663463443
16.844,0.050913900000000005,-0.3053853,9.7956774,-0.002391396119374889,2,0.048590214550942146,-2.815965691294916,3,-23.909342758669084
16.875,0.0359046,-0.3053853,9.821085300000002,-0.001132550724811665,2,0.04060791595365395,-2.8160203124710006,3,-23.996638541727453
16.891,0.0823059,-0.36826739999999997,9.8151012,3.209559554839814e-05,2,0.07279039502251197,-2.8160291161120345,3,-24.041694937156112
16.906,0.1317483,-0.36826739999999997,9.777627,0.00045026562877836795,2,0.027878002215330263,-2.816025498402852,3,-24.083935346764974
16.922,0.0898596,-0.3173535,9.777627,0.0008159572084167621,2,0.022855723727397078,-2.8160153686201546,3,-24.128991673701165
16.937,0.0898596,-0.2080701,9.698362200000002,-0.000436863009241506,2,-0.08352134784388138,-2.8160125254136608,3,-24.17123188290642
16.953,0.0748503,-0.2080701,9.698362200000002,-0.0016676165469906579,2,-0.07692209610933046,-2.8160293612501106,3,-24.216288217999725
16.969,0.10928340000000002,-0.1870767,9.698362200000002,-0.0028762136205635613,2,-0.07553731709829802,-2.816065711891451,3,-24.261344978584862
17.0,0.08083440000000001,-0.1946304,9.698362200000002,-0.0040636649396681435,2,-0.038304881261439605,-2.8161732800091346,3,-24.348644682959318
17.016,0.08083440000000001,-0.205029,9.8076456,-0.003081367933818413,2,0.06139356286561491,-2.8162304402721223,3,-24.393703912721563
17.031,0.0673947,-0.2260224,9.7806681,-0.0026400964399702076,2,0.029418099589879246,-2.816273351254926,3,-24.435947691158017
17.047,0.0673947,-0.29783160000000003,9.856989900000002,-0.0006740023208458013,2,0.12288088244526164,-2.8162998640450123,3,-24.48100827688042
17.062,0.0389457,-0.29783160000000003,9.7656588,-0.000539433886320495,2,0.008971228968353407,-2.816308964816566,3,-24.523252843096884
17.078,0.0254079,-0.3218661,9.7656588,-0.0003934333582353844,2,0.00912503300532042,-2.8163164277545225,3,-24.568313846237448
17.109,0.0239364,-0.3023442,9.728282700000001,-0.0009951058428256943,2,-0.01940878982549239,-2.816337950112139,3,-24.655619989094387
17.125,0.0823059,-0.33981839999999996,9.728282700000001,-0.0015544969132683661,2,-0.034961941902670844,-2.8163583469341877,3,-24.700681559470752
17.141,0.0823059,-0.2814489,9.719257500000001,-0.0023163287503145114,2,-0.04761448981538932,-2.8163893135394966,3,-24.745743540754535
17.156,0.0718092,-0.2649681,9.8495343,-0.0005204916184684549,2,0.11972247545639922,-2.8164105896922624,3,-24.787989540028775
17.172,0.0554265,-0.2649681,9.735738300000001,-0.0009923830347347007,2,-0.02949321351663706,-2.816422692689488,3,-24.833052206287835
17.187,0.09584369999999999,-0.24397470000000002,9.735738300000001,-0.001459622486466472,2,-0.031149296782116906,-2.816441082730897,3,-24.87529868460349
17.219,0.09584369999999999,-0.2065986,9.783611100000002,-0.000996226727830063,2,0.01448111745738777,-2.8164803763183257,3,-24.965425427948276
17.234,0.10928340000000002,-0.2065986,9.686394000000002,-0.0024448238550558443,2,-0.09657314181504843,-2.8165061841976975,3,-25.00767282715215
17.25,0.0673947,-0.20954160000000002,9.686394000000002,-0.0038712664526823204,2,-0.08915266235166458,-2.816556712920159,3,-25.052737330329087
17.266,0.0673947,-0.16912439999999998,9.7058178,-0.0049044348307134555,2,-0.06457302362695305,-2.8166269185304262,3,-25.097802799380688
17.281,0.0928026,-0.16912439999999998,9.7507476,-0.005032431048370256,2,-0.008533081177119716,-2.8167014450245196,3,-25.140052762107352
17.297,0.0718092,-0.3023442,9.7507476,-0.005098261654143954,2,-0.00411441286085566,-2.8167824905661396,3,-25.18512063359208
17.312,0.113796,-0.3083283,9.7627158,-0.004916760369109596,2,0.012100085668956729,-2.816857603231314,3,-25.227372934295563
17.344,0.1317483,-0.2709522,9.851005800000001,-0.0030257647896299034,2,0.05909361185874035,-2.8169846836338537,3,-25.317514410885405
17.359,0.1107549,-0.21709530000000002,9.851005800000001,-0.0012030612094253712,2,0.12151357201363087,-2.8170163998288467,3,-25.35976941901138
17.375,0.1107549,-0.23200650000000003,9.777627,-0.000847741036675842,2,0.02220751079684802,-2.8170328062468153,3,-25.404841812659978
17.391,0.0763218,-0.23200650000000003,9.747706500000001,-0.0010923377201645934,2,-0.015287292718048648,-2.8170483268768702,3,-25.449914461724962
17.406,0.029920500000000003,-0.1870767,9.747706500000001,-0.0013560285094502689,2,-0.017579385952377697,-2.8170666896235925,3,-25.492170324348717
17.422,0.029920500000000003,-0.23053500000000002,9.7342668,-0.0018597483687372574,2,-0.031482491205433255,-2.817092415838618,3,-25.53724359719242
17.437,0.0658251,-0.23053500000000002,9.740250900000001,-0.0022328303357728174,2,-0.024872131135703062,-2.8171231101789016,3,-25.57950021363755
17.469,0.0464013,-0.2230794,9.7866522,-0.0016946117963740903,2,0.016819329356210208,-2.817185949253016,3,-25.669649158588463
17.5,0.1497006,-0.3098979,9.7582032,-0.0016578072240953645,2,0.0011872442670557168,-2.8172379117478332,3,-25.75698272843397
17.516,0.1002582,-0.3847482,9.7582032,-0.0015819315842566795,2,0.0047422274899183384,-2.8172638296583,3,-25.802058742365215
17.531,0.1002582,-0.2260224,9.8105886,-0.0005780500700574009,2,0.06692543427994936,-2.8172800295207074,3,-25.84431782130906
17.547,0.1332198,-0.2260224,9.707289300000001,-0.0016109094011191871,2,-0.0645537081913544,-2.817297541196477,3,-25.8893944418748
17.562,0.08829,-0.261927,9.707289300000001,-0.0026158769656117187,2,-0.0669978376328329,-2.8173292420942273,3,-25.93165414274948
17.578,0.08829,-0.2604555,9.6623595,-0.0044825368045966485,2,-0.11666623993657096,-2.817386029404389,3,-25.976731864921465
17.594,0.08083440000000001,-0.2604555,9.740250900000001,-0.004787195093690855,2,-0.01904114306838576,-2.8174601872595755,3,-26.02181063465478
17.609,0.056898,-0.20208600000000002,9.740250900000001,-0.005116363346774122,2,-0.021944550205550327,-2.817534463947879,3,-26.064073094538838
17.625,0.09133110000000001,-0.2649681,9.7507476,-0.005198657261258788,2,-0.005143369655292174,-2.8176169841127434,3,-26.10915430612332
17.641,0.09133110000000001,-0.24397470000000002,9.776155500000002,-0.004792059270103621,2,0.025412374447200705,-2.817696909844994,3,-26.154236817274978
17.656,0.0928026,-0.24397470000000002,9.7732125,-0.004450847480240938,2,0.022747452657511352,-2.817766231645622,3,-26.19650279083616
17.687,0.050913900000000005,-0.1930608,9.7732125,-0.0041446782165159846,2,0.009876427862094524,-2.817899462293922,3,-26.283855609092228
17.703,0.050913900000000005,-0.2080701,9.743193900000001,-0.004426932249691262,2,-0.017640877073456795,-2.8179680351776515,3,-26.328942549071996
17.719,-0.0150093,-0.2080701,9.6713847,-0.006113731535705824,2,-0.10542495537589833,-2.818052360487935,3,-26.374030712237325
17.75,0.09584369999999999,-0.35178660000000006,9.716314500000001,-0.006796498259918238,2,-0.022024733039110962,-2.818252469049767,3,-26.461393437095154
17.766,0.08083440000000001,-0.35178660000000006,9.759674700000001,-0.006618934723226388,2,0.011097721043241806,-2.818359792513632,3,-26.506486335187656
17.781,0.11978010000000001,-0.34580249999999996,9.759674700000001,-0.006441200231146027,2,0.011848966138690312,-2.81845774352579,3,-26.548762466707952
17.797,0.056898,-0.2829204,9.821085300000002,-0.005114190026041854,2,0.08293813781900154,-2.8185501866478475,3,-26.593858530149348
17.828,0.1646118,-0.24544620000000003,9.8240283,-0.0037514691868700822,2,0.043958736747478196,-2.8186876043656475,3,-26.681235715910052
17.844,0.049442400000000004,-0.2006145,9.8240283,-0.0024600121316193935,2,0.08071606595315901,-2.818737296216195,3,-26.72633511511471
17.859,0.0748503,-0.2006145,9.686394000000002,-0.0038887887998075854,2,-0.09525177787920919,-2.818784912223181,3,-26.76861653167801
17.875,0.0763218,-0.23200650000000003,9.686394000000002,-0.005275583397715167,2,-0.08667466236923338,-2.818858227200761,3,-26.813717676793395
17.891,0.0763218,-0.24701580000000004,9.7552602,-0.005278071058629763,2,-0.00015547880716228527,-2.8189426564364117,3,-26.858820083862486
17.906,0.0614106,-0.24701580000000004,9.7672284,-0.005047982383150185,2,0.015339245031971309,-2.819020101837225,3,-26.90110480454954
17.922,0.08377740000000002,-0.21101310000000004,9.7672284,-0.0048356938363003366,2,0.013268034178114022,-2.8190991712469806,3,-26.94620975873422
17.953,0.0793629,-0.2858634,9.7911648,-0.004121847661394895,2,0.023027295964692548,-2.819238013140195,3,-27.033603985092217
17.969,0.0793629,-0.3202965,9.8016615,-0.0031954090504004995,2,0.057902413187143245,-2.819296551193889,3,-27.078712261606896
17.984,0.0688662,-0.3202965,9.7342668,-0.0036094133532831307,2,-0.027600286858841038,-2.819347587361917,3,-27.121002092646066
18.0,0.053856900000000006,-0.31284090000000003,9.7342668,-0.004021905664014724,2,-0.02578076942072744,-2.8194086379140555,3,-27.16611214244827
18.016,0.053856900000000006,-0.23053500000000002,9.714843,-0.004852080341720466,2,-0.051885917356614575,-2.8194796298021014,3,-27.211223248589995
18.031,0.0793629,-0.23053500000000002,9.7342668,-0.0052818098966564975,2,-0.02864863699573434,-2.819555633978889,3,-27.253516013068353
18.047,0.0389457,-0.2394621,9.7342668,-0.005703703382131664,2,-0.02636834284219496,-2.8196435180851194,3,-27.29862960628487
18.062,0.0389457,-0.2140542,9.7567317,-0.0056885480412205425,2,0.0010103560607414006,-2.8197289599707944,3,-27.34092489987029
18.078,0.0928026,-0.2140542,9.821085300000002,-0.004405084841033968,2,0.08021645001166973,-2.8198097090338523,3,-27.386041209222324
18.094,0.1002582,-0.2754648,9.821085300000002,-0.0031153530329390833,2,0.08060823800592129,-2.8198698725368443,3,-27.431158645874895
18.109,0.049442400000000004,-0.24701580000000004,9.8196138,-0.0019021767902209774,2,0.08087841618120399,-2.819907504010518,3,-27.473456976199003
18.125,0.049442400000000004,-0.2814489,9.7552602,-0.00195592536600131,2,-0.003359285986271147,-2.8199383688277675,3,-27.518575743181703
18.141,0.0150093,-0.2814489,9.8136297,-0.000866823994261523,2,0.06806883573374417,-2.8199609508226495,3,-27.5636949377389
18.156,0.052385400000000006,-0.1631403,9.8136297,0.0001509063385487508,2,0.06784868885401568,-2.8199663202050673,3,-27.60599439227161
18.172,0.052385400000000006,-0.31284090000000003,9.7103304,-0.000804566685287611,2,-0.05971706398976593,-2.8199715494878412,3,-27.65111389522916
18.187,0.0628821,-0.31284090000000003,9.740250900000001,-0.00115372308429329,2,-0.023277093267044382,-2.819986236661113,3,-27.69341357862528
18.219,0.031392,-0.32932170000000005,9.7851807,-0.0006079019916285233,2,0.017056909145773944,-2.820014422662328,3,-27.783653589174452
18.234,0.0658251,-0.32932170000000005,9.7911648,4.783497106508605e-05,2,0.043715797512905635,-2.820018623164982,3,-27.825953837018158
18.266,0.0748503,-0.2754648,9.7612443,7.2960587916171e-05,2,0.000785175526596491,-2.8200166904360384,3,-27.916194402035764
18.281,0.0748503,-0.1781496,9.7672284,0.000170583108573652,2,0.00650816804383182,-2.8200148638583147,3,-27.958494638692972
18.297,0.053856900000000006,-0.1781496,9.7297542,-0.00047107454178529906,2,-0.04010360314742995,-2.8200172677897806,3,-28.00361489574616
18.312,0.0254079,-0.21856680000000003,9.7297542,-0.0010862695170903436,2,-0.04101299835366808,-2.820028947870222,3,-28.045915242363613
18.328,0.0254079,-0.205029,9.689337,-0.002487493504206739,2,-0.08757649919478437,-2.8200575379743924,3,-28.091035934250364
18.344,0.0703377,-0.205029,9.7417224,-0.0028299816878032402,2,-0.02140551147477892,-2.8201000777759284,3,-28.13615719517637
18.359,0.04041720000000001,-0.20954160000000002,9.7417224,-0.0031672063272925044,2,-0.02248164263261676,-2.8201450566860418,3,-28.178459033684838
18.375,0.04041720000000001,-0.1990449,9.7208271,-0.003911756479608286,2,-0.04653438451974148,-2.820201688388497,3,-28.22358180764543
18.391,0.0733788,-0.1990449,9.7956774,-0.003170619263908492,2,0.046321075981242237,-2.820258347394445,3,-28.26870548793169
18.406,0.0777933,-0.3083283,9.7956774,-0.002387873474118507,2,0.052183052652663674,-2.8203000360899804,3,-28.311009675807824
18.422,0.0763218,-0.1946304,9.8016615,-0.0015606058225170472,2,0.051704228225085455,-2.8203316239243534,3,-28.356134729087945
18.437,0.0763218,-0.1781496,9.806076000000001,-0.0006691610205784571,2,0.05942965346257042,-2.8203483471756767,3,-28.398439828871197
18.453,0.0179523,-0.1781496,9.7552602,-0.0007969173695787646,2,-0.0079847718125201,-2.820360075802798,3,-28.44356549625502
18.484,0.0478728,-0.2544714,9.7552602,-0.0008870153823536953,2,-0.0029063875088685106,-2.8203861767604526,3,-28.530997063169757
18.5,0.0478728,-0.2679111,9.7582032,-0.0009106102512923542,2,-0.0014746793086663449,-2.8204005577655216,3,-28.576123357045958
18.516,0.0134397,-0.2679111,9.6804099,-0.0024606409219831704,2,-0.09687691691818669,-2.820427527774908,3,-28.621249981730276
18.547,-0.031392,-0.23799060000000002,9.7552602,-0.0025275833210312015,2,-0.0021594322273556783,-2.8205048452506745,3,-28.70868443351218
18.562,0.1002582,-0.23799060000000002,9.7866522,-0.0019687900885827503,2,0.037252882163228675,-2.8205385680512465,3,-28.750992259111946
18.578,0.1406754,-0.2604555,9.7866522,-0.001399989683115166,2,0.03555002534172794,-2.82056551828942,3,-28.796121091802668
18.594,0.0928026,-0.21101310000000004,9.8255979,-0.00011344791532152954,2,0.08040886048709328,-2.8205776257902073,3,-28.84125023695531
18.609,0.04041720000000001,-0.21552570000000001,9.6654006,-0.0019975025753549147,2,-0.12560364400222093,-2.8205934579188874,3,-28.88355902008313
18.625,0.0718092,-0.2679111,9.6654006,-0.003815363291018059,2,-0.11361629472895904,-2.8206399608458184,3,-28.928688887433243
18.641,0.0718092,-0.3592422,9.6219423,-0.006391022311582617,2,-0.1609786887853026,-2.8207216119306393,3,-28.97381978001545
18.656,0.08377740000000002,-0.3592422,9.7686999,-0.006038762959851951,2,0.02348395678204351,-2.820814835320175,3,-29.016131303369832
18.672,0.1272357,-0.2769363,9.7686999,-0.0057367313789775665,2,0.01887697380464692,-2.820909039274886,3,-29.061265094366597
18.687,0.1272357,-0.24103170000000002,9.7866522,-0.005107409100977733,2,0.041954818533320615,-2.8209903703284858,3,-29.103579339938623
18.719,0.1466595,-0.24103170000000002,9.7866522,-0.004485099141634308,2,0.019447186229482032,-2.8211438504603676,3,-29.193853487471245
18.734,0.1107549,-0.2664396,9.7866522,-0.003871335030110501,2,0.04091760743491891,-2.821206523716656,3,-29.236171115277575
18.75,0.0823059,-0.19757340000000004,9.783611100000002,-0.003366721307822118,2,0.031538357643027405,-2.8212644281673596,3,-29.28131088289264
18.766,0.0823059,-0.173637,9.8136297,-0.00229241708309047,2,0.0671440140457354,-2.8213097012744868,3,-29.32645147592817
18.797,0.0164808,-0.2215098,9.686394000000002,-0.003720949022294917,2,-0.04608167545820446,-2.8214029084491203,3,-29.41391352137889
18.828,0.056898,-0.20208600000000002,9.783611100000002,-0.003221020611816172,2,0.016126722918669813,-2.821510508978449,3,-29.501378679349013
18.844,0.11821050000000001,-0.23799060000000002,9.783611100000002,-0.002704310476751459,2,0.032294383441540946,-2.8215579116271576,3,-29.546523226713862
18.859,0.11821050000000001,-0.3173535,9.8689581,-0.0004811104598303473,2,0.14821333446140184,-2.821581802284182,3,-29.5888467745682
18.875,0.1287072,-0.3173535,9.818044200000001,0.0007033624667975857,2,0.07402955791425396,-2.821580024268126,3,-29.633992069180614
18.891,0.0823059,-0.2484873,9.818044200000001,0.0018159454267046016,2,0.06953643499419615,-2.821559869804978,3,-29.679137188333193
18.906,0.113796,-0.290376,9.8136297,0.0028488917343629794,2,0.06886308717722257,-2.82152488352627,3,-29.72146032398318
18.922,0.113796,-0.2784078,9.7507476,0.002622386952344513,2,-0.014156548876152556,-2.8214811132967763,3,-29.76660437195777
18.937,0.0673947,-0.2784078,9.7013052,0.0014228353036624952,2,-0.07997010991213149,-2.8214507741298562,3,-29.80892636111347
18.953,0.0389457,-0.2948886,9.7013052,0.000253292383437298,2,-0.07309643251408288,-2.8214373651083595,3,-29.854069466227372
18.969,0.0389457,-0.2889045,9.708858900000001,-0.0007488021336818917,2,-0.06263090731994235,-2.8214413291863614,3,-29.899212495781736
18.984,0.0389457,-0.2889045,9.7372098,-0.0011755974287179782,2,-0.028453019669071353,-2.8214557621830796,3,-29.941534223967007
19.0,0.1362609,-0.20355750000000003,9.7372098,-0.001619165610806661,2,-0.027723011380545726,-2.821478120287396,3,-29.986677695026767
19.031,0.0554265,-0.24544620000000003,9.7627158,-0.0015507503385130406,2,0.002206944267536228,-2.8215272539846104,3,-30.07414427832798
19.047,0.0733788,-0.23053500000000002,9.7627158,-0.0014884803031751659,2,0.0038918772086167317,-2.821551567829744,3,-30.1192889089025
19.062,0.09133110000000001,-0.18109260000000002,9.714843,-0.0023833738923340064,2,-0.05965957261058711,-2.82158060673621,3,-30.161612400211748
19.078,0.09133110000000001,-0.2918475,9.7013052,-0.0034731941272028166,2,-0.06811376467930814,-2.8216274592803665,3,-30.206758064739876
19.094,0.0329616,-0.2918475,9.749178,-0.003610718898192644,2,-0.008595298186863259,-2.8216841305845697,3,-30.2519045574588
19.109,0.0194238,-0.2829204,9.749178,-0.0037514175193127386,2,-0.009379908074672608,-2.8217393466077008,3,-30.294230233537743
19.125,0.0194238,-0.2664396,9.6519609,-0.005803953633630954,2,-0.12828350714490258,-2.8218157895769242,3,-30.339378674627216
19.141,0.0777933,-0.2664396,9.833053500000002,-0.004261087408639952,2,0.09642913906194824,-2.8218963099052625,3,-30.38452837142307
19.156,0.08534699999999999,-0.31136939999999996,9.833053500000002,-0.0027213735697664276,2,0.10264758925823106,-2.8219486783626007,3,-30.42685720883508
19.172,0.08534699999999999,-0.3307932,9.8225568,-0.0014051144236688629,2,0.0822661966310886,-2.821981690266548,3,-30.47200865178412
19.203,0.09427410000000001,-0.3307932,9.806076000000001,-0.000436019458577519,2,0.03126112790617359,-2.822010227841723,3,-30.559490526514793
19.219,0.10477080000000001,-0.18413369999999998,9.806076000000001,0.00044069129690704756,2,0.054794422217779276,-2.8220101904670165,3,-30.60464268986127
19.234,0.10182780000000001,-0.2709522,9.806076000000001,0.001339091950450566,2,0.05989337690289896,-2.8219968420926613,3,-30.646972742605467
19.25,0.10182780000000001,-0.290376,9.6773688,-0.0002916399035868267,2,-0.10192074087734827,-2.8219884624762863,3,-30.692124625042013
19.266,0.0329616,-0.290376,9.719257500000001,-0.001078821511205419,2,-0.049198850476167434,-2.8219994261676047,3,-30.73727652815116
19.281,0.0658251,-0.20954160000000002,9.719257500000001,-0.0018880427305614234,2,-0.05394808129039825,-2.822021677649418,3,-30.77960668642979
19.297,0.0658251,-0.2889045,9.7612443,-0.001818618601014066,2,0.004339008096709354,-2.8220513309400705,3,-30.82475927049851
19.312,0.0389457,-0.2889045,9.845021700000002,-0.0001114146686340689,2,0.11381359549199549,-2.822065806189593,3,-30.867090149026986
19.328,0.0614106,-0.3338343,9.764187300000001,8.367716452184482e-06,2,0.007486399067891661,-2.8220666305652107,3,-30.91224320852102
19.344,0.0763218,-0.3338343,9.8076456,0.0009794645453720108,2,0.06069355180748235,-2.822058727907116,3,-30.957396211388804
19.359,0.08083440000000001,-0.30685680000000004,9.851005800000001,0.0027647181645491514,2,0.1190169079451382,-2.8220306465367915,3,-30.999726881697136
19.391,0.1122264,-0.3143124,9.851005800000001,0.004525601652899169,2,0.05502760901094412,-2.8219140014197124,3,-31.09002999606443
19.406,0.0614106,-0.33824879999999996,9.7552602,0.004382506625312033,2,-0.009539668505808757,-2.8218471906076257,3,-31.132358205004635
19.422,0.031392,-0.2006145,9.7552602,0.00416491401778174,2,-0.013599537970641761,-2.821778811242481,3,-31.177507213019442
19.437,0.031392,-0.20355750000000003,9.683352900000001,0.002543152500456003,2,-0.10811743448837838,-2.821728500743594,3,-31.21983351785934
19.469,0.09878670000000002,-0.20355750000000003,9.8285409,0.003808128778164388,2,0.039530508678387,-2.821626880243136,3,-31.310127203955126
19.484,0.04188870000000001,-0.2679111,9.8285409,0.005070575013425227,2,0.08416308235071941,-2.8215602899646988,3,-31.352451107731685
19.5,0.04188870000000001,-0.21709530000000002,9.8046045,0.005814468757240121,2,0.046493358988436,-2.8214732096145334,3,-31.397595375728315
19.516,0.0793629,-0.21709530000000002,9.743193900000001,0.00534452581241851,2,-0.02937143405135391,-2.821383937657976,3,-31.44273823290649
19.531,0.0898596,-0.2843919,9.803133,0.0060942596957058726,2,0.049982258885822264,-2.821298146766665,3,-31.485058348539674
19.547,0.0179523,-0.3367773,9.803133,0.00685406958183421,2,0.04748811788301578,-2.8211945601324446,3,-31.53019829019487
19.562,0.0179523,-0.30685680000000004,9.6654006,0.0048804424560575654,2,-0.13157514171843798,-2.8211065512921603,3,-31.572515548530557
19.578,0.0254079,-0.30685680000000004,9.6713847,0.003063117482472677,2,-0.11358281084906803,-2.821043002812652,3,-31.61765274496339
19.594,0.053856900000000006,-0.2889045,9.6713847,0.0012728745248882234,2,-0.11189018484901583,-2.8210083148765928,3,-31.66278915550491
19.609,0.053856900000000006,-0.2769363,9.831582000000001,0.002650682172550489,2,0.09185384317748091,-2.820978888201362,3,-31.705104059527997
19.625,0.059841000000000005,-0.2769363,9.7507476,0.0024178271276742436,2,-0.014553440304766956,-2.8209383401269603,3,-31.75023939735462
19.641,0.1107549,-0.2575125,9.7507476,0.0021878340103835825,2,-0.014374569830667901,-2.8209014948378557,3,-31.79537411603433
19.656,0.1107549,-0.173637,9.821085300000002,0.003304867287011959,2,0.07446888510855561,-2.820860299578125,3,-31.837687329492454
19.687,0.0554265,-0.2425032,9.7582032,0.0031868376414703192,2,-0.0038074079206977633,-2.8207596781517337,3,-31.925132439147273
19.703,0.1377324,-0.2425032,9.7821396,0.0035562391338199717,2,0.023087593271855823,-2.8207057335375314,3,-31.97026416244078
19.719,0.0254079,-0.16765290000000002,9.7821396,0.003869277004655558,2,0.019564866927221956,-2.8206463294084236,3,-32.01539497894436
19.734,0.0373761,-0.2604555,9.702776700000001,0.0026611695689080506,2,-0.08054049571649745,-2.820597351059122,3,-32.05770430654786
19.766,0.0928026,-0.20954160000000002,9.702776700000001,0.0014598677037653829,2,-0.0375406832857125,-2.820531414462759,3,-32.1479623667962
19.781,0.10928340000000002,-0.3278502,9.8405091,0.0030486438898300605,2,0.10591841240430783,-2.8204976006258073,3,-32.19027008440936
19.797,0.173637,-0.3592422,9.8405091,0.0046458673871949685,2,0.09982646858529558,-2.820436044535591,3,-32.23539755357066
19.812,0.173637,-0.2754648,9.8046045,0.005455207375758775,2,0.053955999237585046,-2.820360286474869,3,-32.27770352605324
19.828,0.1287072,-0.23200650000000003,9.8824959,0.0077397865462423,2,0.14278619815523605,-2.820254726523493,3,-32.32282844615722
19.844,0.028449,-0.23200650000000003,9.7372098,0.007116005453227103,2,-0.03898631831344542,-2.8201358801874976,3,-32.36795157101091
19.859,0.0389457,-0.2260224,9.7372098,0.006502408540185911,2,-0.040906460869411264,-2.820033742082547,3,-32.41025284317794
19.875,0.0389457,-0.2140542,9.704346300000001,0.0052513203130644115,2,-0.07819301419510234,-2.819939712251721,3,-32.45537263081261
19.891,0.0164808,-0.2140542,9.7222986,0.004375425545896761,2,-0.05474342294798421,-2.819862698284849,3,-32.5004910500969
19.906,0.0179523,-0.2394621,9.7222986,0.003528372714866279,2,-0.05647018873536329,-2.8198034197978936,3,-32.54278854598252
19.922,0.0179523,-0.2290635,9.7327953,0.0028987775416897676,2,-0.03934969832352756,-2.819752002595841,3,-32.587904989361675
19.937,0.0359046,-0.2290635,9.774684,0.003103616111310714,2,0.013655904641395916,-2.8197069846434437,3,-32.63020093176597
19.969,0.0733788,-0.2679111,9.774684,0.003327901778209963,2,0.007008927090601518,-2.8196040803572116,3,-32.72042990880598
19.984,0.0733788,-0.318825,9.7851807,0.003783440218160905,2,0.030369229330061656,-2.8195507452922386,3,-32.76272356999836
20.0,0.08534699999999999,-0.3218661,9.8824959,0.006140947923595874,2,0.1473442315897018,-2.8194713501871047,3,-32.80783574676219
20.016,0.04188870000000001,-0.3218661,9.743193900000001,0.005716828834623655,2,-0.02650744306076661,-2.819376487973039,3,-32.85294652946747
20.031,0.09878670000000002,-0.2769363,9.743193900000001,0.005282017682047169,2,-0.02898741017176466,-2.819293996624164,3,-32.89523655810195
20.047,0.09878670000000002,-0.21552570000000001,9.731225700000001,0.004590711725548147,2,-0.04320662228118404,-2.8192150147889032,3,-32.94034463019326
20.062,0.0688662,-0.318825,9.6967926,0.0032887172436648626,2,-0.08679963212554898,-2.819155919071634,3,-32.98263241219721
20.094,0.0688662,-0.24544620000000003,9.7686999,0.003379871798912859,2,0.0028485798514998857,-2.819049221646953,3,-33.07284369444871
20.109,0.09133110000000001,-0.24544620000000003,9.8196138,0.004470804603894152,2,0.07272885366541676,-2.8189903415739317,3,-33.11512899117287
20.125,0.08534699999999999,-0.3039138,9.8196138,0.005571345913322645,2,0.0687838318392884,-2.818910004369794,3,-33.16023219394041
20.141,0.08534699999999999,-0.2754648,9.7672284,0.005607139711829134,2,0.00223711240665583,-2.818820576484793,3,-33.20533403858724
20.156,-0.0090252,-0.1930608,9.735738300000001,0.004978931343519122,2,-0.04188055788733259,-2.8187411809518776,3,-33.247615751768016
20.172,-0.0254079,-0.1930608,9.8016615,0.00565596376062949,2,0.042314526069393274,-2.8186561017910443,3,-33.292714930029966
20.187,0.04041720000000001,-0.205029,9.8016615,0.0063254735445319454,2,0.044633985593495344,-2.8185662410112555,3,-33.33499409760098
20.219,0.0928026,-0.1287072,9.8255979,0.007432641997407785,2,0.03459901415236996,-2.8183461111625845,3,-33.425184695235764
20.234,0.0359046,-0.2575125,9.8255979,0.00856042146892122,2,0.0751852981008928,-2.818226163186587,3,-33.467458987293384
20.25,0.0359046,-0.2963601,9.788123700000002,0.008953100032048411,2,0.02454241019545215,-2.818086055014579,3,-33.51254948503899
20.266,0.13469129999999999,-0.2963601,9.8105886,0.009795195620414532,2,0.05263097427288834,-2.8179360686493595,3,-33.55763766202829
20.281,0.08377740000000002,-0.2499588,9.8105886,0.01058434791667473,2,0.05261015308401122,-2.817783222072831,3,-33.59990555670871
20.297,0.11821050000000001,-0.2724237,9.8704296,0.012549515645282838,2,0.12282298303799302,-2.8175981511643355,3,-33.644988607694614
20.312,0.11821050000000001,-0.2889045,9.776155500000002,0.012637755935463346,2,0.0058826860120336395,-2.81740924662748,3,-33.687251163178054
20.328,0.0703377,-0.2889045,9.8764137,0.014680166075223156,2,0.12765063373500216,-2.8171907032513945,3,-33.73232796277708
20.344,0.0748503,-0.2709522,9.8764137,0.016673206379456573,2,0.12456501901457467,-2.816939876271757,3,-33.77740100741327
20.375,0.1122264,-0.2664396,9.8464932,0.01804527470605244,2,0.044260268599868334,-2.8164017398149315,3,-33.86471780246261
20.391,0.0688662,-0.2260224,9.8464932,0.019362813519597566,2,0.08234617584657951,-2.816102475109126,3,-33.909777836181995
20.406,0.0688662,-0.2679111,9.8136297,0.020030984620650116,2,0.044544740070168336,-2.8158070216230744,3,-33.95201715740749
20.422,0.0643536,-0.2679111,9.907903800000001,0.02253324453337946,2,0.15639124454556644,-2.815466507789842,3,-33.9970673456428
20.453,0.0763218,-0.2514303,9.907903800000001,0.024979639663873954,2,0.07891597195143833,-2.8147300580847845,3,-34.08433539241385
20.469,0.0928026,-0.2963601,9.856989900000002,0.02640734749724416,2,0.08923173958562791,-2.8143189621874956,3,-34.12936778457603
20.484,0.0928026,-0.2634966,9.8764137,0.02816947573126427,2,0.11747521560133625,-2.813909636013282,3,-34.17157949906254
20.5,0.0763218,-0.2634966,9.871999200000001,0.02980776123335005,2,0.10239284388037247,-2.813445818117565,3,-34.21659834269558
20.516,0.0373761,-0.2274939,9.871999200000001,0.03139197812675043,2,0.09901355583753471,-2.8129562202026843,3,-34.26160955900214
20.531,0.059841000000000005,-0.2829204,9.961760700000001,0.034734667202597436,2,0.2228459383897919,-2.812460270362714,3,-34.30380018268138
20.547,0.0614106,-0.2604555,9.961760700000001,0.03799999180530733,2,0.20408278766934565,-2.811878393090651,3,-34.34879489198901
20.578,0.0614106,-0.258984,9.9648018,0.04126014660608135,2,0.10516628389594011,-2.8106498609452744,3,-34.435944079926564
20.594,0.09133110000000001,-0.19610190000000002,9.9887382,0.04490195627116833,2,0.22761310406791085,-2.8099605641222563,3,-34.48090896332711
20.609,0.0868185,-0.173637,9.9947223,0.04858073144304065,2,0.24525167812481186,-2.8092594439644,3,-34.52305311338776
20.625,0.0868185,-0.17667810000000003,9.8944641,0.05022295657681397,3,0.10263907086084399,-2.808469014460241,3,-34.567994941055154
20.641,0.0928026,-0.17667810000000003,9.922913099999999,0.052391756462101924,3,0.135549992830512,-2.80764809675593,3,-34.61292387794488
20.656,0.0793629,-0.2798793,9.922913099999999,0.054562283032826286,3,0.1447017713816187,-2.8068459414597178,3,-34.655032583231495
20.672,0.0793629,-0.2963601,9.8809263,0.05587675331299202,3,0.08215439251034931,-2.805962429168951,3,-34.69993505019653
20.703,0.09878670000000002,-0.2963601,9.961760700000001,0.058753084471231176,3,0.09278487607223435,-2.8041856666832956,3,-34.78689234568223
20.719,0.1122264,-0.34128990000000003,9.961760700000001,0.061603985869451705,3,0.17818133738876313,-2.80322281012057,3,-34.83175161349667
20.734,0.1122264,-0.3098979,9.9827541,0.06479029173355677,3,0.21242039094032966,-2.8022748530385475,3,-34.873792845970364
20.75,0.0748503,-0.3098979,9.987266700000001,0.06799569497918156,3,0.20033770285157168,-2.8012125651448456,3,-34.91862074531583
20.766,0.053856900000000006,-0.2858634,9.945279900000001,0.07029862648534113,3,0.14393321913498877,-2.8001062105731296,3,-34.963431295521566
20.781,0.0030411,-0.23053500000000002,9.945279900000001,0.07252539765234367,3,0.148451411133497,-2.799035030392097,3,-35.00542485482881
20.797,0.0030411,-0.17069399999999998,9.901919700000002,0.07383476867116912,3,0.08183568867658114,-2.7978641490615086,3,-35.05020004826444
20.812,-0.0464013,-0.17069399999999998,9.973728900000001,0.07652838856910726,3,0.17957465986253643,-2.7967364253822065,3,-35.092159552572774
20.828,-0.0329616,-0.16765290000000002,9.973728900000001,0.07916713282121535,3,0.16492151575677333,-2.795490861211084,3,-35.13689737086551
20.844,-0.0329616,-0.22455090000000003,9.9707859,0.08171837727718767,3,0.15945277849825237,-2.7942037771302966,3,-35.18161492797225
20.875,0.052385400000000006,-0.290376,10.047107700000002,0.08575039905907822,3,0.13006521877066787,-2.7916080110970847,3,-35.268195010689766
20.891,0.052385400000000006,-0.3083283,10.059075900000002,0.08994840187023811,3,0.2623751756975224,-2.7902024206896505,3,-35.312849494144054
20.906,-0.0119682,-0.3083283,10.0171872,0.09324059779594585,3,0.21947972838050706,-2.7888285031921543,3,-35.35469222607317
20.922,0.053856900000000006,-0.37268190000000007,10.069572599999999,0.09754024852169607,3,0.26872817035935903,-2.787302256421613,3,-35.39930127215008
20.937,0.1002582,-0.2604555,10.069572599999999,0.10169340832821128,3,0.27687732043433655,-2.785808003995238,3,-35.44109959910321
20.953,0.1002582,-0.2140542,10.0186587,0.10474566825450715,3,0.1907662453935132,-2.7841564913825767,3,-35.48565931506623
20.984,0.08534699999999999,-0.2140542,10.0456362,0.10826420349679111,3,0.11350113684786103,-2.7808548383704315,3,-35.57191699067741
21.0,0.09133110000000001,-0.24103170000000002,10.0261143,0.11134410132593686,3,0.1924936143216306,-2.77909797193185,3,-35.61639661315982
21.016,0.0928026,-0.24103170000000002,10.0261143,0.1143638738619277,3,0.18873578349944822,-2.777292308130347,3,-35.66084773540032
21.031,0.10928340000000002,-0.2200383,10.0261143,0.11731822894494925,3,0.19695700553476278,-2.7755546923592953,3,-35.70249408790399
21.047,0.10928340000000002,-0.23347800000000002,10.142951400000001,0.12251078902903423,3,0.32453500525527457,-2.773636060215503,3,-35.7468876139246
21.062,0.1332198,-0.23347800000000002,10.0904679,0.12657841780409562,3,0.2711752516707493,-2.7717678911642545,3,-35.78847814355995
21.078,0.056898,-0.1631403,10.1353977,0.1314059443225979,3,0.301720407406425,-2.7697040162672413,3,-35.83280991881939
21.094,0.0793629,-0.2544714,10.1353977,0.13617865819466957,3,0.2982946170044464,-2.767563339447103,3,-35.87710805766511
21.109,0.0793629,-0.2843919,10.008162,0.13837963291416244,3,0.1467316479661862,-2.7655041522637864,3,-35.91860606385295
21.125,0.04188870000000001,-0.2843919,10.1308851,0.14293835739209015,3,0.2849202798705133,-2.7632536083413366,3,-35.962836125937784
21.141,-0.0014715,-0.2604555,10.1308851,0.14739338364341315,3,0.2784391407077176,-2.7609309544130527,3,-36.007029602439815
21.156,-0.0014715,-0.32333760000000006,10.0904679,0.1510044777136521,3,0.2407396046825884,-2.7586929704528744,3,-36.04842678187631
21.187,0.09427410000000001,-0.32333760000000006,10.136967300000002,0.15546464231469415,3,0.14387627745295803,-2.7539426990924345,3,-36.13387263475427
21.203,0.049442400000000004,-0.2769363,10.136967300000002,0.15980419849121041,3,0.27122226103229663,-2.7514205483659877,3,-36.177915540733935
21.219,0.049442400000000004,-0.24397470000000002,10.157862600000001,0.16445165361998626,3,0.29046594554845784,-2.748826501549098,3,-36.221917517133264
21.234,0.0703377,-0.24397470000000002,10.1968083,0.16977380069653947,3,0.3548098051035337,-2.746319810641724,3,-36.263131114474696
21.25,0.0703377,-0.2425032,10.1145024,0.17337756129516713,3,0.2252350374142535,-2.743574599745791,3,-36.30705026975779
21.266,0.0733788,-0.2274939,10.1145024,0.17690424773725866,3,0.22041790263074498,-2.7407723452735318,3,-36.350925045317936
21.281,0.0733788,-0.2604555,10.1279421,0.1806407976222797,3,0.2491033256680595,-2.7380907574333353,3,-36.39201651858824
21.297,0.10477080000000001,-0.2604555,10.1683593,0.1851016844162725,3,0.2788054246245196,-2.7351648175770267,3,-36.43580256318833
21.312,0.0464013,-0.22455090000000003,10.1683593,0.18944981344630385,3,0.2898752686687453,-2.732355681343057,3,-36.476808966930236
21.328,0.0464013,-0.2006145,10.1473659,0.1932913243664558,3,0.24009443250952314,-2.7292937522405554,3,-36.5205021623989
21.344,0.0434583,-0.3218661,10.145894400000001,0.19708960342474136,3,0.23739244114282085,-2.7261707048182253,3,-36.56414587805537
21.359,0.0434583,-0.2769363,10.1444229,0.20075857884808812,3,0.24459836155644174,-2.723186843451179,3,-36.60501605966739
21.375,0.04188870000000001,-0.2769363,10.1773845,0.20500154464063947,3,0.2651853620344883,-2.719940762463269,3,-36.6485610805147
21.391,0.056898,-0.2634966,10.1773845,0.2091557486375173,3,0.2596377498048927,-2.7166275041170445,3,-36.69205362664734
21.406,0.1032993,-0.2679111,10.1773845,0.21323791453774454,3,0.2721443933484732,-2.71345955164323,3,-36.73277927956555
21.437,0.1032993,-0.2514303,10.0994931,0.21570506229275033,3,0.07958541145179339,-2.706810935502357,3,-36.81679347211631
21.453,0.049442400000000004,-0.2514303,10.1279421,0.21867349645672718,3,0.18552713524857367,-2.7033359070323613,3,-36.86007464685658
21.469,0.0179523,-0.20355750000000003,10.1279421,0.22156059302705167,3,0.18044353564526028,-2.6998140343164905,3,-36.90329984638738
21.484,0.0179523,-0.2365191,10.181799000000002,0.2254608477400435,3,0.26001698086611175,-2.6964613735107372,3,-36.94377191194608
21.5,0.08083440000000001,-0.2365191,10.1982798,0.22961366229993452,3,0.2595509099932178,-2.6928207774304176,3,-36.98688616915361
21.516,0.1002582,-0.20355750000000003,10.1982798,0.23367448879412933,3,0.2538016558872038,-2.6891144722216653,3,-37.02994165115082
21.531,0.1002582,-0.2679111,10.247722200000002,0.23865392886656345,3,0.33196267149559516,-2.68557200908921,3,-37.070251799760655
21.547,0.0823059,-0.2679111,10.2761712,0.24409021414773058,3,0.3397678300729076,-2.681710055945095,3,-37.113190056280935
21.562,0.0748503,-0.24544620000000003,10.2626334,0.24914242513014528,3,0.336814065494301,-2.6780108111505108,3,-37.15338796278415
21.578,0.0643536,-0.2290635,10.2626334,0.25408675356010413,3,0.3090205268724618,-2.6739849777209894,3,-37.19620392909512
21.594,0.0643536,-0.261927,10.2282003,0.258274619099474,3,0.2617415962105891,-2.6698860867397123,3,-37.23895489761081
21.609,0.0673947,-0.261927,10.2865698,0.2635248558935803,3,0.3500157862737401,-2.6659725906772644,3,-37.27897383769144
21.641,-0.0269775,-0.290376,10.2865698,0.2686834825734987,3,0.16120708374746773,-2.6574572572617923,3,-37.36414871525845
21.656,-0.0269775,-0.2649681,10.2521367,0.27305258471753824,3,0.29127347626929,-2.6533942367571095,3,-37.403980101463596
21.672,0.0434583,-0.2649681,10.289610900000001,0.2780716651731101,3,0.3136925284732066,-2.6489852427579836,3,-37.44639913729972
21.687,0.09878670000000002,-0.315882,10.289610900000001,0.28302799312101357,3,0.3304218631935515,-2.6447769953207776,3,-37.48610235408531
21.703,0.09878670000000002,-0.2604555,10.325515500000002,0.2885604698928894,3,0.34577979824227867,-2.6402042876166667,3,-37.52838220434881
21.719,0.0239364,-0.2604555,10.2850983,0.2931835088849244,3,0.28893993700215376,-2.635550335786444,3,-37.57058824133604
21.734,0.0658251,-0.2484873,10.301579100000001,0.29803673090135874,3,0.32354813442894403,-2.6311161839880466,3,-37.61008824023435
21.75,0.0658251,-0.23347800000000002,10.3046202,0.30284752212086374,3,0.30067445121909603,-2.626309109963869,3,-37.65214764258596
21.766,0.1392039,-0.23347800000000002,10.298538,0.30745907606277534,3,0.2882221213695064,-2.6214266571784006,3,-37.694129528723096
21.781,0.1002582,-0.2350476,10.298538,0.31197203202775725,3,0.3008637309987828,-2.6167809238677213,3,-37.73341608558094
21.797,0.1002582,-0.1990449,10.4003658,0.31837778552414164,3,0.4003595935239797,-2.6117381253273058,3,-37.775244237974505
21.812,0.050913900000000005,-0.1990449,10.301579100000001,0.32271429314951483,3,0.2891005083582015,-2.606929934737253,3,-37.81438424842499
21.828,0.0434583,-0.2140542,10.301579100000001,0.32697100129218626,3,0.26604425891699357,-2.60173245238172,3,-37.85605354752194
21.844,0.0434583,-0.3039138,10.3449393,0.3320383499350754,3,0.31670929018053695,-2.5964603775719013,3,-37.89763909016157
21.859,0.0614106,-0.2829204,10.2791142,0.33570627186582236,3,0.24452812871645355,-2.5914522929083943,3,-37.936548435190176
21.875,0.053856900000000006,-0.2829204,10.3180599,0.34006478639052773,3,0.2724071577941156,-2.586046124442344,3,-37.977968422528974
21.906,0.050913900000000005,-0.23347800000000002,10.3180599,0.3443132951964625,3,0.13704867115919067,-2.575438264177746,3,-38.057971430552584
21.922,0.0464013,-0.2963601,10.3046202,0.3482463169358354,3,0.2458138587107808,-2.569897787280687,3,-38.09913411896426
21.953,0.0434583,-0.30685680000000004,10.3046202,0.3521079905953943,3,0.12457011805029246,-2.559042295513953,3,-38.178632690247575
21.969,0.0434583,-0.23799060000000002,10.232712900000001,0.3544487038237243,3,0.14629457677060614,-2.5533898419585994,3,-38.21953214734736
21.984,0.0718092,-0.23799060000000002,10.232712900000001,0.35674665081294954,3,0.15319646594834435,-2.548055876798824,3,-38.25779299023804
22.0,0.0703377,-0.2200383,10.232712900000001,0.35899146372465474,3,0.14030080698159023,-2.542329971882524,3,-38.298516077027486
22.016,0.0703377,-0.2529999,10.271658600000002,0.3619705858639861,3,0.1861951337082318,-2.5365622754858155,3,-38.33914721500643
22.031,0.0733788,-0.3083283,10.306091700000001,0.36559618080341316,3,0.24170632929512723,-2.5311055247358096,3,-38.37715472350809
22.047,0.1781496,-0.3083283,10.2521367,0.3681184341016728,3,0.1576408311412082,-2.525235807816568,3,-38.417605454168516
22.062,0.0973152,-0.19757340000000004,10.2521367,0.37051638766019224,3,0.15986357056795802,-2.519696046653354,3,-38.45544244307704
22.078,0.0973152,-0.16765290000000002,10.256649300000001,0.3729453412065098,3,0.1518095966448641,-2.5137483528224207,3,-38.495709998272844
22.094,0.11821050000000001,-0.16765290000000002,10.1848401,0.37392323207558853,3,0.061118179317414076,-2.5077734042361635,3,-38.535882172329316
22.109,0.08534699999999999,-0.2260224,10.2222162,0.3756302839714536,3,0.11380345972433327,-2.5021517528658106,3,-38.57345661100758
22.141,0.0239364,-0.2260224,10.214760600000002,0.37715127733128284,3,0.04753104249466923,-2.490107247884968,3,-38.65333275501958
22.156,0.0254079,-0.23200650000000003,10.214760600000002,0.37864514694699203,3,0.09959130771394202,-2.484438774702881,3,-38.690641850188996
22.172,0.0254079,-0.2829204,10.2282003,0.3803983011727041,3,0.10957213910699365,-2.4783664271179227,3,-38.73034429180357
22.187,0.0059841,-0.35178660000000006,10.2626334,0.3828331329797514,3,0.1623221204698131,-2.472642191361779,3,-38.767476856442165
22.203,0.04188870000000001,-0.35178660000000006,10.301579100000001,0.38598505233779257,3,0.1969949598775939,-2.4664916458792394,3,-38.80698992714009
22.219,0.0973152,-0.31136939999999996,10.301579100000001,0.3890570140354246,3,0.19199760610197975,-2.460291309348253,3,-38.84640419078191
22.234,0.0973152,-0.2664396,10.241738100000001,0.3908711395659452,3,0.12094170203470389,-2.4544418481962427,3,-38.883264689463495
22.25,0.1107549,-0.2664396,10.2432096,0.39268121132115574,3,0.11312948470067055,-2.4481734293891466,3,-38.92248561168417
22.266,0.10928340000000002,-0.2889045,10.2432096,0.394467417342085,3,0.11163787630809172,-2.4418762403598415,3,-38.961606009042164
22.297,0.10928340000000002,-0.19011780000000003,10.292553900000001,0.3971406382759408,3,0.0862329333501806,-2.4296063154977614,3,-39.037113988657964
22.312,0.0628821,-0.173637,10.237225500000001,0.3986634308265451,3,0.10151950337361478,-2.4236377849794923,3,-39.073513319411546
22.328,0.0628821,-0.18864630000000002,10.3046202,0.40148278835956575,3,0.17620984581381002,-2.4172366152260043,3,-39.11224031461319
22.344,0.0898596,-0.21101310000000004,10.292553900000001,0.4040227513324428,3,0.1587476858047987,-2.4107925709084674,3,-39.15086454810227
22.359,0.0389457,-0.21101310000000004,10.267146,0.4060085802991029,3,0.13238859777733553,-2.4047173359212306,3,-39.186980872403495
22.375,0.0014715,-0.2649681,10.267146,0.4079785417019295,3,0.12312258767667418,-2.398205438945223,3,-39.225404254602424
22.391,0.0014715,-0.2215098,10.307563200000002,0.4106820049185398,3,0.1689664510381625,-2.39165615457226,3,-39.26372314735056
22.422,0.053856900000000006,-0.2215098,10.338955200000001,0.41395059456715977,3,0.1054383757619268,-2.3788743492802307,3,-39.33766637016028
22.437,0.0718092,-0.2918475,10.338955200000001,0.4171914611601615,3,0.21605777286677263,-2.3726407838622756,3,-39.373302733658846
22.453,0.0718092,-0.2394621,10.3314996,0.42019625275647066,3,0.18779947476934414,-2.365941682150943,3,-39.41121139338695
22.469,0.0329616,-0.2394621,10.277642700000001,0.42208253848465027,3,0.11789285801121276,-2.3592034518210134,3,-39.449012554458726
22.484,0.050913900000000005,-0.2664396,10.277642700000001,0.4239462889539265,3,0.12425003128507704,-2.3528582356152237,3,-39.4843530171145
22.5,0.10477080000000001,-0.2918475,10.270187100000001,0.42564889426725117,3,0.10641283208280344,-2.346061474149455,3,-39.52194437479261
22.516,0.052385400000000006,-0.3098979,10.355436000000001,0.42899139502507033,3,0.20890629736372093,-2.3392243518351172,3,-39.55942666140049
22.531,0.0434583,-0.2769363,10.355436000000001,0.4322492416001822,3,0.2171897716741155,-2.3327650470604278,3,-39.594466581892206
22.547,0.0434583,-0.23053500000000002,10.3030506,0.4343940226497267,3,0.1340488155965175,-2.3258319009464277,3,-39.631735357476266
22.562,0.0868185,-0.23053500000000002,10.2551778,0.4355637099657361,3,0.07797915440062475,-2.3193072179518115,3,-39.666573900868
22.594,0.0449298,-0.2889045,10.2731301,0.43708602652208306,3,0.047572392385841725,-2.3053448221680064,3,-39.74056833350992
22.609,0.0554265,-0.2889045,10.351021500000002,0.440106159898912,3,0.20134222512192151,-2.2987658807698486,3,-39.77509916378195
22.625,0.08829,-0.205029,10.351021500000002,0.44303232021721684,3,0.18288501989407252,-2.2917007729289205,3,-39.81182289701154
22.641,0.13469129999999999,-0.21856680000000003,10.298538,0.44488756171346644,3,0.11595259351561304,-2.2845974138734757,3,-39.84843328250595
22.672,0.13469129999999999,-0.3039138,10.294123500000001,0.4466623450253362,3,0.057251074576439326,-2.2707783903190233,3,-39.91904160747094
22.687,0.0478728,-0.3039138,10.2401685,0.44732977428122034,3,0.04449528372560794,-2.264073449424224,3,-39.953052996269015
22.703,0.031392,-0.2679111,10.2401685,0.447963164163129,3,0.03958686761929445,-2.2569111059166698,3,-39.98922087271174
22.719,0.031392,-0.19011780000000003,10.1968083,0.4476999810733897,3,-0.01644894310870264,-2.249745800754777,3,-40.02527412796512
22.734,0.0688662,-0.19011780000000003,10.2881394,0.4492360270923186,3,0.10240306792858755,-2.243018780693534,3,-40.05896986232598
22.75,0.0763218,-0.2709522,10.2881394,0.4507784918790936,3,0.0964040491734481,-2.2358186645417635,3,-40.09480056188786
22.766,0.0763218,-0.2679111,10.1833686,0.4502355822120503,3,-0.03393185419020935,-2.228610551949035,3,-40.13051599561978
22.781,0.0733788,-0.2679111,10.289610900000001,0.45178530959983654,3,0.10331515918574598,-2.2218453952604458,3,-40.16389441522385
22.797,0.09133110000000001,-0.2694807,10.3046202,0.4536024575555828,3,0.11357174723412972,-2.2146022931232014,3,-40.199385996730925
22.812,0.0898596,-0.258984,10.3046202,0.4553784459224204,3,0.11839922445583327,-2.207784936347116,3,-40.232553900951956
22.844,0.1078119,-0.2664396,10.1877831,0.45483668892965134,3,-0.016929906024032423,-2.193221494189483,3,-40.30297000384054
22.859,0.0449298,-0.2559429,10.1877831,0.4542910403550522,3,-0.03637657163994234,-2.1864030362198474,3,-40.33581718781861
22.875,0.0449298,-0.2514303,10.1997513,0.4539884851324434,3,-0.018909701413052232,-2.1791368000159483,3,-40.370741506508494
22.891,0.056898,-0.2514303,10.238697000000002,0.4544564317191302,3,0.029246661667928664,-2.1718692406811364,3,-40.40554955483407
22.906,0.031392,-0.1915893,10.238697000000002,0.45488766843562267,3,0.028749114432830774,-2.1650491599299757,3,-40.43807644283865
22.922,0.031392,-0.2575125,10.283626800000002,0.4562194865269902,3,0.08323863071046002,-2.157760302690274,3,-40.472658918539615
22.937,0.0898596,-0.2575125,10.2461526,0.45679741786846684,3,0.03852875609844229,-2.150912675907308,3,-40.504973965879095
22.969,0.050913900000000005,-0.2934171,10.210248,0.4566739796206907,3,-0.0038574452430051274,-2.1362971335474814,3,-40.57356932283037
22.984,0.0928026,-0.261927,10.2626334,0.45756874117754975,3,0.059650770457269776,-2.1294403131414943,3,-40.60556235368054
23.0,0.09878670000000002,-0.261927,10.271658600000002,0.45862395219555374,3,0.06595068862525648,-2.1221107715945102,3,-40.63957476235842
23.016,0.0,-0.23200650000000003,10.271658600000002,0.4596350599425243,3,0.06319423418566647,-2.1147646994974063,3,-40.673469766127155
23.031,0.0,-0.21709530000000002,10.3046202,0.461266113910515,3,0.10873693119937461,-2.107857940693508,3,-40.70513943592859
23.047,0.0119682,-0.21709530000000002,10.2401685,0.46160184684022987,3,0.020983308107178505,-2.100474997007501,3,-40.7388060994302
23.062,0.0344331,-0.23200650000000003,10.2401685,0.4619384043171326,3,0.022437165126849457,-2.0935484451238207,3,-40.770261275246185
23.078,0.0344331,-0.258984,10.316588399999999,0.4637789858759813,3,0.11503634742805625,-2.0861427060022764,3,-40.80369880445519
23.094,0.1032993,-0.258984,10.280585700000001,0.4648868115625877,3,0.0692391054128916,-2.078713379622767,3,-40.837017653140194
23.109,0.1002582,-0.24397470000000002,10.3030506,0.4664054721480255,3,0.10124403902918379,-2.071728687494937,3,-40.868145968643574
23.125,0.052385400000000006,-0.2798793,10.3030506,0.46790529530825786,3,0.09373894751453149,-2.0642542013552876,3,-40.901233831754375
23.156,0.052385400000000006,-0.3008727,10.313547300000002,0.4695930341130943,3,0.05444318725278964,-2.049722977249257,3,-40.965000478022745
23.172,0.09584369999999999,-0.34580249999999996,10.244681100000001,0.46993190957703135,3,0.02117971649606461,-2.0422067776997355,3,-40.99773591606234
23.203,0.09584369999999999,-0.2484873,10.3210029,0.47170482565684324,3,0.057190841284256805,-2.0276114083036108,3,-41.060818097945386
23.219,0.0868185,-0.2484873,10.2850983,0.47273763109058464,3,0.06455033960883037,-2.0200558686496306,3,-41.093199436161015
23.234,0.0718092,-0.24397470000000002,10.2850983,0.47374579900549385,3,0.067211194327278,-2.0129572429239078,3,-41.123447034497815
23.25,0.0718092,-0.2425032,10.3120758,0.47526232791894074,3,0.0947830570904411,-2.00536517790851,3,-41.15559361386447
23.266,0.0658251,-0.2425032,10.289610900000001,0.47630798093956983,3,0.06535331378932528,-1.9977526154376404,3,-41.187618556211234
23.281,0.0449298,-0.24544620000000003,10.3030506,0.47759574061888266,3,0.0858506452875186,-1.9905983375259517,3,-41.217531188358464
23.297,0.058369500000000005,-0.2918475,10.2432096,0.4777104247907449,3,0.007167760741388115,-1.9829558882026739,3,-41.24931962216429
23.312,0.049442400000000004,-0.2918475,10.3150188,0.4792293795456004,3,0.10126365032369804,-1.975778839670151,3,-41.27901013262334
23.328,0.052385400000000006,-0.23200650000000003,10.3150188,0.4806890510042461,3,0.09122946616536459,-1.968099492225753,3,-41.31056115927851
23.359,0.0643536,-0.2604555,10.3090347,0.4820174452276529,3,0.042851426561506534,-1.9531775415341575,3,-41.37134095330179
23.375,0.0703377,-0.2604555,10.3090347,0.48332055875882673,3,0.08144459569837456,-1.9454548375022664,3,-41.402530012334076
23.406,0.0703377,-0.2694807,10.237225500000001,0.4831951614972514,3,-0.004045072954043512,-1.9304738438382978,3,-41.462606906894855
23.422,0.020993400000000002,-0.2694807,10.2746016,0.48380051895082055,3,0.03783484084806797,-1.9227378783947124,3,-41.493432600672726
23.437,0.031392,-0.2200383,10.2746016,0.4843714387210625,3,0.038061318016127145,-1.915476588712173,3,-41.52221920917603
23.469,0.08534699999999999,-0.2559429,10.283626800000002,0.48513037844727513,3,0.02371686644414559,-1.8999645596374795,3,-41.583266267549625
23.484,0.0823059,-0.2559429,10.2341844,0.48490482501597043,3,-0.015036895420313005,-1.892689295611505,3,-41.611711171463995
23.5,0.0658251,-0.2664396,10.2341844,0.4846866072599383,3,-0.013638609752010648,-1.8849325641532986,3,-41.64193214634211
23.516,0.0658251,-0.2858634,10.2791142,0.48536355751210714,3,0.04230939076055784,-1.877172162835123,3,-41.67202898415801
23.531,0.10182780000000001,-0.2858634,10.306091700000001,0.48656172955873167,3,0.07987813644163264,-1.8698827231820914,3,-41.70013189580314
23.547,0.020993400000000002,-0.2394621,10.306091700000001,0.4877037870565619,3,0.0713785936143827,-1.8620885990491682,3,-41.72998766638099
23.562,0.020993400000000002,-0.2724237,10.282155300000001,0.48837032078090203,3,0.04443558162267249,-1.854768043240387,3,-41.757864091198165
23.578,0.0658251,-0.261927,10.2731301,0.48884524529547235,3,0.029682782160648173,-1.8469503187117768,3,-41.78747783809378
23.594,0.11673900000000001,-0.261927,10.2731301,0.4893197248198611,3,0.029654970274292102,-1.8391249989508534,3,-41.816966440635085
23.609,0.0823059,-0.290376,10.2731301,0.48979335148196057,3,0.03157511080663154,-1.8317816508785894,3,-41.844498240508806
23.625,0.0823059,-0.24397470000000002,10.2192732,0.4891783536837462,3,-0.038437362388403576,-1.8239498772372646,3,-41.87374409273373
23.656,0.0643536,-0.24397470000000002,10.2551778,0.48927668760915033,3,0.0031720621098113547,-1.8087838240972254,3,-41.93005146510441
23.672,0.0733788,-0.2575125,10.2551778,0.4893807696101735,3,0.006505125063948452,-1.80095456443947,3,-41.95892937221271
23.687,0.0733788,-0.2934171,10.2611619,0.4896189982756596,3,0.01588191103240354,-1.7936120661803259,3,-41.98588862194236
23.703,0.08377740000000002,-0.2425032,10.3195314,0.4909722008218065,3,0.08457515913419077,-1.785767336587547,3,-42.014523657164496
23.719,0.08377740000000002,-0.261927,10.2970665,0.4918678437229467,3,0.05597768132125575,-1.7779046162311882,3,-42.04303303278705
23.734,0.0254079,-0.2798793,10.2731301,0.4922799507355684,3,0.02747380084144775,-1.770523507772749,3,-42.06964624371708
23.75,0.0628821,-0.2798793,10.313547300000002,0.4934793200519483,3,0.07496058227375028,-1.7626374336064499,3,-42.09791153124811
23.766,0.050913900000000005,-0.24103170000000002,10.313547300000002,0.4946346483738022,3,0.07220802011587941,-1.7547325218590448,3,-42.12605049089183
23.781,0.050913900000000005,-0.21101310000000004,10.2761712,0.4950217253896021,3,0.025805134386657345,-1.747310099055819,3,-42.15231581054869
23.797,0.0898596,-0.21101310000000004,10.2521367,0.49493529489274124,3,-0.0054019060538029245,-1.7393904428935594,3,-42.18020941488429
23.812,0.0793629,-0.2274939,10.2521367,0.4948557701097194,3,-0.005301652201457603,-1.7319670099060407,3,-42.206244595780284
23.828,0.0793629,-0.21709530000000002,10.214760600000002,0.49404070699440794,3,-0.0509414447069701,-1.7240558380892086,3,-42.23389277856424
23.844,0.056898,-0.21709530000000002,10.3360122,0.4956156037261028,3,0.09843104573091796,-1.7161385876034436,3,-42.26141433396978
23.859,0.0389457,-0.261927,10.3360122,0.49717835265626675,3,0.10418326201092595,-1.7086926329305756,3,-42.28710056812379
23.875,0.0389457,-0.2858634,10.250665200000002,0.49705007847689586,3,-0.008017136210681558,-1.7007388054815111,3,-42.314376019631084
23.906,0.0194238,-0.2559429,10.2297699,0.4964981478195085,3,-0.01780421475443117,-1.6853388079739176,3,-42.36686022263964
23.922,0.0823059,-0.2559429,10.3210029,0.4977514383241619,3,0.07833065654082827,-1.6773848112847674,3,-42.39376201159371
23.937,0.10477080000000001,-0.24701580000000004,10.3210029,0.49897988168816987,3,0.08189622426719412,-1.6699093263846745,3,-42.41886671762623
23.953,0.10477080000000001,-0.2559429,10.292553900000001,0.499630878632507,3,0.04068730902107469,-1.66192044030211,3,-42.44552135575972
23.969,0.0763218,-0.2559429,10.268617500000001,0.4997950224473975,3,0.01025898843065472,-1.6539250330934698,3,-42.47204811954689
23.984,0.056898,-0.23799060000000002,10.268617500000001,0.4999450146584916,3,0.009999480739608279,-1.6464269828151754,3,-42.49680075966621
24.016,0.0673947,-0.2858634,10.265674500000001,0.500059563920269,3,0.003579664430542312,-1.630426909557917,3,-42.54923042194417
24.031,0.053856900000000006,-0.20355750000000003,10.265674500000001,0.5001318415489067,3,0.004818508575846946,-1.622925474016898,3,-42.57363056482099
24.047,0.052385400000000006,-0.2365191,10.2746016,0.5003913949805661,3,0.016222089478710584,-1.6149212881246613,3,-42.59953333891812
24.062,0.052385400000000006,-0.23053500000000002,10.3106043,0.5013489421370423,3,0.0638364770984125,-1.6074082355962789,3,-42.62370081034603
24.078,0.0389457,-0.23053500000000002,10.2551778,0.5012000337144276,3,-0.009306776413421284,-1.599387843789468,3,-42.64935517898111
24.094,0.058369500000000005,-0.23200650000000003,10.2551778,0.501056502147124,3,-0.008970722956468497,-1.5913697915025746,3,-42.67488124006345
24.109,0.058369500000000005,-0.2664396,10.282155300000001,0.5014609716945824,3,0.026964636497220265,-1.5838509104487615,3,-42.69869539532809
24.125,0.08377740000000002,-0.2664396,10.3001076,0.5022128292131285,3,0.04699109490913751,-1.5758215200415007,3,-42.72397277477201
24.156,0.0658251,-0.2604555,10.2746016,0.502444441750713,3,0.007471372180146243,-1.5602493323415618,3,-42.77258187298394
24.172,0.08829,-0.2604555,10.2881394,0.5029401674350495,3,0.030982855271029928,-1.552206255468075,3,-42.79748151768642
24.187,0.0688662,-0.2784078,10.2881394,0.5034324802872625,3,0.0328208568141962,-1.5446584606101572,3,-42.82070800305701
24.203,0.0554265,-0.20954160000000002,10.3419963,0.5049373212895496,3,0.09405256264295372,-1.5365915021975436,3,-42.84535800275947
24.219,0.0554265,-0.2365191,10.238697000000002,0.504399148005799,3,-0.03363583023440932,-1.5285168104431799,3,-42.869878869260596
24.234,0.029920500000000003,-0.2365191,10.271658600000002,0.5045155746029675,3,0.007761773144565315,-1.5209499500236139,3,-42.8927498699641
24.25,0.0614106,-0.3008727,10.271658600000002,0.5046654588881481,3,0.009367767823787931,-1.5128765017556858,3,-42.917020481578334
24.266,0.0614106,-0.30685680000000004,10.249193700000001,0.5043755902982952,3,-0.018116786865809194,-1.504804173362195,3,-42.94116192697928
24.281,0.031392,-0.30685680000000004,10.277642700000001,0.5046463136257646,3,0.01804822183129723,-1.4972365090827644,3,-42.963677232097616
24.297,0.0434583,-0.2140542,10.277642700000001,0.5048664917799375,3,0.013761134635801989,-1.4891604066395179,3,-42.987568407423396
24.312,0.0434583,-0.2754648,10.241738100000001,0.5044072684074123,3,-0.030614891501674204,-1.4815908534381124,3,-43.00984904187398
24.328,0.052385400000000006,-0.2754648,10.338955200000001,0.5058633784744782,3,0.09100687919162301,-1.4735086882630581,3,-43.033489838207586
24.344,0.056898,-0.23799060000000002,10.338955200000001,0.5072731651465485,3,0.08811166700438812,-1.465403595914089,3,-43.057001136481006
24.359,0.020993400000000002,-0.2679111,10.2042639,0.5060269044614198,3,-0.08308404567524186,-1.457803845392029,3,-43.078925192290804
24.391,0.020993400000000002,-0.21856680000000003,10.265674500000001,0.505985876206573,3,-0.0012821329639646519,-1.4416116409013429,3,-43.125315840071494
24.406,0.056898,-0.21856680000000003,10.277642700000001,0.5061829365452706,3,0.013137355913172612,-1.4340203748057037,3,-43.1468830801893
24.422,0.0449298,-0.24397470000000002,10.277642700000001,0.5063861782781469,3,0.01270260830476957,-1.4259198218871154,3,-43.16976260176284
24.437,0.0449298,-0.32333760000000006,10.2222162,0.5055421227556387,3,-0.056270368167212106,-1.4183303596293617,3,-43.191094478124214
24.453,0.0703377,-0.32333760000000006,10.249193700000001,0.5052461191437132,3,-0.01850022574534575,-1.4102440536941678,3,-43.2137230734308
24.469,0.0389457,-0.2365191,10.249193700000001,0.5049061634530343,3,-0.02124723066742924,-1.402162835433393,3,-43.236222328543825
24.484,0.0823059,-0.23200650000000003,10.355436000000001,0.5066584672605927,3,0.11682025383722355,-1.3945761007030406,3,-43.25719787056485
24.5,0.0658251,-0.3039138,10.355436000000001,0.508410572532048,3,0.10950657946596871,-1.3864555483847003,3,-43.27944612375755
24.531,0.0628821,-0.2215098,10.238697000000002,0.5077985596544394,3,-0.019742350890600502,-1.3707043068358105,3,-43.32218210151347
24.547,0.0688662,-0.2215098,10.226728800000002,0.5069646914403148,3,-0.05211676338278653,-1.3625862008270515,3,-43.344048425574776
24.562,0.1078119,-0.2559429,10.226728800000002,0.5061695234484542,3,-0.05301119945736624,-1.3549876942153856,3,-43.364430229787594
24.578,0.1078119,-0.2649681,10.2910824,0.5066557972479977,3,0.03039211247147013,-1.3468850916498147,3,-43.386045212074514
24.594,0.04188870000000001,-0.2649681,10.2222162,0.5057732820771399,3,-0.055157198178606356,-1.3387856590152127,3,-43.407530578079836
24.609,0.0658251,-0.2484873,10.2222162,0.5049024298820104,3,-0.05805681300863121,-1.3312055911755187,3,-43.427555512456266
24.625,0.0658251,-0.2994012,10.3001076,0.5056019978874247,3,0.04372300033839631,-1.3231215557533642,3,-43.448790129631696
24.656,0.0658251,-0.2994012,10.2746016,0.5057879531244467,3,0.005998556032968894,-1.3074450115126808,3,-43.48956391142432
24.672,0.08083440000000001,-0.2575125,10.2746016,0.505950110840347,3,0.01013485724376981,-1.2993511070009616,3,-43.510418280372434
24.687,0.0777933,-0.2544714,10.294123500000001,0.5064897979712466,3,0.03597914205997063,-1.2917578076848744,3,-43.52985159723258
24.703,0.0777933,-0.23200650000000003,10.271658600000002,0.5065681343858479,3,0.004896025912582409,-1.2836533442260185,3,-43.550454886447866
24.719,0.08829,-0.23200650000000003,10.3001076,0.5072042594045456,3,0.03975781366860164,-1.2755431650756945,3,-43.57092845852228
24.734,0.08083440000000001,-0.2544714,10.3001076,0.5078371105327442,3,0.04219007521323525,-1.2679303548011647,3,-43.59000450992136
24.75,0.08083440000000001,-0.23799060000000002,10.202792400000002,0.5065422621686224,3,-0.08092802275761815,-1.2598153198195545,3,-43.61022647531832
24.766,0.0254079,-0.23799060000000002,10.3090347,0.5073497614965028,3,0.050468707992529234,-1.2517041836302345,3,-43.630318631345915
24.781,0.0373761,-0.2499588,10.270187100000001,0.5073862060784631,3,0.0024296387973520486,-1.244093663873422,3,-43.64903711520219
24.812,0.058369500000000005,-0.2499588,10.2850983,0.5077161395702525,3,0.010643015864174899,-1.2283595775158656,3,-43.68736014044373
24.828,0.049442400000000004,-0.2484873,10.2850983,0.5080379877048546,3,0.02011550841263476,-1.2202335444976655,3,-43.706948885419834
24.844,0.050913900000000005,-0.2274939,10.2252573,0.5071710936152911,3,-0.05418088059771457,-1.2121118718471033,3,-43.726407648750595
24.859,0.050913900000000005,-0.3338343,10.2282003,0.506436081107223,3,-0.049000833871202604,-1.2045098180366842,3,-43.74453231142472
24.875,0.0643536,-0.3338343,10.214760600000002,0.5054535868147987,3,-0.06140589327652945,-1.196414700693309,3,-43.76373970757456
24.906,0.10182780000000001,-0.2798793,10.214760600000002,0.5044645656695455,3,-0.03190390791139583,-1.1807609693298022,3,-43.80058593045992
24.922,0.10182780000000001,-0.2080701,10.268617500000001,0.5045170662118679,3,0.0032812838951508873,-1.17268911627475,3,-43.819413531144754
24.937,0.059841000000000005,-0.2425032,10.2746016,0.5046941674207108,3,0.011806747256196603,-1.1651200320225052,3,-43.83694709975698
24.953,0.059841000000000005,-0.2425032,10.2746016,0.504867796056832,3,0.010851789757572257,-1.1570435363146858,3,-43.85552440830368
24.969,0.0688662,-0.21101310000000004,10.223785800000002,0.5040293502149034,3,-0.05240286512053185,-1.1489723591445111,3,-43.87397253546735
24.984,0.04188870000000001,-0.2634966,10.223785800000002,0.5032283544404343,3,-0.053399718297932344,-1.1414179263595958,3,-43.891150462608636
25.0,0.04041720000000001,-0.2649681,10.3629897,0.5051722571143547,3,0.12149391712003249,-1.1333507214671583,3,-43.909348611791245
25.016,0.04041720000000001,-0.24544620000000003,10.271658600000002,0.5052783346785219,3,0.006629847760453897,-1.125267116732816,3,-43.92741755449684
25.031,0.08829,-0.24544620000000003,10.202792400000002,0.5040383319498751,3,-0.08266684857644832,-1.1176972417331028,3,-43.94423978718534
25.047,0.0928026,-0.2889045,10.202792400000002,0.5028457335001573,3,-0.07453740310735811,-1.1096421692095015,3,-43.96205850247288
25.062,0.0928026,-0.23200650000000003,10.294123500000001,0.5034383236147342,3,0.039506007638459004,-1.1020950387811395,3,-43.97864653153281
25.078,0.0643536,-0.23200650000000003,10.271658600000002,0.5035746699508916,3,0.008521646009841228,-1.0940389348326154,3,-43.996215603321716
25.094,0.0614106,-0.2858634,10.271658600000002,0.5037346014457338,3,0.009995718427634461,-1.0859804606614414,3,-44.01365575848567
25.109,0.0614106,-0.3039138,10.238697000000002,0.5032555429136529,3,-0.03193723547205586,-1.0784280345787456,3,-44.02988882219997
25.125,0.049442400000000004,-0.3039138,10.271658600000002,0.5034306226510736,3,0.010942483588795111,-1.0703745452542286,3,-44.047079242838635
25.156,0.0554265,-0.1915893,10.271658600000002,0.5035497624659602,3,0.0038432198350497435,-1.054766349284915,3,-44.08001892670399
25.172,0.0793629,-0.24544620000000003,10.1803275,0.5019018684262377,3,-0.10299337748264038,-1.0467227362377767,3,-44.096830839388176
25.187,0.0793629,-0.24103170000000002,10.2551778,0.5017514190591097,3,-0.010029957808536095,-1.0391953365816362,3,-44.11247522493432
25.203,0.058369500000000005,-0.24103170000000002,10.2881394,0.5022472738561898,3,0.030990924817512283,-1.0311633470383148,3,-44.12903809440328
25.219,0.0150093,-0.2080701,10.2881394,0.5027162718941245,3,0.029312377370912572,-1.0231236386723115,3,-44.145472390288965
25.234,0.0150093,-0.2994012,10.2461526,0.5023973066133003,3,-0.021264352054945968,-1.0155852868335056,3,-44.16076270723026
25.25,0.0554265,-0.2994012,10.2581208,0.5023218854736946,3,-0.004713821225355539,-1.0075475332968105,3,-44.176947769791305
25.266,0.0718092,-0.23053500000000002,10.2581208,0.5022150683275957,3,-0.006676071631184957,-0.999511237666401,3,-44.19300423995901
25.281,0.0718092,-0.23347800000000002,10.3300281,0.5035212006600975,3,0.08707548883345502,-0.991968215648993,3,-44.20794033585887
25.297,0.08829,-0.3023442,10.268617500000001,0.5036356667797275,3,0.007154132476871221,-0.9839109607094735,3,-44.223747369269745
25.312,0.0718092,-0.2425032,10.3150188,0.5046238083941361,3,0.06587610762723971,-0.9763490146456693,3,-44.23844931908491
25.328,0.0718092,-0.23053500000000002,10.2746016,0.50479491910367,3,0.0106944193458703,-0.9682736648256877,3,-44.25400630052068
25.344,0.028449,-0.23053500000000002,10.277642700000001,0.5050181419178799,3,0.013951425888113038,-0.9601951603375144,3,-44.26943405112198
25.359,0.09133110000000001,-0.2814489,10.277642700000001,0.505269027542754,3,0.01672570832494513,-0.9526180065665594,3,-44.28378014987376
25.391,0.09133110000000001,-0.258984,10.3030506,0.5060014339411705,3,0.02288769995051595,-0.9364376791828184,3,-44.31400504084575
25.422,0.0373761,-0.24701580000000004,10.265674500000001,0.505974464367343,3,-0.0008699862525008644,-0.9207520527590353,3,-44.34279148169085
25.437,0.0373761,-0.2394621,10.268617500000001,0.5060022050097785,3,0.0018493761623734656,-0.9131622277387066,3,-44.35654583879459
25.453,0.0643536,-0.2394621,10.3195314,0.5070300434634216,3,0.064239903352699,-0.9050579697509219,3,-44.371091600374506
25.469,0.09878670000000002,-0.2814489,10.271658600000002,0.507125545702106,3,0.005968889917772778,-0.8969447250375968,3,-44.38550762193282
25.484,0.0673947,-0.2709522,10.271658600000002,0.5072086659421977,3,0.005541349339447548,-0.8893372184502643,3,-44.398904736508975
25.5,0.0673947,-0.21856680000000003,10.247722200000002,0.5067964634113036,3,-0.02576265818088625,-0.8812251774154372,3,-44.4130692356759
25.516,0.0614106,-0.21856680000000003,10.256649300000001,0.5065666043356938,3,-0.014366192225613778,-0.8731182728734621,3,-44.42710398327821
25.531,0.1002582,-0.258984,10.256649300000001,0.5063656973636323,3,-0.013393798137428295,-0.8655212806107169,3,-44.44014377992934
25.547,0.1002582,-0.2858634,10.2177036,0.5054194158157124,3,-0.05914259674499216,-0.8574269997052812,3,-44.453927366171875
25.562,0.08829,-0.2858634,10.2970665,0.5060449982972415,3,0.0417054987686056,-0.8498410165994338,3,-44.46673187629416
25.594,0.050913900000000005,-0.2754648,10.2970665,0.506647807411948,3,0.018837784834579967,-0.8336379317080868,3,-44.49366753946708
25.609,0.0643536,-0.2140542,10.2521367,0.5063308898974022,3,-0.021127834303057733,-0.8260405914782664,3,-44.50611512839098
25.625,0.020993400000000002,-0.2709522,10.2626334,0.5062487757235203,3,-0.005132135867614306,-0.8179399541532999,3,-44.51926697275603
25.656,0.0554265,-0.2529999,10.2626334,0.5061618018381573,3,-0.0028056092052598128,-0.8022475902010945,3,-44.54437987969352
25.672,0.0554265,-0.2260224,10.280585700000001,0.5064161072367188,3,0.01589408741009368,-0.7941469669284946,3,-44.55715103615056
25.687,0.0928026,-0.2260224,10.270187100000001,0.5064668716833776,3,0.0033842964439163028,-0.7865503445865936,3,-44.56900626598692
25.703,0.0868185,-0.2664396,10.349451900000002,0.5080882470474535,3,0.10133596025475594,-0.7784339036367478,3,-44.58152613997271
25.719,0.059841000000000005,-0.2664396,10.3225725,0.5091472209094814,3,0.0661858663767371,-0.7702960198930914,3,-44.59391597936095
25.734,0.0868185,-0.24701580000000004,10.3225725,0.5101797180553422,3,0.06883314305738703,-0.7626510678508549,3,-44.60541308251903
25.75,0.0868185,-0.2604555,10.313547300000002,0.5110215434609593,3,0.05261408785107193,-0.7544814577587254,3,-44.61755014272391
25.766,0.1062423,-0.2604555,10.3345407,0.5122619084577327,3,0.07752281229834478,-0.7462951901433768,3,-44.62955635590712
25.781,0.0119682,-0.2889045,10.250665200000002,0.5118382362201856,3,-0.028244815836467173,-0.738614439058292,3,-44.640693178126135
25.797,0.04041720000000001,-0.2769363,10.250665200000002,0.5114178216332164,3,-0.02627591168557747,-0.7304283905954639,3,-44.652445520763365
25.812,0.04041720000000001,-0.2514303,10.3314996,0.5125772688464743,3,0.0772964808838565,-0.722748427416866,3,-44.663344346898455
25.844,0.1062423,-0.2514303,10.2282003,0.5116983768974563,3,-0.027465373406809743,-0.7063600170849631,3,-44.68621008201048
25.859,0.0150093,-0.2649681,10.2282003,0.5108328171064311,3,-0.05770398606834485,-0.6986910331299336,3,-44.696747964887095
25.875,0.0150093,-0.22455090000000003,10.294123500000001,0.5112575712607867,3,0.026547134647228614,-0.6905143100229968,3,-44.70786160763232
25.891,0.0703377,-0.22455090000000003,10.3210029,0.5122054028015643,3,0.05923947129860649,-0.6823266062304989,3,-44.71884433496234
25.906,0.0868185,-0.3008727,10.3210029,0.5131751873183585,3,0.06465230111961036,-0.6746362518045992,3,-44.729021556397605
25.922,0.0868185,-0.2290635,10.2731301,0.5131514052368598,3,-0.0014863800936735785,-0.6664256390641565,3,-44.73975005152455
25.937,0.0224649,-0.2290635,10.235754000000002,0.5123886995248217,3,-0.050847047469202725,-0.6587340882784436,3,-44.749688749479624
25.953,0.0748503,-0.2798793,10.298538,0.5129011622081912,3,0.03202891771059499,-0.6505317693845803,3,-44.76016287634093
25.969,0.0673947,-0.2738952,10.298538,0.5133994139349678,3,0.031140732923536765,-0.6423213647754341,3,-44.77050570141421
25.984,0.0673947,-0.2694807,10.294123500000001,0.5137990859960997,3,0.02664480407545865,-0.6346173760259508,3,-44.78008274197022
26.0,0.049442400000000004,-0.2694807,10.2192732,0.5127217948552278,3,-0.06733069630449803,-0.6264052089791411,3,-44.79017092265026
26.016,0.04041720000000001,-0.261927,10.2192732,0.5116609996950778,3,-0.06629969750938278,-0.6182101466227395,3,-44.800127845495076
26.031,0.04041720000000001,-0.21709530000000002,10.1997513,0.5102177149214793,3,-0.09621898490656723,-0.6105460562631151,3,-44.80934351701672
26.047,0.0628821,-0.21709530000000002,10.226728800000002,0.5093338009726089,3,-0.05524462180438942,-0.6023896441359615,3,-44.81904700261992
26.062,0.0733788,-0.2274939,10.226728800000002,0.5084730202965648,3,-0.05738537840293883,-0.5947560929764424,3,-44.82802559564826
26.078,0.0733788,-0.2709522,10.193767200000002,0.5070038152285061,3,-0.09182531675367879,-0.5866322782922427,3,-44.83747670261841
26.094,0.113796,-0.3083283,10.150407,0.5047417478996259,3,-0.14137920805499887,-0.5785383137872168,3,-44.846798067355046
26.109,0.11821050000000001,-0.2394621,10.150407,0.5024886029568041,3,-0.15020966285478132,-0.5709840861557932,3,-44.855419485354616
26.141,0.11821050000000001,-0.2559429,10.1563911,0.5004048105005783,3,-0.06511851425706368,-0.5549377915404768,3,-44.87343423539775
26.156,0.0628821,-0.2559429,10.0530918,0.4963274205121344,3,-0.27182599922958095,-0.5474622998078812,3,-44.881702236082866
26.172,0.0748503,-0.24397470000000002,10.0530918,0.4923257534862753,3,-0.25010418911616794,-0.5395530744158931,3,-44.890398359076656
26.187,0.0748503,-0.2350476,10.0425951,0.48819262587814727,3,-0.27554184054185665,-0.5321991865706596,3,-44.898436501034055
26.203,0.0478728,-0.2350476,9.9303687,0.48193742575085174,3,-0.3909500079560133,-0.5244381461576284,3,-44.90688959969588
26.219,-0.0045126,-0.315882,9.9303687,0.4758465844495614,3,-0.38067758133060364,-0.5167758740760243,3,-44.91521931185775
26.234,-0.0045126,-0.2604555,9.9378243,0.4699897851957946,3,-0.39045328358443915,-0.5096821013036846,3,-44.92291774667309
26.25,0.007455600000000001,-0.2814489,9.957248100000001,0.46463978519679294,3,-0.33437499993764014,-0.5022050647405456,3,-44.931012844001444
26.266,0.0703377,-0.2814489,9.922913099999999,0.4587265529044746,3,-0.3695770182699361,-0.49481813403573655,3,-44.93898902959165
26.281,0.04041720000000001,-0.2724237,9.922913099999999,0.45292105670693594,3,-0.38703307983589685,-0.4879807769636507,3,-44.94636002142415
26.297,0.04041720000000001,-0.315882,9.856989900000002,0.44596270042746156,3,-0.4348972674671005,-0.48078970690657474,3,-44.95411018529511
26.328,0.1122264,-0.2829204,9.834525,0.4386917799295098,3,-0.2345458225145816,-0.4670775624610422,3,-44.96880212797031
26.344,0.1122264,-0.2784078,9.8524773,0.4319127448497664,3,-0.4236896924839165,-0.4601127262628072,3,-44.9762196502801
26.375,0.1437165,-0.2784078,9.851005800000001,0.42524580972687076,3,-0.21506242331922193,-0.4468267686668698,3,-44.99027721245151
26.391,0.1526436,-0.2814489,9.851005800000001,0.4187139240201354,3,-0.40824285667100446,-0.4400750907968945,3,-44.99737242732722
26.406,0.1526436,-0.23200650000000003,9.848062800000001,0.4122271781013396,3,-0.4324497279197058,-0.4338430325309832,3,-45.00392681325218
26.422,0.08377740000000002,-0.2274939,9.7701714,0.4043225408767519,3,-0.49403982653667433,-0.42731063477915776,3,-45.01081604259066
26.437,0.09427410000000001,-0.2274939,9.7986204,0.3971324183037197,3,-0.47934150486879507,-0.421299722585304,3,-45.01718062027089
26.453,0.0718092,-0.2575125,9.747706500000001,0.38909617035152344,3,-0.5022654970123217,-0.41500989387606274,3,-45.02387109720258
26.469,-0.010496700000000001,-0.2575125,9.7672284,0.3815950711428009,3,-0.46881870054510694,-0.40884436394410745,3,-45.030461931265144
26.484,0.0224649,-0.2559429,9.7672284,0.37424063947975483,3,-0.4902954442030519,-0.40317559611443804,3,-45.036552080965585
26.5,0.0224649,-0.2679111,9.7926363,0.36753470920241504,3,-0.419120642333783,-0.3972413933249813,3,-45.0429554168811
26.516,0.0090252,-0.2679111,9.836094600000001,0.3618116500636184,3,-0.35769119617483136,-0.39140662245085367,3,-45.04926460100731
26.531,-0.0164808,-0.2649681,9.836094600000001,0.35619943468231163,3,-0.3741476920871018,-0.386021539315259,3,-45.05509531222055
26.547,-0.0164808,-0.24544620000000003,9.7866522,0.3497181801936424,3,-0.40507840554178015,-0.38037419839625075,3,-45.061226478122244
26.562,0.0254079,-0.2604555,9.759674700000001,0.342843206616287,3,-0.4583315718236791,-0.3751799879951761,3,-45.06689313452018
26.578,0.08829,-0.2604555,9.8016615,0.3369331610347608,3,-0.3693778488454276,-0.3697417770539683,3,-45.07285250864057
26.594,0.08829,-0.2544714,9.8016615,0.33113591780313634,3,-0.36232770197648756,-0.36439722442326455,3,-45.07872562065239
26.609,0.08829,-0.2784078,9.759674700000001,0.3246421951642393,3,-0.43291484259311863,-0.35947888857600907,3,-45.08415469149989
26.641,0.1122264,-0.2784078,9.7866522,0.3188093408594508,3,-0.1822766970246615,-0.3491836639996312,3,-45.0954932923411
26.656,0.058369500000000005,-0.22455090000000003,9.7866522,0.31305453031780495,3,-0.383654036109708,-0.3444446849658016,3,-45.10069550495834
26.672,0.058369500000000005,-0.2858634,9.843550200000001,0.30855905230872693,3,-0.2809673755673444,-0.3394717763047888,3,-45.106166836648505
26.687,0.08829,-0.2858634,9.7866522,0.3030409603181621,3,-0.3678727993709764,-0.33488477621008694,3,-45.11122451079237
26.703,0.1302768,-0.23347800000000002,9.7866522,0.29761301299458154,3,-0.3392467077238211,-0.3300795444235855,3,-45.11654422535744
26.719,0.1302768,-0.2918475,9.8136297,0.292850888709685,3,-0.2976327678059998,-0.3253558332099508,3,-45.121787708378505
26.734,0.08534699999999999,-0.2350476,9.8091171,0.28805412635600547,3,-0.3197841569119572,-0.32099904559695797,3,-45.126635369969556
26.75,0.113796,-0.2350476,9.777627,0.28273984512457595,3,-0.3321425769643815,-0.3164326938251138,3,-45.13173482388493
26.766,0.028449,-0.2738952,9.777627,0.2775374141498741,3,-0.32515193591890174,-0.31195047575091867,3,-45.13676188924154
26.781,0.028449,-0.3039138,9.7986204,0.27286581088869966,3,-0.3114402174116175,-0.3078224515631292,3,-45.141410186196396
26.797,0.09584369999999999,-0.3039138,9.747706500000001,0.26729640315640246,3,-0.34808798326853563,-0.3035011538507679,3,-45.146300775039705
26.812,0.028449,-0.2784078,9.747706500000001,0.2618128472183603,3,-0.3655703958694643,-0.29953283447295703,3,-45.150823529952135
26.828,0.028449,-0.24397470000000002,9.800091900000002,0.2574455680953136,3,-0.27295494519044794,-0.2953787671504481,3,-45.15558282276512
26.859,0.09133110000000001,-0.2604555,9.856989900000002,0.25429497531437484,3,-0.10163202519156535,-0.2874467887275973,3,-45.164616618881226
26.875,0.1032993,-0.24103170000000002,9.8644455,0.25134492666845,3,-0.18437804037032357,-0.2834016695117352,3,-45.16918340654714
26.891,0.1032993,-0.21258269999999999,9.7986204,0.24714958509194673,3,-0.2622088485314822,-0.2794137134176524,3,-45.17368592961058
26.906,0.08083440000000001,-0.21258269999999999,9.7507476,0.2420939391270167,3,-0.3370430643286554,-0.27574438698601006,3,-45.177849615363606
26.922,0.058369500000000005,-0.2858634,9.7507476,0.2371709928122545,3,-0.3076841446726031,-0.27191026753049546,3,-45.18223085259974
26.937,0.058369500000000005,-0.2709522,9.7732125,0.23277654113744894,3,-0.29296344498702664,-0.2683856610258726,3,-45.18628307206391
26.953,0.010496700000000001,-0.2709522,9.806076000000001,0.22910908461802748,3,-0.22921603246386674,-0.26469057601982915,3,-45.190547681960275
26.969,0.049442400000000004,-0.2200383,9.806076000000001,0.22549088744309032,3,-0.22613732343354753,-0.2610537762433398,3,-45.19475363677838
26.984,0.049442400000000004,-0.30685680000000004,9.776155500000002,0.221402970887576,3,-0.2725277703676114,-0.2577020723058597,3,-45.198644305642496
27.0,0.0628821,-0.30685680000000004,9.877983300000002,0.2193923326851781,3,-0.12566488764988168,-0.25417570987727806,3,-45.20273932789996
27.016,0.058369500000000005,-0.2544714,9.877983300000002,0.21739140342981855,3,-0.12505807845998573,-0.25068143998835846,3,-45.206778185098884
27.031,0.09133110000000001,-0.2889045,9.759674700000001,0.21313449297942277,3,-0.2837940300263745,-0.247452495765289,3,-45.21051418961704
27.047,0.09133110000000001,-0.287433,9.7387794,0.20855068398345722,3,-0.2864880622478151,-0.2440790143495856,3,-45.21444644169796
27.062,0.0748503,-0.287433,9.839037600000001,0.20601894049408997,3,-0.1687828992911432,-0.24096974216600386,3,-45.218084307371825
27.078,0.0269775,-0.2350476,9.839037600000001,0.2035047209391525,3,-0.15713872218360914,-0.23769355287453828,3,-45.22191361373215
27.094,0.0269775,-0.2575125,9.8105886,0.2004931922081319,3,-0.1882205456887676,-0.23446156956935965,3,-45.2256908547117
27.125,0.031392,-0.2575125,9.7268112,0.1958988552910732,3,-0.14820441667931808,-0.22831749283312222,3,-45.23286393017894
27.141,0.0777933,-0.31284090000000003,9.7268112,0.19143150013677612,3,-0.27920969714359833,-0.22521884998969977,3,-45.23649222092152
27.156,0.0777933,-0.23200650000000003,9.821085300000002,0.18885530051323407,3,-0.17174664156946368,-0.22236669898482458,3,-45.23984911253883
27.187,0.0554265,-0.2290635,9.8046045,0.18600222706912106,3,-0.09203462722944486,-0.21655640730729764,3,-45.24665242068635
27.203,0.0344331,-0.2858634,9.800091900000002,0.18314400162222455,3,-0.17863909043105167,-0.2136032374777672,3,-45.25009369784463
27.219,0.0344331,-0.2724237,9.7536906,0.17942484597812758,3,-0.23244722775603474,-0.21070268669696404,3,-45.25348814523803
27.234,0.0777933,-0.2200383,9.7387794,0.1754652899951772,3,-0.2639703988633494,-0.20804101067716416,3,-45.25662872296834
27.25,0.0777933,-0.3023442,9.759674700000001,0.17203613965769016,3,-0.21432189609296298,-0.2052609992399415,3,-45.25993513904767
27.266,0.0733788,-0.3023442,9.8105886,0.16967136505494196,3,-0.14779841267177868,-0.20252733920224075,3,-45.26319744575521
27.281,0.09133110000000001,-0.2889045,9.8105886,0.16734797512938826,3,-0.15489266170357402,-0.1999996941508582,3,-45.26621639850536
27.297,0.09133110000000001,-0.261927,9.7866522,0.16458614519728165,3,-0.17261437075664365,-0.19734422118824455,3,-45.26939514982807
27.312,0.0733788,-0.261927,9.8495343,0.16310801723841983,3,-0.09854186392411754,-0.1948865149699767,3,-45.27233688034926
27.328,0.08377740000000002,-0.29783160000000003,9.8495343,0.16168049419926334,3,-0.08922018994729092,-0.1922882068784755,3,-45.275434278124045
27.344,0.08083440000000001,-0.258984,9.7612443,0.15852844425733714,3,-0.19700312137036508,-0.1897265353708224,3,-45.27849039606204
27.359,0.08083440000000001,-0.258984,9.771642900000002,0.15564201470732186,3,-0.19242863666767798,-0.18737025692858736,3,-45.281318622004285
27.391,0.08534699999999999,-0.258984,9.7417224,0.15222648643869086,3,-0.10673525839473073,-0.1824443609102517,3,-45.2872356558897
27.406,0.052385400000000006,-0.2365191,9.7417224,0.1488621634707652,3,-0.22428819786170212,-0.1801861960359307,3,-45.2899553850668
27.422,0.052385400000000006,-0.18266220000000002,9.764187300000001,0.14598149799290283,3,-0.18004159236637768,-0.17782744674422107,3,-45.29281949420904
27.453,0.1078119,-0.2769363,9.7536906,0.1430039966385941,3,-0.09604843078415669,-0.17334817157743304,3,-45.298262716293024
27.469,0.1078119,-0.2529999,9.746235,0.139926002947373,3,-0.19237460570129605,-0.17108473158074505,3,-45.30101817951829
27.484,0.0718092,-0.2529999,9.7851807,0.1376652238444418,3,-0.15071860686207494,-0.16900279737980636,3,-45.303568835985494
27.5,0.0793629,-0.2604555,9.7686999,0.13513072372675694,3,-0.15840625735532102,-0.166820429799237,3,-45.30625542180292
27.516,0.0898596,-0.2769363,9.7686999,0.1326565865124696,3,-0.1546335758929766,-0.16467813131732342,3,-45.30890741029186
27.531,0.0898596,-0.2814489,9.7327953,0.12952980069080944,3,-0.20845238811066874,-0.16271173341329875,3,-45.31136283427734
27.547,0.0718092,-0.2814489,9.7582032,0.1269593591948066,3,-0.1606525935001588,-0.1606598201342136,3,-45.31394980670572
27.562,0.0628821,-0.2529999,9.7582032,0.12442284129590497,3,-0.16910119326010264,-0.1587744536305332,3,-45.31634556375896
27.578,0.0628821,-0.2499588,9.7417224,0.1216114827870598,3,-0.17570990680284274,-0.1568061790378697,3,-45.31887020882031
27.594,0.0673947,-0.2499588,9.800091900000002,0.11999993886952431,3,-0.10072149484595655,-0.1548732876646168,3,-45.32136364455393
27.609,0.08377740000000002,-0.23347800000000002,9.800091900000002,0.1184145027257486,3,-0.1056957429183766,-0.1530851793526522,3,-45.323673333056554
27.641,0.08377740000000002,-0.2798793,9.7971489,0.1168262939635305,3,-0.04963152381932115,-0.14932132660562414,3,-45.328511837151886
27.656,0.0763218,-0.2798793,9.764187300000001,0.11462201083817725,3,-0.14695220835687822,-0.14758546431961125,3,-45.33073863808382
27.672,0.0179523,-0.258984,9.7327953,0.11182881371137121,3,-0.17457482042535766,-0.14577385772321466,3,-45.33308551266016
27.687,0.0179523,-0.23799060000000002,9.776155500000002,0.10992982479701396,3,-0.126599260957145,-0.14411066793440172,3,-45.335259646602594
27.703,0.0119682,-0.23799060000000002,9.7058178,0.1066891333549691,3,-0.20254321512782625,-0.14237771626918605,3,-45.33755155367622
27.719,0.0344331,-0.2260224,9.7058178,0.10350742960476467,3,-0.19885648438775488,-0.14069614376550799,3,-45.3398161445565
27.734,0.0344331,-0.23347800000000002,9.7222986,0.10071462930320862,3,-0.18618668677039574,-0.13916447832369813,3,-45.34191509922217
27.75,0.09133110000000001,-0.23347800000000002,9.8285409,0.1000663009064926,3,-0.040520524794756006,-0.13755823088202068,3,-45.344128880895816
27.766,0.113796,-0.31284090000000003,9.8285409,0.09947850880528009,3,-0.036737006325786185,-0.1359618724043267,3,-45.34631704172211
27.781,0.113796,-0.318825,9.7895952,0.0981428235069366,3,-0.08904568655622942,-0.134479712411985,3,-45.34834535360823
27.797,0.1257642,-0.318825,9.7701714,0.0964555725138414,3,-0.10545318706843762,-0.1329229252438186,3,-45.350484574709476
27.812,0.1302768,-0.2814489,9.806076000000001,0.09548372144810457,3,-0.06479007104911944,-0.13148338053910397,3,-45.35246762200285
27.828,0.1377324,-0.23053500000000002,9.806076000000001,0.09450687316832607,3,-0.06105301748616349,-0.1299634557821727,3,-45.354559196693415
27.859,0.08829,-0.22455090000000003,9.8151012,0.09371219937549569,3,-0.025634638478397417,-0.12704606015774322,3,-45.35854284419048
27.891,0.0673947,-0.2140542,9.8151012,0.09292526159678793,3,-0.024591805584619975,-0.12405986078218703,3,-45.36256053892552
27.906,0.0673947,-0.261927,9.749178,0.090884389286078,3,-0.13605815404732347,-0.12268128840056547,3,-45.36441109754439
27.922,0.0763218,-0.261927,9.747706500000001,0.0888559821059296,3,-0.1267754487592612,-0.12124336542942926,3,-45.36636249477503
27.937,0.029920500000000003,-0.2604555,9.747706500000001,0.08686161844344653,3,-0.1329575774988661,-0.11992548342530888,3,-45.36817126114144
27.953,0.029920500000000003,-0.2260224,9.7672284,0.0852721956548752,3,-0.09933892428571883,-0.11854841291252247,3,-45.37007905231214
27.969,0.0673947,-0.2604555,9.735738300000001,0.08311718764417186,3,-0.13468800066894374,-0.11720129784612994,3,-45.37196504999821
27.984,0.09133110000000001,-0.2604555,9.735738300000001,0.08100825912669762,3,-0.14059523449827735,-0.11597035699534837,3,-45.37371383740952
28.0,0.09133110000000001,-0.24701580000000004,9.771642900000002,0.07963757202935362,3,-0.08566794358400964,-0.1146851903461001,3,-45.375559081788246
28.031,0.08829,-0.24701580000000004,9.7701714,0.07826437074892567,3,-0.044296815497677486,-0.11223771023303686,3,-45.37907638674722
28.047,0.056898,-0.2634966,9.7701714,0.07692196278186891,3,-0.08390049794103797,-0.11099621956479036,3,-45.38086225818561
28.062,0.056898,-0.24701580000000004,9.7791966,0.07577434207959222,3,-0.07650804681844357,-0.10985099727832937,3,-45.382518612311934
28.078,0.08377740000000002,-0.23347800000000002,9.7627158,0.07432344534001878,3,-0.09068104622334983,-0.1086502149789726,3,-45.38426662200999
28.109,0.08377740000000002,-0.23200650000000003,9.7567317,0.07278301208928539,3,-0.04969139518494416,-0.10637006488881821,3,-45.38759943634794
28.125,0.1002582,-0.23200650000000003,9.783611100000002,0.07180270093667929,3,-0.061269447037888364,-0.10521337918461063,3,-45.38929210390053
28.141,0.08377740000000002,-0.21552570000000001,9.7372098,0.06992161022932564,3,-0.11756816920961606,-0.10407958469528271,3,-45.39096644761157
28.156,0.0823059,-0.2994012,9.7372098,0.06812062616282866,3,-0.12006560443312746,-0.10304426792234152,3,-45.3925198765062
28.172,0.0823059,-0.2394621,9.7672284,0.06691085069217273,3,-0.07561096691598698,-0.10196401610750139,3,-45.39415994277844
28.187,0.1032993,-0.2394621,9.788123700000002,0.06613827218384927,3,-0.05150523388822889,-0.10096614768593118,3,-45.39568191900689
28.203,0.11978010000000001,-0.261927,9.788123700000002,0.06539580067849826,3,-0.04640446908444296,-0.09991387510303251,3,-45.397288959189204
28.219,0.11978010000000001,-0.2798793,9.6967926,0.06288769315224307,3,-0.1567567203909317,-0.09888760715238647,3,-45.39887937104725
28.234,0.0777933,-0.2798793,9.7672284,0.061800860301978844,3,-0.07245552335094592,-0.09795244300147976,3,-45.400355671423405
28.25,0.0179523,-0.2664396,9.7672284,0.06072222226752366,3,-0.06741487715345627,-0.09697225834092385,3,-45.401915069034146
28.266,0.0179523,-0.2544714,9.747706500000001,0.0592758268482978,3,-0.09039971370162654,-0.09601227394799738,3,-45.403458945292456
28.281,0.0793629,-0.2544714,9.7552602,0.05801185708105727,3,-0.08426465114936513,-0.0951326163185272,3,-45.40489253196945
28.297,0.0449298,-0.2290635,9.708858900000001,0.05584646069262256,3,-0.13533727427715453,-0.09422174977633765,3,-45.40640736689821
28.312,0.049442400000000004,-0.2829204,9.708858900000001,0.05375178667535074,3,-0.1396449344847823,-0.09339976292107782,3,-45.407814528243435
28.328,0.049442400000000004,-0.2215098,9.7268112,0.05201882505673616,3,-0.10831010116342327,-0.09255359802722123,3,-45.40930215513102
28.359,0.052385400000000006,-0.2215098,9.759674700000001,0.05096435163081203,0,-0.03401527180400159,-0.0904573587885641,3,-45.412138824961666
28.375,0.0793629,-0.23799060000000002,9.759674700000001,0.0499417284101078,0,-0.0639139512940216,-0.08915011014823683,3,-45.41357568471316
28.391,0.0793629,-0.21856680000000003,9.855518400000001,0.050809011326020226,0,0.05420518224453261,-0.0878441042303479,3,-45.41499163842819
28.406,0.0898596,-0.21856680000000003,9.818044200000001,0.050926478887996396,0,0.007831170798411039,-0.08658108805374275,3,-45.416299827370324
28.422,0.09584369999999999,-0.18413369999999998,9.818044200000001,0.051028909819077484,0,0.006401933192567271,-0.08526544494408607,3,-45.41767459963431
28.437,0.09584369999999999,-0.17069399999999998,9.8674866,0.05209383852408678,0,0.07099524700061689,-0.0839920243315123,3,-45.418944030653876
28.453,0.0643536,-0.2575125,9.8809263,0.05343323036007064,0,0.08371198974900051,-0.08264780778043913,3,-45.42027714931077
28.469,0.050913900000000005,-0.2769363,9.8809263,0.054755119289845666,0,0.08261805811093001,-0.0812823009832397,3,-45.42158859018088
28.484,0.050913900000000005,-0.3098979,9.7552602,0.053607490821869774,0,-0.07650856453172322,-0.0799695814074018,3,-45.422797979298814
28.5,0.0793629,-0.3098979,9.7342668,0.05207467396902388,0,-0.09580105330287914,-0.07862412408907475,3,-45.42406672894278
28.516,0.0658251,-0.287433,9.7342668,0.05055642549003814,0,-0.09489052993661919,-0.07730307529340234,3,-45.42531414653784
28.531,0.0658251,-0.2784078,9.719257500000001,0.04876863272123089,0,-0.11918618458714551,-0.0760581373568178,3,-45.42646435563272
28.547,0.09133110000000001,-0.2784078,9.711801900000001,0.0468738144635612,0,-0.11842614110434198,-0.07479299777933937,3,-45.42767116471381
28.562,0.0614106,-0.2529999,9.711801900000001,0.04499791344827386,0,-0.12506006768581793,-0.07360395982000058,3,-45.428784141895804
28.578,0.0614106,-0.2350476,9.6384231,0.041711606460879125,0,-0.20539418671219375,-0.07241028366072744,3,-45.42995225584365
28.609,0.059841000000000005,-0.2350476,9.683352900000001,0.03937024229969133,0,-0.07552787616734256,-0.0706535150049385,3,-45.43216974472297
28.625,0.053856900000000006,-0.2140542,9.653432400000002,0.03647803211204348,0,-0.1807631367280104,-0.06954672880964469,3,-45.433291346673485
28.641,0.09878670000000002,-0.2350476,9.653432400000002,0.03365906719622913,0,-0.17618530723841616,-0.06848563201517856,3,-45.434395605560084
28.656,0.09878670000000002,-0.2140542,9.660888,0.031031948741876647,0,-0.17514123029015896,-0.06750044939564274,3,-45.43541550117067
28.687,0.09584369999999999,-0.2829204,9.695321100000001,0.02916531682168433,0,-0.060213932909425054,-0.06606739177940749,3,-45.43748580270888
28.703,0.09584369999999999,-0.2529999,9.7208271,0.027819001466824034,0,-0.08414470967877768,-0.06511151723309946,3,-45.43853523398098
28.719,0.0614106,-0.2529999,9.657945000000002,0.02526108793916748,0,-0.15986959547851662,-0.06418687651785149,3,-45.439569621130985
28.734,0.028449,-0.2769363,9.657945000000002,0.022763195543982206,0,-0.16652615967901202,-0.06332669439172785,3,-45.44052597291281
28.75,0.028449,-0.258984,9.7387794,0.021888935404064114,0,-0.05464125874488681,-0.062469477344143515,3,-45.4415323422867
28.781,-0.052385400000000006,-0.3083283,9.7895952,0.022057810690203183,0,0.0054475898754540696,-0.061288302779682405,3,-45.443450587878615
28.797,0.0643536,-0.1646118,9.7895952,0.02215672756378595,0,0.006182304598922191,-0.06043458647365045,3,-45.44442437099264
28.812,0.0643536,-0.3202965,9.8091171,0.02271185078306104,0,0.03700821461833785,-0.05959807213604908,3,-45.445324615932215
28.828,0.11978010000000001,-0.3202965,9.833053500000002,0.023735340719422737,0,0.06396812102261323,-0.05872649460402925,3,-45.44627121246614
28.844,0.0389457,-0.3083283,9.833053500000002,0.024718479709870067,0,0.061446186902951234,-0.057838864040594865,3,-45.44720373533529
28.859,0.0389457,-0.2425032,9.856989900000002,0.026115400193990723,0,0.09312803227470688,-0.05695760994131589,3,-45.44806470889016
28.891,0.09133110000000001,-0.2604555,9.8854389,0.028058298664085157,0,0.060715577190457753,-0.055590830759586776,3,-45.44986548394137
28.906,0.09133110000000001,-0.2994012,9.836094600000001,0.02901766749687873,0,0.06395792218623574,-0.05466276101337954,3,-45.45069238587967
28.922,0.1032993,-0.21101310000000004,9.8120601,0.02944446681663848,0,0.026674957484981512,-0.05369506393887134,3,-45.451559248479285
28.937,0.0898596,-0.21101310000000004,9.777627,0.029185330592131464,0,-0.017275748300467162,-0.05275534045830556,3,-45.45235762651227
28.953,0.1302768,-0.2664396,9.777627,0.028966718368110378,0,-0.013663264001319403,-0.05179012406662367,3,-45.45319399022846
28.969,0.1302768,-0.2274939,9.752219100000001,0.02823509755912923,0,-0.04572630056131665,-0.050832509539205706,3,-45.45401497129731
28.984,0.04188870000000001,-0.2274939,9.7342668,0.027150622391795665,0,-0.0722983444889016,-0.04991711663957375,3,-45.454770593493656
