timestamps,acc_x,acc_y,acc_z,aAcc,aStages,aJerk,aVelocity,avStages,aHeight
0.047,0.0239364,-0.4101561,9.877983300000002,0.03672056479546448,0,0.0,0.0,0,0.0
0.062,0.0239364,-0.4101561,9.877983300000002,0.03672056479546626,0,1.1842378929335004e-13,5.0808471931980534e-05,0,3.81063539489854e-07
0.078,-0.0014715,-0.36071369999999997,9.833053500000002,0.03557772693069694,0,-0.07142736654808246,0.0001291948057412862,0,1.8210897608759879e-06
0.094,-0.0014715,-0.36071369999999997,9.833053500000002,0.03446276316019059,0,-0.06968523565664686,0.00018951872646838638,0,4.370798018553369e-06
0.109,0.04041720000000001,-0.36071369999999997,9.8091171,0.03279359921093139,0,-0.11127759661728003,0.00019394144425180114,0,7.246749298954775e-06
0.125,0.0628821,-0.3503151,9.8091171,0.0311588437144934,0,-0.10217221852737435,0.0002055609876551994,0,1.044276875421078e-05
0.14,0.0628821,-0.3503151,9.821085300000002,0.029855675891381495,0,-0.08687785487412698,0.00016316988469926167,0,1.3208250296869239e-05
0.156,0.0658251,-0.35178660000000006,9.8704296,0.02978876990484558,0,-0.00418162415849466,0.00014032545106907766,0,1.5636212983015953e-05
0.172,0.0658251,-0.35178660000000006,9.8704296,0.029723495771639463,0,-0.004079633325382307,0.00011642357648095764,0,1.7690205203416232e-05
0.187,0.0658251,-0.3847482,9.8704296,0.02968978731973948,0,-0.0022472301266655355,6.202319966630045e-05,1,1.9028556024520668e-05
0.203,-0.010496700000000001,-0.3847482,9.8764137,0.029797530617914347,0,0.006733956135929192,3.7921743167530775e-05,1,1.982811556719132e-05
0.219,-0.0254079,-0.3262806,9.8764137,0.029852008083755877,0,0.0034048416150955804,1.5118052780890498e-05,1,2.025243393477869e-05
0.234,-0.0254079,-0.37572300000000003,9.8120601,0.02837953411237315,0,-0.098164931425515,0.0,1,2.0365819330635367e-05
0.25,0.050913900000000005,-0.39671639999999997,9.8524773,0.027950501204621503,0,-0.026814556734477992,0.00040249490178781606,1,2.358577854493789e-05
0.265,0.050913900000000005,-0.39671639999999997,9.8225568,0.026802766645298348,0,-0.07651563728821024,0.0003131444106622139,1,2.895307338831312e-05
0.281,0.0045126,-0.4221243,9.8225568,0.02570564304584444,0,-0.06857022496586923,0.00023321168819135686,1,3.332392217914169e-05
0.297,0.0045126,-0.3532581,9.8151012,0.024387308800909224,0,-0.08239589030845117,0.00013395530296538352,1,3.62612581083956e-05
0.312,0.0673947,-0.3532581,9.8105886,0.022996753899111155,0,-0.09270366011987118,0.0,1,3.726592288063598e-05
0.328,0.0658251,-0.3712104,9.8105886,0.02165601088702651,0,-0.08379643825529019,0.0003465578915046383,1,4.003838601267309e-05
0.344,0.0658251,-0.3907323,9.856989900000002,0.021497265921487596,0,-0.009921560346182216,0.00019178410597275007,1,4.434512199249219e-05
0.359,-0.0254079,-0.3907323,9.886910400000001,0.02206702930333293,0,0.03798422545635557,1.8516320158904268e-05,1,4.5922375188479594e-05
0.375,-0.0254079,-0.3907323,9.886910400000001,0.02262289601732803,0,0.0347416696246938,0.0,1,4.6070505749750826e-05
0.39,0.007455600000000001,-0.35777070000000005,9.8240283,0.02160136818007885,0,-0.068101855816612,0.00020771770420474275,1,4.76283885312864e-05
0.406,0.050913900000000005,-0.34580249999999996,9.922913099999999,0.02300777089747541,0,0.08790016983728491,6.459081682517673e-05,1,4.9806856699525756e-05
0.422,0.050913900000000005,-0.34580249999999996,9.922913099999999,0.024379871109568185,0,0.08575626325579866,0.0,1,5.032358323412717e-05
0.437,-0.0014715,-0.318825,9.8524773,0.023976247009549922,0,-0.026908273334550828,0.0003063628387749099,1,5.2621304524939e-05
0.453,-0.0014715,-0.318825,9.8524773,0.023582467399776874,0,-0.024611225610815503,0.00018683255404952463,1,5.656686766753448e-05
0.469,0.050913900000000005,-0.42506730000000004,9.8689581,0.023700841087595848,0,0.007398355488685856,6.509902194850453e-05,1,5.858232027551871e-05
0.484,-0.0090252,-0.4460607,9.8689581,0.02383580443437161,0,0.008997556451717506,0.0,1,5.907056294013249e-05
0.5,-0.0090252,-0.4460607,9.8689581,0.02396747599220106,0,0.008229472364340566,0.0003040501067758418,1,6.150296379433923e-05
0.515,0.0254079,-0.3562992,9.7941078,0.022183297010963443,0,-0.11894526541584098,0.00015018090429957595,1,6.490969637740486e-05
0.531,0.0643536,-0.34580249999999996,9.7941078,0.02043781413148693,0,-0.1090926799672819,0.0,1,6.611114361180146e-05
0.547,0.0643536,-0.34580249999999996,9.7941078,0.01873490400516964,0,-0.10643188289483065,0.0003045315385324307,1,6.854739592006092e-05
0.562,0.0090252,-0.3083283,9.883967400000001,0.019228592222280128,0,0.03291254780736586,8.925776023830344e-05,1,7.150081566084143e-05
0.578,0.0090252,-0.3083283,9.883967400000001,0.019710239263362794,0,0.030102940067666853,0.0,1,7.221487774274785e-05
0.594,0.0359046,-0.37572300000000003,9.7686999,0.01742914396812445,0,-0.1425684559523964,0.00019788347797534273,1,7.37979455665506e-05
0.609,0.0359046,-0.37572300000000003,9.7686999,0.015203685143502454,0,-0.14836392164146622,0.0,1,7.528207165136567e-05
0.625,0.0359046,-0.36071369999999997,9.854046900000002,0.015098931576316588,0,-0.00654709794911667,0.00018505063007109683,1,7.676247669193444e-05
0.64,0.0658251,-0.3173535,9.866015100000002,0.01525588338829742,0,0.01046345413205547,0.0,1,7.815035641746767e-05
0.656,0.0658251,-0.3173535,9.866015100000002,0.015409007107303196,0,0.009570232437861028,0.0001580308662705067,1,7.941460334763173e-05
0.672,0.0658251,-0.3427614,9.8524773,0.015249132086983863,0,-0.009992188769958324,0.0,1,8.067885027779578e-05
0.687,0.0329616,-0.39671639999999997,9.8091171,0.014081790771802716,0,-0.07782275434540975,0.00012327790126570246,1,8.160343453728856e-05
0.703,0.0329616,-0.39671639999999997,9.8091171,0.012942921196016144,0,-0.07117934848666117,0.0,1,8.258965774741417e-05
0.719,0.0673947,-0.3951468000000001,9.7806681,0.011141279823872807,0,-0.11260258575895844,3.2149205167360945e-05,1,8.284685138875306e-05
0.734,0.0673947,-0.3951468000000001,9.7806681,0.009383580924220425,0,-0.11717992664349206,0.0,1,8.308797042750827e-05
0.75,0.1122264,-0.3951468000000001,9.862974000000001,0.009684492294214309,0,0.018806960624617713,0.0,1,8.308797042750827e-05
0.765,0.0763218,-0.43556400000000006,9.862974000000001,0.010011176867667615,0,0.02177897156355374,0.0,1,8.308797042750827e-05
0.781,0.0763218,-0.33226469999999997,9.874942200000001,0.01052363444944504,0,0.03202859886108908,0.0001506262557765571,1,8.429298047372074e-05
0.797,0.0643536,-0.33226469999999997,9.7567317,0.008140044449714168,0,-0.14897437498317942,0.0,1,8.54979905199332e-05
0.812,0.08377740000000002,-0.30685680000000004,9.7567317,0.005797899495121328,0,-0.15614299697285583,0.0,1,8.54979905199332e-05
0.828,0.08377740000000002,-0.36669779999999996,9.862974000000001,0.006152600156417165,0,0.022168791330989947,7.426376840563575e-08,1,8.549858463008044e-05
0.844,0.050913900000000005,-0.36669779999999996,9.842078700000002,0.005983898364110729,0,-0.010543862019152242,0.0,1,8.549917874022769e-05
0.859,-0.0134397,-0.41908320000000004,9.842078700000002,0.005867289165887968,0,-0.007773946548184078,0.0,1,8.549917874022769e-05
0.875,0.0134397,-0.3367773,9.866015100000002,0.006259969673275023,0,0.02454253171169094,0.0,1,8.549917874022769e-05
0.89,0.0134397,-0.31136939999999996,9.862974000000001,0.00654859171688571,0,0.019241469574045766,0.0,1,8.549917874022769e-05
0.906,0.1466595,-0.31136939999999996,9.783611100000002,0.004922037742574048,0,-0.10165962339447877,0.0,1,8.549917874022769e-05
0.922,0.0194238,-0.347274,9.783611100000002,0.003338290763648999,0,-0.09898418618281549,3.6980103272590825e-05,1,8.579501956640842e-05
0.937,0.0194238,-0.4056435,9.8076456,0.0024336148723733686,0,-0.06031172608504197,0.0,1,8.607237034095285e-05
0.953,0.1362609,-0.4056435,9.834525,0.0022285751914541407,0,-0.01281498005745182,0.0,1,8.607237034095285e-05
0.969,0.0718092,-0.2679111,9.834525,0.0018969573846145948,0,-0.0207261129274716,0.0,1,8.607237034095285e-05
0.984,0.0718092,-0.3487455,9.8674866,0.002438624058642702,0,0.03611111160187379,0.0,1,8.607237034095285e-05
1.0,0.0868185,-0.3487455,9.827069400000001,0.001984890442482623,0,-0.02835835101000492,0.0,1,8.607237034095285e-05
1.015,0.0,-0.37572300000000003,9.827069400000001,0.0015571133112768365,0,-0.02851847541371929,0.0,1,8.607237034095285e-05
1.031,0.0449298,-0.34580249999999996,9.8524773,0.0017348168917976636,0,0.011106473782551685,0.0,1,8.607237034095285e-05
1.047,0.0449298,-0.37572300000000003,9.836094600000001,0.0015356063768656725,0,-0.012450657183249437,0.0,1,8.607237034095285e-05
1.062,0.0329616,-0.37572300000000003,9.8076456,0.000646732695454233,0,-0.05925824542742881,0.0,1,8.607237034095285e-05
1.078,0.0733788,-0.4161402,9.8076456,-0.000175358642851009,0,-0.05138070864407757,0.0,1,8.607237034095285e-05
1.094,0.0733788,-0.3622833,9.806076000000001,-0.0010677409975521357,0,-0.05577389716882037,0.0,1,8.607237034095285e-05
1.109,-0.0059841,-0.3622833,9.9693144,0.002033748662009671,0,0.2067659773041218,0.0,1,8.607237034095285e-05
1.125,0.08534699999999999,-0.34580249999999996,9.9693144,0.005054187047182523,0,0.1887773990733031,0.0,1,8.607237034095285e-05
1.14,0.08534699999999999,-0.30685680000000004,9.8524773,0.005121665826829158,0,0.0044985853097756785,0.0,1,8.607237034095285e-05
1.156,0.050913900000000005,-0.30685680000000004,9.8105886,0.00416052960499691,0,-0.060071013864515466,2.2258750929114723e-05,1,8.625044034838576e-05
1.172,0.0478728,-0.3891627,9.8584614,0.004460329007990538,0,0.01873746268710173,0.0,1,8.642851035581867e-05
1.187,0.0478728,-0.3891627,9.8584614,0.004752816230423562,0,0.019499148162201465,0.0,1,8.642851035581867e-05
1.203,0.08829,-0.37268190000000007,9.901919700000002,0.006088615326508062,0,0.08348744350528119,0.0,1,8.642851035581867e-05
1.219,-0.0643536,-0.37268190000000007,9.8944641,0.007205626053641723,0,0.06981317044585372,0.0,1,8.642851035581867e-05
1.234,-0.0643536,-0.37268190000000007,9.8944641,0.00829539261669865,0,0.07265110420379557,0.0,1,8.642851035581867e-05
1.25,0.0359046,-0.3338343,9.8615025,0.008517782683732378,0,0.013899379189608029,0.00010417263504877705,1,8.72618914362089e-05
1.265,0.0359046,-0.3338343,9.8615025,0.00873474860278911,0,0.014464394603782295,0.0,1,8.804318619907472e-05
1.281,0.050913900000000005,-0.3532581,9.833053500000002,0.00827110432665279,0,-0.028977767258520058,0.0,1,8.804318619907472e-05
1.297,0.050913900000000005,-0.42065280000000005,9.900448200000001,0.009525663291503506,0,0.07840993530316968,1.1987584078471114e-05,1,8.813908687170249e-05
1.312,0.050913900000000005,-0.42065280000000005,9.900448200000001,0.010749623257211738,0,0.08159733104721481,0.0,1,8.822899375229102e-05
1.328,0.0344331,-0.42065280000000005,9.7926363,0.009314853378409538,0,-0.08967311742513742,0.0,1,8.822899375229102e-05
1.344,0.1107549,-0.33226469999999997,9.856989900000002,0.009414659389509694,0,0.0062378756937597705,0.0,1,8.822899375229102e-05
1.359,-0.0763218,-0.3367773,9.856989900000002,0.009507799390526372,0,0.006209333401111927,0.0001163225892724315,1,8.910141317183426e-05
1.375,0.049442400000000004,-0.3996594,9.8240283,0.008848471178536599,0,-0.04120801324936082,0.0,1,9.003199388601371e-05
1.39,0.049442400000000004,-0.3996594,9.8240283,0.008205224142448841,0,-0.042883135739184106,0.0,1,9.003199388601371e-05
1.406,0.0,-0.3592422,9.8240283,0.0075365867472481085,0,-0.041789837200045775,1.7009955849901087e-05,1,9.016807353281292e-05
1.422,0.0,-0.32932170000000005,9.862974000000001,0.007808062617534972,0,0.01696724189292896,0.0,1,9.030415317961212e-05
1.437,0.0119682,-0.32932170000000005,9.8794548,0.00847484105770846,0,0.04445189601156548,0.0,1,9.030415317961212e-05
1.453,0.0628821,-0.38621970000000005,9.8794548,0.009180279629548593,0,0.0440899107400083,0.0,1,9.030415317961212e-05
1.469,0.0628821,-0.39671639999999997,9.833053500000002,0.008747848358146015,0,-0.0270269544626611,4.655491773210632e-05,1,9.067659252146898e-05
1.484,-0.0449298,-0.39671639999999997,9.8689581,0.00919856937330188,0,0.030048067677057783,0.0,1,9.102575440445978e-05
1.5,0.059841000000000005,-0.3532581,9.8524773,0.009198275468460082,0,-1.836905261232145e-05,0.0,1,9.102575440445978e-05
1.515,0.052385400000000006,-0.3098979,9.8524773,0.009161382863823064,0,-0.002459506975801197,0.0,1,9.102575440445978e-05
1.531,0.052385400000000006,-0.3487455,9.8495343,0.009085307881241178,0,-0.004754686411367888,0.00011199877290469715,1,9.192174458769736e-05
1.547,0.020993400000000002,-0.3487455,9.7582032,0.006782063490099688,0,-0.143952774446343,0.0,1,9.281773477093494e-05
1.562,0.0777933,-0.34580249999999996,9.7582032,0.0045394507080800395,0,-0.14950751880130866,0.0,1,9.281773477093494e-05
1.578,0.0777933,-0.3712104,9.7956774,0.0032876049528862694,0,-0.07824035969961056,0.0,1,9.281773477093494e-05
1.594,0.052385400000000006,-0.3712104,9.777627,0.0016222463062991466,0,-0.10408491541169508,0.0,1,9.281773477093494e-05
1.609,-0.0254079,-0.37572300000000003,9.777627,-9.085790111384995e-07,0,-0.10821032568735305,0.0,1,9.281773477093494e-05
1.625,-0.0254079,-0.38023560000000006,9.8285409,-0.0003393575227175205,0,-0.02115305898164886,0.0,1,9.281773477093494e-05
1.64,0.0777933,-0.35777070000000005,9.8689581,0.0003016999715228508,0,0.042737166282691696,0.0,1,9.281773477093494e-05
1.656,0.0329616,-0.35777070000000005,9.806076000000001,-0.0006116975200729513,0,-0.05708734322473758,0.0,1,9.281773477093494e-05
1.672,0.052385400000000006,-0.3622833,9.806076000000001,-0.001496718607620906,0,-0.05531381797174712,0.0,1,9.281773477093494e-05
1.687,0.052385400000000006,-0.35178660000000006,9.7672284,-0.003316346334612419,0,-0.12130851513276653,0.0,1,9.281773477093494e-05
1.703,-0.0344331,-0.35178660000000006,9.922913099999999,-0.0012987949583713743,0,0.12609696101506518,0.0,1,9.281773477093494e-05
1.719,-0.0269775,-0.23799060000000002,9.922913099999999,0.0005865410418994799,0,0.11783350001692827,0.0,1,9.281773477093494e-05
1.734,-0.0269775,-0.36669779999999996,9.8255979,0.00014959817738180448,0,-0.029129524301178548,0.0,1,9.281773477093494e-05
1.75,0.0194238,-0.36669779999999996,9.8165727,-0.000497095387189006,0,-0.04041834778567562,0.0,1,9.281773477093494e-05
1.765,0.08377740000000002,-0.4386051,9.8165727,-0.0010478967868277067,0,-0.03672009330924695,0.0,1,9.281773477093494e-05
1.781,0.08377740000000002,-0.3562992,9.871999200000001,-0.00031553922311999827,0,0.045772347731731736,0.0,1,9.281773477093494e-05
1.797,0.08377740000000002,-0.3562992,9.871999200000001,0.00039895596098560304,0,0.04465594900660004,0.0,1,9.281773477093494e-05
1.812,0.0777933,-0.38621970000000005,9.8809263,0.001339816351077161,0,0.06272402600610334,0.0,1,9.281773477093494e-05
1.828,0.0194238,-0.2694807,9.883967400000001,0.0022304566286823757,0,0.05566501735032587,0.0,1,9.281773477093494e-05
1.844,0.0194238,-0.3427614,9.831582000000001,0.0018777847942210713,0,-0.022041989653831508,0.0,1,9.281773477093494e-05
1.859,0.0194238,-0.3427614,9.831582000000001,0.0015337147118206218,0,-0.022938005493363445,0.0,1,9.281773477093494e-05
1.875,0.1002582,-0.39818790000000004,9.783611100000002,9.193347355385129e-05,0,-0.09011132739167307,0.0,1,9.281773477093494e-05
1.89,0.1002582,-0.38023560000000006,9.833053500000002,-0.00012714246806133644,0,-0.014605062774345944,0.0,1,9.281773477093494e-05
1.906,0.1002582,-0.38023560000000006,9.833053500000002,-0.00034087509402702665,0,-0.013358289122855626,0.0,1,9.281773477093494e-05
1.922,-0.0673947,-0.37572300000000003,9.855518400000001,-1.293718917061426e-05,0,0.020496119053525757,0.0,1,9.281773477093494e-05
1.937,-0.0673947,-0.37572300000000003,9.855518400000001,0.0003070022302011921,0,0.021329294624786915,0.0,1,9.281773477093494e-05
1.953,-0.0673947,-0.287433,9.8105886,-0.0005486228048674491,0,-0.053476564691790025,0.0,1,9.281773477093494e-05
1.969,0.0,-0.37425150000000007,9.889951500000002,0.0006166303413177587,0,0.07282832163657542,0.0,1,9.281773477093494e-05
1.984,0.0,-0.37425150000000007,9.889951500000002,0.0017534626790602914,0,0.07578882251616934,0.0,1,9.281773477093494e-05
2.0,0.09878670000000002,-0.4281084,9.836094600000001,0.0016155484269511078,0,-0.00861964075682397,0.0,1,9.281773477093494e-05
2.015,0.11821050000000001,-0.4281084,9.874942200000001,0.0024327602844529395,0,0.05448079050012166,0.0,1,9.281773477093494e-05
2.031,0.11821050000000001,-0.4281084,9.874942200000001,0.0032300401454303795,0,0.04982999131108996,4.5179562958404945e-05,1,9.317917127460218e-05
2.047,0.0119682,-0.3427614,9.874942200000001,0.00390962385841398,0,0.04247398206147498,0.0,1,9.354060777826942e-05
2.062,0.0119682,-0.33226469999999997,9.848062800000001,0.003908664301343734,0,-6.397047134972566e-05,0.0,1,9.354060777826942e-05
2.078,-0.0464013,-0.33226469999999997,9.834525,0.003580217010734188,0,-0.020527955663096602,0.0,1,9.354060777826942e-05
2.094,0.056898,-0.33981839999999996,9.834525,0.003267415921223815,0,-0.01955006809439828,0.0,1,9.354060777826942e-05
2.109,0.056898,-0.37425150000000007,9.774684,0.0015342630263361912,0,-0.11554352632584064,0.0,1,9.354060777826942e-05
2.125,0.0269775,-0.36071369999999997,9.8285409,0.0011405379782036817,0,-0.024607815508281818,0.0,1,9.354060777826942e-05
2.14,0.0748503,-0.36071369999999997,9.895935600000001,0.002405087912753956,0,0.08430332897001758,0.0,1,9.354060777826942e-05
2.156,-0.0269775,-0.3532581,9.8644455,0.002858678424471961,0,0.02834940698237529,0.0,1,9.354060777826942e-05
2.172,-0.0269775,-0.3532581,9.8644455,0.0033012057529759886,0,0.027657958031501704,0.0,1,9.354060777826942e-05
2.187,0.0269775,-0.3532581,9.8764137,0.004024659189497015,0,0.048230229101402795,5.962535650765044e-06,1,9.358532679565016e-05
2.203,0.0344331,-0.3891627,9.8764137,0.004763923409884185,0,0.0462040137741981,0.0,1,9.363302708085628e-05
2.219,0.0344331,-0.3218661,9.830012400000001,0.004294983324802715,0,-0.02930875531759189,0.0,1,9.363302708085628e-05
2.234,0.0179523,-0.3218661,9.845021700000002,0.00420229439873232,0,-0.006179261738026247,0.0,1,9.363302708085628e-05
2.25,0.049442400000000004,-0.34128990000000003,9.845021700000002,0.004130440204940911,0,-0.0044908871119631,0.0,1,9.363302708085628e-05
2.265,0.049442400000000004,-0.37268190000000007,9.8091171,0.003213001310692576,0,-0.061162592949888475,0.0,1,9.363302708085628e-05
2.281,0.053856900000000006,-0.3907323,9.8105886,0.0023714853548568726,0,-0.052594747239731406,0.0,1,9.363302708085628e-05
2.297,0.0119682,-0.3907323,9.877983300000002,0.003189548078010418,0,0.051128920197096535,0.0,1,9.363302708085628e-05
2.312,0.0150093,-0.39220380000000005,9.877983300000002,0.003989180484849086,0,0.05330882712257903,0.0,1,9.363302708085628e-05
2.328,0.0150093,-0.3622833,9.8615025,0.004339760187853869,0,0.02191123143779892,4.384587183686728e-05,1,9.398379405555122e-05
2.344,0.0628821,-0.3622833,9.818044200000001,0.00362717805585433,0,-0.04453638324997118,0.0,1,9.433456103024617e-05
2.359,0.0643536,-0.36826739999999997,9.818044200000001,0.0029376346312410817,0,-0.045969561640882825,0.0,1,9.433456103024617e-05
2.375,0.0643536,-0.31136939999999996,9.871999200000001,0.003532196689215894,0,0.037160128623425735,0.0,1,9.433456103024617e-05
2.39,0.0179523,-0.31136939999999996,9.862974000000001,0.0038875248493983605,0,0.023688544012164237,0.0,1,9.433456103024617e-05
2.406,0.0449298,-0.3532581,9.862974000000001,0.004270686354955089,0,0.0239475940972955,0.0,1,9.433456103024617e-05
2.422,-0.007455600000000001,-0.3503151,9.8196138,0.0035826219862009623,0,-0.04300402304713287,0.0,1,9.433456103024617e-05
2.437,-0.007455600000000001,-0.4056435,9.8794548,0.004421545263305404,0,0.05592821847363065,0.0,1,9.433456103024617e-05
2.453,-0.007455600000000001,-0.4056435,9.8794548,0.005240006997064839,0,0.05115385835996462,2.963986386134848e-05,1,9.457167994113695e-05
2.469,0.0478728,-0.34580249999999996,9.839037600000001,0.005000630046268384,0,-0.01496105942477842,0.0,1,9.480879885202773e-05
2.484,0.0478728,-0.34580249999999996,9.839037600000001,0.004767091557686953,0,-0.015569232572095248,0.0,1,9.480879885202773e-05
2.5,-0.007455600000000001,-0.347274,9.843550200000001,0.004647737365276683,0,-0.0074596370256418895,0.0,1,9.480879885202773e-05
2.515,0.0344331,-0.3831786,9.843550200000001,0.004565162803237044,0,-0.005504970802642553,0.0,1,9.480879885202773e-05
2.531,0.0344331,-0.34580249999999996,9.839037600000001,0.004340875272765388,0,-0.014017970654478506,0.0,1,9.480879885202773e-05
2.547,0.0344331,-0.34580249999999996,9.839037600000001,0.004122058169865994,0,-0.013676068931212081,0.0,1,9.480879885202773e-05
2.562,0.0478728,-0.3547296,9.8120601,0.0032601429041498875,0,-0.057461017714408334,2.3556535089432062e-05,1,9.498547286519847e-05
2.578,0.050913900000000005,-0.4027005000000001,9.871999200000001,0.003925435503248309,0,0.04158078744365131,0.0,1,9.517392514591393e-05
2.594,0.050913900000000005,-0.4027005000000001,9.871999200000001,0.004574501453589619,0,0.04056662189633183,0.0,1,9.517392514591393e-05
2.609,0.050913900000000005,-0.3307932,9.7686999,0.0026245942090010743,0,-0.1299938163059019,0.0,1,9.517392514591393e-05
2.625,0.0389457,-0.3307932,9.8854389,0.0035665624245044825,0,0.058873013468962954,0.0,1,9.517392514591393e-05
2.64,-0.0059841,-0.3307932,9.7851807,0.002039790289080301,0,-0.10178480902827793,0.0,1,9.517392514591393e-05
2.656,-0.0059841,-0.3307932,9.7851807,0.0005502564984212199,0,-0.09309586191619248,0.0,1,9.517392514591393e-05
2.672,0.020993400000000002,-0.3307932,9.8375661,0.00037452133582682734,0,-0.010983447662149527,0.0,1,9.517392514591393e-05
2.687,0.0059841,-0.38023560000000006,9.871999200000001,0.001085329067871399,0,0.047387182136305786,0.0,1,9.517392514591393e-05
2.703,0.0059841,-0.38023560000000006,9.871999200000001,0.001778800025963534,0,0.043341934880758395,0.0,1,9.517392514591393e-05
2.719,0.0793629,-0.37425150000000007,9.8375661,0.0016183148940545067,0,-0.010030320744314194,0.0,1,9.517392514591393e-05
2.734,0.0793629,-0.37425150000000007,9.8375661,0.0014617440336550658,0,-0.01043805735996264,0.0,1,9.517392514591393e-05
2.75,0.08534699999999999,-0.33824879999999996,9.8794548,0.0022994721607201285,0,0.05235800794156637,0.0,1,9.517392514591393e-05
2.765,0.08534699999999999,-0.3173535,9.830012400000001,0.0018946256534562167,0,-0.02698976715092723,0.0,1,9.517392514591393e-05
2.781,0.053856900000000006,-0.3173535,9.8495343,0.001970107528881826,0,0.0047176172141005735,0.0,1,9.517392514591393e-05
2.797,0.0344331,-0.33824879999999996,9.8495343,0.0020585779999660048,0,0.005529404442761171,3.156145581387215e-05,1,9.54264167924249e-05
2.812,0.0344331,-0.36826739999999997,9.871999200000001,0.002718672222041363,0,0.04400628147169148,0.0,1,9.566312771102894e-05
2.828,0.050913900000000005,-0.4101561,9.877983300000002,0.0035504774559722563,0,0.05198782712068079,0.0,1,9.566312771102894e-05
2.844,0.050913900000000005,-0.4101561,9.877983300000002,0.004361994757367427,0,0.05071983133719811,0.0,1,9.566312771102894e-05
2.859,0.050913900000000005,-0.40711500000000006,9.8495343,0.004457374636109179,0,0.006358658582783452,0.0,1,9.566312771102894e-05
2.875,0.0269775,-0.40711500000000006,9.7986204,0.003307388875855466,0,-0.07187411001585702,0.0,1,9.566312771102894e-05
2.89,0.0628821,-0.3143124,9.7986204,0.0021061978043039886,0,-0.08007940477009783,0.0,1,9.566312771102894e-05
2.906,0.028449,-0.36826739999999997,9.8689581,0.002690544758248592,0,0.036521684621537674,0.0,1,9.566312771102894e-05
2.922,0.028449,-0.36973890000000004,9.866015100000002,0.00319025049923205,0,0.03123160881146611,0.0,1,9.566312771102894e-05
2.937,0.052385400000000006,-0.36973890000000004,9.862974000000001,0.0036060381762013094,0,0.027719178464617873,0.0,1,9.566312771102894e-05
2.953,0.049442400000000004,-0.3427614,9.862974000000001,0.003987563735938338,0,0.02384534748356424,4.685036918087443e-05,1,9.603793066447593e-05
2.969,0.049442400000000004,-0.3891627,9.889951500000002,0.005059216414741385,0,0.06697829242519043,0.0,1,9.641273361792293e-05
2.984,0.0134397,-0.3891627,9.8016615,0.003950209349579126,0,-0.07393380434415003,0.0,1,9.641273361792293e-05
3.0,-0.0030411,-0.3652263,9.8016615,0.0028455880450728444,0,-0.06903883153164253,0.0,1,9.641273361792293e-05
3.015,-0.0030411,-0.3817071,9.860031000000001,0.003205788005846699,0,0.02401333071825679,0.0,1,9.641273361792293e-05
3.031,0.0239364,-0.3817071,9.6668721,-0.0011496826147965322,0,-0.27221691379020174,0.0,1,9.641273361792293e-05
3.047,0.0434583,-0.33981839999999996,9.6668721,-0.005435365194232489,0,-0.26785516121474706,0.0,1,9.641273361792293e-05
3.062,0.0224649,-0.34580249999999996,9.624983400000001,-0.010634108096416739,0,-0.34658286014562406,0.0,1,9.641273361792293e-05
3.078,0.0224649,-0.3173535,9.6115437,-0.016057560417502614,0,-0.33896577006786693,0.0,1,9.641273361792293e-05
3.094,-0.0194238,-0.3173535,9.5666139,-0.022444141838787957,0,-0.39916133883033356,0.0,1,9.641273361792293e-05
3.109,0.058369500000000005,-0.315882,9.5666139,-0.02867228014599732,0,-0.41520922048062076,-0.00027512571691343897,1,9.434929074107213e-05
3.125,0.058369500000000005,-0.35178660000000006,9.5950629,-0.0340245749356658,0,-0.33451842435427953,-0.0002767005575667436,1,8.993468054523067e-05
3.14,0.08083440000000001,-0.35178660000000006,9.5247252,-0.0409566862180899,0,-0.462140752161603,-0.000339060016219916,1,8.531647624183069e-05
3.156,0.020993400000000002,-0.3891627,9.5247252,-0.047692086811553125,0,-0.4209625370914512,-0.0005482502004570604,1,7.821799450841487e-05
3.172,0.020993400000000002,-0.36375480000000004,9.5740695,-0.053085039191772765,0,-0.3370595237637272,-0.0008544672084836681,1,6.699625523688903e-05
3.187,0.020993400000000002,-0.36375480000000004,9.5740695,-0.05834645614808487,0,-0.3507611304208144,-0.0011902034235325805,1,5.166122549676749e-05
3.203,0.031392,-0.3891627,9.7327953,-0.059586305899955505,0,-0.0774906094919147,-0.0016336655199169028,1,2.9070273949171603e-05
3.219,0.058369500000000005,-0.3891627,9.7327953,-0.0607928836984879,0,-0.07541111240827451,-0.0020966990367044507,1,-7.726425037992507e-07
3.234,0.058369500000000005,-0.3907323,9.7342668,-0.0619326394925217,0,-0.07598371960225292,-0.002517140460637031,1,-3.537643873386065e-05
3.25,0.050913900000000005,-0.3907323,9.6654006,-0.06472389548042123,0,-0.1744534992437206,-0.0030303927404205728,1,-7.975670434232151e-05
3.265,0.050913900000000005,-0.3907323,9.6654006,-0.06744707205398193,0,-0.18154510490404469,-0.0035216749969286033,1,-0.00012889721237244076
3.281,0.028449,-0.34580249999999996,9.6429357,-0.07069537124620418,1,-0.20301869951389034,-0.004626814543330093,1,-0.00019408512869451038
3.297,0.0373761,-0.34580249999999996,9.4962762,-0.07743840143175262,1,-0.42143938659677765,-0.005811884724753748,1,-0.0002775947228391812
3.312,0.0373761,-0.34580249999999996,9.4962762,-0.08401696746643417,1,-0.4385710689787789,-0.007022799991490122,1,-0.0003738548582110082
3.328,0.0389457,-0.318825,9.4962762,-0.09045793833047355,1,-0.4025606790024613,-0.008418599237865386,1,-0.0004973860520458524
3.344,0.0389457,-0.36071369999999997,9.5740695,-0.09480925583511457,1,-0.27195734404006333,-0.009900736791190093,1,-0.0006439407402782963
3.359,0.0389457,-0.3562992,9.4812669,-0.10132035066272493,1,-0.43407298850735404,-0.011371708839923899,1,-0.0008034840825116526
3.375,0.0389457,-0.3562992,9.4812669,-0.10767263829941953,1,-0.39701797729341204,-0.013043652751621056,1,-0.0009988069752440124
3.39,-0.010496700000000001,-0.3652263,9.4812669,-0.11386352120605636,1,-0.4127255271091186,-0.01470517394791214,2,-0.0012069231754905131
3.406,-0.010496700000000001,-0.3712104,9.6219423,-0.11646922603115328,1,-0.16285655156855747,-0.01654783592580982,2,-0.001456947254480289
3.422,0.029920500000000003,-0.3712104,9.5950629,-0.11966548606301686,1,-0.1997662519914732,-0.018436913622563184,2,-0.0017368252508672731
3.437,0.0614106,-0.36973890000000004,9.5950629,-0.1227815206411833,1,-0.20773563854443436,-0.02025526617284465,2,-0.0020270165993328255
3.453,0.0614106,-0.318825,9.5486616,-0.12699717044075776,1,-0.2634781124734029,-0.022253495701500182,3,-0.0023670866943275846
3.469,0.059841000000000005,-0.318825,9.539636400000001,-0.13133024222826428,1,-0.27081698671915766,-0.02432011500285236,3,-0.0027396755799624054
3.484,0.0478728,-0.344331,9.539636400000001,-0.1355376668997188,1,-0.28049497809696555,-0.02632162432131225,3,-0.003119488624893643
3.5,0.0478728,-0.3487455,9.476754300000001,-0.14117122255120407,1,-0.35209722821782885,-0.028535295436919635,3,-0.0035583439829594984
3.515,0.0478728,-0.3487455,9.342063000000001,-0.14995023142801678,1,-0.5852672584541758,-0.03071870634176381,3,-0.004002748996299628
3.531,0.0239364,-0.3202965,9.282222,-0.1600008599107916,1,-0.6281642801734261,-0.033198315072474276,3,-0.0045140851676135334
3.547,0.0164808,-0.35777070000000005,9.282222,-0.16977338506968742,1,-0.610782822430988,-0.03583650903231811,3,-0.005066363760451873
3.562,0.0164808,-0.3008727,9.268684200000001,-0.17968677670006272,1,-0.6608927753583675,-0.03845746024559118,3,-0.005623568530036181
3.578,-0.0059841,-0.3008727,9.297133200000001,-0.1886651746564354,1,-0.5611498722732917,-0.04140427585644317,3,-0.006262462418852457
3.594,0.0329616,-0.30685680000000004,9.297133200000001,-0.197418442136426,1,-0.5470792174994128,-0.04449294479078606,3,-0.006949640184030291
3.609,0.0329616,-0.3278502,9.4154418,-0.20305695975055826,1,-0.37590117427548053,-0.04749651030493847,3,-0.007639561097248231
3.625,0.0014715,-0.3278502,9.424368900000001,-0.20834175371457597,1,-0.3302996227511065,-0.05078770001265955,3,-0.008425834779789015
3.64,-0.0014715,-0.36071369999999997,9.424368900000001,-0.21346838842173632,1,-0.3417756471440204,-0.05395127607868192,3,-0.009211377100474082
3.656,-0.0014715,-0.3173535,9.3195981,-0.22106192509499145,1,-0.4745960420784452,-0.057427518586815746,3,-0.010102407457798064
3.672,0.0373761,-0.29783160000000003,9.3405915,-0.22797236648932717,1,-0.4319025871459821,-0.06101979291949029,3,-0.011049985949848514
3.687,0.0254079,-0.29783160000000003,9.437906700000001,-0.2323429015371179,1,-0.2913690031860545,-0.06447215742968856,3,-0.011991175577467336
3.703,0.0344331,-0.2814489,9.437906700000001,-0.2366183974715259,1,-0.2672184959005006,-0.06822384782175772,3,-0.013052743619478908
3.719,0.0344331,-0.2829204,9.370512000000002,-0.2424315592130757,1,-0.36332260884686074,-0.07205624747523454,3,-0.014174984381854846
3.734,-0.028449,-0.2829204,9.346575600000001,-0.2486869713574169,1,-0.4170274762894113,-0.07573963645451326,3,-0.015283453511327963
3.75,-0.0224649,-0.32932170000000005,9.346575600000001,-0.25475316294576267,1,-0.37913697427160964,-0.07976715752893869,3,-0.01652750786319558
3.765,-0.0224649,-0.34580249999999996,9.4259385,-0.2587225278913863,1,-0.26462432970823846,-0.08361822521021735,3,-0.01775289823373926
3.781,0.0643536,-0.34580249999999996,9.42741,-0.2625545118769015,1,-0.2394989990947003,-0.08778844152836365,3,-0.01912415156764791
3.797,0.1781496,-0.5299362,9.42741,-0.2660490406379967,1,-0.21840804756845225,-0.09201726994848285,3,-0.020562597259462682
3.812,0.1781496,-0.5299362,9.42741,-0.26945833699028476,1,-0.22728642348587405,-0.09603357528069487,3,-0.021972978598681484
3.828,0.2215098,-0.4939335,9.398961,-0.27350243757443593,1,-0.2527562865094477,-0.10037726147721264,3,-0.023544265292744743
3.844,0.1571562,-0.4939335,9.2298366,-0.28159808210023485,1,-0.5059777828624319,-0.10481806563461,3,-0.025185827909639327
3.859,0.1571562,-0.4939335,9.2298366,-0.28949627188150195,1,-0.5265459854178027,-0.10910127328947307,3,-0.026790222951569964
3.875,0.029920500000000003,-0.2769363,9.154986300000001,-0.2992788140997771,1,-0.6114088886421948,-0.1138114739773233,3,-0.028573524929704337
3.89,-0.010496700000000001,-0.2769363,9.145961100000001,-0.30904382893953297,1,-0.6510009893170541,-0.11837389380011816,3,-0.03031491518803516
3.906,-0.010496700000000001,-0.2769363,9.145961100000001,-0.3185706726856363,1,-0.595427734131459,-0.12339480981311951,3,-0.032249064816941064
3.922,-0.0239364,-0.3008727,9.2507319,-0.3252920944692512,1,-0.4200888614759309,-0.12854571195035863,3,-0.034264588991048894
3.937,-0.0239364,-0.3008727,9.2507319,-0.3318495791361933,1,-0.4371656444628133,-0.13347427450239935,3,-0.036229738889444536
3.953,-0.0239364,-0.3008727,9.3525597,-0.335764826772758,1,-0.24470297728529355,-0.13881518974967097,3,-0.0384080546034611
3.969,0.0224649,-0.4056435,9.2791809,-0.341276247298941,1,-0.3444637828864391,-0.14423151834224457,3,-0.04067242826819643
3.984,0.0224649,-0.4056435,9.2791809,-0.3466532429342415,1,-0.3584663756866953,-0.1493909895189935,3,-0.042874597077155734
4.0,0.09427410000000001,-0.3427614,9.346575600000001,-0.3503073053097303,1,-0.22837889846805107,-0.15496667390494526,3,-0.045309458384547245
4.015,0.0673947,-0.39671639999999997,9.346575600000001,-0.35382589403247344,1,-0.23457258151621382,-0.16024767290001168,3,-0.04767356598558437
4.031,0.0673947,-0.39671639999999997,9.346575600000001,-0.3572586635180759,1,-0.2145480928501529,-0.1659363493604161,3,-0.0502830381636678
4.047,0.0673947,-0.3907323,9.4169133,-0.3588998260574847,1,-0.10257265871305145,-0.1716656172770206,3,-0.05298385389676729
4.062,0.1122264,-0.3907323,9.3195981,-0.36286185102902735,1,-0.26413499810283214,-0.17707882985516965,3,-0.055599437250258815
4.078,0.1406754,-0.3907323,9.3195981,-0.3667178356535086,1,-0.24099903903007625,-0.18291546734862996,3,-0.05847939162788921
4.094,0.1406754,-0.3907323,9.2582856,-0.3719737064276547,1,-0.32849192338413297,-0.18882499968527927,3,-0.06145331536416049
4.109,0.0733788,-0.3907323,9.1490022,-0.37978330697637297,1,-0.5206400365812288,-0.19446317728580936,3,-0.06432797669144359
4.125,0.049442400000000004,-0.3503151,9.1490022,-0.3874462342815548,1,-0.4789329565738627,-0.2006010136158728,3,-0.06748849021865705
4.14,0.0643536,-0.3712104,9.1698975,-0.3943907099132318,1,-0.46296504211180944,-0.20646479069733356,3,-0.07054148375100604
4.156,0.0643536,-0.3487455,9.202859100000001,-0.4003839574994785,1,-0.3745779741404217,-0.21282298803663524,3,-0.07389578598087779
4.172,-0.0045126,-0.3487455,9.2088432,-0.4060906362603607,1,-0.3566674225551344,-0.21927478478671397,3,-0.07735256816346459
4.187,-0.0045126,-0.37572300000000003,9.2088432,-0.41163226550060905,1,-0.3694419493498773,-0.22540770654992148,3,-0.08068768684848948
4.203,-0.0045126,-0.3562992,9.1923624,-0.4174592173251561,1,-0.3641844890341913,-0.2320404384125276,3,-0.08434727200818908
4.219,0.0344331,-0.3562992,9.310671000000001,-0.4202590856229804,1,-0.17499176861401883,-0.2387421848361127,3,-0.0881135329941782
4.234,0.0164808,-0.2889045,9.310671000000001,-0.4230487806004728,1,-0.18597966516616224,-0.24506699383278846,3,-0.09174210183419489
4.25,0.0164808,-0.318825,9.310671000000001,-0.4257466301281898,1,-0.16861559548231306,-0.25185735711861773,3,-0.09571749664180614
4.265,0.0344331,-0.318825,9.2492604,-0.42987440798200005,1,-0.2751851902540221,-0.25827451490444403,3,-0.09954348568197902
4.281,0.056898,-0.3338343,9.2492604,-0.43388589708633596,1,-0.250718069020994,-0.2651845973449907,3,-0.1037311585799745
4.297,0.0434583,-0.3218661,9.322639200000001,-0.4360230294070693,1,-0.13357077004583207,-0.272143868756938,3,-0.10802978630878994
4.312,0.0434583,-0.35178660000000006,9.3150855,-0.4382657910325065,1,-0.1495174416958103,-0.27870103491023507,3,-0.11216112308629389
4.328,0.0179523,-0.35178660000000006,9.1983465,-0.44330113367066204,1,-0.31470891488472014,-0.2857535703078604,3,-0.11667675992803866
4.344,0.04188870000000001,-0.33530580000000004,9.1983465,-0.4482267678920291,1,-0.3078521388354402,-0.2928857935203619,3,-0.12130587483866445
4.359,0.04188870000000001,-0.347274,9.1474326,-0.45426234204201243,1,-0.40237160999889837,-0.2996544618448671,3,-0.12574992675390356
4.375,-0.0045126,-0.347274,9.1519452,-0.4600430333031742,1,-0.3612932038226099,-0.3069689048476286,3,-0.13060291368744353
4.39,0.0449298,-0.2948886,9.1519452,-0.465724868738306,1,-0.3787890290087939,-0.3139121641129396,3,-0.1352595217046477
4.406,0.0449298,-0.3098979,9.2298366,-0.4693573452019226,1,-0.22702977897603985,-0.32139282182446144,3,-0.1403419615921469
4.422,0.0254079,-0.3098979,9.162441900000001,-0.4745458722676048,1,-0.324282941605136,-0.3289440475642177,3,-0.14554465654725635
4.437,0.0254079,-0.3098979,9.162441900000001,-0.4796078498926608,1,-0.3374651750037207,-0.33610020048041994,3,-0.15053248840759131
4.453,0.0269775,-0.3248091,9.2208114,-0.48311091390136873,1,-0.21894150054424502,-0.3438019505907722,3,-0.15597170561616086
4.469,0.0179523,-0.3278502,9.301645800000001,-0.48455611710491375,1,-0.09032520022156368,-0.35154328683882247,3,-0.16153446751559764
4.484,0.0868185,-0.3278502,9.253773,-0.48712346782832583,1,-0.17115671489414205,-0.3588308837258216,3,-0.16686227379483234
4.5,0.1317483,-0.4864779,9.253773,-0.48944522193607476,1,-0.145109631734308,-0.36664343324393683,3,-0.17266606833059042
4.515,0.1317483,-0.5089428,9.318126600000001,-0.49011383297286315,1,-0.04457406911922704,-0.3739901261557537,3,-0.178220820026088
4.531,0.1661814,-0.5089428,9.2088432,-0.49341374014831985,1,-0.20624419846604328,-0.38185834674072316,3,-0.18426760780925983
4.547,0.1661814,-0.5089428,9.2088432,-0.4966331617829116,1,-0.20121385216198534,-0.389778721956173,3,-0.190440704358835
4.562,0.0628821,-0.3817071,9.1294803,-0.5018891944712642,1,-0.35040217922349465,-0.39726763962807965,3,-0.19634355207071713
4.578,0.0194238,-0.3817071,9.1774512,-0.5058528016502795,1,-0.24772544868845148,-0.405329575597052,3,-0.20276432979251818
4.594,0.0194238,-0.3817071,9.1774512,-0.5097197354834648,1,-0.24168336457408546,-0.413454155894122,3,-0.20931459964444757
4.609,-0.0045126,-0.33981839999999996,9.199916100000001,-0.5129854083621588,1,-0.21771152524626786,-0.421124444472964,3,-0.21557393914720058
4.625,-0.0045126,-0.33981839999999996,9.199916100000001,-0.5161714306828351,1,-0.19912639504227042,-0.42935769918532396,3,-0.2223777962964669
4.64,0.0164808,-0.3652263,9.2222829,-0.5187105814361512,1,-0.16927671688774507,-0.4371193142762162,3,-0.22887637389742832
4.656,0.0164808,-0.3652263,9.2222829,-0.5211878016832898,1,-0.1548262654461617,-0.44543850134117174,3,-0.23593683642236743
4.672,0.0643536,-0.3338343,9.2222829,-0.5236284861660323,1,-0.15254278017140507,-0.45379703164396634,3,-0.24313072068624855
4.687,0.0643536,-0.37268190000000007,9.1205532,-0.5284524806142556,1,-0.32159962988154417,-0.4616876388948188,3,-0.2499968557152897
4.703,0.0224649,-0.37268190000000007,9.1474326,-0.5325086270871484,1,-0.2535091545557975,-0.47017532775643,3,-0.2574517594484997
4.719,0.0359046,-0.32932170000000005,9.252301500000002,-0.5339492270588604,1,-0.09003749823199839,-0.4787069905895981,3,-0.2650428179952679
4.734,0.0359046,-0.32932170000000005,9.252301500000002,-0.5353546904458959,1,-0.0936975591357027,-0.4867267699708836,3,-0.2722835711994714
4.75,0.0254079,-0.32932170000000005,9.154986300000001,-0.5390987363704429,1,-0.23400287028418879,-0.4953223973854143,3,-0.2801399645383218
4.765,0.052385400000000006,-0.4161402,9.253773,-0.5402555983864286,1,-0.07712413439904417,-0.5034175548960903,3,-0.2876305141804329
4.781,0.09133110000000001,-0.3891627,9.253773,-0.5414054776987101,1,-0.0718674570175936,-0.5120708435047705,3,-0.2957544213676398
4.797,0.09133110000000001,-0.3936753,9.223852500000001,-0.5432517311754914,1,-0.11539084229883469,-0.5207481011757633,3,-0.30401697292508406
4.812,0.04041720000000001,-0.3936753,9.083079,-0.5484921096870714,1,-0.3493585674386528,-0.5289361799822329,3,-0.31188960503376933
4.828,0.0045126,-0.3278502,9.083079,-0.5536705543214531,1,-0.32365278964885363,-0.537753481294301,3,-0.3204231223239816
4.844,0.0045126,-0.3262806,9.1849068,-0.5562420515716671,1,-0.1607185781383745,-0.546632782141446,3,-0.3290982124314676
4.859,0.0030411,-0.3262806,9.1414485,-0.5598101312695611,1,-0.23787197985961026,-0.555003173512755,3,-0.3373604820988739
4.875,0.059841000000000005,-0.37572300000000003,9.1414485,-0.5632401550641273,1,-0.21437648716038352,-0.5639875758034245,3,-0.34631240809340336
4.89,0.059841000000000005,-0.344331,9.1594989,-0.5661767175114729,1,-0.1957708298230466,-0.5724582023477414,3,-0.35483575142953694
4.906,0.04041720000000001,-0.344331,9.2657412,-0.5664548048152849,1,-0.01738045648824736,-0.5815192545263554,3,-0.3640675710845297
4.922,0.0733788,-0.3907323,9.1923624,-0.5684643904626085,1,-0.12559910295772958,-0.5905986080885786,3,-0.3734445139854492
4.937,0.056898,-0.34128990000000003,9.1923624,-0.5704757841483197,1,-0.13409291238073673,-0.5991406593981609,3,-0.3823675584916001
4.953,0.056898,-0.3547296,9.211884300000001,-0.5719499371872931,1,-0.09213456493584174,-0.6082800651688458,3,-0.3920269242881361
4.969,0.0478728,-0.3547296,9.1758816,-0.5742668359999854,1,-0.14480617579326602,-0.6174497993543441,3,-0.40183276320432165
4.984,0.0134397,-0.3652263,9.1758816,-0.5765199927707627,1,-0.15021045138515715,-0.6260807005701245,3,-0.411159241953755
5.0,0.0134397,-0.347274,9.166954500000001,-0.578952759454971,1,-0.1520479177630206,-0.6353244825879304,3,-0.42125048341901944
5.015,0.0777933,-0.347274,9.1594989,-0.5815000923951477,1,-0.16982219601177806,-0.6440278789768061,3,-0.4308456261307548
5.031,0.0554265,-0.34580249999999996,9.1594989,-0.5839906164019393,1,-0.1556577504244759,-0.6533518046471828,3,-0.4412246635997467
5.047,0.0554265,-0.41309910000000005,9.1818657,-0.585807489237899,1,-0.11355455224748558,-0.6627101894923015,3,-0.4517531595528626
5.062,0.0239364,-0.37425150000000007,9.0995598,-0.5896297245305409,1,-0.2548156861761108,-0.6715259685955651,3,-0.461759930738522
5.078,-0.020993400000000002,-0.37425150000000007,9.2133558,-0.5905857222864146,1,-0.05974985974210861,-0.6809676921701008,3,-0.47257988002464735
5.094,0.0434583,-0.34580249999999996,9.2133558,-0.5915435815359782,1,-0.05986620309772478,-0.6904247266006799,3,-0.4835510193748136
5.109,0.0434583,-0.36826739999999997,9.1310499,-0.5944626837874356,1,-0.19460681676383196,-0.6993197735906053,3,-0.493974103126248
5.125,0.0014715,-0.36826739999999997,9.1474326,-0.5969138518123742,1,-0.153198001558663,-0.7088507858754037,3,-0.5052394676019761
5.14,0.0733788,-0.31136939999999996,9.1474326,-0.599349582028827,1,-0.1623820144301918,-0.7178227616292125,3,-0.5159395192082605
5.156,0.0733788,-0.3622833,9.1938339,-0.6005493904106007,1,-0.07498802386085572,-0.727421953408728,3,-0.5275014769285641
5.172,0.0389457,-0.3622833,9.171467100000001,-0.6022701640946266,1,-0.10754835525161867,-0.7370445098447698,3,-0.5392172086345921
5.187,0.0389457,-0.3622833,9.171467100000001,-0.6039489676887975,1,-0.11192023961138443,-0.7460911533331458,3,-0.5503407261084269
5.203,0.0673947,-0.35178660000000006,9.1564578,-0.6059585652239168,1,-0.12559984594495688,-0.7557704135964475,3,-0.5623556186438636
5.219,0.0777933,-0.37268190000000007,9.1698975,-0.6075694787729446,1,-0.10068209681424181,-0.7654786379484224,3,-0.5745256110562226
5.234,0.0777933,-0.37268190000000007,9.1698975,-0.6091411017476052,1,-0.10477486497736982,-0.7746039673023264,3,-0.586076230595603
5.25,0.050913900000000005,-0.37268190000000007,9.108585,-0.6121731513271538,1,-0.1895030987217881,-0.7843744813269244,3,-0.598548058184637
5.265,0.09427410000000001,-0.36826739999999997,9.108585,-0.615127202633861,1,-0.19693675378048608,-0.7935792339816319,3,-0.6103827110494509
5.281,0.0449298,-0.3503151,9.1325214,-0.6174522731637477,1,-0.1453169081179205,-0.8034398697880127,3,-0.6231588638796081
5.297,0.0449298,-0.3503151,9.1325214,-0.6197206346563213,1,-0.1417725932858492,-0.8133372530505733,3,-0.6360930808623168
5.312,0.0703377,-0.35777070000000005,9.1325214,-0.6219227182744085,1,-0.14680557453913834,-0.822649578197554,3,-0.6483629820966782
5.328,0.0090252,-0.35178660000000006,9.2043306,-0.6223330956860096,1,-0.025648588225068967,-0.8326036247092373,3,-0.6616050077199326
5.344,0.0090252,-0.35178660000000006,9.2043306,-0.62273346389245,1,-0.025023012902525267,-0.842564157185865,3,-0.6750063499750935
5.359,0.058369500000000005,-0.35178660000000006,9.225324,-0.6226080129772225,1,0.0083633943485023,-0.8519042182623873,3,-0.6877148627909551
5.375,0.058369500000000005,-0.35178660000000006,9.225324,-0.6224856218404149,1,0.00764944605047279,-0.8618649673409283,3,-0.7014250162757816
5.39,0.056898,-0.3876912,9.195403500000001,-0.6230604797571466,1,-0.0383238611154495,-0.8712065631029098,3,-0.7144230527541101
5.406,0.020993400000000002,-0.3876912,9.195403500000001,-0.62362502240072,1,-0.03528391522333859,-0.8811800471201727,3,-0.7284421456358948
5.422,0.0643536,-0.3307932,9.195403500000001,-0.6242250656111175,1,-0.03750270064983848,-0.8911628478242675,3,-0.7426208887954504
5.437,0.0643536,-0.3262806,9.1698975,-0.6254360933768588,1,-0.0807351843827526,-0.9005353065166777,3,-0.756058624953008
5.453,0.0643536,-0.34580249999999996,9.162441900000001,-0.626781857340653,1,-0.08411024773713464,-0.9105530501224178,3,-0.7705473318061208
5.469,0.0643536,-0.34580249999999996,9.162441900000001,-0.6280947977931337,1,-0.08205877828004741,-0.9205920633634881,3,-0.785196492714008
5.484,0.0643536,-0.36375480000000004,9.1534167,-0.629578721992619,1,-0.09892827996568791,-0.930024614761881,3,-0.799076117799948
5.5,0.08083440000000001,-0.36375480000000004,9.2432763,-0.6288333662369112,1,0.046584734731736036,-0.9400919114677173,3,-0.8140370500097849
5.515,0.0164808,-0.3547296,9.2103147,-0.6289263413941768,1,-0.006198343817705771,-0.9495251092749503,3,-0.8282091776653546
5.531,0.0164808,-0.3547296,9.2103147,-0.6290170488646787,1,-0.005669216906367675,-0.9595886563970211,3,-0.8434820877907304
5.547,0.0164808,-0.36071369999999997,9.2627001,-0.6278231620795864,1,0.07461792406826533,-0.9696433780845752,3,-0.8589159440665832
5.562,0.0329616,-0.36071369999999997,9.231308100000001,-0.6274223942846593,1,0.0267178529951422,-0.9790577197573075,3,-0.8735312023003979
5.578,0.08377740000000002,-0.3202965,9.231308100000001,-0.627059905983737,1,0.022655518807646026,-0.9890935781594546,3,-0.889276412683732
5.594,0.08377740000000002,-0.33824879999999996,9.252301500000002,-0.6261789807720888,1,0.05505782572801094,-0.9991194892535014,3,-0.9051821172230357
5.609,0.059841000000000005,-0.33824879999999996,9.2927187,-0.6243389598526878,1,0.12266806129339874,-1.008498373808187,3,-0.920239251195998
5.625,0.04188870000000001,-0.3771945,9.2927187,-0.6225096740153511,1,0.11433036483354798,-1.0184731628791313,3,-0.9364550234894966
5.64,0.04188870000000001,-0.3951468000000001,9.1444896,-0.624318814674508,1,-0.12060937727713178,-1.027824376544305,3,-0.951802255035172
5.656,0.0059841,-0.3951468000000001,9.1758816,-0.6253211730901924,1,-0.06264740098027571,-1.0378214964464225,3,-0.9683274220190978
5.672,0.0389457,-0.34128990000000003,9.1758816,-0.6263497869093246,1,-0.06428836369576357,-1.0478348641264186,3,-0.9850126729036806
5.687,0.0179523,-0.35777070000000005,9.2418048,-0.6257329303660342,1,0.04112376955269625,-1.057225484505984,3,-1.000800625518424
5.703,0.0179523,-0.34580249999999996,9.2582856,-0.6247405330245481,1,0.062024833842877436,-1.0672292722131087,3,-1.017796263572177
5.719,0.0658251,-0.34580249999999996,9.240333300000001,-0.6242046055775763,1,0.033495465435739974,-1.0772208333219258,3,-1.0349518644164573
5.734,-0.0014715,-0.36375480000000004,9.240333300000001,-0.6236706619966981,1,0.03559623872521513,-1.0865798978287327,3,-1.0511803699000868
5.75,-0.0014715,-0.37572300000000003,9.3271518,-0.6210222782137365,1,0.16552398643510088,-1.096537441350416,3,-1.06864530861352
5.765,0.0643536,-0.37572300000000003,9.2103147,-0.6212803599454126,1,-0.017205448778412714,-1.1058547111366095,3,-1.0851632497571722
5.781,0.0359046,-0.3218661,9.2103147,-0.6215856295353532,1,-0.019079349371287063,-1.1157976390524555,3,-1.1029364685586847
5.797,0.0359046,-0.3218661,9.2103147,-0.6218834535255393,1,-0.018613999386629648,-1.1257453917169427,3,-1.1208688128048399
5.812,0.0359046,-0.3262806,9.33912,-0.6190306005217217,1,0.19019020025450326,-1.1350522471222975,3,-1.1378247950961349
5.828,-0.0224649,-0.3262806,9.4034736,-0.6146797080388104,1,0.27193078018195016,-1.1449219295907818,3,-1.1560645885098395
5.844,0.050913900000000005,-0.3547296,9.4647861,-0.6089127712963887,1,0.3604335464013616,-1.1547106694254634,3,-1.1744616493019695
5.859,0.050913900000000005,-0.3907323,9.5231556,-0.6018295162744014,1,0.4722170014658271,-1.163791236582244,3,-1.191850413597027
5.875,0.0658251,-0.3907323,9.5202126,-0.594988514779935,1,0.4275625934041512,-1.1733657808306788,3,-1.2105476697363304
5.89,0.0658251,-0.3907323,9.5202126,-0.5883143669804554,1,0.4449431866319837,-1.1822405524438815,3,-1.2282147172358893
5.906,0.08829,-0.3562992,9.5202126,-0.5818314953328372,1,0.40517947797613607,-1.1916017193423878,3,-1.2472054554101795
5.922,0.049442400000000004,-0.38023560000000006,9.6848244,-0.5714793004315499,1,0.6470121813304525,-1.200828205708503,3,-1.2663448948105867
5.937,0.0703377,-0.3532581,9.6848244,-0.5614013472883652,1,0.6718635428789556,-1.2093248105664025,3,-1.2844210424326492
5.953,0.0703377,-0.3532581,9.6848244,-0.5515691978803794,1,0.6145093379991134,-1.2182285749277524,3,-1.3038414695166025
5.969,0.0703377,-0.344331,9.5426775,-0.5454493764934156,1,0.3824888366852349,-1.2270047235227428,3,-1.3234033359042066
5.984,0.028449,-0.344331,9.6713847,-0.5363469319846494,1,0.6068296339177585,-1.2351181958363282,3,-1.3418692577993991
6.0,0.0554265,-0.3487455,9.6594165,-0.5277515041907499,1,0.5372142371187212,-1.2436309833257313,3,-1.3616992512326955
6.015,0.0554265,-0.3487455,9.6594165,-0.5193657209771878,1,0.5590522142374847,-1.2514843625144907,3,-1.3804126163264967
6.031,0.0554265,-0.3592422,9.6938496,-0.5103358533069144,1,0.5643667293920845,-1.2597219751087636,3,-1.4005022670274827
6.047,0.0777933,-0.4027005000000001,9.6399927,-0.5027932595125684,1,0.47141211214662926,-1.2678270080113194,3,-1.4207226588924433
6.062,0.0777933,-0.4027005000000001,9.6399927,-0.49543463142052424,1,0.4905752061362566,-1.275313717193318,3,-1.4397962143314789
6.078,0.0628821,-0.37425150000000007,9.7701714,-0.48511340666956215,1,0.64507654693513,-1.2831581014980387,3,-1.4602639888810098
6.094,0.0628821,-0.37425150000000007,9.7701714,-0.4750439191076481,1,0.6293429726196281,-1.2908393601042563,3,-1.4808559685738283
6.109,0.0254079,-0.3951468000000001,9.7701714,-0.4652041040706649,1,0.6559876691322252,-1.2978912202780934,3,-1.5002714479266954
6.125,0.0254079,-0.3876912,9.8046045,-0.4547723930221661,1,0.6519819405311761,-1.305251032254836,3,-1.521096585946959
6.14,0.052385400000000006,-0.3876912,9.818044200000001,-0.4442649683686284,1,0.700494976902529,-1.3119938124652668,3,-1.5407259222823593
6.156,0.050913900000000005,-0.4056435,9.818044200000001,-0.4339963352855438,1,0.6417895676927848,-1.3190199028945002,3,-1.5617740320052373
6.172,0.0269775,-0.36669779999999996,9.735738300000001,-0.4260238462432824,1,0.4982805651413398,-1.325900064346731,3,-1.5829333917431672
6.187,0.0269775,-0.39818790000000004,9.803133,-0.4165732574535852,1,0.6300392526464547,-1.3322195426244576,3,-1.6028692887954519
6.203,0.0194238,-0.39818790000000004,9.888480000000001,-0.4052736766811602,1,0.7062237982765611,-1.3387943180975357,3,-1.6242373996812278
6.219,0.031392,-0.37425150000000007,9.888480000000001,-0.3942717308695318,1,0.6876216132267736,-1.3451906813579413,3,-1.6457092796768718
6.234,0.031392,-0.3083283,9.7552602,-0.38684123282664373,1,0.4953665361925499,-1.3510490285856624,3,-1.6659310775014484
6.25,-0.0150093,-0.3083283,9.7895952,-0.37875589473965654,1,0.5053336304366991,-1.3571738056061928,3,-1.6875968601749833
6.265,-0.0793629,-0.2994012,9.7895952,-0.3708669532833184,1,0.5259294304225524,-1.3627959769663651,3,-1.707996633544277
6.281,-0.0793629,-0.3008727,9.7926363,-0.3630951894930696,1,0.4857352368905494,-1.3686676741085761,3,-1.7298483427528766
6.297,-0.0030411,-0.3008727,9.7222986,-0.35723554785579736,1,0.366227602329516,-1.374430320007367,3,-1.7517931267058042
6.312,0.0434583,-0.33981839999999996,9.851005800000001,-0.34834790845084385,1,0.5925092936635454,-1.379722195929667,3,-1.7724492705753327
6.328,0.0239364,-0.33530580000000004,9.851005800000001,-0.33968243779993657,1,0.5415919156817046,-1.3852264386996733,3,-1.7945688596523675
6.344,0.0239364,-0.33226469999999997,9.776155500000002,-0.33305539802628914,1,0.4141899858529637,-1.390608341386283,3,-1.8167755378930552
6.359,0.0359046,-0.33226469999999997,9.7941078,-0.3261514946686539,1,0.4602602238423594,-1.395552393081495,3,-1.837671743401563
6.375,0.058369500000000005,-0.36071369999999997,9.7941078,-0.31938881196557745,1,0.42266766894227775,-1.400716715534569,3,-1.8600418962704917
6.39,0.058369500000000005,-0.36973890000000004,10.0994931,-0.30533971776555013,1,0.9366062800018408,-1.4054021795075524,3,-1.8810877879833072
6.406,0.0239364,-0.36973890000000004,9.922913099999999,-0.2959405866584959,1,0.5874456941908907,-1.4102124219429448,3,-1.9036127047949112
6.422,0.04188870000000001,-0.3562992,9.922913099999999,-0.2867812353528958,1,0.5724594566000046,-1.414874196519036,3,-1.926213397742607
6.437,0.04188870000000001,-0.37268190000000007,10.092037500000002,-0.27370852378514776,1,0.8715141045165024,-1.4190778697125714,3,-1.9474680382393448
6.453,0.04188870000000001,-0.37268190000000007,10.092037500000002,-0.260954658841003,1,0.7971165590090472,-1.4233551751735807,3,-1.970207502598434
6.469,0.0,-0.3817071,9.7986204,-0.255657009337785,1,0.33110309395112364,-1.427488068519011,3,-1.9930142485479747
6.484,0.0254079,-0.3218661,9.7986204,-0.25054013356771954,1,0.3411250513377057,-1.4312845470908022,3,-2.014455043165048
6.5,0.0254079,-0.3218661,9.7986204,-0.2455480596457047,1,0.31200462012592717,-1.4352532526365096,3,-2.037387345562866
6.515,0.04188870000000001,-0.40868460000000006,9.735738300000001,-0.24212983753103323,1,0.22788147431143588,-1.4389108368653352,3,-2.0589435762341295
6.531,0.0703377,-0.3248091,9.735738300000001,-0.23886799718738594,1,0.20386502147795563,-1.4427588195430825,3,-2.0819969334853967
6.547,0.0703377,-0.3248091,9.735738300000001,-0.23568571392529059,1,0.19889270388095942,-1.446555249231984,3,-2.1051114460355973
6.562,0.0703377,-0.3592422,9.910846800000002,-0.22828358583664965,1,0.493475205909377,-1.4500350189801987,3,-2.1268358730471895
6.578,0.0344331,-0.3622833,9.7567317,-0.22482025842024989,1,0.21645796352498506,-1.4536598497342539,3,-2.150065431996905
6.594,0.0344331,-0.3307932,9.856989900000002,-0.21902474759518498,1,0.3622194265665565,-1.4572106097823774,3,-2.1733523956730383
6.609,0.0344331,-0.3307932,9.856989900000002,-0.2133705906926835,1,0.3769437935001069,-1.4604535748195364,3,-2.195234877057552
6.625,0.04041720000000001,-0.3307932,9.7851807,-0.20960422265775236,1,0.23539800218319562,-1.46383737332634,3,-2.218629204642719
6.64,0.049442400000000004,-0.35777070000000005,9.9288972,-0.20240264137604314,1,0.4801054187806252,-1.4669274248065933,3,-2.240609940628716
6.656,0.049442400000000004,-0.35777070000000005,9.9288972,-0.19537670841827826,1,0.4391208098603046,-1.4701096596049479,3,-2.2641062373040084
6.672,0.049442400000000004,-0.36071369999999997,9.931840200000002,-0.18844781199399385,1,0.4330560265177748,-1.473180255768246,3,-2.287652556626994
6.687,0.0628821,-0.39671639999999997,10.0186587,-0.1795367922000537,1,0.5940679862626546,-1.4759401402997014,3,-2.3097709595975044
6.703,0.0628821,-0.39671639999999997,10.0186587,-0.1708431143523068,1,0.5433548654841798,-1.4787431795521204,3,-2.333408426156319
6.719,0.031392,-0.3817071,9.990209700000001,-0.16307266927815256,1,0.48565281713464037,-1.481414505821164,3,-2.3570896876393053
6.734,0.031392,-0.3817071,9.990209700000001,-0.15549174725458847,1,0.5053948015709497,-1.4838037389451595,3,-2.3793288244750523
6.75,0.0554265,-0.3712104,9.990209700000001,-0.14810282091550953,1,0.46180789619243395,-1.4862324954905202,3,-2.403089114350538
6.765,0.0554265,-0.37572300000000003,9.8689581,-0.14384519588399058,1,0.2838416687679355,-1.4884221056165163,3,-2.4253990238588403
6.781,0.0554265,-0.37572300000000003,9.851005800000001,-0.14012895188433916,1,0.23226524997821388,-1.4906938987986629,3,-2.449231951894162
6.797,0.0554265,-0.36973890000000004,9.7791966,-0.13825904100995245,1,0.11686942964916892,-1.4929210027418172,3,-2.4731008711064857
6.812,0.0014715,-0.34580249999999996,9.7791966,-0.13645990779465222,1,0.11994221435334415,-1.4949813948578519,3,-2.495510139088484
6.828,0.0014715,-0.4027005000000001,9.7672284,-0.13494324511890632,1,0.09479141723411902,-1.4971526200811602,3,-2.5194472112079964
6.844,0.059841000000000005,-0.4027005000000001,9.7911648,-0.13287580031146184,1,0.12921530046527951,-1.499295172444603,3,-2.5434187935482027
6.859,0.010496700000000001,-0.37268190000000007,9.7911648,-0.13089206812493437,1,0.1322488124351679,-1.501273431457876,3,-2.5659230580774706
6.875,0.010496700000000001,-0.36669779999999996,9.7895952,-0.12900048264739006,1,0.11822409234651932,-1.5033525718640546,3,-2.589960066104046
6.89,0.0329616,-0.36669779999999996,9.7252416,-0.1287223018751913,1,0.01854538481325147,-1.505285492747974,3,-2.6125248515886357
6.906,-0.0014715,-0.3562992,9.7252416,-0.1284616857127645,1,0.016288510151674082,-1.5073429646486776,3,-2.636625879247809
6.922,-0.0014715,-0.2664396,9.731225700000001,-0.1281316611667478,1,0.020626534126044743,-1.5093957114237138,3,-2.660759788656388
6.937,-0.0164808,-0.3338343,9.728282700000001,-0.1278304127476506,1,0.02008322793981108,-1.5113154269780718,3,-2.6834151221944023
6.953,-0.0164808,-0.3338343,9.901919700000002,-0.12330391673025254,1,0.28290600108737934,-1.513324501613895,3,-2.707612241623138
6.969,0.0389457,-0.3592422,9.901919700000002,-0.11886461601023512,1,0.27745629500108815,-1.5152618498758188,3,-2.731840932435056
6.984,0.0389457,-0.3652263,9.8824959,-0.11500168021096968,1,0.25752905328436837,-1.5170158470974777,3,-2.754583015162355
7.0,0.049442400000000004,-0.3652263,9.8674866,-0.11159764404112416,1,0.21275226061534516,-1.5188286416914945,3,-2.778869771072667
7.015,0.0179523,-0.35777070000000005,9.8674866,-0.1082859116475614,1,0.22078215957085467,-1.5204777683591595,3,-2.801664569148046
7.031,0.0179523,-0.37425150000000007,9.997665300000001,-0.1018672198402335,1,0.4011682379579936,-1.5221589934110618,3,-2.826005663242208
7.047,0.0373761,-0.37425150000000007,9.883967400000001,-0.09837490822152795,1,0.21826947616909712,-1.523760930435556,3,-2.850373022632981
7.062,0.0434583,-0.36375480000000004,9.883967400000001,-0.09497672002865976,1,0.22654587952453742,-1.5252110676474324,3,-2.8732403126186044
7.078,0.0434583,-0.3367773,9.830012400000001,-0.09299991265313068,1,0.12355046097056721,-1.5267148807088868,3,-2.897655720205455
7.094,0.0164808,-0.3503151,9.9033912,-0.08927319497149355,1,0.2329198551023202,-1.5281730655698837,3,-2.9220948237756854
7.109,0.0150093,-0.3503151,9.833053500000002,-0.08735190158146722,1,0.1280862260017584,-1.5294977537940309,3,-2.9450273549209145
7.125,0.031392,-0.42506730000000004,9.833053500000002,-0.08540469861237376,1,0.12170018556834072,-1.5308798065955815,3,-2.9695103754040315
7.14,0.031392,-0.3008727,9.856989900000002,-0.08303318556577288,1,0.15810086977339546,-1.5321430907269176,3,-2.9924830471339496
7.156,0.031392,-0.3008727,9.856989900000002,-0.08071951430079594,1,0.144604454061059,-1.5334531123258501,3,-3.0170078167583716
7.172,-0.0134397,-0.37425150000000007,9.7672284,-0.08058972682509236,1,0.00811171723147374,-1.5347435862548573,3,-3.0415533903470173
7.187,-0.0134397,-0.37425150000000007,9.7672284,-0.0804631048975768,1,0.008441461834370199,-1.5359514824927774,3,-3.0645836033626255
7.203,0.028449,-0.3143124,9.699833700000001,-0.08203319531686226,1,-0.0981306512053414,-1.537251452894493,3,-3.0891692268457236
7.219,0.0478728,-0.2694807,9.699833700000001,-0.08359601795378069,1,-0.09767641480740155,-1.5385764866006582,3,-3.113775850361685
7.234,0.0478728,-0.3338343,9.862974000000001,-0.08109526547922741,1,0.1667168316368889,-1.5398116712264056,3,-3.1368637615453876
7.25,0.0478728,-0.3338343,9.862974000000001,-0.07865550696746837,1,0.15248490698493974,-1.5410896774059792,3,-3.1615109723344466
7.265,0.058369500000000005,-0.32932170000000005,9.8285409,-0.07711692226779299,1,0.10257231331169436,-1.5422579706252437,3,-3.1846360796946804
7.281,0.10182780000000001,-0.34128990000000003,9.9707859,-0.07213013164189697,2,0.311674414118501,-1.5434519470565213,3,-3.2093217590361345
7.297,0.10182780000000001,-0.35777070000000005,9.8285409,-0.07071783171285873,2,0.08826874556488998,-1.5445947307633594,3,-3.2340261324586934
7.312,0.0373761,-0.35777070000000005,9.898878600000002,-0.06763668870538808,2,0.20540953383136845,-1.5456323896664963,3,-3.2572028358619183
7.328,0.0373761,-0.35777070000000005,9.898878600000002,-0.06463069552736833,2,0.18787457362623422,-1.5466905287403583,3,-3.281941419209173
7.344,0.0643536,-0.3427614,9.898878600000002,-0.06170758564144485,2,0.18269436787021737,-1.5477012349897088,3,-3.3066965533190134
7.359,0.0643536,-0.3622833,9.8794548,-0.059312249245540016,2,0.15968909306032572,-1.5486088837513612,3,-3.329918879209571
7.375,0.0,-0.37572300000000003,9.9722574,-0.05470635126143719,2,0.28786862400642627,-1.549521032555417,3,-3.354703918540025
7.39,0.0,-0.37572300000000003,9.9722574,-0.05021279225255704,2,0.2995706005920167,-1.5503079261317718,3,-3.3779526357301783
7.406,0.0,-0.3622833,9.9648018,-0.046022677361564845,2,0.26188218068701175,-1.5510778098886848,3,-3.402763721618342
7.422,0.029920500000000003,-0.3936753,10.024642799999999,-0.040446244842836876,2,0.34852703242049776,-1.55176956126632,3,-3.4275865005875823
7.437,0.010496700000000001,-0.3936753,9.851005800000001,-0.03923850430629905,2,0.08051603576918541,-1.5523671968849386,3,-3.4508675262737176
7.453,0.0030411,-0.3951468000000001,9.851005800000001,-0.03805890989598737,2,0.0737246506444799,-1.552985576198557,3,-3.4757103484583856
7.469,0.0030411,-0.33226469999999997,9.7686999,-0.038970983188308495,2,-0.057004580770070264,-1.5536018153432314,3,-3.50056304759072
7.484,0.020993400000000002,-0.261927,9.7208271,-0.04107962808533472,2,-0.14057632646841792,-1.5542021949277838,3,-3.523871577667752
7.5,0.020993400000000002,-0.261927,9.7208271,-0.043136842619016846,2,-0.12857590835513288,-1.5548759266934187,3,-3.5487442026407217
7.515,0.0329616,-0.315882,9.907903800000001,-0.04054351911308629,2,0.1728882337287074,-1.5555035294064095,3,-3.57207204856147
7.531,0.0329616,-0.315882,9.907903800000001,-0.038013447399983136,2,0.15812948206894703,-1.556131985138514,3,-3.596965132677829
7.547,0.08534699999999999,-0.33226469999999997,9.907903800000001,-0.03552439828173526,2,0.15556556989049217,-1.5567202879039679,3,-3.621867950862169
7.562,0.08534699999999999,-0.3367773,9.7926363,-0.03590199916686743,2,-0.02517339234214356,-1.5572559858848325,3,-3.6452227729155857
7.578,0.059841000000000005,-0.3262806,9.7895952,-0.03635779205390399,2,-0.028487055439785334,-1.5578340642145987,3,-3.670143493316381
7.594,0.0449298,-0.3262806,9.7732125,-0.03720376479307852,2,-0.05287329619840792,-1.5584225566693746,3,-3.695073546283453
7.609,0.007455600000000001,-0.3262806,9.7732125,-0.03803155225250343,2,-0.055185830628328596,-1.5589868215472165,3,-3.718454116620077
7.625,0.007455600000000001,-0.33226469999999997,9.866015100000002,-0.036572052473037076,2,0.09121873621664714,-1.559583650385021,3,-3.743402680395535
7.64,0.0434583,-0.33226469999999997,9.948321,-0.03313957212834495,2,0.2288320229794798,-1.5601064875695312,3,-3.7668003564301937
7.656,0.0164808,-0.347274,9.948321,-0.02978029630432033,2,0.20995473900153863,-1.5606098465169924,3,-3.7917660871028858
7.672,0.0164808,-0.41466870000000006,9.9093753,-0.027389118706247828,2,0.14944859987953127,-1.561067201837077,3,-3.8167395034897185
7.687,0.0658251,-0.41466870000000006,9.898878600000002,-0.025307056143953233,2,0.13880417081963442,-1.5614624231484535,3,-3.8401584756771108
7.703,0.0344331,-0.4056435,9.898878600000002,-0.023288762521643136,2,0.12614335139438093,-1.5618511896977783,3,-3.8651449845798806
7.719,0.0344331,-0.3876912,9.898878600000002,-0.021337227331926556,2,0.12197094935728614,-1.562208197616607,3,-3.890137459678396
7.734,0.0344331,-0.36375480000000004,9.783611100000002,-0.022264900485980732,2,-0.06184487693694639,-1.5625352135752413,3,-3.9135730352623344
7.75,0.0134397,-0.36375480000000004,9.7732125,-0.023424648176606055,2,-0.07248423066408265,-1.5629007299645419,3,-3.938576522810653
7.765,-0.059841000000000005,-0.36826739999999997,9.7732125,-0.024547750400897073,2,-0.07487348161940274,-1.5632605229538732,3,-3.9620227322075405
7.781,-0.059841000000000005,-0.33981839999999996,9.8151012,-0.024647537061552427,2,-0.006236666290959642,-1.5636540852535727,3,-3.9870380490732003
7.797,-0.059841000000000005,-0.33981839999999996,9.8151012,-0.024744889901215927,2,-0.006084552478968769,-1.564049224669275,3,-4.0120596755525835
7.812,-0.0030411,-0.33981839999999996,9.8584614,-0.023787368052467173,2,0.06383478991658123,-1.5644132166039275,3,-4.035523143862133
7.828,0.0224649,-0.34580249999999996,9.7372098,-0.02580302378282795,2,-0.12597848314754845,-1.56480993973861,3,-4.060556929112874
7.844,0.0554265,-0.34580249999999996,9.7208271,-0.028165623142960783,2,-0.14766246000830194,-1.5652416889140162,3,-4.085597342142095
7.859,0.04041720000000001,-0.33981839999999996,9.7208271,-0.0304775455689672,2,-0.15412816173376453,-1.5656815126793555,3,-4.109079266154045
7.875,0.04041720000000001,-0.33981839999999996,9.7208271,-0.03273307964311911,2,-0.14097087963449426,-1.5661871976810522,3,-4.134134215836928
7.89,0.059841000000000005,-0.2994012,9.7732125,-0.03368648618176451,2,-0.06356043590969443,-1.5666853444247388,3,-4.157630759902721
7.906,0.059841000000000005,-0.2994012,9.7732125,-0.03461663890239386,2,-0.058134545039334413,-1.567231769425412,3,-4.1827020968135225
7.922,0.052385400000000006,-0.37572300000000003,9.8928945,-0.0325439895439974,2,0.1295405848997787,-1.5677690544529832,3,-4.20778210340455
7.937,0.052385400000000006,-0.37572300000000003,9.8928945,-0.030521892608977197,2,0.13480646233467497,-1.5682420485691306,3,-4.231302186677216
7.953,0.052385400000000006,-0.36973890000000004,9.973728900000001,-0.026584431202502756,2,0.24609133790465232,-1.5686988991596225,3,-4.256397714259046
7.969,-0.0030411,-0.36071369999999997,9.9124164,-0.024248846303358107,2,0.14597405619654044,-1.5691055653796693,3,-4.28150014997536
7.984,-0.0030411,-0.36071369999999997,9.9124164,-0.02197022688955741,2,0.15190796092004974,-1.5694522084286162,3,-4.305039333278922
8.0,-0.028449,-0.3053853,9.806076000000001,-0.022383929339973463,2,-0.025856403151003324,-1.5698070416784524,3,-4.330153407279778
8.015,0.0045126,-0.34580249999999996,9.806076000000001,-0.02275580900170482,2,-0.024791977448756112,-1.570145589716015,3,-4.353703052015238
8.031,0.0045126,-0.34580249999999996,9.806076000000001,-0.02311861842778562,2,-0.022675589130050057,-1.570512585135451,3,-4.378828317414049
8.047,0.0134397,-0.3532581,9.834525,-0.02277247319517528,2,0.021634077038146217,-1.5708797138684345,3,-4.40395945580608
8.062,0.0134397,-0.43262100000000003,9.901919700000002,-0.02071529825893137,2,0.1371449957496051,-1.5712058721543403,3,-4.427525097701249
8.078,0.058369500000000005,-0.38621970000000005,9.910846800000002,-0.01853351725651997,2,0.13636131265071227,-1.5715198626784639,3,-4.452666903579911
8.094,0.058369500000000005,-0.38621970000000005,9.910846800000002,-0.01640495042489931,2,0.13303542697629112,-1.5717993704199151,3,-4.477813457444698
8.109,0.1078119,-0.3562992,9.6923781,-0.01967017968737217,2,-0.21768195083151556,-1.572069933895757,3,-4.501392477227067
8.125,0.1078119,-0.3562992,9.6923781,-0.022855769211735932,2,-0.19909934527273504,-1.57241014148695,3,-4.5265483178301285
8.14,0.0478728,-0.35178660000000006,9.6923781,-0.025979411921674966,2,-0.20824284732926104,-1.5727764053454507,3,-4.550137216931373
8.156,0.0478728,-0.3173535,9.731225700000001,-0.02810885513955519,2,-0.1330902011175138,-1.5732091114819406,3,-4.575305101065992
8.172,0.0030411,-0.3173535,9.731225700000001,-0.030189219669018996,2,-0.13002278309148785,-1.5736754960804091,3,-4.600480177926491
8.187,0.0628821,-0.3248091,9.731225700000001,-0.03220790599593215,2,-0.13457908846088784,-1.5741434745228962,3,-4.624088820206015
8.203,0.0389457,-0.3218661,9.8016615,-0.03246579205058708,2,-0.01611787841593325,-1.5746608641072684,3,-4.649279254915056
8.219,0.0389457,-0.3652263,9.834525,-0.03187935539415676,2,0.03665229102689512,-1.5751756252868263,3,-4.6744779468302085
8.234,0.04041720000000001,-0.3652263,9.836094600000001,-0.031268821121308576,2,0.040702284856544084,-1.5756492366106922,3,-4.698109133294441
8.25,0.029920500000000003,-0.347274,9.836094600000001,-0.030689940944039762,2,0.036180011079300876,-1.576144906707215,3,-4.723323486440984
8.265,0.029920500000000003,-0.3307932,9.946849499999999,-0.027439209420423438,2,0.2167154349077467,-1.5765808753349486,3,-4.746968929806301
8.281,0.056898,-0.3307932,9.821085300000002,-0.027330546370897935,2,0.006791440595343972,-1.5770190333812792,3,-4.772197729076031
8.297,0.020993400000000002,-0.33226469999999997,9.821085300000002,-0.027226793481162304,2,0.006484555608476932,-1.5774554921000958,3,-4.797433525279882
8.312,0.020993400000000002,-0.3712104,9.9288972,-0.02446387641473713,2,0.18419447109502646,-1.5778431721243151,3,-4.821098265261563
8.328,0.0449298,-0.3712104,9.9168309,-0.02206050207964161,2,0.1502108959434699,-1.57821536715227,3,-4.846346733575776
8.344,0.0030411,-0.4056435,9.9168309,-0.019685346319599617,2,0.14844723500262433,-1.578549333939464,3,-4.8716008511845095
8.359,0.0823059,-0.44910180000000005,9.9093753,-0.017495824801033066,2,0.14596810123776452,-1.578828192722869,3,-4.895281182634478
8.375,0.0823059,-0.4176117,9.9033912,-0.015539080507409153,2,0.12229651835149447,-1.5790924719653365,3,-4.920544547951984
8.39,0.0673947,-0.4176117,9.7732125,-0.01680496718813984,2,-0.08439244538204266,-1.5793350523230532,3,-4.9442327543841476
8.406,0.0254079,-0.3202965,9.7732125,-0.018134375881970755,2,-0.08308804336443203,-1.579614567067614,3,-4.969504351339273
8.422,0.0254079,-0.344331,9.9093753,-0.01609243721690845,2,0.12762116656639388,-1.5798883815724052,3,-4.994780374928393
8.437,0.04188870000000001,-0.344331,9.7372098,-0.018295480729616287,2,-0.14686956751386757,-1.580146290957004,3,-5.018480634972361
8.453,0.04188870000000001,-0.344331,9.7372098,-0.02044479147372158,2,-0.1343319215065807,-1.5804562131346307,3,-5.0437654550050945
8.469,-0.0059841,-0.2963601,9.7791966,-0.02155870698329032,2,-0.06961971934804628,-1.5807922411222868,3,-5.06905544263915
8.484,-0.0059841,-0.2963601,9.7791966,-0.022645453821894534,2,-0.07244978924027815,-1.5811237723283256,3,-5.0927698127400305
8.5,-0.0179523,-0.3173535,9.8091171,-0.022959894344451115,2,-0.019652532659786264,-1.5814886151136562,3,-5.118070711839566
8.515,0.0329616,-0.2843919,9.8091171,-0.02329036336046819,2,-0.02203126773447093,-1.5818354920464432,3,-5.141795642643268
8.531,0.0329616,-0.2843919,9.8091171,-0.023612772156582196,2,-0.02015054975712525,-1.5822107171305797,3,-5.1671080123166835
8.547,0.0329616,-0.3143124,9.8120601,-0.023833313682155577,2,-0.013783845348336309,-1.5825902858172896,3,-5.192426420340267
8.562,0.0733788,-0.3262806,9.877983300000002,-0.02242665767615648,2,0.09377706706661397,-1.582937235602477,3,-5.216167876750913
8.578,0.0733788,-0.3367773,9.954305100000001,-0.019185339105298738,2,0.20258241067860877,-1.5832701315767286,3,-5.241497535688347
8.594,0.0733788,-0.3367773,9.954305100000001,-0.016023077084950543,2,0.19764137627176198,-1.5835517989062506,3,-5.266832111132211
8.609,0.08377740000000002,-0.3367773,9.8944641,-0.014394587568368422,2,0.1085659677721373,-1.5837799313911505,3,-5.290587099109442
8.625,0.04041720000000001,-0.3622833,9.8944641,-0.012790488344599282,2,0.10025620148557116,-1.5839974119984541,3,-5.3159293178565585
8.64,0.031392,-0.43262100000000003,9.834525,-0.012617973701383178,2,0.011500976214406497,-1.584187975463799,3,-5.339690708262526
8.656,0.031392,-0.43262100000000003,9.834525,-0.012449666732392117,2,0.010519185561941305,-1.5843885165872693,3,-5.365039320198934
8.672,-0.0030411,-0.3876912,9.862974000000001,-0.011638996498160026,2,0.05066688963950568,-1.5845812258931138,3,-5.390391078138777
8.687,0.0344331,-0.39671639999999997,9.8225568,-0.01182287845027119,2,-0.012258796807411956,-1.584757189955227,3,-5.414161116257638
8.703,0.0344331,-0.39671639999999997,9.8225568,-0.01200227547672128,2,-0.01121231415313061,-1.584947791186643,3,-5.439518756106773
8.719,0.0344331,-0.3547296,9.851005800000001,-0.01152301661426236,2,0.029953678903682474,-1.5851359935233709,3,-5.464879426384454
8.734,0.0344331,-0.3547296,9.851005800000001,-0.011055446992351392,2,0.0311713081273967,-1.5853053320004205,3,-5.488657736325883
8.75,0.0344331,-0.36826739999999997,9.752219100000001,-0.012994890844245433,2,-0.12121524074337742,-1.5854977347031132,3,-5.5140241608595115
8.765,0.0119682,-0.36826739999999997,9.714843,-0.015799293500297296,2,-0.1869601770701171,-1.5857136910856973,3,-5.537808246552928
8.781,0.0239364,-0.34580249999999996,9.714843,-0.018554880434480836,2,-0.1722241833864711,-1.5859885244771754,3,-5.563181864277431
8.797,0.0239364,-0.33824879999999996,9.747706500000001,-0.020448677633027046,2,-0.118362324909138,-1.5863005529417156,3,-5.588560176896782
8.812,0.029920500000000003,-0.33824879999999996,9.7732125,-0.02167416027829816,2,-0.08169884301808086,-1.5866164742260505,3,-5.612357054600539
8.828,0.0898596,-0.3262806,9.7956774,-0.02232312103902956,2,-0.04056004754571237,-1.586968452476589,3,-5.6377457340141595
8.844,0.0898596,-0.3262806,9.7956774,-0.02295625348852326,2,-0.03957077809335626,-1.5873306874728095,3,-5.6631401271337545
8.859,0.0898596,-0.36375480000000004,9.843550200000001,-0.022374992321010367,2,0.038750744500858,-1.5876706718163809,3,-5.6869526373284245
8.875,0.053856900000000006,-0.36375480000000004,9.8644455,-0.021305026984963504,2,0.06687283350292889,-1.5880201119708286,3,-5.712358163598722
8.89,0.08083440000000001,-0.3547296,9.8644455,-0.020264680341789187,2,0.06935644287828517,-1.5883318847757792,3,-5.736180803574323
8.906,0.08083440000000001,-0.36826739999999997,9.991681200000002,-0.016136541933452264,2,0.2580086505210575,-1.5886230945539812,3,-5.761596443408961
8.922,0.058369500000000005,-0.36826739999999997,9.978241500000001,-0.012440473226529747,2,0.23100429418265714,-1.588851710675261,3,-5.787016241850795
8.937,0.0434583,-0.36826739999999997,9.978241500000001,-0.008836406963862231,2,0.24027108417785373,-1.589011287276689,3,-5.810850214335432
8.953,0.0434583,-0.3562992,9.945279900000001,-0.006134256146632211,2,0.16888442607687612,-1.589131052581573,3,-5.836275353054298
8.969,0.0673947,-0.3562992,9.8824959,-0.0050250536519769184,2,0.06932515591595573,-1.5892203270599619,3,-5.86170216409143
8.984,0.050913900000000005,-0.3547296,9.851005800000001,-0.004714230782282058,2,0.02072152464632322,-1.5892933716932187,3,-5.8855410168320805
9.0,-0.0030411,-0.3817071,9.851005800000001,-0.004389606901709087,2,0.020288992535810717,-1.5893662023946906,3,-5.910970293424784
9.015,-0.0030411,-0.3652263,9.8524773,-0.004052263451603366,2,0.02248956334038051,-1.5894295164223404,3,-5.934811261315913
9.031,0.0449298,-0.3652263,9.7956774,-0.00510505496533753,2,-0.06579946960838517,-1.589502774969676,3,-5.960242719647049
9.047,0.0164808,-0.3487455,9.7956774,-0.006148981486580496,2,-0.06524540757768532,-1.5895928072612913,3,-5.985675484304896
9.062,0.0164808,-0.3622833,9.7732125,-0.007703019108220133,2,-0.10360250810931747,-1.5896966972657522,3,-6.009520155588847
9.078,0.0164808,-0.3622833,9.7732125,-0.009219153373235756,2,-0.09475839156347635,-1.5898320746456038,3,-6.034956385764138
9.094,0.0478728,-0.3622833,9.735738300000001,-0.01160915384318173,2,-0.14937502937162325,-1.5899987011033352,3,-6.060395031970129
9.109,0.0150093,-0.3278502,9.6369516,-0.016381245873972716,2,-0.31813946871938703,-1.5902086291012139,3,-6.084246586946665
9.125,0.0030411,-0.3278502,9.7986204,-0.01709631963520586,2,-0.04469211007707137,-1.5904764496252872,3,-6.109692067576477
9.14,0.0030411,-0.3278502,9.7986204,-0.017793952572993987,2,-0.04650886251920681,-1.5907381266668488,3,-6.133551176898669
9.156,0.0059841,-0.33226469999999997,9.7791966,-0.018944390758068863,2,-0.07190238656717966,-1.5910320334134973,3,-6.159005338179312
9.172,0.0059841,-0.29783160000000003,9.8196138,-0.019108481351448603,2,-0.010255662086233732,-1.5913364563903734,3,-6.184464286097743
9.187,0.0059841,-0.29783160000000003,9.8196138,-0.0192685697352335,2,-0.010672558918993888,-1.5916242842735235,3,-6.20833649165272
9.203,0.04041720000000001,-0.35777070000000005,9.9124164,-0.017112023167689117,2,0.13478416047152375,-1.591915329016747,3,-6.233804808559043
9.219,0.04041720000000001,-0.34580249999999996,9.886910400000001,-0.015640141537069496,2,0.09199260191372619,-1.592177346334385,3,-6.259277549961852
9.234,0.04041720000000001,-0.34580249999999996,9.886910400000001,-0.014204159458415688,2,0.09573213857691691,-1.592401178591851,3,-6.2831618888988
9.25,-0.0793629,-0.3831786,9.9064323,-0.012288095313813585,2,0.11975400903763134,-1.5926131166300288,3,-6.308642003260575
9.265,-0.0793629,-0.3831786,9.9064323,-0.010418764441030959,2,0.1246220581855037,-1.5927834180781901,3,-6.332532477270887
9.281,-0.0269775,-0.3622833,9.788123700000002,-0.011504655007216869,2,-0.0678681603866193,-1.5929588054337762,3,-6.358018415058983
9.297,0.0030411,-0.3622833,9.8584614,-0.010850566999236477,2,0.04088050049877442,-1.5931376472098278,3,-6.383507186680132
9.312,0.0030411,-0.3622833,9.8584614,-0.010212432357304735,2,0.042542309462119586,-1.5932956197050019,3,-6.407405436181991
9.328,0.0373761,-0.3307932,9.8584614,-0.009615127641744436,2,0.037331544722518616,-1.5934542401849943,3,-6.432899435061111
9.344,0.0373761,-0.3503151,9.740250900000001,-0.011897274555742854,2,-0.14263418212490095,-1.5936263394025743,3,-6.4583960796978115
9.359,0.08083440000000001,-0.3503151,9.7821396,-0.01309634833276796,2,-0.07993825180167069,-1.593813791574238,3,-6.482301880680138
9.375,0.09427410000000001,-0.3367773,9.7821396,-0.01427483299038812,2,-0.07365529110125994,-1.5940327610248233,3,-6.507804653100931
9.39,0.09427410000000001,-0.36669779999999996,9.8764137,-0.013100687676747214,2,0.07827635424272412,-1.5942380774298268,3,-6.531716684389342
9.406,0.0090252,-0.3262806,9.774684,-0.01448045255789765,2,-0.08623530507190216,-1.594458726551704,3,-6.557226258821194
9.422,0.0090252,-0.3262806,9.774684,-0.01582656463706833,2,-0.08413200494816746,-1.5947011826892639,3,-6.5827395380951215
9.437,0.0478728,-0.3218661,9.7851807,-0.01688478085813827,2,-0.07054774807133507,-1.5949465177804778,3,-6.606661895848642
9.453,0.0478728,-0.3218661,9.7851807,-0.017917186927475015,2,-0.06452537933354646,-1.5952249335227626,3,-6.632183267459069
9.469,-0.007455600000000001,-0.3218661,9.7612443,-0.01951069591739696,2,-0.09959431187012138,-1.5955243565855215,3,-6.657709261779935
9.484,0.020993400000000002,-0.3307932,9.7612443,-0.021057582907483052,2,-0.10312579933906901,-1.595828618676708,3,-6.681644409094403
9.5,0.020993400000000002,-0.36669779999999996,9.9033912,-0.019070892718840327,2,0.12416813679017025,-1.5961496464817186,3,-6.70718023521567
9.515,0.0030411,-0.36669779999999996,9.888480000000001,-0.01749662769967486,2,0.10495100127769376,-1.5964239028848575,3,-6.73112453683592
9.531,0.0688662,-0.40417200000000003,9.888480000000001,-0.015919327762887292,2,0.09858124604922294,-1.5966912305285579,3,-6.756669457903228
9.547,0.0688662,-0.347274,9.689337,-0.019287160676205062,2,-0.21048955708236042,-1.5969728824360707,3,-6.782218770806945
9.562,0.0389457,-0.347274,9.833053500000002,-0.01907387239875824,2,0.014219218496455908,-1.597260590184133,3,-6.8061755218515945
9.578,0.0179523,-0.38023560000000006,9.833053500000002,-0.018837546922021886,2,0.01477034229602213,-1.5975638815386992,3,-6.831734117625377
9.594,0.0179523,-0.3847482,9.9093753,-0.016742615570285224,2,0.13093320948354126,-1.5978485228386377,3,-6.857297416860396
9.609,0.049442400000000004,-0.42663690000000004,9.8464932,-0.016186640282183973,2,0.03706501920674869,-1.5980954922575312,3,-6.881266996973618
9.625,0.0554265,-0.42663690000000004,9.9707859,-0.01261477320563742,2,0.22324169228415938,-1.5983259035654338,3,-6.906838368140202
9.64,0.0344331,-0.35178660000000006,9.9707859,-0.009203538199383132,2,0.22741566708361055,-1.5984895409009714,3,-6.930814483973701
9.656,0.0344331,-0.37866600000000006,9.856989900000002,-0.008624979135692712,2,0.036159941480651235,-1.598632169039652,3,-6.9563914576532255
9.672,0.059841000000000005,-0.37866600000000006,9.8165727,-0.009042607579090145,2,-0.026101777712339545,-1.5987735097333704,3,-6.98197070308341
9.687,0.0150093,-0.34580249999999996,9.8165727,-0.009483772745660701,2,-0.02941101110470612,-1.598912457585806,3,-7.005953347838302
9.703,0.0150093,-0.37572300000000003,9.7791966,-0.010798318272856378,2,-0.0821590954497297,-1.599074714313954,3,-7.0315372452135
9.719,0.0150093,-0.37572300000000003,9.7791966,-0.012080801714024147,2,-0.08015521507298555,-1.5992577472738492,3,-7.057123904906203
9.734,-0.028449,-0.37572300000000003,9.7866522,-0.013149568079933616,2,-0.0712510910606285,-1.599446975047304,3,-7.081114190323612
9.75,0.0329616,-0.3562992,9.8196138,-0.013406220796444046,2,-0.016040794781901888,-1.5996594213583148,3,-7.106707041494857
9.765,-0.0014715,-0.34128990000000003,9.7268112,-0.015933053588796042,2,-0.1684555194901267,-1.5998794659162041,3,-7.130703583149417
9.781,0.0224649,-0.34128990000000003,9.910846800000002,-0.013911674553948927,2,0.12633618967794458,-1.600118223741346,3,-7.156303564666677
9.797,0.0733788,-0.35777070000000005,9.910846800000002,-0.01191942933262169,2,0.12451532633295226,-1.6003248725724386,3,-7.181907109437187
9.812,0.0733788,-0.34128990000000003,9.8405091,-0.011704425589988077,2,0.014333582842241998,-1.6005020514843582,3,-7.2059133113676115
9.828,0.0733788,-0.34128990000000003,9.8405091,-0.011494665841077278,2,0.013109984306924881,-1.6006876442158067,3,-7.231522828933213
9.844,0.0464013,-0.30685680000000004,9.919872000000002,-0.009386940483615547,2,0.13173283484135812,-1.6008546970664042,3,-7.2571351676634706
9.859,0.0464013,-0.3427614,9.842078700000002,-0.009198200868208772,2,0.012582641027117817,-1.6009940856265428,3,-7.281149033533668
9.875,0.0464013,-0.3427614,9.842078700000002,-0.009014064658055432,2,0.011508513134583776,-1.6011397837507528,3,-7.306766104488687
9.89,0.08534699999999999,-0.3487455,9.898878600000002,-0.007438494000156837,2,0.10503804385990236,-1.6012631779406894,3,-7.330784126701373
9.906,0.08534699999999999,-0.3487455,9.898878600000002,-0.005901351894889828,2,0.09607138157918796,-1.6013698967078498,3,-7.3564051912985615
9.922,0.0628821,-0.38621970000000005,10.003649400000002,-0.001818481706514774,2,0.25517938677344065,-1.601431655376661,3,-7.382027603715238
9.937,0.0628821,-0.38621970000000005,10.003649400000002,0.002164806282143772,2,0.2655525325772578,-1.6014290579423438,3,-7.406049059065128
9.953,0.0554265,-0.3951468000000001,9.9333117,0.00434418228108413,2,0.13621099993377228,-1.601376986033838,3,-7.4316715074169375
9.969,0.0554265,-0.3951468000000001,9.9333117,0.006470402767856598,2,0.13288878042327912,-1.6012904693534464,3,-7.457292847060036
9.984,0.0554265,-0.34580249999999996,9.8375661,0.00616611517074972,2,-0.02028583980712444,-1.6011956954689068,3,-7.481311493296205
10.0,0.020993400000000002,-0.3248091,9.8644455,0.006503784734444906,2,0.02110434773094914,-1.6010943362696652,3,-7.506929813550113
10.015,0.020993400000000002,-0.3248091,9.8644455,0.006833218455122747,2,0.021962248045188554,-1.6009943087457434,3,-7.530945478387729
10.031,0.020993400000000002,-0.3218661,9.747706500000001,0.004306512072785651,2,-0.15791914889606837,-1.6009051909015202,3,-7.556560674384907
10.047,0.0254079,-0.3218661,9.7956774,0.0030110726089063178,2,-0.08096496649245825,-1.6008466502240666,3,-7.582174689113912
10.062,0.0134397,-0.3008727,9.7956774,0.0017303832357207227,2,-0.0853792915457132,-1.6008110893052319,3,-7.60618712216038
10.078,0.0059841,-0.3173535,9.7895952,0.0003451598090045138,2,-0.08657646416976297,-1.600794484960874,3,-7.6317999667545084
10.094,0.0059841,-0.31136939999999996,9.8704296,0.0009596199276327155,2,0.03840375741426257,-1.6007840467229808,3,-7.65741259500798
10.109,0.0269775,-0.31136939999999996,9.7806681,-0.0006282504088375163,2,-0.10585802243134478,-1.60078156145159,3,-7.68142433706929
10.125,0.0164808,-0.3173535,9.831582000000001,-0.0009321211129318385,2,-0.018991919005895124,-1.600794044423764,3,-7.707036941916292
10.14,0.0164808,-0.3173535,9.831582000000001,-0.0012285803364378012,2,-0.019763948233730094,-1.6008102496846344,3,-7.731048974122106
10.156,0.028449,-0.3173535,9.871999200000001,-0.0005318719946227901,2,0.04354427136343815,-1.6008243333032828,3,-7.75666205078601
10.172,0.0658251,-0.35777070000000005,9.871999200000001,0.00018588127683649702,2,0.044859579466205404,-1.6008271012290252,3,-7.782275262262268
10.187,0.0658251,-0.36973890000000004,9.9184005,0.002027801585098743,2,0.12279468721749295,-1.6008104986075606,3,-7.806287544261041
10.203,0.0928026,-0.36973890000000004,9.9273276,0.004047628522656055,2,0.12623918359733188,-1.6007618951666986,3,-7.831900123411235
10.219,0.0703377,-0.37572300000000003,9.9273276,0.006019168489654447,2,0.12322124793739941,-1.6006813607906,3,-7.857511669458893
10.234,0.0643536,-0.38023560000000006,9.907903800000001,0.007472426753363237,2,0.09688388424724899,-1.6005801738262775,3,-7.881521130968521
10.25,0.0643536,-0.3817071,9.922913099999999,0.00925742050621281,2,0.11156210955309821,-1.6004463350482008,3,-7.907129343039516
10.265,0.058369500000000005,-0.3817071,9.7821396,0.007567110062565163,2,-0.11268736290983886,-1.6003201510689349,3,-7.9311350916853955
10.281,0.04188870000000001,-0.3592422,9.7821396,0.005895232147777207,2,-0.10449236967424715,-1.6002124523312522,3,-7.956739352512597
10.297,0.04188870000000001,-0.39671639999999997,9.8584614,0.006159395228722886,2,0.016510192559104894,-1.6001160153122402,3,-7.982341980253745
10.312,-0.010496700000000001,-0.39671639999999997,9.6773688,0.0020018312437475316,2,-0.2771709323317126,-1.6000548061136968,3,-8.006343261414438
10.328,-0.029920500000000003,-0.33226469999999997,9.6773688,-0.0021125055894142264,2,-0.25714605207260965,-1.600055691508462,3,-8.031944145395416
10.344,-0.029920500000000003,-0.32932170000000005,9.800091900000002,-0.0031374226617426615,2,-0.06405731702052714,-1.6000976909344713,3,-8.057545372454959
10.359,0.0030411,-0.32932170000000005,9.707289300000001,-0.006400632481126323,2,-0.21754732129223583,-1.6001692263480427,3,-8.081547374334578
10.375,0.020993400000000002,-0.33530580000000004,9.707289300000001,-0.00957871651802833,2,-0.19863025230637527,-1.600297061140036,3,-8.107151104634482
10.39,0.049442400000000004,-0.32932170000000005,9.834525,-0.00958025508580107,2,-0.00010257118484938691,-1.6004407534270648,3,-8.131156638243736
10.406,0.049442400000000004,-0.3338343,9.7732125,-0.011072589039812897,2,-0.09327087212573906,-1.6006059761800697,3,-8.156765012080593
10.422,0.028449,-0.3338343,9.8824959,-0.009866662658017944,2,0.07537039886218448,-1.6007734901936523,3,-8.182376047811582
10.437,0.0748503,-0.3712104,9.8824959,-0.008651740874174862,2,0.08099478558954529,-1.6009123782201438,3,-8.206388691824683
10.453,0.0748503,-0.39818790000000004,9.898878600000002,-0.0070416145494967,2,0.10063289529238509,-1.6010379250635332,3,-8.232004294250952
10.469,0.08377740000000002,-0.39818790000000004,9.919872000000002,-0.004957413480633832,2,0.13026256680392911,-1.601133917287774,3,-8.257621668989763
10.484,0.1062423,-0.4235958000000001,9.919872000000002,-0.002893157812115632,2,0.1376170445678748,-1.6011927965724697,3,-8.281639119343716
10.5,0.1062423,-0.4445892,9.9138879,-0.001002664857207236,2,0.11815580968177464,-1.6012239631538243,3,-8.307258453421525
10.515,0.1062423,-0.4445892,9.9138879,0.0008417185134348415,2,0.12295889137613385,-1.6012251702514027,3,-8.331276821922065
10.531,0.0449298,-0.37572300000000003,9.883967400000001,0.0018310612522576264,2,0.061833921176424,-1.601203788013277,3,-8.356896253588182
10.547,0.0449298,-0.37572300000000003,9.883967400000001,0.0027962736803779364,2,0.06032577675751932,-1.6011667693338159,3,-8.38251521804696
10.562,0.0658251,-0.3278502,9.7956774,0.0015470949213352014,2,-0.08327858393618905,-1.601134194069303,3,-8.406532475272481
10.578,0.056898,-0.3278502,9.919872000000002,0.0033544330824799573,2,0.11295863507154714,-1.6010949818452724,3,-8.432150308679798
10.594,0.056898,-0.3278502,9.919872000000002,0.005117689825059557,2,0.11020354641122489,-1.6010272048620122,3,-8.457767286173457
10.609,0.0703377,-0.3817071,9.919872000000002,0.0068869895245544654,2,0.1179533132996561,-1.6009371697668902,3,-8.481782018983175
10.625,0.0703377,-0.37268190000000007,9.855518400000001,0.007036325075196359,2,0.009333471915118343,-1.600825783250092,3,-8.507396122607311
10.64,0.0643536,-0.37866600000000006,9.934881299999999,0.009120804868684829,2,0.1389653195658927,-1.600704604775513,3,-8.531407600517504
10.656,0.0643536,-0.37866600000000006,9.934881299999999,0.011154443691602012,2,0.12710242643232383,-1.6005424027870305,3,-8.557017576578005
10.672,0.0643536,-0.37866600000000006,9.8151012,0.010219223206442862,2,-0.05845128032244679,-1.600371413451846,3,-8.582624887107915
10.687,-0.0090252,-0.37866600000000006,9.8809263,0.010906076405618137,2,0.04579021327835533,-1.6002129737047557,3,-8.606629270011588
10.703,0.0344331,-0.3622833,9.657945000000002,0.006127769289980378,2,-0.29864419472735965,-1.600076702939191,3,-8.632231587424739
10.719,0.053856900000000006,-0.3008727,9.7627158,0.003970898430136316,2,-0.13480442874025378,-1.59999591359743,3,-8.657832168357032
10.734,0.053856900000000006,-0.3008727,9.7627158,0.0018666341766309102,2,-0.14028428356702172,-1.5999521321028791,3,-8.681831778699786
10.75,0.04041720000000001,-0.3262806,9.7866522,0.00041549054543210673,2,-0.09069647694992514,-1.5999338751051027,3,-8.70743086675745
10.765,0.04041720000000001,-0.3262806,9.7866522,-0.001000259338663767,2,-0.09438332560638801,-1.599938260871052,3,-8.731429907777272
10.781,0.04041720000000001,-0.3367773,9.862974000000001,-0.0005124121403969895,2,0.03049044989167357,-1.5999503622428843,3,-8.757029016762184
10.797,-0.0014715,-0.3367773,9.9033912,0.0009467339188464763,2,0.09119662870271653,-1.5999468876686567,3,-8.782628194761477
10.812,0.0269775,-0.3532581,9.9033912,0.002385179512224056,2,0.09589637289184637,-1.5999218983179238,3,-8.806627210656375
10.828,0.0269775,-0.34128990000000003,9.9213435,0.004215911373144365,2,0.11442074130751924,-1.5998690895908407,3,-8.832225538559644
10.844,0.0464013,-0.34128990000000003,9.851005800000001,0.004289228705763648,2,0.0045823332887051605,-1.5998010484702094,3,-8.857822899664132
10.859,0.0928026,-0.3248091,9.8105886,0.003369963431806511,2,-0.06128435159714016,-1.5997436045291777,3,-8.881819484561628
10.875,0.0119682,-0.33530580000000004,9.8105886,0.002471206009886373,2,-0.05617233887000856,-1.5996968751736442,3,-8.907415008399251
10.89,0.0119682,-0.3143124,9.831582000000001,0.002089198116381752,2,-0.025467192900307113,-1.5996626721426972,3,-8.931410205004125
10.906,-0.0045126,-0.3143124,9.8105886,0.0012045830838918192,2,-0.055288439530620744,-1.599636321893095,3,-8.957004596956411
10.922,0.0269775,-0.36669779999999996,9.8105886,0.0003867419819538753,2,-0.051115068871121445,-1.599623591292568,3,-8.982598676261896
10.937,0.0269775,-0.3278502,9.9138879,0.002073424519206668,2,0.11244550248352857,-1.5996051400438094,3,-9.006592891746916
10.953,0.0269775,-0.3278502,9.8196138,0.0014208770739863041,2,-0.04078421532627271,-1.5995771856310639,3,-9.032186350352315
10.969,-0.0224649,-0.3143124,9.8196138,0.0007731777387167682,2,-0.04048120845434596,-1.5995596331925623,3,-9.057779444902904
10.984,-0.0224649,-0.35777070000000005,9.9048627,0.0022553971291561226,2,0.09881462602928655,-1.5995369188810533,3,-9.081772669043456
11.0,0.0434583,-0.35777070000000005,9.752219100000001,-1.7346361484982253e-05,2,-0.1420464681650689,-1.5995190144749118,3,-9.107365116510303
11.015,0.04041720000000001,-0.3083283,9.818044200000001,-0.0006714545148600592,2,-0.04360721022500348,-1.5995241804814844,3,-9.131357940472478
11.031,0.0359046,-0.3487455,9.818044200000001,-0.001277068232868217,2,-0.037850857375509826,-1.5995397686634663,3,-9.156950452065638
11.047,0.0359046,-0.33824879999999996,9.783611100000002,-0.0027161888059055173,2,-0.08994503581483118,-1.5995717147197765,3,-9.182543343932704
11.062,0.0045126,-0.33824879999999996,9.8375661,-0.0028065954450937625,2,-0.006027109279216833,-1.599613135601659,3,-9.206537230310113
11.078,0.0373761,-0.36669779999999996,9.8375661,-0.0028682465159377557,2,-0.003853191927749574,-1.5996585343373473,3,-9.232131403669625
11.094,0.0373761,-0.36669779999999996,9.8375661,-0.002928393902127624,2,-0.0037592116368667626,-1.5997049074606917,3,-9.257726311204008
11.109,0.0119682,-0.3547296,9.8734707,-0.0021241689339337455,2,0.053614997879589864,-1.5997428016819621,3,-9.28172216902258
11.125,0.0119682,-0.3547296,9.8734707,-0.0013395592088674135,2,0.04903810781664571,-1.5997705115071046,3,-9.307318275528091
11.14,0.0449298,-0.3817071,9.851005800000001,-0.0010947586706784307,2,0.016320035879264904,-1.5997887688912011,3,-9.33131497013108
11.156,0.049442400000000004,-0.5268951000000001,9.9184005,0.0009491494460895922,2,0.12774425729800132,-1.599789933764998,3,-9.35691159975233
11.172,0.22455090000000003,-0.5268951000000001,10.036610999999999,0.005880551099251008,2,0.3082126033225882,-1.5997352961606353,3,-9.382507801591736
11.187,0.22455090000000003,-0.5268951000000001,10.036610999999999,0.010691674663311446,2,0.32074157093738836,-1.599611004467416,3,-9.406502898846444
11.203,0.1287072,-0.3891627,9.9184005,0.012310495048165393,2,0.10117627405337162,-1.5994269871097242,3,-9.432095202779061
11.219,0.0733788,-0.3891627,9.860031000000001,0.012453589498679918,2,0.008943403157157795,-1.5992288744333494,3,-9.457684449671406
11.234,0.0733788,-0.3891627,9.860031000000001,0.012593193840645611,2,0.009306956131045872,-1.5990410235583044,3,-9.481671473906344
11.25,0.029920500000000003,-0.34580249999999996,9.687865500000001,0.008487944449125706,2,-0.25657808696999385,-1.5988723744519862,3,-9.507254781090426
11.265,0.029920500000000003,-0.34580249999999996,9.687865500000001,0.004482823091546351,2,-0.26700809050528024,-1.598775093695431,3,-9.531237137101533
11.281,0.0269775,-0.37866600000000006,9.848062800000001,0.0045094297279408835,2,0.0016629147746582958,-1.598703155672875,3,-9.556816963096479
11.297,0.0269775,-0.3307932,9.774684,0.0027046529548311327,2,-0.11279854831935933,-1.5986454430114128,3,-9.582395751885953
11.312,0.0269775,-0.3307932,9.774684,0.0009438951274063356,2,-0.11738385516166258,-1.598618078900796,3,-9.606375228300292
11.328,0.0269775,-0.36375480000000004,9.821085300000002,0.0003855823969960426,2,-0.03489454565064329,-1.5986074430806008,3,-9.631953032476144
11.344,0.028449,-0.36375480000000004,9.7417224,-0.002093346925121864,2,-0.15493308263236902,-1.5986211051968258,3,-9.657530860862364
11.359,0.0269775,-0.3338343,9.842078700000002,-0.002091744449986166,2,0.00010683167571319599,-1.598652493382139,3,-9.681510412851708
11.375,0.0269775,-0.3338343,9.842078700000002,-0.0020901810596090087,2,9.77118985723279e-05,-1.598685948786216,3,-9.707089120389055
11.39,0.0688662,-0.3338343,9.8824959,-0.0010984870079298048,2,0.06611293677861109,-1.5987098637967225,3,-9.731069588983427
11.406,0.0464013,-0.34580249999999996,9.8824959,-0.00012414272834071483,2,0.06089651747431807,-1.5987196448346126,3,-9.756649025052479
11.422,0.0464013,-0.33226469999999997,9.860031000000001,0.0002675079645424461,2,0.024478168305197535,-1.598718497912723,3,-9.782228530194457
11.437,0.0449298,-0.33226469999999997,9.8584614,0.0006111792675564942,2,0.022911420200938386,-1.5987119077584822,3,-9.80620925823699
11.453,-0.031392,-0.3771945,9.8584614,0.0009845962520280693,2,0.023338561529473424,-1.5986991415543255,3,-9.831788546631492
11.469,-0.0030411,-0.39671639999999997,9.9258561,0.0030088263778580426,2,0.12651438286437322,-1.5986671941732864,3,-9.857367477317313
11.484,-0.0030411,-0.39671639999999997,9.9258561,0.004983685037203145,2,0.13165724395633516,-1.5986072503376734,3,-9.881347035651146
11.5,0.0134397,-0.39671639999999997,9.8405091,0.004830629613836734,2,-0.00956596396040065,-1.598528735820465,3,-9.906924123540412
11.515,-0.0014715,-0.3338343,9.8405091,0.0046241951099244005,2,-0.013762300260821736,-1.5984578246350367,3,-9.930901522743829
11.531,-0.0014715,-0.3592422,9.8615025,0.004956299267586672,2,0.020756509853891974,-1.5983811806800166,3,-9.956476234786349
11.547,0.0254079,-0.3592422,9.7941078,0.003638427849185888,2,-0.08236696365004896,-1.5983124228630823,3,-9.982049783614693
11.562,0.028449,-0.3592422,9.7941078,0.002352903434022835,2,-0.08570162767754376,-1.5982674878784582,3,-10.006024132945253
11.578,0.028449,-0.30685680000000004,9.860031000000001,0.0026624035430717896,2,0.019343756815559648,-1.5982273654226413,3,-10.031596091771663
11.594,0.0478728,-0.30685680000000004,9.746235,0.0001920671441091315,2,-0.154396024935166,-1.5982045296571439,3,-10.057167546932302
11.609,0.031392,-0.34580249999999996,9.746235,-0.0021878639579053782,2,-0.15866207346762798,-1.5982194981332474,3,-10.081140727140731
11.625,0.031392,-0.3503151,9.8105886,-0.0029372342571747367,2,-0.046835643704334864,-1.598260498918968,3,-10.10671256711715
11.64,0.0224649,-0.31284090000000003,9.735738300000001,-0.005524475889389535,2,-0.17248277548098004,-1.598323961745067,3,-10.13068695057213
11.656,-0.020993400000000002,-0.31284090000000003,9.827069400000001,-0.005822249928222334,2,-0.018610877427049904,-1.598414735551608,3,-10.156260860150503
11.672,0.007455600000000001,-0.33824879999999996,9.827069400000001,-0.0060927209799750415,2,-0.01690444073454421,-1.5985100553188736,3,-10.181836258477468
11.687,0.007455600000000001,-0.3173535,9.7821396,-0.007468860667019683,2,-0.09174264580298351,-1.598611767181226,3,-10.205814672146216
11.703,-0.020993400000000002,-0.3173535,9.833053500000002,-0.007569806086403119,2,-0.0063090887114647335,-1.5987320765152535,3,-10.231393422895788
11.719,-0.020993400000000002,-0.32932170000000005,9.833053500000002,-0.007658695923003833,2,-0.005555614787544622,-1.5988539045313288,3,-10.256974110744162
11.734,-0.020993400000000002,-0.3338343,9.862974000000001,-0.007012360707577159,2,0.04308901436177666,-1.5989639374560582,3,-10.280957744559068
11.75,0.0643536,-0.3338343,9.877983300000002,-0.006011353214034898,2,0.06256296834639125,-1.5990681271674312,3,-10.306542001076055
11.765,0.0777933,-0.3367773,9.877983300000002,-0.0050299683024483954,2,0.06542566077243102,-1.5991509370788048,3,-10.330528644057903
11.781,0.0718092,-0.3592422,9.946849499999999,-0.0023758154030932843,2,0.1658845562096943,-1.599210183348449,3,-10.35611553302132
11.797,0.0718092,-0.3592422,9.946849499999999,0.0002136020596914534,2,0.16183859142404597,-1.5992274810551963,3,-10.38170303433655
11.812,0.0718092,-0.3218661,9.9363528,0.0024527945877110824,2,0.14927950186798727,-1.5992074830803409,3,-10.405691296567564
11.828,0.04041720000000001,-0.3562992,9.8854389,0.003420703384056978,2,0.06049429977161841,-1.5991604950965668,3,-10.43127824039298
11.844,0.04041720000000001,-0.3592422,9.821085300000002,0.002799056149424217,2,-0.038852952164547504,-1.5991107370202988,3,-10.456864410249914
11.859,0.0014715,-0.3592422,9.8928945,0.003940828498551596,2,0.07611815660848904,-1.599060187885439,3,-10.480850692186708
11.875,0.049442400000000004,-0.4027005000000001,9.8928945,0.0050985492386868,2,0.07235754625845019,-1.598987872863541,3,-10.5064350766727
11.89,0.049442400000000004,-0.4027005000000001,9.8928945,0.006228032887600321,2,0.07529890992756519,-1.5989029234975938,3,-10.53041925764541
11.906,0.049442400000000004,-0.40868460000000006,9.8734707,0.006862607611129334,2,0.0396609202205633,-1.598798198373604,3,-10.556000866620378
11.922,0.0703377,-0.4221243,9.907903800000001,0.008337619070656999,2,0.09218821622047893,-1.5986765965601497,3,-10.581580664979848
11.937,0.0763218,-0.3622833,9.8255979,0.007713956195658511,2,-0.041577524999902506,-1.5985562097456523,3,-10.60555991102714
11.953,0.0763218,-0.3622833,9.8255979,0.007105504610294133,2,-0.038028224085273586,-1.5984376540592047,3,-10.631135861937578
11.969,0.053856900000000006,-0.3173535,9.6744258,0.002785273002727351,2,-0.2700144754729237,-1.5983585278383006,3,-10.656710231392758
11.984,0.053856900000000006,-0.3173535,9.6744258,-0.0014295871022156348,2,-0.2809906736628551,-1.5983483601940467,3,-10.680685533053001
12.0,0.010496700000000001,-0.3248091,9.7732125,-0.003131042232473291,2,-0.10634094564110343,-1.5983848452287241,3,-10.706259398696384
12.015,0.010496700000000001,-0.3248091,9.7732125,-0.004790998457114171,2,-0.11066374830938777,-1.598444260533896,3,-10.730235616989605
12.031,0.020993400000000002,-0.3248091,9.7791966,-0.00626418288599595,2,-0.09207402680511115,-1.598532701984641,3,-10.755811432689754
12.047,0.031392,-0.35777070000000005,9.877983300000002,-0.005264892389465814,2,0.062455656033133466,-1.5986249345868446,3,-10.781388693782326
12.062,0.031392,-0.35777070000000005,9.877983300000002,-0.004289974831875654,2,0.06499450383934925,-1.5986965960910047,3,-10.805368605262407
12.078,0.031392,-0.35777070000000005,9.848062800000001,-0.004068120713041523,2,0.013865882427133146,-1.598763460855364,3,-10.830948285717978
12.094,-0.0150093,-0.3771945,9.848062800000001,-0.0038349525908252247,2,0.014573007638518641,-1.598826685441795,3,-10.856529006888355
12.109,0.0449298,-0.33226469999999997,9.967744800000002,-0.0007272958437898325,2,0.2071771164690183,-1.5988609023050546,3,-10.880511663796456
12.125,0.0449298,-0.3891627,9.900448200000001,0.0007146453723763102,2,0.09012132601038383,-1.598861003508826,3,-10.906093439042968
12.14,0.0389457,-0.3891627,9.919872000000002,0.0025941822366490896,2,0.12530245761818054,-1.5988361873017582,3,-10.930076167974049
12.156,0.049442400000000004,-0.35178660000000006,9.919872000000002,0.004394994910656536,2,0.11255079212546527,-1.5987802738845798,3,-10.95565709966354
12.172,0.049442400000000004,-0.4027005000000001,10.0306269,0.00889818238002782,2,0.28144921683570495,-1.5986739284662543,3,-10.981236733282346
12.187,0.09427410000000001,-0.4027005000000001,9.866015100000002,0.009287906307591243,2,0.025981595170896987,-1.5985375328010971,3,-11.00521581924185
12.203,0.0329616,-0.3847482,9.866015100000002,0.009641030486795543,2,0.02207026120026876,-1.598386101306742,3,-11.030791208314712
12.219,0.0329616,-0.36071369999999997,9.855518400000001,0.009707566794823208,2,0.00415851925172905,-1.598231312528489,3,-11.056364147625393
12.234,0.029920500000000003,-0.36071369999999997,9.774684,0.007802012313653961,2,-0.12703696541127832,-1.5980999906851754,3,-11.080336632399497
12.25,0.0344331,-0.32333760000000006,9.774684,0.005911418407595903,2,-0.1181621191286285,-1.5979902832394053,3,-11.105905354590893
12.265,0.0269775,-0.3173535,9.707289300000001,0.0024186896771638544,2,-0.2328485820287944,-1.5979278074287695,3,-11.129874740270905
12.281,0.0269775,-0.31136939999999996,9.596534400000001,-0.0036934985232104367,2,-0.38201176252339286,-1.5979380058995378,3,-11.15544166677753
12.297,0.0254079,-0.31136939999999996,9.7372098,-0.0062273964764436585,2,-0.15836862207707622,-1.598017373059535,3,-11.181009309809204
12.312,-0.010496700000000001,-0.33530580000000004,9.7372098,-0.00868078654874438,2,-0.16355933815339455,-1.598129184432224,3,-11.204980408990389
12.328,-0.010496700000000001,-0.3652263,9.8091171,-0.009295491504103026,2,-0.0384190597099154,-1.5982729946566467,3,-11.2305516264231
12.344,0.0777933,-0.3652263,9.886910400000001,-0.007991787035505737,2,0.08148152928733048,-1.5984112928849636,3,-11.256125100723434
12.359,0.0793629,-0.3712104,9.886910400000001,-0.00671414437964124,2,0.0851761770576299,-1.5985215873705771,3,-11.28010209732535
12.375,0.0793629,-0.39671639999999997,9.955776600000002,-0.0037652546485205107,2,0.18430560819504543,-1.5986054225628024,3,-11.305679113404818
12.39,0.0793629,-0.39671639999999997,9.955776600000002,-0.0008882890571833002,2,0.1917977060891401,-1.598640324140595,3,-11.329658456505094
12.406,0.0164808,-0.3173535,9.948321,0.0016600065738039405,2,0.1592684769367024,-1.5986341504004622,3,-11.355236652301421
12.422,-0.031392,-0.32932170000000005,9.9243846,0.0035730143620522625,2,0.11956298676552002,-1.5985922862329753,3,-11.380814463794488
12.437,-0.031392,-0.32932170000000005,9.9243846,0.005439363423757726,2,0.12442327078037425,-1.5985246933995818,3,-11.404792841141731
12.453,-0.031392,-0.3307932,9.9048627,0.006785507994404583,2,0.08413403566542847,-1.5984268944282365,3,-11.430368453844354
12.469,0.0239364,-0.3307932,9.9064323,0.008136573653926504,2,0.08444160372012004,-1.5983075177750499,3,-11.45594232914198
12.484,0.0239364,-0.3562992,9.759674700000001,0.005899151829870775,2,-0.149161454937043,-1.5982022498339215,3,-11.479916152399047
12.5,0.020993400000000002,-0.3562992,9.8689581,0.006379824022632263,2,0.03004201204759302,-1.5981040180271013,3,-11.505486602541936
12.515,0.020993400000000002,-0.3562992,9.8689581,0.006848772503374789,2,0.031263232049500544,-1.5980048035531562,3,-11.529457418703789
12.531,0.04188870000000001,-0.3173535,9.743193900000001,0.004209718789686789,2,-0.16494085710549986,-1.5979163356228117,3,-11.555024787817196
12.547,0.04188870000000001,-0.3173535,9.743193900000001,0.0016350322397471473,2,-0.1609179093712275,-1.5978695776145762,3,-11.580591075123095
12.562,-0.04041720000000001,-0.3173535,9.830012400000001,0.0012393853059275983,2,-0.026376462254638723,-1.5978480194829836,3,-11.604558957101325
12.578,0.04041720000000001,-0.3503151,9.830012400000001,0.0008806747289682448,2,-0.022419411059959572,-1.5978310590027045,3,-11.630124389729211
12.594,0.0449298,-0.347274,9.7672284,-0.0010017796695365178,2,-0.11765339990654755,-1.597832027842229,3,-11.655689694423971
12.609,0.0449298,-0.347274,9.7672284,-0.0028383205461270933,2,-0.12243605843936706,-1.5978608285938465,3,-11.679657390847243
12.625,0.0478728,-0.347274,9.6623595,-0.00718584130376243,2,-0.27172004735220834,-1.5979410218886456,3,-11.705223805651103
12.64,0.050913900000000005,-0.3592422,9.839037600000001,-0.007110039708109639,2,0.005053439710185897,-1.5980482409962347,3,-11.729193725122741
12.656,0.0373761,-0.3592422,9.851005800000001,-0.006745856327000865,2,0.022761461319298328,-1.5981590881645156,3,-11.754763383756027
12.672,0.0373761,-0.3592422,9.851005800000001,-0.006390555467381986,2,0.02220630372617991,-1.5982641794588706,3,-11.780334769897014
12.687,0.028449,-0.3307932,9.851005800000001,-0.006068934542643234,2,0.021441394982585224,-1.5983576256339458,3,-11.804309433435208
12.703,0.028449,-0.3771945,9.961760700000001,-0.0030151439293497617,2,0.19086191333084185,-1.5984302982617218,3,-11.829883736826373
12.719,0.0329616,-0.39220380000000005,9.9333117,-0.0007147060307595154,2,0.14377736866189025,-1.5984601370614027,3,-11.855458860308959
12.734,0.0329616,-0.39220380000000005,9.9333117,0.0015296236264017438,2,0.14962197714407827,-1.5984540251794352,3,-11.879435716525766
12.75,0.0269775,-0.34580249999999996,9.9333117,0.0036767608781982375,2,0.13419607823728075,-1.5984123741033984,3,-11.905010647720028
12.765,0.031392,-0.3876912,9.856989900000002,0.003949469487688262,2,0.018180573966000937,-1.5983551773756544,3,-11.928986404356122
12.781,0.031392,-0.3876912,9.856989900000002,0.00421552666767866,2,0.01662857374939984,-1.5982898574064115,3,-11.954559564634378
12.797,0.020993400000000002,-0.3936753,9.856989900000002,0.004480201565325359,2,0.016542181102918704,-1.5982202915805475,3,-11.980131645826274
12.812,0.020993400000000002,-0.3547296,9.978241500000001,0.007657845589623236,2,0.21184293495320883,-1.5981292562268854,3,-12.004104267434828
12.828,0.031392,-0.3547296,9.855518400000001,0.007767333251303299,2,0.00684297885500395,-1.598005854796158,3,-12.029673348323012
12.844,0.0,-0.4056435,9.855518400000001,0.007920799896226072,2,0.009591665307673294,-1.5978803497309777,3,-12.05524043795923
12.859,0.0,-0.3891627,9.806076000000001,0.006849359561302393,2,-0.07142935566157589,-1.5977695735350463,3,-12.079207812383725
12.875,0.04041720000000001,-0.3891627,9.695321100000001,0.0031069149644125105,2,-0.23390278730561745,-1.5976899233388406,3,-12.104771488358717
12.89,0.0030411,-0.37572300000000003,9.743193900000001,0.0006075454850478224,2,-0.16662463195763957,-1.5976620648854696,3,-12.1287366282704
12.906,0.0030411,-0.33530580000000004,9.743193900000001,-0.0018668095789617922,2,-0.15464719150060077,-1.597672138998221,3,-12.15429930190147
12.922,0.0030411,-0.2963601,9.695321100000001,-0.005478676631389234,2,-0.22574169077671494,-1.5977309028879036,3,-12.179862526236558
12.937,0.0179523,-0.2963601,9.806076000000001,-0.00630196824486795,2,-0.054886107565252154,-1.5978192577244756,3,-12.203829152441148
12.953,0.0164808,-0.32932170000000005,9.806076000000001,-0.007079607720779535,2,-0.04860246724447399,-1.5979263103322008,3,-12.229395116985602
12.969,0.0164808,-0.318825,9.839037600000001,-0.007043219488801711,2,0.002274264498614007,-1.5980392929498775,3,-12.254962841811858
12.984,0.0239364,-0.318825,9.9243846,-0.0049268000696152114,2,0.14109462794576128,-1.5981290680965656,3,-12.278934104519708
13.0,0.0688662,-0.37572300000000003,9.9243846,-0.002808350439858387,2,0.13240310185980142,-1.5981909493006414,3,-12.304504664658886
13.015,0.0688662,-0.3652263,9.9693144,0.000343964123276308,2,0.2101543042089717,-1.5982094321980158,3,-12.328477667520128
13.031,0.0554265,-0.3652263,9.922913099999999,0.002286391724730663,2,0.12140172509089708,-1.5981883893512319,3,-12.354048850092521
13.047,0.0254079,-0.3592422,9.907903800000001,0.003807299207538861,2,0.0950567176755123,-1.5981396398237737,3,-12.37961947432592
13.062,0.0373761,-0.36375480000000004,9.907903800000001,0.0052960487075885965,2,0.09924996666999035,-1.5980713647144102,3,-12.403591056859955
13.078,0.0373761,-0.3367773,9.874942200000001,0.005921770483677591,2,0.039107611005562114,-1.59798162216088,3,-12.429159480754958
13.094,0.0718092,-0.3367773,9.8225568,0.005259958472787929,2,-0.041363250680603834,-1.5978921683292282,3,-12.454726471078878
13.109,0.0718092,-0.3367773,9.8225568,0.0046142882182618195,2,-0.043044683635072335,-1.5978181114790453,3,-12.478694298177441
13.125,0.0658251,-0.33530580000000004,9.854046900000002,0.0047497053620322305,2,0.008463571485650682,-1.597743199530403,3,-12.504258788665517
13.14,0.0224649,-0.33530580000000004,9.8151012,0.003927743646155335,2,-0.054797447725124286,-1.5976781186628415,3,-12.528224448551967
13.156,0.0329616,-0.3487455,9.8151012,0.0031379679510781244,2,-0.04936098094232562,-1.5976215929700637,3,-12.55378684624503
13.172,0.0329616,-0.3547296,9.759674700000001,0.0010217109738857033,2,-0.1322660610745262,-1.5975883155386639,3,-12.5793485255131
13.187,0.0329616,-0.3547296,9.759674700000001,-0.001042929979472973,2,-0.13764273022392284,-1.5975884746812057,3,-12.603312351439746
13.203,0.0478728,-0.31284090000000003,9.806076000000001,-0.0019594823044890575,2,-0.057284520313505234,-1.5976124939794774,3,-12.62887395918903
13.219,-0.0090252,-0.34128990000000003,9.806076000000001,-0.0028332968812989634,2,-0.05461341105061907,-1.5976508362129636,3,-12.65443606583057
13.234,-0.0090252,-0.34128990000000003,9.806076000000001,-0.003685798907454796,2,-0.05683346841038668,-1.5976997294313793,3,-12.678401195072903
13.25,-0.052385400000000006,-0.3771945,9.831582000000001,-0.003860508765395565,2,-0.010919366121298058,-1.5977600998927621,3,-12.703964873707497
13.265,-0.052385400000000006,-0.3771945,9.831582000000001,-0.004030957407289648,2,-0.011363242792938447,-1.5978192858890572,3,-12.72793171910086
13.281,-0.0119682,-0.39220380000000005,9.900448200000001,-0.0025078227338006798,2,0.09519591709306044,-1.597871596130186,3,-12.753497246157014
13.297,0.010496700000000001,-0.39220380000000005,9.723770100000001,-0.005327659255604189,2,-0.17623978261271916,-1.5979342799861012,3,-12.779063693165945
13.312,0.056898,-0.3503151,9.723770100000001,-0.008113779537788801,2,-0.18574135214565576,-1.5980350907770515,3,-12.803033463446667
13.328,0.056898,-0.3053853,9.8165727,-0.00860653718846649,2,-0.030797353167355518,-1.5981688533108616,3,-12.82860309499937
13.344,0.056898,-0.3053853,9.8165727,-0.00908727635985862,2,-0.03004619821200813,-1.5983104038192482,3,-12.854174929056411
13.359,0.0,-0.3053853,9.8285409,-0.009268543664973095,2,-0.012084487007631156,-1.5984480724694343,3,-12.878150617628577
13.375,0.1362609,-0.3712104,9.9124164,-0.007323037544965771,2,0.12159413250045759,-1.598580805119114,3,-12.903726848649287
13.39,0.1362609,-0.3712104,9.9124164,-0.005424982793739375,2,0.12653698341508832,-1.5986764152716542,3,-12.92770627780222
13.406,0.1362609,-0.41466870000000006,10.024642799999999,-0.0007966321075105753,2,0.2892719178892997,-1.598726188190864,3,-12.953285498629919
13.422,0.0823059,-0.41466870000000006,9.8794548,0.00016651921577626183,2,0.06019695770542727,-1.598731229093998,3,-12.978865157968198
13.437,0.058369500000000005,-0.37268190000000007,9.9033912,0.0016446430455161476,2,0.09854158864933366,-1.5987176453770382,3,-13.002846024526729
13.453,0.058369500000000005,-0.37268190000000007,9.9033912,0.0030867150745290672,2,0.0901295018133074,-1.5986797945120779,3,-13.028425204045842
13.469,0.0090252,-0.37268190000000007,9.856989900000002,0.003358588159905196,2,0.016992067836008026,-1.5986282320862024,3,-13.054003668258629
13.484,0.0224649,-0.3307932,9.856989900000002,0.0035879192455148257,2,0.015288739040641406,-1.5985761332806618,3,-13.07798270099888
13.5,0.0224649,-0.34580249999999996,9.8375661,0.003350755414173179,2,-0.014822739458852915,-1.5985206238833842,3,-13.103559475056192
13.515,0.0194238,-0.3367773,9.7342668,0.0005935866431290293,2,-0.18381125140293633,-1.5984910413179545,3,-13.127537062545203
13.531,-0.0164808,-0.3367773,9.7971489,-0.0005636700235296388,2,-0.07232854166616669,-1.5984908019849977,3,-13.153112917291626
13.547,0.04188870000000001,-0.33226469999999997,9.7971489,-0.0016946118392962006,2,-0.07068386348541005,-1.5985088682399002,3,-13.178688914653424
13.562,0.04188870000000001,-0.3278502,9.7447635,-0.00407855727620543,2,-0.15892969579396143,-1.5985521670082665,3,-13.202666872417783
13.578,0.0329616,-0.3278502,9.8524773,-0.0037795117824792612,2,0.018690343357885535,-1.598615031560736,3,-13.228244210006336
13.594,0.052385400000000006,-0.3218661,9.8524773,-0.003490519039333506,2,0.018062046446609675,-1.5986731918073105,3,-13.25382251579328
13.609,0.052385400000000006,-0.3547296,9.8151012,-0.0040920760522134,2,-0.04010380085865809,-1.598730061270497,3,-13.277803040191364
13.625,-0.010496700000000001,-0.3547296,9.9288972,-0.0019085110826804197,2,0.13647281059581118,-1.5987780659675763,3,-13.303383105209269
13.64,0.0733788,-0.3262806,9.9288972,0.00020448863451427712,2,0.14086664781297445,-1.5987908461359375,3,-13.327364872050046
13.656,0.0733788,-0.37866600000000006,9.871999200000001,0.0009245754651736604,2,0.04500542691621141,-1.59878181362314,3,-13.352945453328118
13.672,0.007455600000000001,-0.3817071,9.8615025,0.001367550034133913,2,0.027685910560015767,-1.5987634766191454,3,-13.378525815650056
13.687,0.020993400000000002,-0.3817071,9.9273276,0.0034044895232092642,2,0.13579596593836768,-1.5987276863224653,3,-13.402506999372116
13.703,0.020993400000000002,-0.3817071,9.9273276,0.005391747561331428,2,0.12420362738263513,-1.598657316425789,3,-13.428086079394102
13.719,0.0868185,-0.36375480000000004,9.907903800000001,0.0068494047148455195,2,0.09110357209463063,-1.5985593872075794,3,-13.45366381302317
13.734,0.0,-0.36375480000000004,9.958817699999999,0.009503208870992097,2,0.1769202770764318,-1.5984367426056856,3,-13.47764128399677
13.75,0.0554265,-0.3876912,9.958817699999999,0.012118055464084065,2,0.1634279120682479,-1.598263772491005,3,-13.503214888117544
13.765,0.0554265,-0.3173535,9.7866522,0.010411512893663044,2,-0.11376950469473045,-1.5980948007283218,3,-13.52718757741669
13.781,-0.0194238,-0.3173535,9.830012400000001,0.009800247750993307,2,-0.03820407141685852,-1.5979331066431646,3,-13.552755800675662
13.797,-0.0359046,-0.318825,9.830012400000001,0.00920618292667541,2,-0.037129051519868526,-1.5977810551977432,3,-13.578321513970389
13.812,-0.0359046,-0.318825,9.830012400000001,0.008626607488317006,2,-0.03863836255723004,-1.5976473092696308,3,-13.602287226703892
13.828,-0.0030411,-0.3278502,9.7851807,0.006973972119974192,2,-0.10328971052142578,-1.5975225046327646,3,-13.62784858521511
13.844,-0.0030411,-0.3278502,9.711801900000001,0.003572929467507535,2,-0.21256516577916587,-1.5974381294200648,3,-13.653408270287533
13.859,-0.0030411,-0.3278502,9.711801900000001,0.0002548390748575713,2,-0.22120602617665588,-1.597409421155997,3,-13.677369626916855
13.875,0.0134397,-0.33981839999999996,9.774684,-0.001439302779536078,2,-0.10588386589960298,-1.5974188968656344,3,-13.702928253461028
13.89,-0.007455600000000001,-0.33981839999999996,9.7732125,-0.003128148569965461,2,-0.1125897193619546,-1.5974531527507556,3,-13.726889793833152
13.906,-0.007455600000000001,-0.33981839999999996,9.7732125,-0.004775802999652967,2,-0.10297840185546904,-1.5975163843633127,3,-13.752449550130065
13.922,0.0179523,-0.34580249999999996,9.8644455,-0.004154009078371601,2,0.03886212008008535,-1.597587822859937,3,-13.778010383787851
13.937,0.049442400000000004,-0.34580249999999996,9.8734707,-0.0033247697326093117,2,0.05528262305082374,-1.5976439137010192,3,-13.801974621812057
13.953,0.049442400000000004,-0.34580249999999996,9.8734707,-0.0025157557367432304,2,0.05056337474163004,-1.597690637904774,3,-13.827537298224904
13.969,0.0359046,-0.3876912,9.9693144,0.0006458765240378028,2,0.1976020162988144,-1.5977055969384757,3,-13.85310046810365
13.984,0.0359046,-0.3876912,9.9693144,0.0037303958028491735,2,0.2056346185874169,-1.597672774896024,3,-13.877065805892409
14.0,0.0748503,-0.4027005000000001,9.8615025,0.004132137642452349,2,0.025108864975198465,-1.5976098746284615,3,-13.902628067088605
14.015,0.0793629,-0.344331,9.9947223,0.0077182663497428194,2,0.23907524715268896,-1.59752099659852,3,-13.926591548622808
14.031,0.0793629,-0.344331,9.9947223,0.01121692850319711,2,0.21866638459089296,-1.5973695150396965,3,-13.952150672715913
14.047,0.0793629,-0.347274,9.9093753,0.012552437497236113,2,0.08346931212743762,-1.597179360111693,3,-13.977707063717125
14.062,0.0344331,-0.347274,9.800091900000002,0.011185305858145256,2,-0.09114210927273116,-1.5970013270365278,3,-14.001663418870734
14.078,-0.0119682,-0.3307932,9.9288972,0.012976150146558396,2,0.11192776802582118,-1.5968080353884901,3,-14.027213893770135
14.094,-0.0119682,-0.3307932,9.9288972,0.014723315305985807,2,0.10919782246421307,-1.5965864396648697,3,-14.052761049570561
14.109,0.0868185,-0.3307932,9.7866522,0.012969639254137633,2,-0.11691173678987385,-1.5963787425056688,3,-14.07670828843684
14.125,0.049442400000000004,-0.3907323,9.7866522,0.011306246518186569,2,-0.10396204599694138,-1.5961845354194901,3,-14.102248794660241
14.14,0.11821050000000001,-0.3592422,9.8464932,0.011126828347240547,2,-0.011961211396401003,-1.5960162873579995,3,-14.126190300831073
14.156,0.11821050000000001,-0.3248091,9.689337,0.0070919534792963645,2,-0.2521796792465112,-1.5958705371033872,3,-14.151725395426764
14.172,0.0,-0.3248091,9.8240283,0.006421247855188383,2,-0.04191910150674879,-1.5957624314927112,3,-14.177258459175533
14.187,0.0389457,-0.3278502,9.8240283,0.005771245188206819,2,-0.04333351113210775,-1.5956709877948858,3,-14.201194209820189
14.203,0.0389457,-0.3427614,9.743193900000001,0.0031791557378397783,2,-0.16200559064793993,-1.5955993845874774,3,-14.226724372799248
14.219,0.0748503,-0.3427614,9.883967400000001,0.0040867065698773075,2,0.056721927002345525,-1.5955412576890158,3,-14.25225349793746
14.234,0.050913900000000005,-0.3891627,9.883967400000001,0.005010284286488087,2,0.06157184777404963,-1.595473030257593,3,-14.27618610509706
14.25,0.050913900000000005,-0.36071369999999997,9.7732125,0.0031855480733646857,2,-0.11404601332021248,-1.595407463598714,3,-14.301713149047911
14.265,0.0464013,-0.36071369999999997,9.9392958,0.005452827180768338,2,0.1511519404935711,-1.595342675784308,3,-14.325643775093285
14.281,0.0434583,-0.3532581,9.9392958,0.007657955589705168,2,0.13782052555855173,-1.5952377895221443,3,-14.351168418815737
14.297,-0.0134397,-0.41908320000000004,9.9333117,0.009723712741930512,2,0.12910982201408394,-1.5950987361754914,3,-14.376691111021318
14.312,-0.0134397,-0.34580249999999996,9.8944641,0.010723397121511269,2,0.06664562530538913,-1.5949453828515157,3,-14.400616441914018
14.328,-0.0239364,-0.34580249999999996,9.9602892,0.013303694655313336,2,0.16126859586262907,-1.5947531661173011,3,-14.426134030305768
14.344,0.0554265,-0.40113090000000007,9.9602892,0.015874678877013437,2,0.16068651385625618,-1.5945197391290424,3,-14.451648213547738
14.359,0.0554265,-0.4116276,9.883967400000001,0.016533514308981978,2,0.043922362131234384,-1.5942766776801474,3,-14.475564186673807
14.375,0.0464013,-0.4116276,9.8524773,0.016407772229294793,2,-0.00785887998044909,-1.5940131473878412,3,-14.50107050527435
14.39,0.0359046,-0.3592422,9.8524773,0.016234083207173455,2,-0.011579268141422041,-1.5937683334720676,3,-14.5249788663808
14.406,0.0359046,-0.344331,9.746235,0.01346199327231723,2,-0.17325562092851393,-1.5935307648602317,3,-14.55047725916746
14.422,0.052385400000000006,-0.344331,9.8225568,0.012619663867093678,2,-0.05264558782647195,-1.5933221116031164,3,-14.575972082179167
14.437,-0.029920500000000003,-0.3367773,9.8225568,0.01178920117663651,2,-0.05536417936381564,-1.5931390451152885,3,-14.599870540854553
14.453,-0.04188870000000001,-0.318825,9.6744258,0.0073544687927018515,2,-0.27717077399591594,-1.5929858957555338,3,-14.62535954038152
14.469,-0.04188870000000001,-0.318825,9.6744258,0.003027900613252754,2,-0.27041051121556836,-1.5929028368002862,3,-14.650846650241967
14.484,-0.0090252,-0.2918475,9.830012400000001,0.002577089227516538,2,-0.030054092382413272,-1.5928607993764805,3,-14.674739877513293
14.5,-0.0090252,-0.2918475,9.830012400000001,0.0021372732414324247,2,-0.027488499130257058,-1.5928230844767288,3,-14.70022534858412
14.515,0.0254079,-0.31284090000000003,9.7552602,-9.76633296581042e-05,2,-0.14899577140602963,-1.5928077874023905,3,-14.724117580123213
14.531,0.0254079,-0.31284090000000003,9.854046900000002,0.0001301087823826208,2,0.0142357570025453,-1.5928075278387688,3,-14.749602502645143
14.547,0.0254079,-0.31284090000000003,9.854046900000002,0.00035232547705632555,2,0.013888543417106535,-1.5928036683646933,3,-14.77508739221477
14.562,0.059841000000000005,-0.33981839999999996,9.8016615,-0.0006823750237980875,2,-0.06898003339029976,-1.592806143736294,3,-14.798979465805525
14.578,0.0389457,-0.33981839999999996,9.851005800000001,-0.0004916145328373034,2,0.011922530685048994,-1.592815535652747,3,-14.824464439240638
14.594,0.0389457,-0.33981839999999996,9.851005800000001,-0.0003055067367778719,2,0.011631737253714459,-1.5928219126229037,3,-14.849949538826843
14.609,0.0478728,-0.36826739999999997,9.851005800000001,-9.805786317151899e-05,2,0.01382992490708967,-1.5928249393574034,3,-14.873841890216696
14.625,0.0478728,-0.38621970000000005,9.9827541,0.003331988155952814,2,0.21437787619527063,-1.5927990679150612,3,-14.899326882274876
14.64,0.0434583,-0.3622833,9.946849499999999,0.005780875391689477,2,0.16325914904910468,-1.5927307214384538,3,-14.923218355695028
14.656,0.12272310000000002,-0.38621970000000005,9.946849499999999,0.008208120824635401,2,0.1517028395591201,-1.5926188094687233,3,-14.948701151942284
14.672,0.12272310000000002,-0.38621970000000005,9.946849499999999,0.010576165149460692,2,0.14800277030158057,-1.5924685351809305,3,-14.974181850699482
14.687,0.12272310000000002,-0.40711500000000006,9.839037600000001,0.010279625505647871,2,-0.019769309587522987,-1.5923121167510172,3,-14.99806770558897
14.703,0.0389457,-0.40711500000000006,9.8105886,0.009280268421667515,2,-0.06245981774877224,-1.5921556375995987,3,-15.023543447623775
14.719,0.0179523,-0.3831786,9.783611100000002,0.007622822824185249,2,-0.1035903498426415,-1.5920204128696318,3,-15.049016856027528
14.734,0.0179523,-0.3831786,9.783611100000002,0.00600580272907969,2,-0.10780133967369986,-1.5919181981779824,3,-15.072896395610385
14.75,0.029920500000000003,-0.3831786,9.723770100000001,0.002970531036890378,2,-0.18970448076183183,-1.5918463875078546,3,-15.098366512295872
14.765,0.0449298,-0.3248091,9.845021700000002,0.0029146022132469085,2,-0.003728588242897834,-1.5918022490084784,3,-15.122243877069746
14.781,0.0449298,-0.3248091,9.845021700000002,0.0028600375072524997,2,-0.003410294124650545,-1.5917560518907143,3,-15.14771234347694
14.797,0.0449298,-0.3262806,9.8016615,0.0017510178448603142,2,-0.06931372889951154,-1.5917191634478975,3,-15.173180145199648
14.812,0.0090252,-0.3262806,9.836094600000001,0.001506006558392059,2,-0.016334085764551663,-1.5916947357648732,3,-15.197055749443741
14.828,0.0643536,-0.34580249999999996,9.836094600000001,0.0012882591736502746,2,-0.01360921154636151,-1.5916723816390168,3,-15.222522686382973
14.844,0.0643536,-0.33530580000000004,9.7327953,-0.0014509984124941866,2,-0.1712035991340287,-1.5916736835529275,3,-15.24798945490451
14.859,0.0359046,-0.33530580000000004,9.7732125,-0.003141819882563013,2,-0.11272143133791748,-1.5917081296901405,3,-15.271864818503833
14.875,0.0449298,-0.34128990000000003,9.7732125,-0.00478544293146399,2,-0.10272644055631099,-1.5917715477926528,3,-15.297332655923695
14.89,0.0449298,-0.30685680000000004,9.830012400000001,-0.005032139782930045,2,-0.016446456764403046,-1.5918451796630109,3,-15.321209781379613
14.906,0.0164808,-0.30685680000000004,9.9333117,-0.0027567082918977803,2,0.1422144681895164,-1.5919074904476096,3,-15.346679802740498
14.922,0.059841000000000005,-0.37268190000000007,9.8704296,-0.0020104284124169425,2,0.046642492467552324,-1.591945627541244,3,-15.372150627684409
14.937,0.059841000000000005,-0.3592422,9.8704296,-0.0012944955321820828,2,0.047728858682327825,-1.5919704144708284,3,-15.396029997999497
14.953,0.059841000000000005,-0.37572300000000003,9.943808400000002,0.0012073391293547786,2,0.1563646663460537,-1.591971111722051,3,-15.42150153020904
14.969,0.0359046,-0.37572300000000003,9.8674866,0.0017851873299505883,2,0.03611551253723807,-1.5919471715103766,3,-15.4469728764749
14.984,-0.0134397,-0.4281084,9.8674866,0.0023995714230284904,2,0.04095893953852525,-1.5919157858197293,3,-15.470851848654878
15.0,-0.0134397,-0.40417200000000003,9.8974071,0.003703529369410319,2,0.08149737164886421,-1.5918669610133898,3,-15.496322110629542
15.015,0.0179523,-0.40417200000000003,9.9303687,0.005779130746537575,2,0.13837342514181183,-1.5917958410625201,3,-15.520199581645112
15.031,0.0329616,-0.37268190000000007,9.9303687,0.007775026174508426,2,0.12474346424817806,-1.5916874078071517,3,-15.54566744763607
15.047,0.0329616,-0.33530580000000004,9.856989900000002,0.007901075350080333,2,0.0078780734732442,-1.591561998994955,3,-15.571133442890487
15.062,-0.0269775,-0.33530580000000004,9.856989900000002,0.008023606651311965,2,0.008168753415442794,-1.5914425638799445,3,-15.595005977112047
15.078,0.04188870000000001,-0.318825,9.7552602,0.005651209574974558,2,-0.1482748172710878,-1.5913331653501341,3,-15.620468182945887
15.094,-0.0224649,-0.3023442,9.7552602,0.0033223227762153584,2,-0.14555542492244986,-1.5912613770913246,3,-15.645928939285419
15.109,-0.0224649,-0.2843919,9.842078700000002,0.0031537038904954073,2,-0.011241259047996313,-1.5912128068913243,3,-15.66979749566529
15.125,0.0269775,-0.2843919,9.695321100000001,-0.0005884500361599265,2,-0.23388462041595817,-1.5911922848604896,3,-15.695256736399303
15.14,0.0434583,-0.3248091,9.695321100000001,-0.004206917378024144,2,-0.24123115612427204,-1.591228250116096,3,-15.719124890411628
15.156,0.0434583,-0.3248091,9.695321100000001,-0.0077371294188672834,2,-0.220638252552696,-1.591323802490471,3,-15.74458530683248
15.172,0.0464013,-0.3532581,9.783611100000002,-0.009004682200332681,2,-0.07922204884158728,-1.5914577369834246,3,-15.77004755914827
15.187,0.0464013,-0.3532581,9.783611100000002,-0.010241319060298792,2,-0.08244245733108074,-1.5916020819928793,3,-15.793920507790592
15.203,0.029920500000000003,-0.3936753,9.9303687,-0.007835172796392342,2,0.150384141494153,-1.591746693927733,3,-15.819387297997956
15.219,0.053856900000000006,-0.3936753,9.848062800000001,-0.007491094816822752,2,0.021504873723099373,-1.5918693040686387,3,-15.844856225981927
15.234,0.0090252,-0.3652263,10.011203100000001,-0.0032092717113947344,2,0.28545487369519035,-1.5919495568176003,3,-15.868734867438574
15.25,0.0090252,-0.3652263,10.011203100000001,0.0009681166841453148,2,0.26108677472125286,-1.5919674860578183,3,-15.894206203781577
15.265,0.0150093,-0.38621970000000005,10.011203100000001,0.005062995861534247,2,0.27299194515925185,-1.5919222527137258,3,-15.918085376822365
15.281,0.0134397,-0.39671639999999997,9.9153594,0.006732150834235284,2,0.1043221857938147,-1.5918278915401596,3,-15.943555377976397
15.297,0.0134397,-0.39671639999999997,9.9153594,0.008360594710040914,2,0.10177774223785176,-1.5917071495758053,3,-15.969023658305325
15.312,-0.0359046,-0.347274,9.9153594,0.009905472688773287,2,0.10299186524883316,-1.5915701540703142,3,-15.992898238082669
15.328,-0.0164808,-0.3771945,9.803133,0.00870283815223516,2,-0.0751646585336329,-1.5914212875835863,3,-16.018362169615898
15.344,-0.0164808,-0.3771945,9.803133,0.007529536165369777,2,-0.07333137417908635,-1.5912914285890454,3,-16.04382387134528
15.359,0.0134397,-0.3622833,9.803133,0.006371030958199242,2,-0.07723368047803272,-1.5911871743356185,3,-16.067692460867214
15.375,0.0359046,-0.40711500000000006,9.6923781,0.0025860687860355114,2,-0.23656013576023294,-1.5911155175376646,3,-16.0931508824022
15.39,0.0359046,-0.40711500000000006,9.6923781,-0.0011065772355873804,2,-0.24617640144151678,-1.5911044213510361,3,-16.117017531943866
15.406,0.010496700000000001,-0.37268190000000007,9.7447635,-0.0034676440748633297,2,-0.1475666774547467,-1.5911410151215197,3,-16.142475495435647
15.422,0.007455600000000001,-0.33530580000000004,9.7447635,-0.0058042860378240135,2,-0.1460401226850426,-1.5912151905624212,3,-16.167934345081118
15.437,0.0434583,-0.3278502,9.8644455,-0.005170414065338136,2,0.042258131499061914,-1.5912975008131949,3,-16.191803190266434
15.453,0.0434583,-0.3278502,9.8644455,-0.0045520023848641955,2,0.03865073002962124,-1.5913752801447965,3,-16.217264572514097
15.469,0.0090252,-0.33530580000000004,9.8644455,-0.003944797875275796,2,0.037950281849274924,-1.5914432545468775,3,-16.24272712079163
15.484,0.0239364,-0.33530580000000004,9.910846800000002,-0.0022207104369460495,2,0.11493916255531209,-1.5914894958592192,3,-16.266599116419677
15.5,0.0239364,-0.33530580000000004,9.910846800000002,-0.0005386739117465567,2,0.10512728282496821,-1.5915115709340086,3,-16.292063124954023
15.515,0.0344331,-0.3053853,9.910846800000002,0.0010795151818570048,2,0.10787927290690001,-1.5915075146244828,3,-16.315935768095713
15.531,0.0344331,-0.29783160000000003,9.9722574,0.004149771002042613,2,0.19189098876160032,-1.5914656803350116,3,-16.34139955365539
15.547,0.0059841,-0.35178660000000006,10.0576044,0.009266927875851039,2,0.31982230461302635,-1.5913583467439885,3,-16.36686214587202
15.562,0.0373761,-0.35178660000000006,10.112932800000001,0.015609569189416916,2,0.42284275423775924,-1.5911717730159989,3,-16.390731121770216
15.578,0.0329616,-0.3712104,10.112932800000001,0.021814061605507362,2,0.3877807760056525,-1.5908723839696395,3,-16.4161874750261
15.594,0.0329616,-0.3547296,10.1982798,0.029933161379815942,2,0.5074437358942858,-1.590458406185757,3,-16.441638121347342
15.609,0.08377740000000002,-0.3547296,10.271658600000002,0.03964991663418793,2,0.6477836836247748,-1.5899365331006519,3,-16.465491083391992
15.625,0.0478728,-0.3951468000000001,10.271658600000002,0.049160028264138234,2,0.5943819768718933,-1.5892260535414653,3,-16.49092438408513
15.64,0.0478728,-0.4161402,10.2013209,0.0567442718943596,2,0.5056162420147385,-1.5884317712902765,3,-16.514756817771367
15.656,0.028449,-0.4161402,10.283626800000002,0.06614756166863245,2,0.5877056108920525,-1.5874486366217726,3,-16.540163861034664
15.672,0.0150093,-0.4221243,10.283626800000002,0.07532675457566818,3,0.5736995566897324,-1.5863168420918181,3,-16.565553984864373
15.687,0.0150093,-0.4056435,10.1968083,0.08215003710655466,3,0.4548855020591358,-1.5851357661542016,3,-16.589339879426216
15.703,0.052385400000000006,-0.40868460000000006,10.1294136,0.08717044373654304,3,0.313775414374273,-1.583781202307457,3,-16.61469121517391
15.719,0.050913900000000005,-0.40868460000000006,9.961760700000001,0.08798255582527403,3,0.050757005545687364,-1.5823799783109624,3,-16.640020504618857
15.734,0.0373761,-0.36375480000000004,9.961760700000001,0.08873094432436623,3,0.04989256660614483,-1.58105462705984,3,-16.663746264159137
15.75,0.0373761,-0.3547296,9.945279900000001,0.089051433546528,3,0.020030576385110504,-1.579632368036873,3,-16.68903176011991
15.765,0.059841000000000005,-0.3547296,9.8809263,0.08779821477460636,3,-0.08354791812810604,-1.5783059956744643,3,-16.712716297847745
15.781,0.059841000000000005,-0.3547296,9.8809263,0.08657556231419505,3,-0.07641577877570686,-1.5769110054577538,3,-16.737958033856803
15.797,0.0224649,-0.33824879999999996,9.954305100000001,0.08715353159731976,3,0.03612308019529383,-1.5755211727064615,3,-16.763177491282118
15.812,0.0224649,-0.33824879999999996,9.954305100000001,0.0877174040686608,3,0.037591498089405866,-1.5742096406889667,3,-16.78680047238258
15.828,0.031392,-0.37572300000000003,9.910846800000002,0.08724167370264446,3,-0.029733147876020966,-1.5728099680667964,3,-16.811976629252626
15.844,0.031392,-0.3562992,10.121958000000001,0.0919058362295555,3,0.29151015793193985,-1.5713767879873388,3,-16.83713012330106
15.859,0.031392,-0.3562992,10.121958000000001,0.09645623869483444,3,0.30336016435191754,-1.5699640724254058,3,-16.860690179754155
15.875,0.0389457,-0.3712104,10.232712900000001,0.1036088809883644,3,0.4470401433456224,-1.5683635514679402,3,-16.8857968007453
15.89,0.04188870000000001,-0.33981839999999996,10.232712900000001,0.11056076699710538,3,0.46345906724938046,-1.566757279108049,3,-16.90931020697462
15.906,0.04188870000000001,-0.33981839999999996,10.232712900000001,0.11734309481051142,3,0.4238954883378772,-1.564934048213588,3,-16.934363737593195
15.922,0.0224649,-0.32932170000000005,10.235754000000002,0.12402427945755612,3,0.4175740404402935,-1.5630031092194434,3,-16.95938723485266
15.937,0.0224649,-0.32932170000000005,10.235754000000002,0.1305425083815024,3,0.43454859492978615,-1.5610938583106506,3,-16.982817962109134
15.953,0.029920500000000003,-0.36669779999999996,10.238697000000002,0.13700493158230387,3,0.40390145005009226,-1.5589534787909403,3,-17.00777834080595
15.969,0.029920500000000003,-0.36669779999999996,10.238697000000002,0.14330973470503672,3,0.39405019517080275,-1.5567109614606416,3,-17.03270365632796
15.984,-0.0014715,-0.36669779999999996,10.461776400000002,0.15489724807046024,3,0.7725008910282053,-1.5544744090898253,3,-17.05603754660709
16.0,-0.010496700000000001,-0.3218661,10.3869261,0.16434155396852468,3,0.5902691186290271,-1.5519204986735133,3,-17.080888705869196
16.015,-0.010496700000000001,-0.3218661,10.3869261,0.1735555109422453,3,0.6142637982480186,-1.5493862706866826,3,-17.104148506639397
16.031,-0.010496700000000001,-0.37572300000000003,10.485712800000002,0.18499669308395994,3,0.7150738838572434,-1.5465178530544732,3,-17.128915739629324
16.047,0.0614106,-0.37572300000000003,10.373388300000002,0.1934252786526418,3,0.5267865980425578,-1.54349047728058,3,-17.153635806272007
16.062,-0.007455600000000001,-0.315882,10.373388300000002,0.20159529644213237,3,0.5446678526326832,-1.5405278229673691,3,-17.17676594352387
16.078,-0.007455600000000001,-0.3143124,10.4213592,0.21073437057800248,3,0.5711921334919453,-1.5372291856312084,3,-17.201387999592654
16.094,0.0269775,-0.3143124,10.4812002,0.22111019885200278,3,0.648489267124946,-1.533774429075768,3,-17.225956028510314
16.109,-0.0014715,-0.3427614,10.4812002,0.2312538534021531,3,0.6762436366766621,-1.5303816986838616,3,-17.24893719946851
16.125,-0.0014715,-0.3427614,10.638356400000001,0.24498116197974973,3,0.8579567860998839,-1.5265718185608068,3,-17.273392827606465
16.14,0.0239364,-0.3427614,10.551537900000001,0.25625790039423,3,0.7517825609653243,-1.5228125255930018,3,-17.296263210187618
16.156,0.0928026,-0.3831786,10.6682769,0.27014810115796095,3,0.8681375477332788,-1.5186012775805848,3,-17.320594520613003
16.172,0.0928026,-0.3831786,10.6682769,0.2836995165372098,3,0.8469634612029593,-1.514170496639023,3,-17.34485669480676
16.187,0.0928026,-0.4027005000000001,10.6189326,0.29573532124357094,3,0.8023869804240442,-1.509824735355667,3,-17.367536659046724
16.203,0.053856900000000006,-0.4027005000000001,10.635413400000001,0.3078726923452706,3,0.7585856938563121,-1.5049958712469569,3,-17.39165522389954
16.219,0.08083440000000001,-0.347274,10.635413400000001,0.3196705600109375,3,0.7373667291041005,-1.4999755252281066,3,-17.415694995071345
16.234,0.08083440000000001,-0.3547296,10.653365700000002,0.33162427821506846,3,0.7969145469420322,-1.4950908139414114,3,-17.438157992615118
16.25,0.04041720000000001,-0.3547296,10.617461100000002,0.3424056067137258,3,0.6738330311661564,-1.4896985748619818,3,-17.46203630772554
16.265,0.0119682,-0.33530580000000004,10.617461100000002,0.3529068786270724,3,0.7000847942230801,-1.4844837312219257,3,-17.48434267502117
16.281,0.0119682,-0.3562992,10.6787736,0.3646632790579183,3,0.7347750269279506,-1.4787431699604463,3,-17.508048490230628
16.297,0.0434583,-0.3562992,10.707222600000001,0.3768284175718488,3,0.760321157120573,-1.4728112363874075,3,-17.531660925481415
16.312,0.0179523,-0.3951468000000001,10.707222600000001,0.3887282902736029,3,0.7933248467835751,-1.4670695610785665,3,-17.553710031462412
16.328,0.031392,-0.3503151,10.8748755,0.4043875605068017,3,0.9787043895750326,-1.460724634272324,3,-17.577132385025216
16.344,0.031392,-0.3771945,10.7715762,0.41716885815331395,3,0.7988311029069267,-1.4541521829230422,3,-17.600451399562782
16.359,0.04188870000000001,-0.3771945,10.6727895,0.427231363352492,3,0.6708336799451787,-1.4478191812617485,3,-17.62221618479417
16.375,0.0134397,-0.347274,10.6727895,0.43702189014877924,3,0.6119079247680189,-1.440905155233739,3,-17.64532597948613
16.39,0.0134397,-0.3712104,10.777560300000001,0.4491471175595567,3,0.8083484940518016,-1.4342588876759264,3,-17.666889709807954
16.406,0.020993400000000002,-0.3712104,10.7521524,0.46035756626989865,3,0.7006530443964482,-1.4269828502052915,3,-17.689779643711002
16.422,0.0614106,-0.3532581,10.7521524,0.47128362193301676,3,0.6828784789448052,-1.4195297206996673,3,-17.712551744278244
16.437,0.0614106,-0.3847482,10.7940411,0.48299053932115754,3,0.7804611592093558,-1.4123726644902608,3,-17.73379101216717
16.453,-0.0150093,-0.3847482,10.774617300000001,0.4939344689109362,3,0.68399559936124,-1.4045572644244049,3,-17.756326451598486
16.469,-0.0150093,-0.3847482,10.774617300000001,0.5046114733887705,3,0.6673127798645736,-1.3965688968860064,3,-17.77873546088897
16.484,0.0059841,-0.30685680000000004,10.5589935,0.50970996714587,3,0.33989958380661883,-1.3889614860819963,3,-17.799626938761232
16.5,0.0059841,-0.3817071,10.6668054,0.5173714596297909,3,0.4788432802451087,-1.380744834667792,3,-17.82178458932723
16.515,0.0059841,-0.3817071,10.6668054,0.5248460864433717,3,0.49830845423870096,-1.372928203072243,3,-17.84243713711028
16.531,-0.029920500000000003,-0.3876912,10.6802451,0.5324722278593459,3,0.47663383849843843,-1.364469656557822,3,-17.86433631998732
16.547,-0.029920500000000003,-0.3876912,10.6802451,0.5399123658261527,3,0.46500862292537043,-1.3558905798083372,3,-17.886099201878253
16.562,0.0014715,-0.3503151,10.663862400000001,0.5467391775698935,3,0.45512078291604213,-1.3477406932328666,3,-17.90637643642606
16.578,0.010496700000000001,-0.3487455,10.663862400000001,0.553398351040638,3,0.41619834192157124,-1.3389395930039834,3,-17.927869878715953
16.594,0.010496700000000001,-0.3487455,10.663862400000001,0.5598951056462429,3,0.4060471628502638,-1.3300332453504873,3,-17.94922166142279
16.609,0.010496700000000001,-0.3622833,10.651894200000001,0.5659526659861331,3,0.4038373559926677,-1.3215893870632442,3,-17.969108831165894
16.625,0.0763218,-0.3622833,10.542610800000002,0.5692051963601426,3,0.20328314837561054,-1.312508124164475,3,-17.990181611255714
16.64,0.0434583,-0.3338343,10.659349800000001,0.5751968087535371,3,0.3994408262262861,-1.303925109126122,3,-18.009804860505394
16.656,0.0434583,-0.3338343,10.659349800000001,0.5810422842592882,3,0.3653422191094838,-1.2946751963820204,3,-18.030593662949457
16.672,0.0434583,-0.3907323,10.7132067,0.5881050204812581,3,0.44142101387307286,-1.285322017944095,3,-18.05123364066407
16.687,0.0643536,-0.3907323,10.6189326,0.5927002723044126,3,0.3063501215436188,-1.2764659782482022,3,-18.07044705063551
16.703,-0.007455600000000001,-0.3173535,10.6189326,0.5971191184876616,3,0.2761778864530966,-1.2669474231218667,3,-18.09079435784647
16.719,-0.007455600000000001,-0.3652263,10.846426500000002,0.6070131159292149,3,0.6183748400970109,-1.2573143652465306,3,-18.110988452153418
16.734,0.0134397,-0.3652263,10.8494676,0.6167400679791069,3,0.648463469992771,-1.2481362163672178,3,-18.129779331515522
16.75,0.0344331,-0.39220380000000005,10.8494676,0.6262538601409826,3,0.5946120101173002,-1.2381922649422583,3,-18.149669959365994
16.765,0.0,-0.36669779999999996,10.924317900000002,0.6373371151044864,3,0.7388836642335599,-1.228715332627917,3,-18.168171766347772
16.781,0.0,-0.36669779999999996,10.924317900000002,0.6481500467761965,3,0.6758082294819523,-1.2184314353328727,3,-18.187748940491456
16.797,0.0239364,-0.36375480000000004,10.8255312,0.656289410090908,3,0.5087102071694146,-1.2079959196779346,3,-18.207160359331546
16.812,0.0254079,-0.3831786,10.8255312,0.6642466681293957,3,0.5304838692324919,-1.1980918990912819,3,-18.225206017972315
16.828,0.0254079,-0.3712104,10.8643788,0.6729466272356941,3,0.5437474441437095,-1.1873943527283624,3,-18.24428990798687
16.844,0.059841000000000005,-0.3712104,10.608435900000002,0.6751990006540183,3,0.14077333864524566,-1.1766091877052434,3,-18.26320193631034
16.859,0.0329616,-0.40417200000000003,10.608435900000002,0.6774229330572688,3,0.14826216021669256,-1.1664645232024082,3,-18.28077498914215
16.875,0.0329616,-0.35777070000000005,10.5125922,0.6772157070594815,3,-0.012951624861702631,-1.1556274140814755,3,-18.299351724640417
16.89,0.0658251,-0.35777070000000005,10.475216099999999,0.6761062342534352,3,-0.07396485373641994,-1.1454774995216284,3,-18.31661001149244
16.906,0.052385400000000006,-0.3652263,10.475216099999999,0.6750282449056986,3,-0.0673743342335461,-1.1346684236883564,3,-18.334851178878118
16.922,0.052385400000000006,-0.3907323,10.599410700000002,0.6770259991445791,3,0.1248596399300166,-1.123851989735953,3,-18.352919342185515
16.937,0.0658251,-0.3907323,10.440783000000001,0.6751106275794534,3,-0.12769143767503965,-1.1137109650355224,3,-18.3697010643463
16.953,0.0329616,-0.36826739999999997,10.52613,0.6752986211750489,3,0.011749599724720967,-1.1029076910454876,3,-18.387434013594948
16.969,-0.0090252,-0.3831786,10.52613,0.6754938392284533,3,0.012201128337772949,-1.0921013513622584,3,-18.404994085934213
16.984,-0.0090252,-0.37425150000000007,10.469232,0.6742895926621966,3,-0.08028310441711216,-1.081977975623078,3,-18.421299680886605
17.0,0.0164808,-0.37425150000000007,10.5335856,0.6746835415823575,3,0.02462180751006398,-1.071186190549123,3,-18.43852499421598
17.015,0.0464013,-0.3652263,10.5335856,0.6750623370166569,3,0.025253028953286114,-1.06106309645963,3,-18.454516863868548
17.031,0.0464013,-0.3532581,10.662292800000001,0.6785593714932521,3,0.21856465478722517,-1.050234122791552,3,-18.471407241622554
17.047,0.029920500000000003,-0.3532581,10.8719325,0.687080068251527,3,0.532543547392124,-1.0393090072735924,3,-18.48812358666308
17.062,-0.0059841,-0.33226469999999997,10.8719325,0.6953758446557359,3,0.5530517602805701,-1.0289405879267877,3,-18.503635458627084
17.078,-0.0059841,-0.36375480000000004,10.912349700000002,0.7044790936498089,3,0.568953062129625,-1.0177417484203446,3,-18.52000891731786
17.094,0.04188870000000001,-0.36375480000000004,10.900381500000002,0.7130704890706347,3,0.5369622138015572,-1.00640135175858,3,-18.536202062119294
17.109,0.0373761,-0.3532581,10.9826874,0.7234499264875005,3,0.6919624944576908,-0.9956274486418935,3,-18.551217278122298
17.125,0.0389457,-0.3367773,10.9826874,0.7335637183681758,3,0.6321119925422755,-0.9839713394830493,3,-18.567054068427296
17.14,0.0389457,-0.3367773,10.9826874,0.7434308323981025,3,0.6578076019950873,-0.9728938803523017,3,-18.581730557576062
17.156,-0.0194238,-0.3951468000000001,10.761079500000001,0.7477019370255924,3,0.26694403921814935,-0.9609648181969135,3,-18.597201427164453
17.172,0.029920500000000003,-0.3891627,10.761079500000001,0.7518641396608388,3,0.26013766470286837,-0.9489682895834207,3,-18.6124808920267
17.187,0.029920500000000003,-0.3891627,10.761079500000001,0.7559248251586403,3,0.2707123665200955,-0.9376598723472742,3,-18.62663060324118
17.203,0.058369500000000005,-0.3771945,10.575474300000002,0.7553548653563382,3,-0.03562248764388657,-0.9255696348231557,3,-18.64153643929854
17.219,0.031392,-0.3338343,10.575474300000002,0.7547604846545379,3,-0.03714879386251397,-0.9134887120230674,3,-18.656248906073312
17.234,0.031392,-0.3338343,10.575474300000002,0.7541806010430268,3,-0.038658907434077086,-0.9021716538803352,3,-18.66986635881759
17.25,0.04041720000000001,-0.3817071,10.4034069,0.7494611274591598,3,-0.2949670989917155,-0.890142520052319,3,-18.68420487220905
17.265,0.04041720000000001,-0.3817071,10.4034069,0.7448567629870944,3,-0.3069576314710197,-0.8789351358739717,3,-18.6974729546285
17.281,0.053856900000000006,-0.347274,10.379372400000001,0.7397509063152032,3,-0.31911604199323,-0.8670582745195545,3,-18.711440901911644
17.297,0.053856900000000006,-0.37425150000000007,10.349451900000002,0.734063155565897,3,-0.3554844218316024,-0.8552677620245044,3,-18.725219510204
17.312,0.053856900000000006,-0.37425150000000007,10.349451900000002,0.7285141304446228,3,-0.3699350080849325,-0.844298432379425,3,-18.73796625666203
17.328,0.0059841,-0.37425150000000007,10.4018373,0.724373936083893,3,-0.2587621475456388,-0.8326753278471982,3,-18.751382046743842
17.344,0.0045126,-0.4116276,10.4018373,0.7203691164126251,3,-0.2503012294542137,-0.8211173834272247,3,-18.76461238843404
17.359,0.0014715,-0.34128990000000003,10.563506100000001,0.7203409594697074,3,-0.0018771295278459138,-0.8103120578581068,3,-18.77684810924368
17.375,0.0014715,-0.34128990000000003,10.563506100000001,0.7203134892814944,3,-0.0017168867633145738,-0.7987868222680984,3,-18.78972090028469
17.39,-0.0014715,-0.3487455,10.563506100000001,0.7202926251879092,3,-0.0013909395723506125,-0.7879822764095774,3,-18.80162166852477
17.406,-0.0014715,-0.3487455,10.683286200000001,0.72319216281665,3,0.18122110179632275,-0.7764343981055422,3,-18.81413700192089
17.422,0.0389457,-0.3487455,10.6982955,0.7263885914669483,3,0.19977679064362414,-0.764837752071272,3,-18.826467179122307
17.437,0.0150093,-0.3562992,10.6818147,0.7291099073248848,3,0.18142105719575619,-0.7539215133303329,3,-18.83785787361282
17.453,-0.0224649,-0.347274,10.6818147,0.731757922880675,3,0.16550097223690544,-0.7422345706886897,3,-18.84982712228497
17.469,-0.0224649,-0.36375480000000004,10.683286200000001,0.7343905931039867,3,0.16454188895696323,-0.7305053825608111,3,-18.861609041910967
17.484,0.0150093,-0.36375480000000004,10.6278597,0.7356076556276356,3,0.0811375015765935,-0.7194803956953235,3,-18.87248393524789
17.5,0.0150093,-0.3547296,10.6278597,0.7367875972423921,3,0.073746350922285,-0.7077012336723646,3,-18.88390138828283
17.515,0.0150093,-0.3771945,10.539569700000001,0.735805569764457,3,-0.06546849852900265,-0.6966567849198128,3,-18.89443407342227
17.531,0.0434583,-0.3771945,10.440783000000001,0.7324415625904024,3,-0.21025044837843604,-0.6849108078609751,3,-18.905486614164516
17.547,0.0014715,-0.3891627,10.440783000000001,0.7291681082237211,3,-0.20459089791755522,-0.6732179304944609,3,-18.916351644071362
17.562,0.0014715,-0.34580249999999996,10.3704453,0.7242226872453674,3,-0.3296947318902348,-0.6623174995284423,3,-18.926368159796535
17.578,0.0554265,-0.3532581,10.238697000000002,0.716196179609959,3,-0.5016567272130843,-0.650794148593601,3,-18.93687305298151
17.594,0.0643536,-0.3532581,10.265674500000001,0.7090242978904087,3,-0.4482426074718435,-0.6393923847735967,3,-18.94719454524845
17.609,-0.010496700000000001,-0.37866600000000006,10.265674500000001,0.7020446319886133,3,-0.46531106011967094,-0.6288093677995037,3,-18.95670605839275
17.625,-0.010496700000000001,-0.37572300000000003,10.202792400000002,0.6936998897511355,3,-0.5215463898424219,-0.6176434116255869,3,-18.966677680628152
17.64,0.0239364,-0.37572300000000003,10.2461526,0.6866160802000643,3,-0.47225397007139813,-0.6072910418509525,3,-18.975864689029226
17.656,0.0793629,-0.3202965,10.2461526,0.6796659683891875,3,-0.4343819881798473,-0.5963607854622397,3,-18.98549390364773
17.672,0.0793629,-0.37572300000000003,10.2581208,0.6732229622677934,3,-0.4026878825870821,-0.5855376740169826,3,-18.994949091323562
17.687,0.029920500000000003,-0.37572300000000003,10.259690400000002,0.6669689406610857,3,-0.4169347737805001,-0.5754862347450157,3,-19.003656770639278
17.703,-0.0090252,-0.3712104,10.259690400000002,0.6608624857148122,3,-0.381653434142135,-0.5648635833340097,3,-19.01277956918391
17.719,-0.0090252,-0.3562992,10.1982798,0.6533951712341519,3,-0.466707155041216,-0.5543495220784168,3,-19.02173327402721
17.734,0.0164808,-0.347274,10.150407,0.6449356767721923,3,-0.5639662974639515,-0.5446120407183689,3,-19.029975485748185
17.75,0.08829,-0.347274,10.148935500000002,0.636655677137739,3,-0.517499977153392,-0.5343593098870906,3,-19.03860725655303
17.765,0.0464013,-0.37425150000000007,10.148935500000002,0.6285942276438572,3,-0.5374299662587642,-0.5248699356012282,3,-19.04655147589419
17.781,0.0464013,-0.36669779999999996,10.2013209,0.6219995285840518,3,-0.4121686912378807,-0.5148651855514065,3,-19.05486935686341
17.797,0.0464013,-0.36669779999999996,10.2013209,0.6155656758427774,3,-0.40211579632960454,-0.5049646639159919,3,-19.06302799565915
17.812,0.0269775,-0.36669779999999996,10.1683593,0.6084836255126227,3,-0.472136688676965,-0.49578429415582653,3,-19.07053361284469
17.828,0.029920500000000003,-0.3712104,10.092037500000002,0.5997182491111772,3,-0.5478360250904027,-0.4861186791588373,3,-19.07838883663121
17.844,0.007455600000000001,-0.3712104,10.080069300000002,0.5908739387053377,3,-0.5527694003649101,-0.4765939416563041,3,-19.08609053759773
17.859,-0.0014715,-0.33981839999999996,10.080069300000002,0.5822182913700491,3,-0.5770431556858824,-0.46779574993073836,3,-19.093173460284632
17.875,-0.0014715,-0.33981839999999996,10.080069300000002,0.5737737573844015,3,-0.5277833741030329,-0.4585478135407038,3,-19.1005842087924
17.89,-0.0014715,-0.344331,10.0949805,0.5659023966875747,3,-0.5247573797884343,-0.4500002423851636,3,-19.107398319211846
17.906,0.0239364,-0.3996594,10.0576044,0.5573625095082875,3,-0.53374294870551,-0.44101412313559774,3,-19.11452643413601
17.922,0.0239364,-0.34580249999999996,10.047107700000002,0.5487264000873857,3,-0.5397568388062997,-0.43216541185883134,3,-19.121511870415965
17.937,0.0239364,-0.34580249999999996,10.047107700000002,0.5403009274816277,3,-0.561698173717178,-0.42399770690206345,3,-19.12793309380667
17.953,0.0239364,-0.36071369999999997,10.0456362,0.5320578665689055,3,-0.5151913070451942,-0.4154188365496601,3,-19.134648426154286
17.969,0.0179523,-0.3338343,10.005219,0.5230076640013124,3,-0.5656376604745084,-0.4069783123050974,3,-19.141227603345126
17.984,0.0179523,-0.3338343,10.005219,0.5141781980817086,3,-0.5886310613068952,-0.3991994183394744,3,-19.14727393632496
18.0,0.0434583,-0.4116276,9.957248100000001,0.5044676106893267,3,-0.6069117120239389,-0.39105025186930703,3,-19.15359593368663
18.015,0.0434583,-0.4116276,9.957248100000001,0.49499386689188185,3,-0.6315829198296301,-0.3835542907874477,3,-19.159405467756557
18.031,0.04041720000000001,-0.34580249999999996,9.957248100000001,0.4856898594485308,3,-0.5815004652095032,-0.37570882097672526,3,-19.165479572650668
18.047,0.0254079,-0.3817071,9.967744800000002,0.4768993683424938,3,-0.5494056941272525,-0.3680081071543962,3,-19.171429308075716
18.062,0.0254079,-0.3817071,9.967744800000002,0.4683232794585557,3,-0.5717392589291868,-0.36091893729588803,3,-19.176896260909093
18.078,0.020993400000000002,-0.37425150000000007,10.0276839,0.46141012528051384,3,-0.4320721361276623,-0.3534810700579763,3,-19.182611460967923
18.094,0.020993400000000002,-0.37425150000000007,10.0276839,0.4546655846190095,3,-0.4215337913439726,-0.3461524643787793,3,-19.18820852924342
18.109,0.020993400000000002,-0.3307932,10.0320984,0.4481559173586458,3,-0.43397781735756535,-0.3393813031139466,3,-19.193350032499612
18.125,0.0134397,-0.3307932,9.9947223,0.44089359211223034,3,-0.4538953279010161,-0.33226890703818035,3,-19.19872323418083
18.14,0.029920500000000003,-0.3202965,9.9947223,0.43380093376048734,3,-0.47284389011618194,-0.3257086980941347,3,-19.203658066219322
18.156,0.029920500000000003,-0.31284090000000003,9.954305100000001,0.4258902139072429,3,-0.49441999082783133,-0.3188311689127936,3,-19.208814385155378
18.172,0.0464013,-0.31284090000000003,9.9213435,0.4173704440030832,3,-0.5324856190099218,-0.31208508364951026,3,-19.213861715175877
18.187,0.0688662,-0.3143124,9.9213435,0.40906278842083665,3,-0.5538437054830826,-0.30588683440633063,3,-19.218496504561298
18.203,0.0224649,-0.3712104,9.9423369,0.401512142842094,3,-0.47191534867146645,-0.2994022349562279,3,-19.223338817116197
18.219,0.0224649,-0.35777070000000005,9.843550200000001,0.39172579882284175,3,-0.6116465012031983,-0.2930563314229077,3,-19.22807848564723
18.234,0.0194238,-0.35777070000000005,9.949792500000001,0.3847675674176738,3,-0.46388209367784483,-0.28723263117610365,3,-19.232430652866725
18.25,0.059841000000000005,-0.36375480000000004,9.949792500000001,0.3779882614803416,3,-0.42370662108331075,-0.2811305845449202,3,-19.236977558592493
18.265,0.059841000000000005,-0.40113090000000007,9.9333117,0.3710076811467218,3,-0.4653720222413032,-0.27551311497521697,3,-19.241152386338893
18.281,0.052385400000000006,-0.40113090000000007,9.975298500000001,0.3652195561673732,3,-0.3617578112093244,-0.26962329707670485,3,-19.245513477635306
18.297,0.0030411,-0.35777070000000005,9.975298500000001,0.3595290644660789,3,-0.3556557313308552,-0.26382530811163657,3,-19.249781066476814
18.312,0.0030411,-0.344331,9.9153594,0.35250478276388364,3,-0.4682854468130001,-0.25848505425741164,3,-19.253698394194583
18.328,0.0254079,-0.344331,9.891423,0.3450691469950744,3,-0.46472723555062834,-0.2529044628193406,3,-19.257789510331197
18.344,0.0194238,-0.4176117,9.891423,0.33788332578443736,3,-0.44911382566476504,-0.2474408430371039,3,-19.26179227277805
18.359,0.010496700000000001,-0.3367773,9.889951500000002,0.33076144244710726,3,-0.4747922224886556,-0.24242600727536712,3,-19.265466274155393
18.375,0.010496700000000001,-0.2694807,9.9392958,0.324966053399109,3,-0.3622118154999309,-0.23718018730859797,3,-19.269303123712064
18.39,-0.0119682,-0.2694807,9.9243846,0.3189485021069203,3,-0.40117008614589994,-0.23235082814230257,3,-19.272824606327944
18.406,-0.0748503,-0.40417200000000003,9.9243846,0.3131958520611082,3,-0.3595406278632925,-0.2272936733089589,3,-19.276501762339553
18.422,-0.0748503,-0.3652263,9.9961938,0.30929693675229153,3,-0.2436822068010163,-0.22231373099845114,3,-19.280098621574012
18.437,-0.1122264,-0.3652263,10.0665315,0.3072159517680024,3,-0.13873233228593493,-0.21768988433454875,3,-19.28339864868901
18.453,-0.1122264,-0.3652263,10.0665315,0.30518572251503784,3,-0.12688932831030073,-0.21279067094028498,3,-19.286842493131207
18.469,0.0194238,-0.3876912,9.9153594,0.2995263523303926,3,-0.35371063654028795,-0.207952974341521,3,-19.290208442293462
18.484,0.1392039,-0.3876912,9.7387794,0.2897253153682158,3,-0.6534024641450968,-0.20353358683378125,3,-19.293294591502278
18.5,0.1392039,-0.3876912,9.7387794,0.2801633280880438,3,-0.5976242050108153,-0.1989744776861317,3,-19.296514656018438
18.515,0.113796,-0.3712104,9.7372098,0.2707726160098112,3,-0.6260474718821503,-0.19484245810539763,3,-19.299468283036873
18.531,0.113796,-0.24544620000000003,9.834525,0.26388650818456405,3,-0.4303817390779926,-0.1905651851118431,3,-19.30255154418261
18.547,0.113796,-0.24544620000000003,9.834525,0.2571683542087122,3,-0.41988462349069355,-0.18639674621269642,3,-19.305567239633206
18.562,0.0658251,-0.24544620000000003,9.9093753,0.25242838912246945,3,-0.3159976724161712,-0.1825747706377124,3,-19.308334526009585
18.578,0.0658251,-0.30685680000000004,9.8464932,0.2463128201625242,3,-0.3822230599966202,-0.1785848409634329,3,-19.311223802902393
18.594,0.0478728,-0.30685680000000004,9.900448200000001,0.2416592097596606,3,-0.29085065017894285,-0.174681064724055,3,-19.314049930147895
18.609,0.0478728,-0.30685680000000004,9.900448200000001,0.2371191020495509,3,-0.3026738473406358,-0.1710902273854858,3,-19.316643214838717
18.625,0.056898,-0.37572300000000003,9.900448200000001,0.2327487587977668,3,-0.27314645323653586,-0.16733128449870766,3,-19.31935058693379
18.64,0.056898,-0.46107000000000004,9.9303687,0.22930186778826744,3,-0.22979273396661484,-0.16386590479931226,3,-19.321834565853525
18.656,-0.10928340000000002,-0.5044302,9.888480000000001,0.2249807817884264,3,-0.2700678749900951,-0.16023164360269912,3,-19.32442734624074
18.672,0.056898,-0.30685680000000004,9.851005800000001,0.2196433186684903,3,-0.3335914449959691,-0.15667465079904339,3,-19.326962596595955
18.687,0.056898,-0.30685680000000004,9.851005800000001,0.2144360375758705,3,-0.34715207284130745,-0.15341905562721056,3,-19.32928829939415
18.703,0.056898,-0.37425150000000007,9.8240283,0.2087550529991269,3,-0.3550615360465139,-0.15003352690261096,3,-19.33171592005439
18.719,0.059841000000000005,-0.2544714,9.855518400000001,0.20388740210421297,3,-0.3042281809320861,-0.14673238726178386,3,-19.334090047367706
18.734,0.059841000000000005,-0.2544714,9.855518400000001,0.19913847440185783,3,-0.31659518015699684,-0.1437096931879882,3,-19.33626836297108
18.75,0.059841000000000005,-0.41908320000000004,9.7911648,0.19307433804466534,3,-0.3790085223245727,-0.1405719906884164,3,-19.33854261644209
18.765,-0.0344331,-0.4235958000000001,9.895935600000001,0.1897128656438145,3,-0.22409816005671343,-0.13770108666075268,3,-19.340629664522208
18.781,-0.0344331,-0.4235958000000001,9.895935600000001,0.18643338037469093,3,-0.20496782932024651,-0.13469191669260497,3,-19.342808808549034
18.797,-0.0344331,-0.31284090000000003,9.8615025,0.182294034174328,3,-0.25870913752265456,-0.13174209737621248,3,-19.344940280661586
18.812,0.0059841,-0.31284090000000003,9.7672284,0.17595602586146164,3,-0.42253388752440735,-0.12905522192594396,3,-19.346896260556353
18.828,0.0464013,-0.40113090000000007,9.7672284,0.16985389703152087,3,-0.38138305187134,-0.1262887425428004,3,-19.3489390122721
18.844,0.053856900000000006,-0.36669779999999996,9.830012400000001,0.16539877117897284,3,-0.27844536578422113,-0.12360672119711613,3,-19.35093817598202
18.859,0.053856900000000006,-0.34128990000000003,9.9258561,0.1633662276786474,3,-0.13550290002169124,-0.12114098370568388,3,-19.35277378376879
18.875,0.049442400000000004,-0.34128990000000003,9.910846800000002,0.16101683906701147,3,-0.14683678822726096,-0.1185459191717189,3,-19.354691278991808
18.89,-0.0269775,-0.33226469999999997,9.910846800000002,0.15871516571975874,3,-0.1534448898168429,-0.11614792913581803,3,-19.356451482854116
18.906,-0.0269775,-0.37866600000000006,9.848062800000001,0.15498000790180555,3,-0.23344736362210033,-0.1136383677468458,3,-19.358289773229178
18.922,-0.0554265,-0.37866600000000006,9.842078700000002,0.15119300883507591,3,-0.2366874416705757,-0.11118898361295047,3,-19.360088392040055
18.937,0.0179523,-0.3817071,9.842078700000002,0.1474978339833406,3,-0.24634499011567845,-0.10894880229181227,3,-19.36173942543434
18.953,0.0179523,-0.3831786,9.949792500000001,0.14651937315227848,3,-0.061153801941389384,-0.10659666463472757,3,-19.363463789169753
18.969,-0.0030411,-0.3831786,9.746235,0.14060333131427605,3,-0.3697526148751104,-0.10429968299899488,3,-19.365150959950824
18.984,0.0359046,-0.3622833,9.8046045,0.13623636735972156,3,-0.2911309303036218,-0.10222338525893981,3,-19.36669988296276
19.0,0.09133110000000001,-0.2769363,9.8046045,0.13191686283720294,3,-0.2699690326574431,-0.10007815941736466,3,-19.36831829532017
19.015,0.09133110000000001,-0.30685680000000004,9.855518400000001,0.12896557202384074,3,-0.19675272089080628,-0.09812154115590675,3,-19.36980479307447
19.031,0.0973152,-0.30685680000000004,10.0320984,0.13039223399391986,3,0.08916637312995507,-0.0960466787077649,3,-19.37135813883338
19.047,0.08534699999999999,-0.40417200000000003,10.0320984,0.131865499229896,3,0.09207907724849775,-0.09394861684197414,3,-19.372878101197777
19.062,0.08534699999999999,-0.40417200000000003,10.0320984,0.13330283116743225,3,0.09582212916908017,-0.0919598543639941,3,-19.374272414731823
19.078,0.10477080000000001,-0.2544714,9.759674700000001,0.1279478951945272,3,-0.3346834983066018,-0.08986984855309867,3,-19.37572705235516
19.094,0.1332198,-0.2754648,9.759674700000001,0.12274591898030351,3,-0.32512351338894435,-0.08786429803969979,3,-19.3771489255279
19.109,0.1332198,-0.4520448,9.821085300000002,0.11932729534341924,3,-0.22790824245894317,-0.08604874893227181,3,-19.37845327338019
19.125,-0.0628821,-0.4520448,9.9423369,0.11892915100995083,3,-0.024884020841778286,-0.08414269736144506,3,-19.37981480495054
19.14,-0.0179523,-0.3771945,10.0261143,0.12050209272135781,3,0.10486278076046157,-0.08234696303346017,3,-19.381063477403504
19.156,-0.0179523,-0.3771945,10.0261143,0.122036670000778,3,0.09591107996377247,-0.0804066529316833,3,-19.382365506331226
19.172,-0.020993400000000002,-0.2934171,9.900448200000001,0.12040197344941461,3,-0.10216853446020047,-0.07846714378408154,3,-19.383636496704952
19.187,-0.020993400000000002,-0.2934171,9.900448200000001,0.11880714754564536,3,-0.10632172691794584,-0.07667307537661852,3,-19.38480004834866
19.203,0.0748503,-0.3622833,9.8794548,0.1168014879858621,3,-0.12535372248646806,-0.07478820629236667,3,-19.38601173860201
19.219,0.0748503,-0.39818790000000004,9.8824959,0.1149525362458963,3,-0.11555948374784947,-0.0729341740985124,3,-19.387193517645137
19.234,0.0748503,-0.39818790000000004,9.8824959,0.11314868088983232,3,-0.12025702373759391,-0.07122341496999438,3,-19.38827469956315
19.25,-0.0224649,-0.39818790000000004,9.883967400000001,0.11141839739594772,3,-0.10814271836779935,-0.06942687834370832,3,-19.389399901909663
19.265,0.050913900000000005,-0.5988024,9.883967400000001,0.10997933930343073,3,-0.09593720616779551,-0.06776639531846293,3,-19.39042885146213
19.281,-0.0373761,-0.38621970000000005,9.7058178,0.1039741765116009,3,-0.37532267448940587,-0.06605476719194286,3,-19.391499420762212
19.297,-0.0373761,-0.38621970000000005,9.7058178,0.09811548110493717,3,-0.366168462916442,-0.06443804993101038,3,-19.392543363299197
19.312,0.0868185,-0.3427614,9.690808500000001,0.09200177659028874,3,-0.40758030097654674,-0.06301217049829612,3,-19.393499239952416
19.328,0.0614106,-0.3278502,9.690808500000001,0.08601987450944826,3,-0.37386888005257146,-0.06158799728949839,3,-19.39449604129472
19.344,0.0614106,-0.3098979,9.8091171,0.08305353476630373,3,-0.1853962339465124,-0.060235410015292215,3,-19.395470628553156
19.359,0.0164808,-0.3098979,9.8225568,0.08048282993394018,3,-0.17138032215756324,-0.05900888728004035,3,-19.396364960782872
19.375,0.16019730000000001,-0.37866600000000006,9.8225568,0.07806507645324068,3,-0.15110959254373557,-0.05774050402894304,3,-19.397298955913342
19.39,0.16019730000000001,-0.2798793,9.827069400000001,0.07573558463439412,3,-0.155299454589765,-0.05658699907078574,3,-19.39815641218659
19.406,0.0179523,-0.3278502,9.821085300000002,0.07332176602260176,0,-0.15086366323703856,-0.0548945402655299,3,-19.399048264501282
19.422,0.0179523,-0.3278502,9.821085300000002,0.07096682103548879,0,-0.14718406169454432,-0.05324023156906505,3,-19.39991334267596
19.437,-0.0658251,-0.47598120000000005,9.8974071,0.07068131581753967,0,-0.01903368119660744,-0.051677870542667294,3,-19.400700228441796
19.453,-0.0658251,-0.47598120000000005,9.8974071,0.07040277414149188,0,-0.017408854752989065,-0.05004919782299516,3,-19.401514044988723
19.469,0.0389457,-0.4520448,9.8764137,0.0695887241322275,0,-0.050878125579017906,-0.048429265836805284,3,-19.402301872698
19.484,0.0059841,-0.40417200000000003,9.8764137,0.06874213722054101,0,-0.05643912744576363,-0.04689178437665948,3,-19.403016780574603
19.5,0.0059841,-0.3023442,9.877983300000002,0.06786568851860686,0,-0.054778043870890504,-0.04529892177074642,3,-19.40375430622378
19.515,0.0239364,-0.3023442,9.7612443,0.0641653439343095,0,-0.24668963895314763,-0.0438086890273495,3,-19.404422613304767
19.531,0.12272310000000002,-0.3248091,9.7612443,0.06059093410904026,0,-0.22340061407935224,-0.042310638803002815,3,-19.40511156792741
19.547,0.12272310000000002,-0.42506730000000004,9.848062800000001,0.059312925955431695,0,-0.07987550960052653,-0.04085140792248693,3,-19.405776864301213
19.562,0.09584369999999999,-0.42506730000000004,9.8091171,0.05710985786127942,0,-0.14687120627681255,-0.039478237043861567,3,-19.406379336638462
19.578,-0.0119682,-0.40417200000000003,9.8091171,0.054927768884375894,0,-0.13638056105648558,-0.03808193602989642,3,-19.406999818023053
19.594,-0.0119682,-0.35777070000000005,9.910846800000002,0.055234558361744845,0,0.019174342335557336,-0.036700637411927355,3,-19.407598078610587
19.609,-0.028449,-0.3532581,9.8644455,0.05439972596931497,0,-0.05565549282865615,-0.03537838027944438,3,-19.40813867124327
19.625,0.0554265,-0.3532581,9.8076456,0.05220360204058849,0,-0.13725774554542006,-0.03402555365536524,3,-19.40869390271475
19.64,0.0614106,-0.3622833,9.8076456,0.050069935351302775,0,-0.14224444595237581,-0.03275850212492603,3,-19.409194783133103
19.656,0.0614106,-0.344331,9.856989900000002,0.049175305246636825,0,-0.055914381541628026,-0.031464540200142596,3,-19.409708567471704
19.672,0.020993400000000002,-0.344331,9.874942200000001,0.048735970939969064,0,-0.027458394166731938,-0.03018124999064966,3,-19.41020173379323
19.687,0.0254079,-0.3592422,9.874942200000001,0.0483205527321271,0,-0.02769454718946339,-0.028953326063108915,3,-19.41064524311363
19.703,0.0254079,-0.3487455,9.886910400000001,0.048197819683705845,0,-0.007670815526329157,-0.027681179083782335,3,-19.411098319154807
19.719,0.0373761,-0.3487455,9.874942200000001,0.047787282796154074,0,-0.025658555471982827,-0.02641329826394337,3,-19.41153107497359
19.734,0.0344331,-0.3951468000000001,9.874942200000001,0.04742909528704331,0,-0.023879167274049987,-0.025199175428319356,3,-19.41191816852628
19.75,0.0344331,-0.39818790000000004,9.839037600000001,0.046207618151029806,0,-0.07634232100085245,-0.023950081720814857,3,-19.412311362583473
19.765,-0.0119682,-0.4101561,9.8091171,0.04429749059435295,0,-0.1273418371117855,-0.022771293405224456,3,-19.412661772896918
19.781,0.029920500000000003,-0.4101561,9.8689581,0.0438931489344494,0,-0.02527135374397472,-0.021565768288994112,3,-19.41301646939047
19.797,0.029920500000000003,-0.4101561,9.8689581,0.0434986692662509,0,-0.02465497926240347,-0.020366633743388436,3,-19.41335192860673
19.812,0.1078119,-0.36071369999999997,9.8689581,0.043079997641264356,0,-0.027911441665768547,-0.019217293741582042,3,-19.413648808062867
19.828,0.0464013,-0.33824879999999996,9.856989900000002,0.042348719817567826,0,-0.04570486398103816,-0.01803386400191146,3,-19.413946817324813
19.844,0.0344331,-0.39671639999999997,9.856989900000002,0.04168720912528201,0,-0.041344418267858875,-0.01686157657036859,3,-19.41422598084939
19.859,0.0344331,-0.3338343,9.783611100000002,0.039196354406085376,0,-0.16605698127976928,-0.015754949843883308,3,-19.414470604797497
19.875,0.0344331,-0.3338343,9.783611100000002,0.03676625224101571,0,-0.1518813853168711,-0.014647248990706567,3,-19.414713822388173
19.89,0.052385400000000006,-0.34128990000000003,9.806076000000001,0.03495121703096693,0,-0.12100234733658052,-0.013609367971166679,3,-19.414925747015385
19.906,0.052385400000000006,-0.34128990000000003,9.806076000000001,0.03318045097238276,0,-0.11067287866152295,-0.012564314627139937,3,-19.41513513647617
19.922,0.028449,-0.318825,9.8016615,0.031324424374044924,0,-0.11600166239610167,-0.011548275624368456,3,-19.415328037198183
19.937,0.059841000000000005,-0.318825,9.8285409,0.030172350602823528,0,-0.07680491808142348,-0.010587049812041928,3,-19.415494052138957
19.953,0.059841000000000005,-0.318825,9.8285409,0.029048376191877168,0,-0.07024840068415523,-0.009613283997684373,3,-19.415655654809434
19.969,0.0554265,-0.32932170000000005,9.8809263,0.02923658128742268,0,0.011762818471593233,-0.008647004337849921,3,-19.41580173711612
19.984,0.0554265,-0.32932170000000005,9.8809263,0.02942019601478485,0,0.012240981824144143,-0.007707078508083345,3,-19.415924392737463
20.0,0.0434583,-0.34580249999999996,9.827069400000001,0.028298834810405182,0,-0.07008507527373692,-0.006745326261481881,3,-19.416040011975618
20.015,0.0434583,-0.34580249999999996,9.827069400000001,0.027204823879303675,0,-0.07293406207343109,-0.005829048821309045,3,-19.41613431978874
20.031,0.0434583,-0.3173535,9.7851807,0.025092966385715343,0,-0.13199109334928527,-0.004910666499188941,3,-19.416220237511304
20.047,0.0793629,-0.3173535,9.8240283,0.023985086029634672,0,-0.06924252225503416,-0.004018042079866096,3,-19.416291667179937
20.062,0.0269775,-0.3562992,9.8240283,0.022929864435838,0,-0.0703481062531089,-0.0031661799513750402,3,-19.41634554884517
20.078,0.0344331,-0.3876912,9.877983300000002,0.02324486890839772,0,0.019687779534984743,-0.0022967820846211944,3,-19.41638925254146
20.094,0.0344331,-0.3876912,9.877983300000002,0.023552190345039747,0,0.01920758979012456,-0.0014224056105936523,0,-19.41641900604302
20.109,0.049442400000000004,-0.3876912,9.8495343,0.02316023514852006,0,-0.02613034643464493,-0.0005720624193919425,0,-19.416433964553246
20.125,0.0254079,-0.36973890000000004,9.8495343,0.022758790890881286,0,-0.025090266102426026,0.0,0,-19.4164385410526
20.14,0.0254079,-0.33981839999999996,9.871999200000001,0.02288846647707743,0,0.008645039079742536,0.0,0,-19.4164385410526
20.156,0.053856900000000006,-0.33981839999999996,9.8255979,0.021886714165416876,0,-0.06260951947879147,0.0,0,-19.4164385410526
20.172,0.050913900000000005,-0.39671639999999997,9.8255979,0.02096098862442375,0,-0.057857846312064,0.0003386272866416104,0,-19.416435832034306
20.187,0.050913900000000005,-0.3831786,9.8165727,0.01982479148902705,0,-0.07574647569311041,0.00014452063749250147,0,-19.416432208424876
20.203,0.0373761,-0.3831786,9.833053500000002,0.01911648522450271,0,-0.04426914153277605,0.0,0,-19.416431052259775
20.219,0.0090252,-0.37866600000000006,9.833053500000002,0.018419563892340562,0,-0.04355758326012939,0.00025633924413548696,0,-19.416429001545822
20.234,0.0090252,-0.39818790000000004,9.8225568,0.017502627596980957,0,-0.06112908635730468,2.5755680305408063e-05,0,-19.41642688583389
20.25,0.0239364,-0.3547296,9.7941078,0.01587464878878997,0,-0.10174867551194798,0.0,0,-19.416426679788447
20.265,0.0164808,-0.3547296,9.7732125,0.013776695736099853,0,-0.13986353684600242,1.515897532822913e-05,0,-19.41642656609613
20.281,0.058369500000000005,-0.3622833,9.7732125,0.011740575628055083,0,-0.12725750675281214,0.0,0,-19.416426444824328
20.297,0.058369500000000005,-0.36071369999999997,9.783611100000002,0.010006149436108558,0,-0.1084016369966457,0.0,0,-19.416426444824328
20.312,0.0748503,-0.36071369999999997,9.839037600000001,0.009667675018297572,0,-0.022564961187398182,4.08246301628265e-05,0,-19.4164261386396
20.328,0.0329616,-0.344331,9.839037600000001,0.009317555194710891,0,-0.02188248897416997,0.0,0,-19.416425812042558
20.344,0.0329616,-0.3592422,9.8689581,0.00971824959488643,0,0.02504340001096836,0.0,0,-19.416425812042558
20.359,0.0134397,-0.3592422,9.8405091,0.009414635528994353,0,-0.020240937726137713,0.0,0,-19.416425812042558
20.375,0.050913900000000005,-0.35777070000000005,9.8405091,0.009120106656499871,0,-0.01840805453090713,0.0001367674860967209,0,-19.416424717902668
