timestamps,acc_x,acc_y,acc_z,aAcc,aStages,aJerk,aVelocity,avStages,aHeight
0.016,0.1317483,-0.34580249999999996,9.7821396,0.0003726888976132159,0,0.0,0.0,0,0.0
0.031,0.1317483,-0.34580249999999996,9.7821396,0.0003726888976132159,0,0.0,0.0,0,0.0
0.047,0.15568469999999998,-0.35777070000000005,9.7821396,0.00038801201147542486,0,0.0009576946163880606,0.0,0,0.0
0.063,0.15568469999999998,-0.37866600000000006,9.752219100000001,-0.00016771758551570315,0,-0.0347330998119455,0.0,0,0.0
0.078,0.1002582,-0.37866600000000006,9.7821396,-0.00014059450381864735,0,0.0018082054464703865,0.0,0,0.0
0.094,0.145188,-0.34580249999999996,9.7821396,-0.00012680259732533727,0,0.00086199415583188,0.0,0,0.0
0.109,0.18864630000000002,-0.2963601,9.833053500000002,0.0008671221335596613,0,0.06626164872566657,0.0,0,0.0
0.125,0.18864630000000002,-0.29783160000000003,9.8046045,0.0012849650464463735,0,0.026115182055419517,0.0,0,0.0
0.141,0.16912439999999998,-0.29783160000000003,9.7627158,0.0008667912373319098,0,-0.026135863069654007,0.0,0,0.0
0.156,0.1002582,-0.34580249999999996,9.7627158,0.000469185274829087,0,-0.02650706416685483,0.0,0,0.0
0.172,0.1002582,-0.3562992,9.7851807,0.0005269439131758702,0,0.003609914896673952,0.0,0,0.0
0.188,0.15568469999999998,-0.3562992,9.7582032,6.922022152977547e-05,0,-0.028607730727880896,0.0,0,0.0
0.203,0.1032993,-0.344331,9.7582032,-0.0004015673879731452,0,-0.03138584063352801,0.0,0,0.0
0.219,0.1032993,-0.3262806,9.8016615,-2.367528070656988e-05,0,0.023618256704160977,0.0,0,0.0
0.234,0.1257642,-0.3262806,9.7895952,0.00011550753475475517,0,0.009278854364088329,0.0,0,0.0
0.25,0.1781496,-0.3592422,9.7895952,0.00029050576476663537,0,0.010937389375742521,0.0,0,0.0
0.266,0.11673900000000001,-0.3143124,9.788123700000002,0.000384828366376766,0,0.0058951626006331585,0.0,0,0.0
0.281,0.11673900000000001,-0.3532581,9.845021700000002,0.0016181720934369537,0,0.08222291513734577,0.0,0,0.0
0.297,0.1571562,-0.3532581,9.8046045,0.0020464671284887714,0,0.02676843969073868,0.0,0,0.0
0.313,0.15568469999999998,-0.3547296,9.8046045,0.0024669451872672,0,0.026279878673651755,0.0,0,0.0
0.328,0.15568469999999998,-0.3547296,9.8046045,0.0028791785782260604,0,0.027482226063924007,0.0,0,0.0
0.344,0.15568469999999998,-0.3503151,9.7732125,0.002665161209904454,0,-0.013376085520100424,0.0,0,0.0
0.359,0.09133110000000001,-0.3503151,9.788123700000002,0.0027315819360129723,0,0.004428048407234537,0.0,0,0.0
0.375,0.1302768,-0.36973890000000004,9.788123700000002,0.002819336845094611,0,0.005484681817602416,0.0,0,0.0
0.391,0.1661814,-0.36375480000000004,9.7701714,0.002559919053080506,0,-0.016213612000881547,0.0,0,0.0
0.406,0.1631403,-0.3532581,9.7701714,0.002297037625536902,0,-0.017525428502906934,0.0,0,0.0
0.422,0.113796,-0.33981839999999996,9.831582000000001,0.003219593531170517,0,0.0576597441021011,0.0,0,0.0
0.438,0.113796,-0.33981839999999996,9.831582000000001,0.004124060105320737,0,0.0565291608843887,7.297056333428883e-06,0,5.8376450667431116e-08
0.453,0.113796,-0.3427614,9.8076456,0.004543769825389177,0,0.027980648004562618,0.0,0,1.1310437316814779e-07
0.469,0.145188,-0.3427614,9.749178,0.0038177774583818547,0,-0.04537452293795775,0.0,0,1.1310437316814779e-07
0.484,0.0868185,-0.33981839999999996,9.749178,0.0030903927269552156,0,-0.04849231542844256,0.0,0,1.1310437316814779e-07
0.5,0.1332198,-0.33226469999999997,9.803133,0.003439661832574714,0,0.021829319101218637,0.0,0,1.1310437316814779e-07
0.516,0.1332198,-0.33226469999999997,9.803133,0.003782082524358188,0,0.021401293236467094,0.0,0,1.1310437316814779e-07
0.531,0.11526750000000001,-0.37268190000000007,9.7656588,0.0034075996377556095,0,-0.024965525773505207,0.0,0,1.1310437316814779e-07
0.547,0.11526750000000001,-0.37268190000000007,9.7656588,0.00304045955285126,0,-0.022946255306521814,0.0,0,1.1310437316814779e-07
0.563,0.13469129999999999,-0.37268190000000007,9.7612443,0.0025989009045428446,0,-0.027597415519276136,0.0,0,1.1310437316814779e-07
0.578,0.1497006,-0.3652263,9.7612443,0.0021647628682455178,0,-0.028942535753155096,0.0,0,1.1310437316814779e-07
0.594,0.1212516,-0.36071369999999997,9.7656588,0.00181460696267699,0,-0.02188474409803296,1.9208237148806177e-05,0,2.6677027035859735e-07
0.609,0.1212516,-0.3427614,9.7582032,0.001312560628599968,0,-0.03346975560513477,0.0,0,4.108320489746438e-07
0.625,0.1212516,-0.3427614,9.8120601,0.0018756477858890008,0,0.035192947330564515,0.0,0,4.108320489746438e-07
0.641,0.11526750000000001,-0.3307932,9.8120601,0.0024182315497380813,0,0.0339114852405675,0.0,0,4.108320489746438e-07
0.656,0.11526750000000001,-0.32932170000000005,9.740250900000001,0.0015420788622417803,0,-0.058410179166420016,0.0,0,4.108320489746438e-07
0.672,0.1571562,-0.32932170000000005,9.764187300000001,0.0011635969769585586,0,-0.023655117830201335,0.0,0,4.108320489746438e-07
0.688,0.17069399999999998,-0.3173535,9.764187300000001,0.0007892239872191453,0,-0.02339831185871347,0.0,0,4.108320489746438e-07
0.703,0.17069399999999998,-0.344331,9.788123700000002,0.0009090807810334667,0,0.00799045292095475,0.0,0,4.108320489746438e-07
0.719,0.1661814,-0.344331,9.728282700000001,-0.00014738736628139293,0,-0.06602925920717867,0.0,0,4.108320489746438e-07
0.734,0.15421320000000002,-0.3547296,9.728282700000001,-0.0011796817431175555,0,-0.06881962512241077,0.0,0,4.108320489746438e-07
0.75,0.1287072,-0.33226469999999997,9.776155500000002,-0.0012764875145450105,0,-0.006050360714215936,0.0,0,4.108320489746438e-07
0.766,0.1287072,-0.347274,9.827069400000001,-0.00036357396487751714,0,0.05705709685421829,0.0,0,4.108320489746438e-07
0.781,0.10477080000000001,-0.347274,9.7552602,-0.0008811905272203546,0,-0.034507770822855804,0.0,0,4.108320489746438e-07
0.797,0.16765290000000002,-0.36973890000000004,9.7552602,-0.0013552797269884564,0,-0.029630574985506336,0.0,0,4.108320489746438e-07
0.813,0.16765290000000002,-0.33530580000000004,9.821085300000002,-0.000554708850691199,0,0.050035679768578895,0.0,0,4.108320489746438e-07
0.828,0.1317483,-0.33530580000000004,9.7911648,-0.0003668399753991025,0,0.012524591686139756,0.0,0,4.108320489746438e-07
0.844,0.1511721,-0.3831786,9.7911648,-0.00014274273723735575,0,0.01400607738510916,0.0,0,4.108320489746438e-07
0.859,0.1511721,-0.32932170000000005,9.7701714,-0.00037278557014275293,0,-0.015336188860359798,0.0,0,4.108320489746438e-07
0.875,0.1482291,-0.32932170000000005,9.7791966,-0.000422357290384312,0,-0.0030982325150974406,0.0,0,4.108320489746438e-07
0.891,0.1586277,-0.32932170000000005,9.7791966,-0.00046776027318884417,0,-0.0028376864252832564,0.0,0,4.108320489746438e-07
0.906,0.1302768,-0.3008727,9.7656588,-0.0008037394424214028,0,-0.022398611282170557,0.0,0,4.108320489746438e-07
0.922,0.1302768,-0.3008727,9.7656588,-0.0011331307848063688,0,-0.020586958899060353,0.0,0,4.108320489746438e-07
0.938,0.1212516,-0.36071369999999997,9.7821396,-0.0010957138299243496,0,0.0023385596801262097,0.0,0,4.108320489746438e-07
0.953,0.1406754,-0.33824879999999996,9.7821396,-0.0010696609349079012,0,0.00173685966776323,0.0,0,4.108320489746438e-07
0.969,0.1406754,-0.33530580000000004,9.7986204,-0.0007231738952047095,0,0.021655439981449455,0.0,0,4.108320489746438e-07
0.984,0.1377324,-0.33530580000000004,9.728282700000001,-0.0017625209568592481,0,-0.06928980411030251,0.0,0,4.108320489746438e-07
1.0,0.1377324,-0.33530580000000004,9.728282700000001,-0.002781488664364673,0,-0.063685481719089,0.0,0,4.108320489746438e-07
1.016,0.1317483,-0.347274,9.7791966,-0.0027762849632289033,0,0.0003252313209856081,0.0,0,4.108320489746438e-07
1.031,0.1317483,-0.347274,9.7791966,-0.00277118329544912,0,0.0003401111853188869,0.0,0,4.108320489746438e-07
1.047,0.16765290000000002,-0.3622833,9.8046045,-0.0022469637431505873,0,0.032763722018658265,0.0,0,4.108320489746438e-07
1.063,0.16765290000000002,-0.3622833,9.8046045,-0.0017330230056025187,0,0.032121296096754265,0.0,0,4.108320489746438e-07
1.078,0.142245,-0.3338343,9.8046045,-0.0012568143906346307,0,0.03174724099785893,0.0,0,4.108320489746438e-07
1.094,0.142245,-0.3248091,9.777627,-0.0013245072370242639,0,-0.004230802899352067,0.0,0,4.108320489746438e-07
1.109,0.1526436,-0.3248091,9.7656588,-0.001622312615134902,0,-0.019853691874042678,0.0,0,4.108320489746438e-07
1.125,0.1497006,-0.33981839999999996,9.7656588,-0.0019051636486508983,0,-0.017678189594749743,0.0,0,4.108320489746438e-07
1.141,0.1497006,-0.29783160000000003,9.7911648,-0.001709501524285173,0,0.01222888277285782,0.0,0,4.108320489746438e-07
1.156,0.145188,-0.29783160000000003,9.746235,-0.0023994777445963678,0,-0.04599841468741329,0.0,0,4.108320489746438e-07
1.172,0.1392039,-0.3427614,9.746235,-0.0030487025171623827,0,-0.0405765482853759,0.0,0,4.108320489746438e-07
1.188,0.1392039,-0.3173535,9.7627158,-0.003379108195263214,0,-0.02065035488130194,0.0,0,4.108320489746438e-07
1.203,0.1466595,-0.3173535,9.7732125,-0.0034952104615211255,0,-0.007740151083860698,-1.1435572190641942e-05,0,3.250652575448285e-07
1.219,0.1406754,-0.33824879999999996,9.7806681,-0.0034509413397820765,0,0.002766820108690557,0.0,0,2.3358068001969292e-07
1.234,0.1482291,-0.3847482,9.7806681,-0.0033716823938974017,0,0.005283929725645025,0.0,0,2.3358068001969292e-07
1.25,0.18109260000000002,-0.31136939999999996,9.7806681,-0.003334299293875631,0,0.0023364437513606596,0.0,0,2.3358068001969292e-07
1.266,0.18109260000000002,-0.31136939999999996,9.7806681,-0.003297649195815211,0,0.0022906311287762527,0.0,0,2.3358068001969292e-07
1.281,0.12272310000000002,-0.3562992,9.7612443,-0.0036300085265281723,0,-0.022157288714197566,0.0,0,2.3358068001969292e-07
1.297,0.12272310000000002,-0.3562992,9.7612443,-0.003955851007619415,0,-0.020365155068202672,0.0,0,2.3358068001969292e-07
1.313,0.11978010000000001,-0.3562992,9.7582032,-0.0043356059294570315,0,-0.02373468261485099,0.0,0,2.3358068001969292e-07
1.328,0.142245,-0.3532581,9.7582032,-0.004704171487521336,0,-0.024571037204286755,0.0,0,2.3358068001969292e-07
1.344,0.142245,-0.3652263,9.764187300000001,-0.004939636966671657,0,-0.014716592446895035,-4.880266897162432e-05,0,-1.56840671753302e-07
1.359,0.10928340000000002,-0.3652263,9.746235,-0.005530540875202661,0,-0.0393935939020672,0.0,0,-5.228606890404821e-07
1.375,0.1362609,-0.36669779999999996,9.774684,-0.005544741699511135,0,-0.0008875515192796605,0.0,0,-5.228606890404821e-07
1.391,0.16765290000000002,-0.3532581,9.774684,-0.005558799902287248,0,-0.0008786376735070426,0.0,0,-5.228606890404821e-07
1.406,0.16765290000000002,-0.3218661,9.7656588,-0.005770666282753467,0,-0.014124425364414698,0.0,0,-5.228606890404821e-07
1.422,0.1781496,-0.3218661,9.7732125,-0.0058267300955794354,0,-0.0035039883016230147,0.0,0,-5.228606890404821e-07
1.438,0.1631403,-0.34128990000000003,9.7732125,-0.005873917418055541,0,-0.002949207654756589,-7.611494372132674e-05,0,-1.1317802388110965e-06
1.453,0.1631403,-0.3173535,9.788123700000002,-0.005643801322849029,0,0.015341073013767324,0.0,0,-1.7026423167210518e-06
1.469,0.1332198,-0.3173535,9.749178,-0.006190240801428715,0,-0.03415246741123032,0.0,0,-1.7026423167210518e-06
1.484,0.17510850000000003,-0.3712104,9.749178,-0.006675723537552969,0,-0.032365515741617154,0.0,0,-1.7026423167210518e-06
1.5,0.17510850000000003,-0.30685680000000004,9.747706500000001,-0.007224368294130201,0,-0.03429029728607699,0.0,0,-1.7026423167210518e-06
1.516,0.1392039,-0.36669779999999996,9.8046045,-0.006618338203434604,0,0.0378768806684748,-7.560729044867954e-05,0,-2.3075006403104885e-06
1.531,0.1287072,-0.36669779999999996,9.7791966,-0.006524803016116465,0,0.006235679154542636,0.0,0,-2.8745553186755815e-06
1.547,0.1392039,-0.3202965,9.7791966,-0.006462219811487202,0,0.003911450289328929,0.0,0,-2.8745553186755815e-06
1.563,0.1392039,-0.3278502,9.8196138,-0.005603987484267492,0,0.05363952045123183,0.0,0,-2.8745553186755815e-06
1.578,0.1721655,-0.3278502,9.7686999,-0.005749942390083973,0,-0.00973032705443199,0.0,0,-2.8745553186755815e-06
1.594,0.09584369999999999,-0.32932170000000005,9.7686999,-0.005912580575353488,0,-0.010164886579344659,-5.3061348363315705e-05,0,-3.2990461055821077e-06
1.609,0.09584369999999999,-0.33226469999999997,9.7851807,-0.0057471259302612765,0,0.011030309672814152,0.0,0,-3.697006218306973e-06
1.625,0.1317483,-0.33226469999999997,9.803133,-0.0052249618176887225,0,0.0326352570357846,0.0,0,-3.697006218306973e-06
1.641,0.113796,-0.35178660000000006,9.803133,-0.004704095750062365,0,0.03255412922664733,0.0,0,-3.697006218306973e-06
1.656,0.113796,-0.35777070000000005,9.7895952,-0.004454451745013799,0,0.01664293366990451,0.0,0,-3.697006218306973e-06
1.672,0.113796,-0.35777070000000005,9.7895952,-0.004209702720457287,0,0.015296814034781989,0.0,0,-3.697006218306973e-06
1.688,0.1571562,-0.37866600000000006,9.7342668,-0.005026513331699789,0,-0.05105066320265634,-1.9610380035130735e-05,0,-3.853889258588019e-06
1.703,0.1631403,-0.31136939999999996,9.7342668,-0.005872112506949634,0,-0.05637327834998919,0.0,0,-4.000967108851501e-06
1.719,0.1631403,-0.31136939999999996,9.7342668,-0.006701131306215302,0,-0.05181367495410422,0.0,0,-4.000967108851501e-06
1.734,0.1122264,-0.3218661,9.752219100000001,-0.0071695253535821735,0,-0.03122626982445829,0.0,0,-4.000967108851501e-06
1.75,0.1122264,-0.3218661,9.752219100000001,-0.007628735203940806,0,-0.028700615647414527,0.0,0,-4.000967108851501e-06
1.766,0.1272357,-0.3173535,9.7417224,-0.00828391913203852,0,-0.040948995506107054,-5.165326842682073e-05,0,-4.4141932562660676e-06
1.781,0.1272357,-0.3173535,9.7417224,-0.008926256316447834,0,-0.04282247896062121,0.0,0,-4.80159276946722e-06
1.797,0.173637,-0.33226469999999997,9.8240283,-0.007919558887524047,0,0.06291858930773658,0.0,0,-4.80159276946722e-06
1.813,0.173637,-0.33226469999999997,9.8240283,-0.006932600623873242,0,0.0616848914781753,0.0,0,-4.80159276946722e-06
1.828,0.173637,-0.34580249999999996,9.8120601,-0.006190329155852936,0,0.04948476453468664,-3.273535536136782e-05,0,-5.047107934677481e-06
1.844,0.12272310000000002,-0.34580249999999996,9.7627158,-0.006444533296756205,0,-0.015887758806454308,0.0,0,-5.308990777568424e-06
1.859,0.1287072,-0.34580249999999996,9.783611100000002,-0.0062828231018805525,0,0.01078067965837692,0.0,0,-5.308990777568424e-06
1.875,0.1497006,-0.3622833,9.783611100000002,-0.006106746058176071,0,0.011004815231530064,0.0,0,-5.308990777568424e-06
1.891,0.1497006,-0.36973890000000004,9.8196138,-0.00522330555301842,0,0.05521503157235314,0.0,0,-5.308990777568424e-06
1.906,0.15568469999999998,-0.36973890000000004,9.7582032,-0.0055584838285636096,0,-0.022345218369679433,0.0,0,-5.308990777568424e-06
1.922,0.1392039,-0.3338343,9.7582032,-0.005917329463425602,0,-0.02242785217887453,-9.169632083980313e-05,0,-6.042561344286849e-06
1.938,0.1392039,-0.3173535,9.7732125,-0.00598579931055454,0,-0.0042793654455586215,0.0,0,-6.776131911005275e-06
1.953,0.10182780000000001,-0.29783160000000003,9.8091171,-0.00537035070891001,0,0.04102990677630169,0.0,0,-6.776131911005275e-06
1.969,0.10182780000000001,-0.29783160000000003,9.8091171,-0.004766969726905046,0,0.03771131137531022,0.0,0,-6.776131911005275e-06
1.984,0.10182780000000001,-0.3817071,9.764187300000001,-0.004998750587716927,0,-0.015452057387458832,0.0,0,-6.776131911005275e-06
2.0,0.15568469999999998,-0.3083283,9.7911648,-0.004734234013573868,0,0.016532285883941164,-4.297818834141445e-06,0,-6.810514461678407e-06
2.016,0.1332198,-0.3083283,9.7911648,-0.004481398775469714,0,0.01580220238150963,0.0,0,-6.844897012351538e-06
2.031,0.1631403,-0.37866600000000006,9.7911648,-0.00417629992497659,0,0.020339923366208098,0.0,0,-6.844897012351538e-06
2.047,0.1631403,-0.3307932,9.774684,-0.00423408786113022,0,-0.0036117460096018986,0.0,0,-6.844897012351538e-06
2.063,0.1377324,-0.3307932,9.731225700000001,-0.005149953814848729,0,-0.05724162210740675,0.0,0,-6.844897012351538e-06
2.078,0.1302768,-0.3083283,9.731225700000001,-0.006064329318309802,0,-0.0609583668974062,0.0,0,-6.844897012351538e-06
2.094,0.1302768,-0.38023560000000006,9.8464932,-0.004652685084257868,0,0.0882277646282458,0.0,0,-6.844897012351538e-06
2.109,0.1586277,-0.38023560000000006,9.764187300000001,-0.004872990247118736,0,-0.014687010857391054,-2.659686080107651e-05,0,-7.0443734683596135e-06
2.125,0.1497006,-0.318825,9.764187300000001,-0.005134808511863653,0,-0.016363641546557325,0.0,0,-7.257148354768226e-06
2.141,0.1332198,-0.3562992,9.7507476,-0.005634110214614907,0,-0.031206356421953324,0.0,0,-7.257148354768226e-06
2.156,0.1332198,-0.33824879999999996,9.7941078,-0.0052866054332163515,0,0.023166985426570173,0.0,0,-7.257148354768226e-06
2.172,0.1302768,-0.33824879999999996,9.7686999,-0.005444542589115642,0,-0.009871072243705639,0.0,0,-7.257148354768226e-06
2.188,0.142245,-0.3218661,9.7686999,-0.005606957976286964,0,-0.010150961698207608,0.0,0,-7.257148354768226e-06
2.203,0.142245,-0.34580249999999996,9.7911648,-0.005309993965926907,0,0.019797600690670877,-3.085429631197699e-05,0,-7.488555577108048e-06
2.219,0.1272357,-0.34580249999999996,9.7791966,-0.005257404247778652,0,0.0032868573842659257,0.0,0,-7.735389947603865e-06
2.234,0.1392039,-0.3712104,9.7791966,-0.005184401399096927,0,0.004866856578781605,0.0,0,-7.735389947603865e-06
2.25,0.1392039,-0.32932170000000005,9.7447635,-0.005816933103815813,0,-0.039533231544930346,0.0,0,-7.735389947603865e-06
2.266,0.1317483,-0.32932170000000005,9.7612443,-0.006116153798917168,0,-0.018701293443834626,0.0,0,-7.735389947603865e-06
2.281,0.1302768,-0.3307932,9.7612443,-0.006408919460236362,0,-0.019517710754612786,0.0,0,-7.735389947603865e-06
2.297,0.1257642,-0.3248091,9.747706500000001,-0.0069663201065708336,0,-0.03483754039590445,-7.812236159646449e-05,0,-8.360368840375581e-06
2.313,0.1257642,-0.3248091,9.747706500000001,-0.007512791328467827,0,-0.03415445136856207,0.0,0,-8.985347733147298e-06
2.328,0.1257642,-0.3338343,9.7536906,-0.00792531582044198,0,-0.027501632798277473,0.0,0,-8.985347733147298e-06
2.344,0.16765290000000002,-0.3338343,9.708858900000001,-0.009195812029140882,0,-0.07940601304368126,0.0,0,-8.985347733147298e-06
2.359,0.145188,-0.2934171,9.803133,-0.008626600002212825,0,0.03794746846187012,-8.037816972540981e-05,0,-9.588184006087877e-06
2.375,0.1332198,-0.2934171,9.7627158,-0.008863944011098468,0,-0.014834000555352653,0.0,0,-1.0231209363891155e-05
2.391,0.1272357,-0.32932170000000005,9.7627158,-0.009075758333837669,0,-0.013238395171200056,0.0,0,-1.0231209363891155e-05
2.406,0.1272357,-0.32932170000000005,9.7627158,-0.00928341943456168,0,-0.013844073381600574,-1.5139738543858833e-06,0,-1.024256416779905e-05
2.422,0.10928340000000002,-0.3532581,9.827069400000001,-0.008213936528822074,0,0.06684268160872525,0.0,0,-1.0254675958634138e-05
2.438,0.17667810000000003,-0.3307932,9.827069400000001,-0.007161530723809761,0,0.06577536281326951,0.0,0,-1.0254675958634138e-05
2.453,0.17667810000000003,-0.3307932,9.827069400000001,-0.006129760326738065,0,0.06878469313811456,0.0,0,-1.0254675958634138e-05
2.469,0.09133110000000001,-0.3173535,9.759674700000001,-0.006470424704978939,0,-0.021291523640054582,0.0,0,-1.0254675958634138e-05
2.484,0.09133110000000001,-0.3173535,9.759674700000001,-0.006804409389529198,0,-0.022265645636683762,-6.454397842416484e-05,0,-1.0738755796815377e-05
2.5,0.1437165,-0.35777070000000005,9.788123700000002,-0.006534702994976271,0,0.016856649659557896,0.0,0,-1.1255107624208697e-05
2.516,0.1437165,-0.35777070000000005,9.788123700000002,-0.006270284961100714,0,0.01652612711722233,0.0,0,-1.1255107624208697e-05
2.531,0.1437165,-0.37866600000000006,9.7866522,-0.006024479521487436,0,0.016387029307551735,0.0,0,-1.1255107624208697e-05
2.547,0.1781496,-0.37866600000000006,9.7612443,-0.006270139308295342,0,-0.015353736675494098,0.0,0,-1.1255107624208697e-05
2.563,0.1377324,-0.36375480000000004,9.7612443,-0.006534903429324501,0,-0.01654775756432246,-6.670480730745776e-05,0,-1.178874608266836e-05
2.578,0.1377324,-0.3487455,9.7208271,-0.0075971164214792,0,-0.07081419947698141,0.0,0,-1.2289032137474282e-05
2.594,0.1332198,-0.3487455,9.7627158,-0.00781898933184344,0,-0.013867056897765006,0.0,0,-1.2289032137474282e-05
2.609,0.1466595,-0.38023560000000006,9.7627158,-0.008009703316282923,0,-0.012714265629298787,0.0,0,-1.2289032137474282e-05
2.625,0.1586277,-0.315882,9.7732125,-0.008032280879490372,0,-0.0014110977004655454,-4.3074870642199545e-05,0,-1.2633631102611879e-05
2.641,0.1586277,-0.2934171,9.7941078,-0.007658664251637859,0,0.023351039240782058,0.0,0,-1.2978230067749476e-05
2.656,0.1437165,-0.2934171,9.7372098,-0.008411906900954946,0,-0.050216176621138746,0.0,0,-1.2978230067749476e-05
2.672,0.1377324,-0.2918475,9.7372098,-0.009152999312853183,0,-0.04631827574363974,0.0,0,-1.2978230067749476e-05
2.688,0.1377324,-0.3278502,9.8091171,-0.008448095872966022,0,0.04405646499294753,-7.045972653269006e-05,0,-1.3541907880010997e-05
2.703,0.1317483,-0.3278502,9.8285409,-0.007378012293257186,0,0.07133890531392392,0.0,0,-1.407035582900616e-05
2.719,0.1362609,-0.347274,9.8285409,-0.006314633477577658,0,0.06646117597997042,0.0,0,-1.407035582900616e-05
2.734,0.1362609,-0.3771945,9.8120601,-0.00557338362789217,0,0.04941665664569879,0.0,0,-1.407035582900616e-05
2.75,0.0733788,-0.3771945,9.8255979,-0.004594585187163602,0,0.061174902545535426,0.0,0,-1.407035582900616e-05
2.766,0.1362609,-0.34580249999999996,9.8255979,-0.0036444646037843142,0,0.05938253646120545,-3.511298108509371e-05,0,-1.4351259677686911e-05
2.781,0.1796211,-0.3547296,9.7866522,-0.003456096870715797,0,0.012557848871234388,0.0,0,-1.4614607035825116e-05
2.797,0.1796211,-0.318825,9.7851807,-0.0033244633499052156,0,0.008227095050661319,0.0,0,-1.4614607035825116e-05
2.813,0.1406754,-0.318825,9.7672284,-0.0035596830777784305,0,-0.014701232992075916,0.0,0,-1.4614607035825116e-05
2.828,0.1287072,-0.3218661,9.7672284,-0.0037915702555473274,0,-0.015459145184593456,0.0,0,-1.4614607035825116e-05
2.844,0.1287072,-0.33981839999999996,9.717786,-0.004975780309573352,0,-0.07401312837662648,0.0,0,-1.4614607035825116e-05
2.859,0.1870767,-0.33981839999999996,9.735738300000001,-0.0057664626371991545,0,-0.05271215517505305,0.0,0,-1.4614607035825116e-05
2.875,0.19011780000000003,-0.3248091,9.735738300000001,-0.006550524884733733,0,-0.049003890470911096,-2.060772127448693e-06,0,-1.4631093212844706e-05
2.891,0.19011780000000003,-0.31136939999999996,9.7342668,-0.007356649759831413,0,-0.05038280469360497,0.0,0,-1.4647579389864296e-05
2.906,0.11526750000000001,-0.31136939999999996,9.746235,-0.00793544087641429,0,-0.03858607443885818,0.0,0,-1.4647579389864296e-05
2.922,0.11821050000000001,-0.3503151,9.7627158,-0.00815336587398896,0,-0.013620312348416862,0.0,0,-1.4647579389864296e-05
2.938,0.11821050000000001,-0.3503151,9.7627158,-0.008367017832394907,0,-0.01335324740037168,0.0,0,-1.4647579389864296e-05
2.953,0.15568469999999998,-0.347274,9.821085300000002,-0.0074246730977698405,0,0.06282298230833913,-0.00010732005468634329,0,-1.5452479800011855e-05
2.969,0.11978010000000001,-0.347274,9.827069400000001,-0.00639341837811358,0,0.06445341997851622,0.0,0,-1.6311040237502603e-05
2.984,0.1122264,-0.36973890000000004,9.827069400000001,-0.00536807356406932,0,0.06835632093628344,0.0,0,-1.6311040237502603e-05
3.0,0.1122264,-0.37268190000000007,9.8704296,-0.003511118575060479,0,0.11605968681305247,0.0,0,-1.6311040237502603e-05
3.016,0.1122264,-0.37268190000000007,9.8704296,-0.0016905744681885437,0,0.11378400667949586,0.0,0,-1.6311040237502603e-05
3.031,0.1317483,-0.35777070000000005,9.7627158,-0.0020222545944719172,0,-0.022112008418891386,0.0,0,-1.6311040237502603e-05
3.047,0.1317483,-0.35777070000000005,9.7627158,-0.0023474311888680433,0,-0.020323537149757858,0.0,0,-1.6311040237502603e-05
3.063,0.1317483,-0.34580249999999996,9.7701714,-0.002528598151897654,0,-0.01132293518935067,-2.0534996481613374e-05,0,-1.6475320209355512e-05
3.078,0.1631403,-0.34580249999999996,9.7552602,-0.002989083075364718,0,-0.03069899489780491,0.0,0,-1.662933268296761e-05
3.094,0.18413369999999998,-0.34580249999999996,9.7567317,-0.003404388110171297,0,-0.025956564675411162,0.0,0,-1.662933268296761e-05
3.109,0.16019730000000001,-0.31136939999999996,9.7567317,-0.0038425472612484413,0,-0.02921061007180938,0.0,0,-1.662933268296761e-05
3.125,0.16019730000000001,-0.3173535,9.8196138,-0.003036167025678438,0,0.05039876472312517,0.0,0,-1.662933268296761e-05
3.141,0.0973152,-0.36071369999999997,9.845021700000002,-0.001734585311625736,0,0.0813488571282938,0.0,0,-1.662933268296761e-05
3.156,0.0973152,-0.36071369999999997,9.845021700000002,-0.00045852480765162795,0,0.08507070026493983,0.0,0,-1.662933268296761e-05
3.172,0.0973152,-0.3427614,9.7956774,-0.0001869518058121855,0,0.01697331261496514,0.0,0,-1.662933268296761e-05
3.188,0.1332198,-0.3427614,9.8255979,0.0006738395675185416,0,0.053799460833170394,0.0,0,-1.662933268296761e-05
3.203,0.0658251,-0.2948886,9.8255979,0.0014739346498604533,0,0.05333967215612859,0.0,0,-1.662933268296761e-05
3.219,0.0658251,-0.2918475,9.783611100000002,0.0014336744635894405,0,-0.0025162616419382978,0.0,0,-1.662933268296761e-05
3.234,0.11673900000000001,-0.2918475,9.776155500000002,0.0012574006744703325,0,-0.011751585941273767,0.0,0,-1.662933268296761e-05
3.25,0.17510850000000003,-0.32932170000000005,9.800091900000002,0.0015939862016782769,0,0.021036595450496503,0.0,0,-1.662933268296761e-05
3.266,0.17510850000000003,-0.37268190000000007,9.800091900000002,0.0019543984869407893,0,0.022525767828907008,0.0,0,-1.662933268296761e-05
3.281,0.17510850000000003,-0.37572300000000003,9.7941078,0.002192788300522608,0,0.01589265423878777,0.0,0,-1.662933268296761e-05
3.297,0.1272357,-0.37572300000000003,9.743193900000001,0.0014145379753660592,0,-0.04864064532228425,0.0,0,-1.662933268296761e-05
3.313,0.1287072,-0.3532581,9.743193900000001,0.000635460518635611,0,-0.04869234104565297,0.0,0,-1.662933268296761e-05
3.328,0.1287072,-0.32333760000000006,9.735738300000001,-0.00029479210206595496,0,-0.06201684138010572,0.0,0,-1.662933268296761e-05
3.344,0.1571562,-0.32333760000000006,9.7627158,-0.000670009087111012,0,-0.023451061565316046,0.0,0,-1.662933268296761e-05
3.359,0.1362609,-0.2934171,9.7627158,-0.0010625421555658932,0,-0.02616887123032519,0.0,0,-1.662933268296761e-05
3.375,0.1362609,-0.33226469999999997,9.764187300000001,-0.001394151171828284,0,-0.02072556351639941,0.0,0,-1.662933268296761e-05
3.391,0.1272357,-0.33226469999999997,9.7895952,-0.0012237796792842204,0,0.010648218284003965,0.0,0,-1.662933268296761e-05
3.406,0.1482291,-0.3083283,9.8405091,-6.860137008146694e-05,0,0.07701188728018292,0.0,0,-1.662933268296761e-05
3.422,0.16765290000000002,-0.35178660000000006,9.8405091,0.0010985959503742038,0,0.07294983252847935,0.0,0,-1.662933268296761e-05
3.438,0.16765290000000002,-0.37572300000000003,9.783611100000002,0.0011455743318862233,0,0.002936148844501216,0.0,0,-1.662933268296761e-05
3.453,0.173637,-0.37572300000000003,9.827069400000001,0.002045041654305635,0,0.05996448816129539,0.0,0,-1.662933268296761e-05
3.469,0.1392039,-0.39818790000000004,9.827069400000001,0.0029334645752712163,0,0.05552643256034879,0.0,0,-1.662933268296761e-05
3.484,0.1392039,-0.35178660000000006,9.842078700000002,0.0040638609166006034,0,0.07535975608862519,0.0,0,-1.662933268296761e-05
3.5,0.1317483,-0.35178660000000006,9.7911648,0.004172500184850492,0,0.0067899542656180084,0.0,0,-1.662933268296761e-05
3.516,0.08377740000000002,-0.3562992,9.7911648,0.004271861435819702,0,0.006210078185575613,0.0,0,-1.662933268296761e-05
3.531,0.08377740000000002,-0.3173535,9.818044200000001,0.004869772889980695,0,0.03986076361073254,0.0,0,-1.662933268296761e-05
3.547,0.1526436,-0.2934171,9.7582032,0.004284935396768219,0,-0.03655234332577969,0.0,0,-1.662933268296761e-05
3.563,0.15421320000000002,-0.2934171,9.7941078,0.004415656356050235,0,0.008170059955125979,0.0,0,-1.662933268296761e-05
3.578,0.1482291,-0.3338343,9.7941078,0.00456736472075292,0,0.010113890980179223,0.0,0,-1.662933268296761e-05
3.594,0.1482291,-0.3503151,9.7567317,0.003995066375773959,0,-0.03576864656118502,0.0,0,-1.662933268296761e-05
3.609,0.1497006,-0.3503151,9.783611100000002,0.003961076611243897,0,-0.002265984302004142,2.3159921101011463e-05,0,-1.6455633274710023e-05
3.625,0.1257642,-0.35178660000000006,9.783611100000002,0.003922185414962698,0,-0.0024306997675749265,0.0,0,-1.627035390590193e-05
3.641,0.1257642,-0.35178660000000006,9.783611100000002,0.003884056791157775,0,-0.002383038987807671,0.0,0,-1.627035390590193e-05
3.656,0.1497006,-0.3503151,9.708858900000001,0.002387632729925926,0,-0.09976160408212245,0.0,0,-1.627035390590193e-05
3.672,0.1497006,-0.3503151,9.708858900000001,0.0009205503169535945,0,-0.09169265081077063,0.0,0,-1.627035390590193e-05
3.688,0.1466595,-0.2889045,9.771642900000002,0.0006720901026273651,0,-0.01552876339538932,0.0,0,-1.627035390590193e-05
3.703,0.1466595,-0.2889045,9.771642900000002,0.00042850165720942357,0,-0.016239229694529782,0.0,0,-1.627035390590193e-05
3.719,0.1661814,-0.3143124,9.827069400000001,0.0012972604657335296,0,0.05429742553275658,0.0,0,-1.627035390590193e-05
3.734,0.1392039,-0.35178660000000006,9.827069400000001,0.0021656567625143452,0,0.0578930864520539,0.0,0,-1.627035390590193e-05
3.75,0.1392039,-0.35178660000000006,9.827069400000001,0.0030170256809256557,0,0.053210557400706855,0.0,0,-1.627035390590193e-05
3.766,0.1257642,-0.3202965,9.8151012,0.003592524279557807,0,0.03596866241450943,0.0,0,-1.627035390590193e-05
3.781,0.1257642,-0.3202965,9.8151012,0.0041567385919414335,0,0.03761428749224144,0.0,0,-1.627035390590193e-05
3.797,0.113796,-0.3487455,9.8151012,0.004726027345290262,0,0.03558054708430177,6.472086759107265e-06,0,-1.6218577211829074e-05
3.813,0.113796,-0.3547296,9.7806681,0.004613684144135988,0,-0.00702145007214216,0.0,0,-1.6166800517756217e-05
3.828,0.1586277,-0.3547296,9.7956774,0.004809845107002886,0,0.013077397524460152,0.0,0,-1.6166800517756217e-05
3.844,0.142245,-0.3487455,9.7956774,0.004993020283352578,0,0.01144844852185577,0.0,0,-1.6166800517756217e-05
3.859,0.142245,-0.33981839999999996,9.7895952,0.005047281655302882,0,0.003617424796686889,0.0,0,-1.6166800517756217e-05
3.875,0.1212516,-0.33824879999999996,9.8016615,0.005330313100785133,0,0.01768946534264069,0.0,0,-1.6166800517756217e-05
3.891,0.1571562,-0.33824879999999996,9.7986204,0.005558200089964771,0,0.014242936823727336,0.0,0,-1.6166800517756217e-05
3.906,0.1377324,-0.3503151,9.7986204,0.0057841987785778315,0,0.015066579240870575,6.078829080959254e-05,0,-1.571088833668427e-05
3.922,0.1377324,-0.33226469999999997,9.771642900000002,0.00546483371507378,0,-0.019960316469003186,0.0,0,-1.5224582010207529e-05
3.938,0.1661814,-0.33226469999999997,9.771642900000002,0.005160399249323433,0,-0.019027154109396687,0.0,0,-1.5224582010207529e-05
3.953,0.16765290000000002,-0.3503151,9.771642900000002,0.004874778774357935,0,-0.01904136499770026,0.0,0,-1.5224582010207529e-05
3.969,0.16765290000000002,-0.3622833,9.717786,0.0035481757792119595,0,-0.08291268719662341,0.0,0,-1.5224582010207529e-05
3.984,0.145188,-0.3622833,9.7911648,0.003678149868806102,0,0.0086649393062761,0.0,0,-1.5224582010207529e-05
4.0,0.11821050000000001,-0.3248091,9.7911648,0.0037727018632480736,0,0.005909499652623213,0.0,0,-1.5224582010207529e-05
4.016,0.11821050000000001,-0.3503151,9.7866522,0.003794211234566802,0,0.0013443357074205396,5.2769447079239334e-05,0,-1.4802426433573613e-05
4.031,0.1466595,-0.3592422,9.7971489,0.004034838734829904,0,0.016041833350873808,0.0,0,-1.4406655580479326e-05
4.047,0.1511721,-0.3592422,9.7956774,0.00424326178151091,0,0.013026440417562834,0.0,0,-1.4406655580479326e-05
4.063,0.16166880000000003,-0.33226469999999997,9.7956774,0.0044322253831250435,0,0.011810225100883354,0.0,0,-1.4406655580479326e-05
4.078,0.16166880000000003,-0.3547296,9.8495343,0.00568810542877074,0,0.0837253363763766,0.0,0,-1.4406655580479326e-05
4.094,0.11526750000000001,-0.3547296,9.8016615,0.005968572515648418,0,0.017529192929854873,0.0,0,-1.4406655580479326e-05
4.109,0.1511721,-0.3053853,9.8016615,0.006220543711069837,0,0.01679807969476161,7.690299642489073e-06,0,-1.434897833316066e-05
4.125,0.1511721,-0.347274,9.7686999,0.005849078920089568,0,-0.02321654943626681,0.0,0,-1.4287455936020747e-05
4.141,0.1466595,-0.347274,9.788123700000002,0.005864126038321871,0,0.0009404448895189424,0.0,0,-1.4287455936020747e-05
4.156,0.12272310000000002,-0.3622833,9.788123700000002,0.005883083641657905,0,0.0012638402224022878,0.0,0,-1.4287455936020747e-05
4.172,0.12272310000000002,-0.3202965,9.752219100000001,0.005169405368391722,0,-0.044604892079136385,0.0,0,-1.4287455936020747e-05
4.188,0.1302768,-0.34128990000000003,9.7941078,0.005306367985523863,0,0.008560163570758832,0.0,0,-1.4287455936020747e-05
4.203,0.1511721,-0.34128990000000003,9.774684,0.005065945757875667,0,-0.016028148509879124,3.607544494612508e-05,0,-1.4016890098924799e-05
4.219,0.1571562,-0.3053853,9.774684,0.004808814630578695,0,-0.016070695456060755,0.0,0,-1.3728286539355799e-05
4.234,0.1571562,-0.3053853,9.774684,0.00455672529009199,0,-0.01680595603244738,0.0,0,-1.3728286539355799e-05
4.25,0.18864630000000002,-0.3173535,9.7821396,0.004474048085613802,0,-0.005167325279886721,0.0,0,-1.3728286539355799e-05
4.266,0.18864630000000002,-0.3173535,9.7821396,0.004392992002792084,0,-0.005066005176357353,0.0,0,-1.3728286539355799e-05
4.281,0.1466595,-0.3562992,9.7387794,0.0034761624119745704,0,-0.0611219727211689,0.0,0,-1.3728286539355799e-05
4.297,0.1466595,-0.3562992,9.7387794,0.0025773098719579224,0,-0.056178283751040455,0.0,0,-1.3728286539355799e-05
4.313,0.15568469999999998,-0.34580249999999996,9.7417224,0.0017490756030280608,0,-0.0517646418081163,0.0,0,-1.3728286539355799e-05
4.328,0.1497006,-0.3622833,9.746235,0.001035389514351337,0,-0.04757907257844645,0.0,0,-1.3728286539355799e-05
4.344,0.1497006,-0.347274,9.806076000000001,0.0014974686841764395,0,0.028879948114068885,1.1701459322343427e-05,0,-1.3634674864777051e-05
4.359,0.15568469999999998,-0.347274,9.8285409,0.002392470796694468,0,0.05966680750120317,0.0,0,-1.3546913919859478e-05
4.375,0.1078119,-0.3338343,9.8285409,0.003248225202932886,0,0.053484650389901085,0.0,0,-1.3546913919859478e-05
4.391,0.1078119,-0.3338343,9.8285409,0.004087200111008826,0,0.05243593175474621,0.0,0,-1.3546913919859478e-05
4.406,0.13469129999999999,-0.3547296,9.8136297,0.004638405354286945,0,0.036747016218542046,0.0,0,-1.3546913919859478e-05
4.422,0.13469129999999999,-0.3547296,9.8136297,0.005178802651618852,0,0.03377483108324417,0.0,0,-1.3546913919859478e-05
4.438,0.1362609,-0.37268190000000007,9.8120601,0.005691312714180441,0,0.03203187891009926,0.0,0,-1.3546913919859478e-05
4.453,0.1362609,-0.37268190000000007,9.8120601,0.0061937735598291965,0,0.03349738970991577,0.0,0,-1.3546913919859478e-05
4.469,0.1482291,-0.37268190000000007,9.8120601,0.0066897814325770355,0,0.031000492046739908,6.783219089511079e-05,0,-1.300425639269859e-05
4.484,0.142245,-0.3592422,9.8120601,0.0071645074984321155,0,0.03164840439033934,0.0,0,-1.2495514960985271e-05
4.5,0.1631403,-0.33981839999999996,9.7567317,0.006538672937498546,0,-0.03911466005834804,0.0,0,-1.2495514960985271e-05
4.516,0.1631403,-0.33981839999999996,9.7567317,0.0059251096424670635,0,-0.038347705939467645,0.0,0,-1.2495514960985271e-05
4.531,0.1406754,-0.33981839999999996,9.7417224,0.005022632982408126,0,-0.060165110670597106,0.0,0,-1.2495514960985271e-05
4.547,0.1646118,-0.33981839999999996,9.7417224,0.004145200699886331,0,-0.05483951765761214,3.652580114976364e-05,0,-1.2203308551787161e-05
4.563,0.1646118,-0.3143124,9.7268112,0.0029760116044510454,0,-0.07307431846470529,0.0,0,-1.1911102142589051e-05
4.578,0.09427410000000001,-0.3143124,9.7447635,0.0021632114130074598,0,-0.05418667942957032,0.0,0,-1.1911102142589051e-05
4.594,0.1317483,-0.3427614,9.7447635,0.0013936590501675283,0,-0.048097022677495674,0.0,0,-1.1911102142589051e-05
4.609,0.1317483,-0.3173535,9.7387794,0.0005050708488152367,0,-0.059239213423487376,0.0,0,-1.1911102142589051e-05
4.625,0.1511721,-0.3173535,9.759674700000001,4.888027415539398e-05,0,-0.028511910916240144,0.0,0,-1.1911102142589051e-05
4.641,0.1482291,-0.3053853,9.759674700000001,-0.0004067321295035953,0,-0.028475775228686804,0.0,0,-1.1911102142589051e-05
4.656,0.1107549,-0.34580249999999996,9.827069400000001,0.0004838248553316049,0,0.05937046565568128,0.0,0,-1.1911102142589051e-05
4.672,0.1107549,-0.347274,9.7672284,0.0001853950319699038,0,-0.0186518639601063,0.0,0,-1.1911102142589051e-05
4.688,0.1287072,-0.347274,9.735738300000001,-0.0007198793293241579,0,-0.05657964758087881,0.0,0,-1.1911102142589051e-05
4.703,0.1272357,-0.3532581,9.735738300000001,-0.0016035638733704616,0,-0.05891230293641801,0.0,0,-1.1911102142589051e-05
4.719,0.1272357,-0.3562992,9.831582000000001,-0.0005898653010749655,0,0.06335616076846845,0.0,0,-1.1911102142589051e-05
4.734,0.18864630000000002,-0.3562992,9.8165727,0.000129232983157479,0,0.04793988561549732,0.0,0,-1.1911102142589051e-05
4.75,0.1497006,-0.344331,9.8165727,0.00081271358675572,0,0.04271753772489003,0.0,0,-1.1911102142589051e-05
4.766,0.1497006,-0.3427614,9.759674700000001,0.0003668829013108166,0,-0.02786441784030644,0.0,0,-1.1911102142589051e-05
4.781,0.10182780000000001,-0.3427614,9.7208271,-0.0008434983759393333,0,-0.08069208515001171,0.0,0,-1.1911102142589051e-05
4.797,0.1586277,-0.33824879999999996,9.690808500000001,-0.002606498567841342,0,-0.11018751199387546,0.0,0,-1.1911102142589051e-05
4.813,0.1392039,-0.33530580000000004,9.690808500000001,-0.0043427824117951985,0,-0.10851774024711593,0.0,0,-1.1911102142589051e-05
4.828,0.1392039,-0.3771945,9.7536906,-0.004782921600027024,0,-0.029342612548787228,0.0,0,-1.1911102142589051e-05
4.844,0.1078119,-0.3771945,9.836094600000001,-0.0036077481069600736,0,0.0734483433166843,0.0,0,-1.1911102142589051e-05
4.859,0.17510850000000003,-0.2634966,9.836094600000001,-0.0025092117262275337,0,0.07323575871550422,0.0,0,-1.1911102142589051e-05
4.875,0.17510850000000003,-0.3562992,9.806076000000001,-0.001963042570690021,0,0.03413557222109451,0.0,0,-1.1911102142589051e-05
4.891,0.113796,-0.3562992,9.907903800000001,0.0005499090996092804,0,0.1570594793937062,0.0,0,-1.1911102142589051e-05
4.906,0.1392039,-0.3712104,9.907903800000001,0.0030306692144943526,0,0.16538400765900835,0.0,0,-1.1911102142589051e-05
4.922,0.1392039,-0.3307932,9.9378243,0.00602102527403936,0,0.1868972537215628,0.0,0,-1.1911102142589051e-05
4.938,0.142245,-0.3307932,10.0141461,0.010449122705724179,0,0.27675608948030095,0.0,0,-1.1911102142589051e-05
4.953,0.142245,-0.3307932,10.0141461,0.01479039469757204,0,0.28941813278984646,0.0,0,-1.1911102142589051e-05
4.969,0.1272357,-0.33530580000000004,10.003649400000002,0.018839841644870958,0,0.25309043420618216,3.057439941304453e-05,0,-1.1666506947284694e-05
4.984,0.1272357,-0.33530580000000004,10.003649400000002,0.0228098876716345,0,0.264669735117575,0.0,0,-1.1437198951686865e-05
5.0,0.15568469999999998,-0.3307932,10.098021600000001,0.028556240997939852,0,0.35914708289408426,0.00025387639864342393,0,-9.406187762539472e-06
5.016,0.15568469999999998,-0.3307932,10.098021600000001,0.034189920729611245,0,0.3521049832294617,0.00025584569246383214,0,-5.3284110336814196e-06
5.031,0.12272310000000002,-0.33824879999999996,10.098021600000001,0.03970907210942265,0,0.3679434253207681,0.00031008813875657397,0,-1.083907299528464e-06
5.047,0.12272310000000002,-0.30685680000000004,10.1174454,0.045481010386424714,0,0.3607461423126287,0.0004916087987233537,0,5.3296682003109626e-06
5.063,0.1377324,-0.30685680000000004,10.1728719,0.052229756779695435,0,0.4217966495794197,0.0007732949360523158,0,1.5448898078516327e-05
5.078,0.1526436,-0.35178660000000006,10.1728719,0.05887884654826081,0,0.44327265123767484,0.001106609461012019,0,2.9548181056499372e-05
5.094,0.12272310000000002,-0.3771945,10.2132891,0.06619935931133014,0,0.4575320476918328,0.0016072351078887472,0,5.125893760770552e-05
5.109,0.13469129999999999,-0.3278502,10.214760600000002,0.0733747506258009,1,0.4783594209647274,0.002654040932417207,0,8.32185079099995e-05
5.125,0.13469129999999999,-0.3278502,10.214760600000002,0.08040944799292937,1,0.43966858544552917,0.0038843145213670505,0,0.00013552535154027362
5.141,0.1511721,-0.3307932,10.214760600000002,0.08731258837287648,1,0.4314462737466936,0.005226090812293499,0,0.00020840859420955806
5.156,0.1511721,-0.3427614,10.259690400000002,0.09496849222572479,1,0.5103935901898983,0.006593198916782981,0,0.00029705326717762977
5.172,0.1062423,-0.3427614,10.306091700000001,0.10337251147357307,1,0.5252512029905172,0.008179926946377366,0,0.0004152382740829127
5.188,0.1002582,-0.3338343,10.306091700000001,0.11160482886197798,1,0.5145198367753063,0.009899745669061773,0,0.0005598756550064259
5.203,0.1002582,-0.3547296,10.326987,0.12009885714328128,1,0.5662685520868652,0.011637523314101283,0,0.0007214051723801549
5.219,0.1497006,-0.33824879999999996,10.328556599999999,0.12845798226056715,1,0.5224453198303665,0.013625978029332075,0,0.0009235131831276219
5.234,0.1497006,-0.33824879999999996,10.328556599999999,0.1366532029637888,1,0.546348046881455,0.0156143119185147,0,0.0011428153577364682
5.25,0.1497006,-0.3218661,10.404878400000001,0.14617310354275048,1,0.5949937861851046,0.017876922370567018,0,0.0014107452320491222
5.266,0.1302768,-0.3218661,10.4197896,0.15579343222196584,1,0.6012705424509596,0.020292654656684752,0,0.0017161018482671367
5.281,0.1122264,-0.3427614,10.482671700000001,0.16646631886464824,1,0.7115257761788418,0.022709602789834304,0,0.002038618779116023
5.297,0.16166880000000003,-0.34580249999999996,10.482671700000001,0.1769445476523508,1,0.6548892992314087,0.0254568897219703,0,0.00242395071921046
5.313,0.16166880000000003,-0.3652263,10.4602068,0.18679006048391145,1,0.6153445519725403,0.028366766587060395,0,0.002854539969682706
5.328,0.16019730000000001,-0.3652263,10.437840000000001,0.19600383484721107,1,0.6142516242199514,0.031237720802043928,0,0.0033015736251010056
5.344,0.1571562,-0.3039138,10.437840000000001,0.20499753045147173,1,0.5621059752662911,0.034445731724433395,0,0.0038270412453128245
5.359,0.1571562,-0.36826739999999997,10.5216174,0.21549697982570493,1,0.6999632916155611,0.03759944055151215,0,0.004367380037382405
5.375,0.17510850000000003,-0.36826739999999997,10.530642600000002,0.22597294365211695,1,0.6547477391507511,0.04113119993933473,0,0.0049972251613091805
5.391,0.1437165,-0.3098979,10.530642600000002,0.23619735552498256,1,0.6390257420540996,0.04482856233275153,0,0.005684903259485871
5.406,0.1437165,-0.3367773,10.5440823,0.24650082685763763,1,0.6868980888436865,0.048448798700621104,0,0.006384483467236151
5.422,0.1107549,-0.3367773,10.5500664,0.25671174396762275,1,0.6381823193740693,0.05247449926722319,0,0.0071918698509789054
5.438,0.18266220000000002,-0.3143124,10.5171048,0.266082536639658,1,0.5856745420022008,0.05665685351208144,0,0.008064920673213342
5.453,0.16765290000000002,-0.3503151,10.5171048,0.2752869814853316,1,0.6136296563782181,0.06071712489801902,0,0.008945225511289128
5.469,0.16765290000000002,-0.3367773,10.527601500000001,0.28450796802156475,1,0.5763116585145717,0.0651954844940742,0,0.009952526386425875
5.484,0.1212516,-0.3367773,10.5440823,0.2938586410660218,1,0.623378202963815,0.069533234062231,0,0.010962991775598143
5.5,0.16019730000000001,-0.3771945,10.5440823,0.3030629658295805,1,0.5752702977224183,0.07430860691739583,0,0.012113726503435158
5.516,0.16019730000000001,-0.3248091,10.563506100000001,0.3124332781121524,1,0.5856445176607433,0.07923257686892969,0,0.013342055973725763
5.531,0.1362609,-0.3248091,10.515633300000001,0.3206751180784,1,0.5494559977498524,0.08398088984035873,0,0.0145661569740454
5.547,0.11978010000000001,-0.3562992,10.515633300000001,0.3287714060784772,1,0.506018000004826,0.08917646203361375,0,0.01595141578903718
5.563,0.11978010000000001,-0.3487455,10.560563100000001,0.3375844188291026,1,0.5508132969140873,0.09450730863287439,0,0.017420885954369084
5.578,0.1466595,-0.32932170000000005,10.494639900000001,0.3449271977977535,1,0.4895185979100398,0.099626145757576,0,0.018876886862297517
5.594,0.11526750000000001,-0.32932170000000005,10.4347989,0.3509456225608787,1,0.37615154769532444,0.10519312832044507,0,0.020515441054921688
5.609,0.17667810000000003,-0.3307932,10.4347989,0.35686378555163145,1,0.3945441993835259,0.11050169888128879,0,0.022133152258934658
5.625,0.17667810000000003,-0.3307932,10.4347989,0.3626659061308004,1,0.36263253619805946,0.11625793641474824,0,0.023947229341302955
5.641,0.1646118,-0.34128990000000003,10.4916969,0.36947193306901127,1,0.42537668363817854,0.12211503912834673,0,0.025854213145647717
5.656,0.11526750000000001,-0.347274,10.4916969,0.37613545940784476,1,0.4442350892555756,0.12770709457192306,0,0.0277278791483997
5.672,0.11526750000000001,-0.3023442,10.5201459,0.38319862841212604,1,0.4414480627675795,0.13378176727448282,0,0.029819790043170948
5.688,0.1332198,-0.3023442,10.4677605,0.38910080312135875,1,0.36888591932704407,0.13996016272675071,0,0.03200972548318082
5.703,0.1332198,-0.3023442,10.4677605,0.39488724891472415,1,0.3857630528910122,0.14584007311702155,0,0.03415322725200919
5.719,0.1332198,-0.33226469999999997,10.557522,0.4023370188892166,1,0.46561062340577625,0.15221786725945308,0,0.03653769077502099
5.734,0.1332198,-0.33226469999999997,10.557522,0.40964071494264154,1,0.48691307022834085,0.15830770026319188,0,0.03886663253144078
5.75,0.1497006,-0.344331,10.494639900000001,0.4155809065654079,1,0.37126197642289827,0.1649094732352563,0,0.04145236991942836
5.766,0.1497006,-0.344331,10.494639900000001,0.4214046238426299,1,0.363982329826373,0.1716053574785206,0,0.04414448856513858
5.781,0.145188,-0.3083283,10.494639900000001,0.4270909699996448,1,0.3790897438010021,0.17796907443233753,0,0.046766296804469955
5.797,0.145188,-0.33824879999999996,10.4393115,0.4315996811273113,1,0.28179444547915516,0.18483859964135319,0,0.04966875819705948
5.813,0.12272310000000002,-0.33824879999999996,10.5770439,0.4387133906386502,1,0.4446068444586833,0.19180110421548088,0,0.05268187582791416
5.828,0.1646118,-0.32333760000000006,10.5770439,0.44568962682419944,1,0.4650824123699298,0.1984341268464525,0,0.05560864006087877
5.844,0.1646118,-0.3547296,10.527601500000001,0.45157999775965685,1,0.3681481834660879,0.20561228384312336,0,0.058841011346395376
5.859,0.1646118,-0.3547296,10.554579000000002,0.45788347817019215,1,0.420232027369029,0.21243325991259707,0,0.061976352924563216
5.875,0.142245,-0.34580249999999996,10.554579000000002,0.46405118470712026,1,0.3854816585580064,0.21980873721561558,0,0.06543428890158892
5.891,0.11526750000000001,-0.32932170000000005,10.5589935,0.4701676890458142,1,0.3822815211683702,0.22728248820563907,0,0.06901101870495896
5.906,0.11526750000000001,-0.32932170000000005,10.5589935,0.476164261926888,1,0.3997715254049287,0.23437997783793418,0,0.07247348720028568
5.922,0.1362609,-0.3143124,10.5321141,0.4815124211025559,1,0.33425994847924273,0.24204139130216973,0,0.07628485815340652
5.938,0.1362609,-0.3143124,10.5321141,0.486755714412034,1,0.32770583184238394,0.24978753638628642,0,0.08021948957491418
5.953,0.1317483,-0.34580249999999996,10.518674400000002,0.49165105086210836,1,0.3263557633382769,0.2571255871258428,0,0.08402133800125529
5.969,0.1317483,-0.34580249999999996,10.518674400000002,0.4964504003229653,1,0.299959341303557,0.2650303987353234,0,0.08819858588814462
5.984,0.1526436,-0.2918475,10.518674400000002,0.5011291316523447,1,0.3119154219586373,0.27251224522513806,0,0.092230155717848
6.0,0.1526436,-0.34580249999999996,10.5650757,0.506657416648661,1,0.3455178122697685,0.2805745376115461,0,0.09665484998054147
6.016,0.1272357,-0.34580249999999996,10.5904836,0.512568601320968,1,0.36944904201918727,0.28872834575530315,0,0.10120927304747626
6.031,0.16166880000000003,-0.3712104,10.5904836,0.5183899367979752,1,0.3880890318004842,0.29646053479119505,0,0.1055981896515749
6.047,0.16166880000000003,-0.2918475,10.5455538,0.5231679066154094,1,0.2986231135896353,0.30479299753850214,0,0.11040821791021248
6.063,0.1392039,-0.32333760000000006,10.5904836,0.5287443987824094,1,0.348530760437504,0.3132082959816847,0,0.11535222825837398
6.078,0.1482291,-0.32333760000000006,10.5979392,0.5343600540079372,1,0.37437701503516985,0.3211815793776126,0,0.12011015232356889
6.094,0.10928340000000002,-0.32333760000000006,10.5979392,0.539856325748314,1,0.3435169837735505,0.3297753104156626,0,0.1253178074419151
6.109,0.10928340000000002,-0.3248091,10.6189326,0.5456571299606505,1,0.3867202808224436,0.33791666133347964,0,0.13032549723003356
6.125,0.1631403,-0.3248091,10.524658500000001,0.5495103111013506,1,0.24082382129375612,0.34667800086197564,0,0.1358022545275972
6.141,0.13469129999999999,-0.315882,10.524658500000001,0.5532747265157081,1,0.23527596339734091,0.3555002811629121,0,0.1414196807837963
6.156,0.13469129999999999,-0.3622833,10.5680187,0.5578442546131956,1,0.30463520649917736,0.3638336735213787,0,0.14681468544392837
6.172,0.11978010000000001,-0.3622833,10.608435900000002,0.5631126463355063,1,0.32927448264441467,0.3728013287289683,0,0.15270776546193116
6.188,0.10928340000000002,-0.29783160000000003,10.608435900000002,0.5682362179043992,1,0.32022322305580414,0.38185211964288757,0,0.15874499304890602
6.203,0.1482291,-0.34580249999999996,10.5560505,0.572270593443065,1,0.2689583692443773,0.39040592072799385,0,0.16453692835168784
6.219,0.1482291,-0.31136939999999996,10.5680187,0.5764394052894666,1,0.2605507404001004,0.3995956007178541,0,0.17085694052325465
6.234,0.113796,-0.31136939999999996,10.560563100000001,0.5803719937044285,1,0.26217256099746644,0.4082716862103081,0,0.17691594517521572
6.25,0.113796,-0.31136939999999996,10.560563100000001,0.5842274725426257,1,0.24096742738732835,0.4175884819402846,0,0.18352282652042046
6.266,0.11673900000000001,-0.35777070000000005,10.560563100000001,0.5880367913961493,1,0.23808242834522075,0.42696659605179477,0,0.1902792671443571
6.281,0.13469129999999999,-0.3547296,10.6278597,0.5930922907883023,1,0.3370332928102069,0.43582506416817796,0,0.19675020459600678
6.297,0.13469129999999999,-0.3547296,10.6278597,0.5980486627413928,1,0.3097732470681566,0.4453541917964155,0,0.20379963864372352
6.313,0.11821050000000001,-0.3143124,10.5500664,0.6013544855920703,1,0.20661392816734273,0.4549494169830832,0,0.21100206751395953
6.328,0.1317483,-0.3143124,10.5141618,0.6038949878726356,1,0.16936681870435016,0.46398878803406884,0,0.21789410405158843
6.344,0.09584369999999999,-0.33824879999999996,10.5141618,0.6063926178434276,1,0.1561018731744966,0.47367108887979736,0,0.22539538306689938
6.359,0.09584369999999999,-0.33824879999999996,10.5141618,0.6088412746775376,1,0.16324378894066993,0.4827853430737044,0,0.2325688063065505
6.375,0.1257642,-0.32932170000000005,10.5785154,0.6125036750638042,1,0.2289000241416648,0.49255610267163513,1,0.24037153787251322
6.391,0.1497006,-0.32932170000000005,10.560563100000001,0.6157485711321584,1,0.20280600427213785,0.5023821206412026,1,0.24833104365901593
6.406,0.1497006,-0.32932170000000005,10.560563100000001,0.6189298417874074,1,0.21208471034993653,0.5116422087380992,1,0.2559362261293605
6.422,0.1526436,-0.3307932,10.554579000000002,0.6219331958790786,1,0.18770963072944885,0.5215691130394311,1,0.2642019167035808
6.438,0.1526436,-0.3307932,10.554579000000002,0.6248776606748336,1,0.18402904973469064,0.5315435998918624,1,0.2726268184070311
6.453,0.16019730000000001,-0.3173535,10.5934266,0.6285197854976996,1,0.24280832152438855,0.5409440807381567,1,0.2806704760117566
6.469,0.16019730000000001,-0.3173535,10.5934266,0.6320904961083524,1,0.22316941316580222,0.5510289629910051,1,0.2894062603615899
6.484,0.16019730000000001,-0.36669779999999996,10.5814584,0.6353879081345237,1,0.2198274684114238,0.5605350510228265,1,0.29774299046669345
6.5,0.1526436,-0.2889045,10.587442500000002,0.6386885305970669,1,0.2062889039089464,0.5707276625326793,1,0.3067930921751375
6.516,0.1526436,-0.2889045,10.587442500000002,0.6419244349721094,1,0.20224402344015663,0.5809725662572327,1,0.31600669400545683
6.531,0.11978010000000001,-0.3248091,10.524658500000001,0.643878600991755,1,0.13027773464304263,0.5906160890269615,1,0.32479360892008813
6.547,0.11978010000000001,-0.3053853,10.5665472,0.6466040033416398,1,0.1703376468678018,0.6009399498616287,1,0.33432605723119685
6.563,0.1362609,-0.3053853,10.6189326,0.6503065329498163,1,0.23140810051103225,0.6113152341519603,1,0.3440240987033056
6.578,0.1332198,-0.30685680000000004,10.6189326,0.6539365390502265,1,0.2420004066940041,0.621097057191961,1,0.3532671908883853
6.594,0.1332198,-0.35777070000000005,10.6099074,0.6573497420019905,1,0.21332518448524665,0.6315873474403787,1,0.363288666125444
6.609,0.11978010000000001,-0.35777070000000005,10.5650757,0.6598143841481168,1,0.16430947640842314,0.6414660783865043,1,0.37283656681914545
6.625,0.1661814,-0.33824879999999996,10.5650757,0.6622304044841218,1,0.1510012710003171,0.6520424366955622,1,0.383184634939802
6.641,0.1661814,-0.3891627,10.5919551,0.6651600202399077,1,0.183100984736617,0.6626615600933544,1,0.3937022669141133
6.656,0.16912439999999998,-0.3891627,10.677302100000002,0.6697052452580596,1,0.3030150012101338,0.672673049584589,1,0.40371727648669764
6.672,0.11526750000000001,-0.3338343,10.677302100000002,0.6741105883519598,1,0.2753339433687605,0.6834235762534692,1,0.41456604949340214
6.688,0.16019730000000001,-0.3248091,10.536626700000001,0.6756787202678165,1,0.09800824474104344,0.6942218907224273,1,0.42558721322920934
6.703,0.16019730000000001,-0.2994012,10.5440823,0.6773474681207361,1,0.11124985686130207,0.7043695871353419,1,0.436076649313143
6.719,0.1332198,-0.2994012,10.5710598,0.6795048550573259,1,0.13483668353686518,0.7152244057207664,1,0.44743340125599185
6.734,0.1466595,-0.40417200000000003,10.5710598,0.6816917464128558,1,0.14579275703532657,0.7254333802317925,1,0.4582383346506358
6.75,0.1466595,-0.3218661,10.5589935,0.6835439136413601,1,0.11576045178152129,0.7363552655122262,1,0.46993264381658795
6.766,0.16912439999999998,-0.3218661,10.632372300000002,0.6868043004411444,1,0.20377417498651498,0.7473180512248863,1,0.48180203035048486
6.781,0.1078119,-0.3248091,10.632372300000002,0.6899868639815434,1,0.2121709026932732,0.7576439849580562,1,0.4930892456218567
6.797,0.1078119,-0.33981839999999996,10.6024518,0.6925298716519208,1,0.15893797939858775,0.768704118843124,1,0.5053000304522661
6.813,0.1466595,-0.33981839999999996,10.6234452,0.6954435373335546,1,0.18210410510210978,0.7798079061150077,1,0.5176881266519312
6.828,0.0718092,-0.33981839999999996,10.6099074,0.6980196848240947,1,0.17174316603600265,0.7902588802811905,1,0.5294636275499032
6.844,0.1482291,-0.33226469999999997,10.6099074,0.7005561603932691,1,0.15852972307339716,0.8014474870429295,1,0.5421972784884962
6.859,0.1482291,-0.33981839999999996,10.6459101,0.7037530955672295,1,0.21312901159736913,0.811979806462633,1,0.5542979831897876
6.875,0.17667810000000003,-0.33981839999999996,10.5380982,0.7047832745210378,1,0.06438618461301887,0.8232480974233392,1,0.5673798064208754
6.891,0.145188,-0.3622833,10.5380982,0.705798494683215,1,0.06345126013607144,0.8345327515769732,1,0.5806420532128779
6.906,0.145188,-0.3622833,10.5125922,0.7062940344029709,1,0.033035981317061425,0.8451234455451193,1,0.5932394746912933
6.922,0.09427410000000001,-0.3622833,10.5710598,0.7079141964797149,1,0.1012601297964987,0.8564371113921808,1,0.6068519591467918
6.938,0.11978010000000001,-0.3262806,10.5710598,0.7094846734434856,1,0.09815481023567321,0.8677763023515664,1,0.6206456664567418
6.953,0.11978010000000001,-0.3262806,10.5710598,0.7110243567413015,1,0.10264555318771887,0.8784301200779527,1,0.6337422146249637
6.969,0.0748503,-0.3831786,10.6099074,0.7133243601265296,1,0.14375021157675402,0.8898249098128954,1,0.6478882548640905
6.984,0.0748503,-0.3831786,10.6099074,0.7155792654061646,1,0.15032701864233727,0.9005416870043904,1,0.6613160043402199
7.0,0.1302768,-0.34128990000000003,10.596467700000002,0.7175090647834601,1,0.12061246108097101,0.9120063936459074,1,0.6758163889854223
7.016,0.1302768,-0.34128990000000003,10.596467700000002,0.7194010249572802,1,0.11824751086375584,0.9235016743638333,1,0.6905004535295002
7.031,0.1302768,-0.3307932,10.5380982,0.7201055118170014,1,0.04696579064808386,0.9342979733896403,1,0.7044339508876509
7.047,0.0793629,-0.3307932,10.5051366,0.720140292312454,1,0.002173780965786241,0.9458199398226759,1,0.7194748941933494
7.063,0.15568469999999998,-0.290376,10.5814584,0.7216634816326479,1,0.09519933251211912,0.9573543700142367,1,0.7347002886720447
7.078,0.0928026,-0.290376,10.5440823,0.7224097740852322,1,0.04975283017228379,0.9681849194321213,1,0.749141833342893
7.094,0.0928026,-0.290376,10.5440823,0.7231414333524722,1,0.04572870420249671,0.9797493290916229,1,0.7647253073310829
7.109,0.1317483,-0.3262806,10.5440823,0.7238874503684549,1,0.04973446773218495,0.9906020457195297,1,0.7795029426421662
7.125,0.19011780000000003,-0.3023442,10.611477,0.7259430273279559,1,0.12847355996881127,1.002200689541101,1,0.7954453645242513
7.141,0.19011780000000003,-0.3023442,10.611477,0.7279582988568798,1,0.125954470557743,1.0138319001505798,1,0.8115736252417848
7.156,0.1571562,-0.33530580000000004,10.5770439,0.7292681461710497,1,0.08732315427799806,1.0247610984882891,1,0.826863072731576
7.172,0.1571562,-0.33530580000000004,10.5770439,0.7305523102045495,1,0.08026025209373337,1.036439662139294,1,0.8433526788165967
7.188,0.1571562,-0.3173535,10.572531300000001,0.7317120078301009,1,0.07248110159696612,1.048137776683571,1,0.8600292983271797
7.203,0.1571562,-0.3173535,10.572531300000001,0.7328489662865234,1,0.07579723042816223,1.0591219839894461,1,0.8758337465322279
7.219,0.11821050000000001,-0.315882,10.572531300000001,0.7339528284498602,1,0.06899138520854992,1.0708563983473371,1,0.8928735735909221
7.234,0.11821050000000001,-0.315882,10.5904836,0.735386873463705,1,0.09560300092298932,1.0818764461116888,1,0.9090190699243644
7.25,0.1646118,-0.315882,10.5799869,0.73659924086631,1,0.07577296266281223,1.093652335026329,1,0.9264233001734686
7.266,0.19610190000000002,-0.3338343,10.5799869,0.7378091572217986,1,0.07561977221803844,1.1054476022110338,1,0.9440160996713676
7.281,0.19610190000000002,-0.32333760000000006,10.5589935,0.7385775896786679,1,0.05122883045795481,1.1165205028127871,1,0.9606808604590459
7.297,0.049442400000000004,-0.32333760000000006,10.4782572,0.7377152374980689,1,-0.05389701128744035,1.128330845430201,1,0.9786396712449899
7.313,0.13469129999999999,-0.3143124,10.548594900000001,0.7382575335117298,1,0.033893500853809905,1.1401386275982794,1,0.9967874270292177
7.328,0.11978010000000001,-0.2918475,10.548594900000001,0.7387730215168045,1,0.034365867004973086,1.1512163567609939,1,1.013972589411913
7.344,0.11978010000000001,-0.3248091,10.6249167,0.7407929900889396,1,0.12624803575844712,1.1630528848538397,1,1.0324867433448317
7.359,0.1406754,-0.3248091,10.583028,0.7419574806279972,1,0.07763270260383758,1.1741735133842166,1,1.0500159413316168
7.375,0.1497006,-0.32932170000000005,10.583028,0.743104297360901,1,0.07167604580649016,1.1860540076081278,1,1.0688977614995556
7.391,0.1497006,-0.3008727,10.518674400000002,0.74295083227452,1,-0.009591567898814537,1.1979424486452113,1,1.0879697331495823
7.406,0.1078119,-0.3008727,10.6009803,0.744403429802297,1,0.09683983518513835,1.2090976056107872,1,1.106022533556502
7.422,0.2215098,-0.344331,10.6009803,0.7458880678955957,1,0.09278988083116771,1.2210199375923703,1,1.1254634739021272
7.438,0.2215098,-0.3248091,10.5890121,0.7470970141736846,1,0.07555914238055454,1.2329638182489244,1,1.1450953439488576
7.453,0.11673900000000001,-0.3248091,10.620404100000002,0.7488646681720397,1,0.1178435998903356,1.2441835308665177,1,1.163673949067224
7.469,0.1497006,-0.40113090000000007,10.5680187,0.749630548398148,1,0.047867514131771885,1.2561714925990792,1,1.183676789254949
7.484,0.1511721,-0.2889045,10.5680187,0.7503100273055292,1,0.045298593825413055,1.2674210469168565,1,1.202603733301318
7.5,0.1511721,-0.36826739999999997,10.5500664,0.7506727825730319,1,0.02267220421892089,1.279428909395885,1,1.22297853295182
7.516,0.1287072,-0.36826739999999997,10.6039233,0.7520778863763926,1,0.08781898771004207,1.2914509147474804,1,1.2435455715449668
7.531,0.11526750000000001,-0.33824879999999996,10.6039233,0.7534328130651868,1,0.09032844591961675,1.302742244993292,1,1.263002020243022
7.547,0.11526750000000001,-0.3847482,10.617461100000002,0.7550574922852,1,0.10154245125082442,1.314810167436095,1,1.2839424395424572
7.563,0.1571562,-0.3847482,10.6249167,0.7568069207932826,1,0.10933928175516074,1.326905082740723,1,1.3050761615438717
7.578,0.10477080000000001,-0.32932170000000005,10.6249167,0.7584728975199901,1,0.11106511511383185,1.338269681378073,1,1.3250649722747634
7.594,0.10477080000000001,-0.32932170000000005,10.6249167,0.7601062080363707,1,0.10208190727378764,1.350418314222524,1,1.3465744762395682
7.609,0.17069399999999998,-0.4176117,10.5949962,0.7611988979145359,1,0.072845991877677,1.3618281025171555,1,1.3669163243651152
7.625,0.16912439999999998,-0.32932170000000005,10.5949962,0.7622086927144966,1,0.06311217499754823,1.3740153632421876,1,1.38880307209119
7.641,0.1646118,-0.34580249999999996,10.5949962,0.7632075842462811,1,0.06243072073652817,1.386218693457874,1,1.4108849445447904
7.656,0.1646118,-0.38621970000000005,10.5650757,0.7636280321231812,1,0.02802985846000717,1.3976699605806446,1,1.4317641094500788
7.672,0.142245,-0.38621970000000005,10.539569700000001,0.7635341342490527,1,-0.005868617133031323,1.4098872579116226,1,1.454224567198017
7.688,0.16166880000000003,-0.2843919,10.539569700000001,0.7633840841355877,1,-0.009378132091564231,1.4221026036586997,1,1.4768804860905795
7.703,0.16166880000000003,-0.2843919,10.539569700000001,0.7632369761812114,1,-0.009807196958414586,1.433552261611076,1,1.4982978975801036
7.719,0.1078119,-0.3652263,10.508177700000001,0.7625129517170581,1,-0.04525152900958225,1.4457582610342623,1,1.5213323817612663
7.734,0.1078119,-0.3652263,10.508177700000001,0.7618031238110259,1,-0.0473218604021507,1.4571906316007226,1,1.5431044984560283
7.75,0.13469129999999999,-0.3039138,10.508177700000001,0.7610750371371697,1,-0.0455054171160096,1.4693736568883082,1,1.5665170127639405
7.766,0.13469129999999999,-0.3083283,10.527601500000001,0.7607444111004575,1,-0.02066412729451182,1.4815482124742092,1,1.5901243877188407
7.781,0.0763218,-0.2769363,10.4482386,0.7588361488923265,1,-0.1272174805420698,1.4929450666741548,1,1.6124330873124528
7.797,0.0823059,-0.2769363,10.5710598,0.7593735433181994,1,0.033587151617053806,1.505090744211839,1,1.6364173737995409
7.813,0.1437165,-0.37268190000000007,10.5710598,0.7599709195532061,1,0.03733601468791644,1.5172454999148104,1,1.660596063752554
7.828,0.1437165,-0.2784078,10.3974228,0.7570965611330749,1,-0.1916238946754043,1.528623506019958,1,1.6834400812970658
7.844,0.1511721,-0.2784078,10.379372400000001,0.7539268698542738,1,-0.19810570492506657,1.5407116934678569,1,1.7079947628929684
7.859,0.21101310000000004,-0.36669779999999996,10.379372400000001,0.750893551802081,1,-0.20222120347952885,1.5519978466302793,1,1.7311900844437038
7.875,0.21101310000000004,-0.3262806,10.4003658,0.7483046231140769,1,-0.1618080430002554,1.5639914320296087,1,1.756117998672983
7.891,0.18109260000000002,-0.3262806,10.4108625,0.7459610913821404,1,-0.14647073324602897,1.5759455577455783,1,1.7812374945911844
7.906,0.1796211,-0.3173535,10.4108625,0.7436576043014735,1,-0.1535658053777936,1.5871176979632051,1,1.8049604690089998
7.922,0.1796211,-0.33226469999999997,10.3914387,0.7410277917608727,1,-0.16436328378754958,1.5989951811317038,1,1.830449372041759
7.938,0.1107549,-0.3083283,10.454222699999999,0.7396466815252385,1,-0.08631938972714073,1.6108405769179928,1,1.8561280581061566
7.953,0.11978010000000001,-0.3083283,10.3465089,0.7361836342226553,1,-0.2308698201722031,1.6219093042861024,1,1.8803736822151882
7.969,0.1302768,-0.3532581,10.3465089,0.7328191250899199,1,-0.21028182079596539,1.633661326360603,1,1.906418247260362
7.984,0.1302768,-0.3338343,10.306091700000001,0.7287159312868869,1,-0.273546253535534,1.6446228392834288,1,1.9310053785026917
8.0,0.1362609,-0.3338343,10.3419963,0.7253982913964307,1,-0.2073524931535118,1.6562557530648954,1,1.9574124072414782
8.016,0.0868185,-0.35777070000000005,10.3419963,0.7221509375206967,1,-0.2029596172333779,1.6678361468962324,1,1.9840051424411673
8.031,0.0868185,-0.344331,10.268617500000001,0.7175203710864562,1,-0.3087044289493573,1.6786336817107865,1,2.009103666155721
8.047,0.18413369999999998,-0.344331,10.355436000000001,0.7147068623915409,1,-0.17584429343220337,1.6900914995786105,1,2.036053467606036
8.063,0.1466595,-0.3039138,10.355436000000001,0.7119120023385292,1,-0.17467875331322863,1.7015044504964512,1,2.0631862352066364
8.078,0.1466595,-0.33824879999999996,10.280585700000001,0.7077260887587098,1,-0.2790609053213195,1.7121517361796796,1,2.088788656606705
8.094,0.15421320000000002,-0.36669779999999996,10.2791142,0.7036146982459925,1,-0.2569619070448279,1.7234424624757172,1,2.1162734101959484
8.109,0.12272310000000002,-0.36669779999999996,10.249193700000001,0.6989893511085583,1,-0.30835647582893716,1.7339619928458767,1,2.1422039436108613
8.125,0.113796,-0.36375480000000004,10.249193700000001,0.6944506238813055,1,-0.28367045170329924,1.7451095126457956,1,2.1700365156547945
8.141,0.113796,-0.34128990000000003,10.283626800000002,0.6906604952126951,1,-0.23688304178814934,1.7561904015985477,1,2.1980469149687494
8.156,0.173637,-0.34128990000000003,10.2521367,0.6863440460119428,1,-0.2877632800501464,1.7665179356577327,1,2.2244672274981725
8.172,0.0928026,-0.3053853,10.2521367,0.6820694589457741,1,-0.26716169163554215,1.7774652436973946,1,2.2528190929330134
8.188,0.0928026,-0.35178660000000006,10.166887800000001,0.6762373448450809,1,-0.36450713129332313,1.7883316981277213,1,2.2813454684676144
8.203,0.17510850000000003,-0.35178660000000006,10.205735400000002,0.671301986110624,1,-0.3290239156304892,1.7984382431098882,1,2.308246243026894
8.219,0.145188,-0.3622833,10.205735400000002,0.6664613947468911,1,-0.3025369602333014,1.8091403501567482,1,2.3371068717730274
8.234,0.145188,-0.3098979,10.1638467,0.6608610288986192,1,-0.3733577232181158,1.81909526833409,1,2.3643186389117097
8.25,0.1586277,-0.3547296,10.15335,0.6551974655431447,1,-0.3539727097171538,1.8296237362896242,1,2.3935083909486994
8.266,0.16912439999999998,-0.3547296,10.1174454,0.6489447887463999,1,-0.3907922997965493,1.8400568743239405,1,2.422865835833608
8.281,0.1332198,-0.3083283,10.1174454,0.6427744072685293,1,-0.41135876519136005,1.8497447682940529,1,2.450539348153244
8.297,0.1332198,-0.32333760000000006,10.0784997,0.6359710118011996,1,-0.42521221670810366,1.8599747316466106,1,2.480217104152769
8.313,0.1631403,-0.32333760000000006,10.1189169,0.630101621524469,1,-0.36683689229566296,1.870103312713216,1,2.5100577285076477
8.328,0.2006145,-0.33824879999999996,10.1189169,0.6243700664989902,1,-0.3821036683652868,1.8795118503733912,1,2.538179842230795
8.344,0.2006145,-0.33824879999999996,10.1189169,0.6187508949053839,1,-0.3511982246003905,1.8894568180646263,1,2.568331591578299
8.359,0.17667810000000003,-0.34580249999999996,10.0784997,0.6124462534394386,1,-0.42030943106300656,1.8986907966772129,1,2.596742698688864
8.375,0.1062423,-0.32333760000000006,10.0784997,0.6062312472443399,1,-0.3884378871936708,1.908440216682683,1,2.627199746795743
8.391,0.09878670000000002,-0.3427614,10.1159739,0.6008835261351564,1,-0.33423256932396644,1.9180971348697191,1,2.6578120456081624
8.406,0.09878670000000002,-0.2829204,10.0216998,0.5937567014840148,1,-0.4751216434094194,1.9270569365768633,1,2.686650701144013
8.422,0.09878670000000002,-0.2829204,10.0216998,0.5867696184926992,1,-0.43669268695722924,1.936501147136677,1,2.717559165813721
8.438,0.0777933,-0.344331,10.023171300000001,0.5799824103904232,1,-0.42420050639224677,1.945835163367742,1,2.7486178562977566
8.453,0.0777933,-0.344331,10.023171300000001,0.5733282847999561,1,-0.4436083726978407,1.954484993581669,1,2.777870257474875
8.469,0.0150093,-0.3427614,9.9648018,0.5656540562124732,1,-0.47963928671768086,1.9635968523097684,1,2.8092149122420063
8.484,0.0150093,-0.3427614,9.9648018,0.5581303026953321,1,-0.501583567809386,1.9720252350015772,1,2.8387320778968426
8.5,0.08377740000000002,-0.3547296,9.9648018,0.550768961003369,1,-0.46008385574769456,1.9808964291111668,1,2.8703554512097447
8.516,0.08377740000000002,-0.3278502,9.961760700000001,0.5434743244049756,1,-0.4559147873995913,1.9896503753944337,1,2.9021198256457894
8.531,0.1661814,-0.3278502,9.9033912,0.5351992612639194,1,-0.551670876070392,1.9977404272869508,1,2.932025256665901
8.547,0.21101310000000004,-0.347274,9.9033912,0.5271161537327789,1,-0.5051942206962807,2.0062389506069254,1,2.964057091689052
8.563,0.1392039,-0.347274,9.961760700000001,0.5203103505635625,1,-0.4253626980760257,2.014618362641296,1,2.996223950195038
8.578,0.1392039,-0.3173535,9.9243846,0.5128860164174913,1,-0.4949556097381153,2.0223673353936533,1,3.0265013429302976
8.594,0.16912439999999998,-0.3173535,9.922913099999999,0.5055875310300753,1,-0.45615533671350367,2.0305151237732337,1,3.058924402603633
8.609,0.15421320000000002,-0.318825,9.922913099999999,0.49842831705465684,1,-0.4772809316945426,2.0380452426338693,1,3.0894386053516874
8.625,0.15421320000000002,-0.34580249999999996,9.9213435,0.49139642863904953,1,-0.43949302597545664,2.045963840599419,1,3.122110678017554
8.641,0.1212516,-0.34580249999999996,9.8524773,0.48314406329035364,1,-0.5157728342934926,2.053760164534854,1,3.154908470058628
8.656,0.17667810000000003,-0.3487455,9.8524773,0.4750719611874228,1,-0.53814014019537,2.0609467847184377,1,3.1857687721780286
8.672,0.17667810000000003,-0.3278502,9.8704296,0.46749583327655664,1,-0.4735079944291338,2.0684873270741497,1,3.2188042450723695
8.688,0.1482291,-0.3278502,9.836094600000001,0.45938629531389097,1,-0.5068461226666039,2.075902384102873,1,3.2519593627617858
8.703,0.18413369999999998,-0.4176117,9.836094600000001,0.45151428862896736,1,-0.5248004456616159,2.082734138482444,1,3.283149136681173
8.719,0.1631403,-0.29783160000000003,9.839037600000001,0.4437617017725266,1,-0.4845366785275469,2.089896346405656,1,3.3165301805602776
8.734,0.1631403,-0.46999710000000006,9.7926363,0.4353840619505984,1,-0.5585093214618578,2.09648993963358,1,3.347928077705573
8.75,0.1511721,-0.46999710000000006,9.7956774,0.427226482096982,1,-0.5098487408510262,2.1033908239859604,1,3.3815271238145295
8.766,0.1122264,-0.22455090000000003,9.7956774,0.4190481146549523,1,-0.5111479651268565,2.110161020759976,1,3.415235538572497
8.781,0.1122264,-0.5059017,9.774684,0.4108245570431297,1,-0.5482371741214849,2.116385065797712,1,3.4469346342216807
8.797,0.1946304,-0.5059017,9.8495343,0.404252988831729,1,-0.4107230132125435,2.1229056861647106,1,3.48084896023738
8.813,0.0703377,-0.20208600000000002,9.8495343,0.39756360786670975,1,-0.41808631031370297,2.129320218938298,1,3.514866767478204
8.828,0.0703377,-0.4625415,9.7656588,0.3895348285744227,1,-0.535251952819181,2.1352234572116062,1,3.5468508450493257
8.844,0.1482291,-0.4625415,9.855518400000001,0.38344034462487464,1,-0.38090524684675187,2.1414072585972006,1,3.581063890775796
8.859,0.11673900000000001,-0.2529999,9.774684,0.3757236864028428,1,-0.5144438814687688,2.1471009888299086,1,3.6132277026315007
8.875,0.11673900000000001,-0.4101561,9.774684,0.36826279511810434,1,-0.4663057052961546,2.1530528806820763,1,3.6476289335875967
8.891,0.11673900000000001,-0.29783160000000003,9.8674866,0.36268718712345027,1,-0.34847549966587865,2.1589004805400087,1,3.6821245604773734
8.906,0.16166880000000003,-0.29783160000000003,9.8255979,0.3564124650240661,1,-0.418314806625596,2.164293727931115,1,3.714548517040908
8.922,0.1586277,-0.3712104,9.8255979,0.350308755478137,1,-0.38148184662056794,2.1699474976951327,1,3.749222446845918
8.938,0.1586277,-0.3712104,9.8255979,0.3443247265115392,1,-0.3740018104123607,2.17550456555105,1,3.783986063351888
8.953,0.19610190000000002,-0.40113090000000007,9.7821396,0.33764307798763404,1,-0.44544323492704796,2.1806193240847933,1,3.816656992524154
8.969,0.11821050000000001,-0.31284090000000003,9.7821396,0.33100479972472385,1,-0.41489239143188655,2.1859685071064923,1,3.8515896951736845
8.984,0.11821050000000001,-0.31284090000000003,9.7821396,0.3244966837806942,1,-0.4338743962686281,2.190884768232783,1,3.8844160947387305
9.0,0.11821050000000001,-0.36375480000000004,9.7806681,0.31812184861709447,1,-0.3984271977249817,2.1960257164919654,1,3.9195113786165283
9.016,0.1482291,-0.36375480000000004,9.877983300000002,0.3137866404582379,1,-0.27095050992853564,2.2010809844045682,1,3.9546882322237007
9.031,0.0763218,-0.37268190000000007,9.7911648,0.3078258914479868,1,-0.39738326735005963,2.205743078393865,1,3.9877394126946903
9.047,0.0763218,-0.3248091,9.834525,0.3027983167720425,1,-0.3142234172465172,2.2106280720596256,1,4.023070381898318
9.063,0.1122264,-0.3248091,9.848062800000001,0.2981413520441887,1,-0.2910602954908634,2.2154355894101556,1,4.058478891190076
9.078,0.1122264,-0.3248091,9.848062800000001,0.29357570035021396,1,-0.30437677959833886,2.2198734673031133,1,4.091743709115423
9.094,0.0688662,-0.34128990000000003,9.848062800000001,0.2891026809439552,1,-0.279563712891173,2.2245348943534666,1,4.127298976008676
9.109,0.1482291,-0.3532581,9.759674700000001,0.28301099925514706,1,-0.40611211258719376,2.22882574695496,1,4.160699180818491
9.125,0.1482291,-0.3532581,9.759674700000001,0.2770387623053363,1,-0.3732648093631715,2.233306145047444,1,4.19639623595451
9.141,0.1287072,-0.347274,9.8928945,0.2737842927776555,1,-0.2034043454800514,2.237712729488108,1,4.232164386950795
9.156,0.1287072,-0.347274,9.8928945,0.27059363637796885,1,-0.21271042664576734,2.2417955639567753,1,4.265760699151633
9.172,0.1497006,-0.33824879999999996,9.774684,0.26514898803702636,1,-0.3402905213089055,2.246081504952095,1,4.301663715702904
9.188,0.1497006,-0.33824879999999996,9.774684,0.2598110975066916,1,-0.3336181581459205,2.2502811856364446,1,4.337634617227612
9.203,0.205029,-0.40417200000000003,9.8076456,0.25529219912057677,1,-0.3012598924076813,2.254144460361149,1,4.371417809572591
9.219,0.205029,-0.40417200000000003,9.8076456,0.25086190658517005,1,-0.27689328346291986,2.258193693206795,1,4.407516514801135
9.234,0.1721655,-0.40417200000000003,9.806076000000001,0.24647535847943836,1,-0.29243654038210165,2.2619237226947795,1,4.441417395420398
9.25,0.2140542,-0.32333760000000006,9.806076000000001,0.24213223892151348,1,-0.27144497237030474,2.265832583473987,1,4.477639445869748
9.266,0.2140542,-0.40417200000000003,9.7971489,0.23775816764044144,1,-0.2733794550670019,2.2696717067264824,1,4.513923480191352
9.281,0.2065986,-0.40417200000000003,9.8240283,0.23399321129970652,1,-0.2509970893823189,2.2732098420685336,1,4.547995091807316
9.297,0.173637,-0.2934171,9.8240283,0.23021254154262571,1,-0.23629185981754985,2.2769234880912723,1,4.584396158448595
9.313,0.173637,-0.31136939999999996,9.8016615,0.22607855527923526,1,-0.2583741414619032,2.2805738168658474,1,4.620856136888252
9.328,0.1212516,-0.31136939999999996,9.749178,0.22098169818792535,1,-0.33979047275402163,2.2839267687668507,1,4.655089891280494
9.344,0.13469129999999999,-0.3202965,9.8240283,0.21746063239793756,1,-0.2200666118742365,2.2874343074115377,1,4.691660779889921
9.359,0.1377324,-0.3143124,9.8240283,0.21400564592386573,1,-0.23033243160477998,2.2906703044989514,1,4.725996564479251
9.375,0.1377324,-0.33824879999999996,9.7582032,0.20934419088262501,1,-0.29134094007754435,2.294057103193403,1,4.76267438374079
9.391,0.10928340000000002,-0.33824879999999996,9.708858900000001,0.20380019071088462,1,-0.34650001073377423,2.2973622582461513,1,4.799405738632307
9.406,0.1571562,-0.3891627,9.708858900000001,0.19841513421834733,1,-0.3590037661691389,2.3003788731831207,1,4.8338887971180275
9.422,0.1571562,-0.2889045,9.7821396,0.19450313029251376,1,-0.24450024536459813,2.3035222192992078,1,4.870720005857886
9.438,0.1122264,-0.2889045,9.8255979,0.19150740656559506,1,-0.18723273293241843,2.3066103035940726,1,4.907601066041033
9.453,0.16166880000000003,-0.4101561,9.8255979,0.1886684362200466,1,-0.1892646897032469,2.3094616224149647,1,4.942221605486098
9.469,0.16166880000000003,-0.31284090000000003,9.7701714,0.1847288935285203,1,-0.24622141822039345,2.312448801052953,1,4.979196888873841
9.484,0.1287072,-0.36071369999999997,9.788123700000002,0.18124106891006342,1,-0.23252164123044916,2.3151935757712425,1,5.013904206700024
9.5,0.2006145,-0.36071369999999997,9.7672284,0.17743598505950153,1,-0.23781774066011763,2.318062992202999,1,5.050970259243818
9.516,0.09878670000000002,-0.3338343,9.7672284,0.1736562072846013,1,-0.23623611093126473,2.320871729741752,1,5.088081737019376
9.531,0.09878670000000002,-0.3487455,9.7926363,0.1704586046700438,1,-0.2131735076371574,2.323452590831412,1,5.122914169423676
9.547,0.11526750000000001,-0.3487455,9.788123700000002,0.167238809396979,1,-0.20123720456655098,2.326154170143948,1,5.160111023511479
9.563,0.10182780000000001,-0.37866600000000006,9.788123700000002,0.1641010103999232,1,-0.1961124373159871,2.328804888702323,1,5.197350695982249
9.578,0.10182780000000001,-0.37268190000000007,9.8046045,0.16134313896535346,1,-0.18385809563799724,2.3312457198225625,1,5.232301075546182
9.594,0.11673900000000001,-0.37268190000000007,9.714843,0.15688397777849872,1,-0.2786975741784212,2.333791536756513,1,5.269621373598815
9.609,0.11673900000000001,-0.37268190000000007,9.714843,0.15251225112472078,1,-0.291448443585185,2.3361120084732874,1,5.30464565018804
9.625,0.1511721,-0.3622833,9.7866522,0.1496347240436684,1,-0.17984544256577345,2.3385291842746345,1,5.342042779730024
9.641,0.13469129999999999,-0.3712104,9.7222986,0.14555465497514675,1,-0.25500431678260305,2.340890699306785,1,5.379478138798675
9.656,0.18266220000000002,-0.3712104,9.7567317,0.1422444760542554,1,-0.2206785947260823,2.3430491927895054,1,5.414607687989399
9.672,0.20208600000000002,-0.3487455,9.7567317,0.13899046770603363,1,-0.20337552176385978,2.345299072339588,1,5.452114474110432
9.688,0.20208600000000002,-0.3427614,9.833053500000002,0.13729138147204445,1,-0.10619288962432351,2.3475093271330127,1,5.489656941306213
9.703,0.19757340000000004,-0.3427614,9.7567317,0.13412852733395653,1,-0.21085694253921183,2.3495449764490575,1,5.524884848583075
9.719,0.19757340000000004,-0.3427614,9.7567317,0.13102768994367509,1,-0.1938023368925899,2.3516662261872785,1,5.562494538204166
9.734,0.145188,-0.2724237,9.7567317,0.12792617140306106,1,-0.2067679027075937,2.3536083801473793,1,5.597784097751677
9.75,0.145188,-0.31136939999999996,9.803133,0.1258175689145684,1,-0.13178765553079053,2.35563833006992,1,5.6354580714334155
9.766,0.1661814,-0.31136939999999996,9.836094600000001,0.12440273349689868,1,-0.08842721360435837,2.357640092489212,1,5.673164298813888
9.781,0.0973152,-0.2889045,9.836094600000001,0.12298413001461128,1,-0.09457356548582274,2.3594954939655484,1,5.7085428157123
9.797,0.0973152,-0.3307932,9.8151012,0.12120781950165949,1,-0.11101940705948711,2.3614490295616783,1,5.746310371900518
9.813,0.1287072,-0.3173535,9.7686999,0.11855545235065179,1,-0.1657729469379808,2.363367135736497,1,5.784108901222903
9.828,0.1511721,-0.3173535,9.7342668,0.11528667796856418,1,-0.21791829213919178,2.365120951713891,1,5.819572561878778
9.844,0.15421320000000002,-0.35178660000000006,9.7701714,0.11280958708201005,1,-0.15481818040963255,2.3669457218342953,1,5.857429095267164
9.859,0.15421320000000002,-0.35178660000000006,9.7701714,0.11038106660499736,1,-0.16190136513417364,2.3686196517369478,1,5.892945835568949
9.875,0.15568469999999998,-0.36973890000000004,9.776155500000002,0.10813084525883454,1,-0.14063883413517594,2.3703677470318585,1,5.930857734759099
9.891,0.15568469999999998,-0.36973890000000004,9.776155500000002,0.10592474589985201,1,-0.13788120993640784,2.372080191761128,1,5.968797318269443
9.906,0.15568469999999998,-0.3307932,9.7297542,0.10282537341093168,1,-0.20662483259468137,2.3736458176559587,1,6.004390263340072
9.922,0.16912439999999998,-0.3307932,9.7926363,0.10102325863449124,1,-0.11263217352752698,2.375276606712322,1,6.042381642735019
9.938,0.17510850000000003,-0.3771945,9.7926363,0.09929140284812377,1,-0.10824098664796712,2.376879124004183,1,6.080398888580751
9.953,0.17510850000000003,-0.3262806,9.8644455,0.09896470127975832,1,-0.021780104557698462,2.378366044785142,1,6.116063227346668
9.969,0.1586277,-0.34580249999999996,9.7672284,0.09674718607003818,1,-0.13859470060750823,2.3799317398839404,1,6.154129609624021
9.984,0.13469129999999999,-0.34580249999999996,9.777627,0.09476985664285387,1,-0.1318219618122827,2.381368117704287,1,6.1898393585559335
10.0,0.1631403,-0.3202965,9.777627,0.09282276492228902,1,-0.12169323253530251,2.382868858676808,1,6.227953254366982
10.016,0.1631403,-0.3083283,9.806076000000001,0.0914637825753335,1,-0.08493639668472046,2.384343151056789,1,6.266090950444851
10.031,0.1062423,-0.3083283,9.723770100000001,0.08850319014878671,1,-0.19737282843644466,2.3856929033522203,1,6.3018662208529195
10.047,0.1781496,-0.3173535,9.723770100000001,0.08562694382469971,1,-0.17976539525543772,2.3870859444240082,1,6.34004845163513
10.063,0.1781496,-0.3487455,9.7268112,0.08288774223920647,1,-0.17120009909332698,2.3884340619125193,1,6.378252611685822
10.078,0.1526436,-0.3487455,9.8405091,0.08242143785762579,1,-0.03108695877204813,2.3896738807632456,1,6.4140884212558875
10.094,0.10477080000000001,-0.2664396,9.8405091,0.08190159097076766,1,-0.03249043042863328,2.390988464993873,1,6.452333720021945
10.109,0.10477080000000001,-0.344331,9.7252416,0.07918068924682764,1,-0.1813934482626609,2.392196582095505,1,6.4882076078751165
10.125,0.1406754,-0.2814489,9.788123700000002,0.0777147140309733,1,-0.09162345099089633,2.393451745321727,1,6.526492794494454
10.141,0.13469129999999999,-0.2814489,9.717786,0.07489736845932882,2,-0.17608409822777987,2.3946726419816495,1,6.564797789592881
10.156,0.113796,-0.34580249999999996,9.717786,0.0721707288199731,2,-0.18177597595704045,2.395775652711244,1,6.600726151803079
10.172,0.113796,-0.41908320000000004,9.821085300000002,0.07157753121795274,2,-0.03707485012627295,2.3969256387915476,1,6.6390677621351015
10.188,0.11673900000000001,-0.41908320000000004,9.827069400000001,0.07111386197511393,2,-0.028979327677425257,2.398067169937092,1,6.677427704604931
10.203,0.1946304,-0.3547296,9.827069400000001,0.07063382307079813,2,-0.03200259362105624,2.3991302775749364,1,6.713406685461268
10.219,0.1946304,-0.35777070000000005,9.735738300000001,0.06837610109971592,2,-0.14110762319263767,2.4002423569683007,1,6.751801666537614
10.234,0.0763218,-0.35777070000000005,9.843550200000001,0.068242877577541,2,-0.008881568144995,2.40126699930838,1,6.787812986709691
10.25,0.2260224,-0.37268190000000007,9.843550200000001,0.06816814658593273,2,-0.0046706869755164205,2.402358287501688,1,6.8262419890041715
10.266,0.2260224,-0.40711500000000006,9.759674700000001,0.06647883077061856,2,-0.10558223845713578,2.40343546332054,1,6.864688339010749
10.281,0.1002582,-0.2963601,9.764187300000001,0.06479168730996676,2,-0.1124762307101155,2.4044199922061447,1,6.900747254927201
10.297,0.1646118,-0.2963601,9.714843,0.062187780544475046,2,-0.16274417284323203,2.4054358279489803,1,6.939226101488442
10.313,0.1646118,-0.2963601,9.714843,0.05963493077438642,2,-0.1595531106305391,2.4064104096395313,1,6.977720871389151
10.328,0.20208600000000002,-0.3338343,9.7926363,0.05869394994920718,2,-0.06273205501195428,2.407297876244958,1,7.013823683533282
10.344,0.16019730000000001,-0.3338343,9.7656588,0.057227646314066405,2,-0.09164397719629838,2.4082252490150644,1,7.052347868535362
10.359,0.16019730000000001,-0.3338343,9.7656588,0.05579009373059485,2,-0.0958368388981002,2.4090728820653995,1,7.0884776045184665
10.375,0.1272357,-0.3278502,9.7672284,0.05439800772756165,2,-0.08700537518957488,2.4099543868770645,1,7.127029822670006
10.391,0.1272357,-0.3278502,9.7672284,0.0530332175285082,2,-0.08529938744084024,2.410813836679113,1,7.165595968458455
10.406,0.1107549,-0.3173535,9.800091900000002,0.05232846201064767,2,-0.04698370119070046,2.411604049275657,1,7.201764102603118
10.422,0.1107549,-0.3173535,9.800091900000002,0.05163752522843268,2,-0.043183548888436854,2.41243577717357,1,7.240356421214711
10.438,0.1646118,-0.3173535,9.7806681,0.050594357973439585,2,-0.0651979534370683,2.4132536322391847,1,7.278961936490013
10.453,0.1646118,-0.3173535,9.7806681,0.04957164497834832,2,-0.06818086633942338,2.414004877261323,1,7.315166375311264
10.469,0.1497006,-0.3173535,9.7791966,0.04853545595086928,2,-0.06476181421743993,2.4147897340687567,1,7.353796732201905
10.484,0.1392039,-0.3367773,9.7791966,0.04752927549276542,2,-0.06707869720692118,2.415510219554584,1,7.390023981854082
10.5,0.1392039,-0.32333760000000006,9.8255979,0.0474431791140173,2,-0.00538102367175774,2.4162699991914383,1,7.42867822360405
10.516,0.16912439999999998,-0.32333760000000006,9.740250900000001,0.045695662089796585,2,-0.10921981401379445,2.417015109921069,1,7.46734450447695
10.531,0.12272310000000002,-0.29783160000000003,9.740250900000001,0.04395285081833045,2,-0.11618741809773814,2.41768747376788,1,7.503604773854618
10.547,0.12272310000000002,-0.37268190000000007,9.759674700000001,0.042675245051881916,2,-0.0798503604030331,2.418380498534842,1,7.54229331763304
10.563,0.15421320000000002,-0.37268190000000007,9.8046045,0.04231167198616248,2,-0.022723316607464718,2.4190603938711464,1,7.580992844772288
10.578,0.1796211,-0.344331,9.8046045,0.04194339234223676,2,-0.024551976261716475,2.419692306853609,1,7.61728349002772
10.594,0.1631403,-0.39671639999999997,9.7222986,0.04000318793345947,2,-0.12126277554858056,2.420347879495815,1,7.656003811518516
10.609,0.1631403,-0.3083283,9.7701714,0.0389763184466414,2,-0.06845796578786885,2.420940225793666,1,7.6923134723081885
10.625,0.1497006,-0.3083283,9.6938496,0.036469788653125335,2,-0.15665811209475397,2.421543794650464,1,7.731053344471742
10.641,0.1721655,-0.3831786,9.6938496,0.0340720199153548,2,-0.14986054611065822,2.4221081291190116,1,7.769802559861898
10.656,0.1721655,-0.3248091,9.8016615,0.033791963803812664,2,-0.018670407436141786,2.4226171089969055,1,7.806137999147769
10.672,0.0777933,-0.3248091,9.698362200000002,0.03146953044965706,2,-0.14515208463472526,2.423139200950933,1,7.844904049627352
10.688,0.145188,-0.3562992,9.698362200000002,0.029229482529723683,2,-0.1400029949958358,2.4236247930547683,1,7.883678161579398
10.703,0.145188,-0.2814489,9.8375661,0.029713188481014896,2,0.03224706341941683,2.424066863087349,1,7.9200358490004605
10.719,0.17667810000000003,-0.2814489,9.7866522,0.029199765710256287,2,-0.03208892317241305,2.424538166720879,1,7.958824689238926
10.734,0.173637,-0.3951468000000001,9.7866522,0.028772347296147416,2,-0.028494560940590323,2.424972957568427,1,7.995196022671098
10.75,0.2006145,-0.2829204,9.871999200000001,0.029959675118668372,2,0.07420798890755968,2.4254428137477455,1,8.033999348841627
10.766,0.2006145,-0.3262806,9.743193900000001,0.028626266727007632,2,-0.08333802447879617,2.4259115012825108,1,8.07281018336187
10.781,0.1002582,-0.3262806,9.8091171,0.028580466550156558,2,-0.0030533451234048222,2.4263405517820895,1,8.109202073759857
10.797,0.11978010000000001,-0.3248091,9.8091171,0.028538898088797282,2,-0.0025980288349547443,2.4267975066992014,1,8.148027178227707
10.813,0.11978010000000001,-0.3143124,9.7627158,0.02758215120698182,2,-0.05979668011346634,2.4272464750935674,1,8.18685953008205
10.828,0.16765290000000002,-0.3143124,9.821085300000002,0.027801717042784446,2,0.014637722386842942,2.4276618541054407,1,8.223271342551039
10.844,0.0748503,-0.3503151,9.821085300000002,0.028018397696390807,2,0.01354254085039751,2.4281084150233543,1,8.262117504704069
10.859,0.0748503,-0.3936753,9.7895952,0.027646070873162287,2,-0.02482178821523368,2.428525898537626,1,8.298542262055777
10.875,0.1107549,-0.3936753,9.749178,0.0264959120504642,2,-0.07188492641863047,2.4289590344010152,1,8.337402141519286
10.891,0.18266220000000002,-0.29783160000000003,9.749178,0.025322908464024962,2,-0.0733127241524522,2.429373584965131,1,8.376268802474215
10.906,0.18109260000000002,-0.35178660000000006,9.749178,0.0242075523741363,2,-0.07435707265924144,2.429745063421417,1,8.412712192337116
10.922,0.18109260000000002,-0.3622833,9.7851807,0.0238269262482671,2,-0.023789132866824915,2.430129339250396,1,8.45159118755849
10.938,0.1377324,-0.3622833,9.7656588,0.023057442100176573,2,-0.04809275925565788,2.4305044141971837,1,8.49047625758607
10.953,0.1377324,-0.3622833,9.7656588,0.022303045876558514,2,-0.05029308157454132,2.430844617857009,1,8.526936375326475
10.969,0.1721655,-0.4116276,9.7656588,0.021612447155069603,2,-0.04316242009305689,2.431195941801262,1,8.56583269980374
10.984,0.1721655,-0.33226469999999997,9.7806681,0.02117025792798266,2,-0.02947928180579502,2.431516812089385,1,8.602303045457921
11.0,0.1526436,-0.3307932,9.783611100000002,0.020787076229025203,2,-0.023948856184841084,2.431852470762641,1,8.641209999720738
11.016,0.1526436,-0.3173535,9.7627158,0.019993238718601702,2,-0.04961484440146875,2.432178713282222,1,8.680122249193097
11.031,0.08829,-0.3173535,9.7656588,0.019257078822668916,2,-0.049077326395517235,2.4324730906637817,1,8.716607137722693
11.047,0.08829,-0.3173535,9.7656588,0.018535353434499413,2,-0.04510783676059389,2.432775430121839,1,8.755529125888978
11.063,0.0554265,-0.36669779999999996,9.7851807,0.01823941267339535,2,-0.018496297569003933,2.4330696282507023,1,8.794455886355959
11.078,0.0554265,-0.3278502,9.8285409,0.018771970710901087,2,0.035503869167052,2.4333472136260843,1,8.830954012670032
11.094,0.0554265,-0.3278502,9.8285409,0.019294086433944813,2,0.032632232690232826,2.433651742083243,1,8.869890004315707
11.109,0.10477080000000001,-0.41309910000000005,9.8644455,0.020580156220916024,2,0.0857379857980775,2.4339507989031546,1,8.906397023373106
11.125,0.10477080000000001,-0.41309910000000005,9.8644455,0.02184100895324015,2,0.07880329577025773,2.434290168224548,1,8.945342951110128
11.141,0.11978010000000001,-0.3367773,9.774684,0.02126478600593451,2,-0.03601393420660234,2.4346350145842215,1,8.984294352572597
11.156,0.11978010000000001,-0.3367773,9.774684,0.020699861547791798,2,-0.03766163054284608,2.4349497494408743,1,9.020816238302787
11.172,0.19011780000000003,-0.3996594,9.774684,0.02021426617528732,2,-0.030349710781529787,2.4352770624626587,1,9.059778052798016
11.188,0.19011780000000003,-0.3008727,9.707289300000001,0.018348257000015522,2,-0.11662557345448733,2.435585562648061,1,9.098744953798903
11.203,0.23053500000000002,-0.3008727,9.7895952,0.018148617414128765,2,-0.013309305725784887,2.4358592892061672,1,9.135280790187807
11.219,0.1631403,-0.3592422,9.7851807,0.0178784108878407,2,-0.01688790789300397,2.436147505432583,1,9.174256844544917
11.234,0.1661814,-0.3039138,9.7851807,0.017577770022011663,2,-0.02004272438860179,2.436413426789407,1,9.210801051536583
11.25,0.1661814,-0.2754648,9.800091900000002,0.01755873821454479,2,-0.0011894879666796132,2.4366945188552993,1,9.249785915101741
11.266,0.1990449,-0.2754648,9.759674700000001,0.016760063994624375,2,-0.04991713874502586,2.4369690692729726,1,9.288775223806768
11.281,0.1107549,-0.318825,9.759674700000001,0.015975460130899677,2,-0.052306924248311196,2.4372145857039142,1,9.325331601219096
11.297,0.1107549,-0.2784078,9.806076000000001,0.0160914086650088,2,0.007246783381820159,2.4374711206542816,1,9.364329086869962
11.313,0.18109260000000002,-0.2784078,9.7656588,0.015433558312645701,2,-0.04111564702269362,2.437723320390103,1,9.403330642398316
11.328,0.10182780000000001,-0.3547296,9.7656588,0.014814588225442904,2,-0.04126467248018979,2.4379501814891387,1,9.439898193662408
11.344,0.10182780000000001,-0.30685680000000004,9.8584614,0.015994650544545408,2,0.07375389494390643,2.4381966553992984,1,9.478907368357516
11.359,0.11673900000000001,-0.30685680000000004,9.752219100000001,0.015072798123076936,2,-0.06145682809789581,2.4384296612643057,1,9.515482065732495
11.375,0.10477080000000001,-0.36669779999999996,9.8016615,0.015175572918273872,2,0.006423424699808494,2.4386716482326367,1,9.554498876208472
11.391,0.08377740000000002,-0.2829204,9.8016615,0.015217972766203403,2,0.0026499904955956644,2.4389147965981124,1,9.593519567767117
11.406,0.08377740000000002,-0.36669779999999996,9.8046045,0.015371608222372046,2,0.01024236374457586,2.4391442184555268,1,9.63010501038002
11.422,0.1062423,-0.36669779999999996,9.7656588,0.01476343590362994,2,-0.0380107699213816,2.439385298808535,1,9.669133246518133
11.438,0.15421320000000002,-0.3098979,9.7656588,0.01414116873624316,2,-0.038891697961673764,2.439616535645654,1,9.708165261193766
11.453,0.15421320000000002,-0.3098979,9.7806681,0.01382521846696605,2,-0.021063351285142355,2.439826283549678,1,9.744761082337728
11.469,0.142245,-0.3098979,9.6923781,0.011781793190767331,2,-0.12771407976241977,2.4400311396429397,1,9.783799941723268
11.484,0.16166880000000003,-0.32333760000000006,9.6923781,0.009793005038353897,2,-0.13258587682755726,2.4401929506296582,1,9.820401622400315
11.5,0.16166880000000003,-0.3652263,9.8151012,0.010276685435973931,2,0.03023002485125212,2.4403535081534526,1,9.85944599407058
11.516,0.1661814,-0.3652263,9.7417224,0.009314768308628985,2,-0.060119820459059115,2.4405102397834093,1,9.898492904054075
11.531,0.1377324,-0.36826739999999997,9.7582032,0.008688151787778153,2,-0.04177443472338716,2.4406452616841325,1,9.935101570315084
11.547,0.1377324,-0.36826739999999997,9.7582032,0.008073821865375308,2,-0.0383956201501778,2.4407793574733576,1,9.974152967268344
11.563,0.0973152,-0.32932170000000005,9.7941078,0.008138301943214188,2,0.004030004864929989,2.4409090544638263,1,10.013206474563841
11.578,0.0973152,-0.32932170000000005,9.7941078,0.008201517705801464,2,0.004214384172485436,2.441031603111194,1,10.04982102949565
11.594,0.113796,-0.33530580000000004,9.8046045,0.008476636579676011,2,0.01719492961715917,2.4411650283454778,1,10.088878602547304
11.609,0.113796,-0.37572300000000003,9.8165727,0.009009558822423713,2,0.03552814951651213,2.4412961748109936,1,10.125497061570979
11.625,0.13469129999999999,-0.37572300000000003,9.7447635,0.008130360371005452,2,-0.0549499032136413,2.441433294164541,1,10.164558897322783
11.641,0.1406754,-0.31136939999999996,9.7447635,0.0072256047217766906,2,-0.056547228076797525,2.4415561418852834,1,10.203622812811181
11.656,0.1406754,-0.3143124,9.7417224,0.006280848588991361,2,-0.06298374218568624,2.4416574402851143,1,10.24024691467746
11.672,0.2200383,-0.3143124,9.777627,0.006086875374469614,2,-0.012123325907609218,2.441756382076822,1,10.279314225256355
11.688,0.2200383,-0.3143124,9.777627,0.005896705556310167,2,-0.01188561363496542,2.4418522507242684,1,10.318383094318763
11.703,0.1362609,-0.3503151,9.855518400000001,0.007230495608551379,2,0.088919336816088,2.4419507047330047,1,10.35501161648469
11.719,0.13469129999999999,-0.32932170000000005,9.855518400000001,0.00852352673169321,2,0.08081444519636431,2.4420767369117264,1,10.394083836017849
11.734,0.13469129999999999,-0.3248091,9.776155500000002,0.008233132039281443,2,-0.01935964616078368,2.442202411852509,1,10.430715929633582
11.75,0.0868185,-0.3248091,9.7447635,0.007322638967977468,2,-0.056905816956498385,2.442326858020567,1,10.469792163792567
11.766,0.1377324,-0.3278502,9.7447635,0.006443489217767606,2,-0.05494685938811634,2.442436987046053,1,10.5088702745531
11.781,0.11673900000000001,-0.3487455,9.7672284,0.0060305960506230605,2,-0.02752621114296867,2.442530542685566,1,10.54550753102609
11.797,0.11673900000000001,-0.3487455,9.7672284,0.005625798827933792,2,-0.025299826418079242,2.4426237938445943,1,10.584588765718332
11.813,0.16019730000000001,-0.4101561,9.7672284,0.005287748181753926,2,-0.02112816538624161,2.4427111022206716,1,10.623671444886854
11.828,0.16019730000000001,-0.3262806,9.7627158,0.004805956716726456,2,-0.03211943100183393,2.44278680500741,1,10.660312679191062
11.844,0.1002582,-0.32932170000000005,9.7821396,0.004700568674410377,2,-0.006586752644754939,2.442862857210539,1,10.699397876488806
11.859,0.1571562,-0.32932170000000005,9.842078700000002,0.005786381007382602,2,0.07238748886481224,2.4429415093331524,1,10.736041409237885
11.875,0.1466595,-0.2994012,9.842078700000002,0.006829001237093735,2,0.06516376435694576,2.443042432391108,1,10.77512928077168
11.891,0.1466595,-0.4027005000000001,9.7132734,0.00540019709698214,2,-0.08930025875697459,2.443140265977781,1,10.81421874235863
11.906,0.13469129999999999,-0.4027005000000001,9.854046900000002,0.006753681770090836,2,0.0902323115405763,2.4432314200692837,1,10.850866530003984
11.922,0.1392039,-0.30685680000000004,9.854046900000002,0.008014246757692689,2,0.07878531172511576,2.443349563497506,1,10.889959177872518
11.938,0.11673900000000001,-0.3876912,9.7941078,0.00812591671339824,2,0.0069793722315969415,2.4434786848052745,1,10.92905380385894
11.953,0.11673900000000001,-0.3876912,9.7941078,0.008235397062129834,2,0.007298689915440207,2.443601394658591,1,10.965706904454915
11.969,0.11978010000000001,-0.2514303,9.7941078,0.008256330563794378,2,0.0013083438540339987,2.443733328479598,1,11.00480558224002
11.984,0.11978010000000001,-0.3083283,9.759674700000001,0.007633946392129332,2,-0.041492278111001556,2.4438525055567677,1,11.041462475995296
12.0,0.1107549,-0.2889045,9.7895952,0.00759641281727319,2,-0.002345848428508821,2.443974348430443,1,11.080565090827193
12.016,0.0673947,-0.2889045,9.743193900000001,0.00664247303619625,2,-0.0596212363173087,2.4440882595172706,1,11.119669591690775
12.031,0.1107549,-0.30685680000000004,9.743193900000001,0.00572576316920248,2,-0.06111399113291569,2.444181021288811,1,11.156331611296821
12.047,0.1107549,-0.2858634,9.8464932,0.006838998904168392,2,0.06957723343536942,2.4442815393853983,1,11.195439311782215
12.063,0.1781496,-0.2858634,9.821085300000002,0.007451880449902859,2,0.038305096608404164,2.4443958664202308,1,11.23454873102866
12.078,0.20954160000000002,-0.3367773,9.821085300000002,0.008096508802829305,2,0.042975223528433214,2.4445124793396262,1,11.271215543621857
12.094,0.20954160000000002,-0.37866600000000006,9.7821396,0.007995489427269575,2,-0.006313710972483117,2.444641215325467,1,11.310328773179178
12.109,0.16019730000000001,-0.37866600000000006,9.866015100000002,0.009521361846605458,2,0.10172482795572169,2.444772591710021,1,11.346999376731945
12.125,0.0928026,-0.3278502,9.866015100000002,0.010964733924241798,2,0.09021075485227117,2.4449364804761875,1,11.386117049309435
12.141,0.0928026,-0.4056435,9.7956774,0.011058527577565869,2,0.005862103332754382,2.445112666568202,1,11.425237442485791
12.156,0.24701580000000004,-0.315882,9.7567317,0.010375122166871975,2,-0.04556036071292451,2.445273418941285,1,11.461915338127113
12.172,0.1032993,-0.315882,9.7612443,0.00974299438411208,2,-0.03950798642249339,2.445434363873693,1,11.501041000389634
12.188,0.0254079,-0.40417200000000003,9.7612443,0.009177005080173828,2,-0.03537433149614074,2.4455857238694074,1,11.540169161091578
12.203,0.0254079,-0.3771945,9.856989900000002,0.010476931084685503,2,0.08666173363411869,2.445733128390644,1,11.576854052483526
12.219,0.0688662,-0.3771945,9.8016615,0.01067139413323659,2,0.012153940534442843,2.4459023149923875,1,11.61598713603059
12.234,0.17069399999999998,-0.3083283,9.8016615,0.010839239547067336,2,0.011189694255382725,2.44606364474499,1,11.652676880728622
12.25,0.17069399999999998,-0.37425150000000007,9.7552602,0.010139742287543996,2,-0.04371857872020875,2.446231476599667,1,11.691815241699379
12.266,0.1107549,-0.37425150000000007,9.8151012,0.01060944170443534,2,0.029356213555709026,2.4463974700716027,1,11.73095627327275
12.281,0.1721655,-0.39818790000000004,9.8151012,0.01110572259490894,2,0.0330853926982387,2.446560333803848,1,11.767653456801817
12.297,0.1721655,-0.39818790000000004,9.8151012,0.011592272487529698,2,0.03040936828879734,2.4467419177645073,1,11.806799874814363
12.313,0.15421320000000002,-0.29783160000000003,9.788123700000002,0.011465056980995314,2,-0.007950969158398984,2.4469263764002553,1,11.84594922116768
12.328,0.15421320000000002,-0.29783160000000003,9.788123700000002,0.011340335896157683,2,-0.008314738989176085,2.447097416846834,1,11.882654399617032
12.344,0.2290635,-0.37572300000000003,9.7387794,0.010332724854793085,2,-0.0629756900852873,2.4472708013328415,1,11.921809345362469
12.359,0.2290635,-0.37572300000000003,9.7387794,0.009344870892670443,2,-0.06585693080817366,2.4474183833009473,1,11.958519514247223
12.375,0.145188,-0.3083283,9.690808500000001,0.007358412302112427,2,-0.12415366190987587,2.4475520095665058,1,11.997679277390162
12.391,0.145188,-0.3083283,9.690808500000001,0.0054109038799960985,2,-0.12171927638227042,2.4476541640959626,1,12.036840926779462
12.406,0.12272310000000002,-0.2514303,9.874942200000001,0.007072280925205732,2,0.11075846968063802,2.4477477879820015,1,12.073556441420047
12.422,0.12272310000000002,-0.2514303,9.874942200000001,0.008701081949920919,2,0.10180006404469912,2.4478739748850025,1,12.112721415522984
12.438,0.1257642,-0.37572300000000003,9.7536906,0.008000491585095304,2,-0.0437868978016009,2.4480075874732825,1,12.15188846802185
12.453,0.1257642,-0.37572300000000003,9.7536906,0.007313638286246871,2,-0.045790219923232574,2.4481224434473177,1,12.188609443253752
12.469,0.1526436,-0.2934171,9.833053500000002,0.008147698901419531,2,0.052128788448291226,2.448246134144819,1,12.22778039187449
12.484,0.1526436,-0.37268190000000007,9.855518400000001,0.009458130330356695,2,0.0873620952624743,2.448378177864057,1,12.264505074214558
12.5,0.1332198,-0.37268190000000007,9.8165727,0.009974324330544349,2,0.03226212501172829,2.4485336375013445,1,12.303680368737481
12.516,0.10182780000000001,-0.2934171,9.8165727,0.010420337037439609,2,0.027875794180953737,2.4486967947922884,1,12.34285821219583
12.531,0.10182780000000001,-0.3307932,9.860031000000001,0.011732488523557905,2,0.0874767657412164,2.4488629409839957,1,12.379589910214154
12.547,0.145188,-0.3307932,9.8046045,0.011943493099673574,2,0.01318778600722935,2.4490523488369815,1,12.418773232532722
12.563,0.1302768,-0.33981839999999996,9.8046045,0.012152303760229799,2,0.013050666284764022,2.449245115211861,1,12.457959612245112
12.578,0.1302768,-0.33824879999999996,9.862974000000001,0.013499679911072704,2,0.08982507672286756,2.4494375050893957,1,12.494699731897368
12.594,0.11673900000000001,-0.33824879999999996,9.683352900000001,0.01129769124144886,2,-0.13762429185149017,2.449635884058616,1,12.533892319010553
12.609,0.1362609,-0.3487455,9.683352900000001,0.009151171527930657,2,-0.1431013142345414,2.449789250529386,1,12.570638007519964
12.625,0.09878670000000002,-0.2889045,9.874942200000001,0.01075404244376088,2,0.10017943223938888,2.44994849224116,1,12.609835909462129
12.641,0.09878670000000002,-0.34128990000000003,9.7895952,0.010685862633030396,2,-0.004261238170655265,2.4501200114817743,1,12.649036457491913
12.656,0.2290635,-0.34128990000000003,9.830012400000001,0.011453559925806545,2,0.05117981951840794,2.4502860571509655,1,12.68578950300666
12.672,0.11526750000000001,-0.3173535,9.830012400000001,0.012151441207976177,2,0.04361758013560198,2.450474897160036,1,12.724995590641148
12.688,0.11526750000000001,-0.4670541,9.7103304,0.01060878240314267,2,-0.09641617530209415,2.450656978948925,1,12.76420464565002
12.703,0.1497006,-0.4670541,9.8136297,0.011128496757638828,2,0.03464762363308006,2.450820008542631,1,12.800965723056203
12.719,0.1497006,-0.2798793,9.8136297,0.011498475394706276,2,0.02312366481671544,2.4510010243198495,1,12.840180291319102
12.734,0.1497006,-0.3547296,9.8196138,0.012025867732011974,2,0.03515948915371192,2.4511774568933,1,12.876946629928202
12.75,0.1511721,-0.3547296,9.8076456,0.012308871082769457,2,0.01768770942234264,2.4513721348038184,1,12.91616702666178
12.766,0.10477080000000001,-0.33981839999999996,9.8076456,0.012564117038010636,2,0.015952872202573673,2.4515711187087845,1,12.95539057268988
12.781,0.1257642,-0.31136939999999996,9.7417224,0.011508836316957982,2,-0.07035204807017426,2.451751665858947,1,12.99216549357414
12.797,0.1257642,-0.36669779999999996,9.740250900000001,0.010483147028045536,2,-0.06410558055702781,2.451927601725707,1,13.031394927714818
12.813,0.113796,-0.36669779999999996,9.834525,0.011321776732996724,2,0.05241435655944921,2.452102041115795,1,13.07062716485755
12.828,0.1257642,-0.3278502,9.834525,0.012119940144099672,2,0.053210894073534146,2.4522778539923733,1,13.107410014070858
12.844,0.1257642,-0.3202965,9.7986204,0.012193996026240939,2,0.0046284926338291356,2.452472365481736,1,13.146648015826651
12.859,0.1915893,-0.3202965,9.7672284,0.011672404991251994,2,-0.03477273566592829,2.4526513634893674,1,13.183436443793935
12.875,0.13469129999999999,-0.34580249999999996,9.7672284,0.011159461267899573,2,-0.03205898270952631,2.452834018419441,1,13.222680326849206
12.891,0.13469129999999999,-0.40417200000000003,9.743193900000001,0.010229662695067532,2,-0.05811241080200253,2.4530051314111447,1,13.261927040047851
12.906,0.1332198,-0.40417200000000003,9.803133,0.010491862996092394,2,0.017480020068323464,2.4531605428538286,1,13.29872328260484
12.922,0.1406754,-0.2694807,9.803133,0.010660284917644702,2,0.01052637009701928,2.4533297600371387,1,13.337975205027968
12.938,0.1406754,-0.2694807,9.803133,0.010825404448580045,2,0.010319970683458904,2.4535016455520684,1,13.377229856272681
12.953,0.10182780000000001,-0.3831786,9.660888,0.008265229014922326,2,-0.17067836224386165,2.4536448253030447,1,13.414033454804091
12.969,0.1257642,-0.33824879999999996,9.8375661,0.009189814476220803,2,0.057786591331154775,2.453784465650974,1,13.453292889131724
12.984,0.10477080000000001,-0.2889045,9.8375661,0.010060627726026894,2,0.05805421665373717,2.453928843967491,1,13.490100738953863
13.0,0.10477080000000001,-0.3427614,9.7686999,0.00959883389111127,2,-0.028862114682226523,2.454086119660428,1,13.529364858662888
13.016,0.1062423,-0.3427614,9.746235,0.00870621560491358,2,-0.05578864288735547,2.454232560056396,1,13.568631408100622
13.031,0.1915893,-0.3278502,9.746235,0.007846599182165903,2,-0.057307761516509674,2.454356706167299,1,13.6054458275973
13.047,0.1915893,-0.3278502,9.746235,0.007003837983393879,2,-0.052672574923251454,2.4544755096646234,1,13.644716485323956
13.063,0.17667810000000003,-0.37268190000000007,9.8120601,0.0074931899310399785,2,0.03058449672788119,2.454591485887939,1,13.683989021288376
13.078,0.17667810000000003,-0.37268190000000007,9.8120601,0.00797294674245741,2,0.03198378742783132,2.4547074819129904,1,13.72080876354688
13.094,0.21258269999999999,-0.36826739999999997,9.7222986,0.006695619469773817,2,-0.07983295454272447,2.4548248304426883,1,13.760085022045725
13.109,0.21258269999999999,-0.36826739999999997,9.7222986,0.005443337829888151,2,-0.08348544265904125,2.454915872622436,1,13.796908077318715
13.125,0.21258269999999999,-0.3278502,9.8105886,0.005917056976629809,2,0.029607446671353593,2.455006755780888,1,13.836187458345941
13.141,0.1466595,-0.3278502,9.7956774,0.006065658064617452,2,0.009287567999227688,2.4551026175012183,1,13.875468333332199
13.156,0.145188,-0.36973890000000004,9.7956774,0.006240139777851539,2,0.01163211421560536,2.455194910985037,1,13.912295564795848
13.172,0.1437165,-0.36669779999999996,9.788123700000002,0.006260543410844477,2,0.0012752270620586248,2.4552949164505464,1,13.951579483415333
13.188,0.1437165,-0.36669779999999996,9.788123700000002,0.0062805469726026075,2,0.001250222609883166,2.455395245173614,1,13.990865004708327
13.203,0.1062423,-0.29783160000000003,9.788123700000002,0.0062449754291389326,2,-0.002371436230911856,2.455489186591627,1,14.027696637946564
13.219,0.1062423,-0.2918475,9.7656588,0.005766302640028087,2,-0.02991704931942782,2.4555852768161803,1,14.066985233653826
13.234,0.052385400000000006,-0.2918475,9.8046045,0.00605173388325575,2,0.019028749548510138,2.4556739120901048,1,14.103819677570625
13.25,0.16765290000000002,-0.2694807,9.7582032,0.005435018560152827,2,-0.038544707693932666,2.455765806109652,1,14.143111195316223
13.266,0.1392039,-0.3427614,9.7582032,0.004866678130426294,2,-0.035521276857908256,2.4558482196831766,1,14.182404107522565
13.281,0.1392039,-0.3098979,9.8151012,0.005402922206075189,2,0.03574960504325832,2.4559252416857005,1,14.219242408482833
13.297,0.1646118,-0.3098979,9.8225568,0.006082452418720408,2,0.04247063829032612,2.456017124682699,1,14.25853794741378
13.313,0.18109260000000002,-0.38621970000000005,9.8225568,0.006807326977257944,2,0.04530465990859596,2.4561202429178666,1,14.297835046354585
13.328,0.18109260000000002,-0.2963601,9.749178,0.0060189215871542245,2,-0.052560359340252175,2.4562164397820996,1,14.334677571474831
13.344,0.10928340000000002,-0.2963601,9.7941078,0.006105535079777624,2,0.005413343288962475,2.456313435435435,1,14.373977810476571
13.359,0.1781496,-0.37572300000000003,9.7941078,0.006263604462992234,2,0.010537958880973575,2.456406203982006,1,14.410823207772204
13.375,0.1781496,-0.3307932,9.7672284,0.005860166361243202,2,-0.02521488135931447,2.4565031941485995,1,14.450126482957248
13.391,0.1437165,-0.3307932,9.895935600000001,0.007975496360275613,2,0.1322081249395256,2.4566138794503716,1,14.48943141954604
13.406,0.1332198,-0.3262806,9.7417224,0.0070216934576698975,2,-0.06358686017371198,2.456726358374006,1,14.526281471329725
13.422,0.17667810000000003,-0.35178660000000006,9.7417224,0.006117528660151805,2,-0.056510299844880714,2.4568314721509488,1,14.565589933973925
13.438,0.17667810000000003,-0.3143124,9.8240283,0.006818736652398627,2,0.04382549951542632,2.4569349622734493,1,14.60490006544932
13.453,0.17667810000000003,-0.3143124,9.7447635,0.005953037957988627,2,-0.057713246294004636,2.4570307505830273,1,14.64175480829574
13.469,0.17667810000000003,-0.3936753,9.7447635,0.005160795809262098,2,-0.04951513429540806,2.457119661253165,1,14.68106801159043
13.484,0.17667810000000003,-0.2724237,9.774684,0.004889246311783779,2,-0.018103299831887205,2.457195036569073,1,14.717925371824098
13.5,0.11821050000000001,-0.2724237,9.771642900000002,0.004546135165082177,2,-0.02144444666885013,2.457270519620888,1,14.757241096273617
13.516,0.15421320000000002,-0.3771945,9.771642900000002,0.004287825967118408,2,-0.016144324872735524,2.4573411913099457,1,14.796557989961064
13.531,0.15421320000000002,-0.3262806,9.7447635,0.0034719875332829275,2,-0.05438922892236332,2.4573993899111986,1,14.833418544320224
13.547,0.16166880000000003,-0.3262806,9.7851807,0.003466457367016673,2,-0.00034563539164089686,2.457454897470401,1,14.872737378619277
13.563,0.1257642,-0.38621970000000005,9.8076456,0.003933569039608287,2,0.029194479536975824,2.457514097681654,1,14.912057130580493
13.578,0.1302768,-0.3262806,9.8076456,0.004350017320460253,2,0.027763218723466668,2.4575762245793547,1,14.948920307997447
13.594,0.1302768,-0.3262806,9.8076456,0.004758299948745659,2,0.025517664267837834,2.457649091117508,1,14.988242110523021
13.609,0.21709530000000002,-0.36669779999999996,9.7672284,0.004424931469424465,2,-0.022224565288078785,2.4577179653531442,1,15.025107363446553
13.625,0.21709530000000002,-0.36669779999999996,9.7672284,0.004098099626952845,2,-0.020426990154476226,2.4577861496019153,1,15.064431396366194
13.641,0.1032993,-0.36669779999999996,9.836094600000001,0.0050904097707906715,2,0.06201938398986412,2.4578596576770972,1,15.103756562824426
13.656,0.1332198,-0.36669779999999996,9.728282700000001,0.003958031609467838,2,-0.07549187742151937,2.4579275209874494,1,15.140624966664411
13.672,0.1332198,-0.36669779999999996,9.728282700000001,0.0028478569415035793,2,-0.06938591674776612,2.457981968095857,1,15.179952242577079
13.688,0.1571562,-0.35178660000000006,9.728282700000001,0.0017556612469160626,2,-0.06826223091171973,2.4580187962413644,1,15.219280248691776
13.703,0.1571562,-0.37572300000000003,9.833053500000002,0.0027549666476183177,2,0.06662036004682237,2.4580526259505735,1,15.256150784358212
13.719,0.15421320000000002,-0.37572300000000003,9.7806681,0.002707479977035021,2,-0.002967916911456034,2.4580963255235706,1,15.295479975970006
13.734,0.19610190000000002,-0.4176117,9.7732125,0.0025628712338061632,2,-0.009640582881923493,2.458135853157652,1,15.332351717310116
13.75,0.19610190000000002,-0.3053853,9.717786,0.0012537356763946406,2,-0.0818209723382201,2.4581663860129335,1,15.37168213522348
13.766,0.1482291,-0.3053853,9.7536906,0.0006572343163444572,2,-0.03728133500313643,2.4581816737728754,1,15.411012919701767
13.781,0.1482291,-0.3053853,9.7536906,7.242906139381944e-05,2,-0.0389870169967077,2.4581871462482083,1,15.447885685851926
13.797,0.1856052,-0.35178660000000006,9.7536906,-0.0004577480727654404,2,-0.03313607088495371,2.4581840636961174,1,15.48721665553148
13.813,0.1856052,-0.2769363,9.783611100000002,-0.00043846346867404407,2,0.0012052877557122688,2.458176894003786,1,15.526547543193079
13.828,0.1002582,-0.2769363,9.777627,-0.0005612747302858878,2,-0.008187417440790242,2.458169395967294,1,15.563420140367858
13.844,0.20355750000000003,-0.34580249999999996,9.777627,-0.0006072567939963136,2,-0.0028738789819016093,2.4581600477150998,1,15.602750775917318
13.859,0.10182780000000001,-0.3173535,9.7851807,-0.0005543429661400978,2,0.0035275885237475856,2.4581513357168987,1,15.63962311129306
13.875,0.10182780000000001,-0.3173535,9.7851807,-0.0005024666643205222,2,0.003242268863723471,2.458142881239855,1,15.678953465028714
13.891,0.12272310000000002,-0.3173535,9.8225568,0.0002855144425417677,2,0.04924881917889308,2.4581411456220805,1,15.71828373724361
13.906,0.1302768,-0.344331,9.8225568,0.0010777562953681041,2,0.05281612352175376,2.4581513701526148,1,15.755155931111922
13.922,0.1302768,-0.3562992,9.719257500000001,-0.00016112414334834568,2,-0.07743002741977804,2.458158703209831,1,15.794486411698822
13.938,0.2274939,-0.3562992,9.8255979,0.0007424993909737054,2,0.056476470895128146,2.4581633542118118,1,15.833816988158194
13.953,0.09878670000000002,-0.37425150000000007,9.8255979,0.0015996134143758667,2,0.057140934893482015,2.4581809200578517,1,15.870689570215214
13.969,0.09878670000000002,-0.2889045,9.777627,0.0014433334311743096,2,-0.009767498950097311,2.458205263632616,1,15.910020659684738
13.984,0.15421320000000002,-0.2889045,9.8105886,0.0019501158922086148,2,0.03378549740228574,2.4582307145025415,1,15.946893929520753
14.0,0.1272357,-0.3503151,9.8105886,0.0024785817859562798,2,0.03302911835922903,2.4582661440839666,1,15.986225904389444
14.016,0.1272357,-0.29783160000000003,9.854046900000002,0.0038143748423564716,2,0.08348706602501192,2.458316487736993,1,16.025558565444012
14.031,0.1511721,-0.36826739999999997,9.7208271,0.0025672536596861306,2,-0.08314141217801958,2.458364349950758,1,16.062433671726673
14.047,0.18864630000000002,-0.36826739999999997,9.7926363,0.0027641769596407073,2,0.012307706247161033,2.4584070013957127,1,16.101767842537445
14.063,0.10182780000000001,-0.3592422,9.7926363,0.002925443681865758,2,0.010079170139065665,2.4584525183608448,1,16.141102718695496
14.078,0.10182780000000001,-0.34580249999999996,9.743193900000001,0.0021052691500589304,2,-0.05467830212045958,2.458490248707084,1,16.177979789448504
14.094,0.1377324,-0.34580249999999996,9.7342668,0.0011349118187240492,2,-0.06064733320843002,2.458516170154834,1,16.217315840799397
14.109,0.058369500000000005,-0.2948886,9.7342668,0.0001350823041974536,2,-0.06665530096843718,2.458525695110756,1,16.254193654788892
14.125,0.058369500000000005,-0.3278502,9.7612443,-0.0002958181448953212,2,-0.0269312780682984,2.4585244092240304,1,16.29353005562357
14.141,0.11526750000000001,-0.3278502,9.7926363,-9.321186844069018e-05,2,0.012662892278414429,2.458521296983924,1,16.332866421273234
14.156,0.10928340000000002,-0.3562992,9.7926363,0.0001235499810192664,2,0.014450789963996558,2.4585215245197682,1,16.369744242434514
14.172,0.10928340000000002,-0.3847482,9.783611100000002,0.00018033437794962026,2,0.0035490248081471135,2.45852395559464,1,16.40908060627543
14.188,0.17069399999999998,-0.37268190000000007,9.7971489,0.0005092840707252577,2,0.020559355798477324,2.4585294725422293,1,16.448417033700526
14.203,0.08083440000000001,-0.37268190000000007,9.8016615,0.0008975997763052135,2,0.02588771370533247,2.458540024171082,1,16.485295054925874
14.219,0.11526750000000001,-0.42506730000000004,9.8016615,0.0013268126242529377,2,0.026825802996732737,2.4585578194702866,1,16.524631837675006
14.234,0.11526750000000001,-0.3173535,9.7926363,0.0014908264427262452,2,0.010934254564886755,2.4585789517632888,1,16.56151036345926
14.25,0.1796211,-0.3173535,9.704346300000001,-5.935542775148406e-05,2,-0.096886366904858,2.458590403531409,1,16.600847718301615
14.266,0.1796211,-0.3173535,9.704346300000001,-0.0015791415752790527,2,-0.09498663422047296,2.4585772955553846,1,16.64018505989431
14.281,0.19610190000000002,-0.3951468000000001,9.7941078,-0.0012486993934057722,2,0.0220294787915512,2.4585560867481195,1,16.677063560261587
14.297,0.1377324,-0.3951468000000001,9.7387794,-0.002028099079771195,2,-0.04871248039783889,2.458529872360334,1,16.716400247934455
14.313,0.16765290000000002,-0.3218661,9.7387794,-0.002835877389712138,2,-0.0504861443713089,2.4584909605485783,1,16.755736414597727
14.328,0.16765290000000002,-0.35777070000000005,9.783611100000002,-0.0027249365076862375,2,0.0073960588017273005,2.4584492544443477,1,16.79261346621017
14.344,0.08083440000000001,-0.3098979,9.7327953,-0.0036656343537497804,2,-0.058793615378971376,2.458398129877456,1,16.831948245284746
14.359,0.1302768,-0.3098979,9.8046045,-0.0031701884564903082,2,0.03302972648396356,2.4583468612063792,1,16.868823832717876
14.375,0.1302768,-0.3098979,9.8046045,-0.002684457184667366,2,0.030358204488933865,2.45830002404125,1,16.908157007799858
14.391,0.13469129999999999,-0.32932170000000005,9.7013052,-0.004218803616009126,2,-0.09589665195885991,2.4582447979548445,1,16.947489366375827
14.406,0.13469129999999999,-0.32932170000000005,9.7013052,-0.005723064823207835,2,-0.10028408047991015,2.4581702339415505,1,16.984362479115052
14.422,0.1511721,-0.32932170000000005,9.843550200000001,-0.004405870772325571,2,0.08232462818014145,2.458089202456786,1,17.02369255460624
14.438,0.1362609,-0.3248091,9.843550200000001,-0.0031217079740635256,2,0.08026017489137775,2.458028981826815,1,17.063021500080506
14.453,0.1362609,-0.318825,9.8495343,-0.0017492958699261152,2,0.09149414027583473,2.457992449297985,1,17.099891660813938
14.469,0.1571562,-0.318825,9.7926363,-0.0015126120961035383,2,0.014792735863911041,2.457966354034257,1,17.139219331240596
14.484,0.0793629,-0.3039138,9.7926363,-0.0013082702254063605,2,0.013622791379811337,2.4579451974168456,1,17.17608866787648
14.5,0.0793629,-0.35777070000000005,9.7536906,-0.0018353842434830625,2,-0.03294462612979385,2.4579200481810943,1,17.215415589841264
14.516,0.18109260000000002,-0.2858634,9.8165727,-0.0011397918258957418,2,0.0434745260992075,2.457896246772539,1,17.254742120200895
14.531,0.09133110000000001,-0.2858634,9.728282700000001,-0.0022126079296054257,2,-0.07152107358064289,2.457871103774373,1,17.29161037533
14.547,0.1406754,-0.3996594,9.728282700000001,-0.0031742990520395864,2,-0.060105695152134986,2.45782800851852,1,17.330935968228342
14.563,0.1406754,-0.34580249999999996,9.800091900000002,-0.002750564367918429,2,0.026483417757572323,2.4577806096111603,1,17.37026083717338
14.578,0.1272357,-0.34580249999999996,9.776155500000002,-0.0028077466599985,2,-0.003812152805338394,2.457738922278451,1,17.40712723366255
14.594,0.2769363,-0.4161402,9.776155500000002,-0.0027495008262281573,2,0.0036403646106464263,2.457694464298561,1,17.446450700755165
14.609,0.2769363,-0.3083283,9.777627,-0.0027418119330580026,2,0.0005125928780102901,2.4576532794528663,1,17.4833158088333
14.625,0.10928340000000002,-0.3083283,9.759674700000001,-0.00315096019261496,2,-0.02557176622230981,2.457606137275861,1,17.52263788416713
14.641,0.1437165,-0.3592422,9.759674700000001,-0.0035092210334770613,2,-0.02239130255388131,2.4575528558260524,1,17.561959156111943
14.656,0.1586277,-0.3338343,9.771642900000002,-0.003639105279336974,2,-0.008658949723993841,2.4574992433787064,1,17.59882204685598
14.672,0.1586277,-0.3143124,9.845021700000002,-0.002341255017910271,2,0.08111564133916886,2.4574514004963284,1,17.63814165200698
14.688,0.17510850000000003,-0.3143124,9.7567317,-0.0027933901802636996,2,-0.028258447647089267,2.457410323334743,1,17.67746054579763
14.703,0.0928026,-0.3173535,9.7567317,-0.0032568743403249556,2,-0.030898944004086226,2.4573649463508382,1,17.71432136032027
14.719,0.0928026,-0.347274,9.7791966,-0.0032511106373860343,2,0.00036023143368257816,2.4573128824710166,1,17.753638782950844
14.734,0.1466595,-0.347274,9.803133,-0.0027635461171051645,2,0.03250430135205676,2.4572677725453578,1,17.79049813786347
14.75,0.16765290000000002,-0.32932170000000005,9.803133,-0.002291086076924742,2,0.029528752511276374,2.4572273354878056,1,17.829814098727734
14.766,0.16765290000000002,-0.2918475,9.800091900000002,-0.0019107488215919233,2,0.023771078458301155,2.4571937208086174,1,17.869129467178105
14.781,0.11978010000000001,-0.2918475,9.759674700000001,-0.002343709272437877,2,-0.028864030056395835,2.457161812372912,1,17.90598713367697
14.797,0.1990449,-0.3831786,9.759674700000001,-0.0026809292115288486,2,-0.021076246193185693,2.4571216152650406,1,17.945301401098074
14.813,0.1302768,-0.2679111,9.8464932,-0.0014080674068992494,2,0.07955386278934988,2.4570889032920933,1,17.98461508524653
14.828,0.1302768,-0.33226469999999997,9.728282700000001,-0.0024380420506151523,2,-0.06866497624773239,2.457060057471162,1,18.021471202452254
14.844,0.1497006,-0.33226469999999997,9.818044200000001,-0.0016835373389376684,2,0.0471565444798427,2.4570270848360454,1,18.06078389959071
14.859,0.1526436,-0.3039138,9.818044200000001,-0.0009609375843133705,2,0.04817331697495137,2.457007251274121,1,18.097639157111537
14.875,0.1526436,-0.3143124,9.7806681,-0.0009784902212626179,2,-0.001097039809327959,2.4569917358516764,1,18.136951149008542
14.891,0.21101310000000004,-0.3143124,9.827069400000001,-6.528466606425809e-05,2,0.05707534719989744,2.456983385652578,1,18.176262949980575
14.906,0.142245,-0.3307932,9.827069400000001,0.0008163956655895532,2,0.058778688776918525,2.4569890189850745,1,18.21311774301536
14.922,0.142245,-0.287433,9.711801900000001,-0.0006048692333564532,2,-0.08882905618412532,2.4569907111965326,1,18.252429580856813
14.938,0.1406754,-0.287433,9.830012400000001,0.00031789653022151754,2,0.05767286022362312,2.4569884154149073,1,18.291741413869705
14.953,0.1332198,-0.318825,9.830012400000001,0.0012395036364267753,2,0.061440473747022134,2.457000095916157,1,18.328596327704684
14.969,0.1107549,-0.33530580000000004,9.731225700000001,0.000212589494685389,2,-0.06418213385883659,2.457011712661206,1,18.367908422173304
14.984,0.1107549,-0.2738952,9.8225568,0.0009581299160092982,2,0.0497026947549254,2.4570204930567865,1,18.404763663716192
15.0,0.1107549,-0.2738952,9.8225568,0.0016890518976993008,2,0.04568262385562512,2.457041670511296,1,18.444076161024736
15.016,0.1317483,-0.3202965,9.834525,0.0026727498820591222,2,0.06148112402248879,2.457076564925534,1,18.48338910690823
15.031,0.1317483,-0.3202965,9.834525,0.003637159670647705,2,0.06429398590590307,2.4571238892471796,1,18.52024561031453
15.047,0.1392039,-0.2798793,9.695321100000001,0.0018324130416207396,2,-0.11279666431418524,2.4571676458288776,1,18.559559942595136
15.063,0.1392039,-0.2798793,9.695321100000001,6.305360139791105e-05,2,-0.11058496501392669,2.457182809562022,1,18.598874746238263
15.078,0.13469129999999999,-0.3143124,9.695321100000001,-0.0016521843883943177,2,-0.11434919931949113,2.457170891081119,1,18.635732398993085
15.094,0.13469129999999999,-0.40417200000000003,9.771642900000002,-0.0017734816345775783,2,-0.007581077886453784,2.4571434857529355,1,18.67504691400776
15.109,0.19610190000000002,-0.3202965,9.7986204,-0.0014043694353365055,2,0.024607479949403925,2.457119651869911,1,18.711903887539933
15.125,0.19610190000000002,-0.3202965,9.7986204,-0.001042494730198129,2,0.022617169071148503,2.4571000769565865,1,18.751217645370545
15.141,0.142245,-0.33981839999999996,9.855518400000001,0.00042181370714899913,2,0.09151927733419543,2.4570951115084023,1,18.790531206878264
15.156,0.142245,-0.33981839999999996,9.855518400000001,0.0018574102143507076,2,0.09570643381344361,2.4571122056878134,1,18.827387761757237
15.172,0.19011780000000003,-0.33981839999999996,9.7911648,0.002019828787075184,2,0.01015116079527977,2.4571432235998247,1,18.86670180519154
15.188,0.1377324,-0.37866600000000006,9.7911648,0.0021898047096140516,2,0.01062349515867921,2.457176900667798,1,18.906016366185682
15.203,0.1377324,-0.2604555,9.731225700000001,0.0011061061164721053,2,-0.07224657287613558,2.457201619998994,1,18.94287420509068
15.219,0.08083440000000001,-0.2604555,9.788123700000002,0.0011463446944510736,2,0.0025149111236855127,2.4572196396054813,1,18.982189575167514
15.234,0.173637,-0.4311495000000001,9.788123700000002,0.0013275839648532184,2,0.012082618026809197,2.457238194070426,1,19.019048008920084
15.25,0.173637,-0.2634966,9.883967400000001,0.0032670398762686403,2,0.12121599446346376,2.457274951061155,1,19.058364114081137
15.266,0.1317483,-0.2634966,9.6594165,0.0007548257146314796,2,-0.1570133851023224,2.4573071259858823,1,19.09768077069751
15.281,0.11821050000000001,-0.41908320000000004,9.6594165,-0.0016038520244574528,2,-0.15724518260592288,2.4573007582885587,1,19.134540329829573
15.297,0.1122264,-0.21101310000000004,9.855518400000001,-0.0002066752644811487,2,0.08732354749851892,2.4572862740702472,1,19.173857026088445
15.313,0.1122264,-0.38023560000000006,9.836094600000001,0.0008820293559530512,2,0.06804403877713744,2.457291676902979,1,19.21317364969623
15.328,0.1526436,-0.38023560000000006,9.7013052,-0.0006805594369954093,2,-0.10417258619657242,2.4572931879273714,1,19.250033036182455
15.344,0.1122264,-0.3053853,9.7013052,-0.002275144008482499,2,-0.09966153571794303,2.4572695422998074,1,19.289349538024272
15.359,0.1122264,-0.37866600000000006,9.746235,-0.00290758873618735,2,-0.04216298184698844,2.4572306718042225,1,19.326208289630053
15.375,0.19610190000000002,-0.37866600000000006,9.7971489,-0.002504278907609958,2,0.025206864286086962,2.457187376863072,1,19.36552363401939
15.391,0.16912439999999998,-0.29783160000000003,9.7971489,-0.002173408638531882,2,0.02067939181737975,2.457149955362703,1,19.404838332677194
15.406,0.16912439999999998,-0.36375480000000004,9.6848244,-0.004005989475183824,2,-0.12217205577679154,2.45710360987685,1,19.441695234416493
15.422,0.11978010000000001,-0.36375480000000004,9.743193900000001,-0.004673445044431901,2,-0.04171597307800475,2.457034174400693,1,19.481008336690714
15.438,0.1332198,-0.3622833,9.8495343,-0.0032419795655407313,2,0.08946659243069802,2.4569708510038133,1,19.52032037689395
15.453,0.0973152,-0.3876912,9.8495343,-0.001827862465635377,2,0.0942744733270312,2.4569328271885795,1,19.557174654480388
15.469,0.0973152,-0.36071369999999997,9.7507476,-0.002397142300919697,2,-0.03557998970526995,2.456899027150447,1,19.5964853093151
15.484,0.0718092,-0.36071369999999997,9.752219100000001,-0.002930761425298911,2,-0.03557460829194627,2.4568590678725006,1,19.633338495027772
15.5,0.1511721,-0.34580249999999996,9.752219100000001,-0.0034467232738961684,2,-0.03224761553732855,2.4568080479949073,1,19.672647831954713
15.516,0.1511721,-0.38023560000000006,9.8165727,-0.00266672308696414,2,0.04875001168325173,2.4567591404240203,1,19.711956369462065
15.531,0.16166880000000003,-0.38023560000000006,9.8285409,-0.0016642770787846928,2,0.06682973387862728,2.4567266579227773,1,19.748807512949668
15.547,0.16166880000000003,-0.38023560000000006,9.8285409,-0.0006814868746864988,2,0.06142438775613707,2.4567078918111496,1,19.78811498934754
15.563,0.1212516,-0.3173535,9.7132734,-0.002031870555061488,2,-0.08439898002343675,2.4566861849517116,1,19.827422141961645
15.578,0.1437165,-0.3173535,9.788123700000002,-0.0018830547866368619,2,0.009921051228309203,2.456656823011649,1,19.864272214521367
15.594,0.1586277,-0.3367773,9.8644455,-0.00022449376237609897,2,0.10366006401629758,2.4566399626232567,1,19.903578588806447
15.609,0.09878670000000002,-0.3367773,9.8644455,0.0013862473195107583,2,0.10738273879245308,2.456648675774935,1,19.940428253594433
15.625,0.09878670000000002,-0.2559429,9.7103304,-0.00010286688741345529,2,-0.09306963793276327,2.456658942818392,1,19.97973471454318
15.641,0.1392039,-0.2559429,9.806076000000001,0.00032345319858251287,2,0.026645005374747985,2.456660707508881,1,20.0190412717458
15.656,0.1392039,-0.2559429,9.806076000000001,0.0007414140672050706,2,0.02786405790816946,2.4566686940133744,1,20.055891242257218
15.672,0.11526750000000001,-0.3218661,9.806076000000001,0.001183155714036488,2,0.027608852926963554,2.4566840905716245,1,20.095198064533896
15.688,0.11526750000000001,-0.3098979,9.8704296,0.002869804068680537,2,0.10541552216525298,2.4567165142498864,1,20.134505269372468
15.703,0.1586277,-0.2709522,9.6623595,0.00043501448202754034,2,-0.16231930577687953,2.456741300389017,1,20.171356202982256
15.719,0.1586277,-0.3427614,9.788123700000002,0.0005567600810234552,2,0.007609099937244672,2.456749234585521,1,20.210664127262053
15.734,0.1856052,-0.3427614,9.854046900000002,0.0019770077893319637,2,0.09468318055389698,2.456768237844549,1,20.24751550830528
15.75,0.1990449,-0.3652263,9.764187300000001,0.0016299862635502649,2,-0.02168884536135616,2.456797093796972,1,20.286824030958414
15.766,0.1990449,-0.3652263,9.764187300000001,0.001289769081409986,2,-0.02126357388376741,2.4568204518397314,1,20.326132971323506
15.781,0.11978010000000001,-0.33226469999999997,9.764187300000001,0.0009078021990323037,2,-0.025464458825177855,2.4568369336243348,1,20.36298540171449
15.797,0.11978010000000001,-0.2994012,9.7821396,0.0008643085473920564,2,-0.002718353227515455,2.456851110510306,1,20.402294906067567
15.813,0.2140542,-0.2994012,9.842078700000002,0.0020276405463288683,2,0.07270824993355067,2.4568742461030557,1,20.441604708920472
15.828,0.15568469999999998,-0.2934171,9.800091900000002,0.0023203463134429114,2,0.01951371780760445,2.456906856004504,1,20.478458067186278
15.844,0.15568469999999998,-0.2934171,9.800091900000002,0.0026073127517900474,2,0.01793540239669598,2.456946277277026,1,20.51776889225253
15.859,0.029920500000000003,-0.290376,9.6684417,0.0002833210077106685,2,-0.1549327829386194,2.4569679570302223,1,20.554623249009836
15.875,0.029920500000000003,-0.290376,9.6684417,-0.0019951022707989097,2,-0.1424014549068485,2.4569542627801177,1,20.59393462676832
15.891,0.142245,-0.3202965,9.7387794,-0.002812462787339598,2,-0.05108503228379297,2.4569158022596524,1,20.633245587288638
15.906,0.142245,-0.3202965,9.7387794,-0.003613796627085719,2,-0.05342225598307272,2.456867605314044,1,20.67009896284544
15.922,0.145188,-0.3487455,9.6967926,-0.005202068826607231,2,-0.09926701247009442,2.4567970783904145,1,20.709408280315074
15.938,0.0928026,-0.3367773,9.6967926,-0.006780083823750616,2,-0.09862593732146144,2.4567012211692116,1,20.74871626671155
15.953,0.0928026,-0.36669779999999996,9.6848244,-0.00854038349435271,2,-0.11735331137348243,2.4565863176643257,1,20.7855659232528
15.969,0.2634966,-0.36669779999999996,9.575541,-0.012345118297668378,2,-0.23779592520722903,2.4564192336499895,1,20.824869967663314
15.984,0.19011780000000003,-0.2769363,9.575541,-0.01616840109351969,2,-0.25488551972341117,2.4562053822545558,1,20.8617146522826
16.0,0.19011780000000003,-0.318825,9.6399927,-0.018628367501156262,2,-0.15374790047728557,2.4559270081057982,1,20.901011711405484
16.016,0.1437165,-0.318825,9.5666139,-0.02249368891019543,2,-0.24158258806497465,2.4555980316545076,1,20.94030391172356
16.031,0.13469129999999999,-0.4027005000000001,9.5666139,-0.026223824277513685,2,-0.24867569115454088,2.4552326503055997,1,20.977135141838264
16.047,0.13469129999999999,-0.3173535,9.60399,-0.02921135606887404,2,-0.18672073696000122,2.4547891688628285,1,21.016415316391615
16.063,0.1272357,-0.3173535,9.4947066,-0.034283740546426245,2,-0.31702402984704775,2.454281208089906,1,21.055687879407234
16.078,0.0928026,-0.36375480000000004,9.596534400000001,-0.03723679277705827,2,-0.1968701487087942,2.45374480408998,1,21.092498074498586
16.094,0.15568469999999998,-0.2829204,9.596534400000001,-0.04016935731465665,2,-0.1832852835998783,2.453125554889246,1,21.131753037370423
16.109,0.15568469999999998,-0.3876912,9.5231556,-0.044410123966125425,2,-0.28271777676457427,2.45249120877964,1,21.168545163097942
16.125,0.16765290000000002,-0.3876912,9.4962762,-0.049090286281044726,2,-0.2925101446824885,2.451743205497663,1,21.207779038412156
16.141,0.1437165,-0.2784078,9.4962762,-0.05376146359009226,2,-0.29194858181550315,2.450920391498694,1,21.247000347188123
16.156,0.1437165,-0.3652263,9.4812669,-0.05857744840459134,2,-0.3210656542999261,2.450077849658734,1,21.283757833996805
16.172,0.1646118,-0.3652263,9.5635728,-0.06167993122157789,2,-0.19390517606163776,2.4491157906217245,1,21.322951383119054
16.188,0.0868185,-0.3008727,9.5635728,-0.06478553018423483,2,-0.1940999351660802,2.448104066930478,1,21.36212914197947
16.203,0.0868185,-0.33530580000000004,9.4647861,-0.06974350408709817,2,-0.3305315935242104,2.447095099173443,1,21.39884313572525
16.219,0.17069399999999998,-0.31284090000000003,9.4692987,-0.0745085574738713,3,-0.2978158366732875,2.445941082680955,1,21.43798742518009
16.234,0.1107549,-0.31284090000000003,9.437906700000001,-0.07981278332397501,3,-0.35361505667356696,2.444783672624971,1,21.474667860844885
16.25,0.1107549,-0.31284090000000003,9.437906700000001,-0.08501300474564566,3,-0.3250138388544513,2.4434650663204143,1,21.513773850756444
16.266,0.1526436,-0.33226469999999997,9.424368900000001,-0.09035204789545936,3,-0.3336901968633933,2.4420621458992855,1,21.552858068454196
16.281,0.18109260000000002,-0.33226469999999997,9.4004325,-0.09604549711106536,3,-0.3795632810403853,2.4406641643117366,1,21.58947851578078
16.297,0.15421320000000002,-0.287433,9.4004325,-0.10166565724577481,3,-0.3512600084193014,2.439082475076882,1,21.628516488895894
16.313,0.15421320000000002,-0.43556400000000006,9.3286233,-0.10847033658782124,3,-0.42529245887794853,2.4374013871262132,1,21.667528359793515
16.328,0.1377324,-0.43556400000000006,9.394448400000002,-0.1138574871192759,3,-0.35914336876363073,2.43573392844841,1,21.704076874660327
16.344,0.1212516,-0.30685680000000004,9.394448400000002,-0.11924308780235648,3,-0.3366000426924987,2.433869123849037,1,21.743033699078712
16.359,0.1212516,-0.36973890000000004,9.354031200000001,-0.12527053325354842,3,-0.4018296967461139,2.4320352716911176,1,21.779527982045263
16.375,0.1586277,-0.3876912,9.367569,-0.1308894198176489,3,-0.3511804102563186,2.4299859920665483,1,21.81842415215532
16.391,0.1586277,-0.3876912,9.367569,-0.13639813213539398,3,-0.34429451985910536,2.4278476916509244,1,21.857286821625056
16.406,0.113796,-0.3876912,9.306158400000001,-0.14301460380385755,3,-0.44109811123088827,2.42575209613138,1,21.893688820033425
16.422,0.1631403,-0.2948886,9.306158400000001,-0.14955363616972406,3,-0.40868952286661075,2.423411550211591,1,21.932482129204175
16.438,0.1631403,-0.35178660000000006,9.342063000000001,-0.15522231541534737,3,-0.35429245285149585,2.420973342598911,1,21.971237208346654
16.453,0.16912439999999998,-0.35178660000000006,9.334607400000001,-0.1609238199884402,3,-0.38010030487284024,2.4186022465833825,1,22.00753402526552
16.469,0.1526436,-0.3262806,9.334607400000001,-0.16653724508665313,3,-0.3508390686382697,2.4159825580627814,1,22.046210703702695
16.484,0.1526436,-0.3847482,9.3076299,-0.17252542823319672,3,-0.39921220976955757,2.4134395880128823,1,22.082431369798265
16.5,0.1526436,-0.3847482,9.3076299,-0.1783961960239253,3,-0.36692298692057745,2.4106322150188255,1,22.121023944222515
16.516,0.2065986,-0.36071369999999997,9.3076299,-0.1841503079688458,3,-0.3596319965575697,2.4077318429868835,1,22.159570856686557
16.531,0.2065986,-0.39671639999999997,9.2657412,-0.19058329750113323,3,-0.4288659688191462,2.4049213409458585,1,22.195665755566054
16.547,0.16765290000000002,-0.2694807,9.2657412,-0.1969951675062589,3,-0.40074187532030914,2.401820713225799,1,22.23411969199943
16.563,0.1272357,-0.2694807,9.195403500000001,-0.20467237082630163,3,-0.47982520750272384,2.398607372919139,1,22.272523116688586
16.578,0.11978010000000001,-0.3622833,9.195403500000001,-0.21213853697296514,3,-0.4977444097775485,2.3954812911106442,1,22.30847878166881
16.594,0.11978010000000001,-0.344331,9.2148273,-0.21909126093068565,3,-0.4345452473574831,2.3920314527274145,1,22.346778883619518
16.609,0.10928340000000002,-0.344331,9.1878498,-0.22643877647429456,3,-0.4898343695739086,2.388689977446877,1,22.382634294345827
16.625,0.08377740000000002,-0.2918475,9.1878498,-0.2336830782352557,3,-0.45276886006012085,2.385009002609201,1,22.420823886186273
16.641,0.08377740000000002,-0.30685680000000004,9.108585,-0.2423290247610339,3,-0.5403716578611979,2.381200905785231,1,22.458953565453424
16.656,0.11526750000000001,-0.30685680000000004,9.1175121,-0.25062377267950176,3,-0.5529831945645023,2.377503759804427,1,22.494643850445346
16.672,0.1571562,-0.31136939999999996,9.1175121,-0.2587406185701102,3,-0.507302868162972,2.3734288446744296,1,22.53265131128118
16.688,0.1571562,-0.34580249999999996,9.0786645,-0.2674350526844229,3,-0.5434021321446035,2.369219439304394,1,22.570592497553008
16.703,0.2274939,-0.34580249999999996,9.0366777,-0.2767522311602413,3,-0.6211452317212008,2.365138034675559,1,22.60610017860786
16.719,0.2065986,-0.34580249999999996,9.066598200000001,-0.285310454045959,3,-0.534888930357298,2.360641533193909,1,22.64390641515082
16.734,0.1122264,-0.3951468000000001,9.066598200000001,-0.29369387583042617,3,-0.5588947856311228,2.3562990007198357,1,22.679283469155173
16.75,0.1122264,-0.290376,9.0786645,-0.3017540627871451,3,-0.50376168479499,2.3515354172108958,1,22.716946144498614
16.766,0.1571562,-0.290376,9.0247095,-0.31070038287713864,3,-0.5591450056246566,2.346635781645582,1,22.75453151408946
16.781,0.0868185,-0.33981839999999996,9.0247095,-0.3194560894498437,3,-0.5837137715136499,2.3419096081031294,1,22.789695604512577
16.797,0.0868185,-0.3218661,9.0756234,-0.32705537547439434,3,-0.4749553765343607,2.3367375163837347,1,22.827124781508477
16.813,0.1392039,-0.3218661,9.0127413,-0.3357249310815771,3,-0.5418472254489812,2.3314352739312874,1,22.864470163830994
16.828,0.13469129999999999,-0.3338343,9.0127413,-0.3442173090175267,3,-0.5661585290632846,2.3263357071305437,1,22.89940344618896
16.844,0.13469129999999999,-0.3262806,9.0352062,-0.35210843791068314,3,-0.49319555582222374,2.3207651011551174,1,22.936580252655247
16.859,0.17069399999999998,-0.34580249999999996,9.0696393,-0.35914414690236107,3,-0.4690472661118446,2.3154307067690194,1,22.97135172121468
16.875,0.1406754,-0.34580249999999996,9.0576711,-0.3662864673612187,3,-0.44639502867865255,2.3096272618549114,1,23.00835218496367
16.891,0.1002582,-0.37572300000000003,9.0576711,-0.373275926769999,3,-0.43684121304881457,2.3037107627018623,1,23.04525888916012
16.906,0.1002582,-0.3083283,8.9498592,-0.3822907882503639,3,-0.6009907653576372,2.298044012339209,1,23.07977204997293
16.922,0.16019730000000001,-0.3083283,9.056199600000001,-0.3890282438575632,3,-0.42109097544990876,2.291873460082345,1,23.11649138975231
16.938,0.1482291,-0.31284090000000003,9.056199600000001,-0.39563455334406505,3,-0.4128943429064124,2.285596157704733,1,23.153111146694602
16.953,0.1482291,-0.3771945,9.0292221,-0.40259173640660784,3,-0.46381220416950125,2.2796094605316024,1,23.187350188831378
16.969,0.0703377,-0.3771945,9.0172539,-0.4096654303515219,3,-0.44210587155708075,2.273111403197537,1,23.223771955741213
16.984,0.0703377,-0.3771945,9.0172539,-0.4166004244151633,3,-0.46233293757607563,2.2669144092867866,1,23.257822149334846
17.0,0.142245,-0.34128990000000003,9.0621837,-0.4225306153897339,3,-0.37063693591070285,2.260201360968348,1,23.294039075496883
17.016,0.16912439999999998,-0.35777070000000005,8.943875100000001,-0.4306405673970133,3,-0.5068720004550168,2.2533759915060547,1,23.330147694316675
17.031,0.16912439999999998,-0.35777070000000005,8.943875100000001,-0.4385915007374841,3,-0.530062222698034,2.246856750995046,1,23.363899439885436
17.047,0.1317483,-0.2784078,8.9469162,-0.4463945570325354,3,-0.48769101844065116,2.239776862532885,1,23.399792508793663
17.063,0.1317483,-0.2784078,8.9469162,-0.45404461222376113,3,-0.47812844945166183,2.2325733491788355,1,23.435571310487354
17.078,0.2200383,-0.3503151,9.0846486,-0.4587633644041347,3,-0.31458347869155756,2.225727289354126,1,23.469008565276354
17.094,0.2200383,-0.3503151,9.0846486,-0.46338959203195174,3,-0.2891392267385338,2.2183500657026363,1,23.504561184116813
17.109,0.1631403,-0.32333760000000006,9.0157824,-0.46931744822608934,3,-0.39519041294249196,2.211354762900701,1,23.53778397033134
17.125,0.1631403,-0.32333760000000006,9.0157824,-0.4751290719458314,3,-0.3632264824839205,2.203799190739326,1,23.573105201960455
17.141,0.1946304,-0.32333760000000006,8.9828208,-0.4814602397687935,3,-0.3956979889351722,2.19614647624561,1,23.60830476729633
17.156,0.15568469999999998,-0.3847482,8.9828208,-0.487634730370722,3,-0.41163270679522035,2.1888782639695634,1,23.641192452847946
17.172,0.15568469999999998,-0.36375480000000004,8.9933175,-0.4934996665485656,3,-0.3665585111151815,2.1810291887942084,1,23.67615171247006
17.188,0.145188,-0.37572300000000003,9.0576711,-0.4979828244684814,3,-0.28019736999476996,2.173097328866073,1,23.710984724611336
17.203,0.20208600000000002,-0.37572300000000003,9.0201969,-0.5030906837600639,3,-0.34052395277215564,2.1655892775543584,1,23.74352487415949
17.219,0.1437165,-0.315882,9.0201969,-0.5081652471006688,3,-0.3171602087877679,2.157499230107472,1,23.77810958222079
17.234,0.1437165,-0.3891627,9.006757200000001,-0.5133474492460923,3,-0.34548014302822233,2.149837884884871,1,23.810414610583233
17.25,0.1586277,-0.3891627,8.9902764,-0.5187459386189737,3,-0.3374055858051211,2.141581137781951,1,23.844745962764563
17.266,0.16765290000000002,-0.35777070000000005,8.9902764,-0.5240609108478971,3,-0.33218576430774965,2.133238682986217,1,23.878944521330705
17.281,0.16765290000000002,-0.34128990000000003,9.0411903,-0.5282867949875403,3,-0.28172560930953594,2.125346075192451,1,23.91088390701705
17.297,0.1272357,-0.34128990000000003,8.994789,-0.5333518199436771,3,-0.3165640597585152,2.116852966273,1,23.944821499348777
17.313,0.1332198,-0.33226469999999997,8.994789,-0.5383224537255895,3,-0.3106646113695608,2.1082795720836467,1,23.978622559655626
17.328,0.1497006,-0.2290635,9.0082287,-0.5429902445229313,3,-0.3111860531561088,2.1001697268467825,1,24.010185929397604
17.344,0.1497006,-0.40868460000000006,8.952900300000001,-0.548525538700444,3,-0.3459558860945013,2.0914376005809947,1,24.04371878801703
17.359,0.10928340000000002,-0.40868460000000006,9.0502155,-0.5520577095897377,3,-0.23547805928623744,2.083183226218818,1,24.07502844421803
17.375,0.17510850000000003,-0.2889045,9.0502155,-0.555590796313485,3,-0.22081792023423075,2.074322038171593,1,24.10828848633315
17.391,0.17510850000000003,-0.344331,8.9469162,-0.5610402289613532,3,-0.34058954049180223,2.0653889899693954,1,24.141406174558277
17.406,0.1781496,-0.344331,9.0411903,-0.5645348370733902,3,-0.23297387413579493,2.0569471769741345,1,24.172323695810356
17.422,0.1511721,-0.3218661,9.0411903,-0.5679867639798708,3,-0.2157454316550103,2.0478870041657076,1,24.20516236925948
17.438,0.1511721,-0.33530580000000004,8.9842923,-0.572476155595183,3,-0.2805869759570399,2.038763300809108,1,24.237855571699274
17.453,0.0868185,-0.33530580000000004,8.9514288,-0.5775381217747064,3,-0.33746441196821925,2.030138193728834,1,24.26837233290831
17.469,0.1317483,-0.3083283,8.9514288,-0.5825090896137404,3,-0.3106854899395869,2.0208578160377253,1,24.300780300986446
17.484,0.10477080000000001,-0.315882,8.948387700000001,-0.5874439986752247,3,-0.3289939374322745,2.0120831678755575,1,24.331027358365798
17.5,0.10477080000000001,-0.3278502,8.976836700000002,-0.591716297278003,3,-0.26701866267367536,2.0026498855079327,1,24.363145222792863
17.516,0.12272310000000002,-0.3278502,9.0082287,-0.5952853047856639,3,-0.22306296922882898,1.9931538726914235,1,24.395111652858454
17.531,0.1511721,-0.2934171,9.0082287,-0.598799122615814,3,-0.23425452201000083,1.9841982394859121,1,24.424941793699784
17.547,0.1511721,-0.45802890000000007,9.0097983,-0.6020788280708889,3,-0.20498159094215412,1.9745912158804175,1,24.456612109342718
17.563,0.1796211,-0.45802890000000007,8.9737956,-0.6059888812656737,3,-0.24437832467408188,1.964926674205726,1,24.488128252463405
17.578,0.1796211,-0.45802890000000007,8.9737956,-0.609822266750756,3,-0.2555590323388086,1.9558080905956026,1,24.517533763199417
17.594,0.1781496,-0.3652263,8.952900300000001,-0.6140737159771898,3,-0.2657155766520849,1.9460169227337778,1,24.548748363306057
17.609,0.1781496,-0.3652263,8.952900300000001,-0.6182418034540866,3,-0.27787249845977524,1.936774556338043,1,24.577869299399097
17.625,0.2260224,-0.3652263,8.9110116,-0.6231273978238026,3,-0.3053496481072785,1.9268436027278208,1,24.60877824467162
17.641,0.0898596,-0.3008727,8.9110116,-0.6280115945387408,3,-0.30526229468367283,1.9168344907889217,1,24.63952766941975
17.656,0.145188,-0.3173535,8.991846,-0.6311907376235322,3,-0.21194287231941808,1.9073904732977043,1,24.6682093566504
17.672,0.1437165,-0.3173535,8.927394300000001,-0.6355708122911174,3,-0.27375466672404913,1.897256380898386,1,24.698646531483973
17.688,0.145188,-0.3562992,8.927394300000001,-0.6398357491698068,3,-0.26655855491811314,1.8870531284066998,1,24.728921007558412
17.703,0.145188,-0.34580249999999996,9.083079,-0.6409751488598054,3,-0.07595997933324077,1.8774470466714774,1,24.7571547588715
17.719,0.145188,-0.34580249999999996,9.083079,-0.6420922073794113,3,-0.06981615747535859,1.8671825078215625,1,24.78711179530745
17.734,0.142245,-0.2738952,8.936419500000001,-0.6461103286891277,3,-0.2678747539810798,1.857520988801048,1,24.81504707153212
17.75,0.142245,-0.2738952,8.936419500000001,-0.6500496633064969,3,-0.24620841358560733,1.8471517088650842,1,24.844684453113448
17.766,0.11821050000000001,-0.34580249999999996,8.927394300000001,-0.6540465839776548,3,-0.24980754194739416,1.8367189388868121,1,24.87415541829546
17.781,0.11821050000000001,-0.34580249999999996,8.927394300000001,-0.6579651336552601,3,-0.2612366451736767,1.8268788510045648,1,24.901632401719645
17.797,0.1392039,-0.3008727,8.988804900000002,-0.6606294966479638,3,-0.16652268704396092,1.8163300939621378,1,24.93077807327938
17.813,0.1392039,-0.3008727,8.988804900000002,-0.6632416172290458,3,-0.16325753631764717,1.805739125051123,1,24.959754627031483
17.828,0.1392039,-0.3876912,8.9962605,-0.66559133996547,3,-0.1566481824282739,1.7957728778721638,1,24.986765967053408
17.844,-0.0359046,-0.3876912,8.964868500000001,-0.66852963444396,3,-0.1836434049055996,1.7850999100768872,1,25.015412949357003
17.859,0.145188,-0.31284090000000003,8.964868500000001,-0.6714459852454713,3,-0.19442338676741355,1.7750500929292161,1,25.04211407437955
17.875,0.145188,-0.3847482,8.9678115,-0.6741926999394323,3,-0.17166966837258382,1.764284983447738,1,25.070428754990562
17.891,0.1930608,-0.3847482,8.9933175,-0.6763683302012762,3,-0.13597689136525648,1.7534804952066136,1,25.098570878819793
17.906,0.1406754,-0.42663690000000004,8.9933175,-0.6784833299152844,3,-0.14099998093387414,1.743319107755739,1,25.124796875842012
17.922,0.1406754,-0.2738952,9.000773100000002,-0.6805272944032748,3,-0.12774778049938443,1.7324470227611894,1,25.15260300488615
17.938,0.18413369999999998,-0.2738952,8.9498592,-0.6835134531194758,3,-0.1866349197625833,1.7215346967810086,1,25.180234858642486
17.953,0.22455090000000003,-0.39220380000000005,9.0217665,-0.6849285748910319,3,-0.09434145143707082,1.7112713815709293,1,25.205980904230127
17.969,0.18266220000000002,-0.3248091,9.0217665,-0.686386923172229,3,-0.09114676757481323,1.700300857586422,1,25.23327348214339
17.984,0.18266220000000002,-0.3487455,8.9618274,-0.6889733235580984,3,-0.1724266923912818,1.6899856557359443,1,25.258700630993307
18.0,0.0793629,-0.3487455,9.0471744,-0.6898664425206054,3,-0.055819935156692965,1.6789549376073158,1,25.28565215574005
18.016,0.08377740000000002,-0.2664396,9.0471744,-0.6907961035069103,3,-0.05810381164406771,1.667909637239097,1,25.312427072338817
18.031,0.08377740000000002,-0.39220380000000005,8.955843300000002,-0.693406869964587,3,-0.17405109717843747,1.6575281149380603,1,25.337367855480146
18.047,0.20208600000000002,-0.39220380000000005,8.9933175,-0.6951955612763552,3,-0.11179320698549847,1.6464192954881316,1,25.363799434763557
18.063,0.145188,-0.33981839999999996,8.9933175,-0.6970124593015488,3,-0.1135561265746113,1.6352816313235097,1,25.390053042178046
18.078,0.145188,-0.36669779999999996,8.948387700000001,-0.6996531744075423,3,-0.17604767373289382,1.624806639070691,1,25.414503704206002
18.094,0.1257642,-0.36669779999999996,8.903457900000001,-0.7031280181394202,3,-0.21717773324234424,1.6135843895303141,1,25.440410832434814
18.109,0.1332198,-0.2963601,8.988804900000002,-0.7049115487412294,3,-0.11890204012061194,1.603024092778709,1,25.46453539605213
18.125,0.1946304,-0.34128990000000003,8.988804900000002,-0.7066069442273637,3,-0.10596221788340467,1.5917319448349614,1,25.490093444353036
18.141,0.1946304,-0.3143124,9.018725400000001,-0.7077021871138545,3,-0.06845268040568041,1.580417471784233,1,25.515470639685986
18.156,0.18109260000000002,-0.3143124,8.8765785,-0.7115663856884638,3,-0.2576132383072762,1.569772957488215,1,25.53909706790553
18.172,0.11821050000000001,-0.4281084,8.8765785,-0.7152823675625211,3,-0.23224886712855564,1.558358167462206,1,25.564122116905136
18.188,0.11821050000000001,-0.318825,9.023238,-0.7161419496867669,3,-0.053723882765372245,1.546906772924213,1,25.588964236428225
18.203,0.0628821,-0.318825,9.0352062,-0.7167610375721392,3,-0.04127252569148098,1.5361600005197709,1,25.612087237229055
18.219,0.1990449,-0.3876912,9.0352062,-0.7172765754398185,3,-0.03222111672995437,1.524687699615674,1,25.636574018830142
18.234,0.1990449,-0.287433,9.0172539,-0.7182071222529416,3,-0.06203645420820438,1.513921571882978,1,25.659363588366382
18.25,0.1856052,-0.287433,8.9229798,-0.7209722079741461,3,-0.17281785757529938,1.5024081372411624,1,25.68349422603937
18.266,0.1856052,-0.287433,8.9229798,-0.7236830763282693,3,-0.16942927213272263,1.4908508949667443,1,25.707440298297033
18.281,0.1511721,-0.3008727,8.940932100000001,-0.7259930853471772,3,-0.1540006012605193,1.479978323754178,1,25.72972151743744
18.297,0.1511721,-0.3008727,8.940932100000001,-0.7282578000715958,3,-0.1415446702761455,1.4683443166708265,1,25.753308098560844
18.313,0.1796211,-0.3098979,8.9259228,-0.7307558212428749,3,-0.15612632320495867,1.456672207700312,1,25.77670823075581
18.328,0.17069399999999998,-0.39818790000000004,8.9259228,-0.7331396947313653,3,-0.1589248992326907,1.4456929913305048,1,25.79847596974854
18.344,0.17069399999999998,-0.3532581,8.9962605,-0.7341360186525545,3,-0.06227024507431814,1.433954785623432,1,25.821513151964176
18.359,0.1257642,-0.3532581,8.991846,-0.7352137929409839,3,-0.07185161922862177,1.42293466203648,1,25.842939822821627
18.375,0.1257642,-0.3532581,8.991846,-0.7362704344002289,3,-0.06604009120281978,1.4111627882177515,1,25.86561260242366
18.391,0.145188,-0.37572300000000003,8.991846,-0.7372827857457089,3,-0.06327195909251046,1.3993743624565853,1,25.88809689962905
18.406,0.145188,-0.36826739999999997,8.9813493,-0.7384869472159039,3,-0.08027743134632866,1.3883060894593728,1,25.909004503018423
18.422,0.17069399999999998,-0.2709522,8.9962605,-0.7394343673573509,3,-0.05921375884043071,1.3764827189427855,1,25.931122813485644
18.438,0.1631403,-0.2709522,8.994789,-0.7403947921138663,3,-0.060026547282216965,1.364644085667017,1,25.95305182792252
18.453,0.11673900000000001,-0.3053853,8.9902764,-0.7414173384515035,3,-0.06816975584247802,1.3535304946877762,1,25.97343813727518
18.469,0.11673900000000001,-0.3053853,8.9902764,-0.7424198348609519,3,-0.06265602559051696,1.3416597973012752,1,25.994999659611096
18.484,0.10182780000000001,-0.3053853,8.9678115,-0.743846431633072,3,-0.09510645147466922,1.3305128003025695,1,26.015040954093127
18.5,0.16912439999999998,-0.3622833,8.924451300000001,-0.7460329932904859,3,-0.13666010358838582,1.3185937649031823,1,26.03623380661477
18.516,0.16912439999999998,-0.3622833,8.924451300000001,-0.7481766811899107,3,-0.1339804937140624,1.3066400875073403,1,26.057235677434054
18.531,0.18266220000000002,-0.40113090000000007,8.955843300000002,-0.7496257841373435,3,-0.0966068631621853,1.2954065690173855,1,26.07675102735799
18.547,0.18266220000000002,-0.40113090000000007,8.955843300000002,-0.7510464733014928,3,-0.08879307275932008,1.2834011909578735,1,26.097381489437794
18.563,0.18266220000000002,-0.3592422,8.9828208,-0.7519456968890328,3,-0.056201474221257514,1.2713772535963506,1,26.117819716994227
18.578,0.16912439999999998,-0.3202965,8.9259228,-0.7539760750991746,3,-0.1353585473427847,1.2600828403064386,1,26.1368056676985
18.594,0.1990449,-0.3202965,8.9962605,-0.7545766019849864,3,-0.037532930363233484,1.248014418889764,1,26.15687044577207
18.609,0.0688662,-0.3996594,8.9962605,-0.7551411167366577,3,-0.03763431677808502,1.236691535999351,1,26.175505740433742
18.625,0.0688662,-0.3262806,8.9618274,-0.7564272578147531,3,-0.08038381738096675,1.2245989890029412,1,26.19519606463376
18.641,0.1526436,-0.3262806,9.0082287,-0.7567587952870056,3,-0.020721092015787486,1.2124935005781285,1,26.214692804550406
18.656,0.1062423,-0.35178660000000006,9.0082287,-0.7570780879997692,3,-0.021286180850901955,1.2011397239534773,1,26.232795053734392
18.672,0.1062423,-0.3936753,9.000773100000002,-0.7575032055032587,3,-0.026569843968090947,1.1890230736054517,1,26.251916356114865
18.688,0.17069399999999998,-0.3936753,8.9498592,-0.7588977395090026,3,-0.08715837535900733,1.176891866045355,1,26.27084367563207
18.703,0.18266220000000002,-0.3907323,8.9498592,-0.7602628283399557,3,-0.09100592206353644,1.1654981617864872,1,26.288411600840806
18.719,0.18266220000000002,-0.3202965,8.9618274,-0.7614214847913967,3,-0.07241602821505289,1.1533246872814351,1,26.306962183633352
18.734,0.10928340000000002,-0.3847482,8.9873334,-0.7620315493202039,3,-0.04067096858714419,1.1418987895255976,1,26.324176359709405
18.75,0.12272310000000002,-0.3847482,9.0337347,-0.761717336830209,3,0.01963828062468081,1.1297087984363956,1,26.342349220413098
18.766,0.17667810000000003,-0.2499588,9.0337347,-0.7614845403920185,3,0.01454977738690904,1.1175231834186192,1,26.360327076267936
18.781,0.17667810000000003,-0.3652263,8.963397,-0.7625571838352592,3,-0.07150956288270734,1.1060928704869142,1,26.377004196672228
18.797,0.1287072,-0.3652263,8.924451300000001,-0.7643877291580843,3,-0.11440908267655699,1.093877311182966,1,26.39460395812559
18.813,0.142245,-0.3712104,8.924451300000001,-0.766173519230243,3,-0.11161187950993309,1.0816328211958608,1,26.412008039184617
18.828,0.142245,-0.3622833,8.991846,-0.7666112608770757,3,-0.02918277645550786,1.0701369353450554,1,26.428146312358674
18.844,0.1661814,-0.3622833,8.9978301,-0.7669151574411313,3,-0.01899353525347323,1.0578687239985083,1,26.445170357633426
18.859,0.08829,-0.34580249999999996,8.9978301,-0.7672473771056101,3,-0.02214797763192101,1.0463625049894072,1,26.460952091850835
18.875,0.08829,-0.34580249999999996,8.9978301,-0.7675730826590215,3,-0.0203565970882136,1.0340839413112914,1,26.47759566342124
18.891,0.1915893,-0.2889045,9.000773100000002,-0.767842580171429,3,-0.016843594525474872,1.0218006160086492,1,26.4940427398798
18.906,0.11526750000000001,-0.2889045,9.066598200000001,-0.7668423622061429,3,0.06668119768574109,1.010290478940817,1,26.50928342309192
18.922,0.1317483,-0.38621970000000005,9.066598200000001,-0.7657863718476108,3,0.06599939740824884,0.9980294490683856,1,26.525349982515994
18.938,0.1317483,-0.3202965,9.0890631,-0.7643612388492329,3,0.08907081239862706,0.9857882681828122,1,26.541220524254
18.953,0.1317483,-0.3202965,9.0890631,-0.7629640496351371,3,0.09314594760638431,0.974333328519179,1,26.555921436229266
18.969,0.1212516,-0.33226469999999997,9.0980883,-0.761411869700634,3,0.0970112459064312,0.9621383211644915,1,26.571413209426737
18.984,0.1212516,-0.3891627,9.0591426,-0.7606088038836862,3,0.0535377211298499,0.9507231661126087,1,26.585759670581314
19.0,0.11673900000000001,-0.3891627,9.0935757,-0.7591481621475449,3,0.09129010850884473,0.9385651103843602,1,26.600873976793288
19.016,0.17069399999999998,-0.3307932,9.0935757,-0.7577447204831209,3,0.0877151040265075,0.9264299673233162,1,26.61579393741495
19.031,0.17069399999999998,-0.3307932,9.0935757,-0.7563687972827058,3,0.0917282133610052,0.915074115940072,1,26.629605218039426
19.047,0.1362609,-0.2994012,9.1758816,-0.7534397562736377,3,0.1830650630667358,0.90299564751162,1,26.644149776147042
19.063,0.1362609,-0.2994012,9.1758816,-0.7505681474412196,3,0.17947555202615129,0.8909635842819025,1,26.65850145000139
19.078,0.1317483,-0.344331,9.202859100000001,-0.7471947105477419,3,0.22489579289850403,0.8797303628469848,1,26.671781654604857
19.094,0.1317483,-0.344331,9.202859100000001,-0.7438874194757048,3,0.2067056920022949,0.8678017058067959,1,26.68576191115409
19.109,0.1317483,-0.37866600000000006,9.235820700000001,-0.7399728593518944,3,0.26097067492068465,0.8566727537155885,1,26.69869546960051
19.125,0.1915893,-0.37866600000000006,9.2267955,-0.7362913147976009,3,0.2300965346433679,0.8448626403223938,1,26.71230775275281
19.141,0.142245,-0.3427614,9.2267955,-0.7327269413452182,3,0.22277334077394306,0.8331104942732526,1,26.725731537829574
19.156,0.142245,-0.3907323,9.2492604,-0.7287550617175302,3,0.2647919751791879,0.8221493792502815,1,26.738145986881
19.172,0.15568469999999998,-0.3907323,9.2836935,-0.7241823578180657,3,0.28579399371650016,0.8105258798939955,1,26.751207388954157
19.188,0.1497006,-0.31136939999999996,9.2836935,-0.7197600357223344,3,0.27639513098323953,0.7989743407456735,1,26.76408339071927
19.203,0.0748503,-0.3503151,9.318126600000001,-0.7147403097306668,3,0.3346483994444911,0.7882155881547757,1,26.775987315186025
19.219,0.0748503,-0.3891627,9.3241107,-0.709671580553195,3,0.3167955735919526,0.7768202930325034,1,26.788507602235526
19.234,0.17667810000000003,-0.3891627,9.286734599999999,-0.7054074268435535,3,0.28427691397608956,0.7662072004770274,1,26.800080308436847
19.25,0.1781496,-0.3143124,9.286734599999999,-0.7012818706331476,3,0.2578472631503965,0.754953686097215,1,26.81224959552944
19.266,0.1781496,-0.37425150000000007,9.321069600000001,-0.6965211072475874,3,0.297547711597545,0.7437712622741703,1,26.82423939511641
19.281,0.1466595,-0.37425150000000007,9.334607400000001,-0.691599239040178,3,0.3281245471606192,0.7333603596770117,1,26.835317882281046
19.297,0.18109260000000002,-0.32333760000000006,9.334607400000001,-0.6867993059954838,3,0.2999958152933521,0.7223331713167253,1,26.846963430528998
19.313,0.18109260000000002,-0.3532581,9.4259385,-0.6802830410008873,3,0.40726656216232326,0.7113965125407555,1,26.858433267999857
19.328,0.1332198,-0.3532581,9.437906700000001,-0.6736757003006861,3,0.4404893800133961,0.7012418219809934,1,26.86902805550877
19.344,0.1272357,-0.37572300000000003,9.437906700000001,-0.6671825356861678,3,0.40582278840734964,0.6905149560930973,1,26.880162109733366
19.359,0.2230794,-0.31136939999999996,9.4647861,-0.6603011178940346,3,0.4587611861421992,0.6805588286912454,1,26.89044516311925
19.375,0.2230794,-0.3831786,9.4154418,-0.6544694871206111,3,0.36447692333900344,0.6700406638511294,1,26.901249959059587
19.391,0.1212516,-0.3831786,9.424368900000001,-0.6486137922982351,3,0.36598092639854174,0.6596159976157797,1,26.91188721235132
19.406,0.1362609,-0.36375480000000004,9.424368900000001,-0.642883977140178,3,0.3819876772037955,0.6499297643449913,1,26.921708805566027
19.422,0.1362609,-0.29783160000000003,9.466355700000001,-0.6364890726584971,3,0.3996815301050113,0.6396947799466007,1,26.93202580192036
19.438,0.09878670000000002,-0.29783160000000003,9.512757,-0.6293193431345703,3,0.4481080952454746,0.6295683126202574,1,26.942179906660893
19.453,0.10477080000000001,-0.344331,9.512757,-0.6222581871766071,3,0.47074373053086177,0.6201814811429232,1,26.951553030114116
19.469,0.10477080000000001,-0.31284090000000003,9.5621013,-0.614389842114063,3,0.49177156640895,0.6102882969085967,1,26.96139678833853
19.484,0.19011780000000003,-0.31284090000000003,9.5546457,-0.6067960722422132,3,0.5062513247899666,0.6011294025509243,1,26.970482421084476
19.5,0.08377740000000002,-0.318825,9.5546457,-0.5993771899940583,3,0.4636801405097324,0.5914800164530352,1,26.980023296436507
19.516,0.1406754,-0.37572300000000003,9.5307093,-0.592519089021982,3,0.4286313107548151,0.5819448462209079,1,26.9894106953379
19.531,0.1406754,-0.2829204,9.556117200000001,-0.5853603702700685,3,0.4772479167942179,0.5731107502762172,1,26.99807361231163
19.547,0.16019730000000001,-0.2829204,9.5336523,-0.5787762289344762,3,0.4115088334744704,0.5637976574825798,1,27.0071688795737
19.563,0.1406754,-0.37572300000000003,9.5336523,-0.5722644135364074,3,0.40698846237934333,0.5545893323428137,1,27.016115975492305
19.578,0.1406754,-0.3173535,9.5980059,-0.5646608447466743,3,0.5069045859821886,0.5460623929056903,1,27.02437086343167
19.594,0.1392039,-0.3173535,9.6115437,-0.5569415114936618,3,0.4824583283132304,0.5370895740557665,1,27.033036079167363
19.609,0.1392039,-0.3173535,9.6115437,-0.5493735377161979,3,0.5045315851642393,0.5287922111866923,1,27.041030192556683
19.625,0.1631403,-0.3427614,9.6115437,-0.5419294833558315,3,0.4652533975229535,0.520061787018117,1,27.04942102454232
19.641,0.11673900000000001,-0.3143124,9.5980059,-0.5349289678408908,3,0.4375322196838376,0.5114469194085441,1,27.05767309419373
19.656,0.1526436,-0.33530580000000004,9.629496000000001,-0.5274249234401172,3,0.5002696267182264,0.5034792652239363,1,27.065285040578477
19.672,0.16166880000000003,-0.3532581,9.629496000000001,-0.5200525557792997,3,0.46077297880104234,0.49509944539018014,1,27.07327367026339
19.688,0.16166880000000003,-0.3532581,9.6025185,-0.5133532837622887,3,0.41870450106322904,0.4868321986738484,2,27.081129123415902
19.703,0.08534699999999999,-0.3532581,9.6384231,-0.506101093393271,3,0.4834793579344948,0.47918629084518144,2,27.088374262087296
19.719,0.08534699999999999,-0.3532581,9.6384231,-0.4989911028354115,3,0.44437440986617194,0.47114555327535107,2,27.09597691684026
19.734,0.20954160000000002,-0.3218661,9.6159582,-0.49244497876664184,3,0.436408271251293,0.4637097826633354,2,27.1029883318598
19.75,0.20954160000000002,-0.3218661,9.6159582,-0.48602721007176974,3,0.4011105434295501,0.45588200515262894,2,27.110345066162328
19.766,0.18864630000000002,-0.3218661,9.669913200000002,-0.47868660602777524,3,0.45878775274970696,0.44816429462383345,2,27.117577436560538
19.781,0.08377740000000002,-0.2918475,9.601047000000001,-0.4728871964683954,3,0.38662730395864225,0.4410274911051119,2,27.124246374953504
19.797,0.08377740000000002,-0.2918475,9.601047000000001,-0.467201500821945,3,0.35535597790310924,0.43350678152678834,2,27.13124264913456
19.813,0.17667810000000003,-0.31284090000000003,9.6369516,-0.4608861203210495,3,0.394711281306014,0.4260820805576452,2,27.138119360031233
19.828,0.17667810000000003,-0.31284090000000003,9.6369516,-0.4546945708103678,3,0.41276996737876315,0.4192152253741593,2,27.144459089825723
19.844,0.1332198,-0.318825,9.5995755,-0.44936666541361703,3,0.33299408729688557,0.4119827354843666,2,27.151108673512592
19.859,0.1332198,-0.318825,9.5995755,-0.4441432287501357,3,0.34822911089874353,0.4052814112781382,2,27.15723815461331
19.875,0.12272310000000002,-0.318825,9.689337,-0.4372660281660785,3,0.4298250365036201,0.39823013722280926,2,27.163666247001316
19.891,0.15421320000000002,-0.3143124,9.689337,-0.4305177454304925,3,0.4217676709741734,0.39128786703403745,2,27.169982391035372
19.906,0.15421320000000002,-0.2784078,9.6264549,-0.4251556155987508,3,0.3574753221160977,0.3848703168263179,2,27.175803577414325
19.922,0.12272310000000002,-0.2784078,9.7268112,-0.41794070385602566,3,0.4509319839202714,0.3781255462706789,2,27.181907544319102
19.938,0.17069399999999998,-0.39671639999999997,9.7268112,-0.41077263745652814,3,0.4480041499686443,0.37149583954017923,2,27.187904515405588
19.953,0.17069399999999998,-0.315882,9.6623595,-0.40506602512509104,3,0.3804408220957922,0.36537704957081685,2,27.19343106207392
19.969,0.18109260000000002,-0.315882,9.6594165,-0.3995252630083712,3,0.3462976322949508,0.35894031926574843,2,27.19922560102461
19.984,0.0928026,-0.3847482,9.6684417,-0.3938919181280056,3,0.37555632535769234,0.3529896904072254,2,27.204565076097158
20.0,0.1482291,-0.34128990000000003,9.6684417,-0.38838746421537174,3,0.34402836953965527,0.34673145534847905,2,27.210162845263202
20.016,0.1482291,-0.2934171,9.6684417,-0.38302173145511276,3,0.3353582975162231,0.34056018178311587,2,27.215661178360254
20.031,0.1870767,-0.2934171,9.6923781,-0.3772789706461719,3,0.38285072059604364,0.334857926517356,2,27.220726814172508
20.047,0.0928026,-0.3262806,9.6923781,-0.3716548983803847,3,0.351504516611661,0.3288664555651429,2,27.22603660922917
20.063,0.0928026,-0.344331,9.6848244,-0.36627687734664427,3,0.33612631460881265,0.3229630013593273,2,27.231251244884564
20.078,0.18266220000000002,-0.344331,9.735738300000001,-0.35998176033484697,3,0.4196744674531376,0.3175160615767159,2,27.236054837856585
20.094,0.16912439999999998,-0.3248091,9.735738300000001,-0.3538280136036267,3,0.38460917070122363,0.3118055833852075,2,27.241089411016283
20.109,0.16912439999999998,-0.34128990000000003,9.7372098,-0.347755051089786,3,0.40486416758936516,0.30654371040000666,2,27.24572703071967
20.125,0.13469129999999999,-0.3503151,9.7268112,-0.34200915408772303,3,0.35911856262897457,0.3010255967585872,2,27.250587585176937
20.141,0.1915893,-0.3503151,9.716314500000001,-0.3365628689444673,3,0.34039282145352096,0.2955970205743303,2,27.255360566115602
20.156,0.1392039,-0.347274,9.716314500000001,-0.3312429837088757,3,0.35465901570609126,0.29058847667943005,2,27.259756957345004
20.172,0.1392039,-0.3427614,9.7447635,-0.325473128774183,3,0.3606159334182553,0.28533474777956497,2,27.264364343140677
20.188,0.1317483,-0.3427614,9.6967926,-0.3207583746423417,3,0.29467213324011393,0.28016489575223336,2,27.26888834028893
20.203,0.1392039,-0.3487455,9.6967926,-0.3161298450390593,3,0.3085686402188161,0.27538823410462265,2,27.27305498876286
20.219,0.1392039,-0.3547296,9.6639291,-0.31223170164799185,3,0.24363396194168657,0.2703613417311257,2,27.277420985369545
20.234,0.1392039,-0.3547296,9.6848244,-0.30800059814213476,3,0.28207356705712877,0.26570959948269957,2,27.28144151742865
20.25,0.1272357,-0.3143124,9.6848244,-0.3038830375992507,3,0.2573475339302806,0.260814530396769,2,27.285653710467685
20.266,0.1272357,-0.2829204,9.689337,-0.2997767447298436,3,0.25664330433797283,0.2559852521381368,2,27.289788108727965
20.281,0.1526436,-0.34128990000000003,9.6848244,-0.29579535064215534,3,0.2654262725125414,0.2515184614228466,2,27.293594386579674
20.297,0.08829,-0.34128990000000003,9.7941078,-0.28976629825121414,3,0.376815774433783,0.24683396823169912,2,27.29758120601691
20.313,0.142245,-0.3248091,9.7941078,-0.283854001390452,3,0.3695185537976727,0.24224500583456632,2,27.301493837809442
20.328,0.142245,-0.37425150000000007,9.681881400000002,-0.2802217198817214,3,0.2421521005820327,0.23801443792502486,2,27.30509578363764
20.344,0.142245,-0.37425150000000007,9.681881400000002,-0.2766606595790453,3,0.22256626891723205,0.23355937888933823,2,27.308868374172157
20.359,0.1586277,-0.37425150000000007,9.7222986,-0.2723726375789184,3,0.28586813334178257,0.22944162916065333,2,27.31234088173253
20.375,0.1856052,-0.33981839999999996,9.7222986,-0.2681841111532002,3,0.26178290160741685,0.22511717517079685,2,27.31597735216718
20.391,0.1856052,-0.36071369999999997,9.743193900000001,-0.26365360789881187,3,0.2831564533993004,0.22086247341838122,2,27.319545189355892
20.406,0.1497006,-0.36071369999999997,9.7656588,-0.25878390639111615,3,0.32464676717970253,0.2169441920612066,2,27.32282873934699
20.422,0.1122264,-0.32333760000000006,9.7132734,-0.2550717165003711,3,0.23201186817154065,0.21283334707807425,2,27.326266959660103
20.438,0.1915893,-0.29783160000000003,9.7268112,-0.25115870363103987,3,0.24456330433322765,0.2087835037170234,2,27.329639894466464
20.453,0.1915893,-0.29783160000000003,9.7268112,-0.24732241650424314,3,0.25575247511977256,0.20504489531600864,2,27.33274360745921
20.469,0.1377324,-0.29783160000000003,9.7342668,-0.24343311136182777,3,0.24308157140093323,0.20111885109307964,2,27.335992917430485
20.484,0.1332198,-0.35777070000000005,9.7342668,-0.23958174676465838,3,0.25675763981128313,0.19749623965713087,2,27.338982530611112
20.5,0.1332198,-0.32333760000000006,9.728282700000001,-0.23594676252537639,3,0.22718651495514944,0.19369201158281102,2,27.34211203662103
20.516,0.11821050000000001,-0.3143124,9.774684,-0.2314833589097791,3,0.2789627259748602,0.1899525706113302,2,27.345181193278584
20.531,0.11821050000000001,-0.3143124,9.774684,-0.22710747301213452,3,0.2917257265096285,0.18651313937191571,2,27.348004686103458
20.547,0.1915893,-0.3831786,9.699833700000001,-0.2242127003049852,3,0.18092329419681283,0.18290257798537835,2,27.350960011842318
20.563,0.1915893,-0.3831786,9.699833700000001,-0.2213746878469962,3,0.17737577862433085,0.1793378788801629,2,27.353857935497242
20.578,0.2230794,-0.3712104,9.749178,-0.21762167697217016,3,0.2502007249883936,0.17604540614401903,2,27.356523310134925
20.594,0.2230794,-0.3712104,9.749178,-0.21394225454587001,3,0.22996390164373362,0.17259289469187433,2,27.359312416541613
20.609,0.10928340000000002,-0.3622833,9.7971489,-0.20943965595388114,3,0.30017323946591334,0.16941753036312607,2,27.361877494729526
20.625,0.15568469999999998,-0.3622833,9.788123700000002,-0.20518987121861265,3,0.26561154595430997,0.16610049414574649,2,27.364561638925597
20.641,0.10928340000000002,-0.344331,9.788123700000002,-0.20104841747844127,3,0.25884085876074014,0.1628505878361704,2,27.36719324758145
20.656,0.10928340000000002,-0.36669779999999996,9.7686999,-0.1973528186748439,3,0.24637325357314915,0.15986257856502065,2,27.36961359632946
20.672,0.0973152,-0.36669779999999996,9.7941078,-0.19323434244546434,3,0.25740476433619325,0.15673788127605784,2,27.37214640000819
20.688,0.1781496,-0.3367773,9.7941078,-0.18919540164380777,3,0.25243380010356314,0.153678443323344,2,27.374629730604987
20.703,0.1781496,-0.290376,9.7552602,-0.18602602128321166,3,0.21129202403973252,0.15086428265139123,2,27.3769138010498
20.719,0.1571562,-0.290376,9.747706500000001,-0.18307388271560576,3,0.18450866047534809,0.14791148341940036,2,27.379304007178366
20.734,0.1497006,-0.34580249999999996,9.747706500000001,-0.18014648759442942,3,0.19515967474508233,0.14518733064207498,2,27.381502248283827
20.75,0.1497006,-0.347274,9.7686999,-0.17686414086701951,3,0.20514667046314145,0.1423312456143837,2,27.383802396893877
20.766,0.1796211,-0.35178660000000006,9.740250900000001,-0.17419047589948633,3,0.16710406047084245,0.13952280868025196,2,27.386057229328234
20.781,0.08083440000000001,-0.35178660000000006,9.743193900000001,-0.17153744763722045,3,0.17686855081771846,0.13692984925372656,2,27.38813062426274
20.797,0.1302768,-0.36375480000000004,9.743193900000001,-0.1689173335783547,3,0.1637571286790912,0.13420621100400165,2,27.390299712744802
20.813,0.1302768,-0.3248091,9.7895952,-0.1654663129092615,3,0.21568879181834855,0.13153114183210102,2,27.39242561156749
20.828,0.1497006,-0.3248091,9.7582032,-0.16269263441675896,3,0.18491189950016235,0.12906994972715577,2,27.394380119754185
20.844,0.1302768,-0.3547296,9.7582032,-0.15995838870866486,3,0.1708903567558626,0.1264887415421521,2,27.39642458928434
20.859,0.1302768,-0.30685680000000004,9.7956774,-0.15657519338261672,3,0.22554635506986734,0.12411473967646738,2,27.39830411539348
20.875,0.1466595,-0.30685680000000004,9.7567317,-0.15401697660742286,3,0.15988854844963357,0.12163000231654733,2,27.400270073329423
20.891,0.12272310000000002,-0.3173535,9.7567317,-0.1515088164069116,3,0.15676001253197075,0.11918579597243292,2,27.402196599715737
20.906,0.12272310000000002,-0.3307932,9.740250900000001,-0.14936402980470653,3,0.14298577348033278,0.11692924962584572,2,27.403967462557723
20.922,0.13469129999999999,-0.3427614,9.7732125,-0.14660424470259592,3,0.17248656888189398,0.11456150342978703,2,27.40581938858217
20.938,0.1377324,-0.3427614,9.7552602,-0.14424949680260468,3,0.14717174374946862,0.11223467349774569,2,27.40763375799759
20.953,0.1377324,-0.3427614,9.7552602,-0.14194092043006457,3,0.1539050915026686,0.11008824536850058,2,27.409301179889088
20.969,0.11673900000000001,-0.3083283,9.7851807,-0.1391191493072963,3,0.17636069517299705,0.10783976481060144,2,27.41104460397052
20.984,0.11673900000000001,-0.3083283,9.7851807,-0.1363527070300723,3,0.1844294851482598,0.1057737258880711,2,27.41264670515076
21.0,0.1122264,-0.33981839999999996,9.7327953,-0.13464758137866895,3,0.1065703532127211,0.10360572358080142,2,27.41432174074651
21.016,0.1122264,-0.3248091,9.746235,-0.13272257189316328,3,0.12031309284411755,0.101466762354627,2,27.41596232063399
21.031,0.18266220000000002,-0.3248091,9.8046045,-0.12967075885209312,3,0.20345420273800308,0.0994988123740375,2,27.417469562444456
21.047,0.15568469999999998,-0.3053853,9.8046045,-0.12670013808612168,3,0.18566379787319373,0.09744784519853156,2,27.419045135705037
21.063,0.15568469999999998,-0.3053853,9.8046045,-0.12378776478615094,3,0.1820233312481912,0.0954439419755536,2,27.42058827000243
21.078,0.09133110000000001,-0.3218661,9.848062800000001,-0.12008642187627672,3,0.24675619399160584,0.09361488557558532,2,27.422006211209062
21.094,0.09133110000000001,-0.3218661,9.848062800000001,-0.1164576543175766,3,0.22679797241873206,0.09172253296603429,2,27.423488910557396
21.109,0.1856052,-0.3218661,9.7552602,-0.11469241776117833,3,0.11768243709321315,0.08998890742544356,2,27.424851746360332
21.125,0.142245,-0.3503151,9.7552602,-0.11295686561174989,3,0.10847200933928965,0.08816771315846034,2,27.426276999325005
21.141,0.142245,-0.3622833,9.788123700000002,-0.11060290763464664,3,0.1471223735689693,0.08637923497248937,2,27.427673374910054
21.156,0.1511721,-0.3622833,9.7013052,-0.10999342809238932,3,0.04063196948381969,0.08472476245453653,2,27.428956654890758
21.172,0.11673900000000001,-0.3202965,9.7013052,-0.1094341567445003,3,0.03495445924306004,0.08296934177584121,2,27.4302982077246
21.188,0.11673900000000001,-0.318825,9.8584614,-0.10580716264135326,3,0.226687131446715,0.08124741122075457,2,27.431611941748574
21.203,0.09133110000000001,-0.318825,9.7552602,-0.10427893717766068,3,0.10188169757950137,0.07967176547211191,2,27.43281883557377
21.219,0.21258269999999999,-0.34580249999999996,9.788123700000002,-0.10208183623942979,3,0.1373188086394152,0.078020879284775,2,27.434080376731824
21.234,0.21258269999999999,-0.34580249999999996,9.788123700000002,-0.09992781571175158,3,0.14360136851187544,0.07650580689514108,2,27.435239326878175
21.25,0.21258269999999999,-0.37268190000000007,9.7552602,-0.098440466975239,3,0.09295929603204603,0.07491886063364533,2,27.436450724218407
21.266,0.1002582,-0.37268190000000007,9.7552602,-0.09701756606637169,3,0.08893130680421726,0.07335519636931262,2,27.437636916674432
21.281,0.15568469999999998,-0.3367773,9.7552602,-0.09563389977550862,3,0.09224441939086726,0.07191031037549846,2,27.438726407975018
21.297,0.15568469999999998,-0.3008727,9.7806681,-0.09380246295015127,3,0.11446480158482204,0.07039481947369301,2,27.439864849013812
21.313,0.11673900000000001,-0.3008727,9.7851807,-0.09192913128152647,3,0.11708322928906291,0.06890896671983976,2,27.44097927930336
21.328,0.1482291,-0.3712104,9.7851807,-0.09003684679444746,3,0.12615229913859588,0.06754422188426991,2,27.44200267821789
21.344,0.1482291,-0.2889045,9.7686999,-0.08855903854232672,3,0.09236301575753579,0.06611545480157556,2,27.443071955631375
21.359,0.1122264,-0.2889045,9.723770100000001,-0.08800014421849234,3,0.03725962158895727,0.06479126093086937,2,27.444053755999366
21.375,0.08829,-0.3008727,9.723770100000001,-0.08744993222580888,3,0.03438824954271992,0.06338766031931511,2,27.44507918736937
21.391,0.1377324,-0.315882,9.776155500000002,-0.08586339621987094,3,0.09915850037113243,0.06200115369174983,2,27.446082297881457
21.406,0.1377324,-0.34580249999999996,9.777627,-0.08425929589811965,3,0.10694002145008191,0.06072523350086485,2,27.4470027457854
21.422,0.16912439999999998,-0.34580249999999996,9.777627,-0.08267699700402709,3,0.09889368088077392,0.05938974315764753,2,27.447963665598667
21.438,0.1392039,-0.3712104,9.777627,-0.08111671413152344,3,0.0975176795314888,0.058079393468563265,2,27.44890341869168
21.453,0.1392039,-0.2934171,9.7507476,-0.08016558785312,3,0.06340841856022665,0.05686977620367839,2,27.44976553746422
21.469,0.1571562,-0.2934171,9.7327953,-0.07957956538055555,3,0.03662640453527411,0.05559181497780885,2,27.45066523019367
21.484,0.10182780000000001,-0.3487455,9.7327953,-0.07898369162392527,3,0.039724917108684026,0.0544025905502752,2,27.45149018823513
21.5,0.10182780000000001,-0.3831786,9.774684,-0.07755346509814665,3,0.0893891578611737,0.053150293296498764,2,27.452350611305903
21.516,0.15421320000000002,-0.3831786,9.7806681,-0.07602061008472027,0,0.09580343833915872,0.05142170069503597,2,27.453187187257836
21.531,0.1511721,-0.33530580000000004,9.788123700000002,-0.07440710627641955,0,0.10756692055337727,0.049793492822327375,2,27.453946301209214
21.547,0.10477080000000001,-0.31284090000000003,9.788123700000002,-0.0728517022480748,0,0.09721275177153621,0.048115422354131285,2,27.454729572530624
21.563,0.10477080000000001,-0.2889045,9.7417224,-0.07225059473201512,0,0.03756921975373442,0.046454603978290696,2,27.455486132741285
21.578,0.16019730000000001,-0.2889045,9.746235,-0.07155806998770231,0,0.046168316287518635,0.044876038992892775,2,27.45617111256357
21.594,0.16019730000000001,-0.2889045,9.746235,-0.07087912415994424,0,0.04243411423487467,0.04323654143971147,2,27.45687601320703
21.609,0.1377324,-0.3503151,9.690808500000001,-0.07126673780598836,0,-0.02584090973627342,0.04167044747496694,2,27.45751281562389
21.625,0.17667810000000003,-0.3503151,9.723770100000001,-0.07098859443308037,0,0.017383960806751336,0.040032404817054515,2,27.458166438442227
21.641,0.15568469999999998,-0.3083283,9.723770100000001,-0.0707507968707759,0,0.014862347644030688,0.03839848968662379,2,27.458793885598258
21.656,0.15568469999999998,-0.34580249999999996,9.7582032,-0.06981831635299862,0,0.06216536785181623,0.036844221337445436,2,27.45935820593094
21.672,0.15568469999999998,-0.34580249999999996,9.7582032,-0.06890411976694288,0,0.05713728662847721,0.03523444184848578,2,27.459934835236428
21.688,0.20355750000000003,-0.36071369999999997,9.771642900000002,-0.06771672198139811,0,0.0742123615965566,0.03364147511449917,2,27.460485842572133
21.703,0.15568469999999998,-0.35777070000000005,9.771642900000002,-0.06657196632449569,0,0.07631704379349169,0.032134309952204926,2,27.460979160960132
21.719,0.15568469999999998,-0.35777070000000005,9.771642900000002,-0.06544965685694315,0,0.07014434172202591,0.030578136966753294,2,27.461480860535485
21.734,0.11978010000000001,-0.31136939999999996,9.818044200000001,-0.06348109768099519,0,0.13123727839652563,0.029111156307718718,2,27.461928530235042
21.75,0.11978010000000001,-0.31136939999999996,9.818044200000001,-0.06155113770457454,0,0.12062249852630376,0.027610898424634267,2,27.4623823066729
21.766,0.1661814,-0.347274,9.771642900000002,-0.06053130808336782,0,0.06373935132542732,0.026134238858330834,2,27.462812267771163
21.781,0.1661814,-0.347274,9.771642900000002,-0.059531475121401556,0,0.06665553079774832,0.02473376798429503,2,27.463193777822482
21.797,0.15421320000000002,-0.3547296,9.8136297,-0.057727214777296254,0,0.11276627150656875,0.02329569846510534,2,27.463578013554077
21.813,0.15421320000000002,-0.3547296,9.8136297,-0.05595833208699652,0,0.11055516814374551,0.0218862140901911,2,27.46393946885452
21.828,0.15421320000000002,-0.3278502,9.834525,-0.05383301578458699,0,0.14168775349396331,0.02056277898115419,2,27.464257836302554
21.844,0.15568469999999998,-0.3278502,9.856989900000002,-0.05130872879846926,0,0.15776793663234046,0.01922164502448965,2,27.464576111694598
21.859,0.1332198,-0.3202965,9.821085300000002,-0.0495488297165263,0,0.11732660546285967,0.017965213335627152,2,27.464855013132297
21.875,0.1406754,-0.3173535,9.821085300000002,-0.0478232734027646,0,0.10784726961011815,0.016686236510672907,2,27.465132224731068
21.891,0.1406754,-0.33824879999999996,9.8016615,-0.04649847909962013,0,0.08279964394653862,0.015431662490653912,2,27.465389167923078
21.906,0.1392039,-0.33824879999999996,9.7058178,-0.04707804096986479,0,-0.038637458016309224,0.01422983859013275,2,27.465611629181183
21.922,0.1437165,-0.3083283,9.7058178,-0.04766447865030621,0,-0.03665235502758469,0.0129718984331713,2,27.46582924307737
21.938,0.1437165,-0.33981839999999996,9.7507476,-0.047338471268760784,0,0.020375461346591208,0.011711874833818844,2,27.466026713263506
21.953,0.1302768,-0.33981839999999996,9.8196138,-0.045673171375215205,0,0.11101999290303445,0.010514287513989001,2,27.466193409481114
21.969,0.16019730000000001,-0.3487455,9.8196138,-0.04402572085617962,0,0.10296565743971267,0.00929669637613776,2,27.466351897352236
21.984,0.16019730000000001,-0.33981839999999996,9.776155500000002,-0.043268203568517905,0,0.05050115251077896,0.008141991942952502,2,27.46648268751463
22.0,0.113796,-0.33981839999999996,9.7956774,-0.04215575439235053,0,0.06952807351046852,0.006958600279265634,2,27.46660349225241
22.016,0.1332198,-0.32333760000000006,9.788123700000002,-0.041219267854820885,0,0.058530408595609325,0.005791600101288336,2,27.466705493855454
22.031,0.1482291,-0.318825,9.788123700000002,-0.04029981598117871,0,0.06129679157614262,0.004680206972518315,2,27.46678403240851
22.047,0.1482291,-0.3248091,9.7791966,-0.0395694620529099,0,0.04564712051679565,0.0035412527482455336,2,27.466849804086273
22.063,0.17069399999999998,-0.3248091,9.8046045,-0.038348406315803274,0,0.07631598356917244,0.0024179098012958983,2,27.46689747738667
22.078,0.16166880000000003,-0.37268190000000007,9.8046045,-0.037120927413687,0,0.08183192680774855,0.001351889798324699,2,27.466925750883668
22.094,0.16166880000000003,-0.33530580000000004,9.8046045,-0.03594395583475851,0,0.07356072368302223,0.00026737073233706887,2,27.466938704967912
22.109,0.1062423,-0.33530580000000004,9.7971489,-0.03495099453653516,0,0.06619741988155411,0.0,2,27.466940710248405
22.125,0.1122264,-0.2948886,9.7971489,-0.03400166907694313,0,0.059332841224508534,-0.00031596270435542027,2,27.46693818254677
22.141,0.1122264,-0.3248091,9.7971489,-0.03305241386874691,0,0.0593284505122703,-0.0003523953679208827,2,27.46693283568219
22.156,0.142245,-0.33981839999999996,9.777627,-0.03248666799907696,0,0.037716391311328805,-0.0003439384819295811,2,27.466927613178317
22.172,0.1466595,-0.33981839999999996,9.8120601,-0.031256059969924976,0,0.07691300182199018,-0.00035388030568165056,2,27.466922030628016
22.188,0.1482291,-0.36071369999999997,9.8120601,-0.030034504662436845,0,0.07634720671801662,-0.0003442048227404906,2,27.46691644594699
22.203,0.1482291,-0.347274,9.7941078,-0.029198146464691987,0,0.05575721318298839,-0.00028844970619397404,2,27.466911701038022
22.219,0.13469129999999999,-0.347274,9.7806681,-0.0286453514973406,0,0.034549685459457934,-0.00025119768989028844,2,27.466907383858853
22.234,0.13469129999999999,-0.347274,9.7806681,-0.02810339564699582,0,0.036130390022983794,-0.00017681329347282726,2,27.466904173776477
22.25,0.15421320000000002,-0.344331,9.7732125,-0.027714535400821916,0,0.024303765385871767,-0.0001233567418553183,2,27.466901772416193
22.266,0.1497006,-0.344331,9.7612443,-0.027569171986600693,0,0.009085213388827397,-6.562640095465061e-05,2,27.46690026055105
22.281,0.15421320000000002,-0.29783160000000003,9.7612443,-0.027455253116052347,0,0.007594591369889463,0.0,2,27.46689976835304
22.297,0.15421320000000002,-0.31136939999999996,9.764187300000001,-0.027277620345492082,0,0.011102048160015345,-0.000416172576916968,2,27.466896438972427
22.313,0.1392039,-0.3503151,9.8165727,-0.026055628445682544,0,0.07637449373810454,-0.00034283856724631745,2,27.466890366883273
22.328,0.1377324,-0.3503151,9.8076456,-0.025032916373657343,0,0.06818080480167743,-0.00022600265339138212,2,27.46688610057412
22.344,0.1377324,-0.3503151,9.8076456,-0.024030257479514816,0,0.06266618088390095,-0.00011850804421680364,2,27.466883344488537
22.359,0.145188,-0.37572300000000003,9.8076456,-0.02302672613735446,0,0.06690208947735464,0.0,2,27.466882455678206
22.375,0.145188,-0.32932170000000005,9.8016615,-0.022192805999402765,0,0.05212000862198659,-0.0003331916784373515,2,27.46687979014478
22.391,0.1122264,-0.3278502,9.7895952,-0.021621131315679776,0,0.035729667732690755,-0.00018370317695797292,2,27.466875654985937
22.406,0.1122264,-0.34580249999999996,9.8136297,-0.020577621728369522,0,0.06956730582068096,-1.938247883546962e-07,2,27.466874275758425
22.422,0.1122264,-0.34580249999999996,9.8136297,-0.019554573113360618,0,0.06394053843804931,0.0,2,27.466874274207825
22.438,0.16912439999999998,-0.34580249999999996,9.752219100000001,-0.01973880173745357,0,-0.011514289005810798,-0.00013559838232871102,2,27.466873189420767
22.453,0.15421320000000002,-0.35777070000000005,9.7417224,-0.020121456082920375,0,-0.025510289697785973,0.0,2,27.4668721724329
22.469,0.15421320000000002,-0.35777070000000005,9.7417224,-0.02049660740200565,0,-0.02344695744282714,-0.0002594948238609715,2,27.46687009647431
22.484,0.1122264,-0.3173535,9.759674700000001,-0.020551298709463595,0,-0.003646087163862768,-6.735411969700095e-05,2,27.466867645107232
22.5,0.1122264,-0.3173535,9.759674700000001,-0.020604917638342712,0,-0.003351183054945231,0.0,2,27.466867106274275
22.516,0.1526436,-0.3278502,9.800091900000002,-0.01984798655637654,0,0.04730819262289098,-0.00022022708403713134,2,27.466865344457602
22.531,0.1526436,-0.3278502,9.800091900000002,-0.019105897260331517,0,0.049472619736333004,-1.2381212662452429e-05,2,27.466863599895376
22.547,0.1317483,-0.3427614,9.8285409,-0.017816869303821647,0,0.08056424728185782,0.0,2,27.466863500845676
22.563,0.1317483,-0.3427614,9.8285409,-0.016553116405281898,0,0.07898455615874304,-8.272323084851027e-05,2,27.46686283905983
22.578,0.1317483,-0.34580249999999996,9.845021700000002,-0.01498913117442413,0,0.10426568205718054,0.0,2,27.466862218635598
22.594,0.1482291,-0.34580249999999996,9.771642900000002,-0.01488896327422573,0,0.006260493762399309,-5.83148432855389e-05,2,27.466861752116852
22.609,0.1287072,-0.37268190000000007,9.771642900000002,-0.014776818244531142,0,0.007476335312972254,0.0,2,27.466861314755526
22.625,0.1466595,-0.3547296,9.777627,-0.014557762816155062,0,0.013690964273506532,-1.5484853161686768e-05,2,27.466861190876703
22.641,0.1466595,-0.3098979,9.788123700000002,-0.01416716706036425,0,0.024412234736928464,0.0,2,27.46686106699788
22.656,0.11526750000000001,-0.3098979,9.783611100000002,-0.013880892747362594,0,0.01908495420010964,0.0,2,27.46686106699788
22.672,0.1406754,-0.33981839999999996,9.783611100000002,-0.013574251582832986,0,0.01916507278309839,-0.0001752858953733647,2,27.466859664710714
22.688,0.1406754,-0.3487455,9.743193900000001,-0.014059374733681906,0,-0.03032019692806088,0.0,2,27.46685826242355
22.703,0.10928340000000002,-0.3487455,9.7866522,-0.013691348219536437,0,0.024535100943030384,-0.00010448532805460396,2,27.466857478783588
22.719,0.1646118,-0.32333760000000006,9.7866522,-0.013332462008664336,0,0.022430388179503755,0.0,2,27.466856642900964
22.734,0.1646118,-0.3218661,9.8255979,-0.012218440468345193,0,0.07426810268794008,-1.2307578457812496e-05,2,27.466856550594127
22.75,0.1377324,-0.3218661,9.8046045,-0.011545739759636575,0,0.042043794294293245,0.0,2,27.4668564521335
22.766,0.09427410000000001,-0.3173535,9.8046045,-0.010899187686369771,0,0.040409504579179696,0.0,2,27.4668564521335
22.781,0.15421320000000002,-0.3427614,9.7911648,-0.010496999558204934,0,0.026812541877654826,-4.2451844183994183e-05,2,27.466856133744667
22.797,0.15421320000000002,-0.3338343,9.774684,-0.010431665906182275,0,0.00408335325141572,0.0,2,27.466855794129913
22.813,0.1362609,-0.3338343,9.777627,-0.01031517328364373,0,0.007280788908659821,0.0,2,27.466855794129913
22.828,0.15568469999999998,-0.36669779999999996,9.777627,-0.010172216735153228,0,0.009530436566033149,-2.951130655868238e-05,2,27.466855572795115
22.844,0.15568469999999998,-0.3592422,9.8165727,-0.009274453601449295,0,0.05611019585648951,0.0,2,27.46685533670466
22.859,0.1122264,-0.3592422,9.8016615,-0.008698074230245822,0,0.038425291413563385,0.0,2,27.46685533670466
22.875,0.1212516,-0.33824879999999996,9.8016615,-0.008145526002692804,0,0.03453426422206743,0.0,2,27.46685533670466
22.891,0.1212516,-0.31284090000000003,9.7672284,-0.008295110519870974,0,-0.009349032323636628,-8.615252203322994e-05,2,27.466854647484485
22.906,0.1287072,-0.31284090000000003,9.8285409,-0.007238402554042622,0,0.07044719772188746,0.0,2,27.46685400134057
22.922,0.1646118,-0.3173535,9.8285409,-0.006189080895699917,0,0.06558260364641176,0.0,2,27.46685400134057
22.938,0.1646118,-0.3173535,9.8285409,-0.0051603341718333695,0,0.06429667024166627,0.0,2,27.46685400134057
22.953,0.1287072,-0.3427614,9.783611100000002,-0.005025901211460848,0,0.008962197358167754,0.0,2,27.46685400134057
22.969,0.1287072,-0.3427614,9.783611100000002,-0.004894104191487614,0,0.008237313748326225,-5.662586682409973e-05,2,27.46685354833364
22.984,0.1586277,-0.3248091,9.7701714,-0.0050316269379990786,0,-0.009168183100763972,0.0,2,27.466853123639638
23.0,0.1586277,-0.3248091,9.7701714,-0.005166453160068585,0,-0.008426638879345067,0.0,2,27.466853123639638
23.016,0.1392039,-0.3771945,9.7926363,-0.0048274461587993756,0,0.021187937579327912,0.0,2,27.466853123639638
23.031,0.1392039,-0.3771945,9.7926363,-0.004495086353633937,0,0.022157320344361735,0.0,2,27.466853123639638
23.047,0.15421320000000002,-0.33226469999999997,9.7926363,-0.004196725754040287,0,0.01864753747460104,0.0,2,27.466853123639638
23.063,0.15421320000000002,-0.3532581,9.771642900000002,-0.004301134035543441,0,-0.006525517593947869,-4.1054652035604766e-08,2,27.4668531233112
23.078,0.1302768,-0.3532581,9.7791966,-0.004262320045537393,0,0.0025875993337364364,0.0,2,27.46685312300329
23.094,0.1526436,-0.35777070000000005,9.7791966,-0.004214713706177875,0,0.0029753962099695608,0.0,2,27.46685312300329
23.109,0.18109260000000002,-0.34580249999999996,9.7851807,-0.004049723020361995,0,0.010999379054391587,0.0,2,27.46685312300329
23.125,0.18109260000000002,-0.34580249999999996,9.7806681,-0.003976379446127609,0,0.0045839733896496145,0.0,2,27.46685312300329
23.141,0.1377324,-0.34580249999999996,9.8016615,-0.003506982478354459,0,0.029337310485825118,0.0,2,27.46685312300329
23.156,0.11673900000000001,-0.3173535,9.774684,-0.00359964260408141,0,-0.006177341715129835,0.0,2,27.46685312300329
23.172,0.11673900000000001,-0.3173535,9.774684,-0.0036904858645971927,0,-0.005677703782235785,0.0,2,27.46685312300329
23.188,0.173637,-0.3173535,9.803133,-0.0032055442591438776,0,0.03030885034083553,0.0,2,27.46685312300329
