timestamps,acc_x,acc_y,acc_z,aAcc,aStages,aJerk,aVelocity,avStages,aHeight
0.047,0.17667810000000003,-0.3173535,9.7552602,0.01478425174267528,0,0.0,0.0,0,0.0
0.078,0.1856052,-0.30685680000000004,9.774684,0.015253538765605867,0,0.015138291062276992,0.0,0,0.0
0.094,0.1856052,-0.3008727,9.803133,0.01640027152853385,0,0.07167079768299889,0.0002188162352314755,0,1.7505298818518042e-06
0.109,0.20355750000000003,-0.3008727,9.6938496,0.014864120385498225,0,-0.10241007620237497,0.0,0,3.3916516460878706e-06
0.125,0.2394621,-0.31284090000000003,9.6938496,0.013394665015926677,0,-0.09184096059822178,0.00017936945779811536,0,4.826607308472794e-06
0.141,0.2394621,-0.24701580000000004,9.771642900000002,0.013810935410635494,0,0.026016899669301118,0.0,0,6.261562970857715e-06
0.156,0.17510850000000003,-0.24701580000000004,9.7791966,0.01436792359922201,0,0.037132545905767686,0.00010835570378454418,0,7.074230749241797e-06
0.172,0.1437165,-0.2784078,9.7791966,0.014919410479182105,0,0.03446792999750595,0.0,0,7.94107637951815e-06
0.188,0.1437165,-0.2934171,9.702776700000001,0.013605291333677272,0,-0.08213244659405199,7.085199091465223e-05,0,8.50789230683537e-06
0.203,0.1317483,-0.2948886,9.7058178,0.012394302101879973,0,-0.0807326154531532,0.0,0,9.039282238695261e-06
0.219,0.2140542,-0.2948886,9.6967926,0.011028616281951287,0,-0.08535536374554294,0.0,0,9.039282238695261e-06
0.234,0.1586277,-0.2858634,9.6967926,0.009663690298884475,0,-0.09099506553778736,0.0001084245881082498,0,9.852466649507135e-06
0.25,0.1586277,-0.3053853,9.7582032,0.009843445733483946,0,0.011234714662466958,0.0,0,1.0719863354373133e-05
0.281,0.1781496,-0.3023442,9.7268112,0.009259557513487948,0,-0.018835103870838636,6.057822669526189e-05,0,1.1658825868149693e-05
0.297,0.1781496,-0.2994012,9.7417224,0.009051146660789655,0,-0.01302567829364335,0.0,0,1.2143451681711787e-05
0.313,0.1796211,-0.2994012,9.683352900000001,0.007425750271778497,0,-0.10158727431319726,0.0,0,1.2143451681711787e-05
0.328,0.2200383,-0.315882,9.683352900000001,0.005873087624886253,0,-0.10351084312614954,0.0,0,1.2143451681711787e-05
0.344,0.2200383,-0.2694807,9.699833700000001,0.004725824266840206,0,-0.0717039598778781,2.341161490882447e-05,0,1.2330744600982382e-05
0.359,0.19011780000000003,-0.29783160000000003,9.7222986,0.004158894180639194,0,-0.03779533908006742,0.0,0,1.2506331712798566e-05
0.391,0.15568469999999998,-0.29783160000000003,9.7851807,0.005123665657965404,0,0.03014910866644402,0.0,0,1.2506331712798566e-05
0.406,0.21709530000000002,-0.2994012,9.7851807,0.006094585820646259,0,0.06472801084539027,0.0,0,1.2506331712798566e-05
0.422,0.21709530000000002,-0.2843919,9.8105886,0.007650204309946673,0,0.09722615558127615,0.0,0,1.2506331712798566e-05
0.438,0.1930608,-0.2843919,9.728282700000001,0.007149415234822598,0,-0.03129931719525467,5.106012417507855e-05,0,1.2914812706199195e-05
0.453,0.1870767,-0.2948886,9.728282700000001,0.0066656082969416275,0,-0.032253795858731345,0.0,0,1.3297763637512284e-05
0.469,0.1870767,-0.3262806,9.6938496,0.005378826366230882,0,-0.08042387066942179,0.0,0,1.3297763637512284e-05
0.5,0.18864630000000002,-0.2814489,9.6848244,0.0038699261084804704,0,-0.04867420186291647,0.0,0,1.3297763637512284e-05
0.516,0.1062423,-0.3173535,9.6967926,0.002686037772486216,0,-0.07399302099964082,0.0,0,1.3297763637512284e-05
0.531,0.1062423,-0.2260224,9.7941078,0.003841402805926819,0,0.0770243355627068,0.0,0,1.3297763637512284e-05
0.547,0.1526436,-0.2260224,9.8165727,0.005531252954705579,0,0.10561563429867239,7.076870279760714e-05,0,1.386391325989314e-05
0.563,0.21709530000000002,-0.315882,9.8165727,0.007269934088249386,0,0.10866757084648858,0.0,0,1.4430062882273994e-05
0.578,0.21709530000000002,-0.2514303,9.6758973,0.005491698903508535,0,-0.1185490123160566,0.0,0,1.4430062882273994e-05
0.594,0.16166880000000003,-0.3083283,9.8091171,0.007017699536500999,0,0.09537503956202889,0.0,0,1.4430062882273994e-05
0.609,0.16166880000000003,-0.32333760000000006,9.683352900000001,0.005452948403670277,0,-0.10431674218871469,0.0,0,1.4430062882273994e-05
0.625,0.205029,-0.32333760000000006,9.7567317,0.005734711613557764,0,0.017610200617967902,5.1996773788615114e-05,0,1.4846037072582915e-05
0.641,0.1571562,-0.2829204,9.7567317,0.005957337846338007,0,0.01391413954876518,0.0,0,1.5262011262891838e-05
0.656,0.1571562,-0.2784078,9.6938496,0.0046384880650442994,0,-0.08792331875291373,0.0,0,1.5262011262891838e-05
0.672,0.17510850000000003,-0.2694807,9.783611100000002,0.005541269319548903,0,0.05642382840653765,0.0,0,1.5262011262891838e-05
0.703,0.2006145,-0.2814489,9.7791966,0.006334580389513178,0,0.025590679676267016,0.0,0,1.5262011262891838e-05
0.719,0.2006145,-0.2814489,9.7791966,0.00710854240899117,0,0.04837262621737444,9.806057575839112e-05,0,1.6046495868958967e-05
0.734,0.2006145,-0.2918475,9.747706500000001,0.007103510354252052,0,-0.0003354703159412032,0.0,0,1.67819501871469e-05
0.75,0.1990449,-0.2918475,9.698362200000002,0.005895090800640546,0,-0.07552622210071906,0.0,0,1.67819501871469e-05
0.766,0.19757340000000004,-0.2724237,9.698362200000002,0.004701638274042352,0,-0.07459078291238701,0.0,0,1.67819501871469e-05
0.781,0.19757340000000004,-0.2694807,9.7132734,0.003898762608391948,0,-0.05352504437669357,0.0,0,1.67819501871469e-05
0.797,0.1930608,-0.2694807,9.746235,0.0039167326432067995,0,0.001123127175928217,2.044058195036641e-05,0,1.694547484274983e-05
0.813,0.1796211,-0.2889045,9.746235,0.003941563971730844,0,0.0015519580327527742,0.0,0,1.7108999498352762e-05
0.828,0.0928026,-0.287433,9.743193900000001,0.003861013413914094,0,-0.005370037187783315,0.0,0,1.7108999498352762e-05
0.844,0.0928026,-0.24701580000000004,9.8584614,0.0065657860296770565,0,0.16904828848518502,0.0,0,1.7108999498352762e-05
0.859,0.2350476,-0.24701580000000004,9.7791966,0.007330126423910954,0,0.05095602628225981,0.0,0,1.7108999498352762e-05
0.875,0.1526436,-0.2649681,9.7791966,0.00804746208598317,0,0.04483347887951346,0.0,0,1.7108999498352762e-05
0.891,0.1526436,-0.3039138,9.7567317,0.008227323041586132,0,0.011241309725185101,8.267901331255115e-05,0,1.7770431604853173e-05
0.922,0.18864630000000002,-0.2604555,9.7297542,0.007729878300906989,0,-0.016046604538036847,0.0,0,1.9051956311197716e-05
0.938,0.18864630000000002,-0.2649681,9.7582032,0.007941028309076614,0,0.013196875510601638,0.0,0,1.9051956311197716e-05
0.953,0.1870767,-0.2649681,9.8076456,0.009351541644109673,0,0.09403422233553718,8.507716164996015e-05,0,1.9690035023572417e-05
0.969,0.16019730000000001,-0.3173535,9.8076456,0.010753960587962297,0,0.08765118399078889,0.0,0,2.0370652316772098e-05
0.984,0.20355750000000003,-0.2934171,9.7327953,0.010299207933305965,0,-0.03031684364375543,0.0,0,2.0370652316772098e-05
1.0,0.20355750000000003,-0.2798793,9.7971489,0.011414443641964311,0,0.0697022317911466,7.75291560182103e-05,0,2.099088556491778e-05
1.031,0.1272357,-0.2798793,9.689337,0.009842819458627972,0,-0.05069755430117239,0.0,0,2.2192587483200037e-05
1.047,0.142245,-0.29783160000000003,9.689337,0.008327661854625745,0,-0.09469735025013906,5.238058458341757e-05,0,2.261163215986738e-05
1.063,0.142245,-0.3098979,9.7582032,0.008537314860239675,0,0.013103312850870618,0.0,0,2.303067683653472e-05
1.078,0.18266220000000002,-0.3098979,9.7252416,0.007954861144307657,0,-0.03883024772880092,0.0,0,2.303067683653472e-05
1.094,0.2065986,-0.2963601,9.7252416,0.007388004692153061,0,-0.035428528259662216,0.0,0,2.303067683653472e-05
1.109,0.2065986,-0.2798793,9.7732125,0.007992350959606043,0,0.040289751163532395,4.9087312416323456e-05,0,2.3398831679657145e-05
1.125,0.1257642,-0.3039138,9.698362200000002,0.0067413746581941325,0,-0.07818601883824432,0.0,0,2.3791530178987734e-05
1.141,0.1511721,-0.2738952,9.7447635,0.00663910801899803,0,-0.006391664949756398,0.0,0,2.3791530178987734e-05
1.156,0.1511721,-0.2709522,9.8151012,0.008252020976620145,0,0.10752753050814168,0.0,0,2.3791530178987734e-05
1.172,0.2140542,-0.2709522,9.764187300000001,0.0086130831487079,0,0.02256638575548473,2.0605279246022068e-05,0,2.395637241295591e-05
1.188,0.1930608,-0.2829204,9.764187300000001,0.008962945059511895,0,0.021866369425249645,0.0,0,2.4121214646924087e-05
1.203,0.1930608,-0.2784078,9.728282700000001,0.00842591866402742,0,-0.03580175969896467,0.0,0,2.4121214646924087e-05
1.234,0.1721655,-0.2784078,9.7447635,0.00829417316193748,0,-0.00424985490612716,5.079140614078041e-05,0,2.4908481442106182e-05
1.25,0.1406754,-0.3427614,9.7447635,0.008203314378645743,0,-0.00567867395573351,0.0,0,2.5314812691232427e-05
1.266,0.1406754,-0.2559429,9.7507476,0.008195549106378763,0,-0.0004853295166862277,0.0,0,2.5314812691232427e-05
1.281,0.1856052,-0.2559429,9.687865500000001,0.006673400053610834,0,-0.10147660351786261,0.0,0,2.5314812691232427e-05
1.297,0.21258269999999999,-0.2664396,9.687865500000001,0.005208789442121997,0,-0.09153816321805222,2.0536849011426953e-05,0,2.5479107483323844e-05
1.313,0.173637,-0.3173535,9.708858900000001,0.004310048449662318,0,-0.05617131202872989,0.0,0,2.564340227541526e-05
1.344,0.173637,-0.2934171,9.7582032,0.004617658371300237,0,0.009922900697997346,0.0,0,2.564340227541526e-05
1.359,0.18413369999999998,-0.3143124,9.7582032,0.004938315374779734,0,0.0213771335652999,0.0,0,2.564340227541526e-05
1.375,0.18413369999999998,-0.2994012,9.702776700000001,0.003888737904233608,0,-0.06559859190913281,0.0,0,2.564340227541526e-05
1.391,0.2006145,-0.2994012,9.7327953,0.0036043822642657375,0,-0.017772227497991882,0.0,0,2.564340227541526e-05
1.406,0.1661814,-0.2948886,9.7327953,0.003307789029515007,0,-0.019772882316715496,0.0,0,2.564340227541526e-05
1.422,0.1661814,-0.3008727,9.7821396,0.0042256675715748315,0,0.057367408878738986,4.9407136058396764e-05,0,2.6038659363882437e-05
1.438,0.21709530000000002,-0.3008727,9.7552602,0.004490347509769066,0,0.016542496137139637,0.0,0,2.6433916452349612e-05
1.453,0.18864630000000002,-0.3039138,9.7552602,0.004736449595693415,0,0.016406805728289797,0.0,0,2.6433916452349612e-05
1.469,0.23053500000000002,-0.2738952,9.7851807,0.005706095338114281,0,0.06060285890130407,0.0,0,2.6433916452349612e-05
1.484,0.23053500000000002,-0.2918475,9.749178,0.005787261416365652,0,0.005411071883424784,0.0,0,2.6433916452349612e-05
1.5,0.18864630000000002,-0.2918475,9.690808500000001,0.004421761158640791,0,-0.08534376610780374,0.0,0,2.6433916452349612e-05
1.516,0.2065986,-0.2829204,9.690808500000001,0.0030920364094164654,0,-0.0831077968265203,0.0,0,2.6433916452349612e-05
1.547,0.17667810000000003,-0.3278502,9.702776700000001,0.002106524241915153,0,-0.03179071508068758,8.043702136932736e-05,0,2.7680690283574183e-05
1.563,0.1646118,-0.2858634,9.702776700000001,0.0011075108556735103,0,-0.06243833664010262,0.0,0,2.8324186454528804e-05
1.578,0.1646118,-0.2664396,9.7732125,0.0018364461092605922,0,0.04859568357247172,0.0,0,2.8324186454528804e-05
1.594,0.2394621,-0.2664396,9.749178,0.001999507278744872,0,0.010191323092767482,0.0,0,2.8324186454528804e-05
1.609,0.16765290000000002,-0.2858634,9.8016615,0.0034148063366146175,0,0.09435327052465031,0.0,0,2.8324186454528804e-05
1.625,0.2230794,-0.35178660000000006,9.8016615,0.0048747735041949625,0,0.09124794797377148,0.0,0,2.8324186454528804e-05
1.641,0.2230794,-0.3023442,9.776155500000002,0.005637285516636226,0,0.04765700077757891,0.0,0,2.8324186454528804e-05
1.656,0.17667810000000003,-0.3023442,9.7971489,0.006869783290298415,0,0.08216651824414646,0.0,0,2.8324186454528804e-05
1.672,0.1586277,-0.2889045,9.7971489,0.008054805687500277,0,0.07406389982511634,6.31367973738077e-05,0,2.8829280833519266e-05
1.688,0.1586277,-0.2769363,9.7058178,0.006976104362649949,0,-0.06741883280314548,0.0,0,2.9334375212509728e-05
1.703,0.1915893,-0.2769363,9.7342668,0.006631670942674361,0,-0.02296222799837229,0.0,0,2.9334375212509728e-05
1.719,0.1946304,-0.3008727,9.7342668,0.006314424921152195,0,-0.01982787634513537,0.0,0,2.9334375212509728e-05
1.75,0.1946304,-0.32333760000000006,9.7567317,0.006569985911728082,0,0.008243902921802833,8.8719527385199e-05,0,3.070952788698031e-05
1.766,0.1930608,-0.32333760000000006,9.7612443,0.00692853523161574,0,0.022409332492978586,0.0,0,3.1419284106061903e-05
1.781,0.21552570000000001,-0.3173535,9.747706500000001,0.006955076791829384,0,0.0017694373475762974,0.0,0,3.1419284106061903e-05
1.797,0.17510850000000003,-0.2798793,9.747706500000001,0.006933250624729936,0,-0.001364135443715496,0.0,0,3.1419284106061903e-05
1.813,0.17510850000000003,-0.2394621,9.7103304,0.005974521211577155,0,-0.05992058832204877,1.5203580730717078e-05,0,3.154091275190764e-05
1.828,0.2080701,-0.2394621,9.759674700000001,0.006257910667196498,0,0.018892630374622698,0.0,0,3.1654939607388015e-05
1.844,0.16912439999999998,-0.2814489,9.7268112,0.005742262600408665,0,-0.032228004174239516,0.0,0,3.1654939607388015e-05
1.859,0.18864630000000002,-0.2814489,9.695321100000001,0.004480358755040825,0,-0.08412692302452321,0.0,0,3.1654939607388015e-05
1.875,0.18864630000000002,-0.2814489,9.695321100000001,0.003249233052244449,0,-0.07694535642477345,0.0,0,3.1654939607388015e-05
1.891,0.1646118,-0.2634966,9.695321100000001,0.0020251627679979123,0,-0.07650439276540848,0.0,0,3.1654939607388015e-05
1.906,0.1646118,-0.2948886,9.774684,0.0027875006259172608,0,0.05082252386129023,0.0,0,3.1654939607388015e-05
1.922,0.1781496,-0.2948886,9.743193900000001,0.002769457577251444,0,-0.0011276905416135452,0.0,0,3.1654939607388015e-05
1.953,0.1915893,-0.2514303,9.6848244,0.0013054777482377489,0,-0.04722515577463512,2.736190577324986e-05,0,3.207904914687339e-05
1.969,0.1915893,-0.31136939999999996,9.728282700000001,0.0009788632753124915,0,-0.020413404557828568,0.0,0,3.2297944393059386e-05
1.984,0.1796211,-0.31136939999999996,9.7686999,0.0016397654628068636,0,0.044060145832958426,0.0,0,3.2297944393059386e-05
2.0,0.1377324,-0.287433,9.7686999,0.002250080096015239,0,0.03814466457552342,0.0,0,3.2297944393059386e-05
2.016,0.1377324,-0.3307932,9.759674700000001,0.0026589748934373603,0,0.025555924838882558,0.0,0,3.2297944393059386e-05
2.031,0.1646118,-0.3307932,9.746235,0.002740481830674213,0,0.005433795815790132,0.0,0,3.2297944393059386e-05
2.047,0.1586277,-0.33530580000000004,9.746235,0.0028213406090724646,0,0.005053673649890729,0.0,0,3.2297944393059386e-05
2.063,0.1586277,-0.2754648,9.7627158,0.0032562807483174083,0,0.027183758702808956,0.0,0,3.2297944393059386e-05
2.078,0.20954160000000002,-0.2754648,9.728282700000001,0.002864711744502202,0,-0.026104600254347653,0.0,0,3.2297944393059386e-05
2.094,0.20355750000000003,-0.3008727,9.7327953,0.00260792773926255,0,-0.016049000327478233,0.0,0,3.2297944393059386e-05
2.109,0.18266220000000002,-0.3173535,9.7327953,0.002360059594613162,0,-0.01652454297662573,0.0,0,3.2297944393059386e-05
2.125,0.18266220000000002,-0.31136939999999996,9.707289300000001,0.0014918571448081508,0,-0.05426265311281315,0.0,0,3.2297944393059386e-05
2.141,0.17667810000000003,-0.31136939999999996,9.746235,0.0015913831607967666,0,0.00622037599928848,0.0,0,3.2297944393059386e-05
2.156,0.17069399999999998,-0.30685680000000004,9.746235,0.0016823939362247131,0,0.00606738502852972,0.0,0,3.2297944393059386e-05
2.172,0.17069399999999998,-0.2963601,9.719257500000001,0.0011056852526589722,0,-0.03604429272285877,0.0,0,3.2297944393059386e-05
2.188,0.17069399999999998,-0.2963601,9.774684,0.0018940770581874489,0,0.04927448784552975,2.2564810847719788e-05,0,3.247846287984114e-05
2.203,0.1646118,-0.2858634,9.774684,0.002653076643060359,0,0.05059997232486176,0.0,0,3.264769896119904e-05
2.219,0.1646118,-0.2798793,9.7732125,0.0033534721738242013,0,0.04377472067274009,0.0,0,3.264769896119904e-05
2.25,0.2065986,-0.29783160000000003,9.7058178,0.0024265185236664877,0,-0.029901730650248693,0.0,0,3.264769896119904e-05
2.266,0.1317483,-0.3173535,9.7058178,0.00150545360725296,0,-0.05756655727584543,0.0,0,3.264769896119904e-05
2.281,0.1317483,-0.3039138,9.7956774,0.0027868028918121013,0,0.08542328563727537,0.0,0,3.264769896119904e-05
2.297,0.1646118,-0.3039138,9.777627,0.0036090382585172165,0,0.05138971041906965,0.0,0,3.264769896119904e-05
2.313,0.17667810000000003,-0.2994012,9.777627,0.004412958653860599,0,0.050245024708961375,0.0,0,3.264769896119904e-05
2.328,0.17667810000000003,-0.2604555,9.746235,0.004404830935607507,0,-0.0005418478835395151,0.0,0,3.264769896119904e-05
2.359,0.21856680000000003,-0.2604555,9.6848244,0.002920702973888467,0,-0.04787509553932364,5.2980312763455106e-05,0,3.34688938090326e-05
2.375,0.2215098,-0.2798793,9.6848244,0.0014876102356726761,0,-0.08956829613848685,0.0,0,3.389273631114024e-05
2.391,0.2215098,-0.33226469999999997,9.7507476,0.001736346459555449,0,0.015546013992673288,0.0,0,3.389273631114024e-05
2.406,0.16019730000000001,-0.33226469999999997,9.764187300000001,0.0022773319255069424,0,0.036065697730099266,0.0,0,3.389273631114024e-05
2.422,0.2006145,-0.2843919,9.7791966,0.003152326589759724,0,0.05468716651579881,0.0,0,3.389273631114024e-05
2.438,0.261927,-0.3023442,9.7791966,0.004054445527838624,0,0.05638243362993118,0.0,0,3.389273631114024e-05
2.453,0.2065986,-0.2784078,9.717786,0.0033880624209228216,0,-0.04442554046105442,0.0,0,3.389273631114024e-05
2.469,0.1646118,-0.3202965,9.717786,0.002749837729428606,0,-0.03988904321838845,0.0,0,3.389273631114024e-05
2.484,0.1646118,-0.34580249999999996,9.7732125,0.0034993076989220384,0,0.04996466463289509,0.0,0,3.389273631114024e-05
2.5,0.1497006,-0.34580249999999996,9.8225568,0.005427284558406242,0,0.12049855371776264,0.0,0,3.389273631114024e-05
2.516,0.2559429,-0.261927,9.8225568,0.0072984648051566126,0,0.11694876542189804,7.024183945093972e-05,0,3.445467102674776e-05
2.531,0.2559429,-0.24701580000000004,9.740250900000001,0.007108455949470738,0,-0.01266725704572488,0.0,0,3.4981484822629806e-05
2.563,0.20208600000000002,-0.2994012,9.7851807,0.008023130910840948,0,0.028583592542819034,0.0,0,3.4981484822629806e-05
2.578,0.11673900000000001,-0.2994012,9.7208271,0.007312856393170364,0,-0.04735163451137326,3.541903965571455e-05,0,3.524712762004766e-05
2.594,0.09878670000000002,-0.315882,9.7208271,0.006627768632570863,0,-0.042817985037468774,0.0,0,3.553047993729337e-05
2.609,0.09878670000000002,-0.3338343,9.699833700000001,0.005462308812939298,0,-0.07769732130877033,0.0,0,3.553047993729337e-05
2.625,0.1646118,-0.3338343,9.7132734,0.004674615137114202,0,-0.04923085473906848,0.0,0,3.553047993729337e-05
2.641,0.2604555,-0.2754648,9.7132734,0.003912626593914226,0,-0.04762428394999847,0.0,0,3.553047993729337e-05
2.656,0.2604555,-0.24544620000000003,9.746235,0.003953002979557141,0,0.002691759042860986,0.0,0,3.553047993729337e-05
2.672,0.2230794,-0.24544620000000003,9.702776700000001,0.002910452512605133,0,-0.06515940418450045,1.3128118899578822e-06,0,3.554098243241303e-05
2.688,0.1332198,-0.3053853,9.702776700000001,0.001894585535612947,0,-0.06349168606201155,0.0,0,3.555148492753269e-05
2.703,0.1332198,-0.37866600000000006,9.7447635,0.0019896511507031533,0,0.006337707672680553,0.0,0,3.555148492753269e-05
2.719,0.0973152,-0.34128990000000003,9.7447635,0.0020383971657729205,0,0.0030466259418604454,0.0,0,3.555148492753269e-05
2.734,0.24544620000000003,-0.34128990000000003,9.7058178,0.0012004355541321843,0,-0.055864107442715284,0.0,0,3.555148492753269e-05
2.766,0.2694807,-0.2994012,9.728282700000001,0.0009122117718529665,0,-0.009006993196225546,0.0,0,3.555148492753269e-05
2.781,0.20355750000000003,-0.2994012,9.669913200000002,-0.0008306991398914221,0,-0.11619406078295828,0.0,0,3.555148492753269e-05
2.797,0.1287072,-0.2798793,9.669913200000002,-0.0025766990092446207,0,-0.10912499183457482,0.0,0,3.555148492753269e-05
2.813,0.1287072,-0.3562992,9.759674700000001,-0.002031197903622939,0,0.03409381910135509,0.0,0,3.555148492753269e-05
2.828,0.173637,-0.3562992,9.7612443,-0.001443789572233456,0,0.03916055542596636,0.0,0,3.555148492753269e-05
2.844,0.2006145,-0.2798793,9.7612443,-0.0009187985229299755,0,0.0328119405814675,0.0,0,3.555148492753269e-05
2.875,0.19011780000000003,-0.2814489,9.777627,-1.1296180231212816e-05,0,0.029274269119314796,0.0,0,3.555148492753269e-05
2.891,0.1946304,-0.2814489,9.7342668,-0.00018067977510405342,0,-0.010586474679552529,0.0,0,3.555148492753269e-05
2.906,0.1466595,-0.3307932,9.7342668,-0.00032860625958086587,0,-0.009861765631787416,0.0,0,3.555148492753269e-05
2.922,0.1466595,-0.3008727,9.6967926,-0.0014100502410894222,0,-0.06759024884428472,0.0,0,3.555148492753269e-05
2.938,0.1466595,-0.3008727,9.6967926,-0.002465117540120687,0,-0.065941706189454,0.0,0,3.555148492753269e-05
2.953,0.11673900000000001,-0.3008727,9.7656588,-0.0018256168423906871,0,0.04263337984866757,0.0,0,3.555148492753269e-05
2.969,0.19011780000000003,-0.2604555,9.7941078,-0.0005084253809535255,0,0.08232446633982253,0.0,0,3.555148492753269e-05
2.984,0.2544714,-0.2604555,9.749178,-0.0002828463439570328,0,0.015038602466432724,0.0,0,3.555148492753269e-05
3.0,0.173637,-0.2290635,9.749178,-0.00012524429828708605,0,0.009850127854371662,0.0,0,3.555148492753269e-05
3.016,0.173637,-0.2843919,9.689337,-0.0013946478519404337,0,-0.07933772210333416,0.0,0,3.555148492753269e-05
3.031,0.1302768,-0.3487455,9.7342668,-0.0015033727999682611,0,-0.007248329868521766,0.0,0,3.555148492753269e-05
3.047,0.2215098,-0.3487455,9.731225700000001,-0.0016433769678929622,0,-0.008750260495293809,0.0,0,3.555148492753269e-05
3.063,0.21258269999999999,-0.2709522,9.731225700000001,-0.0018451874018836634,0,-0.012613152124418815,0.0,0,3.555148492753269e-05
3.078,0.21258269999999999,-0.2709522,9.717786,-0.0023696678192344223,0,-0.03496536115671801,0.0,0,3.555148492753269e-05
3.094,0.1930608,-0.2709522,9.747706500000001,-0.0021619453954162537,0,0.01298265148863552,0.0,0,3.555148492753269e-05
3.109,0.1212516,-0.31284090000000003,9.747706500000001,-0.001956933963292329,0,0.013667428808261549,0.0,0,3.555148492753269e-05
3.125,0.1212516,-0.3248091,9.7103304,-0.002658414942626308,0,-0.04384256120837367,0.0,0,3.555148492753269e-05
3.141,0.17069399999999998,-0.3248091,9.7013052,-0.003544640402619592,0,-0.0553890912495802,0.0,0,3.555148492753269e-05
3.172,0.1631403,-0.2724237,9.7222986,-0.003939962009702924,0,-0.012752309905913882,0.0,0,3.555148492753269e-05
3.188,0.1631403,-0.2724237,9.7222986,-0.004325641626369503,0,-0.024104976041661154,-2.8421990550886803e-05,0,3.53241090031256e-05
3.203,0.1915893,-0.2575125,9.7132734,-0.004919176099775768,0,-0.03956896489375186,0.0,0,3.5110944073993956e-05
3.219,0.17510850000000003,-0.2575125,9.6923781,-0.006015196934741951,0,-0.06850130218538636,0.0,0,3.5110944073993956e-05
3.234,0.16166880000000003,-0.3278502,9.6923781,-0.007038404069961146,0,-0.06821380901461245,0.0,0,3.5110944073993956e-05
3.25,0.16166880000000003,-0.3248091,9.7372098,-0.006946456174173221,0,0.005746743486745304,0.0,0,3.5110944073993956e-05
3.266,0.2080701,-0.2769363,9.7372098,-0.006871333077501873,0,0.004695193541959237,-5.556311274867304e-06,0,3.506649358379502e-05
3.281,0.2080701,-0.3053853,9.735738300000001,-0.006813172442269533,0,0.003877375682156001,0.0,0,3.502482124923351e-05
3.297,0.1631403,-0.3053853,9.7447635,-0.006557319960283081,0,0.01599078012415321,0.0,0,3.502482124923351e-05
3.313,0.1631403,-0.30685680000000004,9.7447635,-0.006306581043739712,0,0.01567118228396057,0.0,0,3.502482124923351e-05
3.328,0.1631403,-0.3098979,9.759674700000001,-0.005696158450977151,0,0.04069483951750491,0.0,0,3.502482124923351e-05
3.344,0.1631403,-0.3098979,9.759674700000001,-0.005100624214135152,0,0.03722088980262491,0.0,0,3.502482124923351e-05
3.375,0.17667810000000003,-0.2769363,9.8091171,-0.003332792430297715,0,0.05702683173669126,-0.00012517801544574157,0,3.3084562009824506e-05
3.391,0.1915893,-0.2994012,9.8091171,-0.0015851686725731895,0,0.10922648485778276,0.0,0,3.2083137886258575e-05
3.406,0.1915893,-0.2724237,9.7327953,-0.001759763723276464,0,-0.011639670046884872,0.0,0,3.2083137886258575e-05
3.422,0.20208600000000002,-0.2724237,9.803133,-0.00021040547803075071,0,0.096834890327857,0.0,0,3.2083137886258575e-05
3.438,0.1661814,-0.2889045,9.803133,0.0012962260687956473,0,0.09416447167664979,0.0,0,3.2083137886258575e-05
3.453,0.1661814,-0.258984,9.728282700000001,0.0009210169226250287,0,-0.025013943078041775,0.0,0,3.2083137886258575e-05
3.469,0.1586277,-0.258984,9.7895952,0.0020465882785192235,0,0.07034820974338711,0.0,0,3.2083137886258575e-05
3.484,0.1721655,-0.2754648,9.7895952,0.003161249259411747,0,0.07431073205950095,0.0,0,3.2083137886258575e-05
3.5,0.1721655,-0.2918475,9.7507476,0.0033133615027605146,0,0.009507015209297967,0.0,0,3.2083137886258575e-05
3.516,0.21709530000000002,-0.287433,9.7612443,0.0037362699054401816,0,0.026431775167479164,0.0,0,3.2083137886258575e-05
3.531,0.20208600000000002,-0.287433,9.708858900000001,0.0028641470327634977,0,-0.05814152484511178,0.0,0,3.2083137886258575e-05
3.547,0.19757340000000004,-0.2664396,9.708858900000001,0.001996435234755012,0,-0.05423198737553032,0.0,0,3.2083137886258575e-05
3.563,0.19757340000000004,-0.3008727,9.776155500000002,0.002814669659322533,0,0.05113965153547002,0.0,0,3.2083137886258575e-05
3.578,0.1856052,-0.3008727,9.7567317,0.003133789101823936,0,0.021274629500094,0.0,0,3.2083137886258575e-05
3.594,0.1631403,-0.2948886,9.7567317,0.003430885452534227,0,0.01856852191939316,0.0,0,3.2083137886258575e-05
3.609,0.1631403,-0.2754648,9.7627158,0.003852771459234461,0,0.02812573378001536,0.0,0,3.2083137886258575e-05
3.625,0.1466595,-0.2754648,9.7821396,0.004731502887043604,0,0.054920714238071384,0.0,0,3.2083137886258575e-05
3.641,0.17667810000000003,-0.2918475,9.7821396,0.00561247570585266,0,0.05506080117556595,0.0,0,3.2083137886258575e-05
3.656,0.1721655,-0.3367773,9.749178,0.005701848211344895,0,0.005958167032815659,5.857738023754694e-06,0,3.212707092143673e-05
3.672,0.1721655,-0.2814489,9.7552602,0.005894543560810206,0,0.012043459341581898,0.0,0,3.217393282562677e-05
3.688,0.142245,-0.2814489,9.747706500000001,0.005886644972090238,0,-0.00049366179499799,0.0,0,3.217393282562677e-05
3.703,0.1930608,-0.2829204,9.747706500000001,0.005901282148002451,0,0.0009758117274809042,0.0,0,3.217393282562677e-05
3.719,0.1930608,-0.2948886,9.7806681,0.006727626620751437,0,0.051646529546811544,0.0,0,3.217393282562677e-05
3.734,0.1930608,-0.2948886,9.728282700000001,0.0062569569633694755,0,-0.031377977158797164,0.0,0,3.217393282562677e-05
3.75,0.18413369999999998,-0.3039138,9.728282700000001,0.005800318969006568,0,-0.028539874647681682,7.616168835483834e-05,0,3.278322633246548e-05
3.781,0.18413369999999998,-0.32932170000000005,9.7372098,0.0055925438937958205,0,-0.00670242178099183,0.0,0,3.3963732501965476e-05
3.797,0.2006145,-0.32932170000000005,9.711801900000001,0.004778553760045767,0,-0.05087438335937828,0.0,0,3.3963732501965476e-05
3.813,0.20954160000000002,-0.2948886,9.711801900000001,0.0039620419643124904,0,-0.05103198723332975,0.0,0,3.3963732501965476e-05
3.828,0.1646118,-0.3008727,9.7612443,0.004353988367874706,0,0.026129760237481595,0.0,0,3.3963732501965476e-05
3.844,0.1646118,-0.2994012,9.7507476,0.004479412020142348,0,0.00783897826672763,3.8682040349413e-05,0,3.427318882476078e-05
3.859,0.2260224,-0.2994012,9.7672284,0.005033433147696442,0,0.036934741836939296,0.0,0,3.456330412738138e-05
3.875,0.1781496,-0.315882,9.7417224,0.004940784203949278,0,-0.005790558984197775,0.0,0,3.456330412738138e-05
3.891,0.1930608,-0.315882,9.8076456,0.006464050231411278,0,0.09520412671637493,0.0,0,3.456330412738138e-05
3.906,0.1631403,-0.3202965,9.8076456,0.007940410113722152,0,0.09842399215405744,0.0,0,3.456330412738138e-05
3.922,0.1631403,-0.2694807,9.7536906,0.008028224152640817,0,0.005488377432416586,1.6843320123659244e-05,0,3.4698050688370655e-05
3.938,0.20208600000000002,-0.2694807,9.7208271,0.007330601207995002,0,-0.04360143404036339,0.0,0,3.483279724935993e-05
3.953,0.173637,-0.2738952,9.752219100000001,0.007404833292815383,0,0.004948805654692129,0.0,0,3.483279724935993e-05
3.984,0.173637,-0.2575125,9.752219100000001,0.007466373910453683,0,0.001985181214138715,0.0,0,3.483279724935993e-05
4.0,0.173637,-0.2994012,9.7297542,0.007007990203945269,0,-0.02864898165677585,9.652830633068155e-05,0,3.560502370000538e-05
4.016,0.205029,-0.2994012,9.743193900000001,0.006903245926217494,0,-0.006546517357985942,0.0,0,3.637725015065083e-05
4.031,0.21101310000000004,-0.2918475,9.743193900000001,0.006798584218881132,0,-0.006977447155757618,0.0,0,3.637725015065083e-05
4.047,0.21101310000000004,-0.2634966,9.7447635,0.006715041146591716,0,-0.005221442018088491,0.0,0,3.637725015065083e-05
4.063,0.205029,-0.2634966,9.7327953,0.006338685958382939,0,-0.023522199263048528,2.312074122379909e-05,0,3.6562216080441226e-05
4.094,0.1661814,-0.2948886,9.681881400000002,0.004734354210938818,0,-0.05175263701432551,0.0,0,3.692058756941012e-05
4.109,0.1661814,-0.2948886,9.7058178,0.003752611551442797,0,-0.06544951063306946,0.0,0,3.692058756941012e-05
4.125,0.1661814,-0.2784078,9.7297542,0.003366439037032265,0,-0.024135782150658237,0.0,0,3.692058756941012e-05
4.141,0.16765290000000002,-0.3173535,9.7297542,0.003019364194909002,0,-0.021692177632703903,0.0,0,3.692058756941012e-05
4.156,0.16765290000000002,-0.3039138,9.836094600000001,0.005262333531319996,0,0.14953128909406943,0.0,0,3.692058756941012e-05
4.172,0.1946304,-0.3039138,9.8644455,0.00815372769448075,0,0.18071213519754697,3.588516038260589e-05,0,3.7207668852470965e-05
4.203,0.19610190000000002,-0.3039138,9.9707859,0.013567255528515787,0,0.1746299301301592,0.0,0,3.776388883840137e-05
4.219,0.16912439999999998,-0.3039138,10.0755567,0.021390551060461505,1,0.4889559707466069,0.0006522228530508769,0,4.2981671662808393e-05
4.234,0.2006145,-0.2798793,10.0755567,0.029020145780302542,1,0.5086396479894133,0.0010303030793566,0,5.56006161558642e-05
4.25,0.2006145,-0.318825,10.0440666,0.035724343487354204,1,0.4190123566907285,0.0015482589934978524,0,7.622911273869984e-05
4.266,0.21856680000000003,-0.318825,10.112932800000001,0.04395258383182643,1,0.5142650215295137,0.002185674412051296,0,0.00010610057998309305
4.281,0.16912439999999998,-0.3083283,10.0261143,0.049832868417755805,1,0.3920189723953,0.002889065303923148,0,0.00014416112785290057
4.313,0.1631403,-0.30685680000000004,10.0261143,0.055566214037519046,1,0.17916705061760113,0.004575450623207546,0,0.0002635933826869918
4.328,0.1631403,-0.3173535,10.011203100000001,0.060804229311486324,1,0.349201018264472,0.005448228948325119,0,0.00033877097947348963
4.344,0.1631403,-0.3173535,10.023171300000001,0.06620621040572594,1,0.33762381838997574,0.006464312466062817,0,0.00043407131078859317
4.359,0.1856052,-0.2350476,10.023171300000001,0.0714306747875213,1,0.3482976254530312,0.00749658910501215,0,0.0005387780725716532
4.375,0.1856052,-0.2634966,10.0425951,0.07701846831351489,1,0.349237095374599,0.00868418224982044,0,0.0006682242434103141
4.391,0.1915893,-0.2634966,9.8974071,0.07893343216370141,1,0.11968524063665764,0.009931797453638171,0,0.0008171520810379831
4.422,0.18864630000000002,-0.2738952,9.9812826,0.08285179277203802,1,0.12639872930118232,0.012439468440142109,0,0.001163906702391574
4.438,0.18109260000000002,-0.2738952,9.9812826,0.08667117311954087,1,0.23871127171892748,0.013795652167274741,0,0.001373787667250909
4.453,0.17510850000000003,-0.2889045,9.9707859,0.0901492396529342,1,0.2318711022262133,0.015121805263068354,0,0.0015906685979784905
4.469,0.20954160000000002,-0.32333760000000006,9.9707859,0.09358443133612404,1,0.21469948019936494,0.016591674630980824,0,0.001844376437130884
4.484,0.20954160000000002,-0.2918475,10.011203100000001,0.0978973090667914,1,0.2875251820444963,0.018027787684002657,0,0.0021040224044932545
4.5,0.2065986,-0.2918475,9.9827541,0.10141006913091388,1,0.21954750400765535,0.019622246709584297,0,0.0024052226796419506
4.516,0.17510850000000003,-0.2994012,9.967744800000002,0.10446207050806855,1,0.19075008607216654,0.02126922382669616,0,0.0027323544439321946
4.531,0.1571562,-0.2994012,9.990209700000001,0.10797994939878564,1,0.23452525938114402,0.022862538975997534,0,0.00306334266495239
4.547,0.1661814,-0.3218661,9.990209700000001,0.11143261301337404,1,0.21579147591177497,0.024617839475294813,0,0.0034431856925627295
4.563,0.1661814,-0.2994012,9.9932508,0.1148581685093859,1,0.2140972185007415,0.026428165727476895,0,0.0038515537341849036
4.578,0.205029,-0.3039138,10.008162,0.11858452479326864,1,0.2484237522588397,0.028178985927246873,0,0.0042611073715953475
4.594,0.1646118,-0.3039138,10.0411236,0.1230052654450251,1,0.27629629073477857,0.030111704249153222,0,0.004727432893006549
4.625,0.21856680000000003,-0.2724237,10.0411236,0.12732124855442883,1,0.13922526159367013,0.03399176521614472,0,0.005721036669718658
4.641,0.21856680000000003,-0.2738952,10.0276839,0.13120534168204756,1,0.24275582047617017,0.03605997793803653,0,0.006281450614952108
4.656,0.205029,-0.2738952,9.9827541,0.13389252230069282,1,0.17914537457635432,0.03804821191790704,0,0.0068372620388716734
4.672,0.18266220000000002,-0.3023442,9.9827541,0.13652358958098176,1,0.16444170501805896,0.04021154081296044,0,0.007463340060718614
4.688,0.18266220000000002,-0.2963601,9.999234900000001,0.13948783741501636,1,0.185265489627162,0.042419632228928424,0,0.008124389445053726
4.703,0.17667810000000003,-0.2963601,9.987266700000001,0.14208543205520208,1,0.1731729760123747,0.04453143174995514,0,0.008776522424895378
4.734,0.21101310000000004,-0.3202965,9.919872000000002,0.14301137149832321,1,0.029869014294230542,0.04895043220503474,0,0.010225491316197707
4.75,0.18109260000000002,-0.287433,10.033668,0.14664968159198466,1,0.22739438085384014,0.05126772062975721,0,0.011027236538876044
4.766,0.1930608,-0.287433,9.945279900000001,0.14805017838754075,1,0.08753104972225581,0.053625319509593414,0,0.011866380859990849
4.781,0.19011780000000003,-0.3173535,9.945279900000001,0.14943730955109125,1,0.09247541090336812,0.05585647566913311,0,0.01268749432383128
4.797,0.19011780000000003,-0.2784078,9.990209700000001,0.15185739755271754,1,0.15125550010164343,0.05826683332596358,0,0.013600480795792054
4.813,0.18413369999999998,-0.2784078,10.0186587,0.15490921887911924,1,0.19073883290010568,0.06072096625741828,0,0.01455238319245911
4.828,0.173637,-0.2738952,10.0186587,0.1578790046400531,1,0.1979857173955841,0.06306687793381216,0,0.015480792023893374
4.844,0.173637,-0.2889045,9.978241500000001,0.15980140765349837,1,0.12015018834032876,0.06560832123216058,0,0.016510193617221156
4.859,0.21856680000000003,-0.2889045,9.990209700000001,0.16199016157850288,1,0.1459169283336368,0.06802175800140053,0,0.017512419211472844
4.875,0.16765290000000002,-0.2889045,9.990209700000001,0.16410154191884985,1,0.13196127127168544,0.07063049162937936,0,0.018621637208519084
4.891,0.16765290000000002,-0.2948886,10.0291554,0.16711503740996392,1,0.18834346819462927,0.07328022426400987,0,0.0197729229356662
4.906,0.1915893,-0.29783160000000003,10.023171300000001,0.16992173996079352,1,0.18711350338864388,0.0758080000942905,0,0.020891084618353428
4.938,0.142245,-0.3427614,10.0141461,0.17245497673155974,1,0.0791636490864444,0.08128602756136816,0,0.02340458906084397
4.953,0.142245,-0.2829204,10.0171872,0.17495499461944597,1,0.166667859192409,0.0838916023465008,0,0.024643421285153032
4.969,0.1511721,-0.2829204,9.97677,0.17641194543650762,1,0.09105942606635323,0.08670253786694843,0,0.026008174406860627
4.984,0.1661814,-0.3143124,9.97677,0.17786208375751578,1,0.09667588806721233,0.08935959308590355,0,0.027328640389006988
5.0,0.1661814,-0.3008727,10.002177900000001,0.17988609113666598,1,0.12650046119688774,0.09222157848505701,0,0.028781289761574673
5.016,0.1721655,-0.3008727,10.005219,0.18193732830269482,1,0.12820232287680244,0.09511616584057189,0,0.030279991716179705
5.031,0.18266220000000002,-0.2948886,10.005219,0.18393872949631884,1,0.13342674624160414,0.09786023627406444,0,0.03172731473203945
5.047,0.18266220000000002,-0.2889045,9.948321,0.18450011807073885,1,0.035086785901250445,0.10080774705460091,0,0.03331665859866877
5.063,0.17667810000000003,-0.2724237,9.9633303,0.1853997315729483,1,0.05622584388809133,0.1037669458517504,0,0.03495325614191958
5.078,0.15568469999999998,-0.2724237,10.0396521,0.18812945919517432,1,0.18198184148172697,0.10656841478251143,0,0.03653077134667661
5.094,0.17667810000000003,-0.2814489,10.0396521,0.19080714804618992,1,0.16735555318847503,0.10959990764044233,0,0.03826011792606024
5.109,0.17667810000000003,-0.2994012,10.0007064,0.1924828625667221,1,0.11171430136881356,0.1124745827200391,0,0.03992567660376382
5.141,0.21856680000000003,-0.2994012,9.9827541,0.19370032220783706,1,0.0380456137848428,0.11865351367643207,1,0.04362372614610736
5.156,0.173637,-0.287433,9.9827541,0.19485799980444618,1,0.07717850644060958,0.12156770109152412,1,0.04542538525686699
5.172,0.173637,-0.2994012,9.997665300000001,0.19635948595898434,1,0.09384288465863469,0.12469744097763158,1,0.04739550639342024
5.188,0.16166880000000003,-0.2994012,9.957248100000001,0.1968342457072243,1,0.02967248426499755,0.12784299083096126,1,0.04941582984788898
5.203,0.18109260000000002,-0.287433,9.957248100000001,0.19729697841754046,1,0.030848847354409528,0.1307989750118971,1,0.05135564459171049
5.219,0.18109260000000002,-0.2798793,9.9633303,0.19789144286382943,1,0.0371540278930604,0.13396048238214806,1,0.053473720250862854
5.25,0.17510850000000003,-0.30685680000000004,9.9288972,0.1976488611632643,1,-0.007825216147262186,0.14009135709456794,1,0.05772152376275191
5.266,0.18413369999999998,-0.2694807,9.9288972,0.19738973358335876,1,-0.01619547374409612,0.14325166585254093,1,0.05998826794632878
5.281,0.18413369999999998,-0.2889045,10.0157157,0.19926651601412892,1,0.12511882871801353,0.14622658772452202,1,0.062159354848156705
5.297,0.205029,-0.2889045,10.0516203,0.2019825950018923,1,0.16975493673521122,0.1494365806126502,1,0.06452466019485409
5.313,0.1946304,-0.2664396,10.0516203,0.2046122615162833,1,0.16435415714943766,0.1526893394647956,1,0.06694166755547366
5.328,0.1946304,-0.290376,10.0261143,0.2065722302267865,1,0.13066458070020776,0.15577322315286873,1,0.06925513677510624
5.344,0.1915893,-0.290376,10.0411236,0.20884882770356228,1,0.1422873422984859,0.15909659161631154,1,0.07177409529325968
5.359,0.21101310000000004,-0.2829204,10.0411236,0.2110742022290708,1,0.14835830170057168,0.1622460143408062,1,0.07418416483793801
5.375,0.20208600000000002,-0.2814489,10.0097316,0.21247461348453278,1,0.08752570346637337,0.16563440486651504,1,0.07680720819159657
5.391,0.20208600000000002,-0.3083283,10.003649400000002,0.21371192422862428,1,0.07733192150571881,0.1690438971682203,1,0.07948463460787446
5.406,0.1511721,-0.3083283,9.948321,0.21354847032074353,1,-0.010896927192050276,0.1722483501273405,1,0.0820443264625911
5.422,0.1930608,-0.3008727,9.948321,0.21340110390315203,1,-0.009210401099468682,0.17566394672113167,1,0.08482762483737888
5.453,0.17069399999999998,-0.290376,9.949792500000001,0.21327563085032963,1,-0.004047517832980575,0.18227743610981076,1,0.0903757162712586
5.469,0.23347800000000002,-0.2575125,9.949792500000001,0.21316224593586242,1,-0.007086557154201139,0.1856889391241003,1,0.09331944727312988
5.484,0.23347800000000002,-0.34128990000000003,9.958817699999999,0.213333005282351,1,0.011383956432572269,0.18888765350823683,1,0.09612877171787235
5.5,0.18864630000000002,-0.34128990000000003,9.9961938,0.21438736119263346,1,0.06589724439265415,0.1923094164400367,1,0.09917834827745854
5.516,0.18864630000000002,-0.2889045,9.9961938,0.2153757533281997,1,0.06177450847288929,0.19574752135620338,1,0.10228280377982847
5.531,0.17069399999999998,-0.2784078,9.943808400000002,0.2150479041701665,1,-0.021856610535546387,0.19897569878744106,1,0.10524322793090574
5.563,0.17069399999999998,-0.2814489,9.9693144,0.21535189611996586,1,0.009499748431229795,0.20586209559208318,1,0.11172063264097813
5.578,0.18266220000000002,-0.2814489,9.9827541,0.21598125631174803,1,0.04195734611880968,0.20909709423532116,1,0.11483282656468378
5.594,0.1796211,-0.3248091,9.9827541,0.21662601431456885,1,0.04029737517630135,0.2125579524003317,1,0.11820606693776901
5.609,0.1796211,-0.2934171,9.97677,0.21708548632356184,1,0.030631467266199943,0.21581078865511763,1,0.12141883249568482
5.625,0.17510850000000003,-0.2934171,10.0261143,0.21873461390041982,1,0.10307047355362355,0.21929734945690948,1,0.12489969760058103
5.641,0.1721655,-0.2664396,10.0261143,0.22032391535097595,1,0.09933134065975838,0.22280981769092065,1,0.12843655493776368
5.656,0.1646118,-0.3218661,9.8644455,0.2179704613258462,1,-0.1568969350086543,0.22609702551599675,1,0.1318033562618155
5.672,0.1930608,-0.3143124,9.8644455,0.21568104275410072,1,-0.14308866073409185,0.22956623754863634,1,0.13544866236633257
5.688,0.2290635,-0.3202965,9.9633303,0.215880853370793,1,0.012488163543267195,0.2330187327176355,1,0.13914934212846275
5.703,0.2290635,-0.3202965,9.9961938,0.2168767161007512,1,0.06639084866387875,0.2362644144886722,1,0.1426689657325102
5.719,0.2215098,-0.3202965,9.9707859,0.21722490654578408,1,0.021761902814554347,0.2397372274698445,1,0.14647697886817834
5.734,0.1856052,-0.2814489,9.9707859,0.21751816601847906,1,0.019550631512999378,0.24299780051407638,1,0.15009749157805768
5.766,0.1856052,-0.2754648,9.8794548,0.2155738576645394,1,-0.06075963606061435,0.2499272728930047,1,0.15798429275257098
5.781,0.18864630000000002,-0.2754648,9.9048627,0.2142977277944862,1,-0.08507532467021588,0.25315130978394734,1,0.16175738212264804
5.797,0.1870767,-0.2843919,9.9048627,0.213058147344098,1,-0.07747377814926175,0.256570156785056,1,0.16583515385520006
5.813,0.1870767,-0.3307932,9.966273300000001,0.21338064813076763,1,0.020156299166851337,0.25998166714885496,1,0.16996756844667135
5.828,0.1915893,-0.3307932,9.961760700000001,0.2135873899288896,1,0.01378278654146399,0.2631839274343025,1,0.1738913104060452
5.844,0.20355750000000003,-0.315882,9.9633303,0.21382133423155913,1,0.014621518916846364,0.26660319722758613,1,0.1781296074033403
5.875,0.1930608,-0.2843919,9.9602892,0.21394722930781818,1,0.004061131492227189,0.2732336099624464,1,0.18649707791478573
5.891,0.142245,-0.2843919,9.961760700000001,0.21408507535246457,1,0.008615377790399663,0.27665786839972867,1,0.19089620974168314
5.906,0.2080701,-0.24701580000000004,9.961760700000001,0.21422347172965317,1,0.009226425145906781,0.27987018250284446,1,0.19507017012345235
5.922,0.2080701,-0.2544714,9.922913099999999,0.21341608223721842,1,-0.05046184327717192,0.28329129893457944,1,0.19957546197495174
5.938,0.2006145,-0.2544714,9.854046900000002,0.21094588020063476,1,-0.15438762728647845,0.2866861946340823,1,0.20413528192350103
5.953,0.17510850000000003,-0.2858634,9.854046900000002,0.20854505395234568,1,-0.16005508321926584,0.28983237664022976,1,0.20845917120805854
5.969,0.18266220000000002,-0.3248091,9.975298500000001,0.2091908104740554,1,0.040359782606857984,0.29317426355564097,1,0.21312322432962552
5.984,0.1466595,-0.2948886,9.9887382,0.21011129650097615,1,0.06136573512805075,0.2963190293579536,1,0.2175444240264774
6.0,0.22455090000000003,-0.2724237,9.9887382,0.2110290612434742,1,0.057360296406128115,0.29968815221990924,1,0.2223124814791003
6.016,0.22455090000000003,-0.24544620000000003,9.967744800000002,0.2113956448949228,1,0.022911478215537052,0.3030675498690164,1,0.2271345270958117
6.031,0.1646118,-0.24544620000000003,9.961760700000001,0.21157887371071915,1,0.012215254386423903,0.30623985875855864,1,0.2317043326605184
6.047,0.17069399999999998,-0.2814489,9.961760700000001,0.2117833399936302,1,0.012779142681940124,0.30962675646819343,1,0.2366312655823324
6.063,0.17069399999999998,-0.3652263,9.9033912,0.21062662180820269,1,-0.07229488658921916,0.3130060361626081,1,0.24161232792337883
6.078,0.2006145,-0.3652263,9.9528336,0.21071663660113416,1,0.0060009861954310965,0.31616611060067823,1,0.24633111902410365
6.094,0.2006145,-0.3652263,9.9528336,0.2108044559113118,1,0.00548870688610314,0.3195382793407778,1,0.2514167541436353
6.109,0.2065986,-0.318825,9.9528336,0.21085425604477948,1,0.0033200088978447436,0.3227007196804484,1,0.2562335466362944
6.125,0.2065986,-0.2858634,9.907903800000001,0.20978327797910978,1,-0.0669361291043557,0.3260658199526395,1,0.2614236789533591
6.141,0.1661814,-0.2858634,9.943808400000002,0.209595123957655,1,-0.011759626340923635,0.32942084716813363,1,0.2666675722903253
6.156,0.1437165,-0.2649681,9.9303687,0.2090612700117127,1,-0.03559026306282059,0.3325607701229038,1,0.27163243442000795
6.188,0.2006145,-0.3143124,9.9722574,0.2096205246764491,1,0.01747670827301205,0.3392596788379144,1,0.28238156160338107
6.203,0.19757340000000004,-0.3143124,9.9363528,0.20928954562436708,1,-0.022065270138800122,0.34240150436517064,1,0.2874940204774044
6.219,0.17667810000000003,-0.3712104,9.9363528,0.20900488334998357,1,-0.01779139214896917,0.34574785979696543,1,0.2929992153907015
6.234,0.17667810000000003,-0.2798793,9.910846800000002,0.20803248115846174,1,-0.06482681276812387,0.3488756400307787,1,0.2982088916394095
6.25,0.15421320000000002,-0.2798793,9.9093753,0.2070387827004776,1,-0.062106153624008564,0.3521962101416502,1,0.30381746644078894
6.266,0.1362609,-0.3008727,9.9093753,0.20607790287252925,1,-0.060054989246771606,0.35550114362623425,1,0.309479045270932
6.281,0.1362609,-0.3008727,9.889951500000002,0.20466697137443113,1,-0.09406209987321017,0.35858173018308637,1,0.3148346668245018
6.297,0.1586277,-0.3008727,9.9648018,0.2051231277198795,1,0.028509771590523567,0.36186005097584084,1,0.3205982010737732
6.313,0.2215098,-0.3053853,9.943808400000002,0.20508907245993768,1,-0.0021284537463639435,0.3651417485772794,1,0.32641421547019817
6.328,0.205029,-0.31284090000000003,9.943808400000002,0.20505288147940703,1,-0.002412732035376454,0.36821781323182456,1,0.33191441218376666
6.344,0.205029,-0.2738952,10.0007064,0.20637650709721278,1,0.08272660111285905,0.3715092483404375,1,0.33783222867634477
6.359,0.1466595,-0.2738952,9.967744800000002,0.20683927777774436,1,0.030851378702105775,0.37460836672699965,1,0.3434281107893504
6.391,0.1466595,-0.2634966,9.967744800000002,0.207283927755471,1,0.01389531180395752,0.3812343380155311,1,0.35552159406523093
6.406,0.1466595,-0.2994012,9.966273300000001,0.207706576720323,1,0.028176597656800702,0.38434676679909946,1,0.36126345235134055
6.422,0.21258269999999999,-0.2994012,9.967744800000002,0.20818374386705507,1,0.02982294667075444,0.3876738893637985,1,0.36743961760064375
6.438,0.23347800000000002,-0.34580249999999996,9.967744800000002,0.20869726708722958,1,0.032095201260906564,0.3910089374514328,1,0.3736690802151656
6.453,0.23347800000000002,-0.31284090000000003,9.9648018,0.20910000044233534,1,0.02684889034038342,0.39414241695790464,1,0.37955771537323585
6.469,0.18109260000000002,-0.31284090000000003,9.922913099999999,0.20844535047515755,1,-0.040915622948611806,0.3974827797652446,1,0.38589071694702104
6.484,0.1631403,-0.3039138,9.8674866,0.20644126997503065,1,-0.13360536667512976,0.40059442941862095,1,0.3918762960158999
6.5,0.1631403,-0.2948886,9.8974071,0.20520873867063827,1,-0.07703320652452376,0.4038876294877863,1,0.3983121524871512
6.516,0.1946304,-0.2948886,9.8495343,0.20285326004892212,1,-0.14721741385725892,0.40715212547754276,1,0.40480047052687385
6.531,0.1781496,-0.32932170000000005,9.8495343,0.20057422436939376,1,-0.15193571196856076,0.41017783161068005,1,0.4109304452050354
6.547,0.1781496,-0.2814489,9.9213435,0.20006504639377454,1,-0.03182362347620146,0.4133829457767854,1,0.41751893142413515
6.563,0.1571562,-0.2814489,9.919872000000002,0.1995237683406632,1,-0.03382987831945791,0.4165796562946609,1,0.4241586322407067
6.594,0.1122264,-0.2484873,9.919872000000002,0.19895935533726927,1,-0.018206871077223453,0.422756144711669,1,0.4371683371563051
6.609,0.1122264,-0.31284090000000003,9.895935600000001,0.19786961011073245,1,-0.0726496817691229,0.42573236195252895,1,0.4435320009562864
6.625,0.1437165,-0.31284090000000003,9.8734707,0.1962687780947796,1,-0.10005200099705283,0.42888546905817304,1,0.450368943604372
6.641,0.2529999,-0.3771945,9.843550200000001,0.1940863024040187,1,-0.13640473067255676,0.4320083097021634,1,0.4572560938344547
6.656,0.1631403,-0.36826739999999997,9.843550200000001,0.19190253756394782,1,-0.145584322671395,0.4349032260019231,1,0.4637579303522352
6.672,0.1631403,-0.2604555,9.8674866,0.19027164482443304,1,-0.1019307962196735,0.43796061946103015,1,0.47074084111593884
6.703,0.1362609,-0.2769363,9.8809263,0.189009166751811,1,-0.040725099116838935,0.44383947204046204,1,0.48440874253421223
6.719,0.1362609,-0.32333760000000006,9.945279900000001,0.18938045632903133,1,0.023205598576270227,0.4468665890251088,1,0.4915343910227368
6.734,0.21856680000000003,-0.32333760000000006,9.957248100000001,0.19007015933285487,1,0.04598020025490355,0.44971246864257286,1,0.4982587339552443
6.75,0.2260224,-0.3427614,9.957248100000001,0.19076292987837462,1,0.043298159094984315,0.4527591333562627,1,0.505478506771235
6.766,0.2260224,-0.2994012,9.9258561,0.19063961387263184,1,-0.007707250358923716,0.45581035370627077,1,0.5127470626677353
6.781,0.1990449,-0.2499588,9.836094600000001,0.1882837134072588,1,-0.15706003102487268,0.4586522786608699,1,0.5196055324104887
6.797,0.2260224,-0.2769363,9.818044200000001,0.18557713322088887,1,-0.1691612616481207,0.46164316543389505,1,0.5269678959632468
6.813,0.2260224,-0.347274,9.8764137,0.18441344819108174,1,-0.07273031436294534,0.4646030900851908,1,0.5343778660073994
6.828,0.2709522,-0.347274,9.907903800000001,0.1840729820599556,1,-0.022697742075075755,0.4673667383120737,1,0.5413676397203792
6.844,0.2709522,-0.347274,9.907903800000001,0.18374081998080705,1,-0.020760129946784094,0.4703092487283998,1,0.548869047616703
6.859,0.19610190000000002,-0.2843919,9.907903800000001,0.18332491343237578,1,-0.027727103228751677,0.47306224172899863,1,0.5559443337951333
6.875,0.19610190000000002,-0.29783160000000003,9.8734707,0.18208948977254202,1,-0.07721397873960971,0.47598555695463796,1,0.5635367161846024
6.906,0.1796211,-0.2484873,9.856989900000002,0.180441500044477,1,-0.05316095896983967,0.4816047872968017,1,0.5783793665204996
6.922,0.1796211,-0.3202965,9.8824959,0.1795058751673988,1,-0.05847655481738818,0.4844843662984969,1,0.5861080797492619
6.938,0.2140542,-0.3532581,9.888480000000001,0.1787829868194084,1,-0.04518052174939942,0.48735067719439173,1,0.5938827600972051
6.953,0.16019730000000001,-0.3532581,9.831582000000001,0.17666620902889463,1,-0.14111851936757996,0.4900165461632544,1,0.6012130142723877
6.969,0.13469129999999999,-0.2575125,9.831582000000001,0.17451924303976085,1,-0.13418537432086086,0.4928260297798039,1,0.6090757548799322
6.984,0.13469129999999999,-0.22455090000000003,9.9064323,0.17422991520206743,1,-0.019288522512895114,0.49544164846661787,1,0.6164877624667802
7.016,0.19011780000000003,-0.2664396,9.8734707,0.17319160220278818,1,-0.032447281227476726,0.5010003927450961,1,0.6324308351261676
7.031,0.19011780000000003,-0.3248091,9.874942200000001,0.1722570767375835,1,-0.06230169768031279,0.5035912578371489,1,0.6399652725055343
7.047,0.18413369999999998,-0.3248091,9.9258561,0.1725835011063488,1,0.020401523047830477,0.5063499824599004,1,0.6480448024279106
7.063,0.20208600000000002,-0.2889045,9.9258561,0.17288342214379782,1,0.018745064840564023,0.5091137178459015,1,0.6561685120303571
7.078,0.20208600000000002,-0.2724237,9.8674866,0.17174185788021923,1,-0.0761042842385696,0.5116984074460817,1,0.6638246029700473
7.094,0.1526436,-0.2843919,9.874942200000001,0.1707964511719542,1,-0.059087919266564926,0.5144387139184992,1,0.672033699940964
7.125,0.173637,-0.2843919,9.8120601,0.16834972584373276,1,-0.07892662349101474,0.5196954796622423,1,0.6880627799414653
7.141,0.1856052,-0.3098979,9.8120601,0.1659868446708419,1,-0.1476800733056781,0.5223701722263588,1,0.6963993051565741
7.156,0.1856052,-0.3367773,9.8375661,0.16432480464195365,1,-0.11080266859255279,0.5248475095962047,1,0.7042534377702432
7.172,0.1721655,-0.3367773,9.8689581,0.1634624410590586,1,-0.05389772393094012,0.5274698075618128,1,0.7126719763075073
7.188,0.1870767,-0.33226469999999997,9.8689581,0.16262399719865073,1,-0.05240274127549233,0.5300784990678745,1,0.7211323627605448
7.203,0.1870767,-0.261927,9.855518400000001,0.161426767891637,1,-0.07981528713424459,0.5325088798060518,1,0.7291017681020996
7.234,0.1437165,-0.258984,9.803133,0.158961990787855,1,-0.07950893883167859,0.5374749055655839,1,0.7456865167753598
7.25,0.1437165,-0.3039138,9.800091900000002,0.15651464612570898,1,-0.15295904138412628,0.5399987186608923,1,0.7543063057691716
7.266,0.1930608,-0.2963601,9.839037600000001,0.15509129988068793,1,-0.0889591403138156,0.5424915662289435,1,0.7629662280482903
7.281,0.1915893,-0.2963601,9.901919700000002,0.1552346987463853,1,0.009559924379824466,0.5448190112186465,1,0.771121057379147
7.297,0.1586277,-0.2784078,9.901919700000002,0.15534769046057306,1,0.0070619821367356944,0.5473036703323022,1,0.7798580388315547
7.313,0.1586277,-0.2814489,9.749178,0.15173662710096636,1,-0.22569145997541876,0.5497603448727946,1,0.7886345509531955
7.328,0.21101310000000004,-0.2858634,9.827069400000001,0.15013951629974542,1,-0.106474053414725,0.5520244159483,1,0.7968979366593539
7.344,0.21101310000000004,-0.2829204,9.7686999,0.14715655991717114,1,-0.18643477391089275,0.5544027845580353,1,0.8057493542634047
7.359,0.1631403,-0.2829204,9.7222986,0.14309290720051138,1,-0.27091018111065646,0.5565796555614179,1,0.8140817225643003
7.375,0.1631403,-0.2829204,9.7222986,0.13912836796474437,1,-0.24778370223543766,0.5588374257627399,1,0.8230050592148936
7.391,0.15568469999999998,-0.2948886,9.7222986,0.1352662141295795,1,-0.2413846146978036,0.5610325824194945,1,0.8319640192803516
7.406,0.15568469999999998,-0.287433,9.7656588,0.13254978773062476,1,-0.181095093263654,0.563041202433446,1,0.8403945726667484
7.438,0.18864630000000002,-0.2798793,9.7582032,0.1297266970714741,1,-0.08822158309845776,0.5672376261902796,1,0.858479033924728
7.453,0.1930608,-0.3023442,9.7582032,0.12699090235653365,1,-0.18238631432935667,0.5691630081859897,1,0.8670020386825503
7.469,0.1930608,-0.2858634,9.7058178,0.12303283633669793,1,-0.24737912623973268,0.5711631980955356,1,0.8761246483328026
7.484,0.17667810000000003,-0.2858634,9.728282700000001,0.1197112993256102,1,-0.22143580073918653,0.5729837791130029,1,0.8847057506618664
7.5,0.173637,-0.2889045,9.728282700000001,0.1164716305695297,1,-0.2024792972550314,0.574873242552164,1,0.8938886068351878
7.516,0.173637,-0.2604555,9.8076456,0.11522608457046601,1,-0.07784662494147991,0.5767268242732839,1,0.9031014073697914
7.531,0.18266220000000002,-0.2604555,9.719257500000001,0.11186025029768132,1,-0.2243889515189845,0.5784299717847949,1,0.9117650833402268
7.547,0.1796211,-0.315882,9.719257500000001,0.10861518509859636,1,-0.20281657494280997,0.5801937752679651,1,0.9210340733166489
7.563,0.2080701,-0.2709522,9.7132734,0.10528417315019922,1,-0.20818824677482065,0.5819049701339555,1,0.9303308632798643
7.578,0.2080701,-0.2963601,9.7372098,0.10263590109291876,1,-0.17655147048535766,0.5834643706907789,1,0.9390711333360501
7.594,0.21856680000000003,-0.2963601,9.7911648,0.1013728665510456,1,-0.07893965886707204,0.5850964408319307,1,0.9484196198282318
7.609,0.20355750000000003,-0.2948886,9.7911648,0.10013166889590508,1,-0.0827465103427034,0.5866077248477828,1,0.9572074010708295
7.641,0.1930608,-0.2963601,9.7791966,0.09862492854718141,1,-0.04708563589761457,0.5897878304068722,1,0.976029729954904
7.656,0.1661814,-0.2694807,9.7791966,0.09712394753594644,1,-0.10006540074900011,0.5912559469774956,1,0.9848875582852866
7.672,0.1661814,-0.2814489,9.7268112,0.09439081814845096,1,-0.17082058671846742,0.5927880651029708,1,0.9943599103819304
7.688,0.21856680000000003,-0.2814489,9.6758973,0.09050863915838825,1,-0.2426361868789193,0.5942672607614254,1,1.0038563529888456
7.703,0.17667810000000003,-0.3173535,9.6758973,0.08672737370801542,1,-0.252084363358179,0.5955965308579235,1,1.012780331425991
7.719,0.16765290000000002,-0.3143124,9.743193900000001,0.08467227764404406,1,-0.12844350399821003,0.59696772806874,1,1.0223208454974044
7.734,0.16765290000000002,-0.2934171,9.7252416,0.08221382421851686,1,-0.1638968950351499,0.5982193738327092,1,1.0312847487616652
7.75,0.1646118,-0.2934171,9.6938496,0.07904886745357054,1,-0.19780979780914515,0.5995094753660859,1,1.0408665795552556
7.766,0.1646118,-0.2994012,9.6938496,0.07596556485833261,1,-0.19270641220237011,0.6007495908245811,1,1.050468652084781
7.781,0.1646118,-0.2724237,9.645976800000001,0.07177107194629961,1,-0.2796328608022059,0.6018576156006158,1,1.0594882061329698
7.797,0.16912439999999998,-0.2724237,9.6369516,0.06746078151734025,1,-0.26939315180995993,0.6029714704283249,1,1.0691268388212014
7.813,0.1721655,-0.3098979,9.6369516,0.06328453054680772,1,-0.26101568565828326,0.6040174329248381,1,1.0787827500480267
7.844,0.1721655,-0.2934171,9.6773688,0.06018273923148243,1,-0.10005778436532993,0.6059311756064016,1,1.0975369534802613
7.859,0.2829204,-0.2934171,9.6489198,0.05652680833615875,1,-0.24372872635491707,0.6068064972131589,1,1.1066324860264078
7.875,0.2230794,-0.3173535,9.6489198,0.05294027100441134,1,-0.2241585832342128,0.6076822338478834,1,1.116348395874896
7.891,0.1781496,-0.3083283,9.7567317,0.05203910058063066,1,-0.056323151486292695,0.6085220688205638,1,1.1260780302962436
7.906,0.1781496,-0.23200650000000003,9.714843,0.05008717806320817,1,-0.1301281678281687,0.6092880159103926,1,1.1352116059317257
7.922,0.18864630000000002,-0.23200650000000003,9.735738300000001,0.048697095027455006,1,-0.0868801897345727,0.6100782900951179,1,1.1449665363797696
7.953,0.1646118,-0.2754648,9.827069400000001,0.04958428756492417,1,0.028619114111907894,0.6116016515252999,1,1.1639025754748864
7.969,0.1631403,-0.2754648,9.855518400000001,0.051142754253298506,1,0.09740416802339605,0.6124074678598457,1,1.1736946484299675
7.984,0.2200383,-0.2934171,9.855518400000001,0.05270280025830765,1,0.10400306700061164,0.6131863095186827,1,1.1828866017603064
8.0,0.2200383,-0.30685680000000004,9.806076000000001,0.05302974825325535,1,0.020434249684231336,0.6140321699067752,1,1.19270434959571
8.016,0.23347800000000002,-0.30685680000000004,9.8046045,0.053320433719655114,1,0.01816784164998529,0.6148829713625585,1,1.2025356707258645
8.031,0.18864630000000002,-0.3218661,9.8046045,0.05359223697189641,1,0.018120216816085867,0.6156848163927452,1,1.2117649291340296
8.047,0.1586277,-0.3218661,9.707289300000001,0.05147251597249536,1,-0.13248256246256573,0.6165253344163003,1,1.221622610340502
8.063,0.1586277,-0.2425032,9.634008600000001,0.047561725956157375,1,-0.24442437602112377,0.6173176083517296,1,1.2314933538826462
8.078,0.1466595,-0.2425032,9.6503913,0.04414110362255741,1,-0.22804148890668272,0.6180053795735698,1,1.2407582762920852
8.094,0.18266220000000002,-0.2575125,9.6503913,0.04082836607869744,1,-0.20704609649124775,0.6186851353311799,1,1.2506518004113232
8.109,0.18266220000000002,-0.2918475,9.6159582,0.03678095334946363,1,-0.2698275152822439,0.619267205226891,1,1.259936442965509
8.125,0.20208600000000002,-0.2918475,9.6399927,0.03342753875094573,1,-0.2095884124073686,0.6198288731636943,1,1.2698492115926339
8.156,0.1915893,-0.2798793,9.719257500000001,0.03207414201111902,1,-0.04365795934924778,0.6208441492155063,1,1.2890796434395118
8.172,0.21552570000000001,-0.2798793,9.7821396,0.03229867871826819,1,0.01403354419682311,0.6213591317813414,1,1.2990172696874867
8.188,0.19757340000000004,-0.3278502,9.7821396,0.03254481896151695,1,0.015383765203047503,0.6218778797627796,1,1.3089631657798397
8.203,0.17510850000000003,-0.2754648,9.7941078,0.03302689542994486,1,0.03213843122852962,0.6223696676207155,1,1.3182950223852152
8.219,0.17510850000000003,-0.2649681,9.776155500000002,0.03305252380299173,1,0.0016017733154294318,0.622898302974579,1,1.3282571661499776
8.234,0.1646118,-0.2649681,9.777627,0.03310895310599449,1,0.003761953533517091,0.6233945140513965,1,1.3376043622776728
8.266,0.1511721,-0.258984,9.777627,0.0331548066202938,1,0.0014329223218534346,0.624454734207017,1,1.3575699502498073
8.281,0.17069399999999998,-0.258984,9.821085300000002,0.034266802897350956,1,0.07413308513714112,0.6249603962783994,1,1.3669405637284482
8.297,0.17667810000000003,-0.3202965,9.821085300000002,0.035398333341150945,1,0.07072065273749921,0.6255177173683074,1,1.3769443886376218
8.313,0.17667810000000003,-0.315882,9.806076000000001,0.03613294882086393,1,0.04591346748206156,0.6260899676256035,1,1.386957250117573
8.328,0.2065986,-0.315882,9.7806681,0.03624465331325588,1,0.007446966159463986,0.6266327996416093,1,1.3963526708720764
8.344,0.24397470000000002,-0.318825,9.7806681,0.03637694183802331,1,0.008268032797964502,0.6272137724028196,1,1.406383443448432
8.359,0.1377324,-0.261927,9.746235,0.035574851991439616,1,-0.053472656438911165,0.6277534108565406,1,1.4157956973228776
8.375,0.1377324,-0.287433,9.6744258,0.0330593481292496,1,-0.15721899138687587,0.6283024844575061,1,1.42584414448539
8.391,0.11978010000000001,-0.287433,9.6519609,0.030051733524146584,1,-0.18797591281893827,0.6288073731107333,1,1.435901023345936
8.406,0.1511721,-0.2889045,9.6519609,0.02712928734587372,1,-0.19482974521818355,0.6292362307672584,1,1.4453363503750212
8.422,0.1511721,-0.2769363,9.6639291,0.024561320289963717,1,-0.16049794099437506,0.6296497556283451,1,1.455407438266186
8.438,0.1915893,-0.2769363,9.7103304,0.023204514419782996,1,-0.08480036688629504,0.6300318823060231,1,1.4654848913696608
8.469,0.2065986,-0.31136939999999996,9.7103304,0.021913725990083677,2,-0.041638336441915114,0.6307312150323761,1,1.4850267193784052
8.484,0.2065986,-0.2934171,9.6444072,0.019034015712822594,2,-0.19198068515073158,0.6310383230951478,1,1.494489990914362
8.5,0.18413369999999998,-0.2934171,9.7297542,0.01829375484985718,2,-0.04626630393533833,0.6313369452596492,1,1.5045889930612004
8.516,0.2679111,-0.2994012,9.7297542,0.01762342404681938,2,-0.041895675189862445,0.6316242826908226,1,1.5146926828848042
8.531,0.17069399999999998,-0.24397470000000002,9.7387794,0.017098333943451394,2,-0.03500600689119778,0.6318846958757497,1,1.5241690002240538
8.547,0.17069399999999998,-0.2679111,9.702776700000001,0.015723740245668694,2,-0.08591210611141868,0.6321472724692626,1,1.5342812559708139
8.563,0.16166880000000003,-0.2679111,9.747706500000001,0.015474187041435883,2,-0.015597075264550661,0.6323968558875595,1,1.5443976089976685
8.578,0.21258269999999999,-0.3218661,9.747706500000001,0.015294329011185326,2,-0.011990535350038101,0.6326276197579541,1,1.553885292565009
8.594,0.21258269999999999,-0.2709522,9.836094600000001,0.017235598602525215,2,0.12132934945874296,0.6328878591788638,1,1.5640094163965037
8.609,0.21709530000000002,-0.2709522,9.8120601,0.018546081096463496,2,0.08736549959588208,0.6331562217766062,1,1.57350474700367
8.625,0.1721655,-0.30685680000000004,9.8120601,0.019828645558735758,2,0.08016027889201631,0.6334632195898479,1,1.5836377025346018
8.641,0.1721655,-0.3008727,9.8151012,0.02114953779584461,2,0.08255576481930309,0.6337910450566845,1,1.593775736651774
8.656,0.2080701,-0.3008727,9.843550200000001,0.023148562669099704,2,0.13326832488366797,0.6341232808101716,1,1.6032850940957757
8.672,0.21856680000000003,-0.3023442,9.7686999,0.023281176687245164,2,0.008288376134091273,0.6344947187250223,1,1.6134340380920573
8.688,0.1526436,-0.2948886,9.7686999,0.023374471300282806,2,0.005830913314852632,0.6348679639089225,1,1.6235889395531289
8.703,0.1526436,-0.2738952,9.7627158,0.02330471346413887,2,-0.004650522409596074,0.6352180577946557,1,1.633114584715905
8.719,0.10928340000000002,-0.2738952,9.690808500000001,0.021469445940162757,2,-0.11470422024850703,0.6355762510698901,1,1.6432809391868213
8.734,0.1990449,-0.290376,9.690808500000001,0.019725445892687432,2,-0.11626666983168392,0.6358852127586365,1,1.6528169001655355
8.75,0.1990449,-0.287433,9.708858900000001,0.018461811847206633,2,-0.07897712784254989,0.6361907108205557,1,1.662993507554169
8.766,0.23200650000000003,-0.287433,9.699833700000001,0.0170268649685692,2,-0.08968417991483948,0.6364746202350818,1,1.6731748302026141
8.781,0.19011780000000003,-0.2948886,9.699833700000001,0.015610155769790524,2,-0.09444727991857484,0.6367193978906195,1,1.6827237853385573
8.797,0.19011780000000003,-0.3367773,9.687865500000001,0.0139695675123086,2,-0.1025367660926201,0.6369560356768763,1,1.6929131888070972
8.813,0.1930608,-0.3367773,9.6728562,0.012004625514583367,2,-0.12280887485782699,0.6371638292210915,1,1.703106147726281
8.828,0.1915893,-0.3053853,9.774684,0.012543399251050857,2,0.03591824909783559,0.6373479394068338,1,1.7126649859909897
8.844,0.1466595,-0.2709522,9.774684,0.013025337987619068,2,0.030121171035513122,0.6375524893047432,1,1.7228641894206824
8.859,0.1466595,-0.20355750000000003,9.707289300000001,0.011812412079665435,2,-0.08086172719690578,0.6377387724302478,1,1.7324288738836953
8.891,0.18413369999999998,-0.3173535,9.707289300000001,0.010719065292144947,2,-0.03416708711001523,0.6380992760681967,1,1.7528422826596703
8.906,0.18413369999999998,-0.2889045,9.7656588,0.011053498117385985,2,0.022295521682735006,0.6382625702937682,1,1.7624149965073854
8.922,0.205029,-0.2889045,9.777627,0.01168163789148835,2,0.0392587358813978,0.6384444513818393,1,1.7726286526807904
8.938,0.20355750000000003,-0.3023442,9.777627,0.012303611996959063,2,0.03887338159191952,0.6386363333809468,1,1.7828452989588928
8.953,0.20355750000000003,-0.33824879999999996,9.7656588,0.012647411971821398,2,0.022919998324157545,0.6388234660607127,1,1.7924262474547044
8.969,0.1781496,-0.33824879999999996,9.7536906,0.012679041428212301,2,0.0019768410244314066,0.639026077687913,1,1.8026490438046934
9.0,0.17510850000000003,-0.2604555,9.6804099,0.010863958566826426,2,-0.05855106004470454,0.6393909941878361,1,1.8224645084187678
9.016,0.17510850000000003,-0.2230794,9.6623595,0.008630324936214961,2,-0.13960210191321643,0.6395469484558604,1,1.8326960119599174
9.031,0.13469129999999999,-0.2230794,9.641464200000001,0.005925917236460521,2,-0.18029384665028922,0.6396561202721555,1,1.842290034975378
9.047,0.2065986,-0.35178660000000006,9.641464200000001,0.0034120198837648275,2,-0.15711858454348068,0.6397308237691173,1,1.8525251305277082
9.063,0.2065986,-0.287433,9.6728562,0.0016725911091146628,2,-0.1087142984156352,0.6397715006570603,1,1.8627611491231175
9.078,0.18266220000000002,-0.287433,9.6773688,7.384317749270508e-05,2,-0.10658319544147243,0.6397845989142099,1,1.8723578198699014
9.109,0.1781496,-0.2394621,9.6773688,-0.001519795737825902,2,-0.05140770694576055,0.6397621866495248,1,1.8921907950461396
9.125,0.1781496,-0.32333760000000006,9.7417224,-0.0014466480374597523,2,0.004571731272884345,0.6397384550993225,1,1.9024268001801303
9.141,0.2290635,-0.32333760000000006,9.6923781,-0.0025518702635949353,2,-0.06907638913344888,0.639706466952914,1,1.9126623595565482
9.156,0.21552570000000001,-0.2994012,9.7895952,-0.0012869932554835373,2,0.08432513387409,0.6396776754765209,1,1.9222577406247694
9.172,0.1377324,-0.2679111,9.7895952,-0.00010942184978190994,2,0.07359821285635164,0.6396665041556787,1,1.932492494061827
9.188,0.1377324,-0.2694807,9.800091900000002,0.0012963735122610842,2,0.08786221012768705,0.6396759997689786,1,1.9427272340932245
9.219,0.20355750000000003,-0.3338343,9.6938496,0.0001549093287600556,2,-0.036821425274228145,0.6396984946530144,1,1.9625575387567646
9.234,0.20355750000000003,-0.290376,9.7222986,-0.0002994000479628056,2,-0.030287291781522934,0.6396974109726205,1,1.9721530080489573
9.25,0.22455090000000003,-0.290376,9.698362200000002,-0.001314761042143786,2,-0.06346006213631122,0.6396844976838996,1,1.9823880633182096
9.266,0.21709530000000002,-0.2948886,9.698362200000002,-0.0023061759889468902,2,-0.061963434175193954,0.6396555301876509,1,1.992622783541182
9.281,0.21709530000000002,-0.3143124,9.7956774,-0.0008868211565253858,2,0.09462365549476337,0.6396315827090598,1,2.0022174368879075
9.297,0.21552570000000001,-0.2604555,9.7327953,-0.001074232423265542,2,-0.01171320417125975,0.6396158942804215,1,2.0124514167038234
9.313,0.18109260000000002,-0.2260224,9.774684,-0.00027392794910419127,2,0.05001902963508438,0.6396051089974426,1,2.0226851847300464
9.328,0.18109260000000002,-0.2738952,9.7013052,-0.0012520096638688472,2,-0.06520544765098231,0.6395936644653453,1,2.032279175531017
9.344,0.1392039,-0.2738952,9.7252416,-0.0016395696069011478,2,-0.02422249643951877,0.6395705318311791,1,2.042512489101389
9.359,0.24103170000000002,-0.3278502,9.7252416,-0.0019284736656679513,2,-0.019260270584452836,0.6395437715066348,1,2.0521058463764232
9.375,0.24103170000000002,-0.2963601,9.7656588,-0.001249930613115069,2,0.042408940784555114,0.6395183442724045,1,2.0623383433026556
9.391,0.2350476,-0.2963601,9.719257500000001,-0.0017223793296246015,2,-0.029528044781845758,0.6394945657928626,1,2.072570446583178
9.422,0.1856052,-0.2694807,9.719257500000001,-0.0022284550628857147,2,-0.01632502365358399,0.6394333278597787,1,2.092393828934794
9.438,0.1856052,-0.3936753,9.6594165,-0.004076994092082842,2,-0.11553368932482035,0.6393828842665389,1,2.1026243586318047
9.453,0.18413369999999998,-0.2575125,9.6563754,-0.0060671235329969875,2,-0.13267529606095374,0.6393068033843508,1,2.112214531289186
9.469,0.17667810000000003,-0.2575125,9.740250900000001,-0.005967424650478392,2,0.006231180157412192,0.6392105269988829,1,2.122442669932252
9.484,0.1661814,-0.2499588,9.740250900000001,-0.0058794581893764075,2,0.005864430740132098,0.639121675377584,1,2.132030161450076
9.5,0.1661814,-0.31284090000000003,9.7672284,-0.0050917986137424265,2,0.04922872347712377,0.6390339053231591,1,2.142255406095682
9.516,0.1721655,-0.31284090000000003,9.7627158,-0.004430813827500657,2,0.04131154914011056,0.6389577244236291,1,2.1524793391336563
9.531,0.19610190000000002,-0.31284090000000003,9.7627158,-0.003774946958740699,2,0.04372445791732887,0.6388961812177323,1,2.162063243425967
9.547,0.19610190000000002,-0.2918475,9.7806681,-0.002713345577042503,2,0.0663500863561372,0.638844274877446,1,2.1722851670747283
9.563,0.19011780000000003,-0.2918475,9.7567317,-0.002263960659949049,2,0.02808655731834084,0.63880445642755,1,2.182506356925168
9.578,0.17667810000000003,-0.2948886,9.7567317,-0.0018294652543193735,2,0.028966360375314047,0.6387737557331931,1,2.1920881935163727
9.594,0.17667810000000003,-0.2963601,9.8165727,5.414986570251301e-05,2,0.1177259450013678,0.6387595532100842,1,2.202308459987919
9.625,0.173637,-0.29783160000000003,9.821085300000002,0.002001581667100183,2,0.06282038069024623,0.6387914170488426,1,2.2221105000269326
9.641,0.2140542,-0.2814489,9.821085300000002,0.003909183192734034,2,0.11922509535211556,0.6388387031677213,1,2.2323315409886653
9.656,0.2140542,-0.2918475,9.687865500000001,0.0025306265219722235,2,-0.09190377805078387,0.6388870017405816,1,2.241914483775478
9.672,0.1915893,-0.2918475,9.777627,0.0033621275019282137,2,0.05196881124724934,0.6389341437727728,1,2.2521370529395845
9.688,0.18413369999999998,-0.3173535,9.777627,0.004189223568348055,2,0.05169350415124003,0.638994554581335,1,2.2623604825264176
9.703,0.18413369999999998,-0.3173535,9.6967926,0.0030259740087608122,2,-0.07754997063915577,0.6390486685631633,1,2.2719458067000007
9.719,0.18413369999999998,-0.3173535,9.6967926,0.0018910963896505706,2,-0.07092985119439003,0.6390880051263507,1,2.282170900089517
9.734,0.1482291,-0.3173535,9.735738300000001,0.0017181795499627839,2,-0.011527789312518678,0.6391150746958978,1,2.291757423188184
9.75,0.1661814,-0.2843919,9.735738300000001,0.0015317163052532834,2,-0.01165395279434377,0.6391410738627396,1,2.3019834723766532
9.766,0.1661814,-0.2679111,9.683352900000001,6.13857168865195e-05,2,-0.09189566177292266,0.6391538186789166,1,2.3122098315169866
9.781,0.173637,-0.3202965,9.704346300000001,-0.0008194392859959265,2,-0.05872166685882751,0.6391481332771483,1,2.3217970961566574
9.797,0.1526436,-0.3202965,9.746235,-0.000666386335211655,2,0.00956580942401696,0.6391362466721786,1,2.332023371196252
9.813,0.205029,-0.2798793,9.746235,-0.0005239696475189959,2,0.008901042980791187,0.6391267238243168,1,2.342249474960224
9.828,0.205029,-0.2798793,9.764187300000001,5.2557783815743164e-05,2,0.038435162088985696,0.639123188235339,1,2.3518363493006706
9.844,0.19011780000000003,-0.2798793,9.8120601,0.0017746013659749593,2,0.10762772388495091,0.6391378055085373,1,2.362062437250622
9.859,0.21101310000000004,-0.315882,9.8120601,0.003491694780683119,2,0.11447289431387296,0.6391773027296372,1,2.3716498005624085
9.875,0.21101310000000004,-0.2948886,9.735738300000001,0.003290755458792205,2,-0.012558707618182108,0.6392315623315531,1,2.381877071482898
9.891,0.1946304,-0.2948886,9.7417224,0.003232256121997068,2,-0.0036562085496960575,0.6392837464241994,1,2.3921051939529443
9.906,0.1571562,-0.3173535,9.7417224,0.0031758979759803907,2,-0.0037572097344450127,0.6393318075799342,1,2.401694810607976
9.922,0.16166880000000003,-0.2963601,9.8046045,0.00463939139741143,2,0.09146833883943986,0.6393943298949214,1,2.411924619707775
9.938,0.16166880000000003,-0.2769363,9.7656588,0.005103961576294225,2,0.02903563618017466,0.6394722767187111,1,2.422155552560684
9.953,0.1930608,-0.2769363,9.764187300000001,0.005535230025044413,2,0.028751229916681536,0.6395520706557212,1,2.4317482351659914
9.969,0.18266220000000002,-0.290376,9.764187300000001,0.005960619955772017,2,0.026586870670475247,0.6396440374555677,1,2.4419818040308816
9.984,0.18266220000000002,-0.2664396,9.735738300000001,0.00566550030442059,2,-0.01967464342342776,0.6397312333575192,1,2.45157711856198
10.0,0.205029,-0.2664396,9.690808500000001,0.00429324144040244,2,-0.0857661790011343,0.6398109032914778,1,2.461813455655172
10.016,0.2006145,-0.3218661,9.690808500000001,0.0029932066052786865,2,-0.08125217719523452,0.6398691948758433,1,2.4720508964405106
10.047,0.16912439999999998,-0.3278502,9.7536906,0.0032477348081290103,2,0.008210587188719967,0.6399659294677511,1,2.4918883408678365
10.063,0.20355750000000003,-0.3307932,9.7536906,0.0035145093777728675,2,0.016673410602741065,0.6400200274212383,1,2.5021282285229485
10.078,0.1302768,-0.2858634,9.6639291,0.001521431887599789,2,-0.13287183267821595,0.6400577969807286,1,2.5117288122059627
10.094,0.1302768,-0.261927,9.711801900000001,0.0007275250177265491,2,-0.04961917936707745,0.6400757886359713,1,2.521969880890896
10.109,0.1990449,-0.261927,9.7612443,0.001186629221315627,2,0.030606946905937373,0.640090144792764,1,2.531571125391612
10.125,0.1915893,-0.3202965,9.7612443,0.0016733296993560742,2,0.03041877987752792,0.6401130244641294,1,2.5418127507456676
10.156,0.17069399999999998,-0.2934171,9.830012400000001,0.0037943770370301166,2,0.0684208818604517,0.6401977739185434,1,2.5616575681205993
10.172,0.2215098,-0.2994012,9.830012400000001,0.005892798768968532,2,0.13115135824615087,0.6402752713249914,1,2.5719013524825476
10.188,0.2215098,-0.261927,9.7327953,0.005544268390174523,2,-0.021783148674625587,0.6403667678622645,1,2.5821464887960457
10.203,0.1796211,-0.261927,9.7327953,0.005183197033295173,2,-0.024071423791958604,0.6404472238529405,1,2.5917525937339088
10.219,0.19011780000000003,-0.2963601,9.8196138,0.006976017344062058,2,0.11205126942293021,0.6405444975679594,1,2.6020005275052758
10.234,0.1990449,-0.2858634,9.8196138,0.008721837071338001,2,0.11638798181839183,0.6406622314760749,1,2.6116095779731063
10.266,0.19757340000000004,-0.2963601,9.690808500000001,0.00729243583946193,2,-0.04466878849612717,0.6409184598426477,1,2.632114869034206
10.281,0.19757340000000004,-0.2963601,9.690808500000001,0.00589789805226637,2,-0.0929691858130338,0.6410173873468357,1,2.6417293878881276
10.297,0.18413369999999998,-0.3039138,9.690808500000001,0.004536624194532379,2,-0.08507961610837438,0.6411008635248101,1,2.651986333895101
10.313,0.18413369999999998,-0.2948886,9.749178,0.004624492288538562,2,0.005491755875386412,0.6411741524566746,1,2.662244534022953
10.328,0.19757340000000004,-0.2948886,9.6773688,0.002966354590268949,2,-0.11054251321798308,0.6412310838082657,1,2.671862573294939
10.344,0.12272310000000002,-0.2544714,9.6773688,0.0012904992751501254,2,-0.10474095719492639,0.641265138639189,1,2.682122543074519
10.359,0.12272310000000002,-0.3008727,9.7252416,0.0008549501766541567,2,-0.02903660656639681,0.6412812295100775,1,2.6917416408356387
10.375,0.15568469999999998,-0.3008727,9.7297542,0.0005515216151117386,2,-0.018964285096401117,0.6412924812844116,1,2.7020022305219946
10.391,0.21101310000000004,-0.290376,9.6563754,-0.001515367542372914,2,-0.12918057234279068,0.6412847705169935,1,2.712262848536406
10.406,0.2065986,-0.3218661,9.6563754,-0.003509840892480298,2,-0.1329648900071539,0.6412470814537321,1,2.721881837426187
10.422,0.2065986,-0.2948886,9.7208271,-0.003905757676124111,2,-0.02474479897773827,0.6411877566651832,1,2.732141316131138
10.438,0.18266220000000002,-0.2948886,9.740250900000001,-0.0038302488852579586,2,0.0047192994291345115,0.6411258686126922,1,2.742399825133361
10.453,0.1586277,-0.3053853,9.740250900000001,-0.0037589614395781012,2,0.004752496378657539,0.641068949535256,1,2.7520162862694697
10.484,0.1257642,-0.2918475,9.8584614,-0.0008295567671368076,2,0.09449692491745931,0.6409978275030519,1,2.771888321313564
10.5,0.142245,-0.3173535,9.8584614,0.0020530700354459697,2,0.1801641751614234,0.6410076156091984,1,2.782144364858462
10.516,0.142245,-0.2738952,9.783611100000002,0.003008905415200047,2,0.05973971123462979,0.6410481114128036,1,2.792400810674638
10.531,0.18109260000000002,-0.2738952,9.8091171,0.00457882481342331,2,0.10466129321488023,0.6411050193895182,1,2.802016959155656
10.547,0.1990449,-0.3143124,9.7268112,0.004142463537407437,2,-0.02727257975099204,0.6411747896963249,1,2.8122751976283427
10.563,0.18109260000000002,-0.3023442,9.7268112,0.003698948339435404,2,-0.027719699873252044,0.6412375209913397,1,2.822534496113844
10.578,0.18109260000000002,-0.31136939999999996,9.7866522,0.004731733332263843,2,0.06885233285523484,0.6413007511038774,1,2.8321535331545573
10.594,0.19610190000000002,-0.31136939999999996,9.7791966,0.0055646628573367,2,0.05205809531705347,0.6413831222733942,1,2.8424150041415754
10.609,0.20208600000000002,-0.2649681,9.7791966,0.006346918489377629,2,0.052150375469393294,0.6414724591334946,1,2.8520364210021274
10.625,0.20208600000000002,-0.31284090000000003,9.746235,0.006341210111891371,2,-0.0003567735928911017,0.6415739641623047,1,2.8623007923884938
10.641,0.205029,-0.31284090000000003,9.719257500000001,0.00567963662169646,2,-0.04134834313718191,0.6416701309361734,1,2.872566745149282
10.656,0.205029,-0.32932170000000005,9.719257500000001,0.005047468212294959,2,-0.04214456062676515,0.6417505842224284,1,2.8821924005129715
10.688,0.18864630000000002,-0.2994012,9.7297542,0.0046548932265011445,2,-0.012267968306056688,0.6419058220054491,1,2.9027309030126176
10.703,0.17510850000000003,-0.2843919,9.7686999,0.00520408741940237,2,0.03661294619341799,0.6419797643602934,1,2.91236004491036
10.719,0.19757340000000004,-0.3143124,9.7686999,0.005772680069046743,2,0.03553704060277326,0.6420675785002009,1,2.9226324236532437
10.734,0.19757340000000004,-0.2889045,9.6967926,0.00455558063382,2,-0.08113996234844645,0.6421450404554724,1,2.932264018295412
10.75,0.17667810000000003,-0.2889045,9.7297542,0.004161791146925609,2,-0.024611842930899443,0.6422147794297184,1,2.942538896854493
10.766,0.16912439999999998,-0.290376,9.7297542,0.0037754020543445677,2,-0.024149318286315037,0.6422782769753286,1,2.9528148413057336
10.781,0.16912439999999998,-0.30685680000000004,9.7447635,0.0037766100391394275,2,8.053231965731961e-05,0.6423349170660297,1,2.962449440261044
10.797,0.1078119,-0.30685680000000004,9.803133,0.0051794108340743605,2,0.08767504968343323,0.6424065652330154,1,2.9727273721194365
10.813,0.20208600000000002,-0.2664396,9.803133,0.006555511859668073,2,0.08600631409960693,0.6425004446145653,1,2.983006628198217
10.828,0.20208600000000002,-0.2858634,9.818044200000001,0.008274843229804318,2,0.1146220913424256,0.6426116722777364,1,2.9926449690749086
10.844,0.18864630000000002,-0.2858634,9.6654006,0.006225005348149182,2,-0.12811486760344593,0.6427276710663601,1,3.002927683821661
10.859,0.1631403,-0.3173535,9.7911648,0.00730315922048419,2,0.07187692482233116,0.6428291323006249,1,3.012569359846914
10.891,0.1990449,-0.2499588,9.7911648,0.008323611232398775,2,0.03188912537233077,0.643079160627871,1,3.03314389253377
10.906,0.1990449,-0.287433,9.7866522,0.009234248982087578,2,0.06070918331258456,0.6432108445794796,1,3.0427910675728254
10.922,0.173637,-0.287433,9.698362200000002,0.007958747368162378,2,-0.07971885087032497,0.6433483885502816,1,3.0530835414378634
10.938,0.19757340000000004,-0.3173535,9.698362200000002,0.006748259771352849,2,-0.07565547480059547,0.6434660446073978,1,3.063378056903125
10.953,0.19757340000000004,-0.30685680000000004,9.7612443,0.00709169523237918,2,0.022895697401757262,0.6435698442699257,1,3.0730308260697043
10.969,0.1796211,-0.30685680000000004,9.7672284,0.007564157037270647,2,0.02952886280571662,0.6436870910880829,1,3.0833288815525686
10.984,0.17667810000000003,-0.290376,9.7447635,0.007463913040513859,2,-0.006682933117118952,0.6437998016136662,1,3.092985033247832
11.0,0.1661814,-0.3098979,9.7567317,0.007667986604925403,2,0.012754597775721509,0.6439208568108298,1,3.103286798515228
11.016,0.18864630000000002,-0.3098979,9.7507476,0.00773118660941563,2,0.003950000280639184,0.6440440501965445,1,3.113590517771287
11.031,0.18413369999999998,-0.2948886,9.7507476,0.007779397159918489,2,0.0032140367001904447,0.6441603795748145,1,3.1232520509945725
11.047,0.18413369999999998,-0.3143124,9.7821396,0.008606347847420537,2,0.05168441796887797,0.6442914655348733,1,3.13355966575545
11.063,0.18413369999999998,-0.3143124,9.800091900000002,0.009850687252297874,2,0.0777712128048335,0.644439121815671,1,3.1438695104542544
11.094,0.1856052,-0.2934171,9.800091900000002,0.011049561807075392,2,0.03867337273476014,0.6447630756760913,1,3.163852144515376
11.109,0.1856052,-0.2948886,9.743193900000001,0.010833397429189873,2,-0.014410958525700743,0.6449271978703632,1,3.173524821566975
11.125,0.1107549,-0.2948886,9.7686999,0.011216529983885337,2,0.02394578466846651,0.6451035972896678,1,3.1838450679282553
11.141,0.18109260000000002,-0.2934171,9.7686999,0.01161484985874317,2,0.02489499217861455,0.6452862483284089,1,3.1941681866932
11.156,0.18109260000000002,-0.2994012,9.7911648,0.012555454485283946,2,0.06270697510271597,0.6454675256109891,1,3.203848839997746
11.172,0.18413369999999998,-0.3039138,9.747706500000001,0.012418630722573099,2,-0.008551485169427935,0.6456673182926519,1,3.214177918748975
11.203,0.20954160000000002,-0.3008727,9.7672284,0.012771158073441313,2,0.011371850028007365,0.6460577600189901,1,3.2341996574628045
11.219,0.20954160000000002,-0.2948886,9.8255979,0.014533315659830848,2,0.1101348491493458,0.6462761958088562,1,3.244538329109427
11.234,0.18413369999999998,-0.2948886,9.7791966,0.015109059335074448,2,0.03838291168290526,0.646498513621318,1,3.254234139430154
11.25,0.15421320000000002,-0.2754648,9.7791966,0.015644335887667893,2,0.03345478453709025,0.6467445407831,1,3.2645800838653893
11.266,0.15421320000000002,-0.2829204,9.6668721,0.013433626989392877,2,-0.13816930614218836,0.6469771644861164,1,3.274929857507543
11.281,0.145188,-0.2829204,9.6967926,0.012002805793521532,2,-0.09538807972475277,0.6471679377319883,1,3.284635945774179
11.297,0.2215098,-0.3173535,9.747706500000001,0.01190885399808117,2,-0.005871987215022573,0.6473592310103211,1,3.2949921631241175
11.313,0.1870767,-0.33226469999999997,9.6967926,0.010570866917012367,2,-0.08362419256680013,0.6475390687776419,1,3.305351349522421
11.328,0.20954160000000002,-0.33226469999999997,9.7701714,0.011064981443521305,2,0.03294096843393182,0.6477013376403459,1,3.315065652570555
11.344,0.20954160000000002,-0.33226469999999997,9.7701714,0.011547044396213124,2,0.0301289345432387,0.6478822338470638,1,3.3254303211424543
11.359,0.21101310000000004,-0.2784078,9.7701714,0.01197709934037583,2,0.028670329610845948,0.6480586649250882,1,3.335149877883246
11.375,0.21101310000000004,-0.261927,9.6429357,0.009284108390376744,2,-0.1683119343749427,0.6482287545869343,1,3.3455201772393424
11.406,0.2274939,-0.2634966,9.6594165,0.0070686859113155975,2,-0.07146524126003564,0.6484822228986106,1,3.3656191973903686
11.422,0.2274939,-0.2889045,9.6967926,0.005835960641098481,2,-0.07704532938856971,0.6485854600710299,1,3.375995738854126
11.438,0.17667810000000003,-0.2889045,9.731225700000001,0.005446810901732491,2,-0.02432185871037438,0.6486757222433726,1,3.386373828312641
11.453,0.1990449,-0.2829204,9.731225700000001,0.005073392006584854,2,-0.024894593009844465,0.6487546237651849,1,3.3961045559077045
11.469,0.1990449,-0.2858634,9.6923781,0.003764283750362196,2,-0.08181926601391602,0.6488253251712405,1,3.406485195499196
11.484,0.16166880000000003,-0.3307932,9.764187300000001,0.004255180717612106,2,0.03272646448332608,0.6488854711547503,1,3.416218026471641
11.516,0.18864630000000002,-0.3278502,9.8240283,0.006201929586879373,2,0.06083590216460205,0.6490527849196221,1,3.436985038568831
11.531,0.18864630000000002,-0.2769363,9.7387794,0.005984975676591731,2,-0.014463594019175637,0.6491441867090982,1,3.446721515856047
11.547,0.173637,-0.2769363,9.7672284,0.006459996825423531,2,0.02968882180198748,0.6492437464891143,1,3.4571086193216325
11.563,0.1856052,-0.2858634,9.7672284,0.006935066578130034,2,0.0296918595441564,0.6493509069963428,1,3.4674973765495163
11.578,0.1856052,-0.3143124,9.746235,0.0069081778447124265,2,-0.0017925822278406186,0.6494547313295141,1,3.4772384188369596
11.594,0.20954160000000002,-0.3143124,9.7612443,0.007259577544161289,2,0.021962481215553865,0.6495680733726251,1,3.4876306012745766
11.609,0.2080701,-0.3262806,9.7612443,0.007611210405240598,2,0.02344219073861975,0.6496796042822457,1,3.4973749588569887
11.625,0.2080701,-0.2709522,9.707289300000001,0.006597846620552517,2,-0.06333523654300505,0.649793276738452,1,3.5077707419051545
11.641,0.16166880000000003,-0.3083283,9.7672284,0.00707583806135581,2,0.02987446505020583,0.6499026662159073,1,3.5181683094487894
11.656,0.18266220000000002,-0.3083283,9.7252416,0.006527814141193744,2,-0.03653492801080303,0.6500046936074264,1,3.527917614647465
11.672,0.1646118,-0.2529999,9.7252416,0.0059463784800417585,2,-0.03633972882199906,0.6501044871483963,1,3.5383184880935117
11.688,0.1646118,-0.290376,9.7372098,0.005696313437216105,2,-0.015629065176603327,0.6501976286837343,1,3.548720905020169
11.719,0.22455090000000003,-0.290376,9.7387794,0.00551979849235984,2,-0.0056940304792345835,0.6503714784186427,1,3.568879726180255
11.734,0.19011780000000003,-0.2798793,9.7387794,0.005322230239706016,2,-0.01317121684358774,0.6504527936341332,1,3.578635908220651
11.75,0.19011780000000003,-0.2889045,9.747706500000001,0.005353502013123901,2,0.0019544858386177904,0.6505381994921559,1,3.5890438361656614
11.766,0.1781496,-0.2889045,9.6967926,0.004137453975234351,2,-0.0760030023680968,0.6506141271400627,1,3.599453054778719
11.781,0.1631403,-0.2934171,9.6967926,0.0029479300504551276,2,-0.07930159498527854,0.6506672675202554,1,3.6092126652386716
11.797,0.1631403,-0.2664396,9.714843,0.00220846039320044,2,-0.04621685357841794,0.6507085186438046,1,3.619623671527984
11.813,0.21101310000000004,-0.31136939999999996,9.7627158,0.002708824753842265,2,0.03127277254011404,0.6507478569249809,1,3.6300353225325344
11.828,0.205029,-0.2738952,9.7627158,0.003166499016824531,2,0.03051161753215353,0.650791921853261,1,3.6397968708733703
11.844,0.205029,-0.318825,9.7372098,0.0030246257573693924,2,-0.008867078715946155,0.6508414508514545,1,3.650209937855008
11.859,0.21101310000000004,-0.318825,9.8136297,0.004751804536509141,2,0.11514525194264555,0.6508997740786586,1,3.6599729970419843
11.875,0.205029,-0.2843919,9.8136297,0.006407972295136233,2,0.10351048491419314,0.6509890522933118,1,3.67038810765296
11.891,0.205029,-0.2738952,9.8105886,0.007942339857491376,2,0.09589797264719638,0.6511038547905329,1,3.6808048509096305
11.922,0.19610190000000002,-0.2738952,9.7387794,0.007684430424207633,2,-0.008319659138185095,0.6513460697298993,1,3.7009928247396977
11.938,0.17667810000000003,-0.3008727,9.7387794,0.007443154671868513,2,-0.015079734521195029,0.6514670904106679,1,3.7114153300208224
11.953,0.17667810000000003,-0.2679111,9.6804099,0.00576143154063935,2,-0.11211487541528653,0.6515661248072616,1,3.721188079134956
11.969,0.16912439999999998,-0.3083283,9.8016615,0.007102190479194803,2,0.08379743365971574,0.6516690337834203,1,3.7316139604036818
11.984,0.17667810000000003,-0.3083283,9.7536906,0.007244245827726203,2,0.009470356568759657,0.6517766320557222,1,3.741389802897476
12.0,0.17069399999999998,-0.2918475,9.7536906,0.007367879564270652,2,0.00772710853402802,0.6518935290588582,1,3.7518191641863927
12.031,0.1721655,-0.2843919,9.689337,0.005915076826521926,2,-0.046864604443506416,0.6520994148829156,1,3.7720310548174907
12.047,0.2140542,-0.315882,9.689337,0.004541831516490902,2,-0.08582783187693892,0.6521830701496597,1,3.782465314697751
12.063,0.2140542,-0.2843919,9.681881400000002,0.0029965848377795368,2,-0.09657791741946023,0.6522433774804939,1,3.7929007262787926
12.078,0.15568469999999998,-0.2843919,9.711801900000001,0.0021912209820520445,2,-0.05369092371517047,0.6522822860241426,1,3.8026846687550764
12.094,0.1856052,-0.31136939999999996,9.711801900000001,0.0014384839701442331,2,-0.04704606324423817,0.6523113236637602,1,3.81312141763258
12.109,0.20208600000000002,-0.287433,9.7013052,0.0004382886957792209,2,-0.06667968495766495,0.6523253994587547,1,3.822906193055999
12.125,0.20208600000000002,-0.31136939999999996,9.7447635,0.0005396805195037047,2,0.006336988982780229,0.6523332232124769,1,3.8333434620373685
12.141,0.20355750000000003,-0.31136939999999996,9.8689581,0.003666305346326837,2,0.1954140516764456,0.6523668710994035,1,3.8437810627918636
12.156,0.1930608,-0.3083283,9.8689581,0.006709202988206542,2,0.20285984279197264,0.6524446874119125,1,3.853567149480699
12.172,0.1930608,-0.2649681,9.777627,0.007420836798202046,2,0.044477113124718984,0.6525577277302038,1,3.864007168801836
12.188,0.1406754,-0.2649681,9.7672284,0.0078398144577978,2,0.026186103724734597,0.6526798129402518,1,3.8744490691271998
12.203,0.17667810000000003,-0.2843919,9.7672284,0.008276147376404808,2,0.02908886124046951,0.6528006826540083,1,3.884240172844156
12.234,0.1392039,-0.2709522,9.800091900000002,0.009478912641156967,2,0.03879887950813344,0.6530758860842805,1,3.9044812596595997
12.25,0.2006145,-0.2769363,9.800091900000002,0.010682374115287274,2,0.07521634213314414,0.653237176378332,1,3.9149317641593004
12.266,0.20954160000000002,-0.31136939999999996,9.7327953,0.010246057214857274,2,-0.027269806276875006,0.6534046038289731,1,3.9253848984009587
12.281,0.20954160000000002,-0.34128990000000003,9.716314500000001,0.009443200776640737,2,-0.05352376254776711,0.6535522732639094,1,3.9351870749791558
12.297,0.19757340000000004,-0.34128990000000003,9.660888,0.007303068425816406,2,-0.13375827192652057,0.6536862434175291,1,3.9456449831126075
12.313,0.1870767,-0.3023442,9.660888,0.005178423180883129,2,-0.13279032780832967,0.6537860953503827,1,3.956104761822751
12.344,0.1870767,-0.3202965,9.716314500000001,0.004470574765880642,2,-0.022833819838790806,0.6539356548185575,1,3.9763744489503687
12.359,0.20954160000000002,-0.3202965,9.6639291,0.0025144685012357115,2,-0.13040708430965706,0.6539880426430609,1,3.986183876681331
12.375,0.15568469999999998,-0.2709522,9.6639291,0.0005444741907059125,2,-0.12312464440811233,0.6540125141845964,1,3.9966478811359525
12.391,0.15568469999999998,-0.35178660000000006,9.689337,-0.0006947739449358892,2,-0.07745300847761254,0.6540113117865626,1,4.007112071743721
12.406,0.1930608,-0.35178660000000006,9.690808500000001,-0.0018515447936291451,2,-0.07711805657954747,0.6539922143960233,1,4.016922098190091
12.422,0.19610190000000002,-0.32932170000000005,9.690808500000001,-0.0029978529987637614,2,-0.07164426282091345,0.6539534192136841,1,4.027385663258968
12.438,0.18413369999999998,-0.3053853,9.788123700000002,-0.0017690777600982699,2,0.07679845241659315,0.6539152837676132,1,4.037848612882819
12.453,0.1796211,-0.3053853,9.7941078,-0.00042645823975284713,2,0.08950796802303539,0.6538988172476143,1,4.047657218640432
12.469,0.1257642,-0.2484873,9.7941078,0.0008237270282904774,2,0.07813657925270771,0.6539019953979226,1,4.058119625141597
12.484,0.1257642,-0.2963601,9.8016615,0.0022600195333222217,2,0.09575283366877933,0.6539251234971347,1,4.06792832853331
12.5,0.1257642,-0.2963601,9.8016615,0.003661280513842513,2,0.08757881128251813,0.653972493897512,1,4.078391509472468
12.516,0.1586277,-0.2963601,9.695321100000001,0.002447858465316699,2,-0.07583887803286331,0.6540213670093453,1,4.0888554603597225
12.531,0.2080701,-0.3098979,9.7941078,0.0037048044963743365,2,0.083796402070506,0.654067511981558,1,4.098666126952154
12.547,0.18266220000000002,-0.3098979,9.843550200000001,0.006123844214325658,2,0.15118998237195744,0.6541461411712436,1,4.109131836177377
12.563,0.145188,-0.34128990000000003,9.843550200000001,0.008493980638307974,2,0.14813352649889464,0.6542630837700647,1,4.119599109976908
12.578,0.2065986,-0.2798793,9.6713847,0.006589335369856286,2,-0.12697635123012274,0.6543762086401259,1,4.129413904669983
12.594,0.2065986,-0.261927,9.746235,0.006543427947240943,2,-0.002869213913458954,0.6544812707466627,1,4.139884764505077
12.609,0.18266220000000002,-0.261927,9.6967926,0.00528172594779619,2,-0.08411346662964703,0.6545699594008755,1,4.149702648731184
12.641,0.1870767,-0.29783160000000003,9.6967926,0.004078109561229226,2,-0.03761301208021758,0.6547197167690199,1,4.170651283549902
12.656,0.1870767,-0.3039138,9.6758973,0.0023991535888363558,2,-0.11193039815952045,0.6547682962426453,1,4.18047244364749
12.672,0.23799060000000002,-0.3039138,9.759674700000001,0.0028301452375050218,2,0.026936978041791602,0.6548101306332561,1,4.190949071062498
12.688,0.1915893,-0.2604555,9.759674700000001,0.003195107701088773,2,0.022810153973984428,0.6548583326567649,1,4.201426418768818
12.703,0.1915893,-0.2889045,9.728282700000001,0.0028055114544098814,2,-0.025973083111928197,0.654903337300431,1,4.211249631293496
12.719,0.16765290000000002,-0.2889045,9.7013052,0.0017570454993141027,2,-0.06552912219348611,0.6549398377560608,1,4.221728376693948
12.734,0.20355750000000003,-0.2754648,9.7013052,0.0007413670542177897,2,-0.06771189633975164,0.6549585758502123,1,4.231552614795995
12.75,0.1317483,-0.2829204,9.6623595,-0.001223960751847386,2,-0.12283298787907337,0.6549547151006313,1,4.242031921123602
12.766,0.1317483,-0.33530580000000004,9.7567317,-0.0008003251386448085,2,0.026477225825161075,0.6549385208135073,1,4.252511067010915
12.781,0.1586277,-0.33530580000000004,9.7971489,0.000607803481996072,2,0.09387524137605514,0.6549370769010825,1,4.262335133993775
12.797,0.15568469999999998,-0.3173535,9.7971489,0.0019658622687845906,2,0.08487867417428234,0.6549576662270887,1,4.272814291938801
12.813,0.15568469999999998,-0.318825,9.8046045,0.0034736870398788255,2,0.0942390481933896,0.655001182621558,1,4.28329396272959
12.844,0.16166880000000003,-0.33226469999999997,9.6713847,0.0017110459731135563,2,-0.056859389250494746,0.6550815459832594,1,4.303600245022964
12.859,0.16166880000000003,-0.3143124,9.7567317,0.0020570273739277667,2,0.023065426720946483,0.6551098065333623,1,4.313426680166839
12.875,0.1856052,-0.3143124,9.7387794,0.0019673988040178614,2,-0.005601785619369077,0.6551420019427858,1,4.323908694634648
12.891,0.2230794,-0.2948886,9.7612443,0.002431844388869564,2,0.02902784905323139,0.6551771958883289,1,4.334391248217297
12.906,0.16912439999999998,-0.2948886,9.7612443,0.0028585417675568436,2,0.02844649191248423,0.6552168737845021,1,4.3442192037398435
12.922,0.16912439999999998,-0.3083283,9.7791966,0.0037225316317233137,2,0.05399936651040433,0.6552695223716963,1,4.354703094909093
12.938,0.2200383,-0.3083283,9.743193900000001,0.0037126858681642005,2,-0.0006153602224445715,0.6553290041116955,1,4.36518788312096
12.953,0.19610190000000002,-0.2918475,9.743193900000001,0.0036782494968541357,2,-0.0022957580873378403,0.6553844361269331,1,4.375018233922749
12.969,0.19610190000000002,-0.31136939999999996,9.771642900000002,0.004352767557330495,2,0.0421573787797724,0.6554486842633666,1,4.385504898885871
12.984,0.1287072,-0.31136939999999996,9.7536906,0.00454593180556806,2,0.012877616549170516,0.6555154245085884,1,4.395337129701661
13.0,0.1870767,-0.2829204,9.7536906,0.004736290554111733,2,0.011897421783979557,0.6555896822874658,1,4.405825970556029
13.016,0.1870767,-0.3053853,9.6264549,0.0018373278396772719,2,-0.18118516965215364,0.6556422712346162,1,4.416315826184206
13.031,0.2215098,-0.3053853,9.716314500000001,0.0012169134481467836,2,-0.04136095943536432,0.6556651780442748,1,4.426150632053798
13.047,0.20208600000000002,-0.2634966,9.6713847,-0.0005237844100953737,2,-0.10879361614013473,0.6556707230765793,1,4.436641319262765
13.063,0.17069399999999998,-0.3367773,9.6713847,-0.0021813424797354486,2,-0.10359737935250458,0.6556490820614606,1,4.447131877703869
13.078,0.17069399999999998,-0.3023442,9.759674700000001,-0.001674161583704148,2,0.03381205973542277,0.6556201657809848,1,4.456966397062687
13.094,0.1526436,-0.3023442,9.7327953,-0.0018418388666354701,2,-0.01047983018320763,0.6555920377773821,1,4.467456094691154
13.109,0.205029,-0.2724237,9.7327953,-0.002003498678094573,2,-0.010777320763939778,0.6555631977457966,1,4.477289758957578
13.141,0.205029,-0.3023442,9.7926363,-0.0006811657429857121,2,0.04132290422215187,0.6555202431150593,1,4.498267094011352
13.156,0.1946304,-0.3023442,9.7701714,5.618867962375873e-05,2,0.04915696150729619,0.6555155557870841,1,4.508099862503118
13.172,0.1661814,-0.3278502,9.7701714,0.000782804626981104,2,0.045413496709834036,0.655522267733537,1,4.518588165091283
13.188,0.1661814,-0.3053853,9.777627,0.0016556827403562124,2,0.05455488208594423,0.6555417756324756,1,4.529076677438211
13.203,0.1946304,-0.3053853,9.7582032,0.0020466394048082037,2,0.02606377763013485,0.6555695430485643,1,4.538910012328318
13.219,0.16019730000000001,-0.29783160000000003,9.7806681,0.002954707042039928,2,0.056754227326982716,0.6556095538201391,1,4.549399445103268
13.234,0.16912439999999998,-0.2889045,9.7806681,0.0038377631430925874,2,0.05887040673684173,0.6556604973465275,1,4.559233970487019
13.25,0.16912439999999998,-0.2829204,9.7447635,0.003819793925993409,2,-0.0011230760686986574,0.6557217578030802,1,4.569725028528215
13.266,0.18864630000000002,-0.2829204,9.771642900000002,0.004466195864866407,2,0.04040012117956234,0.655788045721407,1,4.580217106956411
13.281,0.205029,-0.2709522,9.771642900000002,0.0050966081527210605,2,0.042027485856975313,0.6558597667515389,1,4.590054465549959
13.297,0.205029,-0.29783160000000003,9.723770100000001,0.004563885764106601,2,-0.033295149288403686,0.6559370507028736,1,4.600548840089594
13.313,0.1526436,-0.29783160000000003,9.7208271,0.003948934781403679,2,-0.03843443641893259,0.6560051532672376,1,4.611044377721355
13.328,0.1257642,-0.3083283,9.7208271,0.003347577403431501,2,-0.04009049186481511,0.6560598771086239,1,4.620884865449173
13.344,0.1257642,-0.32333760000000006,9.7536906,0.003573814578629708,2,0.014139823449887944,0.6561152482444804,1,4.631382266451998
13.359,0.18109260000000002,-0.32333760000000006,9.6923781,0.0023214052797992935,2,-0.08349395325535781,0.6561594623934186,1,4.641224326781782
13.375,0.1930608,-0.315882,9.6938496,0.001135044765506521,2,-0.07414753214329821,0.656187113993781,1,4.65172309939288
13.391,0.1661814,-0.3053853,9.6938496,-4.2717866890029654e-05,2,-0.07361016452478435,0.65619585260897,1,4.662222163125702
13.406,0.1661814,-0.29783160000000003,9.728282700000001,-0.00035816895027096507,2,-0.021030072225394898,0.6561928459578412,1,4.6720650783649535
13.422,0.1526436,-0.29783160000000003,9.7447635,-0.00026960002415421513,2,0.005535557882296866,0.6561878238060458,1,4.682564123723065
13.438,0.1796211,-0.3083283,9.7447635,-0.00016402317014474477,2,0.006598553375591892,0.6561843548204914,1,4.693063101152077
13.453,0.1796211,-0.3008727,9.759674700000001,0.0002967515844698454,2,0.030718316974308484,0.6561853502835988,1,4.702905873940357
13.469,0.18864630000000002,-0.3008727,9.818044200000001,0.0021731487265466143,2,0.11727482137979794,0.6562051094860869,1,4.713404997618515
13.484,0.18109260000000002,-0.2724237,9.818044200000001,0.003980066819053718,2,0.12046120616713568,0.6562512586026789,1,4.723248420379181
13.5,0.18109260000000002,-0.3039138,9.7971489,0.005256132974993832,2,0.07975413474625707,0.6563251482010313,1,4.733749031633611
13.516,0.1915893,-0.29783160000000003,9.8105886,0.006828972952478196,2,0.09830249859277265,0.656421829048451,1,4.744251007451607
13.531,0.2140542,-0.29783160000000003,9.7791966,0.0076096486838928,2,0.05204504876097163,0.6565301187107239,1,4.754098147059801
13.547,0.21258269999999999,-0.290376,9.7791966,0.008365036110433266,2,0.047211714158779075,0.6566579161890784,1,4.764603651338999
13.563,0.21258269999999999,-0.318825,9.735738300000001,0.00806445455120297,2,-0.01878634745189343,0.6567893521143715,1,4.775111229485426
13.578,0.1571562,-0.318825,9.690808500000001,0.006650436740921251,2,-0.09426785401878894,0.6568997137990624,1,4.784963897479776
13.594,0.1856052,-0.2889045,9.690808500000001,0.005260302610729184,2,-0.08688338313700408,0.6569949997138756,1,4.79547505518788
13.609,0.1856052,-0.2994012,9.7297542,0.00486111095816355,2,-0.026612776837707897,0.6570709103156424,1,4.805330549513101
13.625,0.20208600000000002,-0.2994012,9.7701714,0.005464768284019428,2,0.03772858286599231,0.6571535173495798,1,4.8158443449344235
13.641,0.1511721,-0.2724237,9.7701714,0.006012022062193978,2,0.034203361135909355,0.6572453316723496,1,4.826359535726599
13.656,0.1511721,-0.287433,9.6713847,0.00414832318780789,2,-0.12424659162573451,0.6573215342617246,1,4.836218787221105
13.672,0.16765290000000002,-0.30685680000000004,9.7103304,0.0033005261121754614,2,-0.052987317227026716,0.6573811250561244,1,4.846736408495648
13.703,0.20208600000000002,-0.30685680000000004,9.6758973,0.0016501561909141316,2,-0.05323773939552882,0.6574578606318223,1,4.86711641277381
13.719,0.17667810000000003,-0.318825,9.6758973,3.734984953140952e-05,2,-0.10080039633642005,0.6574713606801459,1,4.8776358465443055
13.734,0.17667810000000003,-0.2769363,9.7058178,-0.0008382033049354476,2,-0.058370210297788265,0.6574653542792304,1,4.887497871906501
13.75,0.17069399999999998,-0.2769363,9.8240283,0.001186572349554993,2,0.12654847840565242,0.6574681412315874,1,4.898017339870588
13.766,0.19011780000000003,-0.3173535,9.8240283,0.003200455686256376,2,0.12586770854383633,0.6575032374558739,1,4.908537110900087
13.781,0.19011780000000003,-0.3083283,9.7567317,0.0035179567748997442,2,0.021166739242890413,0.6575536255493326,1,4.918400037372627
13.797,0.1781496,-0.3008727,9.788123700000002,0.004581704178299617,2,0.066484212712492,0.6576184228369581,1,4.928921413759717
13.813,0.1781496,-0.30685680000000004,9.777627,0.005368185765302513,2,0.049155099187680976,0.657698021956507,1,4.9394439453180645
13.828,0.1915893,-0.3008727,9.759674700000001,0.005699576320331801,2,0.02209270366862093,0.6577810301721492,1,4.9493100382090285
13.844,0.1631403,-0.3008727,9.7926363,0.006813731494254682,2,0.06963469837018005,0.6578811366346659,1,4.959835335543483
13.859,0.21258269999999999,-0.33226469999999997,9.7926363,0.00794856391843446,2,0.0756554949453156,0.657991853850261,1,4.96970438297212
13.875,0.21258269999999999,-0.29783160000000003,9.687865500000001,0.006475134859837084,2,-0.09208931616233587,0.6581072434404872,1,4.980233175750446
13.906,0.18864630000000002,-0.29783160000000003,9.6684417,0.004552124667965174,2,-0.062032586834576575,0.6582781659631681,1,5.000637149596203
13.922,0.15568469999999998,-0.3023442,9.6684417,0.002665124536978425,2,-0.1179375081866717,0.6583359039568076,1,5.011170062155563
13.938,0.15568469999999998,-0.31136939999999996,9.7252416,0.0022156022676522724,2,-0.028095141832884505,0.6583749497712447,1,5.021703748985388
13.953,0.19610190000000002,-0.31136939999999996,9.7447635,0.002270665162763308,2,0.0036708596740693262,0.6584085967769728,1,5.031579625584499
13.969,0.21101310000000004,-0.3173535,9.7447635,0.0023366814167093963,2,0.004126015871630525,0.6584454555496086,1,5.042114458003112
13.984,0.21101310000000004,-0.2889045,9.746235,0.002415384744578475,2,0.0052468885246050355,0.6584810960458183,1,5.051991407140077
14.0,0.205029,-0.3173535,9.714843,0.001745539236413407,2,-0.041865344260316704,0.6585143834376662,1,5.062527370975945
14.016,0.2200383,-0.3173535,9.7552602,0.0020850447285951645,2,0.021219093261359828,0.6585450281093863,1,5.0730638462683215
14.031,0.1497006,-0.2963601,9.7552602,0.0023676853697676137,2,0.018842709411495896,0.6585784235851241,1,5.082942272156031
14.047,0.1497006,-0.315882,9.719257500000001,0.0017808153216876121,2,-0.03667937800500006,0.6586116115906557,1,5.093479792437438
14.063,0.17667810000000003,-0.315882,9.731225700000001,0.0015110049778961354,2,-0.01686314648696728,0.6586379461530524,1,5.104017788899387
14.078,0.2230794,-0.2798793,9.731225700000001,0.0012441439084476258,2,-0.01779073796323541,0.6586586097696999,1,5.113897513068808
14.094,0.2230794,-0.3143124,9.7208271,0.000755987659864843,2,-0.0305097655364239,0.6586746108222464,1,5.124436178833543
14.109,0.1781496,-0.3143124,9.8255979,0.0028107796948759756,2,0.13698613566740364,0.658701361577407,1,5.134316498626541
14.125,0.2290635,-0.2784078,9.8255979,0.0048147744418916005,2,0.12524967168847645,0.6587623660105011,1,5.144856208447244
14.141,0.145188,-0.2769363,9.7297542,0.004393483197963732,2,-0.02633070274549174,0.6588360320716199,1,5.155396995631901
14.156,0.145188,-0.2858634,9.7806681,0.005229893505140026,2,0.055760687145084156,0.6589082073968932,1,5.165280077427915
14.172,0.1781496,-0.2858634,9.8240283,0.007116126779511234,2,0.11788957964820035,0.6590069755591703,1,5.175823398891564
14.188,0.19011780000000003,-0.3218661,9.8240283,0.008988965020179762,2,0.11705239004178293,0.6591358162935679,1,5.186368541226385
14.219,0.1437165,-0.2679111,9.7895952,0.009918000364598,2,0.02996888207800885,0.6594288742570319,1,5.206806293929919
14.234,0.1437165,-0.2679111,9.7895952,0.010824376310370809,2,0.060425063051518256,0.6595844420820942,1,5.216698893802462
14.25,0.1466595,-0.3053853,9.7895952,0.011736457951956325,2,0.0570051025990947,0.6597649287561929,1,5.227253688769169
14.266,0.1466595,-0.3173535,9.7672284,0.012090389035682492,2,0.022120692732885396,0.659955543532094,1,5.237811452547475
14.281,0.16019730000000001,-0.3173535,9.7327953,0.011601597042705691,2,-0.032586132865118786,0.6601332334276819,1,5.2477121183746736
14.297,0.2215098,-0.2889045,9.7327953,0.011132434942208391,2,-0.02932263128108123,0.6603151056835612,1,5.258275705087564
14.313,0.1257642,-0.290376,9.719257500000001,0.010304131212803824,2,-0.05176898308778539,0.6604865982128013,1,5.268842118718735
14.328,0.2065986,-0.290376,9.821085300000002,0.012011674301076525,2,0.11383620588485587,0.6606539667541554,1,5.278750672955986
14.344,0.24103170000000002,-0.34128990000000003,9.821085300000002,0.013736597712272314,2,0.10780771319973671,0.6608599529302622,1,5.289322784313461
14.359,0.24103170000000002,-0.31284090000000003,9.7612443,0.013938011047962107,2,0.013427555712652353,0.661067512495964,1,5.299237240304158
14.375,0.1571562,-0.31284090000000003,9.7732125,0.014384536551483862,2,0.027907843970109678,0.6612940928767596,1,5.309816133147139
14.391,0.17069399999999998,-0.2769363,9.7732125,0.014799298621184676,2,0.025922629356300828,0.6615275635581409,1,5.320398706398619
14.422,0.17069399999999998,-0.3307932,9.776155500000002,0.015316488325289868,2,0.016683538842102656,0.6619943582558113,1,5.340913296186735
14.438,0.1946304,-0.3307932,9.740250900000001,0.014956918378857154,2,-0.022473121652044604,0.6622365455094446,1,5.351507143416857
14.453,0.205029,-0.3173535,9.740250900000001,0.014600419773092455,2,-0.023766573717648516,0.6624582255455842,1,5.3614423541997684
14.469,0.1466595,-0.2918475,9.7701714,0.014936849438068833,2,0.021026854061023652,0.6626945236992735,1,5.372043576193727
14.484,0.1466595,-0.3218661,9.7327953,0.014377041807215107,2,-0.03732050872358031,0.6629143778836132,1,5.381985642955599
14.5,0.16019730000000001,-0.3218661,9.7208271,0.013544381556467755,2,-0.052041265671709476,0.6631377492705226,1,5.392594059972832
14.516,0.20355750000000003,-0.2798793,9.7208271,0.012720128773013428,2,-0.05151579896589537,0.6633478653531585,1,5.403205944889821
14.531,0.20355750000000003,-0.2814489,9.6923781,0.01122365012726867,2,-0.0997652430496468,0.6635274436949106,1,5.413157509707682
14.547,0.20208600000000002,-0.2814489,9.7372098,0.010855681698641817,2,-0.022998026789178262,0.6637040783495178,1,5.423775361884037
14.563,0.17069399999999998,-0.31284090000000003,9.7372098,0.010505391346956827,2,-0.02189314698031184,0.6638749669338826,1,5.434395994246304
14.578,0.17069399999999998,-0.2858634,9.707289300000001,0.009414088007039467,2,-0.07275355599449652,0.6640243630290376,1,5.444355239221025
14.594,0.22455090000000003,-0.2858634,9.695321100000001,0.008084424107643429,2,-0.08310399371225234,0.6641643511259551,1,5.454980748934265
14.609,0.2365191,-0.3098979,9.6848244,0.006556313758501631,2,-0.101874023276116,0.6642741566599512,1,5.46494403774266
14.625,0.2365191,-0.2918475,9.6967926,0.005343496213072285,2,-0.07580109658933402,0.6643693551397237,1,5.475573185837057
14.641,0.1631403,-0.2918475,9.7132734,0.00452513439852531,2,-0.051147613409185895,0.6644483041846165,1,5.4862037271116515
14.656,0.19610190000000002,-0.3532581,9.7132734,0.0037912910805140143,2,-0.048922887867417865,0.6645106773757093,1,5.496170919473355
14.672,0.19610190000000002,-0.3202965,9.7791966,0.004654185176399039,2,0.05393088099281402,0.6645782411857647,1,5.506803630821846
14.688,0.24103170000000002,-0.3202965,9.7417224,0.004607271172689664,2,-0.0029321252318359444,0.6646523328365574,1,5.517437475414025
14.719,0.1406754,-0.2649681,9.7417224,0.004473068821361892,2,-0.004329108107347662,0.6647930781064653,1,5.538043879283641
14.734,0.1406754,-0.2889045,9.7327953,0.0041411121711405485,2,-0.022130443348088717,0.664857684463909,1,5.548016260002918
14.75,0.1571562,-0.2889045,9.698362200000002,0.0029840479751062077,2,-0.07231651225214623,0.664914685745079,1,5.558654438964591
14.766,0.18864630000000002,-0.30685680000000004,9.698362200000002,0.001882329130980409,2,-0.06885742775786236,0.6649536167619277,1,5.569293385384647
14.781,0.2080701,-0.2604555,9.7013052,0.0008558231803110772,2,-0.06843373004461953,0.6649741529042623,1,5.579267843657144
14.797,0.2080701,-0.3053853,9.7686999,0.0015288815207039619,2,0.04206614627455526,0.6649932305418704,1,5.589907582724713
14.813,0.23347800000000002,-0.2814489,9.7567317,0.0018902932489712754,2,0.022588233016707072,0.6650205839400278,1,5.600547693240569
14.828,0.23347800000000002,-0.2814489,9.7567317,0.002242890057036817,2,0.02350645387103801,0.6650515828148229,1,5.610523234491229
14.844,0.23347800000000002,-0.3202965,9.707289300000001,0.001411169919723676,2,-0.05198250858207127,0.665080815294637,1,5.621164293676104
14.859,0.2006145,-0.3202965,9.7536906,0.0017127142993498268,2,0.02010295864174262,0.6651042444262801,1,5.631140681624012
14.875,0.1990449,-0.3053853,9.7536906,0.0019944636620028433,2,0.017609335165813516,0.665133901849971,1,5.641782586794221
14.891,0.1990449,-0.3367773,9.7732125,0.0027702890048004747,2,0.04848908392485192,0.6651720198713055,1,5.652425034167991
14.922,0.1946304,-0.3039138,9.7342668,0.0025495256359846508,2,-0.007121398994058703,0.6652544769982377,1,5.673046644869469
14.938,0.15421320000000002,-0.290376,9.7342668,0.0023064212673880036,2,-0.015194023037290436,0.6652933245734647,1,5.683691027282043
14.953,0.15421320000000002,-0.261927,9.695321100000001,0.0011001415183304886,2,-0.08041864993717414,0.6653188737943576,1,5.693670618769801
14.969,0.18864630000000002,-0.261927,9.7372098,0.0009592373957385547,2,-0.008806507661995857,0.6653353488256701,1,5.704315852550761
14.984,0.1526436,-0.2963601,9.7372098,0.0008304520963360318,2,-0.008585686626834536,0.6653487714968607,1,5.71429598345318
15.0,0.1526436,-0.3008727,9.764187300000001,0.0013657755653930792,2,0.033457716816065436,0.6653663413181545,1,5.7249417043557
15.031,0.173637,-0.33530580000000004,9.800091900000002,0.002799002891539004,2,0.04623313955309349,0.6654308953842369,1,5.745569061524588
15.047,0.173637,-0.2948886,9.7507476,0.002962816701888471,2,0.01023836314684167,0.6654769899409844,1,5.756216324607189
15.063,0.1990449,-0.2948886,9.7268112,0.002551044852294737,2,-0.025735740599608346,0.6655211008334179,1,5.766864309333385
15.078,0.19757340000000004,-0.32333760000000006,9.695321100000001,0.0014031531877449765,2,-0.0765261109699902,0.6655507573187182,1,5.776847348269525
15.094,0.1856052,-0.3008727,9.695321100000001,0.0002598687915149611,2,-0.0714552747643759,0.6655640614945523,1,5.787496266820032
15.109,0.1856052,-0.3008727,9.689337,-0.001001387290827438,2,-0.08408373882282341,0.6655585001058074,1,5.797479686032035
15.141,0.16912439999999998,-0.3008727,9.6549039,-0.003078531877893198,2,-0.06491076834580495,0.6654932213991079,1,5.818776513576114
15.156,0.18864630000000002,-0.3083283,9.6549039,-0.005090465231287311,2,-0.13412889022626912,0.6654319539207891,1,5.828758452391013
15.172,0.18864630000000002,-0.3039138,9.660888,-0.0069108848576444615,2,-0.1137762266473218,0.6653359431200777,1,5.83940459556734
15.188,0.16019730000000001,-0.3039138,9.746235,-0.00661909262952598,2,0.018237014257405076,0.6652277033001803,1,5.850049104738702
15.203,0.21258269999999999,-0.30685680000000004,9.746235,-0.006307751207806689,2,0.020756094781287746,0.6651307519714004,1,5.860026793153239
15.219,0.21258269999999999,-0.2934171,9.708858900000001,-0.006925071332791077,2,-0.038582507811524246,0.6650248893910756,1,5.870668038284139
15.234,0.1796211,-0.2934171,9.711801900000001,-0.007471826855258712,2,-0.03645036816450759,0.6649169126546652,1,5.880642601799482
15.25,0.17510850000000003,-0.3367773,9.749178,-0.007062047542509831,2,0.02561120704680506,0.664800641659483,1,5.891280342233995
15.266,0.1646118,-0.2829204,9.749178,-0.00670844129103898,2,0.022100390716928132,0.6646904777488146,1,5.901916271189261
15.281,0.1646118,-0.32932170000000005,9.749178,-0.006327946004022422,2,0.025366352467769564,0.6645927048441017,1,5.911885895058709
15.297,0.1856052,-0.32932170000000005,9.776155500000002,-0.005290045905905316,2,0.06486875613231907,0.6644997609088222,1,5.9225186347847325
15.313,0.2065986,-0.33530580000000004,9.776155500000002,-0.004262240010548979,2,0.06423786845977103,0.6644233426214906,1,5.933150019612975
15.328,0.2065986,-0.33981839999999996,9.806076000000001,-0.002526538218949881,2,0.11571345277328252,0.6643724267847694,1,5.9431159878835205
15.344,0.17069399999999998,-0.2994012,9.7372098,-0.0025607316796154578,2,-0.0021370912915985567,0.6643317286255809,1,5.953745621126803
15.359,0.17069399999999998,-0.2994012,9.7372098,-0.0025940911534352296,2,-0.002223964921318034,0.664293067454333,1,5.9637103070974025
15.375,0.17069399999999998,-0.2679111,9.7941078,-0.0012619757964476008,2,0.08325720981172673,0.6642622189187339,1,5.974338749388387
15.391,0.2260224,-0.2679111,9.7222986,-0.0016853514245713797,2,-0.026460976757736152,0.6642386403009658,1,5.9849667562621445
15.406,0.1526436,-0.2769363,9.7013052,-0.002638832118380563,2,-0.06356537958727648,0.6642062089243936,1,5.994930092631335
15.422,0.21552570000000001,-0.2738952,9.7013052,-0.0035420762769788894,2,-0.05645275991239535,0.6641567616572308,1,6.005556996395987
15.438,0.21552570000000001,-0.2963601,9.714843,-0.004077241895288353,2,-0.03344785114434143,0.6640958071118527,1,6.01618301694614
15.453,0.173637,-0.2963601,9.7567317,-0.003598764101910845,2,0.03189851955850307,0.6640382370668737,1,6.02614402227748
15.469,0.2200383,-0.3248091,9.7567317,-0.003087068099514312,2,0.031981000149783306,0.6639847504092623,1,6.036768206177289
15.484,0.2200383,-0.33530580000000004,9.6923781,-0.004147465752863511,2,-0.0706931768899439,0.6639304914053694,1,6.046727570490899
15.5,0.18413369999999998,-0.33530580000000004,9.6668721,-0.0058218562615302005,2,-0.10464940679166802,0.6638507368292542,1,6.057349820316776
15.516,0.15568469999999998,-0.3008727,9.6668721,-0.0074952108245511795,2,-0.10458466018881109,0.6637442002925655,1,6.067970579813751
15.531,0.15568469999999998,-0.3143124,9.7895952,-0.00612602567012388,2,0.09127901029514983,0.6636420410188555,1,6.077925976623587
15.547,0.1946304,-0.3143124,9.7208271,-0.006449318626792433,2,-0.02020580979178453,0.6635414382644802,1,6.088543444457853
15.563,0.20208600000000002,-0.2829204,9.7297542,-0.006566927599797268,2,-0.007350560812802158,0.6634373082946675,1,6.099159274430327
15.578,0.1870767,-0.2889045,9.7297542,-0.006684698336950845,2,-0.007851382476905795,0.6633379211001419,1,6.1091100886507865
15.594,0.1870767,-0.2754648,9.7327953,-0.0067349679421813136,2,-0.0031418503269042804,0.6632305637699089,1,6.119722636529747
15.609,0.1646118,-0.2754648,9.7447635,-0.006502156355464805,2,0.015520772447766621,0.6631312853376765,1,6.129670350398054
15.625,0.2215098,-0.3098979,9.7447635,-0.006222339503507257,2,0.017488553247346758,0.6630294893708047,1,6.1402796365957215
15.641,0.2215098,-0.2994012,9.7851807,-0.004972276157094058,2,0.07812895915082489,0.66293993244552,1,6.150887391970252
15.656,0.1586277,-0.2994012,9.788123700000002,-0.003710735951923283,2,0.08410268034471513,0.6628748098547024,1,6.1608310025375035
15.672,0.18109260000000002,-0.2948886,9.788123700000002,-0.0024738015483425357,2,0.07730840022379663,0.6628253335547003,1,6.1714366036847785
15.688,0.18109260000000002,-0.2559429,9.788123700000002,-0.0012937489903421806,2,0.07375328487502213,0.6627951931503908,1,6.182041567898419
15.703,0.1915893,-0.2889045,9.747706500000001,-0.0011004096058773172,2,0.0128892922976586,0.6627772369609192,1,6.191983361124253
15.719,0.1781496,-0.2889045,9.833053500000002,0.00116238550907255,2,0.14142469468436655,0.6627777327681448,1,6.202587800882085
15.75,0.20355750000000003,-0.3218661,9.7297542,0.0008893741392324017,2,-0.008806818381940099,0.6628095350426935,1,6.2231344035331535
15.766,0.1721655,-0.3218661,9.834525,0.0031618572630396358,2,0.142030195237952,0.6628419448939117,1,6.233739615372646
15.781,0.1796211,-0.3202965,9.834525,0.0053809150378221204,2,0.14793718498549338,0.6629060156861681,1,6.243682725076997
15.797,0.1796211,-0.2934171,9.7612443,0.005739173612097304,2,0.022391160892198926,0.6629949763953675,1,6.254289933013649
15.813,0.1511721,-0.2934171,9.698362200000002,0.004544115961117257,2,-0.07469110318625287,0.6630772427119532,1,6.264898510766508
15.828,0.19011780000000003,-0.3053853,9.698362200000002,0.0034039149653946055,2,-0.07601339971484952,0.663136852943902,1,6.274845116483926
15.859,0.1796211,-0.2724237,9.6848244,0.0019327097720260866,2,-0.04745823204414488,0.6632195706273321,1,6.29540364104928
15.875,0.1796211,-0.2724237,9.6848244,0.0004973876321550108,2,-0.08970763374194216,0.6632390114065655,1,6.306015309705551
15.891,0.16765290000000002,-0.2798793,9.728282700000001,0.00015638521195171506,2,-0.021312651262705967,0.6632442415893184,1,6.3166271757295185
15.906,0.205029,-0.3218661,9.728282700000001,-0.00012719922974824271,2,-0.018905629446663137,0.663244460484185,1,6.32657584099507
15.922,0.205029,-0.3008727,9.7656588,0.0004907334298387411,2,0.038620791224186456,0.6632473687577857,1,6.337187775629006
15.938,0.1721655,-0.3008727,9.788123700000002,0.001625705372671149,2,0.07093574642702542,0.6632643002682057,1,6.347799868981213
15.969,0.1571562,-0.3173535,9.686394000000002,0.0002599540811942802,2,-0.04405649327344908,0.6632935279897406,1,6.368361515319211
15.984,0.1631403,-0.3173535,9.7567317,0.0006443244325318176,2,0.02562469008916819,0.6633003100785936,1,6.3783109691047235
16.0,0.20954160000000002,-0.315882,9.7567317,0.0010397554264578446,2,0.024714437120376666,0.6633137827174655,1,6.388923881847092
16.016,0.20954160000000002,-0.3173535,9.7732125,0.0018283718136835603,2,0.04928852420161266,0.6633367277353867,1,6.399537085930714
16.031,0.16765290000000002,-0.2843919,9.6758973,0.0001811429129361386,2,-0.10981526004982395,0.6633517990958363,1,6.409487249881948
16.047,0.1586277,-0.2843919,9.7926363,0.0014160817688502192,2,0.0771836784946214,0.6633645768932906,1,6.420100980889862
16.078,0.1781496,-0.2738952,9.7327953,0.0011630694283866205,2,-0.008161688402051883,0.6634045537368478,1,6.440665902414628
16.094,0.19757340000000004,-0.2738952,9.776155500000002,0.001982299677994348,2,0.05120189060047724,0.6634297166896989,1,6.451280576578042
16.109,0.18266220000000002,-0.3262806,9.776155500000002,0.0028136746320726047,2,0.05542499693854835,0.6634656864970243,1,6.4612322921019425
16.125,0.18266220000000002,-0.3367773,9.714843,0.002139175139467042,2,-0.0421562182878523,0.6635053092951966,1,6.471848060068279
16.141,0.19610190000000002,-0.3367773,9.731225700000001,0.001886769393125931,2,-0.015775359146321184,0.6635375168514573,1,6.482464402677451
16.156,0.1631403,-0.287433,9.731225700000001,0.0015871174244157515,2,-0.01997679791401121,0.6635635710025889,1,6.492417660836357
16.172,0.1466595,-0.3143124,9.690808500000001,0.000323479821927819,2,-0.07897735015548694,0.6635788557805596,1,6.5030348002506235
16.188,0.1466595,-0.3143124,9.690808500000001,-0.0009093373512314429,2,-0.07705107332246235,0.6635741689203252,1,6.51365202444823
16.203,0.205029,-0.3143124,9.5291397,-0.006026409213454542,2,-0.34113812414819367,0.66352215082109,1,6.523605246846291
16.219,0.20208600000000002,-0.31136939999999996,9.5291397,-0.01102256135694546,2,-0.31225950896814736,0.6633857590565267,1,6.534220510125313
16.234,0.20208600000000002,-0.2858634,9.3570723,-0.020110221565262876,3,-0.6058440138878048,0.6631522631846102,1,6.544169545292122
16.25,0.17667810000000003,-0.2858634,9.2298366,-0.0320900483324138,3,-0.7487391729470153,0.6627346610254288,1,6.554776640685801
16.281,0.145188,-0.2858634,9.011269799999999,-0.0491186738486622,3,-0.549310500524163,0.6614759258316222,1,6.575301904782084
16.297,0.2200383,-0.2858634,8.7792633,-0.07134904421442201,3,-1.3893981478598327,0.6605121840871174,1,6.585877809661436
16.313,0.18413369999999998,-0.2889045,8.7792633,-0.09305492605232679,3,-1.3566176148691984,0.6591969523249835,1,6.596435482752732
16.328,0.18413369999999998,-0.32333760000000006,8.725308300000002,-0.11551692456201401,3,-1.4974665673124246,0.657632663445376,1,6.606311704871009
16.344,0.21709530000000002,-0.3083283,8.6280912,-0.13979475357325555,3,-1.5173643132024262,0.6555901700202936,1,6.616817487538736
16.359,0.2274939,-0.3083283,8.6669388,-0.16252733870106262,3,-1.5155056751870806,0.6533227543282362,1,6.62663433447135
16.375,0.173637,-0.2994012,8.6669388,-0.18474346883871107,3,-1.388508133603181,0.6505445878679182,1,6.637065273208918
16.391,0.173637,-0.2814489,8.756798400000001,-0.20424228332176853,3,-1.2186759051912253,0.6474327018506347,1,6.647449091526665
16.406,0.19610190000000002,-0.2814489,8.8615692,-0.2207005078912001,3,-1.097214971295397,0.6442456309165373,1,6.657136679022419
16.422,0.19011780000000003,-0.3008727,8.8615692,-0.2367449367283463,3,-1.0027768023215244,0.6405860673595806,1,6.66741533260863
16.438,0.19011780000000003,-0.258984,8.9393625,-0.2505341255405309,3,-0.8618243007616327,0.63668783486143,1,6.677633523826397
16.453,0.19011780000000003,-0.258984,9.0486459,-0.2613232428731873,3,-0.7192744888437339,0.632848904598327,1,6.687155049372345
16.484,0.18413369999999998,-0.2934171,9.0486459,-0.27182660972536965,3,-0.3388182855542432,0.6245850818830487,1,6.706645276162808
16.5,0.18413369999999998,-0.2679111,9.0606141,-0.2818013600082274,3,-0.6234218926786792,0.6201560581251805,1,6.716603205282873
16.516,0.1870767,-0.3218661,9.1294803,-0.2898102981540571,3,-0.5005586341144116,0.6155831648598827,1,6.726489119066752
16.531,0.20355750000000003,-0.3218661,9.0636552,-0.29921938892959155,3,-0.6272727183689378,0.6111654422067552,1,6.735689733619752
16.547,0.173637,-0.315882,9.0636552,-0.3084192926660432,3,-0.5749939835281626,0.6063043327539895,1,6.745429491819439
16.563,0.173637,-0.3307932,9.083079,-0.31690849477048566,3,-0.5305751315277136,0.6013017104544979,1,6.755090340165106
16.578,0.21856680000000003,-0.3307932,9.1100565,-0.32450964154899253,3,-0.5067431185671056,0.5964910744321016,1,6.764073786051756
16.594,0.24103170000000002,-0.3098979,9.1100565,-0.33192949039304587,3,-0.46374055275328147,0.5912395613765646,1,6.773575631138226
16.609,0.24103170000000002,-0.2858634,8.900514900000001,-0.3442938883228397,3,-0.824293195319557,0.5861678860361953,1,6.782406186993822
16.625,0.20355750000000003,-0.2858634,8.9229798,-0.3558320243018471,3,-0.7211334986880441,0.5805668787351984,1,6.791740065111992
16.641,0.1930608,-0.287433,8.9229798,-0.36709319896471904,3,-0.7038234164295718,0.5747834769490665,1,6.800982867957465
16.656,0.1482291,-0.2784078,8.8675533,-0.3794585994859414,3,-0.8243600347481267,0.5691843384606864,1,6.8095626265730385
16.672,0.1482291,-0.2963601,8.896002300000001,-0.3908148282474979,3,-0.7097642975972024,0.5630221510388181,1,6.8186202784890355
16.688,0.18413369999999998,-0.2963601,8.96634,-0.40016348284497205,3,-0.584290912342198,0.5566943245500791,1,6.827578010293745
16.703,0.1870767,-0.2843919,8.96634,-0.4092920831778457,3,-0.6085733555248876,0.5506234078049077,1,6.835882893286408
16.719,0.1870767,-0.2934171,8.9858619,-0.4177151607343941,3,-0.5264423472842138,0.5440073498536091,1,6.844639939347677
16.734,0.1930608,-0.2934171,9.1175121,-0.4227211467902112,3,-0.33373240372113044,0.5377040775471743,1,6.852752775053183
16.75,0.1721655,-0.32932170000000005,9.1175121,-0.42758535210571047,3,-0.3040128322187365,0.5309016255560077,1,6.861301620678008
16.766,0.1721655,-0.3307932,9.165483,-0.4311605704760222,3,-0.22345114814450692,0.5240316581753546,1,6.869741086947858
16.797,0.2215098,-0.3173535,9.211884300000001,-0.43350360764517326,3,-0.07558184416615793,0.5106293634144751,1,6.885778332782501
16.813,0.18864630000000002,-0.2724237,9.2178684,-0.4356965221473299,3,-0.1370571563848051,0.5036757623761358,1,6.893892773788825
16.828,0.18864630000000002,-0.31284090000000003,9.2463174,-0.4371113429222735,3,-0.09432138499623594,0.49712970338811313,1,6.901398814782057
16.844,0.20954160000000002,-0.31284090000000003,9.313614000000001,-0.4368406599510539,3,0.016917685701221312,0.490138087365125,1,6.909296957108084
16.859,0.1870767,-0.2738952,9.313614000000001,-0.4366181360757295,3,0.014834925021626007,0.4835871463949231,1,6.9165998963612845
16.875,0.1870767,-0.2604555,9.286734599999999,-0.4370656429649138,3,-0.027969180574019842,0.4765976761625986,1,6.924281374941744
16.891,0.18266220000000002,-0.2604555,9.365999400000002,-0.43557221309352023,3,0.09333936696210772,0.4696165733141319,1,6.931851088937557
16.906,0.20954160000000002,-0.3023442,9.365999400000002,-0.4340708155724613,3,0.10009316807059178,0.46309425059913684,1,6.938846420116906
16.922,0.20954160000000002,-0.2889045,9.3614868,-0.4327263597825155,3,0.08402848687160294,0.45615987319629625,1,6.946200453107271
16.938,0.1661814,-0.2889045,9.3974895,-0.43055834308553464,3,0.13550104356131848,0.4492535955733526,1,6.953443760857428
16.953,0.173637,-0.2994012,9.3974895,-0.42843191078996057,3,0.1417621530382664,0.44281116866928616,1,6.960134246589248
16.969,0.2080701,-0.29783160000000003,9.4259385,-0.42564815268565503,3,0.17398488151907637,0.43597852816148047,1,6.967164564163895
17.0,0.1796211,-0.318825,9.4692987,-0.4218730402997082,3,0.12177781890151614,0.42284194967020783,1,6.980476281570286
17.016,0.173637,-0.3008727,9.4692987,-0.4182070416131065,3,0.22912491791262948,0.41612130901490607,1,6.987187987639766
17.031,0.173637,-0.2948886,9.512757,-0.41357577562979486,3,0.3087510655540983,0.40988293788558405,1,6.99338301949152
17.047,0.1631403,-0.2948886,9.551604600000001,-0.40811508549286835,3,0.34129313355786906,0.403309410996602,1,6.999888558282579
17.063,0.1930608,-0.2784078,9.551604600000001,-0.4027860398572525,3,0.33306535222602857,0.39682220199380175,1,7.006289611186501
17.078,0.1930608,-0.2918475,9.5307093,-0.3980864911761106,3,0.31330324540944565,0.3908156580110513,1,7.012196895136538
17.109,0.15421320000000002,-0.2798793,9.632439,-0.39104773385297875,3,0.227056687842946,0.37858407752309947,1,7.024122591037318
17.125,0.15421320000000002,-0.2798793,9.632439,-0.3841806535377277,3,0.42919251970323935,0.3723822504239745,1,7.030130321660894
17.141,0.1661814,-0.31284090000000003,9.6235119,-0.37766907854932974,3,0.406973436774916,0.3662874525672787,1,7.036039679284824
17.156,0.1661814,-0.2889045,9.6369516,-0.3710069619691314,3,0.44414110534653845,0.36067238226339,1,7.041491878046054
17.172,0.23200650000000003,-0.2889045,9.711801900000001,-0.3626499101527969,3,0.5223157385208481,0.3548031272864139,1,7.047215682122453
17.188,0.21552570000000001,-0.3143124,9.711801900000001,-0.35448671252485653,3,0.5101998517463298,0.3490660343049933,1,7.052846635415184
17.219,0.17667810000000003,-0.3008727,9.6354801,-0.34841240815608465,3,0.19594530221843273,0.33817109793443784,1,7.063498810964896
17.234,0.17069399999999998,-0.3039138,9.6354801,-0.3424865604680001,3,0.3950565125389566,0.332989355669757,1,7.068532514366928
17.25,0.17069399999999998,-0.2994012,9.7208271,-0.3346283736454527,3,0.4911366764092636,0.32757243619685,1,7.073817008701861
17.266,0.16019730000000001,-0.2994012,9.678840300000001,-0.32798964591938073,3,0.41492048287954514,0.3222714920403319,1,7.079015760127757
17.281,0.16912439999999998,-0.3023442,9.678840300000001,-0.3215069065723952,3,0.432182623132351,0.3174002678966434,1,7.083813298327285
17.297,0.18864630000000002,-0.287433,9.7252416,-0.3140535327452145,3,0.4658358641987415,0.31231578438210195,1,7.088851026745515
17.313,0.1930608,-0.290376,9.6280245,-0.3091473165988745,3,0.30663850914628465,0.30733017758734976,1,7.09380819444127
17.328,0.1915893,-0.2604555,9.6280245,-0.3043823435169326,3,0.31766487212944816,0.30272870513648104,1,7.098383636061699
17.344,0.1915893,-0.3173535,9.711801900000001,-0.29765012318997996,3,0.4207637704344931,0.2979124454028252,1,7.103188765266014
17.359,0.1915893,-0.3173535,9.711801900000001,-0.29108210335880713,3,0.43786798874483895,0.2934969537037091,1,7.107624335759313
17.375,0.21101310000000004,-0.3173535,9.747706500000001,-0.28378941585723894,3,0.4557929688480624,0.28889798154998125,1,7.112283495241342
17.391,0.2140542,-0.3023442,9.747706500000001,-0.27668461065752226,3,0.44405032498234137,0.28441418933786367,1,7.116869992608444
17.422,0.17069399999999998,-0.3278502,9.783611100000002,-0.26887875941967465,3,0.25180165283377454,0.2759579571016665,1,7.125555760878258
17.438,0.1781496,-0.2994012,9.7567317,-0.2619374619202226,3,0.4338310937158008,0.2717114273309478,1,7.129937115953718
17.453,0.1856052,-0.31284090000000003,9.7567317,-0.2551517988998455,3,0.4523775346917886,0.2678332578747971,1,7.133983701092761
17.469,0.1856052,-0.2994012,9.7536906,-0.24861604256462222,3,0.40848477095141034,0.2638031151430809,1,7.1382367920769045
17.484,0.1406754,-0.2994012,9.7252416,-0.24295149101032543,3,0.37763677028643855,0.26011635864126864,1,7.142166188130287
17.5,0.2200383,-0.3008727,9.7252416,-0.23738811824703276,3,0.3477107977058297,0.2562736417672102,1,7.146297308133554
17.531,0.1930608,-0.3008727,9.7297542,-0.23186441316872042,3,0.1781840347842761,0.2490002275302663,1,7.154129053107664
17.547,0.1930608,-0.3008727,9.7297542,-0.22647543260451464,3,0.3368112852628236,0.24533350876408,1,7.158083722998019
17.563,0.18266220000000002,-0.2889045,9.7297542,-0.22123162578787614,3,0.3277379260399421,0.2417518522969413,1,7.161980405886507
17.578,0.18266220000000002,-0.2829204,9.7701714,-0.21513480513153915,3,0.40645471042245046,0.23847910406504558,1,7.165582138059222
17.594,0.1661814,-0.2829204,9.6654006,-0.21174778938721772,3,0.21168848402006574,0.23506404330889513,1,7.169370483238215
17.609,0.173637,-0.2858634,9.7387794,-0.20664941391858171,3,0.33989169790905427,0.2319260642841015,1,7.172872909045163
17.625,0.21101310000000004,-0.31136939999999996,9.7327953,-0.201784180668394,3,0.3040770781367665,0.22865859552740606,1,7.176557586323654
17.641,0.205029,-0.31136939999999996,9.7103304,-0.1975882507706732,3,0.2622456186075772,0.22546361607589388,1,7.18019056401648
17.656,0.173637,-0.318825,9.7103304,-0.1935036822609142,3,0.2723045673172579,0.22253042657815686,1,7.183550519336386
17.672,0.173637,-0.315882,9.7686999,-0.18809840936175526,3,0.33782955619739535,0.21947760984517517,1,7.187086583627773
17.688,0.2140542,-0.315882,9.8120601,-0.1817486614886601,3,0.3968592420684917,0.21651883327837218,1,7.190574555172761
17.703,0.22455090000000003,-0.287433,9.8120601,-0.175569384442662,3,0.41195180306652285,0.21383894793388716,1,7.193802238531853
17.719,0.22455090000000003,-0.2889045,9.711801900000001,-0.17198337403418407,3,0.22412565052984657,0.21105852586607207,1,7.197201418322253
17.734,0.1796211,-0.2889045,9.735738300000001,-0.167924157290388,3,0.2706144495863935,0.20850921938113767,1,7.200348176411607
17.75,0.1661814,-0.2889045,9.7926363,-0.1625828155110689,3,0.33383386120748104,0.2058651635987263,1,7.203663171475446
17.766,0.15421320000000002,-0.2948886,9.7926363,-0.15737217486227806,3,0.32566504054946355,0.2033055236757398,1,7.206936536973641
17.781,0.15421320000000002,-0.2994012,9.8225568,-0.1515559468150034,3,0.3877485364849628,0.20098856276316013,1,7.209968742621933
17.797,0.15568469999999998,-0.2994012,9.777627,-0.14697621182851783,3,0.2862334366553156,0.1986003054940117,1,7.21316545356799
17.828,0.23053500000000002,-0.3143124,9.777627,-0.14246074058004332,3,0.14566036285402212,0.19411403273167918,1,7.2192525258104885
17.844,0.23053500000000002,-0.3307932,9.731225700000001,-0.1391729265278414,3,0.20548837826259633,0.19186096339481584,1,7.222340325779501
17.859,0.2230794,-0.3307932,9.660888,-0.13768364078021555,3,0.0992857165083867,0.18978453914000534,1,7.225202667048513
17.875,0.2080701,-0.3098979,9.660888,-0.13625572704891376,3,0.08924460820637231,0.18759302419737256,1,7.228221687555211
17.891,0.2080701,-0.2724237,9.7327953,-0.13313742620963076,3,0.19489380245520863,0.18543787897130445,1,7.231205934780561
17.906,0.1915893,-0.2724237,9.7582032,-0.1294840862960207,3,0.24355599424066104,0.183468217627512,1,7.233972730505052
17.922,0.16912439999999998,-0.3278502,9.7627158,-0.12577843490904073,3,0.23160321168622283,0.1814261174578713,1,7.236891885185735
17.938,0.16912439999999998,-0.2889045,9.7372098,-0.12281488151406172,3,0.185222087186208,0.1794373709264867,1,7.2397787930928095
17.953,0.16912439999999998,-0.2889045,9.7372098,-0.11992360990920403,3,0.19275144032383887,0.17761683224081215,1,7.2424566996165645
17.969,0.1661814,-0.2889045,9.6804099,-0.11848864013249027,3,0.08968561104459978,0.1757095342404784,1,7.245283310548415
17.984,0.16166880000000003,-0.2889045,9.6804099,-0.11709053230250177,3,0.09320718866589674,0.1739426904472159,1,7.247905702233573
18.0,0.16166880000000003,-0.3008727,9.8091171,-0.11258036442703379,3,0.2818854922167801,0.1721053232733798,1,7.250674086343337
18.031,0.1856052,-0.2963601,9.7686999,-0.1091583781487575,3,0.11038665413794874,0.16866837276345517,1,7.2559560786319075
18.047,0.1856052,-0.3173535,9.711801900000001,-0.10719055023788471,3,0.12298924442953618,0.16693758133636183,1,7.2586409262647065
18.063,0.20208600000000002,-0.3173535,9.6923781,-0.10573609616419333,3,0.09090337960572127,0.16523416816514538,1,7.2612983002607185
18.078,0.2006145,-0.29783160000000003,9.7582032,-0.10272856452806955,3,0.20050210907491056,0.16367068320995334,1,7.263765086646032
18.094,0.15568469999999998,-0.3173535,9.7582032,-0.09979938150272893,3,0.1830739390837683,0.16205045964170678,1,7.266370855788845
18.109,0.15568469999999998,-0.2994012,9.711801900000001,-0.09808653018484925,3,0.11419008785864115,0.16056631530404988,1,7.268790481600939
18.125,0.1946304,-0.2994012,9.8136297,-0.09391638979947459,3,0.2606337740859453,0.15903029194417545,1,7.271347254458925
18.141,0.18864630000000002,-0.3173535,9.8136297,-0.08983705869971814,3,0.2549581937348059,0.15756026435618206,1,7.273879978909327
18.156,0.18864630000000002,-0.2769363,9.6938496,-0.08880679595438856,3,0.06868418302196938,0.1562204354462762,1,7.276233334157846
18.172,0.173637,-0.2769363,9.776155500000002,-0.08580216794332962,3,0.18778925069116278,0.1548235637350943,1,7.278721686151297
18.188,0.1946304,-0.2918475,9.776155500000002,-0.08285061173033981,3,0.1844722633118837,0.15347434149770509,1,7.281188069393159
18.203,0.1946304,-0.3218661,9.7208271,-0.08129654907935624,3,0.1036041767322339,0.15224323779163232,1,7.283480951237829
18.219,0.2065986,-0.3218661,9.735738300000001,-0.07941096365068923,3,0.11784908929167517,0.15095757768979182,1,7.28590655776168
18.234,0.1856052,-0.3143124,9.7895952,-0.07627502346123904,3,0.20906267929667086,0.1497899327864523,1,7.288162164090252
18.25,0.1915893,-0.2829204,9.7895952,-0.0732360996510053,3,0.1899327381396297,0.1485938438015545,1,7.290549234302956
18.266,0.1915893,-0.3098979,9.7567317,-0.07105237872285386,3,0.13648255800948034,0.14743953597456375,1,7.292917501341165
18.281,0.18413369999999998,-0.3098979,9.774684,-0.06848785520733003,3,0.17096823436824893,0.1463929842200873,1,7.295121245242625
18.297,0.1870767,-0.2858634,9.774684,-0.0660023719098497,3,0.15534270609250317,0.14531706240314976,1,7.297454925615612
18.328,0.173637,-0.2948886,9.7911648,-0.06317529446934422,3,0.0911960464679221,0.14331480857427234,1,7.301928719615762
18.344,0.1586277,-0.30685680000000004,9.7911648,-0.06041441331566588,3,0.17255507210487697,0.14232609091199214,1,7.304213846811653
18.359,0.1586277,-0.2784078,9.7208271,-0.05945622600936673,3,0.06387915375327438,0.14142706111705436,1,7.306341995451871
18.375,0.20954160000000002,-0.2784078,9.747706500000001,-0.05784273137949825,3,0.10084341436679134,0.14048866945794355,1,7.308597321296471
18.391,0.20954160000000002,-0.2784078,9.747706500000001,-0.05626859027718645,3,0.09838381889449828,0.13957577888469017,1,7.310837836883212
18.406,0.173637,-0.2754648,9.777627,-0.054022720107864686,3,0.14972467795477845,0.13874859405680226,1,7.312925269680274
18.422,0.20355750000000003,-0.2994012,9.6489198,-0.05493742949621172,3,-0.057169336771683274,0.13787691285996956,1,7.315138273735608
18.438,0.1646118,-0.2994012,9.7732125,-0.05281828460739213,3,0.13244655555123902,0.1370148671471408,1,7.317337407975664
18.453,0.20954160000000002,-0.3039138,9.7732125,-0.05072646861638752,3,0.13945439940030196,0.13623828149796244,1,7.319386806590503
18.469,0.20954160000000002,-0.3039138,9.7612443,-0.04897737158181492,3,0.10931856466077525,0.13544065077637674,1,7.321560238048698
18.484,0.20355750000000003,-0.3039138,9.7851807,-0.046690615511865374,3,0.15245040466329737,0.1347231408731741,1,7.32358646648607
18.5,0.17510850000000003,-0.30685680000000004,9.7851807,-0.044470812054040465,3,0.13873771611407212,0.13399384945264695,1,7.3257362024086765
18.531,0.17510850000000003,-0.2694807,9.752219100000001,-0.043135487454080135,3,0.04307498709549618,0.13263595181027113,1,7.329868964328251
18.547,0.21709530000000002,-0.2994012,9.719257500000001,-0.04259424278886037,3,0.03382779157623149,0.13195011396832754,1,7.33198565285448
18.563,0.19610190000000002,-0.2994012,9.7507476,-0.04130954303638923,3,0.08029373452945517,0.1312788836817256,1,7.334091484835681
18.578,0.17510850000000003,-0.2694807,9.7507476,-0.040087193327618564,3,0.0814899805847079,0.13066840815899552,1,7.336056089524487
18.594,0.17510850000000003,-0.31284090000000003,9.7612443,-0.03860725258179265,3,0.09249629661410927,0.13003885259172016,1,7.338141747610493
18.609,0.1946304,-0.31284090000000003,9.683352900000001,-0.03905282393523812,3,-0.029704756896363746,0.1294564020178424,1,7.340087962020065
18.625,0.1870767,-0.2858634,9.7297542,-0.03838044520198558,3,0.04202367082828858,0.12883693586474468,1,7.342154308723125
18.641,0.1870767,-0.2858634,9.7297542,-0.03772446595003309,3,0.040998703247034994,0.12822809657552858,1,7.344210828982647
18.656,0.1930608,-0.2858634,9.7372098,-0.03689990697467849,3,0.05497059835697163,0.12766841377859323,1,7.346130052810303
18.672,0.1930608,-0.2769363,9.7372098,-0.03610174772584074,3,0.04988495305235371,0.12708440054098902,1,7.34816807532486
18.688,0.1930608,-0.2948886,9.743193900000001,-0.035164348796117295,3,0.058587433107721645,0.1265142717688134,1,7.350196864703339
18.703,0.20208600000000002,-0.2889045,9.717786,-0.03486902067603559,3,0.01968854133877965,0.12598902149777225,1,7.352090639402838
18.734,0.19610190000000002,-0.2738952,9.723770100000001,-0.03444861193492166,3,0.01356157229399675,0.12491459819230233,1,7.355979645508034
18.75,0.19610190000000002,-0.2948886,9.7132734,-0.034279338276824944,3,0.010579603631045764,0.1243647745906084,1,7.357973880490297
18.766,0.1796211,-0.2948886,9.678840300000001,-0.03496126230110619,3,-0.04262025151758245,0.12381084978598503,1,7.359959285485309
18.781,0.18864630000000002,-0.2934171,9.678840300000001,-0.03562345900247621,3,-0.04414644675799975,0.12328146437620813,1,7.361812477841526
18.797,0.18864630000000002,-0.3053853,9.6938496,-0.035894651474631445,3,-0.01694952950970029,0.1227093194923912,1,7.363780404112475
18.813,0.2006145,-0.3053853,9.6923781,-0.0361892375213273,3,-0.018411627918492962,0.12213264838042359,1,7.3657391398554575
18.828,0.1526436,-0.30685680000000004,9.7821396,-0.0343088634299491,3,0.12535827275854197,0.12160391262328901,1,7.367567164062986
18.844,0.1526436,-0.30685680000000004,9.7821396,-0.03247435212128735,3,0.11465695679134628,0.12106964689887906,1,7.3695085525391635
18.859,0.1526436,-0.290376,9.7971489,-0.030330973500293013,3,0.14289190806628396,0.12059860695671717,1,7.37132106444308
18.875,0.1526436,-0.290376,9.747706500000001,-0.029445105706530583,3,0.05536673711015793,0.12012039832306265,1,7.373246816485318
18.891,0.17069399999999998,-0.3143124,9.747706500000001,-0.02855545027712658,3,0.055603464337756224,0.11965639387519345,1,7.375165030822904
18.906,0.17069399999999998,-0.3503151,9.764187300000001,-0.027255929102334875,3,0.0866347449861105,0.11923780852984747,1,7.376956737340942
18.938,0.1930608,-0.2814489,9.743193900000001,-0.02654397078296533,3,0.02224869748029821,0.11837701013168267,2,7.380758574439526
18.953,0.1930608,-0.2934171,9.764187300000001,-0.025329068728927595,3,0.08099347026917936,0.11798796233534345,2,7.382531311733029
18.969,0.1406754,-0.2934171,9.683352900000001,-0.026136088555512416,3,-0.05043873916154564,0.11757624107706788,2,7.384415825360328
18.984,0.21101310000000004,-0.3083283,9.683352900000001,-0.026880999048104925,3,-0.04966069950616544,0.11717861292004073,2,7.386176486765307
19.0,0.21101310000000004,-0.2918475,9.723770100000001,-0.02663508204574505,3,0.015369812647493847,0.11675048427128998,2,7.388047919542838
19.016,0.16765290000000002,-0.33530580000000004,9.728282700000001,-0.026271600962378017,3,0.022717567710442147,0.11632723080722504,2,7.389912541263466
19.047,0.1946304,-0.3023442,9.743193900000001,-0.025567630995224633,3,0.022708708617849366,0.11552372271188213,2,7.393506231043013
19.063,0.1946304,-0.3023442,9.743193900000001,-0.02488083102726968,3,0.04292499799718936,0.11512013501570223,2,7.395351381904833
19.078,0.1946304,-0.2829204,9.711801900000001,-0.02499018380277107,3,-0.007290185033425879,0.11474610240447691,2,7.397075378685484
19.094,0.21552570000000001,-0.2829204,9.6773688,-0.025925381729175356,3,-0.05844987040026129,0.11433877788022129,2,7.398908057727762
19.109,0.1856052,-0.3023442,9.6773688,-0.02683856832760334,3,-0.0608791065618633,0.11394304825479543,2,7.400620171423775
19.125,0.1856052,-0.3039138,9.776155500000002,-0.025320465220673327,3,0.09488144418313628,0.11352577598640926,2,7.402439922017704
19.156,0.173637,-0.2664396,9.7058178,-0.025586035444936428,3,-0.008566781427842292,0.11273672522609232,2,7.405946990786497
19.172,0.18413369999999998,-0.290376,9.704346300000001,-0.025859543482642522,3,-0.017094252356628956,0.11232516059467165,2,7.407747485873064
19.188,0.18413369999999998,-0.315882,9.7612443,-0.024720183607149337,3,0.07120999221833187,0.11192052277795336,2,7.409541451340045
19.203,0.1721655,-0.315882,9.776155500000002,-0.02325049540582036,3,0.09797921342192815,0.11156074268535607,2,7.4112175608310205
19.219,0.15421320000000002,-0.3262806,9.776155500000002,-0.021815633120022326,0,0.08967889286236704,0.1107002136571493,2,7.41299564848176
19.234,0.15421320000000002,-0.31136939999999996,9.747706500000001,-0.021121059386876695,0,0.04630491554304034,0.10987818846334754,2,7.414649986497664
19.25,0.1796211,-0.318825,9.702776700000001,-0.021522021509879252,0,-0.025060132687662592,0.10903704381617355,2,7.4164013083558995
19.266,0.1796211,-0.3008727,9.7895952,-0.01981102015581193,0,0.10693758462921933,0.10820637948284806,2,7.418139255742291
19.281,0.1930608,-0.3008727,9.7507476,-0.019082383938316738,0,0.048575747833011045,0.10741467895214207,2,7.419756413680554
19.297,0.1646118,-0.3083283,9.7507476,-0.01837856040929431,0,0.04398897056389691,0.10661499139736116,2,7.421468651043351
19.313,0.1646118,-0.3083283,9.7507476,-0.017691903307808232,0,0.04291606884288452,0.10582642768762437,2,7.42316818239603
19.328,0.1586277,-0.2843919,9.6713847,-0.018976738359873124,0,-0.08565567013765622,0.10505141287511677,2,7.424749766200251
19.359,0.2140542,-0.31284090000000003,9.7327953,-0.018686118908602722,0,0.009374821008721928,0.10396763858745534,2,7.427989561497921
19.375,0.16912439999999998,-0.2784078,9.7327953,-0.01844963750961348,0,0.014780087436829199,0.10317055253610963,2,7.429646667026909
19.391,0.16912439999999998,-0.2814489,9.689337,-0.019276144971740905,0,-0.051656716382969675,0.10236874627625883,2,7.431290981417408
19.406,0.1781496,-0.2814489,9.746235,-0.01869160966499095,0,0.03896902044999558,0.10158398811648334,2,7.432820626925354
19.422,0.1946304,-0.2814489,9.746235,-0.01811364851460162,0,0.036122571899328944,0.10078954605104656,2,7.434439615198694
19.438,0.1946304,-0.3023442,9.771642900000002,-0.016915245619347985,0,0.07490018095336051,0.100009314897975,2,7.436046006086286
19.469,0.1721655,-0.290376,9.7222986,-0.016967995007385994,0,-0.0017015931625162968,0.09898412466826058,2,7.439130404399563
19.484,0.1631403,-0.2994012,9.7507476,-0.016323125800701277,0,0.042991280445646186,0.09823444126219992,2,7.440609543644042
19.5,0.1631403,-0.3053853,9.7103304,-0.01667462348120985,0,-0.02196860503178819,0.09747045926794466,2,7.442175182848283
19.516,0.21101310000000004,-0.3053853,9.7791966,-0.015316622022094606,0,0.08487509119471207,0.09671452930391826,2,7.4437286627568575
19.531,0.2080701,-0.2724237,9.7791966,-0.014017014403318484,0,0.08664050791840484,0.09599452703072765,2,7.4451739806793675
19.547,0.2080701,-0.287433,9.7971489,-0.012301058641229545,0,0.10724723513054667,0.09528398244637125,2,7.446704208755184
19.578,0.19610190000000002,-0.287433,9.686394000000002,-0.01333259023381217,0,-0.033275212663956895,0.09438666088880812,2,7.44964410372688
19.594,0.2140542,-0.290376,9.686394000000002,-0.014327558949522867,0,-0.06218554473191166,0.09366537969534142,2,7.451148520051553
19.609,0.2140542,-0.33530580000000004,9.7986204,-0.012527944512829237,0,0.11997429577957083,0.09296396341937377,2,7.452548240124913
19.625,0.1856052,-0.33530580000000004,9.719257500000001,-0.012720552126653573,0,-0.012037975864022325,0.09226197544625793,2,7.454030047635838
19.641,0.20954160000000002,-0.29783160000000003,9.719257500000001,-0.012926351275334369,0,-0.012862446792551193,0.09155680021904204,2,7.45550059784116
19.656,0.20208600000000002,-0.3173535,9.735738300000001,-0.012714250481590028,0,0.014140052916288856,0.0908644957058651,2,7.456868757560597
19.672,0.19011780000000003,-0.3098979,9.774684,-0.011569815932228167,0,0.07152715933510832,0.09017022317455453,2,7.458317035311641
19.688,0.2200383,-0.2934171,9.774684,-0.010450390779613628,0,0.06996407203841641,0.08949406152085981,2,7.459754349589204
19.703,0.2200383,-0.3023442,9.7986204,-0.008768249113982662,0,0.11214277770872676,0.08884992172165783,2,7.461091929463523
19.719,0.1870767,-0.3023442,9.723770100000001,-0.008968232118045094,0,-0.012498937753900586,0.0882080298718016,2,7.462508393076271
19.734,0.1946304,-0.2994012,9.723770100000001,-0.009161943345645795,0,-0.012914081840046268,0.08757205355582391,2,7.463826743701978
19.75,0.1946304,-0.29783160000000003,9.7387794,-0.008986268727973368,0,0.010979663604527944,0.08692686785923498,2,7.465222735073299
19.766,0.2080701,-0.29783160000000003,9.7686999,-0.00807884366923517,0,0.056714066171143634,0.08629034696005733,2,7.466608472791853
19.781,0.1631403,-0.31136939999999996,9.719257500000001,-0.00840919749499136,0,-0.022023588383745237,0.08566668665132562,2,7.467898150543938
19.797,0.1856052,-0.290376,9.719257500000001,-0.008737510473070031,0,-0.020519561129914633,0.08502951298758112,2,7.46926372014105
19.813,0.1856052,-0.31284090000000003,9.711801900000001,-0.009222540471048646,0,-0.030314374873666734,0.08438583258002819,2,7.47061904290559
19.828,0.16019730000000001,-0.31284090000000003,9.735738300000001,-0.009123332103470716,0,0.006613891171861739,0.08374823853571929,2,7.471880048438958
19.844,0.2274939,-0.2784078,9.735738300000001,-0.00901936853430918,0,0.006497723072595269,0.08310309693061703,2,7.473214859122689
19.875,0.2274939,-0.2754648,9.7327953,-0.008991713292761716,0,0.0008921045660472606,0.08232392516229745,2,7.475778977965129
19.891,0.1870767,-0.2754648,9.6758973,-0.010372654096839184,0,-0.08630880025485128,0.08166901022318065,2,7.477090921448213
19.906,0.1796211,-0.2963601,9.6758973,-0.011708306978299277,0,-0.08904352543066943,0.0810034030151171,2,7.478310964547501
19.922,0.1796211,-0.34128990000000003,9.776155500000002,-0.01053189851537617,0,0.07352552893268592,0.08032548137116768,2,7.479601595622592
19.938,0.18109260000000002,-0.34128990000000003,9.7342668,-0.010404396584402065,0,0.007968870685882468,0.07965799101036948,2,7.480881463401644
19.953,0.18266220000000002,-0.2858634,9.7582032,-0.009739346616397526,0,0.044336664533634225,0.07900691293636347,2,7.482071450181245
19.969,0.1930608,-0.318825,9.7582032,-0.00906074554360714,0,0.04241256704939436,0.07835651219908342,2,7.483330357582329
19.984,0.1930608,-0.2694807,9.7821396,-0.007851472256469094,0,0.08061821914253336,0.07772967056558285,2,7.4845010039530635
20.0,0.22455090000000003,-0.2694807,9.7297542,-0.007932176479016562,0,-0.005044013909217271,0.07710340137569897,2,7.485739668528594
20.016,0.21258269999999999,-0.2994012,9.7297542,-0.007996145547672029,0,-0.003998066790967144,0.07647597479948548,2,7.486968303537996
20.031,0.21258269999999999,-0.2649681,9.702776700000001,-0.008740481332813133,0,-0.0496223856760717,0.07585045009788184,2,7.488110751724726
20.047,0.1915893,-0.2649681,9.8405091,-0.0061198731673624,0,0.1637880103406525,0.07523156726188042,2,7.489319407863604
20.063,0.16765290000000002,-0.3427614,9.8405091,-0.003515280319636105,0,0.16278705298291135,0.07465448603398445,2,7.490518496289971
20.078,0.16765290000000002,-0.3039138,9.7208271,-0.003922562392682849,0,-0.027152138203115246,0.07409870221364205,2,7.491634145201828
20.094,0.21709530000000002,-0.3039138,9.7417224,-0.0037867957688018095,0,0.008485413992564023,0.07353702734835017,2,7.492815231038324
20.109,0.1661814,-0.2918475,9.803133,-0.0021908102369092575,0,0.10639903545949943,0.07299219530330733,2,7.493914200208211
20.125,0.17510850000000003,-0.3083283,9.803133,-0.0006176661222614399,0,0.09832150716549942,0.07246972749243397,2,7.495077895590577
20.141,0.17510850000000003,-0.3262806,9.8016615,0.0008954068142230653,0,0.09456705853029199,0.07197194941796965,2,7.49623342900586
20.156,0.19011780000000003,-0.3262806,9.7956774,0.002232545568251254,0,0.08914258360187587,0.0714954090608382,2,7.4973094341944515
20.188,0.1990449,-0.3262806,9.731225700000001,0.001970603427997375,0,-0.008185691882933714,0.07106265944477819,2,7.499590363290541
20.203,0.19011780000000003,-0.3262806,9.7372098,0.0018565436716677652,0,-0.007603983755307028,0.07059136304802567,2,7.500652768459237
20.219,0.18266220000000002,-0.2889045,9.7372098,0.0017130097800599486,0,-0.008970868225487533,0.07011991947563949,2,7.501778458719427
20.234,0.18266220000000002,-0.2889045,9.7372098,0.001572976715078056,0,-0.009335537665459153,0.06964456437435303,2,7.502826692348302
20.25,0.18266220000000002,-0.2858634,9.7582032,0.0019458956269975403,0,0.023307431994970332,0.06917271535308962,2,7.503937230586121
20.266,0.2140542,-0.2858634,9.723770100000001,0.0014860049774565454,0,-0.028743165596315345,0.06870017055792525,2,7.50504021367341
20.281,0.1631403,-0.3023442,9.7686999,0.002120580096825364,0,0.042305007957919645,0.06822721994598237,2,7.506067169102189
20.297,0.1631403,-0.3023442,9.764187300000001,0.002629682392342403,0,0.031818893469811364,0.06776522204589572,2,7.507155108638124
20.313,0.1930608,-0.3023442,9.774684,0.003395514715194281,0,0.04786452017824766,0.06731342362275601,2,7.508235737803473
20.328,0.1631403,-0.3143124,9.774684,0.004138581899946203,0,0.04953781231679293,0.06686992934736957,2,7.50924211295075
20.344,0.1631403,-0.2889045,9.7567317,0.004406807110214572,0,0.01676407564177119,0.06643829245945086,2,7.510308578725204
20.359,0.16019730000000001,-0.2889045,9.7821396,0.00528665241871451,0,0.05865635389999364,0.06601099340591783,2,7.511301948369194
20.375,0.16912439999999998,-0.3173535,9.7821396,0.0061701893957231135,0,0.05522106106304378,0.06560264814043332,2,7.512354857501565
20.391,0.16912439999999998,-0.2769363,9.7911648,0.007222256474536337,0,0.06575419242583372,0.06520978770739538,2,7.513401356988347
20.406,0.1796211,-0.2769363,9.8046045,0.008580831988464155,0,0.09057170092851775,0.06482831087086789,2,7.514376642727684
20.422,0.2140542,-0.3173535,9.764187300000001,0.008967945059952243,0,0.024194566968002776,0.06446870108725523,2,7.515411018823349
20.438,0.1990449,-0.31284090000000003,9.764187300000001,0.009334328939523573,0,0.02289899247321067,0.06411511927925102,2,7.5164396893862815
20.453,0.1990449,-0.31284090000000003,9.7971489,0.010495140983069362,0,0.07738746956971634,0.06376384030367048,2,7.517398781583154
20.484,0.18266220000000002,-0.31284090000000003,9.707289300000001,0.009429675043900687,0,-0.03436986900543851,0.06357267495208854,2,7.519372497569618
20.5,0.22455090000000003,-0.2724237,9.707289300000001,0.008381913825058263,0,-0.06548507617765875,0.0632151676630402,2,7.520386800310539
20.516,0.22455090000000003,-0.315882,9.7552602,0.00856089864169185,0,0.011186551039600433,0.06285071016277419,2,7.5213953273331455
20.531,0.18413369999999998,-0.315882,9.723770100000001,0.007947373656453038,0,-0.040901665682585873,0.06247452220501028,2,7.522335266575904
20.547,0.17510850000000003,-0.287433,9.723770100000001,0.007323237162539797,0,-0.0390085308695732,0.06209668709156223,2,7.523331836250276
20.563,0.17510850000000003,-0.3083283,9.7297542,0.00687578292422053,0,-0.02796588989495727,0.06171027925225629,2,7.524322291981027
20.578,0.1586277,-0.3053853,9.764187300000001,0.007269399141087263,0,0.026241081124447826,0.0613163681177461,2,7.525244991836302
20.594,0.1870767,-0.3173535,9.764187300000001,0.007674992692576765,0,0.025349596968091075,0.060935923252415425,2,7.526223010167263
20.609,0.1870767,-0.2664396,9.681881400000002,0.00602725742854382,0,-0.10984901760219222,0.06053869012832383,2,7.527134069767619
20.625,0.1870767,-0.2664396,9.681881400000002,0.0044197108294881104,0,-0.10047166244099288,0.06012226587438807,2,7.52809935741564
20.641,0.145188,-0.2664396,9.719257500000001,0.0037450174593676167,0,-0.042168335632535504,0.059687583700698904,2,7.529057836212241
20.656,0.1511721,-0.3039138,9.719257500000001,0.0031158075087667214,0,-0.041947330040058094,0.05923903988795991,2,7.529949785889156
20.688,0.19757340000000004,-0.30685680000000004,9.7612443,0.003547839366442318,0,0.013500995552362382,0.058845658237963255,2,7.53183914105917
20.703,0.1781496,-0.31284090000000003,9.7612443,0.0039648522725102,0,0.027800860404524397,0.058402003425255394,2,7.532718498521644
20.719,0.1781496,-0.3098979,9.731225700000001,0.0036377369445226293,0,-0.02044470799922087,0.05796282413899166,2,7.533649417142159
20.734,0.17069399999999998,-0.318825,9.7806681,0.0045274563941895,0,0.05931462997778911,0.057524063089032004,2,7.534515568796369
20.75,0.1856052,-0.318825,9.8151012,0.0062413321477290395,0,0.10711723459623304,0.05711021339736734,2,7.53543264300826
20.766,0.16019730000000001,-0.2918475,9.8151012,0.00788204029866968,0,0.10254425943380127,0.05672320037693852,2,7.536343310318454
20.781,0.16019730000000001,-0.3053853,9.7956774,0.009019312463074414,0,0.0758181442936461,0.05634996052265161,2,7.537191359025201
20.797,0.1915893,-0.3053853,9.702776700000001,0.007878262583446372,0,-0.07131561747674466,0.05598514112302379,2,7.538090039838366
20.813,0.19610190000000002,-0.2529999,9.702776700000001,0.006730498415867814,0,-0.07173526047366775,0.05560201121101829,2,7.538982737057038
20.828,0.19610190000000002,-0.315882,9.7536906,0.006896557609183063,0,0.01107061288768284,0.05520421413120617,2,7.539813783747105
20.844,0.1990449,-0.315882,9.707289300000001,0.005929112710981954,0,-0.06046530613756252,0.054806819493767506,2,7.540693872016105
20.859,0.2230794,-0.315882,9.707289300000001,0.0049979999682427945,0,-0.06207418284927496,0.05438877283886169,2,7.5415128389585995
20.891,0.20954160000000002,-0.24103170000000002,9.708858900000001,0.004068173169837763,0,-0.029057087450160425,0.054033831609070965,2,7.543247600629766
20.906,0.20954160000000002,-0.24103170000000002,9.708858900000001,0.0031610250738332013,0,-0.06047653973363517,0.053588050595898495,2,7.544054764746304
20.922,0.18413369999999998,-0.24103170000000002,9.7821396,0.004049914160864532,0,0.05555556793945193,0.05314573810977609,2,7.5449086350559496
20.938,0.1332198,-0.2738952,9.7821396,0.004918075766843444,0,0.05426010037368798,0.05271748202919774,2,7.545755540817061
20.953,0.1332198,-0.3098979,9.695321100000001,0.003674995991717722,0,-0.08287198500837831,0.05228193006738695,2,7.546543036407786
20.969,0.18413369999999998,-0.3098979,9.7507476,0.003833483544179117,0,0.009905472028836073,0.05184199790367412,2,7.547376027831555
20.984,0.19757340000000004,-0.287433,9.777627,0.004632922777076942,0,0.05329594885985298,0.05140549595108354,2,7.548150384035465
21.0,0.16166880000000003,-0.287433,9.716314500000001,0.003902214003275617,0,-0.04566929836258785,0.05097377704532635,2,7.5489694182194365
21.016,0.1796211,-0.2814489,9.716314500000001,0.0031927427040265854,0,-0.044341956203069355,0.05053053669898476,2,7.549781452729391
21.031,0.1796211,-0.287433,9.759674700000001,0.0035617715847138243,0,0.024601925379148324,0.050081195556150315,2,7.550536040721305
21.047,0.18109260000000002,-0.29783160000000003,9.711801900000001,0.0027631808795689494,0,-0.04991191907154909,0.04963179517586458,2,7.551333744647161
21.063,0.17069399999999998,-0.29783160000000003,9.728282700000001,0.0023811977267254036,0,-0.02387394705272424,0.04917295020471493,2,7.552124182610206
21.078,0.1497006,-0.30685680000000004,9.728282700000001,0.0020069417628398867,0,-0.024950397592366853,0.048705861250886676,2,7.552858273696123
21.094,0.1497006,-0.290376,9.7268112,0.001593612473428152,0,-0.025833080588230525,0.04823466568477683,2,7.553633797911608
21.109,0.17667810000000003,-0.290376,9.7268112,0.001201397148390626,0,-0.026147688335834075,0.04775562825694046,2,7.554353725116171
21.125,0.19610190000000002,-0.2769363,9.7268112,0.0008182672709633465,0,-0.02394561733920761,0.04727178557229529,2,7.555113944426806
21.141,0.19610190000000002,-0.287433,9.746235,0.0009253536906186355,0,0.006692901228456298,0.04678573453998794,2,7.555866404587704
21.156,0.2065986,-0.287433,9.6654006,-0.0009351468576479505,0,-0.12403336988443436,0.04628566109123522,2,7.556564440054938
21.188,0.18413369999999998,-0.2829204,9.6654006,-0.0027645827549012125,0,-0.05716987178916439,0.04572646541743443,2,7.558036634079077
21.203,0.18413369999999998,-0.2784078,9.731225700000001,-0.002948052182015104,0,-0.012231295140925634,0.045183620655407555,2,7.5587184597246235
21.219,0.21709530000000002,-0.2963601,9.7926363,-0.0016008012529713511,0,0.08420318306522513,0.044647229827927654,2,7.55943710652849
21.234,0.173637,-0.2963601,9.6967926,-0.002643743044858482,0,-0.06952945279247276,0.044115395745693925,2,7.560102826220292
21.25,0.18413369999999998,-0.2889045,9.6967926,-0.003662011511552876,0,-0.06364177916840665,0.04356494970924264,2,7.560804268983931
21.266,0.18413369999999998,-0.2709522,9.711801900000001,-0.0043022047760938875,0,-0.040012079033817614,0.04300123597894147,2,7.561496798469436
21.281,0.16912439999999998,-0.2889045,9.719257500000001,-0.004739088215133691,0,-0.029125562602652467,0.04243342628150726,2,7.5621375584363895
21.297,0.16912439999999998,-0.33981839999999996,9.7567317,-0.004211866764375571,0,0.032951340672378794,0.04186181864167117,2,7.562811920395775
21.313,0.16912439999999998,-0.33981839999999996,9.7567317,-0.00369750437339178,0,0.0321476494364905,0.041298543672569035,2,7.563477203294289
21.328,0.1915893,-0.33981839999999996,9.711801900000001,-0.0042805365290057296,0,-0.03886881037426183,0.040738708365801055,2,7.564092482684576
21.344,0.1930608,-0.2814489,9.711801900000001,-0.004894141331110546,0,-0.038350300131546756,0.04016531094292011,2,7.564739714839046
21.359,0.1930608,-0.3173535,9.783611100000002,-0.0037156275398313454,0,0.07856758608527709,0.03960073767638804,2,7.565337960203691
21.391,0.2080701,-0.3083283,9.774684,-0.0027829692076384305,0,0.0291455728810318,0.03899676012842854,2,7.566595520168568
21.406,0.1915893,-0.2679111,9.774684,-0.001910309437304747,0,0.058177318022243366,0.038461560538591455,2,7.567176457573571
21.422,0.1915893,-0.2994012,9.723770100000001,-0.0022776371797004202,0,-0.022957983899727013,0.037928056965655405,2,7.567787574513605
21.438,0.19610190000000002,-0.2994012,9.698362200000002,-0.003253097467757371,0,-0.06096626800356614,0.037383811088475744,2,7.5683900694580375
21.453,0.1571562,-0.2784078,9.698362200000002,-0.0042372988503149855,0,-0.06561342550383849,0.03682763311609019,2,7.5689466552895714
21.469,0.1571562,-0.2934171,9.830012400000001,-0.001977592869886635,0,0.1412316237767561,0.036277913982328575,2,7.5695314996663585
21.484,0.18266220000000002,-0.2934171,9.7686999,-0.0012567527989872929,0,0.048056004726621,0.035753656389812025,2,7.57007173644415
21.5,0.19610190000000002,-0.2694807,9.7686999,-0.000563953448232013,0,0.04329995942220976,0.03523909073983428,2,7.570639678421187
21.516,0.173637,-0.3143124,9.7791966,0.0003900828648095711,0,0.05962726956510557,0.0347376997751669,2,7.571199492745307
21.531,0.173637,-0.2769363,9.708858900000001,-0.00042128019278209194,0,-0.05409087050610882,0.0342374657952071,2,7.571716806487085
21.547,0.1571562,-0.2769363,9.6728562,-0.0020973389491985017,0,-0.10475367227601388,0.03371731684207126,2,7.572260444748183
21.563,0.2274939,-0.318825,9.6728562,-0.003666989495593853,0,-0.09810315914972027,0.03317120221451292,2,7.572795552900636
21.578,0.2274939,-0.2843919,9.788123700000002,-0.002415087293195839,0,0.08346014682653112,0.03262558663859699,2,7.573289028817034
21.594,0.1946304,-0.2843919,9.740250900000001,-0.0023778945413504005,0,0.002324546990339644,0.032087242783920625,2,7.5738067314524145
21.609,0.2080701,-0.2934171,9.740250900000001,-0.00232831224026242,0,0.003305486739198564,0.03155194623305853,2,7.574284025370042
21.625,0.2080701,-0.2948886,9.8105886,-0.0005644704932876721,0,0.1102401091859339,0.031028803971190136,2,7.574784671371676
21.641,0.1721655,-0.2948886,9.776155500000002,0.000300069451945717,0,0.05403374657709277,0.030526688762859397,2,7.575277115313548
21.656,0.173637,-0.31136939999999996,9.776155500000002,0.0011566133665166234,0,0.057102927638058264,0.030037613883997866,2,7.5757313475834
21.688,0.21552570000000001,-0.2934171,9.707289300000001,0.00032056099391475357,0,-0.026126636643808408,0.029561248673764765,2,7.5766849293843235
21.703,0.173637,-0.2934171,9.7297542,3.202181521366754e-05,0,-0.01923594524673834,0.029063893044833228,2,7.577124617947213
21.719,0.19011780000000003,-0.30685680000000004,9.7297542,-0.0002318656053912349,0,-0.016492963787804557,0.028562294294511806,2,7.577585627445928
21.734,0.19011780000000003,-0.2889045,9.7208271,-0.0007203098127561702,0,-0.03256294715766112,0.028055152978875703,2,7.578010258300479
21.75,0.15421320000000002,-0.2889045,9.683352900000001,-0.0021258259870435836,0,-0.08784476089297301,0.027532383892477308,2,7.578454958595449
21.766,0.15421320000000002,-0.2889045,9.683352900000001,-0.0034970612790328204,0,-0.08570220574933674,0.026987400794348707,2,7.578891116872944
21.781,0.18266220000000002,-0.3098979,9.723770100000001,-0.003821859339053546,0,-0.021653204001380887,0.02643250888971306,2,7.579291766195574
21.797,0.18864630000000002,-0.3098979,9.5666139,-0.007966319855816195,0,-0.2590287822976366,0.02583820345615409,2,7.5797099318943415
21.813,0.2065986,-0.3083283,9.5666139,-0.01200189357473036,0,-0.25222335743216306,0.025178457748709734,2,7.580118065183981
21.828,0.173637,-0.3173535,9.4408497,-0.019013010248359663,0,-0.4674077782419358,0.024445845970036545,2,7.580490247461872
21.844,0.173637,-0.3098979,9.150473700000001,-0.03293633516247141,0,-0.8702078071318867,0.023530251206749855,2,7.580874056239286
21.859,0.1796211,-0.3098979,8.858626200000002,-0.05362985674220866,0,-1.3795681053157645,0.022381004767464727,2,7.581218390659092
21.891,0.1930608,-0.3083283,8.858626200000002,-0.07381310352668002,0,-0.6307264620147996,0.019841917403162726,2,7.581893957413822
21.906,0.1930608,-0.33824879999999996,8.8286076,-0.09420891975223711,0,-1.3597210817037542,0.018081752228570794,2,7.58217838493606
21.922,0.23347800000000002,-0.33824879999999996,8.8151679,-0.11441093063309005,0,-1.2626256800531674,0.015912793425487987,2,7.582450341301293
21.938,0.21101310000000004,-0.2544714,8.8151679,-0.13420264602099685,0,-1.2369822117443117,0.01342388481225551,2,7.582685034727195
21.953,0.21101310000000004,-0.2664396,9.0770949,-0.14711916109861,0,-0.8611010051741778,0.010813971258858385,2,7.582866818647728
21.969,0.142245,-0.2664396,9.0770949,-0.15975325638485138,0,-0.7896309553899976,0.007858991918990421,2,7.583016202353151
21.984,0.1915893,-0.3053853,9.0770949,-0.17202718657085114,0,-0.818262012399953,0.00487063859682256,2,7.583111674582019
22.0,0.1302768,-0.2499588,9.1938339,-0.18122363866611302,0,-0.5747782559539305,0.0015446319949271614,2,7.583162996746753
22.016,0.1302768,-0.3427614,9.5471901,-0.18151102027060162,0,-0.017961350280539558,-0.0008572452765662304,2,7.5831684958405
22.031,0.1631403,-0.3427614,9.9363528,-0.17229451252033812,0,0.6144338500175436,-0.00301078677249838,2,7.583139485600132
22.047,0.21709530000000002,-0.3023442,9.9363528,-0.163309613924433,0,0.5615561622440073,-0.005195619784056853,2,7.58307383434768
22.063,0.21709530000000002,-0.2754648,10.2746016,-0.1463179033402522,0,1.0619819115114175,-0.007172639922174061,2,7.58297488827003
22.078,0.17510850000000003,-0.36669779999999996,10.4452956,-0.12553059783416032,0,1.3858203670727387,-0.008711503680982231,2,7.582855757193006
22.094,0.17510850000000003,-0.3053853,10.466190899999999,-0.10478902531885836,0,1.296348282206227,-0.010054060666206587,2,7.582705632678229
22.109,0.1466595,-0.3053853,10.121958000000001,-0.09295538533835135,0,0.7889093320337711,-0.011037143746135715,2,7.582547448645136
22.125,0.1377324,-0.24701580000000004,10.121958000000001,-0.08145225702451953,0,0.7189455196145681,-0.01193240488503853,2,7.582363692256087
22.141,0.1332198,-0.2948886,9.7372098,-0.07957904509347102,0,0.11707574569054426,-0.012720655301982305,2,7.582166467774591
22.156,0.1332198,-0.2918475,9.6474483,-0.07994186129671554,0,-0.024187746882967105,-0.013417062099908748,2,7.581970434894076
22.188,0.2365191,-0.2918475,9.421425900000001,-0.0857560470718699,0,-0.18169330547357349,-0.015568228633806115,2,7.581506670242337
22.203,0.2065986,-0.258984,9.421425900000001,-0.09146898798159242,0,-0.3808627273148202,-0.01639741639670713,2,7.5812669279046085
22.219,0.2065986,-0.3023442,9.2372922,-0.10149871550806644,0,-0.626857970404556,-0.01744115802462457,2,7.580996219309238
22.234,0.23347800000000002,-0.3023442,9.3614868,-0.10824162760838263,0,-0.4495274733543956,-0.018514210597997995,2,7.580726554044569
22.25,0.1915893,-0.3008727,9.3614868,-0.11484441087842612,0,-0.4126739543777635,-0.019798898905892266,2,7.580420049168538
22.266,0.1915893,-0.2769363,9.3855213,-0.12071832599426457,0,-0.367119694739944,-0.021183400800873588,2,7.580092190770884
22.281,0.145188,-0.2769363,9.4199544,-0.12562989991224782,0,-0.32743826119887076,-0.022531012495172496,2,7.5797643326711635
22.297,0.1332198,-0.2934171,9.4199544,-0.13041382834536286,0,-0.2989955270696563,-0.02407936232123361,2,7.579391449672632
22.313,0.1915893,-0.32932170000000005,9.4393782,-0.1345542574199321,0,-0.258776817160606,-0.025699107007355733,2,7.578993221918003
22.328,0.1915893,-0.2664396,9.687865500000001,-0.1325849655364877,0,0.13128612556295588,-0.027202651179528962,2,7.578596458731601
22.344,0.2484873,-0.2664396,9.8165727,-0.12749519398241915,0,0.3181107221292478,-0.028783292455680447,2,7.57814857118252
22.359,0.17069399999999998,-0.2934171,9.8165727,-0.1225512968671989,0,0.329593141014671,-0.030158641137052654,2,7.577706506680574
22.375,0.17069399999999998,-0.30685680000000004,9.931840200000002,-0.11490834012699302,0,0.4776847962629198,-0.03155831823300598,2,7.577212771005613
22.406,0.12272310000000002,-0.2994012,10.1069487,-0.10320590348844583,0,0.37749795608218223,-0.03443908900904515,2,7.576189811193362
22.422,0.12272310000000002,-0.2994012,10.1069487,-0.09178889213376529,0,0.7135632096674539,-0.03549904737402301,2,7.575630306102297
22.438,0.12272310000000002,-0.2784078,10.059075900000002,-0.08183207181444807,0,0.6223012699573945,-0.036388015085608565,2,7.57505520960262
22.453,0.1287072,-0.2784078,9.9633303,-0.0744504408046911,0,0.4921087339837795,-0.037060133930252155,2,7.574504348485001
22.469,0.1946304,-0.33824879999999996,9.9633303,-0.06717763635413654,0,0.45455027815960913,-0.0376931585475229,2,7.573906322145179
22.484,0.2814489,-0.2738952,9.9633303,-0.060079846090324907,0,0.4731860175874242,-0.03814758966585639,2,7.573337516533579
22.516,0.20208600000000002,-0.3039138,9.5591583,-0.06303186181250808,0,-0.09225049131823443,-0.0396173769923015,2,7.572093277067049
22.531,0.1631403,-0.287433,9.5591583,-0.06594243650499187,0,-0.19403831283224543,-0.04008468422968279,2,7.571495511607884
22.547,0.1631403,-0.33530580000000004,9.5381649,-0.06925565848664483,0,-0.20707637385328673,-0.040666268989616006,2,7.570849503982129
22.563,0.19011780000000003,-0.33530580000000004,9.535123800000001,-0.0725500077454182,0,-0.20589682867335804,-0.04130071431947238,2,7.570193768115656
22.578,0.19757340000000004,-0.2754648,9.535123800000001,-0.07580702421998531,0,-0.21713443163779905,-0.04191339205921295,2,7.569569662317816
22.594,0.19757340000000004,-0.2649681,9.4393782,-0.08132569471221451,0,-0.34491690576428674,-0.04267045381067069,2,7.568892991550857
22.625,0.1796211,-0.31136939999999996,9.551604600000001,-0.08394870904166574,0,-0.08461336546617175,-0.04473220706885572,2,7.567538250307225
22.641,0.1437165,-0.2784078,9.551604600000001,-0.0865473652980846,0,-0.16241601602619682,-0.045596175663573574,2,7.566815623245366
22.656,0.1437165,-0.2724237,9.6070311,-0.0877356783921055,0,-0.07922087293472357,-0.04640329849125005,2,7.566125627189204
22.672,0.15421320000000002,-0.2724237,9.7327953,-0.08582522719323293,0,0.11940319992952193,-0.047291785735932915,2,7.565376066515387
22.688,0.18864630000000002,-0.261927,9.7327953,-0.08395361196394902,0,0.11697595183025777,-0.04815001644919023,2,7.564612532097906
22.703,0.18864630000000002,-0.3248091,9.862974000000001,-0.07890868686136976,0,0.3363283401719377,-0.04887148369038016,2,7.5638848708468585
22.719,0.23347800000000002,-0.3652263,9.943808400000002,-0.07195928959794706,0,0.4343373289638699,-0.049578427502054837,2,7.563097271557319
22.734,0.23347800000000002,-0.3652263,9.943808400000002,-0.06517938982875471,0,0.45199331794613984,-0.05010696759775514,2,7.5623496310940705
22.75,0.23347800000000002,-0.35777070000000005,9.8944641,-0.059773862855873716,0,0.3378454358050992,-0.05060659361923206,2,7.561543922604335
22.766,0.1930608,-0.35777070000000005,9.889951500000002,-0.05463137777426219,0,0.32140531760075575,-0.051021835544273045,2,7.560730895171027
22.781,0.11821050000000001,-0.31284090000000003,9.860031000000001,-0.05040950528291255,0,0.28145816608996554,-0.05130964216720188,2,7.559963409088191
22.797,0.0389457,-0.2529999,9.860031000000001,-0.04634786569043747,0,0.25385247452966375,-0.051583701134988766,2,7.559140262341773
22.828,0.142245,-0.2529999,9.874942200000001,-0.04199861933873983,0,0.14029826940960682,-0.052453071652940955,2,7.557527692363561
22.844,0.2394621,-0.33981839999999996,9.874942200000001,-0.03764613662904104,0,0.272030169356144,-0.05259022970068328,2,7.5566873459527315
22.859,0.2394621,-0.3262806,9.821085300000002,-0.03472341369963061,0,0.19484819529402103,-0.05263300132814834,2,7.555898171720015
22.875,0.2080701,-0.3262806,9.752219100000001,-0.033567759331605274,0,0.0722283980015916,-0.052679330712398165,2,7.55505567306369
22.891,0.23347800000000002,-0.29783160000000003,9.752219100000001,-0.03244845931490126,0,0.06995625104400875,-0.052707460461570155,2,7.554212578734298
22.906,0.23347800000000002,-0.2994012,9.6399927,-0.034090421048219355,0,-0.10946411555453572,-0.05270650206429357,2,7.553421974015355
22.922,0.16166880000000003,-0.2994012,9.551604600000001,-0.03788265926105794,0,-0.23701488830238493,-0.052782286706767864,2,7.5525780637051865
22.938,0.11821050000000001,-0.2604555,9.5635728,-0.04133397158409835,0,-0.2157070201900495,-0.05291601975352904,2,7.551732477253505
22.953,0.16765290000000002,-0.2634966,9.5635728,-0.04468106067242239,0,-0.22313927255492755,-0.05306113249545297,2,7.5509376486116375
22.969,0.16765290000000002,-0.3262806,9.6668721,-0.045381662394405,0,-0.043787607623908084,-0.053281634279987666,2,7.550086906477434
22.984,0.24701580000000004,-0.3262806,9.687865500000001,-0.04551211651889453,0,-0.008696941632635128,-0.05346333762183744,2,7.5492863191881705
23.0,0.2948886,-0.3891627,9.687865500000001,-0.04555019692548967,0,-0.002380025412196658,-0.053691836129392434,2,7.54842907779816
23.031,0.3427614,-0.35777070000000005,9.851005800000001,-0.04160452575486673,0,0.1272797151813902,-0.0545427343309379,2,7.546751441956025
23.047,0.3427614,-0.35777070000000005,9.851005800000001,-0.037755090466452756,0,0.2405897055258463,-0.054677611260708525,2,7.545877679191292
23.063,0.21101310000000004,-0.3202965,9.851005800000001,-0.03412119730788987,0,0.22711832241020527,-0.05475262156290321,2,7.545002237328703
23.078,0.21101310000000004,-0.2215098,9.800091900000002,-0.031883355064888264,0,0.14918948286676825,-0.05474765570569906,2,7.544180985249188
23.094,0.0224649,-0.20954160000000002,9.8809263,-0.02779015358605541,0,0.25582509242702467,-0.05472504377490667,2,7.543305203653343
23.109,0.1002582,-0.20954160000000002,9.895935600000001,-0.023419026705310486,0,0.29140845871631726,-0.05460911262709192,2,7.542485197480328
23.125,0.2140542,-0.35178660000000006,9.943808400000002,-0.01784549451121009,0,0.348345762131313,-0.05443922879682406,2,7.541612810748937
23.141,0.2679111,-0.35178660000000006,9.843550200000001,-0.014818980735253007,0,0.18915711099733865,-0.054200544598795725,2,7.540743692561772
23.156,0.18266220000000002,-0.3622833,9.843550200000001,-0.011904549877653992,0,0.19429539050659364,-0.053900971078392534,2,7.539932931194193
23.172,0.18266220000000002,-0.2798793,9.7911648,-0.010403667258243487,0,0.09380516371314601,-0.05357943681547973,2,7.539073087931042
23.188,0.0224649,-0.2798793,9.6563754,-0.012266476661990211,0,-0.11642558773418304,-0.05326079796684159,2,7.538218366052783
23.203,0.04188870000000001,-0.261927,9.6563754,-0.014094552681758188,0,-0.12187173465119384,-0.052958505686919705,2,7.53742172127538
23.234,0.1317483,-0.35178660000000006,9.7327953,-0.0139262377218774,0,0.005429514834863739,-0.052892827938176096,2,7.535781025604191
23.25,0.1317483,-0.35178660000000006,9.7327953,-0.013762028004920879,0,0.010263107309783658,-0.05261433406399045,2,7.534936968308173
23.266,0.17667810000000003,-0.35178660000000006,9.7806681,-0.012417793550710599,0,0.08401465338815177,-0.05232377263643548,2,7.53409746345457
23.281,0.1631403,-0.36071369999999997,9.7806681,-0.01110415240567697,0,0.0875760763355719,-0.052000187231108386,2,7.533315033755564
23.297,0.1631403,-0.2994012,9.877983300000002,-0.0075008651533643445,0,0.2252054532695139,-0.05164902737158074,2,7.532485840038742
23.313,0.18864630000000002,-0.2994012,9.7552602,-0.006965695645709147,0,0.03344809422845354,-0.05126475985797331,2,7.531662529740905
23.328,0.2484873,-0.24544620000000003,9.6369516,-0.009331330436568308,0,-0.15770898605727143,-0.050886987553590404,2,7.530896391635318
23.344,0.3053853,-0.24544620000000003,9.660888,-0.011016082587847364,0,-0.10529700945492924,-0.05054976685778574,2,7.530084897600027
23.359,0.3023442,-0.2499588,9.660888,-0.012659254605033254,0,-0.10954480114572185,-0.050227331886732354,2,7.529329069359443
23.375,0.3023442,-0.2934171,9.7686999,-0.011605477944343079,0,0.06586104129314323,-0.04992144974712734,2,7.528527879106372
23.391,0.2679111,-0.2425032,9.6474483,-0.013591241432310497,0,-0.12411021799797729,-0.049623023502140554,2,7.527731523320378
23.406,0.1377324,-0.2425032,9.851005800000001,-0.01063249866879623,0,0.19724951756761025,-0.04930470155289886,2,7.526989565382466
23.438,0.0763218,-0.2843919,9.851005800000001,-0.007734875342244152,0,0.09055072895475239,-0.0490985795370755,2,7.525415112885026
23.453,0.0763218,-0.3278502,9.7732125,-0.006771286377356134,0,0.06423926432586544,-0.04870737574997251,2,7.524681568220373
23.469,0.1392039,-0.3278502,9.728282700000001,-0.006909417384044048,0,-0.008633187917993645,-0.04831682138006371,2,7.523905374643332
23.484,0.1302768,-0.2738952,9.728282700000001,-0.0070878697929455114,0,-0.011896827260097139,-0.04792180103389114,2,7.523183584975228
23.5,0.1302768,-0.3427614,9.7895952,-0.005714393950855268,0,0.08584224013064969,-0.04752421914384154,2,7.522420016813806
23.516,0.2140542,-0.3427614,9.7791966,-0.004591918189145616,0,0.07015473510686095,-0.04710666964096154,2,7.521662969703527
23.547,0.20355750000000003,-0.2484873,9.711801900000001,-0.00521462490183211,0,-0.020087313312466014,-0.0467586710588717,2,7.52020805692268
23.563,0.20355750000000003,-0.2484873,9.711801900000001,-0.005822143645916711,0,-0.037969921505291736,-0.046346965207253676,2,7.5194632118325515
23.578,0.2365191,-0.2604555,9.6744258,-0.007300009335162727,0,-0.09852437928306401,-0.04594538135461178,2,7.518771019233338
23.594,0.1497006,-0.2604555,9.711801900000001,-0.007872898286512608,0,-0.03580555945936358,-0.045566764615585204,2,7.518038922065576
23.609,0.173637,-0.2679111,9.711801900000001,-0.00841715668157228,0,-0.03628389300397671,-0.045188940027845834,2,7.51735825428075
23.625,0.173637,-0.3771945,9.7327953,-0.008348110916118756,0,0.0043153603408457065,-0.044823062168627345,2,7.516638158263178
23.656,0.1781496,-0.2499588,9.843550200000001,-0.005678663659328009,0,0.08611120183196289,-0.04454047717454676,2,7.515253023403359
23.672,0.1781496,-0.2290635,9.6444072,-0.007941713287598517,0,-0.14144060176689094,-0.044149440190122194,2,7.5145435040644415
23.688,0.1526436,-0.2290635,9.848062800000001,-0.0051950010285892745,0,0.1716695161880966,-0.043754533904651685,2,7.5138402722716835
23.703,0.1856052,-0.3083283,9.848062800000001,-0.002448762469287047,0,0.18308257062014158,-0.04331186213088575,2,7.5131872743014165
23.719,0.1856052,-0.2394621,9.6235119,-0.005290394530602427,0,-0.17760200383219138,-0.042873775386884874,2,7.512497789201274
23.734,0.0718092,-0.2754648,9.848062800000001,-0.00260182862544589,0,0.179237727010429,-0.04243296706055524,2,7.511857988632918
23.75,0.2754648,-0.3173535,9.6563754,-0.004531553046142278,0,-0.12060777629353754,-0.041990034113927946,2,7.511182604623522
23.766,0.2754648,-0.2604555,9.788123700000002,-0.003244762096308307,0,0.08042443436463206,-0.04155224463506754,2,7.51051426639353
23.781,0.2724237,-0.2604555,9.9258561,0.0013654430112755023,0,0.3073470071722423,-0.04106633952820528,2,7.509894627012305
23.797,0.3532581,-0.2200383,9.9258561,0.005901452933326112,0,0.2835006201281314,-0.04050820436064846,2,7.509242030661194
23.813,0.3532581,-0.37572300000000003,9.8495343,0.008581677022712952,0,0.16751400558669596,-0.03989233932100017,2,7.508598826311741
23.828,0.2230794,-0.37572300000000003,9.831582000000001,0.010666315109107316,0,0.13897587242628565,-0.03924797938001151,2,7.5080052739214835
23.859,0.2484873,-0.41309910000000005,9.771642900000002,0.011291320713155528,0,0.02016147109832789,-0.038407636024766406,2,7.506801611882709
23.875,0.2484873,-0.41309910000000005,9.771642900000002,0.0119010822780794,0,0.03811009780774619,-0.037722096800836546,2,7.506192574020105
23.891,0.24544620000000003,-0.48794940000000003,9.8809263,0.015239493742294385,0,0.20865071651345957,-0.03700497219267358,2,7.505594757468157
23.906,0.32333760000000006,-0.48794940000000003,9.7447635,0.015235919997493852,0,-0.0002382496533688922,-0.03627640658962515,2,7.50504514712729
23.922,0.1526436,-0.2829204,9.7447635,0.014933314203000592,0,-0.018912862155826653,-0.03553505271602117,2,7.504470655452844
23.938,0.1526436,-0.1212516,9.6923781,0.013278911227184054,0,-0.10340018598854502,-0.03480935491257972,2,7.503907900191816
23.953,-0.0703377,-0.1212516,9.6654006,0.010983852612449496,0,-0.1530039076489647,-0.03412738418378246,2,7.503390874648593
23.969,-0.0059841,-0.0703377,9.6654006,0.008726267552615852,0,-0.14109906623958698,-0.03346970322246193,2,7.502850097949343
23.984,-0.0059841,-0.3039138,9.7252416,0.008092832186529009,0,-0.042229024405787935,-0.03284355997441833,2,7.502352748475366
24.0,0.0643536,-0.3039138,9.8285409,0.009998216358896528,0,0.11908651077298306,-0.03219883158605494,2,7.5018324093428825
24.016,0.16765290000000002,-0.4400766,9.8285409,0.012012433127473798,0,0.12588854803609328,-0.031522746390164,2,7.501322636719073
24.031,0.19610190000000002,-0.37572300000000003,9.8151012,0.01359778347595686,0,0.10569002323220007,-0.030830669765638252,2,7.500854986097904
24.047,0.19610190000000002,-0.3307932,9.7672284,0.013938329478957456,0,0.021284125187534923,-0.030110380861998923,2,7.500367457692883
24.078,0.1796211,-0.2724237,9.7656588,0.014180649199060369,0,0.007816765164610384,-0.029174536692489664,2,7.499448541470789
24.094,0.1796211,-0.2559429,9.7372098,0.013712668670734729,0,-0.029248783020349226,-0.02845139014953127,2,7.498987534056053
24.109,0.1930608,-0.2559429,9.702776700000001,0.01242299677973513,0,-0.08597812606663673,-0.027755372658652744,2,7.498565983334992
24.125,0.3262806,-0.2934171,9.702776700000001,0.011277525325834148,0,-0.07159196586881922,-0.02706576848180821,2,7.498127414205869
24.141,0.3262806,-0.31136939999999996,9.749178,0.011304148260359526,0,0.0016639334078362878,-0.02638511509311868,2,7.49769980713727
24.156,0.2499588,-0.31136939999999996,9.746235,0.011203440386028163,0,-0.006713858288757262,-0.025716308178270766,2,7.4973090464627345
24.172,0.1392039,-0.2709522,9.746235,0.011021862948501493,0,-0.011348589845415598,-0.02503850575159451,2,7.496903007951295
24.188,0.04188870000000001,-0.3008727,9.774684,0.011537613905268529,0,0.0322344347979433,-0.024358029936764364,2,7.496507835665788
24.203,0.04188870000000001,-0.2230794,9.8644455,0.014178671849746749,0,0.17607052963187467,-0.023665157793601746,2,7.496147661757811
24.219,0.20208600000000002,-0.2230794,9.7851807,0.014871233508376491,0,0.04328510366435405,-0.02293275855073673,2,7.495774878427056
24.234,0.1721655,-0.318825,9.7851807,0.015597581868398436,0,0.04842322400146113,-0.022204242435410915,2,7.49543635091966
24.25,0.1721655,-0.2634966,9.657945000000002,0.013164400191305603,0,-0.15207385481831878,-0.021474146578933304,2,7.495086923807546
24.281,0.23200650000000003,-0.2858634,9.6235119,0.009997370685045581,0,-0.10216224213742399,-0.020615139130349874,2,7.494434539879052
24.297,0.23200650000000003,-0.2858634,9.6235119,0.006907585800888683,0,-0.19311155525978455,-0.019979899478462376,2,7.494109779570181
24.313,0.23200650000000003,-0.33226469999999997,9.6189993,0.0038195126180937677,0,-0.19300457392470344,-0.019394082691110537,2,7.493794787712824
24.328,0.3023442,-0.33226469999999997,9.601047000000001,0.00041697875813717644,0,-0.22683559066376416,-0.018862309005788794,2,7.493507864775097
24.344,0.20208600000000002,-0.42663690000000004,9.601047000000001,-0.0028758649217319743,0,-0.20580272999179888,-0.01838198009509756,2,7.49320991046229
24.359,0.20954160000000002,-0.4027005000000001,9.689337,-0.003958653929135636,0,-0.07218593382690805,-0.01793323898647907,2,7.492937546319178
24.375,0.1078119,-0.3562992,9.7552602,-0.003493209908018713,0,0.029090251319810894,-0.017492853897176294,2,7.492654137576109
24.391,-0.0329616,-0.2484873,9.7552602,-0.0031337514024674107,0,0.022466156596958862,-0.017045869587660176,2,7.49237782778823
24.406,-0.0329616,-0.21552570000000001,9.678840300000001,-0.004665605505669745,0,-0.10212360688015178,-0.016604364764471205,2,7.4921254510305895
24.422,0.031392,-0.21552570000000001,9.624983400000001,-0.007473473164584021,0,-0.1754917286821226,-0.01620147739383325,2,7.491863004293323
24.438,0.0823059,-0.24544620000000003,9.624983400000001,-0.01018805383685617,0,-0.16966129201702798,-0.01584276960984475,2,7.491606650317294
24.453,0.0823059,-0.3083283,9.7297542,-0.010238327194448615,0,-0.0033515571728295543,-0.015495967467579544,2,7.491371609789214
24.484,0.287433,-0.3083283,9.777627,-0.009025843058042327,0,0.03911239149697408,-0.015294562106493187,2,7.4908943565808155
24.5,0.2724237,-0.3771945,9.777627,-0.007794580462052281,0,0.07695391224938634,-0.014929125494653916,2,7.490652567080006
24.516,0.2529999,-0.2814489,9.7866522,-0.006464683796719939,0,0.08311854158328053,-0.014543199608724092,2,7.490416788479179
24.531,0.2529999,-0.19011780000000003,9.5920218,-0.00996541000312412,0,-0.23338174709360324,-0.014166425312222924,2,7.490201466292271
24.547,0.1362609,-0.19011780000000003,9.717786,-0.010371982681530056,0,-0.025410792400368185,-0.013829124453700173,2,7.489977501894144
24.563,0.10928340000000002,-0.33981839999999996,9.717786,-0.0106774401139198,0,-0.01909108952436111,-0.01349751983606376,2,7.489758888739826
24.578,0.10928340000000002,-0.3771945,9.7627158,-0.00984688222274066,0,0.055370526078607235,-0.013151452253588714,2,7.489559021449153
24.594,0.0703377,-0.3771945,9.645976800000001,-0.011890382966248225,0,-0.1277187964692085,-0.012825350375100644,2,7.489351207028124
24.609,0.1946304,-0.2918475,9.645976800000001,-0.0139145738449038,0,-0.13494605857703315,-0.012518887551184285,2,7.489161125243676
24.625,0.1946304,-0.2829204,9.5980059,-0.01706515451678925,0,-0.1969112919928623,-0.012266725378077811,2,7.488962840340242
24.641,0.2559429,-0.2829204,9.629496000000001,-0.01933636865540933,0,-0.1419508836637707,-0.01205793756345537,2,7.488768243036709
24.656,0.290376,-0.36669779999999996,9.629496000000001,-0.021459531277050914,0,-0.14154417477610018,-0.011863906812948827,2,7.488588829203886
24.672,0.20954160000000002,-0.1781496,9.695321100000001,-0.02210720356063156,0,-0.040479517723785906,-0.011712440691650325,2,7.488400218423849
24.688,0.1062423,-0.19011780000000003,9.7058178,-0.022518601791704285,0,-0.025712389442048067,-0.011569447134468974,2,7.488213963321241
24.703,0.205029,-0.35178660000000006,9.7058178,-0.02277133544286336,0,-0.0168489100772711,-0.011409121663728247,2,7.488041624055254
24.719,0.205029,-0.2604555,9.719257500000001,-0.022760504706695883,0,0.0006769210104672704,-0.01127337638492476,2,7.487860164070864
24.734,0.10477080000000001,-0.2604555,9.777627,-0.021365834454618593,0,0.09297801680514915,-0.011104323928634627,2,7.487692331318512
