timestamps,acc_x,acc_y,acc_z,aAcc,aStages,aJerk,aVelocity,avStages,aHeight
0.047,0.0868185,-0.2664396,9.7252416,-0.08612705697649048,0,0.0,0.0,0,0.0
0.063,0.0868185,-0.2365191,9.8016615,-0.08428264085293335,0,0.11527600772232027,-0.0008632775826353906,0,-6.906220661083126e-06
0.078,0.09584369999999999,-0.2365191,9.8225568,-0.08197169087423717,0,0.15406333191307908,-0.0016101850705891696,0,-2.5457190560267327e-05
0.094,0.11978010000000001,-0.2769363,9.8225568,-0.07968494559562167,0,0.14292157991346865,-0.0024034381623480403,0,-5.756617642376501e-05
0.11,0.11978010000000001,-0.3173535,9.830012400000001,-0.07724243358518201,0,0.15265700065247856,-0.0031588571957944693,0,-0.00010206453928890508
0.125,0.10182780000000001,-0.3173535,9.8091171,-0.07537377588245953,0,0.12457718018149914,-0.0038034787668017795,0,-0.00015428205900837696
0.141,0.11821050000000001,-0.2724237,9.8091171,-0.07357914297994128,0,0.11216455640739041,-0.004495102117700985,0,-0.00022067070608439902
0.156,0.11821050000000001,-0.2843919,9.8524773,-0.07076295321852477,0,0.18774598409443383,-0.005077667839189479,0,-0.00029246648076107756
0.172,0.11821050000000001,-0.2843919,9.8524773,-0.0680154510122648,0,0.17171888789124803,-0.0056878950730357945,0,-0.0003785909840588797
0.188,0.1272357,-0.31136939999999996,9.8120601,-0.06629754661862819,0,0.10736902460228838,-0.00626239905408294,0,-0.00047419333707582963
0.203,0.053856900000000006,-0.3338343,9.7672284,-0.0657128485778049,0,0.03897986938821889,-0.006752477018056188,0,-0.0005718049076168731
0.219,0.053856900000000006,-0.3338343,9.7672284,-0.06514241146480693,0,0.03565231956237372,-0.007299319098397081,0,-0.0006842192765484992
0.235,0.053856900000000006,-0.34580249999999996,9.818044200000001,-0.06333711879112158,0,0.11283079210533407,-0.007827155340444508,0,-0.0008052310720592318
0.25,0.0793629,-0.287433,9.800091900000002,-0.06205518356440187,0,0.08546234844798062,-0.008267597608110935,0,-0.0009259417191733978
0.266,0.0793629,-0.287433,9.800091900000002,-0.06080451505052942,0,0.07816678211702836,-0.008750475197030386,0,-0.0010620863016145286
0.281,0.0793629,-0.3098979,9.7911648,-0.059785278662614516,0,0.06794909252766003,-0.009154898649878965,0,-0.0011963766054663488
0.297,0.0793629,-0.2889045,9.831582000000001,-0.05782122513748256,0,0.12275334532074776,-0.009595750680279739,0,-0.001346381800107618
0.313,0.0793629,-0.3143124,9.8285409,-0.055960206798145506,0,0.11631364620856556,-0.010006002135764764,0,-0.0015031958226359742
0.328,0.0793629,-0.3143124,9.8285409,-0.05414457915001236,0,0.1210418432088762,-0.01033178803037595,0,-0.0016557292488820297
0.344,0.10928340000000002,-0.31284090000000003,9.8046045,-0.05295086221689971,0,0.07460730831954107,-0.010688551561311245,0,-0.0018238919656155268
0.36,0.1002582,-0.3053853,9.7971489,-0.051976087348545974,0,0.06092342927210831,-0.01102796715783481,0,-0.0019976241153686954
0.375,0.1002582,-0.3053853,9.7971489,-0.05102508747698131,0,0.06339999143764406,-0.011300475969026266,0,-0.002165087438820154
0.391,0.1002582,-0.3023442,9.7956774,-0.05013545331236813,0,0.05560213528832398,-0.01160976029534106,0,-0.0023483693289350926
0.406,0.1002582,-0.3023442,9.8225568,-0.04861226781357075,0,0.1015456999198249,-0.011850368203785603,0,-0.002524320292678543
0.422,0.09133110000000001,-0.3039138,9.8225568,-0.04712717471321426,0,0.0928183187722811,-0.012116283743999881,0,-0.002716053508260826
0.438,0.09133110000000001,-0.30685680000000004,9.827069400000001,-0.045566067877199856,0,0.09756917725090011,-0.012357829684723196,0,-0.002911846415690611
0.453,0.0777933,-0.30685680000000004,9.7806681,-0.04517702611551577,0,0.025936117445605547,-0.012538402889668562,0,-0.0030985681599985495
0.469,0.1122264,-0.29783160000000003,9.7806681,-0.04479612038132075,0,0.023806608387189128,-0.01275818806164325,0,-0.0033009408876090436
0.485,0.11673900000000001,-0.30685680000000004,9.8524773,-0.04266595133021944,0,0.13313556569383145,-0.012957884635335572,0,-0.0035066694691848746
0.5,0.11673900000000001,-0.3248091,9.8225568,-0.041303029205639774,0,0.09086147497197783,-0.013087651989354517,0,-0.0037020109938700504
0.516,0.11673900000000001,-0.3248091,9.7791966,-0.04103025975378216,0,0.017048090741100794,-0.013246318301029892,0,-0.003912682756193126
0.547,0.1377324,-0.29783160000000003,9.7926363,-0.040450806334291656,0,0.01869204579001629,-0.014009274825395036,0,-0.004335144449652713
0.563,0.0928026,-0.2934171,9.818044200000001,-0.0392822269892239,0,0.07303620906673514,-0.014147139091983157,0,-0.004560395760991737
0.578,0.0928026,-0.2934171,9.818044200000001,-0.038142149579401874,0,0.07600516065480172,-0.01422782191624785,0,-0.00477320796855347
0.594,0.0928026,-0.2889045,9.803133,-0.03739665532450864,0,0.046593390930826886,-0.014332132355479137,0,-0.005001687602727286
0.61,0.0973152,-0.2889045,9.7866522,-0.03707005328840829,0,0.020412627256272114,-0.014427866024382473,0,-0.005231767589766179
0.625,0.10928340000000002,-0.3338343,9.7866522,-0.036713492227034905,0,0.023770737424892236,-0.014481242615748298,0,-0.00544858590456716
0.641,0.08377740000000002,-0.258984,9.8375661,-0.035185699907748,0,0.09548701995543132,-0.014556436152826563,0,-0.0056808873347157585
0.656,0.08377740000000002,-0.2724237,9.8285409,-0.03390635526503516,0,0.08528964284752279,-0.014574626566622437,0,-0.005899370305111626
0.672,0.1032993,-0.2724237,9.8105886,-0.03309135299958932,0,0.05093764159036502,-0.014610608232739436,0,-0.006132852183506521
0.688,0.11526750000000001,-0.2709522,9.8105886,-0.03229397211201501,0,0.049836305473394425,-0.014633690833632265,0,-0.006366806576037493
0.703,0.11526750000000001,-0.3173535,9.7911648,-0.03195559440336382,0,0.022558513910079587,-0.014615562582497604,0,-0.006586175976658467
0.719,0.0898596,-0.3173535,9.8584614,-0.029991501197375925,0,0.12275582537424323,-0.014611139347303521,0,-0.006819989592096876
0.735,0.0973152,-0.290376,9.8584614,-0.028093857763764163,0,0.11860271460073502,-0.014575822218992639,0,-0.007053485284627245
0.75,0.0973152,-0.3218661,9.830012400000001,-0.02691213538578907,0,0.07878149186500605,-0.014488367167614286,0,-0.007271466705026797
0.766,0.113796,-0.3218661,9.8196138,-0.02600839308193592,0,0.05648389399082183,-0.014411731395356085,0,-0.00750266749353056
0.781,0.0688662,-0.34580249999999996,9.8196138,-0.025117043899888003,0,0.05942327880319448,-0.014295172172719764,0,-0.00771796927029113
0.797,0.11821050000000001,-0.31284090000000003,9.856989900000002,-0.023351837063751546,0,0.11032542725852847,-0.014182923220428884,0,-0.007945794033436319
0.813,0.11821050000000001,-0.2889045,9.862974000000001,-0.021501614129089575,0,0.1156389334163739,-0.014041750829971611,0,-0.00817159142583952
0.828,0.113796,-0.2889045,9.759674700000001,-0.022216018601621812,0,-0.04762696483548245,-0.01386963307545195,0,-0.008380926805130197
0.844,0.09878670000000002,-0.318825,9.759674700000001,-0.022894274588026065,0,-0.04239099915026575,-0.013730515420969133,0,-0.008601727993101566
0.86,0.09878670000000002,-0.31136939999999996,9.7567317,-0.023633595633173243,0,-0.04620756532169863,-0.013602738382738726,0,-0.00882039402353123
0.875,0.09878670000000002,-0.31136939999999996,9.7567317,-0.02435488445770595,0,-0.04808592163551372,-0.013462651983420316,0,-0.009023384451277422
0.891,0.0868185,-0.31136939999999996,9.764187300000001,-0.024879611591678952,0,-0.032795445873312595,-0.013356527951815397,0,-0.009237937890759308
0.906,0.0373761,-0.3098979,9.7986204,-0.024560942476085756,0,0.021244607706213003,-0.01322733210732363,0,-0.009437316841202852
0.922,0.0373761,-0.3098979,9.7986204,-0.024250045777945317,0,0.01943104363377744,-0.013117820013355881,0,-0.009648078058168287
0.938,0.1032993,-0.3098979,9.783611100000002,-0.02430107306436291,0,-0.00318920540109959,-0.01300622896409434,0,-0.009857070449987888
0.953,0.11673900000000001,-0.3053853,9.783611100000002,-0.024350630641452042,0,-0.0033038384726088044,-0.012871116741887956,0,-0.010051150542782755
0.969,0.0973152,-0.31284090000000003,9.788123700000002,-0.024288415240171446,0,0.003888462580037274,-0.012760229108940944,0,-0.010256201309589387
0.985,0.0973152,-0.2994012,9.845021700000002,-0.02285092056444249,0,0.08984341723305969,-0.012637343795377856,0,-0.010459381892823937
1.0,0.10182780000000001,-0.2994012,9.8524773,-0.021265623906634445,0,0.10568644385386951,-0.012468217878910934,0,-0.010647673605381103
1.016,0.0748503,-0.2994012,9.8524773,-0.019724889691270064,0,0.09629588846027373,-0.012296141987694173,0,-0.010845788484313943
1.031,0.0748503,-0.33981839999999996,9.8151012,-0.019100815768354096,0,0.04160492819439818,-0.012087334778641351,0,-0.01102866456006146
1.047,0.1032993,-0.33981839999999996,9.848062800000001,-0.017682252680472743,0,0.08866019299258446,-0.011881599326231965,0,-0.011220416032900447
1.063,0.0703377,-0.3307932,9.848062800000001,-0.01631286189769554,0,0.08558692392357507,-0.011653560242857311,0,-0.011408697309453162
1.078,0.0703377,-0.2754648,9.7956774,-0.01629554530803823,0,0.001154439310487485,-0.011398123296900313,0,-0.011581584936001345
1.094,0.1062423,-0.2754648,9.843550200000001,-0.015103659652535129,0,0.07449285346894367,-0.0111493169365849,0,-0.011761964457869227
1.11,0.058369500000000005,-0.3098979,9.7672284,-0.015786189105384096,0,-0.042658090803060454,-0.010896435726648251,0,-0.011938330479175092
1.125,0.09584369999999999,-0.318825,9.7672284,-0.01643785594675684,0,-0.04344445609151658,-0.010638116064539307,0,-0.012099839617608998
1.141,0.09584369999999999,-0.287433,9.735738300000001,-0.017865059057891486,0,-0.08920019444591523,-0.010412539384576494,0,-0.012268244861201925
1.156,0.0763218,-0.287433,9.8136297,-0.01736274882030564,0,0.03348734917238993,-0.010176747943662967,0,-0.01242266451616372
1.172,0.1377324,-0.33981839999999996,9.8136297,-0.016815555205736743,0,0.034199600910556044,-0.009950174375871305,0,-0.012583679894719993
1.188,0.1377324,-0.3083283,9.839037600000001,-0.015687715364334665,0,0.07048999008762984,-0.009710200540431875,0,-0.012740962894050419
1.203,0.0928026,-0.3083283,9.777627,-0.016097227875553344,0,-0.02730083408124506,-0.009448587614731038,0,-0.012884653805214141
1.219,0.1062423,-0.2948886,9.777627,-0.016503523689346267,0,-0.025393488362057657,-0.009209393627250234,0,-0.013033917655149992
1.235,0.1062423,-0.287433,9.8151012,-0.015991764098089334,0,0.031984974453558274,-0.00896935592954972,0,-0.013179347651604393
1.25,0.0973152,-0.287433,9.7941078,-0.016006532247406113,0,-0.0009845432877853065,-0.008709343152140933,0,-0.013311937894717072
1.266,0.0898596,-0.290376,9.8091171,-0.015654656037625614,0,0.021992263111281198,-0.008462632658421183,0,-0.01344931370120157
1.281,0.0703377,-0.3307932,9.8091171,-0.015284052133134551,0,0.024706926966070995,-0.008194672969701881,0,-0.013574243493412493
1.297,0.0703377,-0.2889045,9.851005800000001,-0.013933534357294164,0,0.08440736099002415,-0.007928413661625312,0,-0.01370322818646311
1.313,0.1287072,-0.2889045,9.8196138,-0.013366843205437462,0,0.035418196991043836,-0.007646816682127168,0,-0.01382783002921313
1.328,0.0928026,-0.3218661,9.8196138,-0.012798857130597696,0,0.03786573832265074,-0.007343059434647435,0,-0.01394025410008894
1.344,0.0928026,-0.30685680000000004,9.7567317,-0.013789325216849946,0,-0.06190425539076555,-0.007055764893427019,0,-0.014055444694713535
1.36,0.0748503,-0.30685680000000004,9.860031000000001,-0.012241205748999562,0,0.09675746674064892,-0.006764009141153812,0,-0.014166002886990181
1.375,0.059841000000000005,-0.3173535,9.860031000000001,-0.01072524476758474,0,0.1010640654276554,-0.006436257520028195,0,-0.014265004886949045
1.391,0.059841000000000005,-0.3278502,9.800091900000002,-0.01069897649035667,0,0.0016417673267543605,-0.006107651290091727,0,-0.014365356157430004
1.406,0.1002582,-0.3278502,9.8076456,-0.01048117750924149,0,0.014519932074345453,-0.005766502445088709,0,-0.014454412310443856
1.422,0.0793629,-0.34580249999999996,9.7582032,-0.011463446502125052,0,-0.06139181205522254,-0.005442059437179639,0,-0.014544080805502003
1.453,0.0823059,-0.3053853,9.7582032,-0.012454035850426592,0,-0.03195449510650116,-0.005312780413644191,0,-0.014710780823189773
1.485,0.08534699999999999,-0.3262806,9.8091171,-0.012162276635704572,0,0.009117475460063132,-0.005206641413422287,0,-0.014879091572422837
1.5,0.0763218,-0.3173535,9.8091171,-0.011886585796965221,0,0.018379389249290178,-0.004887007881667307,0,-0.014954793942136009
1.516,0.0763218,-0.3173535,9.8046045,-0.011727621628347507,0,0.009935260538607152,-0.004575921541069811,0,-0.015030497377517906
1.531,0.0777933,-0.3173535,9.800091900000002,-0.011682255035514899,0,0.003024439522173851,-0.0042514956160487755,0,-0.015096703006196295
1.547,0.0898596,-0.2889045,9.800091900000002,-0.011656930345935734,0,0.0015827930986977976,-0.003938209099100379,0,-0.015162220643917488
1.563,0.08083440000000001,-0.2918475,9.7851807,-0.011995527645138893,0,-0.021162331200197376,-0.0036274287630289758,0,-0.015222745746814523
1.578,0.0763218,-0.3173535,9.8076456,-0.011759774242621646,0,0.015716893501149666,-0.0033055935271871792,0,-0.015274743413991144
1.594,0.0763218,-0.3173535,9.8076456,-0.011529770923093707,0,0.01437520747049613,-0.002991909888512904,0,-0.015325123441316745
1.61,0.1078119,-0.3143124,9.8076456,-0.011300558844338227,0,0.014325754922217536,-0.0026745525266523586,0,-0.015370455140638067
1.625,0.1078119,-0.29783160000000003,9.830012400000001,-0.010544226857891914,0,0.0504221324297545,-0.0023383884194190813,0,-0.015408052197733602
1.641,0.11821050000000001,-0.29783160000000003,9.831582000000001,-0.009765165111856433,0,0.04869135912721752,-0.0020008635551770643,0,-0.01544276621353037
1.656,0.1062423,-0.2963601,9.831582000000001,-0.009009519207642924,0,0.05037639361423425,-0.0016416736875733092,0,-0.015470085242850998
1.672,0.1062423,-0.2948886,9.7986204,-0.009076914152284843,0,-0.004212184040119912,-0.0012863651544527286,0,-0.015493509553587206
1.688,0.1002582,-0.2948886,9.834525,-0.008268920996231444,0,0.05049957225333741,-0.0009251318356408604,0,-0.015511201529507955
1.703,0.0928026,-0.2918475,9.834525,-0.007484630519208224,0,0.05228603180154753,-0.0005432834720066576,0,-0.015522214644315312
1.719,0.0928026,-0.2963601,9.8046045,-0.0074455828369277555,0,0.0024404801425292866,-0.00016272517885574864,0,-0.015527862713522212
1.735,0.1002582,-0.287433,9.860031000000001,-0.006060958763761448,0,0.08653900457289412,0.0,0,-0.015529164514953057
1.75,0.0554265,-0.287433,9.7941078,-0.006325904639323809,0,-0.0176630583708242,0.0,0,-0.015529164514953057
1.766,0.0688662,-0.32932170000000005,9.7941078,-0.006550157705904169,0,-0.014015816661272483,0.0,0,-0.015529164514953057
1.781,0.0688662,-0.34128990000000003,9.7732125,-0.007268272763866435,0,-0.047874337197484663,-7.032571446951089e-05,0,-0.015529691957811578
1.797,0.0898596,-0.34128990000000003,9.8165727,-0.006907837515925053,0,0.02252720299633635,0.0,0,-0.015530254563527334
1.813,0.1032993,-0.3278502,9.8165727,-0.006564135416665451,0,0.021481381203725097,0.0,0,-0.015530254563527334
1.828,0.1032993,-0.30685680000000004,9.854046900000002,-0.005331849926003329,0,0.08215236604414076,0.0,0,-0.015530254563527334
1.844,0.08377740000000002,-0.30685680000000004,9.860031000000001,-0.003988259799420746,0,0.08397438291141139,0.0,0,-0.015530254563527334
1.86,0.10477080000000001,-0.2948886,9.860031000000001,-0.0026814498008800314,0,0.08167562490879458,-8.648824844390696e-06,0,-0.01553032375412609
1.875,0.10477080000000001,-0.3083283,9.7956774,-0.002965230535940222,0,-0.0189187156706795,0.0,0,-0.015530388620312424
1.891,0.10477080000000001,-0.287433,9.843550200000001,-0.0020905166269020725,0,0.054669619314884295,0.0,0,-0.015530388620312424
1.906,0.09878670000000002,-0.287433,9.845021700000002,-0.0012027724374519266,0,0.05918294596334345,0.0,0,-0.015530388620312424
1.922,0.10182780000000001,-0.2769363,9.845021700000002,-0.0003432599120980484,0,0.05371953283461734,0.0,0,-0.015530388620312424
1.938,0.10182780000000001,-0.290376,9.8644455,0.0009782494543024711,0,0.0825943354000324,0.0,0,-0.015530388620312424
1.953,0.08534699999999999,-0.290376,9.834525,0.0015342910739608584,0,0.037069441310558844,0.0,0,-0.015530388620312424
1.969,0.1257642,-0.2664396,9.834525,0.002070826701462636,0,0.03353347671886106,0.0,0,-0.015530388620312424
1.985,0.1257642,-0.2934171,9.788123700000002,0.0014818554001241324,0,-0.03681070633365643,0.0,0,-0.015530388620312424
2.0,0.09878670000000002,-0.2934171,9.783611100000002,0.0007896972699619198,0,-0.04614387534414781,0.0,0,-0.015530388620312424
2.016,0.09584369999999999,-0.3098979,9.783611100000002,0.00012609487292536414,0,-0.041475149814784694,0.0,0,-0.015530388620312424
2.031,0.09584369999999999,-0.3248091,9.833053500000002,0.0006956621951612618,0,0.037971154815726195,0.0,0,-0.015530388620312424
2.047,0.09878670000000002,-0.3307932,9.8255979,0.0010751784163485212,0,0.02371976382420369,0.0,0,-0.015530388620312424
2.063,0.0928026,-0.3307932,9.7612443,-0.00012461899494198292,0,-0.07498733820565644,0.0,0,-0.015530388620312424
2.078,0.1257642,-0.32333760000000006,9.7612443,-0.0012922471884468933,0,-0.07784187956699569,0.0,0,-0.015530388620312424
2.094,0.1257642,-0.33981839999999996,9.818044200000001,-0.0010333357457792403,0,0.016181965166728304,0.0,0,-0.015530388620312424
2.11,0.09133110000000001,-0.33981839999999996,9.800091900000002,-0.0012275977193549892,0,-0.012141373348484297,0.0,0,-0.015530388620312424
2.125,0.1078119,-0.34128990000000003,9.800091900000002,-0.001411793771250558,0,-0.012279736793037815,0.0,0,-0.015530388620312424
2.141,0.1078119,-0.33981839999999996,9.8046045,-0.0014827529059662226,0,-0.004434945919729034,0.0,0,-0.015530388620312424
2.156,0.1406754,-0.33981839999999996,9.803133,-0.0015776960676081586,0,-0.006329544109462352,0.0,0,-0.015530388620312424
2.172,0.1406754,-0.33981839999999996,9.803133,-0.001670323542381169,0,-0.00578921717331315,0.0,0,-0.015530388620312424
2.188,0.1497006,-0.2575125,9.8076456,-0.0017085452382907818,0,-0.0023888559943507893,0.0,0,-0.015530388620312424
2.203,0.08534699999999999,-0.2694807,9.8091171,-0.0017209203556056707,0,-0.0008250078209926135,0.0,0,-0.015530388620312424
2.219,0.1302768,-0.2694807,9.8016615,-0.0019027137168023955,0,-0.011362085074795292,0.0,0,-0.015530388620312424
2.235,0.1032993,-0.29783160000000003,9.8016615,-0.0020679077739931273,0,-0.010324628574420727,0.0,0,-0.015530388620312424
2.25,0.1032993,-0.29783160000000003,9.8016615,-0.002229072707837787,0,-0.010744328922977223,0.0,0,-0.015530388620312424
2.266,0.1032993,-0.2664396,9.8225568,-0.0018989100210617949,0,0.02063516792349949,0.0,0,-0.015530388620312424
2.281,0.1002582,-0.2664396,9.728282700000001,-0.003875962184679338,0,-0.13180347757450178,0.0,0,-0.015530388620312424
2.297,0.09133110000000001,-0.2994012,9.728282700000001,-0.005783567202550799,0,-0.1192253136169662,0.0,0,-0.015530388620312424
2.313,0.09133110000000001,-0.318825,9.8076456,-0.005695034514982211,0,0.0055332929730367245,-2.541085557452097e-05,0,-0.01553059190715702
2.328,0.09584369999999999,-0.318825,9.783611100000002,-0.006193480556472508,0,-0.033229736099353833,0.0,0,-0.015530782488573829
2.344,0.0868185,-0.37268190000000007,9.783611100000002,-0.0066354319614916335,0,-0.02762196281369531,0.0,0,-0.015530782488573829
2.36,0.0868185,-0.318825,9.7956774,-0.006818862712838936,0,-0.011464421959206373,0.0,0,-0.015530782488573829
2.375,0.0868185,-0.3053853,9.806076000000001,-0.006754766537635959,0,0.00427307834686508,0.0,0,-0.015530782488573829
2.391,0.0673947,-0.3053853,9.836094600000001,-0.0059641668783285695,0,0.049412478706711796,-2.8394062855065932e-05,0,-0.01553100964107667
2.406,0.0928026,-0.2858634,9.836094600000001,-0.0052021097009848916,0,0.050803811822911445,0.0,0,-0.015531222596548083
2.422,0.0928026,-0.3427614,9.7986204,-0.00532772586891106,0,-0.007851010495385495,0.0,0,-0.015531222596548083
2.438,0.11673900000000001,-0.3427614,9.7656588,-0.006247431275784976,0,-0.05748158792961972,0.0,0,-0.015531222596548083
2.453,0.10182780000000001,-0.315882,9.7656588,-0.007170866438293899,0,-0.06156234416726286,0.0,0,-0.015531222596548083
2.469,0.10182780000000001,-0.2694807,9.831582000000001,-0.006498491895792213,0,0.04202340890635533,0.0,0,-0.015531222596548083
2.485,0.0703377,-0.2694807,9.877983300000002,-0.004717951464433767,0,0.11128377695990278,-8.870472532674159e-05,0,-0.015531932234350697
2.5,0.11821050000000001,-0.290376,9.877983300000002,-0.0029552641453065576,0,0.117512487941813,0.0,0,-0.015532597519790647
2.516,0.0733788,-0.3039138,9.774684,-0.0037544611110238435,0,-0.04994981035733033,0.0,0,-0.015532597519790647
2.531,0.0733788,-0.318825,9.836094600000001,-0.0030256000347463896,0,0.048590738418496524,0.0,0,-0.015532597519790647
2.547,0.0554265,-0.318825,9.8405091,-0.0022097688883988553,0,0.050989446646720844,0.0,0,-0.015532597519790647
2.563,0.0658251,-0.32333760000000006,9.8405091,-0.0014086851562566949,0,0.050067733258884986,0.0,0,-0.015532597519790647
2.578,0.0658251,-0.29783160000000003,9.8689581,4.6781550368635294e-05,0,0.09703111377502407,0.0,0,-0.015532597519790647
2.594,0.0898596,-0.29783160000000003,9.803133,-0.0001333172536153171,0,-0.011256175248997014,0.0,0,-0.015532597519790647
2.61,0.11673900000000001,-0.2889045,9.803133,-0.00030863124993985025,0,-0.010957124770283311,0.0,0,-0.015532597519790647
2.625,0.11673900000000001,-0.3262806,9.8225568,2.237426540574461e-05,0,0.02206703435637281,0.0,0,-0.015532597519790647
2.641,0.1032993,-0.3262806,9.783611100000002,-0.0006076795895371134,0,-0.03937836593392859,0.0,0,-0.015532597519790647
2.656,0.09133110000000001,-0.2843919,9.783611100000002,-0.0012571364993565481,0,-0.04329712732129529,0.0,0,-0.015532597519790647
2.672,0.10182780000000001,-0.2829204,9.7672284,-0.0022886561253852022,0,-0.06446997662679083,0.0,0,-0.015532597519790647
2.688,0.10182780000000001,-0.3053853,9.7971489,-0.002549150201504702,0,-0.01628087975746871,0.0,0,-0.015532597519790647
2.703,0.1032993,-0.3053853,9.7552602,-0.0038240357975869443,0,-0.08499237307215131,0.0,0,-0.015532597519790647
2.719,0.11978010000000001,-0.3039138,9.7552602,-0.005064353317020931,0,-0.0775198449646241,-4.284512765155221e-05,0,-0.015532940280811858
2.735,0.11978010000000001,-0.315882,9.856989900000002,-0.0037854104313677084,0,0.07993393035332634,0.0,0,-0.01553328304183307
2.75,0.1332198,-0.315882,9.7851807,-0.004283834775261397,0,-0.0332282895929123,0.0,0,-0.01553328304183307
2.766,0.08083440000000001,-0.31136939999999996,9.7851807,-0.004787594972693654,0,-0.03148501233951603,0.0,0,-0.01553328304183307
2.781,0.08083440000000001,-0.33226469999999997,9.827069400000001,-0.0042412618036244965,0,0.036422211271276865,0.0,0,-0.01553328304183307
2.797,0.0554265,-0.33226469999999997,9.8674866,-0.002727338556621106,0,0.09462020293771181,0.0,0,-0.01553328304183307
2.813,0.0449298,-0.3083283,9.8674866,-0.0012705817228830796,0,0.09104730210862658,0.0,0,-0.01553328304183307
2.828,0.08083440000000001,-0.34580249999999996,9.8285409,-0.0007627781363837016,0,0.03385357243329259,0.0,0,-0.01553328304183307
2.844,0.08083440000000001,-0.290376,9.8405091,-1.9316705961003322e-05,0,0.0464663394014186,0.0,0,-0.01553328304183307
2.86,0.0898596,-0.290376,9.8584614,0.0011455724006665946,0,0.0728055691642248,0.0,0,-0.01553328304183307
2.875,0.0928026,-0.2858634,9.8584614,0.00227949909551306,0,0.07559511298976374,0.0,0,-0.01553328304183307
2.891,0.0928026,-0.3098979,9.821085300000002,0.0024923529144089684,0,0.013303363680994261,0.0,0,-0.01553328304183307
2.906,0.0928026,-0.3098979,9.821085300000002,0.0027000151767460068,0,0.013844150822469108,0.0,0,-0.01553328304183307
2.922,0.1406754,-0.3098979,9.7986204,0.0023688887399657688,0,-0.020695402298764858,0.0,0,-0.01553328304183307
2.938,0.1482291,-0.30685680000000004,9.7986204,0.002046220020277545,0,-0.020166794980513974,0.0,0,-0.01553328304183307
2.953,0.1482291,-0.3278502,9.845021700000002,0.0028789746187065646,0,0.055516973228602495,0.0,0,-0.01553328304183307
2.969,0.08829,-0.3278502,9.777627,0.0020310785662047692,0,-0.05299350328136216,0.0,0,-0.01553328304183307
2.985,0.11673900000000001,-0.29783160000000003,9.777627,0.0011877212023545525,0,-0.0527098352406385,0.0,0,-0.01553328304183307
3.0,0.1122264,-0.3039138,9.806076000000001,0.0010617064815079402,0,-0.008400981389774081,0.0,0,-0.01553328304183307
3.016,0.1122264,-0.3008727,9.8136297,0.0011206171787172536,0,0.0036819185755820848,0.0,0,-0.01553328304183307
3.031,0.08829,-0.3008727,9.8824959,0.0028509424248088777,0,0.11535501640610732,0.0,0,-0.01553328304183307
3.047,0.058369500000000005,-0.34128990000000003,9.8824959,0.0045656628300072555,0,0.10717002532489851,0.0,0,-0.01553328304183307
3.063,0.058369500000000005,-0.3262806,9.821085300000002,0.004729231053644867,0,0.010223013977350695,0.0,0,-0.01553328304183307
3.078,0.0554265,-0.3262806,9.8165727,0.004778393241682721,0,0.0032774792025237064,0.0,0,-0.01553328304183307
3.094,0.10928340000000002,-0.3278502,9.8165727,0.004838644698345718,0,0.003765716041437269,0.0,0,-0.01553328304183307
3.11,0.10928340000000002,-0.3173535,9.803133,0.004561412324141756,0,-0.017327023387747595,0.0,0,-0.01553328304183307
3.125,0.11673900000000001,-0.3173535,9.7672284,0.003417837249502398,0,-0.0762383383092899,0.0,0,-0.01553328304183307
3.141,0.09584369999999999,-0.318825,9.7672284,0.0022977795214256247,0,-0.07000360800479827,0.0,0,-0.01553328304183307
3.156,0.1122264,-0.3202965,9.8076456,0.0021956606199236006,0,-0.006807926766801548,0.0,0,-0.01553328304183307
3.172,0.1122264,-0.3248091,9.776155500000002,0.0013320713288305086,0,-0.0539743306933182,0.0,0,-0.01553328304183307
3.188,0.13469129999999999,-0.3248091,9.830012400000001,0.0018091990287061321,0,0.029820481242226443,0.0,0,-0.01553328304183307
3.203,0.1122264,-0.2694807,9.830012400000001,0.00222704129149065,0,0.02785615085230179,1.0113836923886926e-05,0,-0.01553320718805614
3.219,0.1122264,-0.31284090000000003,9.774684,0.0013173029557727034,0,-0.05685864598237162,0.0,0,-0.015533126277360748
3.235,0.08083440000000001,-0.31284090000000003,9.8136297,0.001371574923750174,0,0.0033919979985919083,0.0,0,-0.015533126277360748
3.25,0.1212516,-0.318825,9.8136297,0.0014393617583046137,0,0.004519122303629274,0.0,0,-0.015533126277360748
3.266,0.1212516,-0.2679111,9.8495343,0.0023437228925313747,0,0.056522570889172515,0.0,0,-0.015533126277360748
3.281,0.09584369999999999,-0.2679111,9.8151012,0.0023797196132289145,0,0.0023997813798359658,0.0,0,-0.015533126277360748
3.297,0.1107549,-0.30685680000000004,9.8151012,0.002446463347157035,0,0.0041714833705075414,0.0,0,-0.015533126277360748
3.313,0.09878670000000002,-0.3173535,9.8524773,0.0034276932942471916,0,0.06132687169313472,0.0,0,-0.015533126277360748
3.328,0.09878670000000002,-0.2798793,9.777627,0.002532519662679533,0,-0.05967824210451183,0.0,0,-0.015533126277360748
3.344,0.0688662,-0.2798793,9.8136297,0.002530660570453591,0,-0.00011619326412137798,0.0,0,-0.015533126277360748
3.375,0.1078119,-0.2694807,9.803133,0.002274392923803603,0,-0.008266698279031835,0.0,0,-0.015533126277360748
3.391,0.0823059,-0.2694807,9.854046900000002,0.0032596383724854405,0,0.06157784054261478,0.0,0,-0.015533126277360748
3.406,0.11978010000000001,-0.31136939999999996,9.854046900000002,0.004260317748931541,0,0.0667119584297395,0.0,0,-0.015533126277360748
3.422,0.11978010000000001,-0.3487455,9.8495343,0.005157118585303877,0,0.05605005227327093,6.805163202562234e-05,0,-0.015532581864304543
3.438,0.11673900000000001,-0.3487455,9.862974000000001,0.0063587258941186775,0,0.07510045680092496,0.0,0,-0.015532037451248338
3.453,0.1062423,-0.315882,9.862974000000001,0.007501143982043601,0,0.0761612058616632,0.0,0,-0.015532037451248338
3.469,0.10182780000000001,-0.2918475,9.877983300000002,0.008962413553325277,0,0.09132934820510466,0.0,0,-0.015532037451248338
3.485,0.10182780000000001,-0.2948886,9.910846800000002,0.011191394838698798,0,0.13931133033584497,5.706633935136443e-05,0,-0.015531580920533526
3.5,0.10182780000000001,-0.2948886,9.9093753,0.013330138253699886,0,0.14258289433340465,0.0,0,-0.01553115292298839
3.516,0.10182780000000001,-0.2948886,9.9093753,0.015416717195163798,0,0.13041118384149442,0.0,0,-0.01553115292298839
3.531,0.0973152,-0.3338343,9.831582000000001,0.015585194831695404,0,0.011231842435440268,0.00020346702133670512,0,-0.015529626920328365
3.547,0.1078119,-0.3338343,9.8944641,0.017284972867988913,0,0.10623612726834421,0.0,0,-0.01552799918415767
3.563,0.0777933,-0.3039138,9.8944641,0.01891292433453806,0,0.10174696665932172,0.00025601154055438944,0,-0.015525951091833235
3.578,0.0777933,-0.2829204,9.945279900000001,0.02172486052607603,0,0.1874624127692018,6.0794927008989835e-05,0,-0.01552357504332651
3.594,0.0777933,-0.2829204,9.945279900000001,0.024468212908063336,0,0.17145952387420657,0.0,0,-0.015523088683910438
3.61,0.0793629,-0.2829204,9.999234900000001,0.028460361289013747,0,0.24950927380940047,0.0003537681080587221,0,-0.015520258539045968
3.625,0.0718092,-0.2575125,9.9138879,0.030256123776906563,0,0.11971749919285339,0.00029414174605313023,0,-0.015515399215140129
3.641,0.0928026,-0.3098979,9.9138879,0.03204888352024682,0,0.11204748395876586,0.0002925818044303592,0,-0.01551070542673626
3.656,0.0973152,-0.33981839999999996,9.9303687,0.03422458711578358,0,0.14504690636911613,0.000289632834200592,0,-0.015506338816946528
3.672,0.1302768,-0.31284090000000003,9.9303687,0.03633482233421503,0,0.13188970115196585,0.00035410810980058063,0,-0.015501188889394519
3.688,0.1302768,-0.2724237,10.023171300000001,0.040626995953733314,0,0.2682608512198923,0.0004698026561041654,0,-0.01549459760326728
3.703,0.1302768,-0.2724237,10.023171300000001,0.04481448241179997,0,0.2791657638711165,0.0006106137438456507,0,-0.015486494480267657
3.719,0.09133110000000001,-0.2724237,10.1054772,0.050895982089565805,0,0.38009372986036427,0.0008762974598565776,0,-0.015474599190638039
3.735,0.059841000000000005,-0.3278502,10.1054772,0.05686354239667146,0,0.37297251919410324,0.0012383736557464746,0,-0.015457681821713214
3.75,0.059841000000000005,-0.3218661,10.068101100000002,0.06176973060690827,0,0.3270792140157843,0.001628123203273326,0,-0.015436183095270565
3.766,0.09584369999999999,-0.3218661,10.0725156,0.06667065213422596,1,0.3063075954573555,0.0026556462652024006,0,-0.015401912939522758
3.781,0.12272310000000002,-0.2738952,10.1593341,0.07354115692738539,1,0.4580336528772913,0.003707234833164493,0,-0.015354191331285006
3.797,0.09427410000000001,-0.2934171,10.1593341,0.08024996968179643,1,0.41930079715068974,0.004937563846037947,0,-0.015285032941851387
3.813,0.09427410000000001,-0.2754648,10.1848401,0.08740474185466596,1,0.4471732608043451,0.006278801538329645,0,-0.015195302018776446
3.828,0.0973152,-0.2754648,10.2521367,0.09602641480481289,1,0.5747781966764742,0.007654535213275707,0,-0.015090801993139408
3.844,0.0718092,-0.3143124,10.2521367,0.10445991548120226,1,0.5270937922743353,0.009258425855563829,0,-0.014955498304588692
3.86,0.0718092,-0.3338343,10.232712900000001,0.11222927603515132,1,0.48558503462181557,0.01099193938769466,0,-0.014793495382642624
3.875,0.1272357,-0.3338343,10.253706300000001,0.1203340034533813,1,0.5403151612153279,0.01273616398385867,0,-0.014615534607355972
3.891,0.0973152,-0.3053853,10.253706300000001,0.12821145172982185,1,0.4923405172775337,0.0147245276253243,0,-0.01439584907448251
3.906,0.0973152,-0.3008727,10.2192732,0.13505408362162719,1,0.45617545945368554,0.016699019140460184,0,-0.014160172473739123
3.922,0.0777933,-0.3008727,10.352492999999999,0.14497352594379365,1,0.6199651451354032,0.018939240016983553,0,-0.013875066400479573
3.938,0.0658251,-0.2934171,10.3001076,0.1533666383287553,1,0.5245695240601029,0.021325961331163948,0,-0.013552944789694392
3.953,0.0928026,-0.3098979,10.3001076,0.16157187206779255,1,0.5470155826024953,0.023688000159138002,0,-0.013215340078517135
3.969,0.0928026,-0.318825,10.3644612,0.17115241013245708,1,0.5987836290415322,0.026349794416740006,0,-0.01281503772191011
3.985,0.09878670000000002,-0.318825,10.3106043,0.17918772609350242,1,0.5022072475653334,0.029152515506547683,0,-0.012371019242523807
4.0,0.0718092,-0.3248091,10.3106043,0.18702617131633126,1,0.5225630148552516,0.03189911973712146,0,-0.011913131978196285
4.016,0.0718092,-0.3173535,10.3629897,0.19594483520962847,1,0.557416493331075,0.03496288778932914,0,-0.01137823591798468
4.031,0.0793629,-0.3173535,10.4063499,0.2057043553698037,1,0.6506346773450291,0.03797525671867481,0,-0.010831199834174661
4.047,0.1078119,-0.3039138,10.4063499,0.21522229554341976,1,0.5948712608510037,0.0413426699259806,0,-0.010196656421017417
4.063,0.1078119,-0.2994012,10.412334,0.22465078735045907,1,0.5892807379399562,0.04486165458913164,0,-0.009507021824896518
4.078,0.1107549,-0.2994012,10.4018373,0.23359417225391077,1,0.5962256602300908,0.04829849178616455,0,-0.008808320727081771
4.094,0.1032993,-0.2889045,10.4438241,0.24333394389844898,1,0.6087357277836375,0.05211391671538343,0,-0.008005021459069386
4.11,0.0777933,-0.31136939999999996,10.4438241,0.25284650834849387,1,0.5945352781278052,0.05608336033335898,0,-0.007139443242679446
4.125,0.0777933,-0.3083283,10.473744600000002,0.2628542907017266,1,0.6671854902155303,0.05995111632623555,0,-0.006269184667732505
4.141,0.1078119,-0.3083283,10.4677605,0.2724785823486471,1,0.6015182279325287,0.06423377931063855,0,-0.005275705502637512
4.156,0.1002582,-0.3053853,10.4677605,0.2818642017958197,1,0.6257079631448562,0.06839135019172196,0,-0.004281017031369829
4.172,0.1002582,-0.3083283,10.5560505,0.2931753979841609,1,0.7069497617713243,0.0729916669899618,0,-0.0031499528939163577
4.188,0.1002582,-0.3083283,10.5560505,0.30421071133864075,1,0.6897070846549884,0.07777075586454422,0,-0.0019438535110803084
4.203,0.09133110000000001,-0.31284090000000003,10.572531300000001,0.3153799121325509,1,0.7446133862606484,0.08241768554057834,0,-0.0007424402005418438
4.219,0.09133110000000001,-0.315882,10.5125922,0.3248176790918986,1,0.5898604349592323,0.08753926627037394,0,0.0006172154139457756
4.235,0.11526750000000001,-0.31136939999999996,10.5470253,0.33486712307159294,1,0.6280902487308943,0.09281674468768188,0,0.0020600635016102234
4.25,0.11526750000000001,-0.31136939999999996,10.5470253,0.3446714586615389,1,0.6536223726630791,0.09791328405068025,0,0.0034905387171479093
4.266,0.0718092,-0.31136939999999996,10.6129485,0.35583441821958317,1,0.697684972377765,0.10351733106572923,0,0.005101983638079187
4.281,0.1062423,-0.3278502,10.6129485,0.3667442513223129,1,0.7273222068486654,0.10893667108729334,0,0.006695388654226822
4.297,0.1062423,-0.2858634,10.5904836,0.3768106976771435,1,0.6291528971769095,0.114885110679289,0,0.008485962908359483
4.313,0.0898596,-0.2858634,10.5321141,0.3852048493507638,1,0.524634479601271,0.12098123505551225,0,0.010372893674237894
4.328,0.0777933,-0.2889045,10.5321141,0.39339394729692323,1,0.5459398630772732,0.12682072603037015,0,0.012231408382382082
4.344,0.0777933,-0.2994012,10.563506100000001,0.4021557879717985,1,0.547615042179705,0.1331851239125199,0,0.014311455181925205
4.36,0.11673900000000001,-0.2994012,10.5111207,0.40943556879003395,1,0.45498630113971444,0.1396778547666146,0,0.016494359011358282
4.375,0.0973152,-0.2575125,10.5111207,0.4165059171618779,1,0.47135655812294,0.1458724159112538,0,0.01863598604144225
4.391,0.0973152,-0.2858634,10.6129485,0.4259042749542399,1,0.587397362022623,0.15261169744818273,0,0.021023858948317743
4.406,0.11526750000000001,-0.3307932,10.5949962,0.43467198705360666,1,0.5845141399577976,0.15906601941324144,0,0.023361441824778374
4.422,0.10477080000000001,-0.3307932,10.642869000000001,0.44439020185343914,1,0.6073884249895295,0.1660985169244978,0,0.02596275811548029
4.438,0.09427410000000001,-0.3039138,10.642869000000001,0.4538494549031249,1,0.5912033156053592,0.17328443417855036,0,0.028677821724304678
4.453,0.09427410000000001,-0.2843919,10.6009803,0.4620435706926038,1,0.5462743859652412,0.18015363187051858,0,0.031328607219672795
4.469,0.053856900000000006,-0.2843919,10.5620346,0.4690814053599279,1,0.4398646667077562,0.18760263167893884,0,0.03427065732806846
4.485,0.0733788,-0.3202965,10.5620346,0.47597550949834044,1,0.43088150865078184,0.195163086997805,0,0.03733278307748241
4.5,0.0733788,-0.2709522,10.6189326,0.4840550619823727,1,0.5386368322688281,0.2023633162839102,0,0.04031423110209521
4.516,0.0434583,-0.2709522,10.6189326,0.4919335388650019,1,0.4924048051643255,0.2101712250906892,0,0.04361450743309201
4.531,0.11526750000000001,-0.3367773,10.6189326,0.49967886285840457,1,0.516354932893522,0.21760831810361458,0,0.04682285400704922
4.547,0.11526750000000001,-0.2963601,10.626388200000001,0.5073876658632077,1,0.48180018780019607,0.22566485033338748,0,0.05036903935454524
4.563,0.08377740000000002,-0.2769363,10.6009803,0.5142690099436891,1,0.4300840050300843,0.23383810373984268,0,0.05404506298713108
4.578,0.0658251,-0.2769363,10.5650757,0.520104022566068,1,0.38900084149191555,0.24159590148366616,0,0.057610818026307534
4.594,0.0928026,-0.2948886,10.5650757,0.5258135002080984,1,0.3568423526268957,0.24996324166585948,0,0.06154329117150374
4.61,0.0928026,-0.3248091,10.5979392,0.532206255282663,1,0.39954719216028745,0.2584273997097856,0,0.06561041630250891
4.625,0.1122264,-0.3248091,10.5694902,0.5377541571942945,1,0.36986012744211255,0.2664521028033626,0,0.06954701257135744
4.641,0.0898596,-0.2858634,10.5694902,0.5431341033890824,1,0.336246637174242,0.27509920888802963,0,0.07387942306488858
4.656,0.0793629,-0.2963601,10.6488531,0.5503227028304618,1,0.47923996275863656,0.28330013493467604,0,0.07806741814355879
4.672,0.1107549,-0.3053853,10.6488531,0.557349019087928,1,0.4391447660916366,0.29216150871002317,0,0.08267111129271638
4.688,0.1107549,-0.3053853,10.599410700000002,0.5629986129087996,1,0.35309961380447474,0.301124289765997,0,0.08741739768052455
4.703,0.1107549,-0.3053853,10.599410700000002,0.5685104117584299,1,0.3674532566420039,0.3096106074510015,0,0.0919979094096522
4.719,0.10182780000000001,-0.2934171,10.641397500000002,0.5749009829017258,1,0.3994106964559926,0.31875789860828274,0,0.09702485745812649
4.735,0.08829,-0.2934171,10.650324600000001,0.5813503821417019,1,0.40308745249850697,0.3280079095286302,0,0.1021989839232218
4.75,0.0823059,-0.3023442,10.650324600000001,0.587647397784842,1,0.41980104287601655,0.33677539287807906,0,0.107184858691272
4.766,0.0823059,-0.3023442,10.699767000000001,0.5949962206947248,1,0.4593014318676754,0.3462365418259156,0,0.11264895416890397
4.781,0.1078119,-0.3023442,10.663862400000001,0.6012960016141147,1,0.4199853946260006,0.35520873349323173,1,0.11790979373379747
4.797,0.11673900000000001,-0.318825,10.663862400000001,0.6074561224426969,1,0.3850075517863868,0.36487875048568624,1,0.12367049360562882
4.813,0.11673900000000001,-0.315882,10.638356400000001,0.6128420744828169,1,0.33662200250750257,0.37464113606109034,1,0.12958665269800304
4.828,0.1406754,-0.315882,10.6368849,0.6180678501387504,1,0.348385043728888,0.3838729604957524,1,0.13527550842217959
4.844,0.0688662,-0.3008727,10.6368849,0.6231383166045177,1,0.3169041541104531,0.39380260982969856,1,0.1414969129847832
4.86,0.0688662,-0.3008727,10.6368849,0.6280851131564855,1,0.30917478449798946,0.4038123972677866,1,0.1478778330415631
4.875,0.0554265,-0.2858634,10.6608213,0.6334828456383512,1,0.35984883212438784,0.4132741569587477,1,0.15400598219826198
4.891,0.0898596,-0.2918475,10.651894200000001,0.6385409547684358,1,0.31613182063028294,0.423450347362002,1,0.16069977823282797
4.906,0.0763218,-0.3202965,10.651894200000001,0.6434930499285763,1,0.33013967734270716,0.43306560239722935,1,0.16712364785602207
4.922,0.0763218,-0.3202965,10.651894200000001,0.6483243622799328,1,0.3019570219597864,0.44340014169489744,1,0.1741353738087591
4.938,0.0763218,-0.3218661,10.5410412,0.6503365759291864,1,0.12576335307834519,0.4537894292005704,1,0.18131289037592285
4.953,0.0688662,-0.3218661,10.503665100000001,0.6513872929772386,1,0.07004780320348156,0.46355235821736895,1,0.18819295378155765
4.985,0.1078119,-0.2994012,10.557522,0.6537171549354657,1,0.07280818619459499,0.48443402938397223,1,0.2033607359831791
5.0,0.0643536,-0.31136939999999996,10.587442500000002,0.6567194306894386,1,0.2001517169315335,0.49426230377615876,1,0.21070095848187995
5.016,0.0643536,-0.31136939999999996,10.587442500000002,0.6596484802055098,1,0.18306559475445,0.5047932470633179,1,0.21869340288859576
5.031,0.052385400000000006,-0.2694807,10.583028,0.6623688316229277,1,0.1813567611611964,0.5147083769020299,1,0.2263396650683357
5.047,0.052385400000000006,-0.3143124,10.5890121,0.6651988679243015,1,0.17687726883586202,0.5253289184984065,1,0.2346599634315392
5.063,0.08829,-0.2724237,10.6338438,0.6690304577984083,1,0.23947436713167547,0.536002753104187,1,0.24315061680435995
5.078,0.08829,-0.2724237,10.6338438,0.6727685942609511,1,0.2492090975028466,0.5460662459946314,1,0.2512661342976014
5.094,0.08829,-0.2948886,10.6024518,0.6756648297568102,1,0.18101471849119016,0.5568537133867735,1,0.2600894939726527
5.11,0.0868185,-0.2948886,10.629429300000002,0.679147841226694,1,0.21768821686773945,0.5676922147546415,1,0.269085861397784
5.125,0.0763218,-0.2649681,10.629429300000002,0.6825247259050915,1,0.22512564522650305,0.5779047590081297,1,0.2776778387010046
5.141,0.0763218,-0.2994012,10.6099074,0.6853655920071926,1,0.17755413138131876,0.588847881551428,1,0.28701185982548105
5.156,0.09427410000000001,-0.2994012,10.647381600000001,0.6890542938915711,1,0.245913458958574,0.5991560306956685,1,0.2959218891673341
5.172,0.08083440000000001,-0.3023442,10.647381600000001,0.692652360587461,1,0.2248791684931193,0.6102096839315008,1,0.3055968148843514
5.188,0.0868185,-0.2918475,10.583028,0.6945877227958377,1,0.12096013802354022,0.6213076045985672,1,0.315448953192592
5.203,0.0868185,-0.24544620000000003,10.611477,0.6971408312369825,1,0.17020722940964408,0.6317455687538137,1,0.32484685199273516
5.219,0.0928026,-0.24544620000000003,10.605492900000002,0.6994869946200346,1,0.14663521144075972,0.6429185913606699,1,0.33504416527365105
5.235,0.0793629,-0.2814489,10.605492900000002,0.7017950802239827,1,0.14425535024675792,0.654128847959422,1,0.34542054478821177
5.25,0.0793629,-0.32932170000000005,10.6099074,0.7041880938729648,1,0.15953424326547236,0.6646737217651489,1,0.35531156406114583
5.266,0.0733788,-0.32932170000000005,10.6009803,0.7063040672390368,1,0.1322483353795033,0.6759576590540449,1,0.3660366151076994
5.281,0.0763218,-0.3173535,10.6009803,0.7083600390469371,1,0.1370647871933557,0.6865676398511895,1,0.37625555484948847
5.297,0.0763218,-0.3143124,10.6234452,0.7109113264817672,1,0.15945546467688296,0.6979218107754191,1,0.38733147045450134
5.313,0.0554265,-0.3143124,10.6009803,0.7128495518814546,1,0.12113908748045954,0.709311897802325,1,0.3985893401231233
5.328,0.08377740000000002,-0.31136939999999996,10.6009803,0.7147429241264831,1,0.12622481633522867,0.7200188413723849,1,0.40930932066693404
5.344,0.0777933,-0.31136939999999996,10.572531300000001,0.715895445399104,1,0.07203257953880542,0.7314639483285896,1,0.42092118298454184
5.36,0.0777933,-0.3008727,10.5680187,0.7169024310108192,1,0.06293660073219959,0.7429263313398691,1,0.43271630522188953
5.375,0.0793629,-0.3008727,10.5096492,0.7164621143167942,1,-0.02935444626833398,0.753676565429826,1,0.443940826947662
5.391,0.1032993,-0.31284090000000003,10.5096492,0.7160461272133674,1,-0.0259991939641768,0.7651366313620672,1,0.4560913325219972
5.406,0.1032993,-0.3083283,10.5710598,0.7171341423325881,1,0.07253434128138435,0.7758854833836617,1,0.4676489983825899
5.422,0.09133110000000001,-0.3083283,10.5096492,0.7166958115803599,1,-0.02739567201426316,0.7873561230149653,1,0.4801549312337789
5.438,0.1257642,-0.32333760000000006,10.5096492,0.7162878373106238,1,-0.025498391858502754,0.7988199922060931,1,0.49284434015554734
5.453,0.1257642,-0.318825,10.4707035,0.7149370643395407,1,-0.09005153140553677,0.8095541789684697,1,0.5049071464393571
5.469,0.0793629,-0.318825,10.5230889,0.7148852242975163,1,-0.00324000262652557,0.8209927572775662,1,0.5179515219293254
5.485,0.113796,-0.2889045,10.5230889,0.7148212898760224,1,-0.003995901343367688,0.8324304093909545,1,0.5311789072626736
5.5,0.113796,-0.2889045,10.5230889,0.7147589148306626,1,-0.004158336357325817,0.8431522609262544,1,0.5437457772900524
5.516,0.10477080000000001,-0.2843919,10.4557923,0.7130520834447687,1,-0.10667696161836816,0.8545747489124579,1,0.557327593368762
5.531,0.09427410000000001,-0.2843919,10.4003658,0.71003313800251,1,-0.20126302948391558,0.8652478880733122,1,0.570226263146155
5.547,0.09427410000000001,-0.2843919,10.4003658,0.7070878253759147,1,-0.18408203916220317,0.8765848557803396,1,0.5841609250969843
5.563,0.0389457,-0.29783160000000003,10.4003658,0.7042148818495644,1,-0.1795589703968979,0.8878752774381434,1,0.5982766061627321
5.578,0.0389457,-0.2724237,10.380942000000001,0.7009214421704968,1,-0.2195626452711643,0.8984137998682943,1,0.6116737742425309
5.61,0.0673947,-0.2694807,10.4018373,0.6982194696020443,1,-0.08443664276414069,0.9208000544566549,1,0.6407811959117301
5.625,0.0673947,-0.2814489,10.3629897,0.6946439917633924,1,-0.23836518924346267,0.9312465304168954,1,0.6546715452982814
5.641,0.08083440000000001,-0.2814489,10.3898691,0.691813398358029,1,-0.17691208783521245,0.9423381895378669,1,0.6696602230579195
5.656,0.11673900000000001,-0.2829204,10.3898691,0.6890611410679028,1,-0.18348381934174932,0.9526947485835611,1,0.6838729700938299
5.672,0.0898596,-0.2948886,10.3779009,0.6860858312952907,1,-0.18595686078826096,0.9636959243624666,1,0.6992040954773981
5.688,0.0898596,-0.3023442,10.2910824,0.6810717813012772,1,-0.3133781246258402,0.9746331852632392,1,0.7147107283544039
5.703,0.0898596,-0.3023442,10.2910824,0.6761800252095576,1,-0.3261170727812981,0.9848125738120708,1,0.7294065715474692
5.719,0.09427410000000001,-0.2634966,10.2910824,0.6713825054666813,1,-0.2998449839297643,0.9955930740574808,1,0.7452498167304257
5.735,0.09427410000000001,-0.3008727,10.3120758,0.6672387790934469,1,-0.2589828983271534,1.0063020443339616,1,0.7612649776775572
5.75,0.08829,-0.3008727,10.253706300000001,0.6617718429276032,1,-0.3644624110562548,1.0162696239991194,1,0.776434265190055
5.766,0.09584369999999999,-0.3173535,10.253706300000001,0.6564520120942987,1,-0.3324894270815279,1.0268154148392947,1,0.7927789455007623
5.781,0.09584369999999999,-0.3202965,10.2401685,0.6509341493387808,1,-0.36785751703453523,1.0366208110500426,1,0.808254717194932
5.797,0.08829,-0.3202965,10.2252573,0.6451857167982542,1,-0.35927703378291176,1.0469897699791388,1,0.8249236018431655
5.813,0.1107549,-0.2724237,10.2252573,0.6395489947220376,1,-0.3522951297635354,1.0572676476713012,1,0.841757661184369
5.828,0.0733788,-0.30685680000000004,10.2850983,0.6355241740731419,1,-0.2683213765930402,1.0668306964372654,1,0.8576883987651839
5.844,0.0733788,-0.2829204,10.2162321,0.6299018072588733,1,-0.35139792589178287,1.0769541042879216,1,0.8748386771709854
5.86,0.1078119,-0.2829204,10.2222162,0.624569905276454,1,-0.33324387390121196,1.0869898779882041,1,0.8921502290291944
5.875,0.0973152,-0.3262806,10.2222162,0.6193969798314818,1,-0.344861696331485,1.0963196296265134,1,0.9085250503363044
5.891,0.0973152,-0.318825,10.1893527,0.613543366933758,1,-0.3658508061077367,1.1061831524006354,1,0.9261450725925215
5.906,0.12272310000000002,-0.318825,10.1623752,0.6071815953497719,1,-0.42411810559908225,1.1153385896177617,1,0.9428064856576591
5.922,0.08377740000000002,-0.2754648,10.1623752,0.6009344346162226,1,-0.39044754584682784,1.1250035178574895,1,0.9607292225174612
5.938,0.08377740000000002,-0.261927,10.145894400000001,0.5944290932891647,1,-0.4065838329411205,1.1345664260807327,1,0.978805782068967
5.953,0.0733788,-0.261927,10.1518785,0.5882263565261763,1,-0.4135157841992134,1.143436341954348,1,0.9958908028292307
5.969,0.1062423,-0.2499588,10.1518785,0.5821746377903594,1,-0.37823242098855536,1.1527995499088803,1,1.0142606899641367
5.985,0.11673900000000001,-0.31136939999999996,10.15335,0.5763505943406368,1,-0.3640027156076583,1.1620677517659284,1,1.0327796283775352
6.0,0.11673900000000001,-0.318825,10.1563911,0.5707483727001534,1,-0.37348144269890177,1.170670994018734,1,1.0502751689709198
6.016,0.09584369999999999,-0.318825,10.124901000000001,0.5645098222563458,1,-0.38990940273797536,1.179753059578386,1,1.0690785613996967
6.031,0.09584369999999999,-0.2963601,10.124901000000001,0.5584067941727149,1,-0.4068685389087384,1.188174934201604,1,1.0868380213530462
6.047,0.09584369999999999,-0.34580249999999996,10.1085183,0.5520915144056495,1,-0.39470498544158483,1.197058920670231,1,1.1059198921920208
6.063,0.1107549,-0.34580249999999996,10.0710441,0.5450205664371435,1,-0.44193424803162756,1.2058358173169732,1,1.1251430500959185
6.078,0.1212516,-0.2994012,10.0710441,0.538088796359208,1,-0.46211800519567847,1.2139591375379462,1,1.143291512257331
6.094,0.1212516,-0.2634966,10.0411236,0.5305721670653458,1,-0.46978933086638763,1.2225084252453426,1,1.1627832527595974
6.11,0.09133110000000001,-0.2634966,10.047107700000002,0.5233770456881732,1,-0.44969508607328695,1.2309400189473707,1,1.182410840313139
6.125,0.0643536,-0.318825,10.047107700000002,0.5163914088533161,1,-0.4657091223238159,1.2387382823564317,1,1.200933427572917
6.141,0.0793629,-0.31284090000000003,9.979713000000002,0.5079312646249914,1,-0.5287590142702965,1.246932863744258,1,1.2208187967417226
6.156,0.0793629,-0.3278502,9.978241500000001,0.4996533402624266,1,-0.5518616241709987,1.2544897482809134,1,1.2395794663319109
6.172,0.1287072,-0.3278502,9.945279900000001,0.4907864176841752,1,-0.5541826611407115,1.2624132663444863,1,1.259714690448914
6.188,0.0614106,-0.347274,9.945279900000001,0.48213615266979737,1,-0.5406415633986135,1.270196646907318,1,1.2799755697549284
6.203,0.0614106,-0.2425032,9.9124164,0.47281984099822516,1,-0.621087444771457,1.2773588168598284,1,1.2990822357331828
6.219,0.0434583,-0.2425032,9.910846800000002,0.46369016987477885,1,-0.5706044452153941,1.2848508969468124,1,1.319579913443636
6.235,0.0748503,-0.2604555,9.910846800000002,0.454798848599939,1,-0.5557075796774886,1.2921988090946102,1,1.3401963110919672
6.25,0.0748503,-0.2604555,9.910846800000002,0.4461243888196069,1,-0.578297318688819,1.2989557333752566,1,1.3596299701604908
6.266,0.0748503,-0.3173535,9.8734707,0.4367908189093086,1,-0.5833481193936446,1.306019055037088,1,1.3804697684677896
6.281,0.12272310000000002,-0.3173535,9.8734707,0.4276965728389257,1,-0.6062830713588725,1.3125027104751996,1,1.4001086817091313
6.297,0.12272310000000002,-0.3218661,9.9258561,0.42010461821103995,1,-0.47449716424285926,1.3192851200035993,1,1.4211629843529616
6.313,0.13469129999999999,-0.3262806,9.9258561,0.4127051292136503,1,-0.46246806233685117,1.3259475979829969,1,1.4423248460968545
6.328,0.13469129999999999,-0.33824879999999996,9.8928945,0.4046924812951236,1,-0.5341765279017623,1.3320780800618128,1,1.4622600386821913
6.344,0.11526750000000001,-0.33824879999999996,9.842078700000002,0.3956306849754512,1,-0.5663622699795251,1.3384806653919774,1,1.4836245086458217
6.36,0.0973152,-0.3427614,9.842078700000002,0.3867889877716948,1,-0.5526060752347735,1.3447400227739545,1,1.5050902741511492
6.375,0.0973152,-0.3202965,9.827069400000001,0.3777786277446573,1,-0.6006906684691781,1.350474279890327,1,1.525304381421131
6.391,0.11821050000000001,-0.3202965,9.862974000000001,0.3698688138210482,1,-0.49436337022556964,1.3564554594228528,1,1.5469598193356364
6.406,0.0554265,-0.3262806,9.862974000000001,0.36214323193760656,1,-0.5150387922294533,1.3619455497660427,1,1.5673478269045527
6.422,0.0554265,-0.2858634,9.771642900000002,0.35234889426718574,1,-0.6121461044013005,1.367661486775681,1,1.5891846831968865
6.438,0.0554265,-0.2858634,9.8076456,0.34367116932466324,1,-0.542357808907656,1.3732296472844157,1,1.6111118122693673
6.453,0.052385400000000006,-0.3008727,9.8405091,0.33601679567608933,1,-0.5102915765715745,1.3783273070219215,1,1.6317484894266656
6.469,0.08534699999999999,-0.29783160000000003,9.8405091,0.32855248221714817,1,-0.4665195911838223,1.3836438612450674,1,1.6538442587728015
6.485,0.08534699999999999,-0.31136939999999996,9.8225568,0.32084281544959303,1,-0.48185417297219546,1.3888390236264014,1,1.6760241218517733
6.5,0.09427410000000001,-0.31136939999999996,9.8076456,0.31295969087118714,1,-0.5255416385604044,1.3935925424238071,1,1.6968923585971494
6.516,0.0928026,-0.3098979,9.8076456,0.30526735939940686,1,-0.48077071698626694,1.3985383588259719,1,1.7192294058071476
6.531,0.0928026,-0.2889045,9.7806681,0.297089350487985,1,-0.545200594094801,1.4030560341501273,1,1.7402413637544678
6.547,0.1287072,-0.2889045,9.7986204,0.2895583494273364,1,-0.4706875662905392,1.4077492157494498,1,1.7627278057536644
6.563,0.11673900000000001,-0.2784078,9.7986204,0.2821999694919697,1,-0.4598987459604183,1.4123232823008043,1,1.7852883857380664
6.578,0.11673900000000001,-0.30685680000000004,9.821085300000002,0.2755893917201391,1,-0.44070518478869036,1.4165067025098952,1,1.8065046106241474
6.594,0.1631403,-0.30685680000000004,9.8076456,0.26882857179766084,1,-0.42255124515488923,1.4208620462180377,1,1.829203560613971
6.61,0.08829,-0.32932170000000005,9.8225568,0.26259049177554417,1,-0.38988000138229195,1.4251133987266233,1,1.8519713641735283
6.625,0.10477080000000001,-0.3307932,9.8225568,0.25650971320691696,1,-0.4053852379084893,1.4290066502639918,1,1.8733772645409574
6.641,0.10477080000000001,-0.3338343,9.839037600000001,0.2509814705170381,1,-0.345515168117427,1.4330665797337834,1,1.8962738503809398
6.656,0.0733788,-0.3338343,9.8734707,0.2464204627917681,1,-0.3040671816846742,1.4367970942335992,1,1.9177978279356946
6.672,0.1332198,-0.34580249999999996,9.8734707,0.24199599946257777,1,-0.2765289580743955,1.440704425931634,1,1.9408178400970166
6.688,0.1332198,-0.261927,9.7791966,0.23531818562172901,1,-0.4173633650530469,1.4445229394123085,1,1.9638996590197682
6.703,0.0718092,-0.261927,9.8151012,0.22966293599509768,1,-0.3770166417754078,1.448010297824435,1,1.9855936582990446
6.719,0.0777933,-0.2829204,9.8151012,0.22416093704937978,1,-0.34387493410736847,1.4516408888087908,1,2.0087908677921105
6.735,0.0777933,-0.287433,9.8405091,0.21941575024765214,1,-0.2965741751079773,1.455189502307167,1,2.032045510921038
6.75,0.08377740000000002,-0.287433,9.7851807,0.21343865185611577,1,-0.39847322610243335,1.4584359103229452,1,2.0538977015157633
6.766,0.08534699999999999,-0.2889045,9.803133,0.20804637748887522,1,-0.33701714795253385,1.4618077905577052,1,2.0772596511228087
6.781,0.08534699999999999,-0.347274,9.803133,0.20283178982653638,1,-0.3476391774892636,1.4648893768125706,1,2.099209879878085
6.797,0.08534699999999999,-0.3023442,9.806076000000001,0.1977798433101956,1,-0.3157466572712983,1.4680942698776644,1,2.122673749051607
6.813,0.0688662,-0.3023442,9.8240283,0.1932855984662858,1,-0.280890302744363,1.4712227934118762,1,2.1461882855579235
6.828,0.10928340000000002,-0.2814489,9.8240283,0.18889476778049463,1,-0.29272204571939947,1.474089146158727,1,2.168278125104704
6.844,0.10928340000000002,-0.2918475,9.8464932,0.18516607678471253,1,-0.2330431872363812,1.4770816329152487,1,2.1918874913372957
6.86,0.1257642,-0.2918475,9.836094600000001,0.18127963252452872,1,-0.24290276626148777,1.4800131985897227,1,2.2155442499893354
6.875,0.11978010000000001,-0.3053853,9.836094600000001,0.17749617773214155,1,-0.25223031949248376,1.4827040171666477,1,2.2377646291075077
6.891,0.11978010000000001,-0.3367773,9.7926363,0.17277072441910768,1,-0.2953408320646164,1.4855061523838577,1,2.261510310463912
6.906,0.08377740000000002,-0.3592422,9.8464932,0.169483521480025,1,-0.2191468626055173,1.4880730592281013,1,2.283812154551001
6.922,0.08377740000000002,-0.3592422,9.8464932,0.16627649422238377,1,-0.20043920360257578,1.4907591393537205,1,2.3076428121396555
6.938,0.1287072,-0.3592422,9.8225568,0.16257612699203605,1,-0.2312729518967325,1.493389960323436,1,2.3315160049370727
6.953,0.0793629,-0.3891627,9.8225568,0.15898105521859485,1,-0.23967145156273792,1.4958016391900157,1,2.3539349419334243
6.969,0.0628821,-0.33981839999999996,9.8105886,0.15513440548879842,1,-0.24041560811227636,1.4983145628756749,1,2.37788787154995
6.985,0.0329616,-0.3053853,9.8105886,0.15135041287081386,1,-0.23649953862403517,1.5007664414225519,1,2.401880519584336
7.0,0.0329616,-0.2709522,9.8120601,0.1476699313547769,1,-0.24536543440246847,1.5030090940042438,1,2.4244088361000364
7.016,0.0329616,-0.2709522,9.8120601,0.14407921768059495,1,-0.22441960463637203,1.5053430871965268,1,2.4484756535496426
7.031,0.10182780000000001,-0.2709522,9.830012400000001,0.14102528543927484,1,-0.20359548275467848,1.5074813709699257,1,2.4710718369858906
7.047,0.0658251,-0.2694807,9.830012400000001,0.138037368074583,1,-0.18674483529323976,1.5097138721980365,1,2.4952093989312343
7.063,0.0658251,-0.2934171,9.7821396,0.13397195440965426,1,-0.2540883540580461,1.5118899467779106,1,2.5193822294830417
7.078,0.0733788,-0.3039138,9.7971489,0.13038071415257058,1,-0.23941601713890315,1.5138725917921274,1,2.542075448522318
7.094,0.09584369999999999,-0.3039138,9.7806681,0.12648003681029962,1,-0.24379233389193433,1.5159274777998304,1,2.566313849079054
7.11,0.0928026,-0.287433,9.7806681,0.12266163737204394,1,-0.2386499648909799,1.5179206111932892,1,2.5905846337909986
7.125,0.0928026,-0.287433,9.7252416,0.1175851516026718,1,-0.3384323846248166,1.5197224621105996,1,2.6133669568407774
7.141,0.08534699999999999,-0.287433,9.8255979,0.1150773818329327,1,-0.15673561060869354,1.5215837623780843,1,2.6376974066366867
7.156,0.1062423,-0.315882,9.8255979,0.11265703514493097,1,-0.16135644586678535,1.5232917705054183,1,2.6605339731333126
7.172,0.1062423,-0.290376,9.803133,0.10972888660061919,1,-0.18300928401948618,1.5250708578793828,1,2.684920874160391
7.188,0.113796,-0.290376,9.8704296,0.10851477905959861,1,-0.07588172131378627,1.5268168072046646,1,2.7093359754810638
7.203,0.145188,-0.3248091,9.8704296,0.10736647963461188,1,-0.07655329499911255,1.5284359166448713,1,2.732250370909936
7.219,0.145188,-0.315882,9.8105886,0.1047804988154688,1,-0.161623801196442,1.5301330924724719,1,2.756718922982875
7.235,0.08377740000000002,-0.3278502,9.898878600000002,0.10440184016283283,1,-0.02366616578974854,1.5318065511842982,1,2.781214440132129
7.25,0.08377740000000002,-0.3278502,9.898878600000002,0.10403241708709032,1,-0.02462820504950074,1.5333698081136726,1,2.804203262826863
7.266,0.1062423,-0.3307932,9.898878600000002,0.10367964678183661,1,-0.02204814407835707,1.5350315046246241,1,2.8287504733287694
7.281,0.1062423,-0.29783160000000003,9.7701714,0.10017238951421525,1,-0.233817151174762,1.5365603948968445,1,2.85178741257518
7.297,0.0823059,-0.29783160000000003,9.7821396,0.0970368062765452,1,-0.1959739523543778,1.5381380684631705,1,2.87638500028206
7.313,0.1107549,-0.29783160000000003,9.7821396,0.0939845443733276,1,-0.1907663689511006,1.5396662392683695,1,2.9010074347439123
7.328,0.1107549,-0.2754648,9.7656588,0.0905889645339446,1,-0.2263719892921907,1.5410505405851742,1,2.9241128105928147
7.344,0.10182780000000001,-0.2754648,9.7806681,0.08763975025076576,1,-0.18432589269867777,1.5424763703034519,1,2.948781025879924
7.36,0.09427410000000001,-0.2649681,9.7806681,0.0847535517691842,1,-0.18038740509884726,1.5438555167196115,1,2.9734716809761084
7.375,0.09427410000000001,-0.318825,9.860031000000001,0.08391150393641666,1,-0.05613652218450346,1.5451205046374035,1,2.9966390011362853
7.391,0.08534699999999999,-0.2529999,9.827069400000001,0.08223783284156028,1,-0.10460444342852417,1.5464496993316272,1,3.0213715627680378
7.406,0.050913900000000005,-0.2529999,9.7866522,0.07961371835847864,1,-0.1749409655387798,1.5476635859656276,1,3.0445774124077665
7.422,0.08083440000000001,-0.2889045,9.7866522,0.07708275198534231,1,-0.15818539832102005,1.5489171577283782,1,3.0693500583573186
7.438,0.08083440000000001,-0.34128990000000003,9.8405091,0.07596737583963709,1,-0.06971100910657663,1.5501415587509781,1,3.0941425280891535
7.453,0.10477080000000001,-0.34128990000000003,9.7956774,0.07379197228394041,1,-0.1450269037131062,1.551264753861905,1,3.117403075433751
7.469,0.1257642,-0.36375480000000004,9.7956774,0.07169535253702364,2,-0.13103873418229817,1.552428652460473,1,3.1422326226843302
7.485,0.1257642,-0.36375480000000004,9.7956774,0.06964986985710553,2,-0.1278426674948817,1.5535594142396258,1,3.167080527217931
7.5,0.1062423,-0.3143124,9.7732125,0.0670593232919181,2,-0.17270310434583194,1.5545847331882434,1,3.1903916083236394
7.516,0.11673900000000001,-0.3427614,9.7732125,0.06455819026861676,2,-0.1563208139563342,1.5556376732967276,1,3.215273387575519
7.531,0.11673900000000001,-0.3248091,9.8136297,0.06308828969899771,2,-0.09799337130793827,1.5565950218964848,1,3.2386151327894677
7.547,0.11673900000000001,-0.3248091,9.8136297,0.061654240362782886,2,-0.08962808351342658,1.557592962136979,1,3.2635286366617353
7.563,0.1272357,-0.3218661,9.839037600000001,0.060875305555384784,2,-0.048683425462381316,1.5585731985043243,1,3.288457965946866
7.578,0.0823059,-0.3218661,9.8091171,0.05937435559681603,2,-0.10006333057124644,1.559475070962966,1,3.311843327967871
7.594,0.0868185,-0.2798793,9.8091171,0.05787956752458712,2,-0.09342425451430705,1.560413102347937,1,3.336802433354358
7.61,0.0868185,-0.2948886,9.7821396,0.05577429392139521,2,-0.13157960019949388,1.561322333239505,1,3.361776316839058
7.625,0.1002582,-0.2948886,9.7732125,0.05350587757951253,2,-0.1512277561255155,1.5621419345257617,1,3.385202298847297
7.641,0.0733788,-0.2604555,9.7732125,0.0512631169117892,2,-0.1401725417327081,1.562980086481692,1,3.410203275015357
7.656,0.0733788,-0.3083283,9.7941078,0.04961839353444475,2,-0.10964822515629888,1.5637366978100389,1,3.4336536508975444
7.672,0.0898596,-0.3083283,9.834525,0.04900239140230944,2,-0.03850013325845666,1.5645256640895329,1,3.458679749792741
7.688,0.0373761,-0.2694807,9.833053500000002,0.04832943870943929,2,-0.042059543304384626,1.5653043187304267,1,3.4837183896553006
7.703,0.0373761,-0.2694807,9.833053500000002,0.04767289949688269,2,-0.04376928083710467,1.5660243362669741,1,3.507203354567782
7.719,0.0628821,-0.2499588,9.7926363,0.046037526474993484,2,-0.10221081386807541,1.566774019674749,1,3.5322657414153156
7.735,0.10928340000000002,-0.2499588,9.833053500000002,0.04543739020494897,2,-0.03750851687778219,1.5675058190081885,1,3.557339980124779
7.75,0.11978010000000001,-0.2889045,9.833053500000002,0.04488088819065794,2,-0.037100134286069265,1.5681832060961556,1,3.580857647813061
7.766,0.11978010000000001,-0.3248091,9.7672284,0.042760782937051545,2,-0.1325065783503997,1.5688843394651772,1,3.6059541881775514
7.781,0.1032993,-0.3248091,9.8240283,0.04207232552295892,2,-0.045897160939509296,1.5695205877786274,1,3.6294922251318793
7.797,0.1062423,-0.344331,9.8240283,0.041417630161769026,2,-0.040918460074368355,1.570188507424105,1,3.654609897893501
7.813,0.1062423,-0.32932170000000005,9.848062800000001,0.04135220455440347,2,-0.004089100460347158,1.5708506661018344,1,3.6797382112817085
7.828,0.0868185,-0.32932170000000005,9.862974000000001,0.04164720466662075,2,0.01966667414781797,1.571473161670992,1,3.7033056399900057
7.844,0.0763218,-0.3592422,9.862974000000001,0.04195835092254896,2,0.019446640995512948,1.5721420061157054,1,3.7284545613322995
7.86,0.0823059,-0.318825,9.7567317,0.03963939958296692,2,-0.14493445872387753,1.5727947881197495,1,3.753614055686183
7.875,0.0823059,-0.287433,9.7567317,0.03735323236284316,2,-0.15241114800825378,1.5733722328593431,1,3.7772103083435256
7.891,0.0643536,-0.287433,9.7821396,0.03573895936551885,2,-0.10089206233276907,1.57395697039317,1,3.8023889419695456
7.906,0.0614106,-0.29783160000000003,9.7821396,0.0341711812856591,2,-0.10451853865731887,1.5744812964480537,1,3.826002228970854
7.922,0.0614106,-0.3218661,9.877983300000002,0.034996553647571815,2,0.05158577261954451,1.5750346383275196,1,3.851198356449059
7.938,0.1002582,-0.3218661,9.836094600000001,0.0347884656725963,2,-0.01300549843596953,1.575592918482081,1,3.8764033769035358
7.953,0.09133110000000001,-0.34128990000000003,9.836094600000001,0.03459929426449193,2,-0.01261142720695763,1.5761133266816092,1,3.9000411737422644
7.969,0.09133110000000001,-0.33530580000000004,9.7866522,0.03320456368235014,2,-0.08717066138386179,1.5766557575451838,1,3.925263326416079
7.985,0.1212516,-0.33530580000000004,9.7612443,0.03123247876355606,2,-0.12325530742462998,1.577171253884751,1,3.950493942507518
8.0,0.0823059,-0.287433,9.7612443,0.029261370189882285,2,-0.1314072382449211,1.577624957751902,1,3.9741549140947923
8.016,0.11673900000000001,-0.2754648,9.833053500000002,0.02908911118212032,2,-0.010766187985122844,1.578091761602878,1,3.9994006478496305
8.031,0.11673900000000001,-0.31136939999999996,9.8105886,0.028399560915735478,2,-0.045970017758987715,1.578522926643612,1,4.02307525801148
8.047,0.1257642,-0.31136939999999996,9.8240283,0.028057153937488977,2,-0.021400436140406303,1.5789745803624378,1,4.048335238067528
8.063,0.0973152,-0.2963601,9.8240283,0.027703907510105097,2,-0.022077901711492466,1.5794206688540184,1,4.07360240006126
8.078,0.0973152,-0.3503151,9.8196138,0.02729496670711562,2,-0.02726272019930066,1.5798331604106475,1,4.097296803780743
8.094,0.1062423,-0.3503151,9.8674866,0.028065077968747687,2,0.04813195385200415,1.5802760407680543,1,4.122577677390173
8.11,0.0748503,-0.3083283,9.8674866,0.028775227285668947,2,0.044384332307578725,1.5807307632100895,1,4.147865731821998
8.125,0.0748503,-0.33530580000000004,9.7941078,0.02770086847186448,2,-0.071623920920295,1.581154333928271,1,4.171579870050537
8.141,0.050913900000000005,-0.33530580000000004,9.7627158,0.025883769053413275,2,-0.11356871365320033,1.5815830110284732,1,4.196881768810191
8.156,0.08829,-0.32932170000000005,9.7627158,0.024112519293211676,2,-0.11808331734676877,1.5819579831910728,1,4.220608326266839
8.172,0.09878670000000002,-0.2934171,9.8240283,0.023853687935467605,2,-0.016176959859004456,1.5823417128489023,1,4.245922723835158
8.188,0.09878670000000002,-0.2934171,9.8240283,0.023601169537668554,2,-0.015782399862440663,1.5827213517086873,1,4.271243228351619
8.203,0.1078119,-0.3008727,9.7971489,0.022707373426358757,2,-0.05958640742065793,1.5830686657809174,1,4.2949866534827885
8.219,0.1078119,-0.3008727,9.7971489,0.0218353772202029,2,-0.05449976288474096,1.5834250077860899,1,4.320318602871325
8.235,0.0748503,-0.36375480000000004,9.8105886,0.021356712082020834,2,-0.029916571136379105,1.5837705445005077,1,4.345656167289618
8.25,0.1002582,-0.36375480000000004,9.821085300000002,0.021151076350465203,2,-0.013709048770374894,1.5840893529137514,1,4.3694151165202255
8.266,0.1002582,-0.36375480000000004,9.821085300000002,0.020950456124557704,2,-0.012538764119218716,1.5844261651735516,1,4.394763240664924
8.281,0.11821050000000001,-0.3487455,9.821085300000002,0.02074632599820525,2,-0.013608675090163024,1.5847388910394724,1,4.418531978586523
8.297,0.11821050000000001,-0.2889045,9.8165727,0.020389814013123342,2,-0.022281999067619275,1.585067980159563,1,4.443890433556115
8.313,0.0733788,-0.2889045,9.777627,0.019081876372940343,2,-0.08174610251143737,1.5853837536826516,1,4.469254047426853
8.328,0.08829,-0.2948886,9.777627,0.01781320005734699,2,-0.0845784210395637,1.5856604667558787,1,4.49303687908014
8.344,0.1482291,-0.2784078,9.7536906,0.01599785113740282,2,-0.11345930749651058,1.5859309551654366,1,4.518409610455511
8.36,0.0703377,-0.33530580000000004,9.8165727,0.015781910584999892,2,-0.01349628452518291,1.5861851932592157,1,4.543786539642908
8.375,0.0763218,-0.3427614,9.8165727,0.015578602867897473,2,-0.013553847806827413,1.5864203971101125,1,4.567581081570679
8.391,0.0763218,-0.3427614,9.8165727,0.0153802538756036,2,-0.012396812018367055,1.5866680679640606,1,4.592965789291272
8.406,0.0763218,-0.2814489,9.8240283,0.015320986973502926,2,-0.003951126806711463,1.586898327270429,1,4.616767537255531
8.422,0.11673900000000001,-0.2814489,9.7911648,0.01447168518995845,2,-0.053081361471529705,1.5871366686477366,1,4.642159817222876
8.438,0.11526750000000001,-0.315882,9.7911648,0.013668277211431601,2,-0.05021299865792801,1.5873617883469477,1,4.667555804878834
8.453,0.11526750000000001,-0.3098979,9.7895952,0.012841541991241101,2,-0.05511568134603776,1.5875606119909678,1,4.691367722881366
8.469,0.11673900000000001,-0.3098979,9.8464932,0.01342236344726544,2,0.036301341001521124,1.5877707232344758,1,4.716770373563169
8.485,0.0973152,-0.2858634,9.8464932,0.013966146685104874,2,0.03398645236496464,1.5879898313155347,1,4.7421764579995695
8.5,0.10182780000000001,-0.33530580000000004,9.8120601,0.013696497522053264,2,-0.0179766108701067,1.5881973011470885,1,4.76599786149304
8.516,0.10182780000000001,-0.29783160000000003,9.788123700000002,0.012820439650207405,2,-0.054753616990366134,1.5884094366444665,1,4.791410715395372
8.531,0.08829,-0.29783160000000003,9.8105886,0.0125101932744478,2,-0.020683091717306156,1.5885994163914015,1,4.8152382817931425
8.547,0.15421320000000002,-0.3023442,9.8105886,0.012230739994290474,2,-0.017465830009832914,1.5887973438575513,1,4.840657455875134
8.563,0.15421320000000002,-0.318825,9.8375661,0.012628380979517573,2,0.024852561576693667,1.5889962168253418,1,4.866079804360598
8.578,0.0733788,-0.318825,9.806076000000001,0.012225905465195197,2,-0.026831700954827207,1.589182623973677,1,4.8899161456665885
8.594,0.11673900000000001,-0.2948886,9.806076000000001,0.011825233635372356,2,-0.02504198936392752,1.5893750330864815,1,4.91534460692307
8.61,0.11673900000000001,-0.2798793,9.8046045,0.011387737944474452,2,-0.027343480681119,1.5895607368591202,1,4.940776093082635
8.625,0.11526750000000001,-0.2798793,9.866015100000002,0.012457599141020737,2,0.0713240797697496,1.5897395768872615,1,4.964620845435734
8.641,0.10928340000000002,-0.3307932,9.843550200000001,0.012990534425510347,2,0.03330845528060064,1.5899431619557938,1,4.990058307346478
8.656,0.0793629,-0.2994012,9.843550200000001,0.013478986998087805,2,0.03256350483849597,1.5901416833664708,1,5.013908943686396
8.672,0.0793629,-0.32333760000000006,9.7851807,0.012551155482475096,2,-0.05798946972579428,1.5903499245063153,1,5.039352876549379
8.688,0.08083440000000001,-0.32333760000000006,9.8046045,0.01211972481811685,2,-0.02696441652239032,1.59054729154872,1,5.0648000542778195
8.703,0.059841000000000005,-0.32932170000000005,9.8046045,0.011700000681287293,2,-0.02798160912197278,1.5907259394899655,1,5.0886596035106075
8.735,0.0793629,-0.3023442,9.836094600000001,0.012040370379713394,2,0.010636553075815671,1.5911057854269415,1,5.139568911109278
8.75,0.0823059,-0.3083283,9.836094600000001,0.012377556397682454,2,0.022479067864603148,1.591288919877772,1,5.163436871399065
8.766,0.0823059,-0.3039138,9.8136297,0.012155525916897503,2,-0.013876905049059461,1.5914851845362887,1,5.188899064234377
8.781,0.1317483,-0.3039138,9.833053500000002,0.012425537438963019,2,0.01800076813770041,1.5916695425114578,1,5.212772724687236
8.797,0.059841000000000005,-0.3083283,9.7686999,0.011106441983439908,2,-0.0824434659701944,1.591857798346837,1,5.238240943414102
8.813,0.1122264,-0.34128990000000003,9.7686999,0.00985748072618442,2,-0.0780600785784679,1.5920255097285139,1,5.263712009878705
8.828,0.1122264,-0.315882,9.7821396,0.008945755327472327,2,-0.06078169324747778,1.5921665339989164,1,5.287593450206659
8.844,0.12272310000000002,-0.315882,9.7956774,0.008389332403176297,2,-0.034776432768501814,1.5923052147007615,1,5.313069224196257
8.86,0.12272310000000002,-0.315882,9.7956774,0.007846480769718056,2,-0.033928227091140045,1.5924351012061446,1,5.338547146723512
8.875,0.11821050000000001,-0.2918475,9.7956774,0.0072973424281208565,2,-0.036609222773145246,1.5925486798801285,1,5.362434525081659
8.891,0.11821050000000001,-0.2858634,9.8091171,0.007084930456947802,2,-0.013275748198315883,1.592663738063209,1,5.387916224425206
8.906,0.1122264,-0.2858634,9.830012400000001,0.00738537813566964,2,0.020029845248121774,1.5927722653776535,1,5.411806994451013
8.922,0.0823059,-0.2858634,9.830012400000001,0.007671280313033435,2,0.01786888608523716,1.592892718645243,1,5.437292314323197
8.938,0.0823059,-0.30685680000000004,9.806076000000001,0.007382129552830463,2,-0.018071922512685728,1.5930131459241699,1,5.462779561239753
8.953,0.0478728,-0.30685680000000004,9.806076000000001,0.007094459595545999,2,-0.019177997152299165,1.5931217203427828,1,5.486675572736753
8.969,0.1122264,-0.30685680000000004,9.8285409,0.00737423346043542,2,0.0174858665555888,1.5932374698872307,1,5.512166446258593
8.985,0.11526750000000001,-0.2679111,9.8285409,0.007620280656494671,2,0.015377949753703199,1.5933574260001662,1,5.537659205425692
9.0,0.08377740000000002,-0.33530580000000004,9.845021700000002,0.008304692280715287,2,0.04562744161470597,1.5934768632971952,1,5.561560462595423
9.016,0.08377740000000002,-0.33530580000000004,9.845021700000002,0.008972410938492104,2,0.04173241611105102,1.593615080122949,1,5.587057198142785
9.031,0.0614106,-0.3427614,9.845021700000002,0.009626081981449985,2,0.0435780695305238,1.5937545688198484,1,5.610962470509857
9.047,0.0614106,-0.3023442,9.8016615,0.009174485864024362,2,-0.028224757339101434,1.5939049733626123,1,5.636463746847316
9.063,0.0868185,-0.3023442,9.821085300000002,0.00921209569471948,2,0.002350614418444861,1.5940520660150823,1,5.661967403162338
9.078,0.0643536,-0.34128990000000003,9.821085300000002,0.009275682056125945,2,0.0042390907604313195,1.5941907243482136,1,5.685879224090061
9.094,0.0643536,-0.287433,9.818044200000001,0.00922155403605096,2,-0.0033830012546864877,1.594338702236951,1,5.711387459502743
9.11,0.08377740000000002,-0.287433,9.836094600000001,0.009612367950076361,2,0.024425869626587528,1.59448937361284,1,5.736898084109541
9.125,0.1257642,-0.2858634,9.7821396,0.008688128333332656,2,-0.061615974449578,1.5946266273349656,1,5.76081645411665
9.141,0.113796,-0.33824879999999996,9.7821396,0.007823594137978063,2,-0.05403338720966206,1.594758721114736,1,5.786331536904248
9.156,0.113796,-0.3083283,9.8495343,0.00859889549201398,2,0.051686756935725886,1.594881889786961,1,5.810253841486012
9.172,0.052385400000000006,-0.3083283,9.803133,0.00821149190454662,2,-0.024212724216710037,1.5950163728861335,1,5.835773027587397
9.188,0.0793629,-0.3248091,9.803133,0.007850929868858714,2,-0.02253512723049409,1.5951448722603208,1,5.861294317548569
9.203,0.0793629,-0.2994012,9.7986204,0.007369434469811864,2,-0.032099693269792555,1.5952590249928609,1,5.885222346777966
9.219,0.0703377,-0.2994012,9.8524773,0.008210942065579374,2,0.052594224735469326,1.595383668005144,1,5.91074748832195
9.235,0.0763218,-0.3262806,9.8524773,0.009053816517194946,2,0.052679653225973185,1.5955217860738062,1,5.936274731954581
9.25,0.0763218,-0.2604555,9.783611100000002,0.00814932874870955,2,-0.06029918456569077,1.5956508096633004,1,5.960208526422611
9.266,0.1002582,-0.3039138,9.7866522,0.007376859170243222,2,-0.048279348654145474,1.595775019166652,1,5.98573993305325
9.281,0.0928026,-0.3039138,9.7941078,0.006803185847106263,2,-0.03824488820912911,1.5958813695042822,1,6.009677355968283
9.297,0.1317483,-0.31284090000000003,9.7941078,0.0062612393351138,2,-0.03387165699952896,1.59598588490574,1,6.035212294003563
9.313,0.1317483,-0.3053853,9.851005800000001,0.007113736446731522,2,0.05328106947610762,1.5960928847119948,1,6.060748924160505
9.328,0.053856900000000006,-0.3053853,9.8255979,0.007308155991097465,2,0.01296130295773054,1.5962010489052785,1,6.084691128662633
9.344,0.1078119,-0.30685680000000004,9.8255979,0.007509771956060618,2,0.012600997810197068,1.5963195923288558,1,6.110231293792506
9.36,0.1078119,-0.31284090000000003,9.783611100000002,0.00668758494449051,2,-0.0513866882231317,1.5964331711840603,1,6.135773315900609
9.375,0.09584369999999999,-0.31284090000000003,9.777627,0.005736542763621344,2,-0.063402812057942,1.596526352141871,1,6.1597205123255545
9.391,0.10928340000000002,-0.29783160000000003,9.777627,0.004800707561317452,2,-0.05848970014399319,1.5966106501444706,1,6.185265608343845
9.406,0.10928340000000002,-0.3173535,9.842078700000002,0.005473741530098053,2,0.044868931252038356,1.5966877085126563,1,6.2092153460337745
9.422,0.1212516,-0.2934171,9.8405091,0.006077408922141814,2,0.03772921200273501,1.5967801177162741,1,6.234763088643606
9.438,0.09584369999999999,-0.2934171,9.8151012,0.006040120960481232,2,-0.002330497603786339,1.596877057955335,1,6.26031234604898
9.453,0.09133110000000001,-0.32333760000000006,9.8151012,0.00602560953592679,2,-0.0009674283036295437,1.5969675509340582,1,6.284266180615648
9.469,0.09133110000000001,-0.3427614,9.854046900000002,0.006976795430876592,2,0.05944911843436257,1.5970715701737925,1,6.309818493584511
9.485,0.0763218,-0.3427614,9.759674700000001,0.005601382735564542,2,-0.08596329345700307,1.597172195599124,1,6.335372443710694
9.5,0.0748503,-0.3202965,9.759674700000001,0.004240637611387044,2,-0.09071634161182977,1.5972460107517261,1,6.359330580258327
9.516,0.0748503,-0.29783160000000003,9.843550200000001,0.004940479783572371,2,0.043740135761582935,1.5973194596908857,1,6.3848871040218675
9.531,0.0748503,-0.29783160000000003,9.843550200000001,0.005623252634483933,2,0.04551819006076905,1.5973986876840212,1,6.40884749012718
9.547,0.0733788,-0.3262806,9.8016615,0.005290003786559083,2,-0.020828052995303086,1.5974859937353896,1,6.434406567578535
9.563,0.0733788,-0.35777070000000005,9.8255979,0.005575077525138639,2,0.017817108661222197,1.5975729143858832,1,6.459967038843506
9.578,0.0733788,-0.35777070000000005,9.8255979,0.005853198245704405,2,0.018541381371052594,1.5976586264541646,1,6.483931275399804
9.594,0.11526750000000001,-0.3262806,9.8120601,0.005777633461850229,2,-0.004722798990886008,1.597751673107825,1,6.5094945577963
9.61,0.0718092,-0.3262806,9.806076000000001,0.00554794412714088,2,-0.014355583419334282,1.5978422777285368,1,6.535059309402991
9.625,0.1482291,-0.3338343,9.806076000000001,0.005350952839098255,2,-0.013132752536174502,1.5979240194557836,1,6.559027556631874
9.641,0.1482291,-0.290376,9.866015100000002,0.006586178007928822,2,0.07720157305191037,1.5980195165025597,1,6.584595104919541
9.656,0.0688662,-0.290376,9.8464932,0.007294063916551963,2,0.04719239390820757,1.5981236183169933,1,6.608566178430689
9.672,0.0973152,-0.2829204,9.8464932,0.007985245635968141,2,0.04319885746351111,1.5982458527934136,1,6.634137134199572
9.688,0.0973152,-0.2934171,9.8255979,0.008157668373351967,2,0.01077642108648912,1.598374996105488,1,6.659710100990764
9.703,0.11526750000000001,-0.2934171,9.7971489,0.007637099829418403,2,-0.03470456959557372,1.5984934568670088,1,6.683686614388056
9.719,0.0777933,-0.3143124,9.7971489,0.007136025710353877,2,-0.03131713244153286,1.598611641871327,1,6.709263455177963
9.735,0.0777933,-0.3143124,9.834525,0.007558289523052153,2,0.026391488293642216,1.5987291963931942,1,6.734842181884079
9.75,0.1257642,-0.2679111,9.7971489,0.007037674853350495,2,-0.03470764464677587,1.5988386661260172,1,6.758823940852974
9.766,0.09133110000000001,-0.2679111,9.8196138,0.007068153617225903,2,0.0019049227422129871,1.598951512753782,1,6.784406262284012
9.781,0.0718092,-0.2575125,9.8196138,0.007087152543549635,2,0.0012665950882487676,1.5990576775499876,1,6.808391331211292
9.797,0.08083440000000001,-0.3039138,9.827069400000001,0.007321487752342648,2,0.01464595054956329,1.5991729466723548,1,6.83397717620507
9.813,0.16019730000000001,-0.30685680000000004,9.827069400000001,0.0075760619515214955,2,0.015910887448677954,1.5992921270699856,1,6.859564896795009
9.828,0.16019730000000001,-0.30685680000000004,9.827069400000001,0.00782442702389119,2,0.016557671491314263,1.599407630737301,1,6.883555144978561
9.844,0.16019730000000001,-0.33226469999999997,9.783611100000002,0.007027663591145483,2,-0.0497977145466066,1.5995264474622213,1,6.909146617604157
9.86,0.08534699999999999,-0.33226469999999997,9.7552602,0.005536379913927192,2,-0.09320522982614313,1.599626959810262,1,6.934739844862337
9.875,0.0823059,-0.2889045,9.7552602,0.004047179951369273,2,-0.09927999750385749,1.5996988365092517,1,6.958734788334734
9.891,0.0823059,-0.3218661,9.783611100000002,0.0033105417001397797,2,-0.04603989070184329,1.5997576982824637,1,6.984330440613068
9.906,0.0823059,-0.3262806,9.8120601,0.003288903831002443,2,-0.0014425246091557089,1.5998071941239473,1,7.008327177306117
9.922,0.11673900000000001,-0.3262806,9.806076000000001,0.0031304441992254795,2,-0.009903726986060226,1.5998585489081891,1,7.033924503250374
9.938,0.0823059,-0.3083283,9.806076000000001,0.002953170735237265,2,-0.011079591499263398,1.5999072178276648,1,7.059522629384261
9.953,0.0823059,-0.2889045,9.830012400000001,0.0033493430094129195,2,0.026411484945045766,1.5999544866807496,1,7.083521592168072
9.969,0.08534699999999999,-0.2889045,9.7806681,0.002533532852643461,2,-0.05098813479809112,1.600001549687646,1,7.109121240459019
9.985,0.12272310000000002,-0.2948886,9.7806681,0.0017516659459797523,2,-0.04886668166648174,1.6000358312780352,1,7.134721539506744
10.0,0.12272310000000002,-0.287433,9.831582000000001,0.0022246306821092077,2,0.03153098240862916,1.6000656535027458,1,7.158722300642601
10.016,0.11978010000000001,-0.287433,9.8704296,0.0036322042968901513,2,0.0879733509238089,1.6001125081825778,1,7.184323725936083
10.031,0.0898596,-0.33226469999999997,9.8704296,0.005032007699657726,2,0.09332022685116809,1.6001774897725518,1,7.208325900920747
10.047,0.0898596,-0.2948886,9.8046045,0.0047640216023356885,2,-0.016749131082627308,1.6002558580069677,1,7.2339293677029834
10.063,0.0688662,-0.2963601,9.7672284,0.0035883388553550333,2,-0.07348017168629088,1.6003226768906291,1,7.2595339959821645
10.078,0.113796,-0.2963601,9.8240283,0.003836209610321717,2,0.016524716997780242,1.6003783610041218,1,7.2835392537663735
10.094,0.0793629,-0.3053853,9.8240283,0.0040765208352464555,2,0.015019451557796146,1.6004416628476863,1,7.309145813957188
10.11,0.0793629,-0.2889045,9.831582000000001,0.0044829694945782705,2,0.025403041208238417,1.6005101387703249,1,7.334753428370132
10.125,0.10477080000000001,-0.2889045,9.860031000000001,0.005578845465450399,2,0.07305839805813916,1.6005856023825251,1,7.358761646428779
10.141,0.10182780000000001,-0.3367773,9.860031000000001,0.00668426714922532,2,0.0690888552359325,1.6006837072834426,1,7.3843718009061075
10.156,0.10182780000000001,-0.2918475,9.8120601,0.006558369532461583,2,-0.00839317445091549,1.6007830270585552,1,7.408382801413674
10.188,0.1122264,-0.2918475,9.803133,0.0062206840883707315,2,-0.010552670127839106,1.6009874919164886,1,7.459611129717274
10.203,0.0868185,-0.32333760000000006,9.803133,0.005909032966432193,2,-0.02077674146257092,1.6010784647943996,1,7.4836266243926035
10.219,0.11673900000000001,-0.344331,9.830012400000001,0.006285126505490624,2,0.023505846191151904,1.601176018070175,1,7.50924466025552
10.235,0.0673947,-0.344331,9.845021700000002,0.007006630304928763,2,0.04509398746488365,1.6012823521246584,1,7.534864327217079
10.25,0.0628821,-0.290376,9.845021700000002,0.007667411364963073,2,0.04405207066895233,1.6013924074371826,1,7.5588843879137935
10.266,0.0628821,-0.290376,9.845021700000002,0.008312075813778463,2,0.04029152805096189,1.6015202433346125,1,7.584507689119968
10.281,0.0628821,-0.2738952,9.871999200000001,0.00958722279251667,2,0.08500979858254387,1.6016544880741597,1,7.608531499605534
10.297,0.08829,-0.2738952,9.871999200000001,0.010836011496145659,2,0.07804929397681175,1.601817873948469,1,7.634159278501715
10.313,0.1377324,-0.3143124,9.8285409,0.011038176958537704,2,0.012635341399502831,1.6019928674561064,1,7.6597897644329525
10.328,0.1377324,-0.3143124,9.8285409,0.011235411555993835,2,0.013148973163743105,1.6021599193699654,1,7.683820910334146
10.344,0.1287072,-0.3143124,9.833053500000002,0.011534851454696238,2,0.018714993668900153,1.602342081474051,1,7.709456926340898
10.36,0.0733788,-0.31284090000000003,9.833053500000002,0.01181198489101476,2,0.0173208397699076,1.6025288561648168,1,7.735095893842009
10.375,0.0733788,-0.2843919,9.8046045,0.011367729335626464,2,-0.02961703702588524,1.6027027040215165,1,7.759135130543407
10.391,0.1078119,-0.2934171,9.8136297,0.011168564023625649,2,-0.01244783200005094,1.6028829943683904,1,7.784779816130526
10.406,0.10477080000000001,-0.2934171,9.7971489,0.010571685472632097,2,-0.03979190339956859,1.6030460462396123,1,7.808824283935087
10.422,0.09427410000000001,-0.3262806,9.7971489,0.010012101785937588,2,-0.0349739804184068,1.603210716537681,1,7.834474338037306
10.438,0.09427410000000001,-0.3262806,9.800091900000002,0.009537903891169819,2,-0.02963736842298556,1.6033671165830978,1,7.860126960702272
10.453,0.10182780000000001,-0.3262806,9.8151012,0.00944297236744518,2,-0.006328768248309812,1.6035094731550374,1,7.884178535125306
10.469,0.0688662,-0.3143124,9.8151012,0.009333849207656897,2,-0.006820197486767648,1.6036596877276383,1,7.909835888412368
10.485,0.0688662,-0.3262806,9.8076456,0.00905516914322213,2,-0.01741750402717289,1.6038067998744454,1,7.935495620313184
10.5,0.0658251,-0.3262806,9.855518400000001,0.00994973779512165,2,0.05963791012663233,1.603949336676483,1,7.959553791337317
10.516,0.0973152,-0.3083283,9.855518400000001,0.010814751633580144,2,0.05406336490365588,1.6041154525919126,1,7.985218309651464
10.531,0.0973152,-0.3503151,9.7612443,0.009395075795520569,2,-0.09464505587063476,1.6042670262976308,1,8.009281178243137
10.547,0.10928340000000002,-0.2889045,9.7911648,0.008693504362092597,2,-0.043848214589248216,1.6044117349388918,1,8.034950608333029
10.563,0.0733788,-0.2889045,9.851005800000001,0.009459744496775002,2,0.0478900084176503,1.6045569609297627,1,8.060622357899978
10.578,0.1002582,-0.2724237,9.851005800000001,0.010201623730999643,2,0.049458615614980016,1.604704421191471,1,8.084691818265886
10.594,0.0928026,-0.2889045,9.834525,0.010533294730679543,2,0.020729437479993767,1.6048703005391645,1,8.110368416039732
10.61,0.1062423,-0.3053853,9.834525,0.010872330884369674,2,0.021189759605633168,1.605041545544085,1,8.136047710808398
10.625,0.1062423,-0.32333760000000006,9.783611100000002,0.009976030543525027,2,-0.05975335605630752,1.6051979082547942,1,8.160124506711892
10.641,0.1062423,-0.32333760000000006,9.783611100000002,0.009101591186604807,2,-0.054652459807513716,1.6053505292286352,1,8.185808894211759
10.656,0.0658251,-0.32333760000000006,9.8120601,0.008933300931044386,2,-0.011219350370694344,1.6054857909195175,1,8.20989016661287
10.672,0.0688662,-0.2829204,9.8120601,0.008739185083209478,2,-0.012132240489681746,1.6056271708076315,1,8.235579070306688
10.688,0.1062423,-0.30685680000000004,9.833053500000002,0.009087225873084748,2,0.021752549367204367,1.6057697820952819,1,8.26127024592991
10.703,0.1062423,-0.3487455,9.7851807,0.008293992491559266,2,-0.0528822254350364,1.6059001412330167,1,8.28535777035487
10.719,0.1272357,-0.3487455,9.7911648,0.00767205941410154,2,-0.03887081734110783,1.606027869648262,1,8.311053194441921
10.735,0.1122264,-0.29783160000000003,9.7911648,0.0070198448364440225,2,-0.04076341110359479,1.6061454048822663,1,8.336750580638165
10.75,0.1122264,-0.3098979,9.7895952,0.006354405162511512,2,-0.04436264492883237,1.6062457117572584,1,8.360843514012963
10.766,0.113796,-0.3098979,9.818044200000001,0.006399122394768142,2,0.002794827016039389,1.6063477399777166,1,8.386544261626844
10.781,0.09584369999999999,-0.315882,9.818044200000001,0.006442725642550329,2,0.002906883185479012,1.6064440538379965,1,8.410640200080461
10.797,0.09584369999999999,-0.30685680000000004,9.7971489,0.005968920236723463,2,-0.029612837864179092,1.6065433470050308,1,8.436344099287206
10.813,0.09584369999999999,-0.30685680000000004,9.7971489,0.005506671060306445,2,-0.028890573526063588,1.606635151735407,1,8.462049527277129
10.828,0.08534699999999999,-0.30685680000000004,9.8464932,0.006256217297631039,2,0.049969749154976977,1.6067233733980915,1,8.486149716215628
10.844,0.049442400000000004,-0.2769363,9.7732125,0.005173267410972571,2,-0.06768436791615423,1.6068148092757604,1,8.51185802167702
10.86,0.049442400000000004,-0.3098979,9.8285409,0.0054896380564137814,2,0.019773165340075654,1.6069001125194995,1,8.537567741051381
10.875,0.0868185,-0.3098979,9.8240283,0.005694603815902255,2,0.013664383965897716,1.6069839943335418,1,8.56167187185278
10.891,0.0868185,-0.3098979,9.8240283,0.0058945704105237695,2,0.01249791216384465,1.6070767077273531,1,8.587384357469269
10.906,0.0763218,-0.2918475,9.8240283,0.0060740585916718715,2,0.011965878743206343,1.6071664724448695,1,8.611491181320561
10.922,0.0763218,-0.2948886,9.8255979,0.006289647480615557,2,0.013474305558980314,1.607265382093448,1,8.637206636156868
10.938,0.0643536,-0.2948886,9.740250900000001,0.004417245348603771,2,-0.1170251332507365,1.6073510372360817,1,8.662923567511505
10.953,0.08534699999999999,-0.3083283,9.740250900000001,0.00260458948828024,2,-0.12084372402157846,1.6074037009973583,1,8.687034228048255
10.969,0.08534699999999999,-0.30685680000000004,9.783611100000002,0.0018920153494565994,2,-0.0445358836764775,1.6074396738360601,1,8.712752975046921
10.985,0.0673947,-0.30685680000000004,9.8524773,0.002872209024831207,2,0.061262104710912924,1.6074777876310544,1,8.738472314738658
11.0,0.08829,-0.29783160000000003,9.8524773,0.0038257684185403207,2,0.06357062624727183,1.6075280224618798,1,8.762584858314355
11.016,0.11673900000000001,-0.3427614,9.776155500000002,0.0029386485085272085,2,-0.05544499437581946,1.6075821377972963,1,8.788305739596428
11.031,0.11673900000000001,-0.32333760000000006,9.7956774,0.002532887035753717,2,-0.027050764851565077,1.6076231743138785,1,8.812419779437263
11.047,0.0777933,-0.32333760000000006,9.7986204,0.0021993349887807767,2,-0.02084700293580875,1.6076610320900748,1,8.838142053088495
11.063,0.1302768,-0.30685680000000004,9.7986204,0.001874582750653886,2,-0.020297014882930658,1.6076936234319903,1,8.863864890332671
11.078,0.1302768,-0.31136939999999996,9.8375661,0.002510555698851391,2,0.04239819654650376,1.6077265119703616,1,8.887980541348186
11.094,0.10477080000000001,-0.31136939999999996,9.856989900000002,0.0035970773149411883,2,0.06790760100561227,1.607775373034472,1,8.913704556428225
11.11,0.0898596,-0.33981839999999996,9.856989900000002,0.004676416342650924,2,0.06745868923185844,1.6078415609837327,1,8.939429491900372
11.125,0.0898596,-0.344331,9.839037600000001,0.005295671806196722,2,0.04128369756971831,1.607916351644849,1,8.963547676245087
11.141,0.08083440000000001,-0.344331,9.7926363,0.004766910235201038,2,-0.033047598187230215,1.60799685230118,1,8.989274981876655
11.156,0.08377740000000002,-0.34128990000000003,9.7926363,0.004249053307200157,2,-0.03452379520005746,1.6080644720277482,1,9.013395441809122
11.172,0.145188,-0.3039138,9.7911648,0.003695444756882438,2,-0.03460053439485741,1.6081280280122607,1,9.039124981809442
11.188,0.145188,-0.2918475,9.8136297,0.003694012058165441,2,-8.954366981228637e-05,1.6081871436667812,1,9.064855503182875
11.203,0.0928026,-0.2918475,9.8120601,0.003638865365271471,2,-0.003676446192931652,1.608242140247457,1,9.088978722812229
11.219,0.0733788,-0.3173535,9.8120601,0.003600356021822293,2,-0.002406833965573616,1.6083000540185537,1,9.114711060366357
11.235,0.0898596,-0.3173535,9.774684,0.0026550321353155937,2,-0.05908274290666865,1.6083500971238107,1,9.140444261575496
11.266,0.0718092,-0.2858634,9.774684,0.0017054390669404285,2,-0.03063203446371443,1.6084176844274456,1,9.190304162189541
11.281,0.0718092,-0.2994012,9.848062800000001,0.002577733497370005,2,0.058152962028636235,1.6084498082216778,1,9.214430668384411
11.297,0.0793629,-0.2994012,9.8046045,0.00237073348051986,2,-0.012937501053134058,1.6084893959575008,1,9.240166182017845
11.313,0.0748503,-0.2829204,9.8225568,0.002593652062431673,2,0.013932411369488295,1.6085291110418445,1,9.265902330073839
11.328,0.09133110000000001,-0.3532581,9.8225568,0.0028700562688719344,2,0.018426947096018928,1.6085700888543293,1,9.290030574073059
11.36,0.1257642,-0.287433,9.8091171,0.0027690350842863865,2,-0.003156912018298372,1.60866031431598,1,9.341506260523785
11.375,0.11821050000000001,-0.34580249999999996,9.8091171,0.002714112671016622,2,-0.0036614942179841645,1.6087014379241447,1,9.365636473665587
11.391,0.11821050000000001,-0.3173535,9.8225568,0.002964692398293778,2,0.015661232954822232,1.608746868364699,1,9.391376060115897
11.406,0.0688662,-0.3173535,9.8151012,0.003015961537734313,2,0.003417942629368879,1.6087917232692193,1,9.415507599553152
11.422,0.0928026,-0.3008727,9.8151012,0.0030581329931500534,2,0.0026357159634837735,1.6088403160254663,1,9.44124865586751
11.438,0.0928026,-0.2858634,9.877983300000002,0.004621335091705703,2,0.097700131159728,1.6089017517701452,1,9.466990592409875
11.453,0.11821050000000001,-0.2858634,9.8136297,0.004584200342510059,2,-0.002475649946376479,1.6089707932859019,1,9.491124636497794
11.469,0.1362609,-0.2709522,9.851005800000001,0.005454542719011357,2,0.05439639853133111,1.609051103230394,1,9.516868811669925
11.485,0.0703377,-0.31136939999999996,9.851005800000001,0.006315926895467783,2,0.05383651102852655,1.6091452669873099,1,9.542614382631667
11.5,0.0703377,-0.261927,9.8524773,0.007157104125898428,2,0.05607848202870756,1.60924631471997,1,9.566752319494473
11.516,0.08083440000000001,-0.261927,9.8165727,0.007104346219016122,2,-0.0032973691801441132,1.6093604063227294,1,9.592501173262814
11.531,0.029920500000000003,-0.3008727,9.8165727,0.007073090573614493,2,-0.002083709693441844,1.6094667370986742,1,9.616642376838476
11.547,0.029920500000000003,-0.3622833,9.803133,0.0067655876144812055,2,-0.019218934945830473,1.609577446524179,1,9.642394730307458
11.563,0.029920500000000003,-0.3622833,9.803133,0.0064655847275219,2,-0.01875018043495656,1.609683295902915,1,9.668148816246875
11.578,0.1212516,-0.3622833,9.862974000000001,0.007648498400698145,2,0.07886091154508933,1.6097891515263767,1,9.692294859602592
11.61,0.1377324,-0.3143124,9.8495343,0.00844013107741759,2,0.02473852114748263,1.6100465695980266,1,9.743812231140582
11.625,0.0928026,-0.33824879999999996,9.8375661,0.008927244615103191,2,0.03247423584570555,1.6101768249157205,1,9.767963906599437
11.641,0.0928026,-0.33824879999999996,9.8375661,0.009402477334797155,2,0.02970204498087267,1.6103234626913197,1,9.793727908900294
11.656,0.1122264,-0.3652263,9.8375661,0.009894562126197215,2,0.03280565276000278,1.610468190487277,1,9.817883846299134
11.672,0.1122264,-0.3053853,9.8240283,0.009994920447134348,2,0.006272395058570796,1.6106273063478638,1,9.843652610273816
11.688,0.1332198,-0.3053853,9.7536906,0.00838466302411156,2,-0.10064108893892412,1.6107743430156338,1,9.869423823468724
11.703,0.0928026,-0.35178660000000006,9.7536906,0.006840367745599707,2,-0.1029530185674652,1.6108885307464067,1,9.893586295021937
11.719,0.0928026,-0.2798793,9.7536906,0.005276980158695821,2,-0.09771172418149279,1.610985469529641,1,9.919361287024145
11.735,0.0703377,-0.2798793,9.7417224,0.0034553642533872164,2,-0.11385099408178768,1.6110553282849378,1,9.945137613406661
11.75,0.10182780000000001,-0.2889045,9.7417224,0.0016913849330411068,2,-0.11759862135640285,1.611093928903836,1,9.969303732835579
11.766,0.10182780000000001,-0.33981839999999996,9.8255979,0.002054879199542725,2,0.022718391656351124,1.6111238990168966,1,9.995081475458944
11.781,0.0793629,-0.33981839999999996,9.833053500000002,0.0025861883516089534,2,0.035420610137747215,1.6111587070235303,1,10.019248595004248
11.797,0.09584369999999999,-0.318825,9.7732125,0.0016322837418183411,2,-0.059619038111913214,1.6111924548002776,1,10.045027404298839
11.813,0.04188870000000001,-0.3173535,9.7732125,0.0006912098785569754,2,-0.058817116453835305,1.6112110427492405,1,10.070806632279234
11.828,0.04188870000000001,-0.3202965,9.834525,0.0012700451718874461,2,0.03858901955536783,1.611225752162119,1,10.094974908241067
11.844,0.0614106,-0.3202965,9.836094600000001,0.0018755237139966852,2,0.037842408881827404,1.611250916713206,1,10.12075472159207
11.86,0.10477080000000001,-0.33226469999999997,9.800091900000002,0.0016072781299687477,2,-0.016765349001746074,1.611278779127958,1,10.1465349591588
11.875,0.09584369999999999,-0.33226469999999997,9.839037600000001,0.002292654567330743,2,0.045691762490797955,1.6113080286231876,1,10.170704360216934
11.891,0.09584369999999999,-0.33226469999999997,9.839037600000001,0.0029613145062210577,2,0.041791246180644635,1.611350060375776,1,10.196485624928926
11.906,0.0658251,-0.3262806,9.839037600000001,0.0036027724670759653,2,0.042763864056992215,1.6113992910280757,1,10.220656245064456
11.922,0.0658251,-0.33226469999999997,9.8196138,0.003759996570453339,2,0.00982650646108584,1.611458193180376,1,10.246439104938123
11.938,0.08083440000000001,-0.3487455,9.7567317,0.002397362973699302,2,-0.08516459979712725,1.6115074520567292,1,10.27222283010002
11.953,0.09878670000000002,-0.3487455,9.818044200000001,0.002566394468056288,2,0.011268766290466636,1.6115446802375424,1,10.296395721092225
11.969,0.12272310000000002,-0.2963601,9.818044200000001,0.002695934477971562,2,0.008096250619704641,1.6115867788691105,1,10.322180772765078
12.0,0.12272310000000002,-0.2649681,9.788123700000002,0.0020709933568276995,2,-0.020159391004640353,1.61166066625055,1,10.372141108164433
12.016,0.10477080000000001,-0.2484873,9.788123700000002,0.0014456697121971729,2,-0.03908272778940788,1.6116887995551021,1,10.397927903890878
12.031,0.10477080000000001,-0.261927,9.821085300000002,0.001647750074168286,2,0.01347202413140703,1.6117120002035,1,10.422103409889068
12.047,0.0823059,-0.261927,9.856989900000002,0.002715066381313136,2,0.06670726919655307,1.6117469027351439,1,10.447891081112578
12.063,0.1332198,-0.3248091,9.856989900000002,0.0038155434503561736,2,0.0687798168151898,1.6117991476137972,1,10.47367944951537
12.078,0.1332198,-0.3202965,9.836094600000001,0.004376254757207931,2,0.037380753790120194,1.6118605861003539,1,10.497856897518224
12.094,0.12272310000000002,-0.29783160000000003,9.7627158,0.0031139939795323812,2,-0.07889129860472181,1.611920508090248,1,10.523647146271749
12.11,0.09878670000000002,-0.29783160000000003,9.788123700000002,0.0024952862259564057,2,-0.038669234598498435,1.6119653823318918,1,10.549438233395126
12.125,0.0643536,-0.3202965,9.788123700000002,0.0019019655247412004,2,-0.03955471341434552,1.611998361720022,1,10.573617961475517
12.141,0.0643536,-0.33824879999999996,9.8644455,0.0031982026088677173,2,0.08101481775790724,1.6120391630650908,1,10.599410261673798
12.156,0.0643536,-0.33824879999999996,9.8644455,0.004462824154357392,2,0.08430810303264179,1.612096620765815,1,10.62359128005253
12.172,0.11821050000000001,-0.3143124,9.806076000000001,0.004266633196289504,2,-0.012261934879242976,1.61216645642462,1,10.649385384670053
12.188,0.11821050000000001,-0.2918475,9.8151012,0.004278315343967165,2,0.0007301342298537954,1.612234816012942,1,10.675180594849554
12.203,0.11821050000000001,-0.2918475,9.8151012,0.004289712561213577,2,0.0007598144830941697,1.612299076222231,1,10.699364599041315
12.219,0.056898,-0.2918475,9.752219100000001,0.002754496608870838,2,-0.0959509970214211,1.6123554298955916,1,10.725161835090258
12.235,0.0478728,-0.3143124,9.752219100000001,0.0012725630403362942,2,-0.09262084803340889,1.6123876463727853,1,10.750959779700406
12.25,0.0478728,-0.315882,9.851005800000001,0.0022361631850564834,2,0.06424000964801017,1.6124139618194757,1,10.77514579176185
12.266,0.08829,-0.3039138,9.776155500000002,0.0013492235489565019,2,-0.055433727256248795,1.6124426449133478,1,10.800944644615711
12.281,0.0928026,-0.3039138,9.8120601,0.0013601968478269555,2,0.0007315532580302135,1.6124629655663236,1,10.82513143669431
12.297,0.10182780000000001,-0.2963601,9.8136297,0.0014057153755491214,2,0.002844907982635367,1.6124850928641106,1,10.850931021161754
12.328,0.09133110000000001,-0.2963601,9.7941078,0.0009716995366826353,2,-0.014000510931177509,1.6125219427952502,1,10.900918630214472
12.344,0.1078119,-0.315882,9.7672284,-8.798571055557147e-05,2,-0.06623032795238787,1.6125290125058591,1,10.92671903785688
12.36,0.1406754,-0.315882,9.8495343,0.0008945795211516838,2,0.0614103269817034,1.612535465256344,1,10.952519553678979
12.375,0.0973152,-0.3008727,9.8495343,0.0018289551164603068,2,0.06229170635390584,1.612555891766126,1,10.976707738856648
12.391,0.0973152,-0.3008727,9.8495343,0.0027405410631029525,2,0.05697412166516531,1.6125924477355624,1,11.002508925572661
12.406,0.0973152,-0.30685680000000004,9.806076000000001,0.0025750032620646124,2,-0.011035853402555591,1.6126323143180012,1,11.026698111288063
12.422,0.0733788,-0.3173535,9.7656588,0.0014313287874188063,2,-0.07147965466536281,1.612664364974397,1,11.052500484722403
12.438,0.09133110000000001,-0.3173535,9.7791966,0.0006492411426588518,2,-0.048880477797497116,1.6126810095338378,1,11.078303247718468
12.453,0.0973152,-0.3202965,9.7791966,-0.00011002537933002543,2,-0.05061776813259589,1.6126850536520627,1,11.10249349319236
12.469,0.0973152,-0.2754648,9.7851807,-0.0007381747989239074,2,-0.039259338724617586,1.6126782680506366,1,11.128296399765983
12.485,0.1212516,-0.2754648,9.8375661,-6.739434994074145e-05,2,0.041923778061447835,1.6126718234974458,1,11.154099200498367
12.5,0.0389457,-0.3262806,9.8375661,0.0006085757409532988,2,0.04506467272626764,1.6126758823578784,1,11.178289308292282
12.516,0.0389457,-0.3098979,9.7941078,0.00019572325196826057,2,-0.025803280561564865,1.6126823167498219,1,11.204092173885144
12.531,0.059841000000000005,-0.3098979,9.800091900000002,-5.8612798072843475e-05,2,-0.016955736669406293,1.612683345078226,1,11.228282416348856
12.547,0.0898596,-0.3262806,9.800091900000002,-0.00028819441457805794,2,-0.014348851031575892,1.612680570620525,1,11.254085327674446
12.563,0.0898596,-0.31284090000000003,9.8120601,-0.00023111250752982926,2,0.00356761919051429,1.6126764161651481,1,11.279888183568731
12.578,0.0777933,-0.3039138,9.8105886,-0.0002206470933163729,2,0.0006976942808971476,1.6126730279681418,1,11.304078304399729
12.594,0.0868185,-0.3039138,9.8495343,0.0007408133454571697,2,0.060091277423346356,1.6126771892981588,1,11.32988110613786
12.61,0.08829,-0.2394621,9.8495343,0.0016357992682660694,2,0.05593662017555618,1.6126962021990687,1,11.355684093269838
12.625,0.08829,-0.3248091,9.8240283,0.0019468226849443937,2,0.020734894445220836,1.6127230718637178,1,11.37987473782531
12.641,0.0628821,-0.3248091,9.8584614,0.003084852445562447,2,0.07112686003862827,1.6127633252647617,1,11.405678629002336
12.656,0.142245,-0.29783160000000003,9.8584614,0.004194485203058207,2,0.07397551716638119,1.6128179202971265,1,11.42987048834405
12.672,0.142245,-0.3173535,9.7911648,0.0036515479447434274,2,-0.033933578644673695,1.6128806885623088,1,11.455676077214926
12.688,0.1212516,-0.3173535,9.7986204,0.0032967020767440403,2,-0.022177866749961674,1.6129362745624807,1,11.481482612919924
12.703,0.0688662,-0.3218661,9.7986204,0.002941710921525953,2,-0.02366607701454106,1.6129830626599677,1,11.50567700794909
12.719,0.0658251,-0.3008727,9.8076456,0.002798624601441091,2,-0.008942895005303866,1.6130289853441515,1,11.531485104333123
12.735,0.0658251,-0.2918475,9.7821396,0.0020305721807041266,2,-0.04800327629606023,1.6130676189184088,1,11.557293877167224
12.75,0.08377740000000002,-0.2918475,9.821085300000002,0.0022340390282842293,2,0.013564456505339665,1.6130996035024763,1,11.581490131335382
12.766,0.09427410000000001,-0.2918475,9.821085300000002,0.00243486288278838,2,0.012551490906509411,1.6131369547177647,1,11.607300023801145
12.781,0.09427410000000001,-0.30685680000000004,9.834525,0.0029695640700602155,2,0.035646745818121016,1.6131774879199112,1,11.631497382120928
12.797,0.11673900000000001,-0.30685680000000004,9.848062800000001,0.003827105451936319,2,0.05359633636725642,1.6132318612760872,1,11.657308656914497
12.813,0.0658251,-0.36973890000000004,9.848062800000001,0.004704880054736904,2,0.05486091267503652,1.6133001171601407,1,11.683120912741986
12.828,0.0658251,-0.3562992,9.8764137,0.006240189897850357,2,0.10235398954090509,1.613382205184785,1,11.707321030159571
12.844,0.0823059,-0.3562992,9.836094600000001,0.006758349038545219,2,0.03238494629342889,1.613486193496276,1,11.73313597734902
12.86,0.053856900000000006,-0.287433,9.836094600000001,0.007204137689246437,2,0.02786179066882608,1.6135978933900985,1,11.758952650044112
12.875,0.053856900000000006,-0.287433,9.836094600000001,0.007639053446029109,2,0.028994383785510384,1.6137092173236132,1,11.783157453374466
12.891,0.1482291,-0.31284090000000003,9.7895952,0.006972467138062655,2,-0.04166164424790338,1.613826109488286,1,11.808977735988961
12.906,0.0614106,-0.31284090000000003,9.7791966,0.006045989351642689,2,-0.061765185761328716,1.6139237479119588,1,11.833185859919464
12.922,0.10477080000000001,-0.29783160000000003,9.7791966,0.005139665522166936,2,-0.056645239342234484,1.6140132331509494,1,11.859009355767967
12.938,0.10477080000000001,-0.29783160000000003,9.7791966,0.004255447151946257,2,-0.05526364813879243,1.6140883940523423,1,11.884834168785593
12.953,0.10477080000000001,-0.3098979,9.855518400000001,0.005262409525805367,2,0.0671308249239461,1.6141597779774255,1,11.909046030075814
12.969,0.1302768,-0.3098979,9.8644455,0.006469833660375457,2,0.07546400841063054,1.614253635922915,1,11.934873337387016
12.985,0.1287072,-0.36071369999999997,9.8644455,0.007689407343805854,2,0.07622335521439975,1.6143669098509483,1,11.960702301753207
13.0,0.1287072,-0.2814489,9.8196138,0.007723431325858954,2,0.002268265470206557,1.6144825061409709,1,11.984918672373148
13.016,0.0464013,-0.2814489,9.860031000000001,0.008724106033529466,2,0.06254216922940697,1.614614086439846,1,12.010751445113794
13.031,0.1362609,-0.2934171,9.827069400000001,0.008925663294077069,2,0.013437150703172982,1.614746459709803,1,12.034971649209917
13.047,0.1362609,-0.3023442,9.7851807,0.008107809014392231,2,-0.0511158924803023,1.6148827274882707,1,12.060808682707501
13.063,0.11821050000000001,-0.3023442,9.862974000000001,0.009200543514609194,2,0.06829590626356014,1.6150211943085027,1,12.086647914081874
13.078,0.11821050000000001,-0.3023442,9.862974000000001,0.010266625953844866,2,0.07107216261571717,1.6151671980795161,1,12.110874327024783
13.094,0.059841000000000005,-0.315882,9.862974000000001,0.011304205937110012,2,0.06484874895407161,1.6153397647346437,1,12.136718382727297
13.11,0.059841000000000005,-0.2994012,9.800091900000002,0.010770976628529993,2,-0.03332683178625115,1.6155163661951688,1,12.162565231774735
13.125,0.0688662,-0.2994012,9.836094600000001,0.011129882751356845,2,0.02392707485512256,1.615680622640518,1,12.186799209191005
13.141,0.056898,-0.344331,9.836094600000001,0.011514009343374099,2,0.024007912001078303,1.6158617737772758,1,12.212651548362347
13.156,0.056898,-0.3008727,9.752219100000001,0.009809277261675575,2,-0.11364880544656392,1.6160216984268136,1,12.23689067440388
13.172,0.09133110000000001,-0.3008727,9.8794548,0.011254222058513008,2,0.09030904980233947,1.6161902064213751,1,12.262748369642665
13.188,0.0763218,-0.31284090000000003,9.8794548,0.01266988171197525,2,0.08847872834139006,1.6163815992515391,1,12.288608944088049
13.203,0.050913900000000005,-0.2814489,9.8704296,0.0138039720690184,2,0.07560602380288271,1.6165801531548967,1,12.312856157231096
13.219,0.050913900000000005,-0.2963601,9.7851807,0.012842773159576382,2,-0.06007493184012608,1.6167933271167254,1,12.338723145073269
13.235,0.09133110000000001,-0.2963601,9.862974000000001,0.01380863262263965,2,0.06036621644145418,1.6170065383629832,1,12.364593543997106
13.25,0.08377740000000002,-0.3023442,9.862974000000001,0.01475372751610493,2,0.06300632623101637,1.617220756064024,1,12.38885024870531
13.266,0.08377740000000002,-0.3307932,9.842078700000002,0.01518869413836832,2,0.02718541389146176,1.6174602954372597,1,12.414727697117321
13.281,0.11526750000000001,-0.3307932,9.833053500000002,0.015400826107354604,2,0.014142131265751756,1.6176897168391027,1,12.438991322209395
13.297,0.0373761,-0.2798793,9.833053500000002,0.015554505806360197,2,0.009604981187849573,1.6179373594944124,1,12.464876338820064
13.313,0.0373761,-0.2709522,9.8091171,0.015114752746539395,2,-0.02748456623880011,1.6181827135628357,1,12.490765299404522
13.328,0.09427410000000001,-0.2709522,9.7986204,0.014439126721839557,2,-0.04504173497999283,1.6184043676588484,1,12.515039702513683
13.344,0.1437165,-0.3023442,9.771642900000002,0.013159400794561904,2,-0.07998287045485324,1.6186251558789797,1,12.540935938701985
13.36,0.145188,-0.2754648,9.771642900000002,0.011892045498038684,2,-0.07920970603270121,1.6188255674493206,1,12.566835544488612
13.375,0.145188,-0.31136939999999996,9.8076456,0.011559456576810234,2,-0.022172594748562452,1.619001453714882,1,12.591119247147343
13.391,0.1317483,-0.31136939999999996,9.783611100000002,0.010644495939732934,2,-0.0571850398173312,1.6191790853350143,1,12.617024691459743
13.406,0.1078119,-0.33981839999999996,9.783611100000002,0.009767785698148401,2,-0.05844734943896664,1.6193321774472984,1,12.641313525930611
13.422,0.1078119,-0.3487455,9.7941078,0.0091759546729282,2,-0.036989439076262585,1.619483727370267,1,12.667224053169152
13.438,0.058369500000000005,-0.3487455,9.8405091,0.00971934042784639,2,0.0339616096823869,1.619634889731073,1,12.693137002105962
13.453,0.0868185,-0.3367773,9.8405091,0.010244427232750652,2,0.03500578699362031,1.6197846179885276,1,12.717432648413856
13.469,0.0868185,-0.34128990000000003,9.8375661,0.010688762090985904,2,0.027770928639703183,1.6199520835031174,1,12.743350542025789
13.485,0.059841000000000005,-0.34128990000000003,9.843550200000001,0.011263221191050832,2,0.03590369375405796,1.6201276993693736,1,12.769271180288769
13.5,0.0793629,-0.3083283,9.845021700000002,0.011836392752545777,2,0.03821143743299489,1.6203009464739506,1,12.793574395132595
13.516,0.0793629,-0.3083283,9.845021700000002,0.012395584519858005,2,0.034949485457014234,1.62049480229213,1,12.819500761122724
13.531,0.1257642,-0.3202965,9.845021700000002,0.012962235187860216,2,0.03777671120014597,1.620684985939938,1,12.843809609534466
13.547,0.1257642,-0.3307932,9.8285409,0.013121814651077202,2,0.00997371645106159,1.6208936583386495,1,12.869742238688694
13.563,0.0614106,-0.3307932,9.800091900000002,0.012569094722620022,2,-0.03454499552857368,1.6210991856136392,1,12.895678181440312
13.578,0.053856900000000006,-0.3367773,9.800091900000002,0.012033741057292602,2,-0.03569024435516424,1.6212837068819885,1,12.919996053134026
13.594,0.053856900000000006,-0.3218661,9.8016615,0.011537492259881432,2,-0.03101554983819807,1.621472276748526,1,12.94593810100307
13.61,0.0434583,-0.3218661,9.8255979,0.011635583905448499,2,0.006130727847941659,1.6216576613578486,1,12.971883140507922
13.625,0.09878670000000002,-0.3248091,9.8255979,0.01174340642198679,2,0.007188167769219179,1.6218330037853044,1,12.996209320496497
13.641,0.09878670000000002,-0.3532581,9.8151012,0.011616687340115561,2,-0.00791994261695183,1.6220198845354012,1,13.022160143603063
13.656,0.1078119,-0.3532581,9.8091171,0.011349523702945064,2,-0.017810909144699173,1.6221921311182241,1,13.046491733720467
13.672,0.13469129999999999,-0.3098979,9.743193900000001,0.009454325845107192,2,-0.11844986611486685,1.6223585619146086,1,13.07244813926473
13.688,0.11821050000000001,-0.2889045,9.743193900000001,0.007584412628046877,2,-0.11686957606626959,1.6224948718223937,1,13.098406966734625
13.703,0.11821050000000001,-0.2963601,9.7941078,0.007006706357641335,2,-0.0385137513603726,1.6226043052147863,1,13.122745210562403
13.719,0.11673900000000001,-0.2963601,9.723770100000001,0.004728019655383164,2,-0.1424179188911355,1.6226981830228904,1,13.148707630468305
13.735,0.0973152,-0.315882,9.723770100000001,0.0025146806061790983,2,-0.13833369057525402,1.6227561246249829,1,13.174671264929488
13.75,0.0973152,-0.2889045,9.695321100000001,-0.0003586622616040813,2,-0.19155619118553804,1.6227722947625671,1,13.199012728074896
13.766,0.1062423,-0.2889045,9.7536906,-0.0017367053862624715,2,-0.0861276952911493,1.6227555318213842,1,13.224976950687568
13.781,0.029920500000000003,-0.2724237,9.7536906,-0.003105686966339505,2,-0.09126543867179876,1.6227192138787396,1,13.24931801128032
13.797,0.029920500000000003,-0.2709522,9.764187300000001,-0.004186360827613811,2,-0.06754211632964408,1.622660877496388,1,13.275281052011321
13.813,0.09878670000000002,-0.2709522,9.7297542,-0.006069075386443856,2,-0.11766965992687772,1.6225788340066756,1,13.301242969703345
13.828,0.10928340000000002,-0.34128990000000003,9.7297542,-0.007849188917306904,2,-0.11867423539087942,1.6224744470243975,1,13.325580869311077
13.844,0.10477080000000001,-0.2798793,9.7297542,-0.009634879645986416,2,-0.1116056705424694,1.622334574475891,1,13.351539341483079
13.86,0.10477080000000001,-0.3143124,9.6399927,-0.013539411257337264,2,-0.24403322570942776,1.6221491801486645,1,13.377495211520076
13.875,0.09427410000000001,-0.3143124,9.7417224,-0.014871561038733105,2,-0.08880998542638607,1.6219360978564439,1,13.401825851105116
13.891,0.09878670000000002,-0.2918475,9.7417224,-0.016187167007156944,2,-0.08222537302648984,1.6216876280320767,1,13.427774840912225
13.906,0.09878670000000002,-0.3098979,9.6563754,-0.019537559570967034,2,-0.2233595042539975,1.6214196925827407,1,13.452098145816837
13.922,0.09427410000000001,-0.3098979,9.7103304,-0.021492094933572403,2,-0.12215846016283549,1.6210914553467044,1,13.478038235000273
13.938,0.09133110000000001,-0.29783160000000003,9.7103304,-0.02340884893163775,2,-0.119797124879084,1.6207322477957826,1,13.503972824625412
13.953,0.09133110000000001,-0.3307932,9.5860377,-0.02828245836910881,2,-0.3249072958314302,1.6203445629910271,1,13.528280900706312
13.969,0.0777933,-0.3307932,9.6204708,-0.032200803771559094,2,-0.2448965876531426,1.6198606968939018,1,13.554202542785392
13.985,0.09878670000000002,-0.33226469999999997,9.5830947,-0.03692866636020575,2,-0.2954914117904159,1.6193076611328476,1,13.580115889649607
14.0,0.0673947,-0.36071369999999997,9.5830947,-0.04152277863264686,2,-0.3062741514960623,1.6187192752954012,1,13.60440109167282
14.016,0.0673947,-0.3143124,9.5876073,-0.04593467144365526,2,-0.2757433006880248,1.6180196156947908,1,13.630295002800741
14.031,0.1002582,-0.3143124,9.5307093,-0.051618883362930745,2,-0.3789474612850179,1.6172879640337414,1,13.654559809648706
14.047,0.1002582,-0.3202965,9.5307093,-0.05715959971362672,2,-0.346294771918498,1.616417736169129,1,13.68042945525033
14.063,0.1002582,-0.3278502,9.5876073,-0.06117205157176464,2,-0.2507782411336199,1.615471082958846,1,13.706284565803355
14.078,0.0793629,-0.3278502,9.4947066,-0.0673558656969746,3,-0.4122542750140307,1.6145071235793305,1,13.73050940235239
14.094,0.0823059,-0.3023442,9.4947066,-0.07340887752277858,3,-0.3783132391127483,1.6133810056335725,1,13.756332507386093
14.11,0.0823059,-0.2784078,9.577110600000001,-0.07732317781685794,3,-0.24464376837995938,1.6121751491908554,1,13.782136956624688
14.125,0.049442400000000004,-0.3008727,9.4827384,-0.08343153886764831,3,-0.40722407005267647,1.6109694888157216,1,13.806310541409738
14.141,0.1257642,-0.3008727,9.5007888,-0.08893373400947624,3,-0.34388719636424503,1.6095905666327046,1,13.832075021853326
14.156,0.09427410000000001,-0.2934171,9.5007888,-0.09431630249662604,3,-0.3588378991433062,1.6082161913589088,1,13.856208572538264
14.172,0.09427410000000001,-0.2738952,9.4199544,-0.10155244474695202,3,-0.45225889064537356,1.60664924138096,1,13.881927496000184
14.188,0.0673947,-0.2738952,9.4618431,-0.10759649899538104,3,-0.37775339052681345,1.6049760498310215,1,13.90762049832988
14.203,0.1287072,-0.2604555,9.4618431,-0.11348689943466894,3,-0.39269336261922505,1.6033179243427962,1,13.931682703136183
14.219,0.1287072,-0.2754648,9.4393782,-0.1197709102975022,3,-0.39275067892707816,1.6014518618649387,1,13.957320861425844
14.235,0.1078119,-0.2754648,9.4319226,-0.12608978893863387,3,-0.3949299150707294,1.5994849762710497,1,13.982928356130932
14.25,0.1078119,-0.2754648,9.4319226,-0.13225454858851826,3,-0.41098397665894365,1.5975473937395959,1,14.006906098906013
14.266,0.08534699999999999,-0.3262806,9.4319226,-0.13823504153210742,3,-0.37378080897432187,1.5953834770186308,1,14.03244954587208
14.281,0.08534699999999999,-0.3173535,9.3645279,-0.14571986240899903,3,-0.4989880584594223,1.5932538152390725,1,14.056364325564013
14.297,0.0703377,-0.2858634,9.4034736,-0.1521004633155698,3,-0.3987875566606732,1.590871252633276,1,14.081837326106992
14.313,0.08829,-0.2858634,9.3286233,-0.16014643483235247,3,-0.5028732197989156,1.5883732774480925,1,14.107271282347643
14.328,0.1377324,-0.3307932,9.3286233,-0.16794536612513333,3,-0.5199287528520995,1.5859125889409116,1,14.131078426345558
14.344,0.1377324,-0.318825,9.3315663,-0.1754925052978269,3,-0.4716961982933472,1.5831650859695279,1,14.156431047744842
14.36,0.12272310000000002,-0.318825,9.286734599999999,-0.1839533938327058,3,-0.528805533429932,1.5802895187764836,1,14.181738684582811
14.375,0.0928026,-0.3083283,9.286734599999999,-0.1922250212024732,3,-0.5514418246511382,1.5774681806637196,1,14.205421867328614
14.391,0.0928026,-0.33530580000000004,9.3166551,-0.19954285651978942,3,-0.4573647073322636,1.5743340376419415,1,14.23063628507506
14.406,0.0554265,-0.33530580000000004,9.2597571,-0.2080762830773999,3,-0.5688951038406763,1.5712768940949624,1,14.254228367063087
14.422,0.031392,-0.34580249999999996,9.2597571,-0.2163949142105075,3,-0.5199144458192246,1.567881124516659,1,14.27934163121198
14.438,0.031392,-0.3218661,9.2657412,-0.22438582109460725,3,-0.4994316802562344,1.564354878634218,1,14.304399519237187
14.453,0.1287072,-0.33824879999999996,9.304686900000002,-0.23119793797915733,3,-0.4541411256367085,1.560938000441165,1,14.32783921583025
14.469,0.1406754,-0.33824879999999996,9.252301500000002,-0.23911638133233737,3,-0.49490270957375193,1.557175485886673,1,14.352784123720873
14.485,0.0898596,-0.3262806,9.252301500000002,-0.24686759683971893,3,-0.484450969211347,1.5532876140612966,1,14.377667828520456
14.5,0.0898596,-0.2709522,9.235820700000001,-0.2548750666112518,3,-0.5338313181021719,1.5495245440854142,1,14.400938919706558
14.516,0.08534699999999999,-0.2709522,9.162441900000001,-0.26447714978136716,3,-0.6001301981322088,1.5453697263542732,1,14.425698073870075
14.531,0.10477080000000001,-0.29783160000000003,9.162441900000001,-0.2738197853303479,3,-0.6228423699320256,1.5413324993409352,1,14.44884834056279
14.547,0.10477080000000001,-0.32333760000000006,9.1863783,-0.2823300632207406,3,-0.5318923681495442,1.5368833005525264,1,14.473474066961938
14.563,0.08534699999999999,-0.32333760000000006,9.165483,-0.2911469756940406,3,-0.5510570295812474,1.5322954842412082,1,14.498027497240288
14.578,0.11526750000000001,-0.31136939999999996,9.165483,-0.29975096076901586,3,-0.5735990049983984,1.5278637497177356,1,14.520978691494978
14.594,0.11526750000000001,-0.315882,9.2013876,-0.3072661933841907,3,-0.46970203844842695,1.52300761248451,1,14.545385662392595
14.61,0.0688662,-0.2784078,9.0741519,-0.3177407267189203,3,-0.6546583334205985,1.518007557123685,1,14.569713783749462
14.625,0.10477080000000001,-0.2784078,9.1430181,-0.32627264095717656,3,-0.568794282550397,1.5131774568661143,1,14.592447671354387
14.641,0.0928026,-0.31136939999999996,9.1430181,-0.3345736974535427,3,-0.5188160310228835,1.5078906861588286,1,14.616616216498587
14.656,0.0928026,-0.290376,9.1040724,-0.34363849417992753,3,-0.6043197817589656,1.5028040947215773,1,14.639196427355191
14.672,0.1272357,-0.290376,9.083079,-0.35298377844243767,3,-0.5840802664068828,1.4972311165405983,1,14.66319670904529
14.688,0.0898596,-0.3817071,9.083079,-0.3620296654287909,3,-0.565367936647076,1.4915110089896284,1,14.68710664604953
14.703,0.0898596,-0.33530580000000004,9.1325214,-0.3696945161260956,3,-0.5109900464870222,1.4860230776279673,1,14.70943815169916
14.719,0.10182780000000001,-0.33530580000000004,9.1190817,-0.377496914132216,3,-0.4876498753825227,1.4800455461859008,1,14.73316670068967
14.735,0.059841000000000005,-0.36669779999999996,9.1190817,-0.3850886324861307,3,-0.47448239711966833,1.473944861812954,1,14.756798623953662
14.75,0.0928026,-0.315882,9.1339929,-0.39217136371180317,3,-0.4721820817114814,1.4681154118414692,1,14.778864076006071
14.766,0.0928026,-0.3218661,9.1294803,-0.3991862428535331,3,-0.43842994635812055,1.4617845509889464,1,14.802303275708715
14.781,0.11978010000000001,-0.3218661,9.108585,-0.4065316523659597,3,-0.48969396749508615,1.4557416667748,1,14.824184722341943
14.797,0.1302768,-0.315882,9.108585,-0.41369949977563536,3,-0.44799046310473006,1.4491798175576671,1,14.847424094216603
14.813,0.1302768,-0.2649681,9.1220247,-0.4204044661765245,3,-0.4190604000555705,1.4425069858300499,1,14.870557588643704
14.828,0.08377740000000002,-0.2649681,9.1250658,-0.42688505802332344,3,-0.4320394564532977,1.4361523143985515,1,14.892147533395416
14.844,0.0688662,-0.3053853,9.1250658,-0.4331798353457028,3,-0.3934235826487106,1.4292717952515992,1,14.915070926272618
14.86,0.0688662,-0.3143124,9.1594989,-0.43847438062262434,3,-0.33090907980759504,1.4222985615238526,1,14.937883489126822
14.875,0.0658251,-0.3143124,9.1519452,-0.4438244590399414,3,-0.35667189448778985,1.4156813202263832,1,14.95916833823995
14.891,0.0658251,-0.3143124,9.1519452,-0.44904404773976303,3,-0.32622429373885237,1.4085383721721456,1,14.981762095779137
14.906,0.08083440000000001,-0.2963601,9.1534167,-0.45411212761485586,3,-0.3378719916728428,1.4017647008569858,1,15.002839368826857
14.922,0.08083440000000001,-0.2829204,9.1160406,-0.45997810227183145,3,-0.3666234160609735,1.3944519790178922,1,15.025209102265856
14.938,0.1287072,-0.2829204,9.0875916,-0.4663810659934242,3,-0.40018523259954775,1.3870411056717702,1,15.047461046943374
14.953,0.1287072,-0.2829204,9.0875916,-0.47262785986814926,3,-0.41645292498170305,1.3799985387278089,1,15.06821384427637
14.969,0.0868185,-0.2889045,9.0875916,-0.47872981195073727,3,-0.3813720051617505,1.3723876773532577,1,15.090232934005018
14.985,0.0868185,-0.29783160000000003,9.157929300000001,-0.48296134839277194,3,-0.26447102762716646,1.3646941480705097,1,15.112129588608408
15.0,0.08829,-0.29783160000000003,9.1026009,-0.4884380264698862,3,-0.3651118718076043,1.3574086527590394,1,15.13254535961463
15.016,0.1078119,-0.3427614,9.1026009,-0.4937374678122026,3,-0.33121508389477555,1.3495512488047827,1,15.154201038827141
15.031,0.1078119,-0.2843919,9.139977,-0.4980455592656785,3,-0.2872060968983812,1.3421128761016983,1,15.17438851976394
15.047,0.0658251,-0.2843919,9.1609704,-0.5017465237327023,3,-0.23131027918898964,1.3341145394377112,1,15.195798339088256
15.063,0.10182780000000001,-0.33530580000000004,9.1609704,-0.5053072155336462,3,-0.22254323755899177,1.3260581095235804,1,15.217079720279946
15.078,0.11821050000000001,-0.315882,9.165483,-0.5086831028228858,3,-0.22505915261598766,1.3184531821359071,1,15.23691355496739
15.094,0.11821050000000001,-0.290376,9.1729386,-0.5118154752918826,3,-0.19577327931230554,1.310289193510989,1,15.257943493972565
15.11,0.08829,-0.290376,9.1534167,-0.5153555409712975,3,-0.2212541049634307,1.3020718253808836,1,15.2788423821237
15.125,0.1212516,-0.35777070000000005,9.1534167,-0.5187419115902685,3,-0.22575804126472193,1.2943160944866716,1,15.298315291522709
15.141,0.1212516,-0.3218661,9.1923624,-0.5211289454146542,3,-0.14918961402410322,1.2859971276306323,1,15.318957797299648
15.156,0.0823059,-0.3218661,9.2103147,-0.523030693278848,3,-0.12678319094625098,1.2781659303404307,1,15.33818902023443
15.172,0.059841000000000005,-0.290376,9.2103147,-0.5249157953947474,3,-0.11781888224371417,1.269782358431042,1,15.358572606544604
15.188,0.059841000000000005,-0.33824879999999996,9.1729386,-0.5276260731771316,3,-0.16939236139901212,1.261362023482467,1,15.378821761599912
15.203,0.0554265,-0.33824879999999996,9.1894194,-0.5298692317460834,3,-0.14954390459679484,1.2534308086955435,1,15.397682707841247
15.219,0.0868185,-0.315882,9.1894194,-0.5320711605669448,3,-0.13762055130384077,1.2449352855570393,1,15.417669636595267
15.235,0.0973152,-0.3008727,9.1130976,-0.536089494692332,3,-0.2511458828367006,1.236390000314965,1,15.437520238882243
15.25,0.0973152,-0.3143124,9.1444896,-0.539233601837326,3,-0.20960714299959365,1.2283250770909924,1,15.456005601962788
15.266,0.0823059,-0.3143124,9.1160406,-0.5429980556357048,3,-0.23527836239867184,1.219667223831208,1,15.475589540370166
15.281,0.0688662,-0.2889045,9.1160406,-0.5466939011354697,3,-0.24638969998431542,1.211494534155424,1,15.493823253555066
15.297,0.0688662,-0.3248091,9.1594989,-0.5492108843062589,3,-0.15731144817432416,1.2027272958718902,1,15.513137028195285
15.313,0.09878670000000002,-0.3248091,9.1729386,-0.5513322304376693,3,-0.13258413321315377,1.1939229509539389,1,15.532310230169891
15.328,0.0703377,-0.3338343,9.1729386,-0.5534003312107796,3,-0.13787338487402842,1.1856374567415762,1,15.550156933227607
15.344,0.0703377,-0.3338343,9.1175121,-0.5567689166501175,3,-0.2105365899586207,1.176756102758689,1,15.569056081703609
15.36,0.09133110000000001,-0.3338343,9.166954500000001,-0.5588457561119178,3,-0.12980246636251624,1.1678311853765928,1,15.587812780008692
15.375,0.0763218,-0.3053853,9.166954500000001,-0.5608994629858604,3,-0.13691379159616637,1.1594330962333592,1,15.605267262120767
15.391,0.1212516,-0.2843919,9.166954500000001,-0.5629077389039452,3,-0.12551724488030203,1.1504426386182407,1,15.62374626799958
15.406,0.1212516,-0.290376,9.2088432,-0.5638413825534307,3,-0.06224290996570167,1.1419920202073102,1,15.640939527940773
15.422,0.0823059,-0.290376,9.2208114,-0.5644709961705896,3,-0.03935085107242827,1.132965521177518,1,15.659139188271851
15.438,0.09584369999999999,-0.3039138,9.2208114,-0.5650714309516438,3,-0.037527173815887736,1.1239291817605401,1,15.677194345895355
15.453,0.09584369999999999,-0.3532581,9.190890900000001,-0.5663435550598237,3,-0.0848082738786665,1.1154435693654547,1,15.693989641528798
15.469,0.1078119,-0.3532581,9.1385055,-0.5688580765910896,3,-0.1571575957041159,1.1063619563122475,1,15.71176408573422
15.485,0.12272310000000002,-0.3143124,9.1385055,-0.5713413535212304,3,-0.15520480813380186,1.097240360871349,1,15.72939290427169
15.5,0.12272310000000002,-0.2963601,9.1758816,-0.5728676296467956,3,-0.101751741704344,1.0886587934975884,1,15.745787147929457
15.516,0.09878670000000002,-0.2963601,9.1190817,-0.5757482783735455,3,-0.1800405454218666,1.0794698662334257,1,15.763132177207305
15.531,0.1032993,-0.318825,9.111528,-0.5787230905898753,3,-0.19832081442197788,1.0708113309661997,1,15.779259286186303
15.547,0.08083440000000001,-0.31136939999999996,9.111528,-0.581637163772907,3,-0.1821295739394822,1.0615284489312975,1,15.796318004425483
15.563,0.08083440000000001,-0.31284090000000003,9.166954500000001,-0.5831279116395987,3,-0.09317174166822975,1.0522103283279975,1,15.813227914643559
15.578,0.08083440000000001,-0.31284090000000003,9.166954500000001,-0.584582299802225,3,-0.09695921084176314,1.0434525017421847,1,15.828945385869083
15.594,0.09878670000000002,-0.31284090000000003,9.1234962,-0.5870562051432824,3,-0.15461908381608755,1.0340793937026207,1,15.845565641032643
15.61,0.059841000000000005,-0.33981839999999996,9.1234962,-0.589454504562509,3,-0.14989371370166524,1.0246673080249744,1,15.862035614646464
15.625,0.059841000000000005,-0.3262806,9.1698975,-0.5906753585788493,3,-0.08139026775601768,1.015816334051414,1,15.877339241962037
15.641,0.1257642,-0.3262806,9.1594989,-0.592103614530247,3,-0.08926599696235096,1.006354102266541,1,15.89351660545258
15.656,0.0823059,-0.3503151,9.1594989,-0.5934874303121624,3,-0.09225438546102899,0.9974621694302226,1,15.908545227490308
15.672,0.0823059,-0.32932170000000005,9.0935757,-0.5964632490802249,3,-0.18598867300390048,0.9879425639950835,1,15.92442846535771
15.688,0.1107549,-0.32932170000000005,9.166954500000001,-0.5975706941487946,3,-0.06921531678560905,0.9783902924492514,1,15.940159128209265
15.703,0.11673900000000001,-0.3008727,9.1100565,-0.6000600448946951,3,-0.16595671639338064,0.9694080619064259,1,15.954767615866931
15.719,0.1002582,-0.32932170000000005,9.1100565,-0.6024694802725055,3,-0.15058971111314698,0.9597878257050884,1,15.970201182967823
15.735,0.1002582,-0.3248091,9.139977,-0.6040948351527842,3,-0.10158468001741906,0.950135311181686,1,15.985480568062918
15.75,0.08377740000000002,-0.3248091,9.1100565,-0.606413867071991,3,-0.1546021279471137,0.9410564959149998,1,15.999664506616144
15.766,0.11978010000000001,-0.3427614,9.1100565,-0.6086505029542959,3,-0.13978974264405852,0.9313359809547895,1,16.014643646431104
15.781,0.11978010000000001,-0.2963601,9.1894194,-0.6089377573970989,3,-0.01915029618686431,0.9222040690021537,1,16.02854519680578
15.797,0.0898596,-0.2963601,9.1339929,-0.6105774191219986,3,-0.1024788578062318,0.9124479475900009,1,16.043222412938515
15.813,0.052385400000000006,-0.3143124,9.1339929,-0.6121695734453159,3,-0.09950964520732955,0.9026659716494624,1,16.05774332429243
15.828,0.052385400000000006,-0.2843919,9.1444896,-0.6134909094656322,3,-0.08808906802109816,0.893473518027631,1,16.071214370465007
15.844,0.058369500000000005,-0.3083283,9.1339929,-0.6150160903559652,3,-0.09532380564580825,0.8836454620290581,1,16.08543132230546
15.86,0.113796,-0.3083283,9.1983465,-0.6149227470055845,3,0.005833959398793271,0.8738059513301657,1,16.099490933612334
15.875,0.0973152,-0.29783160000000003,9.1983465,-0.6148447208015817,3,0.005201746933517665,0.8645826953216116,1,16.112528848462222
15.891,0.0973152,-0.3173535,9.1594989,-0.6156995687082976,3,-0.05342799416974126,0.8547383410055326,1,16.12628341675284
15.906,0.0823059,-0.3173535,9.1145691,-0.6176322978293758,3,-0.12884860807187679,0.8454883520064996,1,16.13903511695043
15.922,0.0673947,-0.290376,9.1145691,-0.6195427953967965,3,-0.1194060979637922,0.8355909512606903,1,16.152483751376568
15.938,0.0673947,-0.30685680000000004,9.1894194,-0.6195689909743756,3,-0.0016372235986938917,0.8256780569697209,1,16.16577390344241
15.953,0.0554265,-0.30685680000000004,9.309101400000001,-0.6166790816165584,3,0.19266062385449476,0.8164061964252896,1,16.17808953534287
15.969,0.056898,-0.2918475,9.309101400000001,-0.6138712071673069,3,0.17549215307821592,0.8065617941150186,1,16.191073279267194
15.985,0.056898,-0.2889045,9.2133558,-0.6134681344284783,3,0.025192046176791806,0.7967430793822523,1,16.203899718255173
16.0,0.1002582,-0.2963601,9.2162988,-0.6129883662566193,3,0.03198454479059262,0.7875446556271137,1,16.215781876267744
16.016,0.0868185,-0.2963601,9.2507319,-0.6116842623557677,3,0.08150649380323848,0.7777472745982157,1,16.228304211709546
16.031,0.0823059,-0.3023442,9.2507319,-0.6104082510355369,3,0.08506742134871728,0.7685815807477806,1,16.239901678124642
16.047,0.0823059,-0.2679111,9.2791809,-0.6084956732392932,3,0.11953611226521493,0.7588303493535808,1,16.252120973565454
16.063,0.0973152,-0.2679111,9.2492604,-0.6073556252567993,3,0.0712529989058764,0.7491035389656132,1,16.264184444672004
16.078,0.059841000000000005,-0.2963601,9.2492604,-0.6062299893390701,3,0.0750423945152761,0.7400016468561439,1,16.27535273356567
16.094,0.059841000000000005,-0.2918475,9.2162988,-0.6059388291199035,3,0.018197513697913077,0.730304296308471,1,16.287115181110988
16.11,0.049442400000000004,-0.2918475,9.3451041,-0.6025162773914978,3,0.21390948302537763,0.7206366554563809,1,16.298722708725105
16.125,0.0898596,-0.2994012,9.3451041,-0.5991640340900517,3,0.22348288676306638,0.7116240531202689,1,16.30946466403943
16.141,0.0898596,-0.290376,9.3690405,-0.5953169883962524,3,0.24044035586248552,0.7020682049403795,1,16.320774202103916
16.156,0.0389457,-0.2738952,9.346575600000001,-0.5921320891847959,3,0.21232661409709078,0.6931623368585212,1,16.331238431167407
16.172,0.0898596,-0.2738952,9.3614868,-0.5886528024613344,3,0.2174554202163149,0.6837160577253512,1,16.34225345832408
16.188,0.0898596,-0.2738952,9.3614868,-0.5852583763896657,3,0.21215162947931915,0.6743247682945442,1,16.353117784932238
16.203,0.11821050000000001,-0.2754648,9.3614868,-0.5819379377223406,3,0.22136257782166632,0.6655707959387038,1,16.36316700166399
16.219,0.0973152,-0.33226469999999997,9.4199544,-0.5772343370219843,3,0.29397504377223255,0.6562974177407482,1,16.373741947373425
16.235,0.0973152,-0.33226469999999997,9.4199544,-0.5726454582899283,3,0.2868049207535344,0.647098379378254,1,16.384169113750374
16.25,0.08534699999999999,-0.3487455,9.4199544,-0.568156811684764,3,0.2992431070109452,0.6385423623534434,1,16.393811419313362
16.266,0.08534699999999999,-0.3143124,9.4139703,-0.5639530484710793,3,0.2627352008553197,0.6294854834721977,1,16.403955642079968
16.281,0.0134397,-0.3143124,9.3884643,-0.5604827623374735,3,0.23135240890704337,0.6210522148911333,1,16.413334674817694
16.297,0.0748503,-0.3023442,9.3884643,-0.5570996596809756,3,0.211443916031094,0.6121115555149846,1,16.423199984980943
16.313,0.0748503,-0.318825,9.407888100000001,-0.5533123177729866,3,0.23670886924933962,0.6032282596953539,1,16.432922703502626
16.328,0.0239364,-0.29783160000000003,9.407888100000001,-0.5496406379427281,3,0.24477865535055818,0.5949561125274857,1,16.4419090862943
16.344,0.08083440000000001,-0.29783160000000003,9.42741,-0.5455748994756373,3,0.2541086541931463,0.5861943882281379,1,16.451358290300345
16.36,0.0823059,-0.3008727,9.42741,-0.5416056610165949,3,0.2480774036901774,0.5774969437442009,1,16.46066782095612
16.375,0.0823059,-0.3008727,9.436337100000001,-0.5375156180791567,3,0.27266952916253623,0.5694035341509824,1,16.469269574540334
16.391,0.0748503,-0.3008727,9.4453623,-0.5333068374912155,3,0.2630487867463517,0.5608369545064203,1,16.478311498449592
16.406,0.0868185,-0.2814489,9.4453623,-0.5292128094739059,3,0.2729352011539647,0.5528680571541816,1,16.486664286037048
16.422,0.0868185,-0.2814489,9.484308,-0.5242692002767964,3,0.3089755748193133,0.5444402010761754,1,16.495442752102893
16.438,0.09133110000000001,-0.2814489,9.4199544,-0.5210139651810746,3,0.20345219348263407,0.5360779357525143,1,16.50408689719752
16.453,0.058369500000000005,-0.3143124,9.4199544,-0.5178191774351486,3,0.21298584972838955,0.5282866871828932,1,16.512069631869537
16.469,0.0777933,-0.3278502,9.4573305,-0.513776609826122,3,0.252660475564131,0.5200339208848029,1,16.52045619673408
16.485,0.0777933,-0.3202965,9.539636400000001,-0.507832697344428,3,0.37149453010591676,0.5118610464274405,1,16.528711356472577
16.5,0.0688662,-0.3202965,9.5471901,-0.5018513029140532,3,0.39875962869163956,0.5042884164255024,1,16.536332477443974
16.516,0.09133110000000001,-0.3278502,9.5471901,-0.4960049520382537,3,0.36539692973751176,0.4963055663858852,1,16.544337229306464
16.531,0.09133110000000001,-0.2948886,9.4827384,-0.4918985653911516,3,0.27375910980679335,0.48889629000516444,1,16.551726243229396
16.547,0.0733788,-0.2948886,9.5082444,-0.4872743559969628,3,0.28901308713677004,0.48106290663405865,1,16.55948591680251
16.563,0.056898,-0.2994012,9.5082444,-0.4827622467174191,3,0.28200682997151283,0.47330261381234445,1,16.567120840966084
16.578,0.056898,-0.3173535,9.5381649,-0.47761664520467306,3,0.34304010084972114,0.46609977212292847,1,16.574166358860598
16.594,0.0928026,-0.3173535,9.5336523,-0.4726996753170738,3,0.30731061797491965,0.45849724155875365,1,16.581563134970054
16.61,0.0868185,-0.318825,9.5336523,-0.4679028088814672,3,0.2998041522254466,0.45097242168516616,1,16.588838892276005
16.625,0.1062423,-0.33981839999999996,9.6280245,-0.4609002964580782,3,0.46683416155924945,0.4440063983951193,1,16.595551233426608
16.641,0.1062423,-0.3083283,9.5711265,-0.4554813688803492,3,0.3386829736080994,0.4366753450724127,1,16.602596687374348
16.656,0.0898596,-0.3083283,9.575541,-0.45009109119121327,3,0.3593518459423806,0.4298835516218757,1,16.609095879099556
16.672,0.0658251,-0.3262806,9.575541,-0.44482254542995747,3,0.32928411007845027,0.4227242425289055,1,16.615916741452764
16.688,0.0658251,-0.31136939999999996,9.535123800000001,-0.44067984210655986,3,0.25891895771237927,0.4156402234286141,1,16.622623657180423
16.703,0.0823059,-0.31136939999999996,9.544149,-0.4364150582300539,3,0.2843189251003874,0.40906201167608924,1,16.62880892394371
16.719,0.1078119,-0.3173535,9.544149,-0.4322432965889753,3,0.26073510256738175,0.40211274483753623,1,16.63529832199582
16.735,0.1078119,-0.2963601,9.575541,-0.42742449596033083,3,0.3011750392903133,0.39523540249714256,1,16.641677107174495
16.75,0.0643536,-0.2963601,9.580053600000001,-0.42262274267866573,3,0.32011688544432787,0.3888600482073499,1,16.64755782305478
16.766,0.08377740000000002,-0.318825,9.580053600000001,-0.41791686172474485,3,0.29411755962008757,0.3821357313721233,1,16.653725789291414
16.781,0.0793629,-0.31136939999999996,9.6144867,-0.41249329077896135,3,0.3615713963855527,0.3759076552283453,1,16.65941111469092
16.797,0.0793629,-0.32333760000000006,9.593591400000001,-0.40770170790388605,3,0.2994739296921731,0.3693460952388818,1,16.66537314469466
16.813,0.0688662,-0.32333760000000006,9.5950629,-0.4029931006052525,3,0.29428795616462855,0.36286053677080937,1,16.671230797750734
16.828,0.0688662,-0.32333760000000006,9.5950629,-0.39839933738707245,3,0.3062508812119923,0.3568500934858667,2,16.67662862747766
16.844,0.0868185,-0.31284090000000003,9.5950629,-0.3939225493533698,3,0.279799252106385,0.35051151839194244,2,16.682287520372682
16.86,0.0868185,-0.3218661,9.6489198,-0.38823487970291737,3,0.3554793531533154,0.34425425895949285,2,16.687845646591494
16.875,0.0718092,-0.2889045,9.5876073,-0.384209083172399,3,0.26838643536788165,0.33846092923792775,2,16.692966010502975
16.891,0.0718092,-0.2889045,9.5876073,-0.3802814768011604,3,0.24547539820243752,0.33234500475813994,2,16.698332457974942
16.906,0.0718092,-0.2724237,9.6399927,-0.3751842830636267,3,0.33981291583556716,0.3266790115591538,2,16.70327513809732
16.922,0.09133110000000001,-0.2724237,9.6668721,-0.36955207900220977,3,0.3520127538385204,0.3207211206626264,2,16.708454339155097
16.938,0.0763218,-0.315882,9.6668721,-0.3640281814374102,3,0.3452435978000093,0.3148524785791101,2,16.71353892794903
16.953,0.0733788,-0.2918475,9.6549039,-0.3589497513408624,3,0.33856200643651035,0.30943014408327285,2,16.718221047619
16.969,0.0733788,-0.261927,9.735738300000001,-0.35204530952548296,3,0.4315276134611651,0.3037421835963415,2,16.723126426240437
16.985,0.056898,-0.30685680000000004,9.695321100000001,-0.34626523760370276,3,0.36125449511130264,0.2981556992193086,2,16.727941609302963
17.0,0.056898,-0.36071369999999997,9.704346300000001,-0.340360976455127,3,0.3936174099050374,0.29300600261386717,2,16.732375322066712
17.016,0.056898,-0.36071369999999997,9.704346300000001,-0.33460072167602917,3,0.36001592369365254,0.2876063090288185,2,16.737020220559852
17.031,0.0748503,-0.36071369999999997,9.6639291,-0.3299630636377824,3,0.3091772025497739,0.28262208063896477,2,16.74129693348236
17.047,0.10182780000000001,-0.3173535,9.6639291,-0.32546958587654196,3,0.2808423600774953,0.2773786194428496,2,16.745776939083015
17.063,0.10182780000000001,-0.2934171,9.7222986,-0.31968122765771056,3,0.3617723886770018,0.27221741293457613,2,16.750173707342036
17.078,0.053856900000000006,-0.2934171,9.7895952,-0.31240279853746244,3,0.48522860801652296,0.26747678273811215,2,16.75422141380958
17.094,0.1002582,-0.29783160000000003,9.7895952,-0.30528973826991646,3,0.4445662667215746,0.26253524244365256,2,16.758461510011035
17.11,0.1122264,-0.31284090000000003,9.803133,-0.2980055889050419,3,0.4552593353047087,0.2577088798262534,2,16.762623462989193
17.125,0.1122264,-0.31284090000000003,9.7911648,-0.29119084120957517,3,0.45431651303109943,0.25328990660039363,2,16.766455953887395
17.141,0.11673900000000001,-0.31284090000000003,9.7701714,-0.2850527567139096,3,0.38363028097913926,0.24867995781700625,2,16.770471712802735
17.156,0.08083440000000001,-0.290376,9.7701714,-0.27909013702851837,3,0.397507979026068,0.2444488861139379,2,16.774170179132216
17.172,0.08083440000000001,-0.2889045,9.7372098,-0.274077572022982,3,0.31328531284598826,0.2400235444415254,2,16.778045958576662
17.188,0.050913900000000005,-0.2889045,9.7342668,-0.2692639473610967,3,0.30085154136786346,0.23567681228645326,2,16.781851561430486
17.203,0.050913900000000005,-0.33530580000000004,9.7342668,-0.2645314610059426,3,0.3154990903435953,0.23167334672370032,2,16.78535668762306
17.219,0.050913900000000005,-0.30685680000000004,9.764187300000001,-0.25920787854645155,3,0.33272390371815336,0.2274834320072807,2,16.78902994185291
17.235,0.1272357,-0.30685680000000004,9.8764137,-0.2512615024692302,3,0.4966485048263905,0.2233996769591557,2,16.79263700672464
17.25,0.1078119,-0.2963601,9.7627158,-0.24629407935806924,3,0.33116154074405013,0.2196680100954508,2,16.79596001437755
17.266,0.0763218,-0.2754648,9.7627158,-0.24146997089504119,3,0.30150677893928657,0.21576589769342636,2,16.79944348563986
17.281,0.0643536,-0.287433,9.749178,-0.23708725398652142,3,0.2921811272346401,0.2121767185068145,2,16.80265305526136
17.313,0.08829,-0.3098979,9.749178,-0.23279008726690087,3,0.13428645998814204,0.20465868104675972,2,16.809322421654215
17.328,0.08829,-0.3202965,9.7417224,-0.22877127518703944,3,0.2679208053240854,0.20119697082835503,2,16.81236633904328
17.344,0.053856900000000006,-0.3202965,9.8196138,-0.22295786305999954,3,0.3633382579399529,0.19758313772237832,2,16.815556579911686
17.36,0.059841000000000005,-0.3083283,9.8196138,-0.21729473555857837,3,0.35394546883886224,0.1940611169334301,2,16.818689733948933
17.375,0.059841000000000005,-0.3262806,9.827069400000001,-0.21157385171017928,3,0.3813922565599244,0.19084460252891428,2,16.8215765268449
17.391,0.04041720000000001,-0.3262806,9.8091171,-0.2064325325981553,3,0.3213324445015341,0.18750055145444797,2,16.824603288076766
17.406,0.08083440000000001,-0.30685680000000004,9.776155500000002,-0.20222932285931705,3,0.2802139825892063,0.1844355875385168,2,16.827392809119214
17.422,0.0733788,-0.2664396,9.776155500000002,-0.19815895499847436,3,0.2543979913026399,0.18123248131565411,2,16.83031815367005
17.438,0.0733788,-0.3053853,9.728282700000001,-0.19532712077303493,3,0.17698963908998339,0.17808459270948238,2,16.83319269026225
17.453,0.10477080000000001,-0.3053853,9.7536906,-0.19193798407967755,3,0.2259424462238172,0.17518010442308693,2,16.835842175490747
17.469,0.08534699999999999,-0.33530580000000004,9.7536906,-0.18861216962606164,3,0.2078634033509708,0.17213570319344068,2,16.83862070195168
17.485,0.08534699999999999,-0.3039138,9.8016615,-0.18422313465265638,3,0.2743146858378589,0.16915302075921126,2,16.8413510117433
17.5,0.08083440000000001,-0.3039138,9.7926363,-0.1801620953735945,3,0.270735951937448,0.16642013153401428,2,16.843867810385497
17.516,0.0823059,-0.2994012,9.7926363,-0.17620319575468635,3,0.24743122618178742,0.16356920920498833,2,16.846507725111408
17.531,0.0823059,-0.2994012,9.7926363,-0.1723408546630676,3,0.25748940610790755,0.1609551288268551,2,16.848941657646648
17.547,0.0823059,-0.31136939999999996,9.845021700000002,-0.1672866126625756,3,0.3158901250307135,0.15823810908824962,2,16.85149520354997
17.563,0.1332198,-0.31136939999999996,9.8136297,-0.16310726429406053,3,0.2612092730322212,0.15559495807259682,2,16.854005868087256
17.578,0.0748503,-0.3562992,9.7701714,-0.16006690634029752,3,0.20269053025085942,0.15317115179283905,2,16.85632161391125
17.594,0.0748503,-0.3427614,9.7986204,-0.15641907578545222,3,0.2279894096778057,0.15063926393583277,2,16.85875209723708
17.61,0.0748503,-0.3427614,9.7268112,-0.15461053074663766,3,0.11303406492592229,0.14815102708357633,2,16.861142419565233
17.625,0.050913900000000005,-0.290376,9.7268112,-0.15289142944516243,3,0.11460675343167795,0.14584476238213773,2,16.863347387986227
17.641,0.050913900000000005,-0.290376,9.7268112,-0.15121425744372274,3,0.10482325008999194,0.14341191688702692,2,16.86566144142038
17.656,0.050913900000000005,-0.3053853,9.8046045,-0.14767034162558978,3,0.2362610545421883,0.141170282394007,2,16.867795807914987
17.672,0.0643536,-0.3053853,9.834525,-0.14348153688901633,3,0.2618002960358119,0.1388410673658899,2,16.870035898713066
17.688,0.0928026,-0.3307932,9.834525,-0.13936932443487393,3,0.25701327838392796,0.136578260475299,2,16.872239253335795
17.703,0.0928026,-0.3173535,9.7732125,-0.13686278236093763,3,0.16710280492908047,0.13450651967433033,2,16.874272389186917
17.719,0.08829,-0.3173535,9.7926363,-0.13394491170347322,3,0.18236691609150493,0.13234005812181482,2,16.876407161809286
17.735,0.1122264,-0.3039138,9.7327953,-0.13256136071652058,3,0.08647193668454964,0.1302080079424551,2,16.8785075463378
17.75,0.1002582,-0.290376,9.7327953,-0.13122481513360995,3,0.08910303886070535,0.12822961162357904,2,16.880445828484547
17.766,0.1002582,-0.29783160000000003,9.728282700000001,-0.130025382157827,3,0.07496456098644293,0.12613961004524776,2,16.882480782257897
17.781,0.1032993,-0.29783160000000003,9.831582000000001,-0.12633624077479055,3,0.24594275886908687,0.12421689787325307,2,16.884358456067286
17.797,0.08377740000000002,-0.2798793,9.831582000000001,-0.1227544647256682,3,0.22386100307012205,0.12222417222924917,2,16.886329984628105
17.813,0.08377740000000002,-0.2679111,9.7791966,-0.12054534722126142,3,0.13806984402543876,0.12027777373367396,2,16.88827000019581
17.828,0.0973152,-0.2679111,9.874942200000001,-0.11605277786214607,3,0.299504623941012,0.11850328779554833,2,16.89006085815728
17.844,0.0614106,-0.3008727,9.874942200000001,-0.1116536756217652,3,0.2749438900237736,0.11668163616767684,2,16.891942337548986
17.86,0.0614106,-0.3307932,9.8464932,-0.10803201509564175,3,0.2263537828827405,0.11492415064193777,2,16.893795183843462
17.875,0.058369500000000005,-0.3307932,9.8091171,-0.10541021882749035,3,0.17478641787675334,0.11332333388751421,2,16.89550703997743
17.891,0.0823059,-0.2963601,9.8644455,-0.10152620394994827,3,0.2427509298464071,0.11166784250529489,2,16.897306969388573
17.906,0.0554265,-0.2948886,9.8644455,-0.09774257092230165,3,0.25224220184309815,0.11017332669375296,2,16.898970778157565
17.922,0.0554265,-0.344331,9.827069400000001,-0.09492321188585784,3,0.17620993977771865,0.10863200043128751,2,16.900721220774567
17.938,0.08534699999999999,-0.344331,9.860031000000001,-0.09136397416705222,3,0.2224523574253757,0.10714170294286439,2,16.90244741040156
17.953,0.10182780000000001,-0.3487455,9.860031000000001,-0.087883952646159,3,0.23200143472620569,0.10579734349176526,2,16.90404445324982
17.969,0.10182780000000001,-0.33981839999999996,9.8165727,-0.0855556774157229,3,0.1455172019022403,0.10440982645127005,2,16.905726110609365
17.985,0.10928340000000002,-0.33981839999999996,9.7956774,-0.08379153948062701,3,0.11025862094350518,0.1030550487160994,2,16.907385829610703
18.0,0.09427410000000001,-0.315882,9.7956774,-0.0820937582061525,3,0.11318541829829624,0.10181090898344851,2,16.90892232429345
18.016,0.09427410000000001,-0.3427614,9.8151012,-0.07994191902965042,3,0.1344899485313948,0.10051462356556222,2,16.910540928553843
18.031,0.09133110000000001,-0.3427614,9.830012400000001,-0.07747979109551828,3,0.16414186227546987,0.09933396073962342,2,16.91203979293613
18.047,0.1078119,-0.3248091,9.771642900000002,-0.0765112836534918,3,0.06053171512664812,0.0981020321416312,2,16.913619280879182
18.063,0.0643536,-0.3008727,9.771642900000002,-0.0755944113915703,3,0.05730451637009991,0.09688518658127084,2,16.915179178628964
18.078,0.0643536,-0.3278502,9.8240283,-0.0734017948389809,3,0.14617443683928774,0.09576771503454165,2,16.916624075391084
18.094,0.0554265,-0.3278502,9.800091900000002,-0.07184746305865808,3,0.09714573627016578,0.09460572097136041,2,16.918147062879132
18.11,0.0703377,-0.3202965,9.800091900000002,-0.0703347984906344,0,0.09454153550149044,0.0929682628789662,2,16.919647654749934
18.125,0.0703377,-0.3053853,9.843550200000001,-0.06781121228727649,0,0.16823908022385417,0.09143216779813183,2,16.921030657980012
18.141,0.0868185,-0.3053853,9.7986204,-0.0664412464268409,0,0.08562286627723348,0.08985814812841901,2,16.922480980507423
18.156,0.0868185,-0.3053853,9.7986204,-0.06510469436788036,0,0.08910347059736659,0.08837155357245856,2,16.92381770327018
18.172,0.0688662,-0.2963601,9.7986204,-0.06381097358120869,0,0.08085754916697035,0.08684022822886574,2,16.925219397524593
18.188,0.0673947,-0.2948886,9.8196138,-0.062038347823122564,0,0.1107891098803948,0.0853334336576312,2,16.926596786819683
18.203,0.0673947,-0.2948886,9.8196138,-0.06030895683962534,0,0.115292732233144,0.08391582887266055,2,16.927866156288662
18.219,0.0973152,-0.3083283,9.8046045,-0.058971447577121694,0,0.08359432890646842,0.08246158563732646,2,16.92919717560474
18.235,0.1122264,-0.35178660000000006,9.8046045,-0.05762701700282413,0,0.08402691089360685,0.081028797920687,2,16.930505098673205
18.25,0.1122264,-0.2963601,9.7552602,-0.05756292158505616,0,0.004273027851198046,0.07966487338127787,2,16.93171030120797
18.266,0.0898596,-0.2963601,9.7986204,-0.05644900134280739,0,0.06962001514055562,0.07825277799785506,2,16.932973642419004
18.281,0.11526750000000001,-0.3218661,9.7986204,-0.05533615274424086,0,0.07418990657109914,0.07691438934220216,2,16.934137396174055
18.297,0.11526750000000001,-0.290376,9.8285409,-0.05354502950814677,0,0.11194520225586836,0.07554333988418296,2,16.935357058007867
18.313,0.08377740000000002,-0.290376,9.759674700000001,-0.05348422989465362,0,0.0037999758433220087,0.07418710580896065,2,16.936554901573412
18.328,0.0359046,-0.3039138,9.759674700000001,-0.053422020833567174,0,0.004147270739096441,0.07288530892849897,2,16.937657944683945
18.344,0.0359046,-0.2769363,9.8016615,-0.05235724928982677,0,0.06654822148376792,0.07153907476751172,2,16.938813339753512
18.36,0.049442400000000004,-0.2769363,9.800091900000002,-0.05135527798822004,0,0.06262320635042752,0.07020937454928744,2,16.939947327348047
18.375,0.0718092,-0.3143124,9.830012400000001,-0.04961751082393384,0,0.11585114428574207,0.06895207863319625,2,16.940991038246917
18.391,0.028449,-0.3053853,9.830012400000001,-0.04793437824205782,0,0.10519578636726305,0.0676716635206684,2,16.942084028184148
18.406,0.028449,-0.2679111,9.834525,-0.04620891692235318,0,0.11503075464697134,0.06646558880693529,2,16.943090057576605
18.422,0.0329616,-0.2679111,9.8375661,-0.04445105125901527,0,0.10986660395860706,0.06524030906148426,2,16.94414370475955
18.438,0.0973152,-0.29783160000000003,9.8375661,-0.042704697378111334,0,0.10914711755650822,0.06404306307238733,2,16.945177971736623
18.453,0.0973152,-0.32333760000000006,9.860031000000001,-0.040433705187867375,0,0.15139947934959153,0.06291952505314247,2,16.946130191147564
18.469,0.08829,-0.32333760000000006,9.877983300000002,-0.037782565009976565,0,0.16569626111815705,0.061793794891559645,2,16.947127897707123
18.485,0.1078119,-0.33226469999999997,9.877983300000002,-0.03518414213928622,0,0.16240142941816427,0.060710061234365606,2,16.94810792855613
18.5,0.1078119,-0.3503151,9.860031000000001,-0.03307145371286424,0,0.1408458950947935,0.059698144265474457,2,16.949010990097378
18.516,0.0614106,-0.3503151,9.8584614,-0.03105825752676772,0,0.12582476163104647,0.05868510657555745,2,16.949958056104105
18.531,0.09584369999999999,-0.2948886,9.806076000000001,-0.03040873941571043,0,0.043301207403817696,0.057724104098488854,2,16.95083112518416
18.547,0.0703377,-0.3562992,9.806076000000001,-0.029730628298437978,0,0.04238194482952343,0.056742989156775614,2,16.9517468619302
18.563,0.0703377,-0.2814489,9.746235,-0.03058728296409008,0,-0.053540916603262226,0.055760445866675445,2,16.95264688941039
18.578,0.0434583,-0.2814489,9.8464932,-0.02898257995757092,0,0.10698020043460656,0.054813671894762966,2,16.9534761952936
18.594,0.053856900000000006,-0.3039138,9.8464932,-0.02739948396785863,0,0.09894349935700711,0.05386261538335947,2,16.954345605591826
18.61,0.053856900000000006,-0.2889045,9.7956774,-0.027104870274904158,0,0.01841335580965645,0.05292658054941743,2,16.955199919159288
18.625,0.0793629,-0.2889045,9.7701714,-0.02743502002950393,0,-0.022009983639984056,0.05201753137213434,2,16.9559869999987
18.641,0.0763218,-0.30685680000000004,9.7701714,-0.027744364801458588,0,-0.019334048247168133,0.051076096293486695,2,16.956811749020027
18.656,0.0763218,-0.2724237,9.839037600000001,-0.026392085377770158,0,0.09015196157922521,0.05017007291714247,2,16.957571095289108
18.672,0.0614106,-0.2724237,9.866015100000002,-0.024417609238028604,0,0.12340475873383334,0.04926359536021603,2,16.958366564635327
18.688,0.1032993,-0.2814489,9.8824959,-0.022074804645596302,0,0.14642528702703497,0.04839165604914707,2,16.9591478066466
18.703,0.13469129999999999,-0.2829204,9.8824959,-0.019778902439881563,0,0.15306014704764348,0.04757775324600598,2,16.959867577216315
18.719,0.13469129999999999,-0.2754648,9.843550200000001,-0.018493569040829883,0,0.08033333744072102,0.04677157347416025,2,16.960622371830077
18.735,0.0554265,-0.2754648,9.8225568,-0.017770071837782453,0,0.04521857519046933,0.04598146434713138,2,16.961364396132648
18.75,0.1272357,-0.3039138,9.8225568,-0.0170274896269067,0,0.04950548072504832,0.0452204826361462,2,16.962048410735022
18.766,0.1272357,-0.34128990000000003,9.8824959,-0.014812166549724282,0,0.1384576923239164,0.04446576538673318,2,16.962765900719205
18.781,0.0973152,-0.34128990000000003,9.8615025,-0.013170864786877345,0,0.10942011752312493,0.043755892651708664,2,16.963427563154493
18.797,0.08829,-0.3202965,9.8615025,-0.011588830235170988,0,0.09887715948163626,0.04305781509153225,2,16.96412207281644
18.813,0.08829,-0.347274,9.854046900000002,-0.010204848328307037,0,0.08649886917900648,0.04238346566302445,2,16.964805603062477
18.828,0.08829,-0.347274,9.854046900000002,-0.00885462207770793,0,0.09001508337327038,0.04174051963497932,2,16.96543653295221
18.844,0.0643536,-0.32932170000000005,9.7372098,-0.010404884816306748,0,-0.09689142116241527,0.04108644357982719,2,16.96609914865793
18.86,0.0478728,-0.32932170000000005,9.806076000000001,-0.010240961163642481,0,0.010245228291517767,0.04042127681198762,2,16.966751210421062
18.875,0.10928340000000002,-0.347274,9.806076000000001,-0.010053944765420653,0,0.012467759881454774,0.03976906501751963,2,16.967352637984785
