timestamps,acc_x,acc_y,acc_z,aAcc,aStages,aJerk,aVelocity,avStages,aHeight
0.015,0.17510850000000003,-0.3053853,9.831582000000001,0.03216722017465656,0,0.0,0.0,0,0.0
0.031,0.18864630000000002,-0.32333760000000006,9.7582032,0.030745624653965464,0,-0.08884972004319369,3.3027586289762108e-06,0,2.6422069031809686e-08
0.046,0.18864630000000002,-0.31284090000000003,9.8285409,0.030723411341385898,0,-0.0014808875053044328,0.0,0,5.119275874913127e-08
0.062,0.19610190000000002,-0.31284090000000003,9.7956774,0.030060566306923775,0,-0.04142781465388268,0.0004505923497805889,0,3.655931556993843e-06
0.078,0.1257642,-0.347274,9.7956774,0.02941080872697377,0,-0.04060984874687534,0.00042636335005176917,0,1.0671577155652707e-05
0.109,0.1257642,-0.3248091,9.842078700000002,0.02966794815011653,0,0.008294820101379368,0.0008420840816466689,0,3.0332512346978496e-05
0.125,0.18109260000000002,-0.3652263,9.806076000000001,0.02925937744428353,0,-0.02553566911456251,0.0008135026864018696,0,4.3577206491366804e-05
0.14,0.19757340000000004,-0.3652263,9.7821396,0.028396131870236374,0,-0.05754970493647699,0.0007459190062607691,0,5.52728691863366e-05
0.156,0.18109260000000002,-0.35178660000000006,9.7821396,0.027533913828113654,0,-0.05388862763267004,0.000693359371847569,0,6.67870962112033e-05
0.171,0.18109260000000002,-0.35777070000000005,9.821085300000002,0.02745585693933883,0,-0.005203792584988297,0.000605782652603463,0,7.653066139458605e-05
0.203,0.1856052,-0.3532581,9.836094600000001,0.027671838482735467,0,0.006749423231144913,0.0009878257793566507,0,0.00010202839630594786
0.218,0.1856052,-0.3278502,9.7656588,0.02648627470067666,0,-0.07903758547058722,0.0008940116282322402,0,0.00011614217686286454
0.234,0.21856680000000003,-0.3278502,9.7686999,0.025396902161523016,0,-0.06808578369710266,0.0008090770431298379,0,0.00012976688623376117
0.25,0.21258269999999999,-0.3202965,9.7686999,0.024321392915227946,0,-0.06721932789344193,0.0007068234037438457,0,0.00014189408980875063
0.265,0.1631403,-0.318825,9.777627,0.023422322516765348,0,-0.05993802656417315,0.0005649012694837956,0,0.00015143202485795793
0.281,0.1631403,-0.3712104,9.7612443,0.022256145145346906,0,-0.07288608571365256,0.00043032901078069374,0,0.00015939386710007384
0.296,0.1796211,-0.3712104,9.8255979,0.02237922078569987,0,0.008205042690197714,0.0002650942552635434,0,0.00016460954159540562
0.312,0.15568469999999998,-0.32932170000000005,9.8255979,0.02246262442731961,0,0.005212727601233698,0.00012382901696769873,0,0.00016772092777325555
0.328,0.15568469999999998,-0.347274,9.7627158,0.021324451093057917,0,-0.0711358333913558,0.0,0,0.00016871155990899714
0.343,0.1497006,-0.347274,9.803133,0.020998663777584525,0,-0.021719154364892745,0.0002915489826605371,0,0.00017089817727895118
0.375,0.18864630000000002,-0.34580249999999996,9.746235,0.019576671068991303,0,-0.044437272143538244,0.00044075434020574835,0,0.00018261503044481172
0.39,0.15568469999999998,-0.34580249999999996,9.8196138,0.01960887282290713,0,0.0021467835943885403,0.00023464591939498756,0,0.00018768053239181726
0.406,0.16765290000000002,-0.3996594,9.8196138,0.019684353122478626,0,0.004717518723218457,4.8991726958073564e-05,0,0.00018994963356264174
0.421,0.17069399999999998,-0.3262806,9.7971489,0.019266062779937698,0,-0.02788602283606194,0.0,0,0.0001903170715148273
0.453,0.17069399999999998,-0.3098979,9.800091900000002,0.018903220062151505,0,-0.011338834930818543,0.0004518283716996234,0,0.0001975463254620213
0.468,0.17069399999999998,-0.34128990000000003,9.764187300000001,0.017864450870082038,0,-0.0692512794712977,0.00022758590369137584,0,0.0002026419325274538
0.484,0.17069399999999998,-0.3053853,9.7866522,0.01726295937395861,0,-0.03759321850771445,8.605185643700136e-06,0,0.0002045314612421344
0.5,0.16019730000000001,-0.3053853,9.8794548,0.01848832540049905,0,0.07658537665877756,0.0,0,0.000204600302727284
0.531,0.21101310000000004,-0.315882,9.8794548,0.01971483820730313,0,0.03956492925174451,0.00038676449976029516,0,0.0002105951524735686
0.546,0.21101310000000004,-0.3592422,9.855518400000001,0.020477404453520975,0,0.050837749747856216,0.0001882063197164753,0,0.0002149074336196444
0.562,0.1781496,-0.3592422,9.8120601,0.020360891082873422,0,-0.007282085665472054,1.4912684007630655e-05,0,0.00021653238564943724
0.578,0.1526436,-0.318825,9.8120601,0.020210875771571324,0,-0.009375956956381217,0.0,0,0.00021665168712149829
0.593,0.1781496,-0.3262806,9.759674700000001,0.019050604426460893,0,-0.07735142300736197,0.0001339479203284269,0,0.0002176562965239615
0.609,0.1781496,-0.3622833,9.723770100000001,0.01723455839372967,0,-0.11350287704570129,0.0,0,0.0002187278798865889
0.625,0.2215098,-0.3622833,9.7686999,0.01635171890820253,0,-0.05517746784544637,0.0001929194413054086,0,0.0002202712354170322
0.64,0.1661814,-0.31136939999999996,9.7686999,0.01543028501017396,0,-0.06142892653523777,0.0,0,0.00022171813122682276
0.656,0.1661814,-0.3652263,9.7552602,0.014300160650833504,0,-0.07063277245877846,0.0001691280359812919,0,0.0002230711555146731
0.671,0.2215098,-0.3652263,9.8704296,0.015469820517646227,0,0.07797732445418142,0.0,0,0.00022433961578453282
0.687,0.1571562,-0.37866600000000006,9.8704296,0.016602284700926617,0,0.07077901145502434,0.00014897973649347258,0,0.00022553145367648059
0.718,0.16912439999999998,-0.40417200000000003,9.6639291,0.013691271635934754,0,-0.09390364725780229,0.0001185298597148228,0,0.00022967785241770916
0.734,0.1781496,-0.36669779999999996,9.6639291,0.010811235692514742,0,-0.18000224646375057,0.0,0,0.00023062609129542776
0.75,0.18109260000000002,-0.33226469999999997,9.7627158,0.009899872676514931,0,-0.056960188499988136,0.0,0,0.00023062609129542776
0.765,0.18109260000000002,-0.290376,9.833053500000002,0.010358535787281298,0,0.03057754071775773,0.00013217684877312938,0,0.00023161741766122623
0.781,0.19757340000000004,-0.290376,9.851005800000001,0.011166205833156084,0,0.050479377867174116,0.0,0,0.00023267483245141126
0.796,0.1646118,-0.347274,9.851005800000001,0.01198224876866405,0,0.054402862367197664,0.0,0,0.00023267483245141126
0.812,0.1646118,-0.30685680000000004,9.7941078,0.011641050655986973,0,-0.02132488204231729,0.00016697458664748782,0,0.00023401062914459115
0.828,0.1482291,-0.30685680000000004,9.8120601,0.011653208942771442,0,0.0007598929240293418,0.0,0,0.00023534642583777104
0.843,0.2200383,-0.3831786,9.8120601,0.0117441091143764,0,0.006060011440330484,2.8808548866162548e-05,0,0.00023556248995426727
0.859,0.2200383,-0.36826739999999997,9.764187300000001,0.01088426019175337,0,-0.05374055766393932,0.0,0,0.00023579295834519657
0.875,0.17667810000000003,-0.36826739999999997,9.7372098,0.009495508129912622,0,-0.08679700386504666,0.0,0,0.00023579295834519657
0.89,0.1946304,-0.36071369999999997,9.746235,0.008311961032172022,0,-0.07890313984937329,6.429668604163857e-06,0,0.0002358411808597278
0.921,0.19757340000000004,-0.3202965,9.7387794,0.006979036684965578,0,-0.042997559587304585,0.0,0,0.00023594084072309235
0.937,0.1781496,-0.3202965,9.731225700000001,0.005516899753732929,0,-0.0913835582020405,0.0,0,0.00023594084072309235
0.953,0.1781496,-0.37866600000000006,9.731225700000001,0.004124501504721323,0,-0.0870248905632259,0.0,0,0.00023594084072309235
0.968,0.1781496,-0.2784078,9.7806681,0.0036619887035751475,0,-0.030834186743078335,0.0,0,0.00023594084072309235
0.984,0.18266220000000002,-0.2784078,9.7417224,0.0024469786675069827,0,-0.07593812725426023,2.7809250327900936e-05,0,0.00023616331472571555
1.015,0.2230794,-0.3487455,9.8464932,0.003369141527558739,0,0.029747189033927698,0.0,0,0.00023659435810579802
1.031,0.1990449,-0.3487455,9.895935600000001,0.0052317874307945544,0,0.11641536895223838,0.0,0,0.00023659435810579802
1.046,0.1571562,-0.3023442,9.7791966,0.004725601866892859,0,-0.03374570426011275,0.0,0,0.00023659435810579802
1.062,0.1586277,-0.4221243,9.7791966,0.0043167307220510764,0,-0.025554446552611385,0.0,0,0.00023659435810579802
1.078,0.1586277,-0.3202965,9.6758973,0.0018160414312404782,0,-0.15629308067566225,0.0,0,0.00023659435810579802
1.093,0.18413369999999998,-0.3202965,9.854046900000002,0.0028638689385172,0,0.0698551671517819,0.0,0,0.00023659435810579802
1.109,0.20954160000000002,-0.33226469999999997,9.854046900000002,0.00390885939260599,0,0.06531190338054932,0.0,0,0.00023659435810579802
1.125,0.20954160000000002,-0.33981839999999996,9.7656588,0.003206740107302153,0,-0.04388245533148978,2.9053753110224595e-05,0,0.00023682678813067982
1.156,0.18864630000000002,-0.34580249999999996,9.8076456,0.003336761919241482,0,0.004194251998042891,0.0,0,0.0002372771213038883
1.171,0.18864630000000002,-0.3487455,9.759674700000001,0.002526441504814514,0,-0.05402136096179743,0.0,0,0.0002372771213038883
1.187,0.1526436,-0.3487455,9.7672284,0.001867675742968089,0,-0.04117286011540152,0.0,0,0.0002372771213038883
1.203,0.1392039,-0.3202965,9.8764137,0.003338336978440992,0,0.09191632721705636,0.0,0,0.0002372771213038883
1.218,0.1631403,-0.3367773,9.8764137,0.004798083218437554,0,0.09731641599977145,0.0,0,0.0002372771213038883
1.25,0.1631403,-0.3307932,9.7582032,0.003909025501938501,0,-0.027783053640595388,0.0,0,0.0002372771213038883
1.265,0.16765290000000002,-0.3307932,9.860031000000001,0.0050340970130644536,0,0.07500476740839732,1.866340982073153e-05,0,0.0002374170968775438
1.281,0.205029,-0.3712104,9.860031000000001,0.006179135704144301,0,0.07156491819249038,0.0,0,0.00023756640415610966
1.296,0.205029,-0.3008727,9.774684,0.00558243568935346,0,-0.03978000098605572,0.0,0,0.00023756640415610966
1.312,0.15421320000000002,-0.3008727,9.7417224,0.004333219392693266,0,-0.07807601854126205,0.0,0,0.00023756640415610966
1.328,0.1272357,-0.4027005000000001,9.7417224,0.0031729073700130783,0,-0.07251950141751166,0.0,0,0.00023756640415610966
1.343,0.1272357,-0.3098979,9.783611100000002,0.0027897081523455824,0,-0.02554661451116656,0.0,0,0.00023756640415610966
1.359,0.173637,-0.3098979,9.800091900000002,0.002750944311054937,0,-0.00242274008066534,0.0,0,0.00023756640415610966
1.375,0.2514303,-0.34580249999999996,9.8076456,0.0029174983454041126,0,0.010409627146823466,0.0,0,0.00023756640415610966
1.39,0.1990449,-0.3278502,9.8076456,0.0030451387799192986,0,0.008509362301012457,1.5067467584152505e-05,0,0.0002376794101629908
1.406,0.1990449,-0.33981839999999996,9.8809263,0.004613985990779668,0,0.09805295067877298,0.0,0,0.00023779994990366402
1.421,0.18413369999999998,-0.33981839999999996,9.7732125,0.0040360031497179705,0,-0.03853218940411283,0.0,0,0.00023779994990366402
1.437,0.1511721,-0.39220380000000005,9.7732125,0.003496710793978508,0,-0.033705772233716375,0.0,0,0.00023779994990366402
1.453,0.1511721,-0.36375480000000004,9.836094600000001,0.004178426104060051,0,0.042607206880096414,0.0,0,0.00023779994990366402
1.468,0.1661814,-0.36375480000000004,9.851005800000001,0.005143653733231446,0,0.06434850861142673,0.0,0,0.00023779994990366402
1.5,0.19757340000000004,-0.2994012,9.8584614,0.00620496183138286,0,0.033165878067231674,1.4371638850870644e-05,0,0.00023802989612527794
1.515,0.2065986,-0.2994012,9.747706500000001,0.005078914006439561,0,-0.07506985499622044,0.0,0,0.00023813768341665947
1.531,0.15568469999999998,-0.3427614,9.7013052,0.0030752435822538615,0,-0.1252294015116061,0.0,0,0.00023813768341665947
1.546,0.1466595,-0.3562992,9.7013052,0.0011176618391601778,0,-0.13050544953957782,0.0,0,0.00023813768341665947
1.562,0.1466595,-0.36973890000000004,9.7222986,-0.00038039254582145077,0,-0.0936283990613517,0.0,0,0.00023813768341665947
1.578,0.16912439999999998,-0.36973890000000004,9.7791966,-0.0007272473880561847,0,-0.02167842763967085,0.0,0,0.00023813768341665947
1.593,0.2260224,-0.36071369999999997,9.7791966,-0.0010513848076811882,0,-0.02160916130833371,0.0,0,0.00023813768341665947
1.609,0.2260224,-0.318825,9.788123700000002,-0.0012227769827166668,0,-0.0107120109397174,0.0,0,0.00023813768341665947
1.625,0.18413369999999998,-0.318825,9.774684,-0.0016713412775022363,0,-0.028035268424098068,0.0,0,0.00023813768341665947
1.656,0.1781496,-0.2843919,9.774684,-0.002134102448698272,0,-0.014927779716001188,0.0,0,0.00023813768341665947
1.671,0.1781496,-0.4161402,9.7342668,-0.0032869388563039337,0,-0.07685576050704349,0.0,0,0.00023813768341665947
1.687,0.21101310000000004,-0.4161402,9.776155500000002,-0.0035838950037767603,0,-0.018559759217051646,0.0,0,0.00023813768341665947
1.703,0.22455090000000003,-0.36669779999999996,9.800091900000002,-0.003439006922198118,0,0.009055505098665142,0.0,0,0.00023813768341665947
1.718,0.2200383,-0.3173535,9.800091900000002,-0.0033327029796890173,0,0.007086929500606752,0.0,0,0.00023813768341665947
1.734,0.2200383,-0.34128990000000003,9.8674866,-0.001892385120530804,0,0.09001986619738825,0.0,0,0.00023813768341665947
1.75,0.1586277,-0.34128990000000003,9.749178,-0.0028214655042972936,0,-0.05806752398540555,0.0,0,0.00023813768341665947
1.765,0.1437165,-0.3503151,9.749178,-0.003730586638191369,0,-0.060608075592938744,0.0,0,0.00023813768341665947
1.781,0.17667810000000003,-0.318825,9.8016615,-0.0036040702293398397,0,0.007907275553220565,0.0,0,0.00023813768341665947
1.796,0.21101310000000004,-0.3338343,9.8016615,-0.0034569392218184447,0,0.009808733834759583,0.0,0,0.00023813768341665947
1.812,0.21101310000000004,-0.3652263,9.7732125,-0.003848068441541841,0,-0.024445576232712242,0.0,0,0.00023813768341665947
1.828,0.2006145,-0.34580249999999996,9.7686999,-0.0043380689001732975,0,-0.03062502866446601,0.0,0,0.00023813768341665947
1.843,0.1661814,-0.34580249999999996,9.8091171,-0.004039240650905995,0,0.019921883284486946,-5.059379445549253e-05,0,0.00023775822995824328
1.859,0.1990449,-0.33530580000000004,9.8091171,-0.0037414248916771697,0,0.018613484951801578,0.0,0,0.00023735347960259935
1.875,0.1990449,-0.3592422,9.862974000000001,-0.0023777480220665836,0,0.08522980435066156,0.0,0,0.00023735347960259935
1.89,0.1781496,-0.3592422,9.714843,-0.003950733101991233,0,-0.1048656719949773,0.0,0,0.00023735347960259935
1.906,0.1870767,-0.3248091,9.714843,-0.005513338685780411,0,-0.09766284898682356,0.0,0,0.00023735347960259935
1.921,0.1870767,-0.3487455,9.7686999,-0.005973900108807939,0,-0.030704094868501605,0.0,0,0.00023735347960259935
1.953,0.2140542,-0.3487455,9.783611100000002,-0.006122458910610362,0,-0.004642462556325717,-6.46647201088188e-05,0,0.00023631884408085825
1.968,0.1946304,-0.3338343,9.783611100000002,-0.006286243694605176,0,-0.010918985599654315,0.0,0,0.00023583385868004213
1.984,0.1946304,-0.3487455,9.818044200000001,-0.005762027058167973,0,0.03276353977732513,0.0,0,0.00023583385868004213
2.0,0.16166880000000003,-0.2994012,9.7372098,-0.0068757510256443055,0,-0.0696077479672707,0.0,0,0.00023583385868004213
2.015,0.17667810000000003,-0.2994012,9.7941078,-0.0068475864963932764,0,0.0018776352834019231,0.0,0,0.00023583385868004213
2.031,0.1721655,-0.37572300000000003,9.7941078,-0.006770009622814044,0,0.004848554598702033,-6.708418070956387e-05,0,0.00023529718523436561
2.046,0.1721655,-0.3532581,9.7627158,-0.007325365822355323,0,-0.03702374663608607,0.0,0,0.0002347940538790439
2.062,0.1466595,-0.3532581,9.806076000000001,-0.007028441416569109,0,0.018557775361638367,0.0,0,0.0002347940538790439
2.078,0.1377324,-0.34580249999999996,9.806076000000001,-0.006745082333928565,0,0.01770994266503399,0.0,0,0.0002347940538790439
2.093,0.1377324,-0.3503151,9.7971489,-0.006639053226914271,0,0.007068607134286194,0.0,0,0.0002347940538790439
2.125,0.20954160000000002,-0.36071369999999997,9.7656588,-0.007119668342113528,0,-0.015019222349976755,-0.00021833870627447445,0,0.0002313006345786523
2.14,0.20954160000000002,-0.34128990000000003,9.7895952,-0.007135588674223925,0,-0.0010613554740264805,0.0,0,0.00022966309428159372
2.156,0.1856052,-0.3996594,9.8105886,-0.006706168398219248,0,0.026838767250292304,0.0,0,0.00022966309428159372
2.171,0.142245,-0.3996594,9.7866522,-0.0067682622717040175,0,-0.004139591565651408,-3.704542050097029e-05,0,0.00022938525362783645
2.187,0.19011780000000003,-0.36071369999999997,9.7866522,-0.006842852533930355,0,-0.0046618913891460735,0.0,0,0.00022908889026382868
2.203,0.19011780000000003,-0.35178660000000006,9.8136297,-0.006393815806399417,0,0.02806479547068361,0.0,0,0.00022908889026382868
2.218,0.2006145,-0.35178660000000006,9.7986204,-0.0062435391765198744,0,0.010018441991969393,0.0,0,0.00022908889026382868
2.234,0.20355750000000003,-0.30685680000000004,9.7986204,-0.0061246056085355605,0,0.007433347999019617,0.0,0,0.00022908889026382868
2.25,0.20355750000000003,-0.33981839999999996,9.8165727,-0.005634974194178355,0,0.03060196339732532,-3.9629644742734255e-05,0,0.0002287718531058868
2.265,0.1661814,-0.33981839999999996,9.788123700000002,-0.005726142886992136,0,-0.006077912854252026,0.0,0,0.0002284746307703163
2.281,0.1511721,-0.36973890000000004,9.788123700000002,-0.005799043335818155,0,-0.004556278051626168,0.0,0,0.0002284746307703163
2.296,0.1511721,-0.34580249999999996,9.7672284,-0.006297062894148553,0,-0.03320130388869392,0.0,0,0.0002284746307703163
2.312,0.1287072,-0.3547296,9.827069400000001,-0.005612867676969557,0,0.04276220107368719,0.0,0,0.0002284746307703163
2.328,0.20208600000000002,-0.3547296,9.845021700000002,-0.004566188307393304,0,0.06541746059851578,0.0,0,0.0002284746307703163
2.343,0.20355750000000003,-0.2649681,9.845021700000002,-0.0035947911318636727,0,0.06475981170197488,-4.567954759701967e-05,0,0.00022813203416333864
2.375,0.20355750000000003,-0.36826739999999997,9.8165727,-0.0031346629592778896,0,0.01437900539330571,0.0,0,0.00022740116140178632
2.39,0.1946304,-0.36826739999999997,9.8524773,-0.0019837226168029076,0,0.07672935616499817,0.0,0,0.00022740116140178632
2.406,0.1302768,-0.35777070000000005,9.8524773,-0.0008837158242211984,0,0.06875042453635677,0.0,0,0.00022740116140178632
2.421,0.1302768,-0.3771945,9.834525,-0.00014280042168124396,0,0.04939436016933135,0.0,0,0.00022740116140178632
2.437,0.1915893,-0.3771945,9.714843,-0.0017412678012309613,0,-0.09990421122185725,0.0,0,0.00022740116140178632
2.453,0.19011780000000003,-0.315882,9.7732125,-0.00220812558276684,0,-0.029178611345992398,0.0,0,0.00022740116140178632
2.468,0.19011780000000003,-0.347274,9.833053500000002,-0.0014725648466651364,0,0.04903738240677983,0.0,0,0.00022740116140178632
2.484,0.1571562,-0.347274,9.7567317,-0.0022582047122057247,0,-0.049102491596286726,0.0,0,0.00022740116140178632
2.5,0.1571562,-0.33824879999999996,9.7567317,-0.003034652140797789,0,-0.04852796428700397,0.0,0,0.00022740116140178632
2.515,0.1571562,-0.36973890000000004,9.783611100000002,-0.0032468882989231673,0,-0.014149077208358445,0.0,0,0.00022740116140178632
2.531,0.145188,-0.36973890000000004,9.856989900000002,-0.0020209615843569395,0,0.07662041966038917,0.0,0,0.00022740116140178632
2.546,0.15568469999999998,-0.3503151,9.856989900000002,-0.0008298339318351111,0,0.07940851016812359,0.0,0,0.00022740116140178632
2.578,0.15568469999999998,-0.38023560000000006,9.8375661,-2.0866336033265043e-05,0,0.02528023736880767,0.0,0,0.00022740116140178632
2.593,0.2065986,-0.38023560000000006,9.7941078,-6.069222152405018e-05,0,-0.0026550590327189872,0.0,0,0.00022740116140178632
2.609,0.16765290000000002,-0.33530580000000004,9.7941078,-0.00014646873823309647,0,-0.005361032294315389,0.0,0,0.00022740116140178632
2.625,0.17069399999999998,-0.33226469999999997,9.8076456,3.3689632529032565e-05,0,0.011259898172633055,0.0,0,0.00022740116140178632
2.656,0.1571562,-0.33226469999999997,9.7672284,-0.0005860539150468469,0,-0.01999172734115731,-4.8183457252506945e-06,0,0.00022732647704304493
2.671,0.16166880000000003,-0.3547296,9.7672284,-0.0011767229821746383,0,-0.039377937808520266,0.0,0,0.00022729033945010556
2.687,0.16166880000000003,-0.34128990000000003,9.7941078,-0.0012385378715613626,0,-0.0038634305866702655,0.0,0,0.00022729033945010556
2.703,0.16019730000000001,-0.34128990000000003,9.8196138,-0.0007998659744057335,0,0.027416993572226798,0.0,0,0.00022729033945010556
2.718,0.18413369999999998,-0.34580249999999996,9.7656588,-0.0014155752136577604,0,-0.041047282616801455,0.0,0,0.00022729033945010556
2.75,0.1721655,-0.34580249999999996,9.7552602,-0.0022272239182683506,0,-0.025364022019080924,0.0,0,0.00022729033945010556
2.765,0.18413369999999998,-0.34580249999999996,9.7552602,-0.003018675815088301,0,-0.05276345978799624,0.0,0,0.00022729033945010556
2.781,0.18413369999999998,-0.318825,9.7926363,-0.003080269508593858,0,-0.0038496058440973223,0.0,0,0.00022729033945010556
2.796,0.173637,-0.3053853,9.8495343,-0.002037871872518693,0,0.06949317573834583,0.0,0,0.00022729033945010556
2.812,0.18109260000000002,-0.3053853,9.877983300000002,-0.0004558201034132736,0,0.09887823556908862,0.0,0,0.00022729033945010556
2.828,0.1721655,-0.36973890000000004,9.877983300000002,0.00113517211473102,0,0.09943701363401827,0.0,0,0.00022729033945010556
2.843,0.1721655,-0.36973890000000004,9.854046900000002,0.002226027762018745,0,0.07272370981918107,0.0,0,0.00022729033945010556
2.875,0.21101310000000004,-0.3338343,9.7806681,0.0018475422784707263,0,-0.01182767136087558,0.0,0,0.00022729033945010556
2.89,0.21101310000000004,-0.3173535,9.7672284,0.001202405493165415,0,-0.04300911902035374,0.0,0,0.00022729033945010556
2.906,0.1586277,-0.3173535,9.735738300000001,-6.65489559263932e-05,0,-0.07930965306823794,0.0,0,0.00022729033945010556
2.921,0.2215098,-0.32333760000000006,9.735738300000001,-0.001282710450286828,0,-0.08107743295736405,0.0,0,0.00022729033945010556
2.937,0.2215098,-0.3487455,9.845021700000002,-0.00031693820168676723,0,0.06036076553750375,0.0,0,0.00022729033945010556
2.953,0.16765290000000002,-0.3173535,9.834525,0.00038255416182053636,0,0.04371827271920643,0.0,0,0.00022729033945010556
2.968,0.19011780000000003,-0.3173535,9.883967400000001,0.0020451148356190885,0,0.11083737825323589,0.0,0,0.00022729033945010556
2.984,0.1571562,-0.36375480000000004,9.883967400000001,0.0036950556174950577,0,0.10312129886724798,0.0,0,0.00022729033945010556
3.0,0.1571562,-0.3248091,9.877983300000002,0.005168807584515989,0,0.0921094979388081,0.0,0,0.00022729033945010556
3.015,0.1915893,-0.3248091,9.8120601,0.005333907961116324,0,0.011006691773355616,0.0,0,0.00022729033945010556
3.031,0.16765290000000002,-0.3487455,9.8120601,0.005503282650291652,0,0.01058591807345798,0.0,0,0.00022729033945010556
3.046,0.16765290000000002,-0.32932170000000005,9.831582000000001,0.006038698028634215,0,0.03569435855617163,0.0,0,0.00022729033945010556
3.062,0.173637,-0.32932170000000005,9.7986204,0.005919808735740162,0,-0.0074305808058783215,0.0,0,0.00022729033945010556
3.093,0.19011780000000003,-0.35777070000000005,9.7986204,0.005828786364004301,0,-0.002936205539866454,0.0,0,0.00022729033945010556
3.109,0.1437165,-0.37572300000000003,9.7656588,0.005091466923767385,0,-0.04608246501480724,8.255603524954386e-05,0,0.00022795078773210192
3.125,0.19757340000000004,-0.37572300000000003,9.8120601,0.005296016135110548,0,0.012784325708947707,0.0,0,0.00022861123601409828
3.14,0.21552570000000001,-0.32932170000000005,9.8120601,0.005471298617239384,0,0.011685498808588948,0.0,0,0.00022861123601409828
3.156,0.21552570000000001,-0.3592422,9.743193900000001,0.004314631759056553,0,-0.07229167863642687,0.0,0,0.00022861123601409828
3.171,0.19757340000000004,-0.3592422,9.7851807,0.0039957348845334195,0,-0.021259791634876023,0.0,0,0.00022861123601409828
3.187,0.16019730000000001,-0.33824879999999996,9.7851807,0.0036550450110475197,0,-0.021293117092868723,0.0,0,0.00022861123601409828
3.203,0.16019730000000001,-0.36669779999999996,9.8824959,0.005247676310345284,0,0.09953945620611018,1.9453962936271524e-05,0,0.00022876686771758844
3.218,0.16765290000000002,-0.36669779999999996,9.827069400000001,0.005725616833071712,0,0.03186270151509492,0.0,0,0.0002289127724396105
3.234,0.1571562,-0.3562992,9.827069400000001,0.006183292990060707,0,0.028604759811812184,0.0,0,0.0002289127724396105
3.265,0.16912439999999998,-0.33226469999999997,9.7627158,0.005358467902658148,0,-0.026607260883953387,0.0,0,0.0002289127724396105
3.281,0.16912439999999998,-0.3307932,9.821085300000002,0.005692513850656056,0,0.020877871749869197,0.0,0,0.0002289127724396105
3.296,0.16166880000000003,-0.3307932,9.800091900000002,0.005606203956652678,0,-0.005753992933558653,4.907047151542915e-05,0,0.0002292808009759762
3.312,0.18266220000000002,-0.3173535,9.800091900000002,0.005520104655156288,0,-0.005381206343524342,0.0,0,0.00022967336474809962
3.328,0.18266220000000002,-0.36375480000000004,9.7372098,0.004235372235633861,0,-0.08029577622015165,0.0,0,0.00022967336474809962
3.343,0.1915893,-0.36375480000000004,9.8136297,0.004476297492951531,0,0.016061683821177876,0.0,0,0.00022967336474809962
3.359,0.1856052,-0.33824879999999996,9.8136297,0.004692372798654532,0,0.013504706606437532,0.0,0,0.00022967336474809962
3.375,0.1856052,-0.347274,9.777627,0.004205021686120247,0,-0.03045944453339275,0.0,0,0.00022967336474809962
3.39,0.1856052,-0.37425150000000007,9.759674700000001,0.003395042526351588,0,-0.053998610651243485,0.0,0,0.00022967336474809962
3.406,0.17667810000000003,-0.34580249999999996,9.7447635,0.0022849941818634534,0,-0.06937802153050837,2.8431571970920916e-05,0,0.00022990081732386698
3.437,0.17667810000000003,-0.3083283,9.7536906,0.0013469926310563096,0,-0.030258114542166224,0.0,0,0.00023034150668941626
3.453,0.17069399999999998,-0.3083283,9.800091900000002,0.0013345341124040289,0,-0.0007786574157675468,0.0,0,0.00023034150668941626
3.468,0.1482291,-0.36973890000000004,9.800091900000002,0.0013567839208210586,0,0.0014833205611353027,0.0,0,0.00023034150668941626
3.484,0.1482291,-0.36071369999999997,9.7821396,0.0010202807353838494,0,-0.021031449089825554,0.0,0,0.00023034150668941626
3.5,0.16765290000000002,-0.36071369999999997,9.788123700000002,0.0008137584310929924,0,-0.012907644018178554,0.0,0,0.00023034150668941626
3.515,0.2006145,-0.3367773,9.788123700000002,0.0006067251983132849,0,-0.013802215518647054,0.0,0,0.00023034150668941626
3.531,0.2006145,-0.33824879999999996,9.7536906,-0.0002698670755290067,0,-0.05478701711514317,0.0,0,0.00023034150668941626
3.546,0.17510850000000003,-0.33824879999999996,9.8255979,0.00026998485668272565,0,0.03599012881411626,0.0,0,0.00023034150668941626
3.562,0.16166880000000003,-0.318825,9.8255979,0.0007820127187727621,0,0.03200174138062725,0.0,0,0.00023034150668941626
3.578,0.1631403,-0.3218661,9.803133,0.0008462294129696346,0,0.004013543387304527,0.0,0,0.00023034150668941626
3.593,0.1631403,-0.3262806,9.8644455,0.002113426020132536,0,0.0844797738108594,0.0,0,0.00023034150668941626
3.625,0.18266220000000002,-0.3262806,9.8151012,0.0023956428270395236,0,0.00881927521584335,0.0,0,0.00023034150668941626
3.64,0.1796211,-0.34128990000000003,9.8076456,0.002535151752841358,0,0.009300595053455556,0.0,0,0.00023034150668941626
3.656,0.173637,-0.34128990000000003,9.7536906,0.001612682398453913,0,-0.05765433464921527,0.0,0,0.00023034150668941626
3.671,0.18266220000000002,-0.31284090000000003,9.7536906,0.0006928389919718114,0,-0.06132289376547474,0.0,0,0.00023034150668941626
3.703,0.18266220000000002,-0.34128990000000003,9.803133,0.0007784232130276791,0,0.002674506907995864,0.0,0,0.00023034150668941626
3.718,0.19757340000000004,-0.34128990000000003,9.752219100000001,-0.00012950575029613276,0,-0.060528597554920294,0.0,0,0.00023034150668941626
3.734,0.17510850000000003,-0.33981839999999996,9.856989900000002,0.001023720691735619,0,0.07207665262698441,0.0,0,0.00023034150668941626
3.75,0.142245,-0.3503151,9.856989900000002,0.00215116913081026,0,0.07046552744216499,0.0,0,0.00023034150668941626
3.765,0.142245,-0.3338343,9.7895952,0.0019247400411348536,0,-0.015095272645026955,0.0,0,0.00023034150668941626
3.781,0.2230794,-0.3338343,9.800091900000002,0.0019379471059206566,0,0.0008254415491126813,0.0,0,0.00023034150668941626
3.796,0.18413369999999998,-0.40711500000000006,9.800091900000002,0.0019893122446497102,0,0.003424342581936985,2.8527326316918344e-05,0,0.00023055546163679315
3.812,0.18413369999999998,-0.3427614,9.7656588,0.001316812718341609,0,-0.042031220394256295,0.0,0,0.0002307836802473285
3.828,0.1915893,-0.3427614,9.854046900000002,0.002392022612045963,0,0.06720061835652208,0.0,0,0.0002307836802473285
3.843,0.1870767,-0.3367773,9.854046900000002,0.00344040861154582,0,0.06989239996665654,0.0,0,0.0002307836802473285
3.859,0.18413369999999998,-0.3307932,9.774684,0.0029082016369716968,0,-0.03326293591088267,0.0,0,0.0002307836802473285
3.875,0.2080701,-0.3218661,9.830012400000001,0.0034740419155738778,0,0.03536501741263628,0.0,0,0.0002307836802473285
3.89,0.1721655,-0.3831786,9.830012400000001,0.004058259986233992,0,0.03894787137734062,0.0,0,0.0002307836802473285
3.906,0.1721655,-0.315882,9.7911648,0.003822934324796634,0,-0.014707853839834847,0.0,0,0.0002307836802473285
3.937,0.19610190000000002,-0.315882,9.7926363,0.0036298753825150243,0,-0.006227707815535862,0.0,0,0.0002307836802473285
3.953,0.2065986,-0.3562992,9.7926363,0.0034720076015641865,0,-0.009866736309427351,2.2112506337160914e-05,0,0.00023096058029802578
3.968,0.2065986,-0.34128990000000003,9.7941078,0.0033355908809351575,0,-0.009094448041935191,0.0,0,0.00023112642409555447
3.984,0.16166880000000003,-0.34128990000000003,9.7986204,0.0032737159300868512,0,-0.00386718442801914,0.0,0,0.00023112642409555447
4.0,0.1781496,-0.3503151,9.7986204,0.003224893818273955,0,-0.0030513819883060097,0.0,0,0.00023112642409555447
4.015,0.1781496,-0.3652263,9.800091900000002,0.0032165236492751603,0,-0.0005580112665863269,0.0,0,0.00023112642409555447
4.031,0.19610190000000002,-0.3652263,9.7911648,0.0030401483694983966,0,-0.011023454986047721,0.0,0,0.00023112642409555447
4.046,0.173637,-0.3712104,9.8016615,0.0030689683593898565,0,0.0019213326594305833,0.0,0,0.00023112642409555447
4.078,0.2140542,-0.36973890000000004,9.8091171,0.00325784208621549,0,0.0059023039633010425,0.0,0,0.00023112642409555447
4.093,0.1646118,-0.36973890000000004,9.8165727,0.0035703810347289533,0,0.020835929900897998,0.0,0,0.00023112642409555447
4.109,0.20208600000000002,-0.3367773,9.8165727,0.0038672657307099456,0,0.018555293498812003,3.415702471472326e-05,0,0.00023139968029327226
4.125,0.20208600000000002,-0.35178660000000006,9.777627,0.0034056549075671683,0,-0.02885067644642356,0.0,0,0.00023167293649099005
4.14,0.1870767,-0.35178660000000006,9.771642900000002,0.0028300055196641694,0,-0.03837662586020075,0.0,0,0.00023167293649099005
4.156,0.18109260000000002,-0.34580249999999996,9.771642900000002,0.0022592499086258044,0,-0.03567222568989777,0.0,0,0.00023167293649099005
4.171,0.18109260000000002,-0.3307932,9.8584614,0.0033905729937711016,0,0.07542153900968361,0.0,0,0.00023167293649099005
4.187,0.2080701,-0.3307932,9.8046045,0.0034549615208909756,0,0.004024282944992127,0.0,0,0.00023167293649099005
4.203,0.1796211,-0.31136939999999996,9.8196138,0.0037887064195967213,0,0.020859056169109085,0.0,0,0.00023167293649099005
4.218,0.2274939,-0.3143124,9.8196138,0.004137188898386768,0,0.02323216525267026,0.0,0,0.00023167293649099005
4.234,0.2274939,-0.34580249999999996,9.7567317,0.003267693600204069,0,-0.05434345613641862,0.0,0,0.00023167293649099005
4.25,0.1856052,-0.34580249999999996,9.764187300000001,0.0025439443878809698,0,-0.045234325770193665,8.555663895751242e-08,0,0.0002316736209441017
4.265,0.205029,-0.3307932,9.764187300000001,0.0018318103233578853,0,-0.04747560430153998,0.0,0,0.00023167426261889388
4.296,0.16765290000000002,-0.36071369999999997,9.8285409,0.0024012189001130224,0,0.018368018605004078,0.0,0,0.00023167426261889388
4.312,0.18413369999999998,-0.34580249999999996,9.8285409,0.0029547409967207727,0,0.03459513103798437,0.0,0,0.00023167426261889388
4.328,0.18413369999999998,-0.34580249999999996,9.8105886,0.0031456836589409676,0,0.011933916388762168,0.0,0,0.00023167426261889388
4.343,0.18266220000000002,-0.34580249999999996,9.752219100000001,0.0021887570990219984,0,-0.0637951039945993,0.0,0,0.00023167426261889388
4.359,0.16019730000000001,-0.3547296,9.771642900000002,0.0016296951523138148,0,-0.03494137166926145,0.0,0,0.00023167426261889388
4.375,0.2065986,-0.34580249999999996,9.771642900000002,0.001092387992171595,0,-0.0335816975088887,0.0,0,0.00023167426261889388
4.39,0.2065986,-0.34128990000000003,9.7851807,0.000827734472387931,0,-0.017643567985577986,0.0,0,0.00023167426261889388
4.406,0.20954160000000002,-0.34128990000000003,9.7656588,0.00018703473661041414,0,-0.04004373348609477,0.0,0,0.00023167426261889388
4.421,0.1990449,-0.3307932,9.7656588,-0.0004524809425809906,0,-0.0426343786127587,0.0,0,0.00023167426261889388
4.453,0.1990449,-0.3202965,9.788123700000002,-0.0006461520010851984,0,-0.00605222057825649,0.0,0,0.00023167426261889388
4.468,0.145188,-0.3202965,9.7895952,-0.0008257476171618094,0,-0.011973041071774323,0.0,0,0.00023167426261889388
4.484,0.1781496,-0.3622833,9.7895952,-0.0009624765568734261,0,-0.008545558731976037,0.0,0,0.00023167426261889388
4.5,0.2065986,-0.31284090000000003,9.7536906,-0.0018224678455158738,0,-0.05374945554015293,0.0,0,0.00023167426261889388
4.515,0.18864630000000002,-0.33226469999999997,9.7971489,-0.0018086644649244477,0,0.0009202253727617637,0.0,0,0.00023167426261889388
4.531,0.1661814,-0.3427614,9.7971489,-0.0017960173022579795,0,0.0007904476666542586,0.0,0,0.00023167426261889388
4.546,0.1661814,-0.34128990000000003,9.7627158,-0.002459275465479749,0,-0.044217210881449615,0.0,0,0.00023167426261889388
4.562,0.23347800000000002,-0.34128990000000003,9.8151012,-0.002056292160476758,0,0.0251864565626869,0.0,0,0.00023167426261889388
4.578,0.15568469999999998,-0.3487455,9.8151012,-0.001686290874454599,0,0.023125080376384922,0.0,0,0.00023167426261889388
4.609,0.15568469999999998,-0.34580249999999996,9.8584614,-0.0004760158318788399,0,0.03904113040567003,0.0,0,0.00023167426261889388
4.625,0.2080701,-0.34580249999999996,9.7582032,-0.0012347216177630571,0,-0.047419111617763535,0.0,0,0.00023167426261889388
4.64,0.1781496,-0.3427614,9.7582032,-0.001992253426070789,0,-0.05050212055384988,0.0,0,0.00023167426261889388
4.656,0.1781496,-0.34580249999999996,9.8165727,-0.001589232402317009,0,0.025188813984611237,0.0,0,0.00023167426261889388
4.671,0.19610190000000002,-0.35777070000000005,9.788123700000002,-0.0017363475104730242,0,-0.009807673877067304,0.0,0,0.00023167426261889388
4.687,0.1661814,-0.35777070000000005,9.7971489,-0.0017146047937774966,0,0.0013589197934704687,0.0,0,0.00023167426261889388
4.703,0.19011780000000003,-0.36826739999999997,9.7971489,-0.0016771414791332262,0,0.0023414571652669003,0.0,0,0.00023167426261889388
4.718,0.19011780000000003,-0.33824879999999996,9.743193900000001,-0.002718726077176825,0,-0.06943897320290808,0.0,0,0.00023167426261889388
4.734,0.16765290000000002,-0.33824879999999996,9.8091171,-0.0024563195385134406,0,0.016400408666461516,0.0,0,0.00023167426261889388
4.765,0.19757340000000004,-0.33226469999999997,9.7582032,-0.0031896851963910677,0,-0.02365695670573014,0.0,0,0.00023167426261889388
4.781,0.20208600000000002,-0.33226469999999997,9.851005800000001,-0.002088631537743524,0,0.06881585366547144,0.0,0,0.00023167426261889388
4.796,0.1781496,-0.3307932,9.851005800000001,-0.0010191886163557484,0,0.07129619475918232,0.0,0,0.00023167426261889388
4.812,0.1781496,-0.33981839999999996,9.855518400000001,0.0001237191872913712,0,0.07143173772794491,0.0,0,0.00023167426261889388
4.828,0.17069399999999998,-0.34580249999999996,9.7956774,7.32597721988526e-05,0,-0.0031537134432824106,0.0,0,0.00023167426261889388
4.843,0.23053500000000002,-0.34580249999999996,9.7941078,1.7051005976043143e-05,0,-0.0037472510815207104,0.0,0,0.00023167426261889388
4.859,0.18864630000000002,-0.344331,9.7941078,-5.6632911071829994e-05,0,-0.004605244815492067,0.0,0,0.00023167426261889388
4.875,0.18864630000000002,-0.3367773,9.8091171,0.00016005401219842952,0,0.013542932704391207,0.0,0,0.00023167426261889388
4.89,0.173637,-0.3367773,9.800091900000002,0.00019022885337349749,0,0.0020116560783379075,0.0,0,0.00023167426261889388
4.906,0.1721655,-0.34128990000000003,9.800091900000002,0.00022236210333481665,0,0.002008328122582446,0.0,0,0.00023167426261889388
4.921,0.1721655,-0.3547296,9.7627158,-0.0004690540725036385,0,-0.04609441172256193,0.0,0,0.00023167426261889388
4.937,0.19610190000000002,-0.3547296,9.8076456,-0.0002578466415439351,0,0.01320046443498145,0.0,0,0.00023167426261889388
4.953,0.205029,-0.3547296,9.8076456,-4.720404302283043e-05,0,0.01316516240756903,0.0,0,0.00023167426261889388
4.984,0.205029,-0.3202965,9.764187300000001,-0.0007153880586407979,0,-0.021554323084450776,0.0,0,0.00023167426261889388
5.0,0.18266220000000002,-0.318825,9.7552602,-0.0015550316035444212,0,-0.052477721556476405,0.0,0,0.00023167426261889388
5.015,0.16019730000000001,-0.37866600000000006,9.7672284,-0.0021095701191153893,0,-0.036969234371398665,0.0,0,0.00023167426261889388
5.031,0.16019730000000001,-0.3547296,9.8136297,-0.0017617300875034658,0,0.021740001975745195,0.0,0,0.00023167426261889388
5.046,0.17510850000000003,-0.3547296,9.731225700000001,-0.003030162004847625,0,-0.08456212782294076,0.0,0,0.00023167426261889388
5.062,0.1990449,-0.34580249999999996,9.731225700000001,-0.004271002622685316,0,-0.0775525386148556,-1.474771884348719e-05,0,0.000231556280868146
5.078,0.1990449,-0.32932170000000005,9.7821396,-0.0045011774253183034,0,-0.014385925164561707,0.0,0,0.0002314382991173981
5.093,0.18109260000000002,-0.32932170000000005,9.7627158,-0.005114250856413705,0,-0.04087156207302761,0.0,0,0.0002314382991173981
5.109,0.1856052,-0.35777070000000005,9.7627158,-0.005694028840743215,0,-0.03623612402059436,0.0,0,0.0002314382991173981
5.14,0.1856052,-0.33824879999999996,9.7297542,-0.006921872521971295,0,-0.03960786068477717,0.0,0,0.0002314382991173981
5.156,0.17069399999999998,-0.3592422,9.7297542,-0.00811624747258044,0,-0.0746484344130715,-5.9358539996248044e-05,0,0.00023096343079742813
5.171,0.1930608,-0.3503151,9.7297542,-0.009285389353973272,0,-0.07794279209285253,0.0,0,0.00023051824174745626
5.203,0.1930608,-0.3307932,9.764187300000001,-0.009770355768925043,0,-0.015155200467242821,0.0,0,0.00023051824174745626
5.218,0.1466595,-0.3307932,9.7536906,-0.010467305451799191,0,-0.04646331219161088,-0.0001465451973172052,0,0.00022941915276757725
5.234,0.16166880000000003,-0.2948886,9.7536906,-0.011168506891017671,0,-0.04382508995115493,0.0,0,0.00022824679118903961
5.25,0.16166880000000003,-0.36071369999999997,9.8165727,-0.01058063509043805,0,0.03674198753622623,0.0,0,0.00022824679118903961
5.265,0.1362609,-0.36071369999999997,9.7956774,-0.010421239612679045,0,0.010626365183933936,-0.0001511388921847617,0,0.00022711324949765393
5.281,0.1661814,-0.34128990000000003,9.7956774,-0.010269556251682133,0,0.009480210062307029,0.0,0,0.00022590413836017583
5.296,0.2006145,-0.32932170000000005,9.7986204,-0.010058581569214908,0,0.014064978831147752,0.0,0,0.00022590413836017583
5.312,0.18109260000000002,-0.34580249999999996,9.8495343,-0.00885054497285509,0,0.07550228727248857,-0.00012039930509294373,0,0.00022494094391943228
5.343,0.17510850000000003,-0.36669779999999996,9.8495343,-0.0076535084543394305,0,0.03861408124244101,0.0,0,0.00022307475469049166
5.359,0.17510850000000003,-0.3487455,9.8764137,-0.005966082166125375,0,0.10546414301337838,0.0,0,0.00022307475469049166
5.375,0.16912439999999998,-0.3487455,9.7791966,-0.006218522790826242,0,-0.015777539043804176,-8.264569783378653e-05,0,0.00022241358910782136
5.39,0.1661814,-0.3817071,9.7791966,-0.006442884692752671,0,-0.014957460128428898,0.0,0,0.000221793746374068
5.406,0.1661814,-0.34128990000000003,9.7851807,-0.006574871409368299,0,-0.008249169788476778,0.0,0,0.000221793746374068
5.421,0.18413369999999998,-0.34128990000000003,9.7971489,-0.006463487240189636,0,0.0074256112785772675,0.0,0,0.000221793746374068
5.437,0.20355750000000003,-0.33226469999999997,9.7971489,-0.006352835741568086,0,0.006915718663846875,0.0,0,0.000221793746374068
5.453,0.19610190000000002,-0.347274,9.7851807,-0.00647161118888917,0,-0.0074234654575677725,-8.46621519470063e-05,0,0.00022111644915849194
5.468,0.19610190000000002,-0.3023442,9.866015100000002,-0.005033355551384844,0,0.09588370916695714,0.0,0,0.0002204814830188894
5.484,0.18266220000000002,-0.3023442,9.783611100000002,-0.005243077511465799,0,-0.01310762250505969,0.0,0,0.0002204814830188894
5.5,0.1915893,-0.3592422,9.783611100000002,-0.0054076494001993325,0,-0.010285743045845832,0.0,0,0.0002204814830188894
5.531,0.1930608,-0.33824879999999996,9.8495343,-0.004291492999424662,0,0.036005045186280046,0.0,0,0.0002204814830188894
5.546,0.1856052,-0.3547296,9.8495343,-0.0031886710490347525,0,0.07352146335932451,-4.4804619852800015e-05,0,0.00022014544836999338
5.578,0.1856052,-0.2994012,9.8091171,-0.002935456772117817,0,0.007912946153654225,0.0,0,0.0002194285744523486
5.593,0.1571562,-0.2994012,9.8794548,-0.0013185898127314744,0,0.10779113062575849,0.0,0,0.0002194285744523486
5.609,0.1497006,-0.3907323,9.8809263,0.000355634780863312,0,0.10463903709967405,0.0,0,0.0002194285744523486
5.625,0.1497006,-0.38023560000000006,9.8704296,0.001783367242172318,0,0.08923327883181278,0.0,0,0.0002194285744523486
5.64,0.1915893,-0.38023560000000006,9.895935600000001,0.003696946327986339,0,0.1275719390542708,0.0,0,0.0002194285744523486
5.656,0.17510850000000003,-0.3367773,9.895935600000001,0.005536177122294816,0,0.11495192464427974,0.0,0,0.0002194285744523486
5.671,0.17510850000000003,-0.33981839999999996,9.854046900000002,0.006520649222924391,0,0.06563147337530247,0.0,0,0.0002194285744523486
5.687,0.18109260000000002,-0.33981839999999996,9.9184005,0.008748816291255679,0,0.1392604417707054,0.0,0,0.0002194285744523486
5.703,0.17069399999999998,-0.344331,9.9184005,0.010932730025729143,0,0.13649460840459138,0.0,0,0.0002194285744523486
5.734,0.17069399999999998,-0.3202965,9.958817699999999,0.013850009719641676,0,0.09410579657782459,0.00020384645922187986,0,0.0002225881945702877
5.75,0.1721655,-0.36375480000000004,9.954305100000001,0.016651417682702174,0,0.17508799769128097,0.0,0,0.00022421896624406272
5.765,0.21258269999999999,-0.32932170000000005,9.954305100000001,0.019389713870761938,0,0.1825530792039881,0.00021816636509160506,0,0.00022585521398224974
5.781,0.21258269999999999,-0.36973890000000004,9.9288972,0.02160438536905751,0,0.1384169686434732,4.611915901015992e-05,0,0.00022796949817506385
5.796,0.19011780000000003,-0.36973890000000004,9.9168309,0.023530320484473677,0,0.12839567436107288,0.0,0,0.00022831539186764007
5.812,0.18266220000000002,-0.3996594,9.9168309,0.025438484597835043,0,0.11926025708508525,0.0002763798935701278,0,0.0002305264310162011
5.828,0.18266220000000002,-0.3876912,9.948321,0.027916805736373007,0,0.15489507115862264,0.00020322221624379314,0,0.00023436324789471248
5.843,0.16765290000000002,-0.3876912,9.886910400000001,0.029138316601120096,0,0.08143405764980763,0.00013113563377498139,0,0.00023687093176985322
5.875,0.1946304,-0.344331,9.886910400000001,0.03031411215989266,0,0.03674361121164257,0.0005823744939511852,0,0.0002482870938134719
5.89,0.1946304,-0.33981839999999996,9.9842256,0.03337045463629629,0,0.20375616509357958,0.0005600087449225927,0,0.000256854968105025
5.906,0.18413369999999998,-0.33981839999999996,10.059075900000002,0.037829530484950524,0,0.2786922405408896,0.0006296086258925668,0,0.0002663719070715463
5.921,0.19011780000000003,-0.3278502,10.1054772,0.04310475949078452,0,0.3516819337222528,0.000736615800710601,0,0.0002766185902710704
5.937,0.18864630000000002,-0.35178660000000006,10.1054772,0.04829178322811245,0,0.3241889835829956,0.0009677881424617783,0,0.00029025382181644945
5.953,0.18864630000000002,-0.3173535,10.0875249,0.05300299297093325,0,0.29445060892629965,0.0012781463520541428,0,0.00030822129777257685
5.968,0.1482291,-0.3173535,10.1279421,0.058400620410330006,1,0.3598418292931248,0.002113673452413598,0,0.00033365994630608437
5.984,0.1661814,-0.3173535,10.1069487,0.06328649498222028,1,0.3053671607431416,0.0030871703755539987,0,0.0003752666969298252
6.0,0.1661814,-0.3173535,10.1069487,0.06807656809191798,1,0.29937956935610605,0.0041380748801471065,0,0.00043306865897543406
6.015,0.1781496,-0.344331,10.136967300000002,0.07338218527480933,1,0.3537078121927644,0.00519901553039754,0,0.0005030968370545175
6.031,0.1781496,-0.3262806,10.1593341,0.07901034259196393,1,0.35175983232216235,0.006418155753331725,0,0.0005960342073243516
6.062,0.19610190000000002,-0.3262806,10.1384388,0.0841251992242178,1,0.16499537523399244,0.00894675665148259,0,0.000834190349598978
6.078,0.18109260000000002,-0.3367773,10.133926200000001,0.08905259985251135,1,0.3079625392683469,0.010332179044096425,0,0.0009884218351636103
6.093,0.1796211,-0.36973890000000004,10.133926200000001,0.09390538395312475,1,0.3235189400409006,0.01170436392263867,0,0.00115369590741412
6.109,0.1796211,-0.32932170000000005,10.093509,0.09784375245039278,1,0.24614803107925165,0.01323835701386681,0,0.001353237674906164
6.125,0.2140542,-0.32932170000000005,10.249193700000001,0.10476842263286912,1,0.43279188640477045,0.014859254414532903,0,0.0015780185663333618
6.14,0.2200383,-0.37268190000000007,10.249193700000001,0.11158889071474398,1,0.4546978721250006,0.016481934264639966,0,0.0018130774814271533
6.156,0.2200383,-0.3218661,10.190824200000002,0.11709822263337166,1,0.3443332449142297,0.01831143117142489,0,0.0020914244049156723
6.171,0.1915893,-0.3218661,10.1877831,0.12242868139468399,1,0.3553639174208085,0.020107882951635375,0,0.002379569260838635
6.187,0.1631403,-0.36071369999999997,10.1877831,0.12767041607808594,1,0.3276084177126212,0.02210867573141754,0,0.0027173017303030586
6.203,0.1631403,-0.37425150000000007,10.171302299999999,0.13249604576028062,1,0.3016018551371677,0.024190007426124475,0,0.003087691195563395
6.218,0.20208600000000002,-0.37425150000000007,10.2731301,0.13923565140150984,1,0.44930704274862415,0.026227995154837862,0,0.0034658262149206043
6.234,0.1796211,-0.37425150000000007,10.1863116,0.14413400780818897,1,0.3061472754174452,0.028494952428515456,0,0.003903609795587431
6.25,0.1870767,-0.3278502,10.1863116,0.14890761564351784,1,0.2983504897080544,0.03083928541612911,0,0.004378283698344588
6.265,0.1870767,-0.34580249999999996,10.265674500000001,0.15515424103773512,1,0.41644169294782724,0.03311974934123846,0,0.004857976459024835
6.281,0.1946304,-0.34580249999999996,10.289610900000001,0.16175012690228208,1,0.41224286653418446,0.0356549842847586,0,0.005408174328032812
6.296,0.16019730000000001,-0.35178660000000006,10.289610900000001,0.16820902350659317,1,0.43059310695405656,0.03812967791282526,0,0.005961559294514712
6.312,0.16019730000000001,-0.3652263,10.316588399999999,0.17507902472535086,1,0.42937507617235543,0.04087598229868082,0,0.006593604576206761
6.328,0.1796211,-0.3652263,10.282155300000001,0.18114595555720747,1,0.37918317699103776,0.04372578214094129,0,0.007270418691723739
6.343,0.1586277,-0.3218661,10.282155300000001,0.18705877392247316,1,0.3941878910177213,0.046487317612038837,0,0.007947016939871075
6.359,0.1586277,-0.3622833,10.3419963,0.19405449317231316,1,0.4372324531149992,0.049536223748797126,0,0.008715205270757764
6.375,0.1482291,-0.3622833,10.3345407,0.20076393521642188,1,0.419340127756795,0.05269477117590701,0,0.009533053230155398
6.406,0.21856680000000003,-0.3771945,10.3539645,0.20775724786546057,1,0.22559073061415336,0.05902684951367612,0,0.01126473835084392
6.421,0.2080701,-0.36071369999999997,10.3539645,0.21459769443735688,1,0.4560297714597366,0.06219451158094737,0,0.01217389855905363
6.437,0.2080701,-0.3278502,10.3644612,0.22148827749535904,1,0.4306614411251349,0.0656831993564091,0,0.013196920246552482
6.453,0.1915893,-0.3278502,10.371916800000001,0.22838361516595285,1,0.43095860441211237,0.06928217449769959,0,0.014276643237385353
6.468,0.1796211,-0.32932170000000005,10.371916800000001,0.23514046695698632,1,0.45045678606890754,0.07275860511362156,0,0.015341949084470239
6.484,0.1796211,-0.3427614,10.383885000000001,0.24200787125862178,1,0.4292127688522159,0.07657579181934643,0,0.016536624259933984
6.5,0.2006145,-0.32932170000000005,10.4108625,0.24926823691874667,1,0.45377285375780524,0.08050600068476538,0,0.01779327859996688
6.515,0.2006145,-0.32333760000000006,10.340524799999999,0.2550043230305281,1,0.38240574078543793,0.08428804488438486,0,0.01902923394173548
6.531,0.21258269999999999,-0.32333760000000006,10.475216099999999,0.26327180457590593,1,0.5167175965861133,0.08843425390523633,0,0.02041101233205245
6.546,0.18864630000000002,-0.3622833,10.395853200000001,0.26983822477230035,1,0.43776134642627795,0.09243257912534804,0,0.021767513579781884
6.562,0.1721655,-0.32932170000000005,10.395853200000001,0.27624880445333133,1,0.400661230064436,0.09680127535915309,0,0.023281384415657896
6.578,0.1721655,-0.35178660000000006,10.428814800000001,0.2831939557236911,1,0.4340719543974854,0.10127681744056927,0,0.024866009158055674
6.593,0.1406754,-0.35178660000000006,10.437840000000001,0.2901705209166945,1,0.46510434620023533,0.10557705101537207,0,0.026417413171475203
6.609,0.1721655,-0.36071369999999997,10.437840000000001,0.2970255074837098,1,0.4284366604384578,0.11027461924257531,0,0.028144226533538784
6.625,0.1721655,-0.34128990000000003,10.3584771,0.30217819924404843,1,0.322043235021163,0.11506824889639738,0,0.029946969478650567
6.64,0.2006145,-0.34128990000000003,10.4318559,0.3086776459434617,1,0.4332964466275605,0.11964966773530361,0,0.031707353853388284
6.656,0.1915893,-0.3487455,10.4318559,0.3150511597253782,1,0.3983446113697827,0.12463949818065434,0,0.03366166718071595
6.687,0.1915893,-0.3278502,10.383885000000001,0.3203464447324329,1,0.1708156453888572,0.1344881610497506,0,0.0376781458987873
6.703,0.20355750000000003,-0.3278502,10.3988943,0.3258364599183796,1,0.34312594912166955,0.1396576242869571,0,0.03987131218148096
6.718,0.173637,-0.34128990000000003,10.3704453,0.3306592229130647,1,0.32151753297901303,0.14458134190819283,0,0.04200310442794454
6.734,0.1870767,-0.3487455,10.3704453,0.33539686190940365,1,0.29610243727118374,0.1499097905867726,0,0.044359033487904265
6.75,0.1870767,-0.3427614,10.368973800000001,0.34000886433532607,1,0.2882501516201505,0.15531303639673044,0,0.04680081610377229
6.765,0.18864630000000002,-0.3427614,10.3345407,0.3438563154253593,1,0.25649673933555617,0.16044202524493548,0,0.049168979066084736
6.781,0.18266220000000002,-0.32932170000000005,10.3345407,0.34761765697360225,1,0.23508384676518257,0.16597381702412717,0,0.05178030580423724
6.796,0.18266220000000002,-0.3503151,10.409391,0.35278536197569643,1,0.34451366680626566,0.1712268396662471,0,0.05430931072941514
6.812,0.1781496,-0.3503151,10.3449393,0.3565873535750246,1,0.23762447495800898,0.17690182139065289,0,0.057094340017870344
6.828,0.1870767,-0.34580249999999996,10.3449393,0.36031490912021447,1,0.23297222157436773,0.1826370394922148,0,0.05997065090493329
6.843,0.1870767,-0.33226469999999997,10.307563200000002,0.36322831639730957,1,0.19422715180634437,0.18806361368359611,0,0.06275090580375181
6.859,0.23200650000000003,-0.33226469999999997,10.3300281,0.3665426432369987,1,0.20714542748057044,0.1939017813606706,0,0.06580662896410595
6.875,0.20355750000000003,-0.287433,10.404878400000001,0.3712206882787008,1,0.29237781510638133,0.1998038880127962,0,0.0689562743190937
6.89,0.1946304,-0.3503151,10.404878400000001,0.37584142168248924,1,0.30804889358590226,0.205406853837505,0,0.07199535488297089
6.906,0.1946304,-0.33981839999999996,10.4063499,0.3803935642199292,1,0.2845089085899974,0.21145673372472437,0,0.07533026358346873
6.921,0.2080701,-0.33981839999999996,10.449808200000001,0.38571304639918935,1,0.3546321452839965,0.21720253330436798,0,0.07854520808618703
6.937,0.1571562,-0.3487455,10.449808200000001,0.3909165543438302,1,0.3252192465400536,0.22341557011031213,0,0.08207015291350447
6.953,0.1571562,-0.33530580000000004,10.3883976,0.3948060434929861,1,0.24309307182224216,0.22970135089300664,0,0.08569508828153102
6.968,0.20208600000000002,-0.33530580000000004,10.4886558,0.4005989563683734,1,0.386194191692495,0.2356668883919667,0,0.08918535007616825
6.984,0.1721655,-0.36826739999999997,10.4886558,0.40628948476770077,1,0.35565802495796073,0.24212199592105532,0,0.09300766115067242
7.015,0.1721655,-0.3831786,10.325515500000002,0.4086826730355284,1,0.07719962154282785,0.25475406436700526,0,0.10070924008513729
7.031,0.1930608,-0.3831786,10.3869261,0.4122392732106128,1,0.22228751094277557,0.2613214399369744,0,0.10483784411956913
7.046,0.1946304,-0.36973890000000004,10.3629897,0.41524820591273226,1,0.2005955134746216,0.2675275960303997,0,0.10880421188932458
7.062,0.2140542,-0.33530580000000004,10.3629897,0.4181826946775242,1,0.18340554779949764,0.2741950432351218,0,0.11313799300344876
7.078,0.1332198,-0.3367773,10.3779009,0.4213262383873726,1,0.19647148186552316,0.280911114699641,0,0.11757884226692687
7.093,0.1511721,-0.2724237,10.3779009,0.4243759481793248,1,0.2033139861301498,0.28725388109889105,0,0.12184007973541577
7.109,0.1511721,-0.33226469999999997,10.392910200000001,0.42769414368441794,1,0.20738721906832217,0.294070441833801,0,0.1264906743188773
7.125,0.205029,-0.33226469999999997,10.3659327,0.4304367645240088,1,0.17141380247442925,0.30093548909946843,0,0.13125072176634348
7.14,0.2230794,-0.36826739999999997,10.3659327,0.433156746218172,1,0.18133211294421783,0.30741244043003463,0,0.13581333123781464
7.156,0.2230794,-0.37572300000000003,10.361420100000002,0.4357402326974622,1,0.16146790495563654,0.3143636162613597,0,0.1407875396913458
7.171,0.11526750000000001,-0.3367773,10.307563200000002,0.4371569447727559,1,0.09444747168624325,0.3209103450923866,0,0.14555209440149908
7.187,0.17510850000000003,-0.3367773,10.307563200000002,0.4385623950152393,1,0.08784064015521223,0.32791609981069053,0,0.1507427059607237
7.203,0.19610190000000002,-0.3367773,10.307563200000002,0.43994769444671356,1,0.08658121446714065,0.33494418052638614,0,0.15604558820342032
7.218,0.19610190000000002,-0.3278502,10.3584771,0.4422978219843561,1,0.1566751691761714,0.341561021899619,0,0.16111937722161526
7.234,0.19757340000000004,-0.3278502,10.367404200000001,0.4447773383841618,1,0.15496977498785633,0.34865762318256716,0,0.16664112638227274
7.25,0.16912439999999998,-0.3592422,10.367404200000001,0.44721876107867864,1,0.15258891840730357,0.3557935919782699,0,0.17227673610355945
7.281,0.16912439999999998,-0.34580249999999996,10.407821400000001,0.45039530903906844,1,0.10246928904483318,0.3697066100650948,0,0.1835219892352315
7.296,0.1646118,-0.34580249999999996,10.371916800000001,0.45280462011491807,1,0.1606207383899692,0.37648060953374995,0,0.18911839338222305
7.312,0.19757340000000004,-0.33824879999999996,10.371916800000001,0.45517308561958814,1,0.14802909404187922,0.38374443117962603,0,0.19520019370793007
7.328,0.19757340000000004,-0.37572300000000003,10.4063499,0.45819497726793834,1,0.18886822802188769,0.39105137568272624,0,0.2013985601628289
7.343,0.1856052,-0.37572300000000003,10.440783000000001,0.46182791304644333,1,0.24219571856700425,0.397951547360084,0,0.20731608208564983
7.359,0.18266220000000002,-0.318825,10.4257737,0.4650573986964499,1,0.20184285312541111,0.4053666298540271,0,0.21374262750336273
7.375,0.1631403,-0.33981839999999996,10.4257737,0.4682302112248511,1,0.19830078302507365,0.4128329307333975,0,0.22028822398806214
7.39,0.1631403,-0.37268190000000007,10.404878400000001,0.470953415244626,1,0.18154693465166274,0.41987680793191845,0,0.22653354702805187
7.406,0.17069399999999998,-0.37268190000000007,10.4108625,0.47374284171444536,1,0.17433915436371167,0.42743437798759104,0,0.23331203651540794
7.421,0.16166880000000003,-0.35777070000000005,10.4108625,0.4764645015539699,1,0.1814439893016297,0.4345609330621044,0,0.2397770013482809
7.437,0.16166880000000003,-0.34580249999999996,10.4347989,0.4795938981147536,1,0.19558728504898132,0.4422094002594542,0,0.24679116401485338
7.453,0.2215098,-0.34580249999999996,10.463247899999999,0.4832408551162395,1,0.22793481259286688,0.44991207828530216,0,0.25392813584321144
7.468,0.19610190000000002,-0.33824879999999996,10.463247899999999,0.486801530456475,1,0.23737835601570637,0.45718739617709736,0,0.26073138190167927
7.484,0.19610190000000002,-0.3487455,10.3869261,0.48880373560639967,1,0.12513782187029132,0.4649922383056004,0,0.26810881897754085
7.5,0.145188,-0.3487455,10.3824135,0.49066186837350934,1,0.11613329794435402,0.47282796313743963,0,0.2756113805890852
7.515,0.18266220000000002,-0.3098979,10.4153751,0.4931169349184117,1,0.16367110299349358,0.48020630416212906,0,0.2827591375938318
7.546,0.18109260000000002,-0.36973890000000004,10.430286299999999,0.49585373067290206,1,0.08828373401581682,0.49553534947879646,0,0.29788313322526644
7.562,0.1781496,-0.36973890000000004,10.395853200000001,0.4978612357587977,1,0.12546906786847767,0.5034850692102506,0,0.3058752965747788
7.578,0.1482291,-0.36375480000000004,10.395853200000001,0.49981603919895967,1,0.12217521501012285,0.5114664874099126,0,0.31399490902774013
7.593,0.1482291,-0.36375480000000004,10.3449393,0.5007349167430224,1,0.06125850293751624,0.5189706195794773,0,0.32172318733016037
7.609,0.1646118,-0.36375480000000004,10.3883976,0.5024921228891426,1,0.10982538413251132,0.5269964358965347,0,0.3300909237739685
7.64,0.2140542,-0.37572300000000003,10.3883976,0.5042408742435978,1,0.05641133401468379,0.542600797352092,0,0.34666968088932204
7.656,0.2140542,-0.32932170000000005,10.3988943,0.5061301572098422,1,0.11808018539027898,0.5506837656037196,0,0.35541595739296855
7.671,0.1870767,-0.31284090000000003,10.3764294,0.5075220113245553,1,0.09279027431420302,0.5582861568677279,0,0.36373323181150474
7.687,0.19011780000000003,-0.31284090000000003,10.3988943,0.5093278722584689,1,0.11286630836959678,0.5664209559363921,0,0.3727308887139377
7.703,0.1930608,-0.3503151,10.4003658,0.5111516316973415,1,0.11398496492953648,0.5745847919680386,0,0.3818589346971732
7.718,0.2140542,-0.3503151,10.3883976,0.5127131938565448,1,0.10410414394689112,0.5822637781596925,1,0.390535298973131
7.734,0.1946304,-0.3712104,10.3883976,0.5142508684514446,1,0.09610466218123995,0.5904794906581565,1,0.39991724512367377
7.765,0.1946304,-0.31284090000000003,10.3943817,0.5158380000249263,1,0.051197792692957614,0.6064458681195402,1,0.4184695881847279
7.781,0.2006145,-0.3503151,10.385356500000002,0.5172428327453797,1,0.08780204502834002,0.6147105147817026,1,0.4282388392479379
7.796,0.2006145,-0.33530580000000004,10.4153751,0.5191985973115614,1,0.1303843044121036,0.6224838255071299,1,0.4375177968001045
7.812,0.1377324,-0.36669779999999996,10.3659327,0.5201479590152189,1,0.059335106478597355,0.6307985979577442,1,0.4475440561878235
7.828,0.21709530000000002,-0.36669779999999996,10.371916800000001,0.5212225547664584,1,0.06716223445246688,0.6391295620679976,1,0.45770348146802947
7.843,0.17510850000000003,-0.2664396,10.371916800000001,0.522200563096046,1,0.06520055530584203,0.6469552354519663,1,0.467349117449429
7.859,0.17510850000000003,-0.33981839999999996,10.3749579,0.5232610098405868,1,0.06627792153379714,0.6553189280354594,1,0.47776731075732837
7.875,0.1856052,-0.33981839999999996,10.440783000000001,0.525594034921836,1,0.145814067578076,0.6637097683935588,1,0.4883195403287605
7.89,0.2080701,-0.3053853,10.440783000000001,0.5278687658557004,1,0.15164872892429876,0.6716107393993901,1,0.4983344441372074
7.921,0.2080701,-0.2963601,10.3943817,0.5291845174737855,1,0.04244360058338821,0.6879950652909974,1,0.5194083341099088
7.937,0.17069399999999998,-0.2963601,10.3943817,0.530461125156739,1,0.07978798018459791,0.6964722304320417,1,0.5304840724756932
7.953,0.1856052,-0.3262806,10.3943817,0.5317352703490386,1,0.07963407451871955,0.7049698015960879,1,0.5416956087319182
7.968,0.1856052,-0.3248091,10.440783000000001,0.5338927725730258,1,0.14383348159915313,0.7129620119180032,1,0.5523300973332737
7.984,0.1571562,-0.36669779999999996,10.3704453,0.534647843487944,1,0.04719193218238878,0.721510336846491,1,0.5638058761233896
8.0,0.17069399999999998,-0.36669779999999996,10.3883976,0.5357440407602443,1,0.06851232951876612,0.7300734719204766,1,0.5754185465935253
8.015,0.19757340000000004,-0.3098979,10.3883976,0.5367918360830366,1,0.06985302151948475,0.7381174909968015,1,0.5864299788154053
8.031,0.19757340000000004,-0.3817071,10.407821400000001,0.5382464549950132,1,0.09091368199853891,0.7467177973254259,1,0.5983086611219831
8.046,0.1856052,-0.3817071,10.351021500000002,0.538555442229713,1,0.020599148979984487,0.7547938115546107,1,0.6095699981885825
8.062,0.1930608,-0.2948886,10.351021500000002,0.5388054461435843,1,0.0156252446169569,0.7634126986615971,1,0.6217156502703122
8.078,0.1930608,-0.3427614,10.3824135,0.5396945285610446,1,0.05556765109127055,0.7720406984592342,1,0.6339992774472788
8.093,0.13469129999999999,-0.3427614,10.383885000000001,0.5405769601612747,1,0.058828773348667714,0.7801427346246519,1,0.6456406531954084
8.125,0.16912439999999998,-0.3547296,10.380942000000001,0.5414021711620691,1,0.0257878437748271,0.7974544007258254,1,0.6708822073610161
8.14,0.15421320000000002,-0.38621970000000005,10.3570056,0.5417597064254256,1,0.023835684223763608,0.8055781148077319,1,0.6829049512275183
8.156,0.2006145,-0.38621970000000005,10.3898691,0.5427696192589426,1,0.06311955209481462,0.8142543494132068,1,0.6958636109412858
8.171,0.1796211,-0.34128990000000003,10.3898691,0.5437213841866129,1,0.06345099517802111,0.8224030319390478,1,0.7081385413014267
8.187,0.1796211,-0.31284090000000003,10.371916800000001,0.5442851449789288,1,0.035235049519743954,0.8311070841723722,1,0.7213666222303181
8.203,0.1856052,-0.31284090000000003,10.3779009,0.5449571794842818,1,0.04200215658456404,0.8398210227680779,1,0.7347340470858417
8.218,0.19757340000000004,-0.344331,10.3779009,0.5456399029510894,1,0.04551489778717456,0.8480005008863435,1,0.7473927085132503
8.234,0.19757340000000004,-0.3173535,10.3883976,0.5464980723757584,1,0.0536355890418116,0.8567376046889583,1,0.7610306133578528
8.25,0.21856680000000003,-0.3173535,10.4063499,0.5476994185154886,1,0.07508413373313864,0.8654911846160883,1,0.7748084436722932
8.265,0.2365191,-0.347274,10.4063499,0.5489036206992761,1,0.08028014558582848,0.8737157074101993,1,0.7878524953624908
8.296,0.2365191,-0.3427614,10.4362704,0.5506674884565292,1,0.05689895991139327,0.8907590596021137,1,0.8152018542511806
8.312,0.1930608,-0.3487455,10.3360122,0.5504187298750693,1,-0.015547411341243475,0.8995677493487665,1,0.8295244687227877
8.328,0.20355750000000003,-0.347274,10.430286299999999,0.5520249482480484,1,0.10038864831118924,0.9083872987737515,1,0.8439881091077679
8.343,0.20355750000000003,-0.35178660000000006,10.3988943,0.55298757383453,1,0.06417503909877328,0.9166748926893711,1,0.8576760755437418
8.359,0.17667810000000003,-0.35178660000000006,10.3779009,0.5535103557328078,1,0.032673868642363296,0.9255268761259098,1,0.872413689694264
8.375,0.173637,-0.37572300000000003,10.3779009,0.5540383197321948,1,0.03299774996168289,0.9343872655296298,1,0.8872930028275083
8.39,0.173637,-0.3427614,10.380942000000001,0.5545931640646575,1,0.03698962216418382,0.9427020016581065,1,0.9013711723314168
8.406,0.1661814,-0.3427614,10.392910200000001,0.5553692509360086,1,0.04850542945944443,0.9515817009781118,1,0.9165254419525066
8.421,0.1646118,-0.34580249999999996,10.392910200000001,0.5561316049480762,1,0.05082360080451008,0.9599179573972417,1,0.9308616893903207
8.437,0.1646118,-0.3622833,10.326987,0.5555983522581691,1,-0.03332829311919469,0.9688117970548917,1,0.9462915274259377
8.453,0.17510850000000003,-0.33981839999999996,10.3764294,0.5560327737691342,1,0.027151344435316613,0.9777048460631101,1,0.9618636605708817
8.468,0.18266220000000002,-0.33981839999999996,10.4108625,0.5571359230313657,1,0.07354328414876653,0.9860536112891143,1,0.9765918490010239
8.484,0.1856052,-0.36669779999999996,10.4108625,0.5582363322961221,1,0.06877557904727544,0.9949765893317342,1,0.9924400906059907
8.5,0.1856052,-0.3143124,10.383885000000001,0.5587529482097011,1,0.03228849459868674,1.0039125035757808,1,1.0084312033492508
8.531,0.2006145,-0.3143124,10.359948600000001,0.558795865898114,1,0.001384441561706859,1.0212345101944522,1,1.03982098206269
8.546,0.1946304,-0.3487455,10.359948600000001,0.5588572961384468,1,0.004095349355519174,1.0296169089097258,1,1.05520236770597
8.562,0.1946304,-0.3053853,10.351021500000002,0.5587157648097101,1,-0.008845708046045777,1.038557493397311,1,1.0717477629244263
8.578,0.1287072,-0.3053853,10.4138055,0.5597872632872054,1,0.06696865484345776,1.0475055176220862,1,1.0884362670125816
8.593,0.1631403,-0.34580249999999996,10.3974228,0.560550957518771,1,0.050912948771040537,1.0559080542781314,1,1.1042118688018339
8.609,0.1526436,-0.3262806,10.3883976,0.5611073318380733,1,0.03477339495638884,1.0648813205929861,1,1.1211781838008028
8.625,0.1856052,-0.3262806,10.428814800000001,0.5624552914554002,1,0.08424747608293252,1.0738698215793339,1,1.1382881929381814
8.64,0.1302768,-0.33981839999999996,10.428814800000001,0.5637688726597858,1,0.08757208029237186,1.082316502810198,1,1.1544595903711035
8.656,0.1302768,-0.38621970000000005,10.383885000000001,0.5642080446566418,1,0.02744824980349667,1.0913403181487293,1,1.171848844938775
8.687,0.19610190000000002,-0.38621970000000005,10.4467671,0.5658907902689947,1,0.054282116527516015,1.108856850090076,1,1.2059519010464752
8.703,0.1437165,-0.3039138,10.4467671,0.5674705762118499,1,0.09873662142845233,1.1179237410219227,1,1.2237661457753712
8.718,0.1586277,-0.42065280000000005,10.367404200000001,0.5675482514077572,1,0.005178346393819115,1.1264363822290702,1,1.2405988466997544
8.75,0.2140542,-0.3143124,10.367404200000001,0.5675700725242354,1,0.0006819098899435432,1.1445982754119821,1,1.2769354012220113
8.765,0.2140542,-0.3307932,10.3314996,0.5668980106398056,1,-0.04480412562865222,1.1531067860357127,1,1.2941681891828696
8.781,0.173637,-0.36071369999999997,10.4138055,0.5678565279182024,1,0.0599073298997998,1.1621848223441769,1,1.3126905220499088
8.796,0.15568469999999998,-0.36071369999999997,10.3449393,0.5674413375903136,1,-0.027679355192591355,1.17069955633549,1,1.3301871548900048
8.812,0.1571562,-0.35178660000000006,10.3449393,0.567028700552779,1,-0.025789814845911228,1.1797753166406348,1,1.3489909538738138
8.828,0.1571562,-0.38023560000000006,10.337483700000002,0.5664978033156558,1,-0.03318107732019901,1.1888435286715824,1,1.3679399046363117
8.859,0.2065986,-0.38023560000000006,10.3943817,0.5671090344284888,1,0.019717132672032227,1.206414434656617,1,1.4050664030678994
8.875,0.2065986,-0.3202965,10.430286299999999,0.5683722475883677,1,0.0789508224924295,1.2154982849127518,1,1.4244417048244544
8.89,0.20355750000000003,-0.3202965,10.3479804,0.5679967547264564,1,-0.02503285746075221,1.2240210524301134,1,1.4427380998545265
8.906,0.173637,-0.33226469999999997,10.3479804,0.5676253335385741,1,-0.023213824242640492,1.2331060291362337,1,1.4623951165070572
8.937,0.17510850000000003,-0.3338343,10.440783000000001,0.5690811341709701,1,0.046961310722450855,1.250724979385731,1,1.5008944971391462
8.968,0.21709530000000002,-0.3262806,10.3659327,0.5690525504867114,1,-0.0009220543309232304,1.2683660514979254,1,1.5399404081178436
8.984,0.15568469999999998,-0.3622833,10.3659327,0.5690263206158939,1,-0.0016393669260983386,1.277470682466746,1,1.560307101989561
9.0,0.1856052,-0.3562992,10.4393115,0.5704439201535525,1,0.08859997110366438,1.2865864443929016,1,1.580819559004438
9.031,0.19757340000000004,-0.33530580000000004,10.4393115,0.5718244017119378,1,0.044531663173719385,1.304291603381817,1,1.620978168744947
9.046,0.1661814,-0.3876912,10.3869261,0.5721763184993627,1,0.023461119161658904,1.3128716087834011,1,1.6406068928361845
9.078,0.17069399999999998,-0.3338343,10.4257737,0.573247341488603,1,0.03346946841376039,1.3311983873432087,1,1.6829120127742103
9.093,0.2006145,-0.3098979,10.359948600000001,0.573003449375646,1,-0.016259474197136446,1.339795268274691,1,1.7029444651913452
9.109,0.15568469999999998,-0.3098979,10.4034069,0.5736008477095105,1,0.03733739586653236,1.3489681026513722,1,1.7244545721587539
9.125,0.1781496,-0.3173535,10.4034069,0.5741980001134497,1,0.037322025246200284,1.3581504934339559,1,1.7461115209274365
9.156,0.1392039,-0.3083283,10.4362704,0.5754105274680725,1,0.039113785632994426,1.3759694256114698,1,1.7884903796726415
9.171,0.1661814,-0.2829204,10.4362704,0.5765929102107528,1,0.0788255161786885,1.3846094513940603,1,1.8091947212501813
9.187,0.1661814,-0.3202965,10.3704453,0.5764833646851528,1,-0.0068465953499963145,1.3938340615932276,1,1.8314222693540796
9.203,0.16019730000000001,-0.3202965,10.3749579,0.5764625514945543,1,-0.001300824412409084,1.4030576289226653,1,1.8537974028782067
9.218,0.1631403,-0.3023442,10.3749579,0.5764324885298482,1,-0.0020041976470726013,1.4117043417228485,1,1.8749081176580489
9.25,0.16019730000000001,-0.3817071,10.3824135,0.5765994543511894,1,0.005217681916913626,1.430152852808945,1,1.9203778327705576
9.265,0.2290635,-0.3817071,10.3106043,0.5753817158785779,1,-0.08118256484076554,1.4387927115856687,1,1.941894924503518
9.281,0.18864630000000002,-0.3562992,10.3106043,0.5741540005999646,1,-0.07673220491333226,1.447988997317497,1,1.9649891781747433
9.312,0.18864630000000002,-0.347274,10.3629897,0.5739707396432472,1,-0.005911643765077338,1.4657849307912663,1,2.010152674060427
9.328,0.22455090000000003,-0.3532581,10.3195314,0.5729576330643003,1,-0.06331916118418318,1.4749603577729267,1,2.0336786363689408
9.343,0.22455090000000003,-0.258984,10.4213592,0.5739051279906189,1,0.06316632842123934,1.483561828480839,1,2.0558675527658448
9.375,0.1511721,-0.258984,10.404878400000001,0.5744851012862426,1,0.018124165488242455,1.5019360721492687,1,2.1036355191759264
9.39,0.21709530000000002,-0.3503151,10.404878400000001,0.5751289664799657,1,0.042924346248202294,1.5105581776575157,1,2.126229226049478
9.406,0.1646118,-0.3427614,10.4842413,0.5772915200436177,1,0.13515959772825148,1.5197775415497043,1,2.150471911803136
9.437,0.21856680000000003,-0.3487455,10.4347989,0.5784661472734811,1,0.03789120096333661,1.5376917853931187,1,2.197862686370748
9.453,0.1915893,-0.33226469999999997,10.4347989,0.579596816763587,1,0.07066684313161702,1.5469562891054152,1,2.2225398709667363
9.468,0.1915893,-0.35178660000000006,10.4108625,0.5802488590873836,1,0.04346948825310265,1.5556551316742977,1,2.245809456622585
9.484,0.19011780000000003,-0.35178660000000006,10.352492999999999,0.579743935760467,1,-0.03155770793228371,1.5649350740330805,1,2.270774178268244
9.5,0.2200383,-0.3367773,10.352492999999999,0.5792507460775074,1,-0.030824355184977364,1.5742070314877843,1,2.295887315112411
9.515,0.2200383,-0.3562992,10.428814800000001,0.5802753219056189,1,0.06830505520743417,1.582903476997658,1,2.3195656439260524
9.531,0.205029,-0.3562992,10.4108625,0.5809220828115169,1,0.04042255661862445,1.592193056235395,1,2.344966416191917
9.546,0.1915893,-0.3338343,10.4108625,0.5815365568657747,1,0.04096493695051936,1.600911496032974,1,2.3689147003339275
9.562,0.1317483,-0.31136939999999996,10.395853200000001,0.5818129867182105,1,0.01727686577723818,1.610218292381646,1,2.3946037386412447
9.578,0.1317483,-0.32333760000000006,10.383885000000001,0.5818566180430746,1,0.002726957804011218,1.6195276492197361,1,2.4204417061740555
9.593,0.1466595,-0.32333760000000006,10.4931684,0.5840448844542063,1,0.14588442740877303,1.628271910488466,1,2.444800202871868
9.609,0.17510850000000003,-0.33981839999999996,10.4931684,0.5862089962353494,1,0.13525698632144134,1.6376339415339825,1,2.470927449688048
9.625,0.17510850000000003,-0.37268190000000007,10.3974228,0.586476628401396,1,0.016727010377914894,1.6470154265310764,1,2.497204644632568
9.64,0.13469129999999999,-0.37268190000000007,10.380942000000001,0.5864042971547736,1,-0.004822083108161533,1.655812033472748,1,2.521975850582598
9.656,0.1586277,-0.3817071,10.380942000000001,0.586346435048787,1,-0.0036163816241607774,1.6651940393303764,1,2.548543899165023
9.671,0.1586277,-0.39220380000000005,10.324044,0.5851826566217735,1,-0.07758522846757557,1.6739805075179048,1,2.573587708266383
9.687,0.1287072,-0.39220380000000005,10.3629897,0.5847965737956216,1,-0.024130176634495883,1.683340341361244,1,2.600446275057416
9.703,0.2230794,-0.3083283,10.3629897,0.5843938991893172,1,-0.025167162894024188,1.6926938651451235,1,2.6274545487094674
9.718,0.1856052,-0.3278502,10.4213592,0.5851401311518512,1,0.04974879750226365,1.7014653703726825,1,2.652910742975852
9.734,0.1856052,-0.2604555,10.3449393,0.584336733381253,1,-0.05021236066238273,1.7108211852889474,1,2.6802090354211447
9.75,0.15568469999999998,-0.2604555,10.4362704,0.5853294581123212,1,0.06204529569175937,1.7201785148208961,1,2.7076570330220235
9.765,0.22455090000000003,-0.23200650000000003,10.4362704,0.5863141501103719,1,0.06564613320337985,1.7289658418825666,1,2.7335256156973005
9.781,0.22455090000000003,-0.3278502,10.3539645,0.5857172483206252,1,-0.037306361859168434,1.7383420930700146,1,2.761264079176921
9.812,0.2080701,-0.3278502,10.337483700000002,0.5848023786039125,1,-0.029511926345573057,1.7564851472873442,1,2.815433901402458
9.828,0.2260224,-0.34580249999999996,10.337483700000002,0.5839242934845892,1,-0.05488031995770632,1.7658349606640522,1,2.8436124622660692
9.843,0.2260224,-0.3936753,10.379372400000001,0.58391752933308,1,-0.0004509434339420503,1.7745937743351852,1,2.8701656777785645
9.859,0.18266220000000002,-0.3936753,10.4108625,0.5845110904616355,1,0.03709757053471648,1.7839412032935429,1,2.8986339575995945
9.875,0.145188,-0.3951468000000001,10.4393115,0.5856399146544202,1,0.07055151204904402,1.7933024113344713,1,2.9272519065166187
9.89,0.17510850000000003,-0.36375480000000004,10.4393115,0.5867332421763116,1,0.07288850145942366,1.8020952100107022,1,2.9542173886767085
9.906,0.17510850000000003,-0.39671639999999997,10.3824135,0.5867139731510704,1,-0.0012043140775741523,1.8114827877333213,1,2.9831260126586607
9.921,0.18109260000000002,-0.39671639999999997,10.4916969,0.5888380366156802,1,0.14160423097399838,1.8202994278065712,1,3.0103643792752077
9.937,0.173637,-0.2858634,10.4916969,0.590847324784928,1,0.1255805105779827,1.829736910697776,1,3.0395646699832426
9.953,0.173637,-0.290376,10.4333274,0.5916757417181895,1,0.05177605832884508,1.8391970952298011,1,3.0689161420306634
9.968,0.2274939,-0.290376,10.3883976,0.5916277799215255,1,-0.0031974531109330655,1.8480718716420994,1,3.0965706592822038
9.984,0.1870767,-0.3503151,10.3883976,0.5916011734350519,1,-0.0016629054045980125,1.857537703268952,1,3.1262155358814923
10.0,0.1870767,-0.31136939999999996,10.4138055,0.5920486756257954,1,0.027968886921470013,1.8670069020614388,1,3.1560118927241354
10.015,0.1586277,-0.31136939999999996,10.3225725,0.590690282560729,1,-0.09055953767109427,1.875877444247838,1,3.184083525321456
10.031,0.2274939,-0.3427614,10.4482386,0.5918653617202185,1,0.07344244746809718,1.8853378894020856,1,3.2141732479906553
10.062,0.1781496,-0.3427614,10.4108625,0.5922662694150951,1,0.012932506286340855,1.9036919296846821,1,3.272903210186498
10.093,0.1990449,-0.3712104,10.3195314,0.5908965168664526,1,-0.044185566085240026,1.9220309528720465,1,3.332201914866128
10.109,0.1990449,-0.2889045,10.428814800000001,0.5916436293272263,1,0.04669452879835219,1.931491274041596,1,3.3630300926814374
10.125,0.1586277,-0.2889045,10.3824135,0.5914531364806592,1,-0.011905802910439068,1.940956048168059,1,3.3940096712591146
10.14,0.20208600000000002,-0.36071369999999997,10.3824135,0.5913251926047192,1,-0.00852959172933714,1.9498268856361998,1,3.4231905432626477
10.156,0.20208600000000002,-0.3023442,10.3824135,0.5911632371811582,1,-0.010122213972563179,1.9592867930744868,1,3.454463452692333
10.171,0.1915893,-0.3023442,10.3749579,0.5908544562868165,1,-0.020585392956108943,1.968151925775496,1,3.4839192430837054
10.187,0.11978010000000001,-0.2843919,10.4602068,0.5921914781569537,1,0.08356386688357358,1.9776162932510462,1,3.5154853888359177
10.203,0.2274939,-0.3098979,10.4602068,0.5935515228026276,1,0.0850027903546157,1.9871022372587186,1,3.547203137079996
10.218,0.2274939,-0.3562992,10.3704453,0.59315526976477,1,-0.026416869190506932,1.9960025382029705,1,3.5770764228959595
10.234,0.1586277,-0.3562992,10.380942000000001,0.5929473399875764,1,-0.012995611074595447,2.0054913590809873,1,3.609088374074231
10.25,0.17667810000000003,-0.3996594,10.380942000000001,0.5927801306330931,1,-0.010450584655208308,2.0149771788459527,1,3.6412521223776464
10.265,0.17667810000000003,-0.3996594,10.3419963,0.5918532368932503,1,-0.06179291598951648,2.0238619291024005,1,3.6715434156872604
10.281,0.173637,-0.3996594,10.4228307,0.5925271026191457,1,0.04211660786845869,2.0333369718184997,1,3.7040010068946274
10.296,0.20954160000000002,-0.4161402,10.4228307,0.5932133189540831,1,0.04574775566250261,2.0422300249802983,1,3.734567759370616
10.312,0.20954160000000002,-0.3367773,10.3584771,0.5925690059775324,1,-0.04026956103442277,2.051716283579751,1,3.767319329839096
10.343,0.16019730000000001,-0.3367773,10.3300281,0.5913626093847029,1,-0.03891601912353172,2.070067223617866,1,3.8312069742006605
10.359,0.15568469999999998,-0.36669779999999996,10.412334,0.5918111300118358,1,0.028032539195810256,2.079532613533038,1,3.8644037728978677
10.375,0.1856052,-0.2889045,10.3704453,0.5913915751518193,1,-0.02622217875103414,2.0889982351743472,1,3.897752019687527
10.39,0.173637,-0.2889045,10.373388300000002,0.5910338598699241,1,-0.023847685459679767,2.097866425937011,1,3.929153504645863
10.406,0.17510850000000003,-0.2784078,10.373388300000002,0.5906780182670932,1,-0.02224010017692899,2.107320120962107,1,3.962794997021056
10.421,0.17510850000000003,-0.3338343,10.4063499,0.591007087751084,1,0.021937965599388903,2.1161827592572426,1,3.9944712686226986
10.453,0.1856052,-0.3338343,10.472175,0.5926230947740088,1,0.050500219466398336,2.135120842177644,1,4.062492126245657
10.468,0.15568469999999998,-0.34128990000000003,10.472175,0.5942025708674219,1,0.10529840622753832,2.1440220346699554,1,4.094585697822016
10.484,0.15568469999999998,-0.315882,10.412334,0.5945627681668597,1,0.02251233121486338,2.1535321573822297,1,4.128966131358434
10.5,0.1257642,-0.3876912,10.3749579,0.5942232162521535,1,-0.021221994669140525,2.163042445257582,1,4.163498728179552
10.515,0.205029,-0.3876912,10.3629897,0.593680617752014,1,-0.03617323334263134,2.1719517240126134,1,4.1960111844490795
10.531,0.2200383,-0.3039138,10.3629897,0.5930999169507487,1,-0.036293800079079085,2.1814459682902356,1,4.230838365987502
10.546,0.2200383,-0.3936753,10.3570056,0.5924725693292441,1,-0.04182317476697842,2.190337761937335,1,4.263626743964206
10.562,0.1571562,-0.3936753,10.4034069,0.5927441622603506,1,0.01697455819416048,2.199819495790052,1,4.298748002026025
10.578,0.1332198,-0.3143124,10.4034069,0.5929509702861715,1,0.012925501613803002,2.209305056850424,1,4.33402099844715
10.593,0.1332198,-0.3098979,10.3419963,0.591947634642823,1,-0.06688904288989982,2.2181917963873916,1,4.3672272248464346
10.609,0.21709530000000002,-0.3098979,10.282155300000001,0.5898192457805571,1,-0.13302430389161557,2.2276459314307786,1,4.40279392666898
10.625,0.21856680000000003,-0.37572300000000003,10.282155300000001,0.5877761990309658,1,-0.12769042184945778,2.2370666949892706,1,4.43851162768034
10.64,0.21856680000000003,-0.3218661,10.2761712,0.5856201669089156,1,-0.14373547480333973,2.2458671677338202,1,4.472133631650764
10.656,0.12272310000000002,-0.34580249999999996,10.214760600000002,0.5822871027059495,1,-0.20831651268538012,2.255210425890739,1,4.508142252399761
10.671,0.205029,-0.34580249999999996,10.235754000000002,0.579456582822063,1,-0.1887013255924482,2.2639235035321983,1,4.542035756870431
10.687,0.16019730000000001,-0.33824879999999996,10.3465089,0.5788311760506435,1,-0.039087923213720864,2.27318980560318,1,4.578332663343514
10.703,0.2065986,-0.33824879999999996,10.2297699,0.5759468450581409,1,-0.18027068703141397,2.2824280297720505,1,4.614777606026516
10.734,0.15421320000000002,-0.2918475,10.2297699,0.5730729642399162,1,-0.0927058328459565,2.3002378368161707,1,4.685808926958635
10.75,0.15421320000000002,-0.2889045,10.337483700000002,0.572364762004419,1,-0.044262639718572985,2.309401338626125,1,4.7226860403621735
10.765,0.205029,-0.2889045,10.3195314,0.5713359506152855,1,-0.06858742594222847,2.317979093970773,1,4.757391393606651
10.781,0.17510850000000003,-0.3202965,10.3195314,0.5703346704324375,1,-0.0625800114280039,2.3271124589391547,1,4.794552126029931
10.796,0.17510850000000003,-0.3427614,10.232712900000001,0.567666034501066,1,-0.17790906209144464,2.3356474642261555,1,4.829522825453668
10.812,0.1946304,-0.2738952,10.3300281,0.5669230970443593,1,-0.0464335910441704,2.344724177278519,1,4.8669657985857055
10.828,0.1586277,-0.2738952,10.2551778,0.564715703031208,1,-0.13796212582195533,2.353777287679123,1,4.904553810305367
10.843,0.2140542,-0.36973890000000004,10.2551778,0.5626302597358599,1,-0.13902955302320136,2.3622323823998763,1,4.939923882830961
10.859,0.2140542,-0.3427614,10.1997513,0.5594814001501689,1,-0.1968037241056873,2.3712092756789644,1,4.977791416095592
10.875,0.19757340000000004,-0.3427614,10.301579100000001,0.5583829053074396,1,-0.06865592767057999,2.3801521901226255,1,5.015802307822004
10.89,0.1661814,-0.39220380000000005,10.301579100000001,0.5573296463428754,1,-0.07021726430427785,2.388520034260003,1,5.051567349504875
10.906,0.1661814,-0.37268190000000007,10.1294136,0.5529097364905731,1,-0.276244365768896,2.3974019493226706,1,5.089854725373536
10.921,0.1511721,-0.37268190000000007,10.1773845,0.5495117538920145,1,-0.22653217323725913,2.405670110500539,1,5.125877765822207
10.937,0.20954160000000002,-0.3338343,10.1773845,0.5461742458786265,1,-0.20859425083674646,2.4144355984987045,1,5.164438611494202
10.968,0.20954160000000002,-0.34580249999999996,10.1922957,0.5432021550636659,1,-0.09587389725679295,2.4313209327133105,1,5.239547837727989
10.984,0.1796211,-0.3278502,10.109989800000001,0.5386527762043514,1,-0.28433617870715605,2.4399757721634545,1,5.278518211367003
11.0,0.20208600000000002,-0.32932170000000005,10.109989800000001,0.5342018474834109,1,-0.2781830450587772,2.4485586091529568,1,5.317626486417534
11.015,0.20208600000000002,-0.32932170000000005,10.092037500000002,0.5294864432386621,1,-0.31436028298324215,2.4565362713333725,1,5.354414698021183
11.031,0.11673900000000001,-0.32932170000000005,10.0216998,0.523458742595519,1,-0.37673129019644114,2.464959832820046,1,5.39378666685441
11.046,0.19757340000000004,-0.35178660000000006,10.0216998,0.5175890276184596,1,-0.39131433180399544,2.4727676910966503,1,5.430819623283782
11.062,0.19757340000000004,-0.35777070000000005,10.1294136,0.5139488552996898,1,-0.2275107699231114,2.4810199941599955,1,5.470449924765836
11.078,0.2365191,-0.35777070000000005,10.0635885,0.5091068823964271,1,-0.3026233064539194,2.4892044400615645,1,5.510211720239608
11.093,0.1257642,-0.40113090000000007,10.0635885,0.5043528241221615,1,-0.31693721828435867,2.496805387860454,1,5.547606793949025
11.109,0.2080701,-0.2889045,10.06506,0.49967217954091225,1,-0.2925402863280799,2.504837587889759,1,5.587619937755027
11.125,0.2080701,-0.2963601,10.0830123,0.49543933859219,1,-0.264552559295139,2.5127984800348235,1,5.6277610262984235
11.156,0.1302768,-0.3891627,10.069572599999999,0.49106242742336015,1,-0.14119068286547728,2.5280892574080647,1,5.705894786228789
11.171,0.1302768,-0.2843919,9.9707859,0.4847666250506144,1,-0.41972015818308317,2.5354079753016188,1,5.743871015474109
11.203,0.23200650000000003,-0.2843919,9.97677,0.4787477427311764,1,-0.18809007248243842,2.5508242051861276,1,5.825250730361913
11.218,0.1781496,-0.3876912,9.97677,0.47289335662801335,1,-0.3902924068775201,2.5579615134313216,1,5.863566623251545
11.234,0.1781496,-0.344331,9.9947223,0.4674743385842035,1,-0.33868862773811487,2.5654844549930194,1,5.90455419099894
11.25,0.1930608,-0.344331,9.883967400000001,0.4599970473258015,1,-0.4673307036501258,2.5729042260802992,1,5.945661300447527
11.265,0.23053500000000002,-0.36669779999999996,9.883967400000001,0.4526978619571622,1,-0.4866123579092663,2.5797494378999217,1,5.98430620292738
11.281,0.23053500000000002,-0.3831786,9.874942200000001,0.4453772605067208,1,-0.45753759065258987,2.5869340388796327,1,6.025639670741616
11.296,0.2290635,-0.38023560000000006,9.9273276,0.4392234351369737,1,-0.41025502464983754,2.59356854409696,1,6.064493440113937
11.312,0.1526436,-0.38023560000000006,9.9153594,0.43292702150638007,1,-0.39352585191210177,2.6005457477501066,1,6.106046354448713
11.328,0.1946304,-0.3427614,9.851005800000001,0.42548087200779783,1,-0.46538434366138987,2.60741301089822,1,6.1477100245179
11.343,0.17510850000000003,-0.3427614,9.9184005,0.41949401154396604,1,-0.39912403092210413,2.6137503225248584,1,6.186868749518574
11.359,0.1990449,-0.32932170000000005,9.9184005,0.41362446473360315,1,-0.36684667564768036,2.620415270335079,1,6.228742074261453
11.375,0.1990449,-0.32932170000000005,9.9184005,0.40787000707638477,1,-0.3596536035761485,2.6269872261095593,1,6.27072129423301
11.406,0.2200383,-0.31284090000000003,9.8136297,0.4001738310596554,1,-0.2482637424751353,2.639511905600668,1,6.3523520307745205
11.421,0.113796,-0.344331,9.8136297,0.39261381278523544,1,-0.5040012182947065,2.645457812929504,1,6.391989303663493
11.437,0.113796,-0.2948886,9.8734707,0.38634322430859847,1,-0.3919117797898105,2.651689469226255,1,6.43436648192074
11.453,0.1781496,-0.2514303,9.839037600000001,0.37951584246257575,1,-0.42671136537641946,2.6578163417604244,1,6.476842528408633
11.468,0.20355750000000003,-0.2514303,9.8076456,0.3722167937240215,1,-0.48660324923693143,2.663454336531824,1,6.516752058495826
11.484,0.1781496,-0.3652263,9.8076456,0.3651212729627389,1,-0.443470047580163,2.669353041065318,1,6.559414517516603
11.5,0.1781496,-0.3338343,9.842078700000002,0.3588176196757562,1,-0.39397833043641717,2.675144552206426,1,6.602170498262777
11.531,0.24701580000000004,-0.3338343,9.803133,0.3519037501214388,1,-0.22302805013926635,2.6861607334382827,1,6.685270730190272
11.546,0.22455090000000003,-0.42065280000000005,9.776155500000002,0.34465195954991046,1,-0.4834527047685963,2.6913849012608173,1,6.725602322450512
11.562,0.19011780000000003,-0.42065280000000005,9.855518400000001,0.3390824758427211,1,-0.34809273169933397,2.6968547767439586,1,6.768708239874551
11.593,0.1990449,-0.2858634,9.8225568,0.33288509851468007,1,-0.19991539767873956,2.7072702741464987,1,6.852472178163354
11.609,0.1990449,-0.3592422,9.8076456,0.3265643293456577,1,-0.3950480730638969,2.7125458695693814,1,6.895830707313081
11.625,0.20355750000000003,-0.3592422,9.8196138,0.32060377446959265,1,-0.37253467975406596,2.7177232143999035,1,6.939272859984835
11.64,0.19757340000000004,-0.3173535,9.8196138,0.3147294248824881,1,-0.391623305806954,2.722488213395044,1,6.980074445693299
11.671,0.19757340000000004,-0.40868460000000006,9.8016615,0.30868477355482327,1,-0.1949887525053253,2.732151133470822,1,7.064621355569717
11.687,0.19011780000000003,-0.40868460000000006,9.831582000000001,0.30334181574147934,1,-0.3339348633339953,2.7370473461851925,1,7.1083749434069645
11.703,0.1078119,-0.347274,9.7806681,0.2970353113353603,1,-0.3941565253824383,2.741850363201807,1,7.152206125082061
11.718,0.20954160000000002,-0.347274,9.854046900000002,0.2923223734905598,1,-0.3141958563200238,2.746270545838002,1,7.193367031899861
11.734,0.1526436,-0.39671639999999997,9.854046900000002,0.287717926675251,1,-0.2877779259568,2.750910868239328,1,7.237344483212479
11.75,0.13469129999999999,-0.2934171,9.7536906,0.2811610546820713,1,-0.40980449957372894,2.7554619000901868,1,7.2813954653591155
11.765,0.13469129999999999,-0.2858634,9.735738300000001,0.27437653197478085,1,-0.4523015138193471,2.759628431990113,1,7.32275864284972
11.796,0.2065986,-0.2858634,9.7971489,0.26895308257407535,1,-0.1749499806679259,2.7680500410156204,1,7.408437659181305
11.812,0.16019730000000001,-0.3173535,9.7971489,0.26363795094806264,1,-0.3321957266257944,2.7723107692837976,1,7.4527605456637005
11.828,0.16019730000000001,-0.2769363,9.8375661,0.25919508939509406,1,-0.277678847060536,2.776493433606543,1,7.497150979286824
11.843,0.2634966,-0.40868460000000006,9.7552602,0.25336100734349287,1,-0.3889388034400643,2.7803376043320824,1,7.538827212071365
11.875,0.2634966,-0.37572300000000003,9.7627158,0.24776139208932157,1,-0.17498797669285288,2.7883555627230074,1,7.627926302744247
11.89,0.2006145,-0.37572300000000003,9.759674700000001,0.24218272311625455,1,-0.37191126487112086,2.7920301435870494,1,7.669779195541574
11.906,0.1946304,-0.37572300000000003,9.759674700000001,0.23671106614604298,1,-0.3419785606382228,2.795861293901148,1,7.7144823270414795
11.921,0.1571562,-0.31284090000000003,9.895935600000001,0.2339600927325467,1,-0.18339822756643362,2.799391327592737,1,7.75644672170268
11.937,0.1571562,-0.34128990000000003,9.7627158,0.2286712374320814,1,-0.330553456279081,2.8030923782340538,1,7.801266591349295
11.953,0.1272357,-0.34128990000000003,9.702776700000001,0.2223030919279072,1,-0.3980090940108868,2.8067001728689336,1,7.8461449317581184
11.968,0.12272310000000002,-0.31136939999999996,9.702776700000001,0.21603895438968124,1,-0.41760916921504865,2.8099877382163156,1,7.888270091091259
11.984,0.2260224,-0.32932170000000005,9.774684,0.21135439364139863,1,-0.29278504676766265,2.8134068850005645,1,7.933257248076995
12.015,0.11978010000000001,-0.36071369999999997,9.774684,0.20674657668000762,1,-0.148639256819062,2.819887450040546,1,8.020573310270134
12.031,0.11978010000000001,-0.2858634,9.7911648,0.20250358921983924,1,-0.2651867162605235,2.8231614513677448,1,8.0657177014814
12.046,0.16912439999999998,-0.2858634,9.7911648,0.19835806427981062,1,-0.27636832933526373,2.826167913768992,1,8.108087671719922
12.062,0.1482291,-0.38023560000000006,9.839037600000001,0.19528795880534666,1,-0.1918815921539972,2.8293170819536733,1,8.153331551685703
12.093,0.1482291,-0.318825,9.731225700000001,0.19012271154725724,1,-0.16662087929320404,2.835290947344139,1,8.24113297613982
12.109,0.19011780000000003,-0.318825,9.856989900000002,0.1875372079703066,1,-0.16159397355941504,2.838312226700279,1,8.286521801532176
12.125,0.15568469999999998,-0.34128990000000003,9.856989900000002,0.18500530509084712,1,-0.15824392996621736,2.8412925668047686,1,8.331958639880217
12.14,0.15568469999999998,-0.318825,9.830012400000001,0.18197968059934055,1,-0.20170829943376317,2.8440449541974453,1,8.374598671287735
12.156,0.11673900000000001,-0.318825,9.8046045,0.17850491065820684,1,-0.217173121320857,2.8469288309275056,1,8.420126461568735
12.171,0.18864630000000002,-0.2754648,9.8046045,0.17509446687815,1,-0.22736291867047415,2.849580826259028,1,8.46285028399763
12.187,0.18864630000000002,-0.36826739999999997,9.8076456,0.17187016293931023,1,-0.2015189961774853,2.8523565432975677,1,8.508465782954083
12.203,0.1302768,-0.36826739999999997,9.860031000000001,0.16971684323319103,1,-0.13458248163245023,2.8550892393469476,1,8.554125349215239
12.218,0.22455090000000003,-0.31136939999999996,9.7851807,0.16613402694338397,1,-0.23885441932046134,2.857608120873272,1,8.596970579416892
12.234,0.18109260000000002,-0.37866600000000006,9.7851807,0.162650301234601,1,-0.21773285679893542,2.8602383954986963,1,8.642713351547869
12.25,0.18109260000000002,-0.40113090000000007,9.9064323,0.1616275290906941,1,-0.06392325899418067,2.8628326181412986,1,8.688497919656989
12.265,0.205029,-0.40113090000000007,9.7268112,0.1571156694786815,1,-0.30079064080082957,2.865223192130569,1,8.73145833823403
12.281,0.17667810000000003,-0.33981839999999996,9.7268112,0.15263563287886228,1,-0.2800022874887007,2.8677012025494295,1,8.777321733391469
12.296,0.17667810000000003,-0.37572300000000003,9.764187300000001,0.14900151374505732,1,-0.24227460892035008,2.869963481149109,1,8.820354218519205
12.312,0.205029,-0.37572300000000003,9.883967400000001,0.14779591086668198,1,-0.07535017989845898,2.872337860546003,1,8.866292629252765
12.328,0.173637,-0.34580249999999996,9.883967400000001,0.14658077113026557,1,-0.07594623352602518,2.8746928740019784,1,8.912268875129149
12.343,0.173637,-0.3083283,9.776155500000002,0.14325256979731016,1,-0.221880088863686,2.8768666240589353,1,8.955405571364608
12.359,0.13469129999999999,-0.3083283,9.777627,0.1400064285212732,1,-0.20288382975230929,2.879132696045484,1,9.001453565925443
12.39,0.1796211,-0.3143124,9.776155500000002,0.1368129884072804,1,-0.10301419722557248,2.883423397007877,1,9.090773185367771
12.406,0.1796211,-0.3083283,9.777627,0.1337072645056221,1,-0.1941077438536441,2.88558755903118,1,9.136925273016084
12.421,0.1946304,-0.3083283,9.783611100000002,0.13078531952442063,1,-0.19479633208011324,2.887571253411405,1,9.1802239641094
12.453,0.2425032,-0.3652263,9.783611100000002,0.12797999094733647,1,-0.08766651803387973,2.891711498378953,1,9.272692488138047
12.468,0.2425032,-0.38023560000000006,9.7806681,0.12518322468180187,1,-0.1864510843689663,2.893610222496172,1,9.316082401044612
12.484,0.18109260000000002,-0.38023560000000006,9.771642900000002,0.12223844703950348,1,-0.18404860264364925,2.8955895958699425,1,9.362395999591541
12.5,0.19011780000000003,-0.30685680000000004,9.771642900000002,0.11930422488400794,1,-0.18338888471847153,2.8975219372453305,1,9.408740891856464
12.515,0.19011780000000003,-0.39671639999999997,9.803133,0.1171077446029134,1,-0.14643201873963027,2.8992950270164823,1,9.45221701908843
12.531,0.20208600000000002,-0.39671639999999997,9.856989900000002,0.1160139583059916,1,-0.06836164355761282,2.9011600006397535,1,9.49862065930968
12.546,0.20208600000000002,-0.3427614,9.827069400000001,0.11431577383467051,1,-0.11321229808808143,2.9028874736308086,1,9.542151015366706
12.562,0.2065986,-0.347274,9.803133,0.1121868854572412,1,-0.13305552358933148,2.904699494905144,1,9.588611711114993
12.578,0.2230794,-0.347274,9.8764137,0.11154242983315399,1,-0.040278476505450876,2.906489329427467,1,9.635101221709654
12.593,0.22455090000000003,-0.37572300000000003,9.8764137,0.11093166249700204,1,-0.04071782241012857,2.908157885119943,1,9.678711075818761
12.609,0.22455090000000003,-0.32333760000000006,9.7507476,0.10783449046660287,1,-0.19357325189994762,2.909908014343652,1,9.72525560301447
12.625,0.22455090000000003,-0.32333760000000006,9.7507476,0.10479804729954445,1,-0.18977769794115124,2.9116090746457814,1,9.771827739726385
12.64,0.19011780000000003,-0.32333760000000006,9.831582000000001,0.1033906236372708,1,-0.09382824415157268,2.9131704896778077,1,9.815513586458813
12.656,0.2394621,-0.35178660000000006,9.831582000000001,0.10205105328150488,1,-0.08372314723537048,2.914814023093158,1,9.86213746256098
12.671,0.2394621,-0.3712104,9.862974000000001,0.10136665024387348,1,-0.04562686917543021,2.916339655869598,1,9.905871115153197
12.687,0.1392039,-0.3262806,9.695321100000001,0.09734168512008345,1,-0.25156032023687636,2.9179293225525096,1,9.952545266980573
12.718,0.20208600000000002,-0.3367773,9.695321100000001,0.09342435879385746,1,-0.1263653653621263,2.920886196233176,1,10.043046907521752
12.734,0.20208600000000002,-0.2858634,9.830012400000001,0.09219111963287219,1,-0.07707744756157979,2.9223711200605895,1,10.089792966052103
12.75,0.145188,-0.2858634,9.7058178,0.0885284889596143,1,-0.22891441707861818,2.9238168769293296,1,10.136562470028023
12.765,0.205029,-0.3143124,9.7058178,0.08497606591174645,1,-0.23682820319118086,2.925118161090865,1,10.180429482813176
12.781,0.205029,-0.3547296,9.707289300000001,0.08154941726522402,1,-0.21416554040765126,2.9264503649562807,1,10.227242031021554
12.796,0.1646118,-0.3547296,9.8136297,0.08025831631584879,1,-0.08607339662502257,2.9276639229581387,1,10.271147888180908
12.812,0.18864630000000002,-0.3218661,9.8136297,0.07897881014802266,1,-0.07996913548913291,2.9289378199698497,1,10.318000702124332
12.828,0.18864630000000002,-0.3487455,9.6399927,0.07434056462690464,1,-0.28989034506987615,2.930164374968049,1,10.364873519683835
12.843,0.20355750000000003,-0.3487455,9.8405091,0.07372752703041385,1,-0.04086917309938406,2.931274885655479,1,10.408834314138513
12.859,0.12272310000000002,-0.37572300000000003,9.7956774,0.07224136897425915,1,-0.09288487850966912,2.932442636823516,1,10.455744054318345
12.875,0.1466595,-0.3367773,9.7956774,0.0707630487252704,1,-0.09239501556179688,2.9335866721651125,1,10.502672288790254
12.89,0.1466595,-0.34580249999999996,9.7672284,0.06876246363280636,1,-0.13337233949759733,2.934633113507798,1,10.546683937182802
12.906,0.2260224,-0.34580249999999996,9.7986204,0.0674457510316131,1,-0.08229453757457865,2.9357227792251135,1,10.593646784324665
12.937,0.16166880000000003,-0.3652263,9.7986204,0.06614372142455949,1,-0.04200095506624716,2.937793416048184,1,10.684686285351399
12.953,0.11821050000000001,-0.3427614,9.777627,0.06442780674909088,1,-0.10724466721678806,2.938837988273573,1,10.731699336585972
12.968,0.20355750000000003,-0.3053853,9.777627,0.06274878064499667,1,-0.11193507360627614,2.939791812679029,1,10.775789060093118
12.984,0.20355750000000003,-0.3891627,9.842078700000002,0.06242346482893879,1,-0.02033223850361752,2.9407931906428204,1,10.822833740119693
13.0,0.21856680000000003,-0.3891627,9.8764137,0.06278337906400289,1,0.02249463969150598,2.941794845393964,1,10.869894444407986
13.015,0.11673900000000001,-0.3008727,9.8764137,0.06304194054825629,1,0.01723743228355972,2.942738535291056,1,10.914028444763126
13.031,0.2140542,-0.33530580000000004,9.6848244,0.05959554664187294,1,-0.21539961914895914,2.9437196351885766,1,10.961120110126963
13.046,0.2140542,-0.36669779999999996,9.8046045,0.05858542026843416,2,-0.06734175822925742,2.9446059924404038,1,11.005282552334176
13.062,0.2230794,-0.36669779999999996,9.8225568,0.05795071117851158,2,-0.039669318120161244,2.9455382814919795,1,11.052403706525634
13.078,0.1781496,-0.3427614,9.8225568,0.05729353489779854,2,-0.041073517544565306,2.9464602354605898,1,11.099539694661255
13.093,0.1781496,-0.3876912,9.7268112,0.05480639443673674,2,-0.16580936407078029,2.9473009849305987,1,11.143742903814191
13.109,0.1856052,-0.3876912,9.874942200000001,0.055272492329949685,2,0.029131118325809145,2.948181616024732,1,11.190906764621834
13.14,0.2200383,-0.34128990000000003,9.8584614,0.055386873801966274,2,0.003689724903760873,2.949896836199777,1,11.282326980631316
13.156,0.1870767,-0.34128990000000003,9.7058178,0.05249503294418112,2,-0.18074005361157203,2.950759891453746,1,11.329532234452545
13.187,0.1482291,-0.44311770000000006,9.948321,0.05447695109708306,2,0.06393284364200054,2.952417957206386,1,11.421031491106774
13.203,0.1482291,-0.3771945,9.8136297,0.053727979747542065,2,-0.04681070934631211,2.9532835966531428,1,11.46827710353765
13.234,0.21552570000000001,-0.3771945,9.7567317,0.051903577801464706,2,-0.05885167567991369,2.9549208857951523,1,11.5598542730156
13.265,0.2484873,-0.2918475,9.7941078,0.05080527907102628,2,-0.0354289913044648,2.956512873076676,1,11.651481496278116
13.281,0.2709522,-0.2918475,9.839037600000001,0.05062043960895757,2,-0.011552466379294291,2.957324278826116,1,11.698792193493338
13.296,0.19610190000000002,-0.2829204,9.839037600000001,0.050399305938141126,2,-0.014742244721097348,2.958081926917719,1,11.743157740036413
13.312,0.2290635,-0.2784078,9.830012400000001,0.05001709508084318,2,-0.02388817858112178,2.958885258125871,1,11.790493477516762
13.328,0.19610190000000002,-0.2709522,9.8046045,0.04912642273922785,2,-0.055667021350957975,2.9596784062684316,1,11.837841986831917
13.359,0.1406754,-0.2858634,9.8046045,0.048242857430581765,2,-0.028502106730518294,2.9611876301110636,1,11.929615410395801
13.375,0.1406754,-0.3592422,9.7791966,0.046926112049481716,2,-0.08229658631875296,2.9619489818669043,1,11.977000503291626
13.39,0.1661814,-0.3592422,9.895935600000001,0.047930174800690395,2,0.0669375167472427,2.9626604040182807,1,12.021435073685765
13.406,0.1302768,-0.4864779,9.895935600000001,0.0490105096011586,2,0.06752092502926293,2.9634359294934955,1,12.068843844353859
13.421,0.1302768,-0.37572300000000003,9.8255979,0.0485971051722931,2,-0.02756029525770254,2.9641679866042963,1,12.113300873724588
13.453,0.2080701,-0.3891627,9.7686999,0.04711377658828653,2,-0.04635401825020531,2.9656993607124655,1,12.208178751281658
13.468,0.2080701,-0.3831786,9.836094600000001,0.04697505840995575,2,-0.009247878555384764,2.9664050269749525,1,12.252669534189314
13.484,0.1437165,-0.3831786,9.7013052,0.04417590322274023,2,-0.17494719920096974,2.967134234668014,1,12.300137848282457
13.5,0.08829,-0.2724237,9.746235,0.042225910725935734,2,-0.12187453105028101,2.9678254491796037,1,12.347617525753238
13.515,0.2274939,-0.3307932,9.746235,0.04039373885848363,2,-0.12214479116346895,2.968445096551487,1,12.392139554846223
13.546,0.1511721,-0.3053853,9.7552602,0.038729050560682765,2,-0.05369962250970738,2.969671499787484,1,12.484180362089473
13.562,0.1062423,-0.33226469999999997,9.7552602,0.03710260159024159,2,-0.1016530606525733,2.970278153004691,1,12.53169995931181
13.578,0.1062423,-0.347274,9.818044200000001,0.036748499339688934,2,-0.02213139065954104,2.9708689618121307,1,12.579229136230344
13.593,0.261927,-0.347274,9.883967400000001,0.0377498820224087,2,0.06675884551464845,2.9714276996723465,1,12.623796361191479
13.609,0.11978010000000001,-0.40417200000000003,9.883967400000001,0.03872023089708776,2,0.06064680466744127,2.9720394605757026,1,12.671344098473464
13.625,0.11978010000000001,-0.36071369999999997,9.728282700000001,0.03658825842504854,2,-0.13324827950245133,2.9726419284902796,1,12.718901549585992
13.64,0.1032993,-0.4116276,9.728282700000001,0.03453398211098602,2,-0.13695175427082945,2.9731753452942997,1,12.763495179139378
13.671,0.2948886,-0.4116276,9.8854389,0.03567417341907131,2,0.03678036477694632,2.9742635717050154,1,12.855680482352863
13.687,0.2738952,-0.2889045,9.8854389,0.036695006160096355,2,0.06380204631406533,2.9748425251416486,1,12.903273331127636
13.703,0.1661814,-0.2798793,9.803133,0.036030795591003084,2,-0.0415131605683294,2.9754243315556574,1,12.950875465981214
13.718,0.205029,-0.2934171,9.803133,0.03540177885194851,2,-0.041934449270303584,2.9759600758639797,1,12.995510849036863
13.734,0.205029,-0.29783160000000003,9.8495343,0.03569691836211497,2,0.01844621938540401,2.976528865441692,1,13.043130760567308
13.75,0.258984,-0.29783160000000003,9.704346300000001,0.03316666576237637,2,-0.15814078748366253,2.977079774114688,1,13.09075962968376
13.765,0.142245,-0.3262806,9.704346300000001,0.030656665837200947,2,-0.16733332834502174,2.977558449101685,1,13.135419416357884
13.781,0.142245,-0.4056435,9.8091171,0.03030685521266463,2,-0.021863164033519823,2.9780461572700836,1,13.183064253208858
13.796,0.1466595,-0.344331,9.9168309,0.032029773833361475,2,0.11486124137979892,2.9785136819879288,1,13.22773845200329
13.828,0.17510850000000003,-0.42506730000000004,9.749178,0.03050558314237861,2,-0.04763095909321442,2.9795142476995404,1,13.32306689887829
13.843,0.17510850000000003,-0.4565574,9.839037600000001,0.030798924879437806,2,0.019556115803945524,2.979974031509704,1,13.367763060972361
13.859,0.1287072,-0.4565574,9.9124164,0.03250962761985576,2,0.10691892127612225,2.9804804999296985,1,13.415446697223876
13.89,0.1272357,-0.3503151,9.9124164,0.03410170770079901,2,0.051357421965910255,2.9815129756271688,1,13.50785759609501
13.906,0.1272357,-0.2889045,9.759674700000001,0.03263037493876375,2,-0.09195829762720367,2.9820468322882854,1,13.555566074558334
13.921,0.23347800000000002,-0.2889045,9.8120601,0.0322527901652645,2,-0.025172318233285428,2.9825334560265655,1,13.600300426720692
13.937,0.173637,-0.3996594,9.8120601,0.03193442153350645,2,-0.019898039484877988,2.9830469537201556,1,13.648025069998665
13.953,0.18864630000000002,-0.3008727,9.7013052,0.029388407317766152,2,-0.1591258884837686,2.983537536350966,1,13.695757745919234
13.968,0.2769363,-0.3008727,9.845021700000002,0.02974933068466079,2,0.024061557792975006,2.983981069385984,1,13.740514135462263
13.984,0.1646118,-0.3562992,9.845021700000002,0.03009007103637451,2,0.021296271982107467,2.9844597845997525,1,13.788261662294149
14.0,0.1646118,-0.3023442,9.877983300000002,0.03103467875235033,2,0.05903798224848872,2.984948782598062,1,13.83601693083173
14.031,0.1272357,-0.3023442,9.641464200000001,0.02731493286512965,2,-0.11999180281356814,2.985853201578133,1,13.928564361586464
14.046,0.21856680000000003,-0.3503151,9.641464200000001,0.023732026281891194,2,-0.23886043888258285,2.9862360537717354,1,13.973355031001583
14.078,0.23347800000000002,-0.45802890000000007,9.8105886,0.023626193768985004,2,-0.003307266028318431,2.986993785292549,1,14.068926708426613
14.093,0.1257642,-0.37572300000000003,9.8105886,0.023415308450644545,2,-0.014059021222696741,2.9873465965591963,1,14.113734261290503
14.109,0.1257642,-0.41309910000000005,9.6429357,0.019953918137414206,2,-0.216336894576896,2.9876935503719007,1,14.161534582465952
14.125,0.19757340000000004,-0.3712104,9.8464932,0.02053822384072035,2,0.036519106456633886,2.988017487507726,1,14.209340270768989
14.14,0.1930608,-0.3712104,9.7956774,0.020113833801099545,2,-0.028292669308052486,2.9883223779400394,1,14.254162819759848
14.156,0.1377324,-0.33530580000000004,9.7956774,0.019654093798074257,2,-0.028733750189080507,2.988640521360833,1,14.301978522954256
14.171,0.1377324,-0.3218661,9.7387794,0.018079603468882155,2,-0.10496602194614858,2.988923524090335,1,14.346810253295136
14.187,0.1915893,-0.3218661,9.8165727,0.018078068771929523,2,-9.591855953949838e-05,2.9892127854682613,1,14.394635343771604
14.203,0.1511721,-0.3547296,9.8165727,0.01808492894272895,2,0.0004287606749642233,2.9895020894499784,1,14.44246506277095
14.218,0.1511721,-0.2829204,9.8974071,0.019630103893881312,2,0.10301166341015354,2.989784952196253,1,14.487309715583297
14.234,0.1362609,-0.2829204,9.7686999,0.0186183533926787,2,-0.06323440632516325,2.9900909398545457,1,14.535148722719704
14.25,0.1721655,-0.36973890000000004,9.7686999,0.01769437505601168,2,-0.057748646041688674,2.990381441682135,1,14.582992501771997
14.265,0.1721655,-0.35178660000000006,9.9243846,0.019825754117313465,2,0.14209193742011367,2.990662842650935,1,14.627850333904497
14.281,0.18413369999999998,-0.34580249999999996,9.8615025,0.020683413420112373,2,0.05360370642493168,2.990986915991235,1,14.675703531973635
14.296,0.21552570000000001,-0.34580249999999996,9.699833700000001,0.01836948955029527,2,-0.1542615913211526,2.991279812763513,1,14.720570532439293
14.312,0.18864630000000002,-0.38023560000000006,9.699833700000001,0.016115211143770125,2,-0.14089240040782144,2.9915556903690654,1,14.768433216464354
14.328,0.18864630000000002,-0.4116276,9.7701714,0.015307914664399291,2,-0.050456029960677065,2.991807075375531,1,14.816300118590311
14.359,0.145188,-0.4116276,9.8615025,0.01629094255839547,2,0.03171057722568263,2.992296857662484,1,14.909053729552403
14.375,0.22455090000000003,-0.2829204,9.8615025,0.017195045446598556,2,0.056506430512692725,2.9925647455665243,1,14.956932622378234
14.39,0.20355750000000003,-0.3427614,9.833053500000002,0.017552320653777542,2,0.02381834714526486,2.9928253508122773,1,15.001823048101077
14.406,0.1796211,-0.31284090000000003,9.833053500000002,0.01787390931603383,2,0.020099291391018053,2.993108760652036,1,15.049710520992791
14.421,0.1796211,-0.2814489,9.821085300000002,0.01793606799392755,2,0.0041439118595816655,2.9933773354818607,1,15.094609166713791
14.437,0.18109260000000002,-0.39818790000000004,9.7941078,0.017548231461628205,2,-0.024239783268709104,2.993661209877505,1,15.142505475076666
14.453,0.2350476,-0.39818790000000004,9.842078700000002,0.018130015706377733,2,0.03636151529684547,2.993946635854849,1,15.190406337842525
14.468,0.1661814,-0.39818790000000004,9.842078700000002,0.018672896792782723,2,0.036192072426997915,2.9942226576985926,1,15.235317607544177
14.484,0.1661814,-0.3218661,9.746235,0.01727243097400155,2,-0.08752911367382313,2.994510220320727,1,15.283227470568331
14.5,0.18413369999999998,-0.3218661,9.749178,0.015963411158892882,2,-0.08181373844429178,2.99477610705779,1,15.331141761187359
14.515,0.261927,-0.39220380000000005,9.749178,0.014765381109704379,2,-0.07986866994589718,2.9950065729998046,1,15.376065131287792
14.531,0.261927,-0.3996594,9.9153594,0.016851389058231803,2,0.1303754967829639,2.995259507161148,1,15.42398725992908
14.546,0.1392039,-0.3996594,9.7806681,0.01620929999869425,2,-0.04280593730250704,2.995507462329075,1,15.468918012200252
14.578,0.10928340000000002,-0.36669779999999996,9.854046900000002,0.01698476420740036,2,0.02423325652206596,2.9960385673563725,1,15.564782748675219
14.593,0.2290635,-0.3367773,9.7821396,0.016355652090350503,2,-0.04194080780332221,2.9962886204786057,1,15.609725202583983
14.609,0.18266220000000002,-0.3367773,9.7552602,0.015193101799724218,2,-0.07265939316414276,2.996541010509726,1,15.65766783963189
14.64,0.1796211,-0.2769363,9.7552602,0.014015356462785178,2,-0.037991785062548966,2.996993741612795,1,15.75056762828979
14.656,0.1796211,-0.3652263,9.740250900000001,0.012623598665943092,2,-0.08698486230263028,2.9972068532538247,1,15.798521233048723
14.671,0.19011780000000003,-0.3652263,9.8405091,0.013227143994702928,2,0.04023635525065896,2.9974007338237794,1,15.843480789951801
14.687,0.1257642,-0.3652263,9.8405091,0.013798619183711835,2,0.03571719931305669,2.9976169399292067,1,15.891440931341826
14.703,0.1257642,-0.3592422,9.7851807,0.013270517673845461,2,-0.03300634436664837,2.9978334930240673,1,15.939404534805453
14.718,0.10477080000000001,-0.3592422,9.788123700000002,0.012805589460391786,2,-0.030995214230243807,2.998029063827574,1,15.984373503981843
14.734,0.2065986,-0.37572300000000003,9.788123700000002,0.012393630039188253,2,-0.025747463825220838,2.9982306575835707,1,16.032343581753132
14.75,0.15568469999999998,-0.38621970000000005,9.919872000000002,0.014560290115934293,2,0.13541625479662744,2.9984462889448116,1,16.080316997325358
14.781,0.1406754,-0.33981839999999996,9.7866522,0.014036469623043502,2,-0.016897435254541356,2.998889538720766,1,16.173275702654177
14.796,0.1526436,-0.34128990000000003,9.7866522,0.013527437592642855,2,-0.033935468693379184,2.9990962680248834,1,16.218260596204765
14.812,0.1526436,-0.31136939999999996,9.8928945,0.015090727367610413,2,0.09770561093547228,2.9993252133445654,1,16.26624796805572
14.828,0.1915893,-0.31136939999999996,9.759674700000001,0.014026294814321716,2,-0.06652703458054349,2.999558149522021,1,16.314239034958653
14.843,0.21101310000000004,-0.2664396,9.759674700000001,0.012964522375481735,2,-0.07078482925599604,2.9997605806509444,1,16.359233925434953
14.859,0.21101310000000004,-0.44154810000000005,9.7986204,0.012810676622995842,2,-0.009615359530368286,2.9999667822429323,1,16.407231744338105
14.875,0.1377324,-0.44154810000000005,9.7656588,0.011988722833265797,2,-0.051372111858127796,3.0001651774385825,1,16.45523280001556
14.89,0.1930608,-0.37866600000000006,9.7656588,0.01114951538562714,2,-0.05594716317590834,3.000338714225224,1,16.50023657920304
14.906,0.205029,-0.2694807,9.7536906,0.01002602246475881,2,-0.07021830755427055,3.000508118528027,1,16.548243353865065
14.921,0.205029,-0.2679111,9.695321100000001,0.007779899597789353,2,-0.14974152446464256,3.000641662943496,1,16.593251977226096
14.937,0.2215098,-0.2679111,9.7986204,0.007609111840437777,2,-0.010674234834473486,3.0007647750350017,1,16.641263228729922
14.953,0.2200383,-0.2679111,9.7986204,0.007441023180717821,2,-0.010505541232497242,3.000885176115171,1,16.689276428339124
14.968,0.2200383,-0.3143124,9.7956774,0.0072455804375923805,2,-0.013029516208362185,3.0009953256423083,1,16.734290532102307
14.984,0.1856052,-0.3143124,9.7956774,0.0070400007898605566,2,-0.012848727983238982,3.001109610292128,1,16.78230737158978
15.0,0.2664396,-0.3876912,9.7956774,0.006926497885912042,2,-0.007093931496782163,3.0012213422815344,1,16.83032601921037
15.015,0.2664396,-0.3847482,9.851005800000001,0.007896589439326362,2,0.06467277022761893,3.0013325154364736,1,16.87534517314326
15.031,0.20954160000000002,-0.3847482,9.7536906,0.006914496990866326,2,-0.06138077802875225,3.001451004127915,1,16.923367441299774
15.046,0.2080701,-0.34128990000000003,9.7536906,0.005919358543927444,2,-0.06634256312926409,3.0015472580444262,1,16.968389928266063
15.062,0.20954160000000002,-0.4056435,9.800091900000002,0.005901457377694541,2,-0.0011188228895564467,3.001641824571799,1,17.016415440926995
15.078,0.20954160000000002,-0.3278502,9.836094600000001,0.006532259004833563,2,0.03942510169618881,3.0017412943028594,1,17.06444250587799
15.093,0.1796211,-0.3278502,9.740250900000001,0.005261175736629653,2,-0.0847388845469241,3.0018297450634206,1,17.10946928867324
15.109,0.1930608,-0.3248091,9.740250900000001,0.004018057104065775,2,-0.07769491453524228,3.0019039789261464,1,17.157499158465157
15.125,0.1930608,-0.315882,9.8225568,0.004406247183347034,2,0.024261879955078648,3.001971373360446,1,17.20553016128345
15.156,0.18109260000000002,-0.315882,9.818044200000001,0.004693937768321277,2,0.009280341450781852,3.0021124262271965,1,17.29859346017706
15.171,0.1466595,-0.3592422,9.7567317,0.003792674117539363,2,-0.06008424338546576,3.0021760758163403,1,17.343625623942383
15.187,0.23200650000000003,-0.3592422,9.821085300000002,0.004202161087947687,2,0.025592935650520208,3.002240034497984,1,17.3916609528249
15.203,0.1571562,-0.344331,9.821085300000002,0.0045641014694428605,2,0.022621273843448343,3.0023101645984434,1,17.43969735441767
15.218,0.1571562,-0.3592422,9.8644455,0.005778935859263257,2,0.08098895932135668,3.0023877373784087,1,17.484732588682498
15.234,0.1571562,-0.2843919,9.7806681,0.005280305145420883,2,-0.031164419615148348,3.0024762113064463,1,17.532771500271977
15.25,0.21856680000000003,-0.2843919,9.8674866,0.0065157556418995455,2,0.07721565602991635,3.002570579792745,1,17.58081187460077
15.265,0.1302768,-0.32932170000000005,9.8674866,0.00772377911263078,2,0.0805348980487459,3.002677376303404,1,17.625851234271494
15.281,0.1302768,-0.2709522,9.862974000000001,0.008784881849960513,2,0.06631892108310827,3.0028094455911045,1,17.67389512884665
15.312,0.17069399999999998,-0.2709522,9.7208271,0.007051559537661234,2,-0.055913622977398256,3.0030549104326125,1,17.766986026365014
15.328,0.1721655,-0.37425150000000007,9.7208271,0.005419902850160696,2,-0.10197854296878352,3.003154682131715,1,17.81503570310553
15.343,0.1721655,-0.37425150000000007,9.7507476,0.0044063914084446765,2,-0.06756742944773207,3.0032283793386547,1,17.860083576066557
15.359,0.145188,-0.37425150000000007,9.827069400000001,0.00489940124849042,2,0.030813115002858965,3.0033028256799104,1,17.908135825706704
15.375,0.15568469999999998,-0.3173535,9.827069400000001,0.005346663423313913,2,0.02795388592646828,3.003384794197285,1,17.956189326665722
15.39,0.1930608,-0.3592422,9.7686999,0.004682893863240167,2,-0.04425130400491471,3.003460015876934,1,18.00124066274128
15.406,0.1930608,-0.37572300000000003,9.7732125,0.004132684695585809,2,-0.03438807297839738,3.0035305405054045,1,18.04929658719234
15.421,0.18109260000000002,-0.37572300000000003,9.7986204,0.0040865182975942105,2,-0.0030777598661067994,3.0035921845278533,1,18.094350007630087
15.437,0.24103170000000002,-0.38621970000000005,9.7986204,0.004074541750094696,2,-0.0007485342187196758,3.003657473008235,1,18.142408004890378
15.453,0.24103170000000002,-0.36669779999999996,9.728282700000001,0.0026703293275360807,2,-0.08776327640991335,3.003711431976856,1,18.19046695613026
15.468,0.2274939,-0.36669779999999996,9.746235,0.0016389254562891864,2,-0.06876025808312368,3.0037437513877348,1,18.235522870005493
15.484,0.1646118,-0.3652263,9.746235,0.0006018830098444283,2,-0.06481515290279732,3.0037616778554637,1,18.28358291343944
15.5,0.1646118,-0.2529999,9.907903800000001,0.0026839110753780204,2,0.1301267540958494,3.0037879642081453,1,18.33164331057595
15.515,0.21856680000000003,-0.2529999,9.7701714,0.0020464845387504482,2,-0.04249510244183654,3.003823442175251,1,18.376700396123827
15.531,0.1437165,-0.2994012,9.7701714,0.001420067413597792,2,-0.03915107032204098,3.00385117459087,1,18.424761793057957
15.562,0.2140542,-0.2769363,9.9153594,0.003663210230582692,2,0.0723594457091931,3.0039299653943545,1,18.517882400727725
15.578,0.18109260000000002,-0.2769363,9.7222986,0.0020661411765807713,2,-0.09981681587511995,3.003975800205612,1,18.565945646852526
15.593,0.18413369999999998,-0.43262100000000003,9.7222986,0.0006128036183223884,2,-0.0968891705505552,3.0039958922915737,1,18.611005434546257
15.609,0.18413369999999998,-0.40868460000000006,9.8120601,0.0009258574034571865,2,0.019565861570924863,3.004008201579748,1,18.65906946729723
15.625,0.20208600000000002,-0.40868460000000006,9.830012400000001,0.001591320514286565,2,0.04159144442683612,3.00402833900309,1,18.707133759621893
15.64,0.11526750000000001,-0.3817071,9.830012400000001,0.0021950363045277754,2,0.04024771934941251,3.0040567366792312,1,18.75219439768951
15.671,0.11526750000000001,-0.3907323,9.777627,0.001767582547840263,2,-0.013788830860888031,3.004118157271443,1,18.845321108545743
15.687,0.2499588,-0.3907323,9.8854389,0.0035093962182504157,2,0.10886335440063445,3.0041603731015716,1,18.893387336788727
15.703,0.142245,-0.3173535,9.8704296,0.00482959171438857,2,0.08251221850863459,3.0042270850050325,1,18.94145443645358
15.718,0.142245,-0.3143124,9.683352900000001,0.0024561054798297732,2,-0.15823241563724713,3.0042817277339893,1,18.986518252549125
15.75,0.21101310000000004,-0.3143124,9.833053500000002,0.00308683565626211,2,0.019710318013510513,3.0043704147921666,1,19.082656686829544
15.765,0.11978010000000001,-0.36375480000000004,9.833053500000002,0.003708532176418089,2,0.04144643467706368,3.004421380050912,1,19.12772262529087
15.781,0.11978010000000001,-0.3023442,9.854046900000002,0.004688691643062626,2,0.061259966665283494,3.0044885578414675,1,19.17579390479401
15.796,0.2484873,-0.3023442,9.7387794,0.003438412782852396,2,-0.08335192401402204,3.004549511124662,1,19.220861690311253
15.812,0.18864630000000002,-0.36826739999999997,9.7387794,0.0022308047667216613,2,-0.07547550100817084,3.0045948648650587,1,19.26893484531917
15.828,0.18864630000000002,-0.3547296,9.831582000000001,0.0028551575906767823,2,0.03902205149719503,3.0046355525639177,1,19.3170086886586
15.843,0.12272310000000002,-0.3547296,9.7612443,0.002068656168782823,2,-0.05243342812626196,3.0046724811671135,1,19.362078498911583
15.875,0.1721655,-0.35777070000000005,9.707289300000001,0.00025732094369246283,2,-0.05660422578407371,3.004709696800913,1,19.458228613759072
15.89,0.1721655,-0.3173535,9.746235,-0.0007829194876975976,2,-0.06934936209266807,3.004705754811833,1,19.50329922964617
15.906,0.1946304,-0.3173535,9.833053500000002,-9.33861672258729e-05,2,0.04309583252948275,3.0046987443665936,1,19.551374465639597
15.921,0.15421320000000002,-0.35777070000000005,9.777627,-0.0004901719656533743,2,-0.026452386561835555,3.004694367680597,1,19.596444913979948
15.937,0.1781496,-0.35777070000000005,9.7956774,-0.0005175725344344073,2,-0.0017125355488145629,3.0046863057245963,1,19.64451995936719
15.953,0.1856052,-0.2843919,9.7956774,-0.0005888505050979376,2,-0.004454873166470637,3.00467745434028,1,19.69259486944771
15.984,0.1856052,-0.35178660000000006,9.866015100000002,0.000762192873995815,2,0.04358204448689443,3.004680141146998,1,19.785739912177764
16.0,0.17510850000000003,-0.35178660000000006,9.6744258,-0.0016706320980119926,2,-0.15205156075048784,3.004672873633206,1,19.833814736296006
16.015,0.142245,-0.37425150000000007,9.8464932,-0.0006787644092653977,2,0.06612451258310383,3.0046552531594015,1,19.878884697246953
16.031,0.2006145,-0.36375480000000004,9.8464932,0.0003058572993772657,2,0.06153885679017324,3.004652269902522,1,19.926959157431444
16.046,0.24544620000000003,-0.3712104,9.707289300000001,-0.0014301493571764468,2,-0.11573377710357645,3.0046438377120888,1,19.972028878238554
16.078,0.1302768,-0.39220380000000005,9.707289300000001,-0.003159606128669168,2,-0.05404552410914749,3.0045704016243153,1,20.068176306067937
16.093,0.1302768,-0.2889045,9.788123700000002,-0.003342008118984552,2,-0.012160132687691803,3.004521639517458,1,20.113244496376502
16.109,0.16912439999999998,-0.2889045,9.8240283,-0.00280558838845657,2,0.0335262331579951,3.0044724587453984,1,20.161316449162612
16.125,0.2709522,-0.36071369999999997,9.8240283,-0.0021884878114164508,2,0.03856878606501171,3.0044325061357995,1,20.209387688881655
16.14,0.2709522,-0.38023560000000006,9.8046045,-0.001949496419859642,2,0.015932759437119977,3.0044014712540648,1,20.254453943712083
16.156,0.1796211,-0.38023560000000006,9.9048627,0.00020776216448226137,2,0.1348286615213838,3.0043875373800217,1,20.30252425578115
16.171,0.1406754,-0.29783160000000003,9.8615025,0.0014053894133230216,2,0.07984181658938098,3.0043996360168554,1,20.347590159581628
16.203,0.21101310000000004,-0.2634966,9.8615025,0.0025849625251535002,2,0.03686165974470242,3.0044634816478712,1,20.443731969464263
16.218,0.21101310000000004,-0.318825,9.774684,0.0020723819057710813,2,-0.03417204129215997,3.0044984117311033,1,20.488799183664607
16.234,0.16912439999999998,-0.2889045,9.8255979,0.0025333957462283507,2,0.028813365028576118,3.0045352579523192,1,20.53687145302208
16.25,0.16912439999999998,-0.36669779999999996,9.7567317,0.0016870521872078825,2,-0.05289647243878509,3.0045690215357865,1,20.58494428725798
16.265,0.18266220000000002,-0.36669779999999996,9.7552602,0.0008332573612879202,2,-0.056919655061328664,3.0045879238574003,1,20.63001296434843
16.281,0.1930608,-0.36973890000000004,9.7552602,2.3753023068451284e-06,2,-0.05193012868632291,3.004594608918709,1,20.678086424610633
16.296,0.1930608,-0.3503151,9.7971489,-5.5981451971831575e-06,2,-0.0005315631669351989,3.0045945847473874,1,20.723155343563132
16.312,0.1002582,-0.3503151,9.842078700000002,0.0008397364752834591,2,0.05283341378003423,3.004601257854028,1,20.77122891030395
16.328,0.16166880000000003,-0.3876912,9.7252416,-0.0005768541080346523,2,-0.08853691145739172,3.004603360912966,1,20.819302547254082
16.359,0.2006145,-0.3891627,9.7252416,-0.001950307431080489,2,-0.04430494590470104,3.00456418990911,1,20.91244464429183
16.375,0.2006145,-0.3592422,9.7941078,-0.0019702634081877335,2,-0.0012472485692029119,3.004532825342396,1,20.960517420413836
16.39,0.1781496,-0.3592422,9.8120601,-0.001646626428605913,2,0.02157579863878722,3.00450569866862,1,21.00558520934392
16.406,0.1946304,-0.34580249999999996,9.8120601,-0.001332661637405863,2,0.019622799450005276,3.0044818643640916,1,21.053657109848178
16.421,0.1946304,-0.40417200000000003,9.7701714,-0.001801640722696618,2,-0.03126527235271581,3.0044583570963908,1,21.098724161509132
16.437,0.113796,-0.40417200000000003,9.855518400000001,-0.0006144763763398231,2,0.07419777164729138,3.0044390281595983,1,21.146795340591186
16.453,0.173637,-0.2889045,9.8584614,0.0005447681707533292,2,0.07245278419333,3.0044384704939535,1,21.19486636058041
16.468,0.1915893,-0.2889045,9.7911648,0.0003690783492835692,2,-0.011712654764650221,3.004445324342854,1,21.239932989041687
16.484,0.1856052,-0.3817071,9.827069400000001,0.0009601955512792415,2,0.03694482512472538,3.0044559585340584,1,21.28800419930471
16.5,0.205029,-0.3053853,9.827069400000001,0.0014950118386618527,2,0.033426017961416886,3.004475600193178,1,21.33607565177452
16.515,0.205029,-0.36071369999999997,9.7013052,-0.00040766158220151283,2,-0.12684489472421956,3.0044837553201016,1,21.38114284694087
16.531,0.2006145,-0.36071369999999997,9.7536906,-0.0012485943944913203,2,-0.05255830076811875,3.004470505272288,1,21.429214481025607
16.546,0.3098979,-0.38621970000000005,9.7536906,-0.0019978930982258447,2,-0.04995324691563307,3.0044461566160927,1,21.47428135598977
16.562,0.3098979,-0.3039138,9.842078700000002,-0.001058127480497717,2,0.05873535110800141,3.004421708451463,1,21.522352298910317
16.578,0.2425032,-0.3039138,9.771642900000002,-0.0015538507030310456,2,-0.03098270140833645,3.004400812625995,1,21.57042287907893
16.593,0.2274939,-0.21709530000000002,9.771642900000002,-0.002092279828445953,2,-0.03589527502765915,3.0043734666470088,1,21.615488686173478
16.609,0.2274939,-0.3338343,9.836094600000001,-0.0012929810455286628,2,0.04995617393232506,3.004346384560017,1,21.66355844498314
16.625,0.1781496,-0.3338343,9.9184005,0.0010833684571007751,2,0.14852184391435622,3.0043447076593095,1,21.711627973720887
16.64,0.15421320000000002,-0.2664396,9.747706500000001,1.999772567984337e-05,2,-0.07089138209472609,3.0043529829056803,1,21.756693206400126
16.671,0.1781496,-0.3847482,9.747706500000001,-0.000937097418622912,2,-0.030874036912993296,3.00433876786044,1,21.849827928536996
16.687,0.1781496,-0.4565574,9.7058178,-0.002635037606365742,2,-0.106121261733915,3.00431019078024,1,21.897897120206128
16.703,0.1317483,-0.4565574,9.8928945,-0.0006503268776381077,2,0.12404442054549081,3.0042839078643677,1,21.94596587299528
16.718,0.23347800000000002,-0.3891627,9.8928945,0.0012758253734830305,2,0.1284101500747377,3.0042885991030865,1,21.99103016679754
16.734,0.23347800000000002,-0.42957990000000007,9.743193900000001,0.0002652936484928148,2,-0.06315823281188142,3.004300928055262,1,22.039098883014812
16.75,0.24397470000000002,-0.42957990000000007,9.783611100000002,7.109430946705686e-05,2,-0.012137458689111208,3.0043036191589256,1,22.08716771939252
16.765,0.1915893,-0.3891627,9.783611100000002,-0.00017525860458000864,2,-0.01642352760313708,3.0043028379267125,1,22.132232267820665
16.796,0.17069399999999998,-0.258984,9.7222986,-0.0017104468586524035,2,-0.04952220174427271,3.0042736094920324,1,22.22536520275565
16.812,0.15568469999999998,-0.258984,9.7536906,-0.002605237498709556,2,-0.05592441500356578,3.0042390840171733,1,22.27343330430373
16.843,0.20208600000000002,-0.23347800000000002,9.7536906,-0.0034784241177572284,2,-0.02816731029186148,3.0041447872621183,1,22.366563254308556
16.859,0.1526436,-0.2738952,9.7956774,-0.003508660416196463,2,-0.0018897686524519503,3.0040888905858467,1,22.414629123731345
16.875,0.1317483,-0.3367773,9.7956774,-0.0035058379862249467,2,0.0001764018732197864,3.0040327745986275,1,22.462694097052815
16.89,0.1317483,-0.36375480000000004,9.783611100000002,-0.0037205797747308367,2,-0.014316119233725456,3.0039785764654203,1,22.507754182185796
16.906,0.15568469999999998,-0.36375480000000004,9.8524773,-0.0025749996239525785,2,0.07159875942364902,3.003928211830231,1,22.555817436492156
16.921,0.17069399999999998,-0.3503151,9.8524773,-0.0014565531356929284,2,0.07456309921730718,3.0038979751845334,1,22.60087613289477
16.937,0.17069399999999998,-0.4056435,9.731225700000001,-0.002693538686346031,2,-0.07731159691581026,3.003864774449957,1,22.64893823489185
16.953,0.1721655,-0.32932170000000005,9.695321100000001,-0.004665722359463942,2,-0.12326147956988301,3.0038059003615905,1,22.696999600290336
16.968,0.2006145,-0.32932170000000005,9.8136297,-0.0042705540576584156,2,0.026344553453700757,3.003738878288462,1,22.742056186130213
17.0,0.2604555,-0.3367773,9.830012400000001,-0.003529709071706577,2,0.02315140581099493,3.0036140740783925,1,22.83817383336808
17.015,0.0973152,-0.3367773,9.7627158,-0.004180253740948103,2,-0.0433696446161001,3.0035562493572976,1,22.883227610793853
17.031,0.1511721,-0.2514303,9.7627158,-0.004854996784821708,2,-0.04217144024210493,3.0034839673530915,1,22.93128393252753
17.046,0.1511721,-0.2694807,9.8734707,-0.0033364817035348437,2,0.10123433875245377,3.003422531264429,1,22.976335731267163
17.062,0.2784078,-0.2694807,9.803133,-0.0031716049189771667,2,0.010304799034853663,3.003370466571449,1,23.024390075249855
17.078,0.1466595,-0.35777070000000005,9.803133,-0.0030105824464143893,2,0.010063904535174693,3.003321009072526,1,23.072443607055
17.093,0.1466595,-0.3547296,9.803133,-0.0028548825647316534,2,0.010379992112182004,3.003277018084942,1,23.117493092258684
17.109,0.1466595,-0.38023560000000006,9.774684,-0.0032408440812261574,2,-0.024122594780903804,3.0032282522717746,1,23.165545134421542
17.125,0.2260224,-0.38023560000000006,9.749178,-0.004089205180893174,2,-0.05302256872919438,3.0031696118776776,1,23.213596317334733
17.156,0.1990449,-0.3891627,9.749178,-0.0049255516326152105,2,-0.026978917797486086,3.003029883147068,1,23.306692409507612
17.171,0.1990449,-0.34580249999999996,9.7582032,-0.005600700009807724,2,-0.04500989181283255,3.00295093625975,1,23.351737265653163
17.187,0.17667810000000003,-0.34580249999999996,9.723770100000001,-0.006945669391908993,2,-0.08406058638131989,3.002850565304536,1,23.399783677665685
17.203,0.1946304,-0.29783160000000003,9.723770100000001,-0.008288658366522483,2,-0.0839368109133524,3.002728690682469,1,23.447828311713575
17.218,0.2006145,-0.2918475,9.7627158,-0.008843349329376693,2,-0.036979397523612574,3.0026002006247494,1,23.49286827839838
17.234,0.12272310000000002,-0.3023442,9.7627158,-0.009406180576755574,2,-0.03517695296117613,3.0024542043855003,1,23.540908713638466
17.25,0.1511721,-0.3547296,9.8824959,-0.007568791216675308,2,0.11483683500502927,3.002318404611153,1,23.588946894510432
17.281,0.1511721,-0.36826739999999997,9.7672284,-0.008016020745131414,2,-0.014426758982455577,3.0020768400257447,1,23.6820150208023
17.296,0.142245,-0.36826739999999997,9.783611100000002,-0.008136140335956554,2,-0.008007972721675742,3.0019556988176364,1,23.72704526484363
17.312,0.1930608,-0.39818790000000004,9.783611100000002,-0.008213886842899143,2,-0.004859156683911248,3.0018248986002054,1,23.775075509622976
17.328,0.1930608,-0.4056435,9.7686999,-0.008576177906316929,2,-0.022643191463614095,3.001690578082212,1,23.82310363343643
17.343,0.21552570000000001,-0.4056435,9.7627158,-0.009039368930755742,2,-0.03087940162925308,3.0015584614809336,1,23.868128001233153
17.359,0.16166880000000003,-0.38621970000000005,9.7627158,-0.009529287691730559,2,-0.03061992256092262,3.001409912227954,1,23.91615174822283
17.375,0.16166880000000003,-0.2664396,9.8076456,-0.00920751973520062,2,0.02011049728312341,3.0012600177685385,1,23.9641731076628
17.39,0.2664396,-0.2664396,9.8615025,-0.007792009169017788,2,0.09436737107885186,3.001132521301757,1,24.009191051705827
17.406,0.20355750000000003,-0.32333760000000006,9.8615025,-0.006400277287866629,2,0.08698324257195703,3.001018983010102,1,24.057208263740318
17.437,0.18864630000000002,-0.3173535,9.834525,-0.005574052215271408,2,0.026652421696618016,3.000833380902803,1,24.150236975380974
17.453,0.2200383,-0.3173535,9.7986204,-0.005454715202558802,2,0.007458563294538689,3.0007451507634606,1,24.1982496036343
17.468,0.1870767,-0.3307932,9.7986204,-0.005342425346469781,2,0.007485990405934426,3.000664172209343,1,24.243260173556596
17.484,0.1870767,-0.347274,9.7536906,-0.00610142505014899,2,-0.04743748147994522,3.0005726214061696,1,24.291270067905526
17.5,0.18413369999999998,-0.347274,9.9378243,-0.0032390489595606198,2,0.17889850566179283,3.000497897614092,1,24.33927863205768
17.515,0.17667810000000003,-0.2994012,9.9378243,-0.0004659696196167573,2,0.1848719559962505,3.0004701099747484,1,24.384285892114598
17.531,0.17667810000000003,-0.3427614,9.830012400000001,0.00016783427359889913,2,0.03961274332598289,3.00046772489198,1,24.432293394793525
17.546,0.21856680000000003,-0.3427614,9.728282700000001,-0.00118726911444611,2,-0.09034022586966385,3.000460079130674,1,24.4773003533237
17.578,0.23200650000000003,-0.3307932,9.8076456,-0.0009630156465281203,2,0.007007920872437173,3.0004256745744984,1,24.573314525382983
17.593,0.23200650000000003,-0.3622833,9.7507476,-0.001835931336763963,2,-0.05819437934905397,3.0004046824721238,1,24.618320753060836
17.609,0.24544620000000003,-0.3622833,9.7821396,-0.002070373131504155,2,-0.014652612171260375,3.0003734320363775,1,24.666326977976908
17.625,0.1332198,-0.3831786,9.7821396,-0.0023271725795410703,2,-0.01604996550230896,3.0003382516706893,1,24.71433267144656
17.64,0.1332198,-0.3503151,9.874942200000001,-0.0007847391240449753,2,0.1028288970330691,3.0003149123329123,1,24.759337570176587
17.656,0.2140542,-0.3503151,9.8151012,-0.00041703582161289887,2,0.022981456402007307,3.000305298133347,1,24.80734253186031
17.671,0.18413369999999998,-0.36973890000000004,9.8151012,-5.4474363642142976e-05,2,0.024170763864716144,3.0003017618069574,1,24.852347084809864
17.687,0.18413369999999998,-0.38023560000000006,9.7732125,-0.0005117497751960798,2,-0.02857971322211785,3.0002972320138466,1,24.900351876760435
17.703,0.1392039,-0.38023560000000006,9.821085300000002,-3.673743833410015e-05,2,0.029688271053876995,3.0002928441161383,1,24.94835659736947
17.734,0.1870767,-0.2798793,9.788123700000002,-0.0002674662776307457,2,-0.007442865783762194,3.000288128958541,1,25.041365602452135
17.765,0.1870767,-0.3053853,9.771642900000002,-0.0008016650774074208,2,-0.017232219347635344,3.000271557422538,1,25.13437427759104
17.781,0.23799060000000002,-0.3053853,9.839037600000001,1.6743882042646874e-05,2,0.05115055996563486,3.000265278052975,1,25.18237857227484
17.796,0.19011780000000003,-0.3008727,9.839037600000001,0.0007959744853529571,2,0.05194870688735205,3.0002713734407305,1,25.227382597161043
17.812,0.19011780000000003,-0.2484873,9.860031000000001,0.0019426947125360527,2,0.07167001419893546,3.0002932827943134,1,25.27538711441093
17.828,0.1511721,-0.2484873,9.7536906,0.0009695309020738563,2,-0.060822738153893975,3.0003165805992302,1,25.323391993318072
17.843,0.2006145,-0.3503151,9.7536906,9.416903556669354e-05,2,-0.05835745776714197,3.0003245583487623,1,25.368396801860182
17.859,0.2006145,-0.3262806,9.7895952,-7.688941752448386e-05,2,-0.01069115331819739,3.000324696585707,1,25.416401995899662
17.875,0.18413369999999998,-0.3876912,9.8136297,0.00026374674754769956,2,0.02128976031701381,3.000326191444347,1,25.464407203003898
17.89,0.20355750000000003,-0.3592422,9.7732125,-0.0002077798137900544,2,-0.0314351040891824,3.0003266111963502,1,25.509412099023706
17.921,0.20355750000000003,-0.3503151,9.833053500000002,0.0004959426879409534,2,0.022700725862291448,3.0003310777208996,1,25.60242229320192
17.937,0.205029,-0.3503151,9.8046045,0.000629118157947417,2,0.008323466875403042,3.0003400782076666,1,25.650427662449353
17.953,0.15421320000000002,-0.3547296,9.8046045,0.0007445530032335057,2,0.007214677830381339,3.000351067576956,1,25.698433191615624
17.968,0.15421320000000002,-0.33530580000000004,9.8105886,0.0009615844992048039,2,0.014468766398086001,3.000363863608224,1,25.743438553599514
17.984,0.1721655,-0.33530580000000004,9.8165727,0.0012974603577688981,2,0.020992241160253538,3.00038193596708,1,25.791444519996123
18.0,0.258984,-0.3547296,9.8165727,0.0016774757018733766,2,0.02375095900653252,3.000405735455557,1,25.8394508213675
18.015,0.258984,-0.318825,9.8464932,0.002612074955909094,2,0.06230661693571213,3.0004379070854905,1,25.884457148686558
18.031,0.11673900000000001,-0.318825,9.714843,0.0008953515580323312,2,-0.10729521236730948,3.000465966497602,1,25.932464379675217
18.046,0.2140542,-0.3143124,9.862974000000001,0.002144212199288731,2,0.08325737608375681,3.000488763225782,1,25.977471540148144
18.078,0.2140542,-0.37425150000000007,9.7806681,0.0017972868239386486,2,-0.01084141797969006,3.0005518272101535,1,26.07348818959512
18.093,0.1122264,-0.37425150000000007,9.7656588,0.0011298248111089038,2,-0.044497467521981304,3.000573780547416,1,26.118496631653304
18.109,0.15568469999999998,-0.3039138,9.7656588,0.0004392769087200321,2,-0.04315924389929965,3.000586333361175,1,26.166505912564578
18.125,0.15568469999999998,-0.3039138,9.7941078,0.0003197529817136058,2,-0.007470245437902469,3.0005924056002984,1,26.214515342476265
18.14,0.18266220000000002,-0.3039138,9.743193900000001,-0.0007859509518137742,2,-0.0737135955684892,3.0005889091155225,1,26.259524202336635
18.156,0.1721655,-0.3053853,9.743193900000001,-0.0018728181170235558,2,-0.06792919782561883,3.0005676389629716,1,26.30753345472126
18.171,0.1721655,-0.3173535,9.704346300000001,-0.0036920727562606004,2,-0.12128364261579837,3.000525902281422,1,26.352541656280593
18.187,0.0763218,-0.3173535,9.8165727,-0.0033004127355820145,2,0.024478751292408875,3.0004699623974873,1,26.400549623198028
18.203,0.17510850000000003,-0.3817071,9.7791966,-0.0035789408378477106,2,-0.01740800639160792,3.0004149275689,1,26.448556702317752
18.218,0.2006145,-0.3143124,9.7791966,-0.0038893959942196688,2,-0.02069701042479643,3.0003589150426597,1,26.49356250613734
18.234,0.2006145,-0.36826739999999997,9.735738300000001,-0.005008210043285999,2,-0.0699258780666378,3.0002877341943597,1,26.54156767933124
18.25,0.2575125,-0.36826739999999997,9.8824959,-0.003204278636417257,2,0.11274571292930878,3.000222034284922,1,26.58957175747907
18.265,0.1915893,-0.37572300000000003,9.8824959,-0.0014595633027187915,2,0.1163143555798933,3.0001870554703784,1,26.634574825652237
18.281,0.1915893,-0.3847482,9.831582000000001,-0.0007396195889750601,2,0.04499648210898817,3.000169462007245,1,26.682577677792054
18.296,0.18109260000000002,-0.3847482,9.888480000000001,0.001076921306081502,2,0.12110272633709955,3.0001719917701233,1,26.727580238695385
18.328,0.2260224,-0.33530580000000004,9.8764137,0.002604300954667238,2,0.04773061401830421,3.000230891326295,1,26.823586684824928
18.343,0.1930608,-0.33530580000000004,9.845021700000002,0.0034729745973969273,2,0.05791157618197709,3.0002764708929357,1,26.868590490041573
18.359,0.1661814,-0.3248091,9.8016615,0.0034584972685323123,2,-0.0009048330540383329,3.000331922667863,1,26.916595357190065
18.375,0.20355750000000003,-0.39220380000000005,9.8016615,0.003506407360898578,2,0.0029943807728919324,3.0003876419048985,1,26.964601113706642
18.406,0.18109260000000002,-0.2724237,9.777627,0.00299417493802423,2,-0.01652362654433444,3.0004884009305317,1,27.05761469237059
18.421,0.1870767,-0.3338343,9.777627,0.002531499985364505,2,-0.030844996843980507,3.000529843492457,1,27.10262232920376
18.453,0.1870767,-0.2664396,9.7806681,0.0020969561623083166,2,-0.01357949447050587,3.00060389879082,1,27.198640469080296
18.468,0.2006145,-0.3143124,9.8644455,0.003345552653893691,2,0.08323976610568846,3.0006447176069413,1,27.24364983370328
18.5,0.15421320000000002,-0.36669779999999996,9.7895952,0.003122293068701154,2,-0.006976862037266767,3.0007482031385027,1,27.339672120435207
18.515,0.1406754,-0.3173535,9.834525,0.003746062820990659,2,0.041584650152632074,3.000799715807675,1,27.384683729827305
18.531,0.1631403,-0.3936753,9.834525,0.004418456371684698,2,0.04202459691838208,3.0008650319612165,1,27.43269704780945
18.562,0.1631403,-0.3847482,9.806076000000001,0.0045134255499661435,2,0.0030635218800463947,3.001003476131002,1,27.525726009684888
18.578,0.21856680000000003,-0.3936753,9.783611100000002,0.004194581115084972,2,-0.01992777718007541,3.0010731401843223,1,27.573742622615406
18.593,0.21856680000000003,-0.39818790000000004,9.8495343,0.005176795669234124,2,0.06548097027660767,3.0011434255102047,1,27.618759246858115
18.609,0.17667810000000003,-0.39818790000000004,9.830012400000001,0.005740880508474433,2,0.03525530245251534,3.0012307669196265,1,27.66677824039756
18.625,0.145188,-0.33226469999999997,9.830012400000001,0.006235818460909925,2,0.030933622027221684,3.001326580511382,1,27.714798699177003
18.656,0.145188,-0.33981839999999996,9.7941078,0.006022598461969508,2,-0.006878064481949203,3.0015165859736865,1,27.80784276825752
18.671,0.19757340000000004,-0.33981839999999996,9.7851807,0.005656619069791091,2,-0.024398626145226886,3.0016041801051747,1,27.85286617400311
18.687,0.19757340000000004,-0.2200383,9.752219100000001,0.004584660083924774,2,-0.06699743661663732,3.0016861103384045,1,27.900892496326666
18.703,0.1646118,-0.2918475,9.752219100000001,0.0035586583039801667,2,-0.06412511124654503,3.0017512568855076,1,27.94891999526445
18.718,0.1646118,-0.2798793,9.8120601,0.003718606403181113,2,0.010663206613396002,3.0018058363708113,1,27.993946673463874
18.734,0.21552570000000001,-0.2798793,9.834525,0.004334948650164705,2,0.0385213904364702,3.001870264811238,1,28.041976082273337
18.75,0.19011780000000003,-0.30685680000000004,9.834525,0.004944707068579746,2,0.03810990115094424,3.001944502056988,1,28.090006600408277
18.765,0.19011780000000003,-0.37866600000000006,9.854046900000002,0.005973972121356752,2,0.06861767018513117,3.0020263921509125,1,28.135036382114837
18.781,0.1078119,-0.37866600000000006,9.7866522,0.005638275909243262,2,-0.020981013257095428,3.002119290135157,1,28.18306954757312
18.796,0.1870767,-0.3503151,9.7866522,0.005311871557303505,2,-0.02176029012931634,3.002201416241156,1,28.228101952870944
18.828,0.1781496,-0.3936753,9.7417224,0.004140776484598874,2,-0.03659672102201968,3.0023526586098264,1,28.32417481806856
18.843,0.16166880000000003,-0.3936753,9.740250900000001,0.0029581878330482425,2,-0.07883924343670576,3.002405900842209,1,28.36921050726445
18.859,0.18266220000000002,-0.3712104,9.740250900000001,0.0017887770094997535,2,-0.07308817647177239,3.002443876560949,1,28.417249305483683
18.875,0.18266220000000002,-0.31136939999999996,9.8120601,0.0020082797284697307,2,0.013718919935625086,3.002474253014853,1,28.465288650520282
18.89,0.1721655,-0.31136939999999996,9.708858900000001,0.00019754974592522956,2,-0.12071533216962883,3.002490796735911,1,28.510325888393414
18.906,0.1990449,-0.3248091,9.708858900000001,-0.0015589798206576688,2,-0.10978309791144324,3.002479905295313,1,28.55836565400966
18.921,0.1990449,-0.2994012,9.708858900000001,-0.0032970711516053797,2,-0.11587275539650967,3.0024434849130213,1,28.603402579436224
18.937,0.2290635,-0.2994012,9.839037600000001,-0.0024374875593053957,2,0.05372397451874299,3.002397608443334,1,28.65144130818308
18.953,0.1257642,-0.3098979,9.839037600000001,-0.0016248886242955507,2,0.05078743343812091,3.0023651094338653,1,28.699479409926095
18.968,0.1257642,-0.36071369999999997,9.8495343,-0.0005886266867776158,2,0.0690841291678597,3.002348508069032,1,28.744514762057367
18.984,0.1377324,-0.318825,9.7417224,-0.0017104918763450883,2,-0.07011657434795919,3.002330115120527,1,28.79255219104289
19.0,0.17667810000000003,-0.318825,9.856989900000002,-0.0005394597675838497,2,0.07318950679758547,3.0023121155073755,1,28.84058932888791
19.015,0.15421320000000002,-0.36973890000000004,9.856989900000002,0.0006360655225066125,2,0.07836835267269451,3.0023128400505374,1,28.885624016054596
19.046,0.15421320000000002,-0.2948886,9.8285409,0.0011815910715125,2,0.017597598355029304,3.0023410137277446,1,28.978696150788156
19.062,0.21101310000000004,-0.2948886,9.711801900000001,-0.0005503251484988425,2,-0.10824476375069679,3.002346063855129,1,29.026733647408825
19.078,0.20954160000000002,-0.3907323,9.743193900000001,-0.001567737228135968,2,-0.06358825497732735,3.0023291193561157,1,29.07477104887451
19.093,0.16166880000000003,-0.3907323,9.728282700000001,-0.0028751651238749787,2,-0.08716185971593074,3.0022957975884754,1,29.119805735751598
19.109,0.1466595,-0.315882,9.728282700000001,-0.004214876578293669,2,-0.08373196590115879,3.002239077254858,1,29.16784201475035
19.125,0.1466595,-0.38023560000000006,9.7866522,-0.0043397044108228755,2,-0.007801739533076251,3.002170640606945,1,29.21587729249324
19.14,0.1721655,-0.36826739999999997,9.7971489,-0.004257271163554677,2,0.005495549817879711,3.002106163290137,1,29.26090936852247
19.156,0.1302768,-0.36826739999999997,9.8016615,-0.004100709308927364,2,0.009785115914208132,3.002039299446357,1,29.308942532224357
19.171,0.18109260000000002,-0.32932170000000005,9.8016615,-0.003958556854053441,2,0.009476830324927828,3.0019788549501345,1,29.353972668382333
19.187,0.18109260000000002,-0.40417200000000003,9.8091171,-0.003618285627599249,2,0.02126695165338461,3.0019182402102813,1,29.40200384514362
19.203,0.19757340000000004,-0.40417200000000003,9.827069400000001,-0.0029268184934529984,2,0.04321669588414544,3.0018658793773128,1,29.450034118100316
19.218,0.1526436,-0.40417200000000003,9.827069400000001,-0.0022645918672612453,2,0.0441484417461152,3.0018269437996072,1,29.495061814274145
19.234,0.1526436,-0.36071369999999997,9.7971489,-0.0022346928583534265,2,0.0018686880567384675,3.0017909495218023,1,29.54309075742072
19.265,0.20208600000000002,-0.36071369999999997,9.848062800000001,-0.0011904155965911656,2,0.033686363282654876,3.0017378603407505,1,29.636145453973587
19.281,0.2290635,-0.35178660000000006,9.848062800000001,-0.00016137189969356314,2,0.06431523105610723,3.0017270460407803,1,29.684173173224632
19.296,0.16912439999999998,-0.37268190000000007,9.8405091,0.0006908283113151725,2,0.05681334740058022,3.0017310169638676,1,29.72919910869717
19.312,0.16912439999999998,-0.2784078,9.723770100000001,-0.0008225226507097005,2,-0.09458443512654398,3.0017299634091525,1,29.77722679654016
19.328,0.142245,-0.2784078,9.7297542,-0.00219735920057218,2,-0.08592728436641442,3.001705804354342,1,29.825254282682263
19.343,0.2065986,-0.3053853,9.7297542,-0.0035067721038988253,2,-0.0872941935551064,3.0016630233695585,1,29.870279548890192
19.359,0.2065986,-0.261927,9.7582032,-0.004257839510451333,2,-0.0469417129095265,3.001600906476644,1,29.91830566032897
19.375,0.1946304,-0.261927,9.8495343,-0.0032091871684105655,2,0.06554077137755521,3.001541170263213,1,29.96633079694288
19.39,0.17069399999999998,-0.2889045,9.8495343,-0.0021750128856190543,2,0.06894495218609814,3.0015007887628076,1,30.011353611635577
19.406,0.17069399999999998,-0.3338343,9.848062800000001,-0.0011621167802555732,2,0.06330600658522453,3.0014740917254805,1,30.059377410679478
19.421,0.2544714,-0.3338343,9.855518400000001,1.2405014183869412e-05,2,0.07830145296262654,3.001465468887235,1,30.104399457384076
19.453,0.1990449,-0.36375480000000004,9.7627158,-0.0006583766737922048,2,-0.0209619277492523,3.001455133340681,1,30.200446187019722
19.468,0.1990449,-0.4176117,9.800091900000002,-0.0005417425035663115,2,0.007775611348392591,3.001446132446851,1,30.24546794651313
19.484,0.2499588,-0.4176117,9.7971489,-0.00046218743876025314,2,0.004972191550378089,3.001438101007312,1,30.29349102038077
19.5,0.22455090000000003,-0.38023560000000006,9.7971489,-0.0004260508825471021,2,0.002258534763322189,3.001430995100742,1,30.34151397314963
19.515,0.22455090000000003,-0.37425150000000007,9.7627158,-0.0010696239170773225,2,-0.04290486896867973,3.001419777539745,1,30.386535353944435
19.531,0.2215098,-0.37425150000000007,9.842078700000002,-0.00014733272528211216,2,0.057643199487206996,3.001410041886606,1,30.43455799249984
19.546,0.1317483,-0.35777070000000005,9.842078700000002,0.0007133083361807735,2,0.057376070764190205,3.001414286703688,1,30.479579174964268
19.562,0.1317483,-0.2889045,9.8046045,0.000778336160847104,2,0.004064239041645202,3.001426219859664,1,30.52760189901678
19.578,0.1930608,-0.2889045,9.7387794,-0.0004278820499283853,2,-0.07538863817347638,3.0014290234925514,1,30.575624740963594
19.609,0.16765290000000002,-0.3652263,9.7851807,-0.0006603878685975673,2,-0.007500187699005299,3.001412155308814,1,30.668668779235023
19.625,0.16765290000000002,-0.37866600000000006,9.821085300000002,-0.00017494217148872337,2,0.030340356069306084,3.0014054726684933,1,30.716691320258835
19.64,0.15421320000000002,-0.37866600000000006,9.7986204,-0.00014343559560714425,2,0.002100438392105195,3.00140308483524,1,30.761712384440116
19.656,0.20208600000000002,-0.2918475,9.7986204,-0.00015369359846850728,2,-0.0006411251788352596,3.0014007078016873,1,30.809734814781205
19.671,0.20208600000000002,-0.3503151,9.898878600000002,0.0018379789494211707,2,0.13277816985930682,3.0014133399418195,1,30.854755920139283
19.687,0.18266220000000002,-0.3503151,9.855518400000001,0.002933682851958608,2,0.06848149390858216,3.0014515132362307,1,30.902778838964714
19.703,0.10477080000000001,-0.2948886,9.855518400000001,0.003950094638778268,2,0.06352573667623573,3.0015065834561567,1,30.95080250373825
19.718,0.10477080000000001,-0.3367773,9.843550200000001,0.004738362593103673,2,0.052551196955025054,3.001571746885396,1,30.995825591215812
19.734,0.2724237,-0.3367773,9.7791966,0.0043134995292941625,2,-0.02655394148809145,3.0016441617823753,1,31.04385131848516
19.765,0.15568469999999998,-0.3712104,9.8151012,0.004574745361214383,2,0.008427284900652596,3.0017819295781782,1,31.136904422901246
19.781,0.15568469999999998,-0.43262100000000003,9.7672284,0.003942479455599113,2,-0.03951661910095874,3.001850067376713,1,31.18493347887688
19.796,0.18109260000000002,-0.43262100000000003,9.8165727,0.004297617589168468,2,0.023675875571289428,3.0019118681045485,1,31.22996169339299
19.812,0.20954160000000002,-0.39220380000000005,9.8165727,0.004623620926453853,2,0.02037520858033431,3.0019832380126736,1,31.277992854241933
19.828,0.20954160000000002,-0.40868460000000006,9.7821396,0.004281981834735049,2,-0.021352443232427597,3.002054482834763,1,31.326025156008708
19.843,0.1526436,-0.40868460000000006,9.7013052,0.002343008408603353,2,-0.1292648950754415,3.002104170261588,1,31.371056345906933
19.875,0.1002582,-0.5074713,9.7013052,0.0005200321155669485,2,-0.056968009157387596,3.0021499789099746,1,31.46712441229368
19.89,0.1002582,-0.2350476,9.7672284,-0.0001792718350710487,2,-0.046620263375864716,3.0021525346120783,1,31.512156681145097
19.906,0.19610190000000002,-0.2350476,9.8255979,0.00030757680852033786,2,0.030428040224465012,3.0021535610518657,1,31.560191129910404
19.921,0.2709522,-0.3039138,9.8255979,0.0008567474838532263,2,0.036611378355524506,3.0021622934840586,1,31.605223498819424
19.937,0.1362609,-0.21709530000000002,9.860031000000001,0.0019702794255973544,2,0.06959574635900022,3.0021849096993343,1,31.653258276444895
19.953,0.1362609,-0.24103170000000002,9.833053500000002,0.0025441153476943867,2,0.03586474513106847,3.0022210248575205,1,31.701293523921343
19.968,0.17069399999999998,-0.24103170000000002,9.855518400000001,0.00355752333522652,2,0.06756053250213967,3.0022667871476423,1,31.746327182511383
19.984,0.21258269999999999,-0.2858634,9.855518400000001,0.004590507688250867,2,0.06456152206401443,3.0023319713958303,1,31.794363972579735
20.0,0.21258269999999999,-0.261927,9.7866522,0.004240680254049778,2,-0.021864214637570455,3.002402620899369,1,31.84240184931809
20.015,0.21552570000000001,-0.261927,9.6848244,0.0019035608059390086,2,-0.15580796320737872,3.002448702707319,1,31.887438234245142
20.031,0.1915893,-0.40113090000000007,9.6848244,-0.00030423174140281617,2,-0.13798703420887926,3.002461497339835,1,31.935477515845513
20.046,0.1915893,-0.4460607,9.7103304,-0.001930754265075052,2,-0.10843483491147828,3.0024447349447865,1,31.980514312587648
20.062,0.1302768,-0.4460607,9.7417224,-0.002930456949428617,2,-0.06248141777209082,3.0024058452550704,1,32.02855311722925
20.078,0.21552570000000001,-0.45351630000000004,9.7417224,-0.00387418523017935,2,-0.05898301754692731,3.0023514081176335,1,32.076591175256226
20.093,0.1002582,-0.4864779,9.743193900000001,-0.004776036858283206,2,-0.060123441873588104,3.0022865314519698,1,32.121625959803
20.109,0.1002582,-0.3562992,9.8151012,-0.004361550986375917,2,0.025905366994202636,3.0022134307492125,1,32.169661959500615
20.14,0.1781496,-0.347274,9.834525,-0.003559326913066485,2,0.025878195913208484,3.002090657141771,1,32.26272867286292
20.156,0.1781496,-0.3278502,9.8196138,-0.003078061497353346,2,0.030079088482074506,3.0020375580344876,1,32.31076169858432
20.171,0.1497006,-0.3278502,9.877983300000002,-0.0014718038397631972,2,0.1070838438393392,3.0020034340444592,1,32.35579200602491
20.187,0.1856052,-0.3039138,9.877983300000002,9.990056141262471e-05,2,0.09823152507347788,3.0019924588182323,1,32.40382397316782
20.203,0.1856052,-0.3622833,9.831582000000001,0.0007702981444950296,2,0.04189984894265492,3.0019994204078797,1,32.45185590820162
20.218,0.18413369999999998,-0.3622833,9.860031000000001,0.0019843575593192497,2,0.0809372943216116,3.0020200803256585,1,32.49688605445713
20.234,0.16019730000000001,-0.287433,9.860031000000001,0.0031181017467094563,2,0.07085901171187999,3.0020609000001066,1,32.54491870229974
20.25,0.1586277,-0.2709522,9.860031000000001,0.004219972937496763,2,0.06886694942421427,3.0021196045975804,1,32.592952146336515
20.265,0.1586277,-0.2889045,9.818044200000001,0.004487417940268301,2,0.017829666851435194,3.0021849100291638,1,32.63798443019622
20.281,0.15568469999999998,-0.2889045,9.818044200000001,0.00474869575038106,2,0.016329863132049226,3.002258798938689,1,32.68601997986796
20.296,0.19011780000000003,-0.3098979,9.818044200000001,0.005029278013815031,2,0.01870548422893066,3.00233213374192,1,32.73105441186306
20.312,0.19011780000000003,-0.3083283,9.877983300000002,0.006477872592734357,2,0.09053716118244778,3.0024241909467726,1,32.779092462460575
20.328,0.1661814,-0.3083283,9.7342668,0.005073429677082686,2,-0.08777768222823913,3.002516601364931,1,32.82713198879906
20.343,0.21856680000000003,-0.344331,9.7342668,0.0037404564192442535,2,-0.08886488385589213,3.0025827055106538,1,32.87217023360063
20.375,0.2200383,-0.3891627,9.806076000000001,0.003873908185921593,2,0.004170367708666852,3.0027045353443365,1,32.96825482945431
20.39,0.2006145,-0.3562992,9.776155500000002,0.0033859468504093826,2,-0.03253075570081279,3.0027589842571087,1,33.01329580585132
20.406,0.21856680000000003,-0.36973890000000004,9.776155500000002,0.0029248695518990786,2,-0.028817331156897174,3.002809470788327,1,33.06134035349168
20.421,0.21856680000000003,-0.3592422,9.777627,0.0024939928888958462,2,-0.02872511086688107,3.002850112256633,1,33.10638280036452
20.437,0.1930608,-0.3592422,9.7387794,0.0012999937541593454,2,-0.07462494592102295,3.0028804641497775,1,33.15442864497578
20.468,0.2200383,-0.3367773,9.7387794,0.00012488860163450966,2,-0.037906617823383254,3.0029025498262922,1,33.24751828169241
20.484,0.2200383,-0.36669779999999996,9.8120601,0.00042949806454828376,2,0.01903809143210875,3.0029069849196217,1,33.29556475797038
20.5,0.1721655,-0.36669779999999996,9.7866522,0.00021162239156247153,2,-0.013617229561614765,3.0029121138832706,1,33.3436113107608
20.515,0.19757340000000004,-0.36375480000000004,9.7866522,5.269794918660864e-06,2,-0.013756839776253523,3.002913740574669,1,33.38865500466924
20.531,0.19757340000000004,-0.3771945,9.7821396,-0.00027546881787188227,2,-0.017546163299410878,3.0029115789824856,1,33.43670160722569
20.546,0.20954160000000002,-0.3771945,9.7387794,-0.0013951945717920466,2,-0.0746483835946748,3.002899049007063,1,33.48174518693562
20.562,0.16019730000000001,-0.37572300000000003,9.8165727,-0.0009883990525310082,2,0.025424719953812056,3.0028799802580686,1,33.52979141916975
20.578,0.18413369999999998,-0.344331,9.8165727,-0.0006039114309679405,2,0.02403047634769438,3.0028672417742004,1,33.577837396946
20.593,0.18413369999999998,-0.32932170000000005,9.834525,0.00011469354607029913,2,0.04790699846921416,3.002863572640064,1,33.62288037805411
20.609,0.17510850000000003,-0.32932170000000005,9.9093753,0.0022825849577703394,2,0.13549321323123736,3.0028827508680944,1,33.67092634864218
20.625,0.21258269999999999,-0.287433,9.9093753,0.004396789976983229,2,0.13213781370082012,3.0029361858675725,1,33.718972900136066
20.64,0.21258269999999999,-0.3053853,9.8495343,0.005307540450216308,2,0.06071669821553634,3.0030089683457764,1,33.76401748879267
20.656,0.1586277,-0.3053853,9.843550200000001,0.00606324664795288,2,0.047231637358540954,3.0030999346425618,1,33.812066360016566
20.687,0.21856680000000003,-0.37268190000000007,9.717786,0.0044084850165120315,2,-0.05337940746582977,3.003262246483361,1,33.90516497382402
20.703,0.18109260000000002,-0.37268190000000007,9.803133,0.004443038995347592,2,0.002159623677222793,3.003333058675456,1,33.95321773626529
20.718,0.15421320000000002,-0.4027005000000001,9.7327953,0.0031133378073313622,2,-0.08864674586774532,3.003389731501476,1,33.99826815719162
20.734,0.1990449,-0.33981839999999996,9.7327953,0.0017786576631824147,2,-0.08341750900929988,3.00342886746524,1,34.04632270598336
20.75,0.1990449,-0.36826739999999997,9.7895952,0.001603122353129649,2,-0.010970956878299064,3.0034559217053705,1,34.09437778429672
20.765,0.2290635,-0.36826739999999997,9.8734707,0.0030869065534666618,2,0.09891894668913044,3.0034910969221698,1,34.139429886936426
20.781,0.2559429,-0.4176117,9.8734707,0.004592990913435457,2,0.0941302724980601,3.003552536101905,1,34.187486236000616
20.796,0.2559429,-0.3338343,9.752219100000001,0.0036317994147854193,2,-0.06407943324333344,3.0036142220293667,1,34.232539986686604
20.812,0.1482291,-0.3338343,9.7656588,0.0029090639018409803,2,-0.04517096955902238,3.0036665489359,1,34.28059823285433
20.828,0.1721655,-0.33226469999999997,9.7656588,0.0022071444480129543,2,-0.043869965864256455,3.0037074786026987,1,34.328657225074636
20.843,0.1721655,-0.30685680000000004,9.871999200000001,0.003586465383738968,2,0.09195472904839744,3.003750930676437,1,34.37371316314423
20.859,0.173637,-0.30685680000000004,9.7941078,0.0034129443427808326,2,-0.01084506505988226,3.0038069259542493,1,34.42177362599728
20.875,0.21552570000000001,-0.287433,9.788123700000002,0.0031303290674831175,2,-0.017663454706109142,3.0038592721415314,1,34.469834955582044
20.906,0.2544714,-0.315882,9.788123700000002,0.0028887534016810434,2,-0.00779276341297043,3.0039525679198036,1,34.56295603910299
20.921,0.19610190000000002,-0.2889045,9.7208271,0.001290565666920429,2,-0.10654584898403692,3.003983912812818,1,34.60801556270849
20.937,0.1796211,-0.3083283,9.7208271,-0.00027083410121164775,2,-0.09758748550824388,3.0039920706653436,1,34.65607937057632
20.953,0.1796211,-0.35178660000000006,9.7821396,-0.0005714863095853673,2,-0.01879076302335954,3.003985332102057,1,34.70414318979846
20.968,0.16019730000000001,-0.35178660000000006,9.821085300000002,-0.00010980533326687691,2,0.03077873175456486,3.003980222414736,1,34.74920293145733
20.984,0.13469129999999999,-0.32333760000000006,9.821085300000002,0.0003161605466548423,2,0.02662286749510447,3.0039818732564427,1,34.79726662822271
21.0,0.13469129999999999,-0.344331,9.777627,-0.0001037607327738499,2,-0.02624507996429615,3.003983572454954,1,34.84533035178839
21.015,0.1511721,-0.3592422,9.8136297,0.00020516067024445306,2,0.020594760201219416,3.003984332954485,1,34.890390111078965
21.031,0.1107549,-0.3592422,9.8196138,0.0006147063004924291,2,0.025596601890501326,3.003990891890251,1,34.93845391287772
21.046,0.23799060000000002,-0.3307932,9.8196138,0.0010409044826751312,2,0.028413212145512397,3.0040033089711247,1,34.98351386938418
21.062,0.23799060000000002,-0.37268190000000007,9.7732125,0.00057923489650058,2,-0.02885434913590622,3.004016270086158,1,35.031578026016646
21.078,0.1571562,-0.37268190000000007,9.7956774,0.0005347182801198613,2,-0.0027822885237952246,3.004025181711571,1,35.07964235763102
21.093,0.145188,-0.3847482,9.7956774,0.0004965952646056593,2,-0.002541534367613374,3.0040329165631565,1,35.12470279336809
21.109,0.145188,-0.3262806,9.8285409,0.0010616007134380823,2,0.03531284055202248,3.0040453821309807,1,35.17276741975765
21.125,0.24701580000000004,-0.3262806,9.7627158,0.0003657711250912854,2,-0.04348934927167959,3.0040568011056887,1,35.22083223722353
21.14,0.17510850000000003,-0.4176117,9.7627158,-0.0002787062487126235,2,-0.042965158253592296,3.0040574540922615,1,35.26589309413752
21.156,0.17510850000000003,-0.287433,9.8151012,2.391895115039233e-05,2,0.01891407499144057,3.0040554157938812,1,35.3139579970966
21.187,0.1915893,-0.29783160000000003,9.7986204,9.775962194424892e-06,2,-0.0004562254501924633,3.0040559380650382,1,35.40708372308142
21.218,0.16019730000000001,-0.3143124,9.7986204,-5.044271011556134e-06,2,-0.00047807203890263216,3.004056011406252,1,35.50020945829822
21.234,0.16019730000000001,-0.31136939999999996,9.7297542,-0.001370865269429089,2,-0.08536381240108626,3.0040450041299285,1,35.54827426642252
21.25,0.205029,-0.31136939999999996,9.7701714,-0.001901502916211939,2,-0.03316485292393177,3.0040188251844433,1,35.59633877705703
21.265,0.1990449,-0.2769363,9.7701714,-0.0024444742418623377,2,-0.036198088376691875,3.003986230355758,1,35.641398814973584
21.281,0.1990449,-0.2889045,9.764187300000001,-0.0030872675108959413,2,-0.04017457931460465,3.0039419764217357,1,35.6894622406278
21.296,0.18266220000000002,-0.2889045,9.845021700000002,-0.002139705940866321,2,0.06317077133530563,3.0039027741208475,1,35.73452107625687
21.312,0.0793629,-0.3936753,9.845021700000002,-0.0011664938586228857,2,0.0608257551402079,3.0038763245224516,1,35.78258330904602
21.328,0.0793629,-0.32932170000000005,9.806076000000001,-0.0010218523732774543,2,0.00904009283409046,3.0038588177525964,1,35.830645190184214
21.343,0.1332198,-0.4460607,9.8240283,-0.00042658011304474996,2,0.03968481734884545,3.003847954508949,1,35.87570299097618
21.359,0.1721655,-0.4460607,9.848062800000001,0.0006395844762483449,2,0.06663528683081098,3.0038496585438548,1,35.92376457188061
21.375,0.1646118,-0.32333760000000006,9.848062800000001,0.0015884011618876315,2,0.05930104285246194,3.00386748242896,1,35.971826309008385
21.39,0.1646118,-0.40417200000000003,9.7986204,0.001608605712457134,2,0.0013469700379667852,3.0038914599805175,1,36.01688450107646
21.406,0.1586277,-0.4056435,9.8196138,0.002038901867180698,2,0.02689350967022571,3.0039206400411547,1,36.06494699787663
21.437,0.1586277,-0.2829204,9.776155500000002,0.0015248006383821178,2,-0.016583910606404552,3.003975877429991,1,36.15806939389744
21.453,0.2260224,-0.2829204,9.8794548,0.0030708636570579984,2,0.09662893866725318,3.0040126427443545,1,36.20613330205883
21.468,0.1392039,-0.3173535,9.8794548,0.004575664047882455,2,0.10032002605495997,3.0040699917021416,1,36.25119392181718
21.484,0.1721655,-0.29783160000000003,9.7701714,0.003907727250799908,2,-0.0417460498176545,3.004137858832531,1,36.29925958462147
21.5,0.1721655,-0.3262806,9.855518400000001,0.004942981262880508,2,0.0647033757550446,3.0042086645006405,1,36.347326356808125
21.515,0.258984,-0.3262806,9.714843,0.0032392974177088973,2,-0.11357892301143642,3.004270031590745,1,36.39238994702881
21.531,0.2365191,-0.3487455,9.714843,0.0015730853040754056,2,-0.1041382571021047,3.0043085306525192,1,36.440458575526755
21.546,0.2365191,-0.21709530000000002,9.8240283,0.0020041568490576367,2,0.028738102998814317,3.0043353599686675,1,36.48552340470641
21.562,0.2365191,-0.21709530000000002,9.660888,-0.0007703178391480492,2,-0.17340466801283597,3.0043452306807468,1,36.533592849431614
21.578,0.2514303,-0.2948886,9.660888,-0.0034426212207652185,2,-0.16701896135109148,3.0043115271682677,1,36.5816621034944
21.593,0.2514303,-0.35777070000000005,9.683352900000001,-0.0055808775767811625,2,-0.14255042373439086,3.004243850927286,1,36.62672626883012
21.609,0.18266220000000002,-0.35777070000000005,9.704346300000001,-0.007296120049558041,2,-0.10720265454854294,3.0041408349462753,1,36.67479334631711
21.625,0.1511721,-0.37268190000000007,9.704346300000001,-0.008977347302565164,2,-0.10507670331295674,3.0040106472074584,1,36.72285855817434
21.64,0.18413369999999998,-0.36375480000000004,9.717786,-0.010357797738285157,2,-0.09203002904799605,3.003865633619652,1,36.76791763028054
21.656,0.18413369999999998,-0.3771945,9.6503913,-0.013021368375575548,2,-0.1664731648306678,3.0036786002907414,1,36.81597798415182
21.671,0.1631403,-0.3771945,9.556117200000001,-0.017486933155579365,2,-0.29770431866690983,3.0034497880292577,1,36.86103144706422
21.703,0.21258269999999999,-0.3532581,9.6519609,-0.0199862593837441,2,-0.07810394463014785,3.0028502169486284,1,36.95713224714387
21.718,0.24544620000000003,-0.3532581,9.6280245,-0.022890178953746343,2,-0.19359463800014232,3.002528643661097,1,37.00217258859844
21.734,0.17667810000000003,-0.36973890000000004,9.6280245,-0.025754568121996613,2,-0.17902432301562182,3.0021394856844914,1,37.05020993363321
21.75,0.17667810000000003,-0.3278502,9.560629800000001,-0.02991299340907183,2,-0.2599015804422298,3.0016941451922428,1,37.09824060268022
21.765,0.1915893,-0.3278502,9.6144867,-0.0329290638964963,2,-0.20107136582829047,3.001222829762451,1,37.14326247999238
21.781,0.1377324,-0.35178660000000006,9.6144867,-0.03588749170191363,2,-0.18490173783860347,3.0006722973176636,1,37.191277641009016
21.812,0.1915893,-0.32333760000000006,9.6384231,-0.0383204254231142,2,-0.0784817329419479,2.9995220746022255,1,37.284280653773784
21.828,0.1915893,-0.33530580000000004,9.5247252,-0.04292520465337191,2,-0.28779870189113826,2.9988721095616135,1,37.33226780724709
21.843,0.24103170000000002,-0.33530580000000004,9.698362200000002,-0.044016187796479755,2,-0.0727322095405205,2.9982200491182396,1,37.377245998437196
21.859,0.1437165,-0.41309910000000005,9.698362200000002,-0.045064794082231074,2,-0.06553789285945011,2.99750740126321,1,37.42521181804025
21.875,0.1437165,-0.3248091,9.5876073,-0.04832883599269877,2,-0.2040026194042535,2.9967602522226104,1,37.47316595926814
21.89,0.21552570000000001,-0.3248091,9.4932351,-0.053351410677681343,2,-0.3348383123321588,2.9959976503725825,1,37.5181116435376
21.906,0.18109260000000002,-0.36973890000000004,9.4932351,-0.05825739620834369,3,-0.30662409566643056,2.9951047799174946,1,37.56604046297991
21.921,0.18109260000000002,-0.34580249999999996,9.4992192,-0.06296762190165417,3,-0.31401504622068654,2.9941955922816694,1,37.61096021577141
21.937,0.19610190000000002,-0.34580249999999996,9.5291397,-0.06699348721345189,3,-0.2516165819873291,2.9931559034087485,1,37.65885902773694
21.953,0.2006145,-0.32932170000000005,9.5291397,-0.07095001147565583,3,-0.2472827663877736,2.9920523554192355,1,37.706740693807554
21.968,0.1482291,-0.42065280000000005,9.349518600000001,-0.07829539343672565,3,-0.48969213073796936,2.9909330148823927,1,37.751613084084816
21.984,0.1482291,-0.38621970000000005,9.4707702,-0.08315066278075811,3,-0.30345433400199506,2.989641446432653,1,37.799457679775344
22.0,0.173637,-0.31284090000000003,9.4707702,-0.08795532864417233,3,-0.3002916164634215,2.9882725985012537,1,37.84728099213481
22.015,0.173637,-0.3936753,9.4348656,-0.09331000071329676,3,-0.35697813794161537,2.9869131085310725,1,37.892094884937556
22.046,0.2260224,-0.3936753,9.4288815,-0.09865514744103443,3,-0.1724240879915444,2.9839376487346807,1,37.98464307167517
22.062,0.18266220000000002,-0.38023560000000006,9.4288815,-0.1039246961849436,3,-0.3293467964942862,2.982317009985673,1,38.03237310894494
22.078,0.18266220000000002,-0.37572300000000003,9.4513464,-0.10865440644120739,3,-0.29560689101651916,2.980616377164664,1,38.08007657604214
22.093,0.18266220000000002,-0.37572300000000003,9.401904,-0.11425988543621557,3,-0.3736985996671981,2.9789445199755833,1,38.12477328277069
22.109,0.20208600000000002,-0.35777070000000005,9.3915054,-0.11996508490371127,3,-0.3565749667184415,2.9770707202128635,1,38.1724214046922
22.125,0.2290635,-0.3008727,9.3915054,-0.1255853729706704,3,-0.35126800418498455,2.975106316549869,1,38.2200388209863
22.14,0.2290635,-0.2679111,9.4288815,-0.1303826647176738,3,-0.31981944980021354,2.973186556267206,1,38.26465101753243
22.156,0.2754648,-0.2679111,9.4917636,-0.13382960207856165,3,-0.21543358505551488,2.9710728581328367,1,38.31220509284763
22.171,0.1990449,-0.347274,9.4917636,-0.13719598951930045,3,-0.2244258293825785,2.9690401661958528,1,38.35675594053009
22.187,0.1990449,-0.2858634,9.334607400000001,-0.14361588436256945,3,-0.4012434277042671,2.9667936712047975,1,38.4042426112293
22.203,0.2784078,-0.2858634,9.310671000000001,-0.1503390456216689,3,-0.4201975786937614,2.964442031764924,1,38.451692496853056
22.218,0.18864630000000002,-0.3817071,9.310671000000001,-0.1569071754004181,3,-0.43787531858326406,2.9621376851072583,1,38.4961418447296
22.234,0.18864630000000002,-0.33530580000000004,9.3555027,-0.16250321097459342,3,-0.3497522233859182,2.9595824020162578,1,38.54351560542659
22.25,0.1781496,-0.33530580000000004,9.2372922,-0.17030947369188532,3,-0.48789141983079753,2.956919900538926,1,38.590847623847026
22.265,0.1571562,-0.40868460000000006,9.253773,-0.17758945993480602,3,-0.4853324161946949,2.954310658536726,1,38.635181853040095
22.281,0.1526436,-0.3592422,9.253773,-0.1847683660319106,3,-0.4486816310690861,2.9514117959289927,1,38.68242763267582
22.296,0.1526436,-0.3427614,9.2447478,-0.19199557546725288,3,-0.4818139623561334,2.948586066367749,1,38.726677616643045
22.312,0.1257642,-0.3427614,9.2836935,-0.19832595580134083,3,-0.39564877088045247,2.9454634941176,1,38.77383001312693
22.328,0.20208600000000002,-0.3367773,9.2836935,-0.20451009948796184,3,-0.3865089804138559,2.942240805675286,1,38.82093164752527
22.343,0.20208600000000002,-0.39671639999999997,9.2463174,-0.21125862424541175,3,-0.4499016504966439,2.939122540247286,1,38.86504187261969
22.375,0.19757340000000004,-0.39671639999999997,9.2463174,-0.2178767350493036,3,-0.2068159626216202,2.9322563744985706,1,38.958983935255624
22.39,0.1317483,-0.33226469999999997,9.2463174,-0.22443781244754746,3,-0.43740515988290696,2.928939015392344,1,39.002942900679805
22.406,0.1317483,-0.3039138,9.235820700000001,-0.23109503747463478,3,-0.4160765641930034,2.925294752592967,1,39.049776770823684
22.421,0.2649681,-0.3771945,9.2597571,-0.2370439887715161,3,-0.39659675312540715,2.921783709896121,1,39.093629859292356
22.437,0.1362609,-0.3023442,9.235820700000001,-0.24345376035135402,3,-0.4006107237398244,2.917939727903138,1,39.14034764679476
22.453,0.1362609,-0.3278502,9.247788900000002,-0.24948630187119036,3,-0.37703384498981296,2.913996207405358,1,39.18700313427722
22.468,0.2065986,-0.3278502,9.2956617,-0.2544371491304407,3,-0.3300564839500091,2.9102167815228452,1,39.23068473169418
22.484,0.2499588,-0.2889045,9.2956617,-0.25929537159529126,3,-0.30363890405312666,2.906106921357039,1,39.27721532131723
22.515,0.2499588,-0.4027005000000001,9.1758816,-0.2663209612453521,3,-0.2266319241955196,2.897959868198009,1,39.36717835655533
22.531,0.17667810000000003,-0.4027005000000001,9.190890900000001,-0.2729481938142353,3,-0.4142020355552457,2.893645714957533,1,39.413511201220565
22.546,0.1946304,-0.2694807,9.190890900000001,-0.27953381146111944,3,-0.4390411764589264,2.8895020999179675,1,39.45688480983213
22.562,0.1946304,-0.2994012,9.2013876,-0.2857664929376966,3,-0.38954259228603044,2.8849796974827764,1,39.503080664211346
22.578,0.18413369999999998,-0.2784078,9.2162988,-0.29160192889891157,3,-0.364714747575974,2.880360750108084,1,39.54920338779207
22.593,0.20355750000000003,-0.2784078,9.247788900000002,-0.29669791686640323,3,-0.3397325311660982,2.875948501264844,1,39.59237570717737
22.609,0.1915893,-0.35777070000000005,9.247788900000002,-0.30164551205356993,3,-0.30922469919788403,2.8711617538334835,1,39.63835258921816
22.625,0.1915893,-0.33981839999999996,9.264269700000002,-0.3061864934167762,3,-0.2838113352004214,2.8662990977897214,1,39.68425227603114
22.64,0.17510850000000003,-0.33981839999999996,9.2387637,-0.31114451712553404,3,-0.3305349139171784,2.861669115210654,1,39.72721203762864
22.656,0.2365191,-0.36973890000000004,9.2387637,-0.31595601993036837,3,-0.300718925302179,2.8566523109142072,1,39.77295860903763
22.671,0.2365191,-0.3936753,9.3150855,-0.31915913583169875,3,-0.21354106008868376,2.8518889472459916,1,39.815772668473834
22.687,0.21101310000000004,-0.3936753,9.2836935,-0.32292626575714856,3,-0.23544562034058666,2.84675226403328,1,39.861361798164076
22.703,0.16019730000000001,-0.4235958000000001,9.2836935,-0.3266136342645769,3,-0.23046053171429698,2.841555944833107,1,39.906868263835
22.718,0.16019730000000001,-0.40113090000000007,9.1818657,-0.33224268695176384,3,-0.37527017914578187,2.836614522423984,1,39.94945454233943
22.734,0.18266220000000002,-0.347274,9.235820700000001,-0.3367391622208853,3,-0.28102970432005897,2.831262667630602,1,39.994797559859876
22.75,0.16166880000000003,-0.347274,9.231308100000001,-0.34124354418246483,3,-0.2815238725987523,2.8258388059793758,1,40.04005437164875
22.781,0.1661814,-0.315882,9.1818657,-0.346648857397172,3,-0.1743649424099152,2.815176473754892,1,40.12749010848463
22.796,0.18266220000000002,-0.315882,9.0397188,-0.35472701135766727,3,-0.5385435973663311,2.80991615473923,1,40.16967830319834
22.812,0.1915893,-0.36973890000000004,9.0397188,-0.3626031405912027,3,-0.49225807709590885,2.8041775135236384,1,40.21459105254445
22.828,0.1915893,-0.3023442,9.1265373,-0.36867291137827074,3,-0.37936067419179503,2.7983273051078834,1,40.2594110910935
22.843,0.18864630000000002,-0.3023442,9.1339929,-0.37447879121667604,3,-0.3870586558936722,2.7927536673384212,1,40.30134419838684
22.859,0.205029,-0.2829204,9.1339929,-0.38017610568856597,3,-0.35608215449308045,2.7867164281631784,1,40.34597995915086
22.875,0.205029,-0.3503151,9.178922700000001,-0.38483582848704856,3,-0.291232674905194,2.780596332689774,1,40.390518461237676
22.89,0.1646118,-0.3053853,9.2746683,-0.3875755286636551,3,-0.18264667844042767,2.7748032475111435,1,40.43218395808918
22.906,0.20355750000000003,-0.3053853,9.1729386,-0.3922394864427421,3,-0.29149736119297043,2.768564727390293,1,40.47653090188839
22.921,0.21552570000000001,-0.36375480000000004,9.1729386,-0.39676493316200023,3,-0.30169644795053135,2.7626471942432573,1,40.51801499130064
22.937,0.21552570000000001,-0.38621970000000005,9.2492604,-0.39968887492891625,3,-0.18274636043223055,2.7562755637785292,1,40.56216637336482
22.953,0.145188,-0.38621970000000005,9.1878498,-0.40378527415026966,3,-0.2560249513346162,2.7498477705858964,1,40.60621536003973
22.968,0.2065986,-0.3218661,9.1878498,-0.40782689921070236,3,-0.2694416706955036,2.743760679285689,1,40.64741742341376
22.984,0.2065986,-0.39220380000000005,9.196875,-0.41155897791473883,3,-0.23325491900225315,2.7372055922686847,1,40.6912651535862
23.0,0.1946304,-0.39220380000000005,9.1878498,-0.4153997559952387,3,-0.24004863003126856,2.7305899223974057,1,40.73500751770352
23.015,0.1362609,-0.3876912,9.1878498,-0.4191895630791578,3,-0.25265380559459527,2.7243305025043476,1,40.77591942089029
23.046,0.22455090000000003,-0.34580249999999996,9.1639134,-0.4233727226847055,3,-0.13494063243702825,2.711270787075008,1,40.86017124087876
23.062,0.22455090000000003,-0.3532581,9.1385055,-0.42796596311846,3,-0.28707752710962603,2.704460077588582,1,40.903497087796076
23.078,0.24701580000000004,-0.3532581,9.162441900000001,-0.4319889659206435,3,-0.25143767513649545,2.69758043815627,1,40.94671341192203
23.093,0.1571562,-0.3831786,9.162441900000001,-0.4359483543187288,3,-0.26395922653900966,2.691070908254474,1,40.987128297020114
23.109,0.1571562,-0.31136939999999996,9.1609704,-0.43991225994898464,3,-0.2477441018909621,2.6840640233403317,1,41.03012937647288
23.125,0.19757340000000004,-0.31136939999999996,9.2178684,-0.44266836044140945,3,-0.1722562807765694,2.677003378377209,1,41.07301791568661
23.14,0.2080701,-0.3023442,9.2178684,-0.4453717810752167,3,-0.18022804225380923,2.670343077315834,1,41.11312301410431
23.156,0.2080701,-0.37866600000000006,9.2447478,-0.4474404944973607,3,-0.12929458888401338,2.6632005791112543,1,41.155791363355725
23.171,0.19011780000000003,-0.37866600000000006,9.2791809,-0.4488017641402209,3,-0.09075130952401042,2.656478762171472,1,41.195688958415346
23.187,0.1646118,-0.3532581,9.2791809,-0.4501655218426599,3,-0.08523485640242902,2.649287023883608,1,41.23813508470379
23.203,0.1406754,-0.35178660000000006,9.297133200000001,-0.4511596351063023,3,-0.062132078977657115,2.6420764226280173,1,41.28046599227588
23.218,0.1406754,-0.3278502,9.199916100000001,-0.45405619833942623,3,-0.19310421554158785,2.635287303877174,1,41.32004622022467
23.234,0.2365191,-0.29783160000000003,9.199916100000001,-0.45687747106484977,3,-0.17632954533895154,2.627999834521939,1,41.362152517331864
23.25,0.2365191,-0.36071369999999997,9.1490022,-0.4605965485154311,3,-0.23244234066135744,2.6206600423652975,1,41.404141796346956
23.281,0.17069399999999998,-0.36071369999999997,9.2492604,-0.4623073970505249,3,-0.055188662422384224,2.606355031209026,1,41.485160529987354
23.296,0.12272310000000002,-0.3053853,9.2492604,-0.4640386412078552,3,-0.11541627715534766,2.5994074359220876,1,41.52420374849084
23.312,0.12272310000000002,-0.24397470000000002,9.2552445,-0.4656543957359016,3,-0.10098465800288928,2.591969891626537,1,41.56573476711124
23.328,0.2260224,-0.24397470000000002,9.2088432,-0.46810956817899374,3,-0.15344827769327465,2.5844997799152183,1,41.60714652448357
23.343,0.1946304,-0.33226469999999997,9.2088432,-0.4704765252009242,3,-0.15779713479535803,2.5774603842148687,1,41.64586122571455
23.359,0.1406754,-0.39671639999999997,9.318126600000001,-0.47062573805991903,3,-0.009325803687175793,2.569931566108781,1,41.687040361317145
23.375,0.1406754,-0.44311770000000006,9.2059002,-0.47292882106078693,3,-0.14394268755425962,2.5623831296358164,1,41.728098878883095
23.39,0.15568469999999998,-0.44311770000000006,9.196875,-0.47535874916950505,3,-0.16199520724786823,2.555270972859089,1,41.76648128465181
23.406,0.2529999,-0.4909905,9.196875,-0.4776511048419465,3,-0.14327222952760701,2.547646894026998,1,41.807304627586895
23.421,0.2529999,-0.2604555,9.2672127,-0.47870483837862565,3,-0.07024890244527379,2.5404742244528435,1,41.84546553597549
23.453,0.1870767,-0.3262806,9.1863783,-0.48131142430063534,3,-0.0814558100628026,2.525113964249975,1,41.926514946994736
23.468,0.1870767,-0.2350476,9.2043306,-0.4835696993323264,3,-0.150551668779399,2.5178773558227276,1,41.964337381895284
23.484,0.1990449,-0.2350476,9.1818657,-0.48621901615120855,3,-0.1655823011801153,2.5101190460988585,1,42.00456135311066
23.5,0.2230794,-0.2889045,9.1818657,-0.4887754501828798,3,-0.15977712697947216,2.5023190903681867,1,42.04466085820239
23.515,0.2499588,-0.3262806,9.1774512,-0.49133013698786243,3,-0.1703124536655008,2.4949682984644057,1,42.08214051361864
23.531,0.2499588,-0.4056435,9.1758816,-0.49380348697449783,3,-0.1545843741647294,2.4870872294727078,1,42.121996957842136
23.546,0.1526436,-0.4056435,9.1519452,-0.4967389665059052,3,-0.19569863542715132,2.4796581610716046,1,42.15924754827122
23.562,0.1497006,-0.3562992,9.1519452,-0.49965807531220996,3,-0.18244430039402637,2.4716869847370586,1,42.19885830943769
23.578,0.1497006,-0.37268190000000007,9.2447478,-0.5006892383414439,3,-0.06444768932712551,2.46368420622783,1,42.23834127896541
23.593,0.2260224,-0.37268190000000007,9.2597571,-0.5013758293785902,3,-0.045772735809751615,2.4561687182199297,1,42.275240175898766
23.609,0.17510850000000003,-0.43262100000000003,9.2597571,-0.5020195104322145,3,-0.04023006585151639,2.4481415555014423,1,42.31447465808854
23.625,0.17510850000000003,-0.318825,9.207371700000001,-0.5037673833784897,3,-0.10924205914221256,2.4400952603509576,1,42.353580552615355
23.656,0.1586277,-0.318825,9.1863783,-0.5058981635024313,3,-0.06873484270779727,2.424445444374304,1,42.4289809335386
23.671,0.1781496,-0.3592422,9.1863783,-0.5079509300995024,3,-0.13685110647140136,2.4168415761722892,1,42.4652905861927
23.687,0.18864630000000002,-0.30685680000000004,9.2627001,-0.508501182255257,3,-0.034390759734655475,2.4087099592734504,1,42.50389499847627
23.703,0.18864630000000002,-0.3427614,9.235820700000001,-0.5095425545142955,3,-0.06508576618991675,2.400565609379295,1,42.54236920302549
23.718,0.16019730000000001,-0.3427614,9.183435300000001,-0.5116003322802136,3,-0.13718518439453412,2.3929070377283357,1,42.57832024787879
23.734,0.18864630000000002,-0.347274,9.183435300000001,-0.513603854761401,3,-0.12522015507419867,2.384705404232002,1,42.61654114741448
23.75,0.18864630000000002,-0.3487455,9.211884300000001,-0.5150096941759106,3,-0.08786496340685702,2.3764764958405045,1,42.65463060261506
23.765,0.1437165,-0.3098979,9.1639134,-0.5173710136674554,3,-0.15742129943631625,2.368733640531679,1,42.69021967863785
23.781,0.1437165,-0.3248091,9.1698975,-0.5195586675458426,3,-0.1367283673992121,2.3604382030819737,1,42.72805305338676
23.796,0.1721655,-0.3248091,9.207371700000001,-0.5209596249532904,3,-0.09339716049651871,2.35263431588823,1,42.763401097279036
23.812,0.20208600000000002,-0.39220380000000005,9.207371700000001,-0.5222697971236592,3,-0.08188576064803915,2.3442884805116133,1,42.80097647965024
23.828,0.1287072,-0.3307932,9.286734599999999,-0.5220723427217013,3,0.012340900122366464,2.3359337433928515,1,42.83841825744147
23.843,0.1287072,-0.37268190000000007,9.196875,-0.5236080281995612,3,-0.10237903185732089,2.3280911406109417,1,42.8733984440715
23.859,0.1332198,-0.37268190000000007,9.1983465,-0.5250835171035,3,-0.09221805649616355,2.3197016082485162,1,42.910580786062376
23.89,0.1482291,-0.315882,9.1983465,-0.5265672270420083,3,-0.04786161091962527,2.3034010217142615,1,42.9822388768268
23.906,0.1482291,-0.33824879999999996,9.280652400000001,-0.5263937089131865,3,0.010844883051365302,2.294977334226621,1,43.01902590367432
23.921,0.2140542,-0.33824879999999996,9.2882061,-0.526050448547835,3,0.02288402435676468,2.287084003045663,1,43.05339136370386
23.937,0.1870767,-0.3278502,9.2882061,-0.5257326358067722,3,0.01986329631642247,2.278669738370825,1,43.0899173936352
23.953,0.2529999,-0.3547296,9.2208114,-0.5266911171844466,3,-0.05990508610465677,2.2702503483468965,1,43.12630875432893
23.968,0.22455090000000003,-0.3503151,9.2208114,-0.5276485401260214,3,-0.06382819610498079,2.2623428009170676,1,43.16030320294841
24.0,0.205029,-0.34580249999999996,9.256716,-0.5278960883247379,3,-0.007735881209891542,2.2454540868618555,1,43.23242795315288
24.015,0.205029,-0.35777070000000005,9.199916100000001,-0.5292424863095242,3,-0.08975986565241709,2.237525547552098,1,43.26605030041098
24.031,0.11978010000000001,-0.35777070000000005,9.207371700000001,-0.5304458991222383,3,-0.07521330079463813,2.229048040468645,1,43.301782889115145
24.046,0.1287072,-0.315882,9.207371700000001,-0.5316533792370137,3,-0.08049867431836027,2.2210822958809504,1,43.33515886663777
24.062,0.1287072,-0.3817071,9.231308100000001,-0.53231943560837,3,-0.04162852320976441,2.2125705133621865,1,43.37062808911172
24.078,0.1796211,-0.3817071,9.231308100000001,-0.5329557767191453,3,-0.03977131942345829,2.204048311663567,1,43.40596103971192
24.093,0.16912439999999998,-0.36826739999999997,9.231308100000001,-0.5335942183277123,3,-0.04256277390446267,2.1960491867007152,1,43.43896177094965
24.109,0.16912439999999998,-0.3098979,9.1010313,-0.5368146997860546,3,-0.20128009114637158,2.187485915355804,1,43.47403005176611
24.14,0.2006145,-0.34580249999999996,9.145961100000001,-0.5390540319089645,3,-0.07223652009387191,2.170809950014532,1,43.541583637679345
24.156,0.17069399999999998,-0.3592422,9.2267955,-0.5396677008718296,3,-0.038354310179071545,2.1621801761522867,1,43.57624755868868
24.171,0.17069399999999998,-0.3053853,9.190890900000001,-0.5410108437706924,3,-0.08954285992418573,2.1540750870674676,1,43.608619473162825
24.187,0.1526436,-0.3053853,9.1729386,-0.5426856345936635,3,-0.10467442643567965,2.145405515240552,1,43.643015317981295
24.203,0.19011780000000003,-0.36071369999999997,9.1729386,-0.5442745133972249,3,-0.09930492522259843,2.1367098340566257,1,43.67727224077567
24.218,0.19011780000000003,-0.3307932,9.1698975,-0.5459139085968783,3,-0.10929301331022205,2.1285334208916695,1,43.70926156518779
24.234,0.1870767,-0.3307932,9.108585,-0.5487235520020697,3,-0.1756027128244434,2.119776321206877,1,43.74324804312458
24.25,0.20954160000000002,-0.32932170000000005,9.108585,-0.5514695673358965,3,-0.17162595836419328,2.1109747762521742,1,43.77709405190425
24.265,0.20954160000000002,-0.38023560000000006,9.1878498,-0.5525704304632377,3,-0.07339087515608096,2.1026944762686806,1,43.80869657129816
24.281,0.17667810000000003,-0.38023560000000006,9.2043306,-0.5533404194637601,3,-0.04812431253265445,2.0938471894692654,1,43.842268904624056
24.296,0.20355750000000003,-0.3218661,9.2043306,-0.5541280443154761,3,-0.052508323447732534,2.0855411759909206,1,43.87361431736501
24.312,0.1915893,-0.34580249999999996,9.1594989,-0.5557664900842987,3,-0.10240286055139788,2.0766620197157213,1,43.90691194293067
24.328,0.1915893,-0.290376,9.202859100000001,-0.5565609299673362,3,-0.049652492689849975,2.067763400355309,1,43.94006734629124
24.343,0.2006145,-0.290376,9.219339900000001,-0.5570131084395804,3,-0.030145231482946424,2.059411595067257,1,43.971021158756905
24.359,0.1526436,-0.3202965,9.219339900000001,-0.5574550121382842,3,-0.02761898116898333,2.0504958501026334,1,44.00390041831827
24.39,0.1526436,-0.37425150000000007,9.174410100000001,-0.5587285613307422,3,-0.041082232014776884,2.033195004713864,1,44.06719762656792
24.406,0.1930608,-0.38023560000000006,9.318126600000001,-0.5571424251844306,3,0.09913350914448875,2.0242680368217436,1,44.0996573309002
24.421,0.1930608,-0.3202965,9.2178684,-0.5575957757202374,3,-0.030223369053789678,2.0159075003149582,1,44.12995864742873
24.437,0.17667810000000003,-0.3202965,9.252301500000002,-0.5573720444607595,3,0.01398320371736993,2.0069877577535093,1,44.16214180949328
24.468,0.1930608,-0.3847482,9.252301500000002,-0.5570981818825196,3,0.008834276717416921,1.9897134692451937,1,44.22409067851176
24.484,0.1646118,-0.4101561,9.1938339,-0.5579641916243059,3,-0.05412560886163769,1.980792970257142,1,44.25585473002778
24.5,0.1990449,-0.3367773,9.2432763,-0.5578896806763662,3,0.004656934246228219,1.9718661392787389,1,44.287476002904064
24.515,0.23200650000000003,-0.40868460000000006,9.2432763,-0.5577447838760712,3,0.009659786686336828,1.9634988807945952,1,44.316991240554614
24.531,0.23200650000000003,-0.40868460000000006,9.2432763,-0.557602728189508,3,0.00887848041020254,1.9545761006980715,1,44.348335840406556
24.546,0.18864630000000002,-0.3547296,9.1938339,-0.558494961185243,3,-0.05948219971566726,1.9462053680277607,1,44.377591701422
24.562,0.1302768,-0.3173535,9.1938339,-0.559416298389932,3,-0.05758357529305668,1.9372620779511582,1,44.40865944098984
24.593,0.1302768,-0.35777070000000005,9.1175121,-0.5617857088953251,3,-0.07643259694816672,1.9198834468382375,1,44.46844519662407
24.609,0.2215098,-0.35777070000000005,9.178922700000001,-0.5628713253698816,3,-0.0678510296597747,1.9108861905641148,1,44.49909135372329
24.625,0.205029,-0.32333760000000006,9.178922700000001,-0.5639681819602309,3,-0.06855353689683907,1.9018714745054748,1,44.52959341504384
24.64,0.1437165,-0.3891627,9.1564578,-0.5654563397492662,3,-0.09921051926901804,1.8934007905926533,1,44.55805795703208
24.656,0.1437165,-0.3652263,9.137034,-0.5673151420897309,3,-0.11617514627905337,1.8843386187379423,1,44.58827987230672
24.671,0.1796211,-0.3652263,9.178922700000001,-0.5683045154868136,3,-0.06595822647217854,1.8758214713061179,1,44.616481072982054
24.687,0.1497006,-0.3847482,9.178922700000001,-0.5692693810590868,3,-0.06030409826706542,1.8667208801337496,1,44.646421411793575
24.703,0.1497006,-0.318825,9.1849068,-0.5701475753692193,3,-0.05488714438329261,1.857605544482324,1,44.6762160231905
24.734,0.1781496,-0.37572300000000003,9.1983465,-0.5706932043915991,3,-0.017600936205797262,1.83992251239603,1,44.73352770807212
24.75,0.1781496,-0.3712104,9.207371700000001,-0.5710549358420813,3,-0.02260821565514242,1.8307885272741617,1,44.76289339638947
24.765,0.1631403,-0.3712104,9.1026009,-0.5734673409534103,3,-0.16082700742192776,1.8222046101981952,1,44.79029084492051
24.781,0.16912439999999998,-0.36826739999999997,9.219339900000001,-0.5735458826672417,3,-0.004908857114461192,1.8130285044092311,1,44.81937270983737
24.796,0.21101310000000004,-0.2994012,9.219339900000001,-0.5736548184839307,3,-0.007262387779268152,1.804424499150597,1,44.84650360736407
24.812,0.21101310000000004,-0.347274,9.2267955,-0.5735826795405838,3,0.004508683959180743,1.7952465991664,1,44.87530097615061
24.828,0.20954160000000002,-0.347274,9.1849068,-0.574333163044848,3,-0.046905219016518285,1.7860632724257175,1,44.90395145512335
24.843,0.1212516,-0.344331,9.1849068,-0.5751022484134793,3,-0.051272357908751044,1.7774425068397797,1,44.93067774846784
24.859,0.1212516,-0.315882,9.2088432,-0.575407263340665,3,-0.019063432949104706,1.7682384307457455,1,44.95904319596853
24.875,0.2006145,-0.315882,9.178922700000001,-0.5762653141914722,3,-0.05362817817545253,1.7590250501254894,1,44.9872613038155
24.89,0.21856680000000003,-0.33530580000000004,9.178922700000001,-0.577085012227899,3,-0.05464653576178365,1.7503749226773437,1,45.01358180361152
24.906,0.21856680000000003,-0.3622833,9.2627001,-0.576227589909518,3,0.053588894898820925,1.7411484218602453,1,45.04151399036782
24.921,0.1915893,-0.3622833,9.1639134,-0.5773337600953958,3,-0.07374467905852294,1.7324967117352081,1,45.06756632886979
24.953,0.1482291,-0.344331,9.1983465,-0.5777729520191812,3,-0.01372474761829333,1.7140150043413749,1,45.12271051632701
24.968,0.1796211,-0.2994012,9.1983465,-0.5782233744099319,3,-0.03002815938337619,1.7053450318931562,1,45.14835571659877
24.984,0.1392039,-0.3427614,9.1938339,-0.5787374449390743,3,-0.03212940807139826,1.6960893453383632,1,45.17556719161663
25.0,0.17667810000000003,-0.3262806,9.1938339,-0.5792405714557098,3,-0.031445407289724246,1.6868255212072059,1,45.20263051054899
25.015,0.17667810000000003,-0.33226469999999997,9.3360789,-0.576942814248909,3,0.15318381378671486,1.678154145814421,1,45.22786785805165
25.031,0.1661814,-0.33226469999999997,9.1894194,-0.5775672535123988,3,-0.03902745396811443,1.6689180652723314,1,45.254644435740346
25.046,0.2065986,-0.37866600000000006,9.1894194,-0.5781282296983523,3,-0.03739841239689999,1.6602503491482505,1,45.2796131988485
25.062,0.2065986,-0.3592422,9.235820700000001,-0.5777845713278857,3,0.02147864815415827,1.6510030467400396,1,45.30610322601561
25.078,0.17510850000000003,-0.3592422,9.2133558,-0.5779004737536404,3,-0.007243901609666724,1.6417575663793884,1,45.33244531092056
25.093,0.16912439999999998,-0.36375480000000004,9.139977,-0.5794502522591092,3,-0.10331856703124806,1.6330774359342926,1,45.357006573437914
25.109,0.18413369999999998,-0.344331,9.139977,-0.5809786999574715,3,-0.09552798114763658,1.6237940043165588,1,45.38306154495992
25.125,0.18413369999999998,-0.3218661,9.1878498,-0.5815553025941718,3,-0.036037664793768326,1.6144937322961468,1,45.40896784685282
25.156,0.1586277,-0.3218661,9.207371700000001,-0.5817474292544116,3,-0.006197634201284817,1.5964625399524945,1,45.45873766907267
25.171,0.19011780000000003,-0.33981839999999996,9.207371700000001,-0.5819114668765888,3,-0.010935841478479879,1.5877350982315117,1,45.48261915135905
25.187,0.19011780000000003,-0.3652263,9.223852500000001,-0.5817304008926829,3,0.011316623994116325,1.5784259632893565,1,45.50794843985122
25.203,0.24103170000000002,-0.3652263,9.2672127,-0.5806803286369959,3,0.06562951598044377,1.56912667745312,1,45.53312886097716
25.218,0.1930608,-0.31284090000000003,9.2672127,-0.5797103972568642,3,0.06466209200877644,1.5604237470089157,1,45.55660048916062
25.234,0.1930608,-0.39220380000000005,9.240333300000001,-0.5792268052578216,3,0.030224499940164577,1.5511522493887973,1,45.581493097131805
25.25,0.21552570000000001,-0.39220380000000005,9.183435300000001,-0.5798573007556911,3,-0.03940596861685009,1.54187957654069,1,45.60623735173924
25.296,0.2080701,-0.4281084,9.157929300000001,-0.580946842940353,3,-0.02368569966656448,1.5151810812356814,1,45.6765497468681
25.312,0.2065986,-0.4281084,9.2552445,-0.5801100711185541,3,0.05229823886243016,1.505892625923209,1,45.70071833652537
25.328,0.142245,-0.3338343,9.2552445,-0.5793894725482343,3,0.04503741064499297,1.4966166295738759,1,45.724738410569344
25.343,0.142245,-0.3891627,9.1938339,-0.5798435836251539,3,-0.03027407179463996,1.487922381652575,1,45.747122453153544
25.359,0.1990449,-0.3891627,9.228267,-0.5795937412240306,3,0.015615150070201119,1.4786468830537804,1,45.770855007271194
25.375,0.2140542,-0.2963601,9.2791809,-0.5784122056873535,3,0.07384597104232707,1.4693828354784904,1,45.79443924501945
25.406,0.1990449,-0.2963601,9.1774512,-0.57925359256493,3,-0.027141512179888496,1.4514390156055808,1,45.83971198371125
25.421,0.16019730000000001,-0.33530580000000004,9.1519452,-0.5805668260169927,3,-0.087548896804176,1.442740362466216,1,45.861418329046785
25.437,0.1511721,-0.37572300000000003,9.1519452,-0.5818265601226535,3,-0.0787333816037928,1.433441215377098,1,45.88442778166954
25.453,0.1511721,-0.34128990000000003,9.2013876,-0.582119359640938,3,-0.018299969892778618,1.4241296480189902,1,45.9072883485767
25.468,0.1332198,-0.34128990000000003,9.2059002,-0.5823234410827602,3,-0.013605429454817354,1.415396327013562,1,45.92858479338945
25.5,0.20355750000000003,-0.37572300000000003,9.1564578,-0.5834404597492906,3,-0.0349068333290736,1.3967441046002493,1,45.97357904029527
25.515,0.19610190000000002,-0.37572300000000003,9.211884300000001,-0.5834531242756498,3,-0.0008443017572782369,1.3879924027200619,1,45.99446456410017
25.531,0.2260224,-0.315882,9.211884300000001,-0.5834961150141407,3,-0.0026869211556815502,1.3786568088057445,1,46.016597757792375
25.546,0.2260224,-0.33226469999999997,9.2463174,-0.5828524526445982,3,0.04291082463616484,1.3699091945483035,1,46.03721200281753
25.562,0.1915893,-0.33226469999999997,9.2657412,-0.5818561119373058,3,0.06227129420576652,1.3605915260316472,1,46.059056008582175
25.578,0.16912439999999998,-0.30685680000000004,9.154986300000001,-0.5830751380723687,3,-0.07618913344143725,1.3512720760315708,1,46.08075091739868
25.593,0.19011780000000003,-0.3278502,9.154986300000001,-0.5842479340191034,3,-0.0781863964489767,1.3425171529908844,1,46.100954336616354
25.609,0.19011780000000003,-0.3367773,9.2267955,-0.5839846070887535,3,0.016457933146860993,1.3331712926620205,1,46.12235984418158
25.625,0.16019730000000001,-0.3367773,9.253773,-0.5832090309325579,3,0.04847350976223109,1.323833743557851,1,46.14361588447134
25.64,0.19757340000000004,-0.36071369999999997,9.253773,-0.58241683573066,3,0.05281301345985685,1.3150915495578765,1,46.16340782416971
25.656,0.19757340000000004,-0.32333760000000006,9.207371700000001,-0.582576300006826,3,-0.009966517260374662,1.3057716044719776,1,46.184374729401945
25.687,0.1946304,-0.32333760000000006,9.286734599999999,-0.5811790246554196,3,0.04507339843246222,1.2877333969397113,1,46.22457405692383
25.703,0.1646118,-0.315882,9.286734599999999,-0.579825549751579,3,0.08459218149004898,1.2784453603444563,1,46.245103486982096
25.718,0.1631403,-0.3023442,9.174410100000001,-0.5807088688688342,3,-0.058887941150348073,1.2697413522048029,1,46.26421488732622
25.734,0.2365191,-0.3023442,9.1325214,-0.5823641796394075,3,-0.10345692316081576,1.2604367678167359,1,46.284456312286395
25.75,0.1796211,-0.3891627,9.1325214,-0.5839480410117499,3,-0.09899133577141431,1.2511062700515276,1,46.30454865658934
25.781,0.1796211,-0.3652263,9.168426,-0.5848168945147894,3,-0.028027532356112248,1.232990413550867,1,46.34305215518518
25.796,0.17667810000000003,-0.2724237,9.2267955,-0.5845892708536571,3,0.01517491074215077,1.2242198673106033,1,46.36148123229164
25.812,0.17667810000000003,-0.3532581,9.207371700000001,-0.584692921094712,3,-0.006478140065934553,1.2148656097750152,1,46.380993916108324
25.828,0.17069399999999998,-0.3532581,9.2178684,-0.5845911190866282,3,0.006362625505241394,1.2055113374535655,1,46.40035693168615
25.843,0.13469129999999999,-0.34580249999999996,9.2178684,-0.5845085354189443,3,0.005505577845591631,1.1967430900447733,1,46.41837383989238
25.859,0.13469129999999999,-0.3262806,9.183435300000001,-0.5851161772648634,3,-0.037977615369939786,1.1873860923433017,1,46.43744687335149
25.875,0.2140542,-0.36375480000000004,9.2298366,-0.5847459277469138,3,0.0231405948718536,1.1780271955032084,1,46.45637017965426
25.89,0.2080701,-0.36375480000000004,9.207371700000001,-0.5848256522124284,3,-0.005314964367641804,1.169255408653513,1,46.473974799185434
25.906,0.18266220000000002,-0.3622833,9.207371700000001,-0.5849155102151116,3,-0.005616125167696225,1.1598974793540937,1,46.492608022289495
25.921,0.18266220000000002,-0.3248091,9.211884300000001,-0.5849425882627273,3,-0.001805203174380123,1.1511235436155096,1,46.509940679961765
25.953,0.17510850000000003,-0.3248091,9.1564578,-0.5860579271878734,3,-0.034854341410817086,1.1323875353683,1,46.54647685722551
25.968,0.21101310000000004,-0.34128990000000003,9.1564578,-0.587124822310491,3,-0.07112634150783696,1.1235886647470619,1,46.56339667872637
25.984,0.21101310000000004,-0.3622833,9.199916100000001,-0.5873037630725566,3,-0.01118379762909835,1.1141932360639963,1,46.581298933932864
26.0,0.19757340000000004,-0.3622833,9.1519452,-0.5884246971796046,3,-0.07005838169050421,1.1047874083819802,1,46.59905077908843
26.015,0.2200383,-0.3202965,9.1519452,-0.589544283476048,3,-0.07463908642956295,1.0959526410270624,1,46.615556329459
26.031,0.2200383,-0.36669779999999996,9.174410100000001,-0.5901677934365264,3,-0.038969372529899925,1.0865149444117628,1,46.6330160701425
26.046,0.18109260000000002,-0.3262806,9.2492604,-0.589359207314164,3,0.053905741490820794,1.0776684919061323,1,46.64924744591489
26.062,0.1482291,-0.3262806,9.1803942,-0.5899272361500518,3,-0.035501802242983625,1.0682342003584175,1,46.666414667453004
26.078,0.15568469999999998,-0.37572300000000003,9.1803942,-0.5904446756394588,3,-0.03233996808793905,1.0587912250641025,1,46.683430870856384
26.109,0.1362609,-0.3712104,9.2387637,-0.589818168971485,3,0.020209892515282785,1.0404971509726315,1,46.715969840684956
26.125,0.19757340000000004,-0.30685680000000004,9.2387637,-0.5892285110078213,3,0.03685362272898691,1.0310647775327981,1,46.732542336113
26.14,0.19757340000000004,-0.34580249999999996,9.231308100000001,-0.5887695173021115,3,0.03059958038065131,1.0222297923204733,1,46.7479420453869
26.156,0.173637,-0.34580249999999996,9.1774512,-0.5893840372573784,3,-0.038407497204189026,1.0128045638839984,1,46.764222320236534
26.171,0.2080701,-0.33226469999999997,9.1774512,-0.5899822772116305,3,-0.03988266361680663,1.0039593165254805,1,46.7793480493396
26.187,0.2080701,-0.34580249999999996,9.1863783,-0.5903841176796938,3,-0.025115029253949782,0.9945163853663488,1,46.79533585495474
26.203,0.1930608,-0.3487455,9.190890900000001,-0.5906939196371965,3,-0.01936262234392352,0.9850677610678147,1,46.811172528126214
26.218,0.2350476,-0.3487455,9.2267955,-0.590275213507585,3,0.02791374197409755,0.9762104925692285,1,46.82588211502849
26.234,0.1526436,-0.34128990000000003,9.2267955,-0.5899040926995998,3,0.023195050499078176,0.96676905811957,1,46.841425951434005
26.25,0.1526436,-0.34580249999999996,9.1639134,-0.5907688989091859,3,-0.05405038809914205,0.9573236741867008,1,46.85681869329245
26.265,0.16912439999999998,-0.34580249999999996,9.1698975,-0.5914938477122593,3,-0.04832992020489074,0.9484567035870397,1,46.87111204612576
26.281,0.2065986,-0.34128990000000003,9.1698975,-0.5921928540660595,3,-0.043687897112514675,0.9389872099728142,1,46.88621159743423
26.312,0.2065986,-0.35178660000000006,9.2088432,-0.5921074941763873,3,0.002753544828134511,0.9206305545750548,1,46.915035672784725
26.328,0.1721655,-0.35178660000000006,9.2222829,-0.5917743938761681,3,0.020818768763699664,0.9111594994706355,1,46.92968999321709
26.343,0.1946304,-0.34580249999999996,9.2222829,-0.5914435068958177,3,0.022059132023361974,0.9022853652148453,1,46.94329082970223
26.359,0.1946304,-0.34580249999999996,9.2103147,-0.5913535612717666,3,0.005621601503191169,0.8928229886695035,1,46.957651696533304
26.375,0.145188,-0.3338343,9.2717253,-0.5900887030394593,3,0.07905363951921966,0.8833714505550148,1,46.9718612520471
26.39,0.1946304,-0.3338343,9.33912,-0.5875105679277421,3,0.17187567411446794,0.8745394560227604,1,46.985045583846436
26.406,0.1990449,-0.3218661,9.33912,-0.5849893928617043,3,0.1575734416273851,0.8651594563364459,1,46.998963175145306
26.421,0.1526436,-0.3592422,9.280652400000001,-0.5836534847969403,3,0.08906053765092417,0.8563946347540057,1,47.01187483082848
26.437,0.145188,-0.347274,9.280652400000001,-0.5823550395916346,3,0.08115282533160054,0.847066566558896,1,47.025502520438984
26.468,0.145188,-0.3053853,9.2103147,-0.5824891622457784,3,-0.0043265372304456175,0.8290114814304168,1,47.051481730182815
26.484,0.21709530000000002,-0.3053853,9.196875,-0.5828562514633369,3,-0.02294307609740108,0.8196887181207428,1,47.06467133177922
26.5,0.19757340000000004,-0.3562992,9.196875,-0.583188884369271,3,-0.020789556620883845,0.810360357034083,1,47.077711724380464
26.515,0.19757340000000004,-0.33530580000000004,9.2447478,-0.5825926106935881,3,0.039751578378853396,0.8016169958211112,1,47.08980155452688
26.531,0.22455090000000003,-0.33824879999999996,9.225324,-0.5823743542352435,3,0.013641028646539769,0.7922972601016816,1,47.10255286857426
26.546,0.2140542,-0.33824879999999996,9.240333300000001,-0.5818712415080043,3,0.0335408484826148,0.7835654181336069,1,47.11437183866102
26.562,0.21552570000000001,-0.33530580000000004,9.2956617,-0.5802955562650141,3,0.0984803276868785,0.7742680837514218,1,47.126834506676104
26.578,0.1796211,-0.33530580000000004,9.313614000000001,-0.5784140049110036,3,0.11759695962566726,0.7649984072620146,1,47.13914863860421
26.609,0.16166880000000003,-0.35777070000000005,9.313614000000001,-0.5765594151983766,3,0.05982547460086561,0.7470963192503178,1,47.162586106865156
26.625,0.16166880000000003,-0.35178660000000006,9.3600153,-0.5738366074372063,3,0.1701754850731617,0.7378931510692341,1,47.17446602262771
26.64,0.1511721,-0.35178660000000006,9.3525597,-0.5713166906661744,3,0.16799445140212135,0.7293045013334585,1,47.18547000502073
26.656,0.20954160000000002,-0.3367773,9.3525597,-0.5688349566137418,3,0.1551083782770528,0.7201832881552201,1,47.19706590733664
26.671,0.1781496,-0.33981839999999996,9.3795372,-0.5658839483631652,3,0.19673388337176537,0.711672896367893,1,47.20780482872057
26.687,0.1781496,-0.32333760000000006,9.306158400000001,-0.5644398957683769,3,0.09025328717425884,0.7026303056148396,1,47.219119254336434
26.703,0.15568469999999998,-0.32333760000000006,9.282222,-0.5635010442800219,3,0.05867821802219655,0.6936067780944535,1,47.230289151006104
26.734,0.20355750000000003,-0.37268190000000007,9.4169133,-0.559887925096378,3,0.11655223173044053,0.676194249069118,1,47.25152106692714
26.75,0.1990449,-0.37268190000000007,9.33912,-0.557871354027025,3,0.1260356918345723,0.6672521748361318,1,47.26226863831838
26.765,0.1646118,-0.3173535,9.33912,-0.5559475006026027,3,0.1282568949614859,0.6588985334264092,1,47.27221476863035
26.781,0.1646118,-0.3622833,9.3750246,-0.5533259643478843,3,0.1638460159199176,0.6500243457068063,1,47.28268615166341
26.796,0.1781496,-0.3622833,9.4393782,-0.5494903077824542,3,0.2557104376953274,0.6417532236658285,1,47.292374483433704
26.812,0.20954160000000002,-0.3218661,9.4393782,-0.5457459250484824,3,0.23402392087321244,0.6329913338031801,1,47.30257243989346
26.828,0.1946304,-0.344331,9.3764961,-0.5432975789995549,3,0.15302162805798677,0.6242789857707968,1,47.31263060245005
26.843,0.1946304,-0.3427614,9.4408497,-0.5396376369418583,3,0.24399613717976387,0.6161569716512358,1,47.321933872130714
26.859,0.1511721,-0.3427614,9.3735531,-0.537383547578834,3,0.14088058518900248,0.6075408021750693,1,47.33172345432133
26.875,0.1571562,-0.33824879999999996,9.3735531,-0.5351749394695879,3,0.1380380068278938,0.5989603342786829,1,47.34137546341296
26.89,0.1571562,-0.33981839999999996,9.3929769,-0.532627969117641,3,0.16979802346312378,0.5909518124642784,1,47.35029980451353
26.921,0.1990449,-0.33981839999999996,9.4962762,-0.5280916609413548,3,0.14633252181568762,0.5745106581983647,2,47.3683644728088
26.937,0.1946304,-0.32932170000000005,9.4962762,-0.52365333792328,3,0.27739518862965,0.5660966982074467,2,47.377489331660044
26.953,0.17510850000000003,-0.3547296,9.4288815,-0.5206118695144042,3,0.19009177555475582,0.5577425765479461,2,47.386480045858086
26.968,0.1796211,-0.33530580000000004,9.4288815,-0.5176422991639811,3,0.19797135669486662,0.549955670282858,2,47.394787782709315
26.984,0.1915893,-0.344331,9.4797954,-0.5137225218786394,3,0.24498608033382585,0.541704751714516,2,47.4035210660853
27.015,0.20355750000000003,-0.36826739999999997,9.512757,-0.5092114202975857,3,0.14551940584044826,0.5258492756107852,2,47.420068153508836
27.031,0.2006145,-0.3262806,9.512757,-0.5048200240613383,3,0.2744622647654929,0.5177370240559147,2,47.42841684390617
27.046,0.2006145,-0.35777070000000005,9.488722500000002,-0.5009633788787209,3,0.2571096788411511,0.510193648533864,2,47.436126323950596
27.062,0.173637,-0.35777070000000005,9.5261967,-0.4964586302209373,3,0.281546791111444,0.5022142724610658,2,47.444225587318556
27.078,0.19757340000000004,-0.33824879999999996,9.5261967,-0.4920470450884391,3,0.2757240707811663,0.49430622705859095,2,47.45219775131471
27.093,0.19757340000000004,-0.34128990000000003,9.5980059,-0.48631300901235264,3,0.3822690717390834,0.4869685266528339,2,47.45955731196755
27.109,0.20208600000000002,-0.34128990000000003,9.5575887,-0.48148137983502437,3,0.3019768235829829,0.47922617154205316,2,47.467286869553114
27.14,0.16019730000000001,-0.3532581,9.5575887,-0.47675152253546393,3,0.15257604192131027,0.46437356155531107,2,47.481912665416125
27.156,0.1930608,-0.36375480000000004,9.6144867,-0.470980176957692,3,0.36070909861078504,0.45679170795936663,2,47.48928198757224
27.171,0.1930608,-0.3562992,9.6444072,-0.46474130664692836,3,0.4159246873842272,0.4497737968323317,2,47.49608122885818
27.187,0.16765290000000002,-0.3562992,9.5830947,-0.4598352743958216,3,0.30662701569413764,0.44237718418398886,2,47.50321843670631
27.203,0.17510850000000003,-0.3262806,9.5830947,-0.45504377215113045,3,0.2994688902932304,0.43505815181161406,2,47.51023791939428
27.218,0.17510850000000003,-0.33226469999999997,9.629496000000001,-0.44943305755978,3,0.3740476394233478,0.42827457558878196,2,47.51671291484978
27.234,0.20355750000000003,-0.33226469999999997,9.6309675,-0.44389256847790826,3,0.3462805676169468,0.4211279705804796,2,47.52350813521914
27.25,0.18109260000000002,-0.344331,9.6623595,-0.4378461722848037,3,0.3778997620690755,0.4140740606543787,2,47.53018975146902
27.265,0.1946304,-0.344331,9.6804099,-0.43155954234768323,3,0.4191086624746828,0.4075535177946348,2,47.536351958307385
27.281,0.17069399999999998,-0.33530580000000004,9.681881400000002,-0.4253824047650028,3,0.3860710989175712,0.40069798221773406,2,47.54281797030748
27.296,0.19610190000000002,-0.3847482,9.681881400000002,-0.41928094033449526,3,0.40676429536715253,0.3943630071294876,2,47.548780927727584
27.312,0.19610190000000002,-0.3023442,9.678840300000001,-0.41341598513337097,3,0.36655970007022703,0.3877014317257439,2,47.555037443238426
27.343,0.2260224,-0.3023442,9.759674700000001,-0.40606945085624346,3,0.23698497668154148,0.3749994074679054,2,47.566859306245924
27.359,0.15568469999999998,-0.3098979,9.759674700000001,-0.398889275350637,3,0.4487609691003533,0.3685597376582496,2,47.572807779406936
27.375,0.15568469999999998,-0.3143124,9.749178,-0.39205280600886994,3,0.427279333860489,0.36223220100737424,2,47.57865411491626
27.39,0.1796211,-0.3143124,9.708858900000001,-0.38613234324118295,3,0.39469751784578405,0.3563958123879986,2,47.58404382501673
27.406,0.17667810000000003,-0.3487455,9.708858900000001,-0.38030598869094945,3,0.36414715938963405,0.35026430573254225,2,47.58969710596169
27.421,0.17667810000000003,-0.34128990000000003,9.7447635,-0.37389560435130065,3,0.4273589559765705,0.34460779378472517,2,47.59490864670807
27.437,0.2006145,-0.34128990000000003,9.7866522,-0.3667811622384871,3,0.4446526320507962,0.3386823796520062,2,47.600374968095565
27.453,0.19011780000000003,-0.3202965,9.717786,-0.36117356103080134,3,0.3504750754803995,0.3328587418658525,2,47.60574729706771
27.468,0.1466595,-0.34128990000000003,9.717786,-0.355676665677235,3,0.3664596902377424,0.327482365165542,2,47.61069985537044
27.484,0.1466595,-0.33530580000000004,9.7791966,-0.34908835259870763,3,0.41176956740791415,0.32184424501933384,2,47.61589446825192
27.515,0.19757340000000004,-0.2994012,9.746235,-0.3432803645206466,3,0.18735445413100862,0.31111252990398425,2,47.625705298263235
27.531,0.19757340000000004,-0.3547296,9.7372098,-0.33772669161835367,3,0.34710455639334553,0.30566447345487285,2,47.6306395142901
27.546,0.2006145,-0.3547296,9.7926363,-0.3311948471998285,3,0.435456294568328,0.3006475619137363,2,47.635186854555364
27.562,0.1796211,-0.347274,9.7926363,-0.3248042987008546,3,0.3994092811858249,0.2953995687465303,2,47.639955231600645
27.578,0.1796211,-0.2994012,9.8120601,-0.31818940927208494,3,0.41343058929814824,0.29025561908274733,2,47.64464047310328
27.593,0.16765290000000002,-0.2994012,9.7971489,-0.31200057134399906,3,0.41258919520571025,0.2855291942281265,2,47.64895885920311
27.609,0.1646118,-0.318825,9.783611100000002,-0.3061873537493174,3,0.363326099667564,0.28058369082737944,2,47.653487762283554
27.625,0.1721655,-0.33824879999999996,9.783611100000002,-0.300472793169245,3,0.3571600362545618,0.2757304096520315,2,47.65793827508739
27.656,0.1631403,-0.37268190000000007,9.8689581,-0.2931767641210552,3,0.23535577574806785,0.2665288415140322,2,47.666343293480466
27.671,0.21101310000000004,-0.34580249999999996,9.8689581,-0.2860251847185662,3,0.47677196016591566,0.2621848268977349,2,47.67030864599356
27.687,0.21101310000000004,-0.3143124,9.855518400000001,-0.2792977957761824,3,0.42046180889893936,0.25766224305377644,2,47.67446742255317
27.703,0.21552570000000001,-0.3143124,9.7701714,-0.2743726130054789,3,0.3078239231690045,0.25323287978352366,2,47.67855458353587
27.718,0.16912439999999998,-0.34128990000000003,9.7701714,-0.2695441646350911,3,0.32189655802583855,0.2491535039512192,2,47.682322481413884
27.734,0.16912439999999998,-0.3053853,9.8285409,-0.2636898998001431,3,0.3658915521842089,0.24488763143573689,2,47.68627481049698
27.75,0.19757340000000004,-0.3053853,9.843550200000001,-0.25764592626606664,3,0.3777483458798219,0.24071694482720768,2,47.69015964710709
27.781,0.2065986,-0.33981839999999996,9.7941078,-0.25266338592555115,3,0.16072710775857021,0.2328071504882379,2,47.69749927058448
27.796,0.1661814,-0.37425150000000007,9.7941078,-0.2477690200810212,3,0.3262910563019848,0.2290539074431885,2,47.700963228518965
27.812,0.1856052,-0.3951468000000001,9.8016615,-0.24279974582387887,3,0.31057964107136093,0.22512935731594885,2,47.70459669463704
27.843,0.18109260000000002,-0.3248091,9.8016615,-0.23798017046989273,3,0.15547017270923627,0.21767726861339567,2,47.711460197338944
27.859,0.18109260000000002,-0.3248091,9.777627,-0.2337260216427417,3,0.26588430169690946,0.2139036190764942,2,47.71491284444046
27.875,0.1362609,-0.3248091,9.7926363,-0.22927543396627392,3,0.2781617297792667,0.21019960743162247,2,47.718305670252526
27.89,0.16765290000000002,-0.34128990000000003,9.7926363,-0.22489158513470997,3,0.2922565887709191,0.20679335478836497,2,47.721433117469175
27.906,0.16765290000000002,-0.2918475,9.8225568,-0.22003868167593765,3,0.30330646617330326,0.2032339126538802,2,47.72471333560871
27.921,0.20208600000000002,-0.2918475,9.827069400000001,-0.2151798093021302,3,0.32392482492048397,0.19996977397154456,2,47.727737363258406
27.937,0.18266220000000002,-0.37268190000000007,9.7895952,-0.21110424115763138,3,0.2547230090311484,0.19655950156786609,2,47.73090959746272
27.953,0.18266220000000002,-0.34580249999999996,9.800091900000002,-0.20692225663278307,3,0.2613740328030478,0.19321528958554313,2,47.734027795791945
27.968,0.2140542,-0.34580249999999996,9.8165727,-0.20248694802091372,3,0.29568724079127945,0.19014472055064027,2,47.736902995867965
28.0,0.20954160000000002,-0.3547296,9.8165727,-0.19813427340445067,3,0.13602108176447014,0.18373478100783444,2,47.7428850678929
28.015,0.20954160000000002,-0.35178660000000006,9.806076000000001,-0.19407465877385022,3,0.2706409753733531,0.18079321401649706,2,47.74561902785558
28.031,0.17069399999999998,-0.35178660000000006,9.7806681,-0.1906071976389363,3,0.21671632093214377,0.1777157591651951,2,47.74848709964103
28.046,0.1781496,-0.315882,9.7941078,-0.18696578956618204,3,0.24276053818360813,0.17488396176115661,2,47.75113159754798
28.062,0.1796211,-0.3218661,9.774684,-0.18377202638092882,3,0.19961019907830377,0.1719180592335794,2,47.75390601371594
28.093,0.19011780000000003,-0.3218661,9.8076456,-0.17999116081606203,3,0.12196340531828813,0.16627972983202624,2,47.759148079446454
28.109,0.17069399999999998,-0.3083283,9.8076456,-0.17629995310625368,3,0.23070048186299624,0.1634294009206474,2,47.76178575249248
28.125,0.17069399999999998,-0.43262100000000003,9.7612443,-0.17349794710118793,3,0.1751253753166286,0.16063101771898816,2,47.7643782358416
28.14,0.16912439999999998,-0.43262100000000003,9.657945000000002,-0.1727745800818301,3,0.0482244679571864,0.15803397376511544,2,47.76676822327773
28.156,0.1392039,-0.3547296,9.657945000000002,-0.17213694710463656,3,0.039852061074601104,0.155274681547624,2,47.769274692520234
28.171,0.1392039,-0.315882,9.7447635,-0.16983699654212359,3,0.15333003750085925,0.1527098769702732,2,47.77158457670912
28.187,0.1990449,-0.315882,9.776155500000002,-0.16694671330901123,3,0.18064270206950206,0.15001560729146382,2,47.77400638058321
28.203,0.173637,-0.29783160000000003,9.776155500000002,-0.16413369358785168,3,0.17581373257249117,0.1473669640362892,2,47.776385441153835
28.218,0.173637,-0.3562992,9.8120601,-0.16063406871147556,3,0.2333083250917323,0.14493120581904417,2,47.77857767742775
28.234,0.173637,-0.344331,9.7567317,-0.15829546455662324,3,0.14616275967825362,0.1423797695528991,2,47.78087616523072
28.265,0.15421320000000002,-0.344331,9.806076000000001,-0.15504229304930384,3,0.10494101636514623,0.13752303431000742,2,47.7852146586906
28.281,0.1946304,-0.3218661,9.8165727,-0.15164810859322841,3,0.21213652850473724,0.13506951109686743,2,47.78739539905386
28.296,0.1392039,-0.3218661,9.7567317,-0.14951154392070443,3,0.14243764483492716,0.13281081370301284,2,47.789404501489855
28.312,0.13469129999999999,-0.31136939999999996,9.7567317,-0.14742478871459141,3,0.1304222003820486,0.1304353230419302,2,47.791510470583816
28.328,0.13469129999999999,-0.3307932,9.749178,-0.14551443723827084,3,0.11939696727004884,0.12809180923430757,2,47.793578687642025
28.359,0.17667810000000003,-0.3307932,9.8151012,-0.14233674318271916,3,0.10250625985649811,0.12363011593778189,2,47.797480377482195
28.375,0.1946304,-0.3173535,9.8151012,-0.13922339810138062,3,0.19458406758367996,0.12137763480750935,2,47.79944043948816
28.39,0.1946304,-0.36826739999999997,9.735738300000001,-0.137690983823628,3,0.10216095185017188,0.1193007769430717,2,47.801245527576285
28.406,0.18266220000000002,-0.29783160000000003,9.830012400000001,-0.13439303549221648,3,0.20612177071324173,0.11712410478854518,2,47.80313692663014
28.421,0.18109260000000002,-0.3173535,9.818044200000001,-0.13138286052072523,3,0.20067833143274258,0.11513078556844805,2,47.804878838307815
28.437,0.18109260000000002,-0.3218661,9.7686999,-0.12939567827307918,3,0.124198890477864,0.1130445572580974,2,47.806704241050426
28.453,0.1511721,-0.3218661,9.7342668,-0.12813214125332983,3,0.07897106373434308,0.11098433470188634,2,47.80849647218611
28.468,0.2006145,-0.34580249999999996,9.7342668,-0.12685979125497582,3,0.08482333322359789,0.10907189520807398,2,47.810146893910435
28.5,0.2006145,-0.35178660000000006,9.7941078,-0.12443584352153891,3,0.07574836666990319,0.10505116505164974,2,47.813572862874594
28.515,0.16912439999999998,-0.35178660000000006,9.8255979,-0.1214541046166957,3,0.1987825936562066,0.1032069904406129,2,47.815134799040784
28.531,0.1796211,-0.3278502,9.8255979,-0.11854340124408758,3,0.18191896078802788,0.10128701039372685,2,47.81677075104746
28.546,0.1796211,-0.3338343,9.834525,-0.1155109113724091,3,0.20216599144522426,0.09953160304910307,2,47.81827689064828
28.562,0.2006145,-0.3503151,9.7582032,-0.11401393629893875,3,0.09356094209188656,0.09769540426773207,2,47.81985470670681
28.578,0.16765290000000002,-0.3831786,9.7582032,-0.11253430177738721,3,0.09247715759698091,0.09588301836312166,2,47.82140333408786
28.609,0.16765290000000002,-0.3173535,9.8615025,-0.1091058493240471,3,0.11059524043031783,0.09244759602104917,2,47.824322458610816
28.64,0.1646118,-0.32333760000000006,9.8405091,-0.10615317265563995,3,0.09524763446475046,0.08911108118036415,2,47.82713661810744
28.656,0.1646118,-0.33981839999999996,9.759674700000001,-0.1048313236729701,3,0.08261556141687465,0.08742320520973546,2,47.82854889239856
28.671,0.19011780000000003,-0.33981839999999996,9.800091900000002,-0.10273444483811467,3,0.13979192232369012,0.08586646194590226,2,47.82984856490223
28.687,0.16765290000000002,-0.3622833,9.800091900000002,-0.10067094914675145,3,0.12896848071018652,0.08423921879402316,2,47.83120941034815
28.703,0.1990449,-0.3278502,9.827069400000001,-0.098131594177989,3,0.1587096855476708,0.08264879844742541,2,47.83254451448608
28.718,0.1990449,-0.3532581,9.8120601,-0.09591882903921878,3,0.14751767591800927,0.0811934202732963,2,47.83377333112649
28.734,0.1781496,-0.3532581,9.788123700000002,-0.09422627912993775,3,0.10578436933005235,0.07967225940794288,2,47.835060256563935
28.75,0.19610190000000002,-0.3218661,9.788123700000002,-0.09258140337693455,3,0.10280473456271166,0.07817779794788807,2,47.83632305702278
28.765,0.19610190000000002,-0.3023442,9.752219100000001,-0.09168451022531166,3,0.05979287677485711,0.07679580359587117,2,47.83748535903436
28.796,0.2200383,-0.36826739999999997,9.8495343,-0.0888444753124098,3,0.09161402944845051,0.07399760432003659,2,47.83982265685706
28.812,0.2200383,-0.3278502,9.8046045,-0.086968373902085,3,0.11725633814528644,0.07259110152632048,2,47.84099536650383
28.828,0.15421320000000002,-0.3278502,9.7612443,-0.08600329138367968,3,0.06031765740033943,0.07120732820403451,2,47.84214575394168
28.843,0.205029,-0.36973890000000004,9.7612443,-0.08500948693857602,3,0.06625362967357504,0.06992473236661755,2,47.843204244395956
28.859,0.2200383,-0.3562992,9.8091171,-0.08310073432008203,3,0.11929703865586114,0.06857985059654813,2,47.844312281059665
28.89,0.16019730000000001,-0.3847482,9.806076000000001,-0.08129065309227812,3,0.05838971702593469,0.06603178409165665,2,47.84639876139733
28.906,0.17667810000000003,-0.34580249999999996,9.806076000000001,-0.07953893916420895,3,0.10948212050433488,0.0647451473536049,2,47.84744497684889
28.921,0.17667810000000003,-0.3307932,9.7372098,-0.07918104217525723,3,0.02385979926344726,0.06355474749355886,2,47.848407226060246
28.937,0.18109260000000002,-0.3307932,9.845021700000002,-0.07671618128681246,3,0.15405380552778122,0.062307569705862154,2,47.84941412459784
28.953,0.16166880000000003,-0.32333760000000006,9.845021700000002,-0.07431112943969609,3,0.15031574044478957,0.061099351220050224,2,47.85040137996525
28.968,0.16166880000000003,-0.3592422,9.7567317,-0.07365862768018161,3,0.043500117300963606,0.0599895780416511,2,47.85130954693471
28.984,0.1781496,-0.3592422,9.7536906,-0.07307287627005721,3,0.03660946313277104,0.05881572601004906,2,47.85225998936712
29.0,0.1856052,-0.39818790000000004,9.7536906,-0.07246626370207387,3,0.037913285498962515,0.05765141289027213,2,47.85319172647832
29.031,0.1990449,-0.3367773,9.7866522,-0.07126589149255658,3,0.03872168417797883,0.05542356448475545,2,47.854944388627636
29.046,0.1990449,-0.3338343,9.874942200000001,-0.06836120648332766,3,0.19364566728192023,0.05437636124993628,2,47.855767888070645
29.062,0.1870767,-0.3338343,9.7911648,-0.06715951204329329,3,0.07510590250213992,0.05329219550172319,2,47.85662923652466
29.078,0.15421320000000002,-0.37268190000000007,9.7911648,-0.06596514169951817,3,0.07464814648595319,0.05222719827178082,2,47.85747339167485
29.093,0.16912439999999998,-0.3503151,9.8405091,-0.06383876925214338,3,0.14175816315831405,0.051253668939643324,2,47.858249498178935
29.109,0.1781496,-0.33530580000000004,9.8405091,-0.06176121481357377,3,0.12984715241058586,0.05024886906711748,2,47.85906151848299
29.125,0.1781496,-0.3202965,9.7971489,-0.06058380156490273,3,0.07358832804194837,0.04927010893608978,2,47.859857670307015
29.156,0.20208600000000002,-0.3202965,9.7911648,-0.059537621341155145,3,0.03374774915314916,0.047408226881045956,2,47.86135618451218
29.171,0.1482291,-0.37572300000000003,9.7911648,-0.058492233494249035,0,0.06969252312707133,0.04602300296978039,2,47.862056918736066
29.187,0.1511721,-0.30685680000000004,9.7926363,-0.05748466002769881,0,0.06297334165938212,0.044595187821604695,2,47.862781864262395
29.203,0.1511721,-0.3173535,9.8016615,-0.05631343640788167,0,0.07320147623857938,0.04318480305012015,2,47.86348410418937
29.218,0.17069399999999998,-0.3173535,9.845021700000002,-0.05430926865998842,0,0.13361118319287818,0.0418551327621111,2,47.86412190370796
29.234,0.173637,-0.31284090000000003,9.845021700000002,-0.052346219915241576,0,0.12269054654666393,0.040501888853509166,2,47.86478075988089
29.25,0.173637,-0.37268190000000007,9.874942200000001,-0.0497946753869698,0,0.1594715330170036,0.03918476169109156,2,47.865418253085245
29.265,0.12272310000000002,-0.37268190000000007,9.8285409,-0.0482172377572212,0,0.10516250864990279,0.037949672342510093,2,47.8659967613405
29.281,0.1946304,-0.32932170000000005,9.8285409,-0.046678324276303584,0,0.09618209255736147,0.036690507846241976,2,47.866593882782006
29.296,0.1946304,-0.3427614,9.8076456,-0.04556996460921248,0,0.07389064447273772,0.03549864567960058,2,47.86713530143345
29.312,0.2065986,-0.3427614,9.8016615,-0.044595778918150586,0,0.060886605691361353,0.034277319731381595,2,47.86769350915674
29.328,0.1781496,-0.3562992,9.743193900000001,-0.04478764821901038,0,-0.011991831303738364,0.033062252314284384,2,47.8682322257331
29.343,0.16912439999999998,-0.3951468000000001,9.743193900000001,-0.04494955898955233,0,-0.010794051369462985,0.03188922326022014,2,47.86871936179991
29.359,0.1571562,-0.31284090000000003,9.7447635,-0.04514005193496118,0,-0.011905809088051722,0.03066850637282395,2,47.869219823636975
29.39,0.16765290000000002,-0.344331,9.7447635,-0.04530257673425808,0,-0.005242735461190643,0.028766645628451104,2,47.87014106849299
29.406,0.16765290000000002,-0.36375480000000004,9.8644455,-0.043103338603108554,0,0.13745238319686062,0.02755939830575225,2,47.87059167684446
29.421,0.18864630000000002,-0.36375480000000004,9.7536906,-0.04310956730262383,0,-0.0004152466343517208,0.02641280151145923,2,47.870996468343094
29.453,0.0928026,-0.3503151,9.776155500000002,-0.0427122201308876,0,0.012417099116757136,0.024539652912523045,2,47.87181170761388
29.468,0.17510850000000003,-0.3503151,9.740250900000001,-0.04300401267747489,0,-0.01945283643915182,0.023396781166460302,2,47.87217123086947
29.484,0.2065986,-0.2829204,9.8046045,-0.04205989321818038,0,0.059007466205900416,0.022216269919294984,2,47.87253613527815
29.5,0.18266220000000002,-0.36071369999999997,9.8046045,-0.04109356612239168,0,0.060395443486800364,0.02105104224457048,2,47.87288227377547
29.515,0.18266220000000002,-0.3202965,9.8091171,-0.040085267939128144,0,0.06721987888423306,0.01994220098910906,2,47.87318972309972
29.531,0.1302768,-0.3202965,9.740250900000001,-0.040462587745357936,0,-0.023582487889364612,0.018797818143633238,2,47.873499643252785
29.546,0.1497006,-0.3218661,9.740250900000001,-0.04082602501744148,0,-0.024229151472235373,0.01768815354791222,2,47.873773288040475
29.562,0.1497006,-0.3771945,9.735738300000001,-0.041231840739417436,0,-0.025363482623494353,0.016531690621857276,2,47.874047046793834
29.593,0.20208600000000002,-0.3771945,9.839037600000001,-0.03958761547346512,0,0.05303952470814123,0.01477898905055764,2,47.87453236232876
29.609,0.18266220000000002,-0.3262806,9.839037600000001,-0.03801872941875217,0,0.09805537841954827,0.013658138291419833,2,47.87475985934749
29.625,0.21552570000000001,-0.3503151,9.845021700000002,-0.03633415343063362,0,0.10528599925742116,0.012563315228624812,2,47.87496963097565
29.64,0.142245,-0.36071369999999997,9.7536906,-0.0364907438958042,0,-0.010439364344704986,0.011517128498676504,2,47.875150234303604
29.656,0.17069399999999998,-0.3487455,9.7536906,-0.036643850313843984,0,-0.009569151127487519,0.01043205174499938,2,47.875325827745556
29.671,0.17069399999999998,-0.3338343,9.8076456,-0.03574701265826974,0,0.059789177038280746,0.009389120272708502,2,47.87547448653569
29.687,0.21552570000000001,-0.3338343,9.7656588,-0.03567305797267473,0,0.004622167849687758,0.008317759707660882,2,47.87561614157553
29.703,0.1856052,-0.3008727,9.7656588,-0.03563358088824309,0,0.0024673177769776677,0.007247306596773605,2,47.87574066210596
29.718,0.1856052,-0.35777070000000005,9.8285409,-0.03432534358567274,0,0.0872158201713532,0.006222614663219217,2,47.875841686515415
29.734,0.16912439999999998,-0.35777070000000005,9.776155500000002,-0.034074913444120725,0,0.01565188384699925,0.00517541260698081,2,47.87593287073358
29.75,0.21856680000000003,-0.3487455,9.776155500000002,-0.03381657635793367,0,0.01614606788669271,0.004132280688564437,2,47.87600733227994
29.781,0.21856680000000003,-0.3652263,9.8136297,-0.03281741979446018,0,0.032230856886242894,0.002599453748202371,2,47.87611167416371
29.796,0.1332198,-0.3652263,9.836094600000001,-0.03142767913246658,0,0.09264937746623644,0.0016176155062504007,2,47.87614330218312
29.812,0.2140542,-0.318825,9.8615025,-0.029571026808513423,0,0.11604077024705928,0.0006296258587225076,2,47.87616128011403
29.828,0.2709522,-0.3053853,9.8615025,-0.027731700285844596,0,0.11495790766681435,0.0,2,47.876166317120905
29.843,0.2709522,-0.3562992,9.842078700000002,-0.02627544462792919,0,0.09708371052769008,0.0,2,47.876166317120905
29.859,0.1586277,-0.3562992,9.830012400000001,-0.025132172957690102,0,0.07145447938993499,-0.00014511048557062532,2,47.87616515623702
29.875,0.1482291,-0.3771945,9.830012400000001,-0.023999224794206242,0,0.07080926021774905,-3.816166758575587e-05,2,47.8761636900598
29.89,0.1571562,-0.34580249999999996,9.7567317,-0.0243441894614147,0,-0.022997644480563014,0.0,2,47.87616340384729
29.906,0.205029,-0.32932170000000005,9.7567317,-0.02467615266312606,0,-0.02074770010696232,-0.00029290001149921306,2,47.8761610606472
29.937,0.205029,-0.287433,9.7911648,-0.024352829297550116,0,0.010429785986320009,-0.0005528492318897546,2,47.87614795153392
29.953,0.1796211,-0.287433,9.834525,-0.023195932099655536,0,0.0723060748684192,-0.0004332393230673556,2,47.876140062825485
29.968,0.1661814,-0.31136939999999996,9.728282700000001,-0.02413389709428948,0,-0.06253099964226057,-0.0002882130420219539,2,47.876134651932745
29.984,0.20355750000000003,-0.39671639999999997,9.728282700000001,-0.024978704738728652,0,-0.05280047777744232,-0.0001811138566861453,2,47.87613089731755
30.0,0.20355750000000003,-0.3876912,9.7627158,-0.025139596329040614,0,-0.010055724394498752,-8.206026522825441e-05,2,47.87612879192458
30.015,0.16765290000000002,-0.3876912,9.8285409,-0.024021214644756483,0,0.07455877895227257,0.0,2,47.87612817647259
30.046,0.2215098,-0.344331,9.8644455,-0.02223210298067002,0,0.0577132794866623,-0.0006676927707258309,2,47.876117827234644
30.062,0.2065986,-0.344331,9.8165727,-0.021422312821222533,0,0.05061188496546232,-0.0005169280971410134,2,47.8761083502677
30.078,0.13469129999999999,-0.36071369999999997,9.8165727,-0.020641364453000577,0,0.048809273013877656,-0.00035343751533476256,2,47.8761013873428
30.109,0.1466595,-0.33981839999999996,9.821085300000002,-0.01979855695966215,0,0.027187338494785888,-0.0004802562972310814,2,47.876088465088706
30.125,0.1870767,-0.3307932,9.830012400000001,-0.018789946832885818,0,0.06303813292352772,-0.00028896432757143445,2,47.87608231132371
30.14,0.21552570000000001,-0.30685680000000004,9.830012400000001,-0.017804909875428265,0,0.06566913049716767,-6.342575288379934e-05,2,47.876079668398106
30.156,0.21552570000000001,-0.30685680000000004,9.7956774,-0.01751193164503384,0,0.01831113939965358,0.0,2,47.876079160992084
30.187,0.17069399999999998,-0.39818790000000004,9.7552602,-0.017969338077961083,0,-0.014755046223458334,-0.00039592016575392894,2,47.87607302422951
30.203,0.17069399999999998,-0.344331,9.833053500000002,-0.01693374380638879,0,0.06472464197327546,-0.00017514482082869529,2,47.87606845570962
30.234,0.18413369999999998,-0.3503151,9.743193900000001,-0.017670077586995347,0,-0.02375270260020972,-0.0002115040524261931,2,47.87606246265209
30.25,0.18413369999999998,-0.32333760000000006,9.731225700000001,-0.0186447454292189,0,-0.06091674013897879,-2.0226365558713433e-06,2,47.876060754438576
30.265,0.1930608,-0.32333760000000006,9.843550200000001,-0.017396099642267515,0,0.08324305246342255,0.0,2,47.8760607392688
30.281,0.1406754,-0.3338343,9.8046045,-0.016945594356936766,0,0.028156580333174912,-4.706252658563323e-05,2,47.87606036276859
30.296,0.1870767,-0.3367773,9.8046045,-0.016486754453193697,0,0.030589326916203443,0.0,2,47.876060009799644
30.312,0.1870767,-0.33824879999999996,9.8225568,-0.01568418579898534,0,0.05016054088801674,-5.517266467908177e-05,2,47.87605956841833
30.328,0.1302768,-0.33824879999999996,9.752219100000001,-0.0162935579092629,0,-0.0380857568923518,0.0,2,47.87605912703701
30.343,0.1406754,-0.3278502,9.752219100000001,-0.016895109498733518,0,-0.04010343929803961,-5.990961990502003e-05,2,47.87605867771486
30.359,0.1406754,-0.37572300000000003,9.771642900000002,-0.017070493408983367,0,-0.01096149439061433,0.0,2,47.8760581984379
30.375,0.2200383,-0.37572300000000003,9.831582000000001,-0.01603962434680284,0,0.06442931638629011,-9.65153852130439e-05,2,47.87605742631482
30.39,0.1257642,-0.3218661,9.831582000000001,-0.015098885337156531,0,0.06271593397641813,0.0,2,47.87605670244943
30.406,0.1257642,-0.3278502,9.7986204,-0.01481861026194764,0,0.017517192200557627,-6.939417263555556e-05,2,47.87605614729605
30.437,0.1870767,-0.3248091,9.8076456,-0.014349801535898266,0,0.015122862130623834,-2.1504555502201844e-05,2,47.87605473836576
30.453,0.1721655,-0.3248091,9.7866522,-0.01430688182034423,0,0.002682482222127487,0.0,2,47.876054566329316
30.468,0.17510850000000003,-0.39818790000000004,9.7866522,-0.014210679372570922,0,0.006413496518220298,0.0,2,47.876054566329316
30.484,0.17510850000000003,-0.315882,9.774684,-0.014409700811688353,0,-0.012438839944838017,-0.00019360277277308963,2,47.87605301750713
30.5,0.205029,-0.315882,9.830012400000001,-0.013509349203999932,0,0.05627197548053251,0.0,2,47.87605146868495
30.515,0.16166880000000003,-0.41309910000000005,9.7701714,-0.013744028760978466,0,-0.015645303798568357,-0.00012135550763591602,2,47.87605055851864
30.531,0.19011780000000003,-0.41309910000000005,9.8076456,-0.013230078169563342,0,0.03212191196344881,0.0,2,47.87604958767458
30.546,0.19011780000000003,-0.41309910000000005,9.8076456,-0.012726205040726413,0,0.03359154192246067,-3.182048715740654e-05,2,47.876049349020924
30.562,0.1646118,-0.3053853,9.830012400000001,-0.011880252790845702,0,0.05287201561753848,0.0,2,47.876049094457024
30.578,0.1362609,-0.3367773,9.8091171,-0.011448729156024129,0,0.026970227176351308,0.0,2,47.876049094457024
30.609,0.21101310000000004,-0.3202965,9.7926363,-0.011333461106262988,0,0.0037183241858429867,-0.0002684279544504162,2,47.87604493382373
30.64,0.21101310000000004,-0.35178660000000006,9.7612443,-0.011814270576484986,0,-0.01550998291038766,-0.00012721779553299603,2,47.8760388013146
30.656,0.1661814,-0.35178660000000006,9.856989900000002,-0.010426732698983088,0,0.08672111734387822,0.0,2,47.87603778357224
30.671,0.1571562,-0.3847482,9.856989900000002,-0.009045174955701896,0,0.09210384955207598,0.0,2,47.87603778357224
30.687,0.1571562,-0.31136939999999996,9.7417224,-0.010000190181628454,0,-0.05968845162040324,-0.00010354805024552147,2,47.876036955187836
30.703,0.20355750000000003,-0.31136939999999996,9.7926363,-0.009922058236643494,0,0.004883246561560566,0.0,2,47.876036126803434
30.734,0.1482291,-0.3487455,9.866015100000002,-0.008402515421266799,0,0.049017510173438056,-4.6956929289309474e-05,2,47.876035398971034
30.75,0.13469129999999999,-0.33824879999999996,9.716314500000001,-0.009857010152522605,0,-0.09090592070349791,0.0,2,47.8760350233156
30.765,0.2290635,-0.33824879999999996,9.7536906,-0.010516154651901033,0,-0.04394296662522686,0.0,2,47.8760350233156
30.781,0.19011780000000003,-0.3532581,9.7536906,-0.011168346504740967,0,-0.04076199080250036,-1.93078791659064e-05,2,47.87603486885257
30.796,0.19011780000000003,-0.39220380000000005,9.821085300000002,-0.010458438776000278,0,0.04732718191604411,0.0,2,47.87603472404348
30.812,0.1586277,-0.39220380000000005,9.776155500000002,-0.01065355963399739,0,-0.012195053624818064,0.0,2,47.87603472404348
30.828,0.16166880000000003,-0.2934171,9.776155500000002,-0.01091174942735762,0,-0.01613686208501619,-2.2927228542291705e-05,2,47.87603454062565
30.843,0.16166880000000003,-0.3262806,9.803133,-0.010615861428439288,0,0.019725866594554695,0.0,2,47.87603436867144
30.875,0.1721655,-0.29783160000000003,9.7582032,-0.011220450252446668,0,-0.018893400750230587,-3.3765296854951915e-05,2,47.87603382842669
30.89,0.1721655,-0.3622833,9.774684,-0.011447590094697091,0,-0.015142656150027653,0.0,2,47.876033575186966
30.906,0.1915893,-0.33824879999999996,9.7851807,-0.011474413641801462,0,-0.0016764716940233695,0.0,2,47.876033575186966
30.937,0.1482291,-0.3532581,9.7956774,-0.01129941148766278,0,0.005645230778666715,-0.00024014591885723052,2,47.87602985292522
30.953,0.1482291,-0.32932170000000005,9.7911648,-0.011232603458550372,0,0.004175501819525989,0.0,2,47.87602793175787
30.968,0.2080701,-0.32932170000000005,9.7732125,-0.011497499113625409,0,-0.01765971033833513,-9.087780771823914e-05,2,47.87602725017431
30.984,0.23799060000000002,-0.3307932,9.7732125,-0.01174284996170627,0,-0.015334428005052086,0.0,2,47.87602652315185
31.0,0.23799060000000002,-0.3173535,9.827069400000001,-0.01093696725685156,0,0.05036766905342493,0.0,2,47.87602652315185
31.015,0.1526436,-0.3173535,9.7582032,-0.011529568258799472,0,-0.03950673346319265,-0.0001267381544367424,2,47.87602557261569
31.031,0.1497006,-0.33530580000000004,9.7582032,-0.012099679356117221,0,-0.035631943582363254,0.0,2,47.876024558710455
31.062,0.1497006,-0.3817071,9.7567317,-0.01265403965465417,0,-0.017882590275384087,-0.0001994547800230409,2,47.876021467161365
31.078,0.1377324,-0.3652263,9.7926363,-0.012509892028523595,0,0.009009226633161942,0.0,2,47.87601987152313
31.093,0.1930608,-0.3652263,9.7612443,-0.01296524355243811,0,-0.030356768260966557,-9.182975034565874e-05,2,47.8760191828
31.109,0.2006145,-0.315882,9.7612443,-0.013442410610633004,0,-0.029822941137177532,0.0,2,47.876018448162
31.125,0.2006145,-0.35178660000000006,9.8016615,-0.013094347673396456,0,0.021753933577286676,-1.5385049922461702e-05,2,47.8760183250816
31.14,0.1930608,-0.35178660000000006,9.7926363,-0.012932897829236012,0,0.010763322944029189,0.0,2,47.876018209693726
31.156,0.24103170000000002,-0.35178660000000006,9.7926363,-0.012753784472950613,0,0.011194584767838646,0.0,2,47.876018209693726
31.171,0.24103170000000002,-0.3202965,9.8644455,-0.01119249869152128,0,0.10408571876195162,-9.567997334322675e-05,2,47.87601749209392
31.187,0.2006145,-0.4460607,9.774684,-0.011341708256532357,0,-0.009325597813191266,0.0,2,47.876016726654136
31.203,0.1646118,-0.3083283,9.8076456,-0.010959389876157744,0,0.023894898773415964,0.0,2,47.876016726654136
31.218,0.1646118,-0.3218661,9.8151012,-0.010429956229922155,0,0.03529557641570457,-0.00011478250978478113,2,47.87601586578531
31.25,0.1631403,-0.3218661,9.7986204,-0.010234319449008211,0,0.006113649403560734,0.0,2,47.87601402926516
31.265,0.1661814,-0.3039138,9.7986204,-0.010052750244462061,0,0.012104613636409564,-9.756394334869967e-05,2,47.87601329753558
31.281,0.1661814,-0.34580249999999996,9.803133,-0.009759115012267117,0,0.01835220201218604,0.0,2,47.87601251702403
31.296,0.19757340000000004,-0.34580249999999996,9.8016615,-0.009488655654852352,0,0.018030623827650326,0.0,2,47.87601251702403
31.312,0.2065986,-0.3218661,9.8016615,-0.009235826339297759,0,0.015801832222160257,-5.021300135913884e-05,2,47.876012115320016
31.328,0.2065986,-0.3143124,9.788123700000002,-0.009258009033429104,0,-0.0013864183832092286,0.0,2,47.876011713616
31.343,0.173637,-0.3143124,9.7536906,-0.009967004676777691,0,-0.04726637622323732,0.0,2,47.876011713616
31.359,0.2140542,-0.36375480000000004,9.7536906,-0.010612690286388116,0,-0.04035535060064702,-6.988846872835186e-06,2,47.87601165770523
31.375,0.1586277,-0.3098979,9.7851807,-0.010685839684164478,0,-0.004571837361023128,0.0,2,47.87601160179445
31.39,0.1586277,-0.3098979,9.8151012,-0.010171248133280741,0,0.03430610339224778,0.0,2,47.87601160179445
31.406,0.20355750000000003,-0.3098979,9.866015100000002,-0.008652899243925205,0,0.09489680558473147,0.0,2,47.87601160179445
31.421,0.20954160000000002,-0.3218661,9.866015100000002,-0.007154359231600793,0,0.09990266748829034,-0.00010295286285216462,2,47.87601082964798
31.437,0.20954160000000002,-0.35178660000000006,9.771642900000002,-0.007514017725929634,0,-0.02247865589555002,0.0,2,47.876010006025076
31.468,0.16019730000000001,-0.3547296,9.8120601,-0.007090960422177162,0,0.013647009798467367,0.0,2,47.876010006025076
31.484,0.16019730000000001,-0.3023442,9.777627,-0.007385314170901935,0,-0.018397109295296307,-6.248723655271488e-05,2,47.87600950612718
31.5,0.1302768,-0.3023442,9.7672284,-0.007886384162683058,0,-0.031316874486323594,0.0,2,47.87600900622929
31.515,0.1571562,-0.3173535,9.7672284,-0.00836054849183121,0,-0.03161095527654229,0.0,2,47.87600900622929
31.531,0.1571562,-0.3248091,9.788123700000002,-0.008411179941832714,0,-0.0031644656250943305,0.0,2,47.87600900622929
31.546,0.1571562,-0.35777070000000005,9.8240283,-0.007734846547574392,0,0.045088892950553065,-6.178184427009514e-05,2,47.876008542865456
31.562,0.17069399999999998,-0.35777070000000005,9.8091171,-0.007359487238462137,0,0.023459956819513333,0.0,2,47.8760080486107
31.578,0.16765290000000002,-0.30685680000000004,9.8091171,-0.007026311900876436,0,0.020823458599108575,0.0,2,47.8760080486107
31.593,0.16765290000000002,-0.3547296,9.818044200000001,-0.006493135441319353,0,0.035545097303804195,0.0,2,47.8760080486107
31.609,0.16912439999999998,-0.3547296,9.7821396,-0.006673365378141227,0,-0.011264371051365867,-4.3507692952665655e-06,2,47.876008013804544
31.625,0.18864630000000002,-0.315882,9.7821396,-0.006869156686894584,0,-0.012236956797086156,0.0,2,47.87600797899839
31.64,0.18864630000000002,-0.3218661,9.8046045,-0.006617117881596357,0,0.01680258701988116,0.0,2,47.87600797899839
31.671,0.16912439999999998,-0.3218661,9.7851807,-0.006757596658223619,0,-0.004531573439589269,0.0,2,47.87600797899839
31.687,0.2274939,-0.3262806,9.7851807,-0.006869279214171797,0,-0.006980159746760357,-3.016108742560572e-05,2,47.876007737709685
31.703,0.17510850000000003,-0.3817071,9.7701714,-0.00725463114642011,0,-0.024084495765522174,0.0,2,47.87600749642098
31.734,0.1781496,-0.3817071,9.8105886,-0.006839588541353692,0,0.013388471131173755,0.0,2,47.87600749642098
31.75,0.18266220000000002,-0.34128990000000003,9.777627,-0.007106036851105557,0,-0.01665301935949343,0.0,2,47.87600749642098
31.765,0.1781496,-0.34128990000000003,9.834525,-0.006254103755175322,0,0.05679553972868019,-7.337883315760782e-05,2,47.876006946079734
31.796,0.17510850000000003,-0.3248091,9.771642900000002,-0.006662990811040714,0,-0.01318990502791639,0.0,2,47.87600580870782
31.812,0.17510850000000003,-0.3248091,9.771642900000002,-0.007063860473653705,0,-0.025054353913309096,0.0,2,47.87600580870782
